 frequency              onoise_spectrum        inoise_spectrum        onoise_m.xdut.m1       onoise_m.xdut.m2       onoise_r.xdut.re       onoise_r.xdut.rl       onoise_m.xdut.m1_1overf onoise_m.xdut.m2_1overf onoise_m.xdut.m1_id    onoise_m.xdut.m2_id   
 1.000000000000000e+00  2.504794380810957e-08  1.287949226533023e-06  2.503121962240463e-08  9.080829486691703e-11  2.200625976962948e-11  9.103860759447361e-10  2.503101092184183e-08  9.080752703442079e-11  1.022155354602580e-10  3.734307564834449e-13 
 1.023292992280754e+00  2.476160834398731e-08  1.273226040375689e-06  2.474469442635930e-08  8.976883859152135e-11  2.200625976962948e-11  9.103860759447361e-10  2.474448330917838e-08  8.976806186802032e-11  1.022155354602580e-10  3.734307564834449e-13 
 1.047128548050899e+00  2.447855499807323e-08  1.258671618634308e-06  2.446144911275670e-08  8.874128107844313e-11  2.200625976962948e-11  9.103860759447361e-10  2.446123555097526e-08  8.874049536098703e-11  1.022155354602580e-10  3.734307564834449e-13 
 1.071519305237606e+00  2.419874625173685e-08  1.244284032124934e-06  2.418144613773727e-08  8.772548612604694e-11  2.200625976962948e-11  9.103860759447361e-10  2.418123010304893e-08  8.772469131049346e-11  1.022155354602580e-10  3.734307564834449e-13 
 1.096478196143185e+00  2.392214501640827e-08  1.230061373777059e-06  2.390464838720995e-08  8.672131909181197e-11  2.200625976962948e-11  9.103860759447361e-10  2.390442985098054e-08  8.672051507281299e-11  1.022155354602580e-10  3.734307564834449e-13 
 1.122018454301963e+00  2.364871462866189e-08  1.216001758380822e-06  2.363101917193266e-08  8.572864687448538e-11  2.200625976962948e-11  9.103860759447361e-10  2.363079810519652e-08  8.572783354547299e-11  1.022155354602580e-10  3.734307564834449e-13 
 1.148153621496882e+00  2.337841884535638e-08  1.202103322337112e-06  2.336052222264928e-08  8.474733789643984e-11  2.200625976962948e-11  9.103860759447361e-10  2.336029859610535e-08  8.474651514961225e-11  1.022155354602580e-10  3.734307564834449e-13 
 1.174897554939529e+00  2.311122183883045e-08  1.188364223410533e-06  2.309312168528214e-08  8.377726208623307e-11  2.200625976962948e-11  9.103860759447361e-10  2.309289546929009e-08  8.377642981254034e-11  1.022155354602580e-10  3.734307564834449e-13 
 1.202264434617413e+00  2.284708819215362e-08  1.174782640485206e-06  2.282878211617959e-08  8.281829086136707e-11  2.200625976962948e-11  9.103860759447361e-10  2.282855328075592e-08  8.281744895049659e-11  1.022155354602580e-10  3.734307564834449e-13 
 1.230268770812381e+00  2.258598289443143e-08  1.161356773323364e-06  2.256746847741805e-08  8.187029711124452e-11  2.200625976962948e-11  9.103860759447361e-10  2.256723699223207e-08  8.186944545160645e-11  1.022155354602580e-10  3.734307564834449e-13 
 1.258925411794167e+00  2.232787133616451e-08  1.148084842326717e-06  2.230914613215769e-08  8.093315518032052e-11  2.200625976962948e-11  9.103860759447361e-10  2.230891196652757e-08  8.093229365903300e-11  1.022155354602580e-10  3.734307564834449e-13 
 1.288249551693134e+00  2.207271930466075e-08  1.134965088300552e-06  2.205378084005141e-08  8.000674085144704e-11  2.200625976962948e-11  9.103860759447361e-10  2.205354396294004e-08  8.000586935432123e-11  1.022155354602580e-10  3.734307564834449e-13 
 1.318256738556407e+00  2.182049297950014e-08  1.121995772220535e-06  2.180133875270630e-08  7.909093132940805e-11  2.200625976962948e-11  9.103860759447361e-10  2.180109913271723e-08  7.909004974093298e-11  1.022155354602580e-10  3.734307564834449e-13 
 1.348962882591653e+00  2.157115892805156e-08  1.109175175002189e-06  2.155178640919706e-08  7.818560522464325e-11  2.200625976962948e-11  9.103860759447361e-10  2.155154401457032e-08  7.818471342797053e-11  1.022155354602580e-10  3.734307564834449e-13 
 1.380384264602885e+00  2.132468410104096e-08  1.096501597273010e-06  2.130509073163084e-08  7.729064253715786e-11  2.200625976962948e-11  9.103860759447361e-10  2.130484553023872e-08  7.728974041408619e-11  1.022155354602580e-10  3.734307564834449e-13 
 1.412537544622754e+00  2.108103582817031e-08  1.083973359147202e-06  2.106121902076271e-08  7.640592464061685e-11  2.200625976962948e-11  9.103860759447361e-10  2.106097098010554e-08  7.640501207157638e-11  1.022155354602580e-10  3.734307564834449e-13 
 1.445439770745927e+00  2.084018181378685e-08  1.071588800002985e-06  2.082013895166151e-08  7.553133426662111e-11  2.200625976962948e-11  9.103860759447361e-10  2.081988803886331e-08  7.553041113065759e-11  1.022155354602580e-10  3.734307564834449e-13 
 1.479108388168207e+00  2.060209013260190e-08  1.059346278262466e-06  2.058181856942516e-08  7.466675548916373e-11  2.200625976962948e-11  9.103860759447361e-10  2.058156475122931e-08  7.466582166392247e-11  1.022155354602580e-10  3.734307564834449e-13 
 1.513561248436208e+00  2.036672922545881e-08  1.047244171174022e-06  2.034622628494507e-08  7.381207370926400e-11  2.200625976962948e-11  9.103860759447361e-10  2.034596952770991e-08  7.381112907097366e-11  1.022155354602580e-10  3.734307564834449e-13 
 1.548816618912481e+00  2.013406789514936e-08  1.035280874597191e-06  2.011333087071905e-08  7.296717563977754e-11  2.200625976962948e-11  9.103860759447361e-10  2.011307114041341e-08  7.296622006323377e-11  1.022155354602580e-10  3.734307564834449e-13 
 1.584893192461113e+00  1.990407530227820e-08  1.023454802790018e-06  1.988310145671216e-08  7.213194929038018e-11  2.200625976962948e-11  9.103860759447361e-10  1.988283871891084e-08  7.213098264892895e-11  1.022155354602580e-10  3.734307564834449e-13 
 1.621810097358929e+00  1.967672096117466e-08  1.011764388198845e-06  1.965550752626489e-08  7.130628395272377e-11  2.200625976962948e-11  9.103860759447361e-10  1.965524174614412e-08  7.130530611824468e-11  1.022155354602580e-10  3.734307564834449e-13 
 1.659586907437560e+00  1.945197473585140e-08  1.000208081250504e-06  1.943051891204821e-08  7.049007018576186e-11  2.200625976962948e-11  9.103860759447361e-10  1.943025005438102e-08  7.048908102865113e-11  1.022155354602580e-10  3.734307564834449e-13 
 1.698243652461743e+00  1.922980683600945e-08  9.887843501469049e-07  1.920810579206493e-08  6.968319980124352e-11  2.200625976962948e-11  9.103860759447361e-10  1.920783382121651e-08  6.968219919039680e-11  1.022155354602580e-10  3.734307564834449e-13 
 1.737800828749374e+00  1.901018781308906e-08  9.774916806619677e-07  1.898823868569685e-08  6.888556584937296e-11  2.200625976962948e-11  9.103860759447361e-10  1.898796356561980e-08  6.888455365216800e-11  1.022155354602580e-10  3.734307564834449e-13 
 1.778279410038922e+00  1.879308855636572e-08  9.663285759408850e-07  1.877088844979709e-08  6.809706260463359e-11  2.200625976962948e-11  9.103860759447361e-10  1.877061014402665e-08  6.809603868691261e-11  1.022155354602580e-10  3.734307564834449e-13 
 1.819700858609982e+00  1.857848028909110e-08  9.552935563016902e-07  1.855602627482724e-08  6.731758555177411e-11  2.200625976962948e-11  9.103860759447361e-10  1.855574474647648e-08  6.731654977782609e-11  1.022155354602580e-10  3.734307564834449e-13 
 1.862087136662866e+00  1.836633456467811e-08  9.443851590390957e-07  1.834362368103866e-08  6.654703137195517e-11  2.200625976962948e-11  9.103860759447361e-10  1.834333889279356e-08  6.654598360449786e-11  1.022155354602580e-10  3.734307564834449e-13 
 1.905460717963246e+00  1.815662326292977e-08  9.336019382305856e-07  1.813365251469753e-08  6.578529792905458e-11  2.200625976962948e-11  9.103860759447361e-10  1.813336442881206e-08  6.578423802921627e-11  1.022155354602580e-10  3.734307564834449e-13 
 1.949844599758044e+00  1.794931858631133e-08  9.229424645447272e-07  1.792608494435309e-08  6.503228425612923e-11  2.200625976962948e-11  9.103860759447361e-10  1.792579352264421e-08  6.503121208343041e-11  1.022155354602580e-10  3.734307564834449e-13 
 1.995262314968878e+00  1.774439305626506e-08  9.124053250516839e-07  1.772089345714866e-08  6.428789054203215e-11  2.200625976962948e-11  9.103860759447361e-10  1.772059866099125e-08  6.428680595436687e-11  1.022155354602580e-10  3.734307564834449e-13 
 2.041737944669527e+00  1.754181950956739e-08  9.019891230358985e-07  1.751805085517476e-08  6.355201811818247e-11  2.200625976962948e-11  9.103860759447361e-10  1.751775264549650e-08  6.355092097179949e-11  1.022155354602580e-10  3.734307564834449e-13 
 2.089296130854037e+00  1.734157109472779e-08  8.916924778109267e-07  1.731753025186413e-08  6.282456944548713e-11  2.200625976962948e-11  9.103860759447361e-10  1.731722858914035e-08  6.282345959497094e-11  1.022155354602580e-10  3.734307564834449e-13 
 2.137962089502230e+00  1.714362126842890e-08  8.815140245363925e-07  1.711930506842789e-08  6.210544810141216e-11  2.200625976962948e-11  9.103860759447361e-10  1.711899991267631e-08  6.210432539966368e-11  1.022155354602580e-10  3.734307564834449e-13 
 2.187761623949550e+00  1.694794379200758e-08  8.714524140370441e-07  1.692334903033259e-08  6.139455876720198e-11  2.200625976962948e-11  9.103860759447361e-10  1.692304034110803e-08  6.139342306541906e-11  1.022155354602580e-10  3.734307564834449e-13 
 2.238721138568337e+00  1.675451272797625e-08  8.615063126238827e-07  1.672963616381755e-08  6.069180721524496e-11  2.200625976962948e-11  9.103860759447361e-10  1.672932390020656e-08  6.069065836290271e-11  1.022155354602580e-10  3.734307564834449e-13 
 2.290867652767770e+00  1.656330243658408e-08  8.516744019173455e-07  1.653814079245200e-08  5.999710029658369e-11  2.200625976962948e-11  9.103860759447361e-10  1.653782491306749e-08  5.999593814141449e-11  1.022155354602580e-10  3.734307564834449e-13 
 2.344228815319919e+00  1.637428757241777e-08  8.419553786725145e-07  1.634883753373181e-08  5.931034592856818e-11  2.200625976962948e-11  9.103860759447361e-10  1.634851799670748e-08  5.930917031654157e-11  1.022155354602580e-10  3.734307564834449e-13 
 2.398832919019488e+00  1.618744308104117e-08  8.323479546063308e-07  1.616170129571494e-08  5.863145308265039e-11  2.200625976962948e-11  9.103860759447361e-10  1.616137805869984e-08  5.863026385795263e-11  1.022155354602580e-10  3.734307564834449e-13 
 2.454708915685027e+00  1.600274419567349e-08  8.228508562267904e-07  1.597670727369565e-08  5.796033177231853e-11  2.200625976962948e-11  9.103860759447361e-10  1.597638029384848e-08  5.795912877733195e-11  1.022155354602580e-10  3.734307564834449e-13 
 2.511886431509577e+00  1.582016643390564e-08  8.134628246640995e-07  1.579383094691656e-08  5.729689304116937e-11  2.200625976962948e-11  9.103860759447361e-10  1.579350018090005e-08  5.729567611645154e-11  1.022155354602580e-10  3.734307564834449e-13 
 2.570395782768860e+00  1.563968559445416e-08  8.041826155037651e-07  1.561304807531853e-08  5.664104895111727e-11  2.200625976962948e-11  9.103860759447361e-10  1.561271347929367e-08  5.663981793537983e-11  1.022155354602580e-10  3.734307564834449e-13 
 2.630267991895378e+00  1.546127775395249e-08  7.950089986216021e-07  1.543433469632760e-08  5.599271257073798e-11  2.200625976962948e-11  9.103860759447361e-10  1.543399622594786e-08  5.599146730082532e-11  1.022155354602580e-10  3.734307564834449e-13 
 2.691534803926912e+00  1.528491926377894e-08  7.859407580206304e-07  1.525766712167885e-08  5.535179796374604e-11  2.200625976962948e-11  9.103860759447361e-10  1.525732473208427e-08  5.535053827461366e-11  1.022155354602580e-10  3.734307564834449e-13 
 2.754228703338163e+00  1.511058674692109e-08  7.769766916698456e-07  1.508302193427646e-08  5.471822017760400e-11  2.200625976962948e-11  9.103860759447361e-10  1.508267558008775e-08  5.471694590229668e-11  1.022155354602580e-10  3.734307564834449e-13 
 2.818382931264450e+00  1.493825709487616e-08  7.681156113448365e-07  1.491037598508988e-08  5.409189523226203e-11  2.200625976962948e-11  9.103860759447361e-10  1.491002562040239e-08  5.409060620189170e-11  1.022155354602580e-10  3.734307564834449e-13 
 2.884031503126602e+00  1.476790746458692e-08  7.593563424702323e-07  1.473970639008540e-08  5.347274010902650e-11  2.200625976962948e-11  9.103860759447361e-10  1.473935196846303e-08  5.347143615274985e-11  1.022155354602580e-10  3.734307564834449e-13 
 2.951209226666381e+00  1.459951527541277e-08  7.506977239639566e-07  1.457099052719290e-08  5.286067273955588e-11  2.200625976962948e-11  9.103860759447361e-10  1.457063200166197e-08  5.285935368455179e-11  1.022155354602580e-10  3.734307564834449e-13 
 3.019951720402012e+00  1.443305820613553e-08  7.421386080832681e-07  1.440420603330736e-08  5.225561199498273e-11  2.200625976962948e-11  9.103860759447361e-10  1.440384335635037e-08  5.225427766642933e-11  1.022155354602580e-10  3.734307564834449e-13 
 3.090295432513586e+00  1.426851419199960e-08  7.336778602725677e-07  1.423933080132458e-08  5.165747767516012e-11  2.200625976962948e-11  9.103860759447361e-10  1.423896392487394e-08  5.165612789621167e-11  1.022155354602580e-10  3.734307564834449e-13 
 3.162277660168374e+00  1.410586142178607e-08  7.253143590129499e-07  1.407634297721100e-08  5.106619049803120e-11  2.200625976962948e-11  9.103860759447361e-10  1.407597185264265e-08  5.106482508979468e-11  1.022155354602580e-10  3.734307564834449e-13 
 3.235936569296277e+00  1.394507833492043e-08  7.170469956734826e-07  1.391522095710690e-08  5.048167208912046e-11  2.200625976962948e-11  9.103860759447361e-10  1.391484553523386e-08  5.048029087063183e-11  1.022155354602580e-10  3.734307564834449e-13 
 3.311311214825905e+00  1.378614361861333e-08  7.088746743641900e-07  1.375594338446284e-08  4.990384497114521e-11  2.200625976962948e-11  9.103860759447361e-10  1.375556361552872e-08  4.990244775934551e-11  1.022155354602580e-10  3.734307564834449e-13 
 3.388441561392020e+00  1.362903620503431e-08  7.007963117907248e-07  1.359848914720891e-08  4.933263255374618e-11  2.200625976962948e-11  9.103860759447361e-10  1.359810498088130e-08  4.933121916345723e-11  1.022155354602580e-10  3.734307564834449e-13 
 3.467368504525310e+00  1.347373526851787e-08  6.928108371107053e-07  1.344283737495630e-08  4.876795912333541e-11  2.200625976962948e-11  9.103860759447361e-10  1.344244876032015e-08  4.876652936723533e-11  1.022155354602580e-10  3.734307564834449e-13 
 3.548133892335748e+00  1.332022022280152e-08  6.849171917917014e-07  1.328896743623102e-08  4.820974983306059e-11  2.200625976962948e-11  9.103860759447361e-10  1.328857432178181e-08  4.820830352165898e-11  1.022155354602580e-10  3.734307564834449e-13 
 3.630780547701007e+00  1.316847071829565e-08  6.771143294708501e-07  1.313685893573913e-08  4.765793069288412e-11  2.200625976962948e-11  9.103860759447361e-10  1.313646126937614e-08  4.765646763449698e-11  1.022155354602580e-10  3.734307564834449e-13 
 3.715352290971718e+00  1.301846663938464e-08  6.694012158160803e-07  1.298649171166343e-08  4.711242855977590e-11  2.200625976962948e-11  9.103860759447361e-10  1.298608944068281e-08  4.711094856050024e-11  1.022155354602580e-10  3.734307564834449e-13 
 3.801893963205605e+00  1.287018810175892e-08  6.617768283889311e-07  1.283784583299102e-08  4.657317112801820e-11  2.200625976962948e-11  9.103860759447361e-10  1.283743890407878e-08  4.657167399170637e-11  1.022155354602580e-10  3.734307564834449e-13 
 3.890451449942799e+00  1.272361544977768e-08  6.542401565089419e-07  1.269090159687146e-08  4.604008691962168e-11  2.200625976962948e-11  9.103860759447361e-10  1.269048995609646e-08  4.603857244785541e-11  1.022155354602580e-10  3.734307564834449e-13 
 3.981071705534965e+00  1.257872925386179e-08  6.467902011195989e-07  1.254563952600518e-08  4.551310527485103e-11  2.200625976962948e-11  9.103860759447361e-10  1.254522311881196e-08  4.551157326691514e-11  1.022155354602580e-10  3.734307564834449e-13 
 4.073802778041119e+00  1.243551030791665e-08  6.394259746558202e-07  1.240204036606178e-08  4.499215634285914e-11  2.200625976962948e-11  9.103860759447361e-10  1.240161913726334e-08  4.499060659571498e-11  1.022155354602580e-10  3.734307564834449e-13 
 4.168693834703346e+00  1.229393962678459e-08  6.321465009129593e-07  1.226008508312788e-08  4.447717107242835e-11  2.200625976962948e-11  9.103860759447361e-10  1.225965897689839e-08  4.447560338068692e-11  1.022155354602580e-10  3.734307564834449e-13 
 4.265795188015918e+00  1.215399844372651e-08  6.249508149173124e-07  1.211975486118423e-08  4.396808120281792e-11  2.200625976962948e-11  9.103860759447361e-10  1.211932382105162e-08  4.396649535871267e-11  1.022155354602580e-10  3.734307564834449e-13 
 4.365158322401651e+00  1.201566820793239e-08  6.178379627981101e-07  1.198103109961164e-08  4.346481925471601e-11  2.200625976962948e-11  9.103860759447361e-10  1.198059506845014e-08  4.346321504807535e-11  1.022155354602580e-10  3.734307564834449e-13 
 4.466835921509622e+00  1.187893058206032e-08  6.108070016609781e-07  1.184389541072548e-08  4.296731852129544e-11  2.200625976962948e-11  9.103860759447361e-10  1.184345433074804e-08  4.296569573951492e-11  1.022155354602580e-10  3.734307564834449e-13 
 4.570881896148741e+00  1.174376743980385e-08  6.038569994628482e-07  1.170832961733844e-08  4.247551305937178e-11  2.200625976962948e-11  9.103860759447361e-10  1.170788343008910e-08  4.247387148738593e-11  1.022155354602580e-10  3.734307564834449e-13 
 4.677351412871972e+00  1.161016086348713e-08  5.969870348883056e-07  1.157431575035113e-08  4.198933768066262e-11  2.200625976962948e-11  9.103860759447361e-10  1.157386439669728e-08  4.198767710091647e-11  1.022155354602580e-10  3.734307564834449e-13 
 4.786300923226373e+00  1.147809314168770e-08  5.901961972273521e-07  1.144183604637034e-08  4.150872794314692e-11  2.200625976962948e-11  9.103860759447361e-10  1.144137946649486e-08  4.150704813556727e-11  1.022155354602580e-10  3.734307564834449e-13 
 4.897788193684452e+00  1.134754676688652e-08  5.834835862545728e-07  1.131087294535446e-08  4.103362014252334e-11  2.200625976962948e-11  9.103860759447361e-10  1.131041107874785e-08  4.103192088448954e-11  1.022155354602580e-10  3.734307564834449e-13 
 5.011872336272712e+00  1.121850443314494e-08  5.768483121096881e-07  1.118140908828598e-08  4.056395130376626e-11  2.200625976962948e-11  9.103860759447361e-10  1.118094187373831e-08  4.056223237008082e-11  1.022155354602580e-10  3.734307564834449e-13 
 5.128613839913638e+00  1.109094903380835e-08  5.702894951794741e-07  1.105342731487051e-08  4.009965917277851e-11  2.200625976962948e-11  9.103860759447361e-10  1.105295469046336e-08  4.009792033563725e-11  1.022155354602580e-10  3.734307564834449e-13 
 5.248074602497715e+00  1.096486365923606e-08  5.638062659810388e-07  1.092691066126225e-08  3.964068220813967e-11  2.200625976962948e-11  9.103860759447361e-10  1.092643256436048e-08  3.963892323710161e-11  1.022155354602580e-10  3.734307564834449e-13 
 5.370317963702516e+00  1.084023159455735e-08  5.573977650464353e-07  1.080184235781543e-08  3.918695957294885e-11  2.200625976962948e-11  9.103860759447361e-10  1.080135872505891e-08  3.918518023490564e-11  1.022155354602580e-10  3.734307564834449e-13 
 5.495408738576233e+00  1.071703631745308e-08  5.510631428085976e-07  1.067820582686151e-08  3.873843112676072e-11  2.200625976962948e-11  9.103860759447361e-10  1.067771659415671e-08  3.873663118590588e-11  1.022155354602580e-10  3.734307564834449e-13 
 5.623413251903478e+00  1.059526149596290e-08  5.448015594885850e-07  1.055598468051182e-08  3.829503741761409e-11  2.200625976962948e-11  9.103860759447361e-10  1.055548978302337e-08  3.829321663541175e-11  1.022155354602580e-10  3.734307564834449e-13 
 5.754399373371556e+00  1.047489098631745e-08  5.386121849841177e-07  1.043516271848537e-08  3.785671967415150e-11  2.200625976962948e-11  9.103860759447361e-10  1.043466209062745e-08  3.785487780930485e-11  1.022155354602580e-10  3.734307564834449e-13 
 5.888436553555876e+00  1.035590883079549e-08  5.324941987593911e-07  1.031572392596155e-08  3.742341979782921e-11  2.200625976962948e-11  9.103860759447361e-10  1.031521750138921e-08  3.742155660624859e-11  1.022155354602580e-10  3.734307564834449e-13 
 6.025595860743564e+00  1.023829925560556e-08  5.264467897361518e-07  1.019765247145733e-08  3.699508035521630e-11  2.200625976962948e-11  9.103860759447361e-10  1.019714018305772e-08  3.699319558998687e-11  1.022155354602580e-10  3.734307564834449e-13 
 6.165950018614807e+00  1.012204666879190e-08  5.204691561860222e-07  1.008093270472884e-08  3.657164457038188e-11  2.200625976962948e-11  9.103860759447361e-10  1.008041448461233e-08  3.656973798173093e-11  1.022155354602580e-10  3.734307564834449e-13 
 6.309573444801917e+00  1.000713565816439e-08  5.145605056240581e-07  9.965549154696946e-09  3.615305631736952e-11  2.200625976962948e-11  9.103860759447361e-10  9.965024934188152e-09  3.615112765263352e-11  1.022155354602580e-10  3.734307564834449e-13 
 6.456542290346539e+00  9.893550989252178e-09  5.087200547035267e-07  9.851486527396574e-09  3.573926011275782e-11  2.200625976962948e-11  9.103860759447361e-10  9.850956237025255e-09  3.573730911634891e-11  1.022155354602580e-10  3.734307564834449e-13 
 6.606934480075944e+00  9.781277603280770e-09  5.029470291118891e-07  9.738729703949511e-09  3.533020110830617e-11  2.200625976962948e-11  9.103860759447361e-10  9.738193273441389e-09  3.532822752167833e-11  1.022155354602580e-10  3.734307564834449e-13 
 6.760829753919801e+00  9.670300615172266e-09  4.972406634679741e-07  9.627263738560413e-09  3.492582508368462e-11  2.200625976962948e-11  9.103860759447361e-10  9.626721096827871e-09  3.492382864529956e-11  1.022155354602580e-10  3.734307564834449e-13 
 6.918309709189348e+00  9.560605311568498e-09  4.916002012203289e-07  9.517073856535751e-09  3.452607843928705e-11  2.200625976962948e-11  9.103860759447361e-10  9.516524931668432e-09  3.452405888457953e-11  1.022155354602580e-10  3.734307564834449e-13 
 7.079457843841362e+00  9.452177148876808e-09  4.860248945467351e-07  9.408145452325448e-09  3.413090818912662e-11  2.200625976962948e-11  9.103860759447361e-10  9.407590171580742e-09  3.412886525046948e-11  1.022155354602580e-10  3.734307564834449e-13 
 7.244359600749883e+00  9.345001751338190e-09  4.805140042548723e-07  9.300464087586920e-09  3.374026195381250e-11  2.200625976962948e-11  9.103860759447361e-10  9.299902377380345e-09  3.373819536048126e-11  1.022155354602580e-10  3.734307564834449e-13 
 7.413102413009157e+00  9.239064909117529e-09  4.750667996841213e-07  9.194015489271300e-09  3.335408795360705e-11  2.200625976962948e-11  9.103860759447361e-10  9.193447275166763e-09  3.335199743174413e-11  1.022155354602580e-10  3.734307564834449e-13 
 7.585775750291819e+00  9.134352576415718e-09  4.696825586084884e-07  9.088785547731551e-09  3.297233500156248e-11  2.200625976962948e-11  9.103860759447361e-10  9.088210754431506e-09  3.297022027414094e-11  1.022155354602580e-10  3.734307564834449e-13 
 7.762471166286898e+00  9.030850869603326e-09  4.643605671406416e-07  8.984760314852243e-09  3.259495249673604e-11  2.200625976962948e-11  9.103860759447361e-10  8.984178866187737e-09  3.259281328352297e-11  1.022155354602580e-10  3.734307564834449e-13 
 7.943282347242794e+00  8.928546065375665e-09  4.591001196370437e-07  8.881926002200766e-09  3.222189041748298e-11  2.200625976962948e-11  9.103860759447361e-10  8.881337821121358e-09  3.221972643500242e-11  1.022155354602580e-10  3.734307564834449e-13 
 8.128305161640972e+00  8.827424598928887e-09  4.539005186041698e-07  8.780268979199655e-09  3.185309931482615e-11  2.200625976962948e-11  9.103860759447361e-10  8.779673987763231e-09  3.185091027632162e-11  1.022155354602580e-10  3.734307564834449e-13 
 8.317637711026689e+00  8.727473062156988e-09  4.487610746057976e-07  8.679775771319900e-09  3.148853030590164e-11  2.200625976962948e-11  9.103860759447361e-10  8.679173890682368e-09  3.148631592129823e-11  1.022155354602580e-10  3.734307564834449e-13 
 8.511380382023743e+00  8.628678201869379e-09  4.436811061713560e-07  8.580433058294896e-09  3.112813506747943e-11  2.200625976962948e-11  9.103860759447361e-10  8.579824208699761e-09  3.112589504334541e-11  1.022155354602580e-10  3.734307564834449e-13 
 8.709635899560784e+00  8.531026918028817e-09  4.386599397053210e-07  8.482227672354857e-09  3.077186582955810e-11  2.200625976962948e-11  9.103860759447361e-10  8.481611773122670e-09  3.076959986906618e-11  1.022155354602580e-10  3.734307564834449e-13 
 8.912509381337431e+00  8.434506262009476e-09  4.336969093976467e-07  8.385146596481447e-09  3.041967536903308e-11  2.200625976962948e-11  9.103860759447361e-10  8.384523565999142e-09  3.041738317192112e-11  1.022155354602580e-10  3.734307564834449e-13 
 9.120108393559072e+00  8.339103434874893e-09  4.287913571352184e-07  8.289176962682378e-09  3.007151700343718e-11  2.200625976962948e-11  9.103860759447361e-10  8.288546718392485e-09  3.006919826596852e-11  1.022155354602580e-10  3.734307564834449e-13 
 9.332543007969884e+00  8.244805785675564e-09  4.239426324143159e-07  8.194306050285777e-09  2.972734458475296e-11  2.200625976962948e-11  9.103860759447361e-10  8.193668508675506e-09  2.972499899967624e-11  1.022155354602580e-10  3.734307564834449e-13 
 9.549925860214332e+00  8.151600809765965e-09  4.191500922540760e-07  8.100521284254078e-09  2.938711249329576e-11  2.200625976962948e-11  9.103860759447361e-10  8.099876360844276e-09  2.938473974980436e-11  1.022155354602580e-10  3.734307564834449e-13 
 9.772372209558078e+00  8.059476147140749e-09  4.144131011109408e-07  8.007810233517200e-09  2.905077563166695e-11  2.200625976962948e-11  9.103860759447361e-10  8.007157842851194e-09  2.904837541535786e-11  1.022155354602580e-10  3.734307564834449e-13 
 9.999999999999970e+00  7.968419580789932e-09  4.097310307940823e-07  7.916160609324835e-09  2.871828941877627e-11  2.200625976962948e-11  9.103860759447361e-10  7.915500664957126e-09  2.871586141160855e-11  1.022155354602580e-10  3.734307564834449e-13 
 1.023292992280751e+01  7.878419035072781e-09  4.051032603817891e-07  7.825560263617573e-09  2.838960978393262e-11  2.200625976962948e-11  9.103860759447361e-10  7.824892678102424e-09  2.838715366418541e-11  1.022155354602580e-10  3.734307564834449e-13 
 1.047128548050896e+01  7.789462574110266e-09  4.005291761388065e-07  7.735997187416707e-09  2.806469316100261e-11  2.200625976962948e-11  9.103860759447361e-10  7.735321872296573e-09  2.806220860323254e-11  1.022155354602580e-10  3.734307564834449e-13 
 1.071519305237603e+01  7.701538400195751e-09  3.960081714346163e-07  7.647459509232432e-09  2.774349648263583e-11  2.200625976962948e-11  9.103860759447361e-10  7.646776375026285e-09  2.774098315763410e-11  1.022155354602580e-10  3.734307564834449e-13 
 1.096478196143182e+01  7.614634852223818e-09  3.915396466626472e-07  7.559935493490307e-09  2.742597717455640e-11  2.200625976962948e-11  9.103860759447361e-10  7.559244449681801e-09  2.742343474930521e-11  1.022155354602580e-10  3.734307564834449e-13 
 1.122018454301960e+01  7.528740404136911e-09  3.871230091604026e-07  7.473413538975716e-09  2.711209314991970e-11  2.200625976962948e-11  9.103860759447361e-10  7.472714494001233e-09  2.710952128754831e-11  1.022155354602580e-10  3.734307564834450e-13 
 1.148153621496879e+01  7.443843663389659e-09  3.827576731304968e-07  7.387882177296126e-09  2.680180280373386e-11  2.200625976962948e-11  9.103860759447361e-10  7.387175038532681e-09  2.679920116347404e-11  1.022155354602580e-10  3.734307564834450e-13 
 1.174897554939526e+01  7.359933369430616e-09  3.784430595625872e-07  7.303330071360972e-09  2.649506500734505e-11  2.200625976962948e-11  9.103860759447361e-10  7.302614745113974e-09  2.649243324448610e-11  1.022155354602580e-10  3.734307564834450e-13 
 1.202264434617409e+01  7.276998392201242e-09  3.741785961561928e-07  7.219746013878935e-09  2.619183910298589e-11  2.200625976962948e-11  9.103860759447361e-10  7.219022405369811e-09  2.618917686882910e-11  1.022155354602580e-10  3.734307564834450e-13 
 1.230268770812378e+01  7.195027730651901e-09  3.699637172443880e-07  7.137118925872426e-09  2.589208489838635e-11  2.200625976962948e-11  9.103860759447361e-10  7.136386939226105e-09  2.588939184019892e-11  1.022155354602580e-10  3.734307564834450e-13 
 1.258925411794163e+01  7.114010511274677e-09  3.657978637183604e-07  7.055437855209077e-09  2.559576266144624e-11  2.200625976962948e-11  9.103860759447361e-10  7.054697393441326e-09  2.559303842241475e-11  1.022155354602580e-10  3.734307564834450e-13 
 1.288249551693130e+01  7.033935986652796e-09  3.616804829528239e-07  6.974691975150050e-09  2.530283311496880e-11  2.200625976962948e-11  9.103860759447361e-10  6.973942940154663e-09  2.530007733415204e-11  1.022155354602580e-10  3.734307564834450e-13 
 1.318256738556403e+01  6.954793534026471e-09  3.576110287322742e-07  6.894870582914953e-09  2.501325743145454e-11  2.200625976962948e-11  9.103860759447361e-10  6.894112875450803e-09  2.501046974373588e-11  1.022155354602580e-10  3.734307564834450e-13 
 1.348962882591649e+01  6.876572653874950e-09  3.535889611780798e-07  6.815963098263206e-09  2.472699722795467e-11  2.200625976962948e-11  9.103860759447361e-10  6.815196617941139e-09  2.472417726399384e-11  1.022155354602580e-10  3.734307564834450e-13 
 1.380384264602880e+01  6.799262968514589e-09  3.496137466763948e-07  6.737959062091641e-09  2.444401456098349e-11  2.200625976962948e-11  9.103860759447361e-10  6.737183707361217e-09  2.444116194716784e-11  1.022155354602580e-10  3.734307564834450e-13 
 1.412537544622749e+01  6.722854220712728e-09  3.456848578068859e-07  6.660848135048144e-09  2.416427192148903e-11  2.200625976962948e-11  9.103860759447361e-10  6.660063803184239e-09  2.416138627988418e-11  1.022155354602580e-10  3.734307564834450e-13 
 1.445439770745922e+01  6.647336272317215e-09  3.418017732722635e-07  6.584620096161200e-09  2.388773222988123e-11  2.200625976962948e-11  9.103860759447361e-10  6.583826683250441e-09  2.388481317818121e-11  1.022155354602580e-10  3.734307564834450e-13 
 1.479108388168202e+01  6.572699102901347e-09  3.379639778286049e-07  6.509264841485102e-09  2.361435883111709e-11  2.200625976962948e-11  9.103860759447361e-10  6.508462242412154e-09  2.361140598259387e-11  1.022155354602580e-10  3.734307564834450e-13 
 1.513561248436203e+01  6.498932808424064e-09  3.341709622164625e-07  6.434772382760681e-09  2.334411548984205e-11  2.200625976962948e-11  9.103860759447361e-10  6.433960491194373e-09  2.334112845329453e-11  1.022155354602580e-10  3.734307564834450e-13 
 1.548816618912476e+01  6.426027599905192e-09  3.304222230927461e-07  6.361132846091380e-09  2.307696638558707e-11  2.200625976962948e-11  9.103860759447361e-10  6.360311554470677e-09  2.307394476528944e-11  1.022155354602580e-10  3.734307564834450e-13 
 1.584893192461108e+01  6.353973802115568e-09  3.267172629633695e-07  6.288336470634467e-09  2.281287610802064e-11  2.200625976962948e-11  9.103860759447361e-10  6.287505670154272e-09  2.280981950367015e-11  1.022155354602580e-10  3.734307564834450e-13 
 1.621810097358924e+01  6.282761852281836e-09  3.230555901166518e-07  6.216373607307253e-09  2.255180965225514e-11  2.200625976962948e-11  9.103860759447361e-10  6.215533187904057e-09  2.254871765891933e-11  1.022155354602580e-10  3.734307564834450e-13 
 1.659586907437554e+01  6.212382298805747e-09  3.194367185574654e-07  6.145234717508105e-09  2.229373241420701e-11  2.200625976962948e-11  9.103860759447361e-10  6.144384567845464e-09  2.229060462227027e-11  1.022155354602580e-10  3.734307564834451e-13 
 1.698243652461738e+01  6.142825799997790e-09  3.158601679421191e-07  6.074910371852118e-09  2.203861018600999e-11  2.200625976962948e-11  9.103860759447361e-10  6.074050379305972e-09  2.203544618111954e-11  1.022155354602580e-10  3.734307564834451e-13 
 1.737800828749369e+01  6.074083122824948e-09  3.123254635139693e-07  6.005391248921259e-09  2.178640915148091e-11  2.200625976962948e-11  9.103860759447361e-10  6.004521299565072e-09  2.178320851449215e-11  1.022155354602580e-10  3.734307564834451e-13 
 1.778279410038916e+01  6.006145141672426e-09  3.088321360397486e-07  5.936668134028815e-09  2.153709588163733e-11  2.200625976962948e-11  9.103860759447361e-10  5.935788112618555e-09  2.153385818855859e-11  1.022155354602580e-10  3.734307564834451e-13 
 1.819700858609976e+01  5.939002837119166e-09  3.053797217466034e-07  5.868731917997999e-09  2.129063733026664e-11  2.200625976962948e-11  9.103860759447361e-10  5.867841707956942e-09  2.128736215220326e-11  1.022155354602580e-10  3.734307564834451e-13 
 1.862087136662860e+01  5.872647294726956e-09  3.019677622598308e-07  5.801573595954533e-09  2.104700082954575e-11  2.200625976962948e-11  9.103860759447361e-10  5.800673079357893e-09  2.104368773264353e-11  1.022155354602580e-10  3.734307564834451e-13 
 1.905460717963240e+01  5.807069703842991e-09  2.985958045413072e-07  5.735184266133058e-09  2.080615408571099e-11  2.200625976962948e-11  9.103860759447361e-10  5.734273323692441e-09  2.080280263109902e-11  1.022155354602580e-10  3.734307564834451e-13 
 1.949844599758038e+01  5.742261356415692e-09  2.952634008285981e-07  5.669555128697211e-09  2.056806517477763e-11  2.200625976962948e-11  9.103860759447361e-10  5.668633639744892e-09  2.056467491851044e-11  1.022155354602580e-10  3.734307564834451e-13 
 1.995262314968872e+01  5.678213645823624e-09  2.919701085747422e-07  5.604677484573220e-09  2.033270253830836e-11  2.200625976962948e-11  9.103860759447361e-10  5.603745327046240e-09  2.032927303130743e-11  1.022155354602580e-10  3.734307564834451e-13 
 2.041737944669521e+01  5.614918065717323e-09  2.887154903886987e-07  5.540542734296839e-09  2.010003497923026e-11  2.200625976962948e-11  9.103860759447361e-10  5.539599784720920e-09  2.009656576722481e-11  1.022155354602580e-10  3.734307564834451e-13 
 2.089296130854031e+01  5.552366208873896e-09  2.854991139764515e-07  5.477142376873500e-09  1.987003165769959e-11  2.200625976962948e-11  9.103860759447361e-10  5.476188510346778e-09  1.986652228116678e-11  1.022155354602580e-10  3.734307564834451e-13 
 2.137962089502224e+01  5.490549766064197e-09  2.823205520827604e-07  5.414468008651510e-09  1.964266208701409e-11  2.200625976962948e-11  9.103860759447361e-10  5.413503098828080e-09  1.963911208111845e-11  1.022155354602580e-10  3.734307564834451e-13 
 2.187761623949544e+01  5.429460524932443e-09  2.791793824335511e-07  5.352511322208154e-09  1.941789612957187e-11  2.200625976962948e-11  9.103860759447361e-10  5.351535241281427e-09  1.941430502410412e-11  1.022155354602580e-10  3.734307564834452e-13 
 2.238721138568331e+01  5.369090368888070e-09  2.760751876789360e-07  5.291264105248551e-09  1.919570399287681e-11  2.200625976962948e-11  9.103860759447361e-10  5.290276723934422e-09  1.919207131219189e-11  1.022155354602580e-10  3.734307564834452e-13 
 2.290867652767764e+01  5.309431276009705e-09  2.730075553368563e-07  5.230718239517119e-09  1.897605622558947e-11  2.200625976962948e-11  9.103860759447361e-10  5.229719427036945e-09  1.897238148854395e-11  1.022155354602580e-10  3.734307564834452e-13 
 2.344228815319913e+01  5.250475317961065e-09  2.699760777373387e-07  5.170865699721502e-09  1.875892371362342e-11  2.200625976962948e-11  9.103860759447361e-10  5.169855323784885e-09  1.875520643351214e-11  1.022155354602580e-10  3.734307564834452e-13 
 2.398832919019481e+01  5.192214658918639e-09  2.669803519673574e-07  5.111698552468833e-09  1.854427767628613e-11  2.200625976962948e-11  9.103860759447361e-10  5.110676479256199e-09  1.854051736077816e-11  1.022155354602580e-10  3.734307564834452e-13 
 2.454708915685020e+01  5.134641554510986e-09  2.640199798162935e-07  5.053208955214151e-09  1.833208966246413e-11  2.200625976962948e-11  9.103860759447361e-10  5.052175049359144e-09  1.832828581353795e-11  1.022155354602580e-10  3.734307564834452e-13 
 2.511886431509570e+01  5.077748350769490e-09  2.610945677219833e-07  4.995389155220890e-09  1.812233154685183e-11  2.200625976962948e-11  9.103860759447361e-10  4.994343279792555e-09  1.811848366072981e-11  1.022155354602580e-10  3.734307564834452e-13 
 2.570395782768853e+01  5.021527483090431e-09  2.582037267173490e-07  4.938231488533249e-09  1.791497552622350e-11  2.200625976962948e-11  9.103860759447361e-10  4.937173505018016e-09  1.791108309330563e-11  1.022155354602580e-10  3.734307564834452e-13 
 2.630267991895371e+01  4.965971475208194e-09  2.553470723776014e-07  4.881728378960342e-09  1.770999411574799e-11  2.200625976962948e-11  9.103860759447361e-10  4.880658147243805e-09  1.770605662054487e-11  1.022155354602580e-10  3.734307564834453e-13 
 2.691534803926904e+01  4.911072938179486e-09  2.525242247680093e-07  4.825872337071975e-09  1.750736014534563e-11  2.200625976962948e-11  9.103860759447361e-10  4.824789715420466e-09  1.750337706641061e-11  1.022155354602580e-10  3.734307564834453e-13 
 2.754228703338154e+01  4.856824569378387e-09  2.497348083922255e-07  4.770655959205928e-09  1.730704675608683e-11  2.200625976962948e-11  9.103860759447361e-10  4.769560804247872e-09  1.730301756594750e-11  1.022155354602580e-10  3.734307564834453e-13 
 2.818382931264442e+01  4.803219151502107e-09  2.469784521411634e-07  4.716071926486602e-09  1.710902739663193e-11  2.200625976962948e-11  9.103860759447361e-10  4.714964093193672e-09  1.710495156172078e-11  1.022155354602580e-10  3.734307564834454e-13 
 2.884031503126593e+01  4.750249551587267e-09  2.442547892424150e-07  4.662113003854902e-09  1.691327581971185e-11  2.200625976962948e-11  9.103860759447361e-10  4.660992345522951e-09  1.690915280029611e-11  1.022155354602580e-10  3.734307564834454e-13 
 2.951209226666373e+01  4.697908720036597e-09  2.415634572102043e-07  4.608772039109233e-09  1.671976607864904e-11  2.200625976962948e-11  9.103860759447361e-10  4.607638407339019e-09  1.671559532875977e-11  1.022155354602580e-10  3.734307564834454e-13 
 3.019951720402003e+01  4.646189689655859e-09  2.389040977958662e-07  4.556041961957476e-09  1.652847252391820e-11  2.200625976962948e-11  9.103860759447358e-10  4.554895206635154e-09  1.652425349127854e-11  1.022155354602579e-10  3.734307564834454e-13 
 3.090295432513577e+01  4.595085574700889e-09  2.362763569388463e-07  4.503915783079834e-09  1.633936979974648e-11  2.200625976962948e-11  9.103860759447359e-10  4.502755752357240e-09  1.633510192569913e-11  1.022155354602579e-10  3.734307564834454e-13 
 3.162277660168365e+01  4.544589569934568e-09  2.336798847182110e-07  4.452386593202379e-09  1.615243284075256e-11  2.200625976962948e-11  9.103860759447359e-10  4.451213133477082e-09  1.614811556018639e-11  1.022155354602579e-10  3.734307564834454e-13 
 3.235936569296268e+01  4.494694949693639e-09  2.311143353046636e-07  4.401447562181246e-09  1.596763686862426e-11  2.200625976962948e-11  9.103860759447359e-10  4.400260518076380e-09  1.596326960990013e-11  1.022155354602579e-10  3.734307564834455e-13 
 3.311311214825896e+01  4.445395066965151e-09  2.285793669130558e-07  4.351091938097289e-09  1.578495738883416e-11  2.200625976962948e-11  9.103860759447359e-10  4.349891152441150e-09  1.578053957370984e-11  1.022155354602579e-10  3.734307564834455e-13 
 3.388441561392010e+01  4.396683352472453e-09  2.260746417553902e-07  4.301313046361118e-09  1.560437018739284e-11  2.200625976962948e-11  9.103860759447359e-10  4.300098360166536e-09  1.559990123094715e-11  1.022155354602579e-10  3.734307564834456e-13 
 3.467368504525301e+01  4.348553313770572e-09  2.235998259943047e-07  4.252104288828383e-09  1.542585132763932e-11  2.200625976962948e-11  9.103860759447359e-10  4.250875541271858e-09  1.542133063819540e-11  1.022155354602579e-10  3.734307564834456e-13 
 3.548133892335738e+01  4.300998534350813e-09  2.211545896970325e-07  4.203459142925189e-09  1.524937714706831e-11  2.200625976962948e-11  9.103860759447359e-10  4.202216171325785e-09  1.524480412611593e-11  1.022155354602579e-10  3.734307564834456e-13 
 3.630780547700997e+01  4.254012672754488e-09  2.187386067898294e-07  4.155371160783524e-09  1.507492425419362e-11  2.200625976962948e-11  9.103860759447359e-10  4.154113800581538e-09  1.507029829631077e-11  1.022155354602579e-10  3.734307564834456e-13 
 3.715352290971708e+01  4.207589461695601e-09  2.163515550128642e-07  4.107833968386602e-09  1.490246952544776e-11  2.200625976962948e-11  9.103860759447359e-10  4.106562053121977e-09  1.489779001822121e-11  1.022155354602579e-10  3.734307564834457e-13 
 3.801893963205595e+01  4.161722707192357e-09  2.139931158755604e-07  4.060841264723975e-09  1.473199010211680e-11  2.200625976962948e-11  9.103860759447359e-10  4.059554626014483e-09  1.472725642606183e-11  1.022155354602579e-10  3.734307564834457e-13 
 3.890451449942788e+01  4.116406287707389e-09  2.116629746123875e-07  4.014386820956345e-09  1.456346338731047e-11  2.200625976962948e-11  9.103860759447359e-10  4.013085288475510e-09  1.455867491578971e-11  1.022155354602579e-10  3.734307564834458e-13 
 3.981071705534954e+01  4.071634153296515e-09  2.093608201390910e-07  3.968464479589917e-09  1.439686704296695e-11  2.200625976962948e-11  9.103860759447359e-10  3.967147881044699e-09  1.439202314210827e-11  1.022155354602579e-10  3.734307564834458e-13 
 4.073802778041109e+01  4.027400324765953e-09  2.070863450093566e-07  3.923068153660230e-09  1.423217898689194e-11  2.200625976962948e-11  9.103860759447359e-10  3.921736314768454e-09  1.422727901550542e-11  1.022155354602579e-10  3.734307564834458e-13 
 4.168693834703335e+01  3.983698892837814e-09  2.048392453719002e-07  3.878191825925322e-09  1.406937738983166e-11  2.200625976962948e-11  9.103860759447359e-10  3.876844570392855e-09  1.406442069932561e-11  1.022155354602579e-10  3.734307564834459e-13 
 4.265795188015907e+01  3.940524017323766e-09  2.026192209279786e-07  3.833829548068144e-09  1.390844067257936e-11  2.200625976962948e-11  9.103860759447359e-10  3.832466697565807e-09  1.390342660687544e-11  1.022155354602579e-10  3.734307564834460e-13 
 4.365158322401639e+01  3.897869926306738e-09  2.004259748893132e-07  3.789975439908105e-09  1.374934750311497e-11  2.200625976962948e-11  9.103860759447359e-10  3.788596814048336e-09  1.374427539856234e-11  1.022155354602579e-10  3.734307564834460e-13 
 4.466835921509610e+01  3.855730915330527e-09  1.982592139364199e-07  3.746623688621652e-09  1.359207679377756e-11  2.200625976962948e-11  9.103860759447359e-10  3.745229104934902e-09  1.358694597906604e-11  1.022155354602579e-10  3.734307564834460e-13 
 4.570881896148729e+01  3.814101346597190e-09  1.961186481773396e-07  3.703768547971776e-09  1.343660769847014e-11  2.200625976962948e-11  9.103860759447359e-10  3.702357821882635e-09  1.343141749454238e-11  1.022155354602579e-10  3.734307564834461e-13 
 4.677351412871960e+01  3.772975648172091e-09  1.940039911067625e-07  3.661404337546339e-09  1.328291960989647e-11  2.200625976962948e-11  9.103860759447359e-10  3.659977282349402e-09  1.327766932985922e-11  1.022155354602579e-10  3.734307564834462e-13 
 4.786300923226361e+01  3.732348313196479e-09  1.919149595655389e-07  3.619525442005136e-09  1.313099215682956e-11  2.200625976962948e-11  9.103860759447359e-10  3.618081868840595e-09  1.312568110586386e-11  1.022155354602579e-10  3.734307564834462e-13 
 4.897788193684438e+01  3.692213899107478e-09  1.898512737005719e-07  3.578126310335574e-09  1.298080520141145e-11  2.200625976962948e-11  9.103860759447359e-10  3.576666028164531e-09  1.297543267668183e-11  1.022155354602579e-10  3.734307564834463e-13 
 5.011872336272698e+01  3.652567026865360e-09  1.878126569250840e-07  3.537201455116875e-09  1.283233883648389e-11  2.200625976962948e-11  9.103860759447359e-10  3.535724270696389e-09  1.282690412704659e-11  1.022155354602579e-10  3.734307564834463e-13 
 5.128613839913623e+01  3.613402380187988e-09  1.857988358792531e-07  3.496745451792718e-09  1.268557338294965e-11  2.200625976962948e-11  9.103860759447359e-10  3.495251169650563e-09  1.268007576965977e-11  1.022155354602579e-10  3.734307564834465e-13 
 5.248074602497700e+01  3.574714704792307e-09  1.838095403912101e-07  3.456752937952202e-09  1.254048938716400e-11  2.200625976962947e-11  9.103860759447358e-10  3.455241360361350e-09  1.253492814258164e-11  1.022155354602579e-10  3.734307564834465e-13 
 5.370317963702501e+01  3.536498807642767e-09  1.818445034383932e-07  3.417218612619052e-09  1.239706761835611e-11  2.200625976962947e-11  9.103860759447359e-10  3.415689539571864e-09  1.239144200665144e-11  1.022155354602580e-10  3.734307564834465e-13 
 5.495408738576219e+01  3.498749556206562e-09  1.799034611092532e-07  3.378137235548967e-09  1.225528906607997e-11  2.200625976962947e-11  9.103860759447359e-10  3.376590464731100e-09  1.224959834293727e-11  1.022155354602580e-10  3.734307564834466e-13 
 5.623413251903463e+01  3.461461877715568e-09  1.779861525653024e-07  3.339503626535016e-09  1.211513493769455e-11  2.200625976962947e-11  9.103860759447359e-10  3.337938953299041e-09  1.210937835021515e-11  1.022155354602580e-10  3.734307564834467e-13 
 5.754399373371541e+01  3.424630758434877e-09  1.760923200035033e-07  3.301312664720991e-09  1.197658665587277e-11  2.200625976962947e-11  9.103860759447359e-10  3.299729882059710e-09  1.197076344247692e-11  1.022155354602580e-10  3.734307564834468e-13 
 5.888436553555861e+01  3.388251242937807e-09  1.742217086189901e-07  3.263559287922632e-09  1.183962585613906e-11  2.200625976962947e-11  9.103860759447359e-10  3.261958186442102e-09  1.183373524646672e-11  1.022155354602580e-10  3.734307564834469e-13 
 6.025595860743547e+01  3.352318433387276e-09  1.723740665681172e-07  3.226238491956615e-09  1.170423438443507e-11  2.200625976962947e-11  9.103860759447359e-10  3.224618859848876e-09  1.169827559924557e-11  1.022155354602580e-10  3.734307564834470e-13 
 6.165950018614791e+01  3.316827488823454e-09  1.705491449318310e-07  3.189345329977245e-09  1.157039429471335e-11  2.200625976962948e-11  9.103860759447359e-10  3.187706952992736e-09  1.156436654578397e-11  1.022155354602580e-10  3.734307564834471e-13 
 6.309573444801901e+01  3.281773624457558e-09  1.687466976793570e-07  3.152874911820735e-09  1.143808784655854e-11  2.200625976962948e-11  9.103860759447359e-10  3.151217573240410e-09  1.143199033658192e-11  1.022155354602580e-10  3.734307564834472e-13 
 6.456542290346522e+01  3.247152110971713e-09  1.669664816321995e-07  3.116822403357004e-09  1.130729750283582e-11  2.200625976962948e-11  9.103860759447359e-10  3.115145883964137e-09  1.130112942531628e-11  1.022155354602580e-10  3.734307564834473e-13 
 6.606934480075925e+01  3.212958273824760e-09  1.652082564284462e-07  3.081183025848897e-09  1.117800592736634e-11  2.200625976962948e-11  9.103860759447359e-10  3.079487103900573e-09  1.117176646651500e-11  1.022155354602580e-10  3.734307564834474e-13 
 6.760829753919782e+01  3.179187492563924e-09  1.634717844873750e-07  3.045952055318752e-09  1.105019598262920e-11  2.200625976962947e-11  9.103860759447357e-10  3.044236506517045e-09  1.104388431325802e-11  1.022155354602579e-10  3.734307564834475e-13 
 6.918309709189329e+01  3.145835200142238e-09  1.617568309743563e-07  3.011124821922222e-09  1.092385072748989e-11  2.200625976962947e-11  9.103860759447358e-10  3.009389419385054e-09  1.091746601490445e-11  1.022155354602580e-10  3.734307564834477e-13 
 7.079457843841342e+01  3.112896882241632e-09  1.600631637660463e-07  2.976696709329271e-09  1.079895341495463e-11  2.200625976962947e-11  9.103860759447358e-10  2.974941223560943e-09  1.079249481484575e-11  1.022155354602580e-10  3.734307564834478e-13 
 7.244359600749863e+01  3.080368076601587e-09  1.583905534158676e-07  2.942663154112259e-09  1.067548748995051e-11  2.200625976962947e-11  9.103860759447358e-10  2.940887352973670e-09  1.066895414828474e-11  1.022155354602580e-10  3.734307564834479e-13 
 7.413102413009136e+01  3.048244372353285e-09  1.567387731197708e-07  2.909019645141051e-09  1.055343658713107e-11  2.200625976962947e-11  9.103860759447358e-10  2.907223293819575e-09  1.054682764003987e-11  1.022155354602580e-10  3.734307564834481e-13 
 7.585775750291798e+01  3.016521409359135e-09  1.551075986822737e-07  2.875761722985042e-09  1.043278452870697e-11  2.200625976962947e-11  9.103860759447358e-10  2.873944583964080e-09  1.042609910237475e-11  1.022155354602580e-10  3.734307564834483e-13 
 7.762471166286876e+01  2.985194877557626e-09  1.534968084827743e-07  2.842884979322042e-09  1.031351532230157e-11  2.200625976962947e-11  9.103860759447358e-10  2.841046812350240e-09  1.030675253285250e-11  1.022155354602580e-10  3.734307564834484e-13 
 7.943282347242773e+01  2.954260516313397e-09  1.519061834421313e-07  2.810385056353934e-09  1.019561315883108e-11  2.200625976962947e-11  9.103860759447357e-10  2.808525618414061e-09  1.018877211221459e-11  1.022155354602579e-10  3.734307564834486e-13 
 8.128305161640949e+01  2.923714113772455e-09  1.503355069895103e-07  2.778257646229031e-09  1.007906241040897e-11  2.200625976962947e-11  9.103860759447358e-10  2.776376691506513e-09  1.007214220228405e-11  1.022155354602579e-10  3.734307564834487e-13 
 8.317637711026666e+01  2.893551506222476e-09  1.487845650294905e-07  2.746498490471039e-09  9.963847628274432e-12  2.200625976962948e-11  9.103860759447358e-10  2.744595770322156e-09  9.956847343892657e-12  1.022155354602579e-10  3.734307564834489e-13 
 8.511380382023719e+01  2.863768577458093e-09  1.472531459094286e-07  2.715103379414583e-09  9.849953540744530e-12  2.200625976962948e-11  9.103860759447358e-10  2.713178642334312e-09  9.842872254831813e-12  1.022155354602579e-10  3.734307564834491e-13 
 8.709635899560760e+01  2.834361258151119e-09  1.457410403870757e-07  2.684068151647188e-09  9.737365051189878e-12  2.200625976962948e-11  9.103860759447358e-10  2.682121143236696e-09  9.730201827826915e-12  1.022155354602579e-10  3.734307564834493e-13 
 8.912509381337408e+01  2.805325525225633e-09  1.442480415984450e-07  2.653388693457658e-09  9.626067236033483e-12  2.200625976962947e-11  9.103860759447356e-10  2.651419156391443e-09  9.618821128534905e-12  1.022155354602579e-10  3.734307564834496e-13 
 9.120108393559049e+01  2.776657401237861e-09  1.427739450259251e-07  2.623060938290783e-09  9.516045342772530e-12  2.200625976962947e-11  9.103860759447357e-10  2.621068612283451e-09  9.508715393564736e-12  1.022155354602579e-10  3.734307564834498e-13 
 9.332543007969861e+01  2.748352953760796e-09  1.413185484666384e-07  2.593080866208285e-09  9.407284788022830e-12  2.200625976962947e-11  9.103860759447357e-10  2.591065487980974e-09  9.399870028520496e-12  1.022155354602579e-10  3.734307564834500e-13 
 9.549925860214309e+01  2.720408294773503e-09  1.398816520010387e-07  2.563444503355949e-09  9.299771155585694e-12  2.200625976962947e-11  9.103860759447357e-10  2.561405806602383e-09  9.292270606066951e-12  1.022155354602579e-10  3.734307564834503e-13 
 9.772372209558054e+01  2.692819580055047e-09  1.384630579617478e-07  2.534147921436864e-09  9.193490194536960e-12  2.200625976962947e-11  9.103860759447357e-10  2.532085636789038e-09  9.185902864017200e-12  1.022155354602579e-10  3.734307564834505e-13 
 9.999999999999946e+01  2.665583008583001e-09  1.370625709026274e-07  2.505187237190687e-09  9.088427817337909e-12  2.200625976962946e-11  9.103860759447354e-10  2.503101092184189e-09  9.080752703442248e-12  1.022155354602579e-10  3.734307564834507e-13 
 1.023292992280749e+02  2.638694821936496e-09  1.356799975680837e-07  2.476558611878897e-09  8.984570097967856e-12  2.200625976962946e-11  9.103860759447356e-10  2.474448330917843e-09  8.976806186802205e-12  1.022155354602579e-10  3.734307564834510e-13 
 1.047128548050894e+02  2.612151303703753e-09  1.343151468626035e-07  2.448258250775929e-09  8.881903270078129e-12  2.200625976962946e-11  9.103860759447356e-10  2.446123555097531e-09  8.874049536098880e-12  1.022155354602579e-10  3.734307564834513e-13 
 1.071519305237600e+02  2.585948778894070e-09  1.329678298205190e-07  2.420282402666153e-09  8.780413725167208e-12  2.200625976962946e-11  9.103860759447354e-10  2.418123010304898e-09  8.772469131049529e-12  1.022155354602579e-10  3.734307564834516e-13 
 1.096478196143179e+02  2.560083613354245e-09  1.316378595760000e-07  2.392627359346613e-09  8.680088010776785e-12  2.200625976962946e-11  9.103860759447354e-10  2.390442985098059e-09  8.672051507281486e-12  1.022155354602579e-10  3.734307564834519e-13 
 1.122018454301957e+02  2.534552213189368e-09  1.303250513332727e-07  2.365289455135470e-09  8.580912828708514e-12  2.200625976962947e-11  9.103860759447354e-10  2.363079810519658e-09  8.572783354547492e-12  1.022155354602579e-10  3.734307564834523e-13 
 1.148153621496876e+02  2.509351024188007e-09  1.290292223370616e-07  2.338265066386073e-09  8.482875033261175e-12  2.200625976962946e-11  9.103860759447354e-10  2.336029859610540e-09  8.474651514961425e-12  1.022155354602579e-10  3.734307564834526e-13 
 1.174897554939523e+02  2.484476531251722e-09  1.277501918432565e-07  2.311550611006611e-09  8.385961629488072e-12  2.200625976962946e-11  9.103860759447354e-10  2.309289546929014e-09  8.377642981254240e-12  1.022155354602579e-10  3.734307564834530e-13 
 1.202264434617406e+02  2.459925257828926e-09  1.264877810898015e-07  2.285142547985260e-09  8.290159771474395e-12  2.200625976962946e-11  9.103860759447354e-10  2.282855328075597e-09  8.281744895049870e-12  1.022155354602579e-10  3.734307564834534e-13 
 1.230268770812374e+02  2.435693765353055e-09  1.252418132678068e-07  2.259037376920782e-09  8.195456760634335e-12  2.200625976962946e-11  9.103860759447353e-10  2.256723699223212e-09  8.186944545160864e-12  1.022155354602579e-10  3.734307564834538e-13 
 1.258925411794160e+02  2.411778652685072e-09  1.240121134928812e-07  2.233231637558500e-09  8.101840044027715e-12  2.200625976962946e-11  9.103860759447354e-10  2.230891196652762e-09  8.093229365903526e-12  1.022155354602579e-10  3.734307564834542e-13 
 1.288249551693126e+02  2.388176555560263e-09  1.227985087766884e-07  2.207721909331594e-09  8.009297212695922e-12  2.200625976962946e-11  9.103860759447354e-10  2.205354396294009e-09  8.000586935432354e-12  1.022155354602579e-10  3.734307564834547e-13 
 1.318256738556399e+02  2.364884146039378e-09  1.216008279987237e-07  2.182504810907661e-09  7.917816000016933e-12  2.200625976962946e-11  9.103860759447352e-10  2.180109913271727e-09  7.909004974093539e-12  1.022155354602579e-10  3.734307564834551e-13 
 1.348962882591645e+02  2.341898131964078e-09  1.204189018783140e-07  2.157576999740465e-09  7.827384280079165e-12  2.200625976962946e-11  9.103860759447352e-10  2.155154401457037e-09  7.818471342797300e-12  1.022155354602579e-10  3.734307564834556e-13 
 1.380384264602876e+02  2.319215256416734e-09  1.192525629468409e-07  2.132935171626829e-09  7.737990066074007e-12  2.200625976962946e-11  9.103860759447352e-10  2.130484553023876e-09  7.728974041408874e-12  1.022155354602579e-10  3.734307564834561e-13 
 1.412537544622746e+02  2.296832297184592e-09  1.181016455201888e-07  2.108576060268617e-09  7.649621508706765e-12  2.200625976962946e-11  9.103860759447352e-10  2.106097098010558e-09  7.640501207157902e-12  1.022155354602579e-10  3.734307564834567e-13 
 1.445439770745919e+02  2.274746066228309e-09  1.169659856714165e-07  2.084496436839717e-09  7.562266894626119e-12  2.200625976962945e-11  9.103860759447351e-10  2.081988803886335e-09  7.553041113066334e-12  1.022155354602579e-10  3.734307564834722e-13 
 1.479108388168198e+02  2.252953409154919e-09  1.158454212036583e-07  2.060693109558017e-09  7.475914644870099e-12  2.200625976962945e-11  9.103860759447352e-10  2.058156475122935e-09  7.466582166392827e-12  1.022155354602579e-10  3.734307564834728e-13 
 1.513561248436199e+02  2.231451204695236e-09  1.147397916232519e-07  2.037162923262261e-09  7.390553313332892e-12  2.200625976962945e-11  9.103860759447350e-10  2.034596952770994e-09  7.381112907097952e-12  1.022155354602579e-10  3.734307564834734e-13 
 1.548816618912472e+02  2.210236364185758e-09  1.136489381130984e-07  2.013902758993777e-09  7.306171585246203e-12  2.200625976962945e-11  9.103860759447350e-10  2.011307114041344e-09  7.296622006323967e-12  1.022155354602578e-10  3.734307564834740e-13 
 1.584893192461104e+02  2.189305831055097e-09  1.125727035062549e-07  1.990909533582990e-09  7.222758275679543e-12  2.200625976962945e-11  9.103860759447351e-10  1.988283871891087e-09  7.213098264893492e-12  1.022155354602579e-10  3.734307564834747e-13 
 1.621810097358920e+02  2.168656580314997e-09  1.115109322597629e-07  1.968180199240685e-09  7.140302328057423e-12  2.200625976962945e-11  9.103860759447349e-10  1.965524174614414e-09  7.130530611825071e-12  1.022155354602578e-10  3.734307564834754e-13 
 1.659586907437551e+02  2.148285618055999e-09  1.104634704287158e-07  1.945711743153948e-09  7.058792812693533e-12  2.200625976962944e-11  9.103860759447348e-10  1.943025005438105e-09  7.048908102865724e-12  1.022155354602578e-10  3.734307564834762e-13 
 1.698243652461734e+02  2.128189980947800e-09  1.094301656405673e-07  1.923501187086748e-09  6.978218925341752e-12  2.200625976962944e-11  9.103860759447349e-10  1.920783382121654e-09  6.968219919040297e-12  1.022155354602578e-10  3.734307564834769e-13 
 1.737800828749365e+02  2.108366735744385e-09  1.084108670696864e-07  1.901545586985094e-09  6.898569985763757e-12  2.200625976962945e-11  9.103860759447348e-10  1.898796356561982e-09  6.888455365217425e-12  1.022155354602578e-10  3.734307564834777e-13 
 1.778279410038912e+02  2.088812978794003e-09  1.074054254121597e-07  1.879842032586727e-09  6.819835436313342e-12  2.200625976962944e-11  9.103860759447346e-10  1.877061014402667e-09  6.809603868692169e-12  1.022155354602578e-10  3.734307564834936e-13 
 1.819700858609972e+02  2.069525835554052e-09  1.064136928608481e-07  1.858387647035281e-09  6.742004840535604e-12  2.200625976962944e-11  9.103860759447344e-10  1.855574474647649e-09  6.731654977783523e-12  1.022155354602578e-10  3.734307564834945e-13 
 1.862087136662855e+02  2.050502460110968e-09  1.054355230806989e-07  1.837179586498871e-09  6.665067881784930e-12  2.200625976962944e-11  9.103860759447344e-10  1.834333889279358e-09  6.654598360450705e-12  1.022155354602578e-10  3.734307564834954e-13 
 1.905460717963235e+02  2.031740034705193e-09  1.044707711843206e-07  1.816215039793057e-09  6.589014361856093e-12  2.200625976962943e-11  9.103860759447344e-10  1.813336442881207e-09  6.578423802922553e-12  1.022155354602578e-10  3.734307564834964e-13 
 1.949844599758032e+02  2.013235769261326e-09  1.035192937078232e-07  1.795491228008136e-09  6.513834199632430e-12  2.200625976962943e-11  9.103860759447343e-10  1.792579352264423e-09  6.503121208343977e-12  1.022155354602578e-10  3.734307564834974e-13 
 1.995262314968867e+02  1.994986900923539e-09  1.025809485869296e-07  1.775005404140697e-09  6.439517429749229e-12  2.200625976962943e-11  9.103860759447343e-10  1.772059866099126e-09  6.428680595437627e-12  1.022155354602577e-10  3.734307564834984e-13 
 2.041737944669516e+02  1.976990693596361e-09  1.016555951333634e-07  1.754754852729414e-09  6.366054201272476e-12  2.200625976962942e-11  9.103860759447340e-10  1.751775264549651e-09  6.355092097180898e-12  1.022155354602577e-10  3.734307564834995e-13 
 2.089296130854026e+02  1.959244437490946e-09  1.007430940115178e-07  1.734736889495011e-09  6.293434776392724e-12  2.200625976962942e-11  9.103860759447340e-10  1.731722858914035e-09  6.282345959498052e-12  1.022155354602577e-10  3.734307564835007e-13 
 2.137962089502218e+02  1.941745448676913e-09  9.984330721541171e-08  1.714948860984357e-09  6.221649529133971e-12  2.200625976962942e-11  9.103860759447339e-10  1.711899991267631e-09  6.210432539967335e-12  1.022155354602577e-10  3.734307564835019e-13 
 2.187761623949538e+02  1.924491068639892e-09  9.895609804593916e-08  1.695388144218641e-09  6.150688944077332e-12  2.200625976962942e-11  9.103860759447339e-10  1.692304034110803e-09  6.139342306542883e-12  1.022155354602577e-10  3.734307564835032e-13 
 2.238721138568325e+02  1.907478663844869e-09  9.808133108841658e-08  1.676052146345587e-09  6.080543615099355e-12  2.200625976962941e-11  9.103860759447336e-10  1.672932390020656e-09  6.069065836291257e-12  1.022155354602577e-10  3.734307564835045e-13 
 2.290867652767758e+02  1.890705625305469e-09  9.721887219043575e-08  1.656938304295662e-09  6.011204244124812e-12  2.200625976962941e-11  9.103860759447336e-10  1.653782491306748e-09  5.999593814142447e-12  1.022155354602577e-10  3.734307564835059e-13 
 2.344228815319906e+02  1.874169368159286e-09  9.636858844002736e-08  1.638044084442208e-09  5.942661639893793e-12  2.200625976962941e-11  9.103860759447336e-10  1.634851799670748e-09  5.930917031655167e-12  1.022155354602577e-10  3.734307564835074e-13 
 2.398832919019474e+02  1.857867331249382e-09  9.553034814414227e-08  1.619366982265500e-09  5.874906716742939e-12  2.200625976962941e-11  9.103860759447333e-10  1.616137805869983e-09  5.863026385796285e-12  1.022155354602577e-10  3.734307564835089e-13 
 2.454708915685014e+02  1.841796976712102e-09  9.470402080745687e-08  1.600904522020637e-09  5.807930493400668e-12  2.200625976962941e-11  9.103860759447334e-10  1.597638029384847e-09  5.795912877734230e-12  1.022155354602577e-10  3.734307564835105e-13 
 2.511886431509563e+02  1.825955789571305e-09  9.388947711150891e-08  1.582654256409252e-09  5.741724091796210e-12  2.200625976962940e-11  9.103860759447332e-10  1.579350018090004e-09  5.729567611646202e-12  1.022155354602577e-10  3.734307564835122e-13 
 2.570395782768846e+02  1.810341277339163e-09  9.308658889417083e-08  1.564613766254984e-09  5.676278735882307e-12  2.200625976962940e-11  9.103860759447330e-10  1.561271347929366e-09  5.663981793539046e-12  1.022155354602576e-10  3.734307564835139e-13 
 2.630267991895364e+02  1.794950969623650e-09  9.229522912946703e-08  1.546780660182675e-09  5.611585750471415e-12  2.200625976962940e-11  9.103860759447330e-10  1.543399622594784e-09  5.599146730083610e-12  1.022155354602576e-10  3.734307564835158e-13 
 2.691534803926897e+02  1.779782417742862e-09  9.151527190774242e-08  1.529152574301246e-09  5.547636560085267e-12  2.200625976962939e-11  9.103860759447328e-10  1.525732473208425e-09  5.535053827462461e-12  1.022155354602576e-10  3.734307564835177e-13 
 2.754228703338148e+02  1.764833194346279e-09  9.074659241618816e-08  1.511727171890211e-09  5.484422687817618e-12  2.200625976962939e-11  9.103860759447327e-10  1.508267558008774e-09  5.471694590230780e-12  1.022155354602576e-10  3.734307564835197e-13 
 2.818382931264435e+02  1.750100893043141e-09  8.998906691973262e-08  1.494502143089791e-09  5.421935754210051e-12  2.200625976962939e-11  9.103860759447326e-10  1.491002562040237e-09  5.409060620190299e-12  1.022155354602576e-10  3.734307564835218e-13 
 2.884031503126586e+02  1.735583128038020e-09  8.924257274230321e-08  1.477475204594571e-09  5.360167476140663e-12  2.200625976962938e-11  9.103860759447324e-10  1.473935196846300e-09  5.347143615276133e-12  1.022155354602575e-10  3.734307564835240e-13 
 2.951209226666365e+02  1.721277533773773e-09  8.850698824846680e-08  1.460644099350686e-09  5.299109665725515e-12  2.200625976962938e-11  9.103860759447321e-10  1.457063200166194e-09  5.285935368456345e-12  1.022155354602575e-10  3.734307564835264e-13 
 3.019951720401995e+02  1.707181764581960e-09  8.778219282545466e-08  1.444006596256473e-09  5.238754229232463e-12  2.200625976962938e-11  9.103860759447320e-10  1.440384335635034e-09  5.225427766643911e-12  1.022155354602575e-10  3.734307564835137e-13 
 3.090295432513569e+02  1.693293494340881e-09  8.706806686557894e-08  1.427560489866554e-09  5.179093166008712e-12  2.200625976962938e-11  9.103860759447318e-10  1.423896392487392e-09  5.165612789622378e-12  1.022155354602575e-10  3.734307564835313e-13 
 3.162277660168357e+02  1.679610416141356e-09  8.636449174904728e-08  1.411303600099319e-09  5.120118567417526e-12  2.200625976962937e-11  9.103860759447315e-10  1.407597185264262e-09  5.106482508980700e-12  1.022155354602575e-10  3.734307564835340e-13 
 3.235936569296260e+02  1.666130241960358e-09  8.567134982718122e-08  1.395233771947767e-09  5.061822615791322e-12  2.200625976962936e-11  9.103860759447312e-10  1.391484553523382e-09  5.048029087064438e-12  1.022155354602574e-10  3.734307564835367e-13 
 3.311311214825888e+02  1.652850702342634e-09  8.498852440604528e-08  1.379348875193652e-09  5.004197583393638e-12  2.200625976962936e-11  9.103860759447312e-10  1.375556361552868e-09  4.990244775935832e-12  1.022155354602574e-10  3.734307564835397e-13 
 3.388441561392002e+02  1.639769546090417e-09  8.431589973049223e-08  1.363646804124919e-09  4.947235831394260e-12  2.200625976962935e-11  9.103860759447308e-10  1.359810498088126e-09  4.933121916347029e-12  1.022155354602574e-10  3.734307564835426e-13 
 3.467368504525292e+02  1.626884539961343e-09  8.365336096863023e-08  1.348125477256380e-09  4.890929808855892e-12  2.200625976962935e-11  9.103860759447307e-10  1.344244876032010e-09  4.876652936724865e-12  1.022155354602574e-10  3.734307564835459e-13 
 3.548133892335729e+02  1.614193468374690e-09  8.300079419671772e-08  1.332782837053586e-09  4.835272051732453e-12  2.200625976962934e-11  9.103860759447303e-10  1.328857432178177e-09  4.820830352167258e-12  1.022155354602573e-10  3.734307564835493e-13 
 3.630780547700987e+02  1.601694133126018e-09  8.235808638449039e-08  1.317616849659873e-09  4.780255181878862e-12  2.200625976962933e-11  9.103860759447301e-10  1.313646126937609e-09  4.765646763451089e-12  1.022155354602573e-10  3.734307564835527e-13 
 3.715352290971698e+02  1.589384353110321e-09  8.172512538092589e-08  1.302625504626540e-09  4.725871906072176e-12  2.200625976962932e-11  9.103860759447298e-10  1.298608944068275e-09  4.711094856051444e-12  1.022155354602573e-10  3.734307564835564e-13 
 3.801893963205584e+02  1.577261964053775e-09  8.110179990045053e-08  1.287806814646113e-09  4.672115015043958e-12  2.200625976962932e-11  9.103860759447296e-10  1.283743890407873e-09  4.657167399172089e-12  1.022155354602573e-10  3.734307564835603e-13 
 3.890451449942777e+02  1.565324818254159e-09  8.048799950959171e-08  1.273158815288676e-09  4.618977382523741e-12  2.200625976962931e-11  9.103860759447293e-10  1.269048995609640e-09  4.603857244787026e-12  1.022155354602572e-10  3.734307564835643e-13 
 3.981071705534943e+02  1.553570784330017e-09  7.988361461408026e-08  1.258679564741222e-09  4.566451964293640e-12  2.200625976962930e-11  9.103860759447290e-10  1.254522311881189e-09  4.551157326693217e-12  1.022155354602572e-10  3.734307564835835e-13 
 4.073802778041097e+02  1.541997746978643e-09  7.928853644640592e-08  1.244367143549994e-09  4.514531797252894e-12  2.200625976962930e-11  9.103860759447287e-10  1.240161913726327e-09  4.499060659573234e-12  1.022155354602571e-10  3.734307564835879e-13 
 4.168693834703323e+02  1.530603606742922e-09  7.870265705382865e-08  1.230219654365781e-09  4.463209998494958e-12  2.200625976962928e-11  9.103860759447281e-10  1.225965897689831e-09  4.447560338070463e-12  1.022155354602571e-10  3.734307564835926e-13 
 4.265795188015895e+02  1.519386279787093e-09  7.812586928684834e-08  1.216235221692129e-09  4.412479764393355e-12  2.200625976962928e-11  9.103860759447278e-10  1.211932382105155e-09  4.396649535873075e-12  1.022155354602571e-10  3.734307564835974e-13 
 4.365158322401627e+02  1.508343697681456e-09  7.755806678813476e-08  1.202411991636446e-09  4.362334369698911e-12  2.200625976962927e-11  9.103860759447275e-10  1.198059506845006e-09  4.346321504809381e-12  1.022155354602570e-10  3.734307564836025e-13 
 4.466835921509598e+02  1.497473807196063e-09  7.699914398191921e-08  1.188748131663959e-09  4.312767166647167e-12  2.200625976962926e-11  9.103860759447270e-10  1.184345433074796e-09  4.296569573953378e-12  1.022155354602570e-10  3.734307564836078e-13 
 4.570881896148716e+02  1.486774570103404e-09  7.644899606384852e-08  1.175241830354483e-09  4.263771584076010e-12  2.200625976962925e-11  9.103860759447265e-10  1.170788343008901e-09  4.247387148740520e-12  1.022155354602569e-10  3.734307564836133e-13 
 4.677351412871947e+02  1.476243962990085e-09  7.590751899130211e-08  1.161891297161991e-09  4.215341126553599e-12  2.200625976962923e-11  9.103860759447261e-10  1.157386439669718e-09  4.198767710093787e-12  1.022155354602568e-10  3.734307564836341e-13 
 4.786300923226348e+02  1.465879977077513e-09  7.537460947417144e-08  1.148694762176927e-09  4.167469373515425e-12  2.200625976962923e-11  9.103860759447258e-10  1.144137946649476e-09  4.150704813558909e-12  1.022155354602568e-10  3.734307564836402e-13 
 4.897788193684425e+02  1.455680618051553e-09  7.485016496610116e-08  1.135650475891251e-09  4.120149978412962e-12  2.200625976962921e-11  9.103860759447251e-10  1.131041107874775e-09  4.103192088451183e-12  1.022155354602567e-10  3.734307564836466e-13 
 5.011872336272685e+02  1.445643905901143e-09  7.433408365619061e-08  1.122756708966173e-09  4.073376667870372e-12  2.200625976962920e-11  9.103860759447247e-10  1.118094187373821e-09  4.056223237010357e-12  1.022155354602567e-10  3.734307564836533e-13 
 5.128613839913610e+02  1.435767874765808e-09  7.382626446115349e-08  1.110011752002546e-09  4.027143240851560e-12  2.200625976962919e-11  9.103860759447243e-10  1.105295469046325e-09  4.009792033565889e-12  1.022155354602567e-10  3.734307564836452e-13 
 5.248074602497686e+02  1.426050572792051e-09  7.332660701793313e-08  1.097413915313895e-09  3.981443567837406e-12  2.200625976962918e-11  9.103860759447236e-10  1.092643256436036e-09  3.963892323712376e-12  1.022155354602566e-10  3.734307564836526e-13 
 5.370317963702487e+02  1.416490061998520e-09  7.283501167676977e-08  1.084961528702037e-09  3.936271590010957e-12  2.200625976962916e-11  9.103860759447231e-10  1.080135872505878e-09  3.918518023492992e-12  1.022155354602565e-10  3.734307564836752e-13 
 5.495408738576203e+02  1.407084418149906e-09  7.235137949471639e-08  1.072652941235279e-09  3.891621318452783e-12  2.200625976962915e-11  9.103860759447224e-10  1.067771659415658e-09  3.873663118593072e-12  1.022155354602565e-10  3.734307564836833e-13 
 5.623413251903447e+02  1.397831730639462e-09  7.187561222959789e-08  1.060486521029148e-09  3.847486833346462e-12  2.200625976962913e-11  9.103860759447219e-10  1.055548978302323e-09  3.829321663543871e-12  1.022155354602564e-10  3.734307564837068e-13 
 5.754399373371524e+02  1.388730102380056e-09  7.140761233440893e-08  1.048460655029636e-09  3.803862283190976e-12  2.200625976962912e-11  9.103860759447213e-10  1.043466209062731e-09  3.785487780933240e-12  1.022155354602563e-10  3.734307564837156e-13 
 5.888436553555844e+02  1.379777649703622e-09  7.094728295214439e-08  1.036573748798926e-09  3.760741884024600e-12  2.200625976962910e-11  9.103860759447205e-10  1.031521750138906e-09  3.742155660627825e-12  1.022155354602562e-10  3.734307564837398e-13 
 6.025595860743530e+02  1.370972502268919e-09  7.049452791105547e-08  1.024824226303564e-09  3.718119918655214e-12  2.200625976962908e-11  9.103860759447197e-10  1.019714018305756e-09  3.699319559001714e-12  1.022155354602561e-10  3.734307564837494e-13 
 6.165950018614773e+02  1.362312802977414e-09  7.004925172032517e-08  1.013210529705063e-09  3.675990735901709e-12  2.200625976962906e-11  9.103860759447190e-10  1.008041448461217e-09  3.656973798176185e-12  1.022155354602560e-10  3.734307564837595e-13 
 6.309573444801882e+02  1.353796707897170e-09  6.961135956615445e-08  1.001731119152894e-09  3.634348749842386e-12  2.200625976962904e-11  9.103860759447182e-10  9.965024934187982e-10  3.615112765266510e-12  1.022155354602560e-10  3.734307564837701e-13 
 6.456542290346504e+02  1.345422386194569e-09  6.918075730825132e-08  9.903844725798460e-10  3.593188439072867e-12  2.200625976962902e-11  9.103860759447173e-10  9.850956237025077e-10  3.573730911638262e-12  1.022155354602559e-10  3.734307564837962e-13 
 6.606934480075907e+02  1.337188020073684e-09  6.875735147671361e-08  9.791690854997327e-10  3.552504345971457e-12  2.200625976962900e-11  9.103860759447164e-10  9.738193273441207e-10  3.532822752171135e-12  1.022155354602558e-10  3.734307564837928e-13 
 6.760829753919763e+02  1.329091804723122e-09  6.834104926929561e-08  9.680834708073979e-10  3.512291075975070e-12  2.200625976962898e-11  9.103860759447155e-10  9.626721096827680e-10  3.492382864533333e-12  1.022155354602557e-10  3.734307564838049e-13 
 6.918309709189309e+02  1.321131948270145e-09  6.793175854904874e-08  9.571261585810191e-10  3.472543296860682e-12  2.200625976962896e-11  9.103860759447146e-10  9.516524931668236e-10  3.452405888461548e-12  1.022155354602556e-10  3.734307564838327e-13 
 7.079457843841321e+02  1.313306671741844e-09  6.752938784232554e-08  9.462956958866577e-10  3.433255738036451e-12  2.200625976962894e-11  9.103860759447137e-10  9.407590171580537e-10  3.412886525050623e-12  1.022155354602554e-10  3.734307564838460e-13 
 7.244359600749841e+02  1.305614209033160e-09  6.713384633713527e-08  9.355906465850503e-10  3.394423189841597e-12  2.200625976962890e-11  9.103860759447124e-10  9.299902377380129e-10  3.373819536052022e-12  1.022155354602553e-10  3.734307564838751e-13 
 7.413102413009113e+02  1.298052806881528e-09  6.674504388183971e-08  9.250095911405988e-10  3.356040502852336e-12  2.200625976962888e-11  9.103860759447114e-10  9.193447275166540e-10  3.335199743178395e-12  1.022155354602552e-10  3.734307564838896e-13 
 7.585775750291774e+02  1.290620724847879e-09  6.636289098417683e-08  9.145511264325406e-10  3.318102587197799e-12  2.200625976962885e-11  9.103860759447100e-10  9.088210754431272e-10  3.297022027418165e-12  1.022155354602551e-10  3.734307564839049e-13 
 7.762471166286851e+02  1.283316235303788e-09  6.598729881059959e-08  9.042138655682776e-10  3.280604411882371e-12  2.200625976962882e-11  9.103860759447090e-10  8.984178866187496e-10  3.259281328356592e-12  1.022155354602549e-10  3.734307564839359e-13 
 7.943282347242747e+02  1.276137623424482e-09  6.561817918591656e-08  8.939964376988247e-10  3.243541004115781e-12  2.200625976962879e-11  9.103860759447077e-10  8.881337821121106e-10  3.221972643504633e-12  1.022155354602548e-10  3.734307564839527e-13 
 8.128305161640923e+02  1.269083187187458e-09  6.525544459322087e-08  8.838974878363690e-10  3.206907448652132e-12  2.200625976962876e-11  9.103860759447064e-10  8.779673987762971e-10  3.185091027636781e-12  1.022155354602546e-10  3.734307564839853e-13 
 8.317637711026639e+02  1.262151237376442e-09  6.489900817409367e-08  8.739156766739024e-10  3.170698887134496e-12  2.200625976962872e-11  9.103860759447050e-10  8.679173890682098e-10  3.148631592134544e-12  1.022155354602545e-10  3.734307564840036e-13 
 8.511380382023692e+02  1.255340097590402e-09  6.454878372906770e-08  8.640496804069097e-10  3.134910517449041e-12  2.200625976962869e-11  9.103860759447036e-10  8.579824208699478e-10  3.112589504339494e-12  1.022155354602543e-10  3.734307564840380e-13 
 8.709635899560732e+02  1.248648104257336e-09  6.420468571833625e-08  8.542981905570837e-10  3.099537593084456e-12  2.200625976962865e-11  9.103860759447019e-10  8.481611773122376e-10  3.076959986911680e-12  1.022155354602541e-10  3.734307564840581e-13 
 8.912509381337379e+02  1.242073606652554e-09  6.386662926269304e-08  8.446599137980475e-10  3.064575422500555e-12  2.200625976962862e-11  9.103860759447003e-10  8.384523565998837e-10  3.041738317197287e-12  1.022155354602540e-10  3.734307564840792e-13 
 9.120108393559019e+02  1.235614966921140e-09  6.353453014468745e-08  8.351335717830546e-10  3.030019368502800e-12  2.200625976962857e-11  9.103860759446986e-10  8.288546718392169e-10  3.006919826602267e-12  1.022155354602538e-10  3.734307564841164e-13 
 9.332543007969830e+02  1.229270560104323e-09  6.320830480998024e-08  8.257179009746483e-10  2.995864847623933e-12  2.200625976962853e-11  9.103860759446969e-10  8.193668508675175e-10  2.972499899973161e-12  1.022155354602536e-10  3.734307564841395e-13 
 9.549925860214277e+02  1.223038774169433e-09  6.288787036888412e-08  8.164116524762553e-10  2.962107329513966e-12  2.200625976962848e-11  9.103860759446950e-10  8.099876360843933e-10  2.938473974986337e-12  1.022155354602533e-10  3.734307564841938e-13 
 9.772372209558022e+02  1.216918010043158e-09  6.257314459807371e-08  8.072135918656864e-10  2.928742336334673e-12  2.200625976962843e-11  9.103860759446931e-10  8.007157842850838e-10  2.904837541541817e-12  1.022155354602531e-10  3.734307564842192e-13 
 9.999999999999912e+02  1.210906681647786e-09  6.226404594244888e-08  7.981224990305280e-10  2.895765442163938e-12  2.200625976962839e-11  9.103860759446911e-10  7.915500664956759e-10  2.871586141167022e-12  1.022155354602529e-10  3.734307564842458e-13 
 1.023292992280745e+03  1.205003215940129e-09  6.196049351713663e-08  7.891371680053952e-10  2.863172272404677e-12  2.200625976962833e-11  9.103860759446889e-10  7.824892678102040e-10  2.838715366425191e-12  1.022155354602527e-10  3.734307564843187e-13 
 1.047128548050890e+03  1.199206052952837e-09  6.166240710961488e-08  7.802564068110316e-10  2.830958503200044e-12  2.200625976962828e-11  9.103860759446868e-10  7.735321872296174e-10  2.806220860330161e-12  1.022155354602524e-10  3.734307564843629e-13 
 1.071519305237597e+03  1.193513645837771e-09  6.136970718194325e-08  7.714790372952230e-10  2.799119860857879e-12  2.200625976962823e-11  9.103860759446846e-10  7.646776375025871e-10  2.774098315770465e-12  1.022155354602522e-10  3.734307564843935e-13 
 1.096478196143175e+03  1.187924460911165e-09  6.108231487308483e-08  7.628038949755124e-10  2.767652121279459e-12  2.200625976962816e-11  9.103860759446821e-10  7.559244449681373e-10  2.742343474937840e-12  1.022155354602519e-10  3.734307564844404e-13 
 1.122018454301953e+03  1.182436977700247e-09  6.080015200130362e-08  7.542298288836900e-10  2.736551109394827e-12  2.200625976962810e-11  9.103860759446793e-10  7.472714494000787e-10  2.710952128762417e-12  1.022155354602516e-10  3.734307564844889e-13 
 1.148153621496872e+03  1.177049688991045e-09  6.052314106662257e-08  7.457557014120381e-10  2.705812698605397e-12  2.200625976962804e-11  9.103860759446768e-10  7.387175038532221e-10  2.679920116355263e-12  1.022155354602513e-10  3.734307564845390e-13 
 1.174897554939519e+03  1.171761100877064e-09  6.025120525332661e-08  7.373803881613045e-10  2.675432810232259e-12  2.200625976962797e-11  9.103860759446740e-10  7.302614745113494e-10  2.649243324456746e-12  1.022155354602510e-10  3.734307564845907e-13 
 1.202264434617402e+03  1.166569732808559e-09  5.998426843249622e-08  7.291027777903931e-10  2.645407412970704e-12  2.200625976962790e-11  9.103860759446711e-10  7.219022405369314e-10  2.618917686891222e-12  1.022155354602506e-10  3.734307564846291e-13 
 1.230268770812370e+03  1.161474117642115e-09  5.972225516455675e-08  7.209217718677400e-10  2.615732522351405e-12  2.200625976962783e-11  9.103860759446682e-10  7.136386939225591e-10  2.588939184028493e-12  1.022155354602503e-10  3.734307564846844e-13 
 1.258925411794156e+03  1.156472801690247e-09  5.946509070182885e-08  7.128362847243599e-10  2.586404200206689e-12  2.200625976962775e-11  9.103860759446649e-10  7.054697393440793e-10  2.559303842250472e-12  1.022155354602499e-10  3.734307564847566e-13 
 1.288249551693122e+03  1.151564344770759e-09  5.921270099106652e-08  7.048452433085429e-10  2.557418554143233e-12  2.200625976962767e-11  9.103860759446612e-10  6.973942940154110e-10  2.530007733424397e-12  1.022155354602496e-10  3.734307564848006e-13 
 1.318256738556395e+03  1.146747320255587e-09  5.896501267596850e-08  6.969475870421762e-10  2.528771737021679e-12  2.200625976962758e-11  9.103860759446579e-10  6.894112875450230e-10  2.501046974383085e-12  1.022155354602492e-10  3.734307564848619e-13 
 1.348962882591641e+03  1.142020315118871e-09  5.872195309965011e-08  6.891422676786760e-10  2.500459946440115e-12  2.200625976962749e-11  9.103860759446542e-10  6.815196617940545e-10  2.472417726409192e-12  1.022155354602488e-10  3.734307564849252e-13 
 1.380384264602872e+03  1.137381929983999e-09  5.848345030706236e-08  6.814282491625045e-10  2.472479424224960e-12  2.200625976962740e-11  9.103860759446503e-10  6.737183707360600e-10  2.444116194727008e-12  1.022155354602483e-10  3.734307564850060e-13 
 1.412537544622741e+03  1.132830779169391e-09  5.824943304734598e-08  6.738045074902581e-10  2.444826455926420e-12  2.200625976962730e-11  9.103860759446463e-10  6.660063803183602e-10  2.416138627998965e-12  1.022155354602479e-10  3.734307564850740e-13 
 1.445439770745914e+03  1.128365490732772e-09  5.801983077610799e-08  6.662700305732976e-10  2.417497370320642e-12  2.200625976962720e-11  9.103860759446421e-10  6.583826683249779e-10  2.388481317828999e-12  1.022155354602474e-10  3.734307564851446e-13 
 1.479108388168193e+03  1.123984706513732e-09  5.779457365760999e-08  6.588238181019126e-10  2.390488538916521e-12  2.200625976962710e-11  9.103860759446378e-10  6.508462242411467e-10  2.361140598270698e-12  1.022155354602469e-10  3.734307564852328e-13 
 1.513561248436194e+03  1.119687082174326e-09  5.757359256685597e-08  6.514648814109899e-10  2.363796375467885e-12  2.200625976962699e-11  9.103860759446331e-10  6.433960491193664e-10  2.334112845341015e-12  1.022155354602464e-10  3.734307564852937e-13 
 1.548816618912467e+03  1.115471287237538e-09  5.735681909157005e-08  6.441922433471728e-10  2.337417335492519e-12  2.200625976962687e-11  9.103860759446283e-10  6.360311554469940e-10  2.307394476540953e-12  1.022155354602459e-10  3.734307564853875e-13 
 1.584893192461099e+03  1.111336005123399e-09  5.714418553405346e-08  6.370049381374920e-10  2.311347915794221e-12  2.200625976962674e-11  9.103860759446230e-10  6.287505670153509e-10  2.280981950379478e-12  1.022155354602453e-10  3.734307564854843e-13 
 1.621810097358915e+03  1.107279933182568e-09  5.693562491291152e-08  6.299020112594450e-10  2.285584653992028e-12  2.200625976962661e-11  9.103860759446178e-10  6.215533187903266e-10  2.254871765904766e-12  1.022155354602447e-10  3.734307564855693e-13 
 1.659586907437545e+03  1.103301782727215e-09  5.673107096464143e-08  6.228825193125094e-10  2.260124128054241e-12  2.200625976962648e-11  9.103860759446123e-10  6.144384567844645e-10  2.229060462240419e-12  1.022155354602440e-10  3.734307564856875e-13 
 1.698243652461728e+03  1.099400279059029e-09  5.653045814507261e-08  6.159455298910701e-10  2.234962955836277e-12  2.200625976962634e-11  9.103860759446063e-10  6.074050379305122e-10  2.203544618125734e-12  1.022155354602434e-10  3.734307564857793e-13 
 1.737800828749359e+03  1.095574161494210e-09  5.633372163065146e-08  6.090901214587415e-10  2.210097794625886e-12  2.200625976962619e-11  9.103860759446003e-10  6.004521299564191e-10  2.178320851463480e-12  1.022155354602427e-10  3.734307564858895e-13 
 1.778279410038906e+03  1.091822183385286e-09  5.614079731956350e-08  6.023153832240658e-10  2.185525340691066e-12  2.200625976962604e-11  9.103860759445939e-10  5.935788112617644e-10  2.153385818870620e-12  1.022155354602420e-10  3.734307564860036e-13 
 1.819700858609966e+03  1.088143112139639e-09  5.595162183268595e-08  5.956204150175711e-10  2.161242328834354e-12  2.200625976962587e-11  9.103860759445872e-10  5.867841707955999e-10  2.128736215235590e-12  1.022155354602412e-10  3.734307564861217e-13 
 1.862087136662849e+03  1.084535729234619e-09  5.576613251436455e-08  5.890043271701695e-10  2.137245531951444e-12  2.200625976962570e-11  9.103860759445802e-10  5.800673079356915e-10  2.104368773280131e-12  1.022155354602404e-10  3.734307564862440e-13 
 1.905460717963228e+03  1.080998830229119e-09  5.558426743300908e-08  5.824662403928788e-10  2.113531760594672e-12  2.200625976962553e-11  9.103860759445727e-10  5.734273323691427e-10  2.080280263126205e-12  1.022155354602396e-10  3.734307564863705e-13 
 1.949844599758026e+03  1.077531224771536e-09  5.540596538150259e-08  5.760052856578478e-10  2.090097862541240e-12  2.200625976962535e-11  9.103860759445651e-10  5.668633639743846e-10  2.056467491867883e-12  1.022155354602388e-10  3.734307564865016e-13 
 1.995262314968860e+03  1.074131736604014e-09  5.523116587741958e-08  5.696206040806699e-10  2.066940722366186e-12  2.200625976962515e-11  9.103860759445572e-10  5.603745327045155e-10  2.032927303148210e-12  1.022155354602379e-10  3.734307564866526e-13 
 2.041737944669509e+03  1.070799203562903e-09  5.505980916304956e-08  5.633113468039668e-10  2.044057261019613e-12  2.200625976962494e-11  9.103860759445487e-10  5.539599784719795e-10  2.009656576740587e-12  1.022155354602369e-10  3.734307564868084e-13 
 2.089296130854019e+03  1.067532477575360e-09  5.489183620522233e-08  5.570766748822248e-10  2.021444435408896e-12  2.200625976962473e-11  9.103860759445397e-10  5.476188510345615e-10  1.986652228135354e-12  1.022155354602359e-10  3.734307564869545e-13 
 2.137962089502211e+03  1.064330424652042e-09  5.472718869493219e-08  5.509157591678641e-10  1.999099237985486e-12  2.200625976962450e-11  9.103860759445304e-10  5.413503098826872e-10  1.963911208131263e-12  1.022155354602349e-10  3.734307564871361e-13 
 2.187761623949531e+03  1.061191924875843e-09  5.456580904675893e-08  5.448277801985313e-10  1.977018696335024e-12  2.200625976962427e-11  9.103860759445209e-10  5.351535241280177e-10  1.941430502430503e-12  1.022155354602338e-10  3.734307564873084e-13 
 2.238721138568317e+03  1.058115872386641e-09  5.440764039808347e-08  5.388119280855875e-10  1.955199872773409e-12  2.200625976962402e-11  9.103860759445107e-10  5.290276723933127e-10  1.919207131239966e-12  1.022155354602326e-10  3.734307564874867e-13 
 2.290867652767750e+03  1.055101175362038e-09  5.425262660809738e-08  5.328674024037855e-10  1.933639863946103e-12  2.200625976962377e-11  9.103860759445001e-10  5.229719427035604e-10  1.897238148876025e-12  1.022155354602314e-10  3.734307564877014e-13 
 2.344228815319898e+03  1.052146755994055e-09  5.410071225660475e-08  5.269934120821124e-10  1.912335800431367e-12  2.200625976962349e-11  9.103860759444890e-10  5.169855323783496e-10  1.875520643373556e-12  1.022155354602302e-10  3.734307564878925e-13 
 2.398832919019466e+03  1.049251550461805e-09  5.395184264261703e-08  5.211891752957842e-10  1.891284846349238e-12  2.200625976962322e-11  9.103860759444776e-10  5.110676479254761e-10  1.854051736100960e-12  1.022155354602289e-10  3.734307564881056e-13 
 2.454708915685005e+03  1.046414508900125e-09  5.380596378274000e-08  5.154539193593752e-10  1.870484198972650e-12  2.200625976962292e-11  9.103860759444652e-10  5.052175049357655e-10  1.832828581377681e-12  1.022155354602275e-10  3.734307564883108e-13 
 2.511886431509554e+03  1.043634595364189e-09  5.366302240935430e-08  5.097868806210663e-10  1.849931088344240e-12  2.200625976962262e-11  9.103860759444525e-10  4.994343279791014e-10  1.811848366097699e-12  1.022155354602261e-10  3.734307564885386e-13 
 2.570395782768837e+03  1.040910787790121e-09  5.352296596858999e-08  5.041873043579950e-10  1.829622776895997e-12  2.200625976962229e-11  9.103860759444392e-10  4.937173505016418e-10  1.791108309356202e-12  1.022155354602246e-10  3.734307564887894e-13 
 2.630267991895354e+03  1.038242077951625e-09  5.338574261809691e-08  4.986544446726932e-10  1.809556559073307e-12  2.200625976962195e-11  9.103860759444251e-10  4.880658147242151e-10  1.770605662080988e-12  1.022155354602230e-10  3.734307564890334e-13 
 2.691534803926887e+03  1.035627471412695e-09  5.325130122461243e-08  4.931875643905933e-10  1.789729760963231e-12  2.200625976962160e-11  9.103860759444105e-10  4.824789715418753e-10  1.750337706668443e-12  1.022155354602214e-10  3.734307564892860e-13 
 2.754228703338138e+03  1.033065987476409e-09  5.311959136132905e-08  4.877859349585906e-10  1.770139739926019e-12  2.200625976962123e-11  9.103860759443952e-10  4.769560804246100e-10  1.730301756623101e-12  1.022155354602197e-10  3.734307564895628e-13 
 2.818382931264424e+03  1.030556659129892e-09  5.299056330506421e-08  4.824488363446452e-10  1.750783884230456e-12  2.200625976962084e-11  9.103860759443791e-10  4.714964093191836e-10  1.710495156201415e-12  1.022155354602178e-10  3.734307564898490e-13 
 2.884031503126575e+03  1.028098532985488e-09  5.286416803323527e-08  4.771755569384051e-10  1.731659612693349e-12  2.200625976962043e-11  9.103860759443623e-10  4.660992345521051e-10  1.690915280060022e-12  1.022155354602160e-10  3.734307564901603e-13 
 2.951209226666354e+03  1.025690669218203e-09  5.274035722064300e-08  4.719653934528394e-10  1.712764374321947e-12  2.200625976962001e-11  9.103860759443446e-10  4.607638407337051e-10  1.671559532907345e-12  1.022155354602140e-10  3.734307564904519e-13 
 3.019951720401984e+03  1.023332141499490e-09  5.261908323606688e-08  4.668176508268634e-10  1.694095647961157e-12  2.200625976961957e-11  9.103860759443261e-10  4.554895206633118e-10  1.652425349160335e-12  1.022155354602119e-10  3.734307564907845e-13 
 3.090295432513557e+03  1.021022036927455e-09  5.250029913867634e-08  4.617316421289421e-10  1.675650941942674e-12  2.200625976961909e-11  9.103860759443068e-10  4.502755752355130e-10  1.633510192603592e-12  1.022155354602097e-10  3.734307564911435e-13 
 3.162277660168345e+03  1.018759455953556e-09  5.238395867426145e-08  4.567066884616548e-10  1.657427793738802e-12  2.200625976961860e-11  9.103860759442865e-10  4.451213133474897e-10  1.614811556053537e-12  1.022155354602075e-10  3.734307564915145e-13 
 3.235936569296248e+03  1.016543512305881e-09  5.227001627128820e-08  4.517421188672088e-10  1.639423769619404e-12  2.200625976961809e-11  9.103860759442654e-10  4.400260518074117e-10  1.596326961026151e-12  1.022155354602051e-10  3.734307564918980e-13 
 3.311311214825875e+03  1.014373332909091e-09  5.215842703678191e-08  4.468372702338852e-10  1.621636464312041e-12  2.200625976961756e-11  9.103860759442432e-10  4.349891152438808e-10  1.578053957408321e-12  1.022155354602026e-10  3.734307564922796e-13 
 3.388441561391989e+03  1.012248057801127e-09  5.204914675204434e-08  4.419914872034033e-10  1.604063500665816e-12  2.200625976961699e-11  9.103860759442199e-10  4.300098360164112e-10  1.559990123133339e-12  1.022155354602000e-10  3.734307564926900e-13 
 3.467368504525279e+03  1.010166840046767e-09  5.194213186820888e-08  4.372041220791891e-10  1.586702529317841e-12  2.200625976961641e-11  9.103860759441957e-10  4.250875541269348e-10  1.542133063859475e-12  1.022155354601973e-10  3.734307564931148e-13 
 3.548133892335716e+03  1.008128845648137e-09  5.183733950163911e-08  4.324745347355324e-10  1.569551228363637e-12  2.200625976961579e-11  9.103860759441702e-10  4.202216171323186e-10  1.524480412652928e-12  1.022155354601944e-10  3.734307564935696e-13 
 3.630780547700973e+03  1.006133253452281e-09  5.173472742917589e-08  4.278020925276196e-10  1.552607303030184e-12  2.200625976961515e-11  9.103860759441437e-10  4.154113800578848e-10  1.507029829673899e-12  1.022155354601914e-10  3.734307564940552e-13 
 3.715352290971684e+03  1.004179255055876e-09  5.163425408323831e-08  4.231861702024276e-10  1.535868485352343e-12  2.200625976961447e-11  9.103860759441157e-10  4.106562053119191e-10  1.489779001866515e-12  1.022155354601883e-10  3.734307564945725e-13 
 3.801893963205570e+03  1.002266054707233e-09  5.153587854678407e-08  4.186261498104651e-10  1.519332533852149e-12  2.200625976961376e-11  9.103860759440864e-10  4.059554626011598e-10  1.472725642652118e-12  1.022155354601850e-10  3.734307564950919e-13 
 3.890451449942763e+03  1.000392869205646e-09  5.143956054813466e-08  4.141214206183465e-10  1.502997233221621e-12  2.200625976961302e-11  9.103860759440558e-10  4.013085288472522e-10  1.455867491626535e-12  1.022155354601815e-10  3.734307564956445e-13 
 3.981071705534928e+03  9.985589277982430e-10  5.134526045567105e-08  4.096713790221864e-10  1.486860394007728e-12  2.200625976961225e-11  9.103860759440237e-10  3.967147881041606e-10  1.439202314260048e-12  1.022155354601779e-10  3.734307564962160e-13 
 4.073802778041082e+03  9.967634720744192e-10  5.125293927240574e-08  4.052754284618000e-10  1.470919852300950e-12  2.200625976961144e-11  9.103860759439901e-10  3.921736314765253e-10  1.422727901601452e-12  1.022155354601742e-10  3.734307564968074e-13 
 4.168693834703307e+03  9.950057558579770e-10  5.116255863043661e-08  4.009329793356961e-10  1.455173469426578e-12  2.200625976961058e-11  9.103860759439551e-10  3.876844570389538e-10  1.406442069985364e-12  1.022155354601702e-10  3.734307564974647e-13 
 4.265795188015879e+03  9.932850450970820e-10  5.107408078528851e-08  3.966434489168516e-10  1.439619131638066e-12  2.200625976960969e-11  9.103860759439182e-10  3.832466697562375e-10  1.390342660742159e-12  1.022155354601661e-10  3.734307564981136e-13 
 4.365158322401610e+03  9.916006177521502e-10  5.098746861014855e-08  3.924062612692494e-10  1.424254749814753e-12  2.200625976960876e-11  9.103860759438798e-10  3.788596814044784e-10  1.374427539912751e-12  1.022155354601617e-10  3.734307564988004e-13 
 4.466835921509581e+03  9.899517636817744e-10  5.090268559000045e-08  3.882208471651748e-10  1.409078259160658e-12  2.200625976960778e-11  9.103860759438392e-10  3.745229104931224e-10  1.358694597965059e-12  1.022155354601572e-10  3.734307564995111e-13 
 4.570881896148699e+03  9.883377845268087e-10  5.081969581566422e-08  3.840866440032496e-10  1.394087618907016e-12  2.200625976960676e-11  9.103860759437970e-10  3.702357821878827e-10  1.343141749514725e-12  1.022155354601525e-10  3.734307565002618e-13 
 4.677351412871929e+03  9.867579935927165e-10  5.073846397774667e-08  3.800030957271970e-10  1.379280812016975e-12  2.200625976960569e-11  9.103860759437528e-10  3.659977282345460e-10  1.327766933048585e-12  1.022155354601475e-10  3.734307565010687e-13 
 4.786300923226329e+03  9.852117157302998e-10  5.065895536050850e-08  3.759696527453229e-10  1.364655844892848e-12  2.200625976960457e-11  9.103860759437064e-10  3.618081868836512e-10  1.312568110651264e-12  1.022155354601423e-10  3.734307565019030e-13 
 4.897788193684407e+03  9.836982872149179e-10  5.058113583565382e-08  3.719857718507021e-10  1.350210747086293e-12  2.200625976960340e-11  9.103860759436579e-10  3.576666028160305e-10  1.297543267735265e-12  1.022155354601368e-10  3.734307565027511e-13 
 5.011872336272666e+03  9.822170556243046e-10  5.050497185604761e-08  3.680509161420564e-10  1.335943571010995e-12  2.200625976960217e-11  9.103860759436071e-10  3.535724270692013e-10  1.282690412774144e-12  1.022155354601311e-10  3.734307565036742e-13 
 5.128613839913590e+03  9.807673797150957e-10  5.043043044936683e-08  3.641645549453156e-10  1.321852391656937e-12  2.200625976960088e-11  9.103860759435540e-10  3.495251169646034e-10  1.268007577037908e-12  1.022155354601252e-10  3.734307565046287e-13 
 5.248074602497666e+03  9.793486292981708e-10  5.035747921169056e-08  3.603261637358468e-10  1.307935306308298e-12  2.200625976959954e-11  9.103860759434982e-10  3.455241360356661e-10  1.253492814332585e-12  1.022155354601189e-10  3.734307565056163e-13 
 5.370317963702466e+03  9.779601851129185e-10  5.028608630103486e-08  3.565352240613435e-10  1.294190434263074e-12  2.200625976959813e-11  9.103860759434398e-10  3.415689539567010e-10  1.239144200742154e-12  1.022155354601124e-10  3.734307565066534e-13 
 5.495408738576182e+03  9.766014387005287e-10  5.021622043083742e-08  3.527912234653613e-10  1.280615916555146e-12  2.200625976959664e-11  9.103860759433786e-10  3.376590464726074e-10  1.224959834373524e-12  1.022155354601055e-10  3.734307565077717e-13 
 5.623413251903426e+03  9.752717922764108e-10  5.014785086339754e-08  3.490936554114931e-10  1.267209915678255e-12  2.200625976959511e-11  9.103860759433147e-10  3.337938953293839e-10  1.210937835104050e-12  1.022155354600983e-10  3.734307565088977e-13 
 5.754399373371502e+03  9.739706586018449e-10  5.008094740327633e-08  3.454420192081668e-10  1.253970615313467e-12  2.200625976959348e-11  9.103860759432478e-10  3.299729882054324e-10  1.197076344333115e-12  1.022155354600908e-10  3.734307565100934e-13 
 5.888436553555821e+03  9.726974608549605e-10  5.001548039066277e-08  3.418358199340645e-10  1.240896220057432e-12  2.200625976959178e-11  9.103860759431777e-10  3.261958186436526e-10  1.183373524735180e-12  1.022155354600829e-10  3.734307565113757e-13 
 6.025595860743507e+03  9.714516325011392e-10  4.995142069470964e-08  3.382745683641444e-10  1.227984955153309e-12  2.200625976959001e-11  9.103860759431043e-10  3.224618859843104e-10  1.169827560016111e-12  1.022155354600747e-10  3.734307565126714e-13 
 6.165950018614749e+03  9.702326171629388e-10  4.988873970684523e-08  3.347577808962615e-10  1.215235066224799e-12  2.200625976958815e-11  9.103860759430273e-10  3.187706952986761e-10  1.156436654673195e-12  1.022155354600660e-10  3.734307565140577e-13 
 6.309573444801857e+03  9.690398684896263e-10  4.982740933406484e-08  3.312849794783762e-10  1.202644819010608e-12  2.200625976958620e-11  9.103860759429468e-10  3.151217573234224e-10  1.143199033756294e-12  1.022155354600570e-10  3.734307565154915e-13 
 6.456542290346478e+03  9.678728500264149e-10  4.976740199220696e-08  3.278556915363409e-10  1.190212499102489e-12  2.200625976958417e-11  9.103860759428624e-10  3.115145883957734e-10  1.130112942633143e-12  1.022155354600475e-10  3.734307565169902e-13 
 6.606934480075881e+03  9.667310350834879e-10  4.970869059921858e-08  3.244694499022570e-10  1.177936411684567e-12  2.200625976958203e-11  9.103860759427741e-10  3.079487103893943e-10  1.117176646756583e-12  1.022155354600376e-10  3.734307565185713e-13 
 6.760829753919737e+03  9.656139066048973e-10  4.965124856841404e-08  3.211257927433941e-10  1.165814881274793e-12  2.200625976957980e-11  9.103860759426818e-10  3.044236506510183e-10  1.104388431434563e-12  1.022155354600272e-10  3.734307565202220e-13 
 6.918309709189281e+03  9.645209570374163e-10  4.959504980173157e-08  3.178242634916619e-10  1.153846251468739e-12  2.200625976957745e-11  9.103860759425849e-10  3.009389419377950e-10  1.091746601603086e-12  1.022155354600163e-10  3.734307565219750e-13 
 7.079457843841294e+03  9.634516881994310e-10  4.954006868299168e-08  3.145644107736295e-10  1.142028884684805e-12  2.200625976957499e-11  9.103860759424836e-10  2.974941223553588e-10  1.079249481601210e-12  1.022155354600049e-10  3.734307565238031e-13 
 7.244359600749813e+03  9.624056111499414e-10  4.948628007116132e-08  3.113457883410824e-10  1.130361161911900e-12  2.200625976957244e-11  9.103860759423772e-10  2.940887352966057e-10  1.066895414949132e-12  1.022155354599930e-10  3.734307565256789e-13 
 7.413102413009085e+03  9.613822460577531e-10  4.943365929362787e-08  3.081679550021119e-10  1.118841482459177e-12  2.200625976956974e-11  9.103860759422662e-10  2.907223293811694e-10  1.054682764128917e-12  1.022155354599805e-10  3.734307565276806e-13 
 7.585775750291745e+03  9.603811220709254e-10  4.938218213948613e-08  3.050304745527299e-10  1.107468263706665e-12  2.200625976956692e-11  9.103860759421497e-10  2.873944583955922e-10  1.042609910366798e-12  1.022155354599674e-10  3.734307565297662e-13 
 7.762471166286822e+03  9.594017771865535e-10  4.933182485284268e-08  3.019329157090027e-10  1.096239940858988e-12  2.200625976956398e-11  9.103860759420278e-10  2.841046812341794e-10  1.030675253419088e-12  1.022155354599537e-10  3.734307565319388e-13 
 7.943282347242717e+03  9.584437581209398e-10  4.928256412614015e-08  2.988748520396988e-10  1.085154966700423e-12  2.200625976956088e-11  9.103860759419004e-10  2.808525618405318e-10  1.018877211360062e-12  1.022155354599394e-10  3.734307565342471e-13 
 8.128305161640892e+03  9.575066201802325e-10  4.923437709350554e-08  2.958558618994442e-10  1.074211811351295e-12  2.200625976955766e-11  9.103860759417666e-10  2.776376691497462e-10  1.007214220371779e-12  1.022155354599244e-10  3.734307565366043e-13 
 8.317637711026608e+03  9.565899271315808e-10  4.918724132412507e-08  2.928755283623818e-10  1.063408962027685e-12  2.200625976955427e-11  9.103860759416267e-10  2.744595770312788e-10  9.956847345377044e-13  1.022155354599087e-10  3.734307565391194e-13 
 8.511380382023659e+03  9.556932510748733e-10  4.914113481564917e-08  2.899334391563292e-10  1.052744922800982e-12  2.200625976955073e-11  9.103860759414801e-10  2.713178642324613e-10  9.842872256368574e-13  1.022155354598922e-10  3.734307565417512e-13 
 8.709635899560699e+03  9.548161723151122e-10  4.909603598762986e-08  2.870291865974323e-10  1.042218214360820e-12  2.200625976954702e-11  9.103860759413268e-10  2.682121143226656e-10  9.730201829417802e-13  1.022155354598750e-10  3.734307565445040e-13 
 8.912509381337344e+03  9.539582792354798e-10  4.905192367499404e-08  2.841623675253098e-10  1.031827373779046e-12  2.200625976954313e-11  9.103860759411660e-10  2.651419156381049e-10  9.618821130181315e-13  1.022155354598569e-10  3.734307565473666e-13 
 9.120108393558983e+03  9.531191681711472e-10  4.900877712155480e-08  2.813325832386863e-10  1.021570954275864e-12  2.200625976953906e-11  9.103860759409978e-10  2.621068612272692e-10  9.508715395269250e-13  1.022155354598380e-10  3.734307565503890e-13 
 9.332543007969793e+03  9.522984432838733e-10  4.896657597356334e-08  2.785394394315122e-10  1.011447524987157e-12  2.200625976953480e-11  9.103860759408216e-10  2.591065487969837e-10  9.399870030284952e-13  1.022155354598182e-10  3.734307565535455e-13 
 9.549925860214238e+03  9.514957164374427e-10  4.892530027330411e-08  2.757825461295666e-10  1.001455670734245e-12  2.200625976953034e-11  9.103860759406370e-10  2.561405806590854e-10  9.292270607893210e-13  1.022155354597975e-10  3.734307565568412e-13 
 9.772372209557981e+03  9.507106070739854e-10  4.888493045273521e-08  2.730615176275445e-10  9.915939917951086e-13  2.200625976952566e-11  9.103860759404440e-10  2.532085636777103e-10  9.185902865907908e-13  1.022155354597758e-10  3.734307565603113e-13 
 9.999999999999871e+03  9.499427420912192e-10  4.884544732717629e-08  2.703759724266237e-10  9.818611036771353e-13  2.200625976952078e-11  9.103860759402417e-10  2.503101092171835e-10  9.080752705399328e-13  1.022155354597531e-10  3.734307565639310e-13 
 1.023292992280741e+04  9.491917557206552e-10  4.880683208904597e-08  2.677255331725147e-10  9.722556368921421e-13  2.200625976951565e-11  9.103860759400299e-10  2.474448330905055e-10  8.976806188827986e-13  1.022155354597293e-10  3.734307565677212e-13 
 1.047128548050886e+04  9.484572894068048e-10  4.876906630165071e-08  2.651098265939916e-10  9.627762367327206e-13  2.200625976951029e-11  9.103860759398081e-10  2.446123555084293e-10  8.874049538195722e-13  1.022155354597044e-10  3.734307565716875e-13 
 1.071519305237592e+04  9.477389916874186e-10  4.873213189302681e-08  2.625284834419043e-10  9.534215630505847e-13  2.200625976950467e-11  9.103860759395757e-10  2.418123010291194e-10  8.772469133220176e-13  1.022155354596783e-10  3.734307565758513e-13 
 1.096478196143171e+04  9.470365180747957e-10  4.869601114983734e-08  2.599811384286755e-10  9.441902900365300e-13  2.200625976949878e-11  9.103860759393325e-10  2.390442985083873e-10  8.672051509528709e-13  1.022155354596509e-10  3.734307565802191e-13 
 1.122018454301949e+04  9.463495309381884e-10  4.866068671132559e-08  2.574674301682826e-10  9.350811060021783e-13  2.200625976949263e-11  9.103860759390779e-10  2.363079810504973e-10  8.572783356873054e-13  1.022155354596223e-10  3.734307565847525e-13 
 1.148153621496868e+04  9.456776993873357e-10  4.862614156332627e-08  2.549870011167263e-10  9.260927131640357e-13  2.200625976948618e-11  9.103860759388112e-10  2.336029859595339e-10  8.474651517369208e-13  1.022155354595924e-10  3.734307565895488e-13 
 1.174897554939514e+04  9.450206991571475e-10  4.859235903233620e-08  2.525394975129912e-10  9.172238274281414e-13  2.200625976947943e-11  9.103860759385320e-10  2.309289546913278e-10  8.377642983746432e-13  1.022155354595610e-10  3.734307565945403e-13 
 1.202264434617397e+04  9.443782124935691e-10  4.855932277964547e-08  2.501245693205002e-10  9.084731781780044e-13  2.200625976947235e-11  9.103860759382395e-10  2.282855328059307e-10  8.281744897629726e-13  1.022155354595282e-10  3.734307565997798e-13 
 1.230268770812365e+04  9.437499280406421e-10  4.852701679553010e-08  2.477418701690673e-10  8.998395080631320e-13  2.200625976946496e-11  9.103860759379336e-10  2.256723699206351e-10  8.186944547830676e-13  1.022155354594938e-10  3.734307566052304e-13 
 1.258925411794151e+04  9.431355407287888e-10  4.849542539350793e-08  2.453910572973529e-10  8.913215727905170e-13  2.200625976945719e-11  9.103860759376129e-10  2.230891196635306e-10  8.093229368667940e-13  1.022155354594578e-10  3.734307566110060e-13 
 1.288249551693117e+04  9.425347516643351e-10  4.846453320465766e-08  2.430717914958297e-10  8.829181409165751e-13  2.200625976944907e-11  9.103860759372772e-10  2.205354396275940e-10  8.000586938294073e-13  1.022155354594200e-10  3.734307566170251e-13 
 1.318256738556390e+04  9.419472680202911e-10  4.843432517200309e-08  2.407837370502604e-10  8.746279936425015e-13  2.200625976944058e-11  9.103860759369258e-10  2.180109913253023e-10  7.909004977055327e-13  1.022155354593806e-10  3.734307566232972e-13 
 1.348962882591636e+04  9.413728029284021e-10  4.840478654496239e-08  2.385265616856983e-10  8.664499246107772e-13  2.200625976943168e-11  9.103860759365576e-10  2.155154401437674e-10  7.818471345863254e-13  1.022155354593392e-10  3.734307566298922e-13 
 1.380384264602866e+04  9.408110753724891e-10  4.837590287386362e-08  2.362999365110157e-10  8.583827397033816e-13  2.200625976942235e-11  9.103860759361723e-10  2.130484553003833e-10  7.728974044582803e-13  1.022155354592959e-10  3.734307566368054e-13 
 1.412537544622735e+04  9.402618100830831e-10  4.834766000452708e-08  2.341035359639668e-10  8.504252568424798e-13  2.200625976941259e-11  9.103860759357686e-10  2.106097097989811e-10  7.640501210443352e-13  1.022155354592506e-10  3.734307566440322e-13 
 1.445439770745908e+04  9.397247374333745e-10  4.832004407291497e-08  2.319370377567969e-10  8.425763057929689e-13  2.200625976940237e-11  9.103860759353458e-10  2.081988803864858e-10  7.553041116466611e-13  1.022155354592031e-10  3.734307566515843e-13 
 1.479108388168187e+04  9.391995933364769e-10  4.829304149984878e-08  2.298001228224018e-10  8.348347279670980e-13  2.200625976939166e-11  9.103860759349033e-10  2.058156475100703e-10  7.466582169912805e-13  1.022155354591534e-10  3.734307566595183e-13 
 1.513561248436188e+04  9.386861191440183e-10  4.826663898579495e-08  2.276924752610514e-10  8.271993762307927e-13  2.200625976938046e-11  9.103860759344401e-10  2.034596952747981e-10  7.381112910741346e-13  1.022155354591013e-10  3.734307566678014e-13 
 1.548816618912460e+04  9.381840615460666e-10  4.824082350571906e-08  2.256137822876842e-10  8.196691147128694e-13  2.200625976936872e-11  9.103860759339548e-10  2.011307114017521e-10  7.296622010096037e-13  1.022155354590468e-10  3.734307566765218e-13 
 1.584893192461092e+04  9.376931724723934e-10  4.821558230400895e-08  2.235637341797848e-10  8.122428186152608e-13  2.200625976935643e-11  9.103860759334467e-10  1.988283871866427e-10  7.213098268797485e-13  1.022155354589897e-10  3.734307566855877e-13 
 1.621810097358908e+04  9.372132089950791e-10  4.819090288946664e-08  2.215420242258544e-10  8.049193740269660e-13  2.200625976934356e-11  9.103860759329144e-10  1.965524174588888e-10  7.130530615866353e-13  1.022155354589300e-10  3.734307566951187e-13 
 1.659586907437538e+04  9.367439332324656e-10  4.816677303036969e-08  2.195483486744858e-10  7.976976777386103e-13  2.200625976933009e-11  9.103860759323575e-10  1.943025005411681e-10  7.048908107049125e-13  1.022155354588674e-10  3.734307567050993e-13 
 1.698243652461721e+04  9.362851122544529e-10  4.814318074960163e-08  2.175824066840556e-10  7.905766370604122e-13  2.200625976931598e-11  9.103860759317742e-10  1.920783382094301e-10  6.968219923370717e-13  1.022155354588018e-10  3.734307567155451e-13 
 1.737800828749351e+04  9.358365179891466e-10  4.812011431985181e-08  2.156439002730447e-10  7.835551696420425e-13  2.200625976930121e-11  9.103860759311633e-10  1.898796356533668e-10  6.888455369699830e-13  1.022155354587332e-10  3.734307567264724e-13 
 1.778279410038898e+04  9.353979271308514e-10  4.809756225888445e-08  2.137325342710001e-10  7.766322032949562e-13  2.200625976928574e-11  9.103860759305235e-10  1.877061014373358e-10  6.809603873331602e-13  1.022155354586613e-10  3.734307567379133e-13 
 1.819700858609958e+04  9.349691210494103e-10  4.807551332487700e-08  2.118480162701519e-10  7.698066758171416e-13  2.200625976926954e-11  9.103860759298538e-10  1.855574474617310e-10  6.731654982586465e-13  1.022155354585861e-10  3.734307567499308e-13 
 1.862087136662842e+04  9.345498857008869e-10  4.805395651182745e-08  2.099900565776973e-10  7.630775348200321e-13  2.200625976925257e-11  9.103860759291524e-10  1.834333889247951e-10  6.654598365422337e-13  1.022155354585073e-10  3.734307567624831e-13 
 1.905460717963221e+04  9.341400115395906e-10  4.803288104503067e-08  2.081583681687675e-10  7.564437375586853e-13  2.200625976923480e-11  9.103860759284180e-10  1.813336442848697e-10  6.578423808069212e-13  1.022155354584248e-10  3.734307567756501e-13 
 1.949844599758018e+04  9.337392934314341e-10  4.801227637662339e-08  2.063526666400889e-10  7.499042507636349e-13  2.200625976921620e-11  9.103860759276489e-10  1.792579352230769e-10  6.503121213671539e-13  1.022155354583384e-10  3.734307567894223e-13 
 1.995262314968852e+04  9.333475305686263e-10  4.799213218119766e-08  2.045726701643555e-10  7.434580504760796e-13  2.200625976919672e-11  9.103860759268436e-10  1.772059866064289e-10  6.428680600952323e-13  1.022155354582479e-10  3.734307568038360e-13 
 2.041737944669501e+04  9.329645263856872e-10  4.797243835148250e-08  2.028180994453246e-10  7.371041218853801e-13  2.200625976917634e-11  9.103860759260002e-10  1.751775264513591e-10  6.355092102889299e-13  1.022155354581532e-10  3.734307568189287e-13 
 2.089296130854010e+04  9.325900884767847e-10  4.795318499409339e-08  2.010886776736518e-10  7.308414591694112e-13  2.200625976915498e-11  9.103860759251172e-10  1.731722858876707e-10  6.282345965407324e-13  1.022155354580540e-10  3.734307568347541e-13 
 2.137962089502202e+04  9.322240285143825e-10  4.793436242534912e-08  1.993841304834806e-10  7.246690653375246e-13  2.200625976913262e-11  9.103860759241927e-10  1.711899991228990e-10  6.210432546084224e-13  1.022155354579501e-10  3.734307568513066e-13 
 2.187761623949522e+04  9.318661621691923e-10  4.791596116715585e-08  1.977041859097991e-10  7.185859520767349e-13  2.200625976910919e-11  9.103860759232245e-10  1.692304034070804e-10  6.139342312874734e-13  1.022155354578414e-10  3.734307568686420e-13 
 2.238721138568308e+04  9.315163090314224e-10  4.789797194295778e-08  1.960485743465808e-10  7.125911396003879e-13  2.200625976908468e-11  9.103860759222106e-10  1.672932389979251e-10  6.069065842845508e-13  1.022155354577275e-10  3.734307568867873e-13 
 2.290867652767740e+04  9.311742925333137e-10  4.788038567375392e-08  1.944170285057240e-10  7.066836565000131e-13  2.200625976905900e-11  9.103860759211490e-10  1.653782491263888e-10  5.999593820926643e-13  1.022155354576082e-10  3.734307569057709e-13 
 2.344228815319889e+04  9.308399398729527e-10  4.786319347418068e-08  1.928092833768028e-10  7.008625396002335e-13  2.200625976903212e-11  9.103860759200376e-10  1.634851799626381e-10  5.930917038677921e-13  1.022155354574834e-10  3.734307569256825e-13 
 2.398832919019456e+04  9.305130819393525e-10  4.784638664865959e-08  1.912250761876467e-10  6.951268338163597e-13  2.200625976900397e-11  9.103860759188736e-10  1.616137805824058e-10  5.863026393066065e-13  1.022155354573526e-10  3.734307569465379e-13 
 2.454708915684995e+04  9.301935532387926e-10  4.782995668760966e-08  1.896641463657621e-10  6.894755920155491e-13  2.200625976897448e-11  9.103860759176547e-10  1.597638029337306e-10  5.795912885259846e-13  1.022155354572156e-10  3.734307569683846e-13 
 2.511886431509544e+04  9.298811918224027e-10  4.781389526372382e-08  1.881262355006088e-10  6.839078748807828e-13  2.200625976894362e-11  9.103860759163784e-10  1.579350018040792e-10  5.729567619436113e-13  1.022155354570723e-10  3.734307569912266e-13 
 2.570395782768826e+04  9.295758392149833e-10  4.779819422830900e-08  1.866110873067472e-10  6.784227507784417e-13  2.200625976891130e-11  9.103860759150420e-10  1.561271347878424e-10  5.663981801602761e-13  1.022155354569221e-10  3.734307570151595e-13 
 2.630267991895344e+04  9.292773403450504e-10  4.778284560768896e-08  1.851184475878692e-10  6.730192956285824e-13  2.200625976887745e-11  9.103860759136425e-10  1.543399622542053e-10  5.599146738430528e-13  1.022155354567649e-10  3.734307570402055e-13 
 2.691534803926876e+04  9.289855434760901e-10  4.776784159966951e-08  1.836480642017248e-10  6.676965927790727e-13  2.200625976884201e-11  9.103860759121769e-10  1.525732473153840e-10  5.535053836102787e-13  1.022155354566003e-10  3.734307570664489e-13 
 2.754228703338126e+04  9.287003001390147e-10  4.775317457006536e-08  1.821996870259587e-10  6.624537328826349e-13  2.200625976880489e-11  9.103860759106426e-10  1.508267557952270e-10  5.471694599174842e-13  1.022155354564279e-10  3.734307570939303e-13 
 2.818382931264412e+04  9.284214650658025e-10  4.773883704928811e-08  1.807730679248675e-10  6.572898137775016e-13  2.200625976876603e-11  9.103860759090358e-10  1.491002561981748e-10  5.409060629448129e-13  1.022155354562475e-10  3.734307571226624e-13 
 2.884031503126564e+04  9.281488961243152e-10  4.772482172899443e-08  1.793679607170895e-10  6.522039403718189e-13  2.200625976872534e-11  9.103860759073532e-10  1.473935196785755e-10  5.347143624859861e-13  1.022155354560584e-10  3.734307571528255e-13 
 2.951209226666342e+04  9.278824542542736e-10  4.771112145879399e-08  1.779841211442398e-10  6.471952245304336e-13  2.200625976868273e-11  9.103860759055914e-10  1.457063200103521e-10  5.285935378376512e-13  1.022155354558605e-10  3.734307571843460e-13 
 3.019951720401971e+04  9.276220034043807e-10  4.769772924301645e-08  1.766213068404964e-10  6.422627849667733e-13  2.200625976863812e-11  9.103860759037467e-10  1.440384335570158e-10  5.225427776912921e-13  1.022155354556533e-10  3.734307572173783e-13 
 3.090295432513544e+04  9.273674104705802e-10  4.768463823753671e-08  1.752792773031517e-10  6.374057471368387e-13  2.200625976859139e-11  9.103860759018149e-10  1.423896392420235e-10  5.165612800252152e-13  1.022155354554362e-10  3.734307572519740e-13 
 3.162277660168332e+04  9.271185452354338e-10  4.767184174665769e-08  1.739577938641347e-10  6.326232431376053e-13  2.200625976854246e-11  9.103860758997922e-10  1.407597185194745e-10  5.106482519984568e-13  1.022155354552090e-10  3.734307572882317e-13 
 3.235936569296234e+04  9.268752803086063e-10  4.765933322005020e-08  1.726566196625125e-10  6.279144116084757e-13  2.200625976849124e-11  9.103860758976739e-10  1.391484553451423e-10  5.048029098454655e-13  1.022155354549710e-10  3.734307573261328e-13 
 3.311311214825861e+04  9.266374910684413e-10  4.764710624974870e-08  1.713755196179778e-10  6.232783976371373e-13  2.200625976843760e-11  9.103860758954560e-10  1.375556361478380e-10  4.990244787726264e-13  1.022155354547219e-10  3.734307573658415e-13 
 3.388441561391974e+04  9.264050556046172e-10  4.763515456720279e-08  1.701142604053286e-10  6.187143526680855e-13  2.200625976838142e-11  9.103860758931335e-10  1.359810498011020e-10  4.933121928551915e-13  1.022155354544610e-10  3.734307574074348e-13 
 3.467368504525264e+04  9.261778546618655e-10  4.762347204038322e-08  1.688726104299440e-10  6.142214344154091e-13  2.200625976832261e-11  9.103860758907018e-10  1.344244875952194e-10  4.876652949358820e-13  1.022155354541878e-10  3.734307574509922e-13 
 3.548133892335701e+04  9.259557715847396e-10  4.761205267094192e-08  1.676503398042598e-10  6.097988067790571e-13  2.200625976826101e-11  9.103860758881550e-10  1.328857432095555e-10  4.820830365245090e-13  1.022155354539017e-10  3.734307574965817e-13 
 3.630780547700958e+04  9.257386922634203e-10  4.760089059142535e-08  1.664472203252473e-10  6.054456397648703e-13  2.200625976819652e-11  9.103860758854885e-10  1.313646126852084e-10  4.765646776988199e-13  1.022155354536021e-10  3.734307575443042e-13 
 3.715352290971669e+04  9.255265050805410e-10  4.758998006254027e-08  1.652630254528953e-10  6.011611094082516e-13  2.200625976812899e-11  9.103860758826963e-10  1.298608943979744e-10  4.711094870064589e-13  1.022155354532884e-10  3.734307575943242e-13 
 3.801893963205554e+04  9.253191008590181e-10  4.757931547047134e-08  1.640975302896963e-10  5.969443977011423e-13  2.200625976805827e-11  9.103860758797723e-10  1.283743890316230e-10  4.657167413677656e-13  1.022155354529600e-10  3.734307576466746e-13 
 3.890451449942747e+04  9.251163728108780e-10  4.756889132424965e-08  1.629505115611351e-10  5.927946925233835e-13  2.200625976798422e-11  9.103860758767107e-10  1.269048995514777e-10  4.603857259802562e-13  1.022155354526160e-10  3.734307577015118e-13 
 3.981071705534912e+04  9.249182164870572e-10  4.755870225317160e-08  1.618217475971781e-10  5.887111875769722e-13  2.200625976790668e-11  9.103860758735049e-10  1.254522311782992e-10  4.551157342236128e-13  1.022155354522559e-10  3.734307577589062e-13 
 4.073802778041065e+04  9.247245297281687e-10  4.754874300426729e-08  1.607110183147581e-10  5.846930823245508e-13  2.200625976782549e-11  9.103860758701479e-10  1.240161913624678e-10  4.499060675662265e-13  1.022155354518788e-10  3.734307578190072e-13 
 4.168693834703290e+04  9.245352126162158e-10  4.753900843981772e-08  1.596181052012521e-10  5.807395819310713e-13  2.200625976774048e-11  9.103860758666326e-10  1.225965897584611e-10  4.447560354724783e-13  1.022155354514839e-10  3.734307578819387e-13 
 4.265795188015862e+04  9.243501674272411e-10  4.752949353491998e-08  1.585427912989415e-10  5.768498972093029e-13  2.200625976765145e-11  9.103860758629515e-10  1.211932381996236e-10  4.396649553112815e-13  1.022155354510703e-10  3.734307579478585e-13 
 4.365158322401593e+04  9.241692985848956e-10  4.752019337509980e-08  1.574848611904520e-10  5.730232445686778e-13  2.200625976755823e-11  9.103860758590973e-10  1.198059506732259e-10  4.346321522655105e-13  1.022155354506373e-10  3.734307580168843e-13 
 4.466835921509562e+04  9.239925126149121e-10  4.751110315397070e-08  1.564441009851589e-10  5.692588459678606e-13  2.200625976746061e-11  9.103860758550612e-10  1.184345432958087e-10  4.296569592426269e-13  1.022155354501839e-10  3.734307580891537e-13 
 4.570881896148680e+04  9.238197181004726e-10  4.750221817093885e-08  1.554202983065506e-10  5.655559288706917e-13  2.200625976735840e-11  9.103860758508351e-10  1.170788342888091e-10  4.247387167862563e-13  1.022155354497092e-10  3.734307581648240e-13 
 4.677351412871909e+04  9.236508256384509e-10  4.749353382895326e-08  1.544132422805370e-10  5.619137262055334e-13  2.200625976725136e-11  9.103860758464097e-10  1.157386439544663e-10  4.198767729887601e-13  1.022155354492120e-10  3.734307582440583e-13 
 4.786300923226309e+04  9.234857477965193e-10  4.748504563230014e-08  1.534227235246894e-10  5.583314763280077e-13  2.200625976713928e-11  9.103860758417755e-10  1.144137946520025e-10  4.150704834048257e-13  1.022155354486914e-10  3.734307583270251e-13 
 4.897788193684386e+04  9.233243990711054e-10  4.747674918444105e-08  1.524485341383971e-10  5.548084229870958e-13  2.200625976702192e-11  9.103860758369231e-10  1.131041107740774e-10  4.103192109660799e-13  1.022155354481463e-10  3.734307584139285e-13 
 5.011872336272644e+04  9.231666958461809e-10  4.746864018589395e-08  1.514904676939245e-10  5.513438152942845e-13  2.200625976689904e-11  9.103860758318420e-10  1.118094187235110e-10  4.056223258965295e-13  1.022155354475755e-10  3.734307585049037e-13 
 5.128613839913568e+04  9.230125563528766e-10  4.746071443215645e-08  1.505483192283516e-10  5.479369076962805e-13  2.200625976677036e-11  9.103860758265216e-10  1.105295468902740e-10  4.009792056292514e-13  1.022155354469778e-10  3.734307586001677e-13 
 5.248074602497643e+04  9.228619006298995e-10  4.745296781167072e-08  1.496218852363781e-10  5.445869599504764e-13  2.200625976663561e-11  9.103860758209503e-10  1.092643256287406e-10  3.963892347237718e-13  1.022155354463520e-10  3.734307586999288e-13 
 5.370317963702443e+04  9.227146504847492e-10  4.744539630382908e-08  1.487109636639718e-10  5.412932371035905e-13  2.200625976649451e-11  9.103860758151164e-10  1.080135872352024e-10  3.918518047844917e-13  1.022155354456966e-10  3.734307588043873e-13 
 5.495408738576159e+04  9.225707294557113e-10  4.743799597701977e-08  1.478153539028397e-10  5.380550094733021e-13  2.200625976634676e-11  9.103860758090076e-10  1.067771659256397e-10  3.873663143800763e-13  1.022155354450103e-10  3.734307589137659e-13 
 5.623413251903402e+04  9.224300627746183e-10  4.743076298671221e-08  1.469348567856985e-10  5.348715526327363e-13  2.200625976619206e-11  9.103860758026111e-10  1.055548978137465e-10  3.829321689637512e-13  1.022155354442917e-10  3.734307590283252e-13 
 5.754399373371479e+04  9.222925773303656e-10  4.742369357358093e-08  1.460692745823211e-10  5.317421473975104e-13  2.200625976603006e-11  9.103860757959129e-10  1.043466208892079e-10  3.785487807943564e-13  1.022155354435393e-10  3.734307591482282e-13 
 5.888436553555797e+04  9.221582016331676e-10  4.741678406166766e-08  1.452184109963345e-10  5.286660798160723e-13  2.200625976586043e-11  9.103860757888990e-10  1.031521749962257e-10  3.742155688587350e-13  1.022155354427513e-10  3.734307592738271e-13 
 6.025595860743483e+04  9.220268657795403e-10  4.741003085658081e-08  1.443820711627423e-10  5.256426411617420e-13  2.200625976568279e-11  9.103860757815547e-10  1.019714018122899e-10  3.699319587943825e-13  1.022155354419262e-10  3.734307594053324e-13 
 6.165950018614724e+04  9.218985014180006e-10  4.740343044373171e-08  1.435600616461446e-10  5.226711279280167e-13  2.200625976549679e-11  9.103860757738642e-10  1.008041448271934e-10  3.656973828135300e-13  1.022155354410623e-10  3.734307595430238e-13 
 6.309573444801832e+04  9.217730417154653e-10  4.739697938660689e-08  1.427521904396284e-10  5.197508418259315e-13  2.200625976530202e-11  9.103860757658112e-10  9.965024932228630e-11  3.615112796278675e-13  1.022155354401576e-10  3.734307596872361e-13 
 6.456542290346453e+04  9.216504213243416e-10  4.739067432507583e-08  1.419582669642978e-10  5.168810897835309e-13  2.200625976509807e-11  9.103860757573787e-10  9.850956234996869e-11  3.573730943740134e-13  1.022155354392103e-10  3.734307598382236e-13 
 6.606934480075855e+04  9.215305763502941e-10  4.738451197373372e-08  1.411781020694151e-10  5.140611839479018e-13  2.200625976488452e-11  9.103860757485489e-10  9.738193271341720e-11  3.532822785401155e-13  1.022155354382184e-10  3.734307599963115e-13 
 6.760829753919710e+04  9.214134443206745e-10  4.737848912027792e-08  1.404115080331230e-10  5.112904416890041e-13  2.200625976466090e-11  9.103860757393028e-10  9.626721094654412e-11  3.492382898931152e-13  1.022155354371797e-10  3.734307601618663e-13 
 6.918309709189254e+04  9.212989641536072e-10  4.737260262391855e-08  1.396582985637142e-10  5.085681856054355e-13  2.200625976442673e-11  9.103860757296211e-10  9.516524929418586e-11  3.452405924068458e-13  1.022155354360920e-10  3.734307603352659e-13 
 7.079457843841266e+04  9.211870761277120e-10  4.736684941382154e-08  1.389182888014193e-10  5.058937435318928e-13  2.200625976418153e-11  9.103860757194829e-10  9.407590169251830e-11  3.412886561908730e-13  1.022155354349531e-10  3.734307605167799e-13 
 7.244359600749785e+04  9.210777218524578e-10  4.736122648758432e-08  1.381912953206781e-10  5.032664485488827e-13  2.200625976392478e-11  9.103860757088672e-10  9.299902374969588e-11  3.373819574205232e-13  1.022155354337606e-10  3.734307607068564e-13 
 7.413102413009056e+04  9.209708442391321e-10  4.735573090974298e-08  1.374771361328631e-10  5.006856389933086e-13  2.200625976365592e-11  9.103860756977510e-10  9.193447272671284e-11  3.335199782672412e-13  1.022155354325118e-10  3.734307609058964e-13 
 7.585775750291716e+04  9.208663874724159e-10  4.735035981031088e-08  1.367756306894211e-10  4.981506584709234e-13  2.200625976337439e-11  9.103860756861108e-10  9.088210751848325e-11  3.297022068300223e-13  1.022155354312041e-10  3.734307611143299e-13 
 7.762471166286792e+04  9.207642969825542e-10  4.734511038334736e-08  1.360865998853987e-10  4.956608558699474e-13  2.200625976307960e-11  9.103860756739222e-10  8.984178863513778e-11  3.259281370675208e-13  1.022155354298349e-10  3.734307613325717e-13 
 7.943282347242687e+04  9.206645194181062e-10  4.733997988555689e-08  1.354098660633198e-10  4.932155853760533e-13  2.200625976277093e-11  9.103860756611593e-10  8.881337818353427e-11  3.221972687310406e-13  1.022155354284011e-10  3.734307615610965e-13 
 8.128305161640861e+04  9.205670026192700e-10  4.733496563491727e-08  1.347452530173784e-10  4.908142064882921e-13  2.200625976244768e-11  9.103860756477947e-10  8.779673984898025e-11  3.185091072982009e-13  1.022155354268997e-10  3.734307618004106e-13 
 8.317637711026576e+04  9.204716955917675e-10  4.733006500933684e-08  1.340925859979154e-10  4.884560840359368e-13  2.200625976210921e-11  9.103860756338004e-10  8.679173887716472e-11  3.148631639073361e-13  1.022155354253276e-10  3.734307620509914e-13 
 8.511380382023628e+04  9.203785484812780e-10  4.732527544533989e-08  1.334516917161438e-10  4.861405881963393e-13  2.200625976175480e-11  9.103860756191464e-10  8.579824205629633e-11  3.112589552927631e-13  1.022155354236814e-10  3.734307623133644e-13 
 8.709635899560666e+04  9.202875125484132e-10  4.732059443677993e-08  1.328223983490880e-10  4.838670945134351e-13  2.200625976138368e-11  9.103860756038019e-10  8.481611769944648e-11  3.076960037207483e-13  1.022155354219576e-10  3.734307625881334e-13 
 8.912509381337311e+04  9.201985401442198e-10  4.731601953357999e-08  1.322045355447060e-10  4.816349839166223e-13  2.200625976099506e-11  9.103860755877341e-10  8.384523562709436e-11  3.041738369260719e-13  1.022155354201525e-10  3.734307628758461e-13 
 9.120108393558950e+04  9.201115846862015e-10  4.731154834049967e-08  1.315979344271578e-10  4.794436427404006e-13  2.200625976058815e-11  9.103860755709092e-10  8.288546714987168e-11  3.006919880495060e-13  1.022155354182625e-10  3.734307631770857e-13 
 9.332543007969759e+04  9.200266006348495e-10  4.730717851592851e-08  1.310024276021899e-10  4.772924627443558e-13  2.200625976016204e-11  9.103860755532914e-10  8.193668505150517e-11  2.972499955760046e-13  1.022155354162833e-10  3.734307634925617e-13 
 9.549925860214204e+04  9.199435434706717e-10  4.730290777070463e-08  1.304178491626016e-10  4.751808411329467e-13  2.200625975971585e-11  9.103860755348429e-10  8.099876357195408e-11  2.938474032733358e-13  1.022155354142108e-10  3.734307638228703e-13 
 9.772372209557948e+04  9.198623696717116e-10  4.729873386695897e-08  1.298440346937613e-10  4.731081805761015e-13  2.200625975924863e-11  9.103860755155254e-10  8.007157839074092e-11  2.904837601318499e-13  1.022155354120406e-10  3.734307641687960e-13 
 9.999999999999837e+04  9.197830366915438e-10  4.729465461698365e-08  1.292808212791425e-10  4.710738892290056e-13  2.200625975875940e-11  9.103860754952972e-10  7.915500661047289e-11  2.871586203044362e-13  1.022155354097682e-10  3.734307645309826e-13 
 1.023292992280737e+05  9.197055029377429e-10  4.729066788212508e-08  1.287280475058462e-10  4.690773807525835e-13  2.200625975824711e-11  9.103860754741159e-10  7.824892674055185e-11  2.838715430476637e-13  1.022155354073888e-10  3.734307649102343e-13 
 1.047128548050882e+05  9.196297277508101e-10  4.728677157170018e-08  1.281855534700824e-10  4.671180743332223e-13  2.200625975771067e-11  9.103860754519362e-10  7.735321868107102e-11  2.806220926632642e-13  1.022155354048971e-10  3.734307653073968e-13 
 1.071519305237589e+05  9.195556713835522e-10  4.728296364193617e-08  1.276531807825800e-10  4.651953947021947e-13  2.200625975714896e-11  9.103860754287113e-10  7.646776370689584e-11  2.774098384403030e-13  1.022155354022880e-10  3.734307657232538e-13 
 1.096478196143167e+05  9.194832949809028e-10  4.727924209493298e-08  1.271307725738955e-10  4.633087721549932e-13  2.200625975656077e-11  9.103860754043917e-10  7.559244445192697e-11  2.742343545982141e-13  1.022155353995560e-10  3.734307661586930e-13 
 1.122018454301945e+05  9.194125605601761e-10  4.727560497764789e-08  1.266181734995957e-10  4.614576425699102e-13  2.200625975594486e-11  9.103860753789262e-10  7.472714489354369e-11  2.710952202303498e-13  1.022155353966951e-10  3.734307666146928e-13 
 1.148153621496864e+05  9.193434309917462e-10  4.727205038090214e-08  1.261152297452848e-10  4.596414474257930e-13  2.200625975529993e-11  9.103860753522604e-10  7.387175033722515e-11  2.679920192480582e-13  1.022155353936995e-10  3.734307670921431e-13 
 1.174897554939510e+05  9.192758699801414e-10  4.726857643840879e-08  1.256217890314524e-10  4.578596338196653e-13  2.200625975462459e-11  9.103860753243378e-10  7.302614740134764e-11  2.649243403257396e-13  1.022155353905627e-10  3.734307675921331e-13 
 1.202264434617393e+05  9.192098420455483e-10  4.726518132582155e-08  1.251377006181166e-10  4.561116544828399e-13  2.200625975391743e-11  9.103860752950993e-10  7.219022400215619e-11  2.618917768461184e-13  1.022155353872781e-10  3.734307681156663e-13 
 1.230268770812361e+05  9.191453125057119e-10  4.726186325980434e-08  1.246628153092392e-10  4.543969677967616e-13  2.200625975317696e-11  9.103860752644829e-10  7.136386933890782e-11  2.588939268464984e-13  1.022155353838387e-10  3.734307686638731e-13 
 1.258925411794146e+05  9.190822474582296e-10  4.725862049712068e-08  1.241969854568899e-10  4.527150378074966e-13  2.200625975240157e-11  9.103860752324235e-10  7.054697387918507e-11  2.559303929654070e-13  1.022155353802371e-10  3.734307692379076e-13 
 1.288249551693113e+05  9.190206137632275e-10  4.725545133374302e-08  1.237400649651396e-10  4.510653342394243e-13  2.200625975158965e-11  9.103860751988533e-10  6.973942934437754e-11  2.530007823899884e-13  1.022155353764658e-10  3.734307698390390e-13 
 1.318256738556385e+05  9.189603790264112e-10  4.725235410398118e-08  1.232919092936608e-10  4.494473325074360e-13  2.200625975073946e-11  9.103860751637009e-10  6.894112869532990e-11  2.501047068037822e-13  1.022155353725169e-10  3.734307704684282e-13 
 1.348962882591631e+05  9.189015115824869e-10  4.724932717962987e-08  1.228523754610177e-10  4.478605137287225e-13  2.200625974984920e-11  9.103860751268919e-10  6.815196611815360e-11  2.472417823355288e-13  1.022155353683818e-10  3.734307711275361e-13 
 1.380384264602862e+05  9.188439804789380e-10  4.724636896913460e-08  1.224213220476273e-10  4.463043647323054e-13  2.200625974891698e-11  9.103860750883481e-10  6.737183701020161e-11  2.444116295079916e-13  1.022155353640518e-10  3.734307718176890e-13 
 1.412537544622731e+05  9.187877554601595e-10  4.724347791677575e-08  1.219986091983761e-10  4.447783780681457e-13  2.200625974794083e-11  9.103860750479876e-10  6.660063796620342e-11  2.416138731878510e-13  1.022155353595177e-10  3.734307725403671e-13 
 1.445439770745904e+05  9.187328069519344e-10  4.724065250187046e-08  1.215840986248754e-10  4.432820520144494e-13  2.200625974691868e-11  9.103860750057254e-10  6.583826676455872e-11  2.388481425359196e-13  1.022155353547700e-10  3.734307732971161e-13 
 1.479108388168183e+05  9.186791060462483e-10  4.723789123799178e-08  1.211776536073426e-10  4.418148905836496e-13  2.200625974584835e-11  9.103860749614713e-10  6.508462235378807e-11  2.361140709579684e-13  1.022155353497985e-10  3.734307740895194e-13 
 1.513561248436183e+05  9.186266244864377e-10  4.723519267220508e-08  1.207791389960956e-10  4.403764035270547e-13  2.200625974472758e-11  9.103860749151314e-10  6.433960483913859e-11  2.334112960561745e-13  1.022155353445927e-10  3.734307749192616e-13 
 1.548816618912456e+05  9.185753346526595e-10  4.723255538432076e-08  1.203884212126477e-10  4.389661063379089e-13  2.200625974355400e-11  9.103860748666075e-10  6.360311546934309e-11  2.307394595810655e-13  1.022155353391416e-10  3.734307757881000e-13 
 1.584893192461087e+05  9.185252095476806e-10  4.722997798616373e-08  1.200053682503936e-10  4.375835202530245e-13  2.200625974232509e-11  9.103860748157970e-10  6.287505662353056e-11  2.280982073840621e-13  1.022155353334335e-10  3.734307766979130e-13 
 1.621810097358903e+05  9.184762227829749e-10  4.722745912085849e-08  1.196298496748768e-10  4.362281722526923e-13  2.200625974103827e-11  9.103860747625916e-10  6.215533179828685e-11  2.254871893704705e-13  1.022155353274564e-10  3.734307776505977e-13 
 1.659586907437533e+05  9.184283485651299e-10  4.722499746213012e-08  1.192617366236312e-10  4.348995950592653e-13  2.200625973969081e-11  9.103860747068788e-10  6.144384559486305e-11  2.229060594531436e-13  1.022155353211977e-10  3.734307786481781e-13 
 1.698243652461716e+05  9.183815616825453e-10  4.722259171362037e-08  1.189009018055888e-10  4.335973271339889e-13  2.200625973827984e-11  9.103860746485405e-10  6.074050370653052e-11  2.203544755065874e-13  1.022155353146440e-10  3.734307796927780e-13 
 1.737800828749346e+05  9.183358374924280e-10  4.722024060821903e-08  1.185472195000493e-10  4.323209126722175e-13  2.200625973680238e-11  9.103860745874528e-10  6.004521290608068e-11  2.178320993215958e-13  1.022155353077814e-10  3.734307807865944e-13 
 1.778279410038893e+05  9.182911519080688e-10  4.721794290740970e-08  1.182005655552062e-10  4.310699015971109e-13  2.200625973525529e-11  9.103860745234857e-10  5.935788103346783e-11  2.153385965604562e-13  1.022155353005954e-10  3.734307819319612e-13 
 1.819700858609953e+05  9.182474813864029e-10  4.721569740063004e-08  1.178608173862266e-10  4.298438495515869e-13  2.200625973363527e-11  9.103860744565043e-10  5.867841698359337e-11  2.128736367126150e-13  1.022155352930707e-10  3.734307831313225e-13 
 1.862087136662836e+05  9.182048029158394e-10  4.721350290464614e-08  1.175278539728823e-10  4.286423178885986e-13  2.200625973193893e-11  9.103860743863661e-10  5.800673069423007e-11  2.104368930508352e-13  1.022155352851915e-10  3.734307843871763e-13 
 1.905460717963215e+05  9.181630940043614e-10  4.721135826294067e-08  1.172015558567305e-10  4.274648736600096e-13  2.200625973016263e-11  9.103860743129224e-10  5.734273313408419e-11  2.080280425879741e-13  1.022155352769408e-10  3.734307857022289e-13 
 1.949844599758012e+05  9.181223326678876e-10  4.720926234511424e-08  1.168818051378447e-10  4.263110896035132e-13  2.200625972830261e-11  9.103860742360175e-10  5.668633629099465e-11  2.056467660341029e-13  1.022155352683013e-10  3.734307870792787e-13 
 1.995262314968846e+05  9.180824974188896e-10  4.720721404630042e-08  1.165684854710958e-10  4.251805441280533e-13  2.200625972635493e-11  9.103860741554879e-10  5.603745316026708e-11  2.032927477541855e-13  1.022155352592547e-10  3.734307885212206e-13 
 2.041737944669495e+05  9.180435672552621e-10  4.720521228659319e-08  1.162614820619863e-10  4.240728212976845e-13  2.200625972431547e-11  9.103860740711632e-10  5.539599773314137e-11  2.009656757262755e-13  1.022155352497817e-10  3.734307900311104e-13 
 2.089296130854004e+05  9.180055216494356e-10  4.720325601048740e-08  1.159606816620390e-10  4.229875108137617e-13  2.200625972217987e-11  9.103860739828644e-10  5.476188498539133e-11  1.986652415001647e-13  1.022155352398623e-10  3.734307916121854e-13 
 2.137962089502196e+05  9.179683405377336e-10  4.720134418633130e-08  1.156659725637442e-10  4.219242079953737e-13  2.200625971994365e-11  9.103860738904043e-10  5.413503086605488e-11  1.963911401564335e-13  1.022155352294753e-10  3.734307932677479e-13 
 2.187761623949515e+05  9.179320043099605e-10  4.719947580579139e-08  1.153772445950704e-10  4.208825137584820e-13  2.200625971760204e-11  9.103860737935867e-10  5.351535228629306e-11  1.941430702661075e-13  1.022155352185989e-10  3.734307950013068e-13 
 2.238721138568301e+05  9.178964937992240e-10  4.719764988332898e-08  1.150943891135424e-10  4.198620345933911e-13  2.200625971515004e-11  9.103860736922060e-10  5.290276710837675e-11  1.919207338507246e-13  1.022155352072098e-10  3.734307968166275e-13 
 2.290867652767734e+05  9.178617902719805e-10  4.719586545568835e-08  1.148172989998949e-10  4.188623825403068e-13  2.200625971258252e-11  9.103860735860477e-10  5.229719413479950e-11  1.897238363426904e-13  1.022155351952841e-10  3.734307987174523e-13 
 2.344228815319882e+05  9.178278754182998e-10  4.719412158139634e-08  1.145458686513049e-10  4.178831751641227e-13  2.200625970989398e-11  9.103860734748861e-10  5.169855309751466e-11  1.875520865464278e-13  1.022155351827963e-10  3.734308007078823e-13 
 2.398832919019449e+05  9.177947313423493e-10  4.719241734027290e-08  1.142799939742139e-10  4.169240355270092e-13  2.200625970707873e-11  9.103860733584857e-10  5.110676464729612e-11  1.854051965996472e-13  1.022155351697199e-10  3.734308027921278e-13 
 2.454708915684988e+05  9.177623405530853e-10  4.719075183295251e-08  1.140195723767448e-10  4.159845921598849e-13  2.200625970413081e-11  9.103860732365995e-10  5.052175034322062e-11  1.832828819352149e-13  1.022155351560273e-10  3.734308049745599e-13 
 2.511886431509537e+05  9.177306859551527e-10  4.718912418041640e-08  1.137645027607246e-10  4.150644790326125e-13  2.200625970104395e-11  9.103860731089688e-10  4.994343264227034e-11  1.811848612435224e-13  1.022155351416893e-10  3.734308072598986e-13 
 2.570395782768819e+05  9.176997508399873e-10  4.718753352353488e-08  1.135146855133193e-10  4.141633355222521e-13  2.200625969781162e-11  9.103860729753234e-10  4.937173488905490e-11  1.791108564350433e-13  1.022155351266756e-10  3.734308096529033e-13 
 2.630267991895336e+05  9.176695188771128e-10  4.718597902262003e-08  1.132700224982931e-10  4.132808063806801e-13  2.200625969442694e-11  9.103860728353792e-10  4.880658130565048e-11  1.770605926036347e-13  1.022155351109544e-10  3.734308121587115e-13 
 2.691534803926869e+05  9.176399741056359e-10  4.718445985698831e-08  1.130304170469002e-10  4.124165417002560e-13  2.200625969088275e-11  9.103860726888398e-10  4.824789698155578e-11  1.750337979899817e-13  1.022155350944922e-10  3.734308147826063e-13 
 2.754228703338119e+05  9.176111009259255e-10  4.718297522453279e-08  1.127957739484205e-10  4.115701968786291e-13  2.200625968717154e-11  9.103860725353941e-10  4.769560786376257e-11  1.730302039456405e-13  1.022155350772542e-10  3.734308175301598e-13 
 2.818382931264405e+05  9.175828840914809e-10  4.718152434130498e-08  1.125659994403498e-10  4.107414325821077e-13  2.200625968328542e-11  9.103860723747166e-10  4.714964074694008e-11  1.710495448974074e-13  1.022155350592037e-10  3.734308204071967e-13 
 2.884031503126556e+05  9.175553087009788e-10  4.718010644110607e-08  1.123410011982548e-10  4.099299147079000e-13  2.200625967921615e-11  9.103860722064668e-10  4.660992326373169e-11  1.690915583121249e-13  1.022155350403027e-10  3.734308234198182e-13 
 2.951209226666334e+05  9.175283601904978e-10  4.717872077508701e-08  1.121206883253069e-10  4.091353143452327e-13  2.200625967495509e-11  9.103860720302877e-10  4.607638387516267e-11  1.671559846619022e-13  1.022155350205108e-10  3.734308265744571e-13 
 3.019951720401964e+05  9.175020243259164e-10  4.717736661135779e-08  1.119049713415029e-10  4.083573077351469e-13  2.200625967049323e-11  9.103860718458054e-10  4.554895186115789e-11  1.652425673896475e-13  1.022155349997861e-10  3.734308298777369e-13 
 3.090295432513537e+05  9.174762871954814e-10  4.717604323460517e-08  1.116937621725876e-10  4.075955762296239e-13  2.200625966582108e-11  9.103860716526289e-10  4.502755731116779e-11  1.633510528751561e-13  1.022155349780848e-10  3.734308333366931e-13 
 3.162277660168324e+05  9.174511352025393e-10  4.717474994571923e-08  1.114869741386892e-10  4.068498062493418e-13  2.200625966092874e-11  9.103860714503481e-10  4.451213111490183e-11  1.614811904014454e-13  1.022155349553606e-10  3.734308369586784e-13 
 3.235936569296226e+05  9.174265550584334e-10  4.717348606142791e-08  1.112845219426793e-10  4.061196892405573e-13  2.200625965580584e-11  9.103860712385342e-10  4.400260495316812e-11  1.596327321215155e-13  1.022155349315655e-10  3.734308407513596e-13 
 3.311311214825853e+05  9.174025337755559e-10  4.717225091394004e-08  1.110863216582708e-10  4.054049216311542e-13  2.200625965044149e-11  9.103860710167375e-10  4.349891128881760e-11  1.578054330255303e-13  1.022155349066490e-10  3.734308447228043e-13 
 3.388441561391967e+05  9.173790586605588e-10  4.717104385059613e-08  1.108922907178661e-10  4.047052047856111e-13  2.200625964482433e-11  9.103860707844881e-10  4.300098335779216e-11  1.559990509082959e-13  1.022155348805582e-10  3.734308488813883e-13 
 3.467368504525256e+05  9.173561173077121e-10  4.716986423352704e-08  1.107023479001674e-10  4.040202449594244e-13  2.200625963894244e-11  9.103860705412931e-10  4.250875516027514e-11  1.542133463372268e-13  1.022155348532378e-10  3.734308532359744e-13 
 3.548133892335693e+05  9.173336975924148e-10  4.716871143932025e-08  1.105164133175624e-10  4.033497532523963e-13  2.200625963278335e-11  9.103860702866366e-10  4.202216145194299e-11  1.524480826205447e-13  1.022155348246299e-10  3.734308577957753e-13 
 3.630780547700950e+05  9.173117876648484e-10  4.716758485869362e-08  1.103344084032979e-10  4.026934455614361e-13  2.200625962633400e-11  9.103860700199785e-10  4.154113773531733e-11  1.507030257759435e-13  1.022155347946736e-10  3.734308625704585e-13 
 3.715352290971660e+05  9.172903759437722e-10  4.716648389617653e-08  1.101562558984537e-10  4.020510425326123e-13  2.200625961958069e-11  9.103860697407535e-10  4.106562025121583e-11  1.489779444995920e-13  1.022155347633056e-10  3.734308675702063e-13 
 3.801893963205545e+05  9.172694511104589e-10  4.716540796979789e-08  1.099818798387286e-10  4.014222695123054e-13  2.200625961250911e-11  9.103860694483688e-10  4.059554597030093e-11  1.472726101354019e-13  1.022155347304593e-10  3.734308728055513e-13 
 3.890451449942738e+05  9.172490021027646e-10  4.716435651078151e-08  1.098112055410531e-10  4.008068564982206e-13  2.200625960510425e-11  9.103860691422044e-10  4.013085258472542e-11  1.455867966448220e-13  1.022155346960649e-10  3.734308782876484e-13 
 3.981071705534903e+05  9.172290181093329e-10  4.716332896324795e-08  1.096441595900381e-10  4.002045380893179e-13  2.200625959735043e-11  9.103860688216110e-10  3.967147849987364e-11  1.439202805767866e-13  1.022155346600496e-10  3.734308840280666e-13 
 4.073802778041056e+05  9.172094885639271e-10  4.716232478392334e-08  1.094806698242742e-10  3.996150534357524e-13  2.200625958923116e-11  9.103860684859085e-10  3.921736282619696e-11  1.422728410382028e-13  1.022155346223370e-10  3.734308900390774e-13 
 4.168693834703281e+05  9.171904031398900e-10  4.716134344185445e-08  1.093206653224929e-10  3.990381461877105e-13  2.200625958072925e-11  9.103860681343849e-10  3.876844537114318e-11  1.406442596645481e-13  1.022155345828470e-10  3.734308963333588e-13 
 4.265795188015852e+05  9.171717517447289e-10  4.716038441813037e-08  1.091640763896011e-10  3.984735644444385e-13  2.200625957182667e-11  9.103860677662943e-10  3.832466663117789e-11  1.390343205910307e-13  1.022155345414959e-10  3.734309029242848e-13 
 4.365158322401583e+05  9.171535245148207e-10  4.715944720561036e-08  1.090108345426013e-10  3.979210607024467e-13  2.200625956250450e-11  9.103860673808561e-10  3.788596778389740e-11  1.374428104239242e-13  1.022155344981959e-10  3.734309098258117e-13 
 4.466835921509552e+05  9.171357118102365e-10  4.715853130865781e-08  1.088608724964091e-10  3.973803918036509e-13  2.200625955274300e-11  9.103860669772530e-10  3.745229068023184e-11  1.358695182123326e-13  1.022155344528553e-10  3.734309170526347e-13 
 4.570881896148669e+05  9.171183042096808e-10  4.715763624288001e-08  1.087141241495785e-10  3.968513188828697e-13  2.200625954252145e-11  9.103860665546284e-10  3.702357783673757e-11  1.343142354201611e-13  1.022155344053779e-10  3.734309246200302e-13 
 4.677351412871899e+05  9.171012925055463e-10  4.715676153487418e-08  1.085705245699470e-10  3.963336073154379e-13  2.200625953181818e-11  9.103860661120864e-10  3.659977242797781e-11  1.327767558985418e-13  1.022155343556629e-10  3.734309325440606e-13 
 4.786300923226299e+05  9.170846676990784e-10  4.715590672197872e-08  1.084300099802115e-10  3.958270266643168e-13  2.200625952061048e-11  9.103860656486878e-10  3.618081827899042e-11  1.312568758584796e-13  1.022155343036050e-10  3.734309408415236e-13 
 4.897788193684375e+05  9.170684209956489e-10  4.715507135203034e-08  1.082925177434443e-10  3.953313506271752e-13  2.200625950887459e-11  9.103860651634501e-10  3.576665985784203e-11  1.297543938438665e-13  1.022155342490936e-10  3.734309495300534e-13 
 5.011872336272634e+05  9.170525438001336e-10  4.715425498312661e-08  1.081579863485612e-10  3.948463569831404e-13  2.200625949658558e-11  9.103860646553437e-10  3.535724226826722e-11  1.282691107047466e-13  1.022155341920132e-10  3.734309586280588e-13 
 5.128613839913558e+05  9.170370277123979e-10  4.715345718339377e-08  1.080263553957515e-10  3.943718275396238e-13  2.200625948371741e-11  9.103860641232910e-10  3.495251124239220e-11  1.268008295709494e-13  1.022155341322426e-10  3.734309681548409e-13 
 5.248074602497633e+05  9.170218645228795e-10  4.715267753075986e-08  1.078975655818785e-10  3.939075480789545e-13  2.200625947024279e-11  9.103860635661634e-10  3.455241313354152e-11  1.253493558259893e-13  1.022155340696552e-10  3.734309781306090e-13 
 5.370317963702432e+05  9.170070462082732e-10  4.715191561273280e-08  1.077715586858620e-10  3.934533083049651e-13  2.200625945613314e-11  9.103860629827795e-10  3.415689490912731e-11  1.239144970812634e-13  1.022155340041181e-10  3.734309885764965e-13 
 5.495408738576148e+05  9.169925649273096e-10  4.715117102618370e-08  1.076482775540506e-10  3.930089017896917e-13  2.200625944135851e-11  9.103860623719011e-10  3.376590414361979e-11  1.224960631505849e-13  1.022155339354924e-10  3.734309995146995e-13 
 5.623413251903391e+05  9.169784130166339e-10  4.715044337713481e-08  1.075276660855940e-10  3.925741259198714e-13  2.200625942588758e-11  9.103860617322333e-10  3.337938901159839e-11  1.210938660249385e-13  1.022155338636324e-10  3.734310109684053e-13 
 5.754399373371467e+05  9.169645829867705e-10  4.714973228055236e-08  1.074096692178230e-10  3.921487818436802e-13  2.200625940968752e-11  9.103860610624188e-10  3.299729828088222e-11  1.197077198475834e-13  1.022155337883858e-10  3.734310229619049e-13 
 5.888436553555785e+05  9.169510675181831e-10  4.714903736014409e-08  1.072942329116465e-10  3.917326744174891e-13  2.200625939272398e-11  9.103860603610364e-10  3.261958130573938e-11  1.183374408894230e-13  1.022155337095928e-10  3.734310355206444e-13 
 6.025595860743470e+05  9.169378594574234e-10  4.714835824816127e-08  1.071813041369737e-10  3.913256121527147e-13  2.200625937496098e-11  9.103860596265994e-10  3.224618802017384e-11  1.169828475246501e-13  1.022155336270865e-10  3.734310486712659e-13 
 6.165950018614712e+05  9.169249518133623e-10  4.714769458520521e-08  1.070708308581682e-10  3.909274071627926e-13  2.200625935636082e-11  9.103860588575492e-10  3.187706893128919e-11  1.156437602066672e-13  1.022155335406919e-10  3.734310624416329e-13 
 6.309573444801820e+05  9.169123377535104e-10  4.714704602003815e-08  1.069627620195432e-10  3.905378751104592e-13  2.200625933688407e-11  9.103860580522551e-10  3.151217511272848e-11  1.143200014443248e-13  1.022155334502255e-10  3.734310768609947e-13 
 6.456542290346441e+05  9.169000106004179e-10  4.714641220939838e-08  1.068570475309043e-10  3.901568351549719e-13  2.200625931648941e-11  9.103860572090084e-10  3.115145819818898e-11  1.130113957783559e-13  1.022155333554956e-10  3.734310919599113e-13 
 6.606934480075843e+05  9.168879638281580e-10  4.714579281781949e-08  1.067536382531470e-10  3.897841098998009e-13  2.200625929513358e-11  9.103860563260209e-10  3.079487037501131e-11  1.117177697581556e-13  1.022155332563012e-10  3.734311077704211e-13 
 6.760829753919698e+05  9.168761910588869e-10  4.714518751745388e-08  1.066524859839150e-10  3.894195253404185e-13  2.200625927277127e-11  9.103860554014193e-10  3.044236437784182e-11  1.104389519187846e-13  1.022155331524319e-10  3.734311243260760e-13 
 6.918309709189242e+05  9.168646860594832e-10  4.714459598789996e-08  1.065535434433279e-10  3.890629108123219e-13  2.200625924935507e-11  9.103860544332427e-10  3.009389348236768e-11  1.091747727582269e-13  1.022155330436674e-10  3.734311416619485e-13 
 7.079457843841253e+05  9.168534427382615e-10  4.714401791603354e-08  1.064567642597807e-10  3.887140989395464e-13  2.200625922483529e-11  9.103860534194373e-10  2.974941149912352e-11  1.079250647149660e-13  1.022155329297770e-10  3.734311598148363e-13 
 7.244359600749771e+05  9.168424551417601e-10  4.714345299584278e-08  1.063621029558255e-10  3.883729255832504e-13  2.200625919915994e-11  9.103860523578527e-10  2.940887276736908e-11  1.066896621457515e-13  1.022155328105191e-10  3.734311788232450e-13 
 7.413102413009043e+05  9.168317174516021e-10  4.714290092826707e-08  1.062695149341371e-10  3.880392297907530e-13  2.200625917227454e-11  9.103860512462371e-10  2.907223214903686e-11  1.054684013036546e-13  1.022155326856408e-10  3.734311987274926e-13 
 7.585775750291703e+05  9.168212239814245e-10  4.714236142103936e-08  1.061789564635703e-10  3.877128537448851e-13  2.200625914412207e-11  9.103860500822327e-10  2.873944502274916e-11  1.042611203163675e-13  1.022155325548771e-10  3.734312195697872e-13 
 7.762471166286779e+05  9.168109691738797e-10  4.714183418853226e-08  1.060903846653124e-10  3.873936427137693e-13  2.200625911464281e-11  9.103860488633706e-10  2.841046727790340e-11  1.030676591647662e-13  1.022155324179507e-10  3.734312413943685e-13 
 7.943282347242674e+05  9.168009475977003e-10  4.714131895160736e-08  1.060037574991369e-10  3.870814450008068e-13  2.200625908377424e-11  9.103860475870651e-10  2.808525530882542e-11  1.018878596616742e-13  1.022155322745712e-10  3.734312642474859e-13 
 8.128305161640848e+05  9.167911539448341e-10  4.714081543746819e-08  1.059190337497620e-10  3.867761118953595e-13  2.200625905145089e-11  9.103860462506096e-10  2.776376600898947e-11  1.007215654309475e-13  1.022155321244345e-10  3.734312881776660e-13 
 8.317637711026561e+05  9.167815830276397e-10  4.714032337951637e-08  1.058361730133187e-10  3.864774976234535e-13  2.200625901760418e-11  9.103860448511685e-10  2.744595676530444e-11  9.956862188669585e-14  1.022155319672219e-10  3.734313132356079e-13 
 8.511380382023612e+05  9.167722297761478e-10  4.713984251721103e-08  1.057551356839326e-10  3.861854592993773e-13  2.200625898216231e-11  9.103860433857737e-10  2.713178545246555e-11  9.842887621286460e-14  1.022155318026002e-10  3.734313394745325e-13 
 8.709635899560649e+05  9.167630892353827e-10  4.713937259593144e-08  1.056758829404223e-10  3.858998568771748e-13  2.200625894505013e-11  9.103860418513173e-10  2.682121042737065e-11  9.730217734290874e-14  1.022155316302201e-10  3.734313669500101e-13 
 8.912509381337294e+05  9.167541565627437e-10  4.713891336684271e-08  1.055983767331187e-10  3.856205531032130e-13  2.200625890618891e-11  9.103860402445441e-10  2.651419052360036e-11  9.618837593985935e-14  1.022155314497160e-10  3.734313957203923e-13 
 9.120108393558932e+05  9.167454270254453e-10  4.713846458676455e-08  1.055225797708090e-10  3.853474134686230e-13  2.200625886549621e-11  9.103860385620459e-10  2.621068504596154e-11  9.508732437646766e-14  1.022155312607050e-10  3.734314258466771e-13 
 9.332543007969741e+05  9.167368959980164e-10  4.713802601804298e-08  1.054484555078070e-10  3.850803061625896e-13  2.200625882288572e-11  9.103860368002543e-10  2.591065376509312e-11  9.399887671567127e-14  1.022155310627862e-10  3.734314573927399e-13 
 9.549925860214186e+05  9.167285589598525e-10  4.713759742842495e-08  1.053759681311532e-10  3.848191020261096e-13  2.200625877826707e-11  9.103860349554317e-10  2.561405691213365e-11  9.292288869127852e-14  1.022155308555397e-10  3.734314904255527e-13 
 9.772372209557928e+05  9.167204114928262e-10  4.713717859093577e-08  1.053050825479487e-10  3.845636745059512e-13  2.200625873154561e-11  9.103860330236656e-10  2.532085517345001e-11  9.185921768880257e-14  1.022155306385261e-10  3.734315250151229e-13 
 9.999999999999817e+05  9.167124492789477e-10  4.713676928375942e-08  1.052357643728225e-10  3.843138996095949e-13  2.200625868262222e-11  9.103860310008579e-10  2.503100968542628e-11  9.080772272663100e-14  1.022155304112849e-10  3.734315612349029e-13 
 1.023292992280735e+06  9.167046680980807e-10  4.713636929012133e-08  1.051679799155368e-10  3.840696558600529e-13  2.200625863139314e-11  9.103860288827181e-10  2.474448202931250e-11  8.976826443725913e-14  1.022155301733341e-10  3.734315991615891e-13 
 1.047128548050880e+06  9.166970638257085e-10  4.713597839817413e-08  1.051016961687318e-10  3.838308242520718e-13  2.200625857774972e-11  9.103860266647540e-10  2.446123422613212e-11  8.874070504894315e-14  1.022155299241691e-10  3.734316388757671e-13 
 1.071519305237587e+06  9.166896324307466e-10  4.713559640088568e-08  1.050368807958106e-10  3.835972882078394e-13  2.200625852157816e-11  9.103860243422600e-10  2.418122873164791e-11  8.772490836732338e-14  1.022155296632613e-10  3.734316804615710e-13 
 1.096478196143165e+06  9.166823699734112e-10  4.713522309592990e-08  1.049735021189676e-10  3.833689335341339e-13  2.200625846275933e-11  9.103860219103104e-10  2.390442843138553e-11  8.672073975747090e-14  1.022155293900573e-10  3.734317240072356e-13 
 1.122018454301943e+06  9.166752726031284e-10  4.713485828557987e-08  1.049115291073605e-10  3.831456483795155e-13  2.200625840116844e-11  9.103860193637468e-10  2.363079663571386e-11  8.572806612602424e-14  1.022155291039776e-10  3.734317696051734e-13 
 1.148153621496861e+06  9.166683365564929e-10  4.713450177660344e-08  1.048509313654279e-10  3.829273231920413e-13  2.200625833667487e-11  9.103860166971671e-10  2.336029707498188e-11  8.474675590352842e-14  1.022155288044153e-10  3.734318173520433e-13 
 1.174897554939508e+06  9.166615581552732e-10  4.713415338016115e-08  1.047916791213533e-10  3.827138506778656e-13  2.200625826914181e-11  9.103860139049155e-10  2.309289389471104e-11  8.377667902705195e-14  1.022155284907351e-10  3.734318673491564e-13 
 1.202264434617390e+06  9.166549338044593e-10  4.713381291170660e-08  1.047337432156769e-10  3.825051257600481e-13  2.200625819842600e-11  9.103860109810691e-10  2.282855165084275e-11  8.281770692292709e-14  1.022155281622717e-10  3.734319197025589e-13 
 1.230268770812358e+06  9.166484599903542e-10  4.713348019088889e-08  1.046770950900553e-10  3.823010455380980e-13  2.200625812437747e-11  9.103860079194261e-10  2.256723530504023e-11  8.186971248972848e-14  1.022155278183282e-10  3.734319745233019e-13 
 1.258925411794143e+06  9.166421332787084e-10  4.713315504145738e-08  1.046217067761703e-10  3.821015092479791e-13  2.200625804683914e-11  9.103860047134924e-10  2.230891022004415e-11  8.093257008142675e-14  1.022155274581752e-10  3.734320319276299e-13 
 1.288249551693110e+06  9.166359503128948e-10  4.713283729116860e-08  1.045675508847872e-10  3.819064182228707e-13  2.200625796564654e-11  9.103860013564677e-10  2.205354215508140e-11  8.000615549077725e-14  1.022155270810487e-10  3.734320920373713e-13 
 1.318256738556382e+06  9.166299078121253e-10  4.713252677169523e-08  1.045146005949629e-10  3.817156758540844e-13  2.200625788062746e-11  9.103859978412315e-10  2.180109726132653e-11  7.909034593281430e-14  1.022155266861488e-10  3.734321549799484e-13 
 1.348962882591628e+06  9.166240025697045e-10  4.713222331853715e-08  1.044628296434043e-10  3.815291875530475e-13  2.200625779160156e-11  9.103859941603272e-10  2.155154207741490e-11  7.818502002864129e-14  1.022155262726379e-10  3.734322208888910e-13 
 1.380384264602859e+06  9.166182314513249e-10  4.713192677093462e-08  1.044122123139764e-10  3.813468607135514e-13  2.200625769837998e-11  9.103859903059471e-10  2.130484352500745e-11  7.729005778934416e-14  1.022155258396387e-10  3.734322899040744e-13 
 1.412537544622727e+06  9.166125913933981e-10  4.713163697178316e-08  1.043627234273617e-10  3.811686046743757e-13  2.200625760076501e-11  9.103859862699163e-10  2.106096890440611e-11  7.640534060005261e-14  1.022155253862330e-10  3.734323621717867e-13 
 1.445439770745900e+06  9.166070794014204e-10  4.713135376755069e-08  1.043143383308681e-10  3.809943306830226e-13  2.200625749854960e-11  9.103859820436727e-10  2.081988589021932e-11  7.553075120429589e-14  1.022155249114589e-10  3.734324378453472e-13 
 1.479108388168179e+06  9.166016925483794e-10  4.713107700819625e-08  1.042670328883884e-10  3.808239518595499e-13  2.200625739151692e-11  9.103859776182526e-10  2.058156252707732e-11  7.466617368844381e-14  1.022155244143094e-10  3.734325170852854e-13 
 1.513561248436179e+06  9.165964279731909e-10  4.713080654709082e-08  1.042207834705083e-10  3.806573831610986e-13  2.200625727943995e-11  9.103859729842690e-10  2.034596722539640e-11  7.381149346635418e-14  1.022155238937299e-10  3.734326000596651e-13 
 1.548816618912452e+06  9.165912828791717e-10  4.713054224093970e-08  1.041755669447642e-10  3.804945413470380e-13  2.200625716208095e-11  9.103859681318925e-10  2.011306875719163e-11  7.296659726420794e-14  1.022155233486163e-10  3.734326869444823e-13 
 1.584893192461083e+06  9.165862545325459e-10  4.713028394970687e-08  1.041313606660493e-10  3.803353449446654e-13  2.200625703919099e-11  9.103859630508308e-10  1.988283625193749e-11  7.213137310551728e-14  1.022155227778123e-10  3.734327779240734e-13 
 1.621810097358899e+06  9.165813402609819e-10  4.713003153654082e-08  1.040881424671679e-10  3.801797142152443e-13  2.200625691050941e-11  9.103859577303057e-10  1.965523919247599e-11  7.130571029626472e-14  1.022155221801072e-10  3.734328731913274e-13 
 1.659586907437529e+06  9.165765374521644e-10  4.712978486770236e-08  1.040458906495372e-10  3.800275711210679e-13  2.200625677576327e-11  9.103859521590324e-10  1.943024741097148e-11  7.048949941030220e-14  1.022155215542331e-10  3.734329729483772e-13 
 1.698243652461712e+06  9.165718435523936e-10  4.712954381249378e-08  1.040045839740360e-10  3.798788392925356e-13  2.200625663466674e-11  9.103859463251934e-10  1.920783108491186e-11  6.968263227481595e-14  1.022155208988625e-10  3.734330774067782e-13 
 1.737800828749342e+06  9.165672560652152e-10  4.712930824318983e-08  1.039642016519983e-10  3.797334439962332e-13  2.200625648692052e-11  9.103859402164138e-10  1.898796073315548e-11  6.888500195604348e-14  1.022155202126052e-10  3.734331867881539e-13 
 1.778279410038889e+06  9.165627725500825e-10  4.712907803497008e-08  1.039247233363530e-10  3.795913121031459e-13  2.200625633221125e-11  9.103859338197365e-10  1.877060721202343e-11  6.809650274507806e-14  1.022155194940057e-10  3.734333013244500e-13 
 1.819700858609949e+06  9.165583906210439e-10  4.712885306585299e-08  1.038861291129069e-10  3.794523720578679e-13  2.200625617021076e-11  9.103859271215933e-10  1.855574171143633e-11  6.731703014391890e-14  1.022155187415395e-10  3.734334212586567e-13 
 1.862087136662832e+06  9.165541079454588e-10  4.712863321663140e-08  1.038483994917705e-10  3.793165538479072e-13  2.200625600057543e-11  9.103859201077764e-10  1.834333575109555e-11  6.654648085160109e-14  1.022155179536109e-10  3.734335468451111e-13 
 1.905460717963211e+06  9.165499222427425e-10  4.712841837080946e-08  1.038115153989261e-10  3.791837889739669e-13  2.200625582294544e-11  9.103859127634089e-10  1.813336117670801e-11  6.578475275056305e-14  1.022155171285482e-10  3.734336783502542e-13 
 1.949844599758008e+06  9.165458312831342e-10  4.712820841454097e-08  1.037754581679363e-10  3.790540104203451e-13  2.200625563694398e-11  9.103859050729120e-10  1.792579015625422e-11  6.503174489309710e-14  1.022155162646016e-10  3.734338160530006e-13 
 1.995262314968841e+06  9.165418328864945e-10  4.712800323656926e-08  1.037402095317919e-10  3.789271526261059e-13  2.200625544217658e-11  9.103858970199732e-10  1.772059517629905e-11  6.428735748799838e-14  1.022155153599385e-10  3.734339602453671e-13 
 2.041737944669490e+06  9.165379249211250e-10  4.712780272816822e-08  1.037057516148984e-10  3.788031514569409e-13  2.200625523823007e-11  9.103858885875115e-10  1.751774903834472e-11  6.355149188739430e-14  1.022155144126398e-10  3.734341112332891e-13 
 2.089296130853999e+06  9.165341053026133e-10  4.712760678308493e-08  1.036720669251994e-10  3.786819441770478e-13  2.200625502467187e-11  9.103858797576406e-10  1.731722485522547e-11  6.282405057363911e-14  1.022155134206965e-10  3.734342693369605e-13 
 2.137962089502191e+06  9.165303719927018e-10  4.712741529748328e-08  1.036391383464350e-10  3.785634694221032e-13  2.200625480104898e-11  9.103858705116308e-10  1.711899604754362e-11  6.210493714645667e-14  1.022155123820043e-10  3.734344348917683e-13 
 2.187761623949510e+06  9.165267229981788e-10  4.712722816988917e-08  1.036069491305355e-10  3.784476671723050e-13  2.200625456688708e-11  9.103858608298700e-10  1.692303634014627e-11  6.139405631015577e-14  1.022155112943601e-10  3.734346082488140e-13 
 2.238721138568296e+06  9.165231563697940e-10  4.712704530113674e-08  1.035754828901474e-10  3.783344787263197e-13  2.200625432168949e-11  9.103858506918229e-10  1.672931975864240e-11  6.069131386105736e-14  1.022155101554569e-10  3.734347897758519e-13 
 2.290867652767729e+06  9.165196702011912e-10  4.712686659431598e-08  1.035447235912906e-10  3.782238466753810e-13  2.200625406493607e-11  9.103858400759840e-10  1.653782062595985e-11  5.999661667500792e-14  1.022155089628788e-10  3.734349798579054e-13 
 2.344228815319877e+06  9.165162626278696e-10  4.712669195472134e-08  1.035146555461466e-10  3.781157148781018e-13  2.200625379608227e-11  9.103858289598367e-10  1.634851355894167e-11  5.930987269507080e-14  1.022155077140963e-10  3.734351788981221e-13 
 2.398832919019444e+06  9.165129318261561e-10  4.712652128980172e-08  1.034852634059738e-10  3.780100284358279e-13  2.200625351455778e-11  9.103858173198019e-10  1.616137346498140e-11  5.863099091936490e-14  1.022155064064605e-10  3.734353873187017e-13 
 2.454708915684983e+06  9.165096760122062e-10  4.712635450911143e-08  1.034565321541510e-10  3.779067336682987e-13  2.200625321976547e-11  9.103858051311897e-10  1.597637553869691e-11  5.795988138901383e-14  1.022155050371978e-10  3.734356055616736e-13 
 2.511886431509531e+06  9.165064934410191e-10  4.712619152426238e-08  1.034284470993460e-10  3.778057780900988e-13  2.200625291108003e-11  9.103857923681466e-10  1.579349525864225e-11  5.729645517628003e-14  1.022155036034039e-10  3.734358340900048e-13 
 2.570395782768813e+06  9.165033824054718e-10  4.712603224887726e-08  1.034009938688077e-10  3.777071103872294e-13  2.200625258784671e-11  9.103857790036002e-10  1.561270838405717e-11  5.664062437277833e-14  1.022155021020373e-10  3.734360733883814e-13 
 2.630267991895330e+06  9.165003412353738e-10  4.712587659854379e-08  1.033741584017810e-10  3.776106803944590e-13  2.200625224937989e-11  9.103857650092025e-10  1.543399095165383e-11  5.599230207787115e-14  1.022155005299136e-10  3.734363239643229e-13 
 2.691534803926863e+06  9.164973682965377e-10  4.712572449077017e-08  1.033479269430426e-10  3.775164390732117e-13  2.200625189496164e-11  9.103857503552703e-10  1.525731927244024e-11  5.535140238720452e-14  1.022154988836981e-10  3.734365863493931e-13 
 2.754228703338112e+06  9.164944619898644e-10  4.712557584494124e-08  1.033222860365555e-10  3.774243384895290e-13  2.200625152384018e-11  9.103857350107203e-10  1.508266992858014e-11  5.471784038131672e-14  1.022154971598989e-10  3.734368611000570e-13 
 2.818382931264398e+06  9.164916207504494e-10  4.712543058227603e-08  1.032972225192417e-10  3.773343317930305e-13  2.200625113522833e-11  9.103857189430045e-10  1.491001977028870e-11  5.409153211445563e-14  1.022154953548596e-10  3.734371487991034e-13 
 2.884031503126549e+06  9.164888430467014e-10  4.712528862578584e-08  1.032727235148700e-10  3.772463731959106e-13  2.200625072830179e-11  9.103857021180415e-10  1.473934591276383e-11  5.347239460346171e-14  1.022154934647516e-10  3.734374500566861e-13 
 2.951209226666328e+06  9.164861273794767e-10  4.712514990023361e-08  1.032487764280592e-10  3.771604179528336e-13  2.200625030219743e-11  9.103856845001437e-10  1.457062573315256e-11  5.286034581684127e-14  1.022154914855657e-10  3.734377655118455e-13 
 3.019951720401957e+06  9.164834722812282e-10  4.712501433209408e-08  1.032253689383930e-10  3.770764223408434e-13  2.200624985601140e-11  9.103856660519408e-10  1.440383686755215e-11  5.225530466390173e-14  1.022154894131037e-10  3.734380958336373e-13 
 3.090295432513529e+06  9.164808763151694e-10  4.712488184951483e-08  1.032024889946471e-10  3.769943436400719e-13  2.200624938879731e-11  9.103856467343022e-10  1.423895720804550e-11  5.165719098406087e-14  1.022154872429697e-10  3.734384417226551e-13 
 3.162277660168317e+06  9.164783380744507e-10  4.712475238227829e-08  1.031801248091243e-10  3.769141401148799e-13  2.200624889956412e-11  9.103856265062526e-10  1.407596489977053e-11  5.106592553627520e-14  1.022154849705605e-10  3.734388039125861e-13 
 3.235936569296218e+06  9.164758561813484e-10  4.712462586176453e-08  1.031582648520992e-10  3.768357709951822e-13  2.200624838727411e-11  9.103856053248859e-10  1.391483833802299e-11  5.048142998855412e-14  1.022154825910563e-10  3.734391831715629e-13 
 3.311311214825845e+06  9.164734292864669e-10  4.712450222091494e-08  1.031368978463676e-10  3.767591964586535e-13  2.200624785084067e-11  9.103855831452736e-10  1.375555616539254e-11  4.990362690765373e-14  1.022154800994096e-10  3.734395803040057e-13 
 3.388441561391958e+06  9.164710560679531e-10  4.712438139419667e-08  1.031160127619013e-10  3.766843776130808e-13  2.200624728912594e-11  9.103855599203704e-10  1.359809726893149e-11  4.933243974884895e-14  1.022154774903354e-10  3.734399961522336e-13 
 3.467368504525247e+06  9.164687352307192e-10  4.712426331756812e-08  1.030955988106054e-10  3.766112764792723e-13  2.200624670093845e-11  9.103855356009127e-10  1.344244077735601e-11  4.876779284583900e-14  1.022154747582995e-10  3.734404315982567e-13 
 3.548133892335684e+06  9.164664655056803e-10  4.712414792844479e-08  1.030756454411774e-10  3.765398559743644e-13  2.200624608503059e-11  9.103855101353168e-10  1.328856605827937e-11  4.820961140076421e-14  1.022154718975071e-10  3.734408875655991e-13 
 3.630780547700941e+06  9.164642456489974e-10  4.712403516566630e-08  1.030561423340654e-10  3.764700798957991e-13  2.200624544009594e-11  9.103854834695663e-10  1.313645271547668e-11  4.765782147436789e-14  1.022154689018898e-10  3.734413650214269e-13 
 3.715352290971651e+06  9.164620744413344e-10  4.712392496946392e-08  1.030370793965252e-10  3.764019129052555e-13  2.200624476476653e-11  9.103854555471003e-10  1.298608058618119e-11  4.711234997621053e-14  1.022154657650938e-10  3.734418649782783e-13 
 3.801893963205536e+06  9.164599506871205e-10  4.712381728142898e-08  1.030184467577728e-10  3.763353205137472e-13  2.200624405760988e-11  9.103854263086918e-10  1.283742973841123e-11  4.657312465508995e-14  1.022154624804654e-10  3.734423884966010e-13 
 3.890451449942728e+06  9.164578732138220e-10  4.712371204448194e-08  1.030002347642327e-10  3.762702690665003e-13  2.200624331712603e-11  9.103853956923226e-10  1.269048046832797e-11  4.604007408949018e-14  1.022154590410376e-10  3.734429366867323e-13 
 3.981071705534893e+06  9.164558408712233e-10  4.712360920284215e-08  1.029824339748790e-10  3.762067257286448e-13  2.200624254174434e-11  9.103853636330517e-10  1.254521329762323e-11  4.551312767818886e-14  1.022154554395149e-10  3.734435107113480e-13 
 4.073802778041046e+06  9.164538525307118e-10  4.712350870199824e-08  1.029650351566688e-10  3.761446584711838e-13  2.200624172982012e-11  9.103853300628774e-10  1.240160897093731e-11  4.499221563095505e-14  1.022154516682581e-10  3.734441117878566e-13 
 4.168693834703270e+06  9.164519070845737e-10  4.712341048867938e-08  1.029480292800646e-10  3.760840360575885e-13  2.200624087963120e-11  9.103852949105937e-10  1.225964845330625e-11  4.447726895937853e-14  1.022154477192679e-10  3.734447411910906e-13 
 4.265795188015841e+06  9.164500034452910e-10  4.712331451082700e-08  1.029314075146466e-10  3.760248280306686e-13  2.200623998937421e-11  9.103852581016381e-10  1.211931292763831e-11  4.396821946778732e-14  1.022154435841680e-10  3.734454002559496e-13 
 4.365158322401572e+06  9.164481405448471e-10  4.712322071756719e-08  1.029151612248111e-10  3.759670046999148e-13  2.200623905716082e-11  9.103852195579349e-10  1.198058379221939e-11  4.346499974427600e-14  1.022154392541874e-10  3.734460903801991e-13 
 4.466835921509542e+06  9.164463173340359e-10  4.712312905918386e-08  1.028992819655547e-10  3.759105371294165e-13  2.200623808101369e-11  9.103851791977280e-10  1.184344265824689e-11  4.296754315185579e-14  1.022154347201417e-10  3.734468130275312e-13 
 4.570881896148658e+06  9.164445327817750e-10  4.712303948709228e-08  1.028837614783425e-10  3.758553971260066e-13  2.200623705886229e-11  9.103851369354087e-10  1.170787134739180e-11  4.247578381968431e-14  1.022154299724136e-10  3.734475697305468e-13 
 4.677351412871888e+06  9.164427858744235e-10  4.712295195381345e-08  1.028685916870587e-10  3.758015572280724e-13  2.200623598853854e-11  9.103850926813344e-10  1.157385188938872e-11  4.198965663442497e-14  1.022154250009327e-10  3.734483620941016e-13 
 4.786300923226287e+06  9.164410756150991e-10  4.712286641294889e-08  1.028537646940383e-10  3.757489906945922e-13  2.200623486777216e-11  9.103850463416364e-10  1.144136651965337e-11  4.150909723168406e-14  1.022154197951539e-10  3.734491917985837e-13 
 4.897788193684363e+06  9.164394010230022e-10  4.712278281915617e-08  1.028392727761774e-10  3.756976714949896e-13  2.200623369418586e-11  9.103849978180234e-10  1.131039767692736e-11  4.103404198759105e-14  1.022154143440352e-10  3.734500606037141e-13 
 5.011872336272622e+06  9.164377611327379e-10  4.712270112812470e-08  1.028251083811234e-10  3.756475742989099e-13  2.200623246529035e-11  9.103849470075715e-10  1.118092800094997e-11  4.056442801042084e-14  1.022154086360141e-10  3.734509703519894e-13 
 5.128613839913545e+06  9.164361549936387e-10  4.712262129655249e-08  1.028112641235389e-10  3.755986744669675e-13  2.200623117847900e-11  9.103848938025057e-10  1.105294033015643e-11  4.010019313237329e-14  1.022154026589832e-10  3.734519229728097e-13 
 5.248074602497620e+06  9.164345816690901e-10  4.712254328212303e-08  1.027977327814435e-10  3.755509480415535e-13  2.200622983102234e-11  9.103848380899722e-10  1.092641769940261e-11  3.964127590140809e-14  1.022153964002647e-10  3.734529204863955e-13 
 5.370317963702418e+06  9.164330402358536e-10  4.712246704348304e-08  1.027845072926275e-10  3.755043717384639e-13  2.200622842006227e-11  9.103847797517995e-10  1.080134333771568e-11  3.918761557321636e-14  1.022153898465831e-10  3.734539650082515e-13 
 5.495408738576134e+06  9.164315297833855e-10  4.712239254022036e-08  1.027715807511379e-10  3.754589229386079e-13  2.200622694260599e-11  9.103847186642449e-10  1.067770066607051e-11  3.873915210324828e-14  1.022153829840374e-10  3.734550587534475e-13 
 5.623413251903377e+06  9.164300494131602e-10  4.712231973284276e-08  1.027589464038361e-10  3.754145796806299e-13  2.200622539551966e-11  9.103846546977359e-10  1.055547329519143e-11  3.829582613888356e-14  1.022153757980714e-10  3.734562040415508e-13 
 5.754399373371452e+06  9.164285982379841e-10  4.712224858275694e-08  1.027465976470241e-10  3.753713206535561e-13  2.200622377552174e-11  9.103845877165926e-10  1.043464502337925e-11  3.785757901164994e-14  1.022153682734428e-10  3.734574033013290e-13 
 5.888436553555770e+06  9.164271753813091e-10  4.712217905224799e-08  1.027345280231394e-10  3.753291251901937e-13  2.200622207917606e-11  9.103845175787411e-10  1.031519983436297e-11  3.742435272956468e-14  1.022153603941912e-10  3.734586590759534e-13 
 6.025595860743455e+06  9.164257799765405e-10  4.712211110445957e-08  1.027227312175159e-10  3.752879732610295e-13  2.200622030288449e-11  9.103844441354118e-10  1.019712189517611e-11  3.699608996957022e-14  1.022153521436038e-10  3.734599740284556e-13 
 6.165950018614695e+06  9.164244111663400e-10  4.712204470337432e-08  1.027112010552104e-10  3.752478454685407e-13  2.200621844287934e-11  9.103843672308240e-10  1.008039555405733e-11  3.657273407005403e-14  1.022153435041804e-10  3.734613509473543e-13 
 6.309573444801803e+06  9.164230681019213e-10  4.712197981379473e-08  1.026999314978935e-10  3.752087230419517e-13  2.200621649521534e-11  9.103842867018556e-10  9.965005338375028e-12  3.615422902345499e-14  1.022153344575958e-10  3.734627927524931e-13 
 6.456542290346422e+06  9.164217499423397e-10  4.712191640132464e-08  1.026889166408025e-10  3.751705878326691e-13  2.200621445576133e-11  9.103842023776970e-10  9.850935952575614e-12  3.574051946897724e-14  1.022153249846614e-10  3.734643025013209e-13 
 6.606934480075824e+06  9.164204558537723e-10  4.712185443235083e-08  1.026781507097562e-10  3.751334223100221e-13  2.200621232019143e-11  9.103841140794881e-10  9.738172276155289e-12  3.533155068537347e-14  1.022153150652842e-10  3.734658833952524e-13 
 6.760829753919679e+06  9.164191850087907e-10  4.712179387402541e-08  1.026676280582287e-10  3.750972095578268e-13  2.200621008397587e-11  9.103840216199406e-10  9.626699361654948e-12  3.492726858384587e-14  1.022153046784243e-10  3.734675387866262e-13 
 6.918309709189222e+06  9.164179365856215e-10  4.712173469424829e-08  1.026573431644838e-10  3.750619332710718e-13  2.200620774237146e-11  9.103839248029390e-10  9.516502432678027e-12  3.452761970099618e-14  1.022152938020501e-10  3.734692721855671e-13 
 7.079457843841233e+06  9.164167097673977e-10  4.712167686165018e-08  1.026472906287649e-10  3.750275777536513e-13  2.200620529041143e-11  9.103838234231256e-10  9.407566881930951e-12  3.413255119191057e-14  1.022152824130919e-10  3.734710872676794e-13 
 7.244359600749752e+06  9.164155037413970e-10  4.712162034557612e-08  1.026374651705428e-10  3.749941279162504e-13  2.200620272289496e-11  9.103837172654654e-10  9.299878269286010e-12  3.374201082329304e-14  1.022152704873927e-10  3.734729878816806e-13 
 7.413102413009022e+06  9.164143176982654e-10  4.712156511606905e-08  1.026278616258171e-10  3.749615692749286e-13  2.200620003437613e-11  9.103836061047882e-10  9.193422319866323e-12  3.335594696669752e-14  1.022152579996571e-10  3.734749780575293e-13 
 7.585775750291681e+06  9.164131508312302e-10  4.712151114385407e-08  1.026184749444728e-10  3.749298879503861e-13  2.200619721915237e-11  9.103834897053134e-10  9.088184922152689e-12  3.297430859185411e-14  1.022152449233975e-10  3.734770620150296e-13 
 7.762471166286756e+06  9.164120023352926e-10  4.712145840032293e-08  1.026093001876878e-10  3.748990706678564e-13  2.200619427125236e-11  9.103833678201486e-10  8.984152126112039e-12  3.259704526008220e-14  1.022152312308782e-10  3.734792441728651e-13 
 7.943282347242650e+06  9.164108714064063e-10  4.712140685751881e-08  1.026003325253935e-10  3.748691047572759e-13  2.200619118442335e-11  9.103832401907652e-10  8.881310141347275e-12  3.222410711775831e-14  1.022152168930562e-10  3.734815291577145e-13 
 8.128305161640823e+06  9.164097572406382e-10  4.712135648812155e-08  1.025915672337845e-10  3.748399781544641e-13  2.200618795211799e-11  9.103831065464517e-10  8.779645335268222e-12  3.185544488990119e-14  1.022152018795200e-10  3.734839218141868e-13 
 8.317637711026536e+06  9.164086590333082e-10  4.712130726543322e-08  1.025829996928771e-10  3.748116794029196e-13  2.200618456748028e-11  9.103829666037389e-10  8.679144231283436e-12  3.149100987383637e-14  1.022151861584247e-10  3.734864272151840e-13 
 8.511380382023586e+06  9.164075759781094e-10  4.712125916336392e-08  1.025746253841168e-10  3.747841976559246e-13  2.200618102333120e-11  9.103828200657985e-10  8.579793507012696e-12  3.113075393291294e-14  1.022151696964248e-10  3.734890506723907e-13 
 8.709635899560623e+06  9.164065072662042e-10  4.712121215641807e-08  1.025664398880306e-10  3.747575226798791e-13  2.200617731215332e-11  9.103826666218134e-10  8.481579992519829e-12  3.077462949034818e-14  1.022151524586032e-10  3.734917977478112e-13 
 8.912509381337266e+06  9.164054520852995e-10  4.712116621968074e-08  1.025584388819273e-10  3.747316448577295e-13  2.200617342607506e-11  9.103825059463192e-10  8.384490668565764e-12  3.042258952310224e-14  1.022151344083974e-10  3.734946742652274e-13 
 9.120108393558905e+06  9.164044096186943e-10  4.712112132880462e-08  1.025506181376395e-10  3.747065551937439e-13  2.200616935685376e-11  9.103823376985137e-10  8.288512664881455e-12  3.007458755588500e-14  1.022151155075220e-10  3.734976863228280e-13 
 9.332543007969713e+06  9.164033790443007e-10  4.712107745999705e-08  1.025429735193108e-10  3.746822453184887e-13  2.200616509585840e-11  9.103821615215333e-10  8.193633258460544e-12  2.973057765519795e-14  1.022150957158869e-10  3.735008403058719e-13 
 9.549925860214157e+06  9.164023595336378e-10  4.712103459000742e-08  1.025355009812241e-10  3.746587074950630e-13  2.200616063405116e-11  9.103819770416972e-10  8.099839871871467e-12  2.939051442349494e-14  1.022150749915131e-10  3.735041429004416e-13 
 9.772372209557900e+06  9.164013502507931e-10  4.712099269611491e-08  1.025281965656715e-10  3.746359346256124e-13  2.200615596196832e-11  9.103817838677143e-10  8.007120071588836e-12  2.905435299338059e-14  1.022150532904431e-10  3.735076011073164e-13 
 9.999999999999788e+06  9.164003503513545e-10  4.712095175611642e-08  1.025210564008637e-10  3.746139202591365e-13  2.200615106970020e-11  9.103815815898544e-10  7.915461566343799e-12  2.872204902192480e-14  1.022150305666482e-10  3.735112222569769e-13 
 1.023292992280732e+07  9.163993589813048e-10  4.712091174831483e-08  1.025140766988782e-10  3.745926585999615e-13  2.200614594687007e-11  9.103813697790767e-10  7.824852205493227e-12  2.839355868504001e-14  1.022150067719298e-10  3.735150140251212e-13 
 1.047128548050877e+07  9.163983752758836e-10  4.712087265150753e-08  1.025072537536455e-10  3.745721445168968e-13  2.200614058261224e-11  9.103811479861233e-10  7.735279977407505e-12  2.806883867192146e-14  1.022149818558189e-10  3.735189844487113e-13 
 1.071519305237583e+07  9.163973983584084e-10  4.712083444497518e-08  1.025005839389716e-10  3.745523735537781e-13  2.200613496554891e-11  9.103809157405635e-10  7.646733007876627e-12  2.774784617960067e-14  1.022149557654672e-10  3.735231419432565e-13 
 1.096478196143162e+07  9.163964273390587e-10  4.712079710847076e-08  1.024940637065967e-10  3.745333419403776e-13  2.200612908376616e-11  9.103806725497984e-10  7.559199558534524e-12  2.743053890753200e-14  1.022149284455366e-10  3.735274953203180e-13 
 1.122018454301939e+07  9.163954613136129e-10  4.712076062220883e-08  1.024876895842874e-10  3.745150466047618e-13  2.200612292478858e-11  9.103804178980142e-10  7.472668025301269e-12  2.711687505229100e-14  1.022148998380808e-10  3.735320538063171e-13 
 1.148153621496858e+07  9.163944993621458e-10  4.712072496685512e-08  1.024814581739627e-10  3.744974851865195e-13  2.200611647555287e-11  9.103801512450906e-10  7.387126936843043e-12  2.680681330233759e-14  1.022148698824228e-10  3.735368270620730e-13 
 1.174897554939504e+07  9.163935405476739e-10  4.712069012351625e-08  1.024753661498530e-10  3.744806560508709e-13  2.200610972238010e-11  9.103798720254527e-10  7.302564953049638e-12  2.650031283284249e-14  1.022148385150264e-10  3.735418252030850e-13 
 1.202264434617387e+07  9.163925839147558e-10  4.712065607372974e-08  1.024694102566895e-10  3.744645583040784e-13  2.200610265094678e-11  9.103795796468744e-10  7.218970863529275e-12  2.619733330060447e-14  1.022148056693611e-10  3.735470588209812e-13 
 1.230268770812355e+07  9.163916284880350e-10  4.712062279945432e-08  1.024635873079240e-10  3.744491918098732e-13  2.200609524625437e-11  9.103792734892198e-10  7.136333586120524e-12  2.589783483903389e-14  1.022147712757612e-10  3.735525390058504e-13 
 1.258925411794140e+07  9.163906732707319e-10  4.712059028306022e-08  1.024578941839783e-10  3.744345572072442e-13  2.200608749259757e-11  9.103789529031307e-10  7.054642165421180e-12  2.560177805322388e-14  1.022147352612780e-10  3.735582773698081e-13 
 1.288249551693106e+07  9.163897172430753e-10  4.712055850732009e-08  1.024523278305210e-10  3.744206559292150e-13  2.200607937353095e-11  9.103786172086476e-10  6.973885771333839e-12  2.530912401507939e-14  1.022146975495253e-10  3.735642860714243e-13 
 1.318256738556379e+07  9.163887593606732e-10  4.712052745539967e-08  1.024468852567720e-10  3.744074902229167e-13  2.200607087183414e-11  9.103782656937690e-10  6.894053697628012e-12  2.501983425852234e-14  1.022146580605171e-10  3.735705778413225e-13 
 1.348962882591625e+07  9.163877985528193e-10  4.712049711084900e-08  1.024415635338327e-10  3.743950631711716e-13  2.200606196947525e-11  9.103778976129410e-10  6.815135360518577e-12  2.473387077478362e-14  1.022146167104984e-10  3.735771660091685e-13 
 1.380384264602855e+07  9.163868337207321e-10  4.712046745759374e-08  1.024363597930406e-10  3.743833787154008e-13  2.200605264757269e-11  9.103775121854765e-10  6.737120297260361e-12  2.445119600776483e-14  1.022145734117670e-10  3.735840645318656e-13 
 1.412537544622724e+07  9.163858637357228e-10  4.712043847992668e-08  1.024312712243487e-10  3.743724416797759e-13  2.200604288635508e-11  9.103771085938999e-10  6.659998164758687e-12  2.417177284946109e-14  1.022145280724883e-10  3.735912880228757e-13 
 1.445439770745896e+07  9.163848874372883e-10  4.712041016249937e-08  1.024262950747268e-10  3.743622577970166e-13  2.200603266511938e-11  9.103766859822137e-10  6.583758738195699e-12  2.389556463546792e-14  1.022144805964998e-10  3.735988517830751e-13 
 1.479108388168175e+07  9.163839036311253e-10  4.712038249031402e-08  1.024214286465849e-10  3.743528337358500e-13  2.200602196218692e-11  9.103762434540829e-10  6.508391909672242e-12  2.362253514056806e-14  1.022144308831077e-10  3.736067718331582e-13 
 1.513561248436175e+07  9.163829110870637e-10  4.712035544871578e-08  1.024166692962174e-10  3.743441771297398e-13  2.200601075485753e-11  9.103757800709357e-10  6.433887686865168e-12  2.335264857436928e-14  1.022143788268733e-10  3.736150649472047e-13 
 1.548816618912448e+07  9.163819085369108e-10  4.712032902338472e-08  1.024120144322660e-10  3.743362966077782e-13  2.200599901936130e-11  9.103752948499719e-10  6.360236191699834e-12  2.308586957704564e-14  1.022143243173894e-10  3.736237486883002e-13 
 1.584893192461079e+07  9.163808946722065e-10  4.712030320032846e-08  1.024074615142019e-10  3.743292018268267e-13  2.200598673080830e-11  9.103747867620801e-10  6.287427659037670e-12  2.282216321511988e-14  1.022142672390460e-10  3.736328414453039e-13 
 1.621810097358895e+07  9.163798681418827e-10  4.712027796587467e-08  1.024030080508247e-10  3.743229035059836e-13  2.200597386313569e-11  9.103742547296556e-10  6.215452435378566e-12  2.256149497734976e-14  1.022142074707856e-10  3.736423624718388e-13 
 1.659586907437524e+07  9.163788275498219e-10  4.712025330666406e-08  1.023986515987775e-10  3.743174134625300e-13  2.200596038905251e-11  9.103736976243151e-10  6.144300977577973e-12  2.230383077066078e-14  1.022141448858462e-10  3.736523319266620e-13 
 1.698243652461707e+07  9.163777714523118e-10  4.712022920964312e-08  1.023943897610777e-10  3.743127446500160e-13  2.200594627998188e-11  9.103731142645052e-10  6.073963851578523e-12  2.204913691616160e-14  1.022140793514925e-10  3.736627709160767e-13 
 1.737800828749337e+07  9.163766983553878e-10  4.712020566205735e-08  1.023902201856606e-10  3.743089111988325e-13  2.200593150600029e-11  9.103725034129960e-10  6.004431731155930e-12  2.179738014525664e-14  1.022140107287349e-10  3.736737015387337e-13 
 1.778279410038884e+07  9.163756067120622e-10  4.712018265144454e-08  1.023861405639365e-10  3.743059284579953e-13  2.200591603577427e-11  9.103718637742603e-10  5.935695396679148e-12  2.154852759577541e-14  1.022139388720345e-10  3.736851469315525e-13 
 1.819700858609944e+07  9.163744949194301e-10  4.712016016562818e-08  1.023821486293591e-10  3.743038130403288e-13  2.200589983649390e-11  9.103711939917245e-10  5.867745733884431e-12  2.130254680824252e-14  1.022138636289943e-10  3.736971313189493e-13 
 1.862087136662827e+07  9.163733613156492e-10  4.712013819271110e-08  1.023782421560041e-10  3.743025828690729e-13  2.200588287380328e-11  9.103704926448950e-10  5.800573732663309e-12  2.105940572216633e-14  1.022137848400369e-10  3.737096800633994e-13 
 1.905460717963205e+07  9.163722041767851e-10  4.712011672106920e-08  1.023744189571575e-10  3.743022572274022e-13  2.200586511172770e-11  9.103697582463450e-10  5.734170485864173e-12  2.081907267242789e-14  1.022137023380655e-10  3.737228197188239e-13 
 1.949844599758003e+07  9.163710217135180e-10  4.712009573934530e-08  1.023706768839106e-10  3.743028568106173e-13  2.200584651259735e-11  9.103689892385626e-10  5.668527188107377e-12  2.058151638574910e-14  1.022136159481099e-10  3.737365780865617e-13 
 1.995262314968836e+07  9.163698120677011e-10  4.712007523644323e-08  1.023670138237627e-10  3.743044037806059e-13  2.200582703696749e-11  9.103681839906488e-10  5.603635134613709e-12  2.034670597721205e-14  1.022135254869557e-10  3.737509842735290e-13 
 2.041737944669485e+07  9.163685733087669e-10  4.712005520152194e-08  1.023634276992291e-10  3.743069218233365e-13  2.200580664353487e-11  9.103673407948603e-10  5.539485720046003e-12  2.011461094686611e-14  1.022134307627560e-10  3.737660687533281e-13 
 2.089296130853994e+07  9.163673034299705e-10  4.712003562398996e-08  1.023599164664521e-10  3.743104362094868e-13  2.200578528905009e-11  9.103664578629894e-10  5.476070437363780e-12  1.988520117642088e-14  1.022133315746242e-10  3.737818634304098e-13 
 2.137962089502185e+07  9.163660003444658e-10  4.712001649349965e-08  1.023564781138157e-10  3.743149738575736e-13  2.200576292822604e-11  9.103655333225750e-10  5.413380876690784e-12  1.965844692598469e-14  1.022132277122091e-10  3.737984017066609e-13 
 2.187761623949505e+07  9.163646618812026e-10  4.711999779994197e-08  1.023531106605614e-10  3.743205634007521e-13  2.200573951364181e-11  9.103645652129322e-10  5.351408724195184e-12  1.943431883090449e-14  1.022131189552483e-10  3.738157185515816e-13 
 2.238721138568290e+07  9.163632857806399e-10  4.711997953344102e-08  1.023498121554033e-10  3.743272352567638e-13  2.200571499564228e-11  9.103635514809981e-10  5.290145760982355e-12  1.921278789867200e-14  1.022130050731016e-10  3.738338505755374e-13 
 2.290867652767723e+07  9.163618696902627e-10  4.711996168434904e-08  1.023465806751422e-10  3.743350217011983e-13  2.200568932223281e-11  9.103624899769792e-10  5.229583862000053e-12  1.899382550589781e-14  1.022128858242624e-10  3.738528361062520e-13 
 2.344228815319870e+07  9.163604111598976e-10  4.711994424324128e-08  1.023434143232768e-10  3.743439569447363e-13  2.200566243896904e-11  9.103613784497971e-10  5.169714994955829e-12  1.877740339538050e-14  1.022127609558456e-10  3.738727152692072e-13 
 2.398832919019438e+07  9.163589076368119e-10  4.711992720091111e-08  1.023403112286096e-10  3.743540772137605e-13  2.200563428884162e-11  9.103602145423168e-10  5.110531219246563e-12  1.856349367323132e-14  1.022126302030517e-10  3.738935300713427e-13 
 2.454708915684976e+07  9.163573564605904e-10  4.711991054836517e-08  1.023372695438477e-10  3.743654208350593e-13  2.200560481215528e-11  9.103589957863515e-10  5.052024684899937e-12  1.835206880608394e-14  1.022124932886058e-10  3.739153244887776e-13 
 2.511886431509525e+07  9.163557548577781e-10  4.711989427681883e-08  1.023342874441948e-10  3.743780283249677e-13  2.200557394640236e-11  9.103577195974331e-10  4.994187631527692e-12  1.814310161839740e-14  1.022123499221702e-10  3.739381445589027e-13 
 2.570395782768807e+07  9.163540999362776e-10  4.711987837769147e-08  1.023313631259348e-10  3.743919424821588e-13  2.200554162613042e-11  9.103563832693368e-10  4.937012387290582e-12  1.793656528980529e-14  1.022121997997288e-10  3.739620384760579e-13 
 2.630267991895324e+07  9.163523886794860e-10  4.711986284260216e-08  1.023284948050041e-10  3.744072084854519e-13  2.200550778280353e-11  9.103549839683447e-10  4.880491367874801e-12  1.773243335256969e-14  1.022120426029431e-10  3.739870566921605e-13 
 2.691534803926856e+07  9.163506179401667e-10  4.711984766336521e-08  1.023256807155503e-10  3.744238739962505e-13  2.200547234465700e-11  9.103535187272446e-10  4.824617075479805e-12  1.753067968911142e-14  1.022118779984779e-10  3.740132520219007e-13 
 2.754228703338105e+07  9.163487844340358e-10  4.711983283198604e-08  1.023229191084775e-10  3.744419892654840e-13  2.200543523654545e-11  9.103519844390421e-10  4.769382097817341e-12  1.733127852960161e-14  1.022117056372950e-10  3.740406797523796e-13 
 2.818382931264391e+07  9.163468847330533e-10  4.711981834065694e-08  1.023202082499741e-10  3.744616072460757e-13  2.200539637978354e-11  9.103503778503784e-10  4.714779107121578e-12  1.713420444965409e-14  1.022115251539137e-10  3.740693977582125e-13 
 2.884031503126542e+07  9.163449152584061e-10  4.711980418175314e-08  1.023175464200233e-10  3.744827837105400e-13  2.200535569197932e-11  9.103486955546407e-10  4.660800859170175e-12  1.693943236808916e-14  1.022113361656366e-10  3.740994666217021e-13 
 2.951209226666320e+07  9.163428722731635e-10  4.711979034782896e-08  1.023149319108915e-10  3.745055773742738e-13  2.200531308685968e-11  9.103469339847433e-10  4.607440192316145e-12  1.674693754478532e-14  1.022111382717392e-10  3.741309497586497e-13 
 3.019951720401949e+07  9.163407518745964e-10  4.711977683161373e-08  1.023123630255961e-10  3.745300500242507e-13  2.200526847408765e-11  9.103450894055749e-10  4.554690026530414e-12  1.655669557859539e-14  1.022109310526208e-10  3.741639135495104e-13 
 3.090295432513522e+07  9.163385499861374e-10  4.711976362600836e-08  1.023098380763477e-10  3.745562666543722e-13  2.200522175907105e-11  9.103431579060864e-10  4.502543362454889e-12  1.636868240537289e-14  1.022107140689160e-10  3.741984274771517e-13 
 3.162277660168309e+07  9.163362623489703e-10  4.711975072408155e-08  1.023073553829652e-10  3.745842956066550e-13  2.200517284276219e-11  9.103411353910082e-10  4.450993280465926e-12  1.618287429606051e-14  1.022104868605643e-10  3.742345642703941e-13 
 3.235936569296210e+07  9.163338845132277e-10  4.711973811906634e-08  1.023049132712627e-10  3.746142087192244e-13  2.200512162144809e-11  9.103390175721794e-10  4.400032939748078e-12  1.599924785487285e-14  1.022102489458357e-10  3.742724000543040e-13 
 3.311311214825837e+07  9.163314118287817e-10  4.711972580435665e-08  1.023025100714040e-10  3.746460814810564e-13  2.200506798653090e-11  9.103367999594658e-10  4.349655577377952e-12  1.581778001755884e-14  1.022099998203107e-10  3.743120145071841e-13 
 3.388441561391950e+07  9.163288394356048e-10  4.711971377350388e-08  1.023001441162244e-10  3.746799931939422e-13  2.200501182429799e-11  9.103344778512552e-10  4.299854507418079e-12  1.563844804975269e-14  1.022097389558124e-10  3.743534910247369e-13 
 3.467368504525239e+07  9.163261622536829e-10  4.711970202021384e-08  1.022978137395142e-10  3.747160271420847e-13  2.200495301568113e-11  9.103320463245020e-10  4.250623120020628e-12  1.546122954541785e-14  1.022094657992883e-10  3.743969168918081e-13 
 3.548133892335676e+07  9.163233749724591e-10  4.711969053834337e-08  1.022955172742647e-10  3.747542707691380e-13  2.200489143600452e-11  9.103295002243060e-10  4.201954880540885e-12  1.528610242536378e-14  1.022091797716393e-10  3.744423834615276e-13 
 3.630780547700933e+07  9.163204720397870e-10  4.711967932189744e-08  1.022932530508715e-10  3.747948158637161e-13  2.200482695472086e-11  9.103268341530020e-10  4.153843328660310e-12  1.511304493586522e-14  1.022088802664943e-10  3.744899863428705e-13 
 3.715352290971643e+07  9.163174476503672e-10  4.711966836502613e-08  1.022910193952931e-10  3.748377587531084e-13  2.200475943513501e-11  9.103240424587343e-10  4.106282077519090e-12  1.494203564735960e-14  1.022085666489266e-10  3.745398255963796e-13 
 3.801893963205528e+07  9.163142957336472e-10  4.711965766202160e-08  1.022888146271618e-10  3.748832005059560e-13  2.200468873411480e-11  9.103211192234973e-10  4.059264812858029e-12  1.477305345323970e-14  1.022082382541102e-10  3.745920059388034e-13 
 3.890451449942719e+07  9.163110099411556e-10  4.711964720731551e-08  1.022866370578435e-10  3.749312471441711e-13  2.200461470178802e-11  9.103180582506113e-10  4.012785292169665e-12  1.460607756873853e-14  1.022078943859131e-10  3.746466369569324e-13 
 3.981071705534884e+07  9.163075836332450e-10  4.711963699547610e-08  1.022844849884441e-10  3.749820098642659e-13  2.200453718122543e-11  9.103148530516118e-10  3.966837343858481e-12  1.444108752989848e-14  1.022075343154242e-10  3.747038333308030e-13 
 4.073802778041036e+07  9.163040098652202e-10  4.711962702120568e-08  1.022823567077572e-10  3.750356052688114e-13  2.200445600810877e-11  9.103114968325242e-10  3.921414866410090e-12  1.427806319263856e-14  1.022071572794117e-10  3.747637150669883e-13 
 4.168693834703261e+07  9.163002813728139e-10  4.711961727933795e-08  1.022802504901526e-10  3.750921556081350e-13  2.200437101038308e-11  9.103079824794913e-10  3.876511827569263e-12  1.411698473190811e-14  1.022067624787082e-10  3.748264077420859e-13 
 4.265795188015831e+07  9.162963905569880e-10  4.711960776483562e-08  1.022781645933980e-10  3.751517890330485e-13  2.200428200789291e-11  9.103043025437276e-10  3.832122263526673e-12  1.395783264094212e-14  1.022063490765206e-10  3.748920427571975e-13 
 4.365158322401562e+07  9.162923294680233e-10  4.711959847278794e-08  1.022760972564145e-10  3.752146398585721e-13  2.200418881200126e-11  9.103004492257667e-10  3.788240278114241e-12  1.380058773060033e-14  1.022059161966608e-10  3.749607576033630e-13 
 4.466835921509531e+07  9.162880897888691e-10  4.711958939840844e-08  1.022740466969585e-10  3.752808488396240e-13  2.200409122519077e-11  9.102964143589718e-10  3.744860042008963e-12  1.364523112881027e-14  1.022054629216923e-10  3.750326961389235e-13 
 4.570881896148648e+07  9.162836628177115e-10  4.711958053703265e-08  1.022720111092271e-10  3.753505634585806e-13  2.200398904064617e-11  9.102921893922683e-10  3.701975791945083e-12  1.349174428009366e-14  1.022049882909916e-10  3.751080088787155e-13 
 4.677351412871877e+07  9.162790394497301e-10  4.711957188411591e-08  1.022699886613835e-10  3.754239382259190e-13  2.200388204181701e-11  9.102877653720701e-10  3.659581829934491e-12  1.334010894520338e-14  1.022044912987170e-10  3.751868532963125e-13 
 4.786300923226276e+07  9.162742101580020e-10  4.711956343523140e-08  1.022679774929964e-10  3.755011349935757e-13  2.200377000196012e-11  9.102831329233563e-10  3.617672522495245e-12  1.319030720083959e-14  1.022039708916830e-10  3.752693941389453e-13 
 4.897788193684352e+07  9.162691649735133e-10  4.711955518606800e-08  1.022659757123901e-10  3.755823232822783e-13  2.200365268366043e-11  9.102782822298616e-10  3.576242299888071e-12  1.304232143947252e-14  1.022034259671350e-10  3.753558037563603e-13 
 5.011872336272611e+07  9.162638934642382e-10  4.711954713242845e-08  1.022639813938996e-10  3.756676806230635e-13  2.200352983832937e-11  9.102732030133374e-10  3.535285655360743e-12  1.289613436926028e-14  1.022028553704192e-10  3.754462624438310e-13 
 5.128613839913534e+07  9.162583847132385e-10  4.711953927022745e-08  1.022619925750257e-10  3.757573929133704e-13  2.200340120567982e-11  9.102678845118408e-10  3.494797144400196e-12  1.275172901405652e-14  1.022022578925441e-10  3.755409587997094e-13 
 5.248074602497608e+07  9.162526272957430e-10  4.711953159548992e-08  1.022600072534853e-10  3.758516547886210e-13  2.200326651317640e-11  9.102623154570076e-10  3.454771383992288e-12  1.260908871352037e-14  1.022016322676268e-10  3.756400900984336e-13 
 5.370317963702407e+07  9.162466092551547e-10  4.711952410434927e-08  1.022580233841507e-10  3.759506700097457e-13  2.200312547546000e-11  9.102564840502590e-10  3.415203051889059e-12  1.246819712332397e-14  1.022009771702203e-10  3.757438626794464e-13 
 5.495408738576122e+07  9.162403180779374e-10  4.711951679304583e-08  1.022560388758731e-10  3.760546518668420e-13  2.200297779374546e-11  9.102503779378961e-10  3.376086885883391e-12  1.232903821544409e-14  1.022002912125158e-10  3.758524923522177e-13 
 5.623413251903364e+07  9.162337406673312e-10  4.711950965792526e-08  1.022540515881825e-10  3.761638236003731e-13  2.200282315519089e-11  9.102439841850265e-10  3.337417683090936e-12  1.219159627856438e-14  1.021995729414134e-10  3.759662048187750e-13 
 5.754399373371439e+07  9.162268633158384e-10  4.711950269543709e-08  1.022520593278604e-10  3.762784188396660e-13  2.200266123223768e-11  9.102372892482721e-10  3.299190299239208e-12  1.205585591855886e-14  1.021988208354562e-10  3.760852361135040e-13 
 5.888436553555757e+07  9.162196716764277e-10  4.711949590213334e-08  1.022500598453757e-10  3.763986820599679e-13  2.200249168191945e-11  9.102302789471997e-10  3.261399647963709e-12  1.192180205907692e-14  1.021980333016207e-10  3.762098330614778e-13 
 6.025595860743441e+07  9.162121507323925e-10  4.711948927466725e-08  1.022480508311802e-10  3.765248690583743e-13  2.200231414513879e-11  9.102229384344158e-10  3.224040700110976e-12  1.178941994221775e-14  1.021972086719576e-10  3.763402537556300e-13 
 6.165950018614683e+07  9.162042847658043e-10  4.711948280979196e-08  1.022460299118528e-10  3.766572474493455e-13  2.200212824591011e-11  9.102152521642626e-10  3.187108483048432e-12  1.165869512929540e-14  1.021963452000744e-10  3.764767680534878e-13 
 6.309573444801790e+07  9.161960573244935e-10  4.711947650435941e-08  1.022439946460889e-10  3.767960971804790e-13  2.200193359056724e-11  9.102072038600522e-10  3.150598079980928e-12  1.152961350169295e-14  1.021954410574555e-10  3.766196580941343e-13 
 6.456542290346409e+07  9.161874511874906e-10  4.711947035531926e-08  1.022419425205241e-10  3.769417110693032e-13  2.200172976693387e-11  9.101987764797697e-10  3.114504629273851e-12  1.140216126180700e-14  1.021944943296085e-10  3.767692188361647e-13 
 6.606934480075811e+07  9.161784483288570e-10  4.711946435971789e-08  1.022398709453860e-10  3.770943953614619e-13  2.200151634345534e-11  9.101899521801746e-10  3.078823323782687e-12  1.127632493407093e-14  1.021935030120316e-10  3.769257586170091e-13 
 6.760829753919666e+07  9.161690298798290e-10  4.711945851469747e-08  1.022377772499643e-10  3.772544703115315e-13  2.200129286828985e-11  9.101807122792275e-10  3.043549410188909e-12  1.115209136607150e-14  1.021924650059928e-10  3.770895997348602e-13 
 6.918309709189209e+07  9.161591760891997e-10  4.711945281749518e-08  1.022356586778917e-10  3.774222707862922e-13  2.200105886835737e-11  9.101710372167637e-10  3.008678188342112e-12  1.102944772972994e-14  1.021913781141118e-10  3.772610790530324e-13 
 7.079457843841220e+07  9.161488662818549e-10  4.711944726544235e-08  1.022335123822245e-10  3.775981468920543e-13  2.200081384834413e-11  9.101609065133326e-10  2.974205010608219e-12  1.090838152257182e-14  1.021902400357359e-10  3.774405486283521e-13 
 7.244359600749739e+07  9.161380788153788e-10  4.711944185596394e-08  1.022313354203159e-10  3.777824646261275e-13  2.200055728966068e-11  9.101502987271200e-10  2.940125281223687e-12  1.078888056906412e-14  1.021890483621012e-10  3.776283763636649e-13 
 7.413102413009009e+07  9.161267910346432e-10  4.711943658657780e-08  1.022291247484691e-10  3.779756065531831e-13  2.200028864935154e-11  9.101391914088640e-10  2.906434455655589e-12  1.067093302201765e-14  1.021878005712670e-10  3.778249466852160e-13 
 7.585775750291668e+07  9.161149792242797e-10  4.711943145489429e-08  1.022268772163616e-10  3.781779725074309e-13  2.200000735895400e-11  9.101275610546692e-10  2.873128039967432e-12  1.055452736405743e-14  1.021864940228161e-10  3.780306612458209e-13 
 7.762471166286743e+07  9.161026185589493e-10  4.711942645861583e-08  1.022245895612287e-10  3.783899803209293e-13  2.199971282330384e-11  9.101153830566303e-10  2.840201590190624e-12  1.043965240914588e-14  1.021851259523065e-10  3.782459396541482e-13 
 7.943282347242635e+07  9.160896830512961e-10  4.711942159553659e-08  1.022222584017959e-10  3.786120665788252e-13  2.199940441928551e-11  9.101026316511563e-10  2.807650711701443e-12  1.032629730415759e-14  1.021836934654675e-10  3.784712202309112e-13 
 8.128305161640808e+07  9.160761454974892e-10  4.711941686354220e-08  1.022198802319468e-10  3.788446874023794e-13  2.199908149452432e-11  9.100892798648953e-10  2.775471058603430e-12  1.021445153050544e-14  1.021821935321238e-10  3.787069607928240e-13 
 8.317637711026521e+07  9.160619774202342e-10  4.711941226060971e-08  1.022174514141149e-10  3.790883192596972e-13  2.199874336601776e-11  9.100752994581464e-10  2.743658333115038e-12  1.010410490579199e-14  1.021806229798393e-10  3.789536394642422e-13 
 8.511380382023571e+07  9.160471490091448e-10  4.711940778480746e-08  1.022149681723861e-10  3.793434598055782e-13  2.199838931870346e-11  9.100606608656496e-10  2.712208284962463e-12  9.995247585501723e-15  1.021789784872647e-10  3.792117555179043e-13 
 8.709635899560608e+07  9.160316290583506e-10  4.711940343429524e-08  1.022124265852989e-10  3.796106287502077e-13  2.199801860396061e-11  9.100453331346252e-10  2.681116710777524e-12  9.887870064703067e-15  1.021772565771772e-10  3.794818302444948e-13 
 8.912509381337252e+07  9.160153849012153e-10  4.711939920732432e-08  1.022098225783263e-10  3.798903687578042e-13  2.199763043804208e-11  9.100292838599468e-10  2.650379453500462e-12  9.781963179767398e-15  1.021754536091982e-10  3.797644078521447e-13 
 9.120108393558890e+07  9.159983823420370e-10  4.711939510223779e-08  1.022071519160273e-10  3.801832463754578e-13  2.199722400043385e-11  9.100124791163122e-10  2.619992401787556e-12  9.677518110088845e-15  1.021735657721725e-10  3.800600563961056e-13 
 9.332543007969697e+07  9.159805855845876e-10  4.711939111747089e-08  1.022044101938499e-10  3.804898529921334e-13  2.199679843213864e-11  9.099948833872742e-10  2.589951489423434e-12  9.574526379782632e-15  1.021715890761965e-10  3.803693687385699e-13 
 9.549925860214141e+07  9.159619571573553e-10  4.711938725155153e-08  1.022015928295715e-10  3.808108058290171e-13  2.199635283388013e-11  9.099764594909964e-10  2.560252694737953e-12  9.472979859371533e-15  1.021695193442771e-10  3.806929635398180e-13 
 9.772372209557883e+07  9.159424578353345e-10  4.711938350310077e-08  1.021986950543592e-10  3.811467489605029e-13  2.199588626422440e-11  9.099571685025767e-10  2.530892040027539e-12  9.372870767422267e-15  1.021673522036058e-10  3.810314862799895e-13 
 9.999999999999771e+07  9.159220465582122e-10  4.711937987083360e-08  1.021957119034319e-10  3.814983543667249e-13  2.199539773761463e-11  9.099369696727925e-10  2.501865590980862e-12  9.274191672135717e-15  1.021650830764304e-10  3.813856103123815e-13 
 1.023292992280731e+08  9.159006803447848e-10  4.711937635355966e-08  1.021926382063068e-10  3.818663230176076e-13  2.199488622231521e-11  9.099158203430982e-10  2.473169456108726e-12  9.176935492871935e-15  1.021627071705056e-10  3.817560379482523e-13 
 1.047128548050875e+08  9.158783142034389e-10  4.711937295018433e-08  1.021894685766114e-10  3.822513859877061e-13  2.199435063826140e-11  9.098936758567134e-10  2.444799786178056e-12  9.081095501575411e-15  1.021602194691053e-10  3.821435015723983e-13 
 1.071519305237582e+08  9.158549010385170e-10  4.711936965970956e-08  1.021861974014407e-10  3.826543056028488e-13  2.199378985480994e-11  9.098704894656220e-10  2.416752773649869e-12  8.986665324109926e-15  1.021576147205741e-10  3.825487647905177e-13 
 1.096478196143160e+08  9.158303915523870e-10  4.711936648123525e-08  1.021828188302384e-10  3.830758766176469e-13  2.199320268838648e-11  9.098462122333013e-10  2.389024652121091e-12  8.893638941466119e-15  1.021548874274005e-10  3.829726236074290e-13 
 1.122018454301937e+08  9.158047341430208e-10  4.711936341396047e-08  1.021793267631823e-10  3.835169274233486e-13  2.199258790002518e-11  9.098207929329918e-10  2.361611695770131e-12  8.802010690817396e-15  1.021520318347883e-10  3.834159076356181e-13 
 1.148153621496856e+08  9.157778747968829e-10  4.711936045718487e-08  1.021757148390501e-10  3.839783212862399e-13  2.199194419279539e-11  9.097941779413046e-10  2.334510218806043e-12  8.711775266418593e-15  1.021490419187041e-10  3.838794813343197e-13 
 1.174897554939502e+08  9.157497569769251e-10  4.711935761031041e-08  1.021719764225421e-10  3.844609576152294e-13  2.199127020911097e-11  9.097663111269678e-10  2.307716574921223e-12  8.622927720307105e-15  1.021459113733797e-10  3.843642452777697e-13 
 1.202264434617385e+08  9.157203215054627e-10  4.711935487284297e-08  1.021681045910385e-10  3.849657732581973e-13  2.199056452791646e-11  9.097371337344867e-10  2.281227156747449e-12  8.535463462790938e-15  1.021426335982420e-10  3.848711374522090e-13 
 1.230268770812353e+08  9.156895064417162e-10  4.711935224439427e-08  1.021640921207636e-10  3.854937438258952e-13  2.198982566174510e-11  9.097065842625046e-10  2.255038395315205e-12  8.449378262692327e-15  1.021392016842482e-10  3.854011345804249e-13 
 1.258925411794138e+08  9.156572469537747e-10  4.711934972468396e-08  1.021599314723318e-10  3.860458850424244e-13  2.198905205364278e-11  9.096745983366202e-10  2.229146759516125e-12  8.364668247324001e-15  1.021356083995982e-10  3.859552534728617e-13 
 1.288249551693104e+08  9.156234751847460e-10  4.711934731354186e-08  1.021556147756486e-10  3.866232541205612e-13  2.198824207395239e-11  9.096411085764304e-10  2.203548755568465e-12  8.281329902161374e-15  1.021318461747977e-10  3.865345524035641e-13 
 1.318256738556376e+08  9.155881201128320e-10  4.711934501091021e-08  1.021511338141372e-10  3.872269511606382e-13  2.198739401695200e-11  9.096060444565369e-10  2.178240926485475e-12  8.199360070187134e-15  1.021279070870442e-10  3.871401325096673e-13 
 1.348962882591622e+08  9.155511074050698e-10  4.711934281684635e-08  1.021464800082618e-10  3.878581205707246e-13  2.198650609734112e-11  9.095693321612604e-10  2.153219851546545e-12  8.118755950867391e-15  1.021237828439053e-10  3.877731392121752e-13 
 1.380384264602852e+08  9.155123592644660e-10  4.711934073152543e-08  1.021416443983167e-10  3.885179525064985e-13  2.198557644656790e-11  9.095308944327890e-10  2.128482145771022e-12  8.039515098736368e-15  1.021194647662595e-10  3.884347636564202e-13 
 1.412537544622721e+08  9.154717942702356e-10  4.711933875524332e-08  1.021366176264494e-10  3.892076843279282e-13  2.198460310899082e-11  9.094906504124777e-10  2.104024459394569e-12  7.961635421543704e-15  1.021149437704678e-10  3.891262441693217e-13 
 1.445439770745893e+08  9.154293272108501e-10  4.711933688841977e-08  1.021313899178847e-10  3.899286020704391e-13  2.198358403786754e-11  9.094485154750026e-10  2.079843477347946e-12  7.885115177934922e-15  1.021102103497428e-10  3.898488677311215e-13 
 1.479108388168172e+08  9.153848689095963e-10  4.711933513160173e-08  1.021259510613156e-10  3.906820419273004e-13  2.198251709116375e-11  9.094044010550749e-10  2.055935918738127e-12  7.809952974620810e-15  1.021052545546814e-10  3.906039714583290e-13 
 1.513561248436172e+08  9.153383260423149e-10  4.711933348546686e-08  1.021202903884253e-10  3.914693917405582e-13  2.198140002717419e-11  9.093582144663848e-10  2.032298536331588e-12  7.736147763008524e-15  1.021000659729245e-10  3.913929440952041e-13 
 1.548816618912444e+08  9.152896009470006e-10  4.711933195082740e-08  1.021143967525033e-10  3.922920924961266e-13  2.198023049994801e-11  9.093098587124607e-10  2.008928116039708e-12  7.663698835237911e-15  1.020946337079097e-10  3.922172275093897e-13 
 1.584893192461076e+08  9.152385914249179e-10  4.711933052863409e-08  1.021082585061181e-10  3.931516398198584e-13  2.197900605451034e-11  9.092592322890979e-10  1.985821476406139e-12  7.592605819596782e-15  1.020889463566751e-10  3.930783181885156e-13 
 1.621810097358891e+08  9.151851905328779e-10  4.711932921998044e-08  1.021018634778062e-10  3.940495854700889e-13  2.197772412187137e-11  9.092062289780062e-10  1.962975468096045e-12  7.522868675267876e-15  1.020829919866783e-10  3.939777687332670e-13 
 1.659586907437521e+08  9.151292863663115e-10  4.711932802610723e-08  1.020951989477366e-10  3.949875388220953e-13  2.197638201381436e-11  9.091507376313148e-10  1.940386973387105e-12  7.454487686365827e-15  1.020767581115869e-10  3.949171893423608e-13 
 1.698243652461704e+08  9.150707618327637e-10  4.711932694840730e-08  1.020882516223092e-10  3.959671683394566e-13  2.197497691745349e-11  9.090926419465585e-10  1.918052905662177e-12  7.387463455220069e-15  1.020702316660005e-10  3.958982492844157e-13 
 1.737800828749334e+08  9.150094944154124e-10  4.711932598843054e-08  1.020810076076432e-10  3.969902030274468e-13  2.197350588955185e-11  9.090318202317549e-10  1.895970208903533e-12  7.321796894868907e-15  1.020633989790594e-10  3.969226783518470e-13 
 1.778279410038880e+08  9.149453559262142e-10  4.711932514788922e-08  1.020734523819089e-10  3.980584338623739e-13  2.197196585059040e-11  9.089681451601749e-10  1.874135857188545e-12  7.257489220713791e-15  1.020562457468950e-10  3.979922682907008e-13 
 1.819700858609940e+08  9.148782122482546e-10  4.711932442866365e-08  1.020655707664593e-10  3.991737151914986e-13  2.197035357857733e-11  9.089014835143887e-10  1.852546854186749e-12  7.194541941303446e-15  1.020487570038761e-10  3.991088742010612e-13 
 1.862087136662823e+08  9.148079230668820e-10  4.711932383280805e-08  1.020573468957106e-10  4.003379660965426e-13  2.196866570258801e-11  9.088316959191683e-10  1.831200232658206e-12  7.132956848194613e-15  1.020409170926022e-10  4.002744159010394e-13 
 1.905460717963202e+08  9.147343415891734e-10  4.711932336255689e-08  1.020487641857244e-10  4.015531717150968e-13  2.196689869602448e-11  9.087586365627970e-10  1.810093053953047e-12  7.072736004867389e-15  1.020327096325958e-10  4.014908792486567e-13 
 1.949844599757999e+08  9.146573142512861e-10  4.711932302033133e-08  1.020398053014392e-10  4.028213845120567e-13  2.196504886958398e-11  9.086821529063445e-10  1.789222407512164e-12  7.013881734640847e-15  1.020241174876415e-10  4.027603174137476e-13 
 1.995262314968832e+08  9.145766804132231e-10  4.711932280874636e-08  1.020304521225005e-10  4.041447254948297e-13  2.196311236392488e-11  9.086020853804372e-10  1.768585410368941e-12  6.956396607571358e-15  1.020151227317210e-10  4.040848520936283e-13 
 2.041737944669480e+08  9.144922720405358e-10  4.711932273061799e-08  1.020206857076344e-10  4.055253853642356e-13  2.196108514201882e-11  9.085182670690514e-10  1.748179206651990e-12  6.900283426290727e-15  1.020057066134898e-10  4.054666746644521e-13 
 2.089296130853989e+08  9.144039133724684e-10  4.711932278897101e-08  1.020104862575111e-10  4.069656255934686e-13  2.195896298117704e-11  9.084305233798355e-10  1.728000967088820e-12  6.845545210757072e-15  1.019958495192408e-10  4.069080472606197e-13 
 2.137962089502181e+08  9.143114205760463e-10  4.711932298704707e-08  1.019998330760414e-10  4.084677794277249e-13  2.195674146473892e-11  9.083386717004684e-10  1.708047888510396e-12  6.792185181902339e-15  1.019855309342990e-10  4.084113037748481e-13 
 2.187761623949500e+08  9.142146013855915e-10  4.711932332831317e-08  1.019887045300490e-10  4.100342527955142e-13  2.195441597341041e-11  9.082425210405403e-10  1.688317193356563e-12  6.740206744140522e-15  1.019747294027900e-10  4.099788507699170e-13 
 2.238721138568285e+08  9.141132547271378e-10  4.711932381647077e-08  1.019770780072594e-10  4.116675251246214e-13  2.195198167623950e-11  9.081418716584305e-10  1.668806129182279e-12  6.689613466740561e-15  1.019634224857222e-10  4.116131682950589e-13 
 2.290867652767718e+08  9.140071703272179e-10  4.711932445546503e-08  1.019649298725474e-10  4.133701500534145e-13  2.194943352121629e-11  9.080365146726597e-10  1.649511968164681e-12  6.640409064036269e-15  1.019515867173257e-10  4.133168105976875e-13 
 2.344228815319865e+08  9.138961283054709e-10  4.711932524949488e-08  1.019522354223797e-10  4.151447560296709e-13  2.194676622548416e-11  9.079262316571677e-10  1.630432006610957e-12  6.592597374476802e-15  1.019391975595852e-10  4.150924067226393e-13 
 2.398832919019432e+08  9.137798987505261e-10  4.711932620302333e-08  1.019389688373937e-10  4.169940467887581e-13  2.194397426514911e-11  9.078107942199774e-10  1.611563564467033e-12  6.546182338521215e-15  1.019262293549055e-10  4.169426609907600e-13 
 2.454708915684971e+08  9.136582412786018e-10  4.711932732078853e-08  1.019251031330491e-10  4.189208017025959e-13  2.194105186467380e-11  9.076899635646846e-10  1.592903984827131e-12  6.501167975379464e-15  1.019126552768488e-10  4.188703533482664e-13 
 2.511886431509519e+08  9.135309045742542e-10  4.711932860781504e-08  1.019106101082887e-10  4.209278759917835e-13  2.193799298584257e-11  9.075634900342168e-10  1.574450633444214e-12  6.457558358622457e-15  1.018984472788790e-10  4.208783395792653e-13 
 2.570395782768801e+08  9.133976259127158e-10  4.711933006942617e-08  1.018954602921464e-10  4.230182007926540e-13  2.193479131628417e-11  9.074311126362981e-10  1.556200898241391e-12  6.415357590678027e-15  1.018835760410514e-10  4.229695513731903e-13 
 2.630267991895318e+08  9.132581306632463e-10  4.711933171125644e-08  1.018796228882381e-10  4.251947830722072e-13  2.193144025753811e-11  9.072925585500543e-10  1.538152188824371e-12  6.374569776251913e-15  1.018680109145831e-10  4.251469962401111e-13 
 2.691534803926850e+08  9.131121317729367e-10  4.711933353926497e-08  1.018630657170723e-10  4.274607053831298e-13  2.192793291265136e-11  9.071475426131958e-10  1.520301935995075e-12  6.335198994704069e-15  1.018517198642419e-10  4.274137572661184e-13 
 2.754228703338099e+08  9.129593292303945e-10  4.711933555974938e-08  1.018457551561171e-10  4.298191254525570e-13  2.192426207329167e-11  9.069957667892133e-10  1.502647591266520e-12  6.297249271435017e-15  1.018346694084889e-10  4.297729927024432e-13 
 2.818382931264385e+08  9.127994095087531e-10  4.711933777936047e-08  1.018276560775611e-10  4.322732755984699e-13  2.192042020636385e-11  9.068369196140340e-10  1.485186626379147e-12  6.260724548341290e-15  1.018168245573141e-10  4.322279353822014e-13 
 2.884031503126535e+08  9.126320449874536e-10  4.711934020511761e-08  1.018087317837064e-10  4.348264619672927e-13  2.191639944011613e-11  9.066706756215865e-10  1.467916532818768e-12  6.225628653394665e-15  1.017981487477025e-10  4.347818919583283e-13 
 2.951209226666313e+08  9.124568933522583e-10  4.711934284442478e-08  1.017889439399348e-10  4.374820635880869e-13  2.191219154972337e-11  9.064966947477413e-10  1.450834821336361e-12  6.191965269426622e-15  1.017786037766700e-10  4.374382419580999e-13 
 3.019951720401942e+08  9.122735969729717e-10  4.711934570508746e-08  1.017682525051853e-10  4.402435312388991e-13  2.190778794233449e-11  9.063146217121027e-10  1.433939021469939e-12  6.159737902199797e-15  1.017581497318119e-10  4.402004366497967e-13 
 3.090295432513515e+08  9.120817822583674e-10  4.711934879533051e-08  1.017466156598908e-10  4.431143861212210e-13  2.190317964157229e-11  9.061240853771564e-10  1.417226681068805e-12  6.128949847851784e-15  1.017367449193063e-10  4.430719977174692e-13 
 3.162277660168301e+08  9.118810589878345e-10  4.711935212381652e-08  1.017239897313171e-10  4.460982183394725e-13  2.189835727147365e-11  9.059246980842878e-10  1.400695365820497e-12  6.099604159807023e-15  1.017143457893196e-10  4.460565157407134e-13 
 3.235936569296203e+08  9.116710196193032e-10  4.711935569966557e-08  1.017003291162553e-10  4.491986851839305e-13  2.189331103985985e-11  9.057160549662341e-10  1.384342658780798e-12  6.071703615269275e-15  1.016909068587636e-10  4.491576484778816e-13 
 3.311311214825829e+08  9.114512385730232e-10  4.711935953247537e-08  1.016755862010216e-10  4.524195092144057e-13  2.188803072112655e-11  9.054977332355478e-10  1.368166159907229e-12  6.045250681386643e-15  1.016663806313584e-10  4.523791189500273e-13 
 3.388441561391942e+08  9.112212714908313e-10  4.711936363234298e-08  1.016497112787206e-10  4.557644761454718e-13  2.188250563844463e-11  9.052692914487080e-10  1.352163485596465e-12  6.020247481223423e-15  1.016407175149579e-10  4.557247133263909e-13 
 3.467368504525231e+08  9.109806544705773e-10  4.711936800988707e-08  1.016226524637397e-10  4.592374325319229e-13  2.187672464536429e-11  9.050302687455525e-10  1.336332268226220e-12  5.996695759637130e-15  1.016138657361037e-10  4.591982786100996e-13 
 3.548133892335666e+08  9.107289032754434e-10  4.711937267627151e-08  1.015943556034400e-10  4.628422832564303e-13  2.187067610681549e-11  9.047801840637678e-10  1.320670155702135e-12  5.974596849196351e-15  1.015857712517755e-10  4.628037201260544e-13 
 3.630780547700923e+08  9.104655125179527e-10  4.711937764323009e-08  1.015647641870249e-10  4.665829888201630e-13  2.186434787950038e-11  9.045185353282325e-10  1.305174811010342e-12  5.953951636250733e-15  1.015563776583168e-10  4.665449988117647e-13 
 3.715352290971633e+08  9.101899548185323e-10  4.711938292309233e-08  1.015338192515686e-10  4.704635624390864e-13  2.185772729167407e-11  9.042447986150824e-10  1.289843911776348e-12  5.934760527281822e-15  1.015256260975201e-10  4.704261283138513e-13 
 3.801893963205517e+08  9.099016799385933e-10  4.711938852881059e-08  1.015014592852021e-10  4.744880669483866e-13  2.185080112231298e-11  9.039584272904569e-10  1.274675149831065e-12  5.917023415651001e-15  1.014934551598671e-10  4.744511718926567e-13 
 3.890451449942709e+08  9.096001138881663e-10  4.711939447398848e-08  1.014676201274593e-10  4.786606115185180e-13  2.184355557967168e-11  9.036588511239690e-10  1.259666230784768e-12  5.900739648865314e-15  1.014598007849286e-10  4.786242391384685e-13 
 3.981071705534873e+08  9.092846580082538e-10  4.711940077291066e-08  1.014322348668023e-10  4.829853481863003e-13  2.183597627923207e-11  9.033454753770559e-10  1.244814873609953e-12  5.885907996471763e-15  1.014245961589425e-10  4.829494825027756e-13 
 4.073802778041025e+08  9.089546880281673e-10  4.711940744057391e-08  1.013952337353556e-10  4.874664682052776e-13  2.182804822105143e-11  9.030176798664783e-10  1.230118810234056e-12  5.872526618691500e-15  1.013877716095985e-10  4.874310936487737e-13 
 4.168693834703249e+08  9.086095530982609e-10  4.711941449271998e-08  1.013565440008942e-10  4.921081982190713e-13  2.181975576651890e-11  9.026748180033754e-10  1.215575785143155e-12  5.860593035890250e-15  1.013492544980760e-10  4.920732996248511e-13 
 4.265795188015819e+08  9.082485747986093e-10  4.711942194586965e-08  1.013160898561477e-10  4.969147962619810e-13  2.181108261453398e-11  9.023162158084234e-10  1.201183554997832e-12  5.850104098979268e-15  1.013089691083973e-10  4.968803588653079e-13 
 4.365158322401550e+08  9.078710461243533e-10  4.711942981735872e-08  1.012737923055003e-10  5.018905475904287e-13  2.180201177712411e-11  9.019411709038114e-10  1.186939888262492e-12  5.841055960824987e-15  1.012668365341747e-10  5.018565570219073e-13 
 4.466835921509519e+08  9.074762304486087e-10  4.711943812537549e-08  1.012295690491870e-10  5.070397603493542e-13  2.179252555452284e-11  9.015489514829293e-10  1.172842564849530e-12  5.833444048744017e-15  1.012227745628532e-10  5.070062026303630e-13 
 4.570881896148635e+08  9.070633604640368e-10  4.711944688900024e-08  1.011833343651081e-10  5.123667610760322e-13  2.178260550973511e-11  9.011387952588543e-10  1.158889375779858e-12  5.827263038134080e-15  1.011766975575699e-10  5.123336226142378e-13 
 4.677351412871864e+08  9.066316371043973e-10  4.711945612824638e-08  1.011349989884097e-10  5.178758900439170e-13  2.177223244262136e-11  9.007099083929525e-10  1.145078122861428e-12  5.822506827287438e-15  1.011285163367790e-10  5.178431576288572e-13 
 4.786300923226262e+08  9.061802284476379e-10  4.711946586410367e-08  1.010844699890031e-10  5.235714964486655e-13  2.176138636353748e-11  9.002614644051363e-10  1.131406618387488e-12  5.819168513423012e-15  1.010781380518138e-10  5.235391572473899e-13 
 4.897788193684338e+08  9.057082686023470e-10  4.711947611858352e-08  1.010316506472271e-10  5.294579334360189e-13  2.175004646657496e-11  8.997926030675937e-10  1.117872684856477e-12  5.817240369941671e-15  1.010254660625913e-10  5.294259749887779e-13 
 5.011872336272596e+08  9.052148565796733e-10  4.711948691476633e-08  1.009764403278879e-10  5.355395529723755e-13  2.173819110245131e-11  8.993024292840799e-10  1.104474154715559e-12  5.816713824919664e-15  1.009703998116927e-10  5.355079631883459e-13 
 5.128613839913518e+08  9.046990551531379e-10  4.711949827685121e-08  1.009187343529469e-10  5.418207005553675e-13  2.172579775110926e-11  8.987900119571791e-10  1.091208870129969e-12  5.817579440814587e-15  1.009128346970910e-10  5.417894677084071e-13 
 5.248074602497592e+08  9.041598897090921e-10  4.711951023020792e-08  1.008584238731635e-10  5.483057097621667e-13  2.171284299409077e-11  8.982543828462745e-10  1.078074682780484e-12  5.819826895363176e-15  1.008526619438330e-10  5.482748224865897e-13 
 5.370317963702390e+08  9.035963470909525e-10  4.711952280143145e-08  1.007953957390432e-10  5.549988966307698e-13  2.169930248676120e-11  8.976945354193349e-10  1.065069453691480e-12  5.823444963624566e-15  1.007897684750249e-10  5.549683439171351e-13 
 5.495408738576105e+08  9.030073744407323e-10  4.711953601839897e-08  1.007295323714810e-10  5.619045538687417e-13  2.168515093046782e-11  8.971094237020157e-10  1.052191053092183e-12  5.828421501117178e-15  1.007240367825130e-10  5.618743250596480e-13 
 5.623413251903347e+08  9.023918780418175e-10  4.711954991032963e-08  1.006607116325447e-10  5.690269448815954e-13  2.167036204472795e-11  8.964979611279964e-10  1.039437360313927e-12  5.834743427977044e-15  1.006553447977021e-10  5.689970296674771e-13 
 5.754399373371422e+08  9.017487221673929e-10  4.711956450784723e-08  1.005888066968851e-10  5.763702976121285e-13  2.165490853955218e-11  8.958590193949304e-10  1.026806263726333e-12  5.842396714061855e-15  1.005835657630017e-10  5.763406860270487e-13 
 5.888436553555739e+08  9.010767279394153e-10  4.711957984304569e-08  1.005136859243227e-10  5.839387981799513e-13  2.163876208802045e-11  8.951914273308741e-10  1.014295660715550e-12  5.851366364909814e-15  1.005085681044459e-10  5.839094805973864e-13 
 6.025595860743423e+08  9.003746722035512e-10  4.711959594955774e-08  1.004352127342134e-10  5.917365843090882e-13  2.162189329924113e-11  8.944939697765753e-10  1.001903457707840e-12  5.861636408456304e-15  1.004302153060927e-10  5.917075514377028e-13 
 6.165950018614663e+08  8.996412864260596e-10  4.711961286262685e-08  1.003532454822619e-10  5.997677385302885e-13  2.160427169183661e-11  8.937653864895628e-10  9.896275702419466e-13  5.873189882407400e-15  1.003483657868694e-10  5.997389814096977e-13 
 6.309573444801769e+08  8.988752556191832e-10  4.711963061918256e-08  1.002676373405136e-10  6.080362811427289e-13  2.158586566811332e-11  8.930043710765599e-10  9.774659230939010e-13  5.886008822159060e-15  1.002628727805959e-10  6.080077911392461e-13 
 6.456542290346388e+08  8.980752173022470e-10  4.711964925791928e-08  1.001782361813291e-10  6.165461629194108e-13  2.156664248908873e-11  8.922095699613701e-10  9.654164504580306e-13  5.900074249157464e-15  1.001735842199895e-10  6.165179317217813e-13 
 6.606934480075788e+08  8.972397605063189e-10  4.711966881937898e-08  1.000848844662172e-10  6.253012575381774e-13  2.154656825056442e-11  8.913795813960411e-10  9.534770961881520e-13  5.915366159583238e-15  1.000803426255281e-10  6.252732771532973e-13 
 6.760829753919642e+08  8.963674248309733e-10  4.711968934603766e-08  9.998741914047998e-11  6.343053537213199e-13  2.152560786044987e-11  8.905129545237918e-10  9.416458141030315e-13  5.931863513263540e-15  9.998298500012291e-11  6.342776164699403e-13 
 6.918309709189185e+08  8.954566995624424e-10  4.711971088239597e-08  9.988567153470466e-11  6.435621470636971e-13  2.150372501756065e-11  8.896081885029247e-10  9.299205683604032e-13  5.949544222697702e-15  9.988134273063938e-11  6.435346455761165e-13 
 7.079457843841195e+08  8.945060228631694e-10  4.711973347507406e-08  9.977946727422104e-11  6.530752315309600e-13  2.148088219213090e-11  8.886637317016754e-10  9.182993339039133e-13  5.968385142109267e-15  9.977524149738099e-11  6.530479587427041e-13 
 7.244359600749712e+08  8.935137810435875e-10  4.711975717291098e-08  9.966862619773080e-11  6.628480906082919e-13  2.145704060830055e-11  8.876779809747495e-10  9.067800969875274e-13  5.988362056436458e-15  9.966450119274514e-11  6.628210397557845e-13 
 7.413102413008982e+08  8.924783079277345e-10  4.711978202706868e-08  9.955296228640498e-11  6.728840880802020e-13  2.143216022885598e-11  8.866492810330827e-10  8.953608557820058e-13  6.009449670184533e-15  9.954893585034602e-11  6.728572526964292e-13 
 7.585775750291640e+08  8.913978843251522e-10  4.711980809114108e-08  9.943228360483815e-11  6.831864584230978e-13  2.140619974252321e-11  8.855759239191921e-10  8.840396210681601e-13  6.031621596083447e-15  9.942835358599351e-11  6.831598323332665e-13 
 7.762471166286714e+08  8.902707376223621e-10  4.711983542126805e-08  9.930639225534244e-11  6.937582967927246e-13  2.137911655413286e-11  8.844561486013216e-10  8.728144170216436e-13  6.054850343505569e-15  9.930255655201117e-11  6.937318741099185e-13 
 7.943282347242607e+08  8.890950415080602e-10  4.711986407625499e-08  9.917508434715949e-11  7.046025485898816e-13  2.135086677799672e-11  8.832881407004340e-10  8.616832820940651e-13  6.079107306616756e-15  9.917134090647134e-11  7.045763237107185e-13 
 8.128305161640779e+08  8.878689158470257e-10  4.711989411769797e-08  9.903814998226311e-11  7.157219985898968e-13  2.132140523485601e-11  8.820700323649451e-10  8.506442699951939e-13  6.104362752257608e-15  9.903449679902032e-11  7.156959661901869e-13 
 8.317637711026491e+08  8.865904267186000e-10  4.711992561011477e-08  9.889537325952236e-11  7.271192596231440e-13  2.129068545278224e-11  8.807999023089536e-10  8.396954507809953e-13  6.130585807570591e-15  9.889180837506303e-11  7.270934146535541e-13 
 8.511380382023541e+08  8.852575866364102e-10  4.711995862108212e-08  9.874653229908489e-11  7.387967607966339e-13  2.125865967243143e-11  8.794757760305311e-10  8.288349120521178e-13  6.157744447413786e-15  9.874305380016754e-11  7.387710984783575e-13 
 8.709635899560577e+08  8.838683549668340e-10  4.711999322137928e-08  9.859139928893371e-11  7.507567352498411e-13  2.122527885707166e-11  8.780956262274578e-10  8.180607602673263e-13  6.185805481627550e-15  9.858800530664200e-11  7.507312510702771e-13 
 8.912509381337219e+08  8.824206385644664e-10  4.712002948513875e-08  9.842974055565332e-11  7.630012074415467e-13  2.119049270782286e-11  8.766573734285389e-10  8.073711221761577e-13  6.214734542247207e-15  9.842642926432058e-11  7.629758971499870e-13 
 9.120108393558856e+08  8.809122926435617e-10  4.712006749000364e-08  9.826131666152453e-11  7.755319799683274e-13  2.115424968456461e-11  8.751588868593581e-10  7.967641463748204e-13  6.244496070780603e-15  9.825808627767716e-11  7.755068395716547e-13 
 9.332543007969663e+08  8.793411219050776e-10  4.712010731729280e-08  9.808588253013566e-11  7.883506199203286e-13  2.111649703298331e-11  8.735979855619637e-10  7.862380049890034e-13  6.275053305701216e-15  9.808273131145504e-11  7.883256456787239e-13 
 9.549925860214106e+08  8.777048819395080e-10  4.712014905217358e-08  9.790318760276392e-11  8.014584447849241e-13  2.107718081824377e-11  8.719724397885405e-10  7.757908954868578e-13  6.306368270335366e-15  9.790011384706592e-11  8.014336332075839e-13 
 9.772372209557847e+08  8.760012809261481e-10  4.712019278384272e-08  9.771297602783029e-11  8.148565079143420e-13  2.103624596578114e-11  8.702799726895796e-10  7.654210426249078e-13  6.338401761350224e-15  9.770997807206203e-11  8.148318557552029e-13 
 9.999999999999734e+08  8.742279816497643e-10  4.712023860571591e-08  9.751498688576745e-11  8.285455835799489e-13  2.099363630971693e-11  8.685182623173795e-10  7.551267005290450e-13  6.371113338082700e-15  9.751206310502074e-11  8.285210878334186e-13 
 1.023292992280727e+09  8.723826038558305e-10  4.712028661562613e-08  9.730895445166260e-11  8.425261516424335e-13  2.094929464940752e-11  8.666849439659023e-10  7.449061549120810e-13  6.404461312977562e-15  9.730610325820329e-11  8.425018095391246e-13 
 1.047128548050872e+09  8.704627269655023e-10  4.712033691603145e-08  9.709460849803747e-11  8.567983818741081e-13  2.090316281463387e-11  8.647776128680188e-10  7.347577254285327e-13  6.438402743430772e-15  9.709182834035053e-11  8.567741908765712e-13 
 1.071519305237578e+09  8.684658931713096e-10  4.712038961423249e-08  9.687167464010642e-11  8.713621179778371e-13  2.085518173993633e-11  8.627938272709858e-10  7.246797681663957e-13  6.472893425367127e-15  9.686896400195599e-11  8.713380757762890e-13 
 1.096478196143156e+09  8.663896109341569e-10  4.712044482260031e-08  9.663987472581032e-11  8.862168613547592e-13  2.080529154858920e-11  8.607311119106084e-10  7.146706782746634e-13  6.507887888904897e-15  9.663723212531456e-11  8.861929658628001e-13 
 1.122018454301933e+09  8.642313589015418e-10  4.712050265881490e-08  9.639892727284805e-11  9.013617546819713e-13  2.075343164669351e-11  8.585869619038732e-10  7.047288927241747e-13  6.543339396489452e-15  9.639635126156802e-11  9.013380040322856e-13 
 1.148153621496852e+09  8.619885902659900e-10  4.712056324611496e-08  9.614854795482498e-11  9.167955653700612e-13  2.069954082784429e-11  8.563588470789189e-10  6.948528931981366e-13  6.579199943900192e-15  9.614603711686765e-11  9.167719579100946e-13 
 1.174897554939498e+09  8.596587375814469e-10  4.712062671355947e-08  9.588845013849921e-11  9.325166689797436e-13  2.064355738879860e-11  8.540442167599761e-10  6.850412091072612e-13  6.615420264557857e-15  9.588600308963385e-11  9.324932032673481e-13 
 1.202264434617381e+09  8.572392180538052e-10  4.712069319630150e-08  9.561834547393000e-11  9.485230326866126e-13  2.058541925653310e-11  8.516405050233442e-10  6.752924207229425e-13  6.651949837580110e-15  9.561596086071792e-11  9.484997074856518e-13 
 1.230268770812348e+09  8.547274393198105e-10  4.712076283587499e-08  9.533794453911828e-11  9.648121988923335e-13  2.052506412703325e-11  8.491451364385586e-10  6.656051624202690e-13  6.688736900046681e-15  9.533562103805561e-11  9.647890131682375e-13 
 1.258925411794133e+09  8.521208057262766e-10  4.712083578049509e-08  9.504695754047089e-11  9.813812690909017e-13  2.046242961610095e-11  8.465555323065992e-10  6.559781260209029e-13  6.725728463951552e-15  9.504469385714416e-11  9.813582220061633e-13 
 1.288249551693099e+09  8.494167251188178e-10  4.712091218537249e-08  9.474509507011594e-11  9.982268881073647e-13  2.039745342240170e-11  8.438691174042885e-10  6.464100642239977e-13  6.762870338321310e-15  9.474288993837044e-11  9.982039790169643e-13 
 1.318256738556371e+09  8.466126161461643e-10  4.712099221304266e-08  9.443206892074668e-11  1.015345228837327e-12  2.033007350289734e-11  8.410833272409060e-10  6.368997941113486e-13  6.800107156991778e-15  9.442992110186745e-11  1.015322457284077e-12 
 1.348962882591617e+09  8.437059160825384e-10  4.712107603371063e-08  9.410759295827074e-11  1.032731977623259e-12  2.026022826072375e-11  8.381956158294801e-10  6.274462007109195e-13  6.837382412522680e-15  9.410550124017608e-11  1.032709343333056e-12 
 1.380384264602847e+09  8.406940891665419e-10  4.712116382561193e-08  9.377138405209206e-11  1.050382320413440e-12  2.018785674547648e-11  8.352034639712180e-10  6.180482406007558e-13  6.874638496729690e-15  9.376934724853977e-11  1.050359823290410e-12 
 1.412537544622716e+09  8.375746354505154e-10  4.712125577539049e-08  9.342316306235200e-11  1.068290929856843e-12  2.011289886575940e-11  8.321043880470731e-10  6.087049455331121e-13  6.911816748294942e-15  9.342118001215835e-11  1.068268569978373e-12 
 1.445439770745888e+09  8.343451001493961e-10  4.712135207849447e-08  9.306265588290609e-11  1.086451953494518e-12  2.003529561373266e-11  8.288959493055499e-10  5.994154260564096e-13  6.948857507895932e-15  9.306072544917754e-11  1.086429731106154e-12 
 1.479108388168167e+09  8.310030834727366e-10  4.712145293959067e-08  9.268959453821337e-11  1.104859003214554e-12  1.995498930126786e-11  8.255757636305144e-10  5.901788751104291e-13  6.985700181266487e-15  9.268771560759153e-11  1.104836918724766e-12 
 1.513561248436167e+09  8.275462509177610e-10  4.712155857299831e-08  9.230371833167101e-11  1.123505146141919e-12  1.987192380717904e-11  8.221415117670301e-10  5.809945715679649e-13  7.022283310562115e-15  9.230188981359085e-11  1.123483200116709e-12 
 1.548816618912439e+09  8.239723439951664e-10  4.712166920314340e-08  9.190477504223685e-11  1.142382897138743e-12  1.978604483484967e-11  8.185909499771142e-10  5.718618836940411e-13  7.058544654362624e-15  9.190299586819865e-11  1.142361090296090e-12 
 1.584893192461070e+09  8.202791913528819e-10  4.712178506503448e-08  9.149252216546011e-11  1.161484213091472e-12  1.969730017942064e-11  8.149219210908523e-10  5.627802724917993e-13  7.094421276585618e-15  9.149079128831548e-11  1.161462546295603e-12 
 1.621810097358885e+09  8.164647202561997e-10  4.712190640476066e-08  9.106672819427937e-11  1.180800489162153e-12  1.960564000353981e-11  8.111323659115570e-10  5.537492949022846e-13  7.129849644528778e-15  9.106504458753178e-11  1.180778963417636e-12 
 1.659586907437515e+09  8.125269683757017e-10  4.712203348001313e-08  9.062717393416957e-11  1.200322557177642e-12  1.951101712050689e-11  8.072203349267140e-10  5.447686068237108e-13  7.164765736180043e-15  9.062553659129001e-11  1.200301173623279e-12 
 1.698243652461697e+09  8.084640958272580e-10  4.712216656063128e-08  9.017365384641968e-11  1.220040686327607e-12  1.941338728347466e-11  8.031840002693514e-10  5.358379659143397e-13  7.199105156866069e-15  9.017206178017780e-11  1.220019446230132e-12 
 1.737800828749327e+09  8.042743974011950e-10  4.712230592917438e-08  8.970597741252410e-11  1.239944586333474e-12  1.931270947919603e-11  7.990216678673452e-10  5.269572341419916e-13  7.232803265210764e-15  8.970442965433575e-11  1.239923491081049e-12 
 1.778279410038874e+09  7.999563149106194e-10  4.712245188152027e-08  8.922397051187567e-11  1.260023413242050e-12  1.920894622463494e-11  7.947317897111019e-10  5.181263800423937e-13  7.265795308288221e-15  8.922246611116711e-11  1.260002464337544e-12 
 1.819700858609933e+09  7.955084495819431e-10  4.712260472749222e-08  8.872747680417410e-11  1.280265777984942e-12  1.910206386459265e-11  7.903129761631669e-10  5.093454806481840e-13  7.298016565750359e-15  8.872601482776399e-11  1.280244977039002e-12 
 1.862087136662816e+09  7.909295744040233e-10  4.712276479151504e-08  8.821635910722489e-11  1.300659757829144e-12  1.899203286834172e-11  7.857640082267175e-10  5.006147230504095e-13  7.329402502597726e-15  8.821493863872447e-11  1.300639106553053e-12 
 1.905460717963194e+09  7.862186463461521e-10  4.712293241330246e-08  8.769050076011174e-11  1.321192910826857e-12  1.887882812311127e-11  7.810838496837629e-10  4.919344055548786e-13  7.359888930152631e-15  8.768912089934410e-11  1.321172411025176e-12 
 1.949844599757991e+09  7.813748183495249e-10  4.712310794857648e-08  8.714980696110297e-11  1.341852293351321e-12  1.876242922213273e-11  7.762716590083029e-10  4.833049383967704e-13  7.389412174674177e-15  8.714846682354218e-11  1.341831946914334e-12 
 1.995262314968824e+09  7.763974509919447e-10  4.712329176982059e-08  8.659420606910660e-11  1.362624480781646e-12  1.864282074483807e-11  7.713268009548550e-10  4.747268439784931e-13  7.417909252933961e-15  8.659290478533738e-11  1.362604289677589e-12 
 2.041737944669473e+09  7.712861237215364e-10  4.712348426706859e-08  8.602365085704494e-11  1.383495591373682e-12  1.851999252670692e-11  7.662488577188078e-10  4.662007565979679e-13  7.445318053953333e-15  8.602238757224376e-11  1.383475557640788e-12 
 2.089296130853981e+09  7.660406455522683e-10  4.712368584873032e-08  8.543811970518799e-11  1.404451313324792e-12  1.839393991618724e-11  7.610376395620956e-10  4.577274216373003e-13  7.471577525981464e-15  8.543689357862628e-11  1.404431439063156e-12 
 2.137962089502173e+09  7.606610651122700e-10  4.712389694245623e-08  8.483761772228203e-11  1.425476935009615e-12  1.826466401607113e-11  7.556931947958966e-10  4.493076941851853e-13  7.496627867678669e-15  8.483642792685232e-11  1.425457222372885e-12 
 2.187761623949492e+09  7.551476799354166e-10  4.712411799604261e-08  8.422217778225266e-11  1.446557378331182e-12  1.813217190669450e-11  7.502158190115390e-10  4.409425370703941e-13  7.520410722359809e-15  8.422102350401814e-11  1.446537829518105e-12 
 2.238721138568277e+09  7.495010448875197e-10  4.712434947837924e-08  8.359186146435825e-11  1.467677235097084e-12  1.799647684835049e-11  7.446060634516669e-10  4.326330182882745e-13  7.542869374047588e-15  8.359074190212663e-11  1.467657852342918e-12 
 2.290867652767709e+09  7.437219796208370e-10  4.712459188044183e-08  8.294675988493379e-11  1.488820806295599e-12  1.785759846036322e-11  7.388647424160683e-10  4.243803078073313e-13  7.563948943995679e-15  8.294567424985589e-11  1.488801591863419e-12 
 2.344228815319856e+09  7.378115749545361e-10  4.712484571633069e-08  8.228699440930435e-11  1.509972144110344e-12  1.771556287436297e-11  7.329929396004744e-10  4.161856737486108e-13  7.583596586257947e-15  8.228594192449797e-11  1.509953100282259e-12 
 2.398832919019423e+09  7.317711980842918e-10  4.712511152435845e-08  8.161271723306375e-11  1.531115096476976e-12  1.757040285943684e-11  7.269920132721365e-10  4.080504779367137e-13  7.601761680817323e-15  8.161169713326317e-11  1.531096225545295e-12 
 2.454708915684961e+09  7.256024965313292e-10  4.712538986818880e-08  8.092411182271168e-11  1.552233353949853e-12  1.742215791700029e-11  7.208636001930829e-10  3.999761708277387e-13  7.618396022734905e-15  8.092312335394325e-11  1.552214658208217e-12 
 2.511886431509510e+09  7.193074007499943e-10  4.712568133802868e-08  8.022139320661971e-11  1.573310498613279e-12  1.727087434344563e-11  7.146096182106631e-10  3.919642858262398e-13  7.633454005750306e-15  8.022043562590349e-11  1.573291980347801e-12 
 2.570395782768792e+09  7.128881253232015e-10  4.712598655187629e-08  7.950480810844271e-11  1.594330054740162e-12  1.711660525887022e-11  7.082322674451913e-10  3.840164330102366e-13  7.646892798752167e-15  7.950388068352058e-11  1.594311716220605e-12 
 2.630267991895308e+09  7.063471686868606e-10  4.712630615682788e-08  7.877463491640372e-11  1.615275540871706e-12  1.695941060046934e-11  7.017340300161759e-10  3.761342922903710e-13  7.658672513546365e-15  7.877373692549349e-11  1.615257384342728e-12 
 2.691534803926840e+09  6.996873113374364e-10  4.712664083044572e-08  7.803118348333514e-11  1.636130522966057e-12  1.679935707949218e-11  6.951176682615889e-10  3.683196060363169e-13  7.668756362381614e-15  7.803031421491089e-11  1.636112550638567e-12 
 2.754228703338089e+09  6.929116124910212e-10  4.712699128219021e-08  7.727479475394853e-11  1.656878668241582e-12  1.663651810100122e-11  6.883862214187585e-10  3.605741712104037e-13  7.677110803744609e-15  7.727395350654660e-11  1.656860882284239e-12 
 2.818382931264374e+09  6.860234051774736e-10  4.712735825491924e-08  7.650584021749604e-11  1.677503799322991e-12  1.647097364603968e-11  6.815430007505513e-10  3.528998310549891e-13  7.683705675013943e-15  7.650502629954633e-11  1.677486201853884e-12 
 2.884031503126524e+09  6.790262897691107e-10  4.712774252645782e-08  7.572472118576599e-11  1.697989948285315e-12  1.630281011619454e-11  6.745915831163277e-10  3.452984663862775e-13  7.688514310658247e-15  7.572393391544782e-11  1.697972541363865e-12 
 2.951209226666302e+09  6.719241259598373e-10  4.712814491124118e-08  7.493186789818327e-11  1.718321410183290e-12  1.613212014093632e-11  6.675358030034570e-10  3.377719865529101e-13  7.691513644783729e-15  7.493110660330520e-11  1.718304195802403e-12 
 3.019951720401930e+09  6.647210232272371e-10  4.712856626203495e-08  7.412773845764284e-11  1.738482795651356e-12  1.595900234851670e-11  6.603797430517003e-10  3.303223201226348e-13  7.692684296973920e-15  7.412700247554550e-11  1.738465775729871e-12 
 3.090295432513503e+09  6.574213298267067e-10  4.712900747173594e-08  7.331281760255147e-11  1.758459082162791e-12  1.578356110160278e-11  6.531277231192218e-10  3.229514053645909e-13  7.692010640519556e-15  7.331210628003232e-11  1.758442258538253e-12 
 3.162277660168289e+09  6.500296203829248e-10  4.712946947525724e-08  7.248761532236167e-11  1.778235663545533e-12  1.560590619921607e-11  6.457842879550979e-10  3.156611805981213e-13  7.689480852307133e-15  7.248692801562048e-11  1.778219037967327e-12 
 3.235936569296190e+09  6.425506821595236e-10  4.712995325150151e-08  7.165266532561940e-11  1.797798397367260e-12  1.542615254691853e-11  6.383541935586587e-10  3.084535744814895e-13  7.685086943819361e-15  7.165200140022337e-11  1.797781971490134e-12 
 3.311311214825816e+09  6.349895001024684e-10  4.713045982542662e-08  7.080852337118120e-11  1.817133649821742e-12  1.524441979753962e-11  6.308423923205468e-10  3.013304963153495e-13  7.678824772890401e-15  7.080788220204798e-11  1.817117425199757e-12 
 3.388441561391928e+09  6.273512407661177e-10  4.713099027020807e-08  6.995576547475763e-11  1.836228337774390e-12  1.506083196506174e-11  6.232540170537530e-10  2.942938264362796e-13  7.670694036060657e-15  6.995514644615514e-11  1.836212315855306e-12 
 3.467368504525217e+09  6.196412352429640e-10  4.713154570950248e-08  6.909498600428348e-11  1.855069967654442e-12  1.487551701457050e-11  6.155943640348395e-10  2.873454067751119e-13  7.660698241575833e-15  6.909438850984452e-11  1.855054149774583e-12 
 3.548133892335652e+09  6.118649612284517e-10  4.713212731981668e-08  6.822679567877430e-11  1.873646670915225e-12  1.468860643142599e-11  6.078688751858880e-10  2.804870316531894e-13  7.648844663275245e-15  6.822621912152461e-11  1.873631058294835e-12 
 3.630780547700909e+09  6.040280243608468e-10  4.713273633298800e-08  6.735181948628563e-11  1.891947235822193e-12  1.450023477301698e-11  6.000831195362345e-10  2.737204388870663e-13  7.635144275813796e-15  6.735126327868349e-11  1.891931829561288e-12 
 3.715352290971618e+09  5.961361389827499e-10  4.713337403877990e-08  6.647069453733109e-11  1.909961135368164e-12  1.431053920661964e-11  5.922427741096234e-10  2.670473012686213e-13  7.619611671847708e-15  6.647015810131687e-11  1.909945936442919e-12 
 3.801893963205502e+09  5.881951084754222e-10  4.713404178759927e-08  6.558406787062494e-11  1.927678551158673e-12  1.411965903699157e-11  5.843536043869650e-10  2.604692184830969e-13  7.602264961995662e-15  6.558355063767865e-11  1.927663560418324e-12 
 3.890451449942693e+09  5.802108053195672e-10  4.713474099334013e-08  6.469259422829129e-11  1.945090393154072e-12  1.392773522739186e-11  5.764214444973335e-10  2.539877095223524e-13  7.583125658550488e-15  6.469209563949647e-11  1.945075611318364e-12 
 3.981071705534857e+09  5.721891510365735e-10  4.713547313636041e-08  6.379693381772296e-11  1.962188315199674e-12  1.373490991772663e-11  5.684521772902092e-10  2.476042056446748e-13  7.562218544064963e-15  6.379645332383511e-11  1.962173742856841e-12 
 4.073802778041009e+09  5.641360961625259e-10  4.713623976659727e-08  6.289775007708331e-11  1.978964726320333e-12  1.354132594347832e-11  5.604517144402717e-10  2.413200439259835e-13  7.539571526067948e-15  6.289728713860109e-11  1.978950363925613e-12 
 4.168693834703233e+09  5.560576004036120e-10  4.713704250682768e-08  6.199570746103333e-11  1.995412797798806e-12  1.334712635898919e-11  5.524259767324059e-10  2.351364614402966e-13  7.515215479274752e-15  6.199526154827098e-11  1.995398645673480e-12 
 4.265795188015802e+09  5.479596131159833e-10  4.713788305608101e-08  6.109146926264663e-11  2.011526466099959e-12  1.315245396853524e-11  5.443808746690417e-10  2.290545901000293e-13  7.489184076747612e-15  6.109103985580580e-11  2.011512524430921e-12 
 4.365158322401532e+09  5.398480542458781e-10  4.713876319321029e-08  6.018569548666409e-11  2.027300431742171e-12  1.295745086845304e-11  5.363222895347519e-10  2.230754521792108e-13  7.461513611527393e-15  6.018528207590369e-11  2.027286700581992e-12 
 4.466835921509501e+09  5.317287958570038e-10  4.713968478062983e-08  5.927904078825861e-11  2.042730154254727e-12  1.276225800336995e-11  5.282560550442706e-10  2.171999565351536e-13  7.432242810304432e-15  5.927864287376112e-11  2.042716633522220e-12 
 4.570881896148617e+09  5.236076443620630e-10  4.714064976822659e-08  5.837215249035098e-11  2.057811843393146e-12  1.256701473934564e-11  5.201879396900606e-10  2.114288955366269e-13  7.401412640717605e-15  5.837176958238391e-11  2.057798532874397e-12 
 4.677351412871845e+09  5.154903235640788e-10  4.714166019745327e-08  5.746566869126591e-11  2.072542446814765e-12  1.237185845646284e-11  5.121236298943877e-10  2.057629426992840e-13  7.369066113873604e-15  5.746530031023723e-11  2.072529346164619e-12 
 4.786300923226243e+09  5.073824586010905e-10  4.714271820561155e-08  5.656021647316877e-11  2.086919634442556e-12  1.217692416311525e-11  5.040687140588679e-10  2.002026510220940e-13  7.335248083658556e-15  5.655986214967497e-11  2.086906743186529e-12 
 4.897788193684319e+09  4.992895608750738e-10  4.714382603033412e-08  5.565641022030443e-11  2.100941779766823e-12  1.198234413393479e-11  4.960286675918108e-10  1.947484520119155e-13  7.300005044375913e-15  5.565606949517048e-11  2.100929097303413e-12 
 5.011872336272576e+09  4.912170140328335e-10  4.714498601427450e-08  5.475485005459797e-11  2.114607938352010e-12  1.178824757298588e-11  4.880088389806648e-10  1.894006553772253e-13  7.263384928189790e-15  5.475452247890808e-11  2.114595463955392e-12 
 5.128613839913499e+09  4.831700610533541e-10  4.714620061001416e-08  5.385612039469690e-11  2.127917823828540e-12  1.159476030353551e-11  4.800144369636943e-10  1.841594493664338e-13  7.225436903780765e-15  5.385580552981541e-11  2.127905556651595e-12 
 5.248074602497573e+09  4.751537924828848e-10  4.714747238519709e-08  5.296078864306061e-11  2.140871781658628e-12  1.140200448539092e-11  4.720505188418958e-10  1.790249017212485e-13  7.186211177537753e-15  5.296048606064243e-11  2.140859720736298e-12 
 5.370317963702371e+09  4.671731358460958e-10  4.714880402790157e-08  5.206940400426004e-11  2.153470760969388e-12  1.121009836048570e-11  4.641219799593052e-10  1.739969612112228e-13  7.145758798513036e-15  5.206911328625004e-11  2.153458905222310e-12 
 5.495408738576085e+09  4.592328462491381e-10  4.715019835226037e-08  5.118249643625421e-11  2.165716284747328e-12  1.101915602709483e-11  4.562335443674237e-10  1.690754597119695e-13  7.104131468263202e-15  5.118221717487528e-11  2.165704632985728e-12 
 5.623413251903326e+09  4.513374981785515e-10  4.715165830434055e-08  5.030057573508467e-11  2.177610418685386e-12  1.082928724277348e-11  4.483897566776821e-10  1.642601147865472e-13  7.061381356587360e-15  5.030030753281415e-11  2.177598969613202e-12 
 5.754399373371401e+09  4.434914784888026e-10  4.715318696829449e-08  4.942413075218335e-11  2.189155738967385e-12  1.064059725584660e-11  4.405949750947740e-10  1.595505327272322e-13  7.017560924057928e-15  4.942387322171768e-11  2.189144491186572e-12 
 5.888436553555717e+09  4.356989805609451e-10  4.715478757279422e-08  4.855362874234129e-11  2.200355299265449e-12  1.045318666502873e-11  4.328533656134612e-10  1.549462120132558e-13  6.972722752120849e-15  4.855338150654898e-11  2.200344251280459e-12 
 6.025595860743402e+09  4.279639996055242e-10  4.715646349776225e-08  4.768951483933991e-11  2.211212597214227e-12  1.026715130652870e-11  4.251688973521514e-10  1.504465471390852e-13  6.926919381423239e-15  4.768927753120270e-11  2.211201747436622e-12 
 6.165950018614641e+09  4.202903290744921e-10  4.715821828141162e-08  4.683221165531497e-11  2.221731540611654e-12  1.008258216779314e-11  4.175453389882442e-10  1.460508327674357e-13  6.880203158908894e-15  4.683198391785754e-11  2.221720887364820e-12 
 6.309573444801747e+09  4.126815581395784e-10  4.716005562760958e-08  4.598211899910566e-11  2.231916413580274e-12  9.899565326866575e-12  4.099862562529679e-10  1.417582681613527e-13  6.832626094107599e-15  4.598190048531402e-11  2.231905955104222e-12 
 6.456542290346366e+09  4.051410701882965e-10  4.716197941357867e-08  4.513961370814296e-11  2.241771842905725e-12  9.718181916195914e-12  4.024950104372052e-10  1.375679618503747e-13  6.784239724933240e-15  4.513940408087196e-11  2.241761577361939e-12 
 6.606934480075767e+09  3.976720422835438e-10  4.716399369795110e-08  4.430504958784841e-11  2.251302764750985e-12  9.538508109581109e-12  3.950747578546214e-10  1.334789364869013e-13  6.735094993201720e-15  4.430484851971871e-11  2.251292690227297e-12 
 6.760829753919620e+09  3.902774455285792e-10  4.716610272919116e-08  4.347875745204885e-11  2.260514391925852e-12  9.360615130873980e-12  3.877284502042564e-10  1.294901338504120e-13  6.685242129980628e-15  4.347856462533381e-11  2.260504506441332e-12 
 6.918309709189162e+09  3.829600462759549e-10  4.716831095440271e-08  4.266104525755468e-11  2.269412181871842e-12  9.184569282949893e-12  3.804588357715587e-10  1.256004199590348e-13  6.634730550791548e-15  4.266086036405776e-11  2.269402483381657e-12 
 7.079457843841171e+09  3.757224081167341e-10  4.717062302853823e-08  4.185219832579924e-11  2.278001805503589e-12  9.010431995423107e-12  3.732684614046111e-10  1.218085902501036e-13  6.583608760603195e-15  4.185202106672238e-11  2.277992291903837e-12 
 7.244359600749688e+09  3.685668945849468e-10  4.717304382402739e-08  4.105247964428219e-11  2.286289117028334e-12  8.838259889543546e-12  3.661596752009228e-10  1.181133747937068e-13  6.531924268477188e-15  4.105230973008581e-11  2.286279786160817e-12 
 7.413102413008958e+09  3.614956725116752e-10  4.717557844084330e-08  4.026213024049810e-11  2.294280124846899e-12  8.668104858699214e-12  3.591346298396088e-10  1.145134435057709e-13  6.479723511662841e-15  4.026196739075338e-11  2.294270974503822e-12 
 7.585775750291615e+09  3.545107159633363e-10  4.717823221702576e-08  3.948136962105045e-11  2.301980963621154e-12  8.500014162952672e-12  3.521952864939508e-10  1.110074113298778e-13  6.427051788877666e-15  3.948121356428440e-11  2.301971991549741e-12 
 7.762471166286690e+09  3.476138106995535e-10  4.718101073968117e-08  3.871039626874357e-11  2.309397867576087e-12  8.334030536059926e-12  3.453434192601549e-10  1.075938433597512e-13  6.373953202460855e-15  3.871024674227777e-11  2.309389071483095e-12 
 7.943282347242582e+09  3.408065590874291e-10  4.718391985647982e-08  3.794938819060355e-11  2.316537145088332e-12  8.170192303454055e-12  3.385806200395294e-10  1.042712598771130e-13  6.320470609044717e-15  3.794924494038693e-11  2.316528522644451e-12 
 8.128305161640754e+09  3.340903854109324e-10  4.718696568767201e-08  3.719850350999127e-11  2.323405154597789e-12  8.008533509721720e-12  3.319083038131974e-10  1.010381412823703e-13  6.266645578354356e-15  3.719836629042785e-11  2.323396703441918e-12 
 8.317637711026465e+09  3.274665415164495e-10  4.719015463864528e-08  3.645788109623089e-11  2.330008281865156e-12  7.849084054156609e-12  3.253277142507765e-10  9.789293289830672e-14  6.212518359719201e-15  3.645774967000293e-11  2.329999999608550e-12 
 8.511380382023514e+09  3.209361127382212e-10  4.719349341304575e-08  3.572764122547662e-11  2.336352918585234e-12  7.691869833038379e-12  3.188399295971182e-10  9.483404962960866e-14  6.158127855859352e-15  3.572751536336395e-11  2.336344802815512e-12 
 8.709635899560549e+09  3.145000240503402e-10  4.719698902648768e-08  3.500788626686856e-11  2.342445442354453e-12  7.536912887356333e-12  3.124458687841280e-10  9.185988046360027e-14  6.103511603496093e-15  3.500776574756472e-11  2.342437490639452e-12 
 8.912509381337191e+09  3.081590463951450e-10  4.720064882087586e-08  3.429870138838233e-11  2.348292197980478e-12  7.384231554773082e-12  3.061462977178299e-10  8.896879280000663e-14  6.048705760327309e-15  3.429858599830797e-11  2.348284407871970e-12 
 9.120108393558826e+09  3.019138031411500e-10  4.720448047936688e-08  3.360015527714512e-11  2.353899480112868e-12  7.233840624702945e-12  2.999418356941204e-10  8.615913659986746e-14  5.993745097906117e-15  3.360004481025946e-11  2.353891849150112e-12 
 9.332543007969633e+09  2.957647766270481e-10  4.720849204199570e-08  3.291230086937063e-11  2.359273517165515e-12  7.085751495461240e-12  2.938329619000351e-10  8.342924834588819e-14  5.938662999962177e-15  3.291219512698136e-11  2.359266042878656e-12 
 9.549925860214075e+09  2.897123147517645e-10  4.721269192199510e-08  3.223517608544845e-11  2.364420456494762e-12  6.939972332523501e-12  2.878200219607634e-10  8.077745480852634e-14  5.883491465710941e-15  3.223507487602072e-11  2.364413136408076e-12 
 9.772372209557816e+09  2.837566375739719e-10  4.721708892283681e-08  3.156880456610756e-11  2.369346350791504e-12  6.796508227015995e-12  2.819032344960650e-10  7.820207661396610e-14  5.828261117705860e-15  3.156870770507255e-11  2.369339182426476e-12 
 9.999999999999702e+09  2.778978438878726e-10  4.722169225602349e-08  3.091319640595152e-11  2.374057145640370e-12  6.655361353640504e-12  2.760826976531076e-10  7.570143161182666e-14  5.773001213799870e-15  3.091310371551497e-11  2.374050126518622e-12 
 1.023292992280724e+10  2.721359177453744e-10  4.722651155966227e-08  3.026834888103426e-11  2.378558668195627e-12  6.516531127316192e-12  2.703583955860476e-10  7.327383804198560e-14  5.717739662798131e-15  3.026826018998559e-11  2.378551795841684e-12 
 1.047128548050868e+10  2.664707348979996e-10  4.723155691785112e-08  2.963424716750382e-11  2.382856616920139e-12  6.380014357898549e-12  2.647302048558711e-10  7.091761750127436e-14  5.662503043400107e-15  2.963416231102604e-11  2.382849888864041e-12 
 1.071519305237574e+10  2.609020691349707e-10  4.723683888091051e-08  2.901086504868724e-11  2.386956552331710e-12  6.245805402409898e-12  2.591979007270861e-10  6.863109771202636e-14  5.607316626047845e-15  2.901078386816823e-11  2.386949966111468e-12 
 1.096478196143152e+10  2.554295984968537e-10  4.724236848649384e-08  2.839816560831880e-11  2.390863888699462e-12  6.113896314286717e-12  2.537611633407883e-10  6.641261509553285e-14  5.552204397316535e-15  2.839808795116419e-11  2.390857441863367e-12 
 1.122018454301930e+10  2.500529113469507e-10  4.724815728161101e-08  2.779610190792625e-11  2.394583886632264e-12  5.984276989216400e-12  2.484195837464035e-10  6.426051715439493e-14  5.497189086504241e-15  2.779602762737432e-11  2.394577576741047e-12 
 1.148153621496848e+10  2.447715122852534e-10  4.725421734560015e-08  2.720461764668333e-11  2.398121646500757e-12  5.856935307199155e-12  2.431726697770199e-10  6.217316466855998e-14  5.442292194098305e-15  2.720454660162211e-11  2.398115471129606e-12 
 1.174897554939494e+10  2.395848278922339e-10  4.726056131408436e-08  2.662364780231102e-11  2.401482102634895e-12  5.731857270529945e-12  2.380198517556694e-10  6.014893371050373e-14  5.387534021817395e-15  2.662357985709799e-11  2.401476059375334e-12 
 1.202264434617377e+10  2.344922122920336e-10  4.726720240395001e-08  2.605311925186566e-11  2.404670018239533e-12  5.609027137450227e-12  2.329604880221857e-10  5.818621748557714e-14  5.332933703949249e-15  2.605305427615019e-11  2.404664104701159e-12 
 1.230268770812345e+10  2.294929525267123e-10  4.727415443938530e-08  2.549295137148663e-11  2.407689980971635e-12  5.488427551269892e-12  2.279938702723581e-10  5.628342800398408e-14  5.278509239725237e-15  2.549288924003543e-11  2.407684194783734e-12 
 1.258925411794130e+10  2.245862737351671e-10  4.728143187901775e-08  2.494305661439320e-11  2.410546399124151e-12  5.370039664806489e-12  2.231192287030292e-10  5.443899759120837e-14  5.224277526493614e-15  2.494299720691893e-11  2.410540737937182e-12 
 1.288249551693095e+10  2.197713441320775e-10  4.728904984419040e-08  2.440334106661613e-11  2.413243498363106e-12  5.253843260030880e-12  2.183357369585270e-10  5.265138024396515e-14  5.170254393473220e-15  2.440328426760938e-11  2.413237959850065e-12 
 1.318256738556368e+10  2.150472797838457e-10  4.729702414841755e-08  2.387370498012883e-11  2.415785318966473e-12  5.139816862847269e-12  2.136425168754161e-10  5.091905283893277e-14  5.116454635889124e-15  2.387365067869357e-11  2.415779900824142e-12 
 1.348962882591613e+10  2.104131491799261e-10  4.730537132806116e-08  2.335404328320292e-11  2.418175713515344e-12  5.027937852969801e-12  2.090386430239762e-10  4.924051620162507e-14  5.062892049310236e-15  2.335399137289555e-11  2.418170413465424e-12 
 1.380384264602843e+10  2.058679775992326e-10  4.731410867426977e-08  2.284424606795692e-11  2.420418344990147e-12  4.918182568889055e-12  2.045231470460962e-10  4.761429604280608e-14  5.009579464026893e-15  2.284419644662901e-11  2.420413160780291e-12 
 1.412537544622712e+10  2.014107512724433e-10  4.732325426622271e-08  2.234419905519387e-11  2.422516685226976e-12  4.810526407949010e-12  2.000950217903986e-10  4.603894376983247e-14  4.956528779323470e-15  2.234415162483872e-11  2.422511614631714e-12 
 1.445439770745884e+10  1.970404213420322e-10  4.733282700572239e-08  2.185378403673617e-11  2.424474013691403e-12  4.704943921579362e-12  1.957532252464132e-10  4.451303718024415e-14  4.903750997517071e-15  2.185373870333920e-11  2.424469054512979e-12 
 1.479108388168163e+10  1.927559076227294e-10  4.734284665317788e-08  2.137287929556373e-11  2.426293416529661e-12  4.601408905749038e-12  1.914966842804817e-10  4.303518104481508e-14  4.851256257648709e-15  2.137283596895670e-11  2.426288566598767e-12 
 1.513561248436163e+10  1.885561021658663e-10  4.735333386502354e-08  2.090136000414584e-11  2.427977785859452e-12  4.499894486725017e-12  1.873242981768286e-10  4.160400758713123e-14  4.799053868727439e-15  2.090131859786507e-11  2.427973043035884e-12 
 1.548816618912435e+10  1.844398726317105e-10  4.736431023261603e-08  2.043909860142998e-11  2.429529819265130e-12  4.400373202236126e-12  1.832349419878778e-10  4.021817686658804e-14  4.747152342441319e-15  2.043905903257845e-11  2.429525181438359e-12 
 1.584893192461066e+10  1.804060654744386e-10  4.737579832265335e-08  1.998596514901143e-11  2.430952019464480e-12  4.302817078154629e-12  1.792274696984280e-10  3.887637707149864e-14  4.695559425261443e-15  1.998592733812483e-11  2.430947484554144e-12 
 1.621810097358881e+10  1.764535089448444e-10  4.738782171915890e-08  1.954182766705818e-11  2.432246694116698e-12  4.207197700819286e-12  1.753007172087566e-10  3.757732472878307e-14  4.644282129876711e-15  1.954179153797488e-11  2.432242260073018e-12 
 1.659586907437510e+10  1.725810159162483e-10  4.740040506707352e-08  1.910655245060699e-11  2.433415955743626e-12  4.113486285132452e-12  1.714535051420791e-10  3.631976483647206e-14  4.593326765907653e-15  1.910651793034194e-11  2.433411620547762e-12 
 1.698243652461693e+10  1.687873865393614e-10  4.741357411749707e-08  1.868000436687886e-11  2.434461721738621e-12  4.021653738570786e-12  1.676846414820797e-10  3.510247092500910e-14  4.542698969857340e-15  1.867997138550132e-11  2.434457483402953e-12 
 1.737800828749323e+10  1.650714107320800e-10  4.742735577462073e-08  1.826204713428714e-11  2.435385714439808e-12  3.931670721254531e-12  1.639929240464529e-10  3.392424505307730e-14  4.492403734266399e-15  1.826201562480228e-11  2.435381571008162e-12 
 1.778279410038869e+10  1.614318705103430e-10  4.744177814438945e-08  1.785254358382951e-11  2.436189461246701e-12  3.843507702224152e-12  1.603771428025436e-10  3.278391774341330e-14  4.442445436047321e-15  1.785251348206380e-11  2.436185410794515e-12 
 1.819700858609929e+10  1.578675421662863e-10  4.745687058493260e-08  1.745135590356671e-11  2.436874294761434e-12  3.757135012075660e-12  1.568360820312845e-10  3.168034786380493e-14  4.392827863980692e-15  1.745132714805701e-11  2.436870335395874e-12 
 1.862087136662811e+10  1.543771982999867e-10  4.747266375879870e-08  1.705834586689744e-11  2.437441352938045e-12  3.672522892107381e-12  1.533685223456778e-10  3.061242245820183e-14  4.343554245362800e-15  1.705831839878387e-11  2.437437482798064e-12 
 1.905460717963190e+10  1.509596097110911e-10  4.748918968702763e-08  1.667337504534013e-11  2.437891579225356e-12  3.589641540131147e-12  1.499732425700788e-10  2.957905653260304e-14  4.294627271800180e-15  1.667334880826242e-11  2.437887796481720e-12 
 1.949844599757986e+10  1.476135471566088e-10  4.750648180509127e-08  1.629630500652986e-11  2.438225722691161e-12  3.508461153100396e-12  1.466490214865170e-10  2.857919280012386e-14  4.246049124152205e-15  1.629627994652734e-11  2.438222025546416e-12 
 1.995262314968819e+10  1.443377829810778e-10  4.752457502072961e-08  1.592699749813226e-11  2.438444338117437e-12  3.428951966706315e-12  1.433946394542248e-10  2.761180138938653e-14  4.197821496627877e-15  1.592697356354733e-11  2.438440724805847e-12 
 2.041737944669468e+10  1.411310926252319e-10  4.754350577370571e-08  1.556531461836660e-11  2.438547786058376e-12  3.351084292091003e-12  1.402088799084618e-10  2.667587952012751e-14  4.149945620047366e-15  1.556529175975153e-11  2.438544254845820e-12 
 2.089296130853976e+10  1.379922560191847e-10  4.756331209749875e-08  1.521111897381858e-11  2.438536232855034e-12  3.274828549824210e-12  1.370905307446100e-10  2.577045114967059e-14  4.102422284282970e-15  1.521109714384571e-11  2.438532782038868e-12 
 2.137962089502167e+10  1.349200588660119e-10  4.758403368294878e-08  1.486427382520842e-11  2.438409650602344e-12  3.200155301286907e-12  1.340383855933845e-10  2.489456659367698e-14  4.055251859897627e-15  1.486425297858356e-11  2.438406278511233e-12 
 2.187761623949486e+10  1.319132938214698e-10  4.760571194386090e-08  1.452464322176417e-11  2.438167817066318e-12  3.127035277601657e-12  1.310512449928589e-10  2.404730212435647e-14  4.008434319002465e-15  1.452462331514316e-11  2.438164522060036e-12 
 2.238721138568272e+10  1.289707615754226e-10  4.762839008457103e-08  1.419209212483175e-11  2.437810315551070e-12  3.055439406245696e-12  1.281279174628424e-10  2.322775954910248e-14  3.961969255357465e-15  1.419207311674012e-11  2.437807096020279e-12 
 2.290867652767703e+10  1.260912718403811e-10  4.765211316946641e-08  1.386648652133493e-11  2.437336534717457e-12  2.985338835478794e-12  1.252672204869752e-10  2.243506577230484e-14  3.915855903742092e-15  1.386646837209054e-11  2.437333389083455e-12 
 2.344228815319851e+10  1.232736442523753e-10  4.767692819444717e-08  1.354769352767793e-11  2.436745668356931e-12  2.916704956713443e-12  1.224679814077317e-10  2.166837234289195e-14  3.870093158624687e-15  1.354767619931649e-11  2.436742595071381e-12 
 2.398832919019417e+10  1.205167091891951e-10  4.770288416030505e-08  1.323558148466297e-11  2.436036715126308e-12  2.849509424950656e-12  1.197290382393325e-10  2.092685498996254e-14  3.824679592161536e-15  1.323556494086646e-11  2.436033712670945e-12 
 2.454708915684955e+10  1.178193085108460e-10  4.773003214798558e-08  1.293002004397392e-11  2.435208478251111e-12  2.783724177399963e-12  1.170492404033787e-10  2.020971314868518e-14  3.779613471558081e-15  1.293000425000169e-11  2.435205545137432e-12 
 2.511886431509503e+10  1.151802962268717e-10  4.775842539568832e-08  1.263088024675557e-11  2.434259565207201e-12  2.719321450397669e-12  1.144274493918336e-10  1.951616947847045e-14  3.734892775826301e-15  1.263086516937810e-11  2.434256699976136e-12 
 2.570395782768785e+10  1.125985390950030e-10  4.778811937774733e-08  1.233803459479657e-11  2.433188387392493e-12  2.656273794732710e-12  1.118625393617783e-10  1.884546937525764e-14  3.690515211973497e-15  1.233802020223184e-11  2.433185588614060e-12 
 2.630267991895301e+10  1.100729171553985e-10  4.781917188521976e-08  1.205135711480224e-11  2.431993159802597e-12  2.594554089484822e-12  1.093533976661820e-10  1.819688047960271e-14  3.646478230658758e-15  1.205134337665455e-11  2.431990426075549e-12 
 2.691534803926833e+10  1.076023242045523e-10  4.785164310809578e-08  1.177072341622204e-11  2.430671900726485e-12  2.534135554475034e-12  1.068989253247335e-10  1.756969218210934e-14  3.602779041354389e-15  1.177071030342326e-11  2.430669230677939e-12 
 2.754228703338082e+10  1.051856682127548e-10  4.788559571902550e-08  1.149601074307485e-11  2.429222431480373e-12  2.474991761423966e-12  1.044980374385955e-10  1.696321512760763e-14  3.559414627050253e-15  1.149599822782801e-11  2.429219823765426e-12 
 2.818382931264367e+10  1.028218716888045e-10  4.792109495844113e-08  1.122709802019414e-11  2.427642376200295e-12  2.417096643908746e-12  1.021496635527558e-10  1.637678071935615e-14  3.516381758539590e-15  1.122708607591927e-11  2.427639829501638e-12 
 2.884031503126517e+10  1.005098719954904e-10  4.795820872093167e-08  1.096386589429441e-11  2.425929161716143e-12  2.360424506204967e-12  9.985274796947072e-11  1.580974062442314e-14  3.473677008325396e-15  1.096385449557653e-11  2.425926674743660e-12 
 2.951209226666295e+10  9.824862161918474e-11  4.799700764270676e-08  1.070619677023940e-11  2.424080017532268e-12  2.304950031095638e-12  9.760625001612040e-11  1.526146628128913e-14  3.431296764186725e-15  1.070618589277860e-11  2.424077589022628e-12 
 3.019951720401923e+10  9.603708839671418e-11  4.803756518996181e-08  1.045397484287276e-11  2.422091975942115e-12  2.250648286724758e-12  9.540914427062229e-11  1.473134841060813e-14  3.389237242444512e-15  1.045396446343637e-11  2.422089604658361e-12 
 3.090295432513495e+10  9.387425570251077e-11  4.807995774793185e-08  1.020708612475216e-11  2.419961872306800e-12  2.197494732568913e-12  9.326042074738447e-11  1.421879652996608e-14  3.347494500966595e-15  1.020707622112882e-11  2.419959557037927e-12 
 3.162277660168282e+10  9.175912259888164e-11  4.812426471039392e-08  9.965418470108336e-12  2.417686345529987e-12  2.145465224596136e-12  9.115908504662002e-11  1.372323847338332e-14  3.306064451951555e-15  9.965409021063922e-12  2.417684085090520e-12 
 3.235936569296183e+10  8.969070395208141e-11  4.817056856934760e-08  9.728861595331912e-12  2.415261838763896e-12  2.094536019677237e-12  8.910415846968801e-11  1.324411991622278e-14  3.264942874530796e-15  9.728852580567341e-12  2.415259631993460e-12 
 3.311311214825809e+10  8.766803051672018e-11  4.821895500457309e-08  9.497307096272465e-12  2.412684600383787e-12  2.044683779310802e-12  8.709467810297807e-11  1.278090390608580e-14  3.224125427227999e-15  9.497298496383204e-12  2.412682446146675e-12 
 3.388441561391921e+10  8.569014899089723e-11  4.826951297273046e-08  9.270648462616131e-12  2.409950685270736e-12  1.995885572719247e-12  8.512969687271260e-11  1.233307040020433e-14  3.183607660314566e-15  9.270640259053381e-12  2.409948582455475e-12 
 3.467368504525209e+10  8.375612204431119e-11  4.832233479562942e-08  9.048781089590600e-12  2.407055956444985e-12  1.948118879369466e-12  8.320828357290280e-11  1.190011580976943e-14  3.143385028099032e-15  9.048773264624115e-12  2.407053903963899e-12 
 3.548133892335645e+10  8.186502832146632e-11  4.837751624725900e-08  8.831602287229181e-12  2.403996087094625e-12  1.901361590967975e-12  8.132952286856425e-11  1.148155255157324e-14  3.103452901187658e-15  8.831594823911631e-12  2.403994083883394e-12 
 3.630780547700901e+10  8.001596242196760e-11  4.843515663912659e-08  8.619011287408666e-12  2.400766563046675e-12  1.855592012976766e-12  7.949251527617168e-11  1.107690860728278e-14  3.063806578752352e-15  8.619004169541496e-12  2.400764608063896e-12 
 3.715352290971610e+10  7.820803485977682e-11  4.849535890341224e-08  8.410909248859348e-12  2.397362685729917e-12  1.810788865692582e-12  7.769637712321258e-11  1.068572709060997e-14  3.024441300840893e-15  8.410902460960076e-12  2.397360777956664e-12 
 3.801893963205494e+10  7.644037200318819e-11  4.855822967339878e-08  8.207199260329342e-12  2.393779575681008e-12  1.766931284928840e-12  7.594024048858707e-11  1.030756582259259e-14  2.985352260762985e-15  8.207192787600235e-12  2.393777714120387e-12 
 3.890451449942685e+10  7.471211599717120e-11  4.862387936059062e-08  8.007786342069422e-12  2.390012176647314e-12  1.723998822335956e-12  7.422325312549021e-11  9.941996915154856e-15  2.946534617583978e-15  8.007780170367498e-12  2.390010360324026e-12 
 3.981071705534849e+10  7.302242466962610e-11  4.869242222788398e-08  7.812577445789077e-12  2.386055260341711e-12  1.681971445392559e-12  7.254457836831258e-11  9.588606363074120e-15  2.907983508756135e-15  7.812571561597384e-12  2.386053488301606e-12 
 4.073802778041000e+10  7.137047142299848e-11  4.876397645809937e-08  7.621481453219006e-12  2.381903431906097e-12  1.640829537096663e-12  7.090339502499543e-11  9.246993644441451e-15  2.869694062915116e-15  7.621475843619123e-12  2.381901703215736e-12 
 4.168693834703224e+10  6.975544511260582e-11  4.883866421713302e-08  7.434409173400185e-12  2.377551136141536e-12  1.600553895382699e-12  6.929889725618462e-11  8.916771329668344e-15  2.831661412866710e-15  7.434403826045896e-12  2.377549449887752e-12 
 4.265795188015794e+10  6.817654991294108e-11  4.891661171092817e-08  7.251273338804659e-12  2.372992664563819e-12  1.561125732287013e-12  6.773029444243989e-11  8.597564699059298e-15  2.793880708786038e-15  7.251268241896759e-12  2.372991019853273e-12 
 4.365158322401524e+10  6.663300517313444e-11  4.899794923540992e-08  7.071988600378474e-12  2.368222163343613e-12  1.522526672881319e-12  6.619681104067242e-11  8.289011368940443e-15  2.756347131648127e-15  7.071983742640647e-12  2.368220559302362e-12 
 4.466835921509492e+10  6.512404526267558e-11  4.908281121846865e-08  6.896471521582536e-12  2.363233642190292e-12  1.484738753990404e-12  6.469768643090599e-11  7.990760926307342e-15  2.719055906905134e-15  6.896466892238283e-12  2.363232077963349e-12 
 4.570881896148608e+10  6.364891940842380e-11  4.917133625301758e-08  6.724640571492866e-12  2.358020984237911e-12  1.447744422707338e-12  6.323217475438175e-11  7.702474571930828e-15  2.682002318421451e-15  6.724636160243419e-12  2.358019458988812e-12 
 4.677351412871836e+10  6.220689152386385e-11  4.926366712008980e-08  6.556416117007489e-12  2.352577956990501e-12  1.411526534716333e-12  6.179954474395813e-11  7.423824771837651e-15  2.645181722673462e-15  6.556411914010689e-12  2.352576469900873e-12 
 4.786300923226234e+10  6.079724003149752e-11  4.935995080088065e-08  6.391720414193182e-12  2.346898224381907e-12  1.376068352430427e-12  6.039907954768966e-11  7.154494917062946e-15  2.608589563215801e-15  6.391716410043264e-12  2.346896774651037e-12 
 4.897788193684309e+10  5.941925767920053e-11  4.946033847658095e-08  6.230477598791683e-12  2.340975360002622e-12  1.341353542948193e-12  5.903007654640868e-11  6.894178991554180e-15  2.572221385410663e-15  6.230473784499940e-12  2.340973946847027e-12 
 5.011872336272565e+10  5.807225135131331e-11  4.956498551478887e-08  6.072613675891316e-12  2.334802861542480e-12  1.307366175830767e-12  5.769184716607291e-11  6.642581248090440e-15  2.536072851410855e-15  6.072610042867613e-12  2.334801484195486e-12 
 5.128613839913487e+10  5.675554187518076e-11  4.967405144123117e-08  5.918056508757065e-12  2.328374166493544e-12  1.274090720697677e-12  5.638371668558923e-11  6.399415892067773e-15  2.500139755381117e-15  5.918053048792153e-12  2.328372824204859e-12 
 5.248074602497561e+10  5.546846382380278e-11  4.978769989547074e-08  5.766735806799212e-12  2.321682669151976e-12  1.241512044637210e-12  5.510502404077035e-11  6.164406772989522e-15  2.464418038935499e-15  5.766732512047814e-12  2.321681361187269e-12 
 5.370317963702358e+10  5.421036531520930e-11  4.990609856922623e-08  5.618583112648534e-12  2.314721738951112e-12  1.209615409424402e-12  5.385512162503413e-11  5.937287083491093e-15  2.428903806761531e-15  5.618579975613177e-12  2.314720464591601e-12 
 5.495408738576073e+10  5.298060780912762e-11  5.002941912588389e-08  5.473531788294243e-12  2.307484740150265e-12  1.178386468537235e-12  5.263337508740883e-11  5.717799065720666e-15  2.393593342394421e-15  5.473528801809800e-12  2.307483498692298e-12 
 5.623413251903313e+10  5.177856590146624e-11  5.015783709974024e-08  5.331517000229863e-12  2.299965052894869e-12  1.147811263959219e-12  5.143916312836488e-11  5.505693724891405e-15  2.358483124096687e-15  5.331514157448768e-12  2.299963843649515e-12 
 5.754399373371387e+10  5.060362711709996e-11  5.029153177348020e-08  5.192475703541932e-12  2.292156095653510e-12  1.117876222754357e-12  5.027187729395413e-11  5.300730549816477e-15  2.323569840790466e-15  5.192472997920059e-12  2.292154917946154e-12 
 5.888436553555704e+10  4.945519170140275e-11  5.043068603236765e-08  5.056346624867116e-12  2.284051349026121e-12  1.088568153398449e-12  4.913092176869989e-11  5.102677240235671e-15  2.288850407981428e-15  5.056344050150272e-12  2.284050202196058e-12 
 6.025595860743387e+10  4.833267241093947e-11  5.057548619360880e-08  4.923070244134932e-12  2.275644380905004e-12  1.059874241848925e-12  4.801571316764568e-11  4.911309440741692e-15  2.254321983604634e-15  4.923067794345956e-12  2.275643264305043e-12 
 6.165950018614626e+10  4.723549430369466e-11  5.072612180933907e-08  4.792588775006194e-12  2.266928872956641e-12  1.031782047333832e-12  4.692568032793782e-11  4.726410481115147e-15  2.219981983714094e-15  4.792586444432624e-12  2.266927785952710e-12 
 6.309573444801733e+10  4.616309452918570e-11  5.088278544168998e-08  4.664846143911497e-12  2.257898648377326e-12  1.004279497839380e-12  4.586026410028669e-11  4.547771122879868e-15  2.185828097929236e-15  4.664843927093786e-12  2.257897590348084e-12 
 6.456542290346350e+10  4.511492211877845e-11  5.104567240840762e-08  4.539787967589856e-12  2.248547700859565e-12  9.773548852745421e-13  4.481891714062222e-11  4.375189311894632e-15  2.151858304543077e-15  4.539785859310119e-12  2.248546671196013e-12 
 6.606934480075750e+10  4.409043777649675e-11  5.121498049752647e-08  4.417361529024917e-12  2.238870224689171e-12  9.509968602906077e-13  4.380110370223266e-11  4.208469936803220e-15  2.118070885188782e-15  4.417359524296177e-12  2.238869222794281e-12 
 6.760829753919602e+10  4.308911367059161e-11  5.139090964964890e-08  4.297515751675515e-12  2.228860645875046e-12  9.251944267334753e-13  4.280629942865041e-11  4.047424593172385e-15  2.084464438953641e-15  4.297513845731427e-12  2.228859671163380e-12 
 6.918309709189143e+10  4.211043322611285e-11  5.157366160644516e-08  4.180201171898554e-12  2.218513654194913e-12  8.999369357066997e-13  4.183399114752583e-11  3.891871353156425e-15  2.051037895822429e-15  4.180199360183604e-12  2.218512706092263e-12 
 7.079457843841153e+10  4.115389091870325e-11  5.176343952407175e-08  4.065369909465541e-12  2.207824236021100e-12  8.752140792240580e-13  4.088367666570735e-11  3.741634540537613e-15  2.017790529325835e-15  4.065368187625671e-12  2.207823313964126e-12 
 7.244359600749669e+10  4.021899206981564e-11  5.196044755030895e-08  3.952975636079840e-12  2.196787707770931e-12  8.510158834316174e-13  3.995486456572699e-11  3.596544511003830e-15  1.984721968264302e-15  3.952973999953503e-12  2.196786811206806e-12 
 7.413102413008937e+10  3.930525264353353e-11  5.216489036434383e-08  3.842973541809597e-12  2.185399749806678e-12  8.273327013809929e-13  3.904707400387027e-11  3.456437437537911e-15  1.951832207373455e-15  3.842971987419221e-12  2.185398878192749e-12 
 7.585775750291594e+10  3.841219904515860e-11  5.237697267827087e-08  3.735320299361959e-12  2.173656440590767e-12  8.041552053377757e-13  3.815983450999315e-11  3.321155100807773e-15  1.919121616794407e-15  3.735318822905792e-12  2.173655593394211e-12 
 7.762471166286668e+10  3.753936792171164e-11  5.259689869955478e-08  3.629974026137011e-12  2.161554290883078e-12  7.814743786118710e-13  3.729268578923140e-11  3.190544684461741e-15  1.886590950210868e-15  3.629972623981338e-12  2.161553467580581e-12 
 7.943282347242560e+10  3.668630596447810e-11  5.282487155389418e-08  3.526894244015482e-12  2.149090277749446e-12  7.592815068998571e-13  3.644517752573301e-11  3.064458575249836e-15  1.854241351515323e-15  3.526892912687196e-12  2.149089477826878e-12 
 8.128305161640732e+10  3.585256971371525e-11  5.306109266814705e-08  3.426041836852154e-12  2.136261878133846e-12  7.375681691333093e-13  3.561686918853009e-11  2.942754167908571e-15  1.822074359868701e-15  3.426040573031672e-12  2.136261101085954e-12 
 8.317637711026443e+10  3.503772536562444e-11  5.330576111322409e-08  3.327379005667350e-12  2.123067101731947e-12  7.163262278314570e-13  3.480732983965347e-11  2.825293674764160e-15  1.790091913022088e-15  3.327377806181843e-12  2.123066347062058e-12 
 8.511380382023491e+10  3.424134858168004e-11  5.355907290712956e-08  3.230869221551414e-12  2.109504522890962e-12  6.955478189613737e-13  3.401613794458146e-11  2.711943940026361e-15  1.758296348775348e-15  3.230868083368355e-12  2.109503790110692e-12 
 8.709635899560526e+10  3.346302430039461e-11  5.382122027862762e-08  3.136477176321794e-12  2.095573311250400e-12  6.752253413142339e-13  3.324288118510239e-11  2.602576258762426e-15  1.726690404455925e-15  3.136476096542798e-12  2.095572599879378e-12 
 8.912509381337167e+10  3.270234655158975e-11  5.409239089233557e-08  3.044168730998816e-12  2.081273260830990e-12  6.553514454118619e-13  3.248715627466076e-11  2.497066200557470e-15  1.695277214311878e-15  3.044167706853769e-12  2.081272570396590e-12 
 9.120108393558803e+10  3.195891827323215e-11  5.437276703639547e-08  2.953910862194139e-12  2.066604817274835e-12  6.359190219638096e-13  3.174856877624666e-11  2.395293437883505e-15  1.664060304726156e-15  2.953909891035586e-12  2.066604147311927e-12 
 9.332543007969609e+10  3.123235113088486e-11  5.466252477424661e-08  2.865671606534968e-12  2.051569102939331e-12  6.169211899014625e-13  3.102673292287957e-11  2.297141579214460e-15  1.633043587174389e-15  2.865670685832772e-12  2.051568452990037e-12 
 9.549925860214050e+10  3.052226533981635e-11  5.496183306241741e-08  2.779420003276867e-12  2.036167939550655e-12  5.983512840220848e-13  3.032127144072943e-11  2.202498006937991e-15  1.602231348865893e-15  2.779419130613106e-12  2.036167309164123e-12 
 9.772372209557790e+10  2.982828948980095e-11  5.527085283666972e-08  2.695126035287872e-12  2.020403868130044e-12  5.802028422821344e-13  2.963181537490972e-11  2.111253720126752e-15  1.571628241027023e-15  2.695125208351970e-12  2.020403256862233e-12 
 9.999999999999675e+10  2.915006037263834e-11  5.558973606926078e-08  2.612760568616382e-12  2.004280165917826e-12  5.624695927856093e-13  2.895800391797134e-11  2.023303182241698e-15  1.541239264807372e-15  2.612759785200475e-12  2.004279573331305e-12 
 1.023292992280721e+11  2.848722281241236e-11  5.591862480053760e-08  2.532295290883951e-12  1.987800860036218e-12  5.451454405193273e-13  2.829948424111851e-11  1.938544173847442e-15  1.511069754812213e-15  2.532294548878452e-12  1.987800285699981e-12 
 1.047128548050865e+11  2.783942949850383e-11  5.625765014853649e-08  2.453702648771530e-12  1.970970737652426e-12  5.282244538929779e-13  2.765591132816281e-11  1.856877650424774e-15  1.481125360288922e-15  2.453701946160905e-12  1.970970181141717e-12 
 1.071519305237572e+11  2.720634082136630e-11  5.660693130072949e-08  2.376955784893005e-12  1.953795352428385e-12  5.117008511472053e-13  2.702694781222568e-11  1.778207605367644e-15  1.451412024020381e-15  2.376955119751746e-12  1.953794813324545e-12 
 1.096478196143149e+11  2.658762471106882e-11  5.696657449253124e-08  2.302028474372582e-12  1.936281027072458e-12  4.955689866978848e-13  2.641226381519459e-11  1.702440938251236e-15  1.421935959004310e-15  2.302027844861354e-12  1.936280504962776e-12 
 1.122018454301927e+11  2.598295647860518e-11  5.733667197764992e-08  2.228895061462180e-12  1.918434851841234e-12  4.798233374889802e-13  2.581153678993412e-11  1.629487328454044e-15  1.392703623023624e-15  2.228894465824154e-12  1.918434346318820e-12 
 1.148153621496845e+11  2.539201865996473e-11  5.771730099583258e-08  2.157530396550857e-12  1.900264678875927e-12  4.644584894297679e-13  2.522445136524815e-11  1.559259114210046e-15  1.363721691238788e-15  2.157529833108204e-12  1.900264189539597e-12 
 1.174897554939491e+11  2.481450086295613e-11  5.810852274400834e-08  2.087909773930027e-12  1.881779112297249e-12  4.494691239947672e-13  2.465069919358628e-11  1.491671177157127e-15  1.334997026958406e-15  2.087909241080569e-12  1.881778638751423e-12 
 1.202264434617374e+11  2.425009961677235e-11  5.851038135727017e-08  2.020008870685476e-12  1.862987494024528e-12  4.348500050662489e-13  2.408997880148375e-11  1.426640832435093e-15  1.306536650768303e-15  2.020008366899491e-12  1.862987035879147e-12 
 1.230268770812341e+11  2.369851822428140e-11  5.892290290654952e-08  1.953803687089427e-12  1.843899885328538e-12  4.205959660996998e-13  2.354199544272107e-11  1.364087724370746e-15  1.278347708221800e-15  1.953803210906595e-12  1.843899442198986e-12 
 1.258925411794126e+11  2.315946661702530e-11  5.934609442022256e-08  1.889270488863171e-12  1.824527044172410e-12  4.067018976920214e-13  2.300646095418670e-11  1.303933727769194e-15  1.250437436314207e-15  1.889270038889655e-12  1.824526615679457e-12 
 1.288249551693092e+11  2.263266121290667e-11  5.977994293723201e-08  1.826385751672749e-12  1.804880398440324e-12  3.931627356305110e-13  2.248309361442358e-11  1.246102854809775e-15  1.222813128982401e-15  1.826385326578405e-12  1.804879984210073e-12 
 1.318256738556364e+11  2.211782477654053e-11  6.022441459961385e-08  1.765126108206871e-12  1.784972015198577e-12  3.799734494978183e-13  2.197161800483777e-11  1.190521167522219e-15  1.195482101885309e-15  1.765125706722579e-12  1.784971614862436e-12 
 1.348962882591609e+11  2.161468628224669e-11  6.067945379256821e-08  1.705468298167866e-12  1.764814566177473e-12  3.671290319041025e-13  2.147176487354565e-11  1.137116695794321e-15  1.168451656732813e-15  1.705467919082976e-12  1.764814179372125e-12 
 1.380384264602839e+11  2.112298077965665e-11  6.114498234040848e-08  1.647389121483080e-12  1.744421289704301e-12  3.546244884125839e-13  2.098327100183401e-11  1.085819360836864e-15  1.141729045438866e-15  1.647388763642969e-12  1.744420916071693e-12 
 1.412537544622708e+11  2.064244926190705e-11  6.162089876685038e-08  1.590865395016115e-12  1.723805949356872e-12  3.424548282186544e-13  2.050587907320578e-11  1.036560904005260e-15  1.115321434379140e-15  1.590865057319845e-12  1.723805588544208e-12 
 1.445439770745880e+11  2.017283853639076e-11  6.210707762815671e-08  1.535873913025180e-12  1.702982789642852e-12  3.306150556357877e-13  2.003933754498257e-11  9.892748208510160e-16  1.089235869034249e-15  1.535873594423255e-12  1.702982441302603e-12 
 1.479108388168159e+11  1.971390109803529e-11  6.260336892762924e-08  1.482391411579898e-12  1.681966489041901e-12  3.191001624337607e-13  1.958340052243395e-11  9.438963002499394e-16  1.063479239296526e-15  1.482391111072115e-12  1.681966152831812e-12 
 1.513561248436158e+11  1.926539500507744e-11  6.310959761982629e-08  1.430394537109084e-12  1.660772110774763e-12  3.079051210663322e-13  1.913782763540222e-11  9.003621684287773e-16  1.038058245711364e-15  1.430394253742470e-12  1.660771786357879e-12 
 1.548816618912430e+11  1.882708375730198e-11  6.362556321268053e-08  1.379859819210622e-12  1.639415051685610e-12  2.970248788166189e-13  1.870238391739039e-11  8.586108376879172e-16  1.012979366913552e-15  1.379859552077457e-12  1.639414738730299e-12 
 1.584893192461061e+11  1.839873617671182e-11  6.415103947538690e-08  1.330763647811667e-12  1.617910989640615e-12  2.864543528791641e-13  1.827683968708004e-11  8.185822595955851e-16  9.882488285049250e-16  1.330763396047584e-12  1.617910687820600e-12 
 1.621810097358876e+11  1.798012629059605e-11  6.468577425952548e-08  1.283082254723481e-12  1.596275829856872e-12  2.761884263882473e-13  1.786097043224530e-11  7.802178824088901e-16  9.638725736023506e-16  1.283082017505642e-12  1.596275538851268e-12 
 1.659586907437506e+11  1.757103321696240e-11  6.522948944036968e-08  1.236791699591212e-12  1.574525650581121e-12  2.662219453924985e-13  1.745455669602845e-11  7.434606124595445e-16  9.398562352648722e-16  1.236791476136555e-12  1.574525370074474e-12 
 1.698243652461688e+11  1.717124105229938e-11  6.578188098470839e-08  1.191867860195484e-12  1.552676648537369e-12  2.565497167665387e-13  1.705738396554168e-11  7.082547792273950e-16  9.162051109861647e-16  1.191867649759037e-12  1.552676378219696e-12 
 1.737800828749318e+11  1.678053876163406e-11  6.634261915077729e-08  1.148286427020629e-12  1.530745084556581e-12  2.471665070413051e-13  1.666924256275990e-11  6.745461038133007e-16  8.929241394137448e-16  1.148286228893892e-12  1.530744824123412e-12 
 1.778279410038864e+11  1.639872007085026e-11  6.691134882505303e-08  1.106022901964300e-12  1.508747229790284e-12  2.380670421260962e-13  1.628992753766851e-11  6.422816705145037e-16  8.700178794300580e-16  1.106022715473687e-12  1.508746978942707e-12 
 1.819700858609923e+11  1.602558336123225e-11  6.748768999971320e-08  1.065052601025823e-12  1.486699312893685e-12  2.292460078873178e-13  1.591923856362989e-11  6.114099012006250e-16  8.474904917031917e-16  1.065052425531159e-12  1.486699071338387e-12 
 1.862087136662806e+11  1.566093156619904e-11  6.807123839351448e-08  1.025350660776409e-12  1.464617468543034e-12  2.206980515415410e-13  1.555697983493259e-11  5.818805321867018e-16  8.253457227869522e-16  1.025350495669488e-12  1.464617235992340e-12 
 1.905460717963184e+11  1.530457207019369e-11  6.866156621769095e-08  9.868920483837814e-13  1.442517687627095e-12  2.124177838139004e-13  1.520295996648653e-11  5.536445933013159e-16  8.035868918219406e-16  9.868918930869785e-13  1.442517463799010e-12 
 1.949844599757981e+11  1.495631660969247e-11  6.925822308724042e-08  9.496515749372163e-13  1.420415769424242e-12  2.043997818071442e-13  1.485699189562780e-11  5.266543888526248e-16  7.822168798614999e-16  9.496514289021473e-13  1.420415554042483e-12 
 1.995262314968813e+11  1.461598117629874e-11  6.986073707665424e-08  9.136039117967334e-13  1.398327276045515e-12  1.966385925218517e-13  1.451889278599670e-11  5.008634802029106e-16  7.612381218194478e-16  9.136037745029667e-13  1.398327068839544e-12 
 2.041737944669462e+11  1.428338592188610e-11  7.046861591777034e-08  8.787236096723449e-13  1.376267489390543e-12  1.891287369644978e-13  1.418848393345248e-11  4.762266696727907e-16  7.406526010107297e-16  8.787234806261606e-13  1.376267290095595e-12 
 2.089296130853970e+11  1.395835506575556e-11  7.108134833600948e-08  8.449851201259922e-13  1.354251370828328e-12  1.818647147771826e-13  1.386559067398855e-11  4.526999855092727e-16  7.204618462319103e-16  8.449849988591871e-13  1.354251179185432e-12 
 2.137962089502161e+11  1.364071680377187e-11  7.169840551980277e-08  8.123628191800266e-13  1.332293523778991e-12  1.748410093209552e-13  1.355004229361202e-11  4.302406676670464e-16  7.006669313060609e-16  8.123627052487629e-13  1.332293339534989e-12 
 2.187761623949480e+11  1.333030321944372e-11  7.231924271655850e-08  7.808310327116841e-13  1.310408159336449e-12  1.680520931437123e-13  1.324167194015168e-11  4.088071541694340e-16  6.812684769963270e-16  7.808309256953812e-13  1.310407982244004e-12 
 2.238721138568265e+11  1.302695019691305e-11  7.294330094706959e-08  7.503640633128429e-13  1.288609065036120e-12  1.614924337636186e-13  1.294031653695865e-11  3.883590678339563e-16  6.622666551745108e-16  7.503639628131101e-13  1.288608894853726e-12 
 2.290867652767697e+11  1.273049733581891e-11  7.357000882884933e-08  7.209362182981110e-13  1.266909576836759e-12  1.551564996998008e-13  1.264581669846431e-11  3.688572031671040e-16  6.436611951154621e-16  7.209361239377211e-13  1.266909413328736e-12 
 2.344228815319844e+11  1.244078786800106e-11  7.419878449753024e-08  6.925218385517098e-13  1.245322554351808e-12  1.490387666836704e-13  1.235801664756038e-11  3.502635132533220e-16  6.254513917750630e-16  6.925217499736104e-13  1.245322397288295e-12 
 2.398832919019410e+11  1.215766857600924e-11  7.482903761418873e-08  6.650953279142889e-13  1.223860359333685e-12  1.431337239865214e-13  1.207676413476634e-11  3.325410964840325e-16  6.076361158991025e-16  6.650952447806513e-13  1.223860208490629e-12 
 2.454708915684948e+11  1.188098971338403e-11  7.546017144529494e-08  6.386311828243894e-13  1.202534837384620e-12  1.374358808019786e-13  1.180191035914974e-11  3.156541829934492e-16  5.902138258023818e-16  6.386311048156952e-13  1.202534692543751e-12 
 2.511886431509496e+11  1.161060492667529e-11  7.609158500095189e-08  6.131040219452863e-13  1.181357302840094e-12  1.319397726253151e-13  1.153330989096526e-11  2.995681206886222e-16  5.731825806518559e-16  6.131039487594474e-13  1.181357163788899e-12 
 2.570395782768778e+11  1.134637117916493e-11  7.672267521620523e-08  5.884886155260299e-13  1.160338526746162e-12  1.266399675755576e-13  1.127082059597889e-11  2.842493607813730e-16  5.565400550844545e-16  5.884885468775449e-13  1.160338393277849e-12 
 2.630267991895294e+11  1.108814867626050e-11  7.735283915949285e-08  5.647599142651723e-13  1.139488727829744e-12  1.215310726105278e-13  1.101430356144390e-11  2.696654427492399e-16  5.402835549892172e-16  5.647598498843148e-13  1.139488599743204e-12 
 2.691534803926826e+11  1.083580079252687e-11  7.798147625177993e-08  5.418930774665600e-13  1.118817566341773e-12  1.166077395894697e-13  1.076362302369573e-11  2.557849786710820e-16  5.244100342844438e-16  5.418930170986002e-13  1.118817443441531e-12 
 2.754228703338074e+11  1.058919400032338e-11  7.860799047960420e-08  5.198635002982318e-13  1.098334140636649e-12  1.118646711425757e-13  1.051864629733334e-11  2.425776369003866e-16  5.089161125234304e-16  5.198634437026898e-13  1.098334022732810e-12 
 2.818382931264360e+11  1.034819780001412e-11  7.923179258514631e-08  4.986468399875561e-13  1.078046986337931e-12  1.072966263114812e-13  1.027924370595509e-11  2.300141250554613e-16  4.937980931668969e-16  4.986467869374851e-13  1.078046873246121e-12 
 2.884031503126509e+11  1.011268465171968e-11  7.985230221655077e-08  4.782190408079012e-13  1.057964077929451e-12  1.028984259295682e-13  1.004528851441748e-11  2.180661723204637e-16  4.790519823661628e-16  4.782189910892013e-13  1.057963969470753e-12 
 2.951209226666287e+11  9.882529908578793e-12  8.046895002205360e-08  4.585563577340371e-13  1.038092832602941e-12  9.866495771563702e-14  9.816656862585827e-12  2.067065110645529e-16  4.646735081082971e-16  4.585563111447977e-13  1.038092728603822e-12 
 3.019951720401915e+11  9.657611751488773e-12  8.108117967202129e-08  4.396353786648583e-13  1.018440116187699e-12  9.459118105910840e-14  9.593227700546134e-12  1.959088577982982e-16  4.506581395826369e-16  4.396353350147288e-13  1.018440016479937e-12 
 3.090295432513486e+11  9.437811125294325e-12  8.168844979376582e-08  4.214330451326465e-13  9.990122509846403e-13  9.067213147936142e-14  9.374882725248094e-12  1.856478934968494e-16  4.370011066370402e-16  4.214330042422341e-13  9.990121554052437e-13 
 3.162277660168273e+11  9.223011676394274e-12  8.229023580495937e-08  4.039266714377350e-13  9.798150253260082e-13  8.690292474604269e-14  9.161506318549495e-12  1.758992433282572e-16  4.236974192017906e-16  4.039266331380293e-13  9.798149337171297e-13 
 3.235936569296174e+11  9.013099691736670e-12  8.288603163261659e-08  3.870939621659798e-13  9.608537046829615e-13  8.327876065117371e-14  8.952985486632921e-12  1.666394558327852e-16  4.107418865690526e-16  3.870939262978028e-13  9.608536168918106e-13 
 3.311311214825800e+11  8.807964039172859e-12  8.347535130591778e-08  3.709130280636973e-13  9.421330441458933e-13  7.979492642759962e-14  8.749209800765993e-12  1.578459816051216e-16  3.981291364259814e-16  3.709129944771781e-13  9.421329600246445e-13 
 3.388441561391912e+11  8.607496109141744e-12  8.405773041259791e-08  3.553624002606463e-13  9.236573021065344e-13  7.644679981174917e-14  8.550071339376946e-12  1.494971515361508e-16  3.858536335498883e-16  3.553623688147206e-13  9.236572215122315e-13 
 3.467368504525200e+11  8.411589757655859e-12  8.463272741018794e-08  3.404210428461358e-13  9.054302549763656e-13  7.322985175179893e-14  8.355464631417832e-12  1.415721546744713e-16  3.739096980840969e-16  3.404210134080675e-13  9.054301777708229e-13 
 3.548133892335635e+11  8.220141250561377e-12  8.519992478504898e-08  3.260683638163864e-13  8.874552127824650e-13  7.013964876514497e-14  8.165286600988063e-12  1.340510157702347e-16  3.622915233231832e-16  3.260683362613127e-13  8.874551388321679e-13 
 3.630780547700891e+11  8.033049209044704e-12  8.575893005385132e-08  3.122842244228804e-13  8.697350354894007e-13  6.717185495158218e-14  7.979436513191578e-12  1.269145725652307e-16  3.509931929460703e-16  3.122841986333782e-13  8.697349646654016e-13 
 3.715352290971600e+11  7.850214556358664e-12  8.630937660388875e-08  2.990489469615899e-13  8.522721499039511e-13  6.432223367078034e-14  7.797815921201289e-12  1.201444528935562e-16  3.400086976448441e-16  2.990489228272630e-13  8.522720820817660e-13 
 3.801893963205483e+11  7.671540465741943e-12  8.685092437036070e-08  2.863433210517391e-13  8.350685670281715e-13  6.158664889453207e-14  7.620328614505062e-12  1.137230516567946e-16  3.293319511061182e-16  2.863432984688255e-13  8.350685020876729e-13 
 3.890451449942675e+11  7.496932309505828e-12  8.738326035046383e-08  2.741486084601619e-13  8.181258997353758e-13  5.896106624584317e-14  7.446880568307853e-12  1.076335077364829e-16  3.189568053102342e-16  2.741485873311609e-13  8.181258375606864e-13 
 3.981071705534838e+11  7.326297609262771e-12  8.790609895578886e-08  2.624465465334466e-13  8.014453806529185e-13  5.644155373825529e-14  7.277379894065155e-12  1.018596809048793e-16  3.088770651214957e-16  2.624465267667644e-13  8.014453211323029e-13 
 4.073802778040989e+11  7.159545987271884e-12  8.841918220609257e-08  2.512193503049689e-13  7.850278801450173e-13  5.402428222984853e-14  7.111736791123379e-12  9.638612879273947e-17  2.990865021499835e-16  2.512193318145816e-13  7.850278231707739e-13 
 4.168693834703213e+11  6.996589118876883e-12  8.892227976898192e-08  2.404497133477094e-13  7.688739242982000e-13  5.170552560718844e-14  6.949863499443236e-12  9.119808397007653e-17  2.895788678722507e-16  2.404496960528440e-13  7.688738697665525e-13 
 4.265795188015782e+11  6.837340686012471e-12  8.941518885139600e-08  2.301208074464947e-13  7.529837128211661e-13  4.948166071507289e-14  6.791674253382636e-12  8.628143119279195e-17  2.803479060043575e-16  2.301207912713263e-13  7.529836606321548e-13 
 4.365158322401511e+11  6.681716331755693e-12  8.989773394997621e-08  2.202162811651087e-13  7.373571367798280e-13  4.734916704832259e-14  6.637085236516121e-12  8.162268486470701e-17  2.713873641262741e-16  2.202162660384730e-13  7.373570868372017e-13 
 4.466835921509479e+11  6.529633615899241e-12  9.036976646847425e-08  2.107202573846589e-13  7.219937960969915e-13  4.530462622206309e-14  6.486014537468250e-12  7.720896676097193e-17  2.626910045616598e-16  2.107202432397807e-13  7.219937483081002e-13 
 4.570881896148595e+11  6.381011971524118e-12  9.083116421124209e-08  2.016173298897708e-13  7.068930167544708e-13  4.334472123698358e-14  6.338382106738824e-12  7.302798405514505e-17  2.542526145214431e-16  2.016173166640064e-13  7.068929710301584e-13 
 4.677351412871823e+11  6.235772662549631e-12  9.128183076258402e-08  1.928925590786784e-13  6.920538676433750e-13  4.146623555595256e-14  6.194109714498289e-12  6.906800768847866e-17  2.460660155234983e-16  1.928925467132718e-13  6.920538238978743e-13 
 4.786300923226221e+11  6.093838742239027e-12  9.172169476231436e-08  1.845314668722000e-13  6.774751770158120e-13  3.966605200813570e-14  6.053120909332045e-12  6.531785111617434e-17  2.381250721040605e-16  1.845314553120529e-13  6.774751351666391e-13 
 4.897788193684295e+11  5.955135012639618e-12  9.215070908827156e-08  1.765200308949946e-13  6.631555484983139e-13  3.794115153641882e-14  5.915340977912861e-12  6.176684946162187e-17  2.304236998393837e-16  1.765200200884482e-13  6.631555084661652e-13 
 5.011872336272552e+11  5.819587984936700e-12  9.256884995678116e-08  1.688446780004721e-13  6.490933766338711e-13  3.628861180350417e-14  5.780696905581017e-12  5.840483910595432e-17  2.229558726985397e-16  1.688446678991015e-13  6.490933383425216e-13 
 5.128613839913474e+11  5.687125840700912e-12  9.297611595215541e-08  1.614922772083526e-13  6.352868619255693e-13  3.470560567153531e-14  5.649117337812151e-12  5.522213773666580e-17  2.157156297502316e-16  1.614922677667723e-13  6.352868253017723e-13 
 5.248074602497546e+11  5.557678394009222e-12  9.337252699626938e-08  1.544501321212019e-13  6.217340253604527e-13  3.318939956953208e-14  5.520532542553297e-12  5.220952487558000e-17  2.086970812480686e-16  1.544501232968826e-13  6.217339903338406e-13 
 5.370317963702343e+11  5.431177054420087e-12  9.375812326907424e-08  1.477059728833766e-13  6.084327223973882e-13  3.173735176229343e-14  5.394874373407877e-12  4.935822290314520e-17  2.018944141199663e-16  1.477059646364717e-13  6.084326889003769e-13 
 5.495408738576057e+11  5.307554790783787e-12  9.413296409061720e-08  1.412479477427410e-13  5.953806564074112e-13  3.034691053376571e-14  5.272076233650963e-12  4.665987859288298e-17  1.953018968882288e-16  1.412479400359234e-13  5.953806243751041e-13 
 5.623413251903298e+11  5.186746095869306e-12  9.449712677473820e-08  1.350646142723315e-13  5.825753915592600e-13  2.901561229718683e-14  5.152073041056343e-12  4.410654516684632e-17  1.889138840474577e-16  1.350646070706400e-13  5.825753609293561e-13 
 5.754399373371372e+11  5.068686951789569e-12  9.485070546413073e-08  1.291449303058773e-13  5.700143651466369e-13  2.774107964361373e-14  5.034801193517458e-12  4.169066488015634e-17  1.827248199277692e-16  1.291449235765710e-13  5.700143358593393e-13 
 5.888436553555687e+11  4.953314796207221e-12  9.519380995589593e-08  1.234782446377790e-13  5.576948993571225e-13  2.652101933972892e-14  4.920198535444560e-12  3.940505214009244e-17  1.767292420708956e-16  1.234782383502010e-13  5.576948713550501e-13 
 6.025595860743370e+11  4.840568489303520e-12  9.552656452610393e-08  1.180542875348456e-13  5.456142124856946e-13  2.535322028511050e-14  4.808204324920852e-12  3.724287716280787e-17  1.709217841466402e-16  1.180542816602943e-13  5.456141857137958e-13 
 6.165950018614609e+11  4.730388281493308e-12  9.584910676121517e-08  1.128631611038060e-13  5.337694295984410e-13  2.423555143844305e-14  4.698759201600727e-12  3.519765016853463e-17  1.652971784368692e-16  1.128631556154137e-13  5.337694040039087e-13 
 6.309573444801715e+11  4.622715781869388e-12  9.616158640352614e-08  1.078953295553853e-13  5.221575926543633e-13  2.316595972145267e-14  4.591805155333579e-12  3.326320611412367e-17  1.598502579137848e-16  1.078953244280044e-13  5.221575681865534e-13 
 6.456542290346333e+11  4.517493927359980e-12  9.646416421709345e-08  1.031416094025846e-13  5.107756700951528e-13  2.214246790867013e-14  4.487285495497016e-12  3.143368995993528e-17  1.545759579386565e-16  1.031416046126802e-13  5.107756467055038e-13 
 6.606934480075732e+11  4.414666952583329e-12  9.675701087987785e-08  9.859315962773747e-14  4.996205659145100e-13  2.116317251046674e-14  4.385144821023651e-12  2.970354246644507e-17  1.494693176065056e-16  9.859315515328681e-14  4.996205435564657e-13 
 6.760829753919585e+11  4.314180360383838e-12  9.704030590713808e-08  9.424147184996312e-14  4.886891282199976e-13  2.022624165617120e-14  4.285328991105959e-12  2.806748651445526e-17  1.445254807614728e-16  9.424146767036043e-14  4.886891068489318e-13 
 6.918309709189126e+11  4.215980893034487e-12  9.731423661040882e-08  9.007836052179564e-14  4.779781573015885e-13  1.932991298346434e-14  4.187785096564079e-12  2.652051394149300e-17  1.397396967067602e-16  9.007835661776325e-14  4.779781368747312e-13 
 7.079457843841134e+11  4.120016504090603e-12  9.757899709572084e-08  8.609595318105500e-14  4.674844132220158e-13  1.847249153966439e-14  4.092461431861708e-12  2.505787288582688e-17  1.351073206321400e-16  8.609594953455951e-14  4.674843936983825e-13 
 7.244359600749650e+11  4.026236330880363e-12  9.783478730407522e-08  8.228668078144239e-14  4.572046229447701e-13  1.765234769995887e-14  3.999307467755580e-12  2.367505562853186e-17  1.306238137810860e-16  8.228667737561616e-14  4.572046042850931e-13 
 7.413102413008918e+11  3.934590667617798e-12  9.808181209656803e-08  7.864326812289839e-14  4.471354870161534e-13  1.686791510711349e-14  3.908273824564341e-12  2.236778692317316e-17  1.262847433786190e-16  7.864326494196559e-14  4.471354691828152e-13 
 7.585775750291575e+11  3.845030939124286e-12  9.832028038598820e-08  7.515872440044915e-14  4.372736858181822e-13  1.611768863668995e-14  3.819312246042928e-12  2.113201280194951e-17  1.220857823399679e-16  7.515872142965649e-14  4.372736687751506e-13 
 7.762471166286648e+11  3.757509675144908e-12  9.855040431617341e-08  7.182633388809875e-14  4.276158854093867e-13  1.540022239133804e-14  3.732375573848864e-12  1.996388984652856e-17  1.180227087791597e-16  7.182633111365041e-14  4.276158691221527e-13 
 7.943282347242539e+11  3.671980485246315e-12  9.877239848991825e-08  6.863964677229027e-14  4.181587429706668e-13  1.471412772728921e-14  3.647417722587194e-12  1.885977491131231e-17  1.140914053356548e-16  6.863964418128686e-14  4.181587274061841e-13 
 8.128305161640709e+11  3.588398034283019e-12  9.898647924577995e-08  6.559247014755986e-14  4.088989118733664e-13  1.405807131577008e-14  3.564393655421051e-12  1.781621528647737e-17  1.102878583361581e-16  6.559246772794118e-14  4.088988969999936e-13 
 8.317637711026420e+11  3.506718018419362e-12  9.919286398372346e-08  6.267885918524296e-14  3.998330463866368e-13  1.343077324167406e-14  3.483259360235118e-12  1.682993928783809e-17  1.066081568077681e-16  6.267885692573420e-14  3.998330321740806e-13 
 8.511380382023467e+11  3.426897141694661e-12  9.939177053918743e-08  5.989310848445481e-14  3.909578060409716e-13  1.283100514147712e-14  3.403971826339606e-12  1.589784726036860e-17  1.030484913576670e-16  5.989310637451630e-14  3.909577924602327e-13 
 8.709635899560502e+11  3.348893093119327e-12  9.958341660483720e-08  5.722974361305492e-14  3.822698596645474e-13  1.225758838205775e-14  3.326489021702525e-12  1.501700298208620e-17  9.960515293362878e-17  5.722974164283483e-14  3.822698466878682e-13 
 8.912509381337144e+11  3.272664524289996e-12  9.976801919899431e-08  5.468351284491188e-14  3.737658891086794e-13  1.170939228178147e-14  3.250769870698386e-12  1.418462545493484e-17  9.627453147871712e-17  5.468351100520196e-14  3.737658767094934e-13 
 9.120108393558778e+11  3.198171027512011e-12  9.994579417949959e-08  5.224937909850729e-14  3.654425926783375e-13  1.118533237493479e-14  3.176774232361697e-12  1.339808106930655e-17  9.305311449267059e-17  5.224937738070143e-14  3.654425808312206e-13 
 9.332543007969584e+11  3.125373114417820e-12  1.001169558015661e-07  4.992251208074838e-14  3.572966882832519e-13  1.068436872034216e-14  3.104462879133870e-12  1.265487612889429e-17  8.993748551163057e-17  4.992251047680373e-14  3.572966769638755e-13 
 9.549925860214025e+11  3.054232195070134e-12  1.002817163180198e-07  4.769828063879347e-14  3.493249163246909e-13  1.020550425476968e-14  3.033797476092412e-12  1.195264972267350e-17  8.692432251705866e-17  4.769827914119402e-14  3.493249055097768e-13 
 9.772372209557764e+11  2.984710557538926e-12  1.004402856201925e-07  4.557224532172648e-14  3.415240423325188e-13  9.747783191511219e-15  2.964740560651533e-12  1.128916693095824e-17  8.401039628391466e-17  4.557224392344896e-14  3.415240319997956e-13 
 9.999999999999648e+11  2.916771347941575e-12  1.005928709176350e-07  4.354015115304194e-14  3.338908593666451e-13  9.310289464363971e-15  2.897255522723526e-12  1.066231235266347e-17  8.119256867742777e-17  4.354014984752389e-14  3.338908494948065e-13 
 1.023292992280718e+12  2.850378550935741e-12  1.007396764547441e-07  4.159792061411322e-14  3.264221901964664e-13  8.892145217030810e-15  2.831306585330508e-12  1.007008394112330e-17  7.846779090708868e-17  4.159791939522306e-14  3.264221807651310e-13 
 1.047128548050863e+12  2.785496970654747e-12  1.008809032623490e-07  3.974164683810901e-14  3.191148892713812e-13  8.492509337834387e-15  2.766858785656367e-12  9.510587136061896e-18  7.583310174582226e-17  3.974164570011806e-14  3.191148802610536e-13 
 1.071519305237569e+12  2.722092212075486e-12  1.010167489422786e-07  3.796758701319159e-14  3.119658444949324e-13  8.110576039491830e-15  2.703877956528970e-12  8.982029279583448e-18  7.328562572166681e-17  3.796758595074784e-14  3.119658358869661e-13 
 1.096478196143146e+12  2.660130662809103e-12  1.011474074829216e-07  3.627215599326882e-14  3.049719788146034e-13  7.745573483578120e-15  2.642330708322884e-12  8.482714304337184e-18  7.082257128868689e-17  3.627215500137241e-14  3.049719705911648e-13 
 1.122018454301924e+12  2.599579475304901e-12  1.012730691038033e-07  3.465192011407618e-14  2.981302516387694e-13  7.396762449199345e-15  2.582184411273135e-12  8.011037682319202e-18  6.844122898328276e-17  3.465191918805642e-14  2.981302437828040e-13 
 1.148153621496842e+12  2.540406549458153e-12  1.013939201272264e-07  3.310359121192971e-14  2.914376600917871e-13  7.063435045303320e-15  2.523407178190697e-12  7.565481623090920e-18  6.613896957152701e-17  3.310359034742361e-14  2.914376525869860e-13 
 1.174897554939488e+12  2.482580515612679e-12  1.015101428750607e-07  3.162402084211069e-14  2.848912401176850e-13  6.744913465973230e-15  2.465967847570612e-12  7.144610510521998e-18  6.391324219265987e-17  3.162402003504286e-14  2.848912329484533e-13 
 1.202264434617370e+12  2.426070717949297e-12  1.016219155888129e-07  3.021019469351556e-14  2.784880674424239e-13  6.440548787979377e-15  2.409835967083878e-12  6.747066567500649e-18  6.176157250340707e-17  3.021019394007938e-14  2.784880605938506e-13 
 1.230268770812338e+12  2.370847198251403e-12  1.017294123711639e-07  2.885922719592299e-14  2.722252584041931e-13  6.149719809803561e-15  2.354981777444406e-12  6.371565738394066e-18  5.968156082734448e-17  2.885922649256301e-14  2.722252518620214e-13 
 1.258925411794123e+12  2.316880680039177e-12  1.018328031472225e-07  2.756835631599247e-14  2.660999706607365e-13  5.871831931299309e-15  2.301376196642557e-12  6.016893779383893e-18  5.767088031312606e-17  2.756835565938801e-14  2.660999644113362e-13 
 1.288249551693088e+12  2.264142553064065e-12  1.019322536438138e-07  2.633493853791084e-14  2.601094037822305e-13  5.606316073108659e-15  2.248990804536961e-12  5.681902547144949e-18  5.572727510500772e-17  2.633493792496054e-14  2.601093978125708e-13 
 1.318256738556360e+12  2.212604858155399e-12  1.020279253851878e-07  2.515644402444040e-14  2.542507997377856e-13  5.352627634921023e-15  2.197797827796500e-12  5.365506476677375e-18  5.384855852874583e-17  2.515644345224784e-14  2.542507940354096e-13 
 1.348962882591605e+12  2.162240272411191e-12  1.021199757036132e-07  2.403045195399285e-14  2.485214432832079e-13  5.110245491631819e-15  2.147770125184526e-12  5.066679239442300e-18  5.203261129561739e-17  2.403045141985310e-14  2.485214378362077e-13 
 1.380384264602835e+12  2.113022094725309e-12  1.022085577633914e-07  2.295464602925347e-14  2.429186622572346e-13  4.878671026436930e-15  2.098881173177551e-12  4.784450573287202e-18  5.027737972700268e-17  2.295464553064052e-14  2.429186570542277e-13 
 1.412537544622704e+12  2.064924231643423e-12  1.022938205969053e-07  2.192681015280590e-14  2.374398277930517e-13  4.657427199883236e-15  2.051105051910845e-12  4.517903275978657e-18  4.858087400168641e-17  2.192680968736085e-14  2.374398228231581e-13 
 1.445439770745875e+12  2.017921183540283e-12  1.023759091513910e-07  2.094482426515896e-14  2.320823544515143e-13  4.446057653884681e-15  2.004416431443501e-12  4.266170354485973e-18  4.694116642777093e-17  2.094482383067908e-14  2.320823497043350e-13 
 1.479108388168154e+12  1.971988031111051e-12  1.024549643451959e-07  2.000666034054913e-14  2.268437002821203e-13  4.244125849707442e-15  1.958790558335767e-12  4.028432322478712e-18  4.535638974085209e-17  2.000665993497751e-14  2.268436957477160e-13 
 1.513561248436154e+12  1.927100422169581e-12  1.025311231323606e-07  1.911037853588305e-14  2.217213668174245e-13  4.051214238925711e-15  1.914203242531523e-12  3.803914638813410e-18  4.382473542988404e-17  1.911037815729906e-14  2.217213624862960e-13 
 1.548816618912426e+12  1.883234558746685e-12  1.026045185744308e-07  1.825412348819365e-14  2.167128990062481e-13  3.866923466351423e-15  1.870630844539005e-12  3.591885280089665e-18  4.234445209195385e-17  1.825412313480391e-14  2.167128948693171e-13 
 1.584893192461056e+12  1.840367184481596e-12  1.026752799184759e-07  1.743612075600659e-14  2.118158850907092e-13  3.690871603946325e-15  1.828050262903004e-12  3.391652440652508e-18  4.091384381699696e-17  1.743612042613659e-14  2.118158811392996e-13 
 1.621810097358872e+12  1.798475572299988e-12  1.027435326803559e-07  1.665467340005069e-14  2.070279564317905e-13  3.522693414732602e-15  1.786438921961927e-12  3.202562353706353e-18  3.953126860331107e-17  1.665467309213695e-14  2.070279526576114e-13 
 1.659586907437501e+12  1.757537512372049e-12  1.028093987323409e-07  1.590815869879510e-14  2.023467872878714e-13  3.362039645728761e-15  1.745774759883256e-12  3.023997227485652e-18  3.819513680456709e-17  1.590815841137783e-14  2.023467836829996e-13 
 1.698243652461683e+12  1.717531300344263e-12  1.028729963942476e-07  1.519502499435458e-14  1.977700945503649e-13  3.208576348950079e-15  1.706036216971090e-12  2.855373290698339e-18  3.690390960887031e-17  1.519502472607083e-14  1.977700911072292e-13 
 1.737800828749313e+12  1.678435725838711e-12  1.029344405273113e-07  1.451378866437184e-14  1.932956374403426e-13  3.061984229527383e-15  1.667202224239590e-12  2.696138941720219e-18  3.565609755029302e-17  1.451378841394911e-14  1.932956341517084e-13 
 1.778279410038859e+12  1.640230061213795e-12  1.029938426300668e-07  1.386303121556162e-14  1.889212171697741e-13  2.921958020014124e-15  1.629252192246291e-12  2.545772996271514e-18  3.445025905317830e-17  1.386303098181186e-14  1.889212140287284e-13 
 1.819700858609918e+12  1.602894050580481e-12  1.030513109355613e-07  1.324139649468257e-14  1.846446765707734e-13  2.788205879969226e-15  1.592166000179384e-12  2.403783028550990e-18  3.328499900940662e-17  1.324139627649663e-14  1.846446735707108e-13 
 1.862087136662800e+12  1.566407899068268e-12  1.031069505092639e-07  1.264758801279040e-14  1.804638996960167e-13  2.660448819921809e-15  1.555923985193206e-12  2.269703801038090e-18  3.215896738871650e-17  1.264758780913278e-14  1.804638968306259e-13 
 1.905460717963178e+12  1.530752262335188e-12  1.031608633470845e-07  1.208036637871705e-14  1.763768113932871e-13  2.538420148843616e-15  1.520506931986282e-12  2.143095778399939e-18  3.107085788208183e-17  1.208036618862101e-14  1.763768086565379e-13 
 1.949844599757975e+12  1.495908236316338e-12  1.032131484729507e-07  1.153854683781611e-14  1.723813768568985e-13  2.421864944275289e-15  1.485896062616441e-12  2.023543721157496e-18  3.001940657806744e-17  1.153854666037916e-14  1.723813742430292e-13 
 1.995262314968807e+12  1.461857347205511e-12  1.032639020354268e-07  1.102099691211272e-14  1.684756011585625e-13  2.310539544273733e-15  1.452073026547588e-12  1.910655354974072e-18  2.900339067201212e-17  1.102099674649231e-14  1.684755986620684e-13 
 2.041737944669455e+12  1.428581541664631e-12  1.033132174028954e-07  1.052663413809620e-14  1.646575287600843e-13  2.204211060369250e-15  1.419019890922901e-12  1.804060111629828e-18  2.802162720782369e-17  1.052663398350582e-14  1.646575263757063e-13 
 2.089296130853963e+12  1.396063177255845e-12  1.033611852568475e-07  1.005442389849583e-14  1.609252430101064e-13  2.102656910742974e-15  1.386719131059281e-12  1.703407937938015e-18  2.707297185211270e-17  1.005442375420121e-14  1.609252407328198e-13 
 2.137962089502154e+12  1.364285013091187e-12  1.034078936828609e-07  9.603377344482204e-15  1.572768656269573e-13  2.005664372857106e-15  1.355153621158053e-12  1.608368169042667e-18  2.615631770033999e-17  9.603377209797910e-15  1.572768634519618e-13 
 2.187761623949473e+12  1.333230200694907e-12  1.034534282588639e-07  9.172549404840867e-15  1.537105561695195e-13  1.913030154792686e-15  1.324306625226983e-12  1.518628462713719e-18  2.527059411460857e-17  9.172549279127049e-15  1.537105540922290e-13 
 2.238721138568258e+12  1.302882275073606e-12  1.034978721403121e-07  8.761036878767353e-15  1.502245114978856e-13  1.824559984571699e-15  1.294161788208827e-12  1.433893791423835e-18  2.441476559268960e-17  8.761036761426708e-15  1.502245095139192e-13 
 2.290867652767689e+12  1.273225145989484e-12  1.035413061419218e-07  8.367976609036176e-15  1.468169652254450e-13  1.740068216762449e-15  1.264703127311705e-12  1.353885489152352e-18  2.358783066783811e-17  8.367976499511136e-15  1.468169633306172e-13 
 2.344228815319836e+12  1.244243089432072e-12  1.035838088156242e-07  7.992543732398836e-15  1.434861871639171e-13  1.659377455689115e-15  1.235915023536722e-12  1.278340350015508e-18  2.278882083892378e-17  7.992543630168926e-15  1.434861853542295e-13 
 2.398832919019403e+12  1.215920739283945e-12  1.036254565244239e-07  7.633950004166893e-15  1.402304827627333e-13  1.582318194588102e-15  1.207782213398348e-12  1.207009775968906e-18  2.201679953037601e-17  7.633949908746265e-15  1.402304810343663e-13 
 2.454708915684940e+12  1.188243079176012e-12  1.036663235118606e-07  7.291442194036794e-15  1.370481925440621e-13  1.508728470075350e-15  1.180289780833178e-12  1.139658970968313e-18  2.127086108142064e-17  7.291442104971932e-15  1.370481908933670e-13 
 2.511886431509488e+12  1.161195434528075e-12  1.037064819667883e-07  6.964300550311742e-15  1.339376915346691e-13  1.438453531309978e-15  1.153423149292787e-12  1.076066179108417e-18  2.055012976406730e-17  6.964300467179314e-15  1.339376899581606e-13 
 2.570395782768769e+12  1.134763464770447e-12  1.037460020832042e-07  6.651837329773125e-15  1.308973886957098e-13  1.371345523260482e-15  1.127168074016501e-12  1.016021964386494e-18  1.985375882929082e-17  6.651837252177975e-15  1.308973871900581e-13 
 2.630267991895285e+12  1.108933155742519e-12  1.037849521148724e-07  6.353395390549431e-15  1.279257263514633e-13  1.307263183500236e-15  1.101510634479982e-12  9.593285298592210e-19  1.918092958083813e-17  6.353395318122706e-15  1.279257249134881e-13 
 2.691534803926816e+12  1.083690812264250e-12  1.038233984245048e-07  6.068346845424107e-15  1.250211796179351e-13  1.246071551979159e-15  1.076437227015650e-12  9.057990740763670e-19  1.853085047608238e-17  6.068346777821515e-15  1.250211782445981e-13 
 2.754228703338064e+12  1.059023050876653e-12  1.038614055272775e-07  5.796091773115264e-15  1.221822558321736e-13  1.187641693238061e-15  1.051934557601005e-12  8.552571827849987e-19  1.790275625333857e-17  5.796091710015430e-15  1.221822545205728e-13 
 2.818382931264349e+12  1.034916792747440e-12  1.038990361284777e-07  5.536056985149518e-15  1.194074939830806e-13  1.131850430551507e-15  1.027989634811066e-12  8.075362540024562e-19  1.729590708505057e-17  5.536056926252473e-15  1.194074927304440e-13 
 2.884031503126499e+12  1.011359256738069e-12  1.039363511550956e-07  5.287694846039404e-15  1.166954641444213e-13  1.078580091503780e-15  1.004589762931168e-12  7.624789546557888e-19  1.670958775625570e-17  5.287694791065150e-15  1.166954629481009e-13 
 2.951209226666276e+12  9.883379526285237e-13  1.039734097811953e-07  5.050482144558727e-15  1.140447669106799e-13  1.027718264520911e-15  9.817225352264798e-13  7.199367070799402e-19  1.614310686773247e-17  5.050482093245917e-15  1.140447657681466e-13 
 3.019951720401904e+12  9.658406744962396e-13  1.040102694469218e-07  4.823919013992876e-15  1.114540328363490e-13  9.791575658996402e-16  9.593758273646843e-13  6.797692037568363e-19  1.559579606323699e-17  4.823918966097568e-15  1.114540317451868e-13 
 3.090295432513476e+12  9.438554942456841e-13  1.040469858710266e-07  4.607527899321396e-15  1.089219218791828e-13  9.327954168915738e-16  9.375377909883299e-13  6.418439487629253e-19  1.506700928023587e-17  4.607527854615899e-15  1.089219208370842e-13 
 3.162277660168262e+12  9.223707552851450e-13  1.040836130568190e-07  4.400852569368106e-15  1.064471228478970e-13  8.885338304177732e-16  9.161968474334477e-13  6.060358244738305e-19  1.455612202354604e-17  4.400852527639893e-15  1.064471218526578e-13 
 3.235936569296162e+12  9.013750663474015e-13  1.041202032914875e-07  4.203457172029749e-15  1.040283528547478e-13  8.462792070055217e-16  8.953416815911216e-13  5.722266821517945e-19  1.406253066129686e-17  4.203457133080455e-15  1.040283519042628e-13 
 3.311311214825788e+12  8.808572954509946e-13  1.041568071387624e-07  4.014925330767368e-15  1.016643567733808e-13  8.059421395550206e-16  8.749612359087411e-13  5.403049551146876e-19  1.358565174263459e-17  4.014925294411842e-15  1.016643558656392e-13 
 3.388441561391899e+12  8.608065639989020e-13  1.041934734249358e-07  3.834859280615676e-15  9.935390670229822e-14  7.674372265593769e-16  8.550447045277738e-13  5.101652932547515e-19  1.312492133659580e-17  3.834859246681102e-15  9.935390583537930e-14 
 3.467368504525187e+12  8.412122410114954e-13  1.042302492182930e-07  3.662879042034290e-15  9.709580143425397e-14  7.306828934163531e-16  8.355815275549447e-13  4.817082177410587e-19  1.267979439158352e-17  3.662879010359368e-15  9.709580060632328e-14 
 3.548133892335622e+12  8.220639374907274e-13  1.042671798020567e-07  3.498621630991182e-15  9.488886593185485e-14  6.956012214850708e-16  8.165613854637928e-13  4.548397948021249e-19  1.224974411488706e-17  3.498621601425362e-15  9.488886514116023e-14 
 3.630780547700878e+12  8.033515009125605e-13  1.043043086409986e-07  3.341740303732758e-15  9.273195080960766e-14  6.621177845550856e-16  7.979741936236347e-13  4.294713275443085e-19  1.183426137169530e-17  3.341740276135517e-15  9.273195005447557e-14 
 3.715352290971586e+12  7.850650098447229e-13  1.043416773419232e-07  3.191903834756951e-15  9.062393182262656e-14  6.301614924091229e-16  7.798100969530376e-13  4.055190648177919e-19  1.143285410306176e-17  3.191903808997135e-15  9.062393110145860e-14 
 3.801893963205470e+12  7.671947686869447e-13  1.043793256082927e-07  3.048795826565561e-15  8.856370936218475e-14  5.996644411741657e-16  7.620594646949743e-13  3.829039261951535e-19  1.104504676228910e-17  3.048795802520754e-15  8.856370867345423e-14 
 3.890451449942660e+12  7.497313025308836e-13  1.044172911893208e-07  2.912114049829544e-15  8.655020795826866e-14  5.705617701686093e-16  7.447128853108847e-13  3.615512421779818e-19  1.067037976921030e-17  2.912114027385488e-15  8.655020730051747e-14 
 3.981071705534823e+12  7.326653521370207e-13  1.044556098239341e-07  2.781569812656664e-15  8.458237578926936e-14  5.427915249658168e-16  7.277611614909420e-13  3.413905087947834e-19  1.030840898185378e-17  2.781569791706717e-15  8.458237516110482e-14 
 4.073802778040975e+12  7.159878690258678e-13  1.044943151800663e-07  2.656887357704399e-15  8.265918419892389e-14  5.162945264066428e-16  7.111953052778836e-13  3.223551557987312e-19  9.958705184989854e-18  2.656887338149026e-15  8.265918359901591e-14 
 4.168693834703198e+12  6.996900106808813e-13  1.045334387898261e-07  2.537803285932490e-15  8.077962722059813e-14  4.910142453053289e-16  6.950065333018142e-13  3.043823277166870e-19  9.620853595066312e-18  2.537803267678790e-15  8.077962664767630e-14 
 4.265795188015767e+12  6.837631358605449e-13  1.045730099811536e-07  2.424066005839217e-15  7.894272110898425e-14  4.668966826046551e-16  6.791862621234636e-13  2.874126770415793e-19  9.294453381051414e-18  2.424065988800479e-15  7.894272056183524e-14 
 4.365158322401496e+12  6.681988000171403e-13  1.046130558066565e-07  2.315435207073211e-15  7.714750387926942e-14  4.438902547473238e-16  6.637261036834305e-13  2.713901688986935e-19  8.979117200713413e-18  2.315435191168506e-15  7.714750335673439e-14 
 4.466835921509463e+12  6.529887508197738e-13  1.046536009703918e-07  2.211681357358531e-15  7.539303485381472e-14  4.219456840412757e-16  6.486178608549979e-13  2.562618965528685e-19  8.674470751876150e-18  2.211681342512323e-15  7.539303435478690e-14 
 4.570881896148578e+12  6.381249237792883e-13  1.046946677534383e-07  2.112585221714935e-15  7.367839421637001e-14  4.010158938070077e-16  6.338535230981631e-13  2.419779071580973e-19  8.380152338201287e-18  2.112585207856723e-15  7.367839373979236e-14 
 4.677351412871806e+12  6.235994379727495e-13  1.047362759391727e-07  2.017937402997769e-15  7.200268257383727e-14  3.810559081049485e-16  6.194252622125876e-13  2.284910371836875e-19  8.095812449058405e-18  2.017937390061750e-15  7.200268211870021e-14 
 4.786300923226203e+12  6.094045918652298e-13  1.047784427392350e-07  1.927537902822704e-15  7.036502052558063e-14  3.620227558505773e-16  6.053254281872019e-13  2.157567569820521e-19  7.821113353054797e-18  1.927537890747461e-15  7.036502009091996e-14 
 4.897788193684277e+12  5.955328592266870e-13  1.048211827212299e-07  1.841195701979840e-15  6.876454824027332e-14  3.438753791342320e-16  5.915465451442809e-13  2.037330239924659e-19  7.555728704807780e-18  1.841195690708049e-15  6.876454782516817e-14 
 5.011872336272534e+12  5.819768851417663e-13  1.048645077392704e-07  1.758728359479410e-15  6.720042504025798e-14  3.265745455714282e-16  5.780813073758267e-13  1.923801441028136e-19  7.299343164552601e-18  1.758728348957569e-15  6.720042464382886e-14 
 5.128613839913455e+12  5.687294821104192e-13  1.049084268685122e-07  1.679961629407620e-15  6.567182899339093e-14  3.100827645180292e-16  5.649225754701714e-13  1.816606407175659e-19  7.051652030189902e-18  1.679961619585792e-15  6.567182861479787e-14 
 5.248074602497527e+12  5.557836262372632e-13  1.049529463448696e-07  1.604729094805930e-15  6.417795651232897e-14  2.943642069927124e-16  5.520633725267322e-13  1.715391311050138e-19  6.812360881386749e-18  1.604729085637506e-15  6.417795615076977e-14 
 5.370317963702324e+12  5.431324535076748e-13  1.049980695111253e-07  1.532871817820689e-15  6.271802196121326e-14  2.793846291569274e-16  5.394968804569294e-13  1.619822096202639e-19  6.581185235355938e-18  1.532871809262166e-15  6.271802161592176e-14 
 5.495408738576037e+12  5.307692561486322e-13  1.050437967706562e-07  1.464238005402145e-15  6.129125726969474e-14  2.651112992098582e-16  5.272164363692913e-13  1.529583374226894e-19  6.357850213948077e-18  1.464237997412921e-15  6.129125693993921e-14 
 5.623413251903277e+12  5.186874790723851e-13  1.050901255499928e-07  1.398682689862821e-15  5.989691155424082e-14  2.515129275628464e-16  5.152155290368387e-13  1.444377383275380e-19  6.142090221701191e-18  1.398682682404997e-15  5.989691123932247e-14 
 5.754399373371351e+12  5.068807164010670e-13  1.051370502714075e-07  1.336067423635009e-15  5.853425074665805e-14  2.385596001642436e-16  5.034877954448776e-13  1.363923004512682e-19  5.933648634502399e-18  1.336067416673212e-15  5.853425044590947e-14 
 5.888436553555666e+12  4.953427080704044e-13  1.051845623366832e-07  1.276259987595704e-15  5.720255722975826e-14  2.262227148517718e-16  4.920270174173625e-13  1.287954833289743e-19  5.732277498525840e-18  1.276259981096920e-15  5.720255694254203e-14 
 6.025595860743349e+12  4.840673365107276e-13  1.052326501231561e-07  1.219134112354794e-15  5.590112948009344e-14  2.144749206151538e-16  4.808271183200510e-13  1.216222302000401e-19  5.537737239120613e-18  1.219134106288207e-15  5.590112920580083e-14 
 6.165950018614587e+12  4.730486234035199e-13  1.052812989930438e-07  1.164569211928734e-15  5.462928171767923e-14  2.032900596570407e-16  4.698821598386961e-13  1.148488851749702e-19  5.349796379331812e-18  1.164569206265582e-15  5.462928145572886e-14 
 6.309573444801692e+12  4.622807265117914e-13  1.053304913169686e-07  1.112450129247358e-15  5.338634356262384e-14  1.926431121451122e-16  4.591863388305715e-13  1.084531150122512e-19  5.168231267746879e-18  1.112450123960793e-15  5.338634331246047e-14 
 6.456542290346310e+12  4.517579365825922e-13  1.053802065124680e-07  1.062666892965871e-15  5.217165969857611e-14  1.825101435526488e-16  4.487339842476603e-13  1.024138352491234e-19  4.992825815368496e-18  1.062666888030838e-15  5.217165945966949e-14 
 6.606934480075709e+12  4.414746743200262e-13  1.054304210981391e-07  1.015114485077558e-15  5.098458954290332e-14  1.728682544888956e-16  4.385195541298742e-13  9.671114044436101e-20  4.823371241223932e-18  1.015114480470667e-15  5.098458931474703e-14 
 6.760829753919561e+12  4.314254874271623e-13  1.054811087639106e-07  9.696926188452748e-16  4.982450692350789e-14  1.636955329241601e-16  4.285376326667139e-13  9.132623830459943e-20  4.659665826429494e-18  9.696926145446944e-16  4.982450670561827e-14 
 6.918309709189102e+12  4.216050477152720e-13  1.055322404577578e-07  9.263055265914704e-16  4.869079976218886e-14  1.549710087178157e-16  4.187829273258081e-13  8.624138747844326e-20  4.501514676436939e-18  9.263055225768247e-16  4.869079955410402e-14 
 7.079457843841109e+12  4.120081482788633e-13  1.055837844889885e-07  8.848617569072907e-16  4.758286976445365e-14  1.466746103602592e-16  4.092502660468124e-13  8.143983881460283e-20  4.348729491197041e-18  8.848617531595599e-16  4.758286956573247e-14 
 7.244359600749624e+12  4.026297007350142e-13  1.056357066480276e-07  8.452739808612756e-16  4.650013211568316e-14  1.387871238423979e-16  3.999345944991789e-13  7.690577989164579e-20  4.201128342983424e-18  8.452739773627065e-16  4.650013192590436e-14 
 7.413102413008892e+12  3.934647325255400e-13  1.056879703424186e-07  8.074588068073231e-16  4.544201518355279e-14  1.312901535684519e-16  3.908309734023436e-13  7.262428263767161e-20  4.058535461627602e-18  8.074588035413444e-16  4.544201500231402e-14 
 7.585775750291547e+12  3.845083842805677e-13  1.057405367485466e-07  7.713366034099612e-16  4.440796022661072e-14  1.241660852297946e-16  3.819345759069111e-13  6.858125386834290e-20  3.920781026923786e-18  7.713366003611052e-16  4.440796005352774e-14 
 7.762471166286619e+12  3.757559072421168e-13  1.057933649783748e-07  7.368313305225434e-16  4.339742110891438e-14  1.173980505592323e-16  3.732406850354472e-13  6.476338858126963e-20  3.787700967969399e-18  7.368313276763720e-16  4.339742094362024e-14 
 7.943282347242510e+12  3.672026607463233e-13  1.058464122602717e-07  7.038703775708227e-16  4.240986402062533e-14  1.109698938865956e-16  3.647446911815245e-13  6.115812585377476e-20  3.659136769214490e-18  7.038703749138588e-16  4.240986386276959e-14 
 8.128305161640680e+12  3.588441097629719e-13  1.058996341328044e-07  6.723844091104387e-16  4.144476720446275e-14  1.048661404178183e-16  3.564420896656940e-13  5.775360719959516e-20  3.534935283000276e-18  6.723844066301023e-16  4.144476705371070e-14 
 8.317637711026390e+12  3.506758224910295e-13  1.059529846501801e-07  6.423072172422135e-16  4.050162068791524e-14  9.907196616084852e-17  3.483284783470862e-13  5.453863724812001e-20  3.414948548373850e-18  6.423072149267615e-16  4.050162054394724e-14 
 8.511380382023437e+12  3.426934680089112e-13  1.060064165978384e-07  6.135755805838086e-16  3.957992602111158e-14  9.357316942282461e-17  3.403995552893788e-13  5.150264661736619e-20  3.299033615972817e-18  6.135755784222798e-16  3.957992588362241e-14 
 8.709635899560471e+12  3.348928139782258e-13  1.060598817165427e-07  5.861291295102364e-16  3.867919602024999e-14  8.835614380398566e-17  3.326511164798895e-13  4.863565685905559e-20  3.187052378780017e-18  5.861291274923985e-16  3.867919588894810e-14 
 8.912509381337111e+12  3.272697243997905e-13  1.061133309331797e-07  5.599102173890162e-16  3.779895451648697e-14  8.340785261482772e-17  3.250790536005880e-13  4.592824736092451e-20  3.078871408554873e-18  5.599102155053178e-16  3.779895439109396e-14 
 9.120108393558746e+12  3.198201574207207e-13  1.061667145963686e-07  5.348637975483579e-16  3.693873611018668e-14  7.871580464408581e-17  3.176793518498436e-13  4.337152409777216e-20  2.974361797753977e-18  5.348637957898831e-16  3.693873599043667e-14 
 9.332543007969551e+12  3.125401631914342e-13  1.062199827149020e-07  5.109373057287600e-16  3.609808593043240e-14  7.426803120626838e-17  3.104480878137545e-13  4.095709012877525e-20  2.873399006759476e-18  5.109373040871855e-16  3.609808581607147e-14 
 9.549925860213990e+12  3.054258817714342e-13  1.062730851969848e-07  4.880805477797380e-16  3.527655939970248e-14  7.005306439871725e-17  3.033814273859302e-13  3.867701774427036e-20  2.775862716239629e-18  4.880805462472945e-16  3.527655929048812e-14 
 9.772372209557729e+12  2.984735410827591e-13  1.063259720882245e-07  4.662455923741767e-16  3.447372200361366e-14  6.605991649954453e-17  2.964756237346236e-13  3.652382217055963e-20  2.681636684471483e-18  4.662455909436113e-16  3.447372189931429e-14 
 9.999999999999613e+12  2.916794549100166e-13  1.063785938063327e-07  4.453866685229697e-16  3.368914906563607e-14  6.227806043932946e-17  2.897270153161360e-13  3.449043674634538e-20  2.590608609461102e-18  4.453866671875118e-16  3.368914896603051e-14 
 1.023292992280714e+13  2.850400209459401e-13  1.064309013705460e-07  4.254600676822453e-16  3.292242552668410e-14  5.869741128115765e-17  2.831320239334411e-13  3.257018948916197e-20  2.502669995702028e-18  4.254600664355745e-16  3.292242543156114e-14 
 1.047128548050859e+13  2.785517188814315e-13  1.064828466238462e-07  4.064240502545826e-16  3.217314572948948e-14  5.530830864546582e-17  2.766871528389987e-13  3.075678097466686e-20  2.417716025417811e-18  4.064240490907987e-16  3.217314563864741e-14 
 1.071519305237565e+13  2.722111085390795e-13  1.065343824461640e-07  3.882387562942382e-16  3.144091320766310e-14  5.210150001821914e-17  2.703889848807538e-13  2.904426345589316e-20  2.335645434139444e-18  3.882387552078330e-16  3.144091312090927e-14 
 1.096478196143142e+13  2.660148280491609e-13  1.065854629568796e-07  3.708661202345399e-16  3.072534047935342e-14  4.906812488319408e-17  2.642341806903346e-13  2.742702115356699e-20  2.256360390473312e-18  3.708661192203713e-16  3.072534039650385e-14 
 1.122018454301920e+13  2.599595920671610e-13  1.066360437050876e-07  3.542697894633171e-16  3.002604884541060e-14  4.619969962156167e-17  2.582194769124936e-13  2.589975165236984e-20  2.179766379920001e-18  3.542697885165851e-16  3.002604876628961e-14 
 1.148153621496838e+13  2.540421900318665e-13  1.066860818462642e-07  3.384150465795237e-16  2.934266819196661e-14  4.348810312454799e-17  2.523416844748490e-13  2.445744834159335e-20  2.105772092608838e-18  3.384150456957469e-16  2.934266811640640e-14 
 1.174897554939484e+13  2.482594844631079e-13  1.067355363041657e-07  3.232687351711304e-16  2.867483679734242e-14  4.092556306767765e-17  2.465976868970126e-13  2.309538384200165e-20  2.034289314817414e-18  3.232687343461252e-16  2.867483672518275e-14 
 1.202264434617366e+13  2.426084092982482e-13  1.067843679169892e-07  3.087991889609216e-16  2.802220114319507e-14  3.850464279795430e-17  2.409844386382034e-13  2.180909436389976e-20  1.965232824149652e-18  3.087991881907826e-16  2.802220107428292e-14 
 1.230268770812334e+13  2.370859682665370e-13  1.068325395670316e-07  2.949761641730752e-16  2.738441572981844e-14  3.621822878828203e-17  2.354989634824755e-13  2.059436494441459e-20  1.898520288250061e-18  2.949761634541563e-16  2.738441566400766e-14 
 1.258925411794118e+13  2.316892333004685e-13  1.068800162933015e-07  2.817707749793434e-16  2.676114289551286e-14  3.405951861644767e-17  2.301383529607015e-13  1.944721551483921e-20  1.834072166935910e-18  2.817707743082408e-16  2.676114283266389e-14 
 1.288249551693084e+13  2.264153429832994e-13  1.069267653867459e-07  2.691554318893197e-16  2.615205263993988e-14  3.202200942904350e-17  2.248997648084749e-13  1.836388775158085e-20  1.771811617632829e-18  2.691554312628557e-16  2.615205257991942e-14 
 1.318256738556356e+13  2.212615010319049e-13  1.069727564679664e-07  2.571037829547059e-16  2.555682245137993e-14  3.009948685377941e-17  2.197804214591145e-13  1.734083266679864e-20  1.711664404003194e-18  2.571037823699139e-16  2.555682239406069e-14 
 1.348962882591601e+13  2.162249748141686e-13  1.070179615474967e-07  2.455906576626807e-16  2.497513713781200e-14  2.828601432668444e-17  2.147776085709719e-13  1.637469889722478e-20  1.653558807660275e-18  2.455906571167910e-16  2.497513708307243e-14 
 1.380384264602831e+13  2.113030939001199e-13  1.070623550689053e-07  2.345920133984655e-16  2.440668866173567e-14  2.657592280370115e-17  2.098886735882610e-13  1.546232165194353e-20  1.597425542864615e-18  2.345920128888928e-16  2.440668860945966e-14 
 1.412537544622699e+13  2.064932486460507e-13  1.071059139351620e-07  2.240848843619808e-16  2.385117597865692e-14  2.496380082910365e-17  2.051110243346469e-13  1.460071228206061e-20  1.543197674102578e-18  2.240848838863111e-16  2.385117592873362e-14 
 1.445439770745871e+13  2.017928888108604e-13  1.071486175188671e-07  2.140473328281062e-16  2.330830487916107e-14  2.344448493599810e-17  2.004421276388469e-13  1.378704843723948e-20  1.490810536450278e-18  2.140473323840859e-16  2.330830483148459e-14 
 1.479108388168149e+13  1.971995222038974e-13  1.071904476570840e-07  2.044584026445324e-16  2.277778783449692e-14  2.201305035686933e-17  1.958795079915183e-13  1.301866477601792e-20  1.440201658629318e-18  2.044584022300578e-16  2.277778778896615e-14 
 1.513561248436149e+13  1.927107133635770e-13  1.072313886316394e-07  1.952980748655005e-16  2.225934384559778e-14  2.066480202469890e-17  1.914207462327166e-13  1.229304419865089e-20  1.391310688663858e-18  1.952980744786075e-16  2.225934380211614e-14 
 1.548816618912421e+13  1.883240822660790e-13  1.072714271358577e-07  1.865472254239029e-16  2.175269829546648e-14  1.939526584758409e-17  1.870634782692325e-13  1.160780957296300e-20  1.344079322051558e-18  1.865472250627578e-16  2.175269825394176e-14 
 1.584893192461051e+13  1.840373030634366e-13  1.073105522287792e-07  1.781875847482664e-16  2.125758280485248e-14  1.820018024201879e-17  1.828053938211237e-13  1.096071592533863e-20  1.298451232363794e-18  1.781875844111574e-16  2.125758276519662e-14 
 1.621810097358866e+13  1.798481028503512e-13  1.073487552779746e-07  1.702016992350535e-16  2.077373509115082e-14  1.707548791204939e-17  1.786442351967801e-13  1.034964307053526e-20  1.254372004193430e-18  1.702016989203824e-16  2.077373505327970e-14 
 1.659586907437495e+13  1.757542604590760e-13  1.073860298921126e-07  1.625728944905161e-16  2.030089883045359e-14  1.601732786338296e-17  1.745777960958712e-13  9.772588655480224e-21  1.211789068371077e-18  1.625728941967910e-16  2.030089879428689e-14 
 1.698243652461678e+13  1.717536052817314e-13  1.074223718444596e-07  1.552852402600168e-16  1.983882352268642e-14  1.502202764320175e-17  1.706039204395414e-13  9.227661593607578e-21  1.170651639373446e-18  1.552852399858448e-16  1.983882348814745e-14 
 1.737800828749307e+13  1.678440161194282e-13  1.074577789885007e-07  1.483235169662970e-16  1.938726435976317e-14  1.408609579792489e-17  1.667205012272329e-13  8.713075867612610e-21  1.130910654849942e-18  1.483235167103778e-16  1.938726432677865e-14 
 1.778279410038853e+13  1.640234200575862e-13  1.074922511668606e-07  1.416731837816207e-16  1.894598209669365e-14  1.320621454246082e-17  1.629254794195311e-13  8.227144679751763e-21  1.092518717196097e-18  1.416731835427402e-16  1.894598206519364e-14 
 1.819700858609912e+13  1.602897913668544e-13  1.075257901146801e-07  1.353203481620667e-16  1.851474292558046e-14  1.237923263561684e-17  1.592168428464380e-13  7.768274929998180e-21  1.055430037104834e-18  1.353203479390918e-16  1.851474289549815e-14 
 1.862087136662794e+13  1.566411504290484e-13  1.075583993585688e-07  1.292517367754660e-16  1.809331835244203e-14  1.160215845728387e-17  1.555926251404976e-13  7.334962003480757e-21  1.019600379028856e-18  1.292517365673386e-16  1.809331832371361e-14 
 1.905460717963172e+13  1.530755626875364e-13  1.075900841122068e-07  1.234546677576019e-16  1.768148507680034e-14  1.087215328380418e-17  1.520509046942045e-13  6.925784849691494e-21  9.849870084896944e-19  1.234546675633342e-16  1.768148504936487e-14 
 1.949844599757969e+13  1.495911376215173e-13  1.076208511696128e-07  1.179170242342955e-16  1.727902487397320e-14  1.018652475856914e-17  1.485898036411465e-13  6.539401336944024e-21  9.515486411710847e-19  1.179170240529656e-16  1.727902484777251e-14 
 1.995262314968801e+13  1.461860277436459e-13  1.076507087970338e-07  1.126272290498997e-16  1.688572448001164e-14  9.542720555394663e-18  1.452074868603369e-13  6.174543866509327e-21  9.192453937364519e-19  1.126272288806467e-16  1.688572445499014e-14 
 2.041737944669449e+13  1.428584276204760e-13  1.076796666243400e-07  1.075742206455085e-16  1.650137547922475e-14  8.938322232596826e-18  1.419021610032133e-13  5.830015231744718e-21  8.880387363122930e-19  1.075742204875289e-16  1.650137545532939e-14 
 2.089296130853957e+13  1.396065729151993e-13  1.077077355367384e-07  1.027474300328730e-16  1.612577419423505e-14  8.371039275952320e-18  1.386720735427819e-13  5.504684708372498e-21  8.578914465811828e-19  1.027474298854165e-16  1.612577417141513e-14 
 2.137962089502148e+13  1.364287394521752e-13  1.077349275675419e-07  9.813675881258265e-17  1.575872157850874e-14  7.838703328891528e-18  1.355155118444079e-13  5.197484362857422e-21  8.287675654300482e-19  9.813675867494898e-17  1.575872155671587e-14 
 2.187761623949466e+13  1.333232423027538e-13  1.077612557926551e-07  9.373255818753897e-17  1.540002311130658e-14  7.339262608348424e-18  1.324308022577557e-13  4.907405566579780e-21  8.006323541011469e-19  9.373255805907439e-17  1.540002309049453e-14 
 2.238721138568251e+13  1.302884348919076e-13  1.077867342273590e-07  8.952560892510501e-17  1.504948869500163e-14  6.870776504694802e-18  1.294163092293998e-13  4.633495704205911e-21  7.734522527949756e-19  8.952560880519919e-17  1.504948867512626e-14 
 2.290867652767682e+13  1.273227081251992e-13  1.078113777259063e-07  8.550710222357355e-17  1.470693255471199e-14  6.431410364128031e-18  1.264704344356350e-13  4.374855065322598e-21  7.471948406760243e-19  8.550710211165678e-17  1.470693253573114e-14 
 2.344228815319829e+13  1.244244895356210e-13  1.078352018843609e-07  8.166862144075005e-17  1.437217314019699e-14  6.019430451773452e-18  1.235916159350253e-13  4.130633909028051e-21  7.218287972339516e-19  8.166862133629049e-17  1.437217312207040e-14 
 2.398832919019395e+13  1.215922424498555e-13  1.078582229470492e-07  7.800212464450251e-17  1.404503302996708e-14  5.633199093615103e-18  1.207783273402443e-13  3.900029691762330e-21  6.973238649543467e-19  7.800212454700369e-17  1.404503301265632e-14 
 2.454708915684933e+13  1.188244651735131e-13  1.078804577169206e-07  7.449992794709003e-17  1.372533883755797e-14  5.271169995191560e-18  1.180290770087657e-13  3.682284449215986e-21  6.736508132547854e-19  7.449992785608848e-17  1.372533882102630e-14 
 2.511886431509480e+13  1.161196901949163e-13  1.079019234700554e-07  7.115468958694707e-17  1.341292111992119e-14  4.931883734796181e-18  1.153424072519764e-13  3.476682323679329e-21  6.507814036433816e-19  7.115468950201014e-17  1.341292110413356e-14 
 2.570395782768761e+13  1.134764834070082e-13  1.079226378744968e-07  6.795939472337541e-17  1.310761428788404e-14  4.613963428710626e-18  1.127168935622920e-13  3.282547228687867e-21  6.286883560584717e-19  6.795939464409927e-17  1.310761427280696e-14 
 2.630267991895277e+13  1.108934433469720e-13  1.079426189135319e-07  6.490734091128252e-17  1.280925651863281e-14  4.316110565784293e-18  1.101511438578658e-13  3.099240643283883e-21  6.073453163494679e-19  6.490734083729016e-17  1.280925650423430e-14 
 2.691534803926808e+13  1.083692004531588e-13  1.079618848134978e-07  6.199212422470821e-17  1.251768967017419e-14  4.037101008456215e-18  1.076437977444890e-13  2.926159528651442e-21  5.867268248602583e-19  6.199212415564774e-17  1.251768965642372e-14 
 2.754228703338056e+13  1.059024163389294e-13  1.079804539761427e-07  5.920762599940278e-17  1.223275919773090e-14  3.775781157104871e-18  1.051935257942939e-13  2.762734360293876e-21  5.668082860778347e-19  5.920762593494571e-17  1.223275918459929e-14 
 2.818382931264341e+13  1.034917830830268e-13  1.079983449155354e-07  5.654800016616451e-17  1.195431407202822e-14  3.531064274409898e-18  1.027990288408740e-13  2.608427269310648e-21  5.475659393100951e-19  5.654800010600417e-17  1.195431405948763e-14 
 2.884031503126490e+13  1.011360225360993e-13  1.080155761994785e-07  5.400766114801258e-17  1.168220669942929e-14  3.301926966220723e-18  1.004590372904500e-13  2.462730286695495e-21  5.289768303579627e-19  5.400766109186277e-17  1.168220668745310e-14 
 2.951209226666267e+13  9.883388564301132e-14  1.080321663953530e-07  5.158127229557352e-17  1.141629284387779e-14  3.087405815254041e-18  9.817231044871532e-14  2.325163684921823e-21  5.110187841481694e-19  5.158127224316703e-17  1.141629283244062e-14 
 3.019951720401895e+13  9.658415178057877e-14  1.080481340202941e-07  4.926373483628732e-17  1.115643155060764e-14  2.886594163786054e-18  9.593763586300471e-14  2.195274411404983e-21  4.936703782941602e-19  4.926373478737477e-17  1.115643153968522e-14 
 3.090295432513466e+13  9.438562811037997e-14  1.080634974955778e-07  4.705017731421004e-17  1.090248507158006e-14  2.698639041368669e-18  9.375382867943626e-14  2.072634608736210e-21  4.769109175536883e-19  4.705017726855863e-17  1.090248506114923e-14 
 3.162277660168252e+13  9.223714894629801e-14  1.080782751050759e-07  4.493594549829470e-17  1.065431879260928e-14  2.522738233481774e-18  9.161973101468705e-14  1.956840216870328e-21  4.607204091527286e-19  4.493594545568712e-17  1.065431878264791e-14 
 3.235936569296153e+13  9.013757513645986e-14  1.080924849576275e-07  4.291659273808271e-17  1.041180116213920e-14  2.358137486936873e-18  8.953421134206901e-14  1.847509652719989e-21  4.450795389463624e-19  4.291659269831613e-17  1.041180115262616e-14 
 3.311311214825778e+13  8.808579345924396e-14  1.081061449531587e-07  4.098787074673166e-17  1.017480362163371e-14  2.204127847770876e-18  8.749616389157897e-14  1.744282562864314e-21  4.299696483882773e-19  4.098787070961676e-17  1.017480361254883e-14 
 3.388441561391889e+13  8.608071603303634e-14  1.081192727523762e-07  3.914572079224971e-17  9.943200537544657e-15  2.060043127312287e-18  8.550450806360550e-14  1.646818645320171e-21  4.153727122814844e-19  3.914572075760976e-17  9.943200528868653e-15 
 3.467368504525177e+13  8.412127973942233e-14  1.081318857498538e-07  3.738626527870041e-17  9.716869134821793e-15  1.925257492064856e-18  8.355818785598120e-14  1.554796536550864e-21  4.012713172837821e-19  3.738626524637046e-17  9.716869126536272e-15 
 3.548133892335612e+13  8.220644565950790e-14  1.081440010503260e-07  3.570579969999089e-17  9.495689431930286e-15  1.799183173035187e-18  8.165617130407695e-14  1.467912760100585e-21  3.876486411423904e-19  3.570579966981698e-17  9.495689424017672e-15 
 3.630780547700867e+13  8.033519852307219e-14  1.081556354480031e-07  3.410078494966125e-17  9.279544177341679e-15  1.681268290129817e-18  7.979744993364129e-14  1.385880733444328e-21  3.744884326330421e-19  3.410078492149965e-17  9.279544169785186e-15 
 3.715352290971576e+13  7.850654617025813e-14  1.081668054087210e-07  3.256783997085709e-17  9.068318787465205e-15  1.570994787262753e-18  7.798103822609413e-14  1.308429829832848e-21  3.617749921796546e-19  3.256783994457366e-17  9.068318780248809e-15 
 3.801893963205459e+13  7.671951902551728e-14  1.081775270547405e-07  3.110373473139355e-17  8.861901285987077e-15  1.467876473845258e-18  7.620597309599263e-14  1.235304492091313e-21  3.494931531315158e-19  3.110373470686310e-17  8.861901279095471e-15 
 3.890451449942649e+13  7.497316958352831e-14  1.081878161520145e-07  2.970538350950741e-17  8.660182244585934e-15  1.371457168374380e-18  7.447131338039064e-14  1.166263395499229e-21  3.376282636756920e-19  2.970538348661307e-17  8.660182238004499e-15 
 3.981071705534812e+13  7.326657190681801e-14  1.081976880997466e-07  2.836983847654959e-17  8.463054724993496e-15  1.281308939894231e-18  7.277613933982217e-14  1.101078657038566e-21  3.261661693631272e-19  2.836983845518227e-17  8.463054718708273e-15 
 4.073802778040962e+13  7.159882113481746e-14  1.082071579220666e-07  2.709428356349308e-17  8.270414222370093e-15  1.197030443172774e-18  7.111955217064375e-14  1.039535088447415e-21  3.150931962276245e-19  2.709428354355099e-17  8.270414216367750e-15 
 4.168693834703185e+13  6.996903300409348e-14  1.082162402616572e-07  2.587602859872286e-17  8.082158609965333e-15  1.118245343515852e-18  6.950067352847710e-14  9.814294906583875e-22  3.043961344776114e-19  2.587602858011096e-17  8.082158604233138e-15 
 4.265795188015754e+13  6.837634337950095e-14  1.082249493751725e-07  2.471250370513838e-17  7.898188085035004e-15  1.044600827227835e-18  6.791864506249963e-14  9.265699873349338e-22  2.940622227412646e-19  2.471250368776798e-17  7.898188079560798e-15 
 4.365158322401483e+13  6.681990779600752e-14  1.082332991302929e-07  2.360125394513507e-17  7.718405115985789e-15  9.757661938235944e-19  6.637262796033590e-14  8.747753953451813e-22  2.840791328462337e-19  2.360125392892339e-17  7.718405110757962e-15 
 4.466835921509450e+13  6.529890101094724e-14  1.082413030042720e-07  2.253993420254199e-17  7.542714390720059e-15  9.114315261982005e-19  6.486180250330829e-14  8.258746301322776e-22  2.744349551158326e-19  2.253993418741175e-17  7.542714385727522e-15 
 4.570881896148565e+13  6.381251656646657e-14  1.082489740838354e-07  2.152630429107907e-17  7.371022766153650e-15  8.513064350677362e-19  6.338536763181165e-14  7.797061440529287e-22  2.651181841641853e-19  2.152630427695817e-17  7.371022761385814e-15 
 4.677351412871792e+13  6.235996636193012e-14  1.082563250663009e-07  2.055822427936104e-17  7.203239218880134e-15  7.951188741059022e-19  6.194254052058120e-14  7.361173958622670e-22  2.561177051734055e-19  2.055822426618216e-17  7.203239214326886e-15 
 4.786300923226189e+13  6.094048023605949e-14  1.082633682617959e-07  1.963365002291631e-17  7.039274796955598e-15  7.426140223156287e-19  6.053255616362830e-14  6.949643496236885e-22  2.474227806364592e-19  1.963365001061663e-17  7.039274792607278e-15 
 4.897788193684263e+13  5.955330555858399e-14  1.082701155964565e-07  1.875062889411109e-17  6.879042572778651e-15  6.935532302918944e-19  5.915466696862446e-14  6.561110014172627e-22  2.390230375499184e-19  1.875062888263196e-17  6.879042568626038e-15 
 5.011872336272520e+13  5.819770683118635e-14  1.082765786164976e-07  1.790729570127049e-17  6.722457597040867e-15  6.477130271504861e-19  5.780814236051813e-14  6.194289323099856e-22  2.309084550413439e-19  1.790729569055720e-17  6.722457593075151e-15 
 5.128613839913441e+13  5.687296529753213e-14  1.082827684930557e-07  1.710186878867181e-17  6.569436853723412e-15  6.048841850168290e-19  5.649226839417438e-14  5.847968861358683e-22  2.230693524165568e-19  1.710186877867328e-17  6.569436849936182e-15 
 5.248074602497513e+13  5.557837856217580e-14  1.082886960277062e-07  1.633264630945121e-17  6.419899216116227e-15  5.648708380885649e-19  5.520634737583186e-14  5.521003707138935e-22  2.154963776125540e-19  1.633264630011975e-17  6.419899212499450e-15 
 5.370317963702309e+13  5.431326021814161e-14  1.082943716585703e-07  1.559800266381457e-17  6.273765403836561e-15  5.274896534046920e-19  5.394969749317650e-14  5.212312812074874e-22  2.081804960423081e-19  1.559800265510569e-17  6.273765400382565e-15 
 5.495408738576023e+13  5.307693948298182e-14  1.082998054669290e-07  1.489638509527686e-17  6.130957940824269e-15  4.925690505722326e-19  5.272165245383575e-14  4.920875444006013e-22  2.011129798181572e-19  1.489638508714905e-17  6.130957937525728e-15 
 5.623413251903262e+13  5.186876084311912e-14  1.083050071842702e-07  1.422631043797334e-17  5.991401114291713e-15  4.599484678181331e-19  5.152156113210167e-14  4.645727827330108e-22  1.942853973409413e-19  1.422631043038782e-17  5.991401111141630e-15 
 5.754399373371335e+13  5.068808370628486e-14  1.083099861996992e-07  1.358636200839005e-17  5.855020934606672e-15  4.294776718489827e-19  5.034878722369561e-14  4.385959970012271e-22  1.876896032424770e-19  1.358636200131065e-17  5.855020931598366e-15 
 5.888436553555650e+13  4.953428206186880e-14  1.083147515676506e-07  1.297518663515269e-17  5.721745096087093e-15  4.010161091138424e-19  4.920270890839140e-14  4.140712666916996e-22  1.813177286693825e-19  1.297518662854565e-17  5.721745093214183e-15 
 6.025595860743332e+13  4.840674414900008e-14  1.083193120158435e-07  1.239149182079057e-17  5.591502938687016e-15  3.744322961756837e-19  4.808271852031807e-14  3.909174669699531e-22  1.751621718966722e-19  1.239149181462438e-17  5.591502935943407e-15 
 6.165950018614570e+13  4.730487213218373e-14  1.083236759534270e-07  1.183404302965861e-17  5.464225410553494e-15  3.496032470044080e-19  4.698822222576757e-14  3.690580014031364e-22  1.692155892599316e-19  1.183404302390387e-17  5.464225407933368e-15 
 6.309573444801675e+13  4.622808178432049e-14  1.083278514792691e-07  1.130166109645451e-17  5.339845031434735e-15  3.264139351089505e-19  4.591863970833626e-14  3.484205495443312e-22  1.634708863952633e-19  1.130166109108375e-17  5.339845028932534e-15 
 6.456542290346291e+13  4.517580217694205e-14  1.083318463903457e-07  1.079321975001110e-17  5.218295856920166e-15  3.047567885273920e-19  4.487340386123369e-14  3.289368285550529e-22  1.579212097765616e-19  1.079321974499872e-17  5.218295854530582e-15 
 6.606934480075690e+13  4.414747537749731e-14  1.083356681901902e-07  1.030764324727675e-17  5.099513443493555e-15  2.845312157921894e-19  4.385196048659504e-14  3.105423680878054e-22  1.525599385400266e-19  1.030764324259883e-17  5.099513441211520e-15 
 6.760829753919541e+13  4.314255615352930e-14  1.083393240973690e-07  9.843904112618619e-18  4.983434814380753e-15  2.656431610825051e-19  4.285376800163822e-14  2.931762976934991e-22  1.473806765861713e-19  9.843904108252855e-18  4.983434812201427e-15 
 6.918309709189081e+13  4.216051168358582e-14  1.083428210539520e-07  9.401020977796438e-18  4.869998426174004e-15  2.480046868670760e-19  4.187829715150961e-14  2.767811460591165e-22  1.423772449499043e-19  9.401020973721997e-18  4.869998424092764e-15 
 7.079457843841089e+13  4.120082127471057e-14  1.083461657339494e-07  8.978056518157856e-18  4.759144136215224e-15  2.315335824291156e-19  4.092503072866610e-14  2.613026514193690e-22  1.375436744295943e-19  8.978056514355301e-18  4.759144134227654e-15 
 7.244359600749603e+13  4.026297608636493e-14  1.083493645516900e-07  8.574115480800980e-18  4.650813170721015e-15  2.161529967493395e-19  3.999346329864499e-14  2.466895825223272e-22  1.328741984663242e-19  8.574115477252173e-18  4.650813168822900e-15 
 7.413102413008870e+13  3.934647886063411e-14  1.083524236701207e-07  8.188342800635729e-18  4.544948093632569e-15  2.017910943043732e-19  3.908310093207594e-14  2.328935695632628e-22  1.283632462648478e-19  8.188342797323738e-18  4.544948091819883e-15 
 7.585775750291525e+13  3.845084365857441e-14  1.083553490090049e-07  7.819921800453907e-18  4.441492776174017e-15  1.883807324155610e-19  3.819346094279310e-14  2.198689445333122e-22  1.240054361480442e-19  7.819921797362932e-18  4.441492774442916e-15 
 7.762471166286597e+13  3.757559560256219e-14  1.083581462530070e-07  7.468072471288101e-18  4.340392367103151e-15  1.758591588575844e-19  3.732407163190868e-14  2.075725904601634e-22  1.197955691369483e-19  7.468072468403395e-18  4.340392365449962e-15 
 7.943282347242488e+13  3.672027062450735e-14  1.083608208596448e-07  7.132049829502498e-18  4.241593263638748e-15  1.641677285073745e-19  3.647447203771188e-14  1.959637990468743e-22  1.157286227486999e-19  7.132049826810297e-18  4.241593262059965e-15 
 8.128305161640658e+13  3.588441521979859e-14  1.083633780671002e-07  6.811142347214723e-18  4.145043083049203e-15  1.532516378816289e-19  3.564421169126106e-14  1.850041362422539e-22  1.117997450050170e-19  6.811142344702184e-18  4.145043081541477e-15 
 8.317637711026367e+13  3.506758620684911e-14  1.083658229018760e-07  6.504670452796839e-18  4.050690634887380e-15  1.430596764758948e-19  3.483285037753910e-14  1.746573153020517e-22  1.080042486440483e-19  6.504670450451972e-18  4.050690633447513e-15 
 8.511380382023414e+13  3.426935049211603e-14  1.083681601862904e-07  6.211985098346487e-18  3.958485893857056e-15  1.335439938797419e-19  3.403995790204557e-14  1.648890769245988e-22  1.043376055287019e-19  6.211985096158104e-18  3.958485892481993e-15 
 8.709635899560447e+13  3.348928484046854e-14  1.083703945458032e-07  5.932466391155622e-18  3.868379973296584e-15  1.246598817011024e-19  3.326511386270211e-14  1.556670760675965e-22  1.007954412447838e-19  5.932466389113282e-18  3.868379971983409e-15 
 8.912509381337088e+13  3.272697565078303e-14  1.083725304161655e-07  5.665522286334851e-18  3.780325099265753e-15  1.163655693884953e-19  3.250790742694957e-14  1.469607750745281e-22  9.737352988250118e-20  5.665522284428807e-18  3.780325098011681e-15 
 9.120108393558720e+13  3.198201873664636e-14  1.083745720503906e-07  5.410587337876539e-18  3.694274585222153e-15  1.086220330926949e-19  3.176793711391922e-14  1.387413427597621e-22  9.406778899511034e-20  5.410587336097697e-18  3.694274584024524e-15 
 9.332543007969525e+13  3.125401911205093e-14  1.083765235255419e-07  5.167121505559108e-18  3.610182807273649e-15  1.013928167595036e-19  3.104481058156235e-14  1.309815591208511e-22  9.087427472869457e-20  5.167121503898979e-18  3.610182806129920e-15 
 9.549925860213964e+13  3.054259078196794e-14  1.083783887493348e-07  4.934609015209567e-18  3.528005179993840e-15  9.464386469280622e-20  3.033814441862531e-14  1.236557253649210e-22  8.778917711726481e-20  4.934609013660231e-18  3.528005178901588e-15 
 9.772372209557702e+13  2.984735653768770e-14  1.083801714665517e-07  4.712557269950594e-18  3.447698132787773e-15  8.834336487206601e-20  2.964756394135983e-14  1.167395789533980e-22  8.480881553757162e-20  4.712557268504656e-18  3.447698131744680e-15 
 9.999999999999584e+13  2.916794775681865e-14  1.083818752652710e-07  4.500495810163054e-18  3.369219086795336e-15  8.246160235100738e-20  2.897270299486076e-14  1.102102133857325e-22  8.192963431820766e-20  4.500495808813615e-18  3.369219085799191e-15 
