VIN_V,OUT_V,E_V,X_V,I_VDD_A,M1_margin_V,M2_margin_V,M1_gm_S,M2_gm_S
0.45,1.79999999984181,-6.99940116140287e-190,0.666952685273106,-3.16391357557677e-12,0.666952685273106,1.13300299644987,0,6.10994061262037e-08
0.4505,1.79999999134223,8.49961646663151e-09,0.666564796899162,-1.73155462190877e-10,0.666064798930959,1.13293663032595,6.7998363975534e-07,6.87355760835873e-07
0.451,1.79999996584528,3.39966106409058e-08,0.666141627492686,-6.83094490694369e-10,0.66514163561943,1.13286420079423,1.35992171019528e-06,1.37060519087816e-06
0.4515,1.79999992335373,7.64881989571679e-08,0.665717936360086,-1.53292541160699e-09,0.664217954644262,1.13279165376551,2.03981418475891e-06,2.05472929625951e-06
0.452,1.79999986387037,1.35971598621687e-07,0.665294142558549,-2.72259256112184e-09,0.663294175061977,1.13271906092403,2.71966107040864e-06,2.73905151338426e-06
0.4525,1.79999978739798,2.12444027524697e-07,0.664870330377916,-4.2520403031876e-09,0.662370381161748,1.13264643668895,3.39946237415379e-06,3.42343575563774e-06
0.453,1.79999969393935,3.05902704301157e-07,0.664446528026498,-6.12121297399737e-09,0.661446601151222,1.13257378588612,4.0792181030158e-06,4.10783647918757e-06
0.4535,1.79999958349725,4.16344848314539e-07,0.664022747557594,-8.33005500688877e-09,0.660522847083035,1.13250111057793,4.7589282640097e-06,4.79223422225957e-06
0.454,1.79999945607446,5.43767679656863e-07,0.66359899499627,-1.08785107866272e-08,0.659599124981582,1.13242841179559,5.43859286414963e-06,5.47661925558462e-06
0.4545,1.79999931167376,6.88168419148452e-07,0.663175273688676,-1.37665247326724e-08,0.658675438192353,1.13235569011203,6.11821191044817e-06,6.16098617495831e-06
0.455,1.79999915029794,8.49544288337619e-07,0.662751585641364,-1.69940412714231e-08,0.65775178872123,1.13228294587106,6.79778540991623e-06,6.84533173895302e-06
0.4555,1.79999897194976,1.0278925095006e-06,0.662327932130116,-2.05610048431559e-08,0.656828177843332,1.13221017929144,7.47731336956381e-06,7.52965388595677e-06
0.456,1.799998776632,1.22321030564124e-06,0.6619043140044,-2.44673599228418e-08,0.655904606407463,1.13213739051903,8.15679579639911e-06,8.21395124263644e-06
0.4565,1.79999856434745,1.43549490049063e-06,0.661480731851328,-2.87130509646349e-08,0.654981075000067,1.13206457965482,8.83623269742928e-06,8.89822285924056e-06
0.457,1.79999833509888,1.66474351850721e-06,0.661057186089343,-3.32980224782009e-08,0.654057584038922,1.1319917467709,9.51562407965974e-06,9.58246805833023e-06
0.4575,1.79999808888905,1.91095338487623e-06,0.660633677024441,-3.82222189732051e-08,0.653134133829361,1.13191889192018,1.01949699500948e-05,1.02666863440136e-05
0.458,1.79999782572075,2.17412172550955e-06,0.660210204885311,-4.34855849384963e-08,0.652210724599405,1.13184601514229,1.0874270315737e-05,1.09508773452172e-05
0.4585,1.79999754559675,2.45424576704575e-06,0.65978676984607,-4.90880649114955e-08,0.651287356522506,1.13177311646756,1.1553525183588e-05,1.1635040778976e-05
0.459,1.79999724851983,2.75132273684932e-06,0.659363372041421,-5.50296034643183e-08,0.650364029732705,1.13170019591955,1.22327345606477e-05,1.23191764259589e-05
0.4595,1.79999693449274,3.06534986301123e-06,0.658940011577031,-6.13101451343856e-08,0.649440744335,1.13162725351687,1.29118984539145e-05,1.30032841137238e-05
0.46,1.79999660351828,3.39632437434772e-06,0.658516688536783,-6.79296345076907e-08,0.64851750041261,1.13155428927439,1.35910168703858e-05,1.36873637049966e-05
0.4605,1.79999625559919,3.744243500401e-06,0.658093402987969,-7.48880161910437e-08,0.647594298032162,1.13148130320415,1.42700898170573e-05,1.43714150892964e-05
0.461,1.79999589073826,4.1091044714383e-06,0.657670154985056,-8.21852347634988e-08,0.646671137247459,1.13140829531597,1.49491173009233e-05,1.50554381768478e-05
0.4615,1.79999550893826,4.49090451845226e-06,0.657246944572482,-8.98212348665606e-08,0.645748018102272,1.13133526561798,1.56280993289769e-05,1.57394328940774e-05
0.462,1.79999511020194,4.88964087316012e-06,0.656823771786737,-9.77959611070389e-08,0.644824940632428,1.13126221411693,1.63070359082095e-05,1.6423399180241e-05
0.4625,1.79999469453209,5.305310768004e-06,0.65640063665796,-1.06109358154194e-07,0.643901904867399,1.13118914081849,1.69859270456116e-05,1.71073369848563e-05
0.463,1.79999426193147,5.73791143615033e-06,0.655977539211158,-1.14761370677285e-07,0.642978910831528,1.13111604572744,1.76647727481717e-05,1.77912462657294e-05
0.4635,1.79999381240283,6.18744011148973e-06,0.655554479467157,-1.23751943338635e-07,0.642055958544976,1.13104292884785,1.83435730228772e-05,1.84751269874204e-05
0.464,1.79999334594896,6.65389402863683e-06,0.65513145744335,-1.33081020835257e-07,0.641133048024471,1.1309697901832,1.90223278767143e-05,1.91589791200352e-05
0.4645,1.79999286257261,7.1372704229301e-06,0.654708473154287,-1.42748547878047e-07,0.640210179283899,1.13089662973648,1.97010373166675e-05,1.98428026382742e-05
0.465,1.79999236227654,7.63756653043144e-06,0.654285526612154,-1.52754469184835e-07,0.639287352334779,1.13082344751027,2.037970134972e-05,2.05265975206592e-05
0.4655,1.79999184506353,8.15477958792611e-06,0.65386261782715,-1.63098729487332e-07,0.638364567186646,1.13075024350681,2.10583199828537e-05,2.12103637489239e-05
0.466,1.79999131093632,8.6889068329223e-06,0.653439746807799,-1.73781273538065e-07,0.637441823847359,1.13067701772805,2.17368932230489e-05,2.18941013075082e-05
0.4665,1.79999075989769,9.23994550365102e-06,0.653016913561206,-1.84802046124255e-07,0.63651912232336,1.1306037701757,2.24154210772846e-05,2.25778101831472e-05
0.467,1.7999901919504,9.80789283906618e-06,0.652594118093265,-1.96160991970673e-07,0.635596462619876,1.13053050085124,2.30939035525386e-05,2.3261490364538e-05
0.4675,1.7999896070972,1.0392746078844e-05,0.652171360408832,-2.07858055920052e-07,0.634673844741099,1.130457209756,2.37723406557872e-05,2.39451418420547e-05
0.468,1.79998900534086,1.09945024633825e-05,0.65174864051187,-2.19893182766551e-07,0.633751268690328,1.13038389689114,2.44507323940049e-05,2.46287646075174e-05
0.4685,1.79998838668413,1.16131592338023e-05,0.65132595840557,-2.32266317325147e-07,0.632828734470088,1.13031056225768,2.51290787741655e-05,2.53123586539976e-05
0.469,1.79998775112978,1.22487136319455e-05,0.650903314092453,-2.44977404452451e-07,0.631906242082237,1.13023720585652,2.58073798032411e-05,2.59959239756521e-05
0.4695,1.79998709868055,1.29011629003749e-05,0.650480707574458,-2.58026388977317e-07,0.630983791528047,1.13016382768847,2.64856354882022e-05,2.66794605675823e-05
0.47,1.79998642933921,1.35705042823759e-05,0.650058138853009,-2.71413215770233e-07,0.630061382808279,1.13009042775426,2.71638458360182e-05,2.73629684257205e-05
0.4705,1.79998574310851,1.4256735021954e-05,0.649635607929087,-2.85137829715565e-07,0.629139015923249,1.13001700605451,2.7842010853657e-05,2.8046447546725e-05
0.471,1.79998503999121,1.49598523638359e-05,0.649213114803275,-2.99200175711556e-07,0.628216690872876,1.12994356258979,2.85201305480852e-05,2.8729897927894e-05
0.4715,1.79998431999007,1.56798535534689e-05,0.648790659475811,-3.13600198649511e-07,0.627294407656733,1.1298700973606,2.91982049262678e-05,2.9413319567092e-05
0.472,1.79998358310783,1.64167358370204e-05,0.648368241946623,-3.28337843483184e-07,0.626372166274084,1.12979661036739,2.98762339951687e-05,3.00967124626853e-05
0.4725,1.79998282934724,1.71704964613782e-05,0.647945862215366,-3.43413055131636e-07,0.625449966723918,1.12972310161057,3.05542177617501e-05,3.07800766134854e-05
0.473,1.79998205871107,1.79411326741499e-05,0.647523520281452,-3.58825778534744e-07,0.624527809004983,1.12964957109048,3.12321562329731e-05,3.14634120187008e-05
0.4735,1.79998127120207,1.87286417236631e-05,0.647101216144073,-3.74575958694834e-07,0.623605693115808,1.12957601880744,3.19100494157974e-05,3.2146718677896e-05
0.474,1.79998046682297,1.95330208589642e-05,0.64667894980223,-3.90663540537905e-07,0.622683619054728,1.12950244476173,3.25878973171811e-05,3.28299965909519e-05
0.4745,1.79997964557654,2.03542673298196e-05,0.646256721254747,-4.07088469121797e-07,0.621761586819905,1.12942884895359,3.3265699944081e-05,3.35132457580362e-05
0.475,1.79997880746553,2.11923783867144e-05,0.645834530500294,-4.2385068941414e-07,0.620839596409342,1.12935523138325,3.39434573034527e-05,3.41964661795724e-05
0.4755,1.79997795249268,2.20473512808524e-05,0.645412377537398,-4.40950146445018e-07,0.619917647820902,1.12928159205089,3.46211694022501e-05,3.48796578562167e-05
0.476,1.79997708066074,2.29191832641561e-05,0.644990262364459,-4.58386785272269e-07,0.618995741052322,1.12920793095668,3.5298836247426e-05,3.55628207888322e-05
0.4765,1.79997619197245,2.38078715892661e-05,0.644568184979764,-4.76160550932914e-07,0.618073876101224,1.12913424810076,3.59764578459316e-05,3.62459549784728e-05
0.477,1.79997528643058,2.47134135095417e-05,0.644146145381494,-4.94271388491729e-07,0.617152052965125,1.12906054348326,3.6654034204717e-05,3.69290604263659e-05
0.4775,1.79997436403785,2.56358062790598e-05,0.643724143567736,-5.12719243041249e-07,0.616230271641447,1.12898681710427,3.73315653307307e-05,3.76121371338926e-05
0.478,1.79997342479702,2.65750471526146e-05,0.643302179536491,-5.31504059667065e-07,0.615308532127529,1.12891306896389,3.80090512309198e-05,3.82951851025775e-05
0.4785,1.79997246871083,2.75311333857182e-05,0.642880253285685,-5.50625783489467e-07,0.614386834420631,1.12883929906218,3.86864919122301e-05,3.89782043340737e-05
0.479,1.79997149578202,2.85040622346004e-05,0.642458364813171,-5.70084359628742e-07,0.613465178517941,1.12876550739921,3.93638873816061e-05,3.96611948301537e-05
0.4795,1.79997050601334,2.94938309562067e-05,0.642036514116736,-5.89879733205179e-07,0.612543564416584,1.12869169397502,4.00412376459907e-05,4.03441565926983e-05
0.48,1.79996949940753,3.05004368082004e-05,0.64161470119411,-6.10011849401515e-07,0.611621992113625,1.12861785878963,4.07185427123257e-05,4.10270896236868e-05
0.4805,1.79996847596733,3.15238770489612e-05,0.641192926042969,-6.30480653379673e-07,0.610700461606076,1.12854400184306,4.13958025875513e-05,4.17099939251901e-05
0.481,1.79996743569548,3.25641489375852e-05,0.640771188660939,-6.51286090308512e-07,0.609778972890899,1.12847012313532,4.20730172786066e-05,4.23928694993636e-05
0.4815,1.79996637859473,3.36212497338845e-05,0.640349489045601,-6.72428105384648e-07,0.60885752596501,1.12839622266641,4.27501867924289e-05,4.30757163484382e-05
0.482,1.79996530466781,3.46951766983865e-05,0.639927827194493,-6.93906643839393e-07,0.607936120825286,1.12832230043631,4.34273111359543e-05,4.37585344747167e-05
0.4825,1.79996421391746,3.57859270923356e-05,0.639506203105119,-7.15721650862422e-07,0.607014757468564,1.12824835644499,4.4104390316118e-05,4.44413238805668e-05
0.483,1.79996310634641,3.68934981776904e-05,0.639084616774944,-7.37873071747497e-07,0.606093435891647,1.12817439069244,4.47814243398529e-05,4.51240845684164e-05
0.4835,1.79996198195742,3.80178872171258e-05,0.638663068201402,-7.60360851677355e-07,0.605172156091304,1.12810040317861,4.54584132140914e-05,4.58068165407502e-05
0.484,1.7999608407532,3.91590914740305e-05,0.638241557381899,-7.83184935980452e-07,0.604250918064277,1.12802639390344,4.61353569457641e-05,4.64895198001042e-05
0.4845,1.7999596827365,4.03171082125089e-05,0.637820084313812,-8.06345269915854e-07,0.60332972180728,1.1279523628669,4.68122555418002e-05,4.7172194349062e-05
0.485,1.79995850791006,4.14919346973801e-05,0.637398648994492,-8.29841798763442e-07,0.602408567317001,1.1278783100689,4.74891090091277e-05,4.78548401902523e-05
0.4855,1.79995731627661,4.26835681941768e-05,0.636977251421271,-8.53674467858612e-07,0.601487454590106,1.1278042355094,4.81659173546731e-05,4.85374573263444e-05
0.486,1.79995610783888,4.3892005969146e-05,0.636555891591455,-8.77843222509e-07,0.600566383623239,1.12773013918831,4.88426805853616e-05,4.92200457600463e-05
0.4865,1.7999548825996,4.51172452892491e-05,0.636134569502334,-9.02348008077758e-07,0.599645354413025,1.12765602110555,4.95193987081171e-05,4.99026054941024e-05
0.487,1.79995364056151,4.63592834221608e-05,0.635713285151177,-9.271887698864e-07,0.59872436695607,1.12758188126103,5.0196071729862e-05,5.05851365312889e-05
0.4875,1.79995238172733,4.76181176362691e-05,0.635292038535238,-9.52365453325832e-07,0.597803421248966,1.12750771965467,5.08726996575174e-05,5.12676388744141e-05
0.488,1.79995110609981,4.88937452006757e-05,0.634870829651755,-9.77878003773081e-07,0.596882517288285,1.12743353628637,5.1549282498003e-05,5.19501125263149e-05
0.4885,1.79994981368167,5.01861633851951e-05,0.634449658497953,-1.00372636661905e-06,0.595961655070589,1.12735933115602,5.22258202582371e-05,5.26325574898555e-05
0.489,1.79994850447564,5.14953694603541e-05,0.634028525071041,-1.0299104872824e-06,0.595040834592424,1.12728510426351,5.29023129451367e-05,5.33149737679251e-05
0.4895,1.79994717848444,5.28213606973932e-05,0.633607429368219,-1.0564303111818e-06,0.594120055850326,1.12721085560875,5.35787605656174e-05,5.39973613634363e-05
0.49,1.79994583571081,5.41641343682641e-05,0.633186371386674,-1.08328578377059e-06,0.593199318840819,1.12713658519159,5.42551631265936e-05,5.46797202793237e-05
0.4905,1.79994447615748,5.55236877456309e-05,0.632765351123583,-1.11047685046051e-06,0.592278623560415,1.12706229301194,5.4931520634978e-05,5.53620505185441e-05
0.491,1.79994309982716,5.69000181028708e-05,0.632344368576113,-1.13800345676734e-06,0.591357970005619,1.12698797906966,5.56078330976822e-05,5.6044352084072e-05
0.4915,1.79994170672259,5.82931227140705e-05,0.631923423741424,-1.1658655481514e-06,0.590437358172928,1.12691364336462,5.62841005216164e-05,5.67266249788987e-05
0.492,1.79994029684649,5.97029988540299e-05,0.631502516616665,-1.1940630701146e-06,0.589516788058827,1.12683928589669,5.69603229136893e-05,5.74088692060377e-05
0.4925,1.79993887020159,6.11296437982599e-05,0.63108164719898,-1.22259596815888e-06,0.588596259659796,1.12676490666573,5.76365002808084e-05,5.8091084768514e-05
0.493,1.79993742679061,6.25730548229817e-05,0.630660815485505,-1.25146418780697e-06,0.58767577297231,1.12669050567159,5.83126326298797e-05,5.87732716693676e-05
0.4935,1.79993596661627,6.40332292051277e-05,0.630240021473372,-1.28066767460938e-06,0.586755327992833,1.12661608291414,5.8988719967808e-05,5.94554299116558e-05
0.494,1.79993448968129,6.55101642223416e-05,0.629819265159702,-1.31020637411661e-06,0.585834924717828,1.12654163839323,5.96647623014966e-05,6.01375594984468e-05
0.4945,1.79993299598841,6.7003857152976e-05,0.629398546541617,-1.34008023187915e-06,0.58491456314375,1.1264671721087,6.03407596378475e-05,6.08196604328228e-05
0.495,1.79993148554033,6.85143052760953e-05,0.628977865616229,-1.37028919349608e-06,0.583994243267051,1.12639268406039,6.10167119837613e-05,6.15017327178765e-05
0.4955,1.79992995833977,7.00415058714713e-05,0.62855722238065,-1.4008332045734e-06,0.583073965084176,1.12631817424815,6.16926193461374e-05,6.2183776356712e-05
0.496,1.79992841438947,7.15854562195891e-05,0.628136616831983,-1.43171221068938e-06,0.582153728591568,1.12624364267182,6.23684817318735e-05,6.28657913524453e-05
0.4965,1.79992685369213,7.31461536016406e-05,0.627716048967332,-1.46292615748472e-06,0.581233533785667,1.12616908933122,6.30442991478663e-05,6.35477777082003e-05
0.497,1.79992527625047,7.47235952995279e-05,0.627295518783796,-1.49447499060706e-06,0.580313380662908,1.12609451422618,6.37200716010109e-05,6.42297354271114e-05
0.4975,1.79992368206722,7.6317778595861e-05,0.62687502627847,-1.52635865570405e-06,0.579393269219723,1.12601991735654,6.43957990982012e-05,6.49116645123223e-05
0.498,1.79992207114508,7.79287007739603e-05,0.626454571448447,-1.55857709841639e-06,0.578473199452544,1.12594529872212,6.50714816463298e-05,6.55935649669834e-05
0.4985,1.79992044348678,7.95563591178552e-05,0.626034154290819,-1.59113026444724e-06,0.577553171357797,1.12587065832274,6.57471192522877e-05,6.62754367942547e-05
0.499,1.79991879909502,8.12007509122812e-05,0.625613774802673,-1.62401809949975e-06,0.576633184931908,1.12579599615822,6.64227119229646e-05,6.69572799973024e-05
0.4995,1.79991713797254,8.28618734426829e-05,0.625193432981097,-1.65724054927013e-06,0.575713240171303,1.12572131222837,6.7098259665249e-05,6.76390945793e-05
0.5,1.79991546012203,8.45397239952147e-05,0.624773128823176,-1.69079755948931e-06,0.574793337072401,1.125646606533,6.77737624860281e-05,6.83208805434291e-05
0.5005,1.79991376554621,8.6234299856737e-05,0.624352862325994,-1.72468907586737e-06,0.573873475631625,1.12557187907192,6.84492203921873e-05,6.9002637892875e-05
0.501,1.79991205424779,8.79455983148162e-05,0.623932633486634,-1.75891504419767e-06,0.572953655845394,1.12549712984494,6.91246333906113e-05,6.96843666308315e-05
0.5015,1.79991032622949,8.96736166577296e-05,0.623512442302176,-1.79347541021113e-06,0.572033877710128,1.12542235885187,6.98000014881829e-05,7.0366066760496e-05
0.502,1.79990858149402,9.14183521744589e-05,0.623092288769702,-1.82837011970805e-06,0.571114141222243,1.12534756609249,7.04753246917838e-05,7.1047738285073e-05
0.5025,1.79990682004408,9.31798021546931e-05,0.622672172886292,-1.86359911848177e-06,0.570194446378157,1.12527275156661,7.11506030082942e-05,7.17293812077705e-05
0.503,1.79990504188238,9.49579638888287e-05,0.622252094649025,-1.89916235230486e-06,0.569274793174289,1.12519791527403,7.18258364445934e-05,7.24109955318024e-05
0.5035,1.79990324701165,9.67528346679691e-05,0.621832054054982,-1.93505976706088e-06,0.568355181607053,1.12512305721453,7.25010250075587e-05,7.30925812603868e-05
0.504,1.79990143543457,9.85644117839209e-05,0.62141205110124,-1.97129130853624e-06,0.567435611672866,1.12504817738791,7.31761687040664e-05,7.37741383967461e-05
0.5045,1.79989960715387,0.0001003926925292,0.620992085784881,-2.00785692260064e-06,0.566516083368146,1.12497327579394,7.38512675409916e-05,7.44556669441068e-05
0.505,1.79989776217224,0.000102237674197028,0.620572158102982,-2.04475655512376e-06,0.565596596689308,1.12489835243242,7.45263215252075e-05,7.51371669056991e-05
0.5055,1.7998959004924,0.000104099354081327,0.620152268052623,-2.0819901519753e-06,0.56467715163277,1.12482340730312,7.52013306635866e-05,7.58186382847573e-05
0.505999999999999,1.79989402211705,0.000105977729476731,0.619732415630885,-2.11955765903882e-06,0.563757748194949,1.12474844040583,7.58762949629997e-05,7.65000810845182e-05
0.506499999999999,1.79989212704889,0.000107872797678577,0.619312600834847,-2.15745902223258e-06,0.562838386372263,1.12467345174031,7.65512144303164e-05,7.71814953082236e-05
0.506999999999999,1.79989021529063,0.000109784555982905,0.618892823661591,-2.19569418748178e-06,0.56191906616113,1.12459844130635,7.72260890724047e-05,7.78628809591169e-05
0.507499999999999,1.79988828684496,0.00011171300168646,0.618473084108198,-2.23426310071856e-06,0.56099978755797,1.12452340910371,7.79009188961316e-05,7.85442380404448e-05
0.507999999999999,1.79988634171461,0.000113658132086693,0.618053382171751,-2.27316570788894e-06,0.560080550559203,1.12444835513215,7.85757039083623e-05,7.92255665554573e-05
0.508499999999999,1.79988437990225,0.000115619944481759,0.617633717849332,-2.3124019549528e-06,0.559161355161248,1.12437327939145,7.92504441159614e-05,7.99068665074071e-05
0.508999999999999,1.79988240141061,0.000117598436170517,0.617214091138027,-2.35197178788393e-06,0.558242201360529,1.12429818188136,7.99251395257912e-05,8.05881378995485e-05
0.509499999999999,1.79988040624237,0.000119593604452529,0.61679450203492,-2.39187515268385e-06,0.557323089153467,1.12422306260165,8.05997901447134e-05,8.12693807351397e-05
0.509999999999999,1.79987839440023,0.000121605446628061,0.616374950537098,-2.43211199535409e-06,0.556404018536488,1.12414792155208,8.12743959795883e-05,8.19505950174393e-05
0.510499999999999,1.7998763658869,0.000123633959998082,0.615955436641648,-2.47268226192393e-06,0.555484989506015,1.12407275873239,8.19489570372745e-05,8.26317807497095e-05
0.510999999999999,1.79987432070508,0.000125679141864265,0.615535960345658,-2.51358589840878e-06,0.554566002058476,1.12399757414234,8.26234733246293e-05,8.33129379352153e-05
0.511499999999999,1.79987225885746,0.000127740989528985,0.61511652164622,-2.55482285085873e-06,0.553647056190299,1.12392236778169,8.32979448485088e-05,8.39940665772208e-05
0.511999999999999,1.79987018034673,0.000129819500295321,0.614697120540424,-2.5963930653447e-06,0.552728151897911,1.12384713965017,8.39723716157679e-05,8.46751666789946e-05
0.512499999999999,1.7998680851756,0.000131914671467053,0.614277757025364,-2.6382964879515e-06,0.551809289177746,1.12377188974753,8.46467536332601e-05,8.53562382438057e-05
0.512999999999999,1.79986597334676,0.000134026500348663,0.613858431098133,-2.68053306474309e-06,0.550890468026234,1.12369661807352,8.5321090907837e-05,8.60372812749254e-05
0.513499999999999,1.79986384486291,0.000136154984245338,0.613439142755828,-2.72310274183202e-06,0.549971688439809,1.12362132462787,8.59953834463499e-05,8.67182957756259e-05
0.513999999999999,1.79986169972673,0.000138300120462964,0.613019891995547,-2.7660054653586e-06,0.549052950414908,1.12354600941033,8.66696312556478e-05,8.73992817491815e-05
0.514499999999999,1.79985953794093,0.00014046190630813,0.612600678814388,-2.80924118142151e-06,0.548134253947966,1.12347067242062,8.7343834342579e-05,8.80802391988684e-05
0.514999999999998,1.79985735950819,0.000142640339088124,0.612181503209452,-2.8528098361888e-06,0.547215599035424,1.12339531365848,8.801799271399e-05,8.87611681279616e-05
0.515499999999998,1.79985516443121,0.00014483541611094,0.611762365177843,-2.89671137580078e-06,0.546296985673721,1.12331993312363,8.86921063767264e-05,8.94420685397414e-05
0.515999999999998,1.79985295271268,0.000147047134685267,0.611343264716664,-2.94094574643938e-06,0.545378413859301,1.12324453081582,8.93661753376322e-05,9.01229404374853e-05
0.516499999999998,1.79985072435529,0.000149275492120502,0.610924201823023,-2.98551289430737e-06,0.544459883588606,1.12316910673475,9.00401996035499e-05,9.08037838244748e-05
0.516999999999998,1.79984847936172,0.000151520485726734,0.610505176494026,-3.03041276560056e-06,0.543541394858085,1.12309366088016,9.07141791813212e-05,9.14845987039903e-05
0.517499999999998,1.79984621773467,0.000153782112814759,0.610086188726785,-3.07564530652865e-06,0.542622947664185,1.12301819325176,9.13881140777858e-05,9.21653850793149e-05
0.517999999999998,1.79984393947683,0.000156060370696071,0.609667238518412,-3.1212104633152e-06,0.541704542003356,1.12294270384927,9.20620042997829e-05,9.28461429537314e-05
0.518499999999998,1.79984164459089,0.000158355256682863,0.609248325866019,-3.16710818221155e-06,0.54078617787205,1.12286719267241,9.27358498541493e-05,9.35268723305255e-05
0.518999999999998,1.79983933307953,0.00016066676808803,0.608829450766725,-3.2133384094829e-06,0.539867855266723,1.12279165972089,9.34096507477213e-05,9.42075732129802e-05
0.519499999999998,1.79983700494543,0.000162994902225164,0.608410613217646,-3.25990109138752e-06,0.538949574183829,1.12271610499442,9.40834069873338e-05,9.48882456043829e-05
0.519999999999998,1.79983466019129,0.000165339656408557,0.607991813215903,-3.30679617421142e-06,0.538031334619829,1.1226405284927,9.475711857982e-05,9.55688895080194e-05
0.520499999999998,1.79983229881979,0.0001677010279532,0.607573050758619,-3.35402360427534e-06,0.537113136571181,1.12256493021545,9.54307855320119e-05,9.6249504927177e-05
0.520999999999998,1.79982992083361,0.000170079014174784,0.607154325842917,-3.40158332787915e-06,0.536194980034349,1.12248931016236,9.61044078507403e-05,9.69300918651447e-05
0.521499999999998,1.79982752623543,0.000172473612389698,0.606735638465925,-3.44947529132972e-06,0.535276865005799,1.12241366833315,9.67779855428346e-05,9.76106503252089e-05
0.521999999999998,1.79982511502795,0.000174884819915027,0.606316988624771,-3.49769944100326e-06,0.534358791481997,1.12233800472749,9.74515186151229e-05,9.82911803106603e-05
0.522499999999998,1.79982268721384,0.00017731263406856,0.605898376316586,-3.5462557232413e-06,0.533440759459413,1.1222623193451,9.81250070744319e-05,9.89716818247878e-05
0.522999999999998,1.79982024279578,0.000179757052168777,0.605479801538504,-3.59514408439926e-06,0.532522768934518,1.12218661218567,9.87984509275869e-05,9.96521548708819e-05
0.523499999999998,1.79981778177646,0.00018221807153486,0.60506126428766,-3.644364470895e-06,0.531604819903787,1.12211088324888,9.94718501814122e-05,0.000100332599452233
0.523999999999997,1.79981530415855,0.000184695689486688,0.604642764561193,-3.69391682909087e-06,0.530686912363696,1.12203513253442,0.000100145204842731,0.000101013015572132
0.524499999999997,1.79981280994473,0.000187189903344837,0.604224302356242,-3.74380110542555e-06,0.529769046310724,1.12195936004199,0.000100818514918363,0.000101693403233869
0.524999999999997,1.79981029913768,0.00018970071043058,0.60380587766995,-3.79401724629608e-06,0.528851221741352,1.12188356577126,0.00010149178041513,0.000102373762440737
0.525499999999997,1.79980777174009,0.000192228108065886,0.603387490499461,-3.84456519816195e-06,0.527933438652062,1.12180774972192,0.000102165001339851,0.000103054093196027
0.525999999999997,1.79980522775463,0.000194772093573422,0.602969140841924,-3.89544490748267e-06,0.527015697039343,1.12173191189365,0.000102838177699342,0.000103734395503033
0.526499999999997,1.79980266718397,0.000197332664276552,0.602550828694488,-3.94665632071078e-06,0.526097996899681,1.12165605228611,0.00010351130950042,0.000104414669365045
0.526999999999997,1.79980009003078,0.000199909817499335,0.602132554054304,-3.99819938432661e-06,0.525180338229566,1.121580170899,0.000104184396749899,0.000105094914785358
0.527499999999997,1.79979749629776,0.000202503550566526,0.601714316918527,-4.0500740448382e-06,0.524262721025494,1.12150426773198,0.000104857439454594,0.000105775131767263
0.527999999999997,1.79979488598756,0.000205113860803576,0.601296117284315,-4.10228024875364e-06,0.523345145283959,1.12142834278471,0.000105530437621316,0.000106455320314054
0.528499999999997,1.79979225910287,0.000207740745536633,0.600877955148826,-4.15481794256711e-06,0.522427611001458,1.12135239605687,0.000106203391256876,0.000107135480429025
0.528999999999997,1.79978961564636,0.000210384202092538,0.600459830509223,-4.20768707285607e-06,0.521510118174494,1.12127642754813,0.000106876300368085,0.000107815612115468
0.529499999999997,1.79978695562069,0.000213044227798829,0.60004174336267,-4.26088758614246e-06,0.520592666799569,1.12120043725814,0.000107549164961748,0.000108495715376677
0.529999999999997,1.79978427902855,0.000215720819983738,0.599623693706334,-4.31441942900374e-06,0.519675256873189,1.12112442518656,0.000108221985044675,0.000109175790215945
0.530499999999997,1.7997815858726,0.000218413975976193,0.599205681537383,-4.36828254801735e-06,0.518757888391861,1.12104839133305,0.00010889476062367,0.000109855836636568
0.530999999999997,1.79977887615551,0.000221123693105814,0.59878770685299,-4.42247688977465e-06,0.517840561352098,1.12097233569728,0.000109567491705538,0.000110535854641837
0.531499999999997,1.79977614987996,0.000223849968702919,0.598369769650329,-4.47700240088084e-06,0.516923275750412,1.12089625827888,0.000110240178297081,0.000111215844235046
0.531999999999997,1.7997734070486,0.000226592800098518,0.597951869926578,-4.53185902796888e-06,0.516006031583319,1.12082015907752,0.000110912820405101,0.000111895805419491
0.532499999999997,1.79977064766412,0.000229352184624313,0.597534007678916,-4.58704671764398e-06,0.515088828847339,1.12074403809284,0.000111585418036399,0.000112575738198463
0.532999999999996,1.79976787172917,0.000232128119612703,0.597116182904525,-4.64256541658076e-06,0.514171667538991,1.12066789532448,0.000112257971197773,0.000113255642575257
0.533499999999996,1.79976507924643,0.000234920602396781,0.596698395600589,-4.69841507142604e-06,0.5132545476548,1.12059173077209,0.000112930479896021,0.000113935518553167
0.533999999999996,1.79976227021856,0.000237729630310329,0.596280645764297,-4.75459562885444e-06,0.512337469191292,1.12051554443532,0.00011360294413794,0.000114615366135486
0.534499999999996,1.79975944464822,0.000240555200687826,0.595862933392838,-4.81110703557525e-06,0.511420432144997,1.1204393363138,0.000114275363930324,0.000115295185325507
0.534999999999996,1.79975660253809,0.000243397310864441,0.595445258483403,-4.86794923827e-06,0.510503436512446,1.12036310640716,0.000114947739279967,0.000115974976126525
0.535499999999996,1.79975374389082,0.00024625595817604,0.59502762103319,-4.92512218367575e-06,0.509586482290173,1.12028685471504,0.000115620070193662,0.000116654738541832
0.535999999999996,1.79975086870908,0.000249131139959175,0.594610021039396,-4.98262581850178e-06,0.508669569474716,1.12021058123708,0.0001162923566782,0.000117334472574722
0.536499999999996,1.79974797699552,0.000252022853551095,0.59419245849922,-5.04046008950598e-06,0.507752698062614,1.1201342859729,0.00011696459874037,0.000118014178228488
0.536999999999996,1.79974506875283,0.000254931096289741,0.593774933409867,-5.09862494344621e-06,0.50683586805041,1.12005796892213,0.00011763679638696,0.000118693855506423
0.537499999999996,1.79974214398364,0.000257855865513742,0.593357445768542,-5.15712032710114e-06,0.505919079434648,1.11998163008439,0.00011830894962476,0.000119373504411819
0.537999999999996,1.79973920269064,0.000260797158562423,0.592939995572453,-5.21594618722865e-06,0.505002332211878,1.11990526945931,0.000118981058460552,0.000120053124947969
0.538499999999996,1.79973624487647,0.000263754972775798,0.592522582818811,-5.27510247066293e-06,0.504085626378648,1.11982888704651,0.000119653122901124,0.000120732717118167
0.538999999999996,1.79973327054379,0.000266729305494573,0.592105207504832,-5.33458912421042e-06,0.503168961931513,1.1197524828456,0.000120325142953257,0.000121412280925703
0.539499999999996,1.79973027969527,0.000269720154060143,0.59168786962773,-5.39440609467756e-06,0.502252338867028,1.1196760568562,0.000120997118623734,0.000122091816373871
0.539999999999996,1.79972727233355,0.000272727515814596,0.591270569184725,-5.45455332893324e-06,0.501335757181752,1.11959960907793,0.000121669049919335,0.000122771323465962
0.540499999999996,1.79972424846131,0.00027575138810071,0.590853306173039,-5.51503077382554e-06,0.500419216872248,1.11952313951039,0.000122340936846839,0.000123450802205266
0.540999999999996,1.79972120808119,0.000278791768261953,0.590436080589897,-5.57583837622333e-06,0.499502717935077,1.11944664815318,0.000123012779413026,0.000124130252595078
0.541499999999996,1.79971815119585,0.000281848653642482,0.590018892432527,-5.63697608299552e-06,0.498586260366809,1.11937013500593,0.00012368457762467,0.000124809674638687
0.541999999999995,1.79971507780795,0.000284922041587148,0.589601741698158,-5.69844384105261e-06,0.497669844164012,1.11929360006823,0.000124356331488548,0.000125489068339385
0.542499999999995,1.79971198792014,0.000288011929441485,0.589184628384023,-5.76024159731209e-06,0.49675346932326,1.11921704333968,0.000125028041011433,0.000126168433700461
0.542999999999995,1.79970888153507,0.000291118314551722,0.588767552487358,-5.82236929868446e-06,0.495837135841127,1.11914046481988,0.000125699706200099,0.000126847770725207
0.543499999999995,1.7997057586554,0.000294241194264776,0.588350514005401,-5.88482689210801e-06,0.494920843714191,1.11906386450842,0.000126371327061317,0.000127527079416913
0.543999999999995,1.79970261928377,0.000297380565928251,0.587933512935394,-5.94761432454877e-06,0.494004592939034,1.11898724240491,0.000127042903601858,0.000128206359778868
0.544499999999995,1.79969946342285,0.000300536426890441,0.587516549274581,-6.01073154295889e-06,0.493088383512238,1.11891059850893,0.000127714435828489,0.000128885611814362
0.544999999999995,1.79969629107528,0.000303708774500331,0.587099623020206,-6.07417849431829e-06,0.492172215430392,1.11883393282007,0.000128385923747979,0.000129564835526685
0.545499999999995,1.79969310224372,0.000306897606107589,0.586682734169522,-6.13795512564158e-06,0.491256088690083,1.11875724533793,0.000129057367367093,0.000130244030919126
0.545999999999995,1.79968989693081,0.000310102919062579,0.586265882719779,-6.20206138389479e-06,0.490340003287903,1.11868053606207,0.000129728766692597,0.000130923197994972
0.546499999999995,1.79968667513919,0.000313324710716345,0.585849068668233,-6.26649721615496e-06,0.489423959220449,1.11860380499209,0.000130400121731255,0.000131602336757514
0.546999999999995,1.79968343687153,0.000316562978420623,0.585432292012141,-6.33126256939509e-06,0.488507956484317,1.11852705212757,0.000131071432489828,0.000132281447210038
0.547499999999995,1.79968018213046,0.000319817719527836,0.585015552748764,-6.39635739071304e-06,0.487591995076108,1.11845027746808,0.000131742698975078,0.000132960529355833
0.547999999999995,1.79967691091864,0.000323088931391094,0.584598850875367,-6.46178162714423e-06,0.486676074992425,1.11837348101319,0.000132413921193765,0.000133639583198185
0.548499999999995,1.79967362323871,0.000326376611364193,0.584182186389213,-6.52753522576571e-06,0.485760196229875,1.11829666276249,0.000133085099152647,0.000134318608740382
0.548999999999995,1.79967031909332,0.00032968075680162,0.583765559287573,-6.59361813368925e-06,0.484844358785066,1.11821982271554,0.000133756232858481,0.000134997605985711
0.549499999999995,1.7996669984851,0.000333001365058543,0.583348969567719,-6.66003029799883e-06,0.483928562654612,1.1181429608719,0.000134427322318023,0.000135676574937459
0.549999999999995,1.79966366141671,0.000336338433490823,0.582932417226924,-6.72677166580621e-06,0.483012807835125,1.11806607723116,0.000135098367538027,0.000136355515598909
0.550499999999995,1.79966030789079,0.000339691959455,0.582515902262468,-6.79384218425783e-06,0.482097094323225,1.11798917179285,0.000135769368525248,0.00013703442797335
0.550999999999994,1.79965693790997,0.000343061940308306,0.582099424671629,-6.86124180050013e-06,0.481181422115531,1.11791224455656,0.000136440325286436,0.000137713312064066
0.551499999999994,1.79965355147692,0.000346448373408655,0.581682984451692,-6.92897046167956e-06,0.480265791208667,1.11783529552183,0.000137111237828343,0.000138392167874341
0.551999999999994,1.79965014859425,0.000349851256114651,0.581266581599941,-6.99702811496339e-06,0.479350201599258,1.11775832468823,0.000137782106157718,0.000139070995407462
0.552499999999994,1.79964672926462,0.000353270585785581,0.580850216113666,-7.06541470754662e-06,0.478434653283934,1.1176813320553,0.000138452930281309,0.000139749794666711
0.552999999999994,1.79964329349067,0.000356706359781413,0.580433887990159,-7.13413018663817e-06,0.477519146259328,1.1176043176226,0.000139123710205862,0.000140428565655372
0.553499999999994,1.79963984127503,0.000360158575462809,0.580017597226713,-7.20317449943303e-06,0.476603680522074,1.11752728138968,0.000139794445938124,0.000141107308376728
0.553999999999994,1.79963637262034,0.000363627230191108,0.579601343820627,-7.27254759315399e-06,0.475688256068809,1.11745022335608,0.000140465137484839,0.000141786022834063
0.554499999999994,1.79963288752925,0.000367112321328337,0.579185127769201,-7.34224941507239e-06,0.474772872896173,1.11737314352135,0.000141135784852749,0.00014246470903066
0.554999999999994,1.79962938600438,0.000370613846237208,0.578768949069736,-7.41227991242488e-06,0.473857531000812,1.11729604188503,0.000141806388048596,0.000143143366969801
0.555499999999994,1.79962586804838,0.000374131802281116,0.57835280771954,-7.48263903247587e-06,0.472942230379371,1.11721891844665,0.00014247694707912,0.000143821996654767
0.555999999999994,1.79962233366388,0.000377666186824141,0.577936703715922,-7.55332672250364e-06,0.472026971028499,1.11714177320576,0.000143147461951061,0.000144500598088838
0.556499999999994,1.79961878285351,0.000381216997231045,0.577520637056193,-7.62434292981423e-06,0.471111752944848,1.11706460616189,0.000143817932671156,0.000145179171275298
0.556999999999994,1.79961521561991,0.000384784230867275,0.577104607737666,-7.69568760170675e-06,0.470196576125073,1.11698741731458,0.000144488359246142,0.000145857716217426
0.557499999999994,1.79961163196572,0.000388367885098961,0.576688615757661,-7.76736068550804e-06,0.469281440565833,1.11691020666334,0.000145158741682754,0.000146536232918502
0.557999999999994,1.79960803189357,0.000391967957292916,0.576272661113496,-7.83936212855191e-06,0.468366346263789,1.11683297420771,0.000145829079987725,0.000147214721381807
0.558499999999994,1.79960441540609,0.000395584444816637,0.575856743802496,-7.9116918781999e-06,0.467451293215604,1.11675571994722,0.000146499374167789,0.000147893181610618
0.558999999999994,1.79960078250591,0.000399217345038303,0.575440863821986,-7.98434988179969e-06,0.466536281417945,1.11667844388139,0.000147169624229676,0.000148571613608215
0.559499999999994,1.79959713319566,0.000402866655326774,0.575025021169296,-8.05733608674059e-06,0.465621310867481,1.11660114600973,0.000147839830180117,0.000149250017377877
0.559999999999994,1.79959346747798,0.000406532373051596,0.574609215841756,-8.13065044039801e-06,0.464706381560885,1.11652382633177,0.000148509992025841,0.000149928392922882
0.560499999999993,1.79958978535549,0.000410214495582993,0.574193447836702,-8.20429289019597e-06,0.463791493494833,1.11644648484703,0.000149180109773574,0.000150606740246506
0.560999999999993,1.79958608683082,0.000413913020291876,0.573777717151471,-8.27826338355153e-06,0.462876646666003,1.116369121555,0.000149850183430044,0.000151285059352027
0.561499999999993,1.79958237190661,0.00041762794454983,0.573362023783404,-8.35256186788175e-06,0.461961841071076,1.11629173645521,0.000150520213001974,0.000151963350242722
0.561999999999993,1.79957864058547,0.000421359265729129,0.572946367729845,-8.42718829063838e-06,0.461047076706737,1.11621432954716,0.000151190198496089,0.000152641612921866
0.562499999999993,1.79957489287004,0.000425106981202725,0.572530748988138,-8.50214259928012e-06,0.460132353569673,1.11613690083036,0.000151860139919112,0.000153319847392736
0.562999999999993,1.79957112876294,0.000428871088344252,0.572115167555635,-8.57742474127954e-06,0.459217671656574,1.11605945030431,0.000152530037277762,0.000153998053658607
0.563499999999993,1.79956734826679,0.000432651584528025,0.571699623429686,-8.65303466413003e-06,0.458303030964133,1.11598197796852,0.00015319989057876,0.000154676231722754
0.563999999999993,1.79956355138423,0.000436448467129037,0.571284116607648,-8.72897231531111e-06,0.457388431489046,1.11590448382248,0.000153869699828823,0.000155354381588451
0.564499999999993,1.79955973811788,0.000440261733522964,0.570868647086877,-8.80523764236474e-06,0.456473873228012,1.11582696786568,0.000154539465034671,0.000156032503258971
0.564999999999993,1.79955590847036,0.000444091381086164,0.570453214864734,-8.88183059279818e-06,0.455559356177733,1.11574943009763,0.000155209186203018,0.00015671059673759
0.565499999999993,1.79955206244429,0.000447937407195672,0.570037819938584,-8.9587511141534e-06,0.454644880334915,1.11567187051782,0.000155878863340578,0.000157388662027578
0.565999999999993,1.7995482000423,0.000451799809229201,0.569622462305794,-9.03599915400011e-06,0.453730445696264,1.11559428912572,0.000156548496454066,0.000158066699132209
0.566499999999993,1.79954432126701,0.000455678584565151,0.569207141963732,-9.11357465989415e-06,0.452816052258492,1.11551668592084,0.000157218085550194,0.000158744708054756
0.566999999999993,1.79954042612103,0.000459573730582592,0.568791858909771,-9.19147757941219e-06,0.451901700018312,1.11543906090265,0.000157887630635672,0.000159422688798489
0.567499999999993,1.79953651460699,0.000463485244661282,0.568376613141288,-9.26970786015863e-06,0.450987388972441,1.11536141407063,0.000158557131717209,0.000160100641366679
0.567999999999993,1.79953258672751,0.000467413124181653,0.567961404655659,-9.348265449724e-06,0.4500731191176,1.11528374542427,0.000159226588801515,0.000160778565762598
0.568499999999993,1.79952864248521,0.000471357366524815,0.567546233450267,-9.42715029577518e-06,0.449158890450509,1.11520605496304,0.000159896001895295,0.000161456461989515
0.568999999999993,1.79952468188271,0.000475317969072562,0.567131099522496,-9.50636234589575e-06,0.448244702967895,1.11512834268642,0.000160565371005256,0.0001621343300507
0.569499999999992,1.79952070492261,0.000479294929207359,0.566716002869733,-9.58590154775951e-06,0.447330556666488,1.11505060859388,0.000161234696138102,0.000162812169949422
0.569999999999992,1.79951671160755,0.000483288244312358,0.566300943489369,-9.66576784903334e-06,0.446416451543018,1.11497285268488,0.000161903977300537,0.000163489981688951
0.570499999999992,1.79951270194013,0.00048729791177138,0.565885921378795,-9.74596119739102e-06,0.445502387594219,1.11489507495891,0.000162573214499261,0.000164167765272553
0.570999999999992,1.79950867592297,0.000491323928968929,0.565470936535409,-9.8264815405133e-06,0.444588364816829,1.11481727541541,0.000163242407740977,0.000164845520703498
0.571499999999992,1.7995046335587,0.000495366293290186,0.56505598895661,-9.9073288260948e-06,0.44367438320759,1.11473945405386,0.000163911557032382,0.000165523247985052
0.571999999999992,1.79950057484991,0.000499425002121009,0.564641078639798,-9.98850300189952e-06,0.442760442763243,1.11466161087371,0.000164580662380176,0.000166200947120481
0.572499999999992,1.79949649979922,0.000503500052847934,0.56422620558238,-1.00700040156013e-05,0.441846543480536,1.11458374587442,0.000165249723791055,0.000166878618113053
0.572999999999992,1.79949240840925,0.000507591442858171,0.563811369781763,-1.01518318149779e-05,0.440932685356218,1.11450585905545,0.000165918741271714,0.000167556260966033
0.573499999999992,1.79948830068261,0.000511699169539609,0.563396571235358,-1.02339863477866e-05,0.440018868387042,1.11442795041624,0.000166587714828847,0.000168233875682686
0.573999999999992,1.79948417662191,0.000515823230280816,0.562981809940579,-1.03164675617773e-05,0.439105092569763,1.11435001995626,0.000167256644469149,0.000168911462266278
0.574499999999992,1.79948003622976,0.000519963622471031,0.562567085894842,-1.03992754047558e-05,0.438191357901139,1.11427206767495,0.000167925530199309,0.000169589020720071
0.574999999999992,1.79947587950878,0.000524120343500173,0.562152399095566,-1.04824098245138e-05,0.437277664377932,1.11419409357174,0.00016859437202602,0.000170266551047331
0.575499999999992,1.79947170646156,0.000528293390758835,0.561737749540176,-1.056587076885e-05,0.436364011996907,1.1141160976461,0.000169263169955969,0.00017094405325132
0.575999999999992,1.79946751709072,0.000532482761638288,0.561323137226096,-1.06496581856186e-05,0.43545040075483,1.11403807989745,0.000169931923995846,0.000171621527335302
0.576499999999992,1.79946331139887,0.000536688453530476,0.560908562150754,-1.07337720226322e-05,0.434536830648471,1.11396004032524,0.000170600634152336,0.000172298973302539
0.576999999999992,1.79945908938861,0.000540910463828019,0.560494024311583,-1.0818212227752e-05,0.433623301674606,1.1138819789289,0.000171269300432125,0.000172976391156291
0.577499999999992,1.79945485106256,0.000545148789924214,0.560079523706016,-1.09029787488529e-05,0.432709813830009,1.11380389570786,0.000171937922841897,0.000173653780899822
0.577999999999992,1.79945059642331,0.000549403429213032,0.559665060331492,-1.09880715338032e-05,0.43179636711146,1.11372579066156,0.000172606501388335,0.000174331142536391
0.578499999999991,1.79944632547347,0.000553674379089115,0.559250634185451,-1.10734905305054e-05,0.430882961515742,1.11364766378942,0.00017327503607812,0.000175008476069259
0.578999999999991,1.79944203821566,0.000557961636947786,0.558836245265336,-1.11592356868417e-05,0.42996959703964,1.11356951509088,0.000173943526917933,0.000175685781501685
0.579499999999991,1.79943773465246,0.000562265200185037,0.558421893568593,-1.12453069507565e-05,0.429056273679942,1.11349134456534,0.000174611973914453,0.000176363058836929
0.579999999999991,1.79943341478649,0.000566585066197537,0.558007579092673,-1.13317042701872e-05,0.42814299143344,1.11341315221225,0.000175280377074358,0.00017704030807825
0.580499999999991,1.79942907862035,0.000570921232382628,0.557593301835027,-1.14184275930643e-05,0.427229750296929,1.113334938031,0.000175948736404323,0.000177717529228906
0.580999999999991,1.79942472615663,0.000575273696138325,0.55717906179311,-1.15054768673462e-05,0.426316550267205,1.11325670202103,0.000176617051911025,0.000178394722292154
0.581499999999991,1.79942035739795,0.000579642454863318,0.556764858964382,-1.15928520410258e-05,0.42540339134107,1.11317844418174,0.000177285323601138,0.000179071887271253
0.581999999999991,1.7994159723469,0.00058402750595697,0.556350693346302,-1.16805530620614e-05,0.424490273515327,1.11310016451254,0.000177953551481333,0.000179749024169457
0.582499999999991,1.79941157100608,0.000588428846819314,0.555936564936337,-1.17685798784878e-05,0.423577196786782,1.11302186301285,0.000178621735558283,0.000180426132990025
0.582999999999991,1.79940715337809,0.000592846474851061,0.555522473731952,-1.18569324383047e-05,0.422664161152245,1.11294353968208,0.000179289875838657,0.000181103213736211
0.583499999999991,1.79940271946552,0.000597280387453592,0.555108419730619,-1.19456106895122e-05,0.421751166608528,1.11286519451961,0.000179957972329126,0.000181780266411271
0.583999999999991,1.79939826927099,0.000601730582028958,0.55469440292981,-1.20346145802003e-05,0.420838213152448,1.11278682752486,0.000180626025036356,0.00018245729101846
0.584499999999991,1.79939380279708,0.000606197055979889,0.554280423327002,-1.21239440583898e-05,0.419925300780823,1.11270843869723,0.000181294033967014,0.00018313428756103
0.584999999999991,1.79938932004639,0.000610679806709781,0.553866480919674,-1.22135990721639e-05,0.419012429490474,1.11263002803611,0.000181961999127765,0.000183811256042237
0.585499999999991,1.79938482102152,0.000615178831622702,0.553452575705308,-1.23035795695919e-05,0.418099599278226,1.1125515955409,0.000182629920525273,0.000184488196465333
0.585999999999991,1.79938030572506,0.000619694128123395,0.55303870768139,-1.23938854987779e-05,0.417186810140907,1.11247314121099,0.0001832977981662,0.000185165108833571
0.586499999999991,1.79937577415961,0.000624225693617273,0.552624876845407,-1.24845168078327e-05,0.416274062075348,1.11239466504576,0.000183965632057209,0.000185841993150203
0.586999999999991,1.79937122632776,0.000628773525510421,0.552211083194852,-1.25754734448605e-05,0.415361355078382,1.11231616704461,0.000184633422204959,0.000186518849418481
0.58749999999999,1.7993666622321,0.000633337621209593,0.551797326727218,-1.26667553580276e-05,0.414448689146846,1.11223764720692,0.000185301168616109,0.000187195677641654
0.58799999999999,1.79936208187523,0.000637917978122214,0.551383607440002,-1.27583624954589e-05,0.41353606427758,1.11215910553207,0.000185968871297317,0.000187872477822976
0.58849999999999,1.79935748525973,0.000642514593656382,0.550969925330706,-1.28502948053069e-05,0.412623480467428,1.11208054201944,0.000186636530255239,0.000188549249965693
0.58899999999999,1.79935287238821,0.000647127465220867,0.550556280396832,-1.29425522357729e-05,0.411710937713235,1.11200195666841,0.000187304145496531,0.000189225994073058
0.58949999999999,1.79934824326325,0.000651756590225101,0.550142672635886,-1.30351347350371e-05,0.41079843601185,1.11192334947835,0.000187971717027846,0.000189902710148317
0.58999999999999,1.79934359788744,0.000656401966079195,0.549729102045379,-1.31280422512869e-05,0.409885975360125,1.11184472044863,0.000188639244855836,0.000190579398194721
0.59049999999999,1.79933893626336,0.000661063590193925,0.549315568622821,-1.32212747327651e-05,0.408973555754915,1.11176606957863,0.000189306728987154,0.000191256058215517
0.59099999999999,1.79933425839362,0.000665741459980738,0.548902072365729,-1.33148321276796e-05,0.408061177193079,1.11168739686771,0.00018997416942845,0.000191932690213951
0.59149999999999,1.79932956428079,0.000670435572851751,0.548488613271621,-1.34087143842665e-05,0.407148839671477,1.11160870231524,0.000190641566186372,0.000192609294193271
0.59199999999999,1.79932485392746,0.000675145926219749,0.548075191338019,-1.35029214508101e-05,0.406236543186974,1.11152998592057,0.000191308919267567,0.000193285870156724
0.59249999999999,1.79932012733622,0.000679872517498186,0.547661806562446,-1.35974532755392e-05,0.405324287736437,1.11145124768307,0.000191976228678683,0.000193962418107554
0.59299999999999,1.79931538450966,0.000684615344101188,0.54724845894243,-1.3692309806787e-05,0.404412073316737,1.1113724876021,0.000192643494426365,0.000194638938049008
0.59349999999999,1.79931062545036,0.000689374403443545,0.546835148475502,-1.37874909928032e-05,0.403499899924747,1.111293705677,0.000193310716517256,0.00019531542998433
0.59399999999999,1.7993058501609,0.000694149692940715,0.546421875159195,-1.38829967819137e-05,0.402587767557343,1.11121490190714,0.000193977894957999,0.000195991893916764
0.59449999999999,1.79930105864388,0.000698941210008831,0.546008638991045,-1.39788271224586e-05,0.401675676211406,1.11113607629186,0.000194645029755236,0.000196668329849554
0.59499999999999,1.79929625090186,0.00070374895206469,0.545595439968593,-1.4074981962757e-05,0.400763625883817,1.11105722883051,0.000195312120915606,0.000197344737785943
0.59549999999999,1.79929142693744,0.000708572916525751,0.54518227808938,-1.41714612511418e-05,0.399851616571462,1.11097835952244,0.000195979168445748,0.000198021117729173
0.59599999999999,1.7992865867532,0.000713413100810152,0.544769153350953,-1.42682649360154e-05,0.398939648271231,1.11089946836698,0.000196646172352301,0.000198697469682488
0.596499999999989,1.79928173035171,0.00071826950233669,0.544356065750859,-1.43653929657178e-05,0.398027720980014,1.11082055536347,0.000197313132641901,0.000199373793649127
0.596999999999989,1.79927685773557,0.000723142118524833,0.543943015286651,-1.44628452886583e-05,0.397115834694707,1.11074162051126,0.000197980049321182,0.000200050089632333
0.597499999999989,1.79927196890734,0.000728030946794713,0.543530001955884,-1.45606218532324e-05,0.396203989412208,1.11066266380968,0.000198646922396779,0.000200726357635345
0.597999999999989,1.79926706386961,0.000732935984567132,0.543117025756114,-1.46587226078493e-05,0.395292185129417,1.11058368525806,0.000199313751875324,0.000201402597661405
0.598499999999989,1.79926214262495,0.000737857229263556,0.542704086684903,-1.4757147500967e-05,0.394380421843239,1.11050468485573,0.000199980537763449,0.000202078809713751
0.598999999999989,1.79925720517595,0.000742794678306122,0.542291184739815,-1.48558964809947e-05,0.393468699550581,1.11042566260202,0.000200647280067785,0.000202754993795621
0.599499999999989,1.79925225152518,0.000747748329117624,0.541878319918417,-1.49549694963905e-05,0.392557018248353,1.11034661849625,0.000201313978794959,0.000203431149910255
0.599999999999989,1.79924728167522,0.000752718179121533,0.541465492218277,-1.50543664956398e-05,0.391645377933469,1.11026755253775,0.0002019806339516,0.00020410727806089
0.600499999999989,1.79924229562864,0.000757704225741978,0.54105270163697,-1.51540874272424e-05,0.390733778602844,1.11018846472583,0.000202647245544334,0.000204783378250763
0.600999999999989,1.79923729338802,0.000762706466403757,0.540639948172071,-1.52541322396491e-05,0.389822220253399,1.11010935505982,0.000203313813579787,0.000205459450483112
0.601499999999989,1.79923227495593,0.000767724898532333,0.54022723182116,-1.53545008813941e-05,0.388910702882056,1.11003022353903,0.000203980338064582,0.000206135494761172
0.601999999999989,1.79922724033495,0.000772759519553835,0.539814552581817,-1.54551933009978e-05,0.387999226485741,1.10995107016276,0.000204646819005343,0.000206811511088179
0.602499999999989,1.79922218952765,0.000777810326895053,0.53940191045163,-1.55562094470013e-05,0.387087791061381,1.10987189493034,0.00020531325640869,0.000207487499467369
0.602999999999989,1.7992171225366,0.000782877317983447,0.538989305428184,-1.56575492679459e-05,0.38617639660591,1.10979269784106,0.000205979650281244,0.000208163459901975
0.603499999999989,1.79921203936438,0.000787960490247138,0.538576737509073,-1.57592127123934e-05,0.385265043116262,1.10971347889424,0.000206646000629625,0.000208839392395233
0.603999999999989,1.79920694001355,0.000793059841114915,0.53816420669189,-1.58611997289337e-05,0.384353730589374,1.10963423808917,0.000207312307460449,0.000209515296950375
0.604499999999989,1.79920182448669,0.000798175368016226,0.537751712974233,-1.59635102661287e-05,0.383442459022189,1.10955497542515,0.000207978570780335,0.000210191173570634
0.604999999999989,1.79919669278637,0.000803307068381186,0.537339256353702,-1.60661442726098e-05,0.38253122841165,1.10947569090149,0.000208644790595895,0.000210867022259243
0.605499999999988,1.79919154491515,0.000808454939640579,0.5369268368279,-1.61691016969737e-05,0.381620038754705,1.10939638451747,0.000209310966913746,0.000211542843019434
0.605999999999988,1.79918638087561,0.000813618979225843,0.536514454394434,-1.62723824878586e-05,0.380708890048303,1.1093170562724,0.0002099770997405,0.000212218635854438
0.606499999999988,1.7991812006703,0.000818799184569081,0.536102109050913,-1.63759865939028e-05,0.379797782289399,1.10923770616555,0.000210643189082769,0.000212894400767487
0.606999999999988,1.79917600430181,0.000823995553103068,0.535689800794951,-1.64799139637586e-05,0.378886715474949,1.10915833419622,0.000211309234947162,0.000213570137761809
0.607499999999988,1.79917079177269,0.000829208082261233,0.535277529624163,-1.6584164546099e-05,0.377975689601911,1.10907894036369,0.00021197523734029,0.000214245846840636
0.607999999999988,1.79916556308552,0.000834436769477672,0.534865295536167,-1.66887382896039e-05,0.377064704667251,1.10899952466725,0.00021264119626876,0.000214921528007196
0.608499999999988,1.79916031824285,0.00083968161218714,0.534453098528586,-1.67936351429671e-05,0.376153760667932,1.10892008710617,0.000213307111739178,0.000215597181264719
0.608999999999988,1.79915505724725,0.00084494260782506,0.534040938599044,-1.68988550549032e-05,0.375242857600925,1.10884062767973,0.000213972983758151,0.000216272806616431
0.609499999999988,1.79914978010129,0.000850219753827511,0.53362881574517,-1.70043979741269e-05,0.3743319954632,1.1087611463872,0.000214638812332283,0.000216948404065562
0.609999999999988,1.79914448680753,0.000855513047631239,0.533216729964594,-1.71102638493736e-05,0.373421174251734,1.10868164322786,0.000215304597468176,0.000217623973615337
0.610499999999988,1.79913917736853,0.000860822486673651,0.532804681254951,-1.72164526294066e-05,0.372510393963505,1.10860211820098,0.000215970339172432,0.000218299515268984
0.610999999999988,1.79913385178685,0.000866148068392811,0.532392669613878,-1.73229642629752e-05,0.371599654595493,1.10852257130583,0.000216636037451653,0.000218975029029728
0.611499999999988,1.79912851006506,0.000871489790227454,0.531980695039014,-1.74297986988356e-05,0.370688956144684,1.10844300254166,0.000217301692312437,0.000219650514900795
0.611999999999988,1.79912315220571,0.000876847649616963,0.531568757528005,-1.75369558858135e-05,0.369778298608065,1.10836341190774,0.000217967303761383,0.000220325972885409
0.612499999999988,1.79911777821137,0.000882221644001396,0.531156857078495,-1.76444357726721e-05,0.368867681982627,1.10828379940333,0.000218632871805086,0.000221001402986797
0.612999999999988,1.79911238808459,0.00088761177082146,0.530744993688134,-1.77522383082579e-05,0.367957106265364,1.1082041650277,0.000219298396450144,0.000221676805208179
0.613499999999988,1.79910698182793,0.000893018027518529,0.530333167354576,-1.78603634413757e-05,0.367046571453272,1.10812450878008,0.000219963877703151,0.000222352179552782
0.613999999999988,1.79910155944396,0.000898440411534638,0.529921378075475,-1.7968811120872e-05,0.366136077543352,1.10804483065973,0.000220629315570699,0.000223027526023825
0.614499999999988,1.79909612093522,0.000903878920312479,0.52950962584849,-1.80775812956072e-05,0.365225624532606,1.10796513066591,0.000221294710059381,0.000223702844624534
0.614999999999987,1.79909066630428,0.000909333551295405,0.529097910671285,-1.81866739144485e-05,0.364315212418042,1.10788540879786,0.000221960061175787,0.000224378135358128
0.615499999999987,1.79908519555369,0.000914804301927429,0.528686232541522,-1.8296088926277e-05,0.363404841196669,1.10780566505482,0.000222625368926508,0.000225053398227829
0.615999999999987,1.799079708686,0.000920291169653226,0.52827459145687,-1.84058262799672e-05,0.362494510865499,1.10772589943604,0.000223290633318131,0.000225728633236858
0.616499999999987,1.79907420570378,0.000925794151918124,0.527862987415001,-1.85158859244486e-05,0.361584221421547,1.10764611194076,0.000223955854357243,0.000226403840388435
0.616999999999987,1.79906868660957,0.00093131324616812,0.527451420413589,-1.86262678086163e-05,0.360673972861834,1.1075663025682,0.000224621032050431,0.000227079019685778
0.617499999999987,1.79906315140593,0.000936848449849862,0.52703989045031,-1.87369718814279e-05,0.35976376518338,1.10748647131761,0.000225286166404279,0.000227754171132107
0.617999999999987,1.79905760009541,0.000942399760410658,0.526628397522846,-1.88479980918199e-05,0.358853598383211,1.10740661818822,0.00022595125742537,0.000228429294730641
0.618499999999987,1.79905203268056,0.000947967175298478,0.526216941628879,-1.89593463887638e-05,0.357943472458355,1.10732674317926,0.000226616305120287,0.000229104390484598
0.618999999999987,1.79904644916394,0.000953550691961949,0.525805522766097,-1.90710167212102e-05,0.357033387405843,1.10724684628994,0.00022728130949561,0.000229779458397193
0.619499999999987,1.79904084954809,0.000959150307850355,0.525394140932189,-1.91830090381512e-05,0.356123343222709,1.10716692751951,0.000227946270557921,0.000230454498471645
0.619999999999987,1.79903523383557,0.000964766020413639,0.524982796124848,-1.92953232886067e-05,0.355213339905993,1.10708698686717,0.000228611188313796,0.00023112951071117
0.620499999999987,1.79902960202892,0.000970397827102402,0.524571488341769,-1.9407959421569e-05,0.354303377452733,1.10700702433214,0.000229276062769813,0.000231804495118983
0.620999999999987,1.7990239541307,0.000976045725367902,0.524160217580652,-1.95209173860442e-05,0.353393455859974,1.10692703991365,0.000229940893932549,0.0002324794516983
0.621499999999987,1.79901829014345,0.000981709712662056,0.523748983839199,-1.96341971311145e-05,0.352483575124763,1.10684703361091,0.000230605681808579,0.000233154380452335
0.621999999999987,1.79901261006971,0.000987389786437436,0.523337787115115,-1.9747798605807e-05,0.35157373524415,1.10676700542312,0.000231270426404476,0.000233829281384302
0.622499999999987,1.79900691391204,0.000993085944147274,0.522926627406108,-1.98617217591693e-05,0.350663936215189,1.1066869553495,0.000231935127726813,0.000234504154497415
0.622999999999987,1.79900120167298,0.000998798183245454,0.52251550470989,-1.99759665403185e-05,0.349754178034936,1.10660688338925,0.00023259978578216,0.000235178999794886
0.623499999999987,1.79899547335508,0.00100452650118652,0.522104419024176,-2.00905328983161e-05,0.34884446070045,1.10652678954158,0.000233264400577088,0.000235853817279927
0.623999999999986,1.79898972896089,0.00101027089542568,0.521693370346682,-2.02054207822794e-05,0.347934784208794,1.10644667380568,0.000233928972118167,0.000236528606955753
0.624499999999986,1.79898396849293,0.00101603136341878,0.52128235867513,-2.03206301413253e-05,0.347025148557035,1.10636653618075,0.000234593500411962,0.000237203368825572
0.624999999999986,1.79897819195377,0.00102180790262234,0.520871384007243,-2.0436160924571e-05,0.34611555374224,1.106286376666,0.000235257985465042,0.000237878102892597
0.625499999999986,1.79897239934594,0.00102760051049352,0.520460446340749,-2.05520130811682e-05,0.345205999761483,1.10620619526061,0.000235922427283971,0.000238552809160036
0.625999999999986,1.79896659067199,0.00103340918449015,0.520049545673377,-2.06681865602895e-05,0.344296486611839,1.10612599196377,0.000236586825875313,0.000239227487631101
0.626499999999986,1.79896076593445,0.00103923392207072,0.519638682002861,-2.07846813110868e-05,0.343387014290386,1.10604576677467,0.00023725118124563,0.000239902138309
0.626999999999986,1.79895492513586,0.00104507472069435,0.519227855326937,-2.09014972827326e-05,0.342477582794205,1.1059655196925,0.000237915493401485,0.000240576761196941
0.627499999999986,1.79894906827878,0.00105093157782084,0.518817065643345,-2.10186344244481e-05,0.341568192120382,1.10588525071644,0.000238579762349439,0.000241251356298134
0.627999999999986,1.79894319536573,0.00105680449091062,0.518406312949827,-2.11360926854268e-05,0.340658842266005,1.10580495984566,0.000239243988096049,0.000241925923615785
0.628499999999986,1.79893730639926,0.00106269345742481,0.517995597244128,-2.12538720148897e-05,0.339749533228165,1.10572464707935,0.000239908170647874,0.000242600463153101
0.628999999999986,1.7989314013819,0.00106859847482516,0.517584918523998,-2.13719723620789e-05,0.338840265003955,1.10564431241669,0.00024057231001147,0.00024327497491329
0.629499999999986,1.79892548031619,0.00107451954057406,0.51717427678719,-2.14903936762364e-05,0.337931037590474,1.10556395585684,0.000241236406193394,0.000243949458899555
0.629999999999986,1.79891954320467,0.0010804566521346,0.516763672031456,-2.1609135906632e-05,0.337021850984822,1.10548357739897,0.000241900459200199,0.000244623915115104
0.630499999999986,1.79891359004987,0.00108640980697048,0.516353104254556,-2.17281990025284e-05,0.336112705184103,1.10540317704226,0.00024256446903844,0.000245298343563141
0.630999999999986,1.79890762085434,0.00109237900254607,0.515942573454252,-2.18475829132231e-05,0.335203600185423,1.10532275478586,0.000243228435714666,0.00024597274424687
0.631499999999986,1.7989016356206,0.0010983642363264,0.515532079628307,-2.19672875880136e-05,0.334294535985894,1.10524231062894,0.00024389235923543,0.000246647117169494
0.631999999999986,1.79889563435119,0.00110436550577715,0.515121622774489,-2.20873129762045e-05,0.333385512582627,1.10516184457065,0.000244556239607281,0.000247321462334218
0.632499999999986,1.79888961704864,0.00111038280836465,0.514711202890569,-2.22076590271278e-05,0.332476529972741,1.10508135661016,0.000245220076836767,0.000247995779744243
0.632999999999985,1.79888358371549,0.00111641614155588,0.514300819974322,-2.23283256901435e-05,0.331567588153353,1.10500084674662,0.000245883870930435,0.000248670069402772
0.633499999999985,1.79887753435427,0.00112246550281847,0.513890474023523,-2.24493129145839e-05,0.330658687121587,1.10492031497917,0.000246547621894831,0.000249344331313006
0.633999999999985,1.79887146896751,0.00112853088962073,0.513480165035953,-2.25706206498089e-05,0.32974982687457,1.10483976130698,0.0002472113297365,0.000250018565478146
0.634499999999985,1.79886538755774,0.00113461229943158,0.513069893009395,-2.26922488451992e-05,0.328841007409429,1.10475918572918,0.000247874994461986,0.000250692771901393
0.634999999999985,1.79885929012749,0.00114070972972062,0.512659657941636,-2.28141974501633e-05,0.327932228723298,1.10467858824492,0.00024853861607783,0.000251366950585947
0.635499999999985,1.7988531766793,0.0011468231779581,0.512249459830465,-2.2936466414096e-05,0.327023490813312,1.10459796885334,0.000249202194590573,0.000252041101535006
0.635999999999985,1.79884704721568,0.00115295264161492,0.511839298673676,-2.30590556864127e-05,0.32611479367661,1.10451732755358,0.000249865730006756,0.000252715224751769
0.636499999999985,1.79884090173917,0.00115909811816262,0.511429174469062,-2.31819652165496e-05,0.325206137310332,1.10443666434477,0.000250529222332918,0.000253389320239437
0.636999999999985,1.7988347402523,0.00116525960507341,0.511019087214426,-2.33051949539501e-05,0.324297521711626,1.10435597922606,0.000251192671575595,0.000254063388001203
0.637499999999985,1.7988285627576,0.00117143709982013,0.510609036907567,-2.34287448480641e-05,0.323388946877638,1.10427527219656,0.000251856077741325,0.000254737428040269
0.637999999999985,1.79882236925758,0.00117763059987629,0.510199023546291,-2.35526148483559e-05,0.322480412805521,1.10419454325541,0.000252519440836641,0.000255411440359828
0.638499999999985,1.79881615975478,0.00118384010271604,0.509789047128407,-2.36768049043518e-05,0.321571919492429,1.10411379240173,0.000253182760868079,0.000256085424963078
0.638999999999985,1.79880993425173,0.00119006560581419,0.509379107651727,-2.38013149654881e-05,0.320663466935519,1.10403301963464,0.00025384603784217,0.000256759381853214
0.639499999999985,1.79880369275093,0.0011963071066462,0.508969205114064,-2.39261449813191e-05,0.319755055131952,1.10395222495327,0.000254509271765447,0.000257433311033432
0.639999999999985,1.79879743525493,0.00120256460268816,0.508559339513238,-2.40512949013297e-05,0.318846684078894,1.10387140835674,0.000255172462644439,0.000258107212506924
0.640499999999985,1.79879116176625,0.00120883809141683,0.508149510847069,-2.41767646750948e-05,0.317938353773511,1.10379056984415,0.000255835610485676,0.000258781086276886
0.640999999999985,1.79878487228739,0.00121512757030962,0.507739719113381,-2.43025542521272e-05,0.317030064212973,1.10370970941463,0.000256498715295685,0.00025945493234651
0.641499999999985,1.7987785668209,0.00122143303684458,0.507329964310003,-2.44286635820157e-05,0.316121815394456,1.10362882706727,0.000257161777080994,0.000260128750718989
0.641999999999984,1.79877224536928,0.00122775448850042,0.506920246434763,-2.45550926143145e-05,0.315213607315135,1.1035479228012,0.000257824795848128,0.000260802541397516
0.642499999999984,1.79876590793507,0.00123409192275648,0.506510565485497,-2.46818412986058e-05,0.31430543997219,1.1034669966155,0.000258487771603611,0.000261476304385283
0.642999999999984,1.79875955452077,0.00124044533709278,0.506100921460041,-2.48089095845269e-05,0.313397313362805,1.10338604850929,0.000259150704353967,0.00026215003968548
0.643499999999984,1.79875318512892,0.00124681472898996,0.505691314356234,-2.4936297421653e-05,0.312489227484167,1.10330507848166,0.000259813594105717,0.000262823747301298
0.643999999999984,1.79874679976202,0.00125320009592933,0.505281744171921,-2.50640047596215e-05,0.311581182333466,1.10322408653171,0.000260476440865382,0.000263497427235928
0.644499999999984,1.7987403984226,0.00125960143539282,0.504872210904947,-2.519203154807e-05,0.310673177907893,1.10314307265854,0.000261139244639482,0.000264171079492559
0.644999999999984,1.79873398111317,0.00126601874486305,0.504462714553162,-2.53203777366637e-05,0.309765214204646,1.10306203686123,0.000261802005434535,0.000264844704074379
0.645499999999984,1.79872754783625,0.00127245202182324,0.504053255114421,-2.5449043275047e-05,0.308857291220925,1.10298097913887,0.000262464723257058,0.000265518300984577
0.645999999999984,1.79872109859435,0.00127890126375731,0.503643832586576,-2.55780281129131e-05,0.307949408953931,1.10289989949055,0.000263127398113568,0.000266191870226341
0.646499999999984,1.79871463339,0.00128536646814978,0.503234446967489,-2.57073321999479e-05,0.307041567400871,1.10281879791536,0.000263790030010578,0.000266865411802858
0.646999999999984,1.79870815222571,0.00129184763248585,0.50282509825502,-2.58369554858584e-05,0.306133766558952,1.10273767441237,0.000264452618954604,0.000267538925717316
0.647499999999984,1.79870165510398,0.00129834475425135,0.502415786447036,-2.59668979203376e-05,0.305226006425389,1.10265652898066,0.000265115164952157,0.0002682124119729
0.647999999999984,1.79869514202734,0.00130485783093277,0.502006511541405,-2.60971594531548e-05,0.304318286997395,1.10257536161932,0.000265777668009748,0.000268885870572796
0.648499999999984,1.7986886129983,0.00131138686001723,0.501597273535999,-2.62277400340377e-05,0.303410608272191,1.1024941723274,0.000266440128133888,0.000269559301520189
0.648999999999984,1.79868206801936,0.00131793183899251,0.501188072428693,-2.63586396127211e-05,0.302502970246997,1.10241296110398,0.000267102545331085,0.000270232704818264
0.649499999999984,1.79867550709305,0.00132449276534703,0.500778908217366,-2.64898581390019e-05,0.301595372919039,1.10233172794812,0.000267764919607848,0.000270906080470205
0.649999999999984,1.79866893022187,0.00133106963656987,0.500369780899897,-2.66213955626427e-05,0.300687816285545,1.10225047285891,0.000268427250970683,0.000271579428479196
0.650499999999984,1.79866233740833,0.00133766245015074,0.499960690474173,-2.67532518334404e-05,0.299780300343746,1.10216919583538,0.000269089539426094,0.000272252748848419
0.650999999999983,1.79865572865494,0.00134427120358001,0.49955163693808,-2.68854269011992e-05,0.298872825090879,1.10208789687661,0.000269751784980586,0.000272926041581056
0.651499999999983,1.79864910396421,0.00135089589434867,0.499142620289511,-2.70179207157717e-05,0.29796539052418,1.10200657598165,0.000270413987640663,0.000273599306680289
0.651999999999983,1.79864246333865,0.00135753651994838,0.498733640526357,-2.7150733226948e-05,0.297057996640891,1.10192523314956,0.000271076147412826,0.000274272544149302
0.652499999999983,1.79863580678077,0.00136419307787145,0.498324697646518,-2.72838643845946e-05,0.296150643438256,1.10184386837938,0.000271738264303576,0.000274945753991272
0.652999999999983,1.79862913429307,0.00137086556561082,0.497915791647893,-2.74173141385573e-05,0.295243330913523,1.10176248167017,0.000272400338319411,0.000275618936209382
0.653499999999983,1.79862244587806,0.00137755398066006,0.497506922528386,-2.75510824387301e-05,0.294336059063943,1.10168107302097,0.000273062369466831,0.000276292090806811
0.653999999999983,1.79861574153825,0.00138425832051343,0.497098090285904,-2.76851692349867e-05,0.293428827886769,1.10159964243083,0.000273724357752333,0.000276965217786737
0.654499999999983,1.79860902127614,0.0013909785826658,0.496689294918357,-2.78195744772211e-05,0.292521637379261,1.10151818989878,0.000274386303182411,0.00027763831715234
0.654999999999983,1.79860228509423,0.00139771476461269,0.496280536423658,-2.79542981153416e-05,0.291614487538677,1.10143671542386,0.000275048205763561,0.000278311388906797
0.655499999999983,1.79859553299504,0.00140446686385026,0.495871814799725,-2.80893400992771e-05,0.290707378362283,1.10135521900512,0.000275710065502278,0.000278984433053286
0.655999999999983,1.79858876498105,0.00141123487787535,0.495463130044475,-2.82247003789704e-05,0.289800309847344,1.10127370064158,0.000276371882405052,0.000279657449594984
0.656499999999983,1.79858198105478,0.00141801880418538,0.495054482155833,-2.83603789043505e-05,0.288893281991132,1.10119216033227,0.000277033656478375,0.000280330438535068
0.656999999999983,1.79857518121873,0.00142481864027847,0.494645871131724,-2.84963756253948e-05,0.28798629479092,1.10111059807622,0.000277695387728736,0.000281003399876713
0.657499999999983,1.7985683654754,0.00143163438365336,0.494237296970078,-2.86326904920878e-05,0.287079348243985,1.10102901387246,0.000278357076162627,0.000281676333623094
0.657999999999983,1.79856153382728,0.00143846603180943,0.493828759668827,-2.87693234543862e-05,0.286172442347606,1.10094740772,0.000279018721786532,0.000282349239777386
0.658499999999983,1.79855468627688,0.00144531358224672,0.493420259225907,-2.89062744623231e-05,0.285265577099069,1.10086577961787,0.00027968032460694,0.000283022118342764
0.658999999999983,1.79854782282671,0.0014521770324659,0.493011795639256,-2.90435434658898e-05,0.284358752495657,1.10078412956508,0.000280341884630335,0.000283694969322401
0.659499999999983,1.79854094347924,0.00145905637996828,0.492603368906818,-2.91811304151124e-05,0.283451968534663,1.10070245756065,0.000281003401863201,0.000284367792719471
0.659999999999982,1.798534048237,0.00146595162225581,0.492194979026536,-2.93190352600586e-05,0.282545225213378,1.10062076360358,0.000281664876312022,0.000285040588537146
0.660499999999982,1.79852713710246,0.00147286275683111,0.491786625996361,-2.94572579507477e-05,0.2816385225291,1.1005390476929,0.000282326307983279,0.000285713356778597
0.660999999999982,1.79852021007814,0.00147978978119741,0.491378309814242,-2.9595798437268e-05,0.280731860479127,1.10045730982759,0.000282987696883453,0.000286386097446998
0.661499999999982,1.79851326716652,0.0014867326928586,0.490970030478137,-2.97346566696666e-05,0.279825239060763,1.10037555000667,0.000283649043019023,0.000287058810545517
0.661999999999982,1.7985063083701,0.0014936914893192,0.490561787986001,-2.98738325980666e-05,0.278918658271313,1.10029376822914,0.000284310346396468,0.000287731496077327
0.662499999999982,1.79849933369137,0.00150066616808438,0.490153582335798,-3.00133261725635e-05,0.278012118108087,1.10021196449399,0.000284971607022265,0.000288404154045597
0.662999999999982,1.79849234313284,0.00150765672665994,0.489745413525492,-3.01531373432598e-05,0.277105618568398,1.10013013880022,0.000285632824902889,0.000289076784453495
0.663499999999982,1.79848533669699,0.00151466316255235,0.489337281553051,-3.02932660602856e-05,0.276199159649562,1.10004829114683,0.000286294000044816,0.000289749387304191
0.663999999999982,1.79847831438631,0.0015216854732687,0.488929186416445,-3.04337122738058e-05,0.275292741348897,1.09996642153279,0.000286955132454518,0.000290421962600854
0.664499999999982,1.7984712762033,0.00152872365631671,0.488521128113649,-3.05744759339505e-05,0.274386363663727,1.0998845299571,0.000287616222138469,0.00029109451034665
0.664999999999982,1.79846422215045,0.00153577770920476,0.48811310664264,-3.07155569909054e-05,0.273480026591376,1.09980261641875,0.00028827726910314,0.000291767030544747
0.665499999999982,1.79845715223026,0.00154284762944185,0.4877051220014,-3.08569553948285e-05,0.272573730129174,1.09972068091671,0.000288938273355001,0.000292439523198312
0.665999999999982,1.7984500664452,0.00154993341453766,0.487297174187913,-3.09986710959193e-05,0.271667474274453,1.09963872344996,0.00028959923490052,0.00029311198831051
0.666499999999982,1.79844296479778,0.00155703506200247,0.486889263200165,-3.1140704044405e-05,0.270761259024548,1.09955674401748,0.000290260153746166,0.000293784425884507
0.666999999999982,1.79843584729047,0.00156415256934721,0.486481389036147,-3.12830541904993e-05,0.269855084376798,1.09947474261825,0.000290921029898405,0.000294456835923468
0.667499999999982,1.79842871392578,0.00157128593408346,0.486073551693853,-3.14257214844085e-05,0.268948950328546,1.09939271925123,0.000291581863363702,0.000295129218430558
0.667999999999982,1.79842156470618,0.00157843515372343,0.48566575117128,-3.15687058763878e-05,0.268042856877137,1.09931067391539,0.000292242654148523,0.00029580157340894
0.668499999999982,1.79841439963416,0.00158560022577997,0.485257987466427,-3.17120073167129e-05,0.267136804019918,1.09922860660969,0.000292903402259329,0.000296473900861777
0.668999999999981,1.79840721871222,0.00159278114776659,0.484850260577299,-3.18556257556182e-05,0.266230791754242,1.0991465173331,0.000293564107702583,0.000297146200792233
0.669499999999981,1.79840002194283,0.0015999779171974,0.484442570501902,-3.19995611434282e-05,0.265324820077465,1.09906440608459,0.000294224770484746,0.00029781847320347
0.669999999999981,1.79839280932848,0.00160719053158718,0.484034917238246,-3.21438134304186e-05,0.264418888986944,1.0989822728631,0.000294885390612278,0.000298490718098649
0.670499999999981,1.79838558087166,0.00161441898845134,0.483627300784345,-3.22883825668932e-05,0.263512998480041,1.09890011766759,0.000295545968091635,0.00029916293548093
0.670999999999981,1.79837833657484,0.00162166328530592,0.483219721138213,-3.24332685031695e-05,0.262607148554121,1.09881794049701,0.000296206502929278,0.000299835125353477
0.671499999999981,1.79837107644052,0.00162892341966761,0.482812178297872,-3.25784711895857e-05,0.261701339206554,1.09873574135031,0.00029686699513166,0.000300507287719448
0.671999999999981,1.79836380047118,0.00163619938905374,0.482404672261345,-3.27239905764942e-05,0.260795570434709,1.09865352022644,0.000297527444705237,0.000301179422582002
0.672499999999981,1.79835650866929,0.00164349119098225,0.481997203026656,-3.28698266142471e-05,0.259889842235963,1.09857127712434,0.000298187851656464,0.000301851529944298
0.672999999999981,1.79834920103734,0.00165079882297176,0.481589770591836,-3.30159792532245e-05,0.258984154607692,1.09848901204295,0.000298848215991792,0.000302523609809496
0.673499999999981,1.79834187757781,0.0016581222825415,0.481182374954918,-3.316244844382e-05,0.258078507547279,1.0984067249812,0.000299508537717674,0.000303195662180753
0.673999999999981,1.79833453829318,0.00166546156721134,0.480775016113937,-3.33092341364e-05,0.257172901052108,1.09832441593805,0.000300168816840558,0.000303867687061225
0.674499999999981,1.79832718318593,0.0016728166745018,0.480367694066932,-3.34563362813928e-05,0.256267335119568,1.09824208491241,0.000300829053366896,0.000304539684454071
0.674999999999981,1.79831981225854,0.00168018760193401,0.479960408811946,-3.36037548292339e-05,0.255361809747049,1.09815973190321,0.000301489247303135,0.000305211654362446
0.675499999999981,1.79831242551348,0.00168757434702977,0.479553160347025,-3.37514897303243e-05,0.254456324931948,1.09807735690939,0.000302149398655721,0.000305883596789506
0.675999999999981,1.79830502295324,0.0016949769073115,0.479145948670217,-3.38995409351478e-05,0.253550880671659,1.09799495992986,0.000302809507431101,0.000306555511738406
0.676499999999981,1.79829760458029,0.00170239528030225,0.478738773779575,-3.40479083941539e-05,0.252645476963587,1.09791254096356,0.000303469573635719,0.0003072273992123
0.676999999999981,1.79829017039711,0.00170982946352572,0.478331635673155,-3.41965920578197e-05,0.251740113805135,1.09783010000939,0.000304129597276018,0.000307899259214344
0.677499999999981,1.79828272040617,0.00171727945450624,0.477924534349014,-3.43455918766153e-05,0.25083479119371,1.09774763706627,0.000304789578358441,0.00030857109174769
0.677999999999981,1.79827525460995,0.00172474525076877,0.477517469805215,-3.44949078010526e-05,0.249929509126724,1.09766515213312,0.000305449516889429,0.000309242896815491
0.67849999999998,1.79826777301092,0.00173222684983891,0.477110442039824,-3.46445397816364e-05,0.249024267601592,1.09758264520885,0.000306109412875421,0.000309914674420899
0.67899999999998,1.79826027561155,0.0017397242492429,0.476703451050909,-3.47944877689133e-05,0.248119066615732,1.09750011629236,0.000306769266322858,0.000310586424567067
0.67949999999998,1.79825276241433,0.00174723744650761,0.476296496836541,-3.49447517134088e-05,0.247213906166563,1.09741756538256,0.000307429077238175,0.000311258147257146
0.67999999999998,1.79824523342172,0.00175476643916056,0.475889579394796,-3.50953315656419e-05,0.246308786251512,1.09733499247836,0.00030808884562781,0.000311929842494287
0.68049999999998,1.79823768863619,0.00176231122472988,0.475482698723753,-3.52462272762213e-05,0.245403706868005,1.09725239757864,0.000308748571498199,0.00031260151028164
0.68099999999998,1.79823012806022,0.00176987180074434,0.475075854821492,-3.53974387957007e-05,0.244498668013473,1.09716978068231,0.000309408254855775,0.000313273150622355
0.68149999999998,1.79822255169627,0.00177744816473336,0.474669047686099,-3.5548966074668e-05,0.243593669685351,1.09708714178826,0.000310067895706971,0.00031394476351958
0.68199999999998,1.79821495954681,0.00178504031422698,0.474262277315663,-3.57008090637254e-05,0.242688711881076,1.09700448089538,0.000310727494058219,0.000314616348976464
0.68249999999998,1.79820735161433,0.00179264824675589,0.473855543708273,-3.58529677135025e-05,0.24178379459809,1.09692179800257,0.000311387049915951,0.000315287906996157
0.68299999999998,1.79819972790127,0.00180027195985139,0.473448846862027,-3.60054419746014e-05,0.240878917833837,1.0968390931087,0.000312046563286596,0.000315959437581804
0.68349999999998,1.79819208841012,0.00180791145104544,0.47304218677502,-3.61582317976658e-05,0.239974081585764,1.09675636621265,0.000312706034176582,0.000316630940736554
0.68399999999998,1.79818443314333,0.00181556671787061,0.472635563445356,-3.6311337133367e-05,0.239069285851322,1.09667361731332,0.000313365462592336,0.000317302416463552
0.68449999999998,1.79817676210338,0.00182323775786012,0.472228976871138,-3.64647579323418e-05,0.238164530627966,1.09659084640957,0.000314024848540286,0.000317973864765944
0.68499999999998,1.79816907529274,0.00183092456854781,0.471822427050474,-3.66184941452824e-05,0.237259815913153,1.09650805350029,0.000314684192026855,0.000318645285646876
0.68549999999998,1.79816137271386,0.00183862714746817,0.471415913981476,-3.6772545722881e-05,0.236355141704345,1.09642523858433,0.000315343493058468,0.000319316679109493
0.68599999999998,1.79815365436921,0.00184634549215631,0.471009437662258,-3.69269126158367e-05,0.235450507999005,1.09634240166057,0.000316002751641547,0.000319988045156939
0.68649999999998,1.79814592026126,0.00185407960014797,0.470602998090938,-3.70815947748696e-05,0.234545914794601,1.09625954272788,0.000316661967782515,0.000320659383792357
0.68699999999998,1.79813817039247,0.00186182946897954,0.470196595265637,-3.72365921506787e-05,0.233641362088604,1.09617666178512,0.000317321141487791,0.000321330695018891
0.687499999999979,1.7981304047653,0.00186959509618802,0.469790229184479,-3.73919046940396e-05,0.232736849878488,1.09609375883115,0.000317980272763795,0.000322001978839684
0.687999999999979,1.79812262338222,0.00187737647931105,0.469383899845594,-3.75475323556862e-05,0.231832378161731,1.09601083386483,0.000318639361616945,0.000322673235257877
0.688499999999979,1.79811482624568,0.00188517361588692,0.46897760724711,-3.77034750863939e-05,0.230927946935814,1.09592788688501,0.000319298408053658,0.000323344464276612
0.688999999999979,1.79810701335815,0.00189298650345452,0.468571351387162,-3.78597328369382e-05,0.230023556198221,1.09584491789054,0.000319957412080351,0.000324015665899031
0.689499999999979,1.7980991847221,0.0019008151395534,0.468165132263889,-3.80163055581084e-05,0.22911920594644,1.09576192688028,0.000320616373703437,0.000324686840128272
0.689999999999979,1.79809134033996,0.00190865952172373,0.467758949875431,-3.8173193200701e-05,0.228214896177962,1.09567891385307,0.000321275292929331,0.000325357986967478
0.690499999999979,1.79808348021422,0.0019165196475063,0.467352804219932,-3.83303957155468e-05,0.227310626890281,1.09559587880775,0.000321934169764444,0.000326029106419786
0.690999999999979,1.79807560434733,0.00192439551444254,0.46694669529554,-3.84879130534629e-05,0.226406398080894,1.09551282174316,0.000322593004215189,0.000326700198488337
0.691499999999979,1.79806771274174,0.00193228712007452,0.466540623100405,-3.86457451652944e-05,0.225502209747304,1.09542974265815,0.000323251796287976,0.000327371263176267
0.691999999999979,1.79805980539991,0.00194019446194494,0.466134587632683,-3.8803892001886e-05,0.224598061887014,1.09534664155154,0.000323910545989213,0.000328042300486715
0.692499999999979,1.79805188232429,0.00194811753759711,0.46572858889053,-3.89623535141173e-05,0.223693954497532,1.09526351842217,0.000324569253325309,0.000328713310422818
0.692999999999979,1.79804394351736,0.00195605634457498,0.465322626872107,-3.91211296528679e-05,0.222789887576369,1.09518037326888,0.000325227918302671,0.000329384292987713
0.693499999999979,1.79803598898155,0.00196401088042315,0.464916701575579,-3.92802203690312e-05,0.221885861121039,1.09509720609047,0.000325886540927703,0.000330055248184536
0.693999999999979,1.79802801871932,0.00197198114268683,0.464510812999112,-3.94396256134938e-05,0.220981875129061,1.09501401688579,0.000326545121206811,0.000330726176016423
0.694499999999979,1.79802003273314,0.00197996712891185,0.464104961140877,-3.95993453371837e-05,0.220077929597955,1.09493080565365,0.000327203659146398,0.000331397076486507
0.694999999999979,1.79801203102545,0.00198796883664469,0.463699145999049,-3.97593794910361e-05,0.219174024525247,1.09484757239287,0.000327862154752866,0.000332067949597925
0.695499999999979,1.7980040135987,0.00199598626343246,0.463293367571805,-3.99197280259722e-05,0.218270159908463,1.09476431710226,0.000328520608032617,0.00033273879535381
0.695999999999979,1.79799598045535,0.00200401940682288,0.462887625857326,-4.00803908929687e-05,0.217366335745136,1.09468103978064,0.000329179018992051,0.000333409613757295
0.696499999999978,1.79798793159785,0.00201206826436431,0.462481920853795,-4.02413680430022e-05,0.216462552032799,1.09459774042682,0.000329837387637565,0.000334080404811513
0.696999999999978,1.79797986702865,0.00202013283360575,0.462076252559401,-4.04026594270149e-05,0.215558808768991,1.0945144190396,0.000330495713975559,0.000334751168519597
0.697499999999978,1.7979717867502,0.00202821311209681,0.461670620972333,-4.05642649960319e-05,0.214655105951254,1.09443107561779,0.000331153998012429,0.000335421904884679
0.697999999999978,1.79796369076495,0.00203630909738773,0.461265026090786,-4.07261847010371e-05,0.213751443577131,1.09434771016019,0.00033181223975457,0.000336092613909889
0.698499999999978,1.79795557907535,0.0020444207870294,0.460859467912958,-4.08884184930694e-05,0.212847821644172,1.09426432266559,0.000332470439208376,0.000336763295598358
0.698999999999978,1.79794745168384,0.00205254817857331,0.460453946437048,-4.10509663231265e-05,0.211944240149927,1.0941809131328,0.000333128596380241,0.000337433949953217
0.699499999999978,1.79793930859288,0.00206069126957159,0.460048461661261,-4.12138281422961e-05,0.211040699091951,1.0940974815606,0.000333786711276557,0.000338104576977595
0.699999999999978,1.79793114980492,0.00206885005757701,0.459643013583805,-4.13770039015965e-05,0.210137198467803,1.0940140279478,0.000334444783903715,0.000338775176674622
0.700499999999978,1.7979229753224,0.00207702454014294,0.459237602202889,-4.15404935521085e-05,0.209233738275045,1.09393055229316,0.000335102814268105,0.000339445749047425
0.700999999999978,1.79791478514776,0.0020852147148234,0.458832227516729,-4.17042970449061e-05,0.208330318511241,1.09384705459548,0.000335760802376115,0.000340116294099133
0.701499999999978,1.79790657928344,0.00209342057917302,0.458426889523541,-4.18684143310977e-05,0.207426939173959,1.09376353485354,0.000336418748234134,0.000340786811832873
0.701999999999978,1.79789835773191,0.00210164213074709,0.458021588221547,-4.20328453617572e-05,0.206523600260772,1.09367999306611,0.000337076651848547,0.000341457302251773
0.702499999999978,1.7978901204956,0.00210987936710148,0.45761632360897,-4.21975900880556e-05,0.205620301769254,1.09359642923198,0.000337734513225739,0.000342127765358958
0.702999999999978,1.79788186757695,0.00211813228579272,0.457211095684038,-4.23626484610598e-05,0.204717043696985,1.09351284334992,0.000338392332372096,0.000342798201157555
0.703499999999978,1.7978735989784,0.00212640088437796,0.456805904444981,-4.25280204319617e-05,0.203813826041546,1.09342923541869,0.000339050109294,0.000343468609650688
0.703999999999978,1.79786531470241,0.00213468516041496,0.456400749890035,-4.26937059518975e-05,0.202910648800523,1.09334560543706,0.000339707843997834,0.000344138990841482
0.704499999999978,1.7978570147514,0.00214298511146213,0.455995632017435,-4.28597049720245e-05,0.202007511971503,1.0932619534038,0.000340365536489977,0.000344809344733063
0.704999999999978,1.79784869912782,0.00215130073507849,0.455590550825424,-4.30260174435482e-05,0.201104415552079,1.09317827931767,0.000341023186776811,0.000345479671328553
0.705499999999977,1.79784036783412,0.0021596320288237,0.455185506312246,-4.31926433176466e-05,0.200201359539848,1.09309458317742,0.000341680794864712,0.000346149970631075
0.705999999999977,1.79783202087272,0.00216797899025802,0.454780498476147,-4.33595825455185e-05,0.199298343932407,1.09301086498182,0.00034233836076006,0.000346820242643753
0.706499999999977,1.79782365824608,0.00217634161694236,0.454375527315379,-4.35268350784043e-05,0.198395368727358,1.09292712472961,0.00034299588446923,0.000347490487369708
0.706999999999977,1.79781527995662,0.00218471990643824,0.453970592828196,-4.36944008675166e-05,0.197492433922309,1.09284336241955,0.000343653365998597,0.00034816070481206
0.707499999999977,1.7978068860068,0.00219311385630782,0.453565695012856,-4.38622798641097e-05,0.196589539514868,1.09275957805038,0.000344310805354536,0.000348830894973933
0.707999999999977,1.79779847639903,0.00220152346411387,0.45316083386762,-4.40304720194101e-05,0.195686685502647,1.09267577162084,0.00034496820254342,0.000349501057858446
0.708499999999977,1.79779005113576,0.0022099487274198,0.452756009390753,-4.41989772847276e-05,0.194783871883262,1.09259194312969,0.000345625557571621,0.000350171193468719
0.708999999999977,1.79778161021943,0.00221838964378962,0.452351221580521,-4.43677956113164e-05,0.193881098654333,1.09250809257564,0.000346282870445508,0.000350841301807871
0.709499999999977,1.79777315365248,0.00222684621078798,0.451946470435197,-4.45369269504794e-05,0.192978365813482,1.09242421995745,0.000346940141171453,0.000351511382879022
0.709999999999977,1.79776468143732,0.00223531842598017,0.451541755953054,-4.47063712535126e-05,0.192075673358336,1.09234032527385,0.000347597369755824,0.000352181436685288
0.710499999999977,1.79775619357641,0.00224380628693207,0.451137078132371,-4.48761284717394e-05,0.191173021286525,1.09225640852356,0.000348254556204987,0.000352851463229789
0.710999999999977,1.79774769007217,0.00225230979121021,0.450732436971428,-4.50461985564976e-05,0.19027040959568,1.09217246970531,0.00034891170052531,0.000353521462515641
0.711499999999977,1.79773917092704,0.00226082893638173,0.450327832468511,-4.52165814591246e-05,0.189367838283438,1.09208850881782,0.000349568802723158,0.000354191434545962
0.711999999999977,1.79773063614345,0.0022693637200144,0.449923264621908,-4.53872771309788e-05,0.18846530734744,1.09200452585982,0.000350225862804894,0.000354861379323865
0.712499999999977,1.79772208572383,0.00227791413967661,0.449518733429909,-4.55582855234185e-05,0.187562816785329,1.09192052083002,0.000350882880776882,0.000355531296852469
0.712999999999977,1.79771351967061,0.00228648019293738,0.44911423889081,-4.57296065878229e-05,0.186660366594751,1.09183649372714,0.000351539856645483,0.000356201187134888
0.713499999999977,1.79770493798622,0.00229506187736633,0.448709781002908,-4.59012402756059e-05,0.185757956773357,1.09175244454989,0.000352196790417059,0.000356871050174236
0.713999999999977,1.79769634067309,0.00230365919053372,0.448305359764506,-4.60731865381397e-05,0.184855587318799,1.09166837329699,0.000352853682097968,0.000357540885973626
0.714499999999976,1.79768772773366,0.00231227213001045,0.447900975173908,-4.6245445326866e-05,0.183953258228736,1.09158427996713,0.00035351053169457,0.000358210694536174
0.714999999999976,1.79767909917034,0.00232090069336802,0.447496627229423,-4.64180165932054e-05,0.183050969500826,1.09150016455902,0.000354167339213222,0.00035888047586499
0.715499999999976,1.79767045498557,0.00232954487817854,0.447092315929362,-4.65909002886136e-05,0.182148721132735,1.09141602707137,0.00035482410466028,0.000359550229963188
0.715999999999976,1.79766179518177,0.00233820468201476,0.44668804127204,-4.67640963645391e-05,0.181246513122129,1.09133186750286,0.000355480828042099,0.00036021995683388
0.716499999999976,1.79765311976138,0.00234688010245007,0.446283803255776,-4.69376047724304e-05,0.180344345466679,1.0912476858522,0.000356137509365034,0.000360889656480177
0.716999999999976,1.79764442872681,0.00235557113705844,0.445879601878892,-4.71114254637986e-05,0.179442218164059,1.09116348211808,0.000356794148635437,0.000361559328905189
0.717499999999976,1.79763572208049,0.00236427778341449,0.445475437139713,-4.72855583901199e-05,0.178540131211947,1.09107925629918,0.000357450745859661,0.000362228974112027
0.717999999999976,1.79762699982486,0.00237300003909346,0.445071309036567,-4.74600035028916e-05,0.177638084608023,1.0909950083942,0.000358107301044055,0.000362898592103801
0.718499999999976,1.79761826196232,0.00238173790167118,0.444667217567788,-4.76347607536454e-05,0.176736078349974,1.09091073840181,0.000358763814194971,0.000363568182883618
0.718999999999976,1.7976095084953,0.00239049136872416,0.44426316273171,-4.78098300938923e-05,0.175834112435484,1.09082644632069,0.000359420285318756,0.000364237746454588
0.719499999999976,1.79760073942624,0.00239926043782946,0.443859144526672,-4.79852114751989e-05,0.174932186862248,1.09074213214953,0.000360076714421758,0.00036490728281982
0.719999999999976,1.79759195475755,0.00240804510656482,0.443455162951016,-4.8160904849083e-05,0.174030301627958,1.090657795887,0.000360733101510323,0.00036557679198242
0.720499999999976,1.79758315449164,0.00241684537250857,0.443051218003088,-4.83369101671738e-05,0.173128456730313,1.09057343753177,0.000361389446590796,0.000366246273945495
0.720999999999976,1.79757433863095,0.00242566123323967,0.442647309681238,-4.85132273809891e-05,0.172226652167016,1.0904890570825,0.000362045749669522,0.000366915728712151
0.721499999999976,1.79756550717789,0.00243449268633768,0.442243437983818,-4.8689856442137e-05,0.171324887935771,1.09040465453787,0.000362702010752843,0.000367585156285497
0.721999999999976,1.79755666013489,0.00244333972938282,0.441839602909183,-4.88667973022397e-05,0.170423164034287,1.09032022989654,0.000363358229847102,0.000368254556668635
0.722499999999976,1.79754779750436,0.00245220235995589,0.441435804455694,-4.90440499128983e-05,0.169521480460276,1.09023578315716,0.000364014406958639,0.00036892392986467
0.722999999999976,1.79753891928871,0.00246108057563833,0.441032042621712,-4.92216142257348e-05,0.168619837211452,1.0901513143184,0.000364670542093794,0.000369593275876708
0.723499999999975,1.79753002549038,0.00246997437401219,0.440628317405605,-4.9399490192413e-05,0.167718234285537,1.09006682337891,0.000365326635258907,0.000370262594707851
0.723999999999975,1.79752111611177,0.00247888375266015,0.440224628805741,-4.95776777645687e-05,0.166816671680251,1.08998231033733,0.000365982686460313,0.000370931886361203
0.724499999999975,1.79751219115531,0.00248780870916549,0.439820976820494,-4.97561768938726e-05,0.16591514939332,1.08989777519232,0.00036663869570435,0.000371601150839867
0.724999999999975,1.7975032506234,0.00249674924111214,0.439417361448241,-4.99349875319952e-05,0.165013667422474,1.08981321794252,0.000367294662997353,0.000372270388146944
0.725499999999975,1.79749429451847,0.00250570534608461,0.43901378268736,-5.01141096306418e-05,0.164112225765446,1.08972863858658,0.000367950588345657,0.000372939598285537
0.725999999999975,1.79748532284293,0.00251467702166805,0.438610240536237,-5.02935431415039e-05,0.163210824419973,1.08964403712313,0.000368606471755594,0.000373608781258745
0.726499999999975,1.79747633559918,0.00252366426544824,0.438206734993256,-5.04732880163006e-05,0.162309463383793,1.08955941355081,0.000369262313233496,0.000374277937069671
0.726999999999975,1.79746733278966,0.00253266707501154,0.437803266056808,-5.0653344206765e-05,0.16140814265465,1.08947476786825,0.000369918112785695,0.000374947065721413
0.727499999999975,1.79745831441677,0.00254168544794498,0.437399833725288,-5.08337116646371e-05,0.160506862230291,1.08939010007409,0.00037057387041852,0.000375616167217071
0.727999999999975,1.79744928048292,0.00255071938183616,0.436996437997092,-5.10143903416568e-05,0.159605622108466,1.08930541016695,0.0003712295861383,0.000376285241559745
0.728499999999975,1.79744023099052,0.00255976887427331,0.43659307887062,-5.1195380189592e-05,0.158704422286928,1.08922069814545,0.000371885259951363,0.000376954288752531
0.728999999999975,1.79743116594199,0.0025688339228453,0.436189756344277,-5.13766811602243e-05,0.157803262763435,1.08913596400822,0.000372540891864035,0.000377623308798528
0.729499999999975,1.79742208533973,0.00257791452514159,0.435786470416469,-5.15582932053421e-05,0.156902143535748,1.08905120775388,0.000373196481882642,0.000378292301700834
0.729999999999975,1.79741298918616,0.00258701067875227,0.435383221085608,-5.17402162767688e-05,0.15600106460163,1.08896642938103,0.000373852030013509,0.000378961267462545
0.730499999999975,1.79740387748369,0.00259612238126805,0.434980008350108,-5.19224503262791e-05,0.155100025958849,1.0888816288883,0.000374507536262957,0.000379630206086757
0.730999999999975,1.79739475023471,0.00260524963028024,0.434576832208386,-5.21049953057171e-05,0.154199027605176,1.0887968062743,0.00037516300063731,0.000380299117576566
0.731499999999975,1.79738560744165,0.00261439242338077,0.434173692658865,-5.22878511669267e-05,0.153298069538386,1.08871196153762,0.000375818423142889,0.000380968001935066
0.731999999999975,1.79737644910691,0.00262355075816222,0.433770589699967,-5.24710178617452e-05,0.152397151756257,1.08862709467688,0.000376473803786013,0.000381636859165353
0.732499999999975,1.7973672752329,0.00263272463221774,0.433367523330121,-5.26544953420582e-05,0.15149627425657,1.08854220569068,0.000377129142573003,0.000382305689270521
0.732999999999974,1.79735808582201,0.00264191404314111,0.43296449354776,-5.28382835597169e-05,0.15059543703711,1.0884572945776,0.000377784439510175,0.000382974492253663
0.733499999999974,1.79734888087667,0.00265111898852674,0.432561500351318,-5.30223824666345e-05,0.149694640095667,1.08837236133626,0.000378439694603846,0.000383643268117872
0.733999999999974,1.79733966039927,0.00266033946596965,0.432158543739232,-5.320679201469e-05,0.148793883430031,1.08828740596523,0.000379094907860332,0.00038431201686624
0.734499999999974,1.79733042439221,0.00266957547306546,0.431755623709945,-5.33915121558037e-05,0.147893167037999,1.08820242846311,0.000379750079285947,0.00038498073850186
0.734999999999974,1.79732117285791,0.00267882700741042,0.431352740261903,-5.35765428418961e-05,0.146992490917369,1.08811742882848,0.000380405208887006,0.000385649433027822
0.735499999999974,1.79731190579875,0.00268809406660139,0.430949893393554,-5.37618840249221e-05,0.146091855065944,1.08803240705993,0.000381060296669819,0.000386318100447218
0.735999999999974,1.79730262321716,0.00269737664823584,0.43054708310335,-5.39475356568023e-05,0.145191259481531,1.08794736315604,0.0003817153426407,0.000386986740763138
0.736499999999974,1.79729332511552,0.00270667474991188,0.430144309389748,-5.41334976895264e-05,0.144290704161938,1.08786229711538,0.000382370346805957,0.000387655353978671
0.736999999999974,1.79728401149625,0.0027159883692282,0.429741572251206,-5.43197700750495e-05,0.143390189104979,1.08777720893652,0.000383025309171901,0.000388323940096907
0.737499999999974,1.79727468236173,0.00272531750378411,0.429338871686186,-5.45063527653614e-05,0.142489714308471,1.08769209861805,0.000383680229744838,0.000388992499120934
0.737999999999974,1.79726533771438,0.00273466215117957,0.428936207693156,-5.46932457124657e-05,0.141589279770233,1.08760696615852,0.000384335108531077,0.000389661031053841
0.738499999999974,1.79725597755658,0.00274402230901509,0.428533580270585,-5.48804488683732e-05,0.140688885488088,1.0875218115565,0.000384989945536922,0.000390329535898714
0.738999999999974,1.79724660189074,0.00275339797489187,0.428130989416945,-5.50679621851083e-05,0.139788531459866,1.08743663481055,0.00038564474076868,0.000390998013658642
0.739499999999974,1.79723721071926,0.00276278914641165,0.427728435130713,-5.52557856146954e-05,0.138888217683395,1.08735143591923,0.000386299494232653,0.000391666464336711
0.739999999999974,1.79722780404454,0.00277219582117684,0.42732591741037,-5.54439191091938e-05,0.13798794415651,1.0872662148811,0.000386954205935144,0.000392334887936007
0.740499999999974,1.79721838186897,0.00278161799679043,0.426923436254398,-5.56323626206765e-05,0.137087710877048,1.08718097169471,0.000387608875882454,0.000393003284459614
0.740999999999974,1.79720894419494,0.00279105567085603,0.426520991661286,-5.58211161011818e-05,0.136187517842852,1.08709570635861,0.000388263504080885,0.000393671653910618
0.741499999999974,1.79719949102486,0.00280050884097788,0.426118583629522,-5.60101795028176e-05,0.135287365051765,1.08701041887135,0.000388918090536735,0.000394339996292105
0.741999999999973,1.79719002236112,0.0028099775047608,0.425716212157602,-5.61995527776776e-05,0.134387252501636,1.08692510923147,0.000389572635256304,0.000395008311607156
0.742499999999973,1.79718053820611,0.00281946165981026,0.425313877244023,-5.63892358778559e-05,0.133487180190317,1.0868397774375,0.000390227138245887,0.000395676599858855
0.742999999999973,1.79717103856223,0.00282896130373231,0.424911578887285,-5.65792287555017e-05,0.132587148115664,1.086754423488,0.000390881599511782,0.000396344861050286
0.743499999999973,1.79716152343186,0.00283847643413363,0.424509317085893,-5.67695313627298e-05,0.131687156275534,1.08666904738148,0.000391536019060284,0.000397013095184531
0.743999999999973,1.79715199281742,0.00284800704862151,0.424107091838355,-5.69601436516895e-05,0.13078720466779,1.0865836491165,0.000392190396897685,0.000397681302264671
0.744499999999973,1.79714244672127,0.00285755314480385,0.423704903143183,-5.71510655745233e-05,0.129887293290298,1.08649822869156,0.00039284473303028,0.000398349482293788
0.744999999999973,1.79713288514583,0.00286711472028915,0.423302750998891,-5.73422970834361e-05,0.128987422140929,1.08641278610521,0.00039349902746436,0.000399017635274961
0.745499999999973,1.79712330809347,0.00287669177268654,0.422900635403998,-5.75338381305912e-05,0.128087591217554,1.08632732135595,0.000394153280206216,0.000399685761211272
0.745999999999973,1.79711371556659,0.00288628429960575,0.422498556357025,-5.77256886681657e-05,0.12718780051805,1.08624183444232,0.000394807491262138,0.0004003538601058
0.746499999999973,1.79710410756758,0.00289589229865713,0.422096513856499,-5.79178486483922e-05,0.126288050040299,1.08615632536282,0.000395461660638414,0.000401021931961623
0.746999999999973,1.79709448409883,0.00290551576745164,0.421694507900947,-5.81103180234826e-05,0.125388339782182,1.08607079411598,0.000396115788341332,0.000401689976781821
0.747499999999973,1.79708484516272,0.00291515470360083,0.421292538488903,-5.83030967456696e-05,0.124488669741587,1.08598524070029,0.000396769874377179,0.000402357994569471
0.747999999999973,1.79707519076164,0.00292480910471689,0.420890605618902,-5.84961847671858e-05,0.123589039916406,1.08589966511428,0.000397423918752239,0.00040302598532765
0.748499999999973,1.79706552089799,0.0029344789684126,0.420488709289485,-5.86895820403124e-05,0.122689450304532,1.08581406735643,0.000398077921472798,0.000403693949059436
0.748999999999973,1.79705583557414,0.00294416429230135,0.420086849499193,-5.88832885172752e-05,0.121789900903863,1.08572844742527,0.000398731882545138,0.000404361885767905
0.749499999999973,1.79704613479248,0.00295386507399717,0.419685026246573,-5.907730415039e-05,0.120890391712301,1.08564280531927,0.000399385801975541,0.000405029795456133
0.749999999999973,1.7970364185554,0.00296358131111465,0.419283239530175,-5.92716288919451e-05,0.11999092272775,1.08555714103694,0.00040003967977029,0.000405697678127195
0.750499999999973,1.79702668686529,0.00297331300126903,0.418881489348554,-5.94662626942286e-05,0.11909149394812,1.08547145457677,0.000400693515935663,0.000406365533784165
0.750999999999972,1.79701693972452,0.00298306014207615,0.418479775700265,-5.96612055095772e-05,0.118192105371323,1.08538574593725,0.00040134731047794,0.000407033362430118
0.751499999999972,1.79700717713548,0.00299282273115245,0.41807809858387,-5.98564572903068e-05,0.117292756995273,1.08530001511686,0.000402001063403399,0.000407701164068128
0.751999999999972,1.79699739910056,0.00300260076611498,0.417676457997932,-6.00520179887543e-05,0.11639344881789,1.08521426211409,0.000402654774718316,0.000408368938701269
0.752499999999972,1.79698760562214,0.00301239424458141,0.417274853941019,-6.0247887557284e-05,0.115494180837098,1.08512848692742,0.000403308444428968,0.000409036686332611
0.752999999999972,1.79697779670259,0.00302220316417,0.416873286411702,-6.04440659482466e-05,0.114594953050822,1.08504268955532,0.000403962072541629,0.000409704406965228
0.753499999999972,1.7969679723443,0.00303202752249965,0.416471755408556,-6.06405531140414e-05,0.113695765456993,1.08495686999627,0.000404615659062572,0.000410372100602191
0.753999999999972,1.79695813254965,0.00304186731718984,0.41607026093016,-6.08373490070466e-05,0.112796618053543,1.08487102824873,0.000405269203998071,0.000411039767246571
0.754499999999972,1.79694827732102,0.00305172254586065,0.415668802975094,-6.10344535796614e-05,0.111897510838411,1.08478516431118,0.000405922707354397,0.000411707406901438
0.754999999999972,1.79693840666078,0.00306159320613282,0.415267381541944,-6.12318667843129e-05,0.110998443809536,1.08469927818209,0.000406576169137821,0.000412375019569863
0.755499999999972,1.79692852057133,0.00307147929562763,0.4148659966293,-6.1429588573407e-05,0.110099416964863,1.0846133698599,0.000407229589354611,0.000413042605254915
0.755999999999972,1.79691861905503,0.00308138081196703,0.414464648235752,-6.16276188993847e-05,0.109200430302341,1.08452743934308,0.000407882968011036,0.000413710163959663
0.756499999999972,1.79690870211426,0.00309129775277352,0.414063336359898,-6.18259577147215e-05,0.108301483819919,1.08444148663009,0.000408536305113364,0.000414377695687174
0.756999999999972,1.79689876975141,0.00310123011567025,0.413662061000336,-6.20246049718651e-05,0.107402577515554,1.08435551171937,0.00040918960066786,0.000415045200440519
0.757499999999972,1.79688882196884,0.00311117789828097,0.41326082215567,-6.22235606232702e-05,0.106503711387203,1.08426951460938,0.00040984285468079,0.000415712678222762
0.757999999999972,1.79687885876893,0.00312114109823002,0.412859619824505,-6.24228246214609e-05,0.10560488543283,1.08418349529857,0.000410496067158418,0.000416380129036971
0.758499999999972,1.79686888015406,0.00313111971314236,0.412458454005453,-6.26223969189127e-05,0.1047060996504,1.08409745378536,0.000411149238107007,0.000417047552886212
0.758999999999972,1.79685888612659,0.00314111374064356,0.412057324697127,-6.28222774681358e-05,0.103807354037882,1.08401139006821,0.000411802367532818,0.000417714949773551
0.759499999999972,1.79684887668892,0.00315112317835977,0.411656231898144,-6.30224662216475e-05,0.10290864859325,1.08392530414556,0.000412455455442114,0.000418382319702053
0.759999999999971,1.7968388518434,0.0031611480239178,0.411255175607124,-6.32229631320202e-05,0.102009983314479,1.08383919601582,0.000413108501841153,0.000419049662674783
0.760499999999971,1.79682881159241,0.00317118827494499,0.410854155822693,-6.34237681517574e-05,0.10111135819955,1.08375306567745,0.000413761506736195,0.000419716978694805
0.760999999999971,1.79681875593833,0.00318124392906937,0.410453172543477,-6.36248812334594e-05,0.100212773246448,1.08366691312885,0.000414414470133497,0.000420384267765181
0.761499999999971,1.79680868488352,0.0031913149839195,0.410052225768108,-6.38263023296573e-05,0.0993142284531581,1.08358073836846,0.000415067392039315,0.000421051529888977
0.761999999999971,1.79679859843035,0.00320140143712461,0.409651315495222,-6.40280313929514e-05,0.098415723817673,1.0834945413947,0.000415720272459906,0.000421718765069252
0.762499999999971,1.7967884965812,0.00321150328631448,0.409250441723456,-6.42300683759561e-05,0.0975172593379867,1.08340832220598,0.000416373111401524,0.000422385973309071
0.762999999999971,1.79677837933844,0.00322162052911955,0.408849604451454,-6.44324132312649e-05,0.0966188350120977,1.08332208080073,0.000417025908870423,0.000423053154611493
0.763499999999971,1.79676824670443,0.0032317531631708,0.40844880367786,-6.46350659114919e-05,0.0957204508380071,1.08323581717735,0.000417678664872855,0.000423720308979581
0.763999999999971,1.79675809868154,0.00324190118609988,0.408048039401324,-6.48380263692724e-05,0.0948221068137215,1.08314953133424,0.000418331379415071,0.000424387436416394
0.764499999999971,1.79674793527214,0.00325206459553901,0.407647311620499,-6.50412945572484e-05,0.0939238029372491,1.08306322326983,0.000418984052503323,0.000425054536924992
0.764999999999971,1.7967377564786,0.00326224338912101,0.40724662033404,-6.52448704280897e-05,0.0930255392066025,1.0829768929825,0.000419636684143858,0.000425721610508435
0.765499999999971,1.79672756230328,0.00327243756447932,0.406845965540608,-6.54487539344661e-05,0.0921273156197985,1.08289054047066,0.000420289274342926,0.000426388657169781
0.765999999999971,1.79671735274855,0.00328264711924799,0.406445347238868,-6.56529450290405e-05,0.091229132174857,1.08280416573271,0.000420941823106773,0.000427055676912088
0.766499999999971,1.79670712781677,0.00329287205106164,0.406044765427485,-6.58574436645173e-05,0.0903309888698018,1.08271776876703,0.000421594330441646,0.000427722669738414
0.766999999999971,1.79669688751032,0.00330311235755554,0.40564422010513,-6.60622497936011e-05,0.0894328857026589,1.08263134957202,0.000422246796353789,0.000428389635651818
0.767499999999971,1.79668663183155,0.00331336803636554,0.405243711270478,-6.62673633690034e-05,0.0885348226714602,1.08254490814606,0.000422899220849448,0.000429056574655354
0.767999999999971,1.79667636078283,0.00332363908512807,0.404843238922207,-6.64727843434493e-05,0.0876367997742398,1.08245844448754,0.000423551603934865,0.000429723486752079
0.768499999999971,1.79666607436652,0.00333392550148021,0.404442803058998,-6.66785126697059e-05,0.0867388170090358,1.08237195859484,0.000424203945616281,0.000430390371945048
0.76899999999997,1.79665577258498,0.00334422728305962,0.404042403679537,-6.68845483004915e-05,0.0858408743738902,1.08228545046634,0.000424856245899939,0.000431057230237317
0.76949999999997,1.79664545544057,0.00335454442750456,0.403642040782511,-6.7090891188594e-05,0.0849429718668481,1.0821989201004,0.000425508504792076,0.00043172406163194
0.76999999999997,1.79663512293566,0.0033648769324539,0.403241714366613,-6.72975412867871e-05,0.0840451094859579,1.0821123674954,0.000426160722298934,0.000432390866131972
0.77049999999997,1.79662477507261,0.0033752247955471,0.40284142443054,-6.75044985478448e-05,0.0831472872292734,1.08202579264972,0.000426812898426748,0.000433057643740465
0.77099999999997,1.79661441185377,0.00338558801442425,0.402441170972989,-6.77117629245896e-05,0.0822495050948496,1.0819391955617,0.000427465033181756,0.000433724394460473
0.77149999999997,1.79660403328151,0.00339596658672601,0.402040953992666,-6.79193343698301e-05,0.0813517630807478,1.08185257622972,0.000428117126570194,0.000434391118295047
0.77199999999997,1.79659363935818,0.00340636051009366,0.401640773488276,-6.81272128363816e-05,0.0804540611850306,1.08176593465213,0.000428769178598296,0.000435057815247241
0.77249999999997,1.79658323008615,0.00341676978216908,0.401240629458529,-6.83353982771084e-05,0.0795563994057653,1.08167927082729,0.000429421189272296,0.000435724485320104
0.77299999999997,1.79657280546776,0.00342719440059476,0.40084052190214,-6.85438906448121e-05,0.078658777741023,1.08159258475355,0.000430073158598426,0.000436391128516688
0.77349999999997,1.79656236550538,0.00343763436301377,0.400440450817825,-6.87526898923985e-05,0.0777611961888782,1.08150587642926,0.000430725086582918,0.000437057744840044
0.77399999999997,1.79655191020136,0.00344808966706979,0.400040416204307,-6.89617959727315e-05,0.0768636547474091,1.08141914585276,0.000431376973232003,0.000437724334293219
0.77449999999997,1.79654143955807,0.00345856031040713,0.399640418060309,-6.91712088386823e-05,0.0759661534146973,1.0813323930224,0.000432028818551908,0.000438390896879266
0.77499999999997,1.79653095357784,0.00346904629067066,0.399240456384561,-6.93809284431496e-05,0.0750686921888288,1.08124561793652,0.000432680622548865,0.00043905743260123
0.77549999999997,1.79652045226305,0.00347954760550587,0.398840531175793,-6.9590954739053e-05,0.0741712710678919,1.08115882059345,0.000433332385229098,0.000439723941462162
0.77599999999997,1.79650993561603,0.00349006425255884,0.398440642432742,-6.98012876793191e-05,0.0732738900499803,1.08107200099153,0.000433984106598836,0.000440390423465108
0.77649999999997,1.79649940363916,0.00350059622947628,0.398040790154148,-7.00119272168814e-05,0.0723765491331902,1.08098515912908,0.000434635786664302,0.000441056878613115
0.77699999999997,1.79648885633477,0.00351114353390546,0.397640974338751,-7.02228733046664e-05,0.0714792483156216,1.08089829500443,0.000435287425431721,0.00044172330690923
0.77749999999997,1.79647829370522,0.00352170616349428,0.3972411949853,-7.04341258956354e-05,0.0705819875953784,1.08081140861591,0.000435939022907318,0.0004423897083565
0.777999999999969,1.79646771575286,0.00353228411589123,0.396841452092544,-7.06456849427842e-05,0.0696847669705684,1.08072449996184,0.000436590579097312,0.000443056082957969
0.778499999999969,1.79645712248005,0.0035428773887454,0.396441745659237,-7.08575503990741e-05,0.0687875864393024,1.08063756904053,0.000437242094007926,0.000443722430716682
0.778999999999969,1.79644651388913,0.00355348597970648,0.396042075684136,-7.10697222175011e-05,0.067890445999695,1.0805506158503,0.00043789356764538,0.000444388751635685
0.779499999999969,1.79643588998245,0.00356410988642475,0.395642442166002,-7.1282200351061e-05,0.0669933456498658,1.08046364038945,0.000438545000015892,0.000445055045718019
0.779999999999969,1.79642525076236,0.00357474910655112,0.3952428451036,-7.14949847527985e-05,0.0660962853879355,1.0803766426563,0.000439196391125681,0.000445721312966731
0.780499999999969,1.79641459623121,0.00358540363773707,0.394843284495698,-7.17080753757232e-05,0.0651992652120313,1.08028962264915,0.000439847740980964,0.000446387553384861
0.780999999999969,1.79640392639136,0.00359607347763468,0.394443760341069,-7.19214721728798e-05,0.0643022851202827,1.0802025803663,0.000440499049587957,0.000447053766975453
0.781499999999969,1.79639324124513,0.00360675862389666,0.394044272638486,-7.21351750973265e-05,0.063405345110822,1.08011551580605,0.000441150316952874,0.000447719953741548
0.781999999999969,1.79638254079489,0.00361745907417626,0.393644821386731,-7.23491841021287e-05,0.0625084451817868,1.08002842896669,0.000441801543081929,0.000448386113686187
0.782499999999969,1.79637182504298,0.00362817482612738,0.393245406584585,-7.25634991403448e-05,0.0616115853313185,1.07994131984652,0.000442452727981336,0.00044905224681241
0.782999999999969,1.79636109399174,0.00363890587740452,0.392846028230835,-7.27781201650957e-05,0.0607147655575599,1.07985418844382,0.000443103871657306,0.00044971835312326
0.783499999999969,1.79635034764353,0.00364965222566275,0.392446686324271,-7.29930471294674e-05,0.0598179858586597,1.07976703475688,0.00044375497411605,0.000450384432621774
0.783999999999969,1.79633958600067,0.00366041386855773,0.392047380863688,-7.32082799865669e-05,0.0589212462327703,1.07967985878398,0.000444406035363777,0.000451050485310992
0.784499999999969,1.79632880906552,0.00367119080374577,0.391648111847882,-7.34238186895358e-05,0.0580245466780461,1.0795926605234,0.000445057055406696,0.000451716511193953
0.784999999999969,1.79631801684042,0.00368198302888372,0.391248879275654,-7.36396631914951e-05,0.0571278871926475,1.07950543997341,0.000445708034251016,0.000452382510273694
0.785499999999969,1.79630720932772,0.00369279054162907,0.390849683145809,-7.38558134456141e-05,0.056231267774736,1.07941819713229,0.000446358971902942,0.000453048482553254
0.785999999999969,1.79629638652975,0.00370361333963988,0.390450523457157,-7.40722694050344e-05,0.0553346884224794,1.07933093199831,0.00044700986836868,0.000453714428035668
0.786499999999969,1.79628554844885,0.00371445142057482,0.390051400208508,-7.42890310229463e-05,0.0544381491340468,1.07924364456972,0.000447660723654435,0.000454380346723975
0.786999999999969,1.79627469508737,0.00372530478209315,0.389652313398679,-7.45060982525123e-05,0.0535416499076129,1.0791563348448,0.000448311537766411,0.00045504623862121
0.787499999999968,1.79626382644765,0.00373617342185474,0.389253263026489,-7.47234710469502e-05,0.0526451907413554,1.0790690028218,0.000448962310710809,0.000455712103730407
0.787999999999968,1.79625294253203,0.00374705733752005,0.388854249090761,-7.49411493594504e-05,0.0517487716334556,1.07898164849898,0.000449613042493832,0.000456377942054602
0.788499999999968,1.79624204334284,0.00375795652675013,0.388455271590322,-7.51591331432655e-05,0.0508523925820988,1.0788942718746,0.00045026373312168,0.000457043753596829
0.788999999999968,1.79623112888242,0.00376887098720663,0.388056330524002,-7.53774223516065e-05,0.0499560535854734,1.07880687294689,0.000450914382600552,0.000457709538360123
0.789499999999968,1.79622019915312,0.0037798007165518,0.387657425890636,-7.55960169377123e-05,0.0490597546417724,1.07871945171411,0.000451564990936648,0.000458375296347516
0.789999999999968,1.79620925415726,0.00379074571244849,0.387258557689061,-7.58149168548425e-05,0.0481634957491916,1.0786320081745,0.000452215558136163,0.000459041027562042
0.790499999999968,1.79619829389719,0.00380170597256012,0.386859725918119,-7.60341220562913e-05,0.0472672769059318,1.0785445423263,0.000452866084205295,0.000459706732006733
0.790999999999968,1.79618731837524,0.00381268149455075,0.386460930576655,-7.62536324953045e-05,0.0463710981101961,1.07845705416775,0.00045351656915024,0.000460372409684619
0.791499999999968,1.79617632759374,0.003823672276085,0.386062171663518,-7.64734481251902e-05,0.0454749593601929,1.07836954369708,0.00045416701297719,0.000461038060598732
0.791999999999968,1.79616532155504,0.0038346783148281,0.38566344917756,-7.66935688992637e-05,0.0445788606541317,1.07828201091252,0.000454817415692341,0.000461703684752105
0.792499999999968,1.79615430026146,0.00384569960844587,0.385264763117638,-7.6913994770833e-05,0.0436828019902291,1.07819445581229,0.000455467777301883,0.000462369282147765
0.792999999999968,1.79614326371534,0.00385673615460472,0.384866113482611,-7.71347256932134e-05,0.0427867833667033,1.07810687839463,0.000456118097812009,0.000463034852788743
0.793499999999968,1.79613221191901,0.00386778795097168,0.384467500271344,-7.73557616197615e-05,0.0418908047817765,1.07801927865775,0.000456768377228909,0.000463700396678068
0.793999999999968,1.79612114487481,0.00387885499521435,0.384068923482703,-7.75771025038133e-05,0.0409948662336751,1.07793165659986,0.000457418615558772,0.000464365913818769
0.794499999999968,1.79611006258506,0.00388993728500091,0.38367038311556,-7.77987482987533e-05,0.0400989677206289,1.07784401221919,0.000458068812807785,0.000465031404213874
0.794999999999968,1.7960989650521,0.00390103481800019,0.383271879168789,-7.80206989579521e-05,0.0392031092408718,1.07775634551393,0.000458718968982138,0.000465696867866409
0.795499999999968,1.79608785227826,0.00391214759188156,0.382873411641269,-7.82429544347943e-05,0.038307290792641,1.07766865648231,0.000459369084088014,0.000466362304779402
0.795999999999968,1.79607672426587,0.00392327560431501,0.382474980531881,-7.84655146826574e-05,0.0374115123741779,1.07758094512252,0.000460019158131601,0.00046702771495588
0.796499999999967,1.79606558101725,0.00393441885297112,0.382076585839513,-7.86883796549814e-05,0.0365157739837271,1.07749321143276,0.000460669191119082,0.000467693098398869
0.796999999999967,1.79605442253474,0.00394557733552106,0.381678227563052,-7.89115493051926e-05,0.0356200756195375,1.07740545541123,0.000461319183056639,0.000468358455111393
0.797499999999967,1.79604324882067,0.0039567510496366,0.381279905701394,-7.913502358671e-05,0.0347244172798615,1.07731767705613,0.000461969133950456,0.000469023785096478
0.797999999999967,1.79603205987735,0.00396793999299008,0.380881620253434,-7.93588024529876e-05,0.0338287989629558,1.07722987636564,0.000462619043806714,0.000469689088357148
0.798499999999967,1.79602085570713,0.00397914416325448,0.380483371218073,-7.95828858574862e-05,0.0329332206670793,1.07714205333796,0.000463268912631591,0.000470354364896427
0.798999999999967,1.79600963631232,0.00399036355810333,0.380085158594216,-7.98072737536598e-05,0.0320376823904963,1.07705420797126,0.000463918740431269,0.000471019614717338
0.799499999999967,1.79599840169525,0.00400159817521078,0.379686982380771,-8.00319660950247e-05,0.0311421841314746,1.07696634026373,0.000464568527211924,0.000471684837822904
0.799999999999967,1.79598715185825,0.00401284801225155,0.37928884257665,-8.02569628350416e-05,0.0302467258882855,1.07687845021355,0.000465218272979734,0.000472350034216146
0.800499999999967,1.79597588680364,0.00402411306690096,0.378890739180767,-8.04822639272409e-05,0.0293513076592031,1.07679053781888,0.000465867977740875,0.000473015203900089
0.800999999999967,1.79596460653374,0.00403539333683494,0.378492672192044,-8.07078693251251e-05,0.028455929442507,1.07670260307791,0.000466517641501522,0.000473680346877751
0.801499999999967,1.79595331105089,0.00404668881973,0.378094641609402,-8.09337789822381e-05,0.0275605912364799,1.0766146459888,0.000467167264267849,0.000474345463152153
0.801999999999967,1.79594200035739,0.00405799951326322,0.377696647431769,-8.11599928521034e-05,0.0266652930394074,1.0765266665497,0.000467816846046029,0.000475010552726317
0.802499999999967,1.79593067445558,0.00406932541511232,0.377298689658075,-8.13865108883066e-05,0.0257700348495806,1.07643866475879,0.000468466386842234,0.000475675615603261
0.802999999999967,1.79591933334778,0.00408066652295556,0.376900768287254,-8.16133330443711e-05,0.0248748166652928,1.07635064061423,0.000469115886662635,0.000476340651786005
0.803499999999967,1.7959079770363,0.00409202283447184,0.376502883318244,-8.18404592739033e-05,0.0239796384848423,1.07626259411416,0.000469765345513402,0.000477005661277566
0.803999999999967,1.79589660552348,0.00410339434734061,0.376105034749988,-8.2067889530496e-05,0.0230845003065298,1.07617452525673,0.000470414763400704,0.000477670644080963
0.804499999999967,1.79588521881161,0.00411478105924194,0.37570722258143,-8.2295623767728e-05,0.0221894021286613,1.0760864340401,0.00047106414033071,0.000478335600199214
0.804999999999967,1.79587381690304,0.00412618296785647,0.37530944681152,-8.25236619392267e-05,0.0212943439495456,1.07599832046241,0.000471713476309585,0.000479000529635336
0.805499999999966,1.79586239980007,0.00413760007086545,0.37491170743921,-8.27520039986124e-05,0.0203993257674953,1.0759101845218,0.000472362771343497,0.000479665432392345
0.805999999999966,1.79585096750502,0.00414903236595071,0.374514004463459,-8.29806498995264e-05,0.0195043475808278,1.0758220262164,0.00047301202543861,0.000480330308473256
0.806499999999966,1.79583952002022,0.00416047985079466,0.374116337883225,-8.3209599595617e-05,0.0186094093878633,1.07573384554436,0.000473661238601088,0.000480995157881085
0.806999999999966,1.79582805734797,0.00417194252308034,0.373718707697474,-8.34388530405322e-05,0.0177145111869251,1.0756456425038,0.000474310410837094,0.000481659980618849
0.807499999999966,1.7958165794906,0.00418342038049133,0.373321113905172,-8.36684101879551e-05,0.0168196529763427,1.07555741709285,0.00047495954215279,0.00048232477668956
0.807999999999966,1.79580508645042,0.00419491342071183,0.372923556505293,-8.38982709915753e-05,0.0159248347544477,1.07546916930964,0.000475608632554337,0.000482989546096231
0.808499999999966,1.79579357822975,0.00420642164142663,0.372526035496812,-8.41284354050897e-05,0.0150300565195752,1.07538089915229,0.000476257682047896,0.000483654288841877
0.808999999999966,1.79578205483089,0.00421794504032109,0.372128550878707,-8.43589033821812e-05,0.014135318270065,1.07529260661891,0.000476906690639624,0.000484319004929511
0.809499999999966,1.79577051625617,0.00422948361508119,0.371731102649962,-8.4589674876602e-05,0.0132406200042608,1.07520429170761,0.000477555658335681,0.000484983694362144
0.809999999999966,1.7957589625079,0.00424103736339347,0.371333690809564,-8.48207498420489e-05,0.012345961720509,1.07511595441652,0.000478204585142222,0.000485648357142789
0.810499999999966,1.79574739358838,0.00425260628294508,0.370936315356504,-8.5052128232295e-05,0.0114513434171614,1.07502759474373,0.000478853471065404,0.000486312993274456
0.810999999999966,1.79573580949995,0.00426419037142374,0.370538976289775,-8.52838100010717e-05,0.0105567650925722,1.07493921268736,0.000479502316111382,0.000486977602760157
0.811499999999966,1.79572421024489,0.00427578962651778,0.370141673608376,-8.5515795102159e-05,0.00966222674510026,1.0748508082455,0.000480151120286311,0.000487642185602901
0.811999999999966,1.79571259582553,0.0042874040459161,0.369744407311309,-8.5748083489337e-05,0.00876772837310791,1.07476238141625,0.000480799883596342,0.000488306741805697
0.812499999999966,1.79570096624418,0.0042990336273082,0.36934717739758,-8.59806751163927e-05,0.00787326997496146,1.0746739321977,0.000481448606047628,0.000488971271371556
0.812999999999966,1.79568932150315,0.00431067836838418,0.368949983866197,-8.62135699371061e-05,0.00697885154903072,1.07458546058795,0.00048209728764632,0.000489635774303486
0.813499999999966,1.79567766160473,0.00432233826683471,0.368552826716175,-8.64467679053404e-05,0.00608447309368992,1.07449696658508,0.000482745928398567,0.000490300250604494
0.813999999999966,1.79566598655126,0.00433401332035103,0.36815570594653,-8.66802689748758e-05,0.00519013460731671,1.07440845018718,0.00048339452831052,0.000490964700277588
0.814499999999965,1.79565429634502,0.00434570352662501,0.367758621556284,-8.69140730995685e-05,0.0042958360882927,1.07431991139232,0.000484043087388326,0.000491629123325776
0.814999999999965,1.79564259098834,0.00435740888334908,0.36736157354446,-8.71481802332541e-05,0.00340157753500375,1.07423135019859,0.000484691605638131,0.000492293519752063
0.815499999999965,1.79563087048351,0.00436912938821628,0.366964561910088,-8.73825903298098e-05,0.00250735894583826,1.07414276660406,0.000485340083066083,0.000492957889559455
0.815999999999965,1.79561913483284,0.0043808650389202,0.3665675866522,-8.76173033430988e-05,0.00161318031918978,1.0740541606068,0.000485988519678325,0.000493622232750959
0.816499999999965,1.79560738403865,0.00439261583315506,0.366170647769831,-8.78523192269984e-05,0.00071904165345571,1.07396553220488,0.000486636915481003,0.000494286549329578
0.816999999999965,1.79559561910078,0.00440438077105897,0.365773778889608,-8.80876179842963e-05,-0.00017502366309341,1.07387688890859,0.000487049377833928,0.000494950783014865
0.817499999999965,1.79558387416184,0.004416125710048,0.365378129156019,-8.83225167632867e-05,-0.00106787462206598,1.07378848752557,0.000486494413978564,0.00049561301034436
0.817999999999965,1.7955721657711,0.00442783410082236,0.364984249984062,-8.8556684577995e-05,-0.00195896375193244,1.07370045159413,0.000485941925005702,0.000496272308000025
0.818499999999965,1.79556049361871,0.00443950625325325,0.364592123810586,-8.87901276258249e-05,-0.00284830854178469,1.07361277758247,0.00048539188639378,0.000496928704937493
0.818999999999965,1.79554885739934,0.00445114247266093,0.364201733344178,-8.90228520132041e-05,-0.00373592621006757,1.07352546201289,0.000484844274000652,0.000497582229665246
0.819499999999965,1.79553725681229,0.00446274305974772,0.363813061573709,-8.92548637541624e-05,-0.00462183369604274,1.07343850146356,0.000484299064075259,0.000498232910230114
0.819999999999965,1.79552569156133,0.00447430831074997,0.363426091757463,-8.94861687734325e-05,-0.00550604767062807,1.07335189256634,0.000483756233242534,0.000498880774235314
0.820499999999965,1.79551416135458,0.00448583851753304,0.363040807417221,-8.97167729083312e-05,-0.00638858454228702,1.07326563200561,0.000483215758495157,0.000499525848850173
0.820999999999965,1.79550266590447,0.00449733396768362,0.362657192332521,-8.9946681910584e-05,-0.00726946046275012,1.07317971651711,0.00048267761718554,0.000500168160819586
0.821499999999965,1.79549120492759,0.00450879494459951,0.362275230535069,-9.01759014481501e-05,-0.00814869133257962,1.07309414288686,0.00048214178701803,0.000500807736473204
0.821999999999965,1.79547977814465,0.00452022172757708,0.361894906303309,-9.04044371069362e-05,-0.00902629280658068,1.07300890795009,0.000481608246041334,0.000501444601734376
0.822499999999965,1.79546838528037,0.00453161459189624,0.361516204157145,-9.0632294392573e-05,-0.00990228029905871,1.07292400859012,0.000481076972641148,0.000502078782128834
0.822999999999965,1.7954570260634,0.00454297380890319,0.361139108852798,-9.08594787319486e-05,-0.0107766689889409,1.07283944173745,0.000480547945532989,0.000502710302793157
0.823499999999964,1.79544570022625,0.00455429964609098,0.360763605377811,-9.10859954749571e-05,-0.0116494738247525,1.07275520436867,0.000480021143755222,0.000503339188482984
0.823999999999964,1.7954344075052,0.00456559236717788,0.36038967894619,-9.13118498959559e-05,-0.0125207095294614,1.07267129350554,0.000479496546662275,0.000503965463581029
0.824499999999964,1.79542314764023,0.00457685223218375,0.360017314993664,-9.15370471953336e-05,-0.0133903906051927,1.07258770621406,0.000478974133918032,0.00050458915210486
0.824999999999964,1.79541192037495,0.00458807949750439,0.359646499173085,-9.17615925010093e-05,-0.0142585313378164,1.07250443960352,0.000478453885489408,0.000505210277714486
0.825499999999964,1.79540072545651,0.00459927441598391,0.359277217349939,-9.19854908698614e-05,-0.0151251458014152,1.07242149082566,0.000477935781640095,0.000505828863719733
0.825999999999964,1.79538956263554,0.00461043723698531,0.358909455597986,-9.22087472891506e-05,-0.0159902478626328,1.07233885707373,0.000477419802924464,0.000506444933087434
0.826499999999964,1.79537843166611,0.00462156820645918,0.358543200195004,-9.24313666779003e-05,-0.0168538511849081,1.07225653558172,0.000476905930181637,0.000507058508448418
0.826999999999964,1.79536733230559,0.00463266756701067,0.358178437618648,-9.26533538882085e-05,-0.0177159692326019,1.0721745236235,0.000476394144529706,0.000507669612104335
0.827499999999964,1.79535626431467,0.00464373555796477,0.357815154542421,-9.28747137065727e-05,-0.0185766152750132,1.07209281851201,0.000475884427360108,0.000508278266034287
0.827999999999964,1.79534522745724,0.00465477241542992,0.35745333783174,-9.30954508551532e-05,-0.0194358023902943,1.07201141759853,0.000475376760332139,0.000508884491901298
0.828499999999964,1.79533422150035,0.00466577837236003,0.357092974540109,-9.33155699930424e-05,-0.0202935434692638,1.07193031827183,0.000474871125367612,0.000509488311058618
0.828999999999964,1.79532324621413,0.00467675365861494,0.356734051905389,-9.35350757174241e-05,-0.0211498512191243,1.07184951795754,0.000474367504645652,0.00051008974455586
0.829499999999964,1.79531230137176,0.00468769850101942,0.356376557346157,-9.37539725648015e-05,-0.0220047381670861,1.07176901411732,0.000473865880597616,0.000510688813144989
0.829999999999964,1.79530138674939,0.00469861312342066,0.356020478458165,-9.39722650121141e-05,-0.022858216663897,1.07168880424824,0.000473366235902151,0.000511285537286158
0.830499999999964,1.79529050212611,0.00470949774674439,0.355665803010882,-9.41899574778832e-05,-0.0237102988872863,1.07160888588204,0.00047286855348037,0.000511879937153396
0.830999999999964,1.79527964728384,0.00472035258904961,0.355312518944122,-9.44070543232867e-05,-0.0245609968453213,1.07152925658449,0.000472372816491145,0.000512472032640153
0.831499999999964,1.79526882200734,0.00473117786558198,0.35496061436476,-9.46235598532352e-05,-0.0254103223796828,1.07144991395471,0.000471879008326525,0.000513061843364716
0.831999999999964,1.79525802608413,0.00474197378882596,0.354610077543524,-9.48394783174197e-05,-0.0262582871688579,1.07137085562457,0.00047138711260726,0.000513649388675481
0.832499999999963,1.79524725930443,0.00475274056855567,0.354260896911867,-9.50548139113175e-05,-0.0271049027312555,1.07129207925803,0.000470897113178436,0.000514234687656104
0.832999999999963,1.79523652146114,0.00476347841188453,0.353913061058919,-9.52695707771983e-05,-0.0279501804282448,1.07121358255056,0.000470408994105217,0.00051481775913052
0.833499999999963,1.79522581234975,0.00477418752331378,0.353566558728507,-9.54837530050962e-05,-0.028794131467122,1.07113536322852,0.000469922739668695,0.000515398621667849
0.833999999999963,1.79521513176831,0.0047848681047797,0.353221378816248,-9.56973646337247e-05,-0.0296367669040039,1.07105741904864,0.00046943833436183,0.000515977293587171
0.834499999999963,1.79520447951743,0.00479552035569997,0.35287751036672,-9.59104096514424e-05,-0.030478097646653,1.07097974779737,0.000468955762885494,0.000516553792962203
0.834999999999963,1.79519385540014,0.0048061444730187,0.352534942570684,-9.6122891997133e-05,-0.0313181344572341,1.07090234729041,0.000468475010144611,0.000517128137625847
0.835499999999963,1.79518325922194,0.00481674065125057,0.35219366476239,-9.63348155610944e-05,-0.0321568879550077,1.07082521537212,0.000467996061244382,0.000517700345174645
0.835999999999963,1.79517269079071,0.00482730908252389,0.351853666416934,-9.65461841858847e-05,-0.032994368618957,1.07074834991503,0.000467518901486605,0.000518270432973119
0.836499999999963,1.79516214991664,0.00483784995662265,0.351514937147684,-9.67570016671762e-05,-0.0338305867903543,1.07067174881931,0.00046704351636608,0.000518838418158014
0.836999999999963,1.79515163641227,0.00484836346102772,0.35117746670376,-9.69672717546152e-05,-0.0346655526752698,1.07059541001225,0.000466569891567094,0.00051940431764244
0.837499999999963,1.79514115009237,0.00485884978095693,0.350841244967579,-9.71769981525372e-05,-0.0354992763470175,1.07051933144783,0.000466098012959993,0.000519968148119919
0.837999999999963,1.79513069077396,0.00486930909940443,0.350506261952452,-9.73861845208132e-05,-0.0363317677485492,1.07044351110617,0.000465627866597831,0.000520529926068338
0.838499999999963,1.79512025827622,0.00487974159717903,0.350172507800238,-9.75948344756408e-05,-0.0371630366947895,1.07036794699311,0.000465159438713098,0.00052108966775381
0.838999999999963,1.79510985242049,0.00489014745294173,0.349839972779054,-9.78029515902451e-05,-0.0379930928749201,1.07029263713976,0.000464692715714517,0.000521647389234448
0.839499999999963,1.79509947303022,0.00490052684324245,0.349508647281032,-9.80105393956002e-05,-0.0388219458546109,1.07021757960201,0.00046422768418392,0.000522203106364053
0.839999999999963,1.79508911993094,0.00491087994255589,0.349178521820133,-9.82176013812064e-05,-0.0396496050782013,1.07014277246014,0.000463764330873194,0.000522756834795719
0.840499999999963,1.79507879295021,0.00492120692331663,0.348849587030002,-9.84241409957634e-05,-0.0404760798708301,1.07006821381837,0.000463302642701292,0.000523308589985352
0.840999999999963,1.79506849191761,0.00493150795595342,0.348521833661881,-9.86301616478572e-05,-0.0413013794405213,1.06999390180444,0.000462842606751318,0.00052385838719512
0.841499999999963,1.79505821666467,0.0049417832089228,0.348195252582562,-9.88356667065843e-05,-0.04212551288022,1.06991983456922,0.000462384210267667,0.000524406241496815
0.841999999999962,1.79504796702488,0.00495203284874187,0.347869834772385,-9.90406595023155e-05,-0.0429484891697854,1.06984601028631,0.000461927440653237,0.000524952167775151
0.842499999999962,1.79503774283364,0.00496225704002053,0.347545571323288,-9.92451433272437e-05,-0.0437703171779373,1.06977242715164,0.000461472285466703,0.000525496180730974
0.842999999999962,1.7950275439282,0.00497245594549281,0.347222453436887,-9.94491214360502e-05,-0.0445910056641629,1.06969908338309,0.00046101873241984,0.000526038294884422
0.843499999999962,1.79501737014768,0.00498262972604771,0.346900472422611,-9.96525970465081e-05,-0.0454105632805786,1.06962597722013,0.000460566769374922,0.000526578524577999
0.843999999999962,1.795007221333,0.00499277854075928,0.346579619695869,-9.98555733400935e-05,-0.046228998573754,1.06955310692343,0.00046011638434216,0.000527116883979585
0.844499999999962,1.79499709732687,0.00500290254691614,0.346259886776262,-0.000100058053462603,-0.0470463199864946,1.06948047077454,0.000459667565477207,0.000527653387085391
0.844999999999962,1.79498699797377,0.00501300190005024,0.345941265285828,-0.000100260040524644,-0.0478625358595869,1.06940806707551,0.000459220301078713,0.000528188047722839
0.845499999999962,1.79497692311988,0.00502307675396525,0.345623746947331,-0.00010046153760232,-0.0486776544335055,1.06933589414857,0.000458774579585935,0.000528720879553383
0.845999999999962,1.79496687261312,0.00503312726076407,0.345307323582584,-0.000100662547737662,-0.0494916838500837,1.06926395033579,0.000458330389576392,0.000529251896075272
0.846499999999962,1.79495684630304,0.00504315357087602,0.344991987110803,-0.000100863073939271,-0.0503046321541496,1.06919223399873,0.000457887719763576,0.000529781110626254
0.846999999999962,1.79494684404086,0.00505315583308332,0.344677729547003,-0.000101063119182794,-0.0511165072951261,1.06912074351816,0.000457446558994708,0.000530308536386222
0.847499999999962,1.79493686567943,0.00506313419454709,0.344364543000428,-0.000101262686411446,-0.0519273171285975,1.06904947729372,0.000457006896248547,0.000530834186379801
0.847999999999962,1.79492691107317,0.00507308880083275,0.344052419673001,-0.000101461778536531,-0.0527370694178452,1.06897843374361,0.000456568720633233,0.000531358073478889
0.848499999999962,1.7949169800781,0.00508301979593502,0.343741351857829,-0.000101660398437967,-0.053545771835347,1.06890761130432,0.00045613202138419,0.000531880210405135
0.848999999999962,1.79490707255177,0.00509292732230227,0.343431331937716,-0.000101858548964696,-0.0543534319642511,1.06883700843029,0.00045569678786206,0.000532400609732373
0.849499999999962,1.79489718835324,0.0051028115208605,0.343122352383722,-0.000102056232935244,-0.0551600572998133,1.06876662359367,0.000455263009550688,0.000532919283889002
0.849999999999962,1.79488732734309,0.00511267253103676,0.342814405753744,-0.000102253453138155,-0.0559656552508108,1.06869645528401,0.000454830676055142,0.000533436245160321
0.850499999999962,1.79487748938338,0.00512251049078213,0.342507484691132,-0.000102450212332461,-0.0567702331409216,1.06862650200797,0.00045439977709978,0.000533951505690808
0.850999999999961,1.7948676743376,0.00513232553659426,0.342201581923326,-0.000102646513248095,-0.0575737982100792,1.06855676228908,0.000453970302526354,0.000534465077486362
0.851499999999961,1.79485788207068,0.00514211780353942,0.341896690260528,-0.000102842358586389,-0.058376357615799,1.06848723466748,0.000453542242292146,0.000534976972416495
0.851999999999961,1.79484811244898,0.00515188742527414,0.341592802594397,-0.000103037751020475,-0.0591779184344758,1.06841791769962,0.000453115586468157,0.000535487202216475
0.852499999999961,1.79483836534021,0.00516163453406646,0.341289911896767,-0.000103232693195711,-0.0599784876626594,1.06834880995802,0.000452690325237314,0.000535995778489439
0.852999999999961,1.79482864061349,0.00517135926081668,0.340988011218402,-0.000103427187730119,-0.0607780722183001,1.06827991003106,0.000452266448892728,0.000536502712708447
0.853499999999961,1.79481893813926,0.00518106173507777,0.340687093687761,-0.000103621237214746,-0.0615766789419728,1.06821121652268,0.000451843947835976,0.000537008016218511
0.853999999999961,1.79480925778929,0.00519074208507538,0.340387152509797,-0.000103814844214102,-0.0623743145980743,1.06814272805216,0.000451422812575427,0.00053751170023857
0.854499999999961,1.79479959943667,0.00520040043772743,0.340088180964781,-0.000104008011266553,-0.0631709858759995,1.06807444325391,0.000451003033724592,0.000538013775863437
0.854999999999961,1.79478996295577,0.00521003691866339,0.339790172407143,-0.000104200740884672,-0.0639666993912901,1.06800636077719,0.000450584602000512,0.000538514254065697
0.855499999999961,1.79478034822222,0.00521965165224309,0.339493120264336,-0.000104393035555678,-0.0647614616867672,1.06793847928593,0.000450167508222176,0.000539013145697581
0.855999999999961,1.79477075511291,0.00522924476157527,0.339197018035731,-0.000104584897741733,-0.0655552792336357,1.06787079745849,0.00044975174330897,0.00053951046149279
0.856499999999961,1.79476118350598,0.00523881636853571,0.338901859291522,-0.000104776329880353,-0.0663481584325706,1.06780331398743,0.000449337298279154,0.000540006212068293
0.856999999999961,1.79475163328076,0.00524836659378507,0.338607637671661,-0.000104967334384754,-0.0671401056147801,1.06773602757934,0.000448924164248377,0.000540500407926083
0.857499999999961,1.79474210431779,0.00525789555678637,0.338314346884804,-0.000105157913644204,-0.0679311270430514,1.06766893695455,0.000448512332428205,0.000540993059454909
0.857999999999961,1.79473259649878,0.00526740337582211,0.338021980707291,-0.000105348070024339,-0.0687212289127743,1.06760204084703,0.000448101794124694,0.000541484176931963
0.858499999999961,1.79472310970662,0.00527689016801114,0.337730532982134,-0.000105537805867535,-0.0695104173529432,1.0675353380041,0.000447692540736979,0.000541973770524542
0.858999999999961,1.79471364382534,0.00528635604932516,0.337439997618025,-0.000105727123493229,-0.0702986984271453,1.06746882718627,0.000447284563755894,0.000542461850291679
0.859499999999961,1.79470419874009,0.00529580113460495,0.337150368588372,-0.000105916025198251,-0.0710860781345238,1.06740250716706,0.00044687785476262,0.00054294842618574
0.85999999999996,1.79469477433715,0.0053052255375763,0.33686163993034,-0.000106104513257106,-0.0718725624107301,1.06733637673278,0.000446472405427351,0.00054343350805399
0.86049999999996,1.79468537050388,0.00531462937086557,0.336573805743924,-0.00010629258992232,-0.0726581571288497,1.06727043468236,0.000446068207507999,0.000543917105640132
0.86099999999996,1.79467598712876,0.00532401274601513,0.336286860191025,-0.000106480257424733,-0.0734428681003192,1.06720467982717,0.000445665252848903,0.00054439922858582
0.86149999999996,1.79466662410131,0.00533337577349837,0.336000797494559,-0.000106667517973842,-0.0742267010758191,1.06713911099082,0.000445263533379586,0.000544879886432136
0.86199999999996,1.7946572813121,0.00534271856273447,0.335715611937564,-0.000106854373757993,-0.0750096617461551,1.06707372700903,0.000444863041113513,0.000545359088621046
0.86249999999996,1.79464795865276,0.00535204122210297,0.335431297862342,-0.000107040826944786,-0.0757917557431206,1.06700852672938,0.000444463768146886,0.000545836844496827
0.86299999999996,1.79463865601593,0.005361343858958,0.335147849669606,-0.000107226879681323,-0.0765729886403437,1.06694350901122,0.000444065706657457,0.000546313163307471
0.86349999999996,1.79462937329528,0.00537062657964232,0.334865261817643,-0.000107412534094443,-0.077353365954119,1.06687867272547,0.000443668848903359,0.000546788054206051
0.86399999999996,1.79462011038545,0.00537988948950106,0.334583528821494,-0.000107597792291067,-0.0781328931442238,1.06681401675444,0.000443273187221968,0.000547261526252083
0.86449999999996,1.79461086718208,0.00538913269289524,0.334302645252154,-0.000107782656358392,-0.0789115756147195,1.06674953999169,0.000442878714028774,0.000547733588412842
0.86499999999996,1.79460164358179,0.00539835629321504,0.334022605735776,-0.000107967128364236,-0.07968941871474,1.06668524134186,0.000442485421816282,0.00054820424956467
0.86549999999996,1.79459243948214,0.00540756039289287,0.333743404952899,-0.000108151210357219,-0.0804664277392622,1.06662111972054,0.000442093303152926,0.000548673518494247
0.86599999999996,1.79458325478164,0.00541674509341618,0.333465037637684,-0.000108334904367145,-0.081242607929868,1.06655717405408,0.000441702350682006,0.000549141403899858
0.86649999999996,1.79457408937975,0.00542591049534001,0.333187498577167,-0.000108518212405075,-0.0820179644754858,1.06649340327949,0.000441312557120646,0.000549607914392609
0.86699999999996,1.79456494317681,0.00543505669829943,0.332910782610521,-0.000108701136463704,-0.0827925025131268,1.06642980634423,0.000440923915258766,0.000550073058497654
0.86749999999996,1.79455581607412,0.00544418380102168,0.332634884628339,-0.0001088836785176,-0.0835662271286012,1.06636638220611,0.000440536417958071,0.000550536844655373
0.86799999999996,1.79454670797383,0.00545329190133808,0.33235979957192,-0.000109065840523379,-0.0843391433572245,1.06630312983316,0.000440150058151071,0.000550999281222545
0.86849999999996,1.794537618779,0.00546238109619585,0.332085522432574,-0.000109247624420002,-0.0851112561845137,1.06624004820344,0.000439764828840096,0.000551460376473496
0.868999999999959,1.79452854839355,0.00547145148166959,0.33181204825094,-0.000109429032128933,-0.085882570546867,1.06617713630494,0.000439380723096349,0.000551920138601224
0.869499999999959,1.79451949672228,0.00548050315297268,0.331539372116308,-0.000109610065554447,-0.0866530913322343,1.06611439313545,0.000438997734058966,0.000552378575718508
0.869999999999959,1.79451046367081,0.00548953620446839,0.331267489165965,-0.000109790726583812,-0.0874228233807741,1.0660518177024,0.000438615854934094,0.000552835695858995
0.870499999999959,1.79450144914562,0.0054985507296809,0.330996394584541,-0.000109971017087526,-0.088191771485503,1.06598940902275,0.00043823507899398,0.000553291506978273
0.870999999999959,1.79449245305403,0.00550754682130604,0.33072608360337,-0.000110150938919487,-0.0889599403929281,1.06592716612288,0.000437855399576085,0.000553746016954918
0.871499999999959,1.79448347530414,0.00551652457122195,0.330456551499867,-0.000110330493917274,-0.0897273348036743,1.0658650880384,0.000437476810082209,0.000554199233591531
0.871999999999959,1.79447451580489,0.00552548407049943,0.33018779359691,-0.000110509683902284,-0.0904939593730952,1.06580317381411,0.000437099303977628,0.000554651164615749
0.872499999999959,1.794465574466,0.00553442540941226,0.329919805262232,-0.00011068851068001,-0.0912598187118798,1.06574142250382,0.00043672287479025,0.000555101817681248
0.872999999999959,1.79445665119799,0.00554334867744728,0.329652581907829,-0.000110866976040173,-0.0920249173866425,1.06567983317025,0.000436347516109783,0.000555551200368718
0.873499999999959,1.79444774591215,0.00555225396331426,0.329386118989372,-0.000111045081756994,-0.0927892599205082,1.06561840488492,0.00043597322158692,0.000555999320186832
0.873999999999959,1.79443885852054,0.00556114135495571,0.329120412005634,-0.000111222829589294,-0.0935528507936845,1.06555713672802,0.000435599984932531,0.000556446184573192
0.874499999999959,1.79442998893596,0.00557001093955644,0.328855456497919,-0.000111400221280783,-0.0943156944440255,1.06549602778831,0.000435227799916879,0.000556891800895262
0.874999999999959,1.79442113707199,0.00557886280355302,0.328591248049514,-0.000111577258560182,-0.0950777952675863,1.06543507716301,0.000434856660368839,0.000557336176451284
0.875499999999959,1.79441230284293,0.00558769703264306,0.328327782285134,-0.000111753943141453,-0.0958391576191661,1.06537428395766,0.000434486560175139,0.000557779318471179
0.875999999999959,1.7944034861638,0.00559651371179436,0.328065054870388,-0.000111930276723959,-0.0965997858128471,1.06531364728607,0.000434117493279602,0.000558221234117434
0.876499999999959,1.79439468695037,0.00560531292525384,0.327803061511249,-0.000112106260992638,-0.0973596841225178,1.06525316627016,0.000433749453682416,0.00055866193048597
0.876999999999959,1.79438590511909,0.00561409475655649,0.327541797953536,-0.000112281897618152,-0.098118856782393,1.06519284003987,0.000433382435439401,0.000559101414607006
0.877499999999959,1.79437714058714,0.00562285928853396,0.327281259982399,-0.000112457188257191,-0.0988773079875238,1.06513266773308,0.000433016432661298,0.000559539693445893
0.877999999999958,1.79436839327238,0.00563160660332323,0.327021443421818,-0.000112632134552461,-0.0996350418942982,1.06507264849549,0.000432651439513068,0.000559976773903953
0.878499999999958,1.79435966309335,0.00564033678237494,0.326762344134105,-0.000112806738132992,-0.100392062620933,1.06501278148053,0.000432287450213198,0.000560412662819287
0.878999999999958,1.79435094996929,0.00564904990646175,0.326503958019422,-0.000112981000614201,-0.101148374247961,1.06495306584924,0.000431924459033021,0.000560847366967577
0.879499999999958,1.79434225382009,0.0056577460556865,0.326246281015297,-0.000113154923598188,-0.101903980818707,1.0648935007702,0.000431562460296049,0.000561280893062883
0.879999999999958,1.79433357456631,0.00566642530949022,0.325989309096155,-0.000113328508673752,-0.102658886339756,1.06483408541944,0.000431201448377317,0.000561713247758412
0.880499999999958,1.79432491212917,0.00567508774666005,0.325733038272856,-0.000113501757416631,-0.103413094781419,1.06477481898031,0.00043084141770273,0.000562144437647284
0.880999999999958,1.79431626643052,0.00568373344533704,0.325477464592235,-0.000113674671389674,-0.104166610078181,1.06471570064344,0.000430482362748431,0.000562574469263285
0.881499999999958,1.79430763739286,0.00569236248302381,0.325222584136654,-0.000113847252142897,-0.104919436129154,1.06465672960661,0.000430124278040174,0.000563003349081608
0.881999999999958,1.79429902493931,0.00570097493659209,0.324968393023562,-0.000114019501213758,-0.105671576798516,1.06459790507466,0.000429767158152703,0.000563431083519576
0.882499999999958,1.79429042899364,0.00570957088229017,0.324714887405058,-0.00011419142012721,-0.106423035915941,1.06453922625945,0.000429410997709149,0.000563857678937362
0.882999999999958,1.7942818494802,0.00571815039575016,0.324462063467467,-0.000114363010395913,-0.107173817277028,1.0644806923797,0.000429055791380434,0.000564283141638695
0.883499999999958,1.79427328632398,0.00572671355199532,0.324209917430914,-0.00011453427352031,-0.107923924643718,1.064422302661,0.000428701533884678,0.00056470747787155
0.883999999999958,1.79426473945056,0.005735260425447,0.323958445548911,-0.000114705210988844,-0.10867336174471,1.06436405633563,0.000428348219986624,0.000565130693828836
0.884499999999958,1.7942562087861,0.00574379108993173,0.32370764410795,-0.000114875824278028,-0.109422132275867,1.06430595264255,0.000427995844497067,0.000565552795649064
0.884999999999958,1.79424769425737,0.0057523056186881,0.323457509427101,-0.00011504611485267,-0.11017023990061,1.06424799082728,0.000427644402272295,0.000565973789417009
0.885499999999958,1.79423919579171,0.00576080408437348,0.323208037857616,-0.000115216084165884,-0.110917688250323,1.06419017014183,0.000427293888213534,0.000566393681164365
0.885999999999958,1.79423071331703,0.00576928655907074,0.322959225782541,-0.00011538573365933,-0.111664480924727,1.06413248984464,0.000426944297266411,0.000566812476870385
0.886499999999958,1.79422224676183,0.00577775311429482,0.322711069616331,-0.000115555064763316,-0.112410621492276,1.06407494920048,0.000426595624420408,0.00056723018246251
0.886999999999957,1.79421379605515,0.0057862038209992,0.322463565804473,-0.000115724078896914,-0.113156113490522,1.06401754748037,0.000426247864708345,0.000567646803816993
0.887499999999957,1.7942053611266,0.00579463874958227,0.322216710823117,-0.000115892777468082,-0.113900960426488,1.06396028396156,0.000425901013205859,0.000568062346759513
0.887999999999957,1.79419694190631,0.00580305796989365,0.321970501178705,-0.00011606116187382,-0.114645165777035,1.06390315792737,0.000425555065030889,0.000568476817065772
0.888499999999957,1.79418853832499,0.00581146155124036,0.321724933407615,-0.000116229233500263,-0.115388732989219,1.06384616866719,0.00042521001534318,0.000568890220462097
0.888999999999957,1.79418015031386,0.00581984956239292,0.321480004075806,-0.000116396993722824,-0.116131665480644,1.06378931547637,0.000424865859343781,0.000569302562626017
0.889499999999957,1.79417177780468,0.00582822207159138,0.321235709778466,-0.000116564443906314,-0.116873966639809,1.06373259765617,0.000424522592274562,0.000569713849186842
0.889999999999957,1.79416342072975,0.00583657914655122,0.32099204713967,-0.000116731585405032,-0.117615639826455,1.06367601451368,0.00042418020941773,0.000570124085726232
0.890499999999957,1.79415507902186,0.00584492085446922,0.320749012812039,-0.000116898419562909,-0.118356688371897,1.06361956536176,0.000423838706095359,0.000570533277778753
0.890999999999957,1.79414675261432,0.00585324726202919,0.32050660347641,-0.000117064947713623,-0.119097115579361,1.06356324951896,0.00042349807766892,0.000570941430832428
0.891499999999957,1.79413844144096,0.00586155843540765,0.320264815841501,-0.000117231171180711,-0.119836924724308,1.06350706630947,0.000423158319538827,0.000571348550329279
0.891999999999957,1.79413014543612,0.00586985444027941,0.320023646643593,-0.000117397091277671,-0.120576119054762,1.06345101506304,0.000422819427143981,0.000571754641665861
0.892499999999957,1.7941218645346,0.00587813534182311,0.319783092646207,-0.000117562709308058,-0.121314701791621,1.06339509511493,0.000422481395961323,0.000572159710193787
0.892999999999957,1.79411359867172,0.00588640120472659,0.319543150639791,-0.000117728026565657,-0.122052676128975,1.06333930580585,0.000422144221505399,0.00057256376122025
0.893499999999957,1.79410534778327,0.00589465209319229,0.319303817441409,-0.000117893044334495,-0.122790045234414,1.06328364648186,0.000421807899327926,0.000572966800008529
0.893999999999957,1.79409711180555,0.00590288807094253,0.319065089894438,-0.000118057763889019,-0.123526812249328,1.06322811649437,0.000421472425017365,0.000573368831778493
0.894499999999957,1.79408889067529,0.00591110920122468,0.318826964868265,-0.000118222186494189,-0.124262980289215,1.06317271520003,0.0004211377941985,0.0005737698617071
0.894999999999957,1.79408068432972,0.00591931554681629,0.31858943925799,-0.00011838631340555,-0.124998552443966,1.06311744196069,0.000420804002532028,0.000574169894928881
0.895499999999957,1.79407249270653,0.00592750717003016,0.318352509984138,-0.00011855014586936,-0.125733531778164,1.06306229614334,0.000420471045714147,0.000574568936536426
0.895999999999956,1.79406431574387,0.00593568413271933,0.318116173992367,-0.000118713685122666,-0.126467921331366,1.06300727712004,0.000420138919476158,0.000574966991580854
0.896499999999956,1.79405615338033,0.00594384649628198,0.317880428253185,-0.000118876932393451,-0.127201724118388,1.0629523842679,0.000419807619584064,0.000575364065072284
0.896999999999956,1.79404800555497,0.00595199432166628,0.317645269761671,-0.00011903988890067,-0.127934943129582,1.06289761696898,0.000419477141838187,0.000575760161980293
0.897499999999956,1.79403987220728,0.00596012766937516,0.3174106955372,-0.000119202555854368,-0.128667581331111,1.06284297461025,0.000419147482072774,0.000576155287234372
0.897999999999956,1.79403175327721,0.00596824659947103,0.317176702623172,-0.000119364934455829,-0.12939964166522,1.06278845658356,0.000418818636155627,0.000576549445724374
0.898499999999956,1.79402364870512,0.00597635117158044,0.31694328808674,-0.000119527025897556,-0.130131127050501,1.06273406228554,0.000418490599987723,0.000576942642300953
0.898999999999956,1.79401555843183,0.00598444144489863,0.316710449018553,-0.000119688831363464,-0.130862040382159,1.06267979111758,0.000418163369502846,0.000577334881776001
0.899499999999956,1.79400748239856,0.00599251747819407,0.316478182532489,-0.000119850352028897,-0.131592384532266,1.06262564248579,0.000417836940667229,0.000577726168923079
0.899999999999956,1.79399942054696,0.00600057932981294,0.316246485765402,-0.000120011589060817,-0.132322162350023,1.06257161580089,0.000417511309479188,0.000578116508477832
0.900499999999956,1.79399137281911,0.00600862705768348,0.31601535587687,-0.000120172543617771,-0.133051376662006,1.06251771047823,0.000417186471968776,0.000578505905138414
0.900999999999956,1.7939833391575,0.00601666071932036,0.315784790048942,-0.000120333216850052,-0.133780030272416,1.06246392593769,0.00041686242419743,0.000578894363565897
0.901499999999956,1.79397531950501,0.00602468037182894,0.315554785485895,-0.000120493609899762,-0.134508125963328,1.06241026160367,0.000416539162257633,0.000579281888384672
0.901999999999956,1.79396731380495,0.00603268607190952,0.315325339413993,-0.000120653723900924,-0.135235666494925,1.06235671690499,0.000416216682272568,0.000579668484182852
0.902499999999956,1.79395932200103,0.00604067787586147,0.315096449081244,-0.000120813559979512,-0.135962654605743,1.06230329127489,0.000415894980395791,0.000580054155512668
0.902999999999956,1.79395134403732,0.00604865583958735,0.314868111757165,-0.000120973119253569,-0.1366890930129,1.06224998415096,0.0004155740528109,0.000580438906890853
0.903499999999956,1.79394337985834,0.00605662001859697,0.314640324732554,-0.000121132402833304,-0.137414984412332,1.0621967949751,0.00041525389573121,0.000580822742799027
0.903999999999956,1.79393542940894,0.00606457046801138,0.314413085319256,-0.000121291411821142,-0.138140331479018,1.06214372319347,0.000414934505399431,0.000581205667684076
0.904499999999956,1.79392749263441,0.00607250724256684,0.314186390849937,-0.000121450147311804,-0.138865136867207,1.06209076825644,0.000414615878087358,0.000581587685958522
0.904999999999956,1.79391956948038,0.00608043039661866,0.313960238677865,-0.000121608610392385,-0.139589403210641,1.06203792961857,0.000414298010095554,0.000581968802000894
0.905499999999955,1.79391165989288,0.00608833998414509,0.313734626176687,-0.000121766802142466,-0.140313133122769,1.06198520673853,0.000413980897753045,0.000582349020156086
0.905999999999955,1.79390376381829,0.0060962360587511,0.313509550740211,-0.000121924723634148,-0.141036329196971,1.06193259907908,0.000413664537417018,0.00058272834473572
0.906499999999955,1.79389588120339,0.00610411867367212,0.313285009782196,-0.000122082375932121,-0.141758994006762,1.06188010610701,0.000413348925472521,0.000583106780018493
0.906999999999955,1.79388801199531,0.00611198788177771,0.313061000736137,-0.000122239760093776,-0.142481130106011,1.06182772729313,0.00041303405833217,0.000583484330250531
0.907499999999955,1.79388015614154,0.00611984373557525,0.31283752105506,-0.000122396877169292,-0.143202740029141,1.06177546211219,0.000412719932435857,0.000583860999645725
0.907999999999955,1.79387231358992,0.00612768628721348,0.312614568211314,-0.000122553728201601,-0.143923826291338,1.06172331004287,0.000412406544250463,0.000584236792386077
0.908499999999955,1.79386448428867,0.00613551558848611,0.312392139696369,-0.000122710314226615,-0.144644391388752,1.06167127056771,0.000412093890269576,0.000584611712622027
0.908999999999955,1.79385666818634,0.00614333169083528,0.312170233020618,-0.000122866636273158,-0.145364437798694,1.06161934317308,0.000411781967013211,0.00058498576447279
0.909499999999955,1.79384886523184,0.00615113464535503,0.311948845713177,-0.000123022695363115,-0.146083967979836,1.06156752734917,0.000411470771027535,0.000585358952026675
0.909999999999955,1.79384107537443,0.00615892450279473,0.311727975321691,-0.000123178492511464,-0.1468029843724,1.06151582258991,0.000411160298884596,0.000585731279341408
0.910499999999955,1.79383329856368,0.00616670131356242,0.311507619412144,-0.000123334028726385,-0.147521489398356,1.06146422839293,0.000410850547182053,0.000586102750444449
0.910999999999955,1.79382553474954,0.00617446512772819,0.311287775568668,-0.000123489305009258,-0.148239485461602,1.06141274425958,0.000410541512542915,0.000586473369333304
0.911499999999955,1.79381778388226,0.00618221599502738,0.311068441393355,-0.000123644322354809,-0.148956974948159,1.06136136969482,0.000410233191615275,0.000586843139975834
0.911999999999955,1.79381004591245,0.00618995396486391,0.310849614506074,-0.000123799081751107,-0.149673960226348,1.06131010420723,0.000409925581072057,0.000587212066310558
0.912499999999955,1.79380232079102,0.00619767908631345,0.310631292544289,-0.000123953584179659,-0.150390443646976,1.06125894730894,0.000409618677610757,0.000587580152246954
0.912999999999955,1.79379460846923,0.00620539140812656,0.310413473162878,-0.000124107830615484,-0.151106427543512,1.06120789851563,0.000409312477953198,0.000587947401665753
0.913499999999955,1.79378690889864,0.00621309097873184,0.310196154033956,-0.000124261822027155,-0.151821914232265,1.06115695734647,0.000409006978845276,0.000588313818419237
0.913999999999955,1.79377922203116,0.006220777846239,0.309979332846701,-0.000124415559376874,-0.152536906012558,1.06110612332409,0.000408702177056721,0.000588679406331522
0.914499999999954,1.79377154781898,0.0062284520584419,0.30976300730718,-0.000124569043620501,-0.1532514051669,1.06105539597455,0.000408398069380853,0.000589044169198844
0.914999999999954,1.79376388621462,0.00623611366282158,0.309547175138179,-0.000124722275707666,-0.153965413961155,1.06100477482729,0.000408094652634343,0.000589408110789844
0.915499999999954,1.79375623717091,0.00624376270654921,0.309331834079035,-0.000124875256581787,-0.154678934644712,1.06095425941513,0.000407791923656979,0.000589771234845841
0.915999999999954,1.79374860064099,0.00625139923648901,0.309116981885468,-0.000125027987180157,-0.155391969450649,1.0609038492742,0.000407489879311437,0.000590133545081107
0.916499999999954,1.7937409765783,0.00625902329920117,0.308902616329418,-0.000125180468433982,-0.156104520595895,1.06085354394391,0.000407188516483046,0.00059049504518314
0.916999999999954,1.79373336493658,0.0062666349409447,0.308688735198887,-0.000125332701268424,-0.156816590281395,1.06080334296695,0.000406887832079566,0.000590855738812927
0.917499999999954,1.79372576566986,0.00627423420768024,0.308475336297769,-0.000125484686602714,-0.157528180692265,1.06075324588924,0.000406587823030964,0.000591215629605213
0.917999999999954,1.79371817873249,0.00628182114507289,0.308262417445705,-0.000125636425350135,-0.158239293997952,1.06070325225987,0.000406288486289193,0.000591574721168754
0.918499999999954,1.79371060407909,0.00628939579849494,0.308049976477917,-0.000125787918418142,-0.158949932352387,1.06065336163112,0.000405989818827976,0.000591933017086582
0.918999999999954,1.79370304166458,0.00629695821302855,0.307838011245058,-0.000125939166708409,-0.159660097894143,1.06060357355839,0.000405691817642586,0.000592290520916252
0.919499999999954,1.79369549144416,0.00630450843346852,0.307626519613061,-0.000126090171116783,-0.160369792746579,1.06055388760018,0.000405394479749642,0.000592647236190098
0.919999999999954,1.79368795337333,0.00631204650432492,0.307415499462986,-0.000126240932533488,-0.161079019017996,1.06050430331806,0.000405097802186893,0.000593003166415475
0.920499999999954,1.79368042740785,0.00631957246982567,0.307204948690875,-0.000126391451843087,-0.16178777880178,1.06045482027667,0.000404801782013012,0.000593358315075007
0.920999999999954,1.79367291350377,0.00632708637391918,0.306994865207604,-0.000126541729924545,-0.16249607417655,1.06040543804362,0.000404506416307398,0.000593712685626828
0.921499999999954,1.79366541161744,0.00633458826027689,0.306785246938739,-0.000126691767651274,-0.163203907206304,1.06035615618954,0.000404211702169962,0.000594066281504818
0.921999999999954,1.79365792170544,0.00634207817229583,0.306576091824393,-0.000126841565891246,-0.163911279940553,1.06030697428799,0.000403917636720943,0.000594419106118841
0.922499999999954,1.79365044372465,0.00634955615310108,0.306367397819086,-0.000126991125506938,-0.164618194414471,1.06025789191548,0.000403624217100697,0.000594771162854976
0.922999999999954,1.79364297763223,0.00635702224554826,0.306159162891603,-0.00012714044735547,-0.165324652649029,1.06020890865139,0.000403331440469511,0.000595122455075745
0.923499999999953,1.79363552338557,0.00636447649222598,0.305951385024861,-0.000127289532288605,-0.166030656651131,1.06016002407801,0.000403039304007412,0.000595472986120341
0.923999999999953,1.79362808094236,0.00637191893545824,0.305744062215769,-0.000127438381152839,-0.166736208413749,1.06011123778043,0.000402747804913972,0.000595822759304854
0.924499999999953,1.79362065026053,0.00637934961730682,0.305537192475098,-0.000127586994789403,-0.167441309916062,1.06006254934659,0.000402456940408122,0.000596171777922488
0.924999999999953,1.79361323129828,0.00638676857957363,0.305330773827345,-0.000127735374034321,-0.168145963123579,1.06001395836721,0.000402166707727972,0.000596520045243783
0.925499999999953,1.79360582401408,0.00639417586380304,0.305124804310603,-0.0001278835197185,-0.168850169988278,1.05996546443576,0.000401877104130622,0.000596867564516827
0.925999999999953,1.79359842836661,0.0064015715112842,0.304919281976433,-0.000128031432667715,-0.169553932448728,1.05991706714848,0.000401588126891986,0.000597214338967472
0.926499999999953,1.79359104431487,0.00640895556305327,0.304714204889736,-0.000128179113702692,-0.170257252430219,1.05986876610428,0.000401299773306612,0.000597560371799546
0.926999999999953,1.79358367181804,0.00641632805989572,0.304509571128627,-0.000128326563639127,-0.17096013184489,1.0598205609048,0.000401012040687505,0.000597905666195055
0.927499999999953,1.79357631083561,0.0064236890423485,0.304305378784308,-0.000128473783287779,-0.171662572591848,1.05977245115431,0.000400724926365954,0.000598250225314395
0.927999999999953,1.79356896132728,0.00643103855070229,0.304101625960949,-0.000128620773454449,-0.172364576557292,1.05972443645973,0.000400438427691362,0.00059859405229655
0.928499999999953,1.793561623253,0.00643837662500362,0.303898310775563,-0.000128767534940066,-0.173066145614638,1.05967651643058,0.000400152542031074,0.000598937150259294
0.928999999999953,1.79355429657296,0.00644570330505705,0.303695431357888,-0.000128914068540736,-0.173767281624635,1.059628690679,0.000399867266770207,0.000599279522299395
0.929499999999953,1.79354698124761,0.00645301863042727,0.303492985850266,-0.000129060375047736,-0.174467986435482,1.05958095881965,0.000399582599311489,0.000599621171492798
0.929999999999953,1.79353967723762,0.0064603226404412,0.303290972407527,-0.00012920645524761,-0.175168261882948,1.05953332046977,0.000399298537075094,0.000599962100894833
0.930499999999953,1.79353238450389,0.00646761537419008,0.303089389196877,-0.000129352309922205,-0.175868109790488,1.05948577524909,0.000399015077498478,0.000600302313540394
0.930999999999953,1.79352510300757,0.00647489687053148,0.302888234397774,-0.000129497939848622,-0.176567531969352,1.05943832277984,0.000398732218036218,0.000600641812444136
0.931499999999953,1.79351783271003,0.00648216716809137,0.302687506201824,-0.000129643345799409,-0.177266530218704,1.05939096268675,0.00039844995615986,0.000600980600600656
0.931999999999953,1.79351057357287,0.0064894263052661,0.302487202812665,-0.000129788528542507,-0.177965106325727,1.05934369459695,0.000398168289357759,0.000601318680984683
0.932499999999952,1.79350332555794,0.00649667432022438,0.302287322445857,-0.000129933488841286,-0.178663262065739,1.05929651814002,0.00039788721513492,0.000601656056551257
0.932999999999952,1.79349608862727,0.00650391125090923,0.302087863328772,-0.000130078227454575,-0.179360999202299,1.05924943294797,0.000397606731012856,0.000601992730235907
0.933499999999952,1.79348886274316,0.00651113713503992,0.301888823700488,-0.000130222745136799,-0.180058319487312,1.05920243865515,0.000397326834529428,0.000602328704954833
0.933999999999952,1.79348164786811,0.00651835201011391,0.301690201811681,-0.000130367042637879,-0.18075522466114,1.05915553489829,0.000397047523238701,0.000602663983605082
0.934499999999952,1.79347444396483,0.00652555591340869,0.301491995924519,-0.000130511120703385,-0.181451716452706,1.05910872131647,0.000396768794710794,0.000602998569064718
0.934999999999952,1.79346725099628,0.00653274888198372,0.30129420431256,-0.000130654980074502,-0.182147796579593,1.05906199755107,0.000396490646531737,0.000603332464192998
0.935499999999952,1.7934600689256,0.00653993095268218,0.301096825260645,-0.000130798621488064,-0.182843466748153,1.05901536324578,0.000396213076303325,0.00060366567183054
0.935999999999952,1.79345289771617,0.00654710216213293,0.300899857064802,-0.000130942045676693,-0.183538728653605,1.05896881804656,0.000395936081642977,0.000603998194799489
0.936499999999952,1.79344573733157,0.00655426254675218,0.300703298032139,-0.00013108525336869,-0.184233583980135,1.05892236160165,0.000395659660183595,0.000604330035903688
0.936999999999952,1.79343858773559,0.00656141214274541,0.30050714648075,-0.000131228245288162,-0.184928034400997,1.05887599356149,0.000395383809573426,0.000604661197928839
0.937499999999952,1.79343144889225,0.00656855098610904,0.300311400739612,-0.00013137102215504,-0.185622081578609,1.05882971357877,0.000395108527475923,0.000604991683642663
0.937999999999952,1.79342432076574,0.00657567911263222,0.300116059148492,-0.00013151358468512,-0.186315727164651,1.05878352130836,0.00039483381156961,0.000605321495795064
0.938499999999952,1.7934172033205,0.00658279655789857,0.299921120057847,-0.000131655933590068,-0.187008972800159,1.05873741640732,0.000394559659547948,0.000605650637118289
0.938999999999952,1.79341009652113,0.00658990335728788,0.299726581828732,-0.000131798069577464,-0.187701820115622,1.05869139853486,0.000394286069119203,0.000605979110327078
0.939499999999952,1.79340300033246,0.0065969995459778,0.299532442832705,-0.000131939993350864,-0.188394270731076,1.05864546735233,0.000394013038006313,0.000606306918118825
0.939999999999952,1.79339591471951,0.00660408515894551,0.299338701451733,-0.000132081705609834,-0.189086326256191,1.0585996225232,0.00039374056394676,0.000606634063173729
0.940499999999952,1.7933888396475,0.00661116023096941,0.299145356078101,-0.000132223207049934,-0.189777988290371,1.05855386371307,0.00039346864469244,0.000606960548154946
0.940999999999952,1.79338177508186,0.0066182247966307,0.298952405114324,-0.000132364498362778,-0.190469258422836,1.05850819058958,0.000393197278009539,0.000607286375708738
0.941499999999951,1.7933747209882,0.00662527889031507,0.298759846973052,-0.000132505580236079,-0.191160138232716,1.05846260282248,0.000392926461678404,0.000607611548464622
0.941999999999951,1.79336767733232,0.00663232254621425,0.298567680076983,-0.000132646453353681,-0.191850629289141,1.05841710008354,0.000392656193493423,0.000607936069035515
0.942499999999951,1.79336064408022,0.00663935579832761,0.298375902858779,-0.00013278711839556,-0.192540733151323,1.05837168204657,0.000392386471262899,0.000608259940017881
0.942999999999951,1.7933536211981,0.00664637868046375,0.298184513760975,-0.000132927576037917,-0.193230451368647,1.05832634838739,0.00039211729280893,0.000608583163991872
0.943499999999951,1.79334660865235,0.00665339122624202,0.297993511235893,-0.00013306782695309,-0.193919785480753,1.05828109878383,0.000391848655967291,0.00060890574352147
0.943999999999951,1.79333960640951,0.00666039346909409,0.29780289374556,-0.00013320787180976,-0.194608737017625,1.05823593291568,0.000391580558587311,0.000609227681154629
0.944499999999951,1.79333261443636,0.00666738544226544,0.297612659761623,-0.000133347711272796,-0.19529730749967,1.05819085046472,0.000391312998531761,0.000609548979423411
0.944999999999951,1.79332563269983,0.0066743671788169,0.297422807765265,-0.000133487346003457,-0.195985498437803,1.05814585111463,0.000391045973676736,0.000609869640844123
0.945499999999951,1.79331866116704,0.00668133871162606,0.297233336247123,-0.000133626776659269,-0.196673311333528,1.05810093455107,0.000390779481911537,0.000610189667917456
0.945999999999951,1.79331169980529,0.00668830007338887,0.297044243707207,-0.000133766003894149,-0.19736074767902,1.05805610046157,0.000390513521138564,0.000610509063128614
0.946499999999951,1.79330474858208,0.00669525129662096,0.296855528654822,-0.000133905028358403,-0.198047808957203,1.05801134853559,0.000390248089273198,0.000610827828947448
0.946999999999951,1.79329780746506,0.00670219241365917,0.296667189608484,-0.000134043850698803,-0.198734496641832,1.05796667846445,0.000389983184243695,0.000611145967828589
0.947499999999951,1.79329087642207,0.00670912345666295,0.296479225095847,-0.000134182471558511,-0.199420812197566,1.05792208994134,0.000389718803991072,0.000611463482211577
0.947999999999951,1.79328395542114,0.00671604445761578,0.29629163365362,-0.000134320891577187,-0.200106757080053,1.05787758266129,0.000389454946469001,0.000611780374520988
0.948499999999951,1.79327704443045,0.00672295544832653,0.296104413827492,-0.000134459111391025,-0.200792332735999,1.05783315632118,0.000389191609643701,0.00061209664716656
0.948999999999951,1.79327014341836,0.00672985646043088,0.29591756417206,-0.000134597131632747,-0.201477540603249,1.0577888106197,0.000388928791493832,0.000612412302543319
0.949499999999951,1.79326325235342,0.00673674752539271,0.295731083250745,-0.00013473495293162,-0.202162382110857,1.05774454525734,0.000388666490010391,0.000612727343031707
0.949999999999951,1.79325637120433,0.00674362867450537,0.295544969635728,-0.000134872575913492,-0.202846858679166,1.05770035993638,0.000388404703196604,0.0006130417709977
0.95049999999995,1.79324949993996,0.00675049993889309,0.295359221907869,-0.000135010001200878,-0.203530971719877,1.05765625436087,0.00038814342906783,0.000613355588792928
0.95099999999995,1.79324263852936,0.0067573613495123,0.295173838656634,-0.000135147229412887,-0.204214722636122,1.05761222823663,0.000387882665651453,0.000613668798754803
0.95149999999995,1.79323578694173,0.00676421293715291,0.294988818480031,-0.000135284261165332,-0.204898112822538,1.0575682812712,0.000387622410986785,0.000613981403206627
0.95199999999995,1.79322894514646,0.00677105473243963,0.294804159984529,-0.000135421097070695,-0.205581143665333,1.05752441317387,0.000387362663124966,0.00061429340445772
0.95249999999995,1.79322211311309,0.00677788676583325,0.294619861784993,-0.000135557737738212,-0.206263816542364,1.05748062365563,0.000387103420128863,0.000614604804803529
0.95299999999995,1.79321529081131,0.00678470906763192,0.294435922504612,-0.000135694183773814,-0.206946132823198,1.0574369124292,0.000386844680072978,0.000614915606525748
0.95349999999995,1.79320847821099,0.00679152166797241,0.294252340774833,-0.000135830435780262,-0.207628093869186,1.05739327920894,0.000386586441043345,0.000615225811892425
0.95399999999995,1.79320167528215,0.00679832459683131,0.29406911523529,-0.000135966494357064,-0.208309701033531,1.05734972371093,0.00038632870113744,0.000615535423158084
0.95449999999995,1.79319488199497,0.00680511788402637,0.293886244533735,-0.000136102360100608,-0.208990955661351,1.05730624565287,0.000386071458464084,0.000615844442563828
0.95499999999995,1.7931880983198,0.00681190155921758,0.293703727325978,-0.000136238033604068,-0.20967185908975,1.05726284475413,0.000385814711143352,0.000616152872337454
0.95549999999995,1.79318132422712,0.00681867565190852,0.293521562275811,-0.000136373515457526,-0.210352412647883,1.05721952073571,0.000385558457306475,0.000616460714693562
0.95599999999995,1.7931745596876,0.00682544019144746,0.29333974805495,-0.000136508806247951,-0.211032617657018,1.05717627332023,0.000385302695095758,0.000616767971833661
0.95649999999995,1.79316780467204,0.00683219520702856,0.293158283342971,-0.000136643906559208,-0.211712475430605,1.0571331022319,0.000385047422664479,0.000617074645946275
0.95699999999995,1.79316105915139,0.00683894072769309,0.292977166827237,-0.00013677881697214,-0.212391987274337,1.05709000719654,0.000384792638176808,0.000617380739207053
0.95749999999995,1.79315432309677,0.00684567678233055,0.292796397202845,-0.000136913538064533,-0.213071154486212,1.05704698794155,0.000384538339807714,0.000617686253778868
0.95799999999995,1.79314759647944,0.00685240339967981,0.292615973172558,-0.00013704807041115,-0.213749978356601,1.05700404419588,0.000384284525742878,0.000617991191811929
0.95849999999995,1.79314087927081,0.00685912060833031,0.292435893446742,-0.000137182414583804,-0.214428460168302,1.05696117569006,0.000384031194178608,0.000618295555443871
0.95899999999995,1.79313417144243,0.00686582843672312,0.292256156743308,-0.000137316571151298,-0.215106601196607,1.05691838215616,0.000383778343321751,0.000618599346799868
0.95949999999995,1.79312747296602,0.00687252691315208,0.292076761787649,-0.000137450540679526,-0.215784402709362,1.05687566332774,0.00038352597138961,0.000618902567992728
0.959999999999949,1.79312078381343,0.0068792160657649,0.291897707312579,-0.000137584323731427,-0.216461865967024,1.05683301893994,0.000383274076609857,0.000619205221122993
0.960499999999949,1.79311410395665,0.00688589592256428,0.291718992058277,-0.000137717920867059,-0.217138992222722,1.05679044872937,0.000383022657220454,0.000619507308279036
0.960999999999949,1.79310743336782,0.00689256651140897,0.291540614772223,-0.000137851332643601,-0.217815782722317,1.05674795243413,0.000382771711469567,0.000619808831537162
0.961499999999949,1.79310077201923,0.00689922786001485,0.291362574209145,-0.000137984559615369,-0.218492238704457,1.05670552979381,0.000382521237615486,0.0006201097929617
0.961999999999949,1.79309411988331,0.00690587999595597,0.291184869130956,-0.000138117602333822,-0.219168361400639,1.05666318054949,0.000382271233926544,0.000620410194605101
0.962499999999949,1.79308747693262,0.00691252294666563,0.2910074983067,-0.000138250461347668,-0.219844152035261,1.05662090444368,0.000382021698681039,0.000620710038508032
0.962999999999949,1.79308084313986,0.00691915673943744,0.290830460512496,-0.000138383137202762,-0.220519611825682,1.05657870122036,0.00038177263016715,0.00062100932669947
0.963499999999949,1.79307421847789,0.00692578140142628,0.290653754531481,-0.000138515630442183,-0.221194741982276,1.05653657062493,0.000381524026682866,0.000621308061196791
0.963999999999949,1.79306760291969,0.0069323969596494,0.290477379153751,-0.000138647941606306,-0.221869543708486,1.05649451240422,0.0003812758865359,0.000621606244005866
0.964499999999949,1.79306099643837,0.00693900344098738,0.290301333176313,-0.000138780071232705,-0.222544018200883,1.05645252630648,0.000381028208043622,0.000621903877121149
0.964999999999949,1.79305439900718,0.00694560087218516,0.290125615403025,-0.000138912019856309,-0.223218166649217,1.05641061208135,0.000380780989532975,0.000622200962525768
0.965499999999949,1.79304781059953,0.006952189279853,0.289950224644546,-0.000139043788009316,-0.223891990236469,1.05636876947989,0.000380534229340402,0.000622497502191611
0.965999999999949,1.79304123118894,0.00695876869046753,0.289775159718278,-0.000139175376221261,-0.224565490138908,1.05632699825451,0.000380287925811775,0.000622793498079419
0.966499999999949,1.79303466074905,0.00696533913037263,0.289600419448319,-0.000139306785019021,-0.22523866752614,1.056285298159,0.000380042077302316,0.000623088952138867
0.966999999999949,1.79302809925366,0.00697190062578047,0.289426002665408,-0.000139438014926808,-0.225911523561162,1.05624366894853,0.000379796682176531,0.000623383866308655
0.967499999999949,1.79302154667668,0.00697845320277243,0.289251908206871,-0.000139569066466318,-0.226584059400413,1.05620211037958,0.00037955173880813,0.000623678242516591
0.967999999999949,1.79301500299217,0.00698499688730005,0.289078134916575,-0.000139699940156529,-0.227256276193826,1.05616062221001,0.000379307245579961,0.000623972082679676
0.968499999999949,1.79300846817431,0.00699153170518598,0.288904681644871,-0.000139830636513898,-0.227928175084875,1.056119204199,0.000379063200883937,0.000624265388704187
0.968999999999948,1.79300194219738,0.00699805768212489,0.288731547248552,-0.000139961156052332,-0.22859975721063,1.05607785610701,0.000378819603120968,0.00062455816248576
0.969499999999948,1.79299542503584,0.0070045748436844,0.288558730590795,-0.000140091499283186,-0.229271023701799,1.05603657769587,0.000378576450700886,0.000624850405909472
0.969999999999948,1.79298891666424,0.00701108321530598,0.288386230541117,-0.000140221666715262,-0.229941975682787,1.05599536872866,0.000378333742042387,0.000625142120849925
0.970499999999948,1.79298241705725,0.00701758282230588,0.288214045975325,-0.000140351658854919,-0.230612614271737,1.05595422896978,0.00037809147557295,0.000625433309171319
0.970999999999948,1.7929759261897,0.00702407368987597,0.288042175775467,-0.000140481476205989,-0.231282940580578,1.05591315818489,0.000377849649728779,0.000625723972727541
0.971499999999948,1.79296944403651,0.0070305558430847,0.287870618829785,-0.000140611119269815,-0.231952955715079,1.05587215614092,0.000377608262954735,0.000626014113362235
0.971999999999948,1.79296297057273,0.0070370293068779,0.287699374032667,-0.000140740588545338,-0.232622660774886,1.05583122260608,0.000377367313704266,0.000626303732908888
0.972499999999948,1.79295650577355,0.00704349410607971,0.287528440284604,-0.000140869884529042,-0.23329205685358,1.05579035734981,0.000377126800439343,0.0006265928331909
0.972999999999948,1.79295004961425,0.00704995026539339,0.287357816492137,-0.000140999007714963,-0.233961145038713,1.0557495601428,0.000376886721630402,0.000626881416021664
0.973499999999948,1.79294360207026,0.00705639780940222,0.287187501567815,-0.000141127958594806,-0.234629926411861,1.05570883075697,0.000376647075756266,0.000627169483204644
0.973999999999948,1.79293716311711,0.00706283676257032,0.287017494430149,-0.00014125673765783,-0.235298402048666,1.05566816896547,0.000376407861304096,0.000627457036533447
0.974499999999948,1.79293073273045,0.00706926714924347,0.28684779400357,-0.00014138534539096,-0.235966573018879,1.05562757454264,0.00037616907676932,0.000627744077791894
0.974999999999948,1.79292431088606,0.00707568899364999,0.286678399218378,-0.000141513782278745,-0.23663444038641,1.05558704726405,0.000375930720655572,0.000628030608754105
0.975499999999948,1.79291789755983,0.0070821023199015,0.286509309010703,-0.000141642048803445,-0.237302005209366,1.05554658690646,0.00037569279147463,0.000628316631184557
0.975999999999948,1.79291149272775,0.00708850715199377,0.286340522322458,-0.000141770145444954,-0.237969268540097,1.0555061932478,0.000375455287746357,0.000628602146838167
0.976499999999948,1.79290509636596,0.00709490351380754,0.2861720381013,-0.00014189807268089,-0.238636231425242,1.05546586606721,0.000375218207998639,0.000628887157460362
0.976999999999948,1.79289870845067,0.00710129142910929,0.286003855300582,-0.000142025830986589,-0.239302894905766,1.05542560514497,0.000374981550767326,0.000629171664787143
0.977499999999948,1.79289232895825,0.00710767092155204,0.285835972879312,-0.000142153420835109,-0.239969260017006,1.05538541026252,0.000374745314596171,0.000629455670545165
0.977999999999947,1.79288595786514,0.00711404201467614,0.285668389802116,-0.000142280842697268,-0.240635327788714,1.05534528120248,0.000374509498036772,0.000629739176451798
0.978499999999947,1.79287959514792,0.00712040473191004,0.285501105039189,-0.000142408097041608,-0.241301099245095,1.05530521774859,0.000374274099648514,0.000630022184215201
0.978999999999947,1.79287324078328,0.00712675909657107,0.285334117566255,-0.000142535184334498,-0.241966575404849,1.05526521968573,0.000374039117998513,0.000630304695534388
0.979499999999947,1.792866894748,0.00713310513186621,0.285167426364533,-0.000142662105040062,-0.242631757281215,1.05522528679992,0.000373804551661554,0.000630586712099296
0.979999999999947,1.79286055701899,0.00713944286089281,0.285001030420686,-0.000142788859620269,-0.243296645882005,1.05518541887826,0.000373570399220041,0.000630868235590853
0.980499999999947,1.79285422757326,0.0071457723066394,0.28483492872679,-0.000142915448534869,-0.243961242209653,1.05514561570902,0.000373336659263935,0.00063114926768104
0.980999999999947,1.79284790638793,0.00715209349198636,0.284669120280289,-0.000143041872241477,-0.244625547261245,1.05510587708151,0.000373103330390701,0.000631429810032964
0.981499999999947,1.79284159344022,0.00715840643970674,0.284503604083958,-0.00014316813119556,-0.245289562028564,1.05506620278619,0.000372870411205255,0.000631709864300916
0.981999999999947,1.79283528870748,0.0071647111724669,0.284338379145861,-0.000143294225850438,-0.245953287498129,1.05502659261457,0.000372637900319905,0.000631989432130438
0.982499999999947,1.79282899216713,0.00717100771282731,0.284173444479317,-0.000143420156657324,-0.246616724651228,1.05498704635924,0.000372405796354302,0.000632268515158389
0.982999999999947,1.79282270379674,0.00717729608324325,0.284008799102857,-0.000143545924065298,-0.247279874463964,1.05494756381389,0.000372174097935382,0.000632547115013003
0.983499999999947,1.79281642357393,0.00718357630606545,0.283844442040189,-0.000143671528521426,-0.247942737907287,1.05490814477325,0.000371942803697315,0.000632825233313959
0.983999999999947,1.79281015147647,0.00718984840354092,0.283680372320161,-0.000143796970470608,-0.248605315947034,1.0548687890331,0.000371711912281455,0.000633102871672435
0.984499999999947,1.79280388748221,0.00719611239781353,0.28351658897672,-0.000143922250355734,-0.249267609543964,1.05482949639029,0.00037148142233628,0.000633380031691175
0.984999999999947,1.79279763156912,0.00720236831092478,0.283353091048879,-0.000144047368617631,-0.249929619653796,1.05479026664269,0.000371251332517354,0.000633656714964549
0.985499999999947,1.79279138371525,0.00720861616481444,0.283189877580679,-0.000144172325695094,-0.250591347227247,1.05475109958921,0.000371021641487261,0.00063393292307861
0.985999999999947,1.79278514389875,0.00721485598132125,0.283026947621152,-0.000144297122024913,-0.251252793210065,1.0547119950298,0.000370792347915564,0.000634208657611158
0.986499999999947,1.79277891209791,0.00722108778218361,0.282864300224286,-0.000144421758041836,-0.251913958543066,1.05467295276541,0.000370563450478753,0.000634483920131798
0.986999999999946,1.79277268829107,0.0072273115890402,0.28270193444899,-0.000144546234178651,-0.252574844162172,1.054633972598,0.000370334947860194,0.000634758712201998
0.987499999999946,1.79276647245669,0.00723352742343071,0.282539849359058,-0.000144670550866137,-0.253235450998439,1.05459505433055,0.000370106838750079,0.000635033035375144
0.987999999999946,1.79276026457334,0.00723973530679641,0.282378044023132,-0.000144794708533139,-0.2538957799781,1.05455619776703,0.00036987912184538,0.000635306891196608
0.988499999999946,1.79275406461967,0.00724593526048088,0.282216517514674,-0.000144918707606502,-0.254555832022596,1.0545174027124,0.000369651795849799,0.00063558028120379
0.988999999999946,1.79274787257444,0.00725212730573063,0.282055268911923,-0.000145042548511172,-0.255215608048606,1.05447866897259,0.000369424859473722,0.000635853206926188
0.989499999999946,1.79274168841649,0.00725831146369571,0.281894297297868,-0.000145166231670144,-0.25587510896809,1.05443999635454,0.000369198311434167,0.000636125669885448
0.989999999999946,1.79273551212477,0.00726448775543037,0.28173360176021,-0.000145289757504524,-0.256534335688312,1.05440138466612,0.000368972150454742,0.000636397671595418
0.990499999999946,1.79272934367833,0.0072706562018937,0.281573181391332,-0.000145413126433472,-0.257193289111882,1.05436283371618,0.000368746375265597,0.000636669213562207
0.990999999999946,1.79272318305629,0.00727681682395024,0.281413035288264,-0.000145536338874277,-0.257851970136783,1.05432434331454,0.000368520984603375,0.000636940297284238
0.991499999999946,1.79271703023788,0.00728296964237058,0.28125316255265,-0.000145659395242373,-0.258510379656408,1.05428591327194,0.000368295977211171,0.000637210924252301
0.991999999999946,1.79271088520244,0.00728911467783198,0.281093562290716,-0.000145782295951275,-0.259168518559589,1.0542475434001,0.000368071351838482,0.000637481095949608
0.992499999999946,1.79270474792936,0.00729525195091903,0.280934233613238,-0.000145905041412701,-0.259826387730629,1.05420923351163,0.000367847107241167,0.000637750813851845
0.992999999999946,1.79269861839818,0.00730138148212416,0.280775175635513,-0.000146027632036492,-0.260483988049337,1.05417098342011,0.000367623242181398,0.000638020079427227
0.993499999999946,1.79269249658847,0.0073075032918483,0.280616387477319,-0.000146150068230662,-0.261141320391056,1.05413279294002,0.000367399755427616,0.000638288894136545
0.993999999999946,1.79268638247993,0.00731361740040148,0.280457868262895,-0.000146272350401405,-0.261798385626695,1.05409466188677,0.000367176645754494,0.000638557259433224
0.994499999999946,1.79268027605234,0.00731972382800334,0.2802996171209,-0.000146394478953135,-0.262455184622763,1.05405659007668,0.000366953911942884,0.00063882517676337
0.994999999999946,1.79267417728558,0.00732582259478383,0.280141633184389,-0.000146516454288419,-0.263111718241394,1.05401857732695,0.000366731552779779,0.000639092647565823
0.995499999999946,1.79266808615959,0.00733191372078368,0.279983915590778,-0.000146638276808102,-0.263767987340382,1.05398062345572,0.000366509567058274,0.000639359673272205
0.995999999999945,1.79266200265444,0.007337997225955,0.279826463481817,-0.000146759946911219,-0.264423992773209,1.05394272828198,0.000366287953577515,0.000639626255306971
0.996499999999945,1.79265592675025,0.00734407313016191,0.279669276003559,-0.000146881464995051,-0.265079735389075,1.05390489162564,0.000366066711142665,0.00063989239508746
0.996999999999945,1.79264985842724,0.00735014145318101,0.27951235230633,-0.000147002831455113,-0.265735216032928,1.05386711330747,0.000365845838564858,0.000640158094023942
0.997499999999945,1.79264379766574,0.007356202214702,0.2793556915447,-0.00014712404668523,-0.266390435545492,1.05382939314911,0.000365625334661163,0.000640423353519667
0.997999999999945,1.79263774444613,0.00736225543432821,0.279199292877453,-0.000147245111077436,-0.2670453947633,1.05379173097309,0.000365405198254534,0.000640688174970915
0.998499999999945,1.7926316987489,0.00736830113157715,0.279043155467557,-0.000147366025022112,-0.267700094518716,1.05375412660279,0.00036518542817378,0.000640952559767039
0.998999999999945,1.79262566055461,0.00737433932588107,0.278887278482142,-0.000147486788907879,-0.26835453563997,1.05371657986244,0.000364966023253519,0.000641216509290518
0.999499999999945,1.79261962984391,0.00738037003658745,0.278731661092462,-0.000147607403121697,-0.269008718951182,1.05367909057713,0.00036474698233414,0.000641480024917
0.999999999999945,1.79261360659756,0.00738639328295961,0.278576302473872,-0.000147727868048828,-0.269662645272393,1.05364165857278,0.000364528304261762,0.00064174310801535
1.00049999999995,1.79260759079636,0.00739240908417717,0.278421201805803,-0.000147848184072867,-0.270316315419591,1.05360428367617,0.0003643099878882,0.000642005759947696
1.00099999999995,1.79260158242121,0.00739841745933664,0.278266358271727,-0.000147968351575746,-0.270969730204737,1.05356696571491,0.000364092032070919,0.000642267982069473
1.00149999999994,1.79259558145311,0.00740441842745186,0.278111771059136,-0.000148088370937743,-0.271622890435798,1.05352970451741,0.000363874435673,0.000642529775729473
1.00199999999994,1.79258958787313,0.00741041200745461,0.277957439359512,-0.000148208242537501,-0.272275796916767,1.05349249991295,0.000363657197563104,0.000642791142269883
1.00249999999995,1.7925836016624,0.00741639821819507,0.277803362368298,-0.000148327966751988,-0.272928450447695,1.05345535173158,0.00036344031661543,0.000643052083026337
1.00299999999995,1.79257762280217,0.0074223770784423,0.277649539284878,-0.00014844754395664,-0.273580851824714,1.05341825980419,0.00036322379170968,0.000643312599327952
1.00349999999994,1.79257165127374,0.00742834860688483,0.277495969312542,-0.000148566974525185,-0.274233001840067,1.05338122396247,0.000363007621731021,0.00064357269249738
1.00399999999994,1.79256568705851,0.00743431282213109,0.277342651658466,-0.0001486862588298,-0.274884901282131,1.0533442440389,0.000362791805570049,0.000643832363850845
1.00449999999995,1.79255973013795,0.00744026974270993,0.277189585533685,-0.000148805397241075,-0.275536550935445,1.05330731986678,0.000362576342122754,0.000644091614698188
1.00499999999995,1.7925537804936,0.00744621938707112,0.277036770153063,-0.000148924390127994,-0.276187951580733,1.05327045128017,0.000362361230290482,0.000644350446342912
1.00549999999994,1.7925478381071,0.00745216177358581,0.276884204735273,-0.000149043237857985,-0.276839103994933,1.05323363811394,0.000362146468979896,0.000644608860082221
1.00599999999994,1.79254190296015,0.00745809692054706,0.276731888502767,-0.000149161940796914,-0.277490008951221,1.05319688020373,0.00036193205710295,0.000644866857207063
1.00649999999994,1.79253597503455,0.00746402484617027,0.276579820681757,-0.000149280499309075,-0.278140667219034,1.05316017738594,0.000361717993576844,0.000645124439002173
1.00699999999994,1.79253005431214,0.00746994556859371,0.276428000502181,-0.000149398913757238,-0.278791079564098,1.05312352949776,0.000361504277323995,0.00064538160674611
1.00749999999994,1.79252414077487,0.00747585910587895,0.276276427197685,-0.000149517184502644,-0.279441246748449,1.05308693637715,0.000361290907272001,0.000645638361711306
1.00799999999994,1.79251823440475,0.00748176547601133,0.276125100005599,-0.00014963531190499,-0.280091169530461,1.0530503978628,0.000361077882353605,0.000645894705164095
1.00849999999994,1.79251233518388,0.00748766469690047,0.275974018166909,-0.000149753296322469,-0.280740848664869,1.05301391379419,0.000360865201506663,0.000646150638364763
1.00899999999994,1.79250644309441,0.00749355678638067,0.275823180926233,-0.000149871138111775,-0.281390284902791,1.05297748401152,0.000360652863674111,0.000646406162567585
1.00949999999994,1.7925005581186,0.00749944176221142,0.275672587531799,-0.000149988837628082,-0.282039478991756,1.05294110835575,0.000360440867803928,0.000646661279020861
1.00999999999994,1.79249468023874,0.00750531964207781,0.275522237235422,-0.000150106395225121,-0.282688431675722,1.05290478666857,0.000360229212849109,0.00064691598896696
1.01049999999994,1.79248880943725,0.00751119044359104,0.275372129292479,-0.000150223811255082,-0.283337143695104,1.05286851879243,0.000360017897767624,0.000647170293642355
1.01099999999994,1.79248294569656,0.00751705418428879,0.275222262961884,-0.000150341086068748,-0.283985615786797,1.05283230457047,0.000359806921522393,0.000647424194277664
1.01149999999994,1.79247708899923,0.00752291088163573,0.275072637506069,-0.000150458220015387,-0.284633848684196,1.0527961438466,0.000359596283081251,0.000647677692097688
1.01199999999994,1.79247123932786,0.00752876055302391,0.274923252190958,-0.000150575213442847,-0.28528184311722,1.05276003646542,0.000359385981416911,0.000647930788321448
1.01249999999994,1.79246539666512,0.00753460321577326,0.274774106285945,-0.000150692066697537,-0.285929599812336,1.05272398227226,0.000359176015506943,0.000648183484162222
1.01299999999994,1.79245956099378,0.00754043888713195,0.274625199063871,-0.000150808780124426,-0.286577119492582,1.05268798111315,0.000358966384333732,0.000648435780827583
1.01349999999994,1.79245373229665,0.00754626758427685,0.274476529801004,-0.000150925354067022,-0.287224402877584,1.05265203283484,0.000358757086884453,0.000648687679519436
1.01399999999994,1.79244791055663,0.00755208932431398,0.274328097777013,-0.000151041788867462,-0.287871450683586,1.05261613728479,0.000358548122151037,0.000648939181434056
1.01449999999994,1.79244209575668,0.0075579041242789,0.27417990227495,-0.000151158084866473,-0.288518263623466,1.05258029431112,0.000358339489130142,0.000649190287762122
1.01499999999994,1.79243628787983,0.00756371200113713,0.274031942581224,-0.00015127424240334,-0.289164842406759,1.05254450376269,0.000358131186823122,0.000649440999688753
1.01549999999994,1.7924304869092,0.00756951297178462,0.273884217985584,-0.000151390261816001,-0.28981118773968,1.05250876548903,0.000357923214235996,0.000649691318393544
1.01599999999994,1.79242469282795,0.00757530705304807,0.273736727781094,-0.000151506143440977,-0.290457300325143,1.05247307934035,0.00035771557037942,0.000649941245050606
1.01649999999994,1.79241890561933,0.00758109426168541,0.273589471264112,-0.000151621887613432,-0.291103180862785,1.05243744516754,0.000357508254268654,0.000650190780828593
1.01699999999994,1.79241312526664,0.00758687461438621,0.273442447734272,-0.000151737494667153,-0.291748830048985,1.05240186282219,0.000357301264923537,0.000650439926890742
1.01749999999994,1.79240735175327,0.00759264812777201,0.273295656494458,-0.000151852964934571,-0.292394248576885,1.05236633215653,0.000357094601368453,0.000650688684394908
1.01799999999994,1.79240158506266,0.00759841481839682,0.27314909685079,-0.000151968298746787,-0.293039437136413,1.05233085302347,0.000356888262632306,0.000650937054493597
1.01849999999994,1.79239582517832,0.00760417470274744,0.273002768112595,-0.000152083496433496,-0.293684396414297,1.0522954252766,0.000356682247748488,0.000651185038333997
1.01899999999994,1.79239007208384,0.0076099277972439,0.272856669592396,-0.00015219855832313,-0.294329127094096,1.05226004877015,0.000356476555754853,0.000651432637058019
1.01949999999994,1.79238432576286,0.00761567411823981,0.272710800605881,-0.000152313484742775,-0.294973629856209,1.052224723359,0.000356271185693689,0.000651679851802322
1.01999999999994,1.79237858619909,0.0076214136820228,0.272565160471895,-0.000152428276018142,-0.295617905377902,1.05218944889871,0.000356066136611685,0.000651926683698352
1.02049999999994,1.79237285337632,0.00762714650481485,0.272419748512409,-0.000152542932473687,-0.296261954333326,1.05215422524546,0.00035586140755991,0.000652173133872374
1.02099999999994,1.79236712727837,0.00763287260277272,0.272274564052508,-0.000152657454432555,-0.296905777393536,1.05211905225609,0.000355656997593782,0.000652419203445503
1.02149999999994,1.79236140788917,0.00763859199198829,0.272129606420366,-0.000152771842216577,-0.297549375226511,1.05208392978807,0.000355452905773037,0.000652664893533736
1.02199999999994,1.79235569519268,0.00764430468848898,0.271984874947231,-0.000152886096146311,-0.298192748497175,1.05204885769951,0.000355249131161712,0.000652910205247989
1.02249999999994,1.79234998917295,0.00765001070823806,0.271840368967404,-0.000153000216540994,-0.298835897867412,1.05201383584915,0.000355045672828106,0.000653155139694121
1.02299999999994,1.79234428981407,0.0076557100671351,0.271696087818218,-0.000153114203718649,-0.29947882399609,1.05197886409634,0.000354842529844761,0.000653399697972973
1.02349999999994,1.7923385971002,0.00766140278101626,0.27155203084002,-0.000153228057995988,-0.300121527539076,1.0519439423011,0.000354639701288434,0.000653643881180395
1.02399999999994,1.79233291101558,0.00766708886565472,0.271408197376156,-0.000153341779688475,-0.300764009149257,1.05190907032402,0.000354437186240068,0.000653887690407278
1.02449999999994,1.79232723154448,0.00767276833676099,0.271264586772945,-0.000153455369110315,-0.301406269476558,1.05187424802633,0.000354234983784772,0.000654131126739586
1.02499999999994,1.79232155867128,0.00767844120998333,0.271121198379668,-0.000153568826574475,-0.302048309167959,1.05183947526987,0.000354033093011787,0.000654374191258385
1.02549999999994,1.79231589238037,0.00768410750090802,0.270978031548545,-0.000153682152392691,-0.302690128867518,1.0518047519171,0.000353831513014465,0.000654616885039875
1.02599999999994,1.79231023265623,0.00768976722505981,0.270835085634716,-0.000153795346875443,-0.303331729216381,1.05177007783105,0.000353630242890245,0.000654859209155419
1.02649999999994,1.7923045794834,0.00769542039790219,0.270692359996228,-0.000153908410331999,-0.30397311085281,1.05173545287538,0.000353429281740624,0.000655101164671574
1.02699999999994,1.79229893284648,0.0077010670348378,0.270549853994011,-0.00015402134307043,-0.304614274412191,1.05170087691435,0.000353228628671134,0.000655342752650117
1.02749999999994,1.79229329273012,0.00770670715120874,0.270407566991865,-0.000154134145397555,-0.305255220527061,1.05166634981279,0.000353028282791315,0.000655583974148082
1.02799999999994,1.79228765911905,0.00771234076229693,0.270265498356438,-0.000154246817619046,-0.305895949827117,1.05163187143615,0.000352828243214695,0.000655824830217782
1.02849999999994,1.79228203199803,0.00771796788332444,0.270123647457215,-0.000154359360039318,-0.306536462939239,1.05159744165043,0.00035262850905876,0.00065606532190684
1.02899999999994,1.79227641135192,0.00772358852945384,0.269982013666493,-0.000154471772961629,-0.307176760487507,1.05156306032225,0.000352429079444934,0.000656305450258218
1.02949999999994,1.7922707971656,0.00772920271578852,0.269840596359367,-0.000154584056688028,-0.307816843093216,1.05152872731879,0.000352229953498549,0.000656545216310248
1.02999999999994,1.79226518942403,0.00773481045737306,0.269699394913715,-0.000154696211519444,-0.308456711374893,1.0514944425078,0.000352031130348831,0.000656784621096656
1.03049999999994,1.79225958811222,0.0077404117691935,0.269558408710177,-0.000154808237755565,-0.309096365948316,1.05146020575763,0.000351832609128866,0.000657023665646594
1.03099999999994,1.79225399321525,0.00774600666617773,0.269417637132143,-0.000154920135694979,-0.309735807426531,1.05142601693716,0.000351634388975582,0.000657262350984664
1.03149999999994,1.79224840471825,0.00775159516319577,0.26927707956573,-0.000155031905635067,-0.310375036419864,1.05139187591586,0.000351436469029724,0.000657500678130949
1.03199999999994,1.7922428226064,0.00775717727506013,0.269136735399771,-0.000155143547872057,-0.311014053535945,1.05135778256377,0.000351238848435833,0.000657738648101038
1.03249999999994,1.79223724686495,0.00776275301652612,0.268996604025797,-0.000155255062701115,-0.311652859379717,1.05132373675147,0.000351041526342219,0.000657976261906056
1.03299999999994,1.79223167747919,0.00776832240229213,0.268856684838018,-0.000155366450416153,-0.312291454553457,1.05128973835011,0.000350844501900942,0.000658213520552687
1.03349999999994,1.7922261144345,0.00777388544700003,0.26871697723331,-0.000155477711310033,-0.312929839656791,1.05125578723137,0.000350647774267787,0.000658450425043205
1.03399999999994,1.79222055771628,0.0077794421652354,0.268577480611198,-0.000155588845674459,-0.313568015286708,1.05122188326751,0.000350451342602241,0.000658686976375498
1.03449999999994,1.79221500731,0.00778499257152789,0.268438194373839,-0.00015569985380004,-0.31420598203758,1.0511880263313,0.000350255206067473,0.000658923175543094
1.03499999999994,1.79220946320119,0.00779053668035151,0.268299117926008,-0.000155810735976231,-0.314843740501173,1.05115421629609,0.000350059363830313,0.00065915902353519
1.03549999999994,1.79220392537543,0.00779607450612494,0.268160250675079,-0.000155921492491433,-0.315481291266667,1.05112045303575,0.000349863815061224,0.000659394521336676
1.03599999999994,1.79219839381836,0.00780160606321188,0.268021592031014,-0.000156032123632882,-0.316118634920668,1.05108673642468,0.000349668558934287,0.000659629669928159
1.03649999999994,1.79219286851566,0.00780713136592127,0.267883141406345,-0.000156142629686801,-0.316755772047226,1.05105306633782,0.000349473594627173,0.000659864470285991
1.03699999999994,1.79218734945309,0.00781265042850763,0.267744898216157,-0.000156253010938245,-0.31739270322785,1.05101944265064,0.00034927892132113,0.000660098923382298
1.03749999999994,1.79218183661644,0.00781816326517141,0.267606861878075,-0.000156363267671246,-0.318029429041519,1.05098586523915,0.000349084538200952,0.000660333030184995
1.03799999999994,1.79217632999156,0.0078236698900592,0.267469031812251,-0.000156473400168729,-0.318665950064705,1.05095233397985,0.000348890444454964,0.000660566791657822
1.03849999999994,1.79217082956437,0.00782917031726408,0.267331407441342,-0.000156583408712559,-0.31930226687138,1.0509188487498,0.000348696639275001,0.00066080020876036
1.03899999999994,1.79216533532082,0.00783466456082588,0.267193988190503,-0.000156693293583518,-0.319938380033036,1.05088540942654,0.000348503121856383,0.000661033282448063
1.03949999999994,1.79215984724693,0.0078401526347315,0.267056773487367,-0.000156803055061355,-0.320574290118697,1.05085201588816,0.000348309891397899,0.000661266013672278
1.03999999999994,1.79215436532876,0.0078456345529152,0.266919762762033,-0.00015691269342475,-0.321209997694936,1.05081866801323,0.000348116947101783,0.00066149840338027
1.04049999999994,1.79214888955243,0.00785111032925885,0.266782955447049,-0.000157022208951356,-0.321845503325886,1.05078536568085,0.000347924288173698,0.000661730452515245
1.04099999999994,1.79214341990411,0.00785657997759223,0.2666463509774,-0.000157131601917764,-0.322480807573258,1.05075210877061,0.00034773191382271,0.000661962162016376
1.04149999999994,1.79213795637003,0.00786204351169334,0.266509948790493,-0.000157240872599496,-0.323115910996353,1.05071889716261,0.000347539823261271,0.000662193532818828
1.04199999999994,1.79213249893644,0.00786750094528865,0.266373748326142,-0.000157350021271145,-0.323750814152079,1.05068573073746,0.000347348015705201,0.000662424565853777
1.04249999999994,1.79212704758969,0.00787295229205336,0.266237749026552,-0.000157459048206167,-0.324385517594959,1.05065260937626,0.000347156490373665,0.000662655262048438
1.04299999999994,1.79212160231615,0.00787839756561174,0.266101950336312,-0.000157567953677051,-0.325020021877153,1.05061953296058,0.000346965246489155,0.000662885622326082
1.04349999999994,1.79211616310224,0.00788383677953735,0.265966351702373,-0.00015767673795531,-0.325654327548465,1.05058650137252,0.00034677428327747,0.000663115647606068
1.04399999999994,1.79211072993443,0.00788926994735332,0.265830952574037,-0.00015778540131136,-0.326288435156361,1.05055351449464,0.000346583599967696,0.000663345338803857
1.04449999999994,1.79210530279927,0.00789469708253263,0.265695752402946,-0.000157893944014685,-0.326922345245981,1.05052057221,0.00034639319579219,0.000663574696831041
1.04499999999994,1.79209988168331,0.00790011819849839,0.265560750643064,-0.000158002366333711,-0.327556058360153,1.05048767440213,0.000346203069986557,0.000663803722595362
1.04549999999994,1.7920944665732,0.00790553330862408,0.265425946750668,-0.000158110668535966,-0.328189575039404,1.05045482095506,0.000346013221789633,0.000664032417000734
1.04599999999994,1.7920890574556,0.00791094242623384,0.265291340184331,-0.000158218850887897,-0.32882289582198,1.05042201175327,0.000345823650443467,0.000664260780947269
1.04649999999994,1.79208365431725,0.0079163455646027,0.265156930404908,-0.000158326913654999,-0.32945602124385,1.05038924668175,0.0003456343551933,0.000664488815331296
1.04699999999994,1.79207825714491,0.00792174273695688,0.265022716875529,-0.000158434857101812,-0.330088951838726,1.05035652562591,0.00034544533528755,0.000664716521045381
1.04749999999994,1.79207286592541,0.00792713395647402,0.264888699061578,-0.000158542681491895,-0.330721688138076,1.05032384847169,0.000345256589977789,0.000664943898978354
1.04799999999994,1.79206748064561,0.00793251923628345,0.264754876430685,-0.000158650387087816,-0.331354230671133,1.05029121510544,0.000345068118518731,0.000665170950015326
1.04849999999994,1.79206210129244,0.00793789858946646,0.264621248452711,-0.00015875797415122,-0.331986579964907,1.05025862541402,0.000344879920168207,0.000665397675037712
1.04899999999994,1.79205672785286,0.00794327202905651,0.264487814599737,-0.000158865442942746,-0.332618736544207,1.05022607928472,0.000344691994187153,0.000665624074923252
1.04949999999994,1.79205136031389,0.00794863956803952,0.264354574346048,-0.000158972793722151,-0.333250700931643,1.05019357660529,0.000344504339839587,0.000665850150546033
1.04999999999994,1.79204599866259,0.00795400121935411,0.264221527168126,-0.000159080026748172,-0.333882473647642,1.05016111726397,0.000344316956392598,0.000666075902776508
