time_s,OUT_V,VIN_V,E_V,X_V
0,1.7970364185554,0.75,0.0029635813111152,0.419283239530155
5.00000000000001e-15,1.7970364185554,0.75,0.0029635813111152,0.419283239530156
1e-14,1.7970364185554,0.75,0.0029635813111152,0.419283239530156
2e-14,1.7970364185554,0.75,0.0029635813111152,0.419283239530156
4.00000000000001e-14,1.7970364185554,0.75,0.00296358131111525,0.419283239530155
8.00000000000001e-14,1.7970364185554,0.75,0.00296358131111535,0.419283239530156
1.6e-13,1.7970364185554,0.75,0.00296358131111522,0.419283239530156
3.20000000000001e-13,1.7970364185554,0.75,0.00296358131111522,0.419283239530156
6.40000000000001e-13,1.7970364185554,0.75,0.00296358131111522,0.419283239530157
1.14e-12,1.7970364185554,0.75,0.0029635813111152,0.419283239530156
1.64e-12,1.7970364185554,0.75,0.00296358131111519,0.419283239530156
2.14e-12,1.7970364185554,0.75,0.0029635813111152,0.419283239530156
2.64e-12,1.7970364185554,0.75,0.00296358131111519,0.419283239530156
3.14e-12,1.79703641855541,0.75,0.00296358131111519,0.419283239530156
3.64e-12,1.79703641855541,0.75,0.0029635813111152,0.419283239530156
4.14000000000001e-12,1.79703641855541,0.75,0.0029635813111152,0.419283239530156
4.64000000000001e-12,1.79703641855541,0.75,0.0029635813111152,0.419283239530156
5.14000000000001e-12,1.79703641855541,0.75,0.0029635813111152,0.419283239530156
5.64000000000001e-12,1.79703641855541,0.75,0.0029635813111152,0.419283239530156
6.14000000000001e-12,1.79703641855541,0.75,0.0029635813111152,0.419283239530156
6.64000000000001e-12,1.79703641855541,0.75,0.00296358131111519,0.419283239530156
7.14000000000001e-12,1.79703641855541,0.75,0.00296358131111519,0.419283239530156
7.64000000000001e-12,1.79703641855541,0.75,0.00296358131111519,0.419283239530156
8.14000000000001e-12,1.79703641855541,0.75,0.00296358131111519,0.419283239530156
8.64000000000001e-12,1.79703641855541,0.75,0.00296358131111519,0.419283239530155
9.14000000000001e-12,1.79703641855541,0.75,0.00296358131111519,0.419283239530155
9.64000000000001e-12,1.79703641855541,0.75,0.00296358131111519,0.419283239530156
1.014e-11,1.79703641855541,0.75,0.0029635813111152,0.419283239530156
1.064e-11,1.79703641855541,0.75,0.0029635813111152,0.419283239530156
1.114e-11,1.79703641855542,0.75,0.0029635813111152,0.419283239530156
1.164e-11,1.79703641855542,0.75,0.0029635813111152,0.419283239530156
1.214e-11,1.79703641855542,0.75,0.0029635813111152,0.419283239530156
1.264e-11,1.79703641855542,0.75,0.0029635813111152,0.419283239530156
1.314e-11,1.79703641855542,0.75,0.0029635813111152,0.419283239530156
1.364e-11,1.79703641855542,0.75,0.00296358131111519,0.419283239530156
1.414e-11,1.79703641855542,0.75,0.00296358131111519,0.419283239530156
1.464e-11,1.79703641855542,0.75,0.0029635813111152,0.419283239530156
1.514e-11,1.79703641855542,0.75,0.0029635813111152,0.419283239530156
1.564e-11,1.79703641855542,0.75,0.0029635813111152,0.419283239530156
1.614e-11,1.79703641855542,0.75,0.0029635813111152,0.419283239530156
1.664e-11,1.79703641855542,0.75,0.0029635813111152,0.419283239530156
1.714e-11,1.79703641855542,0.75,0.0029635813111152,0.419283239530156
1.764e-11,1.79703641855542,0.75,0.0029635813111152,0.419283239530156
1.814e-11,1.79703641855542,0.75,0.0029635813111152,0.419283239530156
1.864e-11,1.79703641855543,0.75,0.0029635813111152,0.419283239530156
1.914e-11,1.79703641855543,0.75,0.0029635813111152,0.419283239530156
1.964e-11,1.79703641855543,0.75,0.0029635813111152,0.419283239530156
2.014e-11,1.79703641855543,0.75,0.0029635813111152,0.419283239530156
2.06400000000001e-11,1.79703641855543,0.75,0.0029635813111152,0.419283239530156
2.114e-11,1.79703641855543,0.75,0.0029635813111152,0.419283239530156
2.16400000000001e-11,1.79703641855543,0.75,0.0029635813111152,0.419283239530156
2.214e-11,1.79703641855543,0.75,0.0029635813111152,0.419283239530156
2.26400000000001e-11,1.79703641855543,0.75,0.0029635813111152,0.419283239530156
2.31400000000001e-11,1.79703641855543,0.75,0.0029635813111152,0.419283239530156
2.36400000000001e-11,1.79703641855543,0.75,0.0029635813111152,0.419283239530156
2.41400000000001e-11,1.79703641855543,0.75,0.0029635813111152,0.419283239530156
2.46400000000001e-11,1.79703641855543,0.75,0.0029635813111152,0.419283239530156
2.51400000000001e-11,1.79703641855543,0.75,0.0029635813111152,0.419283239530156
2.56400000000001e-11,1.79703641855543,0.75,0.0029635813111152,0.419283239530156
2.61400000000001e-11,1.79703641855543,0.75,0.0029635813111152,0.419283239530156
2.66400000000001e-11,1.79703641855543,0.75,0.0029635813111152,0.419283239530156
2.71400000000001e-11,1.79703641855543,0.75,0.0029635813111152,0.419283239530156
2.76400000000001e-11,1.79703641855543,0.75,0.0029635813111152,0.419283239530156
2.81400000000001e-11,1.79703641855543,0.75,0.0029635813111152,0.419283239530156
2.86400000000001e-11,1.79703641855543,0.75,0.0029635813111152,0.419283239530156
2.91400000000001e-11,1.79703641855543,0.75,0.0029635813111152,0.419283239530156
2.96400000000001e-11,1.79703641855543,0.75,0.0029635813111152,0.419283239530156
3.01400000000001e-11,1.79703641855543,0.75,0.0029635813111152,0.419283239530156
3.06400000000001e-11,1.79703641855543,0.75,0.0029635813111152,0.419283239530156
3.11400000000001e-11,1.79703641855543,0.75,0.0029635813111152,0.419283239530156
3.16400000000001e-11,1.79703641855543,0.75,0.0029635813111152,0.419283239530156
3.21400000000001e-11,1.79703641855543,0.75,0.0029635813111152,0.419283239530156
3.26400000000001e-11,1.79703641855543,0.75,0.0029635813111152,0.419283239530156
3.31400000000001e-11,1.79703641855543,0.75,0.0029635813111152,0.419283239530156
3.36400000000001e-11,1.79703641855543,0.75,0.0029635813111152,0.419283239530156
3.41400000000001e-11,1.79703641855543,0.75,0.0029635813111152,0.419283239530156
3.464e-11,1.79703641855543,0.75,0.0029635813111152,0.419283239530156
3.51400000000001e-11,1.79703641855543,0.75,0.0029635813111152,0.419283239530156
3.56400000000001e-11,1.79703641855543,0.75,0.0029635813111152,0.419283239530156
3.614e-11,1.79703641855543,0.75,0.0029635813111152,0.419283239530156
3.664e-11,1.79703641855543,0.75,0.0029635813111152,0.419283239530156
3.71400000000001e-11,1.79703641855543,0.75,0.0029635813111152,0.419283239530156
3.764e-11,1.79703641855543,0.75,0.0029635813111152,0.419283239530156
3.814e-11,1.79703641855543,0.75,0.0029635813111152,0.419283239530156
3.864e-11,1.79703641855543,0.75,0.0029635813111152,0.419283239530156
3.914e-11,1.79703641855543,0.75,0.0029635813111152,0.419283239530156
3.964e-11,1.79703641855543,0.75,0.0029635813111152,0.419283239530156
4.014e-11,1.79703641855543,0.75,0.0029635813111152,0.419283239530156
4.064e-11,1.79703641855543,0.75,0.0029635813111152,0.419283239530156
4.114e-11,1.79703641855543,0.75,0.0029635813111152,0.419283239530156
4.164e-11,1.79703641855543,0.75,0.0029635813111152,0.419283239530156
4.214e-11,1.79703641855543,0.75,0.0029635813111152,0.419283239530156
4.264e-11,1.79703641855543,0.75,0.0029635813111152,0.419283239530156
4.314e-11,1.79703641855543,0.75,0.0029635813111152,0.419283239530156
4.364e-11,1.79703641855543,0.75,0.0029635813111152,0.419283239530156
4.414e-11,1.79703641855543,0.75,0.0029635813111152,0.419283239530156
4.464e-11,1.79703641855543,0.75,0.0029635813111152,0.419283239530156
4.514e-11,1.79703641855543,0.75,0.0029635813111152,0.419283239530156
4.564e-11,1.79703641855543,0.75,0.0029635813111152,0.419283239530156
4.614e-11,1.79703641855543,0.75,0.0029635813111152,0.419283239530156
4.664e-11,1.79703641855543,0.75,0.0029635813111152,0.419283239530156
4.714e-11,1.79703641855543,0.75,0.0029635813111152,0.419283239530156
4.764e-11,1.79703641855543,0.75,0.0029635813111152,0.419283239530156
4.814e-11,1.79703641855543,0.75,0.0029635813111152,0.419283239530156
4.864e-11,1.79703641855543,0.75,0.0029635813111152,0.419283239530156
4.914e-11,1.79703641855543,0.75,0.0029635813111152,0.419283239530156
4.964e-11,1.79703641855543,0.75,0.0029635813111152,0.419283239530156
5.014e-11,1.79703641855543,0.75,0.0029635813111152,0.419283239530156
5.064e-11,1.79703641855543,0.75,0.0029635813111152,0.419283239530156
5.114e-11,1.79703641855543,0.75,0.0029635813111152,0.419283239530156
5.164e-11,1.79703641855543,0.75,0.0029635813111152,0.419283239530156
5.214e-11,1.79703641855543,0.75,0.0029635813111152,0.419283239530156
5.264e-11,1.79703641855543,0.75,0.0029635813111152,0.419283239530156
5.314e-11,1.79703641855543,0.75,0.0029635813111152,0.419283239530156
5.364e-11,1.79703641855543,0.75,0.0029635813111152,0.419283239530156
5.414e-11,1.79703641855543,0.75,0.0029635813111152,0.419283239530156
5.464e-11,1.79703641855543,0.75,0.0029635813111152,0.419283239530156
5.514e-11,1.79703641855543,0.75,0.0029635813111152,0.419283239530156
5.564e-11,1.79703641855543,0.75,0.0029635813111152,0.419283239530156
5.614e-11,1.79703641855543,0.75,0.0029635813111152,0.419283239530156
5.664e-11,1.79703641855543,0.75,0.0029635813111152,0.419283239530156
5.714e-11,1.79703641855543,0.75,0.0029635813111152,0.419283239530156
5.764e-11,1.79703641855543,0.75,0.0029635813111152,0.419283239530156
5.814e-11,1.79703641855543,0.75,0.0029635813111152,0.419283239530156
5.864e-11,1.79703641855543,0.75,0.0029635813111152,0.419283239530156
5.914e-11,1.79703641855543,0.75,0.0029635813111152,0.419283239530156
5.964e-11,1.79703641855543,0.75,0.0029635813111152,0.419283239530156
6.014e-11,1.79703641855543,0.75,0.0029635813111152,0.419283239530156
6.064e-11,1.79703641855543,0.75,0.0029635813111152,0.419283239530156
6.114e-11,1.79703641855543,0.75,0.0029635813111152,0.419283239530156
6.164e-11,1.79703641855543,0.75,0.0029635813111152,0.419283239530156
6.214e-11,1.79703641855543,0.75,0.0029635813111152,0.419283239530156
6.264e-11,1.79703641855543,0.75,0.0029635813111152,0.419283239530156
6.314e-11,1.79703641855543,0.75,0.0029635813111152,0.419283239530156
6.364e-11,1.79703641855543,0.75,0.0029635813111152,0.419283239530156
6.414e-11,1.79703641855543,0.75,0.0029635813111152,0.419283239530156
6.464e-11,1.79703641855543,0.75,0.0029635813111152,0.419283239530156
6.514e-11,1.79703641855543,0.75,0.0029635813111152,0.419283239530156
6.564e-11,1.79703641855543,0.75,0.0029635813111152,0.419283239530156
6.614e-11,1.79703641855543,0.75,0.0029635813111152,0.419283239530156
6.664e-11,1.79703641855543,0.75,0.0029635813111152,0.419283239530156
6.71399999999999e-11,1.79703641855543,0.75,0.0029635813111152,0.419283239530156
6.76399999999999e-11,1.79703641855543,0.75,0.0029635813111152,0.419283239530156
6.81399999999999e-11,1.79703641855543,0.75,0.0029635813111152,0.419283239530156
6.86399999999999e-11,1.79703641855543,0.75,0.0029635813111152,0.419283239530156
6.91399999999999e-11,1.79703641855543,0.75,0.0029635813111152,0.419283239530156
6.96399999999999e-11,1.79703641855543,0.75,0.0029635813111152,0.419283239530156
7.01399999999999e-11,1.79703641855543,0.75,0.0029635813111152,0.419283239530156
7.06399999999999e-11,1.79703641855543,0.75,0.0029635813111152,0.419283239530156
7.11399999999999e-11,1.79703641855543,0.75,0.0029635813111152,0.419283239530156
7.16399999999999e-11,1.79703641855543,0.75,0.0029635813111152,0.419283239530156
7.21399999999999e-11,1.79703641855543,0.75,0.0029635813111152,0.419283239530156
7.26399999999999e-11,1.79703641855543,0.75,0.0029635813111152,0.419283239530156
7.31399999999999e-11,1.79703641855543,0.75,0.0029635813111152,0.419283239530156
7.36399999999999e-11,1.79703641855543,0.75,0.0029635813111152,0.419283239530156
7.41399999999999e-11,1.79703641855543,0.75,0.0029635813111152,0.419283239530156
7.46399999999999e-11,1.79703641855543,0.75,0.0029635813111152,0.419283239530156
7.51399999999999e-11,1.79703641855543,0.75,0.0029635813111152,0.419283239530156
7.56399999999999e-11,1.79703641855543,0.75,0.0029635813111152,0.419283239530156
7.61399999999999e-11,1.79703641855543,0.75,0.0029635813111152,0.419283239530156
7.66399999999999e-11,1.79703641855543,0.75,0.0029635813111152,0.419283239530156
7.71399999999999e-11,1.79703641855543,0.75,0.0029635813111152,0.419283239530156
7.76399999999999e-11,1.79703641855543,0.75,0.0029635813111152,0.419283239530156
7.81399999999999e-11,1.79703641855543,0.75,0.0029635813111152,0.419283239530156
7.86399999999999e-11,1.79703641855543,0.75,0.0029635813111152,0.419283239530156
7.91399999999999e-11,1.79703641855543,0.75,0.0029635813111152,0.419283239530156
7.96399999999999e-11,1.79703641855543,0.75,0.0029635813111152,0.419283239530156
8.01399999999999e-11,1.79703641855543,0.75,0.0029635813111152,0.419283239530156
8.06399999999999e-11,1.79703641855543,0.75,0.0029635813111152,0.419283239530156
8.11399999999999e-11,1.79703641855543,0.75,0.0029635813111152,0.419283239530156
8.16399999999999e-11,1.79703641855543,0.75,0.0029635813111152,0.419283239530156
8.21399999999999e-11,1.79703641855543,0.75,0.0029635813111152,0.419283239530156
8.26399999999999e-11,1.79703641855543,0.75,0.0029635813111152,0.419283239530156
8.31399999999999e-11,1.79703641855543,0.75,0.0029635813111152,0.419283239530156
8.36399999999999e-11,1.79703641855543,0.75,0.0029635813111152,0.419283239530156
8.41399999999999e-11,1.79703641855543,0.75,0.0029635813111152,0.419283239530156
8.46399999999999e-11,1.79703641855543,0.75,0.0029635813111152,0.419283239530156
8.51399999999999e-11,1.79703641855543,0.75,0.0029635813111152,0.419283239530156
8.56399999999999e-11,1.79703641855543,0.75,0.0029635813111152,0.419283239530156
8.61399999999999e-11,1.79703641855543,0.75,0.0029635813111152,0.419283239530156
8.66399999999999e-11,1.79703641855543,0.75,0.0029635813111152,0.419283239530156
8.71399999999999e-11,1.79703641855543,0.75,0.0029635813111152,0.419283239530156
8.76399999999999e-11,1.79703641855543,0.75,0.0029635813111152,0.419283239530156
8.81399999999999e-11,1.79703641855543,0.75,0.0029635813111152,0.419283239530156
8.86399999999999e-11,1.79703641855543,0.75,0.0029635813111152,0.419283239530156
8.91399999999999e-11,1.79703641855543,0.75,0.0029635813111152,0.419283239530156
8.96399999999999e-11,1.79703641855543,0.75,0.0029635813111152,0.419283239530156
9.01399999999999e-11,1.79703641855543,0.75,0.0029635813111152,0.419283239530156
9.06399999999999e-11,1.79703641855543,0.75,0.0029635813111152,0.419283239530156
9.11399999999999e-11,1.79703641855543,0.75,0.0029635813111152,0.419283239530156
9.16399999999999e-11,1.79703641855543,0.75,0.0029635813111152,0.419283239530156
9.21399999999999e-11,1.79703641855543,0.75,0.0029635813111152,0.419283239530156
9.26399999999999e-11,1.79703641855543,0.75,0.0029635813111152,0.419283239530156
9.31399999999999e-11,1.79703641855543,0.75,0.0029635813111152,0.419283239530156
9.36399999999999e-11,1.79703641855543,0.75,0.0029635813111152,0.419283239530156
9.41399999999999e-11,1.79703641855543,0.75,0.0029635813111152,0.419283239530156
9.46399999999999e-11,1.79703641855543,0.75,0.0029635813111152,0.419283239530156
9.51399999999999e-11,1.79703641855543,0.75,0.0029635813111152,0.419283239530156
9.56399999999999e-11,1.79703641855543,0.75,0.0029635813111152,0.419283239530156
9.61399999999998e-11,1.79703641855543,0.75,0.0029635813111152,0.419283239530156
9.66399999999998e-11,1.79703641855543,0.75,0.0029635813111152,0.419283239530156
9.71399999999998e-11,1.79703641855543,0.75,0.0029635813111152,0.419283239530156
9.76399999999998e-11,1.79703641855543,0.75,0.0029635813111152,0.419283239530156
9.81399999999998e-11,1.79703641855543,0.75,0.0029635813111152,0.419283239530156
9.86399999999998e-11,1.79703641855543,0.75,0.0029635813111152,0.419283239530156
9.91399999999998e-11,1.79703641855543,0.75,0.0029635813111152,0.419283239530156
9.96399999999998e-11,1.79703641855543,0.75,0.0029635813111152,0.419283239530156
1.0014e-10,1.79703641855543,0.75,0.0029635813111152,0.419283239530156
1.0064e-10,1.79703641855543,0.75,0.0029635813111152,0.419283239530156
1.0114e-10,1.79703641855543,0.75,0.0029635813111152,0.419283239530156
1.0164e-10,1.79703641855543,0.75,0.0029635813111152,0.419283239530156
1.0214e-10,1.79703641855543,0.75,0.0029635813111152,0.419283239530156
1.0264e-10,1.79703641855543,0.75,0.0029635813111152,0.419283239530156
1.0314e-10,1.79703641855543,0.75,0.0029635813111152,0.419283239530156
1.0364e-10,1.79703641855543,0.75,0.0029635813111152,0.419283239530156
1.0414e-10,1.79703641855543,0.75,0.0029635813111152,0.419283239530156
1.0464e-10,1.79703641855543,0.75,0.0029635813111152,0.419283239530156
1.0514e-10,1.79703641855543,0.75,0.0029635813111152,0.419283239530156
1.0564e-10,1.79703641855543,0.75,0.0029635813111152,0.419283239530156
1.0614e-10,1.79703641855543,0.75,0.0029635813111152,0.419283239530156
1.0664e-10,1.79703641855543,0.75,0.0029635813111152,0.419283239530156
1.0714e-10,1.79703641855543,0.75,0.0029635813111152,0.419283239530156
1.0764e-10,1.79703641855543,0.75,0.0029635813111152,0.419283239530156
1.0814e-10,1.79703641855543,0.75,0.0029635813111152,0.419283239530156
1.0864e-10,1.79703641855543,0.75,0.0029635813111152,0.419283239530156
1.0914e-10,1.79703641855543,0.75,0.0029635813111152,0.419283239530156
1.0964e-10,1.79703641855543,0.75,0.0029635813111152,0.419283239530156
1.1014e-10,1.79703641855543,0.75,0.0029635813111152,0.419283239530156
1.1064e-10,1.79703641855543,0.75,0.0029635813111152,0.419283239530156
1.1114e-10,1.79703641855543,0.75,0.0029635813111152,0.419283239530156
1.1164e-10,1.79703641855543,0.75,0.0029635813111152,0.419283239530156
1.1214e-10,1.79703641855543,0.75,0.0029635813111152,0.419283239530156
1.1264e-10,1.79703641855543,0.75,0.0029635813111152,0.419283239530156
1.1314e-10,1.79703641855543,0.75,0.0029635813111152,0.419283239530156
1.1364e-10,1.79703641855543,0.75,0.0029635813111152,0.419283239530156
1.1414e-10,1.79703641855543,0.75,0.0029635813111152,0.419283239530156
1.1464e-10,1.79703641855543,0.75,0.0029635813111152,0.419283239530156
1.1514e-10,1.79703641855543,0.75,0.0029635813111152,0.419283239530156
1.1564e-10,1.79703641855543,0.75,0.0029635813111152,0.419283239530156
1.1614e-10,1.79703641855543,0.75,0.0029635813111152,0.419283239530156
1.1664e-10,1.79703641855543,0.75,0.0029635813111152,0.419283239530156
1.1714e-10,1.79703641855543,0.75,0.0029635813111152,0.419283239530156
1.1764e-10,1.79703641855543,0.75,0.0029635813111152,0.419283239530156
1.1814e-10,1.79703641855543,0.75,0.0029635813111152,0.419283239530156
1.1864e-10,1.79703641855543,0.75,0.0029635813111152,0.419283239530156
1.1914e-10,1.79703641855543,0.75,0.0029635813111152,0.419283239530156
1.1964e-10,1.79703641855543,0.75,0.0029635813111152,0.419283239530156
1.2014e-10,1.79703641855543,0.75,0.0029635813111152,0.419283239530156
1.2064e-10,1.79703641855543,0.75,0.0029635813111152,0.419283239530156
1.2114e-10,1.79703641855543,0.75,0.0029635813111152,0.419283239530156
1.2164e-10,1.79703641855543,0.75,0.0029635813111152,0.419283239530156
1.2214e-10,1.79703641855543,0.75,0.0029635813111152,0.419283239530156
1.2264e-10,1.79703641855543,0.75,0.0029635813111152,0.419283239530156
1.2314e-10,1.79703641855543,0.75,0.0029635813111152,0.419283239530156
1.2364e-10,1.79703641855543,0.75,0.0029635813111152,0.419283239530156
1.2414e-10,1.79703641855543,0.75,0.0029635813111152,0.419283239530156
1.2464e-10,1.79703641855543,0.75,0.0029635813111152,0.419283239530156
1.2514e-10,1.79703641855543,0.75,0.0029635813111152,0.419283239530156
1.2564e-10,1.79703641855543,0.75,0.0029635813111152,0.419283239530156
1.2614e-10,1.79703641855543,0.75,0.0029635813111152,0.419283239530156
1.2664e-10,1.79703641855543,0.75,0.0029635813111152,0.419283239530156
1.2714e-10,1.79703641855543,0.75,0.0029635813111152,0.419283239530156
1.2764e-10,1.79703641855543,0.75,0.0029635813111152,0.419283239530156
1.2814e-10,1.79703641855543,0.75,0.0029635813111152,0.419283239530156
1.2864e-10,1.79703641855543,0.75,0.0029635813111152,0.419283239530156
1.2914e-10,1.79703641855543,0.75,0.0029635813111152,0.419283239530156
1.2964e-10,1.79703641855543,0.75,0.0029635813111152,0.419283239530156
1.3014e-10,1.79703641855543,0.75,0.0029635813111152,0.419283239530156
1.3064e-10,1.79703641855543,0.75,0.0029635813111152,0.419283239530156
1.3114e-10,1.79703641855543,0.75,0.0029635813111152,0.419283239530156
1.3164e-10,1.79703641855543,0.75,0.0029635813111152,0.419283239530156
1.3214e-10,1.79703641855543,0.75,0.0029635813111152,0.419283239530156
1.3264e-10,1.79703641855543,0.75,0.0029635813111152,0.419283239530156
1.3314e-10,1.79703641855543,0.75,0.0029635813111152,0.419283239530156
1.3364e-10,1.79703641855543,0.75,0.0029635813111152,0.419283239530156
1.3414e-10,1.79703641855543,0.75,0.0029635813111152,0.419283239530156
1.3464e-10,1.79703641855543,0.75,0.0029635813111152,0.419283239530156
1.3514e-10,1.79703641855543,0.75,0.0029635813111152,0.419283239530156
1.3564e-10,1.79703641855543,0.75,0.0029635813111152,0.419283239530156
1.3614e-10,1.79703641855543,0.75,0.0029635813111152,0.419283239530156
1.3664e-10,1.79703641855543,0.75,0.0029635813111152,0.419283239530156
1.3714e-10,1.79703641855543,0.75,0.0029635813111152,0.419283239530156
1.3764e-10,1.79703641855543,0.75,0.0029635813111152,0.419283239530156
1.3814e-10,1.79703641855543,0.75,0.0029635813111152,0.419283239530156
1.3864e-10,1.79703641855543,0.75,0.0029635813111152,0.419283239530156
1.3914e-10,1.79703641855543,0.75,0.0029635813111152,0.419283239530156
1.3964e-10,1.79703641855543,0.75,0.0029635813111152,0.419283239530156
1.4014e-10,1.79703641855543,0.75,0.0029635813111152,0.419283239530156
1.4064e-10,1.79703641855543,0.75,0.0029635813111152,0.419283239530156
1.4114e-10,1.79703641855543,0.75,0.0029635813111152,0.419283239530156
1.4164e-10,1.79703641855543,0.75,0.0029635813111152,0.419283239530156
1.4214e-10,1.79703641855543,0.75,0.0029635813111152,0.419283239530156
1.4264e-10,1.79703641855543,0.75,0.0029635813111152,0.419283239530156
1.4314e-10,1.79703641855543,0.75,0.0029635813111152,0.419283239530156
1.4364e-10,1.79703641855543,0.75,0.0029635813111152,0.419283239530156
1.4414e-10,1.79703641855543,0.75,0.0029635813111152,0.419283239530156
1.4464e-10,1.79703641855543,0.75,0.0029635813111152,0.419283239530156
1.4514e-10,1.79703641855543,0.75,0.0029635813111152,0.419283239530156
1.4564e-10,1.79703641855543,0.75,0.0029635813111152,0.419283239530156
1.4614e-10,1.79703641855543,0.75,0.0029635813111152,0.419283239530156
1.4664e-10,1.79703641855543,0.75,0.0029635813111152,0.419283239530156
1.4714e-10,1.79703641855543,0.75,0.0029635813111152,0.419283239530156
1.4764e-10,1.79703641855543,0.75,0.0029635813111152,0.419283239530156
1.4814e-10,1.79703641855543,0.75,0.0029635813111152,0.419283239530156
1.4864e-10,1.79703641855543,0.75,0.0029635813111152,0.419283239530156
1.4914e-10,1.79703641855543,0.75,0.0029635813111152,0.419283239530156
1.4964e-10,1.79703641855543,0.75,0.0029635813111152,0.419283239530156
1.5014e-10,1.79703641855543,0.75,0.0029635813111152,0.419283239530156
1.5064e-10,1.79703641855543,0.75,0.0029635813111152,0.419283239530156
1.5114e-10,1.79703641855543,0.75,0.0029635813111152,0.419283239530156
1.5164e-10,1.79703641855543,0.75,0.0029635813111152,0.419283239530156
1.5214e-10,1.79703641855543,0.75,0.0029635813111152,0.419283239530156
1.5264e-10,1.79703641855543,0.75,0.0029635813111152,0.419283239530156
1.5314e-10,1.79703641855543,0.75,0.0029635813111152,0.419283239530156
1.5364e-10,1.79703641855543,0.75,0.0029635813111152,0.419283239530156
1.5414e-10,1.79703641855543,0.75,0.0029635813111152,0.419283239530156
1.5464e-10,1.79703641855543,0.75,0.0029635813111152,0.419283239530156
1.5514e-10,1.79703641855543,0.75,0.0029635813111152,0.419283239530156
1.5564e-10,1.79703641855543,0.75,0.0029635813111152,0.419283239530156
1.5614e-10,1.79703641855543,0.75,0.0029635813111152,0.419283239530156
1.5664e-10,1.79703641855543,0.75,0.0029635813111152,0.419283239530156
1.5714e-10,1.79703641855543,0.75,0.0029635813111152,0.419283239530156
1.5764e-10,1.79703641855543,0.75,0.0029635813111152,0.419283239530156
1.5814e-10,1.79703641855543,0.75,0.0029635813111152,0.419283239530156
1.5864e-10,1.79703641855543,0.75,0.0029635813111152,0.419283239530156
1.5914e-10,1.79703641855543,0.75,0.0029635813111152,0.419283239530156
1.5964e-10,1.79703641855543,0.75,0.0029635813111152,0.419283239530156
1.6014e-10,1.79703641855543,0.75,0.0029635813111152,0.419283239530156
1.6064e-10,1.79703641855543,0.75,0.0029635813111152,0.419283239530156
1.6114e-10,1.79703641855543,0.75,0.0029635813111152,0.419283239530156
1.6164e-10,1.79703641855543,0.75,0.0029635813111152,0.419283239530156
1.6214e-10,1.79703641855543,0.75,0.0029635813111152,0.419283239530156
1.6264e-10,1.79703641855543,0.75,0.0029635813111152,0.419283239530156
1.6314e-10,1.79703641855543,0.75,0.0029635813111152,0.419283239530156
1.6364e-10,1.79703641855543,0.75,0.0029635813111152,0.419283239530156
1.6414e-10,1.79703641855543,0.75,0.0029635813111152,0.419283239530156
1.6464e-10,1.79703641855543,0.75,0.0029635813111152,0.419283239530156
1.6514e-10,1.79703641855543,0.75,0.0029635813111152,0.419283239530156
1.6564e-10,1.79703641855543,0.75,0.0029635813111152,0.419283239530156
1.6614e-10,1.79703641855543,0.75,0.0029635813111152,0.419283239530156
1.6664e-10,1.79703641855543,0.75,0.0029635813111152,0.419283239530156
1.6714e-10,1.79703641855543,0.75,0.0029635813111152,0.419283239530156
1.6764e-10,1.79703641855543,0.75,0.0029635813111152,0.419283239530156
1.6814e-10,1.79703641855543,0.75,0.0029635813111152,0.419283239530156
1.6864e-10,1.79703641855543,0.75,0.0029635813111152,0.419283239530156
1.6914e-10,1.79703641855543,0.75,0.0029635813111152,0.419283239530156
1.6964e-10,1.79703641855543,0.75,0.0029635813111152,0.419283239530156
1.7014e-10,1.79703641855543,0.75,0.0029635813111152,0.419283239530156
1.7064e-10,1.79703641855543,0.75,0.0029635813111152,0.419283239530156
1.7114e-10,1.79703641855543,0.75,0.0029635813111152,0.419283239530156
1.7164e-10,1.79703641855543,0.75,0.0029635813111152,0.419283239530156
1.7214e-10,1.79703641855543,0.75,0.0029635813111152,0.419283239530156
1.7264e-10,1.79703641855543,0.75,0.0029635813111152,0.419283239530156
1.7314e-10,1.79703641855543,0.75,0.0029635813111152,0.419283239530156
1.7364e-10,1.79703641855543,0.75,0.0029635813111152,0.419283239530156
1.7414e-10,1.79703641855543,0.75,0.0029635813111152,0.419283239530156
1.7464e-10,1.79703641855543,0.75,0.0029635813111152,0.419283239530156
1.7514e-10,1.79703641855543,0.75,0.0029635813111152,0.419283239530156
1.7564e-10,1.79703641855543,0.75,0.0029635813111152,0.419283239530156
1.7614e-10,1.79703641855543,0.75,0.0029635813111152,0.419283239530156
1.7664e-10,1.79703641855543,0.75,0.0029635813111152,0.419283239530156
1.7714e-10,1.79703641855543,0.75,0.0029635813111152,0.419283239530156
1.7764e-10,1.79703641855543,0.75,0.0029635813111152,0.419283239530156
1.7814e-10,1.79703641855543,0.75,0.0029635813111152,0.419283239530156
1.7864e-10,1.79703641855543,0.75,0.0029635813111152,0.419283239530156
1.7914e-10,1.79703641855543,0.75,0.0029635813111152,0.419283239530156
1.7964e-10,1.79703641855543,0.75,0.0029635813111152,0.419283239530156
1.8014e-10,1.79703641855543,0.75,0.0029635813111152,0.419283239530156
1.8064e-10,1.79703641855543,0.75,0.0029635813111152,0.419283239530156
1.8114e-10,1.79703641855543,0.75,0.0029635813111152,0.419283239530156
1.8164e-10,1.79703641855543,0.75,0.0029635813111152,0.419283239530156
1.8214e-10,1.79703641855543,0.75,0.0029635813111152,0.419283239530156
1.8264e-10,1.79703641855543,0.75,0.0029635813111152,0.419283239530156
1.8314e-10,1.79703641855543,0.75,0.0029635813111152,0.419283239530156
1.8364e-10,1.79703641855543,0.75,0.0029635813111152,0.419283239530156
1.8414e-10,1.79703641855543,0.75,0.0029635813111152,0.419283239530156
1.8464e-10,1.79703641855543,0.75,0.0029635813111152,0.419283239530156
1.8514e-10,1.79703641855543,0.75,0.0029635813111152,0.419283239530156
1.8564e-10,1.79703641855543,0.75,0.0029635813111152,0.419283239530156
1.8614e-10,1.79703641855543,0.75,0.0029635813111152,0.419283239530156
1.86639999999999e-10,1.79703641855543,0.75,0.0029635813111152,0.419283239530156
1.87139999999999e-10,1.79703641855543,0.75,0.0029635813111152,0.419283239530156
1.87639999999999e-10,1.79703641855543,0.75,0.0029635813111152,0.419283239530156
1.88139999999999e-10,1.79703641855543,0.75,0.0029635813111152,0.419283239530156
1.88639999999999e-10,1.79703641855543,0.75,0.0029635813111152,0.419283239530156
1.89139999999999e-10,1.79703641855543,0.75,0.0029635813111152,0.419283239530156
1.8964e-10,1.79703641855543,0.75,0.0029635813111152,0.419283239530156
1.9014e-10,1.79703641855543,0.75,0.0029635813111152,0.419283239530156
1.9064e-10,1.79703641855543,0.75,0.0029635813111152,0.419283239530156
1.9114e-10,1.79703641855543,0.75,0.0029635813111152,0.419283239530156
1.9164e-10,1.79703641855543,0.75,0.0029635813111152,0.419283239530156
1.9214e-10,1.79703641855543,0.75,0.0029635813111152,0.419283239530156
1.9264e-10,1.79703641855543,0.75,0.0029635813111152,0.419283239530156
1.9314e-10,1.79703641855543,0.75,0.0029635813111152,0.419283239530156
1.93639999999999e-10,1.79703641855543,0.75,0.0029635813111152,0.419283239530156
1.94139999999999e-10,1.79703641855543,0.75,0.0029635813111152,0.419283239530156
1.94639999999999e-10,1.79703641855543,0.75,0.0029635813111152,0.419283239530156
1.95139999999999e-10,1.79703641855543,0.75,0.0029635813111152,0.419283239530156
1.95639999999999e-10,1.79703641855543,0.75,0.0029635813111152,0.419283239530156
1.96139999999999e-10,1.79703641855543,0.75,0.0029635813111152,0.419283239530156
1.96639999999999e-10,1.79703641855543,0.75,0.0029635813111152,0.419283239530156
1.9714e-10,1.79703641855543,0.75,0.0029635813111152,0.419283239530156
1.9764e-10,1.79703641855543,0.75,0.0029635813111152,0.419283239530156
1.9814e-10,1.79703641855543,0.75,0.0029635813111152,0.419283239530156
1.9864e-10,1.79703641855543,0.75,0.0029635813111152,0.419283239530156
1.9914e-10,1.79703641855543,0.75,0.0029635813111152,0.419283239530156
1.9964e-10,1.79703641855543,0.75,0.0029635813111152,0.419283239530156
2.0014e-10,1.79703641855543,0.75,0.0029635813111152,0.419283239530156
2.0064e-10,1.79703641855543,0.75,0.0029635813111152,0.419283239530156
2.01139999999999e-10,1.79703641855543,0.75,0.0029635813111152,0.419283239530156
2.01639999999999e-10,1.79703641855543,0.75,0.0029635813111152,0.419283239530156
2.02139999999999e-10,1.79703641855543,0.75,0.0029635813111152,0.419283239530156
2.02639999999999e-10,1.79703641855543,0.75,0.0029635813111152,0.419283239530156
2.03139999999999e-10,1.79703641855543,0.75,0.0029635813111152,0.419283239530156
2.03639999999999e-10,1.79703641855543,0.75,0.0029635813111152,0.419283239530156
2.04139999999999e-10,1.79703641855543,0.75,0.0029635813111152,0.419283239530156
2.0464e-10,1.79703641855543,0.75,0.0029635813111152,0.419283239530156
2.0514e-10,1.79703641855543,0.75,0.0029635813111152,0.419283239530156
2.0564e-10,1.79703641855543,0.75,0.0029635813111152,0.419283239530156
2.0614e-10,1.79703641855543,0.75,0.0029635813111152,0.419283239530156
2.0664e-10,1.79703641855543,0.75,0.0029635813111152,0.419283239530156
2.0714e-10,1.79703641855543,0.75,0.0029635813111152,0.419283239530156
2.0764e-10,1.79703641855543,0.75,0.0029635813111152,0.419283239530156
2.0814e-10,1.79703641855543,0.75,0.0029635813111152,0.419283239530156
2.08639999999999e-10,1.79703641855543,0.75,0.0029635813111152,0.419283239530156
2.09139999999999e-10,1.79703641855543,0.75,0.0029635813111152,0.419283239530156
2.09639999999999e-10,1.79703641855543,0.75,0.0029635813111152,0.419283239530156
2.10139999999999e-10,1.79703641855543,0.75,0.0029635813111152,0.419283239530156
2.10639999999999e-10,1.79703641855543,0.75,0.0029635813111152,0.419283239530156
2.11139999999999e-10,1.79703641855543,0.75,0.0029635813111152,0.419283239530156
2.11639999999999e-10,1.79703641855543,0.75,0.0029635813111152,0.419283239530156
2.1214e-10,1.79703641855543,0.75,0.0029635813111152,0.419283239530156
2.1264e-10,1.79703641855543,0.75,0.0029635813111152,0.419283239530156
2.1314e-10,1.79703641855543,0.75,0.0029635813111152,0.419283239530156
2.1364e-10,1.79703641855543,0.75,0.0029635813111152,0.419283239530156
2.1414e-10,1.79703641855543,0.75,0.0029635813111152,0.419283239530156
2.1464e-10,1.79703641855543,0.75,0.0029635813111152,0.419283239530156
2.1514e-10,1.79703641855543,0.75,0.0029635813111152,0.419283239530156
2.15639999999999e-10,1.79703641855543,0.75,0.0029635813111152,0.419283239530156
2.16139999999999e-10,1.79703641855543,0.75,0.0029635813111152,0.419283239530156
2.16639999999999e-10,1.79703641855543,0.75,0.0029635813111152,0.419283239530156
2.17139999999999e-10,1.79703641855543,0.75,0.0029635813111152,0.419283239530156
2.17639999999999e-10,1.79703641855543,0.75,0.0029635813111152,0.419283239530156
2.18139999999999e-10,1.79703641855543,0.75,0.0029635813111152,0.419283239530156
2.18639999999999e-10,1.79703641855543,0.75,0.0029635813111152,0.419283239530156
2.19139999999999e-10,1.79703641855543,0.75,0.0029635813111152,0.419283239530156
2.19639999999999e-10,1.79703641855543,0.75,0.0029635813111152,0.419283239530156
2.20139999999999e-10,1.79703641855543,0.75,0.0029635813111152,0.419283239530156
2.20639999999999e-10,1.79703641855543,0.75,0.0029635813111152,0.419283239530156
2.21139999999999e-10,1.79703641855543,0.75,0.0029635813111152,0.419283239530156
2.21639999999999e-10,1.79703641855543,0.75,0.0029635813111152,0.419283239530156
2.22139999999999e-10,1.79703641855543,0.75,0.0029635813111152,0.419283239530156
2.22639999999999e-10,1.79703641855543,0.75,0.0029635813111152,0.419283239530156
2.23139999999999e-10,1.79703641855543,0.75,0.0029635813111152,0.419283239530156
2.23639999999999e-10,1.79703641855543,0.75,0.0029635813111152,0.419283239530156
2.24139999999999e-10,1.79703641855543,0.75,0.0029635813111152,0.419283239530156
2.24639999999999e-10,1.79703641855543,0.75,0.0029635813111152,0.419283239530156
2.25139999999999e-10,1.79703641855543,0.75,0.0029635813111152,0.419283239530156
2.25639999999999e-10,1.79703641855543,0.75,0.0029635813111152,0.419283239530156
2.26139999999999e-10,1.79703641855543,0.75,0.0029635813111152,0.419283239530156
2.26639999999999e-10,1.79703641855543,0.75,0.0029635813111152,0.419283239530156
2.27139999999999e-10,1.79703641855543,0.75,0.0029635813111152,0.419283239530156
2.27639999999999e-10,1.79703641855543,0.75,0.0029635813111152,0.419283239530156
2.28139999999999e-10,1.79703641855543,0.75,0.0029635813111152,0.419283239530156
2.28639999999999e-10,1.79703641855543,0.75,0.0029635813111152,0.419283239530156
2.29139999999999e-10,1.79703641855543,0.75,0.0029635813111152,0.419283239530156
2.29639999999999e-10,1.79703641855543,0.75,0.0029635813111152,0.419283239530156
2.30139999999999e-10,1.79703641855543,0.75,0.0029635813111152,0.419283239530156
2.30639999999999e-10,1.79703641855543,0.75,0.0029635813111152,0.419283239530156
2.31139999999999e-10,1.79703641855543,0.75,0.0029635813111152,0.419283239530156
2.31639999999999e-10,1.79703641855543,0.75,0.0029635813111152,0.419283239530156
2.32139999999999e-10,1.79703641855543,0.75,0.0029635813111152,0.419283239530156
2.32639999999999e-10,1.79703641855543,0.75,0.0029635813111152,0.419283239530156
2.33139999999999e-10,1.79703641855543,0.75,0.0029635813111152,0.419283239530156
2.33639999999999e-10,1.79703641855543,0.75,0.0029635813111152,0.419283239530156
2.34139999999999e-10,1.79703641855543,0.75,0.0029635813111152,0.419283239530156
2.34639999999999e-10,1.79703641855543,0.75,0.0029635813111152,0.419283239530156
2.35139999999999e-10,1.79703641855543,0.75,0.0029635813111152,0.419283239530156
2.35639999999999e-10,1.79703641855543,0.75,0.0029635813111152,0.419283239530156
2.36139999999999e-10,1.79703641855543,0.75,0.0029635813111152,0.419283239530156
2.36639999999999e-10,1.79703641855543,0.75,0.0029635813111152,0.419283239530156
2.37139999999999e-10,1.79703641855543,0.75,0.0029635813111152,0.419283239530156
2.37639999999999e-10,1.79703641855543,0.75,0.0029635813111152,0.419283239530156
2.38139999999999e-10,1.79703641855543,0.75,0.0029635813111152,0.419283239530156
2.38639999999999e-10,1.79703641855543,0.75,0.0029635813111152,0.419283239530156
2.39139999999999e-10,1.79703641855543,0.75,0.0029635813111152,0.419283239530156
2.39639999999999e-10,1.79703641855543,0.75,0.0029635813111152,0.419283239530156
2.40139999999999e-10,1.79703641855543,0.75,0.0029635813111152,0.419283239530156
2.40639999999999e-10,1.79703641855543,0.75,0.0029635813111152,0.419283239530156
2.41139999999999e-10,1.79703641855543,0.75,0.0029635813111152,0.419283239530156
2.41639999999999e-10,1.79703641855543,0.75,0.0029635813111152,0.419283239530156
2.42139999999999e-10,1.79703641855543,0.75,0.0029635813111152,0.419283239530156
2.42639999999999e-10,1.79703641855543,0.75,0.0029635813111152,0.419283239530156
2.43139999999999e-10,1.79703641855543,0.75,0.0029635813111152,0.419283239530156
2.43639999999999e-10,1.79703641855543,0.75,0.0029635813111152,0.419283239530156
2.44139999999999e-10,1.79703641855543,0.75,0.0029635813111152,0.419283239530156
2.44639999999999e-10,1.79703641855543,0.75,0.0029635813111152,0.419283239530156
2.45139999999999e-10,1.79703641855543,0.75,0.0029635813111152,0.419283239530156
2.45639999999999e-10,1.79703641855543,0.75,0.0029635813111152,0.419283239530156
2.46139999999999e-10,1.79703641855543,0.75,0.0029635813111152,0.419283239530156
2.46639999999999e-10,1.79703641855543,0.75,0.0029635813111152,0.419283239530156
2.47139999999999e-10,1.79703641855543,0.75,0.0029635813111152,0.419283239530156
2.47639999999999e-10,1.79703641855543,0.75,0.0029635813111152,0.419283239530156
2.48139999999999e-10,1.79703641855543,0.75,0.0029635813111152,0.419283239530156
2.48639999999999e-10,1.79703641855543,0.75,0.0029635813111152,0.419283239530156
2.49139999999999e-10,1.79703641855543,0.75,0.0029635813111152,0.419283239530156
2.49639999999999e-10,1.79703641855543,0.75,0.0029635813111152,0.419283239530156
2.50139999999999e-10,1.79703641855543,0.75,0.0029635813111152,0.419283239530156
2.50639999999999e-10,1.79703641855543,0.75,0.0029635813111152,0.419283239530156
2.51139999999999e-10,1.79703641855543,0.75,0.0029635813111152,0.419283239530156
2.51639999999999e-10,1.79703641855543,0.75,0.0029635813111152,0.419283239530156
2.52139999999999e-10,1.79703641855543,0.75,0.0029635813111152,0.419283239530156
2.52639999999999e-10,1.79703641855543,0.75,0.0029635813111152,0.419283239530156
2.53139999999999e-10,1.79703641855543,0.75,0.0029635813111152,0.419283239530156
2.53639999999999e-10,1.79703641855543,0.75,0.0029635813111152,0.419283239530156
2.54139999999999e-10,1.79703641855543,0.75,0.0029635813111152,0.419283239530156
2.54639999999999e-10,1.79703641855543,0.75,0.0029635813111152,0.419283239530156
2.55139999999999e-10,1.79703641855543,0.75,0.0029635813111152,0.419283239530156
2.55639999999999e-10,1.79703641855543,0.75,0.0029635813111152,0.419283239530156
2.56139999999999e-10,1.79703641855543,0.75,0.0029635813111152,0.419283239530156
2.56639999999999e-10,1.79703641855543,0.75,0.0029635813111152,0.419283239530156
2.57139999999999e-10,1.79703641855543,0.75,0.0029635813111152,0.419283239530156
2.57639999999999e-10,1.79703641855543,0.75,0.0029635813111152,0.419283239530156
2.58139999999999e-10,1.79703641855543,0.75,0.0029635813111152,0.419283239530156
2.58639999999999e-10,1.79703641855543,0.75,0.0029635813111152,0.419283239530156
2.59139999999999e-10,1.79703641855543,0.75,0.0029635813111152,0.419283239530156
2.59639999999999e-10,1.79703641855543,0.75,0.0029635813111152,0.419283239530156
2.60139999999999e-10,1.79703641855543,0.75,0.0029635813111152,0.419283239530156
2.60639999999999e-10,1.79703641855543,0.75,0.0029635813111152,0.419283239530156
2.61139999999999e-10,1.79703641855543,0.75,0.0029635813111152,0.419283239530156
2.61639999999999e-10,1.79703641855543,0.75,0.0029635813111152,0.419283239530156
2.62139999999999e-10,1.79703641855543,0.75,0.0029635813111152,0.419283239530156
2.62639999999999e-10,1.79703641855543,0.75,0.0029635813111152,0.419283239530156
2.63139999999999e-10,1.79703641855543,0.75,0.0029635813111152,0.419283239530156
2.63639999999999e-10,1.79703641855543,0.75,0.0029635813111152,0.419283239530156
2.64139999999999e-10,1.79703641855543,0.75,0.0029635813111152,0.419283239530156
2.64639999999999e-10,1.79703641855543,0.75,0.0029635813111152,0.419283239530156
2.65139999999999e-10,1.79703641855543,0.75,0.0029635813111152,0.419283239530156
2.65639999999999e-10,1.79703641855543,0.75,0.0029635813111152,0.419283239530156
2.66139999999999e-10,1.79703641855543,0.75,0.0029635813111152,0.419283239530156
2.66639999999999e-10,1.79703641855543,0.75,0.0029635813111152,0.419283239530156
2.67139999999999e-10,1.79703641855543,0.75,0.0029635813111152,0.419283239530156
2.67639999999999e-10,1.79703641855543,0.75,0.0029635813111152,0.419283239530156
2.68139999999999e-10,1.79703641855543,0.75,0.0029635813111152,0.419283239530156
2.68639999999999e-10,1.79703641855543,0.75,0.0029635813111152,0.419283239530156
2.69139999999999e-10,1.79703641855543,0.75,0.0029635813111152,0.419283239530156
2.69639999999999e-10,1.79703641855543,0.75,0.0029635813111152,0.419283239530156
2.70139999999999e-10,1.79703641855543,0.75,0.0029635813111152,0.419283239530156
2.70639999999999e-10,1.79703641855543,0.75,0.0029635813111152,0.419283239530156
2.71139999999999e-10,1.79703641855543,0.75,0.0029635813111152,0.419283239530156
2.71639999999999e-10,1.79703641855543,0.75,0.0029635813111152,0.419283239530156
2.72139999999999e-10,1.79703641855543,0.75,0.0029635813111152,0.419283239530156
2.72639999999999e-10,1.79703641855543,0.75,0.0029635813111152,0.419283239530156
2.73139999999999e-10,1.79703641855543,0.75,0.0029635813111152,0.419283239530156
2.73639999999999e-10,1.79703641855543,0.75,0.0029635813111152,0.419283239530156
2.74139999999999e-10,1.79703641855543,0.75,0.0029635813111152,0.419283239530156
2.74639999999999e-10,1.79703641855543,0.75,0.0029635813111152,0.419283239530156
2.75139999999999e-10,1.79703641855543,0.75,0.0029635813111152,0.419283239530156
2.75639999999999e-10,1.79703641855543,0.75,0.0029635813111152,0.419283239530156
2.76139999999999e-10,1.79703641855543,0.75,0.0029635813111152,0.419283239530156
2.76639999999999e-10,1.79703641855543,0.75,0.0029635813111152,0.419283239530156
2.77139999999999e-10,1.79703641855543,0.75,0.0029635813111152,0.419283239530156
2.77639999999999e-10,1.79703641855543,0.75,0.0029635813111152,0.419283239530156
2.78139999999999e-10,1.79703641855543,0.75,0.0029635813111152,0.419283239530156
2.78639999999999e-10,1.79703641855543,0.75,0.0029635813111152,0.419283239530156
2.79139999999999e-10,1.79703641855543,0.75,0.0029635813111152,0.419283239530156
2.79639999999999e-10,1.79703641855543,0.75,0.0029635813111152,0.419283239530156
2.80139999999999e-10,1.79703641855543,0.75,0.0029635813111152,0.419283239530156
2.80639999999999e-10,1.79703641855543,0.75,0.0029635813111152,0.419283239530156
2.81139999999999e-10,1.79703641855543,0.75,0.0029635813111152,0.419283239530156
2.81639999999999e-10,1.79703641855543,0.75,0.0029635813111152,0.419283239530156
2.82139999999999e-10,1.79703641855543,0.75,0.0029635813111152,0.419283239530156
2.82639999999999e-10,1.79703641855543,0.75,0.0029635813111152,0.419283239530156
2.83139999999999e-10,1.79703641855543,0.75,0.0029635813111152,0.419283239530156
2.83639999999999e-10,1.79703641855543,0.75,0.0029635813111152,0.419283239530156
2.84139999999999e-10,1.79703641855543,0.75,0.0029635813111152,0.419283239530156
2.84639999999999e-10,1.79703641855543,0.75,0.0029635813111152,0.419283239530156
2.85139999999999e-10,1.79703641855543,0.75,0.0029635813111152,0.419283239530156
2.85639999999999e-10,1.79703641855543,0.75,0.0029635813111152,0.419283239530156
2.86139999999999e-10,1.79703641855543,0.75,0.0029635813111152,0.419283239530156
2.86639999999999e-10,1.79703641855543,0.75,0.0029635813111152,0.419283239530156
2.87139999999999e-10,1.79703641855543,0.75,0.0029635813111152,0.419283239530156
2.87639999999999e-10,1.79703641855543,0.75,0.0029635813111152,0.419283239530156
2.88139999999999e-10,1.79703641855543,0.75,0.0029635813111152,0.419283239530156
2.88639999999999e-10,1.79703641855543,0.75,0.0029635813111152,0.419283239530156
2.89139999999999e-10,1.79703641855543,0.75,0.0029635813111152,0.419283239530156
2.89639999999999e-10,1.79703641855543,0.75,0.0029635813111152,0.419283239530156
2.90139999999999e-10,1.79703641855543,0.75,0.0029635813111152,0.419283239530156
2.90639999999999e-10,1.79703641855543,0.75,0.0029635813111152,0.419283239530156
2.91139999999999e-10,1.79703641855543,0.75,0.0029635813111152,0.419283239530156
2.91639999999999e-10,1.79703641855543,0.75,0.0029635813111152,0.419283239530156
2.92139999999999e-10,1.79703641855543,0.75,0.0029635813111152,0.419283239530156
2.92639999999999e-10,1.79703641855543,0.75,0.0029635813111152,0.419283239530156
2.93139999999999e-10,1.79703641855543,0.75,0.0029635813111152,0.419283239530156
2.93639999999999e-10,1.79703641855543,0.75,0.0029635813111152,0.419283239530156
2.94139999999999e-10,1.79703641855543,0.75,0.0029635813111152,0.419283239530156
2.94639999999999e-10,1.79703641855543,0.75,0.0029635813111152,0.419283239530156
2.95139999999999e-10,1.79703641855543,0.75,0.0029635813111152,0.419283239530156
2.95639999999999e-10,1.79703641855543,0.75,0.0029635813111152,0.419283239530156
2.96139999999999e-10,1.79703641855543,0.75,0.0029635813111152,0.419283239530156
2.96639999999999e-10,1.79703641855543,0.75,0.0029635813111152,0.419283239530156
2.97139999999999e-10,1.79703641855543,0.75,0.0029635813111152,0.419283239530156
2.97639999999999e-10,1.79703641855543,0.75,0.0029635813111152,0.419283239530156
2.98139999999999e-10,1.79703641855543,0.75,0.0029635813111152,0.419283239530156
2.98639999999999e-10,1.79703641855543,0.75,0.0029635813111152,0.419283239530156
2.99139999999999e-10,1.79703641855543,0.75,0.0029635813111152,0.419283239530156
2.99639999999999e-10,1.79703641855543,0.75,0.0029635813111152,0.419283239530156
3.00139999999999e-10,1.79703641855543,0.75,0.0029635813111152,0.419283239530156
3.00639999999999e-10,1.79703641855543,0.75,0.0029635813111152,0.419283239530156
3.01139999999999e-10,1.79703641855543,0.75,0.0029635813111152,0.419283239530156
3.01639999999999e-10,1.79703641855543,0.75,0.0029635813111152,0.419283239530156
3.02139999999999e-10,1.79703641855543,0.75,0.0029635813111152,0.419283239530156
3.02639999999999e-10,1.79703641855543,0.75,0.0029635813111152,0.419283239530156
3.03139999999999e-10,1.79703641855543,0.75,0.0029635813111152,0.419283239530156
3.03639999999999e-10,1.79703641855543,0.75,0.0029635813111152,0.419283239530156
3.04139999999999e-10,1.79703641855543,0.75,0.0029635813111152,0.419283239530156
3.04639999999999e-10,1.79703641855543,0.75,0.0029635813111152,0.419283239530156
3.05139999999999e-10,1.79703641855543,0.75,0.0029635813111152,0.419283239530156
3.05639999999999e-10,1.79703641855543,0.75,0.0029635813111152,0.419283239530156
3.06139999999999e-10,1.79703641855543,0.75,0.0029635813111152,0.419283239530156
3.06639999999999e-10,1.79703641855543,0.75,0.0029635813111152,0.419283239530156
3.07139999999999e-10,1.79703641855543,0.75,0.0029635813111152,0.419283239530156
3.07639999999999e-10,1.79703641855543,0.75,0.0029635813111152,0.419283239530156
3.08139999999999e-10,1.79703641855543,0.75,0.0029635813111152,0.419283239530156
3.08639999999999e-10,1.79703641855543,0.75,0.0029635813111152,0.419283239530156
3.09139999999999e-10,1.79703641855543,0.75,0.0029635813111152,0.419283239530156
3.09639999999999e-10,1.79703641855543,0.75,0.0029635813111152,0.419283239530156
3.10139999999999e-10,1.79703641855543,0.75,0.0029635813111152,0.419283239530156
3.10639999999999e-10,1.79703641855543,0.75,0.0029635813111152,0.419283239530156
3.11139999999999e-10,1.79703641855543,0.75,0.0029635813111152,0.419283239530156
3.11639999999999e-10,1.79703641855543,0.75,0.0029635813111152,0.419283239530156
3.12139999999999e-10,1.79703641855543,0.75,0.0029635813111152,0.419283239530156
3.12639999999999e-10,1.79703641855543,0.75,0.0029635813111152,0.419283239530156
3.13139999999999e-10,1.79703641855543,0.75,0.0029635813111152,0.419283239530156
3.13639999999999e-10,1.79703641855543,0.75,0.0029635813111152,0.419283239530156
3.14139999999999e-10,1.79703641855543,0.75,0.0029635813111152,0.419283239530156
3.14639999999999e-10,1.79703641855543,0.75,0.0029635813111152,0.419283239530156
3.15139999999999e-10,1.79703641855543,0.75,0.0029635813111152,0.419283239530156
3.15639999999999e-10,1.79703641855543,0.75,0.0029635813111152,0.419283239530156
3.16139999999999e-10,1.79703641855543,0.75,0.0029635813111152,0.419283239530156
3.16639999999999e-10,1.79703641855543,0.75,0.0029635813111152,0.419283239530156
3.17139999999999e-10,1.79703641855543,0.75,0.0029635813111152,0.419283239530156
3.17639999999999e-10,1.79703641855543,0.75,0.0029635813111152,0.419283239530156
3.18139999999999e-10,1.79703641855543,0.75,0.0029635813111152,0.419283239530156
3.18639999999999e-10,1.79703641855543,0.75,0.0029635813111152,0.419283239530156
3.19139999999999e-10,1.79703641855543,0.75,0.0029635813111152,0.419283239530156
3.19639999999999e-10,1.79703641855543,0.75,0.0029635813111152,0.419283239530156
3.20139999999999e-10,1.79703641855543,0.75,0.0029635813111152,0.419283239530156
3.20639999999999e-10,1.79703641855543,0.75,0.0029635813111152,0.419283239530156
3.21139999999999e-10,1.79703641855543,0.75,0.0029635813111152,0.419283239530156
3.21639999999999e-10,1.79703641855543,0.75,0.0029635813111152,0.419283239530156
3.22139999999999e-10,1.79703641855543,0.75,0.0029635813111152,0.419283239530156
3.22639999999999e-10,1.79703641855543,0.75,0.0029635813111152,0.419283239530156
3.23139999999999e-10,1.79703641855543,0.75,0.0029635813111152,0.419283239530156
3.23639999999999e-10,1.79703641855543,0.75,0.0029635813111152,0.419283239530156
3.24139999999999e-10,1.79703641855543,0.75,0.0029635813111152,0.419283239530156
3.24639999999999e-10,1.79703641855543,0.75,0.0029635813111152,0.419283239530156
3.25139999999999e-10,1.79703641855543,0.75,0.0029635813111152,0.419283239530156
3.25639999999999e-10,1.79703641855543,0.75,0.0029635813111152,0.419283239530156
3.26139999999999e-10,1.79703641855543,0.75,0.0029635813111152,0.419283239530156
3.26639999999999e-10,1.79703641855543,0.75,0.0029635813111152,0.419283239530156
3.27139999999999e-10,1.79703641855543,0.75,0.0029635813111152,0.419283239530156
3.27639999999999e-10,1.79703641855543,0.75,0.0029635813111152,0.419283239530156
3.28139999999999e-10,1.79703641855543,0.75,0.0029635813111152,0.419283239530156
3.28639999999999e-10,1.79703641855543,0.75,0.0029635813111152,0.419283239530156
3.29139999999999e-10,1.79703641855543,0.75,0.0029635813111152,0.419283239530156
3.29639999999999e-10,1.79703641855543,0.75,0.0029635813111152,0.419283239530156
3.30139999999999e-10,1.79703641855543,0.75,0.0029635813111152,0.419283239530156
3.30639999999999e-10,1.79703641855543,0.75,0.0029635813111152,0.419283239530156
3.31139999999999e-10,1.79703641855543,0.75,0.0029635813111152,0.419283239530156
3.31639999999999e-10,1.79703641855543,0.75,0.0029635813111152,0.419283239530156
3.32139999999999e-10,1.79703641855543,0.75,0.0029635813111152,0.419283239530156
3.32639999999999e-10,1.79703641855543,0.75,0.0029635813111152,0.419283239530156
3.33139999999999e-10,1.79703641855543,0.75,0.0029635813111152,0.419283239530156
3.33639999999999e-10,1.79703641855543,0.75,0.0029635813111152,0.419283239530156
3.34139999999999e-10,1.79703641855543,0.75,0.0029635813111152,0.419283239530156
3.34639999999999e-10,1.79703641855543,0.75,0.0029635813111152,0.419283239530156
3.35139999999999e-10,1.79703641855543,0.75,0.0029635813111152,0.419283239530156
3.35639999999999e-10,1.79703641855543,0.75,0.0029635813111152,0.419283239530156
3.36139999999999e-10,1.79703641855543,0.75,0.0029635813111152,0.419283239530156
3.36639999999999e-10,1.79703641855543,0.75,0.0029635813111152,0.419283239530156
3.37139999999999e-10,1.79703641855543,0.75,0.0029635813111152,0.419283239530156
3.37639999999999e-10,1.79703641855543,0.75,0.0029635813111152,0.419283239530156
3.38139999999999e-10,1.79703641855543,0.75,0.0029635813111152,0.419283239530156
3.38639999999999e-10,1.79703641855543,0.75,0.0029635813111152,0.419283239530156
3.39139999999999e-10,1.79703641855543,0.75,0.0029635813111152,0.419283239530156
3.39639999999999e-10,1.79703641855543,0.75,0.0029635813111152,0.419283239530156
3.40139999999999e-10,1.79703641855543,0.75,0.0029635813111152,0.419283239530156
3.40639999999999e-10,1.79703641855543,0.75,0.0029635813111152,0.419283239530156
3.41139999999999e-10,1.79703641855543,0.75,0.0029635813111152,0.419283239530156
3.41639999999999e-10,1.79703641855543,0.75,0.0029635813111152,0.419283239530156
3.42139999999999e-10,1.79703641855543,0.75,0.0029635813111152,0.419283239530156
3.42639999999999e-10,1.79703641855543,0.75,0.0029635813111152,0.419283239530156
3.43139999999999e-10,1.79703641855543,0.75,0.0029635813111152,0.419283239530156
3.43639999999999e-10,1.79703641855543,0.75,0.0029635813111152,0.419283239530156
3.44139999999999e-10,1.79703641855543,0.75,0.0029635813111152,0.419283239530156
3.44639999999999e-10,1.79703641855543,0.75,0.0029635813111152,0.419283239530156
3.45139999999999e-10,1.79703641855543,0.75,0.0029635813111152,0.419283239530156
3.45639999999999e-10,1.79703641855543,0.75,0.0029635813111152,0.419283239530156
3.46139999999999e-10,1.79703641855543,0.75,0.0029635813111152,0.419283239530156
3.46639999999999e-10,1.79703641855543,0.75,0.0029635813111152,0.419283239530156
3.47139999999999e-10,1.79703641855543,0.75,0.0029635813111152,0.419283239530156
3.47639999999999e-10,1.79703641855543,0.75,0.0029635813111152,0.419283239530156
3.48139999999999e-10,1.79703641855543,0.75,0.0029635813111152,0.419283239530156
3.48639999999999e-10,1.79703641855543,0.75,0.0029635813111152,0.419283239530156
3.49139999999999e-10,1.79703641855543,0.75,0.0029635813111152,0.419283239530156
3.49639999999999e-10,1.79703641855543,0.75,0.0029635813111152,0.419283239530156
3.50139999999999e-10,1.79703641855543,0.75,0.0029635813111152,0.419283239530156
3.50639999999999e-10,1.79703641855543,0.75,0.0029635813111152,0.419283239530156
3.51139999999999e-10,1.79703641855543,0.75,0.0029635813111152,0.419283239530156
3.51639999999999e-10,1.79703641855543,0.75,0.0029635813111152,0.419283239530156
3.52139999999999e-10,1.79703641855543,0.75,0.0029635813111152,0.419283239530156
3.52639999999999e-10,1.79703641855543,0.75,0.0029635813111152,0.419283239530156
3.53139999999999e-10,1.79703641855543,0.75,0.0029635813111152,0.419283239530156
3.53639999999999e-10,1.79703641855543,0.75,0.0029635813111152,0.419283239530156
3.54139999999999e-10,1.79703641855543,0.75,0.0029635813111152,0.419283239530156
3.54639999999999e-10,1.79703641855543,0.75,0.0029635813111152,0.419283239530156
3.55139999999999e-10,1.79703641855543,0.75,0.0029635813111152,0.419283239530156
3.55639999999999e-10,1.79703641855543,0.75,0.0029635813111152,0.419283239530156
3.56139999999999e-10,1.79703641855543,0.75,0.0029635813111152,0.419283239530156
3.56639999999999e-10,1.79703641855543,0.75,0.0029635813111152,0.419283239530156
3.57139999999999e-10,1.79703641855543,0.75,0.0029635813111152,0.419283239530156
3.57639999999999e-10,1.79703641855543,0.75,0.0029635813111152,0.419283239530156
3.58139999999999e-10,1.79703641855543,0.75,0.0029635813111152,0.419283239530156
3.58639999999999e-10,1.79703641855543,0.75,0.0029635813111152,0.419283239530156
3.59139999999999e-10,1.79703641855543,0.75,0.0029635813111152,0.419283239530156
3.59639999999999e-10,1.79703641855543,0.75,0.0029635813111152,0.419283239530156
3.60139999999999e-10,1.79703641855543,0.75,0.0029635813111152,0.419283239530156
3.60639999999999e-10,1.79703641855543,0.75,0.0029635813111152,0.419283239530156
3.61139999999999e-10,1.79703641855543,0.75,0.0029635813111152,0.419283239530156
3.61639999999999e-10,1.79703641855543,0.75,0.0029635813111152,0.419283239530156
3.62139999999999e-10,1.79703641855543,0.75,0.0029635813111152,0.419283239530156
3.62639999999999e-10,1.79703641855543,0.75,0.0029635813111152,0.419283239530156
3.63139999999999e-10,1.79703641855543,0.75,0.0029635813111152,0.419283239530156
3.63639999999999e-10,1.79703641855543,0.75,0.0029635813111152,0.419283239530156
3.64139999999999e-10,1.79703641855543,0.75,0.0029635813111152,0.419283239530156
3.64639999999999e-10,1.79703641855543,0.75,0.0029635813111152,0.419283239530156
3.65139999999999e-10,1.79703641855543,0.75,0.0029635813111152,0.419283239530156
3.65639999999999e-10,1.79703641855543,0.75,0.0029635813111152,0.419283239530156
3.66139999999999e-10,1.79703641855543,0.75,0.0029635813111152,0.419283239530156
3.66639999999999e-10,1.79703641855543,0.75,0.0029635813111152,0.419283239530156
3.67139999999999e-10,1.79703641855543,0.75,0.0029635813111152,0.419283239530156
3.67639999999999e-10,1.79703641855543,0.75,0.0029635813111152,0.419283239530156
3.68139999999999e-10,1.79703641855543,0.75,0.0029635813111152,0.419283239530156
3.68639999999999e-10,1.79703641855543,0.75,0.0029635813111152,0.419283239530156
3.69139999999999e-10,1.79703641855543,0.75,0.0029635813111152,0.419283239530156
3.69639999999999e-10,1.79703641855543,0.75,0.0029635813111152,0.419283239530156
3.70139999999999e-10,1.79703641855543,0.75,0.0029635813111152,0.419283239530156
3.70639999999999e-10,1.79703641855543,0.75,0.0029635813111152,0.419283239530156
3.71139999999999e-10,1.79703641855543,0.75,0.0029635813111152,0.419283239530156
3.71639999999999e-10,1.79703641855543,0.75,0.0029635813111152,0.419283239530156
3.72139999999999e-10,1.79703641855543,0.75,0.0029635813111152,0.419283239530156
3.72639999999999e-10,1.79703641855543,0.75,0.0029635813111152,0.419283239530156
3.73139999999999e-10,1.79703641855543,0.75,0.0029635813111152,0.419283239530156
3.73639999999999e-10,1.79703641855543,0.75,0.0029635813111152,0.419283239530156
3.74139999999999e-10,1.79703641855543,0.75,0.0029635813111152,0.419283239530156
3.74639999999999e-10,1.79703641855543,0.75,0.0029635813111152,0.419283239530156
3.75139999999999e-10,1.79703641855543,0.75,0.0029635813111152,0.419283239530156
3.75639999999999e-10,1.79703641855543,0.75,0.0029635813111152,0.419283239530156
3.76139999999999e-10,1.79703641855543,0.75,0.0029635813111152,0.419283239530156
3.76639999999999e-10,1.79703641855543,0.75,0.0029635813111152,0.419283239530156
3.77139999999999e-10,1.79703641855543,0.75,0.0029635813111152,0.419283239530156
3.77639999999999e-10,1.79703641855543,0.75,0.0029635813111152,0.419283239530156
3.78139999999999e-10,1.79703641855543,0.75,0.0029635813111152,0.419283239530156
3.78639999999999e-10,1.79703641855543,0.75,0.0029635813111152,0.419283239530156
3.79139999999999e-10,1.79703641855543,0.75,0.0029635813111152,0.419283239530156
3.79639999999999e-10,1.79703641855543,0.75,0.0029635813111152,0.419283239530156
3.80139999999999e-10,1.79703641855543,0.75,0.0029635813111152,0.419283239530156
3.80639999999999e-10,1.79703641855543,0.75,0.0029635813111152,0.419283239530156
3.81139999999999e-10,1.79703641855543,0.75,0.0029635813111152,0.419283239530156
3.81639999999999e-10,1.79703641855543,0.75,0.0029635813111152,0.419283239530156
3.82139999999999e-10,1.79703641855543,0.75,0.0029635813111152,0.419283239530156
3.82639999999999e-10,1.79703641855543,0.75,0.0029635813111152,0.419283239530156
3.83139999999999e-10,1.79703641855543,0.75,0.0029635813111152,0.419283239530156
3.83639999999999e-10,1.79703641855543,0.75,0.0029635813111152,0.419283239530156
3.84139999999999e-10,1.79703641855543,0.75,0.0029635813111152,0.419283239530156
3.84639999999999e-10,1.79703641855543,0.75,0.0029635813111152,0.419283239530156
3.85139999999999e-10,1.79703641855543,0.75,0.0029635813111152,0.419283239530156
3.85639999999999e-10,1.79703641855543,0.75,0.0029635813111152,0.419283239530156
3.86139999999999e-10,1.79703641855543,0.75,0.0029635813111152,0.419283239530156
3.86639999999999e-10,1.79703641855543,0.75,0.0029635813111152,0.419283239530156
3.87139999999999e-10,1.79703641855543,0.75,0.0029635813111152,0.419283239530156
3.87639999999999e-10,1.79703641855543,0.75,0.0029635813111152,0.419283239530156
3.88139999999999e-10,1.79703641855543,0.75,0.0029635813111152,0.419283239530156
3.88639999999999e-10,1.79703641855543,0.75,0.0029635813111152,0.419283239530156
3.89139999999999e-10,1.79703641855543,0.75,0.0029635813111152,0.419283239530156
3.89639999999999e-10,1.79703641855543,0.75,0.0029635813111152,0.419283239530156
3.90139999999999e-10,1.79703641855543,0.75,0.0029635813111152,0.419283239530156
3.90639999999999e-10,1.79703641855543,0.75,0.0029635813111152,0.419283239530156
3.91139999999999e-10,1.79703641855543,0.75,0.0029635813111152,0.419283239530156
3.91639999999999e-10,1.79703641855543,0.75,0.0029635813111152,0.419283239530156
3.92139999999999e-10,1.79703641855543,0.75,0.0029635813111152,0.419283239530156
3.92639999999999e-10,1.79703641855543,0.75,0.0029635813111152,0.419283239530156
3.93139999999999e-10,1.79703641855543,0.75,0.0029635813111152,0.419283239530156
3.93639999999999e-10,1.79703641855543,0.75,0.0029635813111152,0.419283239530156
3.94139999999999e-10,1.79703641855543,0.75,0.0029635813111152,0.419283239530156
3.94639999999999e-10,1.79703641855543,0.75,0.0029635813111152,0.419283239530156
3.95139999999999e-10,1.79703641855543,0.75,0.0029635813111152,0.419283239530156
3.95639999999999e-10,1.79703641855543,0.75,0.0029635813111152,0.419283239530156
3.96139999999999e-10,1.79703641855543,0.75,0.0029635813111152,0.419283239530156
3.96639999999999e-10,1.79703641855543,0.75,0.0029635813111152,0.419283239530156
3.97139999999999e-10,1.79703641855543,0.75,0.0029635813111152,0.419283239530156
3.97639999999999e-10,1.79703641855543,0.75,0.0029635813111152,0.419283239530156
3.98139999999999e-10,1.79703641855543,0.75,0.0029635813111152,0.419283239530156
3.98639999999999e-10,1.79703641855543,0.75,0.0029635813111152,0.419283239530156
3.99139999999999e-10,1.79703641855543,0.75,0.0029635813111152,0.419283239530156
3.99639999999999e-10,1.79703641855543,0.75,0.0029635813111152,0.419283239530156
4.00139999999999e-10,1.79703641855543,0.75,0.0029635813111152,0.419283239530156
4.00639999999999e-10,1.79703641855543,0.75,0.0029635813111152,0.419283239530156
4.01139999999999e-10,1.79703641855543,0.75,0.0029635813111152,0.419283239530156
4.01639999999999e-10,1.79703641855543,0.75,0.0029635813111152,0.419283239530156
4.02139999999999e-10,1.79703641855543,0.75,0.0029635813111152,0.419283239530156
4.02639999999999e-10,1.79703641855543,0.75,0.0029635813111152,0.419283239530156
4.03139999999999e-10,1.79703641855543,0.75,0.0029635813111152,0.419283239530156
4.03639999999999e-10,1.79703641855543,0.75,0.0029635813111152,0.419283239530156
4.04139999999999e-10,1.79703641855543,0.75,0.0029635813111152,0.419283239530156
4.04639999999999e-10,1.79703641855543,0.75,0.0029635813111152,0.419283239530156
4.05139999999999e-10,1.79703641855543,0.75,0.0029635813111152,0.419283239530156
4.05639999999999e-10,1.79703641855543,0.75,0.0029635813111152,0.419283239530156
4.06139999999999e-10,1.79703641855543,0.75,0.0029635813111152,0.419283239530156
4.06639999999999e-10,1.79703641855543,0.75,0.0029635813111152,0.419283239530156
4.07139999999999e-10,1.79703641855543,0.75,0.0029635813111152,0.419283239530156
4.07639999999999e-10,1.79703641855543,0.75,0.0029635813111152,0.419283239530156
4.08139999999999e-10,1.79703641855543,0.75,0.0029635813111152,0.419283239530156
4.08639999999999e-10,1.79703641855543,0.75,0.0029635813111152,0.419283239530156
4.09139999999999e-10,1.79703641855543,0.75,0.0029635813111152,0.419283239530156
4.09639999999999e-10,1.79703641855543,0.75,0.0029635813111152,0.419283239530156
4.10139999999999e-10,1.79703641855543,0.75,0.0029635813111152,0.419283239530156
4.10639999999999e-10,1.79703641855543,0.75,0.0029635813111152,0.419283239530156
4.11139999999999e-10,1.79703641855543,0.75,0.0029635813111152,0.419283239530156
4.11639999999999e-10,1.79703641855543,0.75,0.0029635813111152,0.419283239530156
4.12139999999999e-10,1.79703641855543,0.75,0.0029635813111152,0.419283239530156
4.12639999999999e-10,1.79703641855543,0.75,0.0029635813111152,0.419283239530156
4.13139999999999e-10,1.79703641855543,0.75,0.0029635813111152,0.419283239530156
4.13639999999999e-10,1.79703641855543,0.75,0.0029635813111152,0.419283239530156
4.14139999999999e-10,1.79703641855543,0.75,0.0029635813111152,0.419283239530156
4.14639999999999e-10,1.79703641855543,0.75,0.0029635813111152,0.419283239530156
4.15139999999999e-10,1.79703641855543,0.75,0.0029635813111152,0.419283239530156
4.15639999999999e-10,1.79703641855543,0.75,0.0029635813111152,0.419283239530156
4.16139999999999e-10,1.79703641855543,0.75,0.0029635813111152,0.419283239530156
4.16639999999999e-10,1.79703641855543,0.75,0.0029635813111152,0.419283239530156
4.17139999999999e-10,1.79703641855543,0.75,0.0029635813111152,0.419283239530156
4.17639999999999e-10,1.79703641855543,0.75,0.0029635813111152,0.419283239530156
4.18139999999999e-10,1.79703641855543,0.75,0.0029635813111152,0.419283239530156
4.18639999999999e-10,1.79703641855543,0.75,0.0029635813111152,0.419283239530156
4.19139999999999e-10,1.79703641855543,0.75,0.0029635813111152,0.419283239530156
4.19639999999999e-10,1.79703641855543,0.75,0.0029635813111152,0.419283239530156
4.20139999999999e-10,1.79703641855543,0.75,0.0029635813111152,0.419283239530156
4.20639999999999e-10,1.79703641855543,0.75,0.0029635813111152,0.419283239530156
4.21139999999999e-10,1.79703641855543,0.75,0.0029635813111152,0.419283239530156
4.21639999999999e-10,1.79703641855543,0.75,0.0029635813111152,0.419283239530156
4.22139999999999e-10,1.79703641855543,0.75,0.0029635813111152,0.419283239530156
4.22639999999999e-10,1.79703641855543,0.75,0.0029635813111152,0.419283239530156
4.23139999999999e-10,1.79703641855543,0.75,0.0029635813111152,0.419283239530156
4.23639999999999e-10,1.79703641855543,0.75,0.0029635813111152,0.419283239530156
4.24139999999999e-10,1.79703641855543,0.75,0.0029635813111152,0.419283239530156
4.24639999999999e-10,1.79703641855543,0.75,0.0029635813111152,0.419283239530156
4.25139999999999e-10,1.79703641855543,0.75,0.0029635813111152,0.419283239530156
4.25639999999999e-10,1.79703641855543,0.75,0.0029635813111152,0.419283239530156
4.26139999999999e-10,1.79703641855543,0.75,0.0029635813111152,0.419283239530156
4.26639999999999e-10,1.79703641855543,0.75,0.0029635813111152,0.419283239530156
4.27139999999999e-10,1.79703641855543,0.75,0.0029635813111152,0.419283239530156
4.27639999999999e-10,1.79703641855543,0.75,0.0029635813111152,0.419283239530156
4.28139999999999e-10,1.79703641855543,0.75,0.0029635813111152,0.419283239530156
4.28639999999999e-10,1.79703641855543,0.75,0.0029635813111152,0.419283239530156
4.29139999999999e-10,1.79703641855543,0.75,0.0029635813111152,0.419283239530156
4.29639999999999e-10,1.79703641855543,0.75,0.0029635813111152,0.419283239530156
4.30139999999999e-10,1.79703641855543,0.75,0.0029635813111152,0.419283239530156
4.30639999999999e-10,1.79703641855543,0.75,0.0029635813111152,0.419283239530156
4.31139999999999e-10,1.79703641855543,0.75,0.0029635813111152,0.419283239530156
4.31639999999999e-10,1.79703641855543,0.75,0.0029635813111152,0.419283239530156
4.32139999999999e-10,1.79703641855543,0.75,0.0029635813111152,0.419283239530156
4.32639999999999e-10,1.79703641855543,0.75,0.0029635813111152,0.419283239530156
4.33139999999999e-10,1.79703641855543,0.75,0.0029635813111152,0.419283239530156
4.33639999999999e-10,1.79703641855543,0.75,0.0029635813111152,0.419283239530156
4.34139999999999e-10,1.79703641855543,0.75,0.0029635813111152,0.419283239530156
4.34639999999999e-10,1.79703641855543,0.75,0.0029635813111152,0.419283239530156
4.35139999999999e-10,1.79703641855543,0.75,0.0029635813111152,0.419283239530156
4.35639999999999e-10,1.79703641855543,0.75,0.0029635813111152,0.419283239530156
4.36139999999999e-10,1.79703641855543,0.75,0.0029635813111152,0.419283239530156
4.36639999999999e-10,1.79703641855543,0.75,0.0029635813111152,0.419283239530156
4.37139999999999e-10,1.79703641855543,0.75,0.0029635813111152,0.419283239530156
4.37639999999999e-10,1.79703641855543,0.75,0.0029635813111152,0.419283239530156
4.38139999999999e-10,1.79703641855543,0.75,0.0029635813111152,0.419283239530156
4.38639999999999e-10,1.79703641855543,0.75,0.0029635813111152,0.419283239530156
4.39139999999999e-10,1.79703641855543,0.75,0.0029635813111152,0.419283239530156
4.39639999999999e-10,1.79703641855543,0.75,0.0029635813111152,0.419283239530156
4.40139999999999e-10,1.79703641855543,0.75,0.0029635813111152,0.419283239530156
4.40639999999999e-10,1.79703641855543,0.75,0.0029635813111152,0.419283239530156
4.41139999999999e-10,1.79703641855543,0.75,0.0029635813111152,0.419283239530156
4.41639999999999e-10,1.79703641855543,0.75,0.0029635813111152,0.419283239530156
4.42139999999999e-10,1.79703641855543,0.75,0.0029635813111152,0.419283239530156
4.42639999999999e-10,1.79703641855543,0.75,0.0029635813111152,0.419283239530156
4.43139999999999e-10,1.79703641855543,0.75,0.0029635813111152,0.419283239530156
4.43639999999999e-10,1.79703641855543,0.75,0.0029635813111152,0.419283239530156
4.44139999999999e-10,1.79703641855543,0.75,0.0029635813111152,0.419283239530156
4.44639999999999e-10,1.79703641855543,0.75,0.0029635813111152,0.419283239530156
4.45139999999999e-10,1.79703641855543,0.75,0.0029635813111152,0.419283239530156
4.45639999999999e-10,1.79703641855543,0.75,0.0029635813111152,0.419283239530156
4.46139999999999e-10,1.79703641855543,0.75,0.0029635813111152,0.419283239530156
4.46639999999999e-10,1.79703641855543,0.75,0.0029635813111152,0.419283239530156
4.47139999999999e-10,1.79703641855543,0.75,0.0029635813111152,0.419283239530156
4.47639999999999e-10,1.79703641855543,0.75,0.0029635813111152,0.419283239530156
4.48139999999999e-10,1.79703641855543,0.75,0.0029635813111152,0.419283239530156
4.48639999999999e-10,1.79703641855543,0.75,0.0029635813111152,0.419283239530156
4.49139999999999e-10,1.79703641855543,0.75,0.0029635813111152,0.419283239530156
4.49639999999999e-10,1.79703641855543,0.75,0.0029635813111152,0.419283239530156
4.50139999999999e-10,1.79703641855543,0.75,0.0029635813111152,0.419283239530156
4.50639999999999e-10,1.79703641855543,0.75,0.0029635813111152,0.419283239530156
4.51139999999999e-10,1.79703641855543,0.75,0.0029635813111152,0.419283239530156
4.51639999999999e-10,1.79703641855543,0.75,0.0029635813111152,0.419283239530156
4.52139999999999e-10,1.79703641855543,0.75,0.0029635813111152,0.419283239530156
4.52639999999999e-10,1.79703641855543,0.75,0.0029635813111152,0.419283239530156
4.53139999999999e-10,1.79703641855543,0.75,0.0029635813111152,0.419283239530156
4.53639999999999e-10,1.79703641855543,0.75,0.0029635813111152,0.419283239530156
4.54139999999999e-10,1.79703641855543,0.75,0.0029635813111152,0.419283239530156
4.54639999999999e-10,1.79703641855543,0.75,0.0029635813111152,0.419283239530156
4.55139999999999e-10,1.79703641855543,0.75,0.0029635813111152,0.419283239530156
4.55639999999999e-10,1.79703641855543,0.75,0.0029635813111152,0.419283239530156
4.56139999999999e-10,1.79703641855543,0.75,0.0029635813111152,0.419283239530156
4.56639999999999e-10,1.79703641855543,0.75,0.0029635813111152,0.419283239530156
4.57139999999999e-10,1.79703641855543,0.75,0.0029635813111152,0.419283239530156
4.57639999999999e-10,1.79703641855543,0.75,0.0029635813111152,0.419283239530156
4.58139999999999e-10,1.79703641855543,0.75,0.0029635813111152,0.419283239530156
4.58639999999999e-10,1.79703641855543,0.75,0.0029635813111152,0.419283239530156
4.59139999999999e-10,1.79703641855543,0.75,0.0029635813111152,0.419283239530156
4.59639999999999e-10,1.79703641855543,0.75,0.0029635813111152,0.419283239530156
4.60139999999999e-10,1.79703641855543,0.75,0.0029635813111152,0.419283239530156
4.60639999999999e-10,1.79703641855543,0.75,0.0029635813111152,0.419283239530156
4.61139999999999e-10,1.79703641855543,0.75,0.0029635813111152,0.419283239530156
4.61639999999999e-10,1.79703641855543,0.75,0.0029635813111152,0.419283239530156
4.62139999999999e-10,1.79703641855543,0.75,0.0029635813111152,0.419283239530156
4.62639999999999e-10,1.79703641855543,0.75,0.0029635813111152,0.419283239530156
4.63139999999999e-10,1.79703641855543,0.75,0.0029635813111152,0.419283239530156
4.63639999999999e-10,1.79703641855543,0.75,0.0029635813111152,0.419283239530156
4.64139999999999e-10,1.79703641855543,0.75,0.0029635813111152,0.419283239530156
4.64639999999999e-10,1.79703641855543,0.75,0.0029635813111152,0.419283239530156
4.65139999999999e-10,1.79703641855543,0.75,0.0029635813111152,0.419283239530156
4.65639999999999e-10,1.79703641855543,0.75,0.0029635813111152,0.419283239530156
4.66139999999999e-10,1.79703641855543,0.75,0.0029635813111152,0.419283239530156
4.66639999999999e-10,1.79703641855543,0.75,0.0029635813111152,0.419283239530156
4.67139999999999e-10,1.79703641855543,0.75,0.0029635813111152,0.419283239530156
4.67639999999999e-10,1.79703641855543,0.75,0.0029635813111152,0.419283239530156
4.68139999999999e-10,1.79703641855543,0.75,0.0029635813111152,0.419283239530156
4.68639999999999e-10,1.79703641855543,0.75,0.0029635813111152,0.419283239530156
4.69139999999999e-10,1.79703641855543,0.75,0.0029635813111152,0.419283239530156
4.69639999999999e-10,1.79703641855543,0.75,0.0029635813111152,0.419283239530156
4.70139999999999e-10,1.79703641855543,0.75,0.0029635813111152,0.419283239530156
4.70639999999999e-10,1.79703641855543,0.75,0.0029635813111152,0.419283239530156
4.71139999999999e-10,1.79703641855543,0.75,0.0029635813111152,0.419283239530156
4.71639999999999e-10,1.79703641855543,0.75,0.0029635813111152,0.419283239530156
4.72139999999999e-10,1.79703641855543,0.75,0.0029635813111152,0.419283239530156
4.72639999999999e-10,1.79703641855543,0.75,0.0029635813111152,0.419283239530156
4.73139999999999e-10,1.79703641855543,0.75,0.0029635813111152,0.419283239530156
4.73639999999999e-10,1.79703641855543,0.75,0.0029635813111152,0.419283239530156
4.74139999999999e-10,1.79703641855543,0.75,0.0029635813111152,0.419283239530156
4.7464e-10,1.79703641855543,0.75,0.0029635813111152,0.419283239530156
4.7514e-10,1.79703641855543,0.75,0.0029635813111152,0.419283239530156
4.7564e-10,1.79703641855543,0.75,0.0029635813111152,0.419283239530156
4.7614e-10,1.79703641855543,0.75,0.0029635813111152,0.419283239530156
4.7664e-10,1.79703641855543,0.75,0.0029635813111152,0.419283239530156
4.7714e-10,1.79703641855543,0.75,0.0029635813111152,0.419283239530156
4.7764e-10,1.79703641855543,0.75,0.0029635813111152,0.419283239530156
4.7814e-10,1.79703641855543,0.75,0.0029635813111152,0.419283239530156
4.7864e-10,1.79703641855543,0.75,0.0029635813111152,0.419283239530156
4.7914e-10,1.79703641855543,0.75,0.0029635813111152,0.419283239530156
4.7964e-10,1.79703641855543,0.75,0.0029635813111152,0.419283239530156
4.8014e-10,1.79703641855543,0.75,0.0029635813111152,0.419283239530156
4.8064e-10,1.79703641855543,0.75,0.0029635813111152,0.419283239530156
4.8114e-10,1.79703641855543,0.75,0.0029635813111152,0.419283239530156
4.8164e-10,1.79703641855543,0.75,0.0029635813111152,0.419283239530156
4.8214e-10,1.79703641855543,0.75,0.0029635813111152,0.419283239530156
4.8264e-10,1.79703641855543,0.75,0.0029635813111152,0.419283239530156
4.8314e-10,1.79703641855543,0.75,0.0029635813111152,0.419283239530156
4.8364e-10,1.79703641855543,0.75,0.0029635813111152,0.419283239530156
4.8414e-10,1.79703641855543,0.75,0.0029635813111152,0.419283239530156
4.84640000000001e-10,1.79703641855543,0.75,0.0029635813111152,0.419283239530156
4.85140000000001e-10,1.79703641855543,0.75,0.0029635813111152,0.419283239530156
4.85640000000001e-10,1.79703641855543,0.75,0.0029635813111152,0.419283239530156
4.86140000000001e-10,1.79703641855543,0.75,0.0029635813111152,0.419283239530156
4.86640000000001e-10,1.79703641855543,0.75,0.0029635813111152,0.419283239530156
4.87140000000001e-10,1.79703641855543,0.75,0.0029635813111152,0.419283239530156
4.87640000000001e-10,1.79703641855543,0.75,0.0029635813111152,0.419283239530156
4.88140000000001e-10,1.79703641855543,0.75,0.0029635813111152,0.419283239530156
4.88640000000001e-10,1.79703641855543,0.75,0.0029635813111152,0.419283239530156
4.89140000000001e-10,1.79703641855543,0.75,0.0029635813111152,0.419283239530156
4.89640000000001e-10,1.79703641855543,0.75,0.0029635813111152,0.419283239530156
4.90140000000001e-10,1.79703641855543,0.75,0.0029635813111152,0.419283239530156
4.90640000000001e-10,1.79703641855543,0.75,0.0029635813111152,0.419283239530156
4.91140000000001e-10,1.79703641855543,0.75,0.0029635813111152,0.419283239530156
4.91640000000001e-10,1.79703641855543,0.75,0.0029635813111152,0.419283239530156
4.92140000000001e-10,1.79703641855543,0.75,0.0029635813111152,0.419283239530156
4.92640000000001e-10,1.79703641855543,0.75,0.0029635813111152,0.419283239530156
4.93140000000001e-10,1.79703641855543,0.75,0.0029635813111152,0.419283239530156
4.93640000000001e-10,1.79703641855543,0.75,0.0029635813111152,0.419283239530156
4.94140000000001e-10,1.79703641855543,0.75,0.0029635813111152,0.419283239530156
4.94640000000002e-10,1.79703641855543,0.75,0.0029635813111152,0.419283239530156
4.95140000000002e-10,1.79703641855543,0.75,0.0029635813111152,0.419283239530156
4.95640000000002e-10,1.79703641855543,0.75,0.0029635813111152,0.419283239530156
4.96140000000002e-10,1.79703641855543,0.75,0.0029635813111152,0.419283239530156
4.96640000000002e-10,1.79703641855543,0.75,0.0029635813111152,0.419283239530156
4.97140000000002e-10,1.79703641855543,0.75,0.0029635813111152,0.419283239530156
4.97640000000002e-10,1.79703641855543,0.75,0.0029635813111152,0.419283239530156
4.98140000000002e-10,1.79703641855543,0.75,0.0029635813111152,0.419283239530156
4.98640000000002e-10,1.79703641855543,0.75,0.0029635813111152,0.419283239530156
4.99140000000002e-10,1.79703641855543,0.75,0.0029635813111152,0.419283239530156
4.99640000000002e-10,1.79703641855543,0.75,0.0029635813111152,0.419283239530156
5.00000000000001e-10,1.79703641855543,0.75,0.00296358131111519,0.419283239530156
5.00050000000001e-10,1.79703641859329,0.750005,0.0029649862542778,0.419284805688647
5.00150000000001e-10,1.79703641873438,0.750015,0.00296587882687709,0.419287512633232
5.00350000000001e-10,1.7970364192875,0.750035,0.00296589405887893,0.419290432166731
5.00750000000001e-10,1.79703642043342,0.750075,0.00296695624675921,0.419287992885905
5.01000000000001e-10,1.79703642062681,0.7501,0.00296722032730552,0.419281845825941
5.01050000000001e-10,1.79703642051381,0.7501,0.00296598286708615,0.419278651333414
5.01150000000001e-10,1.79703642013921,0.7501,0.00296532253050214,0.419272494845621
5.01350000000001e-10,1.79703641856864,0.7501,0.00296567687494876,0.419261601889404
5.01750000000001e-10,1.79703641275362,0.7501,0.00296540891701783,0.419244569910864
5.02250000000001e-10,1.79703640174198,0.7501,0.00296563347502211,0.41922997896891
5.02750000000001e-10,1.79703638794135,0.7501,0.00296543744012047,0.419220500545287
5.03250000000001e-10,1.79703637239404,0.7501,0.00296560564519405,0.419214335071103
5.03750000000001e-10,1.79703635577677,0.7501,0.00296545943357506,0.419210331811032
5.04250000000001e-10,1.79703633852889,0.7501,0.00296558529280708,0.419207726292051
5.04750000000001e-10,1.79703632093522,0.7501,0.00296547615491871,0.419206035860815
5.05250000000001e-10,1.79703630318036,0.7501,0.00296557027214945,0.419204934490139
5.05750000000001e-10,1.79703628538355,0.7501,0.00296548877080141,0.419204220918659
5.06250000000001e-10,1.79703626762177,0.7501,0.0029655591274839,0.419203755132326
5.06750000000001e-10,1.79703624994435,0.7501,0.00296549824886478,0.419203454082321
5.07250000000001e-10,1.79703623238279,0.7501,0.00296555083340213,0.419203256915196
5.07750000000001e-10,1.79703621495693,0.7501,0.0029655053526698,0.419203130022525
5.08250000000001e-10,1.79703619767908,0.7501,0.00296554465004766,0.419203046422957
5.08750000000001e-10,1.79703618055664,0.7501,0.00296551066987794,0.419202993020918
5.09250000000001e-10,1.79703616359384,0.7501,0.0029655400357171,0.419202957466119
5.09750000000001e-10,1.79703614679281,0.7501,0.00296551464682903,0.419202935049832
5.10250000000001e-10,1.79703613015441,0.7501,0.00296553659034316,0.419202919843203
5.10750000000001e-10,1.79703611367859,0.7501,0.00296551762008877,0.419202910472282
5.11250000000002e-10,1.79703609736477,0.7501,0.00296553401697611,0.41920290390075
5.11750000000002e-10,1.797036081212,0.7501,0.0029655198424339,0.419202900007868
5.12250000000002e-10,1.79703606521911,0.7501,0.0029655320945702,0.419202897113648
5.12750000000002e-10,1.7970360493848,0.7501,0.00296552150328745,0.419202895510551
5.13250000000002e-10,1.79703603370768,0.7501,0.00296553065831152,0.419202894191989
5.13750000000002e-10,1.79703601818629,0.7501,0.00296552274441905,0.419202893538152
5.14250000000002e-10,1.79703600281916,0.7501,0.00296552958519874,0.419202892901971
5.14750000000002e-10,1.79703598760482,0.7501,0.00296552367185799,0.419202892635817
5.15250000000002e-10,1.79703597254178,0.7501,0.00296552878338699,0.419202892300575
5.15750000000002e-10,1.79703595762855,0.7501,0.00296552436487183,0.419202892188387
5.16250000000002e-10,1.79703594286365,0.7501,0.00296552818427523,0.41920289198989
5.16750000000002e-10,1.79703592824562,0.7501,0.00296552488270764,0.419202891935561
5.17250000000002e-10,1.797035913773,0.7501,0.00296552773661527,0.41920289180216
5.17750000000002e-10,1.79703589944436,0.7501,0.00296552526964289,0.419202891767049
5.18250000000002e-10,1.79703588525825,0.7501,0.0029655274021186,0.419202891666763
5.18750000000002e-10,1.79703587121327,0.7501,0.00296552555876536,0.419202891636003
5.19250000000002e-10,1.797035857308,0.7501,0.00296552715217745,0.419202891554039
5.19750000000002e-10,1.79703584354107,0.7501,0.00296552577479998,0.419202891522438
5.20250000000002e-10,1.7970358299111,0.7501,0.00296552696541675,0.419202891451586
5.20750000000002e-10,1.79703581641672,0.7501,0.00296552593622206,0.419202891417761
5.21250000000003e-10,1.79703580305658,0.7501,0.00296552682586502,0.419202891354253
5.21750000000003e-10,1.79703578982936,0.7501,0.00296552605683686,0.419202891318224
5.22250000000003e-10,1.79703577673372,0.7501,0.00296552672158835,0.419202891259929
5.22750000000003e-10,1.79703576376836,0.7501,0.00296552614695989,0.419202891222148
5.23250000000003e-10,1.79703575093199,0.7501,0.00296552664366965,0.419202891167759
5.23750000000003e-10,1.79703573822331,0.7501,0.00296552621429912,0.419202891128752
5.24250000000003e-10,1.79703572564106,0.7501,0.00296552658544598,0.419202891077407
5.24750000000003e-10,1.79703571318399,0.7501,0.00296552626461401,0.419202891037642
5.25250000000003e-10,1.79703570085084,0.7501,0.0029655265419387,0.419202890988748
5.25750000000003e-10,1.79703568864038,0.7501,0.00296552630220812,0.419202890948602
5.26250000000003e-10,1.7970356765514,0.7501,0.00296552650942775,0.419202890901733
5.26750000000003e-10,1.79703566458268,0.7501,0.00296552633029715,0.419202890861499
5.27250000000003e-10,1.79703565273303,0.7501,0.00296552648513338,0.41920289081634
5.27750000000003e-10,1.79703564100126,0.7501,0.00296552635128388,0.419202890776239
5.28250000000003e-10,1.7970356293862,0.7501,0.00296552646697864,0.419202890732557
5.28750000000003e-10,1.79703561788669,0.7501,0.00296552636696377,0.419202890692751
5.29250000000003e-10,1.79703560650158,0.7501,0.0029655264534115,0.419202890650367
5.29750000000003e-10,1.79703559522974,0.7501,0.00296552637867828,0.419202890610977
5.30250000000003e-10,1.79703558407002,0.7501,0.00296552644327232,0.419202890569756
5.30750000000003e-10,1.79703557302133,0.7501,0.00296552638742989,0.419202890530867
5.31250000000004e-10,1.79703556208256,0.7501,0.00296552643569456,0.419202890490704
5.31750000000004e-10,1.7970355512526,0.7501,0.00296552639396764,0.419202890452377
5.32250000000004e-10,1.79703554053039,0.7501,0.00296552643003081,0.419202890413189
5.32750000000004e-10,1.79703552991484,0.7501,0.00296552639885111,0.419202890375464
5.33250000000004e-10,1.7970355194049,0.7501,0.00296552642579721,0.419202890337187
5.33750000000004e-10,1.79703550899951,0.7501,0.00296552640249859,0.419202890300093
5.34250000000004e-10,1.79703549869764,0.7501,0.00296552642263232,0.419202890262675
5.34750000000004e-10,1.79703548849825,0.7501,0.00296552640522253,0.419202890226228
5.35250000000004e-10,1.79703547840033,0.7501,0.00296552642026594,0.419202890189626
5.35750000000004e-10,1.79703546840287,0.7501,0.00296552640725641,0.419202890153835
5.36250000000004e-10,1.79703545850486,0.7501,0.00296552641849632,0.419202890118014
5.36750000000004e-10,1.79703544870533,0.7501,0.00296552640877473,0.419202890082883
5.37250000000004e-10,1.79703543900328,0.7501,0.00296552641717262,0.419202890047813
5.37750000000004e-10,1.79703542939774,0.7501,0.00296552640990779,0.419202890013341
5.38250000000004e-10,1.79703541988777,0.7501,0.0029655264161821,0.419202889978997
5.38750000000004e-10,1.79703541047241,0.7501,0.00296552641075305,0.41920288994518
5.39250000000004e-10,1.79703540115071,0.7501,0.00296552641544061,0.419202889911539
5.39750000000004e-10,1.79703539192174,0.7501,0.00296552641138326,0.419202889878372
5.40250000000004e-10,1.79703538278459,0.7501,0.00296552641488521,0.419202889845415
5.40750000000004e-10,1.79703537373834,0.7501,0.00296552641185285,0.41920288981289
5.41250000000005e-10,1.79703536478208,0.7501,0.00296552641446889,0.419202889780598
5.41750000000005e-10,1.79703535591492,0.7501,0.0029655264122024,0.419202889748705
5.42250000000005e-10,1.79703534713597,0.7501,0.00296552641415651,0.419202889717062
5.42750000000005e-10,1.79703533844436,0.7501,0.00296552641246234,0.419202889685792
5.43250000000005e-10,1.79703532983921,0.7501,0.00296552641392184,0.419202889654783
5.43750000000005e-10,1.79703532131968,0.7501,0.00296552641265527,0.419202889624126
5.44250000000005e-10,1.79703531288489,0.7501,0.00296552641374522,0.419202889593737
5.44750000000005e-10,1.79703530453402,0.7501,0.00296552641279823,0.419202889563682
5.45250000000005e-10,1.79703529626622,0.7501,0.00296552641361203,0.419202889533898
5.45750000000005e-10,1.79703528808067,0.7501,0.00296552641290385,0.419202889504434
5.46250000000005e-10,1.79703527997656,0.7501,0.00296552641351133,0.419202889475243
5.46750000000005e-10,1.79703527195306,0.7501,0.00296552641298157,0.41920288944636
5.47250000000005e-10,1.79703526400939,0.7501,0.00296552641343489,0.419202889417749
5.47750000000005e-10,1.79703525614474,0.7501,0.00296552641303849,0.419202889389436
5.48250000000005e-10,1.79703524835833,0.7501,0.00296552641337666,0.419202889361393
5.48750000000005e-10,1.79703524064939,0.7501,0.00296552641307987,0.419202889333639
5.49250000000005e-10,1.79703523301713,0.7501,0.00296552641333199,0.419202889306152
5.49750000000005e-10,1.7970352254608,0.7501,0.00296552641310969,0.419202889278947
5.50250000000005e-10,1.79703521797964,0.7501,0.00296552641329752,0.419202889252006
5.50750000000005e-10,1.79703521057291,0.7501,0.00296552641313088,0.419202889225338
5.51250000000006e-10,1.79703520323986,0.7501,0.00296552641327067,0.41920288919893
5.51750000000006e-10,1.79703519597976,0.7501,0.00296552641314563,0.419202889172789
5.52250000000006e-10,1.79703518879189,0.7501,0.00296552641324957,0.419202889146905
5.52750000000006e-10,1.79703518167553,0.7501,0.0029655264131556,0.419202889121282
5.53250000000006e-10,1.79703517462996,0.7501,0.00296552641323277,0.419202889095911
5.53750000000006e-10,1.79703516765448,0.7501,0.00296552641316202,0.419202889070795
5.54250000000006e-10,1.79703516074839,0.7501,0.00296552641321918,0.419202889045926
5.54750000000006e-10,1.79703515391101,0.7501,0.00296552641316584,0.419202889021307
5.55250000000006e-10,1.79703514714165,0.7501,0.00296552641320802,0.419202888996931
5.55750000000006e-10,1.79703514043963,0.7501,0.00296552641316768,0.419202888972799
5.56250000000006e-10,1.79703513380428,0.7501,0.00296552641319872,0.419202888948905
5.56750000000006e-10,1.79703512723495,0.7501,0.00296552641316808,0.419202888925251
5.57250000000006e-10,1.79703512073096,0.7501,0.0029655264131908,0.419202888901831
5.57750000000006e-10,1.79703511429169,0.7501,0.00296552641316744,0.419202888878644
5.58250000000006e-10,1.79703510791647,0.7501,0.00296552641318392,0.419202888855688
5.58750000000006e-10,1.79703510160467,0.7501,0.00296552641316604,0.41920288883296
5.59250000000006e-10,1.79703509535567,0.7501,0.00296552641317788,0.419202888810459
5.59750000000006e-10,1.79703508916883,0.7501,0.00296552641316406,0.419202888788181
5.60250000000006e-10,1.79703508304354,0.7501,0.00296552641317246,0.419202888766125
5.60750000000006e-10,1.79703507697918,0.7501,0.00296552641316171,0.419202888744288
5.61250000000007e-10,1.79703507097516,0.7501,0.00296552641316753,0.419202888722669
5.61750000000007e-10,1.79703506503087,0.7501,0.00296552641315904,0.419202888701264
5.62250000000007e-10,1.79703505914571,0.7501,0.00296552641316299,0.419202888680073
5.62750000000007e-10,1.79703505331909,0.7501,0.00296552641315619,0.419202888659092
5.63250000000007e-10,1.79703504755045,0.7501,0.00296552641315873,0.41920288863832
5.63750000000007e-10,1.79703504183919,0.7501,0.00296552641315324,0.419202888617755
5.64250000000007e-10,1.79703503618474,0.7501,0.00296552641315472,0.419202888597394
5.64750000000007e-10,1.79703503058655,0.7501,0.00296552641315021,0.419202888577236
5.65250000000007e-10,1.79703502504405,0.7501,0.0029655264131509,0.419202888557279
5.65750000000007e-10,1.79703501955669,0.7501,0.00296552641314712,0.41920288853752
5.66250000000007e-10,1.79703501412392,0.7501,0.00296552641314723,0.419202888517957
5.66750000000007e-10,1.79703500874519,0.7501,0.00296552641314404,0.41920288849859
5.67250000000007e-10,1.79703500341998,0.7501,0.00296552641314371,0.419202888479414
5.67750000000007e-10,1.79703499814774,0.7501,0.00296552641314092,0.41920288846043
5.68250000000007e-10,1.79703499292795,0.7501,0.00296552641314035,0.419202888441634
5.68750000000007e-10,1.79703498776009,0.7501,0.00296552641313785,0.419202888423026
5.69250000000007e-10,1.79703498264364,0.7501,0.00296552641313705,0.419202888404602
5.69750000000007e-10,1.79703497757808,0.7501,0.00296552641313479,0.419202888386362
5.70250000000007e-10,1.79703497256293,0.7501,0.00296552641313385,0.419202888368303
5.70750000000007e-10,1.79703496759766,0.7501,0.0029655264131318,0.419202888350424
5.71250000000008e-10,1.79703496268179,0.7501,0.00296552641313072,0.419202888332723
5.71750000000008e-10,1.79703495781483,0.7501,0.00296552641312884,0.419202888315197
5.72250000000008e-10,1.79703495299628,0.7501,0.00296552641312767,0.419202888297847
5.72750000000008e-10,1.79703494822567,0.7501,0.00296552641312591,0.419202888280669
5.73250000000008e-10,1.79703494350252,0.7501,0.00296552641312471,0.419202888263662
5.73750000000008e-10,1.79703493882635,0.7501,0.00296552641312307,0.419202888246824
5.74250000000008e-10,1.7970349341967,0.7501,0.00296552641312178,0.419202888230153
5.74750000000008e-10,1.79703492961312,0.7501,0.00296552641312025,0.419202888213648
5.75250000000008e-10,1.79703492507513,0.7501,0.00296552641311896,0.419202888197308
5.75750000000008e-10,1.79703492058228,0.7501,0.00296552641311747,0.41920288818113
5.76250000000008e-10,1.79703491613413,0.7501,0.00296552641311617,0.419202888165113
5.76750000000008e-10,1.79703491173024,0.7501,0.00296552641311478,0.419202888149255
5.77250000000008e-10,1.79703490737015,0.7501,0.00296552641311343,0.419202888133555
5.77750000000008e-10,1.79703490305344,0.7501,0.00296552641311209,0.419202888118012
5.78250000000008e-10,1.79703489877967,0.7501,0.00296552641311081,0.419202888102622
5.78750000000008e-10,1.79703489454842,0.7501,0.00296552641310948,0.419202888087386
5.79250000000008e-10,1.79703489035926,0.7501,0.00296552641310817,0.419202888072301
5.79750000000008e-10,1.79703488621178,0.7501,0.0029655264131069,0.419202888057367
5.80250000000008e-10,1.79703488210556,0.7501,0.00296552641310562,0.419202888042581
5.80750000000008e-10,1.79703487804018,0.7501,0.00296552641310438,0.419202888027942
5.81250000000009e-10,1.79703487401526,0.7501,0.00296552641310314,0.419202888013449
5.81750000000009e-10,1.79703487003037,0.7501,0.00296552641310191,0.4192028879991
5.82250000000009e-10,1.79703486608512,0.7501,0.0029655264131007,0.419202887984894
5.82750000000009e-10,1.79703486217912,0.7501,0.00296552641309949,0.419202887970829
5.83250000000009e-10,1.79703485831198,0.7501,0.00296552641309831,0.419202887956904
5.83750000000009e-10,1.79703485448332,0.7501,0.00296552641309711,0.419202887943118
5.84250000000009e-10,1.79703485069274,0.7501,0.00296552641309594,0.419202887929469
5.84750000000009e-10,1.79703484693987,0.7501,0.00296552641309478,0.419202887915955
5.85250000000009e-10,1.79703484322433,0.7501,0.00296552641309362,0.419202887902576
5.85750000000009e-10,1.79703483954576,0.7501,0.00296552641309252,0.419202887889331
5.86250000000009e-10,1.79703483590378,0.7501,0.00296552641309136,0.419202887876216
5.86750000000009e-10,1.79703483229803,0.7501,0.00296552641309024,0.419202887863233
5.87250000000009e-10,1.79703482872816,0.7501,0.00296552641308915,0.419202887850378
5.87750000000009e-10,1.7970348251938,0.7501,0.00296552641308804,0.419202887837652
5.88250000000009e-10,1.7970348216946,0.7501,0.00296552641308698,0.419202887825052
5.88750000000009e-10,1.79703481823021,0.7501,0.00296552641308591,0.419202887812577
5.89250000000009e-10,1.79703481480028,0.7501,0.00296552641308484,0.419202887800227
5.89750000000009e-10,1.79703481140448,0.7501,0.00296552641308379,0.419202887787999
5.90250000000009e-10,1.79703480804246,0.7501,0.00296552641308277,0.419202887775893
5.90750000000009e-10,1.79703480471388,0.7501,0.00296552641308173,0.419202887763907
5.9125000000001e-10,1.79703480141842,0.7501,0.00296552641308072,0.419202887752041
5.9175000000001e-10,1.79703479815574,0.7501,0.0029655264130797,0.419202887740293
5.9225000000001e-10,1.79703479492552,0.7501,0.00296552641307872,0.419202887728661
5.9275000000001e-10,1.79703479172744,0.7501,0.00296552641307772,0.419202887717145
5.9325000000001e-10,1.79703478856117,0.7501,0.00296552641307676,0.419202887705744
5.9375000000001e-10,1.7970347854264,0.7501,0.00296552641307579,0.419202887694456
5.9425000000001e-10,1.79703478232282,0.7501,0.00296552641307483,0.419202887683281
5.9475000000001e-10,1.79703477925011,0.7501,0.0029655264130739,0.419202887672216
5.9525000000001e-10,1.79703477620797,0.7501,0.00296552641307293,0.419202887661262
5.9575000000001e-10,1.79703477319609,0.7501,0.002965526413072,0.419202887650417
5.9625000000001e-10,1.79703477021418,0.7501,0.00296552641307107,0.419202887639679
5.9675000000001e-10,1.79703476726193,0.7501,0.00296552641307017,0.419202887629049
5.9725000000001e-10,1.79703476433905,0.7501,0.00296552641306927,0.419202887618524
5.9775000000001e-10,1.79703476144525,0.7501,0.00296552641306837,0.419202887608103
5.9825000000001e-10,1.79703475858023,0.7501,0.00296552641306749,0.419202887597787
5.9875000000001e-10,1.79703475574372,0.7501,0.00296552641306661,0.419202887587573
5.9925000000001e-10,1.79703475293543,0.7501,0.00296552641306575,0.419202887577461
5.9975000000001e-10,1.79703475015507,0.7501,0.00296552641306488,0.41920288756745
6.0025000000001e-10,1.79703474740238,0.7501,0.00296552641306403,0.419202887557538
6.0075000000001e-10,1.79703474467707,0.7501,0.0029655264130632,0.419202887547725
6.01250000000011e-10,1.79703474197887,0.7501,0.00296552641306237,0.419202887538009
6.01750000000011e-10,1.79703473930751,0.7501,0.00296552641306152,0.41920288752839
6.02250000000011e-10,1.79703473666273,0.7501,0.00296552641306071,0.419202887518867
6.02750000000011e-10,1.79703473404426,0.7501,0.00296552641305992,0.419202887509438
6.03250000000011e-10,1.79703473145184,0.7501,0.00296552641305912,0.419202887500103
6.03750000000011e-10,1.7970347288852,0.7501,0.00296552641305833,0.419202887490861
6.04250000000011e-10,1.79703472634411,0.7501,0.00296552641305752,0.419202887481711
6.04750000000011e-10,1.79703472382829,0.7501,0.00296552641305673,0.419202887472652
6.05250000000011e-10,1.7970347213375,0.7501,0.00296552641305599,0.419202887463683
6.05750000000011e-10,1.79703471887149,0.7501,0.00296552641305524,0.419202887454804
6.06250000000011e-10,1.79703471643,0.7501,0.00296552641305447,0.419202887446012
6.06750000000011e-10,1.79703471401281,0.7501,0.00296552641305373,0.419202887437308
6.07250000000011e-10,1.79703471161967,0.7501,0.00296552641305296,0.419202887428691
6.07750000000011e-10,1.79703470925034,0.7501,0.00296552641305226,0.419202887420159
6.08250000000011e-10,1.79703470690457,0.7501,0.00296552641305153,0.419202887411713
6.08750000000011e-10,1.79703470458214,0.7501,0.0029655264130508,0.41920288740335
6.09250000000011e-10,1.79703470228282,0.7501,0.00296552641305011,0.419202887395071
6.09750000000011e-10,1.79703470000637,0.7501,0.00296552641304938,0.419202887386874
6.10250000000011e-10,1.79703469775256,0.7501,0.00296552641304871,0.419202887378758
6.10750000000011e-10,1.79703469552118,0.7501,0.00296552641304801,0.419202887370724
6.11250000000012e-10,1.797034693312,0.7501,0.00296552641304734,0.419202887362769
6.11750000000012e-10,1.79703469112479,0.7501,0.00296552641304666,0.419202887354893
6.12250000000012e-10,1.79703468895934,0.7501,0.00296552641304599,0.419202887347095
6.12750000000012e-10,1.79703468681544,0.7501,0.00296552641304531,0.419202887339375
6.13250000000012e-10,1.79703468469286,0.7501,0.00296552641304465,0.419202887331732
6.13750000000012e-10,1.7970346825914,0.7501,0.00296552641304403,0.419202887324164
6.14250000000012e-10,1.79703468051084,0.7501,0.00296552641304337,0.419202887316672
6.14750000000012e-10,1.79703467845099,0.7501,0.00296552641304276,0.419202887309255
6.15250000000012e-10,1.79703467641162,0.7501,0.00296552641304211,0.419202887301912
6.15750000000012e-10,1.79703467439254,0.7501,0.0029655264130415,0.419202887294642
6.16250000000012e-10,1.79703467239355,0.7501,0.00296552641304086,0.419202887287444
6.16750000000012e-10,1.79703467041445,0.7501,0.00296552641304025,0.419202887280318
6.17250000000012e-10,1.79703466845503,0.7501,0.00296552641303964,0.419202887273262
6.17750000000012e-10,1.79703466651511,0.7501,0.00296552641303904,0.419202887266277
6.18250000000012e-10,1.79703466459448,0.7501,0.00296552641303847,0.419202887259361
6.18750000000012e-10,1.79703466269296,0.7501,0.00296552641303788,0.419202887252514
6.19250000000012e-10,1.79703466081036,0.7501,0.00296552641303729,0.419202887245735
6.19750000000012e-10,1.79703465894649,0.7501,0.00296552641303669,0.419202887239024
6.20250000000012e-10,1.79703465710116,0.7501,0.00296552641303615,0.419202887232379
6.20750000000012e-10,1.79703465527419,0.7501,0.00296552641303556,0.4192028872258
6.21250000000013e-10,1.79703465346539,0.7501,0.00296552641303503,0.419202887219287
6.21750000000013e-10,1.79703465167459,0.7501,0.00296552641303446,0.419202887212839
6.22250000000013e-10,1.7970346499016,0.7501,0.00296552641303395,0.419202887206454
6.22750000000013e-10,1.79703464814625,0.7501,0.00296552641303335,0.419202887200134
6.23250000000013e-10,1.79703464640837,0.7501,0.00296552641303285,0.419202887193876
6.23750000000013e-10,1.79703464468777,0.7501,0.00296552641303227,0.41920288718768
6.24250000000013e-10,1.79703464298429,0.7501,0.00296552641303179,0.419202887181547
6.24750000000013e-10,1.79703464129775,0.7501,0.00296552641303125,0.419202887175474
6.25250000000013e-10,1.797034639628,0.7501,0.00296552641303076,0.419202887169461
6.25750000000013e-10,1.79703463797485,0.7501,0.00296552641303024,0.419202887163508
6.26250000000013e-10,1.79703463633815,0.7501,0.00296552641302975,0.419202887157615
6.26750000000013e-10,1.79703463471774,0.7501,0.00296552641302922,0.41920288715178
6.27250000000013e-10,1.79703463311344,0.7501,0.00296552641302874,0.419202887146003
6.27750000000013e-10,1.7970346315251,0.7501,0.00296552641302823,0.419202887140283
6.28250000000013e-10,1.79703462995257,0.7501,0.00296552641302776,0.419202887134621
6.28750000000013e-10,1.79703462839568,0.7501,0.00296552641302726,0.419202887129015
6.29250000000013e-10,1.79703462685427,0.7501,0.00296552641302681,0.419202887123465
6.29750000000013e-10,1.79703462532821,0.7501,0.00296552641302633,0.41920288711797
6.30250000000013e-10,1.79703462381732,0.7501,0.00296552641302587,0.41920288711253
6.30750000000013e-10,1.79703462232146,0.7501,0.00296552641302539,0.419202887107144
6.31250000000014e-10,1.79703462084049,0.7501,0.00296552641302497,0.419202887101811
6.31750000000014e-10,1.79703461937424,0.7501,0.00296552641302449,0.419202887096531
6.32250000000014e-10,1.79703461792259,0.7501,0.00296552641302406,0.419202887091304
6.32750000000014e-10,1.79703461648537,0.7501,0.0029655264130236,0.419202887086129
6.33250000000014e-10,1.79703461506246,0.7501,0.00296552641302317,0.419202887081005
6.33750000000014e-10,1.79703461365369,0.7501,0.00296552641302271,0.419202887075932
6.34250000000014e-10,1.79703461225895,0.7501,0.0029655264130223,0.41920288707091
6.34750000000014e-10,1.79703461087808,0.7501,0.00296552641302186,0.419202887065938
6.35250000000014e-10,1.79703460951094,0.7501,0.00296552641302144,0.419202887061015
6.35750000000014e-10,1.79703460815741,0.7501,0.002965526413021,0.419202887056141
6.36250000000014e-10,1.79703460681734,0.7501,0.00296552641302064,0.419202887051315
6.36750000000014e-10,1.79703460549061,0.7501,0.00296552641302019,0.419202887046538
6.37250000000014e-10,1.79703460417707,0.7501,0.00296552641301981,0.419202887041808
6.37750000000014e-10,1.7970346028766,0.7501,0.00296552641301938,0.419202887037126
6.38250000000014e-10,1.79703460158907,0.7501,0.002965526413019,0.419202887032489
6.38750000000014e-10,1.79703460031435,0.7501,0.00296552641301859,0.419202887027899
6.39250000000014e-10,1.7970345990523,0.7501,0.00296552641301822,0.419202887023355
6.39750000000014e-10,1.79703459780282,0.7501,0.0029655264130178,0.419202887018856
6.40250000000014e-10,1.79703459656576,0.7501,0.00296552641301748,0.419202887014401
6.40750000000014e-10,1.79703459534101,0.7501,0.00296552641301706,0.419202887009991
6.41250000000015e-10,1.79703459412844,0.7501,0.00296552641301671,0.419202887005625
6.41750000000015e-10,1.79703459292794,0.7501,0.00296552641301631,0.419202887001303
6.42250000000015e-10,1.79703459173938,0.7501,0.00296552641301596,0.419202886997023
6.42750000000015e-10,1.79703459056264,0.7501,0.00296552641301558,0.419202886992785
6.43250000000015e-10,1.79703458939761,0.7501,0.00296552641301525,0.41920288698859
6.43750000000015e-10,1.79703458824417,0.7501,0.00296552641301486,0.419202886984436
6.44250000000015e-10,1.79703458710221,0.7501,0.00296552641301453,0.419202886980325
6.44750000000015e-10,1.7970345859716,0.7501,0.00296552641301417,0.419202886976254
6.45250000000015e-10,1.79703458485225,0.7501,0.00296552641301386,0.419202886972223
6.45750000000015e-10,1.79703458374402,0.7501,0.00296552641301349,0.419202886968232
6.46250000000015e-10,1.79703458264683,0.7501,0.00296552641301315,0.419202886964281
6.46750000000015e-10,1.79703458156055,0.7501,0.0029655264130128,0.41920288696037
6.47250000000015e-10,1.79703458048507,0.7501,0.00296552641301249,0.419202886956497
6.47750000000015e-10,1.7970345794203,0.7501,0.00296552641301216,0.419202886952663
6.48250000000015e-10,1.79703457836611,0.7501,0.00296552641301184,0.419202886948867
6.48750000000015e-10,1.79703457732242,0.7501,0.00296552641301149,0.419202886945109
6.49250000000015e-10,1.7970345762891,0.7501,0.00296552641301119,0.419202886941389
6.49750000000015e-10,1.79703457526607,0.7501,0.00296552641301088,0.419202886937705
6.50250000000015e-10,1.79703457425321,0.7501,0.00296552641301057,0.419202886934058
6.50750000000015e-10,1.79703457325043,0.7501,0.00296552641301025,0.419202886930447
6.51250000000016e-10,1.79703457225763,0.7501,0.00296552641300996,0.419202886926872
6.51750000000016e-10,1.7970345712747,0.7501,0.00296552641300965,0.419202886923332
6.52250000000016e-10,1.79703457030155,0.7501,0.00296552641300933,0.419202886919827
6.52750000000016e-10,1.79703456933809,0.7501,0.00296552641300904,0.419202886916358
6.53250000000016e-10,1.7970345683842,0.7501,0.00296552641300875,0.419202886912924
6.53750000000016e-10,1.79703456743981,0.7501,0.00296552641300844,0.419202886909523
6.54250000000016e-10,1.79703456650481,0.7501,0.00296552641300818,0.419202886906156
6.54750000000016e-10,1.79703456557912,0.7501,0.00296552641300789,0.419202886902823
6.55250000000016e-10,1.79703456466263,0.7501,0.00296552641300759,0.419202886899523
6.55750000000016e-10,1.79703456375526,0.7501,0.00296552641300732,0.419202886896256
6.56250000000016e-10,1.79703456285692,0.7501,0.00296552641300703,0.419202886893022
6.56750000000016e-10,1.79703456196751,0.7501,0.00296552641300677,0.419202886889819
6.57250000000016e-10,1.79703456108695,0.7501,0.00296552641300648,0.419202886886648
6.57750000000016e-10,1.79703456021515,0.7501,0.00296552641300626,0.419202886883509
6.58250000000016e-10,1.79703455935203,0.7501,0.00296552641300594,0.419202886880401
6.58750000000016e-10,1.79703455849749,0.7501,0.00296552641300573,0.419202886877324
6.59250000000016e-10,1.79703455765145,0.7501,0.00296552641300543,0.419202886874277
6.59750000000016e-10,1.79703455681383,0.7501,0.00296552641300517,0.419202886871261
6.60250000000016e-10,1.79703455598454,0.7501,0.00296552641300493,0.419202886868275
6.60750000000016e-10,1.7970345551635,0.7501,0.00296552641300467,0.419202886865318
6.61250000000017e-10,1.79703455435063,0.7501,0.00296552641300439,0.419202886862391
6.61750000000017e-10,1.79703455354585,0.7501,0.00296552641300418,0.419202886859494
6.62250000000017e-10,1.79703455274907,0.7501,0.00296552641300392,0.419202886856625
6.62750000000017e-10,1.79703455196022,0.7501,0.00296552641300369,0.419202886853784
6.63250000000017e-10,1.79703455117921,0.7501,0.00296552641300342,0.419202886850972
6.63750000000017e-10,1.79703455040598,0.7501,0.00296552641300322,0.419202886848188
6.64250000000017e-10,1.79703454964044,0.7501,0.00296552641300296,0.419202886845431
6.64750000000017e-10,1.79703454888251,0.7501,0.00296552641300272,0.419202886842702
6.65250000000017e-10,1.79703454813213,0.7501,0.00296552641300251,0.41920288684
6.65750000000017e-10,1.79703454738921,0.7501,0.00296552641300228,0.419202886837325
6.66250000000017e-10,1.79703454665368,0.7501,0.00296552641300205,0.419202886834676
6.66750000000017e-10,1.79703454592546,0.7501,0.00296552641300182,0.419202886832054
6.67250000000017e-10,1.7970345452045,0.7501,0.0029655264130016,0.419202886829458
6.67750000000017e-10,1.7970345444907,0.7501,0.00296552641300137,0.419202886826888
6.68250000000017e-10,1.797034543784,0.7501,0.00296552641300117,0.419202886824343
6.68750000000017e-10,1.79703454308434,0.7501,0.00296552641300095,0.419202886821824
6.69250000000017e-10,1.79703454239163,0.7501,0.00296552641300073,0.41920288681933
6.69750000000017e-10,1.79703454170582,0.7501,0.00296552641300052,0.41920288681686
6.70250000000017e-10,1.79703454102683,0.7501,0.00296552641300029,0.419202886814416
6.70750000000017e-10,1.79703454035459,0.7501,0.00296552641300009,0.419202886811995
6.71250000000018e-10,1.79703453968905,0.7501,0.00296552641299988,0.419202886809598
6.71750000000018e-10,1.79703453903012,0.7501,0.00296552641299969,0.419202886807225
6.72250000000018e-10,1.79703453837775,0.7501,0.00296552641299951,0.419202886804876
6.72750000000018e-10,1.79703453773187,0.7501,0.00296552641299928,0.419202886802551
6.73250000000018e-10,1.79703453709241,0.7501,0.00296552641299911,0.419202886800248
6.73750000000018e-10,1.79703453645931,0.7501,0.00296552641299888,0.419202886797968
6.74250000000018e-10,1.79703453583252,0.7501,0.00296552641299869,0.419202886795711
6.74750000000018e-10,1.79703453521196,0.7501,0.00296552641299852,0.419202886793477
6.75250000000018e-10,1.79703453459757,0.7501,0.00296552641299833,0.419202886791265
6.75750000000018e-10,1.79703453398929,0.7501,0.00296552641299814,0.419202886789075
6.76250000000018e-10,1.79703453338707,0.7501,0.00296552641299797,0.419202886786906
6.76750000000018e-10,1.79703453279084,0.7501,0.00296552641299775,0.419202886784759
6.77250000000018e-10,1.79703453220054,0.7501,0.00296552641299757,0.419202886782634
6.77750000000018e-10,1.79703453161611,0.7501,0.00296552641299739,0.419202886780529
6.78250000000018e-10,1.79703453103749,0.7501,0.00296552641299722,0.419202886778445
6.78750000000018e-10,1.79703453046463,0.7501,0.00296552641299701,0.419202886776383
6.79250000000018e-10,1.79703452989747,0.7501,0.00296552641299686,0.41920288677434
6.79750000000018e-10,1.79703452933596,0.7501,0.00296552641299667,0.419202886772318
6.80250000000018e-10,1.79703452878002,0.7501,0.00296552641299653,0.419202886770316
6.80750000000018e-10,1.79703452822962,0.7501,0.00296552641299635,0.419202886768334
6.81250000000019e-10,1.7970345276847,0.7501,0.00296552641299616,0.419202886766372
6.81750000000019e-10,1.79703452714519,0.7501,0.00296552641299601,0.41920288676443
6.82250000000019e-10,1.79703452661106,0.7501,0.00296552641299584,0.419202886762506
6.82750000000019e-10,1.79703452608223,0.7501,0.00296552641299569,0.419202886760602
6.83250000000019e-10,1.79703452555867,0.7501,0.00296552641299552,0.419202886758717
6.83750000000019e-10,1.79703452504031,0.7501,0.00296552641299538,0.419202886756851
6.84250000000019e-10,1.79703452452711,0.7501,0.00296552641299519,0.419202886755002
6.84750000000019e-10,1.79703452401902,0.7501,0.00296552641299504,0.419202886753173
6.85250000000019e-10,1.79703452351598,0.7501,0.00296552641299489,0.419202886751361
6.85750000000019e-10,1.79703452301795,0.7501,0.00296552641299472,0.419202886749568
6.86250000000019e-10,1.79703452252487,0.7501,0.0029655264129946,0.419202886747792
6.86750000000019e-10,1.7970345220367,0.7501,0.00296552641299443,0.419202886746034
6.87250000000019e-10,1.79703452155338,0.7501,0.00296552641299427,0.419202886744294
6.87750000000019e-10,1.79703452107487,0.7501,0.00296552641299414,0.419202886742571
6.88250000000019e-10,1.79703452060112,0.7501,0.00296552641299401,0.419202886740865
6.88750000000019e-10,1.79703452013209,0.7501,0.00296552641299382,0.419202886739177
6.89250000000019e-10,1.79703451966772,0.7501,0.0029655264129937,0.419202886737504
6.89750000000019e-10,1.79703451920797,0.7501,0.00296552641299355,0.419202886735849
6.90250000000019e-10,1.79703451875279,0.7501,0.00296552641299343,0.41920288673421
6.90750000000019e-10,1.79703451830214,0.7501,0.00296552641299328,0.419202886732587
6.9125000000002e-10,1.79703451785598,0.7501,0.00296552641299315,0.419202886730981
6.9175000000002e-10,1.79703451741425,0.7501,0.00296552641299301,0.41920288672939
6.9225000000002e-10,1.79703451697692,0.7501,0.00296552641299287,0.419202886727815
6.9275000000002e-10,1.79703451654394,0.7501,0.00296552641299275,0.419202886726256
6.9325000000002e-10,1.79703451611527,0.7501,0.0029655264129926,0.419202886724713
6.9375000000002e-10,1.79703451569086,0.7501,0.00296552641299249,0.419202886723185
6.9425000000002e-10,1.79703451527067,0.7501,0.00296552641299233,0.419202886721672
6.9475000000002e-10,1.79703451485466,0.7501,0.0029655264129922,0.419202886720174
6.9525000000002e-10,1.7970345144428,0.7501,0.00296552641299209,0.41920288671869
6.9575000000002e-10,1.79703451403503,0.7501,0.00296552641299196,0.419202886717222
6.9625000000002e-10,1.79703451363131,0.7501,0.00296552641299183,0.419202886715768
6.9675000000002e-10,1.79703451323161,0.7501,0.00296552641299172,0.419202886714329
6.9725000000002e-10,1.79703451283589,0.7501,0.00296552641299162,0.419202886712904
6.9775000000002e-10,1.79703451244411,0.7501,0.00296552641299147,0.419202886711494
6.9825000000002e-10,1.79703451205622,0.7501,0.00296552641299135,0.419202886710097
6.9875000000002e-10,1.79703451167219,0.7501,0.00296552641299123,0.419202886708714
6.9925000000002e-10,1.79703451129198,0.7501,0.0029655264129911,0.419202886707345
6.9975000000002e-10,1.79703451091556,0.7501,0.002965526412991,0.41920288670599
7.0025000000002e-10,1.79703451054288,0.7501,0.00296552641299088,0.419202886704648
7.0075000000002e-10,1.79703451017391,0.7501,0.00296552641299076,0.419202886703319
7.01250000000021e-10,1.7970345098086,0.7501,0.00296552641299066,0.419202886702004
7.01750000000021e-10,1.79703450944694,0.7501,0.00296552641299056,0.419202886700701
7.02250000000021e-10,1.79703450908887,0.7501,0.00296552641299044,0.419202886699412
7.02750000000021e-10,1.79703450873436,0.7501,0.00296552641299034,0.419202886698136
7.03250000000021e-10,1.79703450838337,0.7501,0.00296552641299021,0.419202886696872
7.03750000000021e-10,1.79703450803588,0.7501,0.00296552641299011,0.41920288669562
7.04250000000021e-10,1.79703450769185,0.7501,0.00296552641299,0.419202886694381
7.04750000000021e-10,1.79703450735124,0.7501,0.00296552641298991,0.419202886693154
7.05250000000021e-10,1.79703450701402,0.7501,0.00296552641298979,0.41920288669194
7.05750000000021e-10,1.79703450668015,0.7501,0.00296552641298969,0.419202886690738
7.06250000000021e-10,1.7970345063496,0.7501,0.00296552641298956,0.419202886689548
7.06750000000021e-10,1.79703450602234,0.7501,0.00296552641298949,0.41920288668837
7.07250000000021e-10,1.79703450569834,0.7501,0.00296552641298939,0.419202886687203
7.07750000000021e-10,1.79703450537756,0.7501,0.00296552641298929,0.419202886686048
7.08250000000021e-10,1.79703450505997,0.7501,0.0029655264129892,0.419202886684905
7.08750000000021e-10,1.79703450474554,0.7501,0.0029655264129891,0.419202886683772
7.09250000000021e-10,1.79703450443424,0.7501,0.00296552641298901,0.419202886682651
7.09750000000021e-10,1.79703450412604,0.7501,0.0029655264129889,0.419202886681542
7.10250000000021e-10,1.7970345038209,0.7501,0.00296552641298882,0.419202886680443
7.10750000000021e-10,1.7970345035188,0.7501,0.00296552641298873,0.419202886679355
7.11250000000022e-10,1.7970345032197,0.7501,0.00296552641298861,0.419202886678278
7.11750000000022e-10,1.79703450292358,0.7501,0.00296552641298854,0.419202886677212
7.12250000000022e-10,1.79703450263041,0.7501,0.00296552641298844,0.419202886676156
7.12750000000022e-10,1.79703450234015,0.7501,0.00296552641298837,0.419202886675111
7.13250000000022e-10,1.79703450205278,0.7501,0.00296552641298827,0.419202886674076
7.13750000000022e-10,1.79703450176826,0.7501,0.00296552641298817,0.419202886673052
7.14250000000022e-10,1.79703450148658,0.7501,0.00296552641298808,0.419202886672038
7.14750000000022e-10,1.7970345012077,0.7501,0.00296552641298801,0.419202886671034
7.15250000000022e-10,1.7970345009316,0.7501,0.00296552641298792,0.419202886670039
7.15750000000022e-10,1.79703450065824,0.7501,0.00296552641298785,0.419202886669055
7.16250000000022e-10,1.7970345003876,0.7501,0.00296552641298775,0.41920288666808
7.16750000000022e-10,1.79703450011966,0.7501,0.00296552641298766,0.419202886667115
7.17250000000022e-10,1.79703449985437,0.7501,0.00296552641298759,0.41920288666616
7.17750000000022e-10,1.79703449959173,0.7501,0.00296552641298753,0.419202886665215
7.18250000000022e-10,1.7970344993317,0.7501,0.0029655264129874,0.419202886664278
7.18750000000022e-10,1.79703449907426,0.7501,0.00296552641298736,0.419202886663351
7.19250000000022e-10,1.79703449881938,0.7501,0.00296552641298723,0.419202886662433
7.19750000000022e-10,1.79703449856704,0.7501,0.00296552641298721,0.419202886661524
7.20250000000022e-10,1.7970344983172,0.7501,0.0029655264129871,0.419202886660625
7.20750000000022e-10,1.79703449806985,0.7501,0.00296552641298704,0.419202886659734
7.21250000000023e-10,1.79703449782496,0.7501,0.00296552641298696,0.419202886658852
7.21750000000023e-10,1.79703449758251,0.7501,0.00296552641298688,0.419202886657979
7.22250000000023e-10,1.79703449734247,0.7501,0.0029655264129868,0.419202886657115
7.22750000000023e-10,1.79703449710482,0.7501,0.00296552641298674,0.419202886656259
7.23250000000023e-10,1.79703449686953,0.7501,0.00296552641298666,0.419202886655412
7.23750000000023e-10,1.79703449663658,0.7501,0.00296552641298658,0.419202886654573
7.24250000000023e-10,1.79703449640595,0.7501,0.00296552641298651,0.419202886653743
7.24750000000023e-10,1.79703449617761,0.7501,0.00296552641298645,0.419202886652921
7.25250000000023e-10,1.79703449595155,0.7501,0.00296552641298638,0.419202886652107
7.25750000000023e-10,1.79703449572773,0.7501,0.00296552641298633,0.419202886651301
7.26250000000023e-10,1.79703449550614,0.7501,0.00296552641298624,0.419202886650503
7.26750000000023e-10,1.79703449528676,0.7501,0.00296552641298619,0.419202886649713
7.27250000000023e-10,1.79703449506956,0.7501,0.00296552641298612,0.419202886648931
7.27750000000023e-10,1.79703449485452,0.7501,0.00296552641298604,0.419202886648156
7.28250000000023e-10,1.79703449464162,0.7501,0.00296552641298601,0.41920288664739
7.28750000000023e-10,1.79703449443083,0.7501,0.00296552641298588,0.419202886646631
7.29250000000023e-10,1.79703449422215,0.7501,0.00296552641298582,0.419202886645879
7.29750000000023e-10,1.79703449401553,0.7501,0.00296552641298576,0.419202886645136
7.30250000000023e-10,1.79703449381098,0.7501,0.00296552641298571,0.419202886644399
7.30750000000023e-10,1.79703449360846,0.7501,0.00296552641298565,0.41920288664367
7.31250000000024e-10,1.79703449340795,0.7501,0.00296552641298559,0.419202886642947
7.31750000000024e-10,1.79703449320944,0.7501,0.00296552641298554,0.419202886642232
7.32250000000024e-10,1.79703449301291,0.7501,0.00296552641298546,0.419202886641525
7.32750000000024e-10,1.79703449281833,0.7501,0.00296552641298542,0.419202886640824
7.33250000000024e-10,1.79703449262568,0.7501,0.00296552641298535,0.419202886640131
7.33750000000024e-10,1.79703449243495,0.7501,0.0029655264129853,0.419202886639444
7.34250000000024e-10,1.79703449224612,0.7501,0.00296552641298524,0.419202886638764
7.34750000000024e-10,1.79703449205917,0.7501,0.00296552641298519,0.419202886638091
7.35250000000024e-10,1.79703449187408,0.7501,0.00296552641298514,0.419202886637424
7.35750000000024e-10,1.79703449169082,0.7501,0.00296552641298507,0.419202886636764
7.36250000000024e-10,1.7970344915094,0.7501,0.002965526412985,0.419202886636111
7.36750000000024e-10,1.79703449132977,0.7501,0.00296552641298495,0.419202886635464
7.37250000000024e-10,1.79703449115193,0.7501,0.00296552641298491,0.419202886634824
7.37750000000024e-10,1.79703449097587,0.7501,0.00296552641298482,0.41920288663419
7.38250000000024e-10,1.79703449080155,0.7501,0.0029655264129848,0.419202886633562
7.38750000000024e-10,1.79703449062897,0.7501,0.00296552641298473,0.419202886632941
7.39250000000024e-10,1.7970344904581,0.7501,0.00296552641298471,0.419202886632325
7.39750000000024e-10,1.79703449028894,0.7501,0.00296552641298462,0.419202886631716
7.40250000000024e-10,1.79703449012145,0.7501,0.0029655264129846,0.419202886631113
7.40750000000024e-10,1.79703448995563,0.7501,0.00296552641298454,0.419202886630516
7.41250000000025e-10,1.79703448979147,0.7501,0.00296552641298449,0.419202886629925
7.41750000000025e-10,1.79703448962893,0.7501,0.00296552641298441,0.41920288662934
7.42250000000025e-10,1.79703448946802,0.7501,0.00296552641298438,0.419202886628761
7.42750000000025e-10,1.7970344893087,0.7501,0.00296552641298431,0.419202886628187
7.43250000000025e-10,1.79703448915097,0.7501,0.00296552641298427,0.419202886627619
7.43750000000025e-10,1.79703448899481,0.7501,0.00296552641298424,0.419202886627056
7.44250000000025e-10,1.7970344888402,0.7501,0.00296552641298418,0.4192028866265
7.44750000000025e-10,1.79703448868713,0.7501,0.00296552641298416,0.419202886625949
7.45250000000025e-10,1.79703448853558,0.7501,0.00296552641298408,0.419202886625403
7.45750000000025e-10,1.79703448838554,0.7501,0.00296552641298405,0.419202886624863
7.46250000000025e-10,1.797034488237,0.7501,0.002965526412984,0.419202886624328
7.46750000000025e-10,1.79703448808993,0.7501,0.00296552641298393,0.419202886623798
7.47250000000025e-10,1.79703448794432,0.7501,0.0029655264129839,0.419202886623274
7.47750000000025e-10,1.79703448780016,0.7501,0.00296552641298386,0.419202886622755
7.48250000000025e-10,1.79703448765744,0.7501,0.00296552641298382,0.419202886622241
7.48750000000025e-10,1.79703448751614,0.7501,0.00296552641298378,0.419202886621732
7.49250000000025e-10,1.79703448737624,0.7501,0.00296552641298373,0.419202886621228
7.49750000000025e-10,1.79703448723773,0.7501,0.00296552641298371,0.419202886620729
7.50250000000025e-10,1.7970344871006,0.7501,0.00296552641298367,0.419202886620236
7.50750000000025e-10,1.79703448696484,0.7501,0.00296552641298361,0.419202886619747
7.51250000000026e-10,1.79703448683042,0.7501,0.00296552641298358,0.419202886619263
7.51750000000026e-10,1.79703448669735,0.7501,0.00296552641298349,0.419202886618784
7.52250000000026e-10,1.7970344865656,0.7501,0.00296552641298349,0.41920288661831
7.52750000000026e-10,1.79703448643515,0.7501,0.00296552641298343,0.41920288661784
7.53250000000026e-10,1.79703448630601,0.7501,0.00296552641298339,0.419202886617375
7.53750000000026e-10,1.79703448617815,0.7501,0.00296552641298336,0.419202886616915
7.54250000000026e-10,1.79703448605156,0.7501,0.00296552641298332,0.419202886616459
7.54750000000026e-10,1.79703448592623,0.7501,0.00296552641298329,0.419202886616007
7.55250000000026e-10,1.79703448580215,0.7501,0.00296552641298325,0.41920288661556
7.55750000000026e-10,1.7970344856793,0.7501,0.00296552641298319,0.419202886615118
7.56250000000026e-10,1.79703448555768,0.7501,0.00296552641298318,0.41920288661468
7.56750000000026e-10,1.79703448543726,0.7501,0.00296552641298313,0.419202886614246
7.57250000000026e-10,1.79703448531805,0.7501,0.00296552641298309,0.419202886613817
7.57750000000026e-10,1.79703448520002,0.7501,0.00296552641298305,0.419202886613392
7.58250000000026e-10,1.79703448508316,0.7501,0.00296552641298301,0.419202886612971
7.58750000000026e-10,1.79703448496746,0.7501,0.00296552641298298,0.419202886612555
7.59250000000026e-10,1.79703448485292,0.7501,0.00296552641298297,0.419202886612142
7.59750000000026e-10,1.79703448473952,0.7501,0.0029655264129829,0.419202886611734
7.60250000000026e-10,1.79703448462724,0.7501,0.00296552641298288,0.419202886611329
7.60750000000026e-10,1.79703448451608,0.7501,0.00296552641298284,0.419202886610929
7.61250000000027e-10,1.79703448440603,0.7501,0.00296552641298282,0.419202886610533
7.61750000000027e-10,1.79703448429707,0.7501,0.00296552641298279,0.419202886610141
7.62250000000027e-10,1.7970344841892,0.7501,0.00296552641298274,0.419202886609752
7.62750000000027e-10,1.7970344840824,0.7501,0.00296552641298271,0.419202886609367
7.63250000000027e-10,1.79703448397666,0.7501,0.00296552641298269,0.419202886608987
7.63750000000027e-10,1.79703448387197,0.7501,0.00296552641298263,0.41920288660861
7.64250000000027e-10,1.79703448376833,0.7501,0.00296552641298262,0.419202886608237
7.64750000000027e-10,1.79703448366571,0.7501,0.00296552641298258,0.419202886607867
7.65250000000027e-10,1.79703448356412,0.7501,0.00296552641298255,0.419202886607501
7.65750000000027e-10,1.79703448346354,0.7501,0.00296552641298252,0.41920288660714
7.66250000000027e-10,1.79703448336396,0.7501,0.00296552641298249,0.419202886606781
7.66750000000027e-10,1.79703448326537,0.7501,0.00296552641298246,0.419202886606426
7.67250000000027e-10,1.79703448316776,0.7501,0.00296552641298241,0.419202886606075
7.67750000000027e-10,1.79703448307112,0.7501,0.00296552641298242,0.419202886605727
7.68250000000027e-10,1.79703448297544,0.7501,0.00296552641298234,0.419202886605382
7.68750000000027e-10,1.79703448288071,0.7501,0.00296552641298234,0.419202886605041
7.69250000000027e-10,1.79703448278693,0.7501,0.0029655264129823,0.419202886604703
7.69750000000027e-10,1.79703448269408,0.7501,0.0029655264129823,0.419202886604369
7.70250000000027e-10,1.79703448260215,0.7501,0.00296552641298225,0.419202886604038
7.70750000000027e-10,1.79703448251114,0.7501,0.00296552641298223,0.41920288660371
7.71250000000028e-10,1.79703448242103,0.7501,0.00296552641298221,0.419202886603386
7.71750000000028e-10,1.79703448233182,0.7501,0.00296552641298219,0.419202886603064
7.72250000000028e-10,1.7970344822435,0.7501,0.00296552641298216,0.419202886602746
7.72750000000028e-10,1.79703448215606,0.7501,0.00296552641298214,0.419202886602432
7.73250000000028e-10,1.79703448206948,0.7501,0.00296552641298208,0.41920288660212
7.73750000000028e-10,1.79703448198377,0.7501,0.00296552641298207,0.419202886601811
7.74250000000028e-10,1.79703448189891,0.7501,0.00296552641298204,0.419202886601506
7.74750000000028e-10,1.79703448181489,0.7501,0.00296552641298203,0.419202886601203
7.75250000000028e-10,1.79703448173171,0.7501,0.00296552641298197,0.419202886600904
7.75750000000028e-10,1.79703448164936,0.7501,0.00296552641298199,0.419202886600607
7.76250000000028e-10,1.79703448156782,0.7501,0.00296552641298193,0.419202886600314
7.76750000000028e-10,1.7970344814871,0.7501,0.00296552641298193,0.419202886600023
7.77250000000028e-10,1.79703448140718,0.7501,0.00296552641298186,0.419202886599735
7.77750000000028e-10,1.79703448132806,0.7501,0.00296552641298189,0.41920288659945
7.78250000000028e-10,1.79703448124972,0.7501,0.00296552641298183,0.419202886599168
7.78750000000028e-10,1.79703448117216,0.7501,0.00296552641298183,0.419202886598889
7.79250000000028e-10,1.79703448109538,0.7501,0.00296552641298179,0.419202886598612
7.79750000000028e-10,1.79703448101935,0.7501,0.00296552641298177,0.419202886598338
7.80250000000028e-10,1.79703448094409,0.7501,0.00296552641298174,0.419202886598067
7.80750000000028e-10,1.79703448086957,0.7501,0.00296552641298171,0.419202886597799
7.81250000000029e-10,1.79703448079579,0.7501,0.00296552641298169,0.419202886597533
7.81750000000029e-10,1.79703448072275,0.7501,0.00296552641298166,0.41920288659727
7.82250000000029e-10,1.79703448065044,0.7501,0.00296552641298167,0.41920288659701
7.82750000000029e-10,1.79703448057884,0.7501,0.00296552641298162,0.419202886596752
7.83250000000029e-10,1.79703448050796,0.7501,0.00296552641298162,0.419202886596497
7.83750000000029e-10,1.79703448043778,0.7501,0.00296552641298158,0.419202886596244
7.84250000000029e-10,1.79703448036829,0.7501,0.00296552641298156,0.419202886595994
7.84750000000029e-10,1.79703448029951,0.7501,0.00296552641298153,0.419202886595747
7.85250000000029e-10,1.7970344802314,0.7501,0.00296552641298151,0.419202886595501
7.85750000000029e-10,1.79703448016397,0.7501,0.0029655264129815,0.419202886595258
7.86250000000029e-10,1.79703448009722,0.7501,0.00296552641298146,0.419202886595018
7.86750000000029e-10,1.79703448003112,0.7501,0.00296552641298145,0.41920288659478
7.87250000000029e-10,1.79703447996569,0.7501,0.00296552641298145,0.419202886594545
7.87750000000029e-10,1.7970344799009,0.7501,0.00296552641298143,0.419202886594312
7.88250000000029e-10,1.79703447983676,0.7501,0.00296552641298141,0.419202886594081
7.88750000000029e-10,1.79703447977326,0.7501,0.00296552641298138,0.419202886593851
7.89250000000029e-10,1.79703447971039,0.7501,0.00296552641298137,0.419202886593625
7.89750000000029e-10,1.79703447964815,0.7501,0.00296552641298136,0.4192028865934
7.90250000000029e-10,1.79703447958652,0.7501,0.00296552641298132,0.419202886593179
7.90750000000029e-10,1.79703447952551,0.7501,0.00296552641298131,0.419202886592959
7.9125000000003e-10,1.79703447946511,0.7501,0.0029655264129813,0.419202886592741
7.9175000000003e-10,1.7970344794053,0.7501,0.00296552641298128,0.419202886592526
7.9225000000003e-10,1.79703447934609,0.7501,0.00296552641298125,0.419202886592313
7.9275000000003e-10,1.79703447928747,0.7501,0.00296552641298122,0.419202886592102
7.9325000000003e-10,1.79703447922944,0.7501,0.00296552641298121,0.419202886591893
7.9375000000003e-10,1.79703447917198,0.7501,0.00296552641298119,0.419202886591686
7.9425000000003e-10,1.79703447911509,0.7501,0.00296552641298119,0.419202886591481
7.9475000000003e-10,1.79703447905877,0.7501,0.00296552641298116,0.419202886591278
7.9525000000003e-10,1.79703447900301,0.7501,0.00296552641298115,0.419202886591078
7.9575000000003e-10,1.7970344789478,0.7501,0.00296552641298113,0.419202886590879
7.9625000000003e-10,1.79703447889314,0.7501,0.00296552641298112,0.419202886590683
7.9675000000003e-10,1.79703447883903,0.7501,0.00296552641298109,0.419202886590488
7.9725000000003e-10,1.79703447878545,0.7501,0.00296552641298109,0.419202886590295
7.9775000000003e-10,1.79703447873241,0.7501,0.00296552641298105,0.419202886590104
7.9825000000003e-10,1.79703447867989,0.7501,0.00296552641298105,0.419202886589915
7.9875000000003e-10,1.7970344786279,0.7501,0.00296552641298103,0.419202886589728
7.9925000000003e-10,1.79703447857643,0.7501,0.00296552641298102,0.419202886589542
7.9975000000003e-10,1.79703447852546,0.7501,0.00296552641298101,0.419202886589359
8.0025000000003e-10,1.79703447847501,0.7501,0.00296552641298099,0.419202886589177
8.0075000000003e-10,1.79703447842505,0.7501,0.00296552641298098,0.419202886588997
8.01250000000031e-10,1.79703447837559,0.7501,0.00296552641298095,0.419202886588819
8.01750000000031e-10,1.79703447832663,0.7501,0.00296552641298095,0.419202886588642
8.02250000000031e-10,1.79703447827815,0.7501,0.00296552641298091,0.419202886588467
8.02750000000031e-10,1.79703447823016,0.7501,0.00296552641298091,0.419202886588294
8.03250000000031e-10,1.79703447818264,0.7501,0.0029655264129809,0.419202886588123
8.03750000000031e-10,1.79703447813559,0.7501,0.00296552641298088,0.419202886587954
8.04250000000031e-10,1.79703447808901,0.7501,0.00296552641298087,0.419202886587786
8.04750000000031e-10,1.7970344780429,0.7501,0.00296552641298087,0.419202886587621
8.05250000000031e-10,1.79703447799724,0.7501,0.00296552641298084,0.419202886587456
8.05750000000031e-10,1.79703447795204,0.7501,0.00296552641298083,0.419202886587293
8.06250000000031e-10,1.79703447790729,0.7501,0.00296552641298082,0.419202886587133
8.06750000000031e-10,1.79703447786298,0.7501,0.00296552641298082,0.419202886586973
8.07250000000031e-10,1.79703447781912,0.7501,0.00296552641298079,0.419202886586815
8.07750000000031e-10,1.79703447777569,0.7501,0.00296552641298075,0.419202886586658
8.08250000000031e-10,1.79703447773269,0.7501,0.00296552641298077,0.419202886586503
8.08750000000031e-10,1.79703447769012,0.7501,0.00296552641298072,0.41920288658635
8.09250000000031e-10,1.79703447764798,0.7501,0.00296552641298075,0.419202886586199
8.09750000000031e-10,1.79703447760625,0.7501,0.00296552641298069,0.419202886586049
8.10250000000031e-10,1.79703447756494,0.7501,0.00296552641298071,0.4192028865859
8.10750000000031e-10,1.79703447752404,0.7501,0.00296552641298071,0.419202886585753
8.11250000000032e-10,1.79703447748354,0.7501,0.00296552641298066,0.419202886585607
8.11750000000032e-10,1.79703447744345,0.7501,0.00296552641298068,0.419202886585463
8.12250000000032e-10,1.79703447740376,0.7501,0.00296552641298065,0.41920288658532
8.12750000000032e-10,1.79703447736446,0.7501,0.00296552641298064,0.419202886585179
8.13250000000032e-10,1.79703447732556,0.7501,0.00296552641298062,0.419202886585039
8.13750000000032e-10,1.79703447728704,0.7501,0.00296552641298061,0.4192028865849
8.14250000000032e-10,1.7970344772489,0.7501,0.0029655264129806,0.419202886584763
8.14750000000032e-10,1.79703447721115,0.7501,0.00296552641298058,0.419202886584626
8.15250000000032e-10,1.79703447717376,0.7501,0.00296552641298056,0.419202886584491
8.15750000000032e-10,1.79703447713676,0.7501,0.00296552641298058,0.419202886584357
8.16250000000032e-10,1.79703447710011,0.7501,0.00296552641298055,0.419202886584226
8.16750000000032e-10,1.79703447706384,0.7501,0.00296552641298055,0.419202886584095
8.17250000000032e-10,1.79703447702792,0.7501,0.00296552641298052,0.419202886583966
8.17750000000032e-10,1.79703447699236,0.7501,0.00296552641298054,0.419202886583838
8.18250000000032e-10,1.79703447695716,0.7501,0.00296552641298051,0.419202886583711
8.18750000000032e-10,1.79703447692231,0.7501,0.00296552641298051,0.419202886583586
8.19250000000032e-10,1.7970344768878,0.7501,0.00296552641298048,0.419202886583461
8.19750000000032e-10,1.79703447685363,0.7501,0.0029655264129805,0.419202886583338
8.20250000000032e-10,1.79703447681981,0.7501,0.00296552641298046,0.419202886583217
8.20750000000032e-10,1.79703447678632,0.7501,0.00296552641298046,0.419202886583096
8.21250000000033e-10,1.79703447675316,0.7501,0.00296552641298044,0.419202886582976
8.21750000000033e-10,1.79703447672034,0.7501,0.00296552641298043,0.419202886582858
8.22250000000033e-10,1.79703447668784,0.7501,0.00296552641298043,0.419202886582742
8.22750000000033e-10,1.79703447665567,0.7501,0.00296552641298042,0.419202886582626
8.23250000000033e-10,1.79703447662381,0.7501,0.0029655264129804,0.419202886582511
8.23750000000033e-10,1.79703447659227,0.7501,0.00296552641298039,0.419202886582397
8.24250000000033e-10,1.79703447656105,0.7501,0.00296552641298038,0.419202886582285
8.24750000000033e-10,1.79703447653013,0.7501,0.00296552641298037,0.419202886582173
8.25250000000033e-10,1.79703447649953,0.7501,0.00296552641298036,0.419202886582063
8.25750000000033e-10,1.79703447646923,0.7501,0.00296552641298034,0.419202886581954
8.26250000000033e-10,1.79703447643923,0.7501,0.00296552641298037,0.419202886581847
8.26750000000033e-10,1.79703447640952,0.7501,0.00296552641298033,0.419202886581739
8.27250000000033e-10,1.79703447638012,0.7501,0.00296552641298034,0.419202886581634
8.27750000000033e-10,1.79703447635101,0.7501,0.00296552641298031,0.419202886581529
8.28250000000033e-10,1.79703447632218,0.7501,0.00296552641298032,0.419202886581425
8.28750000000033e-10,1.79703447629364,0.7501,0.0029655264129803,0.419202886581322
8.29250000000033e-10,1.79703447626539,0.7501,0.00296552641298031,0.41920288658122
8.29750000000033e-10,1.79703447623742,0.7501,0.00296552641298029,0.41920288658112
8.30250000000033e-10,1.79703447620972,0.7501,0.00296552641298028,0.41920288658102
8.30750000000033e-10,1.7970344761823,0.7501,0.00296552641298027,0.419202886580921
8.31250000000033e-10,1.79703447615516,0.7501,0.00296552641298029,0.419202886580823
8.31750000000034e-10,1.79703447612828,0.7501,0.00296552641298025,0.419202886580727
8.32250000000034e-10,1.79703447610167,0.7501,0.00296552641298024,0.419202886580631
8.32750000000034e-10,1.79703447607533,0.7501,0.00296552641298023,0.419202886580536
8.33250000000034e-10,1.79703447604925,0.7501,0.00296552641298022,0.419202886580442
8.33750000000034e-10,1.79703447602343,0.7501,0.00296552641298021,0.419202886580349
8.34250000000034e-10,1.79703447599786,0.7501,0.0029655264129802,0.419202886580257
8.34750000000034e-10,1.79703447597255,0.7501,0.0029655264129802,0.419202886580166
8.35250000000034e-10,1.79703447594749,0.7501,0.00296552641298019,0.419202886580076
8.35750000000034e-10,1.79703447592268,0.7501,0.00296552641298018,0.419202886579987
8.36250000000034e-10,1.79703447589812,0.7501,0.00296552641298017,0.419202886579898
8.36750000000034e-10,1.7970344758738,0.7501,0.00296552641298016,0.41920288657981
8.37250000000034e-10,1.79703447584972,0.7501,0.00296552641298015,0.419202886579724
8.37750000000034e-10,1.79703447582589,0.7501,0.00296552641298015,0.419202886579638
8.38250000000034e-10,1.79703447580229,0.7501,0.00296552641298016,0.419202886579553
8.38750000000034e-10,1.79703447577892,0.7501,0.00296552641298013,0.419202886579468
8.39250000000034e-10,1.79703447575579,0.7501,0.00296552641298013,0.419202886579385
8.39750000000034e-10,1.79703447573289,0.7501,0.00296552641298013,0.419202886579302
8.40250000000034e-10,1.79703447571021,0.7501,0.00296552641298013,0.419202886579221
8.40750000000034e-10,1.79703447568776,0.7501,0.00296552641298013,0.41920288657914
8.41250000000034e-10,1.79703447566553,0.7501,0.00296552641298011,0.41920288657906
8.41750000000035e-10,1.79703447564353,0.7501,0.00296552641298011,0.41920288657898
8.42250000000035e-10,1.79703447562174,0.7501,0.0029655264129801,0.419202886578902
8.42750000000035e-10,1.79703447560017,0.7501,0.0029655264129801,0.419202886578825
8.43250000000035e-10,1.79703447557882,0.7501,0.0029655264129801,0.419202886578748
8.43750000000035e-10,1.79703447555768,0.7501,0.00296552641298009,0.419202886578672
8.44250000000035e-10,1.79703447553674,0.7501,0.00296552641298008,0.419202886578596
8.44750000000035e-10,1.79703447551602,0.7501,0.00296552641298008,0.419202886578522
8.45250000000035e-10,1.7970344754955,0.7501,0.00296552641298007,0.419202886578448
8.45750000000035e-10,1.79703447547519,0.7501,0.00296552641298007,0.419202886578375
8.46250000000035e-10,1.79703447545508,0.7501,0.00296552641298006,0.419202886578302
8.46750000000035e-10,1.79703447543517,0.7501,0.00296552641298006,0.419202886578231
8.47250000000035e-10,1.79703447541546,0.7501,0.00296552641298005,0.41920288657816
8.47750000000035e-10,1.79703447539594,0.7501,0.00296552641298004,0.419202886578089
8.48250000000035e-10,1.79703447537661,0.7501,0.00296552641298004,0.41920288657802
8.48750000000035e-10,1.79703447535748,0.7501,0.00296552641298002,0.419202886577951
8.49250000000035e-10,1.79703447533854,0.7501,0.00296552641298,0.419202886577883
8.49750000000035e-10,1.79703447531979,0.7501,0.00296552641298002,0.419202886577815
8.50250000000035e-10,1.79703447530123,0.7501,0.00296552641297998,0.419202886577748
8.50750000000035e-10,1.79703447528285,0.7501,0.00296552641298002,0.419202886577682
8.51250000000035e-10,1.79703447526465,0.7501,0.00296552641297998,0.419202886577617
8.51750000000036e-10,1.79703447524663,0.7501,0.00296552641298001,0.419202886577552
8.52250000000036e-10,1.79703447522879,0.7501,0.00296552641297996,0.419202886577487
8.52750000000036e-10,1.79703447521113,0.7501,0.00296552641297999,0.419202886577424
8.53250000000036e-10,1.79703447519365,0.7501,0.00296552641297996,0.419202886577361
8.53750000000036e-10,1.79703447517634,0.7501,0.00296552641297998,0.419202886577299
8.54250000000036e-10,1.7970344751592,0.7501,0.00296552641297994,0.419202886577237
8.54750000000036e-10,1.79703447514223,0.7501,0.00296552641297997,0.419202886577176
8.55250000000036e-10,1.79703447512543,0.7501,0.00296552641297994,0.419202886577116
8.55750000000036e-10,1.7970344751088,0.7501,0.00296552641297996,0.419202886577056
8.56250000000036e-10,1.79703447509234,0.7501,0.00296552641297992,0.419202886576997
8.56750000000036e-10,1.79703447507603,0.7501,0.00296552641297994,0.419202886576938
8.57250000000036e-10,1.79703447505989,0.7501,0.00296552641297994,0.41920288657688
8.57750000000036e-10,1.79703447504391,0.7501,0.00296552641297993,0.419202886576822
8.58250000000036e-10,1.79703447502809,0.7501,0.00296552641297992,0.419202886576765
8.58750000000036e-10,1.79703447501243,0.7501,0.0029655264129799,0.419202886576709
8.59250000000036e-10,1.79703447499692,0.7501,0.00296552641297991,0.419202886576653
8.59750000000036e-10,1.79703447498157,0.7501,0.00296552641297991,0.419202886576598
8.60250000000036e-10,1.79703447496637,0.7501,0.00296552641297989,0.419202886576543
8.60750000000036e-10,1.79703447495132,0.7501,0.0029655264129799,0.419202886576489
8.61250000000036e-10,1.79703447493642,0.7501,0.0029655264129799,0.419202886576435
8.61750000000037e-10,1.79703447492167,0.7501,0.00296552641297988,0.419202886576381
8.62250000000037e-10,1.79703447490706,0.7501,0.00296552641297988,0.419202886576329
8.62750000000037e-10,1.7970344748926,0.7501,0.00296552641297987,0.419202886576277
8.63250000000037e-10,1.79703447487829,0.7501,0.00296552641297988,0.419202886576225
8.63750000000037e-10,1.79703447486412,0.7501,0.00296552641297987,0.419202886576174
8.64250000000037e-10,1.79703447485008,0.7501,0.00296552641297986,0.419202886576124
8.64750000000037e-10,1.79703447483619,0.7501,0.00296552641297986,0.419202886576074
8.65250000000037e-10,1.79703447482244,0.7501,0.00296552641297985,0.419202886576025
8.65750000000037e-10,1.79703447480882,0.7501,0.00296552641297985,0.419202886575976
8.66250000000037e-10,1.79703447479534,0.7501,0.00296552641297985,0.419202886575927
8.66750000000037e-10,1.79703447478199,0.7501,0.00296552641297984,0.419202886575879
8.67250000000037e-10,1.79703447476877,0.7501,0.00296552641297984,0.419202886575832
8.67750000000037e-10,1.79703447475569,0.7501,0.00296552641297983,0.419202886575785
8.68250000000037e-10,1.79703447474274,0.7501,0.00296552641297983,0.419202886575738
8.68750000000037e-10,1.79703447472991,0.7501,0.00296552641297983,0.419202886575692
8.69250000000037e-10,1.79703447471721,0.7501,0.00296552641297982,0.419202886575646
8.69750000000037e-10,1.79703447470464,0.7501,0.00296552641297982,0.4192028865756
8.70250000000037e-10,1.7970344746922,0.7501,0.00296552641297983,0.419202886575555
8.70750000000037e-10,1.79703447467988,0.7501,0.00296552641297981,0.419202886575511
8.71250000000037e-10,1.79703447466768,0.7501,0.00296552641297982,0.419202886575467
8.71750000000038e-10,1.7970344746556,0.7501,0.00296552641297981,0.419202886575424
8.72250000000038e-10,1.79703447464364,0.7501,0.00296552641297979,0.419202886575381
8.72750000000038e-10,1.7970344746318,0.7501,0.00296552641297979,0.419202886575338
8.73250000000038e-10,1.79703447462008,0.7501,0.00296552641297979,0.419202886575296
8.73750000000038e-10,1.79703447460848,0.7501,0.00296552641297978,0.419202886575254
8.74250000000038e-10,1.79703447459699,0.7501,0.00296552641297977,0.419202886575213
8.74750000000038e-10,1.79703447458561,0.7501,0.00296552641297979,0.419202886575172
8.75250000000038e-10,1.79703447457435,0.7501,0.00296552641297977,0.419202886575131
8.75750000000038e-10,1.7970344745632,0.7501,0.00296552641297977,0.419202886575091
8.76250000000038e-10,1.79703447455216,0.7501,0.00296552641297977,0.419202886575051
8.76750000000038e-10,1.79703447454123,0.7501,0.00296552641297976,0.419202886575012
8.77250000000038e-10,1.79703447453041,0.7501,0.00296552641297976,0.419202886574973
8.77750000000038e-10,1.7970344745197,0.7501,0.00296552641297975,0.419202886574934
8.78250000000038e-10,1.79703447450909,0.7501,0.00296552641297976,0.419202886574896
8.78750000000038e-10,1.79703447449859,0.7501,0.00296552641297975,0.419202886574858
8.79250000000038e-10,1.7970344744882,0.7501,0.00296552641297975,0.419202886574821
8.79750000000038e-10,1.7970344744779,0.7501,0.00296552641297975,0.419202886574784
8.80250000000038e-10,1.79703447446771,0.7501,0.00296552641297976,0.419202886574747
8.80750000000038e-10,1.79703447445763,0.7501,0.00296552641297974,0.419202886574711
8.81250000000038e-10,1.79703447444764,0.7501,0.00296552641297974,0.419202886574675
8.81750000000039e-10,1.79703447443775,0.7501,0.00296552641297974,0.419202886574639
8.82250000000039e-10,1.79703447442796,0.7501,0.00296552641297973,0.419202886574604
8.82750000000039e-10,1.79703447441827,0.7501,0.00296552641297972,0.419202886574569
8.83250000000039e-10,1.79703447440867,0.7501,0.00296552641297973,0.419202886574535
8.83750000000039e-10,1.79703447439917,0.7501,0.00296552641297972,0.4192028865745
8.84250000000039e-10,1.79703447438976,0.7501,0.00296552641297972,0.419202886574467
8.84750000000039e-10,1.79703447438045,0.7501,0.00296552641297972,0.419202886574433
8.85250000000039e-10,1.79703447437123,0.7501,0.00296552641297972,0.4192028865744
8.85750000000039e-10,1.7970344743621,0.7501,0.00296552641297972,0.419202886574367
8.86250000000039e-10,1.79703447435306,0.7501,0.00296552641297971,0.419202886574334
8.86750000000039e-10,1.79703447434411,0.7501,0.00296552641297972,0.419202886574302
8.87250000000039e-10,1.79703447433526,0.7501,0.00296552641297971,0.41920288657427
8.87750000000039e-10,1.79703447432648,0.7501,0.00296552641297971,0.419202886574238
8.88250000000039e-10,1.7970344743178,0.7501,0.00296552641297969,0.419202886574207
8.88750000000039e-10,1.7970344743092,0.7501,0.00296552641297969,0.419202886574176
8.89250000000039e-10,1.79703447430069,0.7501,0.00296552641297969,0.419202886574146
8.89750000000039e-10,1.79703447429227,0.7501,0.00296552641297969,0.419202886574115
8.90250000000039e-10,1.79703447428392,0.7501,0.00296552641297968,0.419202886574085
8.90750000000039e-10,1.79703447427566,0.7501,0.00296552641297968,0.419202886574056
8.91250000000039e-10,1.79703447426748,0.7501,0.00296552641297967,0.419202886574026
8.9175000000004e-10,1.79703447425939,0.7501,0.00296552641297968,0.419202886573997
8.9225000000004e-10,1.79703447425137,0.7501,0.00296552641297967,0.419202886573968
8.9275000000004e-10,1.79703447424343,0.7501,0.00296552641297967,0.419202886573939
8.9325000000004e-10,1.79703447423558,0.7501,0.00296552641297967,0.419202886573911
8.9375000000004e-10,1.7970344742278,0.7501,0.00296552641297967,0.419202886573883
8.9425000000004e-10,1.7970344742201,0.7501,0.00296552641297966,0.419202886573856
8.9475000000004e-10,1.79703447421247,0.7501,0.00296552641297965,0.419202886573828
8.9525000000004e-10,1.79703447420492,0.7501,0.00296552641297965,0.419202886573801
8.9575000000004e-10,1.79703447419745,0.7501,0.00296552641297967,0.419202886573774
8.9625000000004e-10,1.79703447419005,0.7501,0.00296552641297965,0.419202886573747
8.9675000000004e-10,1.79703447418272,0.7501,0.00296552641297964,0.419202886573721
8.9725000000004e-10,1.79703447417547,0.7501,0.00296552641297964,0.419202886573695
8.9775000000004e-10,1.79703447416829,0.7501,0.00296552641297965,0.419202886573669
8.9825000000004e-10,1.79703447416118,0.7501,0.00296552641297965,0.419202886573643
8.9875000000004e-10,1.79703447415414,0.7501,0.00296552641297965,0.419202886573617
8.9925000000004e-10,1.79703447414717,0.7501,0.00296552641297963,0.419202886573592
8.9975000000004e-10,1.79703447414027,0.7501,0.00296552641297964,0.419202886573568
9.0025000000004e-10,1.79703447413344,0.7501,0.00296552641297964,0.419202886573543
9.0075000000004e-10,1.79703447412667,0.7501,0.00296552641297964,0.419202886573519
9.0125000000004e-10,1.79703447411998,0.7501,0.00296552641297964,0.419202886573495
9.01750000000041e-10,1.79703447411335,0.7501,0.00296552641297963,0.419202886573471
9.02250000000041e-10,1.79703447410678,0.7501,0.00296552641297963,0.419202886573448
9.02750000000041e-10,1.79703447410029,0.7501,0.00296552641297963,0.419202886573424
9.03250000000041e-10,1.79703447409385,0.7501,0.00296552641297962,0.419202886573401
9.03750000000041e-10,1.79703447408748,0.7501,0.00296552641297963,0.419202886573378
9.04250000000041e-10,1.79703447408118,0.7501,0.00296552641297963,0.419202886573355
9.04750000000041e-10,1.79703447407493,0.7501,0.00296552641297961,0.419202886573333
9.05250000000041e-10,1.79703447406875,0.7501,0.00296552641297961,0.419202886573311
9.05750000000041e-10,1.79703447406263,0.7501,0.00296552641297961,0.419202886573289
9.06250000000041e-10,1.79703447405657,0.7501,0.00296552641297962,0.419202886573267
9.06750000000041e-10,1.79703447405058,0.7501,0.00296552641297961,0.419202886573245
9.07250000000041e-10,1.79703447404464,0.7501,0.00296552641297961,0.419202886573224
9.07750000000041e-10,1.79703447403876,0.7501,0.0029655264129796,0.419202886573202
9.08250000000041e-10,1.79703447403294,0.7501,0.00296552641297961,0.419202886573182
9.08750000000041e-10,1.79703447402717,0.7501,0.0029655264129796,0.419202886573161
9.09250000000041e-10,1.79703447402147,0.7501,0.0029655264129796,0.41920288657314
9.09750000000041e-10,1.79703447401582,0.7501,0.00296552641297961,0.41920288657312
9.10250000000041e-10,1.79703447401023,0.7501,0.0029655264129796,0.4192028865731
9.10750000000041e-10,1.79703447400469,0.7501,0.0029655264129796,0.41920288657308
9.11250000000041e-10,1.79703447399921,0.7501,0.00296552641297959,0.41920288657306
9.11750000000042e-10,1.79703447399378,0.7501,0.0029655264129796,0.419202886573041
9.12250000000042e-10,1.7970344739884,0.7501,0.00296552641297959,0.419202886573021
9.12750000000042e-10,1.79703447398308,0.7501,0.00296552641297957,0.419202886573002
9.13250000000042e-10,1.79703447397782,0.7501,0.00296552641297959,0.419202886572983
9.13750000000042e-10,1.7970344739726,0.7501,0.00296552641297959,0.419202886572964
9.14250000000042e-10,1.79703447396744,0.7501,0.00296552641297961,0.419202886572946
9.14750000000042e-10,1.79703447396232,0.7501,0.00296552641297957,0.419202886572927
9.15250000000042e-10,1.79703447395726,0.7501,0.00296552641297959,0.419202886572909
9.15750000000042e-10,1.79703447395225,0.7501,0.00296552641297959,0.419202886572891
9.16250000000042e-10,1.79703447394729,0.7501,0.00296552641297958,0.419202886572873
9.16750000000042e-10,1.79703447394238,0.7501,0.00296552641297958,0.419202886572855
9.17250000000042e-10,1.79703447393752,0.7501,0.00296552641297958,0.419202886572838
9.17750000000042e-10,1.7970344739327,0.7501,0.00296552641297958,0.419202886572821
9.18250000000042e-10,1.79703447392794,0.7501,0.00296552641297957,0.419202886572804
9.18750000000042e-10,1.79703447392322,0.7501,0.00296552641297958,0.419202886572787
9.19250000000042e-10,1.79703447391855,0.7501,0.00296552641297958,0.41920288657277
9.19750000000042e-10,1.79703447391392,0.7501,0.00296552641297957,0.419202886572753
9.20250000000042e-10,1.79703447390934,0.7501,0.00296552641297958,0.419202886572736
9.20750000000042e-10,1.79703447390481,0.7501,0.00296552641297957,0.41920288657272
9.21250000000042e-10,1.79703447390032,0.7501,0.00296552641297957,0.419202886572703
9.21750000000043e-10,1.79703447389587,0.7501,0.00296552641297956,0.419202886572687
9.22250000000043e-10,1.79703447389147,0.7501,0.00296552641297957,0.419202886572672
9.22750000000043e-10,1.79703447388712,0.7501,0.00296552641297956,0.419202886572656
9.23250000000043e-10,1.79703447388281,0.7501,0.00296552641297957,0.419202886572641
9.23750000000043e-10,1.79703447387854,0.7501,0.00296552641297957,0.419202886572625
9.24250000000043e-10,1.79703447387431,0.7501,0.00296552641297956,0.41920288657261
9.24750000000043e-10,1.79703447387012,0.7501,0.00296552641297957,0.419202886572595
9.25250000000043e-10,1.79703447386598,0.7501,0.00296552641297957,0.41920288657258
9.25750000000043e-10,1.79703447386188,0.7501,0.00296552641297956,0.419202886572565
9.26250000000043e-10,1.79703447385782,0.7501,0.00296552641297956,0.419202886572551
9.26750000000043e-10,1.79703447385379,0.7501,0.00296552641297955,0.419202886572536
9.27250000000043e-10,1.79703447384981,0.7501,0.00296552641297956,0.419202886572522
9.27750000000043e-10,1.79703447384587,0.7501,0.00296552641297955,0.419202886572508
9.28250000000043e-10,1.79703447384197,0.7501,0.00296552641297955,0.419202886572494
9.28750000000043e-10,1.79703447383811,0.7501,0.00296552641297956,0.41920288657248
9.29250000000043e-10,1.79703447383428,0.7501,0.00296552641297955,0.419202886572466
9.29750000000043e-10,1.7970344738305,0.7501,0.00296552641297956,0.419202886572452
9.30250000000043e-10,1.79703447382675,0.7501,0.00296552641297956,0.419202886572439
9.30750000000043e-10,1.79703447382303,0.7501,0.00296552641297955,0.419202886572426
9.31250000000043e-10,1.79703447381936,0.7501,0.00296552641297954,0.419202886572413
9.31750000000043e-10,1.79703447381572,0.7501,0.00296552641297955,0.4192028865724
9.32250000000043e-10,1.79703447381212,0.7501,0.00296552641297954,0.419202886572387
9.32750000000043e-10,1.79703447380855,0.7501,0.00296552641297955,0.419202886572374
9.33250000000043e-10,1.79703447380502,0.7501,0.00296552641297954,0.419202886572361
9.33750000000043e-10,1.79703447380153,0.7501,0.00296552641297954,0.419202886572348
9.34250000000043e-10,1.79703447379807,0.7501,0.00296552641297954,0.419202886572336
9.34750000000043e-10,1.79703447379464,0.7501,0.00296552641297954,0.419202886572324
9.35250000000043e-10,1.79703447379125,0.7501,0.00296552641297954,0.419202886572311
9.35750000000043e-10,1.79703447378789,0.7501,0.00296552641297954,0.419202886572299
9.36250000000043e-10,1.79703447378456,0.7501,0.00296552641297953,0.419202886572287
9.36750000000043e-10,1.79703447378127,0.7501,0.00296552641297954,0.419202886572275
9.37250000000043e-10,1.79703447377801,0.7501,0.00296552641297953,0.419202886572263
9.37750000000043e-10,1.79703447377478,0.7501,0.00296552641297953,0.419202886572252
9.38250000000043e-10,1.79703447377159,0.7501,0.00296552641297953,0.41920288657224
9.38750000000043e-10,1.79703447376842,0.7501,0.00296552641297954,0.419202886572229
9.39250000000043e-10,1.79703447376529,0.7501,0.00296552641297954,0.419202886572218
9.39750000000043e-10,1.79703447376219,0.7501,0.00296552641297954,0.419202886572207
9.40250000000043e-10,1.79703447375912,0.7501,0.00296552641297953,0.419202886572196
9.40750000000042e-10,1.79703447375608,0.7501,0.00296552641297954,0.419202886572185
9.41250000000042e-10,1.79703447375307,0.7501,0.00296552641297952,0.419202886572174
9.41750000000042e-10,1.79703447375009,0.7501,0.00296552641297952,0.419202886572163
9.42250000000042e-10,1.79703447374714,0.7501,0.00296552641297953,0.419202886572153
9.42750000000042e-10,1.79703447374422,0.7501,0.00296552641297952,0.419202886572142
9.43250000000042e-10,1.79703447374133,0.7501,0.00296552641297952,0.419202886572132
9.43750000000042e-10,1.79703447373847,0.7501,0.00296552641297952,0.419202886572122
9.44250000000042e-10,1.79703447373563,0.7501,0.00296552641297953,0.419202886572111
9.44750000000042e-10,1.79703447373283,0.7501,0.00296552641297952,0.419202886572101
9.45250000000042e-10,1.79703447373005,0.7501,0.00296552641297952,0.419202886572091
9.45750000000042e-10,1.7970344737273,0.7501,0.00296552641297953,0.419202886572081
9.46250000000042e-10,1.79703447372457,0.7501,0.00296552641297952,0.419202886572071
9.46750000000042e-10,1.79703447372188,0.7501,0.00296552641297953,0.419202886572062
9.47250000000042e-10,1.79703447371921,0.7501,0.00296552641297951,0.419202886572052
9.47750000000042e-10,1.79703447371657,0.7501,0.00296552641297951,0.419202886572043
9.48250000000042e-10,1.79703447371395,0.7501,0.00296552641297952,0.419202886572033
9.48750000000042e-10,1.79703447371136,0.7501,0.00296552641297951,0.419202886572024
9.49250000000042e-10,1.7970344737088,0.7501,0.00296552641297951,0.419202886572014
9.49750000000042e-10,1.79703447370626,0.7501,0.00296552641297952,0.419202886572005
9.50250000000041e-10,1.79703447370374,0.7501,0.00296552641297952,0.419202886571996
9.50750000000041e-10,1.79703447370125,0.7501,0.00296552641297951,0.419202886571987
9.51250000000041e-10,1.79703447369879,0.7501,0.00296552641297951,0.419202886571979
9.51750000000041e-10,1.79703447369635,0.7501,0.00296552641297951,0.41920288657197
9.52250000000041e-10,1.79703447369394,0.7501,0.00296552641297951,0.419202886571961
9.52750000000041e-10,1.79703447369155,0.7501,0.00296552641297951,0.419202886571952
9.53250000000041e-10,1.79703447368918,0.7501,0.00296552641297951,0.419202886571944
9.53750000000041e-10,1.79703447368684,0.7501,0.00296552641297952,0.419202886571935
9.54250000000041e-10,1.79703447368451,0.7501,0.00296552641297951,0.419202886571927
9.54750000000041e-10,1.79703447368222,0.7501,0.0029655264129795,0.419202886571919
9.55250000000041e-10,1.79703447367994,0.7501,0.0029655264129795,0.41920288657191
9.55750000000041e-10,1.79703447367769,0.7501,0.0029655264129795,0.419202886571902
9.56250000000041e-10,1.79703447367546,0.7501,0.0029655264129795,0.419202886571894
9.56750000000041e-10,1.79703447367325,0.7501,0.0029655264129795,0.419202886571887
9.57250000000041e-10,1.79703447367107,0.7501,0.0029655264129795,0.419202886571879
9.57750000000041e-10,1.7970344736689,0.7501,0.0029655264129795,0.419202886571871
9.58250000000041e-10,1.79703447366676,0.7501,0.0029655264129795,0.419202886571863
9.58750000000041e-10,1.79703447366464,0.7501,0.00296552641297951,0.419202886571855
9.59250000000041e-10,1.79703447366254,0.7501,0.0029655264129795,0.419202886571848
9.5975000000004e-10,1.79703447366046,0.7501,0.0029655264129795,0.41920288657184
9.6025000000004e-10,1.7970344736584,0.7501,0.0029655264129795,0.419202886571833
9.6075000000004e-10,1.79703447365636,0.7501,0.0029655264129795,0.419202886571826
9.6125000000004e-10,1.79703447365434,0.7501,0.0029655264129795,0.419202886571818
9.6175000000004e-10,1.79703447365235,0.7501,0.00296552641297951,0.419202886571811
9.6225000000004e-10,1.79703447365037,0.7501,0.00296552641297949,0.419202886571804
9.6275000000004e-10,1.79703447364841,0.7501,0.00296552641297949,0.419202886571797
9.6325000000004e-10,1.79703447364647,0.7501,0.0029655264129795,0.41920288657179
9.6375000000004e-10,1.79703447364455,0.7501,0.0029655264129795,0.419202886571783
9.6425000000004e-10,1.79703447364265,0.7501,0.00296552641297949,0.419202886571776
9.6475000000004e-10,1.79703447364077,0.7501,0.00296552641297949,0.41920288657177
9.6525000000004e-10,1.79703447363891,0.7501,0.00296552641297949,0.419202886571763
9.6575000000004e-10,1.79703447363706,0.7501,0.00296552641297949,0.419202886571756
9.6625000000004e-10,1.79703447363524,0.7501,0.00296552641297949,0.41920288657175
9.6675000000004e-10,1.79703447363343,0.7501,0.0029655264129795,0.419202886571744
9.6725000000004e-10,1.79703447363164,0.7501,0.00296552641297949,0.419202886571737
9.6775000000004e-10,1.79703447362987,0.7501,0.00296552641297949,0.41920288657173
9.6825000000004e-10,1.79703447362811,0.7501,0.00296552641297949,0.419202886571724
9.68750000000039e-10,1.79703447362638,0.7501,0.00296552641297949,0.419202886571718
9.69250000000039e-10,1.79703447362466,0.7501,0.0029655264129795,0.419202886571712
9.69750000000039e-10,1.79703447362295,0.7501,0.0029655264129795,0.419202886571705
9.70250000000039e-10,1.79703447362127,0.7501,0.00296552641297949,0.419202886571699
9.70750000000039e-10,1.7970344736196,0.7501,0.00296552641297949,0.419202886571694
9.71250000000039e-10,1.79703447361795,0.7501,0.00296552641297949,0.419202886571687
9.71750000000039e-10,1.79703447361631,0.7501,0.00296552641297948,0.419202886571681
9.72250000000039e-10,1.79703447361469,0.7501,0.00296552641297948,0.419202886571675
9.72750000000039e-10,1.79703447361309,0.7501,0.00296552641297948,0.41920288657167
9.73250000000039e-10,1.7970344736115,0.7501,0.00296552641297948,0.419202886571664
9.73750000000039e-10,1.79703447360993,0.7501,0.00296552641297948,0.419202886571659
9.74250000000039e-10,1.79703447360838,0.7501,0.00296552641297948,0.419202886571653
9.74750000000039e-10,1.79703447360684,0.7501,0.00296552641297948,0.419202886571648
9.75250000000039e-10,1.79703447360531,0.7501,0.00296552641297949,0.419202886571642
9.75750000000039e-10,1.7970344736038,0.7501,0.00296552641297949,0.419202886571636
9.76250000000039e-10,1.79703447360231,0.7501,0.00296552641297948,0.419202886571631
9.76750000000039e-10,1.79703447360083,0.7501,0.00296552641297948,0.419202886571626
9.77250000000039e-10,1.79703447359936,0.7501,0.00296552641297948,0.41920288657162
9.77750000000039e-10,1.79703447359791,0.7501,0.00296552641297948,0.419202886571615
9.78250000000038e-10,1.79703447359647,0.7501,0.00296552641297948,0.41920288657161
9.78750000000038e-10,1.79703447359505,0.7501,0.00296552641297946,0.419202886571605
9.79250000000038e-10,1.79703447359364,0.7501,0.00296552641297949,0.4192028865716
9.79750000000038e-10,1.79703447359225,0.7501,0.00296552641297946,0.419202886571595
9.80250000000038e-10,1.79703447359087,0.7501,0.00296552641297946,0.41920288657159
9.80750000000038e-10,1.7970344735895,0.7501,0.00296552641297945,0.419202886571585
9.81250000000038e-10,1.79703447358815,0.7501,0.00296552641297949,0.41920288657158
9.81750000000038e-10,1.79703447358681,0.7501,0.00296552641297949,0.419202886571575
9.82250000000038e-10,1.79703447358549,0.7501,0.00296552641297948,0.419202886571571
9.82750000000038e-10,1.79703447358418,0.7501,0.00296552641297946,0.419202886571566
9.83250000000038e-10,1.79703447358288,0.7501,0.0029655264129795,0.419202886571561
9.83750000000038e-10,1.79703447358159,0.7501,0.00296552641297948,0.419202886571556
9.84250000000038e-10,1.79703447358032,0.7501,0.00296552641297946,0.419202886571552
9.84750000000038e-10,1.79703447357906,0.7501,0.00296552641297949,0.419202886571547
9.85250000000038e-10,1.79703447357781,0.7501,0.00296552641297947,0.419202886571543
9.85750000000038e-10,1.79703447357657,0.7501,0.00296552641297946,0.419202886571538
9.86250000000038e-10,1.79703447357535,0.7501,0.00296552641297948,0.419202886571533
9.86750000000038e-10,1.79703447357414,0.7501,0.00296552641297947,0.419202886571529
9.87250000000038e-10,1.79703447357294,0.7501,0.00296552641297945,0.419202886571525
9.87750000000037e-10,1.79703447357175,0.7501,0.00296552641297948,0.419202886571521
9.88250000000037e-10,1.79703447357057,0.7501,0.00296552641297947,0.419202886571517
9.88750000000037e-10,1.79703447356941,0.7501,0.00296552641297945,0.419202886571513
9.89250000000037e-10,1.79703447356826,0.7501,0.00296552641297949,0.419202886571508
9.89750000000037e-10,1.79703447356712,0.7501,0.00296552641297948,0.419202886571504
9.90250000000037e-10,1.79703447356598,0.7501,0.00296552641297947,0.419202886571501
9.90750000000037e-10,1.79703447356487,0.7501,0.00296552641297945,0.419202886571497
9.91250000000037e-10,1.79703447356376,0.7501,0.00296552641297948,0.419202886571493
9.91750000000037e-10,1.79703447356266,0.7501,0.00296552641297947,0.419202886571489
9.92250000000037e-10,1.79703447356158,0.7501,0.00296552641297945,0.419202886571485
9.92750000000037e-10,1.7970344735605,0.7501,0.00296552641297949,0.419202886571481
9.93250000000037e-10,1.79703447355944,0.7501,0.00296552641297947,0.419202886571477
9.93750000000037e-10,1.79703447355838,0.7501,0.00296552641297946,0.419202886571473
9.94250000000037e-10,1.79703447355734,0.7501,0.00296552641297949,0.41920288657147
9.94750000000037e-10,1.79703447355631,0.7501,0.00296552641297947,0.419202886571466
9.95250000000037e-10,1.79703447355529,0.7501,0.00296552641297946,0.419202886571462
9.95750000000037e-10,1.79703447355427,0.7501,0.00296552641297948,0.419202886571458
9.96250000000037e-10,1.79703447355327,0.7501,0.00296552641297944,0.419202886571455
9.96750000000036e-10,1.79703447355228,0.7501,0.00296552641297948,0.419202886571451
9.97250000000036e-10,1.7970344735513,0.7501,0.00296552641297944,0.419202886571447
9.97750000000036e-10,1.79703447355032,0.7501,0.00296552641297948,0.419202886571444
9.98250000000036e-10,1.79703447354936,0.7501,0.00296552641297944,0.419202886571441
9.98750000000036e-10,1.79703447354841,0.7501,0.00296552641297948,0.419202886571437
9.99250000000036e-10,1.79703447354746,0.7501,0.00296552641297944,0.419202886571434
9.99750000000036e-10,1.79703447354653,0.7501,0.00296552641297948,0.41920288657143
1.00025000000004e-09,1.7970344735456,0.7501,0.00296552641297944,0.419202886571427
1.00075000000004e-09,1.79703447354469,0.7501,0.00296552641297948,0.419202886571424
1.00125000000004e-09,1.79703447354378,0.7501,0.00296552641297944,0.41920288657142
1.00175000000004e-09,1.79703447354288,0.7501,0.00296552641297947,0.419202886571417
1.00225000000004e-09,1.79703447354199,0.7501,0.00296552641297944,0.419202886571414
1.00275000000004e-09,1.79703447354111,0.7501,0.00296552641297948,0.419202886571411
1.00325000000004e-09,1.79703447354024,0.7501,0.00296552641297946,0.419202886571407
1.00375000000004e-09,1.79703447353938,0.7501,0.00296552641297944,0.419202886571404
1.00425000000004e-09,1.79703447353853,0.7501,0.00296552641297947,0.419202886571401
1.00475000000004e-09,1.79703447353768,0.7501,0.00296552641297943,0.419202886571398
1.00525000000004e-09,1.79703447353684,0.7501,0.00296552641297947,0.419202886571395
1.00575000000004e-09,1.79703447353601,0.7501,0.00296552641297943,0.419202886571392
1.00625000000004e-09,1.79703447353519,0.7501,0.00296552641297947,0.419202886571389
1.00675000000004e-09,1.79703447353438,0.7501,0.00296552641297943,0.419202886571386
1.00725000000003e-09,1.79703447353358,0.7501,0.00296552641297947,0.419202886571384
1.00775000000003e-09,1.79703447353278,0.7501,0.00296552641297943,0.419202886571381
1.00825000000004e-09,1.79703447353199,0.7501,0.00296552641297947,0.419202886571378
1.00875000000004e-09,1.79703447353121,0.7501,0.00296552641297943,0.419202886571375
1.00925000000003e-09,1.79703447353044,0.7501,0.00296552641297947,0.419202886571372
1.00975000000003e-09,1.79703447352967,0.7501,0.00296552641297943,0.419202886571369
1.01025000000004e-09,1.79703447352891,0.7501,0.00296552641297947,0.419202886571367
1.01075000000003e-09,1.79703447352816,0.7501,0.00296552641297943,0.419202886571364
1.01125000000003e-09,1.79703447352742,0.7501,0.00296552641297947,0.419202886571362
1.01175000000004e-09,1.79703447352669,0.7501,0.00296552641297943,0.419202886571359
1.01225000000004e-09,1.79703447352596,0.7501,0.00296552641297947,0.419202886571356
1.01275000000003e-09,1.79703447352524,0.7501,0.00296552641297943,0.419202886571353
1.01325000000003e-09,1.79703447352452,0.7501,0.00296552641297947,0.419202886571351
1.01375000000004e-09,1.79703447352382,0.7501,0.00296552641297943,0.419202886571349
1.01425000000004e-09,1.79703447352312,0.7501,0.00296552641297947,0.419202886571346
1.01475000000003e-09,1.79703447352243,0.7501,0.00296552641297943,0.419202886571344
1.01525000000003e-09,1.79703447352174,0.7501,0.00296552641297947,0.419202886571341
1.01575000000003e-09,1.79703447352106,0.7501,0.00296552641297943,0.419202886571339
1.01625000000003e-09,1.79703447352039,0.7501,0.00296552641297947,0.419202886571336
1.01675000000003e-09,1.79703447351973,0.7501,0.00296552641297944,0.419202886571334
1.01725000000003e-09,1.79703447351907,0.7501,0.00296552641297948,0.419202886571331
1.01775000000003e-09,1.79703447351842,0.7501,0.00296552641297944,0.419202886571329
1.01825000000003e-09,1.79703447351777,0.7501,0.00296552641297948,0.419202886571327
1.01875000000003e-09,1.79703447351713,0.7501,0.00296552641297944,0.419202886571324
1.01925000000003e-09,1.7970344735165,0.7501,0.00296552641297948,0.419202886571322
1.01975000000003e-09,1.79703447351587,0.7501,0.00296552641297943,0.41920288657132
1.02025000000003e-09,1.79703447351525,0.7501,0.00296552641297947,0.419202886571318
1.02075000000003e-09,1.79703447351464,0.7501,0.00296552641297944,0.419202886571315
1.02125000000003e-09,1.79703447351403,0.7501,0.00296552641297948,0.419202886571313
1.02175000000003e-09,1.79703447351343,0.7501,0.00296552641297943,0.419202886571311
1.02225000000003e-09,1.79703447351283,0.7501,0.00296552641297947,0.419202886571309
1.02275000000003e-09,1.79703447351224,0.7501,0.00296552641297943,0.419202886571307
1.02325000000003e-09,1.79703447351166,0.7501,0.00296552641297947,0.419202886571305
1.02375000000003e-09,1.79703447351108,0.7501,0.00296552641297943,0.419202886571303
1.02425000000003e-09,1.79703447351051,0.7501,0.00296552641297947,0.419202886571301
1.02475000000003e-09,1.79703447350994,0.7501,0.00296552641297943,0.419202886571298
1.02525000000003e-09,1.79703447350938,0.7501,0.00296552641297946,0.419202886571297
1.02575000000003e-09,1.79703447350882,0.7501,0.00296552641297943,0.419202886571294
1.02625000000003e-09,1.79703447350827,0.7501,0.00296552641297946,0.419202886571293
1.02675000000003e-09,1.79703447350773,0.7501,0.00296552641297942,0.419202886571291
1.02725000000003e-09,1.79703447350719,0.7501,0.00296552641297946,0.419202886571289
1.02775000000003e-09,1.79703447350665,0.7501,0.00296552641297942,0.419202886571287
1.02825000000003e-09,1.79703447350613,0.7501,0.00296552641297946,0.419202886571285
1.02875000000003e-09,1.7970344735056,0.7501,0.00296552641297942,0.419202886571283
1.02925000000003e-09,1.79703447350508,0.7501,0.00296552641297946,0.419202886571281
1.02975000000003e-09,1.79703447350457,0.7501,0.00296552641297942,0.419202886571279
1.03025000000003e-09,1.79703447350406,0.7501,0.00296552641297946,0.419202886571277
1.03075000000003e-09,1.79703447350356,0.7501,0.00296552641297942,0.419202886571275
1.03125000000003e-09,1.79703447350306,0.7501,0.00296552641297946,0.419202886571274
1.03175000000003e-09,1.79703447350257,0.7501,0.00296552641297942,0.419202886571272
1.03225000000003e-09,1.79703447350208,0.7501,0.00296552641297946,0.419202886571271
1.03275000000003e-09,1.7970344735016,0.7501,0.00296552641297942,0.419202886571269
1.03325000000003e-09,1.79703447350112,0.7501,0.00296552641297946,0.419202886571267
1.03375000000003e-09,1.79703447350065,0.7501,0.00296552641297942,0.419202886571265
1.03425000000003e-09,1.79703447350018,0.7501,0.00296552641297946,0.419202886571263
1.03475000000003e-09,1.79703447349971,0.7501,0.00296552641297943,0.419202886571261
1.03525000000003e-09,1.79703447349925,0.7501,0.00296552641297947,0.41920288657126
1.03575000000003e-09,1.7970344734988,0.7501,0.00296552641297943,0.419202886571259
1.03625000000003e-09,1.79703447349835,0.7501,0.00296552641297947,0.419202886571257
1.03675000000003e-09,1.7970344734979,0.7501,0.00296552641297943,0.419202886571255
1.03725000000003e-09,1.79703447349746,0.7501,0.00296552641297947,0.419202886571254
1.03775000000003e-09,1.79703447349702,0.7501,0.00296552641297942,0.419202886571252
1.03825000000003e-09,1.79703447349659,0.7501,0.00296552641297946,0.419202886571251
1.03875000000003e-09,1.79703447349616,0.7501,0.00296552641297942,0.419202886571249
1.03925000000003e-09,1.79703447349574,0.7501,0.00296552641297946,0.419202886571248
1.03975000000003e-09,1.79703447349532,0.7501,0.00296552641297942,0.419202886571246
1.04025000000003e-09,1.7970344734949,0.7501,0.00296552641297946,0.419202886571244
1.04075000000003e-09,1.79703447349449,0.7501,0.00296552641297942,0.419202886571243
1.04125000000003e-09,1.79703447349408,0.7501,0.00296552641297946,0.419202886571241
1.04175000000003e-09,1.79703447349368,0.7501,0.00296552641297942,0.41920288657124
1.04225000000003e-09,1.79703447349328,0.7501,0.00296552641297946,0.419202886571238
1.04275000000003e-09,1.79703447349288,0.7501,0.00296552641297942,0.419202886571237
1.04325000000003e-09,1.79703447349249,0.7501,0.00296552641297946,0.419202886571235
1.04375000000003e-09,1.7970344734921,0.7501,0.00296552641297942,0.419202886571234
1.04425000000003e-09,1.79703447349172,0.7501,0.00296552641297946,0.419202886571233
1.04475000000003e-09,1.79703447349134,0.7501,0.00296552641297942,0.419202886571232
1.04525000000003e-09,1.79703447349096,0.7501,0.00296552641297946,0.41920288657123
1.04575000000003e-09,1.79703447349059,0.7501,0.00296552641297942,0.419202886571229
1.04625000000003e-09,1.79703447349022,0.7501,0.00296552641297946,0.419202886571228
1.04675000000003e-09,1.79703447348986,0.7501,0.00296552641297942,0.419202886571226
1.04725000000003e-09,1.79703447348949,0.7501,0.00296552641297946,0.419202886571225
1.04775000000003e-09,1.79703447348914,0.7501,0.00296552641297942,0.419202886571224
1.04825000000003e-09,1.79703447348878,0.7501,0.00296552641297946,0.419202886571222
1.04875000000003e-09,1.79703447348843,0.7501,0.00296552641297942,0.419202886571221
1.04925000000003e-09,1.79703447348808,0.7501,0.00296552641297946,0.419202886571219
1.04975000000003e-09,1.79703447348774,0.7501,0.00296552641297943,0.419202886571218
1.05025000000003e-09,1.7970344734874,0.7501,0.00296552641297945,0.419202886571217
1.05075000000003e-09,1.79703447348706,0.7501,0.00296552641297942,0.419202886571216
1.05125000000003e-09,1.79703447348673,0.7501,0.00296552641297946,0.419202886571215
1.05175000000003e-09,1.7970344734864,0.7501,0.00296552641297942,0.419202886571214
1.05225000000003e-09,1.79703447348607,0.7501,0.00296552641297946,0.419202886571212
1.05275000000003e-09,1.79703447348575,0.7501,0.00296552641297942,0.419202886571211
1.05325000000003e-09,1.79703447348542,0.7501,0.00296552641297946,0.41920288657121
1.05375000000003e-09,1.79703447348511,0.7501,0.00296552641297942,0.419202886571209
1.05425000000003e-09,1.79703447348479,0.7501,0.00296552641297946,0.419202886571208
1.05475000000003e-09,1.79703447348448,0.7501,0.00296552641297942,0.419202886571207
1.05525000000003e-09,1.79703447348417,0.7501,0.00296552641297946,0.419202886571206
1.05575000000003e-09,1.79703447348387,0.7501,0.00296552641297942,0.419202886571205
1.05625000000003e-09,1.79703447348357,0.7501,0.00296552641297946,0.419202886571204
1.05675000000003e-09,1.79703447348327,0.7501,0.00296552641297942,0.419202886571203
1.05725000000003e-09,1.79703447348297,0.7501,0.00296552641297946,0.419202886571202
1.05775000000003e-09,1.79703447348268,0.7501,0.00296552641297942,0.419202886571201
1.05825000000003e-09,1.79703447348239,0.7501,0.00296552641297946,0.4192028865712
1.05875000000003e-09,1.7970344734821,0.7501,0.00296552641297942,0.419202886571199
1.05925000000003e-09,1.79703447348182,0.7501,0.00296552641297946,0.419202886571197
1.05975000000003e-09,1.79703447348153,0.7501,0.00296552641297942,0.419202886571196
1.06025000000003e-09,1.79703447348126,0.7501,0.00296552641297946,0.419202886571195
1.06075000000003e-09,1.79703447348098,0.7501,0.00296552641297942,0.419202886571194
1.06125000000003e-09,1.79703447348071,0.7501,0.00296552641297946,0.419202886571193
1.06175000000003e-09,1.79703447348044,0.7501,0.00296552641297942,0.419202886571192
1.06225000000003e-09,1.79703447348017,0.7501,0.00296552641297946,0.419202886571191
1.06275000000003e-09,1.7970344734799,0.7501,0.00296552641297942,0.41920288657119
1.06325000000003e-09,1.79703447347964,0.7501,0.00296552641297946,0.41920288657119
1.06375000000003e-09,1.79703447347938,0.7501,0.00296552641297942,0.419202886571189
1.06425000000003e-09,1.79703447347912,0.7501,0.00296552641297946,0.419202886571188
1.06475000000003e-09,1.79703447347887,0.7501,0.00296552641297943,0.419202886571187
1.06525000000003e-09,1.79703447347862,0.7501,0.00296552641297947,0.419202886571186
1.06575000000003e-09,1.79703447347837,0.7501,0.00296552641297943,0.419202886571185
1.06625000000003e-09,1.79703447347812,0.7501,0.00296552641297947,0.419202886571184
1.06675000000003e-09,1.79703447347787,0.7501,0.00296552641297943,0.419202886571183
1.06725000000003e-09,1.79703447347763,0.7501,0.00296552641297947,0.419202886571182
1.06775000000003e-09,1.79703447347739,0.7501,0.00296552641297943,0.419202886571181
1.06825000000003e-09,1.79703447347715,0.7501,0.00296552641297947,0.41920288657118
1.06875000000003e-09,1.79703447347692,0.7501,0.00296552641297942,0.419202886571179
1.06925000000003e-09,1.79703447347669,0.7501,0.00296552641297947,0.419202886571178
1.06975000000003e-09,1.79703447347645,0.7501,0.00296552641297942,0.419202886571178
1.07025000000003e-09,1.79703447347623,0.7501,0.00296552641297947,0.419202886571177
1.07075000000003e-09,1.797034473476,0.7501,0.00296552641297942,0.419202886571176
1.07125000000003e-09,1.79703447347578,0.7501,0.00296552641297947,0.419202886571175
1.07175000000003e-09,1.79703447347556,0.7501,0.00296552641297942,0.419202886571174
1.07225000000003e-09,1.79703447347534,0.7501,0.00296552641297947,0.419202886571174
1.07275000000003e-09,1.79703447347512,0.7501,0.00296552641297942,0.419202886571173
1.07325000000003e-09,1.79703447347491,0.7501,0.00296552641297947,0.419202886571172
1.07375000000003e-09,1.79703447347469,0.7501,0.00296552641297942,0.419202886571171
1.07425000000003e-09,1.79703447347448,0.7501,0.00296552641297946,0.419202886571171
1.07475000000003e-09,1.79703447347427,0.7501,0.00296552641297942,0.41920288657117
1.07525000000003e-09,1.79703447347407,0.7501,0.00296552641297947,0.419202886571169
1.07575000000003e-09,1.79703447347386,0.7501,0.00296552641297943,0.419202886571169
1.07625000000003e-09,1.79703447347366,0.7501,0.00296552641297946,0.419202886571168
1.07675000000003e-09,1.79703447347346,0.7501,0.00296552641297943,0.419202886571167
1.07725000000003e-09,1.79703447347326,0.7501,0.00296552641297946,0.419202886571166
1.07775000000003e-09,1.79703447347306,0.7501,0.00296552641297943,0.419202886571166
1.07825000000003e-09,1.79703447347287,0.7501,0.00296552641297945,0.419202886571165
1.07875000000003e-09,1.79703447347268,0.7501,0.00296552641297942,0.419202886571164
1.07925000000003e-09,1.79703447347249,0.7501,0.00296552641297945,0.419202886571163
1.07975000000003e-09,1.7970344734723,0.7501,0.00296552641297942,0.419202886571163
1.08025000000003e-09,1.79703447347211,0.7501,0.00296552641297945,0.419202886571162
1.08075000000003e-09,1.79703447347193,0.7501,0.00296552641297942,0.419202886571161
1.08125000000003e-09,1.79703447347174,0.7501,0.00296552641297945,0.419202886571161
1.08175000000003e-09,1.79703447347156,0.7501,0.00296552641297942,0.41920288657116
1.08225000000003e-09,1.79703447347138,0.7501,0.00296552641297945,0.419202886571159
1.08275000000003e-09,1.7970344734712,0.7501,0.00296552641297942,0.419202886571159
1.08325000000003e-09,1.79703447347103,0.7501,0.00296552641297945,0.419202886571158
1.08375000000003e-09,1.79703447347085,0.7501,0.00296552641297942,0.419202886571158
1.08425000000003e-09,1.79703447347068,0.7501,0.00296552641297945,0.419202886571157
1.08475000000003e-09,1.79703447347051,0.7501,0.00296552641297942,0.419202886571157
1.08525000000003e-09,1.79703447347034,0.7501,0.00296552641297945,0.419202886571156
1.08575000000003e-09,1.79703447347017,0.7501,0.00296552641297942,0.419202886571155
1.08625000000003e-09,1.79703447347001,0.7501,0.00296552641297945,0.419202886571154
1.08675000000003e-09,1.79703447346984,0.7501,0.00296552641297942,0.419202886571154
1.08725000000003e-09,1.79703447346968,0.7501,0.00296552641297945,0.419202886571154
1.08775000000003e-09,1.79703447346952,0.7501,0.00296552641297942,0.419202886571153
1.08825000000003e-09,1.79703447346936,0.7501,0.00296552641297945,0.419202886571153
1.08875000000003e-09,1.7970344734692,0.7501,0.00296552641297942,0.419202886571152
1.08925000000003e-09,1.79703447346905,0.7501,0.00296552641297945,0.419202886571152
1.08975000000003e-09,1.79703447346889,0.7501,0.00296552641297942,0.419202886571151
1.09025000000003e-09,1.79703447346874,0.7501,0.00296552641297945,0.41920288657115
1.09075000000003e-09,1.79703447346859,0.7501,0.00296552641297942,0.41920288657115
1.09125000000003e-09,1.79703447346844,0.7501,0.00296552641297945,0.419202886571149
1.09175000000003e-09,1.79703447346829,0.7501,0.00296552641297942,0.419202886571149
1.09225000000003e-09,1.79703447346814,0.7501,0.00296552641297945,0.419202886571148
1.09275000000003e-09,1.797034473468,0.7501,0.00296552641297942,0.419202886571147
1.09325000000003e-09,1.79703447346785,0.7501,0.00296552641297945,0.419202886571147
1.09375000000003e-09,1.79703447346771,0.7501,0.00296552641297941,0.419202886571146
1.09425000000003e-09,1.79703447346757,0.7501,0.00296552641297945,0.419202886571146
1.09475000000003e-09,1.79703447346743,0.7501,0.00296552641297941,0.419202886571145
1.09525000000003e-09,1.79703447346729,0.7501,0.00296552641297945,0.419202886571145
1.09575000000003e-09,1.79703447346715,0.7501,0.00296552641297941,0.419202886571144
1.09625000000003e-09,1.79703447346702,0.7501,0.00296552641297945,0.419202886571144
1.09675000000003e-09,1.79703447346688,0.7501,0.00296552641297941,0.419202886571143
1.09725000000003e-09,1.79703447346675,0.7501,0.00296552641297945,0.419202886571143
1.09775000000003e-09,1.79703447346662,0.7501,0.00296552641297941,0.419202886571142
1.09825000000003e-09,1.79703447346649,0.7501,0.00296552641297945,0.419202886571142
1.09875000000003e-09,1.79703447346636,0.7501,0.00296552641297941,0.419202886571142
1.09925000000003e-09,1.79703447346623,0.7501,0.00296552641297945,0.419202886571141
1.09975000000003e-09,1.79703447346611,0.7501,0.00296552641297941,0.419202886571141
1.10025000000003e-09,1.79703447346598,0.7501,0.00296552641297945,0.419202886571141
1.10075000000002e-09,1.79703447346586,0.7501,0.00296552641297941,0.41920288657114
1.10125000000002e-09,1.79703447346574,0.7501,0.00296552641297945,0.41920288657114
1.10175000000003e-09,1.79703447346561,0.7501,0.00296552641297941,0.419202886571139
1.10225000000003e-09,1.79703447346549,0.7501,0.00296552641297945,0.419202886571139
1.10275000000002e-09,1.79703447346537,0.7501,0.00296552641297941,0.419202886571138
1.10325000000002e-09,1.79703447346526,0.7501,0.00296552641297945,0.419202886571138
1.10375000000003e-09,1.79703447346514,0.7501,0.00296552641297941,0.419202886571137
1.10425000000003e-09,1.79703447346502,0.7501,0.00296552641297945,0.419202886571137
1.10475000000002e-09,1.79703447346491,0.7501,0.00296552641297941,0.419202886571137
1.10525000000002e-09,1.7970344734648,0.7501,0.00296552641297945,0.419202886571137
1.10575000000003e-09,1.79703447346469,0.7501,0.00296552641297941,0.419202886571136
1.10625000000003e-09,1.79703447346458,0.7501,0.00296552641297945,0.419202886571136
1.10675000000002e-09,1.79703447346447,0.7501,0.00296552641297941,0.419202886571135
1.10725000000003e-09,1.79703447346436,0.7501,0.00296552641297945,0.419202886571135
1.10775000000003e-09,1.79703447346425,0.7501,0.00296552641297941,0.419202886571134
1.10825000000002e-09,1.79703447346414,0.7501,0.00296552641297945,0.419202886571134
1.10875000000002e-09,1.79703447346404,0.7501,0.00296552641297941,0.419202886571134
1.10925000000002e-09,1.79703447346393,0.7501,0.00296552641297945,0.419202886571133
1.10975000000002e-09,1.79703447346383,0.7501,0.00296552641297941,0.419202886571133
1.11025000000002e-09,1.79703447346373,0.7501,0.00296552641297945,0.419202886571132
1.11075000000002e-09,1.79703447346363,0.7501,0.00296552641297941,0.419202886571132
1.11125000000002e-09,1.79703447346353,0.7501,0.00296552641297945,0.419202886571132
1.11175000000002e-09,1.79703447346343,0.7501,0.00296552641297941,0.419202886571132
1.11225000000002e-09,1.79703447346333,0.7501,0.00296552641297945,0.419202886571131
1.11275000000002e-09,1.79703447346323,0.7501,0.00296552641297941,0.41920288657113
1.11325000000002e-09,1.79703447346314,0.7501,0.00296552641297945,0.41920288657113
1.11375000000002e-09,1.79703447346304,0.7501,0.00296552641297941,0.41920288657113
1.11425000000002e-09,1.79703447346295,0.7501,0.00296552641297945,0.419202886571129
1.11475000000002e-09,1.79703447346285,0.7501,0.00296552641297941,0.419202886571129
1.11525000000002e-09,1.79703447346276,0.7501,0.00296552641297945,0.419202886571128
1.11575000000002e-09,1.79703447346267,0.7501,0.00296552641297941,0.419202886571128
1.11625000000002e-09,1.79703447346258,0.7501,0.00296552641297945,0.419202886571128
1.11675000000002e-09,1.79703447346249,0.7501,0.00296552641297941,0.419202886571127
1.11725000000002e-09,1.7970344734624,0.7501,0.00296552641297945,0.419202886571127
1.11775000000002e-09,1.79703447346231,0.7501,0.00296552641297941,0.419202886571127
1.11825000000002e-09,1.79703447346222,0.7501,0.00296552641297945,0.419202886571127
1.11875000000002e-09,1.79703447346214,0.7501,0.00296552641297941,0.419202886571126
1.11925000000002e-09,1.79703447346205,0.7501,0.00296552641297945,0.419202886571126
1.11975000000002e-09,1.79703447346197,0.7501,0.00296552641297941,0.419202886571126
1.12025000000002e-09,1.79703447346188,0.7501,0.00296552641297945,0.419202886571125
1.12075000000002e-09,1.7970344734618,0.7501,0.00296552641297941,0.419202886571125
1.12125000000002e-09,1.79703447346172,0.7501,0.00296552641297945,0.419202886571125
1.12175000000002e-09,1.79703447346164,0.7501,0.00296552641297941,0.419202886571125
1.12225000000002e-09,1.79703447346156,0.7501,0.00296552641297945,0.419202886571124
1.12275000000002e-09,1.79703447346148,0.7501,0.00296552641297941,0.419202886571124
1.12325000000002e-09,1.7970344734614,0.7501,0.00296552641297945,0.419202886571124
1.12375000000002e-09,1.79703447346132,0.7501,0.00296552641297941,0.419202886571123
1.12425000000002e-09,1.79703447346124,0.7501,0.00296552641297945,0.419202886571123
1.12475000000002e-09,1.79703447346117,0.7501,0.00296552641297941,0.419202886571123
1.12525000000002e-09,1.79703447346109,0.7501,0.00296552641297945,0.419202886571123
1.12575000000002e-09,1.79703447346102,0.7501,0.00296552641297941,0.419202886571123
1.12625000000002e-09,1.79703447346094,0.7501,0.00296552641297945,0.419202886571122
1.12675000000002e-09,1.79703447346087,0.7501,0.00296552641297941,0.419202886571122
1.12725000000002e-09,1.7970344734608,0.7501,0.00296552641297945,0.419202886571122
1.12775000000002e-09,1.79703447346072,0.7501,0.00296552641297941,0.419202886571121
1.12825000000002e-09,1.79703447346065,0.7501,0.00296552641297945,0.419202886571121
1.12875000000002e-09,1.79703447346058,0.7501,0.00296552641297942,0.41920288657112
1.12925000000002e-09,1.79703447346051,0.7501,0.00296552641297946,0.41920288657112
1.12975000000002e-09,1.79703447346044,0.7501,0.00296552641297942,0.41920288657112
1.13025000000002e-09,1.79703447346037,0.7501,0.00296552641297946,0.41920288657112
1.13075000000002e-09,1.7970344734603,0.7501,0.00296552641297942,0.41920288657112
1.13125000000002e-09,1.79703447346024,0.7501,0.00296552641297946,0.419202886571119
1.13175000000002e-09,1.79703447346017,0.7501,0.00296552641297942,0.419202886571119
1.13225000000002e-09,1.79703447346011,0.7501,0.00296552641297946,0.419202886571119
1.13275000000002e-09,1.79703447346004,0.7501,0.00296552641297942,0.419202886571119
1.13325000000002e-09,1.79703447345998,0.7501,0.00296552641297946,0.419202886571118
1.13375000000002e-09,1.79703447345991,0.7501,0.00296552641297942,0.419202886571118
1.13425000000002e-09,1.79703447345985,0.7501,0.00296552641297946,0.419202886571118
1.13475000000002e-09,1.79703447345979,0.7501,0.00296552641297942,0.419202886571118
1.13525000000002e-09,1.79703447345972,0.7501,0.00296552641297946,0.419202886571118
1.13575000000002e-09,1.79703447345966,0.7501,0.00296552641297942,0.419202886571118
1.13625000000002e-09,1.7970344734596,0.7501,0.00296552641297946,0.419202886571118
1.13675000000002e-09,1.79703447345954,0.7501,0.00296552641297942,0.419202886571117
1.13725000000002e-09,1.79703447345948,0.7501,0.00296552641297946,0.419202886571117
1.13775000000002e-09,1.79703447345942,0.7501,0.00296552641297942,0.419202886571117
1.13825000000002e-09,1.79703447345936,0.7501,0.00296552641297946,0.419202886571117
1.13875000000002e-09,1.79703447345931,0.7501,0.00296552641297942,0.419202886571116
1.13925000000002e-09,1.79703447345925,0.7501,0.00296552641297946,0.419202886571116
1.13975000000002e-09,1.79703447345919,0.7501,0.00296552641297942,0.419202886571115
1.14025000000002e-09,1.79703447345914,0.7501,0.00296552641297946,0.419202886571115
1.14075000000002e-09,1.79703447345908,0.7501,0.00296552641297942,0.419202886571115
1.14125000000002e-09,1.79703447345902,0.7501,0.00296552641297946,0.419202886571115
1.14175000000002e-09,1.79703447345897,0.7501,0.00296552641297942,0.419202886571115
1.14225000000002e-09,1.79703447345892,0.7501,0.00296552641297946,0.419202886571115
1.14275000000002e-09,1.79703447345886,0.7501,0.00296552641297942,0.419202886571115
1.14325000000002e-09,1.79703447345881,0.7501,0.00296552641297946,0.419202886571114
1.14375000000002e-09,1.79703447345876,0.7501,0.00296552641297942,0.419202886571114
1.14425000000002e-09,1.7970344734587,0.7501,0.00296552641297946,0.419202886571114
1.14475000000002e-09,1.79703447345865,0.7501,0.00296552641297942,0.419202886571113
1.14525000000002e-09,1.7970344734586,0.7501,0.00296552641297946,0.419202886571113
1.14575000000002e-09,1.79703447345855,0.7501,0.00296552641297942,0.419202886571113
1.14625000000002e-09,1.7970344734585,0.7501,0.00296552641297946,0.419202886571113
1.14675000000002e-09,1.79703447345845,0.7501,0.00296552641297942,0.419202886571113
1.14725000000002e-09,1.7970344734584,0.7501,0.00296552641297946,0.419202886571113
1.14775000000002e-09,1.79703447345836,0.7501,0.00296552641297942,0.419202886571113
1.14825000000002e-09,1.79703447345831,0.7501,0.00296552641297946,0.419202886571113
1.14875000000002e-09,1.79703447345826,0.7501,0.00296552641297942,0.419202886571112
1.14925000000002e-09,1.79703447345821,0.7501,0.00296552641297946,0.419202886571112
1.14975000000002e-09,1.79703447345817,0.7501,0.00296552641297942,0.419202886571112
1.15025000000002e-09,1.79703447345812,0.7501,0.00296552641297946,0.419202886571112
1.15075000000002e-09,1.79703447345808,0.7501,0.00296552641297942,0.419202886571112
1.15125000000002e-09,1.79703447345803,0.7501,0.00296552641297946,0.419202886571112
1.15175000000002e-09,1.79703447345799,0.7501,0.00296552641297942,0.419202886571111
1.15225000000002e-09,1.79703447345794,0.7501,0.00296552641297946,0.419202886571112
1.15275000000002e-09,1.7970344734579,0.7501,0.00296552641297942,0.419202886571111
1.15325000000002e-09,1.79703447345785,0.7501,0.00296552641297946,0.419202886571111
1.15375000000002e-09,1.79703447345781,0.7501,0.00296552641297942,0.419202886571111
1.15425000000002e-09,1.79703447345777,0.7501,0.00296552641297946,0.419202886571111
1.15475000000002e-09,1.79703447345773,0.7501,0.00296552641297942,0.419202886571111
1.15525000000002e-09,1.79703447345769,0.7501,0.00296552641297946,0.419202886571111
1.15575000000002e-09,1.79703447345765,0.7501,0.00296552641297942,0.419202886571111
1.15625000000002e-09,1.7970344734576,0.7501,0.00296552641297946,0.41920288657111
1.15675000000002e-09,1.79703447345756,0.7501,0.00296552641297942,0.41920288657111
1.15725000000002e-09,1.79703447345752,0.7501,0.00296552641297946,0.41920288657111
1.15775000000002e-09,1.79703447345748,0.7501,0.00296552641297942,0.41920288657111
1.15825000000002e-09,1.79703447345744,0.7501,0.00296552641297946,0.41920288657111
1.15875000000002e-09,1.79703447345741,0.7501,0.00296552641297942,0.41920288657111
1.15925000000002e-09,1.79703447345737,0.7501,0.00296552641297946,0.419202886571109
1.15975000000002e-09,1.79703447345733,0.7501,0.00296552641297942,0.419202886571109
1.16025000000002e-09,1.79703447345729,0.7501,0.00296552641297946,0.419202886571109
1.16075000000002e-09,1.79703447345726,0.7501,0.00296552641297942,0.419202886571109
1.16125000000002e-09,1.79703447345722,0.7501,0.00296552641297946,0.419202886571109
1.16175000000002e-09,1.79703447345718,0.7501,0.00296552641297942,0.419202886571109
1.16225000000002e-09,1.79703447345715,0.7501,0.00296552641297946,0.419202886571109
1.16275000000002e-09,1.79703447345711,0.7501,0.00296552641297942,0.419202886571108
1.16325000000002e-09,1.79703447345707,0.7501,0.00296552641297946,0.419202886571108
1.16375000000002e-09,1.79703447345704,0.7501,0.00296552641297942,0.419202886571108
1.16425000000002e-09,1.797034473457,0.7501,0.00296552641297946,0.419202886571108
1.16475000000002e-09,1.79703447345697,0.7501,0.00296552641297942,0.419202886571108
1.16525000000002e-09,1.79703447345694,0.7501,0.00296552641297946,0.419202886571108
1.16575000000002e-09,1.7970344734569,0.7501,0.00296552641297942,0.419202886571107
1.16625000000002e-09,1.79703447345687,0.7501,0.00296552641297946,0.419202886571108
1.16675000000002e-09,1.79703447345684,0.7501,0.00296552641297942,0.419202886571108
1.16725000000002e-09,1.7970344734568,0.7501,0.00296552641297946,0.419202886571107
1.16775000000002e-09,1.79703447345677,0.7501,0.00296552641297942,0.419202886571107
1.16825000000002e-09,1.79703447345674,0.7501,0.00296552641297946,0.419202886571107
1.16875000000002e-09,1.79703447345671,0.7501,0.00296552641297942,0.419202886571107
1.16925000000002e-09,1.79703447345668,0.7501,0.00296552641297946,0.419202886571107
1.16975000000002e-09,1.79703447345665,0.7501,0.00296552641297942,0.419202886571106
1.17025000000002e-09,1.79703447345662,0.7501,0.00296552641297946,0.419202886571106
1.17075000000002e-09,1.79703447345658,0.7501,0.00296552641297942,0.419202886571106
1.17125000000002e-09,1.79703447345655,0.7501,0.00296552641297946,0.419202886571106
1.17175000000002e-09,1.79703447345652,0.7501,0.00296552641297942,0.419202886571106
1.17225000000002e-09,1.79703447345649,0.7501,0.00296552641297946,0.419202886571106
1.17275000000002e-09,1.79703447345646,0.7501,0.00296552641297941,0.419202886571106
1.17325000000002e-09,1.79703447345644,0.7501,0.00296552641297946,0.419202886571106
1.17375000000002e-09,1.79703447345641,0.7501,0.00296552641297941,0.419202886571106
1.17425000000002e-09,1.79703447345638,0.7501,0.00296552641297946,0.419202886571105
1.17475000000002e-09,1.79703447345635,0.7501,0.00296552641297941,0.419202886571105
1.17525000000002e-09,1.79703447345632,0.7501,0.00296552641297946,0.419202886571105
1.17575000000002e-09,1.7970344734563,0.7501,0.00296552641297941,0.419202886571105
1.17625000000002e-09,1.79703447345627,0.7501,0.00296552641297946,0.419202886571105
1.17675000000002e-09,1.79703447345624,0.7501,0.00296552641297941,0.419202886571105
1.17725000000002e-09,1.79703447345621,0.7501,0.00296552641297946,0.419202886571105
1.17775000000002e-09,1.79703447345619,0.7501,0.00296552641297941,0.419202886571105
1.17825000000002e-09,1.79703447345616,0.7501,0.00296552641297946,0.419202886571104
1.17875000000002e-09,1.79703447345614,0.7501,0.00296552641297941,0.419202886571104
1.17925000000002e-09,1.79703447345611,0.7501,0.00296552641297946,0.419202886571104
1.17975000000002e-09,1.79703447345609,0.7501,0.00296552641297941,0.419202886571104
1.18025000000002e-09,1.79703447345606,0.7501,0.00296552641297946,0.419202886571104
1.18075000000002e-09,1.79703447345604,0.7501,0.00296552641297941,0.419202886571104
1.18125000000002e-09,1.79703447345601,0.7501,0.00296552641297946,0.419202886571104
1.18175000000002e-09,1.79703447345599,0.7501,0.00296552641297941,0.419202886571104
1.18225000000002e-09,1.79703447345596,0.7501,0.00296552641297946,0.419202886571103
1.18275000000002e-09,1.79703447345594,0.7501,0.00296552641297941,0.419202886571103
1.18325000000002e-09,1.79703447345591,0.7501,0.00296552641297946,0.419202886571104
1.18375000000002e-09,1.79703447345589,0.7501,0.00296552641297941,0.419202886571104
1.18425000000002e-09,1.79703447345587,0.7501,0.00296552641297946,0.419202886571104
1.18475000000002e-09,1.79703447345585,0.7501,0.00296552641297941,0.419202886571104
1.18525000000002e-09,1.79703447345582,0.7501,0.00296552641297946,0.419202886571104
1.18575000000002e-09,1.7970344734558,0.7501,0.00296552641297941,0.419202886571104
1.18625000000002e-09,1.79703447345578,0.7501,0.00296552641297946,0.419202886571104
1.18675000000002e-09,1.79703447345576,0.7501,0.00296552641297941,0.419202886571103
1.18725000000002e-09,1.79703447345573,0.7501,0.00296552641297946,0.419202886571103
1.18775000000002e-09,1.79703447345571,0.7501,0.00296552641297941,0.419202886571104
1.18825000000002e-09,1.79703447345569,0.7501,0.00296552641297946,0.419202886571103
1.18875000000002e-09,1.79703447345567,0.7501,0.00296552641297941,0.419202886571103
1.18925000000002e-09,1.79703447345565,0.7501,0.00296552641297946,0.419202886571103
1.18975000000002e-09,1.79703447345563,0.7501,0.00296552641297941,0.419202886571103
1.19025000000002e-09,1.7970344734556,0.7501,0.00296552641297946,0.419202886571103
1.19075000000002e-09,1.79703447345558,0.7501,0.00296552641297941,0.419202886571103
1.19125000000002e-09,1.79703447345556,0.7501,0.00296552641297946,0.419202886571103
1.19175000000002e-09,1.79703447345554,0.7501,0.00296552641297941,0.419202886571103
1.19225000000002e-09,1.79703447345552,0.7501,0.00296552641297946,0.419202886571103
1.19275000000002e-09,1.7970344734555,0.7501,0.00296552641297941,0.419202886571102
1.19325000000002e-09,1.79703447345548,0.7501,0.00296552641297946,0.419202886571102
1.19375000000002e-09,1.79703447345546,0.7501,0.00296552641297941,0.419202886571102
1.19425000000001e-09,1.79703447345545,0.7501,0.00296552641297946,0.419202886571102
1.19475000000001e-09,1.79703447345543,0.7501,0.00296552641297941,0.419202886571102
1.19525000000002e-09,1.79703447345541,0.7501,0.00296552641297946,0.419202886571102
1.19575000000002e-09,1.79703447345539,0.7501,0.00296552641297941,0.419202886571102
1.19625000000001e-09,1.79703447345537,0.7501,0.00296552641297946,0.419202886571101
1.19675000000001e-09,1.79703447345535,0.7501,0.00296552641297941,0.419202886571102
1.19725000000002e-09,1.79703447345533,0.7501,0.00296552641297946,0.419202886571101
1.19775000000002e-09,1.79703447345532,0.7501,0.00296552641297941,0.419202886571102
1.19825000000001e-09,1.7970344734553,0.7501,0.00296552641297946,0.419202886571102
1.19875000000001e-09,1.79703447345528,0.7501,0.00296552641297941,0.419202886571102
1.19925000000002e-09,1.79703447345526,0.7501,0.00296552641297946,0.419202886571102
1.19975000000002e-09,1.79703447345525,0.7501,0.00296552641297941,0.419202886571102
1.20025000000001e-09,1.79703447345523,0.7501,0.00296552641297946,0.419202886571102
1.20075000000001e-09,1.79703447345521,0.7501,0.00296552641297941,0.419202886571101
1.20125000000002e-09,1.7970344734552,0.7501,0.00296552641297946,0.419202886571101
1.20175000000002e-09,1.79703447345518,0.7501,0.00296552641297941,0.419202886571101
1.20225000000001e-09,1.79703447345516,0.7501,0.00296552641297946,0.419202886571101
1.20275000000001e-09,1.79703447345515,0.7501,0.00296552641297941,0.419202886571101
1.20325000000001e-09,1.79703447345513,0.7501,0.00296552641297946,0.419202886571101
1.20375000000001e-09,1.79703447345512,0.7501,0.00296552641297941,0.419202886571101
1.20425000000001e-09,1.7970344734551,0.7501,0.00296552641297946,0.419202886571101
1.20475000000001e-09,1.79703447345509,0.7501,0.00296552641297941,0.419202886571101
1.20525000000001e-09,1.79703447345507,0.7501,0.00296552641297946,0.419202886571101
1.20575000000001e-09,1.79703447345506,0.7501,0.00296552641297941,0.419202886571101
1.20625000000001e-09,1.79703447345504,0.7501,0.00296552641297946,0.419202886571101
1.20675000000001e-09,1.79703447345503,0.7501,0.00296552641297941,0.419202886571101
1.20725000000001e-09,1.79703447345501,0.7501,0.00296552641297946,0.419202886571101
1.20775000000001e-09,1.797034473455,0.7501,0.00296552641297941,0.419202886571101
1.20825000000001e-09,1.79703447345498,0.7501,0.00296552641297946,0.419202886571101
1.20875000000001e-09,1.79703447345497,0.7501,0.00296552641297941,0.4192028865711
1.20925000000001e-09,1.79703447345495,0.7501,0.00296552641297946,0.4192028865711
1.20975000000001e-09,1.79703447345494,0.7501,0.00296552641297941,0.4192028865711
1.21025000000001e-09,1.79703447345493,0.7501,0.00296552641297946,0.4192028865711
1.21075000000001e-09,1.79703447345491,0.7501,0.00296552641297941,0.4192028865711
1.21125000000001e-09,1.7970344734549,0.7501,0.00296552641297946,0.4192028865711
1.21175000000001e-09,1.79703447345489,0.7501,0.00296552641297941,0.4192028865711
1.21225000000001e-09,1.79703447345487,0.7501,0.00296552641297946,0.4192028865711
1.21275000000001e-09,1.79703447345486,0.7501,0.00296552641297941,0.4192028865711
1.21325000000001e-09,1.79703447345485,0.7501,0.00296552641297946,0.4192028865711
1.21375000000001e-09,1.79703447345483,0.7501,0.00296552641297941,0.4192028865711
1.21425000000001e-09,1.79703447345482,0.7501,0.00296552641297946,0.4192028865711
1.21475000000001e-09,1.79703447345481,0.7501,0.00296552641297941,0.4192028865711
1.21525000000001e-09,1.7970344734548,0.7501,0.00296552641297946,0.4192028865711
1.21575000000001e-09,1.79703447345478,0.7501,0.00296552641297941,0.419202886571099
1.21625000000001e-09,1.79703447345477,0.7501,0.00296552641297946,0.419202886571099
1.21675000000001e-09,1.79703447345476,0.7501,0.00296552641297941,0.419202886571099
1.21725000000001e-09,1.79703447345475,0.7501,0.00296552641297946,0.419202886571099
1.21775000000001e-09,1.79703447345474,0.7501,0.00296552641297941,0.419202886571099
1.21825000000001e-09,1.79703447345473,0.7501,0.00296552641297946,0.419202886571099
1.21875000000001e-09,1.79703447345471,0.7501,0.00296552641297941,0.419202886571099
1.21925000000001e-09,1.7970344734547,0.7501,0.00296552641297946,0.419202886571099
1.21975000000001e-09,1.79703447345469,0.7501,0.00296552641297941,0.419202886571099
1.22025000000001e-09,1.79703447345468,0.7501,0.00296552641297946,0.419202886571099
1.22075000000001e-09,1.79703447345467,0.7501,0.00296552641297941,0.419202886571099
1.22125000000001e-09,1.79703447345466,0.7501,0.00296552641297946,0.419202886571099
1.22175000000001e-09,1.79703447345465,0.7501,0.00296552641297941,0.419202886571099
1.22225000000001e-09,1.79703447345464,0.7501,0.00296552641297946,0.419202886571099
1.22275000000001e-09,1.79703447345463,0.7501,0.00296552641297941,0.419202886571099
1.22325000000001e-09,1.79703447345461,0.7501,0.00296552641297946,0.419202886571099
1.22375000000001e-09,1.7970344734546,0.7501,0.00296552641297941,0.419202886571099
1.22425000000001e-09,1.79703447345459,0.7501,0.00296552641297946,0.419202886571099
1.22475000000001e-09,1.79703447345458,0.7501,0.00296552641297941,0.419202886571099
1.22525000000001e-09,1.79703447345457,0.7501,0.00296552641297946,0.419202886571099
1.22575000000001e-09,1.79703447345456,0.7501,0.00296552641297941,0.419202886571099
1.22625000000001e-09,1.79703447345455,0.7501,0.00296552641297946,0.419202886571099
1.22675000000001e-09,1.79703447345454,0.7501,0.00296552641297941,0.419202886571099
1.22725000000001e-09,1.79703447345453,0.7501,0.00296552641297946,0.419202886571099
1.22775000000001e-09,1.79703447345452,0.7501,0.00296552641297941,0.419202886571099
1.22825000000001e-09,1.79703447345451,0.7501,0.00296552641297946,0.419202886571099
1.22875000000001e-09,1.7970344734545,0.7501,0.00296552641297941,0.419202886571098
1.22925000000001e-09,1.79703447345449,0.7501,0.00296552641297946,0.419202886571098
1.22975000000001e-09,1.79703447345448,0.7501,0.00296552641297941,0.419202886571099
1.23025000000001e-09,1.79703447345447,0.7501,0.00296552641297946,0.419202886571098
1.23075000000001e-09,1.79703447345446,0.7501,0.00296552641297941,0.419202886571098
1.23125000000001e-09,1.79703447345445,0.7501,0.00296552641297946,0.419202886571099
1.23175000000001e-09,1.79703447345444,0.7501,0.00296552641297941,0.419202886571099
1.23225000000001e-09,1.79703447345443,0.7501,0.00296552641297946,0.419202886571099
1.23275000000001e-09,1.79703447345443,0.7501,0.00296552641297941,0.419202886571099
1.23325000000001e-09,1.79703447345442,0.7501,0.00296552641297946,0.419202886571099
1.23375000000001e-09,1.79703447345441,0.7501,0.00296552641297941,0.419202886571099
1.23425000000001e-09,1.7970344734544,0.7501,0.00296552641297946,0.419202886571099
1.23475000000001e-09,1.79703447345439,0.7501,0.00296552641297941,0.419202886571098
1.23525000000001e-09,1.79703447345438,0.7501,0.00296552641297946,0.419202886571098
1.23575000000001e-09,1.79703447345437,0.7501,0.00296552641297941,0.419202886571099
1.23625000000001e-09,1.79703447345437,0.7501,0.00296552641297946,0.419202886571099
1.23675000000001e-09,1.79703447345436,0.7501,0.00296552641297941,0.419202886571099
1.23725000000001e-09,1.79703447345435,0.7501,0.00296552641297946,0.419202886571098
1.23775000000001e-09,1.79703447345434,0.7501,0.00296552641297941,0.419202886571098
1.23825000000001e-09,1.79703447345433,0.7501,0.00296552641297945,0.419202886571098
1.23875000000001e-09,1.79703447345433,0.7501,0.00296552641297941,0.419202886571098
1.23925000000001e-09,1.79703447345432,0.7501,0.00296552641297945,0.419202886571098
1.23975000000001e-09,1.79703447345431,0.7501,0.00296552641297941,0.419202886571098
1.24025000000001e-09,1.7970344734543,0.7501,0.00296552641297945,0.419202886571098
1.24075000000001e-09,1.79703447345429,0.7501,0.00296552641297941,0.419202886571098
1.24125000000001e-09,1.79703447345429,0.7501,0.00296552641297945,0.419202886571098
1.24175000000001e-09,1.79703447345428,0.7501,0.00296552641297941,0.419202886571098
1.24225000000001e-09,1.79703447345427,0.7501,0.00296552641297945,0.419202886571098
1.24275000000001e-09,1.79703447345426,0.7501,0.00296552641297941,0.419202886571098
1.24325000000001e-09,1.79703447345426,0.7501,0.00296552641297945,0.419202886571098
1.24375000000001e-09,1.79703447345425,0.7501,0.00296552641297941,0.419202886571098
1.24425000000001e-09,1.79703447345424,0.7501,0.00296552641297945,0.419202886571098
1.24475000000001e-09,1.79703447345424,0.7501,0.00296552641297941,0.419202886571098
1.24525000000001e-09,1.79703447345423,0.7501,0.00296552641297945,0.419202886571098
1.24575000000001e-09,1.79703447345422,0.7501,0.00296552641297941,0.419202886571098
1.24625000000001e-09,1.79703447345422,0.7501,0.00296552641297945,0.419202886571098
1.24675000000001e-09,1.79703447345421,0.7501,0.00296552641297941,0.419202886571098
1.24725000000001e-09,1.7970344734542,0.7501,0.00296552641297945,0.419202886571098
1.24775000000001e-09,1.7970344734542,0.7501,0.00296552641297941,0.419202886571097
1.24825000000001e-09,1.79703447345419,0.7501,0.00296552641297945,0.419202886571097
1.24875000000001e-09,1.79703447345418,0.7501,0.00296552641297941,0.419202886571097
1.24925000000001e-09,1.79703447345418,0.7501,0.00296552641297945,0.419202886571098
1.24975000000001e-09,1.79703447345417,0.7501,0.00296552641297941,0.419202886571098
1.25025000000001e-09,1.79703447345416,0.7501,0.00296552641297945,0.419202886571098
1.25075000000001e-09,1.79703447345416,0.7501,0.00296552641297941,0.419202886571098
1.25125000000001e-09,1.79703447345415,0.7501,0.00296552641297945,0.419202886571098
1.25175000000001e-09,1.79703447345415,0.7501,0.00296552641297941,0.419202886571098
1.25225000000001e-09,1.79703447345414,0.7501,0.00296552641297945,0.419202886571098
1.25275000000001e-09,1.79703447345413,0.7501,0.00296552641297941,0.419202886571098
1.25325000000001e-09,1.79703447345413,0.7501,0.00296552641297945,0.419202886571098
1.25375000000001e-09,1.79703447345412,0.7501,0.00296552641297941,0.419202886571097
1.25425000000001e-09,1.79703447345412,0.7501,0.00296552641297945,0.419202886571097
1.25475000000001e-09,1.79703447345411,0.7501,0.00296552641297941,0.419202886571097
1.25525000000001e-09,1.79703447345411,0.7501,0.00296552641297945,0.419202886571097
1.25575000000001e-09,1.7970344734541,0.7501,0.00296552641297941,0.419202886571097
1.25625000000001e-09,1.79703447345409,0.7501,0.00296552641297945,0.419202886571097
1.25675000000001e-09,1.79703447345409,0.7501,0.00296552641297941,0.419202886571097
1.25725000000001e-09,1.79703447345408,0.7501,0.00296552641297945,0.419202886571097
1.25775000000001e-09,1.79703447345408,0.7501,0.00296552641297941,0.419202886571097
1.25825000000001e-09,1.79703447345407,0.7501,0.00296552641297945,0.419202886571097
1.25875000000001e-09,1.79703447345407,0.7501,0.00296552641297941,0.419202886571097
1.25925000000001e-09,1.79703447345406,0.7501,0.00296552641297945,0.419202886571097
1.25975000000001e-09,1.79703447345406,0.7501,0.00296552641297941,0.419202886571097
1.26025000000001e-09,1.79703447345405,0.7501,0.00296552641297945,0.419202886571097
1.26075000000001e-09,1.79703447345405,0.7501,0.00296552641297941,0.419202886571097
1.26125000000001e-09,1.79703447345404,0.7501,0.00296552641297945,0.419202886571097
1.26175000000001e-09,1.79703447345404,0.7501,0.00296552641297941,0.419202886571097
1.26225000000001e-09,1.79703447345403,0.7501,0.00296552641297945,0.419202886571097
1.26275000000001e-09,1.79703447345403,0.7501,0.00296552641297941,0.419202886571097
1.26325000000001e-09,1.79703447345402,0.7501,0.00296552641297945,0.419202886571097
1.26375000000001e-09,1.79703447345402,0.7501,0.00296552641297941,0.419202886571097
1.26425000000001e-09,1.79703447345401,0.7501,0.00296552641297945,0.419202886571097
1.26475000000001e-09,1.79703447345401,0.7501,0.00296552641297941,0.419202886571097
1.26525000000001e-09,1.797034473454,0.7501,0.00296552641297945,0.419202886571097
1.26575000000001e-09,1.797034473454,0.7501,0.00296552641297941,0.419202886571097
1.26625000000001e-09,1.797034473454,0.7501,0.00296552641297945,0.419202886571097
1.26675000000001e-09,1.79703447345399,0.7501,0.00296552641297941,0.419202886571097
1.26725000000001e-09,1.79703447345399,0.7501,0.00296552641297945,0.419202886571097
1.26775000000001e-09,1.79703447345398,0.7501,0.00296552641297941,0.419202886571097
1.26825000000001e-09,1.79703447345398,0.7501,0.00296552641297945,0.419202886571097
1.26875000000001e-09,1.79703447345397,0.7501,0.00296552641297941,0.419202886571097
1.26925000000001e-09,1.79703447345397,0.7501,0.00296552641297945,0.419202886571097
1.26975000000001e-09,1.79703447345397,0.7501,0.00296552641297941,0.419202886571097
1.27025000000001e-09,1.79703447345396,0.7501,0.00296552641297945,0.419202886571097
1.27075000000001e-09,1.79703447345396,0.7501,0.00296552641297941,0.419202886571097
1.27125000000001e-09,1.79703447345395,0.7501,0.00296552641297945,0.419202886571097
1.27175000000001e-09,1.79703447345395,0.7501,0.00296552641297941,0.419202886571097
1.27225000000001e-09,1.79703447345394,0.7501,0.00296552641297945,0.419202886571097
1.27275000000001e-09,1.79703447345394,0.7501,0.00296552641297941,0.419202886571096
1.27325000000001e-09,1.79703447345394,0.7501,0.00296552641297945,0.419202886571096
1.27375000000001e-09,1.79703447345393,0.7501,0.00296552641297941,0.419202886571096
1.27425000000001e-09,1.79703447345393,0.7501,0.00296552641297945,0.419202886571096
1.27475000000001e-09,1.79703447345393,0.7501,0.00296552641297941,0.419202886571096
1.27525000000001e-09,1.79703447345392,0.7501,0.00296552641297945,0.419202886571097
1.27575000000001e-09,1.79703447345392,0.7501,0.00296552641297941,0.419202886571097
1.27625000000001e-09,1.79703447345391,0.7501,0.00296552641297945,0.419202886571097
1.27675000000001e-09,1.79703447345391,0.7501,0.00296552641297941,0.419202886571097
1.27725000000001e-09,1.79703447345391,0.7501,0.00296552641297945,0.419202886571097
1.27775000000001e-09,1.7970344734539,0.7501,0.00296552641297941,0.419202886571097
1.27825000000001e-09,1.7970344734539,0.7501,0.00296552641297945,0.419202886571096
1.27875000000001e-09,1.7970344734539,0.7501,0.00296552641297941,0.419202886571096
1.27925000000001e-09,1.79703447345389,0.7501,0.00296552641297945,0.419202886571097
1.27975000000001e-09,1.79703447345389,0.7501,0.00296552641297941,0.419202886571097
1.28025000000001e-09,1.79703447345389,0.7501,0.00296552641297945,0.419202886571097
1.28075000000001e-09,1.79703447345389,0.7501,0.00296552641297941,0.419202886571096
1.28125000000001e-09,1.79703447345388,0.7501,0.00296552641297945,0.419202886571096
1.28175000000001e-09,1.79703447345388,0.7501,0.00296552641297941,0.419202886571096
1.28225000000001e-09,1.79703447345388,0.7501,0.00296552641297945,0.419202886571096
1.28275000000001e-09,1.79703447345387,0.7501,0.00296552641297941,0.419202886571096
1.28325000000001e-09,1.79703447345387,0.7501,0.00296552641297945,0.419202886571096
1.28375000000001e-09,1.79703447345387,0.7501,0.00296552641297941,0.419202886571096
1.28425000000001e-09,1.79703447345386,0.7501,0.00296552641297945,0.419202886571096
1.28475000000001e-09,1.79703447345386,0.7501,0.00296552641297941,0.419202886571096
1.28525000000001e-09,1.79703447345386,0.7501,0.00296552641297945,0.419202886571096
1.28575000000001e-09,1.79703447345386,0.7501,0.00296552641297941,0.419202886571096
1.28625000000001e-09,1.79703447345385,0.7501,0.00296552641297945,0.419202886571096
1.28675000000001e-09,1.79703447345385,0.7501,0.00296552641297941,0.419202886571096
1.28725000000001e-09,1.79703447345385,0.7501,0.00296552641297945,0.419202886571096
1.28775e-09,1.79703447345384,0.7501,0.00296552641297941,0.419202886571096
1.28825e-09,1.79703447345384,0.7501,0.00296552641297945,0.419202886571096
1.28875000000001e-09,1.79703447345384,0.7501,0.00296552641297941,0.419202886571096
1.28925000000001e-09,1.79703447345383,0.7501,0.00296552641297945,0.419202886571096
1.28975e-09,1.79703447345383,0.7501,0.00296552641297941,0.419202886571096
1.29025e-09,1.79703447345383,0.7501,0.00296552641297945,0.419202886571096
1.29075000000001e-09,1.79703447345383,0.7501,0.00296552641297941,0.419202886571096
1.29125000000001e-09,1.79703447345382,0.7501,0.00296552641297945,0.419202886571096
1.29175e-09,1.79703447345382,0.7501,0.00296552641297941,0.419202886571096
1.29225e-09,1.79703447345382,0.7501,0.00296552641297945,0.419202886571096
1.29275000000001e-09,1.79703447345382,0.7501,0.00296552641297941,0.419202886571096
1.29325000000001e-09,1.79703447345381,0.7501,0.00296552641297945,0.419202886571096
1.29375e-09,1.79703447345381,0.7501,0.00296552641297941,0.419202886571096
1.29425e-09,1.79703447345381,0.7501,0.00296552641297945,0.419202886571096
1.29475000000001e-09,1.79703447345381,0.7501,0.00296552641297941,0.419202886571096
1.29525000000001e-09,1.79703447345381,0.7501,0.00296552641297945,0.419202886571096
1.29575e-09,1.7970344734538,0.7501,0.00296552641297941,0.419202886571096
1.29625e-09,1.7970344734538,0.7501,0.00296552641297945,0.419202886571096
1.29675e-09,1.7970344734538,0.7501,0.00296552641297941,0.419202886571096
1.29725e-09,1.7970344734538,0.7501,0.00296552641297945,0.419202886571096
1.29775e-09,1.79703447345379,0.7501,0.00296552641297941,0.419202886571096
1.29825e-09,1.79703447345379,0.7501,0.00296552641297945,0.419202886571096
1.29875e-09,1.79703447345379,0.7501,0.00296552641297941,0.419202886571096
1.29925e-09,1.79703447345379,0.7501,0.00296552641297945,0.419202886571096
1.29975e-09,1.79703447345379,0.7501,0.00296552641297941,0.419202886571096
1.30025e-09,1.79703447345378,0.7501,0.00296552641297945,0.419202886571096
1.30075e-09,1.79703447345378,0.7501,0.00296552641297941,0.419202886571096
1.30125e-09,1.79703447345378,0.7501,0.00296552641297945,0.419202886571096
1.30175e-09,1.79703447345378,0.7501,0.00296552641297941,0.419202886571096
1.30225e-09,1.79703447345377,0.7501,0.00296552641297945,0.419202886571096
1.30275e-09,1.79703447345377,0.7501,0.00296552641297941,0.419202886571096
1.30325e-09,1.79703447345377,0.7501,0.00296552641297945,0.419202886571096
1.30375e-09,1.79703447345377,0.7501,0.00296552641297941,0.419202886571096
1.30425e-09,1.79703447345377,0.7501,0.00296552641297945,0.419202886571096
1.30475e-09,1.79703447345376,0.7501,0.00296552641297941,0.419202886571096
1.30525e-09,1.79703447345376,0.7501,0.00296552641297945,0.419202886571096
1.30575e-09,1.79703447345376,0.7501,0.00296552641297941,0.419202886571096
1.30625e-09,1.79703447345376,0.7501,0.00296552641297945,0.419202886571096
1.30675e-09,1.79703447345375,0.7501,0.00296552641297941,0.419202886571096
1.30725e-09,1.79703447345375,0.7501,0.00296552641297945,0.419202886571096
1.30775e-09,1.79703447345375,0.7501,0.00296552641297941,0.419202886571096
1.30825e-09,1.79703447345375,0.7501,0.00296552641297945,0.419202886571096
1.30875e-09,1.79703447345375,0.7501,0.00296552641297941,0.419202886571096
1.30925e-09,1.79703447345374,0.7501,0.00296552641297945,0.419202886571097
1.30975e-09,1.79703447345374,0.7501,0.00296552641297941,0.419202886571097
1.31025e-09,1.79703447345374,0.7501,0.00296552641297945,0.419202886571096
1.31075e-09,1.79703447345374,0.7501,0.00296552641297941,0.419202886571096
1.31125e-09,1.79703447345374,0.7501,0.00296552641297945,0.419202886571096
1.31175e-09,1.79703447345373,0.7501,0.00296552641297941,0.419202886571096
1.31225e-09,1.79703447345373,0.7501,0.00296552641297945,0.419202886571096
1.31275e-09,1.79703447345373,0.7501,0.00296552641297941,0.419202886571096
1.31325e-09,1.79703447345373,0.7501,0.00296552641297945,0.419202886571096
1.31375e-09,1.79703447345373,0.7501,0.00296552641297941,0.419202886571096
1.31425e-09,1.79703447345373,0.7501,0.00296552641297945,0.419202886571096
1.31475e-09,1.79703447345372,0.7501,0.00296552641297941,0.419202886571096
1.31525e-09,1.79703447345372,0.7501,0.00296552641297945,0.419202886571096
1.31575e-09,1.79703447345372,0.7501,0.00296552641297941,0.419202886571096
1.31625e-09,1.79703447345372,0.7501,0.00296552641297945,0.419202886571096
1.31675e-09,1.79703447345372,0.7501,0.00296552641297941,0.419202886571096
1.31725e-09,1.79703447345372,0.7501,0.00296552641297945,0.419202886571096
1.31775e-09,1.79703447345372,0.7501,0.00296552641297941,0.419202886571096
1.31825e-09,1.79703447345371,0.7501,0.00296552641297945,0.419202886571096
1.31875e-09,1.79703447345371,0.7501,0.00296552641297941,0.419202886571096
1.31925e-09,1.79703447345371,0.7501,0.00296552641297945,0.419202886571096
1.31975e-09,1.79703447345371,0.7501,0.00296552641297941,0.419202886571096
1.32025e-09,1.79703447345371,0.7501,0.00296552641297945,0.419202886571096
1.32075e-09,1.79703447345371,0.7501,0.00296552641297941,0.419202886571096
1.32125e-09,1.7970344734537,0.7501,0.00296552641297945,0.419202886571096
1.32175e-09,1.7970344734537,0.7501,0.00296552641297941,0.419202886571096
1.32225e-09,1.7970344734537,0.7501,0.00296552641297945,0.419202886571096
1.32275e-09,1.7970344734537,0.7501,0.00296552641297941,0.419202886571096
1.32325e-09,1.7970344734537,0.7501,0.00296552641297945,0.419202886571096
1.32375e-09,1.7970344734537,0.7501,0.00296552641297941,0.419202886571096
1.32425e-09,1.7970344734537,0.7501,0.00296552641297945,0.419202886571096
1.32475e-09,1.79703447345369,0.7501,0.00296552641297941,0.419202886571096
1.32525e-09,1.79703447345369,0.7501,0.00296552641297945,0.419202886571096
1.32575e-09,1.79703447345369,0.7501,0.00296552641297941,0.419202886571096
1.32625e-09,1.79703447345369,0.7501,0.00296552641297945,0.419202886571096
1.32675e-09,1.79703447345369,0.7501,0.00296552641297941,0.419202886571096
1.32725e-09,1.79703447345369,0.7501,0.00296552641297945,0.419202886571096
1.32775e-09,1.79703447345369,0.7501,0.00296552641297941,0.419202886571096
1.32825e-09,1.79703447345369,0.7501,0.00296552641297945,0.419202886571096
1.32875e-09,1.79703447345369,0.7501,0.00296552641297941,0.419202886571096
1.32925e-09,1.79703447345368,0.7501,0.00296552641297945,0.419202886571096
1.32975e-09,1.79703447345368,0.7501,0.00296552641297941,0.419202886571096
1.33025e-09,1.79703447345368,0.7501,0.00296552641297945,0.419202886571096
1.33075e-09,1.79703447345368,0.7501,0.00296552641297941,0.419202886571096
1.33125e-09,1.79703447345368,0.7501,0.00296552641297945,0.419202886571096
1.33175e-09,1.79703447345368,0.7501,0.00296552641297941,0.419202886571096
1.33225e-09,1.79703447345368,0.7501,0.00296552641297945,0.419202886571096
1.33275e-09,1.79703447345367,0.7501,0.00296552641297941,0.419202886571096
1.33325e-09,1.79703447345367,0.7501,0.00296552641297945,0.419202886571096
1.33375e-09,1.79703447345367,0.7501,0.00296552641297941,0.419202886571096
1.33425e-09,1.79703447345367,0.7501,0.00296552641297945,0.419202886571096
1.33475e-09,1.79703447345367,0.7501,0.00296552641297941,0.419202886571096
1.33525e-09,1.79703447345367,0.7501,0.00296552641297945,0.419202886571096
1.33575e-09,1.79703447345367,0.7501,0.00296552641297941,0.419202886571096
1.33625e-09,1.79703447345367,0.7501,0.00296552641297945,0.419202886571096
1.33675e-09,1.79703447345367,0.7501,0.00296552641297941,0.419202886571096
1.33725e-09,1.79703447345366,0.7501,0.00296552641297945,0.419202886571096
1.33775e-09,1.79703447345366,0.7501,0.00296552641297941,0.419202886571096
1.33825e-09,1.79703447345366,0.7501,0.00296552641297945,0.419202886571096
1.33875e-09,1.79703447345366,0.7501,0.00296552641297941,0.419202886571096
1.33925e-09,1.79703447345366,0.7501,0.00296552641297945,0.419202886571096
1.33975e-09,1.79703447345366,0.7501,0.00296552641297941,0.419202886571096
1.34025e-09,1.79703447345366,0.7501,0.00296552641297945,0.419202886571096
1.34075e-09,1.79703447345366,0.7501,0.00296552641297941,0.419202886571096
1.34125e-09,1.79703447345365,0.7501,0.00296552641297945,0.419202886571096
1.34175e-09,1.79703447345365,0.7501,0.00296552641297941,0.419202886571096
1.34225e-09,1.79703447345365,0.7501,0.00296552641297945,0.419202886571096
1.34275e-09,1.79703447345365,0.7501,0.00296552641297941,0.419202886571096
1.34325e-09,1.79703447345365,0.7501,0.00296552641297945,0.419202886571096
1.34375e-09,1.79703447345365,0.7501,0.00296552641297941,0.419202886571096
1.34425e-09,1.79703447345365,0.7501,0.00296552641297945,0.419202886571096
1.34475e-09,1.79703447345365,0.7501,0.00296552641297941,0.419202886571096
1.34525e-09,1.79703447345365,0.7501,0.00296552641297945,0.419202886571096
1.34575e-09,1.79703447345365,0.7501,0.00296552641297941,0.419202886571096
1.34625e-09,1.79703447345365,0.7501,0.00296552641297945,0.419202886571096
1.34675e-09,1.79703447345365,0.7501,0.00296552641297941,0.419202886571096
1.34725e-09,1.79703447345365,0.7501,0.00296552641297945,0.419202886571095
1.34775e-09,1.79703447345364,0.7501,0.00296552641297941,0.419202886571096
1.34825e-09,1.79703447345364,0.7501,0.00296552641297945,0.419202886571096
1.34875e-09,1.79703447345364,0.7501,0.00296552641297941,0.419202886571096
1.34925e-09,1.79703447345364,0.7501,0.00296552641297945,0.419202886571096
1.34975e-09,1.79703447345364,0.7501,0.00296552641297941,0.419202886571096
1.35025e-09,1.79703447345364,0.7501,0.00296552641297945,0.419202886571096
1.35075e-09,1.79703447345364,0.7501,0.00296552641297941,0.419202886571096
1.35125e-09,1.79703447345364,0.7501,0.00296552641297945,0.419202886571096
1.35175e-09,1.79703447345364,0.7501,0.00296552641297941,0.419202886571096
1.35225e-09,1.79703447345364,0.7501,0.00296552641297945,0.419202886571096
1.35275e-09,1.79703447345364,0.7501,0.00296552641297941,0.419202886571096
1.35325e-09,1.79703447345364,0.7501,0.00296552641297945,0.419202886571096
1.35375e-09,1.79703447345364,0.7501,0.00296552641297941,0.419202886571096
1.35425e-09,1.79703447345364,0.7501,0.00296552641297945,0.419202886571096
1.35475e-09,1.79703447345363,0.7501,0.00296552641297941,0.419202886571096
1.35525e-09,1.79703447345363,0.7501,0.00296552641297945,0.419202886571096
1.35575e-09,1.79703447345363,0.7501,0.00296552641297941,0.419202886571096
1.35625e-09,1.79703447345363,0.7501,0.00296552641297945,0.419202886571096
1.35675e-09,1.79703447345363,0.7501,0.00296552641297941,0.419202886571096
1.35725e-09,1.79703447345363,0.7501,0.00296552641297945,0.419202886571096
1.35775e-09,1.79703447345363,0.7501,0.00296552641297941,0.419202886571096
1.35825e-09,1.79703447345363,0.7501,0.00296552641297945,0.419202886571095
1.35875e-09,1.79703447345363,0.7501,0.00296552641297941,0.419202886571095
1.35925e-09,1.79703447345363,0.7501,0.00296552641297945,0.419202886571095
1.35975e-09,1.79703447345363,0.7501,0.00296552641297941,0.419202886571095
1.36025e-09,1.79703447345363,0.7501,0.00296552641297945,0.419202886571095
1.36075e-09,1.79703447345363,0.7501,0.00296552641297941,0.419202886571095
1.36125e-09,1.79703447345362,0.7501,0.00296552641297945,0.419202886571095
1.36175e-09,1.79703447345362,0.7501,0.00296552641297941,0.419202886571095
1.36225e-09,1.79703447345362,0.7501,0.00296552641297945,0.419202886571095
1.36275e-09,1.79703447345362,0.7501,0.00296552641297941,0.419202886571095
1.36325e-09,1.79703447345362,0.7501,0.00296552641297945,0.419202886571095
1.36375e-09,1.79703447345362,0.7501,0.00296552641297941,0.419202886571096
1.36425e-09,1.79703447345362,0.7501,0.00296552641297945,0.419202886571096
1.36475e-09,1.79703447345362,0.7501,0.00296552641297941,0.419202886571096
1.36525e-09,1.79703447345362,0.7501,0.00296552641297945,0.419202886571096
1.36575e-09,1.79703447345362,0.7501,0.00296552641297941,0.419202886571096
1.36625e-09,1.79703447345362,0.7501,0.00296552641297945,0.419202886571096
1.36675e-09,1.79703447345362,0.7501,0.00296552641297941,0.419202886571096
1.36725e-09,1.79703447345362,0.7501,0.00296552641297945,0.419202886571096
1.36775e-09,1.79703447345361,0.7501,0.00296552641297941,0.419202886571096
1.36825e-09,1.79703447345361,0.7501,0.00296552641297945,0.419202886571096
1.36875e-09,1.79703447345361,0.7501,0.00296552641297941,0.419202886571096
1.36925e-09,1.79703447345361,0.7501,0.00296552641297945,0.419202886571096
1.36975e-09,1.79703447345361,0.7501,0.00296552641297941,0.419202886571096
1.37025e-09,1.79703447345361,0.7501,0.00296552641297945,0.419202886571096
1.37075e-09,1.79703447345361,0.7501,0.00296552641297941,0.419202886571096
1.37125e-09,1.79703447345361,0.7501,0.00296552641297945,0.419202886571096
1.37175e-09,1.79703447345361,0.7501,0.00296552641297941,0.419202886571096
1.37225e-09,1.79703447345361,0.7501,0.00296552641297945,0.419202886571095
1.37275e-09,1.79703447345361,0.7501,0.00296552641297941,0.419202886571095
1.37325e-09,1.79703447345361,0.7501,0.00296552641297945,0.419202886571095
1.37375e-09,1.79703447345361,0.7501,0.00296552641297941,0.419202886571095
1.37425e-09,1.79703447345361,0.7501,0.00296552641297945,0.419202886571095
1.37475e-09,1.79703447345361,0.7501,0.00296552641297941,0.419202886571095
1.37525e-09,1.79703447345361,0.7501,0.00296552641297945,0.419202886571095
1.37575e-09,1.79703447345361,0.7501,0.00296552641297941,0.419202886571095
1.37625e-09,1.79703447345361,0.7501,0.00296552641297945,0.419202886571095
1.37675e-09,1.79703447345361,0.7501,0.00296552641297941,0.419202886571095
1.37725e-09,1.79703447345361,0.7501,0.00296552641297945,0.419202886571095
1.37775e-09,1.79703447345361,0.7501,0.00296552641297941,0.419202886571095
1.37825e-09,1.79703447345361,0.7501,0.00296552641297945,0.419202886571095
1.37875e-09,1.79703447345361,0.7501,0.00296552641297941,0.419202886571095
1.37925e-09,1.79703447345361,0.7501,0.00296552641297945,0.419202886571095
1.37975e-09,1.79703447345361,0.7501,0.00296552641297941,0.419202886571095
1.38025e-09,1.79703447345361,0.7501,0.00296552641297945,0.419202886571095
1.38075e-09,1.79703447345361,0.7501,0.00296552641297941,0.419202886571095
1.38124999999999e-09,1.79703447345361,0.7501,0.00296552641297945,0.419202886571095
1.38174999999999e-09,1.79703447345361,0.7501,0.00296552641297941,0.419202886571095
1.38225e-09,1.79703447345361,0.7501,0.00296552641297945,0.419202886571095
1.38275e-09,1.79703447345361,0.7501,0.00296552641297941,0.419202886571095
1.38324999999999e-09,1.79703447345361,0.7501,0.00296552641297945,0.419202886571095
1.38374999999999e-09,1.79703447345361,0.7501,0.00296552641297941,0.419202886571095
1.38425e-09,1.79703447345361,0.7501,0.00296552641297945,0.419202886571095
1.38475e-09,1.79703447345361,0.7501,0.00296552641297941,0.419202886571095
1.38524999999999e-09,1.79703447345361,0.7501,0.00296552641297945,0.419202886571095
1.38574999999999e-09,1.79703447345361,0.7501,0.00296552641297941,0.419202886571095
1.38625e-09,1.79703447345361,0.7501,0.00296552641297945,0.419202886571095
1.38675e-09,1.79703447345361,0.7501,0.00296552641297941,0.419202886571095
1.38724999999999e-09,1.79703447345361,0.7501,0.00296552641297945,0.419202886571095
1.38774999999999e-09,1.79703447345361,0.7501,0.00296552641297941,0.419202886571095
1.38825e-09,1.79703447345361,0.7501,0.00296552641297945,0.419202886571095
1.38875e-09,1.79703447345361,0.7501,0.00296552641297941,0.419202886571095
1.38924999999999e-09,1.79703447345361,0.7501,0.00296552641297945,0.419202886571095
1.38974999999999e-09,1.79703447345361,0.7501,0.00296552641297941,0.419202886571095
1.39024999999999e-09,1.79703447345361,0.7501,0.00296552641297945,0.419202886571095
1.39074999999999e-09,1.79703447345361,0.7501,0.00296552641297941,0.419202886571095
1.39124999999999e-09,1.79703447345361,0.7501,0.00296552641297945,0.419202886571095
1.39174999999999e-09,1.79703447345361,0.7501,0.00296552641297941,0.419202886571095
1.39224999999999e-09,1.79703447345361,0.7501,0.00296552641297945,0.419202886571095
1.39274999999999e-09,1.79703447345361,0.7501,0.00296552641297941,0.419202886571095
1.39324999999999e-09,1.79703447345361,0.7501,0.00296552641297945,0.419202886571095
1.39374999999999e-09,1.79703447345361,0.7501,0.00296552641297941,0.419202886571095
1.39424999999999e-09,1.79703447345361,0.7501,0.00296552641297945,0.419202886571095
1.39474999999999e-09,1.79703447345361,0.7501,0.00296552641297941,0.419202886571095
1.39524999999999e-09,1.79703447345361,0.7501,0.00296552641297945,0.419202886571095
1.39574999999999e-09,1.79703447345361,0.7501,0.00296552641297941,0.419202886571095
1.39624999999999e-09,1.79703447345361,0.7501,0.00296552641297945,0.419202886571095
1.39674999999999e-09,1.79703447345361,0.7501,0.00296552641297941,0.419202886571095
1.39724999999999e-09,1.79703447345361,0.7501,0.00296552641297945,0.419202886571095
1.39774999999999e-09,1.79703447345361,0.7501,0.00296552641297941,0.419202886571095
1.39824999999999e-09,1.79703447345361,0.7501,0.00296552641297945,0.419202886571095
1.39874999999999e-09,1.79703447345361,0.7501,0.00296552641297941,0.419202886571095
1.39924999999999e-09,1.79703447345361,0.7501,0.00296552641297945,0.419202886571095
1.39974999999999e-09,1.79703447345361,0.7501,0.00296552641297941,0.419202886571095
1.40024999999999e-09,1.79703447345361,0.7501,0.00296552641297945,0.419202886571095
1.40074999999999e-09,1.79703447345361,0.7501,0.00296552641297941,0.419202886571095
1.40124999999999e-09,1.79703447345361,0.7501,0.00296552641297945,0.419202886571095
1.40174999999999e-09,1.79703447345361,0.7501,0.00296552641297941,0.419202886571095
1.40224999999999e-09,1.79703447345361,0.7501,0.00296552641297945,0.419202886571095
1.40274999999999e-09,1.79703447345361,0.7501,0.00296552641297941,0.419202886571095
1.40324999999999e-09,1.79703447345361,0.7501,0.00296552641297945,0.419202886571095
1.40374999999999e-09,1.79703447345361,0.7501,0.00296552641297941,0.419202886571095
1.40424999999999e-09,1.79703447345361,0.7501,0.00296552641297945,0.419202886571095
1.40474999999999e-09,1.79703447345361,0.7501,0.00296552641297941,0.419202886571095
1.40524999999999e-09,1.79703447345361,0.7501,0.00296552641297945,0.419202886571095
1.40574999999999e-09,1.79703447345361,0.7501,0.00296552641297941,0.419202886571095
1.40624999999999e-09,1.79703447345361,0.7501,0.00296552641297945,0.419202886571095
1.40674999999999e-09,1.79703447345361,0.7501,0.00296552641297941,0.419202886571095
1.40724999999999e-09,1.79703447345361,0.7501,0.00296552641297945,0.419202886571095
1.40774999999999e-09,1.79703447345361,0.7501,0.00296552641297941,0.419202886571095
1.40824999999999e-09,1.79703447345361,0.7501,0.00296552641297945,0.419202886571095
1.40874999999999e-09,1.79703447345361,0.7501,0.00296552641297941,0.419202886571095
1.40924999999999e-09,1.79703447345361,0.7501,0.00296552641297945,0.419202886571095
1.40974999999999e-09,1.79703447345361,0.7501,0.00296552641297941,0.419202886571095
1.41024999999999e-09,1.79703447345361,0.7501,0.00296552641297945,0.419202886571095
1.41074999999999e-09,1.79703447345361,0.7501,0.00296552641297941,0.419202886571095
1.41124999999999e-09,1.79703447345361,0.7501,0.00296552641297945,0.419202886571095
1.41174999999999e-09,1.79703447345361,0.7501,0.00296552641297941,0.419202886571095
1.41224999999999e-09,1.79703447345361,0.7501,0.00296552641297945,0.419202886571095
1.41274999999999e-09,1.79703447345361,0.7501,0.00296552641297941,0.419202886571095
1.41324999999999e-09,1.79703447345361,0.7501,0.00296552641297945,0.419202886571095
1.41374999999999e-09,1.79703447345361,0.7501,0.00296552641297941,0.419202886571095
1.41424999999999e-09,1.79703447345361,0.7501,0.00296552641297945,0.419202886571095
1.41474999999999e-09,1.79703447345361,0.7501,0.00296552641297941,0.419202886571095
1.41524999999999e-09,1.79703447345361,0.7501,0.00296552641297945,0.419202886571095
1.41574999999999e-09,1.79703447345361,0.7501,0.00296552641297941,0.419202886571095
1.41624999999999e-09,1.79703447345361,0.7501,0.00296552641297945,0.419202886571095
1.41674999999999e-09,1.79703447345361,0.7501,0.00296552641297941,0.419202886571095
1.41724999999999e-09,1.79703447345361,0.7501,0.00296552641297945,0.419202886571095
1.41774999999999e-09,1.79703447345361,0.7501,0.00296552641297941,0.419202886571095
1.41824999999999e-09,1.79703447345361,0.7501,0.00296552641297945,0.419202886571095
1.41874999999999e-09,1.79703447345361,0.7501,0.00296552641297941,0.419202886571095
1.41924999999999e-09,1.79703447345361,0.7501,0.00296552641297945,0.419202886571095
1.41974999999999e-09,1.79703447345361,0.7501,0.00296552641297941,0.419202886571095
1.42024999999999e-09,1.79703447345361,0.7501,0.00296552641297945,0.419202886571095
1.42074999999999e-09,1.79703447345361,0.7501,0.00296552641297941,0.419202886571095
1.42124999999999e-09,1.79703447345361,0.7501,0.00296552641297945,0.419202886571095
1.42174999999999e-09,1.79703447345361,0.7501,0.00296552641297941,0.419202886571095
1.42224999999999e-09,1.79703447345361,0.7501,0.00296552641297945,0.419202886571095
1.42274999999999e-09,1.79703447345361,0.7501,0.00296552641297941,0.419202886571095
1.42324999999999e-09,1.79703447345361,0.7501,0.00296552641297945,0.419202886571095
1.42374999999999e-09,1.79703447345361,0.7501,0.00296552641297941,0.419202886571095
1.42424999999999e-09,1.79703447345361,0.7501,0.00296552641297945,0.419202886571095
1.42474999999999e-09,1.79703447345361,0.7501,0.00296552641297941,0.419202886571095
1.42524999999999e-09,1.79703447345361,0.7501,0.00296552641297945,0.419202886571095
1.42574999999999e-09,1.79703447345361,0.7501,0.00296552641297941,0.419202886571095
1.42624999999999e-09,1.79703447345361,0.7501,0.00296552641297945,0.419202886571095
1.42674999999999e-09,1.79703447345361,0.7501,0.00296552641297941,0.419202886571095
1.42724999999999e-09,1.79703447345361,0.7501,0.00296552641297945,0.419202886571095
1.42774999999999e-09,1.79703447345361,0.7501,0.00296552641297941,0.419202886571095
1.42824999999999e-09,1.79703447345361,0.7501,0.00296552641297945,0.419202886571095
1.42874999999999e-09,1.79703447345361,0.7501,0.00296552641297941,0.419202886571095
1.42924999999999e-09,1.79703447345361,0.7501,0.00296552641297945,0.419202886571095
1.42974999999999e-09,1.79703447345361,0.7501,0.00296552641297941,0.419202886571095
1.43024999999999e-09,1.79703447345361,0.7501,0.00296552641297945,0.419202886571095
1.43074999999999e-09,1.79703447345361,0.7501,0.00296552641297941,0.419202886571095
1.43124999999999e-09,1.79703447345361,0.7501,0.00296552641297945,0.419202886571095
1.43174999999999e-09,1.79703447345361,0.7501,0.00296552641297941,0.419202886571095
1.43224999999999e-09,1.79703447345361,0.7501,0.00296552641297945,0.419202886571095
1.43274999999999e-09,1.79703447345361,0.7501,0.00296552641297941,0.419202886571095
1.43324999999999e-09,1.79703447345361,0.7501,0.00296552641297945,0.419202886571095
1.43374999999999e-09,1.79703447345361,0.7501,0.00296552641297941,0.419202886571095
1.43424999999999e-09,1.79703447345361,0.7501,0.00296552641297945,0.419202886571095
1.43474999999999e-09,1.79703447345361,0.7501,0.00296552641297941,0.419202886571095
1.43524999999999e-09,1.79703447345361,0.7501,0.00296552641297945,0.419202886571095
1.43574999999999e-09,1.79703447345361,0.7501,0.00296552641297941,0.419202886571095
1.43624999999999e-09,1.79703447345361,0.7501,0.00296552641297945,0.419202886571095
1.43674999999999e-09,1.79703447345361,0.7501,0.00296552641297941,0.419202886571095
1.43724999999999e-09,1.79703447345361,0.7501,0.00296552641297945,0.419202886571095
1.43774999999999e-09,1.79703447345361,0.7501,0.00296552641297941,0.419202886571095
1.43824999999999e-09,1.79703447345361,0.7501,0.00296552641297945,0.419202886571095
1.43874999999999e-09,1.79703447345361,0.7501,0.00296552641297941,0.419202886571095
1.43924999999999e-09,1.79703447345361,0.7501,0.00296552641297945,0.419202886571095
1.43974999999999e-09,1.79703447345361,0.7501,0.00296552641297941,0.419202886571095
1.44024999999999e-09,1.79703447345361,0.7501,0.00296552641297945,0.419202886571095
1.44074999999999e-09,1.79703447345361,0.7501,0.00296552641297941,0.419202886571095
1.44124999999999e-09,1.79703447345361,0.7501,0.00296552641297945,0.419202886571095
1.44174999999999e-09,1.79703447345361,0.7501,0.00296552641297941,0.419202886571095
1.44224999999999e-09,1.79703447345361,0.7501,0.00296552641297945,0.419202886571095
1.44274999999999e-09,1.79703447345361,0.7501,0.00296552641297941,0.419202886571095
1.44324999999999e-09,1.79703447345361,0.7501,0.00296552641297945,0.419202886571095
1.44374999999999e-09,1.79703447345361,0.7501,0.00296552641297941,0.419202886571095
1.44424999999999e-09,1.79703447345361,0.7501,0.00296552641297945,0.419202886571095
1.44474999999999e-09,1.79703447345361,0.7501,0.00296552641297941,0.419202886571095
1.44524999999999e-09,1.79703447345361,0.7501,0.00296552641297945,0.419202886571095
1.44574999999999e-09,1.79703447345361,0.7501,0.00296552641297941,0.419202886571095
1.44624999999999e-09,1.79703447345361,0.7501,0.00296552641297945,0.419202886571095
1.44674999999999e-09,1.79703447345361,0.7501,0.00296552641297941,0.419202886571095
1.44724999999999e-09,1.79703447345361,0.7501,0.00296552641297945,0.419202886571095
1.44774999999999e-09,1.79703447345361,0.7501,0.00296552641297941,0.419202886571095
1.44824999999999e-09,1.79703447345361,0.7501,0.00296552641297945,0.419202886571095
1.44874999999999e-09,1.79703447345361,0.7501,0.00296552641297941,0.419202886571095
1.44924999999999e-09,1.79703447345361,0.7501,0.00296552641297945,0.419202886571095
1.44974999999999e-09,1.79703447345361,0.7501,0.00296552641297941,0.419202886571095
1.45024999999999e-09,1.79703447345361,0.7501,0.00296552641297945,0.419202886571095
1.45074999999999e-09,1.79703447345361,0.7501,0.00296552641297941,0.419202886571095
1.45124999999999e-09,1.79703447345361,0.7501,0.00296552641297945,0.419202886571095
1.45174999999999e-09,1.79703447345361,0.7501,0.00296552641297941,0.419202886571095
1.45224999999999e-09,1.79703447345361,0.7501,0.00296552641297945,0.419202886571095
1.45274999999999e-09,1.79703447345361,0.7501,0.00296552641297941,0.419202886571095
1.45324999999999e-09,1.79703447345361,0.7501,0.00296552641297945,0.419202886571095
1.45374999999999e-09,1.79703447345361,0.7501,0.00296552641297941,0.419202886571095
1.45424999999999e-09,1.79703447345361,0.7501,0.00296552641297945,0.419202886571095
1.45474999999999e-09,1.79703447345361,0.7501,0.00296552641297941,0.419202886571095
1.45524999999999e-09,1.79703447345361,0.7501,0.00296552641297945,0.419202886571095
1.45574999999999e-09,1.79703447345361,0.7501,0.00296552641297941,0.419202886571095
1.45624999999999e-09,1.79703447345361,0.7501,0.00296552641297945,0.419202886571095
1.45674999999999e-09,1.79703447345361,0.7501,0.00296552641297941,0.419202886571095
1.45724999999999e-09,1.79703447345361,0.7501,0.00296552641297945,0.419202886571095
1.45774999999999e-09,1.79703447345361,0.7501,0.00296552641297941,0.419202886571095
1.45824999999999e-09,1.79703447345361,0.7501,0.00296552641297945,0.419202886571095
1.45874999999999e-09,1.79703447345361,0.7501,0.00296552641297941,0.419202886571095
1.45924999999999e-09,1.79703447345361,0.7501,0.00296552641297945,0.419202886571095
1.45974999999999e-09,1.79703447345361,0.7501,0.00296552641297941,0.419202886571095
1.46024999999999e-09,1.79703447345361,0.7501,0.00296552641297945,0.419202886571095
1.46074999999999e-09,1.79703447345361,0.7501,0.00296552641297941,0.419202886571095
1.46124999999999e-09,1.79703447345361,0.7501,0.00296552641297945,0.419202886571095
1.46174999999999e-09,1.79703447345361,0.7501,0.00296552641297941,0.419202886571095
1.46224999999999e-09,1.79703447345361,0.7501,0.00296552641297945,0.419202886571095
1.46274999999999e-09,1.79703447345361,0.7501,0.00296552641297941,0.419202886571095
1.46324999999999e-09,1.79703447345361,0.7501,0.00296552641297945,0.419202886571095
1.46374999999999e-09,1.79703447345361,0.7501,0.00296552641297941,0.419202886571095
1.46424999999999e-09,1.79703447345361,0.7501,0.00296552641297945,0.419202886571095
1.46474999999999e-09,1.79703447345361,0.7501,0.00296552641297941,0.419202886571095
1.46524999999999e-09,1.79703447345361,0.7501,0.00296552641297945,0.419202886571095
1.46574999999999e-09,1.79703447345361,0.7501,0.00296552641297941,0.419202886571095
1.46624999999999e-09,1.79703447345361,0.7501,0.00296552641297945,0.419202886571095
1.46674999999999e-09,1.79703447345361,0.7501,0.00296552641297941,0.419202886571095
1.46724999999999e-09,1.79703447345361,0.7501,0.00296552641297945,0.419202886571095
1.46774999999999e-09,1.79703447345361,0.7501,0.00296552641297941,0.419202886571095
1.46824999999999e-09,1.79703447345361,0.7501,0.00296552641297945,0.419202886571095
1.46874999999999e-09,1.79703447345361,0.7501,0.00296552641297941,0.419202886571095
1.46924999999999e-09,1.79703447345361,0.7501,0.00296552641297945,0.419202886571095
1.46974999999999e-09,1.79703447345361,0.7501,0.00296552641297941,0.419202886571095
1.47024999999999e-09,1.79703447345361,0.7501,0.00296552641297945,0.419202886571095
1.47074999999999e-09,1.79703447345361,0.7501,0.00296552641297941,0.419202886571095
1.47124999999999e-09,1.79703447345361,0.7501,0.00296552641297945,0.419202886571095
1.47174999999999e-09,1.79703447345361,0.7501,0.00296552641297941,0.419202886571095
1.47224999999999e-09,1.79703447345361,0.7501,0.00296552641297945,0.419202886571095
1.47274999999999e-09,1.79703447345361,0.7501,0.00296552641297941,0.419202886571095
1.47324999999999e-09,1.79703447345361,0.7501,0.00296552641297945,0.419202886571095
1.47374999999999e-09,1.79703447345361,0.7501,0.00296552641297941,0.419202886571095
1.47424999999999e-09,1.79703447345361,0.7501,0.00296552641297945,0.419202886571095
1.47474999999999e-09,1.79703447345361,0.7501,0.00296552641297941,0.419202886571095
1.47524999999998e-09,1.79703447345361,0.7501,0.00296552641297945,0.419202886571095
1.47574999999998e-09,1.79703447345361,0.7501,0.00296552641297941,0.419202886571095
1.47624999999999e-09,1.79703447345361,0.7501,0.00296552641297945,0.419202886571095
1.47674999999999e-09,1.79703447345361,0.7501,0.00296552641297941,0.419202886571095
1.47724999999998e-09,1.79703447345361,0.7501,0.00296552641297945,0.419202886571095
1.47774999999999e-09,1.79703447345361,0.7501,0.00296552641297941,0.419202886571095
1.47824999999999e-09,1.79703447345361,0.7501,0.00296552641297945,0.419202886571095
1.47874999999998e-09,1.79703447345361,0.7501,0.00296552641297941,0.419202886571095
1.47924999999998e-09,1.79703447345361,0.7501,0.00296552641297945,0.419202886571095
1.47974999999999e-09,1.79703447345361,0.7501,0.00296552641297941,0.419202886571095
1.48024999999999e-09,1.79703447345361,0.7501,0.00296552641297945,0.419202886571095
1.48074999999998e-09,1.79703447345361,0.7501,0.00296552641297941,0.419202886571095
1.48124999999998e-09,1.79703447345361,0.7501,0.00296552641297945,0.419202886571095
1.48174999999999e-09,1.79703447345361,0.7501,0.00296552641297941,0.419202886571095
1.48224999999999e-09,1.79703447345361,0.7501,0.00296552641297945,0.419202886571095
1.48274999999998e-09,1.79703447345361,0.7501,0.00296552641297941,0.419202886571095
1.48324999999998e-09,1.79703447345361,0.7501,0.00296552641297945,0.419202886571095
1.48374999999998e-09,1.79703447345361,0.7501,0.00296552641297941,0.419202886571095
1.48424999999998e-09,1.79703447345361,0.7501,0.00296552641297945,0.419202886571095
1.48474999999998e-09,1.79703447345361,0.7501,0.00296552641297941,0.419202886571095
1.48524999999998e-09,1.79703447345361,0.7501,0.00296552641297945,0.419202886571095
1.48574999999998e-09,1.79703447345361,0.7501,0.00296552641297941,0.419202886571095
1.48624999999998e-09,1.79703447345361,0.7501,0.00296552641297945,0.419202886571095
1.48674999999998e-09,1.79703447345361,0.7501,0.00296552641297941,0.419202886571095
1.48724999999998e-09,1.79703447345361,0.7501,0.00296552641297945,0.419202886571095
1.48774999999998e-09,1.79703447345361,0.7501,0.00296552641297941,0.419202886571095
1.48824999999998e-09,1.79703447345361,0.7501,0.00296552641297945,0.419202886571095
1.48874999999998e-09,1.79703447345361,0.7501,0.00296552641297941,0.419202886571095
1.48924999999998e-09,1.79703447345361,0.7501,0.00296552641297945,0.419202886571095
1.48974999999998e-09,1.79703447345361,0.7501,0.00296552641297941,0.419202886571095
1.49024999999998e-09,1.79703447345361,0.7501,0.00296552641297945,0.419202886571095
1.49074999999998e-09,1.79703447345361,0.7501,0.00296552641297941,0.419202886571095
1.49124999999998e-09,1.79703447345361,0.7501,0.00296552641297945,0.419202886571095
1.49174999999998e-09,1.79703447345361,0.7501,0.00296552641297941,0.419202886571095
1.49224999999998e-09,1.79703447345361,0.7501,0.00296552641297945,0.419202886571095
1.49274999999998e-09,1.79703447345361,0.7501,0.00296552641297941,0.419202886571095
1.49324999999998e-09,1.79703447345361,0.7501,0.00296552641297945,0.419202886571095
1.49374999999998e-09,1.79703447345361,0.7501,0.00296552641297941,0.419202886571095
1.49424999999998e-09,1.79703447345361,0.7501,0.00296552641297945,0.419202886571095
1.49474999999998e-09,1.79703447345361,0.7501,0.00296552641297941,0.419202886571095
1.49524999999998e-09,1.79703447345361,0.7501,0.00296552641297945,0.419202886571095
1.49574999999998e-09,1.79703447345361,0.7501,0.00296552641297941,0.419202886571095
1.49624999999998e-09,1.79703447345361,0.7501,0.00296552641297945,0.419202886571095
1.49674999999998e-09,1.79703447345361,0.7501,0.00296552641297941,0.419202886571095
1.49724999999998e-09,1.79703447345361,0.7501,0.00296552641297945,0.419202886571095
1.49774999999998e-09,1.79703447345361,0.7501,0.00296552641297941,0.419202886571095
1.49824999999998e-09,1.79703447345361,0.7501,0.00296552641297945,0.419202886571095
1.49874999999998e-09,1.79703447345361,0.7501,0.00296552641297941,0.419202886571095
1.49924999999998e-09,1.79703447345361,0.7501,0.00296552641297945,0.419202886571095
1.49974999999998e-09,1.79703447345361,0.7501,0.00296552641297941,0.419202886571095
1.50024999999998e-09,1.79703447345361,0.7501,0.00296552641297945,0.419202886571095
1.50074999999998e-09,1.79703447345361,0.7501,0.00296552641297941,0.419202886571095
1.501e-09,1.79703447345361,0.7501,0.00296552641297941,0.419202886571095
1.50105e-09,1.79703447341574,0.750095,0.00296412145507358,0.419201320468272
1.50115e-09,1.7970344732746,0.750085,0.00296322883958209,0.41919861375031
1.50135e-09,1.79703447272136,0.750065,0.00296321353177024,0.41919569515676
1.50175e-09,1.79703447157543,0.750025,0.00296215135187615,0.41919813625189
1.502e-09,1.79703447138234,0.75,0.00296188737704929,0.419204283360043
1.50205e-09,1.79703447149544,0.75,0.00296312485238107,0.419207477666791
1.50215e-09,1.79703447187029,0.75,0.00296378520063168,0.419213633722247
1.50235e-09,1.79703447344145,0.75,0.00296343085080504,0.419224525610428
1.50275e-09,1.79703447925768,0.75,0.00296369881042654,0.419241555409062
1.50325e-09,1.79703449027041,0.75,0.00296347424959518,0.419256144368705
1.50375e-09,1.79703450407151,0.75,0.00296367028522682,0.419265621885047
1.50425e-09,1.79703451961884,0.75,0.00296350207882643,0.419271787251445
1.50475e-09,1.79703453623588,0.75,0.00296364829091149,0.419275790857001
1.50525e-09,1.79703455348341,0.75,0.00296352243115055,0.419278396910935
1.50575e-09,1.79703457107672,0.75,0.00296363156922789,0.419280087910642
1.50625e-09,1.79703458883126,0.75,0.00296353745188133,0.419281189800505
1.50675e-09,1.79703460662779,0.75,0.00296361895321944,0.419281903811857
1.50725e-09,1.79703462438935,0.75,0.00296354859663105,0.419282369950766
1.50775e-09,1.7970346420666,0.75,0.00296360947510958,0.41928267127477
1.50825e-09,1.79703465962802,0.75,0.00296355689076836,0.419282868648498
1.50875e-09,1.79703467705378,0.75,0.00296360237129091,0.419282995694815
1.50925e-09,1.79703469433154,0.75,0.00296356307415089,0.419283079406231
1.50975e-09,1.79703471145392,0.75,0.00296359705408422,0.419283132889324
1.51025e-09,1.79703472841668,0.75,0.0029635676884903,0.419283168501762
1.51075e-09,1.79703474521766,0.75,0.00296359307714198,0.419283190959151
1.51125e-09,1.79703476185603,0.75,0.00296357113386149,0.419283206194497
1.51175e-09,1.79703477833183,0.75,0.0029635901038946,0.419283215585698
1.51225e-09,1.79703479464563,0.75,0.00296357370721959,0.419283222171186
1.51275e-09,1.79703481079838,0.75,0.00296358788156322,0.419283226073876
1.51325e-09,1.79703482679125,0.75,0.00296357562961383,0.419283228974745
1.51375e-09,1.79703484262554,0.75,0.0029635862207234,0.419283230582515
1.51425e-09,1.79703485830265,0.75,0.00296357706586019,0.419283231904187
1.51475e-09,1.79703487382403,0.75,0.00296358497960477,0.419283232560226
1.51525e-09,1.79703488919113,0.75,0.00296357813896114,0.419283233197836
1.51575e-09,1.79703490440546,0.75,0.00296358405217751,0.419283233465016
1.51625e-09,1.79703491946849,0.75,0.00296357894076212,0.4192832338009
1.51675e-09,1.79703493438171,0.75,0.002963583359174,0.419283233913561
1.51725e-09,1.7970349491466,0.75,0.00296357953986433,0.419283234112335
1.51775e-09,1.79703496376462,0.75,0.0029635828413471,0.419283234166879
1.51825e-09,1.79703497823722,0.75,0.00296357998751612,0.419283234300392
1.51875e-09,1.79703499256586,0.75,0.0029635824544194,0.419283234335599
1.51925e-09,1.79703500675195,0.75,0.00296358032200592,0.419283234435923
1.51975e-09,1.79703502079692,0.75,0.00296358216530321,0.419283234466722
1.52025e-09,1.79703503470217,0.75,0.00296358057194132,0.419283234548691
1.52075e-09,1.79703504846909,0.75,0.00296358194927379,0.419283234580304
1.52125e-09,1.79703506209905,0.75,0.0029635807586973,0.419283234651147
1.52175e-09,1.79703507559342,0.75,0.00296358178785596,0.419283234684971
1.52225e-09,1.79703508895355,0.75,0.00296358089824517,0.419283234748464
1.52275e-09,1.79703510218076,0.75,0.00296358166724462,0.419283234784488
1.52325e-09,1.79703511527639,0.75,0.00296358100251872,0.419283234842767
1.52375e-09,1.79703512824173,0.75,0.00296358157712436,0.419283234880538
1.52425e-09,1.7970351410781,0.75,0.0029635810804349,0.419283234934912
1.52475e-09,1.79703515378677,0.75,0.0029635815097874,0.419283234973908
1.52525e-09,1.797035166369,0.75,0.00296358113865654,0.419283235025237
1.52575e-09,1.79703517882607,0.75,0.00296358145947433,0.419283235064991
1.52625e-09,1.79703519115921,0.75,0.0029635811821622,0.419283235113869
1.52675e-09,1.79703520336965,0.75,0.00296358142188165,0.419283235154004
1.52725e-09,1.79703521545863,0.75,0.00296358121467191,0.419283235200858
1.52775e-09,1.79703522742734,0.75,0.00296358139379373,0.41928323524108
1.52825e-09,1.79703523927698,0.75,0.00296358123896522,0.419283235286224
1.52875e-09,1.79703525100874,0.75,0.00296358137280786,0.419283235326314
1.52925e-09,1.79703526262379,0.75,0.00296358125711917,0.419283235369982
1.52975e-09,1.79703527412329,0.75,0.0029635813571287,0.419283235409775
1.53025e-09,1.79703528550839,0.75,0.0029635812706857,0.419283235452145
1.53075e-09,1.79703529678023,0.75,0.00296358134541472,0.419283235491524
1.53125e-09,1.79703530793993,0.75,0.00296358128082437,0.419283235532731
1.53175e-09,1.79703531898861,0.75,0.00296358133666353,0.419283235571609
1.53225e-09,1.79703532992738,0.75,0.00296358128840174,0.419283235611759
1.53275e-09,1.79703534075732,0.75,0.00296358133012615,0.419283235650075
1.53325e-09,1.79703535147953,0.75,0.00296358129406519,0.419283235689251
1.53375e-09,1.79703536209507,0.75,0.0029635813252429,0.419283235726964
1.53425e-09,1.797035372605,0.75,0.00296358129829853,0.419283235765229
1.53475e-09,1.79703538301038,0.75,0.00296358132159561,0.419283235802312
1.53525e-09,1.79703539331224,0.75,0.00296358130146326,0.419283235839718
1.53575e-09,1.79703540351162,0.75,0.00296358131887184,0.419283235876154
1.53625e-09,1.79703541360953,0.75,0.00296358130382947,0.419283235912745
1.53675e-09,1.79703542360699,0.75,0.0029635813168381,0.419283235948524
1.53725e-09,1.79703543350499,0.75,0.00296358130559897,0.419283235984334
1.53775e-09,1.79703544330452,0.75,0.00296358131531986,0.419283236019454
1.53825e-09,1.79703545300656,0.75,0.00296358130692261,0.419283236054513
1.53875e-09,1.79703546261208,0.75,0.00296358131418689,0.419283236088974
1.53925e-09,1.79703547212205,0.75,0.00296358130791302,0.419283236123308
1.53975e-09,1.7970354815374,0.75,0.00296358131334168,0.419283236157114
1.54025e-09,1.79703549085909,0.75,0.00296358130865445,0.419283236190745
1.54075e-09,1.79703550008805,0.75,0.0029635813127115,0.419283236223901
1.54125e-09,1.7970355092252,0.75,0.00296358130920981,0.419283236256849
1.54175e-09,1.79703551827144,0.75,0.00296358131224196,0.419283236289364
1.54225e-09,1.79703552722769,0.75,0.00296358130962609,0.419283236321646
1.54275e-09,1.79703553609484,0.75,0.00296358131189239,0.419283236353529
1.54325e-09,1.79703554487378,0.75,0.00296358130993845,0.419283236385162
1.54375e-09,1.79703555356539,0.75,0.0029635813116325,0.419283236416422
1.54425e-09,1.79703556217053,0.75,0.00296358131017312,0.419283236447422
1.54475e-09,1.79703557069006,0.75,0.00296358131143954,0.419283236478069
1.54525e-09,1.79703557912484,0.75,0.00296358131034971,0.41928323650845
1.54575e-09,1.7970355874757,0.75,0.00296358131129659,0.419283236538495
1.54625e-09,1.79703559574349,0.75,0.00296358131048287,0.41928323656827
1.54675e-09,1.79703560392904,0.75,0.00296358131119099,0.419283236597725
1.54725e-09,1.79703561203314,0.75,0.00296358131058356,0.419283236626907
1.54775e-09,1.79703562005663,0.75,0.00296358131111329,0.41928323665578
1.54825e-09,1.7970356280003,0.75,0.00296358131065996,0.419283236684383
1.54875e-09,1.79703563586494,0.75,0.00296358131105637,0.419283236712688
1.54925e-09,1.79703564365134,0.75,0.00296358131071821,0.419283236740722
1.54975e-09,1.79703565136028,0.75,0.00296358131101498,0.419283236768467
1.55025e-09,1.79703565899253,0.75,0.00296358131076286,0.419283236795945
1.55075e-09,1.79703566654886,0.75,0.00296358131098515,0.419283236823142
1.55125e-09,1.79703567403001,0.75,0.00296358131079733,0.419283236850075
1.55175e-09,1.79703568143673,0.75,0.00296358131096397,0.419283236876735
1.55225e-09,1.79703568876977,0.75,0.00296358131082415,0.419283236903134
1.55275e-09,1.79703569602987,0.75,0.00296358131094921,0.419283236929266
1.55325e-09,1.79703570321773,0.75,0.00296358131084527,0.419283236955142
1.55375e-09,1.79703571033409,0.75,0.00296358131093924,0.419283236980757
1.55425e-09,1.79703571737965,0.75,0.00296358131086206,0.419283237006121
1.55475e-09,1.79703572435513,0.75,0.0029635813109328,0.419283237031229
1.55525e-09,1.79703573126121,0.75,0.00296358131087563,0.41928323705609
1.55575e-09,1.79703573809858,0.75,0.00296358131092902,0.419283237080702
1.55625e-09,1.79703574486794,0.75,0.00296358131088681,0.419283237105071
1.55675e-09,1.79703575156995,0.75,0.00296358131092716,0.419283237129195
1.55725e-09,1.79703575820529,0.75,0.00296358131089611,0.419283237153081
1.55775e-09,1.79703576477462,0.75,0.00296358131092674,0.419283237176729
1.55825e-09,1.7970357712786,0.75,0.00296358131090402,0.419283237200141
1.55875e-09,1.79703577771787,0.75,0.00296358131092739,0.419283237223321
1.55925e-09,1.79703578409309,0.75,0.00296358131091087,0.41928323724627
1.55974999999999e-09,1.79703579040488,0.75,0.00296358131092879,0.41928323726899
1.56025e-09,1.79703579665388,0.75,0.00296358131091691,0.419283237291485
1.56075e-09,1.79703580284071,0.75,0.00296358131093075,0.419283237313756
1.56124999999999e-09,1.79703580896599,0.75,0.00296358131092235,0.419283237335805
1.56174999999999e-09,1.79703581503034,0.75,0.00296358131093312,0.419283237357635
1.56225e-09,1.79703582103436,0.75,0.00296358131092725,0.419283237379247
1.56275e-09,1.79703582697865,0.75,0.00296358131093575,0.419283237400645
1.56324999999999e-09,1.79703583286381,0.75,0.00296358131093182,0.41928323742183
1.56374999999999e-09,1.79703583869041,0.75,0.00296358131093857,0.419283237442804
1.56425e-09,1.79703584445906,0.75,0.00296358131093608,0.41928323746357
1.56475e-09,1.79703585017031,0.75,0.00296358131094155,0.419283237484129
1.56524999999999e-09,1.79703585582475,0.75,0.00296358131094007,0.419283237504484
1.56574999999999e-09,1.79703586142294,0.75,0.0029635813109446,0.419283237524635
1.56625e-09,1.79703586696543,0.75,0.00296358131094388,0.419283237544587
1.56675e-09,1.79703587245279,0.75,0.00296358131094768,0.41928323756434
1.56724999999999e-09,1.79703587788555,0.75,0.00296358131094755,0.419283237583897
1.56774999999999e-09,1.79703588326427,0.75,0.00296358131095076,0.419283237603259
1.56824999999999e-09,1.79703588858949,0.75,0.00296358131095108,0.419283237622428
1.56874999999999e-09,1.79703589386172,0.75,0.00296358131095386,0.419283237641406
1.56924999999999e-09,1.79703589908151,0.75,0.00296358131095446,0.419283237660196
1.56974999999999e-09,1.79703590424936,0.75,0.00296358131095694,0.419283237678799
1.57024999999999e-09,1.79703590936581,0.75,0.00296358131095775,0.419283237697216
1.57074999999999e-09,1.79703591443136,0.75,0.00296358131095995,0.41928323771545
1.57124999999999e-09,1.79703591944651,0.75,0.00296358131096095,0.419283237733504
1.57174999999999e-09,1.79703592441177,0.75,0.00296358131096296,0.419283237751377
1.57224999999999e-09,1.79703592932764,0.75,0.00296358131096406,0.419283237769074
1.57274999999999e-09,1.7970359341946,0.75,0.00296358131096593,0.419283237786593
1.57324999999999e-09,1.79703593901314,0.75,0.0029635813109671,0.419283237803938
1.57374999999999e-09,1.79703594378375,0.75,0.00296358131096883,0.419283237821111
1.57424999999999e-09,1.7970359485069,0.75,0.00296358131097007,0.419283237838113
1.57474999999999e-09,1.79703595318306,0.75,0.0029635813109717,0.419283237854945
1.57524999999999e-09,1.7970359578127,0.75,0.00296358131097298,0.419283237871611
1.57574999999999e-09,1.79703596239629,0.75,0.00296358131097451,0.419283237888111
1.57624999999999e-09,1.79703596693427,0.75,0.00296358131097581,0.419283237904447
1.57674999999999e-09,1.79703597142711,0.75,0.00296358131097727,0.41928323792062
1.57724999999999e-09,1.79703597587526,0.75,0.00296358131097859,0.419283237936632
1.57774999999999e-09,1.79703598027915,0.75,0.00296358131098,0.419283237952484
1.57824999999999e-09,1.79703598463923,0.75,0.00296358131098127,0.419283237968179
1.57874999999999e-09,1.79703598895594,0.75,0.0029635813109827,0.419283237983718
1.57924999999999e-09,1.79703599322971,0.75,0.00296358131098394,0.419283237999102
1.57974999999999e-09,1.79703599746095,0.75,0.00296358131098528,0.419283238014333
1.58024999999999e-09,1.79703600165011,0.75,0.00296358131098654,0.419283238029413
1.58074999999999e-09,1.79703600579759,0.75,0.00296358131098787,0.419283238044343
1.58124999999999e-09,1.7970360099038,0.75,0.00296358131098911,0.419283238059125
1.58174999999999e-09,1.79703601396917,0.75,0.00296358131099036,0.419283238073759
1.58224999999999e-09,1.7970360179941,0.75,0.00296358131099161,0.419283238088248
1.58274999999999e-09,1.79703602197898,0.75,0.00296358131099283,0.419283238102592
1.58324999999999e-09,1.79703602592423,0.75,0.00296358131099406,0.419283238116794
1.58374999999999e-09,1.79703602983022,0.75,0.00296358131099527,0.419283238130854
1.58424999999999e-09,1.79703603369736,0.75,0.00296358131099647,0.419283238144775
1.58474999999999e-09,1.79703603752602,0.75,0.00296358131099763,0.419283238158557
1.58524999999999e-09,1.7970360413166,0.75,0.00296358131099881,0.419283238172202
1.58574999999999e-09,1.79703604506946,0.75,0.00296358131099995,0.419283238185711
1.58624999999999e-09,1.797036048785,0.75,0.0029635813110011,0.419283238199086
1.58674999999999e-09,1.79703605246357,0.75,0.00296358131100225,0.419283238212328
1.58724999999999e-09,1.79703605610554,0.75,0.00296358131100338,0.419283238225438
1.58774999999999e-09,1.79703605971128,0.75,0.00296358131100447,0.419283238238418
1.58824999999999e-09,1.79703606328116,0.75,0.00296358131100559,0.419283238251269
1.58874999999999e-09,1.79703606681551,0.75,0.00296358131100667,0.419283238263991
1.58924999999999e-09,1.79703607031471,0.75,0.00296358131100778,0.419283238276587
1.58974999999999e-09,1.7970360737791,0.75,0.00296358131100882,0.419283238289058
1.59024999999999e-09,1.79703607720902,0.75,0.0029635813110099,0.419283238301405
1.59074999999999e-09,1.79703608060482,0.75,0.00296358131101092,0.419283238313629
1.59124999999999e-09,1.79703608396684,0.75,0.00296358131101197,0.419283238325731
1.59174999999999e-09,1.79703608729541,0.75,0.00296358131101298,0.419283238337712
1.59224999999999e-09,1.79703609059087,0.75,0.00296358131101401,0.419283238349575
1.59274999999999e-09,1.79703609385355,0.75,0.00296358131101502,0.41928323836132
1.59324999999999e-09,1.79703609708376,0.75,0.00296358131101601,0.419283238372948
1.59374999999999e-09,1.79703610028184,0.75,0.002963581311017,0.41928323838446
1.59424999999999e-09,1.79703610344811,0.75,0.00296358131101797,0.419283238395858
1.59474999999999e-09,1.79703610658288,0.75,0.00296358131101893,0.419283238407142
1.59524999999999e-09,1.79703610968646,0.75,0.00296358131101991,0.419283238418314
1.59574999999999e-09,1.79703611275917,0.75,0.00296358131102084,0.419283238429375
1.59624999999999e-09,1.79703611580131,0.75,0.00296358131102179,0.419283238440326
1.59674999999999e-09,1.79703611881318,0.75,0.00296358131102271,0.419283238451168
1.59724999999999e-09,1.79703612179509,0.75,0.00296358131102364,0.419283238461902
1.59774999999999e-09,1.79703612474734,0.75,0.00296358131102454,0.419283238472529
1.59824999999999e-09,1.79703612767021,0.75,0.00296358131102546,0.419283238483051
1.59874999999999e-09,1.79703613056401,0.75,0.00296358131102632,0.419283238493468
1.59924999999999e-09,1.79703613342903,0.75,0.00296358131102723,0.419283238503781
1.59974999999999e-09,1.79703613626553,0.75,0.00296358131102811,0.419283238513991
1.60024999999999e-09,1.79703613907382,0.75,0.00296358131102899,0.4192832385241
1.60074999999999e-09,1.79703614185418,0.75,0.00296358131102982,0.419283238534109
1.60124999999999e-09,1.79703614460687,0.75,0.00296358131103067,0.419283238544018
1.60174999999999e-09,1.79703614733218,0.75,0.00296358131103152,0.419283238553828
1.60224999999999e-09,1.79703615003038,0.75,0.00296358131103233,0.419283238563541
1.60274999999999e-09,1.79703615270173,0.75,0.00296358131103318,0.419283238573157
1.60324999999999e-09,1.79703615534651,0.75,0.00296358131103398,0.419283238582677
1.60374999999999e-09,1.79703615796498,0.75,0.00296358131103482,0.419283238592103
1.60424999999999e-09,1.7970361605574,0.75,0.00296358131103558,0.419283238601436
1.60474999999999e-09,1.79703616312403,0.75,0.0029635813110364,0.419283238610675
1.60524999999999e-09,1.79703616566513,0.75,0.00296358131103715,0.419283238619822
1.60574999999999e-09,1.79703616818094,0.75,0.00296358131103798,0.419283238628878
1.60624999999999e-09,1.79703617067173,0.75,0.0029635813110387,0.419283238637844
1.60674999999999e-09,1.79703617313774,0.75,0.00296358131103949,0.419283238646721
1.60724999999999e-09,1.79703617557922,0.75,0.00296358131104022,0.419283238655509
1.60774999999999e-09,1.79703617799641,0.75,0.00296358131104099,0.419283238664211
1.60824999999999e-09,1.79703618038955,0.75,0.00296358131104171,0.419283238672825
1.60874999999999e-09,1.79703618275888,0.75,0.00296358131104245,0.419283238681354
1.60924999999999e-09,1.79703618510465,0.75,0.00296358131104318,0.419283238689798
1.60974999999999e-09,1.79703618742707,0.75,0.00296358131104385,0.419283238698158
1.61024999999999e-09,1.7970361897264,0.75,0.00296358131104462,0.419283238706436
1.61074999999999e-09,1.79703619200285,0.75,0.00296358131104527,0.41928323871463
1.61124999999999e-09,1.79703619425665,0.75,0.00296358131104602,0.419283238722743
1.61174999999999e-09,1.79703619648803,0.75,0.00296358131104667,0.419283238730776
1.61224999999999e-09,1.79703619869721,0.75,0.00296358131104737,0.419283238738728
1.61274999999999e-09,1.79703620088442,0.75,0.00296358131104804,0.419283238746601
1.61324999999999e-09,1.79703620304986,0.75,0.00296358131104873,0.419283238754396
1.61374999999999e-09,1.79703620519377,0.75,0.00296358131104935,0.419283238762113
1.61424999999999e-09,1.79703620731634,0.75,0.00296358131105002,0.419283238769754
1.61474999999999e-09,1.7970362094178,0.75,0.00296358131105067,0.419283238777319
1.61524999999999e-09,1.79703621149836,0.75,0.00296358131105134,0.419283238784809
1.61574999999999e-09,1.79703621355821,0.75,0.00296358131105196,0.419283238792223
1.61624999999999e-09,1.79703621559758,0.75,0.00296358131105258,0.419283238799564
1.61674999999999e-09,1.79703621761665,0.75,0.00296358131105318,0.419283238806832
1.61724999999999e-09,1.79703621961564,0.75,0.00296358131105386,0.419283238814028
1.61774999999999e-09,1.79703622159475,0.75,0.00296358131105442,0.419283238821152
1.61824999999999e-09,1.79703622355416,0.75,0.00296358131105506,0.419283238828205
1.61874999999999e-09,1.79703622549408,0.75,0.00296358131105561,0.419283238835189
1.61924999999999e-09,1.79703622741471,0.75,0.00296358131105622,0.419283238842102
1.61974999999999e-09,1.79703622931622,0.75,0.0029635813110568,0.419283238848947
1.62024999999999e-09,1.79703623119882,0.75,0.0029635813110574,0.419283238855724
1.62074999999999e-09,1.79703623306269,0.75,0.00296358131105798,0.419283238862434
1.62124999999999e-09,1.79703623490802,0.75,0.00296358131105854,0.419283238869076
1.62174999999999e-09,1.79703623673499,0.75,0.00296358131105911,0.419283238875653
1.62224999999999e-09,1.79703623854379,0.75,0.00296358131105967,0.419283238882164
1.62274999999999e-09,1.79703624033459,0.75,0.00296358131106024,0.419283238888611
1.62324999999999e-09,1.79703624210757,0.75,0.00296358131106077,0.419283238894993
1.62374999999999e-09,1.79703624386292,0.75,0.00296358131106131,0.419283238901312
1.62424999999999e-09,1.79703624560081,0.75,0.00296358131106183,0.419283238907568
1.62474999999999e-09,1.79703624732141,0.75,0.00296358131106237,0.419283238913761
1.62524999999999e-09,1.79703624902489,0.75,0.00296358131106289,0.419283238919893
1.62574999999999e-09,1.79703625071142,0.75,0.0029635813110634,0.419283238925964
1.62624999999999e-09,1.79703625238117,0.75,0.00296358131106394,0.419283238931975
1.62674999999999e-09,1.79703625403432,0.75,0.00296358131106442,0.419283238937926
1.62724999999999e-09,1.79703625567101,0.75,0.00296358131106497,0.419283238943818
1.62774999999999e-09,1.79703625729143,0.75,0.00296358131106544,0.419283238949651
1.62824999999999e-09,1.79703625889573,0.75,0.00296358131106594,0.419283238955426
1.62874999999999e-09,1.79703626048406,0.75,0.00296358131106645,0.419283238961143
1.62924999999999e-09,1.79703626205659,0.75,0.00296358131106691,0.419283238966804
1.62974999999999e-09,1.79703626361349,0.75,0.0029635813110674,0.419283238972408
1.63024999999999e-09,1.79703626515489,0.75,0.00296358131106788,0.419283238977957
1.63074999999999e-09,1.79703626668095,0.75,0.00296358131106834,0.41928323898345
1.63124999999999e-09,1.79703626819184,0.75,0.00296358131106882,0.419283238988889
1.63174999999999e-09,1.7970362696877,0.75,0.00296358131106925,0.419283238994273
1.63224999999999e-09,1.79703627116867,0.75,0.00296358131106972,0.419283238999604
1.63274999999999e-09,1.79703627263491,0.75,0.00296358131107018,0.419283239004882
1.63324999999999e-09,1.79703627408657,0.75,0.00296358131107063,0.419283239010108
1.63374999999999e-09,1.79703627552378,0.75,0.00296358131107109,0.419283239015282
1.63424999999999e-09,1.7970362769467,0.75,0.00296358131107151,0.419283239020403
1.63474999999999e-09,1.79703627835546,0.75,0.00296358131107195,0.419283239025474
1.63524999999999e-09,1.7970362797502,0.75,0.00296358131107238,0.419283239030495
1.63574999999999e-09,1.79703628113107,0.75,0.00296358131107281,0.419283239035466
1.63624999999999e-09,1.7970362824982,0.75,0.00296358131107323,0.419283239040387
1.63674999999999e-09,1.79703628385174,0.75,0.00296358131107362,0.419283239045259
1.63724999999999e-09,1.7970362851918,0.75,0.00296358131107406,0.419283239050084
1.63774999999999e-09,1.79703628651854,0.75,0.00296358131107447,0.419283239054859
1.63824999999999e-09,1.79703628783207,0.75,0.00296358131107486,0.419283239059588
1.63874999999999e-09,1.79703628913254,0.75,0.00296358131107527,0.419283239064269
1.63924999999999e-09,1.79703629042007,0.75,0.00296358131107566,0.419283239068904
1.63974999999999e-09,1.7970362916948,0.75,0.00296358131107604,0.419283239073493
1.64024999999999e-09,1.79703629295684,0.75,0.00296358131107646,0.419283239078036
1.64074999999999e-09,1.79703629420632,0.75,0.00296358131107683,0.419283239082534
1.64124999999999e-09,1.79703629544338,0.75,0.00296358131107724,0.419283239086987
1.64174999999999e-09,1.79703629666813,0.75,0.0029635813110776,0.419283239091396
1.64224999999999e-09,1.7970362978807,0.75,0.00296358131107798,0.419283239095761
1.64274999999999e-09,1.7970362990812,0.75,0.00296358131107832,0.419283239100082
1.64324999999999e-09,1.79703630026976,0.75,0.00296358131107871,0.419283239104361
1.64374999999999e-09,1.79703630144649,0.75,0.00296358131107906,0.419283239108597
1.64424999999999e-09,1.79703630261152,0.75,0.00296358131107945,0.419283239112791
1.64474999999999e-09,1.79703630376496,0.75,0.00296358131107979,0.419283239116942
1.64524999999999e-09,1.79703630490693,0.75,0.00296358131108014,0.419283239121053
1.64574999999999e-09,1.79703630603753,0.75,0.00296358131108047,0.419283239125123
1.64624999999999e-09,1.79703630715688,0.75,0.00296358131108081,0.419283239129152
1.64674999999999e-09,1.79703630826511,0.75,0.00296358131108118,0.419283239133141
1.64724999999999e-09,1.7970363093623,0.75,0.00296358131108151,0.419283239137091
1.64774999999999e-09,1.79703631044858,0.75,0.00296358131108184,0.419283239141001
1.64824999999999e-09,1.79703631152406,0.75,0.00296358131108217,0.419283239144872
1.64874999999999e-09,1.79703631258883,0.75,0.00296358131108252,0.419283239148705
1.64924999999999e-09,1.79703631364302,0.75,0.00296358131108282,0.4192832391525
1.64974999999999e-09,1.79703631468671,0.75,0.00296358131108316,0.419283239156257
1.65024999999999e-09,1.79703631572002,0.75,0.00296358131108348,0.419283239159977
1.65074999999999e-09,1.79703631674305,0.75,0.00296358131108377,0.419283239163659
1.65124999999999e-09,1.79703631775591,0.75,0.00296358131108411,0.419283239167305
1.65174999999999e-09,1.79703631875869,0.75,0.00296358131108441,0.419283239170915
1.65224999999999e-09,1.79703631975149,0.75,0.00296358131108474,0.41928323917449
1.65274999999999e-09,1.79703632073442,0.75,0.00296358131108499,0.419283239178028
1.65324999999998e-09,1.79703632170757,0.75,0.00296358131108531,0.419283239181531
1.65374999999998e-09,1.79703632267103,0.75,0.00296358131108562,0.419283239184999
1.65424999999999e-09,1.79703632362491,0.75,0.00296358131108592,0.419283239188433
1.65474999999999e-09,1.79703632456931,0.75,0.00296358131108619,0.419283239191832
1.65524999999998e-09,1.7970363255043,0.75,0.00296358131108649,0.419283239195198
1.65574999999998e-09,1.79703632643,0.75,0.00296358131108678,0.41928323919853
1.65624999999999e-09,1.79703632734649,0.75,0.00296358131108707,0.419283239201829
1.65674999999998e-09,1.79703632825386,0.75,0.00296358131108733,0.419283239205095
1.65724999999998e-09,1.7970363291522,0.75,0.00296358131108763,0.419283239208329
1.65774999999999e-09,1.79703633004161,0.75,0.00296358131108792,0.419283239211531
1.65824999999999e-09,1.79703633092217,0.75,0.00296358131108816,0.419283239214701
1.65874999999998e-09,1.79703633179396,0.75,0.00296358131108846,0.419283239217839
1.65924999999998e-09,1.79703633265709,0.75,0.00296358131108866,0.419283239220946
1.65974999999999e-09,1.79703633351163,0.75,0.00296358131108897,0.419283239224022
1.66024999999999e-09,1.79703633435766,0.75,0.00296358131108921,0.419283239227067
1.66074999999998e-09,1.79703633519528,0.75,0.00296358131108947,0.419283239230082
1.66124999999998e-09,1.79703633602457,0.75,0.0029635813110897,0.419283239233067
1.66174999999998e-09,1.79703633684561,0.75,0.00296358131109,0.419283239236023
1.66224999999998e-09,1.79703633765848,0.75,0.00296358131109024,0.419283239238949
1.66274999999998e-09,1.79703633846326,0.75,0.00296358131109049,0.419283239241846
1.66324999999998e-09,1.79703633926004,0.75,0.00296358131109074,0.419283239244714
1.66374999999998e-09,1.79703634004889,0.75,0.00296358131109097,0.419283239247554
1.66424999999998e-09,1.79703634082989,0.75,0.00296358131109124,0.419283239250365
1.66474999999998e-09,1.79703634160312,0.75,0.00296358131109145,0.419283239253149
1.66524999999998e-09,1.79703634236867,0.75,0.0029635813110917,0.419283239255905
1.66574999999998e-09,1.79703634312659,0.75,0.00296358131109191,0.419283239258633
1.66624999999998e-09,1.79703634387698,0.75,0.00296358131109216,0.419283239261334
1.66674999999998e-09,1.7970363446199,0.75,0.00296358131109239,0.419283239264009
1.66724999999998e-09,1.79703634535543,0.75,0.00296358131109262,0.419283239266656
1.66774999999998e-09,1.79703634608364,0.75,0.00296358131109285,0.419283239269278
1.66824999999998e-09,1.79703634680461,0.75,0.00296358131109307,0.419283239271873
1.66874999999998e-09,1.7970363475184,0.75,0.0029635813110933,0.419283239274442
1.66924999999998e-09,1.7970363482251,0.75,0.00296358131109349,0.419283239276986
1.66974999999998e-09,1.79703634892476,0.75,0.00296358131109372,0.419283239279505
1.67024999999998e-09,1.79703634961746,0.75,0.00296358131109393,0.419283239281998
1.67074999999998e-09,1.79703635030328,0.75,0.00296358131109415,0.419283239284467
1.67124999999998e-09,1.79703635098227,0.75,0.00296358131109436,0.419283239286911
1.67174999999998e-09,1.7970363516545,0.75,0.00296358131109457,0.419283239289331
1.67224999999998e-09,1.79703635232005,0.75,0.00296358131109476,0.419283239291727
1.67274999999998e-09,1.79703635297897,0.75,0.00296358131109497,0.419283239294099
1.67324999999998e-09,1.79703635363134,0.75,0.00296358131109519,0.419283239296447
1.67374999999998e-09,1.79703635427723,0.75,0.00296358131109536,0.419283239298772
1.67424999999998e-09,1.79703635491668,0.75,0.00296358131109557,0.419283239301073
1.67474999999998e-09,1.79703635554978,0.75,0.00296358131109578,0.419283239303352
1.67524999999998e-09,1.79703635617657,0.75,0.00296358131109594,0.419283239305609
1.67574999999998e-09,1.79703635679713,0.75,0.00296358131109616,0.419283239307843
1.67624999999998e-09,1.79703635741152,0.75,0.00296358131109632,0.419283239310055
1.67674999999998e-09,1.79703635801979,0.75,0.00296358131109652,0.419283239312244
1.67724999999998e-09,1.79703635862202,0.75,0.00296358131109672,0.419283239314412
1.67774999999998e-09,1.79703635921825,0.75,0.00296358131109689,0.419283239316558
1.67824999999998e-09,1.79703635980855,0.75,0.00296358131109707,0.419283239318683
1.67874999999998e-09,1.79703636039298,0.75,0.00296358131109726,0.419283239320787
1.67924999999998e-09,1.79703636097159,0.75,0.00296358131109744,0.419283239322869
1.67974999999998e-09,1.79703636154445,0.75,0.00296358131109763,0.419283239324932
1.68024999999998e-09,1.79703636211161,0.75,0.0029635813110978,0.419283239326973
1.68074999999998e-09,1.79703636267313,0.75,0.00296358131109795,0.419283239328995
1.68124999999998e-09,1.79703636322906,0.75,0.00296358131109814,0.419283239330996
1.68174999999998e-09,1.79703636377946,0.75,0.00296358131109827,0.419283239332977
1.68224999999998e-09,1.79703636432439,0.75,0.00296358131109848,0.419283239334939
1.68274999999998e-09,1.79703636486389,0.75,0.00296358131109862,0.41928323933688
1.68324999999998e-09,1.79703636539803,0.75,0.00296358131109882,0.419283239338803
1.68374999999998e-09,1.79703636592685,0.75,0.00296358131109896,0.419283239340707
1.68424999999998e-09,1.79703636645042,0.75,0.00296358131109912,0.419283239342592
1.68474999999998e-09,1.79703636696877,0.75,0.00296358131109929,0.419283239344458
1.68524999999998e-09,1.79703636748197,0.75,0.00296358131109945,0.419283239346305
1.68574999999998e-09,1.79703636799006,0.75,0.00296358131109958,0.419283239348134
1.68624999999998e-09,1.7970363684931,0.75,0.00296358131109977,0.419283239349945
1.68674999999998e-09,1.79703636899113,0.75,0.00296358131109989,0.419283239351737
1.68724999999998e-09,1.79703636948421,0.75,0.00296358131110006,0.419283239353512
1.68774999999998e-09,1.79703636997238,0.75,0.00296358131110022,0.41928323935527
1.68824999999998e-09,1.7970363704557,0.75,0.00296358131110035,0.41928323935701
1.68874999999998e-09,1.79703637093421,0.75,0.00296358131110051,0.419283239358732
1.68924999999998e-09,1.79703637140795,0.75,0.00296358131110067,0.419283239360437
1.68974999999998e-09,1.79703637187699,0.75,0.00296358131110079,0.419283239362126
1.69024999999998e-09,1.79703637234136,0.75,0.00296358131110094,0.419283239363798
1.69074999999998e-09,1.79703637280111,0.75,0.00296358131110108,0.419283239365453
1.69124999999998e-09,1.79703637325628,0.75,0.00296358131110123,0.419283239367091
1.69174999999998e-09,1.79703637370693,0.75,0.00296358131110136,0.419283239368714
1.69224999999998e-09,1.79703637415309,0.75,0.00296358131110151,0.41928323937032
1.69274999999998e-09,1.79703637459482,0.75,0.00296358131110163,0.41928323937191
1.69324999999998e-09,1.79703637503215,0.75,0.00296358131110177,0.419283239373484
1.69374999999998e-09,1.79703637546513,0.75,0.00296358131110189,0.419283239375042
1.69424999999998e-09,1.7970363758938,0.75,0.00296358131110203,0.419283239376586
1.69474999999998e-09,1.79703637631821,0.75,0.00296358131110215,0.419283239378114
1.69524999999998e-09,1.7970363767384,0.75,0.00296358131110231,0.419283239379626
1.69574999999998e-09,1.79703637715441,0.75,0.00296358131110242,0.419283239381123
1.69624999999998e-09,1.79703637756627,0.75,0.00296358131110258,0.419283239382606
1.69674999999998e-09,1.79703637797404,0.75,0.00296358131110266,0.419283239384074
1.69724999999998e-09,1.79703637837776,0.75,0.0029635813111028,0.419283239385527
1.69774999999998e-09,1.79703637877746,0.75,0.00296358131110293,0.419283239386966
1.69824999999998e-09,1.79703637917318,0.75,0.00296358131110307,0.419283239388391
1.69874999999998e-09,1.79703637956496,0.75,0.00296358131110316,0.419283239389801
1.69924999999998e-09,1.79703637995285,0.75,0.00296358131110328,0.419283239391197
1.69974999999998e-09,1.79703638033688,0.75,0.0029635813111034,0.41928323939258
1.70024999999998e-09,1.79703638071709,0.75,0.00296358131110353,0.419283239393949
1.70074999999998e-09,1.79703638109351,0.75,0.00296358131110362,0.419283239395304
1.70124999999998e-09,1.79703638146619,0.75,0.00296358131110376,0.419283239396645
1.70174999999998e-09,1.79703638183517,0.75,0.00296358131110385,0.419283239397973
1.70224999999998e-09,1.79703638220047,0.75,0.00296358131110399,0.419283239399288
1.70274999999998e-09,1.79703638256214,0.75,0.00296358131110407,0.41928323940059
1.70324999999998e-09,1.79703638292021,0.75,0.0029635813111042,0.419283239401879
1.70374999999998e-09,1.79703638327472,0.75,0.00296358131110431,0.419283239403155
1.70424999999998e-09,1.7970363836257,0.75,0.00296358131110442,0.419283239404418
1.70474999999998e-09,1.79703638397319,0.75,0.00296358131110453,0.419283239405669
1.70524999999998e-09,1.79703638431723,0.75,0.00296358131110462,0.419283239406907
1.70574999999998e-09,1.79703638465783,0.75,0.00296358131110473,0.419283239408134
1.70624999999998e-09,1.79703638499506,0.75,0.00296358131110484,0.419283239409348
1.70674999999998e-09,1.79703638532893,0.75,0.00296358131110495,0.41928323941055
1.70724999999998e-09,1.79703638565947,0.75,0.00296358131110505,0.41928323941174
1.70774999999998e-09,1.79703638598673,0.75,0.00296358131110514,0.419283239412918
1.70824999999998e-09,1.79703638631073,0.75,0.00296358131110526,0.419283239414085
1.70874999999998e-09,1.79703638663151,0.75,0.00296358131110534,0.419283239415239
1.70924999999998e-09,1.7970363869491,0.75,0.00296358131110544,0.419283239416382
1.70974999999998e-09,1.79703638726353,0.75,0.00296358131110554,0.419283239417514
1.71024999999998e-09,1.79703638757483,0.75,0.00296358131110564,0.419283239418635
1.71074999999998e-09,1.79703638788303,0.75,0.00296358131110574,0.419283239419744
1.71124999999998e-09,1.79703638818817,0.75,0.00296358131110583,0.419283239420843
1.71174999999998e-09,1.79703638849027,0.75,0.00296358131110593,0.41928323942193
1.71224999999998e-09,1.79703638878937,0.75,0.00296358131110604,0.419283239423006
1.71274999999998e-09,1.79703638908549,0.75,0.00296358131110611,0.419283239424073
1.71324999999998e-09,1.79703638937866,0.75,0.0029635813111062,0.419283239425128
1.71374999999998e-09,1.79703638966892,0.75,0.00296358131110631,0.419283239426173
1.71424999999998e-09,1.79703638995629,0.75,0.00296358131110637,0.419283239427207
1.71474999999998e-09,1.7970363902408,0.75,0.00296358131110646,0.419283239428231
1.71524999999998e-09,1.79703639052248,0.75,0.00296358131110653,0.419283239429245
1.71574999999998e-09,1.79703639080136,0.75,0.00296358131110665,0.419283239430249
1.71624999999998e-09,1.79703639107746,0.75,0.00296358131110671,0.419283239431243
1.71674999999998e-09,1.79703639135082,0.75,0.00296358131110682,0.419283239432227
1.71724999999998e-09,1.79703639162146,0.75,0.00296358131110688,0.419283239433201
1.71774999999998e-09,1.79703639188941,0.75,0.00296358131110698,0.419283239434166
1.71824999999998e-09,1.79703639215469,0.75,0.00296358131110704,0.419283239435121
1.71874999999998e-09,1.79703639241733,0.75,0.00296358131110714,0.419283239436066
1.71924999999998e-09,1.79703639267736,0.75,0.00296358131110721,0.419283239437002
1.71974999999998e-09,1.7970363929348,0.75,0.00296358131110729,0.419283239437929
1.72024999999998e-09,1.79703639318968,0.75,0.00296358131110738,0.419283239438846
1.72074999999998e-09,1.79703639344202,0.75,0.00296358131110745,0.419283239439754
1.72124999999998e-09,1.79703639369186,0.75,0.00296358131110752,0.419283239440654
1.72174999999998e-09,1.79703639393921,0.75,0.00296358131110762,0.419283239441544
1.72224999999998e-09,1.7970363941841,0.75,0.00296358131110768,0.419283239442426
1.72274999999998e-09,1.79703639442655,0.75,0.00296358131110775,0.419283239443298
1.72324999999998e-09,1.79703639466659,0.75,0.00296358131110782,0.419283239444163
1.72374999999998e-09,1.79703639490424,0.75,0.00296358131110792,0.419283239445018
1.72424999999998e-09,1.79703639513953,0.75,0.00296358131110797,0.419283239445865
1.72474999999998e-09,1.79703639537248,0.75,0.00296358131110805,0.419283239446703
1.72524999999998e-09,1.79703639560311,0.75,0.00296358131110813,0.419283239447533
1.72574999999998e-09,1.79703639583144,0.75,0.00296358131110819,0.419283239448355
1.72624999999998e-09,1.79703639605751,0.75,0.00296358131110826,0.41928323944917
1.72674999999998e-09,1.79703639628132,0.75,0.00296358131110833,0.419283239449975
1.72724999999998e-09,1.79703639650291,0.75,0.00296358131110839,0.419283239450773
1.72774999999998e-09,1.79703639672229,0.75,0.00296358131110848,0.419283239451562
1.72824999999998e-09,1.7970363969395,0.75,0.00296358131110853,0.419283239452344
1.72874999999998e-09,1.79703639715454,0.75,0.0029635813111086,0.419283239453119
1.72924999999998e-09,1.79703639736744,0.75,0.00296358131110867,0.419283239453885
1.72974999999998e-09,1.79703639757823,0.75,0.00296358131110872,0.419283239454644
1.73024999999998e-09,1.79703639778691,0.75,0.00296358131110878,0.419283239455395
1.73074999999998e-09,1.79703639799352,0.75,0.00296358131110885,0.419283239456139
1.73124999999998e-09,1.79703639819808,0.75,0.00296358131110892,0.419283239456875
1.73174999999998e-09,1.7970363984006,0.75,0.00296358131110898,0.419283239457604
1.73224999999998e-09,1.79703639860111,0.75,0.00296358131110905,0.419283239458325
1.73274999999998e-09,1.79703639879962,0.75,0.0029635813111091,0.41928323945904
1.73324999999998e-09,1.79703639899616,0.75,0.00296358131110915,0.419283239459747
1.73374999999998e-09,1.79703639919074,0.75,0.00296358131110924,0.419283239460448
1.73424999999998e-09,1.79703639938338,0.75,0.00296358131110928,0.419283239461141
1.73474999999998e-09,1.79703639957411,0.75,0.00296358131110934,0.419283239461828
1.73524999999998e-09,1.79703639976294,0.75,0.00296358131110938,0.419283239462508
1.73574999999998e-09,1.7970363999499,0.75,0.00296358131110947,0.419283239463181
1.73624999999998e-09,1.79703640013499,0.75,0.00296358131110951,0.419283239463847
1.73674999999998e-09,1.79703640031824,0.75,0.00296358131110957,0.419283239464507
1.73724999999998e-09,1.79703640049967,0.75,0.0029635813111096,0.41928323946516
1.73774999999998e-09,1.79703640067929,0.75,0.00296358131110971,0.419283239465807
1.73824999999998e-09,1.79703640085713,0.75,0.00296358131110972,0.419283239466447
1.73874999999998e-09,1.7970364010332,0.75,0.0029635813111098,0.419283239467081
1.73924999999998e-09,1.79703640120752,0.75,0.00296358131110983,0.419283239467708
1.73974999999998e-09,1.7970364013801,0.75,0.0029635813111099,0.41928323946833
1.74024999999998e-09,1.79703640155096,0.75,0.00296358131110994,0.419283239468945
1.74074999999998e-09,1.79703640172013,0.75,0.00296358131111001,0.419283239469554
1.74124999999998e-09,1.79703640188761,0.75,0.00296358131111003,0.419283239470156
1.74174999999998e-09,1.79703640205343,0.75,0.00296358131111014,0.419283239470753
1.74224999999998e-09,1.79703640221759,0.75,0.00296358131111015,0.419283239471344
1.74274999999998e-09,1.79703640238013,0.75,0.00296358131111023,0.419283239471929
1.74324999999998e-09,1.79703640254104,0.75,0.00296358131111024,0.419283239472509
1.74374999999998e-09,1.79703640270036,0.75,0.00296358131111032,0.419283239473082
1.74424999999998e-09,1.79703640285809,0.75,0.00296358131111037,0.419283239473649
1.74474999999998e-09,1.79703640301425,0.75,0.00296358131111042,0.419283239474212
1.74524999999998e-09,1.79703640316886,0.75,0.00296358131111044,0.419283239474769
1.74574999999998e-09,1.79703640332193,0.75,0.00296358131111048,0.41928323947532
1.74624999999998e-09,1.79703640347347,0.75,0.00296358131111056,0.419283239475865
1.74674999999997e-09,1.79703640362351,0.75,0.00296358131111059,0.419283239476405
1.74724999999997e-09,1.79703640377206,0.75,0.00296358131111064,0.41928323947694
1.74774999999998e-09,1.79703640391913,0.75,0.00296358131111068,0.419283239477469
1.74824999999998e-09,1.79703640406474,0.75,0.00296358131111072,0.419283239477994
1.74874999999997e-09,1.7970364042089,0.75,0.00296358131111078,0.419283239478512
1.74924999999997e-09,1.79703640435162,0.75,0.0029635813111108,0.419283239479026
1.74974999999998e-09,1.79703640449292,0.75,0.00296358131111086,0.419283239479535
1.75024999999998e-09,1.79703640463282,0.75,0.00296358131111089,0.419283239480038
1.75074999999997e-09,1.79703640477133,0.75,0.00296358131111096,0.419283239480537
1.75124999999997e-09,1.79703640490845,0.75,0.00296358131111099,0.41928323948103
1.75174999999998e-09,1.79703640504422,0.75,0.00296358131111102,0.419283239481519
1.75224999999998e-09,1.79703640517863,0.75,0.00296358131111106,0.419283239482003
1.75274999999997e-09,1.79703640531171,0.75,0.00296358131111112,0.419283239482482
1.75324999999998e-09,1.79703640544346,0.75,0.00296358131111114,0.419283239482956
1.75374999999998e-09,1.7970364055739,0.75,0.00296358131111122,0.419283239483426
1.75424999999997e-09,1.79703640570305,0.75,0.00296358131111121,0.419283239483891
1.75474999999997e-09,1.7970364058309,0.75,0.00296358131111128,0.419283239484351
1.75524999999997e-09,1.79703640595749,0.75,0.0029635813111113,0.419283239484806
1.75574999999997e-09,1.79703640608282,0.75,0.00296358131111136,0.419283239485258
1.75624999999997e-09,1.7970364062069,0.75,0.00296358131111138,0.419283239485705
1.75674999999997e-09,1.79703640632975,0.75,0.00296358131111143,0.419283239486147
1.75724999999997e-09,1.79703640645137,0.75,0.00296358131111145,0.419283239486585
1.75774999999997e-09,1.79703640657179,0.75,0.00296358131111149,0.419283239487018
1.75824999999997e-09,1.797036406691,0.75,0.00296358131111154,0.419283239487447
1.75874999999997e-09,1.79703640680904,0.75,0.00296358131111156,0.419283239487872
1.75924999999997e-09,1.79703640692589,0.75,0.00296358131111159,0.419283239488292
1.75974999999997e-09,1.79703640704159,0.75,0.00296358131111166,0.419283239488709
1.76024999999997e-09,1.79703640715613,0.75,0.00296358131111168,0.419283239489121
1.76074999999997e-09,1.79703640726953,0.75,0.0029635813111117,0.41928323948953
1.76124999999997e-09,1.79703640738181,0.75,0.00296358131111176,0.419283239489934
1.76174999999997e-09,1.79703640749297,0.75,0.00296358131111178,0.419283239490334
1.76224999999997e-09,1.79703640760302,0.75,0.00296358131111181,0.41928323949073
1.76274999999997e-09,1.79703640771198,0.75,0.00296358131111186,0.419283239491122
1.76324999999997e-09,1.79703640781985,0.75,0.00296358131111188,0.41928323949151
1.76374999999997e-09,1.79703640792665,0.75,0.00296358131111191,0.419283239491895
1.76424999999997e-09,1.79703640803239,0.75,0.00296358131111195,0.419283239492275
1.76474999999997e-09,1.79703640813708,0.75,0.00296358131111198,0.419283239492652
1.76524999999997e-09,1.79703640824072,0.75,0.00296358131111202,0.419283239493026
1.76574999999997e-09,1.79703640834333,0.75,0.00296358131111207,0.419283239493395
1.76624999999997e-09,1.79703640844493,0.75,0.00296358131111206,0.419283239493761
1.76674999999997e-09,1.79703640854551,0.75,0.00296358131111209,0.419283239494123
1.76724999999997e-09,1.79703640864509,0.75,0.00296358131111213,0.419283239494481
1.76774999999997e-09,1.79703640874368,0.75,0.00296358131111215,0.419283239494836
1.76824999999997e-09,1.79703640884129,0.75,0.00296358131111219,0.419283239495187
1.76874999999997e-09,1.79703640893793,0.75,0.00296358131111223,0.419283239495535
1.76924999999997e-09,1.79703640903361,0.75,0.00296358131111227,0.41928323949588
1.76974999999997e-09,1.79703640912833,0.75,0.00296358131111231,0.419283239496221
1.77024999999997e-09,1.79703640922212,0.75,0.00296358131111232,0.419283239496558
1.77074999999997e-09,1.79703640931497,0.75,0.00296358131111234,0.419283239496893
1.77124999999997e-09,1.79703640940689,0.75,0.00296358131111237,0.419283239497224
1.77174999999997e-09,1.79703640949791,0.75,0.0029635813111124,0.419283239497552
1.77224999999997e-09,1.79703640958801,0.75,0.00296358131111242,0.419283239497876
1.77274999999997e-09,1.79703640967722,0.75,0.00296358131111247,0.419283239498197
1.77324999999997e-09,1.79703640976555,0.75,0.00296358131111248,0.419283239498514
1.77374999999997e-09,1.79703640985299,0.75,0.00296358131111251,0.419283239498829
1.77424999999997e-09,1.79703640993956,0.75,0.00296358131111254,0.419283239499141
1.77474999999997e-09,1.79703641002528,0.75,0.00296358131111256,0.41928323949945
1.77524999999997e-09,1.79703641011014,0.75,0.00296358131111258,0.419283239499755
1.77574999999997e-09,1.79703641019415,0.75,0.00296358131111263,0.419283239500057
1.77624999999997e-09,1.79703641027733,0.75,0.00296358131111261,0.419283239500357
1.77674999999997e-09,1.79703641035969,0.75,0.00296358131111268,0.419283239500653
1.77724999999997e-09,1.79703641044122,0.75,0.00296358131111266,0.419283239500947
1.77774999999997e-09,1.79703641052194,0.75,0.00296358131111272,0.419283239501238
1.77824999999997e-09,1.79703641060186,0.75,0.00296358131111274,0.419283239501526
1.77874999999997e-09,1.79703641068099,0.75,0.00296358131111277,0.41928323950181
1.77924999999997e-09,1.79703641075932,0.75,0.0029635813111128,0.419283239502092
1.77974999999997e-09,1.79703641083688,0.75,0.00296358131111284,0.419283239502371
1.78024999999997e-09,1.79703641091367,0.75,0.00296358131111283,0.419283239502648
1.78074999999997e-09,1.79703641098969,0.75,0.00296358131111288,0.419283239502921
1.78124999999997e-09,1.79703641106496,0.75,0.00296358131111287,0.419283239503192
1.78174999999997e-09,1.79703641113947,0.75,0.00296358131111291,0.41928323950346
1.78224999999997e-09,1.79703641121325,0.75,0.00296358131111294,0.419283239503726
1.78274999999997e-09,1.79703641128629,0.75,0.00296358131111297,0.419283239503989
1.78324999999997e-09,1.79703641135861,0.75,0.002963581311113,0.419283239504249
1.78374999999997e-09,1.7970364114302,0.75,0.00296358131111301,0.419283239504507
1.78424999999997e-09,1.79703641150109,0.75,0.00296358131111303,0.419283239504762
1.78474999999997e-09,1.79703641157126,0.75,0.00296358131111305,0.419283239505015
1.78524999999997e-09,1.79703641164075,0.75,0.00296358131111306,0.419283239505265
1.78574999999997e-09,1.79703641170953,0.75,0.00296358131111309,0.419283239505512
1.78624999999997e-09,1.79703641177764,0.75,0.0029635813111131,0.419283239505757
1.78674999999997e-09,1.79703641184507,0.75,0.00296358131111312,0.419283239506
1.78724999999997e-09,1.79703641191182,0.75,0.00296358131111314,0.41928323950624
1.78774999999997e-09,1.79703641197791,0.75,0.00296358131111318,0.419283239506478
1.78824999999997e-09,1.79703641204335,0.75,0.00296358131111318,0.419283239506714
1.78874999999997e-09,1.79703641210813,0.75,0.00296358131111322,0.419283239506947
1.78924999999997e-09,1.79703641217227,0.75,0.0029635813111132,0.419283239507178
1.78974999999997e-09,1.79703641223577,0.75,0.00296358131111326,0.419283239507407
1.79024999999997e-09,1.79703641229865,0.75,0.00296358131111326,0.419283239507633
1.79074999999997e-09,1.79703641236089,0.75,0.00296358131111329,0.419283239507857
1.79124999999997e-09,1.79703641242252,0.75,0.0029635813111133,0.419283239508079
1.79174999999997e-09,1.79703641248353,0.75,0.00296358131111332,0.419283239508298
1.79224999999997e-09,1.79703641254393,0.75,0.00296358131111334,0.419283239508516
1.79274999999997e-09,1.79703641260374,0.75,0.00296358131111335,0.419283239508731
1.79324999999997e-09,1.79703641266294,0.75,0.00296358131111337,0.419283239508944
1.79374999999997e-09,1.79703641272156,0.75,0.00296358131111341,0.419283239509155
1.79424999999997e-09,1.7970364127796,0.75,0.00296358131111342,0.419283239509364
1.79474999999997e-09,1.79703641283706,0.75,0.00296358131111344,0.419283239509571
1.79524999999997e-09,1.79703641289395,0.75,0.00296358131111345,0.419283239509776
1.79574999999997e-09,1.79703641295027,0.75,0.00296358131111346,0.419283239509979
1.79624999999997e-09,1.79703641300603,0.75,0.00296358131111349,0.41928323951018
1.79674999999997e-09,1.79703641306124,0.75,0.0029635813111135,0.419283239510378
1.79724999999997e-09,1.7970364131159,0.75,0.00296358131111351,0.419283239510575
1.79774999999997e-09,1.79703641317001,0.75,0.00296358131111355,0.41928323951077
1.79824999999997e-09,1.79703641322359,0.75,0.00296358131111354,0.419283239510963
1.79874999999997e-09,1.79703641327663,0.75,0.00296358131111357,0.419283239511154
1.79924999999997e-09,1.79703641332914,0.75,0.00296358131111358,0.419283239511343
1.79974999999997e-09,1.79703641338114,0.75,0.00296358131111359,0.41928323951153
1.80024999999997e-09,1.79703641343261,0.75,0.00296358131111361,0.419283239511714
1.80074999999997e-09,1.79703641348358,0.75,0.00296358131111363,0.419283239511898
1.80124999999997e-09,1.79703641353403,0.75,0.00296358131111364,0.41928323951208
1.80174999999997e-09,1.79703641358399,0.75,0.00296358131111366,0.41928323951226
1.80224999999997e-09,1.79703641363344,0.75,0.00296358131111366,0.419283239512438
1.80274999999997e-09,1.79703641368241,0.75,0.00296358131111369,0.419283239512614
1.80324999999997e-09,1.79703641373089,0.75,0.00296358131111371,0.419283239512789
1.80374999999997e-09,1.79703641377888,0.75,0.00296358131111374,0.419283239512962
1.80424999999997e-09,1.7970364138264,0.75,0.00296358131111376,0.419283239513133
1.80474999999997e-09,1.79703641387345,0.75,0.00296358131111377,0.419283239513302
1.80524999999997e-09,1.79703641392003,0.75,0.00296358131111377,0.41928323951347
1.80574999999997e-09,1.79703641396614,0.75,0.0029635813111138,0.419283239513636
1.80624999999997e-09,1.7970364140118,0.75,0.0029635813111138,0.4192832395138
1.80674999999997e-09,1.797036414057,0.75,0.0029635813111138,0.419283239513963
1.80724999999997e-09,1.79703641410175,0.75,0.00296358131111384,0.419283239514124
1.80774999999997e-09,1.79703641414606,0.75,0.00296358131111384,0.419283239514284
1.80824999999997e-09,1.79703641418992,0.75,0.00296358131111387,0.419283239514442
1.80874999999997e-09,1.79703641423335,0.75,0.00296358131111385,0.419283239514598
1.80924999999997e-09,1.79703641427635,0.75,0.00296358131111389,0.419283239514753
1.80974999999997e-09,1.79703641431892,0.75,0.00296358131111388,0.419283239514906
1.81024999999997e-09,1.79703641436107,0.75,0.00296358131111392,0.419283239515057
1.81074999999997e-09,1.79703641440279,0.75,0.00296358131111391,0.419283239515208
1.81124999999997e-09,1.79703641444411,0.75,0.00296358131111393,0.419283239515356
1.81174999999997e-09,1.79703641448501,0.75,0.00296358131111395,0.419283239515504
1.81224999999997e-09,1.7970364145255,0.75,0.00296358131111396,0.419283239515649
1.81274999999997e-09,1.79703641456559,0.75,0.00296358131111396,0.419283239515794
1.81324999999997e-09,1.79703641460528,0.75,0.00296358131111399,0.419283239515937
1.81374999999997e-09,1.79703641464458,0.75,0.00296358131111399,0.419283239516078
1.81424999999997e-09,1.79703641468349,0.75,0.002963581311114,0.419283239516218
1.81474999999997e-09,1.79703641472201,0.75,0.00296358131111401,0.419283239516356
1.81524999999997e-09,1.79703641476014,0.75,0.00296358131111402,0.419283239516493
1.81574999999997e-09,1.7970364147979,0.75,0.00296358131111405,0.419283239516629
1.81624999999997e-09,1.79703641483528,0.75,0.00296358131111406,0.419283239516764
1.81674999999997e-09,1.79703641487229,0.75,0.00296358131111407,0.419283239516897
1.81724999999997e-09,1.79703641490893,0.75,0.00296358131111408,0.419283239517029
1.81774999999997e-09,1.79703641494521,0.75,0.00296358131111409,0.41928323951716
1.81824999999997e-09,1.79703641498112,0.75,0.0029635813111141,0.419283239517289
1.81874999999997e-09,1.79703641501668,0.75,0.00296358131111412,0.419283239517417
1.81924999999997e-09,1.79703641505189,0.75,0.00296358131111412,0.419283239517543
1.81974999999997e-09,1.79703641508674,0.75,0.00296358131111414,0.419283239517668
1.82024999999997e-09,1.79703641512125,0.75,0.00296358131111416,0.419283239517793
1.82074999999997e-09,1.79703641515541,0.75,0.00296358131111414,0.419283239517916
1.82124999999997e-09,1.79703641518924,0.75,0.00296358131111415,0.419283239518038
1.82174999999997e-09,1.79703641522273,0.75,0.00296358131111416,0.419283239518158
1.82224999999997e-09,1.79703641525588,0.75,0.00296358131111417,0.419283239518278
1.82274999999997e-09,1.79703641528871,0.75,0.00296358131111419,0.419283239518396
1.82324999999997e-09,1.79703641532121,0.75,0.00296358131111419,0.419283239518513
1.82374999999997e-09,1.79703641535338,0.75,0.00296358131111419,0.419283239518629
1.82424999999997e-09,1.79703641538523,0.75,0.00296358131111421,0.419283239518743
1.82474999999997e-09,1.79703641541677,0.75,0.00296358131111422,0.419283239518857
1.82524999999997e-09,1.797036415448,0.75,0.00296358131111422,0.419283239518969
1.82574999999997e-09,1.79703641547891,0.75,0.00296358131111424,0.419283239519081
1.82624999999997e-09,1.79703641550952,0.75,0.00296358131111426,0.419283239519191
1.82674999999997e-09,1.79703641553982,0.75,0.00296358131111426,0.419283239519301
1.82724999999997e-09,1.79703641556982,0.75,0.00296358131111428,0.419283239519409
1.82774999999997e-09,1.79703641559952,0.75,0.00296358131111428,0.419283239519516
1.82824999999997e-09,1.79703641562893,0.75,0.0029635813111143,0.419283239519622
1.82874999999997e-09,1.79703641565804,0.75,0.0029635813111143,0.419283239519727
1.82924999999997e-09,1.79703641568687,0.75,0.00296358131111433,0.41928323951983
1.82974999999997e-09,1.79703641571541,0.75,0.00296358131111432,0.419283239519933
1.83024999999997e-09,1.79703641574366,0.75,0.00296358131111433,0.419283239520034
1.83074999999997e-09,1.79703641577163,0.75,0.00296358131111432,0.419283239520135
1.83124999999997e-09,1.79703641579933,0.75,0.00296358131111436,0.419283239520234
1.83174999999997e-09,1.79703641582674,0.75,0.00296358131111435,0.419283239520333
1.83224999999997e-09,1.79703641585389,0.75,0.00296358131111435,0.419283239520431
1.83274999999997e-09,1.79703641588077,0.75,0.00296358131111438,0.419283239520528
1.83324999999997e-09,1.79703641590738,0.75,0.0029635813111144,0.419283239520623
1.83374999999997e-09,1.79703641593372,0.75,0.00296358131111439,0.419283239520718
1.83424999999997e-09,1.7970364159598,0.75,0.00296358131111438,0.419283239520812
1.83474999999997e-09,1.79703641598562,0.75,0.0029635813111144,0.419283239520905
1.83524999999997e-09,1.79703641601119,0.75,0.00296358131111441,0.419283239520997
1.83574999999997e-09,1.7970364160365,0.75,0.00296358131111441,0.419283239521088
1.83624999999997e-09,1.79703641606156,0.75,0.00296358131111441,0.419283239521179
1.83674999999997e-09,1.79703641608637,0.75,0.00296358131111444,0.419283239521268
1.83724999999997e-09,1.79703641611093,0.75,0.00296358131111444,0.419283239521356
1.83774999999997e-09,1.79703641613525,0.75,0.00296358131111444,0.419283239521444
1.83824999999997e-09,1.79703641615933,0.75,0.00296358131111445,0.41928323952153
1.83874999999997e-09,1.79703641618317,0.75,0.00296358131111445,0.419283239521616
1.83924999999997e-09,1.79703641620677,0.75,0.00296358131111446,0.419283239521701
1.83974999999997e-09,1.79703641623013,0.75,0.00296358131111449,0.419283239521785
1.84024999999996e-09,1.79703641625326,0.75,0.00296358131111449,0.419283239521868
1.84074999999996e-09,1.79703641627617,0.75,0.0029635813111145,0.419283239521951
1.84124999999997e-09,1.79703641629884,0.75,0.0029635813111145,0.419283239522033
1.84174999999997e-09,1.79703641632129,0.75,0.00296358131111452,0.419283239522114
1.84224999999996e-09,1.79703641634352,0.75,0.00296358131111452,0.419283239522194
1.84274999999996e-09,1.79703641636552,0.75,0.00296358131111452,0.419283239522273
1.84324999999997e-09,1.79703641638731,0.75,0.00296358131111452,0.419283239522351
1.84374999999997e-09,1.79703641640888,0.75,0.00296358131111453,0.419283239522429
1.84424999999996e-09,1.79703641643023,0.75,0.00296358131111454,0.419283239522505
1.84474999999996e-09,1.79703641645138,0.75,0.00296358131111454,0.419283239522582
1.84524999999997e-09,1.79703641647231,0.75,0.00296358131111454,0.419283239522657
1.84574999999997e-09,1.79703641649303,0.75,0.00296358131111456,0.419283239522731
1.84624999999996e-09,1.79703641651355,0.75,0.00296358131111455,0.419283239522805
1.84674999999996e-09,1.79703641653386,0.75,0.00296358131111456,0.419283239522878
1.84724999999997e-09,1.79703641655397,0.75,0.00296358131111457,0.419283239522951
1.84774999999997e-09,1.79703641657389,0.75,0.00296358131111458,0.419283239523022
1.84824999999996e-09,1.7970364165936,0.75,0.00296358131111461,0.419283239523094
1.84874999999996e-09,1.79703641661312,0.75,0.00296358131111461,0.419283239523164
1.84924999999996e-09,1.79703641663244,0.75,0.00296358131111461,0.419283239523233
1.84974999999996e-09,1.79703641665157,0.75,0.00296358131111462,0.419283239523302
1.85024999999996e-09,1.79703641667051,0.75,0.00296358131111461,0.41928323952337
1.85074999999996e-09,1.79703641668926,0.75,0.00296358131111462,0.419283239523438
1.85124999999996e-09,1.79703641670783,0.75,0.00296358131111463,0.419283239523505
1.85174999999996e-09,1.79703641672621,0.75,0.00296358131111463,0.419283239523571
1.85224999999996e-09,1.79703641674441,0.75,0.00296358131111463,0.419283239523636
1.85274999999996e-09,1.79703641676242,0.75,0.00296358131111465,0.419283239523701
1.85324999999996e-09,1.79703641678026,0.75,0.00296358131111464,0.419283239523765
1.85374999999996e-09,1.79703641679792,0.75,0.00296358131111466,0.419283239523829
1.85424999999996e-09,1.79703641681541,0.75,0.00296358131111466,0.419283239523892
1.85474999999996e-09,1.79703641683272,0.75,0.00296358131111466,0.419283239523955
1.85524999999996e-09,1.79703641684985,0.75,0.00296358131111467,0.419283239524016
1.85574999999996e-09,1.79703641686682,0.75,0.00296358131111468,0.419283239524077
1.85624999999996e-09,1.79703641688362,0.75,0.00296358131111467,0.419283239524138
1.85674999999996e-09,1.79703641690025,0.75,0.00296358131111468,0.419283239524197
1.85724999999996e-09,1.79703641691672,0.75,0.00296358131111469,0.419283239524257
1.85774999999996e-09,1.79703641693302,0.75,0.00296358131111472,0.419283239524316
1.85824999999996e-09,1.79703641694916,0.75,0.0029635813111147,0.419283239524374
1.85874999999996e-09,1.79703641696514,0.75,0.00296358131111472,0.419283239524432
1.85924999999996e-09,1.79703641698096,0.75,0.00296358131111472,0.419283239524488
1.85974999999996e-09,1.79703641699663,0.75,0.00296358131111472,0.419283239524544
1.86024999999996e-09,1.79703641701213,0.75,0.00296358131111473,0.4192832395246
1.86074999999996e-09,1.79703641702749,0.75,0.00296358131111472,0.419283239524655
1.86124999999996e-09,1.79703641704269,0.75,0.00296358131111474,0.41928323952471
1.86174999999996e-09,1.79703641705774,0.75,0.00296358131111474,0.419283239524764
1.86224999999996e-09,1.79703641707264,0.75,0.00296358131111475,0.419283239524818
1.86274999999996e-09,1.79703641708739,0.75,0.00296358131111475,0.419283239524871
1.86324999999996e-09,1.797036417102,0.75,0.00296358131111476,0.419283239524924
1.86374999999996e-09,1.79703641711645,0.75,0.00296358131111476,0.419283239524976
1.86424999999996e-09,1.79703641713077,0.75,0.00296358131111475,0.419283239525027
1.86474999999996e-09,1.79703641714494,0.75,0.00296358131111477,0.419283239525078
1.86524999999996e-09,1.79703641715897,0.75,0.00296358131111477,0.419283239525129
1.86574999999996e-09,1.79703641717287,0.75,0.00296358131111477,0.419283239525179
1.86624999999996e-09,1.79703641718662,0.75,0.00296358131111478,0.419283239525228
1.86674999999996e-09,1.79703641720024,0.75,0.00296358131111478,0.419283239525277
1.86724999999996e-09,1.79703641721372,0.75,0.00296358131111478,0.419283239525326
1.86774999999997e-09,1.79703641722707,0.75,0.00296358131111479,0.419283239525374
1.86824999999996e-09,1.79703641724029,0.75,0.00296358131111479,0.419283239525421
1.86874999999997e-09,1.79703641725337,0.75,0.00296358131111479,0.419283239525468
1.86924999999997e-09,1.79703641726632,0.75,0.0029635813111148,0.419283239525515
1.86974999999996e-09,1.79703641727915,0.75,0.0029635813111148,0.419283239525562
1.87024999999997e-09,1.79703641729184,0.75,0.00296358131111482,0.419283239525607
1.87074999999997e-09,1.79703641730442,0.75,0.00296358131111483,0.419283239525653
1.87124999999997e-09,1.79703641731686,0.75,0.00296358131111482,0.419283239525698
1.87174999999997e-09,1.79703641732918,0.75,0.00296358131111483,0.419283239525742
1.87224999999997e-09,1.79703641734138,0.75,0.00296358131111483,0.419283239525786
1.87274999999997e-09,1.79703641735346,0.75,0.00296358131111483,0.419283239525829
1.87324999999997e-09,1.79703641736542,0.75,0.00296358131111484,0.419283239525871
1.87374999999997e-09,1.79703641737726,0.75,0.00296358131111483,0.419283239525914
1.87424999999997e-09,1.79703641738898,0.75,0.00296358131111484,0.419283239525957
1.87474999999997e-09,1.79703641740058,0.75,0.00296358131111485,0.419283239525999
1.87524999999997e-09,1.79703641741207,0.75,0.00296358131111486,0.419283239526041
1.87574999999997e-09,1.79703641742345,0.75,0.00296358131111485,0.419283239526081
1.87624999999997e-09,1.79703641743471,0.75,0.00296358131111486,0.419283239526122
1.87674999999997e-09,1.79703641744586,0.75,0.00296358131111486,0.419283239526162
1.87724999999997e-09,1.7970364174569,0.75,0.00296358131111486,0.419283239526202
1.87774999999997e-09,1.79703641746783,0.75,0.00296358131111487,0.419283239526241
1.87824999999997e-09,1.79703641747865,0.75,0.00296358131111487,0.41928323952628
1.87874999999997e-09,1.79703641748936,0.75,0.00296358131111487,0.419283239526318
1.87924999999997e-09,1.79703641749996,0.75,0.00296358131111488,0.419283239526356
1.87974999999997e-09,1.79703641751046,0.75,0.00296358131111488,0.419283239526394
1.88024999999997e-09,1.79703641752086,0.75,0.00296358131111488,0.419283239526431
1.88074999999997e-09,1.79703641753115,0.75,0.00296358131111488,0.419283239526468
1.88124999999997e-09,1.79703641754134,0.75,0.00296358131111489,0.419283239526505
1.88174999999997e-09,1.79703641755143,0.75,0.00296358131111489,0.419283239526541
1.88224999999997e-09,1.79703641756142,0.75,0.00296358131111489,0.419283239526577
1.88274999999997e-09,1.79703641757131,0.75,0.0029635813111149,0.419283239526613
1.88324999999997e-09,1.7970364175811,0.75,0.0029635813111149,0.419283239526648
1.88374999999997e-09,1.79703641759079,0.75,0.00296358131111489,0.419283239526683
1.88424999999997e-09,1.79703641760039,0.75,0.0029635813111149,0.419283239526718
1.88474999999997e-09,1.79703641760989,0.75,0.00296358131111492,0.419283239526752
1.88524999999997e-09,1.7970364176193,0.75,0.00296358131111493,0.419283239526786
1.88574999999997e-09,1.79703641762861,0.75,0.00296358131111491,0.419283239526819
1.88624999999997e-09,1.79703641763783,0.75,0.00296358131111492,0.419283239526852
1.88674999999997e-09,1.79703641764696,0.75,0.00296358131111491,0.419283239526885
1.88724999999997e-09,1.797036417656,0.75,0.00296358131111494,0.419283239526918
1.88774999999997e-09,1.79703641766494,0.75,0.00296358131111491,0.41928323952695
1.88824999999997e-09,1.7970364176738,0.75,0.00296358131111494,0.419283239526982
1.88874999999997e-09,1.79703641768258,0.75,0.00296358131111493,0.419283239527014
1.88924999999997e-09,1.79703641769126,0.75,0.00296358131111494,0.419283239527045
1.88974999999997e-09,1.79703641769986,0.75,0.00296358131111492,0.419283239527076
1.89024999999997e-09,1.79703641770837,0.75,0.00296358131111494,0.419283239527107
1.89074999999997e-09,1.7970364177168,0.75,0.00296358131111493,0.419283239527137
1.89124999999997e-09,1.79703641772514,0.75,0.00296358131111495,0.419283239527167
1.89174999999997e-09,1.7970364177334,0.75,0.00296358131111493,0.419283239527197
1.89224999999997e-09,1.79703641774158,0.75,0.00296358131111496,0.419283239527226
1.89274999999997e-09,1.79703641774967,0.75,0.00296358131111493,0.419283239527254
1.89324999999997e-09,1.79703641775769,0.75,0.00296358131111497,0.419283239527283
1.89374999999997e-09,1.79703641776563,0.75,0.00296358131111495,0.419283239527312
1.89424999999997e-09,1.79703641777348,0.75,0.00296358131111496,0.419283239527341
1.89474999999997e-09,1.79703641778126,0.75,0.00296358131111495,0.419283239527369
1.89524999999997e-09,1.79703641778897,0.75,0.00296358131111497,0.419283239527397
1.89574999999997e-09,1.79703641779659,0.75,0.00296358131111495,0.419283239527424
1.89624999999997e-09,1.79703641780414,0.75,0.00296358131111498,0.419283239527451
1.89674999999997e-09,1.79703641781162,0.75,0.00296358131111495,0.419283239527478
1.89724999999997e-09,1.79703641781902,0.75,0.00296358131111498,0.419283239527505
1.89774999999997e-09,1.79703641782634,0.75,0.00296358131111496,0.419283239527531
1.89824999999997e-09,1.79703641783359,0.75,0.00296358131111498,0.419283239527557
1.89874999999997e-09,1.79703641784078,0.75,0.00296358131111496,0.419283239527583
1.89924999999997e-09,1.79703641784789,0.75,0.00296358131111498,0.419283239527608
1.89974999999997e-09,1.79703641785492,0.75,0.00296358131111496,0.419283239527634
1.90024999999998e-09,1.79703641786189,0.75,0.00296358131111499,0.419283239527659
1.90074999999997e-09,1.79703641786879,0.75,0.00296358131111497,0.419283239527684
1.90124999999998e-09,1.79703641787563,0.75,0.00296358131111499,0.419283239527709
1.90174999999998e-09,1.79703641788239,0.75,0.00296358131111497,0.419283239527733
1.90224999999997e-09,1.79703641788908,0.75,0.00296358131111499,0.419283239527757
1.90274999999998e-09,1.79703641789571,0.75,0.00296358131111498,0.41928323952778
1.90324999999998e-09,1.79703641790228,0.75,0.002963581311115,0.419283239527804
1.90374999999998e-09,1.79703641790877,0.75,0.00296358131111498,0.419283239527827
1.90424999999998e-09,1.79703641791521,0.75,0.002963581311115,0.419283239527851
1.90474999999998e-09,1.79703641792158,0.75,0.00296358131111498,0.419283239527873
1.90524999999998e-09,1.79703641792788,0.75,0.00296358131111502,0.419283239527896
1.90574999999998e-09,1.79703641793413,0.75,0.00296358131111499,0.419283239527919
1.90624999999998e-09,1.79703641794031,0.75,0.00296358131111502,0.419283239527941
1.90674999999998e-09,1.79703641794643,0.75,0.00296358131111501,0.419283239527963
1.90724999999998e-09,1.79703641795249,0.75,0.00296358131111501,0.419283239527985
1.90774999999998e-09,1.79703641795849,0.75,0.00296358131111499,0.419283239528007
1.90824999999998e-09,1.79703641796442,0.75,0.002963581311115,0.419283239528028
1.90874999999998e-09,1.7970364179703,0.75,0.002963581311115,0.419283239528049
1.90924999999998e-09,1.79703641797613,0.75,0.002963581311115,0.41928323952807
1.90974999999998e-09,1.79703641798189,0.75,0.00296358131111501,0.419283239528091
1.91024999999998e-09,1.7970364179876,0.75,0.002963581311115,0.419283239528111
1.91074999999998e-09,1.79703641799324,0.75,0.002963581311115,0.419283239528132
1.91124999999998e-09,1.79703641799884,0.75,0.00296358131111501,0.419283239528152
1.91174999999998e-09,1.79703641800437,0.75,0.00296358131111502,0.419283239528172
1.91224999999998e-09,1.79703641800986,0.75,0.00296358131111504,0.419283239528192
1.91274999999998e-09,1.79703641801528,0.75,0.00296358131111504,0.419283239528211
1.91324999999998e-09,1.79703641802066,0.75,0.00296358131111504,0.419283239528231
1.91374999999998e-09,1.79703641802598,0.75,0.00296358131111505,0.41928323952825
1.91424999999998e-09,1.79703641803125,0.75,0.00296358131111505,0.419283239528269
1.91474999999998e-09,1.79703641803646,0.75,0.00296358131111505,0.419283239528288
1.91524999999998e-09,1.79703641804162,0.75,0.00296358131111505,0.419283239528306
1.91574999999998e-09,1.79703641804674,0.75,0.00296358131111506,0.419283239528325
1.91624999999998e-09,1.7970364180518,0.75,0.00296358131111506,0.419283239528343
1.91674999999998e-09,1.79703641805681,0.75,0.00296358131111505,0.419283239528361
1.91724999999998e-09,1.79703641806177,0.75,0.00296358131111506,0.419283239528379
1.91774999999998e-09,1.79703641806668,0.75,0.00296358131111506,0.419283239528397
1.91824999999998e-09,1.79703641807154,0.75,0.00296358131111506,0.419283239528414
1.91874999999998e-09,1.79703641807636,0.75,0.00296358131111506,0.419283239528431
1.91924999999998e-09,1.79703641808112,0.75,0.00296358131111506,0.419283239528448
1.91974999999998e-09,1.79703641808584,0.75,0.00296358131111507,0.419283239528465
1.92024999999998e-09,1.79703641809051,0.75,0.00296358131111507,0.419283239528482
1.92074999999998e-09,1.79703641809514,0.75,0.00296358131111506,0.419283239528499
1.92124999999998e-09,1.79703641809971,0.75,0.00296358131111506,0.419283239528515
1.92174999999998e-09,1.79703641810425,0.75,0.00296358131111507,0.419283239528532
1.92224999999998e-09,1.79703641810874,0.75,0.00296358131111507,0.419283239528548
1.92274999999998e-09,1.79703641811318,0.75,0.00296358131111508,0.419283239528564
1.92324999999998e-09,1.79703641811758,0.75,0.00296358131111507,0.41928323952858
1.92374999999998e-09,1.79703641812194,0.75,0.00296358131111507,0.419283239528595
1.92424999999998e-09,1.79703641812625,0.75,0.00296358131111508,0.419283239528611
1.92474999999998e-09,1.79703641813052,0.75,0.00296358131111508,0.419283239528627
1.92524999999998e-09,1.79703641813475,0.75,0.00296358131111508,0.419283239528642
1.92574999999998e-09,1.79703641813893,0.75,0.00296358131111507,0.419283239528657
1.92624999999998e-09,1.79703641814308,0.75,0.00296358131111508,0.419283239528672
1.92674999999998e-09,1.79703641814718,0.75,0.00296358131111509,0.419283239528687
1.92724999999998e-09,1.79703641815124,0.75,0.00296358131111508,0.419283239528701
1.92774999999998e-09,1.79703641815526,0.75,0.00296358131111509,0.419283239528716
1.92824999999998e-09,1.79703641815924,0.75,0.00296358131111508,0.41928323952873
1.92874999999998e-09,1.79703641816319,0.75,0.00296358131111509,0.419283239528744
1.92924999999998e-09,1.79703641816709,0.75,0.00296358131111509,0.419283239528758
1.92974999999998e-09,1.79703641817095,0.75,0.00296358131111509,0.419283239528772
1.93024999999998e-09,1.79703641817478,0.75,0.00296358131111509,0.419283239528786
1.93074999999998e-09,1.79703641817856,0.75,0.00296358131111508,0.419283239528799
1.93124999999998e-09,1.79703641818232,0.75,0.00296358131111509,0.419283239528813
1.93174999999998e-09,1.79703641818603,0.75,0.00296358131111509,0.419283239528826
1.93224999999998e-09,1.7970364181897,0.75,0.0029635813111151,0.41928323952884
1.93274999999999e-09,1.79703641819334,0.75,0.0029635813111151,0.419283239528853
1.93324999999998e-09,1.79703641819694,0.75,0.0029635813111151,0.419283239528865
1.93374999999998e-09,1.79703641820051,0.75,0.00296358131111509,0.419283239528878
1.93424999999999e-09,1.79703641820404,0.75,0.00296358131111509,0.419283239528891
1.93474999999998e-09,1.79703641820754,0.75,0.00296358131111509,0.419283239528903
1.93524999999999e-09,1.797036418211,0.75,0.0029635813111151,0.419283239528916
1.93574999999999e-09,1.79703641821442,0.75,0.0029635813111151,0.419283239528928
1.93624999999999e-09,1.79703641821782,0.75,0.00296358131111511,0.419283239528941
1.93674999999999e-09,1.79703641822118,0.75,0.0029635813111151,0.419283239528953
1.93724999999999e-09,1.7970364182245,0.75,0.00296358131111511,0.419283239528964
1.93774999999999e-09,1.79703641822779,0.75,0.0029635813111151,0.419283239528976
1.93824999999999e-09,1.79703641823105,0.75,0.0029635813111151,0.419283239528988
1.93874999999999e-09,1.79703641823428,0.75,0.0029635813111151,0.419283239529
1.93924999999999e-09,1.79703641823748,0.75,0.00296358131111511,0.419283239529011
1.93974999999999e-09,1.79703641824064,0.75,0.00296358131111511,0.419283239529023
1.94024999999999e-09,1.79703641824377,0.75,0.0029635813111151,0.419283239529034
1.94074999999999e-09,1.79703641824687,0.75,0.00296358131111511,0.419283239529045
1.94124999999999e-09,1.79703641824994,0.75,0.00296358131111511,0.419283239529056
1.94174999999999e-09,1.79703641825298,0.75,0.00296358131111512,0.419283239529067
1.94224999999999e-09,1.79703641825599,0.75,0.00296358131111512,0.419283239529078
1.94274999999999e-09,1.79703641825897,0.75,0.00296358131111512,0.419283239529089
1.94324999999999e-09,1.79703641826192,0.75,0.00296358131111511,0.419283239529099
1.94374999999999e-09,1.79703641826484,0.75,0.00296358131111512,0.41928323952911
1.94424999999999e-09,1.79703641826773,0.75,0.00296358131111511,0.41928323952912
1.94474999999999e-09,1.79703641827059,0.75,0.00296358131111512,0.41928323952913
1.94524999999999e-09,1.79703641827343,0.75,0.00296358131111512,0.41928323952914
1.94574999999999e-09,1.79703641827623,0.75,0.00296358131111512,0.41928323952915
1.94624999999999e-09,1.79703641827901,0.75,0.00296358131111512,0.419283239529161
1.94674999999999e-09,1.79703641828176,0.75,0.00296358131111511,0.419283239529171
1.94724999999999e-09,1.79703641828448,0.75,0.00296358131111511,0.419283239529181
1.94774999999999e-09,1.79703641828718,0.75,0.00296358131111511,0.41928323952919
1.94824999999999e-09,1.79703641828985,0.75,0.00296358131111513,0.419283239529199
1.94874999999999e-09,1.79703641829249,0.75,0.00296358131111513,0.419283239529209
1.94924999999999e-09,1.79703641829511,0.75,0.00296358131111514,0.419283239529219
1.94974999999999e-09,1.7970364182977,0.75,0.00296358131111512,0.419283239529228
1.95024999999999e-09,1.79703641830026,0.75,0.00296358131111511,0.419283239529237
1.95074999999999e-09,1.7970364183028,0.75,0.00296358131111512,0.419283239529247
1.95124999999999e-09,1.79703641830531,0.75,0.00296358131111512,0.419283239529255
1.95174999999999e-09,1.7970364183078,0.75,0.00296358131111513,0.419283239529264
1.95224999999999e-09,1.79703641831026,0.75,0.00296358131111513,0.419283239529273
1.95274999999999e-09,1.7970364183127,0.75,0.00296358131111511,0.419283239529282
1.95324999999999e-09,1.79703641831512,0.75,0.00296358131111512,0.41928323952929
1.95374999999999e-09,1.79703641831751,0.75,0.00296358131111513,0.419283239529299
1.95424999999999e-09,1.79703641831988,0.75,0.00296358131111514,0.419283239529307
1.95474999999999e-09,1.79703641832222,0.75,0.00296358131111512,0.419283239529316
1.95524999999999e-09,1.79703641832454,0.75,0.00296358131111512,0.419283239529325
1.95574999999999e-09,1.79703641832684,0.75,0.00296358131111513,0.419283239529333
1.95624999999999e-09,1.79703641832911,0.75,0.00296358131111514,0.419283239529341
1.95674999999999e-09,1.79703641833136,0.75,0.00296358131111513,0.419283239529349
1.95724999999999e-09,1.79703641833359,0.75,0.00296358131111515,0.419283239529357
1.95774999999999e-09,1.7970364183358,0.75,0.00296358131111513,0.419283239529366
1.95824999999999e-09,1.79703641833799,0.75,0.00296358131111515,0.419283239529373
1.95874999999999e-09,1.79703641834015,0.75,0.00296358131111512,0.419283239529381
1.95924999999999e-09,1.79703641834229,0.75,0.00296358131111512,0.419283239529389
1.95974999999999e-09,1.79703641834441,0.75,0.00296358131111513,0.419283239529396
1.96024999999999e-09,1.79703641834651,0.75,0.00296358131111515,0.419283239529404
1.96074999999999e-09,1.79703641834859,0.75,0.00296358131111512,0.419283239529411
1.96124999999999e-09,1.79703641835065,0.75,0.00296358131111513,0.419283239529419
1.96174999999999e-09,1.79703641835269,0.75,0.00296358131111514,0.419283239529426
1.96224999999999e-09,1.7970364183547,0.75,0.00296358131111513,0.419283239529434
1.96274999999999e-09,1.7970364183567,0.75,0.00296358131111513,0.419283239529441
1.96324999999999e-09,1.79703641835868,0.75,0.00296358131111514,0.419283239529448
1.96374999999999e-09,1.79703641836064,0.75,0.00296358131111514,0.419283239529455
1.96424999999999e-09,1.79703641836258,0.75,0.00296358131111514,0.419283239529462
1.96474999999999e-09,1.79703641836449,0.75,0.00296358131111514,0.419283239529468
1.96525e-09,1.79703641836639,0.75,0.00296358131111513,0.419283239529475
1.96575e-09,1.79703641836827,0.75,0.00296358131111513,0.419283239529482
1.96624999999999e-09,1.79703641837014,0.75,0.00296358131111513,0.419283239529489
1.96675e-09,1.79703641837198,0.75,0.00296358131111514,0.419283239529495
1.96724999999999e-09,1.79703641837381,0.75,0.00296358131111513,0.419283239529502
1.96774999999999e-09,1.79703641837561,0.75,0.00296358131111514,0.419283239529509
1.96825e-09,1.7970364183774,0.75,0.00296358131111514,0.419283239529515
1.96875e-09,1.79703641837917,0.75,0.00296358131111513,0.419283239529521
1.96925e-09,1.79703641838093,0.75,0.00296358131111514,0.419283239529528
1.96975e-09,1.79703641838267,0.75,0.00296358131111513,0.419283239529534
1.97025e-09,1.79703641838438,0.75,0.00296358131111514,0.41928323952954
1.97075e-09,1.79703641838609,0.75,0.00296358131111514,0.419283239529546
1.97125e-09,1.79703641838777,0.75,0.00296358131111513,0.419283239529552
1.97175e-09,1.79703641838944,0.75,0.00296358131111514,0.419283239529558
1.97225e-09,1.79703641839109,0.75,0.00296358131111513,0.419283239529564
1.97275e-09,1.79703641839273,0.75,0.00296358131111514,0.41928323952957
1.97325e-09,1.79703641839435,0.75,0.00296358131111514,0.419283239529576
1.97375e-09,1.79703641839595,0.75,0.00296358131111515,0.419283239529582
1.97425e-09,1.79703641839754,0.75,0.00296358131111515,0.419283239529588
1.97475e-09,1.79703641839911,0.75,0.00296358131111515,0.419283239529593
1.97525e-09,1.79703641840066,0.75,0.00296358131111514,0.419283239529599
1.97575e-09,1.7970364184022,0.75,0.00296358131111515,0.419283239529604
1.97625e-09,1.79703641840373,0.75,0.00296358131111515,0.41928323952961
1.97675e-09,1.79703641840524,0.75,0.00296358131111515,0.419283239529615
1.97725e-09,1.79703641840673,0.75,0.00296358131111515,0.41928323952962
1.97775e-09,1.79703641840821,0.75,0.00296358131111514,0.419283239529626
1.97825e-09,1.79703641840968,0.75,0.00296358131111514,0.419283239529631
1.97875e-09,1.79703641841113,0.75,0.00296358131111514,0.419283239529637
1.97925e-09,1.79703641841256,0.75,0.00296358131111515,0.419283239529642
1.97975e-09,1.79703641841399,0.75,0.00296358131111514,0.419283239529647
1.98025e-09,1.79703641841539,0.75,0.00296358131111514,0.419283239529652
1.98075e-09,1.79703641841679,0.75,0.00296358131111515,0.419283239529657
1.98125e-09,1.79703641841817,0.75,0.00296358131111515,0.419283239529662
1.98175e-09,1.79703641841953,0.75,0.00296358131111515,0.419283239529667
1.98225e-09,1.79703641842089,0.75,0.00296358131111515,0.419283239529671
1.98275e-09,1.79703641842222,0.75,0.00296358131111515,0.419283239529676
1.98325e-09,1.79703641842355,0.75,0.00296358131111515,0.419283239529681
1.98375e-09,1.79703641842486,0.75,0.00296358131111515,0.419283239529686
1.98425e-09,1.79703641842616,0.75,0.00296358131111515,0.419283239529691
1.98475e-09,1.79703641842745,0.75,0.00296358131111516,0.419283239529695
1.98525e-09,1.79703641842872,0.75,0.00296358131111515,0.4192832395297
1.98575e-09,1.79703641842998,0.75,0.00296358131111515,0.419283239529704
1.98625e-09,1.79703641843123,0.75,0.00296358131111515,0.419283239529709
1.98675e-09,1.79703641843247,0.75,0.00296358131111515,0.419283239529713
1.98725e-09,1.79703641843369,0.75,0.00296358131111515,0.419283239529718
1.98775e-09,1.7970364184349,0.75,0.00296358131111515,0.419283239529722
1.98825e-09,1.7970364184361,0.75,0.00296358131111515,0.419283239529726
1.98875e-09,1.79703641843729,0.75,0.00296358131111516,0.41928323952973
1.98925e-09,1.79703641843846,0.75,0.00296358131111516,0.419283239529735
1.98975e-09,1.79703641843963,0.75,0.00296358131111516,0.419283239529739
1.99025e-09,1.79703641844078,0.75,0.00296358131111516,0.419283239529743
1.99075e-09,1.79703641844192,0.75,0.00296358131111516,0.419283239529747
1.99125e-09,1.79703641844305,0.75,0.00296358131111516,0.419283239529751
1.99175e-09,1.79703641844416,0.75,0.00296358131111516,0.419283239529755
1.99225e-09,1.79703641844527,0.75,0.00296358131111516,0.419283239529759
1.99275e-09,1.79703641844637,0.75,0.00296358131111516,0.419283239529763
1.99325e-09,1.79703641844745,0.75,0.00296358131111516,0.419283239529767
1.99375e-09,1.79703641844853,0.75,0.00296358131111515,0.419283239529771
1.99425e-09,1.79703641844959,0.75,0.00296358131111515,0.419283239529775
1.99475e-09,1.79703641845064,0.75,0.00296358131111515,0.419283239529778
1.99525e-09,1.79703641845169,0.75,0.00296358131111515,0.419283239529782
1.99575e-09,1.79703641845272,0.75,0.00296358131111516,0.419283239529786
1.99625e-09,1.79703641845374,0.75,0.00296358131111516,0.41928323952979
1.99675e-09,1.79703641845475,0.75,0.00296358131111516,0.419283239529793
1.99725e-09,1.79703641845575,0.75,0.00296358131111515,0.419283239529797
1.99775000000001e-09,1.79703641845675,0.75,0.00296358131111516,0.4192832395298
1.99825000000001e-09,1.79703641845773,0.75,0.00296358131111516,0.419283239529804
1.99875e-09,1.7970364184587,0.75,0.00296358131111516,0.419283239529808
1.99925000000001e-09,1.79703641845966,0.75,0.00296358131111516,0.419283239529811
1.99975e-09,1.79703641846061,0.75,0.00296358131111516,0.419283239529815
2e-09,1.79703641846109,0.75,0.00296358131111522,0.419283239529816
