 frequency              v(out)                 v(out)                 v(xdut.e)              v(xdut.e)              v(xdut.x)              v(xdut.x)              i(VIN)                 i(VIN)                
 1.000000000000000e+00  4.999998493967100e+01 -1.571112690177419e-08  1.505781150526997e-05 -4.844749156447773e-15  1.757435227160109e-01 -5.652421568275612e-11  7.104176815061070e-26  2.208810814291026e-16 
 1.023292992280754e+00  4.999998493967100e+01 -1.607708605941916e-08  1.505781150526997e-05 -4.957597861151101e-15  1.757435227160109e-01 -5.784083380233025e-11  7.438986353451762e-26  2.260260627537954e-16 
 1.047128548050899e+00  4.999998493967100e+01 -1.645156950089823e-08  1.505781150526997e-05 -5.073075149861977e-15  1.757435227160109e-01 -5.918811989760031e-11  7.789574979260398e-26  2.312908860887687e-16 
 1.071519305237606e+00  4.999998493967100e+01 -1.683477578228894e-08  1.505781150526997e-05 -5.191242250167397e-15  1.757435227160109e-01 -6.056678831748745e-11  8.156686337966556e-26  2.366783429130432e-16 
 1.096478196143185e+00  4.999998493967100e+01 -1.722690808463402e-08  1.505781150526997e-05 -5.312161815828070e-15  1.757435227160109e-01 -6.197757005023674e-11  8.541099121981525e-26  2.421912897275384e-16 
 1.122018454301963e+00  4.999998493967100e+01 -1.762817432167067e-08  1.505781150526997e-05 -5.435897959998271e-15  1.757435227160109e-01 -6.342121311099682e-11  8.943628722359330e-26  2.478326495696278e-16 
 1.148153621496882e+00  4.999998493967100e+01 -1.803878725006913e-08  1.505781150526997e-05 -5.562516289219477e-15  1.757435227160109e-01 -6.489848293842732e-11  9.365128958350445e-26  2.536054135629720e-16 
 1.174897554939529e+00  4.999998493967100e+01 -1.845896458223916e-08  1.505781150526997e-05 -5.692083938205836e-15  1.757435227160109e-01 -6.641016280054477e-11  9.806493888466936e-26  2.595126425034517e-16 
 1.202264434617413e+00  4.999998493967100e+01 -1.888892910176396e-08  1.505781150526997e-05 -5.824669605439867e-15  1.757435227160109e-01 -6.795705421002146e-11  1.026865970690040e-25  2.655574684820427e-16 
 1.230268770812381e+00  4.999998493967100e+01 -1.932890878152307e-08  1.505781150526997e-05 -5.960343589597323e-15  1.757435227160109e-01 -6.953997734915831e-11  1.075260672931539e-25  2.717430965454916e-16 
 1.258925411794167e+00  4.999998493967100e+01 -1.977913690456648e-08  1.505781150526997e-05 -6.099177826820455e-15  1.757435227160109e-01 -7.115977150475606e-11  1.125936147223036e-25  2.780728063956740e-16 
 1.288249551693134e+00  4.999998493967100e+01 -2.023985218780453e-08  1.505781150526997e-05 -6.241245928859531e-15  1.757435227160109e-01 -7.281729551311657e-11  1.178999883039682e-25  2.845499541285360e-16 
 1.318256738556407e+00  4.999998493967100e+01 -2.071129890857866e-08  1.505781150526997e-05 -6.386623222102744e-15  1.757435227160109e-01 -7.451342821540898e-11  1.234564435679522e-25  2.911779740135409e-16 
 1.348962882591653e+00  4.999998493967100e+01 -2.119372703418058e-08  1.505781150526997e-05 -6.535386787515268e-15  1.757435227160109e-01 -7.624906892364303e-11  1.292747665008376e-25  2.979603803145640e-16 
 1.380384264602885e+00  4.999998493967100e+01 -2.168739235438816e-08  1.505781150526997e-05 -6.687615501508606e-15  1.757435227160109e-01 -7.802513789749617e-11  1.353672985456412e-25  3.049007691532017e-16 
 1.412537544622754e+00  4.999998493967100e+01 -2.219255661708861e-08  1.505781150526997e-05 -6.843390077761898e-15  1.757435227160109e-01 -7.984257683224732e-11  1.417469627796699e-25  3.120028204154833e-16 
 1.445439770745927e+00  4.999998493967100e+01 -2.270948766706065e-08  1.505781150526997e-05 -7.002793110017392e-15  1.757435227160109e-01 -8.170234935807633e-11  1.484272913261005e-25  3.192702997029945e-16 
 1.479108388168207e+00  4.999998493967100e+01 -2.323845958798937e-08  1.505781150526997e-05 -7.165909115872747e-15  1.757435227160109e-01 -8.360544155099349e-11  1.554224540574276e-25  3.267070603294504e-16 
 1.513561248436208e+00  4.999998493967100e+01 -2.377975284778903e-08  1.505781150526997e-05 -7.332824581593355e-15  1.757435227160109e-01 -8.555286245566984e-11  1.627472886516618e-25  3.343170453637722e-16 
 1.548816618912481e+00  4.999998493967100e+01 -2.433365444731082e-08  1.505781150526997e-05 -7.503628007968533e-15  1.757435227160109e-01 -8.754564462044616e-11  1.704173320650352e-25  3.421042897207550e-16 
 1.584893192461113e+00  4.999998493967100e+01 -2.490045807251457e-08  1.505781150526997e-05 -7.678409957235798e-15  1.757435227160109e-01 -8.958484464480388e-11  1.784488534879683e-25  3.500729223004335e-16 
 1.621810097358929e+00  4.999998493967100e+01 -2.548046425018489e-08  1.505781150526997e-05 -7.857263101098154e-15  1.757435227160109e-01 -9.167154373958783e-11  1.868588888542039e-25  3.582271681772785e-16 
 1.659586907437560e+00  4.999998493967100e+01 -2.607398050727448e-08  1.505781150526997e-05 -8.040282269859888e-15  1.757435227160109e-01 -9.380684830027887e-11  1.956652769763070e-25  3.665713508403882e-16 
 1.698243652461743e+00  4.999998493967100e+01 -2.668132153395895e-08  1.505781150526997e-05 -8.227564502706818e-15  1.757435227160109e-01 -9.599189049361914e-11  2.048866973841775e-25  3.751098944858591e-16 
 1.737800828749374e+00  4.999998493967100e+01 -2.730280935048978e-08  1.505781150526997e-05 -8.419209099157773e-15  1.757435227160109e-01 -9.822782885790199e-11  2.145427099468377e-25  3.838473263625526e-16 
 1.778279410038922e+00  4.999998493967100e+01 -2.793877347793364e-08  1.505781150526997e-05 -8.615317671714511e-15  1.757435227160109e-01 -1.005158489172443e-10  2.246537963615375e-25  3.927882791725037e-16 
 1.819700858609982e+00  4.999998493967100e+01 -2.858955111288888e-08  1.505781150526997e-05 -8.815994199738000e-15  1.757435227160109e-01 -1.028571638101671e-10  2.352414035981791e-25  4.019374935272394e-16 
 1.862087136662866e+00  4.999998493967100e+01 -2.925548730627163e-08  1.505781150526997e-05 -9.021345084579672e-15  1.757435227160109e-01 -1.052530149328176e-10  2.463279893912170e-25  4.112998204613150e-16 
 1.905460717963246e+00  4.999998493967100e+01 -2.993693514626632e-08  1.505781150526997e-05 -9.231479205996806e-15  1.757435227160109e-01 -1.077046725971739e-10  2.579370698755224e-25  4.208802240043960e-16 
 1.949844599758044e+00  4.999998493967100e+01 -3.063425594553773e-08  1.505781150526997e-05 -9.446507979882030e-15  1.757435227160109e-01 -1.102134367045810e-10  2.700932694672592e-25  4.306837838132525e-16 
 1.995262314968878e+00  4.999998493967100e+01 -3.134781943280378e-08  1.505781150526997e-05 -9.666545417337501e-15  1.757435227160109e-01 -1.127806374349761e-10  2.828223730955714e-25  4.407156978650605e-16 
 2.041737944669527e+00  4.999998493967100e+01 -3.207800394887056e-08  1.505781150526997e-05 -9.891708185125104e-15  1.757435227160109e-01 -1.154076359521676e-10  2.961513808958754e-25  4.509812852134385e-16 
 2.089296130854037e+00  4.999998493967100e+01 -3.282519664723360e-08  1.505781150526997e-05 -1.012211566752470e-14  1.757435227160109e-01 -1.180958251255415e-10  3.101085654807670e-25  4.614859888086797e-16 
 2.137962089502230e+00  4.999998493967100e+01 -3.358979369935184e-08  1.505781150526997e-05 -1.035789002963325e-14  1.757435227160109e-01 -1.208466302685800e-10  3.247235319100227e-25  4.722353783836765e-16 
 2.187761623949550e+00  4.999998493967100e+01 -3.437220050470297e-08  1.505781150526997e-05 -1.059915628213840e-14  1.757435227160109e-01 -1.236615098945812e-10  3.400272804869021e-25  4.832351534070664e-16 
 2.238721138568337e+00  4.999998493967100e+01 -3.517283190573155e-08  1.505781150526997e-05 -1.084604234760075e-14  1.757435227160109e-01 -1.265419564899821e-10  3.560522725139456e-25  4.944911461051662e-16 
 2.290867652767770e+00  4.999998493967100e+01 -3.599211240780402e-08  1.505781150526997e-05 -1.109867912828015e-14  1.757435227160109e-01 -1.294894973056948e-10  3.728324991477512e-25  5.060093245542952e-16 
 2.344228815319919e+00  4.999998493967100e+01 -3.683047640428702e-08  1.505781150526997e-05 -1.135720057554174e-14  1.757435227160109e-01 -1.325056951668750e-10  3.904035534987728e-25  5.177957958451279e-16 
 2.398832919019488e+00  4.999998493967100e+01 -3.768836840686859e-08  1.505781150526997e-05 -1.162174376087882e-14  1.757435227160109e-01 -1.355921493015530e-10  4.088027061290818e-25  5.298568093207553e-16 
 2.454708915685027e+00  4.999998493967100e+01 -3.856624328124398e-08  1.505781150526997e-05 -1.189244894858986e-14  1.757435227160109e-01 -1.387504961885649e-10  4.280689841082237e-25  5.421987598901687e-16 
 2.511886431509577e+00  4.999998493967100e+01 -3.946456648829169e-08  1.505781150526997e-05 -1.216945967014863e-14  1.757435227160109e-01 -1.419824104252360e-10  4.482432537948679e-25  5.548281914189249e-16 
 2.570395782768860e+00  4.999998493967100e+01 -4.038381433086675e-08  1.505781150526997e-05 -1.245292280030635e-14  1.757435227160109e-01 -1.452896056152738e-10  4.693683075198306e-25  5.677518001987906e-16 
 2.630267991895378e+00  4.999998493967100e+01 -4.132447420634305e-08  1.505781150526997e-05 -1.274298863496671e-14  1.757435227160109e-01 -1.486738352773442e-10  4.914889543543485e-25  5.809764384982052e-16 
 2.691534803926912e+00  4.999998493967100e+01 -4.228704486503763e-08  1.505781150526997e-05 -1.303981097087473e-14  1.757435227160109e-01 -1.521368937748095e-10  5.146521151561240e-25  5.945091181954441e-16 
 2.754228703338163e+00  4.999998493967100e+01 -4.327203667465485e-08  1.505781150526997e-05 -1.334354718716181e-14  1.757435227160109e-01 -1.556806172671241e-10  5.389069220947562e-25  6.083570144964084e-16 
 2.818382931264450e+00  4.999998493967100e+01 -4.427997189089009e-08  1.505781150526997e-05 -1.365435832879025e-14  1.757435227160109e-01 -1.593068846833902e-10  5.643048228676614e-25  6.225274697390160e-16 
 2.884031503126602e+00  4.999998493967100e+01 -4.531138493433660e-08  1.505781150526997e-05 -1.397240919194141e-14  1.757435227160109e-01 -1.630176187185914e-10  5.908996898275341e-25  6.370279972862041e-16 
 2.951209226666381e+00  4.999998493967100e+01 -4.636682267384239e-08  1.505781150526997e-05 -1.429786841139284e-14  1.757435227160109e-01 -1.668147868530305e-10  6.187479342528328e-25  6.518662855096159e-16 
 3.019951720402012e+00  4.999998493967100e+01 -4.744684471646729e-08  1.505781150526997e-05 -1.463090854993065e-14  1.757435227160109e-01 -1.707004023955137e-10  6.479086260036621e-25  6.670502018660752e-16 
 3.090295432513586e+00  4.999998493967100e+01 -4.855202370419411e-08  1.505781150526997e-05 -1.497170618984461e-14  1.757435227160109e-01 -1.746765255508341e-10  6.784436188168683e-25  6.825877970690173e-16 
 3.162277660168374e+00  4.999998493967100e+01 -4.968294561755088e-08  1.505781150526997e-05 -1.532044202655437e-14  1.757435227160109e-01 -1.787452645121186e-10  7.104176815061047e-25  6.984873093570827e-16 
 3.235936569296277e+00  4.999998493967100e+01 -5.084021008630562e-08  1.505781150526997e-05 -1.567730096441664e-14  1.757435227160109e-01 -1.829087765786207e-10  7.438986353451739e-25  7.147571688621420e-16 
 3.311311214825905e+00  4.999998493967100e+01 -5.202443070739785e-08  1.505781150526997e-05 -1.604247221476386e-14  1.757435227160109e-01 -1.871692692995487e-10  7.789574979260374e-25  7.314060020790615e-16 
 3.388441561392020e+00  4.999998493967100e+01 -5.323623537027591e-08  1.505781150526997e-05 -1.641614939622657e-14  1.757435227160109e-01 -1.915290016445375e-10  8.156686337966534e-25  7.484426364395864e-16 
 3.467368504525310e+00  4.999998493967100e+01 -5.447626658981214e-08  1.505781150526997e-05 -1.679853063739257e-14  1.757435227160109e-01 -1.959902852013842e-10  8.541099121981501e-25  7.658761049927609e-16 
 3.548133892335748e+00  4.999998493967100e+01 -5.574518184697295e-08  1.505781150526997e-05 -1.718981868185737e-14  1.757435227160109e-01 -2.005554854016829e-10  8.943628722359305e-25  7.837156511943713e-16 
 3.630780547701007e+00  4.999998493967100e+01 -5.704365393742371e-08  1.505781150526997e-05 -1.759022099572144e-14  1.757435227160109e-01 -2.052270227750072e-10  9.365128958350420e-25  8.019707338079480e-16 
 3.715352290971718e+00  4.999998493967100e+01 -5.837237132825413e-08  1.505781150526997e-05 -1.799994987759154e-14  1.757435227160109e-01 -2.100073742323075e-10  9.806493888466906e-25  8.206510319199271e-16 
 3.801893963205605e+00  4.999998493967100e+01 -5.973203852301247e-08  1.505781150526997e-05 -1.841922257114423e-14  1.757435227160109e-01 -2.148990743792021e-10  1.026865970690037e-24  8.397664500716309e-16 
 3.890451449942799e+00  4.999998493967100e+01 -6.112337643524270e-08  1.505781150526997e-05 -1.884826138031139e-14  1.757435227160109e-01 -2.199047168598581e-10  1.075260672931536e-24  8.593271235107856e-16 
 3.981071705534965e+00  4.999998493967100e+01 -6.254712277072244e-08  1.505781150526997e-05 -1.928729378714862e-14  1.757435227160109e-01 -2.250269557321762e-10  1.125936147223032e-24  8.793434235653650e-16 
 4.073802778041119e+00  4.999998493967100e+01 -6.400403241860426e-08  1.505781150526997e-05 -1.973655257244931e-14  1.757435227160109e-01 -2.302685068750073e-10  1.178999883039678e-24  8.998259631426049e-16 
 4.168693834703346e+00  4.999998493967100e+01 -6.549487785166795e-08  1.505781150526997e-05 -2.019627593916807e-14  1.757435227160109e-01 -2.356321494281477e-10  1.234564435679518e-24  9.207856023561078e-16 
 4.265795188015918e+00  4.999998493967100e+01 -6.702044953589578e-08  1.505781150526997e-05 -2.066670763871909e-14  1.757435227160109e-01 -2.411207272658750e-10  1.292747665008372e-24  9.422334542840181e-16 
 4.365158322401651e+00  4.999998493967100e+01 -6.858155634958808e-08  1.505781150526997e-05 -2.114809710021638e-14  1.757435227160109e-01 -2.467371505048089e-10  1.353672985456407e-24  9.641808908613241e-16 
 4.466835921509622e+00  4.999998493967100e+01 -7.017902601224111e-08  1.505781150526997e-05 -2.164069956272435e-14  1.757435227160109e-01 -2.524843970468925e-10  1.417469627796693e-24  9.866395489094074e-16 
 4.570881896148741e+00  4.999998493967100e+01 -7.181370552341510e-08  1.505781150526997e-05 -2.214477621058901e-14  1.757435227160109e-01 -2.583655141583168e-10  1.484272913261001e-24  1.009621336306041e-15 
 4.677351412871972e+00  4.999998493967100e+01 -7.348646161182434e-08  1.505781150526997e-05 -2.266059431192128e-14  1.757435227160109e-01 -2.643836200852194e-10  1.554224540574270e-24  1.033138438299102e-15 
 4.786300923226373e+00  4.999998493967100e+01 -7.519818119488851e-08  1.505781150526997e-05 -2.318842736030617e-14  1.757435227160109e-01 -2.705419057070223e-10  1.627472886516612e-24  1.057203323967354e-15 
 4.897788193684452e+00  4.999998493967100e+01 -7.694977184898781e-08  1.505781150526997e-05 -2.372855521981262e-14  1.757435227160109e-01 -2.768436362282765e-10  1.704173320650347e-24  1.081828752831713e-15 
 5.011872336272712e+00  4.999998493967100e+01 -7.874216229067206e-08  1.505781150526997e-05 -2.428126427338115e-14  1.757435227160109e-01 -2.832921529099176e-10  1.784488534879677e-24  1.107027781620520e-15 
 5.128613839913638e+00  4.999998493967100e+01 -8.057630286907858e-08  1.505781150526997e-05 -2.484684757466798e-14  1.757435227160109e-01 -2.898908748408466e-10  1.868588888542034e-24  1.132813771192387e-15 
 5.248074602497715e+00  4.999998493967100e+01 -8.245316606981973e-08  1.505781150526997e-05 -2.542560500342579e-14  1.757435227160109e-01 -2.966433007507755e-10  1.956652769763064e-24  1.159200393620303e-15 
 5.370317963702516e+00  4.999998493967100e+01 -8.437374703060778e-08  1.505781150526997e-05 -2.601784342450409e-14  1.757435227160109e-01 -3.035530108653007e-10  2.048866973841768e-24  1.186201639440748e-15 
 5.495408738576233e+00  4.999998493967100e+01 -8.633906406889002e-08  1.505781150526997e-05 -2.662387685055293e-14  1.757435227160109e-01 -3.106236688041858e-10  2.145427099468370e-24  1.213831825071659e-15 
 5.623413251903478e+00  4.999998493967100e+01 -8.835015922177422e-08  1.505781150526997e-05 -2.724402660851661e-14  1.757435227160109e-01 -3.178590235238613e-10  2.246537963615367e-24  1.242105600403187e-15 
 5.754399373371556e+00  4.999998493967100e+01 -9.040809879853041e-08  1.505781150526997e-05 -2.787862151000545e-14  1.757435227160109e-01 -3.252629113051706e-10  2.352414035981785e-24  1.271037956565260e-15 
 5.888436553555876e+00  4.999998493967100e+01 -9.251397394596222e-08  1.505781150526997e-05 -2.852799802563607e-14  1.757435227160109e-01 -3.328392577874176e-10  2.463279893912162e-24  1.300644233876080e-15 
 6.025595860743564e+00  4.999998493967100e+01 -9.466890122694743e-08  1.505781150526997e-05 -2.919250046343259e-14  1.757435227160109e-01 -3.405920800497918e-10  2.579370698755217e-24  1.330940129975763e-15 
 6.165950018614807e+00  4.999998493967100e+01 -9.687402321245414e-08  1.505781150526997e-05 -2.987248115138322e-14  1.757435227160109e-01 -3.485254887412775e-10  2.700932694672583e-24  1.361941708149434e-15 
 6.309573444801917e+00  4.999998493967100e+01 -9.913050908734744e-08  1.505781150526997e-05 -3.056830062424936e-14  1.757435227160109e-01 -3.566436902601741e-10  2.828223730955705e-24  1.393665405844196e-15 
 6.456542290346539e+00  4.999998493967100e+01 -1.014395552703062e-07  1.505781150526997e-05 -3.128032781472577e-14  1.757435227160109e-01 -3.649509889843840e-10  2.961513808958745e-24  1.426128043384478e-15 
 6.606934480075944e+00  4.999998493967100e+01 -1.038023860481806e-07  1.505781150526997e-05 -3.200894024905364e-14  1.757435227160109e-01 -3.734517895536509e-10  3.101085654807661e-24  1.459346832890401e-15 
 6.760829753919801e+00  4.999998493967100e+01 -1.062202542251248e-07  1.505781150526997e-05 -3.275452424718996e-14  1.757435227160109e-01 -3.821505992049578e-10  3.247235319100218e-24  1.493339387403860e-15 
 6.918309709189348e+00  4.999998493967100e+01 -1.086944417868503e-07  1.505781150526997e-05 -3.351747512763954e-14  1.757435227160109e-01 -3.910520301623245e-10  3.400272804869011e-24  1.528123730227204e-15 
 7.079457843841362e+00  4.999998493967100e+01 -1.112262605803523e-07  1.505781150526997e-05 -3.429819741705801e-14  1.757435227160109e-01 -4.001608020822687e-10  3.560522725139446e-24  1.563718304479423e-15 
 7.244359600749883e+00  4.999998493967100e+01 -1.138170530094676e-07  1.505781150526997e-05 -3.509710506473732e-14  1.757435227160109e-01 -4.094817445562314e-10  3.728324991477499e-24  1.600141982874936e-15 
 7.413102413009157e+00  4.999998493967100e+01 -1.164681927466353e-07  1.505781150526997e-05 -3.591462166208707e-14  1.757435227160109e-01 -4.190197996712895e-10  3.904035534987718e-24  1.637414077730153e-15 
 7.585775750291819e+00  4.999998493967100e+01 -1.191810854612361e-07  1.505781150526997e-05 -3.675118066722827e-14  1.757435227160109e-01 -4.287800246305160e-10  4.088027061290806e-24  1.675554351203119e-15 
 7.762471166286898e+00  4.999998493967100e+01 -1.219571695648965e-07  1.505781150526997e-05 -3.760722563481861e-14  1.757435227160109e-01 -4.387675944343761e-10  4.280689841082226e-24  1.714583025771677e-15 
 7.943282347242794e+00  4.999998493967100e+01 -1.247979169741543e-07  1.505781150526997e-05 -3.848321045123102e-14  1.757435227160109e-01 -4.489878046245810e-10  4.482432537948666e-24  1.754520794955689e-15 
 8.128305161640972e+00  4.999998493967100e+01 -1.277048338908875e-07  1.505781150526997e-05 -3.937959957521018e-14  1.757435227160109e-01 -4.594460740918542e-10  4.693683075198296e-24  1.795388834289015e-15 
 8.317637711026689e+00  4.999998493967100e+01 -1.306794616009229e-07  1.505781150526997e-05 -4.029686828413474e-14  1.757435227160109e-01 -4.701479479490986e-10  4.914889543543473e-24  1.837208812547061e-15 
 8.511380382023743e+00  4.999998493967100e+01 -1.337233772912463e-07  1.505781150526997e-05 -4.123550292601566e-14  1.757435227160109e-01 -4.810991004714893e-10  5.146521151561226e-24  1.880002903235853e-15 
 8.709635899560784e+00  4.999998493967100e+01 -1.368381948862477e-07  1.505781150526997e-05 -4.219600117736436e-14  1.757435227160109e-01 -4.923053381050495e-10  5.389069220947550e-24  1.923793796348721e-15 
 8.912509381337431e+00  4.999998493967100e+01 -1.400255659034453e-07  1.505781150526997e-05 -4.317887230706738e-14  1.757435227160109e-01 -5.037726025453043e-10  5.643048228676598e-24  1.968604710396834e-15 
 9.120108393559072e+00  4.999998493967100e+01 -1.432871803291425e-07  1.505781150526997e-05 -4.418463744640758e-14  1.757435227160109e-01 -5.155069738876475e-10  5.908996898275326e-24  2.014459404719964e-15 
 9.332543007969884e+00  4.999998493967100e+01 -1.466247675144802e-07  1.505781150526997e-05 -4.521382986537467e-14  1.757435227160109e-01 -5.275146738510874e-10  6.187479342528311e-24  2.061382192083998e-15 
 9.549925860214332e+00  4.999998493967100e+01 -1.500400970923624e-07  1.505781150526997e-05 -4.626699525541216e-14  1.757435227160109e-01 -5.398020690770853e-10  6.479086260036604e-24  2.109397951571895e-15 
 9.772372209558078e+00  4.999998493967100e+01 -1.535349799157384e-07  1.505781150526997e-05 -4.734469201875016e-14  1.757435227160109e-01 -5.523756745052329e-10  6.784436188168661e-24  2.158532141774898e-15 
 9.999999999999970e+00  4.999998493967100e+01 -1.571112690177414e-07  1.505781150526997e-05 -4.844749156447759e-14  1.757435227160109e-01 -5.652421568275596e-10  7.104176815061029e-24  2.208810814291019e-15 
 1.023292992280751e+01  4.999998493967100e+01 -1.607708605941912e-07  1.505781150526997e-05 -4.957597861151088e-14  1.757435227160109e-01 -5.784083380233009e-10  7.438986353451721e-24  2.260260627537947e-15 
 1.047128548050896e+01  4.999998493967100e+01 -1.645156950089819e-07  1.505781150526997e-05 -5.073075149861962e-14  1.757435227160109e-01 -5.918811989760014e-10  7.789574979260354e-24  2.312908860887680e-15 
 1.071519305237603e+01  4.999998493967100e+01 -1.683477578228889e-07  1.505781150526997e-05 -5.191242250167382e-14  1.757435227160109e-01 -6.056678831748727e-10  8.156686337966509e-24  2.366783429130425e-15 
 1.096478196143182e+01  4.999998493967100e+01 -1.722690808463398e-07  1.505781150526997e-05 -5.312161815828058e-14  1.757435227160109e-01 -6.197757005023660e-10  8.541099121981482e-24  2.421912897275377e-15 
 1.122018454301960e+01  4.999998493967100e+01 -1.762817432167062e-07  1.505781150526997e-05 -5.435897959998255e-14  1.757435227160109e-01 -6.342121311099664e-10  8.943628722359278e-24  2.478326495696270e-15 
 1.148153621496879e+01  4.999998493967100e+01 -1.803878725006908e-07  1.505781150526997e-05 -5.562516289219462e-14  1.757435227160109e-01 -6.489848293842714e-10  9.365128958350394e-24  2.536054135629712e-15 
 1.174897554939526e+01  4.999998493967100e+01 -1.845896458223910e-07  1.505781150526997e-05 -5.692083938205818e-14  1.757435227160109e-01 -6.641016280054457e-10  9.806493888466877e-24  2.595126425034509e-15 
 1.202264434617409e+01  4.999998493967100e+01 -1.888892910176392e-07  1.505781150526997e-05 -5.824669605439853e-14  1.757435227160109e-01 -6.795705421002130e-10  1.026865970690034e-23  2.655574684820419e-15 
 1.230268770812378e+01  4.999998493967100e+01 -1.932890878152301e-07  1.505781150526997e-05 -5.960343589597306e-14  1.757435227160109e-01 -6.953997734915810e-10  1.075260672931533e-23  2.717430965454908e-15 
 1.258925411794163e+01  4.999998493967100e+01 -1.977913690456643e-07  1.505781150526997e-05 -6.099177826820437e-14  1.757435227160109e-01 -7.115977150475585e-10  1.125936147223029e-23  2.780728063956730e-15 
 1.288249551693130e+01  4.999998493967100e+01 -2.023985218780447e-07  1.505781150526997e-05 -6.241245928859513e-14  1.757435227160109e-01 -7.281729551311636e-10  1.178999883039674e-23  2.845499541285351e-15 
 1.318256738556403e+01  4.999998493967100e+01 -2.071129890857860e-07  1.505781150526997e-05 -6.386623222102723e-14  1.757435227160109e-01 -7.451342821540875e-10  1.234564435679514e-23  2.911779740135400e-15 
 1.348962882591649e+01  4.999998493967100e+01 -2.119372703418051e-07  1.505781150526997e-05 -6.535386787515248e-14  1.757435227160109e-01 -7.624906892364280e-10  1.292747665008368e-23  2.979603803145630e-15 
 1.380384264602880e+01  4.999998493967100e+01 -2.168739235438809e-07  1.505781150526997e-05 -6.687615501508582e-14  1.757435227160109e-01 -7.802513789749588e-10  1.353672985456403e-23  3.049007691532007e-15 
 1.412537544622749e+01  4.999998493967100e+01 -2.219255661708853e-07  1.505781150526997e-05 -6.843390077761873e-14  1.757435227160109e-01 -7.984257683224704e-10  1.417469627796689e-23  3.120028204154822e-15 
 1.445439770745922e+01  4.999998493967100e+01 -2.270948766706057e-07  1.505781150526997e-05 -7.002793110017369e-14  1.757435227160109e-01 -8.170234935807607e-10  1.484272913260996e-23  3.192702997029935e-15 
 1.479108388168202e+01  4.999998493967100e+01 -2.323845958798930e-07  1.505781150526997e-05 -7.165909115872723e-14  1.757435227160109e-01 -8.360544155099323e-10  1.554224540574266e-23  3.267070603294493e-15 
 1.513561248436203e+01  4.999998493967100e+01 -2.377975284778895e-07  1.505781150526997e-05 -7.332824581593333e-14  1.757435227160109e-01 -8.555286245566956e-10  1.627472886516607e-23  3.343170453637711e-15 
 1.548816618912476e+01  4.999998493967100e+01 -2.433365444731074e-07  1.505781150526997e-05 -7.503628007968508e-14  1.757435227160109e-01 -8.754564462044587e-10  1.704173320650341e-23  3.421042897207539e-15 
 1.584893192461108e+01  4.999998493967100e+01 -2.490045807251448e-07  1.505781150526997e-05 -7.678409957235769e-14  1.757435227160109e-01 -8.958484464480356e-10  1.784488534879671e-23  3.500729223004323e-15 
 1.621810097358924e+01  4.999998493967100e+01 -2.548046425018480e-07  1.505781150526997e-05 -7.857263101098126e-14  1.757435227160109e-01 -9.167154373958751e-10  1.868588888542027e-23  3.582271681772773e-15 
 1.659586907437554e+01  4.999998493967100e+01 -2.607398050727439e-07  1.505781150526997e-05 -8.040282269859859e-14  1.757435227160109e-01 -9.380684830027855e-10  1.956652769763057e-23  3.665713508403870e-15 
 1.698243652461738e+01  4.999998493967100e+01 -2.668132153395887e-07  1.505781150526997e-05 -8.227564502706792e-14  1.757435227160109e-01 -9.599189049361883e-10  2.048866973841761e-23  3.751098944858578e-15 
 1.737800828749369e+01  4.999998493967100e+01 -2.730280935048968e-07  1.505781150526997e-05 -8.419209099157744e-14  1.757435227160109e-01 -9.822782885790165e-10  2.145427099468363e-23  3.838473263625514e-15 
 1.778279410038916e+01  4.999998493967100e+01 -2.793877347793355e-07  1.505781150526997e-05 -8.615317671714482e-14  1.757435227160109e-01 -1.005158489172440e-09  2.246537963615360e-23  3.927882791725023e-15 
 1.819700858609976e+01  4.999998493967100e+01 -2.858955111288879e-07  1.505781150526997e-05 -8.815994199737973e-14  1.757435227160109e-01 -1.028571638101668e-09  2.352414035981776e-23  4.019374935272381e-15 
 1.862087136662860e+01  4.999998493967100e+01 -2.925548730627153e-07  1.505781150526997e-05 -9.021345084579642e-14  1.757435227160109e-01 -1.052530149328173e-09  2.463279893912154e-23  4.112998204613138e-15 
 1.905460717963240e+01  4.999998493967100e+01 -2.993693514626621e-07  1.505781150526997e-05 -9.231479205996775e-14  1.757435227160109e-01 -1.077046725971735e-09  2.579370698755208e-23  4.208802240043947e-15 
 1.949844599758038e+01  4.999998493967100e+01 -3.063425594553763e-07  1.505781150526997e-05 -9.446507979882001e-14  1.757435227160109e-01 -1.102134367045806e-09  2.700932694672576e-23  4.306837838132512e-15 
 1.995262314968872e+01  4.999998493967100e+01 -3.134781943280368e-07  1.505781150526997e-05 -9.666545417337472e-14  1.757435227160109e-01 -1.127806374349758e-09  2.828223730955696e-23  4.407156978650592e-15 
 2.041737944669521e+01  4.999998493967100e+01 -3.207800394887046e-07  1.505781150526997e-05 -9.891708185125075e-14  1.757435227160109e-01 -1.154076359521672e-09  2.961513808958738e-23  4.509812852134372e-15 
 2.089296130854031e+01  4.999998493967100e+01 -3.282519664723350e-07  1.505781150526997e-05 -1.012211566752467e-13  1.757435227160109e-01 -1.180958251255411e-09  3.101085654807652e-23  4.614859888086784e-15 
 2.137962089502224e+01  4.999998493967100e+01 -3.358979369935175e-07  1.505781150526997e-05 -1.035789002963322e-13  1.757435227160109e-01 -1.208466302685797e-09  3.247235319100210e-23  4.722353783836752e-15 
 2.187761623949544e+01  4.999998493967100e+01 -3.437220050470287e-07  1.505781150526997e-05 -1.059915628213837e-13  1.757435227160109e-01 -1.236615098945808e-09  3.400272804869002e-23  4.832351534070650e-15 
 2.238721138568331e+01  4.999998493967100e+01 -3.517283190573145e-07  1.505781150526997e-05 -1.084604234760072e-13  1.757435227160109e-01 -1.265419564899817e-09  3.560522725139436e-23  4.944911461051648e-15 
 2.290867652767764e+01  4.999998493967100e+01 -3.599211240780391e-07  1.505781150526997e-05 -1.109867912828011e-13  1.757435227160109e-01 -1.294894973056944e-09  3.728324991477490e-23  5.060093245542937e-15 
 2.344228815319913e+01  4.999998493967100e+01 -3.683047640428691e-07  1.505781150526997e-05 -1.135720057554171e-13  1.757435227160109e-01 -1.325056951668746e-09  3.904035534987703e-23  5.177957958451263e-15 
 2.398832919019481e+01  4.999998493967100e+01 -3.768836840686847e-07  1.505781150526997e-05 -1.162174376087878e-13  1.757435227160109e-01 -1.355921493015526e-09  4.088027061290792e-23  5.298568093207539e-15 
 2.454708915685020e+01  4.999998493967100e+01 -3.856624328124386e-07  1.505781150526997e-05 -1.189244894858983e-13  1.757435227160109e-01 -1.387504961885645e-09  4.280689841082212e-23  5.421987598901671e-15 
 2.511886431509570e+01  4.999998493967100e+01 -3.946456648829157e-07  1.505781150526997e-05 -1.216945967014860e-13  1.757435227160109e-01 -1.419824104252356e-09  4.482432537948654e-23  5.548281914189233e-15 
 2.570395782768853e+01  4.999998493967100e+01 -4.038381433086665e-07  1.505781150526997e-05 -1.245292280030631e-13  1.757435227160109e-01 -1.452896056152734e-09  4.693683075198280e-23  5.677518001987890e-15 
 2.630267991895371e+01  4.999998493967100e+01 -4.132447420634293e-07  1.505781150526997e-05 -1.274298863496667e-13  1.757435227160109e-01 -1.486738352773438e-09  4.914889543543457e-23  5.809764384982037e-15 
 2.691534803926904e+01  4.999998493967100e+01 -4.228704486503749e-07  1.505781150526997e-05 -1.303981097087469e-13  1.757435227160109e-01 -1.521368937748090e-09  5.146521151561206e-23  5.945091181954422e-15 
 2.754228703338154e+01  4.999998493967100e+01 -4.327203667465472e-07  1.505781150526997e-05 -1.334354718716177e-13  1.757435227160109e-01 -1.556806172671236e-09  5.389069220947531e-23  6.083570144964066e-15 
 2.818382931264442e+01  4.999998493967100e+01 -4.427997189088996e-07  1.505781150526997e-05 -1.365435832879021e-13  1.757435227160109e-01 -1.593068846833897e-09  5.643048228676580e-23  6.225274697390141e-15 
 2.884031503126593e+01  4.999998493967100e+01 -4.531138493433647e-07  1.505781150526997e-05 -1.397240919194137e-13  1.757435227160109e-01 -1.630176187185909e-09  5.908996898275307e-23  6.370279972862023e-15 
 2.951209226666373e+01  4.999998493967100e+01 -4.636682267384226e-07  1.505781150526997e-05 -1.429786841139280e-13  1.757435227160109e-01 -1.668147868530300e-09  6.187479342528293e-23  6.518662855096140e-15 
 3.019951720402003e+01  4.999998493967099e+01 -4.744684471646714e-07  1.505781150526997e-05 -1.463090854993060e-13  1.757435227160109e-01 -1.707004023955132e-09  6.479086260036582e-23  6.670502018660731e-15 
 3.090295432513577e+01  4.999998493967099e+01 -4.855202370419394e-07  1.505781150526997e-05 -1.497170618984455e-13  1.757435227160109e-01 -1.746765255508335e-09  6.784436188168638e-23  6.825877970690150e-15 
 3.162277660168365e+01  4.999998493967099e+01 -4.968294561755073e-07  1.505781150526997e-05 -1.532044202655432e-13  1.757435227160109e-01 -1.787452645121180e-09  7.104176815061007e-23  6.984873093570805e-15 
 3.235936569296268e+01  4.999998493967099e+01 -5.084021008630545e-07  1.505781150526997e-05 -1.567730096441659e-13  1.757435227160109e-01 -1.829087765786201e-09  7.438986353451694e-23  7.147571688621398e-15 
 3.311311214825896e+01  4.999998493967099e+01 -5.202443070739770e-07  1.505781150526997e-05 -1.604247221476381e-13  1.757435227160109e-01 -1.871692692995482e-09  7.789574979260330e-23  7.314060020790594e-15 
 3.388441561392010e+01  4.999998493967099e+01 -5.323623537027573e-07  1.505781150526997e-05 -1.641614939622651e-13  1.757435227160109e-01 -1.915290016445368e-09  8.156686337966482e-23  7.484426364395841e-15 
 3.467368504525301e+01  4.999998493967099e+01 -5.447626658981198e-07  1.505781150526997e-05 -1.679853063739252e-13  1.757435227160109e-01 -1.959902852013836e-09  8.541099121981453e-23  7.658761049927585e-15 
 3.548133892335738e+01  4.999998493967099e+01 -5.574518184697277e-07  1.505781150526997e-05 -1.718981868185732e-13  1.757435227160109e-01 -2.005554854016822e-09  8.943628722359251e-23  7.837156511943687e-15 
 3.630780547700997e+01  4.999998493967099e+01 -5.704365393742354e-07  1.505781150526997e-05 -1.759022099572138e-13  1.757435227160109e-01 -2.052270227750065e-09  9.365128958350363e-23  8.019707338079454e-15 
 3.715352290971708e+01  4.999998493967099e+01 -5.837237132825395e-07  1.505781150526997e-05 -1.799994987759148e-13  1.757435227160109e-01 -2.100073742323069e-09  9.806493888466850e-23  8.206510319199247e-15 
 3.801893963205595e+01  4.999998493967099e+01 -5.973203852301229e-07  1.505781150526997e-05 -1.841922257114418e-13  1.757435227160109e-01 -2.148990743792015e-09  1.026865970690031e-22  8.397664500716283e-15 
 3.890451449942788e+01  4.999998493967099e+01 -6.112337643524253e-07  1.505781150526997e-05 -1.884826138031134e-13  1.757435227160109e-01 -2.199047168598574e-09  1.075260672931530e-22  8.593271235107832e-15 
 3.981071705534954e+01  4.999998493967099e+01 -6.254712277072226e-07  1.505781150526997e-05 -1.928729378714857e-13  1.757435227160109e-01 -2.250269557321755e-09  1.125936147223026e-22  8.793434235653624e-15 
 4.073802778041109e+01  4.999998493967099e+01 -6.400403241860407e-07  1.505781150526997e-05 -1.973655257244925e-13  1.757435227160109e-01 -2.302685068750066e-09  1.178999883039671e-22  8.998259631426023e-15 
 4.168693834703335e+01  4.999998493967099e+01 -6.549487785166775e-07  1.505781150526997e-05 -2.019627593916801e-13  1.757435227160109e-01 -2.356321494281469e-09  1.234564435679511e-22  9.207856023561049e-15 
 4.265795188015907e+01  4.999998493967099e+01 -6.702044953589558e-07  1.505781150526997e-05 -2.066670763871903e-13  1.757435227160109e-01 -2.411207272658743e-09  1.292747665008364e-22  9.422334542840153e-15 
 4.365158322401639e+01  4.999998493967099e+01 -6.858155634958786e-07  1.505781150526997e-05 -2.114809710021631e-13  1.757435227160109e-01 -2.467371505048081e-09  1.353672985456399e-22  9.641808908613212e-15 
 4.466835921509610e+01  4.999998493967099e+01 -7.017902601224092e-07  1.505781150526997e-05 -2.164069956272429e-13  1.757435227160109e-01 -2.524843970468919e-09  1.417469627796686e-22  9.866395489094047e-15 
 4.570881896148729e+01  4.999998493967099e+01 -7.181370552341487e-07  1.505781150526997e-05 -2.214477621058894e-13  1.757435227160109e-01 -2.583655141583159e-09  1.484272913260992e-22  1.009621336306038e-14 
 4.677351412871960e+01  4.999998493967099e+01 -7.348646161182414e-07  1.505781150526997e-05 -2.266059431192122e-13  1.757435227160109e-01 -2.643836200852187e-09  1.554224540574262e-22  1.033138438299099e-14 
 4.786300923226361e+01  4.999998493967099e+01 -7.519818119488830e-07  1.505781150526997e-05 -2.318842736030611e-13  1.757435227160109e-01 -2.705419057070216e-09  1.627472886516603e-22  1.057203323967351e-14 
 4.897788193684438e+01  4.999998493967099e+01 -7.694977184898756e-07  1.505781150526997e-05 -2.372855521981253e-13  1.757435227160109e-01 -2.768436362282756e-09  1.704173320650336e-22  1.081828752831710e-14 
 5.011872336272698e+01  4.999998493967099e+01 -7.874216229067181e-07  1.505781150526997e-05 -2.428126427338108e-13  1.757435227160109e-01 -2.832921529099167e-09  1.784488534879666e-22  1.107027781620516e-14 
 5.128613839913623e+01  4.999998493967099e+01 -8.057630286907834e-07  1.505781150526997e-05 -2.484684757466790e-13  1.757435227160109e-01 -2.898908748408457e-09  1.868588888542023e-22  1.132813771192383e-14 
 5.248074602497700e+01  4.999998493967098e+01 -8.245316606981947e-07  1.505781150526997e-05 -2.542560500342571e-13  1.757435227160109e-01 -2.966433007507745e-09  1.956652769763052e-22  1.159200393620299e-14 
 5.370317963702501e+01  4.999998493967098e+01 -8.437374703060751e-07  1.505781150526997e-05 -2.601784342450400e-13  1.757435227160109e-01 -3.035530108652997e-09  2.048866973841755e-22  1.186201639440744e-14 
 5.495408738576219e+01  4.999998493967098e+01 -8.633906406888975e-07  1.505781150526997e-05 -2.662387685055285e-13  1.757435227160109e-01 -3.106236688041848e-09  2.145427099468358e-22  1.213831825071656e-14 
 5.623413251903463e+01  4.999998493967098e+01 -8.835015922177394e-07  1.505781150526997e-05 -2.724402660851652e-13  1.757435227160109e-01 -3.178590235238603e-09  2.246537963615354e-22  1.242105600403183e-14 
 5.754399373371541e+01  4.999998493967098e+01 -9.040809879853011e-07  1.505781150526997e-05 -2.787862151000535e-13  1.757435227160109e-01 -3.252629113051696e-09  2.352414035981770e-22  1.271037956565256e-14 
 5.888436553555861e+01  4.999998493967098e+01 -9.251397394596193e-07  1.505781150526997e-05 -2.852799802563598e-13  1.757435227160109e-01 -3.328392577874165e-09  2.463279893912148e-22  1.300644233876076e-14 
 6.025595860743547e+01  4.999998493967098e+01 -9.466890122694711e-07  1.505781150526997e-05 -2.919250046343249e-13  1.757435227160109e-01 -3.405920800497907e-09  2.579370698755201e-22  1.330940129975759e-14 
 6.165950018614791e+01  4.999998493967098e+01 -9.687402321245384e-07  1.505781150526997e-05 -2.987248115138312e-13  1.757435227160109e-01 -3.485254887412764e-09  2.700932694672567e-22  1.361941708149430e-14 
 6.309573444801901e+01  4.999998493967098e+01 -9.913050908734716e-07  1.505781150526997e-05 -3.056830062424928e-13  1.757435227160109e-01 -3.566436902601731e-09  2.828223730955690e-22  1.393665405844192e-14 
 6.456542290346522e+01  4.999998493967098e+01 -1.014395552703059e-06  1.505781150526997e-05 -3.128032781472567e-13  1.757435227160109e-01 -3.649509889843829e-09  2.961513808958728e-22  1.426128043384475e-14 
 6.606934480075925e+01  4.999998493967098e+01 -1.038023860481803e-06  1.505781150526997e-05 -3.200894024905354e-13  1.757435227160109e-01 -3.734517895536497e-09  3.101085654807642e-22  1.459346832890396e-14 
 6.760829753919782e+01  4.999998493967097e+01 -1.062202542251244e-06  1.505781150526997e-05 -3.275452424718985e-13  1.757435227160108e-01 -3.821505992049566e-09  3.247235319100198e-22  1.493339387403854e-14 
 6.918309709189329e+01  4.999998493967097e+01 -1.086944417868500e-06  1.505781150526997e-05 -3.351747512763942e-13  1.757435227160108e-01 -3.910520301623231e-09  3.400272804868989e-22  1.528123730227199e-14 
 7.079457843841342e+01  4.999998493967097e+01 -1.112262605803519e-06  1.505781150526997e-05 -3.429819741705790e-13  1.757435227160108e-01 -4.001608020822675e-09  3.560522725139426e-22  1.563718304479418e-14 
 7.244359600749863e+01  4.999998493967097e+01 -1.138170530094672e-06  1.505781150526997e-05 -3.509710506473721e-13  1.757435227160108e-01 -4.094817445562302e-09  3.728324991477479e-22  1.600141982874931e-14 
 7.413102413009136e+01  4.999998493967097e+01 -1.164681927466349e-06  1.505781150526997e-05 -3.591462166208694e-13  1.757435227160108e-01 -4.190197996712881e-09  3.904035534987694e-22  1.637414077730147e-14 
 7.585775750291798e+01  4.999998493967097e+01 -1.191810854612357e-06  1.505781150526997e-05 -3.675118066722815e-13  1.757435227160108e-01 -4.287800246305146e-09  4.088027061290782e-22  1.675554351203114e-14 
 7.762471166286876e+01  4.999998493967097e+01 -1.219571695648962e-06  1.505781150526997e-05 -3.760722563481850e-13  1.757435227160108e-01 -4.387675944343747e-09  4.280689841082202e-22  1.714583025771672e-14 
 7.943282347242773e+01  4.999998493967097e+01 -1.247979169741538e-06  1.505781150526997e-05 -3.848321045123088e-13  1.757435227160108e-01 -4.489878046245794e-09  4.482432537948638e-22  1.754520794955683e-14 
 8.128305161640949e+01  4.999998493967097e+01 -1.277048338908870e-06  1.505781150526997e-05 -3.937959957521005e-13  1.757435227160108e-01 -4.594460740918526e-09  4.693683075198268e-22  1.795388834289009e-14 
 8.317637711026666e+01  4.999998493967097e+01 -1.306794616009224e-06  1.505781150526997e-05 -4.029686828413461e-13  1.757435227160108e-01 -4.701479479490970e-09  4.914889543543444e-22  1.837208812547055e-14 
 8.511380382023719e+01  4.999998493967097e+01 -1.337233772912459e-06  1.505781150526997e-05 -4.123550292601552e-13  1.757435227160108e-01 -4.810991004714877e-09  5.146521151561194e-22  1.880002903235847e-14 
 8.709635899560760e+01  4.999998493967097e+01 -1.368381948862472e-06  1.505781150526997e-05 -4.219600117736422e-13  1.757435227160108e-01 -4.923053381050479e-09  5.389069220947519e-22  1.923793796348714e-14 
 8.912509381337408e+01  4.999998493967096e+01 -1.400255659034449e-06  1.505781150526996e-05 -4.317887230706724e-13  1.757435227160108e-01 -5.037726025453026e-09  5.643048228676564e-22  1.968604710396827e-14 
 9.120108393559049e+01  4.999998493967096e+01 -1.432871803291420e-06  1.505781150526996e-05 -4.418463744640743e-13  1.757435227160108e-01 -5.155069738876458e-09  5.908996898275291e-22  2.014459404719957e-14 
 9.332543007969861e+01  4.999998493967096e+01 -1.466247675144798e-06  1.505781150526996e-05 -4.521382986537450e-13  1.757435227160108e-01 -5.275146738510856e-09  6.187479342528275e-22  2.061382192083992e-14 
 9.549925860214309e+01  4.999998493967096e+01 -1.500400970923620e-06  1.505781150526996e-05 -4.626699525541202e-13  1.757435227160108e-01 -5.398020690770836e-09  6.479086260036569e-22  2.109397951571888e-14 
 9.772372209558054e+01  4.999998493967096e+01 -1.535349799157379e-06  1.505781150526996e-05 -4.734469201875002e-13  1.757435227160108e-01 -5.523756745052312e-09  6.784436188168623e-22  2.158532141774890e-14 
 9.999999999999946e+01  4.999998493967095e+01 -1.571112690177409e-06  1.505781150526996e-05 -4.844749156447742e-13  1.757435227160107e-01 -5.652421568275577e-09  7.104176815060988e-22  2.208810814291012e-14 
 1.023292992280749e+02  4.999998493967095e+01 -1.607708605941906e-06  1.505781150526996e-05 -4.957597861151070e-13  1.757435227160107e-01 -5.784083380232987e-09  7.438986353451675e-22  2.260260627537938e-14 
 1.047128548050894e+02  4.999998493967095e+01 -1.645156950089813e-06  1.505781150526996e-05 -5.073075149861945e-13  1.757435227160107e-01 -5.918811989759992e-09  7.789574979260308e-22  2.312908860887672e-14 
 1.071519305237600e+02  4.999998493967094e+01 -1.683477578228883e-06  1.505781150526996e-05 -5.191242250167362e-13  1.757435227160107e-01 -6.056678831748704e-09  8.156686337966456e-22  2.366783429130416e-14 
 1.096478196143179e+02  4.999998493967094e+01 -1.722690808463391e-06  1.505781150526996e-05 -5.312161815828035e-13  1.757435227160107e-01 -6.197757005023635e-09  8.541099121981426e-22  2.421912897275367e-14 
 1.122018454301957e+02  4.999998493967094e+01 -1.762817432167055e-06  1.505781150526996e-05 -5.435897959998233e-13  1.757435227160107e-01 -6.342121311099638e-09  8.943628722359223e-22  2.478326495696262e-14 
 1.148153621496876e+02  4.999998493967093e+01 -1.803878725006901e-06  1.505781150526995e-05 -5.562516289219439e-13  1.757435227160107e-01 -6.489848293842688e-09  9.365128958350329e-22  2.536054135629702e-14 
 1.174897554939523e+02  4.999998493967093e+01 -1.845896458223903e-06  1.505781150526995e-05 -5.692083938205798e-13  1.757435227160107e-01 -6.641016280054432e-09  9.806493888466816e-22  2.595126425034499e-14 
 1.202264434617406e+02  4.999998493967093e+01 -1.888892910176383e-06  1.505781150526995e-05 -5.824669605439828e-13  1.757435227160107e-01 -6.795705421002101e-09  1.026865970690027e-21  2.655574684820409e-14 
 1.230268770812374e+02  4.999998493967092e+01 -1.932890878152293e-06  1.505781150526995e-05 -5.960343589597280e-13  1.757435227160107e-01 -6.953997734915780e-09  1.075260672931525e-21  2.717430965454896e-14 
 1.258925411794160e+02  4.999998493967092e+01 -1.977913690456634e-06  1.505781150526995e-05 -6.099177826820411e-13  1.757435227160107e-01 -7.115977150475554e-09  1.125936147223021e-21  2.780728063956719e-14 
 1.288249551693126e+02  4.999998493967092e+01 -2.023985218780438e-06  1.505781150526995e-05 -6.241245928859487e-13  1.757435227160107e-01 -7.281729551311605e-09  1.178999883039666e-21  2.845499541285339e-14 
 1.318256738556399e+02  4.999998493967091e+01 -2.071129890857851e-06  1.505781150526995e-05 -6.386623222102697e-13  1.757435227160106e-01 -7.451342821540844e-09  1.234564435679506e-21  2.911779740135388e-14 
 1.348962882591645e+02  4.999998493967091e+01 -2.119372703418041e-06  1.505781150526995e-05 -6.535386787515219e-13  1.757435227160106e-01 -7.624906892364245e-09  1.292747665008359e-21  2.979603803145617e-14 
 1.380384264602876e+02  4.999998493967090e+01 -2.168739235438799e-06  1.505781150526995e-05 -6.687615501508552e-13  1.757435227160106e-01 -7.802513789749554e-09  1.353672985456393e-21  3.049007691531993e-14 
 1.412537544622746e+02  4.999998493967090e+01 -2.219255661708843e-06  1.505781150526995e-05 -6.843390077761841e-13  1.757435227160106e-01 -7.984257683224666e-09  1.417469627796679e-21  3.120028204154808e-14 
 1.445439770745919e+02  4.999998493967090e+01 -2.270948766706048e-06  1.505781150526994e-05 -7.002793110017339e-13  1.757435227160106e-01 -8.170234935807572e-09  1.484272913260986e-21  3.192702997029920e-14 
 1.479108388168198e+02  4.999998493967090e+01 -2.323845958798919e-06  1.505781150526994e-05 -7.165909115872690e-13  1.757435227160106e-01 -8.360544155099285e-09  1.554224540574255e-21  3.267070603294479e-14 
 1.513561248436199e+02  4.999998493967089e+01 -2.377975284778884e-06  1.505781150526994e-05 -7.332824581593298e-13  1.757435227160105e-01 -8.555286245566916e-09  1.627472886516596e-21  3.343170453637695e-14 
 1.548816618912472e+02  4.999998493967088e+01 -2.433365444731062e-06  1.505781150526994e-05 -7.503628007968473e-13  1.757435227160105e-01 -8.754564462044546e-09  1.704173320650329e-21  3.421042897207524e-14 
 1.584893192461104e+02  4.999998493967088e+01 -2.490045807251437e-06  1.505781150526994e-05 -7.678409957235734e-13  1.757435227160105e-01 -8.958484464480316e-09  1.784488534879660e-21  3.500729223004307e-14 
 1.621810097358920e+02  4.999998493967087e+01 -2.548046425018468e-06  1.505781150526994e-05 -7.857263101098088e-13  1.757435227160105e-01 -9.167154373958706e-09  1.868588888542014e-21  3.582271681772755e-14 
 1.659586907437551e+02  4.999998493967086e+01 -2.607398050727426e-06  1.505781150526993e-05 -8.040282269859818e-13  1.757435227160104e-01 -9.380684830027806e-09  1.956652769763042e-21  3.665713508403852e-14 
 1.698243652461734e+02  4.999998493967086e+01 -2.668132153395873e-06  1.505781150526993e-05 -8.227564502706749e-13  1.757435227160104e-01 -9.599189049361832e-09  2.048866973841745e-21  3.751098944858558e-14 
 1.737800828749365e+02  4.999998493967085e+01 -2.730280935048954e-06  1.505781150526993e-05 -8.419209099157701e-13  1.757435227160104e-01 -9.822782885790114e-09  2.145427099468346e-21  3.838473263625493e-14 
 1.778279410038912e+02  4.999998493967085e+01 -2.793877347793339e-06  1.505781150526993e-05 -8.615317671714434e-13  1.757435227160104e-01 -1.005158489172435e-08  2.246537963615343e-21  3.927882791725002e-14 
 1.819700858609972e+02  4.999998493967083e+01 -2.858955111288862e-06  1.505781150526993e-05 -8.815994199737922e-13  1.757435227160103e-01 -1.028571638101662e-08  2.352414035981757e-21  4.019374935272358e-14 
 1.862087136662855e+02  4.999998493967082e+01 -2.925548730627135e-06  1.505781150526992e-05 -9.021345084579585e-13  1.757435227160103e-01 -1.052530149328166e-08  2.463279893912132e-21  4.112998204613113e-14 
 1.905460717963235e+02  4.999998493967082e+01 -2.993693514626603e-06  1.505781150526992e-05 -9.231479205996715e-13  1.757435227160103e-01 -1.077046725971728e-08  2.579370698755184e-21  4.208802240043920e-14 
 1.949844599758032e+02  4.999998493967081e+01 -3.063425594553742e-06  1.505781150526992e-05 -9.446507979881934e-13  1.757435227160102e-01 -1.102134367045799e-08  2.700932694672548e-21  4.306837838132482e-14 
 1.995262314968867e+02  4.999998493967080e+01 -3.134781943280348e-06  1.505781150526991e-05 -9.666545417337411e-13  1.757435227160102e-01 -1.127806374349751e-08  2.828223730955671e-21  4.407156978650562e-14 
 2.041737944669516e+02  4.999998493967079e+01 -3.207800394887023e-06  1.505781150526991e-05 -9.891708185125006e-13  1.757435227160102e-01 -1.154076359521664e-08  2.961513808958707e-21  4.509812852134339e-14 
 2.089296130854026e+02  4.999998493967078e+01 -3.282519664723326e-06  1.505781150526991e-05 -1.012211566752459e-12  1.757435227160101e-01 -1.180958251255403e-08  3.101085654807621e-21  4.614859888086750e-14 
 2.137962089502218e+02  4.999998493967077e+01 -3.358979369935151e-06  1.505781150526990e-05 -1.035789002963315e-12  1.757435227160101e-01 -1.208466302685788e-08  3.247235319100176e-21  4.722353783836716e-14 
 2.187761623949538e+02  4.999998493967077e+01 -3.437220050470262e-06  1.505781150526990e-05 -1.059915628213829e-12  1.757435227160101e-01 -1.236615098945799e-08  3.400272804868967e-21  4.832351534070615e-14 
 2.238721138568325e+02  4.999998493967075e+01 -3.517283190573116e-06  1.505781150526990e-05 -1.084604234760063e-12  1.757435227160100e-01 -1.265419564899807e-08  3.560522725139397e-21  4.944911461051608e-14 
 2.290867652767758e+02  4.999998493967074e+01 -3.599211240780362e-06  1.505781150526989e-05 -1.109867912828003e-12  1.757435227160100e-01 -1.294894973056933e-08  3.728324991477449e-21  5.060093245542895e-14 
 2.344228815319906e+02  4.999998493967073e+01 -3.683047640428662e-06  1.505781150526989e-05 -1.135720057554162e-12  1.757435227160100e-01 -1.325056951668736e-08  3.904035534987664e-21  5.177957958451221e-14 
 2.398832919019474e+02  4.999998493967071e+01 -3.768836840686815e-06  1.505781150526988e-05 -1.162174376087868e-12  1.757435227160099e-01 -1.355921493015514e-08  4.088027061290747e-21  5.298568093207493e-14 
 2.454708915685014e+02  4.999998493967070e+01 -3.856624328124354e-06  1.505781150526988e-05 -1.189244894858973e-12  1.757435227160098e-01 -1.387504961885633e-08  4.280689841082166e-21  5.421987598901624e-14 
 2.511886431509563e+02  4.999998493967069e+01 -3.946456648829122e-06  1.505781150526988e-05 -1.216945967014849e-12  1.757435227160098e-01 -1.419824104252343e-08  4.482432537948602e-21  5.548281914189183e-14 
 2.570395782768846e+02  4.999998493967067e+01 -4.038381433086629e-06  1.505781150526987e-05 -1.245292280030620e-12  1.757435227160097e-01 -1.452896056152721e-08  4.693683075198226e-21  5.677518001987837e-14 
 2.630267991895364e+02  4.999998493967066e+01 -4.132447420634255e-06  1.505781150526987e-05 -1.274298863496656e-12  1.757435227160097e-01 -1.486738352773424e-08  4.914889543543399e-21  5.809764384981981e-14 
 2.691534803926897e+02  4.999998493967065e+01 -4.228704486503710e-06  1.505781150526987e-05 -1.303981097087457e-12  1.757435227160097e-01 -1.521368937748076e-08  5.146521151561146e-21  5.945091181954365e-14 
 2.754228703338148e+02  4.999998493967063e+01 -4.327203667465430e-06  1.505781150526986e-05 -1.334354718716164e-12  1.757435227160096e-01 -1.556806172671221e-08  5.389069220947465e-21  6.083570144964004e-14 
 2.818382931264435e+02  4.999998493967061e+01 -4.427997189088951e-06  1.505781150526986e-05 -1.365435832879007e-12  1.757435227160095e-01 -1.593068846833881e-08  5.643048228676508e-21  6.225274697390077e-14 
 2.884031503126586e+02  4.999998493967059e+01 -4.531138493433598e-06  1.505781150526985e-05 -1.397240919194122e-12  1.757435227160095e-01 -1.630176187185892e-08  5.908996898275229e-21  6.370279972861954e-14 
 2.951209226666365e+02  4.999998493967057e+01 -4.636682267384173e-06  1.505781150526984e-05 -1.429786841139263e-12  1.757435227160094e-01 -1.668147868530281e-08  6.187479342528206e-21  6.518662855096068e-14 
 3.019951720401995e+02  4.999998493967055e+01 -4.744684471646660e-06  1.505781150526984e-05 -1.463090854993044e-12  1.757435227160093e-01 -1.707004023955113e-08  6.479086260036493e-21  6.670502018660656e-14 
 3.090295432513569e+02  4.999998493967053e+01 -4.855202370419338e-06  1.505781150526983e-05 -1.497170618984438e-12  1.757435227160093e-01 -1.746765255508314e-08  6.784436188168541e-21  6.825877970690070e-14 
 3.162277660168357e+02  4.999998493967050e+01 -4.968294561755012e-06  1.505781150526982e-05 -1.532044202655413e-12  1.757435227160092e-01 -1.787452645121158e-08  7.104176815060899e-21  6.984873093570720e-14 
 3.235936569296260e+02  4.999998493967048e+01 -5.084021008630480e-06  1.505781150526981e-05 -1.567730096441639e-12  1.757435227160090e-01 -1.829087765786178e-08  7.438986353451577e-21  7.147571688621303e-14 
 3.311311214825888e+02  4.999998493967046e+01 -5.202443070739701e-06  1.505781150526981e-05 -1.604247221476360e-12  1.757435227160090e-01 -1.871692692995457e-08  7.789574979260207e-21  7.314060020790496e-14 
 3.388441561392002e+02  4.999998493967043e+01 -5.323623537027500e-06  1.505781150526980e-05 -1.641614939622629e-12  1.757435227160089e-01 -1.915290016445342e-08  8.156686337966350e-21  7.484426364395736e-14 
 3.467368504525292e+02  4.999998493967041e+01 -5.447626658981120e-06  1.505781150526980e-05 -1.679853063739228e-12  1.757435227160088e-01 -1.959902852013808e-08  8.541099121981309e-21  7.658761049927476e-14 
 3.548133892335729e+02  4.999998493967038e+01 -5.574518184697193e-06  1.505781150526978e-05 -1.718981868185706e-12  1.757435227160087e-01 -2.005554854016792e-08  8.943628722359092e-21  7.837156511943570e-14 
 3.630780547700987e+02  4.999998493967035e+01 -5.704365393742266e-06  1.505781150526977e-05 -1.759022099572111e-12  1.757435227160086e-01 -2.052270227750033e-08  9.365128958350193e-21  8.019707338079329e-14 
 3.715352290971698e+02  4.999998493967031e+01 -5.837237132825299e-06  1.505781150526976e-05 -1.799994987759119e-12  1.757435227160085e-01 -2.100073742323034e-08  9.806493888466661e-21  8.206510319199110e-14 
 3.801893963205584e+02  4.999998493967029e+01 -5.973203852301129e-06  1.505781150526976e-05 -1.841922257114388e-12  1.757435227160084e-01 -2.148990743791979e-08  1.026865970690011e-20  8.397664500716140e-14 
 3.890451449942777e+02  4.999998493967026e+01 -6.112337643524146e-06  1.505781150526975e-05 -1.884826138031101e-12  1.757435227160083e-01 -2.199047168598536e-08  1.075260672931508e-20  8.593271235107680e-14 
 3.981071705534943e+02  4.999998493967022e+01 -6.254712277072112e-06  1.505781150526974e-05 -1.928729378714822e-12  1.757435227160081e-01 -2.250269557321714e-08  1.125936147223003e-20  8.793434235653463e-14 
 4.073802778041097e+02  4.999998493967018e+01 -6.400403241860287e-06  1.505781150526973e-05 -1.973655257244888e-12  1.757435227160080e-01 -2.302685068750023e-08  1.178999883039646e-20  8.998259631425850e-14 
 4.168693834703323e+02  4.999998493967014e+01 -6.549487785166646e-06  1.505781150526971e-05 -2.019627593916761e-12  1.757435227160078e-01 -2.356321494281423e-08  1.234564435679483e-20  9.207856023560866e-14 
 4.265795188015895e+02  4.999998493967010e+01 -6.702044953589419e-06  1.505781150526970e-05 -2.066670763871860e-12  1.757435227160077e-01 -2.411207272658693e-08  1.292747665008334e-20  9.422334542839957e-14 
 4.365158322401627e+02  4.999998493967006e+01 -6.858155634958638e-06  1.505781150526969e-05 -2.114809710021586e-12  1.757435227160076e-01 -2.467371505048028e-08  1.353672985456366e-20  9.641808908613002e-14 
 4.466835921509598e+02  4.999998493967001e+01 -7.017902601223934e-06  1.505781150526967e-05 -2.164069956272381e-12  1.757435227160073e-01 -2.524843970468862e-08  1.417469627796650e-20  9.866395489093821e-14 
 4.570881896148716e+02  4.999998493966996e+01 -7.181370552341322e-06  1.505781150526966e-05 -2.214477621058843e-12  1.757435227160072e-01 -2.583655141583100e-08  1.484272913260954e-20  1.009621336306014e-13 
 4.677351412871947e+02  4.999998493966991e+01 -7.348646161182237e-06  1.505781150526964e-05 -2.266059431192068e-12  1.757435227160070e-01 -2.643836200852124e-08  1.554224540574220e-20  1.033138438299074e-13 
 4.786300923226348e+02  4.999998493966987e+01 -7.519818119488642e-06  1.505781150526963e-05 -2.318842736030553e-12  1.757435227160069e-01 -2.705419057070148e-08  1.627472886516558e-20  1.057203323967324e-13 
 4.897788193684425e+02  4.999998493966981e+01 -7.694977184898555e-06  1.505781150526961e-05 -2.372855521981192e-12  1.757435227160066e-01 -2.768436362282684e-08  1.704173320650288e-20  1.081828752831681e-13 
 5.011872336272685e+02  4.999998493966976e+01 -7.874216229066968e-06  1.505781150526959e-05 -2.428126427338041e-12  1.757435227160065e-01 -2.832921529099090e-08  1.784488534879614e-20  1.107027781620486e-13 
 5.128613839913610e+02  4.999998493966970e+01 -8.057630286907604e-06  1.505781150526958e-05 -2.484684757466719e-12  1.757435227160063e-01 -2.898908748408374e-08  1.868588888541965e-20  1.132813771192351e-13 
 5.248074602497686e+02  4.999998493966964e+01 -8.245316606981704e-06  1.505781150526956e-05 -2.542560500342495e-12  1.757435227160060e-01 -2.966433007507658e-08  1.956652769762989e-20  1.159200393620264e-13 
 5.370317963702487e+02  4.999998493966957e+01 -8.437374703060491e-06  1.505781150526954e-05 -2.601784342450320e-12  1.757435227160058e-01 -3.035530108652904e-08  2.048866973841687e-20  1.186201639440707e-13 
 5.495408738576203e+02  4.999998493966951e+01 -8.633906406888697e-06  1.505781150526952e-05 -2.662387685055199e-12  1.757435227160056e-01 -3.106236688041748e-08  2.145427099468283e-20  1.213831825071616e-13 
 5.623413251903447e+02  4.999998493966944e+01 -8.835015922177096e-06  1.505781150526949e-05 -2.724402660851561e-12  1.757435227160053e-01 -3.178590235238496e-08  2.246537963615273e-20  1.242105600403140e-13 
 5.754399373371524e+02  4.999998493966937e+01 -9.040809879852694e-06  1.505781150526947e-05 -2.787862151000438e-12  1.757435227160050e-01 -3.252629113051581e-08  2.352414035981681e-20  1.271037956565210e-13 
 5.888436553555844e+02  4.999998493966929e+01 -9.251397394595853e-06  1.505781150526945e-05 -2.852799802563493e-12  1.757435227160048e-01 -3.328392577874043e-08  2.463279893912050e-20  1.300644233876027e-13 
 6.025595860743530e+02  4.999998493966920e+01 -9.466890122694349e-06  1.505781150526942e-05 -2.919250046343137e-12  1.757435227160045e-01 -3.405920800497777e-08  2.579370698755095e-20  1.330940129975707e-13 
 6.165950018614773e+02  4.999998493966913e+01 -9.687402321244998e-06  1.505781150526940e-05 -2.987248115138194e-12  1.757435227160042e-01 -3.485254887412625e-08  2.700932694672452e-20  1.361941708149374e-13 
 6.309573444801882e+02  4.999998493966903e+01 -9.913050908734300e-06  1.505781150526937e-05 -3.056830062424799e-12  1.757435227160039e-01 -3.566436902601581e-08  2.828223730955562e-20  1.393665405844132e-13 
 6.456542290346504e+02  4.999998493966894e+01 -1.014395552703015e-05  1.505781150526934e-05 -3.128032781472431e-12  1.757435227160035e-01 -3.649509889843670e-08  2.961513808958591e-20  1.426128043384411e-13 
 6.606934480075907e+02  4.999998493966885e+01 -1.038023860481756e-05  1.505781150526931e-05 -3.200894024905209e-12  1.757435227160032e-01 -3.734517895536328e-08  3.101085654807493e-20  1.459346832890328e-13 
 6.760829753919763e+02  4.999998493966874e+01 -1.062202542251194e-05  1.505781150526928e-05 -3.275452424718830e-12  1.757435227160028e-01 -3.821505992049385e-08  3.247235319100035e-20  1.493339387403782e-13 
 6.918309709189309e+02  4.999998493966864e+01 -1.086944417868446e-05  1.505781150526925e-05 -3.351747512763777e-12  1.757435227160025e-01 -3.910520301623040e-08  3.400272804868813e-20  1.528123730227122e-13 
 7.079457843841321e+02  4.999998493966853e+01 -1.112262605803462e-05  1.505781150526921e-05 -3.429819741705612e-12  1.757435227160020e-01 -4.001608020822467e-08  3.560522725139230e-20  1.563718304479335e-13 
 7.244359600749841e+02  4.999998493966841e+01 -1.138170530094610e-05  1.505781150526918e-05 -3.509710506473530e-12  1.757435227160016e-01 -4.094817445562078e-08  3.728324991477264e-20  1.600141982874842e-13 
 7.413102413009113e+02  4.999998493966829e+01 -1.164681927466283e-05  1.505781150526914e-05 -3.591462166208491e-12  1.757435227160012e-01 -4.190197996712643e-08  3.904035534987460e-20  1.637414077730052e-13 
 7.585775750291774e+02  4.999998493966815e+01 -1.191810854612286e-05  1.505781150526910e-05 -3.675118066722595e-12  1.757435227160007e-01 -4.287800246304890e-08  4.088027061290524e-20  1.675554351203012e-13 
 7.762471166286851e+02  4.999998493966802e+01 -1.219571695648885e-05  1.505781150526906e-05 -3.760722563481615e-12  1.757435227160002e-01 -4.387675944343474e-08  4.280689841081921e-20  1.714583025771563e-13 
 7.943282347242747e+02  4.999998493966788e+01 -1.247979169741457e-05  1.505781150526901e-05 -3.848321045122838e-12  1.757435227159997e-01 -4.489878046245503e-08  4.482432537948334e-20  1.754520794955567e-13 
 8.128305161640923e+02  4.999998493966774e+01 -1.277048338908784e-05  1.505781150526897e-05 -3.937959957520739e-12  1.757435227159992e-01 -4.594460740918216e-08  4.693683075197936e-20  1.795388834288884e-13 
 8.317637711026639e+02  4.999998493966758e+01 -1.306794616009132e-05  1.505781150526892e-05 -4.029686828413174e-12  1.757435227159986e-01 -4.701479479490636e-08  4.914889543543079e-20  1.837208812546921e-13 
 8.511380382023692e+02  4.999998493966743e+01 -1.337233772912359e-05  1.505781150526888e-05 -4.123550292601246e-12  1.757435227159981e-01 -4.810991004714520e-08  5.146521151560797e-20  1.880002903235704e-13 
 8.709635899560732e+02  4.999998493966725e+01 -1.368381948862366e-05  1.505781150526882e-05 -4.219600117736094e-12  1.757435227159974e-01 -4.923053381050096e-08  5.389069220947082e-20  1.923793796348562e-13 
 8.912509381337379e+02  4.999998493966708e+01 -1.400255659034335e-05  1.505781150526877e-05 -4.317887230706374e-12  1.757435227159968e-01 -5.037726025452619e-08  5.643048228676090e-20  1.968604710396665e-13 
 9.120108393559019e+02  4.999998493966689e+01 -1.432871803291299e-05  1.505781150526871e-05 -4.418463744640368e-12  1.757435227159962e-01 -5.155069738876022e-08  5.908996898274772e-20  2.014459404719783e-13 
 9.332543007969830e+02  4.999998493966670e+01 -1.466247675144668e-05  1.505781150526865e-05 -4.521382986537050e-12  1.757435227159954e-01 -5.275146738510389e-08  6.187479342527705e-20  2.061382192083805e-13 
 9.549925860214277e+02  4.999998493966650e+01 -1.500400970923480e-05  1.505781150526859e-05 -4.626699525540772e-12  1.757435227159947e-01 -5.398020690770335e-08  6.479086260035945e-20  2.109397951571688e-13 
 9.772372209558022e+02  4.999998493966628e+01 -1.535349799157230e-05  1.505781150526852e-05 -4.734469201874542e-12  1.757435227159940e-01 -5.523756745051775e-08  6.784436188167941e-20  2.158532141774677e-13 
 9.999999999999912e+02  4.999998493966606e+01 -1.571112690177250e-05  1.505781150526845e-05 -4.844749156447254e-12  1.757435227159932e-01 -5.652421568275006e-08  7.104176815060245e-20  2.208810814290783e-13 
 1.023292992280745e+03  4.999998493966583e+01 -1.607708605941736e-05  1.505781150526838e-05 -4.957597861150543e-12  1.757435227159923e-01 -5.784083380232373e-08  7.438986353450858e-20  2.260260627537694e-13 
 1.047128548050890e+03  4.999998493966559e+01 -1.645156950089631e-05  1.505781150526830e-05 -5.073075149861382e-12  1.757435227159914e-01 -5.918811989759336e-08  7.789574979259418e-20  2.312908860887410e-13 
 1.071519305237597e+03  4.999998493966534e+01 -1.683477578228689e-05  1.505781150526823e-05 -5.191242250166762e-12  1.757435227159905e-01 -6.056678831748005e-08  8.156686337965488e-20  2.366783429130136e-13 
 1.096478196143175e+03  4.999998493966507e+01 -1.722690808463183e-05  1.505781150526814e-05 -5.312161815827392e-12  1.757435227159895e-01 -6.197757005022884e-08  8.541099121980363e-20  2.421912897275068e-13 
 1.122018454301953e+03  4.999998493966478e+01 -1.762817432166832e-05  1.505781150526805e-05 -5.435897959997546e-12  1.757435227159885e-01 -6.342121311098836e-08  8.943628722358059e-20  2.478326495695940e-13 
 1.148153621496872e+03  4.999998493966449e+01 -1.803878725006662e-05  1.505781150526797e-05 -5.562516289218703e-12  1.757435227159875e-01 -6.489848293841829e-08  9.365128958349060e-20  2.536054135629359e-13 
 1.174897554939519e+03  4.999998493966418e+01 -1.845896458223648e-05  1.505781150526787e-05 -5.692083938205008e-12  1.757435227159864e-01 -6.641016280053512e-08  9.806493888465424e-20  2.595126425034132e-13 
 1.202264434617402e+03  4.999998493966386e+01 -1.888892910176110e-05  1.505781150526777e-05 -5.824669605438983e-12  1.757435227159852e-01 -6.795705421001115e-08  1.026865970689875e-19  2.655574684820015e-13 
 1.230268770812370e+03  4.999998493966353e+01 -1.932890878152001e-05  1.505781150526767e-05 -5.960343589596379e-12  1.757435227159840e-01 -6.953997734914729e-08  1.075260672931360e-19  2.717430965454476e-13 
 1.258925411794156e+03  4.999998493966318e+01 -1.977913690456321e-05  1.505781150526756e-05 -6.099177826819446e-12  1.757435227159828e-01 -7.115977150474427e-08  1.125936147222839e-19  2.780728063956269e-13 
 1.288249551693122e+03  4.999998493966280e+01 -2.023985218780103e-05  1.505781150526744e-05 -6.241245928858451e-12  1.757435227159814e-01 -7.281729551310397e-08  1.178999883039467e-19  2.845499541284857e-13 
 1.318256738556395e+03  4.999998493966242e+01 -2.071129890857493e-05  1.505781150526733e-05 -6.386623222101592e-12  1.757435227159800e-01 -7.451342821539555e-08  1.234564435679289e-19  2.911779740134871e-13 
 1.348962882591641e+03  4.999998493966201e+01 -2.119372703417658e-05  1.505781150526720e-05 -6.535386787514035e-12  1.757435227159785e-01 -7.624906892362865e-08  1.292747665008120e-19  2.979603803145064e-13 
 1.380384264602872e+03  4.999998493966159e+01 -2.168739235438387e-05  1.505781150526707e-05 -6.687615501507283e-12  1.757435227159770e-01 -7.802513789748073e-08  1.353672985456132e-19  3.049007691531401e-13 
 1.412537544622741e+03  4.999998493966115e+01 -2.219255661708404e-05  1.505781150526693e-05 -6.843390077760485e-12  1.757435227159755e-01 -7.984257683223083e-08  1.417469627796393e-19  3.120028204154174e-13 
 1.445439770745914e+03  4.999998493966068e+01 -2.270948766705575e-05  1.505781150526679e-05 -7.002793110015881e-12  1.757435227159738e-01 -8.170234935805872e-08  1.484272913260672e-19  3.192702997029241e-13 
 1.479108388168193e+03  4.999998493966020e+01 -2.323845958798414e-05  1.505781150526664e-05 -7.165909115871130e-12  1.757435227159720e-01 -8.360544155097464e-08  1.554224540573911e-19  3.267070603293752e-13 
 1.513561248436194e+03  4.999998493965969e+01 -2.377975284778344e-05  1.505781150526648e-05 -7.332824581591629e-12  1.757435227159702e-01 -8.555286245564970e-08  1.627472886516220e-19  3.343170453636916e-13 
 1.548816618912467e+03  4.999998493965916e+01 -2.433365444730484e-05  1.505781150526632e-05 -7.503628007966687e-12  1.757435227159683e-01 -8.754564462042462e-08  1.704173320649918e-19  3.421042897206690e-13 
 1.584893192461099e+03  4.999998493965860e+01 -2.490045807250816e-05  1.505781150526615e-05 -7.678409957233818e-12  1.757435227159663e-01 -8.958484464478080e-08  1.784488534879208e-19  3.500729223003414e-13 
 1.621810097358915e+03  4.999998493965801e+01 -2.548046425017804e-05  1.505781150526597e-05 -7.857263101096040e-12  1.757435227159642e-01 -9.167154373956318e-08  1.868588888541520e-19  3.582271681771799e-13 
 1.659586907437545e+03  4.999998493965740e+01 -2.607398050726715e-05  1.505781150526578e-05 -8.040282269857626e-12  1.757435227159619e-01 -9.380684830025249e-08  1.956652769762502e-19  3.665713508402828e-13 
 1.698243652461728e+03  4.999998493965676e+01 -2.668132153395111e-05  1.505781150526558e-05 -8.227564502704397e-12  1.757435227159597e-01 -9.599189049359089e-08  2.048866973841153e-19  3.751098944857463e-13 
 1.737800828749359e+03  4.999998493965609e+01 -2.730280935048138e-05  1.505781150526537e-05 -8.419209099155181e-12  1.757435227159572e-01 -9.822782885787176e-08  2.145427099467698e-19  3.838473263624318e-13 
 1.778279410038906e+03  4.999998493965538e+01 -2.793877347792466e-05  1.505781150526515e-05 -8.615317671711740e-12  1.757435227159547e-01 -1.005158489172120e-07  2.246537963614632e-19  3.927882791723744e-13 
 1.819700858609966e+03  4.999998493965465e+01 -2.858955111287927e-05  1.505781150526493e-05 -8.815994199735035e-12  1.757435227159521e-01 -1.028571638101326e-07  2.352414035980979e-19  4.019374935271012e-13 
 1.862087136662849e+03  4.999998493965388e+01 -2.925548730626134e-05  1.505781150526469e-05 -9.021345084576496e-12  1.757435227159493e-01 -1.052530149327806e-07  2.463279893911280e-19  4.112998204611671e-13 
 1.905460717963228e+03  4.999998493965307e+01 -2.993693514625530e-05  1.505781150526444e-05 -9.231479205993406e-12  1.757435227159464e-01 -1.077046725971342e-07  2.579370698754251e-19  4.208802240042376e-13 
 1.949844599758026e+03  4.999998493965223e+01 -3.063425594552595e-05  1.505781150526418e-05 -9.446507979878395e-12  1.757435227159433e-01 -1.102134367045386e-07  2.700932694671528e-19  4.306837838130829e-13 
 1.995262314968860e+03  4.999998493965135e+01 -3.134781943279118e-05  1.505781150526391e-05 -9.666545417333613e-12  1.757435227159402e-01 -1.127806374349308e-07  2.828223730954550e-19  4.407156978648791e-13 
 2.041737944669509e+03  4.999998493965042e+01 -3.207800394885706e-05  1.505781150526363e-05 -9.891708185120940e-12  1.757435227159369e-01 -1.154076359521190e-07  2.961513808957481e-19  4.509812852132444e-13 
 2.089296130854019e+03  4.999998493964944e+01 -3.282519664721915e-05  1.505781150526333e-05 -1.012211566752024e-11  1.757435227159334e-01 -1.180958251254895e-07  3.101085654806276e-19  4.614859888084719e-13 
 2.137962089502211e+03  4.999998493964843e+01 -3.358979369933637e-05  1.505781150526301e-05 -1.035789002962847e-11  1.757435227159297e-01 -1.208466302685243e-07  3.247235319098702e-19  4.722353783834539e-13 
 2.187761623949531e+03  4.999998493964737e+01 -3.437220050468641e-05  1.505781150526268e-05 -1.059915628213329e-11  1.757435227159259e-01 -1.236615098945216e-07  3.400272804867351e-19  4.832351534068281e-13 
 2.238721138568317e+03  4.999998493964625e+01 -3.517283190571383e-05  1.505781150526234e-05 -1.084604234759528e-11  1.757435227159219e-01 -1.265419564899183e-07  3.560522725137630e-19  4.944911461049112e-13 
 2.290867652767750e+03  4.999998493964509e+01 -3.599211240778504e-05  1.505781150526198e-05 -1.109867912827429e-11  1.757435227159176e-01 -1.294894973056264e-07  3.728324991475510e-19  5.060093245540220e-13 
 2.344228815319898e+03  4.999998493964387e+01 -3.683047640426670e-05  1.505781150526160e-05 -1.135720057553547e-11  1.757435227159133e-01 -1.325056951668019e-07  3.904035534985538e-19  5.177957958448355e-13 
 2.398832919019466e+03  4.999998493964259e+01 -3.768836840684683e-05  1.505781150526121e-05 -1.162174376087210e-11  1.757435227159087e-01 -1.355921493014747e-07  4.088027061288419e-19  5.298568093204422e-13 
 2.454708915685005e+03  4.999998493964125e+01 -3.856624328122068e-05  1.505781150526079e-05 -1.189244894858267e-11  1.757435227159038e-01 -1.387504961884810e-07  4.280689841079611e-19  5.421987598898334e-13 
 2.511886431509554e+03  4.999998493963985e+01 -3.946456648826674e-05  1.505781150526036e-05 -1.216945967014094e-11  1.757435227158988e-01 -1.419824104251462e-07  4.482432537945803e-19  5.548281914185658e-13 
 2.570395782768837e+03  4.999998493963839e+01 -4.038381433084007e-05  1.505781150525992e-05 -1.245292280029811e-11  1.757435227158936e-01 -1.452896056151777e-07  4.693683075195160e-19  5.677518001984063e-13 
 2.630267991895354e+03  4.999998493963685e+01 -4.132447420631445e-05  1.505781150525944e-05 -1.274298863495789e-11  1.757435227158880e-01 -1.486738352772413e-07  4.914889543540037e-19  5.809764384977937e-13 
 2.691534803926887e+03  4.999998493963524e+01 -4.228704486500699e-05  1.505781150525894e-05 -1.303981097086528e-11  1.757435227158822e-01 -1.521368937746992e-07  5.146521151557461e-19  5.945091181950032e-13 
 2.754228703338138e+03  4.999998493963355e+01 -4.327203667462204e-05  1.505781150525842e-05 -1.334354718715168e-11  1.757435227158761e-01 -1.556806172670060e-07  5.389069220943426e-19  6.083570144959363e-13 
 2.818382931264424e+03  4.999998493963179e+01 -4.427997189085496e-05  1.505781150525788e-05 -1.365435832877941e-11  1.757435227158698e-01 -1.593068846832637e-07  5.643048228672083e-19  6.225274697385103e-13 
 2.884031503126575e+03  4.999998493962994e+01 -4.531138493429897e-05  1.505781150525731e-05 -1.397240919192980e-11  1.757435227158631e-01 -1.630176187184559e-07  5.908996898270378e-19  6.370279972856626e-13 
 2.951209226666354e+03  4.999998493962801e+01 -4.636682267380210e-05  1.505781150525671e-05 -1.429786841138041e-11  1.757435227158562e-01 -1.668147868528855e-07  6.187479342522893e-19  6.518662855090361e-13 
 3.019951720401984e+03  4.999998493962597e+01 -4.744684471642413e-05  1.505781150525609e-05 -1.463090854991733e-11  1.757435227158489e-01 -1.707004023953584e-07  6.479086260030667e-19  6.670502018654542e-13 
 3.090295432513557e+03  4.999998493962385e+01 -4.855202370414787e-05  1.505781150525543e-05 -1.497170618983034e-11  1.757435227158412e-01 -1.746765255506676e-07  6.784436188162153e-19  6.825877970683516e-13 
 3.162277660168345e+03  4.999998493962163e+01 -4.968294561750136e-05  1.505781150525474e-05 -1.532044202653909e-11  1.757435227158332e-01 -1.787452645119403e-07  7.104176815053897e-19  6.984873093563700e-13 
 3.235936569296248e+03  4.999998493961930e+01 -5.084021008625259e-05  1.505781150525402e-05 -1.567730096440028e-11  1.757435227158248e-01 -1.829087765784298e-07  7.438986353443908e-19  7.147571688613786e-13 
 3.311311214825875e+03  4.999998493961687e+01 -5.202443070734105e-05  1.505781150525327e-05 -1.604247221474633e-11  1.757435227158161e-01 -1.871692692993442e-07  7.789574979251793e-19  7.314060020782439e-13 
 3.388441561391989e+03  4.999998493961431e+01 -5.323623537021505e-05  1.505781150525249e-05 -1.641614939620779e-11  1.757435227158069e-01 -1.915290016443185e-07  8.156686337957129e-19  7.484426364387105e-13 
 3.467368504525279e+03  4.999998493961164e+01 -5.447626658974697e-05  1.505781150525166e-05 -1.679853063737246e-11  1.757435227157973e-01 -1.959902852011496e-07  8.541099121971201e-19  7.658761049918228e-13 
 3.548133892335716e+03  4.999998493960885e+01 -5.574518184690314e-05  1.505781150525080e-05 -1.718981868183584e-11  1.757435227157872e-01 -2.005554854014316e-07  8.943628722348016e-19  7.837156511933665e-13 
 3.630780547700973e+03  4.999998493960592e+01 -5.704365393734894e-05  1.505781150524990e-05 -1.759022099569837e-11  1.757435227157767e-01 -2.052270227747380e-07  9.365128958338048e-19  8.019707338068716e-13 
 3.715352290971684e+03  4.999998493960285e+01 -5.837237132817404e-05  1.505781150524895e-05 -1.799994987756682e-11  1.757435227157656e-01 -2.100073742320192e-07  9.806493888453349e-19  8.206510319187740e-13 
 3.801893963205570e+03  4.999998493959964e+01 -5.973203852292667e-05  1.505781150524796e-05 -1.841922257111776e-11  1.757435227157541e-01 -2.148990743788932e-07  1.026865970688552e-18  8.397664500703956e-13 
 3.890451449942763e+03  4.999998493959627e+01 -6.112337643515078e-05  1.505781150524692e-05 -1.884826138028303e-11  1.757435227157420e-01 -2.199047168595272e-07  1.075260672929908e-18  8.593271235094625e-13 
 3.981071705534928e+03  4.999998493959276e+01 -6.254712277062399e-05  1.505781150524583e-05 -1.928729378711825e-11  1.757435227157293e-01 -2.250269557318218e-07  1.125936147221249e-18  8.793434235639476e-13 
 4.073802778041082e+03  4.999998493958907e+01 -6.400403241849880e-05  1.505781150524470e-05 -1.973655257241677e-11  1.757435227157160e-01 -2.302685068746277e-07  1.178999883037724e-18  8.998259631410868e-13 
 4.168693834703307e+03  4.999998493958521e+01 -6.549487785155496e-05  1.505781150524350e-05 -2.019627593913320e-11  1.757435227157021e-01 -2.356321494277409e-07  1.234564435677375e-18  9.207856023544810e-13 
 4.265795188015879e+03  4.999998493958117e+01 -6.702044953577474e-05  1.505781150524226e-05 -2.066670763868175e-11  1.757435227156876e-01 -2.411207272654393e-07  1.292747665006024e-18  9.422334542822755e-13 
 4.365158322401610e+03  4.999998493957693e+01 -6.858155634945840e-05  1.505781150524095e-05 -2.114809710017636e-11  1.757435227156723e-01 -2.467371505043420e-07  1.353672985453833e-18  9.641808908594573e-13 
 4.466835921509581e+03  4.999998493957249e+01 -7.017902601210220e-05  1.505781150523958e-05 -2.164069956268149e-11  1.757435227156563e-01 -2.524843970463925e-07  1.417469627793873e-18  9.866395489074074e-13 
 4.570881896148699e+03  4.999998493956785e+01 -7.181370552326627e-05  1.505781150523815e-05 -2.214477621054309e-11  1.757435227156396e-01 -2.583655141577810e-07  1.484272913257909e-18  1.009621336303899e-12 
 4.677351412871929e+03  4.999998493956299e+01 -7.348646161166493e-05  1.505781150523665e-05 -2.266059431187210e-11  1.757435227156221e-01 -2.643836200846455e-07  1.554224540570882e-18  1.033138438296807e-12 
 4.786300923226329e+03  4.999998493955790e+01 -7.519818119471774e-05  1.505781150523508e-05 -2.318842736025348e-11  1.757435227156038e-01 -2.705419057064075e-07  1.627472886512899e-18  1.057203323964895e-12 
 4.897788193684407e+03  4.999998493955257e+01 -7.694977184880484e-05  1.505781150523344e-05 -2.372855521975616e-11  1.757435227155846e-01 -2.768436362276179e-07  1.704173320646277e-18  1.081828752829079e-12 
 5.011872336272666e+03  4.999998493954699e+01 -7.874216229047605e-05  1.505781150523171e-05 -2.428126427332067e-11  1.757435227155645e-01 -2.832921529092120e-07  1.784488534875216e-18  1.107027781617698e-12 
 5.128613839913590e+03  4.999998493954115e+01 -8.057630286886856e-05  1.505781150522991e-05 -2.484684757460318e-11  1.757435227155435e-01 -2.898908748400906e-07  1.868588888537143e-18  1.132813771189363e-12 
 5.248074602497666e+03  4.999998493953503e+01 -8.245316606959474e-05  1.505781150522802e-05 -2.542560500335637e-11  1.757435227155215e-01 -2.966433007499656e-07  1.956652769757704e-18  1.159200393617064e-12 
 5.370317963702466e+03  4.999998493952862e+01 -8.437374703036674e-05  1.505781150522605e-05 -2.601784342442972e-11  1.757435227154985e-01 -3.035530108644331e-07  2.048866973835893e-18  1.186201639437278e-12 
 5.495408738576182e+03  4.999998493952191e+01 -8.633906406863178e-05  1.505781150522398e-05 -2.662387685047325e-11  1.757435227154742e-01 -3.106236688032562e-07  2.145427099461930e-18  1.213831825067941e-12 
 5.623413251903426e+03  4.999998493951488e+01 -8.835015922149752e-05  1.505781150522181e-05 -2.724402660843123e-11  1.757435227154490e-01 -3.178590235228652e-07  2.246537963608307e-18  1.242105600399204e-12 
 5.754399373371502e+03  4.999998493950753e+01 -9.040809879823396e-05  1.505781150521954e-05 -2.787862150991399e-11  1.757435227154225e-01 -3.252629113041035e-07  2.352414035974045e-18  1.271037956560992e-12 
 5.888436553555821e+03  4.999998493949983e+01 -9.251397394564462e-05  1.505781150521716e-05 -2.852799802553807e-11  1.757435227153948e-01 -3.328392577862742e-07  2.463279893903677e-18  1.300644233871508e-12 
 6.025595860743507e+03  4.999998493949176e+01 -9.466890122660712e-05  1.505781150521467e-05 -2.919250046332758e-11  1.757435227153657e-01 -3.405920800485668e-07  2.579370698745915e-18  1.330940129970864e-12 
 6.165950018614749e+03  4.999998493948331e+01 -9.687402321208959e-05  1.505781150521207e-05 -2.987248115127074e-11  1.757435227153353e-01 -3.485254887399652e-07  2.700932694662388e-18  1.361941708144185e-12 
 6.309573444801857e+03  4.999998493947447e+01 -9.913050908695688e-05  1.505781150520934e-05 -3.056830062412886e-11  1.757435227153035e-01 -3.566436902587682e-07  2.828223730944529e-18  1.393665405838573e-12 
 6.456542290346478e+03  4.999998493946520e+01 -1.014395552698878e-04  1.505781150520648e-05 -3.128032781459666e-11  1.757435227152701e-01 -3.649509889828776e-07  2.961513808946493e-18  1.426128043378454e-12 
 6.606934480075881e+03  4.999998493945550e+01 -1.038023860477322e-04  1.505781150520349e-05 -3.200894024891529e-11  1.757435227152352e-01 -3.734517895520368e-07  3.101085654794228e-18  1.459346832883945e-12 
 6.760829753919737e+03  4.999998493944535e+01 -1.062202542246444e-04  1.505781150520036e-05 -3.275452424704175e-11  1.757435227151987e-01 -3.821505992032286e-07  3.247235319085493e-18  1.493339387396943e-12 
 6.918309709189281e+03  4.999998493943471e+01 -1.086944417863356e-04  1.505781150519707e-05 -3.351747512748072e-11  1.757435227151604e-01 -3.910520301604717e-07  3.400272804852868e-18  1.528123730219793e-12 
 7.079457843841294e+03  4.999998493942358e+01 -1.112262605798009e-04  1.505781150519363e-05 -3.429819741688786e-11  1.757435227151203e-01 -4.001608020802837e-07  3.560522725121750e-18  1.563718304471483e-12 
 7.244359600749813e+03  4.999998493941191e+01 -1.138170530088767e-04  1.505781150519004e-05 -3.509710506455502e-11  1.757435227150783e-01 -4.094817445541045e-07  3.728324991458099e-18  1.600141982866429e-12 
 7.413102413009085e+03  4.999998493939971e+01 -1.164681927460022e-04  1.505781150518627e-05 -3.591462166189173e-11  1.757435227150344e-01 -4.190197996690105e-07  3.904035534966447e-18  1.637414077721038e-12 
 7.585775750291745e+03  4.999998493938691e+01 -1.191810854605577e-04  1.505781150518233e-05 -3.675118066701898e-11  1.757435227149883e-01 -4.287800246280742e-07  4.088027061267486e-18  1.675554351193353e-12 
 7.762471166286822e+03  4.999998493937353e+01 -1.219571695641698e-04  1.505781150517819e-05 -3.760722563459437e-11  1.757435227149401e-01 -4.387675944317599e-07  4.280689841056660e-18  1.714583025761214e-12 
 7.943282347242717e+03  4.999998493935951e+01 -1.247979169733756e-04  1.505781150517387e-05 -3.848321045099076e-11  1.757435227148897e-01 -4.489878046217781e-07  4.482432537920640e-18  1.754520794944478e-12 
 8.128305161640892e+03  4.999998493934483e+01 -1.277048338900531e-04  1.505781150516934e-05 -3.937959957495276e-11  1.757435227148368e-01 -4.594460740888509e-07  4.693683075167569e-18  1.795388834277002e-12 
 8.317637711026608e+03  4.999998493932946e+01 -1.306794616000290e-04  1.505781150516460e-05 -4.029686828385894e-11  1.757435227147815e-01 -4.701479479458808e-07  4.914889543509787e-18  1.837208812534191e-12 
 8.511380382023659e+03  4.999998493931336e+01 -1.337233772902885e-04  1.505781150515963e-05 -4.123550292572012e-11  1.757435227147235e-01 -4.810991004680413e-07  5.146521151524291e-18  1.880002903222062e-12 
 8.709635899560699e+03  4.999998493929651e+01 -1.368381948852214e-04  1.505781150515443e-05 -4.219600117704771e-11  1.757435227146629e-01 -4.923053381013552e-07  5.389069220907059e-18  1.923793796333946e-12 
 8.912509381337344e+03  4.999998493927885e+01 -1.400255659023458e-04  1.505781150514898e-05 -4.317887230672813e-11  1.757435227145993e-01 -5.037726025413463e-07  5.643048228632207e-18  1.968604710381003e-12 
 9.120108393558983e+03  4.999998493926037e+01 -1.432871803279643e-04  1.505781150514328e-05 -4.418463744604406e-11  1.757435227145328e-01 -5.155069738834064e-07  5.908996898226655e-18  2.014459404703001e-12 
 9.332543007969793e+03  4.999998493924102e+01 -1.466247675132179e-04  1.505781150513731e-05 -4.521382986498518e-11  1.757435227144632e-01 -5.275146738465434e-07  6.187479342474952e-18  2.061382192065824e-12 
 9.549925860214238e+03  4.999998493922076e+01 -1.500400970910098e-04  1.505781150513106e-05 -4.626699525499485e-11  1.757435227143902e-01 -5.398020690722164e-07  6.479086259978100e-18  2.109397951552421e-12 
 9.772372209557981e+03  4.999998493919954e+01 -1.535349799142891e-04  1.505781150512451e-05 -4.734469201830301e-11  1.757435227143138e-01 -5.523756745000159e-07  6.784436188104517e-18  2.158532141754031e-12 
 9.999999999999871e+03  4.999998493917732e+01 -1.571112690161886e-04  1.505781150511766e-05 -4.844749156399848e-11  1.757435227142338e-01 -5.652421568219698e-07  7.104176814990703e-18  2.208810814268663e-12 
 1.023292992280741e+04  4.999998493915405e+01 -1.607708605925274e-04  1.505781150511048e-05 -4.957597861099753e-11  1.757435227141501e-01 -5.784083380173117e-07  7.438986353374618e-18  2.260260627513992e-12 
 1.047128548050886e+04  4.999998493912969e+01 -1.645156950071991e-04  1.505781150510296e-05 -5.073075149806958e-11  1.757435227140624e-01 -5.918811989695840e-07  7.789574979175820e-18  2.312908860862013e-12 
 1.071519305237592e+04  4.999998493910418e+01 -1.683477578209788e-04  1.505781150509509e-05 -5.191242250108446e-11  1.757435227139706e-01 -6.056678831679967e-07  8.156686337873826e-18  2.366783429102923e-12 
 1.096478196143171e+04  4.999998493907746e+01 -1.722690808442931e-04  1.505781150508685e-05 -5.312161815764908e-11  1.757435227138744e-01 -6.197757004949984e-07  8.541099121879864e-18  2.421912897245909e-12 
 1.122018454301949e+04  4.999998493904949e+01 -1.762817432145132e-04  1.505781150507822e-05 -5.435897959930594e-11  1.757435227137737e-01 -6.342121311020723e-07  8.943628722247867e-18  2.478326495664697e-12 
 1.148153621496868e+04  4.999998493902020e+01 -1.803878724983411e-04  1.505781150506918e-05 -5.562516289146964e-11  1.757435227136682e-01 -6.489848293758130e-07  9.365128958228240e-18  2.536054135595881e-12 
 1.174897554939514e+04  4.999998493898953e+01 -1.845896458198734e-04  1.505781150505972e-05 -5.692083938128140e-11  1.757435227135579e-01 -6.641016279963830e-07  9.806493888332956e-18  2.595126424998261e-12 
 1.202264434617397e+04  4.999998493895741e+01 -1.888892910149414e-04  1.505781150504981e-05 -5.824669605356619e-11  1.757435227134423e-01 -6.795705420905020e-07  1.026865970675351e-17  2.655574684781580e-12 
 1.230268770812365e+04  4.999998493892379e+01 -1.932890878123396e-04  1.505781150503944e-05 -5.960343589508125e-11  1.757435227133212e-01 -6.953997734811762e-07  1.075260672915434e-17  2.717430965413292e-12 
 1.258925411794151e+04  4.999998493888857e+01 -1.977913690425671e-04  1.505781150502857e-05 -6.099177826724880e-11  1.757435227131945e-01 -7.115977150364098e-07  1.125936147205378e-17  2.780728063912139e-12 
 1.288249551693117e+04  4.999998493885170e+01 -2.023985218747262e-04  1.505781150501719e-05 -6.241245928757123e-11  1.757435227130617e-01 -7.281729551192177e-07  1.178999883020321e-17  2.845499541237571e-12 
 1.318256738556390e+04  4.999998493881309e+01 -2.071129890822302e-04  1.505781150500528e-05 -6.386623221993015e-11  1.757435227129227e-01 -7.451342821412879e-07  1.234564435658295e-17  2.911779740084205e-12 
 1.348962882591636e+04  4.999998493877265e+01 -2.119372703379952e-04  1.505781150499281e-05 -6.535386787397697e-11  1.757435227127772e-01 -7.624906892227133e-07  1.292747664985103e-17  2.979603803090775e-12 
 1.380384264602866e+04  4.999998493873031e+01 -2.168739235397985e-04  1.505781150497974e-05 -6.687615501382625e-11  1.757435227126248e-01 -7.802513789602634e-07  1.353672985430894e-17  3.049007691473230e-12 
 1.412537544622735e+04  4.999998493868598e+01 -2.219255661665111e-04  1.505781150496606e-05 -6.843390077626912e-11  1.757435227124652e-01 -7.984257683067245e-07  1.417469627768721e-17  3.120028204091842e-12 
 1.445439770745908e+04  4.999998493863956e+01 -2.270948766659188e-04  1.505781150495174e-05 -7.002793109872759e-11  1.757435227122981e-01 -8.170234935638891e-07  1.484272913230331e-17  3.192702996962452e-12 
 1.479108388168187e+04  4.999998493859094e+01 -2.323845958748709e-04  1.505781150493674e-05 -7.165909115717771e-11  1.757435227121231e-01 -8.360544154918539e-07  1.554224540540642e-17  3.267070603222186e-12 
 1.513561248436188e+04  4.999998493854005e+01 -2.377975284725083e-04  1.505781150492104e-05 -7.332824581427302e-11  1.757435227119399e-01 -8.555286245373247e-07  1.627472886479742e-17  3.343170453560234e-12 
 1.548816618912460e+04  4.999998493848675e+01 -2.433365444673415e-04  1.505781150490459e-05 -7.503628007790611e-11  1.757435227117480e-01 -8.754564461837035e-07  1.704173320609922e-17  3.421042897124523e-12 
 1.584893192461092e+04  4.999998493843093e+01 -2.490045807189667e-04  1.505781150488738e-05 -7.678409957045151e-11  1.757435227115471e-01 -8.958484464257962e-07  1.784488534835354e-17  3.500729222915372e-12 
 1.621810097358908e+04  4.999998493837249e+01 -2.548046424952282e-04  1.505781150486934e-05 -7.857263100893880e-11  1.757435227113368e-01 -9.167154373720458e-07  1.868588888493436e-17  3.582271681677462e-12 
 1.659586907437538e+04  4.999998493831130e+01 -2.607398050656508e-04  1.505781150485046e-05 -8.040282269641011e-11  1.757435227111165e-01 -9.380684829772523e-07  1.956652769709780e-17  3.665713508301744e-12 
 1.698243652461721e+04  4.999998493824722e+01 -2.668132153319883e-04  1.505781150483069e-05 -8.227564502472289e-11  1.757435227108858e-01 -9.599189049088287e-07  2.048866973783344e-17  3.751098944749147e-12 
 1.737800828749351e+04  4.999998493818011e+01 -2.730280934967531e-04  1.505781150480998e-05 -8.419209098906480e-11  1.757435227106442e-01 -9.822782885497014e-07  2.145427099404313e-17  3.838473263508258e-12 
 1.778279410038898e+04  4.999998493810985e+01 -2.793877347706093e-04  1.505781150478831e-05 -8.615317671445247e-11  1.757435227103913e-01 -1.005158489141028e-06  2.246537963545133e-17  3.927882791599386e-12 
 1.819700858609958e+04  4.999998493803628e+01 -2.858955111195378e-04  1.505781150476561e-05 -8.815994199449487e-11  1.757435227101265e-01 -1.028571638068011e-06  2.352414035904776e-17  4.019374935137760e-12 
 1.862087136662842e+04  4.999998493795923e+01 -2.925548730526966e-04  1.505781150474184e-05 -9.021345084270527e-11  1.757435227098491e-01 -1.052530149292108e-06  2.463279893827726e-17  4.112998204468890e-12 
 1.905460717963221e+04  4.999998493787857e+01 -2.993693514519272e-04  1.505781150471695e-05 -9.231479205665559e-11  1.757435227095588e-01 -1.077046725933092e-06  2.579370698662637e-17  4.208802239889384e-12 
 1.949844599758018e+04  4.999998493779408e+01 -3.063425594438736e-04  1.505781150469088e-05 -9.446507979527096e-11  1.757435227092546e-01 -1.102134367004400e-06  2.700932694571075e-17  4.306837837966896e-12 
 1.995262314968852e+04  4.999998493770563e+01 -3.134781943157116e-04  1.505781150466359e-05 -9.666545416957191e-11  1.757435227089363e-01 -1.127806374305390e-06  2.828223730844407e-17  4.407156978473134e-12 
 2.041737944669501e+04  4.999998493761300e+01 -3.207800394754980e-04  1.505781150463501e-05 -9.891708184717601e-11  1.757435227086028e-01 -1.154076359474132e-06  2.961513808836712e-17  4.509812851944224e-12 
 2.089296130854010e+04  4.999998493751601e+01 -3.282519664581840e-04  1.505781150460509e-05 -1.012211566708805e-10  1.757435227082537e-01 -1.180958251204471e-06  3.101085654673856e-17  4.614859887883038e-12 
 2.137962089502202e+04  4.999998493741445e+01 -3.358979369783546e-04  1.505781150457375e-05 -1.035789002916539e-10  1.757435227078880e-01 -1.208466302631215e-06  3.247235318953509e-17  4.722353783618435e-12 
 2.187761623949522e+04  4.999998493730810e+01 -3.437220050307815e-04  1.505781150454094e-05 -1.059915628163708e-10  1.757435227075053e-01 -1.236615098887323e-06  3.400272804708151e-17  4.832351533836723e-12 
 2.238721138568308e+04  4.999998493719674e+01 -3.517283190399054e-04  1.505781150450658e-05 -1.084604234706358e-10  1.757435227071044e-01 -1.265419564837149e-06  3.560522724963071e-17  4.944911460800993e-12 
 2.290867652767740e+04  4.999998493708013e+01 -3.599211240593851e-04  1.505781150447061e-05 -1.109867912770457e-10  1.757435227066847e-01 -1.294894972989795e-06  3.728324991284112e-17  5.060093245274358e-12 
 2.344228815319889e+04  4.999998493695803e+01 -3.683047640228814e-04  1.505781150443293e-05 -1.135720057492501e-10  1.757435227062452e-01 -1.325056951596796e-06  3.904035534775677e-17  5.177957958163479e-12 
 2.398832919019456e+04  4.999998493683017e+01 -3.768836840472676e-04  1.505781150439348e-05 -1.162174376021798e-10  1.757435227057849e-01 -1.355921492938430e-06  4.088027061058312e-17  5.298568092899175e-12 
 2.454708915684995e+04  4.999998493669629e+01 -3.856624327894901e-04  1.505781150435218e-05 -1.189244894788178e-10  1.757435227053029e-01 -1.387504961803037e-06  4.280689840827309e-17  5.421987598571257e-12 
 2.511886431509544e+04  4.999998493655610e+01 -3.946456648583260e-04  1.505781150430892e-05 -1.216945966938991e-10  1.757435227047983e-01 -1.419824104163839e-06  4.482432537669158e-17  5.548281913835188e-12 
 2.570395782768826e+04  4.999998493640930e+01 -4.038381432823183e-04  1.505781150426363e-05 -1.245292279949337e-10  1.757435227042699e-01 -1.452896056057888e-06  4.693683074891825e-17  5.677518001608528e-12 
 2.630267991895344e+04  4.999998493625557e+01 -4.132447420351969e-04  1.505781150421620e-05 -1.274298863409560e-10  1.757435227037165e-01 -1.486738352671809e-06  4.914889543207439e-17  5.809764384575545e-12 
 2.691534803926876e+04  4.999998493609461e+01 -4.228704486201236e-04  1.505781150416653e-05 -1.303981096994132e-10  1.757435227031371e-01 -1.521368937639194e-06  5.146521151192777e-17  5.945091181518862e-12 
 2.754228703338126e+04  4.999998493592607e+01 -4.327203667141325e-04  1.505781150411453e-05 -1.334354718616165e-10  1.757435227025304e-01 -1.556806172554552e-06  5.389069220543561e-17  6.083570144497359e-12 
 2.818382931264412e+04  4.999998493574957e+01 -4.427997188741669e-04  1.505781150406008e-05 -1.365435832771857e-10  1.757435227018951e-01 -1.593068846708869e-06  5.643048228233641e-17  6.225274696890057e-12 
 2.884031503126564e+04  4.999998493556475e+01 -4.531138493061481e-04  1.505781150400305e-05 -1.397240919079309e-10  1.757435227012298e-01 -1.630176187051940e-06  5.908996897789640e-17  6.370279972326176e-12 
 2.951209226666342e+04  4.999998493537123e+01 -4.636682266985442e-04  1.505781150394335e-05 -1.429786841016240e-10  1.757435227005332e-01 -1.668147868386749e-06  6.187479341995773e-17  6.518662854521975e-12 
 3.019951720401971e+04  4.999998493516859e+01 -4.744684471219415e-04  1.505781150388083e-05 -1.463090854861222e-10  1.757435226998038e-01 -1.707004023801316e-06  6.479086259452695e-17  6.670502018045507e-12 
 3.090295432513544e+04  4.999998493495639e+01 -4.855202369961537e-04  1.505781150381536e-05 -1.497170618843189e-10  1.757435226990399e-01 -1.746765255343520e-06  6.784436187528424e-17  6.825877970030926e-12 
 3.162277660168332e+04  4.999998493473421e+01 -4.968294561264472e-04  1.505781150374680e-05 -1.532044202504063e-10  1.757435226982401e-01 -1.787452644944578e-06  7.104176814359030e-17  6.984873092864436e-12 
 3.235936569296234e+04  4.999998493450154e+01 -5.084021008104861e-04  1.505781150367502e-05 -1.567730096279465e-10  1.757435226974026e-01 -1.829087765596970e-06  7.438986352682001e-17  7.147571687864514e-12 
 3.311311214825861e+04  4.999998493425791e+01 -5.202443070176488e-04  1.505781150359985e-05 -1.604247221302587e-10  1.757435226965256e-01 -1.871692692792716e-06  7.789574978416382e-17  7.314060019979580e-12 
 3.388441561391974e+04  4.999998493400280e+01 -5.323623536424010e-04  1.505781150352114e-05 -1.641614939436429e-10  1.757435226956073e-01 -1.915290016228103e-06  8.156686337041124e-17  7.484426363526830e-12 
 3.467368504525264e+04  4.999998493373567e+01 -5.447626658334473e-04  1.505781150343872e-05 -1.679853063539713e-10  1.757435226946457e-01 -1.959902851781033e-06  8.541099120966828e-17  7.658761048996428e-12 
 3.548133892335701e+04  4.999998493345595e+01 -5.574518184004303e-04  1.505781150335242e-05 -1.718981867971923e-10  1.757435226936388e-01 -2.005554853767371e-06  8.943628721246747e-17  7.837156510945939e-12 
 3.630780547700958e+04  4.999998493316304e+01 -5.704365392999820e-04  1.505781150326205e-05 -1.759022099343038e-10  1.757435226925844e-01 -2.052270227482774e-06  9.365128957130534e-17  8.019707337010349e-12 
 3.715352290971669e+04  4.999998493285634e+01 -5.837237132029758e-04  1.505781150316742e-05 -1.799994987513663e-10  1.757435226914804e-01 -2.100073742036662e-06  9.806493887129339e-17  8.206510318053684e-12 
 3.801893963205554e+04  4.999998493253516e+01 -5.973203851448689e-04  1.505781150306833e-05 -1.841922256851377e-10  1.757435226903243e-01 -2.148990743485124e-06  1.026865970543377e-16  8.397664499488793e-12 
 3.890451449942747e+04  4.999998493219886e+01 -6.112337642610743e-04  1.505781150296457e-05 -1.884826137749281e-10  1.757435226891137e-01 -2.199047168269737e-06  1.075260672770728e-16  8.593271233792558e-12 
 3.981071705534912e+04  4.999998493184672e+01 -6.254712276093387e-04  1.505781150285592e-05 -1.928729378412847e-10  1.757435226878461e-01 -2.250269556969400e-06  1.125936147046711e-16  8.793434234244287e-12 
 4.073802778041065e+04  4.999998493147797e+01 -6.400403240811567e-04  1.505781150274215e-05 -1.973655256921318e-10  1.757435226865187e-01 -2.302685068372514e-06  1.178999882846347e-16  8.998259629915898e-12 
 4.168693834703290e+04  4.999998493109184e+01 -6.549487784042924e-04  1.505781150262301e-05 -2.019627593570051e-10  1.757435226851288e-01 -2.356321493876916e-06  1.234564435467537e-16  9.207856021942927e-12 
 4.265795188015862e+04  4.999998493068751e+01 -6.702044952385334e-04  1.505781150249826e-05 -2.066670763500354e-10  1.757435226836733e-01 -2.411207272225257e-06  1.292747664775941e-16  9.422334541106304e-12 
 4.365158322401593e+04  4.999998493026414e+01 -6.858155633668442e-04  1.505781150236764e-05 -2.114809709623511e-10  1.757435226821494e-01 -2.467371504583593e-06  1.353672985201553e-16  9.641808906755367e-12 
 4.466835921509562e+04  4.999998492982080e+01 -7.017902599841465e-04  1.505781150223085e-05 -2.164069955845835e-10  1.757435226805534e-01 -2.524843969971211e-06  1.417469627517254e-16  9.866395487103329e-12 
 4.570881896148680e+04  4.999998492935659e+01 -7.181370550859979e-04  1.505781150208763e-05 -2.214477620601793e-10  1.757435226788824e-01 -2.583655141049858e-06  1.484272912954602e-16  1.009621336092730e-11 
 4.677351412871909e+04  4.999998492887048e+01 -7.348646159594952e-04  1.505781150193765e-05 -2.266059430702330e-10  1.757435226771326e-01 -2.643836200280746e-06  1.554224540238314e-16  1.033138438070536e-11 
 4.786300923226309e+04  4.999998492836146e+01 -7.519818117787834e-04  1.505781150178060e-05 -2.318842735505788e-10  1.757435226753003e-01 -2.705419056457905e-06  1.627472886148244e-16  1.057203323722440e-11 
 4.897788193684386e+04  4.999998492782846e+01 -7.694977183076113e-04  1.505781150161615e-05 -2.372855521418898e-10  1.757435226733816e-01 -2.768436361626656e-06  1.704173320246441e-16  1.081828752569284e-11 
 5.011872336272644e+04  4.999998492727033e+01 -7.874216227114190e-04  1.505781150144395e-05 -2.428126426735535e-10  1.757435226713726e-01 -2.832921528396145e-06  1.784488534436806e-16  1.107027781339323e-11 
 5.128613839913568e+04  4.999998492668592e+01 -8.057630284815168e-04  1.505781150126364e-05 -2.484684756821123e-10  1.757435226692689e-01 -2.898908747655156e-06  1.868588888056437e-16  1.132813770891080e-11 
 5.248074602497643e+04  4.999998492607395e+01 -8.245316604739619e-04  1.505781150107482e-05 -2.542560499650727e-10  1.757435226670660e-01 -2.966433006700570e-06  1.956652769230620e-16  1.159200393297448e-11 
 5.370317963702443e+04  4.999998492543313e+01 -8.437374700658056e-04  1.505781150087711e-05 -2.601784341709078e-10  1.757435226647593e-01 -3.035530107788095e-06  2.048866973257957e-16  1.186201639094803e-11 
 5.495408738576159e+04  4.999998492476212e+01 -8.633906404314448e-04  1.505781150067008e-05 -2.662387684260945e-10  1.757435226623439e-01 -3.106236687115091e-06  2.145427098828239e-16  1.213831824700973e-11 
 5.623413251903402e+04  4.999998492405950e+01 -8.835015919418743e-04  1.505781150045329e-05 -2.724402660000503e-10  1.757435226598146e-01 -3.178590234245565e-06  2.246537962913479e-16  1.242105600005990e-11 
 5.754399373371479e+04  4.999998492332374e+01 -9.040809876897067e-04  1.505781150022629e-05 -2.787862150088515e-10  1.757435226571662e-01 -3.252629111987639e-06  2.352414035212183e-16  1.271037956139657e-11 
 5.888436553555797e+04  4.999998492255332e+01 -9.251397391428847e-04  1.505781149998859e-05 -2.852799801586350e-10  1.757435226543929e-01 -3.328392576734009e-06  2.463279893068313e-16  1.300644233420039e-11 
 6.025595860743483e+04  4.999998492174659e+01 -9.466890119300842e-04  1.505781149973968e-05 -2.919250045296111e-10  1.757435226514889e-01 -3.405920799276210e-06  2.579370697829958e-16  1.330940129487107e-11 
 6.165950018614724e+04  4.999998492090184e+01 -9.687402317608794e-04  1.505781149947905e-05 -2.987248114016285e-10  1.757435226484481e-01 -3.485254886103694e-06  2.700932693658061e-16  1.361941707625831e-11 
 6.309573444801832e+04  4.999998492001728e+01 -9.913050904838041e-04  1.505781149920613e-05 -3.056830061222654e-10  1.757435226452640e-01 -3.566436901199038e-06  2.828223729843307e-16  1.393665405283146e-11 
 6.456542290346453e+04  4.999998491909103e+01 -1.014395552285524e-03  1.505781149892035e-05 -3.128032780184312e-10  1.757435226419298e-01 -3.649509888340820e-06  2.961513807739031e-16  1.426128042783304e-11 
 6.606934480075855e+04  4.999998491812112e+01 -1.038023860034407e-03  1.505781149862110e-05 -3.200894023524965e-10  1.757435226384384e-01 -3.734517893925996e-06  3.101085653470274e-16  1.459346832246231e-11 
 6.760829753919710e+04  4.999998491710551e+01 -1.062202541771851e-03  1.505781149830775e-05 -3.275452423239874e-10  1.757435226347826e-01 -3.821505990323886e-06  3.247235317633807e-16  1.493339386713620e-11 
 6.918309709189254e+04  4.999998491604203e+01 -1.086944417354821e-03  1.505781149797963e-05 -3.351747511179047e-10  1.757435226309544e-01 -3.910520299774133e-06  3.400272803261126e-16  1.528123729487600e-11 
 7.079457843841266e+04  4.999998491492843e+01 -1.112262605253103e-03  1.505781149763604e-05 -3.429819740007545e-10  1.757435226269458e-01 -4.001608018841331e-06  3.560522723376440e-16  1.563718303686924e-11 
 7.244359600749785e+04  4.999998491376235e+01 -1.138170529504891e-03  1.505781149727627e-05 -3.509710504654022e-10  1.757435226227483e-01 -4.094817443439256e-06  3.728324989544409e-16  1.600141982025760e-11 
 7.413102413009056e+04  4.999998491254131e+01 -1.164681926834388e-03  1.505781149689954e-05 -3.591462164258853e-10  1.757435226183530e-01 -4.190197994437999e-06  3.904035532868129e-16  1.637414076820245e-11 
 7.585775750291716e+04  4.999998491126272e+01 -1.191810853935199e-03  1.505781149650505e-05 -3.675118064633523e-10  1.757435226137505e-01 -4.287800243867567e-06  4.088027058966727e-16  1.675554350228136e-11 
 7.762471166286792e+04  4.999998490992388e+01 -1.219571694923374e-03  1.505781149609198e-05 -3.760722561243135e-10  1.757435226089311e-01 -4.387675941731837e-06  4.280689838533931e-16  1.714583024726965e-11 
 7.943282347242687e+04  4.999998490852195e+01 -1.247979168964058e-03  1.505781149565943e-05 -3.848321042724265e-10  1.757435226038846e-01 -4.489878043447085e-06  4.482432535154522e-16  1.754520793836261e-11 
 8.128305161640861e+04  4.999998490705394e+01 -1.277048338075786e-03  1.505781149520650e-05 -3.937959954950621e-10  1.757435225986002e-01 -4.594460737919658e-06  4.693683072134586e-16  1.795388833089527e-11 
 8.317637711026576e+04  4.999998490551674e+01 -1.306794615116559e-03  1.505781149473222e-05 -4.029686825659246e-10  1.757435225930668e-01 -4.701479476277626e-06  4.914889540184186e-16  1.837208811261788e-11 
 8.511380382023628e+04  4.999998490390711e+01 -1.337233771955951e-03  1.505781149423559e-05 -4.123550289650360e-10  1.757435225872727e-01 -4.810991001271719e-06  5.146521147877847e-16  1.880002901858659e-11 
 8.709635899560666e+04  4.999998490222161e+01 -1.368381947837556e-03  1.505781149371556e-05 -4.219600114574163e-10  1.757435225812054e-01 -4.923053377361069e-06  5.389069216908810e-16  1.923793794873033e-11 
 8.912509381337311e+04  4.999998490045667e+01 -1.400255657936233e-03  1.505781149317101e-05 -4.317887227318308e-10  1.757435225748522e-01 -5.037726021499758e-06  5.643048224248219e-16  1.968604708815607e-11 
 9.120108393558950e+04  4.999998489860856e+01 -1.432871802114661e-03  1.505781149260081e-05 -4.418463741009992e-10  1.757435225681996e-01 -5.155069734640458e-06  5.908996893419715e-16  2.014459403025651e-11 
 9.332543007969759e+04  4.999998489667335e+01 -1.466247673883878e-03  1.505781149200373e-05 -4.521382982647033e-10  1.757435225612335e-01 -5.275146733971902e-06  6.187479337204243e-16  2.061382190268510e-11 
 9.549925860214204e+04  4.999998489464692e+01 -1.500400969572520e-03  1.505781149137851e-05 -4.626699521372545e-10  1.757435225539390e-01 -5.398020685907261e-06  6.479086254198889e-16  2.109397949626565e-11 
 9.772372209557948e+04  4.999998489252501e+01 -1.535349797709651e-03  1.505781149072383e-05 -4.734469197408208e-10  1.757435225463008e-01 -5.523756739840899e-06  6.784436181767744e-16  2.158532139690441e-11 
 9.999999999999837e+04  4.999998489030308e+01 -1.571112688626142e-03  1.505781149003829e-05 -4.844749151661490e-10  1.757435225383026e-01 -5.652421562691452e-06  7.104176808042570e-16  2.208810812057485e-11 
 1.023292992280737e+05  4.999998488797645e+01 -1.607708604279694e-03  1.505781148932044e-05 -4.957597856022511e-10  1.757435225299275e-01 -5.784083374249494e-06  7.438986345756142e-16  2.260260625144673e-11 
 1.047128548050882e+05  4.999998488554016e+01 -1.645156948308721e-03  1.505781148856876e-05 -5.073075144366598e-10  1.757435225211577e-01 -5.918811983348567e-06  7.789574970822333e-16  2.312908858323243e-11 
 1.071519305237589e+05  4.999998488298905e+01 -1.683477576320410e-03  1.505781148778166e-05 -5.191242244278996e-10  1.757435225119745e-01 -6.056678824878742e-06  8.156686328714413e-16  2.366783426382582e-11 
 1.096478196143167e+05  4.999998488031770e+01 -1.722690806418427e-03  1.505781148695746e-05 -5.312161809518541e-10  1.757435225023586e-01 -6.197756997662341e-06  8.541099111836770e-16  2.421912894331011e-11 
 1.122018454301945e+05  4.999998487752048e+01 -1.762817429975837e-03  1.505781148609442e-05 -5.435897953237491e-10  1.757435224922895e-01 -6.342121303211873e-06  8.943628711235837e-16  2.478326492541329e-11 
 1.148153621496864e+05  4.999998487459141e+01 -1.803878722658970e-03  1.505781148519070e-05 -5.562516281975179e-10  1.757435224817458e-01 -6.489848285390801e-06  9.365128946153796e-16  2.536054132249133e-11 
 1.174897554939510e+05  4.999998487152430e+01 -1.845896455708050e-03  1.505781148424439e-05 -5.692083930443431e-10  1.757435224707052e-01 -6.641016270998072e-06  9.806493875093588e-16  2.595126421412154e-11 
 1.202264434617393e+05  4.999998486831264e+01 -1.888892907480600e-03  1.505781148325349e-05 -5.824669597122306e-10  1.757435224591443e-01 -6.795705411298041e-06  1.026865969223683e-15  2.655574680938997e-11 
 1.230268770812361e+05  4.999998486494963e+01 -1.932890875263709e-03  1.505781148221588e-05 -5.960343580684900e-10  1.757435224470386e-01 -6.953997724517697e-06  1.075260671323713e-15  2.717430961295891e-11 
 1.258925411794146e+05  4.999998486142812e+01 -1.977913687361462e-03  1.505781148112938e-05 -6.099177817270626e-10  1.757435224343623e-01 -7.115977139333810e-06  1.125936145460090e-15  2.780728059500266e-11 
 1.288249551693113e+05  4.999998485774065e+01 -2.023985215463903e-03  1.505781147999166e-05 -6.241245918626708e-10  1.757435224210886e-01 -7.281729539373013e-06  1.178999881106652e-15  2.845499536510165e-11 
 1.318256738556385e+05  4.999998485387939e+01 -2.071129887304120e-03  1.505781147880034e-05 -6.386623211138082e-10  1.757435224071893e-01 -7.451342808748417e-06  1.234564433559999e-15  2.911779735018698e-11 
 1.348962882591631e+05  4.999998484983616e+01 -2.119372699610152e-03  1.505781147755286e-05 -6.535386775766427e-10  1.757435223926350e-01 -7.624906878656919e-06  1.292747662684367e-15  2.979603797662987e-11 
 1.380384264602862e+05  4.999998484560237e+01 -2.168739231358573e-03  1.505781147624659e-05 -6.687615488919499e-10  1.757435223773948e-01 -7.802513775061892e-06  1.353672982908188e-15  3.049007685657251e-11 
 1.412537544622731e+05  4.999998484116905e+01 -2.219255657336803e-03  1.505781147487876e-05 -6.843390064272430e-10  1.757435223614363e-01 -7.984257667486558e-06  1.417469625002630e-15  3.120028197859909e-11 
 1.445439770745904e+05  4.999998483652681e+01 -2.270948762021323e-03  1.505781147344647e-05 -7.002793095563177e-10  1.757435223447257e-01 -8.170234918943888e-06  1.484272910197373e-15  3.192702990284817e-11 
 1.479108388168183e+05  4.999998483166577e+01 -2.323845953779148e-03  1.505781147194668e-05 -7.165909100384781e-10  1.757435223272276e-01 -8.360544137029527e-06  1.554224537215072e-15  3.267070596066972e-11 
 1.513561248436183e+05  4.999998482657564e+01 -2.377975279400103e-03  1.505781147037620e-05 -7.332824564997708e-10  1.757435223089048e-01 -8.555286226204825e-06  1.627472882833327e-15  3.343170445893285e-11 
 1.548816618912456e+05  4.999998482124562e+01 -2.433365438967596e-03  1.505781146873170e-05 -7.503627990185980e-10  1.757435222897185e-01 -8.754564441297695e-06  1.704173316611706e-15  3.421042888909239e-11 
 1.584893192461087e+05  4.999998481566440e+01 -2.490045801075772e-03  1.505781146700971e-05 -7.678409938181454e-10  1.757435222696279e-01 -8.958484442249668e-06  1.784488530451399e-15  3.500729214112536e-11 
 1.621810097358903e+05  4.999998480982015e+01 -2.548046418401126e-03  1.505781146520655e-05 -7.857263080681065e-10  1.757435222485905e-01 -9.167154350138145e-06  1.868588883686525e-15  3.582271672245053e-11 
 1.659586907437533e+05  4.999998480370046e+01 -2.607398043636818e-03  1.505781146331842e-05 -8.040282247982588e-10  1.757435222265616e-01 -9.380684804503621e-06  1.956652764439107e-15  3.665713498194736e-11 
 1.698243652461716e+05  4.999998479729237e+01 -2.668132145798150e-03  1.505781146134131e-05 -8.227564479264875e-10  1.757435222034946e-01 -9.599189022012175e-06  2.048866968004167e-15  3.751098933919296e-11 
 1.737800828749346e+05  4.999998479058227e+01 -2.730280926907849e-03  1.505781145927101e-05 -8.419209074039286e-10  1.757435221793405e-01 -9.822782856484435e-06  2.145427093067572e-15  3.838473251903863e-11 
 1.778279410038893e+05  4.999998478355594e+01 -2.793877339069989e-03  1.505781145710315e-05 -8.615317644799572e-10  1.757435221540480e-01 -1.005158486032275e-05  2.246537956597034e-15  3.927882779165052e-11 
 1.819700858609953e+05  4.999998477619846e+01 -2.858955101941626e-03  1.505781145483311e-05 -8.815994170898133e-10  1.757435221275635e-01 -1.028571634736921e-05  2.352414028286339e-15  4.019374921814132e-11 
 1.862087136662836e+05  4.999998476849424e+01 -2.925548720611393e-03  1.505781145245610e-05 -9.021345053677201e-10  1.757435220998309e-01 -1.052530145722782e-05  2.463279885474277e-15  4.112998190192366e-11 
 1.905460717963215e+05  4.999998476042692e+01 -2.993693503894543e-03  1.505781144996706e-05 -9.231479172884219e-10  1.757435220707911e-01 -1.077046722108490e-05  2.579370689503263e-15  4.208802224591815e-11 
 1.949844599758012e+05  4.999998475197941e+01 -3.063425583054135e-03  1.505781144736071e-05 -9.446507944401261e-10  1.757435220403829e-01 -1.102134362906265e-05  2.700932684528021e-15  4.306837821575255e-11 
 1.995262314968846e+05  4.999998474313377e+01 -3.134781930958296e-03  1.505781144463153e-05 -9.666545379319181e-10  1.757435220085415e-01 -1.127806369914160e-05  2.828223719832418e-15  4.407156960909175e-11 
 2.041737944669495e+05  4.999998473387126e+01 -3.207800381683710e-03  1.505781144177373e-05 -9.891708144387745e-10  1.757435219751994e-01 -1.154076354768844e-05  2.961513796762307e-15  4.509812833124102e-11 
 2.089296130854004e+05  4.999998472417222e+01 -3.282519650575722e-03  1.505781143878125e-05 -1.012211562387384e-09  1.757435219402861e-01 -1.180958246162665e-05  3.101085641434536e-15  4.614859867716917e-11 
 2.137962089502196e+05  4.999998471401608e+01 -3.358979354775720e-03  1.505781143564773e-05 -1.035788998286052e-09  1.757435219037273e-01 -1.208466297228821e-05  3.247235304436883e-15  4.722353762010048e-11 
 2.187761623949515e+05  4.999998470338129e+01 -3.437220034226641e-03  1.505781143236653e-05 -1.059915623202052e-09  1.757435218654456e-01 -1.236615093098555e-05  3.400272788790988e-15  4.832351510682921e-11 
 2.238721138568301e+05  4.999998469224529e+01 -3.517283173167767e-03  1.505781142893070e-05 -1.084604229389849e-09  1.757435218253597e-01 -1.265419558634372e-05  3.560522707510250e-15  4.944911435991246e-11 
 2.290867652767734e+05  4.999998468058448e+01 -3.599211222130195e-03  1.505781142533294e-05 -1.109867907073715e-09  1.757435217833846e-01 -1.294894966343400e-05  3.728324972147476e-15  5.060093218690235e-11 
 2.344228815319882e+05  4.999998466837411e+01 -3.683047620444650e-03  1.505781142156563e-05 -1.135720051388332e-09  1.757435217394313e-01 -1.325056944475056e-05  3.904035513792774e-15  5.177957929678080e-11 
 2.398832919019449e+05  4.999998465558829e+01 -3.768836819273562e-03  1.505781141762076e-05 -1.162174369481063e-09  1.757435216934065e-01 -1.355921485307348e-05  4.088027038051017e-15  5.298568062376520e-11 
 2.454708915684988e+05  4.999998464219988e+01 -3.856624305179641e-03  1.505781141348998e-05 -1.189244887779654e-09  1.757435216452126e-01 -1.387504953626185e-05  4.280689815600311e-15  5.421987565865644e-11 
 2.511886431509537e+05  4.999998462818049e+01 -3.946456624243421e-03  1.505781140916452e-05 -1.216945959429222e-09  1.757435215947474e-01 -1.419824095402185e-05  4.482432510008308e-15  5.548281878790492e-11 
 2.570395782768819e+05  4.999998461350041e+01 -4.038381406742578e-03  1.505781140463521e-05 -1.245292271902476e-09  1.757435215419040e-01 -1.452896046669607e-05  4.693683044562309e-15  5.677517964057462e-11 
 2.630267991895336e+05  4.999998459812846e+01 -4.132447392406098e-03  1.505781139989244e-05 -1.274298854787193e-09  1.757435214865700e-01 -1.486738342612085e-05  4.914889509951789e-15  5.809764344338854e-11 
 2.691534803926869e+05  4.999998458203206e+01 -4.228704456256696e-03  1.505781139492615e-05 -1.303981087755099e-09  1.757435214286282e-01 -1.521368926860005e-05  5.146521114728680e-15  5.945091138404471e-11 
 2.754228703338119e+05  4.999998456517704e+01 -4.327203635055172e-03  1.505781138972580e-05 -1.334354708716363e-09  1.757435213679557e-01 -1.556806161004443e-05  5.389069180561473e-15  6.083570098299455e-11 
 2.818382931264405e+05  4.999998454752768e+01 -4.427997154360737e-03  1.505781138428037e-05 -1.365435822164028e-09  1.757435213044238e-01 -1.593068834332705e-05  5.643048184394158e-15  6.225274647388114e-11 
 2.884031503126556e+05  4.999998452904654e+01 -4.531138456221649e-03  1.505781137857831e-05 -1.397240907712816e-09  1.757435212378978e-01 -1.630176173790641e-05  5.908996849720603e-15  6.370279919283891e-11 
 2.951209226666334e+05  4.999998450969441e+01 -4.636682227510854e-03  1.505781137260752e-05 -1.429786828836824e-09  1.757435211682364e-01 -1.668147854177013e-05  6.187479289289125e-15  6.518662797686141e-11 
 3.019951720401964e+05  4.999998448943023e+01 -4.744684428921632e-03  1.505781136635533e-05 -1.463090841810743e-09  1.757435210952921e-01 -1.707004008575309e-05  6.479086201661007e-15  6.670501957144814e-11 
 3.090295432513537e+05  4.999998446821105e+01 -4.855202324638648e-03  1.505781135980849e-05 -1.497170604859349e-09  1.757435210189100e-01 -1.746765239028560e-05  6.784436124161103e-15  6.825877904774665e-11 
 3.162277660168324e+05  4.999998444599182e+01 -4.968294512700122e-03  1.505781135295310e-05 -1.532044187520109e-09  1.757435209389281e-01 -1.787452627462784e-05  7.104176744878148e-15  6.984873022941092e-11 
 3.235936569296226e+05  4.999998442272544e+01 -5.084020956067223e-03  1.505781134577463e-05 -1.567730080223869e-09  1.757435208551767e-01 -1.829087746864890e-05  7.438986276497731e-15  7.147571612940303e-11 
 3.311311214825853e+05  4.999998439836254e+01 -5.202443014417156e-03  1.505781133825784e-05 -1.604247204098706e-09  1.757435207674783e-01 -1.871692672720931e-05  7.789574894881990e-15  7.314059939696838e-11 
 3.388441561391967e+05  4.999998437285146e+01 -5.323623476676807e-03  1.505781133038679e-05 -1.641614921002138e-09  1.757435206756467e-01 -1.915289994720797e-05  8.156686245447484e-15  7.484426277502321e-11 
 3.467368504525256e+05  4.999998434613808e+01 -5.447626594314190e-03  1.505781132214481e-05 -1.679853043787014e-09  1.757435205794874e-01 -1.959902828735540e-05  8.541099020536397e-15  7.658760956819509e-11 
 3.548133892335693e+05  4.999998431816573e+01 -5.574518115405333e-03  1.505781131351438e-05 -1.718981846806524e-09  1.757435204787961e-01 -2.005554829073680e-05  8.943628611126971e-15  7.837156412176593e-11 
 3.630780547700950e+05  4.999998428887509e+01 -5.704365319494702e-03  1.505781130447722e-05 -1.759022076663906e-09  1.757435203733595e-01 -2.052270201023008e-05  9.365128836386605e-15  8.019707231177089e-11 
 3.715352290971660e+05  4.999998425820403e+01 -5.837237053267609e-03  1.505781129501415e-05 -1.799994963212536e-09  1.757435202629537e-01 -2.100073713684513e-05  9.806493754736265e-15  8.206510204651305e-11 
 3.801893963205545e+05  4.999998422608748e+01 -5.973203767053527e-03  1.505781128510510e-05 -1.841922230812250e-09  1.757435201473447e-01 -2.148990713105250e-05  1.026865956026765e-14  8.397664377975959e-11 
 3.890451449942738e+05  4.999998419245732e+01 -6.112337552179698e-03  1.505781127472905e-05 -1.884826109847854e-09  1.757435200262872e-01 -2.199047135717115e-05  1.075260656853580e-14  8.593271103589207e-11 
 3.981071705534903e+05  4.999998415724223e+01 -6.254712179194776e-03  1.505781126386399e-05 -1.928729348515930e-09  1.757435198995244e-01 -2.250269522088638e-05  1.125936129593906e-14  8.793434094728886e-11 
 4.073802778041056e+05  4.999998412036750e+01 -6.400403136982834e-03  1.505781125248688e-05 -1.973655224886193e-09  1.757435197667875e-01 -2.302685030997103e-05  1.178999863709726e-14  8.998259480422452e-11 
 4.168693834703281e+05  4.999998408175492e+01 -6.549487672788435e-03  1.505781124057358e-05 -2.019627559243797e-09  1.757435196277949e-01 -2.356321453828442e-05  1.234564414484650e-14  9.207855861757814e-11 
 4.265795188015852e+05  4.999998404132258e+01 -6.702044833174004e-03  1.505781122809882e-05 -2.066670726719111e-09  1.757435194822518e-01 -2.411207229312545e-05  1.292747641768663e-14  9.422334369464868e-11 
 4.365158322401583e+05  4.999998399898472e+01 -6.858155505931197e-03  1.505781121503615e-05 -2.114809670211699e-09  1.757435193298494e-01 -2.467371458601794e-05  1.353672959974575e-14  9.641808722838251e-11 
 4.466835921509552e+05  4.999998395465154e+01 -7.017902462968541e-03  1.505781120135785e-05 -2.164069913615319e-09  1.757435191702645e-01 -2.524843920700826e-05  1.417469599856422e-14  9.866395290032591e-11 
 4.570881896148669e+05  4.999998390822901e+01 -7.181370404198002e-03  1.505781118703491e-05 -2.214477575350978e-09  1.757435190031586e-01 -2.583655088255689e-05  1.484272882625104e-14  1.009621314976220e-10 
 4.677351412871899e+05  4.999998385961864e+01 -7.348646002443814e-03  1.505781117203695e-05 -2.266059382215209e-09  1.757435188281773e-01 -2.643836143710775e-05  1.554224506982680e-14  1.033138415443788e-10 
 4.786300923226299e+05  4.999998380871734e+01 -7.519817949397357e-03  1.505781115633216e-05 -2.318842683550903e-09  1.757435186449493e-01 -2.705418995842090e-05  1.627472849684169e-14  1.057203299477444e-10 
 4.897788193684375e+05  4.999998375541715e+01 -7.694977002642468e-03  1.505781113988723e-05 -2.372855465748237e-09  1.757435184530861e-01 -2.768436296675641e-05  1.704173280264378e-14  1.081828726590302e-10 
 5.011872336272634e+05  4.999998369960498e+01 -7.874216033776056e-03  1.505781112266727e-05 -2.428126367083347e-09  1.757435182521806e-01 -2.832921458799879e-05  1.784488490597346e-14  1.107027753502343e-10 
 5.128613839913558e+05  4.999998364116247e+01 -8.057630077649626e-03  1.505781110463576e-05 -2.484684692902651e-09  1.757435180418068e-01 -2.898908673081413e-05  1.868588839987426e-14  1.132813741063218e-10 
 5.248074602497633e+05  4.999998357996564e+01 -8.245316382757743e-03  1.505781108575446e-05 -2.542560431160852e-09  1.757435178215183e-01 -2.966432926793366e-05  1.956652716523998e-14  1.159200361336318e-10 
 5.370317963702432e+05  4.999998351588471e+01 -8.437374462800197e-03  1.505781106598330e-05 -2.601784268320855e-09  1.757435175908481e-01 -3.035530022165985e-05  2.048866915466296e-14  1.186201604847836e-10 
 5.495408738576148e+05  4.999998344878373e+01 -8.633906149445156e-03  1.505781104528036e-05 -2.662387605624046e-09  1.757435173493065e-01 -3.106236595369346e-05  2.145427035460942e-14  1.213831788004687e-10 
 5.623413251903391e+05  4.999998337852038e+01 -8.835015646321377e-03  1.505781102360172e-05 -2.724402575739549e-09  1.757435170963816e-01 -3.178590135938228e-05  2.246537893432621e-14  1.242105560685211e-10 
 5.754399373371467e+05  4.999998330494563e+01 -9.040809584267971e-03  1.505781100090139e-05 -2.787862059801277e-09  1.757435168315366e-01 -3.252629006649432e-05  2.352413959027937e-14  1.271037914006684e-10 
 5.888436553555785e+05  4.999998322790339e+01 -9.251397077871119e-03  1.505781097713123e-05 -2.852799704841832e-09  1.757435165542099e-01 -3.328392463862085e-05  2.463279809533950e-14  1.300644188273745e-10 
 6.025595860743470e+05  4.999998314723027e+01 -9.466889783317688e-03  1.505781095224082e-05 -2.919249941632492e-09  1.757435162638131e-01 -3.405920678331766e-05  2.579370606236350e-14  1.330940081111981e-10 
 6.165950018614712e+05  4.999998306275514e+01 -9.687401957596358e-03  1.505781092617736e-05 -2.987248002938717e-09  1.757435159597305e-01 -3.485254756509387e-05  2.700932593227668e-14  1.361941655790950e-10 
 6.309573444801820e+05  4.999998297429883e+01 -9.913050519077770e-03  1.505781089888557e-05 -3.056829942200897e-09  1.757435156413168e-01 -3.566436762336238e-05  2.828223619723573e-14  1.393665349741071e-10 
 6.456542290346441e+05  4.999998288167369e+01 -1.014395510950566e-02  1.505781087030755e-05 -3.128032652650200e-09  1.757435153078967e-01 -3.649509739546648e-05  2.961513686995142e-14  1.426127983268898e-10 
 6.606934480075843e+05  4.999998278468328e+01 -1.038023815743201e-02  1.505781084038269e-05 -3.200893886869702e-09  1.757435149587631e-01 -3.734517734490169e-05  3.101085521077233e-14  1.459346768475397e-10 
 6.760829753919698e+05  4.999998268312184e+01 -1.062202494312969e-02  1.505781080904752e-05 -3.275452276811123e-09  1.757435145931752e-01 -3.821505819485318e-05  3.247235172467724e-14  1.493339318381940e-10 
 6.918309709189242e+05  4.999998257677396e+01 -1.086944366501714e-02  1.505781077623558e-05 -3.351747354277816e-09  1.757435142103578e-01 -3.910520116717315e-05  3.400272644089687e-14  1.528123656268886e-10 
 7.079457843841253e+05  4.999998246541406e+01 -1.112262550763017e-02  1.505781074187724e-05 -3.429819571884847e-09  1.757435138094988e-01 -4.001607822692416e-05  3.560522548848428e-14  1.563718225231660e-10 
 7.244359600749771e+05  4.999998234880592e+01 -1.138170471117712e-02  1.505781070589965e-05 -3.509710324507302e-09  1.757435133897478e-01 -4.094817233261904e-05  3.728324798178245e-14  1.600141897959429e-10 
 7.413102413009043e+05  4.999998222670222e+01 -1.164681864271399e-02  1.505781066822649e-05 -3.591461971228169e-09  1.757435129502146e-01 -4.190197769228912e-05  3.904035323039307e-14  1.637413986741549e-10 
 7.585775750291703e+05  4.999998209884394e+01 -1.191810786897749e-02  1.505781062877785e-05 -3.675117857797421e-09  1.757435124899668e-01 -4.287800002551685e-05  4.088026828894002e-14  1.675554253707075e-10 
 7.762471166286779e+05  4.999998196495990e+01 -1.219571623091452e-02  1.505781058747005e-05 -3.760722339614258e-09  1.757435120080282e-01 -4.387675683157210e-05  4.280689586264205e-14  1.714582921302786e-10 
 7.943282347242674e+05  4.999998182476609e+01 -1.247979091994768e-02  1.505781054421548e-05 -3.848320805244646e-09  1.757435115033766e-01 -4.489877766379384e-05  4.482432258546271e-14  1.754520683015257e-10 
 8.128305161640848e+05  4.999998167796517e+01 -1.277048255601706e-02  1.505781049892238e-05 -3.937959700486627e-09  1.757435109749415e-01 -4.594460441036268e-05  4.693682768839670e-14  1.795388714342682e-10 
 8.317637711026561e+05  4.999998152424571e+01 -1.306794526743991e-02  1.505781045149468e-05 -4.029686552996165e-09  1.757435104216019e-01 -4.701479158161344e-05  4.914889207627926e-14  1.837208684022251e-10 
 8.511380382023612e+05  4.999998136328168e+01 -1.337233677263038e-02  1.505781040183178e-05 -4.123549997486604e-09  1.757435098421843e-01 -4.810990660403982e-05  5.146520783237159e-14  1.880002765519039e-10 
 8.709635899560649e+05  4.999998119473166e+01 -1.368381846372272e-02  1.505781034982835e-05 -4.219599801515062e-09  1.757435092354596e-01 -4.923053012114710e-05  5.389068817088249e-14  1.923793648782498e-10 
 8.912509381337294e+05  4.999998101823812e+01 -1.400255549214222e-02  1.505781029537406e-05 -4.317886891869435e-09  1.757435086001408e-01 -5.037725630131232e-05  5.643047785853691e-14  1.968604552276780e-10 
 9.120108393558932e+05  4.999998083342670e+01 -1.432871685616928e-02  1.505781023835343e-05 -4.418463381570051e-09  1.757435079348804e-01 -5.155069315281528e-05  5.908996412729674e-14  2.014459235291276e-10 
 9.332543007969741e+05  4.999998063990539e+01 -1.466247549054309e-02  1.505781017864550e-05 -4.521382597500200e-09  1.757435072382673e-01 -5.275146284620717e-05  6.187478810138101e-14  2.061382010537890e-10 
 9.549925860214186e+05  4.999998043726369e+01 -1.500400835815228e-02  1.505781011612362e-05 -4.626699108680281e-09  1.757435065088237e-01 -5.398020204418793e-05  6.479085676282362e-14  2.109397757041737e-10 
 9.772372209557928e+05  4.999998022507180e+01 -1.535349654386131e-02  1.505781005065518e-05 -4.734468755200482e-09  1.757435057450027e-01 -5.523756223916716e-05  6.784435548094878e-14  2.158531933332082e-10 
 9.999999999999817e+05  4.999998000287961e+01 -1.571112535052224e-02  1.505780998210130e-05 -4.844748677827376e-09  1.757435049451837e-01 -5.652421009868731e-05  7.104176113234091e-14  2.208810590940521e-10 
 1.023292992280735e+06  4.999997977021581e+01 -1.607708439722277e-02  1.505780991031658e-05 -4.957597348300113e-09  1.757435041076705e-01 -5.784082781889278e-05  7.438985583913797e-14  2.260260388213577e-10 
 1.047128548050880e+06  4.999997952658693e+01 -1.645156771982273e-02  1.505780983514874e-05 -5.073074600332248e-09  1.757435032306865e-01 -5.918811348623163e-05  7.789574135478815e-14  2.312908604447001e-10 
 1.071519305237587e+06  4.999997927147616e+01 -1.683477387383218e-02  1.505780975643837e-05 -5.191241661335691e-09  1.757435023123716e-01 -6.056678144758223e-05  8.156685412778467e-14  2.366783154349290e-10 
 1.096478196143165e+06  4.999997900434239e+01 -1.722690603968579e-02  1.505780967401849e-05 -5.312161184883540e-09  1.757435013507778e-01 -6.197756268900079e-05  8.541098107532982e-14  2.421912602842089e-10 
 1.122018454301943e+06  4.999997872461902e+01 -1.762817213046919e-02  1.505780958771427e-05 -5.435897283929036e-09  1.757435003438656e-01 -6.342120522329048e-05  8.943627610038641e-14  2.478326180205323e-10 
 1.148153621496861e+06  4.999997843171268e+01 -1.803878490215447e-02  1.505780949734267e-05 -5.562515564798248e-09  1.757434992894990e-01 -6.489847448659781e-05  9.365127738715086e-14  2.536053797575074e-10 
 1.174897554939508e+06  4.999997812500209e+01 -1.845896206640329e-02  1.505780940271198e-05 -5.692083161974510e-09  1.757434981854416e-01 -6.641015374424635e-05  9.806492551163374e-14  2.595126062802442e-10 
 1.202264434617390e+06  4.999997780383669e+01 -1.888892640599731e-02  1.505780930362149e-05 -5.824668773693031e-09  1.757434970293517e-01 -6.795704450602304e-05  1.026865824057624e-13  2.655574296681772e-10 
 1.230268770812358e+06  4.999997746753522e+01 -1.932890589295709e-02  1.505780919986101e-05 -5.960342698364539e-09  1.757434958187769e-01 -6.953996695113675e-05  1.075260512152294e-13  2.717430549556858e-10 
 1.258925411794143e+06  4.999997711538437e+01 -1.977913380941231e-02  1.505780909121045e-05 -6.099176871847335e-09  1.757434945511495e-01 -7.115976036307539e-05  1.125935970932103e-13  2.780727618313946e-10 
 1.288249551693110e+06  4.999997674663716e+01 -2.023984887128712e-02  1.505780897743934e-05 -6.241244905587408e-09  1.757434932237806e-01 -7.281728357459077e-05  1.178999689740520e-13  2.845499063770509e-10 
 1.318256738556382e+06  4.999997636051144e+01 -2.071129535486628e-02  1.505780885830638e-05 -6.386622125646923e-09  1.757434918338549e-01 -7.451341542304827e-05  1.234564223731210e-13  2.911779228469035e-10 
 1.348962882591628e+06  4.999997595618818e+01 -2.119372322630920e-02  1.505780873355885e-05 -6.535385612641704e-09  1.757434903784240e-01 -7.624905521638175e-05  1.292747432611677e-13  2.979603254885249e-10 
 1.380384264602859e+06  4.999997553280975e+01 -2.168738827418051e-02  1.505780860293215e-05 -6.687614242608912e-09  1.757434888544007e-01 -7.802512320990120e-05  1.353672730638502e-13  3.049007104060430e-10 
 1.412537544622727e+06  4.999997508947813e+01 -2.219255224506742e-02  1.505780846614921e-05 -6.843388728826595e-09  1.757434872585525e-01 -7.984256109420605e-05  1.417469348394423e-13  3.120027574667695e-10 
 1.445439770745900e+06  4.999997462525294e+01 -2.270948298235560e-02  1.505780832291990e-05 -7.002791664607196e-09  1.757434855874944e-01 -8.170233249446154e-05  1.484272606902508e-13  3.192702322522335e-10 
 1.479108388168179e+06  4.999997413914950e+01 -2.323845456823754e-02  1.505780817294039e-05 -7.165907567087835e-09  1.757434838376817e-01 -8.360542348130490e-05  1.554224204658869e-13  3.267069880546588e-10 
 1.513561248436179e+06  4.999997363013672e+01 -2.377974746902810e-02  1.505780801589257e-05 -7.332822922040447e-09  1.757434820054029e-01 -8.555284309364993e-05  1.627472518192705e-13  3.343169679199388e-10 
 1.548816618912452e+06  4.999997309713491e+01 -2.433364868386472e-02  1.505780785144331e-05 -7.503626229725580e-09  1.757434800867715e-01 -8.754562387366835e-05  1.704172916791220e-13  3.421042067381936e-10 
 1.584893192461083e+06  4.999997253901352e+01 -2.490045189687091e-02  1.505780767924381e-05 -7.678408051814165e-09  1.757434780777178e-01 -8.958482241423123e-05  1.784488092056958e-13  3.500728333830183e-10 
 1.621810097358899e+06  4.999997195458868e+01 -2.548045763286359e-02  1.505780749892880e-05 -7.857261059402127e-09  1.757434759739804e-01 -9.167151991910046e-05  1.868588402996586e-13  3.582270729005529e-10 
 1.659586907437529e+06  4.999997134262077e+01 -2.607397341668706e-02  1.505780731011581e-05 -8.040280082143212e-09  1.757434737710969e-01 -9.380682277616715e-05  1.956652237373077e-13  3.665712487495390e-10 
 1.698243652461712e+06  4.999997070181173e+01 -2.668131393625777e-02  1.505780711240434e-05 -8.227562158526205e-09  1.757434714643949e-01 -9.599186314404114e-05  2.048866390087766e-13  3.751097850935450e-10 
 1.737800828749342e+06  4.999997003080229e+01 -2.730280120940642e-02  1.505780690537502e-05 -8.419206587323032e-09  1.757434690489814e-01 -9.822779955230167e-05  2.145426459394848e-13  3.838472091465782e-10 
 1.778279410038889e+06  4.999996932816916e+01 -2.793876475460580e-02  1.505780668858872e-05 -8.615314980235136e-09  1.757434665197329e-01 -1.005158175157284e-04  2.246537261788719e-13  3.927881535733262e-10 
 1.819700858609949e+06  4.999996859242199e+01 -2.858954176567486e-02  1.505780646158560e-05 -8.815991315765943e-09  1.757434638712848e-01 -1.028571301628371e-04  2.352413266444182e-13  4.019373589452985e-10 
 1.862087136662832e+06  4.999996782200014e+01 -2.925547729055154e-02  1.505780622388416e-05 -9.021341994347994e-09  1.757434610980193e-01 -1.052529788790546e-04  2.463279050130977e-13  4.112996762541699e-10 
 1.905460717963211e+06  4.999996701526947e+01 -2.993692441422909e-02  1.505780597498021e-05 -9.231475894753967e-09  1.757434581940538e-01 -1.077046339648715e-04  2.579369773567564e-13  4.208800694836588e-10 
 1.949844599758008e+06  4.999996617051876e+01 -3.063424444595287e-02  1.505780571434577e-05 -9.446504431821467e-09  1.757434551532288e-01 -1.102133953093239e-04  2.700931680224516e-13  4.306836182413026e-10 
 1.995262314968841e+06  4.999996528595621e+01 -3.134780711077685e-02  1.505780544142803e-05 -9.666541615522194e-09  1.757434519690942e-01 -1.127805930791600e-04  2.828222618635543e-13  4.407155204515233e-10 
 2.041737944669490e+06  4.999996435970555e+01 -3.207799074558109e-02  1.505780515564808e-05 -9.891704111406690e-09  1.757434486348962e-01 -1.154075884240553e-04  2.961512589323968e-13  4.509810951114124e-10 
 2.089296130853999e+06  4.999996338980208e+01 -3.282518249965435e-02  1.505780485639975e-05 -1.012211130245686e-08  1.757434451435623e-01 -1.180957741982527e-04  3.101084317504750e-13  4.614857851106931e-10 
 2.137962089502191e+06  4.999996237418851e+01 -3.358977853994789e-02  1.505780454304829e-05 -1.035788535237890e-08  1.757434414876870e-01 -1.208465756990081e-04  3.247233852776770e-13  4.722351601173560e-10 
 2.187761623949510e+06  4.999996131071058e+01 -3.437218426110936e-02  1.505780421492905e-05 -1.059915127037018e-08  1.757434376595159e-01 -1.236614514222328e-04  3.400271197077362e-13  4.832349195304959e-10 
 2.238721138568296e+06  4.999996019711255e+01 -3.517281450040783e-02  1.505780387134604e-05 -1.084603697739449e-08  1.757434336509288e-01 -1.265418938357335e-04  3.560520962231006e-13  4.944908955019121e-10 
 2.290867652767729e+06  4.999995903103228e+01 -3.599209375766409e-02  1.505780351157047e-05 -1.109867337400061e-08  1.757434294534229e-01 -1.294894301704594e-04  3.728323058486883e-13  5.060090560280769e-10 
 2.344228815319877e+06  4.999995780999643e+01 -3.683045642030259e-02  1.505780313483922e-05 -1.135719440972029e-08  1.757434250580950e-01 -1.325056232301763e-04  3.904033415505712e-13  5.177955081141087e-10 
 2.398832919019444e+06  4.999995653141498e+01 -3.768834699364404e-02  1.505780274035320e-05 -1.162173715408227e-08  1.757434204556218e-01 -1.355920722199936e-04  4.088024737325066e-13  5.298565010114220e-10 
 2.454708915684983e+06  4.999995519257591e+01 -3.856622033656114e-02  1.505780232727564e-05 -1.189244186928002e-08  1.757434156362410e-01 -1.387504135941883e-04  4.280687292904537e-13  5.421984295307753e-10 
 2.511886431509531e+06  4.999995379063940e+01 -3.946454190262180e-02  1.505780189473037e-05 -1.216945208453170e-08  1.757434105897301e-01 -1.419823219237695e-04  4.482429743927477e-13  5.548278374324675e-10 
 2.570395782768813e+06  4.999995232263171e+01 -4.038378798684765e-02  1.505780144179988e-05 -1.245291467217161e-08  1.757434053053847e-01 -1.452895107842468e-04  4.693680011615077e-13  5.677514208954793e-10 
 2.630267991895330e+06  4.999995078543905e+01 -4.132444597821889e-02  1.505780096752347e-05 -1.274297992551370e-08  1.757433997719961e-01 -1.486737336640713e-04  4.914886184391382e-13  5.809760320673975e-10 
 2.691534803926863e+06  4.999994917580086e+01 -4.228701461805866e-02  1.505780047089514e-05 -1.303980163852800e-08  1.757433939778273e-01 -1.521367848942296e-04  5.146517468324329e-13  5.945086826970019e-10 
 2.754228703338112e+06  4.999994749030284e+01 -4.327200426443409e-02  1.505779995086146e-05 -1.334353718737248e-08  1.757433879105882e-01 -1.556805005994848e-04  5.389065182358746e-13  6.083565478514366e-10 
 2.818382931264398e+06  4.999994572536988e+01 -4.427993716271413e-02  1.505779940631939e-05 -1.365434761382332e-08  1.757433815574093e-01 -1.593067596717670e-04  5.643043800452198e-13  6.225269697199380e-10 
 2.884031503126549e+06  4.999994387725832e+01 -4.531134772242704e-02  1.505779883611389e-05 -1.397239771064793e-08  1.757433749048149e-01 -1.630174847662289e-04  5.908992042824014e-13  6.370274615061297e-10 
 2.951209226666328e+06  4.999994194204810e+01 -4.636678280056448e-02  1.505779823903547e-05 -1.429785610896571e-08  1.757433679386939e-01 -1.668146433204937e-04  6.187474018632030e-13  6.518657114109457e-10 
 3.019951720401957e+06  4.999993991563439e+01 -4.744680199148201e-02  1.505779761381766e-05 -1.463089536764303e-08  1.757433606442702e-01 -1.707002485976360e-04  6.479080422500658e-13  6.670495867082923e-10 
 3.090295432513529e+06  4.999993779371891e+01 -4.855197792354955e-02  1.505779695913430e-05 -1.497169206476954e-08  1.757433530060716e-01 -1.746763607534461e-04  6.784429787438062e-13  6.825871379156057e-10 
 3.162277660168317e+06  4.999993557180084e+01 -4.968289656270865e-02  1.505779627359672e-05 -1.532042689126444e-08  1.757433450078964e-01 -1.787450879285439e-04  7.104169796799809e-13  6.984866030615091e-10 
 3.235936569296218e+06  4.999993324516721e+01 -5.084015752309766e-02  1.505779555575082e-05 -1.567728474666206e-08  1.757433366327796e-01 -1.829085873659205e-04  7.438978658081687e-13  7.147564120528353e-10 
 3.311311214825845e+06  4.999993080888293e+01 -5.202437438490856e-02  1.505779480407395e-05 -1.604245483712759e-08  1.757433278629566e-01 -1.871690665544976e-04  7.789566541455326e-13  7.314051911433194e-10 
 3.388441561391958e+06  4.999992825778039e+01 -5.323617501964445e-02  1.505779401697173e-05 -1.641613077575480e-08  1.757433186798256e-01 -1.915287843993126e-04  8.156677086097763e-13  7.484417675063285e-10 
 3.467368504525247e+06  4.999992558644834e+01 -5.447620192294894e-02  1.505779319277460e-05 -1.679851068519868e-08  1.757433090639078e-01 -1.959900524189443e-04  8.541088977509677e-13  7.658751739140503e-10 
 3.548133892335684e+06  4.999992278922062e+01 -5.574511255518454e-02  1.505779232973435e-05 -1.718979730269764e-08  1.757432989948069e-01 -2.005552359708187e-04  8.943617599167776e-13  7.837146535256149e-10 
 3.630780547700941e+06  4.999991986016394e+01 -5.704357968993915e-02  1.505779142602038e-05 -1.759019808754042e-08  1.757432884511651e-01 -2.052267555050367e-04  9.365116762014164e-13  8.019696647866783e-10 
 3.715352290971651e+06  4.999991679306545e+01 -5.837229177064598e-02  1.505779047971579e-05 -1.799992533103485e-08  1.757432774106181e-01 -2.100070878473922e-04  9.806480515450968e-13  8.206498864430701e-10 
 3.801893963205536e+06  4.999991358141946e+01 -5.973195327550498e-02  1.505778948881337e-05 -1.841919626903657e-08  1.757432658497476e-01 -2.148987675122565e-04  1.026864504368094e-12  8.397652226711444e-10 
 3.890451449942728e+06  4.999991021841369e+01 -6.112328509089889e-02  1.505778845121128e-05 -1.884823319709716e-08  1.757432537440316e-01 -2.199043880460239e-04  1.075259065141606e-12  8.593258083275580e-10 
 3.981071705534893e+06  4.999990669691484e+01 -6.254702489350157e-02  1.505778736470867e-05 -1.928726358829264e-08  1.757432410677926e-01 -2.250266034018301e-04  1.125934384316557e-12  8.793420143212470e-10 
 4.073802778041046e+06  4.999990300945338e+01 -6.400392754128036e-02  1.505778622700092e-05 -1.973652021379453e-08  1.757432277941428e-01 -2.302681293462678e-04  1.178997950051310e-12  8.998244531104386e-10 
 4.168693834703270e+06  4.999989914820781e+01 -6.549476547359943e-02  1.505778503567485e-05 -2.019624126624748e-08  1.757432138949272e-01 -2.356317448988464e-04  1.234562316200085e-12  9.207839843276157e-10 
 4.265795188015841e+06  4.999989510498798e+01 -6.702032912063569e-02  1.505778378820351e-05 -2.066667048601833e-08  1.757431993406641e-01 -2.411202938049545e-04  1.292745341045577e-12  9.422317205353939e-10 
 4.365158322401572e+06  4.999989087121778e+01 -6.858142732232322e-02  1.505778248194087e-05 -2.114805729038367e-08  1.757431841004822e-01 -2.467366860431040e-04  1.353670437282092e-12  9.641790331163609e-10 
 4.466835921509542e+06  4.999988643791689e+01 -7.017888775704825e-02  1.505778111411620e-05 -2.164065690572386e-08  1.757431681420554e-01 -2.524838993672536e-04  1.417466833779367e-12  9.866375582999924e-10 
 4.570881896148658e+06  4.999988179568181e+01 -7.181355738032068e-02  1.505777968182821e-05 -2.214473050279374e-08  1.757431514315342e-01 -2.583649808850254e-04  1.484269849682209e-12  1.009619203329822e-09 
 4.677351412871888e+06  4.999987693466586e+01 -7.348630287365426e-02  1.505777818203884e-05 -2.266054533514104e-08  1.757431339334737e-01 -2.643830486726487e-04  1.554221181427253e-12  1.033136152774130e-09 
 4.786300923226287e+06  4.999987184455831e+01 -7.519801110389215e-02  1.505777661156690e-05 -2.318837488074599e-08  1.757431156107587e-01 -2.705412934274840e-04  1.627469203285527e-12  1.057200874983473e-09 
 4.897788193684363e+06  4.999986651456247e+01 -7.694958959322104e-02  1.505777496708123e-05 -2.372849898695676e-08  1.757430964245246e-01 -2.768429801590011e-04  1.704169282068203e-12  1.081826128698487e-09 
 5.011872336272622e+06  4.999986093337291e+01 -7.874196700012139e-02  1.505777324509372e-05 -2.428120401879727e-08  1.757430763340757e-01 -2.832914499191023e-04  1.784484106662912e-12  1.107024969811424e-09 
 5.128613839913545e+06  4.999985508915130e+01 -8.057609361150792e-02  1.505777144195184e-05 -2.484678301072567e-08  1.757430552967978e-01 -2.898901215727048e-04  1.868584033099473e-12  1.132810758285011e-09 
 5.248074602497620e+06  4.999984896950147e+01 -8.245294184632047e-02  1.505776955383096e-05 -2.542553582192367e-08  1.757430332680688e-01 -2.966424936095184e-04  1.956647445876818e-12  1.159197165232281e-09 
 5.370317963702418e+06  4.999984256144307e+01 -8.437350677083054e-02  1.505776757672619e-05 -2.601776929519854e-08  1.757430102011637e-01 -3.035521459979729e-04  2.048861136317333e-12  1.186198180161102e-09 
 5.495408738576134e+06  4.999983585138391e+01 -8.633880662593504e-02  1.505776550644387e-05 -2.662379741958164e-08  1.757429860471551e-01 -3.106227420822723e-04  2.145420698750971e-12  1.213828118387235e-09 
 5.623413251903377e+06  4.999982882509136e+01 -8.834988336671683e-02  1.505776333859276e-05 -2.724394149670942e-08  1.757429607548102e-01 -3.178580305235803e-04  2.246530945369290e-12  1.242101628619827e-09 
 5.754399373371452e+06  4.999982146766194e+01 -9.040780321455449e-02  1.505776106857461e-05 -2.787853031107437e-08  1.757429342704812e-01 -3.252618472863561e-04  2.352406340629120e-12  1.271033700723340e-09 
 5.888436553555770e+06  4.999981376348988e+01 -9.251365722207464e-02  1.505775869157453e-05 -2.852790030423589e-08  1.757429065379928e-01 -3.328381176708927e-04  2.463271456127060e-12  1.300639673660007e-09 
 6.025595860743455e+06  4.999980569623392e+01 -9.466856185124223e-02  1.505775620255067e-05 -2.919239575308267e-08  1.757428774985215e-01 -3.405908583931225e-04  2.579361446909323e-12  1.330935243616994e-09 
 6.165950018614695e+06  4.999979724878269e+01 -9.687365956489585e-02  1.505775359622359e-05 -2.987236895224081e-08  1.757428470904722e-01 -3.485241797127935e-04  2.700922550227006e-12  1.361936472322566e-09 
 6.309573444801803e+06  4.999978840321840e+01 -9.913011943203744e-02  1.505775086706504e-05 -3.056818040072354e-08  1.757428152493467e-01 -3.566422876111309e-04  2.828212607794291e-12  1.393659795555623e-09 
 6.456542290346422e+06  4.999977914077888e+01 -1.014391377471966e-01  1.505774800928625e-05 -3.128019899292080e-08  1.757427819076073e-01 -3.649494860191345e-04  2.961501612657047e-12  1.426122031853079e-09 
 6.606934480075824e+06  4.999976944181771e+01 -1.038019386641952e-01  1.505774501682563e-05 -3.200880221402949e-08  1.757427469945333e-01 -3.734501790976837e-04  3.101072281831375e-12  1.459340391419703e-09 
 6.760829753919679e+06  4.999975928576262e+01 -1.062197748446450e-01  1.505774188333592e-05 -3.275437634002686e-08  1.757427104360714e-01 -3.821488735706496e-04  3.247220655926287e-12  1.493332485245056e-09 
 6.918309709189222e+06  4.999974865107181e+01 -1.086939281215210e-01  1.505773860217076e-05 -3.351731664229261e-08  1.757426721546781e-01 -3.910501811122429e-04  3.400256727021933e-12  1.528116334432372e-09 
 7.079457843841233e+06  4.999973751518831e+01 -1.112257101781582e-01  1.505773516637055e-05 -3.429802759698705e-08  1.757426320691559e-01 -4.001588207898518e-04  3.560505096134621e-12  1.563710379744251e-09 
 7.244359600749752e+06  4.999972585449212e+01 -1.138164632430286e-01  1.505773156864771e-05 -3.509692309929534e-08  1.757425900944803e-01 -4.094796215636527e-04  3.728305661662603e-12  1.600133491370191e-09 
 7.413102413009022e+06  4.999971364425006e+01 -1.164675608006647e-01  1.505772780137120e-05 -3.591442668265072e-08  1.757425461416201e-01 -4.190175248443123e-04  3.904014340272327e-12  1.637404978921111e-09 
 7.585775750291681e+06  4.999970085856342e+01 -1.191804083191020e-01  1.505772385655040e-05 -3.675097174305156e-08  1.757425001173485e-01 -4.287775871101174e-04  4.088003821753456e-12  1.675544601656071e-09 
 7.762471166286756e+06  4.999968747031295e+01 -1.219564439942219e-01  1.505771972581809e-05 -3.760700176858992e-08  1.757424519240450e-01 -4.387649825849119e-04  4.280664359443065e-12  1.714572578946597e-09 
 7.943282347242650e+06  4.999967345110135e+01 -1.247971395113872e-01  1.505771540041273e-05 -3.848297057431247e-08  1.757424014594888e-01 -4.489850059782429e-04  4.482404597894766e-12  1.754509600984077e-09 
 8.128305161640823e+06  4.999965877119309e+01 -1.277040008247680e-01  1.505771087115989e-05 -3.937934254253656e-08  1.757423486166417e-01 -4.594430752891550e-04  4.693652439547396e-12  1.795376839735853e-09 
 8.317637711026536e+06  4.999964339945131e+01 -1.306785689547679e-01  1.505770612845279e-05 -4.029659286874757e-08  1.757422932834211e-01 -4.701447346751020e-04  4.914855952230571e-12  1.837195960155743e-09 
 8.511380382023586e+06  4.999962730327179e+01 -1.337224208039666e-01  1.505770116223193e-05 -4.123520781320642e-08  1.757422353424627e-01 -4.810956573874781e-04  5.146484319430917e-12  1.879989131654873e-09 
 8.709635899560623e+06  4.999961044851380e+01 -1.368371699920078e-01  1.505769596196370e-05 -4.219568495839864e-08  1.757421746708709e-01 -4.923016487753057e-04  5.389028835333369e-12  1.923779039838812e-09 
 8.912509381337266e+06  4.999959279942772e+01 -1.400244677098693e-01  1.505769051661814e-05 -4.317853347246058e-08  1.757421111399590e-01 -5.037686493586564e-04  5.643003946746851e-12  1.968588898517173e-09 
 9.120108393558905e+06  4.999957431857920e+01 -1.432860035939600e-01  1.505768481464549e-05 -4.418427437871935e-08  1.757420446149756e-01 -5.155027379734032e-04  5.908948344122835e-12  2.014442461991919e-09 
 9.332543007969713e+06  4.999955496676976e+01 -1.466235066205031e-01  1.505767884395165e-05 -4.521344083148824e-08  1.757419749548190e-01 -5.275101349889566e-04  6.187426103979389e-12  2.061364037630844e-09 
 9.549925860214157e+06  4.999953470295370e+01 -1.500387460206717e-01  1.505767259187263e-05 -4.626657839826146e-08  1.757419020117381e-01 -5.397972056006598e-04  6.479027885152186e-12  2.109378498732749e-09 
 9.772372209557900e+06  4.999951348415100e+01 -1.535335322169536e-01  1.505766604514764e-05 -4.734424534845522e-08  1.757418256310191e-01 -5.523704631985642e-04  6.784372181407865e-12  2.158511297691058e-09 
 9.999999999999788e+06  4.999949126535626e+01 -1.571097177812349e-01  1.505765918989096e-05 -4.844701294884625e-08  1.757417456506573e-01 -5.652365728143409e-04  7.104106633074615e-12  2.208788479462714e-09 
 1.023292992280732e+07  4.999946799944314e+01 -1.607691984151010e-01  1.505765201156252e-05 -4.957546576586076e-08  1.757416619010133e-01 -5.784023546481208e-04  7.438909400469673e-12  2.260236695349377e-09 
 1.047128548050877e+07  4.999944363706453e+01 -1.645139139528659e-01  1.505764449493704e-05 -5.073020197487274e-08  1.757415742044537e-01 -5.918747876771100e-04  7.789490602034539e-12  2.312883217098108e-09 
 1.071519305237583e+07  4.999941812654782e+01 -1.683458493878509e-01  1.505763662407177e-05 -5.191183367667081e-08  1.757414823749741e-01 -6.056610133478447e-04  8.156593820225371e-12  2.366755951328860e-09 
 1.096478196143162e+07  4.999939141378541e+01 -1.722670359224464e-01  1.505762838227265e-05 -5.312098722125956e-08  1.757413862178050e-01 -6.197683393540149e-04  8.540997678349780e-12  2.421883454296267e-09 
 1.122018454301939e+07  4.999936344211988e+01 -1.762795520425026e-01  1.505761975205895e-05 -5.435830353916242e-08  1.757412855289983e-01 -6.342042435018128e-04  8.943517491691221e-12  2.478294946993404e-09 
 1.148153621496858e+07  4.999933415222392e+01 -1.803855246166061e-01  1.505761071512616e-05 -5.562443848039876e-08  1.757411800949950e-01 -6.489763776648144e-04  9.365006996419588e-12  2.536020330605340e-09 
 1.174897554939504e+07  4.999930348197445e+01 -1.845871300208112e-01  1.505760125230718e-05 -5.692006316131018e-08  1.757410696921725e-01 -6.640925718304409e-04  9.806360159951043e-12  2.595090202320503e-09 
 1.202264434617387e+07  4.999927136632101e+01 -1.888865952894100e-01  1.505759134353175e-05 -5.824586431941621e-08  1.757409540863707e-01 -6.795608382400974e-04  1.026851307659273e-11  2.655535871508007e-09 
 1.230268770812355e+07  4.999923773714766e+01 -1.932861992923338e-01  1.505758096778374e-05 -5.960254467648214e-08  1.757408330323943e-01 -6.953893756251260e-04  1.075244595248829e-11  2.717389376269333e-09 
 1.258925411794140e+07  4.999920252312868e+01 -1.977882739397973e-01  1.505757010305677e-05 -6.099082330998727e-08  1.757407062734944e-01 -7.115865735407660e-04  1.125918518406918e-11  2.780683500372886e-09 
 1.288249551693106e+07  4.999916564957728e+01 -2.023952054148025e-01  1.505755872630739e-05 -6.241143603318450e-08  1.757405735408229e-01 -7.281610168003509e-04  1.178980553441442e-11  2.845451790580169e-09 
 1.318256738556379e+07  4.999912703828723e+01 -2.071094354341413e-01  1.505754681340631e-05 -6.386513578394732e-08  1.757404345528631e-01 -7.451214900120286e-04  1.234543241212881e-11  2.911728574372474e-09 
 1.348962882591625e+07  4.999908660736707e+01 -2.119334625385431e-01  1.505753433908722e-05 -6.535269302260444e-08  1.757402890148327e-01 -7.624769822203412e-04  1.292724425756620e-11  2.979548978087225e-09 
 1.380384264602855e+07  4.999904427106642e+01 -2.168698434126300e-01  1.505752127689321e-05 -6.687489613896579e-08  1.757401366180586e-01 -7.802366916550417e-04  1.353647504145145e-11  3.048948945473261e-09 
 1.412537544622724e+07  4.999899993959424e+01 -2.219211942353587e-01  1.505750759912067e-05 -6.843255186874930e-08  1.757399770393223e-01 -7.984100305895915e-04  1.417441688119261e-11  3.119965256674584e-09 
 1.445439770745896e+07  4.999895351892840e+01 -2.270901920616372e-01  1.505749327676057e-05 -7.002648571962108e-08  1.757398099401752e-01 -8.170066303118175e-04  1.484242278042334e-11  3.192635547652270e-09 
 1.479108388168175e+07  4.999890491061636e+01 -2.323795762358259e-01  1.505747827943694e-05 -7.165754240706744e-08  1.757396349662206e-01 -8.360363462092776e-04  1.554190949757628e-11  3.266998330054467e-09 
 1.513561248436175e+07  4.999885401156645e+01 -2.377921498378419e-01  1.505746257534247e-05 -7.332658630032030e-08  1.757394517463621e-01 -8.555092629719229e-04  1.627436054956072e-11  3.343093011544611e-09 
 1.548816618912448e+07  4.999880071382929e+01 -2.433307811626043e-01  1.505744613117110e-05 -7.503450187856396e-08  1.757392598920175e-01 -8.754356999147108e-04  1.704132935690336e-11  3.420959916598203e-09 
 1.584893192461079e+07  4.999874490436896e+01 -2.489984052335721e-01  1.505742891204739e-05 -7.678219419765470e-08  1.757390589962946e-01 -8.958262164228729e-04  1.784444253701004e-11  3.500640307778711e-09 
 1.621810097358895e+07  4.999868646482333e+01 -2.547980253511430e-01  1.505741088145258e-05 -7.857058936758969e-08  1.757388486331287e-01 -9.166916175225995e-04  1.868540335251873e-11  3.582176407503365e-09 
 1.659586907437524e+07  4.999862527125318e+01 -2.607327146766960e-01  1.505739200114718e-05 -8.040063504096764e-08  1.757386283563793e-01 -9.380429595799610e-04  1.956599532204212e-11  3.665611420309858e-09 
 1.698243652461707e+07  4.999856119387947e+01 -2.668056178530786e-01  1.505737223108996e-05 -8.227330091268737e-08  1.757383976988845e-01 -9.598915561309470e-04  2.048808600094087e-11  3.750989555635206e-09 
 1.737800828749337e+07  4.999849409680820e+01 -2.730199526623552e-01  1.505735152935294e-05 -8.418957923113583e-08  1.757381561714705e-01 -9.822489838455528e-04  2.145363094012709e-11  3.838356051118187e-09 
 1.778279410038884e+07  4.999842383774241e+01 -2.793790117216492e-01  1.505732985203267e-05 -8.615048532112354e-08  1.757379032619150e-01 -1.005127088628924e-03  2.246467783127424e-11  3.927757196437105e-09 
 1.819700858609944e+07  4.999835026768049e+01 -2.858861642179301e-01  1.505730715315707e-05 -8.815705811882846e-08  1.757376384338611e-01 -1.028537991862606e-03  2.352337084720194e-11  4.019240357694759e-09 
 1.862087136662827e+07  4.999827323060043e+01 -2.925448576826116e-01  1.505728338458802e-05 -9.021036071901607e-08  1.757373611256809e-01 -1.052494096789019e-03  2.463195518661672e-11  4.112854002362855e-09 
 1.905460717963205e+07  4.999819256312908e+01 -2.993586198068465e-01  1.505725849591933e-05 -9.231148093480927e-08  1.757370707492848e-01 -1.077008095042357e-03  2.579278183282029e-11  4.208647724798213e-09 
 1.949844599758003e+07  4.999810809419592e+01 -3.063310602984201e-01  1.505723243436989e-05 -9.446153187028474e-08  1.757367666888749e-01 -1.102092973329132e-03  2.700831253644812e-11  4.306672272343475e-09 
 1.995262314968836e+07  4.999801964467049e+01 -3.134658727811622e-01  1.505720514467185e-05 -9.666165250618108e-08  1.757364482996406e-01 -1.127762020261692e-03  2.828112503277335e-11  4.406979572025203e-09 
 2.041737944669485e+07  4.999792702698277e+01 -3.207668367378155e-01  1.505717656895347e-05 -9.891300829900674e-08  1.757361149063915e-01 -1.154028833348084e-03  2.961391850460531e-11  4.509622757862537e-09 
 2.089296130853994e+07  4.999783004472567e+01 -3.282378194973166e-01  1.505714664661642e-05 -1.012167917938431e-07  1.757357658021264e-01 -1.180907326141689e-03  3.100951930232929e-11  4.614656198799809e-09 
 2.137962089502185e+07  4.999772849223886e+01 -3.358827782674643e-01  1.505711531420750e-05 -1.035742232511430e-07  1.757354002465358e-01 -1.208411735554156e-03  3.247088693317559e-11  4.722135527276806e-09 
 2.187761623949505e+07  4.999762215417294e+01 -3.437057622139665e-01  1.505708250528406e-05 -1.059865512878309e-07  1.757350174644325e-01 -1.236556629335182e-03  3.400112033237279e-11  4.832117668450585e-09 
 2.238721138568290e+07  4.999751080503320e+01 -3.517109145868783e-01  1.505704815027329e-05 -1.084550535330160e-07  1.757346166441098e-01 -1.265356913722792e-03  3.560346442943298e-11  4.944660870083018e-09 
 2.290867652767723e+07  4.999739420870175e+01 -3.599024748954604e-01  1.505701217632474e-05 -1.109810372986368e-07  1.757341969356207e-01 -1.294827841267822e-03  3.728131702343822e-11  5.059824733108528e-09 
 2.344228815319870e+07  4.999727211793734e+01 -3.682847811325067e-01  1.505697450715607e-05 -1.135658402653588e-07  1.757337574489780e-01 -1.324985018836364e-03  3.903823598184633e-11  5.177670242896699e-09 
 2.398832919019438e+07  4.999714427385158e+01 -3.768622720492080e-01  1.505693506289136e-05 -1.162108311840571e-07  1.757332972522686e-01 -1.355844415794038e-03  4.087794677801483e-11  5.298259801224733e-09 
 2.454708915684976e+07  4.999701040536042e+01 -3.856394894816371e-01  1.505689375989193e-05 -1.189174105932148e-07  1.757328153696789e-01 -1.387422372375964e-03  4.280435038335290e-11  5.421657258974956e-09 
 2.511886431509525e+07  4.999687022860998e+01 -3.946210807299624e-01  1.505685051057917e-05 -1.216870115525825e-07  1.757323107794282e-01 -1.419735608246440e-03  4.482153153075655e-11  5.547927949572896e-09 
 2.570395782768807e+07  4.999672344637529e+01 -4.038118009915113e-01  1.505680522324902e-05 -1.245211003934414e-07  1.757317824116043e-01 -1.452801231252351e-03  4.693376736676075e-11  5.677138723181634e-09 
 2.630267991895324e+07  4.999656974743073e+01 -4.132165158488260e-01  1.505675780187778e-05 -1.274211774858245e-07  1.757312291458972e-01 -1.486636746374419e-03  4.914553651065827e-11  5.809357981668450e-09 
 2.691534803926856e+07  4.999640880589094e+01 -4.228402038138740e-01  1.505670814591866e-05 -1.303887780230526e-07  1.757306498092266e-01 -1.521260064880477e-03  5.146152853968821e-11  5.944655714360024e-09 
 2.754228703338105e+07  4.999624028052060e+01 -4.326879589295921e-01  1.505665615008892e-05 -1.334254728239504e-07  1.757300431732576e-01 -1.556689513685002e-03  5.388665392029005e-11  6.083103534602719e-09 
 2.818382931264391e+07  4.999606381401193e+01 -4.427649934299593e-01  1.505660170414694e-05 -1.365328691531094e-07  1.757294079517994e-01 -1.592943844919227e-03  5.642605440635322e-11  6.224774717144695e-09 
 2.884031503126542e+07  4.999587903222808e+01 -4.530766404598188e-01  1.505654469265871e-05 -1.397126115595753e-07  1.757287427980825e-01 -1.630042245716190e-03  5.908511392636969e-11  6.369744236356875e-09 
 2.951209226666320e+07  4.999568554341100e+01 -4.636283568556779e-01  1.505648499475349e-05 -1.429663827343378e-07  1.757280463019064e-01 -1.668004348215164e-03  6.186946998241988e-11  6.518088805310022e-09 
 3.019951720401949e+07  4.999548293735208e+01 -4.744257259887406e-01  1.505642248386795e-05 -1.462959043870106e-07  1.757273169866550e-01 -1.706850239789982e-03  6.478502558499267e-11  6.669886915725476e-09 
 3.090295432513522e+07  4.999527078452379e+01 -4.854744606714377e-01  1.505635702747815e-05 -1.497029381420902e-07  1.757265533061703e-01 -1.746600473505784e-03  6.783796174875800e-11  6.825218878817188e-09 
 3.162277660168309e+07  4.999504863517053e+01 -4.967804061287416e-01  1.505628848681916e-05 -1.531892864551922e-07  1.757257536414799e-01 -1.787276078808852e-03  7.103475057558387e-11  6.984166867043114e-09 
 3.235936569296210e+07  4.999481601835674e+01 -5.083495430355648e-01  1.505621671659129e-05 -1.567567935496637e-07  1.757249162973704e-01 -1.828898572454171e-03  7.438216895231256e-11  7.146814956784092e-09 
 3.311311214825837e+07  4.999457244097031e+01 -5.201879906215587e-01  1.505614156465260e-05 -1.604073463739796e-07  1.757240394988004e-01 -1.871489969675474e-03  7.788731289209310e-11  7.313249171968606e-09 
 3.388441561391950e+07  4.999431738667919e+01 -5.323020098446435e-01  1.505606287169703e-05 -1.641428755803316e-07  1.757231213871441e-01 -1.915072795602549e-03  8.155761254940718e-11  7.483557528662027e-09 
 3.467368504525239e+07  4.999405031483888e+01 -5.446980066346132e-01  1.505598047091732e-05 -1.679653565248248e-07  1.757221600162589e-01 -1.959670096930652e-03  8.540084794032710e-11  7.657830080639102e-09 
 3.548133892335676e+07  4.999377065934880e+01 -5.573825352081757e-01  1.505589418765209e-05 -1.718768102897019e-07  1.757211533483687e-01 -2.005305453846897e-03  8.942516540101068e-11  7.836158965958655e-09 
 3.630780547700933e+07  4.999347782745480e+01 -5.703623014567942e-01  1.505580383901647e-05 -1.758793047280146e-07  1.757200992497533e-01 -2.052002992218568e-03  9.363909481897107e-11  8.018638454559598e-09 
 3.715352290971643e+07  4.999317119849556e+01 -5.836441664087153e-01  1.505570923351525e-05 -1.799749555311710e-07  1.757189954862360e-01 -2.099787396048307e-03  9.805156767326282e-11  8.205364996897505e-09 
 3.801893963205528e+07  4.999285012259008e+01 -5.972351497665690e-01  1.505561017063796e-05 -1.841659273197857e-07  1.757178397184586e-01 -2.148683920201183e-03  1.026719359214013e-10  8.396437273641150e-09 
 3.890451449942719e+07  4.999251391926362e+01 -6.111424335219435e-01  1.505550644043492e-05 -1.884544347582636e-07  1.757166294969356e-01 -2.198718403408669e-03  1.075099917725865e-10  8.591956246448434e-09 
 3.981071705534884e+07  4.999216187600913e+01 -6.253733656483400e-01  1.505539782307338e-05 -1.928427436935526e-07  1.757153622568758e-01 -2.249917281554599e-03  1.125759883886341e-10  8.792025209841365e-09 
 4.073802778041036e+07  4.999179324678130e+01 -6.399354638739166e-01  1.505528408837291e-05 -1.973331723184991e-07  1.757140353127613e-01 -2.302307601248162e-03  1.178806615559334e-10  8.996749844199626e-09 
 4.168693834703261e+07  4.999140725041985e+01 -6.548364195354361e-01  1.505516499531887e-05 -2.019280923602411e-07  1.757126458526716e-01 -2.355917033689025e-03  1.234352523737526e-10  9.206238269892424e-09 
 4.265795188015831e+07  4.999100306899900e+01 -6.700841015148339e-01  1.505504029155327e-05 -2.066299302940778e-07  1.757111909323427e-01 -2.410773888829679e-03  1.292515310063087e-10  9.420601102568302e-09 
 4.365158322401562e+07  4.999057984609946e+01 -6.856865602598189e-01  1.505490971284152e-05 -2.114411685832486e-07  1.757096674689465e-01 -2.466907129840089e-03  1.353418215482036e-10  9.639951509622501e-09 
 4.466835921509531e+07  4.999013668499965e+01 -7.016520318899231e-01  1.505477298251440e-05 -2.163643469450605e-07  1.757080722345801e-01 -2.524346387879741e-03  1.417190280551173e-10  9.864405267861459e-09 
 4.570881896148648e+07  4.998967264678189e+01 -7.179889423893963e-01  1.505462981088376e-05 -2.214020636437927e-07  1.757064018494482e-01 -2.583121977182105e-03  1.483966617940380e-10  1.009408082238394e-08 
 4.677351412871877e+07  4.998918674835014e+01 -7.347059118883522e-01  1.505447989463092e-05 -2.265569768108122e-07  1.757046527747284e-01 -2.643264910456578e-03  1.553888697698050e-10  1.032909934669799e-08 
 4.786300923226276e+07  4.998867796035479e+01 -7.518117590335440e-01  1.505432291616639e-05 -2.318318057923253e-07  1.757028213050999e-01 -2.704806914612853e-03  1.627104645873488e-10  1.056958480409306e-08 
 4.897788193684352e+07  4.998814520502032e+01 -7.693155054501386e-01  1.505415854295964e-05 -2.372293325251876e-07  1.757009035609253e-01 -2.767780446812649e-03  1.703769557117396e-10  1.081566401028589e-08 
 5.011872336272611e+07  4.998758735387143e+01 -7.872263802958419e-01  1.505398642683752e-05 -2.427524029411878e-07  1.756988954800642e-01 -2.832218710853655e-03  1.784045821909989e-10  1.106746669735901e-08 
 5.128613839913534e+07  4.998700322535259e+01 -8.055538249086986e-01  1.505380620324983e-05 -2.484039284002154e-07  1.756967928093051e-01 -2.898155673890456e-03  1.868103469096047e-10  1.132512557900994e-08 
 5.248074602497608e+07  4.998639158233647e+01 -8.243074975498661e-01  1.505361749050057e-05 -2.541868871527103e-07  1.756945910953960e-01 -2.965626083497108e-03  1.956120524437218e-10  1.158877641712889e-08 
 5.370317963702407e+07  4.998575112951582e+01 -8.434972782426298e-01  1.505341988894323e-05 -2.601043258317868e-07  1.756922856756565e-01 -3.034665485075915e-03  2.048283385924327e-10  1.185855808972235e-08 
 5.495408738576122e+07  4.998508051067347e+01 -8.631332737088852e-01  1.505321298013854e-05 -2.661593609754094e-07  1.756898716681505e-01 -3.105310239616832e-03  2.144787216626283e-10  1.213461266019936e-08 
 5.623413251903364e+07  4.998437830582488e+01 -8.832258224042748e-01  1.505299632597280e-05 -2.723551805789846e-07  1.756873439614002e-01 -3.177597541811739e-03  2.245836355887467e-10  1.241708544803640e-08 
 5.754399373371439e+07  4.998364302822723e+01 -9.037854996531138e-01  1.505276946773512e-05 -2.786950456787211e-07  1.756846972036202e-01 -3.251565438527676e-03  2.351644749722384e-10  1.270612510083648e-08 
 5.888436553555757e+07  4.998287312124898e+01 -9.248231228841861e-01  1.505253192515153e-05 -2.851822919660889e-07  1.756819257914484e-01 -3.327252847642936e-03  2.462436401294815e-10  1.300188366779691e-08 
 6.025595860743441e+07  4.998206695509337e+01 -9.463497569684226e-01  1.505228319537413e-05 -2.918203314336901e-07  1.756790238581521e-01 -3.404699577249634e-03  2.578445842408805e-10  1.330451667459930e-08 
 6.165950018614683e+07  4.998122282336919e+01 -9.683767196594153e-01  1.505202275192299e-05 -2.986126540528358e-07  1.756759852612838e-01 -3.483946345226183e-03  2.699918626980756e-10  1.361418319973442e-08 
 6.309573444801790e+07  4.998033893950181e+01 -9.909155871376287e-01  1.505175004357887e-05 -3.055628294830924e-07  1.756728035697619e-01 -3.565034799182786e-03  2.827111847505466e-10  1.393104595227348e-08 
 6.456542290346409e+07  4.997941343297695e+01 -1.013978199659084e+00  1.505146449322428e-05 -3.126745088140384e-07  1.756694720503498e-01 -3.648007536782708e-03  2.960294675574531e-10  1.425527135109564e-08 
 6.606934480075811e+07  4.997844434540978e+01 -1.037576667309210e+00  1.505116549663067e-05 -3.199514263394435e-07  1.756659836535058e-01 -3.732908126441839e-03  3.099748927552984e-10  1.458702960558074e-08 
 6.760829753919666e+07  4.997742962643093e+01 -1.061723375862418e+00  1.505085242118912e-05 -3.273974013640411e-07  1.756623309985740e-01 -3.819781128408527e-03  3.245769656569437e-10  1.492649479777419e-08 
 6.918309709189209e+07  4.997636712938152e+01 -1.086430992747866e+00  1.505052460458213e-05 -3.350163400430400e-07  1.756585063582881e-01 -3.908672116225377e-03  3.398665772026627e-10  1.527384496602949e-08 
 7.079457843841220e+07  4.997525460680800e+01 -1.111712473121730e+00  1.505018135339358e-05 -3.428122372544683e-07  1.756545016425540e-01 -3.999627698574117e-03  3.558760687892846e-10  1.562926219013173e-08 
 7.244359600749739e+07  4.997408970574788e+01 -1.137581066046160e+00  1.504982194165425e-05 -3.507891785044076e-07  1.756503083814800e-01 -4.092695541504196e-03  3.726393001090723e-10  1.599293267790346e-08 
 7.413102413009009e+07  4.997286996279683e+01 -1.164050320774948e+00  1.504944560931985e-05 -3.589513418651232e-07  1.756459177076205e-01 -4.187924391045184e-03  3.901917201357988e-10  1.636504685329205e-08 
 7.585775750291668e+07  4.997159279894694e+01 -1.191134093145738e+00  1.504905156067846e-05 -3.673029999460381e-07  1.756413203373946e-01 -4.285364096202368e-03  4.085704414015429e-10  1.674579944593483e-08 
 7.762471166286743e+07  4.997025551418605e+01 -1.218846552078454e+00  1.504863896268419e-05 -3.758485218974496e-07  1.756365065516462e-01 -4.385065632334359e-03  4.278143177140319e-10  1.713538958219605e-08 
 7.943282347242635e+07  4.996885528184703e+01 -1.247202186179385e+00  1.504820694321378e-05 -3.845923754468140e-07  1.756314661753027e-01 -4.487081124910687e-03  4.479640254709140e-10  1.753402087766611e-08 
 8.128305161640808e+07  4.996738914269579e+01 -1.276215810450156e+00  1.504775458924258e-05 -3.935391289673640e-07  1.756261885560944e-01 -4.591463873646602e-03  4.690621487341606e-10  1.794190153111081e-08 
 8.317637711026521e+07  4.996585399874611e+01 -1.305902573100557e+00  1.504728094493613e-05 -4.026934535787356e-07  1.756206625422893e-01 -4.698268377011375e-03  4.911532682348821e-10  1.835924441985422e-08 
 8.511380382023571e+07  4.996424660678909e+01 -1.336277962463952e+00  1.504678500965384e-05 -4.120601252792155e-07  1.756148764594015e-01 -4.807550357105474e-03  5.142840544862084e-10  1.878626719657550e-08 
 8.709635899560608e+07  4.996256357162407e+01 -1.367357814013682e+00  1.504626573586047e-05 -4.216440271091135e-07  1.756088180858250e-01 -4.919366784900930e-03  5.385033651895295e-10  1.922319238749509e-08 
 8.912509381337252e+07  4.996080133897793e+01 -1.399158317478573e+00  1.504572202694153e-05 -4.314501513446810e-07  1.756024746273453e-01 -5.033775905838052e-03  5.638623471273232e-10  1.967024749192203e-08 
 9.120108393558890e+07  4.995895618809858e+01 -1.431696024055312e+00  1.504515273491807e-05 -4.414836017218796e-07  1.755958326904780e-01 -5.150837265770425e-03  5.904145427440391e-10  2.012766508312809e-08 
 9.332543007969697e+07  4.995702422400790e+01 -1.464987853715085e+00  1.504455665805648e-05 -4.517495956891991e-07  1.755888782545830e-01 -5.270611737248842e-03  6.182160016250421e-10  2.059568291051016e-08 
 9.549925860214141e+07  4.995500136939935e+01 -1.499051102601474e+00  1.504393253836861e-05 -4.622534666885974e-07  1.755815966426972e-01 -5.393161546133328e-03  6.473253970924827e-10  2.107454400299563e-08 
 9.772372209557883e+07  4.995288335616389e+01 -1.533903450516177e+00  1.504327905899724e-05 -4.730006664634971e-07  1.755739724910316e-01 -5.518550298520843e-03  6.778041481461078e-10  2.156449677363986e-08 
 9.999999999999771e+07  4.995066571652815e+01 -1.569562968488632e+00  1.504259484148191e-05 -4.839967673926349e-07  1.755659897170715e-01 -5.646843007974616e-03  7.097165469865432e-10  2.206579512535770e-08 
 1.023292992280731e+08  4.994834377378731e+01 -1.606048126425156e+00  1.504187844289967e-05 -4.952474648484010e-07  1.755576314862176e-01 -5.778106123039226e-03  7.431298923683892e-10  2.257869855772374e-08 
 1.047128548050875e+08  4.994591263261508e+01 -1.643377800832610e+00  1.504112835287542e-05 -5.067585795781388e-07  1.755488801769053e-01 -5.912407555023546e-03  7.781146290406171e-10  2.310347227476825e-08 
 1.071519305237582e+08  4.994336716893194e+01 -1.681571282611069e+00  1.504034299045586e-05 -5.185360601066896e-07  1.755397173441337e-01 -6.049816706031572e-03  8.147444935422584e-10  2.364038729368711e-08 
 1.096478196143160e+08  4.994070201931236e+01 -1.720648284909310e+00  1.503952070084134e-05 -5.305859851582782e-07  1.755301236813351e-01 -6.190404497218915e-03  8.530966666321986e-10  2.418972055437482e-08 
 1.122018454301937e+08  4.993791156991092e+01 -1.760628951036234e+00  1.503865975196910e-05 -5.429145660956178e-07  1.755200789805127e-01 -6.334243397250170e-03  8.932519326430504e-10  2.475175502967992e-08 
 1.148153621496856e+08  4.993498994488611e+01 -1.801533862420651e+00  1.503775833094169e-05 -5.555281493738859e-07  1.755095620905701e-01 -6.481407450929843e-03  9.352948460605987e-10  2.532677983627136e-08 
 1.174897554939502e+08  4.993193099430045e+01 -1.843384046611014e+00  1.503681454029371e-05 -5.684332190069883e-07  1.754985508737556e-01 -6.631972307976597e-03  9.793139056421520e-10  2.591509034599319e-08 
 1.202264434617385e+08  4.992872828147387e+01 -1.886200985305863e+00  1.503582639408991e-05 -5.816363990432474e-07  1.754870221601388e-01 -6.786015251907499e-03  1.025401736399302e-09  2.651698829757208e-08 
 1.230268770812353e+08  4.992537506976723e+01 -1.930006622404822e+00  1.503479181384744e-05 -5.951444560473891e-07  1.754749517000355e-01 -6.943615228995737e-03  1.073655279783132e-09  2.713278190852980e-08 
 1.258925411794138e+08  4.992186430877125e+01 -1.974823372068994e+00  1.503370862427471e-05 -6.089643015853783e-07  1.754623141142924e-01 -7.104852877261597e-03  1.124175992422711e-09  2.776278598713754e-08 
 1.288249551693104e+08  4.991818861987593e+01 -2.020674126778574e+00  1.503257454881901e-05 -6.231029947083490e-07  1.754490828423415e-01 -7.269810555452872e-03  1.177070053780891e-09  2.840732204423462e-08 
 1.318256738556376e+08  4.991434028119386e+01 -2.067582265374329e+00  1.503138720501487e-05 -6.375677444315053e-07  1.754352300879299e-01 -7.438572371966617e-03  1.232448583104860e-09  2.906671840471737e-08 
 1.348962882591622e+08  4.991031121181047e+01 -2.115571661068387e+00  1.503014409962474e-05 -6.523659122035044e-07  1.754207267624248e-01 -7.611224213659853e-03  1.290427866062611e-09  2.974131031848604e-08 
 1.380384264602852e+08  4.990609295533305e+01 -2.164666689408519e+00  1.502884262356326e-05 -6.675050143614338e-07  1.754055424255962e-01 -7.787853774492216e-03  1.351129591470545e-09  3.043144007061966e-08 
 1.412537544622721e+08  4.990167666270919e+01 -2.214892236178606e+00  1.502748004659623e-05 -6.829927245660497e-07  1.753896452237685e-01 -7.968550583938330e-03  1.414681098531604e-09  3.113745709052764e-08 
 1.445439770745893e+08  4.989705307428468e+01 -2.266273705216596e+00  1.502605351180481e-05 -6.988368762114995e-07  1.753730018252356e-01 -8.153406035102477e-03  1.481215635017840e-09  3.185971805980593e-08 
 1.479108388168172e+08  4.989221250106981e+01 -2.318837026129561e+00  1.502456002980556e-05 -7.150454648032412e-07  1.753555773528247e-01 -8.342513412462249e-03  1.550872626845958e-09  3.259858701850221e-08 
 1.513561248436172e+08  4.988714480518134e+01 -2.372608661883796e+00  1.502299647271613e-05 -7.316266502973525e-07  1.753373353134948e-01 -8.535967919161721e-03  1.623797959509154e-09  3.335443546946961e-08 
 1.548816618912444e+08  4.988183937942756e+01 -2.427615616246065e+00  1.502135956785653e-05 -7.485887593938495e-07  1.753182375248492e-01 -8.733866703768092e-03  1.700144271843499e-09  3.412764248046246e-08 
 1.584893192461076e+08  4.987628512600173e+01 -2.483885441050117e+00  1.501964589117540e-05 -7.659402877760401e-07  1.752982440384394e-01 -8.936308886398698e-03  1.780071262622076e-09  3.491859478359874e-08 
 1.621810097358891e+08  4.987047043424878e+01 -2.541446243260511e+00  1.501785186039021e-05 -7.836899022872731e-07  1.752773130597320e-01 -9.143395584117643e-03  1.863746010485017e-09  3.572768687178403e-08 
 1.659586907437521e+08  4.986438315746864e+01 -2.600326691803541e+00  1.501597372783036e-05 -8.018464430357684e-07  1.752554008646090e-01 -9.355229935493365e-03  1.951343307728533e-09  3.655532109165908e-08 
 1.698243652461704e+08  4.985801058871927e+01 -2.660556024132683e+00  1.501400757297156e-05 -8.204189254174702e-07  1.752324617122663e-01 -9.571917124199776e-03  2.043046008490773e-09  3.740190773259903e-08 
 1.737800828749334e+08  4.985133943558063e+01 -2.722164052493386e+00  1.501194929464968e-05 -8.394165420460756e-07  1.752084477543726e-01 -9.793564401534441e-03  2.139045391886923e-09  3.826786511125512e-08 
 1.778279410038880e+08  4.984435579384019e+01 -2.785181169849368e+00  1.500979460294186e-05 -8.588486645785486e-07  1.751833089403461e-01 -1.002028110771738e-02  2.239541540660175e-09  3.915361965109080e-08 
 1.819700858609940e+08  4.983704512005991e+01 -2.849638355429615e+00  1.500753901070245e-05 -8.787248454235446e-07  1.751569929186045e-01 -1.025217869182381e-02  2.344743735929091e-09  4.005960595632181e-08 
 1.862087136662823e+08  4.982939220298325e+01 -2.915567179852256e+00  1.500517782474115e-05 -8.990548193192113e-07  1.751294449336400e-01 -1.048937073019292e-02  2.454870868625167e-09  4.098626687962605e-08 
 1.905460717963202e+08  4.982138113373987e+01 -2.982999809778111e+00  1.500270613663013e-05 -9.198485047658020e-07  1.751006077187660e-01 -1.073197294314275e-02  2.570151868227051e-09  4.193405358294046e-08 
 1.949844599757999e+08  4.981299527480543e+01 -3.051969012043308e+00  1.500011881312713e-05 -9.411160052974928e-07  1.750704213843831e-01 -1.098010320980902e-02  2.690826149409800e-09  4.290342559061292e-08 
 1.995262314968832e+08  4.980421722767240e+01 -3.122508157216542e+00  1.499741048620075e-05 -9.628676105765965e-07  1.750388233016041e-01 -1.123388158091197e-02  2.817144077238384e-09  4.389485083412225e-08 
 2.041737944669480e+08  4.979502879918763e+01 -3.194651222522664e+00  1.499457554264451e-05 -9.851137972921936e-07  1.750057479810814e-01 -1.149343028924128e-02  2.949367451544493e-09  4.490880568752307e-08 
 2.089296130853989e+08  4.978541096651164e+01 -3.268432794070032e+00  1.499160811326558e-05 -1.007865229843867e-06  1.749711269468714e-01 -1.175887375763383e-02  3.087770011134104e-09  4.594577499271161e-08 
 2.137962089502181e+08  4.977534384065402e+01 -3.343888068314636e+00  1.498850206163427e-05 -1.031132760789866e-06  1.749348886051748e-01 -1.203033860420304e-02  3.232637958480154e-09  4.700625207354380e-08 
 2.187761623949500e+08  4.976480662853940e+01 -3.421052852689234e+00  1.498525097238006e-05 -1.054927431037572e-06  1.748969581077863e-01 -1.230795364456169e-02  3.384270505559797e-09  4.809073873776905e-08 
 2.238721138568285e+08  4.975377759355741e+01 -3.499963565320743e+00  1.498184813901999e-05 -1.079260469752557e-06  1.748572572100881e-01 -1.259184989076155e-02  3.542980441498740e-09  4.919974526567078e-08 
 2.290867652767718e+08  4.974223401455118e+01 -3.580657233753827e+00  1.497828655130520e-05 -1.104143293960941e-06  1.748157041234221e-01 -1.288216054665479e-02  3.709094722685860e-09  5.033379038422822e-08 
 2.344228815319865e+08  4.973015214319769e+01 -3.663171492592955e+00  1.497455888207137e-05 -1.129587507817959e-06  1.747722133616735e-01 -1.317902099936098e-02  3.882955086019344e-09  5.149340122553247e-08 
 2.398832919019432e+08  4.971750715973493e+01 -3.747544579969310e+00  1.497065747357905e-05 -1.155604901513863e-06  1.747266955819037e-01 -1.348256880650300e-02  4.064918685940623e-09  5.267911326810513e-08 
 2.454708915684971e+08  4.970427312699044e+01 -3.833815332732636e+00  1.496657432332995e-05 -1.182207449786326e-06  1.746790574188681e-01 -1.379294367885189e-02  4.255358755903938e-09  5.389147025967613e-08 
 2.511886431509519e+08  4.969042294266718e+01 -3.922023180261451e+00  1.496230106934553e-05 -1.209407310006458e-06  1.746292013132622e-01 -1.411028745799719e-02  4.454665294917242e-09  5.513102411988299e-08 
 2.570395782768801e+08  4.967592828984362e+01 -4.012208136778125e+00  1.495782897489467e-05 -1.237216819803425e-06  1.745770253335378e-01 -1.443474408863405e-02  4.663245779773557e-09  5.639833482125212e-08 
 2.630267991895318e+08  4.966075958564641e+01 -4.104410792047926e+00  1.495314891265739e-05 -1.265648494190357e-06  1.745224229911424e-01 -1.476645958503198e-02  4.881525903570742e-09  5.769397024671765e-08 
 2.691534803926850e+08  4.964488592805598e+01 -4.198672300333424e+00  1.494825134831274e-05 -1.294715022151864e-06  1.744652830490378e-01 -1.510558199122210e-02  5.109950341090946e-09  5.901850602182135e-08 
 2.754228703338099e+08  4.962827504080749e+01 -4.295034367467519e+00  1.494312632353881e-05 -1.324429262650976e-06  1.744054893233615e-01 -1.545226133441096e-02  5.348983541578556e-09  6.037252531962001e-08 
 2.818382931264385e+08  4.961089321635228e+01 -4.393539235899805e+00  1.493776343841453e-05 -1.354804240010664e-06  1.743429204781083e-01 -1.580664957109748e-02  5.599110549416321e-09  6.175661863620414e-08 
 2.884031503126535e+08  4.959270525684849e+01 -4.494229667562114e+00  1.493215183321329e-05 -1.385853138622397e-06  1.742774498127158e-01 -1.616890052533845e-02  5.860837853153111e-09  6.317138353460311e-08 
 2.951209226666313e+08  4.957367441315274e+01 -4.597148924389674e+00  1.492628016957987e-05 -1.417589296931244e-06  1.742089450424560e-01 -1.653916981857357e-02  6.134694263282328e-09  6.461742435471734e-08 
 3.019951720401942e+08  4.955376232178958e+01 -4.702340746324631e+00  1.492013661108346e-05 -1.450026200644081e-06  1.741372680715469e-01 -1.691761479038643e-02  6.421231819106916e-09  6.609535188677714e-08 
 3.090295432513515e+08  4.953292893988057e+01 -4.809849326618460e+00  1.491370880314114e-05 -1.483177475104279e-06  1.740622747589189e-01 -1.730439440954077e-02  6.721026724954016e-09  6.760578300568203e-08 
 3.162277660168301e+08  4.951113247801979e+01 -4.919719284239262e+00  1.490698385230779e-05 -1.517056876773027e-06  1.739838146765912e-01 -1.769966917459398e-02  7.034680315918980e-09  6.914934026342180e-08 
 3.235936569296203e+08  4.948832933109060e+01 -5.031995633178944e+00  1.489994830493079e-05 -1.551678283754017e-06  1.739017308606347e-01 -1.810360100334943e-02  7.362820053223173e-09  7.072665143662174e-08 
 3.311311214825829e+08  4.946447400702456e+01 -5.146723748443902e+00  1.489258812516985e-05 -1.587055685294750e-06  1.738158595547296e-01 -1.851635311036908e-02  7.706100549162423e-09  7.233834902609191e-08 
 3.388441561391942e+08  4.943951905351256e+01 -5.263949328501085e+00  1.488488867238501e-05 -1.623203170194051e-06  1.737260299463509e-01 -1.893808987172482e-02  8.065204621501000e-09  7.398506970508920e-08 
 3.467368504525231e+08  4.941341498268797e+01 -5.383718353939242e+00  1.487683467789898e-05 -1.660134914041701e-06  1.736320638956541e-01 -1.936897667612418e-02  8.440844377029692e-09  7.566745371282877e-08 
 3.548133892335666e+08  4.938611019381128e+01 -5.506077042092635e+00  1.486841022114284e-05 -1.697865165212192e-06  1.735337756571670e-01 -1.980917976150038e-02  8.833762323852822e-09  7.738614418959992e-08 
 3.630780547700923e+08  4.935755089399877e+01 -5.631071797361896e+00  1.485959870519829e-05 -1.736408229530762e-06  1.734309715944411e-01 -2.025886603611185e-02  9.244732511798713e-09  7.914178644966018e-08 
 3.715352290971633e+08  4.932768101704991e+01 -5.758749156953582e+00  1.485038283175337e-05 -1.775778453525768e-06  1.733234498878586e-01 -2.071820288314859e-02  9.674561700157406e-09  8.093502718789238e-08 
 3.801893963205517e+08  4.929644214044349e+01 -5.889155731746931e+00  1.484074457549305e-05 -1.815990206177482e-06  1.732110002358482e-01 -2.118735794779632e-02  1.012409055173890e-08  8.276651361602105e-08 
 3.890451449942709e+08  4.926377340058839e+01 -6.022338141982892e+00  1.483066515795151e-05 -1.857057859069201e-06  1.730934035498186e-01 -2.166649890566049e-02  1.059419485201159e-08  8.463689252399206e-08 
 3.981071705534873e+08  4.922961140643292e+01 -6.158342947457175e+00  1.482012502085782e-05 -1.898995764842506e-06  1.729704316431830e-01 -2.215579321140461e-02  1.108578675182321e-08  8.654680926192543e-08 
 4.073802778041025e+08  4.919389015155610e+01 -6.297216571885672e+00  1.480910379901343e-05 -1.941818233854294e-06  1.728418469149190e-01 -2.265540782640895e-02  1.159981603192335e-08  8.849690663785993e-08 
 4.168693834703249e+08  4.915654092488619e+01 -6.439005221097339e+00  1.479758029274603e-05 -1.985539508929215e-06  1.727074020281889e-01 -2.316550892420811e-02  1.213727138719582e-08  9.048782372631715e-08 
 4.265795188015819e+08  4.911749222021506e+01 -6.583754794696609e+00  1.478553243999198e-05 -2.030173738097026e-06  1.725668395846238e-01 -2.368626157241876e-02  1.269918172816825e-08  9.252019458252299e-08 
 4.365158322401550e+08  4.907666964470295e+01 -6.731510790824764e+00  1.477293728806721e-05 -2.075734945200563e-06  1.724198917949757e-01 -2.421782938982382e-02  1.328661749699498e-08  9.459464685694479e-08 
 4.466835921509519e+08  4.903399582659661e+01 -6.882318203637520e+00  1.475977096519551e-05 -2.122236998256201e-06  1.722662801469360e-01 -2.476037417723497e-02  1.390069199470349e-08  9.671180030462570e-08 
 4.570881896148635e+08  4.898939032241358e+01 -7.036221413104648e+00  1.474600865187212e-05 -2.169693575445211e-06  1.721057150710352e-01 -2.531405552071482e-02  1.454256271605422e-08  9.887226518363268e-08 
 4.677351412871864e+08  4.894276952387978e+01 -7.193264066726877e+00  1.473162455215120e-05 -2.218118128611105e-06  1.719378956056532e-01 -2.587903036570141e-02  1.521343268788543e-08  1.010766405367835e-07 
 4.786300923226262e+08  4.889404656494224e+01 -7.353488952755820e+00  1.471659186495658e-05 -2.267523844135155e-06  1.717625090623013e-01 -2.645545256054399e-02  1.591455180629761e-08  1.033255123506792e-07 
 4.897788193684338e+08  4.884313122921849e+01 -7.516937864494559e+00  1.470088275552727e-05 -2.317923601059775e-06  1.715792306924762e-01 -2.704347236792950e-02  1.664721816747338e-08  1.056194515859545e-07 
 5.011872336272596e+08  4.878992985828548e+01 -7.683651455249987e+00  1.468446832712200e-05 -2.369329926327430e-06  1.713877233575371e-01 -2.764323594265591e-02  1.741277938632748e-08  1.079590120725593e-07 
 5.128613839913518e+08  4.873434526125573e+01 -7.853669083503434e+00  1.466731859312099e-05 -2.421754947001296e-06  1.711876372032161e-01 -2.825488477419183e-02  1.821263389653571e-08  1.103447282638252e-07 
 5.248074602497592e+08  4.867627662613674e+01 -8.027028647863656e+00  1.464940244967795e-05 -2.475210339333217e-06  1.709786093405490e-01 -2.887855509245329e-02  1.904823222479908e-08  1.127771128430295e-07 
 5.370317963702390e+08  4.861561943352058e+01 -8.203766411366702e+00  1.463068764909117e-05 -2.529707274544549e-06  1.707602635351946e-01 -2.951437723522993e-02  1.992107823146076e-08  1.152566541761779e-07 
 5.495408738576105e+08  4.855226537320580e+01 -8.383916814690275e+00  1.461114077407923e-05 -2.585256361186493e-06  1.705322099073103e-01 -3.016247497570410e-02  2.083273030880493e-08  1.177838136047731e-07 
 5.623413251903347e+08  4.848610226441163e+01 -8.567512277857182e+00  1.459072721316526e-05 -2.641867583948676e-06  1.702940446443585e-01 -3.082296480853151e-02  2.178480252753059e-08  1.203590225724322e-07 
 5.754399373371422e+08  4.841701398030570e+01 -8.754582990012917e+00  1.456941113739208e-05 -2.699550238787908e-06  1.700453497294424e-01 -3.149595519298969e-02  2.277896572100646e-08  1.229826795793716e-07 
 5.888436553555739e+08  4.834488037763199e+01 -8.945156686877922e+00  1.454715547861105e-05 -2.758312864253899e-06  1.697856926880014e-01 -3.218154575175598e-02  2.381694849597935e-08  1.256551469589962e-07 
 6.025595860743423e+08  4.826957723229368e+01 -9.139258415494993e+00  1.452392190960824e-05 -2.818163168894817e-06  1.695146263559424e-01 -3.287982642394938e-02  2.490053815742434e-08  1.283767474711197e-07 
 6.165950018614663e+08  4.819097618181684e+01 -9.336910285918341e+00  1.449967082635369e-05 -2.879107954633605e-06  1.692316886725427e-01 -3.359087657116304e-02  2.603158153419592e-08  1.311477607067167e-07 
 6.309573444801769e+08  4.810894467569589e+01 -9.538131209522861e+00  1.447436133268265e-05 -2.941153036015893e-06  1.689364025017235e-01 -3.431476403533073e-02  2.721198569106571e-08  1.339684192995666e-07 
 6.456542290346388e+08  4.802334593469897e+01 -9.742936623651284e+00  1.444795122774119e-05 -3.004303155242380e-06  1.686282754855796e-01 -3.505154414741070e-02  2.844371851161734e-08  1.368389049407147e-07 
 6.606934480075788e+08  4.793403892029109e+01 -9.951338202363623e+00  1.442039699655378e-05 -3.068561892912998e-06  1.683067999343295e-01 -3.580125868603890e-02  2.972880913531834e-08  1.397593441923486e-07 
 6.760829753919642e+08  4.784087831541532e+01 -1.016334355310845e+01  1.439165380409521e-05 -3.133931574427156e-06  1.679714527571530e-01 -3.656393478550176e-02  3.106934823090594e-08  1.427298040984795e-07 
 6.918309709189185e+08  4.774371451795599e+01 -1.037895589920016e+01  1.436167549327554e-05 -3.200413172004345e-06  1.676216954386809e-01 -3.733958379261155e-02  3.246748808701864e-08  1.457502875907486e-07 
 7.079457843841195e+08  4.764239364829245e+01 -1.059817374806035e+01  1.433041458727264e-05 -3.268006202312168e-06  1.672569740662080e-01 -3.812820007233381e-02  3.392544249978185e-08  1.488207286887480e-07 
 7.244359600749712e+08  4.753675757243762e+01 -1.082099054526722e+01  1.429782229667321e-05 -3.336708619715297e-06  1.668767194130082e-01 -3.892975976232389e-02  3.544548643582904e-08  1.519409874954711e-07 
 7.413102413008982e+08  4.742664394234004e+01 -1.104739431455312e+01  1.426384853190960e-05 -3.406516705188675e-06  1.664803470834337e-01 -3.974421947687847e-02  3.702995544801804e-08  1.551108449899039e-07 
 7.585775750291640e+08  4.731188625501159e+01 -1.127736728400032e+01  1.422844192150511e-05 -3.477424950971994e-06  1.660672577257831e-01 -4.057151496120043e-02  3.868124481989989e-08  1.583299976203417e-07 
 7.762471166286714e+08  4.719231393222432e+01 -1.151088549880715e+01  1.419154983666575e-05 -3.549425941080392e-06  1.656368373192134e-01 -4.141155969731818e-02  4.040180841383294e-08  1.615980517037792e-07 
 7.943282347242607e+08  4.706775242259660e+01 -1.174791842113355e+01  1.415311842278011e-05 -3.622510227828321e-06  1.651884575412484e-01 -4.226424346349086e-02  4.219415719652251e-08  1.649145176386905e-07 
 8.128305161640779e+08  4.693802332796073e+01 -1.198842851768624e+01  1.411309263841104e-05 -3.696666204570312e-06  1.647214762226951e-01 -4.312943084947596e-02  4.406085741473083e-08  1.682788039406912e-07 
 8.317637711026491e+08  4.680294455596976e+01 -1.223237083587039e+01  1.407141630238329e-05 -3.771879974913787e-06  1.642352378970149e-01 -4.400695973063629e-02  4.600452839296455e-08  1.716902111129765e-07 
 8.511380382023541e+08  4.666233050095695e+01 -1.247969256951709e+01  1.402803214958826e-05 -3.848135218715284e-06  1.637290744513979e-01 -4.489663970451919e-02  4.802783992413328e-08  1.751479253660530e-07 
 8.709635899560577e+08  4.651599225510768e+01 -1.273033261539481e+01  1.398288189614146e-05 -3.925413055232843e-06  1.632023058869549e-01 -4.579825049425660e-02  5.013350922351382e-08  1.786510122041474e-07 
 8.912509381337219e+08  4.636373785203622e+01 -1.298422112192803e+01  1.393590631453823e-05 -4.003691903873704e-06  1.626542411955592e-01 -4.671154032390971e-02  5.232429741588038e-08  1.821984098987686e-07 
 9.120108393558856e+08  4.620537254487753e+01 -1.324127903177799e+01  1.388704531945875e-05 -4.082947343047888e-06  1.620841793609347e-01 -4.763622427171499e-02  5.460300552540624e-08  1.857889228732389e-07 
 9.332543007969663e+08  4.604069912100388e+01 -1.350141762018846e+01  1.383623806487349e-05 -4.163151967714777e-06  1.614914104915847e-01 -4.857198260808146e-02  5.697246993794506e-08  1.894212150255763e-07 
 9.549925860214106e+08  4.586951825545553e+01 -1.376453803126296e+01  1.378342305309342e-05 -4.244275246291125e-06  1.608752170930816e-01 -4.951845912613781e-02  5.943555730559903e-08  1.930938030209093e-07 
 9.772372209557847e+08  4.569162890513019e+01 -1.403053081461875e+01  1.372853825639614e-05 -4.326283377674940e-06  1.602348754870795e-01 -5.047525947363159e-02  6.199515886411956e-08  1.968050495886142e-07 
 9.999999999999734e+08  4.550682874570481e+01 -1.429927546515490e+01  1.367152125183667e-05 -4.409139149229845e-06  1.595696573841523e-01 -5.144194949603417e-02  6.465418413470681e-08  2.005531568635748e-07 
 1.023292992280727e+09  4.531491465316287e+01 -1.457063996897680e+01  1.361230936982098e-05 -4.492801796668509e-06  1.588788316172014e-01 -5.241805360180239e-02  6.741555398322554e-08  2.043361598153514e-07 
 1.047128548050872e+09  4.511568323166650e+01 -1.484448035883340e+01  1.355083985697876e-05 -4.577226866870794e-06  1.581616660416940e-01 -5.340305316187960e-02  7.028219301177940e-08  2.081519198135730e-07 
 1.071519305237578e+09  4.490893138934201e+01 -1.512064028274619e+01  1.348705005381963e-05 -4.662366084771621e-06  1.574174296083782e-01 -5.439638495667824e-02  7.325702126003468e-08  2.119981183825002e-07 
 1.096478196143156e+09  4.469445696333897e+01 -1.539895058983497e+01  1.342087758759219e-05 -4.748167225554327e-06  1.566453946133713e-01 -5.539743968496158e-02  7.634294519670184e-08  2.158722512024165e-07 
 1.122018454301933e+09  4.447205939526951e+01 -1.567922893767251e+01  1.335226058068761e-05 -4.834573993486112e-06  1.558448391296053e-01 -5.640556055021902e-02  7.954284798521381e-08  2.197716224202011e-07 
 1.148153621496852e+09  4.424154045783767e+01 -1.596127942582397e+01  1.328113787483750e-05 -4.921525908832014e-06  1.550150496225447e-01 -5.742004194129372e-02  8.285957901192760e-08  2.236933393361043e-07 
 1.174897554939498e+09  4.400270503312198e+01 -1.624489226054094e+01  1.320744927124895e-05 -5.008958204380922e-06  1.541553237518437e-01 -5.844012822515384e-02  8.629594267015632e-08  2.276343075382662e-07 
 1.202264434617381e+09  4.375536194257842e+01 -1.652984345588066e+01  1.313113578669764e-05 -5.096801733209666e-06  1.532649733591857e-01 -5.946501267077891e-02  8.985468639904546e-08  2.315912265608488e-07 
 1.230268770812348e+09  4.349932482838214e+01 -1.681589457680016e+01  1.305213992546106e-05 -5.184982889397560e-06  1.523433276409303e-01 -6.049383652413906e-02  9.353848798276466e-08  2.355605861456688e-07 
 1.258925411794133e+09  4.323441308522467e+01 -1.710279253002689e+01  1.297040596681951e-05 -5.273423543481333e-06  1.513897365023887e-01 -6.152568825515078e-02  9.734994212271121e-08  2.395386631908469e-07 
 1.288249551693099e+09  4.296045284112780e+01 -1.739026940872347e+01  1.288588026768089e-05 -5.362040994507179e-06  1.504035740885491e-01 -6.255960299827144e-02  1.012915463034157e-07  2.435215194730998e-07 
 1.318256738556371e+09  4.267727798522701e+01 -1.767804239713715e+01  1.279851157969764e-05 -5.450747940589892e-06  1.493842424838823e-01 -6.359456220901620e-02  1.053656859815996e-07  2.475050002327897e-07 
 1.348962882591617e+09  4.238473123981782e+01 -1.796581374154511e+01  1.270825138004089e-05 -5.539452469926322e-06  1.483311755714849e-01 -6.462949355911572e-02  1.095746191373302e-07  2.514847337125801e-07 
 1.380384264602847e+09  4.208266527325002e+01 -1.825327079386548e+01  1.261505421477790e-05 -5.628058074228512e-06  1.472438430392672e-01 -6.566327109324481e-02  1.139204602364143e-07  2.554561317413993e-07 
 1.412537544622716e+09  4.177094384950261e+01 -1.854008613429347e+01  1.251887805356738e-05 -5.716463686538566e-06  1.461217545181844e-01 -6.669471567021278e-02  1.184051636640035e-07  2.594143914552505e-07 
 1.445439770745888e+09  4.144944300948085e+01 -1.882591777922983e+01  1.241968465414261e-05 -5.804563745359003e-06  1.449644638346639e-01 -6.772259571117709e-02  1.230305067007726e-07  2.633544982450918e-07 
 1.479108388168167e+09  4.111805227825482e+01 -1.911040948058941e+01  1.231743993479879e-05 -5.892248286976802e-06  1.437715733564176e-01 -6.874562827679311e-02  1.277980721248732e-07  2.672712300194174e-07 
 1.513561248436167e+09  4.077667589161353e+01 -1.939319112229909e+01  1.221211435284051e-05 -5.979403067773572e-06  1.425427384077898e-01 -6.976248049421238e-02  1.327092305350311e-07  2.711591628651638e-07 
 1.548816618912439e+09  4.042523403445173e+01 -1.967387921941001e+01  1.210368328668026e-05 -6.065909718195636e-06  1.412776717277039e-01 -7.077177135345747e-02  1.377651225024882e-07  2.750126781850324e-07 
 1.584893192461070e+09  4.006366408265050e+01 -1.995207752475228e+01  1.199212741901556e-05 -6.151645929904485e-06  1.399761479401909e-01 -7.177207389091263e-02  1.429666406718263e-07  2.788259713821630e-07 
 1.621810097358885e+09  3.969192183927010e+01 -2.022737774744258e+01  1.187743311825144e-05 -6.236485677437626e-06  1.386380080044480e-01 -7.276191777544772e-02  1.483144119428241e-07  2.825930621542050e-07 
 1.659586907437515e+09  3.930998275506204e+01 -2.049936038681630e+01  1.175959281508538e-05 -6.320299475481681e-06  1.372631636084568e-01 -7.373979231003057e-02  1.538087798771966e-07  2.863078064481866e-07 
 1.698243652461697e+09  3.891784312254273e+01 -2.076759568448805e+01  1.163860537093543e-05 -6.402954672592086e-06  1.358516014674358e-01 -7.470414985856245e-02  1.594497874850627e-07  2.899639101150971e-07 
 1.737800828749327e+09  3.851552123217173e+01 -2.103164469625315e+01  1.151447643467661e-05 -6.484315781887663e-06  1.344033874858856e-01 -7.565340970409966e-02  1.652371605560582e-07  2.935549442888150e-07 
 1.778279410038874e+09  3.810305847856423e+01 -2.129106048442567e+01  1.138721878396160e-05 -6.564244848903925e-06  1.329186707397785e-01 -7.658596234060673e-02  1.711702917088424e-07  2.970743624979442e-07 
 1.819700858609933e+09  3.768052040415832e+01 -2.154538942997446e+01  1.125685264724426e-05 -6.642601856407992e-06  1.313976872336078e-01 -7.750017419594094e-02  1.772482253400715e-07  3.005155195013360e-07 
 1.862087136662816e+09  3.724799766737432e+01 -2.179417266247373e+01  1.112340600250673e-05 -6.719245165563185e-06  1.298407633856378e-01 -7.839439277892933e-02  1.834696436594292e-07  3.038716918187228e-07 
 1.905460717963194e+09  3.680560692206530e+01 -2.203694760444216e+01  1.098691484861706e-05 -6.794031992386252e-06  1.282483191938330e-01 -7.926695223820490e-02  1.898328540007312e-07  3.071360999071152e-07 
 1.949844599757991e+09  3.635349159498483e+01 -2.227324962511950e+01  1.084742344522186e-05 -6.866818917969551e-06  1.266208710346858e-01 -8.011617931497940e-02  1.963357776001745e-07  3.103019319116521e-07 
 1.995262314968824e+09  3.589182254810599e+01 -2.250261379713971e+01  1.070498451711182e-05 -6.937462430450140e-06  1.249590340475485e-01 -8.094039966620739e-02  2.029759400312346e-07  3.133623688967082e-07 
 2.041737944669473e+09  3.542079861293305e+01 -2.272457674792958e+01  1.055965941909283e-05 -7.005819496204607e-06  1.232635240581833e-01 -8.173794452872760e-02  2.097504634812986e-07  3.163106114395907e-07 
 2.089296130853981e+09  3.494064698446433e+01 -2.293867859601434e+01  1.041151825755475e-05 -7.071748157240302e-06  1.215351589971037e-01 -8.250715768903798e-02  2.166560610476641e-07  3.191399074454325e-07 
 2.137962089502173e+09  3.445162346320252e+01 -2.314446496077750e+01  1.026063996515787e-05 -7.135108151249301e-06  1.197748597709386e-01 -8.324640271747728e-02  2.236890332199108e-07  3.218435810183668e-07 
 2.187761623949492e+09  3.395401253457302e+01 -2.334148903263125e+01  1.010711232535423e-05 -7.195761550300659e-06  1.179836505485206e-01 -8.395407041985971e-02  2.308452667017688e-07  3.244150622011543e-07 
 2.238721138568277e+09  3.344812727630135e+01 -2.352931368903863e+01  9.951031943828637e-06 -7.253573413678979e-06  1.161626584276838e-01 -8.462858645415516e-02  2.381202357084587e-07  3.268479173736274e-07 
 2.290867652767709e+09  3.293430908571448e+01 -2.370751364042487e+01  9.792504164380149e-06 -7.308412449944230e-06  1.143131124538496e-01 -8.526841905475352e-02  2.455090058551182e-07  3.291358800800923e-07 
 2.344228815319856e+09  3.241292722055851e+01 -2.387567758875543e+01  9.631642927267146e-06 -7.360151682898970e-06  1.124363419673334e-01 -8.587208680231748e-02  2.530062407284993e-07  3.312728820377079e-07 
 2.398832919019423e+09  3.188437814875027e+01 -2.403341038047841e+01  9.468570568602161e-06 -7.408669115816085e-06  1.105337742628782e-01 -8.643816637334029e-02  2.606062112078313e-07  3.332530840622918e-07 
 2.454708915684961e+09  3.134908470448362e+01 -2.418033513465963e+01  9.303417560000744e-06 -7.453848388011738e-06  1.086069315521319e-01 -8.696530020039547e-02  2.683028075718953e-07  3.350709066355064e-07 
 2.511886431509510e+09  3.080749505026560e+01 -2.431609532651174e+01  9.136322188353261e-06 -7.495579417654943e-06  1.066574272275372e-01 -8.745220397180915e-02  2.760895543983472e-07  3.367210598283390e-07 
 2.570395782768792e+09  3.026008144673011e+01 -2.444035680615894e+01  8.967430176289840e-06 -7.533759024594068e-06  1.046869614342887e-01 -8.789767389818987e-02  2.839596282285824e-07  3.381985722906165e-07 
 2.630267991895308e+09  2.970733883443334e+01 -2.455280973240954e+01  8.796894244635627e-06 -7.568291526959292e-06  1.026973159654892e-01 -8.830059367300225e-02  2.919058779375175e-07  3.394988190152971e-07 
 2.691534803926840e+09  2.914978323423226e+01 -2.465317040154526e+01  8.624873618893167e-06 -7.599089305372908e-06  1.006903485042702e-01 -8.865994105522125e-02  2.999208477131342e-07  3.406175475896883e-07 
 2.754228703338089e+09  2.858794997524329e+01 -2.474118295168960e+01  8.451533482527920e-06 -7.626073328770236e-06  9.866798624526424e-02 -8.897479400409729e-02  3.079968025161412e-07  3.415509026537120e-07 
 2.818382931264374e+09  2.802239176172517e+01 -2.481662092419023e+01  8.277044380557044e-06 -7.649173636103153e-06  9.663221893626375e-02 -8.924433629920341e-02  3.161257558563000e-07  3.422954482979036e-07 
 2.884031503126524e+09  2.745367659248233e+01 -2.487928866463973e+01  8.101581577636483e-06 -7.668329768565094e-06  9.458509138901186e-02 -8.946786258321619e-02  3.242994996895452e-07  3.428481881509561e-07 
 2.951209226666302e+09  2.688238554849383e+01 -2.492902254765057e+01  7.925324375492020e-06 -7.683491147436749e-06  9.252869551565815e-02 -8.964478277025295e-02  3.325096362096391e-07  3.432065829281004e-07 
 3.019951720401930e+09  2.630911046639594e+01 -2.496569201127843e+01  7.748455395133315e-06 -7.694617393200186e-06  9.046516195433703e-02 -8.977462576898711e-02  3.407476112804303e-07  3.433685652372161e-07 
 3.090295432513503e+09  2.573445151713831e+01 -2.498920038902201e+01  7.571159829811925e-06 -7.701678582196789e-06  8.839665135341550e-02 -8.985704247708699e-02  3.490047492304045e-07  3.433325514688596e-07 
 3.162277660168289e+09  2.515901471055854e+01 -2.499948552958724e+01  7.393624675123938e-06 -7.704655437801648e-06  8.632534538908675e-02 -8.989180801165740e-02  3.572722887106981e-07  3.430974506289287e-07 
 3.235936569296190e+09  2.458340934774509e+01 -2.499652019704820e+01  7.216037943005046e-06 -7.703539453841071e-06  8.425343759503628e-02 -8.987882314916137e-02  3.655414193015419e-07  3.426626700078878e-07 
 3.311311214825816e+09  2.400824544385712e+01 -2.498031224662058e+01  7.038587866612227e-06 -7.698332948777313e-06  8.218312408578173e-02 -8.981811495760218e-02  3.738033185405967e-07  3.420281176176741e-07 
 3.388441561391928e+09  2.343413114452395e+01 -2.495090457394031e+01  6.861462103226337e-06 -7.689049050010100e-06  8.011659425692221e-02 -8.970983661337779e-02  3.820491890400930e-07  3.411942013659514e-07 
 3.467368504525217e+09  2.286167015904576e+01 -2.490837483845565e+01  6.684846942340498e-06 -7.675711608482803e-06  7.805602154589035e-02 -8.955426640499910e-02  3.902702953582586e-07  3.401618249764819e-07 
 3.548133892335652e+09  2.229145923335862e+01 -2.485283496424636e+01  6.508926526019347e-06 -7.658355044615609e-06  7.600355433586778e-02 -8.935180593559944e-02  3.984580002942384e-07  3.389323807033414e-07 
 3.630780547700909e+09  2.172408568511656e+01 -2.478443042422431e+01  6.333882088425873e-06 -7.637024127402755e-06  7.396130708332906e-02 -8.910297754566894e-02  4.066038002844779e-07  3.375077389247296e-07 
 3.715352290971618e+09  2.116012502229609e+01 -2.470333931619729e+01  6.159891221120365e-06 -7.611773689290925e-06  7.193135174626847e-02 -8.880842098654733e-02  4.146993595921916e-07  3.358902347385246e-07 
 3.801893963205502e+09  2.060013866546565e+01 -2.460977124164463e+01  5.987127170346287e-06 -7.582668280185952e-06  6.991570958561821e-02 -8.846888938372571e-02  4.227365429996951e-07  3.340826517158070e-07 
 3.890451449942693e+09  2.004467179231390e+01 -2.450396600021666e+01  5.815758172040095e-06 -7.549781764602541e-06  6.791634340679187e-02 -8.808524453679820e-02  4.307074467356859e-07  3.320882029997409e-07 
 3.981071705534857e+09  1.949425132123010e+01 -2.438619211489324e+01  5.645946829746485e-06 -7.513196866565171e-06  6.593515030180548e-02 -8.765845160982574e-02  4.386044273954611e-07  3.299105099648916e-07 
 4.073802778041009e+09  1.894938404871865e+01 -2.425674520438938e+01  5.477849540000036e-06 -7.473004667378223e-06  6.397395494518883e-02 -8.718957327182489e-02  4.464201286410150e-07  3.275535786758614e-07 
 4.168693834703233e+09  1.841055495325109e+01 -2.411594622075447e+01  5.311615969061907e-06 -7.429304061802515e-06  6.203450348905645e-02 -8.667976335198409e-02  4.541475054993247e-07  3.250217744036969e-07 
 4.265795188015802e+09  1.787822567585807e+01 -2.396413957115996e+01  5.147388584190495e-06 -7.382201178498945e-06  6.011845809442627e-02 -8.613026007798376e-02  4.617798461102395e-07  3.223197944736143e-07 
 4.365158322401532e+09  1.735283318538981e+01 -2.380169114360039e+01  4.985302241892407e-06 -7.331808770825159e-06  5.822739212732739e-02 -8.554237896842518e-02  4.693107908095730e-07  3.194526397281172e-07 
 4.466835921509501e+09  1.683478863397094e+01 -2.362898625664340e+01  4.825483834858807e-06 -7.278245584197871e-06  5.636278603959059e-02 -8.491750545185056e-02  4.767343484675703e-07  3.164255848954942e-07 
 4.570881896148617e+09  1.632447640579195e+01 -2.344642755346260e+01  4.668051998556805e-06 -7.221635706263814e-06  5.452602394563368e-02 -8.425708728519142e-02  4.840449100372390e-07  3.132441481551138e-07 
 4.677351412871845e+09  1.582225336005529e+01 -2.325443286018519e+01  4.513116877728429e-06 -7.162107906059984e-06  5.271839089818907e-02 -8.356262684375501e-02  4.912372593004835e-07  3.099140601880309e-07 
 4.786300923226243e+09  1.532844826667056e+01 -2.305343302810416e+01  4.360779952363643e-06 -7.099794968195093e-06  5.094107085791461e-02 -8.283567335312302e-02  4.983065808319872e-07  3.064412329944913e-07 
 4.897788193684319e+09  1.484336143120280e+01 -2.284386977856589e+01  4.211133922068913e-06 -7.034833027856121e-06  4.919514534430545e-02 -8.207781513067713e-02  5.052484652308757e-07  3.028317287492884e-07 
 5.011872336272576e+09  1.436726450365123e+01 -2.262619356837640e+01  4.064262647158427e-06 -6.967360912145401e-06  4.748159274838885e-02 -8.129067190098276e-02  5.120589116979169e-07  2.990917289520074e-07 
 5.128613839913499e+09  1.390040046389720e+01 -2.240086149240523e+01  3.920241144258599e-06 -6.897519492894367e-06  4.580128828142523e-02 -8.047588724507114e-02  5.187343280610483e-07  2.952275041124438e-07 
 5.248074602497573e+09  1.344298377512618e+01 -2.216833523873687e+01  3.779135633743207e-06 -6.825451055690121e-06  4.415500452831718e-02 -7.963512123887675e-02  5.252715283740717e-07  2.912453841923541e-07 
 5.370317963702371e+09  1.299520069521451e+01 -2.192907911026260e+01  3.641003635911173e-06 -6.751298689401317e-06  4.254341256969828e-02 -7.877004333084034e-02  5.316677282322919e-07  2.871517300037410e-07 
 5.495408738576085e+09  1.255720973498148e+01 -2.168355812505144e+01  3.505894112482504e-06 -6.675205700010517e-06  4.096708363274883e-02 -7.788232550309572e-02  5.379205379645344e-07  2.829529057415031e-07 
 5.623413251903326e+09  1.212914225134547e+01 -2.143223620622546e+01  3.373847649722128e-06 -6.597315052062139e-06  3.942649122768355e-02 -7.697363575484821e-02  5.440279538733875e-07  2.786552528050740e-07 
 5.754399373371401e+09  1.171110316278432e+01 -2.117557447042023e+01  3.244896679304271e-06 -6.517768840528005e-06  3.792201372455777e-02 -7.604563194063502e-02  5.499883477046863e-07  2.742650650400108e-07 
 5.888436553555717e+09  1.130317177407847e+01 -2.091402962226871e+01  3.119065732899985e-06 -6.436707795385508e-06  3.645393732352106e-02 -7.509995599024444e-02  5.558004545333222e-07  2.697885655068628e-07 
 6.025595860743402e+09  1.090540269709905e+01 -2.064805246073118e+01  2.996371726403651e-06 -6.354270820705077e-06  3.502245937086793e-02 -7.413822853125500e-02  5.614633592555502e-07  2.652318848614103e-07 
 6.165950018614641e+09  1.051782685437809e+01 -2.037808650153095e+01  2.876824269706604e-06 -6.270594569561368e-06  3.362769197314629e-02 -7.316204392953031e-02  5.669764818783212e-07  2.606010414078821e-07 
 6.309573444801747e+09  1.014045255234721e+01 -2.010456671846497e+01  2.760425997972057e-06 -6.185813055622664e-06  3.226966586212065e-02 -7.217296575763896e-02  5.723395617939989e-07  2.559019228653182e-07 
 6.456542290346366e+09  9.773266611437183e+00 -1.982791840495816e+01  2.647172920459912e-06 -6.100057301841088e-06  3.094833446448878e-02 -7.117252269612941e-02  5.775526412244070e-07  2.511402698671143e-07 
 6.606934480075767e+09  9.416235540671925e+00 -1.954855615593332e+01  2.537054783086198e-06 -6.013455026265865e-06  2.966357813183951e-02 -7.016220486792007e-02  5.826160480117701e-07  2.463216611951303e-07 
 6.760829753919620e+09  9.069306744949643e+00 -1.926688296888656e+01  2.430055441074381e-06 -5.926130364637398e-06  2.841520848835122e-02 -6.914346060181105e-02  5.875303779260652e-07  2.414515007327594e-07 
 6.918309709189162e+09  8.732409753857585e+00 -1.898328946199616e+01  2.326153238257534e-06 -5.838203629092183e-06  2.720297285608474e-02 -6.811769361730109e-02  5.922964766488565e-07  2.365350061060961e-07 
 7.079457843841171e+09  8.405457461597967e+00 -1.869815320615724e+01  2.225321389815896e-06 -5.749791102019983e-06  2.602655872035577e-02 -6.708626061952606e-02  5.969154215831577e-07  2.315771989688993e-07 
 7.244359600749688e+09  8.088347368390414e+00 -1.841183816702462e+01  2.127528365477443e-06 -5.661004863864705e-06  2.488559820050791e-02 -6.605046929021856e-02  6.013885036274955e-07  2.265828968754206e-07 
 7.413102413008958e+09  7.780962814543636e+00 -1.812469425246156e+01  2.032738270464394e-06 -5.571952653449370e-06  2.377967249438613e-02 -6.501157665812601e-02  6.057172090404333e-07  2.215567066753515e-07 
 7.585775750291615e+09  7.483174199239707e+00 -1.783705696023003e+01  1.940911221730981e-06 -5.482737759231965e-06  2.270831626787203e-02 -6.397078783029915e-02  6.099032015095450e-07  2.165030193570818e-07 
 7.762471166286690e+09  7.194840176932109e+00 -1.754924712031146e+01  1.852003717302561e-06 -5.393458939761273e-06  2.167102196393079e-02 -6.292925506405662e-02  6.139483045264627e-07  2.114260062590815e-07 
 7.943282347242582e+09  6.915808825112252e+00 -1.726157072591182e+01  1.765968996789427e-06 -5.304210371498457e-06  2.066724400869189e-02 -6.188807715822529e-02  6.178544841573259e-07  2.063296165644309e-07 
 8.128305161640754e+09  6.645918778034844e+00 -1.697431884697126e+01  1.682757391406592e-06 -5.215081622097978e-06  1.969640289509416e-02 -6.084829914141433e-02  6.216238322859111e-07  2.012175759902140e-07 
 8.317637711026465e+09  6.385000321802134e+00 -1.668776761985916e+01  1.602316662080557e-06 -5.126157647198588e-06  1.875788912754021e-02 -5.981091223458106e-02  6.252585503950490e-07  1.960933865815312e-07 
 8.511380382023514e+09  6.132876446981615e+00 -1.640217830688163e+01  1.524592324463144e-06 -5.037518808758469e-06  1.785106701379338e-02 -5.877685406495136e-02  6.287609339407806e-07  1.909603275191678e-07 
 8.709635899560549e+09  5.889363855664827e+00 -1.611779741924922e+01  1.449527959898569e-06 -4.949240912975066e-06  1.697527829298963e-02 -5.774700910843450e-02  6.321333573631310e-07  1.858214568503112e-07 
 8.912509381337191e+09  5.654273920561996e+00 -1.583485689724101e+01  1.377065511601999e-06 -4.861395265857427e-06  1.612984559110968e-02 -5.672220933798876e-02  6.353782597674849e-07  1.806796140530440e-07 
 9.120108393558826e+09  5.427413594364045e+00 -1.555357434144572e+01  1.307145565504295e-06 -4.774048744563552e-06  1.531407569754949e-02 -5.570323505591662e-02  6.384981313013714e-07  1.755374233474853e-07 
 9.332543007969633e+09  5.208586268188441e+00 -1.527415328915417e+01  1.239707615398081e-06 -4.687263882674902e-06  1.452726265853246e-02 -5.469081588876382e-02  6.414955002430332e-07  1.703972976693109e-07 
 9.549925860214075e+09  4.997592578456623e+00 -1.499678353021010e+01  1.174690312184280e-06 -4.601098967652260e-06  1.376869068501937e-02 -5.368563192433713e-02  6.443729208105144e-07  1.652614432248054e-07 
 9.772372209557816e+09  4.794231162028815e+00 -1.472164145689183e+01  1.112031697165668e-06 -4.515608148798824e-06  1.303763687449285e-02 -5.268831497130889e-02  6.471329616931058e-07  1.601318645505010e-07 
 9.999999999999702e+09  4.598299359846900e+00 -1.444889044268629e+01  1.051669419465155e-06 -4.430841554145907e-06  1.233337374752282e-02 -5.169944992292010e-02  6.497781953008780e-07  1.550103700046987e-07 
 1.023292992280724e+10  4.409593869709829e+00 -1.417868124512493e+01  9.935409377618001e-07 -4.346845414771444e-06  1.165517160136444e-02 -5.071957620740074e-02  6.523111877226601e-07  1.498985776226918e-07 
 1.047128548050868e+10  4.227911349129977e+00 -1.391115242816948e+01  9.375837066375011e-07 -4.263662195160012e-06  1.100230068400660e-02 -4.974918930887470e-02  6.547344893781565e-07  1.447979212721869e-07 
 1.071519305237574e+10  4.053048969496117e+00 -1.364643079996185e+01  8.837353479128584e-07 -4.181330728313656e-06  1.037403319308663e-02 -4.878874234369054e-02  6.570506263459247e-07  1.397096570502133e-07 
 1.096478196143152e+10  3.884804923001282e+00 -1.338463186207922e+01  8.319338074224663e-07 -4.099886354423740e-06  9.769645104924340e-03 -4.783864767829692e-02  6.592620923455994e-07  1.346348698676151e-07 
 1.122018454301930e+10  3.722978883985508e+00 -1.312586026676051e+01  7.821174977390063e-07 -4.019361062014432e-06  9.188417839618199e-03 -4.689927857595245e-02  6.613713413500147e-07  1.295744801720153e-07 
 1.148153621496848e+10  3.567372426496774e+00 -1.287021027888949e+01  7.342254274028412e-07 -3.939783630566921e-06  8.629639768698648e-03 -4.597097086070877e-02  6.633807808006966e-07  1.245292507648421e-07 
 1.174897554939494e+10  3.417789399992099e+00 -1.261776623983005e+01  6.881973172503695e-07 -3.861179773729221e-06  8.092607572260029e-03 -4.505402458822345e-02  6.652927653985129e-07  1.194997936725958e-07 
 1.202264434617377e+10  3.274036265187844e+00 -1.236860303050865e+01  6.439737044612612e-07 -3.783572282308949e-06  7.576627452806062e-03 -4.414870571403794e-02  6.671095914400777e-07  1.144865770369705e-07 
 1.230268770812345e+10  3.135922392126807e+00 -1.212278653142516e+01  6.014960349627384e-07 -3.706981166334735e-06  7.081016213254290e-03 -4.325524775098655e-02  6.688334916696792e-07  1.094899319926943e-07 
 1.258925411794130e+10  3.003260322563374e+00 -1.188037407754549e+01  5.607067448394097e-07 -3.631423795556128e-06  6.605102206665601e-03 -4.237385340838415e-02  6.704666306161114e-07  1.045100595060109e-07 
 1.288249551693095e+10  2.875865998779020e+00 -1.164141490628607e+01  5.215493314005539e-07 -3.556915037830941e-06  6.148226165304478e-03 -4.150469620656323e-02  6.720111003836560e-07  9.954703715055645e-08 
 1.318256738556368e+10  2.753558960932466e+00 -1.140595059704104e+01  4.839684145542324e-07 -3.483467394923472e-06  5.709741916606307e-03 -4.064792206120021e-02  6.734689168666841e-07  9.460082580100417e-08 
 1.348962882591613e+10  2.636162515024008e+00 -1.117401550092701e+01  4.479097891299292e-07 -3.411091135306229e-06  5.289016993538342e-03 -3.980365083267768e-02  6.748420163577673e-07  8.967127622822959e-08 
 1.380384264602843e+10  2.523503873514557e+00 -1.094563715962849e+01  4.133204687793237e-07 -3.339794423622037e-06  4.885433146700046e-03 -3.897197783647917e-02  6.761322525198643e-07  8.475813558290248e-08 
 1.412537544622712e+10  2.415414270589129e+00 -1.072083671241820e+01  3.801487220690943e-07 -3.269583446522502e-06  4.498386765325087e-03 -3.815297531130257e-02  6.773413936939773e-07  7.986105375733090e-08 
 1.445439770745884e+10  2.311729053994023e+00 -1.049962929060177e+01  3.483441013608984e-07 -3.200462534653044e-06  4.127289214128596e-03 -3.734669384221079e-02  6.784711205146742e-07  7.497958961807919e-08 
 1.479108388168163e+10  2.212287755308516e+00 -1.028202439879638e+01  3.178574650525052e-07 -3.132434280604049e-06  3.771567092696317e-03 -3.655316373671405e-02  6.795230238070079e-07  7.011321710435665e-08 
 1.513561248436163e+10  2.116934140437432e+00 -1.006802628259710e+01  2.886409937310051e-07 -3.065499652692366e-06  3.430662423843307e-03 -3.577239635219967e-02  6.804986027395682e-07  6.526133118943388e-08 
 1.548816618912435e+10  2.025516242031999e+00 -9.857634282315233e+00  2.606482007645568e-07 -2.999658104477771e-06  3.104032777084483e-03 -3.500438537359570e-02  6.813992632097461e-07  6.042325370440728e-08 
 1.584893192461066e+10  1.937886375464103e+00 -9.650843172589402e+00  2.338339378336591e-07 -2.934907679954910e-06  2.791151333062100e-03 -3.424910804057447e-02  6.822263164386422e-07  5.559823902549309e-08 
 1.621810097358881e+10  1.853901139894977e+00 -9.447643487773654e+00  2.081543958768632e-07 -2.871245114393449e-06  2.491506894471120e-03 -3.350652632397738e-02  6.829809777544929e-07  5.078547962771919e-08 
 1.659586907437510e+10  1.773421405894140e+00 -9.248021833098628e+00  1.835671018994444e-07 -2.808665930827434e-06  2.204603848715438e-03 -3.277658805147193e-02  6.836643655449517e-07  4.598411150939029e-08 
 1.698243652461693e+10  1.696312290979292e+00 -9.051961181681905e+00  1.600309120671431e-07 -2.747164532219731e-06  1.929962087219904e-03 -3.205922798274287e-02  6.842775003600445e-07  4.119321949305233e-08 
 1.737800828749323e+10  1.622443124363410e+00 -8.859441157533599e+00  1.375060014808853e-07 -2.686734289349084e-06  1.667116886017343e-03 -3.135436883477130e-02  6.848213041491341e-07  3.641184240987925e-08 
 1.778279410038869e+10  1.551687402112215e+00 -8.670438304763344e+00  1.159538510025909e-07 -2.627367624485988e-06  1.415618751928888e-03 -3.066192225797373e-02  6.852965996167367e-07  3.163897817546098e-08 
 1.819700858609929e+10  1.483922733833993e+00 -8.484926343246206e+00  9.533723147696198e-08 -2.569056090939455e-06  1.175033238361644e-03 -2.998178976415821e-02  6.857041096835444e-07  2.687358876589848e-08 
 1.862087136662811e+10  1.419030781944935e+00 -8.302876411048244e+00  7.562018566961486e-08 -2.511790448570254e-06  9.449407344617041e-04 -2.931386360741229e-02  6.860444570405392e-07  2.211460510391284e-08 
 1.905460717963190e+10  1.356897194476978e+00 -8.124257293948324e+00  5.676800821821876e-08 -2.455560735377322e-06  7.249362310839218e-04 -2.865802761916689e-02  6.863181637855713e-07  1.736093186536656e-08 
 1.949844599757986e+10  1.297411532321956e+00 -7.949035642422084e+00  3.874722387048058e-08 -2.400356335273137e-06  5.146290667737002e-04 -2.801415799878688e-02  6.865256511332985e-07  1.261145221717747e-08 
 1.995262314968819e+10  1.240467191735766e+00 -7.777176176477144e+00  2.152556426095163e-08 -2.346166042171166e-06  3.136426567009803e-04 -2.738212406112374e-02  6.866672391908675e-07  7.865032498089471e-09 
 2.041737944669468e+10  1.185961322859525e+00 -7.608641878746525e+00  5.071943457760838e-09 -2.292978120513964e-06  1.216142072431488e-04 -2.676178894253032e-02  6.867431467932046e-07  3.120526854154602e-09 
 2.089296130853976e+10  1.133794744951260e+00 -7.443394176260482e+00 -1.064356750947824e-08 -2.240780362374750e-06 -6.180558131802134e-05 -2.615301026688651e-02  6.867534913932779e-07 -1.623218158919222e-09 
 2.137962089502167e+10  1.083871858961690e+00 -7.281393111325651e+00 -2.564976694815704e-08 -2.189560141267949e-06 -2.369528217397864e-04 -2.555564077321610e-02  6.866982890041471e-07 -6.367358994183565e-09 
 2.187761623949486e+10  1.036100558031116e+00 -7.122597501945796e+00 -3.997434945292411e-08 -2.139304462805905e-06 -4.041507543641495e-04 -2.496952890649513e-02  6.865774541911164e-07 -1.111305054012414e-08 
 2.238721138568272e+10  9.903921364311760e-01 -6.966965092220058e+00 -5.364393334983547e-08 -2.090000012339468e-06 -5.637100674234187e-04 -2.439451937325766e-02  6.863908001137377e-07 -1.586144154303813e-08 
 2.290867652767703e+10  9.466611974254517e-01 -6.814452693153962e+00 -6.668408849230893e-08 -2.041633199719980e-06 -7.159292214470592e-04 -2.383045366360282e-02  6.861380386189233e-07 -2.061367001258526e-08 
 2.344228815319851e+10  9.048255604762291e-01 -6.665016314314753e+00 -7.911936428157570e-08 -1.994190201318973e-06 -8.610947762837610e-04 -2.327717054119319e-02  6.858187803878570e-07 -2.537085859809060e-08 
 2.398832919019417e+10  8.648061681813063e-01 -6.518611286757339e+00 -9.097331779816573e-08 -1.947656999440258e-06 -9.994817194140570e-04 -2.273450650281495e-02  6.854325351408956e-07 -3.013410992336677e-08 
 2.454708915684955e+10  8.265269932843167e-01 -6.375192377639703e+00 -1.022685419438936e-07 -1.902019419256648e-06 -1.131353794379622e-03 -2.220229620904249e-02  6.849787119061139e-07 -3.490450186809828e-08 
 2.511886431509503e+10  7.899149460645698e-01 -6.234713896937985e+00 -1.130266935058522e-07 -1.857263163400819e-06 -1.256963828295760e-03 -2.168037288751757e-02  6.844566193586430e-07 -3.968308278418870e-08 
 2.570395782768785e+10  7.548997823777186e-01 -6.097129796661354e+00 -1.232685210651429e-07 -1.813373844336517e-06 -1.376554057544430e-03 -2.116856871031514e-02  6.838654662394413e-07 -4.447086663592927e-08 
 2.630267991895301e+10  7.214140125865527e-01 -5.962393762955815e+00 -1.330138926834702e-07 -1.770337014632723e-06 -1.490356450866377e-03 -2.066671514682604e-02  6.832043618636318e-07 -4.926882805339375e-08 
 2.691534803926833e+10  6.893928115917449e-01 -5.830459301474355e+00 -1.422818233103885e-07 -1.728138195259550e-06 -1.598593029183571e-03 -2.017464329354168e-02  6.824723167300643e-07 -5.407789728912372e-08 
 2.754228703338082e+10  6.587739301452783e-01 -5.701279816378384e+00 -1.510905018629208e-07 -1.686762902020465e-06 -1.701476181587216e-03 -1.969218418207734e-02  6.816682432452536e-07 -5.889895506893269e-08 
 2.818382931264367e+10  6.294976076044597e-01 -5.574808683322599e+00 -1.594573179375180e-07 -1.646196670231139e-06 -1.799208977022781e-03 -1.921916906672091e-02  6.807909565763791e-07 -6.373282732854261e-08 
 2.884031503126517e+10  6.015064862617246e-01 -5.450999316762279e+00 -1.673988881219495e-07 -1.606425077750753e-06 -1.891985471292290e-03 -1.875542969274123e-02  6.798391756495326e-07 -6.858027982878280e-08 
 2.951209226666295e+10  5.747455273647238e-01 -5.329805231908685e+00 -1.749310818817231e-07 -1.567433766466954e-06 -1.979991009075741e-03 -1.830079854663688e-02  6.788115243109215e-07 -7.344201264323133e-08 
 3.019951720401923e+10  5.491619289223317e-01 -5.211180101644826e+00 -1.820690470020722e-07 -1.529208462331002e-06 -2.063402520748615e-03 -1.785510908945144e-02  6.777065326702206e-07 -7.831865451347913e-08 
 3.090295432513495e+10  5.247050453751153e-01 -5.095077808700521e+00 -1.888272345724638e-07 -1.491734994034833e-06 -2.142388813841248e-03 -1.741819597422558e-02  6.765226386467442e-07 -8.321075706865622e-08 
 3.162277660168282e+10  5.013263091933071e-01 -4.981452493372368e+00 -1.952194235059757e-07 -1.454999310416946e-06 -2.217110859048751e-03 -1.698989524860029e-02  6.752581897405500e-07 -8.811878890748468e-08 
 3.235936569296183e+10  4.789791544513440e-01 -4.870258597061197e+00 -2.012587445908259e-07 -1.418987496679173e-06 -2.287722070757579e-03 -1.657004454352866e-02  6.739114450519830e-07 -9.304312954293159e-08 
 3.311311214825809e+10  4.576189424154386e-01 -4.761450901886618e+00 -2.069577040758098e-07 -1.383685789491445e-06 -2.354368582106961e-03 -1.615848324899676e-02  6.724805775745001e-07 -9.798406321153163e-08 
 3.388441561391921e+10  4.372028891693543e-01 -4.654984566625768e+00 -2.123282067954498e-07 -1.349080591056778e-06 -2.417189514650515e-03 -1.575505267759677e-02  6.709636767868786e-07 -1.029417725516459e-07 
 3.467368504525209e+10  4.176899952934401e-01 -4.550815159210988e+00 -2.173815788443028e-07 -1.315158482203765e-06 -2.476317242725772e-03 -1.535959621673826e-02  6.693587515720640e-07 -1.079163321573301e-07 
 3.548133892335645e+10  3.990409776029726e-01 -4.448898686009273e+00 -2.221285898131183e-07 -1.281906234568899e-06 -2.531877652677148e-03 -1.497195947022610e-02  6.676637334909665e-07 -1.129077020171127e-07 
 3.630780547700901e+10  3.812182029438444e-01 -4.349191618094726e+00 -2.265794746024066e-07 -1.249310821926108e-06 -2.583990397111256e-03 -1.459199038987564e-02  6.658764804403904e-07 -1.179157208498286e-07 
 3.715352290971610e+10  3.641856240365615e-01 -4.251650914714026e+00 -2.307439548314823e-07 -1.217359430715954e-06 -2.632769144392640e-03 -1.421953939777875e-02  6.639947807250194e-07 -1.229400993527362e-07 
 3.801893963205494e+10  3.479087173532895e-01 -4.156234044134205e+00 -2.346312598631810e-07 -1.186039469821963e-06 -2.678321823612874e-03 -1.385445949977655e-02  6.620163575738837e-07 -1.279804133804523e-07 
 3.890451449942685e+10  3.323544230072222e-01 -4.062899002051522e+00 -2.382501474662381e-07 -1.155338579636628e-06 -2.720750865286801e-03 -1.349660639063745e-02  6.599388741320134e-07 -1.330360970767853e-07 
 3.981071705534849e+10  3.174910866288138e-01 -3.971604327730338e+00 -2.416089241387415e-07 -1.125244640454700e-06 -2.760153438046350e-03 -1.314583855138152e-02  6.577599389579806e-07 -1.381064359853079e-07 
 4.073802778041000e+10  3.032884031993075e-01 -3.882309118031281e+00 -2.447154651171428e-07 -1.095745780226422e-06 -2.796621681614886e-03 -1.280201733913562e-02  6.554771120577203e-07 -1.431905601685037e-07 
 4.168693834703224e+10  2.897173628084856e-01 -3.794973039478855e+00 -2.475772340960294e-07 -1.066830381698495e-06 -2.830242936353471e-03 -1.246500706984631e-02  6.530879114843352e-07 -1.482874373695117e-07 
 4.265795188015794e+10  2.767501983005754e-01 -3.709556338509871e+00 -2.502013026841946e-07 -1.038487088965649e-06 -2.861099969674492e-03 -1.213467509412132e-02  6.505898205325247e-07 -1.533958662548695e-07 
 4.365158322401524e+10  2.643603347697543e-01 -3.626019850035784e+00 -2.525943696225308e-07 -1.010704813450880e-06 -2.889271199618001e-03 -1.181089186641418e-02  6.479802955547459e-07 -1.585144697812042e-07 
 4.466835921509492e+10  2.525223408646273e-01 -3.544325004444031e+00 -2.547627797888393e-07 -9.834727393276060e-07 -2.914830915881388e-03 -1.149353100771116e-02  6.452567744242055e-07 -1.636416887334848e-07 
 4.570881896148608e+10  2.412118818593745e-01 -3.464433833155904e+00 -2.567125430138640e-07 -9.567803283922704e-07 -2.937849498583958e-03 -1.118246936182495e-02  6.424166856672184e-07 -1.687757754872246e-07 
 4.677351412871836e+10  2.304056744479514e-01 -3.386308972851342e+00 -2.584493527316276e-07 -9.306173243913085e-07 -2.958393635033987e-03 -1.087758704534590e-02  6.394574582843367e-07 -1.739147880518247e-07 
 4.786300923226234e+10  2.200814432167105e-01 -3.309913668464138e+00 -2.599786044855276e-07 -9.049737568018571e-07 -2.976526534747273e-03 -1.057876749124949e-02  6.363765322758750e-07 -1.790565844570567e-07 
 4.897788193684309e+10  2.102178787501028e-01 -3.235211775044684e+00 -2.613054143095880e-07 -8.798399440612311e-07 -2.992308142942493e-03 -1.028589748610802e-02  6.331713698830300e-07 -1.841988175494051e-07 
 5.011872336272565e+10  2.007945973236341e-01 -3.162167758581139e+00 -2.624346370017673e-07 -8.552064962359873e-07 -3.005795352710071e-03 -9.998867200805908e-03  6.298394675506353e-07 -1.893389302695671e-07 
 5.128613839913487e+10  1.917921021380133e-01 -3.090746695864197e+00 -2.633708843032794e-07 -8.310643171174224e-07 -3.017042216017449e-03 -9.717570214612250e-03  6.263783686117232e-07 -1.944741514867520e-07 
 5.248074602497561e+10  1.831917460483780e-01 -3.020914273475106e+00 -2.641185429945002e-07 -8.074046057266556e-07 -3.026100153674727e-03 -9.441903532421107e-03  6.227856766874223e-07 -1.996014924694399e-07 
 5.370317963702358e+10  1.749756957426097e-01 -2.952636785971403e+00 -2.646817929141868e-07 -7.842188572090239e-07 -3.033018164340497e-03 -9.171767594930840e-03  6.190590697883095e-07 -2.047177440758443e-07 
 5.495408738576073e+10  1.671268973230330e-01 -2.885881133339990e+00 -2.650646249044642e-07 -7.614988630945069e-07 -3.037843032598532e-03 -8.907066281498508e-03  6.151963150951535e-07 -2.098194747503744e-07 
 5.623413251903313e+10  1.596290432462025e-01 -2.820614817782493e+00 -2.652708586793182e-07 -7.392367108982635e-07 -3.040619536081821e-03 -8.647706905375195e-03  6.111952843880463e-07 -2.149030294147779e-07 
 5.754399373371387e+10  1.524665405760173e-01 -2.756805939893564e+00 -2.653041606092106e-07 -7.174247830332464e-07 -3.041390651561525e-03 -8.393600201003288e-03  6.070539700832365e-07 -2.199645293442441e-07 
 5.888436553555704e+10  1.456244805060321e-01 -2.694423194288655e+00 -2.651680614089355e-07 -6.960557550052806e-07 -3.040197759855212e-03 -8.144660303038551e-03  6.027705018266285e-07 -2.249998731194325e-07 
 6.025595860743387e+10  1.390886091075511e-01 -2.633435864733963e+00 -2.648659737099801e-07 -6.751225928600037e-07 -3.037080849341430e-03 -7.900804716748139e-03  5.983431635819127e-07 -2.300047387450247e-07 
 6.165950018614626e+10  1.328452992608800e-01 -2.573813818827587e+00 -2.644012094925096e-07 -6.546185498507865e-07 -3.032078717797035e-03 -7.661954279432398e-03  5.937704111397868e-07 -2.349745870238420e-07 
 6.309573444801733e+10  1.268815237279692e-01 -2.515527502277577e+00 -2.637769973457195e-07 -6.345371622971906e-07 -3.025229172200326e-03 -7.428033112523044e-03  5.890508899627735e-07 -2.399046662727061e-07 
 6.456542290346350e+10  1.211848293255758e-01 -2.458547932819326e+00 -2.629964995187446e-07 -6.148722446047688e-07 -3.016569226067753e-03 -7.198968564024593e-03  5.841834532679171e-07 -2.447900184619061e-07 
 6.606934480075750e+10  1.157433121590224e-01 -2.402846693811741e+00 -2.620628287176940e-07 -5.956178834191098e-07 -3.006135293815770e-03 -6.974691140989753e-03  5.791671802372582e-07 -2.496254868542735e-07 
 6.760829753919602e+10  1.105455938776039e-01 -2.348395927548840e+00 -2.609790645977706e-07 -5.767684308900519e-07 -2.993963381563416e-03 -6.755134431754113e-03  5.740013942336925e-07 -2.544057252123443e-07 
 6.918309709189143e+10  1.055807989136952e-01 -2.295168328320762e+00 -2.597482698929450e-07 -5.583184970259176e-07 -2.980089273716621e-03 -6.540235017700484e-03  5.686856808877341e-07 -2.591252086328297e-07 
 7.079457843841153e+10  1.008385326686348e-01 -2.243137135255675e+00 -2.583735061194216e-07 -5.402629411225660e-07 -2.964548714603489e-03 -6.329932374379827e-03  5.632199059091681e-07 -2.637782460565674e-07 
 7.244359600749669e+10  9.630886060948758e-02 -2.192276124971804e+00 -2.568578487832675e-07 -5.225968622579443e-07 -2.947377584362409e-03 -6.124168761883346e-03  5.576042324667279e-07 -2.683589944892552e-07 
 7.413102413008937e+10  9.198228824183247e-02 -2.142559604066535e+00 -2.552044020172307e-07 -5.053155888496958e-07 -2.928612068223333e-03 -5.922889104439071e-03  5.518391379691302e-07 -2.728614749535828e-07 
 7.585775750291594e+10  8.784974192475939e-02 -2.093962401467624e+00 -2.534163125670927e-07 -4.884146672812188e-07 -2.908288818268719e-03 -5.726040859296338e-03  5.459254300722783e-07 -2.772795901769232e-07 
 7.762471166286668e+10  8.390255049530021e-02 -2.046459860669536e+00 -2.514967830440251e-07 -4.718898496102838e-07 -2.886445106716058e-03 -5.533573875061475e-03  5.398642617305000e-07 -2.816071440006082e-07 
 7.943282347242560e+10  8.013242767055084e-02 -2.000027831876215e+00 -2.494490843565150e-07 -4.557370803838858e-07 -2.863118969730450e-03 -5.345440239757945e-03  5.336571451046288e-07 -2.858378624771275e-07 
 8.128305161640732e+10  7.653145519676609e-02 -1.954642664069917e+00 -2.472765672336232e-07 -4.399524825932910e-07 -2.838349340754964e-03 -5.161594119002276e-03  5.273059641368234e-07 -2.899654166005395e-07 
 8.317637711026443e+10  7.309206671572276e-02 -1.910281197024150e+00 -2.449826727507918e-07 -4.245323428141614e-07 -2.812176172340140e-03 -4.981991584812454e-03  5.208129856015535e-07 -2.939834465931970e-07 
 8.511380382023491e+10  6.980703231964404e-02 -1.866920753277356e+00 -2.425709417702491e-07 -4.094730955879994e-07 -2.784640545463550e-03 -4.806590435696039e-03  5.141808684443830e-07 -2.978855876488569e-07 
 8.709635899560526e+10  6.666944376696153e-02 -1.824539130082585e+00 -2.400450232103813e-07 -3.947713071128322e-07 -2.755784765356873e-03 -4.635350008799279e-03  5.074126712252865e-07 -3.016654970086934e-07 
 8.912509381337167e+10  6.367270033215705e-02 -1.783114591347153e+00 -2.374086810623428e-07 -3.804236583228252e-07 -2.725652442902821e-03 -4.468230985033723e-03  5.005118574914152e-07 -3.053168822230412e-07 
 9.120108393558803e+10  6.081049526387102e-02 -1.742625859575110e+00 -2.346658000777256e-07 -3.664269274481607e-07 -2.694288560727884e-03 -4.305195188230573e-03  4.934822989156004e-07 -3.088335304282850e-07 
 9.332543007969609e+10  5.807680282639046e-02 -1.703052107824223e+00 -2.318203900583388e-07 -3.527779721578105e-07 -2.661739523199965e-03 -4.146205379502778e-03  4.863282760515262e-07 -3.122093384456382e-07 
 9.549925860214050e+10  5.546586590053481e-02 -1.664372951688189e+00 -2.288765886880571e-07 -3.394737113985456e-07 -2.628053189642224e-03 -3.991225048117867e-03  4.790544765744034e-07 -3.154383434870905e-07 
 9.772372209557790e+10  5.297218412083710e-02 -1.626568441313781e+00 -2.258386628572386e-07 -3.265111070533478e-07 -2.593278890195611e-03 -3.840218200297383e-03  4.716659908970575e-07 -3.185147542340402e-07 
 9.999999999999675e+10  5.059050252678152e-02 -1.589619053461836e+00 -2.227110084423324e-07 -3.138871455511483e-07 -2.557467423901720e-03 -3.693149147459384e-03  4.641683050754753e-07 -3.214329820365876e-07 
 1.023292992280721e+11  4.831580070669053e-02 -1.553505683620067e+00 -2.194981485168296e-07 -3.015988195671672e-07 -2.520671038733129e-03 -3.549982295504867e-03  4.565672909447378e-07 -3.241876719665848e-07 
 1.047128548050865e+11  4.614328241367090e-02 -1.518209638174988e+00 -2.162047299845460e-07 -2.896431099589238e-07 -2.482943393468765e-03 -3.410681936815547e-03  4.488691934556753e-07 -3.267737334458408e-07 
 1.071519305237572e+11  4.406836563381564e-02 -1.483712626649501e+00 -2.128355186421072e-07 -2.780169680869389e-07 -2.444339501494342e-03 -3.275212046675773e-03  4.410806152140141e-07 -3.291863701627248e-07 
 1.096478196143149e+11  4.208667308762467e-02 -1.449996754012026e+00 -2.093953926942319e-07 -2.667172986711032e-07 -2.404915656800020e-03 -3.143536085853815e-03  4.332084982568440e-07 -3.314211089862179e-07 
 1.122018454301927e+11  4.019402314635035e-02 -1.417044513062466e+00 -2.058893347626719e-07 -2.557409433334979e-07 -2.364729342645835e-03 -3.015616811075466e-03  4.252601031353431e-07 -3.334738275864891e-07 
 1.148153621496845e+11  3.838642114569116e-02 -1.384838776899705e+00 -2.023224224471769e-07 -2.450846649759630e-07 -2.323839123566522e-03 -2.891416095094385e-03  4.172429854072540e-07 -3.353407804755632e-07 
 1.174897554939491e+11  3.666005107995304e-02 -1.353362791474809e+00 -1.986998175142705e-07 -2.347451331359179e-07 -2.282304521587578e-03 -2.770894758008397e-03  4.091649696769853e-07 -3.370186231907088e-07 
 1.202264434617374e+11  3.501126766047096e-02 -1.322600168233655e+00 -1.950267538066141e-07 -2.247189104567776e-07 -2.240185877719527e-03 -2.654012411388723e-03  4.010341213547379e-07 -3.385044343568391e-07 
 1.230268770812341e+11  3.343658872273157e-02 -1.292534876852188e+00 -1.913085239819421e-07 -2.150024403998507e-07 -2.197544199983591e-03 -2.540727316680411e-03  3.928587163380376e-07 -3.397957353823921e-07 
 1.258925411794126e+11  3.193268796726645e-02 -1.263151238067155e+00 -1.875504652056343e-07 -2.055920363129459e-07 -2.154440999395267e-03 -2.430996259198189e-03  3.846472088488406e-07 -3.408905075656546e-07 
 1.288249551693092e+11  3.049638801999079e-02 -1.234433916604739e+00 -1.837579439346272e-07 -1.964838719572020e-07 -2.110938115488933e-03 -2.324774438884436e-03  3.764081976863216e-07 -3.417872064150049e-07 
 1.318256738556364e+11  2.912465379824590e-02 -1.206367914209177e+00 -1.799363399422340e-07 -1.876739735781020e-07 -2.067097533102961e-03 -2.222015378817139e-03  3.681503911789361e-07 -3.424847730166631e-07 
 1.348962882591609e+11  2.781458616936767e-02 -1.178938562773103e+00 -1.760910297432862e-07 -1.791582135894995e-07 -2.022981192257937e-03 -2.122670852258905e-03  3.598825711388840e-07 -3.429826423167639e-07 
 1.380384264602839e+11  2.656341588914518e-02 -1.152131517571073e+00 -1.722273695865965e-07 -1.709323059210706e-07 -1.978650793047666e-03 -2.026690828826355e-03  3.516135561372031e-07 -3.432807482202932e-07 
 1.412537544622708e+11  2.536849780805648e-02 -1.125932750597418e+00 -1.683506781868815e-07 -1.629918030602374e-07 -1.934167597521738e-03 -1.934023440136777e-03  3.433521644280572e-07 -3.433795254470279e-07 
 1.445439770745880e+11  2.422730533367133e-02 -1.100328544009365e+00 -1.644662193708705e-07 -1.553320947996753e-07 -1.889592230568081e-03 -1.844614965059743e-03  3.351071768561200e-07 -3.432799081233490e-07 
 1.479108388168159e+11  2.313742513809496e-02 -1.075305483676059e+00 -1.605791848122773e-07 -1.479484086813625e-07 -1.844984481803375e-03 -1.758409834469842e-03  3.268873000811475e-07 -3.429833251279487e-07 
 1.513561248436158e+11  2.209655209979236e-02 -1.050850452833975e+00 -1.566946770276407e-07 -1.408358121081782e-07 -1.800403110448455e-03 -1.675350655167383e-03  3.187011304488944e-07 -3.424916922482426e-07 
 1.548816618912430e+11  2.110248446958044e-02 -1.026950625848961e+00 -1.528176927997922e-07 -1.339892160746519e-07 -1.755905655105518e-03 -1.595378252410934e-03  3.105571188275594e-07 -3.418074012420094e-07 
 1.584893192461061e+11  2.015311925100553e-02 -1.003593462084982e+00 -1.489531071880144e-07 -1.274033804500058e-07 -1.711548250265512e-03 -1.518431730293403e-03  3.024635367141950e-07 -3.409333059346802e-07 
 1.621810097358876e+11  1.924644778573744e-02 -9.807666998794872e-01 -1.451056582739810e-07 -1.210729207294300e-07 -1.667385451259432e-03 -1.444448548995732e-03  2.944284438963102e-07 -3.398727055161401e-07 
 1.659586907437506e+11  1.838055153500835e-02 -9.584583506251436e-01 -1.412799327805452e-07 -1.149923161539093e-07 -1.623470069229107e-03 -1.373364617772695e-03  2.864596579306829e-07 -3.386293252312860e-07 
 1.698243652461688e+11  1.755359804850622e-02 -9.366566929575615e-01 -1.374803526866361e-07 -1.091559190851284e-07 -1.579853017534323e-03 -1.305114402366858e-03  2.785647256746947e-07 -3.372072946853844e-07 
 1.737800828749318e+11  1.676383711249906e-02 -9.153502670485030e-01 -1.337111629462381e-07 -1.035579655102432e-07 -1.536583170837500e-03 -1.239631045411811e-03  2.707508970759149e-07 -3.356111240081061e-07 
 1.778279410038864e+11  1.600959706931699e-02 -8.945278690039470e-01 -1.299764204029823e-07 -9.819258654177385e-08 -1.493707237918149e-03 -1.176846498276275e-03  2.630251013937953e-07 -3.338456781386233e-07 
 1.819700858609923e+11  1.528928130065743e-02 -8.741785453662910e-01 -1.262799839746358e-07 -9.305382077065365e-08 -1.451269649071132e-03 -1.116691662717661e-03  2.553939259939083e-07 -3.319161495081823e-07 
 1.862087136662806e+11  1.460136486750157e-02 -8.542915877198695e-01 -1.226255061640576e-07 -8.813562732561048e-08 -1.409312458739169e-03 -1.059096540657876e-03  2.478635978208041e-07 -3.298280294059806e-07 
 1.905460717963184e+11  1.394439129974078e-02 -8.348565273988858e-01 -1.190164259353618e-07 -8.343189948955094e-08 -1.367875263825152e-03 -1.003990390365329e-03  2.404399676209819e-07 -3.275870783190188e-07 
 1.949844599757981e+11  1.331696952890956e-02 -8.158631302967798e-01 -1.154559629764115e-07 -7.893647872340325e-08 -1.326995137927343e-03 -9.513018873246360e-04  2.331284969532849e-07 -3.251992955369625e-07 
 1.995262314968813e+11  1.271777095770667e-02 -7.973013917759885e-01 -1.119471133516697e-07 -7.464316894984975e-08 -1.286706581544079e-03 -9.009592880982316e-04  2.259342479908628e-07 -3.226708883091702e-07 
 2.041737944669462e+11  1.214552666025974e-02 -7.791615316769932e-01 -1.084926465331414e-07 -7.054575095338817e-08 -1.247041488107358e-03 -8.528905955301152e-04  2.188618760872322e-07 -3.200082408331858e-07 
 2.089296130853970e+11  1.159902470735080e-02 -7.614339894254953e-01 -1.050951037818923e-07 -6.663799675901866e-08 -1.208029125529442e-03 -8.070237237093048e-04  2.119156250493849e-07 -3.172178833425355e-07 
 2.137962089502161e+11  1.107710761107158e-02 -7.441094192365186e-01 -1.017567978386449e-07 -6.291368385935035e-08 -1.169696132785887e-03 -7.632866611966982e-04  2.050993250337697e-07 -3.143064615470357e-07 
 2.187761623949480e+11  1.057866988361776e-02 -7.271786854141906e-01 -9.847981386938033e-08 -5.936660916881526e-08 -1.132066530913977e-03 -7.216076311212440e-04  1.984163929566026e-07 -3.112807066614358e-07 
 2.238721138568265e+11  1.010265570516247e-02 -7.106328577459234e-01 -9.526601160086537e-08 -5.599060259372565e-08 -1.095161747678918e-03 -6.819152468667970e-04  1.918698352886213e-07 -3.081474062386179e-07 
 2.290867652767697e+11  9.648056695969659e-03 -6.944632069896834e-01 -9.211702857163023e-08 -5.277954011785512e-08 -1.059000655052307e-03 -6.441386621967876e-04  1.854622530862175e-07 -3.049133760022038e-07 
 2.344228815319844e+11  9.213909788120020e-03 -6.786612004530136e-01 -8.903428441621699e-08 -4.972735631481357e-08 -1.023599618558749e-03 -6.082077147970148e-04  1.791958490959750e-07 -3.015854328508162e-07 
 2.398832919019410e+11  8.799295192424296e-03 -6.632184976624478e-01 -8.601898609447984e-08 -4.682805621047042e-08 -9.889725574771175e-04 -5.740530623545909e-04  1.730724367579831e-07 -2.981703691828482e-07 
 2.454708915684948e+11  8.403334456293102e-03 -6.481269461219475e-01 -8.307213397333229e-08 -4.407572643083195e-08 -9.551310148325481e-04 -5.416063104306932e-04  1.670934509248637e-07 -2.946749286668973e-07 
 2.511886431509496e+11  8.025188608517721e-03 -6.333785771589614e-01 -8.019452866553069e-08 -4.146454558287231e-08 -9.220842360830019e-04 -5.108001315237539e-04  1.612599601080780e-07 -2.911057835594202e-07 
 2.570395782768778e+11  7.664056387094503e-03 -6.189656018567187e-01 -7.738677852877933e-08 -3.898879382766706e-08 -8.898392553892280e-04 -4.815683748558796e-04  1.555726800606461e-07 -2.874695136480640e-07 
 2.630267991895294e+11  7.319172546395207e-03 -6.048804070713379e-01 -7.464930772851689e-08 -3.664286161660194e-08 -8.584009883578133e-04 -4.538461665465673e-04  1.500319885056592e-07 -2.837725868768329e-07 
 2.691534803926826e+11  6.989806240148843e-03 -5.911155515323467e-01 -7.198236476908717e-08 -3.442125757228733e-08 -8.277723301624304e-04 -4.275699999625500e-04  1.446379408226730e-07 -2.800213416880897e-07 
 2.754228703338074e+11  6.675259476856064e-03 -5.776637620251921e-01 -6.938603140045305e-08 -3.231861550597468e-08 -7.979542579766055e-04 -4.026778161494253e-04  1.393902865089577e-07 -2.762219710965527e-07 
 2.818382931264360e+11  6.374865644406478e-03 -5.645179296543267e-01 -6.686023181104852e-08 -3.032970057265125e-08 -7.689459366908059e-04 -3.791090743585084e-04  1.342884862393642e-07 -2.723805084921646e-07 
 2.884031503126509e+11  6.087988100811840e-03 -5.516711061854612e-01 -6.440474202162364e-08 -2.844941457351444e-08 -7.407448269355936e-04 -3.568048127803113e-04  1.293317293569583e-07 -2.685028151520878e-07 
 2.951209226666287e+11  5.814018828104525e-03 -5.391165004655710e-01 -6.201919939987237e-08 -2.667280042314647e-08 -7.133467944892859e-04 -3.357076996836102e-04  1.245189516362781e-07 -2.645945694272209e-07 
 3.019951720401915e+11  5.552377146581289e-03 -5.268474749192539e-01 -5.970311222110115e-08 -2.499504580540374e-08 -6.867462202114032e-04 -3.157620752359788e-04  1.198488531718087e-07 -2.606612575555834e-07 
 3.090295432513486e+11  5.302508486697221e-03 -5.148575421200468e-01 -5.745586920605674e-08 -2.341148604779613e-08 -6.609361097105079e-04 -2.969139843478668e-04  1.153199162557712e-07 -2.567081660436875e-07 
 3.162277660168273e+11  5.063883216034168e-03 -5.031403614353105e-01 -5.527674897315374e-08 -2.191760624897180e-08 -6.359082020253990e-04 -2.791112009379246e-04  1.109304231213299e-07 -2.527403755475819e-07 
 3.235936569296174e+11  4.835995518882230e-03 -4.916897357433098e-01 -5.316492934861049e-08 -2.050904269787341e-08 -6.116530766706281e-04 -2.623032440626684e-04  1.066784734396128e-07 -2.487627561775521e-07 
 3.311311214825800e+11  4.618362326082147e-03 -4.804996082211214e-01 -5.111949648430393e-08 -1.918158362623017e-08 -5.881602584697347e-04 -2.464413863891906e-04  1.025620014712920e-07 -2.447799641444326e-07 
 3.388441561391912e+11  4.410522292880826e-03 -4.695640592020194e-01 -4.913945373939740e-08 -1.793116933834838e-08 -5.654183196713257e-04 -2.314786555160241e-04  9.857879278570971e-08 -2.407964396610045e-07 
 3.467368504525200e+11  4.212034822652246e-03 -4.588773031009985e-01 -4.722373028789875e-08 -1.675389176371995e-08 -5.434149789132521e-04 -2.173698286651658e-04  9.472650047249245e-08 -2.368164060089300e-07 
 3.548133892335635e+11  4.022479134431356e-03 -4.484336854071088e-01 -4.537118942019564e-08 -1.564599347884630e-08 -5.221371966678199e-04 -2.040714212783517e-04  9.100266078214032e-08 -2.328438696799700e-07 
 3.630780547700891e+11  3.841453372300093e-03 -4.382276797412969e-01 -4.358063651223880e-08 -1.460386624494215e-08 -5.015712668655795e-04 -1.915416700537431e-04  8.740470814309499e-08 -2.288826214997167e-07 
 3.715352290971600e+11  3.668573754751705e-03 -4.282538849784542e-01 -4.185082664135157e-08 -1.362404910790819e-08 -4.817029044562322e-04 -1.797405109560246e-04  8.392998951319483e-08 -2.249362386426227e-07 
 3.801893963205483e+11  3.503473762243268e-03 -4.185070224323993e-01 -4.018047183260599e-08 -1.270322610621278e-08 -4.625173287222042e-04 -1.686295527243034e-04  8.057577803314739e-08 -2.210080874485771e-07 
 3.890451449942675e+11  3.345803361225873e-03 -4.089819331025313e-01 -3.856824792429311e-08 -1.183822363116697e-08 -4.439993422131496e-04 -1.581720463889246e-04  7.733928595864472e-08 -2.171013269535407e-07 
 3.981071705534838e+11  3.195228263018342e-03 -3.996735749809098e-01 -3.701280104521774e-08 -1.102600748258056e-08 -4.261334052179279e-04 -1.483328512911148e-04  7.421767685598387e-08 -2.132189130496849e-07 
 4.073802778040989e+11  3.051429215963161e-03 -3.905770204185399e-01 -3.551275370035455e-08 -1.026367966101009e-08 -4.089037057343512e-04 -1.390783980789541e-04  7.120807705352381e-08 -2.093636031939498e-07 
 4.168693834703213e+11  2.914101329373035e-03 -3.816874535496489e-01 -3.406671046481759e-08 -9.548474935811099e-09 -3.922942249362232e-04 -1.303766491302084e-04  6.830758634800844e-08 -2.055379615878492e-07 
 4.265795188015782e+11  2.782953427842992e-03 -3.730001677727693e-01 -3.267326328912072e-08 -8.877757226038561e-09 -3.762887981719693e-04 -1.221970568276399e-04  6.551328797072510e-08 -2.017443647555840e-07 
 4.365158322401511e+11  2.657707434566670e-03 -3.645105632874535e-01 -3.133099642135904e-08 -8.249015828951819e-09 -3.608711715596206e-04 -1.145105200861245e-04  6.282225782367814e-08 -1.979850074520033e-07 
 4.466835921509479e+11  2.538097782356223e-03 -3.562141446854701e-01 -3.003849095423054e-08 -7.659861528513997e-09 -3.460250542692285e-04 -1.072893395037154e-04  6.023157300045560e-08 -1.942619088365724e-07 
 4.570881896148595e+11  2.423870851123336e-03 -3.481065185953454e-01 -2.879432900676662e-08 -7.108022613872120e-09 -3.317341666061769e-04 -1.005071714811717e-04  5.773831961030437e-08 -1.905769188542090e-07 
 4.677351412871823e+11  2.314784430634517e-03 -3.401833913791366e-01 -2.759709755226708e-08 -6.591340835394791e-09 -3.179822840275552e-04 -9.413898162678380e-05  5.533959992713265e-08 -1.869317247685555e-07 
 4.786300923226221e+11  2.210607207406751e-03 -3.324405668803391e-01 -2.644539190526486e-08 -6.107767323459185e-09 -3.047532772390309e-04 -8.816099773592122e-05  5.303253888778368e-08 -1.833278577979202e-07 
 4.897788193684295e+11  2.111118274660427e-03 -3.248739442218491e-01 -2.533781888139938e-08 -5.655358492842300e-09 -2.920311485317649e-04 -8.255066260787681e-05  5.081428996600895e-08 -1.797666998086846e-07 
 5.011872336272552e+11  2.016106664294895e-03 -3.174795156529255e-01 -2.427299964488179e-08 -5.232271953303597e-09 -2.798000645281550e-04 -7.728658693652275e-05  4.868204045016536e-08 -1.762494900254114e-07 
 5.128613839913474e+11  1.925370899898252e-03 -3.102533644441079e-01 -2.324957225881090e-08 -4.836762444763275e-09 -2.680443855118012e-04 -7.234850248620972e-05  4.663301615381176e-08 -1.727773317211518e-07 
 5.248074602497546e+11  1.838718569847279e-03 -3.031916628290708e-01 -2.226619395397305e-08 -4.467177813395804e-09 -2.567486915213898e-04 -6.771721574038815e-05  4.466448558913456e-08 -1.693511988555285e-07 
 5.370317963702343e+11  1.755965919595658e-03 -2.962906699924099e-01 -2.132154313195179e-08 -4.121955042981583e-09 -2.458978053904028e-04 -6.337456218771482e-05  4.277376363353445e-08 -1.659719426320370e-07 
 5.495408738576057e+11  1.676937462289039e-03 -2.895467301023770e-01 -2.041432111840836e-08 -3.799616353997384e-09 -2.354768129149613e-04 -5.930336138901137e-05  4.095821471979698e-08 -1.626402979496483e-07 
 5.623413251903298e+11  1.601465606884076e-03 -2.829562703875975e-01 -1.954325368229132e-08 -3.498765381183288e-09 -2.254710803309284e-04 -5.548737294841243e-05  3.921525558009337e-08 -1.593568897272067e-07 
 5.754399373371372e+11  1.529390302985445e-03 -2.765157992568207e-01 -1.870709233651271e-08 -3.218083438701976e-09 -2.158662692788587e-04 -5.191125349340626e-05  3.754235757364754e-08 -1.561222390822908e-07 
 5.888436553555687e+11  1.460558701650047e-03 -2.702219044607755e-01 -1.790461543530785e-08 -2.956325880506400e-09 -2.066483494316967e-04 -4.856051475123606e-05  3.593704862730270e-08 -1.529367693491378e-07 
 6.025595860743370e+11  1.394824831441295e-03 -2.640712512952172e-01 -1.713462908309170e-08 -2.712318562152189e-09 -1.978036089554808e-04 -4.542148279327745e-05  3.439691481745154e-08 -1.498008119229360e-07 
 6.165950018614609e+11  1.332049289048490e-03 -2.580605808442729e-01 -1.639596786915306e-08 -2.484954409029742e-09 -1.893186629678885e-04 -4.248125850451337e-05  3.291960162089354e-08 -1.467146119202573e-07 
 6.309573444801715e+11  1.272098943817021e-03 -2.521867082632064e-01 -1.568749544200175e-08 -2.273190094843833e-09 -1.811804601534115e-04 -3.972767932204723e-05  3.150281486117510e-08 -1.436783336476523e-07 
 6.456542290346333e+11  1.214846655564463e-03 -2.464465210997461e-01 -1.500810493661611e-08 -2.076042833131679e-09 -1.733762876874190e-04 -3.714928227468054e-05  3.014432137587781e-08 -1.406920658724564e-07 
 6.606934480075732e+11  1.160171005085662e-03 -2.408369776531294e-01 -1.435671926723984e-08 -1.892587283678519e-09 -1.658937746144973e-04 -3.473526834487419e-05  2.884194942917020e-08 -1.377558268916921e-07 
 6.760829753919585e+11  1.107956036776701e-03 -2.353551053700413e-01 -1.373229129775739e-08 -1.721952574857484e-09 -1.587208938193238e-04 -3.247546816484947e-05  2.759358889274571e-08 -1.348695693965740e-07 
 6.918309709189126e+11  1.058091012833177e-03 -2.299979992766359e-01 -1.313380390104590e-08 -1.563319442182077e-09 -1.518459627210819e-04 -3.036030905010009e-05  2.639719121705260e-08 -1.320331851315837e-07 
 7.079457843841134e+11  1.010470178502682e-03 -2.247628204458493e-01 -1.256026991806450e-08 -1.415917482708936e-09 -1.452576428150992e-04 -2.838078336611114e-05  2.525076921349488e-08 -1.292465093483531e-07 
 7.244359600749650e+11  9.649925378947165e-04 -2.196467944992266e-01 -1.201073202680662e-08 -1.279022524359593e-09 -1.389449381780919e-04 -2.652841821754333e-05  2.415239666705724e-08 -1.265093250557141e-07 
 7.413102413008918e+11  9.215616398735453e-04 -2.146472101425022e-01 -1.148426253061288e-08 -1.151954108736836e-09 -1.328971930461776e-04 -2.479524644347599e-05  2.310020779759579e-08 -1.238213670682495e-07 
 7.585775750291575e+11  8.800853735808188e-04 -2.097614177341887e-01 -1.097996307472457e-08 -1.034073085587714e-09 -1.271040885677252e-04 -2.317377889743551e-05  2.209239658684498e-08 -1.211823258565053e-07 
 7.762471166286648e+11  8.404757731551159e-04 -2.049868278864449e-01 -1.049696429935651e-08 -9.247793167057383e-10 -1.215556388261956e-04 -2.165697798680658e-05  2.112721598702969e-08 -1.185918512027442e-07 
 7.943282347242539e+11  8.026488312350035e-04 -2.003209100975077e-01 -1.003442543698403e-08 -8.235094867636089e-10 -1.162421862214184e-04 -2.023823244276254e-05  2.020297702584512e-08 -1.160495556667110e-07 
 8.128305161640709e+11  7.665243208507652e-04 -1.957611914149895e-01 -9.591533860975810e-09 -7.297350183194803e-10 -1.111543962912791e-04 -1.891133328899892e-05  1.931804782147937e-08 -1.135550178663731e-07 
 8.317637711026420e+11  7.320256253276799e-04 -1.913052551293541e-01 -9.167504592163930e-09 -6.429600880393091e-10 -1.062832520495764e-04 -1.767045097525182e-05  1.847085252031035e-08 -1.111077855790027e-07 
 8.511380382023467e+11  6.990795758406800e-04 -1.869507394969035e-01 -8.761579769425263e-09 -5.627197410203703e-10 -1.016200479098720e-04 -1.651011363977401e-05  1.765987016891057e-08 -1.087073786682793e-07 
 8.709635899560502e+11  6.676162962763755e-04 -1.826953364916167e-01 -8.373028089856536e-09 -4.885780999819708e-10 -9.715638325949584e-05 -1.542518646357468e-05  1.688363353104308e-08 -1.063532918433328e-07 
 8.912509381337144e+11  6.375690550738989e-04 -1.785367905851994e-01 -8.001144223658100e-09 -4.201266660045570e-10 -9.288415574250445e-05 -1.441085207825505e-05  1.614072785943027e-08 -1.040449972558216e-07 
 9.120108393558778e+11  6.088741237307735e-04 -1.744728975547156e-01 -7.645248208400068e-09 -3.569827074438647e-10 -8.879555430531539e-05 -1.346259198864569e-05  1.542978963122493e-08 -1.017819469412530e-07 
 9.332543007969584e+11  5.814706416741121e-04 -1.705015033171855e-01 -7.304684826928390e-09 -2.987877336188263e-10 -8.488305205395826e-05 -1.257616897113211e-05  1.474950525531009e-08 -9.956357511081729e-08 
 9.549925860214025e+11  5.553004872109136e-04 -1.666205027905479e-01 -6.978822972777275e-09 -2.452060498672543e-10 -8.113939896738895e-05 -1.174761040850153e-05  1.409860975879914e-08 -9.738930030002230e-08 
 9.772372209557764e+11  5.303081542840837e-04 -1.628278387803981e-01 -6.667055006588042e-09 -1.959233905788716e-10 -7.755761450710205e-05 -1.097319252232360e-05  1.347588545940113e-08 -9.525852738039307e-08 
 9.999999999999648e+11  5.064406347730970e-04 -1.591215008919233e-01 -6.368796106692137e-09 -1.506456268481451e-10 -7.413098015934340e-05 -1.024942546425696e-05  1.288016062965560e-08 -9.317064944044462e-08 
 1.023292992280718e+12  4.836473060899398e-04 -1.554995244664739e-01 -6.083483616696920e-09 -1.090975454371485e-10 -7.085303194255596e-05 -9.573039228222866e-06  1.231030815842631e-08 -9.112504954204960e-08 
 1.047128548050863e+12  4.618798238321929e-04 -1.519599895422160e-01 -5.810576392616283e-09 -7.102169579893481e-11 -6.771755290928494e-05 -8.940970346080899e-06  1.176524421447099e-08 -8.912110235821277e-08 
 1.071519305237569e+12  4.410920192658001e-04 -1.485010198383276e-01 -5.549554151812943e-09 -3.617730198264630e-11 -6.471856566860525e-05 -8.350349330255377e-06  1.124392691637463e-08 -8.715817569813241e-08 
 1.096478196143146e+12  4.212398014203049e-04 -1.451207817622091e-01 -5.299916825764892e-09 -4.339236320896918e-12 -6.185032495221071e-05 -7.798488827673476e-06  1.074535501264315e-08 -8.523563192528175e-08 
 1.122018454301924e+12  4.022810635890937e-04 -1.418174834391908e-01 -5.061183918433496e-09  2.470294811381607e-11 -5.910731024460461e-05 -7.282872450367636e-06  1.026856657530240e-08 -8.335282927408196e-08 
 1.148153621496842e+12  3.841755940365160e-04 -1.385893737642343e-01 -4.832893871794489e-09  5.114592920523436e-11 -5.648421849534557e-05 -6.801144249149393e-06  9.812637709930997e-09 -8.150912307056579e-08 
 1.174897554939488e+12  3.668849907226466e-04 -1.354347414751305e-01 -4.614603439894202e-09  7.517347446779575e-11 -5.397595692901773e-05 -6.351098797862742e-06  9.376681284673115e-09 -7.970386686225016e-08 
 1.202264434617370e+12  3.503725798649793e-04 -1.323519142467133e-01 -4.405887072611451e-09  9.695724942647411e-11 -5.157763596650303e-05 -5.930671856861218e-06  8.959845680427508e-09 -7.793641346225161e-08 
 1.230268770812338e+12  3.346033381644487e-04 -1.293392578056143e-01 -4.206336310138613e-09  1.166575783283636e-10 -4.928456226921644e-05 -5.537931585510280e-06  8.561313564088690e-09 -7.620611591248604e-08 
 1.258925411794123e+12  3.195438185309502e-04 -1.263951750650973e-01 -4.015559189043584e-09  1.344241597106359e-10 -4.709223191621956e-05 -5.171070274686631e-06  8.180300686424477e-09 -7.451232837060316e-08 
 1.288249551693088e+12  3.051620791509308e-04 -1.235181052795196e-01 -3.833179660635788e-09  1.503967392474568e-10 -4.499632372253772e-05 -4.828396571419491e-06  7.816054705908810e-09 -7.285440692511335e-08 
 1.318256738556360e+12  2.914276157467064e-04 -1.207065232179771e-01 -3.658837022233905e-09  1.647057421967817e-10 -4.299269270556201e-05 -4.508328168987663e-06  7.467854039587876e-09 -7.123171034297087e-08 
 1.348962882591605e+12  2.783112968839194e-04 -1.179589383567031e-01 -3.492185361818988e-09  1.774728676672319e-10 -4.107736370511018e-05 -4.209384936944485e-06  7.135006741839795e-09 -6.964360075368816e-08 
 1.380384264602835e+12  2.657853021900094e-04 -1.152738940897944e-01 -3.332893016453965e-09  1.888116468259248e-10 -3.924652516153932e-05 -3.930182466684664e-06  6.816849411691484e-09 -6.808944427386653e-08 
 1.412537544622704e+12  2.538230633527339e-04 -1.126499669578544e-01 -3.180642044757851e-09  1.988279670706379e-10 -3.749652305523967e-05 -3.669426009288055e-06  6.512746129179598e-09 -6.656861157584533e-08 
 1.445439770745875e+12  2.423992077736643e-04 -1.100857658941463e-01 -3.035127713639749e-09  2.076205640943148e-10 -3.582385500988291e-05 -3.425904783471724e-06  6.222087421083644e-09 -6.508047840398929e-08 
 1.479108388168154e+12  2.314895047572151e-04 -1.075799314878619e-01 -2.896057999423337e-09  2.152814836769869e-10 -3.422516456094397e-05 -3.198486632550294e-06  5.944289256217784e-09 -6.362442604195999e-08 
 1.513561248436154e+12  2.210708141211250e-04 -1.051311352641204e-01 -2.763153103425932e-09  2.218965149498535e-10 -3.269723559025105e-05 -2.986113010342774e-06  5.678792070341360e-09 -6.219984173414440e-08 
 1.548816618912426e+12  2.111210371194471e-04 -1.027380789803166e-01 -2.636144981997203e-09  2.275455967887475e-10 -3.123698692664104e-05 -2.787794276970192e-06  5.425059820636200e-09 -6.080611906424880e-08 
 1.584893192461056e+12  2.016190695740036e-04 -1.003994939384512e-01 -2.514776890970240e-09  2.323031989095987e-10 -2.984146711219699e-05 -2.602605286460889e-06  5.182579069599827e-09 -5.944265829390688e-08 
 1.621810097358872e+12  1.925447571149386e-04 -9.811414031308137e-02 -2.398802944431512e-09  2.362386791569196e-10 -2.850784933301424e-05 -2.429681249017997e-06  4.950858098116515e-09 -5.810886666399514e-08 
 1.659586907437501e+12  1.838788524354730e-04 -9.588080649453649e-02 -2.287987687675795e-09  2.394166183977889e-10 -2.723342651297876e-05 -2.268213851706314e-06  4.729426047392239e-09 -5.680415866120191e-08 
 1.698243652461683e+12  1.756029744702357e-04 -9.369830844705644e-02 -2.182105684176851e-09  2.418971343583739e-10 -2.601560656863613e-05 -2.117447622182541e-06  4.517832089373307e-09 -5.552795625225295e-08 
 1.737800828749313e+12  1.676995694106182e-04 -9.156548908151250e-02 -2.080941116374008e-09  2.437361756676669e-10 -2.485190782287929e-05 -1.976676520924134e-06  4.315644625211523e-09 -5.427968908806042e-08 
 1.778279410038859e+12  1.601518734744956e-04 -8.948121764238157e-02 -1.984287400048489e-09  2.449857973038465e-10 -2.373995457488205e-05 -1.845240748207672e-06  4.122450511289895e-09 -5.305879467993142e-08 
 1.819700858609918e+12  1.529438773513768e-04 -8.744438910865122e-02 -1.891946812040951e-09  2.456944185724337e-10 -2.267747282344957e-05 -1.722523752848273e-06  3.937854312281722e-09 -5.186471854984809e-08 
 1.862087136662800e+12  1.460602922475914e-04 -8.545392360833952e-02 -1.803730131042692e-09  2.459070646821741e-10 -2.166228614074007e-05 -1.607949430437506e-06  3.761477580681212e-09 -5.069691435671125e-08 
 1.905460717963178e+12  1.394865174595211e-04 -8.350876584632122e-02 -1.719456291177371e-09  2.456655929242813e-10 -2.069231169313406e-05 -1.500979499509378e-06  3.592958162215543e-09 -4.955484400032805e-08 
 1.949844599757975e+12  1.332086094061145e-04 -8.160788454515941e-02 -1.638952048077135e-09  2.450089044032206e-10 -1.976555640587996e-05 -1.401111044722946e-06  3.431949526525315e-09 -4.843797770481448e-08 
 1.995262314968807e+12  1.272132520550235e-04 -7.975027189864714e-02 -1.562051657146801e-09  2.439731422125729e-10 -1.888011326802907e-05 -1.307874216776771e-06  3.278120122482353e-09 -4.734579408298290e-08 
 2.041737944669455e+12  1.214877286796466e-04 -7.793494303777118e-02 -1.488596563701803e-09  2.425918768975501e-10 -1.803415777408269e-05 -1.220830079365997e-06  3.131152757500402e-09 -4.627778018318662e-08 
 2.089296130853963e+12  1.160198948871960e-04 -7.616093550881663e-02 -1.418435104659678e-09  2.408962799963994e-10 -1.722594449870792e-05 -1.139568594057959e-06  2.990744000184657e-09 -4.523343152000217e-08 
 2.137962089502154e+12  1.107981528605879e-04 -7.442730876333618e-02 -1.351422221460865e-09  2.389152864061010e-10 -1.645380380083371e-05 -1.063706734498226e-06  2.856603605659999e-09 -4.421225209004175e-08 
 2.187761623949473e+12  1.058114267595385e-04 -7.273314365971607e-02 -1.287419183892197e-09  2.366757462733729e-10 -1.571613865341314e-05 -9.928867218668720e-07  2.728453962915071e-09 -4.321375437410752e-08 
 2.238721138568258e+12  1.010491392287005e-04 -7.107754197607463e-02 -1.226293324485555e-09  2.342025670699115e-10 -1.501142159512798e-05 -9.267743739855067e-07  2.606029563499056e-09 -4.223745932681946e-08 
 2.290867652767689e+12  9.650118896302257e-05 -6.945962593423693e-02 -1.167917783164508e-09  2.315188464709670e-10 -1.433819180031775e-05 -8.650575609304958e-07  2.489076490910479e-09 -4.128289635477637e-08 
 2.344228815319836e+12  9.215792928275749e-05 -6.787853773453409e-02 -1.112171261813347e-09  2.286459966186355e-10 -1.369505226343361e-05 -8.074447604377831e-07  2.377351930021760e-09 -4.034960328423941e-08 
 2.398832919019403e+12  8.801014767268325e-05 -6.633343910118129e-02 -1.058937788445383e-09  2.256038603155897e-10 -1.308066709434754e-05 -7.536637067909525e-07  2.270623695889643e-09 -3.943712631926196e-08 
 2.454708915684940e+12  8.404904624214689e-05 -6.482351083799488e-02 -1.008106490650864e-09  2.224108196612426e-10 -1.249375892088692e-05 -7.034601272677268e-07  2.168669781309556e-09 -3.854501999112813e-08 
 2.511886431509488e+12  8.026622306449258e-05 -6.334795239421337e-02 -9.595713780090182e-10  2.190838976104763e-10 -1.193310639501324e-05 -6.565965605819981e-07  2.071277922481400e-09 -3.767284709990383e-08 
 2.570395782768769e+12  7.665365435630044e-05 -6.190598144019324e-02 -9.132311331536089e-10  2.156388529049619e-10 -1.139754179911919e-05 -6.128512520997782e-07  1.978245182164751e-09 -3.682017864884955e-08 
 2.630267991895285e+12  7.320367745864322e-05 -6.049683345275529e-02 -8.689889111868176e-10  2.120902687986734e-10 -1.088594874898045e-05 -5.720171209291562e-07  1.889377549713110e-09 -3.598659377239257e-08 
 2.691534803926816e+12  6.990897458426822e-05 -5.911976130996237e-02 -8.267521471422217e-10  2.084516359723711e-10 -1.039725998996581e-05 -5.339007942874176e-07  1.804489557389221e-09 -3.517167965830796e-08 
 2.754228703338064e+12  6.676255729623544e-05 -5.777403489511399e-02 -7.864323712039871e-10  2.047354300065101e-10 -9.930455283180715e-06 -4.983217048338594e-07  1.723403912376648e-09 -3.437503146471188e-08 
 2.818382931264349e+12  6.375775168509600e-05 -5.645894070974922e-02 -7.479450313961414e-10  2.009531837581628e-10 -9.484559378294847e-06 -4.651112469254561e-07  1.645951143916448e-09 -3.359625223242870e-08 
 2.884031503126499e+12  6.088818421317300e-05 -5.517378149545235e-02 -7.112093234628090e-10  1.971155549650223e-10 -9.058640069882152e-06 -4.341119880052415e-07  1.571969265011942e-09 -3.283495279325253e-08 
 2.951209226666276e+12  5.814776819592432e-05 -5.391787586426199e-02 -6.761480276675976e-10  1.932323893783472e-10 -8.651806334182147e-06 -4.051769315709690e-07  1.501303448159076e-09 -3.209075167458678e-08 
 3.019951720401904e+12  5.553069089171606e-05 -5.269055793748777e-02 -6.426873522478151e-10  1.893127797067213e-10 -8.263206543273321e-06 -3.781688283950352e-07  1.433805714574552e-09 -3.136327500090998e-08 
 3.090295432513476e+12  5.303140117262650e-05 -5.149117699274392e-02 -6.107567832668791e-10  1.853651206336885e-10 -7.892026753732513e-06 -3.529595328766579e-07  1.369334636408814e-09 -3.065215639248296e-08 
 3.162277660168262e+12  5.064459775013154e-05 -5.031909711901258e-02 -5.802889406160854e-10  1.813971601546197e-10 -7.537489066937893e-06 -3.294294016045644e-07  1.307755051445922e-09 -2.995703686168169e-08 
 3.235936569296162e+12  4.836521793070089e-05 -4.917369687955491e-02 -5.512194399248314e-10  1.774160474615312e-10 -7.198850058257350e-06 -3.074667313937257e-07  1.248937789807349e-09 -2.927756470731116e-08 
 3.311311214825788e+12  4.618842687745593e-05 -4.805436898249110e-02 -5.234867601463902e-10  1.734283775889387e-10 -6.875399272448063e-06 -2.869672342336230e-07  1.192759412191661e-09 -2.861339540722857e-08 
 3.388441561391899e+12  4.410960735511494e-05 -4.696051995887541e-02 -4.970321165943845e-10  1.694402330191665e-10 -6.566457782676640e-06 -2.678335467487965e-07  1.139101959196900e-09 -2.796419150957884e-08 
 3.467368504525187e+12  4.212434993647564e-05 -4.589156984809553e-02 -4.717993392132114e-10  1.654572224317870e-10 -6.271376810652299e-06 -2.499747719256361e-07  1.087852711287192e-09 -2.732962252292160e-08 
 3.548133892335622e+12  4.022844364966417e-05 -4.484695189043014e-02 -4.477347558737862e-10  1.614845167690153e-10 -5.989536405447758e-06 -2.333060510031012e-07  1.038903958979693e-09 -2.670936480550735e-08 
 3.630780547700878e+12  3.841786704631336e-05 -4.382611222660152e-02 -4.247870804940624e-10  1.575268827768698e-10 -5.720344178663379e-06 -2.177481635598346e-07  9.921527828422492e-10 -2.610310145393875e-08 
 3.715352290971586e+12  3.668877967172705e-05 -4.282850960416453e-02 -4.029073057918945e-10  1.535887141707368e-10 -5.463234093670175e-06 -2.032271539565406e-07  9.475008429063068e-10 -2.551052219143491e-08 
 3.801893963205470e+12  3.503751391893925e-05 -4.185361509057635e-02 -3.820486004858513e-10  1.496740605635825e-10 -5.217665306745618e-06 -1.896739824109763e-07  9.048541771134519e-10 -2.493132325589796e-08 
 3.890451449942660e+12  3.346056724939070e-05 -4.090091179279517e-02 -3.621662107675714e-10  1.457866542854364e-10 -4.983121057993072e-06 -1.770241990939471e-07  8.641230084274766e-10 -2.436520728796435e-08 
 3.981071705534823e+12  3.195459476372313e-05 -3.996989458325920e-02 -3.432173658771872e-10  1.419299352138951e-10 -4.759107610011062e-06 -1.652176397387688e-07  8.252215602571964e-10 -2.381188321920821e-08 
 4.073802778040975e+12  3.051640210693487e-05 -3.906006983210131e-02 -3.251611876211544e-10  1.381070737272487e-10 -4.545153232352177e-06 -1.541981413541385e-07  7.880678798481692e-10 -2.327106616064923e-08 
 4.168693834703198e+12  2.914293869284884e-05 -3.817095514545696e-02 -3.079586036795311e-10  1.343209918843814e-10 -4.340807229883188e-06 -1.439132767216852e-07  7.525836693141218e-10 -2.274247729170388e-08 
 4.265795188015767e+12  2.783129123352281e-05 -3.730207910972723e-02 -2.915722645573212e-10  1.305743829288464e-10 -4.145639013228024e-06 -1.343141064449927e-07  7.186941239912027e-10 -2.222584374970665e-08 
 4.365158322401496e+12  2.657867755987789e-05 -3.645298104166155e-02 -2.759664640419004e-10  1.268697292084218e-10 -3.959237209543422e-06 -1.253549473969778e-07  6.863277778101652e-10 -2.172089852011599e-08 
 4.466835921509463e+12  2.538244072043843e-05 -3.562321074412747e-02 -2.611070630357475e-10  1.232093185960122e-10 -3.781208811943273e-06 -1.169931564874848e-07  6.554163553932230e-10 -2.122738032750861e-08 
 4.570881896148578e+12  2.424004334566710e-05 -3.481232826743830e-02 -2.469614166407077e-10  1.195952594929526e-10 -3.611178365952095e-06 -1.091889287431482e-07  6.258946305936220e-10 -2.074503352745614e-08 
 4.677351412871806e+12  2.314906226594192e-05 -3.401990367611240e-02 -2.334983043767527e-10  1.160294944915638e-10 -3.448787191430563e-06 -1.019051087572744e-07  5.977002912069467e-10 -2.027360799936857e-08 
 4.786300923226203e+12  2.210718337175949e-05 -3.324551682094005e-02 -2.206878634246669e-10  1.125138127701846e-10 -3.293692638476453e-06 -9.510701462896951e-08  5.707738095937798e-10 -1.981285904037992e-08 
 4.897788193684277e+12  2.111219670526344e-05 -3.248875711623789e-02 -2.085015247882406e-10  1.090498612908452e-10 -3.145567375863155e-06 -8.876227356827764e-08  5.450583189636308e-10 -1.936254726034409e-08 
 5.011872336272534e+12  2.016199177268646e-05 -3.174922332217209e-02 -1.969119522773547e-10  1.056391548671982e-10 -3.004098710634557e-06 -8.284066839791347e-08  5.204994950799848e-10 -1.892243847800094e-08 
 5.128613839913455e+12  1.925455306776409e-05 -3.102652333203589e-02 -1.858929842187687e-10  1.022830851682758e-10 -2.868987937530111e-06 -7.731399423253401e-08  4.970454431559383e-10 -1.849230361836609e-08 
 5.248074602497527e+12  1.838795579662476e-05 -3.032027396436779e-02 -1.754195778064291e-10  9.898292872203458e-11 -2.739949716966812e-06 -7.215592466358965e-08  4.746465897191522e-10 -1.807191861139103e-08 
 5.370317963702324e+12  1.756036179508884e-05 -2.963010075980124e-02 -1.654677560076977e-10  9.573985398145748e-11 -2.616711480356240e-06 -6.734188682185506e-08  4.532555792338292e-10 -1.766106429193503e-08 
 5.495408738576037e+12  1.677001562971682e-05 -2.895563778253743e-02 -1.560145569459916e-10  9.255492751513390e-11 -2.499012861584131e-06 -6.284894473093635e-08  4.328271752760369e-10 -1.725952630108414e-08 
 5.623413251903277e+12  1.601524087433693e-05 -2.829652742633645e-02 -1.470379856839403e-10  8.942911938370423e-11 -2.386605153527736e-06 -5.865569040357897e-08  4.133181660670247e-10 -1.686709498884776e-08 
 5.754399373371351e+12  1.529443655415447e-05 -2.765242022492385e-02 -1.385169683342635e-10  8.636330776325482e-11 -2.279250788532272e-06 -5.474214216862578e-08  3.946872741771996e-10 -1.648356531825923e-08 
 5.888436553555666e+12  1.460607374990070e-05 -2.702297466671217e-02 -1.304313084281432e-10  8.335828287663039e-11 -2.176722841812032e-06 -5.108964975015338e-08  3.768950702211283e-10 -1.610873677090149e-08 
 6.025595860743349e+12  1.394869235481830e-05 -2.640785701373929e-02 -1.227616454729103e-10  8.041475029362691e-11 -2.078804556784483e-06 -4.768080565180251e-08  3.599038903713528e-10 -1.574241325387599e-08 
 6.165950018614587e+12  1.332089797760503e-05 -2.580674112472758e-02 -1.154894156323779e-10  7.753333366106684e-11 -1.985288891386815e-06 -4.449936242875246e-08  3.436777575259402e-10 -1.538440300822881e-08 
 6.309573444801692e+12  1.272135898474636e-05 -2.521930828217024e-02 -1.085968144641582e-10  7.471457692377084e-11 -1.895978084463960e-06 -4.153015545730162e-08  3.281823059715352e-10 -1.503451851884489e-08 
 6.456542290346310e+12  1.214880367596372e-05 -2.464524702335305e-02 -1.020667616487974e-10  7.195894609735853e-11 -1.810683241355198e-06 -3.875903083773192e-08  3.133847093902685e-10 -1.469257642581813e-08 
 6.606934480075709e+12  1.160201758678725e-05 -2.408425297522199e-02 -9.588286764560561e-11  6.926683065356351e-11 -1.729223937843062e-06 -3.617277809016660e-08  2.992536120651867e-10 -1.435839743730221e-08 
 6.760829753919561e+12  1.107984091253175e-05 -2.353602869300939e-02 -9.002940220966966e-11  6.663854457827212e-11 -1.651427841663500e-06 -3.375906732559275e-08  2.857590631449439e-10 -1.403180624384478e-08 
 6.918309709189102e+12  1.058116604821166e-05 -2.300028350253287e-02 -8.449126470377211e-11  6.407432716173052e-11 -1.577130350810032e-06 -3.150639059520571e-08  2.728724538343043e-10 -1.371263143420485e-08 
 7.079457843841109e+12  1.010493523917728e-05 -2.247673334608365e-02 -7.925395613786217e-11  6.157434357925673e-11 -1.506174247897203e-06 -2.940400714084593e-08  2.605664573825954e-10 -1.340070541265138e-08 
 7.244359600749624e+12  9.650138337488899e-06 -2.196510063182245e-02 -7.430355286739308e-11  5.913868531929973e-11 -1.438409369879787e-06 -2.744189228762249e-08  2.488149717476045e-10 -1.309586431773903e-08 
 7.413102413008892e+12  9.215810659269890e-06 -2.146511408660320e-02 -6.962668188033355e-11  5.676737051377014e-11 -1.373692292454227e-06 -2.561068973693817e-08  2.375930648175454e-10 -1.279794794255506e-08 
 7.585775750291547e+12  8.801030938494174e-06 -2.097650861214666e-02 -6.521049760106062e-11  5.446034422320441e-11 -1.311886028497548e-06 -2.390166703412738e-08  2.268769220786553e-10 -1.250679965642999e-08 
 7.762471166286619e+12  8.404919372867720e-06 -2.049902514448749e-02 -6.104266013772304e-11  5.221747872650309e-11 -1.252859739926566e-06 -2.230667399986031e-08  2.166437966207016e-10 -1.222226632810291e-08 
 7.943282347242510e+12  8.026635757659305e-06 -2.003241051662053e-02 -5.711131489811975e-11  5.003857386170953e-11 -1.196488462386775e-06 -2.081810392842716e-08  2.068719613772152e-10 -1.194419825033092e-08 
 8.128305161640680e+12  7.665377703522181e-06 -1.957641732427327e-02 -5.340507349774683e-11  4.792335746057815e-11 -1.142652842205629e-06 -1.942885736905633e-08  1.975406635016198e-10 -1.167244906593130e-08 
 8.317637711026390e+12  7.320378934526459e-06 -1.913080379473351e-02 -4.991299588250985e-11  4.587148591555525e-11 -1.091238885069371e-06 -1.813230831860089e-08  1.886300807845971e-10 -1.140687569524324e-08 
 8.511380382023437e+12  6.990907662792279e-06 -1.869533365866269e-02 -4.662457358775419e-11  4.388254491329822e-11 -1.042137715905901e-06 -1.692227266530570e-08  1.801212800220401e-10 -1.114733826499566e-08 
 8.709635899560471e+12  6.676265036276046e-06 -1.826977602482673e-02 -4.352971405479689e-11  4.195605036404503e-11 -9.952453494785642e-07 -1.579297873399396e-08  1.719961772467951e-10 -1.089370003856587e-08 
 8.912509381337111e+12  6.375783656417492e-06 -1.785390525767833e-02 -4.061872592611537e-11  4.009144955108207e-11 -9.504624712172544e-07 -1.473903979293766e-08  1.642374997410913e-10 -1.064582734761394e-08 
 9.120108393558746e+12  6.088826162503233e-06 -1.744750085772552e-02 -3.788230524079913e-11  3.828812251931216e-11 -9.076942278337590e-07 -1.375542839194566e-08  1.568287497501061e-10 -1.040358952507598e-08 
 9.332543007969551e+12  5.814783879744159e-06 -1.705034734462325e-02 -3.531152245284275e-11  3.654538371658231e-11 -8.668500272880140e-07 -1.283745240986094e-08  1.497541698205349e-10 -1.016685883949939e-08 
 9.549925860213990e+12  5.553075528199091e-06 -1.666223414292593e-02 -3.289781019636653e-11  3.486248389607141e-11 -8.278433476908178e-07 -1.198073269774295e-08  1.429987096913138e-10 -9.935510430702435e-09 
 9.772372209557729e+12  5.303145989806181e-06 -1.628295547044039e-02 -3.063295172390373e-11  3.323861228275079e-11 -7.905915547466401e-07 -1.118118221156146e-08  1.365479946667980e-10 -9.709422246739859e-09 
 9.999999999999613e+12  5.064465130906805e-06 -1.591231022912019e-02 -2.850906994648228e-11  3.167289900180149e-11 -7.550157273574938e-07 -1.043498653527879e-08  1.303882954057419e-10 -9.488474982155841e-09 
 1.023292992280714e+13  4.836526677764414e-06 -1.555010189844328e-02 -2.651861700732902e-11  3.016441776198161e-11 -7.210404910254260e-07 -9.738585701781190e-09  1.245064990623356e-10 -9.272552017505225e-09 
 1.047128548050859e+13  4.618847142693146e-06 -1.519613843121650e-02 -2.465436432460333e-11  2.871218878236578e-11 -6.885938587070670e-07 -9.088657225268044e-09  1.188900817183712e-10 -9.061539360123579e-09 
 1.071519305237565e+13  4.410964798518468e-06 -1.485023215175187e-02 -2.290939304257410e-11  2.731518194669501e-11 -6.576070787888934e-07 -8.482100264448523e-09  1.135270820483014e-10 -8.855325586126375e-09 
 1.096478196143142e+13  4.212438699194509e-06 -1.451219965636045e-02 -2.127708483503169e-11  2.597232016583838e-11 -6.280144898664061e-07 -7.916020841255143e-09  1.084060761615559e-10 -8.653801783617325e-09 
 1.122018454301920e+13  4.022847744500731e-06 -1.418186171611124e-02 -1.975111300940900e-11  2.468248292563112e-11 -5.997533820243725e-07 -7.387718044789191e-09  1.035161535689694e-10 -8.456861497085775e-09 
 1.148153621496838e+13  3.841789786834052e-06 -1.385904318180331e-02 -1.832543386499831e-11  2.344450999464954e-11 -5.727638643286011e-07 -6.894671154885649e-09  9.884689422257096e-11 -8.264400672972902e-09 
 1.174897554939484e+13  3.668880778201830e-06 -1.354357289110116e-02 -1.699427826371808e-11  2.225720526434203e-11 -5.469887382524970e-07 -6.434527624048807e-09  9.438834658028608e-11 -8.076317606386444e-09 
 1.202264434617366e+13  3.503753955606353e-06 -1.323528357778361e-02 -1.575214337702446e-11  2.111934069236235e-11 -5.223733767738310e-07 -6.005091860583158e-09  9.013100664930491e-11 -7.892512888943502e-09 
 1.230268770812334e+13  3.346059063092979e-06 -1.293401178305856e-02 -1.459378457770251e-11  2.002966031895327e-11 -4.988656088888678e-07 -5.604314759547796e-09  8.606579796398736e-11 -7.712889357721198e-09 
 1.258925411794118e+13  3.195461608811796e-06 -1.263959776889630e-02 -1.351420745033033e-11  1.898688432578428e-11 -4.764156093021482e-07 -5.230283931713313e-09  8.218405245620150e-11 -7.537352045294830e-09 
 1.288249551693084e+13  3.051642155516904e-06 -1.235188543333555e-02 -1.250865989911943e-11  1.798971310673805e-11 -4.549757930609280e-07 -4.881214584015337e-09  7.847749217792973e-11 -7.365808130843304e-09 
 1.318256738556356e+13  2.914295642998429e-06 -1.207072222771730e-02 -1.157262433652998e-11  1.703683132072899e-11 -4.345007149134940e-07 -4.555441008093940e-09  7.493821183783441e-11 -7.198166892301797e-09 
 1.348962882591601e+13  2.783130741010035e-06 -1.179595907580261e-02 -1.070180994048209e-11  1.612691189768172e-11 -4.149469731803621e-07 -4.251408636397401e-09  7.155866211524430e-11 -7.034339659541630e-09 
 1.380384264602831e+13  2.657869231319463e-06 -1.152745029473141e-02 -9.892144972087813e-12  1.525861997024712e-11 -3.962731179367206e-07 -3.967666628026454e-09  6.833163371672052e-11 -6.874239768557664e-09 
 1.412537544622699e+13  2.538245417571271e-06 -1.126505351778049e-02 -9.139769149571559e-12  1.443061670563450e-11 -3.784395633134166e-07 -3.702860949013076e-09  6.525024214197078e-11 -6.717782516643562e-09 
 1.445439770745871e+13  2.424005561710115e-06 -1.100862961887968e-02 -8.441026077402143e-12  1.364156301403148e-11 -3.614085037323499e-07 -3.455727914078876e-09  6.230791312742469e-11 -6.564885118535571e-09 
 1.479108388168149e+13  2.314907345769086e-06 -1.075804263884618e-02 -7.792455732606168e-12  1.289012311240895e-11 -3.451438339003130e-07 -3.225088159112573e-09  5.949836873724769e-11 -6.415466663505722e-09 
 1.513561248436149e+13  2.210719357881520e-06 -1.051315971329798e-02 -7.190787012760765e-12  1.217496792500595e-11 -3.296110723931364e-07 -3.009841015654695e-09  5.681561407296950e-11 -6.269448073385527e-09 
 1.548816618912421e+13  2.111220601426066e-06 -1.027385100220814e-02 -6.632930352272979e-12  1.149477830440199e-11 -3.147772886694806e-07 -2.808959260589975e-09  5.425392457423093e-11 -6.126752061501585e-09 
 1.584893192461051e+13  2.016200026263799e-06 -1.003998962106255e-02 -6.115970415249141e-12  1.084824805975361e-11 -3.006110333607598e-07 -2.621484216033116e-09  5.180783388441830e-11 -5.987303092504725e-09 
 1.621810097358866e+13  1.925456081073130e-06 -9.811451573584724e-03 -5.637158874556360e-12  1.023408678144941e-11 -2.870822716905230e-07 -2.446521176060017e-09  4.947212225615641e-11 -5.851027343074662e-09 
 1.659586907437495e+13  1.838796285832916e-06 -9.588115685991924e-03 -5.193907287598855e-12  9.651022454072923e-12 -2.741623198831453e-07 -2.283235138492034e-09  4.724180547277296e-11 -5.717852663482333e-09 
 1.698243652461678e+13  1.756036823546978e-06 -9.369863542747754e-03 -4.783780079901468e-12  9.097803852116534e-12 -2.618237844279338e-07 -2.130846821392952e-09  4.511212426293415e-11 -5.587708539992474e-09 
 1.737800828749307e+13  1.677002150344020e-06 -9.156579423777194e-03 -4.404487647840142e-12  8.573202715324797e-12 -2.500405040707195e-07 -1.988628945293712e-09  4.307853418668306e-11 -5.460526058089257e-09 
 1.778279410038853e+13  1.601524623125914e-06 -8.948150243110768e-03 -4.053879591817813e-12  8.076015702832113e-12 -2.387874944107104e-07 -1.855902763425036e-09  4.113669597209136e-11 -5.336237866508043e-09 
 1.819700858609912e+13  1.529444143974552e-06 -8.744465488925303e-03 -3.729938090888663e-12  7.605066127375147e-12 -2.280408949858400e-07 -1.732034823419161e-09  3.928246628266961e-11 -5.214778142056691e-09 
 1.862087136662794e+13  1.460607820563008e-06 -8.545417164949521e-03 -3.430771429319527e-12  7.159205472785233e-12 -2.177779187350547e-07 -1.616433945044100e-09  3.751188889656521e-11 -5.096082555210135e-09 
 1.905460717963172e+13  1.394869641850696e-06 -8.350899733203370e-03 -3.154607684879851e-12  6.737314699688992e-12 -2.079768037309646e-07 -1.508548399562836e-09  3.582118627942081e-11 -4.980088236462181e-09 
 1.949844599757969e+13  1.332090168374639e-06 -8.160810058040764e-03 -2.899788587806288e-12  6.338305345859413e-12 -1.986167670810463e-07 -1.407863277270209e-09  3.420675153356769e-11 -4.866733743418849e-09 
 1.995262314968801e+13  1.272136236479901e-06 -7.975047351466017e-03 -2.664763558427451e-12  5.961120428961948e-12 -1.896779609001327e-07 -1.313898030656725e-09  3.266514070699088e-11 -4.755959028617802e-09 
 2.041737944669449e+13  1.214880675861848e-06 -7.793513119695060e-03 -2.448083930390386e-12  5.604735160533192e-12 -1.811414302612755e-07 -1.226204181485187e-09  3.119306544623020e-11 -4.647705408058738e-09 
 2.089296130853957e+13  1.160202039821063e-06 -7.616111110932992e-03 -2.248397365331655e-12  5.268157480918836e-12 -1.729890730362182e-07 -1.144363180847077e-09  2.978738597807289e-11 -4.541915530429868e-09 
 2.137962089502148e+13  1.107984347658805e-06 -7.442747264340407e-03 -2.064442463708920e-12  4.950428425591446e-12 -1.652036015406912e-07 -1.067984411994547e-09  2.844510440555402e-11 -4.438533347015915e-09 
 2.187761623949466e+13  1.058116838666553e-06 -7.273329660161337e-03 -1.895043575376728e-12  4.650622333778272e-12 -1.577685059035299e-07 -9.967033264242490e-10  2.716335830440965e-11 -4.337504082273286e-09 
 2.238721138568251e+13  1.010493737187843e-06 -7.107768470986424e-03 -1.739105812373416e-12  4.367846910667848e-12 -1.506680190822449e-07 -9.301797043243038e-10  2.593941460672906e-11 -4.238774205058402e-09 
 2.290867652767682e+13  9.650140282540605e-07 -6.945975914125466e-03 -1.595610265301817e-12  4.101243154645835e-12 -1.438870834511362e-07 -8.680960310884043e-10  2.477066375912540e-11 -4.142291400495380e-09 
 2.344228815319829e+13  9.215812433182613e-07 -6.787866205064068e-03 -1.463609423649297e-12  3.849985161050747e-12 -1.374113188913527e-07 -8.101559821543095e-10  2.365461414329251e-11 -4.048004542469564e-09 
 2.398832919019395e+13  8.801032556325723e-07 -6.633355511979770e-03 -1.342222799414121e-12  3.613279813854452e-12 -1.312269923154573e-07 -7.560830089403028e-10  2.258888674733930e-11 -3.955863666733595e-09 
 2.454708915684933e+13  8.404920848351057e-07 -6.482361911293471e-03 -1.230632752494273e-12  3.390366376476628e-12 -1.253209885620864e-07 -7.056190191351515e-10  2.157121007679441e-11 -3.865819944613050e-09 
 2.511886431509480e+13  8.026637103319097e-07 -6.334805344232642e-03 -1.128080515458128e-12  3.180515992652050e-12 -1.196807825991678e-07 -6.585231450468925e-10  2.059941529465253e-11 -3.777825657298825e-09 
 2.570395782768761e+13  7.665378930781109e-07 -6.190607574383264e-03 -1.033862414558177e-12  2.983031107899839e-12 -1.142944129769308e-07 -6.145705941356209e-10  1.967143158029350e-11 -3.691834170713779e-09 
 2.630267991895277e+13  7.320380053802195e-07 -6.049692146207989e-03 -9.473262831716456e-13  2.797244821708757e-12 -1.091504564745652e-07 -5.735515762472652e-10  1.878528169754352e-11 -3.607799910941286e-09 
 2.691534803926808e+13  6.990908683585882e-07 -5.911984344508542e-03 -8.678680632561512e-13  2.622520180066012e-12 -1.042380038869115e-07 -5.352703024310754e-10  1.793907776256936e-11 -3.525678340203689e-09 
 2.754228703338056e+13  6.676265967252620e-07 -5.777411154810857e-03 -7.949285898935199e-13  2.458249417430778e-12 -9.954663689996384e-08 -4.995440505648623e-10  1.713101720269881e-11 -3.445425933378780e-09 
 2.818382931264341e+13  6.375784505479752e-07 -5.645901224651978e-03 -7.279905535586878e-13  2.303853156699554e-12 -9.506640600626683e-08 -4.662022933306101e-10  1.635937889764728e-11 -3.367000155042755e-09 
 2.884031503126490e+13  6.088826936858555e-07 -5.517384825748116e-03 -6.665756343901155e-13  2.158779575138289e-12 -9.078780941347921e-08 -4.350858843804004e-10  1.562251949499976e-11 -3.290359437028183e-09 
 2.951209226666267e+13  5.814784585965773e-07 -5.391793817023925e-03 -6.102418024496350e-13  2.022503543675409e-12 -8.670177290147727e-08 -4.060462988101108e-10  1.491886989215280e-11 -3.215463156485923e-09 
 3.019951720401895e+13  5.553076172281879e-07 -5.269061608483288e-03 -5.585807777385954e-13  1.894525746367890e-12 -8.279963058536894e-08 -3.789449243173276e-10  1.424693187726020e-11 -3.142271614439987e-09 
 3.090295432513466e+13  5.303146577217561e-07 -5.149123125902509e-03 -5.112156435788860e-13  1.774371786276608e-12 -7.907310654370567e-08 -3.536523996616514e-10  1.360527492205231e-11 -3.070746014824614e-09 
 3.162277660168252e+13  5.064465666633132e-07 -5.031914776327182e-03 -4.677986068666749e-13  1.661591283422896e-12 -7.551429727300521e-08 -3.300479972711768e-10  1.299253311971080e-11 -3.000848443993083e-09 
 3.235936569296153e+13  4.836527166353314e-07 -4.917374414354455e-03 -4.280088986583182e-13  1.555756969950327e-12 -7.211565493144405e-08 -3.080190470494875e-10  1.240740226127996e-11 -2.932541850687921e-09 
 3.311311214825778e+13  4.618847588292116e-07 -4.805441309182776e-03 -3.915508085465601e-13  1.456463787088256e-12 -6.886997133624514e-08 -2.874603986340219e-10  1.184863704438224e-11 -2.865790026462388e-09 
 3.388441561391889e+13  4.410965204910084e-07 -4.696056112411698e-03 -3.581518463256665e-13  1.363327988009549e-12 -6.577036268088021e-08 -2.682739195400767e-10  1.131504840828043e-11 -2.800557586543378e-09 
 3.467368504525177e+13  4.212439069828526e-07 -4.589160826574625e-03 -3.275610245214194e-13  1.275986250196569e-12 -6.281025493972649e-08 -2.503680267958926e-10  1.080550098959204e-11 -2.736809951125982e-09 
 3.548133892335612e+13  4.022848082523370e-07 -4.484698774387856e-03 -2.995472554710804e-13  1.194094800478427e-12 -5.998336992927113e-08 -2.336572498340220e-10  1.031891069321356e-11 -2.674513327090246e-09 
 3.630780547700867e+13  3.841790095114716e-07 -4.382614568699597e-03 -2.738978567748981e-13  1.117328555479984e-12 -5.728371199634470e-08 -2.180618225532836e-10  9.854242373253672e-12 -2.613634690130764e-09 
 3.715352290971576e+13  3.668881059357443e-07 -4.282854083123002e-03 -2.504171591001251e-13  1.045380279829404e-12 -5.470555530519082e-08 -2.035073026047647e-10  9.410507619005670e-12 -2.554141767290018e-09 
 3.801893963205459e+13  3.503754212023586e-07 -4.185364423337708e-03 -2.289252104968116e-13  9.779597641065690e-13 -5.224343169644557e-08 -1.899242160852065e-10  8.986762641210855e-12 -2.496003019886495e-09 
 3.890451449942649e+13  3.346059296948510e-07 -4.090093899044601e-03 -2.092565715781315e-13  9.147930241788697e-13 -4.989211909231018e-08 -1.772477259423204e-10  8.582106254076500e-12 -2.439187626828846e-09 
 3.981071705534812e+13  3.195461822090781e-07 -3.996991996558983e-03 -1.912591961232782e-13  8.556215232633867e-13 -4.764663042335493e-08 -1.654173225097021e-10  8.195677948714706e-12 -2.383665468307491e-09 
 4.073802778040962e+13  3.051642350029831e-07 -3.906009352027590e-03 -1.747933918750027e-13  8.002014177743428e-13 -4.550220305349723e-08 -1.543765346945980e-10  7.826656053862853e-12 -2.329407109855300e-09 
 4.168693834703185e+13  2.914295820396481e-07 -3.817097725255253e-03 -1.597308565238786e-13  7.483028277609568e-13 -4.345428868074961e-08 -1.440726604403044e-10  7.474255979931757e-12 -2.276383786769097e-09 
 4.265795188015754e+13  2.783130902799120e-07 -3.730209974127350e-03 -1.459537840949531e-13  6.997091325122509e-13 -4.149854369234076e-08 -1.344565151769486e-10  7.137728542605502e-12 -2.224567388883976e-09 
 4.365158322401483e+13  2.657869378872981e-07 -3.645300029614464e-03 -1.333540371774256e-13  6.542162917007032e-13 -3.963081995377442e-08 -1.254821970602227e-10  6.816358362386693e-12 -2.173930445692512e-09 
 4.466835921509450e+13  2.538245552141787e-07 -3.562322871346001e-03 -1.218323806625243e-13  6.116321922544785e-13 -3.784715601230880e-08 -1.171068678777436e-10  6.509462336643471e-12 -2.124446111801185e-09 
 4.570881896148565e+13  2.424005684439976e-07 -3.481234503739819e-03 -1.112977728772058e-13  5.717760209869424e-13 -3.614376869621728e-08 -1.092905485774697e-10  6.216388180869874e-12 -2.076088152716455e-09 
 4.677351412871792e+13  2.314907457700129e-07 -3.401991932675227e-03 -1.016667102203333e-13  5.344776628707867e-13 -3.451704509202819e-08 -1.019959284423726e-10  5.936513036019732e-12 -2.028830930953110e-09 
 4.786300923226189e+13  2.210719459963916e-07 -3.324553142696942e-03 -9.286262162242958e-14  4.995771247209607e-13 -3.296353488274214e-08 -9.518818700067549e-11  5.669242138916139e-12 -1.982649392457647e-09 
 4.897788193684263e+13  2.111220694526378e-07 -3.248877074737974e-03 -8.481530935901270e-14  4.669239839442895e-13 -3.147994303078959e-08 -8.883482782174211e-11  5.414007552874279e-12 -1.937519053339625e-09 
 5.011872336272520e+13  2.016200111172347e-07 -3.174923604349577e-03 -7.746043295014425e-14  4.363768619227807e-13 -3.006312279022124e-08 -8.290552340441264e-11  5.170266955804987e-12 -1.893415986904075e-09 
 5.128613839913441e+13  1.925456158510693e-07 -3.102653520426760e-03 -7.073903307453389e-14  4.078029215208387e-13 -2.871006903332113e-08 -7.737197041751580e-11  4.937502483190256e-12 -1.850316810978169e-09 
 5.248074602497513e+13  1.838796356456853e-07 -3.032028504418061e-03 -6.459709261490840e-14  3.810773881426468e-13 -2.741791187749824e-08 -7.220775460168436e-11  4.715219623440261e-12 -1.808198675525573e-09 
 5.370317963702309e+13  1.756036887956809e-07 -2.963011110008555e-03 -5.898513213202903e-14  3.560830937136156e-13 -2.618391059894806e-08 -6.738822468770532e-11  4.502946163254429e-12 -1.767039250541947e-09 
 5.495408738576023e+13  1.677002209086517e-07 -2.895564743265344e-03 -5.385783723751149e-14  3.327100429178788e-13 -2.500544782018359e-08 -6.289037472966252e-11  4.300231180717111e-12 -1.726816714225316e-09 
 5.623413251903262e+13  1.601524676699736e-07 -2.829653643234979e-03 -4.917371550035265e-14  3.108550009912667e-13 -2.388002395911461e-08 -5.869273429128597e-11  4.106644083961419e-12 -1.687509741415063e-09 
 5.754399373371335e+13  1.529444192834482e-07 -2.765242862982548e-03 -4.489478067875437e-14  2.904211023449723e-13 -2.280525192790886e-08 -5.477526596139856e-11  3.921773693333325e-12 -1.649097492293515e-09 
 5.888436553555650e+13  1.460607865123815e-07 -2.702298251062362e-03 -4.098626221750070e-14  2.713174792783289e-13 -2.177885207039733e-08 -5.111926970932598e-11  3.745227365082001e-12 -1.611559601344180e-09 
 6.025595860743332e+13  1.394869682490654e-07 -2.640786433410414e-03 -3.741633809188006e-14  2.534589100288362e-13 -2.079864732729148e-08 -4.770729362377944e-11  3.576630154692291e-12 -1.574876166560833e-09 
 6.165950018614570e+13  1.332090205438737e-07 -2.580674795649024e-03 -3.415588921210008e-14  2.367654854030298e-13 -1.986255861896312e-08 -4.452305060918272e-11  3.415624018060731e-12 -1.539027738901800e-09 
 6.309573444801675e+13  1.272136270282775e-07 -2.521931465794274e-03 -3.117827372750255e-14  2.211622932322237e-13 -1.896860043599810e-08 -4.155134064184768e-11  3.261867048798458e-12 -1.503995311983875e-09 
 6.456542290346291e+13  1.214880706690447e-07 -2.464525297357069e-03 -2.845911968787445e-14  2.065791199019116e-13 -1.811487662817576e-08 -3.877797821493556e-11  3.115032750022402e-12 -1.469760312010466e-09 
 6.606934480075690e+13  1.160202067937091e-07 -2.408425852828867e-03 -2.597613463001017e-14  1.929501682120591e-13 -1.729957638294622e-08 -3.618972462590452e-11  2.974809339070660e-12 -1.436304587928652e-09 
 6.760829753919541e+13  1.107984373300936e-07 -2.353603387543318e-03 -2.370893076168054e-14  1.802137908371208e-13 -1.652097038487937e-08 -3.377422478325554e-11  2.840899083649194e-12 -1.403610401809990e-09 
 6.918309709189081e+13  1.058116862052463e-07 -2.300028833905255e-03 -2.163886451258103e-14  1.683122386688446e-13 -1.577740714794268e-08 -3.151994823095629e-11  2.713017667984830e-12 -1.371660419449987e-09 
 7.079457843841089e+13  1.010493758516054e-07 -2.247673785978678e-03 -1.974888931295966e-14  1.571914233413598e-13 -1.506730951283161e-08 -2.941613410905280e-11  2.590893587624413e-12 -1.340437701181287e-09 
 7.244359600749603e+13  9.650140477056257e-08 -2.196510484425561e-03 -1.802342054575455e-14  1.468006932562541e-13 -1.438917130192582e-08 -2.745273978776441e-11  2.474267571581845e-12 -1.309925692895750e-09 
 7.413102413008870e+13  9.215812610583055e-08 -2.146511801787484e-03 -1.644821169750213e-14  1.370926224449854e-13 -1.374155412477862e-08 -2.562039292988936e-11  2.362892030593727e-12 -1.280108217270647e-09 
 7.585775750291525e+13  8.801032718116899e-08 -2.097651228102306e-03 -1.501024080730413e-14  1.280228116267257e-13 -1.312308432736634e-08 -2.391034675271203e-11  2.256530530300794e-12 -1.250969465194385e-09 
 7.762471166286597e+13  8.404920995906404e-08 -2.049902856848240e-03 -1.369760638205610e-14  1.195497008413025e-13 -1.253245007862864e-08 -2.231443827587185e-11  2.154957288226027e-12 -1.222493987387213e-09 
 7.943282347242488e+13  8.026637237891207e-08 -2.003241371207869e-03 -1.249943201023147e-14  1.116343930590563e-13 -1.196839858812213e-08 -2.082504935590606e-11  2.057956693471681e-12 -1.194666686212489e-09 
 8.128305161640658e+13  7.665379053512365e-08 -1.957642030644851e-03 -1.140577896606061e-14  1.042404881919435e-13 -1.142973344888747e-08 -1.943507032147907e-11  1.965322848106544e-12 -1.167472807674198e-09 
 8.317637711026367e+13  7.320380165734458e-08 -1.913080657786154e-03 -1.040756615121658e-14  9.733392695289514e-14 -1.091531209989535e-08 -1.813786603572284e-11  1.876859129261358e-12 -1.140897933596465e-09 
 8.511380382023414e+13  6.990908785669339e-08 -1.869533625602902e-03 -9.496496772380685e-15  9.088284403313552e-14 -1.042404340269075e-08 -1.692724422369822e-11  1.792377770995088e-12 -1.114927973980970e-09 
 8.709635899560447e+13  6.676266060353869e-08 -1.826977844883015e-03 -8.664991200562520e-15  8.485743008972389e-14 -9.954885327096371e-09 -1.579742591379787e-11  1.711699465037254e-12 -1.089549159538191e-09 
 8.912509381337088e+13  6.375784590389116e-08 -1.785390751989006e-03 -7.906125502033106e-15  7.922980205789294e-14 -9.506842741067744e-09 -1.474301785200077e-11  1.634652979552170e-12 -1.064748034388556e-09 
 9.120108393558720e+13  6.088827014296830e-08 -1.744750296894445e-03 -7.213575171426887e-15  7.397388132472191e-14 -9.078965300013225e-09 -1.375898675730562e-11  1.561074795109784e-12 -1.040511448929623e-09 
 9.332543007969525e+13  5.814784656590339e-08 -1.705034931492749e-03 -6.581563635196604e-15  6.906527932220417e-14 -8.670345431102808e-09 -1.284063529545756e-11  1.490808757084754e-12 -1.016826552865533e-09 
 9.549925860213964e+13  5.553076236692259e-08 -1.666223598172090e-03 -6.004815128374800e-15  6.448119011879943e-14 -8.280116408291319e-09 -1.198357965628447e-11  1.423705743740805e-12 -9.936807883950387e-10 
 9.772372209557702e+13  5.303146635960533e-08 -1.628295718650377e-03 -5.478511579702101e-15  6.020028960902453e-14 -7.907450513973746e-09 -1.118372862761346e-11  1.359623349291094e-12 -9.710618835545223e-10 
 9.999999999999584e+13  5.064465720207373e-08 -1.591231183064379e-03 -4.998253169812863e-15  5.620264092050185e-14 -7.551557283374045e-09 -1.043726406588067e-11  1.298425581257453e-12 -9.489578457124530e-10 
