frequency_Hz,Zout_real_ohm,Zout_imag_ohm,E_real,E_imag,X_real,X_imag,VIN_current_real_A,VIN_current_imag_A
1,49.999984939671,-1.57111269017742e-08,1.505781150527e-05,-4.84474915644777e-15,0.175743522716011,-5.65242156827561e-11,7.10417681506107e-26,2.20881081429103e-16
1.02329299228075,49.999984939671,-1.60770860594192e-08,1.505781150527e-05,-4.9575978611511e-15,0.175743522716011,-5.78408338023303e-11,7.43898635345176e-26,2.26026062753795e-16
1.0471285480509,49.999984939671,-1.64515695008982e-08,1.505781150527e-05,-5.07307514986198e-15,0.175743522716011,-5.91881198976003e-11,7.7895749792604e-26,2.31290886088769e-16
1.07151930523761,49.999984939671,-1.68347757822889e-08,1.505781150527e-05,-5.1912422501674e-15,0.175743522716011,-6.05667883174875e-11,8.15668633796656e-26,2.36678342913043e-16
1.09647819614319,49.999984939671,-1.7226908084634e-08,1.505781150527e-05,-5.31216181582807e-15,0.175743522716011,-6.19775700502367e-11,8.54109912198153e-26,2.42191289727538e-16
1.12201845430196,49.999984939671,-1.76281743216707e-08,1.505781150527e-05,-5.43589795999827e-15,0.175743522716011,-6.34212131109968e-11,8.94362872235933e-26,2.47832649569628e-16
1.14815362149688,49.999984939671,-1.80387872500691e-08,1.505781150527e-05,-5.56251628921948e-15,0.175743522716011,-6.48984829384273e-11,9.36512895835045e-26,2.53605413562972e-16
1.17489755493953,49.999984939671,-1.84589645822392e-08,1.505781150527e-05,-5.69208393820584e-15,0.175743522716011,-6.64101628005448e-11,9.80649388846694e-26,2.59512642503452e-16
1.20226443461741,49.999984939671,-1.8888929101764e-08,1.505781150527e-05,-5.82466960543987e-15,0.175743522716011,-6.79570542100215e-11,1.02686597069004e-25,2.65557468482043e-16
1.23026877081238,49.999984939671,-1.93289087815231e-08,1.505781150527e-05,-5.96034358959732e-15,0.175743522716011,-6.95399773491583e-11,1.07526067293154e-25,2.71743096545492e-16
1.25892541179417,49.999984939671,-1.97791369045665e-08,1.505781150527e-05,-6.09917782682046e-15,0.175743522716011,-7.11597715047561e-11,1.12593614722304e-25,2.78072806395674e-16
1.28824955169313,49.999984939671,-2.02398521878045e-08,1.505781150527e-05,-6.24124592885953e-15,0.175743522716011,-7.28172955131166e-11,1.17899988303968e-25,2.84549954128536e-16
1.31825673855641,49.999984939671,-2.07112989085787e-08,1.505781150527e-05,-6.38662322210274e-15,0.175743522716011,-7.4513428215409e-11,1.23456443567952e-25,2.91177974013541e-16
1.34896288259165,49.999984939671,-2.11937270341806e-08,1.505781150527e-05,-6.53538678751527e-15,0.175743522716011,-7.6249068923643e-11,1.29274766500838e-25,2.97960380314564e-16
1.38038426460288,49.999984939671,-2.16873923543882e-08,1.505781150527e-05,-6.68761550150861e-15,0.175743522716011,-7.80251378974962e-11,1.35367298545641e-25,3.04900769153202e-16
1.41253754462275,49.999984939671,-2.21925566170886e-08,1.505781150527e-05,-6.8433900777619e-15,0.175743522716011,-7.98425768322473e-11,1.4174696277967e-25,3.12002820415483e-16
1.44543977074593,49.999984939671,-2.27094876670606e-08,1.505781150527e-05,-7.00279311001739e-15,0.175743522716011,-8.17023493580763e-11,1.484272913261e-25,3.19270299702995e-16
1.47910838816821,49.999984939671,-2.32384595879894e-08,1.505781150527e-05,-7.16590911587275e-15,0.175743522716011,-8.36054415509935e-11,1.55422454057428e-25,3.2670706032945e-16
1.51356124843621,49.999984939671,-2.3779752847789e-08,1.505781150527e-05,-7.33282458159336e-15,0.175743522716011,-8.55528624556698e-11,1.62747288651662e-25,3.34317045363772e-16
1.54881661891248,49.999984939671,-2.43336544473108e-08,1.505781150527e-05,-7.50362800796853e-15,0.175743522716011,-8.75456446204462e-11,1.70417332065035e-25,3.42104289720755e-16
1.58489319246111,49.999984939671,-2.49004580725146e-08,1.505781150527e-05,-7.6784099572358e-15,0.175743522716011,-8.95848446448039e-11,1.78448853487968e-25,3.50072922300433e-16
1.62181009735893,49.999984939671,-2.54804642501849e-08,1.505781150527e-05,-7.85726310109815e-15,0.175743522716011,-9.16715437395878e-11,1.86858888854204e-25,3.58227168177279e-16
1.65958690743756,49.999984939671,-2.60739805072745e-08,1.505781150527e-05,-8.04028226985989e-15,0.175743522716011,-9.38068483002789e-11,1.95665276976307e-25,3.66571350840388e-16
1.69824365246174,49.999984939671,-2.6681321533959e-08,1.505781150527e-05,-8.22756450270682e-15,0.175743522716011,-9.59918904936191e-11,2.04886697384177e-25,3.75109894485859e-16
1.73780082874937,49.999984939671,-2.73028093504898e-08,1.505781150527e-05,-8.41920909915777e-15,0.175743522716011,-9.8227828857902e-11,2.14542709946838e-25,3.83847326362553e-16
1.77827941003892,49.999984939671,-2.79387734779336e-08,1.505781150527e-05,-8.61531767171451e-15,0.175743522716011,-1.00515848917244e-10,2.24653796361538e-25,3.92788279172504e-16
1.81970085860998,49.999984939671,-2.85895511128889e-08,1.505781150527e-05,-8.815994199738e-15,0.175743522716011,-1.02857163810167e-10,2.35241403598179e-25,4.01937493527239e-16
1.86208713666287,49.999984939671,-2.92554873062716e-08,1.505781150527e-05,-9.02134508457967e-15,0.175743522716011,-1.05253014932818e-10,2.46327989391217e-25,4.11299820461315e-16
1.90546071796325,49.999984939671,-2.99369351462663e-08,1.505781150527e-05,-9.23147920599681e-15,0.175743522716011,-1.07704672597174e-10,2.57937069875522e-25,4.20880224004396e-16
1.94984459975804,49.999984939671,-3.06342559455377e-08,1.505781150527e-05,-9.44650797988203e-15,0.175743522716011,-1.10213436704581e-10,2.70093269467259e-25,4.30683783813252e-16
1.99526231496888,49.999984939671,-3.13478194328038e-08,1.505781150527e-05,-9.6665454173375e-15,0.175743522716011,-1.12780637434976e-10,2.82822373095571e-25,4.4071569786506e-16
2.04173794466953,49.999984939671,-3.20780039488706e-08,1.505781150527e-05,-9.8917081851251e-15,0.175743522716011,-1.15407635952168e-10,2.96151380895875e-25,4.50981285213438e-16
2.08929613085404,49.999984939671,-3.28251966472336e-08,1.505781150527e-05,-1.01221156675247e-14,0.175743522716011,-1.18095825125542e-10,3.10108565480767e-25,4.6148598880868e-16
2.13796208950223,49.999984939671,-3.35897936993518e-08,1.505781150527e-05,-1.03578900296332e-14,0.175743522716011,-1.2084663026858e-10,3.24723531910023e-25,4.72235378383676e-16
2.18776162394955,49.999984939671,-3.4372200504703e-08,1.505781150527e-05,-1.05991562821384e-14,0.175743522716011,-1.23661509894581e-10,3.40027280486902e-25,4.83235153407066e-16
2.23872113856834,49.999984939671,-3.51728319057316e-08,1.505781150527e-05,-1.08460423476008e-14,0.175743522716011,-1.26541956489982e-10,3.56052272513946e-25,4.94491146105166e-16
2.29086765276777,49.999984939671,-3.5992112407804e-08,1.505781150527e-05,-1.10986791282801e-14,0.175743522716011,-1.29489497305695e-10,3.72832499147751e-25,5.06009324554295e-16
2.34422881531992,49.999984939671,-3.6830476404287e-08,1.505781150527e-05,-1.13572005755417e-14,0.175743522716011,-1.32505695166875e-10,3.90403553498773e-25,5.17795795845128e-16
2.39883291901949,49.999984939671,-3.76883684068686e-08,1.505781150527e-05,-1.16217437608788e-14,0.175743522716011,-1.35592149301553e-10,4.08802706129082e-25,5.29856809320755e-16
2.45470891568503,49.999984939671,-3.8566243281244e-08,1.505781150527e-05,-1.18924489485899e-14,0.175743522716011,-1.38750496188565e-10,4.28068984108224e-25,5.42198759890169e-16
2.51188643150958,49.999984939671,-3.94645664882917e-08,1.505781150527e-05,-1.21694596701486e-14,0.175743522716011,-1.41982410425236e-10,4.48243253794868e-25,5.54828191418925e-16
2.57039578276886,49.999984939671,-4.03838143308668e-08,1.505781150527e-05,-1.24529228003064e-14,0.175743522716011,-1.45289605615274e-10,4.69368307519831e-25,5.67751800198791e-16
2.63026799189538,49.999984939671,-4.1324474206343e-08,1.505781150527e-05,-1.27429886349667e-14,0.175743522716011,-1.48673835277344e-10,4.91488954354348e-25,5.80976438498205e-16
2.69153480392691,49.999984939671,-4.22870448650376e-08,1.505781150527e-05,-1.30398109708747e-14,0.175743522716011,-1.52136893774809e-10,5.14652115156124e-25,5.94509118195444e-16
2.75422870333816,49.999984939671,-4.32720366746549e-08,1.505781150527e-05,-1.33435471871618e-14,0.175743522716011,-1.55680617267124e-10,5.38906922094756e-25,6.08357014496408e-16
2.81838293126445,49.999984939671,-4.42799718908901e-08,1.505781150527e-05,-1.36543583287903e-14,0.175743522716011,-1.5930688468339e-10,5.64304822867661e-25,6.22527469739016e-16
2.8840315031266,49.999984939671,-4.53113849343366e-08,1.505781150527e-05,-1.39724091919414e-14,0.175743522716011,-1.63017618718591e-10,5.90899689827534e-25,6.37027997286204e-16
2.95120922666638,49.999984939671,-4.63668226738424e-08,1.505781150527e-05,-1.42978684113928e-14,0.175743522716011,-1.6681478685303e-10,6.18747934252833e-25,6.51866285509616e-16
3.01995172040201,49.999984939671,-4.74468447164673e-08,1.505781150527e-05,-1.46309085499306e-14,0.175743522716011,-1.70700402395514e-10,6.47908626003662e-25,6.67050201866075e-16
3.09029543251359,49.999984939671,-4.85520237041941e-08,1.505781150527e-05,-1.49717061898446e-14,0.175743522716011,-1.74676525550834e-10,6.78443618816868e-25,6.82587797069017e-16
3.16227766016837,49.999984939671,-4.96829456175509e-08,1.505781150527e-05,-1.53204420265544e-14,0.175743522716011,-1.78745264512119e-10,7.10417681506105e-25,6.98487309357083e-16
3.23593656929628,49.999984939671,-5.08402100863056e-08,1.505781150527e-05,-1.56773009644166e-14,0.175743522716011,-1.82908776578621e-10,7.43898635345174e-25,7.14757168862142e-16
3.3113112148259,49.999984939671,-5.20244307073979e-08,1.505781150527e-05,-1.60424722147639e-14,0.175743522716011,-1.87169269299549e-10,7.78957497926037e-25,7.31406002079061e-16
3.38844156139202,49.999984939671,-5.32362353702759e-08,1.505781150527e-05,-1.64161493962266e-14,0.175743522716011,-1.91529001644537e-10,8.15668633796653e-25,7.48442636439586e-16
3.46736850452531,49.999984939671,-5.44762665898121e-08,1.505781150527e-05,-1.67985306373926e-14,0.175743522716011,-1.95990285201384e-10,8.5410991219815e-25,7.65876104992761e-16
3.54813389233575,49.999984939671,-5.57451818469729e-08,1.505781150527e-05,-1.71898186818574e-14,0.175743522716011,-2.00555485401683e-10,8.94362872235931e-25,7.83715651194371e-16
3.63078054770101,49.999984939671,-5.70436539374237e-08,1.505781150527e-05,-1.75902209957214e-14,0.175743522716011,-2.05227022775007e-10,9.36512895835042e-25,8.01970733807948e-16
3.71535229097172,49.999984939671,-5.83723713282541e-08,1.505781150527e-05,-1.79999498775915e-14,0.175743522716011,-2.10007374232308e-10,9.80649388846691e-25,8.20651031919927e-16
3.8018939632056,49.999984939671,-5.97320385230125e-08,1.505781150527e-05,-1.84192225711442e-14,0.175743522716011,-2.14899074379202e-10,1.02686597069004e-24,8.39766450071631e-16
3.8904514499428,49.999984939671,-6.11233764352427e-08,1.505781150527e-05,-1.88482613803114e-14,0.175743522716011,-2.19904716859858e-10,1.07526067293154e-24,8.59327123510786e-16
3.98107170553497,49.999984939671,-6.25471227707224e-08,1.505781150527e-05,-1.92872937871486e-14,0.175743522716011,-2.25026955732176e-10,1.12593614722303e-24,8.79343423565365e-16
4.07380277804112,49.999984939671,-6.40040324186043e-08,1.505781150527e-05,-1.97365525724493e-14,0.175743522716011,-2.30268506875007e-10,1.17899988303968e-24,8.99825963142605e-16
4.16869383470335,49.999984939671,-6.54948778516679e-08,1.505781150527e-05,-2.01962759391681e-14,0.175743522716011,-2.35632149428148e-10,1.23456443567952e-24,9.20785602356108e-16
4.26579518801592,49.999984939671,-6.70204495358958e-08,1.505781150527e-05,-2.06667076387191e-14,0.175743522716011,-2.41120727265875e-10,1.29274766500837e-24,9.42233454284018e-16
4.36515832240165,49.999984939671,-6.85815563495881e-08,1.505781150527e-05,-2.11480971002164e-14,0.175743522716011,-2.46737150504809e-10,1.35367298545641e-24,9.64180890861324e-16
4.46683592150962,49.999984939671,-7.01790260122411e-08,1.505781150527e-05,-2.16406995627244e-14,0.175743522716011,-2.52484397046893e-10,1.41746962779669e-24,9.86639548909407e-16
4.57088189614874,49.999984939671,-7.18137055234151e-08,1.505781150527e-05,-2.2144776210589e-14,0.175743522716011,-2.58365514158317e-10,1.484272913261e-24,1.00962133630604e-15
4.67735141287197,49.999984939671,-7.34864616118243e-08,1.505781150527e-05,-2.26605943119213e-14,0.175743522716011,-2.64383620085219e-10,1.55422454057427e-24,1.0331384382991e-15
4.78630092322637,49.999984939671,-7.51981811948885e-08,1.505781150527e-05,-2.31884273603062e-14,0.175743522716011,-2.70541905707022e-10,1.62747288651661e-24,1.05720332396735e-15
4.89778819368445,49.999984939671,-7.69497718489878e-08,1.505781150527e-05,-2.37285552198126e-14,0.175743522716011,-2.76843636228277e-10,1.70417332065035e-24,1.08182875283171e-15
5.01187233627271,49.999984939671,-7.87421622906721e-08,1.505781150527e-05,-2.42812642733811e-14,0.175743522716011,-2.83292152909918e-10,1.78448853487968e-24,1.10702778162052e-15
5.12861383991364,49.999984939671,-8.05763028690786e-08,1.505781150527e-05,-2.4846847574668e-14,0.175743522716011,-2.89890874840847e-10,1.86858888854203e-24,1.13281377119239e-15
5.24807460249771,49.999984939671,-8.24531660698197e-08,1.505781150527e-05,-2.54256050034258e-14,0.175743522716011,-2.96643300750775e-10,1.95665276976306e-24,1.1592003936203e-15
5.37031796370252,49.999984939671,-8.43737470306078e-08,1.505781150527e-05,-2.60178434245041e-14,0.175743522716011,-3.03553010865301e-10,2.04886697384177e-24,1.18620163944075e-15
5.49540873857623,49.999984939671,-8.633906406889e-08,1.505781150527e-05,-2.66238768505529e-14,0.175743522716011,-3.10623668804186e-10,2.14542709946837e-24,1.21383182507166e-15
5.62341325190348,49.999984939671,-8.83501592217742e-08,1.505781150527e-05,-2.72440266085166e-14,0.175743522716011,-3.17859023523861e-10,2.24653796361537e-24,1.24210560040319e-15
5.75439937337156,49.999984939671,-9.04080987985304e-08,1.505781150527e-05,-2.78786215100055e-14,0.175743522716011,-3.25262911305171e-10,2.35241403598178e-24,1.27103795656526e-15
5.88843655355588,49.999984939671,-9.25139739459622e-08,1.505781150527e-05,-2.85279980256361e-14,0.175743522716011,-3.32839257787418e-10,2.46327989391216e-24,1.30064423387608e-15
6.02559586074356,49.999984939671,-9.46689012269474e-08,1.505781150527e-05,-2.91925004634326e-14,0.175743522716011,-3.40592080049792e-10,2.57937069875522e-24,1.33094012997576e-15
6.16595001861481,49.999984939671,-9.68740232124541e-08,1.505781150527e-05,-2.98724811513832e-14,0.175743522716011,-3.48525488741278e-10,2.70093269467258e-24,1.36194170814943e-15
6.30957344480192,49.999984939671,-9.91305090873474e-08,1.505781150527e-05,-3.05683006242494e-14,0.175743522716011,-3.56643690260174e-10,2.8282237309557e-24,1.3936654058442e-15
6.45654229034654,49.999984939671,-1.01439555270306e-07,1.505781150527e-05,-3.12803278147258e-14,0.175743522716011,-3.64950988984384e-10,2.96151380895875e-24,1.42612804338448e-15
6.60693448007594,49.999984939671,-1.03802386048181e-07,1.505781150527e-05,-3.20089402490536e-14,0.175743522716011,-3.73451789553651e-10,3.10108565480766e-24,1.4593468328904e-15
6.7608297539198,49.999984939671,-1.06220254225125e-07,1.505781150527e-05,-3.275452424719e-14,0.175743522716011,-3.82150599204958e-10,3.24723531910022e-24,1.49333938740386e-15
6.91830970918935,49.999984939671,-1.0869444178685e-07,1.505781150527e-05,-3.35174751276395e-14,0.175743522716011,-3.91052030162324e-10,3.40027280486901e-24,1.5281237302272e-15
7.07945784384136,49.999984939671,-1.11226260580352e-07,1.505781150527e-05,-3.4298197417058e-14,0.175743522716011,-4.00160802082269e-10,3.56052272513945e-24,1.56371830447942e-15
7.24435960074988,49.999984939671,-1.13817053009468e-07,1.505781150527e-05,-3.50971050647373e-14,0.175743522716011,-4.09481744556231e-10,3.7283249914775e-24,1.60014198287494e-15
7.41310241300916,49.999984939671,-1.16468192746635e-07,1.505781150527e-05,-3.59146216620871e-14,0.175743522716011,-4.19019799671289e-10,3.90403553498772e-24,1.63741407773015e-15
7.58577575029182,49.999984939671,-1.19181085461236e-07,1.505781150527e-05,-3.67511806672283e-14,0.175743522716011,-4.28780024630516e-10,4.08802706129081e-24,1.67555435120312e-15
7.7624711662869,49.999984939671,-1.21957169564897e-07,1.505781150527e-05,-3.76072256348186e-14,0.175743522716011,-4.38767594434376e-10,4.28068984108223e-24,1.71458302577168e-15
7.94328234724279,49.999984939671,-1.24797916974154e-07,1.505781150527e-05,-3.8483210451231e-14,0.175743522716011,-4.48987804624581e-10,4.48243253794867e-24,1.75452079495569e-15
8.12830516164097,49.999984939671,-1.27704833890887e-07,1.505781150527e-05,-3.93795995752102e-14,0.175743522716011,-4.59446074091854e-10,4.6936830751983e-24,1.79538883428902e-15
8.31763771102669,49.999984939671,-1.30679461600923e-07,1.505781150527e-05,-4.02968682841347e-14,0.175743522716011,-4.70147947949099e-10,4.91488954354347e-24,1.83720881254706e-15
8.51138038202374,49.999984939671,-1.33723377291246e-07,1.505781150527e-05,-4.12355029260157e-14,0.175743522716011,-4.81099100471489e-10,5.14652115156123e-24,1.88000290323585e-15
8.70963589956078,49.999984939671,-1.36838194886248e-07,1.505781150527e-05,-4.21960011773644e-14,0.175743522716011,-4.9230533810505e-10,5.38906922094755e-24,1.92379379634872e-15
8.91250938133743,49.999984939671,-1.40025565903445e-07,1.505781150527e-05,-4.31788723070674e-14,0.175743522716011,-5.03772602545304e-10,5.6430482286766e-24,1.96860471039683e-15
9.12010839355907,49.999984939671,-1.43287180329142e-07,1.505781150527e-05,-4.41846374464076e-14,0.175743522716011,-5.15506973887648e-10,5.90899689827533e-24,2.01445940471996e-15
9.33254300796988,49.999984939671,-1.4662476751448e-07,1.505781150527e-05,-4.52138298653747e-14,0.175743522716011,-5.27514673851087e-10,6.18747934252831e-24,2.061382192084e-15
9.54992586021433,49.999984939671,-1.50040097092362e-07,1.505781150527e-05,-4.62669952554122e-14,0.175743522716011,-5.39802069077085e-10,6.4790862600366e-24,2.1093979515719e-15
9.77237220955808,49.999984939671,-1.53534979915738e-07,1.505781150527e-05,-4.73446920187502e-14,0.175743522716011,-5.52375674505233e-10,6.78443618816866e-24,2.1585321417749e-15
9.99999999999997,49.999984939671,-1.57111269017741e-07,1.505781150527e-05,-4.84474915644776e-14,0.175743522716011,-5.6524215682756e-10,7.10417681506103e-24,2.20881081429102e-15
10.2329299228075,49.999984939671,-1.60770860594191e-07,1.505781150527e-05,-4.95759786115109e-14,0.175743522716011,-5.78408338023301e-10,7.43898635345172e-24,2.26026062753795e-15
10.471285480509,49.999984939671,-1.64515695008982e-07,1.505781150527e-05,-5.07307514986196e-14,0.175743522716011,-5.91881198976001e-10,7.78957497926035e-24,2.31290886088768e-15
10.715193052376,49.999984939671,-1.68347757822889e-07,1.505781150527e-05,-5.19124225016738e-14,0.175743522716011,-6.05667883174873e-10,8.15668633796651e-24,2.36678342913043e-15
10.9647819614318,49.999984939671,-1.7226908084634e-07,1.505781150527e-05,-5.31216181582806e-14,0.175743522716011,-6.19775700502366e-10,8.54109912198148e-24,2.42191289727538e-15
11.2201845430196,49.999984939671,-1.76281743216706e-07,1.505781150527e-05,-5.43589795999826e-14,0.175743522716011,-6.34212131109966e-10,8.94362872235928e-24,2.47832649569627e-15
11.4815362149688,49.999984939671,-1.80387872500691e-07,1.505781150527e-05,-5.56251628921946e-14,0.175743522716011,-6.48984829384271e-10,9.36512895835039e-24,2.53605413562971e-15
11.7489755493953,49.999984939671,-1.84589645822391e-07,1.505781150527e-05,-5.69208393820582e-14,0.175743522716011,-6.64101628005446e-10,9.80649388846688e-24,2.59512642503451e-15
12.0226443461741,49.999984939671,-1.88889291017639e-07,1.505781150527e-05,-5.82466960543985e-14,0.175743522716011,-6.79570542100213e-10,1.02686597069003e-23,2.65557468482042e-15
12.3026877081238,49.999984939671,-1.9328908781523e-07,1.505781150527e-05,-5.96034358959731e-14,0.175743522716011,-6.95399773491581e-10,1.07526067293153e-23,2.71743096545491e-15
12.5892541179416,49.999984939671,-1.97791369045664e-07,1.505781150527e-05,-6.09917782682044e-14,0.175743522716011,-7.11597715047559e-10,1.12593614722303e-23,2.78072806395673e-15
12.8824955169313,49.999984939671,-2.02398521878045e-07,1.505781150527e-05,-6.24124592885951e-14,0.175743522716011,-7.28172955131164e-10,1.17899988303967e-23,2.84549954128535e-15
13.182567385564,49.999984939671,-2.07112989085786e-07,1.505781150527e-05,-6.38662322210272e-14,0.175743522716011,-7.45134282154088e-10,1.23456443567951e-23,2.9117797401354e-15
13.4896288259165,49.999984939671,-2.11937270341805e-07,1.505781150527e-05,-6.53538678751525e-14,0.175743522716011,-7.62490689236428e-10,1.29274766500837e-23,2.97960380314563e-15
13.8038426460288,49.999984939671,-2.16873923543881e-07,1.505781150527e-05,-6.68761550150858e-14,0.175743522716011,-7.80251378974959e-10,1.3536729854564e-23,3.04900769153201e-15
14.1253754462275,49.999984939671,-2.21925566170885e-07,1.505781150527e-05,-6.84339007776187e-14,0.175743522716011,-7.9842576832247e-10,1.41746962779669e-23,3.12002820415482e-15
14.4543977074592,49.999984939671,-2.27094876670606e-07,1.505781150527e-05,-7.00279311001737e-14,0.175743522716011,-8.17023493580761e-10,1.484272913261e-23,3.19270299702993e-15
14.791083881682,49.999984939671,-2.32384595879893e-07,1.505781150527e-05,-7.16590911587272e-14,0.175743522716011,-8.36054415509932e-10,1.55422454057427e-23,3.26707060329449e-15
15.135612484362,49.999984939671,-2.3779752847789e-07,1.505781150527e-05,-7.33282458159333e-14,0.175743522716011,-8.55528624556696e-10,1.62747288651661e-23,3.34317045363771e-15
15.4881661891248,49.999984939671,-2.43336544473107e-07,1.505781150527e-05,-7.50362800796851e-14,0.175743522716011,-8.75456446204459e-10,1.70417332065034e-23,3.42104289720754e-15
15.8489319246111,49.999984939671,-2.49004580725145e-07,1.505781150527e-05,-7.67840995723577e-14,0.175743522716011,-8.95848446448036e-10,1.78448853487967e-23,3.50072922300432e-15
16.2181009735892,49.999984939671,-2.54804642501848e-07,1.505781150527e-05,-7.85726310109813e-14,0.175743522716011,-9.16715437395875e-10,1.86858888854203e-23,3.58227168177277e-15
16.5958690743755,49.999984939671,-2.60739805072744e-07,1.505781150527e-05,-8.04028226985986e-14,0.175743522716011,-9.38068483002785e-10,1.95665276976306e-23,3.66571350840387e-15
16.9824365246174,49.999984939671,-2.66813215339589e-07,1.505781150527e-05,-8.22756450270679e-14,0.175743522716011,-9.59918904936188e-10,2.04886697384176e-23,3.75109894485858e-15
17.3780082874937,49.999984939671,-2.73028093504897e-07,1.505781150527e-05,-8.41920909915774e-14,0.175743522716011,-9.82278288579016e-10,2.14542709946836e-23,3.83847326362551e-15
17.7827941003892,49.999984939671,-2.79387734779335e-07,1.505781150527e-05,-8.61531767171448e-14,0.175743522716011,-1.00515848917244e-09,2.24653796361536e-23,3.92788279172502e-15
18.1970085860998,49.999984939671,-2.85895511128888e-07,1.505781150527e-05,-8.81599419973797e-14,0.175743522716011,-1.02857163810167e-09,2.35241403598178e-23,4.01937493527238e-15
18.6208713666286,49.999984939671,-2.92554873062715e-07,1.505781150527e-05,-9.02134508457964e-14,0.175743522716011,-1.05253014932817e-09,2.46327989391215e-23,4.11299820461314e-15
19.0546071796324,49.999984939671,-2.99369351462662e-07,1.505781150527e-05,-9.23147920599677e-14,0.175743522716011,-1.07704672597174e-09,2.57937069875521e-23,4.20880224004395e-15
19.4984459975804,49.999984939671,-3.06342559455376e-07,1.505781150527e-05,-9.446507979882e-14,0.175743522716011,-1.10213436704581e-09,2.70093269467258e-23,4.30683783813251e-15
19.9526231496887,49.999984939671,-3.13478194328037e-07,1.505781150527e-05,-9.66654541733747e-14,0.175743522716011,-1.12780637434976e-09,2.8282237309557e-23,4.40715697865059e-15
20.4173794466952,49.999984939671,-3.20780039488705e-07,1.505781150527e-05,-9.89170818512508e-14,0.175743522716011,-1.15407635952167e-09,2.96151380895874e-23,4.50981285213437e-15
20.8929613085403,49.999984939671,-3.28251966472335e-07,1.505781150527e-05,-1.01221156675247e-13,0.175743522716011,-1.18095825125541e-09,3.10108565480765e-23,4.61485988808678e-15
21.3796208950222,49.999984939671,-3.35897936993518e-07,1.505781150527e-05,-1.03578900296332e-13,0.175743522716011,-1.2084663026858e-09,3.24723531910021e-23,4.72235378383675e-15
21.8776162394954,49.999984939671,-3.43722005047029e-07,1.505781150527e-05,-1.05991562821384e-13,0.175743522716011,-1.23661509894581e-09,3.400272804869e-23,4.83235153407065e-15
22.3872113856833,49.999984939671,-3.51728319057315e-07,1.505781150527e-05,-1.08460423476007e-13,0.175743522716011,-1.26541956489982e-09,3.56052272513944e-23,4.94491146105165e-15
22.9086765276776,49.999984939671,-3.59921124078039e-07,1.505781150527e-05,-1.10986791282801e-13,0.175743522716011,-1.29489497305694e-09,3.72832499147749e-23,5.06009324554294e-15
23.4422881531991,49.999984939671,-3.68304764042869e-07,1.505781150527e-05,-1.13572005755417e-13,0.175743522716011,-1.32505695166875e-09,3.9040355349877e-23,5.17795795845126e-15
23.9883291901948,49.999984939671,-3.76883684068685e-07,1.505781150527e-05,-1.16217437608788e-13,0.175743522716011,-1.35592149301553e-09,4.08802706129079e-23,5.29856809320754e-15
24.5470891568502,49.999984939671,-3.85662432812439e-07,1.505781150527e-05,-1.18924489485898e-13,0.175743522716011,-1.38750496188565e-09,4.28068984108221e-23,5.42198759890167e-15
25.1188643150957,49.999984939671,-3.94645664882916e-07,1.505781150527e-05,-1.21694596701486e-13,0.175743522716011,-1.41982410425236e-09,4.48243253794865e-23,5.54828191418923e-15
25.7039578276885,49.999984939671,-4.03838143308667e-07,1.505781150527e-05,-1.24529228003063e-13,0.175743522716011,-1.45289605615273e-09,4.69368307519828e-23,5.67751800198789e-15
26.3026799189537,49.999984939671,-4.13244742063429e-07,1.505781150527e-05,-1.27429886349667e-13,0.175743522716011,-1.48673835277344e-09,4.91488954354346e-23,5.80976438498204e-15
26.915348039269,49.999984939671,-4.22870448650375e-07,1.505781150527e-05,-1.30398109708747e-13,0.175743522716011,-1.52136893774809e-09,5.14652115156121e-23,5.94509118195442e-15
27.5422870333815,49.999984939671,-4.32720366746547e-07,1.505781150527e-05,-1.33435471871618e-13,0.175743522716011,-1.55680617267124e-09,5.38906922094753e-23,6.08357014496407e-15
28.1838293126444,49.999984939671,-4.427997189089e-07,1.505781150527e-05,-1.36543583287902e-13,0.175743522716011,-1.5930688468339e-09,5.64304822867658e-23,6.22527469739014e-15
28.8403150312659,49.999984939671,-4.53113849343365e-07,1.505781150527e-05,-1.39724091919414e-13,0.175743522716011,-1.63017618718591e-09,5.90899689827531e-23,6.37027997286202e-15
29.5120922666637,49.999984939671,-4.63668226738423e-07,1.505781150527e-05,-1.42978684113928e-13,0.175743522716011,-1.6681478685303e-09,6.18747934252829e-23,6.51866285509614e-15
30.19951720402,49.999984939671,-4.74468447164671e-07,1.505781150527e-05,-1.46309085499306e-13,0.175743522716011,-1.70700402395513e-09,6.47908626003658e-23,6.67050201866073e-15
30.9029543251358,49.999984939671,-4.85520237041939e-07,1.505781150527e-05,-1.49717061898446e-13,0.175743522716011,-1.74676525550833e-09,6.78443618816864e-23,6.82587797069015e-15
31.6227766016837,49.999984939671,-4.96829456175507e-07,1.505781150527e-05,-1.53204420265543e-13,0.175743522716011,-1.78745264512118e-09,7.10417681506101e-23,6.98487309357081e-15
32.3593656929627,49.999984939671,-5.08402100863055e-07,1.505781150527e-05,-1.56773009644166e-13,0.175743522716011,-1.8290877657862e-09,7.43898635345169e-23,7.1475716886214e-15
33.113112148259,49.999984939671,-5.20244307073977e-07,1.505781150527e-05,-1.60424722147638e-13,0.175743522716011,-1.87169269299548e-09,7.78957497926033e-23,7.31406002079059e-15
33.8844156139201,49.999984939671,-5.32362353702757e-07,1.505781150527e-05,-1.64161493962265e-13,0.175743522716011,-1.91529001644537e-09,8.15668633796648e-23,7.48442636439584e-15
34.673685045253,49.999984939671,-5.4476266589812e-07,1.505781150527e-05,-1.67985306373925e-13,0.175743522716011,-1.95990285201384e-09,8.54109912198145e-23,7.65876104992759e-15
35.4813389233574,49.999984939671,-5.57451818469728e-07,1.505781150527e-05,-1.71898186818573e-13,0.175743522716011,-2.00555485401682e-09,8.94362872235925e-23,7.83715651194369e-15
36.30780547701,49.999984939671,-5.70436539374235e-07,1.505781150527e-05,-1.75902209957214e-13,0.175743522716011,-2.05227022775006e-09,9.36512895835036e-23,8.01970733807945e-15
37.1535229097171,49.999984939671,-5.8372371328254e-07,1.505781150527e-05,-1.79999498775915e-13,0.175743522716011,-2.10007374232307e-09,9.80649388846685e-23,8.20651031919925e-15
38.0189396320559,49.999984939671,-5.97320385230123e-07,1.505781150527e-05,-1.84192225711442e-13,0.175743522716011,-2.14899074379202e-09,1.02686597069003e-22,8.39766450071628e-15
38.9045144994279,49.999984939671,-6.11233764352425e-07,1.505781150527e-05,-1.88482613803113e-13,0.175743522716011,-2.19904716859857e-09,1.07526067293153e-22,8.59327123510783e-15
39.8107170553495,49.999984939671,-6.25471227707223e-07,1.505781150527e-05,-1.92872937871486e-13,0.175743522716011,-2.25026955732176e-09,1.12593614722303e-22,8.79343423565362e-15
40.7380277804111,49.999984939671,-6.40040324186041e-07,1.505781150527e-05,-1.97365525724492e-13,0.175743522716011,-2.30268506875007e-09,1.17899988303967e-22,8.99825963142602e-15
41.6869383470333,49.999984939671,-6.54948778516677e-07,1.505781150527e-05,-2.0196275939168e-13,0.175743522716011,-2.35632149428147e-09,1.23456443567951e-22,9.20785602356105e-15
42.6579518801591,49.999984939671,-6.70204495358956e-07,1.505781150527e-05,-2.0666707638719e-13,0.175743522716011,-2.41120727265874e-09,1.29274766500836e-22,9.42233454284015e-15
43.6515832240164,49.999984939671,-6.85815563495879e-07,1.505781150527e-05,-2.11480971002163e-13,0.175743522716011,-2.46737150504808e-09,1.3536729854564e-22,9.64180890861321e-15
44.6683592150961,49.999984939671,-7.01790260122409e-07,1.505781150527e-05,-2.16406995627243e-13,0.175743522716011,-2.52484397046892e-09,1.41746962779669e-22,9.86639548909405e-15
45.7088189614873,49.999984939671,-7.18137055234149e-07,1.505781150527e-05,-2.21447762105889e-13,0.175743522716011,-2.58365514158316e-09,1.48427291326099e-22,1.00962133630604e-14
46.7735141287196,49.999984939671,-7.34864616118241e-07,1.505781150527e-05,-2.26605943119212e-13,0.175743522716011,-2.64383620085219e-09,1.55422454057426e-22,1.0331384382991e-14
47.8630092322636,49.999984939671,-7.51981811948883e-07,1.505781150527e-05,-2.31884273603061e-13,0.175743522716011,-2.70541905707022e-09,1.6274728865166e-22,1.05720332396735e-14
48.9778819368444,49.999984939671,-7.69497718489876e-07,1.505781150527e-05,-2.37285552198125e-13,0.175743522716011,-2.76843636228276e-09,1.70417332065034e-22,1.08182875283171e-14
50.118723362727,49.999984939671,-7.87421622906718e-07,1.505781150527e-05,-2.42812642733811e-13,0.175743522716011,-2.83292152909917e-09,1.78448853487967e-22,1.10702778162052e-14
51.2861383991362,49.999984939671,-8.05763028690783e-07,1.505781150527e-05,-2.48468475746679e-13,0.175743522716011,-2.89890874840846e-09,1.86858888854202e-22,1.13281377119238e-14
52.480746024977,49.999984939671,-8.24531660698195e-07,1.505781150527e-05,-2.54256050034257e-13,0.175743522716011,-2.96643300750774e-09,1.95665276976305e-22,1.1592003936203e-14
53.703179637025,49.999984939671,-8.43737470306075e-07,1.505781150527e-05,-2.6017843424504e-13,0.175743522716011,-3.035530108653e-09,2.04886697384175e-22,1.18620163944074e-14
54.9540873857622,49.999984939671,-8.63390640688898e-07,1.505781150527e-05,-2.66238768505528e-13,0.175743522716011,-3.10623668804185e-09,2.14542709946836e-22,1.21383182507166e-14
56.2341325190346,49.999984939671,-8.83501592217739e-07,1.505781150527e-05,-2.72440266085165e-13,0.175743522716011,-3.1785902352386e-09,2.24653796361535e-22,1.24210560040318e-14
57.5439937337154,49.999984939671,-9.04080987985301e-07,1.505781150527e-05,-2.78786215100053e-13,0.175743522716011,-3.2526291130517e-09,2.35241403598177e-22,1.27103795656526e-14
58.8843655355586,49.999984939671,-9.25139739459619e-07,1.505781150527e-05,-2.8527998025636e-13,0.175743522716011,-3.32839257787417e-09,2.46327989391215e-22,1.30064423387608e-14
60.2559586074355,49.999984939671,-9.46689012269471e-07,1.505781150527e-05,-2.91925004634325e-13,0.175743522716011,-3.40592080049791e-09,2.5793706987552e-22,1.33094012997576e-14
61.6595001861479,49.999984939671,-9.68740232124538e-07,1.505781150527e-05,-2.98724811513831e-13,0.175743522716011,-3.48525488741276e-09,2.70093269467257e-22,1.36194170814943e-14
63.095734448019,49.999984939671,-9.91305090873472e-07,1.505781150527e-05,-3.05683006242493e-13,0.175743522716011,-3.56643690260173e-09,2.82822373095569e-22,1.39366540584419e-14
64.5654229034652,49.999984939671,-1.01439555270306e-06,1.505781150527e-05,-3.12803278147257e-13,0.175743522716011,-3.64950988984383e-09,2.96151380895873e-22,1.42612804338447e-14
66.0693448007593,49.999984939671,-1.0380238604818e-06,1.505781150527e-05,-3.20089402490535e-13,0.175743522716011,-3.7345178955365e-09,3.10108565480764e-22,1.4593468328904e-14
67.6082975391978,49.999984939671,-1.06220254225124e-06,1.505781150527e-05,-3.27545242471899e-13,0.175743522716011,-3.82150599204957e-09,3.2472353191002e-22,1.49333938740385e-14
69.1830970918933,49.999984939671,-1.0869444178685e-06,1.505781150527e-05,-3.35174751276394e-13,0.175743522716011,-3.91052030162323e-09,3.40027280486899e-22,1.5281237302272e-14
70.7945784384134,49.999984939671,-1.11226260580352e-06,1.505781150527e-05,-3.42981974170579e-13,0.175743522716011,-4.00160802082267e-09,3.56052272513943e-22,1.56371830447942e-14
72.4435960074986,49.999984939671,-1.13817053009467e-06,1.505781150527e-05,-3.50971050647372e-13,0.175743522716011,-4.0948174455623e-09,3.72832499147748e-22,1.60014198287493e-14
74.1310241300914,49.999984939671,-1.16468192746635e-06,1.505781150527e-05,-3.59146216620869e-13,0.175743522716011,-4.19019799671288e-09,3.90403553498769e-22,1.63741407773015e-14
75.857757502918,49.999984939671,-1.19181085461236e-06,1.505781150527e-05,-3.67511806672282e-13,0.175743522716011,-4.28780024630515e-09,4.08802706129078e-22,1.67555435120311e-14
77.6247116628688,49.999984939671,-1.21957169564896e-06,1.505781150527e-05,-3.76072256348185e-13,0.175743522716011,-4.38767594434375e-09,4.2806898410822e-22,1.71458302577167e-14
79.4328234724277,49.999984939671,-1.24797916974154e-06,1.505781150527e-05,-3.84832104512309e-13,0.175743522716011,-4.48987804624579e-09,4.48243253794864e-22,1.75452079495568e-14
81.2830516164095,49.999984939671,-1.27704833890887e-06,1.505781150527e-05,-3.93795995752101e-13,0.175743522716011,-4.59446074091853e-09,4.69368307519827e-22,1.79538883428901e-14
83.1763771102667,49.999984939671,-1.30679461600922e-06,1.505781150527e-05,-4.02968682841346e-13,0.175743522716011,-4.70147947949097e-09,4.91488954354344e-22,1.83720881254705e-14
85.1138038202372,49.999984939671,-1.33723377291246e-06,1.505781150527e-05,-4.12355029260155e-13,0.175743522716011,-4.81099100471488e-09,5.14652115156119e-22,1.88000290323585e-14
87.0963589956076,49.999984939671,-1.36838194886247e-06,1.505781150527e-05,-4.21960011773642e-13,0.175743522716011,-4.92305338105048e-09,5.38906922094752e-22,1.92379379634871e-14
89.1250938133741,49.999984939671,-1.40025565903445e-06,1.505781150527e-05,-4.31788723070672e-13,0.175743522716011,-5.03772602545303e-09,5.64304822867656e-22,1.96860471039683e-14
91.2010839355905,49.999984939671,-1.43287180329142e-06,1.505781150527e-05,-4.41846374464074e-13,0.175743522716011,-5.15506973887646e-09,5.90899689827529e-22,2.01445940471996e-14
93.3254300796986,49.999984939671,-1.4662476751448e-06,1.505781150527e-05,-4.52138298653745e-13,0.175743522716011,-5.27514673851086e-09,6.18747934252827e-22,2.06138219208399e-14
95.4992586021431,49.999984939671,-1.50040097092362e-06,1.505781150527e-05,-4.6266995255412e-13,0.175743522716011,-5.39802069077084e-09,6.47908626003657e-22,2.10939795157189e-14
97.7237220955805,49.999984939671,-1.53534979915738e-06,1.505781150527e-05,-4.734469201875e-13,0.175743522716011,-5.52375674505231e-09,6.78443618816862e-22,2.15853214177489e-14
99.9999999999995,49.999984939671,-1.57111269017741e-06,1.505781150527e-05,-4.84474915644774e-13,0.175743522716011,-5.65242156827558e-09,7.10417681506099e-22,2.20881081429101e-14
102.329299228075,49.999984939671,-1.60770860594191e-06,1.505781150527e-05,-4.95759786115107e-13,0.175743522716011,-5.78408338023299e-09,7.43898635345168e-22,2.26026062753794e-14
104.712854805089,49.999984939671,-1.64515695008981e-06,1.505781150527e-05,-5.07307514986194e-13,0.175743522716011,-5.91881198975999e-09,7.78957497926031e-22,2.31290886088767e-14
107.15193052376,49.9999849396709,-1.68347757822888e-06,1.505781150527e-05,-5.19124225016736e-13,0.175743522716011,-6.0566788317487e-09,8.15668633796646e-22,2.36678342913042e-14
109.647819614318,49.9999849396709,-1.72269080846339e-06,1.505781150527e-05,-5.31216181582804e-13,0.175743522716011,-6.19775700502363e-09,8.54109912198143e-22,2.42191289727537e-14
112.201845430196,49.9999849396709,-1.76281743216706e-06,1.505781150527e-05,-5.43589795999823e-13,0.175743522716011,-6.34212131109964e-09,8.94362872235922e-22,2.47832649569626e-14
114.815362149688,49.9999849396709,-1.8038787250069e-06,1.50578115052699e-05,-5.56251628921944e-13,0.175743522716011,-6.48984829384269e-09,9.36512895835033e-22,2.5360541356297e-14
117.489755493952,49.9999849396709,-1.8458964582239e-06,1.50578115052699e-05,-5.6920839382058e-13,0.175743522716011,-6.64101628005443e-09,9.80649388846682e-22,2.5951264250345e-14
120.226443461741,49.9999849396709,-1.88889291017638e-06,1.50578115052699e-05,-5.82466960543983e-13,0.175743522716011,-6.7957054210021e-09,1.02686597069003e-21,2.65557468482041e-14
123.026877081237,49.9999849396709,-1.93289087815229e-06,1.50578115052699e-05,-5.96034358959728e-13,0.175743522716011,-6.95399773491578e-09,1.07526067293153e-21,2.7174309654549e-14
125.892541179416,49.9999849396709,-1.97791369045663e-06,1.50578115052699e-05,-6.09917782682041e-13,0.175743522716011,-7.11597715047555e-09,1.12593614722302e-21,2.78072806395672e-14
128.824955169313,49.9999849396709,-2.02398521878044e-06,1.50578115052699e-05,-6.24124592885949e-13,0.175743522716011,-7.2817295513116e-09,1.17899988303967e-21,2.84549954128534e-14
131.82567385564,49.9999849396709,-2.07112989085785e-06,1.50578115052699e-05,-6.3866232221027e-13,0.175743522716011,-7.45134282154084e-09,1.23456443567951e-21,2.91177974013539e-14
134.896288259164,49.9999849396709,-2.11937270341804e-06,1.50578115052699e-05,-6.53538678751522e-13,0.175743522716011,-7.62490689236425e-09,1.29274766500836e-21,2.97960380314562e-14
138.038426460288,49.9999849396709,-2.1687392354388e-06,1.50578115052699e-05,-6.68761550150855e-13,0.175743522716011,-7.80251378974955e-09,1.35367298545639e-21,3.04900769153199e-14
141.253754462275,49.9999849396709,-2.21925566170884e-06,1.50578115052699e-05,-6.84339007776184e-13,0.175743522716011,-7.98425768322467e-09,1.41746962779668e-21,3.12002820415481e-14
144.543977074592,49.9999849396709,-2.27094876670605e-06,1.50578115052699e-05,-7.00279311001734e-13,0.175743522716011,-8.17023493580757e-09,1.48427291326099e-21,3.19270299702992e-14
147.91083881682,49.9999849396709,-2.32384595879892e-06,1.50578115052699e-05,-7.16590911587269e-13,0.175743522716011,-8.36054415509928e-09,1.55422454057426e-21,3.26707060329448e-14
151.35612484362,49.9999849396709,-2.37797528477888e-06,1.50578115052699e-05,-7.3328245815933e-13,0.17574352271601,-8.55528624556692e-09,1.6274728865166e-21,3.3431704536377e-14
154.881661891247,49.9999849396709,-2.43336544473106e-06,1.50578115052699e-05,-7.50362800796847e-13,0.17574352271601,-8.75456446204455e-09,1.70417332065033e-21,3.42104289720752e-14
158.48931924611,49.9999849396709,-2.49004580725144e-06,1.50578115052699e-05,-7.67840995723573e-13,0.17574352271601,-8.95848446448032e-09,1.78448853487966e-21,3.50072922300431e-14
162.181009735892,49.9999849396709,-2.54804642501847e-06,1.50578115052699e-05,-7.85726310109809e-13,0.17574352271601,-9.16715437395871e-09,1.86858888854201e-21,3.58227168177275e-14
165.958690743755,49.9999849396709,-2.60739805072743e-06,1.50578115052699e-05,-8.04028226985982e-13,0.17574352271601,-9.38068483002781e-09,1.95665276976304e-21,3.66571350840385e-14
169.824365246173,49.9999849396709,-2.66813215339587e-06,1.50578115052699e-05,-8.22756450270675e-13,0.17574352271601,-9.59918904936183e-09,2.04886697384175e-21,3.75109894485856e-14
173.780082874937,49.9999849396709,-2.73028093504895e-06,1.50578115052699e-05,-8.4192090991577e-13,0.17574352271601,-9.82278288579011e-09,2.14542709946835e-21,3.83847326362549e-14
177.827941003891,49.9999849396709,-2.79387734779334e-06,1.50578115052699e-05,-8.61531767171443e-13,0.17574352271601,-1.00515848917244e-08,2.24653796361534e-21,3.927882791725e-14
181.970085860997,49.9999849396708,-2.85895511128886e-06,1.50578115052699e-05,-8.81599419973792e-13,0.17574352271601,-1.02857163810166e-08,2.35241403598176e-21,4.01937493527236e-14
186.208713666285,49.9999849396708,-2.92554873062713e-06,1.50578115052699e-05,-9.02134508457959e-13,0.17574352271601,-1.05253014932817e-08,2.46327989391213e-21,4.11299820461311e-14
190.546071796324,49.9999849396708,-2.9936935146266e-06,1.50578115052699e-05,-9.23147920599672e-13,0.17574352271601,-1.07704672597173e-08,2.57937069875518e-21,4.20880224004392e-14
194.984459975803,49.9999849396708,-3.06342559455374e-06,1.50578115052699e-05,-9.44650797988193e-13,0.17574352271601,-1.1021343670458e-08,2.70093269467255e-21,4.30683783813248e-14
199.526231496887,49.9999849396708,-3.13478194328035e-06,1.50578115052699e-05,-9.66654541733741e-13,0.17574352271601,-1.12780637434975e-08,2.82822373095567e-21,4.40715697865056e-14
204.173794466952,49.9999849396708,-3.20780039488702e-06,1.50578115052699e-05,-9.89170818512501e-13,0.17574352271601,-1.15407635952166e-08,2.96151380895871e-21,4.50981285213434e-14
208.929613085403,49.9999849396708,-3.28251966472333e-06,1.50578115052699e-05,-1.01221156675246e-12,0.17574352271601,-1.1809582512554e-08,3.10108565480762e-21,4.61485988808675e-14
213.796208950222,49.9999849396708,-3.35897936993515e-06,1.50578115052699e-05,-1.03578900296331e-12,0.17574352271601,-1.20846630268579e-08,3.24723531910018e-21,4.72235378383672e-14
218.776162394954,49.9999849396708,-3.43722005047026e-06,1.50578115052699e-05,-1.05991562821383e-12,0.17574352271601,-1.2366150989458e-08,3.40027280486897e-21,4.83235153407061e-14
223.872113856832,49.9999849396708,-3.51728319057312e-06,1.50578115052699e-05,-1.08460423476006e-12,0.17574352271601,-1.26541956489981e-08,3.5605227251394e-21,4.94491146105161e-14
229.086765276776,49.9999849396707,-3.59921124078036e-06,1.50578115052699e-05,-1.109867912828e-12,0.17574352271601,-1.29489497305693e-08,3.72832499147745e-21,5.06009324554289e-14
234.422881531991,49.9999849396707,-3.68304764042866e-06,1.50578115052699e-05,-1.13572005755416e-12,0.17574352271601,-1.32505695166874e-08,3.90403553498766e-21,5.17795795845122e-14
239.883291901947,49.9999849396707,-3.76883684068682e-06,1.50578115052699e-05,-1.16217437608787e-12,0.17574352271601,-1.35592149301551e-08,4.08802706129075e-21,5.29856809320749e-14
245.470891568501,49.9999849396707,-3.85662432812435e-06,1.50578115052699e-05,-1.18924489485897e-12,0.17574352271601,-1.38750496188563e-08,4.28068984108217e-21,5.42198759890162e-14
251.188643150956,49.9999849396707,-3.94645664882912e-06,1.50578115052699e-05,-1.21694596701485e-12,0.17574352271601,-1.41982410425234e-08,4.4824325379486e-21,5.54828191418918e-14
257.039578276885,49.9999849396707,-4.03838143308663e-06,1.50578115052699e-05,-1.24529228003062e-12,0.17574352271601,-1.45289605615272e-08,4.69368307519823e-21,5.67751800198784e-14
263.026799189536,49.9999849396707,-4.13244742063425e-06,1.50578115052699e-05,-1.27429886349666e-12,0.17574352271601,-1.48673835277342e-08,4.9148895435434e-21,5.80976438498198e-14
269.15348039269,49.9999849396706,-4.22870448650371e-06,1.50578115052699e-05,-1.30398109708746e-12,0.17574352271601,-1.52136893774808e-08,5.14652115156115e-21,5.94509118195437e-14
275.422870333815,49.9999849396706,-4.32720366746543e-06,1.50578115052699e-05,-1.33435471871616e-12,0.17574352271601,-1.55680617267122e-08,5.38906922094747e-21,6.083570144964e-14
281.838293126443,49.9999849396706,-4.42799718908895e-06,1.50578115052699e-05,-1.36543583287901e-12,0.175743522716009,-1.59306884683388e-08,5.64304822867651e-21,6.22527469739008e-14
288.403150312659,49.9999849396706,-4.5311384934336e-06,1.50578115052698e-05,-1.39724091919412e-12,0.175743522716009,-1.63017618718589e-08,5.90899689827523e-21,6.37027997286195e-14
295.120922666636,49.9999849396706,-4.63668226738417e-06,1.50578115052698e-05,-1.42978684113926e-12,0.175743522716009,-1.66814786853028e-08,6.18747934252821e-21,6.51866285509607e-14
301.9951720402,49.9999849396705,-4.74468447164666e-06,1.50578115052698e-05,-1.46309085499304e-12,0.175743522716009,-1.70700402395511e-08,6.47908626003649e-21,6.67050201866066e-14
309.029543251357,49.9999849396705,-4.85520237041934e-06,1.50578115052698e-05,-1.49717061898444e-12,0.175743522716009,-1.74676525550831e-08,6.78443618816854e-21,6.82587797069007e-14
316.227766016836,49.9999849396705,-4.96829456175501e-06,1.50578115052698e-05,-1.53204420265541e-12,0.175743522716009,-1.78745264512116e-08,7.1041768150609e-21,6.98487309357072e-14
323.593656929626,49.9999849396705,-5.08402100863048e-06,1.50578115052698e-05,-1.56773009644164e-12,0.175743522716009,-1.82908776578618e-08,7.43898635345158e-21,7.1475716886213e-14
331.131121482589,49.9999849396705,-5.2024430707397e-06,1.50578115052698e-05,-1.60424722147636e-12,0.175743522716009,-1.87169269299546e-08,7.78957497926021e-21,7.3140600207905e-14
338.8441561392,49.9999849396704,-5.3236235370275e-06,1.50578115052698e-05,-1.64161493962263e-12,0.175743522716009,-1.91529001644534e-08,8.15668633796635e-21,7.48442636439574e-14
346.736850452529,49.9999849396704,-5.44762665898112e-06,1.50578115052698e-05,-1.67985306373923e-12,0.175743522716009,-1.95990285201381e-08,8.54109912198131e-21,7.65876104992748e-14
354.813389233573,49.9999849396704,-5.57451818469719e-06,1.50578115052698e-05,-1.71898186818571e-12,0.175743522716009,-2.00555485401679e-08,8.94362872235909e-21,7.83715651194357e-14
363.078054770099,49.9999849396703,-5.70436539374227e-06,1.50578115052698e-05,-1.75902209957211e-12,0.175743522716009,-2.05227022775003e-08,9.36512895835019e-21,8.01970733807933e-14
371.53522909717,49.9999849396703,-5.8372371328253e-06,1.50578115052698e-05,-1.79999498775912e-12,0.175743522716008,-2.10007374232303e-08,9.80649388846666e-21,8.20651031919911e-14
380.189396320558,49.9999849396703,-5.97320385230113e-06,1.50578115052698e-05,-1.84192225711439e-12,0.175743522716008,-2.14899074379198e-08,1.02686597069001e-20,8.39766450071614e-14
389.045144994278,49.9999849396703,-6.11233764352415e-06,1.50578115052697e-05,-1.8848261380311e-12,0.175743522716008,-2.19904716859854e-08,1.07526067293151e-20,8.59327123510768e-14
398.107170553494,49.9999849396702,-6.25471227707211e-06,1.50578115052697e-05,-1.92872937871482e-12,0.175743522716008,-2.25026955732171e-08,1.125936147223e-20,8.79343423565346e-14
407.38027780411,49.9999849396702,-6.40040324186029e-06,1.50578115052697e-05,-1.97365525724489e-12,0.175743522716008,-2.30268506875002e-08,1.17899988303965e-20,8.99825963142585e-14
416.869383470332,49.9999849396701,-6.54948778516665e-06,1.50578115052697e-05,-2.01962759391676e-12,0.175743522716008,-2.35632149428142e-08,1.23456443567948e-20,9.20785602356087e-14
426.579518801589,49.9999849396701,-6.70204495358942e-06,1.50578115052697e-05,-2.06667076387186e-12,0.175743522716008,-2.41120727265869e-08,1.29274766500833e-20,9.42233454283996e-14
436.515832240163,49.9999849396701,-6.85815563495864e-06,1.50578115052697e-05,-2.11480971002159e-12,0.175743522716008,-2.46737150504803e-08,1.35367298545637e-20,9.641808908613e-14
446.68359215096,49.99998493967,-7.01790260122393e-06,1.50578115052697e-05,-2.16406995627238e-12,0.175743522716007,-2.52484397046886e-08,1.41746962779665e-20,9.86639548909382e-14
457.088189614872,49.99998493967,-7.18137055234132e-06,1.50578115052697e-05,-2.21447762105884e-12,0.175743522716007,-2.5836551415831e-08,1.48427291326095e-20,1.00962133630601e-13
467.735141287195,49.9999849396699,-7.34864616118224e-06,1.50578115052696e-05,-2.26605943119207e-12,0.175743522716007,-2.64383620085212e-08,1.55422454057422e-20,1.03313843829907e-13
478.630092322635,49.9999849396699,-7.51981811948864e-06,1.50578115052696e-05,-2.31884273603055e-12,0.175743522716007,-2.70541905707015e-08,1.62747288651656e-20,1.05720332396732e-13
489.778819368442,49.9999849396698,-7.69497718489855e-06,1.50578115052696e-05,-2.37285552198119e-12,0.175743522716007,-2.76843636228268e-08,1.70417332065029e-20,1.08182875283168e-13
501.187233627268,49.9999849396698,-7.87421622906697e-06,1.50578115052696e-05,-2.42812642733804e-12,0.175743522716006,-2.83292152909909e-08,1.78448853487961e-20,1.10702778162049e-13
512.861383991361,49.9999849396697,-8.0576302869076e-06,1.50578115052696e-05,-2.48468475746672e-12,0.175743522716006,-2.89890874840837e-08,1.86858888854196e-20,1.13281377119235e-13
524.807460249769,49.9999849396696,-8.2453166069817e-06,1.50578115052696e-05,-2.5425605003425e-12,0.175743522716006,-2.96643300750766e-08,1.95665276976299e-20,1.15920039362026e-13
537.031796370249,49.9999849396696,-8.43737470306049e-06,1.50578115052695e-05,-2.60178434245032e-12,0.175743522716006,-3.0355301086529e-08,2.04886697384169e-20,1.18620163944071e-13
549.54087385762,49.9999849396695,-8.6339064068887e-06,1.50578115052695e-05,-2.6623876850552e-12,0.175743522716006,-3.10623668804175e-08,2.14542709946828e-20,1.21383182507162e-13
562.341325190345,49.9999849396694,-8.8350159221771e-06,1.50578115052695e-05,-2.72440266085156e-12,0.175743522716005,-3.1785902352385e-08,2.24653796361527e-20,1.24210560040314e-13
575.439937337152,49.9999849396694,-9.04080987985269e-06,1.50578115052695e-05,-2.78786215100044e-12,0.175743522716005,-3.25262911305158e-08,2.35241403598168e-20,1.27103795656521e-13
588.843655355584,49.9999849396693,-9.25139739459585e-06,1.50578115052694e-05,-2.85279980256349e-12,0.175743522716005,-3.32839257787404e-08,2.46327989391205e-20,1.30064423387603e-13
602.559586074353,49.9999849396692,-9.46689012269435e-06,1.50578115052694e-05,-2.91925004634314e-12,0.175743522716004,-3.40592080049778e-08,2.57937069875509e-20,1.33094012997571e-13
616.595001861477,49.9999849396691,-9.687402321245e-06,1.50578115052694e-05,-2.98724811513819e-12,0.175743522716004,-3.48525488741263e-08,2.70093269467245e-20,1.36194170814937e-13
630.957344480188,49.999984939669,-9.9130509087343e-06,1.50578115052694e-05,-3.0568300624248e-12,0.175743522716004,-3.56643690260158e-08,2.82822373095556e-20,1.39366540584413e-13
645.65422903465,49.9999849396689,-1.01439555270301e-05,1.50578115052693e-05,-3.12803278147243e-12,0.175743522716003,-3.64950988984367e-08,2.96151380895859e-20,1.42612804338441e-13
660.693448007591,49.9999849396688,-1.03802386048176e-05,1.50578115052693e-05,-3.20089402490521e-12,0.175743522716003,-3.73451789553633e-08,3.10108565480749e-20,1.45934683289033e-13
676.082975391976,49.9999849396687,-1.06220254225119e-05,1.50578115052693e-05,-3.27545242471883e-12,0.175743522716003,-3.82150599204938e-08,3.24723531910003e-20,1.49333938740378e-13
691.830970918931,49.9999849396686,-1.08694441786845e-05,1.50578115052692e-05,-3.35174751276378e-12,0.175743522716002,-3.91052030162304e-08,3.40027280486881e-20,1.52812373022712e-13
707.945784384132,49.9999849396685,-1.11226260580346e-05,1.50578115052692e-05,-3.42981974170561e-12,0.175743522716002,-4.00160802082247e-08,3.56052272513923e-20,1.56371830447934e-13
724.435960074984,49.9999849396684,-1.13817053009461e-05,1.50578115052692e-05,-3.50971050647353e-12,0.175743522716002,-4.09481744556208e-08,3.72832499147726e-20,1.60014198287484e-13
741.310241300911,49.9999849396683,-1.16468192746628e-05,1.50578115052691e-05,-3.59146216620849e-12,0.175743522716001,-4.19019799671264e-08,3.90403553498746e-20,1.63741407773005e-13
758.577575029177,49.9999849396682,-1.19181085461229e-05,1.50578115052691e-05,-3.67511806672259e-12,0.175743522716001,-4.28780024630489e-08,4.08802706129052e-20,1.67555435120301e-13
776.247116628685,49.999984939668,-1.21957169564888e-05,1.50578115052691e-05,-3.76072256348161e-12,0.175743522716,-4.38767594434347e-08,4.28068984108192e-20,1.71458302577156e-13
794.328234724275,49.9999849396679,-1.24797916974146e-05,1.5057811505269e-05,-3.84832104512284e-12,0.175743522716,-4.4898780462455e-08,4.48243253794833e-20,1.75452079495557e-13
812.830516164092,49.9999849396677,-1.27704833890878e-05,1.5057811505269e-05,-3.93795995752074e-12,0.175743522715999,-4.59446074091822e-08,4.69368307519794e-20,1.79538883428888e-13
831.763771102664,49.9999849396676,-1.30679461600913e-05,1.50578115052689e-05,-4.02968682841317e-12,0.175743522715999,-4.70147947949064e-08,4.91488954354308e-20,1.83720881254692e-13
851.138038202369,49.9999849396674,-1.33723377291236e-05,1.50578115052689e-05,-4.12355029260125e-12,0.175743522715998,-4.81099100471452e-08,5.1465211515608e-20,1.8800029032357e-13
870.963589956073,49.9999849396673,-1.36838194886237e-05,1.50578115052688e-05,-4.21960011773609e-12,0.175743522715997,-4.9230533810501e-08,5.38906922094708e-20,1.92379379634856e-13
891.250938133738,49.9999849396671,-1.40025565903433e-05,1.50578115052688e-05,-4.31788723070637e-12,0.175743522715997,-5.03772602545262e-08,5.64304822867609e-20,1.96860471039667e-13
912.010839355902,49.9999849396669,-1.4328718032913e-05,1.50578115052687e-05,-4.41846374464037e-12,0.175743522715996,-5.15506973887602e-08,5.90899689827477e-20,2.01445940471978e-13
933.254300796983,49.9999849396667,-1.46624767514467e-05,1.50578115052686e-05,-4.52138298653705e-12,0.175743522715995,-5.27514673851039e-08,6.18747934252771e-20,2.0613821920838e-13
954.992586021428,49.9999849396665,-1.50040097092348e-05,1.50578115052686e-05,-4.62669952554077e-12,0.175743522715995,-5.39802069077033e-08,6.47908626003594e-20,2.10939795157169e-13
977.237220955802,49.9999849396663,-1.53534979915723e-05,1.50578115052685e-05,-4.73446920187454e-12,0.175743522715994,-5.52375674505178e-08,6.78443618816794e-20,2.15853214177468e-13
999.999999999991,49.9999849396661,-1.57111269017725e-05,1.50578115052684e-05,-4.84474915644725e-12,0.175743522715993,-5.65242156827501e-08,7.10417681506025e-20,2.20881081429078e-13
1023.29299228075,49.9999849396658,-1.60770860594174e-05,1.50578115052684e-05,-4.95759786115054e-12,0.175743522715992,-5.78408338023237e-08,7.43898635345086e-20,2.26026062753769e-13
1047.12854805089,49.9999849396656,-1.64515695008963e-05,1.50578115052683e-05,-5.07307514986138e-12,0.175743522715991,-5.91881198975934e-08,7.78957497925942e-20,2.31290886088741e-13
1071.5193052376,49.9999849396653,-1.68347757822869e-05,1.50578115052682e-05,-5.19124225016676e-12,0.175743522715991,-6.056678831748e-08,8.15668633796549e-20,2.36678342913014e-13
1096.47819614317,49.9999849396651,-1.72269080846318e-05,1.50578115052681e-05,-5.31216181582739e-12,0.17574352271599,-6.19775700502288e-08,8.54109912198036e-20,2.42191289727507e-13
1122.01845430195,49.9999849396648,-1.76281743216683e-05,1.50578115052681e-05,-5.43589795999755e-12,0.175743522715989,-6.34212131109884e-08,8.94362872235806e-20,2.47832649569594e-13
1148.15362149687,49.9999849396645,-1.80387872500666e-05,1.5057811505268e-05,-5.5625162892187e-12,0.175743522715988,-6.48984829384183e-08,9.36512895834906e-20,2.53605413562936e-13
1174.89755493952,49.9999849396642,-1.84589645822365e-05,1.50578115052679e-05,-5.69208393820501e-12,0.175743522715986,-6.64101628005351e-08,9.80649388846542e-20,2.59512642503413e-13
1202.2644346174,49.9999849396639,-1.88889291017611e-05,1.50578115052678e-05,-5.82466960543898e-12,0.175743522715985,-6.79570542100112e-08,1.02686597068988e-19,2.65557468482001e-13
1230.26877081237,49.9999849396635,-1.932890878152e-05,1.50578115052677e-05,-5.96034358959638e-12,0.175743522715984,-6.95399773491473e-08,1.07526067293136e-19,2.71743096545448e-13
1258.92541179416,49.9999849396632,-1.97791369045632e-05,1.50578115052676e-05,-6.09917782681945e-12,0.175743522715983,-7.11597715047443e-08,1.12593614722284e-19,2.78072806395627e-13
1288.24955169312,49.9999849396628,-2.0239852187801e-05,1.50578115052674e-05,-6.24124592885845e-12,0.175743522715981,-7.2817295513104e-08,1.17899988303947e-19,2.84549954128486e-13
1318.2567385564,49.9999849396624,-2.07112989085749e-05,1.50578115052673e-05,-6.38662322210159e-12,0.17574352271598,-7.45134282153955e-08,1.23456443567929e-19,2.91177974013487e-13
1348.96288259164,49.999984939662,-2.11937270341766e-05,1.50578115052672e-05,-6.53538678751404e-12,0.175743522715979,-7.62490689236286e-08,1.29274766500812e-19,2.97960380314506e-13
1380.38426460287,49.9999849396616,-2.16873923543839e-05,1.50578115052671e-05,-6.68761550150728e-12,0.175743522715977,-7.80251378974807e-08,1.35367298545613e-19,3.0490076915314e-13
1412.53754462274,49.9999849396611,-2.2192556617084e-05,1.50578115052669e-05,-6.84339007776048e-12,0.175743522715975,-7.98425768322308e-08,1.41746962779639e-19,3.12002820415417e-13
1445.43977074591,49.9999849396607,-2.27094876670558e-05,1.50578115052668e-05,-7.00279311001588e-12,0.175743522715974,-8.17023493580587e-08,1.48427291326067e-19,3.19270299702924e-13
1479.10838816819,49.9999849396602,-2.32384595879841e-05,1.50578115052666e-05,-7.16590911587113e-12,0.175743522715972,-8.36054415509746e-08,1.55422454057391e-19,3.26707060329375e-13
1513.56124843619,49.9999849396597,-2.37797528477834e-05,1.50578115052665e-05,-7.33282458159163e-12,0.17574352271597,-8.55528624556497e-08,1.62747288651622e-19,3.34317045363692e-13
1548.81661891247,49.9999849396592,-2.43336544473048e-05,1.50578115052663e-05,-7.50362800796669e-12,0.175743522715968,-8.75456446204246e-08,1.70417332064992e-19,3.42104289720669e-13
1584.8931924611,49.9999849396586,-2.49004580725082e-05,1.50578115052661e-05,-7.67840995723382e-12,0.175743522715966,-8.95848446447808e-08,1.78448853487921e-19,3.50072922300341e-13
1621.81009735892,49.999984939658,-2.5480464250178e-05,1.5057811505266e-05,-7.85726310109604e-12,0.175743522715964,-9.16715437395632e-08,1.86858888854152e-19,3.5822716817718e-13
1659.58690743755,49.9999849396574,-2.60739805072672e-05,1.50578115052658e-05,-8.04028226985763e-12,0.175743522715962,-9.38068483002525e-08,1.9566527697625e-19,3.66571350840283e-13
1698.24365246173,49.9999849396568,-2.66813215339511e-05,1.50578115052656e-05,-8.2275645027044e-12,0.17574352271596,-9.59918904935909e-08,2.04886697384115e-19,3.75109894485746e-13
1737.80082874936,49.9999849396561,-2.73028093504814e-05,1.50578115052654e-05,-8.41920909915518e-12,0.175743522715957,-9.82278288578718e-08,2.1454270994677e-19,3.83847326362432e-13
1778.27941003891,49.9999849396554,-2.79387734779247e-05,1.50578115052651e-05,-8.61531767171174e-12,0.175743522715955,-1.00515848917212e-07,2.24653796361463e-19,3.92788279172374e-13
1819.70085860997,49.9999849396547,-2.85895511128793e-05,1.50578115052649e-05,-8.81599419973504e-12,0.175743522715952,-1.02857163810133e-07,2.35241403598098e-19,4.01937493527101e-13
1862.08713666285,49.9999849396539,-2.92554873062613e-05,1.50578115052647e-05,-9.0213450845765e-12,0.175743522715949,-1.05253014932781e-07,2.46327989391128e-19,4.11299820461167e-13
1905.46071796323,49.9999849396531,-2.99369351462553e-05,1.50578115052644e-05,-9.23147920599341e-12,0.175743522715946,-1.07704672597134e-07,2.57937069875425e-19,4.20880224004238e-13
1949.84459975803,49.9999849396522,-3.06342559455259e-05,1.50578115052642e-05,-9.44650797987839e-12,0.175743522715943,-1.10213436704539e-07,2.70093269467153e-19,4.30683783813083e-13
1995.26231496886,49.9999849396513,-3.13478194327912e-05,1.50578115052639e-05,-9.66654541733361e-12,0.17574352271594,-1.12780637434931e-07,2.82822373095455e-19,4.40715697864879e-13
2041.73794466951,49.9999849396504,-3.20780039488571e-05,1.50578115052636e-05,-9.89170818512094e-12,0.175743522715937,-1.15407635952119e-07,2.96151380895748e-19,4.50981285213244e-13
2089.29613085402,49.9999849396494,-3.28251966472192e-05,1.50578115052633e-05,-1.01221156675202e-11,0.175743522715933,-1.18095825125489e-07,3.10108565480628e-19,4.61485988808472e-13
2137.96208950221,49.9999849396484,-3.35897936993364e-05,1.5057811505263e-05,-1.03578900296285e-11,0.17574352271593,-1.20846630268524e-07,3.2472353190987e-19,4.72235378383454e-13
2187.76162394953,49.9999849396474,-3.43722005046864e-05,1.50578115052627e-05,-1.05991562821333e-11,0.175743522715926,-1.23661509894522e-07,3.40027280486735e-19,4.83235153406828e-13
2238.72113856832,49.9999849396462,-3.51728319057138e-05,1.50578115052623e-05,-1.08460423475953e-11,0.175743522715922,-1.26541956489918e-07,3.56052272513763e-19,4.94491146104911e-13
2290.86765276775,49.9999849396451,-3.5992112407785e-05,1.5057811505262e-05,-1.10986791282743e-11,0.175743522715918,-1.29489497305626e-07,3.72832499147551e-19,5.06009324554022e-13
2344.2288153199,49.9999849396439,-3.68304764042667e-05,1.50578115052616e-05,-1.13572005755355e-11,0.175743522715913,-1.32505695166802e-07,3.90403553498554e-19,5.17795795844835e-13
2398.83291901947,49.9999849396426,-3.76883684068468e-05,1.50578115052612e-05,-1.16217437608721e-11,0.175743522715909,-1.35592149301475e-07,4.08802706128842e-19,5.29856809320442e-13
2454.70891568501,49.9999849396413,-3.85662432812207e-05,1.50578115052608e-05,-1.18924489485827e-11,0.175743522715904,-1.38750496188481e-07,4.28068984107961e-19,5.42198759889833e-13
2511.88643150955,49.9999849396399,-3.94645664882667e-05,1.50578115052604e-05,-1.21694596701409e-11,0.175743522715899,-1.41982410425146e-07,4.4824325379458e-19,5.54828191418566e-13
2570.39578276884,49.9999849396384,-4.03838143308401e-05,1.50578115052599e-05,-1.24529228002981e-11,0.175743522715894,-1.45289605615178e-07,4.69368307519516e-19,5.67751800198406e-13
2630.26799189535,49.9999849396369,-4.13244742063144e-05,1.50578115052594e-05,-1.27429886349579e-11,0.175743522715888,-1.48673835277241e-07,4.91488954354004e-19,5.80976438497794e-13
2691.53480392689,49.9999849396352,-4.2287044865007e-05,1.50578115052589e-05,-1.30398109708653e-11,0.175743522715882,-1.52136893774699e-07,5.14652115155746e-19,5.94509118195003e-13
2754.22870333814,49.9999849396335,-4.3272036674622e-05,1.50578115052584e-05,-1.33435471871517e-11,0.175743522715876,-1.55680617267006e-07,5.38906922094343e-19,6.08357014495936e-13
2818.38293126442,49.9999849396318,-4.4279971890855e-05,1.50578115052579e-05,-1.36543583287794e-11,0.17574352271587,-1.59306884683264e-07,5.64304822867208e-19,6.2252746973851e-13
2884.03150312657,49.9999849396299,-4.5311384934299e-05,1.50578115052573e-05,-1.39724091919298e-11,0.175743522715863,-1.63017618718456e-07,5.90899689827038e-19,6.37027997285663e-13
2951.20922666635,49.999984939628,-4.63668226738021e-05,1.50578115052567e-05,-1.42978684113804e-11,0.175743522715856,-1.66814786852885e-07,6.18747934252289e-19,6.51866285509036e-13
3019.95172040198,49.999984939626,-4.74468447164241e-05,1.50578115052561e-05,-1.46309085499173e-11,0.175743522715849,-1.70700402395358e-07,6.47908626003067e-19,6.67050201865454e-13
3090.29543251356,49.9999849396239,-4.85520237041479e-05,1.50578115052554e-05,-1.49717061898303e-11,0.175743522715841,-1.74676525550668e-07,6.78443618816215e-19,6.82587797068352e-13
3162.27766016834,49.9999849396216,-4.96829456175014e-05,1.50578115052547e-05,-1.53204420265391e-11,0.175743522715833,-1.7874526451194e-07,7.1041768150539e-19,6.9848730935637e-13
3235.93656929625,49.9999849396193,-5.08402100862526e-05,1.5057811505254e-05,-1.56773009644003e-11,0.175743522715825,-1.8290877657843e-07,7.43898635344391e-19,7.14757168861379e-13
3311.31121482588,49.9999849396169,-5.20244307073411e-05,1.50578115052533e-05,-1.60424722147463e-11,0.175743522715816,-1.87169269299344e-07,7.78957497925179e-19,7.31406002078244e-13
3388.44156139199,49.9999849396143,-5.3236235370215e-05,1.50578115052525e-05,-1.64161493962078e-11,0.175743522715807,-1.91529001644319e-07,8.15668633795713e-19,7.48442636438711e-13
3467.36850452528,49.9999849396116,-5.4476266589747e-05,1.50578115052517e-05,-1.67985306373725e-11,0.175743522715797,-1.9599028520115e-07,8.5410991219712e-19,7.65876104991823e-13
3548.13389233572,49.9999849396089,-5.57451818469031e-05,1.50578115052508e-05,-1.71898186818358e-11,0.175743522715787,-2.00555485401432e-07,8.94362872234802e-19,7.83715651193366e-13
3630.78054770097,49.9999849396059,-5.70436539373489e-05,1.50578115052499e-05,-1.75902209956984e-11,0.175743522715777,-2.05227022774738e-07,9.36512895833805e-19,8.01970733806872e-13
3715.35229097168,49.9999849396028,-5.8372371328174e-05,1.50578115052489e-05,-1.79999498775668e-11,0.175743522715766,-2.10007374232019e-07,9.80649388845335e-19,8.20651031918774e-13
3801.89396320557,49.9999849395996,-5.97320385229267e-05,1.5057811505248e-05,-1.84192225711178e-11,0.175743522715754,-2.14899074378893e-07,1.02686597068855e-18,8.39766450070396e-13
3890.45144994276,49.9999849395963,-6.11233764351508e-05,1.50578115052469e-05,-1.8848261380283e-11,0.175743522715742,-2.19904716859527e-07,1.07526067292991e-18,8.59327123509463e-13
3981.07170553493,49.9999849395928,-6.2547122770624e-05,1.50578115052458e-05,-1.92872937871182e-11,0.175743522715729,-2.25026955731822e-07,1.12593614722125e-18,8.79343423563948e-13
4073.80277804108,49.9999849395891,-6.40040324184988e-05,1.50578115052447e-05,-1.97365525724168e-11,0.175743522715716,-2.30268506874628e-07,1.17899988303772e-18,8.99825963141087e-13
4168.69383470331,49.9999849395852,-6.5494877851555e-05,1.50578115052435e-05,-2.01962759391332e-11,0.175743522715702,-2.35632149427741e-07,1.23456443567737e-18,9.20785602354481e-13
4265.79518801588,49.9999849395812,-6.70204495357747e-05,1.50578115052423e-05,-2.06667076386818e-11,0.175743522715688,-2.41120727265439e-07,1.29274766500602e-18,9.42233454282276e-13
4365.15832240161,49.9999849395769,-6.85815563494584e-05,1.5057811505241e-05,-2.11480971001764e-11,0.175743522715672,-2.46737150504342e-07,1.35367298545383e-18,9.64180890859457e-13
4466.83592150958,49.9999849395725,-7.01790260121022e-05,1.50578115052396e-05,-2.16406995626815e-11,0.175743522715656,-2.52484397046392e-07,1.41746962779387e-18,9.86639548907407e-13
4570.8818961487,49.9999849395679,-7.18137055232663e-05,1.50578115052381e-05,-2.21447762105431e-11,0.17574352271564,-2.58365514157781e-07,1.48427291325791e-18,1.0096213363039e-12
4677.35141287193,49.999984939563,-7.34864616116649e-05,1.50578115052367e-05,-2.26605943118721e-11,0.175743522715622,-2.64383620084645e-07,1.55422454057088e-18,1.03313843829681e-12
4786.30092322633,49.9999849395579,-7.51981811947177e-05,1.50578115052351e-05,-2.31884273602535e-11,0.175743522715604,-2.70541905706407e-07,1.6274728865129e-18,1.0572033239649e-12
4897.78819368441,49.9999849395526,-7.69497718488048e-05,1.50578115052334e-05,-2.37285552197562e-11,0.175743522715585,-2.76843636227618e-07,1.70417332064628e-18,1.08182875282908e-12
5011.87233627267,49.999984939547,-7.8742162290476e-05,1.50578115052317e-05,-2.42812642733207e-11,0.175743522715565,-2.83292152909212e-07,1.78448853487522e-18,1.1070277816177e-12
5128.61383991359,49.9999849395412,-8.05763028688686e-05,1.50578115052299e-05,-2.48468475746032e-11,0.175743522715543,-2.89890874840091e-07,1.86858888853714e-18,1.13281377118936e-12
5248.07460249767,49.999984939535,-8.24531660695947e-05,1.5057811505228e-05,-2.54256050033564e-11,0.175743522715521,-2.96643300749966e-07,1.9566527697577e-18,1.15920039361706e-12
5370.31796370247,49.9999849395286,-8.43737470303667e-05,1.50578115052261e-05,-2.60178434244297e-11,0.175743522715499,-3.03553010864433e-07,2.04886697383589e-18,1.18620163943728e-12
5495.40873857618,49.9999849395219,-8.63390640686318e-05,1.5057811505224e-05,-2.66238768504732e-11,0.175743522715474,-3.10623668803256e-07,2.14542709946193e-18,1.21383182506794e-12
5623.41325190343,49.9999849395149,-8.83501592214975e-05,1.50578115052218e-05,-2.72440266084312e-11,0.175743522715449,-3.17859023522865e-07,2.24653796360831e-18,1.2421056003992e-12
5754.3993733715,49.9999849395075,-9.0408098798234e-05,1.50578115052195e-05,-2.7878621509914e-11,0.175743522715423,-3.25262911304103e-07,2.35241403597404e-18,1.27103795656099e-12
5888.43655355582,49.9999849394998,-9.25139739456446e-05,1.50578115052172e-05,-2.85279980255381e-11,0.175743522715395,-3.32839257786274e-07,2.46327989390368e-18,1.30064423387151e-12
6025.59586074351,49.9999849394918,-9.46689012266071e-05,1.50578115052147e-05,-2.91925004633276e-11,0.175743522715366,-3.40592080048567e-07,2.57937069874592e-18,1.33094012997086e-12
6165.95001861475,49.9999849394833,-9.68740232120896e-05,1.50578115052121e-05,-2.98724811512707e-11,0.175743522715335,-3.48525488739965e-07,2.70093269466239e-18,1.36194170814418e-12
6309.57344480186,49.9999849394745,-9.91305090869569e-05,1.50578115052093e-05,-3.05683006241289e-11,0.175743522715303,-3.56643690258768e-07,2.82822373094453e-18,1.39366540583857e-12
6456.54229034648,49.9999849394652,-0.000101439555269888,1.50578115052065e-05,-3.12803278145967e-11,0.17574352271527,-3.64950988982878e-07,2.96151380894649e-18,1.42612804337845e-12
6606.93448007588,49.9999849394555,-0.000103802386047732,1.50578115052035e-05,-3.20089402489153e-11,0.175743522715235,-3.73451789552037e-07,3.10108565479423e-18,1.45934683288395e-12
6760.82975391974,49.9999849394453,-0.000106220254224644,1.50578115052004e-05,-3.27545242470418e-11,0.175743522715199,-3.82150599203229e-07,3.24723531908549e-18,1.49333938739694e-12
6918.30970918928,49.9999849394347,-0.000108694441786336,1.50578115051971e-05,-3.35174751274807e-11,0.17574352271516,-3.91052030160472e-07,3.40027280485287e-18,1.52812373021979e-12
7079.45784384129,49.9999849394236,-0.000111226260579801,1.50578115051936e-05,-3.42981974168879e-11,0.17574352271512,-4.00160802080284e-07,3.56052272512175e-18,1.56371830447148e-12
7244.35960074981,49.9999849394119,-0.000113817053008877,1.505781150519e-05,-3.5097105064555e-11,0.175743522715078,-4.09481744554105e-07,3.7283249914581e-18,1.60014198286643e-12
7413.10241300908,49.9999849393997,-0.000116468192746002,1.50578115051863e-05,-3.59146216618917e-11,0.175743522715034,-4.19019799669011e-07,3.90403553496645e-18,1.63741407772104e-12
7585.77575029174,49.9999849393869,-0.000119181085460558,1.50578115051823e-05,-3.6751180667019e-11,0.175743522714988,-4.28780024628074e-07,4.08802706126749e-18,1.67555435119335e-12
7762.47116628682,49.9999849393735,-0.00012195716956417,1.50578115051782e-05,-3.76072256345944e-11,0.17574352271494,-4.3876759443176e-07,4.28068984105666e-18,1.71458302576121e-12
7943.28234724272,49.9999849393595,-0.000124797916973376,1.50578115051739e-05,-3.84832104509908e-11,0.17574352271489,-4.48987804621778e-07,4.48243253792064e-18,1.75452079494448e-12
8128.30516164089,49.9999849393448,-0.000127704833890053,1.50578115051693e-05,-3.93795995749528e-11,0.175743522714837,-4.59446074088851e-07,4.69368307516757e-18,1.795388834277e-12
8317.63771102661,49.9999849393295,-0.000130679461600029,1.50578115051646e-05,-4.02968682838589e-11,0.175743522714781,-4.70147947945881e-07,4.91488954350979e-18,1.83720881253419e-12
8511.38038202366,49.9999849393134,-0.000133723377290289,1.50578115051596e-05,-4.12355029257201e-11,0.175743522714723,-4.81099100468041e-07,5.14652115152429e-18,1.88000290322206e-12
8709.6358995607,49.9999849392965,-0.000136838194885221,1.50578115051544e-05,-4.21960011770477e-11,0.175743522714663,-4.92305338101355e-07,5.38906922090706e-18,1.92379379633395e-12
8912.50938133734,49.9999849392789,-0.000140025565902346,1.5057811505149e-05,-4.31788723067281e-11,0.175743522714599,-5.03772602541346e-07,5.64304822863221e-18,1.968604710381e-12
9120.10839355898,49.9999849392604,-0.000143287180327964,1.50578115051433e-05,-4.41846374460441e-11,0.175743522714533,-5.15506973883406e-07,5.90899689822665e-18,2.014459404703e-12
9332.54300796979,49.999984939241,-0.000146624767513218,1.50578115051373e-05,-4.52138298649852e-11,0.175743522714463,-5.27514673846543e-07,6.18747934247495e-18,2.06138219206582e-12
9549.92586021424,49.9999849392208,-0.00015004009709101,1.50578115051311e-05,-4.62669952549948e-11,0.17574352271439,-5.39802069072216e-07,6.4790862599781e-18,2.10939795155242e-12
9772.37220955798,49.9999849391995,-0.000153534979914289,1.50578115051245e-05,-4.7344692018303e-11,0.175743522714314,-5.52375674500016e-07,6.78443618810452e-18,2.15853214175403e-12
9999.99999999987,49.9999849391773,-0.000157111269016189,1.50578115051177e-05,-4.84474915639985e-11,0.175743522714234,-5.6524215682197e-07,7.1041768149907e-18,2.20881081426866e-12
10232.9299228074,49.999984939154,-0.000160770860592527,1.50578115051105e-05,-4.95759786109975e-11,0.17574352271415,-5.78408338017312e-07,7.43898635337462e-18,2.26026062751399e-12
10471.2854805089,49.9999849391297,-0.000164515695007199,1.5057811505103e-05,-5.07307514980696e-11,0.175743522714062,-5.91881198969584e-07,7.78957497917582e-18,2.31290886086201e-12
10715.1930523759,49.9999849391042,-0.000168347757820979,1.50578115050951e-05,-5.19124225010845e-11,0.175743522713971,-6.05667883167997e-07,8.15668633787383e-18,2.36678342910292e-12
10964.7819614317,49.9999849390775,-0.000172269080844293,1.50578115050868e-05,-5.31216181576491e-11,0.175743522713874,-6.19775700494998e-07,8.54109912187986e-18,2.42191289724591e-12
11220.1845430195,49.9999849390495,-0.000176281743214513,1.50578115050782e-05,-5.43589795993059e-11,0.175743522713774,-6.34212131102072e-07,8.94362872224787e-18,2.4783264956647e-12
11481.5362149687,49.9999849390202,-0.000180387872498341,1.50578115050692e-05,-5.56251628914696e-11,0.175743522713668,-6.48984829375813e-07,9.36512895822824e-18,2.53605413559588e-12
11748.9755493951,49.9999849389895,-0.000184589645819873,1.50578115050597e-05,-5.69208393812814e-11,0.175743522713558,-6.64101627996383e-07,9.80649388833296e-18,2.59512642499826e-12
12022.644346174,49.9999849389574,-0.000188889291014941,1.50578115050498e-05,-5.82466960535662e-11,0.175743522713442,-6.79570542090502e-07,1.02686597067535e-17,2.65557468478158e-12
12302.6877081237,49.9999849389238,-0.00019328908781234,1.50578115050394e-05,-5.96034358950813e-11,0.175743522713321,-6.95399773481176e-07,1.07526067291543e-17,2.71743096541329e-12
12589.2541179415,49.9999849388886,-0.000197791369042567,1.50578115050286e-05,-6.09917782672488e-11,0.175743522713194,-7.1159771503641e-07,1.12593614720538e-17,2.78072806391214e-12
12882.4955169312,49.9999849388517,-0.000202398521874726,1.50578115050172e-05,-6.24124592875712e-11,0.175743522713062,-7.28172955119218e-07,1.17899988302032e-17,2.84549954123757e-12
13182.5673855639,49.9999849388131,-0.00020711298908223,1.50578115050053e-05,-6.38662322199302e-11,0.175743522712923,-7.45134282141288e-07,1.23456443565829e-17,2.9117797400842e-12
13489.6288259164,49.9999849387726,-0.000211937270337995,1.50578115049928e-05,-6.5353867873977e-11,0.175743522712777,-7.62490689222713e-07,1.2927476649851e-17,2.97960380309078e-12
13803.8426460287,49.9999849387303,-0.000216873923539799,1.50578115049797e-05,-6.68761550138262e-11,0.175743522712625,-7.80251378960263e-07,1.35367298543089e-17,3.04900769147323e-12
14125.3754462274,49.999984938686,-0.000221925566166511,1.50578115049661e-05,-6.84339007762691e-11,0.175743522712465,-7.98425768306725e-07,1.41746962776872e-17,3.12002820409184e-12
14454.3977074591,49.9999849386396,-0.000227094876665919,1.50578115049517e-05,-7.00279310987276e-11,0.175743522712298,-8.17023493563889e-07,1.48427291323033e-17,3.19270299696245e-12
14791.0838816819,49.9999849385909,-0.000232384595874871,1.50578115049367e-05,-7.16590911571777e-11,0.175743522712123,-8.36054415491854e-07,1.55422454054064e-17,3.26707060322219e-12
15135.6124843619,49.9999849385401,-0.000237797528472508,1.5057811504921e-05,-7.3328245814273e-11,0.17574352271194,-8.55528624537325e-07,1.62747288647974e-17,3.34317045356023e-12
15488.1661891246,49.9999849384867,-0.000243336544467341,1.50578115049046e-05,-7.50362800779061e-11,0.175743522711748,-8.75456446183703e-07,1.70417332060992e-17,3.42104289712452e-12
15848.9319246109,49.9999849384309,-0.000249004580718967,1.50578115048874e-05,-7.67840995704515e-11,0.175743522711547,-8.95848446425796e-07,1.78448853483535e-17,3.50072922291537e-12
16218.1009735891,49.9999849383725,-0.000254804642495228,1.50578115048693e-05,-7.85726310089388e-11,0.175743522711337,-9.16715437372046e-07,1.86858888849344e-17,3.58227168167746e-12
16595.8690743754,49.9999849383113,-0.000260739805065651,1.50578115048505e-05,-8.04028226964101e-11,0.175743522711117,-9.38068482977252e-07,1.95665276970978e-17,3.66571350830174e-12
16982.4365246172,49.9999849382472,-0.000266813215331988,1.50578115048307e-05,-8.22756450247229e-11,0.175743522710886,-9.59918904908829e-07,2.04886697378334e-17,3.75109894474915e-12
17378.0082874935,49.9999849381801,-0.000273028093496753,1.505781150481e-05,-8.41920909890648e-11,0.175743522710644,-9.82278288549701e-07,2.14542709940431e-17,3.83847326350826e-12
17782.794100389,49.9999849381098,-0.000279387734770609,1.50578115047883e-05,-8.61531767144525e-11,0.175743522710391,-1.00515848914103e-06,2.24653796354513e-17,3.92788279159939e-12
18197.0085860996,49.9999849380363,-0.000285895511119538,1.50578115047656e-05,-8.81599419944949e-11,0.175743522710126,-1.02857163806801e-06,2.35241403590478e-17,4.01937493513776e-12
18620.8713666284,49.9999849379592,-0.000292554873052697,1.50578115047418e-05,-9.02134508427053e-11,0.175743522709849,-1.05253014929211e-06,2.46327989382773e-17,4.11299820446889e-12
19054.6071796322,49.9999849378786,-0.000299369351451927,1.5057811504717e-05,-9.23147920566556e-11,0.175743522709559,-1.07704672593309e-06,2.57937069866264e-17,4.20880223988938e-12
19498.4459975802,49.9999849377941,-0.000306342559443874,1.50578115046909e-05,-9.4465079795271e-11,0.175743522709255,-1.1021343670044e-06,2.70093269457108e-17,4.3068378379669e-12
19952.6231496885,49.9999849377056,-0.000313478194315712,1.50578115046636e-05,-9.66654541695719e-11,0.175743522708936,-1.12780637430539e-06,2.82822373084441e-17,4.40715697847313e-12
20417.379446695,49.999984937613,-0.000320780039475498,1.5057811504635e-05,-9.8917081847176e-11,0.175743522708603,-1.15407635947413e-06,2.96151380883671e-17,4.50981285194422e-12
20892.9613085401,49.999984937516,-0.000328251966458184,1.50578115046051e-05,-1.01221156670881e-10,0.175743522708254,-1.18095825120447e-06,3.10108565467386e-17,4.61485988788304e-12
21379.620895022,49.9999849374145,-0.000335897936978355,1.50578115045738e-05,-1.03578900291654e-10,0.175743522707888,-1.20846630263121e-06,3.24723531895351e-17,4.72235378361844e-12
21877.6162394952,49.9999849373081,-0.000343722005030781,1.50578115045409e-05,-1.05991562816371e-10,0.175743522707505,-1.23661509888732e-06,3.40027280470815e-17,4.83235153383672e-12
22387.2113856831,49.9999849371967,-0.000351728319039905,1.50578115045066e-05,-1.08460423470636e-10,0.175743522707104,-1.26541956483715e-06,3.56052272496307e-17,4.94491146080099e-12
22908.6765276774,49.9999849370801,-0.000359921124059385,1.50578115044706e-05,-1.10986791277046e-10,0.175743522706685,-1.29489497298979e-06,3.72832499128411e-17,5.06009324527436e-12
23442.2881531989,49.999984936958,-0.000368304764022881,1.50578115044329e-05,-1.1357200574925e-10,0.175743522706245,-1.3250569515968e-06,3.90403553477568e-17,5.17795795816348e-12
23988.3291901946,49.9999849368302,-0.000376883684047268,1.50578115043935e-05,-1.1621743760218e-10,0.175743522705785,-1.35592149293843e-06,4.08802706105831e-17,5.29856809289917e-12
24547.08915685,49.9999849366963,-0.00038566243278949,1.50578115043522e-05,-1.18924489478818e-10,0.175743522705303,-1.38750496180304e-06,4.28068984082731e-17,5.42198759857126e-12
25118.8643150954,49.9999849365561,-0.000394645664858326,1.50578115043089e-05,-1.21694596693899e-10,0.175743522704798,-1.41982410416384e-06,4.48243253766916e-17,5.54828191383519e-12
25703.9578276883,49.9999849364093,-0.000403838143282318,1.50578115042636e-05,-1.24529227994934e-10,0.17574352270427,-1.45289605605789e-06,4.69368307489182e-17,5.67751800160853e-12
26302.6799189534,49.9999849362556,-0.000413244742035197,1.50578115042162e-05,-1.27429886340956e-10,0.175743522703716,-1.48673835267181e-06,4.91488954320744e-17,5.80976438457554e-12
26915.3480392688,49.9999849360946,-0.000422870448620124,1.50578115041665e-05,-1.30398109699413e-10,0.175743522703137,-1.52136893763919e-06,5.14652115119278e-17,5.94509118151886e-12
27542.2870333813,49.9999849359261,-0.000432720366714133,1.50578115041145e-05,-1.33435471861617e-10,0.17574352270253,-1.55680617255455e-06,5.38906922054356e-17,6.08357014449736e-12
28183.8293126441,49.9999849357496,-0.000442799718874167,1.50578115040601e-05,-1.36543583277186e-10,0.175743522701895,-1.59306884670887e-06,5.64304822823364e-17,6.22527469689006e-12
28840.3150312656,49.9999849355647,-0.000453113849306148,1.50578115040031e-05,-1.39724091907931e-10,0.17574352270123,-1.63017618705194e-06,5.90899689778964e-17,6.37027997232618e-12
29512.0922666634,49.9999849353712,-0.000463668226698544,1.50578115039433e-05,-1.42978684101624e-10,0.175743522700533,-1.66814786838675e-06,6.18747934199577e-17,6.51866285452198e-12
30199.5172040197,49.9999849351686,-0.000474468447121941,1.50578115038808e-05,-1.46309085486122e-10,0.175743522699804,-1.70700402380132e-06,6.4790862594527e-17,6.67050201804551e-12
30902.9543251354,49.9999849349564,-0.000485520236996154,1.50578115038154e-05,-1.49717061884319e-10,0.17574352269904,-1.74676525534352e-06,6.78443618752842e-17,6.82587797003093e-12
31622.7766016833,49.9999849347342,-0.000496829456126447,1.50578115037468e-05,-1.53204420250406e-10,0.17574352269824,-1.78745264494458e-06,7.10417681435903e-17,6.98487309286444e-12
32359.3656929623,49.9999849345015,-0.000508402100810486,1.5057811503675e-05,-1.56773009627947e-10,0.175743522697403,-1.82908776559697e-06,7.438986352682e-17,7.14757168786451e-12
33113.1121482586,49.9999849342579,-0.000520244307017649,1.50578115035998e-05,-1.60424722130259e-10,0.175743522696526,-1.87169269279272e-06,7.78957497841638e-17,7.31406001997958e-12
33884.4156139197,49.9999849340028,-0.000532362353642401,1.50578115035211e-05,-1.64161493943643e-10,0.175743522695607,-1.9152900162281e-06,8.15668633704112e-17,7.48442636352683e-12
34673.6850452526,49.9999849337357,-0.000544762665833447,1.50578115034387e-05,-1.67985306353971e-10,0.175743522694646,-1.95990285178103e-06,8.54109912096683e-17,7.65876104899643e-12
35481.338923357,49.9999849334559,-0.00055745181840043,1.50578115033524e-05,-1.71898186797192e-10,0.175743522693639,-2.00555485376737e-06,8.94362872124675e-17,7.83715651094594e-12
36307.8054770096,49.999984933163,-0.000570436539299982,1.50578115032621e-05,-1.75902209934304e-10,0.175743522692584,-2.05227022748277e-06,9.36512895713053e-17,8.01970733701035e-12
37153.5229097167,49.9999849328563,-0.000583723713202976,1.50578115031674e-05,-1.79999498751366e-10,0.17574352269148,-2.10007374203666e-06,9.80649388712934e-17,8.20651031805368e-12
38018.9396320555,49.9999849325352,-0.000597320385144869,1.50578115030683e-05,-1.84192225685138e-10,0.175743522690324,-2.14899074348512e-06,1.02686597054338e-16,8.39766449948879e-12
38904.5144994275,49.9999849321989,-0.000611233764261074,1.50578115029646e-05,-1.88482613774928e-10,0.175743522689114,-2.19904716826974e-06,1.07526067277073e-16,8.59327123379256e-12
39810.7170553491,49.9999849318467,-0.000625471227609339,1.50578115028559e-05,-1.92872937841285e-10,0.175743522687846,-2.2502695569694e-06,1.12593614704671e-16,8.79343423424429e-12
40738.0277804107,49.999984931478,-0.000640040324081157,1.50578115027422e-05,-1.97365525692132e-10,0.175743522686519,-2.30268506837251e-06,1.17899988284635e-16,8.9982596299159e-12
41686.9383470329,49.9999849310918,-0.000654948778404292,1.5057811502623e-05,-2.01962759357005e-10,0.175743522685129,-2.35632149387692e-06,1.23456443546754e-16,9.20785602194293e-12
42657.9518801586,49.9999849306875,-0.000670204495238533,1.50578115024983e-05,-2.06667076350035e-10,0.175743522683673,-2.41120727222526e-06,1.29274766477594e-16,9.4223345411063e-12
43651.5832240159,49.9999849302641,-0.000685815563366844,1.50578115023676e-05,-2.11480970962351e-10,0.175743522682149,-2.46737150458359e-06,1.35367298520155e-16,9.64180890675537e-12
44668.3592150956,49.9999849298208,-0.000701790259984147,1.50578115022308e-05,-2.16406995584583e-10,0.175743522680553,-2.52484396997121e-06,1.41746962751725e-16,9.86639548710333e-12
45708.8189614868,49.9999849293566,-0.000718137055085998,1.50578115020876e-05,-2.21447762060179e-10,0.175743522678882,-2.58365514104986e-06,1.4842729129546e-16,1.00962133609273e-11
46773.5141287191,49.9999849288705,-0.000734864615959495,1.50578115019377e-05,-2.26605943070233e-10,0.175743522677133,-2.64383620028075e-06,1.55422454023831e-16,1.03313843807054e-11
47863.0092322631,49.9999849283615,-0.000751981811778783,1.50578115017806e-05,-2.31884273550579e-10,0.1757435226753,-2.7054190564579e-06,1.62747288614824e-16,1.05720332372244e-11
48977.8819368439,49.9999849278285,-0.000769497718307611,1.50578115016162e-05,-2.3728555214189e-10,0.175743522673382,-2.76843636162666e-06,1.70417332024644e-16,1.08182875256928e-11
50118.7233627264,49.9999849272703,-0.000787421622711419,1.5057811501444e-05,-2.42812642673554e-10,0.175743522671373,-2.83292152839615e-06,1.78448853443681e-16,1.10702778133932e-11
51286.1383991357,49.9999849266859,-0.000805763028481517,1.50578115012636e-05,-2.48468475682112e-10,0.175743522669269,-2.89890874765516e-06,1.86858888805644e-16,1.13281377089108e-11
52480.7460249764,49.9999849260739,-0.000824531660473962,1.50578115010748e-05,-2.54256049965073e-10,0.175743522667066,-2.96643300670057e-06,1.95665276923062e-16,1.15920039329745e-11
53703.1796370244,49.9999849254331,-0.000843737470065806,1.50578115008771e-05,-2.60178434170908e-10,0.175743522664759,-3.0355301077881e-06,2.04886697325796e-16,1.1862016390948e-11
54954.0873857616,49.9999849247621,-0.000863390640431445,1.50578115006701e-05,-2.66238768426095e-10,0.175743522662344,-3.10623668711509e-06,2.14542709882824e-16,1.21383182470097e-11
56234.132519034,49.9999849240595,-0.000883501591941874,1.50578115004533e-05,-2.7244026600005e-10,0.175743522659815,-3.17859023424556e-06,2.24653796291348e-16,1.24210560000599e-11
57543.9937337148,49.9999849233237,-0.000904080987689707,1.50578115002263e-05,-2.78786215008852e-10,0.175743522657166,-3.25262911198764e-06,2.35241403521218e-16,1.27103795613966e-11
58884.365535558,49.9999849225533,-0.000925139739142885,1.50578114999886e-05,-2.85279980158635e-10,0.175743522654393,-3.32839257673401e-06,2.46327989306831e-16,1.30064423342004e-11
60255.9586074348,49.9999849217466,-0.000946689011930084,1.50578114997397e-05,-2.91925004529611e-10,0.175743522651489,-3.40592079927621e-06,2.57937069782996e-16,1.33094012948711e-11
61659.5001861472,49.9999849209018,-0.000968740231760879,1.5057811499479e-05,-2.98724811401628e-10,0.175743522648448,-3.48525488610369e-06,2.70093269365806e-16,1.36194170762583e-11
63095.7344480183,49.9999849200173,-0.000991305090483804,1.50578114992061e-05,-3.05683006122265e-10,0.175743522645264,-3.56643690119904e-06,2.82822372984331e-16,1.39366540528315e-11
64565.4229034645,49.999984919091,-0.00101439555228552,1.50578114989203e-05,-3.12803278018431e-10,0.17574352264193,-3.64950988834082e-06,2.96151380773903e-16,1.4261280427833e-11
66069.3448007586,49.9999849181211,-0.00103802386003441,1.50578114986211e-05,-3.20089402352496e-10,0.175743522638438,-3.734517893926e-06,3.10108565347027e-16,1.45934683224623e-11
67608.2975391971,49.9999849171055,-0.00106220254177185,1.50578114983077e-05,-3.27545242323987e-10,0.175743522634783,-3.82150599032389e-06,3.24723531763381e-16,1.49333938671362e-11
69183.0970918925,49.999984916042,-0.00108694441735482,1.50578114979796e-05,-3.35174751117905e-10,0.175743522630954,-3.91052029977413e-06,3.40027280326113e-16,1.5281237294876e-11
70794.5784384127,49.9999849149284,-0.0011122626052531,1.5057811497636e-05,-3.42981974000754e-10,0.175743522626946,-4.00160801884133e-06,3.56052272337644e-16,1.56371830368692e-11
72443.5960074979,49.9999849137623,-0.00113817052950489,1.50578114972763e-05,-3.50971050465402e-10,0.175743522622748,-4.09481744343926e-06,3.72832498954441e-16,1.60014198202576e-11
74131.0241300906,49.9999849125413,-0.00116468192683439,1.50578114968995e-05,-3.59146216425885e-10,0.175743522618353,-4.190197994438e-06,3.90403553286813e-16,1.63741407682025e-11
75857.7575029172,49.9999849112627,-0.0011918108539352,1.50578114965051e-05,-3.67511806463352e-10,0.175743522613751,-4.28780024386757e-06,4.08802705896673e-16,1.67555435022814e-11
77624.7116628679,49.9999849099239,-0.00121957169492337,1.5057811496092e-05,-3.76072256124313e-10,0.175743522608931,-4.38767594173184e-06,4.28068983853393e-16,1.71458302472697e-11
79432.8234724269,49.999984908522,-0.00124797916896406,1.50578114956594e-05,-3.84832104272426e-10,0.175743522603885,-4.48987804344709e-06,4.48243253515452e-16,1.75452079383626e-11
81283.0516164086,49.9999849070539,-0.00127704833807579,1.50578114952065e-05,-3.93795995495062e-10,0.1757435225986,-4.59446073791966e-06,4.69368307213459e-16,1.79538883308953e-11
83176.3771102658,49.9999849055167,-0.00130679461511656,1.50578114947322e-05,-4.02968682565925e-10,0.175743522593067,-4.70147947627763e-06,4.91488954018419e-16,1.83720881126179e-11
85113.8038202363,49.9999849039071,-0.00133723377195595,1.50578114942356e-05,-4.12355028965036e-10,0.175743522587273,-4.81099100127172e-06,5.14652114787785e-16,1.88000290185866e-11
87096.3589956067,49.9999849022216,-0.00136838194783756,1.50578114937156e-05,-4.21960011457416e-10,0.175743522581205,-4.92305337736107e-06,5.38906921690881e-16,1.92379379487303e-11
89125.0938133731,49.9999849004567,-0.00140025565793623,1.5057811493171e-05,-4.31788722731831e-10,0.175743522574852,-5.03772602149976e-06,5.64304822424822e-16,1.96860470881561e-11
91201.0839355895,49.9999848986086,-0.00143287180211466,1.50578114926008e-05,-4.41846374100999e-10,0.1757435225682,-5.15506973464046e-06,5.90899689341972e-16,2.01445940302565e-11
93325.4300796976,49.9999848966733,-0.00146624767388388,1.50578114920037e-05,-4.52138298264703e-10,0.175743522561233,-5.2751467339719e-06,6.18747933720424e-16,2.06138219026851e-11
95499.258602142,49.9999848946469,-0.00150040096957252,1.50578114913785e-05,-4.62669952137254e-10,0.175743522553939,-5.39802068590726e-06,6.47908625419889e-16,2.10939794962656e-11
97723.7220955795,49.999984892525,-0.00153534979770965,1.50578114907238e-05,-4.73446919740821e-10,0.175743522546301,-5.5237567398409e-06,6.78443618176774e-16,2.15853213969044e-11
99999.9999999984,49.9999848903031,-0.00157111268862614,1.50578114900383e-05,-4.84474915166149e-10,0.175743522538303,-5.65242156269145e-06,7.10417680804257e-16,2.20881081205748e-11
102329.299228074,49.9999848879765,-0.00160770860427969,1.50578114893204e-05,-4.95759785602251e-10,0.175743522529928,-5.78408337424949e-06,7.43898634575614e-16,2.26026062514467e-11
104712.854805088,49.9999848855402,-0.00164515694830872,1.50578114885688e-05,-5.0730751443666e-10,0.175743522521158,-5.91881198334857e-06,7.78957497082233e-16,2.31290885832324e-11
107151.930523759,49.999984882989,-0.00168347757632041,1.50578114877817e-05,-5.191242244279e-10,0.175743522511975,-6.05667882487874e-06,8.15668632871441e-16,2.36678342638258e-11
109647.819614317,49.9999848803177,-0.00172269080641843,1.50578114869575e-05,-5.31216180951854e-10,0.175743522502359,-6.19775699766234e-06,8.54109911183677e-16,2.42191289433101e-11
112201.845430195,49.9999848775205,-0.00176281742997584,1.50578114860944e-05,-5.43589795323749e-10,0.17574352249229,-6.34212130321187e-06,8.94362871123584e-16,2.47832649254133e-11
114815.362149686,49.9999848745914,-0.00180387872265897,1.50578114851907e-05,-5.56251628197518e-10,0.175743522481746,-6.4898482853908e-06,9.3651289461538e-16,2.53605413224913e-11
117489.755493951,49.9999848715243,-0.00184589645570805,1.50578114842444e-05,-5.69208393044343e-10,0.175743522470705,-6.64101627099807e-06,9.80649387509359e-16,2.59512642141215e-11
120226.443461739,49.9999848683126,-0.0018888929074806,1.50578114832535e-05,-5.82466959712231e-10,0.175743522459144,-6.79570541129804e-06,1.02686596922368e-15,2.655574680939e-11
123026.877081236,49.9999848649496,-0.00193289087526371,1.50578114822159e-05,-5.9603435806849e-10,0.175743522447039,-6.9539977245177e-06,1.07526067132371e-15,2.71743096129589e-11
125892.541179415,49.9999848614281,-0.00197791368736146,1.50578114811294e-05,-6.09917781727063e-10,0.175743522434362,-7.11597713933381e-06,1.12593614546009e-15,2.78072805950027e-11
128824.955169311,49.9999848577406,-0.0020239852154639,1.50578114799917e-05,-6.24124591862671e-10,0.175743522421089,-7.28172953937301e-06,1.17899988110665e-15,2.84549953651017e-11
131825.673855639,49.9999848538794,-0.00207112988730412,1.50578114788003e-05,-6.38662321113808e-10,0.175743522407189,-7.45134280874842e-06,1.23456443356e-15,2.9117797350187e-11
134896.288259163,49.9999848498362,-0.00211937269961015,1.50578114775529e-05,-6.53538677576643e-10,0.175743522392635,-7.62490687865692e-06,1.29274766268437e-15,2.97960379766299e-11
138038.426460286,49.9999848456024,-0.00216873923135857,1.50578114762466e-05,-6.6876154889195e-10,0.175743522377395,-7.80251377506189e-06,1.35367298290819e-15,3.04900768565725e-11
141253.754462273,49.9999848411691,-0.0022192556573368,1.50578114748788e-05,-6.84339006427243e-10,0.175743522361436,-7.98425766748656e-06,1.41746962500263e-15,3.12002819785991e-11
144543.97707459,49.9999848365268,-0.00227094876202132,1.50578114734465e-05,-7.00279309556318e-10,0.175743522344726,-8.17023491894389e-06,1.48427291019737e-15,3.19270299028482e-11
147910.838816818,49.9999848316658,-0.00232384595377915,1.50578114719467e-05,-7.16590910038478e-10,0.175743522327228,-8.36054413702953e-06,1.55422453721507e-15,3.26707059606697e-11
151356.124843618,49.9999848265756,-0.0023779752794001,1.50578114703762e-05,-7.33282456499771e-10,0.175743522308905,-8.55528622620483e-06,1.62747288283333e-15,3.34317044589328e-11
154881.661891246,49.9999848212456,-0.0024333654389676,1.50578114687317e-05,-7.50362799018598e-10,0.175743522289719,-8.75456444129769e-06,1.70417331661171e-15,3.42104288890924e-11
158489.319246109,49.9999848156644,-0.00249004580107577,1.50578114670097e-05,-7.67840993818145e-10,0.175743522269628,-8.95848444224967e-06,1.7844885304514e-15,3.50072921411254e-11
162181.00973589,49.9999848098201,-0.00254804641840113,1.50578114652065e-05,-7.85726308068106e-10,0.17574352224859,-9.16715435013815e-06,1.86858888368652e-15,3.58227167224505e-11
165958.690743753,49.9999848037005,-0.00260739804363682,1.50578114633184e-05,-8.04028224798259e-10,0.175743522226562,-9.38068480450362e-06,1.95665276443911e-15,3.66571349819474e-11
169824.365246172,49.9999847972924,-0.00266813214579815,1.50578114613413e-05,-8.22756447926488e-10,0.175743522203495,-9.59918902201217e-06,2.04886696800417e-15,3.7510989339193e-11
173780.082874935,49.9999847905823,-0.00273028092690785,1.5057811459271e-05,-8.41920907403929e-10,0.175743522179341,-9.82278285648443e-06,2.14542709306757e-15,3.83847325190386e-11
177827.941003889,49.9999847835559,-0.00279387733906999,1.50578114571031e-05,-8.61531764479957e-10,0.175743522154048,-1.00515848603228e-05,2.24653795659703e-15,3.92788277916505e-11
181970.085860995,49.9999847761985,-0.00285895510194163,1.50578114548331e-05,-8.81599417089813e-10,0.175743522127564,-1.02857163473692e-05,2.35241402828634e-15,4.01937492181413e-11
186208.713666284,49.9999847684942,-0.00292554872061139,1.50578114524561e-05,-9.0213450536772e-10,0.175743522099831,-1.05253014572278e-05,2.46327988547428e-15,4.11299819019237e-11
190546.071796322,49.9999847604269,-0.00299369350389454,1.50578114499671e-05,-9.23147917288422e-10,0.175743522070791,-1.07704672210849e-05,2.57937068950326e-15,4.20880222459181e-11
194984.459975801,49.9999847519794,-0.00306342558305414,1.50578114473607e-05,-9.44650794440126e-10,0.175743522040383,-1.10213436290627e-05,2.70093268452802e-15,4.30683782157526e-11
199526.231496885,49.9999847431338,-0.0031347819309583,1.50578114446315e-05,-9.66654537931918e-10,0.175743522008541,-1.12780636991416e-05,2.82822371983242e-15,4.40715696090918e-11
204173.79446695,49.9999847338713,-0.00320780038168371,1.50578114417737e-05,-9.89170814438775e-10,0.175743521975199,-1.15407635476884e-05,2.96151379676231e-15,4.5098128331241e-11
208929.6130854,49.9999847241722,-0.00328251965057572,1.50578114387812e-05,-1.01221156238738e-09,0.175743521940286,-1.18095824616266e-05,3.10108564143454e-15,4.61485986771692e-11
213796.20895022,49.9999847140161,-0.00335897935477572,1.50578114356477e-05,-1.03578899828605e-09,0.175743521903727,-1.20846629722882e-05,3.24723530443688e-15,4.72235376201005e-11
218776.162394952,49.9999847033813,-0.00343722003422664,1.50578114323665e-05,-1.05991562320205e-09,0.175743521865446,-1.23661509309856e-05,3.40027278879099e-15,4.83235151068292e-11
223872.11385683,49.9999846922453,-0.00351728317316777,1.50578114289307e-05,-1.08460422938985e-09,0.17574352182536,-1.26541955863437e-05,3.56052270751025e-15,4.94491143599125e-11
229086.765276773,49.9999846805845,-0.0035992112221302,1.50578114253329e-05,-1.10986790707372e-09,0.175743521783385,-1.2948949663434e-05,3.72832497214748e-15,5.06009321869024e-11
234422.881531988,49.9999846683741,-0.00368304762044465,1.50578114215656e-05,-1.13572005138833e-09,0.175743521739431,-1.32505694447506e-05,3.90403551379277e-15,5.17795792967808e-11
239883.291901945,49.9999846555883,-0.00376883681927356,1.50578114176208e-05,-1.16217436948106e-09,0.175743521693407,-1.35592148530735e-05,4.08802703805102e-15,5.29856806237652e-11
245470.891568499,49.9999846421999,-0.00385662430517964,1.505781141349e-05,-1.18924488777965e-09,0.175743521645213,-1.38750495362619e-05,4.28068981560031e-15,5.42198756586564e-11
251188.643150954,49.9999846281805,-0.00394645662424342,1.50578114091645e-05,-1.21694595942922e-09,0.175743521594747,-1.41982409540219e-05,4.48243251000831e-15,5.54828187879049e-11
257039.578276882,49.9999846135004,-0.00403838140674258,1.50578114046352e-05,-1.24529227190248e-09,0.175743521541904,-1.45289604666961e-05,4.69368304456231e-15,5.67751796405746e-11
263026.799189534,49.9999845981285,-0.0041324473924061,1.50578113998924e-05,-1.27429885478719e-09,0.17574352148657,-1.48673834261209e-05,4.91488950995179e-15,5.80976434433885e-11
269153.480392687,49.9999845820321,-0.0042287044562567,1.50578113949262e-05,-1.3039810877551e-09,0.175743521428628,-1.52136892686e-05,5.14652111472868e-15,5.94509113840447e-11
275422.870333812,49.999984565177,-0.00432720363505517,1.50578113897258e-05,-1.33435470871636e-09,0.175743521367956,-1.55680616100444e-05,5.38906918056147e-15,6.08357009829945e-11
281838.29312644,49.9999845475277,-0.00442799715436074,1.50578113842804e-05,-1.36543582216403e-09,0.175743521304424,-1.59306883433271e-05,5.64304818439416e-15,6.22527464738811e-11
288403.150312656,49.9999845290465,-0.00453113845622165,1.50578113785783e-05,-1.39724090771282e-09,0.175743521237898,-1.63017617379064e-05,5.9089968497206e-15,6.37027991928389e-11
295120.922666633,49.9999845096944,-0.00463668222751085,1.50578113726075e-05,-1.42978682883682e-09,0.175743521168236,-1.66814785417701e-05,6.18747928928913e-15,6.51866279768614e-11
301995.172040196,49.9999844894302,-0.00474468442892163,1.50578113663553e-05,-1.46309084181074e-09,0.175743521095292,-1.70700400857531e-05,6.47908620166101e-15,6.67050195714481e-11
309029.543251354,49.9999844682111,-0.00485520232463865,1.50578113598085e-05,-1.49717060485935e-09,0.17574352101891,-1.74676523902856e-05,6.7844361241611e-15,6.82587790477467e-11
316227.766016832,49.9999844459918,-0.00496829451270012,1.50578113529531e-05,-1.53204418752011e-09,0.175743520938928,-1.78745262746278e-05,7.10417674487815e-15,6.98487302294109e-11
323593.656929623,49.9999844227254,-0.00508402095606722,1.50578113457746e-05,-1.56773008022387e-09,0.175743520855177,-1.82908774686489e-05,7.43898627649773e-15,7.1475716129403e-11
331131.121482585,49.9999843983625,-0.00520244301441716,1.50578113382578e-05,-1.60424720409871e-09,0.175743520767478,-1.87169267272093e-05,7.78957489488199e-15,7.31405993969684e-11
338844.156139197,49.9999843728515,-0.00532362347667681,1.50578113303868e-05,-1.64161492100214e-09,0.175743520675647,-1.9152899947208e-05,8.15668624544748e-15,7.48442627750232e-11
346736.850452526,49.9999843461381,-0.00544762659431419,1.50578113221448e-05,-1.67985304378701e-09,0.175743520579487,-1.95990282873554e-05,8.5410990205364e-15,7.65876095681951e-11
354813.389233569,49.9999843181657,-0.00557451811540533,1.50578113135144e-05,-1.71898184680652e-09,0.175743520478796,-2.00555482907368e-05,8.94362861112697e-15,7.83715641217659e-11
363078.054770095,49.9999842888751,-0.0057043653194947,1.50578113044772e-05,-1.75902207666391e-09,0.175743520373359,-2.05227020102301e-05,9.36512883638661e-15,8.01970723117709e-11
371535.229097166,49.999984258204,-0.00583723705326761,1.50578112950142e-05,-1.79999496321254e-09,0.175743520262954,-2.10007371368451e-05,9.80649375473627e-15,8.2065102046513e-11
380189.396320554,49.9999842260875,-0.00597320376705353,1.50578112851051e-05,-1.84192223081225e-09,0.175743520147345,-2.14899071310525e-05,1.02686595602676e-14,8.39766437797596e-11
389045.144994274,49.9999841924573,-0.0061123375521797,1.5057811274729e-05,-1.88482610984785e-09,0.175743520026287,-2.19904713571712e-05,1.07526065685358e-14,8.59327110358921e-11
398107.17055349,49.9999841572422,-0.00625471217919478,1.5057811263864e-05,-1.92872934851593e-09,0.175743519899524,-2.25026952208864e-05,1.12593612959391e-14,8.79343409472889e-11
407380.277804106,49.9999841203675,-0.00640040313698283,1.50578112524869e-05,-1.97365522488619e-09,0.175743519766788,-2.3026850309971e-05,1.17899986370973e-14,8.99825948042245e-11
416869.383470328,49.9999840817549,-0.00654948767278843,1.50578112405736e-05,-2.0196275592438e-09,0.175743519627795,-2.35632145382844e-05,1.23456441448465e-14,9.20785586175781e-11
426579.518801585,49.9999840413226,-0.006702044833174,1.50578112280988e-05,-2.06667072671911e-09,0.175743519482252,-2.41120722931255e-05,1.29274764176866e-14,9.42233436946487e-11
436515.832240158,49.9999839989847,-0.0068581555059312,1.50578112150361e-05,-2.1148096702117e-09,0.175743519329849,-2.46737145860179e-05,1.35367295997458e-14,9.64180872283825e-11
446683.592150955,49.9999839546515,-0.00701790246296854,1.50578112013578e-05,-2.16406991361532e-09,0.175743519170265,-2.52484392070083e-05,1.41746959985642e-14,9.86639529003259e-11
457088.189614867,49.999983908229,-0.007181370404198,1.50578111870349e-05,-2.21447757535098e-09,0.175743519003159,-2.58365508825569e-05,1.4842728826251e-14,1.00962131497622e-10
467735.14128719,49.9999838596186,-0.00734864600244381,1.5057811172037e-05,-2.26605938221521e-09,0.175743518828177,-2.64383614371078e-05,1.55422450698268e-14,1.03313841544379e-10
478630.09232263,49.9999838087173,-0.00751981794939736,1.50578111563322e-05,-2.3188426835509e-09,0.175743518644949,-2.70541899584209e-05,1.62747284968417e-14,1.05720329947744e-10
489778.819368438,49.9999837554171,-0.00769497700264247,1.50578111398872e-05,-2.37285546574824e-09,0.175743518453086,-2.76843629667564e-05,1.70417328026438e-14,1.0818287265903e-10
501187.233627263,49.999983699605,-0.00787421603377606,1.50578111226673e-05,-2.42812636708335e-09,0.175743518252181,-2.83292145879988e-05,1.78448849059735e-14,1.10702775350234e-10
512861.383991356,49.9999836411625,-0.00805763007764963,1.50578111046358e-05,-2.48468469290265e-09,0.175743518041807,-2.89890867308141e-05,1.86858883998743e-14,1.13281374106322e-10
524807.460249763,49.9999835799656,-0.00824531638275774,1.50578110857545e-05,-2.54256043116085e-09,0.175743517821518,-2.96643292679337e-05,1.956652716524e-14,1.15920036133632e-10
537031.796370243,49.9999835158847,-0.0084373744628002,1.50578110659833e-05,-2.60178426832086e-09,0.175743517590848,-3.03553002216598e-05,2.0488669154663e-14,1.18620160484784e-10
549540.873857615,49.9999834487837,-0.00863390614944516,1.50578110452804e-05,-2.66238760562405e-09,0.175743517349306,-3.10623659536935e-05,2.14542703546094e-14,1.21383178800469e-10
562341.325190339,49.9999833785204,-0.00883501564632138,1.50578110236017e-05,-2.72440257573955e-09,0.175743517096382,-3.17859013593823e-05,2.24653789343262e-14,1.24210556068521e-10
575439.937337147,49.9999833049456,-0.00904080958426797,1.50578110009014e-05,-2.78786205980128e-09,0.175743516831537,-3.25262900664943e-05,2.35241395902794e-14,1.27103791400668e-10
588843.655355579,49.9999832279034,-0.00925139707787112,1.50578109771312e-05,-2.85279970484183e-09,0.17574351655421,-3.32839246386209e-05,2.46327980953395e-14,1.30064418827375e-10
602559.586074347,49.9999831472303,-0.00946688978331769,1.50578109522408e-05,-2.91924994163249e-09,0.175743516263813,-3.40592067833177e-05,2.57937060623635e-14,1.33094008111198e-10
616595.001861471,49.9999830627551,-0.00968740195759636,1.50578109261774e-05,-2.98724800293872e-09,0.175743515959731,-3.48525475650939e-05,2.70093259322767e-14,1.36194165579095e-10
630957.344480182,49.9999829742988,-0.00991305051907777,1.50578108988856e-05,-3.0568299422009e-09,0.175743515641317,-3.56643676233624e-05,2.82822361972357e-14,1.39366534974107e-10
645654.229034644,49.9999828816737,-0.0101439551095057,1.50578108703075e-05,-3.1280326526502e-09,0.175743515307897,-3.64950973954665e-05,2.96151368699514e-14,1.4261279832689e-10
660693.448007584,49.9999827846833,-0.010380238157432,1.50578108403827e-05,-3.2008938868697e-09,0.175743514958763,-3.73451773449017e-05,3.10108552107723e-14,1.4593467684754e-10
676082.97539197,49.9999826831218,-0.0106220249431297,1.50578108090475e-05,-3.27545227681112e-09,0.175743514593175,-3.82150581948532e-05,3.24723517246772e-14,1.49333931838194e-10
691830.970918924,49.999982576774,-0.0108694436650171,1.50578107762356e-05,-3.35174735427782e-09,0.175743514210358,-3.91052011671731e-05,3.40027264408969e-14,1.52812365626889e-10
707945.784384125,49.9999824654141,-0.0111226255076302,1.50578107418772e-05,-3.42981957188485e-09,0.175743513809499,-4.00160782269242e-05,3.56052254884843e-14,1.56371822523166e-10
724435.960074977,49.9999823488059,-0.0113817047111771,1.50578107058996e-05,-3.5097103245073e-09,0.175743513389748,-4.0948172332619e-05,3.72832479817825e-14,1.60014189795943e-10
741310.241300904,49.9999822267022,-0.011646818642714,1.50578106682265e-05,-3.59146197122817e-09,0.175743512950215,-4.19019776922891e-05,3.90403532303931e-14,1.63741398674155e-10
758577.57502917,49.9999820988439,-0.0119181078689775,1.50578106287778e-05,-3.67511785779742e-09,0.175743512489967,-4.28780000255169e-05,4.088026828894e-14,1.67555425370708e-10
776247.116628678,49.9999819649599,-0.0121957162309145,1.50578105874701e-05,-3.76072233961426e-09,0.175743512008028,-4.38767568315721e-05,4.2806895862642e-14,1.71458292130279e-10
794328.234724267,49.9999818247661,-0.0124797909199477,1.50578105442155e-05,-3.84832080524465e-09,0.175743511503377,-4.48987776637938e-05,4.48243225854627e-14,1.75452068301526e-10
812830.516164085,49.9999816779652,-0.0127704825560171,1.50578104989224e-05,-3.93795970048663e-09,0.175743510974942,-4.59446044103627e-05,4.69368276883967e-14,1.79538871434268e-10
831763.771102656,49.9999815242457,-0.0130679452674399,1.50578104514947e-05,-4.02968655299617e-09,0.175743510421602,-4.70147915816134e-05,4.91488920762793e-14,1.83720868402225e-10
851138.038202361,49.9999813632817,-0.0133723367726304,1.50578104018318e-05,-4.1235499974866e-09,0.175743509842184,-4.81099066040398e-05,5.14652078323716e-14,1.88000276551904e-10
870963.589956065,49.9999811947317,-0.0136838184637227,1.50578103498284e-05,-4.21959980151506e-09,0.17574350923546,-4.92305301211471e-05,5.38906881708825e-14,1.9237936487825e-10
891250.938133729,49.9999810182381,-0.0140025554921422,1.50578102953741e-05,-4.31788689186943e-09,0.175743508600141,-5.03772563013123e-05,5.64304778585369e-14,1.96860455227678e-10
912010.839355893,49.9999808334267,-0.0143287168561693,1.50578102383534e-05,-4.41846338157005e-09,0.17574350793488,-5.15506931528153e-05,5.90899641272967e-14,2.01445923529128e-10
933254.300796974,49.9999806399054,-0.0146624754905431,1.50578101786455e-05,-4.5213825975002e-09,0.175743507238267,-5.27514628462072e-05,6.1874788101381e-14,2.06138201053789e-10
954992.586021419,49.9999804372637,-0.0150040083581523,1.50578101161236e-05,-4.62669910868028e-09,0.175743506508824,-5.39802020441879e-05,6.47908567628236e-14,2.10939775704174e-10
977237.220955793,49.9999802250718,-0.0153534965438613,1.50578100506552e-05,-4.73446875520048e-09,0.175743505745003,-5.52375622391672e-05,6.78443554809488e-14,2.15853193333208e-10
999999.999999982,49.9999800028796,-0.0157111253505222,1.50578099821013e-05,-4.84474867782738e-09,0.175743504945184,-5.65242100986873e-05,7.10417611323409e-14,2.20881059094052e-10
1023292.99228074,49.9999797702158,-0.0160770843972228,1.50578099103166e-05,-4.95759734830011e-09,0.175743504107671,-5.78408278188928e-05,7.4389855839138e-14,2.26026038821358e-10
1047128.54805088,49.9999795265869,-0.0164515677198227,1.50578098351487e-05,-5.07307460033225e-09,0.175743503230686,-5.91881134862316e-05,7.78957413547882e-14,2.312908604447e-10
1071519.30523759,49.9999792714762,-0.0168347738738322,1.50578097564384e-05,-5.19124166133569e-09,0.175743502312372,-6.05667814475822e-05,8.15668541277847e-14,2.36678315434929e-10
1096478.19614316,49.9999790043424,-0.0172269060396858,1.50578096740185e-05,-5.31216118488354e-09,0.175743501350778,-6.19775626890008e-05,8.54109810753298e-14,2.42191260284209e-10
1122018.45430194,49.999978724619,-0.0176281721304692,1.50578095877143e-05,-5.43589728392904e-09,0.175743500343866,-6.34212052232905e-05,8.94362761003864e-14,2.47832618020532e-10
1148153.62149686,49.9999784317127,-0.0180387849021545,1.50578094973427e-05,-5.56251556479825e-09,0.175743499289499,-6.48984744865978e-05,9.36512773871509e-14,2.53605379757507e-10
1174897.55493951,49.9999781250021,-0.0184589620664033,1.5057809402712e-05,-5.69208316197451e-09,0.175743498185442,-6.64101537442463e-05,9.80649255116337e-14,2.59512606280244e-10
1202264.43461739,49.9999778038367,-0.0188889264059973,1.50578093036215e-05,-5.82466877369303e-09,0.175743497029352,-6.7957044506023e-05,1.02686582405762e-13,2.65557429668177e-10
1230268.77081236,49.9999774675352,-0.0193289058929571,1.5057809199861e-05,-5.96034269836454e-09,0.175743495818777,-6.95399669511368e-05,1.07526051215229e-13,2.71743054955686e-10
1258925.41179414,49.9999771153844,-0.0197791338094123,1.50578090912105e-05,-6.09917687184734e-09,0.175743494551149,-7.11597603630754e-05,1.1259359709321e-13,2.78072761831395e-10
1288249.55169311,49.9999767466372,-0.0202398488712871,1.50578089774393e-05,-6.24124490558741e-09,0.175743493223781,-7.28172835745908e-05,1.17899968974052e-13,2.84549906377051e-10
1318256.73855638,49.9999763605114,-0.0207112953548663,1.50578088583064e-05,-6.38662212564692e-09,0.175743491833855,-7.45134154230483e-05,1.23456422373121e-13,2.91177922846903e-10
1348962.88259163,49.9999759561882,-0.0211937232263092,1.50578087335589e-05,-6.5353856126417e-09,0.175743490378424,-7.62490552163818e-05,1.29274743261168e-13,2.97960325488525e-10
1380384.26460286,49.9999755328097,-0.0216873882741805,1.50578086029322e-05,-6.68761424260891e-09,0.175743488854401,-7.80251232099012e-05,1.3536727306385e-13,3.04900710406043e-10
1412537.54462273,49.9999750894781,-0.0221925522450674,1.50578084661492e-05,-6.8433887288266e-09,0.175743487258552,-7.9842561094206e-05,1.41746934839442e-13,3.1200275746677e-10
1445439.7707459,49.9999746252529,-0.0227094829823556,1.50578083229199e-05,-7.0027916646072e-09,0.175743485587494,-8.17023324944615e-05,1.48427260690251e-13,3.19270232252233e-10
1479108.38816818,49.9999741391495,-0.0232384545682375,1.50578081729404e-05,-7.16590756708783e-09,0.175743483837682,-8.36054234813049e-05,1.55422420465887e-13,3.26706988054659e-10
1513561.24843618,49.9999736301367,-0.0237797474690281,1.50578080158926e-05,-7.33282292204045e-09,0.175743482005403,-8.55528430936499e-05,1.62747251819271e-13,3.34316967919939e-10
1548816.61891245,49.9999730971349,-0.0243336486838647,1.50578078514433e-05,-7.50362622972558e-09,0.175743480086771,-8.75456238736683e-05,1.70417291679122e-13,3.42104206738194e-10
1584893.19246108,49.9999725390135,-0.0249004518968709,1.50578076792438e-05,-7.67840805181417e-09,0.175743478077718,-8.95848224142312e-05,1.78448809205696e-13,3.50072833383018e-10
1621810.0973589,49.9999719545887,-0.0254804576328636,1.50578074989288e-05,-7.85726105940213e-09,0.17574347597398,-9.16715199191005e-05,1.86858840299659e-13,3.58227072900553e-10
1659586.90743753,49.9999713426208,-0.0260739734166871,1.50578073101158e-05,-8.04028008214321e-09,0.175743473771097,-9.38068227761671e-05,1.95665223737308e-13,3.66571248749539e-10
1698243.65246171,49.9999707018117,-0.0266813139362578,1.50578071124043e-05,-8.22756215852621e-09,0.175743471464395,-9.59918631440411e-05,2.04886639008777e-13,3.75109785093545e-10
1737800.82874934,49.9999700308023,-0.0273028012094064,1.5057806905375e-05,-8.41920658732303e-09,0.175743469048981,-9.82277995523017e-05,2.14542645939485e-13,3.83847209146578e-10
1778279.41003889,49.9999693281692,-0.0279387647546058,1.50578066885887e-05,-8.61531498023514e-09,0.175743466519733,-0.000100515817515728,2.24653726178872e-13,3.92788153573326e-10
1819700.85860995,49.999968592422,-0.0285895417656749,1.50578064615856e-05,-8.81599131576594e-09,0.175743463871285,-0.000102857130162837,2.35241326644418e-13,4.01937358945298e-10
1862087.13666283,49.9999678220001,-0.0292554772905515,1.50578062238842e-05,-9.02134199434799e-09,0.175743461098019,-0.000105252978879055,2.46327905013098e-13,4.1129967625417e-10
1905460.71796321,49.9999670152695,-0.0299369244142291,1.50578059749802e-05,-9.23147589475397e-09,0.175743458194054,-0.000107704633964871,2.57936977356756e-13,4.20880069483659e-10
1949844.59975801,49.9999661705188,-0.0306342444459529,1.50578057143458e-05,-9.44650443182147e-09,0.175743455153229,-0.000110213395309324,2.70093168022452e-13,4.30683618241303e-10
1995262.31496884,49.9999652859562,-0.0313478071107769,1.5057805441428e-05,-9.66654161552219e-09,0.175743451969094,-0.00011278059307916,2.82822261863554e-13,4.40715520451523e-10
2041737.94466949,49.9999643597056,-0.0320779907455811,1.50578051556481e-05,-9.89170411140669e-09,0.175743448634896,-0.000115407588424055,2.96151258932397e-13,4.50981095111412e-10
2089296.130854,49.9999633898021,-0.0328251824996543,1.50578048563998e-05,-1.01221113024569e-08,0.175743445143562,-0.000118095774198253,3.10108431750475e-13,4.61485785110693e-10
2137962.08950219,49.9999623741885,-0.0335897785399479,1.50578045430483e-05,-1.03578853523789e-08,0.175743441487687,-0.000120846575699008,3.24723385277677e-13,4.72235160117356e-10
2187761.62394951,49.9999613107106,-0.0343721842611094,1.5057804214929e-05,-1.05991512703702e-08,0.175743437659516,-0.000123661451422233,3.40027119707736e-13,4.83234919530496e-10
2238721.1385683,49.9999601971126,-0.0351728145004078,1.5057803871346e-05,-1.08460369773945e-08,0.175743433650929,-0.000126541893835733,3.56052096223101e-13,4.94490895501912e-10
2290867.65276773,49.9999590310323,-0.0359920937576641,1.50578035115705e-05,-1.10986733740006e-08,0.175743429453423,-0.000129489430170459,3.72832305848688e-13,5.06009056028077e-10
2344228.81531988,49.9999578099964,-0.0368304564203026,1.50578031348392e-05,-1.13571944097203e-08,0.175743425058095,-0.000132505623230176,3.90403341550571e-13,5.17795508114109e-10
2398832.91901944,49.999956531415,-0.037688346993644,1.50578027403532e-05,-1.16217371540823e-08,0.175743420455622,-0.000135592072219994,4.08802473732507e-13,5.29856501011422e-10
2454708.91568498,49.9999551925759,-0.0385662203365611,1.50578023272756e-05,-1.189244186928e-08,0.175743415636241,-0.000138750413594188,4.28068729290454e-13,5.42198429530775e-10
2511886.43150953,49.9999537906394,-0.0394645419026218,1.50578018947304e-05,-1.21694520845317e-08,0.17574341058973,-0.00014198232192377,4.48242974392748e-13,5.54827837432467e-10
2570395.78276881,49.9999523226317,-0.0403837879868476,1.50578014417999e-05,-1.24529146721716e-08,0.175743405305385,-0.000145289510784247,4.69368001161508e-13,5.67751420895479e-10
2630267.99189533,49.999950785439,-0.0413244459782189,1.50578009675235e-05,-1.27429799255137e-08,0.175743399771996,-0.000148673733664071,4.91488618439138e-13,5.80976032067398e-10
2691534.80392686,49.9999491758009,-0.0422870146180587,1.50578004708951e-05,-1.3039801638528e-08,0.175743393977827,-0.00015213678489423,5.14651746832433e-13,5.94508682697002e-10
2754228.70333811,49.9999474903028,-0.0432720042644341,1.50577999508615e-05,-1.33435371873725e-08,0.175743387910588,-0.000155680500599485,5.38906518235875e-13,6.08356547851437e-10
2818382.9312644,49.9999457253699,-0.0442799371627141,1.50577994063194e-05,-1.36543476138233e-08,0.175743381557409,-0.000159306759671767,5.6430438004522e-13,6.22526969719938e-10
2884031.50312655,49.9999438772583,-0.045311347722427,1.50577988361139e-05,-1.39723977106479e-08,0.175743374904815,-0.000163017484766229,5.90899204282401e-13,6.3702746150613e-10
2951209.22666633,49.9999419420481,-0.0463667828005645,1.50577982390355e-05,-1.42978561089657e-08,0.175743367938694,-0.000166814643320494,6.18747401863203e-13,6.51865711410946e-10
3019951.72040196,49.9999399156344,-0.047446801991482,1.50577976138177e-05,-1.4630895367643e-08,0.17574336064427,-0.000170700248597636,6.47908042250066e-13,6.67049586708292e-10
3090295.43251353,49.9999377937189,-0.0485519779235496,1.50577969591343e-05,-1.49716920647695e-08,0.175743353006072,-0.000174676360753446,6.78442978743806e-13,6.82587137915606e-10
3162277.66016832,49.9999355718008,-0.0496828965627086,1.50577962735967e-05,-1.53204268912644e-08,0.175743345007896,-0.000178745087928544,7.10416979679981e-13,6.98486603061509e-10
3235936.56929622,49.9999332451672,-0.0508401575230977,1.50577955557508e-05,-1.56772847466621e-08,0.17574333663278,-0.00018290858736592,7.43897865808169e-13,7.14756412052835e-10
3311311.21482584,49.9999308088829,-0.0520243743849086,1.5057794804074e-05,-1.60424548371276e-08,0.175743327862957,-0.000187169066554498,7.78956654145533e-13,7.31405191143319e-10
3388441.56139196,49.9999282577804,-0.0532361750196444,1.50577940169717e-05,-1.64161307757548e-08,0.175743318679826,-0.000191528784399313,8.15667708609776e-13,7.48441767506328e-10
3467368.50452525,49.9999255864483,-0.0544762019229489,1.50577931927746e-05,-1.67985106851987e-08,0.175743309063908,-0.000195990052418944,8.54108897750968e-13,7.6587517391405e-10
3548133.89233568,49.9999227892206,-0.0557451125551845,1.50577923297343e-05,-1.71897973026976e-08,0.175743298994807,-0.000200555235970819,8.94361759916778e-13,7.83714653525615e-10
3630780.54770094,49.9999198601639,-0.0570435796899392,1.50577914260204e-05,-1.75901980875404e-08,0.175743288451165,-0.000205226755505037,9.36511676201416e-13,8.01969664786678e-10
3715352.29097165,49.9999167930655,-0.058372291770646,1.50577904797158e-05,-1.79999253310349e-08,0.175743277410618,-0.000210007087847392,9.80648051545097e-13,8.2064988644307e-10
3801893.96320554,49.9999135814195,-0.059731953275505,1.50577894888134e-05,-1.84191962690366e-08,0.175743265849748,-0.000214898767512257,1.02686450436809e-12,8.39765222671144e-10
3890451.44994273,49.9999102184137,-0.0611232850908989,1.50577884512113e-05,-1.88482331970972e-08,0.175743253744032,-0.000219904388046024,1.07525906514161e-12,8.59325808327558e-10
3981071.70553489,49.9999066969148,-0.0625470248935016,1.50577873647087e-05,-1.92872635882926e-08,0.175743241067793,-0.00022502660340183,1.12593438431656e-12,8.79342014321247e-10
4073802.77804105,49.9999030094534,-0.0640039275412804,1.50577862270009e-05,-1.97365202137945e-08,0.175743227794143,-0.000230268129346268,1.17899795005131e-12,8.99824453110439e-10
4168693.83470327,49.9998991482078,-0.0654947654735994,1.50577850356748e-05,-2.01962412662475e-08,0.175743213894927,-0.000235631744898846,1.23456231620008e-12,9.20783984327616e-10
4265795.18801584,49.999895104988,-0.0670203291206357,1.50577837882035e-05,-2.06666704860183e-08,0.175743199340664,-0.000241120293804955,1.29274534104558e-12,9.42231720535394e-10
4365158.32240157,49.9998908712178,-0.0685814273223232,1.50577824819409e-05,-2.11480572903837e-08,0.175743184100482,-0.000246736686043104,1.35367043728209e-12,9.64179033116361e-10
4466835.92150954,49.9998864379169,-0.0701788877570483,1.50577811141162e-05,-2.16406569057239e-08,0.175743168142055,-0.000252483899367254,1.41746683377937e-12,9.86637558299992e-10
4570881.89614866,49.9998817956818,-0.0718135573803207,1.50577796818282e-05,-2.21447305027937e-08,0.175743151431534,-0.000258364980885025,1.48426984968221e-12,1.00961920332982e-09
4677351.41287189,49.9998769346659,-0.0734863028736543,1.50577781820388e-05,-2.2660545335141e-08,0.175743133933474,-0.000264383048672649,1.55422118142725e-12,1.03313615277413e-09
4786300.92322629,49.9998718445583,-0.0751980111038922,1.50577766115669e-05,-2.3188374880746e-08,0.175743115610759,-0.000270541293427484,1.62746920328553e-12,1.05720087498347e-09
4897788.19368436,49.9998665145625,-0.076949589593221,1.50577749670812e-05,-2.37284989869568e-08,0.175743096424525,-0.000276842980159001,1.7041692820682e-12,1.08182612869849e-09
5011872.33627262,49.9998609333729,-0.0787419670001214,1.50577732450937e-05,-2.42812040187973e-08,0.175743076334076,-0.000283291449919102,1.78448410666291e-12,1.10702496981142e-09
5128613.83991355,49.9998550891513,-0.0805760936115079,1.50577714419518e-05,-2.48467830107257e-08,0.175743055296798,-0.000289890121572705,1.86858403309947e-12,1.13281075828501e-09
5248074.60249762,49.9998489695015,-0.0824529418463205,1.5057769553831e-05,-2.54255358219237e-08,0.175743033268069,-0.000296642493609518,1.95664744587682e-12,1.15919716523228e-09
5370317.96370242,49.9998425614431,-0.0843735067708305,1.50577675767262e-05,-2.60177692951985e-08,0.175743010201164,-0.000303552145997973,2.04886113631733e-12,1.1861981801611e-09
5495408.73857613,49.9998358513839,-0.086338806625935,1.50577655064439e-05,-2.66237974195816e-08,0.175742986047155,-0.000310622742082272,2.14542069875097e-12,1.21382811838724e-09
5623413.25190338,49.9998288250914,-0.0883498833667168,1.50577633385928e-05,-2.72439414967094e-08,0.17574296075481,-0.00031785803052358,2.24653094536929e-12,1.24210162861983e-09
5754399.37337145,49.9998214676619,-0.0904078032145545,1.50577610685746e-05,-2.78785303110744e-08,0.175742934270481,-0.000325261847286356,2.35240634062912e-12,1.27103370072334e-09
5888436.55355577,49.9998137634899,-0.0925136572220746,1.50577586915745e-05,-2.85279003042359e-08,0.175742906537993,-0.000332838117670893,2.46327145612706e-12,1.30063967366001e-09
6025595.86074345,49.9998056962339,-0.0946685618512422,1.50577562025507e-05,-2.91923957530827e-08,0.175742877498521,-0.000340590858393123,2.57936144690932e-12,1.33093524361699e-09
6165950.0186147,49.9997972487827,-0.0968736595648959,1.50577535962236e-05,-2.98723689522408e-08,0.175742847090472,-0.000348524179712793,2.70092255022701e-12,1.36193647232257e-09
6309573.4448018,49.9997884032184,-0.0991301194320374,1.5057750867065e-05,-3.05681804007235e-08,0.175742815249347,-0.000356642287611131,2.82821260779429e-12,1.39365979555562e-09
6456542.29034642,49.9997791407789,-0.101439137747197,1.50577480092863e-05,-3.12801989929208e-08,0.175742781907607,-0.000364949486019134,2.96150161265705e-12,1.42612203185308e-09
6606934.48007582,49.9997694418177,-0.103801938664195,1.50577450168256e-05,-3.20088022140295e-08,0.175742746994533,-0.000373450179097684,3.10107228183137e-12,1.4593403914197e-09
6760829.75391968,49.9997592857626,-0.106219774844645,1.50577418833359e-05,-3.27543763400269e-08,0.175742710436071,-0.00038214887357065,3.24722065592629e-12,1.49333248524506e-09
6918309.70918922,49.9997486510718,-0.108693928121521,1.50577386021708e-05,-3.35173166422926e-08,0.175742672154678,-0.000391050181112243,3.40025672702193e-12,1.52811633443237e-09
7079457.84384123,49.9997375151883,-0.111225710178158,1.50577351663705e-05,-3.4298027596987e-08,0.175742632069156,-0.000400158820789852,3.56050509613462e-12,1.56371037974425e-09
7244359.60074975,49.9997258544921,-0.113816463243029,1.50577315686477e-05,-3.50969230992953e-08,0.17574259009448,-0.000409479621563653,3.7283056616626e-12,1.60013349137019e-09
7413102.41300902,49.9997136442501,-0.116467560800665,1.50577278013712e-05,-3.59144266826507e-08,0.17574254614162,-0.000419017524844312,3.90401434027233e-12,1.63740497892111e-09
7585775.75029168,49.9997008585634,-0.119180408319102,1.50577238565504e-05,-3.67509717430516e-08,0.175742500117348,-0.000428777587110117,4.08800382175346e-12,1.67554460165607e-09
7762471.16628676,49.9996874703129,-0.121956443994222,1.50577197258181e-05,-3.76070017685899e-08,0.175742451924045,-0.000438764982584912,4.28066435944306e-12,1.7145725789466e-09
7943282.34724265,49.9996734511014,-0.124797139511387,1.50577154004127e-05,-3.84829705743125e-08,0.175742401459489,-0.000448985005978243,4.48240459789477e-12,1.75450960098408e-09
8128305.16164082,49.9996587711931,-0.127704000824768,1.50577108711599e-05,-3.93793425425366e-08,0.175742348616642,-0.000459443075289155,4.6936524395474e-12,1.79537683973585e-09
8317637.71102654,49.9996433994513,-0.130678568954768,1.50577061284528e-05,-4.02965928687476e-08,0.175742293283421,-0.000470144734675102,4.91485595223057e-12,1.83719596015574e-09
8511380.38202359,49.9996273032718,-0.133722420803967,1.50577011622319e-05,-4.12352078132064e-08,0.175742235342463,-0.000481095657387478,5.14648431943092e-12,1.87998913165487e-09
8709635.89956062,49.9996104485138,-0.136837169992008,1.50576959619637e-05,-4.21956849583986e-08,0.175742174670871,-0.000492301648775306,5.38902883533337e-12,1.92377903983881e-09
8912509.38133727,49.9995927994277,-0.140024467709869,1.50576905166181e-05,-4.31785334724606e-08,0.175742111139959,-0.000503768649358656,5.64300394674685e-12,1.96858889851717e-09
9120108.3935589,49.9995743185792,-0.14328600359396,1.50576848146455e-05,-4.41842743787194e-08,0.175742044614976,-0.000515502737973403,5.90894834412283e-12,2.01444246199192e-09
9332543.00796971,49.9995549667698,-0.146623506620503,1.50576788439516e-05,-4.52134408314882e-08,0.175741974954819,-0.000527510134988957,6.18742610397939e-12,2.06136403763084e-09
9549925.86021416,49.9995347029537,-0.150038746020672,1.50576725918726e-05,-4.62665783982615e-08,0.175741902011738,-0.00053979720560066,6.47902788515219e-12,2.10937849873275e-09
9772372.2095579,49.999513484151,-0.153533532216954,1.50576660451476e-05,-4.73442453484552e-08,0.175741825631019,-0.000552370463198564,6.78437218140786e-12,2.15851129769106e-09
9999999.99999979,49.9994912653563,-0.157109717781235,1.5057659189891e-05,-4.84470129488462e-08,0.175741745650657,-0.000565236572814341,7.10410663307461e-12,2.20878847946271e-09
10232929.9228073,49.9994679994431,-0.160769198415101,1.50576520115625e-05,-4.95754657658608e-08,0.175741661901013,-0.000578402354648121,7.43890940046967e-12,2.26023669534938e-09
10471285.4805088,49.9994436370645,-0.164513913952866,1.5057644494937e-05,-5.07302019748727e-08,0.175741574204454,-0.00059187478767711,7.78949060203454e-12,2.31288321709811e-09
10715193.0523758,49.9994181265478,-0.168345849387851,1.50576366240718e-05,-5.19118336766708e-08,0.175741482374974,-0.000605661013347845,8.15659382022537e-12,2.36675595132886e-09
10964781.9614316,49.9993914137854,-0.172267035922446,1.50576283822727e-05,-5.31209872212596e-08,0.175741386217805,-0.000619768339354015,8.54099767834978e-12,2.42188345429627e-09
11220184.5430194,49.9993634421199,-0.176279552042503,1.50576197520589e-05,-5.43583035391624e-08,0.175741285528998,-0.000634204243501813,8.94351749169122e-12,2.4782949469934e-09
11481536.2149686,49.9993341522239,-0.180385524616606,1.50576107151262e-05,-5.56244384803988e-08,0.175741180094995,-0.000648976377664814,9.36500699641959e-12,2.53602033060534e-09
11748975.549395,49.9993034819745,-0.184587130020811,1.50576012523072e-05,-5.69200631613102e-08,0.175741069692173,-0.000664092571830441,9.80636015995104e-12,2.5950902023205e-09
12022644.3461739,49.999271366321,-0.18888659528941,1.50575913435318e-05,-5.82458643194162e-08,0.175740954086371,-0.000679560838240097,1.02685130765927e-11,2.65553587150801e-09
12302687.7081235,49.9992377371477,-0.193286199292334,1.50575809677837e-05,-5.96025446764821e-08,0.175740833032394,-0.000695389375625126,1.07524459524883e-11,2.71738937626933e-09
12589254.1179414,49.9992025231287,-0.197788273939797,1.50575701030568e-05,-6.09908233099873e-08,0.175740706273494,-0.000711586573540766,1.12591851840692e-11,2.78068350037289e-09
12882495.5169311,49.9991656495773,-0.202395205414802,1.50575587263074e-05,-6.24114360331845e-08,0.175740573540823,-0.000728161016800351,1.17898055344144e-11,2.84545179058017e-09
13182567.3855638,49.9991270382872,-0.207109435434141,1.50575468134063e-05,-6.38651357839473e-08,0.175740434552863,-0.000745121490012029,1.23454324121288e-11,2.91172857437247e-09
13489628.8259162,49.9990866073671,-0.211933462538543,1.50575343390872e-05,-6.53526930226044e-08,0.175740289014833,-0.000762476982220341,1.29272442575662e-11,2.97954897808723e-09
13803842.6460286,49.9990442710664,-0.21686984341263,1.50575212768932e-05,-6.68748961389658e-08,0.175740136618059,-0.000780236691655042,1.35364750414515e-11,3.04894894547326e-09
14125375.4462272,49.9989999395942,-0.221921194235359,1.50575075991207e-05,-6.84325518687493e-08,0.175739977039322,-0.000798410030589591,1.41744168811926e-11,3.11996525667458e-09
14454397.707459,49.9989535189284,-0.227090192061637,1.50574932767606e-05,-7.00264857196211e-08,0.175739809940175,-0.000817006630311818,1.48424227804233e-11,3.19263554765227e-09
14791083.8816817,49.9989049106164,-0.232379576235826,1.50574782794369e-05,-7.16575424070674e-08,0.175739634966221,-0.000836036346209278,1.55419094975763e-11,3.26699833005447e-09
15135612.4843617,49.9988540115665,-0.237792149837842,1.50574625753425e-05,-7.33265863003203e-08,0.175739451746362,-0.000855509262971923,1.62743605495607e-11,3.34309301154461e-09
15488166.1891245,49.9988007138293,-0.243330781162604,1.50574461311711e-05,-7.5034501878564e-08,0.175739259892017,-0.000875435699914711,1.70413293569034e-11,3.4209599165982e-09
15848931.9246108,49.998744904369,-0.248998405233572,1.50574289120474e-05,-7.67821941976547e-08,0.175739058996295,-0.000895826216422873,1.784444253701e-11,3.50064030777871e-09
16218100.9735889,49.9986864648233,-0.254798025351143,1.50574108814526e-05,-7.85705893675897e-08,0.175738848633129,-0.0009166916175226,1.86854033525187e-11,3.58217640750337e-09
16595869.0743752,49.9986252712532,-0.260732714676696,1.50573920011472e-05,-8.04006350409676e-08,0.175738628356379,-0.000938042959579961,1.95659953220421e-11,3.66561142030986e-09
16982436.5246171,49.9985611938795,-0.266805617853079,1.505737223109e-05,-8.22733009126874e-08,0.175738397698884,-0.000959891556130947,2.04880860009409e-11,3.75098955563521e-09
17378008.2874934,49.9984940968082,-0.273019952662355,1.50573515293529e-05,-8.41895792311358e-08,0.175738156171471,-0.000982248983845553,2.14536309401271e-11,3.83835605111819e-09
17782794.1003888,49.9984238377424,-0.279379011721649,1.50573298520327e-05,-8.61504853211235e-08,0.175737903261915,-0.00100512708862892,2.24646778312742e-11,3.9277571964371e-09
18197008.5860994,49.9983502676805,-0.28588616421793,1.50573071531571e-05,-8.81570581188285e-08,0.175737638433861,-0.00102853799186261,2.35233708472019e-11,4.01924035769476e-09
18620871.3666283,49.9982732306004,-0.292544857682612,1.5057283384588e-05,-9.02103607190161e-08,0.175737361125681,-0.00105249409678902,2.46319551866167e-11,4.11285400236285e-09
19054607.179632,49.9981925631291,-0.299358619806847,1.50572584959193e-05,-9.23114809348093e-08,0.175737070749285,-0.00107700809504236,2.57927818328203e-11,4.20864772479821e-09
19498445.99758,49.9981080941959,-0.30633106029842,1.50572324343699e-05,-9.44615318702847e-08,0.175736766688875,-0.00110209297332913,2.70083125364481e-11,4.30667227234348e-09
19952623.1496884,49.9980196446705,-0.313465872781162,1.50572051446718e-05,-9.66616525061811e-08,0.175736448299641,-0.00112776202026169,2.82811250327733e-11,4.4069795720252e-09
20417379.4466949,49.9979270269828,-0.320766836737815,1.50571765689535e-05,-9.89130082990067e-08,0.175736114906391,-0.00115402883334808,2.96139185046053e-11,4.50962275786254e-09
20892961.3085399,49.9978300447257,-0.328237819497317,1.50571466466164e-05,-1.01216791793843e-07,0.175735765802126,-0.00118090732614169,3.10095193023293e-11,4.61465619879981e-09
21379620.8950218,49.9977284922389,-0.335882778267464,1.50571153142075e-05,-1.03574223251143e-07,0.175735400246536,-0.00120841173555416,3.24708869331756e-11,4.72213552727681e-09
21877616.2394951,49.9976221541729,-0.343705762213966,1.50570825052841e-05,-1.05986551287831e-07,0.175735017464433,-0.00123655662933518,3.40011203323728e-11,4.83211766845058e-09
22387211.3856829,49.9975108050332,-0.351710914586878,1.50570481502733e-05,-1.08455053533016e-07,0.17573461664411,-0.00126535691372279,3.5603464429433e-11,4.94466087008302e-09
22908676.5276772,49.9973942087017,-0.35990247489546,1.50570121763247e-05,-1.10981037298637e-07,0.175734196935621,-0.00129482784126782,3.72813170234382e-11,5.05982473310853e-09
23442288.1531987,49.9972721179373,-0.368284781132507,1.50569745071561e-05,-1.13565840265359e-07,0.175733757448978,-0.00132498501883636,3.90382359818463e-11,5.1776702428967e-09
23988329.1901944,49.9971442738516,-0.376862272049208,1.50569350628914e-05,-1.16210831184057e-07,0.175733297252269,-0.00135584441579404,4.08779467780148e-11,5.29825980122473e-09
24547089.1568498,49.9970104053604,-0.385639489481637,1.50568937598919e-05,-1.18917410593215e-07,0.175732815369679,-0.00138742237237596,4.28043503833529e-11,5.42165725897496e-09
25118864.3150952,49.99687022861,-0.394621080729962,1.50568505105792e-05,-1.21687011552582e-07,0.175732310779428,-0.00141973560824644,4.48215315307565e-11,5.5479279495729e-09
25703957.8276881,49.9967234463753,-0.403811800991511,1.5056805223249e-05,-1.24521100393441e-07,0.175731782411604,-0.00145280123125235,4.69337673667608e-11,5.67713872318163e-09
26302679.9189532,49.9965697474307,-0.413216515848826,1.50567578018778e-05,-1.27421177485825e-07,0.175731229145897,-0.00148663674637442,4.91455365106583e-11,5.80935798166845e-09
26915348.0392686,49.9964088058909,-0.422840203813874,1.50567081459187e-05,-1.30388778023053e-07,0.175730649809227,-0.00152126006488048,5.14615285396882e-11,5.94465571436002e-09
27542287.033381,49.9962402805206,-0.432687958929592,1.50566561500889e-05,-1.3342547282395e-07,0.175730043173258,-0.001556689513685,5.388665392029e-11,6.08310353460272e-09
28183829.3126439,49.9960638140119,-0.442764993429959,1.50566017041469e-05,-1.36532869153109e-07,0.175729407951799,-0.00159294384491923,5.64260544063532e-11,6.2247747171447e-09
28840315.0312654,49.9958790322281,-0.453076640459819,1.50565446926587e-05,-1.39712611559575e-07,0.175728742798083,-0.00163004224571619,5.90851139263697e-11,6.36974423635687e-09
29512092.2666632,49.995685543411,-0.463628356855678,1.50564849947535e-05,-1.42966382734338e-07,0.175728046301906,-0.00166800434821516,6.18694699824199e-11,6.51808880531002e-09
30199517.2040195,49.9954829373521,-0.474425725988741,1.50564224838679e-05,-1.46295904387011e-07,0.175727316986655,-0.00170685023978998,6.47850255849927e-11,6.66988691572548e-09
30902954.3251352,49.9952707845238,-0.485474460671438,1.50563570274781e-05,-1.4970293814209e-07,0.17572655330617,-0.00174660047350578,6.7837961748758e-11,6.82521887881719e-09
31622776.6016831,49.9950486351705,-0.496780406128742,1.50562884868192e-05,-1.53189286455192e-07,0.17572575364148,-0.00178727607880885,7.10347505755839e-11,6.98416686704311e-09
32359365.6929621,49.9948160183567,-0.508349543035565,1.50562167165913e-05,-1.56756793549664e-07,0.17572491629737,-0.00182889857245417,7.43821689523126e-11,7.14681495678409e-09
33113112.1482584,49.9945724409703,-0.520187990621559,1.50561415646526e-05,-1.6040734637398e-07,0.1757240394988,-0.00187148996967547,7.78873128920931e-11,7.31324917196861e-09
33884415.6139195,49.9943173866792,-0.532302009844643,1.5056062871697e-05,-1.64142875580332e-07,0.175723121387144,-0.00191507279560255,8.15576125494072e-11,7.48355752866203e-09
34673685.0452524,49.9940503148389,-0.544698006634613,1.50559804709173e-05,-1.67965356524825e-07,0.175722160016259,-0.00195967009693065,8.54008479403271e-11,7.6578300806391e-09
35481338.9233568,49.9937706593488,-0.557382535208176,1.50558941876521e-05,-1.71876810289702e-07,0.175721153348369,-0.0020053054538469,8.94251654010107e-11,7.83615896595865e-09
36307805.4770093,49.9934778274548,-0.570362301456794,1.50558038390165e-05,-1.75879304728015e-07,0.175720099249753,-0.00205200299221857,9.36390948189711e-11,8.0186384545596e-09
37153522.9097164,49.9931711984956,-0.583644166408715,1.50557092335153e-05,-1.79974955531171e-07,0.175718995486236,-0.00209978739604831,9.80515676732628e-11,8.20536499689751e-09
38018939.6320553,49.9928501225901,-0.597235149766569,1.5055610170638e-05,-1.84165927319786e-07,0.175717839718459,-0.00214868392020118,1.02671935921401e-10,8.39643727364115e-09
38904514.4994272,49.9925139192636,-0.611142433521944,1.50555064404349e-05,-1.88454434758264e-07,0.175716629496936,-0.00219871840340867,1.07509991772586e-10,8.59195624644843e-09
39810717.0553488,49.9921618760091,-0.62537336564834,1.50553978230734e-05,-1.92842743693553e-07,0.175715362256876,-0.0022499172815546,1.12575988388634e-10,8.79202520984136e-09
40738027.7804104,49.9917932467813,-0.639935463873917,1.50552840883729e-05,-1.97333172318499e-07,0.175714035312761,-0.00230230760124816,1.17880661555933e-10,8.99674984419963e-09
41686938.3470326,49.9914072504198,-0.654836419535436,1.50551649953189e-05,-2.01928092360241e-07,0.175712645852672,-0.00235591703368903,1.23435252373753e-10,9.20623826989242e-09
42657951.8801583,49.991003068999,-0.670084101514834,1.50550402915533e-05,-2.06629930294078e-07,0.175711190932343,-0.00241077388882968,1.29251531006309e-10,9.4206011025683e-09
43651583.2240156,49.9905798460995,-0.685686560259819,1.50549097128415e-05,-2.11441168583249e-07,0.175709667468947,-0.00246690712984009,1.35341821548204e-10,9.6399515096225e-09
44668359.2150953,49.9901366849996,-0.701652031889923,1.50547729825144e-05,-2.1636434694506e-07,0.17570807223458,-0.00252434638787974,1.41719028055117e-10,9.86440526786146e-09
45708818.9614865,49.9896726467819,-0.717988942389396,1.50546298108838e-05,-2.21402063643793e-07,0.175706401849448,-0.00258312197718211,1.48396661794038e-10,1.00940808223839e-08
46773514.1287188,49.9891867483501,-0.734705911888352,1.50544798946309e-05,-2.26556976810812e-07,0.175704652774728,-0.00264326491045658,1.55388869769805e-10,1.0329099346698e-08
47863009.2322628,49.9886779603548,-0.751811759033544,1.50543229161664e-05,-2.31831805792325e-07,0.1757028213051,-0.00270480691461285,1.62710464587349e-10,1.05695848040931e-08
48977881.9368435,49.9881452050203,-0.769315505450139,1.50541585429596e-05,-2.37229332525188e-07,0.175700903560925,-0.00276778044681265,1.7037695571174e-10,1.08156640102859e-08
50118723.3627261,49.9875873538714,-0.787226380295842,1.50539864268375e-05,-2.42752402941188e-07,0.175698895480064,-0.00283221871085366,1.78404582190999e-10,1.1067466697359e-08
51286138.3991353,49.9870032253526,-0.805553824908699,1.50538062032498e-05,-2.48403928400215e-07,0.175696792809305,-0.00289815567389046,1.86810346909605e-10,1.13251255790099e-08
52480746.0249761,49.9863915823365,-0.824307497549866,1.50536174905006e-05,-2.5418688715271e-07,0.175694591095396,-0.00296562608349711,1.95612052443722e-10,1.15887764171289e-08
53703179.6370241,49.9857511295158,-0.84349727824263,1.50534198889432e-05,-2.60104325831787e-07,0.175692285675657,-0.00303466548507591,2.04828338592433e-10,1.18585580897224e-08
54954087.3857612,49.9850805106735,-0.863133273708885,1.50532129801385e-05,-2.66159360975409e-07,0.175689871668151,-0.00310531023961683,2.14478721662628e-10,1.21346126601994e-08
56234132.5190336,49.9843783058249,-0.883225822404275,1.50529963259728e-05,-2.72355180578985e-07,0.1756873439614,-0.00317759754181174,2.24583635588747e-10,1.24170854480364e-08
57543993.7337144,49.9836430282272,-0.903785499653114,1.50527694677351e-05,-2.78695045678721e-07,0.17568469720362,-0.00325156543852768,2.35164474972238e-10,1.27061251008365e-08
58884365.5355576,49.982873121249,-0.924823122884186,1.50525319251515e-05,-2.85182291966089e-07,0.175681925791448,-0.00332725284764294,2.46243640129481e-10,1.30018836677969e-08
60255958.6074344,49.9820669550934,-0.946349756968423,1.50522831953741e-05,-2.9182033143369e-07,0.175679023858152,-0.00340469957724963,2.5784458424088e-10,1.33045166745993e-08
61659500.1861468,49.9812228233692,-0.968376719659415,1.5052022751923e-05,-2.98612654052836e-07,0.175675985261284,-0.00348394634522618,2.69991862698076e-10,1.36141831997344e-08
63095734.4480179,49.9803389395018,-0.990915587137629,1.50517500435789e-05,-3.05562829483092e-07,0.175672803569762,-0.00356503479918279,2.82711184750547e-10,1.39310459522735e-08
64565422.9034641,49.9794134329769,-1.01397819965908,1.50514644932243e-05,-3.12674508814038e-07,0.17566947205035,-0.00364800753678271,2.96029467557453e-10,1.42552713510956e-08
66069344.8007581,49.9784443454098,-1.03757666730921,1.50511654966307e-05,-3.19951426339444e-07,0.175665983653506,-0.00373290812644184,3.09974892755298e-10,1.45870296055807e-08
67608297.5391967,49.9774296264309,-1.06172337586242,1.50508524211891e-05,-3.27397401364041e-07,0.175662330998574,-0.00381978112840853,3.24576965656944e-10,1.49264947977742e-08
69183097.0918921,49.9763671293815,-1.08643099274787,1.50505246045821e-05,-3.3501634004304e-07,0.175658506358288,-0.00390867211622538,3.39866577202663e-10,1.52738449660295e-08
70794578.4384122,49.975254606808,-1.11171247312173,1.50501813533936e-05,-3.42812237254468e-07,0.175654501642554,-0.00399962769857412,3.55876068789285e-10,1.56292621901317e-08
72443596.0074974,49.9740897057479,-1.13758106604616,1.50498219416542e-05,-3.50789178504408e-07,0.17565030838148,-0.0040926955415042,3.72639300109072e-10,1.59929326779035e-08
74131024.1300901,49.9728699627968,-1.16405032077495,1.50494456093199e-05,-3.58951341865123e-07,0.175645917707621,-0.00418792439104518,3.90191720135799e-10,1.63650468532921e-08
75857757.5029167,49.9715927989469,-1.19113409314574,1.50490515606785e-05,-3.67302999946038e-07,0.175641320337395,-0.00428536409620237,4.08570441401543e-10,1.67457994459348e-08
77624711.6628674,49.9702555141861,-1.21884655207845,1.50486389626842e-05,-3.7584852189745e-07,0.175636506551646,-0.00438506563233436,4.27814317714032e-10,1.7135389582196e-08
79432823.4724264,49.968855281847,-1.24720218617938,1.50482069432138e-05,-3.84592375446814e-07,0.175631466175303,-0.00448708112491069,4.47964025470914e-10,1.75340208776661e-08
81283051.6164081,49.9673891426958,-1.27621581045016,1.50477545892426e-05,-3.93539128967364e-07,0.175626188556094,-0.0045914638736466,4.69062148734161e-10,1.79419015311108e-08
83176377.1102652,49.9658539987461,-1.30590257310056,1.50472809449361e-05,-4.02693453578736e-07,0.175620662542289,-0.00469826837701137,4.91153268234882e-10,1.83592444198542e-08
85113803.8202357,49.9642466067891,-1.33627796246395,1.50467850096538e-05,-4.12060125279215e-07,0.175614876459401,-0.00480755035710547,5.14284054486208e-10,1.87862671965755e-08
87096358.9956061,49.9625635716241,-1.36735781401368,1.50462657358605e-05,-4.21644027109114e-07,0.175608818085825,-0.00491936678490093,5.38503365189529e-10,1.92231923874951e-08
89125093.8133725,49.9608013389779,-1.39915831747857,1.50457220269415e-05,-4.31450151344681e-07,0.175602474627345,-0.00503377590583805,5.63862347127323e-10,1.9670247491922e-08
91201083.9355889,49.9589561880986,-1.43169602405531,1.50451527349181e-05,-4.4148360172188e-07,0.175595832690478,-0.00515083726577042,5.90414542744039e-10,2.01276650831281e-08
93325430.079697,49.9570242240079,-1.46498785371509,1.50445566580565e-05,-4.51749595689199e-07,0.175588878254583,-0.00527061173724884,6.18216001625042e-10,2.05956829105102e-08
95499258.6021414,49.9550013693993,-1.49905110260147,1.50439325383686e-05,-4.62253466688597e-07,0.175581596642697,-0.00539316154613333,6.47325397092483e-10,2.10745440029956e-08
97723722.0955788,49.9528833561639,-1.53390345051618,1.50432790589972e-05,-4.73000666463497e-07,0.175573972491032,-0.00551855029852084,6.77804148146108e-10,2.15644967736399e-08
99999999.9999977,49.9506657165281,-1.56956296848863,1.50425948414819e-05,-4.83996767392635e-07,0.175565989717071,-0.00564684300797462,7.09716546986543e-10,2.20657951253577e-08
102329299.228073,49.9483437737873,-1.60604812642516,1.50418784428997e-05,-4.95247464848401e-07,0.175557631486218,-0.00577810612303923,7.43129892368389e-10,2.25786985577237e-08
104712854.805088,49.9459126326151,-1.64337780083261,1.50411283528754e-05,-5.06758579578139e-07,0.175548880176905,-0.00591240755502355,7.78114629040617e-10,2.31034722747683e-08
107151930.523758,49.9433671689319,-1.68157128261107,1.50403429904559e-05,-5.1853606010669e-07,0.175539717344134,-0.00604981670603157,8.14744493542258e-10,2.36403872936871e-08
109647819.614316,49.9407020193124,-1.72064828490931,1.50395207008413e-05,-5.30585985158278e-07,0.175530123681335,-0.00619040449721892,8.53096666632199e-10,2.41897205543748e-08
112201845.430194,49.9379115699109,-1.76062895103623,1.50386597519691e-05,-5.42914566095618e-07,0.175520078980513,-0.00633424339725017,8.9325193264305e-10,2.47517550296799e-08
114815362.149686,49.9349899448861,-1.80153386242065,1.50377583309417e-05,-5.55528149373886e-07,0.17550956209057,-0.00648140745092984,9.35294846060599e-10,2.53267798362714e-08
117489755.49395,49.9319309943005,-1.84338404661101,1.50368145402937e-05,-5.68433219006988e-07,0.175498550873756,-0.0066319723079766,9.79313905642152e-10,2.59150903459932e-08
120226443.461738,49.9287282814739,-1.88620098530586,1.50358263940899e-05,-5.81636399043247e-07,0.175487022160139,-0.0067860152519075,1.0254017363993e-09,2.65169882975721e-08
123026877.081235,49.9253750697672,-1.93000662240482,1.50347918138474e-05,-5.95144456047389e-07,0.175474951700035,-0.00694361522899574,1.07365527978313e-09,2.71327819085298e-08
125892541.179414,49.9218643087712,-1.97482337206899,1.50337086242747e-05,-6.08964301585378e-07,0.175462314114292,-0.0071048528772616,1.12417599242271e-09,2.77627859871375e-08
128824955.16931,49.9181886198759,-2.02067412677857,1.5032574548819e-05,-6.23102994708349e-07,0.175449082842342,-0.00726981055545287,1.17707005378089e-09,2.84073220442346e-08
131825673.855638,49.9143402811939,-2.06758226537433,1.50313872050149e-05,-6.37567744431505e-07,0.17543523008793,-0.00743857237196662,1.23244858310486e-09,2.90667184047174e-08
134896288.259162,49.9103112118105,-2.11557166106839,1.50301440996247e-05,-6.52365912203504e-07,0.175420726762425,-0.00761122421365985,1.29042786606261e-09,2.9741310318486e-08
138038426.460285,49.9060929553331,-2.16466668940852,1.50288426235633e-05,-6.67505014361434e-07,0.175405542425596,-0.00778785377449222,1.35112959147055e-09,3.04314400706197e-08
141253754.462272,49.9016766627092,-2.21489223617861,1.50274800465962e-05,-6.8299272456605e-07,0.175389645223768,-0.00796855058393833,1.4146810985316e-09,3.11374570905276e-08
144543977.074589,49.8970530742847,-2.2662737052166,1.50260535118048e-05,-6.98836876211499e-07,0.175373001825236,-0.00815340603510248,1.48121563501784e-09,3.18597180598059e-08
147910838.816817,49.8922125010698,-2.31883702612956,1.50245600298056e-05,-7.15045464803241e-07,0.175355577352825,-0.00834251341246225,1.55087262684596e-09,3.25985870185022e-08
151356124.843617,49.8871448051813,-2.3726086618838,1.50229964727161e-05,-7.31626650297353e-07,0.175337335313495,-0.00853596791916172,1.62379795950915e-09,3.33544354694696e-08
154881661.891244,49.8818393794276,-2.42761561624607,1.50213595678565e-05,-7.48588759393849e-07,0.175318237524849,-0.00873386670376809,1.7001442718435e-09,3.41276424804625e-08
158489319.246108,49.8762851260017,-2.48388544105012,1.50196458911754e-05,-7.6594028777604e-07,0.175298244038439,-0.0089363088863987,1.78007126262208e-09,3.49185947835987e-08
162181009.735889,49.8704704342488,-2.54144624326051,1.50178518603902e-05,-7.83689902287273e-07,0.175277313059732,-0.00914339558411764,1.86374601048502e-09,3.5727686871784e-08
165958690.743752,49.8643831574686,-2.60032669180354,1.50159737278304e-05,-8.01846443035768e-07,0.175255400864609,-0.00935522993549336,1.95134330772853e-09,3.65553210916591e-08
169824365.24617,49.8580105887193,-2.66055602413268,1.50140075729716e-05,-8.2041892541747e-07,0.175232461712266,-0.00957191712419978,2.04304600849077e-09,3.7401907732599e-08
173780082.874933,49.8513394355806,-2.72216405249339,1.50119492946497e-05,-8.39416542046076e-07,0.175208447754373,-0.00979356440153444,2.13904539188692e-09,3.82678651112551e-08
177827941.003888,49.8443557938402,-2.78518116984937,1.50097946029419e-05,-8.58848664578549e-07,0.175183308940346,-0.0100202811077174,2.23954154066018e-09,3.91536196510908e-08
181970085.860994,49.8370451200599,-2.84963835542962,1.50075390107024e-05,-8.78724845423545e-07,0.175156992918605,-0.0102521786918238,2.34474373592909e-09,4.00596059563218e-08
186208713.666282,49.8293922029833,-2.91556717985226,1.50051778247411e-05,-8.99054819319211e-07,0.17512944493364,-0.0104893707301929,2.45487086862517e-09,4.09862668796261e-08
190546071.79632,49.8213811337399,-2.98299980977811,1.50027061366301e-05,-9.19848504765802e-07,0.175100607718766,-0.0107319729431428,2.57015186822705e-09,4.19340535829405e-08
194984459.9758,49.8129952748054,-3.05196901204331,1.50001188131271e-05,-9.41116005297493e-07,0.175070421384383,-0.010980103209809,2.6908261494098e-09,4.29034255906129e-08
199526231.496883,49.8042172276724,-3.12250815721654,1.49974104862007e-05,-9.62867610576596e-07,0.175038823301604,-0.011233881580912,2.81714407723838e-09,4.38948508341222e-08
204173794.466948,49.7950287991876,-3.19465122252266,1.49945755426445e-05,-9.85113797292194e-07,0.175005747981081,-0.0114934302892413,2.94936745154449e-09,4.49088056875231e-08
208929613.085399,49.7854109665116,-3.26843279407003,1.49916081132656e-05,-1.00786522984387e-06,0.174971126946871,-0.0117588737576338,3.0877700111341e-09,4.59457749927116e-08
213796208.950218,49.775343840654,-3.34388806831464,1.49885020616343e-05,-1.03113276078987e-06,0.174934888605175,-0.012030338604203,3.23263795848015e-09,4.70062520735438e-08
218776162.39495,49.7648066285394,-3.42105285268923,1.49852509723801e-05,-1.05492743103757e-06,0.174896958107786,-0.0123079536445617,3.3842705055598e-09,4.80907387377691e-08
223872113.856829,49.7537775935574,-3.49996356532074,1.498184813902e-05,-1.07926046975256e-06,0.174857257210088,-0.0125918498907616,3.54298044149874e-09,4.91997452656708e-08
229086765.276772,49.7422340145512,-3.58065723375383,1.49782865513052e-05,-1.10414329396094e-06,0.174815704123422,-0.0128821605466548,3.70909472268586e-09,5.03337903842282e-08
234422881.531987,49.7301521431977,-3.66317149259296,1.49745588820714e-05,-1.12958750781796e-06,0.174772213361674,-0.013179020999361,3.88295508601934e-09,5.14934012255325e-08
239883291.901943,49.7175071597349,-3.74754457996931,1.4970657473579e-05,-1.15560490151386e-06,0.174726695581904,-0.013482568806503,4.06491868594062e-09,5.26791132681051e-08
245470891.568497,49.7042731269904,-3.83381533273264,1.496657432333e-05,-1.18220744978633e-06,0.174679057418868,-0.0137929436788519,4.25535875590394e-09,5.38914702596761e-08
251188643.150952,49.6904229426672,-3.92202318026145,1.49623010693455e-05,-1.20940731000646e-06,0.174629201313262,-0.0141102874579972,4.45466529491724e-09,5.5131024119883e-08
257039578.27688,49.6759282898436,-4.01220813677813,1.49578289748947e-05,-1.23721681980343e-06,0.174577025333538,-0.0144347440886341,4.66324577977356e-09,5.63983348212521e-08
263026799.189532,49.6607595856464,-4.10441079204793,1.49531489126574e-05,-1.26564849419036e-06,0.174522422991142,-0.014766459585032,4.88152590357074e-09,5.76939702467177e-08
269153480.392685,49.644885928056,-4.19867230033342,1.49482513483127e-05,-1.29471502215186e-06,0.174465283049038,-0.0151055819912221,5.10995034109095e-09,5.90185060218214e-08
275422870.33381,49.6282750408075,-4.29503436746752,1.49431263235388e-05,-1.32442926265098e-06,0.174405489323362,-0.015452261334411,5.34898354157856e-09,6.037252531962e-08
281838293.126438,49.6108932163523,-4.39353923589981,1.49377634384145e-05,-1.35480424001066e-06,0.174342920478108,-0.0158066495710975,5.59911054941632e-09,6.17566186362041e-08
288403150.312653,49.5927052568485,-4.49422966756211,1.49321518332133e-05,-1.3858531386224e-06,0.174277449812716,-0.0161689005253384,5.86083785315311e-09,6.31713835346031e-08
295120922.666631,49.5736744131527,-4.59714892438967,1.49262801695799e-05,-1.41758929693124e-06,0.174208945042456,-0.0165391698185736,6.13469426328233e-09,6.46174243547173e-08
301995172.040194,49.5537623217896,-4.70234074632463,1.49201366110835e-05,-1.45002620064408e-06,0.174137268071547,-0.0169176147903864,6.42123181910692e-09,6.60953518867771e-08
309029543.251351,49.5329289398806,-4.80984932661846,1.49137088031411e-05,-1.48317747510428e-06,0.174062274758919,-0.0173043944095408,6.72102672495402e-09,6.7605783005682e-08
316227766.01683,49.5111324780198,-4.91971928423926,1.49069838523078e-05,-1.51705687677303e-06,0.173983814676591,-0.017699669174594,7.03468031591898e-09,6.91493402634218e-08
323593656.92962,49.4883293310906,-5.03199563317894,1.48999483049308e-05,-1.55167828375402e-06,0.173901730860635,-0.0181036010033494,7.36282005322317e-09,7.07266514366217e-08
331131121.482583,49.4644740070246,-5.1467237484439,1.48925881251699e-05,-1.58705568529475e-06,0.17381585955473,-0.0185163531103691,7.70610054916242e-09,7.23383490260919e-08
338844156.139194,49.4395190535126,-5.26394932850109,1.4884888672385e-05,-1.62320317019405e-06,0.173726029946351,-0.0189380898717248,8.065204621501e-09,7.39850697050892e-08
346736850.452523,49.413414982688,-5.38371835393924,1.4876834677899e-05,-1.6601349140417e-06,0.173632063895654,-0.0193689766761242,8.44084437702969e-09,7.56674537128288e-08
354813389.233567,49.3861101938113,-5.50607704209263,1.48684102211428e-05,-1.69786516521219e-06,0.173533775657167,-0.0198091797615004,8.83376232385282e-09,7.73861441895999e-08
363078054.770092,49.3575508939988,-5.6310717973619,1.48595987051983e-05,-1.73640822953076e-06,0.173430971594441,-0.0202588660361118,9.24473251179871e-09,7.91417864496602e-08
371535229.097163,49.3276810170499,-5.75874915695358,1.48503828317534e-05,-1.77577845352577e-06,0.173323449887859,-0.0207182028831486,9.67456170015741e-09,8.09350271878924e-08
380189396.320552,49.2964421404435,-5.88915573174693,1.4840744575493e-05,-1.81599020617748e-06,0.173211000235848,-0.0211873579477963,1.01240905517389e-08,8.27665136160211e-08
389045144.994271,49.2637734005884,-6.02233814198289,1.48306651579515e-05,-1.8570578590692e-06,0.173093403549819,-0.0216664989056605,1.05941948520116e-08,8.46368925239921e-08
398107170.553487,49.2296114064329,-6.15834294745718,1.48201250208578e-05,-1.89899576484251e-06,0.172970431643183,-0.0221557932114046,1.10857867518232e-08,8.65468092619254e-08
407380277.804102,49.1938901515561,-6.29721657188567,1.48091037990134e-05,-1.94181823385429e-06,0.172841846914919,-0.022655407826409,1.15998160319234e-08,8.84969066378599e-08
416869383.470325,49.1565409248862,-6.43900522109734,1.4797580292746e-05,-1.98553950892922e-06,0.172707402028189,-0.0231655089242081,1.21372713871958e-08,9.04878237263171e-08
426579518.801582,49.1174922202151,-6.58375479469661,1.4785532439992e-05,-2.03017373809703e-06,0.172566839584624,-0.0236862615724188,1.26991817281682e-08,9.2520194582523e-08
436515832.240155,49.076669644703,-6.73151079082476,1.47729372880672e-05,-2.07573494520056e-06,0.172419891794976,-0.0242178293898238,1.3286617496995e-08,9.45946468569448e-08
446683592.150952,49.0339958265966,-6.88231820363752,1.47597709651955e-05,-2.1222369982562e-06,0.172266280146936,-0.024760374177235,1.39006919947035e-08,9.67118003046257e-08
457088189.614864,48.9893903224136,-7.03622141310465,1.47460086518721e-05,-2.16969357544521e-06,0.172105715071035,-0.0253140555207148,1.45425627160542e-08,9.88722651836327e-08
467735141.287186,48.9427695238798,-7.19326406672688,1.47316245521512e-05,-2.21811812861111e-06,0.171937895605653,-0.0258790303657014,1.52134326878854e-08,1.01076640536783e-07
478630092.322626,48.8940465649422,-7.35348895275582,1.47165918649566e-05,-2.26752384413516e-06,0.171762509062301,-0.026455452560544,1.59145518062976e-08,1.03325512350679e-07
489778819.368434,48.8431312292185,-7.51693786449456,1.47008827555273e-05,-2.31792360105977e-06,0.171579230692476,-0.0270434723679295,1.66472181674734e-08,1.05619451585955e-07
501187233.62726,48.7899298582855,-7.68365145524999,1.4684468327122e-05,-2.36932992632743e-06,0.171387723357537,-0.0276432359426559,1.74127793863275e-08,1.07959012072559e-07
512861383.991352,48.7343452612557,-7.85366908350343,1.4667318593121e-05,-2.4217549470013e-06,0.171187637203216,-0.0282548847741918,1.82126338965357e-08,1.10344728263825e-07
524807460.249759,48.6762766261367,-8.02702864786366,1.46494024496779e-05,-2.47521033933322e-06,0.170978609340549,-0.0288785550924533,1.90482322247991e-08,1.12777112843029e-07
537031796.370239,48.6156194335206,-8.2037664113667,1.46306876490912e-05,-2.52970727454455e-06,0.170760263535195,-0.0295143772352299,1.99210782314608e-08,1.15256654176178e-07
549540873.85761,48.5522653732058,-8.38391681469028,1.46111407740792e-05,-2.58525636118649e-06,0.17053220990731,-0.0301624749757041,2.08327303088049e-08,1.17783813604773e-07
562341325.190335,48.4861022644116,-8.56751227785718,1.45907272131653e-05,-2.64186758394868e-06,0.170294044644358,-0.0308229648085315,2.17848025275306e-08,1.20359022572432e-07
575439937.337142,48.4170139803057,-8.75458299001292,1.45694111373921e-05,-2.69955023878791e-06,0.170045349729442,-0.0314959551929897,2.27789657210065e-08,1.22982679579372e-07
588843655.355574,48.344880377632,-8.94515668687792,1.4547155478611e-05,-2.7583128642539e-06,0.169785692688001,-0.032181545751756,2.38169484959793e-08,1.25655146958996e-07
602559586.074342,48.2695772322937,-9.13925841549499,1.45239219096082e-05,-2.81816316889482e-06,0.169514626355942,-0.0328798264239494,2.49005381574243e-08,1.2837674747112e-07
616595001.861466,48.1909761818168,-9.33691028591834,1.44996708263537e-05,-2.87910795463361e-06,0.169231688672543,-0.033590876571163,2.60315815341959e-08,1.31147760706717e-07
630957344.480177,48.1089446756959,-9.53813120952286,1.44743613326827e-05,-2.94115303601589e-06,0.168936402501724,-0.0343147640353307,2.72119856910657e-08,1.33968419299567e-07
645654229.034639,48.023345934699,-9.74293662365128,1.44479512277412e-05,-3.00430315524238e-06,0.16862827548558,-0.0350515441474107,2.84437185116173e-08,1.36838904940715e-07
660693448.007579,47.9340389202911,-9.95133820236362,1.44203969965538e-05,-3.068561892913e-06,0.16830679993433,-0.0358012586860389,2.97288091353183e-08,1.39759344192349e-07
676082975.391964,47.8408783154153,-10.1633435531085,1.43916538040952e-05,-3.13393157442716e-06,0.167971452757153,-0.0365639347855018,3.10693482309059e-08,1.4272980409848e-07
691830970.918918,47.743714517956,-10.3789558992002,1.43616754932755e-05,-3.20041317200435e-06,0.167621695438681,-0.0373395837926115,3.24674880870186e-08,1.45750287590749e-07
707945784.38412,47.6423936482924,-10.5981737480604,1.43304145872726e-05,-3.26800620231217e-06,0.167256974066208,-0.0381282000723338,3.39254424997818e-08,1.48820728688748e-07
724435960.074971,47.5367575724376,-10.8209905452672,1.42978222966732e-05,-3.3367086197153e-06,0.166876719413008,-0.0389297597623239,3.5445486435829e-08,1.51940987495471e-07
741310241.300898,47.42664394234,-11.0473943145531,1.42638485319096e-05,-3.40651670518868e-06,0.166480347083434,-0.0397442194768785,3.7029955448018e-08,1.55110844989904e-07
758577575.029164,47.3118862550116,-11.2773672840003,1.42284419215051e-05,-3.47742495097199e-06,0.166067257725783,-0.0405715149612004,3.86812448198999e-08,1.58329997620342e-07
776247116.628671,47.1923139322243,-11.5108854988072,1.41915498366658e-05,-3.54942594108039e-06,0.165636837319213,-0.0414115596973182,4.04018084138329e-08,1.61598051703779e-07
794328234.724261,47.0677524225966,-11.7479184211335,1.41531184227801e-05,-3.62251022782832e-06,0.165188457541248,-0.0422642434634909,4.21941571965225e-08,1.6491451763869e-07
812830516.164078,46.9380233279607,-11.9884285176862,1.4113092638411e-05,-3.69666620457031e-06,0.164721476222695,-0.043129430849476,4.40608574147308e-08,1.68278803940691e-07
831763771.102649,46.8029445559698,-12.2323708358704,1.40714163023833e-05,-3.77187997491379e-06,0.164235237897015,-0.0440069597306363,4.60045283929645e-08,1.71690211112977e-07
851138038.202354,46.6623305009569,-12.4796925695171,1.40280321495883e-05,-3.84813521871528e-06,0.163729074451398,-0.0448966397045192,4.80278399241333e-08,1.75147925366053e-07
870963589.956058,46.5159922551077,-12.7303326153948,1.39828818961415e-05,-3.92541305523284e-06,0.163202305886955,-0.0457982504942566,5.01335092235138e-08,1.78651012204147e-07
891250938.133722,46.3637378520362,-12.984221121928,1.39359063145382e-05,-4.0036919038737e-06,0.162654241195559,-0.0467115403239097,5.23242974158804e-08,1.82198409898769e-07
912010839.355886,46.2053725448775,-13.241279031778,1.38870453194587e-05,-4.08294734304789e-06,0.162084179360935,-0.047636224271715,5.46030055254062e-08,1.85788922873239e-07
933254300.796966,46.0406991210039,-13.5014176201885,1.38362380648735e-05,-4.16315196771478e-06,0.161491410491585,-0.0485719826080815,5.69724699379451e-08,1.89421215025576e-07
954992586.021411,45.8695182554555,-13.764538031263,1.37834230530934e-05,-4.24427524629112e-06,0.160875217093082,-0.0495184591261378,5.9435557305599e-08,1.93093803020909e-07
977237220.955785,45.6916289051302,-14.0305308146187,1.37285382563961e-05,-4.32628337767494e-06,0.160234875487079,-0.0504752594736316,6.19951588641196e-08,1.96805049588614e-07
999999999.999973,45.5068287457048,-14.2992754651549,1.36715212518367e-05,-4.40913914922985e-06,0.159569657384152,-0.0514419494960342,6.46541841347068e-08,2.00553156863575e-07
1023292992.28073,45.3149146531629,-14.5706399689768,1.3612309369821e-05,-4.49280179666851e-06,0.158878831617201,-0.0524180536018024,6.74155539832255e-08,2.04336159815351e-07
1047128548.05087,45.1156832316665,-14.8444803588334,1.35508398569788e-05,-4.57722686687079e-06,0.158161666041694,-0.0534030531618796,7.02821930117794e-08,2.08151919813573e-07
1071519305.23758,44.908931389342,-15.1206402827462,1.34870500538196e-05,-4.66236608477162e-06,0.157417429608378,-0.0543963849566782,7.32570212600347e-08,2.119981183825e-07
1096478196.14316,44.694456963339,-15.398950589835,1.34208775875922e-05,-4.74816722555433e-06,0.156645394613371,-0.0553974396849616,7.63429451967018e-08,2.15872251202416e-07
1122018454.30193,44.4720593952695,-15.6792289376725,1.33522605806876e-05,-4.83457399348611e-06,0.155844839129605,-0.056405560550219,7.95428479852138e-08,2.19771622420201e-07
1148153621.49685,44.2415404578377,-15.961279425824,1.32811378748375e-05,-4.92152590883201e-06,0.155015049622545,-0.0574200419412937,8.28595790119276e-08,2.23693339336104e-07
1174897554.9395,44.002705033122,-16.2448922605409,1.32074492712489e-05,-5.00895820438092e-06,0.154155323751844,-0.0584401282251538,8.62959426701563e-08,2.27634307538266e-07
1202264434.61738,43.7553619425784,-16.5298434558807,1.31311357866976e-05,-5.09680173320967e-06,0.153264973359186,-0.0594650126707789,8.98546863990455e-08,2.31591226560849e-07
1230268770.81235,43.4993248283821,-16.8158945768002,1.30521399254611e-05,-5.18498288939756e-06,0.15234332764093,-0.0604938365241391,9.35384879827647e-08,2.35560586145669e-07
1258925411.79413,43.2344130852247,-17.1027925300269,1.29704059668195e-05,-5.27342354348133e-06,0.151389736502389,-0.0615256882551508,9.73499421227112e-08,2.39538663190847e-07
1288249551.6931,42.9604528411278,-17.3902694087235,1.28858802676809e-05,-5.36204099450718e-06,0.150403574088549,-0.0625596029982714,1.01291546303416e-07,2.435215194731e-07
1318256738.55637,42.677277985227,-17.6780423971372,1.27985115796976e-05,-5.45074794058989e-06,0.149384242483882,-0.0635945622090162,1.053656859816e-07,2.4750500023279e-07
1348962882.59162,42.3847312398178,-17.9658137415451,1.27082513800409e-05,-5.53945246992632e-06,0.148331175571485,-0.0646294935591157,1.0957461913733e-07,2.5148473371258e-07
1380384264.60285,42.08266527325,-18.2532707938655,1.26150542147779e-05,-5.62805807422851e-06,0.147243843039267,-0.0656632710932448,1.13920460236414e-07,2.55456131741399e-07
1412537544.62272,41.7709438495026,-18.5400861342935,1.25188780535674e-05,-5.71646368653857e-06,0.146121754518184,-0.0666947156702128,1.18405163664004e-07,2.59414391455251e-07
1445439770.74589,41.4494430094809,-18.8259177792298,1.24196846541426e-05,-5.804563745359e-06,0.144964463834664,-0.0677225957111771,1.23030506700773e-07,2.63354498245092e-07
1479108388.16817,41.1180522782548,-19.1104094805894,1.23174399347988e-05,-5.8922482869768e-06,0.143771573356418,-0.0687456282767931,1.27798072124873e-07,2.67271230019417e-07
1513561248.43617,40.7766758916135,-19.3931911222991,1.22121143528405e-05,-5.97940306777357e-06,0.14254273840779,-0.0697624804942124,1.32709230535031e-07,2.71159162865164e-07
1548816618.91244,40.4252340344517,-19.67387921941,1.21036832866803e-05,-6.06590971819564e-06,0.141277671727704,-0.0707717713534575,1.37765122502488e-07,2.75012678185032e-07
1584893192.46107,40.0636640826505,-19.9520775247523,1.19921274190156e-05,-6.15164592990449e-06,0.139976147940191,-0.0717720738909126,1.42966640671826e-07,2.78825971382163e-07
1621810097.35889,39.6919218392701,-20.2273777474426,1.18774331182514e-05,-6.23648567743763e-06,0.138638008004448,-0.0727619177754477,1.48314411942824e-07,2.82593062154205e-07
1659586907.43752,39.309982755062,-20.4993603868163,1.17595928150854e-05,-6.32029947548168e-06,0.137263163608457,-0.0737397923100306,1.53808779877197e-07,2.86307806448187e-07
1698243652.4617,38.9178431225427,-20.7675956844881,1.16386053709354e-05,-6.40295467259209e-06,0.135851601467436,-0.0747041498585625,1.59449787485063e-07,2.89963910115097e-07
1737800828.74933,38.5155212321717,-21.0316446962531,1.15144764346766e-05,-6.48431578188766e-06,0.134403387485886,-0.0756534097040997,1.65237160556058e-07,2.93554944288815e-07
1778279410.03887,38.1030584785642,-21.2910604844257,1.13872187839616e-05,-6.56424484890392e-06,0.132918670739779,-0.0765859623406067,1.71170291708842e-07,2.97074362497944e-07
1819700858.60993,37.6805204041583,-21.5453894299745,1.12568526472443e-05,-6.64260185640799e-06,0.131397687233608,-0.0775001741959409,1.77248225340071e-07,3.00515519501336e-07
1862087136.66282,37.2479976673743,-21.7941726624737,1.11234060025067e-05,-6.71924516556318e-06,0.129840763385638,-0.0783943927789293,1.83469643659429e-07,3.03871691818723e-07
1905460717.96319,36.8056069220653,-22.0369476044422,1.09869148486171e-05,-6.79403199238625e-06,0.128248319193833,-0.0792669522382049,1.89832854000731e-07,3.07136099907115e-07
1949844599.75799,36.3534915949848,-22.2732496251195,1.08474234452219e-05,-6.86681891796955e-06,0.126620871034686,-0.0801161793149794,1.96335777600174e-07,3.10301931911652e-07
1995262314.96882,35.891822548106,-22.5026137971397,1.07049845171118e-05,-6.93746243045014e-06,0.124959034047549,-0.0809403996662074,2.02975940031235e-07,3.13362368896708e-07
2041737944.66947,35.420798612933,-22.7245767479296,1.05596594190928e-05,-7.00581949620461e-06,0.123263524058183,-0.0817379445287276,2.09750463481299e-07,3.16310611439591e-07
2089296130.85398,34.9406469844643,-22.9386785960143,1.04115182575547e-05,-7.0717481572403e-06,0.121535158997104,-0.082507157689038,2.16656061047664e-07,3.19139907445433e-07
2137962089.50217,34.4516234632025,-23.1444649607775,1.02606399651579e-05,-7.1351081512493e-06,0.119774859770939,-0.0832464027174773,2.23689033219911e-07,3.21843581018367e-07
2187761623.94949,33.954012534573,-23.3414890326313,1.01071123253542e-05,-7.19576155030066e-06,0.117983650548521,-0.0839540704198597,2.30845266701769e-07,3.24415062201154e-07
2238721138.56828,33.4481272763013,-23.5293136890386,9.95103194382864e-06,-7.25357341367898e-06,0.116162658427684,-0.0846285864541552,2.38120235708459e-07,3.26847917373627e-07
2290867652.76771,32.9343090857145,-23.7075136404249,9.79250416438015e-06,-7.30841244994423e-06,0.11431311245385,-0.0852684190547535,2.45509005855118e-07,3.29135880080092e-07
2344228815.31986,32.4129272205585,-23.8756775887554,9.63164292726715e-06,-7.36015168289897e-06,0.112436341967333,-0.0858720868023175,2.53006240728499e-07,3.31272882037708e-07
2398832919.01942,31.8843781487503,-24.0334103804784,9.46857056860216e-06,-7.40866911581608e-06,0.110533774262878,-0.0864381663733403,2.60606211207831e-07,3.33253084062292e-07
2454708915.68496,31.3490847044836,-24.1803351346596,9.30341756000074e-06,-7.45384838801174e-06,0.108606931552132,-0.0869653002003955,2.68302807571895e-07,3.35070906635506e-07
2511886431.50951,30.8074950502656,-24.3160953265117,9.13632218835326e-06,-7.49557941765494e-06,0.106657427227537,-0.0874522039718092,2.76089554398347e-07,3.36721059828339e-07
2570395782.76879,30.2600814467301,-24.4403568061589,8.96743017628984e-06,-7.53375902459407e-06,0.104686961434289,-0.0878976738981899,2.83959628228582e-07,3.38198572290616e-07
2630267991.89531,29.7073388344333,-24.5528097324095,8.79689424463563e-06,-7.56829152695929e-06,0.102697315965489,-0.0883005936730022,2.91905877937518e-07,3.39498819015297e-07
2691534803.92684,29.1497832342323,-24.6531704015453,8.62487361889317e-06,-7.59908930537291e-06,0.10069034850427,-0.0886599410552213,2.99920847713134e-07,3.40617547589688e-07
2754228703.33809,28.5879499752433,-24.7411829516896,8.45153348252792e-06,-7.62607332877024e-06,0.0986679862452642,-0.0889747940040973,3.07996802516141e-07,3.41550902653712e-07
2818382931.26437,28.0223917617252,-24.8166209241902,8.27704438055704e-06,-7.64917363610315e-06,0.0966322189362638,-0.0892443362992034,3.161257558563e-07,3.42295448297904e-07
2884031503.12652,27.4536765924823,-24.8792886646397,8.10158157763648e-06,-7.66832976856509e-06,0.0945850913890119,-0.0894678625832162,3.24299499689545e-07,3.42848188150956e-07
2951209226.6663,26.8823855484938,-24.9290225476506,7.92532437549202e-06,-7.68349114743675e-06,0.0925286955156581,-0.089644782770253,3.32509636209639e-07,3.432065829281e-07
3019951720.40193,26.3091104663959,-24.9656920112784,7.74845539513332e-06,-7.69461739320019e-06,0.090465161954337,-0.0897746257689871,3.4074761128043e-07,3.43368565237216e-07
3090295432.5135,25.7344515171383,-24.989200389022,7.57115982981192e-06,-7.70167858219679e-06,0.0883966513534155,-0.089857042477087,3.49004749230404e-07,3.4333255146886e-07
3162277660.16829,25.1590147105585,-24.9994855295872,7.39362467512394e-06,-7.70465543780165e-06,0.0863253453890867,-0.0898918080116574,3.57272288710698e-07,3.43097450628929e-07
3235936569.29619,24.5834093477451,-24.9965201970482,7.21603794300505e-06,-7.70353945384107e-06,0.0842534375950363,-0.0898788231491614,3.65541419301542e-07,3.42662670007888e-07
3311311214.82582,24.0082454438571,-24.9803122466206,7.03858786661223e-06,-7.69833294877731e-06,0.0821831240857817,-0.0898181149576022,3.73803318540597e-07,3.42028117617674e-07
3388441561.39193,23.4341311445239,-24.9509045739403,6.86146210322634e-06,-7.6890490500101e-06,0.0801165942569222,-0.0897098366133778,3.82049189040093e-07,3.41194201365951e-07
3467368504.52522,22.8616701590458,-24.9083748384557,6.6848469423405e-06,-7.6757116084828e-06,0.0780560215458904,-0.0895542664049991,3.90270295358259e-07,3.40161824976482e-07
3548133892.33565,22.2914592333586,-24.8528349642464,6.50892652601935e-06,-7.65835504461561e-06,0.0760035543358678,-0.0893518059355994,3.98458000294238e-07,3.38932380703341e-07
3630780547.70091,21.7240856851166,-24.7844304242243,6.33388208842587e-06,-7.63702412740275e-06,0.0739613070833291,-0.0891029775456689,4.06603800284478e-07,3.3750773892473e-07
3715352290.97162,21.1601250222961,-24.7033393161973,6.15989122112037e-06,-7.61177368929092e-06,0.0719313517462685,-0.0888084209865473,4.14699359592192e-07,3.35890234738525e-07
3801893963.2055,20.6001386654656,-24.6097712416446,5.98712717034629e-06,-7.58266828018595e-06,0.0699157095856182,-0.0884688893837257,4.22736542999695e-07,3.34082651715807e-07
3890451449.94269,20.0446717923139,-24.5039660002167,5.81575817204009e-06,-7.54978176460254e-06,0.0679163434067919,-0.0880852445367982,4.30707446735686e-07,3.32088202999741e-07
3981071705.53486,19.4942513212301,-24.3861921148932,5.64594682974649e-06,-7.51319686656517e-06,0.0659351503018055,-0.0876584516098257,4.38604427395461e-07,3.29910509964892e-07
4073802778.04101,18.9493840487186,-24.2567452043894,5.47784954000004e-06,-7.47300466737822e-06,0.0639739549451888,-0.0871895732718249,4.46420128641015e-07,3.27553578675861e-07
4168693834.70323,18.4105549532511,-24.1159462207545,5.31161596906191e-06,-7.42930406180251e-06,0.0620345034890565,-0.0866797633519841,4.54147505499325e-07,3.25021774403697e-07
4265795188.0158,17.8782256758581,-23.96413957116,5.1473885841905e-06,-7.38220117849894e-06,0.0601184580944263,-0.0861302600779838,4.6177984611024e-07,3.22319794473614e-07
4365158322.40153,17.3528331853898,-23.8016911436004,4.98530224189241e-06,-7.33180877082516e-06,0.0582273921273274,-0.0855423789684252,4.69310790809573e-07,3.19452639728117e-07
4466835921.5095,16.8347886339709,-23.6289862566434,4.82548383485881e-06,-7.27824558419787e-06,0.0563627860395906,-0.0849175054518506,4.7673434846757e-07,3.16425584895494e-07
4570881896.14862,16.3244764057919,-23.4464275534626,4.6680519985568e-06,-7.22163570626381e-06,0.0545260239456337,-0.0842570872851914,4.84044910037239e-07,3.13244148155114e-07
4677351412.87185,15.8222533600553,-23.2544328601852,4.51311687772843e-06,-7.16210790605998e-06,0.0527183908981891,-0.083562626843755,4.91237259300483e-07,3.09914060188031e-07
4786300923.22624,15.3284482666706,-23.0534330281042,4.36077995236364e-06,-7.09979496819509e-06,0.0509410708579146,-0.082835673353123,4.98306580831987e-07,3.06441232994491e-07
4897788193.68432,14.8433614312028,-22.8438697785659,4.21113392206891e-06,-7.03483302785612e-06,0.0491951453443054,-0.0820778151306771,5.05248465230876e-07,3.02831728749288e-07
5011872336.27258,14.3672645036512,-22.6261935683764,4.06426264715843e-06,-6.9673609121454e-06,0.0474815927483888,-0.0812906719009828,5.12058911697917e-07,2.99091728952007e-07
5128613839.9135,13.9004004638972,-22.4008614924052,3.9202411442586e-06,-6.89751949289437e-06,0.0458012882814252,-0.0804758872450711,5.18734328061048e-07,2.95227504112444e-07
5248074602.49757,13.4429837751262,-22.1683352387369,3.77913563374321e-06,-6.82545105569012e-06,0.0441550045283172,-0.0796351212388768,5.25271528374072e-07,2.91245384192354e-07
5370317963.70237,12.9952006952145,-21.9290791102626,3.64100363591117e-06,-6.75129868940132e-06,0.0425434125696983,-0.0787700433308403,5.31667728232292e-07,2.87151730003741e-07
5495408738.57609,12.5572097349815,-21.6835581250514,3.5058941124825e-06,-6.67520570001052e-06,0.0409670836327488,-0.0778823255030957,5.37920537964534e-07,2.82952905741503e-07
5623413251.90333,12.1291422513455,-21.4322362062255,3.37384764972213e-06,-6.59731505206214e-06,0.0394264912276835,-0.0769736357548482,5.44027953873387e-07,2.78655252805074e-07
5754399373.3714,11.7111031627843,-21.1755744704202,3.24489667930427e-06,-6.517768840528e-06,0.0379220137245578,-0.076045631940635,5.49988347704686e-07,2.74265065040011e-07
5888436553.55572,11.3031717740785,-20.9140296222687,3.11906573289998e-06,-6.43670779538551e-06,0.0364539373235211,-0.0750999559902444,5.55800454533322e-07,2.69788565506863e-07
6025595860.7434,10.905402697099,-20.6480524607312,2.99637172640365e-06,-6.35427082070508e-06,0.0350224593708679,-0.074138228531255,5.6146335925555e-07,2.6523188486141e-07
6165950018.61464,10.5178268543781,-20.378086501531,2.8768242697066e-06,-6.27059456956137e-06,0.0336276919731463,-0.0731620439295303,5.66976481878321e-07,2.60601041407882e-07
6309573444.80175,10.1404525523472,-20.104566718465,2.76042599797206e-06,-6.18581305562266e-06,0.0322696658621206,-0.072172965757639,5.72339561793999e-07,2.55901922865318e-07
6456542290.34637,9.77326661143718,-19.8279184049582,2.64717292045991e-06,-6.10005730184109e-06,0.0309483344644888,-0.0711725226961294,5.77552641224407e-07,2.51140269867114e-07
6606934480.07577,9.41623554067193,-19.5485561559333,2.5370547830862e-06,-6.01345502626587e-06,0.0296635781318395,-0.0701622048679201,5.8261604801177e-07,2.4632166119513e-07
6760829753.91962,9.06930674494964,-19.2668829688866,2.43005544107438e-06,-5.9261303646374e-06,0.0284152084883512,-0.069143460601811,5.87530377926065e-07,2.41451500732759e-07
6918309709.18916,8.73240975385758,-18.9832894619962,2.32615323825753e-06,-5.83820362909218e-06,0.0272029728560847,-0.0681176936173011,5.92296476648857e-07,2.36535006106096e-07
7079457843.84117,8.40545746159797,-18.6981532061572,2.2253213898159e-06,-5.74979110201998e-06,0.0260265587203558,-0.0670862606195261,5.96915421583158e-07,2.31577198968899e-07
7244359600.74969,8.08834736839041,-18.4118381670246,2.12752836547744e-06,-5.6610048638647e-06,0.0248855982005079,-0.0660504692902186,6.01388503627496e-07,2.26582896875421e-07
7413102413.00896,7.78096281454364,-18.1246942524616,2.03273827046439e-06,-5.57195265344937e-06,0.0237796724943861,-0.065011576658126,6.05717209040433e-07,2.21556706675351e-07
7585775750.29161,7.48317419923971,-17.83705696023,1.94091122173098e-06,-5.48273775923197e-06,0.022708316267872,-0.0639707878302992,6.09903201509545e-07,2.16503019357082e-07
7762471166.28669,7.19484017693211,-17.5492471203115,1.85200371730256e-06,-5.39345893976127e-06,0.0216710219639308,-0.0629292550640566,6.13948304526463e-07,2.11426006259081e-07
7943282347.24258,6.91580882511225,-17.2615707259118,1.76596899678943e-06,-5.30421037149846e-06,0.0206672440086919,-0.0618880771582253,6.17854484157326e-07,2.06329616564431e-07
8128305161.64075,6.64591877803484,-16.9743188469713,1.68275739140659e-06,-5.21508162209798e-06,0.0196964028950942,-0.0608482991414143,6.21623832285911e-07,2.01217575990214e-07
8317637711.02647,6.38500032180213,-16.6877676198592,1.60231666208056e-06,-5.12615764719859e-06,0.0187578891275402,-0.0598109122345811,6.25258550395049e-07,1.96093386581531e-07
8511380382.02351,6.13287644698161,-16.4021783068816,1.52459232446314e-06,-5.03751880875847e-06,0.0178510670137934,-0.0587768540649514,6.28760933940781e-07,1.90960327519168e-07
8709635899.56055,5.88936385566483,-16.1177974192492,1.44952795989857e-06,-4.94924091297507e-06,0.0169752782929896,-0.0577470091084345,6.32133357363131e-07,1.85821456850311e-07
8912509381.33719,5.654273920562,-15.834856897241,1.377065511602e-06,-4.86139526585743e-06,0.0161298455911097,-0.0567222093379888,6.35378259767485e-07,1.80679614053044e-07
9120108393.55883,5.42741359436404,-15.5535743414457,1.30714556550429e-06,-4.77404874456355e-06,0.0153140756975495,-0.0557032350559166,6.38498131301371e-07,1.75537423347485e-07
9332543007.96963,5.20858626818844,-15.2741532891542,1.23970761539808e-06,-4.6872638826749e-06,0.0145272626585325,-0.0546908158887638,6.41495500243033e-07,1.70397297669311e-07
9549925860.21408,4.99759257845662,-14.9967835302101,1.17469031218428e-06,-4.60109896765226e-06,0.0137686906850194,-0.0536856319243371,6.44372920810514e-07,1.65261443224805e-07
9772372209.55782,4.79423116202882,-14.7216414568918,1.11203169716567e-06,-4.51560814879882e-06,0.0130376368744928,-0.0526883149713089,6.47132961693106e-07,1.60131864550501e-07
9999999999.9997,4.5982993598469,-14.4488904426863,1.05166941946516e-06,-4.43084155414591e-06,0.0123333737475228,-0.0516994499229201,6.49778195300878e-07,1.55010370004699e-07
10232929922.8072,4.40959386970983,-14.1786812451249,9.935409377618e-07,-4.34684541477144e-06,0.0116551716013644,-0.0507195762074007,6.5231118772266e-07,1.49898577622692e-07
10471285480.5087,4.22791134912998,-13.9111524281695,9.37583706637501e-07,-4.26366219516001e-06,0.0110023006840066,-0.0497491893088747,6.54734489378157e-07,1.44797921272187e-07
10715193052.3757,4.05304896949612,-13.6464307999619,8.83735347912858e-07,-4.18133072831366e-06,0.0103740331930866,-0.0487887423436905,6.57050626345925e-07,1.39709657050213e-07
10964781961.4315,3.88480492300128,-13.3846318620792,8.31933807422466e-07,-4.09988635442374e-06,0.00976964510492434,-0.0478386476782969,6.59262092345599e-07,1.34634869867615e-07
11220184543.0193,3.72297888398551,-13.1258602667605,7.82117497739006e-07,-4.01936106201443e-06,0.0091884178396182,-0.0468992785759524,6.61371341350015e-07,1.29574480172015e-07
11481536214.9685,3.56737242649677,-12.8702102788895,7.34225427402841e-07,-3.93978363056692e-06,0.00862963976869865,-0.0459709708607088,6.63380780800697e-07,1.24529250764842e-07
11748975549.3949,3.4177893999921,-12.6177662398301,6.8819731725037e-07,-3.86117977372922e-06,0.00809260757226003,-0.0450540245882234,6.65292765398513e-07,1.19499793672596e-07
12022644346.1738,3.27403626518784,-12.3686030305087,6.43973704461261e-07,-3.78357228230895e-06,0.00757662745280606,-0.0441487057140379,6.67109591440078e-07,1.1448657703697e-07
12302687708.1234,3.13592239212681,-12.1227865314252,6.01496034962738e-07,-3.70698116633474e-06,0.00708101621325429,-0.0432552477509865,6.68833491669679e-07,1.09489931992694e-07
12589254117.9413,3.00326032256337,-11.8803740775455,5.6070674483941e-07,-3.63142379555613e-06,0.0066051022066656,-0.0423738534083841,6.70466630616111e-07,1.04510059506011e-07
12882495516.931,2.87586599877902,-11.6414149062861,5.21549331400554e-07,-3.55691503783094e-06,0.00614822616530448,-0.0415046962065632,6.72011100383656e-07,9.95470371505565e-08
13182567385.5637,2.75355896093247,-11.405950597041,4.83968414554232e-07,-3.48346739492347e-06,0.00570974191660631,-0.0406479220612002,6.73468916866684e-07,9.46008258010042e-08
13489628825.9161,2.63616251502401,-11.174015500927,4.47909789129929e-07,-3.41109113530623e-06,0.00528901699353834,-0.0398036508326777,6.74842016357767e-07,8.96712762282296e-08
13803842646.0284,2.52350387351456,-10.9456371596285,4.13320468779324e-07,-3.33979442362204e-06,0.00488543314670005,-0.0389719778364792,6.76132252519864e-07,8.47581355829025e-08
14125375446.2271,2.41541427058913,-10.7208367124182,3.80148722069094e-07,-3.2695834465225e-06,0.00449838676532509,-0.0381529753113026,6.77341393693977e-07,7.98610537573309e-08
14454397707.4588,2.31172905399402,-10.4996292906018,3.48344101360898e-07,-3.20046253465304e-06,0.0041272892141286,-0.0373466938422108,6.78471120514674e-07,7.49795896180792e-08
14791083881.6816,2.21228775530852,-10.2820243987964,3.17857465052505e-07,-3.13243428060405e-06,0.00377156709269632,-0.0365531637367141,6.79523023807008e-07,7.01132171043566e-08
15135612484.3616,2.11693414043743,-10.0680262825971,2.88640993731005e-07,-3.06549965269237e-06,0.00343066242384331,-0.0357723963521997,6.80498602739568e-07,6.52613311894339e-08
15488166189.1243,2.025516242032,-9.85763428231523,2.60648200764557e-07,-2.99965810447777e-06,0.00310403277708448,-0.0350043853735957,6.81399263209746e-07,6.04232537044073e-08
15848931924.6107,1.9378863754641,-9.6508431725894,2.33833937833659e-07,-2.93490767995491e-06,0.0027911513330621,-0.0342491080405745,6.82226316438642e-07,5.55982390254931e-08
16218100973.5888,1.85390113989498,-9.44764348777365,2.08154395876863e-07,-2.87124511439345e-06,0.00249150689447112,-0.0335065263239774,6.82980977754493e-07,5.07854796277192e-08
16595869074.3751,1.77342140589414,-9.24802183309863,1.83567101899444e-07,-2.80866593082743e-06,0.00220460384871544,-0.0327765880514719,6.83664365544952e-07,4.59841115093903e-08
16982436524.6169,1.69631229097929,-9.05196118168191,1.60030912067143e-07,-2.74716453221973e-06,0.0019299620872199,-0.0320592279827429,6.84277500360044e-07,4.11932194930523e-08
17378008287.4932,1.62244312436341,-8.8594411575336,1.37506001480885e-07,-2.68673428934908e-06,0.00166711688601734,-0.0313543688347713,6.84821304149134e-07,3.64118424098792e-08
17782794100.3887,1.55168740211221,-8.67043830476334,1.15953851002591e-07,-2.62736762448599e-06,0.00141561875192889,-0.0306619222579737,6.85296599616737e-07,3.1638978175461e-08
18197008586.0993,1.48392273383399,-8.48492634324621,9.5337231476962e-08,-2.56905609093946e-06,0.00117503323836164,-0.0299817897641582,6.85704109683544e-07,2.68735887658985e-08
18620871366.6281,1.41903078194494,-8.30287641104824,7.56201856696149e-08,-2.51179044857025e-06,0.000944940734461704,-0.0293138636074123,6.86044457040539e-07,2.21146051039128e-08
19054607179.6319,1.35689719447698,-8.12425729394832,5.67680082182188e-08,-2.45556073537732e-06,0.000724936231083922,-0.0286580276191669,6.86318163785571e-07,1.73609318653666e-08
19498445997.5799,1.29741153232196,-7.94903564242208,3.87472238704806e-08,-2.40035633527314e-06,0.0005146290667737,-0.0280141579987869,6.86525651133299e-07,1.26114522171775e-08
19952623149.6882,1.24046719173577,-7.77717617647714,2.15255642609516e-08,-2.34616604217117e-06,0.00031364265670098,-0.0273821240611237,6.86667239190868e-07,7.86503249808947e-09
20417379446.6947,1.18596132285952,-7.60864187874652,5.07194345776084e-09,-2.29297812051396e-06,0.000121614207243149,-0.0267617889425303,6.86743146793205e-07,3.1205268541546e-09
20892961308.5398,1.13379474495126,-7.44339417626048,-1.06435675094782e-08,-2.24078036237475e-06,-6.18055813180213e-05,-0.0261530102668865,6.86753491393278e-07,-1.62321815891922e-09
21379620895.0217,1.08387185896169,-7.28139311132565,-2.5649766948157e-08,-2.18956014126795e-06,-0.000236952821739786,-0.0255556407732161,6.86698289004147e-07,-6.36735899418356e-09
21877616239.4949,1.03610055803112,-7.1225975019458,-3.99743494529241e-08,-2.13930446280591e-06,-0.000404150754364149,-0.0249695289064951,6.86577454191116e-07,-1.11130505401241e-08
22387211385.6827,0.990392136431176,-6.96696509222006,-5.36439333498355e-08,-2.09000001233947e-06,-0.000563710067423419,-0.0243945193732577,6.86390800113738e-07,-1.58614415430381e-08
22908676527.677,0.946661197425452,-6.81445269315396,-6.66840884923089e-08,-2.04163319971998e-06,-0.000715929221447059,-0.0238304536636028,6.86138038618923e-07,-2.06136700125853e-08
23442288153.1985,0.904825560476229,-6.66501631431475,-7.91193642815757e-08,-1.99419020131897e-06,-0.000861094776283761,-0.0232771705411932,6.85818780387857e-07,-2.53708585980906e-08
23988329190.1942,0.864806168181306,-6.51861128675734,-9.09733177981657e-08,-1.94765699944026e-06,-0.000999481719414057,-0.022734506502815,6.85432535140896e-07,-3.01341099233668e-08
24547089156.8495,0.826526993284317,-6.3751923776397,-1.02268541943894e-07,-1.90201941925665e-06,-0.00113135379437962,-0.0222022962090425,6.84978711906114e-07,-3.49045018680983e-08
25118864315.095,0.78991494606457,-6.23471389693799,-1.13026693505852e-07,-1.85726316340082e-06,-0.00125696382829576,-0.0216803728875176,6.84456619358643e-07,-3.96830827841887e-08
25703957827.6879,0.754899782377719,-6.09712979666135,-1.23268521065143e-07,-1.81337384433652e-06,-0.00137655405754443,-0.0211685687103151,6.83865466239441e-07,-4.44708666359293e-08
26302679918.953,0.721414012586553,-5.96239376295581,-1.3301389268347e-07,-1.77033701463272e-06,-0.00149035645086638,-0.020666715146826,6.83204361863632e-07,-4.92688280533937e-08
26915348039.2683,0.689392811591745,-5.83045930147436,-1.42281823310388e-07,-1.72813819525955e-06,-0.00159859302918357,-0.0201746432935417,6.82472316730064e-07,-5.40778972891237e-08
27542287033.3808,0.658773930145278,-5.70127981637838,-1.51090501862921e-07,-1.68676290202046e-06,-0.00170147618158722,-0.0196921841820773,6.81668243245254e-07,-5.88989550689327e-08
28183829312.6437,0.62949760760446,-5.5748086833226,-1.59457317937518e-07,-1.64619667023114e-06,-0.00179920897702278,-0.0192191690667209,6.80790956576379e-07,-6.37328273285426e-08
28840315031.2652,0.601506486261725,-5.45099931676228,-1.67398888121949e-07,-1.60642507775075e-06,-0.00189198547129229,-0.0187554296927412,6.79839175649533e-07,-6.85802798287828e-08
29512092266.6629,0.574745527364724,-5.32980523190868,-1.74931081881723e-07,-1.56743376646695e-06,-0.00197999100907574,-0.0183007985466369,6.78811524310921e-07,-7.34420126432313e-08
30199517204.0192,0.549161928922332,-5.21118010164483,-1.82069047002072e-07,-1.529208462331e-06,-0.00206340252074862,-0.0178551090894514,6.77706532670221e-07,-7.83186545134791e-08
30902954325.1349,0.524705045375115,-5.09507780870052,-1.88827234572464e-07,-1.49173499403483e-06,-0.00214238881384125,-0.0174181959742256,6.76522638646744e-07,-8.32107570686562e-08
31622776601.6828,0.501326309193307,-4.98145249337237,-1.95219423505976e-07,-1.45499931041695e-06,-0.00221711085904875,-0.0169898952486003,6.7525818974055e-07,-8.81187889074847e-08
32359365692.9618,0.478979154451344,-4.8702585970612,-2.01258744590826e-07,-1.41898749667917e-06,-0.00228772207075758,-0.0165700445435287,6.73911445051983e-07,-9.30431295429316e-08
33113112148.2581,0.457618942415439,-4.76145090188662,-2.0695770407581e-07,-1.38368578949144e-06,-0.00235436858210696,-0.0161584832489968,6.724805775745e-07,-9.79840632115316e-08
33884415613.9192,0.437202889169354,-4.65498456662577,-2.1232820679545e-07,-1.34908059105678e-06,-0.00241718951465052,-0.0157550526775968,6.70963676786879e-07,-1.02941772551646e-07
34673685045.2521,0.41768999529344,-4.55081515921099,-2.17381578844303e-07,-1.31515848220377e-06,-0.00247631724272577,-0.0153595962167383,6.69358751572064e-07,-1.0791633215733e-07
35481338923.3565,0.399040977602973,-4.44889868600927,-2.22128589813118e-07,-1.2819062345689e-06,-0.00253187765267715,-0.0149719594702261,6.67663733490966e-07,-1.12907702017113e-07
36307805477.009,0.381218202943844,-4.34919161809473,-2.26579474602407e-07,-1.24931082192611e-06,-0.00258399039711126,-0.0145919903898756,6.6587648044039e-07,-1.17915720849829e-07
37153522909.7161,0.364185624036562,-4.25165091471403,-2.30743954831482e-07,-1.21735943071595e-06,-0.00263276914439264,-0.0142195393977788,6.63994780725019e-07,-1.22940099352736e-07
38018939632.0549,0.347908717353289,-4.15623404413421,-2.34631259863181e-07,-1.18603946982196e-06,-0.00267832182361287,-0.0138544594997765,6.62016357573884e-07,-1.27980413380452e-07
38904514499.4268,0.332354423007222,-4.06289900205152,-2.38250147466238e-07,-1.15533857963663e-06,-0.0027207508652868,-0.0134966063906375,6.59938874132013e-07,-1.33036097076785e-07
39810717055.3485,0.317491086628814,-3.97160432773034,-2.41608924138741e-07,-1.1252446404547e-06,-0.00276015343804635,-0.0131458385513815,6.57759938957981e-07,-1.38106435985308e-07
40738027780.41,0.303288403199307,-3.88230911803128,-2.44715465117143e-07,-1.09574578022642e-06,-0.00279662168161489,-0.0128020173391356,6.5547711205772e-07,-1.43190560168504e-07
41686938347.0322,0.289717362808486,-3.79497303947886,-2.47577234096029e-07,-1.0668303816985e-06,-0.00283024293635347,-0.0124650070698463,6.53087911484335e-07,-1.48287437369512e-07
42657951880.1579,0.276750198300575,-3.70955633850987,-2.50201302684195e-07,-1.03848708896565e-06,-0.00286109996967449,-0.0121346750941213,6.50589820532525e-07,-1.5339586625487e-07
43651583224.0152,0.264360334769754,-3.62601985003578,-2.52594369622531e-07,-1.01070481345088e-06,-0.002889271199618,-0.0118108918664142,6.47980295554746e-07,-1.58514469781204e-07
44668359215.0949,0.252522340864627,-3.54432500444403,-2.54762779788839e-07,-9.83472739327606e-07,-0.00291483091588139,-0.0114935310077112,6.45256774424206e-07,-1.63641688733485e-07
45708818961.4861,0.241211881859375,-3.4644338331559,-2.56712543013864e-07,-9.5678032839227e-07,-0.00293784949858396,-0.011182469361825,6.42416685667218e-07,-1.68775775487225e-07
46773514128.7184,0.230405674447951,-3.38630897285134,-2.58449352731628e-07,-9.30617324391308e-07,-0.00295839363503399,-0.0108775870453459,6.39457458284337e-07,-1.73914788051825e-07
47863009232.2623,0.22008144321671,-3.30991366846414,-2.59978604485528e-07,-9.04973756801857e-07,-0.00297652653474727,-0.0105787674912495,6.36376532275875e-07,-1.79056584457057e-07
48977881936.8431,0.210217878750103,-3.23521177504468,-2.61305414309588e-07,-8.79839944061231e-07,-0.00299230814294249,-0.010285897486108,6.3317136988303e-07,-1.84198817549405e-07
50118723362.7256,0.200794597323634,-3.16216775858114,-2.62434637001767e-07,-8.55206496235987e-07,-0.00300579535271007,-0.00999886720080591,6.29839467550635e-07,-1.89338930269567e-07
51286138399.1349,0.191792102138013,-3.0907466958642,-2.63370884303279e-07,-8.31064317117422e-07,-0.00301704221601745,-0.00971757021461225,6.26378368611723e-07,-1.94474151486752e-07
52480746024.9756,0.183191746048378,-3.02091427347511,-2.641185429945e-07,-8.07404605726656e-07,-0.00302610015367473,-0.00944190353242111,6.22785676687422e-07,-1.9960149246944e-07
53703179637.0236,0.17497569574261,-2.9526367859714,-2.64681792914187e-07,-7.84218857209024e-07,-0.0030330181643405,-0.00917176759493084,6.1905906978831e-07,-2.04717744075844e-07
54954087385.7607,0.167126897323033,-2.88588113333999,-2.65064624904464e-07,-7.61498863094507e-07,-0.00303784303259853,-0.00890706628149851,6.15196315095153e-07,-2.09819474750374e-07
56234132519.0331,0.159629043246203,-2.82061481778249,-2.65270858679318e-07,-7.39236710898264e-07,-0.00304061953608182,-0.00864770690537519,6.11195284388046e-07,-2.14903029414778e-07
57543993733.7139,0.152466540576017,-2.75680593989356,-2.65304160609211e-07,-7.17424783033246e-07,-0.00304139065156152,-0.00839360020100329,6.07053970083237e-07,-2.19964529344244e-07
58884365535.557,0.145624480506032,-2.69442319428865,-2.65168061408935e-07,-6.96055755005281e-07,-0.00304019775985521,-0.00814466030303855,6.02770501826628e-07,-2.24999873119432e-07
60255958607.4339,0.139088609107551,-2.63343586473396,-2.6486597370998e-07,-6.75122592860004e-07,-0.00303708084934143,-0.00790080471674814,5.98343163581913e-07,-2.30004738745025e-07
61659500186.1463,0.13284529926088,-2.57381381882759,-2.6440120949251e-07,-6.54618549850786e-07,-0.00303207871779704,-0.0076619542794324,5.93770411139787e-07,-2.34974587023842e-07
63095734448.0173,0.126881523727969,-2.51552750227758,-2.6377699734572e-07,-6.34537162297191e-07,-0.00302522917220033,-0.00742803311252304,5.89050889962773e-07,-2.39904666272706e-07
64565422903.4635,0.121184829325576,-2.45854793281933,-2.62996499518745e-07,-6.14872244604769e-07,-0.00301656922606775,-0.00719896856402459,5.84183453267917e-07,-2.44790018461906e-07
66069344800.7575,0.115743312159022,-2.40284669381174,-2.62062828717694e-07,-5.9561788341911e-07,-0.00300613529381577,-0.00697469114098975,5.79167180237258e-07,-2.49625486854274e-07
67608297539.196,0.110545593877604,-2.34839592754884,-2.60979064597771e-07,-5.76768430890052e-07,-0.00299396338156342,-0.00675513443175411,5.74001394233692e-07,-2.54405725212344e-07
69183097091.8914,0.105580798913695,-2.29516832832076,-2.59748269892945e-07,-5.58318497025918e-07,-0.00298008927371662,-0.00654023501770048,5.68685680887734e-07,-2.5912520863283e-07
70794578438.4115,0.100838532668635,-2.24313713525568,-2.58373506119422e-07,-5.40262941122566e-07,-0.00296454871460349,-0.00632993237437983,5.63219905909168e-07,-2.63778246056567e-07
72443596007.4967,0.0963088606094876,-2.1922761249718,-2.56857848783267e-07,-5.22596862257944e-07,-0.00294737758436241,-0.00612416876188335,5.57604232466728e-07,-2.68358994489255e-07
74131024130.0894,0.0919822882418325,-2.14255960406653,-2.55204402017231e-07,-5.05315588849696e-07,-0.00292861206822333,-0.00592288910443907,5.5183913796913e-07,-2.72861474953583e-07
75857757502.9159,0.0878497419247594,-2.09396240146762,-2.53416312567093e-07,-4.88414667281219e-07,-0.00290828881826872,-0.00572604085929634,5.45925430072278e-07,-2.77279590176923e-07
77624711662.8667,0.0839025504953002,-2.04645986066954,-2.51496783044025e-07,-4.71889849610284e-07,-0.00288644510671606,-0.00553357387506147,5.398642617305e-07,-2.81607144000608e-07
79432823472.4256,0.0801324276705508,-2.00002783187621,-2.49449084356515e-07,-4.55737080383886e-07,-0.00286311896973045,-0.00534544023975795,5.33657145104629e-07,-2.85837862477128e-07
81283051616.4073,0.0765314551967661,-1.95464266406992,-2.47276567233623e-07,-4.39952482593291e-07,-0.00283834934075496,-0.00516159411900228,5.27305964136823e-07,-2.8996541660054e-07
83176377110.2644,0.0730920667157228,-1.91028119702415,-2.44982672750792e-07,-4.24532342814161e-07,-0.00281217617234014,-0.00498199158481245,5.20812985601554e-07,-2.93983446593197e-07
85113803820.2349,0.069807032319644,-1.86692075327736,-2.42570941770249e-07,-4.09473095587999e-07,-0.00278464054546355,-0.00480659043569604,5.14180868444383e-07,-2.97885587648857e-07
87096358995.6053,0.0666694437669615,-1.82453913008259,-2.40045023210381e-07,-3.94771307112832e-07,-0.00275578476535687,-0.00463535000879928,5.07412671225287e-07,-3.01665497008693e-07
89125093813.3717,0.0636727003321571,-1.78311459134715,-2.37408681062343e-07,-3.80423658322825e-07,-0.00272565244290282,-0.00446823098503372,5.00511857491415e-07,-3.05316882223041e-07
91201083935.588,0.060810495263871,-1.74262585957511,-2.34665800077726e-07,-3.66426927448161e-07,-0.00269428856072788,-0.00430519518823057,4.934822989156e-07,-3.08833530428285e-07
93325430079.6961,0.0580768028263905,-1.70305210782422,-2.31820390058339e-07,-3.52777972157811e-07,-0.00266173952319996,-0.00414620537950278,4.86328276051526e-07,-3.12209338445638e-07
95499258602.1405,0.0554658659005348,-1.66437295168819,-2.28876588688057e-07,-3.39473711398546e-07,-0.00262805318964222,-0.00399122504811787,4.79054476574403e-07,-3.1543834348709e-07
97723722095.5779,0.0529721841208371,-1.62656844131378,-2.25838662857239e-07,-3.26511107053348e-07,-0.00259327889019561,-0.00384021820029738,4.71665990897057e-07,-3.1851475423404e-07
99999999999.9967,0.0505905025267815,-1.58961905346184,-2.22711008442332e-07,-3.13887145551148e-07,-0.00255746742390172,-0.00369314914745938,4.64168305075475e-07,-3.21432982036588e-07
102329299228.072,0.0483158007066905,-1.55350568362007,-2.1949814851683e-07,-3.01598819567167e-07,-0.00252067103873313,-0.00354998229550487,4.56567290944738e-07,-3.24187671966585e-07
104712854805.087,0.0461432824136709,-1.51820963817499,-2.16204729984546e-07,-2.89643109958924e-07,-0.00248294339346876,-0.00341068193681555,4.48869193455675e-07,-3.26773733445841e-07
107151930523.757,0.0440683656338156,-1.4837126266495,-2.12835518642107e-07,-2.78016968086939e-07,-0.00244433950149434,-0.00327521204667577,4.41080615214014e-07,-3.29186370162725e-07
109647819614.315,0.0420866730876247,-1.44999675401203,-2.09395392694232e-07,-2.66717298671103e-07,-0.00240491565680002,-0.00314353608585382,4.33208498256844e-07,-3.31421108986218e-07
112201845430.193,0.0401940231463504,-1.41704451306247,-2.05889334762672e-07,-2.55740943333498e-07,-0.00236472934264584,-0.00301561681107547,4.25260103135343e-07,-3.33473827586489e-07
114815362149.684,0.0383864211456912,-1.38483877689971,-2.02322422447177e-07,-2.45084664975963e-07,-0.00232383912356652,-0.00289141609509439,4.17242985407254e-07,-3.35340780475563e-07
117489755493.949,0.036660051079953,-1.35336279147481,-1.9869981751427e-07,-2.34745133135918e-07,-0.00228230452158758,-0.0027708947580084,4.09164969676985e-07,-3.37018623190709e-07
120226443461.737,0.035011267660471,-1.32260016823366,-1.95026753806614e-07,-2.24718910456778e-07,-0.00224018587771953,-0.00265401241138872,4.01034121354738e-07,-3.38504434356839e-07
123026877081.234,0.0334365887227316,-1.29253487685219,-1.91308523981942e-07,-2.15002440399851e-07,-0.00219754419998359,-0.00254072731668041,3.92858716338038e-07,-3.39795735382392e-07
125892541179.413,0.0319326879672664,-1.26315123806716,-1.87550465205634e-07,-2.05592036312946e-07,-0.00215444099939527,-0.00243099625919819,3.84647208848841e-07,-3.40890507565655e-07
128824955169.309,0.0304963880199908,-1.23443391660474,-1.83757943934627e-07,-1.96483871957202e-07,-0.00211093811548893,-0.00232477443888444,3.76408197686322e-07,-3.41787206415005e-07
131825673855.636,0.0291246537982459,-1.20636791420918,-1.79936339942234e-07,-1.87673973578102e-07,-0.00206709753310296,-0.00222201537881714,3.68150391178936e-07,-3.42484773016663e-07
134896288259.161,0.0278145861693677,-1.1789385627731,-1.76091029743286e-07,-1.79158213589499e-07,-0.00202298119225794,-0.00212267085225891,3.59882571138884e-07,-3.42982642316764e-07
138038426460.284,0.0265634158891452,-1.15213151757107,-1.72227369586597e-07,-1.70932305921071e-07,-0.00197865079304767,-0.00202669082882636,3.51613556137203e-07,-3.43280748220293e-07
141253754462.271,0.0253684978080565,-1.12593275059742,-1.68350678186882e-07,-1.62991803060237e-07,-0.00193416759752174,-0.00193402344013678,3.43352164428057e-07,-3.43379525447028e-07
144543977074.588,0.0242273053336713,-1.10032854400937,-1.64466219370871e-07,-1.55332094799675e-07,-0.00188959223056808,-0.00184461496505974,3.3510717685612e-07,-3.43279908123349e-07
147910838816.816,0.023137425138095,-1.07530548367606,-1.60579184812277e-07,-1.47948408681363e-07,-0.00184498448180338,-0.00175840983446984,3.26887300081147e-07,-3.42983325127949e-07
151356124843.616,0.0220965520997924,-1.05085045283398,-1.56694677027641e-07,-1.40835812108178e-07,-0.00180040311044845,-0.00167535065516738,3.18701130448894e-07,-3.42491692248243e-07
154881661891.243,0.0211024844695804,-1.02695062584896,-1.52817692799792e-07,-1.33989216074652e-07,-0.00175590565510552,-0.00159537825241093,3.10557118827559e-07,-3.41807401242009e-07
158489319246.106,0.0201531192510055,-1.00359346208498,-1.48953107188014e-07,-1.27403380450006e-07,-0.00171154825026551,-0.0015184317302934,3.02463536714195e-07,-3.4093330593468e-07
162181009735.888,0.0192464477857374,-0.980766699879487,-1.45105658273981e-07,-1.2107292072943e-07,-0.00166738545125943,-0.00144444854899573,2.9442844389631e-07,-3.3987270551614e-07
165958690743.751,0.0183805515350083,-0.958458350625144,-1.41279932780545e-07,-1.14992316153909e-07,-0.00162347006922911,-0.00137336461777269,2.86459657930683e-07,-3.38629325231286e-07
169824365246.169,0.0175535980485062,-0.936656692957561,-1.37480352686636e-07,-1.09155919085128e-07,-0.00157985301753432,-0.00130511440236686,2.78564725674695e-07,-3.37207294685384e-07
173780082874.932,0.0167638371124991,-0.915350267048503,-1.33711162946238e-07,-1.03557965510243e-07,-0.0015365831708375,-0.00123963104541181,2.70750897075915e-07,-3.35611124008106e-07
177827941003.886,0.016009597069317,-0.894527869003947,-1.29976420402982e-07,-9.81925865417738e-08,-0.00149370723791815,-0.00117684649827627,2.63025101393795e-07,-3.33845678138623e-07
181970085860.992,0.0152892813006574,-0.874178545366291,-1.26279983974636e-07,-9.30538207706536e-08,-0.00145126964907113,-0.00111669166271766,2.55393925993908e-07,-3.31916149508182e-07
186208713666.281,0.0146013648675016,-0.854291587719869,-1.22625506164058e-07,-8.81356273256105e-08,-0.00140931245873917,-0.00105909654065788,2.47863597820804e-07,-3.29828029405981e-07
190546071796.318,0.0139443912997408,-0.834856527398886,-1.19016425935362e-07,-8.34318994895509e-08,-0.00136787526382515,-0.00100399039036533,2.40439967620982e-07,-3.27587078319019e-07
194984459975.798,0.0133169695289096,-0.81586313029678,-1.15455962976412e-07,-7.89364787234032e-08,-0.00132699513792734,-0.000951301887324636,2.33128496953285e-07,-3.25199295536963e-07
199526231496.881,0.0127177709577067,-0.797301391775988,-1.1194711335167e-07,-7.46431689498498e-08,-0.00128670658154408,-0.000900959288098232,2.25934247990863e-07,-3.2267088830917e-07
204173794466.946,0.0121455266602597,-0.779161531676993,-1.08492646533141e-07,-7.05457509533882e-08,-0.00124704148810736,-0.000852890595530115,2.18861876087232e-07,-3.20008240833186e-07
208929613085.397,0.0115990247073508,-0.761433989425495,-1.05095103781892e-07,-6.66379967590187e-08,-0.00120802912552944,-0.000807023723709305,2.11915625049385e-07,-3.17217883342535e-07
213796208950.216,0.0110771076110716,-0.744109419236519,-1.01756797838645e-07,-6.29136838593503e-08,-0.00116969613278589,-0.000763286661196698,2.0509932503377e-07,-3.14306461547036e-07
218776162394.948,0.0105786698836178,-0.727178685414191,-9.84798138693803e-08,-5.93666091688153e-08,-0.00113206653091398,-0.000721607631121244,1.98416392956603e-07,-3.11280706661436e-07
223872113856.827,0.0101026557051625,-0.710632857745923,-9.52660116008654e-08,-5.59906025937256e-08,-0.00109516174767892,-0.000681915246866797,1.91869835288621e-07,-3.08147406238618e-07
229086765276.77,0.00964805669596966,-0.694463206989683,-9.21170285716302e-08,-5.27795401178551e-08,-0.00105900065505231,-0.000644138662196788,1.85462253086218e-07,-3.04913376002204e-07
234422881531.984,0.00921390978812002,-0.678661200453014,-8.9034284416217e-08,-4.97273563148136e-08,-0.00102359961855875,-0.000608207714797015,1.79195849095975e-07,-3.01585432850816e-07
239883291901.941,0.0087992951924243,-0.663218497662448,-8.60189860944798e-08,-4.68280562104704e-08,-0.000988972557477117,-0.000574053062354591,1.73072436757983e-07,-2.98170369182848e-07
245470891568.495,0.0084033344562931,-0.648126946121948,-8.30721339733323e-08,-4.40757264308319e-08,-0.000955131014832548,-0.000541606310430693,1.67093450924864e-07,-2.94674928666897e-07
251188643150.95,0.00802518860851772,-0.633378577158961,-8.01945286655307e-08,-4.14645455828723e-08,-0.000922084236083002,-0.000510800131523754,1.61259960108078e-07,-2.9110578355942e-07
257039578276.878,0.0076640563870945,-0.618965601856719,-7.73867785287793e-08,-3.89887938276671e-08,-0.000889839255389228,-0.00048156837485588,1.55572680060646e-07,-2.87469513648064e-07
263026799189.529,0.00731917254639521,-0.604880407071338,-7.46493077285169e-08,-3.66428616166019e-08,-0.000858400988357813,-0.000453846166546567,1.50031988505659e-07,-2.83772586876833e-07
269153480392.683,0.00698980624014884,-0.591115551532347,-7.19823647690872e-08,-3.44212575722873e-08,-0.00082777233016243,-0.00042756999996255,1.44637940822673e-07,-2.8002134168809e-07
275422870333.807,0.00667525947685606,-0.577663762025192,-6.93860314004531e-08,-3.23186155059747e-08,-0.000797954257976605,-0.000402677816149425,1.39390286508958e-07,-2.76221971096553e-07
281838293126.436,0.00637486564440648,-0.564517929654327,-6.68602318110485e-08,-3.03297005726513e-08,-0.000768945936690806,-0.000379109074358508,1.34288486239364e-07,-2.72380508492165e-07
288403150312.651,0.00608798810081184,-0.551671106185461,-6.44047420216236e-08,-2.84494145735144e-08,-0.000740744826935594,-0.000356804812780311,1.29331729356958e-07,-2.68502815152088e-07
295120922666.629,0.00581401882810452,-0.539116500465571,-6.20191993998724e-08,-2.66728004231465e-08,-0.000713346794489286,-0.00033570769968361,1.24518951636278e-07,-2.64594569427221e-07
301995172040.192,0.00555237714658129,-0.526847474919254,-5.97031122211012e-08,-2.49950458054037e-08,-0.000686746220211403,-0.000315762075235979,1.19848853171809e-07,-2.60661257555583e-07
309029543251.349,0.00530250848669722,-0.514857542120047,-5.74558692060567e-08,-2.34114860477961e-08,-0.000660936109710508,-0.000296913984347867,1.15319916255771e-07,-2.56708166043688e-07
316227766016.827,0.00506388321603417,-0.50314036143531,-5.52767489731537e-08,-2.19176062489718e-08,-0.000635908202025399,-0.000279111200937925,1.1093042312133e-07,-2.52740375547582e-07
323593656929.617,0.00483599551888223,-0.49168973574331,-5.31649293486105e-08,-2.05090426978734e-08,-0.000611653076670628,-0.000262303244062668,1.06678473439613e-07,-2.48762756177552e-07
331131121482.58,0.00461836232608215,-0.480499608221121,-5.11194964843039e-08,-1.91815836262302e-08,-0.000588160258469735,-0.000246441386389191,1.02562001471292e-07,-2.44779964144433e-07
338844156139.191,0.00441052229288083,-0.469564059202019,-4.91394537393974e-08,-1.79311693383484e-08,-0.000565418319671326,-0.000231478655516024,9.85787927857097e-08,-2.40796439661004e-07
346736850452.52,0.00421203482265225,-0.458877303100999,-4.72237302878987e-08,-1.67538917637199e-08,-0.000543414978913252,-0.000217369828665166,9.47265004724924e-08,-2.3681640600893e-07
354813389233.563,0.00402247913443136,-0.448433685407109,-4.53711894201956e-08,-1.56459934788463e-08,-0.00052213719666782,-0.000204071421278352,9.10026607821403e-08,-2.3284386967997e-07
363078054770.089,0.00384145337230009,-0.438227679741297,-4.35806365122388e-08,-1.46038662449422e-08,-0.000501571266865579,-0.000191541670053743,8.7404708143095e-08,-2.28882621499717e-07
371535229097.16,0.00366857375475171,-0.428253884978454,-4.18508266413516e-08,-1.36240491079082e-08,-0.000481702904456232,-0.000179740510956025,8.39299895131948e-08,-2.24936238642623e-07
380189396320.548,0.00350347376224327,-0.418507022432399,-4.0180471832606e-08,-1.27032261062128e-08,-0.000462517328722204,-0.000168629552724303,8.05757780331474e-08,-2.21008087448577e-07
389045144994.268,0.00334580336122587,-0.408981933102531,-3.85682479242931e-08,-1.1838223631167e-08,-0.00044399934221315,-0.000158172046388925,7.73392859586447e-08,-2.17101326953541e-07
398107170553.484,0.00319522826301834,-0.39967357498091,-3.70128010452177e-08,-1.10260074825806e-08,-0.000426133405217928,-0.000148332851291115,7.42176768559839e-08,-2.13218913049685e-07
407380277804.099,0.00305142921596316,-0.39057702041854,-3.55127537003545e-08,-1.02636796610101e-08,-0.000408903705734351,-0.000139078398078954,7.12080770535238e-08,-2.0936360319395e-07
416869383470.321,0.00291410132937304,-0.381687453549649,-3.40667104648176e-08,-9.5484749358111e-09,-0.000392294224936223,-0.000130376649130208,6.83075863480084e-08,-2.05537961587849e-07
426579518801.578,0.00278295342784299,-0.373000167772769,-3.26732632891207e-08,-8.87775722603856e-09,-0.000376288798171969,-0.00012219705682764,6.55132879707251e-08,-2.01744364755584e-07
436515832240.151,0.00265770743456667,-0.364510563287454,-3.1330996421359e-08,-8.24901582895182e-09,-0.000360871171559621,-0.000114510520086125,6.28222578236781e-08,-1.97985007452003e-07
446683592150.948,0.00253809778235622,-0.35621414468547,-3.00384909542305e-08,-7.659861528514e-09,-0.000346025054269229,-0.000107289339503715,6.02315730004556e-08,-1.94261908836572e-07
457088189614.859,0.00242387085112334,-0.348106518595345,-2.87943290067666e-08,-7.10802261387212e-09,-0.000331734166606177,-0.000100507171481172,5.77383196103044e-08,-1.90576918854209e-07
467735141287.182,0.00231478443063452,-0.340183391379137,-2.75970975522671e-08,-6.59134083539479e-09,-0.000317982284027555,-9.41389816267838e-05,5.53395999271327e-08,-1.86931724768556e-07
478630092322.622,0.00221060720740675,-0.332440566880339,-2.64453919052649e-08,-6.10776732345918e-09,-0.000304753277239031,-8.81609977359212e-05,5.30325388877837e-08,-1.8332785779792e-07
489778819368.43,0.00211111827466043,-0.324873944221849,-2.53378188813994e-08,-5.6553584928423e-09,-0.000292031148531765,-8.25506626078768e-05,5.0814289966009e-08,-1.79766699808685e-07
501187233627.255,0.00201610666429489,-0.317479515652925,-2.42729996448818e-08,-5.2322719533036e-09,-0.000279800064528155,-7.72865869365227e-05,4.86820404501654e-08,-1.76249490025411e-07
512861383991.347,0.00192537089989825,-0.310253364444108,-2.32495722588109e-08,-4.83676244476328e-09,-0.000268044385511801,-7.23485024862097e-05,4.66330161538118e-08,-1.72777331721152e-07
524807460249.755,0.00183871856984728,-0.303191662829071,-2.22661939539731e-08,-4.4671778133958e-09,-0.00025674869152139,-6.77172157403881e-05,4.46644855891346e-08,-1.69351198855528e-07
537031796370.234,0.00175596591959566,-0.29629066999241,-2.13215431319518e-08,-4.12195504298158e-09,-0.000245897805390403,-6.33745621877148e-05,4.27737636335345e-08,-1.65971942632037e-07
549540873857.606,0.00167693746228904,-0.289546730102377,-2.04143211184084e-08,-3.79961635399738e-09,-0.000235476812914961,-5.93033613890114e-05,4.0958214719797e-08,-1.62640297949648e-07
562341325190.33,0.00160146560688408,-0.282956270387598,-1.95432536822913e-08,-3.49876538118329e-09,-0.000225471080330928,-5.54873729484124e-05,3.92152555800934e-08,-1.59356889727207e-07
575439937337.137,0.00152939030298544,-0.276515799256821,-1.87070923365127e-08,-3.21808343870198e-09,-0.000215866269278859,-5.19112534934063e-05,3.75423575736475e-08,-1.56122239082291e-07
588843655355.569,0.00146055870165005,-0.270221904460775,-1.79046154353079e-08,-2.9563258805064e-09,-0.000206648349431697,-4.85605147512361e-05,3.59370486273027e-08,-1.52936769349138e-07
602559586074.337,0.00139482483144129,-0.264071251295217,-1.71346290830917e-08,-2.71231856215219e-09,-0.000197803608955481,-4.54214827932774e-05,3.43969148174515e-08,-1.49800811922936e-07
616595001861.461,0.00133204928904849,-0.258060580844273,-1.63959678691531e-08,-2.48495440902974e-09,-0.000189318662967888,-4.24812585045134e-05,3.29196016208935e-08,-1.46714611920257e-07
630957344480.172,0.00127209894381702,-0.252186708263206,-1.56874954420017e-08,-2.27319009484383e-09,-0.000181180460153411,-3.97276793220472e-05,3.15028148611751e-08,-1.43678333647652e-07
645654229034.633,0.00121484665556446,-0.246446521099746,-1.50081049366161e-08,-2.07604283313168e-09,-0.000173376287687419,-3.71492822746805e-05,3.01443213758778e-08,-1.40692065872456e-07
660693448007.573,0.00116017100508566,-0.240836977653129,-1.43567192672398e-08,-1.89258728367852e-09,-0.000165893774614497,-3.47352683448742e-05,2.88419494291702e-08,-1.37755826891692e-07
676082975391.958,0.0011079560367767,-0.235355105370041,-1.37322912977574e-08,-1.72195257485748e-09,-0.000158720893819324,-3.24754681648495e-05,2.75935888927457e-08,-1.34869569396574e-07
691830970918.913,0.00105809101283318,-0.229997999276636,-1.31338039010459e-08,-1.56331944218208e-09,-0.000151845962721082,-3.03603090501001e-05,2.63971912170526e-08,-1.32033185131584e-07
707945784384.113,0.00101047017850268,-0.224762820445849,-1.25602699180645e-08,-1.41591748270894e-09,-0.000145257642815099,-2.83807833661111e-05,2.52507692134949e-08,-1.29246509348353e-07
724435960074.965,0.000964992537894717,-0.219646794499227,-1.20107320268066e-08,-1.27902252435959e-09,-0.000138944938178092,-2.65284182175433e-05,2.41523966670572e-08,-1.26509325055714e-07
741310241300.892,0.000921561639873545,-0.214647210142502,-1.14842625306129e-08,-1.15195410873684e-09,-0.000132897193046178,-2.4795246443476e-05,2.31002077975958e-08,-1.2382136706825e-07
758577575029.157,0.000880085373580819,-0.209761417734189,-1.09799630747246e-08,-1.03407308558771e-09,-0.000127104088567725,-2.31737788974355e-05,2.2092396586845e-08,-1.21182325856505e-07
776247116628.665,0.000840475773155116,-0.204986827886445,-1.04969642993565e-08,-9.24779316705738e-10,-0.000121555638826196,-2.16569779868066e-05,2.11272159870297e-08,-1.18591851202744e-07
794328234724.254,0.000802648831235003,-0.200320910097508,-1.0034425436984e-08,-8.23509486763609e-10,-0.000116242186221418,-2.02382324427625e-05,2.02029770258451e-08,-1.16049555666711e-07
812830516164.071,0.000766524320850765,-0.195761191414989,-9.59153386097581e-09,-7.2973501831948e-10,-0.000111154396291279,-1.89113332889989e-05,1.93180478214794e-08,-1.13555017866373e-07
831763771102.642,0.00073202562532768,-0.191305255129354,-9.16750459216393e-09,-6.42960088039309e-10,-0.000106283252049576,-1.76704509752518e-05,1.84708525203103e-08,-1.11107785579003e-07
851138038202.347,0.00069907957584068,-0.186950739496903,-8.76157976942526e-09,-5.6271974102037e-10,-0.000101620047909872,-1.6510113639774e-05,1.76598701689106e-08,-1.08707378668279e-07
870963589956.05,0.000667616296276376,-0.182695336491617,-8.37302808985654e-09,-4.88578099981971e-10,-9.71563832594958e-05,-1.54251864635747e-05,1.68836335310431e-08,-1.06353291843333e-07
891250938133.714,0.000637569055073899,-0.178536790585199,-8.0011442236581e-09,-4.20126666004557e-10,-9.28841557425045e-05,-1.4410852078255e-05,1.61407278594303e-08,-1.04044997255822e-07
912010839355.878,0.000608874123730773,-0.174472897554716,-7.64524820840007e-09,-3.56982707443865e-10,-8.87955543053154e-05,-1.34625919886457e-05,1.54297896312249e-08,-1.01781946941253e-07
933254300796.958,0.000581470641674112,-0.170501503317185,-7.30468482692839e-09,-2.98787733618826e-10,-8.48830520539583e-05,-1.25761689711321e-05,1.47495052553101e-08,-9.95635751108173e-08
954992586021.402,0.000555300487210914,-0.166620502790548,-6.97882297277727e-09,-2.45206049867254e-10,-8.11393989673889e-05,-1.17476104085015e-05,1.40986097587991e-08,-9.73893003000223e-08
977237220955.776,0.000530308154284084,-0.162827838780398,-6.66705500658804e-09,-1.95923390578872e-10,-7.75576145071021e-05,-1.09731925223236e-05,1.34758854594011e-08,-9.52585273803931e-08
999999999999.965,0.000506440634773097,-0.159121500891923,-6.36879610669214e-09,-1.50645626848145e-10,-7.41309801593434e-05,-1.0249425464257e-05,1.28801606296556e-08,-9.31706494404446e-08
1023292992280.72,0.00048364730608994,-0.155499524466474,-6.08348361669692e-09,-1.09097545437149e-10,-7.0853031942556e-05,-9.57303922822287e-06,1.23103081584263e-08,-9.11250495420496e-08
1047128548050.86,0.000461879823832193,-0.151959989542216,-5.81057639261628e-09,-7.10216957989348e-11,-6.77175529092849e-05,-8.9409703460809e-06,1.1765244214471e-08,-8.91211023582128e-08
1071519305237.57,0.0004410920192658,-0.148501019838328,-5.54955415181294e-09,-3.61773019826463e-11,-6.47185656686052e-05,-8.35034933025538e-06,1.12439269163746e-08,-8.71581756981324e-08
1096478196143.15,0.000421239801420305,-0.145120781762209,-5.29991682576489e-09,-4.33923632089692e-12,-6.18503249522107e-05,-7.79848882767348e-06,1.07453550126431e-08,-8.52356319252818e-08
1122018454301.92,0.000402281063589094,-0.141817483439191,-5.0611839184335e-09,2.47029481138161e-11,-5.91073102446046e-05,-7.28287245036764e-06,1.02685665753024e-08,-8.3352829274082e-08
1148153621496.84,0.000384175594036516,-0.138589373764234,-4.83289387179449e-09,5.11459292052344e-11,-5.64842184953456e-05,-6.80114424914939e-06,9.812637709931e-09,-8.15091230705658e-08
1174897554939.49,0.000366884990722647,-0.13543474147513,-4.6146034398942e-09,7.51734744677957e-11,-5.39759569290177e-05,-6.35109879786274e-06,9.37668128467312e-09,-7.97038668622502e-08
1202264434617.37,0.000350372579864979,-0.132351914246713,-4.40588707261145e-09,9.69572494264741e-11,-5.1577635966503e-05,-5.93067185686122e-06,8.95984568042751e-09,-7.79364134622516e-08
1230268770812.34,0.000334603338164449,-0.129339257805614,-4.20633631013861e-09,1.16657578328364e-10,-4.92845622692164e-05,-5.53793158551028e-06,8.56131356408869e-09,-7.6206115912486e-08
1258925411794.12,0.00031954381853095,-0.126395175065097,-4.01555918904358e-09,1.34424159710636e-10,-4.70922319162196e-05,-5.17107027468663e-06,8.18030068642448e-09,-7.45123283706032e-08
1288249551693.09,0.000305162079150931,-0.12351810527952,-3.83317966063579e-09,1.50396739247457e-10,-4.49963237225377e-05,-4.82839657141949e-06,7.81605470590881e-09,-7.28544069251133e-08
1318256738556.36,0.000291427615746706,-0.120706523217977,-3.65883702223391e-09,1.64705742196782e-10,-4.2992692705562e-05,-4.50832816898766e-06,7.46785403958788e-09,-7.12317103429709e-08
1348962882591.6,0.000278311296883919,-0.117958938356703,-3.49218536181899e-09,1.77472867667232e-10,-4.10773637051102e-05,-4.20938493694449e-06,7.13500674183979e-09,-6.96436007536882e-08
1380384264602.83,0.000265785302190009,-0.115273894089794,-3.33289301645397e-09,1.88811646825925e-10,-3.92465251615393e-05,-3.93018246668466e-06,6.81684941169148e-09,-6.80894442738665e-08
1412537544622.7,0.000253823063352734,-0.112649966957854,-3.18064204475785e-09,1.98827967070638e-10,-3.74965230552397e-05,-3.66942600928805e-06,6.5127461291796e-09,-6.65686115758453e-08
1445439770745.88,0.000242399207773664,-0.110085765894146,-3.03512771363975e-09,2.07620564094315e-10,-3.58238550098829e-05,-3.42590478347172e-06,6.22208742108364e-09,-6.50804784039893e-08
1479108388168.15,0.000231489504757215,-0.107579931487862,-2.89605799942334e-09,2.15281483676987e-10,-3.4225164560944e-05,-3.19848663255029e-06,5.94428925621778e-09,-6.362442604196e-08
1513561248436.15,0.000221070814121125,-0.10513113526412,-2.76315310342593e-09,2.21896514949854e-10,-3.26972355902511e-05,-2.98611301034277e-06,5.67879207034136e-09,-6.21998417341444e-08
1548816618912.43,0.000211121037119447,-0.102738078980317,-2.6361449819972e-09,2.27545596788747e-10,-3.1236986926641e-05,-2.78779427697019e-06,5.4250598206362e-09,-6.08061190642488e-08
1584893192461.06,0.000201619069574004,-0.100399493938451,-2.51477689097024e-09,2.32303198909599e-10,-2.9841467112197e-05,-2.60260528646089e-06,5.18257906959983e-09,-5.94426582939069e-08
1621810097358.87,0.000192544757114939,-0.0981141403130814,-2.39880294443151e-09,2.3623867915692e-10,-2.85078493330142e-05,-2.429681249018e-06,4.95085809811651e-09,-5.81088666639951e-08
1659586907437.5,0.000183878852435473,-0.0958808064945365,-2.28798768767579e-09,2.39416618397789e-10,-2.72334265129788e-05,-2.26821385170631e-06,4.72942604739224e-09,-5.68041586612019e-08
1698243652461.68,0.000175602974470236,-0.0936983084470564,-2.18210568417685e-09,2.41897134358374e-10,-2.60156065686361e-05,-2.11744762218254e-06,4.51783208937331e-09,-5.55279562522529e-08
1737800828749.31,0.000167699569410618,-0.0915654890815125,-2.08094111637401e-09,2.43736175667667e-10,-2.48519078228793e-05,-1.97667652092413e-06,4.31564462521152e-09,-5.42796890880604e-08
1778279410038.86,0.000160151873474496,-0.0894812176423816,-1.98428740004849e-09,2.44985797303847e-10,-2.37399545748821e-05,-1.84524074820767e-06,4.12245051128989e-09,-5.30587946799314e-08
1819700858609.92,0.000152943877351377,-0.0874443891086512,-1.89194681204095e-09,2.45694418572434e-10,-2.26774728234496e-05,-1.72252375284827e-06,3.93785431228172e-09,-5.18647185498481e-08
1862087136662.8,0.000146060292247591,-0.0854539236083395,-1.80373013104269e-09,2.45907064682174e-10,-2.16622861407401e-05,-1.60794943043751e-06,3.76147758068121e-09,-5.06969143567112e-08
1905460717963.18,0.000139486517459521,-0.0835087658463212,-1.71945629117737e-09,2.45665592924281e-10,-2.06923116931341e-05,-1.50097949950938e-06,3.59295816221554e-09,-4.95548440003281e-08
1949844599757.98,0.000133208609406114,-0.0816078845451594,-1.63895204807713e-09,2.45008904403221e-10,-1.976555640588e-05,-1.40111104472295e-06,3.43194952652532e-09,-4.84379777048145e-08
1995262314968.81,0.000127213252055023,-0.0797502718986471,-1.5620516571468e-09,2.43973142212573e-10,-1.88801132680291e-05,-1.30787421677677e-06,3.27812012248235e-09,-4.73457940829829e-08
2041737944669.46,0.000121487728679647,-0.0779349430377712,-1.4885965637018e-09,2.4259187689755e-10,-1.80341577740827e-05,-1.220830079366e-06,3.1311527575004e-09,-4.62777801831866e-08
2089296130853.96,0.000116019894887196,-0.0761609355088166,-1.41843510465968e-09,2.40896279996399e-10,-1.72259444987079e-05,-1.13956859405796e-06,2.99074400018466e-09,-4.52334315200022e-08
2137962089502.15,0.000110798152860588,-0.0744273087633362,-1.35142222146086e-09,2.38915286406101e-10,-1.64538038008337e-05,-1.06370673449823e-06,2.85660360566e-09,-4.42122520900418e-08
2187761623949.47,0.000105811426759538,-0.0727331436597161,-1.2874191838922e-09,2.36675746273373e-10,-1.57161386534131e-05,-9.92886721866872e-07,2.72845396291507e-09,-4.32137543741075e-08
2238721138568.26,0.0001010491392287,-0.0710775419760746,-1.22629332448556e-09,2.34202567069912e-10,-1.5011421595128e-05,-9.26774373985507e-07,2.60602956349906e-09,-4.22374593268195e-08
2290867652767.69,9.65011889630226e-05,-0.0694596259342369,-1.16791778316451e-09,2.31518846470967e-10,-1.43381918003178e-05,-8.65057560930496e-07,2.48907649091048e-09,-4.12828963547764e-08
2344228815319.84,9.21579292827575e-05,-0.0678785377345341,-1.11217126181335e-09,2.28645996618636e-10,-1.36950522634336e-05,-8.07444760437783e-07,2.37735193002176e-09,-4.03496032842394e-08
2398832919019.4,8.80101476726833e-05,-0.0663334391011813,-1.05893778844538e-09,2.2560386031559e-10,-1.30806670943475e-05,-7.53663706790953e-07,2.27062369588964e-09,-3.9437126319262e-08
2454708915684.94,8.40490462421469e-05,-0.0648235108379949,-1.00810649065086e-09,2.22410819661243e-10,-1.24937589208869e-05,-7.03460127267727e-07,2.16866978130956e-09,-3.85450199911281e-08
2511886431509.49,8.02662230644926e-05,-0.0633479523942134,-9.59571378009018e-10,2.19083897610476e-10,-1.19331063950132e-05,-6.56596560581998e-07,2.0712779224814e-09,-3.76728470999038e-08
2570395782768.77,7.66536543563004e-05,-0.0619059814401932,-9.13231133153609e-10,2.15638852904962e-10,-1.13975417991192e-05,-6.12851252099778e-07,1.97824518216475e-09,-3.68201786488496e-08
2630267991895.29,7.32036774586432e-05,-0.0604968334527553,-8.68988911186818e-10,2.12090268798673e-10,-1.08859487489805e-05,-5.72017120929156e-07,1.88937754971311e-09,-3.59865937723926e-08
2691534803926.82,6.99089745842682e-05,-0.0591197613099624,-8.26752147142222e-10,2.08451635972371e-10,-1.03972599899658e-05,-5.33900794287418e-07,1.80448955738922e-09,-3.5171679658308e-08
2754228703338.06,6.67625572962354e-05,-0.057774034895114,-7.86432371203987e-10,2.0473543000651e-10,-9.93045528318072e-06,-4.98321704833859e-07,1.72340391237665e-09,-3.43750314647119e-08
2818382931264.35,6.3757751685096e-05,-0.0564589407097492,-7.47945031396141e-10,2.00953183758163e-10,-9.48455937829485e-06,-4.65111246925456e-07,1.64595114391645e-09,-3.35962522324287e-08
2884031503126.5,6.0888184213173e-05,-0.0551737814954524,-7.11209323462809e-10,1.97115554965022e-10,-9.05864006988215e-06,-4.34111988005242e-07,1.57196926501194e-09,-3.28349527932525e-08
2951209226666.28,5.81477681959243e-05,-0.053917875864262,-6.76148027667598e-10,1.93232389378347e-10,-8.65180633418215e-06,-4.05176931570969e-07,1.50130344815908e-09,-3.20907516745868e-08
3019951720401.9,5.55306908917161e-05,-0.0526905579374878,-6.42687352247815e-10,1.89312779706721e-10,-8.26320654327332e-06,-3.78168828395035e-07,1.43380571457455e-09,-3.136327500091e-08
3090295432513.48,5.30314011726265e-05,-0.0514911769927439,-6.10756783266879e-10,1.85365120633688e-10,-7.89202675373251e-06,-3.52959532876658e-07,1.36933463640881e-09,-3.0652156392483e-08
3162277660168.26,5.06445977501315e-05,-0.0503190971190126,-5.80288940616085e-10,1.8139716015462e-10,-7.53748906693789e-06,-3.29429401604564e-07,1.30775505144592e-09,-2.99570368616817e-08
3235936569296.16,4.83652179307009e-05,-0.0491736968795549,-5.51219439924831e-10,1.77416047461531e-10,-7.19885005825735e-06,-3.07466731393726e-07,1.24893778980735e-09,-2.92775647073112e-08
3311311214825.79,4.61884268774559e-05,-0.0480543689824911,-5.2348676014639e-10,1.73428377588939e-10,-6.87539927244806e-06,-2.86967234233623e-07,1.19275941219166e-09,-2.86133954072286e-08
3388441561391.9,4.41096073551149e-05,-0.0469605199588754,-4.97032116594385e-10,1.69440233019167e-10,-6.56645778267664e-06,-2.67833546748796e-07,1.1391019591969e-09,-2.79641915095788e-08
3467368504525.19,4.21243499364756e-05,-0.0458915698480955,-4.71799339213211e-10,1.65457222431787e-10,-6.2713768106523e-06,-2.49974771925636e-07,1.08785271128719e-09,-2.73296225229216e-08
3548133892335.62,4.02284436496642e-05,-0.0448469518904301,-4.47734755873786e-10,1.61484516769015e-10,-5.98953640544776e-06,-2.33306051003101e-07,1.03890395897969e-09,-2.67093648055074e-08
3630780547700.88,3.84178670463134e-05,-0.0438261122266015,-4.24787080494062e-10,1.5752688277687e-10,-5.72034417866338e-06,-2.17748163559835e-07,9.92152782842249e-10,-2.61031014539387e-08
3715352290971.59,3.6688779671727e-05,-0.0428285096041645,-4.02907305791894e-10,1.53588714170737e-10,-5.46323409367018e-06,-2.03227153956541e-07,9.47500842906307e-10,-2.55105221914349e-08
3801893963205.47,3.50375139189392e-05,-0.0418536150905763,-3.82048600485851e-10,1.49674060563583e-10,-5.21766530674562e-06,-1.89673982410976e-07,9.04854177113452e-10,-2.4931323255898e-08
3890451449942.66,3.34605672493907e-05,-0.0409009117927952,-3.62166210767571e-10,1.45786654285436e-10,-4.98312105799307e-06,-1.77024199093947e-07,8.64123008427477e-10,-2.43652072879643e-08
3981071705534.82,3.19545947637231e-05,-0.0399698945832592,-3.43217365877187e-10,1.41929935213895e-10,-4.75910761001106e-06,-1.65217639738769e-07,8.25221560257196e-10,-2.38118832192082e-08
4073802778040.98,3.05164021069349e-05,-0.0390600698321013,-3.25161187621154e-10,1.38107073727249e-10,-4.54515323235218e-06,-1.54198141354138e-07,7.88067879848169e-10,-2.32710661606492e-08
4168693834703.2,2.91429386928488e-05,-0.038170955145457,-3.07958603679531e-10,1.34320991884381e-10,-4.34080722988319e-06,-1.43913276721685e-07,7.52583669314122e-10,-2.27424772917039e-08
4265795188015.77,2.78312912335228e-05,-0.0373020791097272,-2.91572264557321e-10,1.30574382928846e-10,-4.14563901322802e-06,-1.34314106444993e-07,7.18694123991203e-10,-2.22258437497067e-08
4365158322401.5,2.65786775598779e-05,-0.0364529810416616,-2.759664640419e-10,1.26869729208422e-10,-3.95923720954342e-06,-1.25354947396978e-07,6.86327777810165e-10,-2.1720898520116e-08
4466835921509.46,2.53824407204384e-05,-0.0356232107441275,-2.61107063035747e-10,1.23209318596012e-10,-3.78120881194327e-06,-1.16993156487485e-07,6.55416355393223e-10,-2.12273803275086e-08
4570881896148.58,2.42400433456671e-05,-0.0348123282674383,-2.46961416640708e-10,1.19595259492953e-10,-3.6111783659521e-06,-1.09188928743148e-07,6.25894630593622e-10,-2.07450335274561e-08
4677351412871.81,2.31490622659419e-05,-0.0340199036761124,-2.33498304376753e-10,1.16029494491564e-10,-3.44878719143056e-06,-1.01905108757274e-07,5.97700291206947e-10,-2.02736079993686e-08
4786300923226.2,2.21071833717595e-05,-0.03324551682094,-2.20687863424667e-10,1.12513812770185e-10,-3.29369263847645e-06,-9.51070146289695e-08,5.7077380959378e-10,-1.98128590403799e-08
4897788193684.28,2.11121967052634e-05,-0.0324887571162379,-2.08501524788241e-10,1.09049861290845e-10,-3.14556737586315e-06,-8.87622735682776e-08,5.45058318963631e-10,-1.93625472603441e-08
5011872336272.53,2.01619917726865e-05,-0.0317492233221721,-1.96911952277355e-10,1.05639154867198e-10,-3.00409871063456e-06,-8.28406683979135e-08,5.20499495079985e-10,-1.89224384780009e-08
5128613839913.46,1.92545530677641e-05,-0.0310265233320359,-1.85892984218769e-10,1.02283085168276e-10,-2.86898793753011e-06,-7.7313994232534e-08,4.97045443155938e-10,-1.84923036183661e-08
5248074602497.53,1.83879557966248e-05,-0.0303202739643678,-1.75419577806429e-10,9.89829287220346e-11,-2.73994971696681e-06,-7.21559246635896e-08,4.74646589719152e-10,-1.8071918611391e-08
5370317963702.32,1.75603617950888e-05,-0.0296301007598012,-1.65467756007698e-10,9.57398539814575e-11,-2.61671148035624e-06,-6.73418868218551e-08,4.53255579233829e-10,-1.7661064291935e-08
5495408738576.04,1.67700156297168e-05,-0.0289556377825374,-1.56014556945992e-10,9.25549275151339e-11,-2.49901286158413e-06,-6.28489447309364e-08,4.32827175276037e-10,-1.72595263010841e-08
5623413251903.28,1.60152408743369e-05,-0.0282965274263365,-1.4703798568394e-10,8.94291193837042e-11,-2.38660515352774e-06,-5.8655690403579e-08,4.13318166067025e-10,-1.68670949888478e-08
5754399373371.35,1.52944365541545e-05,-0.0276524202249239,-1.38516968334263e-10,8.63633077632548e-11,-2.27925078853227e-06,-5.47421421686258e-08,3.946872741772e-10,-1.64835653182592e-08
5888436553555.67,1.46060737499007e-05,-0.0270229746667122,-1.30431308428143e-10,8.33582828766304e-11,-2.17672284181203e-06,-5.10896497501534e-08,3.76895070221128e-10,-1.61087367709015e-08
6025595860743.35,1.39486923548183e-05,-0.0264078570137393,-1.2276164547291e-10,8.04147502936269e-11,-2.07880455678448e-06,-4.76808056518025e-08,3.59903890371353e-10,-1.5742413253876e-08
6165950018614.59,1.3320897977605e-05,-0.0258067411247276,-1.15489415632378e-10,7.75333336610668e-11,-1.98528889138681e-06,-4.44993624287525e-08,3.4367775752594e-10,-1.53844030082288e-08
6309573444801.69,1.27213589847464e-05,-0.0252193082821702,-1.08596814464158e-10,7.47145769237708e-11,-1.89597808446396e-06,-4.15301554573016e-08,3.28182305971535e-10,-1.50345185188449e-08
6456542290346.31,1.21488036759637e-05,-0.0246452470233531,-1.02066761648797e-10,7.19589460973585e-11,-1.8106832413552e-06,-3.87590308377319e-08,3.13384709390269e-10,-1.46925764258181e-08
6606934480075.71,1.16020175867872e-05,-0.024084252975222,-9.58828676456056e-11,6.92668306535635e-11,-1.72922393784306e-06,-3.61727780901666e-08,2.99253612065187e-10,-1.43583974373022e-08
6760829753919.56,1.10798409125317e-05,-0.0235360286930094,-9.00294022096697e-11,6.66385445782721e-11,-1.6514278416635e-06,-3.37590673255928e-08,2.85759063144944e-10,-1.40318062438448e-08
6918309709189.1,1.05811660482117e-05,-0.0230002835025329,-8.44912647037721e-11,6.40743271617305e-11,-1.57713035081003e-06,-3.15063905952057e-08,2.72872453834304e-10,-1.37126314342048e-08
7079457843841.11,1.01049352391773e-05,-0.0224767333460837,-7.92539561378622e-11,6.15743435792567e-11,-1.5061742478972e-06,-2.94040071408459e-08,2.60566457382595e-10,-1.34007054126514e-08
7244359600749.62,9.6501383374889e-06,-0.0219651006318224,-7.43035528673931e-11,5.91386853192997e-11,-1.43840936987979e-06,-2.74418922876225e-08,2.48814971747604e-10,-1.3095864317739e-08
7413102413008.89,9.21581065926989e-06,-0.0214651140866032,-6.96266818803335e-11,5.67673705137701e-11,-1.37369229245423e-06,-2.56106897369382e-08,2.37593064817545e-10,-1.27979479425551e-08
7585775750291.55,8.80103093849417e-06,-0.0209765086121467,-6.52104976010606e-11,5.44603442232044e-11,-1.31188602849755e-06,-2.39016670341274e-08,2.26876922078655e-10,-1.250679965643e-08
7762471166286.62,8.40491937286772e-06,-0.0204990251444875,-6.1042660137723e-11,5.22174787265031e-11,-1.25285973992657e-06,-2.23066739998603e-08,2.16643796620702e-10,-1.22222663281029e-08
7943282347242.51,8.02663575765931e-06,-0.0200324105166205,-5.71113148981198e-11,5.00385738617095e-11,-1.19648846238677e-06,-2.08181039284272e-08,2.06871961377215e-10,-1.19441982503309e-08
8128305161640.68,7.66537770352218e-06,-0.0195764173242733,-5.34050734977468e-11,4.79233574605782e-11,-1.14265284220563e-06,-1.94288573690563e-08,1.9754066350162e-10,-1.16724490659313e-08
8317637711026.39,7.32037893452646e-06,-0.0191308037947335,-4.99129958825098e-11,4.58714859155552e-11,-1.09123888506937e-06,-1.81323083186009e-08,1.88630080784597e-10,-1.14068756952432e-08
8511380382023.44,6.99090766279228e-06,-0.0186953336586627,-4.66245735877542e-11,4.38825449132982e-11,-1.0421377159059e-06,-1.69222726653057e-08,1.8012128002204e-10,-1.11473382649957e-08
8709635899560.47,6.67626503627605e-06,-0.0182697760248267,-4.35297140547969e-11,4.1956050364045e-11,-9.95245349478564e-07,-1.5792978733994e-08,1.71996177246795e-10,-1.08937000385659e-08
8912509381337.11,6.37578365641749e-06,-0.0178539052576783,-4.06187259261154e-11,4.00914495510821e-11,-9.50462471217254e-07,-1.47390397929377e-08,1.64237499741091e-10,-1.06458273476139e-08
9120108393558.75,6.08882616250323e-06,-0.0174475008577255,-3.78823052407991e-11,3.82881225193122e-11,-9.07694227833759e-07,-1.37554283919457e-08,1.56828749750106e-10,-1.0403589525076e-08
9332543007969.55,5.81478387974416e-06,-0.0170503473446233,-3.53115224528428e-11,3.65453837165823e-11,-8.66850027288014e-07,-1.28374524098609e-08,1.49754169820535e-10,-1.01668588394994e-08
9549925860213.99,5.55307552819909e-06,-0.0166622341429259,-3.28978101963665e-11,3.48624838960714e-11,-8.27843347690818e-07,-1.1980732697743e-08,1.42998709691314e-10,-9.93551043070243e-09
9772372209557.73,5.30314598980618e-06,-0.0162829554704404,-3.06329517239037e-11,3.32386122827508e-11,-7.9059155474664e-07,-1.11811822115615e-08,1.36547994666798e-10,-9.70942224673986e-09
9999999999999.61,5.06446513090681e-06,-0.0159123102291202,-2.85090699464823e-11,3.16728990018015e-11,-7.55015727357494e-07,-1.04349865352788e-08,1.30388295405742e-10,-9.48847498215584e-09
10232929922807.1,4.83652667776441e-06,-0.0155501018984433,-2.6518617007329e-11,3.01644177619816e-11,-7.21040491025426e-07,-9.73858570178119e-09,1.24506499062336e-10,-9.27255201750523e-09
10471285480508.6,4.61884714269315e-06,-0.0151961384312165,-2.46543643246033e-11,2.87121887823658e-11,-6.88593858707067e-07,-9.08865722526804e-09,1.18890081718371e-10,-9.06153936012358e-09
10715193052375.7,4.41096479851847e-06,-0.0148502321517519,-2.29093930425741e-11,2.7315181946695e-11,-6.57607078788893e-07,-8.48210026444852e-09,1.13527082048301e-10,-8.85532558612637e-09
10964781961431.4,4.21243869919451e-06,-0.0145121996563605,-2.12770848350317e-11,2.59723201658384e-11,-6.28014489866406e-07,-7.91602084125514e-09,1.08406076161556e-10,-8.65380178361732e-09
11220184543019.2,4.02284774450073e-06,-0.0141818617161112,-1.9751113009409e-11,2.46824829256311e-11,-5.99753382024372e-07,-7.38771804478919e-09,1.03516153568969e-10,-8.45686149708577e-09
11481536214968.4,3.84178978683405e-06,-0.0138590431818033,-1.83254338649983e-11,2.34445099946495e-11,-5.72763864328601e-07,-6.89467115488565e-09,9.8846894222571e-11,-8.2644006729729e-09
11748975549394.8,3.66888077820183e-06,-0.0135435728911012,-1.69942782637181e-11,2.2257205264342e-11,-5.46988738252497e-07,-6.43452762404881e-09,9.43883465802861e-11,-8.07631760638644e-09
12022644346173.7,3.50375395560635e-06,-0.0132352835777836,-1.57521433770245e-11,2.11193406923623e-11,-5.22373376773831e-07,-6.00509186058316e-09,9.01310066493049e-11,-7.8925128889435e-09
12302687708123.3,3.34605906309298e-06,-0.0129340117830586,-1.45937845777025e-11,2.00296603189533e-11,-4.98865608888868e-07,-5.6043147595478e-09,8.60657979639874e-11,-7.7128893577212e-09
12589254117941.2,3.1954616088118e-06,-0.0126395977688963,-1.35142074503303e-11,1.89868843257843e-11,-4.76415609302148e-07,-5.23028393171331e-09,8.21840524562015e-11,-7.53735204529483e-09
12882495516930.8,3.0516421555169e-06,-0.0123518854333355,-1.25086598991194e-11,1.79897131067381e-11,-4.54975793060928e-07,-4.88121458401534e-09,7.84774921779297e-11,-7.3658081308433e-09
13182567385563.6,2.91429564299843e-06,-0.0120707222277173,-1.157262433653e-11,1.7036831320729e-11,-4.34500714913494e-07,-4.55544100809394e-09,7.49382118378344e-11,-7.1981668923018e-09
13489628825916,2.78313074101003e-06,-0.0117959590758026,-1.07018099404821e-11,1.61269118976817e-11,-4.14946973180362e-07,-4.2514086363974e-09,7.15586621152443e-11,-7.03433965954163e-09
13803842646028.3,2.65786923131946e-06,-0.0115274502947314,-9.89214497208781e-12,1.52586199702471e-11,-3.96273117936721e-07,-3.96766662802645e-09,6.83316337167205e-11,-6.87423976855766e-09
14125375446227,2.53824541757127e-06,-0.0112650535177805,-9.13976914957156e-12,1.44306167056345e-11,-3.78439563313417e-07,-3.70286094901308e-09,6.52502421419708e-11,-6.71778251664356e-09
14454397707458.7,2.42400556171011e-06,-0.0110086296188797,-8.44102607740214e-12,1.36415630140315e-11,-3.6140850373235e-07,-3.45572791407888e-09,6.23079131274247e-11,-6.56488511853557e-09
14791083881681.5,2.31490734576909e-06,-0.0107580426388462,-7.79245573260617e-12,1.2890123112409e-11,-3.45143833900313e-07,-3.22508815911257e-09,5.94983687372477e-11,-6.41546666350572e-09
15135612484361.5,2.21071935788152e-06,-0.010513159713298,-7.19078701276077e-12,1.21749679250059e-11,-3.29611072393136e-07,-3.00984101565469e-09,5.68156140729695e-11,-6.26944807338553e-09
15488166189124.2,2.11122060142607e-06,-0.0102738510022081,-6.63293035227298e-12,1.1494778304402e-11,-3.14777288669481e-07,-2.80895926058998e-09,5.42539245742309e-11,-6.12675206150159e-09
15848931924610.5,2.0162000262638e-06,-0.0100399896210625,-6.11597041524914e-12,1.08482480597536e-11,-3.0061103336076e-07,-2.62148421603312e-09,5.18078338844183e-11,-5.98730309250473e-09
16218100973588.7,1.92545608107313e-06,-0.00981145157358472,-5.63715887455636e-12,1.02340867814494e-11,-2.87082271690523e-07,-2.44652117606002e-09,4.94721222561564e-11,-5.85102734307466e-09
16595869074374.9,1.83879628583292e-06,-0.00958811568599192,-5.19390728759885e-12,9.65102245407292e-12,-2.74162319883145e-07,-2.28323513849203e-09,4.7241805472773e-11,-5.71785266348233e-09
16982436524616.8,1.75603682354698e-06,-0.00936986354274775,-4.78378007990147e-12,9.09780385211653e-12,-2.61823784427934e-07,-2.13084682139295e-09,4.51121242629341e-11,-5.58770853999247e-09
17378008287493.1,1.67700215034402e-06,-0.00915657942377719,-4.40448764784014e-12,8.5732027153248e-12,-2.50040504070719e-07,-1.98862894529371e-09,4.30785341866831e-11,-5.46052605808926e-09
17782794100388.5,1.60152462312591e-06,-0.00894815024311077,-4.05387959181781e-12,8.07601570283211e-12,-2.3878749441071e-07,-1.85590276342504e-09,4.11366959720914e-11,-5.33623786650804e-09
18197008586099.1,1.52944414397455e-06,-0.0087444654889253,-3.72993809088866e-12,7.60506612737515e-12,-2.2804089498584e-07,-1.73203482341916e-09,3.92824662826696e-11,-5.21477814205669e-09
18620871366627.9,1.46060782056301e-06,-0.00854541716494952,-3.43077142931953e-12,7.15920547278523e-12,-2.17777918735055e-07,-1.6164339450441e-09,3.75118888965652e-11,-5.09608255521013e-09
19054607179631.7,1.3948696418507e-06,-0.00835089973320337,-3.15460768487985e-12,6.73731469968899e-12,-2.07976803730965e-07,-1.50854839956284e-09,3.58211862794208e-11,-4.98008823646218e-09
19498445997579.7,1.33209016837464e-06,-0.00816081005804076,-2.89978858780629e-12,6.33830534585941e-12,-1.98616767081046e-07,-1.40786327727021e-09,3.42067515335677e-11,-4.86673374341885e-09
19952623149688,1.2721362364799e-06,-0.00797504735146602,-2.66476355842745e-12,5.96112042896195e-12,-1.89677960900133e-07,-1.31389803065673e-09,3.26651407069909e-11,-4.7559590286178e-09
20417379446694.5,1.21488067586185e-06,-0.00779351311969506,-2.44808393039039e-12,5.60473516053319e-12,-1.81141430261276e-07,-1.22620418148519e-09,3.11930654462302e-11,-4.64770540805874e-09
20892961308539.6,1.16020203982106e-06,-0.00761611111093299,-2.24839736533166e-12,5.26815748091884e-12,-1.72989073036218e-07,-1.14436318084708e-09,2.97873859780729e-11,-4.54191553042987e-09
21379620895021.5,1.1079843476588e-06,-0.00744274726434041,-2.06444246370892e-12,4.95042842559145e-12,-1.65203601540691e-07,-1.06798441199455e-09,2.8445104405554e-11,-4.43853334701591e-09
21877616239494.7,1.05811683866655e-06,-0.00727332966016134,-1.89504357537673e-12,4.65062233377827e-12,-1.5776850590353e-07,-9.96703326424249e-10,2.71633583044097e-11,-4.33750408227329e-09
22387211385682.5,1.01049373718784e-06,-0.00710776847098642,-1.73910581237342e-12,4.36784691066785e-12,-1.50668019082245e-07,-9.30179704324304e-10,2.59394146067291e-11,-4.2387742050584e-09
22908676527676.8,9.6501402825406e-07,-0.00694597591412547,-1.59561026530182e-12,4.10124315464584e-12,-1.43887083451136e-07,-8.68096031088404e-10,2.47706637591254e-11,-4.14229140049538e-09
23442288153198.3,9.21581243318261e-07,-0.00678786620506407,-1.4636094236493e-12,3.84998516105075e-12,-1.37411318891353e-07,-8.1015598215431e-10,2.36546141432925e-11,-4.04800454246956e-09
23988329190193.9,8.80103255632572e-07,-0.00663335551197977,-1.34222279941412e-12,3.61327981385445e-12,-1.31226992315457e-07,-7.56083008940303e-10,2.25888867473393e-11,-3.9558636667336e-09
24547089156849.3,8.40492084835106e-07,-0.00648236191129347,-1.23063275249427e-12,3.39036637647663e-12,-1.25320988562086e-07,-7.05619019135152e-10,2.15712100767944e-11,-3.86581994461305e-09
25118864315094.8,8.0266371033191e-07,-0.00633480534423264,-1.12808051545813e-12,3.18051599265205e-12,-1.19680782599168e-07,-6.58523145046893e-10,2.05994152946525e-11,-3.77782565729882e-09
25703957827687.6,7.66537893078111e-07,-0.00619060757438326,-1.03386241455818e-12,2.98303110789984e-12,-1.14294412976931e-07,-6.14570594135621e-10,1.96714315802935e-11,-3.69183417071378e-09
26302679918952.8,7.32038005380219e-07,-0.00604969214620799,-9.47326283171646e-13,2.79724482170876e-12,-1.09150456474565e-07,-5.73551576247265e-10,1.87852816975435e-11,-3.60779991094129e-09
26915348039268.1,6.99090868358588e-07,-0.00591198434450854,-8.67868063256151e-13,2.62252018006601e-12,-1.04238003886912e-07,-5.35270302431075e-10,1.79390777625694e-11,-3.52567834020369e-09
27542287033380.6,6.67626596725262e-07,-0.00577741115481086,-7.9492858989352e-13,2.45824941743078e-12,-9.95466368999638e-08,-4.99544050564862e-10,1.71310172026988e-11,-3.44542593337878e-09
28183829312643.4,6.37578450547975e-07,-0.00564590122465198,-7.27990553558688e-13,2.30385315669955e-12,-9.50664060062668e-08,-4.6620229333061e-10,1.63593788976473e-11,-3.36700015504275e-09
28840315031264.9,6.08882693685856e-07,-0.00551738482574812,-6.66575634390116e-13,2.15877957513829e-12,-9.07878094134792e-08,-4.350858843804e-10,1.56225194949998e-11,-3.29035943702818e-09
29512092266662.7,5.81478458596577e-07,-0.00539179381702392,-6.10241802449635e-13,2.02250354367541e-12,-8.67017729014773e-08,-4.06046298810111e-10,1.49188698921528e-11,-3.21546315648592e-09
30199517204018.9,5.55307617228188e-07,-0.00526906160848329,-5.58580777738595e-13,1.89452574636789e-12,-8.27996305853689e-08,-3.78944924317328e-10,1.42469318772602e-11,-3.14227161443999e-09
30902954325134.7,5.30314657721756e-07,-0.00514912312590251,-5.11215643578886e-13,1.77437178627661e-12,-7.90731065437057e-08,-3.53652399661651e-10,1.36052749220523e-11,-3.07074601482461e-09
31622776601682.5,5.06446566663313e-07,-0.00503191477632718,-4.67798606866675e-13,1.6615912834229e-12,-7.55142972730052e-08,-3.30047997271177e-10,1.29925331197108e-11,-3.00084844399308e-09
32359365692961.5,4.83652716635331e-07,-0.00491737441435445,-4.28008898658318e-13,1.55575696995033e-12,-7.21156549314441e-08,-3.08019047049487e-10,1.240740226128e-11,-2.93254185068792e-09
33113112148257.8,4.61884758829212e-07,-0.00480544130918278,-3.9155080854656e-13,1.45646378708826e-12,-6.88699713362451e-08,-2.87460398634022e-10,1.18486370443822e-11,-2.86579002646239e-09
33884415613918.9,4.41096520491008e-07,-0.0046960561124117,-3.58151846325666e-13,1.36332798800955e-12,-6.57703626808802e-08,-2.68273919540077e-10,1.13150484082804e-11,-2.80055758654338e-09
34673685045251.8,4.21243906982853e-07,-0.00458916082657462,-3.27561024521419e-13,1.27598625019657e-12,-6.28102549397265e-08,-2.50368026795893e-10,1.0805500989592e-11,-2.73680995112598e-09
35481338923356.1,4.02284808252337e-07,-0.00448469877438786,-2.9954725547108e-13,1.19409480047843e-12,-5.99833699292711e-08,-2.33657249834022e-10,1.03189106932136e-11,-2.67451332709025e-09
36307805477008.7,3.84179009511472e-07,-0.0043826145686996,-2.73897856774898e-13,1.11732855547998e-12,-5.72837119963447e-08,-2.18061822553284e-10,9.85424237325367e-12,-2.61363469013076e-09
37153522909715.8,3.66888105935744e-07,-0.004282854083123,-2.50417159100125e-13,1.0453802798294e-12,-5.47055553051908e-08,-2.03507302604765e-10,9.41050761900567e-12,-2.55414176729002e-09
38018939632054.6,3.50375421202359e-07,-0.00418536442333771,-2.28925210496812e-13,9.77959764106569e-13,-5.22434316964456e-08,-1.89924216085207e-10,8.98676264121086e-12,-2.49600301988649e-09
38904514499426.5,3.34605929694851e-07,-0.0040900938990446,-2.09256571578131e-13,9.1479302417887e-13,-4.98921190923102e-08,-1.7724772594232e-10,8.5821062540765e-12,-2.43918762682885e-09
39810717055348.1,3.19546182209078e-07,-0.00399699199655898,-1.91259196123278e-13,8.55621523263387e-13,-4.76466304233549e-08,-1.65417322509702e-10,8.19567794871471e-12,-2.38366546830749e-09
40738027780409.6,3.05164235002983e-07,-0.00390600935202759,-1.74793391875003e-13,8.00201417774343e-13,-4.55022030534972e-08,-1.54376534694598e-10,7.82665605386285e-12,-2.3294071098553e-09
41686938347031.9,2.91429582039648e-07,-0.00381709772525525,-1.59730856523879e-13,7.48302827760957e-13,-4.34542886807496e-08,-1.44072660440304e-10,7.47425597993176e-12,-2.2763837867691e-09
42657951880157.5,2.78313090279912e-07,-0.00373020997412735,-1.45953784094953e-13,6.99709132512251e-13,-4.14985436923408e-08,-1.34456515176949e-10,7.1377285426055e-12,-2.22456738888398e-09
43651583224014.8,2.65786937887298e-07,-0.00364530002961446,-1.33354037177426e-13,6.54216291700703e-13,-3.96308199537744e-08,-1.25482197060223e-10,6.81635836238669e-12,-2.17393044569251e-09
44668359215094.5,2.53824555214179e-07,-0.003562322871346,-1.21832380662524e-13,6.11632192254478e-13,-3.78471560123088e-08,-1.17106867877744e-10,6.50946233664347e-12,-2.12444611180118e-09
45708818961485.6,2.42400568443998e-07,-0.00348123450373982,-1.11297772877206e-13,5.71776020986942e-13,-3.61437686962173e-08,-1.0929054857747e-10,6.21638818086987e-12,-2.07608815271646e-09
46773514128717.9,2.31490745770013e-07,-0.00340199193267523,-1.01666710220333e-13,5.34477662870787e-13,-3.45170450920282e-08,-1.01995928442373e-10,5.93651303601973e-12,-2.02883093095311e-09
47863009232261.9,2.21071945996392e-07,-0.00332455314269694,-9.28626216224296e-14,4.99577124720961e-13,-3.29635348827421e-08,-9.51881870006755e-11,5.66924213891614e-12,-1.98264939245765e-09
48977881936842.6,2.11122069452638e-07,-0.00324887707473797,-8.48153093590127e-14,4.66923983944289e-13,-3.14799430307896e-08,-8.88348278217421e-11,5.41400755287428e-12,-1.93751905333962e-09
50118723362725.2,2.01620011117235e-07,-0.00317492360434958,-7.74604329501443e-14,4.36376861922781e-13,-3.00631227902212e-08,-8.29055234044126e-11,5.17026695580499e-12,-1.89341598690408e-09
51286138399134.4,1.92545615851069e-07,-0.00310265352042676,-7.07390330745339e-14,4.07802921520839e-13,-2.87100690333211e-08,-7.73719704175158e-11,4.93750248319026e-12,-1.85031681097817e-09
52480746024975.1,1.83879635645685e-07,-0.00303202850441806,-6.45970926149084e-14,3.81077388142647e-13,-2.74179118774982e-08,-7.22077546016844e-11,4.71521962344026e-12,-1.80819867552557e-09
53703179637023.1,1.75603688795681e-07,-0.00296301111000855,-5.8985132132029e-14,3.56083093713616e-13,-2.61839105989481e-08,-6.73882246877053e-11,4.50294616325443e-12,-1.76703925054195e-09
54954087385760.2,1.67700220908652e-07,-0.00289556474326534,-5.38578372375115e-14,3.32710042917879e-13,-2.50054478201836e-08,-6.28903747296625e-11,4.30023118071711e-12,-1.72681671422532e-09
56234132519032.6,1.60152467669974e-07,-0.00282965364323498,-4.91737155003526e-14,3.10855000991267e-13,-2.38800239591146e-08,-5.8692734291286e-11,4.10664408396142e-12,-1.68750974141506e-09
57543993733713.4,1.52944419283448e-07,-0.00276524286298255,-4.48947806787544e-14,2.90421102344972e-13,-2.28052519279089e-08,-5.47752659613986e-11,3.92177369333332e-12,-1.64909749229352e-09
58884365535556.5,1.46060786512381e-07,-0.00270229825106236,-4.09862622175007e-14,2.71317479278329e-13,-2.17788520703973e-08,-5.1119269709326e-11,3.745227365082e-12,-1.61155960134418e-09
60255958607433.3,1.39486968249065e-07,-0.00264078643341041,-3.74163380918801e-14,2.53458910028836e-13,-2.07986473272915e-08,-4.77072936237794e-11,3.57663015469229e-12,-1.57487616656083e-09
61659500186145.7,1.33209020543874e-07,-0.00258067479564902,-3.41558892121001e-14,2.3676548540303e-13,-1.98625586189631e-08,-4.45230506091827e-11,3.41562401806073e-12,-1.5390277389018e-09
63095734448016.8,1.27213627028277e-07,-0.00252193146579427,-3.11782737275025e-14,2.21162293232224e-13,-1.89686004359981e-08,-4.15513406418477e-11,3.26186704879846e-12,-1.50399531198388e-09
64565422903462.9,1.21488070669045e-07,-0.00246452529735707,-2.84591196878744e-14,2.06579119901912e-13,-1.81148766281758e-08,-3.87779782149356e-11,3.1150327500224e-12,-1.46976031201047e-09
66069344800756.9,1.16020206793709e-07,-0.00240842585282887,-2.59761346300102e-14,1.92950168212059e-13,-1.72995763829462e-08,-3.61897246259045e-11,2.97480933907066e-12,-1.43630458792865e-09
67608297539195.4,1.10798437330094e-07,-0.00235360338754332,-2.37089307616805e-14,1.80213790837121e-13,-1.65209703848794e-08,-3.37742247832555e-11,2.84089908364919e-12,-1.40361040180999e-09
69183097091890.8,1.05811686205246e-07,-0.00230002883390526,-2.1638864512581e-14,1.68312238668845e-13,-1.57774071479427e-08,-3.15199482309563e-11,2.71301766798483e-12,-1.37166041944999e-09
70794578438410.9,1.01049375851605e-07,-0.00224767378597868,-1.97488893129597e-14,1.5719142334136e-13,-1.50673095128316e-08,-2.94161341090528e-11,2.59089358762441e-12,-1.34043770118129e-09
72443596007496,9.65014047705626e-08,-0.00219651048442556,-1.80234205457545e-14,1.46800693256254e-13,-1.43891713019258e-08,-2.74527397877644e-11,2.47426757158184e-12,-1.30992569289575e-09
74131024130088.7,9.21581261058306e-08,-0.00214651180178748,-1.64482116975021e-14,1.37092622444985e-13,-1.37415541247786e-08,-2.56203929298894e-11,2.36289203059373e-12,-1.28010821727065e-09
75857757502915.2,8.8010327181169e-08,-0.00209765122810231,-1.50102408073041e-14,1.28022811626726e-13,-1.31230843273663e-08,-2.3910346752712e-11,2.25653053030079e-12,-1.25096946519439e-09
77624711662866,8.4049209959064e-08,-0.00204990285684824,-1.36976063820561e-14,1.19549700841302e-13,-1.25324500786286e-08,-2.23144382758719e-11,2.15495728822603e-12,-1.22249398738721e-09
79432823472424.9,8.02663723789121e-08,-0.00200324137120787,-1.24994320102315e-14,1.11634393059056e-13,-1.19683985881221e-08,-2.08250493559061e-11,2.05795669347168e-12,-1.19466668621249e-09
81283051616406.6,7.66537905351237e-08,-0.00195764203064485,-1.14057789660606e-14,1.04240488191943e-13,-1.14297334488875e-08,-1.94350703214791e-11,1.96532284810654e-12,-1.1674728076742e-09
83176377110263.7,7.32038016573446e-08,-0.00191308065778615,-1.04075661512166e-14,9.73339269528951e-14,-1.09153120998954e-08,-1.81378660357228e-11,1.87685912926136e-12,-1.14089793359647e-09
85113803820234.1,6.99090878566934e-08,-0.0018695336256029,-9.49649677238068e-15,9.08828440331355e-14,-1.04240434026907e-08,-1.69272442236982e-11,1.79237777099509e-12,-1.11492797398097e-09
87096358995604.5,6.67626606035387e-08,-0.00182697784488301,-8.66499120056252e-15,8.48574300897239e-14,-9.95488532709637e-09,-1.57974259137979e-11,1.71169946503725e-12,-1.08954915953819e-09
89125093813370.9,6.37578459038912e-08,-0.00178539075198901,-7.90612550203311e-15,7.92298020578929e-14,-9.50684274106774e-09,-1.47430178520008e-11,1.63465297955217e-12,-1.06474803438856e-09
91201083935587.2,6.08882701429683e-08,-0.00174475029689444,-7.21357517142689e-15,7.39738813247219e-14,-9.07896530001323e-09,-1.37589867573056e-11,1.56107479510978e-12,-1.04051144892962e-09
93325430079695.2,5.81478465659034e-08,-0.00170503493149275,-6.5815636351966e-15,6.90652793222042e-14,-8.67034543110281e-09,-1.28406352954576e-11,1.49080875708475e-12,-1.01682655286553e-09
95499258602139.6,5.55307623669226e-08,-0.00166622359817209,-6.0048151283748e-15,6.44811901187994e-14,-8.28011640829132e-09,-1.19835796562845e-11,1.42370574374081e-12,-9.93680788395039e-10
97723722095577,5.30314663596053e-08,-0.00162829571865038,-5.4785115797021e-15,6.02002896090245e-14,-7.90745051397375e-09,-1.11837286276135e-11,1.35962334929109e-12,-9.71061883554522e-10
99999999999995.8,5.06446572020737e-08,-0.00159123118306438,-4.99825316981286e-15,5.62026409205018e-14,-7.55155728337405e-09,-1.04372640658807e-11,1.29842558125745e-12,-9.48957845712453e-10
