frequency_Hz,OUT_real,OUT_imag,E_real,E_imag,X_real,X_imag,VIN_current_real_A,VIN_current_imag_A
1,0.999999698793418,-3.14222538035483e-10,3.01156230105399e-07,-9.68949831289553e-17,0.00351487045432021,-1.13048431365512e-12,1.42083536301221e-27,4.41762162858205e-18
1.02329299228075,0.999999698793418,-3.21541721188383e-10,3.01156230105399e-07,-9.91519572230219e-17,0.00351487045432021,-1.1568166760466e-12,1.48779727069035e-27,4.5205212550759e-18
1.0471285480509,0.999999698793418,-3.29031390017964e-10,3.01156230105399e-07,-1.01461502997239e-16,0.00351487045432021,-1.183762397952e-12,1.55791499585208e-27,4.62581772177537e-18
1.07151930523761,0.999999698793418,-3.36695515645778e-10,3.01156230105399e-07,-1.03824845003348e-16,0.00351487045432021,-1.21133576634975e-12,1.63133726759331e-27,4.73356685826086e-18
1.09647819614319,0.999999698793418,-3.4453816169268e-10,3.01156230105399e-07,-1.06243236316561e-16,0.00351487045432021,-1.23955140100473e-12,1.7082198243963e-27,4.84382579455076e-18
1.12201845430196,0.999999698793418,-3.52563486433413e-10,3.01156230105399e-07,-1.08717959199965e-16,0.00351487045432021,-1.26842426221993e-12,1.78872574447186e-27,4.95665299139255e-18
1.14815362149688,0.999999698793418,-3.60775745001382e-10,3.01156230105399e-07,-1.11250325784389e-16,0.00351487045432021,-1.29796965876854e-12,1.87302579167009e-27,5.07210827125943e-18
1.17489755493953,0.999999698793418,-3.69179291644782e-10,3.01156230105399e-07,-1.13841678764117e-16,0.00351487045432021,-1.32820325601089e-12,1.96129877769338e-27,5.19025285006903e-18
1.20226443461741,0.999999698793418,-3.77778582035279e-10,3.01156230105399e-07,-1.16493392108797e-16,0.00351487045432021,-1.35914108420043e-12,2.05373194138008e-27,5.31114936964084e-18
1.23026877081238,0.999999698793418,-3.86578175630461e-10,3.01156230105399e-07,-1.19206871791946e-16,0.00351487045432021,-1.39079954698316e-12,2.15052134586308e-27,5.43486193090982e-18
1.25892541179417,0.999999698793418,-3.95582738091329e-10,3.01156230105399e-07,-1.21983556536409e-16,0.00351487045432021,-1.42319543009512e-12,2.25187229444607e-27,5.56145612791347e-18
1.28824955169313,0.999999698793418,-4.0479704375609e-10,3.01156230105399e-07,-1.2482491857719e-16,0.00351487045432021,-1.45634591026233e-12,2.35799976607936e-27,5.69099908257071e-18
1.31825673855641,0.999999698793418,-4.14225978171573e-10,3.01156230105399e-07,-1.27732464442055e-16,0.00351487045432021,-1.49026856430818e-12,2.46912887135904e-27,5.82355948027081e-18
1.34896288259165,0.999999698793418,-4.23874540683611e-10,3.01156230105399e-07,-1.30707735750305e-16,0.00351487045432021,-1.52498137847286e-12,2.58549533001675e-27,5.95920760629127e-18
1.38038426460288,0.999999698793418,-4.33747847087762e-10,3.01156230105399e-07,-1.33752310030172e-16,0.00351487045432021,-1.56050275794992e-12,2.70734597091282e-27,6.09801538306403e-18
1.41253754462275,0.999999698793418,-4.43851132341772e-10,3.01156230105399e-07,-1.36867801555238e-16,0.00351487045432021,-1.59685153664494e-12,2.83493925559339e-27,6.24005640830965e-18
1.44543977074593,0.999999698793418,-4.54189753341212e-10,3.01156230105399e-07,-1.40055862200348e-16,0.00351487045432021,-1.63404698716152e-12,2.96854582652201e-27,6.38540599405988e-18
1.47910838816821,0.999999698793418,-4.64769191759787e-10,3.01156230105399e-07,-1.43318182317455e-16,0.00351487045432021,-1.67210883101987e-12,3.10844908114855e-27,6.534141206589e-18
1.51356124843621,0.999999698793418,-4.7559505695578e-10,3.01156230105399e-07,-1.46656491631867e-16,0.00351487045432021,-1.71105724911339e-12,3.25494577303323e-27,6.68634090727543e-18
1.54881661891248,0.999999698793418,-4.86673088946215e-10,3.01156230105399e-07,-1.5007256015937e-16,0.00351487045432021,-1.75091289240892e-12,3.4083466413007e-27,6.84208579441509e-18
1.58489319246111,0.999999698793418,-4.9800916145029e-10,3.01156230105399e-07,-1.53568199144716e-16,0.00351487045432021,-1.79169689289607e-12,3.56897706975936e-27,7.00145844600866e-18
1.62181009735893,0.999999698793418,-5.09609285003697e-10,3.01156230105399e-07,-1.57145262021963e-16,0.00351487045432021,-1.83343087479175e-12,3.73717777708407e-27,7.16454336354556e-18
1.65958690743756,0.999999698793418,-5.21479610145489e-10,3.01156230105399e-07,-1.60805645397197e-16,0.00351487045432021,-1.87613696600557e-12,3.91330553952613e-27,7.33142701680775e-18
1.69824365246174,0.999999698793418,-5.33626430679178e-10,3.01156230105399e-07,-1.64551290054136e-16,0.00351487045432021,-1.91983780987238e-12,4.09773394768354e-27,7.50219788971717e-18
1.73780082874937,0.999999698793418,-5.46056187009795e-10,3.01156230105399e-07,-1.68384181983155e-16,0.00351487045432021,-1.96455657715804e-12,4.29085419893675e-27,7.67694652725104e-18
1.77827941003892,0.999999698793418,-5.58775469558672e-10,3.01156230105399e-07,-1.7230635343429e-16,0.00351487045432021,-2.01031697834488e-12,4.49307592723074e-27,7.85576558345006e-18
1.81970085860998,0.999999698793418,-5.71791022257777e-10,3.01156230105399e-07,-1.7631988399476e-16,0.00351487045432021,-2.05714327620334e-12,4.70482807196357e-27,8.03874987054477e-18
1.86208713666287,0.999999698793418,-5.85109746125432e-10,3.01156230105399e-07,-1.80426901691593e-16,0.00351487045432021,-2.10506029865635e-12,4.92655978782433e-27,8.22599640922629e-18
1.90546071796325,0.999999698793418,-5.98738702925325e-10,3.01156230105399e-07,-1.84629584119936e-16,0.00351487045432021,-2.15409345194347e-12,5.15874139751044e-27,8.41760448008791e-18
1.94984459975804,0.999999698793418,-6.12685118910754e-10,3.01156230105399e-07,-1.8893015959764e-16,0.00351487045432021,-2.20426873409162e-12,5.40186538934517e-27,8.61367567626504e-18
1.99526231496888,0.999999698793418,-6.26956388656075e-10,3.01156230105399e-07,-1.9333090834675e-16,0.00351487045432021,-2.25561274869952e-12,5.65644746191142e-27,8.8143139573012e-18
2.04173794466953,0.999999698793418,-6.4156007897741e-10,3.01156230105399e-07,-1.97834163702502e-16,0.00351487045432021,-2.30815271904335e-12,5.9230276179175e-27,9.01962570426876e-18
2.08929613085404,0.999999698793418,-6.56503932944671e-10,3.01156230105399e-07,-2.02442313350494e-16,0.00351487045432021,-2.36191650251083e-12,6.20217130961533e-27,9.22971977617358e-18
2.13796208950223,0.999999698793418,-6.71795873987036e-10,3.01156230105399e-07,-2.07157800592665e-16,0.00351487045432021,-2.4169326053716e-12,6.49447063820044e-27,9.44470756767351e-18
2.18776162394955,0.999999698793418,-6.87444010094058e-10,3.01156230105399e-07,-2.11983125642768e-16,0.00351487045432021,-2.47323019789162e-12,6.80054560973803e-27,9.66470306814131e-18
2.23872113856834,0.999999698793418,-7.0345663811463e-10,3.01156230105399e-07,-2.16920846952015e-16,0.00351487045432021,-2.53083912979964e-12,7.1210454502789e-27,9.88982292210331e-18
2.29086765276777,0.999999698793418,-7.19842248156079e-10,3.01156230105399e-07,-2.21973582565603e-16,0.00351487045432021,-2.58978994611389e-12,7.45664998295501e-27,1.01201864910859e-17
2.34422881531992,0.999999698793418,-7.36609528085739e-10,3.01156230105399e-07,-2.27144011510834e-16,0.00351487045432021,-2.65011390333749e-12,7.80807106997544e-27,1.03559159169025e-17
2.39883291901949,0.999999698793418,-7.5376736813737e-10,3.01156230105399e-07,-2.32434875217576e-16,0.00351487045432021,-2.71184298603106e-12,8.17605412258162e-27,1.05971361864151e-17
2.45470891568503,0.999999698793418,-7.71324865624878e-10,3.01156230105399e-07,-2.37848978971797e-16,0.00351487045432021,-2.77500992377129e-12,8.56137968216446e-27,1.08439751978034e-17
2.51188643150958,0.999999698793418,-7.89291329765832e-10,3.01156230105399e-07,-2.43389193402972e-16,0.00351487045432021,-2.83964820850471e-12,8.96486507589734e-27,1.10965638283785e-17
2.57039578276886,0.999999698793418,-8.07676286617334e-10,3.01156230105399e-07,-2.49058456006126e-16,0.00351487045432021,-2.90579211230547e-12,9.3873661503966e-27,1.13550360039758e-17
2.63026799189538,0.999999698793418,-8.2648948412686e-10,3.01156230105399e-07,-2.54859772699334e-16,0.00351487045432021,-2.97347670554688e-12,9.82977908708695e-27,1.16195287699641e-17
2.69153480392691,0.999999698793418,-8.45740897300751e-10,3.01156230105399e-07,-2.60796219417494e-16,0.00351487045432021,-3.04273787549619e-12,1.02930423031225e-26,1.18901823639089e-17
2.75422870333816,0.999999698793418,-8.65440733493096e-10,3.01156230105399e-07,-2.66870943743236e-16,0.00351487045432021,-3.11361234534248e-12,1.07781384418951e-26,1.21671402899281e-17
2.81838293126445,0.999999698793418,-8.855994378178e-10,3.01156230105399e-07,-2.73087166575805e-16,0.00351487045432021,-3.1861376936678e-12,1.12860964573532e-26,1.24505493947803e-17
2.8840315031266,0.999999698793418,-9.0622769868673e-10,3.01156230105399e-07,-2.79448183838828e-16,0.00351487045432021,-3.26035237437182e-12,1.18179937965507e-26,1.27405599457241e-17
2.95120922666638,0.999999698793418,-9.27336453476846e-10,3.01156230105399e-07,-2.85957368227856e-16,0.00351487045432021,-3.3362957370606e-12,1.23749586850566e-26,1.30373257101923e-17
3.01995172040201,0.999999698793418,-9.48936894329344e-10,3.01156230105399e-07,-2.92618170998613e-16,0.00351487045432021,-3.41400804791027e-12,1.29581725200732e-26,1.33410040373215e-17
3.09029543251359,0.999999698793418,-9.7104047408388e-10,3.01156230105399e-07,-2.99434123796891e-16,0.00351487045432021,-3.49353051101668e-12,1.35688723763373e-26,1.36517559413803e-17
3.16227766016837,0.999999698793418,-9.93658912351016e-10,3.01156230105399e-07,-3.06408840531087e-16,0.00351487045432021,-3.57490529024236e-12,1.42083536301221e-26,1.39697461871416e-17
3.23593656929628,0.999999698793418,-1.01680420172611e-09,3.01156230105399e-07,-3.13546019288332e-16,0.00351487045432021,-3.65817553157241e-12,1.48779727069034e-26,1.42951433772428e-17
3.3113112148259,0.999999698793418,-1.04048861414796e-09,3.01156230105399e-07,-3.20849444295277e-16,0.00351487045432021,-3.74338538599097e-12,1.55791499585207e-26,1.46281200415812e-17
3.38844156139202,0.999999698793418,-1.06472470740552e-09,3.01156230105399e-07,-3.28322987924531e-16,0.00351487045432021,-3.83058003289074e-12,1.6313372675933e-26,1.49688527287917e-17
3.46736850452531,0.999999698793418,-1.08952533179624e-09,3.01156230105399e-07,-3.35970612747851e-16,0.00351487045432021,-3.91980570402768e-12,1.7082198243963e-26,1.53175220998552e-17
3.54813389233575,0.999999698793418,-1.11490363693946e-09,3.01156230105399e-07,-3.43796373637147e-16,0.00351487045432021,-4.01110970803365e-12,1.78872574447186e-26,1.56743130238874e-17
3.63078054770101,0.999999698793418,-1.14087307874847e-09,3.01156230105399e-07,-3.51804419914428e-16,0.00351487045432021,-4.10454045550014e-12,1.87302579167008e-26,1.60394146761589e-17
3.71535229097172,0.999999698793418,-1.16744742656508e-09,3.01156230105399e-07,-3.5999899755183e-16,0.00351487045432021,-4.20014748464614e-12,1.96129877769338e-26,1.64130206383985e-17
3.8018939632056,0.999999698793418,-1.19464077046025e-09,3.01156230105399e-07,-3.68384451422884e-16,0.00351487045432021,-4.29798148758403e-12,2.05373194138007e-26,1.67953290014326e-17
3.8904514499428,0.999999698793418,-1.22246752870485e-09,3.01156230105399e-07,-3.76965227606227e-16,0.00351487045432021,-4.39809433719715e-12,2.15052134586307e-26,1.71865424702157e-17
3.98107170553497,0.999999698793418,-1.25094245541445e-09,3.01156230105399e-07,-3.85745875742972e-16,0.00351487045432021,-4.50053911464352e-12,2.25187229444606e-26,1.75868684713073e-17
4.07380277804112,0.999999698793418,-1.28008064837208e-09,3.01156230105399e-07,-3.94731051448985e-16,0.00351487045432021,-4.60537013750014e-12,2.35799976607935e-26,1.79965192628521e-17
4.16869383470335,0.999999698793418,-1.30989755703336e-09,3.01156230105399e-07,-4.03925518783361e-16,0.00351487045432021,-4.71264298856295e-12,2.46912887135903e-26,1.84157120471221e-17
4.26579518801592,0.999999698793418,-1.34040899071791e-09,3.01156230105399e-07,-4.13334152774381e-16,0.00351487045432021,-4.82241454531749e-12,2.58549533001674e-26,1.88446690856803e-17
4.36515832240165,0.999999698793418,-1.37163112699176e-09,3.01156230105399e-07,-4.22961942004327e-16,0.00351487045432021,-4.93474301009617e-12,2.70734597091281e-26,1.92836178172264e-17
4.46683592150962,0.999999698793418,-1.40358052024482e-09,3.01156230105399e-07,-4.32813991254486e-16,0.00351487045432021,-5.04968794093784e-12,2.83493925559338e-26,1.97327909781881e-17
4.57088189614874,0.999999698793418,-1.4362741104683e-09,3.01156230105399e-07,-4.42895524211779e-16,0.00351487045432021,-5.16731028316633e-12,2.968545826522e-26,2.01924267261208e-17
4.67735141287197,0.999999698793418,-1.46972923223648e-09,3.01156230105399e-07,-4.53211886238425e-16,0.00351487045432021,-5.28767240170438e-12,3.10844908114854e-26,2.0662768765982e-17
4.78630092322637,0.999999698793418,-1.50396362389777e-09,3.01156230105399e-07,-4.63768547206123e-16,0.00351487045432021,-5.41083811414044e-12,3.25494577303322e-26,2.1144066479347e-17
4.89778819368445,0.999999698793418,-1.53899543697975e-09,3.01156230105399e-07,-4.74571104396251e-16,0.00351487045432021,-5.53687272456552e-12,3.40834664130069e-26,2.16365750566342e-17
5.01187233627271,0.999999698793418,-1.57484324581344e-09,3.01156230105399e-07,-4.85625285467622e-16,0.00351487045432021,-5.66584305819834e-12,3.56897706975935e-26,2.21405556324104e-17
5.12861383991364,0.999999698793418,-1.61152605738157e-09,3.01156230105399e-07,-4.96936951493359e-16,0.00351487045432021,-5.79781749681692e-12,3.73717777708406e-26,2.26562754238477e-17
5.24807460249771,0.999999698793418,-1.64906332139639e-09,3.01156230105399e-07,-5.08512100068515e-16,0.00351487045432021,-5.9328660150155e-12,3.91330553952612e-26,2.3184007872406e-17
5.37031796370252,0.999999698793418,-1.68747494061215e-09,3.01156230105399e-07,-5.20356868490081e-16,0.00351487045432021,-6.071060217306e-12,4.09773394768353e-26,2.37240327888149e-17
5.49540873857623,0.999999698793418,-1.7267812813778e-09,3.01156230105399e-07,-5.32477537011058e-16,0.00351487045432021,-6.21247337608371e-12,4.29085419893673e-26,2.42766365014331e-17
5.62341325190348,0.999999698793418,-1.76700318443548e-09,3.01156230105399e-07,-5.44880532170331e-16,0.00351487045432021,-6.35718047047721e-12,4.49307592723073e-26,2.48421120080637e-17
5.75439937337156,0.999999698793418,-1.8081619759706e-09,3.01156230105399e-07,-5.57572430200108e-16,0.00351487045432021,-6.5052582261034e-12,4.70482807196356e-26,2.54207591313052e-17
5.88843655355588,0.999999698793418,-1.85027947891924e-09,3.01156230105399e-07,-5.7055996051272e-16,0.00351487045432021,-6.65678515574834e-12,4.92655978782431e-26,2.60128846775216e-17
6.02559586074356,0.999999698793418,-1.89337802453894e-09,3.01156230105399e-07,-5.83850009268651e-16,0.00351487045432021,-6.81184160099582e-12,5.15874139751043e-26,2.66188025995152e-17
6.16595001861481,0.999999698793418,-1.93748046424908e-09,3.01156230105399e-07,-5.97449623027663e-16,0.00351487045432021,-6.97050977482554e-12,5.40186538934515e-26,2.72388341629886e-17
6.30957344480192,0.999999698793418,-1.98261018174695e-09,3.01156230105399e-07,-6.11366012484986e-16,0.00351487045432021,-7.13287380520347e-12,5.6564474619114e-26,2.78733081168839e-17
6.45654229034654,0.999999698793418,-2.02879110540612e-09,3.01156230105399e-07,-6.25606556294514e-16,0.00351487045432021,-7.29901977968767e-12,5.92302761791748e-26,2.85225608676895e-17
6.60693448007594,0.999999698793418,-2.07604772096361e-09,3.01156230105399e-07,-6.40178804981072e-16,0.00351487045432021,-7.46903579107301e-12,6.20217130961531e-26,2.9186936657808e-17
6.7608297539198,0.999999698793418,-2.12440508450249e-09,3.01156230105399e-07,-6.55090484943798e-16,0.00351487045432021,-7.64301198409914e-12,6.49447063820042e-26,2.98667877480771e-17
6.91830970918935,0.999999698793418,-2.173888835737e-09,3.01156230105399e-07,-6.7034950255279e-16,0.00351487045432021,-7.82104060324648e-12,6.80054560973801e-26,3.0562474604544e-17
7.07945784384136,0.999999698793418,-2.22452521160704e-09,3.01156230105399e-07,-6.85963948341159e-16,0.00351487045432021,-8.00321604164536e-12,7.12104545027888e-26,3.12743660895884e-17
7.24435960074988,0.999999698793418,-2.27634106018935e-09,3.01156230105399e-07,-7.01942101294745e-16,0.00351487045432021,-8.18963489112461e-12,7.45664998295499e-26,3.20028396574987e-17
7.41310241300916,0.999999698793418,-2.3293638549327e-09,3.01156230105399e-07,-7.1829243324174e-16,0.00351487045432021,-8.38039599342578e-12,7.80807106997542e-26,3.2748281554603e-17
7.58577575029182,0.999999698793418,-2.38362170922472e-09,3.01156230105399e-07,-7.35023613344564e-16,0.00351487045432021,-8.57560049261031e-12,8.1760541225816e-26,3.35110870240623e-17
7.7624711662869,0.999999698793418,-2.43914339129793e-09,3.01156230105399e-07,-7.52144512696371e-16,0.00351487045432021,-8.77535188868751e-12,8.56137968216444e-26,3.42916605154335e-17
7.94328234724279,0.999999698793418,-2.49595833948308e-09,3.01156230105399e-07,-7.69664209024619e-16,0.00351487045432021,-8.97975609249161e-12,8.96486507589732e-26,3.50904158991137e-17
8.12830516164097,0.999999698793418,-2.55409667781775e-09,3.01156230105399e-07,-7.87591991504202e-16,0.00351487045432021,-9.18892148183707e-12,9.38736615039658e-26,3.59077766857802e-17
8.31763771102669,0.999999698793418,-2.61358923201845e-09,3.01156230105399e-07,-8.05937365682693e-16,0.00351487045432021,-9.40295895898196e-12,9.82977908708693e-26,3.67441762509411e-17
8.51138038202374,0.999999698793418,-2.67446754582492e-09,3.01156230105399e-07,-8.24710058520312e-16,0.00351487045432021,-9.62198200942977e-12,1.02930423031224e-25,3.7600058064717e-17
8.70963589956078,0.999999698793418,-2.73676389772495e-09,3.01156230105399e-07,-8.43920023547286e-16,0.00351487045432021,-9.84610676210097e-12,1.07781384418951e-25,3.84758759269743e-17
8.91250938133743,0.999999698793418,-2.8005113180689e-09,3.01156230105399e-07,-8.63577446141346e-16,0.00351487045432021,-1.00754520509061e-11,1.12860964573532e-25,3.93720942079366e-17
9.12010839355907,0.999999698793418,-2.86574360658285e-09,3.01156230105399e-07,-8.8369274892815e-16,0.00351487045432021,-1.03101394777529e-11,1.18179937965506e-25,4.02891880943992e-17
9.33254300796988,0.999999698793418,-2.9324953502896e-09,3.01156230105399e-07,-9.04276597307492e-16,0.00351487045432021,-1.05502934770217e-11,1.23749586850566e-25,4.12276438416799e-17
9.54992586021433,0.999999698793418,-3.00080194184724e-09,3.01156230105399e-07,-9.25339905108242e-16,0.00351487045432021,-1.07960413815417e-11,1.29581725200732e-25,4.21879590314378e-17
9.77237220955808,0.999999698793418,-3.07069959831476e-09,3.01156230105399e-07,-9.46893840375002e-16,0.00351487045432021,-1.10475134901046e-11,1.35688723763373e-25,4.31706428354979e-17
9.99999999999997,0.999999698793418,-3.14222538035482e-09,3.01156230105399e-07,-9.6894983128955e-16,0.00351487045432021,-1.13048431365512e-11,1.4208353630122e-25,4.41762162858203e-17
10.2329299228075,0.999999698793418,-3.21541721188382e-09,3.01156230105399e-07,-9.91519572230216e-16,0.00351487045432021,-1.1568166760466e-11,1.48779727069034e-25,4.52052125507589e-17
10.471285480509,0.999999698793418,-3.29031390017963e-09,3.01156230105399e-07,-1.01461502997239e-15,0.00351487045432021,-1.183762397952e-11,1.55791499585207e-25,4.62581772177535e-17
10.715193052376,0.999999698793418,-3.36695515645777e-09,3.01156230105399e-07,-1.03824845003348e-15,0.00351487045432021,-1.21133576634974e-11,1.6313372675933e-25,4.73356685826084e-17
10.9647819614318,0.999999698793418,-3.44538161692679e-09,3.01156230105399e-07,-1.06243236316561e-15,0.00351487045432021,-1.23955140100473e-11,1.70821982439629e-25,4.84382579455075e-17
11.2201845430196,0.999999698793418,-3.52563486433412e-09,3.01156230105399e-07,-1.08717959199965e-15,0.00351487045432021,-1.26842426221993e-11,1.78872574447185e-25,4.95665299139253e-17
11.4815362149688,0.999999698793418,-3.60775745001381e-09,3.01156230105399e-07,-1.11250325784389e-15,0.00351487045432021,-1.29796965876854e-11,1.87302579167008e-25,5.07210827125942e-17
11.7489755493953,0.999999698793418,-3.69179291644781e-09,3.01156230105399e-07,-1.13841678764116e-15,0.00351487045432021,-1.32820325601089e-11,1.96129877769337e-25,5.19025285006901e-17
12.0226443461741,0.999999698793418,-3.77778582035278e-09,3.01156230105399e-07,-1.16493392108797e-15,0.00351487045432021,-1.35914108420042e-11,2.05373194138007e-25,5.31114936964083e-17
12.3026877081238,0.999999698793418,-3.86578175630459e-09,3.01156230105399e-07,-1.19206871791946e-15,0.00351487045432021,-1.39079954698316e-11,2.15052134586306e-25,5.43486193090981e-17
12.5892541179416,0.999999698793418,-3.95582738091328e-09,3.01156230105399e-07,-1.21983556536409e-15,0.00351487045432021,-1.42319543009512e-11,2.25187229444605e-25,5.56145612791345e-17
12.8824955169313,0.999999698793418,-4.04797043756089e-09,3.01156230105399e-07,-1.2482491857719e-15,0.00351487045432021,-1.45634591026232e-11,2.35799976607935e-25,5.69099908257069e-17
13.182567385564,0.999999698793418,-4.14225978171571e-09,3.01156230105399e-07,-1.27732464442054e-15,0.00351487045432021,-1.49026856430817e-11,2.46912887135902e-25,5.82355948027079e-17
13.4896288259165,0.999999698793418,-4.2387454068361e-09,3.01156230105399e-07,-1.30707735750305e-15,0.00351487045432021,-1.52498137847285e-11,2.58549533001673e-25,5.95920760629125e-17
13.8038426460288,0.999999698793418,-4.33747847087761e-09,3.01156230105399e-07,-1.33752310030171e-15,0.00351487045432021,-1.56050275794991e-11,2.7073459709128e-25,6.098015383064e-17
14.1253754462275,0.999999698793418,-4.4385113234177e-09,3.01156230105399e-07,-1.36867801555237e-15,0.00351487045432021,-1.59685153664494e-11,2.83493925559337e-25,6.24005640830963e-17
14.4543977074592,0.999999698793418,-4.54189753341211e-09,3.01156230105399e-07,-1.40055862200347e-15,0.00351487045432021,-1.63404698716152e-11,2.96854582652199e-25,6.38540599405986e-17
14.791083881682,0.999999698793418,-4.64769191759785e-09,3.01156230105399e-07,-1.43318182317454e-15,0.00351487045432021,-1.67210883101986e-11,3.10844908114853e-25,6.53414120658898e-17
15.135612484362,0.999999698793418,-4.75595056955778e-09,3.01156230105399e-07,-1.46656491631866e-15,0.00351487045432021,-1.71105724911339e-11,3.25494577303321e-25,6.68634090727541e-17
15.4881661891248,0.999999698793418,-4.86673088946214e-09,3.01156230105399e-07,-1.5007256015937e-15,0.00351487045432021,-1.75091289240891e-11,3.40834664130068e-25,6.84208579441507e-17
15.8489319246111,0.999999698793418,-4.98009161450289e-09,3.01156230105399e-07,-1.53568199144715e-15,0.00351487045432021,-1.79169689289607e-11,3.56897706975934e-25,7.00145844600863e-17
16.2181009735892,0.999999698793418,-5.09609285003695e-09,3.01156230105399e-07,-1.57145262021962e-15,0.00351487045432021,-1.83343087479175e-11,3.73717777708405e-25,7.16454336354553e-17
16.5958690743755,0.999999698793418,-5.21479610145487e-09,3.01156230105399e-07,-1.60805645397197e-15,0.00351487045432021,-1.87613696600557e-11,3.91330553952611e-25,7.33142701680773e-17
16.9824365246174,0.999999698793418,-5.33626430679176e-09,3.01156230105399e-07,-1.64551290054136e-15,0.00351487045432021,-1.91983780987237e-11,4.09773394768351e-25,7.50219788971714e-17
17.3780082874937,0.999999698793418,-5.46056187009793e-09,3.01156230105399e-07,-1.68384181983155e-15,0.00351487045432021,-1.96455657715803e-11,4.29085419893672e-25,7.67694652725101e-17
17.7827941003892,0.999999698793418,-5.5877546955867e-09,3.01156230105399e-07,-1.72306353434289e-15,0.00351487045432021,-2.01031697834488e-11,4.49307592723071e-25,7.85576558345003e-17
18.1970085860998,0.999999698793418,-5.71791022257775e-09,3.01156230105399e-07,-1.76319883994759e-15,0.00351487045432021,-2.05714327620333e-11,4.70482807196354e-25,8.03874987054475e-17
18.6208713666286,0.999999698793418,-5.8510974612543e-09,3.01156230105399e-07,-1.80426901691592e-15,0.00351487045432021,-2.10506029865634e-11,4.9265597878243e-25,8.22599640922626e-17
19.0546071796324,0.999999698793418,-5.98738702925323e-09,3.01156230105399e-07,-1.84629584119935e-15,0.00351487045432021,-2.15409345194347e-11,5.15874139751041e-25,8.41760448008788e-17
19.4984459975804,0.999999698793418,-6.12685118910752e-09,3.01156230105399e-07,-1.8893015959764e-15,0.00351487045432021,-2.20426873409161e-11,5.40186538934514e-25,8.61367567626501e-17
19.9526231496887,0.999999698793418,-6.26956388656073e-09,3.01156230105399e-07,-1.93330908346749e-15,0.00351487045432021,-2.25561274869951e-11,5.65644746191138e-25,8.81431395730117e-17
20.4173794466952,0.999999698793418,-6.41560078977408e-09,3.01156230105399e-07,-1.97834163702501e-15,0.00351487045432021,-2.30815271904334e-11,5.92302761791746e-25,9.01962570426873e-17
20.8929613085403,0.999999698793418,-6.56503932944669e-09,3.01156230105399e-07,-2.02442313350493e-15,0.00351487045432021,-2.36191650251082e-11,6.20217130961529e-25,9.22971977617355e-17
21.3796208950222,0.999999698793418,-6.71795873987034e-09,3.01156230105399e-07,-2.07157800592664e-15,0.00351487045432021,-2.41693260537159e-11,6.49447063820041e-25,9.44470756767349e-17
21.8776162394954,0.999999698793418,-6.87444010094056e-09,3.01156230105399e-07,-2.11983125642767e-15,0.00351487045432021,-2.47323019789161e-11,6.80054560973799e-25,9.66470306814129e-17
22.3872113856833,0.999999698793418,-7.03456638114628e-09,3.01156230105399e-07,-2.16920846952014e-15,0.00351487045432021,-2.53083912979963e-11,7.12104545027886e-25,9.88982292210328e-17
22.9086765276776,0.999999698793418,-7.19842248156077e-09,3.01156230105399e-07,-2.21973582565602e-15,0.00351487045432021,-2.58978994611388e-11,7.45664998295496e-25,1.01201864910859e-16
23.4422881531991,0.999999698793418,-7.36609528085737e-09,3.01156230105399e-07,-2.27144011510834e-15,0.00351487045432021,-2.65011390333749e-11,7.80807106997539e-25,1.03559159169025e-16
23.9883291901948,0.999999698793418,-7.53767368137368e-09,3.01156230105399e-07,-2.32434875217575e-15,0.00351487045432021,-2.71184298603105e-11,8.17605412258157e-25,1.05971361864151e-16
24.5470891568502,0.999999698793418,-7.71324865624876e-09,3.01156230105399e-07,-2.37848978971796e-15,0.00351487045432021,-2.77500992377129e-11,8.56137968216441e-25,1.08439751978033e-16
25.1188643150957,0.999999698793418,-7.8929132976583e-09,3.01156230105399e-07,-2.43389193402972e-15,0.00351487045432021,-2.83964820850471e-11,8.96486507589729e-25,1.10965638283785e-16
25.7039578276885,0.999999698793418,-8.07676286617331e-09,3.01156230105399e-07,-2.49058456006126e-15,0.00351487045432021,-2.90579211230546e-11,9.38736615039654e-25,1.13550360039758e-16
26.3026799189537,0.999999698793418,-8.26489484126857e-09,3.01156230105399e-07,-2.54859772699333e-15,0.00351487045432021,-2.97347670554687e-11,9.8297790870869e-25,1.16195287699641e-16
26.915348039269,0.999999698793418,-8.45740897300748e-09,3.01156230105399e-07,-2.60796219417493e-15,0.00351487045432021,-3.04273787549618e-11,1.02930423031224e-24,1.18901823639088e-16
27.5422870333815,0.999999698793418,-8.65440733493093e-09,3.01156230105399e-07,-2.66870943743235e-15,0.00351487045432021,-3.11361234534247e-11,1.0778138441895e-24,1.21671402899281e-16
28.1838293126444,0.999999698793418,-8.85599437817798e-09,3.01156230105399e-07,-2.73087166575804e-15,0.00351487045432021,-3.18613769366779e-11,1.12860964573531e-24,1.24505493947803e-16
28.8403150312659,0.999999698793418,-9.06227698686728e-09,3.01156230105399e-07,-2.79448183838827e-15,0.00351487045432021,-3.26035237437181e-11,1.18179937965506e-24,1.2740559945724e-16
29.5120922666637,0.999999698793418,-9.27336453476844e-09,3.01156230105399e-07,-2.85957368227856e-15,0.00351487045432021,-3.3362957370606e-11,1.23749586850566e-24,1.30373257101923e-16
30.19951720402,0.999999698793418,-9.48936894329341e-09,3.01156230105399e-07,-2.92618170998612e-15,0.00351487045432021,-3.41400804791026e-11,1.29581725200731e-24,1.33410040373214e-16
30.9029543251358,0.999999698793418,-9.71040474083877e-09,3.01156230105399e-07,-2.99434123796891e-15,0.00351487045432021,-3.49353051101666e-11,1.35688723763372e-24,1.36517559413803e-16
31.6227766016837,0.999999698793418,-9.93658912351013e-09,3.01156230105399e-07,-3.06408840531086e-15,0.00351487045432021,-3.57490529024235e-11,1.4208353630122e-24,1.39697461871416e-16
32.3593656929627,0.999999698793418,-1.01680420172611e-08,3.01156230105399e-07,-3.13546019288331e-15,0.00351487045432021,-3.65817553157239e-11,1.48779727069034e-24,1.42951433772428e-16
33.113112148259,0.999999698793418,-1.04048861414795e-08,3.01156230105399e-07,-3.20849444295276e-15,0.00351487045432021,-3.74338538599096e-11,1.55791499585206e-24,1.46281200415812e-16
33.8844156139201,0.999999698793418,-1.06472470740551e-08,3.01156230105399e-07,-3.2832298792453e-15,0.00351487045432021,-3.83058003289073e-11,1.63133726759329e-24,1.49688527287917e-16
34.673685045253,0.999999698793418,-1.08952533179624e-08,3.01156230105399e-07,-3.3597061274785e-15,0.00351487045432021,-3.91980570402767e-11,1.70821982439629e-24,1.53175220998552e-16
35.4813389233574,0.999999698793418,-1.11490363693945e-08,3.01156230105399e-07,-3.43796373637146e-15,0.00351487045432021,-4.01110970803364e-11,1.78872574447185e-24,1.56743130238874e-16
36.30780547701,0.999999698793418,-1.14087307874847e-08,3.01156230105399e-07,-3.51804419914427e-15,0.00351487045432021,-4.10454045550012e-11,1.87302579167007e-24,1.60394146761589e-16
37.1535229097171,0.999999698793418,-1.16744742656508e-08,3.01156230105399e-07,-3.59998997551829e-15,0.00351487045432021,-4.20014748464613e-11,1.96129877769337e-24,1.64130206383985e-16
38.0189396320559,0.999999698793418,-1.19464077046024e-08,3.01156230105399e-07,-3.68384451422883e-15,0.00351487045432021,-4.29798148758402e-11,2.05373194138006e-24,1.67953290014325e-16
38.9045144994279,0.999999698793418,-1.22246752870485e-08,3.01156230105399e-07,-3.76965227606226e-15,0.00351487045432021,-4.39809433719714e-11,2.15052134586306e-24,1.71865424702156e-16
39.8107170553495,0.999999698793418,-1.25094245541444e-08,3.01156230105399e-07,-3.85745875742971e-15,0.00351487045432021,-4.5005391146435e-11,2.25187229444605e-24,1.75868684713072e-16
40.7380277804111,0.999999698793418,-1.28008064837208e-08,3.01156230105399e-07,-3.94731051448984e-15,0.00351487045432021,-4.60537013750012e-11,2.35799976607934e-24,1.7996519262852e-16
41.6869383470333,0.999999698793418,-1.30989755703335e-08,3.01156230105399e-07,-4.03925518783359e-15,0.00351487045432021,-4.71264298856293e-11,2.46912887135902e-24,1.84157120471221e-16
42.6579518801591,0.999999698793418,-1.34040899071791e-08,3.01156230105399e-07,-4.1333415277438e-15,0.00351487045432021,-4.82241454531748e-11,2.58549533001673e-24,1.88446690856803e-16
43.6515832240164,0.999999698793418,-1.37163112699176e-08,3.01156230105399e-07,-4.22961942004326e-15,0.00351487045432021,-4.93474301009615e-11,2.70734597091279e-24,1.92836178172264e-16
44.6683592150961,0.999999698793418,-1.40358052024482e-08,3.01156230105399e-07,-4.32813991254485e-15,0.00351487045432021,-5.04968794093783e-11,2.83493925559337e-24,1.97327909781881e-16
45.7088189614873,0.999999698793418,-1.4362741104683e-08,3.01156230105399e-07,-4.42895524211778e-15,0.00351487045432021,-5.16731028316631e-11,2.96854582652198e-24,2.01924267261207e-16
46.7735141287196,0.999999698793418,-1.46972923223648e-08,3.01156230105399e-07,-4.53211886238424e-15,0.00351487045432021,-5.28767240170436e-11,3.10844908114852e-24,2.0662768765982e-16
47.8630092322636,0.999999698793418,-1.50396362389776e-08,3.01156230105399e-07,-4.63768547206121e-15,0.00351487045432021,-5.41083811414042e-11,3.2549457730332e-24,2.1144066479347e-16
48.9778819368444,0.999999698793418,-1.53899543697975e-08,3.01156230105399e-07,-4.7457110439625e-15,0.00351487045432021,-5.5368727245655e-11,3.40834664130067e-24,2.16365750566341e-16
50.118723362727,0.999999698793418,-1.57484324581343e-08,3.01156230105399e-07,-4.85625285467621e-15,0.00351487045432021,-5.66584305819833e-11,3.56897706975933e-24,2.21405556324103e-16
51.2861383991362,0.999999698793418,-1.61152605738156e-08,3.01156230105399e-07,-4.96936951493357e-15,0.00351487045432021,-5.79781749681691e-11,3.73717777708404e-24,2.26562754238476e-16
52.480746024977,0.999999698793418,-1.64906332139639e-08,3.01156230105399e-07,-5.08512100068513e-15,0.00351487045432021,-5.93286601501548e-11,3.9133055395261e-24,2.3184007872406e-16
53.703179637025,0.999999698793418,-1.68747494061215e-08,3.01156230105399e-07,-5.20356868490079e-15,0.00351487045432021,-6.07106021730598e-11,4.0977339476835e-24,2.37240327888148e-16
54.9540873857622,0.999999698793418,-1.72678128137779e-08,3.01156230105399e-07,-5.32477537011056e-15,0.00351487045432021,-6.21247337608369e-11,4.29085419893671e-24,2.42766365014331e-16
56.2341325190346,0.999999698793418,-1.76700318443548e-08,3.01156230105399e-07,-5.4488053217033e-15,0.00351487045432021,-6.35718047047719e-11,4.4930759272307e-24,2.48421120080636e-16
57.5439937337154,0.999999698793418,-1.8081619759706e-08,3.01156230105399e-07,-5.57572430200106e-15,0.00351487045432021,-6.50525822610338e-11,4.70482807196353e-24,2.54207591313051e-16
58.8843655355586,0.999999698793418,-1.85027947891924e-08,3.01156230105399e-07,-5.70559960512718e-15,0.00351487045432021,-6.65678515574832e-11,4.92655978782429e-24,2.60128846775215e-16
60.2559586074355,0.999999698793418,-1.89337802453894e-08,3.01156230105399e-07,-5.83850009268649e-15,0.00351487045432021,-6.8118416009958e-11,5.15874139751039e-24,2.66188025995151e-16
61.6595001861479,0.999999698793418,-1.93748046424907e-08,3.01156230105399e-07,-5.97449623027661e-15,0.00351487045432021,-6.97050977482552e-11,5.40186538934512e-24,2.72388341629886e-16
63.095734448019,0.999999698793418,-1.98261018174694e-08,3.01156230105399e-07,-6.11366012484984e-15,0.00351487045432021,-7.13287380520345e-11,5.65644746191137e-24,2.78733081168838e-16
64.5654229034652,0.999999698793418,-2.02879110540612e-08,3.01156230105399e-07,-6.25606556294512e-15,0.00351487045432021,-7.29901977968764e-11,5.92302761791745e-24,2.85225608676894e-16
66.0693448007593,0.999999698793418,-2.0760477209636e-08,3.01156230105399e-07,-6.4017880498107e-15,0.00351487045432021,-7.46903579107298e-11,6.20217130961527e-24,2.91869366578079e-16
67.6082975391978,0.999999698793418,-2.12440508450248e-08,3.01156230105399e-07,-6.55090484943796e-15,0.00351487045432021,-7.64301198409912e-11,6.49447063820039e-24,2.9866787748077e-16
69.1830970918933,0.999999698793418,-2.173888835737e-08,3.01156230105399e-07,-6.70349502552787e-15,0.00351487045432021,-7.82104060324645e-11,6.80054560973797e-24,3.05624746045439e-16
70.7945784384134,0.999999698793418,-2.22452521160704e-08,3.01156230105399e-07,-6.85963948341157e-15,0.00351487045432021,-8.00321604164534e-11,7.12104545027884e-24,3.12743660895883e-16
72.4435960074986,0.999999698793418,-2.27634106018934e-08,3.01156230105399e-07,-7.01942101294743e-15,0.00351487045432021,-8.18963489112459e-11,7.45664998295494e-24,3.20028396574986e-16
74.1310241300914,0.999999698793418,-2.32936385493269e-08,3.01156230105399e-07,-7.18292433241738e-15,0.00351487045432021,-8.38039599342575e-11,7.80807106997537e-24,3.27482815546029e-16
75.857757502918,0.999999698793418,-2.38362170922471e-08,3.01156230105399e-07,-7.35023613344562e-15,0.00351487045432021,-8.57560049261028e-11,8.17605412258155e-24,3.35110870240622e-16
77.6247116628688,0.999999698793418,-2.43914339129792e-08,3.01156230105399e-07,-7.52144512696369e-15,0.00351487045432021,-8.77535188868748e-11,8.56137968216439e-24,3.42916605154334e-16
79.4328234724277,0.999999698793418,-2.49595833948307e-08,3.01156230105399e-07,-7.69664209024616e-15,0.00351487045432021,-8.97975609249157e-11,8.96486507589726e-24,3.50904158991136e-16
81.2830516164095,0.999999698793418,-2.55409667781774e-08,3.01156230105399e-07,-7.875919915042e-15,0.00351487045432021,-9.18892148183704e-11,9.38736615039652e-24,3.59077766857801e-16
83.1763771102667,0.999999698793418,-2.61358923201844e-08,3.01156230105399e-07,-8.05937365682691e-15,0.00351487045432021,-9.40295895898192e-11,9.82977908708687e-24,3.6744176250941e-16
85.1138038202372,0.999999698793418,-2.67446754582491e-08,3.01156230105399e-07,-8.24710058520309e-15,0.00351487045432021,-9.62198200942974e-11,1.02930423031224e-23,3.76000580647169e-16
87.0963589956076,0.999999698793418,-2.73676389772494e-08,3.01156230105399e-07,-8.43920023547283e-15,0.00351487045432021,-9.84610676210094e-11,1.0778138441895e-23,3.84758759269742e-16
89.1250938133741,0.999999698793417,-2.80051131806889e-08,3.01156230105399e-07,-8.63577446141343e-15,0.00351487045432021,-1.0075452050906e-10,1.12860964573531e-23,3.93720942079365e-16
91.2010839355905,0.999999698793417,-2.86574360658284e-08,3.01156230105399e-07,-8.83692748928147e-15,0.00351487045432021,-1.03101394777529e-10,1.18179937965506e-23,4.02891880943991e-16
93.3254300796986,0.999999698793417,-2.93249535028959e-08,3.01156230105399e-07,-9.04276597307489e-15,0.00351487045432021,-1.05502934770217e-10,1.23749586850565e-23,4.12276438416798e-16
95.4992586021431,0.999999698793417,-3.00080194184723e-08,3.01156230105399e-07,-9.25339905108239e-15,0.00351487045432021,-1.07960413815416e-10,1.29581725200731e-23,4.21879590314377e-16
97.7237220955805,0.999999698793417,-3.07069959831475e-08,3.01156230105399e-07,-9.46893840374998e-15,0.00351487045432021,-1.10475134901046e-10,1.35688723763372e-23,4.31706428354977e-16
99.9999999999995,0.999999698793417,-3.14222538035481e-08,3.01156230105399e-07,-9.68949831289547e-15,0.00351487045432021,-1.13048431365511e-10,1.42083536301219e-23,4.41762162858202e-16
102.329299228075,0.999999698793417,-3.21541721188381e-08,3.01156230105399e-07,-9.91519572230212e-15,0.00351487045432021,-1.15681667604659e-10,1.48779727069033e-23,4.52052125507587e-16
104.712854805089,0.999999698793417,-3.29031390017962e-08,3.01156230105399e-07,-1.01461502997239e-14,0.00351487045432021,-1.183762397952e-10,1.55791499585206e-23,4.62581772177534e-16
107.15193052376,0.999999698793417,-3.36695515645776e-08,3.01156230105399e-07,-1.03824845003347e-14,0.00351487045432021,-1.21133576634974e-10,1.63133726759329e-23,4.73356685826082e-16
109.647819614318,0.999999698793417,-3.44538161692678e-08,3.01156230105399e-07,-1.06243236316561e-14,0.00351487045432021,-1.23955140100473e-10,1.70821982439628e-23,4.84382579455073e-16
112.201845430196,0.999999698793417,-3.5256348643341e-08,3.01156230105399e-07,-1.08717959199965e-14,0.00351487045432021,-1.26842426221993e-10,1.78872574447184e-23,4.95665299139251e-16
114.815362149688,0.999999698793417,-3.6077574500138e-08,3.01156230105398e-07,-1.11250325784389e-14,0.00351487045432021,-1.29796965876854e-10,1.87302579167006e-23,5.0721082712594e-16
117.489755493952,0.999999698793417,-3.6917929164478e-08,3.01156230105398e-07,-1.13841678764116e-14,0.00351487045432021,-1.32820325601088e-10,1.96129877769336e-23,5.19025285006899e-16
120.226443461741,0.999999698793417,-3.77778582035276e-08,3.01156230105398e-07,-1.16493392108796e-14,0.00351487045432021,-1.35914108420042e-10,2.05373194138005e-23,5.31114936964081e-16
123.026877081237,0.999999698793417,-3.86578175630458e-08,3.01156230105398e-07,-1.19206871791945e-14,0.00351487045432021,-1.39079954698315e-10,2.15052134586305e-23,5.43486193090978e-16
125.892541179416,0.999999698793417,-3.95582738091326e-08,3.01156230105398e-07,-1.21983556536408e-14,0.00351487045432021,-1.42319543009511e-10,2.25187229444604e-23,5.56145612791343e-16
128.824955169313,0.999999698793417,-4.04797043756087e-08,3.01156230105398e-07,-1.2482491857719e-14,0.00351487045432021,-1.45634591026232e-10,2.35799976607933e-23,5.69099908257067e-16
131.82567385564,0.999999698793416,-4.1422597817157e-08,3.01156230105398e-07,-1.27732464442054e-14,0.00351487045432021,-1.49026856430817e-10,2.46912887135901e-23,5.82355948027077e-16
134.896288259164,0.999999698793416,-4.23874540683607e-08,3.01156230105398e-07,-1.30707735750304e-14,0.00351487045432021,-1.52498137847285e-10,2.58549533001671e-23,5.95920760629122e-16
138.038426460288,0.999999698793416,-4.33747847087759e-08,3.01156230105398e-07,-1.33752310030171e-14,0.00351487045432021,-1.56050275794991e-10,2.70734597091278e-23,6.09801538306398e-16
141.253754462275,0.999999698793416,-4.43851132341768e-08,3.01156230105398e-07,-1.36867801555237e-14,0.00351487045432021,-1.59685153664493e-10,2.83493925559335e-23,6.2400564083096e-16
144.543977074592,0.999999698793416,-4.54189753341209e-08,3.01156230105398e-07,-1.40055862200346e-14,0.0035148704543202,-1.63404698716151e-10,2.96854582652197e-23,6.38540599405983e-16
147.91083881682,0.999999698793416,-4.64769191759783e-08,3.01156230105398e-07,-1.43318182317454e-14,0.0035148704543202,-1.67210883101985e-10,3.1084490811485e-23,6.53414120658895e-16
151.35612484362,0.999999698793416,-4.75595056955776e-08,3.01156230105398e-07,-1.46656491631866e-14,0.0035148704543202,-1.71105724911338e-10,3.25494577303319e-23,6.68634090727538e-16
154.881661891247,0.999999698793416,-4.86673088946212e-08,3.01156230105398e-07,-1.50072560159369e-14,0.0035148704543202,-1.75091289240891e-10,3.40834664130065e-23,6.84208579441504e-16
158.48931924611,0.999999698793416,-4.98009161450287e-08,3.01156230105398e-07,-1.53568199144714e-14,0.0035148704543202,-1.79169689289606e-10,3.56897706975931e-23,7.0014584460086e-16
162.181009735892,0.999999698793416,-5.09609285003693e-08,3.01156230105398e-07,-1.57145262021962e-14,0.0035148704543202,-1.83343087479174e-10,3.73717777708402e-23,7.1645433635455e-16
165.958690743755,0.999999698793415,-5.21479610145484e-08,3.01156230105398e-07,-1.60805645397196e-14,0.0035148704543202,-1.87613696600556e-10,3.91330553952608e-23,7.33142701680769e-16
169.824365246173,0.999999698793415,-5.33626430679174e-08,3.01156230105398e-07,-1.64551290054135e-14,0.0035148704543202,-1.91983780987236e-10,4.09773394768349e-23,7.5021978897171e-16
173.780082874937,0.999999698793415,-5.4605618700979e-08,3.01156230105398e-07,-1.68384181983154e-14,0.0035148704543202,-1.96455657715802e-10,4.29085419893669e-23,7.67694652725097e-16
177.827941003891,0.999999698793415,-5.58775469558667e-08,3.01156230105398e-07,-1.72306353434288e-14,0.0035148704543202,-2.01031697834487e-10,4.49307592723068e-23,7.85576558344999e-16
181.970085860997,0.999999698793415,-5.71791022257772e-08,3.01156230105398e-07,-1.76319883994758e-14,0.0035148704543202,-2.05714327620332e-10,4.7048280719635e-23,8.0387498705447e-16
186.208713666285,0.999999698793415,-5.85109746125426e-08,3.01156230105398e-07,-1.80426901691591e-14,0.0035148704543202,-2.10506029865633e-10,4.92655978782426e-23,8.22599640922621e-16
190.546071796324,0.999999698793415,-5.98738702925319e-08,3.01156230105398e-07,-1.84629584119934e-14,0.0035148704543202,-2.15409345194345e-10,5.15874139751036e-23,8.41760448008783e-16
194.984459975803,0.999999698793414,-6.12685118910747e-08,3.01156230105398e-07,-1.88930159597638e-14,0.0035148704543202,-2.20426873409159e-10,5.40186538934509e-23,8.61367567626495e-16
199.526231496887,0.999999698793414,-6.26956388656069e-08,3.01156230105398e-07,-1.93330908346748e-14,0.0035148704543202,-2.2556127486995e-10,5.65644746191133e-23,8.81431395730111e-16
204.173794466952,0.999999698793414,-6.41560078977404e-08,3.01156230105398e-07,-1.978341637025e-14,0.0035148704543202,-2.30815271904332e-10,5.92302761791741e-23,9.01962570426867e-16
208.929613085403,0.999999698793414,-6.56503932944664e-08,3.01156230105398e-07,-2.02442313350491e-14,0.0035148704543202,-2.3619165025108e-10,6.20217130961523e-23,9.22971977617349e-16
213.796208950222,0.999999698793414,-6.71795873987029e-08,3.01156230105398e-07,-2.07157800592663e-14,0.0035148704543202,-2.41693260537157e-10,6.49447063820034e-23,9.44470756767342e-16
218.776162394954,0.999999698793414,-6.87444010094051e-08,3.01156230105397e-07,-2.11983125642765e-14,0.0035148704543202,-2.4732301978916e-10,6.80054560973792e-23,9.66470306814121e-16
223.872113856832,0.999999698793413,-7.03456638114622e-08,3.01156230105397e-07,-2.16920846952012e-14,0.00351487045432019,-2.53083912979961e-10,7.12104545027878e-23,9.8898229221032e-16
229.086765276776,0.999999698793413,-7.19842248156071e-08,3.01156230105397e-07,-2.219735825656e-14,0.00351487045432019,-2.58978994611386e-10,7.45664998295489e-23,1.01201864910858e-15
234.422881531991,0.999999698793413,-7.36609528085731e-08,3.01156230105397e-07,-2.27144011510832e-14,0.00351487045432019,-2.65011390333747e-10,7.80807106997531e-23,1.03559159169024e-15
239.883291901947,0.999999698793413,-7.53767368137362e-08,3.01156230105397e-07,-2.32434875217573e-14,0.00351487045432019,-2.71184298603102e-10,8.17605412258148e-23,1.0597136186415e-15
245.470891568501,0.999999698793412,-7.7132486562487e-08,3.01156230105397e-07,-2.37848978971794e-14,0.00351487045432019,-2.77500992377126e-10,8.56137968216431e-23,1.08439751978032e-15
251.188643150956,0.999999698793412,-7.89291329765823e-08,3.01156230105397e-07,-2.43389193402969e-14,0.00351487045432019,-2.83964820850468e-10,8.96486507589719e-23,1.10965638283784e-15
257.039578276885,0.999999698793412,-8.07676286617324e-08,3.01156230105397e-07,-2.49058456006124e-14,0.00351487045432019,-2.90579211230544e-10,9.38736615039644e-23,1.13550360039756e-15
263.026799189536,0.999999698793412,-8.2648948412685e-08,3.01156230105397e-07,-2.54859772699331e-14,0.00351487045432019,-2.97347670554684e-10,9.82977908708678e-23,1.16195287699639e-15
269.15348039269,0.999999698793411,-8.4574089730074e-08,3.01156230105397e-07,-2.60796219417491e-14,0.00351487045432019,-3.04273787549615e-10,1.02930423031223e-22,1.18901823639087e-15
275.422870333815,0.999999698793411,-8.65440733493084e-08,3.01156230105397e-07,-2.66870943743232e-14,0.00351487045432019,-3.11361234534244e-10,1.07781384418949e-22,1.2167140289928e-15
281.838293126443,0.999999698793411,-8.85599437817789e-08,3.01156230105397e-07,-2.73087166575801e-14,0.00351487045432019,-3.18613769366776e-10,1.1286096457353e-22,1.24505493947801e-15
288.403150312659,0.99999969879341,-9.06227698686718e-08,3.01156230105396e-07,-2.79448183838824e-14,0.00351487045432018,-3.26035237437178e-10,1.18179937965504e-22,1.27405599457239e-15
295.120922666636,0.99999969879341,-9.27336453476833e-08,3.01156230105396e-07,-2.85957368227852e-14,0.00351487045432018,-3.33629573706056e-10,1.23749586850564e-22,1.30373257101921e-15
301.9951720402,0.999999698793409,-9.4893689432933e-08,3.01156230105396e-07,-2.92618170998608e-14,0.00351487045432018,-3.41400804791022e-10,1.2958172520073e-22,1.33410040373213e-15
309.029543251357,0.999999698793409,-9.71040474083866e-08,3.01156230105396e-07,-2.99434123796887e-14,0.00351487045432018,-3.49353051101662e-10,1.35688723763371e-22,1.36517559413801e-15
316.227766016836,0.999999698793408,-9.93658912351001e-08,3.01156230105396e-07,-3.06408840531082e-14,0.00351487045432018,-3.57490529024231e-10,1.42083536301218e-22,1.39697461871414e-15
323.593656929626,0.999999698793408,-1.01680420172609e-07,3.01156230105396e-07,-3.13546019288327e-14,0.00351487045432018,-3.65817553157235e-10,1.48779727069031e-22,1.42951433772426e-15
331.131121482589,0.999999698793408,-1.04048861414794e-07,3.01156230105396e-07,-3.20849444295271e-14,0.00351487045432017,-3.74338538599091e-10,1.55791499585204e-22,1.4628120041581e-15
338.8441561392,0.999999698793407,-1.0647247074055e-07,3.01156230105395e-07,-3.28322987924525e-14,0.00351487045432017,-3.83058003289068e-10,1.63133726759327e-22,1.49688527287914e-15
346.736850452529,0.999999698793407,-1.08952533179622e-07,3.01156230105395e-07,-3.35970612747845e-14,0.00351487045432017,-3.91980570402761e-10,1.70821982439626e-22,1.53175220998549e-15
354.813389233573,0.999999698793406,-1.11490363693944e-07,3.01156230105395e-07,-3.43796373637141e-14,0.00351487045432017,-4.01110970803358e-10,1.78872574447181e-22,1.56743130238871e-15
363.078054770099,0.999999698793405,-1.14087307874845e-07,3.01156230105395e-07,-3.51804419914422e-14,0.00351487045432017,-4.10454045550006e-10,1.87302579167003e-22,1.60394146761586e-15
371.53522909717,0.999999698793405,-1.16744742656506e-07,3.01156230105395e-07,-3.59998997551823e-14,0.00351487045432016,-4.20014748464606e-10,1.96129877769333e-22,1.64130206383982e-15
380.189396320558,0.999999698793404,-1.19464077046022e-07,3.01156230105395e-07,-3.68384451422877e-14,0.00351487045432016,-4.29798148758395e-10,2.05373194138002e-22,1.67953290014322e-15
389.045144994278,0.999999698793403,-1.22246752870483e-07,3.01156230105394e-07,-3.7696522760622e-14,0.00351487045432016,-4.39809433719706e-10,2.15052134586301e-22,1.71865424702153e-15
398.107170553494,0.999999698793403,-1.25094245541442e-07,3.01156230105394e-07,-3.85745875742964e-14,0.00351487045432016,-4.50053911464342e-10,2.251872294446e-22,1.75868684713069e-15
407.38027780411,0.999999698793402,-1.28008064837205e-07,3.01156230105394e-07,-3.94731051448977e-14,0.00351487045432015,-4.60537013750004e-10,2.35799976607929e-22,1.79965192628517e-15
416.869383470332,0.999999698793401,-1.30989755703333e-07,3.01156230105394e-07,-4.03925518783352e-14,0.00351487045432015,-4.71264298856284e-10,2.46912887135896e-22,1.84157120471217e-15
426.579518801589,0.9999996987934,-1.34040899071788e-07,3.01156230105393e-07,-4.13334152774372e-14,0.00351487045432015,-4.82241454531738e-10,2.58549533001666e-22,1.88446690856799e-15
436.515832240163,0.9999996987934,-1.37163112699172e-07,3.01156230105393e-07,-4.22961942004316e-14,0.00351487045432015,-4.93474301009605e-10,2.70734597091273e-22,1.9283617817226e-15
446.68359215096,0.999999698793398,-1.40358052024479e-07,3.01156230105393e-07,-4.32813991254475e-14,0.00351487045432014,-5.04968794093772e-10,2.8349392555933e-22,1.97327909781876e-15
457.088189614872,0.999999698793398,-1.43627411046826e-07,3.01156230105393e-07,-4.42895524211768e-14,0.00351487045432014,-5.16731028316619e-10,2.9685458265219e-22,2.01924267261202e-15
467.735141287195,0.999999698793397,-1.46972923223645e-07,3.01156230105392e-07,-4.53211886238413e-14,0.00351487045432014,-5.28767240170424e-10,3.10844908114843e-22,2.06627687659814e-15
478.630092322635,0.999999698793396,-1.50396362389773e-07,3.01156230105392e-07,-4.6376854720611e-14,0.00351487045432013,-5.41083811414029e-10,3.25494577303311e-22,2.11440664793464e-15
489.778819368442,0.999999698793394,-1.53899543697971e-07,3.01156230105392e-07,-4.74571104396238e-14,0.00351487045432013,-5.53687272456536e-10,3.40834664130057e-22,2.16365750566336e-15
501.187233627268,0.999999698793393,-1.57484324581339e-07,3.01156230105391e-07,-4.85625285467608e-14,0.00351487045432012,-5.66584305819817e-10,3.56897706975922e-22,2.21405556324097e-15
512.861383991361,0.999999698793392,-1.61152605738152e-07,3.01156230105391e-07,-4.96936951493343e-14,0.00351487045432012,-5.79781749681674e-10,3.73717777708392e-22,2.2656275423847e-15
524.807460249769,0.999999698793391,-1.64906332139634e-07,3.01156230105391e-07,-5.08512100068498e-14,0.00351487045432012,-5.9328660150153e-10,3.91330553952597e-22,2.31840078724052e-15
537.031796370249,0.99999969879339,-1.6874749406121e-07,3.0115623010539e-07,-5.20356868490063e-14,0.00351487045432011,-6.0710602173058e-10,4.09773394768337e-22,2.37240327888141e-15
549.54087385762,0.999999698793388,-1.72678128137774e-07,3.0115623010539e-07,-5.32477537011039e-14,0.00351487045432011,-6.21247337608349e-10,4.29085419893656e-22,2.42766365014323e-15
562.341325190345,0.999999698793387,-1.76700318443542e-07,3.01156230105389e-07,-5.44880532170311e-14,0.0035148704543201,-6.35718047047698e-10,4.49307592723054e-22,2.48421120080628e-15
575.439937337152,0.999999698793386,-1.80816197597054e-07,3.01156230105389e-07,-5.57572430200087e-14,0.00351487045432009,-6.50525822610315e-10,4.70482807196335e-22,2.54207591313042e-15
588.843655355584,0.999999698793384,-1.85027947891917e-07,3.01156230105388e-07,-5.70559960512698e-14,0.00351487045432009,-6.65678515574807e-10,4.92655978782409e-22,2.60128846775205e-15
602.559586074353,0.999999698793382,-1.89337802453887e-07,3.01156230105388e-07,-5.83850009268626e-14,0.00351487045432008,-6.81184160099554e-10,5.15874139751018e-22,2.66188025995141e-15
616.595001861477,0.999999698793381,-1.937480464249e-07,3.01156230105387e-07,-5.97449623027638e-14,0.00351487045432008,-6.97050977482524e-10,5.40186538934489e-22,2.72388341629874e-15
630.957344480188,0.999999698793379,-1.98261018174686e-07,3.01156230105387e-07,-6.11366012484959e-14,0.00351487045432007,-7.13287380520315e-10,5.65644746191112e-22,2.78733081168826e-15
645.65422903465,0.999999698793377,-2.02879110540603e-07,3.01156230105386e-07,-6.25606556294485e-14,0.00351487045432006,-7.29901977968733e-10,5.92302761791717e-22,2.85225608676882e-15
660.693448007591,0.999999698793375,-2.07604772096351e-07,3.01156230105386e-07,-6.40178804981041e-14,0.00351487045432006,-7.46903579107264e-10,6.20217130961497e-22,2.91869366578065e-15
676.082975391976,0.999999698793373,-2.12440508450238e-07,3.01156230105385e-07,-6.55090484943765e-14,0.00351487045432005,-7.64301198409876e-10,6.49447063820006e-22,2.98667877480756e-15
691.830970918931,0.999999698793371,-2.17388883573689e-07,3.01156230105385e-07,-6.70349502552754e-14,0.00351487045432004,-7.82104060324606e-10,6.80054560973761e-22,3.05624746045424e-15
707.945784384132,0.999999698793369,-2.22452521160692e-07,3.01156230105384e-07,-6.85963948341121e-14,0.00351487045432003,-8.00321604164492e-10,7.12104545027845e-22,3.12743660895866e-15
724.435960074984,0.999999698793366,-2.27634106018922e-07,3.01156230105383e-07,-7.01942101294705e-14,0.00351487045432003,-8.18963489112414e-10,7.45664998295452e-22,3.20028396574968e-15
741.310241300911,0.999999698793364,-2.32936385493256e-07,3.01156230105382e-07,-7.18292433241697e-14,0.00351487045432002,-8.38039599342527e-10,7.80807106997491e-22,3.2748281554601e-15
758.577575029177,0.999999698793361,-2.38362170922457e-07,3.01156230105381e-07,-7.35023613344518e-14,0.00351487045432001,-8.57560049260977e-10,8.17605412258103e-22,3.35110870240602e-15
776.247116628685,0.999999698793359,-2.43914339129777e-07,3.01156230105381e-07,-7.52144512696322e-14,0.00351487045432,-8.77535188868693e-10,8.56137968216383e-22,3.42916605154312e-15
794.328234724275,0.999999698793356,-2.49595833948291e-07,3.0115623010538e-07,-7.69664209024566e-14,0.00351487045431999,-8.97975609249099e-10,8.96486507589665e-22,3.50904158991113e-15
812.830516164092,0.999999698793353,-2.55409667781756e-07,3.01156230105379e-07,-7.87591991504146e-14,0.00351487045431998,-9.18892148183642e-10,9.38736615039585e-22,3.59077766857776e-15
831.763771102664,0.99999969879335,-2.61358923201826e-07,3.01156230105378e-07,-8.05937365682633e-14,0.00351487045431997,-9.40295895898126e-10,9.82977908708614e-22,3.67441762509384e-15
851.138038202369,0.999999698793347,-2.67446754582471e-07,3.01156230105377e-07,-8.24710058520248e-14,0.00351487045431996,-9.62198200942902e-10,1.02930423031216e-21,3.7600058064714e-15
870.963589956073,0.999999698793343,-2.73676389772473e-07,3.01156230105376e-07,-8.43920023547217e-14,0.00351487045431994,-9.84610676210017e-10,1.07781384418941e-21,3.84758759269712e-15
891.250938133738,0.99999969879334,-2.80051131806867e-07,3.01156230105375e-07,-8.63577446141274e-14,0.00351487045431993,-1.00754520509052e-09,1.12860964573522e-21,3.93720942079332e-15
912.010839355902,0.999999698793336,-2.86574360658259e-07,3.01156230105374e-07,-8.83692748928072e-14,0.00351487045431992,-1.0310139477752e-09,1.18179937965495e-21,4.02891880943956e-15
933.254300796983,0.999999698793332,-2.93249535028933e-07,3.01156230105373e-07,-9.04276597307409e-14,0.0035148704543199,-1.05502934770208e-09,1.23749586850554e-21,4.1227643841676e-15
954.992586021428,0.999999698793328,-3.00080194184696e-07,3.01156230105371e-07,-9.25339905108153e-14,0.00351487045431989,-1.07960413815407e-09,1.29581725200719e-21,4.21879590314337e-15
977.237220955802,0.999999698793324,-3.07069959831445e-07,3.0115623010537e-07,-9.46893840374907e-14,0.00351487045431987,-1.10475134901035e-09,1.35688723763359e-21,4.31706428354934e-15
999.999999999991,0.99999969879332,-3.1422253803545e-07,3.01156230105368e-07,-9.68949831289449e-14,0.00351487045431986,-1.130484313655e-09,1.42083536301205e-21,4.41762162858156e-15
1023.29299228075,0.999999698793315,-3.21541721188347e-07,3.01156230105367e-07,-9.91519572230107e-14,0.00351487045431984,-1.15681667604647e-09,1.48779727069017e-21,4.52052125507538e-15
1047.12854805089,0.99999969879331,-3.29031390017926e-07,3.01156230105366e-07,-1.01461502997228e-13,0.00351487045431982,-1.18376239795187e-09,1.55791499585188e-21,4.62581772177481e-15
1071.5193052376,0.999999698793305,-3.36695515645737e-07,3.01156230105364e-07,-1.03824845003335e-13,0.0035148704543198,-1.2113357663496e-09,1.6313372675931e-21,4.73356685826026e-15
1096.47819614317,0.9999996987933,-3.44538161692636e-07,3.01156230105362e-07,-1.06243236316548e-13,0.00351487045431979,-1.23955140100458e-09,1.70821982439607e-21,4.84382579455013e-15
1122.01845430195,0.999999698793294,-3.52563486433366e-07,3.0115623010536e-07,-1.08717959199951e-13,0.00351487045431976,-1.26842426221977e-09,1.78872574447161e-21,4.95665299139187e-15
1148.15362149687,0.999999698793288,-3.60775745001332e-07,3.01156230105359e-07,-1.11250325784374e-13,0.00351487045431974,-1.29796965876836e-09,1.87302579166981e-21,5.07210827125871e-15
1174.89755493952,0.999999698793282,-3.69179291644729e-07,3.01156230105357e-07,-1.138416787641e-13,0.00351487045431972,-1.3282032560107e-09,1.96129877769308e-21,5.19025285006825e-15
1202.2644346174,0.999999698793276,-3.77778582035221e-07,3.01156230105355e-07,-1.16493392108779e-13,0.0035148704543197,-1.35914108420022e-09,2.05373194137975e-21,5.31114936964002e-15
1230.26877081237,0.999999698793269,-3.865781756304e-07,3.01156230105353e-07,-1.19206871791927e-13,0.00351487045431967,-1.39079954698294e-09,2.15052134586272e-21,5.43486193090894e-15
1258.92541179416,0.999999698793262,-3.95582738091263e-07,3.01156230105351e-07,-1.21983556536389e-13,0.00351487045431965,-1.42319543009488e-09,2.25187229444567e-21,5.56145612791253e-15
1288.24955169312,0.999999698793254,-4.0479704375602e-07,3.01156230105348e-07,-1.24824918577169e-13,0.00351487045431962,-1.45634591026208e-09,2.35799976607893e-21,5.6909990825697e-15
1318.2567385564,0.999999698793247,-4.14225978171498e-07,3.01156230105346e-07,-1.27732464442032e-13,0.00351487045431959,-1.49026856430791e-09,2.46912887135857e-21,5.82355948026973e-15
1348.96288259164,0.999999698793239,-4.23874540683531e-07,3.01156230105343e-07,-1.3070773575028e-13,0.00351487045431956,-1.52498137847257e-09,2.58549533001624e-21,5.95920760629012e-15
1380.38426460287,0.99999969879323,-4.33747847087677e-07,3.01156230105341e-07,-1.33752310030145e-13,0.00351487045431953,-1.56050275794961e-09,2.70734597091226e-21,6.09801538306279e-15
1412.53754462274,0.999999698793221,-4.4385113234168e-07,3.01156230105338e-07,-1.3686780155521e-13,0.0035148704543195,-1.59685153664461e-09,2.83493925559278e-21,6.24005640830834e-15
1445.43977074591,0.999999698793212,-4.54189753341114e-07,3.01156230105335e-07,-1.40055862200317e-13,0.00351487045431947,-1.63404698716117e-09,2.96854582652134e-21,6.38540599405847e-15
1479.10838816819,0.999999698793202,-4.64769191759682e-07,3.01156230105332e-07,-1.43318182317422e-13,0.00351487045431944,-1.67210883101949e-09,3.10844908114782e-21,6.53414120658749e-15
1513.56124843619,0.999999698793192,-4.75595056955668e-07,3.01156230105329e-07,-1.46656491631832e-13,0.0035148704543194,-1.71105724911299e-09,3.25494577303243e-21,6.68634090727382e-15
1548.81661891247,0.999999698793181,-4.86673088946096e-07,3.01156230105326e-07,-1.50072560159333e-13,0.00351487045431936,-1.75091289240849e-09,3.40834664129983e-21,6.84208579441337e-15
1584.8931924611,0.99999969879317,-4.98009161450162e-07,3.01156230105322e-07,-1.53568199144676e-13,0.00351487045431932,-1.79169689289561e-09,3.56897706975841e-21,7.00145844600681e-15
1621.81009735892,0.999999698793159,-5.0960928500356e-07,3.01156230105319e-07,-1.57145262021921e-13,0.00351487045431928,-1.83343087479126e-09,3.73717777708303e-21,7.16454336354359e-15
1659.58690743755,0.999999698793146,-5.21479610145342e-07,3.01156230105315e-07,-1.60805645397152e-13,0.00351487045431923,-1.87613696600505e-09,3.913305539525e-21,7.33142701680564e-15
1698.24365246173,0.999999698793133,-5.33626430679021e-07,3.01156230105311e-07,-1.64551290054088e-13,0.00351487045431919,-1.91983780987181e-09,4.0977339476823e-21,7.50219788971491e-15
1737.80082874936,0.99999969879312,-5.46056187009627e-07,3.01156230105307e-07,-1.68384181983103e-13,0.00351487045431914,-1.96455657715743e-09,4.29085419893539e-21,7.67694652724862e-15
1778.27941003891,0.999999698793106,-5.58775469558492e-07,3.01156230105303e-07,-1.72306353434234e-13,0.00351487045431909,-2.01031697834424e-09,4.49307592722926e-21,7.85576558344747e-15
1819.70085860997,0.999999698793091,-5.71791022257585e-07,3.01156230105298e-07,-1.763198839947e-13,0.00351487045431904,-2.05714327620265e-09,4.70482807196195e-21,8.03874987054201e-15
1862.08713666285,0.999999698793076,-5.85109746125226e-07,3.01156230105293e-07,-1.8042690169153e-13,0.00351487045431898,-2.10506029865561e-09,4.92655978782255e-21,8.22599640922333e-15
1905.46071796323,0.99999969879306,-5.98738702925105e-07,3.01156230105288e-07,-1.84629584119868e-13,0.00351487045431892,-2.15409345194268e-09,5.15874139750849e-21,8.41760448008474e-15
1949.84459975803,0.999999698793043,-6.12685118910518e-07,3.01156230105283e-07,-1.88930159597567e-13,0.00351487045431886,-2.20426873409077e-09,5.40186538934305e-21,8.61367567626164e-15
1995.26231496886,0.999999698793025,-6.26956388655822e-07,3.01156230105278e-07,-1.93330908346672e-13,0.0035148704543188,-2.25561274869861e-09,5.65644746190909e-21,8.81431395729757e-15
2041.73794466951,0.999999698793007,-6.4156007897714e-07,3.01156230105272e-07,-1.97834163702418e-13,0.00351487045431873,-2.30815271904237e-09,5.92302761791495e-21,9.01962570426487e-15
2089.29613085402,0.999999698792987,-6.56503932944382e-07,3.01156230105266e-07,-2.02442313350404e-13,0.00351487045431866,-2.36191650250979e-09,6.20217130961254e-21,9.22971977616942e-15
2137.96208950221,0.999999698792967,-6.71795873986726e-07,3.0115623010526e-07,-2.07157800592569e-13,0.00351487045431859,-2.41693260537048e-09,6.49447063819739e-21,9.44470756766906e-15
2187.76162394953,0.999999698792946,-6.87444010093727e-07,3.01156230105253e-07,-2.11983125642665e-13,0.00351487045431851,-2.47323019789043e-09,6.80054560973469e-21,9.66470306813655e-15
2238.72113856832,0.999999698792923,-7.03456638114275e-07,3.01156230105246e-07,-2.16920846951905e-13,0.00351487045431843,-2.53083912979836e-09,7.12104545027525e-21,9.88982292209821e-15
2290.86765276775,0.9999996987929,-7.19842248155699e-07,3.01156230105239e-07,-2.21973582565485e-13,0.00351487045431835,-2.58978994611252e-09,7.45664998295101e-21,1.01201864910804e-14
2344.2288153199,0.999999698792876,-7.36609528085333e-07,3.01156230105232e-07,-2.27144011510709e-13,0.00351487045431826,-2.65011390333603e-09,7.80807106997106e-21,1.03559159168967e-14
2398.83291901947,0.99999969879285,-7.53767368136935e-07,3.01156230105224e-07,-2.32434875217442e-13,0.00351487045431817,-2.71184298602949e-09,8.17605412257682e-21,1.05971361864088e-14
2454.70891568501,0.999999698792823,-7.71324865624412e-07,3.01156230105215e-07,-2.37848978971653e-13,0.00351487045431807,-2.77500992376962e-09,8.56137968215921e-21,1.08439751977966e-14
2511.88643150955,0.999999698792795,-7.89291329765334e-07,3.01156230105207e-07,-2.43389193402818e-13,0.00351487045431797,-2.83964820850292e-09,8.96486507589159e-21,1.10965638283713e-14
2570.39578276884,0.999999698792766,-8.076762866168e-07,3.01156230105198e-07,-2.49058456005962e-13,0.00351487045431786,-2.90579211230355e-09,9.38736615039031e-21,1.13550360039681e-14
2630.26799189535,0.999999698792735,-8.26489484126288e-07,3.01156230105188e-07,-2.54859772699157e-13,0.00351487045431775,-2.97347670554482e-09,9.82977908708006e-21,1.16195287699559e-14
2691.53480392689,0.999999698792703,-8.45740897300138e-07,3.01156230105178e-07,-2.60796219417305e-13,0.00351487045431764,-3.04273787549398e-09,1.02930423031149e-20,1.18901823639e-14
2754.22870333814,0.999999698792669,-8.65440733492439e-07,3.01156230105168e-07,-2.66870943743033e-13,0.00351487045431752,-3.11361234534011e-09,1.07781384418868e-20,1.21671402899187e-14
2818.38293126442,0.999999698792634,-8.85599437817098e-07,3.01156230105157e-07,-2.73087166575588e-13,0.00351487045431739,-3.18613769366527e-09,1.12860964573442e-20,1.24505493947702e-14
2884.03150312657,0.999999698792597,-9.06227698685978e-07,3.01156230105146e-07,-2.79448183838595e-13,0.00351487045431726,-3.26035237436911e-09,1.18179937965407e-20,1.27405599457132e-14
2951.20922666635,0.999999698792558,-9.2733645347604e-07,3.01156230105134e-07,-2.85957368227608e-13,0.00351487045431712,-3.3362957370577e-09,1.23749586850458e-20,1.30373257101807e-14
3019.95172040198,0.999999698792518,-9.48936894328481e-07,3.01156230105121e-07,-2.92618170998346e-13,0.00351487045431697,-3.41400804790716e-09,1.29581725200613e-20,1.33410040373091e-14
3090.29543251356,0.999999698792475,-9.71040474082956e-07,3.01156230105108e-07,-2.99434123796606e-13,0.00351487045431682,-3.49353051101335e-09,1.35688723763243e-20,1.3651755941367e-14
3162.27766016834,0.999999698792431,-9.93658912350026e-07,3.01156230105094e-07,-3.06408840530781e-13,0.00351487045431666,-3.5749052902388e-09,1.42083536301078e-20,1.39697461871274e-14
3235.93656929625,0.999999698792384,-1.01680420172505e-06,3.0115623010508e-07,-3.13546019288005e-13,0.00351487045431649,-3.65817553156859e-09,1.48779727068878e-20,1.42951433772276e-14
3311.31121482588,0.999999698792336,-1.04048861414682e-06,3.01156230105065e-07,-3.20849444294926e-13,0.00351487045431631,-3.74338538598688e-09,1.55791499585036e-20,1.46281200415649e-14
3388.44156139199,0.999999698792285,-1.0647247074043e-06,3.01156230105049e-07,-3.28322987924155e-13,0.00351487045431613,-3.83058003288636e-09,1.63133726759142e-20,1.49688527287742e-14
3467.36850452528,0.999999698792231,-1.08952533179494e-06,3.01156230105033e-07,-3.35970612747449e-13,0.00351487045431594,-3.91980570402299e-09,1.70821982439424e-20,1.53175220998364e-14
3548.13389233572,0.999999698792175,-1.11490363693806e-06,3.01156230105015e-07,-3.43796373636716e-13,0.00351487045431574,-4.01110970802862e-09,1.7887257444696e-20,1.56743130238673e-14
3630.78054770097,0.999999698792117,-1.14087307874698e-06,3.01156230104997e-07,-3.51804419913967e-13,0.00351487045431553,-4.10454045549475e-09,1.87302579166761e-20,1.60394146761374e-14
3715.35229097168,0.999999698792055,-1.16744742656348e-06,3.01156230104979e-07,-3.59998997551336e-13,0.00351487045431531,-4.20014748464038e-09,1.96129877769067e-20,1.64130206383755e-14
3801.89396320557,0.999999698791991,-1.19464077045853e-06,3.01156230104959e-07,-3.68384451422355e-13,0.00351487045431507,-4.29798148757786e-09,2.0537319413771e-20,1.67953290014079e-14
3890.45144994276,0.999999698791924,-1.22246752870301e-06,3.01156230104938e-07,-3.7696522760566e-13,0.00351487045431483,-4.39809433719054e-09,2.15052134585981e-20,1.71865424701892e-14
3981.07170553493,0.999999698791853,-1.25094245541248e-06,3.01156230104916e-07,-3.85745875742364e-13,0.00351487045431458,-4.50053911463643e-09,2.25187229444249e-20,1.75868684712789e-14
4073.80277804108,0.99999969879178,-1.28008064836997e-06,3.01156230104894e-07,-3.94731051448335e-13,0.00351487045431431,-4.60537013749255e-09,2.35799976607544e-20,1.79965192628217e-14
4168.69383470331,0.999999698791702,-1.3098975570311e-06,3.0115623010487e-07,-4.03925518782663e-13,0.00351487045431403,-4.71264298855481e-09,2.46912887135475e-20,1.84157120470896e-14
4265.79518801588,0.999999698791622,-1.34040899071549e-06,3.01156230104845e-07,-4.13334152773634e-13,0.00351487045431374,-4.82241454530878e-09,2.58549533001204e-20,1.88446690856455e-14
4365.15832240161,0.999999698791537,-1.37163112698917e-06,3.01156230104818e-07,-4.22961942003527e-13,0.00351487045431344,-4.93474301008683e-09,2.70734597090766e-20,1.92836178171891e-14
4466.83592150958,0.999999698791448,-1.40358052024204e-06,3.01156230104791e-07,-4.32813991253629e-13,0.00351487045431312,-5.04968794092784e-09,2.83493925558774e-20,1.97327909781481e-14
4570.8818961487,0.999999698791355,-1.43627411046532e-06,3.01156230104762e-07,-4.42895524210861e-13,0.00351487045431279,-5.16731028315561e-09,2.96854582651581e-20,2.01924267260779e-14
4677.35141287193,0.999999698791258,-1.4697292322333e-06,3.01156230104732e-07,-4.53211886237441e-13,0.00351487045431244,-5.2876724016929e-09,3.10844908114176e-20,2.06627687659361e-14
4786.30092322633,0.999999698791156,-1.50396362389435e-06,3.01156230104701e-07,-4.63768547205069e-13,0.00351487045431207,-5.41083811412814e-09,3.25494577302579e-20,2.11440664792979e-14
4897.78819368441,0.99999969879105,-1.53899543697609e-06,3.01156230104668e-07,-4.74571104395122e-13,0.00351487045431169,-5.53687272455235e-09,3.40834664129255e-20,2.16365750565815e-14
5011.87233627267,0.999999698790938,-1.57484324580952e-06,3.01156230104634e-07,-4.85625285466413e-13,0.00351487045431129,-5.66584305818423e-09,3.56897706975043e-20,2.21405556323539e-14
5128.61383991359,0.999999698790821,-1.61152605737737e-06,3.01156230104598e-07,-4.96936951492063e-13,0.00351487045431086,-5.7978174968018e-09,3.73717777707428e-20,2.26562754237872e-14
5248.07460249767,0.999999698790699,-1.64906332139189e-06,3.0115623010456e-07,-5.08512100067127e-13,0.00351487045431042,-5.9328660149993e-09,3.9133055395154e-20,2.31840078723412e-14
5370.31796370247,0.999999698790571,-1.68747494060733e-06,3.0115623010452e-07,-5.20356868488593e-13,0.00351487045430996,-6.07106021728865e-09,4.09773394767178e-20,2.37240327887455e-14
5495.40873857618,0.999999698790436,-1.72678128137263e-06,3.01156230104479e-07,-5.32477537009464e-13,0.00351487045430948,-6.21247337606511e-09,4.29085419892385e-20,2.42766365013588e-14
5623.41325190343,0.999999698790296,-1.76700318442995e-06,3.01156230104436e-07,-5.44880532168624e-13,0.00351487045430897,-6.35718047045729e-09,4.49307592721661e-20,2.4842112007984e-14
5754.3993733715,0.999999698790149,-1.80816197596468e-06,3.0115623010439e-07,-5.57572430198279e-13,0.00351487045430844,-6.50525822608206e-09,4.70482807194808e-20,2.54207591312198e-14
5888.43655355582,0.999999698789995,-1.85027947891289e-06,3.01156230104343e-07,-5.70559960510761e-13,0.00351487045430789,-6.65678515572547e-09,4.92655978780735e-20,2.60128846774301e-14
6025.59586074351,0.999999698789834,-1.89337802453214e-06,3.01156230104293e-07,-5.83850009266551e-13,0.00351487045430731,-6.81184160097133e-09,5.15874139749182e-20,2.66188025994172e-14
6165.95001861475,0.999999698789665,-1.93748046424179e-06,3.01156230104241e-07,-5.97449623025414e-13,0.0035148704543067,-6.97050977479929e-09,5.40186538932476e-20,2.72388341628837e-14
6309.57344480186,0.999999698789488,-1.98261018173913e-06,3.01156230104186e-07,-6.11366012482576e-13,0.00351487045430606,-7.13287380517535e-09,5.65644746188905e-20,2.78733081167714e-14
6456.54229034648,0.999999698789302,-2.02879110539775e-06,3.01156230104129e-07,-6.25606556291932e-13,0.0035148704543054,-7.29901977965754e-09,5.92302761789297e-20,2.8522560867569e-14
6606.93448007588,0.999999698789108,-2.07604772095464e-06,3.01156230104069e-07,-6.40178804978305e-13,0.0035148704543047,-7.46903579104072e-09,6.20217130958844e-20,2.91869366576788e-14
6760.82975391974,0.999999698788905,-2.12440508449288e-06,3.01156230104007e-07,-6.55090484940834e-13,0.00351487045430397,-7.64301198406456e-09,6.49447063817098e-20,2.98667877479388e-14
6918.30970918928,0.999999698788693,-2.17388883572671e-06,3.01156230103941e-07,-6.70349502549613e-13,0.0035148704543032,-7.82104060320942e-09,6.80054560970572e-20,3.05624746043958e-14
7079.45784384129,0.99999969878847,-2.22452521159601e-06,3.01156230103872e-07,-6.85963948337756e-13,0.0035148704543024,-8.00321604160566e-09,7.12104545024349e-20,3.12743660894296e-14
7244.35960074981,0.999999698788236,-2.27634106017753e-06,3.011562301038e-07,-7.01942101291099e-13,0.00351487045430156,-8.18963489108208e-09,7.45664998291618e-20,3.20028396573285e-14
7413.10241300908,0.999999698787992,-2.32936385492004e-06,3.01156230103725e-07,-7.18292433237833e-13,0.00351487045430068,-8.38039599338019e-09,7.80807106993288e-20,3.27482815544207e-14
7585.77575029174,0.999999698787737,-2.38362170921115e-06,3.01156230103646e-07,-7.35023613340378e-13,0.00351487045429976,-8.57560049256147e-09,8.17605412253496e-20,3.3511087023867e-14
7762.47116628682,0.999999698787469,-2.43914339128339e-06,3.01156230103563e-07,-7.52144512691886e-13,0.0035148704542988,-8.77535188863518e-09,8.56137968211331e-20,3.42916605152242e-14
7943.28234724272,0.999999698787189,-2.49595833946751e-06,3.01156230103477e-07,-7.69664209019814e-13,0.00351487045429779,-8.97975609243555e-09,8.96486507584126e-20,3.50904158988895e-14
8128.30516164089,0.999999698786895,-2.55409667780106e-06,3.01156230103386e-07,-7.87591991499054e-13,0.00351487045429673,-9.188921481777e-09,9.38736615033512e-20,3.590777668554e-14
8317.63771102661,0.999999698786587,-2.61358923200057e-06,3.01156230103291e-07,-8.05937365677177e-13,0.00351487045429562,-9.4029589589176e-09,9.82977908701956e-20,3.67441762506837e-14
8511.38038202366,0.999999698786265,-2.67446754580576e-06,3.01156230103192e-07,-8.24710058514401e-13,0.00351487045429447,-9.62198200936081e-09,1.02930423030486e-19,3.76000580644412e-14
8709.6358995607,0.999999698785929,-2.73676389770442e-06,3.01156230103088e-07,-8.43920023540953e-13,0.00351487045429325,-9.84610676202709e-09,1.07781384418141e-19,3.84758759266789e-14
8912.50938133734,0.999999698785575,-2.80051131804691e-06,3.01156230102979e-07,-8.63577446134561e-13,0.00351487045429198,-1.00754520508269e-08,1.12860964572644e-19,3.937209420762e-14
9120.10839355898,0.999999698785206,-2.86574360655928e-06,3.01156230102865e-07,-8.8369274892088e-13,0.00351487045429065,-1.03101394776681e-08,1.18179937964533e-19,4.02891880940599e-14
9332.54300796979,0.999999698784819,-2.93249535026435e-06,3.01156230102746e-07,-9.04276597299702e-13,0.00351487045428926,-1.05502934769309e-08,1.23749586849499e-19,4.12276438413164e-14
9549.92586021424,0.999999698784414,-3.00080194182019e-06,3.01156230102621e-07,-9.25339905099895e-13,0.0035148704542878,-1.07960413814443e-08,1.29581725199562e-19,4.21879590310483e-14
9772.37220955798,0.999999698783989,-3.07069959828578e-06,3.0115623010249e-07,-9.46893840366059e-13,0.00351487045428627,-1.10475134900003e-08,1.3568872376209e-19,4.31706428350805e-14
9999.99999999987,0.999999698783545,-3.14222538032377e-06,3.01156230102353e-07,-9.68949831279968e-13,0.00351487045428467,-1.13048431364394e-08,1.42083536299814e-19,4.41762162853732e-14
10232.9299228074,0.999999698783079,-3.21541721185054e-06,3.01156230102209e-07,-9.91519572219949e-13,0.003514870454283,-1.15681667603462e-08,1.48779727067492e-19,4.52052125502798e-14
10471.2854805089,0.999999698782592,-3.29031390014398e-06,3.01156230102059e-07,-1.01461502996139e-12,0.00351487045428124,-1.18376239793917e-08,1.55791499583516e-19,4.62581772172402e-14
10715.1930523759,0.999999698782082,-3.36695515641957e-06,3.01156230101901e-07,-1.03824845002169e-12,0.00351487045427941,-1.21133576633599e-08,1.63133726757476e-19,4.73356685820584e-14
10964.7819614317,0.999999698781548,-3.44538161688586e-06,3.01156230101737e-07,-1.06243236315298e-12,0.00351487045427748,-1.23955140099e-08,1.70821982437597e-19,4.84382579449181e-14
11220.1845430195,0.999999698780988,-3.52563486429026e-06,3.01156230101564e-07,-1.08717959198612e-12,0.00351487045427547,-1.26842426220414e-08,1.78872574444957e-19,4.95665299132939e-14
11481.5362149687,0.999999698780402,-3.60775744996681e-06,3.01156230101383e-07,-1.11250325782939e-12,0.00351487045427336,-1.29796965875162e-08,1.87302579164565e-19,5.07210827119175e-14
11748.9755493951,0.999999698779789,-3.69179291639746e-06,3.01156230101194e-07,-1.13841678762563e-12,0.00351487045427115,-1.32820325599276e-08,1.96129877766659e-19,5.19025284999651e-14
12022.644346174,0.999999698779147,-3.77778582029882e-06,3.01156230100996e-07,-1.16493392107132e-12,0.00351487045426884,-1.359141084181e-08,2.0537319413507e-19,5.31114936956315e-14
12302.6877081237,0.999999698778474,-3.86578175624679e-06,3.01156230100788e-07,-1.19206871790162e-12,0.00351487045426642,-1.39079954696235e-08,2.15052134583086e-19,5.43486193082657e-14
12589.2541179415,0.99999969877777,-3.95582738085134e-06,3.01156230100571e-07,-1.21983556534497e-12,0.00351487045426388,-1.42319543007282e-08,2.25187229441075e-19,5.56145612782427e-14
12882.4955169312,0.999999698777032,-4.04797043749452e-06,3.01156230100343e-07,-1.24824918575142e-12,0.00351487045426123,-1.45634591023843e-08,2.35799976604064e-19,5.69099908247513e-14
13182.5673855639,0.99999969877626,-4.1422597816446e-06,3.01156230100105e-07,-1.2773246443986e-12,0.00351487045425845,-1.49026856428257e-08,2.46912887131659e-19,5.8235594801684e-14
13489.6288259164,0.999999698775451,-4.2387454067599e-06,3.01156230099856e-07,-1.30707735747954e-12,0.00351487045425554,-1.52498137844542e-08,2.5854953299702e-19,5.95920760618154e-14
13803.8426460287,0.999999698774605,-4.33747847079596e-06,3.01156230099594e-07,-1.33752310027652e-12,0.00351487045425249,-1.56050275792052e-08,2.70734597086178e-19,6.09801538294645e-14
14125.3754462274,0.999999698773718,-4.43851132333022e-06,3.01156230099321e-07,-1.36867801552538e-12,0.0035148704542493,-1.59685153661345e-08,2.83493925553744e-19,6.24005640818367e-14
14454.3977074591,0.999999698772789,-4.54189753331837e-06,3.01156230099034e-07,-1.40055862197455e-12,0.00351487045424595,-1.63404698712778e-08,2.96854582646066e-19,6.38540599392489e-14
14791.0838816819,0.999999698771817,-4.64769191749741e-06,3.01156230098734e-07,-1.43318182314355e-12,0.00351487045424246,-1.67210883098371e-08,3.10844908108128e-19,6.53414120644436e-14
15135.6124843619,0.999999698770799,-4.75595056945016e-06,3.0115623009842e-07,-1.46656491628546e-12,0.00351487045423879,-1.71105724907465e-08,3.25494577295948e-19,6.68634090712046e-14
15488.1661891246,0.999999698769733,-4.86673088934682e-06,3.01156230098091e-07,-1.50072560155812e-12,0.00351487045423495,-1.7509128923674e-08,3.40834664121984e-19,6.84208579424903e-14
15848.9319246109,0.999999698768617,-4.98009161437933e-06,3.01156230097747e-07,-1.53568199140903e-12,0.00351487045423094,-1.79169689285159e-08,3.5689770696707e-19,7.00145844583073e-14
16218.1009735891,0.999999698767448,-5.09609284990456e-06,3.01156230097386e-07,-1.57145262017877e-12,0.00351487045422673,-1.83343087474409e-08,3.73717777698687e-19,7.16454336335491e-14
16595.8690743754,0.999999698766224,-5.21479610131301e-06,3.01156230097009e-07,-1.6080564539282e-12,0.00351487045422232,-1.8761369659545e-08,3.91330553941955e-19,7.33142701660348e-14
16982.4365246172,0.999999698764943,-5.33626430663976e-06,3.01156230096613e-07,-1.64551290049446e-12,0.00351487045421771,-1.91983780981765e-08,4.09773394756668e-19,7.50219788949828e-14
17378.0082874935,0.999999698763601,-5.46056186993505e-06,3.01156230096199e-07,-1.68384181978129e-12,0.00351487045421288,-1.9645565770994e-08,4.29085419880862e-19,7.6769465270165e-14
17782.794100389,0.999999698762195,-5.58775469541218e-06,3.01156230095766e-07,-1.72306353428905e-12,0.00351487045420782,-2.01031697828205e-08,4.49307592709026e-19,7.85576558319876e-14
18197.0085860996,0.999999698760724,-5.71791022239075e-06,3.01156230095312e-07,-1.76319883988989e-12,0.00351487045420252,-2.05714327613602e-08,4.70482807180954e-19,8.03874987027551e-14
18620.8713666284,0.999999698759183,-5.85109746105392e-06,3.01156230094836e-07,-1.8042690168541e-12,0.00351487045419698,-2.10506029858421e-08,4.92655978765544e-19,8.22599640893777e-14
19054.6071796322,0.99999969875757,-5.98738702903853e-06,3.01156230094339e-07,-1.84629584113311e-12,0.00351487045419117,-2.15409345186618e-08,5.15874139732527e-19,8.41760447977875e-14
19498.4459975802,0.99999969875588,-6.12685118887746e-06,3.01156230093817e-07,-1.88930159590542e-12,0.00351487045418509,-2.2042687340088e-08,5.40186538914214e-19,8.61367567593378e-14
19952.6231496885,0.999999698754111,-6.26956388631422e-06,3.01156230093271e-07,-1.93330908339143e-12,0.00351487045417872,-2.25561274861078e-08,5.6564474616888e-19,8.81431395694625e-14
20417.379446695,0.999999698752258,-6.41560078950995e-06,3.011562300927e-07,-1.97834163694352e-12,0.00351487045417205,-2.30815271894826e-08,5.92302761767341e-19,9.01962570388843e-14
20892.9613085401,0.999999698750318,-6.56503932916367e-06,3.01156230092101e-07,-2.02442313341761e-12,0.00351487045416507,-2.36191650240894e-08,6.2021713093477e-19,9.22971977576606e-14
21379.620895022,0.999999698748287,-6.71795873956708e-06,3.01156230091474e-07,-2.07157800583307e-12,0.00351487045415776,-2.41693260526242e-08,6.49447063790701e-19,9.44470756723685e-14
21877.6162394952,0.99999969874616,-6.87444010061562e-06,3.01156230090818e-07,-2.11983125632741e-12,0.0035148704541501,-2.47323019777464e-08,6.80054560941629e-19,9.66470306767343e-14
22387.2113856831,0.999999698743933,-7.0345663807981e-06,3.01156230090131e-07,-2.16920846941271e-12,0.00351487045414208,-2.5308391296743e-08,7.12104544992613e-19,9.88982292160197e-14
22908.6765276774,0.999999698741601,-7.19842248118769e-06,3.01156230089411e-07,-2.21973582554091e-12,0.00351487045413369,-2.58978994597958e-08,7.45664998256821e-19,1.01201864905487e-13
23442.2881531989,0.999999698739159,-7.36609528045761e-06,3.01156230088658e-07,-2.271440114985e-12,0.0035148704541249,-2.65011390319359e-08,7.80807106955134e-19,1.03559159163269e-13
23988.3291901946,0.999999698736602,-7.53767368094534e-06,3.01156230087869e-07,-2.32434875204359e-12,0.00351487045411569,-2.71184298587686e-08,8.17605412211661e-19,1.05971361857983e-13
24547.08915685,0.999999698733924,-7.71324865578979e-06,3.01156230087043e-07,-2.37848978957635e-12,0.00351487045410605,-2.77500992360607e-08,8.5613796816546e-19,1.08439751971425e-13
25118.8643150954,0.99999969873112,-7.89291329716651e-06,3.01156230086178e-07,-2.43389193387798e-12,0.00351487045409596,-2.83964820832767e-08,8.9648650753383e-19,1.10965638276704e-13
25703.9578276883,0.999999698728184,-8.07676286564635e-06,3.01156230085272e-07,-2.49058455989867e-12,0.00351487045408539,-2.90579211211577e-08,9.38736614978364e-19,1.1355036003217e-13
26302.6799189534,0.99999969872511,-8.26489484070392e-06,3.01156230084324e-07,-2.54859772681911e-12,0.00351487045407432,-2.97347670534361e-08,9.82977908641486e-19,1.16195287691511e-13
26915.3480392688,0.99999969872189,-8.45740897240246e-06,3.0115623008333e-07,-2.60796219398826e-12,0.00351487045406274,-3.04273787527838e-08,1.02930423023855e-18,1.18901823630377e-13
27542.2870333813,0.99999969871852,-8.65440733428264e-06,3.0115623008229e-07,-2.66870943723233e-12,0.0035148704540506,-3.1136123451091e-08,1.07781384410871e-18,1.21671402889947e-13
28183.8293126441,0.99999969871499,-8.85599437748332e-06,3.01156230081201e-07,-2.73087166554371e-12,0.0035148704540379,-3.18613769341773e-08,1.12860964564673e-18,1.24505493937801e-13
28840.3150312656,0.999999698711293,-9.06227698612295e-06,3.01156230080061e-07,-2.79448183815861e-12,0.00351487045402459,-3.26035237410387e-08,1.18179937955793e-18,1.27405599446523e-13
29512.0922666634,0.999999698707423,-9.27336453397087e-06,3.01156230078867e-07,-2.85957368203247e-12,0.00351487045401066,-3.33629573677349e-08,1.23749586839915e-18,1.30373257090439e-13
30199.5172040197,0.99999969870337,-9.48936894243881e-06,3.01156230077616e-07,-2.92618170972244e-12,0.00351487045399607,-3.41400804760263e-08,1.29581725189054e-18,1.3341004036091e-13
30902.9543251354,0.999999698699126,-9.71040473992306e-06,3.01156230076307e-07,-2.99434123768637e-12,0.00351487045398079,-3.49353051068703e-08,1.35688723750568e-18,1.36517559400618e-13
31622.7766016833,0.999999698694682,-9.93658912252893e-06,3.01156230074935e-07,-3.06408840500812e-12,0.00351487045396479,-3.57490528988915e-08,1.4208353628718e-18,1.39697461857288e-13
32359.3656929623,0.999999698690029,-1.01680420162097e-05,3.011562300735e-07,-3.13546019255893e-12,0.00351487045394805,-3.65817553119393e-08,1.4877972705364e-18,1.4295143375729e-13
33113.1121482586,0.999999698685156,-1.0404886140353e-05,3.01156230071996e-07,-3.20849444260517e-12,0.00351487045393051,-3.74338538558543e-08,1.55791499568327e-18,1.46281200399591e-13
33884.4156139197,0.999999698680054,-1.0647247072848e-05,3.01156230070422e-07,-3.28322987887285e-12,0.00351487045391214,-3.8305800324562e-08,1.63133726740822e-18,1.49688527270536e-13
34673.6850452526,0.999999698674712,-1.08952533166689e-05,3.01156230068774e-07,-3.35970612707942e-12,0.00351487045389291,-3.91980570356206e-08,1.70821982419336e-18,1.53175220979928e-13
35481.338923357,0.999999698669117,-1.11490363680086e-05,3.01156230067048e-07,-3.43796373594384e-12,0.00351487045387277,-4.01110970753473e-08,1.78872574424935e-18,1.56743130218918e-13
36307.8054770096,0.999999698663259,-1.14087307859996e-05,3.01156230065241e-07,-3.51804419868607e-12,0.00351487045385168,-4.10454045496554e-08,1.8730257914261e-18,1.60394146740207e-13
37153.5229097167,0.999999698657125,-1.16744742640595e-05,3.01156230063348e-07,-3.59998997502732e-12,0.0035148704538296,-4.20014748407332e-08,1.96129877742586e-18,1.64130206361073e-13
38018.9396320555,0.999999698650702,-1.19464077028974e-05,3.01156230061366e-07,-3.68384451370275e-12,0.00351487045380648,-4.29798148697024e-08,2.05373194108675e-18,1.67953289989776e-13
38904.5144994275,0.999999698643976,-1.22246752852215e-05,3.01156230059291e-07,-3.76965227549856e-12,0.00351487045378227,-4.39809433653946e-08,2.15052134554145e-18,1.71865424675851e-13
39810.7170553491,0.999999698636933,-1.25094245521867e-05,3.01156230057118e-07,-3.85745875682569e-12,0.00351487045375692,-4.50053911393879e-08,2.25187229409342e-18,1.75868684684885e-13
40738.0277804107,0.999999698629558,-1.28008064816231e-05,3.01156230054842e-07,-3.94731051384263e-12,0.00351487045373037,-4.60537013674502e-08,2.35799976569269e-18,1.79965192598318e-13
41686.9383470329,0.999999698621835,-1.30989755680858e-05,3.0115623005246e-07,-4.03925518714009e-12,0.00351487045370257,-4.71264298775382e-08,2.46912887093507e-18,1.84157120438858e-13
42657.9518801586,0.999999698613748,-1.34040899047707e-05,3.01156230049965e-07,-4.1333415270007e-12,0.00351487045367346,-4.8224145444505e-08,2.58549532955188e-18,1.88446690822126e-13
43651.5832240159,0.999999698605281,-1.37163112673369e-05,3.01156230047352e-07,-4.22961941924701e-12,0.00351487045364298,-4.93474300916718e-08,2.7073459704031e-18,1.92836178135107e-13
44668.3592150956,0.999999698596414,-1.40358051996829e-05,3.01156230044617e-07,-4.32813991169166e-12,0.00351487045361106,-5.04968793994241e-08,2.8349392550345e-18,1.97327909742066e-13
45708.8189614868,0.99999969858713,-1.43627411017199e-05,3.01156230041752e-07,-4.42895524120358e-12,0.00351487045357764,-5.16731028209971e-08,2.9685458259092e-18,2.01924267218546e-13
46773.5141287191,0.999999698577408,-1.46972923191899e-05,3.01156230038753e-07,-4.53211886140465e-12,0.00351487045354265,-5.28767240056148e-08,3.10844908047662e-18,2.06627687614107e-13
47863.0092322631,0.999999698567227,-1.50396362355756e-05,3.01156230035611e-07,-4.63768547101157e-12,0.003514870453506,-5.4108381129158e-08,3.25494577229648e-18,2.11440664744488e-13
48977.8819368439,0.999999698556567,-1.53899543661522e-05,3.01156230032322e-07,-4.74571104283779e-12,0.00351487045346763,-5.5368727232533e-08,3.40834664049287e-18,2.16365750513857e-13
50118.7233627264,0.999999698545405,-1.57484324542284e-05,3.01156230028878e-07,-4.85625285347106e-12,0.00351487045342745,-5.66584305679228e-08,3.56897706887361e-18,2.21405556267864e-13
51286.1383991357,0.999999698533717,-1.61152605696303e-05,3.01156230025272e-07,-4.96936951364224e-12,0.00351487045338537,-5.7978174953103e-08,3.73717777611287e-18,2.26562754178216e-13
52480.7460249764,0.999999698521477,-1.64906332094792e-05,3.01156230021496e-07,-5.08512099930144e-12,0.00351487045334131,-5.93286601340113e-08,3.91330553846123e-18,2.31840078659489e-13
53703.1796370244,0.999999698508661,-1.68747494013161e-05,3.01156230017542e-07,-5.20356868341815e-12,0.00351487045329518,-6.07106021557618e-08,4.09773394651591e-18,2.3724032781896e-13
54954.0873857616,0.999999698495241,-1.72678128086289e-05,3.01156230013401e-07,-5.32477536852188e-12,0.00351487045324687,-6.21247337423017e-08,4.29085419765647e-18,2.42766364940194e-13
56234.132519034,0.999999698481188,-1.76700318388375e-05,3.01156230009065e-07,-5.448805320001e-12,0.00351487045319629,-6.35718046849112e-08,4.49307592582695e-18,2.48421120001198e-13
57543.9937337148,0.999999698466473,-1.80816197537941e-05,3.01156230004525e-07,-5.57572430017702e-12,0.00351487045314332,-6.50525822397527e-08,4.70482807042436e-18,2.54207591227931e-13
58884.365535558,0.999999698451065,-1.85027947828577e-05,3.01156229999771e-07,-5.70559960317269e-12,0.00351487045308785,-6.65678515346801e-08,4.92655978613662e-18,2.60128846684007e-13
60255.9586074348,0.99999969843493,-1.89337802386016e-05,3.01156229994793e-07,-5.83850009059221e-12,0.00351487045302977,-6.81184159855241e-08,5.15874139565991e-18,2.66188025897421e-13
61659.5001861472,0.999999698418035,-1.93748046352176e-05,3.0115622998958e-07,-5.97449622803256e-12,0.00351487045296896,-6.97050977220738e-08,5.40186538731611e-18,2.72388341525166e-13
63095.7344480183,0.999999698400344,-1.9826101809676e-05,3.01156229984122e-07,-6.1136601224453e-12,0.00351487045290527,-7.13287380239806e-08,5.6564474596866e-18,2.78733081056629e-13
64565.4229034645,0.999999698381819,-2.02879110457105e-05,3.01156229978407e-07,-6.25606556036861e-12,0.00351487045283859,-7.29901977668163e-08,5.92302761547805e-18,2.8522560855666e-13
66069.3448007586,0.999999698362421,-2.07604772006881e-05,3.01156229972422e-07,-6.40178804704992e-12,0.00351487045276876,-7.46903578785198e-08,6.20217130694054e-18,2.91869366449246e-13
67608.2975391971,0.999999698342108,-2.1244050835437e-05,3.01156229966154e-07,-6.55090484647974e-12,0.00351487045269565,-7.64301198064776e-08,6.4944706352676e-18,2.98667877342723e-13
69183.0970918925,0.999999698320839,-2.17388883470964e-05,3.01156229959592e-07,-6.70349502235808e-12,0.00351487045261908,-7.82104059954825e-08,6.80054560652224e-18,3.05624745897519e-13
70794.5784384127,0.999999698298567,-2.2245252105062e-05,3.0115622995272e-07,-6.85963948001508e-12,0.00351487045253891,-8.00321603768265e-08,7.12104544675287e-18,3.12743660737384e-13
72443.5960074979,0.999999698275245,-2.27634105900978e-05,3.01156229945525e-07,-7.01942100930803e-12,0.00351487045245496,-8.1896348868785e-08,7.45664997908881e-18,3.20028396405151e-13
74131.0241300906,0.999999698250824,-2.32936385366877e-05,3.0115622993799e-07,-7.18292432851769e-12,0.00351487045236705,-8.38039598887598e-08,7.80807106573625e-18,3.27482815364048e-13
75857.7575029172,0.999999698225253,-2.38362170787039e-05,3.01156229930101e-07,-7.35023612926703e-12,0.003514870452275,-8.57560048773512e-08,8.17605411793344e-18,3.35110870045627e-13
77624.7116628679,0.999999698198476,-2.43914338984674e-05,3.01156229921839e-07,-7.52144512248626e-12,0.00351487045217862,-8.77535188346366e-08,8.56137967706784e-18,3.42916604945393e-13
79432.8234724269,0.999999698170437,-2.49595833792811e-05,3.01156229913188e-07,-7.69664208544852e-12,0.00351487045207768,-8.97975608689416e-08,8.96486507030903e-18,3.50904158767252e-13
81283.0516164086,0.999999698141077,-2.55409667615157e-05,3.01156229904129e-07,-7.87591990990123e-12,0.003514870451972,-9.1889214758393e-08,9.38736614426916e-18,3.59077766617905e-13
83176.3771102658,0.999999698110333,-2.61358923023311e-05,3.01156229894644e-07,-8.05937365131848e-12,0.00351487045186133,-9.40295895255523e-08,9.82977908036835e-18,3.67441762252357e-13
85113.8038202363,0.99999969807814,-2.6744675439119e-05,3.01156229884711e-07,-8.24710057930071e-12,0.00351487045174545,-9.62198200254342e-08,1.02930422957557e-17,3.76000580371731e-13
87096.3589956067,0.99999969804443,-2.73676389567511e-05,3.01156229874311e-07,-8.43920022914831e-12,0.0035148704516241,-9.84610675472212e-08,1.07781384338176e-17,3.84758758974606e-13
89125.0938133731,0.999999698009132,-2.80051131587246e-05,3.0115622986342e-07,-8.6357744546366e-12,0.00351487045149704,-1.00754520429995e-07,1.12860964484964e-17,3.93720941763121e-13
91201.0839355895,0.999999697972169,-2.86574360422932e-05,3.01156229852016e-07,-8.83692748201997e-12,0.00351487045136399,-1.03101394692809e-07,1.18179937868394e-17,4.02891880605129e-13
93325.4300796976,0.999999697933465,-2.93249534776775e-05,3.01156229840074e-07,-9.04276596529405e-12,0.00351487045122466,-1.05502934679438e-07,1.23749586744085e-17,4.12276438053701e-13
95499.258602142,0.999999697892937,-3.00080193914504e-05,3.0115622982757e-07,-9.25339904274507e-12,0.00351487045107877,-1.07960413718145e-07,1.29581725083978e-17,4.21879589925312e-13
97723.7220955795,0.999999697850498,-3.0706995954193e-05,3.01156229814476e-07,-9.4689383948164e-12,0.00351487045092601,-1.10475134796818e-07,1.35688723635355e-17,4.31706427938087e-13
99999.9999999984,0.99999969780606,-3.14222537725228e-05,3.01156229800765e-07,-9.68949830332296e-12,0.00351487045076605,-1.13048431253829e-07,1.42083536160851e-17,4.41762162411496e-13
102329.299228074,0.999999697759527,-3.21541720855938e-05,3.01156229786408e-07,-9.91519571204501e-12,0.00351487045059854,-1.1568166748499e-07,1.48779726915123e-17,4.52052125028934e-13
104712.854805088,0.999999697710801,-3.29031389661744e-05,3.01156229771375e-07,-1.01461502887332e-11,0.00351487045042315,-1.18376239666971e-07,1.55791499416446e-17,4.62581771664648e-13
107151.930523759,0.999999697659779,-3.36695515264081e-05,3.01156229755633e-07,-1.0382484488558e-11,0.00351487045023948,-1.21133576497575e-07,1.63133726574288e-17,4.73356685276516e-13
109647.819614317,0.999999697606352,-3.44538161283685e-05,3.01156229739149e-07,-1.06243236190371e-11,0.00351487045004717,-1.23955139953247e-07,1.70821982236735e-17,4.84382578866201e-13
112201.845430195,0.999999697550408,-3.52563485995167e-05,3.01156229721888e-07,-1.0871795906475e-11,0.00351487044984578,-1.26842426064237e-07,1.78872574224717e-17,4.95665298508265e-13
114815.362149686,0.999999697491826,-3.60775744531793e-05,3.01156229703814e-07,-1.11250325639503e-11,0.00351487044963491,-1.29796965707816e-07,1.87302578923076e-17,5.07210826449826e-13
117489.755493951,0.999999697430484,-3.6917929114161e-05,3.01156229684887e-07,-1.13841678608868e-11,0.0035148704494141,-1.32820325419961e-07,1.96129877501871e-17,5.1902528428243e-13
120226.443461739,0.999999697366251,-3.77778581496119e-05,3.01156229665069e-07,-1.16493391942446e-11,0.00351487044918288,-1.35914108225961e-07,2.05373193844736e-17,5.31114936187798e-13
123026.877081236,0.999999697298991,-3.86578175052741e-05,3.01156229644317e-07,-1.19206871613698e-11,0.00351487044894077,-1.39079954490354e-07,2.15052134264742e-17,5.43486192259177e-13
125892.541179415,0.999999697228561,-3.95582737472292e-05,3.01156229622587e-07,-1.21983556345412e-11,0.00351487044868724,-1.42319542786676e-07,2.25187229092018e-17,5.56145611900052e-13
128824.955169311,0.999999697154811,-4.0479704309278e-05,3.01156229599833e-07,-1.24824918372534e-11,0.00351487044842176,-1.4563459078746e-07,2.3579997622133e-17,5.69099907302032e-13
131825.673855639,0.999999697077586,-4.14225977460823e-05,3.01156229576006e-07,-1.27732464222761e-11,0.00351487044814378,-1.49026856174968e-07,2.46912886711999e-17,5.82355947003739e-13
134896.288259163,0.999999696996722,-4.2387453992203e-05,3.01156229551057e-07,-1.30707735515328e-11,0.00351487044785269,-1.52498137573138e-07,2.58549532536873e-17,5.95920759532596e-13
138038.426460286,0.999999696912046,-4.33747846271714e-05,3.01156229524931e-07,-1.3375230977839e-11,0.00351487044754789,-1.56050275501238e-07,2.70734596581637e-17,6.09801537131449e-13
141253.754462273,0.999999696823379,-4.4385113146736e-05,3.01156229497575e-07,-1.36867801285448e-11,0.00351487044722872,-1.59685153349731e-07,2.83493925000526e-17,6.24005639571981e-13
144543.97707459,0.999999696730534,-4.54189752404264e-05,3.01156229468929e-07,-1.40055861911263e-11,0.00351487044689451,-1.63404698378878e-07,2.96854582039474e-17,6.38540598056962e-13
147910.838816818,0.999999696633314,-4.64769190755829e-05,3.01156229438933e-07,-1.43318182007695e-11,0.00351487044654455,-1.6721088274059e-07,3.10844907443014e-17,6.53414119213393e-13
151356.124843618,0.999999696531511,-4.7559505588002e-05,3.01156229407523e-07,-1.46656491299954e-11,0.00351487044617809,-1.71105724524096e-07,3.25494576566665e-17,6.68634089178656e-13
154881.661891246,0.999999696424911,-4.86673087793518e-05,3.01156229374634e-07,-1.50072559803719e-11,0.00351487044579436,-1.75091288825954e-07,3.40834663322341e-17,6.84208577781847e-13
158489.319246109,0.999999696313286,-4.98009160215154e-05,3.01156229340194e-07,-1.53568198763629e-11,0.00351487044539255,-1.79169688844993e-07,3.56897706090279e-17,7.00145842822506e-13
162181.00973589,0.999999696196401,-5.09609283680224e-05,3.01156229304131e-07,-1.57145261613621e-11,0.0035148704449718,-1.83343087002763e-07,3.73717776737304e-17,7.16454334449009e-13
165958.690743753,0.999999696074008,-5.21479608727363e-05,3.01156229266368e-07,-1.60805644959651e-11,0.00351487044453123,-1.87613696090072e-07,3.91330552887821e-17,7.33142699638946e-13
169824.365246172,0.999999695945846,-5.33626429159629e-05,3.01156229226826e-07,-1.64551289585297e-11,0.00351487044406989,-1.91983780440243e-07,4.09773393600833e-17,7.50219786783858e-13
173780.082874935,0.999999695811644,-5.46056185381569e-05,3.0115622918542e-07,-1.68384181480785e-11,0.0035148704435868,-1.96455657129688e-07,4.29085418613514e-17,7.67694650380771e-13
177827.941003889,0.999999695671117,-5.58775467813997e-05,3.01156229142063e-07,-1.72306352895991e-11,0.00351487044308095,-2.01031697206455e-07,4.49307591319406e-17,7.85576555833009e-13
181970.085860995,0.999999695523968,-5.71791020388324e-05,3.01156229096662e-07,-1.76319883417962e-11,0.00351487044255126,-2.05714326947384e-07,4.70482805657267e-17,8.03874984362825e-13
186208.713666284,0.999999695369883,-5.85109744122278e-05,3.01156229049122e-07,-1.80426901073544e-11,0.00351487044199661,-2.10506029144556e-07,4.92655977094854e-17,8.22599638038472e-13
190546.071796322,0.999999695208537,-5.98738700778908e-05,3.01156228999341e-07,-1.84629583457684e-11,0.00351487044141582,-2.15409344421698e-07,5.15874137900652e-17,8.41760444918362e-13
194984.459975801,0.999999695039587,-6.12685116610826e-05,3.01156228947214e-07,-1.88930158888025e-11,0.00351487044080765,-2.20426872581253e-07,5.40186536905603e-17,8.6136756431505e-13
199526.231496885,0.999999694862674,-6.26956386191658e-05,3.0115622889263e-07,-1.93330907586383e-11,0.00351487044017082,-2.25561273982832e-07,5.65644743966483e-17,8.81431392181833e-13
204173.79446695,0.999999694677423,-6.41560076336741e-05,3.01156228835474e-07,-1.97834162887755e-11,0.00351487043950398,-2.30815270953768e-07,5.9230275935246e-17,9.01962566624819e-13
208929.6130854,0.999999694483443,-6.56503930115143e-05,3.01156228775624e-07,-2.02442312477476e-11,0.00351487043880572,-2.36191649232533e-07,6.20217128286906e-17,9.22971973543382e-13
213796.20895022,0.99999969428032,-6.71795870955143e-05,3.01156228712954e-07,-2.0715779965721e-11,0.00351487043807454,-2.41693259445764e-07,6.49447060887375e-17,9.44470752402008e-13
218776.162394952,0.999999694067624,-6.87444006845327e-05,3.0115622864733e-07,-2.1198312464041e-11,0.00351487043730891,-2.4732301861971e-07,6.80054557758197e-17,9.66470302136582e-13
223872.11385683,0.999999693844904,-7.03456634633552e-05,3.01156228578614e-07,-2.16920845877969e-11,0.00351487043650719,-2.53083911726874e-07,7.12104541502049e-17,9.88982287198248e-13
229086.765276773,0.999999693611688,-7.19842244426038e-05,3.01156228506658e-07,-2.21973581414742e-11,0.00351487043566769,-2.58978993268679e-07,7.45664994429494e-17,1.01201864373805e-12
234422.881531988,0.999999693367481,-7.36609524088929e-05,3.01156228431312e-07,-2.27144010277666e-11,0.00351487043478862,-2.65011388895011e-07,7.80807102758554e-17,1.03559158593561e-12
239883.291901945,0.999999693111764,-7.53767363854711e-05,3.01156228352415e-07,-2.32434873896212e-11,0.00351487043386812,-2.71184297061469e-07,8.17605407610202e-17,1.0597136124753e-12
245470.891568499,0.999999692843996,-7.71324861035927e-05,3.01156228269799e-07,-2.3784897755593e-11,0.00351487043290425,-2.77500990725237e-07,8.56137963120061e-17,1.08439751317313e-12
251188.643150954,0.999999692563608,-7.89291324848683e-05,3.0115622818329e-07,-2.43389191885844e-11,0.00351487043189494,-2.83964819080436e-07,8.9648650200166e-17,1.1096563757581e-12
257039.578276882,0.999999692270007,-8.07676281348514e-05,3.01156228092704e-07,-2.49058454380495e-11,0.00351487043083807,-2.90579209333921e-07,9.3873660891246e-17,1.13550359281149e-12
263026.799189534,0.999999691962567,-8.26489478481218e-05,3.01156227997848e-07,-2.54859770957438e-11,0.00351487042973139,-2.97347668522416e-07,9.82977901990356e-17,1.16195286886777e-12
269153.480392687,0.999999691640639,-8.45740891251338e-05,3.01156227898522e-07,-2.60796217551019e-11,0.00351487042857256,-3.04273785372e-07,1.02930422294573e-16,1.18901822768089e-12
275422.870333812,0.999999691303539,-8.65440727011033e-05,3.01156227794515e-07,-2.66870941743272e-11,0.00351487042735911,-3.11361232200888e-07,1.07781383611229e-16,1.21671401965989e-12
281838.29312644,0.999999690950552,-8.85599430872146e-05,3.01156227685607e-07,-2.73087164432805e-11,0.00351487042608847,-3.18613766866541e-07,1.12860963687883e-16,1.24505492947762e-12
288403.150312656,0.999999690580929,-9.06227691244328e-05,3.01156227571566e-07,-2.79448181542563e-11,0.00351487042475795,-3.26035234758128e-07,1.18179936994412e-16,1.27405598385678e-12
295120.922666633,0.999999690193886,-9.27336445502169e-05,3.0115622745215e-07,-2.85957365767364e-11,0.00351487042336472,-3.33629570835402e-07,1.23749585785782e-16,1.30373255953723e-12
301995.172040196,0.999999689788603,-9.48936885784325e-05,3.01156227327106e-07,-2.92618168362148e-11,0.00351487042190584,-3.41400801715061e-07,1.2958172403322e-16,1.33410039142896e-12
309029.543251354,0.999999689364219,-9.71040464927728e-05,3.01156227196169e-07,-2.99434120971869e-11,0.00351487042037819,-3.49353047805711e-07,1.35688722483222e-16,1.36517558095493e-12
316227.766016832,0.999999688919835,-9.93658902540023e-05,3.01156227059061e-07,-3.06408837504021e-11,0.00351487041877856,-3.57490525492556e-07,1.42083534897563e-16,1.39697460458822e-12
323593.656929623,0.999999688454507,-0.000101680419121344,3.01156226915492e-07,-3.13546016044773e-11,0.00351487041710353,-3.65817549372977e-07,1.48779725529954e-16,1.42951432258806e-12
331131.121482585,0.999999687967249,-0.000104048860288343,3.01156226765156e-07,-3.20849440819741e-11,0.00351487041534956,-3.74338534544186e-07,1.5579149789764e-16,1.46281198793937e-12
338844.156139197,0.999999687457027,-0.000106472469533536,3.01156226607735e-07,-3.28322984200427e-11,0.00351487041351293,-3.83057998944159e-07,1.63133724908949e-16,1.49688525550046e-12
346736.850452526,0.99999968692276,-0.000108952531886284,3.01156226442896e-07,-3.35970608757402e-11,0.00351487041158974,-3.91980565747107e-07,1.70821980410728e-16,1.5317521913639e-12
354813.389233569,0.999999686363313,-0.000111490362308106,3.01156226270287e-07,-3.43796369361304e-11,0.00351487040957592,-4.01110965814735e-07,1.78872572222539e-16,1.56743128243532e-12
363078.054770095,0.9999996857775,-0.000114087306389894,3.01156226089544e-07,-3.51804415332781e-11,0.00351487040746718,-4.10454040204601e-07,1.87302576727732e-16,1.60394144623541e-12
371535.229097166,0.999999685164079,-0.000116744741065352,3.01156225900283e-07,-3.59998992642507e-11,0.00351487040525907,-4.20014742736902e-07,1.96129875094725e-16,1.64130204093026e-12
380189.396320554,0.999999684521748,-0.00011946407534107,3.01156225702101e-07,-3.68384446162449e-11,0.00351487040294689,-4.29798142621049e-07,2.05373191205353e-16,1.67953287559519e-12
389045.144994274,0.999999683849145,-0.000122246751043594,3.0115622549458e-07,-3.7696522196957e-11,0.00351487040052574,-4.39809427143422e-07,2.15052131370715e-16,1.71865422071784e-12
398107.17055349,0.999999683144843,-0.000125094243583895,3.01156225277279e-07,-3.85745869703185e-11,0.00351487039799048,-4.50053904417727e-07,2.25187225918781e-16,1.75868681894578e-12
407380.277804106,0.999999682407348,-0.000128008062739656,3.01156225049737e-07,-3.94731044977238e-11,0.00351487039533574,-4.6053700619942e-07,2.35799972741945e-16,1.79965189608449e-12
416869.383470328,0.999999681635097,-0.000130989753455769,3.01156224811471e-07,-4.03925511848759e-11,0.00351487039255589,-4.71264290765688e-07,2.4691288289693e-16,1.84157117235156e-12
426579.518801585,0.99999968082645,-0.00013404089666348,3.01156224561976e-07,-4.13334145343822e-11,0.00351487038964503,-4.82241445862508e-07,2.58549528353732e-16,1.88446687389297e-12
436515.832240158,0.999999679979693,-0.000137163110118624,3.01156224300722e-07,-4.22961934042339e-11,0.00351487038659698,-4.93474291720358e-07,2.70734591994915e-16,1.92836174456765e-12
446683.592150955,0.999999679093029,-0.000140358049259371,3.01156224027157e-07,-4.32813982723063e-11,0.00351487038340528,-5.04968784140164e-07,2.83493919971284e-16,1.97327905800652e-12
457088.189614867,0.999999678164578,-0.00014362740808396,3.01156223740698e-07,-4.42895515070195e-11,0.00351487038006317,-5.16731017651137e-07,2.9685457652502e-16,2.01924262995244e-12
467735.14128719,0.999999677192371,-0.000146972920048876,3.01156223440738e-07,-4.53211876443041e-11,0.00351487037656354,-5.28767228742154e-07,3.10844901396536e-16,2.06627683088757e-12
478630.09232263,0.999999676174345,-0.000150396358987947,3.01156223126643e-07,-4.6376853671018e-11,0.00351487037289898,-5.41083799168417e-07,3.25494569936833e-16,2.11440659895488e-12
489778.819368438,0.999999675108341,-0.000153899540052849,3.01156222797744e-07,-4.74571093149647e-11,0.00351487036906172,-5.53687259335127e-07,3.40834656052875e-16,2.1636574531806e-12
501187.233627263,0.999999673992098,-0.000157484320675521,3.01156222453345e-07,-4.85625273416669e-11,0.00351487036504361,-5.66584291759975e-07,3.56897698119469e-16,2.21405550700468e-12
512861.383991356,0.999999672823248,-0.000161152601552992,3.01156222092715e-07,-4.96936938580529e-11,0.00351487036083613,-5.79781734616282e-07,3.73717767997485e-16,2.26562748212643e-12
524807.460249763,0.999999671599311,-0.000164906327655155,3.01156221715089e-07,-5.08512086232169e-11,0.00351487035643036,-5.93286585358672e-07,3.91330543304799e-16,2.31840072267263e-12
537031.796370243,0.999999670317693,-0.000168747489256004,3.01156221319666e-07,-5.2035685366417e-11,0.00351487035181695,-6.07106004433196e-07,4.09773383093258e-16,2.37240320969567e-12
549540.873857615,0.999999668975673,-0.000172678122988903,3.01156220905607e-07,-5.32477521124809e-11,0.00351487034698612,-6.21247319073868e-07,4.29085407092188e-16,2.42766357600937e-12
562341.325190339,0.999999667570406,-0.000176700312926427,3.01156220472034e-07,-5.44880515147909e-11,0.00351487034192762,-6.35718027187645e-07,4.49307578686523e-16,2.48421112137042e-12
575439.937337147,0.999999666098911,-0.000180816191685359,3.01156220018027e-07,-5.57572411960254e-11,0.00351487033663073,-6.50525801329885e-07,4.70482791805587e-16,2.54207582801336e-12
588843.655355579,0.999999664558066,-0.000185027941557422,3.01156219542624e-07,-5.70559940968365e-11,0.00351487033108419,-6.65678492772416e-07,4.92655961906789e-16,2.60128837654748e-12
602559.586074347,0.999999662944604,-0.000189337795666353,3.01156219044816e-07,-5.83849988326497e-11,0.00351487032527626,-6.81184135666352e-07,5.15874121247269e-16,2.66188016222396e-12
616595.001861471,0.999999661255101,-0.000193748039151927,3.01156218523547e-07,-5.97449600587742e-11,0.0035148703191946,-6.97050951301876e-07,5.40186518645533e-16,2.7238833115819e-12
630957.344480182,0.999999659485975,-0.000198261010381555,3.01156217977711e-07,-6.11365988440178e-11,0.00351487031282633,-7.13287352467246e-07,5.65644723944714e-16,2.78733069948214e-12
645654.229034644,0.999999657633472,-0.000202879102190113,3.01156217406151e-07,-6.25606530530039e-11,0.00351487030615793,-7.29901947909328e-07,5.92302737399027e-16,2.85225596653779e-12
660693.448007584,0.999999655693664,-0.00020760476314864,3.01156216807653e-07,-6.40178777373939e-11,0.00351487029917526,-7.46903546898033e-07,6.20217104215446e-16,2.91869353695079e-12
676082.97539197,0.999999653662435,-0.000212440498862594,3.0115621618095e-07,-6.55090455362224e-11,0.0035148702918635,-7.64301163897063e-07,6.49447034493544e-16,2.98667863676388e-12
691830.970918924,0.999999651535477,-0.000217388873300342,3.01156215524711e-07,-6.70349470855562e-11,0.00351487028420715,-7.82104023343462e-07,6.80054528817936e-16,3.05624731253777e-12
707945.784384125,0.999999649308279,-0.000222452510152603,3.01156214837544e-07,-6.85963914376968e-11,0.00351487027618997,-8.00321564538482e-07,7.12104509769684e-16,3.12743645046331e-12
724435.960074977,0.999999646976117,-0.000227634094223542,3.01156214117992e-07,-7.01942064901459e-11,0.00351487026779495,-8.18963446652379e-07,7.45664959635648e-16,3.20028379591885e-12
741310.241300904,0.999999644534043,-0.00023293637285428,3.01156213364529e-07,-7.18292394245633e-11,0.00351487025900428,-8.38039553845781e-07,7.8080706460786e-16,3.27482797348309e-12
758577.57502917,0.999999641976877,-0.000238362157379549,3.01156212575557e-07,-7.35023571559483e-11,0.00351487024979933,-8.57560000510336e-07,8.17605365778799e-16,3.35110850741414e-12
776247.116628678,0.999999639299196,-0.00024391432461829,3.01156211749401e-07,-7.5214446792285e-11,0.00351487024016056,-8.77535136631441e-07,8.5613791725284e-16,3.42916584260557e-12
794328.234724267,0.99999963649532,-0.000249595818398953,3.01156210884309e-07,-7.69664161048928e-11,0.00351487023006753,-8.97975553275875e-07,8.96486451709252e-16,3.50904136603051e-12
812830.516164085,0.999999633559302,-0.000255409651120341,3.01156209978447e-07,-7.87591940097324e-11,0.00351487021949882,-9.18892088207252e-07,9.38736553767932e-16,3.59077742868536e-12
831763.771102656,0.999999630484912,-0.000261358905348798,3.01156209029893e-07,-8.05937310599232e-11,0.00351487020843203,-9.40295831632267e-07,9.82977841525584e-16,3.6744173680445e-12
851138.038202361,0.999999627265632,-0.000267446735452607,3.01156208036635e-07,-8.2470999949732e-11,0.00351487019684368,-9.62198132080795e-07,1.02930415664743e-15,3.76000553103807e-12
870963.589956065,0.999999623894631,-0.000273676369274454,3.01156206996566e-07,-8.43919960303011e-11,0.00351487018470919,-9.8461060242294e-07,1.07781376341765e-15,3.84758729756499e-12
891250.938133729,0.999999620364761,-0.000280051109842844,3.01156205907481e-07,-8.63577378373886e-11,0.00351487017200281,-1.00754512602624e-06,1.12860955717074e-15,3.93720910455355e-12
912010.839355893,0.999999616668532,-0.000286574337123385,3.01156204767068e-07,-8.83692676314009e-11,0.0035148701586976,-1.0310138630563e-06,1.18179928254593e-15,4.02891847058254e-12
933254.300796974,0.999999612798106,-0.000293249509810861,3.01156203572909e-07,-9.04276519500038e-11,0.00351487014476534,-1.05502925692414e-06,1.23749576202762e-15,4.12276402107577e-12
954992.586021419,0.999999608745272,-0.000300080167163045,3.01156202322472e-07,-9.25339821736054e-11,0.00351487013017647,-1.07960404088376e-06,1.29581713525647e-15,4.21879551408347e-12
977237.220955793,0.999999604501434,-0.000307069930877226,3.01156201013103e-07,-9.46893751040095e-11,0.00351487011490005,-1.10475124478334e-06,1.35688710961897e-15,4.31706386666416e-12
999999.999999982,0.99999960005759,-0.000314222507010444,3.01156199642025e-07,-9.68949735565474e-11,0.00351487009890367,-1.13048420197374e-06,1.42083522264682e-15,4.41762118188103e-12
1023292.99228074,0.999999595404314,-0.000321541687944455,3.01156198206331e-07,-9.91519469660021e-11,0.0035148700821534,-1.15681655637785e-06,1.48779711678276e-15,4.52052077642715e-12
1047128.54805088,0.999999590531737,-0.000329031354396454,3.01156196702974e-07,-1.01461492006645e-10,0.00351487006461373,-1.18376226972463e-06,1.55791482709576e-15,4.62581720889399e-12
1071519.30523759,0.999999585429521,-0.000336695477476643,3.01156195128767e-07,-1.03824833226714e-10,0.00351487004624742,-1.21133562895164e-06,1.63133708255569e-15,4.73356630869857e-12
1096478.19614316,0.999999580086846,-0.000344538120793715,3.01156193480369e-07,-1.06243223697671e-10,0.00351487002701555,-1.23955125378001e-06,1.70821962150659e-15,4.84382520568417e-12
1122018.45430194,0.999999574492379,-0.000352563442609383,3.01156191754285e-07,-1.0871794567858e-10,0.0035148700068773,-1.26842410446581e-06,1.78872552200772e-15,4.95665236041064e-12
1148153.62149686,0.999999568634252,-0.000360775698043089,3.01156189946853e-07,-1.11250311295965e-10,0.00351486998578997,-1.29796948973195e-06,1.87302554774301e-15,5.07210759515014e-12
1174897.55493951,0.99999956250004,-0.000369179241328065,3.01156188054239e-07,-1.1384166323949e-10,0.00351486996370882,-1.32820307488492e-06,1.96129851023267e-15,5.19025212560487e-12
1202264.43461739,0.999999556076732,-0.000377778528119946,3.01156186072429e-07,-1.1649337547386e-10,0.00351486994058703,-1.35914089012046e-06,2.05373164811524e-15,5.31114859336353e-12
1230268.77081236,0.999999549350703,-0.000386578117859141,3.0115618399722e-07,-1.19206853967291e-10,0.00351486991637553,-1.39079933902273e-06,2.15052102430459e-15,5.43486109911371e-12
1258925.41179414,0.999999542307686,-0.000395582676188245,3.01156181824208e-07,-1.21983537436946e-10,0.00351486989102298,-1.4231952072615e-06,2.2518719418642e-15,5.56145523662788e-12
1288249.55169311,0.999999534932742,-0.000404796977425742,3.01156179548786e-07,-1.24824898111748e-10,0.00351486986447561,-1.45634567149181e-06,2.35799937948104e-15,5.69099812754101e-12
1318256.73855638,0.999999527210227,-0.000414225907097325,3.01156177166127e-07,-1.27732442512938e-10,0.00351486983667709,-1.49026830846096e-06,2.46912844746242e-15,5.82355845693806e-12
1348962.88259163,0.999999519123762,-0.000423874464526183,3.01156174671176e-07,-1.30707712252834e-10,0.00351486980756847,-1.52498110432763e-06,2.58549486522335e-15,5.95920650977049e-12
1380384.26460286,0.999999510656193,-0.000433747765483609,3.01156172058642e-07,-1.33752284852178e-10,0.00351486977708801,-1.56050246419802e-06,2.707345461277e-15,6.09801420812085e-12
1412537.54462273,0.999999501789561,-0.000443851044901347,3.01156169322984e-07,-1.36867774576532e-10,0.00351486974517104,-1.59685122188412e-06,2.83493869678884e-15,6.24005514933538e-12
1445439.7707459,0.999999492505057,-0.000454189659647111,3.01156166458397e-07,-1.40055833292144e-10,0.00351486971174988,-1.63404664988923e-06,2.96854521380501e-15,6.38540464504466e-12
1479108.38816818,0.999999482782988,-0.00046476909136475,3.01156163458807e-07,-1.43318151341756e-10,0.00351486967675363,-1.67210846962609e-06,3.10844840931773e-15,6.53413976109317e-12
1513561.24843618,0.999999472602733,-0.000475594949380561,3.01156160317851e-07,-1.46656458440809e-10,0.00351486964010805,-1.711056861873e-06,3.2549450363854e-15,6.68633935839876e-12
1548816.61891245,0.999999461942696,-0.000486672973677294,3.01156157028866e-07,-1.50072524594511e-10,0.00351486960173542,-1.75091247747336e-06,3.40834583358243e-15,6.84208413476386e-12
1584893.19246108,0.999999450780269,-0.000498009037937417,3.01156153584876e-07,-1.53568161036283e-10,0.00351486956155435,-1.79169644828462e-06,3.56897618411391e-15,7.00145666766035e-12
1621810.0973589,0.999999439091772,-0.000509609152657271,3.01156149978576e-07,-1.57145221188042e-10,0.0035148695194796,-1.83343039838201e-06,3.73717680599317e-15,7.16454145801105e-12
1659586.90743753,0.999999426852414,-0.00052147946833374,3.01156146202316e-07,-1.60805601642864e-10,0.00351486947542193,-1.87613645552334e-06,3.91330447474615e-15,7.33142497499077e-12
1698243.65246171,0.999999414036233,-0.000533626278725155,3.01156142248086e-07,-1.64551243170524e-10,0.00351486942928789,-1.91983726288082e-06,4.09773278017552e-15,7.50219570187089e-12
1737800.82874934,0.999999400616044,-0.000546056024188127,3.011561381075e-07,-1.6838413174646e-10,0.00351486938097962,-1.96455599104603e-06,4.29085291878969e-15,7.67694418293155e-12
1778279.41003889,0.999999386563382,-0.000558775295092115,3.01156133771774e-07,-1.72306299604702e-10,0.00351486933039465,-2.01031635031456e-06,4.49307452357743e-15,7.85576307146651e-12
1819700.85860995,0.999999371848438,-0.000571790835313496,3.01156129231711e-07,-1.76319826315319e-10,0.00351486927742569,-2.05714260325674e-06,4.70482653288836e-15,8.03874717890596e-12
1862087.13666283,0.999999356440001,-0.00058510954581103,3.01156124477683e-07,-1.80426839886959e-10,0.00351486922196038,-2.10505957758109e-06,4.92655810026195e-15,8.22599352508338e-12
1905460.71796321,0.999999340305388,-0.000598738488284581,3.01156119499604e-07,-1.84629517895079e-10,0.00351486916388107,-2.15409267929743e-06,5.15873954713512e-15,8.41760138967316e-12
1949844.59975801,0.999999323410373,-0.000612684888919056,3.01156114286915e-07,-1.88930088636429e-10,0.00351486910306457,-2.20426790618648e-06,5.40186336044902e-15,8.61367236482603e-12
1995262.31496884,0.999999305719123,-0.000626956142215536,3.0115610882856e-07,-1.93330832310444e-10,0.00351486903938188,-2.2556118615832e-06,5.65644523727108e-15,8.81431040903045e-12
2041737.94466949,0.999999287194109,-0.000641559814911621,3.01156103112961e-07,-1.97834082228134e-10,0.00351486897269792,-2.3081517684811e-06,5.92302517864793e-15,9.01962190222823e-12
2089296.130854,0.99999926779604,-0.000656503649993086,3.01156097127994e-07,-2.02442226049137e-10,0.00351486890287124,-2.36191548396505e-06,6.20216863500949e-15,9.22971570221385e-12
2137962.08950219,0.999999247483768,-0.000671795570798957,3.01156090860965e-07,-2.07157707047578e-10,0.00351486882975373,-2.41693151398016e-06,6.49446770555353e-15,9.4447032023471e-12
2187761.62394951,0.99999922621421,-0.000687443685222186,3.0115608429858e-07,-2.11983025407403e-10,0.00351486875319031,-2.47322902844465e-06,6.80054239415471e-15,9.6646983906099e-12
2238721.1385683,0.999999203942249,-0.000703456290008155,3.0115607742692e-07,-2.16920739547889e-10,0.00351486867301857,-2.53083787671467e-06,7.121041924462e-15,9.88981791003822e-12
2290867.65276773,0.999999180620644,-0.000719841875153281,3.01156070231409e-07,-2.21973467480012e-10,0.00351486858906845,-2.58978860340918e-06,7.45664611697375e-15,1.01201811205615e-11
2344228.81531988,0.999999156199927,-0.00073660912840605,3.01156062696784e-07,-2.27143888194405e-10,0.00351486850116189,-2.65011246460352e-06,7.80806683101141e-15,1.03559101622822e-11
2398832.91901944,0.999999130628298,-0.00075376693987288,3.01156054807063e-07,-2.32434743081645e-10,0.00351486840911243,-2.71184144439987e-06,8.17604947465012e-15,1.05971300202284e-11
2454708.91568498,0.999999103851516,-0.000771324406731221,3.01156046545512e-07,-2.378488373856e-10,0.00351486831272481,-2.77500827188376e-06,8.56137458580906e-15,1.08439685906155e-11
2511886.43150953,0.999999075812786,-0.000789290838052435,3.01156037894607e-07,-2.43389041690633e-10,0.0035148682117946,-2.83964643847538e-06,8.96485948785494e-15,1.10965567486493e-11
2570395.78276881,0.999999046452633,-0.000807675759736952,3.01156028835997e-07,-2.49058293443432e-10,0.00351486810610769,-2.90579021568493e-06,9.38736002323014e-15,1.13550284179096e-11
2630267.99189533,0.999999015708779,-0.000826488919564376,3.01156019350469e-07,-2.54859598510273e-10,0.00351486799543992,-2.97347467328142e-06,9.82977236878275e-15,1.16195206413479e-11
2691534.80392686,0.999998983516015,-0.000845740292361172,3.01156009417902e-07,-2.6079603277056e-10,0.00351486787955654,-3.04273569788459e-06,1.02930349366486e-14,1.189017365394e-11
2754228.70333811,0.999998949806055,-0.00086544008528868,3.01155999017229e-07,-2.66870743747449e-10,0.00351486775821176,-3.11361001198969e-06,1.07781303647175e-14,1.21671309570287e-11
2818382.9312644,0.999998914507396,-0.000885598743254281,3.01155988126387e-07,-2.73086952276466e-10,0.00351486763114818,-3.18613519343533e-06,1.12860876009044e-14,1.24505393943987e-11
2884031.50312655,0.999998877545165,-0.000906226954448539,3.01155976722277e-07,-2.79447954212958e-10,0.00351486749809629,-3.26034969532457e-06,1.1817984085648e-14,1.27405492301226e-11
2951209.22666633,0.99999883884096,-0.000927335656011288,3.01155964780709e-07,-2.85957122179314e-10,0.00351486735877387,-3.33629286640987e-06,1.2374948037264e-14,1.30373142282189e-11
3019951.72040196,0.999998798312686,-0.000948936039829639,3.01155952276353e-07,-2.9261790735286e-10,0.0035148672128854,-3.41400497195271e-06,1.29581608450013e-14,1.33409917341658e-11
3090295.43251353,0.999998755874377,-0.000971039558470989,3.01155939182685e-07,-2.9943384129539e-10,0.00351486706012142,-3.49352721506892e-06,1.35688595748761e-14,1.36517427583121e-11
3162277.66016832,0.999998711436015,-0.000993657931254171,3.01155925471934e-07,-3.06408537825288e-10,0.00351486690015792,-3.57490175857087e-06,1.42083395935996e-14,1.39697320612302e-11
3235936.56929622,0.999998664903342,-0.00101680315046195,3.01155911115016e-07,-3.13545694933241e-10,0.00351486673265559,-3.6581717473184e-06,1.48779573161634e-14,1.42951282410567e-11
3311311.21482584,0.999998616177657,-0.00104048748769817,3.01155896081479e-07,-3.20849096742551e-10,0.00351486655725913,-3.74338133108995e-06,1.55791330829106e-14,1.46281038228664e-11
3388441.56139196,0.999998565155606,-0.00106472350039289,3.01155880339434e-07,-3.28322615515095e-10,0.00351486637359651,-3.83057568798625e-06,1.63133541721955e-14,1.49688353501265e-11
3467368.50452525,0.999998511728965,-0.00108952403845898,3.01155863855491e-07,-3.35970213703973e-10,0.00351486618127815,-3.91980104837888e-06,1.70821779550193e-14,1.5317503478281e-11
3548133.89233568,0.999998455784411,-0.00111490225110369,3.01155846594687e-07,-3.43795946053952e-10,0.00351486597989613,-4.01110471941637e-06,1.78872351983355e-14,1.56742930705123e-11
3630780.54770094,0.999998397203277,-0.00114087159379878,3.01155828520407e-07,-3.51803961750808e-10,0.0035148657690233,-4.10453511010073e-06,1.87302335240283e-14,1.60393932957335e-11
3715352.29097165,0.999998335861307,-0.00116744583541292,3.01155809594315e-07,-3.59998506620696e-10,0.00351486554821236,-4.20014175694784e-06,1.96129610309019e-14,1.64129977288614e-11
3801893.96320554,0.999998271628387,-0.0011946390655101,3.01155789776267e-07,-3.68383925380731e-10,0.00351486531699495,-4.29797535024512e-06,2.05372900873618e-14,1.67953044534229e-11
3890451.44994273,0.999998204368272,-0.00122246570181798,3.01155769024225e-07,-3.76964663941943e-10,0.00351486507488063,-4.39808776092047e-06,2.15051813028321e-14,1.71865161665511e-11
3981071.70553489,0.999998133938295,-0.00125094049787003,3.01155747294173e-07,-3.85745271765852e-10,0.00351486482135585,-4.50053206803659e-06,2.25186876863311e-14,1.75868402864249e-11
4073802.77804105,0.999998060189066,-0.0012800785508256,3.01155724540018e-07,-3.9473040427589e-10,0.00351486455588285,-4.60536258692535e-06,2.35799590010262e-14,1.79964890622087e-11
4168693.83470327,0.999997982964154,-0.00130989530947199,3.01155700713497e-07,-4.03924825324949e-10,0.00351486427789854,-4.71263489797692e-06,2.46912463240017e-14,1.84156796865523e-11
4265795.18801584,0.999997902099758,-0.00134040658241271,3.0115567576407e-07,-4.13333409720366e-10,0.00351486398681328,-4.82240587609908e-06,2.58549068209115e-14,1.88446344107078e-11
4365158.32240157,0.999997817424354,-0.00137162854644646,3.01155649638817e-07,-4.22961145807673e-10,0.00351486368200964,-4.93473372086207e-06,2.70734087456418e-14,1.92835806623272e-11
4466835.92150954,0.999997728758336,-0.00140357775514096,3.01155622282324e-07,-4.32813138114476e-10,0.0035148633628411,-5.04967798734506e-06,2.83493366755873e-14,1.97327511659998e-11
4570881.89614866,0.999997635913634,-0.00143627114760641,3.01155593636564e-07,-4.42894610055874e-10,0.00351486302863068,-5.1672996177005e-06,2.96853969936441e-14,2.01923840665964e-11
4677351.41287189,0.999997538693316,-0.00146972605747308,3.01155563640776e-07,-4.5321090670282e-10,0.00351486267866947,-5.28766097345296e-06,3.1084423628545e-14,2.06627230554825e-11
4786300.92322629,0.999997436891164,-0.00150396022207784,3.01155532231337e-07,-4.63767497614919e-10,0.00351486231221517,-5.41082586854967e-06,3.25493840657105e-14,2.11440174996694e-11
4897788.19368436,0.999997330291248,-0.00153899179186442,3.01155499341624e-07,-4.74569979739134e-10,0.00351486192849049,-5.53685960318001e-06,3.4083385641364e-14,2.16365225739697e-11
5011872.33627262,0.999997218667456,-0.00157483934000243,3.01155464901874e-07,-4.85624080375945e-10,0.00351486152668151,-5.66582899838204e-06,3.56896821332582e-14,2.21404993962284e-11
5128613.83991355,0.999997101783024,-0.00161152187223016,3.01155428839036e-07,-4.96935660214513e-10,0.00351486110593595,-5.79780243145409e-06,3.73716806619894e-14,2.26562151657002e-11
5248074.60249762,0.999996979390028,-0.00164905883692641,3.01155391076619e-07,-5.08510716438473e-10,0.00351486066536137,-5.93284987219036e-06,3.91329489175363e-14,2.31839433046456e-11
5370317.96370242,0.99999685122886,-0.00168747013541661,3.01155351534523e-07,-5.2035538590397e-10,0.00351486020402327,-6.07104291995945e-06,4.09772227263466e-14,2.3723963603222e-11
5495408.73857613,0.999996717027677,-0.0017267761325187,3.01155310128877e-07,-5.32475948391632e-10,0.0035148597209431,-6.21245484164544e-06,4.29084139750193e-14,2.42765623677446e-11
5623413.25190338,0.999996576501825,-0.00176699766733433,3.01155266771855e-07,-5.44878829934187e-10,0.0035148592150962,-6.35716061047159e-06,4.49306189073857e-14,2.48420325723965e-11
5754399.37337145,0.999996429353237,-0.00180815606429109,3.01155221371492e-07,-5.57570606221486e-10,0.00351485868540962,-6.50523694572711e-06,4.70481268125823e-14,2.54206740144668e-11
5888436.55355577,0.999996275269796,-0.00185027314444149,3.0115517383149e-07,-5.70558006084717e-10,0.00351485813075985,-6.65676235341784e-06,4.92654291225411e-14,2.60127934732001e-11
6025595.86074345,0.999996113924677,-0.00189337123702484,3.01155124051013e-07,-5.83847915061652e-10,0.00351485754997042,-6.81181716786244e-06,5.15872289381864e-14,2.66187048723398e-11
6165950.0186147,0.999995944975652,-0.00193747319129791,3.01155071924471e-07,-5.97447379044815e-10,0.00351485694180944,-6.97048359425586e-06,5.401845100454e-14,2.72387294464513e-11
6309573.4448018,0.999995768064366,-0.00198260238864074,3.011550173413e-07,-6.1136360801447e-10,0.00351485630498693,-7.13284575222261e-06,5.65642521558857e-14,2.78731959111124e-11
6456542.29034642,0.999995582815576,-0.00202878275494393,3.01154960185724e-07,-6.25603979858415e-10,0.00351485563815214,-7.29898972038268e-06,5.92300322531408e-14,2.85224406370615e-11
6606934.48007582,0.999995388836353,-0.0020760387732839,3.01154900336512e-07,-6.40176044280589e-10,0.00351485493989066,-7.46900358195366e-06,6.20214456366274e-14,2.9186807828394e-11
6760829.75391968,0.999995185715251,-0.0021243954968929,3.01154837666718e-07,-6.55087526800536e-10,0.00351485420872142,-7.64297747141298e-06,6.49444131185256e-14,2.98666497049011e-11
6918309.70918922,0.999994973021434,-0.00217387856243042,3.01154772043415e-07,-6.70346332845851e-10,0.00351485344309356,-7.82100362224485e-06,6.80051345404386e-14,3.05623266886474e-11
7079457.84384123,0.999994750303765,-0.00222451420356316,3.01154703327411e-07,-6.8596055193974e-10,0.00351485264138311,-8.00317641579702e-06,7.12101019226923e-14,3.1274207594885e-11
7244359.60074975,0.999994517089841,-0.00227632926486057,3.01154631372954e-07,-7.01938461985905e-10,0.0035148518018896,-8.18959243127304e-06,7.45661132332519e-14,3.20026698274038e-11
7413102.41300902,0.999994272885,-0.00232935121601329,3.01154556027424e-07,-7.18288533653013e-10,0.0035148509228324,-8.38035049688623e-06,7.80802868054464e-14,3.27480995784222e-11
7585775.75029168,0.999994017171267,-0.00238360816638204,3.01154477131008e-07,-7.3501943486103e-10,0.00351485000234696,-8.57555174220233e-06,8.1760076435069e-14,3.35108920331214e-11
7762471.16628676,0.999993749406257,-0.00243912887988443,3.01154394516361e-07,-7.52140035371797e-10,0.0035148490384809,-8.77529965169822e-06,8.56132871888611e-14,3.42914515789319e-11
7943282.34724265,0.999993469022025,-0.00249594279022774,3.01154308008254e-07,-7.69659411486248e-10,0.00351484802918977,-8.97970011956484e-06,8.96480919578952e-14,3.50901920196815e-11
8128305.16164082,0.99999317542386,-0.00255408001649536,3.01154217423197e-07,-7.8758685085073e-10,0.00351484697233283,-9.18886150578308e-06,9.38730487909478e-14,3.5907536794717e-11
8317637.71102654,0.999992867989024,-0.00261357137909535,3.01154122569055e-07,-8.0593185737495e-10,0.00351484586566841,-9.40289469350202e-06,9.82971190446112e-14,3.67439192031148e-11
8511380.38202359,0.999992546065434,-0.00267444841607933,3.01154023244638e-07,-8.24704156264127e-10,0.00351484470684925,-9.62191314774955e-06,1.02929686388618e-13,3.75997826330974e-11
8709635.89956062,0.999992208970274,-0.00273674339984015,3.01153919239273e-07,-8.43913699167971e-10,0.00351484349341741,-9.8460329755061e-06,1.07780576706667e-13,3.84755807967762e-11
8912509.38133727,0.999991855988553,-0.00280048935419738,3.01153810332362e-07,-8.6357066944921e-10,0.00351484222279918,-1.00753729871731e-05,1.12860078934937e-13,3.93717779703434e-11
9120108.3935589,0.999991486371582,-0.00286572007187919,3.01153696292909e-07,-8.83685487574386e-10,0.00351484089229951,-1.03100547594681e-05,1.18178966882456e-13,4.02888492398383e-11
9332543.00796971,0.999991099335393,-0.00293247013241006,3.01153576879032e-07,-9.04268816629763e-10,0.00351483949909637,-1.05502026997791e-05,1.23748522079588e-13,4.12272807526168e-11
9549925.86021416,0.999990694059072,-0.00300077492041343,3.01153451837452e-07,-9.25331567965227e-10,0.00351483804023476,-1.07959441120132e-05,1.29580557703044e-13,4.21875699746549e-11
9772372.2095579,0.999990269683018,-0.00307067064433907,3.01153320902952e-07,-9.46884906969103e-10,0.00351483651262038,-1.10474092639713e-05,1.35687443628157e-13,4.31702259538211e-11
9999999.99999979,0.999989825307124,-0.00314219435562469,3.01153183797819e-07,-9.68940258976923e-10,0.00351483491301314,-1.13047314562868e-05,1.42082132661492e-13,4.41757695892542e-11
10232929.9228073,0.999989359988861,-0.00321538396830201,3.0115304023125e-07,-9.91509315317214e-10,0.00351483323802026,-1.15680470929624e-05,1.48778188009393e-13,4.52047339069875e-11
10471285.4805088,0.999988872741289,-0.00329027827905731,3.0115288989874e-07,-1.01460403949745e-09,0.00351483148408907,-1.18374957535422e-05,1.55789812040691e-13,4.62576643419621e-11
10715193.0523758,0.999988362530955,-0.00336691698775701,3.01152732481435e-07,-1.03823667353341e-09,0.00351482964749948,-1.21132202669569e-05,1.63131876404507e-13,4.73351190265771e-11
10964781.9614316,0.999987828275707,-0.00344534071844892,3.01152567645453e-07,-1.06241974442519e-09,0.00351482772435609,-1.23953667870803e-05,1.70819953566995e-13,4.84376690859253e-11
11220184.5430194,0.999987268842396,-0.00352559104085005,3.01152395041178e-07,-1.08716607078325e-09,0.00351482571057996,-1.26840848700362e-05,1.78870349833824e-13,4.9565898939868e-11
11481536.2149686,0.999986683044477,-0.00360771049233212,3.01152214302523e-07,-1.11248876960797e-09,0.00351482360189989,-1.29795275532963e-05,1.87300139928391e-13,5.07204066121067e-11
11748975.549395,0.999986069639487,-0.00369174260041622,3.01152025046143e-07,-1.1384012632262e-09,0.00351482139384344,-1.32818514366088e-05,1.9612720319902e-13,5.190180404641e-11
12022644.3461739,0.999985427326418,-0.00377773190578819,3.01151826870634e-07,-1.16491728638832e-09,0.00351481908172741,-1.35912167648019e-05,2.05370261531854e-13,5.31107174301601e-11
12302687.7081235,0.999984754742951,-0.00386572398584667,3.01151619355674e-07,-1.19205089352964e-09,0.00351481666064788,-1.39077875125025e-05,2.15048919049766e-13,5.43477875253866e-11
12589254.1179414,0.999984050462572,-0.00395576547879594,3.01151402061135e-07,-1.21981646619974e-09,0.00351481412546988,-1.42317314708153e-05,2.25183703681383e-13,5.56136700074576e-11
12882495.5169311,0.999983312991544,-0.00404790410829604,3.01151174526147e-07,-1.24822872066369e-09,0.00351481147081645,-1.4563220336007e-05,2.35796110688288e-13,5.69090358116033e-11
13182567.3855638,0.999982540765743,-0.00414218870868282,3.01150936268126e-07,-1.27730271567894e-09,0.00351480869105726,-1.49024298002405e-05,2.46908648242576e-13,5.82345714874494e-11
13489628.8259162,0.99998173214734,-0.00423866925077085,3.01150686781744e-07,-1.30705386045209e-09,0.00351480578029665,-1.52495396444068e-05,2.58544885151324e-13,5.95909795617444e-11
13803842.6460286,0.999980885421327,-0.00433739686825259,3.01150425537864e-07,-1.33749792277931e-09,0.00351480273236117,-1.56047338331008e-05,2.70729500829029e-13,6.09789789094651e-11
14125375.4462272,0.999979998791883,-0.00443842388470717,3.01150151982413e-07,-1.36865103737498e-09,0.00351479954078644,-1.59682006117918e-05,2.83488337623852e-13,6.23993051334916e-11
14454397.707459,0.999979070378566,-0.00454180384123274,3.01149865535211e-07,-1.40052971439242e-09,0.0035147961988035,-1.63401326062363e-05,2.96848455608466e-13,6.38527109530453e-11
14791083.8816817,0.999978098212326,-0.00464759152471651,3.01149565588738e-07,-1.43315084814135e-09,0.00351479269932441,-1.67207269241855e-05,3.10838189951525e-13,6.53399666010892e-11
15135612.4843617,0.999977080231327,-0.00475584299675683,3.01149251506849e-07,-1.4665317260064e-09,0.00351478903492724,-1.71101852594384e-05,3.25487210991214e-13,6.68618602308921e-11
15488166.1891245,0.999976014276584,-0.00486661562325208,3.01148922623421e-07,-1.50069003757128e-09,0.00351478519784034,-1.75087139982942e-05,3.40826587138067e-13,6.84191983319639e-11
15848931.9246108,0.999974898087377,-0.00497996810467143,3.01148578240947e-07,-1.53564388395309e-09,0.00351478117992589,-1.79165243284574e-05,3.568888507402e-13,7.00128061555741e-11
16218100.9735889,0.999973729296465,-0.00509596050702285,3.01148217629051e-07,-1.57141178735179e-09,0.00351477697266257,-1.8333832350452e-05,3.73708067050374e-13,7.16435281500672e-11
16595869.0743752,0.999972505425062,-0.00521465429353391,3.01147840022943e-07,-1.60801270081935e-09,0.00351477256712758,-1.87608591915992e-05,3.91319906440842e-13,7.3312228406197e-11
16982436.5246171,0.999971223877588,-0.00533611235706156,3.01147444621799e-07,-1.64546601825374e-09,0.00351476795397768,-1.91978311226189e-05,4.09761720018817e-13,7.5019791112704e-11
17378008.2874934,0.999969881936162,-0.0054603990532471,3.01147030587058e-07,-1.68379158462271e-09,0.0035147631234294,-1.9644979676911e-05,4.29072618802541e-13,7.67671210223636e-11
17782794.1003888,0.999968476754846,-0.00558758023443297,3.01146597040653e-07,-1.72300970642247e-09,0.00351475806523829,-2.01025417725785e-05,4.49293556625484e-13,7.85551439287419e-11
18197008.5860994,0.999967005353608,-0.00571772328435859,3.01146143063141e-07,-1.76314116237657e-09,0.00351475276867722,-2.05707598372521e-05,4.70467416944038e-13,8.0384807153895e-11
18620871.3666283,0.999965464612007,-0.00585089715365222,3.0114566769176e-07,-1.80420721438032e-09,0.00351474722251361,-2.10498819357803e-05,4.92639103732334e-13,8.22570800472569e-11
19054607.179632,0.99996385126258,-0.00598717239613692,3.01145169918386e-07,-1.84622961869618e-09,0.00351474141498569,-2.15401619008471e-05,5.15855636656405e-13,8.41729544959641e-11
19498445.99758,0.999962161883917,-0.00612662120596839,3.01144648687397e-07,-1.88923063740569e-09,0.00351473533377749,-2.20418594665826e-05,5.40166250728962e-13,8.61334454468694e-11
19952623.1496884,0.999960392893408,-0.00626931745562323,3.01144102893436e-07,-1.93323305012362e-09,0.00351472896599281,-2.25552404052338e-05,5.65622500655466e-13,8.81395914405039e-11
20417379.4466949,0.999958540539654,-0.0064153367347563,3.01143531379069e-07,-1.97826016598013e-09,0.00351472229812783,-2.30805766669616e-05,5.92278370092105e-13,9.01924551572506e-11
20892961.3085399,0.999956600894512,-0.00656475638994632,3.01142932932328e-07,-2.02433583587686e-09,0.00351471531604252,-2.36181465228337e-05,6.20190386046585e-13,9.2293123975996e-11
21379620.8950218,0.999954569844776,-0.00671765556534927,3.01142306284149e-07,-2.07148446502286e-09,0.00351470800493071,-2.41682347110831e-05,6.49417738663511e-13,9.4442710545536e-11
21877616.2394951,0.999952443083457,-0.00687411524427932,3.01141650105681e-07,-2.11973102575661e-09,0.00351470034928864,-2.47311325867036e-05,6.80022406647455e-13,9.66423533690115e-11
22387211.3856829,0.999950216100662,-0.00703421829173755,3.01140963005465e-07,-2.16910107066032e-09,0.00351469233288219,-2.53071382744558e-05,7.12069288588658e-13,9.88932174016602e-11
22908676.5276772,0.999947884174033,-0.0071980494979092,3.01140243526494e-07,-2.21962074597273e-09,0.00351468393871241,-2.58965568253564e-05,7.45626340468763e-13,1.0119649466217e-10
23442288.1531987,0.999945442358745,-0.00736569562265012,3.01139490143121e-07,-2.27131680530717e-09,0.00351467514897955,-2.64997003767272e-05,7.80764719636925e-13,1.03553404857934e-10
23988329.1901944,0.99994288547703,-0.00753724544098415,3.01138701257827e-07,-2.32421662368114e-09,0.00351466594504537,-2.71168883158807e-05,8.17558935560295e-13,1.05965196024494e-10
24547089.1568498,0.999940208107207,-0.00771278978963273,3.01137875197838e-07,-2.37834821186429e-09,0.00351465630739357,-2.77484474475192e-05,8.56087007667057e-13,1.08433145179499e-10
25118864.3150952,0.999937404572198,-0.00789242161459923,3.01137010211583e-07,-2.43374023105165e-09,0.00351464621558856,-2.83947121649288e-05,8.96430630615129e-13,1.10958558991458e-10
25703957.8276881,0.999934468927504,-0.00807623601983021,3.0113610446498e-07,-2.49042200786882e-09,0.00351463564823208,-2.9056024625047e-05,9.38675347335213e-13,1.13542774463632e-10
26302679.9189532,0.999931394948613,-0.0082643303169765,3.01135156037555e-07,-2.54842354971649e-09,0.00351462458291794,-2.97327349274883e-05,9.82910730213164e-13,1.16187159633369e-10
26915348.0392686,0.999928176117817,-0.00845680407627747,3.01134162918373e-07,-2.60777556046105e-09,0.00351461299618453,-3.04252012976095e-05,1.02923057079376e-12,1.188931142872e-10
27542287.033381,0.99992480561041,-0.00865375917859183,3.01133123001778e-07,-2.668509456479e-09,0.00351460086346514,-3.11337902737e-05,1.0777330784058e-12,1.21662070692054e-10
28183829.3126439,0.999921276280237,-0.00885529986859917,3.01132034082938e-07,-2.73065738306218e-09,0.00351458815903598,-3.18588768983845e-05,1.12852108812706e-12,1.24495494342894e-10
28840315.0312654,0.99991758064456,-0.00906153280919636,3.01130893853174e-07,-2.7942522311915e-09,0.00351457485596164,-3.26008449143237e-05,1.18170227852739e-12,1.27394884727137e-10
29512092.2666632,0.999913710868218,-0.00927256713711354,3.01129699895069e-07,-2.85932765468675e-09,0.00351456092603812,-3.33600869643032e-05,1.2373893996484e-12,1.303617761062e-10
30199517.2040195,0.99990965874704,-0.00948851451977479,3.01128449677359e-07,-2.92591808774021e-09,0.00351454633973309,-3.41370047957996e-05,1.29570051169985e-12,1.33397738314509e-10
30902954.3251352,0.999905415690474,-0.00970948921342874,3.01127140549563e-07,-2.9940587628418e-09,0.0035145310661234,-3.49320094701156e-05,1.35675923497516e-12,1.36504377576344e-10
31622776.6016831,0.999900972703409,-0.00993560812257482,3.01125769736383e-07,-3.06378572910384e-09,0.00351451507282959,-3.5745521576177e-05,1.42069501151168e-12,1.39683337340862e-10
32359365.6929621,0.999896320367133,-0.0101669908607113,3.01124334331825e-07,-3.13513587099327e-09,0.0035144983259474,-3.65779714490834e-05,1.48764337904625e-12,1.42936299135682e-10
33113112.1482584,0.999891448819405,-0.0104037598124312,3.01122831293051e-07,-3.20814692747959e-09,0.003514480789976,-3.74297993935094e-05,1.55774625784186e-12,1.46264983439372e-10
33884415.6139195,0.999886347733582,-0.0106460401968928,3.0112125743394e-07,-3.28285751160663e-09,0.00351446242774288,-3.83014559120509e-05,1.63115225098814e-12,1.4967115057324e-10
34673685.0452524,0.999881006296776,-0.0108939601326923,3.01119609418346e-07,-3.35930713049649e-09,0.00351444320032517,-3.9193401938613e-05,1.70801695880654e-12,1.53156601612782e-10
35481338.9233568,0.999875413186974,-0.0111476507041635,3.01117883753041e-07,-3.43753620579403e-09,0.00351442306696737,-4.01061090769379e-05,1.78850330802021e-12,1.56723179319173e-10
36307805.4770093,0.999869556549094,-0.0114072460291359,3.01116076780329e-07,-3.51758609456029e-09,0.00351440198499506,-4.10400598443713e-05,1.87278189637942e-12,1.60372769091192e-10
37153522.9097164,0.999863423969909,-0.0116728833281743,3.01114184670305e-07,-3.59949911062341e-09,0.00351437990972471,-4.19957479209661e-05,1.96103135346525e-12,1.6410729993795e-10
38018939.6320553,0.9998570024518,-0.0119447029953314,3.01112203412759e-07,-3.68331854639571e-09,0.00351435679436916,-4.29736784040236e-05,2.05343871842802e-12,1.67928745472823e-10
38904514.4994272,0.999850278385271,-0.0122228486704388,3.01110128808698e-07,-3.76908869516527e-09,0.00351433258993871,-4.39743680681733e-05,2.15019983545173e-12,1.71839124928968e-10
39810717.0553488,0.999843237520181,-0.0125074673129668,3.01107956461467e-07,-3.85685487387104e-09,0.00351430724513751,-4.49983456310919e-05,2.25151976777268e-12,1.75840504196827e-10
40738027.7804104,0.999835864935624,-0.0127987092774783,3.01105681767458e-07,-3.94666344636998e-09,0.00351428070625522,-4.60461520249632e-05,2.35761323111866e-12,1.79934996883992e-10
41686938.3470326,0.999828145008395,-0.0130967283907087,3.01103299906377e-07,-4.03856184720482e-09,0.00351425291705343,-4.71183406737804e-05,2.46870504747505e-12,1.84124765397848e-10
42657951.8801583,0.999820061379978,-0.0134016820302967,3.01100805831065e-07,-4.13259860588155e-09,0.00351422381864685,-4.82154777765935e-05,2.58503062012617e-12,1.88412022051366e-10
43651583.2240156,0.999811596921988,-0.0137137312051963,3.0109819425683e-07,-4.22882337166496e-09,0.00351419334937893,-4.93381425968017e-05,2.70683643096407e-12,1.9279903019245e-10
44668359.2150953,0.999802733699991,-0.0140330406377984,3.01095459650287e-07,-4.3272869389012e-09,0.0035141614446916,-5.04869277575947e-05,2.83438056110234e-12,1.97288105357229e-10
45708818.9614865,0.999793452935636,-0.0143597788477879,3.01092596217675e-07,-4.42804127287585e-09,0.00351412803698896,-5.1662439543642e-05,2.96793323588076e-12,2.01881616447678e-10
46773514.1287188,0.999783734967001,-0.014694118237767,3.01089597892618e-07,-4.53113953621624e-09,0.00351409305549456,-5.28652982091315e-05,3.10777739539609e-12,2.06581986933959e-10
47863009.2322628,0.999773559207094,-0.0150362351806709,3.01086458323327e-07,-4.6366361158465e-09,0.00351405642610199,-5.4096138292257e-05,3.25420929174697e-12,2.11391696081861e-10
48977881.9368435,0.999762904100405,-0.0153863101090027,3.01083170859192e-07,-4.74458665050374e-09,0.0035140180712185,-5.53556089362529e-05,3.40753911423478e-12,2.16313280205717e-10
50118723.3627261,0.999751747077427,-0.0157445276059168,3.0107972853675e-07,-4.85504805882375e-09,0.00351397790960128,-5.6644374217073e-05,3.56809164381997e-12,2.2134933394718e-10
51286138.3991353,0.99974006450705,-0.0161110764981739,3.01076124064996e-07,-4.9680785680043e-09,0.0035139358561861,-5.7963113477809e-05,3.73620693819209e-12,2.26502511580198e-10
52480746.0249761,0.999727831646728,-0.0164861499509973,3.01072349810011e-07,-5.0837377430542e-09,0.00351389182190791,-5.9312521669942e-05,3.91224104887443e-12,2.31775528342577e-10
53703179.6370241,0.999715022590315,-0.0168699455648526,3.01068397778864e-07,-5.20208651663573e-09,0.00351384571351312,-6.06933097015182e-05,4.09656677184864e-12,2.37171161794447e-10
54954087.3857612,0.999701610213468,-0.0172626654741777,3.0106425960277e-07,-5.32318721950818e-09,0.003513797433363,-6.21062047923365e-05,4.28957443325256e-12,2.42692253203987e-10
56234132.5190336,0.999687566116496,-0.0176645164480855,3.01059926519456e-07,-5.44710361157968e-09,0.003513746879228,-6.35519508362347e-05,4.49167271177492e-12,2.48341708960727e-10
57543993.7337144,0.999672860564543,-0.0180757099930622,3.01055389354702e-07,-5.57390091357441e-09,0.0035136939440724,-6.50313087705534e-05,4.70328949944476e-12,2.54122502016729e-10
58884365.5355576,0.999657462424978,-0.0184964624576837,3.0105063850303e-07,-5.70364583932177e-09,0.00351363851582896,-6.65450569528586e-05,4.92487280258962e-12,2.60037673355938e-10
60255958.6074344,0.999641339101866,-0.0189269951393684,3.01045663907482e-07,-5.83640662867379e-09,0.00351358047716304,-6.80939915449926e-05,5.1568916848176e-12,2.66090333491985e-10
61659500.1861468,0.999624456467382,-0.0193675343931883,3.01040455038459e-07,-5.9722530810567e-09,0.00351351970522567,-6.96789269045235e-05,5.3998372539615e-12,2.72283663994688e-10
63095734.4480179,0.999606778790034,-0.0198183117427525,3.01035000871577e-07,-6.11125658966184e-09,0.00351345607139523,-7.13006959836556e-05,5.65422369501092e-12,2.78620919045469e-10
64565422.9034641,0.999588268659537,-0.0202795639931816,3.01029289864485e-07,-6.25349017628076e-09,0.00351338944100699,-7.2960150735654e-05,5.92058935114905e-12,2.85105427021912e-10
66069344.8007581,0.999568886908194,-0.0207515333461842,3.01023309932613e-07,-6.39902852678886e-09,0.00351331967307011,-7.46581625288367e-05,6.19949785510596e-12,2.91740592111614e-10
67608297.5391967,0.999548592528617,-0.0212344675172483,3.01017048423782e-07,-6.54794802728081e-09,0.00351324661997148,-7.63956225681704e-05,6.49153931313886e-12,2.98529895955483e-10
69183097.0918921,0.999527342587629,-0.0217286198549573,3.01010492091642e-07,-6.70032680086079e-09,0.00351317012716576,-7.81734423245074e-05,6.79733154405324e-12,3.05476899320589e-10
70794578.4384122,0.999505092136158,-0.0222342494624346,3.01003627067871e-07,-6.85624474508935e-09,0.00351309003285107,-7.99925539714822e-05,7.11752137578568e-12,3.12585243802634e-10
72443596.0074974,0.999481794114956,-0.0227516213209232,3.00996438833084e-07,-7.01578357008814e-09,0.0035130061676296,-8.18539108300838e-05,7.45278600218143e-12,3.19858653558069e-10
74131024.1300901,0.999457399255935,-0.0232810064154989,3.00988912186397e-07,-7.17902683730245e-09,0.0035129183541524,-8.37584878209036e-05,7.80383440271597e-12,3.2730093706584e-10
75857757.5029167,0.999431855978937,-0.0238226818629147,3.00981031213569e-07,-7.34605999892075e-09,0.00351282640674789,-8.57072819240472e-05,8.17140882803085e-12,3.34915988918696e-10
77624711.6628674,0.999405110283719,-0.024376931041569,3.00972779253683e-07,-7.51697043794898e-09,0.00351273013103292,-8.7701312646687e-05,8.55628635428062e-12,3.4270779164392e-10
79432823.4724264,0.999377105636939,-0.0249440437235877,3.00964138864275e-07,-7.69184750893627e-09,0.00351262932350605,-8.97416224982136e-05,8.95928050941826e-12,3.50680417553321e-10
81283051.6164081,0.999347782853914,-0.0255243162090031,3.00955091784851e-07,-7.87078257934727e-09,0.00351252377112188,-9.18292774729319e-05,9.3812429746832e-12,3.58838030622215e-10
83176377.1102652,0.999317079974921,-0.0261180514620111,3.00945618898722e-07,-8.0538690715747e-09,0.00351241325084578,-9.39653675402273e-05,9.82306536469762e-12,3.67184888397084e-10
85113803.8202357,0.99928493213578,-0.026725559249279,3.00935700193076e-07,-8.2412025055843e-09,0.00351229752918802,-9.61510071421093e-05,1.02856810897242e-11,3.75725343931509e-10
87096358.9956061,0.99925127143248,-0.0273471562802736,3.00925314717209e-07,-8.43288054218225e-09,0.00351217636171649,-9.83873356980184e-05,1.07700673037906e-11,3.84463847749901e-10
89125093.8133725,0.999216026779557,-0.0279831663495714,3.0091444053883e-07,-8.62900302689361e-09,0.0035120494925469,-0.000100675518116761,1.12772469425464e-11,3.9340494983844e-10
91201083.9355889,0.99917912376197,-0.0286339204811062,3.00903054698361e-07,-8.82967203443758e-09,0.00351191665380956,-0.000103016745315408,1.18082908548808e-11,4.02553301662561e-10
93325430.079697,0.999140484480156,-0.0292997570743016,3.00891133161129e-07,-9.03499191378397e-09,0.00351177756509165,-0.000105412234744977,1.23643200325008e-11,4.11913658210203e-10
95499258.6021414,0.999100027387985,-0.0299810220520294,3.00878650767372e-07,-9.24506933377193e-09,0.00351163193285394,-0.000107863230922666,1.29465079418496e-11,4.21490880059912e-10
97723722.0955788,0.999057667123276,-0.0306780690103235,3.00865581179944e-07,-9.46001332926992e-09,0.00351147944982063,-0.000110371005970417,1.35560829629221e-11,4.31289935472796e-10
99999999.9999977,0.999013314330561,-0.0313912593697726,3.00851896829638e-07,-9.67993534785268e-09,0.00351131979434142,-0.000112936860159492,1.41943309397308e-11,4.41315902507153e-10
102329299.228073,0.998966875475744,-0.0321209625285031,3.00837568857993e-07,-9.904949296968e-09,0.00351115262972435,-0.000115562122460784,1.48625978473678e-11,4.51573971154474e-10
104712854.805088,0.9989182526523,-0.0328675560166521,3.00822567057508e-07,-1.01351715915628e-08,0.0035109776035381,-0.000118248151100471,1.55622925808123e-11,4.62069445495364e-10
107151930.523758,0.998867343378637,-0.0336314256522213,3.00806859809117e-07,-1.03707212021338e-08,0.00351079434688267,-0.000120996334120631,1.62948898708451e-11,4.72807745873741e-10
109647819.614316,0.998814040386246,-0.0344129656981861,3.00790414016826e-07,-1.06117197031656e-08,0.00351060247362669,-0.000123808089944378,1.70619333326439e-11,4.83794411087496e-10
112201845.430194,0.998758231398217,-0.0352125790207246,3.00773195039381e-07,-1.08582913219123e-08,0.00351040157961025,-0.000126684867945003,1.7865038652861e-11,4.95035100593597e-10
114815362.149686,0.998699798897721,-0.0360306772484129,3.00755166618833e-07,-1.11105629874777e-08,0.00351019124181139,-0.000129628149018597,1.87058969212119e-11,5.06535596725426e-10
117489755.49395,0.998638619886007,-0.0368676809322202,3.00736290805874e-07,-1.13686643801398e-08,0.00350997101747511,-0.000132639446159532,1.9586278112843e-11,5.18301806919863e-10
120226443.461738,0.998574565629476,-0.0377240197061172,3.00716527881798e-07,-1.16327279808649e-08,0.00350974044320277,-0.00013572030503815,2.0508034727986e-11,5.30339765951441e-10
123026877.081235,0.998507501395343,-0.0386001324480964,3.00695836276948e-07,-1.19028891209478e-08,0.0035094990340007,-0.000138872304579914,2.14731055956626e-11,5.42655638170595e-10
125892541.179414,0.998437286175423,-0.0394964674413798,3.00674172485494e-07,-1.21792860317075e-08,0.00350924628228584,-0.000142097057545232,2.24835198484542e-11,5.5525571974275e-10
128824955.16931,0.998363772397517,-0.0404134825355714,3.0065149097638e-07,-1.2462059894167e-08,0.00350898165684683,-0.000145396211109057,2.35414010756178e-11,5.68146440884692e-10
131825673.855638,0.998286805623876,-0.0413516453074865,3.00627744100297e-07,-1.27513548886301e-08,0.00350870460175859,-0.000148771447439332,2.46489716620972e-11,5.81334368094346e-10
134896288.259162,0.998206224236208,-0.0423114332213677,3.00602881992494e-07,-1.30473182440701e-08,0.00350841453524849,-0.000152224484273197,2.58085573212522e-11,5.9482620636972e-10
138038426.460285,0.998121859106659,-0.0432933337881703,3.00576852471265e-07,-1.33501002872286e-08,0.00350811084851192,-0.000155757075489844,2.70225918294109e-11,6.08628801412392e-10
141253754.462272,0.998033533254182,-0.044297844723572,3.00549600931924e-07,-1.3659854491321e-08,0.00350779290447536,-0.000159371011678766,2.8293621970632e-11,6.22749141810552e-10
144543977.074589,0.997941061485692,-0.0453254741043319,3.00521070236096e-07,-1.397673752423e-08,0.00350746003650471,-0.000163068120702049,2.96243127003568e-11,6.37194361196118e-10
147910838.816817,0.997844250021395,-0.0463767405225911,3.00491200596111e-07,-1.43009092960648e-08,0.00350711154705649,-0.000166850268249245,3.10174525369191e-11,6.51971740370043e-10
151356124.843617,0.997742896103625,-0.0474521732376758,3.00459929454322e-07,-1.4632533005947e-08,0.00350674670626989,-0.000170719358383234,3.2475959190183e-11,6.67088709389391e-10
154881661.891244,0.997636787588549,-0.0485523123249212,3.0042719135713e-07,-1.4971775187877e-08,0.00350636475049698,-0.000174677334075362,3.40028854368699e-11,6.82552849609248e-10
158489319.246108,0.997525702520033,-0.0496777088210023,3.00392917823507e-07,-1.53188057555208e-08,0.00350596488076878,-0.000178726177727974,3.56014252524414e-11,6.98371895671973e-10
162181009.735889,0.997409408684974,-0.0508289248652101,3.00357037207804e-07,-1.56737980457454e-08,0.00350554626119463,-0.000182867911682352,3.72749202097003e-11,7.14553737435679e-10
165958690.743752,0.997287663149371,-0.0520065338360707,3.00319474556607e-07,-1.60369288607153e-08,0.00350510801729217,-0.000187104598709867,3.90268661545706e-11,7.3110642183318e-10
169824365.24617,0.997160211774384,-0.0532111204826536,3.00280151459431e-07,-1.64083785083494e-08,0.00350464923424532,-0.000191438342483995,4.08609201698154e-11,7.48038154651979e-10
173780082.874933,0.997026788711611,-0.0544432810498676,3.00238985892993e-07,-1.67883308409215e-08,0.00350416895508745,-0.000195871288030688,4.27809078377384e-11,7.65357302225101e-10
177827941.003888,0.996887115876802,-0.0557036233969873,3.00195892058837e-07,-1.71769732915709e-08,0.00350366617880691,-0.000200405622154347,4.47908308132034e-11,7.83072393021815e-10
181970085.860994,0.996740902401197,-0.0569927671085922,3.00150780214048e-07,-1.75744969084709e-08,0.00350313985837208,-0.000205043573836476,4.68948747185817e-11,8.01192119126435e-10
186208713.666282,0.996587844059663,-0.058311343597045,3.00103556494822e-07,-1.79810963863842e-08,0.00350258889867279,-0.000209787414603858,4.90974173725033e-11,8.1972533759252e-10
190546071.79632,0.996427622674796,-0.0596599961955621,3.00054122732602e-07,-1.8396970095316e-08,0.00350201215437532,-0.000214639458862855,5.14030373645409e-11,8.38681071658808e-10
194984459.9758,0.996259905496107,-0.0610393802408661,3.00002376262542e-07,-1.88223201059498e-08,0.00350140842768766,-0.00021960206419618,5.38165229881959e-11,8.58068511812257e-10
199526231.496883,0.996084344553446,-0.0624501631443307,2.99948209724014e-07,-1.92573522115319e-08,0.00350077646603208,-0.000224677631618239,5.63428815447676e-11,8.77897016682443e-10
204173794.466948,0.995900575983751,-0.0638930244504532,2.9989151085289e-07,-1.97022759458438e-08,0.00350011495962162,-0.000229868605784825,5.89873490308898e-11,8.9817611375046e-10
208929613.085399,0.995708219330231,-0.0653686558814005,2.99832162265311e-07,-2.01573045968773e-08,0.00349942253893742,-0.000235177475152676,6.1755400222682e-11,9.18915499854231e-10
213796208.950218,0.995506876813079,-0.0668777613662926,2.99770041232685e-07,-2.06226552157973e-08,0.00349869777210349,-0.000240606772084061,6.4652759169603e-11,9.40125041470875e-10
218776162.39495,0.995296132570786,-0.0684210570537846,2.99705019447601e-07,-2.10985486207514e-08,0.00349793916215572,-0.000246159072891233,6.76854101111958e-11,9.61814774755379e-10
223872113.856829,0.995075551871146,-0.0699992713064147,2.99636962780399e-07,-2.15852093950511e-08,0.00349714514420176,-0.000251836997815231,7.08596088299747e-11,9.83994905313414e-10
229086765.276772,0.994844680291022,-0.0716131446750764,2.99565731026103e-07,-2.20828658792188e-08,0.00349631408246844,-0.000257643210933095,7.41818944537171e-11,1.00667580768456e-09
234422881.531987,0.994603042863952,-0.073263429851859,2.99491177641427e-07,-2.25917501563591e-08,0.00349544426723346,-0.000263580419987219,7.76591017203868e-11,1.02986802451065e-09
239883291.901943,0.994350143194697,-0.0749508915993861,2.99413149471581e-07,-2.31120980302772e-08,0.00349453391163807,-0.00026965137613006,8.12983737188123e-11,1.0535822653621e-09
245470891.568497,0.994085462539807,-0.0766763066546526,2.99331486466598e-07,-2.36441489957265e-08,0.00349358114837736,-0.000275858873577037,8.51071751180786e-11,1.07782940519352e-09
251188643.150952,0.993808458853342,-0.0784404636052289,2.9924602138691e-07,-2.41881462001291e-08,0.00349258402626524,-0.000282205749159943,8.90933058983447e-11,1.10262048239766e-09
257039578.27688,0.993518565796871,-0.0802441627355624,2.99156579497893e-07,-2.47443363960685e-08,0.00349154050667075,-0.000288694881772681,9.3264915595471e-11,1.12796669642504e-09
263026799.189532,0.993215191712926,-0.0820882158409584,2.99062978253147e-07,-2.53129698838071e-08,0.00349044845982284,-0.000295329191700639,9.76305180714147e-11,1.15387940493435e-09
269153480.392685,0.992897718561118,-0.0839734460066683,2.98965026966254e-07,-2.58943004430372e-08,0.00348930566098075,-0.000302111639824442,1.02199006821819e-10,1.18037012043643e-09
275422870.33381,0.992565500816148,-0.0859006873493502,2.98862526470776e-07,-2.64885852530195e-08,0.00348810978646723,-0.000309045226688219,1.06979670831571e-10,1.2074505063924e-09
281838293.126438,0.992217864327044,-0.0878707847179959,2.9875526876829e-07,-2.70960848002132e-08,0.00348685840956216,-0.000316132991421949,1.11982210988326e-10,1.23513237272408e-09
288403150.312653,0.991854105136968,-0.0898845933512421,2.98643036664265e-07,-2.77170627724479e-08,0.00348554899625431,-0.000323378010506768,1.17216757063062e-10,1.26342767069206e-09
295120922.666631,0.991473488263053,-0.0919429784877933,2.98525603391597e-07,-2.83517859386248e-08,0.00348417890084912,-0.000330783396371471,1.22693885265646e-10,1.29234848709434e-09
301995172.040194,0.99107524643579,-0.0940468149264925,2.98402732221669e-07,-2.90005240128816e-08,0.00348274536143093,-0.000338352295807728,1.28424636382138e-10,1.32190703773554e-09
309029543.251351,0.99065857879761,-0.096196986532369,2.98274176062822e-07,-2.96635495020855e-08,0.00348124549517837,-0.000346087888190815,1.3442053449908e-10,1.35211566011364e-09
316227766.01683,0.990222649560394,-0.0983943856847851,2.98139677046155e-07,-3.03411375354605e-08,0.00347967629353182,-0.000353993383491879,1.40693606318379e-10,1.38298680526843e-09
323593656.92962,0.98976658662181,-0.100639912663579,2.97998966098615e-07,-3.10335656750803e-08,0.00347803461721269,-0.000362072020066988,1.47256401064463e-10,1.41453302873243e-09
331131121.482583,0.989289480140489,-0.102934474968878,2.97851762503396e-07,-3.17411137058949e-08,0.00347631719109459,-0.000370327062207381,1.54122010983248e-10,1.44676698052184e-09
338844156.139194,0.98879038107025,-0.105278986570021,2.976977734477e-07,-3.2464063403881e-08,0.00347452059892701,-0.000378761797434496,1.6130409243002e-10,1.47970139410178e-09
346736850.452523,0.988268299653758,-0.107674367078785,2.97536693557979e-07,-3.3202698280834e-08,0.00347264127791308,-0.000387379533522483,1.68816887540594e-10,1.51334907425657e-09
354813389.233567,0.987722203876224,-0.110121540841852,2.97368204422856e-07,-3.39573033042438e-08,0.00347067551314333,-0.000396183595230007,1.76675246477056e-10,1.547722883792e-09
363078054.770092,0.987151017879974,-0.112621435947238,2.97191974103965e-07,-3.47281645906152e-08,0.00346861943188882,-0.000405177320722236,1.84894650235974e-10,1.5828357289932e-09
371535229.097163,0.986553620340997,-0.115174983139071,2.97007656635067e-07,-3.55155690705153e-08,0.00346646899775716,-0.000414364057662971,1.93491234003148e-10,1.61870054375785e-09
380189396.320552,0.985928842808868,-0.117783114634938,2.96814891509861e-07,-3.63198041235496e-08,0.00346422000471696,-0.000423747158955926,2.02481811034778e-10,1.65533027232042e-09
389045144.994271,0.985275468011766,-0.120446762839658,2.9661330315903e-07,-3.7141157181384e-08,0.00346186807099637,-0.000433329978113209,2.11883897040231e-10,1.69273785047984e-09
398107170.553487,0.984592228128657,-0.123166858949143,2.96402500417156e-07,-3.79799152968501e-08,0.00345940863286365,-0.000443115864228091,2.21715735036464e-10,1.73093618523851e-09
407380277.804102,0.98387780303112,-0.125944331437713,2.96182075980268e-07,-3.88363646770858e-08,0.00345683693829837,-0.000453108156528178,2.31996320638467e-10,1.7699381327572e-09
416869383.470325,0.983130818497722,-0.128780104421947,2.9595160585492e-07,-3.97107901785842e-08,0.00345414804056377,-0.000463310178484162,2.42745427743916e-10,1.80975647452634e-09
426579518.801582,0.982349844404299,-0.131675095893932,2.95710648799839e-07,-4.06034747619405e-08,0.00345133679169247,-0.000473725231448374,2.53983634563365e-10,1.85040389165046e-09
436515832.240155,0.981533392894057,-0.134630215816495,2.95458745761344e-07,-4.15146989040112e-08,0.00344839783589951,-0.000484356587796475,2.65732349939899e-10,1.89189293713889e-09
446683592.150952,0.980679916531931,-0.13764636407275,2.9519541930391e-07,-4.24447399651239e-08,0.00344532560293871,-0.000495207483544699,2.78013839894069e-10,1.93423600609251e-09
457088189.614864,0.97978780644827,-0.140724428262093,2.94920173037442e-07,-4.33938715089042e-08,0.0034421143014207,-0.000506281110414296,2.90851254321084e-10,1.97744530367265e-09
467735141.287186,0.978855390477594,-0.143865281334537,2.94632491043023e-07,-4.4362362572222e-08,0.00343875791211306,-0.000517580607314028,3.04268653757708e-10,2.02153281073567e-09
478630092.322626,0.977880931298843,-0.147069779055116,2.94331837299131e-07,-4.5350476882703e-08,0.00343525018124602,-0.000529109051210879,3.18291036125952e-10,2.06651024701358e-09
489778819.368434,0.976862624584368,-0.150338757289891,2.94017655110545e-07,-4.63584720211954e-08,0.00343158461384952,-0.000540869447358589,3.32944363349467e-10,2.11238903171909e-09
501187233.62726,0.975798597165708,-0.153673029104999,2.9368936654244e-07,-4.73865985265485e-08,0.00342775446715074,-0.000552864718853117,3.48255587726549e-10,2.15918024145118e-09
512861383.991352,0.974686905225113,-0.157073381670068,2.93346371862419e-07,-4.84350989400258e-08,0.00342375274406432,-0.000565097695483836,3.64252677930714e-10,2.2068945652765e-09
524807460.249759,0.973525532522733,-0.160540572957273,2.92988048993559e-07,-4.95042067866643e-08,0.00341957218681097,-0.000577571101849065,3.80964644495981e-10,2.25554225686058e-09
537031796.370239,0.97231238867041,-0.164075328227334,2.92613752981823e-07,-5.05941454908909e-08,0.00341520527070389,-0.000590287544704598,3.98421564629214e-10,2.30513308352355e-09
549540873.85761,0.971045307464114,-0.167678336293805,2.92222815481584e-07,-5.17051272237298e-08,0.0034106441981462,-0.000603249499514081,4.16654606176098e-10,2.35567627209546e-09
562341325.190335,0.969722045288231,-0.171350245557143,2.91814544263305e-07,-5.28373516789734e-08,0.00340588089288716,-0.000616459296170629,4.35696050550611e-10,2.40718045144864e-09
575439937.337142,0.968340279606112,-0.175091659800258,2.91388222747841e-07,-5.3991004775758e-08,0.00340090699458884,-0.000629919103859793,4.55579314420128e-10,2.45965359158743e-09
588843655.355574,0.966897607552638,-0.178903133737558,2.90943109572221e-07,-5.51662572850779e-08,0.00339571385376002,-0.000643630915035119,4.76338969919586e-10,2.51310293917992e-09
602559586.074342,0.965391544645872,-0.182785168309899,2.90478438192164e-07,-5.63632633778962e-08,0.00339029252711884,-0.000657596528478986,4.98010763148486e-10,2.56753494942239e-09
616595001.861466,0.963819523636335,-0.186738205718366,2.89993416527073e-07,-5.7582159092672e-08,0.00338463377345085,-0.00067181753142326,5.20631630683917e-10,2.62295521413433e-09
630957344.480177,0.962178893513916,-0.190762624190457,2.89487226653652e-07,-5.88230607203178e-08,0.00337872805003446,-0.000686295280706613,5.44239713821313e-10,2.67936838599133e-09
645654229.034639,0.960466918693978,-0.194858732473025,2.88959024554823e-07,-6.00860631048475e-08,0.00337256550971159,-0.000701030882948213,5.68874370232346e-10,2.73677809881429e-09
660693448.007579,0.95868077840582,-0.199026764047272,2.88407939931075e-07,-6.13712378582599e-08,0.00336613599868658,-0.000716025173720777,5.94576182706366e-10,2.79518688384697e-09
676082975.391964,0.956817566308305,-0.203266871062169,2.87833076081904e-07,-6.2678631488543e-08,0.00335942905514306,-0.000731278695710034,6.21386964618118e-10,2.85459608196958e-09
691830970.918918,0.954874290359118,-0.207579117984003,2.8723350986551e-07,-6.40082634400868e-08,0.00335243390877361,-0.00074679167585223,6.49349761740372e-10,2.91500575181497e-09
707945784.38412,0.952847872965847,-0.211963474961207,2.86608291745452e-07,-6.53601240462432e-08,0.00334513948132416,-0.000762564001446675,6.78508849995636e-10,2.97641457377495e-09
724435960.074971,0.950735151448751,-0.216419810905344,2.85956445933464e-07,-6.67341723943058e-08,0.00333753438826016,-0.000778595195246476,7.0890972871658e-10,3.03881974990942e-09
741310241.300898,0.948532878846799,-0.220947886291062,2.85276970638192e-07,-6.81303341037734e-08,0.00332960694166867,-0.000794884389537568,7.40599108960359e-10,3.10221689979807e-09
758577575.029164,0.94623772510023,-0.225547345680006,2.84568838430102e-07,-6.95484990194398e-08,0.00332134515451566,-0.000811430299224007,7.73624896397996e-10,3.16659995240683e-09
776247116.628671,0.943846278644485,-0.230217709976143,2.83830996733314e-07,-7.09885188216077e-08,0.00331273674638426,-0.000828231193946362,8.08036168276657e-10,3.23196103407558e-09
794328234.724261,0.94135504845193,-0.234958368422671,2.83062368455602e-07,-7.24502045565663e-08,0.00330376915082496,-0.000845284869269816,8.43883143930449e-10,3.2982903527738e-09
812830516.164078,0.938760466559213,-0.239768570353725,2.8226185276822e-07,-7.39333240914061e-08,0.0032944295244539,-0.000862588616989517,8.81217148294615e-10,3.36557607881382e-09
831763771.102649,0.936058891119394,-0.244647416717407,2.81428326047665e-07,-7.54375994982756e-08,0.00328470475794029,-0.000880139194612724,9.20090567859289e-10,3.43380422225952e-09
851138038.202354,0.933246610019137,-0.249593851390341,2.80560642991765e-07,-7.69627043743056e-08,0.00327458148902795,-0.000897932794090382,9.60556798482664e-10,3.50295850732105e-09
870963589.956058,0.930319845102152,-0.254606652307896,2.79657637922829e-07,-7.85082611046567e-08,0.00326404611773909,-0.00091596500988513,1.00267018447027e-09,3.57302024408294e-09
891250938.133722,0.927274757040723,-0.25968442243856,2.78718126290764e-07,-8.00738380774739e-08,0.00325308482391118,-0.000934230806478193,1.04648594831761e-09,3.64396819797537e-09
912010839.355886,0.924107450897549,-0.264825580635559,2.77740906389175e-07,-8.16589468609576e-08,0.00324168358721869,-0.000952724485434298,1.09206011050812e-09,3.71577845746477e-09
933254300.796966,0.920813982420076,-0.270028352403769,2.76724761297469e-07,-8.32630393542954e-08,0.00322982820983169,-0.000971439652161627,1.1394493987589e-09,3.78842430051152e-09
954992586.021411,0.917390365109109,-0.275290760625259,2.75668461061868e-07,-8.48855049258224e-08,0.00321750434186163,-0.000990369182522755,1.18871114611198e-09,3.86187606041818e-09
977237220.955785,0.913832578102602,-0.280610616292374,2.74570765127922e-07,-8.65256675534987e-08,0.00320469750974159,-0.00100950518947263,1.23990317728239e-09,3.93610099177228e-09
999999999.999973,0.910136574914095,-0.285985509303098,2.73430425036733e-07,-8.81827829845968e-08,0.00319139314768304,-0.00102883898992068,1.29308368269413e-09,4.01106313727149e-09
1023292992.28073,0.906298293063256,-0.291412799379536,2.72246187396419e-07,-8.985603593337e-08,0.00317757663234402,-0.00104836107203605,1.34831107966451e-09,4.08672319630702e-09
1047128548.05087,0.902313664633329,-0.296889607176668,2.71016797139575e-07,-9.15445373374157e-08,0.00316323332083387,-0.00106806106323759,1.40564386023558e-09,4.16303839627145e-09
1071519305.23758,0.898178627786839,-0.302412805654923,2.69741001076392e-07,-9.32473216954323e-08,0.00314834859216756,-0.00108792769913356,1.46514042520069e-09,4.23996236765e-09
1096478196.14316,0.893889139266778,-0.307979011796699,2.68417551751843e-07,-9.49633445110864e-08,0.00313290789226742,-0.00110794879369923,1.52685890393403e-09,4.31744502404832e-09
1122018454.30193,0.889441187905389,-0.31358457875345,2.67045211613752e-07,-9.66914798697221e-08,0.0031168967825921,-0.00112811121100438,1.59085695970427e-09,4.39543244840401e-09
1148153621.49685,0.884830809156752,-0.319225588516479,2.65622757496749e-07,-9.84305181766401e-08,0.00310030099245089,-0.00114840083882587,1.65719158023855e-09,4.47386678672208e-09
1174897554.9395,0.880054100662438,-0.324897845210818,2.64148985424979e-07,-1.00179164087618e-07,0.00308310647503687,-0.00116880256450307,1.72591885340312e-09,4.55268615076532e-09
1202264434.61738,0.875107238851567,-0.330596869117612,2.62622715733952e-07,-1.01936034664193e-07,0.00306529946718371,-0.00118930025341558,1.79709372798091e-09,4.63182453121697e-09
1230268770.81235,0.869986496567641,-0.336317891536003,2.61042798509221e-07,-1.03699657787951e-07,0.0030468665528186,-0.00120987673048278,1.87076975965529e-09,4.71121172291337e-09
1258925411.79413,0.864688261704492,-0.342055850600537,2.5940811933639e-07,-1.05468470869627e-07,0.00302779473004777,-0.00123051376510301,1.94699884245422e-09,4.79077326381693e-09
1288249551.6931,0.859209056822555,-0.347805388174469,2.57717605353617e-07,-1.07240819890143e-07,0.00300807148177098,-0.00125119205996543,2.02583092606831e-09,4.87043038946199e-09
1318256738.55637,0.853545559704539,-0.353560847942743,2.55970231593952e-07,-1.09014958811798e-07,0.00298768484967764,-0.00127189124418032,2.10731371963199e-09,4.95010000465579e-09
1348962882.59162,0.847694624796355,-0.359316274830902,2.54165027600817e-07,-1.10789049398526e-07,0.00296662351142969,-0.00129258987118231,2.1914923827466e-09,5.02969467425159e-09
1380384264.60285,0.841653305464999,-0.365065415877309,2.52301084295558e-07,-1.1256116148457e-07,0.00294487686078534,-0.00131326542186489,2.27840920472828e-09,5.10912263482798e-09
1412537544.62272,0.835418876990051,-0.370801722685869,2.50377561071347e-07,-1.14329273730771e-07,0.00292243509036368,-0.00133389431340425,2.36810327328007e-09,5.188287829105e-09
1445439770.74589,0.828988860189615,-0.376518355584596,2.48393693082852e-07,-1.1609127490718e-07,0.00289928927669327,-0.00135445191422354,2.46061013401545e-09,5.26708996490183e-09
1479108388.16817,0.822361045565095,-0.382208189611788,2.46348798695975e-07,-1.17844965739536e-07,0.00287543146712835,-0.00137491256553586,2.55596144249746e-09,5.34542460038834e-09
1513561248.43617,0.815533517832269,-0.387863822445981,2.4424228705681e-07,-1.19588061355471e-07,0.00285085476815579,-0.00139524960988424,2.65418461070062e-09,5.42318325730327e-09
1548816618.91244,0.808504680689033,-0.3934775843882,2.42073665733605e-07,-1.21318194363913e-07,0.00282555343455407,-0.00141543542706915,2.75530245004976e-09,5.50025356370064e-09
1584893192.46107,0.801273281653009,-0.399041550495045,2.39842548380311e-07,-1.23032918598089e-07,0.00279952295880381,-0.00143544147781825,2.85933281343652e-09,5.57651942764325e-09
1621810097.35889,0.793838436785401,-0.404547554948851,2.37548662365028e-07,-1.24729713548752e-07,0.00277276016008896,-0.00145523835550895,2.96628823885648e-09,5.65186124308409e-09
1659586907.43752,0.78619965510124,-0.409987207736325,2.35191856301707e-07,-1.26405989509633e-07,0.00274526327216913,-0.00147479584620061,3.07617559754393e-09,5.72615612896372e-09
1698243652.4617,0.778356862450853,-0.41535191368976,2.32772107418708e-07,-1.28059093451842e-07,0.00271703202934871,-0.00149408299717125,3.18899574970125e-09,5.79927820230193e-09
1737800828.74933,0.770310424643433,-0.420632893925062,2.30289528693532e-07,-1.29686315637753e-07,0.00268806774971771,-0.00151306819408199,3.30474321112116e-09,5.87109888577629e-09
1778279410.03887,0.762061169571283,-0.425821209688513,2.27744375679232e-07,-1.31284896978078e-07,0.00265837341479556,-0.00153171924681213,3.42340583417684e-09,5.94148724995888e-09
1819700858.60993,0.753610408083165,-0.430907788599488,2.25137052944885e-07,-1.3285203712816e-07,0.00262795374467215,-0.00155000348391882,3.54496450680143e-09,6.01031039002671e-09
1862087136.66282,0.744959953347485,-0.435883453249474,2.22468120050134e-07,-1.34384903311263e-07,0.00259681526771275,-0.00156788785557858,3.66939287318858e-09,6.07743383637444e-09
1905460717.96319,0.736112138441305,-0.440738952088842,2.19738296972341e-07,-1.35880639847725e-07,0.00256496638387665,-0.0015853390447641,3.79665708001462e-09,6.14272199814229e-09
1949844599.75799,0.727069831899695,-0.445464992502389,2.16948468904437e-07,-1.37336378359391e-07,0.00253241742069371,-0.00160232358629958,3.92671555200348e-09,6.20603863823303e-09
1995262314.96882,0.717836450962119,-0.450052275942794,2.14099690342236e-07,-1.38749248609003e-07,0.00249918068095097,-0.00161880799332415,4.05951880062469e-09,6.26724737793415e-09
2041737944.66947,0.70841597225866,-0.454491534958591,2.11193188381856e-07,-1.40116389924092e-07,0.00246527048116366,-0.00163475889057455,4.19500926962596e-09,6.3262122287918e-09
2089296130.85398,0.698812939689285,-0.458773571920286,2.08230365151095e-07,-1.41434963144806e-07,0.00243070317994207,-0.00165014315378076,4.33312122095327e-09,6.38279814890864e-09
2137962089.50217,0.689032469264049,-0.462889299215549,2.05212799303157e-07,-1.42702163024986e-07,0.00239549719541877,-0.00166492805434954,4.47378066439821e-09,6.43687162036732e-09
2187761623.94949,0.679080250691459,-0.466829780652624,2.02142246507084e-07,-1.43915231006013e-07,0.00235967301097041,-0.00167908140839719,4.61690533403537e-09,6.48830124402307e-09
2238721138.56828,0.668962545526026,-0.470586273780772,1.99020638876572e-07,-1.45071468273579e-07,0.00232325316855367,-0.0016925717290831,4.76240471416917e-09,6.53695834747253e-09
2290867652.76771,0.658686181714288,-0.474150272808497,1.95850083287603e-07,-1.46168248998884e-07,0.00228626224907699,-0.00170536838109507,4.91018011710235e-09,6.58271760160184e-09
2344228815.31986,0.648258544411169,-0.477513551775108,1.92632858545343e-07,-1.47203033657979e-07,0.00224872683934666,-0.00171744173604635,5.06012481456998e-09,6.62545764075415e-09
2398832919.01942,0.637687562975004,-0.480668207609567,1.89371411372043e-07,-1.48173382316321e-07,0.00221067548525756,-0.0017287633274668,5.21212422415662e-09,6.66506168124582e-09
2454708915.68496,0.626981694089671,-0.483606702693192,1.86068351200015e-07,-1.49076967760235e-07,0.00217213863104263,-0.00173930600400791,5.3660561514379e-09,6.70141813271012e-09
2511886431.50951,0.616149901005311,-0.486321906530234,1.82726443767065e-07,-1.49911588353099e-07,0.00213314854455074,-0.00174904407943618,5.52179108796693e-09,6.73442119656677e-09
2570395782.76879,0.605201628934601,-0.488807136123178,1.79348603525797e-07,-1.50675180491881e-07,0.00209373922868577,-0.00175795347796379,5.67919256457164e-09,6.76397144581232e-09
2630267991.89531,0.594146776688666,-0.49105619464819,1.75937884892712e-07,-1.51365830539186e-07,0.00205394631930978,-0.00176601187346004,5.83811755875034e-09,6.78997638030593e-09
2691534803.92684,0.582995664684644,-0.493063408030904,1.72497472377863e-07,-1.51981786107458e-07,0.0020138069700854,-0.00177319882110442,5.99841695426267e-09,6.81235095179376e-09
2754228703.33809,0.571758999504865,-0.494823659033791,1.69030669650558e-07,-1.52521466575405e-07,0.00197335972490528,-0.00177949588008194,6.15993605032281e-09,6.83101805307423e-09
2818382931.26437,0.560447835234502,-0.496332418483804,1.65540887611141e-07,-1.52983472722063e-07,0.00193264437872527,-0.00178488672598407,6.32251511712599e-09,6.84590896595806e-09
2884031503.12652,0.549073531849646,-0.497585773292794,1.62031631552729e-07,-1.53366595371302e-07,0.00189170182778023,-0.00178935725166432,6.48598999379089e-09,6.85696376301911e-09
2951209226.6663,0.537647710969876,-0.498580450953011,1.5850648750984e-07,-1.53669822948735e-07,0.00185057391031316,-0.00179289565540506,6.65019272419277e-09,6.864131658562e-09
3019951720.40193,0.526182209327918,-0.499313840225568,1.54969107902666e-07,-1.53892347864003e-07,0.00180930323908674,-0.00179549251537974,6.81495222560859e-09,6.86737130474431e-09
3090295432.5135,0.514689030342765,-0.499784007780439,1.51423196596238e-07,-1.54033571643936e-07,0.00176793302706831,-0.00179714084954174,6.98009498460808e-09,6.86665102937718e-09
3162277660.16829,0.50318029421117,-0.499989710591744,1.47872493502479e-07,-1.54093108756033e-07,0.00172650690778173,-0.00179783616023315,7.14544577421395e-09,6.86194901257856e-09
3235936569.29619,0.491668186954901,-0.499930403940963,1.44320758860101e-07,-1.54070789076821e-07,0.00168506875190072,-0.00179757646298323,7.31082838603083e-09,6.85325340015774e-09
3311311214.82582,0.480164908877142,-0.499606244932411,1.40771757332244e-07,-1.53966658975546e-07,0.00164366248171563,-0.00179636229915204,7.47606637081192e-09,6.84056235235347e-09
3388441561.39193,0.468682622890478,-0.499018091478805,1.37229242064526e-07,-1.53780981000202e-07,0.00160233188513844,-0.00179419673226755,7.64098378080184e-09,6.82388402731902e-09
3467368504.52522,0.457233403180914,-0.498167496769112,1.3369693884681e-07,-1.53514232169656e-07,0.0015611204309178,-0.00179108532809998,7.80540590716516e-09,6.80323649952963e-09
3548133892.33565,0.445829184667171,-0.497056699284926,1.30178530520387e-07,-1.53167100892312e-07,0.00152007108671735,-0.00178703611871199,7.96916000588475e-09,6.77864761406682e-09
3630780547.70091,0.434481713702331,-0.495688608484485,1.26677641768517e-07,-1.52740482548055e-07,0.00147922614166658,-0.00178205955091338,8.13207600568954e-09,6.75015477849458e-09
3715352290.97162,0.423202500445921,-0.494066786323945,1.23197824422407e-07,-1.52235473785818e-07,0.00143862703492537,-0.00177616841973094,8.29398719184382e-09,6.71780469477048e-09
3801893963.2055,0.412002773309312,-0.492195424832892,1.19742543406926e-07,-1.51653365603719e-07,0.00139831419171236,-0.00176937778767451,8.45473085999389e-09,6.68165303431613e-09
3890451449.94269,0.400893435846277,-0.490079320004332,1.16315163440802e-07,-1.50995635292051e-07,0.00135832686813583,-0.00176170489073596,8.6141489347137e-09,6.64176405999481e-09
3981071705.53486,0.389885026424601,-0.487723842297864,1.12918936594929e-07,-1.50263937331303e-07,0.00131870300603611,-0.00175316903219651,8.77208854790921e-09,6.59821019929782e-09
4073802778.04101,0.378987680974372,-0.485134904087787,1.09556990800001e-07,-1.49460093347564e-07,0.00127947909890377,-0.0017437914654365,8.92840257282029e-09,6.55107157351722e-09
4168693834.70323,0.368211099065021,-0.482318924415089,1.06232319381238e-07,-1.4858608123605e-07,0.00124069006978113,-0.00173359526703968,9.08295010998648e-09,6.50043548807393e-09
4265795188.0158,0.357564513517161,-0.479282791423198,1.0294777168381e-07,-1.47644023569979e-07,0.00120236916188852,-0.00172260520155967,9.23559692220477e-09,6.44639588947228e-09
4365158322.40153,0.347056663707796,-0.476033822872007,9.9706044837848e-08,-1.46636175416503e-07,0.00116454784254655,-0.0017108475793685,9.38621581619144e-09,6.38905279456233e-09
4466835921.5095,0.336695772679418,-0.472579725132867,9.6509676697176e-08,-1.45564911683957e-07,0.00112725572079181,-0.00169835010903701,9.53468696935139e-09,6.32851169790987e-09
4570881896.14862,0.326489528115838,-0.468928551069251,9.33610399711359e-08,-1.44432714125276e-07,0.00109052047891267,-0.00168514174570383,9.68089820074476e-09,6.26488296310227e-09
4677351412.87185,0.316445067201105,-0.465088657203703,9.02623375545684e-08,-1.432421581212e-07,0.00105436781796378,-0.0016712525368751,9.82474518600965e-09,6.19828120376061e-09
4786300923.22624,0.306568965333411,-0.461068660562082,8.72155990472727e-08,-1.41995899363902e-07,0.00101882141715829,-0.00165671346706246,9.96613161663973e-09,6.12882465988981e-09
4897788193.68432,0.296867228624056,-0.456877395571317,8.42226784413781e-08,-1.40696660557122e-07,0.000983902906886107,-0.00164155630261354,1.01049693046175e-08,6.05663457498576e-09
5011872336.27258,0.287345290073024,-0.452523871367527,8.12852529431684e-08,-1.39347218242908e-07,0.000949631854967775,-0.00162581343801965,1.02411782339583e-08,5.98183457904014e-09
5128613839.9135,0.278008009277943,-0.448017229848104,7.84048228851718e-08,-1.37950389857887e-07,0.000916025765628503,-0.00160951774490142,1.0374686561221e-08,5.90455008224886e-09
5248074602.49757,0.268859675502523,-0.443366704774737,7.5582712674864e-08,-1.36509021113802e-07,0.000883100090566342,-0.00159270242477753,1.05054305674814e-08,5.82490768384707e-09
5370317963.70237,0.25990401390429,-0.438581582205251,7.28200727182233e-08,-1.35025973788026e-07,0.000850868251393964,-0.0015754008666168,1.06333545646458e-08,5.74303460007481e-09
5495408738.57609,0.251144194699629,-0.433671162501028,7.011788224965e-08,-1.3350411400021e-07,0.000819341672654975,-0.00155764651006191,1.07584107592907e-08,5.65905811483005e-09
5623413251.90333,0.242582845026909,-0.428644724124508,6.74769529944424e-08,-1.31946301041243e-07,0.000788529824553669,-0.00153947271509696,1.08805590774677e-08,5.57310505610147e-09
5754399373.3714,0.234222063255686,-0.423511489408404,6.48979335860853e-08,-1.3035537681056e-07,0.000758440274491154,-0.0015209126388127,1.09997669540937e-08,5.48530130080021e-09
5888436553.55572,0.226063435481569,-0.418280592445374,6.23813146579996e-08,-1.2873415590771e-07,0.00072907874647042,-0.00150199911980489,1.11160090906664e-08,5.39577131013725e-09
6025595860.7434,0.218108053941981,-0.412961049214623,5.99274345280729e-08,-1.27085416414101e-07,0.000700449187417357,-0.0014827645706251,1.1229267185111e-08,5.3046376972282e-09
6165950018.61464,0.210356537087561,-0.407561730030618,5.7536485394132e-08,-1.25411891391227e-07,0.000672553839462925,-0.0014632408785906,1.13395296375664e-08,5.21202082815763e-09
6309573444.80175,0.202809051046944,-0.402091334369299,5.5208519959441e-08,-1.23716261112453e-07,0.000645393317242412,-0.00144345931515278,1.144679123588e-08,5.11803845730635e-09
6456542290.34637,0.195465332228743,-0.396558368099163,5.29434584091982e-08,-1.22001146036822e-07,0.000618966689289775,-0.00142345045392259,1.15510528244881e-08,5.02280539734228e-09
6606934480.07577,0.188324710813438,-0.390971123118666,5.07410956617239e-08,-1.20269100525317e-07,0.000593271562636789,-0.0014032440973584,1.16523209602354e-08,4.9264332239026e-09
6760829753.91962,0.181386134898993,-0.385337659377731,4.86011088214876e-08,-1.18522607292748e-07,0.000568304169767024,-0.00138286921203622,1.17506075585213e-08,4.82903001465518e-09
6918309709.18916,0.174648195077151,-0.379665789239923,4.65230647651506e-08,-1.16764072581843e-07,0.000544059457121694,-0.00136235387234602,1.18459295329771e-08,4.73070012212191e-09
7079457843.84117,0.168109149231959,-0.373963064123144,4.45064277963178e-08,-1.14995822040399e-07,0.000520531174407114,-0.00134172521239052,1.19383084316631e-08,4.63154397937798e-09
7244359600.74969,0.161766947367808,-0.368236763340492,4.25505673095488e-08,-1.13220097277294e-07,0.000497711964010157,-0.00132100938580437,1.20277700725499e-08,4.53165793750841e-09
7413102413.00896,0.155619256290872,-0.362493885049231,4.06547654092878e-08,-1.11439053068987e-07,0.000475593449887722,-0.00130023153316252,1.21143441808086e-08,4.43113413350702e-09
7585775750.29161,0.149663483984794,-0.3567411392046,3.88182244346196e-08,-1.09654755184639e-07,0.00045416632535744,-0.00127941575660598,1.21980640301909e-08,4.33006038714163e-09
7762471166.28669,0.143896803538642,-0.350984942406229,3.70400743460512e-08,-1.07869178795225e-07,0.000433420439278615,-0.00125858510128113,1.22789660905292e-08,4.22852012518162e-09
7943282347.24258,0.138316176502245,-0.345231414518236,3.53193799357885e-08,-1.06084207429969e-07,0.000413344880173837,-0.0012377615431645,1.23570896831465e-08,4.12659233128861e-09
8128305161.64075,0.132918375560697,-0.339486376939425,3.36551478281318e-08,-1.04301632441959e-07,0.000393928057901883,-0.00121696598282828,1.24324766457182e-08,4.02435151980427e-09
8317637711.02647,0.127700006436043,-0.333755352397183,3.20463332416111e-08,-1.02523152943972e-07,0.000375157782550804,-0.00119621824469162,1.2505171007901e-08,3.92186773163062e-09
8511380382.02351,0.122657528939632,-0.328043566137632,3.04918464892628e-08,-1.00750376175169e-07,0.000357021340275867,-0.00117553708129902,1.25752186788156e-08,3.81920655038335e-09
8709635899.56055,0.117787277113296,-0.322355948384984,2.89905591979713e-08,-9.89848182595012e-08,0.000339505565859792,-0.00115494018216869,1.26426671472626e-08,3.71642913700622e-09
8912509381.33719,0.11308547841124,-0.31669713794482,2.75413102320399e-08,-9.72279053171484e-08,0.000322596911822193,-0.00113444418675977,1.27075651953497e-08,3.61359228106087e-09
9120108393.55883,0.108548271887281,-0.311071486828914,2.61429113100859e-08,-9.54809748912709e-08,0.000306281513950989,-0.00111406470111833,1.27699626260274e-08,3.5107484669497e-09
9332543007.96963,0.104171725363769,-0.305483065783083,2.47941523079616e-08,-9.37452776534979e-08,0.000290545253170649,-0.00109381631777527,1.28299100048606e-08,3.40794595338621e-09
9549925860.21408,0.0999518515691323,-0.299935670604202,2.34938062436856e-08,-9.2021979353045e-08,0.000275373813700387,-0.00107371263848674,1.28874584162103e-08,3.3052288644961e-09
9772372209.55782,0.0958846232405761,-0.294432829137836,2.22406339433133e-08,-9.03121629759763e-08,0.000260752737489857,-0.00105376629942618,1.29426592338621e-08,3.20263729101001e-09
9999999999.9997,0.0919659871969378,-0.288977808853725,2.10333883893031e-08,-8.8616831082918e-08,0.000246667474950456,-0.0010339889984584,1.29955639060175e-08,3.10020740009397e-09
10232929922.8072,0.0881918773941964,-0.283573624902498,1.9870818755236e-08,-8.69369082954287e-08,0.000233103432027288,-0.00101439152414801,1.30462237544532e-08,2.99797155245383e-09
10471285480.5087,0.0845582269825994,-0.278223048563389,1.875167413275e-08,-8.52732439032001e-08,0.000220046013680131,-0.000994983786177492,1.30946897875631e-08,2.89595842544373e-09
10715193052.3757,0.0810609793899222,-0.272928615999237,1.76747069582571e-08,-8.3626614566273e-08,0.000207480663861732,-0.000975774846873809,1.31410125269185e-08,2.79419314100426e-09
10964781961.4315,0.0776960984600255,-0.267692637241584,1.66386761484493e-08,-8.19977270884747e-08,0.000195392902098486,-0.000956772953565937,1.3185241846912e-08,2.6926973973523e-09
11220184543.0193,0.07445957767971,-0.26251720533521,1.56423499547801e-08,-8.03872212402885e-08,0.000183768356792364,-0.000937985571519047,1.32274268270003e-08,2.5914896034403e-09
11481536214.9685,0.0713474485299354,-0.257404205577789,1.46845085480568e-08,-7.87956726113383e-08,0.000172592795373973,-0.000919419417214174,1.32676156160139e-08,2.49058501529684e-09
11748975549.3949,0.0683557879998419,-0.2523553247966,1.37639463450074e-08,-7.72235954745843e-08,0.0001618521514452,-0.000901080491764467,1.33058553079702e-08,2.38999587345191e-09
12022644346.1738,0.0654807253037568,-0.247372060610173,1.28794740892252e-08,-7.56714456461789e-08,0.000151532549056121,-0.000882974114280757,1.33421918288015e-08,2.28973154073941e-09
12302687708.1234,0.062718447842536,-0.242455730628503,1.20299206992547e-08,-7.41396233266946e-08,0.000141620324265086,-0.00086510495501973,1.33766698333936e-08,2.18979863985388e-09
12589254117.9413,0.0600652064512674,-0.237607481550909,1.12141348967882e-08,-7.26284759111224e-08,0.000132102044133312,-0.000847477068167682,1.34093326123222e-08,2.09020119012021e-09
12882495516.931,0.0575173199755803,-0.232828298125721,1.04309866280111e-08,-7.11383007566187e-08,0.000122964523306089,-0.000830093924131263,1.34402220076731e-08,1.99094074301112e-09
13182567385.5637,0.0550711792186492,-0.22811901194082,9.67936829108463e-09,-6.96693478984693e-08,0.000114194838332126,-0.000812958441224003,1.34693783373337e-08,1.89201651602008e-09
13489628825.9161,0.0527232503004801,-0.22348031001854,8.95819578259857e-09,-6.82218227061245e-08,0.000105780339870767,-0.000796073016653552,1.34968403271553e-08,1.79342552456459e-09
13803842646.0284,0.0504700774702911,-0.21891274319257,8.26640937558646e-09,-6.67958884724406e-08,9.77086629340007e-05,-0.000779439556729582,1.35226450503973e-08,1.69516271165805e-09
14125375446.2271,0.0483082854117825,-0.214416734248364,7.60297444138187e-09,-6.53916689304499e-08,8.99677353065016e-05,-0.00076305950622605,1.35468278738795e-08,1.59722107514661e-09
14454397707.4588,0.0462345810798804,-0.209992585812035,6.96688202721795e-09,-6.40092506930608e-08,8.25457842825718e-05,-0.000746933876844215,1.35694224102935e-08,1.49959179236158e-09
14791083881.6816,0.0442457551061702,-0.205640487975927,6.35714930105009e-09,-6.26486856120809e-08,7.54313418539262e-05,-0.00073106327473428,1.35904604761401e-08,1.40226434208713e-09
15135612484.3616,0.0423386828087486,-0.201360525651942,5.77281987462009e-09,-6.13099930538472e-08,6.8613248476866e-05,-0.000715447927043992,1.36099720547913e-08,1.30522662378868e-09
15488166189.1243,0.0405103248406399,-0.197152685646304,5.21296401529113e-09,-5.99931620895553e-08,6.20806555416896e-05,-0.000700087707471913,1.36279852641949e-08,1.20846507408814e-09
15848931924.6107,0.038757727509282,-0.193016863451788,4.67667875667317e-09,-5.86981535990981e-08,5.58230266612419e-05,-0.000684982160811488,1.36445263287728e-08,1.11196478050986e-09
16218100973.5888,0.0370780227978995,-0.188952869755473,4.16308791753726e-09,-5.74249022878689e-08,4.98301378894223e-05,-0.000670130526479546,1.36596195550898e-08,1.01570959255438e-09
16595869074.3751,0.0354684281178827,-0.184960436661972,3.67134203798889e-09,-5.61733186165486e-08,4.40920769743087e-05,-0.000655531761029438,1.3673287310899e-08,9.19682230187805e-10
16982436524.6169,0.0339262458195858,-0.181039223633638,3.20061824134286e-09,-5.49432906443945e-08,3.8599241744398e-05,-0.000641184559654856,1.36855500072009e-08,8.23864389861045e-10
17378008287.4932,0.0324488624872681,-0.177188823150672,2.7501200296177e-09,-5.37346857869816e-08,3.33423377203468e-05,-0.000627087376695425,1.36964260829827e-08,7.28236848197584e-10
17782794100.3887,0.0310337480422442,-0.173408766095267,2.31907702005182e-09,-5.25473524897197e-08,2.83123750385777e-05,-0.000613238445159474,1.37059319923347e-08,6.32779563509219e-10
18197008586.0993,0.0296784546766798,-0.169698526864924,1.90674462953923e-09,-5.1381121818789e-08,2.35006647672328e-05,-0.000599635795283163,1.37140821936709e-08,5.37471775317968e-10
18620871366.6281,0.0283806156388986,-0.166057528220965,1.5124037133923e-09,-5.0235808971405e-08,1.88988146892341e-05,-0.000586277272148245,1.37208891408108e-08,4.42292102078256e-10
19054607179.6319,0.0271379438895395,-0.162485145878966,1.13536016436437e-09,-4.91112147075463e-08,1.44987246216784e-05,-0.000573160552383337,1.37263632757114e-08,3.47218637307331e-10
19498445997.5799,0.0259482306464391,-0.158980712848441,7.74944477409612e-10,-4.80071267054627e-08,1.0292581335474e-05,-0.000560283159975737,1.3730513022666e-08,2.5222904434355e-10
19952623149.6882,0.0248093438347153,-0.155543523529543,4.30511285219032e-10,-4.69233208434232e-08,6.2728531340196e-06,-0.000547642481222474,1.37333447838173e-08,1.57300649961789e-10
20417379446.6947,0.0237192264571905,-0.15217283757493,1.01438869155216e-10,-4.58595624102792e-08,2.43228414486296e-06,-0.000535235778850606,1.37348629358641e-08,6.24105370830916e-11
20892961308.5398,0.0226758948990252,-0.148867883525209,-2.12871350189564e-10,-4.48156072474949e-08,-1.23611162636042e-06,-0.000523060205337729,1.37350698278655e-08,-3.24643631783842e-11
21379620895.0217,0.0216774371792338,-0.145627862226513,-5.1299533896314e-10,-4.37912028253589e-08,-4.73905643479572e-06,-0.000511112815464321,1.37339657800829e-08,-1.27347179883671e-10
21877616239.4949,0.0207220111606223,-0.142451950038916,-7.9948698905848e-10,-4.2786089256118e-08,-8.08301508728297e-06,-0.000499390578129902,1.37315490838223e-08,-2.22261010802482e-10
22387211385.6827,0.0198078427286235,-0.139339301844401,-1.07287866699671e-09,-4.18000002467893e-08,-1.12742013484684e-05,-0.000487890387465153,1.37278160022747e-08,-3.17228830860762e-10
22908676527.677,0.018933223948509,-0.136289053863079,-1.33368176984618e-09,-4.08326639943995e-08,-1.43185844289412e-05,-0.000476609073272056,1.37227607723784e-08,-4.12273400251705e-10
23442288153.1985,0.0180965112095245,-0.133300326286295,-1.58238728563151e-09,-3.98838040263794e-08,-1.72218955256752e-05,-0.000465543410823863,1.37163756077571e-08,-5.07417171961811e-10
23988329190.1942,0.0172961233636261,-0.130372225735147,-1.81946635596331e-09,-3.89531399888051e-08,-1.99896343882811e-05,-0.000454690130056298,1.37086507028179e-08,-6.02682198467335e-10
24547089156.8495,0.0165305398656863,-0.127503847552794,-2.04537083887787e-09,-3.80403883851329e-08,-2.26270758875924e-05,-0.000444045924180849,1.36995742381222e-08,-6.98090037361964e-10
25118864315.095,0.0157982989212914,-0.12469427793876,-2.26053387011704e-09,-3.71452632680163e-08,-2.51392765659152e-05,-0.000433607457750351,1.36891323871728e-08,-7.93661655683773e-10
25703957827.6879,0.0150979956475543,-0.121942595933227,-2.46537042130285e-09,-3.62674768867303e-08,-2.75310811508886e-05,-0.000423371374206302,1.36773093247888e-08,-8.89417332718584e-10
26302679918.953,0.014428280251731,-0.119247875259116,-2.6602778536694e-09,-3.54067402926544e-08,-2.98071290173275e-05,-0.00041333430293652,1.36640872372726e-08,-9.85376561067873e-10
26915348039.2683,0.0137878562318349,-0.116609186029487,-2.84563646620776e-09,-3.45627639051909e-08,-3.19718605836714e-05,-0.000403492865870833,1.36494463346013e-08,-1.08155794578247e-09
27542287033.3808,0.0131754786029055,-0.114025596327567,-3.02181003725841e-09,-3.37352580404092e-08,-3.40295236317443e-05,-0.000393843683641546,1.36333648649051e-08,-1.17797910137865e-09
28183829312.6437,0.0125899521520892,-0.111496173666452,-3.18914635875035e-09,-3.29239334046227e-08,-3.59841795404556e-05,-0.000384383381334418,1.36158191315276e-08,-1.27465654657085e-09
28840315031.2652,0.0120301297252345,-0.109019986335245,-3.34797776243898e-09,-3.2128501555015e-08,-3.78397094258457e-05,-0.000375108593854824,1.35967835129906e-08,-1.37160559657565e-09
29512092266.6629,0.0114949105472945,-0.106596104638173,-3.49862163763446e-09,-3.1348675329339e-08,-3.95998201815148e-05,-0.000366015970932737,1.35762304862184e-08,-1.46884025286462e-09
30199517204.0192,0.0109832385784466,-0.104223602032896,-3.64138094004144e-09,-3.058416924662e-08,-4.12680504149722e-05,-0.000357102181789028,1.35541306534044e-08,-1.56637309026958e-09
30902954325.1349,0.0104941009075023,-0.10190155617401,-3.77654469144927e-09,-2.98346998806966e-08,-4.28477762768249e-05,-0.000348363919484511,1.35304527729349e-08,-1.66421514137312e-09
31622776601.6828,0.0100265261838661,-0.0996290498674472,-3.90438847011951e-09,-2.90999862083389e-08,-4.43422171809749e-05,-0.000339797904972005,1.3505163794811e-08,-1.76237577814969e-09
32359365692.9618,0.00957958308902686,-0.0974051719412238,-4.02517489181651e-09,-2.83797499335834e-08,-4.57544414151515e-05,-0.000331400890870573,1.34782289010396e-08,-1.86086259085863e-09
33113112148.2581,0.00915237884830876,-0.0952290180377322,-4.13915408151619e-09,-2.76737157898289e-08,-4.70873716421391e-05,-0.000323169664979935,1.344961155149e-08,-1.95968126423063e-09
33884415613.9192,0.00874405778338707,-0.0930996913325152,-4.24656413590899e-09,-2.69816118211355e-08,-4.83437902930102e-05,-0.000315101053551935,1.34192735357375e-08,-2.05883545103291e-09
34673685045.2521,0.00835379990586879,-0.0910163031842196,-4.34763157688605e-09,-2.63031696440753e-08,-4.95263448545154e-05,-0.000307191924334765,1.33871750314413e-08,-2.1583266431466e-09
35481338923.3565,0.00798081955205944,-0.0889779737201853,-4.44257179626236e-09,-2.56381246913779e-08,-5.06375530535429e-05,-0.000299439189404522,1.33532746698193e-08,-2.25815404034225e-09
36307805477.009,0.00762436405887688,-0.0869838323618944,-4.53158949204813e-09,-2.49862164385221e-08,-5.1679807942225e-05,-0.000291839807797512,1.33175296088078e-08,-2.35831441699657e-09
37153522909.7161,0.00728371248073122,-0.0850330182942804,-4.61487909662964e-09,-2.4347188614319e-08,-5.26553828878527e-05,-0.000284390787955575,1.32798956145004e-08,-2.45880198705472e-09
38018939632.0549,0.00695817434706578,-0.083124680882684,-4.69262519726361e-09,-2.37207893964392e-08,-5.35664364722574e-05,-0.000277089189995531,1.32403271514776e-08,-2.55960826760904e-09
38904514499.4268,0.00664708846014443,-0.0812579800410303,-4.76500294932476e-09,-2.31067715927325e-08,-5.4415017305736e-05,-0.000269932127812749,1.31987774826402e-08,-2.6607219415357e-09
39810717055.3485,0.00634982173257626,-0.0794320865546066,-4.83217848277482e-09,-2.2504892809094e-08,-5.52030687609269e-05,-0.00026291677102763,1.31551987791596e-08,-2.76212871970615e-09
40738027780.41,0.00606576806398614,-0.0776461823606255,-4.89430930234285e-09,-2.19149156045284e-08,-5.59324336322976e-05,-0.000256040346782712,1.31095422411544e-08,-2.86381120337007e-09
41686938347.0322,0.0057943472561697,-0.075899460789577,-4.95154468192058e-09,-2.13366076339699e-08,-5.66048587270693e-05,-0.000249300141396926,1.30617582296867e-08,-2.96574874739023e-09
42657951880.1579,0.0055350039660115,-0.0741911267701973,-5.00402605368388e-09,-2.07697417793129e-08,-5.72219993934898e-05,-0.000242693501882426,1.30117964106505e-08,-3.06791732509739e-09
43651583224.0152,0.00528720669539508,-0.0725203970007156,-5.05188739245061e-09,-2.02140962690176e-08,-5.77854239923599e-05,-0.000236217837328283,1.29596059110949e-08,-3.17028939562408e-09
44668359215.0949,0.00505044681729254,-0.0708865000888805,-5.09525559577678e-09,-1.96694547865521e-08,-5.82966183176277e-05,-0.000229870620154223,1.29051354884841e-08,-3.27283377466969e-09
45708818961.4861,0.00482423763718748,-0.069288676663118,-5.13425086027727e-09,-1.91356065678454e-08,-5.87569899716791e-05,-0.000223649387236499,1.28483337133443e-08,-3.37551550974449e-09
46773514128.7184,0.00460811348895902,-0.0677261794570267,-5.16898705463254e-09,-1.86123464878261e-08,-5.91678727006796e-05,-0.000217551740906918,1.27891491656867e-08,-3.47829576103649e-09
47863009232.2623,0.0044016288643342,-0.0661982733692826,-5.19957208971054e-09,-1.80994751360371e-08,-5.95305306949454e-05,-0.000211575349824989,1.27275306455175e-08,-3.58113168914113e-09
48977881936.8431,0.00420435757500205,-0.0647042355008936,-5.22610828619175e-09,-1.75967988812246e-08,-5.98461628588498e-05,-0.00020571794972216,1.26634273976606e-08,-3.6839763509881e-09
50118723362.7256,0.00401589194647268,-0.0632433551716227,-5.24869274003534e-09,-1.71041299247197e-08,-6.01159070542013e-05,-0.000199977344016118,1.25967893510127e-08,-3.78677860539134e-09
51286138399.1349,0.00383584204276026,-0.0618149339172838,-5.26741768606558e-09,-1.66212863423484e-08,-6.03408443203489e-05,-0.000194351404292245,1.25275673722344e-08,-3.88948302973503e-09
52480746024.9756,0.00366383492096755,-0.060418285469502,-5.28237085989e-09,-1.61480921145331e-08,-6.05220030734944e-05,-0.000188838070648422,1.24557135337484e-08,-3.99202984938879e-09
53703179637.0236,0.00349951391485219,-0.059052735719428,-5.29363585828373e-09,-1.56843771441805e-08,-6.06603632868098e-05,-0.000183435351898616,1.23811813957662e-08,-4.09435488151688e-09
54954087385.7607,0.00334253794646065,-0.0577176226667997,-5.30129249808928e-09,-1.52299772618901e-08,-6.07568606519705e-05,-0.00017814132562997,1.2303926301903e-08,-4.19638949500748e-09
56234132519.0331,0.00319258086492404,-0.0564122963556498,-5.30541717358636e-09,-1.47847342179652e-08,-6.08123907216363e-05,-0.000172954138107504,1.22239056877609e-08,-4.29806058829555e-09
57543993733.7139,0.00304933081152034,-0.0551361187978712,-5.3060832121842e-09,-1.43484956606649e-08,-6.08278130312304e-05,-0.000167872004020066,1.21410794016647e-08,-4.39929058688488e-09
58884365535.557,0.00291248961012064,-0.053888463885773,-5.3033612281787e-09,-1.39211151001056e-08,-6.08039551971041e-05,-0.000162893206060771,1.20554100365326e-08,-4.49999746238864e-09
60255958607.4339,0.00278177218215102,-0.0526687172946792,-5.29731947419959e-09,-1.35024518572e-08,-6.07416169868285e-05,-0.000158016094334963,1.19668632716382e-08,-4.60009477490049e-09
61659500186.1463,0.0026569059852176,-0.0514762763765517,-5.28802418985018e-09,-1.30923709970157e-08,-6.06415743559406e-05,-0.000153239085588648,1.18754082227957e-08,-4.69949174047683e-09
63095734448.0173,0.00253763047455938,-0.0503105500455514,-5.27553994691438e-09,-1.26907432459438e-08,-6.05045834440064e-05,-0.000148560662250461,1.17810177992555e-08,-4.79809332545411e-09
64565422903.4635,0.00242369658651151,-0.0491709586563865,-5.25992999037488e-09,-1.22974448920953e-08,-6.0331384521355e-05,-0.000143979371280492,1.16836690653583e-08,-4.89580036923811e-09
66069344800.7575,0.00231486624318045,-0.0480569338762347,-5.24125657435387e-09,-1.19123576683822e-08,-6.01227058763153e-05,-0.000139493822819795,1.15833436047452e-08,-4.99250973708546e-09
67608297539.196,0.00221091187755207,-0.0469679185509767,-5.2195812919554e-09,-1.1535368617801e-08,-5.98792676312682e-05,-0.000135102688635082,1.14800278846738e-08,-5.08811450424688e-09
69183097091.8914,0.0021116159782739,-0.0459033665664152,-5.19496539785889e-09,-1.11663699405183e-08,-5.96017854743323e-05,-0.000130804700354009,1.13737136177547e-08,-5.18250417265659e-09
70794578438.4115,0.00201677065337269,-0.0448627427051134,-5.16747012238842e-09,-1.08052588224513e-08,-5.92909742920697e-05,-0.000126598647487596,1.12643981181833e-08,-5.27556492113134e-09
72443596007.4967,0.00192617721218975,-0.043845522499436,-5.13715697566534e-09,-1.04519372451589e-08,-5.89475516872481e-05,-0.000122483375237667,1.11520846493345e-08,-5.3671798897851e-09
74131024130.0894,0.00183964576483665,-0.0428511920813306,-5.1040880403446e-09,-1.01063117769939e-08,-5.85722413644665e-05,-0.000118457782088781,1.10367827593826e-08,-5.45722949907165e-09
75857757502.9159,0.00175699483849518,-0.0418792480293524,-5.06832625134185e-09,-9.76829334562436e-09,-5.81657763653743e-05,-0.000114520817185927,1.09185086014455e-08,-5.54559180353846e-09
77624711662.8667,0.001678051009906,-0.0409291972133907,-5.02993566088049e-09,-9.43779699220566e-09,-5.77289021343211e-05,-0.000110671477501229,1.079728523461e-08,-5.63214288001216e-09
79432823472.4256,0.00160264855341101,-0.0400005566375242,-4.98898168713029e-09,-9.1147416076777e-09,-5.72623793946089e-05,-0.000106908804795159,1.06731429020926e-08,-5.71675724954254e-09
81283051616.4073,0.00153062910393532,-0.0390928532813983,-4.94553134467246e-09,-8.7990496518658e-09,-5.67669868150992e-05,-0.000103231882380045,1.05461192827365e-08,-5.79930833201078e-09
83176377110.2644,0.00146184133431445,-0.0382056239404829,-4.89965345501583e-09,-8.49064685628321e-09,-5.62435234468027e-05,-9.96398316962489e-05,1.0416259712031e-08,-5.87966893186393e-09
85113803820.2349,0.00139614064639288,-0.0373384150655471,-4.85141883540497e-09,-8.18946191175998e-09,-5.56928109092709e-05,-9.61318087139206e-05,1.02836173688876e-08,-5.95771175297713e-09
87096358995.6053,0.00133338887533923,-0.0364907826016516,-4.80090046420762e-09,-7.89542614225663e-09,-5.51156953071374e-05,-9.27070001759854e-05,1.01482534245057e-08,-6.03330994017386e-09
89125093813.3717,0.00127345400664314,-0.035662291826943,-4.74817362124685e-09,-7.60847316645649e-09,-5.45130488580563e-05,-8.93646197006743e-05,1.00102371498283e-08,-6.10633764446082e-09
91201083935.588,0.00121620990527742,-0.0348525171915021,-4.6933160015545e-09,-7.3285385489632e-09,-5.38857712145576e-05,-8.61039037646113e-05,9.86964597831199e-09,-6.17667060856569e-09
93325430079.6961,0.00116153605652781,-0.0340610421564844,-4.63640780116677e-09,-7.0555594431562e-09,-5.32347904639992e-05,-8.29241075900554e-05,9.72656552103051e-09,-6.24418676891275e-09
95499258602.1405,0.00110931731801069,-0.0332874590337637,-4.57753177376113e-09,-6.7894742279709e-09,-5.25610637928444e-05,-7.98245009623572e-05,9.58108953148805e-09,-6.3087668697418e-09
97723722095.5779,0.00105944368241674,-0.0325313688262756,-4.51677325714476e-09,-6.53022214106694e-09,-5.18655778039121e-05,-7.68043640059475e-05,9.43331981794113e-09,-6.37029508468079e-09
99999999999.9967,0.00101181005053563,-0.0317923810692367,-4.45422016884664e-09,-6.27774291102296e-09,-5.11493484780343e-05,-7.38629829491876e-05,9.28336610150949e-09,-6.42865964073174e-09
102329299228.072,0.000966316014133809,-0.0310701136724013,-4.38996297033659e-09,-6.03197639134333e-09,-5.04134207746625e-05,-7.09996459100972e-05,9.13134581889474e-09,-6.48375343933168e-09
104712854805.087,0.000922865648273417,-0.0303641927634997,-4.32409459969091e-09,-5.79286219917846e-09,-4.96588678693752e-05,-6.82136387363108e-05,8.97738386911349e-09,-6.5354746689168e-09
107151930523.757,0.000881367312676311,-0.02967425253299,-4.25671037284214e-09,-5.56033936173877e-09,-4.88867900298867e-05,-6.55042409335154e-05,8.82161230428027e-09,-6.58372740325448e-09
109647819614.315,0.000841733461752492,-0.0289999350802405,-4.18790785388463e-09,-5.33434597342205e-09,-4.80983131360003e-05,-6.28707217170762e-05,8.66416996513686e-09,-6.62842217972435e-09
112201845430.193,0.000803880462927006,-0.0283408902612493,-4.11778669525343e-09,-5.11481886666995e-09,-4.72945868529166e-05,-6.03123362215092e-05,8.50520206270685e-09,-6.66947655172977e-09
114815362149.684,0.000767728422913822,-0.027696775537994,-4.04644844894353e-09,-4.90169329951925e-09,-4.64767824713304e-05,-5.78283219018876e-05,8.34485970814507e-09,-6.70681560951125e-09
117489755493.949,0.00073320102159906,-0.0270672558294961,-3.9739963502854e-09,-4.69490266271835e-09,-4.56460904317515e-05,-5.54178951601678e-05,8.18329939353969e-09,-6.74037246381417e-09
120226443461.737,0.000700225353209418,-0.0264520033646731,-3.90053507613228e-09,-4.49437820913554e-09,-4.48037175543905e-05,-5.30802482277744e-05,8.02068242709475e-09,-6.77008868713677e-09
123026877081.234,0.00066873177445463,-0.0258506975370437,-3.82617047963883e-09,-4.30004880799701e-09,-4.39508839996717e-05,-5.08145463336081e-05,7.85717432676074e-09,-6.79591470764783e-09
125892541179.413,0.000638653759345328,-0.0252630247613431,-3.75100930411268e-09,-4.11184072625891e-09,-4.30888199879053e-05,-4.86199251839637e-05,7.6929441769768e-09,-6.81781015131308e-09
128824955169.309,0.000609927760399815,-0.0246886783320947,-3.67515887869254e-09,-3.92967743914404e-09,-4.22187623097786e-05,-4.64954887776886e-05,7.52816395372642e-09,-6.83574412830009e-09
131825673855.636,0.000582493075964917,-0.0241273582841835,-3.59872679884467e-09,-3.75347947156203e-09,-4.13419506620591e-05,-4.44403075763427e-05,7.36300782357871e-09,-6.84969546033325e-09
134896288259.161,0.000556291723387352,-0.023578771255462,-3.52182059486572e-09,-3.58316427178998e-09,-4.04596238451587e-05,-4.2453417045178e-05,7.19765142277767e-09,-6.85965284633527e-09
138038426460.284,0.000531268317782903,-0.0230426303514214,-3.44454739173192e-09,-3.41864611842141e-09,-3.95730158609533e-05,-4.0533816576527e-05,7.03227112274405e-09,-6.86561496440585e-09
141253754462.271,0.000507369956161129,-0.0225186550119483,-3.36701356373762e-09,-3.25983606120474e-09,-3.86833519504347e-05,-3.86804688027355e-05,6.86704328856113e-09,-6.86759050894055e-09
144543977074.588,0.000484546106673426,-0.0220065708801873,-3.2893243874174e-09,-3.1066418959935e-09,-3.77918446113615e-05,-3.68922993011948e-05,6.70214353712239e-09,-6.86559816246697e-09
147910838816.816,0.000462748502761898,-0.0215061096735212,-3.21158369624554e-09,-2.95896817362724e-09,-3.68996896360674e-05,-3.51681966893968e-05,6.53774600162294e-09,-6.85966650255896e-09
151356124843.616,0.000441931041995846,-0.0210170090566795,-3.13389354055281e-09,-2.81671624216356e-09,-3.6008062208969e-05,-3.35070131033476e-05,6.37402260897788e-09,-6.84983384496484e-09
154881661891.243,0.000422049689391608,-0.0205390125169792,-3.05635385599584e-09,-2.67978432149303e-09,-3.51181131021103e-05,-3.19075650482186e-05,6.21114237655118e-09,-6.83614802484018e-09
158489319246.106,0.00040306238502011,-0.0200718692416996,-2.97906214376028e-09,-2.54806760900011e-09,-3.42309650053102e-05,-3.0368634605868e-05,6.04927073428389e-09,-6.81866611869359e-09
162181009735.888,0.000384928955714748,-0.0196153339975897,-2.90211316547961e-09,-2.4214584145886e-09,-3.33477090251886e-05,-2.88889709799146e-05,5.8885688779262e-09,-6.79745411032279e-09
165958690743.751,0.000367611030700166,-0.0191691670125028,-2.8255986556109e-09,-2.29984632307818e-09,-3.24694013845821e-05,-2.74672923554539e-05,5.72919315861365e-09,-6.77258650462571e-09
169824365246.169,0.000351071960970124,-0.0187331338591512,-2.74960705373272e-09,-2.18311838170256e-09,-3.15970603506864e-05,-2.61022880473371e-05,5.57129451349389e-09,-6.74414589370768e-09
173780082874.932,0.000335276742249981,-0.01830700534097,-2.67422325892476e-09,-2.07115931020486e-09,-3.073166341675e-05,-2.47926209082362e-05,5.41501794151829e-09,-6.71222248016211e-09
177827941003.886,0.000320191941386339,-0.0178905573800789,-2.59952840805964e-09,-1.96385173083547e-09,-2.98741447583629e-05,-2.35369299655255e-05,5.2605020278759e-09,-6.67691356277246e-09
181970085860.992,0.000305785626013148,-0.0174835709073258,-2.52559967949271e-09,-1.86107641541307e-09,-2.90253929814226e-05,-2.23338332543532e-05,5.10787851987816e-09,-6.63832299016363e-09
186208713666.281,0.000292027297350031,-0.0170858317543974,-2.45251012328115e-09,-1.76271254651221e-09,-2.81862491747833e-05,-2.11819308131575e-05,4.95727195641607e-09,-6.5965605881196e-09
190546071796.318,0.000278887825994815,-0.0166971305479777,-2.38032851870723e-09,-1.66863798979102e-09,-2.7357505276503e-05,-2.00798078073065e-05,4.80879935241963e-09,-6.55174156638037e-09
194984459975.798,0.000266339390578191,-0.0163172626059356,-2.30911925952823e-09,-1.57872957446806e-09,-2.65399027585468e-05,-1.90260377464927e-05,4.66256993906569e-09,-6.50398591073924e-09
199526231496.881,0.000254355419154133,-0.0159460278355197,-2.23894226703339e-09,-1.49286337899699e-09,-2.57341316308815e-05,-1.80191857619646e-05,4.51868495981725e-09,-6.45341776618339e-09
204173794466.946,0.000242910533205194,-0.0155832306335398,-2.16985293066282e-09,-1.41091501906776e-09,-2.49408297621471e-05,-1.70578119106023e-05,4.37723752174463e-09,-6.4001648166637e-09
208929613085.397,0.000231980494147016,-0.0152286797885099,-2.10190207563784e-09,-1.33275993518037e-09,-2.41605825105888e-05,-1.61404744741861e-05,4.23831250098769e-09,-6.3443576668507e-09
213796208950.216,0.000221542152221431,-0.0148821883847303,-2.03513595677289e-09,-1.258273677187e-09,-2.33939226557177e-05,-1.52657332239339e-05,4.10198650067539e-09,-6.2861292309407e-09
218776162394.948,0.000211573397672355,-0.0145435737082838,-1.9695962773876e-09,-1.1873321833763e-09,-2.26413306182795e-05,-1.44321526224249e-05,3.96832785913204e-09,-6.22561413322871e-09
223872113856.827,0.000202053114103249,-0.0142126571549184,-1.9053202320173e-09,-1.11981205187451e-09,-2.19032349535783e-05,-1.36383049373359e-05,3.83739670577242e-09,-6.16294812477235e-09
229086765276.77,0.000192961133919393,-0.0138892641397937,-1.8423405714326e-09,-1.0555908023571e-09,-2.11800131010461e-05,-1.28827732439357e-05,3.70924506172434e-09,-6.09826752004406e-09
234422881531.984,0.0001842781957624,-0.0135732240090603,-1.78068568832434e-09,-9.9454712629627e-10,-2.0471992371175e-05,-1.21641542959403e-05,3.58391698191949e-09,-6.03170865701631e-09
239883291901.941,0.000175985903848486,-0.0132643699532489,-1.72037972188959e-09,-9.36561124209407e-10,-1.97794511495423e-05,-1.14810612470918e-05,3.46144873515966e-09,-5.96340738365696e-09
245470891568.495,0.000168066689125862,-0.0129625389224389,-1.66144267946664e-09,-8.81514528616638e-10,-1.91026202966509e-05,-1.08321262086138e-05,3.34186901849727e-09,-5.89349857333794e-09
251188643150.95,0.000160503772170354,-0.0126675715431792,-1.60389057331061e-09,-8.29290911657445e-10,-1.844168472166e-05,-1.02160026304751e-05,3.22519920216155e-09,-5.82211567118839e-09
257039578276.878,0.00015328112774189,-0.0123793120371343,-1.54773557057558e-09,-7.7977587655334e-10,-1.77967851077845e-05,-9.63136749711758e-06,3.11145360121292e-09,-5.74939027296127e-09
263026799189.529,0.000146383450927904,-0.0120976081414267,-1.49298615457034e-09,-7.32857232332037e-10,-1.71680197671562e-05,-9.07692333093133e-06,3.00063977011318e-09,-5.67545173753665e-09
269153480392.683,0.000139796124802977,-0.0118223110306469,-1.43964729538174e-09,-6.88425151445745e-10,-1.65554466032486e-05,-8.55139999925098e-06,2.89275881645345e-09,-5.60042683376179e-09
275422870333.807,0.000133505189537121,-0.0115532752405038,-1.38772062800906e-09,-6.46372310119492e-10,-1.59590851595321e-05,-8.05355632298849e-06,2.78780573017915e-09,-5.52443942193104e-09
281838293126.436,0.000127497312888129,-0.0112903585930865,-1.33720463622097e-09,-6.06594011453024e-10,-1.53789187338161e-05,-7.58218148717016e-06,2.68576972478728e-09,-5.44761016984328e-09
288403150312.651,0.000121759762016237,-0.0110334221237092,-1.28809484043247e-09,-5.68988291470288e-10,-1.48148965387118e-05,-7.13609625560621e-06,2.58663458713916e-09,-5.37005630304175e-09
295120922666.629,0.00011628037656209,-0.0107823300093114,-1.24038398799744e-09,-5.33456008462928e-10,-1.42669358897857e-05,-6.71415399367219e-06,2.49037903272556e-09,-5.29189138854441e-09
301995172040.192,0.000111047542931626,-0.0105369494983851,-1.19406224442202e-09,-4.99900916108074e-10,-1.3734924404228e-05,-6.31524150471956e-06,2.39697706343617e-09,-5.21322515111166e-09
309029543251.349,0.000106050169733944,-0.0102971508424009,-1.14911738412113e-09,-4.68229720955922e-10,-1.32187221942101e-05,-5.93827968695733e-06,2.30639832511542e-09,-5.13416332087374e-09
316227766016.827,0.000101277664320683,-0.0100628072287062,-1.10553497946307e-09,-4.38352124979435e-10,-1.2718164040508e-05,-5.58222401875848e-06,2.21860846242659e-09,-5.05480751095163e-09
323593656929.617,9.67199103776444e-05,-0.00983379471486618,-1.06329858697221e-09,-4.10180853957467e-10,-1.22330615334125e-05,-5.24606488125336e-06,2.13356946879225e-09,-4.97525512355103e-09
331131121482.58,9.23672465216428e-05,-0.00960999216442241,-1.02238992968608e-09,-3.83631672524603e-10,-1.17632051693947e-05,-4.9288277277838e-06,2.05124002942584e-09,-4.89559928288865e-09
338844156139.191,8.82104458576164e-05,-0.00939128118404037,-9.82789074787946e-10,-3.58623386766967e-10,-1.13083663934265e-05,-4.62957311032047e-06,1.97157585571419e-09,-4.81592879322008e-09
346736850452.52,8.42406964530448e-05,-0.00917754606201996,-9.44474605757973e-10,-3.35077835274399e-10,-1.0868299578265e-05,-4.34739657330331e-06,1.89453000944985e-09,-4.73632812017859e-09
354813389233.563,8.0449582688627e-05,-0.00896867370814216,-9.07423788403911e-10,-3.12919869576925e-10,-1.04427439333564e-05,-4.08142842556703e-06,1.8200532156428e-09,-4.65687739359939e-09
363078054770.089,7.68290674460017e-05,-0.00876455359482592,-8.71612730244774e-10,-2.92077324898842e-10,-1.00314253373116e-05,-3.83083340107486e-06,1.7480941628619e-09,-4.57765242999433e-09
371535229097.16,7.3371475095034e-05,-0.00856507769956907,-8.3701653282703e-10,-2.72480982158163e-10,-9.63405808912463e-06,-3.59481021912049e-06,1.67859979026389e-09,-4.49872477285245e-09
380189396320.548,7.00694752448652e-05,-0.00837014044864797,-8.03609436652118e-10,-2.54064522124255e-10,-9.25034657444407e-06,-3.37259105448606e-06,1.61151556066295e-09,-4.42016174897153e-09
389045144994.268,6.69160672245173e-05,-0.00817963866205061,-7.71364958485861e-10,-2.36764472623339e-10,-8.87998684426297e-06,-3.16344092777849e-06,1.54678571917289e-09,-4.34202653907081e-09
398107170553.484,6.39045652603667e-05,-0.00799347149961818,-7.40256020904353e-10,-2.20520149651611e-10,-8.52266810435854e-06,-2.96665702582229e-06,1.48435353711968e-09,-4.26437826099369e-09
407380277804.099,6.10285843192631e-05,-0.00781154040837078,-7.1025507400709e-10,-2.05273593220202e-10,-8.17807411468701e-06,-2.78156796157908e-06,1.42416154107047e-09,-4.18727206387899e-09
416869383470.321,5.82820265874606e-05,-0.00763374907099297,-6.81334209296351e-10,-1.90969498716222e-10,-7.84588449872445e-06,-2.60753298260416e-06,1.36615172696017e-09,-4.11075923175698e-09
426579518801.578,5.56590685568597e-05,-0.00746000335545537,-6.53465265782413e-10,-1.77555144520771e-10,-7.52577596343937e-06,-2.44394113655279e-06,1.3102657594145e-09,-4.03488729511167e-09
436515832240.151,5.31541486913333e-05,-0.00729021126574906,-6.2661992842718e-10,-1.64980316579036e-10,-7.2174234311924e-06,-2.29021040172249e-06,1.25644515647356e-09,-3.95970014904006e-09
446683592150.948,5.07619556471244e-05,-0.00712428289370939,-6.0076981908461e-10,-1.5319723057028e-10,-6.92050108538456e-06,-2.1457867900743e-06,1.20463146000911e-09,-3.88523817673144e-09
457088189614.859,4.84774170224666e-05,-0.00696213037190689,-5.75886580135331e-10,-1.42160452277442e-10,-6.63468333212353e-06,-2.01014342962343e-06,1.15476639220609e-09,-3.81153837708417e-09
467735141287.182,4.62956886126903e-05,-0.00680366782758272,-5.51941951045341e-10,-1.31826816707896e-10,-6.35964568055109e-06,-1.88277963253567e-06,1.10679199854265e-09,-3.7386344953711e-09
478630092322.622,4.4212144148135e-05,-0.00664881133760677,-5.28907838105296e-10,-1.22155346469183e-10,-6.09506554478061e-06,-1.76321995471842e-06,1.06065077775567e-09,-3.6665571559584e-09
489778819368.43,4.22223654932085e-05,-0.00649747888443697,-5.06756377627987e-10,-1.13107169856846e-10,-5.84062297063529e-06,-1.65101325215753e-06,1.01628579932018e-09,-3.59533399617369e-09
501187233627.255,4.03221332858978e-05,-0.0063495903130585,-4.85459992897635e-10,-1.04645439066072e-10,-5.59600129056309e-06,-1.54573173873045e-06,9.73640809003306e-10,-3.52498980050822e-09
512861383991.347,3.8507417997965e-05,-0.00620506728888215,-4.64991445176217e-10,-9.67352488952653e-11,-5.36088771023602e-06,-1.44697004972419e-06,9.32660323076234e-10,-3.45554663442303e-09
524807460249.755,3.67743713969455e-05,-0.00606383325658141,-4.4532387907946e-10,-8.93435562679159e-11,-5.13497383042779e-06,-1.35434431480776e-06,8.9328971178269e-10,-3.38702397711056e-09
537031796370.234,3.51193183919131e-05,-0.00592581339984819,-4.26430862639035e-10,-8.24391008596315e-11,-4.91795610780805e-06,-1.26749124375429e-06,8.55475272670687e-10,-3.31943885264074e-09
549540873857.606,3.35387492457807e-05,-0.00579093460204753,-4.08286422368167e-10,-7.59923270799476e-11,-4.70953625829922e-06,-1.18606722778022e-06,8.19164294395938e-10,-3.25280595899296e-09
562341325190.33,3.20293121376815e-05,-0.00565912540775194,-3.90865073645826e-10,-6.99753076236657e-11,-4.50942160661856e-06,-1.10974745896825e-06,7.84305111601866e-10,-3.18713779454413e-09
575439937337.137,3.05878060597089e-05,-0.0055303159851364,-3.74141846730254e-10,-6.43616687740394e-11,-4.31732538557717e-06,-1.03822506986812e-06,7.50847151472949e-10,-3.12244478164581e-09
588843655355.569,2.92111740330009e-05,-0.0054044380892155,-3.58092308706156e-10,-5.91265176101279e-11,-4.13296698863393e-06,-9.7121029502472e-07,7.18740972546053e-10,-3.05873538698275e-09
602559586074.337,2.78964966288259e-05,-0.00528142502590434,-3.42692581661834e-10,-5.42463712430437e-11,-3.95607217910961e-06,-9.08429655865548e-07,6.8793829634903e-10,-2.99601623845872e-09
616595001861.461,2.66409857809698e-05,-0.00516121161688545,-3.27919357383061e-10,-4.96990881805947e-11,-3.78637325935777e-06,-8.49625170090266e-07,6.5839203241787e-10,-2.93429223840514e-09
630957344480.172,2.54419788763404e-05,-0.00504373416526412,-3.13749908840034e-10,-4.54638018968766e-11,-3.62360920306822e-06,-7.94553586440943e-07,6.30056297223501e-10,-2.87356667295304e-09
645654229034.633,2.42969331112892e-05,-0.00492893042199491,-3.00162098732322e-10,-4.15208566626335e-11,-3.46752575374838e-06,-7.42985645493609e-07,6.02886427517555e-10,-2.81384131744913e-09
660693448007.573,2.32034201017132e-05,-0.00481673955306258,-2.87134385344796e-10,-3.78517456735703e-11,-3.31787549228994e-06,-6.94705366897483e-07,5.76838988583403e-10,-2.75511653783384e-09
676082975391.958,2.2159120735534e-05,-0.00470710210740082,-2.74645825955147e-10,-3.44390514971496e-11,-3.17441787638647e-06,-6.49509363296988e-07,5.51871777854913e-10,-2.69739138793147e-09
691830970918.913,2.11618202566635e-05,-0.00459995998553271,-2.62676078020918e-10,-3.12663888436415e-11,-3.03691925442163e-06,-6.07206181002001e-07,5.27943824341051e-10,-2.64066370263167e-09
707945784384.113,2.02094035700536e-05,-0.00449525640891698,-2.5120539836129e-10,-2.83183496541787e-11,-2.90515285630198e-06,-5.67615667322222e-07,5.05015384269897e-10,-2.58493018696706e-09
724435960074.965,1.92998507578943e-05,-0.00439293588998453,-2.40214640536132e-10,-2.55804504871918e-11,-2.77889876356183e-06,-5.30568364350866e-07,4.83047933341144e-10,-2.53018650111428e-09
741310241300.892,1.84312327974709e-05,-0.00429294420285004,-2.29685250612257e-10,-2.30390821747367e-11,-2.65794386092355e-06,-4.95904928869519e-07,4.62004155951915e-10,-2.47642734136499e-09
758577575029.157,1.76017074716163e-05,-0.00419522835468377,-2.19599261494491e-10,-2.06814617117543e-11,-2.5420817713545e-06,-4.63475577948709e-07,4.41847931736899e-10,-2.4236465171301e-09
776247116628.665,1.68095154631023e-05,-0.00409973655772889,-2.0993928598713e-10,-1.84955863341147e-11,-2.43111277652391e-06,-4.33139559736131e-07,4.22544319740593e-10,-2.37183702405488e-09
794328234724.254,1.60529766247e-05,-0.00400641820195015,-2.0068850873968e-10,-1.64701897352721e-11,-2.32484372442836e-06,-4.0476464885525e-07,4.04059540516902e-10,-2.32099111333421e-09
812830516164.071,1.53304864170153e-05,-0.00391522382829978,-1.91830677219516e-10,-1.45947003663896e-11,-2.22308792582558e-06,-3.78226665779978e-07,3.86360956429587e-10,-2.27110035732746e-09
831763771102.642,1.46405125065536e-05,-0.00382610510258708,-1.83350091843278e-10,-1.28592017607862e-11,-2.12566504099152e-06,-3.53409019505036e-07,3.69417050406206e-10,-2.22215571158005e-09
851138038202.347,1.39815915168136e-05,-0.00373901478993806,-1.75231595388505e-10,-1.12543948204074e-11,-2.03240095819744e-06,-3.3020227279548e-07,3.53197403378211e-10,-2.17414757336558e-09
870963589956.05,1.33523259255275e-05,-0.00365390672983233,-1.6746056179713e-10,-9.7715619996394e-12,-1.94312766518991e-06,-3.08503729271493e-07,3.37672670620861e-10,-2.12706583686665e-09
891250938133.714,1.2751381101478e-05,-0.00357073581170398,-1.60022884473162e-10,-8.40253332009113e-12,-1.85768311485009e-06,-2.882170415651e-07,3.22814557188605e-10,-2.08089994511643e-09
912010839355.878,1.21774824746154e-05,-0.00348945795109431,-1.52904964168001e-10,-7.13965414887728e-12,-1.7759110861063e-06,-2.69251839772913e-07,3.08595792624498e-10,-2.03563893882506e-09
933254300796.958,1.16294128334822e-05,-0.0034100300663437,-1.46093696538568e-10,-5.97575467237651e-12,-1.69766104107916e-06,-2.51523379422642e-07,2.94990105106201e-10,-1.99127150221634e-09
954992586021.402,1.11060097442182e-05,-0.00333241005581095,-1.39576459455545e-10,-4.90412099734508e-12,-1.62278797934778e-06,-2.3495220817003e-07,2.81972195175982e-10,-1.94778600600044e-09
977237220955.776,1.06061630856817e-05,-0.00325655677560795,-1.33341100131761e-10,-3.91846781157743e-12,-1.55115229014204e-06,-2.19463850446471e-07,2.69517709188022e-10,-1.90517054760786e-09
999999999999.965,1.01288126954619e-05,-0.00318243001783846,-1.27375922133842e-10,-3.01291253696289e-12,-1.48261960318687e-06,-2.04988509285139e-07,2.57603212593112e-10,-1.86341298880889e-09
1023292992280.72,9.67294612179878e-06,-0.00310999048932947,-1.21669672333938e-10,-2.18195090874297e-12,-1.41706063885112e-06,-1.91460784564457e-07,2.46206163168526e-10,-1.82250099084099e-09
1047128548050.86,9.23759647664384e-06,-0.00303919979084431,-1.16211527852325e-10,-1.42043391597869e-12,-1.3543510581857e-06,-1.78819406921618e-07,2.35304884289419e-10,-1.78242204716425e-09
1071519305237.57,8.82184038531599e-06,-0.00297002039676655,-1.10991083036259e-10,-7.23546039652926e-13,-1.2943713133721e-06,-1.67006986605107e-07,2.24878538327492e-10,-1.74316351396265e-09
1096478196143.15,8.42479602840608e-06,-0.00290241563524418,-1.05998336515298e-10,-8.67847264179435e-14,-1.23700649904421e-06,-1.55969776553469e-07,2.14907100252863e-10,-1.70471263850563e-09
1122018454301.92,8.04562127178186e-06,-0.00283634966878381,-1.0122367836867e-10,4.9405896227632e-13,-1.18214620489209e-06,-1.45657449007352e-07,2.05371331506048e-10,-1.66705658548164e-09
1148153621496.84,7.68351188073031e-06,-0.00277178747528468,-9.66578774358896e-11,1.02291858410469e-12,-1.12968436990691e-06,-1.36022884982988e-07,1.9625275419862e-10,-1.63018246141131e-09
1174897554939.49,7.33769981445292e-06,-0.00270869482950261,-9.22920687978839e-11,1.50346948935592e-12,-1.07951913858035e-06,-1.27021975957255e-07,1.87533625693462e-10,-1.594077337245e-09
1202264434617.37,7.00745159729957e-06,-0.00264703828493426,-8.81177414522289e-11,1.93914498852948e-12,-1.03155271933006e-06,-1.18613437137224e-07,1.7919691360855e-10,-1.55872826924503e-09
1230268770812.34,6.69206676328896e-06,-0.00258678515611228,-8.41267262027721e-11,2.33315156656727e-12,-9.85691245384327e-07,-1.10758631710205e-07,1.71226271281774e-10,-1.52412231824972e-09
1258925411794.12,6.39087637061899e-06,-0.00252790350130194,-8.03111837808715e-11,2.68848319421271e-12,-9.4184463832439e-07,-1.03421405493732e-07,1.63606013728489e-10,-1.49024656741206e-09
1288249551693.09,6.1032415830186e-06,-0.00247036210559039,-7.66635932127156e-11,3.00793478494913e-12,-8.99926474450753e-07,-9.65679314283896e-08,1.56321094118176e-10,-1.45708813850226e-09
1318256738556.36,5.82855231493412e-06,-0.00241413046435954,-7.3176740444678e-11,3.29411484393563e-12,-8.59853854111239e-07,-9.01665633797531e-08,1.49357080791757e-10,-1.42463420685942e-09
1348962882591.6,5.56622593767838e-06,-0.00235917876713406,-6.98437072363797e-11,3.54945735334463e-12,-8.21547274102202e-07,-8.41876987388896e-08,1.42700134836796e-10,-1.39287201507376e-09
1380384264602.83,5.31570604380018e-06,-0.00230547788179588,-6.66578603290792e-11,3.77623293651849e-12,-7.84930503230785e-07,-7.86036493336931e-08,1.36336988233829e-10,-1.36178888547733e-09
1412537544622.7,5.07646126705467e-06,-0.00225299933915709,-6.36128408951569e-11,3.97655934141275e-12,-7.49930461104792e-07,-7.3388520185761e-08,1.30254922583592e-10,-1.33137223151691e-09
1445439770745.88,4.84798415547328e-06,-0.00220171531788292,-6.07025542727949e-11,4.15241128188629e-12,-7.16477100197657e-07,-6.85180956694344e-08,1.24441748421673e-10,-1.30160956807978e-09
1479108388168.15,4.62979009514429e-06,-0.00215159862975723,-5.79211599884666e-11,4.30562967353973e-12,-6.84503291218878e-07,-6.39697326510058e-08,1.18885785124355e-10,-1.2724885208392e-09
1513561248436.15,4.42141628242249e-06,-0.00210262270528241,-5.52630620685185e-11,4.43793029899706e-12,-6.5394471180502e-07,-5.97222602068554e-08,1.13575841406827e-10,-1.24399683468289e-09
1548816618912.43,4.22242074238893e-06,-0.00205476157960633,-5.2722899639944e-11,4.55091193577494e-12,-6.2473973853282e-07,-5.57558855394037e-08,1.08501196412724e-10,-1.21612238128497e-09
1584893192461.06,4.03238139148007e-06,-0.00200798987876902,-5.02955378194047e-11,4.64606397819196e-12,-5.96829342243939e-07,-5.20521057292177e-08,1.03651581391996e-10,-1.18885316587813e-09
1621810097358.87,3.85089514229877e-06,-0.00196228280626162,-4.79760588886302e-11,4.72477358313838e-12,-5.70156986660284e-07,-4.85936249803599e-08,9.90171619623301e-11,-1.1621773332799e-09
1659586907437.5,3.67757704870945e-06,-0.00191761612989073,-4.57597537535158e-11,4.78833236795577e-12,-5.44668530259574e-07,-4.53642770341262e-08,9.45885209478446e-11,-1.13608317322404e-09
1698243652461.68,3.51205948940471e-06,-0.00187396616894113,-4.36421136835369e-11,4.83794268716747e-12,-5.20312131372722e-07,-4.23489524436507e-08,9.0356641787466e-11,-1.11055912504506e-09
1737800828749.31,3.35399138821236e-06,-0.00183130978163025,-4.16188223274801e-11,4.87472351335333e-12,-4.97038156457585e-07,-3.95335304184826e-08,8.63128925042303e-11,-1.08559378176121e-09
1778279410038.86,3.20303746948991e-06,-0.00178962435284763,-3.96857480009697e-11,4.89971594607692e-12,-4.7479909149764e-07,-3.69048149641534e-08,8.24490102257978e-11,-1.06117589359863e-09
1819700858609.92,3.05887754702753e-06,-0.00174888778217302,-3.78389362408189e-11,4.91388837144866e-12,-4.53549456468991e-07,-3.44504750569654e-08,7.87570862456343e-11,-1.03729437099696e-09
1862087136662.8,2.92120584495182e-06,-0.00170907847216679,-3.60746026208538e-11,4.91814129364347e-12,-4.33245722814801e-07,-3.21589886087501e-08,7.52295516136241e-11,-1.01393828713422e-09
1905460717963.18,2.78973034919042e-06,-0.00167017531692642,-3.43891258235474e-11,4.91331185848562e-12,-4.13846233862681e-07,-3.00195899901875e-08,7.18591632443108e-11,-9.9109688000656e-10
1949844599757.98,2.66417218812229e-06,-0.00163215769090319,-3.27790409615426e-11,4.9001780880644e-12,-3.95311128117598e-07,-2.80222208944589e-08,6.86389905305062e-11,-9.68759554096288e-10
1995262314968.81,2.54426504110046e-06,-0.00159500543797294,-3.1241033142936e-11,4.87946284425145e-12,-3.77602265360581e-07,-2.61574843355354e-08,6.55624024496469e-11,-9.46915881659656e-10
2041737944669.46,2.42975457359293e-06,-0.00155869886075542,-2.9771931274036e-11,4.85183753795099e-12,-3.60683155481653e-07,-2.44166015873199e-08,6.26230551500079e-11,-9.25555603663731e-10
2089296130853.96,2.32039789774392e-06,-0.00152321871017633,-2.83687020931935e-11,4.81792559992798e-12,-3.44518889974158e-07,-2.27913718811591e-08,5.9814880003693e-11,-9.04668630400042e-10
2137962089502.15,2.21596305721175e-06,-0.00148854617526672,-2.70284444292172e-11,4.77830572812201e-12,-3.29076076016674e-07,-2.12741346899645e-08,5.71320721131999e-11,-8.84245041800834e-10
2187761623949.47,2.11622853519077e-06,-0.00145466287319432,-2.57483836778439e-11,4.73351492546745e-12,-3.14322773068262e-07,-1.98577344373374e-08,5.45690792583013e-11,-8.64275087482149e-10
2238721138568.26,2.02098278457401e-06,-0.00142155083952149,-2.45258664897111e-11,4.68405134139822e-12,-3.00228431902559e-07,-1.85354874797101e-08,5.2120591269981e-11,-8.44749186536388e-10
2290867652767.69,1.93002377926045e-06,-0.00138919251868474,-2.33583556632901e-11,4.63037692941933e-12,-2.86763836006354e-07,-1.73011512186099e-08,4.97815298182095e-11,-8.25657927095526e-10
2344228815319.84,1.84315858565515e-06,-0.00135757075469068,-2.22434252362669e-11,4.5729199323727e-12,-2.73901045268672e-07,-1.61488952087556e-08,4.75470386004351e-11,-8.06992065684787e-10
2398832919019.4,1.76020295345366e-06,-0.00132666878202362,-2.11787557689076e-11,4.51207720631179e-12,-2.61613341886951e-07,-1.5073274135819e-08,4.54124739177928e-11,-7.88742526385238e-10
2454708915684.94,1.68098092484293e-06,-0.0012964702167599,-2.01621298130173e-11,4.44821639322484e-12,-2.49875178417738e-07,-1.40692025453545e-08,4.3373395626191e-11,-7.70900399822561e-10
2511886431509.49,1.60532446128985e-06,-0.00126695904788426,-1.91914275601803e-11,4.38167795220952e-12,-2.38662127900264e-07,-1.31319312116399e-08,4.14255584496279e-11,-7.53456941998075e-10
2570395782768.77,1.53307308712601e-06,-0.00123811962880386,-1.82646226630721e-11,4.31277705809923e-12,-2.27950835982383e-07,-1.22570250419955e-08,3.9564903643295e-11,-7.3640357297699e-10
2630267991895.29,1.46407354917286e-06,-0.0012099366690551,-1.73797782237363e-11,4.24180537597346e-12,-2.17718974979609e-07,-1.14403424185831e-08,3.77875509942621e-11,-7.1973187544785e-10
2691534803926.82,1.39817949168536e-06,-0.00118239522619925,-1.65350429428444e-11,4.16903271944741e-12,-2.07945199799316e-07,-1.06780158857483e-08,3.60897911477844e-11,-7.03433593166158e-10
2754228703338.06,1.33525114592471e-06,-0.00115548069790228,-1.57286474240797e-11,4.0947086001302e-12,-1.98609105663614e-07,-9.96643409667717e-09,3.44680782475329e-11,-6.87500629294236e-10
2818382931264.35,1.27515503370192e-06,-0.00112917881419498,-1.49589006279228e-11,4.01906367516325e-12,-1.89691187565897e-07,-9.30222493850911e-09,3.29190228783289e-11,-6.71925044648573e-10
2884031503126.5,1.21776368426346e-06,-0.00110347562990905,-1.42241864692561e-11,3.94231109930044e-12,-1.81172801397643e-07,-8.68223976010481e-09,3.14393853002388e-11,-6.56699055865049e-10
2951209226666.28,1.16295536391848e-06,-0.00107835751728524,-1.35229605533519e-11,3.86464778756694e-12,-1.73036126683643e-07,-8.10353863141936e-09,3.00260689631815e-11,-6.41815033491735e-10
3019951720401.9,1.11061381783432e-06,-0.00105381115874975,-1.28537470449563e-11,3.78625559413442e-12,-1.65264130865466e-07,-7.56337656790069e-09,2.8676114291491e-11,-6.27265500018198e-10
3090295432513.48,1.06062802345253e-06,-0.00102982353985488,-1.22151356653376e-11,3.70730241267377e-12,-1.5784053507465e-07,-7.05919065753315e-09,2.73866927281762e-11,-6.13043127849658e-10
3162277660168.26,1.01289195500263e-06,-0.00100638194238025,-1.16057788123217e-11,3.62794320309239e-12,-1.50749781338758e-07,-6.58858803209128e-09,2.61551010289184e-11,-5.99140737233633e-10
3235936569296.16,9.67304358614016e-07,-0.000983473937591096,-1.10243887984966e-11,3.54832094923062e-12,-1.43977001165147e-07,-6.1493346278745e-09,2.49787557961469e-11,-5.85551294146222e-10
3311311214825.79,9.23768537549117e-07,-0.00096108737964982,-1.04697352029278e-11,3.46856755177877e-12,-1.37507985448961e-07,-5.73934468467245e-09,2.38551882438332e-11,-5.7226790814457e-10
3388441561391.9,8.82192147102297e-07,-0.000939210399177507,-9.94064233188767e-12,3.38880466038332e-12,-1.31329155653533e-07,-5.35667093497592e-09,2.2782039183938e-11,-5.59283830191576e-10
3467368504525.19,8.42486998729511e-07,-0.000917831396961909,-9.43598678426421e-12,3.30914444863573e-12,-1.25427536213046e-07,-4.99949543851271e-09,2.17570542257438e-11,-5.46592450458431e-10
3548133892335.62,8.04568872993282e-07,-0.000896939037808601,-8.95469511747571e-12,3.2296903353803e-12,-1.19790728108955e-07,-4.66612102006202e-09,2.07780791795938e-11,-5.34187296110146e-10
3630780547700.88,7.68357340926266e-07,-0.000876522244532029,-8.49574160988123e-12,3.15053765553739e-12,-1.14406883573267e-07,-4.35496327119668e-09,1.9843055656845e-11,-5.22062029078774e-10
3715352290971.59,7.3377559343454e-07,-0.000856570192083289,-8.05814611583788e-12,3.07177428341473e-12,-1.09264681873403e-07,-4.06454307913081e-09,1.89500168581261e-11,-5.10210443828697e-10
3801893963205.47,7.00750278378784e-07,-0.000837072301811526,-7.64097200971701e-12,2.99348121127165e-12,-1.04353306134912e-07,-3.79347964821952e-09,1.8097083542269e-11,-4.98626465117958e-10
3890451449942.66,6.69211344987813e-07,-0.000818018235855902,-7.24332421535142e-12,2.91573308570872e-12,-9.96624211598613e-08,-3.54048398187894e-09,1.72824601685495e-11,-4.87304145759286e-10
3981071705534.82,6.39091895274461e-07,-0.000799397891665183,-6.86434731754373e-12,2.8385987042779e-12,-9.51821522002211e-08,-3.30435279477537e-09,1.65044312051439e-11,-4.76237664384164e-10
4073802778040.98,6.10328042138696e-07,-0.000781201396642025,-6.50322375242308e-12,2.76214147454497e-12,-9.09030646470434e-08,-3.08396282708276e-09,1.57613575969634e-11,-4.65421323212984e-10
4168693834703.2,5.82858773856976e-07,-0.000763419102909138,-6.15917207359061e-12,2.68641983768762e-12,-8.68161445976636e-08,-2.8782655344337e-09,1.50516733862824e-11,-4.54849545834077e-10
4265795188015.77,5.56625824670455e-07,-0.000746041582194543,-5.83144529114642e-12,2.61148765857692e-12,-8.29127802645604e-08,-2.68628212889985e-09,1.4373882479824e-11,-4.44516874994132e-10
4365158322401.5,5.31573551197557e-07,-0.00072905962083323,-5.519329280838e-12,2.53739458416843e-12,-7.91847441908683e-08,-2.50709894793955e-09,1.37265555562033e-11,-4.34417970402319e-10
4466835921509.46,5.07648814408768e-07,-0.000712464214882548,-5.22214126071494e-12,2.46418637192024e-12,-7.56241762388653e-08,-2.33986312974969e-09,1.31083271078644e-11,-4.24547606550171e-10
4570881896148.58,4.84800866913341e-07,-0.000696246565348765,-4.93922833281414e-12,2.39190518985905e-12,-7.22235673190418e-08,-2.18377857486296e-09,1.25178926118724e-11,-4.14900670549122e-10
4677351412871.81,4.62981245318838e-07,-0.000680398073522247,-4.66996608753505e-12,2.32058988983127e-12,-6.89757438286111e-08,-2.03810217514548e-09,1.19540058241389e-11,-4.05472159987371e-10
4786300923226.2,4.42143667435189e-07,-0.0006649103364188,-4.41375726849333e-12,2.25027625540369e-12,-6.58738527695289e-08,-1.90214029257939e-09,1.14154761918756e-11,-3.96257180807598e-10
4897788193684.28,4.22243934105268e-07,-0.000649775142324757,-4.1700304957648e-12,2.1809972258169e-12,-6.2911347517263e-08,-1.77524547136555e-09,1.09011663792726e-11,-3.87250945206881e-10
5011872336272.53,4.03239835453728e-07,-0.000634984466443441,-3.93823904554709e-12,2.11278309734396e-12,-6.00819742126911e-08,-1.65681336795827e-09,1.04099899015997e-11,-3.78448769560018e-10
5128613839913.46,3.85091061355281e-07,-0.000620530466640717,-3.71785968437537e-12,2.04566170336551e-12,-5.73797587506021e-08,-1.54627988465068e-09,9.94090886311875e-12,-3.69846072367321e-10
5248074602497.53,3.67759115932495e-07,-0.000606405479287355,-3.50839155612857e-12,1.97965857444069e-12,-5.47989943393361e-08,-1.44311849327179e-09,9.49293179438303e-12,-3.6143837222782e-10
5370317963702.32,3.51207235901776e-07,-0.000592602015196024,-3.30935512015395e-12,1.91479707962915e-12,-5.23342296071247e-08,-1.3468377364371e-09,9.06511158467657e-12,-3.532212858387e-10
5495408738576.04,3.35400312594336e-07,-0.000579112755650748,-3.12029113891983e-12,1.85109855030268e-12,-4.99802572316825e-08,-1.25697889461873e-09,8.65654350552072e-12,-3.45190526021682e-10
5623413251903.28,3.20304817486738e-07,-0.000565930548526728,-2.9407597136788e-12,1.78858238767408e-12,-4.77321030705546e-08,-1.17311380807158e-09,8.26636332134048e-12,-3.37341899776955e-10
5754399373371.35,3.05888731083089e-07,-0.000553048404498476,-2.77033936668527e-12,1.72726615526509e-12,-4.55850157706454e-08,-1.09484284337251e-09,7.89374548354398e-12,-3.29671306365184e-10
5888436553555.67,2.92121474998013e-07,-0.000540459493334242,-2.60862616856286e-12,1.6671656575326e-12,-4.35344568362406e-08,-1.02179299500307e-09,7.53790140442255e-12,-3.22174735418029e-10
6025595860743.35,2.78973847096366e-07,-0.000528157140274785,-2.4552329094582e-12,1.60829500587254e-12,-4.15760911356896e-08,-9.53616113036049e-10,7.19807780742704e-12,-3.14848265077519e-10
6165950018614.59,2.664179595521e-07,-0.000516134822494551,-2.30978831264756e-12,1.55066667322133e-12,-3.97057778277362e-08,-8.89987248575048e-10,6.87355515051879e-12,-3.07688060164575e-10
6309573444801.69,2.54427179694927e-07,-0.000504386165643404,-2.17193628928316e-12,1.49429153847541e-12,-3.79195616892791e-08,-8.30603109146031e-10,6.56364611943069e-12,-3.00690370376897e-10
6456542290346.31,2.42976073519274e-07,-0.00049290494046706,-2.04133523297594e-12,1.43917892194717e-12,-3.62136648271039e-08,-7.75180616754637e-10,6.26769418780536e-12,-2.93851528516362e-10
6606934480075.71,2.32040351735745e-07,-0.000481685059504439,-1.91765735291211e-12,1.38533661307127e-12,-3.45844787568612e-08,-7.23455561803331e-10,5.98507224130372e-12,-2.87167948746044e-10
6760829753919.56,2.21596818250635e-07,-0.000470720573860187,-1.80058804419339e-12,1.33277089156544e-12,-3.30285568332699e-08,-6.75181346511854e-10,5.71518126289887e-12,-2.80636124876895e-10
6918309709189.1,2.11623320964233e-07,-0.000460005670050657,-1.68982529407544e-12,1.28148654323461e-12,-3.15426070162006e-08,-6.30127811904113e-10,5.45744907668608e-12,-2.74252628684097e-10
7079457843841.11,2.02098704783545e-07,-0.000449534666921672,-1.58507912275724e-12,1.23148687158513e-12,-3.0123484957944e-08,-5.88080142816918e-10,5.2113291476519e-12,-2.68014108253027e-10
7244359600749.62,1.93002766749778e-07,-0.000439302012636448,-1.48607105734786e-12,1.18277370638599e-12,-2.87681873975957e-08,-5.48837845752449e-10,4.97629943495208e-12,-2.6191728635478e-10
7413102413008.89,1.84316213185398e-07,-0.000429302281732063,-1.39253363760667e-12,1.1353474102754e-12,-2.74738458490845e-08,-5.12213794738762e-10,4.7518612963509e-12,-2.55958958851101e-10
7585775750291.55,1.76020618769883e-07,-0.000419530172242932,-1.30420995202121e-12,1.08920688446409e-12,-2.62377205699509e-08,-4.78033340682547e-10,4.5375384415731e-12,-2.50135993128599e-10
7762471166286.62,1.68098387457354e-07,-0.000409980502889749,-1.22085320275446e-12,1.04434957453006e-12,-2.50571947985313e-08,-4.46133479997205e-10,4.33287593241403e-12,-2.44445326562058e-10
7943282347242.51,1.60532715153186e-07,-0.00040064821033241,-1.14222629796239e-12,1.00077147723419e-12,-2.39297692477355e-08,-4.16362078568543e-10,4.1374392275443e-12,-2.38883965006618e-10
8128305161640.68,1.53307554070443e-07,-0.000391528346485465,-1.06810146995494e-12,9.58467149211561e-13,-2.28530568441125e-08,-3.88577147381126e-10,3.95081327003239e-12,-2.33448981318626e-10
8317637711026.39,1.46407578690529e-07,-0.00038261607589467,-9.98259917650195e-13,9.17429718311103e-13,-2.18247777013874e-08,-3.62646166372017e-10,3.77260161569193e-12,-2.28137513904865e-10
8511380382023.44,1.39818153255845e-07,-0.000373906673173253,-9.32491471755082e-13,8.77650898265963e-13,-2.0842754318118e-08,-3.38445453306113e-10,3.60242560044079e-12,-2.22946765299913e-10
8709635899560.47,1.33525300725521e-07,-0.000365395520496534,-8.70594281095936e-13,8.39121007280899e-13,-1.99049069895712e-08,-3.15859574679879e-10,3.4399235449359e-12,-2.17874000771317e-10
8912509381337.11,1.2751567312835e-07,-0.000357078105153566,-8.12374518522306e-13,8.0182899102164e-13,-1.90092494243451e-08,-2.94780795858753e-10,3.28474999482182e-12,-2.12916546952279e-10
9120108393558.75,1.21776523250064e-07,-0.00034895001715451,-7.57646104815981e-13,7.65762450386242e-13,-1.81538845566751e-08,-2.75108567838913e-10,3.13657499500212e-12,-2.08071790501519e-10
9332543007969.55,1.16295677594883e-07,-0.000341006946892464,-7.06230449056854e-13,7.30907674331645e-13,-1.73370005457603e-08,-2.56749048197218e-10,2.99508339641069e-12,-2.03337176789987e-10
9549925860213.99,1.11061510563982e-07,-0.000333244682858518,-6.5795620392733e-13,6.97249677921427e-13,-1.65568669538163e-08,-2.39614653954859e-10,2.85997419382627e-12,-1.98710208614048e-10
9772372209557.73,1.06062919796123e-07,-0.000325659109408807,-6.12659034478074e-13,6.64772245655015e-13,-1.58118310949328e-08,-2.23623644231229e-10,2.73095989333596e-12,-1.94188444934797e-10
9999999999999.61,1.01289302618136e-07,-0.000318246204582403,-5.70181398929645e-13,6.33457980036029e-13,-1.51003145471498e-08,-2.08699730705575e-10,2.60776590811483e-12,-1.89769499643116e-10
10232929922807.1,9.67305335552881e-08,-0.000311002037968865,-5.30372340146579e-13,6.03288355239631e-13,-1.44208098205085e-08,-1.94771714035623e-10,2.49012998124671e-12,-1.85451040350104e-10
10471285480508.6,9.23769428538628e-08,-0.000303922768624329,-4.93087286492066e-13,5.74243775647315e-13,-1.37718771741413e-08,-1.81773144505361e-10,2.37780163436742e-12,-1.81230787202471e-10
10715193052375.7,8.82192959703692e-08,-0.000297004643035037,-4.58187860851481e-13,5.46303638933899e-13,-1.31521415757779e-08,-1.6964200528897e-10,2.27054164096602e-12,-1.77106511722527e-10
10964781961431.4,8.424877398389e-08,-0.000290243993127209,-4.25541696700633e-13,5.19446403316767e-13,-1.25602897973281e-08,-1.58320416825103e-10,2.16812152323111e-12,-1.73076035672346e-10
11220184543019.2,8.04569548900145e-08,-0.000283637234322224,-3.95022260188179e-13,4.93649658512622e-13,-1.19950676404874e-08,-1.47754360895784e-10,2.07032307137938e-12,-1.69137229941715e-10
11481536214968.4,7.68357957366809e-08,-0.000277180863636066,-3.66508677299966e-13,4.6889019989299e-13,-1.1455277286572e-08,-1.37893423097713e-10,1.97693788445142e-12,-1.65288013459458e-10
11748975549394.8,7.33776155640365e-08,-0.000270871457822023,-3.39885565274361e-13,4.4514410528684e-13,-1.09397747650499e-08,-1.28690552480976e-10,1.88776693160572e-12,-1.61526352127729e-10
12022644346173.7,7.00750791121269e-08,-0.000264705671555672,-3.15042867540489e-13,4.22386813847246e-13,-1.04474675354766e-08,-1.20101837211663e-10,1.80262013298609e-12,-1.5785025777887e-10
12302687708123.3,6.69211812618595e-08,-0.000258680235661171,-2.9187569155405e-13,4.00593206379065e-13,-9.97731217777734e-09,-1.12086295190956e-10,1.72131595927974e-12,-1.54257787154424e-10
12589254117941.2,6.39092321762358e-08,-0.000252791955377926,-2.70284149006606e-13,3.79737686515685e-13,-9.52831218604295e-09,-1.04605678634266e-10,1.64368104912403e-12,-1.50747040905896e-10
12882495516930.8,6.1032843110338e-08,-0.000247037708666711,-2.50173197982388e-13,3.5979426213476e-13,-9.09951586121855e-09,-9.76242916803066e-11,1.56954984355859e-12,-1.47316162616866e-10
13182567385563.6,5.82859128599685e-08,-0.000241414444554346,-2.31452486730599e-13,3.40736626414579e-13,-8.69001429826986e-09,-9.11088201618786e-11,1.49876423675669e-12,-1.43963337846036e-10
13489628825916,5.56626148202006e-08,-0.000235919181516052,-2.14036198809642e-13,3.22538237953634e-13,-8.29893946360723e-09,-8.50281727279479e-11,1.43117324230488e-12,-1.40686793190832e-10
13803842646028.3,5.31573846263892e-08,-0.000230549005894628,-1.97842899441756e-13,3.05172399404942e-13,-7.9254623587344e-09,-7.93533325605289e-11,1.36663267433441e-12,-1.37484795371153e-10
14125375446227,5.07649083514253e-08,-0.00022530107035561,-1.82795382991431e-13,2.88612334112689e-13,-7.56879126626832e-09,-7.40572189802614e-11,1.30500484283941e-12,-1.34355650332871e-10
14454397707458.7,4.84801112342022e-08,-0.000220172592377593,-1.68820521548043e-13,2.72831260280629e-13,-7.22817007464699e-09,-6.91145582815774e-11,1.24615826254849e-12,-1.31297702370711e-10
14791083881681.5,4.62981469153816e-08,-0.000215160852776923,-1.55849114652123e-13,2.57802462248178e-13,-6.90287667800625e-09,-6.45017631822514e-11,1.18996737474495e-12,-1.28309333270114e-10
15135612484361.5,4.42143871576303e-08,-0.000210263194265959,-1.43815740255215e-13,2.43499358500119e-13,-6.59222144786272e-09,-6.01968203130938e-11,1.13631228145939e-12,-1.2538896146771e-10
15488166189124.2,4.22244120285212e-08,-0.000205477020044163,-1.32658607045459e-13,2.29895566088039e-13,-6.2955457733896e-09,-5.61791852117994e-11,1.08507849148462e-12,-1.22535041230032e-10
15848931924610.5,4.03240005252759e-08,-0.000200799792421251,-1.22319408304983e-13,2.16964961195072e-13,-6.01222066721519e-09,-5.24296843206622e-11,1.03615667768836e-12,-1.19746061850094e-10
16218100973588.7,3.85091216214625e-08,-0.000196229031471694,-1.12743177491127e-13,2.04681735628988e-13,-5.74164543381045e-09,-4.89304235212003e-11,9.89442445123127e-13,-1.17020546861493e-10
16595869074374.9,3.67759257166582e-08,-0.000191762313719838,-1.03878145751977e-13,1.93020449081458e-13,-5.4832463976629e-09,-4.56647027698406e-11,9.44836109455458e-13,-1.14357053269646e-10
16982436524616.8,3.51207364709395e-08,-0.000187397270854955,-9.56756015980292e-14,1.8195607704233e-13,-5.23647568855867e-09,-4.2616936427859e-11,9.02242485258681e-13,-1.11754170799849e-10
17378008287493.1,3.35400430068803e-08,-0.000183131588475544,-8.80897529568027e-14,1.71464054306496e-13,-5.00081008141438e-09,-3.97725789058742e-11,8.6157068373366e-13,-1.09210521161785e-10
17782794100388.5,3.20304924625182e-08,-0.000178963004862215,-8.10775918363561e-14,1.61520314056642e-13,-4.7757498882142e-09,-3.71180552685006e-11,8.22733919441826e-13,-1.06724757330161e-10
18197008586099.1,3.0588882879491e-08,-0.000174889309778506,-7.45987618177731e-14,1.52101322547503e-13,-4.56081789971679e-09,-3.46406964683832e-11,7.85649325653391e-13,-1.04295562841134e-10
18620871366627.9,2.92121564112601e-08,-0.00017090834329899,-6.86154285863904e-14,1.43184109455704e-13,-4.35555837470109e-09,-3.2328678900882e-11,7.50237777931303e-13,-1.01921651104202e-10
19054607179631.7,2.78973928370139e-08,-0.000167017994664067,-6.30921536975969e-14,1.3474629399378e-13,-4.15953607461929e-09,-3.01709679912567e-11,7.16423725588415e-13,-9.96017647292435e-11
19498445997579.7,2.66418033674927e-08,-0.000163216201160815,-5.79957717561257e-14,1.26766106917188e-13,-3.97233534162092e-09,-2.81572655454041e-11,6.84135030671352e-13,-9.73346748683768e-11
19952623149688,2.5442724729598e-08,-0.00015950094702932,-5.32952711685489e-14,1.19222408579239e-13,-3.79355921800265e-09,-2.62779606131345e-11,6.53302814139816e-13,-9.51191805723559e-11
20417379446694.5,2.42976135172369e-08,-0.000155870262393901,-4.89616786078076e-14,1.12094703210664e-13,-3.6228286052255e-09,-2.45240836297037e-11,6.23861308924603e-13,-9.29541081611746e-11
20892961308539.6,2.32040407964212e-08,-0.00015232222221866,-4.4967947306633e-14,1.05363149618377e-13,-3.45978146072436e-09,-2.28872636169415e-11,5.95747719561457e-13,-9.08383106085972e-11
21379620895021.5,2.21596869531761e-08,-0.000148854945286808,-4.12888492741783e-14,9.90085685118288e-14,-3.30407203081382e-09,-2.13596882398909e-11,5.68902088111079e-13,-8.87706669403182e-11
21877616239494.7,2.1162336773331e-08,-0.000145466593203226,-3.79008715075345e-14,9.30124466755653e-14,-3.15537011807059e-09,-1.99340665284849e-11,5.43267166088192e-13,-8.67500816454656e-11
22387211385682.5,2.02098747437568e-08,-0.000142155369419728,-3.47821162474683e-14,8.73569382133568e-14,-3.01336038164489e-09,-1.8603594086486e-11,5.1878829213458e-13,-8.47754841011679e-11
22908676527676.8,1.93002805650812e-08,-0.000138919518282509,-3.19122053060363e-14,8.20248630929165e-14,-2.87774166902272e-09,-1.73619206217681e-11,4.95413275182507e-13,-8.28458280099075e-11
23442288153198.3,1.84316248663652e-08,-0.000135757324101281,-2.92721884729859e-14,7.69997032210148e-14,-2.74822637782705e-09,-1.62031196430862e-11,4.73092282865849e-13,-8.09600908493911e-11
23988329190193.9,1.76020651126514e-08,-0.000132667110239595,-2.68444559882824e-14,7.22655962770889e-14,-2.62453984630914e-09,-1.5121660178806e-11,4.51777734946785e-13,-7.91172733346718e-11
24547089156849.3,1.68098416967021e-08,-0.000129647238225869,-2.46126550498854e-14,6.78073275295324e-14,-2.50641977124172e-09,-1.4112380382703e-11,4.31424201535887e-13,-7.73163988922608e-11
25118864315094.8,1.60532742066382e-08,-0.000126696106884653,-2.25616103091625e-14,6.36103198530409e-14,-2.39361565198335e-09,-1.31704629009378e-11,4.1198830589305e-13,-7.55565131459764e-11
25703957827687.6,1.53307578615622e-08,-0.000123812151487665,-2.06772482911635e-14,5.96606221579967e-14,-2.28588825953861e-09,-1.22914118827124e-11,3.93428631605869e-13,-7.38366834142754e-11
26302679918952.8,1.46407601076044e-08,-0.00012099384292416,-1.89465256634329e-14,5.59448964341751e-14,-2.1830091294913e-09,-1.14710315249453e-11,3.7570563395087e-13,-7.21559982188256e-11
26915348039268.1,1.39818173671717e-08,-0.000118239686890171,-1.7357361265123e-14,5.24504036013201e-14,-2.08476007773823e-09,-1.07054060486215e-11,3.58781555251387e-13,-7.05135668040736e-11
27542287033380.6,1.33525319345052e-08,-0.000115548223096217,-1.58985717978704e-14,4.91649883486155e-14,-1.99093273799927e-09,-9.99088101129723e-12,3.42620344053976e-13,-6.89085186675755e-11
28183829312643.4,1.27515690109595e-08,-0.000112918024493039,-1.45598110711737e-14,4.6077063133991e-14,-1.90132812012533e-09,-9.32404586661219e-12,3.27187577952945e-13,-6.7340003100855e-11
28840315031264.9,1.21776538737171e-08,-0.000110347696514962,-1.33315126878023e-14,4.31755915027657e-14,-1.81575618826958e-09,-8.70171768760799e-12,3.12450389899995e-13,-6.58071887405635e-11
29512092266662.7,1.16295691719315e-08,-0.000107835876340478,-1.22048360489927e-14,4.04500708735081e-14,-1.73403545802954e-09,-8.1209259762022e-12,2.98377397843055e-13,-6.43092631297184e-11
30199517204018.9,1.11061523445637e-08,-0.000105381232169666,-1.11716155547719e-14,3.78905149273577e-14,-1.65599261170738e-09,-7.57889848634654e-12,2.84938637545203e-13,-6.28454322887996e-11
30902954325134.7,1.06062931544351e-08,-0.00010298246251805,-1.02243128715777e-14,3.54874357255321e-14,-1.58146213087411e-09,-7.07304799323302e-12,2.72105498441046e-13,-6.14149202964922e-11
31622776601682.5,1.01289313332663e-08,-0.000100638295526543,-9.35597213733348e-15,3.32318256684579e-14,-1.5102859454601e-09,-6.60095994542352e-12,2.59850662394216e-13,-6.00169688798616e-11
32359365692961.5,9.67305433270661e-09,-9.83474882870889e-05,-8.56017797316635e-15,3.11151393990065e-14,-1.44231309862888e-09,-6.16038094098974e-12,2.48148045225599e-13,-5.86508370137583e-11
33113112148257.8,9.23769517658422e-09,-9.61088261836554e-05,-7.83101617093119e-15,2.91292757417651e-14,-1.3773994267249e-09,-5.74920797268043e-12,2.36972740887645e-13,-5.73158005292477e-11
33884415613918.9,8.82193040982015e-09,-9.39211222482338e-05,-7.16303692651332e-15,2.72665597601909e-14,-1.3154072536176e-09,-5.36547839080152e-12,2.26300968165608e-13,-5.60111517308675e-11
34673685045251.8,8.42487813965704e-09,-9.17832165314923e-05,-6.55122049042838e-15,2.55197250039313e-14,-1.25620509879453e-09,-5.00736053591784e-12,2.1611001979184e-13,-5.47361990225196e-11
35481338923356.1,8.04569616504673e-09,-8.9693975487757e-05,-5.9909451094216e-15,2.38818960095685e-14,-1.19966739858542e-09,-4.67314499668043e-12,2.06378213864271e-13,-5.34902665418049e-11
36307805477008.7,7.68358019022942e-09,-8.76522913739918e-05,-5.47795713549795e-15,2.23465711095996e-14,-1.14567423992689e-09,-4.36123645106567e-12,1.97084847465073e-13,-5.22726938026152e-11
37153522909715.8,7.33776211871487e-09,-8.56570816624599e-05,-5.00834318200249e-15,2.0907605596588e-14,-1.09411110610381e-09,-4.07014605209529e-12,1.88210152380113e-13,-5.10828353458003e-11
38018939632054.6,7.00750842404716e-09,-8.3707288466754e-05,-4.57850420993623e-15,1.95591952821314e-14,-1.04486863392891e-09,-3.79848432170412e-12,1.79735252824217e-13,-4.99200603977298e-11
38904514499426.5,6.69211859389701e-09,-8.18018779808919e-05,-4.18513143156263e-15,1.82958604835774e-14,-9.97842381846202e-10,-3.5449545188464e-12,1.7164212508153e-13,-4.87837525365768e-11
39810717055348.1,6.39092364418155e-09,-7.99398399311795e-05,-3.82518392246556e-15,1.71124304652677e-14,-9.52932608467097e-10,-3.30834645019404e-12,1.63913558974294e-13,-4.76733093661497e-11
40738027780409.6,6.10328470005965e-09,-7.81201870405517e-05,-3.49586783750005e-15,1.60040283554868e-14,-9.10044061069943e-10,-3.08753069389195e-12,1.56533121077257e-13,-4.65881421971059e-11
41686938347031.9,5.82859164079295e-09,-7.63419545051049e-05,-3.19461713047757e-15,1.49660565552191e-14,-8.69085773614991e-10,-2.88145320880608e-12,1.49485119598635e-13,-4.55276757353819e-11
42657951880157.5,5.56626180559823e-09,-7.46041994825469e-05,-2.91907568189906e-15,1.3994182650245e-14,-8.29970873846814e-10,-2.68913030353897e-12,1.4275457085211e-13,-4.44913477776794e-11
43651583224014.8,5.31573875774595e-09,-7.29060005922892e-05,-2.66708074354851e-15,1.3084325834014e-14,-7.92616399075487e-10,-2.50964394120445e-12,1.36327167247734e-13,-4.34786089138502e-11
44668359215094.5,5.07649110428357e-09,-7.12464574269199e-05,-2.43664761325048e-15,1.22326438450895e-14,-7.56943120246175e-10,-2.34213735755487e-12,1.30189246732869e-13,-4.24889222360236e-11
45708818961485.6,4.84801136887994e-09,-6.96246900747963e-05,-2.22595545754411e-15,1.14355204197388e-14,-7.22875373924344e-10,-2.18581097154939e-12,1.24327763617397e-13,-4.1521763054329e-11
46773514128717.9,4.62981491540025e-09,-6.80398386535044e-05,-2.03333420440666e-15,1.06895532574157e-14,-6.90340901840563e-10,-2.03991856884745e-12,1.18730260720394e-13,-4.05766186190621e-11
47863009232261.9,4.42143891992782e-09,-6.64910628539387e-05,-1.85725243244859e-15,9.9915424944192e-15,-6.59270697654842e-10,-1.90376374001351e-12,1.13384842778323e-13,-3.96529878491529e-11
48977881936842.6,4.22244138905275e-09,-6.49775414947594e-05,-1.69630618718025e-15,9.33847967888578e-15,-6.29598860615791e-10,-1.77669655643484e-12,1.08280151057485e-13,-3.87503810667925e-11
50118723362725.2,4.03240022234469e-09,-6.34984720869914e-05,-1.54920865900288e-15,8.7275372384556e-15,-6.01262455804424e-10,-1.65811046808825e-12,1.03405339116099e-13,-3.78683197380814e-11
51286138399134.4,3.85091231702138e-09,-6.20530704085351e-05,-1.41478066149067e-15,8.15605843041676e-15,-5.74201380666422e-10,-1.54743940835031e-12,9.8750049663805e-14,-3.70063362195633e-11
52480746024975.1,3.6775927129137e-09,-6.06405700883611e-05,-1.29194185229817e-15,7.62154776285292e-15,-5.48358237549964e-10,-1.44415509203369e-12,9.43043924688051e-14,-3.61639735105114e-11
53703179637023.1,3.51207377591361e-09,-5.9260222200171e-05,-1.17970264264058e-15,7.1216618742723e-15,-5.2367821197896e-10,-1.3477644937541e-12,9.00589232650884e-14,-3.53407850108389e-11
54954087385760.2,3.35400441817303e-09,-5.79112948653068e-05,-1.07715674475023e-15,6.65420085835757e-15,-5.00108956403671e-10,-1.25780749459325e-12,8.6004623614342e-14,-3.45363342845063e-11
56234132519032.6,3.20304935339947e-09,-5.65930728646995e-05,-9.83474310007051e-16,6.21710001982532e-15,-4.77600479182291e-10,-1.17385468582572e-12,8.21328816792282e-14,-3.37501948283012e-11
57543993733713.4,3.05888838566896e-09,-5.53048572596509e-05,-8.97895613575086e-16,5.80842204689944e-15,-4.56105038558176e-10,-1.09550531922797e-12,7.84354738666664e-14,-3.29819498458703e-11
58884365535556.5,2.92121573024762e-09,-5.40459650212472e-05,-8.19725244350013e-16,5.42634958556657e-15,-4.35577041407946e-10,-1.02238539418652e-12,7.49045473016399e-14,-3.22311920268835e-11
60255958607433.3,2.7897393649813e-09,-5.28157286682082e-05,-7.483267618376e-16,5.06917820057672e-15,-4.15972946545829e-10,-9.54145872475587e-13,7.15326030938457e-14,-3.14975233312166e-11
61659500186145.7,2.66418041087747e-09,-5.16134959129804e-05,-6.83117784242e-16,4.73530970806059e-15,-3.97251172379262e-10,-8.90461012183653e-13,6.83124803612145e-14,-3.07805547780359e-11
63095734448016.8,2.54427254056555e-09,-5.04386293158854e-05,-6.2356547455005e-16,4.42324586464447e-15,-3.79372008719961e-10,-8.31026812836952e-13,6.52373409759691e-14,-3.00799062396774e-11
64565422903462.9,2.42976141338089e-09,-4.92905059471413e-05,-5.69182393757488e-16,4.13158239803822e-15,-3.62297532563515e-10,-7.7555956429871e-13,6.23006550004479e-14,-2.93952062402093e-11
66069344800756.9,2.32040413587418e-09,-4.81685170565773e-05,-5.19522692600203e-16,3.85900336424118e-15,-3.45991527658924e-10,-7.23794492518089e-13,5.94961867814131e-14,-2.8726091758573e-11
67608297539195.4,2.21596874660187e-09,-4.70720677508663e-05,-4.7417861523361e-16,3.60427581674241e-15,-3.30419407697587e-10,-6.7548449566511e-13,5.68179816729838e-14,-2.80722080361998e-11
69183097091890.8,2.11623372410492e-09,-4.6000576678105e-05,-4.3277729025162e-16,3.36624477337689e-15,-3.15548142958853e-10,-6.30398964619125e-13,5.42603533596965e-14,-2.74332083889997e-11
70794578438410.9,2.0209875170321e-09,-4.49534757195735e-05,-3.94977786259193e-16,3.14382846682719e-15,-3.01346190256632e-10,-5.88322682181055e-13,5.18178717524882e-14,-2.68087540236257e-11
72443596007496,1.93002809541125e-09,-4.39302096885111e-05,-3.6046841091509e-16,2.93601386512508e-15,-2.87783426038516e-10,-5.49054795755287e-13,4.94853514316368e-14,-2.6198513857915e-11
74131024130088.7,1.84316252211661e-09,-4.29302360357496e-05,-3.28964233950042e-16,2.7418524488997e-15,-2.74831082495572e-10,-5.12407858597786e-13,4.72578406118744e-14,-2.56021643454129e-11
75857757502915.2,1.76020654362338e-09,-4.19530245620461e-05,-3.00204816146082e-16,2.56045623253451e-15,-2.62461686547326e-10,-4.7820693505424e-13,4.51306106060158e-14,-2.50193893038877e-11
77624711662866,1.68098419918128e-09,-4.09980571369647e-05,-2.73952127641122e-16,2.39099401682605e-15,-2.50649001572572e-10,-4.46288765517436e-13,4.30991457645205e-14,-2.44498797477442e-11
79432823472424.9,1.60532744757824e-09,-4.00648274241573e-05,-2.49988640204629e-16,2.23268786118112e-15,-2.39367971762442e-10,-4.1650098711812e-13,4.11591338694335e-14,-2.38933337242497e-11
81283051616406.6,1.53307581070247e-09,-3.9152840612897e-05,-2.28115579321212e-16,2.08480976383887e-15,-2.28594668977749e-10,-3.88701406429581e-13,3.93064569621308e-14,-2.33494561534839e-11
83176377110263.7,1.46407603314689e-09,-3.8261613155723e-05,-2.08151323024331e-16,1.9466785390579e-15,-2.18306241997907e-10,-3.62757320714456e-13,3.75371825852271e-14,-2.28179586719293e-11
85113803820234.1,1.39818175713387e-09,-3.7390672512058e-05,-1.89929935447613e-16,1.81765688066271e-15,-2.08480868053815e-10,-3.38544884473964e-13,3.58475554199017e-14,-2.22985594796194e-11
87096358995604.5,1.33525321207077e-09,-3.65395568976602e-05,-1.7329982401125e-16,1.69714860179447e-15,-1.99097706541927e-10,-3.15948518275957e-13,3.4233989300745e-14,-2.17909831907638e-11
89125093813370.9,1.27515691807782e-09,-3.570781503978e-05,-1.58122510040662e-16,1.58459604115786e-15,-1.90136854821355e-10,-2.94860357040015e-13,3.26930595910433e-14,-2.12949606877711e-11
91201083935587.2,1.21776540285936e-09,-3.48950059378888e-05,-1.44271503428538e-16,1.47947762649444e-15,-1.81579306000264e-10,-2.75179735146112e-13,3.12214959021956e-14,-2.08102289785924e-11
93325430079695.2,1.16295693131807e-09,-3.41006986298549e-05,-1.31631272703932e-16,1.38130558644408e-15,-1.73406908622056e-10,-2.56812705909151e-13,2.9816175141695e-14,-2.03365310573106e-11
95499258602139.6,1.11061524733845e-09,-3.33244719634417e-05,-1.20096302567496e-16,1.28962380237599e-15,-1.65602328165826e-10,-2.39671593125689e-13,2.84741148748161e-14,-1.98736157679007e-11
97723722095577,1.06062932719211e-09,-3.25659143730075e-05,-1.09570231594042e-16,1.20400579218049e-15,-1.58149010279475e-10,-2.23674572552269e-13,2.71924669858218e-14,-1.94212376710904e-11
99999999999995.8,1.01289314404147e-09,-3.18246236612875e-05,-9.99650633962571e-17,1.12405281841003e-15,-1.51031145667481e-10,-2.08745281317613e-13,2.5968511625149e-14,-1.8979156914249e-11
