frequency_Hz,output_V_sqrtHz,input_V_sqrtHz,M1_V_sqrtHz,M2_V_sqrtHz,RE_V_sqrtHz,RL_V_sqrtHz
1,9.16370688031356e-10,4.71191938112462e-08,1.02215535460258e-10,3.73430756483445e-13,2.20062597696295e-11,9.10386075944736e-10
1.02329299228075,9.16370688031356e-10,4.71191938112462e-08,1.02215535460258e-10,3.73430756483445e-13,2.20062597696295e-11,9.10386075944736e-10
1.0471285480509,9.16370688031356e-10,4.71191938112462e-08,1.02215535460258e-10,3.73430756483445e-13,2.20062597696295e-11,9.10386075944736e-10
1.07151930523761,9.16370688031356e-10,4.71191938112462e-08,1.02215535460258e-10,3.73430756483445e-13,2.20062597696295e-11,9.10386075944736e-10
1.09647819614319,9.16370688031356e-10,4.71191938112462e-08,1.02215535460258e-10,3.73430756483445e-13,2.20062597696295e-11,9.10386075944736e-10
1.12201845430196,9.16370688031356e-10,4.71191938112462e-08,1.02215535460258e-10,3.73430756483445e-13,2.20062597696295e-11,9.10386075944736e-10
1.14815362149688,9.16370688031356e-10,4.71191938112462e-08,1.02215535460258e-10,3.73430756483445e-13,2.20062597696295e-11,9.10386075944736e-10
1.17489755493953,9.16370688031356e-10,4.71191938112462e-08,1.02215535460258e-10,3.73430756483445e-13,2.20062597696295e-11,9.10386075944736e-10
1.20226443461741,9.16370688031356e-10,4.71191938112462e-08,1.02215535460258e-10,3.73430756483445e-13,2.20062597696295e-11,9.10386075944736e-10
1.23026877081238,9.16370688031356e-10,4.71191938112462e-08,1.02215535460258e-10,3.73430756483445e-13,2.20062597696295e-11,9.10386075944736e-10
1.25892541179417,9.16370688031356e-10,4.71191938112462e-08,1.02215535460258e-10,3.73430756483445e-13,2.20062597696295e-11,9.10386075944736e-10
1.28824955169313,9.16370688031356e-10,4.71191938112462e-08,1.02215535460258e-10,3.73430756483445e-13,2.20062597696295e-11,9.10386075944736e-10
1.31825673855641,9.16370688031356e-10,4.71191938112462e-08,1.02215535460258e-10,3.73430756483445e-13,2.20062597696295e-11,9.10386075944736e-10
1.34896288259165,9.16370688031356e-10,4.71191938112462e-08,1.02215535460258e-10,3.73430756483445e-13,2.20062597696295e-11,9.10386075944736e-10
1.38038426460288,9.16370688031356e-10,4.71191938112462e-08,1.02215535460258e-10,3.73430756483445e-13,2.20062597696295e-11,9.10386075944736e-10
1.41253754462275,9.16370688031356e-10,4.71191938112462e-08,1.02215535460258e-10,3.73430756483445e-13,2.20062597696295e-11,9.10386075944736e-10
1.44543977074593,9.16370688031356e-10,4.71191938112462e-08,1.02215535460258e-10,3.73430756483445e-13,2.20062597696295e-11,9.10386075944736e-10
1.47910838816821,9.16370688031356e-10,4.71191938112462e-08,1.02215535460258e-10,3.73430756483445e-13,2.20062597696295e-11,9.10386075944736e-10
1.51356124843621,9.16370688031356e-10,4.71191938112462e-08,1.02215535460258e-10,3.73430756483445e-13,2.20062597696295e-11,9.10386075944736e-10
1.54881661891248,9.16370688031356e-10,4.71191938112462e-08,1.02215535460258e-10,3.73430756483445e-13,2.20062597696295e-11,9.10386075944736e-10
1.58489319246111,9.16370688031356e-10,4.71191938112462e-08,1.02215535460258e-10,3.73430756483445e-13,2.20062597696295e-11,9.10386075944736e-10
1.62181009735893,9.16370688031356e-10,4.71191938112462e-08,1.02215535460258e-10,3.73430756483445e-13,2.20062597696295e-11,9.10386075944736e-10
1.65958690743756,9.16370688031356e-10,4.71191938112462e-08,1.02215535460258e-10,3.73430756483445e-13,2.20062597696295e-11,9.10386075944736e-10
1.69824365246174,9.16370688031356e-10,4.71191938112462e-08,1.02215535460258e-10,3.73430756483445e-13,2.20062597696295e-11,9.10386075944736e-10
1.73780082874937,9.16370688031356e-10,4.71191938112462e-08,1.02215535460258e-10,3.73430756483445e-13,2.20062597696295e-11,9.10386075944736e-10
1.77827941003892,9.16370688031356e-10,4.71191938112462e-08,1.02215535460258e-10,3.73430756483445e-13,2.20062597696295e-11,9.10386075944736e-10
1.81970085860998,9.16370688031356e-10,4.71191938112462e-08,1.02215535460258e-10,3.73430756483445e-13,2.20062597696295e-11,9.10386075944736e-10
1.86208713666287,9.16370688031356e-10,4.71191938112462e-08,1.02215535460258e-10,3.73430756483445e-13,2.20062597696295e-11,9.10386075944736e-10
1.90546071796325,9.16370688031356e-10,4.71191938112462e-08,1.02215535460258e-10,3.73430756483445e-13,2.20062597696295e-11,9.10386075944736e-10
1.94984459975804,9.16370688031356e-10,4.71191938112462e-08,1.02215535460258e-10,3.73430756483445e-13,2.20062597696295e-11,9.10386075944736e-10
1.99526231496888,9.16370688031356e-10,4.71191938112462e-08,1.02215535460258e-10,3.73430756483445e-13,2.20062597696295e-11,9.10386075944736e-10
2.04173794466953,9.16370688031356e-10,4.71191938112462e-08,1.02215535460258e-10,3.73430756483445e-13,2.20062597696295e-11,9.10386075944736e-10
2.08929613085404,9.16370688031356e-10,4.71191938112462e-08,1.02215535460258e-10,3.73430756483445e-13,2.20062597696295e-11,9.10386075944736e-10
2.13796208950223,9.16370688031356e-10,4.71191938112462e-08,1.02215535460258e-10,3.73430756483445e-13,2.20062597696295e-11,9.10386075944736e-10
2.18776162394955,9.16370688031356e-10,4.71191938112462e-08,1.02215535460258e-10,3.73430756483445e-13,2.20062597696295e-11,9.10386075944736e-10
2.23872113856834,9.16370688031356e-10,4.71191938112462e-08,1.02215535460258e-10,3.73430756483445e-13,2.20062597696295e-11,9.10386075944736e-10
2.29086765276777,9.16370688031356e-10,4.71191938112462e-08,1.02215535460258e-10,3.73430756483445e-13,2.20062597696295e-11,9.10386075944736e-10
2.34422881531992,9.16370688031356e-10,4.71191938112462e-08,1.02215535460258e-10,3.73430756483445e-13,2.20062597696295e-11,9.10386075944736e-10
2.39883291901949,9.16370688031356e-10,4.71191938112462e-08,1.02215535460258e-10,3.73430756483445e-13,2.20062597696295e-11,9.10386075944736e-10
2.45470891568503,9.16370688031356e-10,4.71191938112462e-08,1.02215535460258e-10,3.73430756483445e-13,2.20062597696295e-11,9.10386075944736e-10
2.51188643150958,9.16370688031356e-10,4.71191938112462e-08,1.02215535460258e-10,3.73430756483445e-13,2.20062597696295e-11,9.10386075944736e-10
2.57039578276886,9.16370688031356e-10,4.71191938112462e-08,1.02215535460258e-10,3.73430756483445e-13,2.20062597696295e-11,9.10386075944736e-10
2.63026799189538,9.16370688031356e-10,4.71191938112462e-08,1.02215535460258e-10,3.73430756483445e-13,2.20062597696295e-11,9.10386075944736e-10
2.69153480392691,9.16370688031356e-10,4.71191938112462e-08,1.02215535460258e-10,3.73430756483445e-13,2.20062597696295e-11,9.10386075944736e-10
2.75422870333816,9.16370688031356e-10,4.71191938112462e-08,1.02215535460258e-10,3.73430756483445e-13,2.20062597696295e-11,9.10386075944736e-10
2.81838293126445,9.16370688031356e-10,4.71191938112462e-08,1.02215535460258e-10,3.73430756483445e-13,2.20062597696295e-11,9.10386075944736e-10
2.8840315031266,9.16370688031356e-10,4.71191938112462e-08,1.02215535460258e-10,3.73430756483445e-13,2.20062597696295e-11,9.10386075944736e-10
2.95120922666638,9.16370688031356e-10,4.71191938112462e-08,1.02215535460258e-10,3.73430756483445e-13,2.20062597696295e-11,9.10386075944736e-10
3.01995172040201,9.16370688031356e-10,4.71191938112462e-08,1.02215535460258e-10,3.73430756483445e-13,2.20062597696295e-11,9.10386075944736e-10
3.09029543251359,9.16370688031356e-10,4.71191938112462e-08,1.02215535460258e-10,3.73430756483445e-13,2.20062597696295e-11,9.10386075944736e-10
3.16227766016837,9.16370688031356e-10,4.71191938112462e-08,1.02215535460258e-10,3.73430756483445e-13,2.20062597696295e-11,9.10386075944736e-10
3.23593656929628,9.16370688031356e-10,4.71191938112462e-08,1.02215535460258e-10,3.73430756483445e-13,2.20062597696295e-11,9.10386075944736e-10
3.3113112148259,9.16370688031356e-10,4.71191938112462e-08,1.02215535460258e-10,3.73430756483445e-13,2.20062597696295e-11,9.10386075944736e-10
3.38844156139202,9.16370688031356e-10,4.71191938112462e-08,1.02215535460258e-10,3.73430756483445e-13,2.20062597696295e-11,9.10386075944736e-10
3.46736850452531,9.16370688031356e-10,4.71191938112462e-08,1.02215535460258e-10,3.73430756483445e-13,2.20062597696295e-11,9.10386075944736e-10
3.54813389233575,9.16370688031356e-10,4.71191938112462e-08,1.02215535460258e-10,3.73430756483445e-13,2.20062597696295e-11,9.10386075944736e-10
3.63078054770101,9.16370688031356e-10,4.71191938112462e-08,1.02215535460258e-10,3.73430756483445e-13,2.20062597696295e-11,9.10386075944736e-10
3.71535229097172,9.16370688031356e-10,4.71191938112462e-08,1.02215535460258e-10,3.73430756483445e-13,2.20062597696295e-11,9.10386075944736e-10
3.8018939632056,9.16370688031356e-10,4.71191938112462e-08,1.02215535460258e-10,3.73430756483445e-13,2.20062597696295e-11,9.10386075944736e-10
3.8904514499428,9.16370688031356e-10,4.71191938112462e-08,1.02215535460258e-10,3.73430756483445e-13,2.20062597696295e-11,9.10386075944736e-10
3.98107170553497,9.16370688031356e-10,4.71191938112462e-08,1.02215535460258e-10,3.73430756483445e-13,2.20062597696295e-11,9.10386075944736e-10
4.07380277804112,9.16370688031356e-10,4.71191938112462e-08,1.02215535460258e-10,3.73430756483445e-13,2.20062597696295e-11,9.10386075944736e-10
4.16869383470335,9.16370688031356e-10,4.71191938112462e-08,1.02215535460258e-10,3.73430756483445e-13,2.20062597696295e-11,9.10386075944736e-10
4.26579518801592,9.16370688031356e-10,4.71191938112462e-08,1.02215535460258e-10,3.73430756483445e-13,2.20062597696295e-11,9.10386075944736e-10
4.36515832240165,9.16370688031356e-10,4.71191938112462e-08,1.02215535460258e-10,3.73430756483445e-13,2.20062597696295e-11,9.10386075944736e-10
4.46683592150962,9.16370688031356e-10,4.71191938112462e-08,1.02215535460258e-10,3.73430756483445e-13,2.20062597696295e-11,9.10386075944736e-10
4.57088189614874,9.16370688031356e-10,4.71191938112462e-08,1.02215535460258e-10,3.73430756483445e-13,2.20062597696295e-11,9.10386075944736e-10
4.67735141287197,9.16370688031356e-10,4.71191938112462e-08,1.02215535460258e-10,3.73430756483445e-13,2.20062597696295e-11,9.10386075944736e-10
4.78630092322637,9.16370688031356e-10,4.71191938112462e-08,1.02215535460258e-10,3.73430756483445e-13,2.20062597696295e-11,9.10386075944736e-10
4.89778819368445,9.16370688031356e-10,4.71191938112462e-08,1.02215535460258e-10,3.73430756483445e-13,2.20062597696295e-11,9.10386075944736e-10
5.01187233627271,9.16370688031356e-10,4.71191938112462e-08,1.02215535460258e-10,3.73430756483445e-13,2.20062597696295e-11,9.10386075944736e-10
5.12861383991364,9.16370688031356e-10,4.71191938112462e-08,1.02215535460258e-10,3.73430756483445e-13,2.20062597696295e-11,9.10386075944736e-10
5.24807460249771,9.16370688031356e-10,4.71191938112462e-08,1.02215535460258e-10,3.73430756483445e-13,2.20062597696295e-11,9.10386075944736e-10
5.37031796370252,9.16370688031356e-10,4.71191938112462e-08,1.02215535460258e-10,3.73430756483445e-13,2.20062597696295e-11,9.10386075944736e-10
5.49540873857623,9.16370688031356e-10,4.71191938112462e-08,1.02215535460258e-10,3.73430756483445e-13,2.20062597696295e-11,9.10386075944736e-10
5.62341325190348,9.16370688031356e-10,4.71191938112462e-08,1.02215535460258e-10,3.73430756483445e-13,2.20062597696295e-11,9.10386075944736e-10
5.75439937337156,9.16370688031356e-10,4.71191938112462e-08,1.02215535460258e-10,3.73430756483445e-13,2.20062597696295e-11,9.10386075944736e-10
5.88843655355588,9.16370688031356e-10,4.71191938112462e-08,1.02215535460258e-10,3.73430756483445e-13,2.20062597696295e-11,9.10386075944736e-10
6.02559586074356,9.16370688031356e-10,4.71191938112462e-08,1.02215535460258e-10,3.73430756483445e-13,2.20062597696295e-11,9.10386075944736e-10
6.16595001861481,9.16370688031356e-10,4.71191938112462e-08,1.02215535460258e-10,3.73430756483445e-13,2.20062597696295e-11,9.10386075944736e-10
6.30957344480192,9.16370688031356e-10,4.71191938112462e-08,1.02215535460258e-10,3.73430756483445e-13,2.20062597696295e-11,9.10386075944736e-10
6.45654229034654,9.16370688031356e-10,4.71191938112462e-08,1.02215535460258e-10,3.73430756483445e-13,2.20062597696295e-11,9.10386075944736e-10
6.60693448007594,9.16370688031356e-10,4.71191938112462e-08,1.02215535460258e-10,3.73430756483445e-13,2.20062597696295e-11,9.10386075944736e-10
6.7608297539198,9.16370688031356e-10,4.71191938112462e-08,1.02215535460258e-10,3.73430756483445e-13,2.20062597696295e-11,9.10386075944736e-10
6.91830970918935,9.16370688031356e-10,4.71191938112462e-08,1.02215535460258e-10,3.73430756483445e-13,2.20062597696295e-11,9.10386075944736e-10
7.07945784384136,9.16370688031356e-10,4.71191938112462e-08,1.02215535460258e-10,3.73430756483445e-13,2.20062597696295e-11,9.10386075944736e-10
7.24435960074988,9.16370688031356e-10,4.71191938112462e-08,1.02215535460258e-10,3.73430756483445e-13,2.20062597696295e-11,9.10386075944736e-10
7.41310241300916,9.16370688031356e-10,4.71191938112462e-08,1.02215535460258e-10,3.73430756483445e-13,2.20062597696295e-11,9.10386075944736e-10
7.58577575029182,9.16370688031356e-10,4.71191938112462e-08,1.02215535460258e-10,3.73430756483445e-13,2.20062597696295e-11,9.10386075944736e-10
7.7624711662869,9.16370688031356e-10,4.71191938112462e-08,1.02215535460258e-10,3.73430756483445e-13,2.20062597696295e-11,9.10386075944736e-10
7.94328234724279,9.16370688031356e-10,4.71191938112462e-08,1.02215535460258e-10,3.73430756483445e-13,2.20062597696295e-11,9.10386075944736e-10
8.12830516164097,9.16370688031356e-10,4.71191938112462e-08,1.02215535460258e-10,3.73430756483445e-13,2.20062597696295e-11,9.10386075944736e-10
8.31763771102669,9.16370688031356e-10,4.71191938112462e-08,1.02215535460258e-10,3.73430756483445e-13,2.20062597696295e-11,9.10386075944736e-10
8.51138038202374,9.16370688031356e-10,4.71191938112462e-08,1.02215535460258e-10,3.73430756483445e-13,2.20062597696295e-11,9.10386075944736e-10
8.70963589956078,9.16370688031356e-10,4.71191938112462e-08,1.02215535460258e-10,3.73430756483445e-13,2.20062597696295e-11,9.10386075944736e-10
8.91250938133743,9.16370688031356e-10,4.71191938112462e-08,1.02215535460258e-10,3.73430756483445e-13,2.20062597696295e-11,9.10386075944736e-10
9.12010839355907,9.16370688031356e-10,4.71191938112462e-08,1.02215535460258e-10,3.73430756483445e-13,2.20062597696295e-11,9.10386075944736e-10
9.33254300796988,9.16370688031356e-10,4.71191938112462e-08,1.02215535460258e-10,3.73430756483445e-13,2.20062597696295e-11,9.10386075944736e-10
9.54992586021433,9.16370688031356e-10,4.71191938112462e-08,1.02215535460258e-10,3.73430756483445e-13,2.20062597696295e-11,9.10386075944736e-10
9.77237220955808,9.16370688031356e-10,4.71191938112462e-08,1.02215535460258e-10,3.73430756483445e-13,2.20062597696295e-11,9.10386075944736e-10
9.99999999999997,9.16370688031356e-10,4.71191938112462e-08,1.02215535460258e-10,3.73430756483445e-13,2.20062597696295e-11,9.10386075944736e-10
10.2329299228075,9.16370688031356e-10,4.71191938112462e-08,1.02215535460258e-10,3.73430756483445e-13,2.20062597696295e-11,9.10386075944736e-10
10.471285480509,9.16370688031356e-10,4.71191938112462e-08,1.02215535460258e-10,3.73430756483445e-13,2.20062597696295e-11,9.10386075944736e-10
10.715193052376,9.16370688031356e-10,4.71191938112462e-08,1.02215535460258e-10,3.73430756483445e-13,2.20062597696295e-11,9.10386075944736e-10
10.9647819614318,9.16370688031356e-10,4.71191938112462e-08,1.02215535460258e-10,3.73430756483445e-13,2.20062597696295e-11,9.10386075944736e-10
11.2201845430196,9.16370688031356e-10,4.71191938112462e-08,1.02215535460258e-10,3.73430756483445e-13,2.20062597696295e-11,9.10386075944736e-10
11.4815362149688,9.16370688031356e-10,4.71191938112462e-08,1.02215535460258e-10,3.73430756483445e-13,2.20062597696295e-11,9.10386075944736e-10
11.7489755493953,9.16370688031356e-10,4.71191938112462e-08,1.02215535460258e-10,3.73430756483445e-13,2.20062597696295e-11,9.10386075944736e-10
12.0226443461741,9.16370688031356e-10,4.71191938112462e-08,1.02215535460258e-10,3.73430756483445e-13,2.20062597696295e-11,9.10386075944736e-10
12.3026877081238,9.16370688031356e-10,4.71191938112462e-08,1.02215535460258e-10,3.73430756483445e-13,2.20062597696295e-11,9.10386075944736e-10
12.5892541179416,9.16370688031356e-10,4.71191938112462e-08,1.02215535460258e-10,3.73430756483445e-13,2.20062597696295e-11,9.10386075944736e-10
12.8824955169313,9.16370688031356e-10,4.71191938112462e-08,1.02215535460258e-10,3.73430756483445e-13,2.20062597696295e-11,9.10386075944736e-10
13.182567385564,9.16370688031356e-10,4.71191938112462e-08,1.02215535460258e-10,3.73430756483445e-13,2.20062597696295e-11,9.10386075944736e-10
13.4896288259165,9.16370688031356e-10,4.71191938112462e-08,1.02215535460258e-10,3.73430756483445e-13,2.20062597696295e-11,9.10386075944736e-10
13.8038426460288,9.16370688031356e-10,4.71191938112462e-08,1.02215535460258e-10,3.73430756483445e-13,2.20062597696295e-11,9.10386075944736e-10
14.1253754462275,9.16370688031356e-10,4.71191938112462e-08,1.02215535460258e-10,3.73430756483445e-13,2.20062597696295e-11,9.10386075944736e-10
14.4543977074592,9.16370688031356e-10,4.71191938112462e-08,1.02215535460258e-10,3.73430756483445e-13,2.20062597696295e-11,9.10386075944736e-10
14.791083881682,9.16370688031356e-10,4.71191938112462e-08,1.02215535460258e-10,3.73430756483445e-13,2.20062597696295e-11,9.10386075944736e-10
15.135612484362,9.16370688031356e-10,4.71191938112462e-08,1.02215535460258e-10,3.73430756483445e-13,2.20062597696295e-11,9.10386075944736e-10
15.4881661891248,9.16370688031356e-10,4.71191938112462e-08,1.02215535460258e-10,3.73430756483445e-13,2.20062597696295e-11,9.10386075944736e-10
15.8489319246111,9.16370688031356e-10,4.71191938112462e-08,1.02215535460258e-10,3.73430756483445e-13,2.20062597696295e-11,9.10386075944736e-10
16.2181009735892,9.16370688031356e-10,4.71191938112462e-08,1.02215535460258e-10,3.73430756483445e-13,2.20062597696295e-11,9.10386075944736e-10
16.5958690743755,9.16370688031356e-10,4.71191938112462e-08,1.02215535460258e-10,3.73430756483445e-13,2.20062597696295e-11,9.10386075944736e-10
16.9824365246174,9.16370688031356e-10,4.71191938112462e-08,1.02215535460258e-10,3.73430756483445e-13,2.20062597696295e-11,9.10386075944736e-10
17.3780082874937,9.16370688031356e-10,4.71191938112462e-08,1.02215535460258e-10,3.73430756483445e-13,2.20062597696295e-11,9.10386075944736e-10
17.7827941003892,9.16370688031356e-10,4.71191938112462e-08,1.02215535460258e-10,3.73430756483445e-13,2.20062597696295e-11,9.10386075944736e-10
18.1970085860998,9.16370688031356e-10,4.71191938112462e-08,1.02215535460258e-10,3.73430756483445e-13,2.20062597696295e-11,9.10386075944736e-10
18.6208713666286,9.16370688031356e-10,4.71191938112462e-08,1.02215535460258e-10,3.73430756483445e-13,2.20062597696295e-11,9.10386075944736e-10
19.0546071796324,9.16370688031356e-10,4.71191938112462e-08,1.02215535460258e-10,3.73430756483445e-13,2.20062597696295e-11,9.10386075944736e-10
19.4984459975804,9.16370688031356e-10,4.71191938112462e-08,1.02215535460258e-10,3.73430756483445e-13,2.20062597696295e-11,9.10386075944736e-10
19.9526231496887,9.16370688031356e-10,4.71191938112462e-08,1.02215535460258e-10,3.73430756483445e-13,2.20062597696295e-11,9.10386075944736e-10
20.4173794466952,9.16370688031356e-10,4.71191938112462e-08,1.02215535460258e-10,3.73430756483445e-13,2.20062597696295e-11,9.10386075944736e-10
20.8929613085403,9.16370688031356e-10,4.71191938112462e-08,1.02215535460258e-10,3.73430756483445e-13,2.20062597696295e-11,9.10386075944736e-10
21.3796208950222,9.16370688031356e-10,4.71191938112462e-08,1.02215535460258e-10,3.73430756483445e-13,2.20062597696295e-11,9.10386075944736e-10
21.8776162394954,9.16370688031356e-10,4.71191938112462e-08,1.02215535460258e-10,3.73430756483445e-13,2.20062597696295e-11,9.10386075944736e-10
22.3872113856833,9.16370688031356e-10,4.71191938112462e-08,1.02215535460258e-10,3.73430756483445e-13,2.20062597696295e-11,9.10386075944736e-10
22.9086765276776,9.16370688031356e-10,4.71191938112462e-08,1.02215535460258e-10,3.73430756483445e-13,2.20062597696295e-11,9.10386075944736e-10
23.4422881531991,9.16370688031356e-10,4.71191938112462e-08,1.02215535460258e-10,3.73430756483445e-13,2.20062597696295e-11,9.10386075944736e-10
23.9883291901948,9.16370688031356e-10,4.71191938112462e-08,1.02215535460258e-10,3.73430756483445e-13,2.20062597696295e-11,9.10386075944736e-10
24.5470891568502,9.16370688031356e-10,4.71191938112462e-08,1.02215535460258e-10,3.73430756483445e-13,2.20062597696295e-11,9.10386075944736e-10
25.1188643150957,9.16370688031356e-10,4.71191938112462e-08,1.02215535460258e-10,3.73430756483445e-13,2.20062597696295e-11,9.10386075944736e-10
25.7039578276885,9.16370688031356e-10,4.71191938112462e-08,1.02215535460258e-10,3.73430756483445e-13,2.20062597696295e-11,9.10386075944736e-10
26.3026799189537,9.16370688031356e-10,4.71191938112462e-08,1.02215535460258e-10,3.73430756483445e-13,2.20062597696295e-11,9.10386075944736e-10
26.915348039269,9.16370688031356e-10,4.71191938112462e-08,1.02215535460258e-10,3.73430756483445e-13,2.20062597696295e-11,9.10386075944736e-10
27.5422870333815,9.16370688031356e-10,4.71191938112462e-08,1.02215535460258e-10,3.73430756483445e-13,2.20062597696295e-11,9.10386075944736e-10
28.1838293126444,9.16370688031356e-10,4.71191938112462e-08,1.02215535460258e-10,3.73430756483445e-13,2.20062597696295e-11,9.10386075944736e-10
28.8403150312659,9.16370688031356e-10,4.71191938112462e-08,1.02215535460258e-10,3.73430756483445e-13,2.20062597696295e-11,9.10386075944736e-10
29.5120922666637,9.16370688031356e-10,4.71191938112462e-08,1.02215535460258e-10,3.73430756483445e-13,2.20062597696295e-11,9.10386075944736e-10
30.19951720402,9.16370688031355e-10,4.71191938112462e-08,1.02215535460258e-10,3.73430756483445e-13,2.20062597696295e-11,9.10386075944736e-10
30.9029543251358,9.16370688031356e-10,4.71191938112462e-08,1.02215535460258e-10,3.73430756483445e-13,2.20062597696295e-11,9.10386075944736e-10
31.6227766016837,9.16370688031356e-10,4.71191938112462e-08,1.02215535460258e-10,3.73430756483445e-13,2.20062597696295e-11,9.10386075944736e-10
32.3593656929627,9.16370688031356e-10,4.71191938112462e-08,1.02215535460258e-10,3.73430756483446e-13,2.20062597696295e-11,9.10386075944736e-10
33.113112148259,9.16370688031356e-10,4.71191938112462e-08,1.02215535460258e-10,3.73430756483446e-13,2.20062597696295e-11,9.10386075944736e-10
33.8844156139201,9.16370688031356e-10,4.71191938112462e-08,1.02215535460258e-10,3.73430756483446e-13,2.20062597696295e-11,9.10386075944736e-10
34.673685045253,9.16370688031356e-10,4.71191938112462e-08,1.02215535460258e-10,3.73430756483446e-13,2.20062597696295e-11,9.10386075944736e-10
35.4813389233574,9.16370688031356e-10,4.71191938112462e-08,1.02215535460258e-10,3.73430756483446e-13,2.20062597696295e-11,9.10386075944736e-10
36.30780547701,9.16370688031356e-10,4.71191938112462e-08,1.02215535460258e-10,3.73430756483446e-13,2.20062597696295e-11,9.10386075944736e-10
37.1535229097171,9.16370688031356e-10,4.71191938112462e-08,1.02215535460258e-10,3.73430756483446e-13,2.20062597696295e-11,9.10386075944736e-10
38.0189396320559,9.16370688031356e-10,4.71191938112462e-08,1.02215535460258e-10,3.73430756483446e-13,2.20062597696295e-11,9.10386075944736e-10
38.9045144994279,9.16370688031356e-10,4.71191938112462e-08,1.02215535460258e-10,3.73430756483446e-13,2.20062597696295e-11,9.10386075944736e-10
39.8107170553495,9.16370688031356e-10,4.71191938112462e-08,1.02215535460258e-10,3.73430756483446e-13,2.20062597696295e-11,9.10386075944736e-10
40.7380277804111,9.16370688031356e-10,4.71191938112462e-08,1.02215535460258e-10,3.73430756483446e-13,2.20062597696295e-11,9.10386075944736e-10
41.6869383470333,9.16370688031356e-10,4.71191938112462e-08,1.02215535460258e-10,3.73430756483446e-13,2.20062597696295e-11,9.10386075944736e-10
42.6579518801591,9.16370688031356e-10,4.71191938112462e-08,1.02215535460258e-10,3.73430756483446e-13,2.20062597696295e-11,9.10386075944736e-10
43.6515832240164,9.16370688031356e-10,4.71191938112462e-08,1.02215535460258e-10,3.73430756483446e-13,2.20062597696295e-11,9.10386075944736e-10
44.6683592150961,9.16370688031356e-10,4.71191938112462e-08,1.02215535460258e-10,3.73430756483446e-13,2.20062597696295e-11,9.10386075944736e-10
45.7088189614873,9.16370688031356e-10,4.71191938112462e-08,1.02215535460258e-10,3.73430756483446e-13,2.20062597696295e-11,9.10386075944736e-10
46.7735141287196,9.16370688031356e-10,4.71191938112462e-08,1.02215535460258e-10,3.73430756483446e-13,2.20062597696295e-11,9.10386075944736e-10
47.8630092322636,9.16370688031356e-10,4.71191938112462e-08,1.02215535460258e-10,3.73430756483446e-13,2.20062597696295e-11,9.10386075944736e-10
48.9778819368444,9.16370688031356e-10,4.71191938112462e-08,1.02215535460258e-10,3.73430756483446e-13,2.20062597696295e-11,9.10386075944736e-10
50.118723362727,9.16370688031356e-10,4.71191938112462e-08,1.02215535460258e-10,3.73430756483446e-13,2.20062597696295e-11,9.10386075944736e-10
51.2861383991362,9.16370688031356e-10,4.71191938112462e-08,1.02215535460258e-10,3.73430756483447e-13,2.20062597696295e-11,9.10386075944736e-10
52.480746024977,9.16370688031355e-10,4.71191938112462e-08,1.02215535460258e-10,3.73430756483447e-13,2.20062597696295e-11,9.10386075944736e-10
53.703179637025,9.16370688031356e-10,4.71191938112462e-08,1.02215535460258e-10,3.73430756483447e-13,2.20062597696295e-11,9.10386075944736e-10
54.9540873857622,9.16370688031356e-10,4.71191938112462e-08,1.02215535460258e-10,3.73430756483447e-13,2.20062597696295e-11,9.10386075944736e-10
56.2341325190346,9.16370688031356e-10,4.71191938112462e-08,1.02215535460258e-10,3.73430756483447e-13,2.20062597696295e-11,9.10386075944736e-10
57.5439937337154,9.16370688031356e-10,4.71191938112462e-08,1.02215535460258e-10,3.73430756483447e-13,2.20062597696295e-11,9.10386075944736e-10
58.8843655355586,9.16370688031356e-10,4.71191938112462e-08,1.02215535460258e-10,3.73430756483447e-13,2.20062597696295e-11,9.10386075944736e-10
60.2559586074355,9.16370688031356e-10,4.71191938112462e-08,1.02215535460258e-10,3.73430756483447e-13,2.20062597696295e-11,9.10386075944736e-10
61.6595001861479,9.16370688031356e-10,4.71191938112462e-08,1.02215535460258e-10,3.73430756483447e-13,2.20062597696295e-11,9.10386075944736e-10
63.095734448019,9.16370688031356e-10,4.71191938112462e-08,1.02215535460258e-10,3.73430756483447e-13,2.20062597696295e-11,9.10386075944736e-10
64.5654229034652,9.16370688031356e-10,4.71191938112462e-08,1.02215535460258e-10,3.73430756483447e-13,2.20062597696295e-11,9.10386075944736e-10
66.0693448007593,9.16370688031356e-10,4.71191938112462e-08,1.02215535460258e-10,3.73430756483447e-13,2.20062597696295e-11,9.10386075944736e-10
67.6082975391978,9.16370688031355e-10,4.71191938112462e-08,1.02215535460258e-10,3.73430756483447e-13,2.20062597696295e-11,9.10386075944736e-10
69.1830970918933,9.16370688031355e-10,4.71191938112462e-08,1.02215535460258e-10,3.73430756483448e-13,2.20062597696295e-11,9.10386075944736e-10
70.7945784384134,9.16370688031355e-10,4.71191938112462e-08,1.02215535460258e-10,3.73430756483448e-13,2.20062597696295e-11,9.10386075944736e-10
72.4435960074986,9.16370688031355e-10,4.71191938112462e-08,1.02215535460258e-10,3.73430756483448e-13,2.20062597696295e-11,9.10386075944736e-10
74.1310241300914,9.16370688031355e-10,4.71191938112462e-08,1.02215535460258e-10,3.73430756483448e-13,2.20062597696295e-11,9.10386075944736e-10
75.857757502918,9.16370688031355e-10,4.71191938112462e-08,1.02215535460258e-10,3.73430756483448e-13,2.20062597696295e-11,9.10386075944736e-10
77.6247116628688,9.16370688031355e-10,4.71191938112462e-08,1.02215535460258e-10,3.73430756483448e-13,2.20062597696295e-11,9.10386075944736e-10
79.4328234724277,9.16370688031355e-10,4.71191938112462e-08,1.02215535460258e-10,3.73430756483449e-13,2.20062597696295e-11,9.10386075944736e-10
81.2830516164095,9.16370688031355e-10,4.71191938112462e-08,1.02215535460258e-10,3.73430756483449e-13,2.20062597696295e-11,9.10386075944736e-10
83.1763771102667,9.16370688031355e-10,4.71191938112462e-08,1.02215535460258e-10,3.73430756483449e-13,2.20062597696295e-11,9.10386075944736e-10
85.1138038202372,9.16370688031355e-10,4.71191938112462e-08,1.02215535460258e-10,3.73430756483449e-13,2.20062597696295e-11,9.10386075944736e-10
87.0963589956076,9.16370688031355e-10,4.71191938112462e-08,1.02215535460258e-10,3.73430756483449e-13,2.20062597696295e-11,9.10386075944736e-10
89.1250938133741,9.16370688031355e-10,4.71191938112462e-08,1.02215535460258e-10,3.7343075648345e-13,2.20062597696295e-11,9.10386075944736e-10
91.2010839355905,9.16370688031355e-10,4.71191938112462e-08,1.02215535460258e-10,3.7343075648345e-13,2.20062597696295e-11,9.10386075944736e-10
93.3254300796986,9.16370688031355e-10,4.71191938112462e-08,1.02215535460258e-10,3.7343075648345e-13,2.20062597696295e-11,9.10386075944736e-10
95.4992586021431,9.16370688031355e-10,4.71191938112462e-08,1.02215535460258e-10,3.7343075648345e-13,2.20062597696295e-11,9.10386075944736e-10
97.7237220955805,9.16370688031355e-10,4.71191938112462e-08,1.02215535460258e-10,3.73430756483451e-13,2.20062597696295e-11,9.10386075944736e-10
99.9999999999995,9.16370688031355e-10,4.71191938112462e-08,1.02215535460258e-10,3.73430756483451e-13,2.20062597696295e-11,9.10386075944735e-10
102.329299228075,9.16370688031355e-10,4.71191938112462e-08,1.02215535460258e-10,3.73430756483451e-13,2.20062597696295e-11,9.10386075944736e-10
104.712854805089,9.16370688031355e-10,4.71191938112462e-08,1.02215535460258e-10,3.73430756483451e-13,2.20062597696295e-11,9.10386075944736e-10
107.15193052376,9.16370688031355e-10,4.71191938112462e-08,1.02215535460258e-10,3.73430756483452e-13,2.20062597696295e-11,9.10386075944735e-10
109.647819614318,9.16370688031355e-10,4.71191938112462e-08,1.02215535460258e-10,3.73430756483452e-13,2.20062597696295e-11,9.10386075944735e-10
112.201845430196,9.16370688031355e-10,4.71191938112462e-08,1.02215535460258e-10,3.73430756483452e-13,2.20062597696295e-11,9.10386075944735e-10
114.815362149688,9.16370688031355e-10,4.71191938112462e-08,1.02215535460258e-10,3.73430756483453e-13,2.20062597696295e-11,9.10386075944735e-10
117.489755493952,9.16370688031355e-10,4.71191938112462e-08,1.02215535460258e-10,3.73430756483453e-13,2.20062597696295e-11,9.10386075944735e-10
120.226443461741,9.16370688031355e-10,4.71191938112462e-08,1.02215535460258e-10,3.73430756483453e-13,2.20062597696295e-11,9.10386075944735e-10
123.026877081237,9.16370688031355e-10,4.71191938112462e-08,1.02215535460258e-10,3.73430756483454e-13,2.20062597696295e-11,9.10386075944735e-10
125.892541179416,9.16370688031355e-10,4.71191938112462e-08,1.02215535460258e-10,3.73430756483454e-13,2.20062597696295e-11,9.10386075944735e-10
128.824955169313,9.16370688031355e-10,4.71191938112462e-08,1.02215535460258e-10,3.73430756483455e-13,2.20062597696295e-11,9.10386075944735e-10
131.82567385564,9.16370688031355e-10,4.71191938112462e-08,1.02215535460258e-10,3.73430756483455e-13,2.20062597696295e-11,9.10386075944735e-10
134.896288259164,9.16370688031355e-10,4.71191938112462e-08,1.02215535460258e-10,3.73430756483456e-13,2.20062597696295e-11,9.10386075944735e-10
138.038426460288,9.16370688031355e-10,4.71191938112462e-08,1.02215535460258e-10,3.73430756483456e-13,2.20062597696295e-11,9.10386075944735e-10
141.253754462275,9.16370688031355e-10,4.71191938112462e-08,1.02215535460258e-10,3.73430756483457e-13,2.20062597696295e-11,9.10386075944735e-10
144.543977074592,9.16370688031355e-10,4.71191938112462e-08,1.02215535460258e-10,3.73430756483472e-13,2.20062597696294e-11,9.10386075944735e-10
147.91083881682,9.16370688031355e-10,4.71191938112462e-08,1.02215535460258e-10,3.73430756483473e-13,2.20062597696294e-11,9.10386075944735e-10
151.35612484362,9.16370688031355e-10,4.71191938112462e-08,1.02215535460258e-10,3.73430756483473e-13,2.20062597696294e-11,9.10386075944735e-10
154.881661891247,9.16370688031355e-10,4.71191938112462e-08,1.02215535460258e-10,3.73430756483474e-13,2.20062597696294e-11,9.10386075944735e-10
158.48931924611,9.16370688031355e-10,4.71191938112462e-08,1.02215535460258e-10,3.73430756483475e-13,2.20062597696294e-11,9.10386075944735e-10
162.181009735892,9.16370688031354e-10,4.71191938112462e-08,1.02215535460258e-10,3.73430756483475e-13,2.20062597696294e-11,9.10386075944735e-10
165.958690743755,9.16370688031354e-10,4.71191938112462e-08,1.02215535460258e-10,3.73430756483476e-13,2.20062597696294e-11,9.10386075944735e-10
169.824365246173,9.16370688031354e-10,4.71191938112462e-08,1.02215535460258e-10,3.73430756483477e-13,2.20062597696294e-11,9.10386075944735e-10
173.780082874937,9.16370688031354e-10,4.71191938112462e-08,1.02215535460258e-10,3.73430756483478e-13,2.20062597696294e-11,9.10386075944735e-10
177.827941003891,9.16370688031354e-10,4.71191938112462e-08,1.02215535460258e-10,3.73430756483494e-13,2.20062597696294e-11,9.10386075944735e-10
181.970085860997,9.16370688031354e-10,4.71191938112462e-08,1.02215535460258e-10,3.73430756483494e-13,2.20062597696294e-11,9.10386075944734e-10
186.208713666285,9.16370688031354e-10,4.71191938112462e-08,1.02215535460258e-10,3.73430756483495e-13,2.20062597696294e-11,9.10386075944734e-10
190.546071796324,9.16370688031354e-10,4.71191938112462e-08,1.02215535460258e-10,3.73430756483496e-13,2.20062597696294e-11,9.10386075944734e-10
194.984459975803,9.16370688031354e-10,4.71191938112462e-08,1.02215535460258e-10,3.73430756483497e-13,2.20062597696294e-11,9.10386075944734e-10
199.526231496887,9.16370688031354e-10,4.71191938112462e-08,1.02215535460258e-10,3.73430756483498e-13,2.20062597696294e-11,9.10386075944734e-10
204.173794466952,9.16370688031354e-10,4.71191938112462e-08,1.02215535460258e-10,3.73430756483499e-13,2.20062597696294e-11,9.10386075944734e-10
208.929613085403,9.16370688031354e-10,4.71191938112462e-08,1.02215535460258e-10,3.73430756483501e-13,2.20062597696294e-11,9.10386075944734e-10
213.796208950222,9.16370688031354e-10,4.71191938112462e-08,1.02215535460258e-10,3.73430756483502e-13,2.20062597696294e-11,9.10386075944734e-10
218.776162394954,9.16370688031354e-10,4.71191938112462e-08,1.02215535460258e-10,3.73430756483503e-13,2.20062597696294e-11,9.10386075944734e-10
223.872113856832,9.16370688031353e-10,4.71191938112462e-08,1.02215535460258e-10,3.73430756483504e-13,2.20062597696294e-11,9.10386075944734e-10
229.086765276776,9.16370688031353e-10,4.71191938112462e-08,1.02215535460258e-10,3.73430756483506e-13,2.20062597696294e-11,9.10386075944734e-10
234.422881531991,9.16370688031353e-10,4.71191938112462e-08,1.02215535460258e-10,3.73430756483507e-13,2.20062597696294e-11,9.10386075944734e-10
239.883291901947,9.16370688031353e-10,4.71191938112462e-08,1.02215535460258e-10,3.73430756483509e-13,2.20062597696294e-11,9.10386075944733e-10
245.470891568501,9.16370688031353e-10,4.71191938112462e-08,1.02215535460258e-10,3.7343075648351e-13,2.20062597696294e-11,9.10386075944733e-10
251.188643150956,9.16370688031353e-10,4.71191938112462e-08,1.02215535460258e-10,3.73430756483512e-13,2.20062597696294e-11,9.10386075944733e-10
257.039578276885,9.16370688031353e-10,4.71191938112462e-08,1.02215535460258e-10,3.73430756483514e-13,2.20062597696294e-11,9.10386075944733e-10
263.026799189536,9.16370688031353e-10,4.71191938112462e-08,1.02215535460258e-10,3.73430756483516e-13,2.20062597696294e-11,9.10386075944733e-10
269.15348039269,9.16370688031352e-10,4.71191938112462e-08,1.02215535460258e-10,3.73430756483518e-13,2.20062597696294e-11,9.10386075944733e-10
275.422870333815,9.16370688031352e-10,4.71191938112462e-08,1.02215535460258e-10,3.7343075648352e-13,2.20062597696294e-11,9.10386075944733e-10
281.838293126443,9.16370688031352e-10,4.71191938112462e-08,1.02215535460258e-10,3.73430756483522e-13,2.20062597696294e-11,9.10386075944733e-10
288.403150312659,9.16370688031352e-10,4.71191938112462e-08,1.02215535460257e-10,3.73430756483524e-13,2.20062597696294e-11,9.10386075944732e-10
295.120922666636,9.16370688031352e-10,4.71191938112462e-08,1.02215535460257e-10,3.73430756483526e-13,2.20062597696294e-11,9.10386075944732e-10
301.9951720402,9.16370688031352e-10,4.71191938112462e-08,1.02215535460257e-10,3.73430756483514e-13,2.20062597696294e-11,9.10386075944732e-10
309.029543251357,9.16370688031351e-10,4.71191938112462e-08,1.02215535460257e-10,3.73430756483531e-13,2.20062597696294e-11,9.10386075944732e-10
316.227766016836,9.16370688031351e-10,4.71191938112462e-08,1.02215535460257e-10,3.73430756483534e-13,2.20062597696294e-11,9.10386075944732e-10
323.593656929626,9.16370688031351e-10,4.71191938112462e-08,1.02215535460257e-10,3.73430756483537e-13,2.20062597696294e-11,9.10386075944731e-10
331.131121482589,9.16370688031351e-10,4.71191938112462e-08,1.02215535460257e-10,3.7343075648354e-13,2.20062597696294e-11,9.10386075944731e-10
338.8441561392,9.1637068803135e-10,4.71191938112462e-08,1.02215535460257e-10,3.73430756483543e-13,2.20062597696293e-11,9.10386075944731e-10
346.736850452529,9.1637068803135e-10,4.71191938112462e-08,1.02215535460257e-10,3.73430756483546e-13,2.20062597696293e-11,9.10386075944731e-10
354.813389233573,9.1637068803135e-10,4.71191938112462e-08,1.02215535460257e-10,3.73430756483549e-13,2.20062597696293e-11,9.1038607594473e-10
363.078054770099,9.1637068803135e-10,4.71191938112462e-08,1.02215535460257e-10,3.73430756483553e-13,2.20062597696293e-11,9.1038607594473e-10
371.53522909717,9.16370688031349e-10,4.71191938112462e-08,1.02215535460257e-10,3.73430756483556e-13,2.20062597696293e-11,9.1038607594473e-10
380.189396320558,9.16370688031349e-10,4.71191938112462e-08,1.02215535460257e-10,3.7343075648356e-13,2.20062597696293e-11,9.1038607594473e-10
389.045144994278,9.16370688031349e-10,4.71191938112462e-08,1.02215535460257e-10,3.73430756483564e-13,2.20062597696293e-11,9.10386075944729e-10
398.107170553494,9.16370688031349e-10,4.71191938112462e-08,1.02215535460257e-10,3.73430756483583e-13,2.20062597696293e-11,9.10386075944729e-10
407.38027780411,9.16370688031348e-10,4.71191938112462e-08,1.02215535460257e-10,3.73430756483588e-13,2.20062597696293e-11,9.10386075944729e-10
416.869383470332,9.16370688031348e-10,4.71191938112462e-08,1.02215535460257e-10,3.73430756483593e-13,2.20062597696293e-11,9.10386075944728e-10
426.579518801589,9.16370688031347e-10,4.71191938112462e-08,1.02215535460257e-10,3.73430756483597e-13,2.20062597696293e-11,9.10386075944728e-10
436.515832240163,9.16370688031347e-10,4.71191938112462e-08,1.02215535460257e-10,3.73430756483602e-13,2.20062597696293e-11,9.10386075944728e-10
446.68359215096,9.16370688031347e-10,4.71191938112462e-08,1.02215535460257e-10,3.73430756483608e-13,2.20062597696293e-11,9.10386075944727e-10
457.088189614872,9.16370688031346e-10,4.71191938112462e-08,1.02215535460257e-10,3.73430756483613e-13,2.20062597696292e-11,9.10386075944726e-10
467.735141287195,9.16370688031346e-10,4.71191938112462e-08,1.02215535460257e-10,3.73430756483634e-13,2.20062597696292e-11,9.10386075944726e-10
478.630092322635,9.16370688031345e-10,4.71191938112462e-08,1.02215535460257e-10,3.7343075648364e-13,2.20062597696292e-11,9.10386075944726e-10
489.778819368442,9.16370688031345e-10,4.71191938112462e-08,1.02215535460257e-10,3.73430756483647e-13,2.20062597696292e-11,9.10386075944725e-10
501.187233627268,9.16370688031344e-10,4.71191938112462e-08,1.02215535460257e-10,3.73430756483653e-13,2.20062597696292e-11,9.10386075944725e-10
512.861383991361,9.16370688031344e-10,4.71191938112462e-08,1.02215535460257e-10,3.73430756483645e-13,2.20062597696292e-11,9.10386075944724e-10
524.807460249769,9.16370688031343e-10,4.71191938112462e-08,1.02215535460257e-10,3.73430756483653e-13,2.20062597696292e-11,9.10386075944724e-10
537.031796370249,9.16370688031343e-10,4.71191938112462e-08,1.02215535460256e-10,3.73430756483675e-13,2.20062597696292e-11,9.10386075944723e-10
549.54087385762,9.16370688031342e-10,4.71191938112462e-08,1.02215535460256e-10,3.73430756483683e-13,2.20062597696291e-11,9.10386075944722e-10
562.341325190345,9.16370688031341e-10,4.71191938112462e-08,1.02215535460256e-10,3.73430756483707e-13,2.20062597696291e-11,9.10386075944722e-10
575.439937337152,9.16370688031341e-10,4.71191938112462e-08,1.02215535460256e-10,3.73430756483716e-13,2.20062597696291e-11,9.10386075944721e-10
588.843655355584,9.1637068803134e-10,4.71191938112462e-08,1.02215535460256e-10,3.7343075648374e-13,2.20062597696291e-11,9.1038607594472e-10
602.559586074353,9.16370688031339e-10,4.71191938112462e-08,1.02215535460256e-10,3.73430756483749e-13,2.20062597696291e-11,9.1038607594472e-10
616.595001861477,9.16370688031339e-10,4.71191938112462e-08,1.02215535460256e-10,3.73430756483759e-13,2.20062597696291e-11,9.10386075944719e-10
630.957344480188,9.16370688031338e-10,4.71191938112462e-08,1.02215535460256e-10,3.7343075648377e-13,2.2006259769629e-11,9.10386075944718e-10
645.65422903465,9.16370688031337e-10,4.71191938112462e-08,1.02215535460256e-10,3.73430756483796e-13,2.2006259769629e-11,9.10386075944717e-10
660.693448007591,9.16370688031336e-10,4.71191938112462e-08,1.02215535460256e-10,3.73430756483793e-13,2.2006259769629e-11,9.10386075944716e-10
676.082975391976,9.16370688031335e-10,4.71191938112462e-08,1.02215535460256e-10,3.73430756483805e-13,2.2006259769629e-11,9.10386075944716e-10
691.830970918931,9.16370688031334e-10,4.71191938112462e-08,1.02215535460256e-10,3.73430756483833e-13,2.2006259769629e-11,9.10386075944715e-10
707.945784384132,9.16370688031333e-10,4.71191938112462e-08,1.02215535460255e-10,3.73430756483846e-13,2.20062597696289e-11,9.10386075944714e-10
724.435960074984,9.16370688031332e-10,4.71191938112462e-08,1.02215535460255e-10,3.73430756483875e-13,2.20062597696289e-11,9.10386075944712e-10
741.310241300911,9.16370688031331e-10,4.71191938112462e-08,1.02215535460255e-10,3.7343075648389e-13,2.20062597696289e-11,9.10386075944711e-10
758.577575029177,9.1637068803133e-10,4.71191938112462e-08,1.02215535460255e-10,3.73430756483905e-13,2.20062597696289e-11,9.1038607594471e-10
776.247116628685,9.16370688031329e-10,4.71191938112462e-08,1.02215535460255e-10,3.73430756483936e-13,2.20062597696288e-11,9.10386075944709e-10
794.328234724275,9.16370688031327e-10,4.71191938112462e-08,1.02215535460255e-10,3.73430756483953e-13,2.20062597696288e-11,9.10386075944708e-10
812.830516164092,9.16370688031326e-10,4.71191938112462e-08,1.02215535460255e-10,3.73430756483985e-13,2.20062597696288e-11,9.10386075944706e-10
831.763771102664,9.16370688031324e-10,4.71191938112462e-08,1.02215535460254e-10,3.73430756484004e-13,2.20062597696287e-11,9.10386075944705e-10
851.138038202369,9.16370688031323e-10,4.71191938112462e-08,1.02215535460254e-10,3.73430756484038e-13,2.20062597696287e-11,9.10386075944704e-10
870.963589956073,9.16370688031321e-10,4.71191938112462e-08,1.02215535460254e-10,3.73430756484058e-13,2.20062597696287e-11,9.10386075944702e-10
891.250938133738,9.1637068803132e-10,4.71191938112462e-08,1.02215535460254e-10,3.73430756484079e-13,2.20062597696286e-11,9.103860759447e-10
912.010839355902,9.16370688031318e-10,4.71191938112462e-08,1.02215535460254e-10,3.73430756484116e-13,2.20062597696286e-11,9.10386075944699e-10
933.254300796983,9.16370688031316e-10,4.71191938112462e-08,1.02215535460254e-10,3.7343075648414e-13,2.20062597696285e-11,9.10386075944697e-10
954.992586021428,9.16370688031314e-10,4.71191938112462e-08,1.02215535460253e-10,3.73430756484194e-13,2.20062597696285e-11,9.10386075944695e-10
977.237220955802,9.16370688031313e-10,4.71191938112462e-08,1.02215535460253e-10,3.73430756484219e-13,2.20062597696284e-11,9.10386075944693e-10
999.999999999991,9.16370688031311e-10,4.71191938112462e-08,1.02215535460253e-10,3.73430756484246e-13,2.20062597696284e-11,9.10386075944691e-10
1023.29299228075,9.16370688031308e-10,4.71191938112462e-08,1.02215535460253e-10,3.73430756484319e-13,2.20062597696283e-11,9.10386075944689e-10
1047.12854805089,9.16370688031306e-10,4.71191938112462e-08,1.02215535460252e-10,3.73430756484363e-13,2.20062597696283e-11,9.10386075944687e-10
1071.5193052376,9.16370688031304e-10,4.71191938112462e-08,1.02215535460252e-10,3.73430756484394e-13,2.20062597696282e-11,9.10386075944685e-10
1096.47819614317,9.16370688031302e-10,4.71191938112462e-08,1.02215535460252e-10,3.7343075648444e-13,2.20062597696282e-11,9.10386075944682e-10
1122.01845430195,9.16370688031299e-10,4.71191938112462e-08,1.02215535460252e-10,3.73430756484489e-13,2.20062597696281e-11,9.10386075944679e-10
1148.15362149687,9.16370688031296e-10,4.71191938112462e-08,1.02215535460251e-10,3.73430756484539e-13,2.2006259769628e-11,9.10386075944677e-10
1174.89755493952,9.16370688031293e-10,4.71191938112462e-08,1.02215535460251e-10,3.73430756484591e-13,2.2006259769628e-11,9.10386075944674e-10
1202.2644346174,9.1637068803129e-10,4.71191938112462e-08,1.02215535460251e-10,3.73430756484629e-13,2.20062597696279e-11,9.10386075944671e-10
1230.26877081237,9.16370688031287e-10,4.71191938112462e-08,1.0221553546025e-10,3.73430756484684e-13,2.20062597696278e-11,9.10386075944668e-10
1258.92541179416,9.16370688031284e-10,4.71191938112462e-08,1.0221553546025e-10,3.73430756484757e-13,2.20062597696277e-11,9.10386075944665e-10
1288.24955169312,9.1637068803128e-10,4.71191938112462e-08,1.0221553546025e-10,3.73430756484801e-13,2.20062597696277e-11,9.10386075944661e-10
1318.2567385564,9.16370688031277e-10,4.71191938112462e-08,1.02215535460249e-10,3.73430756484862e-13,2.20062597696276e-11,9.10386075944658e-10
1348.96288259164,9.16370688031273e-10,4.71191938112462e-08,1.02215535460249e-10,3.73430756484925e-13,2.20062597696275e-11,9.10386075944654e-10
1380.38426460287,9.16370688031269e-10,4.71191938112462e-08,1.02215535460248e-10,3.73430756485006e-13,2.20062597696274e-11,9.1038607594465e-10
1412.53754462274,9.16370688031265e-10,4.71191938112462e-08,1.02215535460248e-10,3.73430756485074e-13,2.20062597696273e-11,9.10386075944646e-10
1445.43977074591,9.16370688031261e-10,4.71191938112462e-08,1.02215535460247e-10,3.73430756485145e-13,2.20062597696272e-11,9.10386075944642e-10
1479.10838816819,9.16370688031257e-10,4.71191938112462e-08,1.02215535460247e-10,3.73430756485233e-13,2.20062597696271e-11,9.10386075944638e-10
1513.56124843619,9.16370688031252e-10,4.71191938112462e-08,1.02215535460246e-10,3.73430756485294e-13,2.2006259769627e-11,9.10386075944633e-10
1548.81661891247,9.16370688031247e-10,4.71191938112462e-08,1.02215535460246e-10,3.73430756485387e-13,2.20062597696269e-11,9.10386075944628e-10
1584.8931924611,9.16370688031242e-10,4.71191938112462e-08,1.02215535460245e-10,3.73430756485484e-13,2.20062597696267e-11,9.10386075944623e-10
1621.81009735892,9.16370688031237e-10,4.71191938112462e-08,1.02215535460245e-10,3.73430756485569e-13,2.20062597696266e-11,9.10386075944618e-10
1659.58690743755,9.16370688031231e-10,4.71191938112462e-08,1.02215535460244e-10,3.73430756485687e-13,2.20062597696265e-11,9.10386075944612e-10
1698.24365246173,9.16370688031225e-10,4.71191938112462e-08,1.02215535460243e-10,3.73430756485779e-13,2.20062597696263e-11,9.10386075944606e-10
1737.80082874936,9.16370688031219e-10,4.71191938112462e-08,1.02215535460243e-10,3.73430756485889e-13,2.20062597696262e-11,9.103860759446e-10
1778.27941003891,9.16370688031213e-10,4.71191938112462e-08,1.02215535460242e-10,3.73430756486004e-13,2.2006259769626e-11,9.10386075944594e-10
1819.70085860997,9.16370688031206e-10,4.71191938112462e-08,1.02215535460241e-10,3.73430756486122e-13,2.20062597696259e-11,9.10386075944587e-10
1862.08713666285,9.16370688031199e-10,4.71191938112462e-08,1.0221553546024e-10,3.73430756486244e-13,2.20062597696257e-11,9.1038607594458e-10
1905.46071796323,9.16370688031191e-10,4.71191938112462e-08,1.0221553546024e-10,3.7343075648637e-13,2.20062597696255e-11,9.10386075944573e-10
1949.84459975803,9.16370688031184e-10,4.71191938112462e-08,1.02215535460239e-10,3.73430756486502e-13,2.20062597696253e-11,9.10386075944565e-10
1995.26231496886,9.16370688031176e-10,4.71191938112462e-08,1.02215535460238e-10,3.73430756486653e-13,2.20062597696251e-11,9.10386075944557e-10
2041.73794466951,9.16370688031167e-10,4.71191938112462e-08,1.02215535460237e-10,3.73430756486808e-13,2.20062597696249e-11,9.10386075944549e-10
2089.29613085402,9.16370688031158e-10,4.71191938112462e-08,1.02215535460236e-10,3.73430756486955e-13,2.20062597696247e-11,9.1038607594454e-10
2137.96208950221,9.16370688031149e-10,4.71191938112462e-08,1.02215535460235e-10,3.73430756487136e-13,2.20062597696245e-11,9.1038607594453e-10
2187.76162394953,9.16370688031139e-10,4.71191938112462e-08,1.02215535460234e-10,3.73430756487308e-13,2.20062597696243e-11,9.10386075944521e-10
2238.72113856832,9.16370688031129e-10,4.71191938112462e-08,1.02215535460233e-10,3.73430756487487e-13,2.2006259769624e-11,9.10386075944511e-10
2290.86765276775,9.16370688031118e-10,4.71191938112462e-08,1.02215535460231e-10,3.73430756487701e-13,2.20062597696238e-11,9.103860759445e-10
2344.2288153199,9.16370688031107e-10,4.71191938112462e-08,1.0221553546023e-10,3.73430756487893e-13,2.20062597696235e-11,9.10386075944489e-10
2398.83291901947,9.16370688031096e-10,4.71191938112462e-08,1.02215535460229e-10,3.73430756488106e-13,2.20062597696232e-11,9.10386075944478e-10
2454.70891568501,9.16370688031083e-10,4.71191938112462e-08,1.02215535460227e-10,3.73430756488311e-13,2.20062597696229e-11,9.10386075944465e-10
2511.88643150955,9.1637068803107e-10,4.71191938112462e-08,1.02215535460226e-10,3.73430756488539e-13,2.20062597696226e-11,9.10386075944452e-10
2570.39578276884,9.16370688031057e-10,4.71191938112462e-08,1.02215535460225e-10,3.73430756488789e-13,2.20062597696223e-11,9.10386075944439e-10
2630.26799189535,9.16370688031043e-10,4.71191938112462e-08,1.02215535460223e-10,3.73430756489033e-13,2.20062597696219e-11,9.10386075944425e-10
2691.53480392689,9.16370688031028e-10,4.71191938112462e-08,1.02215535460221e-10,3.73430756489286e-13,2.20062597696216e-11,9.1038607594441e-10
2754.22870333814,9.16370688031013e-10,4.71191938112462e-08,1.0221553546022e-10,3.73430756489563e-13,2.20062597696212e-11,9.10386075944395e-10
2818.38293126442,9.16370688030996e-10,4.71191938112462e-08,1.02215535460218e-10,3.73430756489849e-13,2.20062597696208e-11,9.10386075944379e-10
2884.03150312657,9.1637068803098e-10,4.71191938112462e-08,1.02215535460216e-10,3.7343075649016e-13,2.20062597696204e-11,9.10386075944362e-10
2951.20922666635,9.16370688030962e-10,4.71191938112462e-08,1.02215535460214e-10,3.73430756490452e-13,2.200625976962e-11,9.10386075944345e-10
3019.95172040198,9.16370688030943e-10,4.71191938112462e-08,1.02215535460212e-10,3.73430756490785e-13,2.20062597696196e-11,9.10386075944326e-10
3090.29543251356,9.16370688030924e-10,4.71191938112462e-08,1.0221553546021e-10,3.73430756491143e-13,2.20062597696191e-11,9.10386075944307e-10
3162.27766016834,9.16370688030903e-10,4.71191938112462e-08,1.02215535460208e-10,3.73430756491515e-13,2.20062597696186e-11,9.10386075944287e-10
3235.93656929625,9.16370688030882e-10,4.71191938112462e-08,1.02215535460205e-10,3.73430756491898e-13,2.20062597696181e-11,9.10386075944265e-10
3311.31121482588,9.1637068803086e-10,4.71191938112462e-08,1.02215535460203e-10,3.7343075649228e-13,2.20062597696176e-11,9.10386075944243e-10
3388.44156139199,9.16370688030836e-10,4.71191938112462e-08,1.022155354602e-10,3.7343075649269e-13,2.2006259769617e-11,9.1038607594422e-10
3467.36850452528,9.16370688030812e-10,4.71191938112462e-08,1.02215535460197e-10,3.73430756493115e-13,2.20062597696164e-11,9.10386075944196e-10
3548.13389233572,9.16370688030786e-10,4.71191938112462e-08,1.02215535460194e-10,3.7343075649357e-13,2.20062597696158e-11,9.1038607594417e-10
3630.78054770097,9.1637068803076e-10,4.71191938112462e-08,1.02215535460191e-10,3.73430756494055e-13,2.20062597696152e-11,9.10386075944144e-10
3715.35229097168,9.16370688030731e-10,4.71191938112462e-08,1.02215535460188e-10,3.73430756494573e-13,2.20062597696145e-11,9.10386075944116e-10
3801.89396320557,9.16370688030702e-10,4.71191938112462e-08,1.02215535460185e-10,3.73430756495092e-13,2.20062597696138e-11,9.10386075944086e-10
3890.45144994276,9.16370688030671e-10,4.71191938112462e-08,1.02215535460181e-10,3.73430756495645e-13,2.2006259769613e-11,9.10386075944056e-10
3981.07170553493,9.16370688030639e-10,4.71191938112462e-08,1.02215535460178e-10,3.73430756496216e-13,2.20062597696122e-11,9.10386075944024e-10
4073.80277804108,9.16370688030605e-10,4.71191938112462e-08,1.02215535460174e-10,3.73430756496807e-13,2.20062597696114e-11,9.1038607594399e-10
4168.69383470331,9.1637068803057e-10,4.71191938112462e-08,1.0221553546017e-10,3.73430756497465e-13,2.20062597696106e-11,9.10386075943955e-10
4265.79518801588,9.16370688030533e-10,4.71191938112462e-08,1.02215535460166e-10,3.73430756498114e-13,2.20062597696097e-11,9.10386075943918e-10
4365.15832240161,9.16370688030494e-10,4.71191938112462e-08,1.02215535460162e-10,3.734307564988e-13,2.20062597696088e-11,9.1038607594388e-10
4466.83592150958,9.16370688030453e-10,4.71191938112462e-08,1.02215535460157e-10,3.73430756499511e-13,2.20062597696078e-11,9.10386075943839e-10
4570.8818961487,9.16370688030411e-10,4.71191938112462e-08,1.02215535460152e-10,3.73430756500262e-13,2.20062597696068e-11,9.10386075943797e-10
4677.35141287193,9.16370688030366e-10,4.71191938112462e-08,1.02215535460148e-10,3.73430756501069e-13,2.20062597696057e-11,9.10386075943753e-10
4786.30092322633,9.16370688030319e-10,4.71191938112462e-08,1.02215535460142e-10,3.73430756501903e-13,2.20062597696046e-11,9.10386075943706e-10
4897.78819368441,9.1637068803027e-10,4.71191938112462e-08,1.02215535460137e-10,3.73430756502751e-13,2.20062597696034e-11,9.10386075943658e-10
5011.87233627267,9.16370688030219e-10,4.71191938112462e-08,1.02215535460131e-10,3.73430756503674e-13,2.20062597696022e-11,9.10386075943607e-10
5128.61383991359,9.16370688030166e-10,4.71191938112462e-08,1.02215535460125e-10,3.73430756504629e-13,2.20062597696009e-11,9.10386075943554e-10
5248.07460249767,9.1637068803011e-10,4.71191938112462e-08,1.02215535460119e-10,3.73430756505616e-13,2.20062597695995e-11,9.10386075943498e-10
5370.31796370247,9.16370688030051e-10,4.71191938112462e-08,1.02215535460112e-10,3.73430756506653e-13,2.20062597695981e-11,9.1038607594344e-10
5495.40873857618,9.16370688029989e-10,4.71191938112462e-08,1.02215535460106e-10,3.73430756507772e-13,2.20062597695966e-11,9.10386075943379e-10
5623.41325190343,9.16370688029925e-10,4.71191938112462e-08,1.02215535460098e-10,3.73430756508898e-13,2.20062597695951e-11,9.10386075943315e-10
5754.3993733715,9.16370688029858e-10,4.71191938112462e-08,1.02215535460091e-10,3.73430756510093e-13,2.20062597695935e-11,9.10386075943248e-10
5888.43655355582,9.16370688029787e-10,4.71191938112462e-08,1.02215535460083e-10,3.73430756511376e-13,2.20062597695918e-11,9.10386075943178e-10
6025.59586074351,9.16370688029713e-10,4.71191938112462e-08,1.02215535460075e-10,3.73430756512671e-13,2.200625976959e-11,9.10386075943104e-10
6165.95001861475,9.16370688029636e-10,4.71191938112462e-08,1.02215535460066e-10,3.73430756514058e-13,2.20062597695881e-11,9.10386075943027e-10
6309.57344480186,9.16370688029555e-10,4.71191938112462e-08,1.02215535460057e-10,3.73430756515491e-13,2.20062597695862e-11,9.10386075942947e-10
6456.54229034648,9.1637068802947e-10,4.71191938112462e-08,1.02215535460047e-10,3.7343075651699e-13,2.20062597695842e-11,9.10386075942862e-10
6606.93448007588,9.16370688029381e-10,4.71191938112462e-08,1.02215535460038e-10,3.73430756518571e-13,2.2006259769582e-11,9.10386075942774e-10
6760.82975391974,9.16370688029288e-10,4.71191938112462e-08,1.02215535460027e-10,3.73430756520222e-13,2.20062597695798e-11,9.10386075942682e-10
6918.30970918928,9.1637068802919e-10,4.71191938112462e-08,1.02215535460016e-10,3.73430756521975e-13,2.20062597695775e-11,9.10386075942585e-10
7079.45784384129,9.16370688029088e-10,4.71191938112462e-08,1.02215535460005e-10,3.73430756523803e-13,2.2006259769575e-11,9.10386075942484e-10
7244.35960074981,9.16370688028981e-10,4.71191938112462e-08,1.02215535459993e-10,3.73430756525679e-13,2.20062597695724e-11,9.10386075942377e-10
7413.10241300908,9.1637068802887e-10,4.71191938112462e-08,1.02215535459981e-10,3.73430756527681e-13,2.20062597695697e-11,9.10386075942266e-10
7585.77575029174,9.16370688028752e-10,4.71191938112462e-08,1.02215535459967e-10,3.73430756529766e-13,2.20062597695669e-11,9.1038607594215e-10
7762.47116628682,9.1637068802863e-10,4.71191938112462e-08,1.02215535459954e-10,3.73430756531939e-13,2.2006259769564e-11,9.10386075942028e-10
7943.28234724272,9.16370688028501e-10,4.71191938112463e-08,1.02215535459939e-10,3.73430756534247e-13,2.20062597695609e-11,9.103860759419e-10
8128.30516164089,9.16370688028367e-10,4.71191938112462e-08,1.02215535459924e-10,3.73430756536604e-13,2.20062597695577e-11,9.10386075941767e-10
8317.63771102661,9.16370688028226e-10,4.71191938112462e-08,1.02215535459909e-10,3.73430756539119e-13,2.20062597695543e-11,9.10386075941627e-10
8511.38038202366,9.16370688028078e-10,4.71191938112463e-08,1.02215535459892e-10,3.73430756541751e-13,2.20062597695507e-11,9.1038607594148e-10
8709.6358995607,9.16370688027924e-10,4.71191938112463e-08,1.02215535459875e-10,3.73430756544504e-13,2.2006259769547e-11,9.10386075941327e-10
8912.50938133734,9.16370688027762e-10,4.71191938112463e-08,1.02215535459857e-10,3.73430756547367e-13,2.20062597695431e-11,9.10386075941166e-10
9120.10839355898,9.16370688027593e-10,4.71191938112463e-08,1.02215535459838e-10,3.73430756550389e-13,2.20062597695391e-11,9.10386075940998e-10
9332.54300796979,9.16370688027416e-10,4.71191938112463e-08,1.02215535459818e-10,3.73430756553545e-13,2.20062597695348e-11,9.10386075940822e-10
9549.92586021424,9.1637068802723e-10,4.71191938112463e-08,1.02215535459798e-10,3.73430756556841e-13,2.20062597695303e-11,9.10386075940637e-10
9772.37220955798,9.16370688027035e-10,4.71191938112463e-08,1.02215535459776e-10,3.73430756560311e-13,2.20062597695257e-11,9.10386075940444e-10
9999.99999999987,9.16370688026832e-10,4.71191938112463e-08,1.02215535459753e-10,3.73430756563931e-13,2.20062597695208e-11,9.10386075940242e-10
10232.9299228074,9.16370688026619e-10,4.71191938112463e-08,1.02215535459729e-10,3.73430756567721e-13,2.20062597695157e-11,9.1038607594003e-10
10471.2854805089,9.16370688026395e-10,4.71191938112463e-08,1.02215535459704e-10,3.73430756571688e-13,2.20062597695103e-11,9.10386075939808e-10
10715.1930523759,9.16370688026161e-10,4.71191938112463e-08,1.02215535459678e-10,3.73430756575851e-13,2.20062597695047e-11,9.10386075939576e-10
10964.7819614317,9.16370688025917e-10,4.71191938112463e-08,1.02215535459651e-10,3.73430756580219e-13,2.20062597694988e-11,9.10386075939333e-10
11220.1845430195,9.1637068802566e-10,4.71191938112463e-08,1.02215535459622e-10,3.73430756584753e-13,2.20062597694926e-11,9.10386075939078e-10
11481.5362149687,9.16370688025392e-10,4.71191938112463e-08,1.02215535459592e-10,3.73430756589549e-13,2.20062597694862e-11,9.10386075938811e-10
11748.9755493951,9.16370688025111e-10,4.71191938112463e-08,1.02215535459561e-10,3.7343075659454e-13,2.20062597694794e-11,9.10386075938532e-10
12022.644346174,9.16370688024817e-10,4.71191938112463e-08,1.02215535459528e-10,3.7343075659978e-13,2.20062597694723e-11,9.1038607593824e-10
12302.6877081237,9.16370688024509e-10,4.71191938112463e-08,1.02215535459494e-10,3.7343075660523e-13,2.2006259769465e-11,9.10386075937934e-10
12589.2541179415,9.16370688024186e-10,4.71191938112464e-08,1.02215535459458e-10,3.73430756611006e-13,2.20062597694572e-11,9.10386075937613e-10
12882.4955169312,9.16370688023848e-10,4.71191938112464e-08,1.0221553545942e-10,3.73430756617025e-13,2.20062597694491e-11,9.10386075937277e-10
13182.5673855639,9.16370688023494e-10,4.71191938112464e-08,1.02215535459381e-10,3.73430756623297e-13,2.20062597694406e-11,9.10386075936926e-10
13489.6288259164,9.16370688023124e-10,4.71191938112464e-08,1.02215535459339e-10,3.73430756629892e-13,2.20062597694317e-11,9.10386075936558e-10
13803.8426460287,9.16370688022736e-10,4.71191938112464e-08,1.02215535459296e-10,3.73430756636805e-13,2.20062597694224e-11,9.10386075936172e-10
14125.3754462274,9.16370688022329e-10,4.71191938112464e-08,1.02215535459251e-10,3.73430756644032e-13,2.20062597694126e-11,9.10386075935769e-10
14454.3977074591,9.16370688021904e-10,4.71191938112464e-08,1.02215535459203e-10,3.73430756651584e-13,2.20062597694024e-11,9.10386075935346e-10
14791.0838816819,9.16370688021458e-10,4.71191938112464e-08,1.02215535459153e-10,3.73430756659518e-13,2.20062597693917e-11,9.10386075934903e-10
15135.6124843619,9.16370688020992e-10,4.71191938112464e-08,1.02215535459101e-10,3.73430756667801e-13,2.20062597693805e-11,9.1038607593444e-10
15488.1661891246,9.16370688020504e-10,4.71191938112464e-08,1.02215535459047e-10,3.73430756676522e-13,2.20062597693687e-11,9.10386075933955e-10
15848.9319246109,9.16370688019992e-10,4.71191938112464e-08,1.0221553545899e-10,3.73430756685588e-13,2.20062597693564e-11,9.10386075933447e-10
16218.1009735891,9.16370688019456e-10,4.71191938112464e-08,1.0221553545893e-10,3.73430756695119e-13,2.20062597693436e-11,9.10386075932914e-10
16595.8690743754,9.16370688018896e-10,4.71191938112465e-08,1.02215535458867e-10,3.73430756705099e-13,2.20062597693301e-11,9.10386075932358e-10
16982.4365246172,9.16370688018309e-10,4.71191938112465e-08,1.02215535458802e-10,3.73430756715545e-13,2.2006259769316e-11,9.10386075931774e-10
17378.0082874935,9.16370688017694e-10,4.71191938112465e-08,1.02215535458733e-10,3.73430756726472e-13,2.20062597693012e-11,9.10386075931163e-10
17782.794100389,9.1637068801705e-10,4.71191938112465e-08,1.02215535458661e-10,3.73430756737913e-13,2.20062597692857e-11,9.10386075930523e-10
18197.0085860996,9.16370688016376e-10,4.71191938112465e-08,1.02215535458586e-10,3.73430756749931e-13,2.20062597692695e-11,9.10386075929854e-10
18620.8713666284,9.1637068801567e-10,4.71191938112465e-08,1.02215535458507e-10,3.73430756762483e-13,2.20062597692526e-11,9.10386075929152e-10
19054.6071796322,9.16370688014931e-10,4.71191938112466e-08,1.02215535458425e-10,3.7343075677565e-13,2.20062597692348e-11,9.10386075928418e-10
19498.4459975802,9.16370688014156e-10,4.71191938112466e-08,1.02215535458338e-10,3.73430756789422e-13,2.20062597692162e-11,9.10386075927649e-10
19952.6231496885,9.16370688013346e-10,4.71191938112466e-08,1.02215535458248e-10,3.73430756803836e-13,2.20062597691967e-11,9.10386075926844e-10
20417.379446695,9.16370688012497e-10,4.71191938112466e-08,1.02215535458153e-10,3.73430756818929e-13,2.20062597691763e-11,9.10386075926e-10
20892.9613085401,9.16370688011608e-10,4.71191938112466e-08,1.02215535458054e-10,3.73430756834754e-13,2.2006259769155e-11,9.10386075925117e-10
21379.620895022,9.16370688010677e-10,4.71191938112467e-08,1.0221553545795e-10,3.73430756851307e-13,2.20062597691326e-11,9.10386075924193e-10
21877.6162394952,9.16370688009703e-10,4.71191938112467e-08,1.02215535457841e-10,3.73430756868642e-13,2.20062597691092e-11,9.10386075923225e-10
22387.2113856831,9.16370688008682e-10,4.71191938112467e-08,1.02215535457727e-10,3.73430756886787e-13,2.20062597690847e-11,9.10386075922211e-10
22908.6765276774,9.16370688007614e-10,4.71191938112467e-08,1.02215535457608e-10,3.73430756905771e-13,2.2006259769059e-11,9.10386075921149e-10
23442.2881531989,9.16370688006495e-10,4.71191938112468e-08,1.02215535457483e-10,3.73430756925683e-13,2.20062597690321e-11,9.10386075920038e-10
23988.3291901946,9.16370688005323e-10,4.71191938112468e-08,1.02215535457353e-10,3.73430756946538e-13,2.2006259769004e-11,9.10386075918874e-10
24547.08915685,9.16370688004096e-10,4.71191938112468e-08,1.02215535457216e-10,3.73430756968385e-13,2.20062597689745e-11,9.10386075917655e-10
25118.8643150954,9.16370688002812e-10,4.71191938112468e-08,1.02215535457072e-10,3.73430756991227e-13,2.20062597689436e-11,9.10386075916378e-10
25703.9578276883,9.16370688001466e-10,4.71191938112468e-08,1.02215535456922e-10,3.7343075701516e-13,2.20062597689113e-11,9.10386075915042e-10
26302.6799189534,9.16370688000058e-10,4.71191938112469e-08,1.02215535456765e-10,3.73430757040206e-13,2.20062597688774e-11,9.10386075913642e-10
26915.3480392688,9.16370687998583e-10,4.71191938112469e-08,1.022155354566e-10,3.73430757066449e-13,2.2006259768842e-11,9.10386075912177e-10
27542.2870333813,9.16370687997038e-10,4.7119193811247e-08,1.02215535456428e-10,3.7343075709393e-13,2.20062597688049e-11,9.10386075910643e-10
28183.8293126441,9.16370687995421e-10,4.7119193811247e-08,1.02215535456248e-10,3.73430757122662e-13,2.2006259768766e-11,9.10386075909036e-10
28840.3150312656,9.16370687993727e-10,4.7119193811247e-08,1.02215535456058e-10,3.73430757152826e-13,2.20062597687253e-11,9.10386075907353e-10
29512.0922666634,9.16370687991954e-10,4.71191938112471e-08,1.02215535455861e-10,3.73430757184346e-13,2.20062597686827e-11,9.10386075905591e-10
30199.5172040197,9.16370687990097e-10,4.71191938112471e-08,1.02215535455653e-10,3.73430757217378e-13,2.20062597686381e-11,9.10386075903747e-10
30902.9543251354,9.16370687988152e-10,4.71191938112472e-08,1.02215535455436e-10,3.73430757251974e-13,2.20062597685914e-11,9.10386075901815e-10
31622.7766016833,9.16370687986116e-10,4.71191938112472e-08,1.02215535455209e-10,3.73430757288232e-13,2.20062597685425e-11,9.10386075899792e-10
32359.3656929623,9.16370687983984e-10,4.71191938112473e-08,1.02215535454971e-10,3.73430757326133e-13,2.20062597684912e-11,9.10386075897674e-10
33113.1121482586,9.16370687981752e-10,4.71191938112473e-08,1.02215535454722e-10,3.73430757365841e-13,2.20062597684376e-11,9.10386075895456e-10
33884.4156139197,9.16370687979414e-10,4.71191938112474e-08,1.02215535454461e-10,3.73430757407435e-13,2.20062597683814e-11,9.10386075893133e-10
34673.6850452526,9.16370687976966e-10,4.71191938112474e-08,1.02215535454188e-10,3.73430757450992e-13,2.20062597683226e-11,9.10386075890702e-10
35481.338923357,9.16370687974403e-10,4.71191938112475e-08,1.02215535453902e-10,3.73430757496582e-13,2.2006259768261e-11,9.10386075888155e-10
36307.8054770096,9.16370687971719e-10,4.71191938112475e-08,1.02215535453602e-10,3.73430757544304e-13,2.20062597681965e-11,9.10386075885488e-10
37153.5229097167,9.16370687968908e-10,4.71191938112476e-08,1.02215535453288e-10,3.73430757594324e-13,2.2006259768129e-11,9.10386075882696e-10
38018.9396320555,9.16370687965965e-10,4.71191938112477e-08,1.0221553545296e-10,3.73430757646675e-13,2.20062597680583e-11,9.10386075879772e-10
38904.5144994275,9.16370687962883e-10,4.71191938112477e-08,1.02215535452616e-10,3.73430757701512e-13,2.20062597679842e-11,9.10386075876711e-10
39810.7170553491,9.16370687959656e-10,4.71191938112478e-08,1.02215535452256e-10,3.73430757758906e-13,2.20062597679067e-11,9.10386075873505e-10
40738.0277804107,9.16370687956277e-10,4.71191938112479e-08,1.02215535451879e-10,3.73430757819007e-13,2.20062597678255e-11,9.10386075870148e-10
41686.9383470329,9.16370687952739e-10,4.7119193811248e-08,1.02215535451484e-10,3.73430757881939e-13,2.20062597677405e-11,9.10386075866633e-10
42657.9518801586,9.16370687949034e-10,4.71191938112481e-08,1.0221553545107e-10,3.73430757947859e-13,2.20062597676515e-11,9.10386075862952e-10
43651.5832240159,9.16370687945154e-10,4.71191938112481e-08,1.02215535450637e-10,3.73430758016884e-13,2.20062597675582e-11,9.10386075859097e-10
44668.3592150956,9.16370687941091e-10,4.71191938112483e-08,1.02215535450184e-10,3.73430758089154e-13,2.20062597674606e-11,9.10386075855061e-10
45708.8189614868,9.16370687936838e-10,4.71191938112483e-08,1.02215535449709e-10,3.73430758164824e-13,2.20062597673584e-11,9.10386075850835e-10
46773.5141287191,9.16370687932383e-10,4.71191938112484e-08,1.02215535449212e-10,3.73430758244058e-13,2.20062597672514e-11,9.1038607584641e-10
47863.0092322631,9.16370687927718e-10,4.71191938112485e-08,1.02215535448691e-10,3.73430758327025e-13,2.20062597671393e-11,9.10386075841775e-10
48977.8819368439,9.16370687922834e-10,4.71191938112486e-08,1.02215535448146e-10,3.73430758413929e-13,2.20062597670219e-11,9.10386075836923e-10
50118.7233627264,9.1637068791772e-10,4.71191938112488e-08,1.02215535447575e-10,3.73430758504904e-13,2.2006259766899e-11,9.10386075831842e-10
51286.1383991357,9.16370687912364e-10,4.71191938112489e-08,1.02215535446978e-10,3.73430758600168e-13,2.20062597667704e-11,9.10386075826522e-10
52480.7460249764,9.16370687906756e-10,4.7119193811249e-08,1.02215535446352e-10,3.73430758699929e-13,2.20062597666356e-11,9.1038607582095e-10
53703.1796370244,9.16370687900884e-10,4.71191938112491e-08,1.02215535445697e-10,3.73430758804387e-13,2.20062597664945e-11,9.10386075815116e-10
54954.0873857616,9.16370687894735e-10,4.71191938112493e-08,1.0221553544501e-10,3.73430758913766e-13,2.20062597663468e-11,9.10386075809008e-10
56234.132519034,9.16370687888296e-10,4.71191938112494e-08,1.02215535444292e-10,3.73430759028325e-13,2.20062597661921e-11,9.10386075802611e-10
57543.9937337148,9.16370687881554e-10,4.71191938112496e-08,1.02215535443539e-10,3.73430759148228e-13,2.20062597660301e-11,9.10386075795913e-10
58884.365535558,9.16370687874494e-10,4.71191938112497e-08,1.02215535442751e-10,3.73430759273827e-13,2.20062597658604e-11,9.10386075788899e-10
60255.9586074348,9.16370687867102e-10,4.71191938112499e-08,1.02215535441926e-10,3.73430759405332e-13,2.20062597656828e-11,9.10386075781555e-10
61659.5001861472,9.16370687859361e-10,4.71191938112501e-08,1.02215535441062e-10,3.73430759543024e-13,2.20062597654968e-11,9.10386075773864e-10
63095.7344480183,9.16370687851255e-10,4.71191938112503e-08,1.02215535440158e-10,3.73430759687236e-13,2.2006259765302e-11,9.10386075765811e-10
64565.4229034645,9.16370687842767e-10,4.71191938112504e-08,1.0221553543921e-10,3.73430759838224e-13,2.20062597650981e-11,9.10386075757379e-10
66069.3448007586,9.16370687833879e-10,4.71191938112507e-08,1.02215535438218e-10,3.73430759996311e-13,2.20062597648845e-11,9.10386075748549e-10
67608.2975391971,9.16370687824572e-10,4.71191938112509e-08,1.0221553543718e-10,3.73430760161866e-13,2.20062597646609e-11,9.10386075739303e-10
69183.0970918925,9.16370687814827e-10,4.71191938112511e-08,1.02215535436092e-10,3.73430760335266e-13,2.20062597644267e-11,9.10386075729621e-10
70794.5784384127,9.16370687804622e-10,4.71191938112513e-08,1.02215535434953e-10,3.7343076051678e-13,2.20062597641815e-11,9.10386075719483e-10
72443.5960074979,9.16370687793936e-10,4.71191938112516e-08,1.02215535433761e-10,3.73430760706856e-13,2.20062597639248e-11,9.10386075708867e-10
74131.0241300906,9.16370687782747e-10,4.71191938112518e-08,1.02215535432512e-10,3.73430760905896e-13,2.20062597636559e-11,9.10386075697751e-10
75857.7575029172,9.1637068777103e-10,4.71191938112521e-08,1.02215535431204e-10,3.7343076111433e-13,2.20062597633744e-11,9.10386075686111e-10
77624.7116628679,9.16370687758762e-10,4.71191938112524e-08,1.02215535429835e-10,3.73430761332572e-13,2.20062597630796e-11,9.10386075673922e-10
79432.8234724269,9.16370687745915e-10,4.71191938112527e-08,1.02215535428401e-10,3.73430761561096e-13,2.20062597627709e-11,9.10386075661159e-10
81283.0516164086,9.16370687732462e-10,4.7119193811253e-08,1.022155354269e-10,3.73430761800411e-13,2.20062597624477e-11,9.10386075647795e-10
83176.3771102658,9.16370687718376e-10,4.71191938112533e-08,1.02215535425328e-10,3.73430762050991e-13,2.20062597621092e-11,9.103860756338e-10
85113.8038202363,9.16370687703626e-10,4.71191938112536e-08,1.02215535423681e-10,3.73430762313364e-13,2.20062597617548e-11,9.10386075619146e-10
87096.3589956067,9.1637068768818e-10,4.7119193811254e-08,1.02215535421958e-10,3.73430762588133e-13,2.20062597613837e-11,9.10386075603802e-10
89125.0938133731,9.16370687672007e-10,4.71191938112543e-08,1.02215535420152e-10,3.73430762875846e-13,2.20062597609951e-11,9.10386075587734e-10
91201.0839355895,9.16370687655072e-10,4.71191938112547e-08,1.02215535418263e-10,3.73430763177086e-13,2.20062597605881e-11,9.10386075570909e-10
93325.4300796976,9.16370687637338e-10,4.71191938112551e-08,1.02215535416283e-10,3.73430763492562e-13,2.2006259760162e-11,9.10386075553291e-10
95499.258602142,9.16370687618768e-10,4.71191938112556e-08,1.02215535414211e-10,3.7343076382287e-13,2.20062597597159e-11,9.10386075534843e-10
97723.7220955795,9.16370687599324e-10,4.7119193811256e-08,1.02215535412041e-10,3.73430764168796e-13,2.20062597592486e-11,9.10386075515525e-10
99999.9999999984,9.16370687578963e-10,4.71191938112565e-08,1.02215535409768e-10,3.73430764530983e-13,2.20062597587594e-11,9.10386075495297e-10
102329.299228074,9.16370687557642e-10,4.71191938112569e-08,1.02215535407389e-10,3.73430764910234e-13,2.20062597582471e-11,9.10386075474116e-10
104712.854805088,9.16370687535316e-10,4.71191938112575e-08,1.02215535404897e-10,3.73430765307397e-13,2.20062597577107e-11,9.10386075451936e-10
107151.930523759,9.16370687511939e-10,4.7119193811258e-08,1.02215535402288e-10,3.73430765723254e-13,2.2006259757149e-11,9.10386075428711e-10
109647.819614317,9.16370687487459e-10,4.71191938112585e-08,1.02215535399556e-10,3.73430766158693e-13,2.20062597565608e-11,9.10386075404392e-10
112201.845430195,9.16370687461826e-10,4.71191938112591e-08,1.02215535396695e-10,3.73430766614693e-13,2.20062597559449e-11,9.10386075378926e-10
114815.362149686,9.16370687434985e-10,4.71191938112597e-08,1.022155353937e-10,3.73430767092143e-13,2.20062597552999e-11,9.1038607535226e-10
117489.755493951,9.16370687406879e-10,4.71191938112604e-08,1.02215535390563e-10,3.73430767592133e-13,2.20062597546246e-11,9.10386075324338e-10
120226.443461739,9.16370687377449e-10,4.7119193811261e-08,1.02215535387278e-10,3.73430768115666e-13,2.20062597539174e-11,9.10386075295099e-10
123026.877081236,9.16370687346631e-10,4.71191938112618e-08,1.02215535383839e-10,3.73430768663873e-13,2.2006259753177e-11,9.10386075264483e-10
125892.541179415,9.16370687314361e-10,4.71191938112625e-08,1.02215535380237e-10,3.73430769237908e-13,2.20062597524016e-11,9.10386075232423e-10
128824.955169311,9.1637068728057e-10,4.71191938112632e-08,1.02215535376466e-10,3.73430769839039e-13,2.20062597515897e-11,9.10386075198853e-10
131825.673855639,9.16370687245186e-10,4.7119193811264e-08,1.02215535372517e-10,3.73430770468428e-13,2.20062597507395e-11,9.10386075163701e-10
134896.288259163,9.16370687208135e-10,4.71191938112649e-08,1.02215535368382e-10,3.73430771127536e-13,2.20062597498492e-11,9.10386075126892e-10
138038.426460286,9.16370687169338e-10,4.71191938112658e-08,1.02215535364052e-10,3.73430771817689e-13,2.2006259748917e-11,9.10386075088348e-10
141253.754462273,9.16370687128713e-10,4.71191938112667e-08,1.02215535359518e-10,3.73430772540367e-13,2.20062597479408e-11,9.10386075047988e-10
144543.97707459,9.16370687086173e-10,4.71191938112677e-08,1.0221553535477e-10,3.73430773297116e-13,2.20062597469187e-11,9.10386075005725e-10
147910.838816818,9.16370687041627e-10,4.71191938112686e-08,1.02215535349798e-10,3.73430774089519e-13,2.20062597458483e-11,9.10386074961471e-10
151356.124843618,9.16370686994983e-10,4.71191938112697e-08,1.02215535344593e-10,3.73430774919262e-13,2.20062597447276e-11,9.10386074915131e-10
154881.661891246,9.1637068694614e-10,4.71191938112708e-08,1.02215535339142e-10,3.734307757881e-13,2.2006259743554e-11,9.10386074866607e-10
158489.319246109,9.16370686894996e-10,4.7119193811272e-08,1.02215535333434e-10,3.73430776697913e-13,2.20062597423251e-11,9.10386074815797e-10
162181.00973589,9.1637068684144e-10,4.71191938112732e-08,1.02215535327456e-10,3.73430777650598e-13,2.20062597410383e-11,9.10386074762592e-10
165958.690743753,9.16370686785361e-10,4.71191938112745e-08,1.02215535321198e-10,3.73430778648178e-13,2.20062597396908e-11,9.10386074706879e-10
169824.365246172,9.1637068672664e-10,4.71191938112758e-08,1.02215535314644e-10,3.73430779692778e-13,2.20062597382798e-11,9.1038607464854e-10
173780.082874935,9.1637068666515e-10,4.71191938112772e-08,1.02215535307781e-10,3.73430780786594e-13,2.20062597368024e-11,9.10386074587453e-10
177827.941003889,9.16370686600763e-10,4.71191938112787e-08,1.02215535300595e-10,3.73430781931961e-13,2.20062597352553e-11,9.10386074523486e-10
181970.085860995,9.16370686533341e-10,4.71191938112802e-08,1.02215535293071e-10,3.73430783131322e-13,2.20062597336353e-11,9.10386074456504e-10
186208.713666284,9.16370686462742e-10,4.71191938112818e-08,1.02215535285192e-10,3.73430784387176e-13,2.20062597319389e-11,9.10386074386366e-10
190546.071796322,9.16370686388815e-10,4.71191938112835e-08,1.02215535276941e-10,3.73430785702229e-13,2.20062597301626e-11,9.10386074312922e-10
194984.459975801,9.16370686311405e-10,4.71191938112852e-08,1.02215535268301e-10,3.73430787079279e-13,2.20062597283026e-11,9.10386074236018e-10
199526.231496885,9.16370686230346e-10,4.71191938112871e-08,1.02215535259255e-10,3.73430788521221e-13,2.20062597263549e-11,9.10386074155488e-10
204173.79446695,9.16370686145467e-10,4.7119193811289e-08,1.02215535249782e-10,3.7343079003111e-13,2.20062597243155e-11,9.10386074071163e-10
208929.6130854,9.16370686056588e-10,4.7119193811291e-08,1.02215535239862e-10,3.73430791612185e-13,2.20062597221799e-11,9.10386073982864e-10
213796.20895022,9.1637068596352e-10,4.71191938112932e-08,1.02215535229475e-10,3.73430793267748e-13,2.20062597199437e-11,9.10386073890404e-10
218776.162394952,9.16370685866066e-10,4.71191938112953e-08,1.02215535218599e-10,3.73430795001307e-13,2.2006259717602e-11,9.10386073793587e-10
223872.11385683,9.16370685764019e-10,4.71191938112977e-08,1.0221553520721e-10,3.73430796816627e-13,2.200625971515e-11,9.10386073692206e-10
229086.765276773,9.16370685657162e-10,4.71191938113001e-08,1.02215535195284e-10,3.73430798717452e-13,2.20062597125825e-11,9.10386073586048e-10
234422.881531988,9.1637068554527e-10,4.71191938113026e-08,1.02215535182796e-10,3.73430800707882e-13,2.2006259709894e-11,9.10386073474886e-10
239883.291901945,9.16370685428105e-10,4.71191938113053e-08,1.0221553516972e-10,3.73430802792128e-13,2.20062597070787e-11,9.10386073358486e-10
245470.891568499,9.16370685305417e-10,4.71191938113081e-08,1.02215535156027e-10,3.7343080497456e-13,2.20062597041308e-11,9.103860732366e-10
251188.643150954,9.16370685176948e-10,4.7119193811311e-08,1.02215535141689e-10,3.73430807259899e-13,2.20062597010439e-11,9.10386073108969e-10
257039.578276882,9.16370685042424e-10,4.71191938113141e-08,1.02215535126676e-10,3.73430809652903e-13,2.20062596978116e-11,9.10386072975323e-10
263026.799189534,9.16370684901559e-10,4.71191938113173e-08,1.02215535110954e-10,3.73430812158711e-13,2.20062596944269e-11,9.10386072835379e-10
269153.480392687,9.16370684754057e-10,4.71191938113206e-08,1.02215535094492e-10,3.73430814782606e-13,2.20062596908828e-11,9.1038607268884e-10
275422.870333812,9.16370684599602e-10,4.71191938113241e-08,1.02215535077254e-10,3.7343081753016e-13,2.20062596871715e-11,9.10386072535394e-10
281838.29312644,9.16370684437869e-10,4.71191938113278e-08,1.02215535059204e-10,3.73430820407197e-13,2.20062596832854e-11,9.10386072374717e-10
288403.150312656,9.16370684268513e-10,4.71191938113316e-08,1.02215535040303e-10,3.73430823419818e-13,2.20062596792161e-11,9.10386072206467e-10
295120.922666633,9.16370684091176e-10,4.71191938113356e-08,1.02215535020511e-10,3.73430826574457e-13,2.20062596749551e-11,9.10386072030288e-10
301995.172040196,9.16370683905481e-10,4.71191938113399e-08,1.02215534999786e-10,3.73430829877737e-13,2.20062596704932e-11,9.10386071845805e-10
309029.543251354,9.16370683711034e-10,4.71191938113443e-08,1.02215534978085e-10,3.73430833336693e-13,2.20062596658211e-11,9.10386071652629e-10
316227.766016832,9.16370683507424e-10,4.71191938113489e-08,1.02215534955361e-10,3.73430836958678e-13,2.20062596609287e-11,9.10386071450348e-10
323593.656929623,9.16370683294217e-10,4.71191938113538e-08,1.02215534931565e-10,3.7343084075136e-13,2.20062596558058e-11,9.10386071238534e-10
331131.121482585,9.16370683070963e-10,4.71191938113588e-08,1.02215534906649e-10,3.73430844722804e-13,2.20062596504415e-11,9.10386071016737e-10
338844.156139197,9.16370682837187e-10,4.71191938113641e-08,1.02215534880558e-10,3.73430848881388e-13,2.20062596448243e-11,9.10386070784488e-10
346736.850452526,9.16370682592393e-10,4.71191938113697e-08,1.02215534853238e-10,3.73430853235974e-13,2.20062596389424e-11,9.10386070541293e-10
354813.389233569,9.16370682336063e-10,4.71191938113755e-08,1.0221553482463e-10,3.73430857795775e-13,2.20062596327834e-11,9.10386070286637e-10
363078.054770095,9.16370682067652e-10,4.71191938113816e-08,1.02215534794674e-10,3.73430862570458e-13,2.2006259626334e-11,9.10386070019979e-10
371535.229097166,9.16370681786591e-10,4.7119193811388e-08,1.02215534763306e-10,3.73430867570206e-13,2.20062596195807e-11,9.10386069740753e-10
380189.396320554,9.16370681492285e-10,4.71191938113947e-08,1.02215534730459e-10,3.73430872805551e-13,2.20062596125091e-11,9.10386069448369e-10
389045.144994274,9.16370681184107e-10,4.71191938114017e-08,1.02215534696065e-10,3.73430878287648e-13,2.20062596051042e-11,9.10386069142204e-10
398107.17055349,9.16370680861407e-10,4.7119193811409e-08,1.0221553466005e-10,3.73430884028067e-13,2.20062595973504e-11,9.10386068821611e-10
407380.277804106,9.16370680523497e-10,4.71191938114167e-08,1.02215534622337e-10,3.73430890039077e-13,2.20062595892312e-11,9.10386068485909e-10
416869.383470328,9.16370680169663e-10,4.71191938114247e-08,1.02215534582847e-10,3.73430896333359e-13,2.20062595807293e-11,9.10386068134385e-10
426579.518801585,9.16370679799153e-10,4.71191938114331e-08,1.02215534541496e-10,3.73430902924285e-13,2.20062595718267e-11,9.10386067766294e-10
436515.832240158,9.16370679411181e-10,4.71191938114419e-08,1.02215534498196e-10,3.73430909825812e-13,2.20062595625045e-11,9.10386067380856e-10
446683.592150955,9.16370679004925e-10,4.71191938114512e-08,1.02215534452855e-10,3.73430917052635e-13,2.2006259552743e-11,9.10386066977253e-10
457088.189614867,9.16370678579522e-10,4.71191938114608e-08,1.02215534405378e-10,3.7343092462003e-13,2.20062595425215e-11,9.10386066554628e-10
467735.14128719,9.16370678134071e-10,4.71191938114709e-08,1.02215534355663e-10,3.73430932544061e-13,2.20062595318182e-11,9.10386066112086e-10
478630.09232263,9.16370677667626e-10,4.71191938114815e-08,1.02215534303605e-10,3.73430940841524e-13,2.20062595206105e-11,9.10386065648688e-10
489778.819368438,9.16370677179199e-10,4.71191938114926e-08,1.02215534249094e-10,3.73430949530053e-13,2.20062595088746e-11,9.1038606516345e-10
501187.233627263,9.16370676667752e-10,4.71191938115042e-08,1.02215534192013e-10,3.73430958628059e-13,2.20062594965856e-11,9.10386064655344e-10
512861.383991356,9.16370676132202e-10,4.71191938115164e-08,1.02215534132243e-10,3.73430968154841e-13,2.20062594837174e-11,9.10386064123291e-10
524807.460249763,9.16370675571412e-10,4.71191938115291e-08,1.02215534069655e-10,3.73430978130609e-13,2.20062594702428e-11,9.10386063566163e-10
537031.796370243,9.16370674984193e-10,4.71191938115425e-08,1.02215534004118e-10,3.73430988576497e-13,2.20062594561331e-11,9.1038606298278e-10
549540.873857615,9.16370674369299e-10,4.71191938115564e-08,1.02215533935492e-10,3.734309995147e-13,2.20062594413585e-11,9.10386062371901e-10
562341.325190339,9.16370673725427e-10,4.7119193811571e-08,1.02215533863632e-10,3.73431010968405e-13,2.20062594258876e-11,9.10386061732233e-10
575439.937337147,9.16370673051209e-10,4.71191938115863e-08,1.02215533788386e-10,3.73431022961905e-13,2.20062594096875e-11,9.10386061062419e-10
588843.655355579,9.16370672345216e-10,4.71191938116024e-08,1.02215533709593e-10,3.73431035520644e-13,2.2006259392724e-11,9.10386060361036e-10
602559.586074347,9.16370671605952e-10,4.71191938116192e-08,1.02215533627086e-10,3.73431048671266e-13,2.2006259374961e-11,9.10386059626599e-10
616595.001861471,9.16370670831846e-10,4.71191938116367e-08,1.02215533540692e-10,3.73431062441633e-13,2.20062593563608e-11,9.10386058857549e-10
630957.344480182,9.16370670021258e-10,4.71191938116551e-08,1.02215533450225e-10,3.73431076860995e-13,2.20062593368841e-11,9.10386058052255e-10
645654.229034644,9.16370669172468e-10,4.71191938116744e-08,1.02215533355496e-10,3.73431091959911e-13,2.20062593164894e-11,9.10386057209008e-10
660693.448007584,9.16370668283676e-10,4.71191938116946e-08,1.02215533256301e-10,3.73431107770421e-13,2.20062592951336e-11,9.10386056326021e-10
676082.97539197,9.16370667352997e-10,4.71191938117157e-08,1.02215533152432e-10,3.73431124326076e-13,2.20062592727713e-11,9.10386055401419e-10
691830.970918924,9.16370666378456e-10,4.71191938117379e-08,1.02215533043667e-10,3.73431141661949e-13,2.20062592493551e-11,9.10386054433243e-10
707945.784384125,9.16370665357986e-10,4.7119193811761e-08,1.02215532929777e-10,3.73431159814836e-13,2.20062592248353e-11,9.10386053419437e-10
724435.960074977,9.16370664289423e-10,4.71191938117853e-08,1.02215532810519e-10,3.73431178823245e-13,2.20062591991599e-11,9.10386052357853e-10
741310.241300904,9.16370663170501e-10,4.71191938118107e-08,1.02215532685641e-10,3.73431198727493e-13,2.20062591722745e-11,9.10386051246237e-10
758577.57502917,9.16370661998845e-10,4.71191938118373e-08,1.02215532554877e-10,3.73431219569787e-13,2.20062591441221e-11,9.10386050082233e-10
776247.116628678,9.1637066077197e-10,4.71191938118652e-08,1.02215532417951e-10,3.73431241394369e-13,2.20062591146428e-11,9.10386048863371e-10
794328.234724267,9.16370659487275e-10,4.71191938118943e-08,1.02215532274571e-10,3.73431264247486e-13,2.20062590837742e-11,9.10386047587065e-10
812830.516164085,9.16370658142034e-10,4.71191938119249e-08,1.02215532124435e-10,3.73431288177666e-13,2.20062590514509e-11,9.1038604625061e-10
831763.771102656,9.16370656733394e-10,4.71191938119569e-08,1.02215531967222e-10,3.73431313235608e-13,2.20062590176042e-11,9.10386044851168e-10
851138.038202361,9.16370655258366e-10,4.71191938119904e-08,1.022155318026e-10,3.73431339474532e-13,2.20062589821623e-11,9.10386043385774e-10
870963.589956065,9.16370653713823e-10,4.71191938120254e-08,1.0221553163022e-10,3.7343136695001e-13,2.20062589450501e-11,9.10386041851317e-10
891250.938133729,9.16370652096488e-10,4.71191938120622e-08,1.02215531449716e-10,3.73431395720392e-13,2.20062589061889e-11,9.10386040244544e-10
912010.839355893,9.1637065040293e-10,4.71191938121006e-08,1.02215531260705e-10,3.73431425846677e-13,2.20062588654962e-11,9.10386038562046e-10
933254.300796974,9.16370648629557e-10,4.71191938121409e-08,1.02215531062786e-10,3.7343145739274e-13,2.20062588228857e-11,9.10386036800254e-10
954992.586021419,9.16370646772607e-10,4.7119193812183e-08,1.0221553085554e-10,3.73431490425553e-13,2.20062587782671e-11,9.10386034955432e-10
977237.220955793,9.16370644828143e-10,4.71191938122272e-08,1.02215530638526e-10,3.73431525015123e-13,2.20062587315456e-11,9.10386033023666e-10
999999.999999982,9.16370642792038e-10,4.71191938122734e-08,1.02215530411285e-10,3.73431561234903e-13,2.20062586826222e-11,9.10386031000858e-10
1023292.99228074,9.16370640659975e-10,4.71191938123218e-08,1.02215530173334e-10,3.73431599161589e-13,2.20062586313931e-11,9.10386028882718e-10
1047128.54805088,9.1637063842743e-10,4.71191938123725e-08,1.02215529924169e-10,3.73431638875767e-13,2.20062585777497e-11,9.10386026664754e-10
1071519.30523759,9.16370636089669e-10,4.71191938124256e-08,1.02215529663261e-10,3.73431680461571e-13,2.20062585215782e-11,9.1038602434226e-10
1096478.19614316,9.16370633641733e-10,4.71191938124812e-08,1.02215529390057e-10,3.73431724007236e-13,2.20062584627593e-11,9.1038602191031e-10
1122018.45430194,9.1637063107843e-10,4.71191938125394e-08,1.02215529103978e-10,3.73431769605173e-13,2.20062584011684e-11,9.10386019363747e-10
1148153.62149686,9.16370628394321e-10,4.71191938126003e-08,1.02215528804415e-10,3.73431817352043e-13,2.20062583366749e-11,9.10386016697167e-10
1174897.55493951,9.16370625583715e-10,4.71191938126642e-08,1.02215528490735e-10,3.73431867349156e-13,2.20062582691418e-11,9.10386013904915e-10
1202264.43461739,9.16370622640649e-10,4.7119193812731e-08,1.02215528162272e-10,3.73431919702559e-13,2.2006258198426e-11,9.10386010981069e-10
1230268.77081236,9.1637061955888e-10,4.7119193812801e-08,1.02215527818328e-10,3.73431974523302e-13,2.20062581243775e-11,9.10386007919426e-10
1258925.41179414,9.16370616331872e-10,4.71191938128742e-08,1.02215527458175e-10,3.7343203192763e-13,2.20062580468391e-11,9.10386004713492e-10
1288249.55169311,9.1637061295278e-10,4.7119193812951e-08,1.02215527081049e-10,3.73432092037371e-13,2.20062579656465e-11,9.10386001356468e-10
1318256.73855638,9.16370609414436e-10,4.71191938130313e-08,1.02215526686149e-10,3.73432154979948e-13,2.20062578806275e-11,9.10385997841232e-10
1348962.88259163,9.16370605709335e-10,4.71191938131155e-08,1.02215526272638e-10,3.73432220888891e-13,2.20062577916016e-11,9.10385994160327e-10
1380384.26460286,9.16370601829618e-10,4.71191938132035e-08,1.02215525839639e-10,3.73432289904074e-13,2.200625769838e-11,9.10385990305947e-10
1412537.54462273,9.16370597767056e-10,4.71191938132958e-08,1.02215525386233e-10,3.73432362171787e-13,2.2006257600765e-11,9.10385986269916e-10
1445439.7707459,9.16370593513031e-10,4.71191938133924e-08,1.02215524911459e-10,3.73432437845347e-13,2.20062574985496e-11,9.10385982043673e-10
1479108.38816818,9.16370589058521e-10,4.71191938134935e-08,1.02215524414309e-10,3.73432517085285e-13,2.20062573915169e-11,9.10385977618253e-10
1513561.24843618,9.16370584394076e-10,4.71191938135995e-08,1.0221552389373e-10,3.73432600059665e-13,2.20062572794399e-11,9.10385972984269e-10
1548816.61891245,9.16370579509802e-10,4.71191938137104e-08,1.02215523348616e-10,3.73432686944482e-13,2.20062571620809e-11,9.10385968131893e-10
1584893.19246108,9.1637057439534e-10,4.71191938138265e-08,1.02215522777812e-10,3.73432777924073e-13,2.2006257039191e-11,9.10385963050831e-10
1621810.0973589,9.1637056903984e-10,4.71191938139481e-08,1.02215522180107e-10,3.73432873191327e-13,2.20062569105094e-11,9.10385957730306e-10
1659586.90743753,9.16370563431944e-10,4.71191938140754e-08,1.02215521554233e-10,3.73432972948377e-13,2.20062567757633e-11,9.10385952159032e-10
1698243.65246171,9.16370557559756e-10,4.71191938142088e-08,1.02215520898863e-10,3.73433077406778e-13,2.20062566346667e-11,9.10385946325193e-10
1737800.82874934,9.1637055141082e-10,4.71191938143484e-08,1.02215520212605e-10,3.73433186788154e-13,2.20062564869205e-11,9.10385940216414e-10
1778279.41003889,9.16370544972094e-10,4.71191938144946e-08,1.02215519494006e-10,3.7343330132445e-13,2.20062563322113e-11,9.10385933819736e-10
1819700.85860995,9.1637053822992e-10,4.71191938146477e-08,1.02215518741539e-10,3.73433421258657e-13,2.20062561702108e-11,9.10385927121593e-10
1862087.13666283,9.16370531169998e-10,4.7119193814808e-08,1.02215517953611e-10,3.73433546845111e-13,2.20062560005754e-11,9.10385920107776e-10
1905460.71796321,9.16370523777352e-10,4.71191938149759e-08,1.02215517128548e-10,3.73433678350254e-13,2.20062558229454e-11,9.10385912763409e-10
1949844.59975801,9.16370516036302e-10,4.71191938151516e-08,1.02215516264602e-10,3.73433816053001e-13,2.2006255636944e-11,9.10385905072912e-10
1995262.31496884,9.16370507930427e-10,4.71191938153357e-08,1.02215515359939e-10,3.73433960245367e-13,2.20062554421766e-11,9.10385897019973e-10
2041737.94466949,9.16370499442534e-10,4.71191938155284e-08,1.0221551441264e-10,3.73434111233289e-13,2.20062552382301e-11,9.10385888587512e-10
2089296.130854,9.1637049055462e-10,4.71191938157302e-08,1.02215513420696e-10,3.73434269336961e-13,2.20062550246719e-11,9.10385879757641e-10
2137962.08950219,9.16370481247831e-10,4.71191938159416e-08,1.02215512382004e-10,3.73434434891768e-13,2.2006254801049e-11,9.10385870511631e-10
2187761.62394951,9.16370471502427e-10,4.71191938161628e-08,1.0221551129436e-10,3.73434608248814e-13,2.20062545668871e-11,9.1038586082987e-10
2238721.1385683,9.16370461297737e-10,4.71191938163946e-08,1.02215510155457e-10,3.73434789775852e-13,2.20062543216895e-11,9.10385850691823e-10
2290867.65276773,9.16370450612115e-10,4.71191938166372e-08,1.02215508962879e-10,3.73434979857905e-13,2.20062540649361e-11,9.10385840075984e-10
2344228.81531988,9.16370439422895e-10,4.71191938168913e-08,1.02215507714096e-10,3.73435178898122e-13,2.20062537960823e-11,9.10385828959837e-10
2398832.91901944,9.16370427706344e-10,4.71191938171573e-08,1.02215506406461e-10,3.73435387318702e-13,2.20062535145578e-11,9.10385817319802e-10
2454708.91568498,9.1637041543761e-10,4.71191938174359e-08,1.02215505037198e-10,3.73435605561674e-13,2.20062532197655e-11,9.1038580513119e-10
2511886.43150953,9.16370402590669e-10,4.71191938177276e-08,1.02215503603404e-10,3.73435834090005e-13,2.200625291108e-11,9.10385792368147e-10
2570395.78276881,9.1637038913827e-10,4.71191938180331e-08,1.02215502102037e-10,3.73436073388381e-13,2.20062525878467e-11,9.103857790036e-10
2630267.99189533,9.1637037505188e-10,4.71191938183529e-08,1.02215500529914e-10,3.73436323964323e-13,2.20062522493799e-11,9.10385765009203e-10
2691534.80392686,9.1637036030162e-10,4.71191938186879e-08,1.02215498883698e-10,3.73436586349393e-13,2.20062518949616e-11,9.1038575035527e-10
2754228.70333811,9.16370344856202e-10,4.71191938190386e-08,1.02215497159899e-10,3.73436861100057e-13,2.20062515238402e-11,9.1038573501072e-10
2818382.9312644,9.16370328682865e-10,4.71191938194058e-08,1.0221549535486e-10,3.73437148799103e-13,2.20062511352283e-11,9.10385718943004e-10
2884031.50312655,9.16370311747302e-10,4.71191938197904e-08,1.02215493464752e-10,3.73437450056686e-13,2.20062507283018e-11,9.10385702118042e-10
2951209.22666633,9.16370294013593e-10,4.71191938201931e-08,1.02215491485566e-10,3.73437765511845e-13,2.20062503021974e-11,9.10385684500144e-10
3019951.72040196,9.1637027544412e-10,4.71191938206147e-08,1.02215489413104e-10,3.73438095833637e-13,2.20062498560114e-11,9.10385666051941e-10
3090295.43251353,9.16370255999497e-10,4.71191938210562e-08,1.0221548724297e-10,3.73438441722655e-13,2.20062493887973e-11,9.10385646734302e-10
3162277.66016832,9.16370235638477e-10,4.71191938215186e-08,1.0221548497056e-10,3.73438803912586e-13,2.20062488995641e-11,9.10385626506253e-10
3235936.56929622,9.16370214317875e-10,4.71191938220027e-08,1.02215482591056e-10,3.73439183171563e-13,2.20062483872741e-11,9.10385605324886e-10
3311311.21482584,9.16370191992464e-10,4.71191938225096e-08,1.0221548009941e-10,3.73439580304006e-13,2.20062478508407e-11,9.10385583145274e-10
3388441.56139196,9.16370168614891e-10,4.71191938230405e-08,1.02215477490335e-10,3.73439996152234e-13,2.20062472891259e-11,9.1038555992037e-10
3467368.50452525,9.16370144135569e-10,4.71191938235963e-08,1.02215474758299e-10,3.73440431598257e-13,2.20062467009385e-11,9.10385535600913e-10
3548133.89233568,9.16370118502575e-10,4.71191938241783e-08,1.02215471897507e-10,3.73440887565599e-13,2.20062460850306e-11,9.10385510135317e-10
3630780.54770094,9.16370091661536e-10,4.71191938247878e-08,1.0221546890189e-10,3.73441365021427e-13,2.20062454400959e-11,9.10385483469566e-10
3715352.29097165,9.16370063555521e-10,4.7119193825426e-08,1.02215465765094e-10,3.73441864978278e-13,2.20062447647665e-11,9.103854555471e-10
3801893.96320554,9.16370034124913e-10,4.71191938260943e-08,1.02215462480465e-10,3.73442388496601e-13,2.20062440576099e-11,9.10385426308692e-10
3890451.44994273,9.16370003307286e-10,4.71191938267941e-08,1.02215459041038e-10,3.73442936686732e-13,2.2006243317126e-11,9.10385395692323e-10
3981071.70553489,9.16369971037273e-10,4.71191938275268e-08,1.02215455439515e-10,3.73443510711348e-13,2.20062425417443e-11,9.10385363633052e-10
4073802.77804105,9.16369937246425e-10,4.71191938282941e-08,1.02215451668258e-10,3.73444111787857e-13,2.20062417298201e-11,9.10385330062877e-10
4168693.83470327,9.16369901863066e-10,4.71191938290975e-08,1.02215447719268e-10,3.73444741191091e-13,2.20062408796312e-11,9.10385294910594e-10
4265795.18801584,9.16369864812146e-10,4.71191938299388e-08,1.02215443584168e-10,3.7344540025595e-13,2.20062399893742e-11,9.10385258101638e-10
4365158.32240157,9.16369826015075e-10,4.71191938308198e-08,1.02215439254187e-10,3.73446090380199e-13,2.20062390571608e-11,9.10385219557935e-10
4466835.92150954,9.16369785389559e-10,4.71191938317423e-08,1.02215434720142e-10,3.73446813027531e-13,2.20062380810137e-11,9.10385179197728e-10
4570881.89614866,9.16369742849428e-10,4.71191938327082e-08,1.02215429972414e-10,3.73447569730547e-13,2.20062370588623e-11,9.10385136935409e-10
4677351.41287189,9.16369698304448e-10,4.71191938337197e-08,1.02215425000933e-10,3.73448362094102e-13,2.20062359885385e-11,9.10385092681334e-10
4786300.92322629,9.16369651660135e-10,4.71191938347788e-08,1.02215419795154e-10,3.73449191798584e-13,2.20062348677722e-11,9.10385046341636e-10
4897788.19368436,9.16369602817551e-10,4.71191938358879e-08,1.02215414344035e-10,3.73450060603714e-13,2.20062336941859e-11,9.10384997818023e-10
5011872.33627262,9.16369551673095e-10,4.71191938370492e-08,1.02215408636014e-10,3.73450970351989e-13,2.20062324652904e-11,9.10384947007572e-10
5128613.83991355,9.16369498118285e-10,4.71191938382653e-08,1.02215402658983e-10,3.7345192297281e-13,2.2006231178479e-11,9.10384893802506e-10
5248074.60249762,9.16369442039524e-10,4.71191938395387e-08,1.02215396400265e-10,3.73452920486395e-13,2.20062298310223e-11,9.10384838089972e-10
5370317.96370242,9.16369383317863e-10,4.71191938408721e-08,1.02215389846583e-10,3.73453965008251e-13,2.20062284200623e-11,9.103847797518e-10
5495408.73857613,9.16369321828748e-10,4.71191938422683e-08,1.02215382984037e-10,3.73455058753448e-13,2.2006226942606e-11,9.10384718664245e-10
5623413.25190338,9.16369257441754e-10,4.71191938437303e-08,1.02215375798071e-10,3.73456204041551e-13,2.20062253955197e-11,9.10384654697736e-10
5754399.37337145,9.16369190020309e-10,4.71191938452612e-08,1.02215368273443e-10,3.73457403301329e-13,2.20062237755217e-11,9.10384587716593e-10
5888436.55355577,9.16369119421404e-10,4.71191938468643e-08,1.02215360394191e-10,3.73458659075953e-13,2.20062220791761e-11,9.10384517578741e-10
6025595.86074345,9.16369045495293e-10,4.71191938485429e-08,1.02215352143604e-10,3.73459974028456e-13,2.20062203028845e-11,9.10384444135412e-10
6165950.0186147,9.16368968085171e-10,4.71191938503007e-08,1.0221534350418e-10,3.73461350947354e-13,2.20062184428793e-11,9.10384367230824e-10
6309573.4448018,9.16368887026844e-10,4.71191938521413e-08,1.02215334457596e-10,3.73462792752493e-13,2.20062164952153e-11,9.10384286701856e-10
6456542.29034642,9.16368802148378e-10,4.71191938540686e-08,1.02215324984661e-10,3.73464302501321e-13,2.20062144557613e-11,9.10384202377697e-10
6606934.48007582,9.16368713269739e-10,4.71191938560867e-08,1.02215315065284e-10,3.73465883395252e-13,2.20062123201914e-11,9.10384114079488e-10
6760829.75391968,9.16368620202407e-10,4.71191938582e-08,1.02215304678424e-10,3.73467538786626e-13,2.20062100839759e-11,9.10384021619941e-10
6918309.70918922,9.16368522748976e-10,4.71191938604129e-08,1.0221529380205e-10,3.73469272185567e-13,2.20062077423715e-11,9.10383924802939e-10
7079457.84384123,9.1636842070274e-10,4.711919386273e-08,1.02215282413092e-10,3.73471087267679e-13,2.20062052904114e-11,9.10383823423126e-10
7244359.60074975,9.1636831384725e-10,4.71191938651564e-08,1.02215270487393e-10,3.73472987881681e-13,2.2006202722895e-11,9.10383717265465e-10
7413102.41300902,9.16368201955855e-10,4.71191938676971e-08,1.02215257999657e-10,3.73474978057529e-13,2.20062000343761e-11,9.10383606104788e-10
7585775.75029168,9.16368084791226e-10,4.71191938703576e-08,1.02215244923398e-10,3.7347706201503e-13,2.20061972191524e-11,9.10383489705313e-10
7762471.16628676,9.16367962104846e-10,4.71191938731434e-08,1.02215231230878e-10,3.73479244172865e-13,2.20061942712524e-11,9.10383367820149e-10
7943282.34724265,9.16367833636487e-10,4.71191938760605e-08,1.02215216893056e-10,3.73481529157715e-13,2.20061911844234e-11,9.10383240190765e-10
8128305.16164082,9.1636769911366e-10,4.71191938791151e-08,1.0221520187952e-10,3.73483921814187e-13,2.2006187952118e-11,9.10383106546452e-10
8317637.71102654,9.1636755825103e-10,4.71191938823137e-08,1.02215186158425e-10,3.73486427215184e-13,2.20061845674803e-11,9.10382966603739e-10
8511380.38202359,9.16367410749819e-10,4.7119193885663e-08,1.02215169696425e-10,3.73489050672391e-13,2.20061810233312e-11,9.10382820065798e-10
8709635.89956062,9.16367256297166e-10,4.71191938891702e-08,1.02215152458603e-10,3.73491797747811e-13,2.20061773121533e-11,9.10382666621813e-10
8912509.38133727,9.16367094565468e-10,4.71191938928426e-08,1.02215134408397e-10,3.73494674265227e-13,2.20061734260751e-11,9.10382505946319e-10
9120108.3935589,9.16366925211681e-10,4.71191938966881e-08,1.02215115507522e-10,3.73497686322828e-13,2.20061693568538e-11,9.10382337698514e-10
9332543.00796971,9.16366747876597e-10,4.71191939007149e-08,1.02215095715887e-10,3.73500840305872e-13,2.20061650958584e-11,9.10382161521533e-10
9549925.86021416,9.16366562184078e-10,4.71191939049314e-08,1.02215074991513e-10,3.73504142900442e-13,2.20061606340512e-11,9.10381977041697e-10
9772372.2095579,9.16366367740262e-10,4.71191939093467e-08,1.02215053290443e-10,3.73507601107316e-13,2.20061559619683e-11,9.10381783867714e-10
9999999.99999979,9.16366164132723e-10,4.711919391397e-08,1.02215030566648e-10,3.73511222256977e-13,2.20061510697002e-11,9.10381581589854e-10
10232929.9228073,9.16365950929602e-10,4.71191939188112e-08,1.0221500677193e-10,3.73515014025121e-13,2.20061459468701e-11,9.10381369779077e-10
10471285.4805088,9.16365727678688e-10,4.71191939238806e-08,1.02214981855819e-10,3.73518984448711e-13,2.20061405826122e-11,9.10381147986123e-10
10715193.0523758,9.16365493906456e-10,4.71191939291889e-08,1.02214955765467e-10,3.73523141943257e-13,2.20061349655489e-11,9.10380915740563e-10
10964781.9614316,9.1636524911707e-10,4.71191939347474e-08,1.02214928445537e-10,3.73527495320318e-13,2.20061290837662e-11,9.10380672549798e-10
11220184.5430194,9.16364992791327e-10,4.71191939405678e-08,1.02214899838081e-10,3.73532053806317e-13,2.20061229247886e-11,9.10380417898014e-10
11481536.2149686,9.16364724385554e-10,4.71191939466625e-08,1.02214869882423e-10,3.73536827062073e-13,2.20061164755529e-11,9.10380151245091e-10
11748975.549395,9.16364443330459e-10,4.71191939530445e-08,1.02214838515026e-10,3.73541825203085e-13,2.20061097223801e-11,9.10379872025453e-10
12022644.3461739,9.16364149029922e-10,4.71191939597273e-08,1.02214805669361e-10,3.73547058820981e-13,2.20061026509468e-11,9.10379579646874e-10
12302687.7081235,9.16363840859733e-10,4.7119193966725e-08,1.02214771275761e-10,3.7355253900585e-13,2.20060952462544e-11,9.1037927348922e-10
12589254.1179414,9.16363518166264e-10,4.71191939740524e-08,1.02214735261278e-10,3.73558277369808e-13,2.20060874925976e-11,9.10378952903131e-10
12882495.5169311,9.16363180265085e-10,4.71191939817253e-08,1.02214697549525e-10,3.73564286071424e-13,2.20060793735309e-11,9.10378617208648e-10
13182567.3855638,9.16362826439515e-10,4.71191939897597e-08,1.02214658060517e-10,3.73570577841323e-13,2.20060708718341e-11,9.10378265693769e-10
13489628.8259162,9.16362455939098e-10,4.71191939981728e-08,1.02214616710498e-10,3.73577166009168e-13,2.20060619694753e-11,9.10377897612941e-10
13803842.6460286,9.16362067978017e-10,4.71191940069824e-08,1.02214573411767e-10,3.73584064531866e-13,2.20060526475727e-11,9.10377512185477e-10
14125375.4462272,9.16361661733421e-10,4.71191940162071e-08,1.02214528072488e-10,3.73591288022876e-13,2.20060428863551e-11,9.103771085939e-10
14454397.707459,9.16361236343687e-10,4.71191940258666e-08,1.022144805965e-10,3.73598851783075e-13,2.20060326651194e-11,9.10376685982214e-10
14791083.8816817,9.16360790906587e-10,4.71191940359814e-08,1.02214430883108e-10,3.73606771833158e-13,2.20060219621869e-11,9.10376243454083e-10
15135612.4843617,9.16360324477379e-10,4.71191940465728e-08,1.02214378826873e-10,3.73615064947205e-13,2.20060107548575e-11,9.10375780070936e-10
15488166.1891245,9.16359836066804e-10,4.71191940576634e-08,1.02214324317389e-10,3.736237486883e-13,2.20059990193613e-11,9.10375294849972e-10
15848931.9246108,9.16359324638984e-10,4.71191940692767e-08,1.02214267239046e-10,3.73632841445304e-13,2.20059867308083e-11,9.1037478676208e-10
16218100.9735889,9.16358789109231e-10,4.71191940814373e-08,1.02214207470786e-10,3.73642362471839e-13,2.20059738631357e-11,9.10374254729656e-10
16595869.0743752,9.16358228341745e-10,4.7119194094171e-08,1.02214144885846e-10,3.73652331926662e-13,2.20059603890525e-11,9.10373697624315e-10
16982436.5246171,9.16357641147206e-10,4.71191941075049e-08,1.02214079351492e-10,3.73662770916077e-13,2.20059462799819e-11,9.10373114264505e-10
17378008.2874934,9.16357026280249e-10,4.71191941214671e-08,1.02214010728735e-10,3.73673701538734e-13,2.20059315060003e-11,9.10372503412996e-10
17782794.1003888,9.16356382436833e-10,4.71191941360874e-08,1.02213938872034e-10,3.73685146931552e-13,2.20059160357743e-11,9.1037186377426e-10
18197008.5860994,9.16355708251465e-10,4.71191941513967e-08,1.02213863628994e-10,3.73697131318949e-13,2.20058998364939e-11,9.10371193991725e-10
18620871.3666283,9.16355002294315e-10,4.71191941674275e-08,1.02213784840037e-10,3.73709680063399e-13,2.20058828738033e-11,9.10370492644895e-10
19054607.179632,9.16354263068179e-10,4.71191941842138e-08,1.02213702338066e-10,3.73722819718824e-13,2.20058651117277e-11,9.10369758246345e-10
19498445.99758,9.16353489005305e-10,4.71191942017912e-08,1.0221361594811e-10,3.73736578086562e-13,2.20058465125974e-11,9.10368989238563e-10
19952623.1496884,9.16352678464074e-10,4.7119194220197e-08,1.02213525486956e-10,3.73750984273529e-13,2.20058270369675e-11,9.10368183990649e-10
20417379.4466949,9.16351829725518e-10,4.71191942394703e-08,1.02213430762756e-10,3.73766068753328e-13,2.20058066435349e-11,9.1036734079486e-10
20892961.3085399,9.16350940989673e-10,4.71191942596519e-08,1.02213331574624e-10,3.7378186343041e-13,2.20057852890501e-11,9.10366457862989e-10
21379620.8950218,9.1635001037177e-10,4.71191942807846e-08,1.02213227712209e-10,3.73798401706661e-13,2.2005762928226e-11,9.10365533322575e-10
21877616.2394951,9.16349035898235e-10,4.71191943029132e-08,1.02213118955248e-10,3.73815718551582e-13,2.20057395136418e-11,9.10364565212932e-10
22387211.3856829,9.16348015502509e-10,4.71191943260848e-08,1.02213005073102e-10,3.73833850575537e-13,2.20057149956423e-11,9.10363551480998e-10
22908676.5276772,9.16346947020668e-10,4.71191943503484e-08,1.02212885824262e-10,3.73852836106252e-13,2.20056893222328e-11,9.10362489976979e-10
23442288.1531987,9.16345828186835e-10,4.71191943757555e-08,1.02212760955846e-10,3.73872715269207e-13,2.2005662438969e-11,9.10361378449797e-10
23988329.1901944,9.16344656628381e-10,4.711919440236e-08,1.02212630203052e-10,3.73893530071343e-13,2.20056342888416e-11,9.10360214542317e-10
24547089.1568498,9.16343429860893e-10,4.71191944302183e-08,1.02212493288606e-10,3.73915324488778e-13,2.20056048121553e-11,9.10358995786352e-10
25118864.3150952,9.16342145282916e-10,4.71191944593896e-08,1.0221234992217e-10,3.73938144558903e-13,2.20055739464024e-11,9.10357719597433e-10
25703957.8276881,9.16340800170435e-10,4.71191944899356e-08,1.02212199799729e-10,3.73962038476058e-13,2.20055416261304e-11,9.10356383269337e-10
26302679.9189532,9.16339391671104e-10,4.71191945219213e-08,1.02212042602943e-10,3.73987056692161e-13,2.20055077828035e-11,9.10354983968345e-10
26915348.0392686,9.16337916798206e-10,4.71191945554144e-08,1.02211877998478e-10,3.74013252021901e-13,2.2005472344657e-11,9.10353518727245e-10
27542287.033381,9.16336372424323e-10,4.71191945904859e-08,1.02211705637295e-10,3.7404067975238e-13,2.20054352365454e-11,9.10351984439042e-10
28183829.3126439,9.16334755274709e-10,4.71191946272104e-08,1.02211525153914e-10,3.74069397758213e-13,2.20053963797835e-11,9.10350377850378e-10
28840315.0312654,9.1633306192036e-10,4.71191946656655e-08,1.02211336165637e-10,3.74099466621702e-13,2.20053556919793e-11,9.10348695554641e-10
29512092.2666632,9.1633128877074e-10,4.71191947059331e-08,1.02211138271739e-10,3.7413094975865e-13,2.20053130868597e-11,9.10346933984743e-10
30199517.2040195,9.16329432066186e-10,4.71191947480984e-08,1.02210931052621e-10,3.7416391354951e-13,2.20052684740876e-11,9.10345089405575e-10
30902954.3251352,9.16327487869939e-10,4.71191947922509e-08,1.02210714068916e-10,3.74198427477152e-13,2.2005221759071e-11,9.10343157906086e-10
31622776.6016831,9.16325452059809e-10,4.71191948384842e-08,1.02210486860564e-10,3.74234564270394e-13,2.20051728427622e-11,9.10341135391008e-10
32359365.6929621,9.16323320319446e-10,4.71191948868965e-08,1.02210248945836e-10,3.74272400054304e-13,2.20051216214481e-11,9.10339017572179e-10
33113112.1482584,9.16321088129202e-10,4.71191949375903e-08,1.02209999820311e-10,3.74312014507184e-13,2.20050679865309e-11,9.10336799959466e-10
33884415.6139195,9.16318750756557e-10,4.71191949906733e-08,1.02209738955812e-10,3.74353491024737e-13,2.2005011824298e-11,9.10334477851255e-10
34673685.0452524,9.16316303246103e-10,4.71191950462579e-08,1.02209465799288e-10,3.74396916891808e-13,2.20049530156811e-11,9.10332046324502e-10
35481338.9233568,9.16313740409056e-10,4.71191951044623e-08,1.02209179771639e-10,3.74442383461528e-13,2.20048914360045e-11,9.10329500224306e-10
36307805.4770093,9.16311056812268e-10,4.71191951654096e-08,1.02208880266494e-10,3.7448998634287e-13,2.20048269547209e-11,9.10326834153002e-10
37153522.9097164,9.1630824676673e-10,4.71191952292294e-08,1.02208566648927e-10,3.7453982559638e-13,2.2004759435135e-11,9.10324042458734e-10
38018939.6320553,9.16305304315535e-10,4.71191952960569e-08,1.0220823825411e-10,3.74592005938803e-13,2.20046887341148e-11,9.10321119223497e-10
38904514.4994272,9.1630222322127e-10,4.71191953660339e-08,1.02207894385913e-10,3.74646636956932e-13,2.2004614701788e-11,9.10318058250611e-10
39810717.0553488,9.16298996952817e-10,4.71191954393087e-08,1.02207534315424e-10,3.74703833330803e-13,2.20045371812254e-11,9.10314853051612e-10
40738027.7804104,9.16295618671542e-10,4.71191955160369e-08,1.02207157279412e-10,3.74763715066988e-13,2.20044560081088e-11,9.10311496832524e-10
41686938.3470326,9.16292081216824e-10,4.71191955963813e-08,1.02206762478708e-10,3.74826407742086e-13,2.20043710103831e-11,9.10307982479491e-10
42657951.8801583,9.16288377090914e-10,4.71191956805121e-08,1.02206349076521e-10,3.74892042757198e-13,2.20042820078929e-11,9.10304302543728e-10
43651583.2240156,9.16284498443074e-10,4.71191957686079e-08,1.02205916196661e-10,3.74960757603363e-13,2.20041888120013e-11,9.10300449225767e-10
44668359.2150953,9.16280437052984e-10,4.71191958608555e-08,1.02205462921692e-10,3.75032696138924e-13,2.20040912251908e-11,9.10296414358972e-10
45708818.9614865,9.1627618431336e-10,4.71191959574506e-08,1.02204988290992e-10,3.75108008878715e-13,2.20039890406462e-11,9.10292189392268e-10
46773514.1287188,9.16271731211758e-10,4.71191960585981e-08,1.02204491298717e-10,3.75186853296313e-13,2.2003882041817e-11,9.1028776537207e-10
47863009.2322628,9.1626706831153e-10,4.71191961645125e-08,1.02203970891683e-10,3.75269394138945e-13,2.20037700019601e-11,9.10283132923356e-10
48977881.9368435,9.16262185731884e-10,4.71191962754185e-08,1.02203425967135e-10,3.7535580375636e-13,2.20036526836604e-11,9.10278282229862e-10
50118723.3627261,9.16257073127007e-10,4.71191963915514e-08,1.02202855370419e-10,3.75446262443831e-13,2.20035298383294e-11,9.10273203013337e-10
51286138.3991353,9.16251719664212e-10,4.71191965131574e-08,1.02202257892544e-10,3.75540958799709e-13,2.20034012056798e-11,9.10267884511841e-10
52480746.0249761,9.16246114001062e-10,4.71191966404946e-08,1.02201632267627e-10,3.75640090098434e-13,2.20032665131764e-11,9.10262315457008e-10
53703179.6370241,9.1624024426142e-10,4.71191967738329e-08,1.0220097717022e-10,3.75743862679446e-13,2.200312547546e-11,9.10256484050259e-10
54954087.3857612,9.16234098010379e-10,4.71191969134553e-08,1.02200291212516e-10,3.75852492352218e-13,2.20029777937455e-11,9.10250377937896e-10
56234132.5190336,9.16227662228021e-10,4.71191970596579e-08,1.02199572941413e-10,3.75966204818775e-13,2.20028231551909e-11,9.10243984185027e-10
57543993.7337144,9.16220923281937e-10,4.71191972127508e-08,1.02198820835456e-10,3.76085236113504e-13,2.20026612322377e-11,9.10237289248272e-10
58884365.5355576,9.16213866898481e-10,4.71191973730588e-08,1.02198033301621e-10,3.76209833061478e-13,2.20024916819194e-11,9.102302789472e-10
60255958.6074344,9.16206478132659e-10,4.71191975409218e-08,1.02197208671958e-10,3.7634025375563e-13,2.20023141451388e-11,9.10222938434416e-10
61659500.1861468,9.16198741336622e-10,4.7119197716696e-08,1.02196345200074e-10,3.76476768053488e-13,2.20021282459101e-11,9.10215252164263e-10
63095734.4480179,9.1619064012669e-10,4.71191979007542e-08,1.02195441057456e-10,3.76619658094134e-13,2.20019335905672e-11,9.10207203860052e-10
64565422.9034641,9.16182157348819e-10,4.71191980934868e-08,1.02194494329609e-10,3.76769218836165e-13,2.20017297669339e-11,9.1019877647977e-10
66069344.8007581,9.16173275042477e-10,4.71191982953025e-08,1.02193503012032e-10,3.76925758617009e-13,2.20015163434553e-11,9.10189952180175e-10
67608297.5391967,9.16163974402817e-10,4.71191985066296e-08,1.02192465005993e-10,3.7708959973486e-13,2.20012928682898e-11,9.10180712279228e-10
69183097.0918921,9.16154235741096e-10,4.71191987279161e-08,1.02191378114112e-10,3.77261079053032e-13,2.20010588683574e-11,9.10171037216764e-10
70794578.4384122,9.16144038443241e-10,4.71191989596316e-08,1.02190240035736e-10,3.77440548628352e-13,2.20008138483441e-11,9.10160906513333e-10
72443596.0074974,9.16133360926489e-10,4.71191992022675e-08,1.02189048362101e-10,3.77628376363665e-13,2.20005572896607e-11,9.1015029872712e-10
74131024.1300901,9.16122180594007e-10,4.71191994563385e-08,1.02187800571267e-10,3.77824946685216e-13,2.20002886493515e-11,9.10139191408864e-10
75857757.5029167,9.16110473787398e-10,4.71191997223835e-08,1.02186494022816e-10,3.78030661245821e-13,2.2000007358954e-11,9.10127561054669e-10
77624711.6628674,9.16098215736994e-10,4.71192000009668e-08,1.02185125952306e-10,3.78245939654148e-13,2.19997128233038e-11,9.1011538305663e-10
79432823.4724264,9.16085380509848e-10,4.71192002926793e-08,1.02183693465468e-10,3.78471220230911e-13,2.19994044192855e-11,9.10102631651156e-10
81283051.6164081,9.16071940955297e-10,4.71192005981398e-08,1.02182193532124e-10,3.78706960792824e-13,2.19990814945243e-11,9.10089279864895e-10
83176377.1102652,9.16057868648006e-10,4.71192009179961e-08,1.02180622979839e-10,3.78953639464242e-13,2.19987433660178e-11,9.10075299458146e-10
85113803.8202357,9.16043133828368e-10,4.71192012529269e-08,1.02178978487265e-10,3.79211755517904e-13,2.19983893187035e-11,9.1006066086565e-10
87096358.9956061,9.16027705340133e-10,4.71192016036424e-08,1.02177256577177e-10,3.79481830244495e-13,2.19980186039606e-11,9.10045333134625e-10
89125093.8133725,9.16011550565159e-10,4.71192019708867e-08,1.02175453609198e-10,3.79764407852145e-13,2.19976304380421e-11,9.10029283859947e-10
91201083.9355889,9.15994635355136e-10,4.71192023554386e-08,1.02173565772172e-10,3.80060056396106e-13,2.19972240004339e-11,9.10012479116312e-10
93325430.079697,9.15976923960148e-10,4.71192027581139e-08,1.02171589076197e-10,3.8036936873857e-13,2.19967984321386e-11,9.09994883387274e-10
95499258.6021414,9.15958378953943e-10,4.71192031797667e-08,1.02169519344277e-10,3.80692963539818e-13,2.19963528338801e-11,9.09976459490996e-10
97723722.0955788,9.15938961155745e-10,4.71192036212914e-08,1.02167352203606e-10,3.8103148627999e-13,2.19958862642244e-11,9.09957168502577e-10
99999999.9999977,9.15918629548465e-10,4.71192040836245e-08,1.0216508307643e-10,3.81385610312382e-13,2.19953977376146e-11,9.09936969672792e-10
102329299.228073,9.15897341193141e-10,4.71192045677467e-08,1.02162707170506e-10,3.81756037948252e-13,2.19948862223152e-11,9.09915820343098e-10
104712854.805088,9.1587505113944e-10,4.71192050746848e-08,1.02160219469105e-10,3.82143501572398e-13,2.19943506382614e-11,9.09893675856713e-10
107151930.523758,9.15851712332047e-10,4.71192056055142e-08,1.02157614720574e-10,3.82548764790518e-13,2.19937898548099e-11,9.09870489465622e-10
109647819.614316,9.15827275512754e-10,4.71192061613607e-08,1.02154887427401e-10,3.82972623607429e-13,2.19932026883865e-11,9.09846212233301e-10
112201845.430194,9.1580168911806e-10,4.71192067434035e-08,1.02152031834788e-10,3.83415907635618e-13,2.19925879000252e-11,9.09820792932992e-10
114815362.149686,9.15774899172083e-10,4.71192073528772e-08,1.02149041918704e-10,3.8387948133432e-13,2.19919441927954e-11,9.09794177941305e-10
117489755.49395,9.1574684917457e-10,4.71192079910744e-08,1.0214591137338e-10,3.8436424527777e-13,2.1991270209111e-11,9.09766311126968e-10
120226443.461738,9.15717479983796e-10,4.71192086593489e-08,1.02142633598242e-10,3.84871137452209e-13,2.19905645279165e-11,9.09737133734487e-10
123026877.081235,9.15686729694123e-10,4.71192093591182e-08,1.02139201684248e-10,3.85401134580425e-13,2.19898256617451e-11,9.09706584262505e-10
125892541.179414,9.15654533507983e-10,4.71192100918665e-08,1.02135608399598e-10,3.85955253472862e-13,2.19890520536428e-11,9.0967459833662e-10
128824955.16931,9.15620823602048e-10,4.71192108591483e-08,1.02131846174798e-10,3.86534552403564e-13,2.19882420739524e-11,9.0964110857643e-10
131825673.855638,9.15585528987318e-10,4.71192116625908e-08,1.02127907087044e-10,3.87140132509667e-13,2.1987394016952e-11,9.09606044456537e-10
134896288.259162,9.15548575362884e-10,4.71192125038984e-08,1.02123782843905e-10,3.87773139212175e-13,2.19865060973411e-11,9.0956933216126e-10
138038426.460285,9.15509884963079e-10,4.71192133848556e-08,1.0211946476626e-10,3.8843476365642e-13,2.19855764465679e-11,9.09530894432789e-10
141253754.462272,9.15469376397731e-10,4.7119214307331e-08,1.02114943770468e-10,3.89126244169322e-13,2.19846031089908e-11,9.09490650412478e-10
144543977.074589,9.15426964485231e-10,4.71192152732813e-08,1.02110210349743e-10,3.89848867731121e-13,2.19835840378675e-11,9.09448515475003e-10
147910838.816817,9.15382560078103e-10,4.71192162847553e-08,1.02105254554681e-10,3.90603971458329e-13,2.19825170911637e-11,9.09404401055075e-10
151356124.843617,9.15336069880762e-10,4.71192173438987e-08,1.02100065972925e-10,3.91392944095204e-13,2.19814000271742e-11,9.09358214466385e-10
154881661.891244,9.15287396259127e-10,4.71192184529578e-08,1.0209463370791e-10,3.9221722750939e-13,2.1980230499948e-11,9.09309858712461e-10
158489319.246108,9.15236437041754e-10,4.71192196142852e-08,1.02088946356675e-10,3.93078318188516e-13,2.19790060545103e-11,9.09259232289098e-10
162181009.735889,9.15183085312124e-10,4.71192208303443e-08,1.02082991986678e-10,3.93977768733267e-13,2.19777241218714e-11,9.09206228978006e-10
165958690.743752,9.15127229191733e-10,4.71192221037144e-08,1.02076758111587e-10,3.94917189342361e-13,2.19763820138144e-11,9.09150737631315e-10
169824365.24617,9.15068751613599e-10,4.71192234370965e-08,1.02070231666001e-10,3.95898249284416e-13,2.19749769174535e-11,9.09092641946559e-10
173780082.874933,9.15007530085795e-10,4.71192248333189e-08,1.02063398979059e-10,3.96922678351847e-13,2.19735058895518e-11,9.09031820231755e-10
177827941.003888,9.14943436444606e-10,4.71192262953431e-08,1.02056245746895e-10,3.97992268290701e-13,2.19719658505904e-11,9.08968145160175e-10
181970085.860994,9.14876336596894e-10,4.71192278262703e-08,1.02048757003876e-10,3.99108874201061e-13,2.19703535785773e-11,9.08901483514389e-10
186208713.666282,9.14806090251246e-10,4.71192294293477e-08,1.02040917092602e-10,4.00274415901039e-13,2.1968665702588e-11,9.08831695919168e-10
190546071.79632,9.14732550637448e-10,4.71192311079758e-08,1.02032709632596e-10,4.01490879248657e-13,2.19668986960245e-11,9.08758636562797e-10
194984459.9758,9.14655564213851e-10,4.7119232865715e-08,1.02024117487641e-10,4.02760317413748e-13,2.1965048869584e-11,9.08682152906345e-10
199526231.496883,9.14574970362149e-10,4.71192347062938e-08,1.02015122731721e-10,4.04084852093628e-13,2.19631123639249e-11,9.08602085380437e-10
204173794.466948,9.14490601069092e-10,4.71192366336162e-08,1.0200570661349e-10,4.05466674664452e-13,2.19610851420188e-11,9.08518267069051e-10
208929613.085399,9.14402280594641e-10,4.71192386517704e-08,1.01995849519241e-10,4.0690804726062e-13,2.1958962981177e-11,9.08430523379835e-10
213796208.950218,9.1430982512607e-10,4.71192407650371e-08,1.01985530934299e-10,4.08411303774848e-13,2.19567414647389e-11,9.08338671700468e-10
218776162.39495,9.14213042417488e-10,4.71192429778987e-08,1.0197472940279e-10,4.09978850769917e-13,2.19544159734104e-11,9.0824252104054e-10
223872113.856829,9.14111731414269e-10,4.71192452950491e-08,1.01963422485722e-10,4.11613168295059e-13,2.19519816762395e-11,9.08141871658431e-10
229086765.276772,9.14005681861847e-10,4.71192477214032e-08,1.01951586717326e-10,4.13316810597687e-13,2.19494335212163e-11,9.0803651467266e-10
234422881.531987,9.13894673898332e-10,4.71192502621075e-08,1.01939197559585e-10,4.15092406722639e-13,2.19467662254842e-11,9.07926231657168e-10
239883291.901943,9.13778477630408e-10,4.71192529225512e-08,1.01926229354906e-10,4.1694266099076e-13,2.19439742651491e-11,9.07810794219977e-10
245470891.568497,9.13656852691938e-10,4.71192557083775e-08,1.01912655276849e-10,4.18870353348266e-13,2.19410518646738e-11,9.07689963564685e-10
251188643.150952,9.13529547784722e-10,4.71192586254953e-08,1.01898447278879e-10,4.20878339579265e-13,2.19379929858426e-11,9.07563490034217e-10
257039578.27688,9.13396300200845e-10,4.71192616800923e-08,1.01883576041051e-10,4.2296955137319e-13,2.19347913162842e-11,9.07431112636298e-10
263026799.189532,9.13256835326041e-10,4.71192648786476e-08,1.01868010914583e-10,4.25146996240111e-13,2.19314402575381e-11,9.07292558550054e-10
269153480.392685,9.13110866123499e-10,4.71192682279456e-08,1.01851719864242e-10,4.27413757266118e-13,2.19279329126514e-11,9.07147542613196e-10
275422870.33381,9.12958092597559e-10,4.71192717350907e-08,1.01834669408489e-10,4.29772992702443e-13,2.19242620732917e-11,9.06995766789213e-10
281838293.126438,9.12798201236734e-10,4.71192754075219e-08,1.01816824557314e-10,4.32227935382201e-13,2.19204202063638e-11,9.06836919614034e-10
288403150.312653,9.12630864435493e-10,4.71192792530288e-08,1.01798148747703e-10,4.34781891958328e-13,2.19163994401161e-11,9.06670675621586e-10
295120922.666631,9.1245573989429e-10,4.71192832797682e-08,1.0177860377667e-10,4.374382419581e-13,2.19121915497234e-11,9.06496694747741e-10
301995172.040194,9.12272469997283e-10,4.71192874962812e-08,1.01758149731812e-10,4.40200436649797e-13,2.19077879423345e-11,9.06314621712103e-10
309029543.251351,9.1208068116728e-10,4.71192919115115e-08,1.01736744919306e-10,4.43071997717469e-13,2.19031796415723e-11,9.06124085377156e-10
316227766.01683,9.11879983197384e-10,4.71192965348243e-08,1.0171434578932e-10,4.46056515740713e-13,2.18983572714737e-11,9.05924698084288e-10
323593656.92962,9.11669968558928e-10,4.71193013760262e-08,1.01690906858764e-10,4.49157648477882e-13,2.18933110398598e-11,9.05716054966234e-10
331131121.482583,9.11450211685264e-10,4.71193064453858e-08,1.01666380631358e-10,4.52379118950027e-13,2.18880307211266e-11,9.05497733235548e-10
338844156.139194,9.11220268231031e-10,4.71193117536557e-08,1.01640717514958e-10,4.55724713326391e-13,2.18825056384446e-11,9.05269291448708e-10
346736850.452523,9.10979674306595e-10,4.71193173120954e-08,1.01613865736104e-10,4.591982786101e-13,2.18767246453643e-11,9.05030268745552e-10
354813389.233567,9.10727945687369e-10,4.71193231324949e-08,1.01585771251776e-10,4.62803720126054e-13,2.18706761068155e-11,9.04780184063768e-10
363078054.770092,9.10464576997832e-10,4.71193292271998e-08,1.01556377658317e-10,4.66544998811765e-13,2.18643478795004e-11,9.04518535328232e-10
371535229.097163,9.10189040870095e-10,4.71193356091375e-08,1.0152562609752e-10,4.70426128313851e-13,2.18577272916741e-11,9.04244798615082e-10
380189396.320552,9.0990078707699e-10,4.71193422918448e-08,1.01493455159867e-10,4.74451171892657e-13,2.1850801122313e-11,9.03958427290457e-10
389045144.994271,9.09599241639709e-10,4.71193492894964e-08,1.01459800784929e-10,4.78624239138469e-13,2.18435555796717e-11,9.03658851123969e-10
398107170.553487,9.09283805910164e-10,4.71193566169348e-08,1.01424596158942e-10,4.82949482502776e-13,2.18359762792321e-11,9.03345475377056e-10
407380277.804102,9.08953855628331e-10,4.71193642897023e-08,1.01387771609599e-10,4.87431093648774e-13,2.18280482210514e-11,9.03017679866478e-10
416869383.470325,9.08608739954985e-10,4.71193723240735e-08,1.01349254498076e-10,4.92073299624851e-13,2.18197557665189e-11,9.02674818003375e-10
426579518.801582,9.08247780480387e-10,4.71193807370899e-08,1.01308969108397e-10,4.96880358865308e-13,2.1811082614534e-11,9.02316215808423e-10
436515832.240155,9.07870270209633e-10,4.71193895465963e-08,1.01266836534175e-10,5.01856557021907e-13,2.18020117771241e-11,9.01941170903811e-10
446683592.150952,9.07475472525569e-10,4.71193987712783e-08,1.01222774562853e-10,5.07006202630363e-13,2.17925255545228e-11,9.01548951482929e-10
457088189.614864,9.07062620130368e-10,4.71194084307023e-08,1.0117669755757e-10,5.12333622614238e-13,2.17826055097351e-11,9.01138795258854e-10
467735141.287186,9.06630913967084e-10,4.71194185453566e-08,1.01128516336779e-10,5.17843157628857e-13,2.17722324426214e-11,9.00709908392952e-10
478630092.322626,9.06179522122749e-10,4.71194291366951e-08,1.01078138051814e-10,5.2353915724739e-13,2.17613863635375e-11,9.00261464405136e-10
489778819.368434,9.05707578714831e-10,4.71194402271829e-08,1.01025466062591e-10,5.29425974988778e-13,2.1750046466575e-11,8.99792603067594e-10
501187233.62726,9.05214182763155e-10,4.71194518403435e-08,1.00970399811693e-10,5.35507963188346e-13,2.17381911024513e-11,8.9930242928408e-10
512861383.991352,9.04698397049723e-10,4.71194640008093e-08,1.00912834697091e-10,5.41789467708407e-13,2.17257977511093e-11,8.98790011957179e-10
524807460.249759,9.04159246969175e-10,4.71194767343733e-08,1.00852661943833e-10,5.4827482248659e-13,2.17128429940908e-11,8.98254382846274e-10
537031796.370239,9.03595719373028e-10,4.71194900680443e-08,1.00789768475025e-10,5.54968343917135e-13,2.16993024867612e-11,8.97694535419335e-10
549540873.85761,9.0300676141121e-10,4.71195040301036e-08,1.00724036782513e-10,5.61874325059648e-13,2.16851509304678e-11,8.97109423702016e-10
562341325.190335,9.02391279374844e-10,4.71195186501654e-08,1.00655344797702e-10,5.68997029667477e-13,2.16703620447279e-11,8.96497961127996e-10
575439937.337142,9.01748137544675e-10,4.71195339592396e-08,1.00583565763002e-10,5.76340686027049e-13,2.16549085395522e-11,8.9585901939493e-10
588843655.355574,9.01076157050045e-10,4.71195499897974e-08,1.00508568104446e-10,5.83909480597386e-13,2.16387620880204e-11,8.95191427330874e-10
602559586.074342,9.00374114743841e-10,4.71195667758403e-08,1.00430215306093e-10,5.91707551437703e-13,2.16218932992411e-11,8.94493969776575e-10
616595001.861466,8.99640742099375e-10,4.71195843529719e-08,1.00348365786869e-10,5.99738981409698e-13,2.16042716918366e-11,8.93765386489563e-10
630957344.480177,8.98874724135781e-10,4.71196027584739e-08,1.00262872780596e-10,6.08007791139246e-13,2.15858656681133e-11,8.9300437107656e-10
645654229.034639,8.98074698379118e-10,4.71196220313849e-08,1.0017358421999e-10,6.16517931721781e-13,2.15666424890887e-11,8.9220956996137e-10
660693448.007579,8.97239253867034e-10,4.71196422125829e-08,1.00080342625528e-10,6.25273277153297e-13,2.15465682505644e-11,8.91379581396041e-10
676082975.391964,8.96366930205529e-10,4.71196633448727e-08,9.99829850001229e-11,6.3427761646994e-13,2.15256078604499e-11,8.90512954523792e-10
691830970.918918,8.95456216687115e-10,4.7119685473076e-08,9.98813427306394e-11,6.43534645576116e-13,2.15037250175606e-11,8.89608188502925e-10
707945784.38412,8.94505551480368e-10,4.71197086441267e-08,9.9775241497381e-11,6.53047958742704e-13,2.14808821921309e-11,8.88663731701675e-10
724435960.074971,8.93513320901711e-10,4.71197329071705e-08,9.96645011927451e-11,6.62821039755785e-13,2.14570406083006e-11,8.8767798097475e-10
741310241.300898,8.92477858781033e-10,4.71197583136691e-08,9.9548935850346e-11,6.72857252696429e-13,2.1432160228856e-11,8.86649281033083e-10
758577575.029164,8.91397445933589e-10,4.71197849175093e-08,9.94283535859935e-11,6.83159832333267e-13,2.14061997425232e-11,8.85575923919192e-10
776247116.628671,8.9027030975148e-10,4.71198127751171e-08,9.93025565520112e-11,6.93731874109919e-13,2.13791165541329e-11,8.84456148601322e-10
794328234.724261,8.89094623928851e-10,4.71198419455775e-08,9.91713409064713e-11,7.04576323710718e-13,2.13508667779967e-11,8.83288140700434e-10
812830516.164078,8.87868508335798e-10,4.71198724907601e-08,9.90344967990203e-11,7.15695966190187e-13,2.1321405234856e-11,8.82070032364945e-10
831763771.102649,8.86590029056855e-10,4.71199044754496e-08,9.8891808375063e-11,7.27093414653554e-13,2.12906854527822e-11,8.80799902308954e-10
851138038.202354,8.85257198610716e-10,4.71199379674837e-08,9.87430538001675e-11,7.38771098478357e-13,2.12586596724314e-11,8.79475776030531e-10
870963589.956058,8.83867976368703e-10,4.71199730378969e-08,9.8588005306642e-11,7.50731251070277e-13,2.12252788570717e-11,8.78095626227458e-10
891250938.133722,8.82420269190236e-10,4.71200097610708e-08,9.84264292643206e-11,7.62975897149987e-13,2.11904927078229e-11,8.76657373428539e-10
912010839.355886,8.80911932294277e-10,4.71200482148922e-08,9.82580862776772e-11,7.75506839571655e-13,2.11542496845646e-11,8.75158886859358e-10
933254300.796966,8.79340770386375e-10,4.7120088480918e-08,9.8082731311455e-11,7.88325645678724e-13,2.11164970329833e-11,8.73597985561964e-10
954992586.021411,8.77704539061501e-10,4.7120130644548e-08,9.79001138470659e-11,8.01433633207584e-13,2.10771808182438e-11,8.71972439788541e-10
977237220.955785,8.76000946503315e-10,4.71201747952065e-08,9.7709978072062e-11,8.14831855755203e-13,2.10362459657811e-11,8.7027997268958e-10
999999999.999973,8.7422765550084e-10,4.71202210265313e-08,9.75120631050207e-11,8.28521087833419e-13,2.09936363097169e-11,8.68518262317379e-10
1023292992.28073,8.72382285803696e-10,4.71202694365723e-08,9.73061032582033e-11,8.42501809539125e-13,2.09492946494075e-11,8.66684943965902e-10
1047128548.05087,8.7046241683708e-10,4.71203201279999e-08,9.70918283403505e-11,8.56774190876571e-13,2.09031628146339e-11,8.64777612868019e-10
1071519305.23758,8.68465590797457e-10,4.71203732083219e-08,9.6868964001956e-11,8.71338075776289e-13,2.08551817399363e-11,8.62793827270986e-10
1096478196.14316,8.66389316149564e-10,4.71204287901122e-08,9.66372321253146e-11,8.861929658628e-13,2.08052915485892e-11,8.60731111910608e-10
1122018454.30193,8.64231071544629e-10,4.71204869912485e-08,9.6396351261568e-11,9.01338004032286e-13,2.07534316466935e-11,8.58586961903873e-10
1148153621.49685,8.6198831017881e-10,4.71205479351632e-08,9.61460371168676e-11,9.16771957910095e-13,2.06995408278443e-11,8.56358847078919e-10
1174897554.9395,8.59658464609583e-10,4.71206117511043e-08,9.58860030896339e-11,9.32493203267348e-13,2.06435573887986e-11,8.54044216759976e-10
1202264434.61738,8.57238952046276e-10,4.71206785744096e-08,9.56159608607179e-11,9.48499707485652e-13,2.05854192565331e-11,8.51640505023344e-10
1230268770.81235,8.54727180128975e-10,4.71207485467937e-08,9.53356210380556e-11,9.64789013168238e-13,2.05250641270333e-11,8.49145136438559e-10
1258925411.79413,8.52120553207738e-10,4.71208218166481e-08,9.50446938571442e-11,9.81358222006163e-13,2.0462429616101e-11,8.46555532306599e-10
1288249551.6931,8.49416479131333e-10,4.71208985393559e-08,9.47428899383704e-11,9.98203979016964e-13,2.03974534224017e-11,8.43869117404289e-10
1318256738.55637,8.4661237655155e-10,4.71209788776213e-08,9.44299211018675e-11,1.01532245728408e-12,2.03300735028973e-11,8.41083327240906e-10
1348962882.59162,8.43705682745583e-10,4.71210630018138e-08,9.41055012401761e-11,1.03270934333306e-12,2.02602282607238e-11,8.3819561582948e-10
1380384264.60285,8.40693861954917e-10,4.712115109033e-08,9.37693472485398e-11,1.05035982329041e-12,2.01878567454765e-11,8.35203463971218e-10
1412537544.62272,8.37574414234688e-10,4.71212433299711e-08,9.34211800121583e-11,1.06826856997837e-12,2.01128988657594e-11,8.32104388047073e-10
1445439770.74589,8.34344884802541e-10,4.71213399163389e-08,9.30607254491775e-11,1.08642973110615e-12,2.00352956137327e-11,8.2889594930555e-10
1479108388.16817,8.31002873870657e-10,4.71214410542503e-08,9.26877156075915e-11,1.10483691872477e-12,1.99549893012679e-11,8.25575763630514e-10
1513561248.43617,8.27546046938802e-10,4.71215469581714e-08,9.23018898135909e-11,1.12348320011671e-12,1.9871923807179e-11,8.2214151176703e-10
1548816618.91244,8.23972145520133e-10,4.71216578526716e-08,9.19029958681987e-11,1.14236109029609e-12,1.97860448348497e-11,8.18590949977114e-10
1584893192.46107,8.20278998264964e-10,4.71217739728996e-08,9.14907912883155e-11,1.1614625462956e-12,1.96973001794206e-11,8.14921921090852e-10
1621810097.35889,8.16464532440888e-10,4.71218955650816e-08,9.10650445875318e-11,1.18077896341764e-12,1.96056400035398e-11,8.11132365911557e-10
1659586907.43752,8.12526785720717e-10,4.71220228870425e-08,9.062553659129e-11,1.20030117362328e-12,1.95110171205069e-11,8.07220334926714e-10
1698243652.4617,8.08463918222473e-10,4.71221562087525e-08,9.01720617801778e-11,1.22001944623013e-12,1.94133872834747e-11,8.03184000269351e-10
1737800828.74933,8.04274224738562e-10,4.71222958128989e-08,8.97044296543357e-11,1.23992349108105e-12,1.9312709479196e-11,7.99021667867345e-10
1778279410.03887,7.99956147084101e-10,4.71224419954841e-08,8.92224661111671e-11,1.26000246433754e-12,1.92089462246349e-11,7.94731789711102e-10
1819700858.60993,7.95508286487443e-10,4.71225950664538e-08,8.8726014827764e-11,1.280244977039e-12,1.91020638645926e-11,7.90312976163167e-10
1862087136.66282,7.90929415939317e-10,4.71227553503519e-08,8.82149386387245e-11,1.30063910655305e-12,1.89920328683417e-11,7.85764008226717e-10
1905460717.96319,7.86218492410824e-10,4.71229231870088e-08,8.76891208993441e-11,1.32117241102518e-12,1.88788281231113e-11,7.81083849683763e-10
1949844599.75799,7.81374668844906e-10,4.71230989322605e-08,8.71484668235422e-11,1.34183194691433e-12,1.87624292221327e-11,7.76271659008303e-10
1995262314.96882,7.76397305821052e-10,4.71232829587016e-08,8.65929047853374e-11,1.36260428967759e-12,1.86428207448381e-11,7.71326800954855e-10
2041737944.66947,7.71285982789014e-10,4.71234756564748e-08,8.60223875722438e-11,1.38347555764079e-12,1.85199925267069e-11,7.66248857718808e-10
2089296130.85398,7.66040508764333e-10,4.71236774340963e-08,8.54368935786263e-11,1.40443143906316e-12,1.83939399161872e-11,7.61037639562096e-10
2137962089.50217,7.6066093237666e-10,4.71238887193205e-08,8.48364279268523e-11,1.42545722237288e-12,1.82646640160711e-11,7.55693194795897e-10
2187761623.94949,7.55147551161337e-10,4.71241099600451e-08,8.42210235040181e-11,1.4465378295181e-12,1.81321719066945e-11,7.50215819011539e-10
2238721138.56828,7.495009199856e-10,4.71243416252591e-08,8.35907419021266e-11,1.46765785234292e-12,1.79964768483505e-11,7.44606063451667e-10
2290867652.76771,7.43721858503082e-10,4.71245842060353e-08,8.29456742498559e-11,1.48880159186342e-12,1.78575984603632e-11,7.38864742416068e-10
2344228815.31986,7.37811457534286e-10,4.71248382165687e-08,8.2285941924498e-11,1.50995310028226e-12,1.7715562874363e-11,7.32992939600474e-10
2398832919.01942,7.31771084276183e-10,4.71251041952645e-08,8.16116971332632e-11,1.5310962255453e-12,1.75704028594368e-11,7.26992013272137e-10
2454708915.68496,7.25602386251258e-10,4.7125382705877e-08,8.09231233539432e-11,1.55221465820822e-12,1.74221579170003e-11,7.20863600193083e-10
2511886431.50951,7.19307293915085e-10,4.71256743387014e-08,8.02204356259035e-11,1.5732919803478e-12,1.72708743434456e-11,7.14609618210663e-10
2570395782.76879,7.12888021851772e-10,4.71259797118224e-08,7.95038806835206e-11,1.5943117162206e-12,1.71166052588702e-11,7.08232267445191e-10
2630267991.89531,7.063470684984e-10,4.71262994724207e-08,7.87737369254935e-11,1.61525738434273e-12,1.69594106004693e-11,7.01734030016176e-10
2691534803.92684,6.99687214352577e-10,4.71266342981411e-08,7.80303142149109e-11,1.63611255063857e-12,1.67993570794922e-11,6.95117668261589e-10
2754228703.33809,6.92911518631518e-10,4.71269848985247e-08,7.72739535065466e-11,1.65686088228424e-12,1.66365181010012e-11,6.88386221418759e-10
2818382931.26437,6.86023314366185e-10,4.7127352016508e-08,7.65050262995463e-11,1.67748620185388e-12,1.64709736460397e-11,6.81543000750551e-10
2884031503.12652,6.79026201929985e-10,4.71277364299933e-08,7.57239339154478e-11,1.69797254136386e-12,1.63028101161945e-11,6.74591583116328e-10
2951209226.6663,6.71924041017894e-10,4.71281389534908e-08,7.49311066033052e-11,1.7183041958024e-12,1.61321201409363e-11,6.67535803003457e-10
3019951720.40193,6.64720941108562e-10,4.71285604398399e-08,7.41270024755455e-11,1.73846577572987e-12,1.59590023485167e-11,6.603797430517e-10
3090295432.5135,6.57421250458439e-10,4.71290017820093e-08,7.33121062800323e-11,1.75844225853825e-12,1.57835611016028e-11,6.53127723119222e-10
3162277660.16829,6.50029543693254e-10,4.71294639149822e-08,7.24869280156205e-11,1.77821903796733e-12,1.56059061992161e-11,6.45784287955098e-10
3235936569.29619,6.42550608077684e-10,4.71299478177299e-08,7.16520014002234e-11,1.79778197149013e-12,1.54261525469185e-11,6.38354193558659e-10
3311311214.82582,6.34989428558736e-10,4.71304545152774e-08,7.0807882202048e-11,1.81711742519976e-12,1.52444197975396e-11,6.30842392320547e-10
3388441561.39193,6.27351171691814e-10,4.71309850808657e-08,6.99551464461551e-11,1.83621231585531e-12,1.50608319650617e-11,6.23254017053753e-10
3467368504.52522,6.19641168570454e-10,4.71315406382156e-08,6.90943885098445e-11,1.85505414977458e-12,1.48755170145705e-11,6.1559436403484e-10
3548133892.33565,6.11864896891148e-10,4.71321223638964e-08,6.82262191215246e-11,1.87363105829483e-12,1.4688606431426e-11,6.07868875185888e-10
3630780547.70091,6.04027962293215e-10,4.71327314898065e-08,6.73512632786835e-11,1.89193182956129e-12,1.4500234773017e-11,6.00083119536234e-10
3715352290.97162,5.96136079120314e-10,4.71333693057694e-08,6.64701581013169e-11,1.90994593644292e-12,1.43105392066196e-11,5.92242774109623e-10
3801893963.2055,5.88195050754769e-10,4.71340371622502e-08,6.55835506376787e-11,1.92766356041832e-12,1.41196590369916e-11,5.84353604386965e-10
3890451449.94269,5.80210749678356e-10,4.71347364732001e-08,6.46920956394965e-11,1.94507561131836e-12,1.39277352273919e-11,5.76421444497333e-10
3981071705.53486,5.72189097413543e-10,4.71354687190328e-08,6.37964533238351e-11,1.96217374285684e-12,1.37349099177266e-11,5.68452177290209e-10
4073802778.04101,5.64136044497501e-10,4.713623544974e-08,6.28972871386011e-11,1.97895036392561e-12,1.35413259434783e-11,5.60451714440272e-10
4168693834.70323,5.56057550637512e-10,4.71370382881518e-08,6.1995261548271e-11,1.99539864567348e-12,1.33471263589892e-11,5.52425976732406e-10
4265795188.0158,5.47959565190831e-10,4.71378789333498e-08,6.10910398558058e-11,2.01151252443092e-12,1.31524539685352e-11,5.44380874669042e-10
4365158322.40153,5.39848008104808e-10,4.71387591642378e-08,6.01852820759037e-11,2.02728670058199e-12,1.2957450868453e-11,5.36322289534752e-10
4466835921.5095,5.31728751444268e-10,4.71396808432798e-08,5.92786428737611e-11,2.04271663352222e-12,1.27622580033699e-11,5.28256055044271e-10
4570881896.14862,5.23607601623038e-10,4.71406459204115e-08,5.83717695823839e-11,2.0577985328744e-12,1.25670147393456e-11,5.20187939690061e-10
4677351412.87185,5.15490282445273e-10,4.71416564371328e-08,5.74653003102372e-11,2.07252934616462e-12,1.23718584564628e-11,5.12123629894388e-10
4786300923.22624,5.07382419050148e-10,4.71427145307921e-08,5.6559862149675e-11,2.08690674318653e-12,1.21769241631152e-11,5.04068714058868e-10
4897788193.68432,4.99289522840781e-10,4.71438224390672e-08,5.56560694951705e-11,2.10092909730341e-12,1.19823441339348e-11,4.96028667591811e-10
5011872336.27258,4.9121697746512e-10,4.71449825046559e-08,5.47545224789081e-11,2.11459546395539e-12,1.17882475729859e-11,4.88008838980665e-10
5128613839.9135,4.83170025903296e-10,4.71461971801831e-08,5.38558055298154e-11,2.1279055566516e-12,1.15947603035355e-11,4.80014436963694e-10
5248074602.49757,4.75153758702708e-10,4.71474690333351e-08,5.29604860606424e-11,2.1408597207363e-12,1.14020044853909e-11,4.72050518841896e-10
5370317963.70237,4.67173103389172e-10,4.71488007522314e-08,5.206911328625e-11,2.15345890522231e-12,1.12100983604857e-11,4.64121979959305e-10
5495408738.57609,4.59232815069987e-10,4.71501951510452e-08,5.11822171748753e-11,2.16570463298573e-12,1.10191560270948e-11,4.56233544367424e-10
5623413251.90333,4.51337468232835e-10,4.71516551758831e-08,5.03003075328141e-11,2.1775989696132e-12,1.08292872427735e-11,4.48389756677682e-10
5754399373.3714,4.43491449733324e-10,4.71531839109359e-08,4.94238732217177e-11,2.18914449118657e-12,1.06405972558466e-11,4.40594975094774e-10
5888436553.55572,4.35698952953641e-10,4.71547845849136e-08,4.8553381506549e-11,2.20034425128046e-12,1.04531866650287e-11,4.32853365613461e-10
6025595860.7434,4.2796397310546e-10,4.71564605777753e-08,4.76892775312027e-11,2.21120174743662e-12,1.02671513065287e-11,4.25168897352151e-10
6165950018.61464,4.20290303641854e-10,4.71582154277702e-08,4.68319839178575e-11,2.22172088736482e-12,1.00825821677931e-11,4.17545338988244e-10
6309573444.80175,4.12681533735663e-10,4.71600528388006e-08,4.5981900485314e-11,2.23190595510422e-12,9.89956532686657e-12,4.09986256252968e-10
6456542290.34637,4.051410467755e-10,4.71619766881235e-08,4.5139404080872e-11,2.24176157736194e-12,9.71818191619591e-12,4.02495010437205e-10
6606934480.07577,3.97672019825354e-10,4.71639910344047e-08,4.43048485197187e-11,2.2512926902273e-12,9.53850810958111e-12,3.95074757854621e-10
6760829753.91962,3.90277423989559e-10,4.71661001261413e-08,4.34785646253338e-11,2.26050450644133e-12,9.36061513087398e-12,3.87728450204256e-10
6918309709.18916,3.8296002562173e-10,4.71683084104692e-08,4.26608603640578e-11,2.26940248338166e-12,9.18456928294989e-12,3.80458835771559e-10
7079457843.84117,3.7572238831398e-10,4.71706205423723e-08,4.18520210667224e-11,2.27799229190384e-12,9.01043199542311e-12,3.73268461404611e-10
7244359600.74969,3.6856687560137e-10,4.71730413943108e-08,4.10523097300858e-11,2.28627978616082e-12,8.83825988954355e-12,3.66159675200923e-10
7413102413.00896,3.61495654316e-10,4.71755760662879e-08,4.02619673907534e-11,2.29427097450382e-12,8.66810485869921e-12,3.59134629839609e-10
7585775750.29161,3.54510698525284e-10,4.71782298963724e-08,3.94812135642844e-11,2.30197199154974e-12,8.50001416295267e-12,3.52195286493951e-10
7762471166.28669,3.47613793989828e-10,4.71810084716996e-08,3.87102467422778e-11,2.30938907148309e-12,8.33403053605993e-12,3.45343419260155e-10
7943282347.24258,3.40806543077696e-10,4.71839176399674e-08,3.79492449403869e-11,2.31652852264445e-12,8.17019230345405e-12,3.38580620039529e-10
8128305161.64075,3.340903700738e-10,4.71869635214536e-08,3.71983662904278e-11,2.32339670344192e-12,8.00853350972172e-12,3.31908303813197e-10
8317637711.02647,3.2746652682545e-10,4.71901525215723e-08,3.64577496700029e-11,2.32999999960855e-12,7.84908405415661e-12,3.25327714250777e-10
8511380382.02351,3.20936098667789e-10,4.71934913439958e-08,3.57275153633639e-11,2.33634480281551e-12,7.69186983303838e-12,3.18839929597118e-10
8709635899.56055,3.14500010575793e-10,4.71969870043637e-08,3.50077657475647e-11,2.34243749063945e-12,7.53691288735633e-12,3.12445868784128e-10
8912509381.33719,3.08159033492663e-10,4.72006468446057e-08,3.4298585998308e-11,2.34828440787197e-12,7.38423155477308e-12,3.0614629771783e-10
9120108393.55883,3.01913790787753e-10,4.72044785479028e-08,3.36000448102595e-11,2.35389184915011e-12,7.23384062470295e-12,2.9994183569412e-10
9332543007.96963,2.95764764800577e-10,4.72084901543136e-08,3.29121951269814e-11,2.35926604287866e-12,7.08575149546124e-12,2.93832961900035e-10
9549925860.21408,2.89712303430857e-10,4.72126900770941e-08,3.22350748760207e-11,2.36441313640808e-12,6.9399723325235e-12,2.87820021960763e-10
9772372209.55782,2.83756626738043e-10,4.72170871197388e-08,3.15687077050726e-11,2.36933918242648e-12,6.79650822701599e-12,2.81903234496065e-10
9999999999.9997,2.77897833517093e-10,4.72216904937725e-08,3.0913103715515e-11,2.37405012651862e-12,6.6553613536405e-12,2.76082697653108e-10
10232929922.8072,2.7213590782065e-10,4.7226509837324e-08,3.02682601899856e-11,2.37855179584168e-12,6.51653112731619e-12,2.70358395586048e-10
10471285480.5087,2.66470725400948e-10,4.72315552345123e-08,2.9634162311026e-11,2.38284988886404e-12,6.38001435789855e-12,2.64730204855871e-10
10715193052.3757,2.60902060047903e-10,4.72368372356788e-08,2.90107838681682e-11,2.38694996611147e-12,6.2458054024099e-12,2.59197900727086e-10
10964781961.4315,2.55429589802751e-10,4.72423668784969e-08,2.83980879511642e-11,2.39085744186337e-12,6.11389631428672e-12,2.53761163340788e-10
11220184543.0193,2.50052903029445e-10,4.72481557099963e-08,2.77960276273743e-11,2.39457757674105e-12,5.9842769892164e-12,2.48419583746404e-10
11481536214.9685,2.44771504328606e-10,4.72542158095344e-08,2.72045466016221e-11,2.39811547112961e-12,5.85693530719916e-12,2.4317266977702e-10
11748975549.3949,2.39584820281318e-10,4.72605598127533e-08,2.6623579857098e-11,2.40147605937533e-12,5.73185727052995e-12,2.38019851755669e-10
12022644346.1738,2.34492205012312e-10,4.72672009365576e-08,2.60530542761502e-11,2.40466410470116e-12,5.60902713745023e-12,2.32960488022186e-10
12302687708.1234,2.29492945564218e-10,4.72741530051537e-08,2.54928892400354e-11,2.40768419478373e-12,5.48842755126989e-12,2.27993870272358e-10
12589254117.9413,2.24586267076484e-10,4.72814304771865e-08,2.49429972069189e-11,2.41054073793718e-12,5.37003966480649e-12,2.23119228703029e-10
12882495516.931,2.19771337764324e-10,4.72890484740163e-08,2.44032842676094e-11,2.41323795985007e-12,5.25384326003088e-12,2.18335736958527e-10
13182567385.5637,2.15047273694654e-10,4.72970228091742e-08,2.38736506786936e-11,2.41577990082414e-12,5.13981686284727e-12,2.13642516875416e-10
13489628825.9161,2.10413143357426e-10,4.73053700190387e-08,2.33539913728955e-11,2.41817041346542e-12,5.0279378529698e-12,2.09038643023976e-10
13803842646.0284,2.05867972032031e-10,4.73141073947741e-08,2.2844196446629e-11,2.42041316078029e-12,4.91818256888905e-12,2.04523147046096e-10
14125375446.2271,2.0141074594961e-10,4.73232530155756e-08,2.23441516248387e-11,2.42251161463171e-12,4.81052640794901e-12,2.00095021790399e-10
14454397707.4588,1.97040416253083e-10,4.73328257832608e-08,2.18537387033392e-11,2.42446905451298e-12,4.70494392157936e-12,1.95753225246413e-10
14791083881.6816,1.92755902757609e-10,4.73428454582539e-08,2.13728359689567e-11,2.42628856659877e-12,4.60140890574904e-12,1.91496684280482e-10
15135612484.3616,1.88556097514931e-10,4.73533326970036e-08,2.09013185978651e-11,2.42797304303588e-12,4.49989448672502e-12,1.87324298176829e-10
15488166189.1243,1.84439868185716e-10,4.73643090908811e-08,2.04390590325784e-11,2.42952518143836e-12,4.40037320223613e-12,1.83234941987878e-10
15848931924.6107,1.80406061224523e-10,4.73757972065981e-08,1.99859273381248e-11,2.43094748455414e-12,4.30281707815463e-12,1.79227469698428e-10
16218100973.5888,1.76453504882515e-10,4.73878206281919e-08,1.95417915379749e-11,2.43224226007302e-12,4.20719770081929e-12,1.75300717208757e-10
16595869074.3751,1.72581012033365e-10,4.74004040006164e-08,1.91065179303419e-11,2.43341162054776e-12,4.11348628513245e-12,1.71453505142079e-10
16982436524.6169,1.68787382828126e-10,4.74135730749846e-08,1.86799713855013e-11,2.43445748340295e-12,4.02165373857079e-12,1.6768464148208e-10
17378008287.4932,1.65071407185021e-10,4.74273547555004e-08,1.82620156248023e-11,2.43538157100816e-12,3.93167072125453e-12,1.63992924046453e-10
17782794100.3887,1.61431867120304e-10,4.74417771481211e-08,1.78525134820638e-11,2.43618541079451e-12,3.84350770222415e-12,1.60377142802544e-10
18197008586.0993,1.57867538926414e-10,4.74568696109882e-08,1.7451327148057e-11,2.43687033539587e-12,3.75713501207566e-12,1.56836082031285e-10
18620871366.6281,1.54377195203717e-10,4.74726628066622e-08,1.70583183987839e-11,2.43743748279806e-12,3.67252289210738e-12,1.53368522345678e-10
19054607179.6319,1.50959606752139e-10,4.74891887561944e-08,1.66733488082624e-11,2.43788779648172e-12,3.58964154013115e-12,1.49973242570079e-10
19498445997.5799,1.47613544328958e-10,4.75064808950681e-08,1.62962799465273e-11,2.43822202554642e-12,3.5084611531004e-12,1.46649021486517e-10
19952623149.6882,1.44337780278967e-10,4.75245741310343e-08,1.59269735635473e-11,2.43844072480585e-12,3.42895196670631e-12,1.43394639454225e-10
20417379446.6947,1.41131090043148e-10,4.75435049038668e-08,1.55652917597515e-11,2.43854425484582e-12,3.351084292091e-12,1.40208879908462e-10
20892961308.5398,1.37992253551851e-10,4.75633112470555e-08,1.52110971438457e-11,2.43853278203887e-12,3.27482854982421e-12,1.3709053074461e-10
21379620895.0217,1.34920056508377e-10,4.75840328514506e-08,1.48642529785836e-11,2.43840627851123e-12,3.20015530128691e-12,1.34038385593385e-10
21877616239.4949,1.31913291568701e-10,4.76057111308673e-08,1.45246233151432e-11,2.43816452206004e-12,3.12703527760166e-12,1.31051244992859e-10
22387211385.6827,1.28970759422896e-10,4.76283892896515e-08,1.41920731167401e-11,2.43780709602028e-12,3.0554394062457e-12,1.28127917462842e-10
22908676527.677,1.26091269783672e-10,4.76521123921998e-08,1.38664683720905e-11,2.43733338908346e-12,2.98533883547879e-12,1.25267220486975e-10
23442288153.1985,1.23273642287251e-10,4.7676927434422e-08,1.35476761993165e-11,2.43674259507138e-12,2.91670495671344e-12,1.22467981407732e-10
23988329190.1942,1.20516707311607e-10,4.77028834171188e-08,1.32355649408665e-11,2.43603371267095e-12,2.84950942495066e-12,1.19729038239332e-10
24547089156.8495,1.17819306716921e-10,4.77300314212448e-08,1.29300042500017e-11,2.43520554513743e-12,2.78372417739996e-12,1.17049240403379e-10
25118864315.095,1.15180294512905e-10,4.77584246850083e-08,1.26308651693781e-11,2.43425669997614e-12,2.71932145039767e-12,1.14427449391834e-10
25703957827.6879,1.12598537457452e-10,4.77881186827519e-08,1.23380202022318e-11,2.43318558861406e-12,2.65627379473271e-12,1.11862539361778e-10
26302679918.953,1.10072915590875e-10,4.78191712055412e-08,1.20513433766546e-11,2.43199042607555e-12,2.59455408948482e-12,1.09353397666182e-10
26915348039.2683,1.07602322709816e-10,4.78516424433744e-08,1.17707103034233e-11,2.43066923067794e-12,2.53413555447503e-12,1.06898925324733e-10
27542287033.3808,1.05185666784708e-10,4.78855950689097e-08,1.1495998227828e-11,2.42921982376543e-12,2.47499176142397e-12,1.04498037438595e-10
28183829312.6437,1.02821870324484e-10,4.7921094322587e-08,1.12270860759193e-11,2.42763982950164e-12,2.41709664390875e-12,1.02149663552756e-10
28840315031.2652,1.00509870692065e-10,4.7958208099003e-08,1.09638544955765e-11,2.42592667474366e-12,2.36042450620497e-12,9.98527479694707e-11
29512092266.6629,9.82486203739451e-11,4.79970070343748e-08,1.07061858927786e-11,2.42407758902263e-12,2.30495003109564e-12,9.76062500161204e-11
30199517204.0192,9.60370872070719e-11,4.80375645949051e-08,1.04539644634364e-11,2.42208960465836e-12,2.25064828672476e-12,9.54091442706223e-11
30902954325.1349,9.3874254565991e-11,4.80799571658359e-08,1.02070762211288e-11,2.41995955703793e-12,2.19749473256891e-12,9.32604207473845e-11
31622776601.6828,9.17591215131186e-11,4.81242641409513e-08,9.96540902106392e-12,2.41768408509052e-12,2.14546522459614e-12,9.115908504662e-11
32359365692.9618,8.96907029148136e-11,4.81705680122577e-08,9.72885258056734e-12,2.41525963199346e-12,2.09453601967724e-12,8.9104158469688e-11
33113112148.2581,8.7668029525786e-11,4.82189544595419e-08,9.4972984963832e-12,2.41268244614667e-12,2.0446837793108e-12,8.70946781029781e-11
33884415613.9192,8.56901480442307e-11,4.82695124394704e-08,9.27064025905338e-12,2.40994858245547e-12,1.99588557271925e-12,8.51296968727126e-11
34673685045.2521,8.37561211399377e-11,4.83223342738594e-08,9.04877326462412e-12,2.4070539039639e-12,1.94811887936947e-12,8.32082835729028e-11
35481338923.3565,8.18650274574987e-11,4.83775157367039e-08,8.83159482391163e-12,2.40399408388339e-12,1.90136159096797e-12,8.13295228685643e-11
36307805477.009,8.00159615966022e-11,4.84351561395175e-08,8.6190041695415e-12,2.4007646080639e-12,1.85559201297677e-12,7.94925152761717e-11
37153522909.7161,7.820803407129e-11,4.84953584144861e-08,8.41090246096008e-12,2.39736077795666e-12,1.81078886569258e-12,7.76963771232126e-11
38018939632.0549,7.64403712499328e-11,4.85582291948984e-08,8.20719278760023e-12,2.39377771412039e-12,1.76693128492884e-12,7.59402404885871e-11
38904514499.4268,7.47121152775733e-11,4.86238788922644e-08,8.0077801703675e-12,2.39001036032403e-12,1.72399882233596e-12,7.42232531254902e-11
39810717055.3485,7.30224239821815e-11,4.86924217694859e-08,7.81257156159738e-12,2.38605348830161e-12,1.68197144539256e-12,7.25445783683126e-11
40738027780.41,7.13704707662701e-11,4.87639760093887e-08,7.62147584361912e-12,2.38190170321574e-12,1.64082953709666e-12,7.09033950249954e-11
41686938347.0322,6.97554444852203e-11,4.88386637778745e-08,7.4344038260459e-12,2.37754944988775e-12,1.6005538953827e-12,6.92988972561846e-11
42657951880.1579,6.81765493135862e-11,4.89166112808916e-08,7.25126824189676e-12,2.37299101985327e-12,1.56112573228701e-12,6.77302944424399e-11
43651583224.0152,6.66330046005566e-11,4.89979488143702e-08,7.07198374264065e-12,2.36822055930236e-12,1.52252667288132e-12,6.61968110406724e-11
44668359215.0949,6.5124044715677e-11,4.90828108062057e-08,6.89646689223828e-12,2.36323207796335e-12,1.4847387539904e-12,6.4697686430906e-11
45708818961.4861,6.36489188858599e-11,4.91713358493161e-08,6.72463616024342e-12,2.35801945898881e-12,1.44774442270734e-12,6.32321747543818e-11
46773514128.7184,6.22068910246413e-11,4.92636667247392e-08,6.55641191401069e-12,2.35257646990087e-12,1.41152653471633e-12,6.17995447439581e-11
47863009232.2623,6.07972395545718e-11,4.93599504136751e-08,6.39171641004326e-12,2.34689677465104e-12,1.37606835243043e-12,6.03990795476897e-11
48977881936.8431,5.94192572235736e-11,4.9460338097319e-08,6.23047378449994e-12,2.34097394684703e-12,1.34135354294819e-12,5.90300765464087e-11
50118723362.7256,5.80722509160318e-11,4.95649851432737e-08,6.07261004286761e-12,2.33480148419549e-12,1.30736617583077e-12,5.76918471660729e-11
51286138399.1349,5.67555414593339e-11,4.96740510772703e-08,5.91805304879215e-12,2.32837282420486e-12,1.27409072069768e-12,5.63837166855892e-11
52480746024.9756,5.54684634265206e-11,4.97876995388759e-08,5.76673251204781e-12,2.32168136118727e-12,1.24151204463721e-12,5.51050240407704e-11
53703179637.0236,5.42103649356606e-11,4.99060982198134e-08,5.61857997561318e-12,2.3147204645916e-12,1.2096154094244e-12,5.38551216250341e-11
54954087385.7607,5.29806074465184e-11,5.00294187834731e-08,5.4735288018098e-12,2.3074834986923e-12,1.17838646853724e-12,5.26333750874088e-11
56234132519.0331,5.17785655550381e-11,5.01578367641557e-08,5.33151415744877e-12,2.29996384364952e-12,1.14781126395922e-12,5.14391631283649e-11
57543993733.7139,5.06036267861284e-11,5.02915314445499e-08,5.19247299792006e-12,2.29215491794615e-12,1.11787622275436e-12,5.02718772939541e-11
58884365535.557,4.94551913851958e-11,5.04306857099236e-08,5.05634405015027e-12,2.28405020219606e-12,1.08856815339845e-12,4.91309217686999e-11
60255958607.4339,4.83326721088361e-11,5.05754858774867e-08,4.92306779434596e-12,2.27564326430504e-12,1.05987424184892e-12,4.80157131676457e-11
61659500186.1463,4.72354940150634e-11,5.07261214993785e-08,4.79258644443262e-12,2.26692778595271e-12,1.03178204733383e-12,4.69256803279378e-11
63095734448.0173,4.61630942534236e-11,5.08827851377341e-08,4.66484392709379e-12,2.25789759034808e-12,1.00427949783938e-12,4.58602641002867e-11
64565422903.4635,4.51149218553094e-11,5.10456721103032e-08,4.53978585931012e-12,2.24854667119601e-12,9.77354885274542e-13,4.48189171406222e-11
66069344800.7575,4.40904375247705e-11,5.12149802051239e-08,4.41735952429618e-12,2.23886922279428e-12,9.50996860290608e-13,4.38011037022327e-11
67608297539.196,4.30891134300826e-11,5.13909093628021e-08,4.29751384573143e-12,2.22885967116338e-12,9.25194426733475e-13,4.28062994286504e-11
69183097091.8914,4.21104329963192e-11,5.15736613250114e-08,4.1801993601836e-12,2.21851270609226e-12,8.999369357067e-13,4.18339911475258e-11
70794578438.4115,4.11538906991455e-11,5.17634392479117e-08,4.06536818762567e-12,2.20782331396413e-12,8.75214079224058e-13,4.08836766657074e-11
72443596007.4967,4.0218991860036e-11,5.19604472792866e-08,3.9529739999535e-12,2.19678681120681e-12,8.51015883431617e-13,3.9954864565727e-11
74131024130.0894,3.93052524430946e-11,5.21648900983265e-08,3.84297198741922e-12,2.18539887819275e-12,8.27332701380993e-13,3.90470740038703e-11
75857757502.9159,3.84121988536426e-11,5.23769724171292e-08,3.73531882290579e-12,2.17365559339421e-12,8.04155205337776e-13,3.81598345099931e-11
77624711662.8667,3.75393677387197e-11,5.25968984431624e-08,3.62997262398134e-12,2.16155346758058e-12,7.81474378611871e-13,3.72926857892314e-11
79432823472.4256,3.66863057896292e-11,5.28248713021281e-08,3.5268929126872e-12,2.14908947782688e-12,7.59281506899857e-13,3.6445177525733e-11
81283051616.4073,3.58525695466455e-11,5.30610924208872e-08,3.42604057303167e-12,2.13626110108595e-12,7.37568169133309e-13,3.56168691885301e-11
83176377110.2644,3.50377252059863e-11,5.33057608703535e-08,3.32737780618184e-12,2.12306634706206e-12,7.16326227831457e-13,3.48073298396535e-11
85113803820.2349,3.42413484291416e-11,5.35590726685344e-08,3.23086808336835e-12,2.10950379011069e-12,6.95547818961374e-13,3.40161379445815e-11
87096358995.6053,3.34630241546388e-11,5.3821220044197e-08,3.1364760965428e-12,2.09557259987938e-12,6.75225341314234e-13,3.32428811851024e-11
89125093813.3717,3.27023464123137e-11,5.40923906619615e-08,3.04416770685377e-12,2.08127257039659e-12,6.55351445411862e-13,3.24871562746608e-11
91201083935.588,3.19589181401468e-11,5.4372766809973e-08,2.95390989103559e-12,2.06660414731193e-12,6.3591902196381e-13,3.17485687762467e-11
93325430079.6961,3.1232351003714e-11,5.46625245516735e-08,2.86567068583277e-12,2.05156845299004e-12,6.16921189901462e-13,3.10267329228796e-11
95499258602.1405,3.05222652182962e-11,5.49618328435945e-08,2.77941913061311e-12,2.03616730916412e-12,5.98351284022085e-13,3.03212714407294e-11
97723722095.5779,2.98282893736795e-11,5.52708526215005e-08,2.69512520835197e-12,2.02040325686223e-12,5.80202842282134e-13,2.96318153749097e-11
99999999999.9967,2.9150060261675e-11,5.55897358576516e-08,2.61275978520048e-12,2.00427957333131e-12,5.62469592785609e-13,2.89580039179713e-11
102329299228.072,2.84872227063774e-11,5.59186245923976e-08,2.53229454887845e-12,1.98780028569998e-12,5.45145440519327e-13,2.82994842411185e-11
104712854805.087,2.78394293971776e-11,5.62576499437775e-08,2.45370194616091e-12,1.97097018114172e-12,5.28224453892978e-13,2.76559113281628e-11
107151930523.757,2.72063407245393e-11,5.66069310992661e-08,2.37695511975175e-12,1.95379481332455e-12,5.11700851147205e-13,2.70269478122257e-11
109647819614.315,2.65876246185407e-11,5.69665742942807e-08,2.30202784486135e-12,1.93628050496278e-12,4.95568986697885e-13,2.64122638151946e-11
112201845430.193,2.59829563901847e-11,5.73366717825321e-08,2.22889446582415e-12,1.91843434631882e-12,4.7982333748898e-13,2.58115367899341e-11
114815362149.684,2.53920185754692e-11,5.771730080377e-08,2.1575298331082e-12,1.9002641895396e-12,4.64458489429768e-13,2.52244513652482e-11
117489755493.949,2.4814500782211e-11,5.81085225549262e-08,2.08790924108057e-12,1.88177863875142e-12,4.49469123994767e-13,2.46506991935863e-11
120226443461.737,2.4250099539611e-11,5.8510381171096e-08,2.02000836689949e-12,1.86298703587915e-12,4.34850005066249e-13,2.40899788014838e-11
123026877081.234,2.36985181505445e-11,5.89229027232136e-08,1.9538032109066e-12,1.84389944219899e-12,4.205959660997e-13,2.35419954427211e-11
125892541179.413,2.31594665465609e-11,5.93460942396576e-08,1.88927003888966e-12,1.82452661567946e-12,4.06701897692021e-13,2.30064609541867e-11
128824955169.309,2.26326611455694e-11,5.97799427593731e-08,1.82638532657841e-12,1.80487998421007e-12,3.93162735630511e-13,2.24830936144236e-11
131825673855.636,2.21178247121916e-11,6.02244144243987e-08,1.76512570672258e-12,1.78497161486244e-12,3.79973449497818e-13,2.19716180048378e-11
134896288259.161,2.16146862207535e-11,6.06794536199367e-08,1.70546791908298e-12,1.76481417937212e-12,3.67129031904102e-13,2.14717648735457e-11
138038426460.284,2.11229807208925e-11,6.1144982170303e-08,1.64738876364297e-12,1.74442091607169e-12,3.54624488412584e-13,2.0983271001834e-11
141253754462.271,2.06424492057509e-11,6.16208985992156e-08,1.59086505731985e-12,1.72380558854421e-12,3.42454828218654e-13,2.05058790732058e-11
144543977074.588,2.0172838482727e-11,6.21070774629396e-08,1.53587359442325e-12,1.7029824413026e-12,3.30615055635788e-13,2.00393375449826e-11
147910838816.816,1.97139010467535e-11,6.2603368764779e-08,1.48239111107211e-12,1.68196615283181e-12,3.19100162433761e-13,1.95834005224339e-11
151356124843.616,1.9265394956072e-11,6.31095974592943e-08,1.43039425374247e-12,1.66077178635788e-12,3.07905121066332e-13,1.91378276354022e-11
154881661891.243,1.88270837104721e-11,6.36255630544204e-08,1.37985955207746e-12,1.6394147387303e-12,2.97024878816619e-13,1.87023839173904e-11
158489319246.106,1.83987361319611e-11,6.41510393193542e-08,1.33076339604758e-12,1.6179106878206e-12,2.86454352879164e-13,1.827683968708e-11
162181009735.888,1.79801262478324e-11,6.4685774105678e-08,1.28308201750564e-12,1.59627553885127e-12,2.76188426388247e-13,1.78609704322453e-11
165958690743.751,1.75710331760979e-11,6.52294892886671e-08,1.23679147613655e-12,1.57452537007447e-12,2.66221945392498e-13,1.74545566960284e-11
169824365246.169,1.71712410132499e-11,6.57818808351124e-08,1.19186764975904e-12,1.5526763782197e-12,2.56549716766539e-13,1.70573839655417e-11
173780082874.932,1.67805387243192e-11,6.63426190032514e-08,1.14828622889389e-12,1.53074482412341e-12,2.47166507041305e-13,1.66692425627599e-11
177827941003.886,1.63987200351933e-11,6.69113486795627e-08,1.10602271547369e-12,1.50874697894271e-12,2.38067042126096e-13,1.62899275376685e-11
181970085860.992,1.60255833271598e-11,6.74876898562256e-08,1.06505242553116e-12,1.48669907133839e-12,2.29246007887318e-13,1.59192385636299e-11
186208713666.281,1.56609315336409e-11,6.80712382519986e-08,1.02535049566949e-12,1.46461723599234e-12,2.20698051541541e-13,1.55569798349326e-11
190546071796.318,1.53045720390829e-11,6.86615660781173e-08,9.86891893086979e-13,1.44251746379901e-12,2.124177838139e-13,1.52029599664865e-11
194984459975.798,1.4956316579965e-11,6.92582229495812e-08,9.49651428902147e-13,1.42041555404248e-12,2.04399781807144e-13,1.48569918956278e-11
199526231496.881,1.46159811478933e-11,6.98607369408832e-08,9.13603774502967e-13,1.39832706883954e-12,1.96638592521852e-13,1.45188927859967e-11
204173794466.946,1.42833858947441e-11,7.04686157838626e-08,8.78723480626161e-13,1.3762672900956e-12,1.89128736964498e-13,1.41884839334525e-11
208929613085.397,1.39583550398212e-11,7.10813482039416e-08,8.44984998859187e-13,1.35425117918543e-12,1.81864714777183e-13,1.38655906739886e-11
213796208950.216,1.36407167789916e-11,7.16984053895526e-08,8.12362705248763e-13,1.33229333953499e-12,1.74841009320955e-13,1.3550042293612e-11
218776162394.948,1.33303031957665e-11,7.23192425881052e-08,7.80830925695381e-13,1.310407982244e-12,1.68052093143712e-13,1.32416719401517e-11
223872113856.827,1.302695017429e-11,7.29433008203935e-08,7.5036396281311e-13,1.28860889485373e-12,1.61492433763619e-13,1.29403165369587e-11
229086765276.77,1.27304973142033e-11,7.35700087039318e-08,7.20936123937721e-13,1.26690941332874e-12,1.55156499699801e-13,1.26458166984643e-11
234422881531.984,1.24407878473483e-11,7.41987843743538e-08,6.9252174997361e-13,1.24532239728829e-12,1.4903876668367e-13,1.23580166475604e-11
239883291901.941,1.21576685562766e-11,7.48290374927368e-08,6.65095244780651e-13,1.22386020849063e-12,1.43133723986521e-13,1.20767641347663e-11
245470891568.495,1.18809896945308e-11,7.54601713255518e-08,6.38631104815695e-13,1.20253469254375e-12,1.37435880801979e-13,1.18019103591497e-11
251188643150.95,1.16106049086625e-11,7.60915848829026e-08,6.13103948759447e-13,1.1813571637889e-12,1.31939772625315e-13,1.15333098909653e-11
257039578276.878,1.13463711619553e-11,7.67226750998357e-08,5.88488546877545e-13,1.16033839327785e-12,1.26639967575558e-13,1.12708205959789e-11
263026799189.529,1.10881486598184e-11,7.73528390447897e-08,5.64759849884315e-13,1.1394885997432e-12,1.21531072610528e-13,1.10143035614439e-11
269153480392.683,1.08358007768182e-11,7.79814761387302e-08,5.418930170986e-13,1.11881744344153e-12,1.1660773958947e-13,1.07636230236957e-11
275422870333.807,1.05891939853156e-11,7.86079903681956e-08,5.1986344370269e-13,1.09833402273281e-12,1.11864671142576e-13,1.05186462973333e-11
281838293126.436,1.03481977856762e-11,7.9231792475367e-08,4.98646786937485e-13,1.07804687324612e-12,1.07296626311481e-13,1.02792437059551e-11
288403150312.651,1.01126846380218e-11,7.98523021083893e-08,4.78218991089201e-13,1.05796396947075e-12,1.02898425929568e-13,1.00452885144175e-11
295120922666.629,9.88252989549262e-12,8.04689499154988e-08,4.58556311144798e-13,1.03809272860382e-12,9.8664957715637e-14,9.81665686258583e-12
301995172040.192,9.65761173898708e-12,8.10811795670624e-08,4.39635335014729e-13,1.01844001647994e-12,9.45911810591084e-14,9.59322770054613e-12
309029543251.349,9.43781111335114e-12,8.16884496903922e-08,4.21433004242234e-13,9.99012155405244e-13,9.06721314793614e-14,9.37488272524809e-12
316227766016.827,9.22301166498477e-12,8.22902357031606e-08,4.03926633138029e-13,9.7981493371713e-13,8.69029247460427e-14,9.1615063185495e-12
323593656929.617,9.01309968083711e-12,8.28860315323824e-08,3.87093926297803e-13,9.60853616891811e-13,8.32787606511737e-14,8.95298548663292e-12
331131121482.58,8.80796402876057e-12,8.34753512072378e-08,3.70912994477178e-13,9.42132960024644e-13,7.97949264275996e-14,8.74920980076599e-12
338844156139.191,8.60749609919504e-12,8.4057730315462e-08,3.55362368814721e-13,9.23657221512231e-13,7.64467998117492e-14,8.55007133937695e-12
346736850452.52,8.41158974815402e-12,8.46327273145857e-08,3.40421013408068e-13,9.05430177770823e-13,7.32298517517989e-14,8.35546463141783e-12
354813389233.563,8.2201412414846e-12,8.51999246909702e-08,3.26068336261313e-13,8.87455138832168e-13,7.0139648765145e-14,8.16528660098806e-12
363078054770.089,8.03304920037405e-12,8.57589299612855e-08,3.12284198633378e-13,8.69734964665402e-13,6.71718549515822e-14,7.97943651319158e-12
371535229097.16,7.85021454807605e-12,8.63093765128253e-08,2.99048922827263e-13,8.52272082081766e-13,6.43222336707803e-14,7.79781592120129e-12
380189396320.548,7.67154045783007e-12,8.6850924280789e-08,2.86343298468825e-13,8.35068502087673e-13,6.15866488945321e-14,7.62032861450506e-12
389045144994.268,7.49693230194818e-12,8.73832602623728e-08,2.74148587331161e-13,8.18125837560686e-13,5.89610662458432e-14,7.44688056830785e-12
398107170553.484,7.32629760204354e-12,8.79060988691674e-08,2.62446526766764e-13,8.01445321132303e-13,5.64415537382553e-14,7.27737989406515e-12
407380277804.099,7.15954598037598e-12,8.84191821209294e-08,2.51219331814582e-13,7.85027823170774e-13,5.40242822298485e-14,7.11173679112338e-12
416869383470.321,6.99658911228989e-12,8.89222796852653e-08,2.40449696052844e-13,7.68873869766553e-13,5.17055256071884e-14,6.94986349944324e-12
426579518801.578,6.83734067972059e-12,8.94151887691141e-08,2.30120791271326e-13,7.52983660632155e-13,4.94816607150729e-14,6.79167425338264e-12
436515832240.151,6.68171632574576e-12,8.98977338691168e-08,2.20216266038473e-13,7.37357086837202e-13,4.73491670483226e-14,6.63708523651612e-12
446683592150.948,6.52963361015866e-12,9.03697663890249e-08,2.10720243239781e-13,7.219937483081e-13,4.53046262220631e-14,6.48601453746825e-12
457088189614.859,6.38101196604086e-12,9.08311641331901e-08,2.01617316664006e-13,7.06892971030158e-13,4.33447212369836e-14,6.33838210673882e-12
467735141287.182,6.2357726573122e-12,9.12818306859163e-08,1.92892546713272e-13,6.92053823897874e-13,4.14662355559526e-14,6.19410971449829e-12
478630092322.622,6.09383873723643e-12,9.17216946870176e-08,1.84531455312053e-13,6.77475135166639e-13,3.96660520081357e-14,6.05312090933205e-12
489778819368.43,5.95513500786137e-12,9.21507090143322e-08,1.76520020088448e-13,6.63155508466165e-13,3.79411515364188e-14,5.91534097791286e-12
501187233627.255,5.81958798037277e-12,9.25688498841853e-08,1.68844667899101e-13,6.49093338342522e-13,3.62886118035042e-14,5.78069690558102e-12
512861383991.347,5.6871258363417e-12,9.29761158808888e-08,1.61492267766772e-13,6.35286825301772e-13,3.47056056715353e-14,5.64911733781215e-12
524807460249.755,5.55767838984558e-12,9.33725269263176e-08,1.54450123296883e-13,6.21733990333841e-13,3.31893995695321e-14,5.5205325425533e-12
537031796370.234,5.43117705044327e-12,9.37581232004227e-08,1.47705964636472e-13,6.08432688900377e-13,3.17373517622934e-14,5.39487437340788e-12
549540873857.606,5.30755478698543e-12,9.41329640232509e-08,1.41247940035923e-13,5.95380624375104e-13,3.03469105337657e-14,5.27207623365096e-12
562341325190.33,5.18674609224142e-12,9.44971267086419e-08,1.3506460707064e-13,5.82575360929356e-13,2.90156122971868e-14,5.15207304105634e-12
575439937337.137,5.06868694832452e-12,9.48507053992891e-08,1.29144923576571e-13,5.70014335859339e-13,2.77410796436137e-14,5.03480119351746e-12
588843655355.569,4.95331479289772e-12,9.51938098922933e-08,1.23478238350201e-13,5.5769487135505e-13,2.65210193397289e-14,4.92019853544456e-12
602559586074.337,4.8405684861426e-12,9.55265644637245e-08,1.18054281660294e-13,5.45614185713796e-13,2.53532202851105e-14,4.80820432492085e-12
616595001861.461,4.73038827847431e-12,9.5849106700043e-08,1.12863155615414e-13,5.33769404003909e-13,2.4235551438443e-14,4.69875920160073e-12
630957344480.172,4.62271577898596e-12,9.61615863435451e-08,1.07895324428004e-13,5.22157568186553e-13,2.31659597214527e-14,4.59180515533358e-12
645654229034.633,4.51749392460604e-12,9.64641641582873e-08,1.0314160461268e-13,5.10775646705504e-13,2.21424679086701e-14,4.48728549549702e-12
660693448007.573,4.41466694995308e-12,9.67570108222301e-08,9.85931551532868e-14,4.99620543556466e-13,2.11631725104667e-14,4.38514482102365e-12
676082975391.958,4.31418035787173e-12,9.70403058506323e-08,9.42414676703604e-14,4.88689106848932e-13,2.02262416561712e-14,4.28532899110596e-12
691830970918.913,4.21598089063522e-12,9.73142365550284e-08,9.00783566177632e-14,4.77978136874731e-13,1.93299129834643e-14,4.18778509656408e-12
707945784384.113,4.12001650179912e-12,9.75789970414491e-08,8.60959495345595e-14,4.67484393698382e-13,1.84724915396644e-14,4.09246143186171e-12
724435960074.965,4.02623632869183e-12,9.78347872508954e-08,8.22866773756162e-14,4.57204604285093e-13,1.76523476999589e-14,3.99930746775558e-12
741310241300.892,3.9345906655276e-12,9.80818120444634e-08,7.86432649419656e-14,4.47135469182815e-13,1.68679151071135e-14,3.90827382456434e-12
758577575029.157,3.84503093712801e-12,9.83202803349419e-08,7.51587214296565e-14,4.37273668775151e-13,1.611768863669e-14,3.81931224604293e-12
776247116628.665,3.75750967323834e-12,9.85504042661687e-08,7.18263311136504e-14,4.27615869122153e-13,1.5400222391338e-14,3.73237557384886e-12
794328234724.254,3.67198048342543e-12,9.87723984409382e-08,6.86396441812869e-14,4.18158727406184e-13,1.47141277272892e-14,3.64741772258719e-12
812830516164.071,3.58839803254397e-12,9.89864791978079e-08,6.55924677279412e-14,4.08898896999994e-13,1.40580713157701e-14,3.56439365542105e-12
831763771102.642,3.50671801675847e-12,9.91928639367427e-08,6.26788569257342e-14,3.99833032174081e-13,1.34307732416741e-14,3.48325936023512e-12
851138038202.347,3.42689714010843e-12,9.93917704931811e-08,5.98931063745163e-14,3.90957792460233e-13,1.28310051414771e-14,3.40397182633961e-12
870963589956.05,3.34889309160439e-12,9.95834165597888e-08,5.72297416428348e-14,3.82269846687868e-13,1.22575883820577e-14,3.32648902170253e-12
891250938133.714,3.27266452284317e-12,9.97680191548873e-08,5.4683511005202e-14,3.73765876709493e-13,1.17093922817815e-14,3.25076987069839e-12
912010839355.878,3.19817102613022e-12,9.99457941363174e-08,5.22493773807014e-14,3.65442580831221e-13,1.11853323749348e-14,3.1767742323617e-12
933254300796.958,3.12537311309815e-12,1.00116955759293e-07,4.99225104768037e-14,3.57296676963876e-13,1.06843687203422e-14,3.10446287913387e-12
954992586021.402,3.0542321938098e-12,1.00281716276638e-07,4.7698279141194e-14,3.49324905509777e-13,1.02055042547697e-14,3.03379747609241e-12
977237220955.776,2.98471055633526e-12,1.00440285579687e-07,4.5572243923449e-14,3.41524031999796e-13,9.74778319151122e-15,2.96474056065153e-12
999999999999.965,2.91677134679203e-12,1.0059287087799e-07,4.35401498475239e-14,3.33890849494806e-13,9.31028946436397e-15,2.89725552272353e-12
1023292992280.72,2.85037854983789e-12,1.00739676415943e-07,4.15979193952231e-14,3.26422180765131e-13,8.89214521703081e-15,2.83130658533051e-12
1047128548050.86,2.78549696960626e-12,1.00880903224376e-07,3.97416457001181e-14,3.19114880261054e-13,8.49250933783439e-15,2.76685878565637e-12
1071519305237.57,2.72209221107415e-12,1.01016748905119e-07,3.79675859507478e-14,3.11965835886966e-13,8.11057603949183e-15,2.70387795652897e-12
1096478196143.15,2.6601306618528e-12,1.01147407446559e-07,3.62721550013724e-14,3.04971970591165e-13,7.74557348357812e-15,2.64233070832288e-12
1122018454301.92,2.5995794743916e-12,1.01273069068223e-07,3.46519191880564e-14,2.98130243782804e-13,7.39676244919935e-15,2.58218441127314e-12
1148153621496.84,2.54040654858593e-12,1.01393920092414e-07,3.31035903474236e-14,2.91437652586986e-13,7.06343504530332e-15,2.5234071781907e-12
1174897554939.49,2.48258051477969e-12,1.01510142841e-07,3.16240200350429e-14,2.84891232948453e-13,6.74491346597323e-15,2.46596784757061e-12
1202264434617.37,2.42607071715377e-12,1.0162191555549e-07,3.02101939400794e-14,2.78488060593851e-13,6.44054878797938e-15,2.40983596708388e-12
1230268770812.34,2.37084719749166e-12,1.01729412338564e-07,2.8859226492563e-14,2.72225251862021e-13,6.14971980980356e-15,2.35498177744441e-12
1258925411794.12,2.3168806793136e-12,1.01832803115332e-07,2.7568355659388e-14,2.66099964411336e-13,5.87183193129931e-15,2.30137619664256e-12
1288249551693.09,2.26414255237113e-12,1.01932253612618e-07,2.63349379249605e-14,2.60109397812571e-13,5.60631607310866e-15,2.24899080453696e-12
1318256738556.36,2.21260485749363e-12,1.02027925354672e-07,2.51564434522478e-14,2.5425079403541e-13,5.35262763492102e-15,2.1977978277965e-12
1348962882591.6,2.16224027177919e-12,1.02119975673765e-07,2.40304514198531e-14,2.48521437836208e-13,5.11024549163182e-15,2.14777012518453e-12
1380384264602.83,2.11302209412174e-12,1.02208557734196e-07,2.29546455306405e-14,2.42918657054228e-13,4.87867102643693e-15,2.09888117317755e-12
1412537544622.7,2.06492423106701e-12,1.0229382056835e-07,2.19268096873608e-14,2.37439822823158e-13,4.65742719988324e-15,2.05110505191085e-12
1445439770745.88,2.0179211829898e-12,1.02375909123463e-07,2.09448238306791e-14,2.32082349704335e-13,4.44605765388468e-15,2.0044164314435e-12
1479108388168.15,1.97198803058533e-12,1.02454964317882e-07,2.00066599349775e-14,2.26843695747716e-13,4.24412584970744e-15,1.95879055833577e-12
1513561248436.15,1.92710042166751e-12,1.02531123105648e-07,1.91103781572991e-14,2.21721362486296e-13,4.05121423892571e-15,1.91420324253152e-12
1548816618912.43,1.8832345582672e-12,1.02604518548307e-07,1.82541231348039e-14,2.16712894869317e-13,3.86692346635142e-15,1.87063084453901e-12
1584893192461.06,1.84036718402369e-12,1.02675279892929e-07,1.74361204261366e-14,2.118158811393e-13,3.69087160394633e-15,1.828050262903e-12
1621810097358.87,1.79847557186268e-12,1.02743532655373e-07,1.6654673092137e-14,2.07027952657611e-13,3.5226934147326e-15,1.78643892196193e-12
1659586907437.5,1.75753751195441e-12,1.02809398707911e-07,1.59081584113778e-14,2.02346783683e-13,3.36203964572876e-15,1.74577475988326e-12
1698243652461.68,1.71753129994542e-12,1.02872996370359e-07,1.51950247260708e-14,1.97770091107229e-13,3.20857634895008e-15,1.70603621697109e-12
1737800828749.31,1.67843572545781e-12,1.02934440503952e-07,1.45137884139491e-14,1.93295634151708e-13,3.06198422952738e-15,1.66720222423959e-12
1778279410038.86,1.64023006085003e-12,1.02993842607226e-07,1.38630309818119e-14,1.88921214028728e-13,2.92195802001412e-15,1.62925219224629e-12
1819700858609.92,1.60289405023309e-12,1.03051310913227e-07,1.32413962764966e-14,1.84644673570711e-13,2.78820587996923e-15,1.59216600017938e-12
1862087136662.8,1.56640789873651e-12,1.03106950487426e-07,1.26475878091328e-14,1.80463896830626e-13,2.66044881992181e-15,1.55592398519321e-12
1905460717963.18,1.53075226201835e-12,1.03160863325732e-07,1.2080366188621e-14,1.76376808656538e-13,2.53842014884362e-15,1.52050693198628e-12
1949844599757.98,1.49590823601376e-12,1.03213148452074e-07,1.15385466603792e-14,1.72381374243029e-13,2.42186494427529e-15,1.48589606261644e-12
1995262314968.81,1.46185734691655e-12,1.03263902015015e-07,1.10209967464923e-14,1.68475598662068e-13,2.31053954427373e-15,1.45207302654759e-12
2041737944669.46,1.42858154138867e-12,1.03313217382938e-07,1.05266339835058e-14,1.64657526375706e-13,2.20421106036925e-15,1.4190198909229e-12
2089296130853.96,1.3960631769923e-12,1.03361185237335e-07,1.00544237542012e-14,1.6092524073282e-13,2.10265691074297e-15,1.38671913105928e-12
2137962089502.15,1.3642850128395e-12,1.03407893663784e-07,9.60337720979791e-15,1.57276863451962e-13,2.00566437285711e-15,1.35515362115805e-12
2187761623949.47,1.33323020045455e-12,1.03453428240213e-07,9.17254927912705e-15,1.53710554092229e-13,1.91303015479269e-15,1.32430662522698e-12
2238721138568.26,1.30288227484406e-12,1.03497872122078e-07,8.76103676142671e-15,1.50224509513919e-13,1.8245599845717e-15,1.29416178820883e-12
2290867652767.69,1.27322514577027e-12,1.03541306124095e-07,8.36797649951114e-15,1.46816963330617e-13,1.74006821676245e-15,1.26470312731171e-12
2344228815319.84,1.24424308922272e-12,1.03583808798196e-07,7.99254363016893e-15,1.43486185354229e-13,1.65937745568911e-15,1.23591502353672e-12
2398832919019.4,1.21592073908402e-12,1.03625456507385e-07,7.63394990874627e-15,1.40230481034366e-13,1.5823181945881e-15,1.20778221339835e-12
2454708915684.94,1.18824307898508e-12,1.03666323495203e-07,7.29144210497193e-15,1.37048190893367e-13,1.50872847007535e-15,1.18028978083318e-12
2511886431509.49,1.16119543434573e-12,1.03706481950504e-07,6.96430046717931e-15,1.33937689958161e-13,1.43845353130998e-15,1.15342314929279e-12
2570395782768.77,1.13476346459631e-12,1.03746002067284e-07,6.65183725217797e-15,1.30897387190058e-13,1.37134552326048e-15,1.1271680740165e-12
2630267991895.29,1.10893315557622e-12,1.03784952099308e-07,6.35339531812271e-15,1.27925724913488e-13,1.30726318350024e-15,1.10151063447998e-12
2691534803926.82,1.08369081210543e-12,1.03823398409289e-07,6.06834677782151e-15,1.25021178244598e-13,1.24607155197916e-15,1.07643722701565e-12
2754228703338.06,1.05902305072499e-12,1.03861405512403e-07,5.79609171001543e-15,1.22182254520573e-13,1.18764169323806e-15,1.05193455760101e-12
2818382931264.35,1.0349167926026e-12,1.03899036113936e-07,5.53605692625247e-15,1.19407492730444e-13,1.13185043055151e-15,1.02798963481107e-12
2884031503126.5,1.01135925659974e-12,1.0393635114088e-07,5.28769479106515e-15,1.16695462948101e-13,1.07858009150378e-15,1.00458976293117e-12
2951209226666.28,9.88337952496424e-13,1.03973409767298e-07,5.05048209324592e-15,1.14044765768147e-13,1.02771826452091e-15,9.8172253522648e-13
3019951720401.9,9.65840674370085e-13,1.04010269433336e-07,4.82391896609757e-15,1.11454031745187e-13,9.7915756589964e-16,9.59375827364684e-13
3090295432513.48,9.43855494125207e-13,1.04046985857746e-07,4.6075278546159e-15,1.08921920837084e-13,9.32795416891574e-16,9.3753779098833e-13
3162277660168.26,9.22370755170089e-13,1.04083613043836e-07,4.40085252763989e-15,1.06447121852658e-13,8.88533830417773e-16,9.16196847433448e-13
3235936569296.16,9.01375066237524e-13,1.04120203278795e-07,4.20345713308045e-15,1.04028351904263e-13,8.46279207005522e-16,8.95341681591122e-13
3311311214825.79,8.80857295346062e-13,1.04156807126355e-07,4.01492529441184e-15,1.01664355865639e-13,8.05942139555021e-16,8.74961235908741e-13
3388441561391.9,8.60806563898692e-13,1.04193473412806e-07,3.8348592466811e-15,9.93539058353793e-14,7.67437226559377e-16,8.55044704527774e-13
3467368504525.19,8.41212240915795e-13,1.04230249206435e-07,3.66287901035937e-15,9.70958006063233e-14,7.30682893416353e-16,8.35581527554945e-13
3548133892335.62,8.22063937399334e-13,1.04267179790465e-07,3.49862160142536e-15,9.48888651411602e-14,6.95601221485071e-16,8.16561385463793e-13
3630780547700.88,8.0335150082528e-13,1.04304308629666e-07,3.34174027613552e-15,9.27319500544756e-14,6.62117784555086e-16,7.97974193623635e-13
3715352290971.59,7.8506500976137e-13,1.04341677330845e-07,3.19190380899714e-15,9.06239311014586e-14,6.30161492409123e-16,7.79810096953038e-13
3801893963205.47,7.67194768607343e-13,1.04379325597463e-07,3.04879580252075e-15,8.85637086734542e-14,5.99664441174166e-16,7.62059464694974e-13
3890451449942.66,7.49731302454865e-13,1.04417291178734e-07,2.91211402738549e-15,8.65502073005175e-14,5.70561770168609e-16,7.44712885310885e-13
3981071705534.82,7.32665352064423e-13,1.04455609813584e-07,2.78156979170672e-15,8.45823751611048e-14,5.42791524965817e-16,7.27761161490942e-13
4073802778040.98,7.15987868956537e-13,1.04494315169948e-07,2.65688733814903e-15,8.26591835990159e-14,5.16294526406643e-16,7.11195305277884e-13
4168693834703.2,6.99690010614671e-13,1.04533438779934e-07,2.53780326767879e-15,8.07796266476763e-14,4.91014245305329e-16,6.95006533301814e-13
4265795188015.77,6.83763135797314e-13,1.04573009971483e-07,2.42406598880048e-15,7.89427205618352e-14,4.66896682604655e-16,6.79186262123464e-13
4365158322401.5,6.68198799956756e-13,1.04613055797203e-07,2.31543519116851e-15,7.71475033567344e-14,4.43890254747324e-16,6.63726103683431e-13
4466835921509.46,6.52988750762107e-13,1.04653600961149e-07,2.21168134251232e-15,7.53930343547869e-14,4.21945684041276e-16,6.48617860854998e-13
4570881896148.58,6.38124923724216e-13,1.04694667744403e-07,2.11258520785672e-15,7.36783937397924e-14,4.01015893807008e-16,6.33853523098163e-13
4677351412871.81,6.23599437920156e-13,1.04736275930339e-07,2.01793739006175e-15,7.20026821187002e-14,3.81055908104949e-16,6.19425262212588e-13
4786300923226.2,6.09404591815003e-13,1.04778442730599e-07,1.92753789074746e-15,7.036502009092e-14,3.62022755850577e-16,6.05325428187202e-13
4897788193684.28,5.95532859178721e-13,1.04821182712787e-07,1.84119569070805e-15,6.87645478251682e-14,3.43875379134232e-16,5.91546545144281e-13
5011872336272.53,5.81976885095959e-13,1.04864507731017e-07,1.75872834895757e-15,6.72004246438289e-14,3.26574545571428e-16,5.78081307375827e-13
5128613839913.46,5.68729482066674e-13,1.04908426860443e-07,1.67996161958579e-15,6.56718286147979e-14,3.10082764518029e-16,5.64922575470171e-13
5248074602497.53,5.55783626195486e-13,1.0495294633698e-07,1.60472908563751e-15,6.41779561507698e-14,2.94364206992712e-16,5.52063372526732e-13
5370317963702.32,5.43132453467778e-13,1.04998069503412e-07,1.53287180926217e-15,6.27180216159218e-14,2.79384629156927e-16,5.39496880456929e-13
5495408738576.04,5.30769256110531e-13,1.05043796763116e-07,1.46423799741292e-15,6.12912569399392e-14,2.65111299209858e-16,5.27216436369291e-13
5623413251903.28,5.18687479035999e-13,1.05090125542621e-07,1.398682682405e-15,5.98969112393225e-14,2.51512927562846e-16,5.15215529036839e-13
5754399373371.35,5.06880716366318e-13,1.051370502642e-07,1.33606741667321e-15,5.85342504459095e-14,2.38559600164244e-16,5.03487795444878e-13
5888436553555.67,4.9534270803722e-13,1.05184562329637e-07,1.27625998109692e-15,5.7202556942542e-14,2.26222714851772e-16,4.92027017417363e-13
6025595860743.35,4.84067336479036e-13,1.05232650116267e-07,1.21913410628821e-15,5.59011292058008e-14,2.14474920615154e-16,4.80827118320051e-13
6165950018614.59,4.73048623373255e-13,1.05281298986308e-07,1.16456920626558e-15,5.46292814557289e-14,2.03290059657041e-16,4.69882159838696e-13
6309573444801.69,4.62280726482889e-13,1.05330491310383e-07,1.11245012396079e-15,5.33863433124605e-14,1.92643112145112e-16,4.59186338830572e-13
6456542290346.31,4.5175793655499e-13,1.05380206506029e-07,1.06266688803084e-15,5.21716594596695e-14,1.82510143552649e-16,4.4873398424766e-13
6606934480075.71,4.41474674293666e-13,1.05430421091844e-07,1.01511448047067e-15,5.0984589314747e-14,1.72868254488896e-16,4.38519554129874e-13
6760829753919.56,4.31425487401989e-13,1.05481108757756e-07,9.69692614544694e-16,4.98245067056183e-14,1.6369553292416e-16,4.28537632666714e-13
6918309709189.1,4.21605047691232e-13,1.0553224045174e-07,9.26305522576825e-16,4.8690799554104e-14,1.54971008717816e-16,4.18782927325808e-13
7079457843841.11,4.12008148255905e-13,1.05583784483105e-07,8.8486175315956e-16,4.75828695657325e-14,1.46674610360259e-16,4.09250266046812e-13
7244359600749.62,4.02629700713089e-13,1.05635706642275e-07,8.45273977362706e-16,4.65001319259044e-14,1.38787123842398e-16,3.99934594499179e-13
7413102413008.89,3.93464732504602e-13,1.05687970336794e-07,8.07458803541344e-16,4.5442015002314e-14,1.31290153568452e-16,3.90830973402344e-13
7585775750291.55,3.84508384260572e-13,1.05740536743048e-07,7.71336600361105e-16,4.44079600535277e-14,1.24166085229795e-16,3.81934575906911e-13
7762471166286.62,3.75755907223021e-13,1.05793364972998e-07,7.36831327676372e-16,4.33974209436202e-14,1.17398050559232e-16,3.73240685035447e-13
7943282347242.51,3.67202660728087e-13,1.05846412255015e-07,7.03870374913859e-16,4.24098638627696e-14,1.10969893886596e-16,3.64744691181524e-13
8128305161640.68,3.58844109745556e-13,1.05899634127665e-07,6.72384406630102e-16,4.14447670537107e-14,1.04866140417818e-16,3.56442089665694e-13
8317637711026.39,3.50675822474398e-13,1.05952984645155e-07,6.42307214926762e-16,4.05016205439472e-14,9.90719661608485e-17,3.48328478347086e-13
8511380382023.44,3.42693467993028e-13,1.06006416592925e-07,6.1357557842228e-16,3.95799258836224e-14,9.35731694228246e-17,3.40399555289379e-13
8709635899560.47,3.34892813963057e-13,1.06059881711739e-07,5.86129127492399e-16,3.86791958889481e-14,8.83561438039857e-17,3.32651116479889e-13
8912509381337.11,3.27269724385305e-13,1.06113330928483e-07,5.59910215505318e-16,3.7798954391094e-14,8.34078526148277e-17,3.25079053600588e-13
9120108393558.75,3.19820157406887e-13,1.06166714591776e-07,5.34863795789883e-16,3.69387359904367e-14,7.87158046440858e-17,3.17679351849844e-13
9332543007969.55,3.12540163178223e-13,1.06219982710412e-07,5.10937304087186e-16,3.60980858160715e-14,7.42680312062684e-17,3.10448087813755e-13
9549925860213.99,3.05425881758817e-13,1.06273085192595e-07,4.88080546247295e-16,3.52765592904881e-14,7.00530643987173e-17,3.0338142738593e-13
9772372209557.73,2.9847354107071e-13,1.06325972083932e-07,4.66245590943611e-16,3.44737218993143e-14,6.60599164995445e-17,2.96475623734624e-13
9999999999999.61,2.9167945489851e-13,1.06378593802136e-07,4.45386667187512e-16,3.36891489660305e-14,6.22780604393295e-17,2.89727015316136e-13
10232929922807.1,2.85040020934952e-13,1.06430901366443e-07,4.25460066435575e-16,3.29224254315611e-14,5.86974112811576e-17,2.83132023933441e-13
10471285480508.6,2.78551718870937e-13,1.06482846619835e-07,4.06424049090799e-16,3.21731456386474e-14,5.53083086454658e-17,2.76687152838999e-13
10715193052375.7,2.72211108529058e-13,1.06534382442242e-07,3.88238755207833e-16,3.14409131209093e-14,5.21015000182191e-17,2.70388984880754e-13
10964781961431.4,2.6601482803959e-13,1.06585462953045e-07,3.70866119220371e-16,3.07253403965038e-14,4.90681248831941e-17,2.64234180690335e-13
11220184543019.2,2.59959592058021e-13,1.06636043701338e-07,3.54269788516585e-16,3.00260487662896e-14,4.61996996215617e-17,2.58219476912494e-13
11481536214968.4,2.54042190023138e-13,1.06686081842599e-07,3.38415045695747e-16,2.93426681164064e-14,4.3488103124548e-17,2.52341684474849e-13
11748975549394.8,2.48259484454772e-13,1.06735536300582e-07,3.23268734346125e-16,2.86748367251828e-14,4.09255630676776e-17,2.46597686897013e-13
12022644346173.7,2.42608409290288e-13,1.06784367913485e-07,3.08799188190783e-16,2.80222010742829e-14,3.85046427979543e-17,2.40984438638203e-13
12302687708123.3,2.37085968258935e-13,1.06832539563606e-07,2.94976163454156e-16,2.73844156640077e-14,3.6218228788282e-17,2.35498963482476e-13
12589254117941.2,2.31689233293208e-13,1.06880016289952e-07,2.81770774308241e-16,2.67611428326639e-14,3.40595186164477e-17,2.30138352960701e-13
12882495516930.8,2.26415342976366e-13,1.06926765383472e-07,2.69155431262856e-16,2.61520525799194e-14,3.20220094290435e-17,2.24899764808475e-13
13182567385563.6,2.21261501025284e-13,1.06972756464765e-07,2.57103782369914e-16,2.55568223940607e-14,3.00994868537794e-17,2.19780421459114e-13
13489628825916,2.16224974807845e-13,1.07017961544367e-07,2.45590657116791e-16,2.49751370830724e-14,2.82860143266844e-17,2.14777608570972e-13
13803842646028.3,2.11303093894081e-13,1.07062355065846e-07,2.34592012888893e-16,2.44066886094597e-14,2.65759228037011e-17,2.09888673588261e-13
14125375446227,2.06493248640284e-13,1.07105913932171e-07,2.24084883886311e-16,2.38511759287336e-14,2.49638008291036e-17,2.05111024334647e-13
14454397707458.7,2.01792888805353e-13,1.07148617515943e-07,2.14047332384086e-16,2.33083048314846e-14,2.34444849359981e-17,2.00442127638847e-13
14791083881681.5,1.97199522198638e-13,1.07190447654225e-07,2.04458402230058e-16,2.27777877889662e-14,2.20130503568693e-17,1.95879507991518e-13
15135612484361.5,1.92710713358554e-13,1.07231388628845e-07,1.95298074478608e-16,2.22593438021161e-14,2.06648020246989e-17,1.91420746232717e-13
15488166189124.2,1.88324082261282e-13,1.07271427133125e-07,1.86547225062758e-16,2.17526982539418e-14,1.93952658475841e-17,1.87063478269233e-13
15848931924610.5,1.84037303058856e-13,1.07310552226108e-07,1.78187584411157e-16,2.12575827651966e-14,1.82001802420188e-17,1.82805393821124e-13
16218100973588.7,1.79848102845976e-13,1.07348755275364e-07,1.70201698920382e-16,2.07737350532797e-14,1.70754879120494e-17,1.7864423519678e-13
16595869074374.9,1.75754260454898e-13,1.0738602988956e-07,1.62572894196791e-16,2.03008987942869e-14,1.6017327863383e-17,1.74577796095871e-13
16982436524616.8,1.71753605277742e-13,1.07422371841964e-07,1.55285239985845e-16,1.98388234881475e-14,1.50220276432018e-17,1.70603920439541e-13
17378008287493.1,1.67844016115618e-13,1.07457778986061e-07,1.48323516710378e-16,1.93872643267787e-14,1.40860957979249e-17,1.66720501227233e-13
17782794100388.5,1.64023420053947e-13,1.07492251164476e-07,1.4167318354274e-16,1.89459820651936e-14,1.32062145424608e-17,1.62925479419531e-13
18197008586099.1,1.6028979136338e-13,1.07525790112349e-07,1.35320347939092e-16,1.85147428954982e-14,1.23792326356168e-17,1.59216842846438e-13
18620871366627.9,1.5664115042573e-13,1.0755839935629e-07,1.29251736567339e-16,1.80933183237136e-14,1.16021584572839e-17,1.55592625140498e-13
19054607179631.7,1.53075562684367e-13,1.07590084109979e-07,1.23454667563334e-16,1.76814850493649e-14,1.08721532838042e-17,1.52050904694204e-13
19498445997579.7,1.49591137618491e-13,1.07620851167435e-07,1.17917024052966e-16,1.72790248477725e-14,1.01865247585691e-17,1.48589803641147e-13
19952623149688,1.46186027740756e-13,1.07650708794905e-07,1.12627228880647e-16,1.68857244549901e-14,9.54272055539466e-18,1.45207486860337e-13
20417379446694.5,1.42858427617716e-13,1.07679666622259e-07,1.07574220487529e-16,1.65013754553294e-14,8.93832223259683e-18,1.41902161003213e-13
20892961308539.6,1.39606572912563e-13,1.07707735534705e-07,1.02747429885416e-16,1.61257741714151e-14,8.37103927595232e-18,1.38672073542782e-13
21379620895021.5,1.36428739449658e-13,1.07734927565554e-07,9.8136758674949e-17,1.57587215567159e-14,7.83870332889153e-18,1.35515511844408e-13
21877616239494.7,1.3332324230035e-13,1.07761255790712e-07,9.37325580590744e-17,1.54000230904945e-14,7.33926260834842e-18,1.32430802257756e-13
22387211385682.5,1.30288434889612e-13,1.0778673422546e-07,8.95256088051992e-17,1.50494886751263e-14,6.8707765046948e-18,1.294163092294e-13
22908676527676.8,1.27322708123007e-13,1.0781137772405e-07,8.55071021116568e-17,1.47069325357311e-14,6.43141036412803e-18,1.26470434435635e-13
23442288153198.3,1.24424489533527e-13,1.07835201882546e-07,8.16686213362905e-17,1.43721731220704e-14,6.01943045177345e-18,1.23591615935025e-13
23988329190193.9,1.21592242447856e-13,1.07858222945275e-07,7.80021245470037e-17,1.40450330126563e-14,5.6331990936151e-18,1.20778327340244e-13
24547089156849.3,1.18824465171603e-13,1.07880457715187e-07,7.44999278560885e-17,1.37253388210263e-14,5.27116999519156e-18,1.18029077008766e-13
25118864315094.8,1.16119690193093e-13,1.07901923468361e-07,7.11546895020101e-17,1.34129211041336e-14,4.93188373479618e-18,1.15342407251976e-13
25703957827687.6,1.13476483405267e-13,1.0792263787284e-07,6.79593946440993e-17,1.3107614272807e-14,4.61396342871063e-18,1.12716893562292e-13
26302679918952.8,1.10893443345309e-13,1.07942618911913e-07,6.49073408372902e-17,1.28092565042343e-14,4.31611056578429e-18,1.10151143857866e-13
26915348039268.1,1.0836920045157e-13,1.07961884811915e-07,6.19921241556477e-17,1.25176896564237e-14,4.03710100845621e-18,1.07643797744489e-13
27542287033380.6,1.05902416337412e-13,1.07980453974596e-07,5.92076259349457e-17,1.22327591845993e-14,3.77578115710487e-18,1.05193525794294e-13
28183829312643.4,1.03491783081578e-13,1.07998344914024e-07,5.65480001060042e-17,1.19543140594876e-14,3.5310642744099e-18,1.02799028840874e-13
28840315031264.9,1.01136022534716e-13,1.08015576198001e-07,5.40076610918628e-17,1.16822066874531e-14,3.30192696622072e-18,1.0045903729045e-13
29512092266662.7,9.88338856416902e-14,1.08032166393909e-07,5.1581272243167e-17,1.14162928324406e-14,3.08740581525404e-18,9.81723104487153e-14
30199517204018.9,9.65841517793171e-14,1.08048134018883e-07,4.92637347873748e-17,1.11564315396852e-14,2.88659416378605e-18,9.59376358630047e-14
30902954325134.7,9.43856281091751e-14,1.08063497494198e-07,4.70501772685586e-17,1.09024850611492e-14,2.69863904136867e-18,9.37538286794363e-14
31622776601682.5,9.22371489451473e-14,1.08078275103728e-07,4.49359454556871e-17,1.06543187826479e-14,2.52273823348177e-18,9.1619731014687e-14
32359365692961.5,9.0137575135361e-14,1.0809248495631e-07,4.29165926983161e-17,1.04118011526262e-14,2.35813748693687e-18,8.9534211342069e-14
33113112148257.8,8.80857934581945e-14,1.08106144951871e-07,4.09878707096168e-17,1.01748036125488e-14,2.20412784777088e-18,8.7496163891579e-14
33884415613918.9,8.60807160320342e-14,1.08119272751117e-07,3.91457207576098e-17,9.94320052886865e-15,2.06004312731229e-18,8.55045080636055e-14
34673685045251.8,8.41212797384652e-14,1.08131885748624e-07,3.73862652463705e-17,9.71686912653627e-15,1.92525749206486e-18,8.35581878559812e-14
35481338923356.1,8.22064456585939e-14,1.08144001049124e-07,3.5705799669817e-17,9.49568942401767e-15,1.79918317303519e-18,8.1656171304077e-14
36307805477008.7,8.03351985221993e-14,1.08155635446828e-07,3.41007849214997e-17,9.27954416978519e-15,1.68126829012982e-18,7.97974499336413e-14
37153522909715.8,7.85065461694246e-14,1.08166805407572e-07,3.25678399445737e-17,9.06831878024881e-15,1.57099478726275e-18,7.79810382260941e-14
38018939632054.6,7.67195190247212e-14,1.08177527053618e-07,3.11037347068631e-17,8.86190127909547e-15,1.46787647384526e-18,7.62059730959926e-14
38904514499426.5,7.49731695827681e-14,1.08187816150917e-07,2.97053834866131e-17,8.6601822380045e-15,1.37145716837438e-18,7.44713133803906e-14
39810717055348.1,7.3266571906092e-14,1.08197688098675e-07,2.83698384551823e-17,8.46305471870827e-15,1.28130893989423e-18,7.27761393398222e-14
40738027780409.6,7.15988211341241e-14,1.08207157921019e-07,2.7094283543551e-17,8.27041421636775e-15,1.19703044317277e-18,7.11195521706437e-14
41686938347031.9,6.99690330034314e-14,1.08216240260633e-07,2.5876028580111e-17,8.08215860423314e-15,1.11824534351585e-18,6.95006735284771e-14
42657951880157.5,6.83763433788686e-14,1.08224949374172e-07,2.4712503687768e-17,7.8981880795608e-15,1.04460082722784e-18,6.79186450624996e-14
43651583224014.8,6.68199077954036e-14,1.08233299129315e-07,2.36012539289234e-17,7.71840511075796e-15,9.75766193823594e-19,6.63726279603359e-14
44668359215094.5,6.52989010103706e-14,1.08241303003316e-07,2.25399341874117e-17,7.54271438572752e-15,9.11431526198201e-19,6.48618025033083e-14
45708818961485.6,6.38125165659158e-14,1.08248974082901e-07,2.15263042769582e-17,7.37102276138581e-15,8.51306435067736e-19,6.33853676318117e-14
46773514128717.9,6.23599663614042e-14,1.08256325065388e-07,2.05582242661822e-17,7.20323921432689e-15,7.95118874105902e-19,6.19425405205812e-14
47863009232261.9,6.09404802355572e-14,1.08263368260904e-07,1.96336500106166e-17,7.03927479260728e-15,7.42614022315629e-19,6.05325561636283e-14
48977881936842.6,5.95533055581043e-14,1.08270115595584e-07,1.8750628882632e-17,6.87904256862604e-15,6.93553230291894e-19,5.91546669686245e-14
50118723362725.2,5.81977068307283e-14,1.08276578615645e-07,1.79072956905572e-17,6.72245759307515e-15,6.47713027150486e-19,5.78081423605181e-14
51286138399134.4,5.68729652970947e-14,1.08282768492223e-07,1.71018687786733e-17,6.56943684993618e-15,6.04884185016829e-19,5.64922683941744e-14
52480746024975.1,5.5578378561758e-14,1.08288696026892e-07,1.63326463001198e-17,6.41989921249945e-15,5.64870838088565e-19,5.52063473758319e-14
53703179637023.1,5.43132602177426e-14,1.08294371657775e-07,1.55980026551057e-17,6.27376540038256e-15,5.27489653404692e-19,5.39496974931765e-14
54954087385760.2,5.30769394826008e-14,1.08299805466151e-07,1.48963850871491e-17,6.13095793752573e-15,4.92569050572233e-19,5.27216524538358e-14
56234132519032.6,5.18687608427552e-14,1.0830500718351e-07,1.42263104303878e-17,5.99140111114163e-15,4.59948467818133e-19,5.15215611321017e-14
57543993733713.4,5.06880837059374e-14,1.08309986198957e-07,1.35863620013106e-17,5.85502093159837e-15,4.29477671848983e-19,5.03487872236956e-14
58884365535556.5,4.95342820615369e-14,1.08314751566925e-07,1.29751866285457e-17,5.72174509321418e-15,4.01016109113842e-19,4.92027089083914e-14
60255958607433.3,4.84067441486832e-14,1.08319312015134e-07,1.23914918146244e-17,5.59150293594341e-15,3.74432296175684e-19,4.80827185203181e-14
61659500186145.7,4.73048721318811e-14,1.08323675952734e-07,1.18340430239039e-17,5.46422540793337e-15,3.49603247004408e-19,4.69882222257676e-14
63095734448016.8,4.62280817840315e-14,1.08327851478592e-07,1.13016610910838e-17,5.33984502893253e-15,3.2641393510895e-19,4.59186397083363e-14
64565422903462.9,4.5175802176666e-14,1.08331846389684e-07,1.07932197449987e-17,5.21829585453058e-15,3.04756788527392e-19,4.48734038612337e-14
66069344800756.9,4.41474753772337e-14,1.08335668189543e-07,1.03076432425988e-17,5.09951344121152e-15,2.84531215792189e-19,4.3851960486595e-14
67608297539195.4,4.31425561532776e-14,1.08339324096737e-07,9.84390410825286e-18,4.98343481220143e-15,2.65643161082505e-19,4.28537680016382e-14
69183097091890.8,4.21605116833454e-14,1.08342821053334e-07,9.401020973722e-18,4.86999842409276e-15,2.48004686867076e-19,4.18782971515096e-14
70794578438410.9,4.1200821274481e-14,1.08346165733346e-07,8.9780565143553e-18,4.75914413422765e-15,2.31533582429116e-19,4.09250307286661e-14
72443596007496,4.02629760861457e-14,1.083493645511e-07,8.57411547725217e-18,4.6508131688229e-15,2.16152996749339e-19,3.9993463298645e-14
74131024130088.7,3.93464788604247e-14,1.08352423669544e-07,8.18834279732374e-18,4.54494809181988e-15,2.01791094304373e-19,3.90831009320759e-14
75857757502915.2,3.84508436583744e-14,1.08355349008441e-07,7.81992179736293e-18,4.44149277444292e-15,1.88380732415561e-19,3.81934609427931e-14
77624711662866,3.75755956023712e-14,1.08358146252456e-07,7.4680724684034e-18,4.34039236544996e-15,1.75859158857584e-19,3.73240716319087e-14
79432823472424.9,3.6720270624325e-14,1.08360820859107e-07,7.1320498268103e-18,4.24159326205996e-15,1.64167728507375e-19,3.64744720377119e-14
81283051616406.6,3.58844152196244e-14,1.08363378066574e-07,6.81114234470218e-18,4.14504308154148e-15,1.53251637881629e-19,3.56442116912611e-14
83176377110263.7,3.50675862066828e-14,1.08365822901362e-07,6.50467045045197e-18,4.05069063344751e-15,1.43059676475895e-19,3.48328503775391e-14
85113803820234.1,3.42693504919572e-14,1.08368160185788e-07,6.2119850961581e-18,3.95848589248199e-15,1.33543993879742e-19,3.40399579020456e-14
87096358995604.5,3.34892848403169e-14,1.08370394545312e-07,5.93246638911328e-18,3.86837997198341e-15,1.24659881701102e-19,3.32651138627021e-14
89125093813370.9,3.27269756506382e-14,1.08372530415686e-07,5.66552228442881e-18,3.78032509801168e-15,1.16365569388495e-19,3.25079074269496e-14
91201083935587.2,3.1982018736508e-14,1.08374572049922e-07,5.4105873360977e-18,3.69427458402452e-15,1.08622033092695e-19,3.17679371139192e-14
93325430079695.2,3.12540191119188e-14,1.08376523525084e-07,5.16712150389898e-18,3.61018280612992e-15,1.01392816759504e-19,3.10448105815623e-14
95499258602139.6,3.05425907818418e-14,1.08378388748887e-07,4.93460901366023e-18,3.52800517890159e-15,9.46438646928062e-20,3.03381444186253e-14
97723722095577,2.98473565375672e-14,1.08380171466114e-07,4.71255726850466e-18,3.44769813174468e-15,8.8343364872066e-20,2.96475639413598e-14
99999999999995.8,2.91679477567036e-14,1.08381875264843e-07,4.50049580881362e-18,3.36921908579919e-15,8.24616023510074e-20,2.89727029948608e-14
