 frequency              v(out)                 v(out)                 v(xdut.e)              v(xdut.e)              v(xdut.x)              v(xdut.x)              i(VIN)                 i(VIN)                
 1.000000000000000e+00 -7.155108761976124e-05  5.226794658695241e-14  7.155100410954312e-05 -1.251367313406484e-16  8.350898476633194e-01 -1.365106978553783e-12  1.715737026500988e-27  1.049572387031331e-15 
 1.023292992280754e+00 -7.155108761976124e-05  5.348542346333315e-14  7.155100410954312e-05 -1.280515402578049e-16  8.350898476633194e-01 -1.396904404867640e-12  1.796597221397147e-27  1.074020068540544e-15 
 1.047128548050899e+00 -7.155108761976124e-05  5.473125901919741e-14  7.155100410954312e-05 -1.310342437965687e-16  8.350898476633194e-01 -1.429442488387174e-12  1.881268239873876e-27  1.099037209706434e-15 
 1.071519305237606e+00 -7.155108761976124e-05  5.600611381304755e-14  7.155100410954312e-05 -1.340864234258366e-16  8.350898476633194e-01 -1.462738481234958e-12  1.969929680513402e-27  1.124637074948388e-15 
 1.096478196143185e+00 -7.155108761976124e-05  5.731066378976985e-14  7.155100410954312e-05 -1.372096974516486e-16  8.350898476633194e-01 -1.496810037387127e-12  2.062769606118373e-27  1.150833237653811e-15 
 1.122018454301963e+00 -7.155108761976124e-05  5.864560063902993e-14  7.155100410954312e-05 -1.404057218752342e-16  8.350898476633194e-01 -1.531675222033738e-12  2.159984942618254e-27  1.177639587374916e-15 
 1.148153621496882e+00 -7.155108761976124e-05  6.001163216201499e-14  7.155100410954312e-05 -1.436761912710479e-16  8.350898476633194e-01 -1.567352521157194e-12  2.261781896775660e-27  1.205070337193150e-15 
 1.174897554939529e+00 -7.155108761976124e-05  6.140948264672028e-14  7.155100410954312e-05 -1.470228396852526e-16  8.350898476633194e-01 -1.603860851333729e-12  2.368376393578506e-27  1.233140031255156e-15 
 1.202264434617413e+00 -7.155108761976124e-05  6.283989325197541e-14  7.155100410954312e-05 -1.504474415551358e-16  8.350898476633194e-01 -1.641219569763250e-12  2.479994534245888e-27  1.261863552484271e-15 
 1.230268770812381e+00 -7.155108761976124e-05  6.430362240041709e-14  7.155100410954312e-05 -1.539518126499388e-16  8.350898476633194e-01 -1.679448484532768e-12  2.596873075819063e-27  1.291256130471652e-15 
 1.258925411794167e+00 -7.155108761976124e-05  6.580144618061456e-14  7.155100410954312e-05 -1.575378110336018e-16  8.350898476633194e-01 -1.718567865118913e-12  2.719259933354888e-27  1.321333349551205e-15 
 1.288249551693134e+00 -7.155108761976124e-05  6.733415875856207e-14  7.155100410954312e-05 -1.612073380499345e-16  8.350898476633194e-01 -1.758598453135081e-12  2.847414705786891e-27  1.352111157062605e-15 
 1.318256738556407e+00 -7.155108761976124e-05  6.890257279875633e-14  7.155100410954312e-05 -1.649623393307325e-16  8.350898476633194e-01 -1.799561473328902e-12  2.981609226569406e-27  1.383605871806785e-15 
 1.348962882591653e+00 -7.155108761976124e-05  7.050751989508189e-14  7.155100410954312e-05 -1.688048058273783e-16  8.350898476633194e-01 -1.841478644835894e-12  3.122128140272787e-27  1.415834192698387e-15 
 1.380384264602885e+00 -7.155108761976124e-05  7.214985101173318e-14  7.155100410954312e-05 -1.727367748664696e-16  8.350898476633194e-01 -1.884372192695229e-12  3.269269506352697e-27  1.448813207619738e-15 
 1.412537544622754e+00 -7.155108761976124e-05  7.383043693440700e-14  7.155100410954312e-05 -1.767603312300368e-16  8.350898476633194e-01 -1.928264859633748e-12  3.423345431374184e-27  1.482560402481079e-15 
 1.445439770745927e+00 -7.155108761976124e-05  7.555016873200485e-14  7.155100410954312e-05 -1.808776082609214e-16  8.350898476633194e-01 -1.973179918124445e-12  3.584682731031525e-27  1.517093670491823e-15 
 1.479108388168207e+00 -7.155108761976124e-05  7.730995822908908e-14  7.155100410954312e-05 -1.850907889939044e-16  8.350898476633194e-01 -2.019141182725858e-12  3.753623623368176e-27  1.552431321647769e-15 
 1.513561248436208e+00 -7.155108761976124e-05  7.911073848934469e-14  7.155100410954312e-05 -1.894021073131781e-16  8.350898476633194e-01 -2.066173022708844e-12  3.930526454667074e-27  1.588592092439312e-15 
 1.548816618912481e+00 -7.155108761976124e-05  8.095346431030174e-14  7.155100410954312e-05 -1.938138491367825e-16  8.350898476633194e-01 -2.114300374977504e-12  4.115766459551184e-27  1.625595155785768e-15 
 1.584893192461113e+00 -7.155108761976124e-05  8.283911272958192e-14  7.155100410954312e-05 -1.983283536286288e-16  8.350898476633194e-01 -2.163548757291049e-12  4.309736556906420e-27  1.663460131201117e-15 
 1.621810097358929e+00 -7.155108761976124e-05  8.476868354293658e-14  7.155100410954312e-05 -2.029480144387552e-16  8.350898476633194e-01 -2.213944281793665e-12  4.512848183315304e-27  1.702207095196527e-15 
 1.659586907437560e+00 -7.155108761976124e-05  8.674319983435193e-14  7.155100410954312e-05 -2.076752809724713e-16  8.350898476633194e-01 -2.265513668859503e-12  4.725532165769090e-27  1.741856591925184e-15 
 1.698243652461743e+00 -7.155108761976124e-05  8.876370851850137e-14  7.155100410954312e-05 -2.125126596890667e-16  8.350898476633194e-01 -2.318284261260192e-12  4.948239635509614e-27  1.782429644075078e-15 
 1.737800828749374e+00 -7.155108761976124e-05  9.083128089583390e-14  7.155100410954312e-05 -2.174627154307666e-16  8.350898476633194e-01 -2.372284038662320e-12  5.181442984939093e-27  1.823947764015506e-15 
 1.778279410038922e+00 -7.155108761976124e-05  9.294701322059161e-14  7.155100410954312e-05 -2.225280727826472e-16  8.350898476633194e-01 -2.427541632462637e-12  5.425636869627790e-27  1.866432965203219e-15 
 1.819700858609982e+00 -7.155108761976124e-05  9.511202728205794e-14  7.155100410954312e-05 -2.277114174642246e-16  8.350898476633194e-01 -2.484086340968799e-12  5.681339257544776e-27  1.909907773854242e-15 
 1.862087136662866e+00 -7.155108761976124e-05  9.732747099934582e-14  7.155100410954312e-05 -2.330154977534583e-16  8.350898476633194e-01 -2.541948144933711e-12  5.949092527737436e-27  1.954395240887581e-15 
 1.905460717963246e+00 -7.155108761976124e-05  9.959451903003890e-14  7.155100410954312e-05 -2.384431259439257e-16  8.350898476633194e-01 -2.601157723451729e-12  6.229464620790156e-27  1.999918954147118e-15 
 1.949844599758044e+00 -7.155108761976124e-05  1.019143733930110e-13  7.155100410954312e-05 -2.439971798359365e-16  8.350898476633194e-01 -2.661746470225115e-12  6.523050243502445e-27  2.046503050908200e-15 
 1.995262314968878e+00 -7.155108761976124e-05  1.042882641057523e-13  7.155100410954312e-05 -2.496806042623807e-16  8.350898476633194e-01 -2.723746510209393e-12  6.830472130341781e-27  2.094172230675545e-15 
 2.041737944669527e+00 -7.155108761976124e-05  1.067174498365409e-13  7.155100410954312e-05 -2.554964126501182e-16  8.350898476633194e-01 -2.787190716646429e-12  7.152382364346917e-27  2.142951768279240e-15 
 2.089296130854037e+00 -7.155108761976124e-05  1.092032185718052e-13  7.155100410954312e-05 -2.614476886177378e-16  8.350898476633194e-01 -2.852112728494264e-12  7.489463760283449e-27  2.192867527275797e-15 
 2.137962089502230e+00 -7.155108761976124e-05  1.117468882990317e-13  7.155100410954312e-05 -2.675375876105318e-16  8.350898476633194e-01 -2.918546968262923e-12  7.842431312985439e-27  2.243945973661348e-15 
 2.187761623949550e+00 -7.155108761976124e-05  1.143498077055793e-13  7.155100410954312e-05 -2.737693385735557e-16  8.350898476633194e-01 -2.986528660265691e-12  8.212033713955359e-27  2.296214189904271e-15 
 2.238721138568337e+00 -7.155108761976124e-05  1.170133568937712e-13  7.155100410954312e-05 -2.801462456636563e-16  8.350898476633194e-01 -3.056093849295506e-12  8.599054939439097e-27  2.349699889304669e-15 
 2.290867652767770e+00 -7.155108761976124e-05  1.197389481126429e-13  7.155100410954312e-05 -2.866716900013823e-16  8.350898476633194e-01 -3.127279419736409e-12  9.004315913344784e-27  2.404431430688331e-15 
 2.344228815319919e+00 -7.155108761976124e-05  1.225280265067362e-13  7.155100410954312e-05 -2.933491314636952e-16  8.350898476633194e-01 -3.200123115120090e-12  9.428676248532331e-27  2.460437833442957e-15 
 2.398832919019488e+00 -7.155108761976124e-05  1.253820708823338e-13  7.155100410954312e-05 -3.001821105184447e-16  8.350898476633194e-01 -3.274663558138042e-12  9.873036070167653e-27  2.517748792904620e-15 
 2.454708915685027e+00 -7.155108761976124e-05  1.283025944915409e-13  7.155100410954312e-05 -3.071742501015713e-16  8.350898476633194e-01 -3.350940271119819e-12  1.033833792500881e-26  2.576394696102625e-15 
 2.511886431509577e+00 -7.155108761976124e-05  1.312911458346330e-13  7.155100410954312e-05 -3.143292575380342e-16  8.350898476633194e-01 -3.428993696988287e-12  1.082556878067405e-26  2.636406637871119e-15 
 2.570395782768860e+00 -7.155108761976124e-05  1.343493094810905e-13  7.155100410954312e-05 -3.216509265074824e-16  8.350898476633194e-01 -3.508865220702984e-12  1.133576211913234e-26  2.697816437335980e-15 
 2.630267991895378e+00 -7.155108761976124e-05  1.374787069097582e-13  7.155100410954312e-05 -3.291431390557187e-16  8.350898476633194e-01 -3.590597191203028e-12  1.187000012885745e-26  2.760656654785738e-15 
 2.691534803926912e+00 -7.155108761976124e-05  1.406809973685752e-13  7.155100410954312e-05 -3.368098676530070e-16  8.350898476633194e-01 -3.674232943861020e-12  1.242941600029450e-26  2.824960608935475e-15 
 2.754228703338163e+00 -7.155108761976124e-05  1.439578787543303e-13  7.155100410954312e-05 -3.446551773003299e-16  8.350898476633194e-01 -3.759816823460063e-12  1.301519632950898e-26  2.890762394592843e-15 
 2.818382931264450e+00 -7.155108761976124e-05  1.473110885129087e-13  7.155100410954312e-05 -3.526832276847084e-16  8.350898476633194e-01 -3.847394207705967e-12  1.362858363511613e-26  2.958096900735589e-15 
 2.884031503126602e+00 -7.155108761976124e-05  1.507424045605092e-13  7.155100410954312e-05 -3.608982753847200e-16  8.350898476633194e-01 -3.937011531287083e-12  1.427087899382942e-26  3.026999829010145e-15 
 2.951209226666381e+00 -7.155108761976124e-05  1.542536462263195e-13  7.155100410954312e-05 -3.693046761273938e-16  8.350898476633194e-01 -4.028716310494592e-12  1.494344480021867e-26  3.097507712661123e-15 
 3.019951720402012e+00 -7.155108761976124e-05  1.578466752171473e-13  7.155100410954312e-05 -3.779068870976755e-16  8.350898476633194e-01 -4.122557168416292e-12  1.564770765653175e-26  3.169657935901714e-15 
 3.090295432513586e+00 -7.155108761976124e-05  1.615233966045231e-13  7.155100410954312e-05 -3.867094693016854e-16  8.350898476633194e-01 -4.218583860717178e-12  1.638516139870902e-26  3.243488753735304e-15 
 3.162277660168374e+00 -7.155108761976124e-05  1.652857598347934e-13  7.155100410954312e-05 -3.957170899850239e-16  8.350898476633194e-01 -4.316847302020575e-12  1.715737026500982e-26  3.319039312238773e-15 
 3.235936569296277e+00 -7.155108761976124e-05  1.691357597627439e-13  7.155100410954312e-05 -4.049345251074075e-16  8.350898476633194e-01 -4.417399592903735e-12  1.796597221397141e-26  3.396349669318270e-15 
 3.311311214825905e+00 -7.155108761976124e-05  1.730754377092969e-13  7.155100410954312e-05 -4.143666618749453e-16  8.350898476633194e-01 -4.520294047522249e-12  1.881268239873869e-26  3.475460815948442e-15 
 3.388441561392020e+00 -7.155108761976124e-05  1.771068825438477e-13  7.155100410954312e-05 -4.240185013314003e-16  8.350898476633194e-01 -4.625585221877924e-12  1.969929680513396e-26  3.556414697906394e-15 
 3.467368504525310e+00 -7.155108761976124e-05  1.812322317918099e-13  7.155100410954312e-05 -4.338951610098097e-16  8.350898476633194e-01 -4.733328942745099e-12  2.062769606118365e-26  3.639254238011887e-15 
 3.548133892335748e+00 -7.155108761976124e-05  1.854536727679605e-13  7.155100410954312e-05 -4.440018776458675e-16  8.350898476633194e-01 -4.843582337270726e-12  2.159984942618248e-26  3.724023358885599e-15 
 3.630780547701007e+00 -7.155108761976124e-05  1.897734437361820e-13  7.155100410954312e-05 -4.543440099545135e-16  8.350898476633194e-01 -4.956403863263976e-12  2.261781896775654e-26  3.810767006237470e-15 
 3.715352290971718e+00 -7.155108761976124e-05  1.941938350962210e-13  7.155100410954312e-05 -4.649270414711904e-16  8.350898476633194e-01 -5.071853340191279e-12  2.368376393578498e-26  3.899531172697511e-15 
 3.801893963205605e+00 -7.155108761976124e-05  1.987171905980874e-13  7.155100410954312e-05 -4.757565834592925e-16  8.350898476633194e-01 -5.189991980893469e-12  2.479994534245877e-26  3.990362922201715e-15 
 3.890451449942799e+00 -7.155108761976124e-05  2.033459085847417e-13  7.155100410954312e-05 -4.868383778853280e-16  8.350898476633194e-01 -5.310882424041600e-12  2.596873075819054e-26  4.083310414945967e-15 
 3.981071705534965e+00 -7.155108761976124e-05  2.080824432637290e-13  7.155100410954312e-05 -4.981783004633859e-16  8.350898476633194e-01 -5.434588767348794e-12  2.719259933354879e-26  4.178422932921225e-15 
 4.073802778041119e+00 -7.155108761976124e-05  2.129293060084315e-13  7.155100410954312e-05 -5.097823637705185e-16  8.350898476633194e-01 -5.561176601555721e-12  2.847414705786880e-26  4.275750906043485e-15 
 4.168693834703346e+00 -7.155108761976124e-05  2.178890666896323e-13  7.155100410954312e-05 -5.216567204346897e-16  8.350898476633194e-01 -5.690713045207667e-12  2.981609226569393e-26  4.375345938892384e-15 
 4.265795188015918e+00 -7.155108761976124e-05  2.229643550380946e-13  7.155100410954312e-05 -5.338076663969786e-16  8.350898476633194e-01 -5.823266780241678e-12  3.122128140272776e-26  4.477260838072633e-15 
 4.365158322401651e+00 -7.155108761976124e-05  2.281578620388803e-13  7.155100410954312e-05 -5.462416442497707e-16  8.350898476633194e-01 -5.958908088402617e-12  3.269269506352685e-26  4.581549640212782e-15 
 4.466835921509622e+00 -7.155108761976124e-05  2.334723413581454e-13  7.155100410954312e-05 -5.589652466527065e-16  8.350898476633194e-01 -6.097708888507498e-12  3.423345431374166e-26  4.688267640616149e-15 
 4.570881896148741e+00 -7.155108761976124e-05  2.389106108031703e-13  7.155100410954312e-05 -5.719852198281980e-16  8.350898476633194e-01 -6.239742774577790e-12  3.584682731031510e-26  4.797471422579131e-15 
 4.677351412871972e+00 -7.155108761976124e-05  2.444755538163985e-13  7.155100410954312e-05 -5.853084671383624e-16  8.350898476633194e-01 -6.385085054859931e-12  3.753623623368165e-26  4.909218887392405e-15 
 4.786300923226373e+00 -7.155108761976124e-05  2.501701210042771e-13  7.155100410954312e-05 -5.989420527452756e-16  8.350898476633194e-01 -6.533812791754734e-12  3.930526454667058e-26  5.023569285040969e-15 
 4.897788193684452e+00 -7.155108761976124e-05  2.559973317017050e-13  7.155100410954312e-05 -6.128932053564911e-16  8.350898476633194e-01 -6.686004842676977e-12  4.115766459551171e-26  5.140583245619262e-15 
 5.011872336272712e+00 -7.155108761976124e-05  2.619602755729266e-13  7.155100410954312e-05 -6.271693220577859e-16  8.350898476633194e-01 -6.841741901866530e-12  4.309736556906405e-26  5.260322811478045e-15 
 5.128613839913638e+00 -7.155108761976124e-05  2.680621142497109e-13  7.155100410954312e-05 -6.417779722352040e-16  8.350898476633194e-01 -7.001106543173622e-12  4.512848183315289e-26  5.382851470120078e-15 
 5.248074602497715e+00 -7.155108761976124e-05  2.743060830076920e-13  7.155100410954312e-05 -6.567269015884368e-16  8.350898476633194e-01 -7.164183263840506e-12  4.725532165769080e-26  5.508234187862031e-15 
 5.370317963702516e+00 -7.155108761976124e-05  2.806954924817540e-13  7.155100410954312e-05 -6.720240362377000e-16  8.350898476633194e-01 -7.331058529303052e-12  4.948239635509600e-26  5.636537444280487e-15 
 5.495408738576233e+00 -7.155108761976124e-05  2.872337304213742e-13  7.155100410954312e-05 -6.876774869262650e-16  8.350898476633194e-01 -7.501820819035853e-12  5.181442984939072e-26  5.767829267460293e-15 
 5.623413251903478e+00 -7.155108761976124e-05  2.939242634868512e-13  7.155100410954312e-05 -7.036955533208877e-16  8.350898476633194e-01 -7.676560673465265e-12  5.425636869627776e-26  5.902179270063953e-15 
 5.754399373371556e+00 -7.155108761976124e-05  3.007706390873770e-13  7.155100410954312e-05 -7.200867284123917e-16  8.350898476633194e-01 -7.855370741975027e-12  5.681339257544757e-26  6.039658686241181e-15 
 5.888436553555876e+00 -7.155108761976124e-05  3.077764872619165e-13  7.155100410954312e-05 -7.368597030187755e-16  8.350898476633194e-01 -8.038345832030319e-12  5.949092527737419e-26  6.180340409398185e-15 
 6.025595860743564e+00 -7.155108761976124e-05  3.149455226039063e-13  7.155100410954312e-05 -7.540233703931900e-16  8.350898476633194e-01 -8.225582959445827e-12  6.229464620790137e-26  6.324299030846732e-15 
 6.165950018614807e+00 -7.155108761976124e-05  3.222815462307770e-13  7.155100410954312e-05 -7.715868309392667e-16  8.350898476633194e-01 -8.417181399824899e-12  6.523050243502419e-26  6.471610879353424e-15 
 6.309573444801917e+00 -7.155108761976124e-05  3.297884477993599e-13  7.155100410954312e-05 -7.895593970362668e-16  8.350898476633194e-01 -8.613242741196731e-12  6.830472130341757e-26  6.622354061610247e-15 
 6.456542290346539e+00 -7.155108761976124e-05  3.374702075682322e-13  7.155100410954312e-05 -8.079505979766298e-16  8.350898476633194e-01 -8.813870937879692e-12  7.152382364346902e-26  6.776608503647754e-15 
 6.606934480075944e+00 -7.155108761976124e-05  3.453308985081034e-13  7.155100410954312e-05 -8.267701850185307e-16  8.350898476633194e-01 -9.019172365599294e-12  7.489463760283439e-26  6.934455993212916e-15 
 6.760829753919801e+00 -7.155108761976124e-05  3.533746884613588e-13  7.155100410954312e-05 -8.460281365561239e-16  8.350898476633194e-01 -9.229255877889976e-12  7.842431312985416e-26  7.095980223134053e-15 
 6.918309709189348e+00 -7.155108761976124e-05  3.616058423519031e-13  7.155100410954312e-05 -8.657346634102267e-16  8.350898476633194e-01 -9.444232863810775e-12  8.212033713955330e-26  7.261266835695899e-15 
 7.079457843841362e+00 -7.155108761976124e-05  3.700287244464816e-13  7.155100410954312e-05 -8.859002142422221e-16  8.350898476633194e-01 -9.664217307005160e-12  8.599054939439077e-26  7.430403468048258e-15 
 7.244359600749883e+00 -7.155108761976124e-05  3.786478006686709e-13  7.155100410954312e-05 -9.065354810940842e-16  8.350898476633194e-01 -9.889325846136757e-12  9.004315913344751e-26  7.603479798672395e-15 
 7.413102413009157e+00 -7.155108761976124e-05  3.874676409667708e-13  7.155100410954312e-05 -9.276514050574385e-16  8.350898476633194e-01 -1.011967783673268e-11  9.428676248532299e-26  7.780587594929741e-15 
 7.585775750291819e+00 -7.155108761976124e-05  3.964929217368517e-13  7.155100410954312e-05 -9.492591820746723e-16  8.350898476633194e-01 -1.035539541446742e-11  9.873036070167632e-26  7.961820761718171e-15 
 7.762471166286898e+00 -7.155108761976124e-05  4.057284283022416e-13  7.155100410954312e-05 -9.713702688751735e-16  8.350898476633194e-01 -1.059660355992077e-11  1.033833792500880e-25  8.147275391261619e-15 
 7.943282347242794e+00 -7.155108761976124e-05  4.151790574507683e-13  7.155100410954312e-05 -9.939963890498364e-16  8.350898476633194e-01 -1.084343016484421e-11  1.082556878067400e-25  8.337049814059455e-15 
 8.128305161640972e+00 -7.155108761976124e-05  4.248498200311000e-13  7.155100410954312e-05 -1.017149539267071e-15  8.350898476633194e-01 -1.109600609997082e-11  1.133576211913231e-25  8.531244651022604e-15 
 8.317637711026689e+00 -7.155108761976124e-05  4.347458436095638e-13  7.155100410954312e-05 -1.040841995633593e-15  8.350898476633194e-01 -1.135446528440466e-11  1.187000012885742e-25  8.729962866824098e-15 
 8.511380382023743e+00 -7.155108761976124e-05  4.448723751888512e-13  7.155100410954312e-05 -1.065086320203371e-15  8.350898476633194e-01 -1.161894475662639e-11  1.242941600029447e-25  8.933309824492303e-15 
 8.709635899560784e+00 -7.155108761976124e-05  4.552347839900463e-13  7.155100410954312e-05 -1.089895367638204e-15  8.350898476633194e-01 -1.188958474715298e-11  1.301519632950895e-25  9.141393341275786e-15 
 8.912509381337431e+00 -7.155108761976124e-05  4.658385642994570e-13  7.155100410954312e-05 -1.115282292023430e-15  8.350898476633194e-01 -1.216652875288979e-11  1.362858363511610e-25  9.354323745809459e-15 
 9.120108393559072e+00 -7.155108761976124e-05  4.766893383817618e-13  7.155100410954312e-05 -1.141260553842394e-15  8.350898476633194e-01 -1.244992361321443e-11  1.427087899382938e-25  9.572213936612274e-15 
 9.332543007969884e+00 -7.155108761976124e-05  4.877928594610058e-13  7.155100410954312e-05 -1.167843927113374e-15  8.350898476633194e-01 -1.273991958783301e-11  1.494344480021864e-25  9.795179441947510e-15 
 9.549925860214332e+00 -7.155108761976124e-05  4.991550147710380e-13  7.155100410954312e-05 -1.195046506692752e-15  8.350898476633194e-01 -1.303667043644984e-11  1.564770765653171e-25  1.002333848107740e-14 
 9.772372209558078e+00 -7.155108761976124e-05  5.107818286769998e-13  7.155100410954312e-05 -1.222882715748288e-15  8.350898476633194e-01 -1.334033350029279e-11  1.638516139870898e-25  1.025681202694451e-14 
 9.999999999999970e+00 -7.155108761976124e-05  5.226794658695223e-13  7.155100410954312e-05 -1.251367313406481e-15  8.350898476633194e-01 -1.365106978553780e-11  1.715737026500978e-25  1.049572387031328e-14 
 1.023292992280751e+01 -7.155108761976124e-05  5.348542346333300e-13  7.155100410954312e-05 -1.280515402578045e-15  8.350898476633194e-01 -1.396904404867636e-11  1.796597221397137e-25  1.074020068540542e-14 
 1.047128548050896e+01 -7.155108761976124e-05  5.473125901919728e-13  7.155100410954312e-05 -1.310342437965683e-15  8.350898476633194e-01 -1.429442488387170e-11  1.881268239873865e-25  1.099037209706431e-14 
 1.071519305237603e+01 -7.155108761976124e-05  5.600611381304738e-13  7.155100410954312e-05 -1.340864234258362e-15  8.350898476633194e-01 -1.462738481234954e-11  1.969929680513391e-25  1.124637074948385e-14 
 1.096478196143182e+01 -7.155108761976124e-05  5.731066378976978e-13  7.155100410954312e-05 -1.372096974516480e-15  8.350898476633194e-01 -1.496810037387120e-11  2.062769606118357e-25  1.150833237653807e-14 
 1.122018454301960e+01 -7.155108761976124e-05  5.864560063902974e-13  7.155100410954312e-05 -1.404057218752339e-15  8.350898476633194e-01 -1.531675222033735e-11  2.159984942618242e-25  1.177639587374913e-14 
 1.148153621496879e+01 -7.155108761976124e-05  6.001163216201485e-13  7.155100410954312e-05 -1.436761912710475e-15  8.350898476633194e-01 -1.567352521157190e-11  2.261781896775648e-25  1.205070337193147e-14 
 1.174897554939526e+01 -7.155108761976124e-05  6.140948264672007e-13  7.155100410954312e-05 -1.470228396852522e-15  8.350898476633194e-01 -1.603860851333725e-11  2.368376393578493e-25  1.233140031255152e-14 
 1.202264434617409e+01 -7.155108761976124e-05  6.283989325197531e-13  7.155100410954312e-05 -1.504474415551351e-15  8.350898476633194e-01 -1.641219569763242e-11  2.479994534245869e-25  1.261863552484268e-14 
 1.230268770812378e+01 -7.155108761976124e-05  6.430362240041696e-13  7.155100410954312e-05 -1.539518126499381e-15  8.350898476633194e-01 -1.679448484532761e-11  2.596873075819045e-25  1.291256130471649e-14 
 1.258925411794163e+01 -7.155108761976124e-05  6.580144618061440e-13  7.155100410954312e-05 -1.575378110336012e-15  8.350898476633194e-01 -1.718567865118906e-11  2.719259933354869e-25  1.321333349551201e-14 
 1.288249551693130e+01 -7.155108761976124e-05  6.733415875856187e-13  7.155100410954312e-05 -1.612073380499340e-15  8.350898476633194e-01 -1.758598453135075e-11  2.847414705786873e-25  1.352111157062600e-14 
 1.318256738556403e+01 -7.155108761976124e-05  6.890257279875616e-13  7.155100410954312e-05 -1.649623393307318e-15  8.350898476633194e-01 -1.799561473328895e-11  2.981609226569385e-25  1.383605871806781e-14 
 1.348962882591649e+01 -7.155108761976124e-05  7.050751989508163e-13  7.155100410954312e-05 -1.688048058273779e-15  8.350898476633194e-01 -1.841478644835889e-11  3.122128140272768e-25  1.415834192698382e-14 
 1.380384264602880e+01 -7.155108761976124e-05  7.214985101173291e-13  7.155100410954312e-05 -1.727367748664691e-15  8.350898476633194e-01 -1.884372192695224e-11  3.269269506352677e-25  1.448813207619734e-14 
 1.412537544622749e+01 -7.155108761976124e-05  7.383043693440678e-13  7.155100410954312e-05 -1.767603312300360e-15  8.350898476633194e-01 -1.928264859633740e-11  3.423345431374157e-25  1.482560402481074e-14 
 1.445439770745922e+01 -7.155108761976124e-05  7.555016873200461e-13  7.155100410954312e-05 -1.808776082609208e-15  8.350898476633194e-01 -1.973179918124438e-11  3.584682731031500e-25  1.517093670491817e-14 
 1.479108388168202e+01 -7.155108761976124e-05  7.730995822908886e-13  7.155100410954312e-05 -1.850907889939037e-15  8.350898476633194e-01 -2.019141182725850e-11  3.753623623368150e-25  1.552431321647764e-14 
 1.513561248436203e+01 -7.155108761976124e-05  7.911073848934442e-13  7.155100410954312e-05 -1.894021073131775e-15  8.350898476633194e-01 -2.066173022708837e-11  3.930526454667049e-25  1.588592092439307e-14 
 1.548816618912476e+01 -7.155108761976124e-05  8.095346431030150e-13  7.155100410954312e-05 -1.938138491367818e-15  8.350898476633194e-01 -2.114300374977496e-11  4.115766459551155e-25  1.625595155785763e-14 
 1.584893192461108e+01 -7.155108761976124e-05  8.283911272958163e-13  7.155100410954312e-05 -1.983283536286283e-15  8.350898476633194e-01 -2.163548757291043e-11  4.309736556906395e-25  1.663460131201112e-14 
 1.621810097358924e+01 -7.155108761976124e-05  8.476868354293632e-13  7.155100410954312e-05 -2.029480144387544e-15  8.350898476633194e-01 -2.213944281793657e-11  4.512848183315273e-25  1.702207095196521e-14 
 1.659586907437554e+01 -7.155108761976124e-05  8.674319983435161e-13  7.155100410954312e-05 -2.076752809724708e-15  8.350898476633194e-01 -2.265513668859498e-11  4.725532165769062e-25  1.741856591925179e-14 
 1.698243652461738e+01 -7.155108761976124e-05  8.876370851850106e-13  7.155100410954312e-05 -2.125126596890659e-15  8.350898476633194e-01 -2.318284261260185e-11  4.948239635509581e-25  1.782429644075072e-14 
 1.737800828749369e+01 -7.155108761976124e-05  9.083128089583362e-13  7.155100410954312e-05 -2.174627154307658e-15  8.350898476633194e-01 -2.372284038662311e-11  5.181442984939058e-25  1.823947764015500e-14 
 1.778279410038916e+01 -7.155108761976124e-05  9.294701322059130e-13  7.155100410954312e-05 -2.225280727826465e-15  8.350898476633194e-01 -2.427541632462628e-11  5.425636869627754e-25  1.866432965203212e-14 
 1.819700858609976e+01 -7.155108761976124e-05  9.511202728205768e-13  7.155100410954312e-05 -2.277114174642237e-15  8.350898476633194e-01 -2.484086340968789e-11  5.681339257544737e-25  1.909907773854236e-14 
 1.862087136662860e+01 -7.155108761976124e-05  9.732747099934556e-13  7.155100410954312e-05 -2.330154977534575e-15  8.350898476633194e-01 -2.541948144933702e-11  5.949092527737395e-25  1.954395240887574e-14 
 1.905460717963240e+01 -7.155108761976124e-05  9.959451903003863e-13  7.155100410954312e-05 -2.384431259439248e-15  8.350898476633194e-01 -2.601157723451720e-11  6.229464620790115e-25  1.999918954147112e-14 
 1.949844599758038e+01 -7.155108761976124e-05  1.019143733930107e-12  7.155100410954312e-05 -2.439971798359356e-15  8.350898476633194e-01 -2.661746470225106e-11  6.523050243502404e-25  2.046503050908195e-14 
 1.995262314968872e+01 -7.155108761976124e-05  1.042882641057520e-12  7.155100410954312e-05 -2.496806042623797e-15  8.350898476633194e-01 -2.723746510209383e-11  6.830472130341735e-25  2.094172230675539e-14 
 2.041737944669521e+01 -7.155108761976124e-05  1.067174498365405e-12  7.155100410954312e-05 -2.554964126501178e-15  8.350898476633194e-01 -2.787190716646425e-11  7.152382364346886e-25  2.142951768279234e-14 
 2.089296130854031e+01 -7.155108761976124e-05  1.092032185718048e-12  7.155100410954312e-05 -2.614476886177371e-15  8.350898476633194e-01 -2.852112728494257e-11  7.489463760283408e-25  2.192867527275790e-14 
 2.137962089502224e+01 -7.155108761976124e-05  1.117468882990315e-12  7.155100410954312e-05 -2.675375876105309e-15  8.350898476633194e-01 -2.918546968262913e-11  7.842431312985392e-25  2.243945973661342e-14 
 2.187761623949544e+01 -7.155108761976124e-05  1.143498077055790e-12  7.155100410954312e-05 -2.737693385735546e-15  8.350898476633194e-01 -2.986528660265680e-11  8.212033713955303e-25  2.296214189904264e-14 
 2.238721138568331e+01 -7.155108761976124e-05  1.170133568937708e-12  7.155100410954312e-05 -2.801462456636558e-15  8.350898476633194e-01 -3.056093849295501e-11  8.599054939439059e-25  2.349699889304662e-14 
 2.290867652767764e+01 -7.155108761976124e-05  1.197389481126425e-12  7.155100410954312e-05 -2.866716900013814e-15  8.350898476633194e-01 -3.127279419736399e-11  9.004315913344729e-25  2.404431430688325e-14 
 2.344228815319913e+01 -7.155108761976124e-05  1.225280265067359e-12  7.155100410954312e-05 -2.933491314636945e-15  8.350898476633194e-01 -3.200123115120082e-11  9.428676248532280e-25  2.460437833442950e-14 
 2.398832919019481e+01 -7.155108761976124e-05  1.253820708823333e-12  7.155100410954312e-05 -3.001821105184442e-15  8.350898476633194e-01 -3.274663558138037e-11  9.873036070167610e-25  2.517748792904612e-14 
 2.454708915685020e+01 -7.155108761976124e-05  1.283025944915405e-12  7.155100410954312e-05 -3.071742501015709e-15  8.350898476633194e-01 -3.350940271119814e-11  1.033833792500877e-24  2.576394696102617e-14 
 2.511886431509570e+01 -7.155108761976124e-05  1.312911458346327e-12  7.155100410954312e-05 -3.143292575380330e-15  8.350898476633194e-01 -3.428993696988274e-11  1.082556878067397e-24  2.636406637871112e-14 
 2.570395782768853e+01 -7.155108761976124e-05  1.343493094810901e-12  7.155100410954312e-05 -3.216509265074816e-15  8.350898476633194e-01 -3.508865220702976e-11  1.133576211913228e-24  2.697816437335972e-14 
 2.630267991895371e+01 -7.155108761976124e-05  1.374787069097578e-12  7.155100410954312e-05 -3.291431390557179e-15  8.350898476633194e-01 -3.590597191203019e-11  1.187000012885738e-24  2.760656654785730e-14 
 2.691534803926904e+01 -7.155108761976123e-05  1.406809973685748e-12  7.155100410954312e-05 -3.368098676530057e-15  8.350898476633194e-01 -3.674232943861006e-11  1.242941600029441e-24  2.824960608935466e-14 
 2.754228703338154e+01 -7.155108761976123e-05  1.439578787543298e-12  7.155100410954312e-05 -3.446551773003291e-15  8.350898476633194e-01 -3.759816823460054e-11  1.301519632950891e-24  2.890762394592834e-14 
 2.818382931264442e+01 -7.155108761976123e-05  1.473110885129082e-12  7.155100410954312e-05 -3.526832276847073e-15  8.350898476633194e-01 -3.847394207705954e-11  1.362858363511605e-24  2.958096900735581e-14 
 2.884031503126593e+01 -7.155108761976123e-05  1.507424045605088e-12  7.155100410954312e-05 -3.608982753847189e-15  8.350898476633194e-01 -3.937011531287071e-11  1.427087899382933e-24  3.026999829010136e-14 
 2.951209226666373e+01 -7.155108761976123e-05  1.542536462263190e-12  7.155100410954312e-05 -3.693046761273928e-15  8.350898476633194e-01 -4.028716310494583e-11  1.494344480021860e-24  3.097507712661113e-14 
 3.019951720402003e+01 -7.155108761976120e-05  1.578466752171468e-12  7.155100410954312e-05 -3.779068870976744e-15  8.350898476633194e-01 -4.122557168416279e-11  1.564770765653165e-24  3.169657935901705e-14 
 3.090295432513577e+01 -7.155108761976120e-05  1.615233966045226e-12  7.155100410954312e-05 -3.867094693016840e-15  8.350898476633194e-01 -4.218583860717163e-11  1.638516139870892e-24  3.243488753735295e-14 
 3.162277660168365e+01 -7.155108761976120e-05  1.652857598347929e-12  7.155100410954312e-05 -3.957170899850229e-15  8.350898476633194e-01 -4.316847302020565e-11  1.715737026500973e-24  3.319039312238764e-14 
 3.235936569296268e+01 -7.155108761976120e-05  1.691357597627433e-12  7.155100410954312e-05 -4.049345251074068e-15  8.350898476633194e-01 -4.417399592903726e-11  1.796597221397132e-24  3.396349669318261e-14 
 3.311311214825896e+01 -7.155108761976120e-05  1.730754377092963e-12  7.155100410954312e-05 -4.143666618749444e-15  8.350898476633194e-01 -4.520294047522239e-11  1.881268239873859e-24  3.475460815948433e-14 
 3.388441561392010e+01 -7.155108761976120e-05  1.771068825438471e-12  7.155100410954312e-05 -4.240185013313991e-15  8.350898476633194e-01 -4.625585221877911e-11  1.969929680513385e-24  3.556414697906383e-14 
 3.467368504525301e+01 -7.155108761976120e-05  1.812322317918094e-12  7.155100410954312e-05 -4.338951610098084e-15  8.350898476633194e-01 -4.733328942745085e-11  2.062769606118354e-24  3.639254238011877e-14 
 3.548133892335738e+01 -7.155108761976120e-05  1.854536727679598e-12  7.155100410954312e-05 -4.440018776458665e-15  8.350898476633194e-01 -4.843582337270716e-11  2.159984942618237e-24  3.724023358885589e-14 
 3.630780547700997e+01 -7.155108761976120e-05  1.897734437361814e-12  7.155100410954312e-05 -4.543440099545120e-15  8.350898476633194e-01 -4.956403863263960e-11  2.261781896775641e-24  3.810767006237460e-14 
 3.715352290971708e+01 -7.155108761976120e-05  1.941938350962205e-12  7.155100410954312e-05 -4.649270414711890e-15  8.350898476633194e-01 -5.071853340191264e-11  2.368376393578484e-24  3.899531172697500e-14 
 3.801893963205595e+01 -7.155108761976120e-05  1.987171905980867e-12  7.155100410954312e-05 -4.757565834592916e-15  8.350898476633194e-01 -5.189991980893460e-11  2.479994534245866e-24  3.990362922201703e-14 
 3.890451449942788e+01 -7.155108761976120e-05  2.033459085847411e-12  7.155100410954312e-05 -4.868383778853266e-15  8.350898476633194e-01 -5.310882424041585e-11  2.596873075819040e-24  4.083310414945956e-14 
 3.981071705534954e+01 -7.155108761976120e-05  2.080824432637286e-12  7.155100410954312e-05 -4.981783004633840e-15  8.350898476633194e-01 -5.434588767348774e-11  2.719259933354862e-24  4.178422932921214e-14 
 4.073802778041109e+01 -7.155108761976120e-05  2.129293060084308e-12  7.155100410954312e-05 -5.097823637705177e-15  8.350898476633194e-01 -5.561176601555711e-11  2.847414705786867e-24  4.275750906043474e-14 
 4.168693834703335e+01 -7.155108761976120e-05  2.178890666896316e-12  7.155100410954312e-05 -5.216567204346886e-15  8.350898476633194e-01 -5.690713045207656e-11  2.981609226569379e-24  4.375345938892372e-14 
 4.265795188015907e+01 -7.155108761976120e-05  2.229643550380940e-12  7.155100410954312e-05 -5.338076663969769e-15  8.350898476633194e-01 -5.823266780241659e-11  3.122128140272757e-24  4.477260838072621e-14 
 4.365158322401639e+01 -7.155108761976120e-05  2.281578620388795e-12  7.155100410954312e-05 -5.462416442497695e-15  8.350898476633194e-01 -5.958908088402605e-11  3.269269506352670e-24  4.581549640212769e-14 
 4.466835921509610e+01 -7.155108761976120e-05  2.334723413581447e-12  7.155100410954312e-05 -5.589652466527051e-15  8.350898476633194e-01 -6.097708888507482e-11  3.423345431374148e-24  4.688267640616137e-14 
 4.570881896148729e+01 -7.155108761976120e-05  2.389106108031694e-12  7.155100410954312e-05 -5.719852198281969e-15  8.350898476633194e-01 -6.239742774577779e-11  3.584682731031495e-24  4.797471422579118e-14 
 4.677351412871960e+01 -7.155108761976118e-05  2.444755538163980e-12  7.155100410954312e-05 -5.853084671383603e-15  8.350898476633194e-01 -6.385085054859907e-11  3.753623623368140e-24  4.909218887392391e-14 
 4.786300923226361e+01 -7.155108761976118e-05  2.501701210042763e-12  7.155100410954312e-05 -5.989420527452746e-15  8.350898476633194e-01 -6.533812791754723e-11  3.930526454667040e-24  5.023569285040956e-14 
 4.897788193684438e+01 -7.155108761976118e-05  2.559973317017043e-12  7.155100410954312e-05 -6.128932053564890e-15  8.350898476633194e-01 -6.686004842676955e-11  4.115766459551146e-24  5.140583245619247e-14 
 5.011872336272698e+01 -7.155108761976118e-05  2.619602755729256e-12  7.155100410954312e-05 -6.271693220577844e-15  8.350898476633194e-01 -6.841741901866515e-11  4.309736556906382e-24  5.260322811478029e-14 
 5.128613839913623e+01 -7.155108761976118e-05  2.680621142497102e-12  7.155100410954312e-05 -6.417779722352022e-15  8.350898476633194e-01 -7.001106543173604e-11  4.512848183315264e-24  5.382851470120064e-14 
 5.248074602497700e+01 -7.155108761976118e-05  2.743060830076913e-12  7.155100410954312e-05 -6.567269015884342e-15  8.350898476633194e-01 -7.164183263840476e-11  4.725532165769046e-24  5.508234187862015e-14 
 5.370317963702501e+01 -7.155108761976118e-05  2.806954924817531e-12  7.155100410954312e-05 -6.720240362376980e-15  8.350898476633194e-01 -7.331058529303029e-11  4.948239635509571e-24  5.636537444280471e-14 
 5.495408738576219e+01 -7.155108761976118e-05  2.872337304213731e-12  7.155100410954312e-05 -6.876774869262637e-15  8.350898476633194e-01 -7.501820819035839e-11  5.181442984939048e-24  5.767829267460279e-14 
 5.623413251903463e+01 -7.155108761976118e-05  2.939242634868504e-12  7.155100410954312e-05 -7.036955533208854e-15  8.350898476633194e-01 -7.676560673465240e-11  5.425636869627743e-24  5.902179270063939e-14 
 5.754399373371541e+01 -7.155108761976118e-05  3.007706390873759e-12  7.155100410954312e-05 -7.200867284123900e-15  8.350898476633194e-01 -7.855370741975010e-11  5.681339257544728e-24  6.039658686241164e-14 
 5.888436553555861e+01 -7.155108761976118e-05  3.077764872619158e-12  7.155100410954312e-05 -7.368597030187728e-15  8.350898476633194e-01 -8.038345832030290e-11  5.949092527737382e-24  6.180340409398169e-14 
 6.025595860743547e+01 -7.155108761976117e-05  3.149455226039051e-12  7.155100410954312e-05 -7.540233703931884e-15  8.350898476633194e-01 -8.225582959445809e-11  6.229464620790105e-24  6.324299030846714e-14 
 6.165950018614791e+01 -7.155108761976117e-05  3.222815462307757e-12  7.155100410954312e-05 -7.715868309392656e-15  8.350898476633194e-01 -8.417181399824888e-11  6.523050243502393e-24  6.471610879353406e-14 
 6.309573444801901e+01 -7.155108761976117e-05  3.297884477993591e-12  7.155100410954312e-05 -7.895593970362642e-15  8.350898476633194e-01 -8.613242741196702e-11  6.830472130341716e-24  6.622354061610230e-14 
 6.456542290346522e+01 -7.155108761976117e-05  3.374702075682313e-12  7.155100410954312e-05 -8.079505979766269e-15  8.350898476633194e-01 -8.813870937879660e-11  7.152382364346857e-24  6.776608503647736e-14 
 6.606934480075925e+01 -7.155108761976117e-05  3.453308985081024e-12  7.155100410954312e-05 -8.267701850185279e-15  8.350898476633194e-01 -9.019172365599262e-11  7.489463760283390e-24  6.934455993212895e-14 
 6.760829753919782e+01 -7.155108761976116e-05  3.533746884613575e-12  7.155100410954312e-05 -8.460281365561219e-15  8.350898476633194e-01 -9.229255877889956e-11  7.842431312985375e-24  7.095980223134033e-14 
 6.918309709189329e+01 -7.155108761976116e-05  3.616058423519018e-12  7.155100410954312e-05 -8.657346634102242e-15  8.350898476633194e-01 -9.444232863810747e-11  8.212033713955281e-24  7.261266835695878e-14 
 7.079457843841342e+01 -7.155108761976116e-05  3.700287244464803e-12  7.155100410954312e-05 -8.859002142422200e-15  8.350898476633194e-01 -9.664217307005138e-11  8.599054939439034e-24  7.430403468048239e-14 
 7.244359600749863e+01 -7.155108761976114e-05  3.786478006686694e-12  7.155100410954312e-05 -9.065354810940825e-15  8.350898476633194e-01 -9.889325846136738e-11  9.004315913344709e-24  7.603479798672375e-14 
 7.413102413009136e+01 -7.155108761976114e-05  3.874676409667694e-12  7.155100410954312e-05 -9.276514050574365e-15  8.350898476633194e-01 -1.011967783673266e-10  9.428676248532252e-24  7.780587594929721e-14 
 7.585775750291798e+01 -7.155108761976114e-05  3.964929217368503e-12  7.155100410954312e-05 -9.492591820746702e-15  8.350898476633194e-01 -1.035539541446740e-10  9.873036070167584e-24  7.961820761718150e-14 
 7.762471166286876e+01 -7.155108761976114e-05  4.057284283022404e-12  7.155100410954312e-05 -9.713702688751703e-15  8.350898476633194e-01 -1.059660355992074e-10  1.033833792500874e-23  8.147275391261597e-14 
 7.943282347242773e+01 -7.155108761976113e-05  4.151790574507666e-12  7.155100410954312e-05 -9.939963890498347e-15  8.350898476633194e-01 -1.084343016484420e-10  1.082556878067396e-23  8.337049814059431e-14 
 8.128305161640949e+01 -7.155108761976112e-05  4.248498200310982e-12  7.155100410954312e-05 -1.017149539267070e-14  8.350898476633194e-01 -1.109600609997081e-10  1.133576211913227e-23  8.531244651022581e-14 
 8.317637711026666e+01 -7.155108761976112e-05  4.347458436095624e-12  7.155100410954312e-05 -1.040841995633590e-14  8.350898476633194e-01 -1.135446528440462e-10  1.187000012885735e-23  8.729962866824075e-14 
 8.511380382023719e+01 -7.155108761976112e-05  4.448723751888498e-12  7.155100410954312e-05 -1.065086320203368e-14  8.350898476633194e-01 -1.161894475662636e-10  1.242941600029440e-23  8.933309824492279e-14 
 8.709635899560760e+01 -7.155108761976112e-05  4.552347839900449e-12  7.155100410954312e-05 -1.089895367638200e-14  8.350898476633194e-01 -1.188958474715294e-10  1.301519632950887e-23  9.141393341275761e-14 
 8.912509381337408e+01 -7.155108761976110e-05  4.658385642994554e-12  7.155100410954312e-05 -1.115282292023427e-14  8.350898476633194e-01 -1.216652875288976e-10  1.362858363511603e-23  9.354323745809434e-14 
 9.120108393559049e+01 -7.155108761976109e-05  4.766893383817602e-12  7.155100410954312e-05 -1.141260553842391e-14  8.350898476633194e-01 -1.244992361321439e-10  1.427087899382930e-23  9.572213936612248e-14 
 9.332543007969861e+01 -7.155108761976109e-05  4.877928594610045e-12  7.155100410954312e-05 -1.167843927113371e-14  8.350898476633194e-01 -1.273991958783297e-10  1.494344480021855e-23  9.795179441947486e-14 
 9.549925860214309e+01 -7.155108761976109e-05  4.991550147710367e-12  7.155100410954312e-05 -1.195046506692748e-14  8.350898476633194e-01 -1.303667043644979e-10  1.564770765653162e-23  1.002333848107737e-13 
 9.772372209558054e+01 -7.155108761976108e-05  5.107818286769981e-12  7.155100410954312e-05 -1.222882715748284e-14  8.350898476633194e-01 -1.334033350029275e-10  1.638516139870889e-23  1.025681202694449e-13 
 9.999999999999946e+01 -7.155108761976106e-05  5.226794658695203e-12  7.155100410954312e-05 -1.251367313406478e-14  8.350898476633194e-01 -1.365106978553777e-10  1.715737026500971e-23  1.049572387031325e-13 
 1.023292992280749e+02 -7.155108761976106e-05  5.348542346333283e-12  7.155100410954312e-05 -1.280515402578041e-14  8.350898476633194e-01 -1.396904404867631e-10  1.796597221397126e-23  1.074020068540539e-13 
 1.047128548050894e+02 -7.155108761976105e-05  5.473125901919707e-12  7.155100410954312e-05 -1.310342437965680e-14  8.350898476633194e-01 -1.429442488387167e-10  1.881268239873856e-23  1.099037209706429e-13 
 1.071519305237600e+02 -7.155108761976104e-05  5.600611381304719e-12  7.155100410954312e-05 -1.340864234258358e-14  8.350898476633194e-01 -1.462738481234949e-10  1.969929680513380e-23  1.124637074948382e-13 
 1.096478196143179e+02 -7.155108761976104e-05  5.731066378976952e-12  7.155100410954312e-05 -1.372096974516477e-14  8.350898476633194e-01 -1.496810037387117e-10  2.062769606118348e-23  1.150833237653804e-13 
 1.122018454301957e+02 -7.155108761976102e-05  5.864560063902951e-12  7.155100410954312e-05 -1.404057218752336e-14  8.350898476633194e-01 -1.531675222033731e-10  2.159984942618232e-23  1.177639587374910e-13 
 1.148153621496876e+02 -7.155108761976101e-05  6.001163216201463e-12  7.155100410954312e-05 -1.436761912710470e-14  8.350898476633194e-01 -1.567352521157184e-10  2.261781896775633e-23  1.205070337193144e-13 
 1.174897554939523e+02 -7.155108761976099e-05  6.140948264671986e-12  7.155100410954312e-05 -1.470228396852518e-14  8.350898476633194e-01 -1.603860851333720e-10  2.368376393578480e-23  1.233140031255149e-13 
 1.202264434617406e+02 -7.155108761976099e-05  6.283989325197502e-12  7.155100410954312e-05 -1.504474415551348e-14  8.350898476633194e-01 -1.641219569763239e-10  2.479994534245858e-23  1.261863552484264e-13 
 1.230268770812374e+02 -7.155108761976099e-05  6.430362240041664e-12  7.155100410954312e-05 -1.539518126499379e-14  8.350898476633194e-01 -1.679448484532758e-10  2.596873075819033e-23  1.291256130471645e-13 
 1.258925411794160e+02 -7.155108761976098e-05  6.580144618061407e-12  7.155100410954312e-05 -1.575378110336009e-14  8.350898476633194e-01 -1.718567865118903e-10  2.719259933354858e-23  1.321333349551198e-13 
 1.288249551693126e+02 -7.155108761976098e-05  6.733415875856162e-12  7.155100410954312e-05 -1.612073380499334e-14  8.350898476633194e-01 -1.758598453135069e-10  2.847414705786856e-23  1.352111157062597e-13 
 1.318256738556399e+02 -7.155108761976094e-05  6.890257279875589e-12  7.155100410954312e-05 -1.649623393307313e-14  8.350898476633194e-01 -1.799561473328889e-10  2.981609226569367e-23  1.383605871806777e-13 
 1.348962882591645e+02 -7.155108761976093e-05  7.050751989508135e-12  7.155100410954312e-05 -1.688048058273773e-14  8.350898476633194e-01 -1.841478644835883e-10  3.122128140272750e-23  1.415834192698379e-13 
 1.380384264602876e+02 -7.155108761976091e-05  7.214985101173256e-12  7.155100410954312e-05 -1.727367748664687e-14  8.350898476633194e-01 -1.884372192695219e-10  3.269269506352661e-23  1.448813207619730e-13 
 1.412537544622746e+02 -7.155108761976090e-05  7.383043693440644e-12  7.155100410954312e-05 -1.767603312300356e-14  8.350898476633194e-01 -1.928264859633735e-10  3.423345431374140e-23  1.482560402481071e-13 
 1.445439770745919e+02 -7.155108761976090e-05  7.555016873200426e-12  7.155100410954312e-05 -1.808776082609204e-14  8.350898476633194e-01 -1.973179918124434e-10  3.584682731031486e-23  1.517093670491814e-13 
 1.479108388168198e+02 -7.155108761976089e-05  7.730995822908846e-12  7.155100410954312e-05 -1.850907889939034e-14  8.350898476633194e-01 -2.019141182725847e-10  3.753623623368135e-23  1.552431321647761e-13 
 1.513561248436199e+02 -7.155108761976086e-05  7.911073848934407e-12  7.155100410954312e-05 -1.894021073131770e-14  8.350898476633194e-01 -2.066173022708832e-10  3.930526454667030e-23  1.588592092439303e-13 
 1.548816618912472e+02 -7.155108761976083e-05  8.095346431030114e-12  7.155100410954312e-05 -1.938138491367813e-14  8.350898476633194e-01 -2.114300374977490e-10  4.115766459551135e-23  1.625595155785759e-13 
 1.584893192461104e+02 -7.155108761976083e-05  8.283911272958122e-12  7.155100410954312e-05 -1.983283536286279e-14  8.350898476633194e-01 -2.163548757291040e-10  4.309736556906378e-23  1.663460131201108e-13 
 1.621810097358920e+02 -7.155108761976081e-05  8.476868354293584e-12  7.155100410954312e-05 -2.029480144387542e-14  8.350898476633194e-01 -2.213944281793655e-10  4.512848183315256e-23  1.702207095196517e-13 
 1.659586907437551e+02 -7.155108761976078e-05  8.674319983435119e-12  7.155100410954312e-05 -2.076752809724702e-14  8.350898476633194e-01 -2.265513668859491e-10  4.725532165769037e-23  1.741856591925174e-13 
 1.698243652461734e+02 -7.155108761976076e-05  8.876370851850060e-12  7.155100410954312e-05 -2.125126596890655e-14  8.350898476633194e-01 -2.318284261260179e-10  4.948239635509557e-23  1.782429644075068e-13 
 1.737800828749365e+02 -7.155108761976074e-05  9.083128089583310e-12  7.155100410954312e-05 -2.174627154307655e-14  8.350898476633194e-01 -2.372284038662307e-10  5.181442984939036e-23  1.823947764015496e-13 
 1.778279410038912e+02 -7.155108761976071e-05  9.294701322059080e-12  7.155100410954312e-05 -2.225280727826459e-14  8.350898476633194e-01 -2.427541632462622e-10  5.425636869627728e-23  1.866432965203208e-13 
 1.819700858609972e+02 -7.155108761976068e-05  9.511202728205716e-12  7.155100410954312e-05 -2.277114174642231e-14  8.350898476633194e-01 -2.484086340968783e-10  5.681339257544707e-23  1.909907773854231e-13 
 1.862087136662855e+02 -7.155108761976066e-05  9.732747099934495e-12  7.155100410954312e-05 -2.330154977534569e-14  8.350898476633194e-01 -2.541948144933696e-10  5.949092527737367e-23  1.954395240887570e-13 
 1.905460717963235e+02 -7.155108761976063e-05  9.959451903003794e-12  7.155100410954312e-05 -2.384431259439243e-14  8.350898476633194e-01 -2.601157723451715e-10  6.229464620790086e-23  1.999918954147106e-13 
 1.949844599758032e+02 -7.155108761976062e-05  1.019143733930101e-11  7.155100410954312e-05 -2.439971798359348e-14  8.350898476633194e-01 -2.661746470225096e-10  6.523050243502359e-23  2.046503050908188e-13 
 1.995262314968867e+02 -7.155108761976059e-05  1.042882641057513e-11  7.155100410954312e-05 -2.496806042623792e-14  8.350898476633194e-01 -2.723746510209377e-10  6.830472130341702e-23  2.094172230675533e-13 
 2.041737944669516e+02 -7.155108761976053e-05  1.067174498365397e-11  7.155100410954312e-05 -2.554964126501170e-14  8.350898476633194e-01 -2.787190716646416e-10  7.152382364346844e-23  2.142951768279228e-13 
 2.089296130854026e+02 -7.155108761976052e-05  1.092032185718041e-11  7.155100410954312e-05 -2.614476886177362e-14  8.350898476633194e-01 -2.852112728494247e-10  7.489463760283362e-23  2.192867527275784e-13 
 2.137962089502218e+02 -7.155108761976048e-05  1.117468882990306e-11  7.155100410954312e-05 -2.675375876105303e-14  8.350898476633194e-01 -2.918546968262906e-10  7.842431312985350e-23  2.243945973661335e-13 
 2.187761623949538e+02 -7.155108761976045e-05  1.143498077055782e-11  7.155100410954312e-05 -2.737693385735540e-14  8.350898476633194e-01 -2.986528660265673e-10  8.212033713955265e-23  2.296214189904259e-13 
 2.238721138568325e+02 -7.155108761976040e-05  1.170133568937699e-11  7.155100410954312e-05 -2.801462456636548e-14  8.350898476633194e-01 -3.056093849295491e-10  8.599054939439003e-23  2.349699889304656e-13 
 2.290867652767758e+02 -7.155108761976037e-05  1.197389481126415e-11  7.155100410954312e-05 -2.866716900013809e-14  8.350898476633194e-01 -3.127279419736393e-10  9.004315913344688e-23  2.404431430688318e-13 
 2.344228815319906e+02 -7.155108761976033e-05  1.225280265067350e-11  7.155100410954312e-05 -2.933491314636933e-14  8.350898476633194e-01 -3.200123115120070e-10  9.428676248532219e-23  2.460437833442943e-13 
 2.398832919019474e+02 -7.155108761976028e-05  1.253820708823322e-11  7.155100410954312e-05 -3.001821105184435e-14  8.350898476633194e-01 -3.274663558138029e-10  9.873036070167560e-23  2.517748792904606e-13 
 2.454708915685014e+02 -7.155108761976024e-05  1.283025944915394e-11  7.155100410954312e-05 -3.071742501015697e-14  8.350898476633194e-01 -3.350940271119801e-10  1.033833792500870e-22  2.576394696102611e-13 
 2.511886431509563e+02 -7.155108761976020e-05  1.312911458346314e-11  7.155100410954312e-05 -3.143292575380324e-14  8.350898476633194e-01 -3.428993696988267e-10  1.082556878067392e-22  2.636406637871105e-13 
 2.570395782768846e+02 -7.155108761976014e-05  1.343493094810889e-11  7.155100410954312e-05 -3.216509265074808e-14  8.350898476633194e-01 -3.508865220702968e-10  1.133576211913223e-22  2.697816437335965e-13 
 2.630267991895364e+02 -7.155108761976010e-05  1.374787069097566e-11  7.155100410954312e-05 -3.291431390557167e-14  8.350898476633194e-01 -3.590597191203005e-10  1.187000012885731e-22  2.760656654785723e-13 
 2.691534803926897e+02 -7.155108761976005e-05  1.406809973685735e-11  7.155100410954312e-05 -3.368098676530048e-14  8.350898476633194e-01 -3.674232943860995e-10  1.242941600029435e-22  2.824960608935459e-13 
 2.754228703338148e+02 -7.155108761975999e-05  1.439578787543284e-11  7.155100410954312e-05 -3.446551773003283e-14  8.350898476633194e-01 -3.759816823460045e-10  1.301519632950885e-22  2.890762394592828e-13 
 2.818382931264435e+02 -7.155108761975994e-05  1.473110885129067e-11  7.155100410954312e-05 -3.526832276847068e-14  8.350898476633194e-01 -3.847394207705949e-10  1.362858363511600e-22  2.958096900735574e-13 
 2.884031503126586e+02 -7.155108761975987e-05  1.507424045605072e-11  7.155100410954312e-05 -3.608982753847180e-14  8.350898476633194e-01 -3.937011531287061e-10  1.427087899382926e-22  3.026999829010129e-13 
 2.951209226666365e+02 -7.155108761975980e-05  1.542536462263174e-11  7.155100410954312e-05 -3.693046761273916e-14  8.350898476633194e-01 -4.028716310494569e-10  1.494344480021851e-22  3.097507712661106e-13 
 3.019951720401995e+02 -7.155108761975973e-05  1.578466752171450e-11  7.155100410954312e-05 -3.779068870976737e-14  8.350898476633194e-01 -4.122557168416272e-10  1.564770765653159e-22  3.169657935901697e-13 
 3.090295432513569e+02 -7.155108761975967e-05  1.615233966045206e-11  7.155100410954312e-05 -3.867094693016835e-14  8.350898476633194e-01 -4.218583860717157e-10  1.638516139870885e-22  3.243488753735286e-13 
 3.162277660168357e+02 -7.155108761975959e-05  1.652857598347909e-11  7.155100410954312e-05 -3.957170899850218e-14  8.350898476633194e-01 -4.316847302020552e-10  1.715737026500964e-22  3.319039312238755e-13 
 3.235936569296260e+02 -7.155108761975950e-05  1.691357597627411e-11  7.155100410954312e-05 -4.049345251074054e-14  8.350898476633194e-01 -4.417399592903712e-10  1.796597221397122e-22  3.396349669318251e-13 
 3.311311214825888e+02 -7.155108761975944e-05  1.730754377092941e-11  7.155100410954312e-05 -4.143666618749434e-14  8.350898476633194e-01 -4.520294047522228e-10  1.881268239873850e-22  3.475460815948424e-13 
 3.388441561392002e+02 -7.155108761975936e-05  1.771068825438448e-11  7.155100410954312e-05 -4.240185013313978e-14  8.350898476633194e-01 -4.625585221877897e-10  1.969929680513374e-22  3.556414697906374e-13 
 3.467368504525292e+02 -7.155108761975927e-05  1.812322317918068e-11  7.155100410954312e-05 -4.338951610098074e-14  8.350898476633194e-01 -4.733328942745074e-10  2.062769606118343e-22  3.639254238011867e-13 
 3.548133892335729e+02 -7.155108761975917e-05  1.854536727679571e-11  7.155100410954312e-05 -4.440018776458651e-14  8.350898476633194e-01 -4.843582337270701e-10  2.159984942618225e-22  3.724023358885579e-13 
 3.630780547700987e+02 -7.155108761975907e-05  1.897734437361784e-11  7.155100410954312e-05 -4.543440099545111e-14  8.350898476633194e-01 -4.956403863263951e-10  2.261781896775630e-22  3.810767006237449e-13 
 3.715352290971698e+02 -7.155108761975896e-05  1.941938350962172e-11  7.155100410954312e-05 -4.649270414711878e-14  8.350898476633194e-01 -5.071853340191251e-10  2.368376393578471e-22  3.899531172697489e-13 
 3.801893963205584e+02 -7.155108761975887e-05  1.987171905980833e-11  7.155100410954312e-05 -4.757565834592904e-14  8.350898476633194e-01 -5.189991980893447e-10  2.479994534245853e-22  3.990362922201692e-13 
 3.890451449942777e+02 -7.155108761975875e-05  2.033459085847375e-11  7.155100410954312e-05 -4.868383778853257e-14  8.350898476633194e-01 -5.310882424041575e-10  2.596873075819027e-22  4.083310414945944e-13 
 3.981071705534943e+02 -7.155108761975864e-05  2.080824432637246e-11  7.155100410954312e-05 -4.981783004633832e-14  8.350898476633194e-01 -5.434588767348766e-10  2.719259933354851e-22  4.178422932921204e-13 
 4.073802778041097e+02 -7.155108761975851e-05  2.129293060084268e-11  7.155100410954312e-05 -5.097823637705160e-14  8.350898476633194e-01 -5.561176601555694e-10  2.847414705786850e-22  4.275750906043462e-13 
 4.168693834703323e+02 -7.155108761975838e-05  2.178890666896273e-11  7.155100410954312e-05 -5.216567204346873e-14  8.350898476633194e-01 -5.690713045207640e-10  2.981609226569363e-22  4.375345938892360e-13 
 4.265795188015895e+02 -7.155108761975824e-05  2.229643550380894e-11  7.155100410954312e-05 -5.338076663969755e-14  8.350898476633194e-01 -5.823266780241644e-10  3.122128140272740e-22  4.477260838072609e-13 
 4.365158322401627e+02 -7.155108761975811e-05  2.281578620388747e-11  7.155100410954312e-05 -5.462416442497675e-14  8.350898476633194e-01 -5.958908088402583e-10  3.269269506352648e-22  4.581549640212756e-13 
 4.466835921509598e+02 -7.155108761975795e-05  2.334723413581393e-11  7.155100410954312e-05 -5.589652466527041e-14  8.350898476633194e-01 -6.097708888507472e-10  3.423345431374133e-22  4.688267640616125e-13 
 4.570881896148716e+02 -7.155108761975780e-05  2.389106108031639e-11  7.155100410954312e-05 -5.719852198281954e-14  8.350898476633194e-01 -6.239742774577762e-10  3.584682731031476e-22  4.797471422579106e-13 
 4.677351412871947e+02 -7.155108761975763e-05  2.444755538163920e-11  7.155100410954312e-05 -5.853084671383588e-14  8.350898476633194e-01 -6.385085054859891e-10  3.753623623368121e-22  4.909218887392379e-13 
 4.786300923226348e+02 -7.155108761975748e-05  2.501701210042701e-11  7.155100410954312e-05 -5.989420527452726e-14  8.350898476633194e-01 -6.533812791754702e-10  3.930526454667017e-22  5.023569285040942e-13 
 4.897788193684425e+02 -7.155108761975728e-05  2.559973317016976e-11  7.155100410954312e-05 -6.128932053564873e-14  8.350898476633194e-01 -6.686004842676935e-10  4.115766459551123e-22  5.140583245619234e-13 
 5.011872336272685e+02 -7.155108761975712e-05  2.619602755729187e-11  7.155100410954312e-05 -6.271693220577824e-14  8.350898476633194e-01 -6.841741901866490e-10  4.309736556906355e-22  5.260322811478016e-13 
 5.128613839913610e+02 -7.155108761975692e-05  2.680621142497024e-11  7.155100410954312e-05 -6.417779722352006e-14  8.350898476633194e-01 -7.001106543173586e-10  4.512848183315241e-22  5.382851470120050e-13 
 5.248074602497686e+02 -7.155108761975671e-05  2.743060830076830e-11  7.155100410954312e-05 -6.567269015884331e-14  8.350898476633194e-01 -7.164183263840465e-10  4.725532165769027e-22  5.508234187862000e-13 
 5.370317963702487e+02 -7.155108761975650e-05  2.806954924817445e-11  7.155100410954312e-05 -6.720240362376959e-14  8.350898476633194e-01 -7.331058529303007e-10  4.948239635509542e-22  5.636537444280456e-13 
 5.495408738576203e+02 -7.155108761975627e-05  2.872337304213639e-11  7.155100410954312e-05 -6.876774869262619e-14  8.350898476633194e-01 -7.501820819035820e-10  5.181442984939020e-22  5.767829267460262e-13 
 5.623413251903447e+02 -7.155108761975605e-05  2.939242634868404e-11  7.155100410954312e-05 -7.036955533208841e-14  8.350898476633194e-01 -7.676560673465227e-10  5.425636869627718e-22  5.902179270063921e-13 
 5.754399373371524e+02 -7.155108761975579e-05  3.007706390873655e-11  7.155100410954312e-05 -7.200867284123874e-14  8.350898476633194e-01 -7.855370741974981e-10  5.681339257544691e-22  6.039658686241146e-13 
 5.888436553555844e+02 -7.155108761975555e-05  3.077764872619041e-11  7.155100410954312e-05 -7.368597030187721e-14  8.350898476633194e-01 -8.038345832030282e-10  5.949092527737360e-22  6.180340409398151e-13 
 6.025595860743530e+02 -7.155108761975526e-05  3.149455226038930e-11  7.155100410954312e-05 -7.540233703931862e-14  8.350898476633194e-01 -8.225582959445785e-10  6.229464620790069e-22  6.324299030846695e-13 
 6.165950018614773e+02 -7.155108761975499e-05  3.222815462307629e-11  7.155100410954312e-05 -7.715868309392632e-14  8.350898476633194e-01 -8.417181399824862e-10  6.523050243502355e-22  6.471610879353387e-13 
 6.309573444801882e+02 -7.155108761975469e-05  3.297884477993453e-11  7.155100410954312e-05 -7.895593970362621e-14  8.350898476633194e-01 -8.613242741196679e-10  6.830472130341678e-22  6.622354061610210e-13 
 6.456542290346504e+02 -7.155108761975438e-05  3.374702075682164e-11  7.155100410954312e-05 -8.079505979766253e-14  8.350898476633194e-01 -8.813870937879642e-10  7.152382364346822e-22  6.776608503647719e-13 
 6.606934480075907e+02 -7.155108761975408e-05  3.453308985080868e-11  7.155100410954312e-05 -8.267701850185252e-14  8.350898476633194e-01 -9.019172365599234e-10  7.489463760283346e-22  6.934455993212877e-13 
 6.760829753919763e+02 -7.155108761975372e-05  3.533746884613409e-11  7.155100410954312e-05 -8.460281365561193e-14  8.350898476633194e-01 -9.229255877889926e-10  7.842431312985329e-22  7.095980223134014e-13 
 6.918309709189309e+02 -7.155108761975338e-05  3.616058423518839e-11  7.155100410954312e-05 -8.657346634102219e-14  8.350898476633194e-01 -9.444232863810723e-10  8.212033713955238e-22  7.261266835695857e-13 
 7.079457843841321e+02 -7.155108761975301e-05  3.700287244464611e-11  7.155100410954312e-05 -8.859002142422173e-14  8.350898476633194e-01 -9.664217307005108e-10  8.599054939438983e-22  7.430403468048216e-13 
 7.244359600749841e+02 -7.155108761975262e-05  3.786478006686489e-11  7.155100410954312e-05 -9.065354810940800e-14  8.350898476633194e-01 -9.889325846136711e-10  9.004315913344659e-22  7.603479798672353e-13 
 7.413102413009113e+02 -7.155108761975220e-05  3.874676409667473e-11  7.155100410954312e-05 -9.276514050574336e-14  8.350898476633194e-01 -1.011967783673263e-09  9.428676248532194e-22  7.780587594929695e-13 
 7.585775750291774e+02 -7.155108761975178e-05  3.964929217368265e-11  7.155100410954312e-05 -9.492591820746677e-14  8.350898476633194e-01 -1.035539541446737e-09  9.873036070167524e-22  7.961820761718124e-13 
 7.762471166286851e+02 -7.155108761975135e-05  4.057284283022151e-11  7.155100410954312e-05 -9.713702688751675e-14  8.350898476633194e-01 -1.059660355992071e-09  1.033833792500868e-21  8.147275391261572e-13 
 7.943282347242747e+02 -7.155108761975087e-05  4.151790574507401e-11  7.155100410954312e-05 -9.939963890498300e-14  8.350898476633194e-01 -1.084343016484414e-09  1.082556878067387e-21  8.337049814059405e-13 
 8.128305161640923e+02 -7.155108761975040e-05  4.248498200310694e-11  7.155100410954312e-05 -1.017149539267066e-13  8.350898476633194e-01 -1.109600609997077e-09  1.133576211913219e-21  8.531244651022553e-13 
 8.317637711026639e+02 -7.155108761974987e-05  4.347458436095315e-11  7.155100410954312e-05 -1.040841995633587e-13  8.350898476633194e-01 -1.135446528440459e-09  1.187000012885728e-21  8.729962866824048e-13 
 8.511380382023692e+02 -7.155108761974935e-05  4.448723751888171e-11  7.155100410954312e-05 -1.065086320203364e-13  8.350898476633194e-01 -1.161894475662631e-09  1.242941600029431e-21  8.933309824492250e-13 
 8.709635899560732e+02 -7.155108761974877e-05  4.552347839900095e-11  7.155100410954312e-05 -1.089895367638197e-13  8.350898476633194e-01 -1.188958474715291e-09  1.301519632950879e-21  9.141393341275733e-13 
 8.912509381337379e+02 -7.155108761974819e-05  4.658385642994180e-11  7.155100410954312e-05 -1.115282292023423e-13  8.350898476633194e-01 -1.216652875288971e-09  1.362858363511594e-21  9.354323745809405e-13 
 9.120108393559019e+02 -7.155108761974758e-05  4.766893383817201e-11  7.155100410954312e-05 -1.141260553842387e-13  8.350898476633194e-01 -1.244992361321435e-09  1.427087899382920e-21  9.572213936612219e-13 
 9.332543007969830e+02 -7.155108761974693e-05  4.877928594609609e-11  7.155100410954312e-05 -1.167843927113369e-13  8.350898476633194e-01 -1.273991958783295e-09  1.494344480021847e-21  9.795179441947452e-13 
 9.549925860214277e+02 -7.155108761974625e-05  4.991550147709903e-11  7.155100410954312e-05 -1.195046506692745e-13  8.350898476633194e-01 -1.303667043644975e-09  1.564770765653152e-21  1.002333848107734e-12 
 9.772372209558022e+02 -7.155108761974556e-05  5.107818286769484e-11  7.155100410954312e-05 -1.222882715748281e-13  8.350898476633194e-01 -1.334033350029271e-09  1.638516139870879e-21  1.025681202694446e-12 
 9.999999999999912e+02 -7.155108761974481e-05  5.226794658694678e-11  7.155100410954312e-05 -1.251367313406473e-13  8.350898476633194e-01 -1.365106978553772e-09  1.715737026500958e-21  1.049572387031322e-12 
 1.023292992280745e+03 -7.155108761974946e-05  5.348542346332886e-11  7.155100410954310e-05 -1.280515402578039e-13  8.350898476633192e-01 -1.396904404867629e-09  1.796597221397117e-21  1.074020068540535e-12 
 1.047128548050890e+03 -7.155108761974865e-05  5.473125901919281e-11  7.155100410954310e-05 -1.310342437965675e-13  8.350898476633192e-01 -1.429442488387161e-09  1.881268239873841e-21  1.099037209706424e-12 
 1.071519305237597e+03 -7.155108761974781e-05  5.600611381304258e-11  7.155100410954310e-05 -1.340864234258353e-13  8.350898476633192e-01 -1.462738481234944e-09  1.969929680513366e-21  1.124637074948378e-12 
 1.096478196143175e+03 -7.155108761974691e-05  5.731066378976448e-11  7.155100410954310e-05 -1.372096974516473e-13  8.350898476633192e-01 -1.496810037387112e-09  2.062769606118334e-21  1.150833237653800e-12 
 1.122018454301953e+03 -7.155108761974598e-05  5.864560063902402e-11  7.155100410954310e-05 -1.404057218752331e-13  8.350898476633192e-01 -1.531675222033726e-09  2.159984942618218e-21  1.177639587374906e-12 
 1.148153621496872e+03 -7.155108761974502e-05  6.001163216200862e-11  7.155100410954310e-05 -1.436761912710467e-13  8.350898476633192e-01 -1.567352521157180e-09  2.261781896775620e-21  1.205070337193139e-12 
 1.174897554939519e+03 -7.155108761974399e-05  6.140948264671343e-11  7.155100410954310e-05 -1.470228396852511e-13  8.350898476633192e-01 -1.603860851333712e-09  2.368376393578461e-21  1.233140031255145e-12 
 1.202264434617402e+03 -7.155108761974292e-05  6.283989325196799e-11  7.155100410954310e-05 -1.504474415551343e-13  8.350898476633192e-01 -1.641219569763234e-09  2.479994534245842e-21  1.261863552484260e-12 
 1.230268770812370e+03 -7.155108761974180e-05  6.430362240040909e-11  7.155100410954310e-05 -1.539518126499372e-13  8.350898476633192e-01 -1.679448484532750e-09  2.596873075819014e-21  1.291256130471641e-12 
 1.258925411794156e+03 -7.155108761973793e-05  6.580144618060480e-11  7.155100410954310e-05 -1.575378110336003e-13  8.350898476633193e-01 -1.718567865118896e-09  2.719259933354837e-21  1.321333349551193e-12 
 1.288249551693122e+03 -7.155108761973668e-05  6.733415875855155e-11  7.155100410954310e-05 -1.612073380499329e-13  8.350898476633193e-01 -1.758598453135063e-09  2.847414705786838e-21  1.352111157062592e-12 
 1.318256738556395e+03 -7.155108761973541e-05  6.890257279874501e-11  7.155100410954310e-05 -1.649623393307311e-13  8.350898476633193e-01 -1.799561473328886e-09  2.981609226569354e-21  1.383605871806773e-12 
 1.348962882591641e+03 -7.155108761973405e-05  7.050751989506972e-11  7.155100410954310e-05 -1.688048058273768e-13  8.350898476633193e-01 -1.841478644835877e-09  3.122128140272730e-21  1.415834192698374e-12 
 1.380384264602872e+03 -7.155108761973264e-05  7.214985101172007e-11  7.155100410954310e-05 -1.727367748664681e-13  8.350898476633193e-01 -1.884372192695213e-09  3.269269506352639e-21  1.448813207619725e-12 
 1.412537544622741e+03 -7.155108761973117e-05  7.383043693439300e-11  7.155100410954310e-05 -1.767603312300350e-13  8.350898476633193e-01 -1.928264859633729e-09  3.423345431374117e-21  1.482560402481066e-12 
 1.445439770745914e+03 -7.155108761972963e-05  7.555016873198982e-11  7.155100410954310e-05 -1.808776082609197e-13  8.350898476633193e-01 -1.973179918124426e-09  3.584682731031459e-21  1.517093670491809e-12 
 1.479108388168193e+03 -7.155108761972802e-05  7.730995822907297e-11  7.155100410954310e-05 -1.850907889939026e-13  8.350898476633193e-01 -2.019141182725838e-09  3.753623623368106e-21  1.552431321647755e-12 
 1.513561248436194e+03 -7.155108761972633e-05  7.911073848932739e-11  7.155100410954310e-05 -1.894021073131763e-13  8.350898476633193e-01 -2.066173022708824e-09  3.930526454667000e-21  1.588592092439297e-12 
 1.548816618912467e+03 -7.155108761972454e-05  8.095346431028316e-11  7.155100410954310e-05 -1.938138491367808e-13  8.350898476633193e-01 -2.114300374977485e-09  4.115766459551110e-21  1.625595155785753e-12 
 1.584893192461099e+03 -7.155108761972268e-05  8.283911272956198e-11  7.155100410954310e-05 -1.983283536286270e-13  8.350898476633193e-01 -2.163548757291030e-09  4.309736556906343e-21  1.663460131201102e-12 
 1.621810097358915e+03 -7.155108761972074e-05  8.476868354291517e-11  7.155100410954310e-05 -2.029480144387534e-13  8.350898476633193e-01 -2.213944281793646e-09  4.512848183315223e-21  1.702207095196511e-12 
 1.659586907437545e+03 -7.155108761971871e-05  8.674319983432893e-11  7.155100410954310e-05 -2.076752809724696e-13  8.350898476633193e-01 -2.265513668859485e-09  4.725532165769009e-21  1.741856591925169e-12 
 1.698243652461728e+03 -7.155108761971657e-05  8.876370851847671e-11  7.155100410954310e-05 -2.125126596890649e-13  8.350898476633193e-01 -2.318284261260172e-09  4.948239635509527e-21  1.782429644075062e-12 
 1.737800828749359e+03 -7.155108761971433e-05  9.083128089580752e-11  7.155100410954310e-05 -2.174627154307644e-13  8.350898476633193e-01 -2.372284038662295e-09  5.181442984938993e-21  1.823947764015489e-12 
 1.778279410038906e+03 -7.155108761971200e-05  9.294701322056326e-11  7.155100410954310e-05 -2.225280727826451e-13  8.350898476633193e-01 -2.427541632462614e-09  5.425636869627689e-21  1.866432965203201e-12 
 1.819700858609966e+03 -7.155108761970956e-05  9.511202728202757e-11  7.155100410954310e-05 -2.277114174642225e-13  8.350898476633193e-01 -2.484086340968775e-09  5.681339257544672e-21  1.909907773854225e-12 
 1.862087136662849e+03 -7.155108761970700e-05  9.732747099931323e-11  7.155100410954310e-05 -2.330154977534561e-13  8.350898476633193e-01 -2.541948144933687e-09  5.949092527737325e-21  1.954395240887563e-12 
 1.905460717963228e+03 -7.155108761970430e-05  9.959451903000390e-11  7.155100410954310e-05 -2.384431259439235e-13  8.350898476633193e-01 -2.601157723451706e-09  6.229464620790044e-21  1.999918954147100e-12 
 1.949844599758026e+03 -7.155108761970150e-05  1.019143733929735e-10  7.155100410954310e-05 -2.439971798359342e-13  8.350898476633193e-01 -2.661746470225091e-09  6.523050243502327e-21  2.046503050908182e-12 
 1.995262314968860e+03 -7.155108761969857e-05  1.042882641057121e-10  7.155100410954310e-05 -2.496806042623784e-13  8.350898476633193e-01 -2.723746510209368e-09  6.830472130341656e-21  2.094172230675526e-12 
 2.041737944669509e+03 -7.155108761969547e-05  1.067174498364978e-10  7.155100410954310e-05 -2.554964126501157e-13  8.350898476633193e-01 -2.787190716646403e-09  7.152382364346787e-21  2.142951768279221e-12 
 2.089296130854019e+03 -7.155108761969226e-05  1.092032185717588e-10  7.155100410954310e-05 -2.614476886177358e-13  8.350898476633193e-01 -2.852112728494242e-09  7.489463760283325e-21  2.192867527275777e-12 
 2.137962089502211e+03 -7.155108761968885e-05  1.117468882989821e-10  7.155100410954310e-05 -2.675375876105293e-13  8.350898476633193e-01 -2.918546968262895e-09  7.842431312985297e-21  2.243945973661327e-12 
 2.187761623949531e+03 -7.155108761968263e-05  1.143498077055243e-10  7.155100410954312e-05 -2.737693385735529e-13  8.350898476633194e-01 -2.986528660265661e-09  8.212033713955200e-21  2.296214189904250e-12 
 2.238721138568317e+03 -7.155108761967892e-05  1.170133568937122e-10  7.155100410954312e-05 -2.801462456636540e-13  8.350898476633194e-01 -3.056093849295482e-09  8.599054939438951e-21  2.349699889304648e-12 
 2.290867652767750e+03 -7.155108761968047e-05  1.197389481125836e-10  7.155100410954310e-05 -2.866716900013798e-13  8.350898476633192e-01 -3.127279419736382e-09  9.004315913344625e-21  2.404431430688309e-12 
 2.344228815319898e+03 -7.155108761967640e-05  1.225280265066727e-10  7.155100410954310e-05 -2.933491314636926e-13  8.350898476633192e-01 -3.200123115120062e-09  9.428676248532164e-21  2.460437833442935e-12 
 2.398832919019466e+03 -7.155108761967214e-05  1.253820708822654e-10  7.155100410954310e-05 -3.001821105184422e-13  8.350898476633192e-01 -3.274663558138015e-09  9.873036070167480e-21  2.517748792904596e-12 
 2.454708915685005e+03 -7.155108761966770e-05  1.283025944914675e-10  7.155100410954310e-05 -3.071742501015691e-13  8.350898476633192e-01 -3.350940271119794e-09  1.033833792500864e-20  2.576394696102601e-12 
 2.511886431509554e+03 -7.155108761966304e-05  1.312911458345544e-10  7.155100410954310e-05 -3.143292575380310e-13  8.350898476633192e-01 -3.428993696988252e-09  1.082556878067384e-20  2.636406637871094e-12 
 2.570395782768837e+03 -7.155108761965814e-05  1.343493094810061e-10  7.155100410954310e-05 -3.216509265074795e-13  8.350898476633192e-01 -3.508865220702953e-09  1.133576211913214e-20  2.697816437335954e-12 
 2.630267991895354e+03 -7.155108761965302e-05  1.374787069096676e-10  7.155100410954310e-05 -3.291431390557154e-13  8.350898476633192e-01 -3.590597191202992e-09  1.187000012885722e-20  2.760656654785713e-12 
 2.691534803926887e+03 -7.155108761964768e-05  1.406809973684780e-10  7.155100410954310e-05 -3.368098676530034e-13  8.350898476633192e-01 -3.674232943860981e-09  1.242941600029425e-20  2.824960608935448e-12 
 2.754228703338138e+03 -7.155108761964206e-05  1.439578787542259e-10  7.155100410954310e-05 -3.446551773003268e-13  8.350898476633192e-01 -3.759816823460028e-09  1.301519632950874e-20  2.890762394592816e-12 
 2.818382931264424e+03 -7.155108761963349e-05  1.473110885127942e-10  7.155100410954310e-05 -3.526832276847053e-13  8.350898476633193e-01 -3.847394207705933e-09  1.362858363511589e-20  2.958096900735561e-12 
 2.884031503126575e+03 -7.155108761962734e-05  1.507424045603866e-10  7.155100410954310e-05 -3.608982753847166e-13  8.350898476633193e-01 -3.937011531287045e-09  1.427087899382915e-20  3.026999829010117e-12 
 2.951209226666354e+03 -7.155108761962090e-05  1.542536462261881e-10  7.155100410954310e-05 -3.693046761273901e-13  8.350898476633193e-01 -4.028716310494553e-09  1.494344480021839e-20  3.097507712661094e-12 
 3.019951720401984e+03 -7.155108761961415e-05  1.578466752170064e-10  7.155100410954310e-05 -3.779068870976718e-13  8.350898476633193e-01 -4.122557168416251e-09  1.564770765653145e-20  3.169657935901685e-12 
 3.090295432513557e+03 -7.155108761960980e-05  1.615233966043746e-10  7.155100410954310e-05 -3.867094693016815e-13  8.350898476633192e-01 -4.218583860717136e-09  1.638516139870871e-20  3.243488753735273e-12 
 3.162277660168345e+03 -7.155108761960240e-05  1.652857598346341e-10  7.155100410954310e-05 -3.957170899850203e-13  8.350898476633192e-01 -4.316847302020537e-09  1.715737026500951e-20  3.319039312238742e-12 
 3.235936569296248e+03 -7.155108761959468e-05  1.691357597625730e-10  7.155100410954310e-05 -4.049345251074038e-13  8.350898476633192e-01 -4.417399592903694e-09  1.796597221397108e-20  3.396349669318238e-12 
 3.311311214825875e+03 -7.155108761958386e-05  1.730754377091107e-10  7.155100410954310e-05 -4.143666618749417e-13  8.350898476633193e-01 -4.520294047522210e-09  1.881268239873835e-20  3.475460815948410e-12 
 3.388441561391989e+03 -7.155108761957537e-05  1.771068825436482e-10  7.155100410954310e-05 -4.240185013313964e-13  8.350898476633193e-01 -4.625585221877881e-09  1.969929680513359e-20  3.556414697906359e-12 
 3.467368504525279e+03 -7.155108761956648e-05  1.812322317915962e-10  7.155100410954310e-05 -4.338951610098054e-13  8.350898476633193e-01 -4.733328942745051e-09  2.062769606118326e-20  3.639254238011853e-12 
 3.548133892335716e+03 -7.155108761955718e-05  1.854536727677314e-10  7.155100410954310e-05 -4.440018776458632e-13  8.350898476633193e-01 -4.843582337270680e-09  2.159984942618207e-20  3.724023358885565e-12 
 3.630780547700973e+03 -7.155108761954743e-05  1.897734437359363e-10  7.155100410954310e-05 -4.543440099545088e-13  8.350898476633193e-01 -4.956403863263926e-09  2.261781896775610e-20  3.810767006237433e-12 
 3.715352290971684e+03 -7.155108761954265e-05  1.941938350959642e-10  7.155100410954309e-05 -4.649270414711859e-13  8.350898476633191e-01 -5.071853340191230e-09  2.368376393578453e-20  3.899531172697474e-12 
 3.801893963205570e+03 -7.155108761952926e-05  1.987171905978086e-10  7.155100410954310e-05 -4.757565834592879e-13  8.350898476633192e-01 -5.189991980893419e-09  2.479994534245830e-20  3.990362922201676e-12 
 3.890451449942763e+03 -7.155108761951807e-05  2.033459085844427e-10  7.155100410954310e-05 -4.868383778853231e-13  8.350898476633192e-01 -5.310882424041545e-09  2.596873075819003e-20  4.083310414945928e-12 
 3.981071705534928e+03 -7.155108761950636e-05  2.080824432634084e-10  7.155100410954310e-05 -4.981783004633809e-13  8.350898476633192e-01 -5.434588767348740e-09  2.719259933354827e-20  4.178422932921186e-12 
 4.073802778041082e+03 -7.155108761949409e-05  2.129293060080878e-10  7.155100410954310e-05 -5.097823637705135e-13  8.350898476633192e-01 -5.561176601555666e-09  2.847414705786826e-20  4.275750906043446e-12 
 4.168693834703307e+03 -7.155108761948395e-05  2.178890666892672e-10  7.155100410954309e-05 -5.216567204346845e-13  8.350898476633191e-01 -5.690713045207611e-09  2.981609226569336e-20  4.375345938892341e-12 
 4.265795188015879e+03 -7.155108761947050e-05  2.229643550377031e-10  7.155100410954309e-05 -5.338076663969729e-13  8.350898476633191e-01 -5.823266780241616e-09  3.122128140272713e-20  4.477260838072590e-12 
 4.365158322401610e+03 -7.155108761945642e-05  2.281578620384602e-10  7.155100410954309e-05 -5.462416442497655e-13  8.350898476633191e-01 -5.958908088402561e-09  3.269269506352624e-20  4.581549640212737e-12 
 4.466835921509581e+03 -7.155108761944166e-05  2.334723413576946e-10  7.155100410954309e-05 -5.589652466527016e-13  8.350898476633191e-01 -6.097708888507445e-09  3.423345431374104e-20  4.688267640616104e-12 
 4.570881896148699e+03 -7.155108761942351e-05  2.389106108026830e-10  7.155100410954310e-05 -5.719852198281927e-13  8.350898476633192e-01 -6.239742774577732e-09  3.584682731031444e-20  4.797471422579085e-12 
 4.677351412871929e+03 -7.155108761941005e-05  2.444755538158804e-10  7.155100410954309e-05 -5.853084671383561e-13  8.350898476633191e-01 -6.385085054859862e-09  3.753623623368089e-20  4.909218887392358e-12 
 4.786300923226329e+03 -7.155108761939313e-05  2.501701210037214e-10  7.155100410954309e-05 -5.989420527452698e-13  8.350898476633191e-01 -6.533812791754670e-09  3.930526454666983e-20  5.023569285040920e-12 
 4.897788193684407e+03 -7.155108761937266e-05  2.559973317011049e-10  7.155100410954310e-05 -6.128932053564844e-13  8.350898476633192e-01 -6.686004842676904e-09  4.115766459551088e-20  5.140583245619214e-12 
 5.011872336272666e+03 -7.155108761935411e-05  2.619602755722831e-10  7.155100410954310e-05 -6.271693220577799e-13  8.350898476633192e-01 -6.841741901866466e-09  4.309736556906324e-20  5.260322811477995e-12 
 5.128613839913590e+03 -7.155108761934009e-05  2.680621142490299e-10  7.155100410954308e-05 -6.417779722351972e-13  8.350898476633190e-01 -7.001106543173550e-09  4.512848183315199e-20  5.382851470120024e-12 
 5.248074602497666e+03 -7.155108761931703e-05  2.743060830069573e-10  7.155100410954309e-05 -6.567269015884294e-13  8.350898476633191e-01 -7.164183263840424e-09  4.725532165768981e-20  5.508234187861977e-12 
 5.370317963702466e+03 -7.155108761929570e-05  2.806954924809662e-10  7.155100410954309e-05 -6.720240362376927e-13  8.350898476633191e-01 -7.331058529302972e-09  4.948239635509499e-20  5.636537444280433e-12 
 5.495408738576182e+03 -7.155108761927609e-05  2.872337304205339e-10  7.155100410954308e-05 -6.876774869262585e-13  8.350898476633190e-01 -7.501820819035782e-09  5.181442984938975e-20  5.767829267460238e-12 
 5.623413251903426e+03 -7.155108761925271e-05  2.939242634859504e-10  7.155100410954308e-05 -7.036955533208802e-13  8.350898476633190e-01 -7.676560673465183e-09  5.425636869627666e-20  5.902179270063896e-12 
 5.754399373371502e+03 -7.155108761922553e-05  3.007706390864057e-10  7.155100410954309e-05 -7.200867284123842e-13  8.350898476633191e-01 -7.855370741974945e-09  5.681339257544644e-20  6.039658686241121e-12 
 5.888436553555821e+03 -7.155108761920260e-05  3.077764872608803e-10  7.155100410954308e-05 -7.368597030187678e-13  8.350898476633190e-01 -8.038345832030235e-09  5.949092527737301e-20  6.180340409398124e-12 
 6.025595860743507e+03 -7.155108761917307e-05  3.149455226027898e-10  7.155100410954309e-05 -7.540233703931820e-13  8.350898476633191e-01 -8.225582959445740e-09  6.229464620790010e-20  6.324299030846668e-12 
 6.165950018614749e+03 -7.155108761915039e-05  3.222815462295910e-10  7.155100410954306e-05 -7.715868309392582e-13  8.350898476633188e-01 -8.417181399824807e-09  6.523050243502286e-20  6.471610879353358e-12 
 6.309573444801857e+03 -7.155108761911824e-05  3.297884477980825e-10  7.155100410954308e-05 -7.895593970362583e-13  8.350898476633190e-01 -8.613242741196637e-09  6.830472130341619e-20  6.622354061610182e-12 
 6.456542290346478e+03 -7.155108761908742e-05  3.374702075668624e-10  7.155100410954308e-05 -8.079505979766209e-13  8.350898476633190e-01 -8.813870937879594e-09  7.152382364346754e-20  6.776608503647687e-12 
 6.606934480075881e+03 -7.155108761905786e-05  3.453308985066406e-10  7.155100410954306e-05 -8.267701850185205e-13  8.350898476633188e-01 -9.019172365599181e-09  7.489463760283272e-20  6.934455993212845e-12 
 6.760829753919737e+03 -7.155108761902137e-05  3.533746884597841e-10  7.155100410954308e-05 -8.460281365561147e-13  8.350898476633190e-01 -9.229255877889876e-09  7.842431312985256e-20  7.095980223133982e-12 
 6.918309709189281e+03 -7.155108761898870e-05  3.616058423502210e-10  7.155100410954306e-05 -8.657346634102160e-13  8.350898476633188e-01 -9.444232863810656e-09  8.212033713955148e-20  7.261266835695823e-12 
 7.079457843841294e+03 -7.155108761895436e-05  3.700287244446837e-10  7.155100410954306e-05 -8.859002142422123e-13  8.350898476633187e-01 -9.664217307005053e-09  8.599054939438900e-20  7.430403468048182e-12 
 7.244359600749813e+03 -7.155108761891285e-05  3.786478006667364e-10  7.155100410954306e-05 -9.065354810940745e-13  8.350898476633188e-01 -9.889325846136652e-09  9.004315913344569e-20  7.603479798672317e-12 
 7.413102413009085e+03 -7.155108761887496e-05  3.874676409647029e-10  7.155100410954306e-05 -9.276514050574285e-13  8.350898476633187e-01 -1.011967783673257e-08  9.428676248532106e-20  7.780587594929660e-12 
 7.585775750291745e+03 -7.155108761882969e-05  3.964929217346281e-10  7.155100410954306e-05 -9.492591820746612e-13  8.350898476633188e-01 -1.035539541446730e-08  9.873036070167418e-20  7.961820761718088e-12 
 7.762471166286822e+03 -7.155108761878786e-05  4.057284282998645e-10  7.155100410954306e-05 -9.713702688751606e-13  8.350898476633187e-01 -1.059660355992063e-08  1.033833792500856e-19  8.147275391261535e-12 
 7.943282347242717e+03 -7.155108761874395e-05  4.151790574482262e-10  7.155100410954305e-05 -9.939963890498240e-13  8.350898476633186e-01 -1.084343016484408e-08  1.082556878067376e-19  8.337049814059366e-12 
 8.128305161640892e+03 -7.155108761869239e-05  4.248498200283669e-10  7.155100410954306e-05 -1.017149539267059e-12  8.350898476633187e-01 -1.109600609997068e-08  1.133576211913206e-19  8.531244651022515e-12 
 8.317637711026608e+03 -7.155108761864395e-05  4.347458436066406e-10  7.155100410954305e-05 -1.040841995633580e-12  8.350898476633186e-01 -1.135446528440451e-08  1.187000012885716e-19  8.729962866824005e-12 
 8.511380382023659e+03 -7.155108761859041e-05  4.448723751857170e-10  7.155100410954305e-05 -1.065086320203356e-12  8.350898476633186e-01 -1.161894475662622e-08  1.242941600029417e-19  8.933309824492207e-12 
 8.709635899560699e+03 -7.155108761853705e-05  4.552347839866925e-10  7.155100410954303e-05 -1.089895367638191e-12  8.350898476633185e-01 -1.188958474715284e-08  1.301519632950867e-19  9.141393341275689e-12 
 8.912509381337344e+03 -7.155108761847833e-05  4.658385642958612e-10  7.155100410954303e-05 -1.115282292023416e-12  8.350898476633185e-01 -1.216652875288962e-08  1.362858363511578e-19  9.354323745809358e-12 
 9.120108393558983e+03 -7.155108761841684e-05  4.766893383779058e-10  7.155100410954303e-05 -1.141260553842379e-12  8.350898476633185e-01 -1.244992361321426e-08  1.427087899382905e-19  9.572213936612171e-12 
 9.332543007969793e+03 -7.155108761835518e-05  4.877928594568793e-10  7.155100410954303e-05 -1.167843927113359e-12  8.350898476633184e-01 -1.273991958783284e-08  1.494344480021830e-19  9.795179441947402e-12 
 9.549925860214238e+03 -7.155108761829046e-05  4.991550147666215e-10  7.155100410954302e-05 -1.195046506692735e-12  8.350898476633183e-01 -1.303667043644964e-08  1.564770765653132e-19  1.002333848107728e-11 
 9.772372209557981e+03 -7.155108761821716e-05  5.107818286722547e-10  7.155100410954303e-05 -1.222882715748271e-12  8.350898476633184e-01 -1.334033350029261e-08  1.638516139870860e-19  1.025681202694440e-11 
 9.999999999999871e+03 -7.155108761814597e-05  5.226794658644432e-10  7.155100410954302e-05 -1.251367313406464e-12  8.350898476633183e-01 -1.365106978553761e-08  1.715737026500938e-19  1.049572387031316e-11 
 1.023292992280741e+04 -7.155108761806856e-05  5.348542346278839e-10  7.155100410954302e-05 -1.280515402578027e-12  8.350898476633183e-01 -1.396904404867616e-08  1.796597221397093e-19  1.074020068540529e-11 
 1.047128548050886e+04 -7.155108761798750e-05  5.473125901861331e-10  7.155100410954302e-05 -1.310342437965664e-12  8.350898476633183e-01 -1.429442488387149e-08  1.881268239873819e-19  1.099037209706419e-11 
 1.071519305237592e+04 -7.155108761790265e-05  5.600611381242125e-10  7.155100410954302e-05 -1.340864234258343e-12  8.350898476633183e-01 -1.462738481234932e-08  1.969929680513342e-19  1.124637074948372e-11 
 1.096478196143171e+04 -7.155108761781648e-05  5.731066378909935e-10  7.155100410954301e-05 -1.372096974516461e-12  8.350898476633182e-01 -1.496810037387100e-08  2.062769606118308e-19  1.150833237653794e-11 
 1.122018454301949e+04 -7.155108761772612e-05  5.864560063831189e-10  7.155100410954301e-05 -1.404057218752319e-12  8.350898476633181e-01 -1.531675222033712e-08  2.159984942618189e-19  1.177639587374899e-11 
 1.148153621496868e+04 -7.155108761763139e-05  6.001163216124612e-10  7.155100410954299e-05 -1.436761912710453e-12  8.350898476633180e-01 -1.567352521157165e-08  2.261781896775589e-19  1.205070337193133e-11 
 1.174897554939514e+04 -7.155108761752935e-05  6.140948264589584e-10  7.155100410954299e-05 -1.470228396852499e-12  8.350898476633180e-01 -1.603860851333699e-08  2.368376393578432e-19  1.233140031255138e-11 
 1.202264434617397e+04 -7.155108761742522e-05  6.283989325109245e-10  7.155100410954298e-05 -1.504474415551329e-12  8.350898476633178e-01 -1.641219569763218e-08  2.479994534245808e-19  1.261863552484253e-11 
 1.230268770812365e+04 -7.155108761731063e-05  6.430362239946930e-10  7.155100410954299e-05 -1.539518126499357e-12  8.350898476633180e-01 -1.679448484532734e-08  2.596873075818978e-19  1.291256130471634e-11 
 1.258925411794151e+04 -7.155108761720161e-05  6.580144617960154e-10  7.155100410954297e-05 -1.575378110335988e-12  8.350898476633176e-01 -1.718567865118879e-08  2.719259933354799e-19  1.321333349551185e-11 
 1.288249551693117e+04 -7.155108761708165e-05  6.733415875747693e-10  7.155100410954295e-05 -1.612073380499311e-12  8.350898476633175e-01 -1.758598453135044e-08  2.847414705786794e-19  1.352111157062584e-11 
 1.318256738556390e+04 -7.155108761695049e-05  6.890257279759160e-10  7.155100410954297e-05 -1.649623393307291e-12  8.350898476633176e-01 -1.799561473328864e-08  2.981609226569305e-19  1.383605871806764e-11 
 1.348962882591636e+04 -7.155108761681596e-05  7.050751989383297e-10  7.155100410954297e-05 -1.688048058273750e-12  8.350898476633176e-01 -1.841478644835857e-08  3.122128140272683e-19  1.415834192698365e-11 
 1.380384264602866e+04 -7.155108761668326e-05  7.214985101039755e-10  7.155100410954294e-05 -1.727367748664663e-12  8.350898476633173e-01 -1.884372192695193e-08  3.269269506352591e-19  1.448813207619715e-11 
 1.412537544622735e+04 -7.155108761653576e-05  7.383043693297493e-10  7.155100410954294e-05 -1.767603312300330e-12  8.350898476633173e-01 -1.928264859633706e-08  3.423345431374063e-19  1.482560402481056e-11 
 1.445439770745908e+04 -7.155108761638403e-05  7.555016873047048e-10  7.155100410954293e-05 -1.808776082609176e-12  8.350898476633172e-01 -1.973179918124403e-08  3.584682731031402e-19  1.517093670491799e-11 
 1.479108388168187e+04 -7.155108761622772e-05  7.730995822744641e-10  7.155100410954290e-05 -1.850907889939002e-12  8.350898476633170e-01 -2.019141182725811e-08  3.753623623368039e-19  1.552431321647744e-11 
 1.513561248436188e+04 -7.155108761605568e-05  7.911073848758191e-10  7.155100410954291e-05 -1.894021073131739e-12  8.350898476633171e-01 -2.066173022708797e-08  3.930526454666934e-19  1.588592092439287e-11 
 1.548816618912460e+04 -7.155108761588379e-05  8.095346430841433e-10  7.155100410954290e-05 -1.938138491367781e-12  8.350898476633168e-01 -2.114300374977454e-08  4.115766459551032e-19  1.625595155785742e-11 
 1.584893192461092e+04 -7.155108761569540e-05  8.283911272755673e-10  7.155100410954290e-05 -1.983283536286242e-12  8.350898476633170e-01 -2.163548757290999e-08  4.309736556906262e-19  1.663460131201090e-11 
 1.621810097358908e+04 -7.155108761550369e-05  8.476868354076650e-10  7.155100410954290e-05 -2.029480144387506e-12  8.350898476633168e-01 -2.213944281793614e-08  4.512848183315141e-19  1.702207095196499e-11 
 1.659586907437538e+04 -7.155108761530281e-05  8.674319983202654e-10  7.155100410954289e-05 -2.076752809724667e-12  8.350898476633167e-01 -2.265513668859452e-08  4.725532165768922e-19  1.741856591925156e-11 
 1.698243652461721e+04 -7.155108761509775e-05  8.876370851601250e-10  7.155100410954286e-05 -2.125126596890615e-12  8.350898476633164e-01 -2.318284261260135e-08  4.948239635509425e-19  1.782429644075048e-11 
 1.737800828749351e+04 -7.155108761487723e-05  9.083128089316665e-10  7.155100410954285e-05 -2.174627154307613e-12  8.350898476633163e-01 -2.372284038662261e-08  5.181442984938896e-19  1.823947764015475e-11 
 1.778279410038898e+04 -7.155108761464347e-05  9.294701321773168e-10  7.155100410954285e-05 -2.225280727826416e-12  8.350898476633163e-01 -2.427541632462574e-08  5.425636869627578e-19  1.866432965203187e-11 
 1.819700858609958e+04 -7.155108761440684e-05  9.511202727899624e-10  7.155100410954282e-05 -2.277114174642185e-12  8.350898476633160e-01 -2.484086340968730e-08  5.681339257544546e-19  1.909907773854209e-11 
 1.862087136662842e+04 -7.155108761415324e-05  9.732747099606440e-10  7.155100410954280e-05 -2.330154977534521e-12  8.350898476633158e-01 -2.541948144933642e-08  5.949092527737196e-19  1.954395240887547e-11 
 1.905460717963221e+04 -7.155108761388757e-05  9.959451902652205e-10  7.155100410954280e-05 -2.384431259439192e-12  8.350898476633157e-01 -2.601157723451656e-08  6.229464620789899e-19  1.999918954147083e-11 
 1.949844599758018e+04 -7.155108761361467e-05  1.019143733892450e-09  7.155100410954278e-05 -2.439971798359297e-12  8.350898476633154e-01 -2.661746470225039e-08  6.523050243502174e-19  2.046503050908164e-11 
 1.995262314968852e+04 -7.155108761332310e-05  1.042882641017160e-09  7.155100410954276e-05 -2.496806042623733e-12  8.350898476633153e-01 -2.723746510209310e-08  6.830472130341483e-19  2.094172230675507e-11 
 2.041737944669501e+04 -7.155108761302037e-05  1.067174498322162e-09  7.155100410954275e-05 -2.554964126501109e-12  8.350898476633152e-01 -2.787190716646348e-08  7.152382364346617e-19  2.142951768279201e-11 
 2.089296130854010e+04 -7.155108761270585e-05  1.092032185671735e-09  7.155100410954272e-05 -2.614476886177298e-12  8.350898476633148e-01 -2.852112728494175e-08  7.489463760283116e-19  2.192867527275756e-11 
 2.137962089502202e+04 -7.155108761237067e-05  1.117468882940671e-09  7.155100410954271e-05 -2.675375876105234e-12  8.350898476633147e-01 -2.918546968262828e-08  7.842431312985081e-19  2.243945973661306e-11 
 2.187761623949522e+04 -7.155108761201957e-05  1.143498077002578e-09  7.155100410954271e-05 -2.737693385735465e-12  8.350898476633146e-01 -2.986528660265588e-08  8.212033713954965e-19  2.296214189904228e-11 
 2.238721138568308e+04 -7.155108761164910e-05  1.170133568880651e-09  7.155100410954270e-05 -2.801462456636472e-12  8.350898476633145e-01 -3.056093849295404e-08  8.599054939438695e-19  2.349699889304624e-11 
 2.290867652767740e+04 -7.155108761126660e-05  1.197389481065286e-09  7.155100410954267e-05 -2.866716900013726e-12  8.350898476633143e-01 -3.127279419736300e-08  9.004315913344349e-19  2.404431430688285e-11 
 2.344228815319889e+04 -7.155108761086581e-05  1.225280265001845e-09  7.155100410954264e-05 -2.933491314636849e-12  8.350898476633141e-01 -3.200123115119975e-08  9.428676248531868e-19  2.460437833442909e-11 
 2.398832919019456e+04 -7.155108761045129e-05  1.253820708753170e-09  7.155100410954260e-05 -3.001821105184342e-12  8.350898476633136e-01 -3.274663558137924e-08  9.873036070167169e-19  2.517748792904569e-11 
 2.454708915684995e+04 -7.155108761001400e-05  1.283025944840236e-09  7.155100410954257e-05 -3.071742501015603e-12  8.350898476633133e-01 -3.350940271119694e-08  1.033833792500829e-18  2.576394696102572e-11 
 2.511886431509544e+04 -7.155108760955304e-05  1.312911458265769e-09  7.155100410954256e-05 -3.143292575380221e-12  8.350898476633131e-01 -3.428993696988151e-08  1.082556878067347e-18  2.636406637871064e-11 
 2.570395782768826e+04 -7.155108760907279e-05  1.343493094724590e-09  7.155100410954253e-05 -3.216509265074700e-12  8.350898476633127e-01 -3.508865220702845e-08  1.133576211913174e-18  2.697816437335922e-11 
 2.630267991895344e+04 -7.155108760856952e-05  1.374787069005098e-09  7.155100410954251e-05 -3.291431390557054e-12  8.350898476633124e-01 -3.590597191202877e-08  1.187000012885679e-18  2.760656654785679e-11 
 2.691534803926876e+04 -7.155108760803944e-05  1.406809973586633e-09  7.155100410954248e-05 -3.368098676529928e-12  8.350898476633122e-01 -3.674232943860859e-08  1.242941600029379e-18  2.824960608935413e-11 
 2.754228703338126e+04 -7.155108760748956e-05  1.439578787437118e-09  7.155100410954244e-05 -3.446551773003150e-12  8.350898476633117e-01 -3.759816823459894e-08  1.301519632950823e-18  2.890762394592779e-11 
 2.818382931264412e+04 -7.155108760691052e-05  1.473110885015301e-09  7.155100410954241e-05 -3.526832276846929e-12  8.350898476633114e-01 -3.847394207705792e-08  1.362858363511533e-18  2.958096900735521e-11 
 2.884031503126564e+04 -7.155108760630653e-05  1.507424045483186e-09  7.155100410954238e-05 -3.608982753847034e-12  8.350898476633110e-01 -3.937011531286895e-08  1.427087899382855e-18  3.026999829010075e-11 
 2.951209226666342e+04 -7.155108760566814e-05  1.542536462132531e-09  7.155100410954236e-05 -3.693046761273762e-12  8.350898476633107e-01 -4.028716310494394e-08  1.494344480021774e-18  3.097507712661049e-11 
 3.019951720401971e+04 -7.155108760500484e-05  1.578466752031473e-09  7.155100410954232e-05 -3.779068870976569e-12  8.350898476633103e-01 -4.122557168416081e-08  1.564770765653074e-18  3.169657935901638e-11 
 3.090295432513544e+04 -7.155108760430976e-05  1.615233965895222e-09  7.155100410954229e-05 -3.867094693016657e-12  8.350898476633098e-01 -4.218583860716955e-08  1.638516139870794e-18  3.243488753735224e-11 
 3.162277660168332e+04 -7.155108760358412e-05  1.652857598187224e-09  7.155100410954224e-05 -3.957170899850029e-12  8.350898476633093e-01 -4.316847302020338e-08  1.715737026500864e-18  3.319039312238688e-11 
 3.235936569296234e+04 -7.155108760281821e-05  1.691357597455199e-09  7.155100410954221e-05 -4.049345251073857e-12  8.350898476633090e-01 -4.417399592903487e-08  1.796597221397016e-18  3.396349669318183e-11 
 3.311311214825861e+04 -7.155108760201854e-05  1.730754376908401e-09  7.155100410954217e-05 -4.143666618749216e-12  8.350898476633085e-01 -4.520294047521981e-08  1.881268239873732e-18  3.475460815948350e-11 
 3.388441561391974e+04 -7.155108760118610e-05  1.771068825240749e-09  7.155100410954211e-05 -4.240185013313755e-12  8.350898476633078e-01 -4.625585221877642e-08  1.969929680513249e-18  3.556414697906295e-11 
 3.467368504525264e+04 -7.155108760031096e-05  1.812322317706235e-09  7.155100410954206e-05 -4.338951610097833e-12  8.350898476633073e-01 -4.733328942744801e-08  2.062769606118208e-18  3.639254238011786e-11 
 3.548133892335701e+04 -7.155108759939392e-05  1.854536727452584e-09  7.155100410954202e-05 -4.440018776458399e-12  8.350898476633067e-01 -4.843582337270414e-08  2.159984942618080e-18  3.724023358885493e-11 
 3.630780547700958e+04 -7.155108759843303e-05  1.897734437118555e-09  7.155100410954196e-05 -4.543440099544831e-12  8.350898476633062e-01 -4.956403863263632e-08  2.261781896775467e-18  3.810767006237358e-11 
 3.715352290971669e+04 -7.155108759742894e-05  1.941938350701559e-09  7.155100410954191e-05 -4.649270414711589e-12  8.350898476633055e-01 -5.071853340190922e-08  2.368376393578300e-18  3.899531172697395e-11 
 3.801893963205554e+04 -7.155108759637673e-05  1.987171905701586e-09  7.155100410954186e-05 -4.757565834592590e-12  8.350898476633049e-01 -5.189991980893090e-08  2.479994534245662e-18  3.990362922201592e-11 
 3.890451449942747e+04 -7.155108759527419e-05  2.033459085548150e-09  7.155100410954180e-05 -4.868383778852925e-12  8.350898476633042e-01 -5.310882424041198e-08  2.596873075818822e-18  4.083310414945838e-11 
 3.981071705534912e+04 -7.155108759412163e-05  2.080824432316641e-09  7.155100410954172e-05 -4.981783004633475e-12  8.350898476633034e-01 -5.434588767348360e-08  2.719259933354625e-18  4.178422932921089e-11 
 4.073802778041065e+04 -7.155108759291113e-05  2.129293059740707e-09  7.155100410954167e-05 -5.097823637704784e-12  8.350898476633027e-01 -5.561176601555265e-08  2.847414705786608e-18  4.275750906043343e-11 
 4.168693834703290e+04 -7.155108759164555e-05  2.178890666528138e-09  7.155100410954160e-05 -5.216567204346470e-12  8.350898476633020e-01 -5.690713045207183e-08  2.981609226569100e-18  4.375345938892234e-11 
 4.265795188015862e+04 -7.155108759031940e-05  2.229643549986415e-09  7.155100410954152e-05 -5.338076663969336e-12  8.350898476633011e-01 -5.823266780241167e-08  3.122128140272460e-18  4.477260838072476e-11 
 4.365158322401593e+04 -7.155108758892989e-05  2.281578619966030e-09  7.155100410954145e-05 -5.462416442497228e-12  8.350898476633003e-01 -5.958908088402074e-08  3.269269506352344e-18  4.581549640212616e-11 
 4.466835921509562e+04 -7.155108758748210e-05  2.334723413128519e-09  7.155100410954135e-05 -5.589652466526557e-12  8.350898476632992e-01 -6.097708888506921e-08  3.423345431373797e-18  4.688267640615974e-11 
 4.570881896148680e+04 -7.155108758595939e-05  2.389106107546354e-09  7.155100410954129e-05 -5.719852198281436e-12  8.350898476632983e-01 -6.239742774577173e-08  3.584682731031108e-18  4.797471422578945e-11 
 4.677351412871909e+04 -7.155108758436662e-05  2.444755537643933e-09  7.155100410954119e-05 -5.853084671383039e-12  8.350898476632973e-01 -6.385085054859266e-08  3.753623623367723e-18  4.909218887392209e-11 
 4.786300923226309e+04 -7.155108758269761e-05  2.501701209485511e-09  7.155100410954111e-05 -5.989420527452141e-12  8.350898476632963e-01 -6.533812791754034e-08  3.930526454666584e-18  5.023569285040762e-11 
 4.897788193684386e+04 -7.155108758095423e-05  2.559973316419991e-09  7.155100410954102e-05 -6.128932053564241e-12  8.350898476632952e-01 -6.686004842676216e-08  4.115766459550647e-18  5.140583245619043e-11 
 5.011872336272644e+04 -7.155108757912186e-05  2.619602755089452e-09  7.155100410954093e-05 -6.271693220577151e-12  8.350898476632942e-01 -6.841741901865725e-08  4.309736556905839e-18  5.260322811477815e-11 
 5.128613839913568e+04 -7.155108757720472e-05  2.680621141811508e-09  7.155100410954083e-05 -6.417779722351281e-12  8.350898476632931e-01 -7.001106543172760e-08  4.512848183314671e-18  5.382851470119835e-11 
 5.248074602497643e+04 -7.155108757520133e-05  2.743060829342323e-09  7.155100410954070e-05 -6.567269015883563e-12  8.350898476632918e-01 -7.164183263839589e-08  4.725532165768410e-18  5.508234187861773e-11 
 5.370317963702443e+04 -7.155108757310200e-05  2.806954924030421e-09  7.155100410954060e-05 -6.720240362376137e-12  8.350898476632904e-01 -7.331058529302069e-08  4.948239635508869e-18  5.636537444280214e-11 
 5.495408738576159e+04 -7.155108757090492e-05  2.872337303370360e-09  7.155100410954047e-05 -6.876774869261743e-12  8.350898476632890e-01 -7.501820819034821e-08  5.181442984938289e-18  5.767829267460006e-11 
 5.623413251903402e+04 -7.155108756860263e-05  2.939242633964821e-09  7.155100410954034e-05 -7.036955533207899e-12  8.350898476632874e-01 -7.676560673464152e-08  5.425636869626914e-18  5.902179270063647e-11 
 5.754399373371479e+04 -7.155108756618474e-05  3.007706389905323e-09  7.155100410954023e-05 -7.200867284122880e-12  8.350898476632862e-01 -7.855370741973847e-08  5.681339257543825e-18  6.039658686240859e-11 
 5.888436553555797e+04 -7.155108756366236e-05  3.077764871581508e-09  7.155100410954009e-05 -7.368597030186642e-12  8.350898476632845e-01 -8.038345832029052e-08  5.949092527736401e-18  6.180340409397844e-11 
 6.025595860743483e+04 -7.155108756102188e-05  3.149455224927257e-09  7.155100410953992e-05 -7.540233703930714e-12  8.350898476632828e-01 -8.225582959444474e-08  6.229464620789026e-18  6.324299030846366e-11 
 6.165950018614724e+04 -7.155108755825220e-05  3.222815461116424e-09  7.155100410953978e-05 -7.715868309391409e-12  8.350898476632811e-01 -8.417181399823467e-08  6.523050243501223e-18  6.471610879353040e-11 
 6.309573444801832e+04 -7.155108755535551e-05  3.297884476717095e-09  7.155100410953962e-05 -7.895593970361315e-12  8.350898476632792e-01 -8.613242741195189e-08  6.830472130340442e-18  6.622354061609840e-11 
 6.456542290346453e+04 -7.155108755231743e-05  3.374702074314470e-09  7.155100410953947e-05 -8.079505979764859e-12  8.350898476632774e-01 -8.813870937878052e-08  7.152382364345475e-18  6.776608503647323e-11 
 6.606934480075855e+04 -7.155108754913681e-05  3.453308983615315e-09  7.155100410953931e-05 -8.267701850183761e-12  8.350898476632755e-01 -9.019172365597529e-08  7.489463760281872e-18  6.934455993212458e-11 
 6.760829753919710e+04 -7.155108754580683e-05  3.533746883043006e-09  7.155100410953912e-05 -8.460281365559603e-12  8.350898476632735e-01 -9.229255877888112e-08  7.842431312983724e-18  7.095980223133566e-11 
 6.918309709189254e+04 -7.155108754232577e-05  3.616058421836222e-09  7.155100410953891e-05 -8.657346634100510e-12  8.350898476632712e-01 -9.444232863808770e-08  8.212033713953475e-18  7.261266835695383e-11 
 7.079457843841266e+04 -7.155108753867796e-05  3.700287242661690e-09  7.155100410953873e-05 -8.859002142420345e-12  8.350898476632689e-01 -9.664217307003021e-08  8.599054939437057e-18  7.430403468047707e-11 
 7.244359600749785e+04 -7.155108753485554e-05  3.786478004754601e-09  7.155100410953852e-05 -9.065354810938846e-12  8.350898476632665e-01 -9.889325846134479e-08  9.004315913342555e-18  7.603479798671811e-11 
 7.413102413009056e+04 -7.155108753085030e-05  3.874676407597332e-09  7.155100410953832e-05 -9.276514050572252e-12  8.350898476632642e-01 -1.011967783673025e-07  9.428676248529903e-18  7.780587594929122e-11 
 7.585775750291716e+04 -7.155108752666175e-05  3.964929215150112e-09  7.155100410953807e-05 -9.492591820744440e-12  8.350898476632614e-01 -1.035539541446481e-07  9.873036070165014e-18  7.961820761717509e-11 
 7.762471166286792e+04 -7.155108752227273e-05  4.057284280645327e-09  7.155100410953784e-05 -9.713702688749272e-12  8.350898476632588e-01 -1.059660355991797e-07  1.033833792500592e-17  8.147275391260917e-11 
 7.943282347242687e+04 -7.155108751767923e-05  4.151790571960609e-09  7.155100410953760e-05 -9.939963890495753e-12  8.350898476632560e-01 -1.084343016484124e-07  1.082556878067089e-17  8.337049814058710e-11 
 8.128305161640861e+04 -7.155108751287135e-05  4.248498197581845e-09  7.155100410953732e-05 -1.017149539266791e-11  8.350898476632529e-01 -1.109600609996763e-07  1.133576211912890e-17  8.531244651021809e-11 
 8.317637711026576e+04 -7.155108750783055e-05  4.347458433171216e-09  7.155100410953704e-05 -1.040841995633293e-11  8.350898476632498e-01 -1.135446528440124e-07  1.187000012885369e-17  8.729962866823254e-11 
 8.511380382023628e+04 -7.155108750255690e-05  4.448723748754983e-09  7.155100410953676e-05 -1.065086320203049e-11  8.350898476632465e-01 -1.161894475662272e-07  1.242941600029037e-17  8.933309824491401e-11 
 8.709635899560666e+04 -7.155108749703359e-05  4.552347836542831e-09  7.155100410953646e-05 -1.089895367637862e-11  8.350898476632430e-01 -1.188958474714908e-07  1.301519632950450e-17  9.141393341274825e-11 
 8.912509381337311e+04 -7.155108749125145e-05  4.658385639396859e-09  7.155100410953614e-05 -1.115282292023065e-11  8.350898476632393e-01 -1.216652875288562e-07  1.362858363511125e-17  9.354323745808437e-11 
 9.120108393558950e+04 -7.155108748518985e-05  4.766893379962454e-09  7.155100410953584e-05 -1.141260553842004e-11  8.350898476632358e-01 -1.244992361320998e-07  1.427087899382408e-17  9.572213936611188e-11 
 9.332543007969759e+04 -7.155108747885205e-05  4.877928590479311e-09  7.155100410953547e-05 -1.167843927112956e-11  8.350898476632317e-01 -1.273991958782823e-07  1.494344480021283e-17  9.795179441946349e-11 
 9.549925860214204e+04 -7.155108747220810e-05  4.991550143284116e-09  7.155100410953512e-05 -1.195046506692304e-11  8.350898476632277e-01 -1.303667043644472e-07  1.564770765652536e-17  1.002333848107616e-10 
 9.772372209557948e+04 -7.155108746525461e-05  5.107818282027184e-09  7.155100410953474e-05 -1.222882715747810e-11  8.350898476632233e-01 -1.334033350028733e-07  1.638516139870206e-17  1.025681202694320e-10 
 9.999999999999837e+04 -7.155108745797110e-05  5.226794653613154e-09  7.155100410953436e-05 -1.251367313405969e-11  8.350898476632189e-01 -1.365106978553196e-07  1.715737026500222e-17  1.049572387031188e-10 
 1.023292992280737e+05 -7.155108745034737e-05  5.348542340887804e-09  7.155100410953395e-05 -1.280515402577498e-11  8.350898476632141e-01 -1.396904404867011e-07  1.796597221396309e-17  1.074020068540392e-10 
 1.047128548050882e+05 -7.155108744236427e-05  5.473125896084817e-09  7.155100410953349e-05 -1.310342437965097e-11  8.350898476632090e-01 -1.429442488386500e-07  1.881268239872959e-17  1.099037209706271e-10 
 1.071519305237589e+05 -7.155108743400190e-05  5.600611375052461e-09  7.155100410953306e-05 -1.340864234257734e-11  8.350898476632039e-01 -1.462738481234237e-07  1.969929680512399e-17  1.124637074948214e-10 
 1.096478196143167e+05 -7.155108742524767e-05  5.731066372277553e-09  7.155100410953259e-05 -1.372096974515809e-11  8.350898476631986e-01 -1.496810037386355e-07  2.062769606117275e-17  1.150833237653625e-10 
 1.122018454301945e+05 -7.155108741608004e-05  5.864560056724397e-09  7.155100410953210e-05 -1.404057218751622e-11  8.350898476631928e-01 -1.531675222032916e-07  2.159984942617060e-17  1.177639587374719e-10 
 1.148153621496864e+05 -7.155108740647926e-05  6.001163208509448e-09  7.155100410953158e-05 -1.436761912709707e-11  8.350898476631869e-01 -1.567352521156312e-07  2.261781896774351e-17  1.205070337192940e-10 
 1.174897554939510e+05 -7.155108739643279e-05  6.140948256430045e-09  7.155100410953101e-05 -1.470228396851699e-11  8.350898476631805e-01 -1.603860851332784e-07  2.368376393577073e-17  1.233140031254931e-10 
 1.202264434617393e+05 -7.155108738590542e-05  6.283989316366017e-09  7.155100410953046e-05 -1.504474415550473e-11  8.350898476631741e-01 -1.641219569762239e-07  2.479994534244320e-17  1.261863552484031e-10 
 1.230268770812361e+05 -7.155108737488264e-05  6.430362230578510e-09  7.155100410952986e-05 -1.539518126498440e-11  8.350898476631672e-01 -1.679448484531686e-07  2.596873075817349e-17  1.291256130471397e-10 
 1.258925411794146e+05 -7.155108736334073e-05  6.580144607921411e-09  7.155100410952925e-05 -1.575378110335005e-11  8.350898476631602e-01 -1.718567865117755e-07  2.719259933353012e-17  1.321333349550932e-10 
 1.288249551693113e+05 -7.155108735125750e-05  6.733415864991022e-09  7.155100410952859e-05 -1.612073380498259e-11  8.350898476631525e-01 -1.758598453133840e-07  2.847414705784836e-17  1.352111157062312e-10 
 1.318256738556385e+05 -7.155108733860428e-05  6.890257268233422e-09  7.155100410952790e-05 -1.649623393306164e-11  8.350898476631445e-01 -1.799561473327575e-07  2.981609226567160e-17  1.383605871806473e-10 
 1.348962882591631e+05 -7.155108732535107e-05  7.050751977033215e-09  7.155100410952719e-05 -1.688048058272543e-11  8.350898476631365e-01 -1.841478644834477e-07  3.122128140270333e-17  1.415834192698054e-10 
 1.380384264602862e+05 -7.155108731147477e-05  7.214985087806100e-09  7.155100410952643e-05 -1.727367748663367e-11  8.350898476631279e-01 -1.884372192693711e-07  3.269269506350009e-17  1.448813207619382e-10 
 1.412537544622731e+05 -7.155108729694823e-05  7.383043679117590e-09  7.155100410952563e-05 -1.767603312298944e-11  8.350898476631188e-01 -1.928264859632122e-07  3.423345431371241e-17  1.482560402480699e-10 
 1.445439770745904e+05 -7.155108728173474e-05  7.555016857853011e-09  7.155100410952481e-05 -1.808776082607692e-11  8.350898476631093e-01 -1.973179918122706e-07  3.584682731028308e-17  1.517093670491417e-10 
 1.479108388168183e+05 -7.155108726580422e-05  7.730995806463814e-09  7.155100410952395e-05 -1.850907889937412e-11  8.350898476630995e-01 -2.019141182723993e-07  3.753623623364647e-17  1.552431321647336e-10 
 1.513561248436183e+05 -7.155108724911969e-05  7.911073831313092e-09  7.155100410952306e-05 -1.894021073130035e-11  8.350898476630891e-01 -2.066173022706849e-07  3.930526454663216e-17  1.588592092438848e-10 
 1.548816618912456e+05 -7.155108723165334e-05  8.095346412148607e-09  7.155100410952211e-05 -1.938138491365955e-11  8.350898476630783e-01 -2.114300374975367e-07  4.115766459546958e-17  1.625595155785272e-10 
 1.584893192461087e+05 -7.155108721336489e-05  8.283911252726363e-09  7.155100410952111e-05 -1.983283536284284e-11  8.350898476630667e-01 -2.163548757288760e-07  4.309736556901790e-17  1.663460131200587e-10 
 1.621810097358903e+05 -7.155108719420946e-05  8.476868332614735e-09  7.155100410952008e-05 -2.029480144385408e-11  8.350898476630549e-01 -2.213944281791215e-07  4.512848183310238e-17  1.702207095195960e-10 
 1.659586907437533e+05 -7.155108717415402e-05  8.674319960205825e-09  7.155100410951901e-05 -2.076752809722418e-11  8.350898476630425e-01 -2.265513668856880e-07  4.725532165763544e-17  1.741856591924579e-10 
 1.698243652461716e+05 -7.155108715315263e-05  8.876370826959400e-09  7.155100410951787e-05 -2.125126596888206e-11  8.350898476630294e-01 -2.318284261257381e-07  4.948239635503532e-17  1.782429644074430e-10 
 1.737800828749346e+05 -7.155108713116552e-05  9.083128062912674e-09  7.155100410951666e-05 -2.174627154305034e-11  8.350898476630156e-01 -2.372284038659311e-07  5.181442984932439e-17  1.823947764014813e-10 
 1.778279410038893e+05 -7.155108710813446e-05  9.294701293480745e-09  7.155100410951544e-05 -2.225280727823653e-11  8.350898476630015e-01 -2.427541632459414e-07  5.425636869620499e-17  1.866432965202478e-10 
 1.819700858609953e+05 -7.155108708402344e-05  9.511202697583552e-09  7.155100410951411e-05 -2.277114174639226e-11  8.350898476629866e-01 -2.484086340965348e-07  5.681339257536793e-17  1.909907773853450e-10 
 1.862087136662836e+05 -7.155108705877513e-05  9.732747067122278e-09  7.155100410951274e-05 -2.330154977531348e-11  8.350898476629708e-01 -2.541948144930014e-07  5.949092527728686e-17  1.954395240886733e-10 
 1.905460717963215e+05 -7.155108703233786e-05  9.959451867844949e-09  7.155100410951132e-05 -2.384431259435795e-11  8.350898476629544e-01 -2.601157723447772e-07  6.229464620780581e-17  1.999918954146212e-10 
 1.949844599758012e+05 -7.155108700465201e-05  1.019143730162754e-08  7.155100410950983e-05 -2.439971798355655e-11  8.350898476629371e-01 -2.661746470220874e-07  6.523050243491948e-17  2.046503050907231e-10 
 1.995262314968846e+05 -7.155108697566606e-05  1.042882637020749e-08  7.155100410950825e-05 -2.496806042619834e-11  8.350898476629190e-01 -2.723746510204852e-07  6.830472130330282e-17  2.094172230674507e-10 
 2.041737944669495e+05 -7.155108694530951e-05  1.067174494039919e-08  7.155100410950661e-05 -2.554964126496931e-11  8.350898476629002e-01 -2.787190716641570e-07  7.152382364334332e-17  2.142951768278129e-10 
 2.089296130854004e+05 -7.155108691352509e-05  1.092032181083218e-08  7.155100410950488e-05 -2.614476886172822e-11  8.350898476628804e-01 -2.852112728489057e-07  7.489463760269655e-17  2.192867527274609e-10 
 2.137962089502196e+05 -7.155108688023899e-05  1.117468878023989e-08  7.155100410950308e-05 -2.675375876100439e-11  8.350898476628598e-01 -2.918546968257346e-07  7.842431312970328e-17  2.243945973660077e-10 
 2.187761623949515e+05 -7.155108684538489e-05  1.143498071734268e-08  7.155100410950121e-05 -2.737693385730328e-11  8.350898476628382e-01 -2.986528660259714e-07  8.212033713938791e-17  2.296214189902911e-10 
 2.238721138568301e+05 -7.155108680889591e-05  1.170133563235639e-08  7.155100410949922e-05 -2.801462456630966e-11  8.350898476628154e-01 -3.056093849289108e-07  8.599054939420958e-17  2.349699889303213e-10 
 2.290867652767734e+05 -7.155108677067451e-05  1.197389475016502e-08  7.155100410949716e-05 -2.866716900007827e-11  8.350898476627918e-01 -3.127279419729554e-07  9.004315913324902e-17  2.404431430686774e-10 
 2.344228815319882e+05 -7.155108673066007e-05  1.225280258520472e-08  7.155100410949499e-05 -2.933491314630531e-11  8.350898476627668e-01 -3.200123115112749e-07  9.428676248510550e-17  2.460437833441290e-10 
 2.398832919019449e+05 -7.155108668875559e-05  1.253820701808201e-08  7.155100410949273e-05 -3.001821105177569e-11  8.350898476627409e-01 -3.274663558130179e-07  9.873036070143786e-17  2.517748792902835e-10 
 2.454708915684988e+05 -7.155108664487897e-05  1.283025937398558e-08  7.155100410949036e-05 -3.071742501008345e-11  8.350898476627137e-01 -3.350940271111396e-07  1.033833792498266e-16  2.576394696100715e-10 
 2.511886431509537e+05 -7.155108659893844e-05  1.312911450291914e-08  7.155100410948785e-05 -3.143292575372443e-11  8.350898476626849e-01 -3.428993696979256e-07  1.082556878064536e-16  2.636406637869073e-10 
 2.570395782768819e+05 -7.155108655082427e-05  1.343493086180409e-08  7.155100410948526e-05 -3.216509265066370e-11  8.350898476626551e-01 -3.508865220693319e-07  1.133576211910094e-16  2.697816437333791e-10 
 2.630267991895336e+05 -7.155108650044906e-05  1.374787059849858e-08  7.155100410948254e-05 -3.291431390548128e-11  8.350898476626238e-01 -3.590597191192671e-07  1.187000012882302e-16  2.760656654783395e-10 
 2.691534803926869e+05 -7.155108644769898e-05  1.406809963776651e-08  7.155100410947966e-05 -3.368098676520363e-11  8.350898476625909e-01 -3.674232943849923e-07  1.242941600025676e-16  2.824960608932965e-10 
 2.754228703338119e+05 -7.155108639246311e-05  1.439578776925525e-08  7.155100410947667e-05 -3.446551772992905e-11  8.350898476625566e-01 -3.759816823448180e-07  1.301519632946764e-16  2.890762394590156e-10 
 2.818382931264405e+05 -7.155108633461710e-05  1.473110873751887e-08  7.155100410947356e-05 -3.526832276835953e-11  8.350898476625208e-01 -3.847394207693240e-07  1.362858363507084e-16  2.958096900732712e-10 
 2.884031503126556e+05 -7.155108627404998e-05  1.507424033414204e-08  7.155100410947028e-05 -3.608982753835273e-11  8.350898476624832e-01 -3.937011531273446e-07  1.427087899377976e-16  3.026999829007066e-10 
 2.951209226666334e+05 -7.155108621062862e-05  1.542536449200426e-08  7.155100410946684e-05 -3.693046761261156e-11  8.350898476624438e-01 -4.028716310479980e-07  1.494344480016424e-16  3.097507712657825e-10 
 3.019951720401964e+05 -7.155108614421643e-05  1.578466738174447e-08  7.155100410946326e-05 -3.779068870963062e-11  8.350898476624026e-01 -4.122557168400636e-07  1.564770765647208e-16  3.169657935898184e-10 
 3.090295432513537e+05 -7.155108607467589e-05  1.615233951047146e-08  7.155100410945950e-05 -3.867094693002186e-11  8.350898476623593e-01 -4.218583860700408e-07  1.638516139864363e-16  3.243488753731523e-10 
 3.162277660168324e+05 -7.155108600185991e-05  1.652857582277214e-08  7.155100410945555e-05 -3.957170899834527e-11  8.350898476623141e-01 -4.316847302002612e-07  1.715737026493815e-16  3.319039312234724e-10 
 3.235936569296226e+05 -7.155108592561173e-05  1.691357580407364e-08  7.155100410945142e-05 -4.049345251057247e-11  8.350898476622666e-01 -4.417399592884494e-07  1.796597221389287e-16  3.396349669313935e-10 
 3.311311214825853e+05 -7.155108584576987e-05  1.730754358641339e-08  7.155100410944710e-05 -4.143666618731419e-11  8.350898476622169e-01 -4.520294047501629e-07  1.881268239865258e-16  3.475460815943799e-10 
 3.388441561391967e+05 -7.155108576216513e-05  1.771068805667210e-08  7.155100410944256e-05 -4.240185013294680e-11  8.350898476621650e-01 -4.625585221855831e-07  1.969929680503956e-16  3.556414697901421e-10 
 3.467368504525256e+05 -7.155108567461750e-05  1.812322296732787e-08  7.155100410943781e-05 -4.338951610077394e-11  8.350898476621106e-01 -4.733328942721427e-07  2.062769606108017e-16  3.639254238006561e-10 
 3.548133892335693e+05 -7.155108558294658e-05  1.854536704979144e-08  7.155100410943285e-05 -4.440018776436494e-11  8.350898476620536e-01 -4.843582337245367e-07  2.159984942606905e-16  3.724023358879896e-10 
 3.630780547700950e+05 -7.155108548695228e-05  1.897734413037816e-08  7.155100410942768e-05 -4.543440099521369e-11  8.350898476619940e-01 -4.956403863236803e-07  2.261781896763218e-16  3.810767006231361e-10 
 3.715352290971660e+05 -7.155108538643605e-05  1.941938324898571e-08  7.155100410942223e-05 -4.649270414686448e-11  8.350898476619316e-01 -5.071853340162173e-07  2.368376393564870e-16  3.899531172690970e-10 
 3.801893963205545e+05 -7.155108528118146e-05  1.987171878053167e-08  7.155100410941654e-05 -4.757565834565655e-11  8.350898476618662e-01 -5.189991980862290e-07  2.479994534230940e-16  3.990362922194709e-10 
 3.890451449942738e+05 -7.155108517097266e-05  2.033459055922405e-08  7.155100410941056e-05 -4.868383778824058e-11  8.350898476617976e-01 -5.310882424008187e-07  2.596873075802675e-16  4.083310414938462e-10 
 3.981071705534903e+05 -7.155108505555885e-05  2.080824400571990e-08  7.155100410940432e-05 -4.981783004602549e-11  8.350898476617260e-01 -5.434588767312994e-07  2.719259933336924e-16  4.178422932913188e-10 
 4.073802778041056e+05 -7.155108493471320e-05  2.129293025725746e-08  7.155100410939777e-05 -5.097823637671643e-11  8.350898476616508e-01 -5.561176601517369e-07  2.847414705767198e-16  4.275750906034876e-10 
 4.168693834703281e+05 -7.155108480817004e-05  2.178890630080446e-08  7.155100410939095e-05 -5.216567204310958e-11  8.350898476615722e-01 -5.690713045166573e-07  2.981609226547817e-16  4.375345938883162e-10 
 4.265795188015852e+05 -7.155108467566781e-05  2.229643510932076e-08  7.155100410938378e-05 -5.338076663931287e-11  8.350898476614899e-01 -5.823266780197656e-07  3.122128140249125e-16  4.477260838062754e-10 
 4.365158322401583e+05 -7.155108453691570e-05  2.281578578118560e-08  7.155100410937624e-05 -5.462416442456458e-11  8.350898476614036e-01 -5.958908088355453e-07  3.269269506326758e-16  4.581549640202200e-10 
 4.466835921509552e+05 -7.155108439162310e-05  2.334723368288038e-08  7.155100410936841e-05 -5.589652466482874e-11  8.350898476613134e-01 -6.097708888456967e-07  3.423345431345743e-16  4.688267640604814e-10 
 4.570881896148669e+05 -7.155108423948805e-05  2.389106059498972e-08  7.155100410936016e-05 -5.719852198234623e-11  8.350898476612189e-01 -6.239742774523640e-07  3.584682731000346e-16  4.797471422566988e-10 
 4.677351412871899e+05 -7.155108408018022e-05  2.444755486160222e-08  7.155100410935152e-05 -5.853084671332883e-11  8.350898476611198e-01 -6.385085054801912e-07  3.753623623333998e-16  4.909218887379398e-10 
 4.786300923226299e+05 -7.155108391336471e-05  2.501701154319733e-08  7.155100410934250e-05 -5.989420527398399e-11  8.350898476610161e-01 -6.533812791692579e-07  3.930526454629606e-16  5.023569285027035e-10 
 4.897788193684375e+05 -7.155108373868777e-05  2.559973257308744e-08  7.155100410933307e-05 -6.128932053506661e-11  8.350898476609077e-01 -6.686004842610370e-07  4.115766459510104e-16  5.140583245604334e-10 
 5.011872336272634e+05 -7.155108355577869e-05  2.619602691750667e-08  7.155100410932315e-05 -6.271693220515459e-11  8.350898476607940e-01 -6.841741901795179e-07  4.309736556861392e-16  5.260322811462055e-10 
 5.128613839913558e+05 -7.155108336424904e-05  2.680621073942809e-08  7.155100410931279e-05 -6.417779722285176e-11  8.350898476606750e-01 -7.001106543097166e-07  4.512848183265935e-16  5.382851470102950e-10 
 5.248074602497633e+05 -7.155108316369185e-05  2.743060756619647e-08  7.155100410930194e-05 -6.567269015812728e-11  8.350898476605504e-01 -7.164183263758587e-07  4.725532165714973e-16  5.508234187843681e-10 
 5.370317963702432e+05 -7.155108295368343e-05  2.806954846106653e-08  7.155100410929056e-05 -6.720240362300232e-11  8.350898476604199e-01 -7.331058529215270e-07  4.948239635450272e-16  5.636537444260828e-10 
 5.495408738576148e+05 -7.155108273377967e-05  2.872337219873537e-08  7.155100410927865e-05 -6.876774869180404e-11  8.350898476602832e-01 -7.501820818941809e-07  5.181442984874036e-16  5.767829267439233e-10 
 5.623413251903391e+05 -7.155108250350980e-05  2.939242544496346e-08  7.155100410926620e-05 -7.036955533120754e-11  8.350898476601400e-01 -7.676560673364499e-07  5.425636869556471e-16  5.902179270041392e-10 
 5.754399373371467e+05 -7.155108226238886e-05  3.007706294038259e-08  7.155100410925315e-05 -7.200867284029499e-11  8.350898476599903e-01 -7.855370741867063e-07  5.681339257466583e-16  6.039658686217008e-10 
 5.888436553555785e+05 -7.155108200990032e-05  3.077764768857989e-08  7.155100410923949e-05 -7.368597030086585e-11  8.350898476598334e-01 -8.038345831914633e-07  5.949092527651711e-16  6.180340409372291e-10 
 6.025595860743470e+05 -7.155108174551954e-05  3.149455114857031e-08  7.155100410922516e-05 -7.540233703823505e-11  8.350898476596691e-01 -8.225582959321878e-07  6.229464620696170e-16  6.324299030818988e-10 
 6.165950018614712e+05 -7.155108146866908e-05  3.222815343173962e-08  7.155100410921020e-05 -7.715868309276534e-11  8.350898476594972e-01 -8.417181399692103e-07  6.523050243399407e-16  6.471610879323704e-10 
 6.309573444801820e+05 -7.155108117877728e-05  3.297884350339434e-08  7.155100410919450e-05 -7.895593970238228e-11  8.350898476593170e-01 -8.613242741054435e-07  6.830472130228810e-16  6.622354061578407e-10 
 6.456542290346441e+05 -7.155108087523070e-05  3.374701938898578e-08  7.155100410917805e-05 -8.079505979632961e-11  8.350898476591282e-01 -8.813870937727222e-07  7.152382364223066e-16  6.776608503613642e-10 
 6.606934480075843e+05 -7.155108055736494e-05  3.453308838514497e-08  7.155100410916085e-05 -8.267701850042425e-11  8.350898476589308e-01 -9.019172365435911e-07  7.489463760147652e-16  6.934455993176368e-10 
 6.760829753919698e+05 -7.155108022452539e-05  3.533746727564731e-08  7.155100410914284e-05 -8.460281365408163e-11  8.350898476587240e-01 -9.229255877714934e-07  7.842431312836556e-16  7.095980223094895e-10 
 6.918309709189242e+05 -7.155107987600077e-05  3.616058255238201e-08  7.155100410912398e-05 -8.657346633938238e-11  8.350898476585074e-01 -9.444232863623208e-07  8.212033713792109e-16  7.261266835653945e-10 
 7.079457843841253e+05 -7.155107951104875e-05  3.700287064148661e-08  7.155100410910422e-05 -8.859002142246481e-11  8.350898476582805e-01 -9.664217306804201e-07  8.599054939260136e-16  7.430403468003310e-10 
 7.244359600749771e+05 -7.155107912889707e-05  3.786477813474472e-08  7.155100410908354e-05 -9.065354810752541e-11  8.350898476580431e-01 -9.889325845921436e-07  9.004315913148564e-16  7.603479798624238e-10 
 7.413102413009043e+05 -7.155107872873102e-05  3.874676202636978e-08  7.155100410906189e-05 -9.276514050372619e-11  8.350898476577946e-01 -1.011967783650196e-06  9.428676248317191e-16  7.780587594878147e-10 
 7.585775750291703e+05 -7.155107830970790e-05  3.964928995531055e-08  7.155100410903922e-05 -9.492591820530535e-11  8.350898476575342e-01 -1.035539541422021e-06  9.873036069931784e-16  7.961820761662893e-10 
 7.762471166286779e+05 -7.155107787094176e-05  4.057284045319373e-08  7.155100410901546e-05 -9.713702688520091e-11  8.350898476572615e-01 -1.059660355965589e-06  1.033833792475021e-15  8.147275391202394e-10 
 7.943282347242674e+05 -7.155107741149593e-05  4.151790319804336e-08  7.155100410899058e-05 -9.939963890250151e-11  8.350898476569759e-01 -1.084343016456038e-06  1.082556878039048e-15  8.337049813995998e-10 
 8.128305161640848e+05 -7.155107693039744e-05  4.248497927391505e-08  7.155100410896455e-05 -1.017149539240476e-10  8.350898476566769e-01 -1.109600609966671e-06  1.133576211882146e-15  8.531244650954615e-10 
 8.317637711026561e+05 -7.155107642661844e-05  4.347458143657011e-08  7.155100410893728e-05 -1.040841995605096e-10  8.350898476563640e-01 -1.135446528407879e-06  1.187000012851658e-15  8.729962866751253e-10 
 8.511380382023612e+05 -7.155107589910404e-05  4.448723438534938e-08  7.155100410890872e-05 -1.065086320172837e-10  8.350898476560361e-01 -1.161894475627722e-06  1.242941599992076e-15  8.933309824414254e-10 
 8.709635899560649e+05 -7.155107534672649e-05  4.552347504136057e-08  7.155100410887884e-05 -1.089895367605488e-10  8.350898476556928e-01 -1.188958474677887e-06  1.301519632909922e-15  9.141393341192161e-10 
 8.912509381337294e+05 -7.155107476831541e-05  4.658385283216513e-08  7.155100410884753e-05 -1.115282291988374e-10  8.350898476553335e-01 -1.216652875248891e-06  1.362858363466685e-15  9.354323745719860e-10 
 9.120108393558932e+05 -7.155107416264428e-05  4.766892998308454e-08  7.155100410881475e-05 -1.141260553804831e-10  8.350898476549572e-01 -1.244992361278489e-06  1.427087899333680e-15  9.572213936516274e-10 
 9.332543007969741e+05 -7.155107352842798e-05  4.877928181529494e-08  7.155100410878041e-05 -1.167843927073126e-10  8.350898476545631e-01 -1.273991958737277e-06  1.494344479967856e-15  9.795179441844653e-10 
 9.549925860214186e+05 -7.155107286432527e-05  4.991549705086627e-08  7.155100410874449e-05 -1.195046506649626e-10  8.350898476541504e-01 -1.303667043595668e-06  1.564770765593955e-15  1.002333848096719e-09 
 9.772372209557928e+05 -7.155107216892247e-05  5.107817812490086e-08  7.155100410870683e-05 -1.222882715702079e-10  8.350898476537183e-01 -1.334033349976438e-06  1.638516139805973e-15  1.025681202682644e-09 
 9.999999999999817e+05 -7.155107144075202e-05  5.226794150495311e-08  7.155100410866741e-05 -1.251367313356967e-10  8.350898476532657e-01 -1.365106978497160e-06  1.715737026429790e-15  1.049572387018676e-09 
 1.023292992280735e+06 -7.155107067825410e-05  5.348541801787132e-08  7.155100410862617e-05 -1.280515402524992e-10  8.350898476527920e-01 -1.396904404806968e-06  1.796597221319083e-15  1.074020068526985e-09 
 1.047128548050880e+06 -7.155106987982763e-05  5.473125318428069e-08  7.155100410858292e-05 -1.310342437908836e-10  8.350898476522958e-01 -1.429442488322165e-06  1.881268239788284e-15  1.099037209691906e-09 
 1.071519305237587e+06 -7.155106904376961e-05  5.600610756082139e-08  7.155100410853768e-05 -1.340864234197452e-10  8.350898476517763e-01 -1.462738481165302e-06  1.969929680419559e-15  1.124637074932822e-09 
 1.096478196143165e+06 -7.155106816830967e-05  5.731065709038883e-08  7.155100410849030e-05 -1.372096974451214e-10  8.350898476512323e-01 -1.496810037312487e-06  2.062769606015474e-15  1.150833237637132e-09 
 1.122018454301943e+06 -7.155106725159258e-05  5.864559346051436e-08  7.155100410844069e-05 -1.404057218682406e-10  8.350898476506626e-01 -1.531675221953765e-06  2.159984942505436e-15  1.177639587357046e-09 
 1.148153621496861e+06 -7.155106629166880e-05  6.001162447009652e-08  7.155100410838873e-05 -1.436761912635540e-10  8.350898476500662e-01 -1.567352521071500e-06  2.261781896651957e-15  1.205070337174003e-09 
 1.174897554939508e+06 -7.155106528650666e-05  6.140947440468114e-08  7.155100410833433e-05 -1.470228396772228e-10  8.350898476494415e-01 -1.603860851241906e-06  2.368376393442872e-15  1.233140031234640e-09 
 1.202264434617390e+06 -7.155106423397166e-05  6.283988442047099e-08  7.155100410827738e-05 -1.504474415465319e-10  8.350898476487876e-01 -1.641219569664862e-06  2.479994534097173e-15  1.261863552462290e-09 
 1.230268770812358e+06 -7.155106313183810e-05  6.430361293729149e-08  7.155100410821768e-05 -1.539518126407196e-10  8.350898476481025e-01 -1.679448484427345e-06  2.596873075656004e-15  1.291256130448099e-09 
 1.258925411794143e+06 -7.155106197775720e-05  6.580143604069259e-08  7.155100410815523e-05 -1.575378110237236e-10  8.350898476473855e-01 -1.718567865005953e-06  2.719259933176104e-15  1.321333349525969e-09 
 1.288249551693110e+06 -7.155106076928740e-05  6.733414789344024e-08  7.155100410808981e-05 -1.612073380393496e-10  8.350898476466344e-01 -1.758598453014041e-06  2.847414705590859e-15  1.352111157035564e-09 
 1.318256738556382e+06 -7.155105950386179e-05  6.890256115656786e-08  7.155100410802133e-05 -1.649623393193909e-10  8.350898476458481e-01 -1.799561473199208e-06  2.981609226354468e-15  1.383605871777812e-09 
 1.348962882591628e+06 -7.155105817879630e-05  7.050750742025050e-08  7.155100410794962e-05 -1.688048058152258e-10  8.350898476450249e-01 -1.841478644696927e-06  3.122128140037120e-15  1.415834192667343e-09 
 1.380384264602859e+06 -7.155105679129470e-05  7.214983764471419e-08  7.155100410787450e-05 -1.727367748534480e-10  8.350898476441625e-01 -1.884372192546325e-06  3.269269506094297e-15  1.448813207586475e-09 
 1.412537544622727e+06 -7.155105533839108e-05  7.383042261138699e-08  7.155100410779586e-05 -1.767603312160841e-10  8.350898476432597e-01 -1.928264859474196e-06  3.423345431090860e-15  1.482560402445439e-09 
 1.445439770745900e+06 -7.155105381701391e-05  7.555015338461107e-08  7.155100410771352e-05 -1.808776082459711e-10  8.350898476423144e-01 -1.973179917953485e-06  3.584682730720876e-15  1.517093670453635e-09 
 1.479108388168179e+06 -7.155105222394158e-05  7.730994178406140e-08  7.155100410762730e-05 -1.850907889778850e-10  8.350898476413244e-01 -2.019141182542672e-06  3.753623623027562e-15  1.552431321606852e-09 
 1.513561248436179e+06 -7.155105055578989e-05  7.911072086818105e-08  7.155100410753700e-05 -1.894021072960130e-10  8.350898476402878e-01 -2.066173022512557e-06  3.930526454293602e-15  1.588592092395469e-09 
 1.548816618912452e+06 -7.155104880901576e-05  8.095344542888327e-08  7.155100410744247e-05 -1.938138491183902e-10  8.350898476392026e-01 -2.114300374767182e-06  4.115766459141690e-15  1.625595155738791e-09 
 1.584893192461083e+06 -7.155104697992850e-05  8.283909249778101e-08  7.155100410734346e-05 -1.983283536089213e-10  8.350898476380657e-01 -2.163548757065689e-06  4.309736556457431e-15  1.663460131150782e-09 
 1.621810097358899e+06 -7.155104506462756e-05  8.476866186416906e-08  7.155100410723980e-05 -2.029480144176381e-10  8.350898476368757e-01 -2.213944281552186e-06  4.512848182822999e-15  1.702207095142593e-09 
 1.659586907437529e+06 -7.155104305906754e-05  8.674317660513491e-08  7.155100410713125e-05 -2.076752809498444e-10  8.350898476356293e-01 -2.265513668600758e-06  4.725532165229303e-15  1.741856591867395e-09 
 1.698243652461712e+06 -7.155104095898422e-05  8.876368362794568e-08  7.155100410701760e-05 -2.125126596648215e-10  8.350898476343245e-01 -2.318284260982941e-06  4.948239634917751e-15  1.782429644013158e-09 
 1.737800828749342e+06 -7.155103875993156e-05  9.083125422512420e-08  7.155100410689857e-05 -2.174627154047875e-10  8.350898476329580e-01 -2.372284038365241e-06  5.181442984290134e-15  1.823947763949159e-09 
 1.778279410038889e+06 -7.155103645724227e-05  9.294698464241328e-08  7.155100410677390e-05 -2.225280727548104e-10  8.350898476315269e-01 -2.427541632144314e-06  5.425636868916234e-15  1.866432965132127e-09 
 1.819700858609949e+06 -7.155103404602864e-05  9.511199665998922e-08  7.155100410664340e-05 -2.277114174343970e-10  8.350898476300286e-01 -2.484086340627712e-06  5.681339256764580e-15  1.909907773778068e-09 
 1.862087136662832e+06 -7.155103152117198e-05  9.732743818720546e-08  7.155100410650678e-05 -2.330154977214978e-10  8.350898476284598e-01 -2.541948144568233e-06  5.949092526881979e-15  1.954395240805961e-09 
 1.905460717963211e+06 -7.155102887733604e-05  9.959448387120259e-08  7.155100410636364e-05 -2.384431259096796e-10  8.350898476268167e-01 -2.601157723060116e-06  6.229464619852181e-15  1.999918954059662e-09 
 1.949844599758008e+06 -7.155102610889031e-05  1.019143357196389e-07  7.155100410621380e-05 -2.439971797992413e-10  8.350898476250964e-01 -2.661746469805495e-06  6.523050242473985e-15  2.046503050814492e-09 
 1.995262314968841e+06 -7.155102320996868e-05  1.042882237380046e-07  7.155100410605690e-05 -2.496806042230615e-10  8.350898476232952e-01 -2.723746509759765e-06  6.830472129214110e-15  2.094172230575136e-09 
 2.041737944669490e+06 -7.155102017443210e-05  1.067174065817222e-07  7.155100410589261e-05 -2.554964126079870e-10  8.350898476214088e-01 -2.787190716164647e-06  7.152382363110464e-15  2.142951768171652e-09 
 2.089296130853999e+06 -7.155101699583659e-05  1.092031722234353e-07  7.155100410572053e-05 -2.614476885725937e-10  8.350898476194335e-01 -2.852112727978029e-06  7.489463758927720e-15  2.192867527160516e-09 
 2.137962089502191e+06 -7.155101366743275e-05  1.117468386358581e-07  7.155100410554042e-05 -2.675375875621596e-10  8.350898476173653e-01 -2.918546967709771e-06  7.842431311498932e-15  2.243945973537824e-09 
 2.187761623949510e+06 -7.155101018216228e-05  1.143497544905270e-07  7.155100410535177e-05 -2.737693385217236e-10  8.350898476151998e-01 -2.986528659672976e-06  8.212033712325436e-15  2.296214189771916e-09 
 2.238721138568296e+06 -7.155100653264532e-05  1.170132998728186e-07  7.155100410515424e-05 -2.801462456081180e-10  8.350898476129318e-01 -3.056093848660409e-06  8.599054937651953e-15  2.349699889162850e-09 
 2.290867652767729e+06 -7.155100271113204e-05  1.197388870135950e-07  7.155100410494739e-05 -2.866716899418720e-10  8.350898476105570e-01 -3.127279419055890e-06  9.004315911385231e-15  2.404431430536371e-09 
 2.344228815319877e+06 -7.155099870951051e-05  1.225279610379262e-07  7.155100410473080e-05 -2.933491313999292e-10  8.350898476080706e-01 -3.200123114390907e-06  9.428676246383749e-15  2.460437833280132e-09 
 2.398832919019444e+06 -7.155099451930526e-05  1.253820007312444e-07  7.155100410450400e-05 -3.001821104501185e-10  8.350898476054667e-01 -3.274663557356710e-06  9.873036067811794e-15  2.517748792730151e-09 
 2.454708915684983e+06 -7.155099013161589e-05  1.283025193232944e-07  7.155100410426652e-05 -3.071742500283588e-10  8.350898476027403e-01 -3.350940270282610e-06  1.033833792242569e-14  2.576394695915681e-09 
 2.511886431509531e+06 -7.155098553714384e-05  1.312910652904080e-07  7.155100410401786e-05 -3.143292574595853e-10  8.350898475998852e-01 -3.428993696091198e-06  1.082556877784170e-14  2.636406637670807e-09 
 2.570395782768813e+06 -7.155098072614528e-05  1.343492231764043e-07  7.155100410375743e-05 -3.216509264234232e-10  8.350898475968955e-01 -3.508865219741740e-06  1.133576211602676e-14  2.697816437121343e-09 
 2.630267991895330e+06 -7.155097568840202e-05  1.374786144326189e-07  7.155100410348478e-05 -3.291431389656479e-10  8.350898475937654e-01 -3.590597190173038e-06  1.187000012545226e-14  2.760656654555754e-09 
 2.691534803926863e+06 -7.155097041324839e-05  1.406808982775429e-07  7.155100410319925e-05 -3.368098675564943e-10  8.350898475904872e-01 -3.674232942757366e-06  1.242941599656079e-14  2.824960608689045e-09 
 2.754228703338112e+06 -7.155096488947758e-05  1.439577725763779e-07  7.155100410290028e-05 -3.446551771969155e-10  8.350898475870548e-01 -3.759816822277484e-06  1.301519632541509e-14  2.890762394328791e-09 
 2.818382931264398e+06 -7.155095910538550e-05  1.473109747411901e-07  7.155100410258721e-05 -3.526832275738983e-10  8.350898475834604e-01 -3.847394206438815e-06  1.362858363062730e-14  2.958096900452654e-09 
 2.884031503126549e+06 -7.155095304869123e-05  1.507422826519180e-07  7.155100410225941e-05 -3.608982752659850e-10  8.350898475796970e-01 -3.937011529929309e-06  1.427087898890753e-14  3.026999828706978e-09 
 2.951209226666328e+06 -7.155094670655670e-05  1.542535155989150e-07  7.155100410191612e-05 -3.693046760001670e-10  8.350898475757559e-01 -4.028716309039712e-06  1.494344479482196e-14  3.097507712336276e-09 
 3.019951720401957e+06 -7.155094006553196e-05  1.578465352473712e-07  7.155100410155667e-05 -3.779068869613501e-10  8.350898475716291e-01 -4.122557166857364e-06  1.564770765061439e-14  3.169657935553637e-09 
 3.090295432513529e+06 -7.155093311152074e-05  1.615232466242111e-07  7.155100410118029e-05 -3.867094691556107e-10  8.350898475673079e-01 -4.218583859046764e-06  1.638516139222082e-14  3.243488753362335e-09 
 3.162277660168317e+06 -7.155092582978002e-05  1.652855991280022e-07  7.155100410078614e-05 -3.957170898285021e-10  8.350898475627829e-01 -4.316847300230695e-06  1.715737025789566e-14  3.319039311839132e-09 
 3.235936569296218e+06 -7.155091820486104e-05  1.691355875623228e-07  7.155100410037345e-05 -4.049345249396919e-10  8.350898475580447e-01 -4.417399590985849e-06  1.796597220617092e-14  3.396349668890050e-09 
 3.311311214825845e+06 -7.155091022058969e-05  1.730752531932288e-07  7.155100409994129e-05 -4.143666616952347e-10  8.350898475530834e-01 -4.520294045467197e-06  1.881268239018565e-14  3.475460815489600e-09 
 3.388441561391958e+06 -7.155090186002899e-05  1.771066848313236e-07  7.155100409948879e-05 -4.240185011388379e-10  8.350898475478883e-01 -4.625585219675907e-06  1.969929679575579e-14  3.556414697414738e-09 
 3.467368504525247e+06 -7.155089310545604e-05  1.812320199390385e-07  7.155100409901493e-05 -4.338951608034750e-10  8.350898475424481e-01 -4.733328940385590e-06  2.062769605090070e-14  3.639254237485072e-09 
 3.548133892335684e+06 -7.155088393828879e-05  1.854534457636367e-07  7.155100409851876e-05 -4.440018774247767e-10  8.350898475367518e-01 -4.843582334742479e-06  2.159984941490751e-14  3.724023358321111e-09 
 3.630780547700941e+06 -7.155087433909202e-05  1.897732004966843e-07  7.155100409799920e-05 -4.543440097176104e-10  8.350898475307866e-01 -4.956403860554908e-06  2.261781895539379e-14  3.810767005632612e-09 
 3.715352290971651e+06 -7.155086428749479e-05  1.941935744604165e-07  7.155100409745514e-05 -4.649270412173450e-10  8.350898475245406e-01 -5.071853337288470e-06  2.368376392222956e-14  3.899531172049398e-09 
 3.801893963205536e+06 -7.155085376218468e-05  1.987169113218096e-07  7.155100409688546e-05 -4.757565831872931e-10  8.350898475180002e-01 -5.189991977783062e-06  2.479994532759562e-14  3.990362921507252e-09 
 3.890451449942728e+06 -7.155084274083457e-05  2.033456093348406e-07  7.155100409628892e-05 -4.868383775938755e-10  8.350898475111515e-01 -5.310882420708739e-06  2.596873074189343e-14  4.083310414201840e-09 
 3.981071705534893e+06 -7.155083120006568e-05  2.080821226117075e-07  7.155100409566427e-05 -4.981783001510890e-10  8.350898475039800e-01 -5.434588763777571e-06  2.719259931567941e-14  4.178422932123884e-09 
 4.073802778041046e+06 -7.155081911539695e-05  2.129289624236250e-07  7.155100409501016e-05 -5.097823634358869e-10  8.350898474964704e-01 -5.561176597729092e-06  2.847414703827546e-14  4.275750905189121e-09 
 4.168693834703270e+06 -7.155080646119800e-05  2.178886985319078e-07  7.155100409432525e-05 -5.216567200761264e-10  8.350898474886072e-01 -5.690713041107370e-06  2.981609224421035e-14  4.375345937976920e-09 
 4.265795188015841e+06 -7.155079321062834e-05  2.229639605500195e-07  7.155100409360805e-05 -5.338076660127711e-10  8.350898474803732e-01 -5.823266775848130e-06  3.122128137917149e-14  4.477260837091700e-09 
 4.365158322401572e+06 -7.155077933557697e-05  2.281574393373246e-07  7.155100409285707e-05 -5.462416438380857e-10  8.350898474717513e-01 -5.958908083694856e-06  3.269269503769801e-14  4.581549639161698e-09 
 4.466835921509542e+06 -7.155076480661537e-05  2.334718884253027e-07  7.155100409207068e-05 -5.589652462115784e-10  8.350898474627231e-01 -6.097708883463043e-06  3.423345428542094e-14  4.688267639489897e-09 
 4.570881896148658e+06 -7.155074959293413e-05  2.389101254769337e-07  7.155100409124725e-05 -5.719852193555212e-10  8.350898474532693e-01 -6.239742769172565e-06  3.584682727926212e-14  4.797471421372333e-09 
 4.677351412871888e+06 -7.155073366225771e-05  2.444750337800215e-07  7.155100409038495e-05 -5.853084666318806e-10  8.350898474433698e-01 -6.385085049068134e-06  3.753623619963279e-14  4.909218886099302e-09 
 4.786300923226287e+06 -7.155071698078836e-05  2.501695637753109e-07  7.155100408948207e-05 -5.989420522025710e-10  8.350898474330040e-01 -6.533812785548716e-06  3.930526450933680e-14  5.023569283655388e-09 
 4.897788193684363e+06 -7.155069951315514e-05  2.559967346201772e-07  7.155100408853662e-05 -6.128932047749730e-10  8.350898474221494e-01 -6.686004836027112e-06  4.115766455457608e-14  5.140583244134588e-09 
 5.011872336272622e+06 -7.155068122229985e-05  2.619596357886147e-07  7.155100408754662e-05 -6.271693214346788e-10  8.350898474107834e-01 -6.841741894741081e-06  4.309736552417912e-14  5.260322809887193e-09 
 5.128613839913545e+06 -7.155066206942956e-05  2.680614287085536e-07  7.155100408650995e-05 -6.417779715675330e-10  8.350898473988817e-01 -7.001106535538570e-06  4.512848178393762e-14  5.382851468415455e-09 
 5.248074602497620e+06 -7.155064201391171e-05  2.743053484371925e-07  7.155100408542446e-05 -6.567269008730146e-10  8.350898473864193e-01 -7.164183255659398e-06  4.725532160372735e-14  5.508234186035499e-09 
 5.370317963702418e+06 -7.155062101321622e-05  2.806947053753864e-07  7.155100408428775e-05 -6.720240354711114e-10  8.350898473733693e-01 -7.331058520536840e-06  4.948239629592632e-14  5.636537442323328e-09 
 5.495408738576134e+06 -7.155059902279140e-05  2.872328870218167e-07  7.155100408309751e-05 -6.876774861048527e-10  8.350898473597045e-01 -7.501820809642713e-06  5.181442978451267e-14  5.767829265363164e-09 
 5.623413251903377e+06 -7.155057599599797e-05  2.939233597680717e-07  7.155100408185116e-05 -7.036955524407282e-10  8.350898473453955e-01 -7.676560663400330e-06  5.425636862514041e-14  5.902179267816845e-09 
 5.754399373371452e+06 -7.155055188398949e-05  3.007696707353968e-07  7.155100408054609e-05 -7.200867274692847e-10  8.350898473304122e-01 -7.855370731190264e-06  5.681339249744713e-14  6.039658683833365e-09 
 5.888436553555770e+06 -7.155052663563182e-05  3.077754496542452e-07  7.155100407917948e-05 -7.368597020082181e-10  8.350898473147227e-01 -8.038345820474236e-06  5.949092519184848e-14  6.180340406818170e-09 
 6.025595860743455e+06 -7.155050019735481e-05  3.149444107874265e-07  7.155100407774851e-05 -7.540233693103590e-10  8.350898472982939e-01 -8.225582947063268e-06  6.229464611412437e-14  6.324299028082199e-09 
 6.165950018614695e+06 -7.155047251309681e-05  3.222803548981630e-07  7.155100407625007e-05 -7.715868297789929e-10  8.350898472810908e-01 -8.417181386556754e-06  6.523050233219988e-14  6.471610876391179e-09 
 6.309573444801803e+06 -7.155044352412150e-05  3.297871712636806e-07  7.155100407468103e-05 -7.895593957930122e-10  8.350898472630771e-01 -8.613242726979672e-06  6.830472119067312e-14  6.622354058436154e-09 
 6.456542290346422e+06 -7.155041316895659e-05  3.374688397358668e-07  7.155100407303803e-05 -8.079505966444585e-10  8.350898472442142e-01 -8.813870922645837e-06  7.152382351984724e-14  6.776608500246657e-09 
 6.606934480075824e+06 -7.155038138320435e-05  3.453294328495981e-07  7.155100407131760e-05 -8.267701835910841e-10  8.350898472244624e-01 -9.019172349275932e-06  7.489463746728591e-14  6.934455989568581e-09 
 6.760829753919679e+06 -7.155034809945470e-05  3.533731179803026e-07  7.155100406951607e-05 -8.460281350265882e-10  8.350898472037795e-01 -9.229255860399188e-06  7.842431298122837e-14  7.095980219229082e-09 
 6.918309709189222e+06 -7.155031324710198e-05  3.616041595514930e-07  7.155100406762965e-05 -8.657346617713000e-10  8.350898471821221e-01 -9.444232845069063e-06  8.212033697658847e-14  7.261266831511652e-09 
 7.079457843841233e+06 -7.155027675221734e-05  3.700269212937437e-07  7.155100406565433e-05 -8.859002124860818e-10  8.350898471594441e-01 -9.664217286923068e-06  8.599054921570361e-14  7.430403463564767e-09 
 7.244359600749752e+06 -7.155023853740863e-05  3.786458685561606e-07  7.155100406358591e-05 -9.065354792123465e-10  8.350898471356971e-01 -9.889325824618411e-06  9.004315893752105e-14  7.603479793868253e-09 
 7.413102413009022e+06 -7.155019852160760e-05  3.874655706714228e-07  7.155100406142002e-05 -9.276514030411202e-10  8.350898471108311e-01 -1.011967781367536e-05  9.428676227049398e-14  7.780587589782014e-09 
 7.585775750291681e+06 -7.155015661993878e-05  3.964907033759820e-07  7.155100405915206e-05 -9.492591799141500e-10  8.350898470847931e-01 -1.035539538976107e-05  9.873036046612123e-14  7.961820756202290e-09 
 7.762471166286756e+06 -7.155011274353135e-05  4.057260512863842e-07  7.155100405677721e-05 -9.713702665601325e-10  8.350898470575280e-01 -1.059660353344745e-05  1.033833789918071e-13  8.147275385351254e-09 
 7.943282347242650e+06 -7.155006679931686e-05  4.151765104331044e-07  7.155100405429041e-05 -9.939963865692257e-10  8.350898470289779e-01 -1.084343013647754e-05  1.082556875235409e-13  8.337049807726391e-09 
 8.128305161640823e+06 -7.155001868984525e-05  4.248470908533040e-07  7.155100405168643e-05 -1.017149536609050e-09  8.350898469990823e-01 -1.109600606957539e-05  1.133576208808016e-13  8.531244644236609e-09 
 8.317637711026536e+06 -7.154996831307771e-05  4.347429192437765e-07  7.155100404895971e-05 -1.040841992785471e-09  8.350898469677777e-01 -1.135446525183536e-05  1.187000009480941e-13  8.729962859552781e-09 
 8.511380382023586e+06 -7.154991556214800e-05  4.448692416754425e-07  7.155100404610452e-05 -1.065086317151554e-09  8.350898469349980e-01 -1.161894472172776e-05  1.242941596296157e-13  8.933309816700956e-09 
 8.709635899560623e+06 -7.154986032519471e-05  4.552314263710857e-07  7.155100404311474e-05 -1.089895364368124e-09  8.350898469006731e-01 -1.188958470975844e-05  1.301519628857427e-13  9.141393332927213e-09 
 8.912509381337266e+06 -7.154980248503384e-05  4.658349665471820e-07  7.155100403998408e-05 -1.115282288519477e-09  8.350898468647308e-01 -1.216652871282082e-05  1.362858359023214e-13  9.354323736863810e-09 
 9.120108393558905e+06 -7.154974191899574e-05  4.766854833221647e-07  7.155100403670587e-05 -1.141260550087840e-09  8.350898468270945e-01 -1.244992357027975e-05  1.427087894461510e-13  9.572213927026849e-09 
 9.332543007969713e+06 -7.154967849861786e-05  4.877887286918244e-07  7.155100403327317e-05 -1.167843923090298e-09  8.350898467876845e-01 -1.273991954182768e-05  1.494344474625627e-13  9.795179431676551e-09 
 9.549925860214157e+06 -7.154961208938433e-05  4.991505885739154e-07  7.155100402967867e-05 -1.195046502381948e-09  8.350898467464170e-01 -1.303667038715424e-05  1.564770759736317e-13  1.002333847007187e-08 
 9.772372209557900e+06 -7.154954255043913e-05  5.107770859233583e-07  7.155100402591475e-05 -1.222882711129179e-09  8.350898467032045e-01 -1.334033344747161e-05  1.638516133383199e-13  1.025681201515189e-08 
 9.999999999999788e+06 -7.154946973428015e-05  5.226743839196817e-07  7.155100402197348e-05 -1.251367308457018e-09  8.350898466579558e-01 -1.365106972893891e-05  1.715737019387363e-13  1.049572385767727e-08 
 1.023292992280732e+07 -7.154939348647417e-05  5.348487892285010e-07  7.155100401784645e-05 -1.280515397274600e-09  8.350898466105745e-01 -1.396904398802955e-05  1.796597213597211e-13  1.074020067186569e-08 
 1.047128548050877e+07 -7.154931364529734e-05  5.473067553384204e-07  7.155100401352492e-05 -1.310342432282940e-09  8.350898465609602e-01 -1.429442481888748e-05  1.881268231321420e-13  1.099037208255625e-08 
 1.071519305237583e+07 -7.154923004140321e-05  5.600548859754374e-07  7.155100400899972e-05 -1.340864228169192e-09  8.350898465090076e-01 -1.462738474271769e-05  1.969929671135823e-13  1.124637073393819e-08 
 1.096478196143162e+07 -7.154914249747452e-05  5.730999385964677e-07  7.155100400426124e-05 -1.372096967991819e-09  8.350898464546065e-01 -1.496810029925935e-05  2.062769595836062e-13  1.150833235988061e-08 
 1.122018454301939e+07 -7.154905082781982e-05  5.864488279636981e-07  7.155100399929947e-05 -1.404057211761039e-09  8.350898463976417e-01 -1.531675214038930e-05  2.159984931343932e-13  1.177639585590034e-08 
 1.148153621496858e+07 -7.154895483802248e-05  6.001086298019749e-07  7.155100399410386e-05 -1.436761905219161e-09  8.350898463379921e-01 -1.567352512590601e-05  2.261781884413612e-13  1.205070335280616e-08 
 1.174897554939504e+07 -7.154885432448423e-05  6.140865845405880e-07  7.155100398866337e-05 -1.470228388825434e-09  8.350898462755314e-01 -1.603860842154460e-05  2.368376380023793e-13  1.233140029205840e-08 
 1.202264434617387e+07 -7.154874907402227e-05  6.283901011419491e-07  7.155100398296647e-05 -1.504474406950171e-09  8.350898462101269e-01 -1.641219559927482e-05  2.479994519383437e-13  1.261863550288391e-08 
 1.230268770812355e+07 -7.154863886340203e-05  6.430267610187203e-07  7.155100397700111e-05 -1.539518117283050e-09  8.350898461416403e-01 -1.679448473993553e-05  2.596873059522713e-13  1.291256128118725e-08 
 1.258925411794140e+07 -7.154852345887309e-05  6.580043220416820e-07  7.155100397075461e-05 -1.575378100460535e-09  8.350898460699258e-01 -1.718567853825941e-05  2.719259915486298e-13  1.321333347030000e-08 
 1.288249551693106e+07 -7.154840261567958e-05  6.733307226402877e-07  7.155100396421369e-05 -1.612073369917573e-09  8.350898459948312e-01 -1.758598441034442e-05  2.847414686194373e-13  1.352111154361085e-08 
 1.318256738556379e+07 -7.154827607750885e-05  6.890140859978914e-07  7.155100395736451e-05 -1.649623381968751e-09  8.350898459161976e-01 -1.799561460362832e-05  2.981609205086637e-13  1.383605868912056e-08 
 1.348962882591625e+07 -7.154814357598326e-05  7.050627243442163e-07  7.155100395019256e-05 -1.688048046124281e-09  8.350898458338584e-01 -1.841478630942499e-05  3.122128116717400e-13  1.415834189596630e-08 
 1.380384264602855e+07 -7.154800483007974e-05  7.214851433468322e-07  7.155100394268261e-05 -1.727367735646268e-09  8.350898457476387e-01 -1.884372177808185e-05  3.269269480524728e-13  1.448813204296148e-08 
 1.412537544622724e+07 -7.154785954554401e-05  7.382900466041522e-07  7.155100393481869e-05 -1.767603298350868e-09  8.350898456573551e-01 -1.928264843681991e-05  3.423345403054376e-13  1.482560398919789e-08 
 1.445439770745896e+07 -7.154770741422457e-05  7.554863402419460e-07  7.155100392658420e-05 -1.808776067662055e-09  8.350898455628172e-01 -1.973179901031827e-05  3.584682699979474e-13  1.517093666675833e-08 
 1.479108388168175e+07 -7.154754811348559e-05  7.730831376164142e-07  7.155100391796161e-05 -1.850907873922871e-09  8.350898454638235e-01 -2.019141164410784e-05  3.753623589320276e-13  1.552431317558864e-08 
 1.513561248436175e+07 -7.154738130546356e-05  7.910897641252055e-07  7.155100390893266e-05 -1.894021055970139e-09  8.350898453601646e-01 -2.066173003083884e-05  3.930526417334290e-13  1.588592088057973e-08 
 1.548816618912448e+07 -7.154720663639174e-05  8.095157621298212e-07  7.155100389947816e-05 -1.938138472978789e-09  8.350898452516201e-01 -2.114300353948974e-05  4.115766418616592e-13  1.625595151091080e-08 
 1.584893192461079e+07 -7.154702373581442e-05  8.283708959911179e-07  7.155100388957813e-05 -1.983283516582076e-09  8.350898451379603e-01 -2.163548734758568e-05  4.309736512022526e-13  1.663460126170670e-08 
 1.621810097358895e+07 -7.154683221583572e-05  8.476651572211424e-07  7.155100387921149e-05 -2.029480123274104e-09  8.350898450189437e-01 -2.213944257649671e-05  4.512848134101086e-13  1.702207089806308e-08 
 1.659586907437524e+07 -7.154663167028220e-05  8.674087697533518e-07  7.155100386835628e-05 -2.076752787101239e-09  8.350898448943180e-01 -2.265513642988739e-05  4.725532111806761e-13  1.741856586149462e-08 
 1.698243652461707e+07 -7.154642167382601e-05  8.876121953340898e-07  7.155100385698952e-05 -2.125126572649170e-09  8.350898447638192e-01 -2.318284233539160e-05  4.948239576341080e-13  1.782429637886282e-08 
 1.737800828749337e+07 -7.154620178112929e-05  9.082861390383947e-07  7.155100384508700e-05 -2.174627128332426e-09  8.350898446271696e-01 -2.372284008958689e-05  5.181442920062071e-13  1.823947757384093e-08 
 1.778279410038884e+07 -7.154597152583178e-05  9.294415549119653e-07  7.155100383262358e-05 -2.225280699993491e-09  8.350898444840804e-01 -2.427541600634610e-05  5.425636798491529e-13  1.866432958097533e-08 
 1.819700858609944e+07 -7.154573041963388e-05  9.510896517434817e-07  7.155100381957276e-05 -2.277114144818659e-09  8.350898443342475e-01 -2.484086306864443e-05  5.681339179545398e-13  1.909907766240366e-08 
 1.862087136662827e+07 -7.154547795120824e-05  9.732418989687437e-07  7.155100380590686e-05 -2.330154945578019e-09  8.350898441773531e-01 -2.541948108390218e-05  5.949092442212783e-13  1.954395232729167e-08 
 1.905460717963205e+07 -7.154521358514549e-05  9.959100327106918e-07  7.155100379159695e-05 -2.384431225197165e-09  8.350898440130647e-01 -2.601157684294652e-05  6.229464527014199e-13  1.999918945405222e-08 
 1.949844599758003e+07 -7.154493676081054e-05  1.019106061957669e-06  7.155100377661260e-05 -2.439971761668287e-09  8.350898438410335e-01 -2.661746428267531e-05  6.523050140679113e-13  2.046503041541093e-08 
 1.995262314968836e+07 -7.154464689115805e-05  1.042842274883254e-06  7.155100376092204e-05 -2.496806003308589e-09  8.350898436608943e-01 -2.723746465251009e-05  6.830472017598190e-13  2.094172220638509e-08 
 2.041737944669485e+07 -7.154434336145318e-05  1.067131245310486e-06  7.155100374449205e-05 -2.554964084374146e-09  8.350898434722660e-01 -2.787190668472629e-05  7.152382240725973e-13  2.142951757524365e-08 
 2.089296130853994e+07 -7.154402552804407e-05  1.091985839324585e-06  7.155100372728772e-05 -2.614476841037420e-09  8.350898432747478e-01 -2.852112676875077e-05  7.489463624735709e-13  2.192867515751743e-08 
 2.137962089502185e+07 -7.154369271692839e-05  1.117419222035848e-06  7.155100370927256e-05 -2.675375827736954e-09  8.350898430679207e-01 -2.918546912951933e-05  7.842431164360212e-13  2.243945961313104e-08 
 2.187761623949505e+07 -7.154334422236046e-05  1.143444864497557e-06  7.155100369040839e-05 -2.737693333907884e-09  8.350898428513461e-01 -2.986528600998856e-05  8.212033550990930e-13  2.296214176672892e-08 
 2.238721138568290e+07 -7.154297930533856e-05  1.170076550781287e-06  7.155100367065516e-05 -2.801462401102179e-09  8.350898426245646e-01 -3.056093785789910e-05  8.599054760752056e-13  2.349699875126992e-08 
 2.290867652767723e+07 -7.154259719204256e-05  1.197328385213528e-06  7.155100364997101e-05 -2.866716840507615e-09  8.350898423870955e-01 -3.127279351688887e-05  9.004315717418204e-13  2.404431415496680e-08 
 2.344228815319870e+07 -7.154219707221301e-05  1.225214799777072e-06  7.155100362831205e-05 -2.933491250874857e-09  8.350898421384346e-01 -3.200123042205804e-05  9.428676033702965e-13  2.460437817164811e-08 
 2.398832919019438e+07 -7.154177809741396e-05  1.253750561680352e-06  7.155100360563231e-05 -3.001821036862084e-09  8.350898418780547e-01 -3.274663480008920e-05  9.873035834611777e-13  2.517748775462275e-08 
 2.454708915684976e+07 -7.154133937922727e-05  1.282950781098692e-06  7.155100358188375e-05 -3.071742427806918e-09  8.350898416054038e-01 -3.350940187402882e-05  1.033833766672671e-12  2.576394677412818e-08 
 2.511886431509525e+07 -7.154087998742087e-05  1.312830919091528e-06  7.155100355701589e-05 -3.143292496935634e-09  8.350898413199026e-01 -3.428993607283890e-05  1.082556849747310e-12  2.636406617844631e-08 
 2.570395782768807e+07 -7.154039894789965e-05  1.343406795697924e-06  7.155100353097607e-05 -3.216509181019734e-09  8.350898410209464e-01 -3.508865124582910e-05  1.133576180860843e-12  2.697816415877214e-08 
 2.630267991895324e+07 -7.153989524070316e-05  1.374694598216220e-06  7.155100350370906e-05 -3.291431300490453e-09  8.350898407079012e-01 -3.590597088208414e-05  1.186999978837443e-12  2.760656631792260e-08 
 2.691534803926856e+07 -7.153936779784259e-05  1.406710889670162e-06  7.155100347515696e-05 -3.368098580021732e-09  8.350898403801023e-01 -3.674232833500194e-05  1.242941562696194e-12  2.824960584297521e-08 
 2.754228703338105e+07 -7.153881550101012e-05  1.439472617465689e-06  7.155100344525925e-05 -3.446551669592642e-09  8.350898400368545e-01 -3.759816705206179e-05  1.301519592015754e-12  2.890762368192802e-08 
 2.818382931264391e+07 -7.153823717921288e-05  1.472997122242825e-06  7.155100341395249e-05 -3.526832166040450e-09  8.350898396774300e-01 -3.847394080994509e-05  1.362858318627073e-12  2.958096872447437e-08 
 2.884031503126542e+07 -7.153763160631556e-05  1.507302146926709e-06  7.155100338117034e-05 -3.608982635115617e-09  8.350898393010668e-01 -3.937011395513150e-05  1.427087850167965e-12  3.026999798698848e-08 
 2.951209226666320e+07 -7.153699749845108e-05  1.542405845981534e-06  7.155100334684314e-05 -3.693046634050598e-09  8.350898389069656e-01 -4.028716165010022e-05  1.494344426058654e-12  3.097507680181984e-08 
 3.019951720401949e+07 -7.153633351126139e-05  1.578326794871271e-06  7.155100331089819e-05 -3.779068734654323e-09  8.350898384942913e-01 -4.122557012526568e-05  1.564770706483614e-12  3.169657901099693e-08 
 3.090295432513522e+07 -7.153563823708432e-05  1.615083999732521e-06  7.155100327325919e-05 -3.867094546944544e-09  8.350898380621681e-01 -4.218583693678107e-05  1.638516074992684e-12  3.243488716444268e-08 
 3.162277660168309e+07 -7.153491020196683e-05  1.652696907262739e-06  7.155100323384632e-05 -3.957170743330727e-09  8.350898376096795e-01 -4.316847123034738e-05  1.715736955363333e-12  3.319039272280711e-08 
 3.235936569296210e+07 -7.153414786254432e-05  1.691185414828608e-06  7.155100319257600e-05 -4.049345083360151e-09  8.350898371358658e-01 -4.417399401116667e-05  1.796597143396145e-12  3.396349626502438e-08 
 3.311311214825837e+07 -7.153334960277629e-05  1.730569880798913e-06  7.155100314936063e-05 -4.143666439040473e-09  8.350898366397218e-01 -4.520293842018385e-05  1.881268154347347e-12  3.475460770070453e-08 
 3.388441561391950e+07 -7.153251373051034e-05  1.770871135106159e-06  7.155100310410860e-05 -4.240184820752055e-09  8.350898361201954e-01 -4.625585001676209e-05  1.969929586735279e-12  3.556414648747244e-08 
 3.467368504525239e+07 -7.153163847393972e-05  1.812110490042161e-06  7.155100305672391e-05 -4.338951403763906e-09  8.350898355761844e-01 -4.733328706794305e-05  2.062769503292531e-12  3.639254185336912e-08 
 3.548133892335676e+07 -7.153072197781716e-05  1.854309751290813e-06  7.155100300710603e-05 -4.440018555367221e-09  8.350898350065349e-01 -4.843582084444447e-05  2.159984829871764e-12  3.724023302443350e-08 
 3.630780547700933e+07 -7.152976229954698e-05  1.897491229203947e-06  7.155100295514974e-05 -4.543439862640935e-09  8.350898344100387e-01 -4.956403592355225e-05  2.261781773151361e-12  3.810766945758511e-08 
 3.715352290971643e+07 -7.152875740507920e-05  1.941677750324220e-06  7.155100290074481e-05 -4.649270160863998e-09  8.350898337854303e-01 -5.071853049906759e-05  2.368376258026896e-12  3.899531107893142e-08 
 3.801893963205528e+07 -7.152770516460258e-05  1.986892669159696e-06  7.155100284377584e-05 -4.757565562589446e-09  8.350898331313850e-01 -5.189991669847364e-05  2.479994385616199e-12  3.990362852762583e-08 
 3.890451449942719e+07 -7.152660334803805e-05  2.033159880214939e-06  7.155100278412205e-05 -4.868383487395685e-09  8.350898324465156e-01 -5.310882090748972e-05  2.596872912849502e-12  4.083310340540598e-08 
 3.981071705534884e+07 -7.152544962033394e-05  2.080503830283460e-06  7.155100272165681e-05 -4.981782692330729e-09  8.350898317293691e-01 -5.434588410218505e-05  2.719259754661919e-12  4.178422853194437e-08 
 4.073802778041036e+07 -7.152424153653402e-05  2.128949531006011e-06  7.155100265624771e-05 -5.097823303065578e-09  8.350898309784246e-01 -5.561176218882816e-05  2.847414509853484e-12  4.275750820614695e-08 
 4.168693834703261e+07 -7.152297653658618e-05  2.178522571699168e-06  7.155100258775592e-05 -5.216566845773228e-09  8.350898301920889e-01 -5.690712635165248e-05  2.981609011732170e-12  4.375345847353785e-08 
 4.265795188015831e+07 -7.152165193995369e-05  2.229249132459887e-06  7.155100251603625e-05 -5.338076279750202e-09  8.350898293686945e-01 -5.823266340872173e-05  3.122127904707837e-12  4.477260739987258e-08 
 4.365158322401562e+07 -7.152026493995303e-05  2.281155997549954e-06  7.155100244093650e-05 -5.462416030797908e-09  8.350898285064945e-01 -5.958907617608430e-05  3.269269248060168e-12  4.581549535112409e-08 
 4.466835921509531e+07 -7.151881259782230e-05  2.334270569065253e-06  7.155100236229742e-05 -5.589652025381563e-09  8.350898276036602e-01 -6.097708384041013e-05  3.423345148161255e-12  4.688267527999070e-08 
 4.570881896148648e+07 -7.151729183649918e-05  2.388620880894470e-06  7.155100227995218e-05 -5.719851725584673e-09  8.350898266582766e-01 -6.239742234030596e-05  3.584682420493804e-12  4.797471301907755e-08 
 4.677351412871877e+07 -7.151569943415027e-05  2.444235612972632e-06  7.155100219372615e-05 -5.853084164877777e-09  8.350898256683384e-01 -6.385084475651359e-05  3.753623282869275e-12  4.909218758090695e-08 
 4.786300923226276e+07 -7.151403201736138e-05  2.501144105833158e-06  7.155100210343638e-05 -5.989419984720234e-09  8.350898246317457e-01 -6.533812171119550e-05  3.930526081316240e-12  5.023569146491688e-08 
 4.897788193684352e+07 -7.151228605400762e-05  2.559376375463395e-06  7.155100200889132e-05 -6.128931472014569e-09  8.350898235462996e-01 -6.686004177652102e-05  4.115766050178730e-12  5.140583097161027e-08 
 5.011872336272611e+07 -7.151045784580676e-05  2.618963128468488e-06  7.155100190989053e-05 -6.271692597433253e-09  8.350898224096980e-01 -6.841741189276986e-05  4.309736108036847e-12  5.260322652402177e-08 
 5.128613839913534e+07 -7.150854352052674e-05  2.679935777547901e-06  7.155100180622396e-05 -6.417779054638103e-09  8.350898212195298e-01 -7.001105779617296e-05  4.512847691137757e-12  5.382851299667209e-08 
 5.248074602497608e+07 -7.150653902380397e-05  2.742326457288496e-06  7.155100169767173e-05 -6.567268300413242e-09  8.350898199732707e-01 -7.164182445671949e-05  4.725531626105034e-12  5.508234005218485e-08 
 5.370317963702407e+07 -7.150444011062271e-05  2.806168040279562e-06  7.155100158400355e-05 -6.720239595732774e-09  8.350898186682769e-01 -7.331057652616030e-05  4.948239043777302e-12  5.636537248574394e-08 
 5.495408738576122e+07 -7.150224233633483e-05  2.871494153552247e-06  7.155100146497837e-05 -6.876774047785090e-09  8.350898173017806e-01 -7.501819879644733e-05  5.181442336114717e-12  5.767829057757429e-08 
 5.623413251903364e+07 -7.149994104731746e-05  2.938339195349351e-06  7.155100134034367e-05 -7.036954652975903e-09  8.350898158708829e-01 -7.676559666884983e-05  5.425636158202798e-12  5.902179045363274e-08 
 5.754399373371439e+07 -7.149753137116516e-05  3.006738352227962e-06  7.155100120983510e-05 -7.200866340932919e-09  8.350898143725490e-01 -7.855369663399721e-05  5.681338477479096e-12  6.039658445470052e-08 
 5.888436553555757e+07 -7.149500820642572e-05  3.076727616499060e-06  7.155100107317583e-05 -7.368596019535483e-09  8.350898128036006e-01 -8.038344676310327e-05  5.949091672408198e-12  6.180340151407258e-08 
 6.025595860743441e+07 -7.149236621187709e-05  3.148343804007975e-06  7.155100093007600e-05 -7.540232620992970e-09  8.350898111607097e-01 -8.225581721063112e-05  6.229463682935428e-12  6.324298754404455e-08 
 6.165950018614683e+07 -7.148959979527424e-05  3.221624572257995e-06  7.155100078023202e-05 -7.715867148996515e-09  8.350898094403911e-01 -8.417180072866701e-05  6.523049215159601e-12  6.471610583140167e-08 
 6.309573444801790e+07 -7.148670310158346e-05  3.296608438880929e-06  7.155100062332612e-05 -7.895592726968848e-09  8.350898076389964e-01 -8.613241319327305e-05  6.830471002779862e-12  6.622353744212004e-08 
 6.456542290346409e+07 -7.148367000069538e-05  3.373334800457579e-06  7.155100045902542e-05 -8.079504647438035e-09  8.350898057527040e-01 -8.813869414310073e-05  7.152381127992508e-12  6.776608163549382e-08 
 6.606934480075811e+07 -7.148049407451017e-05  3.451843951689018e-06  7.155100028698144e-05 -8.267700422561108e-09  8.350898037775132e-01 -9.019170733054833e-05  7.489462404639337e-12  6.934455628790913e-08 
 6.760829753919666e+07 -7.147716860349001e-05  3.532177104923029e-06  7.155100010682925e-05 -8.460279835824555e-09  8.350898017092341e-01 -9.229254128575641e-05  7.842429826541514e-12  7.095979832648809e-08 
 6.918309709189209e+07 -7.147368655252914e-05  3.614376410035006e-06  7.155099991818667e-05 -8.657344994948876e-09  8.350897995434792e-01 -9.444230989373859e-05  8.212032084090850e-12  7.261266417283379e-08 
 7.079457843841220e+07 -7.147004055617426e-05  3.698484974665701e-06  7.155099972065366e-05 -8.859000386025378e-09  8.350897972756554e-01 -9.664215298495417e-05  8.599053152315407e-12  7.430403019711124e-08 
 7.244359600749739e+07 -7.146622290323025e-05  3.784546884818060e-06  7.155099951381110e-05 -9.065352928913874e-09  8.350897949009514e-01 -9.889323693963640e-05  9.004313953787917e-12  7.603479318270449e-08 
 7.413102413009009e+07 -7.146222552052162e-05  3.872607225809082e-06  7.155099929722033e-05 -9.276512033930617e-09  8.350897924143306e-01 -1.011967553061951e-04  9.428674099904072e-12  7.780587080169722e-08 
 7.585775750291668e+07 -7.145803995603309e-05  3.962712103581988e-06  7.155099907042187e-05 -9.492589659856559e-09  8.350897898105181e-01 -1.035539294340229e-04  9.873033714224245e-12  7.961820210142806e-08 
 7.762471166286743e+07 -7.145365736117927e-05  4.054908666372998e-06  7.155099883293469e-05 -9.713700373296642e-09  8.350897870839912e-01 -1.059660091210396e-04  1.033833534174598e-11  8.147274800237896e-08 
 7.943282347242635e+07 -7.144906847230672e-05  4.149245126734265e-06  7.155099858425498e-05 -9.939961409421585e-09  8.350897842289661e-01 -1.084342732763178e-04  1.082556594815710e-11  8.337049180766036e-08 
 8.128305161640808e+07 -7.144426359128866e-05  4.245770783908194e-06  7.155099832385532e-05 -1.017149273412442e-08  8.350897812393869e-01 -1.109600305981418e-04  1.133575901330993e-11  8.531243972436384e-08 
 8.317637711026521e+07 -7.143923256529156e-05  4.344536046552877e-06  7.155099805118332e-05 -1.040841710762461e-08  8.350897781089125e-01 -1.135446202678587e-04  1.186999672335720e-11  8.729962139705757e-08 
 8.511380382023571e+07 -7.143396476554811e-05  4.445592455811619e-06  7.155099776566056e-05 -1.065086014955354e-08  8.350897748309019e-01 -1.161894126598881e-04  1.242941226619905e-11  8.933309045370837e-08 
 8.709635899560608e+07 -7.142844906517478e-05  4.548992708723522e-06  7.155099746668141e-05 -1.089895040555583e-08  8.350897713984021e-01 -1.188958100682686e-04  1.301519223511034e-11  9.141392506431956e-08 
 8.912509381337252e+07 -7.142267381595440e-05  4.654790681968234e-06  7.155099715361175e-05 -1.115281941544186e-08  8.350897678041328e-01 -1.216652474501261e-04  1.362857914564632e-11  9.354322851258024e-08 
 9.120108393558890e+07 -7.141662682410158e-05  4.763041455939611e-06  7.155099682578742e-05 -1.141260178292739e-08  8.350897640404692e-01 -1.244991931864556e-04  1.427087407116509e-11  9.572212978082968e-08 
 9.332543007969697e+07 -7.141029532483800e-05  4.873801339136439e-06  7.155099648251307e-05 -1.167843524699757e-08  8.350897600994279e-01 -1.273991498606226e-04  1.494343940255738e-11  9.795178414864654e-08 
 9.549925860214141e+07 -7.140366595584634e-05  4.987127892863981e-06  7.155099612306057e-05 -1.195046075493281e-08  8.350897559726495e-01 -1.303666550549934e-04  1.564770173803667e-11  1.002333738053806e-07 
 9.772372209557883e+07 -7.139672472950887e-05  5.103079956234072e-06  7.155099574666739e-05 -1.222882253703548e-08  8.350897516513799e-01 -1.334032821661200e-04  1.638515490911964e-11  1.025681084769512e-07 
 9.999999999999771e+07 -7.138945700383818e-05  5.221717671450155e-06  7.155099535253523e-05 -1.251366818309685e-08  8.350897471264536e-01 -1.365106412389089e-04  1.715736314921485e-11  1.049572260672451e-07 
 1.023292992280731e+08 -7.138184745216443e-05  5.343102509366716e-06  7.155099493982799e-05 -1.280514872064487e-08  8.350897423882714e-01 -1.396903798202159e-04  1.796596441154059e-11  1.074019933144533e-07 
 1.047128548050875e+08 -7.137388003130848e-05  5.467297295300541e-06  7.155099450767019e-05 -1.310341869501430e-08  8.350897374267831e-01 -1.429441838323209e-04  1.881267384340934e-11  1.099037064626959e-07 
 1.071519305237582e+08 -7.136553794841383e-05  5.594366235083209e-06  7.155099405514526e-05 -1.340863625128146e-08  8.350897322314647e-01 -1.462737784667442e-04  1.969928742424797e-11  1.124636919492889e-07 
 1.096478196143160e+08 -7.135680362624102e-05  5.724374941330767e-06  7.155099358129320e-05 -1.372096321810704e-08  8.350897267912951e-01 -1.496809290988761e-04  2.062768577506999e-11  1.150833071080197e-07 
 1.122018454301937e+08 -7.134765866683994e-05  5.857390459907566e-06  7.155099308510890e-05 -1.404056519353168e-08  8.350897210947352e-01 -1.531674422239096e-04  2.159983814748029e-11  1.177639408888022e-07 
 1.148153621496856e+08 -7.133808381365570e-05  5.993481296563937e-06  7.155099256553985e-05 -1.436761163276926e-08  8.350897151297010e-01 -1.567351664145652e-04  2.261780660067259e-11  1.205070145940941e-07 
 1.174897554939502e+08 -7.132805891182699e-05  6.132717443714675e-06  7.155099202148394e-05 -1.470227593804487e-08  8.350897088835396e-01 -1.603859933011210e-04  2.368375037527975e-11  1.233139826324658e-07 
 1.202264434617385e+08 -7.131756286678291e-05  6.275170407334611e-06  7.155099145178709e-05 -1.504473555052468e-08  8.350897023430013e-01 -1.641218585742626e-04  2.479993047335349e-11  1.261863332897214e-07 
 1.230268770812353e+08 -7.130657360089509e-05  6.420913233932394e-06  7.155099085524088e-05 -1.539517204438680e-08  8.350896954942124e-01 -1.679447430112881e-04  2.596871445418840e-11  1.291255895179800e-07 
 1.258925411794138e+08 -7.129506800823319e-05  6.570020537570942e-06  7.155099023057984e-05 -1.575377122308256e-08  8.350896883226450e-01 -1.718566735262081e-04  2.719258145616141e-11  1.321333097431351e-07 
 1.288249551693104e+08 -7.128302190727478e-05  6.722568526892525e-06  7.155098957647895e-05 -1.612072321783938e-08  8.350896808130861e-01 -1.758597242442987e-04  2.847412745523891e-11  1.352110886911211e-07 
 1.318256738556376e+08 -7.127040999147918e-05  6.878635032104842e-06  7.155098889155074e-05 -1.649622258845748e-08  8.350896729496065e-01 -1.799560176016773e-04  2.981607077130457e-11  1.383605582334237e-07 
 1.348962882591622e+08 -7.125720577767760e-05  7.038299531882442e-06  7.155098817434224e-05 -1.688046842645361e-08  8.350896647155257e-01 -1.841477254704801e-04  3.122125783398641e-11  1.415833882522833e-07 
 1.380384264602852e+08 -7.124338155216441e-05  7.201643180131000e-06  7.155098742333211e-05 -1.727366446060662e-08  8.350896560933773e-01 -1.884370703102428e-04  3.269266922021326e-11  1.448812875260499e-07 
 1.412537544622721e+08 -7.122890831437527e-05  7.368748832557493e-06  7.155098663692731e-05 -1.767601916496057e-08  8.350896470648715e-01 -1.928263263460870e-04  3.423342597630526e-11  1.482560046351576e-07 
 1.445439770745893e+08 -7.121375571810593e-05  7.539701072987473e-06  7.155098581345961e-05 -1.808774586934266e-08  8.350896376108563e-01 -1.973178207743424e-04  3.584679623800805e-11  1.517093288892002e-07 
 1.479108388168172e+08 -7.119789201009195e-05  7.714586239359714e-06  7.155098495118222e-05 -1.850906287245457e-08  8.350896277112774e-01 -2.019139349962397e-04  3.753620216251151e-11  1.552430912755990e-07 
 1.513561248436172e+08 -7.118128396593003e-05  7.893492449330175e-06  7.155098404826605e-05 -1.894019355759689e-08  8.350896173451349e-01 -2.066171058803274e-04  3.930522718715536e-11  1.588591654303645e-07 
 1.548816618912444e+08 -7.116389682315816e-05  8.076509625404016e-06  7.155098310279574e-05 -1.938136651108806e-08  8.350896064904395e-01 -2.114298270542821e-04  4.115762363021725e-11  1.625594686314684e-07 
 1.584893192461076e+08 -7.114569421143817e-05  8.263729519513905e-06  7.155098211276567e-05 -1.983281564344044e-08  8.350895951241650e-01 -2.163546502267947e-04  4.309732064990417e-11  1.663459628153498e-07 
 1.621810097358891e+08 -7.112663807967739e-05  8.455245736951149e-06  7.155098107607574e-05 -2.029478031335767e-08  8.350895832222006e-01 -2.213941865402336e-04  4.512843257842797e-11  1.702206556170965e-07 
 1.659586907437521e+08 -7.110668862002125e-05  8.651153759553642e-06  7.155097999052679e-05 -2.076750545461884e-08  8.350895707592983e-01 -2.265511079547981e-04  4.725526764884042e-11  1.741856014348523e-07 
 1.698243652461704e+08 -7.108580418853807e-05  8.851550968041423e-06  7.155097885381604e-05 -2.125124170591683e-08  8.350895577090207e-01 -2.318281486648976e-04  4.948233713313743e-11  1.782429025190126e-07 
 1.737800828749334e+08 -7.106394122252374e-05  9.056536663387919e-06  7.155097766353214e-05 -2.174624554371927e-08  8.350895440436836e-01 -2.372281065485035e-04  5.181436491101316e-11  1.823947100867871e-07 
 1.778279410038880e+08 -7.104105415423520e-05  9.266212087099865e-06  7.155097641715020e-05 -2.225277941822273e-08  8.350895297342992e-01 -2.427538446502429e-04  5.425629748955877e-11  1.866432254627208e-07 
 1.819700858609940e+08 -7.101709532103060e-05  9.480680440279011e-06  7.155097511202615e-05 -2.277111189247141e-08  8.350895147505115e-01 -2.484082926990129e-04  5.681331449515524e-11  1.909907012457749e-07 
 1.862087136662823e+08 -7.099201487160791e-05  9.700046901312536e-06  7.155097374539141e-05 -2.330151778471505e-08  8.350894990605353e-01 -2.541944486609293e-04  5.949083965981494e-11  1.954394425035890e-07 
 1.905460717963202e+08 -7.096576066838891e-05  9.924418642048757e-06  7.155097231434684e-05 -2.384427831408011e-08  8.350894826310863e-01 -2.601153803284178e-04  6.229455232526946e-11  1.999918079945550e-07 
 1.949844599757999e+08 -7.093827818575913e-05  1.015390484228409e-05  7.155097081585672e-05 -2.439968124963214e-08  8.350894654273120e-01 -2.661742269462982e-04  6.523039948920437e-11  2.046502114183524e-07 
 1.995262314968832e+08 -7.090951040415362e-05  1.038861670239146e-05  7.155096924674220e-05 -2.496802106290770e-08  8.350894474127167e-01 -2.723742008757151e-04  6.830460841918816e-11  2.094171226956053e-07 
 2.041737944669480e+08 -7.087939769969415e-05  1.062866745389067e-05  7.155096760367457e-05 -2.554959908399666e-08  8.350894285490843e-01 -2.787185892967978e-04  7.152369986104714e-11  2.142950692773396e-07 
 2.089296130853989e+08 -7.084787772936859e-05  1.087417236776464e-05  7.155096588316822e-05 -2.614472366125744e-08  8.350894087963978e-01 -2.852107559509495e-04  7.489450186969991e-11  2.192866374849365e-07 
 2.137962089502181e+08 -7.081488531152409e-05  1.112524876029783e-05  7.155096408157329e-05 -2.675371032474937e-08  8.350893881127531e-01 -2.918541429236836e-04  7.842416429178221e-11  2.243944738812882e-07 
 2.187761623949500e+08 -7.078035230151124e-05  1.138201599620124e-05  7.155096219506782e-05 -2.737688195346886e-08  8.350893664542722e-01 -2.986522724689536e-04  8.212017393077790e-11  2.296212866738845e-07 
 2.238721138568285e+08 -7.074420746242319e-05  1.164459548877952e-05  7.155096021964977e-05 -2.801456894647744e-08  8.350893437750078e-01 -3.056087488759356e-04  8.599037042681725e-11  2.349698471505740e-07 
 2.290867652767718e+08 -7.070637633067968e-05  1.191311069686540e-05  7.155095815112834e-05 -2.866710939801223e-08  8.350893200268464e-01 -3.127272603792527e-04  9.004296288481910e-11  2.404429911487577e-07 
 2.344228815319865e+08 -7.066678107632149e-05  1.218768711823547e-05  7.155095598511528e-05 -2.933484927667134e-08  8.350892951594080e-01 -3.200115811136488e-04  9.428654728624150e-11  2.460436205587967e-07 
 2.398832919019432e+08 -7.062534035793346e-05  1.246845227920611e-05  7.155095371701544e-05 -3.001814260876890e-08  8.350892691199361e-01 -3.274655731141454e-04  9.873012472136581e-11  2.517747048624269e-07 
 2.454708915684971e+08 -7.058196917194840e-05  1.275553572007574e-05  7.155095134201709e-05 -3.071735166595621e-08  8.350892418531887e-01 -3.350931883627343e-04  1.033831204807784e-10  2.576392827069974e-07 
 2.511886431509519e+08 -7.053657869629708e-05  1.304906897607288e-05  7.155094885508161e-05 -3.143284715720852e-08  8.350892133013185e-01 -3.428984708826895e-04  1.082554040465379e-10  2.636404635163656e-07 
 2.570395782768801e+08 -7.048907612813297e-05  1.334918555342918e-05  7.155094625093301e-05 -3.216500842527833e-08  8.350891834037526e-01 -3.508855588816009e-04  1.133573100254210e-10  2.697814291393024e-07 
 2.630267991895318e+08 -7.043936451566442e-05  1.365602090019489e-05  7.155094352404637e-05 -3.291422364771915e-08  8.350891520970612e-01 -3.590586869442621e-04  1.186996600686388e-10  2.760654355362791e-07 
 2.691534803926850e+08 -7.038734258374139e-05  1.396971237135887e-05  7.155094066863651e-05 -3.368089004258562e-08  8.350891193148253e-01 -3.674221882765672e-04  1.242937858245062e-10  2.824958145055312e-07 
 2.754228703338099e+08 -7.033290455330973e-05  1.429039918784418e-05  7.155093767864544e-05 -3.446541407891872e-08  8.350890849874948e-01 -3.759804970016034e-04  1.301515529727376e-10  2.890759754493105e-07 
 2.818382931264385e+08 -7.027593995444945e-05  1.461822238889103e-05  7.155093454772961e-05 -3.526821169212660e-08  8.350890490422406e-01 -3.847381505091431e-04  1.362853863913339e-10  2.958094071812618e-07 
 2.884031503126535e+08 -7.021633343298063e-05  1.495332477732948e-05  7.155093126924639e-05 -3.608970850437476e-08  8.350890114027999e-01 -3.936997918597773e-04  1.427082965094262e-10  3.026996797758814e-07 
 2.951209226666313e+08 -7.015396455048621e-05  1.529585085720187e-05  7.155092783624001e-05 -3.693034005010215e-08  8.350889719893152e-01 -4.028701722449613e-04  1.494339069019610e-10  3.097504464610349e-07 
 3.019951720401942e+08 -7.008870757772314e-05  1.564594676317219e-05  7.155092424142680e-05 -3.779055200678127e-08  8.350889307181639e-01 -4.122541535042589e-04  1.564764831847350e-10  3.169654455545372e-07 
 3.090295432513515e+08 -7.002043128135820e-05  1.600376018112226e-05  7.155092047717973e-05 -3.867080043104404e-08  8.350888875017811e-01 -4.218567107011148e-04  1.638509632710511e-10  3.243485024458184e-07 
 3.162277660168301e+08 -6.994899870393478e-05  1.636944025929459e-05  7.155091653551207e-05 -3.957155200029822e-08  8.350888422484739e-01 -4.316829347585159e-04  1.715729890541530e-10  3.319035316237254e-07 
 3.235936569296203e+08 -6.987426693715714e-05  1.674313750932185e-05  7.155091240806064e-05 -4.049328425996052e-08  8.350887948622252e-01 -4.417380351559137e-04  1.796589395826111e-10  3.396345387515306e-07 
 3.311311214825829e+08 -6.979608688830141e-05  1.712500369641511e-05  7.155090808606797e-05 -4.143648587643788e-08  8.350887452424929e-01 -4.520273426888472e-04  1.881259657990084e-10  3.475456227902484e-07 
 3.388441561391942e+08 -6.971430304008383e-05  1.751519171799460e-05  7.155090356036371e-05 -4.240165689598806e-08  8.350886932839929e-01 -4.625563122926903e-04  1.969920269155722e-10  3.556409781713773e-07 
 3.467368504525231e+08 -6.962875320372798e-05  1.791385546994435e-05  7.155089882134507e-05 -4.338930900959731e-08  8.350886388764779e-01 -4.733305259320298e-04  2.062759285038848e-10  3.639248970202237e-07 
 3.548133892335666e+08 -6.953926826555849e-05  1.832114969968675e-05  7.155089385895653e-05 -4.439996582401379e-08  8.350885819045023e-01 -4.843556955571848e-04  2.159973623794265e-10  3.724017714309782e-07 
 3.630780547700923e+08 -6.944567192716699e-05  1.873722984519997e-05  7.155088866266851e-05 -4.543416313907789e-08  8.350885222471774e-01 -4.956376661294064e-04  2.261769483655064e-10  3.810760957947493e-07 
 3.715352290971633e+08 -6.934778043933300e-05  1.916225185906659e-05  7.155088322145483e-05 -4.649244923149697e-08  8.350884597779138e-01 -5.071824187163640e-04  2.368362780251313e-10  3.899524691817844e-07 
 3.801893963205517e+08 -6.924540232994019e-05  1.959637201660102e-05  7.155087752376950e-05 -4.757538514521178e-08  8.350883943641537e-01 -5.189960736595296e-04  2.479979604535202e-10  3.990355977791411e-07 
 3.890451449942709e+08 -6.913833812617115e-05  2.003974670705784e-05  7.155087155752207e-05 -4.868354498850746e-08  8.350883258670885e-01 -5.310848938151195e-04  2.596856702283432e-10  4.083302973850910e-07 
 3.981071705534873e+08 -6.902638007130371e-05  2.049253220687739e-05  7.155086531005198e-05 -4.981751623802505e-08  8.350882541413646e-01 -5.434552878702980e-04  2.719241976193382e-10  4.178414959615820e-07 
 4.073802778041025e+08 -6.890931183657031e-05  2.095488443389036e-05  7.155085876810171e-05 -5.097790004983136e-08  8.350881790347735e-01 -5.561138137363635e-04  2.847395011637328e-10  4.275742362460999e-07 
 4.168693834703249e+08 -6.878690822844624e-05  2.142695868133879e-05  7.155085191778845e-05 -5.216531157771197e-08  8.350881003879295e-01 -5.690671820207116e-04  2.981587627189329e-10  4.375336784243173e-07 
 4.265795188015819e+08 -6.865893489203902e-05  2.190890933055685e-05  7.155084474457479e-05 -5.338038029885233e-08  8.350880180339301e-01 -5.823222595793733e-04  3.122104451091624e-10  4.477251028649348e-07 
 4.365158322401550e+08 -6.852514801110776e-05  2.240088954108490e-05  7.155083723323782e-05 -5.462375034707712e-08  8.350879317980029e-01 -5.958860731519858e-04  3.269243524882468e-10  4.581539129181647e-07 
 4.466835921509519e+08 -6.838529400557892e-05  2.290305091698175e-05  7.155082936783657e-05 -5.589608085382315e-08  8.350878414971318e-01 -6.097658130811025e-04  3.423316935464894e-10  4.688256377793296e-07 
 4.570881896148635e+08 -6.823910922719231e-05  2.341554314801930e-05  7.155082113167839e-05 -5.719804629702175e-08  8.350877469396708e-01 -6.239688371177624e-04  3.584651476955925e-10  4.797459354190939e-07 
 4.677351412871864e+08 -6.808631965442851e-05  2.393851362446286e-05  7.155081250728338e-05 -5.853033685807434e-08  8.350876479249344e-01 -6.385026743153196e-04  3.753589343719108e-10  4.909205955818690e-07 
 4.786300923226262e+08 -6.792664058762946e-05  2.447210702406239e-05  7.155080347634712e-05 -5.989365878710576e-08  8.350875442427715e-01 -6.533750290135456e-04  3.930488856048998e-10  5.023555428539788e-07 
 4.897788193684338e+08 -6.775977634548485e-05  2.501646486986942e-05  7.155079401970196e-05 -6.128873477668611e-08  8.350874356731207e-01 -6.685937849150820e-04  4.115725220045555e-10  5.140568398032049e-07 
 5.011872336272596e+08 -6.758541996437745e-05  2.557172505750178e-05  7.155078411727620e-05 -6.271630434421491e-08  8.350873219855398e-01 -6.841670092563541e-04  4.309691323288633e-10  5.260306901913624e-07 
 5.128613839913518e+08 -6.740325290183652e-05  2.613802135040562e-05  7.155077374805126e-05 -6.417712422316592e-08  8.350872029387167e-01 -7.001029570751101e-04  4.512798567998664e-10  5.382834422616069e-07 
 5.248074602497592e+08 -6.721294474582864e-05  2.671548284170245e-05  7.155076289001726e-05 -6.567196876339643e-08  8.350870782799578e-01 -7.164100755768025e-04  4.725477743448919e-10  5.508215921022045e-07 
 5.370317963702390e+08 -6.701415293172339e-05  2.730423338120417e-05  7.155075152012607e-05 -6.720163034072695e-08  8.350869477446481e-01 -7.330970086020576e-04  4.948179939477742e-10  5.636517870885333e-07 
 5.495408738576105e+08 -6.680652246878828e-05  2.790439096616188e-05  7.155073961424225e-05 -6.876691977600457e-08  8.350868110556907e-01 -7.501726011975545e-04  5.181377503036266e-10  5.767808294051380e-07 
 5.623413251903347e+08 -6.658968567846004e-05  2.851606709436995e-05  7.155072714709192e-05 -7.036866676386504e-08  8.350866679229169e-01 -7.676459042926580e-04  5.425565039798004e-10  5.902156796496875e-07 
 5.754399373371422e+08 -6.636326194675937e-05  2.913936607826862e-05  7.155071409220876e-05 -7.200772031141573e-08  8.350865180424681e-01 -7.855261794842231e-04  5.681260462952180e-10  6.039634605207350e-07 
 5.888436553555739e+08 -6.612685749335254e-05  2.977438431872535e-05  7.155070042187792e-05 -7.368494918706477e-08  8.350863610961505e-01 -8.038229039320243e-04  5.949006091402356e-10  6.180314605912234e-07 
 6.025595860743423e+08 -6.588006516011846e-05  3.042120953726284e-05  7.155068610707697e-05 -7.540124237972820e-08  8.350861967507581e-01 -8.225457753673382e-04  6.229369799696604e-10  6.324271381697228e-07 
 6.165950018614663e+08 -6.562246422225786e-05  3.107991996557876e-05  7.155067111741410e-05 -7.715750956864887e-08  8.350860246573631e-01 -8.417047172172182e-04  6.522946222124461e-10  6.471581252514279e-07 
 6.309573444801769e+08 -6.535362022518403e-05  3.175058349129821e-05  7.155065542106363e-05 -7.895468160406949e-08  8.350858444505744e-01 -8.613098838471041e-04  6.830358013530900e-10  6.622322315609987e-07 
 6.456542290346388e+08 -6.507308485074995e-05  3.243325675903961e-05  7.155063898469814e-05 -8.079371099900548e-08  8.350856557477592e-01 -8.813716659244420e-04  7.152257169517163e-10  6.776574486893660e-07 
 6.606934480075788e+08 -6.478039581657926e-05  3.312798422601939e-05  7.155062177341768e-05 -8.267557243236788e-08  8.350854581482302e-01 -9.019006959060329e-04  7.489326408823829e-10  6.934419543266781e-07 
 6.760829753919642e+08 -6.447507681265266e-05  3.383479717162362e-05  7.155060375067535e-05 -8.460126326369280e-08  8.350852512323912e-01 -9.229078536519070e-04  7.842280620822968e-10  7.095941165936111e-07 
 6.918309709189185e+08 -6.415663747934533e-05  3.455371266054085e-05  7.155058487819960e-05 -8.657180405973878e-08  8.350850345608443e-01 -9.444042721685638e-04  8.211868381183677e-10  7.261224984733186e-07 
 7.079457843841195e+08 -6.382457343161529e-05  3.528473245933707e-05  7.155056511591280e-05 -8.858823913322051e-08  8.350848076734557e-01 -9.664013434845005e-04  8.598873538919571e-10  7.430358623463468e-07 
 7.244359600749712e+08 -6.347836633425524e-05  3.602784190662342e-05  7.155054442184591e-05 -9.065163709394882e-08  8.350845700883753e-01 -9.889107246609629e-04  9.004116878177028e-10  7.603431746308927e-07 
 7.413102413008982e+08 -6.311748403330210e-05  3.678300873726084e-05  7.155052275204914e-05 -9.276309141265712e-08  8.350843213010115e-01 -1.011944343940970e-03  9.428457858281352e-10  7.780536105308407e-07 
 7.585775750291640e+08 -6.274138074915131e-05  3.755018186144533e-05  7.155050006049824e-05 -9.492372099779620e-08  8.350840607829552e-01 -1.035514407039673e-03  9.872796435722709e-10  7.961765588940626e-07 
 7.762471166286714e+08 -6.234949733694787e-05  3.832929009986376e-05  7.155047629899676e-05 -9.713467078558825e-08  8.350837879808568e-01 -1.059633403579209e-03  1.033807497193698e-09  8.147216271835321e-07 
 7.943282347242607e+08 -6.194126162035501e-05  3.912024087662114e-05  7.155045141707330e-05 -9.939711234363426e-08  8.350835023152473e-01 -1.084314113671262e-03  1.082528023091748e-09  8.336986465638490e-07 
 8.128305161640779e+08 -6.151608880483253e-05  3.992291887208973e-05  7.155042536187392e-05 -1.017122444883756e-07  8.350832031793026e-01 -1.109569614650574e-03  1.133544547088283e-09  8.531176771058361e-07 
 8.317637711026491e+08 -6.107338197680007e-05  4.073718463838199e-05  7.155039807804976e-05 -1.040812939167154e-07  8.350828899375535e-01 -1.135413287962754e-03  1.186965263442476e-09  8.729890131119366e-07 
 8.511380382023541e+08 -6.061253269536672e-05  4.156287318077568e-05  7.155036950763921e-05 -1.065055158521160e-07  8.350825619245312e-01 -1.161858826209802e-03  1.242903464176726e-09  8.933231885651835e-07 
 8.709635899560577e+08 -6.013292168331230e-05  4.239979250903803e-05  7.155033958994420e-05 -1.089861947054858e-07  8.350822184433494e-01 -1.188920240356756e-03  1.301477779198537e-09  9.141309827045939e-07 
 8.912509381337219e+08 -5.963391962417732e-05  4.324772216331294e-05  7.155030826140112e-05 -1.115246447511851e-07  8.350818587642205e-01 -1.216611867103045e-03  1.362812427725968e-09  9.354234257298958e-07 
 9.120108393558856e+08 -5.911488807240807e-05  4.410641172000503e-05  7.155027545544543e-05 -1.141222108184773e-07  8.350814821229011e-01 -1.244948376422078e-03  1.427037481548030e-09  9.572118046385593e-07 
 9.332543007969663e+08 -5.857518048342080e-05  4.497557928388370e-05  7.155024110236978e-05 -1.167802689987654e-07  8.350810877190636e-01 -1.273944779272782e-03  1.494289140676344e-09  9.795076691981734e-07 
 9.549925860214106e+08 -5.801414337046080e-05  4.585490997351664e-05  7.155020512917563e-05 -1.195002273689545e-07  8.350806747145918e-01 -1.303616435486750e-03  1.564710021970412e-09  1.002322838057281e-06 
 9.772372209557847e+08 -5.743111759494263e-05  4.674405440804202e-05  7.155016745941770e-05 -1.222835267312916e-07  8.350802422317954e-01 -1.333979061834836e-03  1.638449461346156e-09  1.025669404997844e-06 
 9.999999999999734e+08 -5.682543979672857e-05  4.764262720424893e-05  7.155012801304121e-05 -1.251316413700332e-07  8.350797893515401e-01 -1.365048740276992e-03  1.715663830205898e-09  1.049559745332589e-06 
 1.023292992280727e+09 -5.619644397050129e-05  4.855020549393990e-05  7.155008670621116e-05 -1.280460798253087e-07  8.350793151112893e-01 -1.396841926399321e-03  1.796516866757909e-09  1.074006522450555e-06 
 1.047128548050872e+09 -5.554346319387950e-05  4.946632747256077e-05  7.155004345113405e-05 -1.310283856845411e-07  8.350788185030547e-01 -1.429375458042277e-03  1.881180022924826e-09  1.099022694514240e-06 
 1.071519305237578e+09 -5.486583151246955e-05  5.039049099116860e-05  7.154999815587070e-05 -1.340801383918021e-07  8.350782984712488e-01 -1.462666564124088e-03  1.969832827573012e-09  1.124621521311812e-06 
 1.096478196143156e+09 -5.416288598627923e-05  5.132215220485383e-05  7.154995072414046e-05 -1.372029540754801e-07  8.350777539104361e-01 -1.496732873663496e-03  2.062663266829168e-09  1.150816571267917e-06 
 1.122018454301933e+09 -5.343396890109505e-05  5.226072429180334e-05  7.154990105511625e-05 -1.403984863946481e-07  8.350771836629797e-01 -1.531592425006016e-03  2.159868182286340e-09  1.177621728616744e-06 
 1.148153621496852e+09 -5.267843014751402e-05  5.320557625827321e-05  7.154984904320985e-05 -1.436684274045217e-07  8.350765865165752e-01 -1.567263675257908e-03  2.261653687938881e-09  1.205051200741003e-06 
 1.174897554939498e+09 -5.189562976914055e-05  5.415603184575485e-05  7.154979457784695e-05 -1.470145084414091e-07  8.350759612016697e-01 -1.603765509932233e-03  2.368235606725285e-09  1.233119525680628e-06 
 1.202264434617381e+09 -5.108494068010236e-05  5.511136855758092e-05  7.154973754323195e-05 -1.504385010275538e-07  8.350753063887588e-01 -1.641117252811297e-03  2.479839927598695e-09  1.261841579815073e-06 
 1.230268770812348e+09 -5.024575155073333e-05  5.607081682319102e-05  7.154967781810130e-05 -1.539422177962821e-07  8.350746206855565e-01 -1.679338676029956e-03  2.596703284087936e-09  1.291232585723129e-06 
 1.258925411794133e+09 -4.937746985844222e-05  5.703355931903523e-05  7.154961527546560e-05 -1.575275134378745e-07  8.350739026340310e-01 -1.718450010384289e-03  2.719073455356837e-09  1.321308120224309e-06 
 1.288249551693099e+09 -4.847952509908201e-05  5.799873046584551e-05  7.154954978233916e-05 -1.611962856665755e-07  8.350731507073034e-01 -1.758471955870109e-03  2.847209890816429e-09  1.352084122605933e-06 
 1.318256738556371e+09 -4.755137215212232e-05  5.896541612256041e-05  7.154948119945728e-05 -1.649504762091824e-07  8.350723633063976e-01 -1.799425692456071e-03  2.981384259394123e-09  1.383576903040096e-06 
 1.348962882591617e+09 -4.659249479072662e-05  5.993265349757354e-05  7.154940938097996e-05 -1.687920718156339e-07  8.350715387568405e-01 -1.841332891095907e-03  3.121881024614959e-09  1.415803151194846e-06 
 1.380384264602847e+09 -4.560240932555460e-05  6.089943129817935e-05  7.154933417418186e-05 -1.727231052920489e-07  8.350706753051006e-01 -1.884215724984626e-03  3.268998046704199e-09  1.448779945043941e-06 
 1.412537544622716e+09 -4.458066836866253e-05  6.186469013906606e-05  7.154925541912743e-05 -1.767456565566546e-07  8.350697711148591e-01 -1.928096881063418e-03  3.423047212976538e-09  1.482524759879683e-06 
 1.445439770745888e+09 -4.352686470116971e-05  6.282732323035458e-05  7.154917294833129e-05 -1.808618537190570e-07  8.350688242631090e-01 -1.972999571778117e-03  3.584355097836225e-09  1.517055477533401e-06 
 1.479108388168167e+09 -4.244063522586912e-05  6.378617736518225e-05  7.154908658640215e-05 -1.850738741833083e-07  8.350678327360671e-01 -2.018947547096122e-03  3.753263653773822e-09  1.552390395808255e-06 
 1.513561248436167e+09 -4.132166498294056e-05  6.474005422580768e-05  7.154899614967052e-05 -1.893839457752367e-07  8.350667944248987e-01 -2.065965106786747e-03  3.930130934809871e-09  1.588548238129136e-06 
 1.548816618912439e+09 -4.016969120437789e-05  6.568771202607337e-05  7.154890144579850e-05 -1.937943478944952e-07  8.350657071212383e-01 -2.114077112969929e-03  4.115331853902776e-09  1.625548163414527e-06 
 1.584893192461070e+09 -3.898450737965776e-05  6.662786750630098e-05  7.154880227337198e-05 -1.983074126918139e-07  8.350645685125048e-01 -2.163309002938447e-03  4.309258975909078e-09  1.663409776175307e-06 
 1.621810097358885e+09 -3.776596730274098e-05  6.755919829483172e-05  7.154869842147284e-05 -2.029255262719147e-07  8.350633761769926e-01 -2.213686802258592e-03  4.512323347757288e-09  1.702153136845540e-06 
 1.659586907437515e+09 -3.651398906749702e-05  6.848034564783138e-05  7.154858966923212e-05 -2.076511299225828e-07  8.350621275787377e-01 -2.265237138154572e-03  4.724955367574172e-09  1.741798772350466e-06 
 1.698243652461697e+09 -3.522855897638269e-05  6.938991757626215e-05  7.154847578536168e-05 -2.124867213703658e-07  8.350608200621424e-01 -2.317987253181641e-03  4.947605694582102e-09  1.782367686916933e-06 
 1.737800828749327e+09 -3.390973532488782e-05  7.028649236566102e-05  7.154835652766411e-05 -2.174348560633935e-07  8.350594508463471e-01 -2.371965019193278e-03  5.180746201670899e-09  1.823881373131678e-06 
 1.778279410038874e+09 -3.255765202204671e-05  7.116862249060120e-05  7.154823164251996e-05 -2.224981484818057e-07  8.350580170193427e-01 -2.427198951607541e-03  5.424870972635120e-09  1.866361823252935e-06 
 1.819700858609933e+09 -3.117252200597640e-05  7.203483892184179e-05  7.154810086435077e-05 -2.276792734762777e-07  8.350565155318044e-01 -2.483718223977849e-03  5.680497346159869e-09  1.909831540780975e-06 
 1.862087136662816e+09 -2.975464041180264e-05  7.288365581958160e-05  7.154796391505725e-05 -2.329809676351374e-07  8.350549431906434e-01 -2.541552682873419e-03  5.948167008734313e-09  1.954313552293281e-06 
 1.905460717963194e+09 -2.830438744885895e-05  7.371357560167338e-05  7.154782050343135e-05 -2.384060306805715e-07  8.350532966522517e-01 -2.600732863074627e-03  6.228447138772584e-09  1.999831419550184e-06 
 1.949844599757991e+09 -2.682223094354949e-05  7.452309437051740e-05  7.154767032454053e-05 -2.439573268944076e-07  8.350515724154374e-01 -2.661290003088475e-03  6.521931604326518e-09  2.046409251876872e-06 
 1.995262314968824e+09 -2.530872850483890e-05  7.531070767726832e-05  7.154751305908378e-05 -2.496377865739737e-07  8.350497668140271e-01 -2.723256060989412e-03  6.829242216884643e-09  2.094071718827821e-06 
 2.041737944669473e+09 -2.376452927013906e-05  7.607491659653368e-05  7.154734837271751e-05 -2.554504075185238e-07  8.350478760091269e-01 -2.786663730590711e-03  7.151030043866315e-09  2.142844063139810e-06 
 2.089296130853981e+09 -2.219037519122299e-05  7.681423407944360e-05  7.154717591534991e-05 -2.613982565467187e-07  8.350458959810205e-01 -2.851546457951499e-03  7.487976782539532e-09  2.192752113979765e-06 
 2.137962089502173e+09 -2.058710182210643e-05  7.752719154755266e-05  7.154699532040260e-05 -2.674844710456493e-07  8.350438225206921e-01 -2.917938458224581e-03  7.840796198216225e-09  2.243822300493819e-06 
 2.187761623949492e+09 -1.895563857404396e-05  7.821234568485395e-05  7.154680620403804e-05 -2.737122605518848e-07  8.350416512209538e-01 -2.985874732850067e-03  8.210235629709362e-09  2.296081665664096e-06 
 2.238721138568277e+09 -1.729700840665555e-05  7.886828538020089e-05  7.154660816435061e-05 -2.800849083650115e-07  8.350393774671609e-01 -3.055391087099681e-03  8.597077565172444e-09  2.349557880479797e-06 
 2.290867652767709e+09 -1.561232692889614e-05  7.949363876787497e-05  7.154640078052056e-05 -2.866057731941427e-07  8.350369964274948e-01 -3.126524147976691e-03  9.002141291584894e-09  2.404279258429325e-06 
 2.344228815319856e+09 -1.390280088879583e-05  8.008708030983773e-05  7.154618361192816e-05 -2.932782908378373e-07  8.350345030427943e-01 -3.199311382476013e-03  9.426284621294821e-09  2.460274770320289e-06 
 2.398832919019423e+09 -1.216972603701642e-05  8.064733785975462e-05  7.154595619722690e-05 -3.001059758978872e-07  8.350318920159127e-01 -3.273791116209188e-03  9.870405699186748e-09  2.517574059434320e-06 
 2.454708915684961e+09 -1.041448435569336e-05  8.117319964594091e-05  7.154571805337363e-05 -3.070924235273875e-07  8.350291578005834e-01 -3.350002552398420e-03  1.033544489420283e-08  2.576207457023770e-06 
 2.511886431509510e+09 -8.638540651231298e-06  8.166352110842099e-05  7.154546867461331e-05 -3.142413112135171e-07  8.350262945897635e-01 -3.427985791244048e-03  1.082238677911641e-08  2.636205998157462e-06 
 2.570395782768792e+09 -6.843438517025476e-06  8.211723152401781e-05  7.154520753141688e-05 -3.215564005954063e-07  8.350232963034381e-01 -3.507781849669162e-03  1.133226220263163e-08  2.697601437922780e-06 
 2.630267991895308e+09 -5.030795679900390e-06  8.253334035322862e-05  7.154493406936960e-05 -3.290415393174763e-07  8.350201565758578e-01 -3.589432681445183e-03  1.186615045806820e-08  2.760426267991488e-06 
 2.691534803926840e+09 -3.202298751897902e-06  8.291094324341651e-05  7.154464770800772e-05 -3.367006629185904e-07  8.350168687421805e-01 -3.672981197701714e-03  1.242518155308122e-08  2.824713733556772e-06 
 2.754228703338089e+09 -1.359697416798532e-06  8.324922762458090e-05  7.154434783960107e-05 -3.445377967573301e-07  8.350134258244960e-01 -3.758471287823610e-03  1.301053858506624e-08  2.890497850649140e-06 
 2.818382931264374e+09  4.952019113680923e-07  8.354747783697540e-05  7.154403382787907e-05 -3.525570579736946e-07  8.350098205171970e-01 -3.845947840738060e-03  1.362346022710866e-08  2.957813423838850e-06 
 2.884031503126524e+09  2.360542913419846e-06  8.380507973355320e-05  7.154370500669772e-05 -3.607626574874619e-07  8.350060451716745e-01 -3.935456766593752e-03  1.426524332955307e-08  3.026696064332715e-06 
 2.951209226666302e+09  4.234426622179858e-06  8.402152470529924e-05  7.154336067864423e-05 -3.691589020334274e-07  8.350020917802993e-01 -4.027045018833927e-03  1.493724564249493e-08  3.097182208473170e-06 
 3.019951720401930e+09  6.114919054044236e-06  8.419641308316927e-05  7.154300011357742e-05 -3.777501962336926e-07  8.349979519596595e-01 -4.120760616664606e-03  1.564088866473298e-08  3.169309136647610e-06 
 3.090295432513503e+09  8.000059151671860e-06  8.432945687710167e-05  7.154262254709984e-05 -3.865410447071129e-07  8.349936169330234e-01 -4.216652667918541e-03  1.637766062496532e-08  3.243114992616107e-06 
 3.162277660168289e+09  9.887866969810100e-06  8.442048181999876e-05  7.154222717895932e-05 -3.955360542159824e-07  8.349890775119830e-01 -4.314771392315048e-03  1.714911960126910e-08  3.318638803265650e-06 
 3.235936569296190e+09  1.177635203268518e-05  8.446942869249102e-05  7.154181317137618e-05 -4.047399358499593e-07  8.349843240772507e-01 -4.415168145115024e-03  1.795689678516833e-08  3.395920498799209e-06 
 3.311311214825816e+09  1.366352178871155e-05  8.447635391281444e-05  7.154137964729298e-05 -4.141575072471797e-07  8.349793465585629e-01 -4.517895441169778e-03  1.880269989687199e-08  3.475000933367915e-06 
 3.388441561391928e+09  1.554739008674619e-05  8.444142938494297e-05  7.154092568854323e-05 -4.237936948524329e-07  8.349741344136538e-01 -4.623006979361449e-03  1.968831675855164e-08  3.555921906154775e-06 
 3.467368504525217e+09  1.742598559788608e-05  8.436494160691778e-05  7.154045033393484e-05 -4.336535362122070e-07  8.349686766062532e-01 -4.730557667432012e-03  2.061561903282777e-08  3.638726182918386e-06 
 3.548133892335652e+09  1.929736010761511e-05  8.424729005021694e-05  7.153995257724576e-05 -4.437421823063242e-07  8.349629615830707e-01 -4.840603647196802e-03  2.158656613394425e-08  3.723457518005151e-06 
 3.630780547700909e+09  2.115959660502314e-05  8.408898482975136e-05  7.153943136512597e-05 -4.540648999157867e-07  8.349569772497102e-01 -4.953202320137405e-03  2.260320931943331e-08  3.810160676838543e-06 
 3.715352290971618e+09  2.301081709909867e-05  8.389064369216127e-05  7.153888559490331e-05 -4.646270740263933e-07  8.349507109454757e-01 -5.068412373367968e-03  2.366769597040986e-08  3.898881458894029e-06 
 3.801893963205502e+09  2.484919009606032e-05  8.365298835803775e-05  7.153831411228755e-05 -4.754342102675303e-07  8.349441494170122e-01 -5.186293805967217e-03  2.478227406898015e-08  3.989666721168248e-06 
 3.890451449942693e+09  2.667293767689712e-05  8.337684026062716e-05  7.153771570896894e-05 -4.864919373854821e-07  8.349372787907337e-01 -5.306907955667733e-03  2.594929688161301e-08  4.082564402151075e-06 
 3.981071705534857e+09  2.848034212008730e-05  8.306311572999677e-05  7.153708912010605e-05 -4.978060097504476e-07  8.349300845439791e-01 -5.430317525892263e-03  2.717122785769480e-08  4.177623546309188e-06 
 4.073802778041009e+09  3.026975202113912e-05  8.271282067695580e-05  7.153643302169804e-05 -5.093823098963335e-07  8.349225514748433e-01 -5.556586613125383e-03  2.845064575287793e-08  4.274894329089750e-06 
 4.168693834703233e+09  3.203958786768500e-05  8.232704483553180e-05  7.153574602783633e-05 -5.212268510922558e-07  8.349146636706225e-01 -5.685780734607336e-03  2.979024998723469e-08  4.374428082452778e-06 
 4.265795188015802e+09  3.378834703640272e-05  8.190695562623691e-05  7.153502668783029e-05 -5.333457799445218e-07  8.349064044748115e-01 -5.817966856334881e-03  3.119286624864408e-08  4.476277320940734e-06 
 4.365158322401532e+09  3.551460818585119e-05  8.145379170470300e-05  7.153427348320116e-05 -5.457453790277052e-07  8.348977564525909e-01 -5.953213421352271e-03  3.266145235226956e-08  4.580495768293800e-06 
 4.466835921509501e+09  3.721703502713352e-05  8.096885626166840e-05  7.153348482453853e-05 -5.584320695432494e-07  8.348887013547357e-01 -6.091590378313284e-03  3.419910436743086e-08  4.687138384619215e-06 
 4.570881896148617e+09  3.889437946214310e-05  8.045351014058075e-05  7.153265904821354e-05 -5.714124140038464e-07  8.348792200798765e-01 -6.233169210293131e-03  3.580906302363209e-08  4.796261394122955e-06 
 4.677351412871845e+09  4.054548408677167e-05  7.990916483840190e-05  7.153179441294216e-05 -5.846931189416244e-07  8.348692926350426e-01 -6.378022963826602e-03  3.749472040798282e-08  4.907922313411899e-06 
 4.786300923226243e+09  4.216928406368870e-05  7.933727545370294e-05  7.153088909619231e-05 -5.982810376379707e-07  8.348588980944096e-01 -6.526226278146248e-03  3.925962696673764e-08  5.022179980374477e-06 
 4.897788193684319e+09  4.376480837622721e-05  7.873933364360200e-05  7.152994119042779e-05 -6.121831728725736e-07  8.348480145561744e-01 -6.677855414591858e-03  4.110749882418456e-08  5.139094583647612e-06 
 5.011872336272576e+09  4.533118048116855e-05  7.811686064801624e-05  7.152894869918198e-05 -6.264066796889923e-07  8.348366190974779e-01 -6.832988286159019e-03  4.304222543262817e-08  5.258727692677547e-06 
 5.128613839913499e+09  4.686761838395447e-05  7.747140043581190e-05  7.152790953295468e-05 -6.409588681738372e-07  8.348246877272915e-01 -6.991704487152107e-03  4.506787756775118e-08  5.381142288381979e-06 
 5.248074602497573e+09  4.837343416482694e-05  7.680451302317881e-05  7.152682150492305e-05 -6.558472062462929e-07  8.348121953371754e-01 -7.154085322902944e-03  4.718871568418077e-08  5.506402794420490e-06 
 5.370317963702371e+09  4.984803298878691e-05  7.611776800964551e-05  7.152568232646023e-05 -6.710793224544262e-07  8.347991156498262e-01 -7.320213839512977e-03  4.940919864664938e-08  5.634575109080181e-06 
 5.495408738576085e+09  5.129091163574631e-05  7.541273837218956e-05  7.152448960245262e-05 -6.866630087744031e-07  8.347854211653120e-01 -7.490174853573197e-03  5.173399285271638e-08  5.765726637782833e-06 
 5.623413251903326e+09  5.270165659015404e-05  7.469099455249852e-05  7.152324082640767e-05 -7.026062234083127e-07  8.347710831049031e-01 -7.664054981811029e-03  5.416798176360003e-08  5.899926326219722e-06 
 5.754399373371401e+09  5.407994173139260e-05  7.395409886715897e-05  7.152193337534306e-05 -7.189170935759626e-07  8.347560713523946e-01 -7.841942670609633e-03  5.671627586027403e-08  6.037244694119649e-06 
 5.888436553555717e+09  5.542552566769949e-05  7.320360026504609e-05  7.152056450444858e-05 -7.356039182955740e-07  8.347403543928165e-01 -8.023928225339965e-03  5.938422304259290e-08  6.177753869655332e-06 
 6.025595860743402e+09  5.673824875702728e-05  7.244102945099074e-05  7.151913134151094e-05 -7.526751711478110e-07  8.347238992484246e-01 -8.210103839440217e-03  6.217741948982907e-08  6.321527624492771e-06 
 6.165950018614641e+09  5.801802985836001e-05  7.166789438962004e-05  7.151763088109212e-05 -7.701395030171738e-07  8.347066714118596e-01 -8.400563623172678e-03  6.510172100164243e-08  6.468641409487551e-06 
 6.309573444801747e+09  5.926486285651183e-05  7.088567619841494e-05  7.151605997845052e-05 -7.880057448041784e-07  8.346886347763562e-01 -8.595403631980924e-03  6.816325483913396e-08  6.619172391031491e-06 
 6.456542290346366e+09  6.047881300244861e-05  7.009582543438732e-05  7.151441534319557e-05 -8.062829101012771e-07  8.346697515628890e-01 -8.794721894364895e-03  7.136843208628751e-08  6.773199488052248e-06 
 6.606934480075767e+09  6.166001310969583e-05  6.929975877460848e-05  7.151269353266384e-05 -8.249801978248028e-07  8.346499822441238e-01 -8.998618439183662e-03  7.472396055274669e-08  6.930803409667774e-06 
 6.760829753919620e+09  6.280865964561019e-05  6.849885608684931e-05  7.151089094500653e-05 -8.441069947946345e-07  8.346292854650535e-01 -9.207195322288950e-03  7.823685823952933e-08  7.092066693496639e-06 
 6.918309709189162e+09  6.392500875411535e-05  6.769445788318373e-05  7.150900381197650e-05 -8.636728782525972e-07  8.346076179601861e-01 -9.420556652384485e-03  8.191446738993141e-08  7.257073744624312e-06 
 7.079457843841171e+09  6.500937224413738e-05  6.688786314628918e-05  7.150702819140302e-05 -8.836876183098509e-07  8.345849344671468e-01 -9.638808615997614e-03  8.576446914851838e-08  7.425910875224518e-06 
 7.244359600749688e+09  6.606211357536667e-05  6.608032751557062e-05  7.150495995934234e-05 -9.041611803127867e-07  8.345611876365594e-01 -9.862059501441046e-03  8.979489885174482e-08  7.598666344833623e-06 
 7.413102413008958e+09  6.708364387030569e-05  6.527306181790555e-05  7.150279480189182e-05 -9.251037271161017e-07  8.345363279380640e-01 -1.009041972163283e-02  9.401416197437309e-08  7.775430401274920e-06 
 7.585775750291615e+09  6.807441797873809e-05  6.446723092604295e-05  7.150052820665459e-05 -9.465256212508438e-07  8.345103035623233e-01 -1.032400183563254e-02  9.843105075647804e-08  7.956295322228308e-06 
 7.762471166286690e+09  6.903493061796046e-05  6.366395292619228e-05  7.149815545384173e-05 -9.684374269742701e-07  8.344830603188690e-01 -1.056292056874071e-02  1.030547615364223e-07  8.141355457439518e-06 
 7.943282347242582e+09  6.996571260933988e-05  6.286429857518911e-05  7.149567160699885e-05 -9.908499121873901e-07  8.344545415296356e-01 -1.080729283099727e-02  1.078949128157617e-07  8.330707271561559e-06 
 8.128305161640754e+09  7.086732722900226e-05  6.206929102691629e-05  7.149307150334357e-05 -1.013774050204938e-06  8.344246879180263e-01 -1.105723773390187e-02  1.129615640825806e-07  8.524449387619402e-06 
 8.317637711026465e+09  7.174036668780911e-05  6.127990580717159e-05  7.149034974369952e-05 -1.037221021361454e-06  8.343934374933492e-01 -1.131287660516670e-02  1.182652354202703e-07  8.722682631087243e-06 
 8.511380382023514e+09  7.258544875326125e-05  6.049707101596274e-05  7.148750068201325e-05 -1.061202214435884e-06  8.343607254304647e-01 -1.157433300129744e-02  1.238169279292196e-07  8.925510074565737e-06 
 8.709635899560549e+09  7.340321352354722e-05  5.972166773630965e-05  7.148451841443964e-05 -1.085729227875872e-06  8.343264839444793e-01 -1.184173271778437e-02  1.296281449893108e-07  9.133037083044716e-06 
 8.912509381337191e+09  7.419432036171552e-05  5.895453062889550e-05  7.148139676798090e-05 -1.110813870801496e-06  8.342906421603167e-01 -1.211520379666865e-02  1.357109143914547e-07  9.345371359734643e-06 
 9.120108393558826e+09  7.495944499586641e-05  5.819644869235512e-05  7.147812928866544e-05 -1.136468163766833e-06  8.342531259770039e-01 -1.239487653123338e-02  1.420778113666935e-07  9.562622992447856e-06 
 9.332543007969633e+09  7.569927678933164e-05  5.744816616966242e-05  7.147470922925036e-05 -1.162704339256104e-06  8.342138579264947e-01 -1.268088346755010e-02  1.487419825415932e-07  9.784904500508095e-06 
 9.549925860214075e+09  7.641451618308737e-05  5.671038358175870e-05  7.147112953643473e-05 -1.189534841889636e-06  8.341727570268707e-01 -1.297335940259399e-02  1.557171708487701e-07  1.001233088216433e-05 
 9.772372209557816e+09  7.710587231106293e-05  5.598375887050138e-05  7.146738283756684e-05 -1.216972328313007e-06  8.341297386297404e-01 -1.327244137861950e-02  1.630177414213840e-07  1.024501966248199e-05 
 9.999999999999702e+09  7.777406078762597e-05  5.526890863387880e-05  7.146346142683202e-05 -1.245029666741090e-06  8.340847142616733e-01 -1.357826867346907e-02  1.706587085003399e-07  1.048309094168173e-05 
 1.023292992280724e+10  7.841980166529695e-05  5.456640943747499e-05  7.145935725090594e-05 -1.273719936126636e-06  8.340375914594981e-01 -1.389098278646362e-02  1.786557633826706e-07  1.072666744389282e-05 
 1.047128548050868e+10  7.904381755968251e-05  5.387679918717690e-05  7.145506189405882e-05 -1.303056424921078e-06  8.339882735993018e-01 -1.421072741950118e-02  1.870253034391866e-07  1.097587456628475e-05 
 1.071519305237574e+10  7.964683193770428e-05  5.320057854918638e-05  7.145056656269670e-05 -1.333052629393088e-06  8.339366597189655e-01 -1.453764845296504e-02  1.957844622289050e-07  1.123084042853714e-05 
 1.096478196143152e+10  8.022956756444288e-05  5.253821240443974e-05  7.144586206932591e-05 -1.363722251468093e-06  8.338826443340797e-01 -1.487189391601605e-02  2.049511407369981e-07  1.149169592260422e-05 
 1.122018454301930e+10  8.079274510327424e-05  5.189013132560097e-05  7.144093881592723e-05 -1.395079196049677e-06  8.338261172470884e-01 -1.521361395081759e-02  2.145440397620489e-07  1.175857476272627e-05 
 1.148153621496848e+10  8.133708186348193e-05  5.125673306580379e-05  7.143578677672753e-05 -1.427137567781188e-06  8.337669633495159e-01 -1.556296077021145e-02  2.245826934771647e-07  1.203161353563602e-05 
 1.174897554939494e+10  8.186329068912171e-05  5.063838404934562e-05  7.143039548035690e-05 -1.459911667203298e-06  8.337050624171408e-01 -1.592008860833368e-02  2.350875041880408e-07  1.231095175090372e-05 
 1.202264434617377e+10  8.237207898263626e-05  5.003542085546374e-05  7.142475399138002e-05 -1.493415986260488e-06  8.336402888979919e-01 -1.628515366362687e-02  2.460797783092941e-07  1.259673189135977e-05 
 1.230268770812345e+10  8.286414785650816e-05  4.944815168727567e-05  7.141885089119206e-05 -1.527665203106523e-06  8.335725116930515e-01 -1.665831403367252e-02  2.575817635782922e-07  1.288909946352892e-05 
 1.258925411794130e+10  8.334019140612792e-05  4.887685781880791e-05  7.141267425827072e-05 -1.562674176156011e-06  8.335015939295694e-01 -1.703972964123258e-02  2.696166875232704e-07  1.318820304800513e-05 
 1.288249551693095e+10  8.380089609700167e-05  4.832179501389372e-05  7.140621164777659e-05 -1.598457937325904e-06  8.334273927269010e-01 -1.742956215085184e-02  2.822087971996732e-07  1.349419434969018e-05 
 1.318256738556368e+10  8.424694025944729e-05  4.778319491142917e-05  7.139945007049694e-05 -1.635031684407590e-06  8.333497589548136e-01 -1.782797487533659e-02  2.953834002054092e-07  1.380722824781422e-05 
 1.348962882591613e+10  8.467899368398508e-05  4.726126637225467e-05  7.139237597112902e-05 -1.672410772506766e-06  8.332685369842121e-01 -1.823513267138409e-02  3.091669069819524e-07  1.412746284564999e-05 
 1.380384264602843e+10  8.509771731074813e-05  4.675619678354498e-05  7.138497520590124e-05 -1.710610704484748e-06  8.331835644302737e-01 -1.865120182359786e-02  3.235868744039821e-07  1.445505951982658e-05 
 1.412537544622712e+10  8.550376300639035e-05  4.626815331718794e-05  7.137723301953388e-05 -1.749647120331200e-06  8.330946718880039e-01 -1.907634991608059e-02  3.386720506554228e-07  1.479018296914233e-05 
 1.445439770745884e+10  8.589777342213910e-05  4.579728413923259e-05  7.136913402154240e-05 -1.789535785394449e-06  8.330016826602527e-01 -1.951074569075305e-02  3.544524213843126e-07  1.513300126276958e-05 
 1.479108388168163e+10  8.628038192685914e-05  4.534371956789303e-05  7.136066216189111e-05 -1.830292577391719e-06  8.329044124782815e-01 -1.995455889150319e-02  3.709592571228411e-07  1.548368588773777e-05 
 1.513561248436163e+10  8.665221260919109e-05  4.490757317816470e-05  7.135180070600663e-05 -1.871933472117527e-06  8.328026692149901e-01 -2.040796009322226e-02  3.882251619520475e-07  1.584241179557378e-05 
 1.548816618912435e+10  8.701388034309031e-05  4.448894285137031e-05  7.134253220916671e-05 -1.914474527764425e-06  8.326962525909799e-01 -2.087112051473848e-02  4.062841233830675e-07  1.620935744797206e-05 
 1.584893192461066e+10  8.736599091130273e-05  4.408791176842819e-05  7.133283849028198e-05 -1.957931867766136e-06  8.325849538736606e-01 -2.134421181461083e-02  4.251715634183525e-07  1.658470486135910e-05 
 1.621810097358881e+10  8.770914118157846e-05  4.370454934587162e-05  7.132270060509490e-05 -2.002321662068788e-06  8.324685555696768e-01 -2.182740586869574e-02  4.449243907468842e-07  1.696863965021021e-05 
 1.659586907437510e+10  8.804391933065748e-05  4.333891211394178e-05  7.131209881882447e-05 -2.047660106731818e-06  8.323468311109847e-01 -2.232087452835179e-02  4.655810540170525e-07  1.736135106896862e-05 
 1.698243652461693e+10  8.837090511130299e-05  4.299104453632581e-05  7.130101257829095e-05 -2.093963401755684e-06  8.322195445349759e-01 -2.282478935809644e-02  4.871815961194021e-07  1.776303205240987e-05 
 1.737800828749323e+10  8.869067015789350e-05  4.266097977128087e-05  7.128942048356262e-05 -2.141247727029364e-06  8.320864501591255e-01 -2.333932135148120e-02  5.097677093988920e-07  1.817387925428704e-05 
 1.778279410038869e+10  8.900377832630724e-05  4.234874037407193e-05  7.127730025917216e-05 -2.189529216286332e-06  8.319472922507198e-01 -2.386464062390183e-02  5.333827917025011e-07  1.859409308408510e-05 
 1.819700858609929e+10  8.931078606404519e-05  4.205433894080892e-05  7.126462872495848e-05 -2.238823928953524e-06  8.318018046923020e-01 -2.440091608101255e-02  5.580720031529007e-07  1.902387774170570e-05 
 1.862087136662811e+10  8.961224280674595e-05  4.177777869383352e-05  7.125138176659896e-05 -2.289147819773885e-06  8.316497106435835e-01 -2.494831506136771e-02  5.838823235224443e-07  1.946344124989691e-05 
 1.905460717963190e+10  8.990869139742562e-05  4.151905400895112e-05  7.123753430590527e-05 -2.340516706079163e-06  8.314907222006638e-01 -2.550700295186925e-02  6.108626100637462e-07  1.991299548423616e-05 
 1.949844599757986e+10  9.020066852495550e-05  4.127815088484687e-05  7.122306027096632e-05 -2.392946232586009e-06  8.313245400535220e-01 -2.607714277455699e-02  6.390636556335960e-07  2.037275620046845e-05 
 1.995262314968819e+10  9.048870517844283e-05  4.105504735507017e-05  7.120793256623337e-05 -2.446451833585233e-06  8.311508531428680e-01 -2.665889474324140e-02  6.685382469258256e-07  2.084294305899700e-05 
 2.041737944669468e+10  9.077332711432122e-05  4.084971384304698e-05  7.119212304265273e-05 -2.501048692390966e-06  8.309693383175714e-01 -2.725241578844305e-02  6.993412226058087e-07  2.132377964631870e-05 
 2.089296130853976e+10  9.105505533307935e-05  4.066211346056128e-05  7.117560246796542e-05 -2.556751697914194e-06  8.307796599940394e-01 -2.785785904907656e-02  7.315295311146421e-07  2.181549349319297e-05 
 2.137962089502167e+10  9.133440656266433e-05  4.049220225019897e-05  7.115834049730614e-05 -2.613575398222926e-06  8.305814698190639e-01 -2.847537332929136e-02  7.651622878844028e-07  2.231831608933064e-05 
 2.187761623949486e+10  9.161189374567651e-05  4.033992937223110e-05  7.114030564424856e-05 -2.671533950950297e-06  8.303744063378329e-01 -2.910510251887043e-02  8.003008316774512e-07  2.283248289438740e-05 
 2.238721138568272e+10  9.188802652755150e-05  4.020523723643635e-05  7.112146525245967e-05 -2.730641070410926e-06  8.301580946689735e-01 -2.974718497557680e-02  8.370087797320722e-07  2.335823334504729e-05 
 2.290867652767703e+10  9.216331174296687e-05  4.008806157933827e-05  7.110178546814289e-05 -2.790909971286584e-06  8.299321461886955e-01 -3.040175286784603e-02  8.753520813642662e-07  2.389581085798322e-05 
 2.344228815319851e+10  9.243825389774845e-05  3.998833148735667e-05  7.108123121346679e-05 -2.852353308743242e-06  8.296961582262999e-01 -3.106893147623431e-02  9.153990696406773e-07  2.444546282848554e-05 
 2.398832919019417e+10  9.271335564356907e-05  3.990596936634385e-05  7.105976616119610e-05 -2.914983114844164e-06  8.294497137735416e-01 -3.174883845206147e-02  9.572205107008357e-07  2.500744062455608e-05 
 2.454708915684955e+10  9.298911824272402e-05  3.984089085799784e-05  7.103735271076082e-05 -2.978810731127503e-06  8.291923812105603e-01 -3.244158303173181e-02  1.000889650267900e-06  2.558199957627350e-05 
 2.511886431509503e+10  9.326604202025468e-05  3.979300470365122e-05  7.101395196602069e-05 -3.043846737221999e-06  8.289237140513355e-01 -3.314726520527463e-02  1.046482256845937e-06  2.616939896024776e-05 
 2.570395782768785e+10  9.354462680065418e-05  3.976221255592993e-05  7.098952371500446e-05 -3.110100875381419e-06  8.286432507118823e-01 -3.386597483772688e-02  1.094076661058642e-06  2.676990197899649e-05 
 2.630267991895301e+10  9.382537232633779e-05  3.974840873881376e-05  7.096402641192649e-05 -3.177581970827041e-06  8.283505143046629e-01 -3.459779074207989e-02  1.143753790539133e-06  2.738377573509438e-05 
 2.691534803926833e+10  9.410877865499782e-05  3.975147995666720e-05  7.093741716180746e-05 -3.246297847798319e-06  8.280450124629719e-01 -3.534277970263678e-02  1.195597199733456e-06  2.801129119996978e-05 
 2.754228703338082e+10  9.439534653287864e-05  3.977130495283754e-05  7.090965170805076e-05 -3.316255241225106e-06  8.277262371993399e-01 -3.610099544777848e-02  1.249693093931573e-06  2.865272317724955e-05 
 2.818382931264367e+10  9.468557774092219e-05  3.980775411851326e-05  7.088068442335175e-05 -3.387459703950176e-06  8.273936648022910e-01 -3.687247757131369e-02  1.306130346789228e-06  2.930835026058540e-05 
 2.884031503126517e+10  9.497997541062196e-05  3.986068905256831e-05  7.085046830434477e-05 -3.459915509449573e-06  8.270467557761083e-01 -3.765725040180270e-02  1.365000510552564e-06  2.997845478593276e-05 
 2.951209226666295e+10  9.527904430632171e-05  3.992996207327188e-05  7.081895497041778e-05 -3.533625550019262e-06  8.266849548285504e-01 -3.845532181948659e-02  1.426397818144595e-06  3.066332277829610e-05 
 3.019951720401923e+10  9.558329107056192e-05  4.001541568282020e-05  7.078609466715378e-05 -3.608591230421643e-06  8.263076909117991e-01 -3.926668202074073e-02  1.490419176219601e-06  3.136324389300536e-05 
 3.090295432513495e+10  9.589322442895788e-05  4.011688198581925e-05  7.075183627488354e-05 -3.684812357013451e-06  8.259143773222098e-01 -4.009130223029318e-02  1.557164148238116e-06  3.207851135164390e-05 
 3.162277660168282e+10  9.620935535095720e-05  4.023418206300593e-05  7.071612732286348e-05 -3.762287022408696e-06  8.255044118647680e-01 -4.092913336181717e-02  1.626734926562254e-06  3.280942187281368e-05 
 3.235936569296183e+10  9.653219716269584e-05  4.036712530170256e-05  7.067891400961683e-05 -3.841011485766275e-06  8.250771770884445e-01 -4.178010462792058e-02  1.699236292519247e-06  3.355627559799495e-05 
 3.311311214825809e+10  9.686226560803408e-05  4.051550868471897e-05  7.064014123000404e-05 -3.920980048832420e-06  8.246320405989521e-01 -4.264412210102052e-02  1.774775563330924e-06  3.431937601283854e-05 
 3.388441561391921e+10  9.720007885373447e-05  4.067911603968753e-05  7.059975260961083e-05 -4.002184927912897e-06  8.241683554556720e-01 -4.352106722710564e-02  1.853462524759248e-06  3.509902986431856e-05 
 3.467368504525209e+10  9.754615743461851e-05  4.085771725110128e-05  7.055769054706688e-05 -4.084616121999716e-06  8.236854606597935e-01 -4.441079529496100e-02  1.935409348273951e-06  3.589554707427218e-05 
 3.548133892335645e+10  9.790102413443788e-05  4.105106743765539e-05  7.051389626492620e-05 -4.168261277331704e-06  8.231826817409299e-01 -4.531313386405775e-02  2.020730491508776e-06  3.670924064996184e-05 
 3.630780547700901e+10  9.826520379809977e-05  4.125890609786235e-05  7.046830986975995e-05 -4.253105548728147e-06  8.226593314496815e-01 -4.622788115499723e-02  2.109542580738958e-06  3.754042659241375e-05 
 3.715352290971610e+10  9.863922307082200e-05  4.148095622729531e-05  7.042087042212410e-05 -4.339131458099642e-06  8.221147105637742e-01 -4.715480440714566e-02  2.201964274085770e-06  3.838942380341611e-05 
 3.801893963205494e+10  9.902361005974816e-05  4.171692341127173e-05  7.037151601707509e-05 -4.426318750610649e-06  8.215481088155034e-01 -4.809363820890305e-02  2.298116104135399e-06  3.925655399219873e-05 
 3.890451449942685e+10  9.941889391353978e-05  4.196649489724131e-05  7.032018387591070e-05 -4.514644249043893e-06  8.209588059482766e-01 -4.904408280691971e-02  2.398120298651020e-06  4.014214158296665e-05 
 3.981071705534849e+10  9.982560431549095e-05  4.222933865167108e-05  7.026681044981141e-05 -4.604081706997398e-06  8.203460729100143e-01 -5.000580240150021e-02  2.502100578059821e-06  4.104651362461898e-05 
 4.073802778041000e+10  1.002442708857820e-04  4.250510240674697e-05  7.021133153604949e-05 -4.694601661630764e-06  8.197091731910889e-01 -5.097842343642009e-02  2.610181928413127e-06  4.196999970415491e-05 
 4.168693834703224e+10  1.006754224886019e-04  4.279341270280652e-05  7.015368240741725e-05 -4.786171286767955e-06  8.190473643142819e-01 -5.196153289242308e-02  2.722490348549376e-06  4.291293186544678e-05 
 4.265795188015794e+10  1.011195864400565e-04  4.309387393300897e-05  7.009379795549947e-05 -4.878754247258303e-06  8.183598994839596e-01 -5.295467659475083e-02  2.839152570238161e-06  4.387564453524813e-05 
 4.365158322401524e+10  1.015772876130098e-04  4.340606739739504e-05  7.003161284838232e-05 -4.972310555596446e-06  8.176460294012695e-01 -5.395735754619500e-02  2.960295750151513e-06  4.485847445849895e-05 
 4.466835921509492e+10  1.020490474353314e-04  4.372955037413672e-05  6.996706170334380e-05 -5.066796431903030e-06  8.169050042516326e-01 -5.496903429832362e-02  3.086047132597298e-06  4.586176064519145e-05 
 4.570881896148608e+10  1.025353827783998e-04  4.406385521645737e-05  6.990007927501366e-05 -5.162164168472206e-06  8.161360758701438e-01 -5.598911937473013e-02  3.216533682061854e-06  4.688584433126405e-05 
 4.677351412871836e+10  1.030368047332025e-04  4.440848848437219e-05  6.983060065942129e-05 -5.258362000196571e-06  8.153385000896940e-01 -5.701697776135608e-02  3.351881684746169e-06  4.793106895619957e-05 
 4.786300923226234e+10  1.035538172719316e-04  4.476293012109443e-05  6.975856151426384e-05 -5.355333982285242e-06  8.145115392756432e-01 -5.805192548014502e-02  3.492216318444429e-06  4.899778016020974e-05 
 4.897788193684309e+10  1.040869157936514e-04  4.512663268460751e-05  6.968389829562978e-05 -5.453019876793734e-06  8.136544650497518e-01 -5.909322826346838e-02  3.637661190306894e-06  5.008632580409312e-05 
 5.011872336272565e+10  1.046365855533784e-04  4.549902064557467e-05  6.960654851129659e-05 -5.551355049584593e-06  8.127665612047416e-01 -6.014010034791608e-02  3.788337842253079e-06  5.119705601505101e-05 
 5.128613839913487e+10  1.052032999747994e-04  4.587948976335461e-05  6.952645099059128e-05 -5.650270379432610e-06  8.118471268093672e-01 -6.119170340713508e-02  3.944365224056795e-06  5.233032326193448e-05 
 5.248074602497561e+10  1.057875188478480e-04  4.626740655248543e-05  6.944354617065348e-05 -5.749692181076101e-06  8.108954795021632e-01 -6.224714564440556e-02  4.105859134413034e-06  5.348648246356931e-05 
 5.370317963702358e+10  1.063896864134644e-04  4.666210785248392e-05  6.935777639877690e-05 -5.849542144094159e-06  8.099109589701511e-01 -6.330548106654579e-02  4.272931630618625e-06  5.466589113396219e-05 
 5.495408738576073e+10  1.070102293390879e-04  4.706290051425974e-05  6.926908625032167e-05 -5.949737289556162e-06  8.088929306066815e-01 -6.436570896149924e-02  4.445690407854011e-06  5.586890956832336e-05 
 5.623413251903313e+10  1.076495545897665e-04  4.746906121675709e-05  6.917742286149131e-05 -6.050189946441490e-06  8.078407893403109e-01 -6.542677360255064e-02  4.624238149441771e-06  5.709590107394575e-05 
 5.754399373371387e+10  1.083080472012146e-04  4.787983642766713e-05  6.908273627605262e-05 -6.150807749861599e-06  8.067539636241249e-01 -6.648756420251105e-02  4.808671849877540e-06  5.834723225005010e-05 
 5.888436553555704e+10  1.089860679626937e-04  4.829444252212025e-05  6.898497980484612e-05 -6.251493663130730e-06  8.056319195722832e-01 -6.754691514137344e-02  4.999082112878964e-06  5.962327332073696e-05 
 6.025595860743387e+10  1.096839510192324e-04  4.871206607320923e-05  6.888411039668965e-05 -6.352146025722042e-06  8.044741652277341e-01 -6.860360649083143e-02  5.195552427175156e-06  6.092439852517091e-05 
 6.165950018614626e+10  1.104020014044215e-04  4.913186432791778e-05  6.878008901902222e-05 -6.452658629110095e-06  8.032802549421202e-01 -6.965636485864149e-02  5.398158423258986e-06  6.225098656905693e-05 
 6.309573444801733e+10  1.111404925168002e-04  4.955296588161168e-05  6.867288104636776e-05 -6.552920822435805e-06  8.020497938458192e-01 -7.070386457506392e-02  5.606967114843177e-06  6.360342114134502e-05 
 6.456542290346350e+10  1.118996635546769e-04  4.997447156355666e-05  6.856245665442802e-05 -6.652817649832824e-06  8.007824423829571e-01 -7.174472924250068e-02  5.822036129292104e-06  6.498209149991443e-05 
 6.606934480075750e+10  1.126797169260728e-04  5.039545554505849e-05  6.844879121733655e-05 -6.752230021122715e-06  7.994779208830485e-01 -7.277753366793682e-02  6.043412931838081e-06  6.638739312973550e-05 
 6.760829753919602e+10  1.134808156523131e-04  5.081496668066285e-05  6.833186570533316e-05 -6.851034917417766e-06  7.981360141377812e-01 -7.380080619585436e-02  6.271134048925369e-06  6.781972847668275e-05 
 6.918309709189143e+10  1.143030807855897e-04  5.123203009146487e-05  6.821166707984837e-05 -6.949105632963234e-06  7.967565759483741e-01 -7.481303145690883e-02  6.505224296548474e-06  6.927950775977299e-05 
 7.079457843841153e+10  1.151465888625438e-04  5.164564899790214e-05  6.808818868273170e-05 -7.046312054303848e-06  7.953395336059791e-01 -7.581265354481984e-02  6.745696019953308e-06  7.076714986412483e-05 
 7.244359600749669e+10  1.160113694175325e-04  5.205480680747498e-05  6.796143061611476e-05 -7.142520977571686e-06  7.938848922648308e-01 -7.679807963062103e-02  6.992548351539276e-06  7.228308331637906e-05 
 7.413102413008937e+10  1.168974025807021e-04  5.245846946062414e-05  6.783140010918285e-05 -7.237596464364880e-06  7.923927391653384e-01 -7.776768401964948e-02  7.245766494226511e-06  7.382774734368501e-05 
 7.585775750291594e+10  1.178046167872651e-04  5.285558803552030e-05  6.769811186793935e-05 -7.331400236319205e-06  7.908632476621371e-01 -7.871981265243161e-02  7.505321037921856e-06  7.540159301664552e-05 
 7.762471166286668e+10  1.187328866254080e-04  5.324510160980815e-05  6.756158840389162e-05 -7.423792108069738e-06  7.892966810103392e-01 -7.965278804597140e-02  7.771167317018067e-06  7.700508447582867e-05 
 7.943282347242560e+10  1.196820308510070e-04  5.362594037437488e-05  6.742186033747606e-05 -7.514630457860917e-06  7.876933958619386e-01 -8.056491466690176e-02  8.043244817080412e-06  7.863870024060300e-05 
 8.128305161640732e+10  1.206518105977635e-04  5.399702899107026e-05  6.727896667197378e-05 -7.603772734593303e-06  7.860538454235754e-01 -8.145448472256060e-02  8.321476639000135e-06  8.030293459814126e-05 
 8.317637711026443e+10  1.216419278114306e-04  5.435729018297027e-05  6.713295503365999e-05 -7.691075999600942e-06  7.843785822267542e-01 -8.231978435036900e-02  8.605769028914395e-06  8.199829906947815e-05 
 8.511380382023491e+10  1.226520239364703e-04  5.470564854232255e-05  6.698388187397752e-05 -7.776397500939169e-06  7.826682604621770e-01 -8.315910017998408e-02  8.896010982095718e-06  8.372532394851084e-05 
 8.709635899560526e+10  1.236816788827112e-04  5.504103453778155e-05  6.683181262964074e-05 -7.859595277437703e-06  7.809236378311625e-01 -8.397072623666441e-02  9.192073928791614e-06  8.548455990881156e-05 
 8.912509381337167e+10  1.247304102983452e-04  5.536238869899273e-05  6.667682183675713e-05 -7.940528789245625e-06  7.791455768692197e-01 -8.475297114821589e-02  9.493811509639161e-06  8.727657967209686e-05 
 9.120108393558803e+10  1.257976731738993e-04  5.566866595307066e-05  6.651899319530861e-05 -8.019059571072456e-06  7.773350456997632e-01 -8.550416561188337e-02  9.801059447784001e-06  8.910197973118558e-05 
 9.332543007969609e+10  1.268828597996186e-04  5.595884008412429e-05  6.635841958065983e-05 -8.095051903824567e-06  7.754931181797050e-01 -8.622267007174933e-02  1.011363552419732e-05  9.096138211929680e-05 
 9.549925860214050e+10  1.279853000960162e-04  5.623190828375635e-05  6.619520299916151e-05 -8.168373499856911e-06  7.736209734032532e-01 -8.690688255169471e-02  1.043133966190497e-05  9.285543621661206e-05 
 9.772372209557790e+10  1.291042623341850e-04  5.648689575751631e-05  6.602945448538485e-05 -8.238896196619955e-06  7.717198945356354e-01 -8.755524658391876e-02  1.075395412392694e-05  9.478482058417146e-05 
 9.999999999999675e+10  1.302389542588546e-04  5.672286034963870e-05  6.586129393906251e-05 -8.306496653090273e-06  7.697912669546655e-01 -8.816625916851668e-02  1.108124382867644e-05  9.675024481441808e-05 
 1.023292992280721e+11  1.313885246231442e-04  5.693889714618766e-05  6.569084990040970e-05 -8.371057043041392e-06  7.678365756849378e-01 -8.873847869580063e-02  1.141295678539819e-05  9.875245138706171e-05 
 1.047128548050865e+11  1.325520651395642e-04  5.713414301495649e-05  6.551825926315529e-05 -8.432465738950935e-06  7.658574021169861e-01 -8.927053276005488e-02  1.174882465094864e-05  1.007922175184333e-04 
 1.071519305237572e+11  1.337286128471094e-04  5.730778103925852e-05  6.534366692531280e-05 -8.490617980157625e-06  7.638554200117836e-01 -8.976112579131952e-02  1.208856340785295e-05  1.028703569921498e-04 
 1.096478196143149e+11  1.349171528893323e-04  5.745904480211298e-05  6.516722537845771e-05 -8.545416518788735e-06  7.618323907994305e-01 -9.020904643072832e-02  1.243187416213802e-05  1.049877219587363e-04 
 1.122018454301927e+11  1.361166216931889e-04  5.758722247732300e-05  6.498909423703866e-05 -8.596772236978245e-06  7.597901581896178e-01 -9.061317457492175e-02  1.277844405795687e-05  1.071452046918559e-04 
 1.148153621496845e+11  1.373259105332609e-04  5.769166068462188e-05  6.480943971001887e-05 -8.644604728996493e-06  7.577306421202984e-01 -9.097248801621341e-02  1.312794730451893e-05  1.093437392890034e-04 
 1.174897554939491e+11  1.385438694608232e-04  5.777176806740908e-05  6.462843401791142e-05 -8.688842842113480e-06  7.556558320798115e-01 -9.128606860749941e-02  1.348004630934575e-05  1.115843033049160e-04 
 1.202264434617374e+11  1.397693115721990e-04  5.782701855364275e-05  6.444625475901824e-05 -8.729425170322347e-06  7.535677798462838e-01 -9.155310788440005e-02  1.383439291041440e-05  1.138679193065559e-04 
 1.230268770812341e+11  1.410010175860586e-04  5.785695426316968e-05  6.426308422939626e-05 -8.766300495454541e-06  7.514685916963340e-01 -9.177291208177563e-02  1.419062969836133e-05  1.161956563393174e-04 
 1.258925411794126e+11  1.422377406948569e-04  5.786118802814117e-05  6.407910870173676e-05 -8.799428170719205e-06  7.493604201427237e-01 -9.194490648751624e-02  1.454839141862414e-05  1.185686312950933e-04 
 1.288249551693092e+11  1.434782116515741e-04  5.783940549712186e-05  6.389451766894548e-05 -8.828778442289850e-06  7.472454552675104e-01 -9.206863908329159e-02  1.490730644222799e-05  1.209880101739984e-04 
 1.318256738556364e+11  1.447211440494017e-04  5.779136679800979e-05  6.370950305873326e-05 -8.854332705232586e-06  7.451259157232618e-01 -9.214378342965919e-02  1.526699829290264e-05  1.234550092328590e-04 
 1.348962882591609e+11  1.459652397490951e-04  5.771690773984609e-05  6.352425842596322e-05 -8.876083690810149e-06  7.430040394799091e-01 -9.217014076143400e-02  1.562708721736694e-05  1.259708960150338e-04 
 1.380384264602839e+11  1.472091944064500e-04  5.761594053894337e-05  6.333897812983617e-05 -8.894035582991873e-06  7.408820743986719e-01 -9.214764126836719e-02  1.598719178496049e-05  1.285369902576895e-04 
 1.412537544622708e+11  1.484517030508103e-04  5.748845406038505e-05  6.315385650322634e-05 -8.908204062837806e-06  7.387622687171419e-01 -9.207634454581386e-02  1.634693050235384e-05  1.311546646742956e-04 
 1.445439770745880e+11  1.496914656647126e-04  5.733451357173365e-05  6.296908702159928e-05 -8.918616280287790e-06  7.366468615309857e-01 -9.195643920998109e-02  1.670592342883535e-05  1.338253456117952e-04 
 1.479108388168159e+11  1.509271927147464e-04  5.715426001165492e-05  6.278486147894596e-05 -8.925310753758624e-06  7.345380733577672e-01 -9.178824168237291e-02  1.706379377766482e-05  1.365505135836199e-04 
 1.513561248436158e+11  1.521576105844378e-04  5.694790878195338e-05  6.260136917805937e-05 -8.928337198816702e-06  7.324380968671383e-01 -9.157219415798039e-02  1.742016948919778e-05  1.393317036814073e-04 
 1.548816618912430e+11  1.533814668614598e-04  5.671574807716748e-05  6.241879614225585e-05 -8.927756288033968e-06  7.303490878590863e-01 -9.130886178142333e-02  1.777468476191812e-05  1.421705058699314e-04 
 1.584893192461061e+11  1.545975354336739e-04  5.645813677123536e-05  6.223732435531510e-05 -8.923639344934407e-06  7.282731565681566e-01 -9.099892906443675e-02  1.812698152815628e-05  1.450685651713225e-04 
 1.621810097358876e+11  1.558046213513802e-04  5.617550188574697e-05  6.205713103598510e-05 -8.916067975683722e-06  7.262123593666546e-01 -9.064319558666192e-02  1.847671086210534e-05  1.480275817461174e-04 
 1.659586907437506e+11  1.570015654166223e-04  5.586833566884338e-05  6.187838795288002e-05 -8.905133642851519e-06  7.241686909338793e-01 -9.024257102947836e-02  1.882353430875567e-05  1.510493108800092e-04 
 1.698243652461688e+11  1.581872484643878e-04  5.553719231783273e-05  6.170126078500465e-05 -8.890937186172502e-06  7.221440769516159e-01 -8.979806959947616e-02  1.916712512352840e-05  1.541355628863422e-04 
 1.737800828749318e+11  1.593605953049715e-04  5.518268438200619e-05  6.152590853247885e-05 -8.873588295741645e-06  7.201403673785327e-01 -8.931080390401240e-02  1.950716941367405e-05  1.572882029353968e-04 
 1.778279410038864e+11  1.605205783015286e-04  5.480547888490909e-05  6.135248298132552e-05 -8.853204943490779e-06  7.181593303479722e-01 -8.878197834603591e-02  1.984336717388617e-05  1.605091508223285e-04 
 1.819700858609923e+11  1.616662205618500e-04  5.440629320741609e-05  6.118112822544038e-05 -8.829912779106496e-06  7.162026467250691e-01 -8.821288210895684e-02  2.017543321003348e-05  1.638003806862396e-04 
 1.862087136662806e+11  1.627965987285284e-04  5.398589077437222e-05  6.101198024809611e-05 -8.803844496758717e-06  7.142719053503283e-01 -8.760488180474518e-02  2.050309794640528e-05  1.671639206932878e-04 
 1.905460717963184e+11  1.639108453568572e-04  5.354507658828218e-05  6.084516656456207e-05 -8.775139179117119e-06  7.123685989879445e-01 -8.695941385968396e-02  2.082610811336826e-05  1.706018526969529e-04 
 1.949844599757981e+11  1.650081508749118e-04  5.308469265358504e-05  6.068080592665952e-05 -8.743941625140693e-06  7.104941209883953e-01 -8.627797671229653e-02  2.114422731381786e-05  1.741163118886140e-04 
 1.995262314968813e+11  1.660877651252332e-04  5.260561333447284e-05  6.051900808933229e-05 -8.710401668038932e-06  7.086497626663407e-01 -8.556212289697263e-02  2.145723646824845e-05  1.777094864514286e-04 
 2.041737944669462e+11  1.671489984922523e-04  5.210874068803204e-05  6.035987363860801e-05 -8.674673489627723e-06  7.068367113867783e-01 -8.481345108480387e-02  2.176493413963940e-05  1.813836172301801e-04 
 2.089296130853970e+11  1.681912226240236e-04  5.159499981277608e-05  6.020349387966628e-05 -8.636914937047988e-06  7.050560493448201e-01 -8.403359815021108e-02  2.206713674064059e-05  1.851409974292709e-04 
 2.137962089502161e+11  1.692138707608924e-04  5.106533425044399e-05  6.004995078312392e-05 -8.597286847488114e-06  7.033087530175200e-01 -8.322423132819039e-02  2.236367862671805e-05  1.889839723504166e-04 
 2.187761623949480e+11  1.702164376873628e-04  5.052070147634269e-05  5.989931698710576e-05 -8.555952386164295e-06  7.015956932599365e-01 -8.238704052256152e-02  2.265441207997998e-05  1.929149391808540e-04 
 2.238721138568265e+11  1.711984793266268e-04  4.996206851057385e-05  5.975165585219167e-05 -8.513076402375364e-06  6.999176360121562e-01 -8.152373082057718e-02  2.293920718933070e-05  1.969363468420381e-04 
 2.290867652767697e+11  1.721596119999351e-04  4.939040767929233e-05  5.960702156592635e-05 -8.468824807972511e-06  6.982752435793445e-01 -8.063601526378306e-02  2.321795163338916e-05  2.010506959078864e-04 
 2.344228815319844e+11  1.730995113752150e-04  4.880669255175851e-05  5.946545929324486e-05 -8.423363982080089e-06  6.966690764430770e-01 -7.972560791922746e-02  2.349055037325710e-05  2.052605386006606e-04 
 2.398832919019410e+11  1.740179111310888e-04  4.821189407544790e-05  5.932700536890700e-05 -8.376860205382274e-06  6.950995955592203e-01 -7.879421728913236e-02  2.375692526272781e-05  2.095684788715755e-04 
 2.454708915684948e+11  1.749146013637039e-04  4.760697692793608e-05  5.919168752784486e-05 -8.329479126761818e-06  6.935671650954695e-01 -7.784354009106695e-02  2.401701458389323e-05  2.139771725722071e-04 
 2.511886431509496e+11  1.757894267645874e-04  4.699289610074492e-05  5.905952516920822e-05 -8.281385264550972e-06  6.920720555602818e-01 -7.687525543462403e-02  2.427077251633975e-05  2.184893277217633e-04 
 2.570395782768778e+11  1.766422845981044e-04  4.637059372688178e-05  5.893052964983675e-05 -8.232741544139334e-06  6.906144472743142e-01 -7.589101941468190e-02  2.451816854822941e-05  2.231077048742889e-04 
 2.630267991895294e+11  1.774731225070586e-04  4.574099616046464e-05  5.880470460289378e-05 -8.183708873186346e-06  6.891944341355445e-01 -7.489246013562803e-02  2.475918683755189e-05  2.278351175889280e-04 
 2.691534803926826e+11  1.782819361745689e-04  4.510501131366324e-05  5.868204627745525e-05 -8.134445755213892e-06  6.878120276299456e-01 -7.388117317550041e-02  2.499382553171539e-05  2.326744330054588e-04 
 2.754228703338074e+11  1.790687668696234e-04  4.446352625321591e-05  5.856254389495637e-05 -8.085107941912061e-06  6.864671610408357e-01 -7.285871749392302e-02  2.522209605343122e-05  2.376285725264717e-04 
 2.818382931264360e+11  1.798336989026956e-04  4.381740505604774e-05  5.844618001854848e-05 -8.035848124083125e-06  6.851596938117633e-01 -7.182661178303167e-02  2.544402236055311e-05  2.427005126067852e-04 
 2.884031503126509e+11  1.805768570165533e-04  4.316748692102787e-05  5.833293093160515e-05 -7.986815660777652e-06  6.838894160199394e-01 -7.078633125632751e-02  2.565964018716671e-05  2.478932856499856e-04 
 2.951209226666287e+11  1.812984037359363e-04  4.251458453168025e-05  5.822276702183202e-05 -7.938156345845098e-06  6.826560529197095e-01 -6.973930486659310e-02  2.586899627280348e-05  2.532099810113520e-04 
 3.019951720401915e+11  1.819985366981711e-04  4.185948266271213e-05  5.811565316767284e-05 -7.890012210829606e-06  6.814592695183102e-01 -6.868691294066324e-02  2.607214758618608e-05  2.586537461058748e-04 
 3.090295432513486e+11  1.826774859850731e-04  4.120293702154196e-05  5.801154912396086e-05 -7.842521362890916e-06  6.802986751491036e-01 -6.763048521596915e-02  2.626916054941308e-05  2.642277876196101e-04 
 3.162277660168273e+11  1.833355114746833e-04  4.054567331459874e-05  5.791040990402986e-05 -7.795817856219144e-06  6.791738280105530e-01 -6.657129926135753e-02  2.646011026796849e-05  2.699353728222180e-04 
 3.235936569296174e+11  1.839729002295533e-04  3.988838652701276e-05  5.781218615577338e-05 -7.750031595239756e-06  6.780842396423538e-01 -6.551057926271485e-02  2.664507977140728e-05  2.757798309782202e-04 
 3.311311214825800e+11  1.845899639364395e-04  3.923174040341402e-05  5.771682452941471e-05 -7.705288267769913e-06  6.770293793132992e-01 -6.444949515238511e-02  2.682415926903274e-05  2.817645548542663e-04 
 3.388441561391912e+11  1.851870364104385e-04  3.857636711688731e-05  5.762426803502120e-05 -7.661709306186121e-06  6.760086782985865e-01 -6.338916206021769e-02  2.699744542434706e-05  2.878930023195267e-04 
 3.467368504525200e+11  1.857644711748036e-04  3.792286711267757e-05  5.753445638806330e-05 -7.619411874595202e-06  6.750215340273403e-01 -6.233064006331366e-02  2.716504065154009e-05  2.941686980362178e-04 
 3.548133892335635e+11  1.863226391259570e-04  3.727180911298531e-05  5.744732634157389e-05 -7.578508879960851e-06  6.740673140840838e-01 -6.127493421109634e-02  2.732705243677652e-05  3.005952352372108e-04 
 3.630780547700891e+11  1.868619262915624e-04  3.662373026911661e-05  5.736281200370834e-05 -7.539109005125884e-06  6.731453600507036e-01 -6.022299480220607e-02  2.748359268656547e-05  3.071762775876770e-04 
 3.715352290971600e+11  1.873827316879655e-04  3.597913644733172e-05  5.728084513973651e-05 -7.501316761680716e-06  6.722549911781266e-01 -5.917571788985488e-02  2.763477710504252e-05  3.139155611277653e-04 
 3.801893963205483e+11  1.878854652818549e-04  3.533850263495829e-05  5.720135545771374e-05 -7.465232560660203e-06  6.713955078794140e-01 -5.813394599265662e-02  2.778072460157295e-05  3.208168962933969e-04 
 3.890451449942675e+11  1.883705460596501e-04  3.470227345367253e-05  5.712427087727665e-05 -7.430952799099675e-06  6.705661950382806e-01 -5.709846898852541e-02  2.792155672969337e-05  3.278841700123814e-04 
 3.981071705534838e+11  1.888384002068904e-04  3.407086376729111e-05  5.704951778119273e-05 -7.398569960544737e-06  6.697663251291549e-01 -5.607002516998673e-02  2.805739715805137e-05  3.351213478732088e-04 
 4.073802778040989e+11  1.892894593987806e-04  3.344465937193620e-05  5.697702124945722e-05 -7.368172727684857e-06  6.689951611468132e-01 -5.504930244013382e-02  2.818837117367773e-05  3.425324763640489e-04 
 4.168693834703213e+11  1.897241592020457e-04  3.282401775701961e-05  5.690670527587994e-05 -7.339846105366233e-06  6.682519593453351e-01 -5.403693962946518e-02  2.831460521763558e-05  3.501216851796833e-04 
 4.265795188015782e+11  1.901429375873608e-04  3.220926892612903e-05  5.683849296723482e-05 -7.313671552331577e-06  6.675359717876412e-01 -5.303352791492175e-02  2.843622645283179e-05  3.578931895943018e-04 
 4.365158322401511e+11  1.905462335508385e-04  3.160071626756536e-05  5.677230672516072e-05 -7.289727120132019e-06  6.668464487082231e-01 -5.203961232358908e-02  2.855336236355004e-05  3.658512928983198e-04 
 4.466835921509479e+11  1.909344858423867e-04  3.099863746497474e-05  5.670806841110092e-05 -7.268087597757155e-06  6.661826406928117e-01 -5.105569330471438e-02  2.866614038606936e-05  3.740003888975974e-04 
 4.570881896148595e+11  1.913081317981712e-04  3.040328543922017e-05  5.664569949465291e-05 -7.248824660631282e-06  6.655438006797271e-01 -5.008222835488999e-02  2.877468756956521e-05  3.823449644736713e-04 
 4.677351412871823e+11  1.916676062739434e-04  2.981488931334397e-05  5.658512118577040e-05 -7.232007022726317e-06  6.649291857884592e-01 -4.911963368246244e-02  2.887913026635097e-05  3.908896022038453e-04 
 4.786300923226221e+11  1.920133406755928e-04  2.923365539316787e-05  5.652625455131740e-05 -7.217700590642861e-06  6.643380589817174e-01 -4.816828589841908e-02  2.897959385040360e-05  3.996389830402153e-04 
 4.897788193684295e+11  1.923457620829802e-04  2.865976815676342e-05  5.646902061651845e-05 -7.205968618609563e-06  6.637696905677034e-01 -4.722852372217397e-02  2.907620246302654e-05  4.085978890469287e-04 
 5.011872336272552e+11  1.926652924628614e-04  2.809339124668647e-05  5.641334045188495e-05 -7.196871863446683e-06  6.632233595497865e-01 -4.630064969181080e-02  2.916907878443395e-05  4.177712061952072e-04 
 5.128613839913474e+11  1.929723479665438e-04  2.753466845950993e-05  5.635913524622105e-05 -7.190468738631247e-06  6.626983548310449e-01 -4.538493186943248e-02  2.925834382998990e-05  4.271639272158693e-04 
 5.248074602497546e+11  1.932673383078012e-04  2.698372472779795e-05  5.630632636632909e-05 -7.186815466688376e-06  6.621939762813328e-01 -4.448160553331135e-02  2.934411676980348e-05  4.367811545093023e-04 
 5.370317963702343e+11  1.935506662165156e-04  2.644066709024322e-05  5.625483540404230e-05 -7.185966229215714e-06  6.617095356746392e-01 -4.359087484952372e-02  2.942651477036355e-05  4.466281031130336e-04 
 5.495408738576057e+11  1.938227269634975e-04  2.590558564623456e-05  5.620458421121379e-05 -7.187973313924775e-06  6.612443575045223e-01 -4.271291451668534e-02  2.950565285689260e-05  4.567101037272362e-04 
 5.623413251903298e+11  1.940839079519643e-04  2.537855449163161e-05  5.615549492328643e-05 -7.192887258154662e-06  6.607977796853651e-01 -4.184787137827689e-02  2.958164379510689e-05  4.670326057986915e-04 
 5.754399373371372e+11  1.943345883712177e-04  2.485963263299896e-05  5.610748997205765e-05 -7.200756988379649e-06  6.603691541470836e-01 -4.099586599786235e-02  2.965459799108823e-05  4.776011806638977e-04 
 5.888436553555687e+11  1.945751389081498e-04  2.434886487799022e-05  5.606049208824054e-05 -7.211629955292518e-06  6.599578473307773e-01 -4.015699419325328e-02  2.972462340799814e-05  4.884215247521810e-04 
 6.025595860743370e+11  1.948059215123232e-04  2.384628269997843e-05  5.601442429440356e-05 -7.225552264100491e-06  6.595632405926005e-01 -3.933132852636507e-02  2.979182549839953e-05  4.994994628498126e-04 
 6.165950018614609e+11  1.950272892105057e-04  2.335190507539707e-05  5.596920988885235e-05 -7.242568799720064e-06  6.591847305229156e-01 -3.851891974614306e-02  2.985630715098941e-05  5.108409514262822e-04 
 6.309573444801715e+11  1.952395859666894e-04  2.286573929259343e-05  5.592477242099360e-05 -7.262723346601166e-06  6.588217291875219e-01 -3.771979818251184e-02  2.991816865059014e-05  5.224520820240153e-04 
 6.456542290346333e+11  1.954431465837870e-04  2.238778173129966e-05  5.588103565869734e-05 -7.286058702950149e-06  6.584736642974814e-01 -3.693397508982194e-02  2.997750765029434e-05  5.343390847129415e-04 
 6.606934480075732e+11  1.956382966433724e-04  2.191801861210057e-05  5.583792354814861e-05 -7.312616789155192e-06  6.581399793137628e-01 -3.616144393873565e-02  3.003441915470807e-05  5.465083316114455e-04 
 6.760829753919585e+11  1.958253524800077e-04  2.145642671552156e-05  5.579536016665339e-05 -7.342438750247023e-06  6.578201334926232e-01 -3.540218165591150e-02  3.008899551328878e-05  5.589663404753394e-04 
 6.918309709189126e+11  1.960046211868818e-04  2.100297407057707e-05  5.575326966883822e-05 -7.375565052253031e-06  6.575136018773359e-01 -3.465614981122003e-02  3.014132642282833e-05  5.717197783565987e-04 
 7.079457843841134e+11  1.961764006496726e-04  2.055762061281072e-05  5.571157622665585e-05 -7.412035572323184e-06  6.572198752415562e-01 -3.392329575254754e-02  3.019149893818243e-05  5.847754653337081e-04 
 7.244359600749650e+11  1.963409796057201e-04  2.012031881202726e-05  5.567020396358442e-05 -7.451889682523334e-06  6.569384599893042e-01 -3.320355368853517e-02  3.023959749040390e-05  5.981403783155383e-04 
 7.413102413008918e+11  1.964986377257885e-04  1.969101427006007e-05  5.562907688338250e-05 -7.495166327204170e-06  6.566688780162350e-01 -3.249684571984563e-02  3.028570391148731e-05  6.118216549207831e-04 
 7.585775750291575e+11  1.966496457158655e-04  1.926964628904400e-05  5.558811879373826e-05 -7.541904093863865e-06  6.564106665365599e-01 -3.180308281976631e-02  3.032989746498565e-05  6.258265974350466e-04 
 7.762471166286648e+11  1.967942654366264e-04  1.885614841076981e-05  5.554725322512821e-05 -7.592141277428723e-06  6.561633778796847e-01 -3.112216576513797e-02  3.037225488180953e-05  6.401626768477592e-04 
 7.943282347242539e+11  1.969327500383542e-04  1.845044892778475e-05  5.550640334517944e-05 -7.645915937879489e-06  6.559265792603454e-01 -3.045398601875204e-02  3.041285040056871e-05  6.548375369711670e-04 
 8.128305161640709e+11  1.970653441092736e-04  1.805247136697869e-05  5.546549186880966e-05 -7.703265951151584e-06  6.556998525257405e-01 -2.979842656448434e-02  3.045175581186198e-05  6.698589986437150e-04 
 8.317637711026420e+11  1.971922838354102e-04  1.766213494645472e-05  5.542444096440022e-05 -7.764229053235630e-06  6.554827938828922e-01 -2.915536269653725e-02  3.048904050596807e-05  6.852350640202020e-04 
 8.511380382023467e+11  1.973137971702373e-04  1.727935500653008e-05  5.538317215624138e-05 -7.828842877400229e-06  6.552750136092151e-01 -2.852466276424145e-02  3.052477152343206e-05  7.009739209511560e-04 
 8.709635899560502e+11  1.974301040125125e-04  1.690404341574978e-05  5.534160622347430e-05 -7.897144984452713e-06  6.550761357490265e-01 -2.790618887393119e-02  3.055901360808383e-05  7.170839474539366e-04 
 8.912509381337144e+11  1.975414163908428e-04  1.653610895282098e-05  5.529966309574138e-05 -7.969172885945166e-06  6.548857977985025e-01 -2.729979754945097e-02  3.059182926206396e-05  7.335737162781357e-04 
 9.120108393558778e+11  1.976479386536452e-04  1.617545766539395e-05  5.525726174574556e-05 -8.044964060222863e-06  6.547036503813621e-01 -2.670534035288106e-02  3.062327880246918e-05  7.504519995678945e-04 
 9.332543007969584e+11  1.977498676632861e-04  1.582199320662384e-05  5.521432007891192e-05 -8.124555961200715e-06  6.545293569173641e-01 -2.612266446708475e-02  3.065342041926375e-05  7.677277736238303e-04 
 9.549925860214025e+11  1.978473929933013e-04  1.547561715045116e-05  5.517075482033721e-05 -8.207986019740152e-06  6.543625932854975e-01 -2.555161324168587e-02  3.068231023413699e-05  7.854102237673045e-04 
 9.772372209557764e+11  1.979406971276979e-04  1.513622928653468e-05  5.512648139921053e-05 -8.295291637484598e-06  6.542030474835776e-01 -2.499202670407766e-02  3.071000236001605e-05  8.035087493098357e-04 
 9.999999999999648e+11  1.980299556614431e-04  1.480372789576272e-05  5.508141383088529e-05 -8.386510172996184e-06  6.540504192857763e-01 -2.444374203705118e-02  3.073654896097304e-05  8.220329686305033e-04 
 1.023292992280718e+12  1.981153375013343e-04  1.447801000725544e-05  5.503546459678559e-05 -8.481678920020145e-06  6.539044198994741e-01 -2.390659402460792e-02  3.076200031229013e-05  8.409927243642581e-04 
 1.047128548050863e+12  1.981970050665311e-04  1.415897163775456e-05  5.498854452233196e-05 -8.580835077686164e-06  6.537647716226599e-01 -2.338041546749487e-02  3.078640486047309e-05  8.603980887041011e-04 
 1.071519305237569e+12  1.982751144881091e-04  1.384650801427765e-05  5.494056265307870e-05 -8.684015712438188e-06  6.536312075029794e-01 -2.286503756996505e-02  3.080980928302428e-05  8.802593688201544e-04 
 1.096478196143146e+12  1.983498158070686e-04  1.354051378089157e-05  5.489142612926366e-05 -8.791257711466145e-06  6.535034709994005e-01 -2.236029029922983e-02  3.083225854780799e-05  9.005871123987032e-04 
 1.122018454301924e+12  1.984212531702980e-04  1.324088319043590e-05  5.484104005898374e-05 -8.902597727394538e-06  6.533813156473550e-01 -2.186600271902785e-02  3.085379597186077e-05  9.213921133043549e-04 
 1.148153621496842e+12  1.984895650240575e-04  1.294751028200135e-05  5.478930739022337e-05 -9.018072113964332e-06  6.532645047281033e-01 -2.138200329869077e-02  3.087446327951520e-05  9.426854173685063e-04 
 1.174897554939488e+12  1.985548843045990e-04  1.266028904494152e-05  5.473612878198154e-05 -9.137716852426090e-06  6.531528109429726e-01 -2.090812019904105e-02  3.089430065972386e-05  9.644783283073846e-04 
 1.202264434617370e+12  1.986173386255985e-04  1.237911357016800e-05  5.468140247476422e-05 -9.261567468344186e-06  6.530460160930328e-01 -2.044418153640772e-02  3.091334682248290e-05  9.867824137729853e-04 
 1.230268770812338e+12  1.986770504621193e-04  1.210387818945090e-05  5.462502416073289e-05 -9.389658938494241e-06  6.529439107646904e-01 -1.999001562599937e-02  3.093163905426936e-05  1.009609511540296e-03 
 1.258925411794123e+12  1.987341373308697e-04  1.183447760341824e-05  5.456688685382729e-05 -9.522025587518864e-06  6.528462940215985e-01 -1.954545120582262e-02  3.094921327241738e-05  1.032971735834246e-03 
 1.288249551693088e+12  1.987887119665606e-04  1.157080699891810e-05  5.450688076021234e-05 -9.658700973990988e-06  6.527529731032309e-01 -1.911031764228597e-02  3.096610407836956e-05  1.056881483799927e-03 
 1.318256738556360e+12  1.988408824941993e-04  1.131276215637979e-05  5.444489314943337e-05 -9.799717765519230e-06  6.526637631303862e-01 -1.868444511857953e-02  3.098234480974980e-05  1.081351442119644e-03 
 1.348962882591605e+12  1.988907525971953e-04  1.106023954778062e-05  5.438080822670214e-05 -9.945107602516523e-06  6.525784868178486e-01 -1.826766480687201e-02  3.099796759121151e-05  1.106394593780484e-03 
 1.380384264602835e+12  1.989384216811766e-04  1.081313642579797e-05  5.431450700677816e-05 -1.009490095024197e-05  6.524969741943671e-01 -1.785980902531875e-02  3.101300338402415e-05  1.132024224996112e-03 
 1.412537544622704e+12  1.989839850334462e-04  1.057135090469757e-05  5.424586718995703e-05 -1.024912693871690e-05  6.524190623300885e-01 -1.746071138082657e-02  3.102748203436576e-05  1.158253932286626e-03 
 1.445439770745875e+12  1.990275339780288e-04  1.033478203348306e-05  5.417476304072537e-05 -1.040781319010929e-05  6.523445950715142e-01 -1.707020689847591e-02  3.104143232029712e-05  1.185097629720335e-03 
 1.479108388168154e+12  1.990691560262823e-04  1.010332986180476e-05  5.410106526969837e-05 -1.057098563317773e-05  6.522734227840410e-01 -1.668813213845502e-02  3.105488199739632e-05  1.212569556321442e-03 
 1.513561248436154e+12  1.991089350230641e-04  9.876895499100647e-06  5.402464091951218e-05 -1.073866830436578e-05  6.522054021020907e-01 -1.631432530131755e-02  3.106785784303809e-05  1.240684283647665e-03 
 1.548816618912426e+12  1.991469512884617e-04  9.655381167417291e-06  5.394535325540659e-05 -1.091088313514173e-05  6.521403956868209e-01 -1.594862632233239e-02  3.108038569930494e-05  1.269456723541942e-03 
 1.584893192461056e+12  1.991832817551099e-04  9.438690248335070e-06  5.386306166129982e-05 -1.108764972518761e-05  6.520782719913770e-01 -1.559087695565361e-02  3.109249051452026e-05  1.298902136062431e-03 
 1.621810097358872e+12  1.992180001011308e-04  9.226727324398738e-06  5.377762154222675e-05 -1.126898510105454e-05  6.520189050336205e-01 -1.524092084899923e-02  3.110419638339647e-05  1.329036137595099e-03 
 1.659586907437501e+12  1.992511768787455e-04  9.019398215432144e-06  5.368888423408712e-05 -1.145490345992144e-05  6.519621741762581e-01 -1.489860360948925e-02  3.111552658579215e-05  1.359874709153338e-03 
 1.698243652461683e+12  1.992828796386126e-04  8.816610010095027e-06  5.359669692172778e-05 -1.164541589811975e-05  6.519079639142699e-01 -1.456377286125672e-02  3.112650362407351e-05  1.391434204869046e-03 
 1.737800828749313e+12  1.993131730499612e-04  8.618271093018911e-06  5.350090256646501e-05 -1.184053012411990e-05  6.518561636695260e-01 -1.423627829541168e-02  3.113714925907737e-05  1.423731360679820e-03 
 1.778279410038859e+12  1.993421190165902e-04  8.424291167840135e-06  5.340133984423772e-05 -1.204025015571634e-05  6.518066675924676e-01 -1.391597171290325e-02  3.114748454467166e-05  1.456783303216907e-03 
 1.819700858609918e+12  1.993697767888151e-04  8.234581276429186e-06  5.329784309567052e-05 -1.224457600119729e-05  6.517593743707146e-01 -1.360270706079378e-02  3.115752986091025e-05  1.490607558898743e-03 
 1.862087136662800e+12  1.993962030714443e-04  8.049053814597691e-06  5.319024228941589e-05 -1.245350332434489e-05  6.517141870444586e-01 -1.329634046242903e-02  3.116730494577920e-05  1.525222063234945e-03 
 1.905460717963178e+12  1.994214521278754e-04  7.867622544547745e-06  5.307836300023763e-05 -1.266702309318068e-05  6.516710128284889e-01 -1.299673024195824e-02  3.117682892552897e-05  1.560645170345799e-03 
 1.949844599757975e+12  1.994455758804027e-04  7.690202604312070e-06  5.296202640339051e-05 -1.288512121245230e-05  6.516297629406922e-01 -1.270373694363156e-02  3.118612034358837e-05  1.596895662702339e-03 
 1.995262314968807e+12  1.994686240068320e-04  7.516710514418137e-06  5.284104928694661e-05 -1.310777813995044e-05  6.515903524368668e-01 -1.241722334627541e-02  3.119519718805358e-05  1.633992761092259e-03 
 2.041737944669455e+12  1.994906440334962e-04  7.347064181994975e-06  5.271524408381149e-05 -1.333496848685096e-05  6.515527000516863e-01 -1.213705447332183e-02  3.120407691774436e-05  1.671956134817026e-03 
 2.089296130853963e+12  1.995116814247748e-04  7.181182902527778e-06  5.258441892526640e-05 -1.356666060239735e-05  6.515167280456428e-01 -1.186309759874396e-02  3.121277648681840e-05  1.710805912125647e-03 
 2.137962089502154e+12  1.995317796692113e-04  7.018987359452156e-06  5.244837771796169e-05 -1.380281614337361e-05  6.514823620578007e-01 -1.159522224922826e-02  3.122131236793339e-05  1.750562690890711e-03 
 2.187761623949473e+12  1.995509803623320e-04  6.860399621767804e-06  5.230692024637235e-05 -1.404338962896856e-05  6.514495309641931e-01 -1.133330020289184e-02  3.122970057394403e-05  1.791247549532414e-03 
 2.238721138568258e+12  1.995693232862631e-04  6.705343139839488e-06  5.215984230280603e-05 -1.428832798179926e-05  6.514181667416904e-01 -1.107720548483464e-02  3.123795667812058e-05  1.832882058196458e-03 
 2.290867652767689e+12  1.995868464862462e-04  6.553742739542626e-06  5.200693584712508e-05 -1.453757005604610e-05  6.513882043371678e-01 -1.082681435979592e-02  3.124609583287264e-05  1.875488290191787e-03 
 2.344228815319836e+12  1.996035863441508e-04  6.405524614899895e-06  5.184798919840775e-05 -1.479104615385370e-05  6.513595815418104e-01 -1.058200532216823e-02  3.125413278696223e-05  1.919088833694318e-03 
 2.398832919019403e+12  1.996195776490809e-04  6.260616319345925e-06  5.168278726082202e-05 -1.504867753137237e-05  6.513322388703835e-01 -1.034265908360399e-02  3.126208190118695e-05  1.963706803722944e-03 
 2.454708915684940e+12  1.996348536651721e-04  6.118946755747804e-06  5.151111178602293e-05 -1.531037589605289e-05  6.513061194453047e-01 -1.010865855843491e-02  3.126995716251495e-05  2.009365854394224e-03 
 2.511886431509488e+12  1.996494461966740e-04  5.980446165300248e-06  5.133274167440245e-05 -1.557604289706478e-05  6.512811688853586e-01 -9.879888847108810e-03  3.127777219665012e-05  2.056090191462349e-03 
 2.570395782768769e+12  1.996633856504110e-04  5.845046115406464e-06  5.114745331751950e-05 -1.584556961098303e-05  6.512573351988912e-01 -9.656237217835423e-03  3.128554027900891e-05  2.103904585151109e-03 
 2.630267991895285e+12  1.996767010957137e-04  5.712679486647742e-06  5.095502098401394e-05 -1.611883602518066e-05  6.512345686813299e-01 -9.437593086618278e-03  3.129327434408613e-05  2.152834383284751e-03 
 2.691534803926816e+12  1.996894203219096e-04  5.583280458937896e-06  5.075521725125765e-05 -1.639571052167389e-05  6.512128218168735e-01 -9.223847995838686e-03  3.130098699319156e-05  2.202905524724784e-03 
 2.754228703338064e+12  1.997015698934612e-04  5.456784496951542e-06  5.054781348491543e-05 -1.667604936449089e-05  6.511920491842045e-01 -9.014895591545249e-03  3.130869050053689e-05  2.254144553119949e-03 
 2.818382931264349e+12  1.997131752028376e-04  5.333128334909225e-06  5.033258036847531e-05 -1.695969619397298e-05  6.511722073660776e-01 -8.810631599591966e-03  3.131639681765697e-05  2.306578630976749e-03 
 2.884031503126499e+12  1.997242605212026e-04  5.212249960796148e-06  5.010928848465696e-05 -1.724648153176603e-05  6.511532548626382e-01 -8.610953800757375e-03  3.132411757614930e-05  2.360235554058098e-03 
 2.951209226666276e+12  1.997348490470000e-04  5.094088600085761e-06  4.987770895041658e-05 -1.753622230061680e-05  6.511351520083358e-01 -8.415762004968009e-03  3.133186408872152e-05  2.415143766117845e-03 
 3.019951720401904e+12  1.997449629525163e-04  4.978584699034268e-06  4.963761410703141e-05 -1.782872136345099e-05  6.511178608922953e-01 -8.224958024739821e-03  3.133964734853806e-05  2.471332373979089e-03 
 3.090295432513476e+12  1.997546234284980e-04  4.865679907607162e-06  4.938877826646445e-05 -1.812376708657177e-05  6.511013452820140e-01 -8.038445647943515e-03  3.134747802686499e-05  2.528831162964423e-03 
 3.162277660168262e+12  1.997638507268959e-04  4.755317062094214e-06  4.913097851487731e-05 -1.842113293217563e-05  6.510855705502587e-01 -7.856130609991191e-03  3.135536646901583e-05  2.587670612686399e-03 
 3.235936569296162e+12  1.997726642018119e-04  4.647440167465195e-06  4.886399557377156e-05 -1.872057708573030e-05  6.510705036050377e-01 -7.677920565534698e-03  3.136332268860987e-05  2.647881913206733e-03 
 3.311311214825788e+12  1.997810823487157e-04  4.541994379514500e-06  4.858761471879658e-05 -1.902184212409087e-05  6.510561128225266e-01 -7.503725059758983e-03  3.137135636016215e-05  2.709496981572947e-03 
 3.388441561391899e+12  1.997891228420008e-04  4.438925986839012e-06  4.830162675576084e-05 -1.932465473053874e-05  6.510423679828362e-01 -7.333455499347407e-03  3.137947681003412e-05  2.772548478741373e-03 
 3.467368504525187e+12  1.997968025709455e-04  4.338182392690207e-06  4.800582905282321e-05 -1.962872546320461e-05  6.510292402085041e-01 -7.167025123189841e-03  3.138769300578479e-05  2.837069826895632e-03 
 3.548133892335622e+12  1.998041376741424e-04  4.239712096738032e-06  4.770002662722167e-05 -1.993374858357420e-05  6.510167019056062e-01 -7.004348972898658e-03  3.139601354397351e-05  2.903095227169927e-03 
 3.630780547700878e+12  1.998111435724560e-04  4.143464676781112e-06  4.738403328421832e-05 -2.023940195196342e-05  6.510047267073825e-01 -6.845343863192672e-03  3.140444663647954e-05  2.970659677786694e-03 
 3.715352290971586e+12  1.998178350005715e-04  4.049390770435061e-06  4.705767280520455e-05 -2.054534699697993e-05  6.509932894202711e-01 -6.689928352204006e-03  3.141300009541777e-05  3.039798992618402e-03 
 3.801893963205470e+12  1.998242260371879e-04  3.957442056827775e-06  4.672078018112149e-05 -2.085122876604888e-05  6.509823659722607e-01 -6.538022711758280e-03  3.142168131674451e-05  3.110549820183468e-03 
 3.890451449942660e+12  1.998303301339137e-04  3.867571238328380e-06  4.637320288651304e-05 -2.115667606406329e-05  6.509719333634599e-01 -6.389548897674281e-03  3.143049726266484e-05  3.182949663086546e-03 
 3.981071705534823e+12  1.998361601429159e-04  3.779732022333939e-06  4.601480218864918e-05 -2.146130168711265e-05  6.509619696187980e-01 -6.244430520125334e-03  3.143945444296967e-05  3.257036897913630e-03 
 4.073802778040975e+12  1.998417283433761e-04  3.693879103136098e-06  4.564545448524221e-05 -2.176470275803696e-05  6.509524537427643e-01 -6.102592814100808e-03  3.144855889544890e-05  3.332850795592652e-03 
 4.168693834703198e+12  1.998470464668010e-04  3.609968143887603e-06  4.526505266334036e-05 -2.206646117023825e-05  6.509433656761089e-01 -5.963962610002749e-03  3.145781616554533e-05  3.410431542230538e-03 
 4.265795188015767e+12  1.998521257212356e-04  3.527955758686998e-06  4.487350747103073e-05 -2.236614414574783e-05  6.509346862544140e-01 -5.828468304409530e-03  3.146723128543345e-05  3.489820260437860e-03 
 4.365158322401496e+12  1.998569768144248e-04  3.447799494797871e-06  4.447074889263511e-05 -2.266330491298800e-05  6.509263971684687e-01 -5.696039831035314e-03  3.147680875272521e-05  3.571059031152523e-03 
 4.466835921509463e+12  1.998616099759683e-04  3.369457815017528e-06  4.405672751714710e-05 -2.295748350897443e-05  6.509184809263635e-01 -5.566608631911314e-03  3.148655250902349e-05  3.654190915974162e-03 
 4.570881896148578e+12  1.998660349785085e-04  3.292890080208446e-06  4.363141588876183e-05 -2.324820770987582e-05  6.509109208172362e-01 -5.440107628812553e-03  3.149646591856292e-05  3.739259980021138e-03 
 4.677351412871806e+12  1.998702611579955e-04  3.218056532004418e-06  4.319480982750368e-05 -2.353499409287768e-05  6.509037008766008e-01 -5.316471194951032e-03  3.150655174719219e-05  3.826311315322339e-03 
 4.786300923226203e+12  1.998742974330656e-04  3.144918275702120e-06  4.274692970718645e-05 -2.381734923118703e-05  6.508968058531891e-01 -5.195635126954367e-03  3.151681214196963e-05  3.915391064756206e-03 
 4.897788193684277e+12  1.998781523235722e-04  3.073437263347521e-06  4.228782167726506e-05 -2.409477102276843e-05  6.508902211772448e-01 -5.077536617146719e-03  3.152724861165510e-05  4.006546446549678e-03 
 5.011872336272534e+12  1.998818339683040e-04  3.003576277025533e-06  4.181755881458060e-05 -2.436675015202336e-05  6.508839329302056e-01 -4.962114226147000e-03  3.153786200839361e-05  4.099825779350027e-03 
 5.128613839913455e+12  1.998853501419274e-04  2.935298912360185e-06  4.133624219058345e-05 -2.463277168212609e-05  6.508779278157178e-01 -4.849307855797619e-03  3.154865251089315e-05  4.195278507882821e-03 
 5.248074602497527e+12  1.998887082711828e-04  2.868569562231780e-06  4.084400183936451e-05 -2.489231677412128e-05  6.508721931319248e-01 -4.739058722435390e-03  3.155961960940451e-05  4.292955229209537e-03 
 5.370317963702324e+12  1.998919154503703e-04  2.803353400716551e-06  4.034099761175415e-05 -2.514486452719115e-05  6.508667167449713e-01 -4.631309330514773e-03  3.157076209281193e-05  4.392907719598554e-03 
 5.495408738576037e+12  1.998949784561530e-04  2.739616367253432e-06  3.982741990088140e-05 -2.538989393273182e-05  6.508614870636816e-01 -4.526003446592178e-03  3.158207803813992e-05  4.495188962023727e-03 
 5.623413251903277e+12  1.998979037617080e-04  2.677325151042032e-06  3.930349022493861e-05 -2.562688593306624e-05  6.508564930153500e-01 -4.423086073678864e-03  3.159356480277435e-05  4.599853174304801e-03 
 5.754399373371351e+12  1.999006975502534e-04  2.616447175674985e-06  3.876946165348547e-05 -2.585532557379241e-05  6.508517240226036e-01 -4.322503425968868e-03  3.160521901968431e-05  4.706955837904402e-03 
 5.888436553555666e+12  1.999033657279778e-04  2.556950584007364e-06  3.822561906445904e-05 -2.607470423695295e-05  6.508471699812897e-01 -4.224202903947072e-03  3.161703659591187e-05  4.816553727396601e-03 
 6.025595860743349e+12  1.999059139363989e-04  2.498804223265214e-06  3.767227922014082e-05 -2.628452194044896e-05  6.508428212393403e-01 -4.128133069881871e-03  3.162901271457735e-05  4.928704940622308e-03 
 6.165950018614587e+12  1.999083475641751e-04  2.441977630394703e-06  3.710979065166824e-05 -2.648428968744573e-05  6.508386685765769e-01 -4.034243623705778e-03  3.164114184061799e-05  5.043468929547198e-03 
 6.309573444801692e+12  1.999106717583944e-04  2.386441017652942e-06  3.653853334326110e-05 -2.667353184796623e-05  6.508347031854113e-01 -3.942485379286487e-03  3.165341773044633e-05  5.160906531838088e-03 
 6.456542290346310e+12  1.999128914353639e-04  2.332165258441033e-06  3.595891820915252e-05 -2.685178855348038e-05  6.508309166524048e-01 -3.852810241090310e-03  3.166583344567770e-05  5.281080003174125e-03 
 6.606934480075709e+12  1.999150112909192e-04  2.279121873379533e-06  3.537138635825313e-05 -2.701861808411095e-05  6.508273009406483e-01 -3.765171181238975e-03  3.167838137103365e-05  5.404053050309474e-03 
 6.760829753919561e+12  1.999170358102789e-04  2.227283016626090e-06  3.477640814381092e-05 -2.717359922712586e-05  6.508238483729292e-01 -3.679522216960341e-03  3.169105323648313e-05  5.529890864904577e-03 
 6.918309709189102e+12  1.999189692774599e-04  2.176621462434738e-06  3.417448199772892e-05 -2.731633358470647e-05  6.508205516156476e-01 -3.595818388432861e-03  3.170384014363419e-05  5.658660158143447e-03 
 7.079457843841109e+12  1.999208157842746e-04  2.127110591955928e-06  3.356613305173299e-05 -2.744644780859924e-05  6.508174036634532e-01 -3.514015737023092e-03  3.171673259633655e-05  5.790429196154885e-03 
 7.244359600749624e+12  1.999225792389295e-04  2.078724380276189e-06  3.295191155020175e-05 -2.756359573919966e-05  6.508143978245678e-01 -3.434071283915217e-03  3.172972053540362e-05  5.925267836255893e-03 
 7.413102413008892e+12  1.999242633742398e-04  2.031437383695974e-06  3.233239106213299e-05 -2.766746042689909e-05  6.508115277067650e-01 -3.355943009130771e-03  3.174279337730585e-05  6.063247564036077e-03 
 7.585775750291547e+12  1.999258717554794e-04  1.985224727244043e-06  3.170816650237940e-05 -2.775775601415992e-05  6.508087872039789e-01 -3.279589830936684e-03  3.175594005663522e-05  6.204441531302194e-03 
 7.762471166286619e+12  1.999274077878814e-04  1.940062092426544e-06  3.107985197488779e-05 -2.783422945777210e-05  6.508061704835125e-01 -3.204971585639112e-03  3.176914907208635e-05  6.348924594902564e-03 
 7.943282347242510e+12  1.999288747238041e-04  1.895925705208718e-06  3.044807845316833e-05 -2.789666207208401e-05  6.508036719738196e-01 -3.132049007760333e-03  3.178240853564939e-05  6.496773356451488e-03 
 8.128305161640680e+12  1.999302756695779e-04  1.852792324227021e-06  2.981349131555243e-05 -2.794487087567521e-05  6.508012863528362e-01 -3.060783710595536e-03  3.179570622466203e-05  6.648066202974406e-03 
 8.317637711026390e+12  1.999316135920470e-04  1.810639229229274e-06  2.917674775491856e-05 -2.797870972592844e-05  6.507990085368343e-01 -2.991138167146090e-03  3.180902963632443e-05  6.802883348494969e-03 
 8.511380382023437e+12  1.999328913248194e-04  1.769444209740348e-06  2.853851408442928e-05 -2.799807022823242e-05  6.507968336697783e-01 -2.923075691425672e-03  3.182236604424423e-05  6.961306876585848e-03 
 8.709635899560471e+12  1.999341115742374e-04  1.729185553950737e-06  2.789946296238657e-05 -2.800288240906764e-05  6.507947571131576e-01 -2.856560420135179e-03  3.183570255654447e-05  7.123420783905555e-03 
 8.912509381337111e+12  1.999352769250824e-04  1.689842037825296e-06  2.726027056054242e-05 -2.799311514495110e-05  6.507927744362769e-01 -2.791557294702313e-03  3.184902617504397e-05  7.289311024744228e-03 
 9.120108393558746e+12  1.999363898460245e-04  1.651392914429294e-06  2.662161370106738e-05 -2.796877634209190e-05  6.507908814069832e-01 -2.728032043681460e-03  3.186232385500198e-05  7.459065556601909e-03 
 9.332543007969551e+12  1.999374526948287e-04  1.613817903468908e-06  2.598416698786230e-05 -2.792991286458407e-05  6.507890739828064e-01 -2.665951165509212e-03  3.187558256490750e-05  7.632774386823350e-03 
 9.549925860213990e+12  1.999384677233287e-04  1.577097181043118e-06  2.534859995798692e-05 -2.787661021198034e-05  6.507873483025018e-01 -2.605281911610797e-03  3.188878934579297e-05  7.810529620314226e-03 
 9.772372209557729e+12  1.999394370821777e-04  1.541211369604041e-06  2.471557427866870e-05 -2.780899195008980e-05  6.507857006779683e-01 -2.545992269852523e-03  3.190193136955825e-05  7.992425508363992e-03 
 9.999999999999613e+12  1.999403628253877e-04  1.506141528122557e-06  2.408574101465791e-05 -2.772721890176996e-05  6.507841275865293e-01 -2.488050948335077e-03  3.191499599580338e-05  8.178558498601527e-03 
 1.023292992280714e+13  1.999412469146654e-04  1.471869142456109e-06  2.345973798962206e-05 -2.763148810728026e-05  6.507826256635624e-01 -2.431427359522679e-03  3.192797082669309e-05  8.369027286110206e-03 
 1.047128548050859e+13  1.999420912235535e-04  1.438376115915561e-06  2.283818726385282e-05 -2.752203156638025e-05  6.507811916954548e-01 -2.376091604702596e-03  3.194084375940101e-05  8.563932865729765e-03 
 1.071519305237565e+13  1.999428975413878e-04  1.405644760027874e-06  2.222169274882233e-05 -2.739911477674423e-05  6.507798226128754e-01 -2.322014458769828e-03  3.195360303572054e-05  8.763378585572990e-03 
 1.096478196143142e+13  1.999436675770763e-04  1.373657785491429e-06  2.161083797711296e-05 -2.726303508538274e-05  6.507785154843474e-01 -2.269167355331409e-03  3.196623728846705e-05  8.967470201786003e-03 
 1.122018454301920e+13  1.999444029627094e-04  1.342398293320781e-06  2.100618404400020e-05 -2.711411987157923e-05  6.507772675101087e-01 -2.217522372124891e-03  3.197873558434357e-05  9.176315934581536e-03 
 1.148153621496838e+13  1.999451052570086e-04  1.311849766177636e-06  2.040826773453993e-05 -2.695272458133874e-05  6.507760760162411e-01 -2.167052216745455e-03  3.199108746299037e-05  9.390026525575317e-03 
 1.174897554939484e+13  1.999457759486208e-04  1.281996059884799e-06  1.981759984745269e-05 -2.677923063449116e-05  6.507749384490678e-01 -2.117730212676099e-03  3.200328297199114e-05  9.608715296456476e-03 
 1.202264434617366e+13  1.999464164592642e-04  1.252821395119941e-06  1.923466372445699e-05 -2.659404322638060e-05  6.507738523697926e-01 -2.069530285615318e-03  3.201531269766175e-05  9.832498209023483e-03 
 1.230268770812334e+13  1.999470281467343e-04  1.224310349285904e-06  1.865991399103800e-05 -2.639758904651080e-05  6.507728154493827e-01 -2.022426950096742e-03  3.202716779150206e-05  1.006149392661799e-02 
 1.258925411794118e+13  1.999476123077750e-04  1.196447848554442e-06  1.809377551199299e-05 -2.619031393660458e-05  6.507718254636744e-01 -1.976395296395167e-03  3.203883999224477e-05  1.029582387698956e-02 
 1.288249551693084e+13  1.999481701808200e-04  1.169219160080148e-06  1.753664256252051e-05 -2.597268051029490e-05  6.507708802886980e-01 -1.931410977713439e-03  3.205032164348686e-05  1.053561231662516e-02 
 1.318256738556356e+13  1.999487029486130e-04  1.142609884381466e-06  1.698887821315842e-05 -2.574516575611235e-05  6.507699778962082e-01 -1.887450197644743e-03  3.206160570694048e-05  1.078098639657797e-02 
 1.348962882591601e+13  1.999492117407085e-04  1.116605947885635e-06  1.645081392456473e-05 -2.550825864459854e-05  6.507691163494124e-01 -1.844489697904827e-03  3.207268577138580e-05  1.103207622983082e-02 
 1.380384264602831e+13  1.999496976358625e-04  1.091193595634488e-06  1.592274934600765e-05 -2.526245775928803e-05  6.507682937988867e-01 -1.802506746328807e-03  3.208355605745202e-05  1.128901496023046e-02 
 1.412537544622699e+13  1.999501616643140e-04  1.066359384147985e-06  1.540495230951228e-05 -2.500826896999734e-05  6.507675084786750e-01 -1.761479125127219e-03  3.209421141839190e-05  1.155193883302961e-02 
 1.445439770745871e+13  1.999506048099657e-04  1.042090174442498e-06  1.489765900992300e-05 -2.474620316537532e-05  6.507667587025564e-01 -1.721385119396076e-03  3.210464733704850e-05  1.182098726707447e-02 
 1.479108388168149e+13  1.999510280124663e-04  1.018373125200803e-06  1.440107435969429e-05 -2.447677406004451e-05  6.507660428604789e-01 -1.682203505875780e-03  3.211485991924375e-05  1.209630292867642e-02 
 1.513561248436149e+13  1.999514321691988e-04  9.951956860907865e-07  1.391537250602730e-05 -2.420049608993318e-05  6.507653594151519e-01 -1.643913541953755e-03  3.212484588384055e-05  1.237803180720736e-02 
 1.548816618912421e+13  1.999518181371807e-04  9.725455912299861e-07  1.344069749702645e-05 -2.391788240760353e-05  6.507647068987855e-01 -1.606494954905881e-03  3.213460254975179e-05  1.266632329245891e-02 
 1.584893192461051e+13  1.999521867348782e-04  9.504108527930043e-07  1.297716408285485e-05 -2.362944298755525e-05  6.507640839099755e-01 -1.569927931371704e-03  3.214412782018075e-05  1.296133025380687e-02 
 1.621810097358866e+13  1.999525387439388e-04  9.287797547589536e-07  1.252485863741281e-05 -2.333568284966121e-05  6.507634891107270e-01 -1.534193107058693e-03  3.215342016438958e-05  1.326320912122304e-02 
 1.659586907437495e+13  1.999528749108469e-04  9.076408467961242e-07  1.208384018583523e-05 -2.303710040710047e-05  6.507629212236061e-01 -1.499271556670761e-03  3.216247859729474e-05  1.357211996817747e-02 
 1.698243652461678e+13  1.999531959485044e-04  8.869829382810686e-07  1.165414152308759e-05 -2.273418594342325e-05  6.507623790290199e-01 -1.465144784056430e-03  3.217130265719045e-05  1.388822659647523e-02 
 1.737800828749307e+13  1.999535025377405e-04  8.667950924493621e-07  1.123577040911619e-05 -2.242742022173235e-05  6.507618613626155e-01 -1.431794712572049e-03  3.217989238189517e-05  1.421169662307277e-02 
 1.778279410038853e+13  1.999537953287543e-04  8.470666206753568e-07  1.082871082635637e-05 -2.211727322741671e-05  6.507613671127943e-01 -1.399203675655673e-03  3.218824828361241e-05  1.454270156891996e-02 
 1.819700858609912e+13  1.999540749424911e-04  8.277870768782410e-07  1.043292428590110e-05 -2.180420304444076e-05  6.507608952183359e-01 -1.367354407607161e-03  3.219637132278347e-05  1.488141694987488e-02 
 1.862087136662794e+13  1.999543419719588e-04  8.089462520518125e-07  1.004835116925866e-05 -2.148865486388696e-05  6.507604446661281e-01 -1.336230034570270e-03  3.220426288119955e-05  1.522802236973961e-02 
 1.905460717963172e+13  1.999545969834837e-04  7.905341689153777e-07  9.674912093359723e-06 -2.117106012227866e-05  6.507600144889957e-01 -1.305814065712515e-03  3.221192473462431e-05  1.558270161546618e-02 
 1.949844599757969e+13  1.999548405179106e-04  7.725410766832380e-07  9.312509287289892e-06 -2.085183576617919e-05  6.507596037636286e-01 -1.276090384598707e-03  3.221935902516196e-05  1.594564275458339e-02 
 1.995262314968801e+13  1.999550730917489e-04  7.549574459502950e-07  8.961027970100970e-06 -2.053138363867126e-05  6.507592116085994e-01 -1.247043240754125e-03  3.222656823358787e-05  1.631703823489566e-02 
 2.041737944669449e+13  1.999552951982670e-04  7.377739636913142e-07  8.620337719975197e-06 -2.021008998256934e-05  6.507588371824690e-01 -1.218657241413407e-03  3.223355515184041e-05  1.669708498650703e-02 
 2.089296130853957e+13  1.999555073085376e-04  7.209815283714313e-07  8.290293825961354e-06 -1.988832505459956e-05  6.507584796819802e-01 -1.190917343451270e-03  3.224032285585251e-05  1.708598452622412e-02 
 2.137962089502148e+13  1.999557098724362e-04  7.045712451655712e-07  7.970738614454687e-06 -1.956644284429441e-05  6.507581383403277e-01 -1.163808845491280e-03  3.224687467888292e-05  1.748394306439332e-02 
 2.187761623949466e+13  1.999559033195946e-04  6.885344212844333e-07  7.661502743538874e-06 -1.924478089098270e-05  6.507578124255077e-01 -1.137317380188967e-03  3.225321418548814e-05  1.789117161422872e-02 
 2.238721138568251e+13  1.999560880603111e-04  6.728625614047780e-07  7.362406459235057e-06 -1.892366019200274e-05  6.507575012387409e-01 -1.111428906685632e-03  3.225934514625540e-05  1.830788610368862e-02 
 2.290867652767682e+13  1.999562644864212e-04  6.575473632017849e-07  7.073260808599726e-06 -1.860338519511734e-05  6.507572041129652e-01 -1.086129703229299e-03  3.226527151340145e-05  1.873430748995977e-02 
 2.344228815319829e+13  1.999564329721270e-04  6.425807129812650e-07  6.793868805470788e-06 -1.828424386805418e-05  6.507569204113995e-01 -1.061406359959276e-03  3.227099739732190e-05  1.917066187660999e-02 
 2.398832919019395e+13  1.999565938747915e-04  6.279546814096184e-07  6.524026545472297e-06 -1.796650783812272e-05  6.507566495261664e-01 -1.037245771850939e-03  3.227652704416120e-05  1.961718063347097e-02 
 2.454708915684933e+13  1.999567475356955e-04  6.136615193393833e-07  6.263524267648139e-06 -1.765043259496082e-05  6.507563908769818e-01 -1.013635131817325e-03  3.228186481445667e-05  2.007410051931482e-02 
 2.511886431509480e+13  1.999568942807615e-04  5.996936537283290e-07  6.012147360798759e-06 -1.733625774962759e-05  6.507561439099014e-01 -9.905619239642643e-04  3.228701516289671e-05  2.054166380738928e-02 
 2.570395782768761e+13  1.999570344212447e-04  5.860436836500622e-07  5.769677313241137e-06 -1.702420734347708e-05  6.507559080961240e-01 -9.680139169958009e-04  3.229198261921929e-05  2.102011841387782e-02 
 2.630267991895277e+13  1.999571682543928e-04  5.727043763941478e-07  5.535892605298753e-06 -1.671449020050761e-05  6.507556829308488e-01 -9.459791577667027e-04  3.229677177026512e-05  2.150971802935290e-02 
 2.691534803926808e+13  1.999572960640764e-04  5.596686636537982e-07  5.310569544355703e-06 -1.640730031717827e-05  6.507554679321843e-01 -9.244459649789637e-04  3.230138724318955e-05  2.201072225329172e-02 
 2.754228703338056e+13  1.999574181213905e-04  5.469296377992186e-07  5.093483042777673e-06 -1.610281728400623e-05  6.507552626401072e-01 -9.034029230192309e-04  3.230583368982757e-05  2.252339673172581e-02 
 2.818382931264341e+13  1.999575346852302e-04  5.344805482347317e-07  4.884407339414218e-06 -1.580120673360095e-05  6.507550666154681e-01 -8.828388759341307e-04  3.231011577219701e-05  2.304801329809721e-02 
 2.884031503126490e+13  1.999576460028389e-04  5.223147978378448e-07  4.683116665753628e-06 -1.550262081014630e-05  6.507548794390412e-01 -8.627429215405723e-04  3.231423814911952e-05  2.358485011739593e-02 
 2.951209226666267e+13  1.999577523103326e-04  5.104259394784642e-07  4.489385858106466e-06 -1.520719865570333e-05  6.507547007106191e-01 -8.431044056681124e-04  3.231820546393088e-05  2.413419183365497e-02 
 3.019951720401895e+13  1.999578538332015e-04  4.988076726164843e-07  4.302990917449678e-06 -1.491506690906941e-05  6.507545300481477e-01 -8.239129165305529e-04  3.232202233324834e-05  2.469632972088101e-02 
 3.090295432513466e+13  1.999579507867870e-04  4.874538399760381e-07  4.123709518773370e-06 -1.462634021329046e-05  6.507543670868993e-01 -8.051582792239788e-04  3.232569333675747e-05  2.527156183750065e-02 
 3.162277660168252e+13  1.999580433767391e-04  4.763584242947025e-07  3.951321471940470e-06 -1.434112172827624e-05  6.507542114786860e-01 -7.868305503485044e-04  3.232922300797820e-05  2.586019318440416e-02 
 3.235936569296153e+13  1.999581317994525e-04  4.655155451460126e-07  3.785609136199132e-06 -1.405950364531312e-05  6.507540628911066e-01 -7.689200127510448e-04  3.233261582596681e-05  2.646253586667033e-02 
 3.311311214825778e+13  1.999582162424828e-04  4.549194558336626e-07  3.626357790582518e-06 -1.378156770059975e-05  6.507539210068277e-01 -7.514171703864889e-04  3.233587620790873e-05  2.707890925905812e-02 
 3.388441561391889e+13  1.999582968849446e-04  4.445645403557919e-07  3.473355962494129e-06 -1.350738568524876e-05  6.507537855229003e-01 -7.343127432946781e-04  3.233900850255552e-05  2.770964017535295e-02 
 3.467368504525177e+13  1.999583738978912e-04  4.344453104378209e-07  3.326395716812498e-06 -1.323701994949814e-05  6.507536561501036e-01 -7.175976626906789e-04  3.234201698445914e-05  2.835506304165710e-02 
 3.548133892335612e+13  1.999584474446771e-04  4.245564026323000e-07  3.185272907860320e-06 -1.297052389916051e-05  6.507535326123218e-01 -7.012630661658520e-04  3.234490584895584e-05  2.901552007371630e-02 
 3.630780547700867e+13  1.999585176813054e-04  4.148925754842852e-07  3.049787396572971e-06 -1.270794248260433e-05  6.507534146459478e-01 -6.853002929973004e-04  3.234767920785261e-05  2.969136145837636e-02 
 3.715352290971576e+13  1.999585847567574e-04  4.054487067607802e-07  2.919743235172915e-06 -1.244931266680930e-05  6.507533019993150e-01 -6.697008795633004e-04  3.235034108576947e-05  3.038294553926610e-02 
 3.801893963205459e+13  1.999586488133094e-04  3.962197907428248e-07  2.794948821612455e-06 -1.219466390126773e-05  6.507531944321537e-01 -6.544565548623858e-04  3.235289541709178e-05  3.109063900680487e-02 
 3.890451449942649e+13  1.999587099868347e-04  3.872009355788195e-07  2.675217025990297e-06 -1.194401856871545e-05  6.507530917150740e-01 -6.395592361337893e-04  3.235534604348791e-05  3.181481709263553e-02 
 3.981071705534812e+13  1.999587684070906e-04  3.783873606977314e-07  2.560365291079537e-06 -1.169739242186908e-05  6.507529936290708e-01 -6.250010245770065e-04  3.235769671194928e-05  3.255586376858590e-02 
 4.073802778040962e+13  1.999588241979952e-04  3.697743942808347e-07  2.450215709028448e-06 -1.145479500552326e-05  6.507528999650514e-01 -6.107742011682727e-04  3.235995107331076e-05  3.331417195026401e-02 
 4.168693834703185e+13  1.999588774778888e-04  3.613574707906791e-07  2.344595076212457e-06 -1.121623006352094e-05  6.507528105233866e-01 -5.968712225718068e-04  3.236211268121138e-05  3.409014370539545e-02 
 4.265795188015754e+13  1.999589283597858e-04  3.531321285560066e-07  2.243334928127672e-06 -1.098169593025336e-05  6.507527251134809e-01 -5.832847171437129e-04  3.236418499145751e-05  3.488419046701289e-02 
 4.365158322401483e+13  1.999589769516142e-04  3.450940074113653e-07  2.146271556124988e-06 -1.075118590647520e-05  6.507526435533604e-01 -5.700074810264672e-04  3.236617136175149e-05  3.569673325161090e-02 
 4.466835921509450e+13  1.999590233564442e-04  3.372388463901853e-07  2.053246007690247e-06 -1.052468861933459e-05  6.507525656692826e-01 -5.570324743319767e-04  3.236807505175178e-05  3.652820288238191e-02 
 4.570881896148565e+13  1.999590676727073e-04  3.295624814701240e-07  1.964104071881367e-06 -1.030218836661850e-05  6.507524912953637e-01 -5.443528174112237e-04  3.236989922343168e-05  3.737904021765152e-02 
 4.677351412871792e+13  1.999591099944048e-04  3.220608433695116e-07  1.878696251438830e-06 -1.008366544530253e-05  6.507524202732207e-01 -5.319617872085557e-04  3.237164694170589e-05  3.824969638463423e-02 
 4.786300923226189e+13  1.999591504113072e-04  3.147299553937379e-07  1.796877722992293e-06 -9.869096464571155e-06  6.507523524516310e-01 -5.198528136987303e-04  3.237332117529653e-05  3.914063301863362e-02 
 4.897788193684263e+13  1.999591890091447e-04  3.075659313304648e-07  1.718508286693899e-06 -9.658454643540348e-06  6.507522876862087e-01 -5.080194764048519e-04  3.237492479781131e-05  4.005232250781382e-02 
 5.011872336272520e+13  1.999592258697889e-04  3.005649733925664e-07  1.643452306518903e-06 -9.451710093971475e-06  6.507522258390935e-01 -4.964555009953817e-04  3.237646058900880e-05  4.098524824367202e-02 
 5.128613839913441e+13  1.999592610714268e-04  2.937233702077218e-07  1.571578642386892e-06 -9.248830088312423e-06  6.507521667786553e-01 -4.851547559584492e-04  3.237793123622779e-05  4.193990487734476e-02 
 5.248074602497513e+13  1.999592946887262e-04  2.870374948536055e-07  1.502760575172446e-06 -9.049779313441547e-06  6.507521103792122e-01 -4.741112493517157e-04  3.237933933595867e-05  4.291679858188412e-02 
 5.370317963702309e+13  1.999593267929942e-04  2.805038029376598e-07  1.436875725593061e-06 -8.854520110522109e-06  6.507520565207596e-01 -4.633191256260943e-04  3.238068739553717e-05  4.391644732064249e-02 
 5.495408738576023e+13  1.999593574523289e-04  2.741188307204300e-07  1.373805967884542e-06 -8.663012701400255e-06  6.507520050887146e-01 -4.527726625216584e-04  3.238197783494209e-05  4.493938112190869e-02 
 5.623413251903262e+13  1.999593867317630e-04  2.678791932814917e-07  1.313437339100175e-06 -8.475215401999220e-06  6.507519559736693e-01 -4.424662680341060e-04  3.238321298867971e-05  4.598614235994073e-02 
 5.754399373371335e+13  1.999594146934025e-04  2.617815827270035e-07  1.255659944799789e-06 -8.291084823176678e-06  6.507519090711569e-01 -4.323944774501948e-04  3.238439510774028e-05  4.705728604254440e-02 
 5.888436553555650e+13  1.999594413965583e-04  2.558227664379491e-07  1.200367861828449e-06 -8.110576059521782e-06  6.507518642814274e-01 -4.225519504505734e-04  3.238552636161094e-05  4.815338010534996e-02 
 6.025595860743332e+13  1.999594668978716e-04  2.499995853581447e-07  1.147459038821929e-06 -7.933642866574041e-06  6.507518215092347e-01 -4.129334682785040e-04  3.238660884033406e-05  4.927500571294327e-02 
 6.165950018614570e+13  1.999594912514344e-04  2.443089523211210e-07  1.096835195017251e-06 -7.760237826947935e-06  6.507517806636329e-01 -4.035339309729702e-04  3.238764455659791e-05  5.042275756701087e-02 
 6.309573444801675e+13  1.999595145089041e-04  2.387478504149974e-07  1.048401717891445e-06 -7.590312505846077e-06  6.507517416577808e-01 -3.943483546647170e-04  3.238863544784957e-05  5.159724422166228e-02 
 6.456542290346291e+13  1.999595367196134e-04  2.333133313844887e-07  1.002067560100154e-06 -7.423817596439815e-06  6.507517044087564e-01 -3.853718689337998e-04  3.238958337842088e-05  5.279908840609690e-02 
 6.606934480075690e+13  1.999595579306741e-04  2.280025140692068e-07  9.577451361396192e-07 -7.260703055589859e-06  6.507516688373804e-01 -3.765997142272438e-04  3.239049014165820e-05  5.402892735478668e-02 
 6.760829753919541e+13  1.999595781870782e-04  2.228125828774374e-07  9.153502191109523e-07 -7.100918230371406e-06  6.507516348680464e-01 -3.680272393354547e-04  3.239135746204915e-05  5.528741314534930e-02 
 6.918309709189081e+13  1.999595975317923e-04  2.177407862945873e-07  8.748018379241468e-07 -6.944411975858410e-06  6.507516024285589e-01 -3.596498989260471e-04  3.239218699733888e-05  5.657521304429125e-02 
 7.079457843841089e+13  1.999596160058493e-04  2.127844354255185e-07  8.360221752409498e-07 -6.791132764610496e-06  6.507515714499796e-01 -3.514632511337818e-04  3.239298034062994e-05  5.789300986080428e-02 
 7.244359600749603e+13  1.999596336484355e-04  2.079409025700013e-07  7.989364664203491e-07 -6.641028788293690e-06  6.507515418664807e-01 -3.434629552053524e-04  3.239373902246105e-05  5.924150230880238e-02 
 7.413102413008870e+13  1.999596504969733e-04  2.032076198305390e-07  7.634728996978344e-07 -6.494048051853077e-06  6.507515136152026e-01 -3.356447691977609e-04  3.239446451285938e-05  6.062140537739162e-02 
 7.585775750291525e+13  1.999596665872008e-04  1.985820777518286e-07  7.295625177996895e-07 -6.350138460641717e-06  6.507514866361211e-01 -3.280045477290719e-04  3.239515822336244e-05  6.203345070996921e-02 
 7.762471166286597e+13  1.999596819532478e-04  1.940618239911407e-07  6.971391211661232e-07 -6.209247900895821e-06  6.507514608719203e-01 -3.205382397803579e-04  3.239582150900658e-05  6.347838699215277e-02 
 7.943282347242488e+13  1.999596966277076e-04  1.896444620189225e-07  6.661391729319772e-07 -6.071324313931587e-06  6.507514362678669e-01 -3.132418865476698e-04  3.239645567027880e-05  6.495698034874522e-02 
 8.128305161640658e+13  1.999597106417072e-04  1.853276498489320e-07  6.365017057908864e-07 -5.936315764424405e-06  6.507514127716971e-01 -3.061116193428919e-04  3.239706195502887e-05  6.647001474994649e-02 
 8.317637711026367e+13  1.999597240249720e-04  1.811090987972405e-07  6.081682308479360e-07 -5.804170503116114e-06  6.507513903335027e-01 -2.991436575423796e-04  3.239764156034082e-05  6.801829242702648e-02 
 8.511380382023414e+13  1.999597368058899e-04  1.769865722694439e-07  5.810826485469830e-07 -5.674837024281283e-06  6.507513689056265e-01 -2.923343065822828e-04  3.239819563436084e-05  6.960263429768075e-02 
 8.709635899560447e+13  1.999597490115712e-04  1.729578845754489e-07  5.551911617417132e-07 -5.548264118268714e-06  6.507513484425587e-01 -2.856799559995037e-04  3.239872527808122e-05  7.122388040129317e-02 
 8.912509381337088e+13  1.999597606679056e-04  1.690208997712021e-07  5.304421909640521e-07 -5.424400919419813e-06  6.507513289008415e-01 -2.791770775172419e-04  3.239923154707855e-05  7.288289034433781e-02 
 9.120108393558720e+13  1.999597717996179e-04  1.651735305267551e-07  5.067862919296793e-07 -5.303196949651294e-06  6.507513102389765e-01 -2.728222231741207e-04  3.239971545320596e-05  7.458054375615489e-02 
 9.332543007969525e+13  1.999597824303201e-04  1.614137370200695e-07  4.841760753078972e-07 -5.184602157975538e-06  6.507512924173350e-01 -2.666120234958964e-04  3.240017796623847e-05  7.631774075534331e-02 
 9.549925860213964e+13  1.999597925825614e-04  1.577395258559727e-07  4.625661287719779e-07 -5.068566956218502e-06  6.507512753980740e-01 -2.605431857087889e-04  3.240062001547145e-05  7.809540242701664e-02 
 9.772372209557702e+13  1.999598022778762e-04  1.541489490096968e-07  4.419129413361590e-07 -4.955042251181715e-06  6.507512591450573e-01 -2.546124919934783e-04  3.240104249127174e-05  7.991447131117603e-02 
 9.999999999999584e+13  1.999598115368295e-04  1.506401027944455e-07  4.221748299766286e-07 -4.843979473482048e-06  6.507512436237760e-01 -2.488167977788521e-04  3.240144624658210e-05  8.177591190245825e-02 
