 frequency              v(out)                 v(out)                 v(xdut.e)              v(xdut.e)              v(xdut.x)              v(xdut.x)              i(VIN)                 i(VIN)                
 1.000000000000000e+00  1.951978028087758e-02 -6.309303451091148e-12  9.804802197729658e-01 -1.126279669335164e-13  9.649321794199839e-01 -7.283455257696491e-12  9.416375288734147e-27  3.508338657741696e-15 
 1.023292992280754e+00  1.951978028087758e-02 -6.456266007674350e-12  9.804802197729658e-01 -1.152514092978958e-13  9.649321794199839e-01 -7.453108724791232e-12  9.860155383994554e-27  3.590058363014745e-15 
 1.047128548050899e+00  1.951978028087758e-02 -6.606651761953604e-12  9.804802197729658e-01 -1.179359594850177e-13  9.649321794199839e-01 -7.626713928785417e-12  1.032485019079848e-26  3.673681564751903e-15 
 1.071519305237606e+00  1.951978028087758e-02 -6.760540450446419e-12  9.804802197729658e-01 -1.206830408789256e-13  9.649321794199839e-01 -7.804362917456133e-12  1.081144538913386e-26  3.759252601081618e-15 
 1.096478196143185e+00  1.951978028087758e-02 -6.918013666972392e-12  9.804802197729658e-01 -1.234941100185363e-13  9.649321794199839e-01 -7.986149882648644e-12  1.132097311265533e-26  3.846816842900016e-15 
 1.122018454301963e+00  1.951978028087758e-02 -7.079154905915333e-12  9.804802197729658e-01 -1.263706573699167e-13  9.649321794199839e-01 -8.172171210218119e-12  1.185451413797804e-26  3.936420717927162e-15 
 1.148153621496882e+00  1.951978028087758e-02 -7.244049606493081e-12  9.804802197729658e-01 -1.293142081165480e-13  9.649321794199839e-01 -8.362525531134734e-12  1.241320017714981e-26  4.028111735323640e-15 
 1.174897554939529e+00  1.951978028087758e-02 -7.412785198058525e-12  9.804802197729658e-01 -1.323263229679985e-13  9.649321794199839e-01 -8.557313773779064e-12  1.299821627816405e-26  4.121938510880548e-15 
 1.202264434617413e+00  1.951978028087758e-02 -7.585451146455789e-12  9.804802197729658e-01 -1.354085989874327e-13  9.649321794199839e-01 -8.756639217455693e-12  1.361080333860549e-26  4.217950792796232e-15 
 1.230268770812381e+00  1.951978028087758e-02 -7.762139001456222e-12  9.804802197729658e-01 -1.385626704383947e-13  9.649321794199839e-01 -8.960607547153234e-12  1.425226073776030e-26  4.316199488053436e-15 
 1.258925411794167e+00  1.951978028087758e-02 -7.942942445299281e-12  9.804802197729658e-01 -1.417902096513169e-13  9.649321794199839e-01 -9.169326909579944e-12  1.492394909277379e-26  4.416736689410860e-15 
 1.288249551693134e+00  1.951978028087758e-02 -8.127957342364114e-12  9.804802197729658e-01 -1.450929279102116e-13  9.649321794199839e-01 -9.382907970504501e-12  1.562729314470176e-26  4.519615703023430e-15 
 1.318256738556407e+00  1.951978028087758e-02 -8.317281789998098e-12  9.804802197729658e-01 -1.484725763600161e-13  9.649321794199839e-01 -9.601463973432488e-12  1.636378478057733e-26  4.624891076705930e-15 
 1.348962882591653e+00  1.951978028087758e-02 -8.511016170529380e-12  9.804802197729658e-01 -1.519309469350737e-13  9.649321794199839e-01 -9.825110799649589e-12  1.713498619790335e-26  4.732618628854970e-15 
 1.380384264602885e+00  1.951978028087758e-02 -8.709263204490899e-12  9.804802197729658e-01 -1.554698733092400e-13  9.649321794199839e-01 -1.005396702966338e-11  1.794253321828274e-26  4.842855478044643e-15 
 1.412537544622754e+00  1.951978028087758e-02 -8.912128005084159e-12  9.804802197729658e-01 -1.590912318681220e-13  9.649321794199839e-01 -1.028815400607629e-11  1.878813875721544e-26  4.955660073311544e-15 
 1.445439770745927e+00  1.951978028087758e-02 -9.119718133911675e-12  9.804802197729658e-01 -1.627969427039618e-13  9.649321794199839e-01 -1.052779589792303e-11  1.967359645742182e-26  5.071092225145231e-15 
 1.479108388168207e+00  1.951978028087758e-02 -9.332143658007535e-12  9.804802197729658e-01 -1.665889706336955e-13  9.649321794199839e-01 -1.077301976650671e-11  2.060078449339943e-26  5.189213137200530e-15 
 1.513561248436208e+00  1.951978028087758e-02 -9.549517208196393e-12  9.804802197729658e-01 -1.704693262407249e-13  9.649321794199839e-01 -1.102395563276836e-11  2.157166955528284e-26  5.310085438748530e-15 
 1.548816618912481e+00  1.951978028087758e-02 -9.771954038811839e-12  9.804802197729658e-01 -1.744400669409555e-13  9.649321794199839e-01 -1.128073654622581e-11  2.258831102045710e-26  5.433773217883445e-15 
 1.584893192461113e+00  1.951978028087758e-02 -9.999572088805769e-12  9.804802197729658e-01 -1.785032980736654e-13  9.649321794199839e-01 -1.154349865551827e-11  2.365286532177338e-26  5.560342055502972e-15 
 1.621810097358929e+00  1.951978028087758e-02 -1.023249204428116e-11  9.804802197729658e-01 -1.826611740177845e-13  9.649321794199839e-01 -1.181238128059415e-11  2.476759052163203e-26  5.689859060080155e-15 
 1.659586907437560e+00  1.951978028087758e-02 -1.047083740248148e-11  9.804802197729658e-01 -1.869158993341742e-13  9.649321794199839e-01 -1.208752698658035e-11  2.593485110163577e-26  5.822392903245181e-15 
 1.698243652461743e+00  1.951978028087758e-02 -1.071473453727052e-11  9.804802197729658e-01 -1.912697299345154e-13  9.649321794199839e-01 -1.236908165937218e-11  2.715712297797214e-26  5.958013856195990e-15 
 1.737800828749374e+00  1.951978028087758e-02 -1.096431276613749e-11  9.804802197729658e-01 -1.957249742774219e-13  9.649321794199839e-01 -1.265719458298395e-11  2.843699875316368e-26  6.096793826956987e-15 
 1.778279410038922e+00  1.951978028087758e-02 -1.121970441876290e-11  9.804802197729658e-01 -2.002839945924167e-13  9.649321794199839e-01 -1.295201851870140e-11  2.977719321532553e-26  6.238806398505646e-15 
 1.819700858609982e+00  1.951978028087758e-02 -1.148104490718149e-11  9.804802197729658e-01 -2.049492081324164e-13  9.649321794199839e-01 -1.325370978607769e-11  3.118054909659490e-26  6.384126867787156e-15 
 1.862087136662866e+00  1.951978028087758e-02 -1.174847279757946e-11  9.804802197729658e-01 -2.097230884553915e-13  9.649321794199839e-01 -1.356242834581616e-11  3.265004310294721e-26  6.532832285637878e-15 
 1.905460717963246e+00  1.951978028087758e-02 -1.202212988376413e-11  9.804802197729658e-01 -2.146081667358788e-13  9.649321794199839e-01 -1.387833788458353e-11  3.418879222818840e-26  6.685001497638701e-15 
 1.949844599758044e+00  1.951978028087758e-02 -1.230216126234487e-11  9.804802197729658e-01 -2.196070331070444e-13  9.649321794199839e-01 -1.420160590179883e-11  3.580006036551679e-26  6.840715185920030e-15 
 1.995262314968878e+00  1.951978028087758e-02 -1.258871540966526e-11  9.804802197729658e-01 -2.247223380340061e-13  9.649321794199839e-01 -1.453240379844374e-11  3.748726523067815e-26  7.000055911940503e-15 
 2.041737944669527e+00  1.951978028087758e-02 -1.288194426052720e-11  9.804802197729658e-01 -2.299567937191452e-13  9.649321794199839e-01 -1.487090696794169e-11  3.925398561139896e-26  7.163108160262178e-15 
 2.089296130854037e+00  1.951978028087758e-02 -1.318200328874876e-11  9.804802197729658e-01 -2.353131755401523e-13  9.649321794199839e-01 -1.521729488915377e-11  4.110396895847511e-26  7.329958383345373e-15 
 2.137962089502230e+00  1.951978028087758e-02 -1.348905158959846e-11  9.804802197729658e-01 -2.407943235215688e-13  9.649321794199839e-01 -1.557175122154079e-11  4.304113933461727e-26  7.500695047386885e-15 
 2.187761623949550e+00  1.951978028087758e-02 -1.380325196414967e-11  9.804802197729658e-01 -2.464031438406060e-13  9.649321794199839e-01 -1.593446390254196e-11  4.506960573791425e-26  7.675408679225959e-15 
 2.238721138568337e+00  1.951978028087758e-02 -1.412477100559992e-11  9.804802197729658e-01 -2.521426103680388e-13  9.649321794199839e-01 -1.630562524722182e-11  4.719367081756862e-26  7.854191914342801e-15 
 2.290867652767770e+00  1.951978028087758e-02 -1.445377918760078e-11  9.804802197729658e-01 -2.580157662449907e-13  9.649321794199839e-01 -1.668543205023824e-11  4.941784000039275e-26  8.037139545975150e-15 
 2.344228815319919e+00  1.951978028087758e-02 -1.479045095464528e-11  9.804802197729658e-01 -2.640257254964482e-13  9.649321794199839e-01 -1.707408569018548e-11  5.174683104742293e-26  8.224348575378892e-15 
 2.398832919019488e+00  1.951978028087758e-02 -1.513496481456071e-11  9.804802197729658e-01 -2.701756746823574e-13  9.649321794199839e-01 -1.747179223636790e-11  5.418558406092316e-26  8.415918263259425e-15 
 2.454708915685027e+00  1.951978028087758e-02 -1.548750343315575e-11  9.804802197729658e-01 -2.764688745871811e-13  9.649321794199839e-01 -1.787876255806056e-11  5.673927196300441e-26  8.611950182400983e-15 
 2.511886431509577e+00  1.951978028087758e-02 -1.584825373107241e-11  9.804802197729658e-01 -2.829086619488091e-13  9.649321794199839e-01 -1.829521243631491e-11  5.941331146808595e-26  8.812548271521887e-15 
 2.570395782768860e+00  1.951978028087758e-02 -1.621740698289370e-11  9.804802197729658e-01 -2.894984512277412e-13  9.649321794199839e-01 -1.872136267836874e-11  6.221337457247267e-26  9.017818890384218e-15 
 2.630267991895378e+00  1.951978028087758e-02 -1.659515891856010e-11  9.804802197729658e-01 -2.962417364174793e-13  9.649321794199839e-01 -1.915743923472118e-11  6.514540058542006e-26  9.227870876187177e-15 
 2.691534803926912e+00  1.951978028087758e-02 -1.698170982714801e-11  9.804802197729658e-01 -3.031420928970888e-13  9.649321794199839e-01 -1.960367331893456e-11  6.821560872720515e-26  9.442815601274002e-15 
 2.754228703338163e+00  1.951978028087758e-02 -1.737726466306577e-11  9.804802197729658e-01 -3.102031793269123e-13  9.649321794199839e-01 -2.006030153022692e-11  7.143051132092655e-26  9.662767032183061e-15 
 2.818382931264450e+00  1.951978028087758e-02 -1.778203315472318e-11  9.804802197729658e-01 -3.174287395884395e-13  9.649321794199839e-01 -2.052756597892010e-11  7.479692760601519e-26  9.887841790074427e-15 
 2.884031503126602e+00  1.951978028087758e-02 -1.819622991573226e-11  9.804802197729658e-01 -3.248226047693624e-13  9.649321794199839e-01 -2.100571441480976e-11  7.832199820275492e-26  1.011815921256395e-14 
 2.951209226666381e+00  1.951978028087758e-02 -1.862007455869824e-11  9.804802197729658e-01 -3.323886951948697e-13  9.649321794199839e-01 -2.149500035852565e-11  8.201320025849592e-26  1.035384141699764e-14 
 3.019951720402012e+00  1.951978028087758e-02 -1.905379181166106e-11  9.804802197729658e-01 -3.401310225062537e-13  9.649321794199839e-01 -2.199568323595159e-11  8.587836330768650e-26  1.059501336519992e-14 
 3.090295432513586e+00  1.951978028087758e-02 -1.949761163724919e-11  9.804802197729658e-01 -3.480536917879369e-13  9.649321794199839e-01 -2.250802851577653e-11  8.992568587936539e-26  1.084180292973001e-14 
 3.162277660168374e+00  1.951978028087758e-02 -1.995176935460877e-11  9.804802197729658e-01 -3.561609037440412e-13  9.649321794199839e-01 -2.303230785024950e-11  9.416375288734114e-26  1.109434096168167e-14 
 3.235936569296277e+00  1.951978028087758e-02 -2.041650576417305e-11  9.804802197729658e-01 -3.644569569256577e-13  9.649321794199839e-01 -2.356879921921332e-11  9.860155383994524e-26  1.135276136006217e-14 
 3.311311214825905e+00  1.951978028087758e-02 -2.089206727533791e-11  9.804802197729658e-01 -3.729462500099941e-13  9.649321794199839e-01 -2.411778707749309e-11  1.032485019079844e-25  1.161720114278734e-14 
 3.388441561392020e+00  1.951978028087758e-02 -2.137870603711136e-11  9.804802197729658e-01 -3.816332841326130e-13  9.649321794199839e-01 -2.467956250571801e-11  1.081144538913383e-25  1.188780051933026e-14 
 3.467368504525310e+00  1.951978028087758e-02 -2.187668007180629e-11  9.804802197729658e-01 -3.905226652739928e-13  9.649321794199839e-01 -2.525442336465609e-11  1.132097311265530e-25  1.216470296506216e-14 
 3.548133892335748e+00  1.951978028087758e-02 -2.238625341184741e-11  9.804802197729658e-01 -3.996191067016795e-13  9.649321794199839e-01 -2.584267445314391e-11  1.185451413797801e-25  1.244805529732502e-14 
 3.630780547701007e+00  1.951978028087758e-02 -2.290769623976458e-11  9.804802197729658e-01 -4.089274314693236e-13  9.649321794199839e-01 -2.644462766969504e-11  1.241320017714978e-25  1.273800775327601e-14 
 3.715352290971718e+00  1.951978028087758e-02 -2.344128503144727e-11  9.804802197729658e-01 -4.184525749739271e-13  9.649321794199839e-01 -2.706060217787266e-11  1.299821627816401e-25  1.303471406954525e-14 
 3.801893963205605e+00  1.951978028087758e-02 -2.398730270273573e-11  9.804802197729658e-01 -4.281995875726564e-13  9.649321794199839e-01 -2.769092457551441e-11  1.361080333860545e-25  1.333833156374901e-14 
 3.890451449942799e+00  1.951978028087758e-02 -2.454603875942666e-11  9.804802197729658e-01 -4.381736372606084e-13  9.649321794199839e-01 -2.833592906789881e-11  1.425226073776026e-25  1.364902121790155e-14 
 3.981071705534965e+00  1.951978028087758e-02 -2.511778945077308e-11  9.804802197729658e-01 -4.483800124109497e-13  9.649321794199839e-01 -2.899595764494537e-11  1.492394909277374e-25  1.396694776376998e-14 
 4.073802778041119e+00  1.951978028087758e-02 -2.570285792655954e-11  9.804802197729658e-01 -4.588241245788824e-13  9.649321794199839e-01 -2.967136026254215e-11  1.562729314470170e-25  1.429227977021717e-14 
 4.168693834703346e+00  1.951978028087758e-02 -2.630155439783622e-11  9.804802197729658e-01 -4.695115113709220e-13  9.649321794199839e-01 -3.036249502809702e-11  1.636378478057727e-25  1.462518973257922e-14 
 4.265795188015918e+00  1.951978028087758e-02 -2.691419630139685e-11  9.804802197729658e-01 -4.804478393810100e-13  9.649321794199839e-01 -3.106972839041092e-11  1.713498619790328e-25  1.496585416412475e-14 
 4.365158322401651e+00  1.951978028087758e-02 -2.754110846808799e-11  9.804802197729658e-01 -4.916389071950170e-13  9.649321794199839e-01 -3.179343533397389e-11  1.794253321828267e-25  1.531445368964460e-14 
 4.466835921509622e+00  1.951978028087758e-02 -2.818262329503856e-11  9.804802197729658e-01 -5.030906484652289e-13  9.649321794199839e-01 -3.253399957778679e-11  1.878813875721536e-25  1.567117314122146e-14 
 4.570881896148741e+00  1.951978028087758e-02 -2.883908092190130e-11  9.804802197729658e-01 -5.148091350564491e-13  9.649321794199839e-01 -3.329181377881424e-11  1.967359645742176e-25  1.603620165623029e-14 
 4.677351412871972e+00  1.951978028087758e-02 -2.951082941119919e-11  9.804802197729658e-01 -5.268005802653807e-13  9.649321794199839e-01 -3.406727974017648e-11  2.060078449339937e-25  1.640973277762148e-14 
 4.786300923226373e+00  1.951978028087758e-02 -3.019822493287291e-11  9.804802197729658e-01 -5.390713421149990e-13  9.649321794199839e-01 -3.486080862419069e-11  2.157166955528276e-25  1.679196455653986e-14 
 4.897788193684452e+00  1.951978028087758e-02 -3.090163195312679e-11  9.804802197729658e-01 -5.516279267256595e-13  9.649321794199839e-01 -3.567282117037482e-11  2.258831102045704e-25  1.718309965733404e-14 
 5.011872336272712e+00  1.951978028087758e-02 -3.162142342767368e-11  9.804802197729658e-01 -5.644769917647286e-13  9.649321794199839e-01 -3.650374791852908e-11  2.365286532177330e-25  1.758334546501175e-14 
 5.128613839913638e+00  1.951978028087758e-02 -3.235798099948094e-11  9.804802197729658e-01 -5.776253499765678e-13  9.649321794199839e-01 -3.735402943701397e-11  2.476759052163195e-25  1.799291419519810e-14 
 5.248074602497715e+00  1.951978028087758e-02 -3.311169520112264e-11  9.804802197729658e-01 -5.910799727947398e-13  9.649321794199839e-01 -3.822411655634540e-11  2.593485110163569e-25  1.841202300665512e-14 
 5.370317963702516e+00  1.951978028087758e-02 -3.388296566184508e-11  9.804802197729658e-01 -6.048479940383561e-13  9.649321794199839e-01 -3.911447060823101e-11  2.715712297797206e-25  1.884089411642220e-14 
 5.495408738576233e+00  1.951978028087758e-02 -3.467220131945548e-11  9.804802197729658e-01 -6.189367136945210e-13  9.649321794199839e-01 -4.002556367017429e-11  2.843699875316358e-25  1.927975491763853e-14 
 5.623413251903478e+00  1.951978028087758e-02 -3.547982063714632e-11  9.804802197729658e-01 -6.333536017888829e-13  9.649321794199839e-01 -4.095787881577650e-11  2.977719321532542e-25  1.972883810010991e-14 
 5.754399373371556e+00  1.951978028087758e-02 -3.630625182536991e-11  9.804802197729658e-01 -6.481063023463390e-13  9.649321794199839e-01 -4.191191037086845e-11  3.118054909659481e-25  2.018838177368402e-14 
 5.888436553555876e+00  1.951978028087758e-02 -3.715193306888137e-11  9.804802197729658e-01 -6.632026374440004e-13  9.649321794199839e-01 -4.288816417560874e-11  3.265004310294711e-25  2.065862959449936e-14 
 6.025595860743564e+00  1.951978028087758e-02 -3.801731275906992e-11  9.804802197729658e-01 -6.786506113585592e-13  9.649321794199839e-01 -4.388715785268691e-11  3.418879222818829e-25  2.113983089417500e-14 
 6.165950018614807e+00  1.951978028087758e-02 -3.890284973170193e-11  9.804802197729658e-01 -6.944584148102633e-13  9.649321794199839e-01 -4.490942108177378e-11  3.580006036551667e-25  2.163224081200946e-14 
 6.309573444801917e+00  1.951978028087758e-02 -3.980901351020180e-11  9.804802197729658e-01 -7.106344293057435e-13  9.649321794199839e-01 -4.595549588036468e-11  3.748726523067803e-25  2.213612043025901e-14 
 6.456542290346539e+00  1.951978028087758e-02 -4.073628455459937e-11  9.804802197729658e-01 -7.271872315820002e-13  9.649321794199839e-01 -4.702593689116423e-11  3.925398561139885e-25  2.265173691256687e-14 
 6.606934480075944e+00  1.951978028087758e-02 -4.168515451627626e-11  9.804802197729658e-01 -7.441255981539026e-13  9.649321794199839e-01 -4.812131167616537e-11  4.110396895847500e-25  2.317936364561697e-14 
 6.760829753919801e+00  1.951978028087758e-02 -4.265612649864592e-11  9.804802197729658e-01 -7.614585099676131e-13  9.649321794199839e-01 -4.924220101757805e-11  4.304113933461717e-25  2.371928038408712e-14 
 6.918309709189348e+00  1.951978028087758e-02 -4.364971532390576e-11  9.804802197729658e-01 -7.791951571624031e-13  9.649321794199839e-01 -5.038919922576784e-11  4.506960573791413e-25  2.427177339897870e-14 
 7.079457843841362e+00  1.951978028087758e-02 -4.466644780600260e-11  9.804802197729658e-01 -7.973449439433881e-13  9.649321794199839e-01 -5.156291445436702e-11  4.719367081756849e-25  2.483713562940132e-14 
 7.244359600749883e+00  1.951978028087758e-02 -4.570686302995653e-11  9.804802197729658e-01 -8.159174935677597e-13  9.649321794199839e-01 -5.276396902272577e-11  4.941784000039260e-25  2.541566683789301e-14 
 7.413102413009157e+00  1.951978028087758e-02 -4.677151263769081e-11  9.804802197729658e-01 -8.349226534471659e-13  9.649321794199839e-01 -5.399299974587408e-11  5.174683104742279e-25  2.600767376935827e-14 
 7.585775750291819e+00  1.951978028087758e-02 -4.786096112051973e-11  9.804802197729658e-01 -8.543705003689374e-13  9.649321794199839e-01 -5.525065827216949e-11  5.418558406092303e-25  2.661347031370831e-14 
 7.762471166286898e+00  1.951978028087758e-02 -4.897578611844946e-11  9.804802197729658e-01 -8.742713458389352e-13  9.649321794199839e-01 -5.653761142880972e-11  5.673927196300429e-25  2.723337767228959e-14 
 7.943282347242794e+00  1.951978028087758e-02 -5.011657872645036e-11  9.804802197729658e-01 -8.946357415488459e-13  9.649321794199839e-01 -5.785454157539324e-11  5.941331146808577e-25  2.786772452818909e-14 
 8.128305161640972e+00  1.951978028087758e-02 -5.128394380786338e-11  9.804802197729658e-01 -9.154744849708299e-13  9.649321794199839e-01 -5.920214696571545e-11  6.221337457247252e-25  2.851684722050638e-14 
 8.317637711026689e+00  1.951978028087758e-02 -5.247850031510657e-11  9.804802197729658e-01 -9.367986250824828e-13  9.649321794199839e-01 -6.058114211799194e-11  6.514540058541991e-25  2.918108992268509e-14 
 8.511380382023743e+00  1.951978028087758e-02 -5.370088161785190e-11  9.804802197729658e-01 -9.586194682251504e-13  9.649321794199839e-01 -6.199225819370560e-11  6.821560872720499e-25  2.986080482499818e-14 
 8.709635899560784e+00  1.951978028087758e-02 -5.495173583884621e-11  9.804802197729658e-01 -9.809485840986993e-13  9.649321794199839e-01 -6.343624338527808e-11  7.143051132092641e-25  3.055635232128397e-14 
 8.912509381337431e+00  1.951978028087758e-02 -5.623172619755449e-11  9.804802197729658e-01 -1.003797811895927e-12  9.649321794199839e-01 -6.491386331277139e-11  7.479692760601497e-25  3.126810120003163e-14 
 9.120108393559072e+00  1.951978028087758e-02 -5.754153136180761e-11  9.804802197729658e-01 -1.027179266579856e-12  9.649321794199839e-01 -6.642590142982971e-11  7.832199820275471e-25  3.199642883991781e-14 
 9.332543007969884e+00  1.951978028087758e-02 -5.888184580764096e-11  9.804802197729658e-01 -1.051105345307252e-12  9.649321794199839e-01 -6.797315943907687e-11  8.201320025849570e-25  3.274172140989771e-14 
 9.549925860214332e+00  1.951978028087758e-02 -6.025338018751489e-11  9.804802197729658e-01 -1.075588734001753e-12  9.649321794199839e-01 -6.955645771718975e-11  8.587836330768627e-25  3.350437407395706e-14 
 9.772372209558078e+00  1.951978028087758e-02 -6.165686170711203e-11  9.804802197729658e-01 -1.100642414080122e-12  9.649321794199839e-01 -7.117663574987284e-11  8.992568587936512e-25  3.428479120063324e-14 
 9.999999999999970e+00  1.951978028087758e-02 -6.309303451091130e-11  9.804802197729658e-01 -1.126279669335161e-12  9.649321794199839e-01 -7.283455257696468e-11  9.416375288734089e-25  3.508338657741685e-14 
 1.023292992280751e+01  1.951978028087758e-02 -6.456266007674331e-11  9.804802197729658e-01 -1.152514092978955e-12  9.649321794199839e-01 -7.453108724791210e-11  9.860155383994498e-25  3.590058363014734e-14 
 1.047128548050896e+01  1.951978028087758e-02 -6.606651761953584e-11  9.804802197729658e-01 -1.179359594850174e-12  9.649321794199839e-01 -7.626713928785395e-11  1.032485019079842e-24  3.673681564751893e-14 
 1.071519305237603e+01  1.951978028087758e-02 -6.760540450446399e-11  9.804802197729658e-01 -1.206830408789252e-12  9.649321794199839e-01 -7.804362917456112e-11  1.081144538913380e-24  3.759252601081607e-14 
 1.096478196143182e+01  1.951978028087758e-02 -6.918013666972376e-11  9.804802197729658e-01 -1.234941100185360e-12  9.649321794199839e-01 -7.986149882648619e-11  1.132097311265527e-24  3.846816842900006e-14 
 1.122018454301960e+01  1.951978028087758e-02 -7.079154905915312e-11  9.804802197729658e-01 -1.263706573699163e-12  9.649321794199839e-01 -8.172171210218098e-11  1.185451413797798e-24  3.936420717927150e-14 
 1.148153621496879e+01  1.951978028087758e-02 -7.244049606493060e-11  9.804802197729658e-01 -1.293142081165476e-12  9.649321794199839e-01 -8.362525531134711e-11  1.241320017714974e-24  4.028111735323628e-14 
 1.174897554939526e+01  1.951978028087758e-02 -7.412785198058501e-11  9.804802197729658e-01 -1.323263229679982e-12  9.649321794199839e-01 -8.557313773779040e-11  1.299821627816398e-24  4.121938510880536e-14 
 1.202264434617409e+01  1.951978028087758e-02 -7.585451146455769e-11  9.804802197729658e-01 -1.354085989874323e-12  9.649321794199839e-01 -8.756639217455664e-11  1.361080333860541e-24  4.217950792796220e-14 
 1.230268770812378e+01  1.951978028087758e-02 -7.762139001456199e-11  9.804802197729658e-01 -1.385626704383943e-12  9.649321794199839e-01 -8.960607547153209e-11  1.425226073776022e-24  4.316199488053423e-14 
 1.258925411794163e+01  1.951978028087758e-02 -7.942942445299260e-11  9.804802197729658e-01 -1.417902096513165e-12  9.649321794199839e-01 -9.169326909579914e-11  1.492394909277369e-24  4.416736689410845e-14 
 1.288249551693130e+01  1.951978028087758e-02 -8.127957342364088e-11  9.804802197729658e-01 -1.450929279102111e-12  9.649321794199839e-01 -9.382907970504473e-11  1.562729314470166e-24  4.519615703023416e-14 
 1.318256738556403e+01  1.951978028087758e-02 -8.317281789998073e-11  9.804802197729658e-01 -1.484725763600157e-12  9.649321794199839e-01 -9.601463973432457e-11  1.636378478057722e-24  4.624891076705916e-14 
 1.348962882591649e+01  1.951978028087758e-02 -8.511016170529356e-11  9.804802197729658e-01 -1.519309469350732e-12  9.649321794199839e-01 -9.825110799649557e-11  1.713498619790323e-24  4.732618628854955e-14 
 1.380384264602880e+01  1.951978028087758e-02 -8.709263204490867e-11  9.804802197729658e-01 -1.554698733092395e-12  9.649321794199839e-01 -1.005396702966335e-10  1.794253321828262e-24  4.842855478044626e-14 
 1.412537544622749e+01  1.951978028087758e-02 -8.912128005084129e-11  9.804802197729658e-01 -1.590912318681214e-12  9.649321794199839e-01 -1.028815400607625e-10  1.878813875721531e-24  4.955660073311527e-14 
 1.445439770745922e+01  1.951978028087758e-02 -9.119718133911646e-11  9.804802197729658e-01 -1.627969427039613e-12  9.649321794199839e-01 -1.052779589792299e-10  1.967359645742169e-24  5.071092225145214e-14 
 1.479108388168202e+01  1.951978028087758e-02 -9.332143658007504e-11  9.804802197729658e-01 -1.665889706336950e-12  9.649321794199839e-01 -1.077301976650667e-10  2.060078449339930e-24  5.189213137200514e-14 
 1.513561248436203e+01  1.951978028087758e-02 -9.549517208196362e-11  9.804802197729658e-01 -1.704693262407244e-12  9.649321794199839e-01 -1.102395563276832e-10  2.157166955528270e-24  5.310085438748513e-14 
 1.548816618912476e+01  1.951978028087758e-02 -9.771954038811806e-11  9.804802197729658e-01 -1.744400669409549e-12  9.649321794199839e-01 -1.128073654622577e-10  2.258831102045695e-24  5.433773217883426e-14 
 1.584893192461108e+01  1.951978028087758e-02 -9.999572088805733e-11  9.804802197729658e-01 -1.785032980736648e-12  9.649321794199839e-01 -1.154349865551823e-10  2.365286532177323e-24  5.560342055502953e-14 
 1.621810097358924e+01  1.951978028087758e-02 -1.023249204428113e-10  9.804802197729658e-01 -1.826611740177839e-12  9.649321794199839e-01 -1.181238128059411e-10  2.476759052163187e-24  5.689859060080135e-14 
 1.659586907437554e+01  1.951978028087758e-02 -1.047083740248145e-10  9.804802197729658e-01 -1.869158993341736e-12  9.649321794199839e-01 -1.208752698658031e-10  2.593485110163560e-24  5.822392903245161e-14 
 1.698243652461738e+01  1.951978028087758e-02 -1.071473453727048e-10  9.804802197729658e-01 -1.912697299345147e-12  9.649321794199839e-01 -1.236908165937214e-10  2.715712297797196e-24  5.958013856195968e-14 
 1.737800828749369e+01  1.951978028087758e-02 -1.096431276613745e-10  9.804802197729658e-01 -1.957249742774213e-12  9.649321794199839e-01 -1.265719458298391e-10  2.843699875316349e-24  6.096793826956967e-14 
 1.778279410038916e+01  1.951978028087758e-02 -1.121970441876287e-10  9.804802197729658e-01 -2.002839945924160e-12  9.649321794199839e-01 -1.295201851870135e-10  2.977719321532532e-24  6.238806398505624e-14 
 1.819700858609976e+01  1.951978028087758e-02 -1.148104490718145e-10  9.804802197729658e-01 -2.049492081324158e-12  9.649321794199839e-01 -1.325370978607765e-10  3.118054909659470e-24  6.384126867787136e-14 
 1.862087136662860e+01  1.951978028087758e-02 -1.174847279757942e-10  9.804802197729658e-01 -2.097230884553908e-12  9.649321794199839e-01 -1.356242834581611e-10  3.265004310294700e-24  6.532832285637857e-14 
 1.905460717963240e+01  1.951978028087758e-02 -1.202212988376408e-10  9.804802197729658e-01 -2.146081667358782e-12  9.649321794199839e-01 -1.387833788458349e-10  3.418879222818819e-24  6.685001497638682e-14 
 1.949844599758038e+01  1.951978028087758e-02 -1.230216126234483e-10  9.804802197729658e-01 -2.196070331070438e-12  9.649321794199839e-01 -1.420160590179879e-10  3.580006036551657e-24  6.840715185920010e-14 
 1.995262314968872e+01  1.951978028087758e-02 -1.258871540966521e-10  9.804802197729658e-01 -2.247223380340054e-12  9.649321794199839e-01 -1.453240379844370e-10  3.748726523067792e-24  7.000055911940481e-14 
 2.041737944669521e+01  1.951978028087758e-02 -1.288194426052716e-10  9.804802197729658e-01 -2.299567937191446e-12  9.649321794199839e-01 -1.487090696794165e-10  3.925398561139875e-24  7.163108160262158e-14 
 2.089296130854031e+01  1.951978028087758e-02 -1.318200328874872e-10  9.804802197729658e-01 -2.353131755401516e-12  9.649321794199839e-01 -1.521729488915373e-10  4.110396895847488e-24  7.329958383345351e-14 
 2.137962089502224e+01  1.951978028087758e-02 -1.348905158959843e-10  9.804802197729658e-01 -2.407943235215681e-12  9.649321794199839e-01 -1.557175122154075e-10  4.304113933461705e-24  7.500695047386865e-14 
 2.187761623949544e+01  1.951978028087758e-02 -1.380325196414964e-10  9.804802197729658e-01 -2.464031438406054e-12  9.649321794199839e-01 -1.593446390254192e-10  4.506960573791398e-24  7.675408679225937e-14 
 2.238721138568331e+01  1.951978028087758e-02 -1.412477100559988e-10  9.804802197729658e-01 -2.521426103680382e-12  9.649321794199839e-01 -1.630562524722178e-10  4.719367081756836e-24  7.854191914342780e-14 
 2.290867652767764e+01  1.951978028087758e-02 -1.445377918760073e-10  9.804802197729658e-01 -2.580157662449900e-12  9.649321794199839e-01 -1.668543205023819e-10  4.941784000039247e-24  8.037139545975126e-14 
 2.344228815319913e+01  1.951978028087758e-02 -1.479045095464524e-10  9.804802197729658e-01 -2.640257254964474e-12  9.649321794199839e-01 -1.707408569018543e-10  5.174683104742261e-24  8.224348575378868e-14 
 2.398832919019481e+01  1.951978028087758e-02 -1.513496481456066e-10  9.804802197729658e-01 -2.701756746823567e-12  9.649321794199839e-01 -1.747179223636786e-10  5.418558406092286e-24  8.415918263259400e-14 
 2.454708915685020e+01  1.951978028087758e-02 -1.548750343315571e-10  9.804802197729658e-01 -2.764688745871803e-12  9.649321794199839e-01 -1.787876255806051e-10  5.673927196300411e-24  8.611950182400958e-14 
 2.511886431509570e+01  1.951978028087758e-02 -1.584825373107236e-10  9.804802197729658e-01 -2.829086619488084e-12  9.649321794199839e-01 -1.829521243631485e-10  5.941331146808561e-24  8.812548271521862e-14 
 2.570395782768853e+01  1.951978028087758e-02 -1.621740698289366e-10  9.804802197729658e-01 -2.894984512277403e-12  9.649321794199839e-01 -1.872136267836869e-10  6.221337457247232e-24  9.017818890384194e-14 
 2.630267991895371e+01  1.951978028087758e-02 -1.659515891856005e-10  9.804802197729658e-01 -2.962417364174783e-12  9.649321794199839e-01 -1.915743923472113e-10  6.514540058541970e-24  9.227870876187150e-14 
 2.691534803926904e+01  1.951978028087758e-02 -1.698170982714795e-10  9.804802197729658e-01 -3.031420928970879e-12  9.649321794199839e-01 -1.960367331893450e-10  6.821560872720472e-24  9.442815601273972e-14 
 2.754228703338154e+01  1.951978028087758e-02 -1.737726466306572e-10  9.804802197729658e-01 -3.102031793269114e-12  9.649321794199839e-01 -2.006030153022687e-10  7.143051132092616e-24  9.662767032183033e-14 
 2.818382931264442e+01  1.951978028087758e-02 -1.778203315472313e-10  9.804802197729658e-01 -3.174287395884385e-12  9.649321794199839e-01 -2.052756597892004e-10  7.479692760601474e-24  9.887841790074398e-14 
 2.884031503126593e+01  1.951978028087758e-02 -1.819622991573221e-10  9.804802197729658e-01 -3.248226047693616e-12  9.649321794199839e-01 -2.100571441480970e-10  7.832199820275447e-24  1.011815921256392e-13 
 2.951209226666373e+01  1.951978028087758e-02 -1.862007455869819e-10  9.804802197729658e-01 -3.323886951948688e-12  9.649321794199839e-01 -2.149500035852559e-10  8.201320025849545e-24  1.035384141699761e-13 
 3.019951720402003e+01  1.951978028087758e-02 -1.905379181166100e-10  9.804802197729658e-01 -3.401310225062527e-12  9.649321794199839e-01 -2.199568323595153e-10  8.587836330768600e-24  1.059501336519989e-13 
 3.090295432513577e+01  1.951978028087758e-02 -1.949761163724912e-10  9.804802197729658e-01 -3.480536917879359e-12  9.649321794199839e-01 -2.250802851577646e-10  8.992568587936487e-24  1.084180292972997e-13 
 3.162277660168365e+01  1.951978028087758e-02 -1.995176935460870e-10  9.804802197729658e-01 -3.561609037440402e-12  9.649321794199839e-01 -2.303230785024943e-10  9.416375288734061e-24  1.109434096168163e-13 
 3.235936569296268e+01  1.951978028087758e-02 -2.041650576417299e-10  9.804802197729658e-01 -3.644569569256566e-12  9.649321794199839e-01 -2.356879921921325e-10  9.860155383994470e-24  1.135276136006214e-13 
 3.311311214825896e+01  1.951978028087758e-02 -2.089206727533785e-10  9.804802197729658e-01 -3.729462500099930e-12  9.649321794199839e-01 -2.411778707749303e-10  1.032485019079839e-23  1.161720114278731e-13 
 3.388441561392010e+01  1.951978028087758e-02 -2.137870603711128e-10  9.804802197729658e-01 -3.816332841326119e-12  9.649321794199839e-01 -2.467956250571794e-10  1.081144538913377e-23  1.188780051933022e-13 
 3.467368504525301e+01  1.951978028087758e-02 -2.187668007180623e-10  9.804802197729658e-01 -3.905226652739918e-12  9.649321794199839e-01 -2.525442336465602e-10  1.132097311265524e-23  1.216470296506213e-13 
 3.548133892335738e+01  1.951978028087758e-02 -2.238625341184734e-10  9.804802197729658e-01 -3.996191067016784e-12  9.649321794199839e-01 -2.584267445314385e-10  1.185451413797795e-23  1.244805529732498e-13 
 3.630780547700997e+01  1.951978028087758e-02 -2.290769623976450e-10  9.804802197729658e-01 -4.089274314693224e-12  9.649321794199839e-01 -2.644462766969497e-10  1.241320017714971e-23  1.273800775327598e-13 
 3.715352290971708e+01  1.951978028087758e-02 -2.344128503144720e-10  9.804802197729658e-01 -4.184525749739258e-12  9.649321794199839e-01 -2.706060217787259e-10  1.299821627816394e-23  1.303471406954522e-13 
 3.801893963205595e+01  1.951978028087758e-02 -2.398730270273566e-10  9.804802197729658e-01 -4.281995875726554e-12  9.649321794199839e-01 -2.769092457551433e-10  1.361080333860538e-23  1.333833156374897e-13 
 3.890451449942788e+01  1.951978028087758e-02 -2.454603875942659e-10  9.804802197729658e-01 -4.381736372606072e-12  9.649321794199839e-01 -2.833592906789873e-10  1.425226073776018e-23  1.364902121790152e-13 
 3.981071705534954e+01  1.951978028087758e-02 -2.511778945077301e-10  9.804802197729658e-01 -4.483800124109486e-12  9.649321794199839e-01 -2.899595764494528e-10  1.492394909277366e-23  1.396694776376994e-13 
 4.073802778041109e+01  1.951978028087758e-02 -2.570285792655947e-10  9.804802197729658e-01 -4.588241245788811e-12  9.649321794199839e-01 -2.967136026254208e-10  1.562729314470163e-23  1.429227977021713e-13 
 4.168693834703335e+01  1.951978028087758e-02 -2.630155439783614e-10  9.804802197729658e-01 -4.695115113709208e-12  9.649321794199839e-01 -3.036249502809694e-10  1.636378478057718e-23  1.462518973257918e-13 
 4.265795188015907e+01  1.951978028087758e-02 -2.691419630139677e-10  9.804802197729658e-01 -4.804478393810089e-12  9.649321794199839e-01 -3.106972839041084e-10  1.713498619790319e-23  1.496585416412471e-13 
 4.365158322401639e+01  1.951978028087758e-02 -2.754110846808790e-10  9.804802197729658e-01 -4.916389071950158e-12  9.649321794199839e-01 -3.179343533397381e-10  1.794253321828257e-23  1.531445368964456e-13 
 4.466835921509610e+01  1.951978028087758e-02 -2.818262329503849e-10  9.804802197729658e-01 -5.030906484652277e-12  9.649321794199839e-01 -3.253399957778671e-10  1.878813875721527e-23  1.567117314122142e-13 
 4.570881896148729e+01  1.951978028087758e-02 -2.883908092190121e-10  9.804802197729658e-01 -5.148091350564476e-12  9.649321794199839e-01 -3.329181377881416e-10  1.967359645742166e-23  1.603620165623025e-13 
 4.677351412871960e+01  1.951978028087758e-02 -2.951082941119911e-10  9.804802197729658e-01 -5.268005802653792e-12  9.649321794199839e-01 -3.406727974017639e-10  2.060078449339926e-23  1.640973277762144e-13 
 4.786300923226361e+01  1.951978028087758e-02 -3.019822493287282e-10  9.804802197729658e-01 -5.390713421149975e-12  9.649321794199839e-01 -3.486080862419060e-10  2.157166955528265e-23  1.679196455653981e-13 
 4.897788193684438e+01  1.951978028087758e-02 -3.090163195312669e-10  9.804802197729658e-01 -5.516279267256579e-12  9.649321794199839e-01 -3.567282117037472e-10  2.258831102045691e-23  1.718309965733399e-13 
 5.011872336272698e+01  1.951978028087758e-02 -3.162142342767358e-10  9.804802197729658e-01 -5.644769917647270e-12  9.649321794199839e-01 -3.650374791852897e-10  2.365286532177317e-23  1.758334546501169e-13 
 5.128613839913623e+01  1.951978028087758e-02 -3.235798099948085e-10  9.804802197729658e-01 -5.776253499765662e-12  9.649321794199839e-01 -3.735402943701387e-10  2.476759052163182e-23  1.799291419519805e-13 
 5.248074602497700e+01  1.951978028087758e-02 -3.311169520112253e-10  9.804802197729658e-01 -5.910799727947382e-12  9.649321794199839e-01 -3.822411655634528e-10  2.593485110163553e-23  1.841202300665507e-13 
 5.370317963702501e+01  1.951978028087758e-02 -3.388296566184497e-10  9.804802197729658e-01 -6.048479940383542e-12  9.649321794199839e-01 -3.911447060823089e-10  2.715712297797190e-23  1.884089411642215e-13 
 5.495408738576219e+01  1.951978028087758e-02 -3.467220131945538e-10  9.804802197729658e-01 -6.189367136945194e-12  9.649321794199839e-01 -4.002556367017419e-10  2.843699875316344e-23  1.927975491763848e-13 
 5.623413251903463e+01  1.951978028087758e-02 -3.547982063714621e-10  9.804802197729658e-01 -6.333536017888812e-12  9.649321794199839e-01 -4.095787881577640e-10  2.977719321532527e-23  1.972883810010986e-13 
 5.754399373371541e+01  1.951978028087758e-02 -3.630625182536979e-10  9.804802197729658e-01 -6.481063023463373e-12  9.649321794199839e-01 -4.191191037086834e-10  3.118054909659465e-23  2.018838177368397e-13 
 5.888436553555861e+01  1.951978028087758e-02 -3.715193306888125e-10  9.804802197729658e-01 -6.632026374439987e-12  9.649321794199839e-01 -4.288816417560863e-10  3.265004310294694e-23  2.065862959449931e-13 
 6.025595860743547e+01  1.951978028087758e-02 -3.801731275906978e-10  9.804802197729658e-01 -6.786506113585574e-12  9.649321794199839e-01 -4.388715785268680e-10  3.418879222818810e-23  2.113983089417494e-13 
 6.165950018614791e+01  1.951978028087758e-02 -3.890284973170181e-10  9.804802197729658e-01 -6.944584148102614e-12  9.649321794199839e-01 -4.490942108177367e-10  3.580006036551649e-23  2.163224081200940e-13 
 6.309573444801901e+01  1.951978028087758e-02 -3.980901351020169e-10  9.804802197729658e-01 -7.106344293057416e-12  9.649321794199839e-01 -4.595549588036455e-10  3.748726523067783e-23  2.213612043025895e-13 
 6.456542290346522e+01  1.951978028087758e-02 -4.073628455459924e-10  9.804802197729658e-01 -7.271872315819983e-12  9.649321794199839e-01 -4.702593689116410e-10  3.925398561139863e-23  2.265173691256682e-13 
 6.606934480075925e+01  1.951978028087758e-02 -4.168515451627612e-10  9.804802197729658e-01 -7.441255981539008e-12  9.649321794199839e-01 -4.812131167616524e-10  4.110396895847477e-23  2.317936364561690e-13 
 6.760829753919782e+01  1.951978028087757e-02 -4.265612649864578e-10  9.804802197729658e-01 -7.614585099676109e-12  9.649321794199839e-01 -4.924220101757791e-10  4.304113933461692e-23  2.371928038408705e-13 
 6.918309709189329e+01  1.951978028087757e-02 -4.364971532390560e-10  9.804802197729658e-01 -7.791951571624012e-12  9.649321794199839e-01 -5.038919922576769e-10  4.506960573791386e-23  2.427177339897863e-13 
 7.079457843841342e+01  1.951978028087757e-02 -4.466644780600246e-10  9.804802197729658e-01 -7.973449439433860e-12  9.649321794199839e-01 -5.156291445436689e-10  4.719367081756825e-23  2.483713562940126e-13 
 7.244359600749863e+01  1.951978028087757e-02 -4.570686302995639e-10  9.804802197729658e-01 -8.159174935677576e-12  9.649321794199839e-01 -5.276396902272562e-10  4.941784000039233e-23  2.541566683789294e-13 
 7.413102413009136e+01  1.951978028087757e-02 -4.677151263769064e-10  9.804802197729658e-01 -8.349226534471636e-12  9.649321794199839e-01 -5.399299974587393e-10  5.174683104742250e-23  2.600767376935820e-13 
 7.585775750291798e+01  1.951978028087757e-02 -4.786096112051957e-10  9.804802197729658e-01 -8.543705003689352e-12  9.649321794199839e-01 -5.525065827216933e-10  5.418558406092273e-23  2.661347031370824e-13 
 7.762471166286876e+01  1.951978028087757e-02 -4.897578611844930e-10  9.804802197729658e-01 -8.742713458389327e-12  9.649321794199839e-01 -5.653761142880955e-10  5.673927196300398e-23  2.723337767228952e-13 
 7.943282347242773e+01  1.951978028087757e-02 -5.011657872645018e-10  9.804802197729658e-01 -8.946357415488433e-12  9.649321794199839e-01 -5.785454157539310e-10  5.941331146808546e-23  2.786772452818901e-13 
 8.128305161640949e+01  1.951978028087757e-02 -5.128394380786321e-10  9.804802197729658e-01 -9.154744849708274e-12  9.649321794199839e-01 -5.920214696571530e-10  6.221337457247220e-23  2.851684722050631e-13 
 8.317637711026666e+01  1.951978028087757e-02 -5.247850031510639e-10  9.804802197729658e-01 -9.367986250824801e-12  9.649321794199839e-01 -6.058114211799176e-10  6.514540058541955e-23  2.918108992268500e-13 
 8.511380382023719e+01  1.951978028087757e-02 -5.370088161785173e-10  9.804802197729658e-01 -9.586194682251475e-12  9.649321794199839e-01 -6.199225819370542e-10  6.821560872720461e-23  2.986080482499810e-13 
 8.709635899560760e+01  1.951978028087757e-02 -5.495173583884604e-10  9.804802197729658e-01 -9.809485840986966e-12  9.649321794199839e-01 -6.343624338527791e-10  7.143051132092602e-23  3.055635232128389e-13 
 8.912509381337408e+01  1.951978028087756e-02 -5.623172619755430e-10  9.804802197729658e-01 -1.003797811895924e-11  9.649321794199839e-01 -6.491386331277123e-10  7.479692760601459e-23  3.126810120003155e-13 
 9.120108393559049e+01  1.951978028087756e-02 -5.754153136180741e-10  9.804802197729658e-01 -1.027179266579854e-11  9.649321794199839e-01 -6.642590142982954e-10  7.832199820275431e-23  3.199642883991773e-13 
 9.332543007969861e+01  1.951978028087756e-02 -5.888184580764076e-10  9.804802197729658e-01 -1.051105345307249e-11  9.649321794199839e-01 -6.797315943907670e-10  8.201320025849529e-23  3.274172140989763e-13 
 9.549925860214309e+01  1.951978028087756e-02 -6.025338018751471e-10  9.804802197729658e-01 -1.075588734001750e-11  9.649321794199839e-01 -6.955645771718957e-10  8.587836330768583e-23  3.350437407395699e-13 
 9.772372209558054e+01  1.951978028087756e-02 -6.165686170711183e-10  9.804802197729658e-01 -1.100642414080119e-11  9.649321794199839e-01 -7.117663574987265e-10  8.992568587936467e-23  3.428479120063315e-13 
 9.999999999999946e+01  1.951978028087756e-02 -6.309303451091108e-10  9.804802197729658e-01 -1.126279669335158e-11  9.649321794199839e-01 -7.283455257696451e-10  9.416375288734045e-23  3.508338657741677e-13 
 1.023292992280749e+02  1.951978028087756e-02 -6.456266007674308e-10  9.804802197729658e-01 -1.152514092978952e-11  9.649321794199839e-01 -7.453108724791191e-10  9.860155383994447e-23  3.590058363014725e-13 
 1.047128548050894e+02  1.951978028087756e-02 -6.606651761953561e-10  9.804802197729658e-01 -1.179359594850171e-11  9.649321794199839e-01 -7.626713928785375e-10  1.032485019079837e-22  3.673681564751884e-13 
 1.071519305237600e+02  1.951978028087756e-02 -6.760540450446373e-10  9.804802197729658e-01 -1.206830408789249e-11  9.649321794199839e-01 -7.804362917456090e-10  1.081144538913374e-22  3.759252601081598e-13 
 1.096478196143179e+02  1.951978028087756e-02 -6.918013666972347e-10  9.804802197729658e-01 -1.234941100185357e-11  9.649321794199839e-01 -7.986149882648599e-10  1.132097311265521e-22  3.846816842899996e-13 
 1.122018454301957e+02  1.951978028087756e-02 -7.079154905915285e-10  9.804802197729658e-01 -1.263706573699160e-11  9.649321794199839e-01 -8.172171210218078e-10  1.185451413797792e-22  3.936420717927141e-13 
 1.148153621496876e+02  1.951978028087755e-02 -7.244049606493031e-10  9.804802197729658e-01 -1.293142081165473e-11  9.649321794199839e-01 -8.362525531134688e-10  1.241320017714968e-22  4.028111735323618e-13 
 1.174897554939523e+02  1.951978028087755e-02 -7.412785198058473e-10  9.804802197729658e-01 -1.323263229679978e-11  9.649321794199839e-01 -8.557313773779016e-10  1.299821627816391e-22  4.121938510880525e-13 
 1.202264434617406e+02  1.951978028087755e-02 -7.585451146455737e-10  9.804802197729658e-01 -1.354085989874320e-11  9.649321794199839e-01 -8.756639217455642e-10  1.361080333860534e-22  4.217950792796208e-13 
 1.230268770812374e+02  1.951978028087755e-02 -7.762139001456165e-10  9.804802197729658e-01 -1.385626704383939e-11  9.649321794199839e-01 -8.960607547153187e-10  1.425226073776015e-22  4.316199488053412e-13 
 1.258925411794160e+02  1.951978028087755e-02 -7.942942445299224e-10  9.804802197729658e-01 -1.417902096513161e-11  9.649321794199839e-01 -9.169326909579890e-10  1.492394909277362e-22  4.416736689410834e-13 
 1.288249551693126e+02  1.951978028087755e-02 -8.127957342364054e-10  9.804802197729658e-01 -1.450929279102107e-11  9.649321794199839e-01 -9.382907970504445e-10  1.562729314470158e-22  4.519615703023404e-13 
 1.318256738556399e+02  1.951978028087755e-02 -8.317281789998036e-10  9.804802197729658e-01 -1.484725763600153e-11  9.649321794199839e-01 -9.601463973432432e-10  1.636378478057714e-22  4.624891076705905e-13 
 1.348962882591645e+02  1.951978028087755e-02 -8.511016170529315e-10  9.804802197729658e-01 -1.519309469350728e-11  9.649321794199839e-01 -9.825110799649532e-10  1.713498619790315e-22  4.732618628854942e-13 
 1.380384264602876e+02  1.951978028087754e-02 -8.709263204490828e-10  9.804802197729658e-01 -1.554698733092391e-11  9.649321794199839e-01 -1.005396702966332e-09  1.794253321828253e-22  4.842855478044613e-13 
 1.412537544622746e+02  1.951978028087754e-02 -8.912128005084089e-10  9.804802197729658e-01 -1.590912318681211e-11  9.649321794199839e-01 -1.028815400607623e-09  1.878813875721521e-22  4.955660073311515e-13 
 1.445439770745919e+02  1.951978028087754e-02 -9.119718133911606e-10  9.804802197729658e-01 -1.627969427039608e-11  9.649321794199839e-01 -1.052779589792297e-09  1.967359645742160e-22  5.071092225145202e-13 
 1.479108388168198e+02  1.951978028087754e-02 -9.332143658007460e-10  9.804802197729658e-01 -1.665889706336946e-11  9.649321794199839e-01 -1.077301976650665e-09  2.060078449339920e-22  5.189213137200501e-13 
 1.513561248436199e+02  1.951978028087754e-02 -9.549517208196317e-10  9.804802197729658e-01 -1.704693262407240e-11  9.649321794199839e-01 -1.102395563276830e-09  2.157166955528259e-22  5.310085438748501e-13 
 1.548816618912472e+02  1.951978028087753e-02 -9.771954038811760e-10  9.804802197729658e-01 -1.744400669409545e-11  9.649321794199839e-01 -1.128073654622575e-09  2.258831102045686e-22  5.433773217883414e-13 
 1.584893192461104e+02  1.951978028087753e-02 -9.999572088805689e-10  9.804802197729658e-01 -1.785032980736645e-11  9.649321794199839e-01 -1.154349865551821e-09  2.365286532177313e-22  5.560342055502942e-13 
 1.621810097358920e+02  1.951978028087753e-02 -1.023249204428108e-09  9.804802197729658e-01 -1.826611740177835e-11  9.649321794199839e-01 -1.181238128059409e-09  2.476759052163176e-22  5.689859060080123e-13 
 1.659586907437551e+02  1.951978028087753e-02 -1.047083740248139e-09  9.804802197729658e-01 -1.869158993341732e-11  9.649321794199839e-01 -1.208752698658029e-09  2.593485110163548e-22  5.822392903245148e-13 
 1.698243652461734e+02  1.951978028087753e-02 -1.071473453727043e-09  9.804802197729658e-01 -1.912697299345142e-11  9.649321794199839e-01 -1.236908165937211e-09  2.715712297797183e-22  5.958013856195955e-13 
 1.737800828749365e+02  1.951978028087752e-02 -1.096431276613739e-09  9.804802197729658e-01 -1.957249742774208e-11  9.649321794199839e-01 -1.265719458298388e-09  2.843699875316336e-22  6.096793826956953e-13 
 1.778279410038912e+02  1.951978028087752e-02 -1.121970441876280e-09  9.804802197729658e-01 -2.002839945924156e-11  9.649321794199839e-01 -1.295201851870132e-09  2.977719321532518e-22  6.238806398505611e-13 
 1.819700858609972e+02  1.951978028087751e-02 -1.148104490718139e-09  9.804802197729658e-01 -2.049492081324153e-11  9.649321794199839e-01 -1.325370978607761e-09  3.118054909659455e-22  6.384126867787120e-13 
 1.862087136662855e+02  1.951978028087751e-02 -1.174847279757935e-09  9.804802197729658e-01 -2.097230884553903e-11  9.649321794199839e-01 -1.356242834581608e-09  3.265004310294684e-22  6.532832285637841e-13 
 1.905460717963235e+02  1.951978028087751e-02 -1.202212988376401e-09  9.804802197729658e-01 -2.146081667358776e-11  9.649321794199839e-01 -1.387833788458345e-09  3.418879222818800e-22  6.685001497638663e-13 
 1.949844599758032e+02  1.951978028087750e-02 -1.230216126234474e-09  9.804802197729658e-01 -2.196070331070432e-11  9.649321794199839e-01 -1.420160590179874e-09  3.580006036551636e-22  6.840715185919989e-13 
 1.995262314968867e+02  1.951978028087750e-02 -1.258871540966514e-09  9.804802197729658e-01 -2.247223380340048e-11  9.649321794199839e-01 -1.453240379844366e-09  3.748726523067772e-22  7.000055911940463e-13 
 2.041737944669516e+02  1.951978028087750e-02 -1.288194426052707e-09  9.804802197729658e-01 -2.299567937191439e-11  9.649321794199839e-01 -1.487090696794161e-09  3.925398561139853e-22  7.163108160262138e-13 
 2.089296130854026e+02  1.951978028087749e-02 -1.318200328874863e-09  9.804802197729658e-01 -2.353131755401509e-11  9.649321794199839e-01 -1.521729488915368e-09  4.110396895847464e-22  7.329958383345331e-13 
 2.137962089502218e+02  1.951978028087749e-02 -1.348905158959833e-09  9.804802197729658e-01 -2.407943235215674e-11  9.649321794199839e-01 -1.557175122154071e-09  4.304113933461680e-22  7.500695047386842e-13 
 2.187761623949538e+02  1.951978028087749e-02 -1.380325196414953e-09  9.804802197729658e-01 -2.464031438406047e-11  9.649321794199839e-01 -1.593446390254188e-09  4.506960573791376e-22  7.675408679225917e-13 
 2.238721138568325e+02  1.951978028087748e-02 -1.412477100559976e-09  9.804802197729658e-01 -2.521426103680374e-11  9.649321794199839e-01 -1.630562524722174e-09  4.719367081756810e-22  7.854191914342757e-13 
 2.290867652767758e+02  1.951978028087747e-02 -1.445377918760062e-09  9.804802197729658e-01 -2.580157662449893e-11  9.649321794199839e-01 -1.668543205023814e-09  4.941784000039219e-22  8.037139545975104e-13 
 2.344228815319906e+02  1.951978028087747e-02 -1.479045095464512e-09  9.804802197729658e-01 -2.640257254964467e-11  9.649321794199839e-01 -1.707408569018538e-09  5.174683104742234e-22  8.224348575378847e-13 
 2.398832919019474e+02  1.951978028087746e-02 -1.513496481456054e-09  9.804802197729658e-01 -2.701756746823560e-11  9.649321794199839e-01 -1.747179223636781e-09  5.418558406092258e-22  8.415918263259377e-13 
 2.454708915685014e+02  1.951978028087746e-02 -1.548750343315558e-09  9.804802197729658e-01 -2.764688745871796e-11  9.649321794199839e-01 -1.787876255806046e-09  5.673927196300379e-22  8.611950182400935e-13 
 2.511886431509563e+02  1.951978028087746e-02 -1.584825373107222e-09  9.804802197729658e-01 -2.829086619488076e-11  9.649321794199839e-01 -1.829521243631481e-09  5.941331146808530e-22  8.812548271521841e-13 
 2.570395782768846e+02  1.951978028087745e-02 -1.621740698289351e-09  9.804802197729658e-01 -2.894984512277397e-11  9.649321794199839e-01 -1.872136267836864e-09  6.221337457247202e-22  9.017818890384171e-13 
 2.630267991895364e+02  1.951978028087745e-02 -1.659515891855989e-09  9.804802197729658e-01 -2.962417364174776e-11  9.649321794199839e-01 -1.915743923472108e-09  6.514540058541935e-22  9.227870876187126e-13 
 2.691534803926897e+02  1.951978028087744e-02 -1.698170982714779e-09  9.804802197729658e-01 -3.031420928970872e-11  9.649321794199839e-01 -1.960367331893446e-09  6.821560872720440e-22  9.442815601273950e-13 
 2.754228703338148e+02  1.951978028087743e-02 -1.737726466306555e-09  9.804802197729658e-01 -3.102031793269106e-11  9.649321794199839e-01 -2.006030153022682e-09  7.143051132092582e-22  9.662767032183010e-13 
 2.818382931264435e+02  1.951978028087743e-02 -1.778203315472295e-09  9.804802197729658e-01 -3.174287395884377e-11  9.649321794199839e-01 -2.052756597891999e-09  7.479692760601441e-22  9.887841790074374e-13 
 2.884031503126586e+02  1.951978028087742e-02 -1.819622991573201e-09  9.804802197729658e-01 -3.248226047693607e-11  9.649321794199839e-01 -2.100571441480964e-09  7.832199820275408e-22  1.011815921256389e-12 
 2.951209226666365e+02  1.951978028087741e-02 -1.862007455869798e-09  9.804802197729658e-01 -3.323886951948679e-11  9.649321794199839e-01 -2.149500035852553e-09  8.201320025849503e-22  1.035384141699758e-12 
 3.019951720401995e+02  1.951978028087740e-02 -1.905379181166079e-09  9.804802197729658e-01 -3.401310225062518e-11  9.649321794199839e-01 -2.199568323595147e-09  8.587836330768557e-22  1.059501336519986e-12 
 3.090295432513569e+02  1.951978028087739e-02 -1.949761163724889e-09  9.804802197729658e-01 -3.480536917879350e-11  9.649321794199839e-01 -2.250802851577640e-09  8.992568587936438e-22  1.084180292972995e-12 
 3.162277660168357e+02  1.951978028087738e-02 -1.995176935460846e-09  9.804802197729658e-01 -3.561609037440392e-11  9.649321794199839e-01 -2.303230785024937e-09  9.416375288734013e-22  1.109434096168161e-12 
 3.235936569296260e+02  1.951978028087737e-02 -2.041650576417273e-09  9.804802197729658e-01 -3.644569569256556e-11  9.649321794199839e-01 -2.356879921921318e-09  9.860155383994414e-22  1.135276136006211e-12 
 3.311311214825888e+02  1.951978028087736e-02 -2.089206727533757e-09  9.804802197729658e-01 -3.729462500099921e-11  9.649321794199839e-01 -2.411778707749297e-09  1.032485019079834e-21  1.161720114278728e-12 
 3.388441561392002e+02  1.951978028087735e-02 -2.137870603711099e-09  9.804802197729658e-01 -3.816332841326110e-11  9.649321794199839e-01 -2.467956250571787e-09  1.081144538913371e-21  1.188780051933019e-12 
 3.467368504525292e+02  1.951978028087735e-02 -2.187668007180591e-09  9.804802197729658e-01 -3.905226652739907e-11  9.649321794199839e-01 -2.525442336465595e-09  1.132097311265517e-21  1.216470296506209e-12 
 3.548133892335729e+02  1.951978028087733e-02 -2.238625341184700e-09  9.804802197729658e-01 -3.996191067016774e-11  9.649321794199839e-01 -2.584267445314377e-09  1.185451413797788e-21  1.244805529732495e-12 
 3.630780547700987e+02  1.951978028087732e-02 -2.290769623976415e-09  9.804802197729658e-01 -4.089274314693213e-11  9.649321794199839e-01 -2.644462766969490e-09  1.241320017714964e-21  1.273800775327594e-12 
 3.715352290971698e+02  1.951978028087731e-02 -2.344128503144681e-09  9.804802197729658e-01 -4.184525749739248e-11  9.649321794199839e-01 -2.706060217787251e-09  1.299821627816387e-21  1.303471406954518e-12 
 3.801893963205584e+02  1.951978028087730e-02 -2.398730270273525e-09  9.804802197729658e-01 -4.281995875726541e-11  9.649321794199839e-01 -2.769092457551426e-09  1.361080333860530e-21  1.333833156374893e-12 
 3.890451449942777e+02  1.951978028087728e-02 -2.454603875942616e-09  9.804802197729658e-01 -4.381736372606061e-11  9.649321794199839e-01 -2.833592906789866e-09  1.425226073776010e-21  1.364902121790148e-12 
 3.981071705534943e+02  1.951978028087727e-02 -2.511778945077255e-09  9.804802197729658e-01 -4.483800124109473e-11  9.649321794199839e-01 -2.899595764494522e-09  1.492394909277358e-21  1.396694776376991e-12 
 4.073802778041097e+02  1.951978028087725e-02 -2.570285792655899e-09  9.804802197729658e-01 -4.588241245788800e-11  9.649321794199839e-01 -2.967136026254200e-09  1.562729314470154e-21  1.429227977021710e-12 
 4.168693834703323e+02  1.951978028087724e-02 -2.630155439783562e-09  9.804802197729658e-01 -4.695115113709196e-11  9.649321794199839e-01 -3.036249502809686e-09  1.636378478057710e-21  1.462518973257914e-12 
 4.265795188015895e+02  1.951978028087722e-02 -2.691419630139621e-09  9.804802197729658e-01 -4.804478393810076e-11  9.649321794199839e-01 -3.106972839041075e-09  1.713498619790310e-21  1.496585416412467e-12 
 4.365158322401627e+02  1.951978028087721e-02 -2.754110846808731e-09  9.804802197729658e-01 -4.916389071950143e-11  9.649321794199839e-01 -3.179343533397371e-09  1.794253321828247e-21  1.531445368964452e-12 
 4.466835921509598e+02  1.951978028087718e-02 -2.818262329503786e-09  9.804802197729658e-01 -5.030906484652264e-11  9.649321794199839e-01 -3.253399957778663e-09  1.878813875721517e-21  1.567117314122138e-12 
 4.570881896148716e+02  1.951978028087717e-02 -2.883908092190055e-09  9.804802197729658e-01 -5.148091350564464e-11  9.649321794199839e-01 -3.329181377881407e-09  1.967359645742155e-21  1.603620165623021e-12 
 4.677351412871947e+02  1.951978028087715e-02 -2.951082941119840e-09  9.804802197729658e-01 -5.268005802653777e-11  9.649321794199839e-01 -3.406727974017628e-09  2.060078449339914e-21  1.640973277762139e-12 
 4.786300923226348e+02  1.951978028087713e-02 -3.019822493287207e-09  9.804802197729658e-01 -5.390713421149960e-11  9.649321794199839e-01 -3.486080862419051e-09  2.157166955528253e-21  1.679196455653977e-12 
 4.897788193684425e+02  1.951978028087710e-02 -3.090163195312589e-09  9.804802197729658e-01 -5.516279267256564e-11  9.649321794199839e-01 -3.567282117037462e-09  2.258831102045679e-21  1.718309965733394e-12 
 5.011872336272685e+02  1.951978028087708e-02 -3.162142342767272e-09  9.804802197729658e-01 -5.644769917647255e-11  9.649321794199839e-01 -3.650374791852887e-09  2.365286532177304e-21  1.758334546501165e-12 
 5.128613839913610e+02  1.951978028087706e-02 -3.235798099947992e-09  9.804802197729658e-01 -5.776253499765647e-11  9.649321794199839e-01 -3.735402943701376e-09  2.476759052163169e-21  1.799291419519800e-12 
 5.248074602497686e+02  1.951978028087704e-02 -3.311169520112156e-09  9.804802197729658e-01 -5.910799727947365e-11  9.649321794199839e-01 -3.822411655634519e-09  2.593485110163540e-21  1.841202300665502e-12 
 5.370317963702487e+02  1.951978028087701e-02 -3.388296566184392e-09  9.804802197729658e-01 -6.048479940383527e-11  9.649321794199839e-01 -3.911447060823078e-09  2.715712297797175e-21  1.884089411642210e-12 
 5.495408738576203e+02  1.951978028087698e-02 -3.467220131945426e-09  9.804802197729658e-01 -6.189367136945175e-11  9.649321794199839e-01 -4.002556367017408e-09  2.843699875316328e-21  1.927975491763842e-12 
 5.623413251903447e+02  1.951978028087695e-02 -3.547982063714501e-09  9.804802197729658e-01 -6.333536017888792e-11  9.649321794199839e-01 -4.095787881577628e-09  2.977719321532510e-21  1.972883810010981e-12 
 5.754399373371524e+02  1.951978028087693e-02 -3.630625182536852e-09  9.804802197729658e-01 -6.481063023463354e-11  9.649321794199839e-01 -4.191191037086820e-09  3.118054909659445e-21  2.018838177368391e-12 
 5.888436553555844e+02  1.951978028087689e-02 -3.715193306887988e-09  9.804802197729658e-01 -6.632026374439967e-11  9.649321794199839e-01 -4.288816417560851e-09  3.265004310294675e-21  2.065862959449925e-12 
 6.025595860743530e+02  1.951978028087686e-02 -3.801731275906833e-09  9.804802197729658e-01 -6.786506113585556e-11  9.649321794199839e-01 -4.388715785268666e-09  3.418879222818791e-21  2.113983089417487e-12 
 6.165950018614773e+02  1.951978028087683e-02 -3.890284973170026e-09  9.804802197729658e-01 -6.944584148102595e-11  9.649321794199839e-01 -4.490942108177354e-09  3.580006036551628e-21  2.163224081200934e-12 
 6.309573444801882e+02  1.951978028087679e-02 -3.980901351020002e-09  9.804802197729658e-01 -7.106344293057396e-11  9.649321794199839e-01 -4.595549588036441e-09  3.748726523067761e-21  2.213612043025888e-12 
 6.456542290346504e+02  1.951978028087675e-02 -4.073628455459747e-09  9.804802197729658e-01 -7.271872315819962e-11  9.649321794199839e-01 -4.702593689116398e-09  3.925398561139842e-21  2.265173691256675e-12 
 6.606934480075907e+02  1.951978028087672e-02 -4.168515451627423e-09  9.804802197729658e-01 -7.441255981538985e-11  9.649321794199839e-01 -4.812131167616508e-09  4.110396895847453e-21  2.317936364561684e-12 
 6.760829753919763e+02  1.951978028087668e-02 -4.265612649864376e-09  9.804802197729658e-01 -7.614585099676088e-11  9.649321794199839e-01 -4.924220101757776e-09  4.304113933461667e-21  2.371928038408698e-12 
 6.918309709189309e+02  1.951978028087663e-02 -4.364971532390345e-09  9.804802197729658e-01 -7.791951571623990e-11  9.649321794199839e-01 -5.038919922576756e-09  4.506960573791362e-21  2.427177339897856e-12 
 7.079457843841321e+02  1.951978028087659e-02 -4.466644780600014e-09  9.804802197729658e-01 -7.973449439433835e-11  9.649321794199839e-01 -5.156291445436671e-09  4.719367081756796e-21  2.483713562940118e-12 
 7.244359600749841e+02  1.951978028087654e-02 -4.570686302995389e-09  9.804802197729658e-01 -8.159174935677552e-11  9.649321794199839e-01 -5.276396902272547e-09  4.941784000039205e-21  2.541566683789287e-12 
 7.413102413009113e+02  1.951978028087649e-02 -4.677151263768799e-09  9.804802197729658e-01 -8.349226534471609e-11  9.649321794199839e-01 -5.399299974587374e-09  5.174683104742215e-21  2.600767376935812e-12 
 7.585775750291774e+02  1.951978028087644e-02 -4.786096112051671e-09  9.804802197729658e-01 -8.543705003689323e-11  9.649321794199839e-01 -5.525065827216914e-09  5.418558406092237e-21  2.661347031370815e-12 
 7.762471166286851e+02  1.951978028087639e-02 -4.897578611844624e-09  9.804802197729658e-01 -8.742713458389298e-11  9.649321794199839e-01 -5.653761142880937e-09  5.673927196300361e-21  2.723337767228943e-12 
 7.943282347242747e+02  1.951978028087633e-02 -5.011657872644693e-09  9.804802197729658e-01 -8.946357415488405e-11  9.649321794199839e-01 -5.785454157539289e-09  5.941331146808507e-21  2.786772452818893e-12 
 8.128305161640923e+02  1.951978028087627e-02 -5.128394380785974e-09  9.804802197729658e-01 -9.154744849708242e-11  9.649321794199839e-01 -5.920214696571508e-09  6.221337457247177e-21  2.851684722050621e-12 
 8.317637711026639e+02  1.951978028087621e-02 -5.247850031510267e-09  9.804802197729658e-01 -9.367986250824773e-11  9.649321794199839e-01 -6.058114211799157e-09  6.514540058541914e-21  2.918108992268492e-12 
 8.511380382023692e+02  1.951978028087615e-02 -5.370088161784774e-09  9.804802197729658e-01 -9.586194682251445e-11  9.649321794199839e-01 -6.199225819370522e-09  6.821560872720416e-21  2.986080482499801e-12 
 8.709635899560732e+02  1.951978028087608e-02 -5.495173583884176e-09  9.804802197729658e-01 -9.809485840986934e-11  9.649321794199839e-01 -6.343624338527770e-09  7.143051132092556e-21  3.055635232128379e-12 
 8.912509381337379e+02  1.951978028087601e-02 -5.623172619754975e-09  9.804802197729658e-01 -1.003797811895921e-10  9.649321794199839e-01 -6.491386331277100e-09  7.479692760601409e-21  3.126810120003145e-12 
 9.120108393559019e+02  1.951978028087593e-02 -5.754153136180254e-09  9.804802197729658e-01 -1.027179266579850e-10  9.649321794199839e-01 -6.642590142982930e-09  7.832199820275377e-21  3.199642883991762e-12 
 9.332543007969830e+02  1.951978028087585e-02 -5.888184580763554e-09  9.804802197729658e-01 -1.051105345307246e-10  9.649321794199839e-01 -6.797315943907645e-09  8.201320025849472e-21  3.274172140989752e-12 
 9.549925860214277e+02  1.951978028087577e-02 -6.025338018750912e-09  9.804802197729658e-01 -1.075588734001747e-10  9.649321794199839e-01 -6.955645771718933e-09  8.587836330768523e-21  3.350437407395687e-12 
 9.772372209558022e+02  1.951978028087569e-02 -6.165686170710583e-09  9.804802197729658e-01 -1.100642414080115e-10  9.649321794199839e-01 -7.117663574987242e-09  8.992568587936408e-21  3.428479120063304e-12 
 9.999999999999912e+02  1.951978028087560e-02 -6.309303451090470e-09  9.804802197729658e-01 -1.126279669335154e-10  9.649321794199839e-01 -7.283455257696424e-09  9.416375288733976e-21  3.508338657741665e-12 
 1.023292992280745e+03  1.951978028087550e-02 -6.456266007673623e-09  9.804802197729658e-01 -1.152514092978948e-10  9.649321794199837e-01 -7.453108724791164e-09  9.860155383994379e-21  3.590058363014712e-12 
 1.047128548050890e+03  1.951978028087540e-02 -6.606651761952828e-09  9.804802197729658e-01 -1.179359594850167e-10  9.649321794199837e-01 -7.626713928785344e-09  1.032485019079829e-20  3.673681564751871e-12 
 1.071519305237597e+03  1.951978028087530e-02 -6.760540450445592e-09  9.804802197729658e-01 -1.206830408789245e-10  9.649321794199837e-01 -7.804362917456058e-09  1.081144538913366e-20  3.759252601081586e-12 
 1.096478196143175e+03  1.951978028087520e-02 -6.918013666971511e-09  9.804802197729658e-01 -1.234941100185352e-10  9.649321794199837e-01 -7.986149882648567e-09  1.132097311265513e-20  3.846816842899983e-12 
 1.122018454301953e+03  1.951978028087508e-02 -7.079154905914388e-09  9.804802197729658e-01 -1.263706573699156e-10  9.649321794199837e-01 -8.172171210218047e-09  1.185451413797784e-20  3.936420717927127e-12 
 1.148153621496872e+03  1.951978028087496e-02 -7.244049606492072e-09  9.804802197729658e-01 -1.293142081165468e-10  9.649321794199837e-01 -8.362525531134656e-09  1.241320017714959e-20  4.028111735323604e-12 
 1.174897554939519e+03  1.951978028087484e-02 -7.412785198057447e-09  9.804802197729658e-01 -1.323263229679974e-10  9.649321794199837e-01 -8.557313773778983e-09  1.299821627816381e-20  4.121938510880512e-12 
 1.202264434617402e+03  1.951978028087471e-02 -7.585451146454637e-09  9.804802197729658e-01 -1.354085989874316e-10  9.649321794199837e-01 -8.756639217455608e-09  1.361080333860524e-20  4.217950792796195e-12 
 1.230268770812370e+03  1.951978028087458e-02 -7.762139001454992e-09  9.804802197729658e-01 -1.385626704383935e-10  9.649321794199837e-01 -8.960607547153152e-09  1.425226073776005e-20  4.316199488053397e-12 
 1.258925411794156e+03  1.951978028087444e-02 -7.942942445297966e-09  9.804802197729658e-01 -1.417902096513157e-10  9.649321794199837e-01 -9.169326909579854e-09  1.492394909277351e-20  4.416736689410820e-12 
 1.288249551693122e+03  1.951978028087429e-02 -8.127957342362706e-09  9.804802197729658e-01 -1.450929279102103e-10  9.649321794199837e-01 -9.382907970504409e-09  1.562729314470147e-20  4.519615703023389e-12 
 1.318256738556395e+03  1.951978028087413e-02 -8.317281789996599e-09  9.804802197729658e-01 -1.484725763600148e-10  9.649321794199837e-01 -9.601463973432396e-09  1.636378478057703e-20  4.624891076705888e-12 
 1.348962882591641e+03  1.951978028087397e-02 -8.511016170527774e-09  9.804802197729658e-01 -1.519309469350723e-10  9.649321794199837e-01 -9.825110799649495e-09  1.713498619790303e-20  4.732618628854927e-12 
 1.380384264602872e+03  1.951978028087380e-02 -8.709263204489174e-09  9.804802197729658e-01 -1.554698733092386e-10  9.649321794199837e-01 -1.005396702966328e-08  1.794253321828239e-20  4.842855478044597e-12 
 1.412537544622741e+03  1.951978028087362e-02 -8.912128005082320e-09  9.804802197729658e-01 -1.590912318681205e-10  9.649321794199837e-01 -1.028815400607618e-08  1.878813875721507e-20  4.955660073311498e-12 
 1.445439770745914e+03  1.951978028087344e-02 -9.119718133909708e-09  9.804802197729658e-01 -1.627969427039603e-10  9.649321794199837e-01 -1.052779589792292e-08  1.967359645742144e-20  5.071092225145184e-12 
 1.479108388168193e+03  1.951978028087324e-02 -9.332143658005430e-09  9.804802197729658e-01 -1.665889706336940e-10  9.649321794199837e-01 -1.077301976650660e-08  2.060078449339904e-20  5.189213137200483e-12 
 1.513561248436194e+03  1.951978028087304e-02 -9.549517208194145e-09  9.804802197729658e-01 -1.704693262407234e-10  9.649321794199837e-01 -1.102395563276825e-08  2.157166955528242e-20  5.310085438748482e-12 
 1.548816618912467e+03  1.951978028087282e-02 -9.771954038809433e-09  9.804802197729658e-01 -1.744400669409540e-10  9.649321794199837e-01 -1.128073654622570e-08  2.258831102045669e-20  5.433773217883395e-12 
 1.584893192461099e+03  1.951978028087260e-02 -9.999572088803192e-09  9.804802197729658e-01 -1.785032980736639e-10  9.649321794199837e-01 -1.154349865551815e-08  2.365286532177293e-20  5.560342055502922e-12 
 1.621810097358915e+03  1.951978028087236e-02 -1.023249204427841e-08  9.804802197729658e-01 -1.826611740177828e-10  9.649321794199837e-01 -1.181238128059403e-08  2.476759052163156e-20  5.689859060080103e-12 
 1.659586907437545e+03  1.951978028087211e-02 -1.047083740247854e-08  9.804802197729658e-01 -1.869158993341725e-10  9.649321794199837e-01 -1.208752698658023e-08  2.593485110163528e-20  5.822392903245129e-12 
 1.698243652461728e+03  1.951978028087185e-02 -1.071473453726736e-08  9.804802197729658e-01 -1.912697299345137e-10  9.649321794199837e-01 -1.236908165937205e-08  2.715712297797162e-20  5.958013856195934e-12 
 1.737800828749359e+03  1.951978028087159e-02 -1.096431276613411e-08  9.804802197729658e-01 -1.957249742774202e-10  9.649321794199837e-01 -1.265719458298382e-08  2.843699875316313e-20  6.096793826956932e-12 
 1.778279410038906e+03  1.951978028087131e-02 -1.121970441875929e-08  9.804802197729658e-01 -2.002839945924149e-10  9.649321794199837e-01 -1.295201851870126e-08  2.977719321532495e-20  6.238806398505588e-12 
 1.819700858609966e+03  1.951978028087101e-02 -1.148104490717763e-08  9.804802197729658e-01 -2.049492081324146e-10  9.649321794199837e-01 -1.325370978607756e-08  3.118054909659431e-20  6.384126867787098e-12 
 1.862087136662849e+03  1.951978028087070e-02 -1.174847279757532e-08  9.804802197729658e-01 -2.097230884553896e-10  9.649321794199837e-01 -1.356242834581601e-08  3.265004310294658e-20  6.532832285637817e-12 
 1.905460717963228e+03  1.951978028087037e-02 -1.202212988375970e-08  9.804802197729658e-01 -2.146081667358769e-10  9.649321794199837e-01 -1.387833788458339e-08  3.418879222818773e-20  6.685001497638642e-12 
 1.949844599758026e+03  1.951978028087004e-02 -1.230216126234013e-08  9.804802197729658e-01 -2.196070331070425e-10  9.649321794199837e-01 -1.420160590179869e-08  3.580006036551610e-20  6.840715185919968e-12 
 1.995262314968860e+03  1.951978028086969e-02 -1.258871540966019e-08  9.804802197729658e-01 -2.247223380340041e-10  9.649321794199837e-01 -1.453240379844359e-08  3.748726523067742e-20  7.000055911940439e-12 
 2.041737944669509e+03  1.951978028086931e-02 -1.288194426052178e-08  9.804802197729658e-01 -2.299567937191432e-10  9.649321794199837e-01 -1.487090696794154e-08  3.925398561139822e-20  7.163108160262114e-12 
 2.089296130854019e+03  1.951978028086892e-02 -1.318200328874296e-08  9.804802197729658e-01 -2.353131755401502e-10  9.649321794199837e-01 -1.521729488915362e-08  4.110396895847433e-20  7.329958383345307e-12 
 2.137962089502211e+03  1.951978028086851e-02 -1.348905158959225e-08  9.804802197729658e-01 -2.407943235215666e-10  9.649321794199837e-01 -1.557175122154063e-08  4.304113933461645e-20  7.500695047386817e-12 
 2.187761623949531e+03  1.951978028086809e-02 -1.380325196414302e-08  9.804802197729658e-01 -2.464031438406038e-10  9.649321794199837e-01 -1.593446390254179e-08  4.506960573791337e-20  7.675408679225889e-12 
 2.238721138568317e+03  1.951978028086764e-02 -1.412477100559280e-08  9.804802197729658e-01 -2.521426103680366e-10  9.649321794199837e-01 -1.630562524722165e-08  4.719367081756771e-20  7.854191914342731e-12 
 2.290867652767750e+03  1.951978028086717e-02 -1.445377918759315e-08  9.804802197729658e-01 -2.580157662449884e-10  9.649321794199834e-01 -1.668543205023805e-08  4.941784000039176e-20  8.037139545975075e-12 
 2.344228815319898e+03  1.951978028086668e-02 -1.479045095463712e-08  9.804802197729658e-01 -2.640257254964458e-10  9.649321794199834e-01 -1.707408569018529e-08  5.174683104742189e-20  8.224348575378817e-12 
 2.398832919019466e+03  1.951978028086616e-02 -1.513496481455197e-08  9.804802197729658e-01 -2.701756746823550e-10  9.649321794199834e-01 -1.747179223636771e-08  5.418558406092206e-20  8.415918263259346e-12 
 2.454708915685005e+03  1.951978028086563e-02 -1.548750343314639e-08  9.804802197729658e-01 -2.764688745871787e-10  9.649321794199834e-01 -1.787876255806037e-08  5.673927196300331e-20  8.611950182400905e-12 
 2.511886431509554e+03  1.951978028086507e-02 -1.584825373106238e-08  9.804802197729658e-01 -2.829086619488065e-10  9.649321794199834e-01 -1.829521243631469e-08  5.941331146808471e-20  8.812548271521806e-12 
 2.570395782768837e+03  1.951978028086448e-02 -1.621740698288298e-08  9.804802197729658e-01 -2.894984512277385e-10  9.649321794199834e-01 -1.872136267836852e-08  6.221337457247140e-20  9.017818890384138e-12 
 2.630267991895354e+03  1.951978028086386e-02 -1.659515891854860e-08  9.804802197729658e-01 -2.962417364174765e-10  9.649321794199834e-01 -1.915743923472095e-08  6.514540058541870e-20  9.227870876187091e-12 
 2.691534803926887e+03  1.951978028086322e-02 -1.698170982713570e-08  9.804802197729658e-01 -3.031420928970861e-10  9.649321794199834e-01 -1.960367331893433e-08  6.821560872720371e-20  9.442815601273915e-12 
 2.754228703338138e+03  1.951978028086253e-02 -1.737726466305259e-08  9.804802197729658e-01 -3.102031793269095e-10  9.649321794199834e-01 -2.006030153022669e-08  7.143051132092510e-20  9.662767032182972e-12 
 2.818382931264424e+03  1.951978028086183e-02 -1.778203315470906e-08  9.804802197729658e-01 -3.174287395884366e-10  9.649321794199834e-01 -2.052756597891986e-08  7.479692760601362e-20  9.887841790074334e-12 
 2.884031503126575e+03  1.951978028086108e-02 -1.819622991571714e-08  9.804802197729658e-01 -3.248226047693596e-10  9.649321794199834e-01 -2.100571441480951e-08  7.832199820275328e-20  1.011815921256385e-11 
 2.951209226666354e+03  1.951978028086031e-02 -1.862007455868206e-08  9.804802197729658e-01 -3.323886951948666e-10  9.649321794199834e-01 -2.149500035852538e-08  8.201320025849418e-20  1.035384141699755e-11 
 3.019951720401984e+03  1.951978028085949e-02 -1.905379181164372e-08  9.804802197729658e-01 -3.401310225062506e-10  9.649321794199833e-01 -2.199568323595132e-08  8.587836330768466e-20  1.059501336519982e-11 
 3.090295432513557e+03  1.951978028085864e-02 -1.949761163723060e-08  9.804802197729658e-01 -3.480536917879336e-10  9.649321794199832e-01 -2.250802851577624e-08  8.992568587936343e-20  1.084180292972991e-11 
 3.162277660168345e+03  1.951978028085774e-02 -1.995176935458887e-08  9.804802197729658e-01 -3.561609037440379e-10  9.649321794199832e-01 -2.303230785024920e-08  9.416375288733908e-20  1.109434096168156e-11 
 3.235936569296248e+03  1.951978028085681e-02 -2.041650576415175e-08  9.804802197729658e-01 -3.644569569256542e-10  9.649321794199832e-01 -2.356879921921300e-08  9.860155383994304e-20  1.135276136006206e-11 
 3.311311214825875e+03  1.951978028085583e-02 -2.089206727531509e-08  9.804802197729658e-01 -3.729462500099906e-10  9.649321794199832e-01 -2.411778707749277e-08  1.032485019079822e-19  1.161720114278723e-11 
 3.388441561391989e+03  1.951978028085481e-02 -2.137870603708691e-08  9.804802197729658e-01 -3.816332841326095e-10  9.649321794199832e-01 -2.467956250571768e-08  1.081144538913358e-19  1.188780051933014e-11 
 3.467368504525279e+03  1.951978028085374e-02 -2.187668007178011e-08  9.804802197729658e-01 -3.905226652739893e-10  9.649321794199832e-01 -2.525442336465575e-08  1.132097311265504e-19  1.216470296506204e-11 
 3.548133892335716e+03  1.951978028085261e-02 -2.238625341181936e-08  9.804802197729658e-01 -3.996191067016759e-10  9.649321794199832e-01 -2.584267445314357e-08  1.185451413797774e-19  1.244805529732490e-11 
 3.630780547700973e+03  1.951978028085144e-02 -2.290769623973454e-08  9.804802197729658e-01 -4.089274314693197e-10  9.649321794199832e-01 -2.644462766969467e-08  1.241320017714949e-19  1.273800775327589e-11 
 3.715352290971684e+03  1.951978028085020e-02 -2.344128503141508e-08  9.804802197729658e-01 -4.184525749739232e-10  9.649321794199830e-01 -2.706060217787227e-08  1.299821627816371e-19  1.303471406954513e-11 
 3.801893963205570e+03  1.951978028084891e-02 -2.398730270270125e-08  9.804802197729658e-01 -4.281995875726525e-10  9.649321794199830e-01 -2.769092457551401e-08  1.361080333860513e-19  1.333833156374888e-11 
 3.890451449942763e+03  1.951978028084756e-02 -2.454603875938973e-08  9.804802197729658e-01 -4.381736372606044e-10  9.649321794199830e-01 -2.833592906789839e-08  1.425226073775992e-19  1.364902121790142e-11 
 3.981071705534928e+03  1.951978028084615e-02 -2.511778945073352e-08  9.804802197729658e-01 -4.483800124109455e-10  9.649321794199830e-01 -2.899595764494494e-08  1.492394909277338e-19  1.396694776376985e-11 
 4.073802778041082e+03  1.951978028084466e-02 -2.570285792651717e-08  9.804802197729658e-01 -4.588241245788782e-10  9.649321794199830e-01 -2.967136026254171e-08  1.562729314470133e-19  1.429227977021704e-11 
 4.168693834703307e+03  1.951978028084311e-02 -2.630155439779082e-08  9.804802197729658e-01 -4.695115113709178e-10  9.649321794199828e-01 -3.036249502809655e-08  1.636378478057686e-19  1.462518973257908e-11 
 4.265795188015879e+03  1.951978028084148e-02 -2.691419630134821e-08  9.804802197729658e-01 -4.804478393810057e-10  9.649321794199828e-01 -3.106972839041043e-08  1.713498619790286e-19  1.496585416412461e-11 
 4.365158322401610e+03  1.951978028083979e-02 -2.754110846803588e-08  9.804802197729658e-01 -4.916389071950124e-10  9.649321794199828e-01 -3.179343533397337e-08  1.794253321828221e-19  1.531445368964445e-11 
 4.466835921509581e+03  1.951978028083800e-02 -2.818262329498275e-08  9.804802197729658e-01 -5.030906484652242e-10  9.649321794199828e-01 -3.253399957778626e-08  1.878813875721488e-19  1.567117314122131e-11 
 4.570881896148699e+03  1.951978028083614e-02 -2.883908092184151e-08  9.804802197729658e-01 -5.148091350564443e-10  9.649321794199828e-01 -3.329181377881368e-08  1.967359645742124e-19  1.603620165623013e-11 
 4.677351412871929e+03  1.951978028083418e-02 -2.951082941113513e-08  9.804802197729658e-01 -5.268005802653759e-10  9.649321794199825e-01 -3.406727974017588e-08  2.060078449339882e-19  1.640973277762132e-11 
 4.786300923226329e+03  1.951978028083214e-02 -3.019822493280429e-08  9.804802197729658e-01 -5.390713421149941e-10  9.649321794199825e-01 -3.486080862419008e-08  2.157166955528218e-19  1.679196455653969e-11 
 4.897788193684407e+03  1.951978028083000e-02 -3.090163195305327e-08  9.804802197729658e-01 -5.516279267256543e-10  9.649321794199825e-01 -3.567282117037418e-08  2.258831102045643e-19  1.718309965733387e-11 
 5.011872336272666e+03  1.951978028082775e-02 -3.162142342759492e-08  9.804802197729658e-01 -5.644769917647233e-10  9.649321794199824e-01 -3.650374791852841e-08  2.365286532177266e-19  1.758334546501157e-11 
 5.128613839913590e+03  1.951978028082540e-02 -3.235798099939654e-08  9.804802197729658e-01 -5.776253499765622e-10  9.649321794199822e-01 -3.735402943701326e-08  2.476759052163126e-19  1.799291419519792e-11 
 5.248074602497666e+03  1.951978028082295e-02 -3.311169520103223e-08  9.804802197729658e-01 -5.910799727947342e-10  9.649321794199822e-01 -3.822411655634466e-08  2.593485110163495e-19  1.841202300665494e-11 
 5.370317963702466e+03  1.951978028082037e-02 -3.388296566174821e-08  9.804802197729658e-01 -6.048479940383504e-10  9.649321794199822e-01 -3.911447060823023e-08  2.715712297797127e-19  1.884089411642202e-11 
 5.495408738576182e+03  1.951978028081767e-02 -3.467220131935171e-08  9.804802197729658e-01 -6.189367136945153e-10  9.649321794199820e-01 -4.002556367017349e-08  2.843699875316276e-19  1.927975491763834e-11 
 5.623413251903426e+03  1.951978028081485e-02 -3.547982063703513e-08  9.804802197729658e-01 -6.333536017888768e-10  9.649321794199820e-01 -4.095787881577565e-08  2.977719321532454e-19  1.972883810010972e-11 
 5.754399373371502e+03  1.951978028081190e-02 -3.630625182525079e-08  9.804802197729658e-01 -6.481063023463330e-10  9.649321794199820e-01 -4.191191037086756e-08  3.118054909659387e-19  2.018838177368382e-11 
 5.888436553555821e+03  1.951978028080880e-02 -3.715193306875374e-08  9.804802197729658e-01 -6.632026374439941e-10  9.649321794199818e-01 -4.288816417560780e-08  3.265004310294610e-19  2.065862959449915e-11 
 6.025595860743507e+03  1.951978028080556e-02 -3.801731275893317e-08  9.804802197729658e-01 -6.786506113585528e-10  9.649321794199818e-01 -4.388715785268592e-08  3.418879222818720e-19  2.113983089417478e-11 
 6.165950018614749e+03  1.951978028080216e-02 -3.890284973155544e-08  9.804802197729658e-01 -6.944584148102566e-10  9.649321794199816e-01 -4.490942108177273e-08  3.580006036551552e-19  2.163224081200924e-11 
 6.309573444801857e+03  1.951978028079861e-02 -3.980901351004486e-08  9.804802197729658e-01 -7.106344293057366e-10  9.649321794199816e-01 -4.595549588036358e-08  3.748726523067680e-19  2.213612043025878e-11 
 6.456542290346478e+03  1.951978028079488e-02 -4.073628455443121e-08  9.804802197729658e-01 -7.271872315819930e-10  9.649321794199814e-01 -4.702593689116308e-08  3.925398561139753e-19  2.265173691256664e-11 
 6.606934480075881e+03  1.951978028079098e-02 -4.168515451609608e-08  9.804802197729658e-01 -7.441255981538953e-10  9.649321794199812e-01 -4.812131167616414e-08  4.110396895847357e-19  2.317936364561672e-11 
 6.760829753919737e+03  1.951978028078691e-02 -4.265612649845289e-08  9.804802197729658e-01 -7.614585099676056e-10  9.649321794199812e-01 -4.924220101757676e-08  4.304113933461565e-19  2.371928038408687e-11 
 6.918309709189281e+03  1.951978028078263e-02 -4.364971532369892e-08  9.804802197729658e-01 -7.791951571623958e-10  9.649321794199810e-01 -5.038919922576646e-08  4.506960573791250e-19  2.427177339897844e-11 
 7.079457843841294e+03  1.951978028077815e-02 -4.466644780578100e-08  9.804802197729658e-01 -7.973449439433804e-10  9.649321794199808e-01 -5.156291445436559e-08  4.719367081756678e-19  2.483713562940106e-11 
 7.244359600749813e+03  1.951978028077347e-02 -4.570686302971910e-08  9.804802197729658e-01 -8.159174935677518e-10  9.649321794199808e-01 -5.276396902272427e-08  4.941784000039075e-19  2.541566683789274e-11 
 7.413102413009085e+03  1.951978028076857e-02 -4.677151263743638e-08  9.804802197729658e-01 -8.349226534471577e-10  9.649321794199806e-01 -5.399299974587247e-08  5.174683104742077e-19  2.600767376935799e-11 
 7.585775750291745e+03  1.951978028076343e-02 -4.786096112024714e-08  9.804802197729658e-01 -8.543705003689290e-10  9.649321794199804e-01 -5.525065827216779e-08  5.418558406092087e-19  2.661347031370801e-11 
 7.762471166286822e+03  1.951978028075805e-02 -4.897578611815741e-08  9.804802197729658e-01 -8.742713458389264e-10  9.649321794199803e-01 -5.653761142880792e-08  5.673927196300197e-19  2.723337767228929e-11 
 7.943282347242717e+03  1.951978028075242e-02 -5.011657872613746e-08  9.804802197729658e-01 -8.946357415488370e-10  9.649321794199801e-01 -5.785454157539135e-08  5.941331146808331e-19  2.786772452818879e-11 
 8.128305161640892e+03  1.951978028074651e-02 -5.128394380752811e-08  9.804802197729658e-01 -9.154744849708209e-10  9.649321794199800e-01 -5.920214696571345e-08  6.221337457246985e-19  2.851684722050607e-11 
 8.317637711026608e+03  1.951978028074034e-02 -5.247850031474735e-08  9.804802197729658e-01 -9.367986250824735e-10  9.649321794199798e-01 -6.058114211798983e-08  6.514540058541706e-19  2.918108992268476e-11 
 8.511380382023659e+03  1.951978028073387e-02 -5.370088161746700e-08  9.804802197729658e-01 -9.586194682251407e-10  9.649321794199794e-01 -6.199225819370333e-08  6.821560872720186e-19  2.986080482499784e-11 
 8.709635899560699e+03  1.951978028072710e-02 -5.495173583843382e-08  9.804802197729658e-01 -9.809485840986893e-10  9.649321794199792e-01 -6.343624338527574e-08  7.143051132092312e-19  3.055635232128362e-11 
 8.912509381337344e+03  1.951978028072000e-02 -5.623172619711264e-08  9.804802197729658e-01 -1.003797811895917e-09  9.649321794199790e-01 -6.491386331276889e-08  7.479692760601144e-19  3.126810120003128e-11 
 9.120108393558983e+03  1.951978028071257e-02 -5.754153136133415e-08  9.804802197729658e-01 -1.027179266579846e-09  9.649321794199788e-01 -6.642590142982704e-08  7.832199820275088e-19  3.199642883991744e-11 
 9.332543007969793e+03  1.951978028070480e-02 -5.888184580713369e-08  9.804802197729658e-01 -1.051105345307241e-09  9.649321794199784e-01 -6.797315943907406e-08  8.201320025849159e-19  3.274172140989733e-11 
 9.549925860214238e+03  1.951978028069665e-02 -6.025338018697136e-08  9.804802197729658e-01 -1.075588734001742e-09  9.649321794199782e-01 -6.955645771718676e-08  8.587836330768179e-19  3.350437407395666e-11 
 9.772372209557981e+03  1.951978028068813e-02 -6.165686170652963e-08  9.804802197729658e-01 -1.100642414080111e-09  9.649321794199780e-01 -7.117663574986968e-08  8.992568587936034e-19  3.428479120063283e-11 
 9.999999999999871e+03  1.951978028067920e-02 -6.309303451028730e-08  9.804802197729658e-01 -1.126279669335149e-09  9.649321794199778e-01 -7.283455257696133e-08  9.416375288733571e-19  3.508338657741642e-11 
 1.023292992280741e+04  1.951978028066985e-02 -6.456266007607473e-08  9.804802197729658e-01 -1.152514092978943e-09  9.649321794199774e-01 -7.453108724790854e-08  9.860155383993938e-19  3.590058363014690e-11 
 1.047128548050886e+04  1.951978028066006e-02 -6.606651761881945e-08  9.804802197729658e-01 -1.179359594850162e-09  9.649321794199772e-01 -7.626713928785015e-08  1.032485019079781e-18  3.673681564751848e-11 
 1.071519305237592e+04  1.951978028064981e-02 -6.760540450369641e-08  9.804802197729658e-01 -1.206830408789240e-09  9.649321794199771e-01 -7.804362917455708e-08  1.081144538913314e-18  3.759252601081561e-11 
 1.096478196143171e+04  1.951978028063907e-02 -6.918013666890129e-08  9.804802197729658e-01 -1.234941100185347e-09  9.649321794199766e-01 -7.986149882648191e-08  1.132097311265456e-18  3.846816842899958e-11 
 1.122018454301949e+04  1.951978028062783e-02 -7.079154905827189e-08  9.804802197729658e-01 -1.263706573699150e-09  9.649321794199763e-01 -8.172171210217644e-08  1.185451413797722e-18  3.936420717927100e-11 
 1.148153621496868e+04  1.951978028061606e-02 -7.244049606398637e-08  9.804802197729658e-01 -1.293142081165463e-09  9.649321794199759e-01 -8.362525531134228e-08  1.241320017714892e-18  4.028111735323576e-11 
 1.174897554939514e+04  1.951978028060374e-02 -7.412785197957332e-08  9.804802197729658e-01 -1.323263229679968e-09  9.649321794199756e-01 -8.557313773778527e-08  1.299821627816309e-18  4.121938510880483e-11 
 1.202264434617397e+04  1.951978028059083e-02 -7.585451146347362e-08  9.804802197729658e-01 -1.354085989874309e-09  9.649321794199751e-01 -8.756639217455120e-08  1.361080333860445e-18  4.217950792796165e-11 
 1.230268770812365e+04  1.951978028057732e-02 -7.762139001340047e-08  9.804802197729658e-01 -1.385626704383929e-09  9.649321794199748e-01 -8.960607547152628e-08  1.425226073775918e-18  4.316199488053366e-11 
 1.258925411794151e+04  1.951978028056317e-02 -7.942942445174799e-08  9.804802197729658e-01 -1.417902096513150e-09  9.649321794199742e-01 -9.169326909579296e-08  1.492394909277257e-18  4.416736689410787e-11 
 1.288249551693117e+04  1.951978028054835e-02 -8.127957342230732e-08  9.804802197729658e-01 -1.450929279102096e-09  9.649321794199737e-01 -9.382907970503810e-08  1.562729314470043e-18  4.519615703023354e-11 
 1.318256738556390e+04  1.951978028053284e-02 -8.317281789855186e-08  9.804802197729658e-01 -1.484725763600142e-09  9.649321794199734e-01 -9.601463973431759e-08  1.636378478057590e-18  4.624891076705853e-11 
 1.348962882591636e+04  1.951978028051659e-02 -8.511016170376253e-08  9.804802197729658e-01 -1.519309469350717e-09  9.649321794199729e-01 -9.825110799648815e-08  1.713498619790181e-18  4.732618628854890e-11 
 1.380384264602866e+04  1.951978028049957e-02 -8.709263204326816e-08  9.804802197729658e-01 -1.554698733092379e-09  9.649321794199722e-01 -1.005396702966255e-07  1.794253321828106e-18  4.842855478044558e-11 
 1.412537544622735e+04  1.951978028048175e-02 -8.912128004908350e-08  9.804802197729658e-01 -1.590912318681198e-09  9.649321794199716e-01 -1.028815400607541e-07  1.878813875721362e-18  4.955660073311457e-11 
 1.445439770745908e+04  1.951978028046310e-02 -9.119718133723299e-08  9.804802197729658e-01 -1.627969427039596e-09  9.649321794199711e-01 -1.052779589792209e-07  1.967359645741985e-18  5.071092225145140e-11 
 1.479108388168187e+04  1.951978028044356e-02 -9.332143657805687e-08  9.804802197729658e-01 -1.665889706336932e-09  9.649321794199704e-01 -1.077301976650571e-07  2.060078449339730e-18  5.189213137200437e-11 
 1.513561248436188e+04  1.951978028042311e-02 -9.549517207980118e-08  9.804802197729658e-01 -1.704693262407226e-09  9.649321794199699e-01 -1.102395563276730e-07  2.157166955528052e-18  5.310085438748434e-11 
 1.548816618912460e+04  1.951978028040170e-02 -9.771954038580105e-08  9.804802197729658e-01 -1.744400669409531e-09  9.649321794199692e-01 -1.128073654622468e-07  2.258831102045460e-18  5.433773217883344e-11 
 1.584893192461092e+04  1.951978028037927e-02 -9.999572088557467e-08  9.804802197729658e-01 -1.785032980736630e-09  9.649321794199687e-01 -1.154349865551706e-07  2.365286532177067e-18  5.560342055502868e-11 
 1.621810097358908e+04  1.951978028035579e-02 -1.023249204401511e-07  9.804802197729658e-01 -1.826611740177820e-09  9.649321794199680e-01 -1.181238128059287e-07  2.476759052162909e-18  5.689859060080048e-11 
 1.659586907437538e+04  1.951978028033120e-02 -1.047083740219641e-07  9.804802197729658e-01 -1.869158993341717e-09  9.649321794199672e-01 -1.208752698657899e-07  2.593485110163258e-18  5.822392903245070e-11 
 1.698243652461721e+04  1.951978028030544e-02 -1.071473453696506e-07  9.804802197729658e-01 -1.912697299345127e-09  9.649321794199663e-01 -1.236908165937072e-07  2.715712297796866e-18  5.958013856195871e-11 
 1.737800828749351e+04  1.951978028027848e-02 -1.096431276581019e-07  9.804802197729658e-01 -1.957249742774192e-09  9.649321794199656e-01 -1.265719458298240e-07  2.843699875315991e-18  6.096793826956866e-11 
 1.778279410038898e+04  1.951978028025025e-02 -1.121970441841221e-07  9.804802197729658e-01 -2.002839945924140e-09  9.649321794199649e-01 -1.295201851869974e-07  2.977719321532143e-18  6.238806398505521e-11 
 1.819700858609958e+04  1.951978028022068e-02 -1.148104490680572e-07  9.804802197729658e-01 -2.049492081324137e-09  9.649321794199638e-01 -1.325370978607592e-07  3.118054909659044e-18  6.384126867787026e-11 
 1.862087136662842e+04  1.951978028018972e-02 -1.174847279717682e-07  9.804802197729658e-01 -2.097230884553886e-09  9.649321794199628e-01 -1.356242834581427e-07  3.265004310294237e-18  6.532832285637742e-11 
 1.905460717963221e+04  1.951978028015730e-02 -1.202212988333270e-07  9.804802197729658e-01 -2.146081667358758e-09  9.649321794199619e-01 -1.387833788458152e-07  3.418879222818311e-18  6.685001497638561e-11 
 1.949844599758018e+04  1.951978028012335e-02 -1.230216126188259e-07  9.804802197729658e-01 -2.196070331070414e-09  9.649321794199607e-01 -1.420160590179669e-07  3.580006036551105e-18  6.840715185919883e-11 
 1.995262314968852e+04  1.951978028008780e-02 -1.258871540916993e-07  9.804802197729658e-01 -2.247223380340029e-09  9.649321794199596e-01 -1.453240379844145e-07  3.748726523067189e-18  7.000055911940348e-11 
 2.041737944669501e+04  1.951978028005058e-02 -1.288194425999645e-07  9.804802197729658e-01 -2.299567937191420e-09  9.649321794199585e-01 -1.487090696793925e-07  3.925398561139218e-18  7.163108160262019e-11 
 2.089296130854010e+04  1.951978028001161e-02 -1.318200328818006e-07  9.804802197729658e-01 -2.353131755401490e-09  9.649321794199572e-01 -1.521729488915116e-07  4.110396895846769e-18  7.329958383345206e-11 
 2.137962089502202e+04  1.951978027997079e-02 -1.348905158898910e-07  9.804802197729658e-01 -2.407943235215654e-09  9.649321794199560e-01 -1.557175122153800e-07  4.304113933460919e-18  7.500695047386712e-11 
 2.187761623949522e+04  1.951978027992806e-02 -1.380325196349674e-07  9.804802197729658e-01 -2.464031438406026e-09  9.649321794199547e-01 -1.593446390253898e-07  4.506960573790544e-18  7.675408679225776e-11 
 2.238721138568308e+04  1.951978027988331e-02 -1.412477100490029e-07  9.804802197729658e-01 -2.521426103680353e-09  9.649321794199535e-01 -1.630562524721865e-07  4.719367081755905e-18  7.854191914342612e-11 
 2.290867652767740e+04  1.951978027983646e-02 -1.445377918685112e-07  9.804802197729658e-01 -2.580157662449871e-09  9.649321794199520e-01 -1.668543205023484e-07  4.941784000038230e-18  8.037139545974952e-11 
 2.344228815319889e+04  1.951978027978739e-02 -1.479045095384203e-07  9.804802197729658e-01 -2.640257254964444e-09  9.649321794199506e-01 -1.707408569018185e-07  5.174683104741152e-18  8.224348575378685e-11 
 2.398832919019456e+04  1.951978027973601e-02 -1.513496481370002e-07  9.804802197729658e-01 -2.701756746823535e-09  9.649321794199489e-01 -1.747179223636403e-07  5.418558406091074e-18  8.415918263259206e-11 
 2.454708915684995e+04  1.951978027968220e-02 -1.548750343223351e-07  9.804802197729658e-01 -2.764688745871771e-09  9.649321794199470e-01 -1.787876255805642e-07  5.673927196299089e-18  8.611950182400756e-11 
 2.511886431509544e+04  1.951978027962587e-02 -1.584825373008422e-07  9.804802197729658e-01 -2.829086619488050e-09  9.649321794199454e-01 -1.829521243631047e-07  5.941331146807114e-18  8.812548271521649e-11 
 2.570395782768826e+04  1.951978027956688e-02 -1.621740698183485e-07  9.804802197729658e-01 -2.894984512277370e-09  9.649321794199437e-01 -1.872136267836401e-07  6.221337457245654e-18  9.017818890383971e-11 
 2.630267991895344e+04  1.951978027950511e-02 -1.659515891742552e-07  9.804802197729658e-01 -2.962417364174749e-09  9.649321794199418e-01 -1.915743923471612e-07  6.514540058540246e-18  9.227870876186917e-11 
 2.691534803926876e+04  1.951978027944042e-02 -1.698170982593230e-07  9.804802197729657e-01 -3.031420928970843e-09  9.649321794199397e-01 -1.960367331892914e-07  6.821560872718589e-18  9.442815601273726e-11 
 2.754228703338126e+04  1.951978027937270e-02 -1.737726466176312e-07  9.804802197729657e-01 -3.102031793269077e-09  9.649321794199375e-01 -2.006030153022113e-07  7.143051132090556e-18  9.662767032182772e-11 
 2.818382931264412e+04  1.951978027930178e-02 -1.778203315332739e-07  9.804802197729657e-01 -3.174287395884347e-09  9.649321794199356e-01 -2.052756597891392e-07  7.479692760599228e-18  9.887841790074124e-11 
 2.884031503126564e+04  1.951978027922751e-02 -1.819622991423666e-07  9.804802197729657e-01 -3.248226047693577e-09  9.649321794199333e-01 -2.100571441480315e-07  7.832199820272989e-18  1.011815921256363e-10 
 2.951209226666342e+04  1.951978027914974e-02 -1.862007455709568e-07  9.804802197729657e-01 -3.323886951948647e-09  9.649321794199309e-01 -2.149500035851857e-07  8.201320025846857e-18  1.035384141699731e-10 
 3.019951720401971e+04  1.951978027906831e-02 -1.905379180994390e-07  9.804802197729657e-01 -3.401310225062485e-09  9.649321794199284e-01 -2.199568323594402e-07  8.587836330765659e-18  1.059501336519957e-10 
 3.090295432513544e+04  1.951978027898304e-02 -1.949761163540921e-07  9.804802197729657e-01 -3.480536917879315e-09  9.649321794199258e-01 -2.250802851576843e-07  8.992568587933270e-18  1.084180292972964e-10 
 3.162277660168332e+04  1.951978027889375e-02 -1.995176935263722e-07  9.804802197729657e-01 -3.561609037440357e-09  9.649321794199228e-01 -2.303230785024083e-07  9.416375288730539e-18  1.109434096168127e-10 
 3.235936569296234e+04  1.951978027880026e-02 -2.041650576206052e-07  9.804802197729657e-01 -3.644569569256520e-09  9.649321794199202e-01 -2.356879921920405e-07  9.860155383990618e-18  1.135276136006176e-10 
 3.311311214825861e+04  1.951978027870236e-02 -2.089206727307429e-07  9.804802197729657e-01 -3.729462500099882e-09  9.649321794199173e-01 -2.411778707748317e-07  1.032485019079417e-17  1.161720114278691e-10 
 3.388441561391974e+04  1.951978027859985e-02 -2.137870603468586e-07  9.804802197729657e-01 -3.816332841326071e-09  9.649321794199139e-01 -2.467956250570740e-07  1.081144538912916e-17  1.188780051932980e-10 
 3.467368504525264e+04  1.951978027849249e-02 -2.187668006920735e-07  9.804802197729657e-01 -3.905226652739867e-09  9.649321794199106e-01 -2.525442336464474e-07  1.132097311265020e-17  1.216470296506168e-10 
 3.548133892335701e+04  1.951978027838009e-02 -2.238625340906261e-07  9.804802197729657e-01 -3.996191067016732e-09  9.649321794199071e-01 -2.584267445313178e-07  1.185451413797244e-17  1.244805529732451e-10 
 3.630780547700958e+04  1.951978027826239e-02 -2.290769623678062e-07  9.804802197729657e-01 -4.089274314693170e-09  9.649321794199036e-01 -2.644462766968203e-07  1.241320017714367e-17  1.273800775327547e-10 
 3.715352290971669e+04  1.951978027813914e-02 -2.344128502824992e-07  9.804802197729657e-01 -4.184525749739203e-09  9.649321794198997e-01 -2.706060217785875e-07  1.299821627815734e-17  1.303471406954469e-10 
 3.801893963205554e+04  1.951978027801008e-02 -2.398730269930971e-07  9.804802197729657e-01 -4.281995875726494e-09  9.649321794198958e-01 -2.769092457549951e-07  1.361080333859814e-17  1.333833156374841e-10 
 3.890451449942747e+04  1.951978027787494e-02 -2.454603875575564e-07  9.804802197729657e-01 -4.381736372606013e-09  9.649321794198916e-01 -2.833592906788288e-07  1.425226073775227e-17  1.364902121790092e-10 
 3.981071705534912e+04  1.951978027773343e-02 -2.511778944683953e-07  9.804802197729657e-01 -4.483800124109423e-09  9.649321794198873e-01 -2.899595764492830e-07  1.492394909276500e-17  1.396694776376931e-10 
 4.073802778041065e+04  1.951978027758525e-02 -2.570285792234469e-07  9.804802197729657e-01 -4.588241245788747e-09  9.649321794198827e-01 -2.967136026252390e-07  1.562729314469215e-17  1.429227977021646e-10 
 4.168693834703290e+04  1.951978027743009e-02 -2.630155439331993e-07  9.804802197729657e-01 -4.695115113709142e-09  9.649321794198782e-01 -3.036249502807748e-07  1.636378478056681e-17  1.462518973257847e-10 
 4.265795188015862e+04  1.951978027726761e-02 -2.691419629655757e-07  9.804802197729657e-01 -4.804478393810020e-09  9.649321794198730e-01 -3.106972839039000e-07  1.713498619789184e-17  1.496585416412396e-10 
 4.365158322401593e+04  1.951978027709748e-02 -2.754110846290263e-07  9.804802197729657e-01 -4.916389071950087e-09  9.649321794198679e-01 -3.179343533395149e-07  1.794253321827014e-17  1.531445368964376e-10 
 4.466835921509562e+04  1.951978027691932e-02 -2.818262328948238e-07  9.804802197729657e-01 -5.030906484652202e-09  9.649321794198623e-01 -3.253399957776282e-07  1.878813875720165e-17  1.567117314122057e-10 
 4.570881896148680e+04  1.951978027673278e-02 -2.883908091594775e-07  9.804802197729657e-01 -5.148091350564400e-09  9.649321794198567e-01 -3.329181377878857e-07  1.967359645740673e-17  1.603620165622934e-10 
 4.677351412871909e+04  1.951978027653745e-02 -2.951082940481987e-07  9.804802197729657e-01 -5.268005802653712e-09  9.649321794198507e-01 -3.406727974014898e-07  2.060078449338292e-17  1.640973277762048e-10 
 4.786300923226309e+04  1.951978027633289e-02 -3.019822492603734e-07  9.804802197729657e-01 -5.390713421149892e-09  9.649321794198443e-01 -3.486080862416125e-07  2.157166955526476e-17  1.679196455653879e-10 
 4.897788193684386e+04  1.951978027611871e-02 -3.090163194580238e-07  9.804802197729657e-01 -5.516279267256493e-09  9.649321794198378e-01 -3.567282117034328e-07  2.258831102043731e-17  1.718309965733290e-10 
 5.011872336272644e+04  1.951978027589443e-02 -3.162142341982545e-07  9.804802197729657e-01 -5.644769917647181e-09  9.649321794198309e-01 -3.650374791849531e-07  2.365286532175171e-17  1.758334546501054e-10 
 5.128613839913568e+04  1.951978027565959e-02 -3.235798099107144e-07  9.804802197729657e-01 -5.776253499765569e-09  9.649321794198238e-01 -3.735402943697782e-07  2.476759052160831e-17  1.799291419519682e-10 
 5.248074602497643e+04  1.951978027541367e-02 -3.311169519211171e-07  9.804802197729657e-01 -5.910799727947284e-09  9.649321794198161e-01 -3.822411655630669e-07  2.593485110160979e-17  1.841202300665376e-10 
 5.370317963702443e+04  1.951978027515616e-02 -3.388296565218970e-07  9.804802197729657e-01 -6.048479940383443e-09  9.649321794198084e-01 -3.911447060818954e-07  2.715712297794369e-17  1.884089411642076e-10 
 5.495408738576159e+04  1.951978027488652e-02 -3.467220130910959e-07  9.804802197729657e-01 -6.189367136945088e-09  9.649321794197999e-01 -4.002556367012991e-07  2.843699875313253e-17  1.927975491763700e-10 
 5.623413251903402e+04  1.951978027460417e-02 -3.547982062606052e-07  9.804802197729657e-01 -6.333536017888701e-09  9.649321794197911e-01 -4.095787881572896e-07  2.977719321529140e-17  1.972883810010828e-10 
 5.754399373371479e+04  1.951978027430851e-02 -3.630625181349129e-07  9.804802197729657e-01 -6.481063023463260e-09  9.649321794197823e-01 -4.191191037081754e-07  3.118054909655756e-17  2.018838177368229e-10 
 5.888436553555797e+04  1.951978027399892e-02 -3.715193305615321e-07  9.804802197729657e-01 -6.632026374439868e-09  9.649321794197726e-01 -4.288816417555422e-07  3.265004310290630e-17  2.065862959449752e-10 
 6.025595860743483e+04  1.951978027367474e-02 -3.801731274543147e-07  9.804802197729657e-01 -6.786506113585453e-09  9.649321794197627e-01 -4.388715785262851e-07  3.418879222814358e-17  2.113983089417303e-10 
 6.165950018614724e+04  1.951978027333528e-02 -3.890284971708812e-07  9.804802197729657e-01 -6.944584148102486e-09  9.649321794197524e-01 -4.490942108171124e-07  3.580006036546771e-17  2.163224081200737e-10 
 6.309573444801832e+04  1.951978027297982e-02 -3.980901349454283e-07  9.804802197729657e-01 -7.106344293057281e-09  9.649321794197413e-01 -4.595549588029768e-07  3.748726523062438e-17  2.213612043025678e-10 
 6.456542290346453e+04  1.951978027260761e-02 -4.073628453782053e-07  9.804802197729657e-01 -7.271872315819843e-09  9.649321794197300e-01 -4.702593689109250e-07  3.925398561134010e-17  2.265173691256450e-10 
 6.606934480075855e+04  1.951978027221786e-02 -4.168515449829743e-07  9.804802197729657e-01 -7.441255981538861e-09  9.649321794197180e-01 -4.812131167608851e-07  4.110396895841060e-17  2.317936364561445e-10 
 6.760829753919710e+04  1.951978027180974e-02 -4.265612647938127e-07  9.804802197729657e-01 -7.614585099675956e-09  9.649321794197054e-01 -4.924220101749572e-07  4.304113933454661e-17  2.371928038408443e-10 
 6.918309709189254e+04  1.951978027138238e-02 -4.364971530326333e-07  9.804802197729657e-01 -7.791951571623853e-09  9.649321794196921e-01 -5.038919922567965e-07  4.506960573783683e-17  2.427177339897583e-10 
 7.079457843841266e+04  1.951978027093489e-02 -4.466644778388387e-07  9.804802197729657e-01 -7.973449439433692e-09  9.649321794196786e-01 -5.156291445427257e-07  4.719367081748380e-17  2.483713562939827e-10 
 7.244359600749785e+04  1.951978027046631e-02 -4.570686300625594e-07  9.804802197729657e-01 -8.159174935677402e-09  9.649321794196644e-01 -5.276396902262460e-07  4.941784000029980e-17  2.541566683788976e-10 
 7.413102413009056e+04  1.951978026997564e-02 -4.677151261229517e-07  9.804802197729657e-01 -8.349226534471454e-09  9.649321794196493e-01 -5.399299974576571e-07  5.174683104732109e-17  2.600767376935480e-10 
 7.585775750291716e+04  1.951978026946185e-02 -4.786096109330785e-07  9.804802197729657e-01 -8.543705003689158e-09  9.649321794196334e-01 -5.525065827205339e-07  5.418558406081159e-17  2.661347031370460e-10 
 7.762471166286792e+04  1.951978026892384e-02 -4.897578608929144e-07  9.804802197729657e-01 -8.742713458389127e-09  9.649321794196170e-01 -5.653761142868534e-07  5.673927196288216e-17  2.723337767228564e-10 
 7.943282347242687e+04  1.951978026836048e-02 -5.011657869520702e-07  9.804802197729657e-01 -8.946357415488225e-09  9.649321794195995e-01 -5.785454157526003e-07  5.941331146795196e-17  2.786772452818488e-10 
 8.128305161640861e+04  1.951978026777056e-02 -5.128394377438555e-07  9.804802197729656e-01 -9.154744849708052e-09  9.649321794195811e-01 -5.920214696557272e-07  6.221337457232585e-17  2.851684722050188e-10 
 8.317637711026576e+04  1.951978026715284e-02 -5.247850027923445e-07  9.804802197729656e-01 -9.367986250824570e-09  9.649321794195622e-01 -6.058114211783904e-07  6.514540058525918e-17  2.918108992268028e-10 
 8.511380382023628e+04  1.951978026650602e-02 -5.370088157941427e-07  9.804802197729656e-01 -9.586194682251230e-09  9.649321794195423e-01 -6.199225819354179e-07  6.821560872702879e-17  2.986080482499305e-10 
 8.709635899560666e+04  1.951978026582870e-02 -5.495173579765958e-07  9.804802197729656e-01 -9.809485840986708e-09  9.649321794195215e-01 -6.343624338510263e-07  7.143051132073334e-17  3.055635232127849e-10 
 8.912509381337311e+04  1.951978026511947e-02 -5.623172615342228e-07  9.804802197729656e-01 -1.003797811895897e-08  9.649321794194996e-01 -6.491386331258346e-07  7.479692760580343e-17  3.126810120002579e-10 
 9.120108393558950e+04  1.951978026437682e-02 -5.754153131451914e-07  9.804802197729656e-01 -1.027179266579825e-08  9.649321794194771e-01 -6.642590142962839e-07  7.832199820252287e-17  3.199642883991157e-10 
 9.332543007969759e+04  1.951978026359916e-02 -5.888184575697047e-07  9.804802197729656e-01 -1.051105345307219e-08  9.649321794194530e-01 -6.797315943886116e-07  8.201320025824153e-17  3.274172140989104e-10 
 9.549925860214204e+04  1.951978026278485e-02 -6.025338013322052e-07  9.804802197729656e-01 -1.075588734001718e-08  9.649321794194281e-01 -6.955645771695867e-07  8.587836330740770e-17  3.350437407394994e-10 
 9.772372209557948e+04  1.951978026193217e-02 -6.165686164893460e-07  9.804802197729656e-01 -1.100642414080086e-08  9.649321794194018e-01 -7.117663574962527e-07  8.992568587905983e-17  3.428479120062563e-10 
 9.999999999999837e+04  1.951978026103931e-02 -6.309303444857314e-07  9.804802197729656e-01 -1.126279669335123e-08  9.649321794193746e-01 -7.283455257669947e-07  9.416375288700627e-17  3.508338657740873e-10 
 1.023292992280737e+05  1.951978026010435e-02 -6.456266000994679e-07  9.804802197729656e-01 -1.152514092978915e-08  9.649321794193458e-01 -7.453108724762797e-07  9.860155383957817e-17  3.590058363013864e-10 
 1.047128548050882e+05  1.951978025912534e-02 -6.606651754796211e-07  9.804802197729656e-01 -1.179359594850132e-08  9.649321794193156e-01 -7.626713928754951e-07  1.032485019075821e-16  3.673681564750964e-10 
 1.071519305237589e+05  1.951978025810019e-02 -6.760540442777141e-07  9.804802197729656e-01 -1.206830408789208e-08  9.649321794192842e-01 -7.804362917423497e-07  1.081144538908973e-16  3.759252601080615e-10 
 1.096478196143167e+05  1.951978025702672e-02 -6.918013658754622e-07  9.804802197729656e-01 -1.234941100185313e-08  9.649321794192514e-01 -7.986149882613680e-07  1.132097311260696e-16  3.846816842898945e-10 
 1.122018454301945e+05  1.951978025590267e-02 -7.079154897109836e-07  9.804802197729656e-01 -1.263706573699114e-08  9.649321794192167e-01 -8.172171210180666e-07  1.185451413792503e-16  3.936420717926016e-10 
 1.148153621496864e+05  1.951978025472564e-02 -7.244049597057830e-07  9.804802197729656e-01 -1.293142081165424e-08  9.649321794191806e-01 -8.362525531094607e-07  1.241320017709170e-16  4.028111735322416e-10 
 1.174897554939510e+05  1.951978025349313e-02 -7.412785187948474e-07  9.804802197729656e-01 -1.323263229679927e-08  9.649321794191427e-01 -8.557313773736071e-07  1.299821627810035e-16  4.121938510879240e-10 
 1.202264434617393e+05  1.951978025220254e-02 -7.585451135622681e-07  9.804802197729656e-01 -1.354085989874266e-08  9.649321794191031e-01 -8.756639217409631e-07  1.361080333853566e-16  4.217950792794833e-10 
 1.230268770812361e+05  1.951978025085113e-02 -7.762138989848343e-07  9.804802197729656e-01 -1.385626704383882e-08  9.649321794190617e-01 -8.960607547103889e-07  1.425226073768377e-16  4.316199488051940e-10 
 1.258925411794146e+05  1.951978024943603e-02 -7.942942432861222e-07  9.804802197729656e-01 -1.417902096513101e-08  9.649321794190183e-01 -9.169326909527073e-07  1.492394909268988e-16  4.416736689409259e-10 
 1.288249551693113e+05  1.951978024795423e-02 -8.127957329036495e-07  9.804802197729656e-01 -1.450929279102044e-08  9.649321794189727e-01 -9.382907970447853e-07  1.562729314460978e-16  4.519615703021719e-10 
 1.318256738556385e+05  1.951978024640260e-02 -8.317281775717308e-07  9.804802197729656e-01 -1.484725763600085e-08  9.649321794189251e-01 -9.601463973371797e-07  1.636378478047650e-16  4.624891076704100e-10 
 1.348962882591631e+05  1.951978024477785e-02 -8.511016155227245e-07  9.804802197729656e-01 -1.519309469350656e-08  9.649321794188753e-01 -9.825110799584569e-07  1.713498619779282e-16  4.732618628853012e-10 
 1.380384264602862e+05  1.951978024307652e-02 -8.709263188094368e-07  9.804802197729656e-01 -1.554698733092315e-08  9.649321794188229e-01 -1.005396702959372e-06  1.794253321816157e-16  4.842855478042549e-10 
 1.412537544622731e+05  1.951978024129501e-02 -8.912127987514966e-07  9.804802197729654e-01 -1.590912318681129e-08  9.649321794187681e-01 -1.028815400600165e-06  1.878813875708261e-16  4.955660073309303e-10 
 1.445439770745904e+05  1.951978023942954e-02 -9.119718115085955e-07  9.804802197729654e-01 -1.627969427039522e-08  9.649321794187106e-01 -1.052779589784306e-06  1.967359645727622e-16  5.071092225142834e-10 
 1.479108388168183e+05  1.951978023747615e-02 -9.332143637835419e-07  9.804802197729653e-01 -1.665889706336854e-08  9.649321794186508e-01 -1.077301976642102e-06  2.060078449323980e-16  5.189213137197966e-10 
 1.513561248436183e+05  1.951978023543071e-02 -9.549517186581592e-07  9.804802197729653e-01 -1.704693262407143e-08  9.649321794185881e-01 -1.102395563267656e-06  2.157166955510785e-16  5.310085438745787e-10 
 1.548816618912456e+05  1.951978023328887e-02 -9.771954015651168e-07  9.804802197729653e-01 -1.744400669409442e-08  9.649321794185223e-01 -1.128073654612745e-06  2.258831102026528e-16  5.433773217880510e-10 
 1.584893192461087e+05  1.951978023104608e-02 -9.999572063988667e-07  9.804802197729653e-01 -1.785032980736535e-08  9.649321794184532e-01 -1.154349865541288e-06  2.365286532156308e-16  5.560342055499832e-10 
 1.621810097358903e+05  1.951978022869759e-02 -1.023249201768917e-06  9.804802197729653e-01 -1.826611740177718e-08  9.649321794183812e-01 -1.181238128048124e-06  2.476759052140148e-16  5.689859060076795e-10 
 1.659586907437533e+05  1.951978022623842e-02 -1.047083737398766e-06  9.804802197729653e-01 -1.869158993341608e-08  9.649321794183057e-01 -1.208752698645938e-06  2.593485110138301e-16  5.822392903241585e-10 
 1.698243652461716e+05  1.951978022366336e-02 -1.071473450673884e-06  9.804802197729653e-01 -1.912697299345011e-08  9.649321794182265e-01 -1.236908165924256e-06  2.715712297769502e-16  5.958013856192139e-10 
 1.737800828749346e+05  1.951978022096694e-02 -1.096431273342221e-06  9.804802197729653e-01 -1.957249742774068e-08  9.649321794181437e-01 -1.265719458284507e-06  2.843699875285987e-16  6.096793826952867e-10 
 1.778279410038893e+05  1.951978021814344e-02 -1.121970438370786e-06  9.804802197729653e-01 -2.002839945924006e-08  9.649321794180571e-01 -1.295201851855259e-06  2.977719321499245e-16  6.238806398501236e-10 
 1.819700858609953e+05  1.951978021518686e-02 -1.148104486961934e-06  9.804802197729651e-01 -2.049492081323994e-08  9.649321794179661e-01 -1.325370978591826e-06  3.118054909622976e-16  6.384126867782437e-10 
 1.862087136662836e+05  1.951978021209095e-02 -1.174847275733090e-06  9.804802197729651e-01 -2.097230884553733e-08  9.649321794178711e-01 -1.356242834564533e-06  3.265004310254687e-16  6.532832285632826e-10 
 1.905460717963215e+05  1.951978020884914e-02 -1.202212984063703e-06  9.804802197729651e-01 -2.146081667358595e-08  9.649321794177715e-01 -1.387833788440050e-06  3.418879222774951e-16  6.685001497633294e-10 
 1.949844599758012e+05  1.951978020545454e-02 -1.230216121613336e-06  9.804802197729651e-01 -2.196070331070239e-08  9.649321794176673e-01 -1.420160590160272e-06  3.580006036503560e-16  6.840715185914240e-10 
 1.995262314968846e+05  1.951978020189997e-02 -1.258871536014875e-06  9.804802197729651e-01 -2.247223380339844e-08  9.649321794175580e-01 -1.453240379823362e-06  3.748726523015060e-16  7.000055911934304e-10 
 2.041737944669495e+05  1.951978019817786e-02 -1.288194420746932e-06  9.804802197729651e-01 -2.299567937191221e-08  9.649321794174438e-01 -1.487090696771656e-06  3.925398561082058e-16  7.163108160255544e-10 
 2.089296130854004e+05  1.951978019428035e-02 -1.318200323189623e-06  9.804802197729650e-01 -2.353131755401277e-08  9.649321794173240e-01 -1.521729488891254e-06  4.110396895784098e-16  7.329958383338268e-10 
 2.137962089502196e+05  1.951978019019915e-02 -1.348905152867988e-06  9.804802197729648e-01 -2.407943235215425e-08  9.649321794171987e-01 -1.557175122128232e-06  4.304113933392203e-16  7.500695047379276e-10 
 2.187761623949515e+05  1.951978018592561e-02 -1.380325189887425e-06  9.804802197729648e-01 -2.464031438405782e-08  9.649321794170677e-01 -1.593446390226502e-06  4.506960573715200e-16  7.675408679217813e-10 
 2.238721138568301e+05  1.951978018145065e-02 -1.412477093565605e-06  9.804802197729648e-01 -2.521426103680092e-08  9.649321794169300e-01 -1.630562524692508e-06  4.719367081673291e-16  7.854191914334079e-10 
 2.290867652767734e+05  1.951978017676481e-02 -1.445377911265459e-06  9.804802197729648e-01 -2.580157662449591e-08  9.649321794167863e-01 -1.668543204992029e-06  4.941783999947648e-16  8.037139545965810e-10 
 2.344228815319882e+05  1.951978017185813e-02 -1.479045087433901e-06  9.804802197729648e-01 -2.640257254964145e-08  9.649321794166356e-01 -1.707408568984481e-06  5.174683104641833e-16  8.224348575368892e-10 
 2.398832919019449e+05  1.951978016672020e-02 -1.513496472851100e-06  9.804802197729648e-01 -2.701756746823215e-08  9.649321794164779e-01 -1.747179223600288e-06  5.418558405982174e-16  8.415918263248714e-10 
 2.454708915684988e+05  1.951978016134013e-02 -1.548750334095184e-06  9.804802197729646e-01 -2.764688745871429e-08  9.649321794163125e-01 -1.787876255766944e-06  5.673927196179683e-16  8.611950182389513e-10 
 2.511886431509537e+05  1.951978015570650e-02 -1.584825363227414e-06  9.804802197729646e-01 -2.829086619487683e-08  9.649321794161394e-01 -1.829521243589582e-06  5.941331146676190e-16  8.812548271509603e-10 
 2.570395782768819e+05  1.951978014980738e-02 -1.621740687702947e-06  9.804802197729645e-01 -2.894984512276978e-08  9.649321794159583e-01 -1.872136267791971e-06  6.221337457102103e-16  9.017818890371065e-10 
 2.630267991895336e+05  1.951978014363023e-02 -1.659515880512454e-06  9.804802197729645e-01 -2.962417364174329e-08  9.649321794157686e-01 -1.915743923424005e-06  6.514540058382846e-16  9.227870876173089e-10 
 2.691534803926869e+05  1.951978013716195e-02 -1.698170970559962e-06  9.804802197729644e-01 -3.031420928970394e-08  9.649321794155697e-01 -1.960367331841902e-06  6.821560872546004e-16  9.442815601258910e-10 
 2.754228703338119e+05  1.951978013038884e-02 -1.737726453282434e-06  9.804802197729644e-01 -3.102031793268596e-08  9.649321794153617e-01 -2.006030152967454e-06  7.143051131901324e-16  9.662767032166900e-10 
 2.818382931264405e+05  1.951978012329653e-02 -1.778203301516700e-06  9.804802197729644e-01 -3.174287395883833e-08  9.649321794151441e-01 -2.052756597832823e-06  7.479692760391739e-16  9.887841790057119e-10 
 2.884031503126556e+05  1.951978011586996e-02 -1.819622976619513e-06  9.804802197729644e-01 -3.248226047693025e-08  9.649321794149160e-01 -2.100571441417557e-06  7.832199820045486e-16  1.011815921254541e-09 
 2.951209226666334e+05  1.951978010809339e-02 -1.862007439846633e-06  9.804802197729642e-01 -3.323886951948057e-08  9.649321794146771e-01 -2.149500035784612e-06  8.201320025597408e-16  1.035384141697779e-09 
 3.019951720401964e+05  1.951978009995033e-02 -1.905379163996950e-06  9.804802197729642e-01 -3.401310225061854e-08  9.649321794144271e-01 -2.199568323522348e-06  8.587836330492148e-16  1.059501336517865e-09 
 3.090295432513537e+05  1.951978009142349e-02 -1.949761145327837e-06  9.804802197729642e-01 -3.480536917878640e-08  9.649321794141654e-01 -2.250802851499635e-06  8.992568587633374e-16  1.084180292970723e-09 
 3.162277660168324e+05  1.951978008249478e-02 -1.995176915748050e-06  9.804802197729640e-01 -3.561609037439633e-08  9.649321794138908e-01 -2.303230784941355e-06  9.416375288401714e-16  1.109434096165726e-09 
 3.235936569296226e+05  1.951978007314530e-02 -2.041650555294633e-06  9.804802197729640e-01 -3.644569569255744e-08  9.649321794136038e-01 -2.356879921831760e-06  9.860155383630073e-16  1.135276136003603e-09 
 3.311311214825853e+05  1.951978006335517e-02 -2.089206704900441e-06  9.804802197729638e-01 -3.729462500099053e-08  9.649321794133031e-01 -2.411778707653333e-06  1.032485019039885e-15  1.161720114275934e-09 
 3.388441561391967e+05  1.951978005310365e-02 -2.137870579459064e-06  9.804802197729636e-01 -3.816332841325180e-08  9.649321794129880e-01 -2.467956250468962e-06  1.081144538869569e-15  1.188780051930026e-09 
 3.467368504525256e+05  1.951978004236900e-02 -2.187667981194070e-06  9.804802197729636e-01 -3.905226652738915e-08  9.649321794126585e-01 -2.525442336355417e-06  1.132097311217490e-15  1.216470296503003e-09 
 3.548133892335693e+05  1.951978003112843e-02 -2.238625313339642e-06  9.804802197729635e-01 -3.996191067015712e-08  9.649321794123131e-01 -2.584267445196321e-06  1.185451413745129e-15  1.244805529729060e-09 
 3.630780547700950e+05  1.951978001935812e-02 -2.290769594139898e-06  9.804802197729634e-01 -4.089274314692077e-08  9.649321794119518e-01 -2.644462766842991e-06  1.241320017657226e-15  1.273800775323914e-09 
 3.715352290971660e+05  1.951978000703308e-02 -2.344128471174279e-06  9.804802197729632e-01 -4.184525749738034e-08  9.649321794115728e-01 -2.706060217651708e-06  1.299821627753080e-15  1.303471406950576e-09 
 3.801893963205545e+05  1.951977999412720e-02 -2.398730236016623e-06  9.804802197729632e-01 -4.281995875725242e-08  9.649321794111767e-01 -2.769092457406189e-06  1.361080333791116e-15  1.333833156370670e-09 
 3.890451449942738e+05  1.951977998061306e-02 -2.454603839235685e-06  9.804802197729630e-01 -4.381736372604669e-08  9.649321794107615e-01 -2.833592906634242e-06  1.425226073699901e-15  1.364902121785623e-09 
 3.981071705534903e+05  1.951977996646204e-02 -2.511778905745072e-06  9.804802197729630e-01 -4.483800124107986e-08  9.649321794103271e-01 -2.899595764327770e-06  1.492394909193907e-15  1.396694776372143e-09 
 4.073802778041056e+05  1.951977995164409e-02 -2.570285750510706e-06  9.804802197729628e-01 -4.588241245787208e-08  9.649321794098721e-01 -2.967136026075525e-06  1.562729314378654e-15  1.429227977016516e-09 
 4.168693834703281e+05  1.951977993612780e-02 -2.630155394624176e-06  9.804802197729627e-01 -4.695115113707492e-08  9.649321794093956e-01 -3.036249502618235e-06  1.636378477957384e-15  1.462518973252350e-09 
 4.265795188015852e+05  1.951977991988024e-02 -2.691419581750470e-06  9.804802197729625e-01 -4.804478393808254e-08  9.649321794088964e-01 -3.106972838835932e-06  1.713498619680306e-15  1.496585416406505e-09 
 4.365158322401583e+05  1.951977990286696e-02 -2.754110794958822e-06  9.804802197729623e-01 -4.916389071948194e-08  9.649321794083737e-01 -3.179343533177558e-06  1.794253321707632e-15  1.531445368958064e-09 
 4.466835921509552e+05  1.951977988505187e-02 -2.818262273945607e-06  9.804802197729623e-01 -5.030906484650174e-08  9.649321794078267e-01 -3.253399957543129e-06  1.878813875589265e-15  1.567117314115294e-09 
 4.570881896148669e+05  1.951977986639717e-02 -2.883908032658395e-06  9.804802197729621e-01 -5.148091350562227e-08  9.649321794072536e-01 -3.329181377629029e-06  1.967359645597146e-15  1.603620165615688e-09 
 4.677351412871899e+05  1.951977984686331e-02 -2.951082877330518e-06  9.804802197729617e-01 -5.268005802651386e-08  9.649321794066534e-01 -3.406727973747203e-06  2.060078449180917e-15  1.640973277754282e-09 
 4.786300923226299e+05  1.951977982640885e-02 -3.019822424935718e-06  9.804802197729616e-01 -5.390713421147401e-08  9.649321794060254e-01 -3.486080862129287e-06  2.157166955353920e-15  1.679196455645559e-09 
 4.897788193684375e+05  1.951977980499041e-02 -3.090163122072654e-06  9.804802197729615e-01 -5.516279267253823e-08  9.649321794053678e-01 -3.567282116726976e-06  2.258831101854528e-15  1.718309965724375e-09 
 5.011872336272634e+05  1.951977978256253e-02 -3.162142264289268e-06  9.804802197729614e-01 -5.644769917644322e-08  9.649321794046788e-01 -3.650374791520198e-06  2.365286531967715e-15  1.758334546491503e-09 
 5.128613839913558e+05  1.951977975907767e-02 -3.235798015857298e-06  9.804802197729611e-01 -5.776253499762507e-08  9.649321794039576e-01 -3.735402943344896e-06  2.476759051933361e-15  1.799291419509447e-09 
 5.248074602497633e+05  1.951977973448600e-02 -3.311169430007355e-06  9.804802197729608e-01 -5.910799727944005e-08  9.649321794032024e-01 -3.822411655252545e-06  2.593485109911564e-15  1.841202300654410e-09 
 5.370317963702432e+05  1.951977970873536e-02 -3.388296469635362e-06  9.804802197729606e-01 -6.048479940379927e-08  9.649321794024115e-01 -3.911447060413787e-06  2.715712297520890e-15  1.884089411630325e-09 
 5.495408738576148e+05  1.951977968177113e-02 -3.467220028491277e-06  9.804802197729603e-01 -6.189367136941322e-08  9.649321794015833e-01 -4.002556366578846e-06  2.843699875013390e-15  1.927975491751109e-09 
 5.623413251903391e+05  1.951977965353611e-02 -3.547981952861385e-06  9.804802197729601e-01 -6.333536017884668e-08  9.649321794007160e-01 -4.095787881107702e-06  2.977719321200349e-15  1.972883809997337e-09 
 5.754399373371467e+05  1.951977962397042e-02 -3.630625063755600e-06  9.804802197729597e-01 -6.481063023458937e-08  9.649321793998080e-01 -4.191191036583290e-06  3.118054909295242e-15  2.018838177353773e-09 
 5.888436553555785e+05  1.951977959301133e-02 -3.715193179611584e-06  9.804802197729595e-01 -6.632026374435237e-08  9.649321793988571e-01 -4.288816417021310e-06  3.265004309895337e-15  2.065862959434262e-09 
 6.025595860743470e+05  1.951977956059320e-02 -3.801731139527712e-06  9.804802197729592e-01 -6.786506113580489e-08  9.649321793978614e-01 -4.388715784690540e-06  3.418879222380929e-15  2.113983089400706e-09 
 6.165950018614712e+05  1.951977952664724e-02 -3.890284827037167e-06  9.804802197729588e-01 -6.944584148097169e-08  9.649321793968189e-01 -4.490942107557882e-06  3.580006036071526e-15  2.163224081182953e-09 
 6.309573444801820e+05  1.951977949110146e-02 -3.980901194435826e-06  9.804802197729586e-01 -7.106344293051586e-08  9.649321793957272e-01 -4.595549587372669e-06  3.748726522541344e-15  2.213612043006623e-09 
 6.456542290346441e+05  1.951977945388046e-02 -4.073628287676780e-06  9.804802197729583e-01 -7.271872315813742e-08  9.649321793945839e-01 -4.702593688405153e-06  3.925398560562639e-15  2.265173691236033e-09 
 6.606934480075843e+05  1.951977941490529e-02 -4.168515271844738e-06  9.804802197729579e-01 -7.441255981532323e-08  9.649321793933869e-01 -4.812131166854399e-06  4.110396895214567e-15  2.317936364539567e-09 
 6.760829753919698e+05  1.951977937409328e-02 -4.265612457223762e-06  9.804802197729575e-01 -7.614585099668954e-08  9.649321793921335e-01 -4.924220100941165e-06  4.304113932767727e-15  2.371928038385001e-09 
 6.918309709189242e+05  1.951977933135785e-02 -4.364971325972211e-06  9.804802197729572e-01 -7.791951571616348e-08  9.649321793908210e-01 -5.038919921701740e-06  4.506960573030474e-15  2.427177339872465e-09 
 7.079457843841253e+05  1.951977928660837e-02 -4.466644559419000e-06  9.804802197729567e-01 -7.973449439425651e-08  9.649321793894464e-01 -5.156291444499082e-06  4.719367080922506e-15  2.483713562912912e-09 
 7.244359600749771e+05  1.951977923974990e-02 -4.570686065995664e-06  9.804802197729564e-01 -8.159174935668787e-08  9.649321793880072e-01 -5.276396901267903e-06  4.941783999124428e-15  2.541566683760136e-09 
 7.413102413009043e+05  1.951977919068307e-02 -4.677151009819024e-06  9.804802197729559e-01 -8.349226534462225e-08  9.649321793865004e-01 -5.399299973510884e-06  5.174683103739191e-15  2.600767376904578e-09 
 7.585775750291703e+05  1.951977913930379e-02 -4.786095839939588e-06  9.804802197729554e-01 -8.543705003679271e-08  9.649321793849224e-01 -5.525065826063436e-06  5.418558404992446e-15  2.661347031337348e-09 
 7.762471166286779e+05  1.951977908550308e-02 -4.897578320271276e-06  9.804802197729550e-01 -8.742713458378531e-08  9.649321793832700e-01 -5.653761141644966e-06  5.673927195094472e-15  2.723337767193085e-09 
 7.943282347242674e+05  1.951977902916681e-02 -5.011657560218225e-06  9.804802197729543e-01 -8.946357415476874e-08  9.649321793815394e-01 -5.785454156214924e-06  5.941331145486280e-15  2.786772452780471e-09 
 8.128305161640848e+05  1.951977897017551e-02 -5.128394046014985e-06  9.804802197729539e-01 -9.154744849695892e-08  9.649321793797278e-01 -5.920214695152428e-06  6.221337455797388e-15  2.851684722009454e-09 
 8.317637711026561e+05  1.951977890840403e-02 -5.247849672796694e-06  9.804802197729533e-01 -9.367986250811539e-08  9.649321793778306e-01 -6.058114210278587e-06  6.514540056952257e-15  2.918108992224380e-09 
 8.511380382023612e+05  1.951977884372134e-02 -5.370087777416256e-06  9.804802197729526e-01 -9.586194682237266e-08  9.649321793758439e-01 -6.199225817741204e-06  6.821560870977397e-15  2.986080482452535e-09 
 8.709635899560649e+05  1.951977877599027e-02 -5.495173172025895e-06  9.804802197729522e-01 -9.809485840971748e-08  9.649321793737639e-01 -6.343624336781930e-06  7.143051130181381e-15  3.055635232077735e-09 
 8.912509381337294e+05  1.951977870506712e-02 -5.623172178440877e-06  9.804802197729515e-01 -1.003797811894294e-07  9.649321793715854e-01 -6.491386329406399e-06  7.479692758505853e-15  3.126810119948881e-09 
 9.120108393558932e+05  1.951977863080146e-02 -5.754152663303683e-06  9.804802197729509e-01 -1.027179266578108e-07  9.649321793693044e-01 -6.642590140978442e-06  7.832199817977654e-15  3.199642883933618e-09 
 9.332543007969741e+05  1.951977855303578e-02 -5.888184074067185e-06  9.804802197729501e-01 -1.051105345305378e-07  9.649321793669161e-01 -6.797315941759800e-06  8.201320023330075e-15  3.274172140927450e-09 
 9.549925860214186e+05  1.951977847160512e-02 -6.025337475815976e-06  9.804802197729494e-01 -1.075588733999747e-07  9.649321793644152e-01 -6.955645769417479e-06  8.587836328006068e-15  3.350437407328931e-09 
 9.772372209557928e+05  1.951977838633673e-02 -6.165685588945323e-06  9.804802197729484e-01 -1.100642414077973e-07  9.649321793617960e-01 -7.117663572521192e-06  8.992568584907443e-15  3.428479119991775e-09 
 9.999999999999817e+05  1.951977829704979e-02 -6.309302827717767e-06  9.804802197729476e-01 -1.126279669332859e-07  9.649321793590536e-01 -7.283455255054007e-06  9.416375285412790e-15  3.508338657665022e-09 
 1.023292992280735e+06  1.951977820355487e-02 -6.456265339717747e-06  9.804802197729469e-01 -1.152514092976489e-07  9.649321793561824e-01 -7.453108721959768e-06  9.860155380352781e-15  3.590058362932590e-09 
 1.047128548050880e+06  1.951977810565368e-02 -6.606651046225216e-06  9.804802197729459e-01 -1.179359594847532e-07  9.649321793531753e-01 -7.626713925751453e-06  1.032485018680537e-14  3.673681564663876e-09 
 1.071519305237587e+06  1.951977800313854e-02 -6.760539683529642e-06  9.804802197729449e-01 -1.206830408786423e-07  9.649321793500264e-01 -7.804362914205190e-06  1.081144538475552e-14  3.759252600987298e-09 
 1.096478196143165e+06  1.951977789579202e-02 -6.918012845206274e-06  9.804802197729440e-01 -1.234941100182329e-07  9.649321793467299e-01 -7.986149879165203e-06  1.132097310785460e-14  3.846816842798956e-09 
 1.122018454301943e+06  1.951977778338642e-02 -7.079154025377084e-06  9.804802197729431e-01 -1.263706573695916e-07  9.649321793432775e-01 -8.172171206485557e-06  1.185451413271417e-14  3.936420717818876e-09 
 1.148153621496861e+06  1.951977766568330e-02 -7.244048662979358e-06  9.804802197729419e-01 -1.293142081161998e-07  9.649321793396624e-01 -8.362525527135222e-06  1.241320017137810e-14  4.028111735207612e-09 
 1.174897554939508e+06  1.951977754243301e-02 -7.412784187065367e-06  9.804802197729410e-01 -1.323263229676256e-07  9.649321793358772e-01 -8.557313769493517e-06  1.299821627183552e-14  4.121938510756227e-09 
 1.202264434617390e+06  1.951977741337411e-02 -7.585450063157121e-06  9.804802197729398e-01 -1.354085989870332e-07  9.649321793319132e-01 -8.756639212863654e-06  1.361080333166642e-14  4.217950792663023e-09 
 1.230268770812358e+06  1.951977727823286e-02 -7.762137840680797e-06  9.804802197729383e-01 -1.385626704379667e-07  9.649321793277624e-01 -8.960607542232786e-06  1.425226073015178e-14  4.316199487910702e-09 
 1.258925411794143e+06  1.951977713672259e-02 -7.942941201506020e-06  9.804802197729371e-01 -1.417902096508584e-07  9.649321793234161e-01 -9.169326904307592e-06  1.492394908443124e-14  4.416736689257921e-09 
 1.288249551693110e+06  1.951977698854315e-02 -8.127956009615637e-06  9.804802197729356e-01 -1.450929279097204e-07  9.649321793188650e-01 -9.382907964855078e-06  1.562729313555435e-14  4.519615702859557e-09 
 1.318256738556382e+06  1.951977683338024e-02 -8.317280361932394e-06  9.804802197729343e-01 -1.484725763594900e-07  9.649321793140994e-01 -9.601463967379033e-06  1.636378477054742e-14  4.624891076530341e-09 
 1.348962882591628e+06  1.951977667090473e-02 -8.511014640329432e-06  9.804802197729329e-01 -1.519309469345100e-07  9.649321793091096e-01 -9.825110793163208e-06  1.713498618690581e-14  4.732618628666828e-09 
 1.380384264602859e+06  1.951977650077198e-02 -8.709261564852127e-06  9.804802197729313e-01 -1.554698733086362e-07  9.649321793038841e-01 -1.005396702271310e-05  1.794253320622420e-14  4.842855477843047e-09 
 1.412537544622727e+06  1.951977632262113e-02 -8.912126248179593e-06  9.804802197729297e-01 -1.590912318674751e-07  9.649321792984126e-01 -1.028815399862894e-05  1.878813874399356e-14  4.955660073095536e-09 
 1.445439770745900e+06  1.951977613607429e-02 -9.119716251354542e-06  9.804802197729281e-01 -1.627969427032688e-07  9.649321792926830e-01 -1.052779588994307e-05  1.967359644292436e-14  5.071092224913780e-09 
 1.479108388168179e+06  1.951977594073577e-02 -9.332141640811247e-06  9.804802197729262e-01 -1.665889706329531e-07  9.649321792866834e-01 -1.077301975795603e-05  2.060078447750332e-14  5.189213136952530e-09 
 1.513561248436179e+06  1.951977573619123e-02 -9.549515046731658e-06  9.804802197729242e-01 -1.704693262399296e-07  9.649321792804011e-01 -1.102395562360615e-05  2.157166953785312e-14  5.310085438482797e-09 
 1.548816618912452e+06  1.951977552200681e-02 -9.771951722760683e-06  9.804802197729224e-01 -1.744400669401034e-07  9.649321792738230e-01 -1.128073653640834e-05  2.258831100134585e-14  5.433773217598712e-09 
 1.584893192461083e+06  1.951977529772819e-02 -9.999569607112271e-06  9.804802197729202e-01 -1.785032980727526e-07  9.649321792669342e-01 -1.154349864499867e-05  2.365286530081835e-14  5.560342055197879e-09 
 1.621810097358899e+06  1.951977506287966e-02 -1.023248938509872e-05  9.804802197729182e-01 -1.826611740168065e-07  9.649321792597215e-01 -1.181238126932221e-05  2.476759049865534e-14  5.689859059753249e-09 
 1.659586907437529e+06  1.951977481696306e-02 -1.047083455311620e-05  9.804802197729161e-01 -1.869158993331265e-07  9.649321792521687e-01 -1.208752697450226e-05  2.593485107644238e-14  5.822392902894902e-09 
 1.698243652461712e+06  1.951977455945678e-02 -1.071473148412066e-05  9.804802197729137e-01 -1.912697299333928e-07  9.649321792442599e-01 -1.236908164643028e-05  2.715712295034818e-14  5.958013855820661e-09 
 1.737800828749342e+06  1.951977428981460e-02 -1.096430949462852e-05  9.804802197729112e-01 -1.957249742762192e-07  9.649321792359780e-01 -1.265719456911646e-05  2.843699872287465e-14  6.096793826554822e-09 
 1.778279410038889e+06  1.951977400746459e-02 -1.121970091327795e-05  9.804802197729086e-01 -2.002839945911282e-07  9.649321792273062e-01 -1.295201850384213e-05  2.977719318211433e-14  6.238806398074724e-09 
 1.819700858609949e+06  1.951977371180784e-02 -1.148104115098675e-05  9.804802197729060e-01 -2.049492081310361e-07  9.649321792182256e-01 -1.325370977015572e-05  3.118054906017963e-14  6.384126867325423e-09 
 1.862087136662832e+06  1.951977340221723e-02 -1.174846877274436e-05  9.804802197729031e-01 -2.097230884539125e-07  9.649321792087170e-01 -1.356242832875546e-05  3.265004306301870e-14  6.532832285143126e-09 
 1.905460717963211e+06  1.951977307803607e-02 -1.202212557107570e-05  9.804802197729001e-01 -2.146081667342943e-07  9.649321791987603e-01 -1.387833786630268e-05  3.418879218440771e-14  6.685001497108572e-09 
 1.949844599758008e+06  1.951977273857673e-02 -1.230215664121604e-05  9.804802197728970e-01 -2.196070331053467e-07  9.649321791883343e-01 -1.420160588221057e-05  3.580006031751229e-14  6.840715185351990e-09 
 1.995262314968841e+06  1.951977238311918e-02 -1.258871045803661e-05  9.804802197728938e-01 -2.247223380321873e-07  9.649321791774169e-01 -1.453240377745455e-05  3.748726517804233e-14  7.000055911331843e-09 
 2.041737944669490e+06  1.951977201090945e-02 -1.288193895476162e-05  9.804802197728905e-01 -2.299567937171965e-07  9.649321791659851e-01 -1.487090694545139e-05  3.925398555368502e-14  7.163108159609996e-09 
 2.089296130853999e+06  1.951977162115802e-02 -1.318199760351864e-05  9.804802197728867e-01 -2.353131755380643e-07  9.649321791540144e-01 -1.521729486505498e-05  4.110396889519308e-14  7.329958382646552e-09 
 2.137962089502191e+06  1.951977121303820e-02 -1.348904549776477e-05  9.804802197728832e-01 -2.407943235193318e-07  9.649321791414799e-01 -1.557175119571849e-05  4.304113926523000e-14  7.500695046638093e-09 
 2.187761623949510e+06  1.951977078568430e-02 -1.380324543663242e-05  9.804802197728791e-01 -2.464031438382093e-07  9.649321791283545e-01 -1.593446387487288e-05  4.506960566183268e-14  7.675408678423620e-09 
 2.238721138568296e+06  1.951977033818986e-02 -1.412476401123934e-05  9.804802197728752e-01 -2.521426103654708e-07  9.649321791146105e-01 -1.630562521757389e-05  4.719367073414696e-14  7.854191913483087e-09 
 2.290867652767729e+06  1.951976986960565e-02 -1.445377169300856e-05  9.804802197728707e-01 -2.580157662422393e-07  9.649321791002183e-01 -1.668543201846991e-05  4.941783990892277e-14  8.037139545053955e-09 
 2.344228815319877e+06  1.951976937893779e-02 -1.479044292404526e-05  9.804802197728664e-01 -2.640257254935001e-07  9.649321790851484e-01 -1.707408565614513e-05  5.174683094712820e-14  8.224348574391823e-09 
 2.398832919019444e+06  1.951976886514549e-02 -1.513495620961799e-05  9.804802197728616e-01 -2.701756746791989e-07  9.649321790693681e-01 -1.747179219989303e-05  5.418558395095230e-14  8.415918262201768e-09 
 2.454708915684983e+06  1.951976832713893e-02 -1.548749421279377e-05  9.804802197728568e-01 -2.764688745837969e-07  9.649321790528441e-01 -1.787876251897704e-05  5.673927184242387e-14  8.611950181267691e-09 
 2.511886431509531e+06  1.951976776377694e-02 -1.584824385127683e-05  9.804802197728517e-01 -2.829086619451830e-07  9.649321790355414e-01 -1.829521239443617e-05  5.941331133587208e-14  8.812548270307552e-09 
 2.570395782768813e+06  1.951976717386454e-02 -1.621739639650233e-05  9.804802197728464e-01 -2.894984512238561e-07  9.649321790174230e-01 -1.872136263349489e-05  6.221337442750317e-14  9.017818889083043e-09 
 2.630267991895330e+06  1.951976655615047e-02 -1.659514757503773e-05  9.804802197728407e-01 -2.962417364133164e-07  9.649321789984511e-01 -1.915743918663800e-05  6.514540042646426e-14  9.227870874792948e-09 
 2.691534803926863e+06  1.951976590932447e-02 -1.698169767234521e-05  9.804802197728346e-01 -3.031420928926285e-07  9.649321789785846e-01 -1.960367326741252e-05  6.821560855291370e-14  9.442815599780066e-09 
 2.754228703338112e+06  1.951976523201455e-02 -1.737725163896038e-05  9.804802197728286e-01 -3.102031793221333e-07  9.649321789577825e-01 -2.006030147502009e-05  7.143051112981996e-14  9.662767030582290e-09 
 2.818382931264398e+06  1.951976452278404e-02 -1.778201919914333e-05  9.804802197728223e-01 -3.174287395833190e-07  9.649321789359994e-01 -2.052756591976492e-05  7.479692739647106e-14  9.887841788359178e-09 
 2.884031503126549e+06  1.951976378012859e-02 -1.819621496205961e-05  9.804802197728154e-01 -3.248226047638761e-07  9.649321789131901e-01 -2.100571435142387e-05  7.832199797299452e-14  1.011815921072604e-08 
 2.951209226666328e+06  1.951976300247292e-02 -1.862005853554994e-05  9.804802197728083e-01 -3.323886951889912e-07  9.649321788893056e-01 -2.149500029060646e-05  8.201320000656879e-14  1.035384141502829e-08 
 3.019951720401957e+06  1.951976218816752e-02 -1.905377464254904e-05  9.804802197728009e-01 -3.401310224999551e-07  9.649321788642954e-01 -2.199568316317489e-05  8.587836303145401e-14  1.059501336308973e-08 
 3.090295432513529e+06  1.951976133548517e-02 -1.949759324021499e-05  9.804802197727931e-01 -3.480536917811881e-07  9.649321788381068e-01 -2.250802843779491e-05  8.992568557648271e-14  1.084180292746891e-08 
 3.162277660168317e+06  1.951976044261721e-02 -1.995174964183235e-05  9.804802197727850e-01 -3.561609037368101e-07  9.649321788106835e-01 -2.303230776669071e-05  9.416375255523703e-14  1.109434095925886e-08 
 3.235936569296218e+06  1.951975950766978e-02 -2.041648464155358e-05  9.804802197727764e-01 -3.644569569179096e-07  9.649321787819682e-01 -2.356879912967849e-05  9.860155347580053e-14  1.135276135746610e-08 
 3.311311214825845e+06  1.951975852865971e-02 -2.089204464204449e-05  9.804802197727676e-01 -3.729462500016923e-07  9.649321787518995e-01 -2.411778698155483e-05  1.032485015087079e-13  1.161720114000562e-08 
 3.388441561391958e+06  1.951975750351043e-02 -2.137868178510176e-05  9.804802197727581e-01 -3.816332841237179e-07  9.649321787204136e-01 -2.467956240291833e-05  1.081144534535405e-13  1.188780051634959e-08 
 3.467368504525247e+06  1.951975643004746e-02 -2.187665408531123e-05  9.804802197727484e-01 -3.905226652644619e-07  9.649321786874439e-01 -2.525442325450427e-05  1.132097306465174e-13  1.216470296186833e-08 
 3.548133892335684e+06  1.951975530599386e-02 -2.238622556681784e-05  9.804802197727379e-01 -3.996191066914670e-07  9.649321786529201e-01 -2.584267433511415e-05  1.185451408534319e-13  1.244805529390278e-08 
 3.630780547700941e+06  1.951975412896538e-02 -2.290766640327961e-05  9.804802197727274e-01 -4.089274314583812e-07  9.649321786167696e-01 -2.644462754322389e-05  1.241320011943686e-13  1.273800774960903e-08 
 3.715352290971651e+06  1.951975289646542e-02 -2.344125306107962e-05  9.804802197727160e-01 -4.184525749622025e-07  9.649321785789154e-01 -2.706060204235642e-05  1.299821621488309e-13  1.303471406561602e-08 
 3.801893963205536e+06  1.951975160587967e-02 -2.398726844587181e-05  9.804802197727044e-01 -4.281995875600937e-07  9.649321785392772e-01 -2.769092443030617e-05  1.361080326921932e-13  1.333833155953877e-08 
 3.890451449942728e+06  1.951975025447068e-02 -2.454600205253813e-05  9.804802197726921e-01 -4.381736372471475e-07  9.649321784977708e-01 -2.833592891230542e-05  1.425226066167991e-13  1.364902121339022e-08 
 3.981071705534893e+06  1.951974883937193e-02 -2.511775011863617e-05  9.804802197726792e-01 -4.483800123965266e-07  9.649321784543081e-01 -2.899595747822408e-05  1.492394900935333e-13  1.396694775893601e-08 
 4.073802778041046e+06  1.951974735758185e-02 -2.570281578141866e-05  9.804802197726656e-01 -4.588241245634281e-07  9.649321784087971e-01 -2.967136008389710e-05  1.562729305323307e-13  1.429227976503749e-08 
 4.168693834703270e+06  1.951974580595738e-02 -2.630150923850765e-05  9.804802197726515e-01 -4.695115113543629e-07  9.649321783611413e-01 -3.036249483667544e-05  1.636378468028394e-13  1.462518972702910e-08 
 4.265795188015841e+06  1.951974418120737e-02 -2.691414791230841e-05  9.804802197726366e-01 -4.804478393632670e-07  9.649321783112395e-01 -3.106972818529904e-05  1.713498608793387e-13  1.496585415817770e-08 
 4.365158322401572e+06  1.951974247988553e-02 -2.754105661824999e-05  9.804802197726212e-01 -4.916389071760054e-07  9.649321782589864e-01 -3.179343511419260e-05  1.794253309770365e-13  1.531445368327225e-08 
 4.466835921509542e+06  1.951974069838317e-02 -2.818256773694113e-05  9.804802197726049e-01 -5.030906484448580e-07  9.649321782042704e-01 -3.253399934228695e-05  1.878813862500314e-13  1.567117313439337e-08 
 4.570881896148658e+06  1.951973883292153e-02 -2.883902139033288e-05  9.804802197725878e-01 -5.148091350346215e-07  9.649321781469755e-01 -3.329181352647166e-05  1.967359631245398e-13  1.603620164891387e-08 
 4.677351412871888e+06  1.951973687954376e-02 -2.951076562198059e-05  9.804802197725700e-01 -5.268005802419926e-07  9.649321780869803e-01 -3.406727946978656e-05  2.060078433444541e-13  1.640973276978181e-08 
 4.786300923226287e+06  1.951973483410654e-02 -3.019815658150068e-05  9.804802197725514e-01 -5.390713420899387e-07  9.649321780241578e-01 -3.486080833446273e-05  2.157166938099326e-13  1.679196454813951e-08 
 4.897788193684363e+06  1.951973269227128e-02 -3.090155871331974e-05  9.804802197725320e-01 -5.516279266988073e-07  9.649321779583746e-01 -3.567282085992578e-05  2.258831082935245e-13  1.718309964833292e-08 
 5.011872336272622e+06  1.951973044949493e-02 -3.162134494981532e-05  9.804802197725114e-01 -5.644769917359564e-07  9.649321778894911e-01 -3.650374758587700e-05  2.365286511223135e-13  1.758334545536689e-08 
 5.128613839913545e+06  1.951972810102031e-02 -3.235789690895052e-05  9.804802197724901e-01 -5.776253499457385e-07  9.649321778173611e-01 -3.735402908057091e-05  2.476759029187385e-13  1.799291418486347e-08 
 5.248074602497620e+06  1.951972564186609e-02 -3.311160509650695e-05  9.804802197724677e-01 -5.910799727617061e-07  9.649321777418322e-01 -3.822411617440986e-05  2.593485084971100e-13  1.841202299558138e-08 
 5.370317963702418e+06  1.951972306681615e-02 -3.388286911302229e-05  9.804802197724443e-01 -6.048479940029602e-07  9.649321776627432e-01 -3.911447019897977e-05  2.715712270174220e-13  1.884089410455649e-08 
 5.495408738576134e+06  1.951972037040854e-02 -3.467209786554189e-05  9.804802197724196e-01 -6.189367136565942e-07  9.649321775799271e-01 -4.002556323165381e-05  2.843699845028367e-13  1.927975490492421e-08 
 5.623413251903377e+06  1.951971754692394e-02 -3.547970978429630e-05  9.804802197723937e-01 -6.333536017482441e-07  9.649321774932077e-01 -4.095787834589342e-05  2.977719288322429e-13  1.972883808648629e-08 
 5.754399373371452e+06  1.951971459037346e-02 -3.630613304441858e-05  9.804802197723669e-01 -6.481063023027944e-07  9.649321774024017e-01 -4.191190986737975e-05  3.118054873245325e-13  2.018838175908606e-08 
 5.888436553555770e+06  1.951971149448598e-02 -3.715180579281856e-05  9.804802197723386e-01 -6.632026373973421e-07  9.649321773073158e-01 -4.288816363611098e-05  3.265004270367394e-13  2.065862957885738e-08 
 6.025595860743455e+06  1.951970825269483e-02 -3.801717638033355e-05  9.804802197723091e-01 -6.786506113085646e-07  9.649321772077490e-01 -4.388715727460476e-05  3.418879179039407e-13  2.113983087741433e-08 
 6.165950018614695e+06  1.951970485812390e-02 -3.890270359927783e-05  9.804802197722783e-01 -6.944584147566936e-07  9.649321771034898e-01 -4.490942046234773e-05  3.580005988548499e-13  2.163224079405011e-08 
 6.309573444801803e+06  1.951970130357300e-02 -3.980885692651600e-05  9.804802197722459e-01 -7.106344292483430e-07  9.649321769943168e-01 -4.595549521663786e-05  3.748726470433391e-13  2.213612041101523e-08 
 6.456542290346422e+06  1.951969758150263e-02 -4.073611677218826e-05  9.804802197722118e-01 -7.271872315204953e-07  9.649321768799987e-01 -4.702593617996828e-05  3.925398503427416e-13  2.265173689194681e-08 
 6.606934480075824e+06  1.951969368401796e-02 -4.168497473421859e-05  9.804802197721763e-01 -7.441255980879997e-07  9.649321767602931e-01 -4.812131091410534e-05  4.110396832567053e-13  2.317936362352220e-08 
 6.760829753919679e+06  1.951968960285212e-02 -4.265593385873954e-05  9.804802197721390e-01 -7.614585098969974e-07  9.649321766349452e-01 -4.924220020101617e-05  4.304113864076103e-13  2.371928036041216e-08 
 6.918309709189222e+06  1.951968532934864e-02 -4.364950890657105e-05  9.804802197721001e-01 -7.791951570867377e-07  9.649321765036907e-01 -5.038919835080621e-05  4.506960497711621e-13  2.427177337361055e-08 
 7.079457843841233e+06  1.951968085444309e-02 -4.466622662589285e-05  9.804802197720592e-01 -7.973449438623118e-07  9.649321763662503e-01 -5.156291351682901e-05  4.719366998337046e-13  2.483713560221889e-08 
 7.244359600749752e+06  1.951967616864388e-02 -4.570662603125431e-05  9.804802197720167e-01 -8.159174934808856e-07  9.649321762223324e-01 -5.276396801813594e-05  4.941783908571291e-13  2.541566680876653e-08 
 7.413102413009022e+06  1.951967126201208e-02 -4.677125868906807e-05  9.804802197719719e-01 -8.349226533540792e-07  9.649321760716315e-01 -5.399299866943692e-05  5.174683004449669e-13  2.600767373814870e-08 
 7.585775750291681e+06  1.951966612414044e-02 -4.786068900973757e-05  9.804802197719250e-01 -8.543705002691942e-07  9.649321759138288e-01 -5.525065711874660e-05  5.418558296123680e-13  2.661347028026668e-08 
 7.762471166286756e+06  1.951966074413118e-02 -4.897549454657134e-05  9.804802197718762e-01 -8.742713457320590e-07  9.649321757485890e-01 -5.653761019289517e-05  5.673927075722269e-13  2.723337763645627e-08 
 7.943282347242650e+06  1.951965511057298e-02 -5.011626630164173e-05  9.804802197718248e-01 -8.946357414343268e-07  9.649321755755617e-01 -5.785454025108730e-05  5.941331014597295e-13  2.786772448979302e-08 
 8.128305161640823e+06  1.951964921151674e-02 -5.128360903874781e-05  9.804802197717708e-01 -9.154744848481213e-07  9.649321753943796e-01 -5.920214554669646e-05  6.221337312280509e-13  2.851684717936427e-08 
 8.317637711026536e+06  1.951964303445027e-02 -5.247814160364675e-05  9.804802197717144e-01 -9.367986249509988e-07  9.649321752046587e-01 -6.058114059748612e-05  6.514539899589167e-13  2.918108987860054e-08 
 8.511380382023586e+06  1.951963656627170e-02 -5.370049725172152e-05  9.804802197716556e-01 -9.586194680842634e-07  9.649321750059970e-01 -6.199225656445477e-05  6.821560698432252e-13  2.986080477776077e-08 
 8.709635899560623e+06  1.951962979326170e-02 -5.495132398325607e-05  9.804802197715937e-01 -9.809485839477373e-07  9.649321747979720e-01 -6.343624163950492e-05  7.143050940989446e-13  3.055635227066819e-08 
 8.912509381337266e+06  1.951962270105450e-02 -5.623128488649451e-05  9.804802197715292e-01 -1.003797811734169e-06  9.649321745801437e-01 -6.491386144214238e-05  7.479692551061089e-13  3.126810114579589e-08 
 9.120108393558905e+06  1.951961527460723e-02 -5.754105848866208e-05  9.804802197714615e-01 -1.027179266406531e-06  9.649321743520495e-01 -6.642589942541529e-05  7.832199590519069e-13  3.199642878180319e-08 
 9.332543007969713e+06  1.951960749816816e-02 -5.888133911513276e-05  9.804802197713904e-01 -1.051105345121531e-06  9.649321741132052e-01 -6.797315729130889e-05  8.201319773926783e-13  3.274172134762680e-08 
 9.549925860214157e+06  1.951959935524327e-02 -6.025283725693063e-05  9.804802197713164e-01 -1.075588733802751e-06  9.649321738631048e-01 -6.955645541581576e-05  8.587836054540891e-13  3.350437400723262e-08 
 9.772372209557900e+06  1.951959082856121e-02 -6.165627994675651e-05  9.804802197712387e-01 -1.100642413866888e-06  9.649321736012174e-01 -7.117663328390714e-05  8.992568285058952e-13  3.428479112913675e-08 
 9.999999999999788e+06  1.951958190003678e-02 -6.309241114373645e-05  9.804802197711573e-01 -1.126279669106678e-06  9.649321733269879e-01 -7.283454993463590e-05  9.416374956635589e-13  3.508338650080702e-08 
 1.023292992280732e+07  1.951957255073245e-02 -6.456199212709205e-05  9.804802197710719e-01 -1.152514092734132e-06  9.649321730398339e-01 -7.453108441660695e-05  9.860155019855890e-13  3.590058354805845e-08 
 1.047128548050877e+07  1.951956276081831e-02 -6.606580189893838e-05  9.804802197709827e-01 -1.179359594587842e-06  9.649321727391471e-01 -7.626713625405712e-05  1.032484979152855e-12  3.673681555955913e-08 
 1.071519305237583e+07  1.951955250952996e-02 -6.760463759641802e-05  9.804802197708892e-01 -1.206830408508160e-06  9.649321724242894e-01 -7.804362592379073e-05  1.081144495134331e-12  3.759252591656549e-08 
 1.096478196143162e+07  1.951954177512449e-02 -6.917931491338622e-05  9.804802197707914e-01 -1.234941099884166e-06  9.649321720945929e-01 -7.986149534322464e-05  1.132097263262778e-12  3.846816832800878e-08 
 1.122018454301939e+07  1.951953053483436e-02 -7.079066853186595e-05  9.804802197706889e-01 -1.263706573376429e-06  9.649321717493585e-01 -8.172170836980085e-05  1.185451361163858e-12  3.936420707105745e-08 
 1.148153621496858e+07  1.951951876481917e-02 -7.243955256349639e-05  9.804802197705816e-01 -1.293142080819662e-06  9.649321713878538e-01 -8.362525131203180e-05  1.241319960003038e-12  4.028111723728288e-08 
 1.174897554939504e+07  1.951950644011502e-02 -7.412684100120395e-05  9.804802197704692e-01 -1.323263229309436e-06  9.649321710093116e-01 -8.557313345244915e-05  1.299821564536553e-12  4.121938498455910e-08 
 1.202264434617387e+07  1.951949353458167e-02 -7.585342818132954e-05  9.804802197703514e-01 -1.354085989477278e-06  9.649321706129292e-01 -8.756638758273332e-05  1.361080264475611e-12  4.217950779482997e-08 
 1.230268770812355e+07  1.951948002084704e-02 -7.762022925645081e-05  9.804802197702283e-01 -1.385626703958503e-06  9.649321701978665e-01 -8.960607055130766e-05  1.425225997697005e-12  4.316199473788053e-08 
 1.258925411794140e+07  1.951946587024920e-02 -7.942818067914378e-05  9.804802197700992e-01 -1.417902096057299e-06  9.649321697632424e-01 -9.169326382368693e-05  1.492394825858439e-12  4.416736674125231e-08 
 1.288249551693106e+07  1.951945105277560e-02 -8.127824069693347e-05  9.804802197699642e-01 -1.450929278613643e-06  9.649321693081351e-01 -9.382907405587830e-05  1.562729223003188e-12  4.519615686644590e-08 
 1.318256738556379e+07  1.951943553699940e-02 -8.317138985868797e-05  9.804802197698228e-01 -1.484725763076756e-06  9.649321688315791e-01 -9.601463368113776e-05  1.636378377766244e-12  4.624891059155694e-08 
 1.348962882591625e+07  1.951941929001289e-02 -8.510863153271711e-05  9.804802197696745e-01 -1.519309468789899e-06  9.649321683325640e-01 -9.825110151039356e-05  1.713498509822982e-12  4.732618610049558e-08 
 1.380384264602855e+07  1.951940227735766e-02 -8.709099243684109e-05  9.804802197695194e-01 -1.554698732491454e-06  9.649321678100313e-01 -1.005396633466551e-04  1.794253201251559e-12  4.842855457894288e-08 
 1.412537544622724e+07  1.951938446295156e-02 -8.911952318070163e-05  9.804802197693571e-01 -1.590912318037296e-06  9.649321672628721e-01 -1.028815326137322e-04  1.878813743511908e-12  4.955660051720056e-08 
 1.445439770745896e+07  1.951936580901223e-02 -9.119529882059290e-05  9.804802197691870e-01 -1.627969426349644e-06  9.649321666899267e-01 -1.052779509995995e-04  1.967359500777319e-12  5.071092202009542e-08 
 1.479108388168175e+07  1.951934627597695e-02 -9.331941942709572e-05  9.804802197690090e-01 -1.665889705597637e-06  9.649321660899792e-01 -1.077301891147459e-04  2.060078290389267e-12  5.189213112410204e-08 
 1.513561248436175e+07  1.951932582241878e-02 -9.549301066580505e-05  9.804802197688224e-01 -1.704693261615059e-06  9.649321654617570e-01 -1.102395471658574e-04  2.157166781242488e-12  5.310085412185225e-08 
 1.548816618912448e+07  1.951930440495875e-02 -9.771722439144641e-05  9.804802197686270e-01 -1.744400668560710e-06  9.649321648039277e-01 -1.128073556451934e-04  2.258830910945313e-12  5.433773189420357e-08 
 1.584893192461079e+07  1.951928197817386e-02 -9.999323925568294e-05  9.804802197684227e-01 -1.785032979827103e-06  9.649321641150964e-01 -1.154349760360184e-04  2.365286322640123e-12  5.560342025004236e-08 
 1.621810097358895e+07  1.951925849450084e-02 -1.023222613289217e-04  9.804802197682085e-01 -1.826611739203246e-06  9.649321633938014e-01 -1.181238015344653e-04  2.476758822410448e-12  5.689859027400180e-08 
 1.659586907437524e+07  1.951923390413523e-02 -1.047055247364343e-04  9.804802197679844e-01 -1.869158992297443e-06  9.649321626385130e-01 -1.208752577882118e-04  2.593484858244958e-12  5.822392868227969e-08 
 1.698243652461707e+07  1.951920815492592e-02 -1.071442923091122e-04  9.804802197677497e-01 -1.912697298226171e-06  9.649321618476296e-01 -1.236908036523633e-04  2.715712021574247e-12  5.958013818674381e-08 
 1.737800828749337e+07  1.951918119226449e-02 -1.096398562491852e-04  9.804802197675039e-01 -1.957249741575210e-06  9.649321610194730e-01 -1.265719319629400e-04  2.843699572444260e-12  6.096793786751875e-08 
 1.778279410038884e+07  1.951915295896955e-02 -1.121935388112383e-04  9.804802197672465e-01 -2.002839944639410e-06  9.649321601522869e-01 -1.295201703283814e-04  2.977718989440292e-12  6.238806355425105e-08 
 1.819700858609944e+07  1.951912339516545e-02 -1.148066929988671e-04  9.804802197669769e-01 -2.049492079947526e-06  9.649321592442317e-01 -1.325370819394853e-04  3.118054545528030e-12  6.384126821625540e-08 
 1.862087136662827e+07  1.951909243815543e-02 -1.174807032773204e-04  9.804802197666944e-01 -2.097230883078824e-06  9.649321582933812e-01 -1.356242663982126e-04  3.265003911033041e-12  6.532832236174828e-08 
 1.905460717963205e+07  1.951906002228875e-02 -1.202169863024865e-04  9.804802197663991e-01 -2.146081665778204e-06  9.649321572977199e-01 -1.387833605657959e-04  3.418878785037721e-12  6.685001444638109e-08 
 1.949844599758003e+07  1.951902607882143e-02 -1.230169916665828e-04  9.804802197660895e-01 -2.196070329376823e-06  9.649321562551340e-01 -1.420160394306014e-04  3.580005556534922e-12  6.840715129128888e-08 
 1.995262314968836e+07  1.951899053577071e-02 -1.258822026609216e-04  9.804802197657655e-01 -2.247223378525319e-06  9.649321551634131e-01 -1.453240169962059e-04  3.748725996740706e-12  7.000055851087718e-08 
 2.041737944669485e+07  1.951895331776242e-02 -1.288141370561260e-04  9.804802197654262e-01 -2.299567935246926e-06  9.649321540202420e-01 -1.487090471901572e-04  3.925397984034617e-12  7.163108095057268e-08 
 2.089296130853994e+07  1.951891434587121e-02 -1.318143479001803e-04  9.804802197650707e-01 -2.353131753317931e-06  9.649321528231951e-01 -1.521729247939016e-04  4.110396263065203e-12  7.329958313477075e-08 
 2.137962089502185e+07  1.951887353745341e-02 -1.348844243347077e-04  9.804802197646987e-01 -2.407943232983085e-06  9.649321515697334e-01 -1.557174863943703e-04  4.304113239630929e-12  7.500694972521679e-08 
 2.187761623949505e+07  1.951883080597180e-02 -1.380259924298721e-04  9.804802197643090e-01 -2.464031436013790e-06  9.649321502571989e-01 -1.593446113577295e-04  4.506959813022466e-12  7.675408599006472e-08 
 2.238721138568290e+07  1.951878606081234e-02 -1.412407160383105e-04  9.804802197639011e-01 -2.521426101117032e-06  9.649321488828074e-01 -1.630562228258104e-04  4.719366247591875e-12  7.854191828386105e-08 
 2.290867652767723e+07  1.951873920709210e-02 -1.445302976685101e-04  9.804802197634738e-01 -2.580157659703229e-06  9.649321474436432e-01 -1.668542887357470e-04  4.941783085397373e-12  8.037139453870922e-08 
 2.344228815319870e+07  1.951869014545827e-02 -1.478964793780511e-04  9.804802197630265e-01 -2.640257252021372e-06  9.649321459366543e-01 -1.707408228633626e-04  5.174682101859483e-12  8.224348476687471e-08 
 2.398832919019438e+07  1.951863877187770e-02 -1.513410436871424e-04  9.804802197625582e-01 -2.701756743669985e-06  9.649321443586444e-01 -1.747178858908570e-04  5.418557306455584e-12  8.415918157509704e-08 
 2.454708915684976e+07  1.951858497741647e-02 -1.548658145128880e-04  9.804802197620676e-01 -2.764688742492690e-06  9.649321427062659e-01 -1.787875864993616e-04  5.673925990575492e-12  8.611950069088158e-08 
 2.511886431509525e+07  1.951852864800913e-02 -1.584726581247273e-04  9.804802197615541e-01 -2.829086615867308e-06  9.649321409760144e-01 -1.829520824869415e-04  5.941329824760633e-12  8.812548150105058e-08 
 2.570395782768807e+07  1.951846966421716e-02 -1.621634841214995e-04  9.804802197610162e-01 -2.894984508397686e-06  9.649321391642195e-01 -1.872135819126347e-04  6.221336007654131e-12  9.017818760283795e-08 
 2.630267991895324e+07  1.951840790097593e-02 -1.659402464305921e-04  9.804802197604531e-01 -2.962417360017605e-06  9.649321372670394e-01 -1.915743442671383e-04  6.514538469098905e-12  9.227870736782124e-08 
 2.691534803926856e+07  1.951834322732983e-02 -1.698049443296379e-04  9.804802197598633e-01 -3.031420924516396e-06  9.649321352804489e-01 -1.960366816707597e-04  6.821559129935587e-12  9.442815451898858e-08 
 2.754228703338105e+07  1.951827550615497e-02 -1.737596234912372e-04  9.804802197592458e-01 -3.102031788496065e-06  9.649321332002349e-01 -2.006029600992680e-04  7.143049221172466e-12  9.662766872124784e-08 
 2.818382931264391e+07  1.951820459386879e-02 -1.778063770511821e-04  9.804802197585993e-01 -3.174287390769989e-06  9.649321310219854e-01 -2.052756006382971e-04  7.479690665325492e-12  9.887841618568976e-08 
 2.884031503126542e+07  1.951813034012607e-02 -1.819473467006741e-04  9.804802197579222e-01 -3.248226042213462e-06  9.649321287410804e-01 -2.100570807669614e-04  7.832197522858245e-12  1.011815902879264e-07 
 2.951209226666320e+07  1.951805258750054e-02 -1.861847238030290e-04  9.804802197572132e-01 -3.323886946076619e-06  9.649321263526810e-01 -2.149499356713687e-04  8.201317506789963e-12  1.035384122008323e-07 
 3.019951720401949e+07  1.951797117115172e-02 -1.905207505353719e-04  9.804802197564709e-01 -3.401310218770517e-06  9.649321238517229e-01 -2.199567595887249e-04  8.587833568684219e-12  1.059501315420244e-07 
 3.090295432513522e+07  1.951788591847585e-02 -1.949577210558303e-04  9.804802197556934e-01 -3.480536911137374e-06  9.649321212329003e-01 -2.250802071827390e-04  8.992565559382116e-12  1.084180270364226e-07 
 3.162277660168309e+07  1.951779664874064e-02 -1.994979826967428e-04  9.804802197548793e-01 -3.561609030216266e-06  9.649321184906594e-01 -2.303229949510646e-04  9.416371968002776e-12  1.109434071942441e-07 
 3.235936569296210e+07  1.951770317270272e-02 -2.041439371844048e-04  9.804802197540270e-01 -3.644569561515799e-06  9.649321156191837e-01 -2.356879026655164e-04  9.860151742899419e-12  1.135276110047900e-07 
 3.311311214825837e+07  1.951760529220717e-02 -2.088980418858786e-04  9.804802197531346e-01 -3.729462491805586e-06  9.649321126123830e-01 -2.411777748458300e-04  1.032484619843360e-11  1.161720086463914e-07 
 3.388441561391950e+07  1.951750279976824e-02 -2.137628110834046e-04  9.804802197521999e-01 -3.816332832438611e-06  9.649321094638798e-01 -2.467955222677421e-04  1.081144101161181e-11  1.188780022128928e-07 
 3.467368504525239e+07  1.951739547813033e-02 -2.187408172769502e-04  9.804802197512211e-01 -3.905226643216827e-06  9.649321061669960e-01 -2.525441235061938e-04  1.132096831281965e-11  1.216470264570571e-07 
 3.548133892335676e+07  1.951728309980844e-02 -2.238346925154462e-04  9.804802197501965e-01 -3.996191056812660e-06  9.649321027147398e-01 -2.584266265144705e-04  1.185450887508791e-11  1.244805495512866e-07 
 3.630780547700933e+07  1.951716542660693e-02 -2.290471297572545e-04  9.804802197491235e-01 -4.089274303759365e-06  9.649320990997884e-01 -2.644461502401194e-04  1.241319440653426e-11  1.273800738660627e-07 
 3.715352290971643e+07  1.951704220911579e-02 -2.343808842604288e-04  9.804802197479997e-01 -4.184525738023483e-06  9.649320953144749e-01 -2.706058862784970e-04  1.299820995084291e-11  1.303471367665184e-07 
 3.801893963205528e+07  1.951691318618323e-02 -2.398387750033188e-04  9.804802197468231e-01 -4.281995863172944e-06  9.649320913507710e-01 -2.769091005648245e-04  1.361079640087369e-11  1.333833114275647e-07 
 3.890451449942719e+07  1.951677808436347e-02 -2.454236861360864e-04  9.804802197455911e-01 -4.381736359154718e-06  9.649320872002698e-01 -2.833591351056465e-04  1.425225313073212e-11  1.364902076680029e-07 
 3.981071705534884e+07  1.951663661733873e-02 -2.511385684636933e-04  9.804802197443008e-01 -4.483800109696188e-06  9.649320828541684e-01 -2.899594097506121e-04  1.492394075188317e-11  1.396694728040668e-07 
 4.073802778041036e+07  1.951648848531399e-02 -2.569864409609303e-04  9.804802197429501e-01 -4.588241230344786e-06  9.649320783032498e-01 -2.967134240055136e-04  1.562728399915437e-11  1.429227925228453e-07 
 4.168693834703261e+07  1.951633337438346e-02 -2.629703923200512e-04  9.804802197415352e-01 -4.695115097160747e-06  9.649320735378608e-01 -3.036247588875459e-04  1.636377475274981e-11  1.462518917760491e-07 
 4.265795188015831e+07  1.951617095586728e-02 -2.690935825315855e-04  9.804802197400541e-01 -4.804478376078218e-06  9.649320685478957e-01 -3.106970788237687e-04  1.713497520268465e-11  1.496585356945964e-07 
 4.365158322401562e+07  1.951600088561717e-02 -2.753592444988919e-04  9.804802197385030e-01 -4.916389052950256e-06  9.649320633227708e-01 -3.179341335937752e-04  1.794252116235190e-11  1.531445305245011e-07 
 4.466835921509531e+07  1.951582280328952e-02 -2.817706856870241e-04  9.804802197368788e-01 -5.030906464293670e-06  9.649320578514047e-01 -3.253397603175987e-04  1.878812553824970e-11  1.567117245845598e-07 
 4.570881896148648e+07  1.951563633158442e-02 -2.883312898064682e-04  9.804802197351782e-01 -5.148091328750013e-06  9.649320521221930e-01 -3.329178854899076e-04  1.967358196322843e-11  1.603620092463472e-07 
 4.677351412871877e+07  1.951544107544910e-02 -2.950445185323175e-04  9.804802197333974e-01 -5.268005779279369e-06  9.649320461229857e-01 -3.406725270615675e-04  2.060076860096365e-11  1.640973199370361e-07 
 4.786300923226276e+07  1.951523662124395e-02 -3.019139132594346e-04  9.804802197315325e-01 -5.390713396104048e-06  9.649320398410587e-01 -3.486077965696710e-04  2.157165212972419e-11  1.679196371655775e-07 
 4.897788193684352e+07  1.951502253586969e-02 -3.089430968941555e-04  9.804802197295798e-01 -5.516279240419630e-06  9.649320332630900e-01 -3.567279013171647e-04  2.258829191388498e-11  1.718309875727813e-07 
 5.011872336272611e+07  1.951479836585349e-02 -3.161357756830727e-04  9.804802197275351e-01 -5.644769888891237e-06  9.649320263751285e-01 -3.650371466032271e-04  2.365284437203225e-11  1.758334450058576e-07 
 5.128613839913534e+07  1.951456363639253e-02 -3.234957410794338e-04  9.804802197253941e-01 -5.776253468953326e-06  9.649320191625672e-01 -3.735399380055749e-04  2.476756755092569e-11  1.799291316179847e-07 
 5.248074602497608e+07  1.951431785035266e-02 -3.310268716476723e-04  9.804802197231521e-01 -5.910799694931713e-06  9.649320116101097e-01 -3.822407837159117e-04  2.593482591501891e-11  1.841202189934908e-07 
 5.370317963702407e+07  1.951406048722039e-02 -3.387331350065837e-04  9.804802197208043e-01 -6.048479905007002e-06  9.649320037017387e-01 -3.911442969297493e-04  2.715709536169647e-11  1.884089292992421e-07 
 5.495408738576122e+07  1.951379100200589e-02 -3.466185898116350e-04  9.804802197183462e-01 -6.189367099038981e-06  9.649319954206833e-01 -4.002551982918713e-04  2.843696847286465e-11  1.927975364628505e-07 
 5.623413251903364e+07  1.951350882409468e-02 -3.546873877768861e-04  9.804802197157720e-01 -6.333535977272060e-06  9.649319867493819e-01 -4.095783183987289e-04  2.977716001403404e-11  1.972883673783239e-07 
 5.754399373371439e+07  1.951321335604572e-02 -3.629437757369771e-04  9.804802197130766e-01 -6.481062979942283e-06  9.649319776694453e-01 -4.191186003590972e-04  3.118051269255758e-11  2.018838031397989e-07 
 5.888436553555757e+07  1.951290397233356e-02 -3.713920977496167e-04  9.804802197102541e-01 -6.632026327806910e-06  9.649319681616184e-01 -4.288811024143435e-04  3.265000318723627e-11  2.065862803040107e-07 
 6.025595860743441e+07  1.951258001803161e-02 -3.800367972389759e-04  9.804802197072988e-01 -6.786506063618017e-06  9.649319582057384e-01 -4.388710006196950e-04  3.418874846208125e-11  2.113982921821668e-07 
 6.165950018614683e+07  1.951224080743410e-02 -3.888824191803695e-04  9.804802197042041e-01 -6.944584094562176e-06  9.649319477806922e-01 -4.490935915879263e-04  3.580001237762295e-11  2.163223901619135e-07 
 6.309573444801790e+07  1.951188562261397e-02 -3.979336123265738e-04  9.804802197009632e-01 -7.106344235688664e-06  9.649319368643733e-01 -4.595542952969149e-04  3.748721261378920e-11  2.213611850600926e-07 
 6.456542290346409e+07  1.951151371191338e-02 -4.071951314760855e-04  9.804802196975700e-01 -7.271872254349223e-06  9.649319254336329e-01 -4.702586579625513e-04  3.925392791903488e-11  2.265173485070063e-07 
 6.606934480075811e+07  1.951112428836406e-02 -4.166718397836051e-04  9.804802196940169e-01 -7.441255915672982e-06  9.649319134642318e-01 -4.812123549785224e-04  4.110390570109755e-11  2.317936143629255e-07 
 6.760829753919666e+07  1.951071652803419e-02 -4.263687111129653e-04  9.804802196902961e-01 -7.614585029100606e-06  9.649319009307885e-01 -4.924211939245239e-04  4.304106997547809e-11  2.371927801675902e-07 
 6.918309709189209e+07  1.951028956829844e-02 -4.362908324326908e-04  9.804802196863999e-01 -7.791951496002357e-06  9.649318878067262e-01 -5.038911176444908e-04  4.506952968850361e-11  2.427177086234731e-07 
 7.079457843841220e+07  1.950984250602760e-02 -4.464434062543178e-04  9.804802196823205e-01 -7.973449358405323e-06  9.649318740642169e-01 -5.156282073964731e-04  4.719358743262458e-11  2.483713291135897e-07 
 7.244359600749739e+07  1.950937439569414e-02 -4.568317531135387e-04  9.804802196780484e-01 -8.159174848855646e-06  9.649318596741194e-01 -5.276386860758229e-04  4.941774857242972e-11  2.541566392546616e-07 
 7.413102413009009e+07  1.950888424739001e-02 -4.674613140941896e-04  9.804802196735751e-01 -8.349226441442178e-06  9.649318446059229e-01 -5.399289215133963e-04  5.174673080073301e-11  2.600767064864566e-07 
 7.585775750291668e+07  1.950837102475231e-02 -4.783376533950041e-04  9.804802196688912e-01 -8.543704904008642e-06  9.649318288276761e-01 -5.525054298505101e-04  5.418547414499926e-11  2.661346696981457e-07 
 7.762471166286743e+07  1.950783364279321e-02 -4.894664609390078e-04  9.804802196639865e-01 -8.742713351581940e-06  9.649318123059255e-01 -5.653748789924415e-04  5.673915144532960e-11  2.723337408925420e-07 
 7.943282347242635e+07  1.950727096562907e-02 -5.008535550253211e-04  9.804802196588503e-01 -8.946357301044961e-06  9.649317950056402e-01 -5.785440921422887e-04  5.941317932622793e-11  2.786772068891017e-07 
 8.128305161640808e+07  1.950668180410487e-02 -5.125048850230658e-04  9.804802196534727e-01 -9.154744727082920e-06  9.649317768901398e-01 -5.920200514170661e-04  6.221322968541704e-11  2.851684310665912e-07 
 8.317637711026521e+07  1.950606491330863e-02 -5.244265341069565e-04  9.804802196478409e-01 -9.367986119432771e-06  9.649317579210157e-01 -6.058099015479352e-04  6.514524172406770e-11  2.918108551463427e-07 
 8.511380382023571e+07  1.950541898997132e-02 -5.366247220340645e-04  9.804802196419443e-01 -9.586194541466201e-06  9.649317380580517e-01 -6.199209536665336e-04  6.821543454395494e-11  2.986080010170454e-07 
 8.709635899560608e+07  1.950474266974666e-02 -5.491058079611135e-04  9.804802196357696e-01 -9.809485690137113e-06  9.649317172591356e-01 -6.343606891793920e-04  7.143032033825413e-11  3.055634726020371e-07 
 8.912509381337252e+07  1.950403452436587e-02 -5.618762933015509e-04  9.804802196293039e-01 -1.003797795732552e-05  9.649316954801737e-01 -6.491367637324927e-04  7.479671820395153e-11  3.126809577700896e-07 
 9.120108393558890e+07  1.950329305866129e-02 -5.749428246214891e-04  9.804802196225336e-01 -1.027179249261028e-05  9.649316726749944e-01 -6.642570112680527e-04  7.832176860515924e-11  3.199642302906959e-07 
 9.332543007969697e+07  1.950251670745337e-02 -5.883121965734718e-04  9.804802196154442e-01 -1.051105326750397e-05  9.649316487952521e-01 -6.797294481756771e-04  8.201294851800589e-11  3.274171518348999e-07 
 9.549925860214141e+07  1.950170383229467e-02 -6.019913548668595e-04  9.804802196080207e-01 -1.075588714118404e-05  9.649316237903249e-01 -6.955622775400722e-04  8.587808728921974e-11  3.350436740227278e-07 
 9.772372209557883e+07  1.950085271806461e-02 -6.159873992734429e-04  9.804802196002471e-01 -1.100642392775491e-05  9.649315976072065e-01 -7.117638934875526e-04  8.992538324203179e-11  3.428478405183040e-07 
 9.999999999999771e+07  1.949996156940846e-02 -6.303075866667230e-04  9.804802195921075e-01 -1.126279646507692e-05  9.649315701903962e-01 -7.283428856336408e-04  9.416342106461382e-11  3.508337891737661e-07 
 1.023292992280731e+08  1.949902850701327e-02 -6.449593340930727e-04  9.804802195835841e-01 -1.152514068519840e-05  9.649315414817773e-01 -7.453080436340939e-04  9.860119001792212e-11  3.590057542231122e-07 
 1.047128548050875e+08  1.949805156371407e-02 -6.599502218727983e-04  9.804802195746591e-01 -1.179359568642835e-05  9.649315114204989e-01 -7.626683618417670e-04  1.032481030015574e-10  3.673680685271443e-07 
 1.071519305237582e+08  1.949702868042245e-02 -6.752879967288568e-04  9.804802195653138e-01 -1.206830380708788e-05  9.649314799428452e-01 -7.804330440717540e-04  1.081140165180684e-10  3.759251658706976e-07 
 1.096478196143160e+08  1.949595770186986e-02 -6.909805749407551e-04  9.804802195555278e-01 -1.234941070097953e-05  9.649314469820989e-01 -7.986115084773203e-04  1.132092515780307e-10  3.846815833133731e-07 
 1.122018454301937e+08  1.949483637215768e-02 -7.070360455208647e-04  9.804802195452808e-01 -1.263706541461444e-05  9.649314124684033e-01 -8.172133925391967e-04  1.185446155902302e-10  3.936419635950203e-07 
 1.148153621496856e+08  1.949366233010534e-02 -7.234626734100968e-04  9.804802195345507e-01 -1.293142046623839e-05  9.649313763286129e-01 -8.362485581708513e-04  1.241314252833620e-10  4.028110575972415e-07 
 1.174897554939502e+08  1.949243310438805e-02 -7.402689026895663e-04  9.804802195233150e-01 -1.323263192669861e-05  9.649313384861387e-01 -8.557270969424350e-04  1.299815307078500e-10  4.121937268622277e-07 
 1.202264434617385e+08  1.949114610845482e-02 -7.574633598045227e-04  9.804802195115498e-01 -1.354085950219407e-05  9.649312988607871e-01 -8.756593354261363e-04  1.361073403686729e-10  4.217949461702549e-07 
 1.230268770812353e+08  1.948979863521749e-02 -7.750548567964709e-04  9.804802194992304e-01 -1.385626661895338e-05  9.649312573685903e-01 -8.960558406657659e-04  1.425218475424886e-10  4.316198061772119e-07 
 1.258925411794138e+08  1.948838785150077e-02 -7.930523945389902e-04  9.804802194863302e-01 -1.417902050988501e-05  9.649312139216274e-01 -9.169274257734338e-04  1.492386578348500e-10  4.416735161135525e-07 
 1.288249551693104e+08  1.948691079224344e-02 -8.114651659723640e-04  9.804802194728224e-01 -1.450929230324579e-05  9.649311684278409e-01 -9.382851556562677e-04  1.562720180359404e-10  4.519614065461076e-07 
 1.318256738556376e+08  1.948536435443982e-02 -8.303025593316444e-04  9.804802194586779e-01 -1.484725711337483e-05  9.649311207908412e-01 -9.601403528761727e-04  1.636368463360040e-10  4.624889322042151e-07 
 1.348962882591622e+08  1.948374529081080e-02 -8.495741613623066e-04  9.804802194438667e-01 -1.519309413354074e-05  9.649310709097020e-01 -9.825046036457076e-04  1.713487639645293e-10  4.732616748716689e-07 
 1.380384264602852e+08  1.948205020319312e-02 -8.692897605171333e-04  9.804802194283577e-01 -1.554698673095165e-05  9.649310186787500e-01 -1.005389763963227e-03  1.794241283202626e-10  4.842853463460183e-07 
 1.412537544622721e+08  1.948027553563505e-02 -8.894593501273697e-04  9.804802194121180e-01 -1.590912254397814e-05  9.649309639873395e-01 -1.028807965890498e-03  1.878800676622820e-10  4.955657914667847e-07 
 1.445439770745893e+08  1.947841756718637e-02 -9.100931315406352e-04  9.804802193951130e-01 -1.627969358164081e-05  9.649309067196188e-01 -1.052771623976084e-03  1.967345174356770e-10  5.071089912142013e-07 
 1.479108388168172e+08  1.947647240437042e-02 -9.312015172174026e-04  9.804802193773068e-01 -1.665889632541516e-05  9.649308467542875e-01 -1.077293441827862e-03  2.060062583088346e-10  5.189210658801173e-07 
 1.513561248436172e+08  1.947443597332474e-02 -9.527951337771691e-04  9.804802193586613e-01 -1.704693183340773e-05  9.649307839643393e-01 -1.102386418838110e-03  2.157149560029663e-10  5.310082783127453e-07 
 1.548816618912444e+08  1.947230401159742e-02 -9.748848249847187e-04  9.804802193391371e-01 -1.744400584695885e-05  9.649307182167943e-01 -1.128063857064681e-03  2.258812029982991e-10  5.433770372369731e-07 
 1.584893192461076e+08  1.947007205958525e-02 -9.974816546660795e-04  9.804802193186932e-01 -1.785032889972830e-05  9.649306493724201e-01 -1.154339368271861e-03  2.365265622053363e-10  5.560339006519961e-07 
 1.621810097358891e+08  1.946773545159925e-02 -1.020596909542929e-03  9.804802192972861e-01 -1.826611642932199e-05  9.649305772854366e-01 -1.181226881134593e-03  2.476736126937514e-10  5.689855793080720e-07 
 1.659586907437521e+08  1.946528930654326e-02 -1.044242101973312e-03  9.804802192748699e-01 -1.869158889151862e-05  9.649305018032081e-01 -1.208740648609823e-03  2.593459975758382e-10  5.822389402642378e-07 
 1.698243652461704e+08  1.946272851819059e-02 -1.068428972585578e-03  9.804802192513977e-01 -1.912697187715695e-05  9.649304227659253e-01 -1.236895255478822e-03  2.715684741460036e-10  5.958010105288776e-07 
 1.737800828749334e+08  1.946004774504287e-02 -1.093169492791394e-03  9.804802192268194e-01 -1.957249623174570e-05  9.649303400062657e-01 -1.265705626064402e-03  2.843669663825676e-10  6.096789807850616e-07 
 1.778279410038880e+08  1.945724139975591e-02 -1.118475867162625e-03  9.804802192010830e-01 -2.002839817785944e-05  9.649302533490433e-01 -1.295187032127058e-03  2.977686199231336e-10  6.238802092026379e-07 
 1.819700858609940e+08  1.945430363811569e-02 -1.144360535655696e-03  9.804802191741340e-01 -2.049491944038534e-05  9.649301626108372e-01 -1.325355100944146e-03  3.118018596300368e-10  6.384122253390901e-07 
 1.862087136662823e+08  1.945122834754854e-02 -1.170836175665796e-03  9.804802191459152e-01 -2.097230737468723e-05  9.649300675996100e-01 -1.356225823576297e-03  3.264964498678570e-10  6.532827341312289e-07 
 1.905460717963202e+08  1.944800913514799e-02 -1.197915703891982e-03  9.804802191163667e-01 -2.146081509775490e-05  9.649299681143000e-01 -1.387815563325354e-03  3.418835576207226e-10  6.684996199798297e-07 
 1.949844599757999e+08  1.944463931520148e-02 -1.225612277992824e-03  9.804802190854262e-01 -2.196070162240816e-05  9.649298639444022e-01 -1.420141064388252e-03  3.579958185831526e-10  6.840709509293831e-07 
 1.995262314968832e+08  1.944111189619896e-02 -1.253939298010724e-03  9.804802190530275e-01 -2.247223199462682e-05  9.649297548695225e-01 -1.453219460711288e-03  3.748674063644657e-10  7.000049829451642e-07 
 2.041737944669480e+08  1.943741956730591e-02 -1.282910407541472e-03  9.804802190191028e-01 -2.299567743407938e-05  9.649296406589186e-01 -1.487068285049418e-03  3.925341049533867e-10  7.163101642898933e-07 
 2.089296130853989e+08  1.943355468428236e-02 -1.312539494623899e-03  9.804802189835794e-01 -2.353131547792492e-05  9.649295210710123e-01 -1.521705478235232e-03  4.110333845963724e-10  7.329951400022964e-07 
 2.137962089502181e+08  1.942950925482977e-02 -1.342840692322696e-03  9.804802189463825e-01 -2.407943012796454e-05  9.649293958528850e-01 -1.557149398662435e-03  4.304044812504096e-10  7.500687564799464e-07 
 2.187761623949500e+08  1.942527492334752e-02 -1.373828378975564e-03  9.804802189074329e-01 -2.464031200122009e-05  9.649292647397469e-01 -1.593418831988707e-03  4.506884797785925e-10  7.675400661687996e-07 
 2.238721138568285e+08  1.942084295508006e-02 -1.405517178073841e-03  9.804802188666484e-01 -2.521425848402036e-05  9.649291274543819e-01 -1.630533001062974e-03  4.719284010647183e-10  7.854183323619181e-07 
 2.290867652767718e+08  1.941620421963667e-02 -1.437921957743645e-03  9.804802188239424e-01 -2.580157388967619e-05  9.649289837065671e-01 -1.668511576082202e-03  4.941692932314150e-10  8.037130341099139e-07 
 2.344228815319865e+08  1.941134917386499e-02 -1.471057829792244e-03  9.804802187792245e-01 -2.640256961982811e-05  9.649288331924644e-01 -1.707374684982934e-03  5.174583271550101e-10  8.224338712457134e-07 
 2.398832919019432e+08  1.940626784406029e-02 -1.504940148282070e-03  9.804802187324000e-01 -2.701756432955213e-05  9.649286755939867e-01 -1.747142924072945e-03  5.418448964794276e-10  8.415907695263024e-07 
 2.454708915684971e+08  1.940094980749198e-02 -1.539584507592183e-03  9.804802186833694e-01 -2.764688409631110e-05  9.649285105781310e-01 -1.787837368908452e-03  5.673807223409171e-10  8.611938858941702e-07 
 2.511886431509519e+08  1.939538417323009e-02 -1.575006739924395e-03  9.804802186320291e-01 -2.829086259284139e-05  9.649283377962846e-01 -1.829479585422478e-03  5.941199630253841e-10  8.812536138612389e-07 
 2.570395782768801e+08  1.938955956225392e-02 -1.611222912208397e-03  9.804802185782702e-01 -2.894984126406625e-05  9.649281568834958e-01 -1.872091641310071e-03  6.221193287905109e-10  9.017805890181219e-07 
 2.630267991895318e+08  1.938346408682649e-02 -1.648249322357347e-03  9.804802185219788e-01 -2.962416950812986e-05  9.649279674577121e-01 -1.915696117676202e-03  6.514382020957851e-10  9.227856946716294e-07 
 2.691534803926850e+08  1.937708532911870e-02 -1.686102494822193e-03  9.804802184630357e-01 -3.031420486164807e-05  9.649277691189855e-01 -1.960316120952319e-03  6.821387634949797e-10  9.442800676135007e-07 
 2.754228703338099e+08  1.937041031906810e-02 -1.724799175389816e-03  9.804802184013162e-01 -3.102031318927375e-05  9.649275614486381e-01 -2.005975295087612e-03  7.142861234575912e-10  9.662751040234144e-07 
 2.818382931264385e+08  1.936342551145828e-02 -1.764356325166578e-03  9.804802183366892e-01 -3.174286887767760e-05  9.649273440083906e-01 -2.052697834021225e-03  7.479484603982789e-10  9.887824655093940e-07 
 2.884031503126535e+08  1.935611676220635e-02 -1.804791113685332e-03  9.804802182690181e-01 -3.248225503404693e-05  9.649271163394513e-01 -2.100508494441772e-03  7.831971652064600e-10  1.011814085288810e-06 
 2.951209226666313e+08  1.934846930384710e-02 -1.846120911070170e-03  9.804802181981596e-01 -3.323886368920790e-05  9.649268779615622e-01 -2.149432608840623e-03  8.201069925819461e-10  1.035382174513239e-06 
 3.019951720401942e+08  1.934046772020463e-02 -1.888363279189275e-03  9.804802181239635e-01 -3.401309600547867e-05  9.649266283720028e-01 -2.199496098865608e-03  8.587562194968866e-10  1.059499228740521e-06 
 3.090295432513515e+08  1.933209592024395e-02 -1.931535961722133e-03  9.804802180462731e-01 -3.480536248936380e-05  9.649263670445467e-01 -2.250725488981902e-03  8.992268111193250e-10  1.084178034557448e-06 
 3.162277660168301e+08  1.932333711109754e-02 -1.975656873063170e-03  9.804802179649232e-01 -3.561608320920256e-05  9.649260934283713e-01 -2.303147920447000e-03  9.416045945494441e-10  1.109431676356561e-06 
 3.235936569296203e+08  1.931417377026449e-02 -2.020744085979398e-03  9.804802178797423e-01 -3.644568801788652e-05  9.649258069469187e-01 -2.356791165606857e-03  9.859794407360492e-10  1.135273543270662e-06 
 3.311311214825829e+08  1.930458761698275e-02 -2.066815817935126e-03  9.804802177905494e-01 -3.729461678076458e-05  9.649255069967018e-01 -2.411683642520405e-03  1.032445454958131e-09  1.161717336268680e-06 
 3.388441561391942e+08  1.929455958277860e-02 -2.113890415992069e-03  9.804802176971562e-01 -3.816331960885602e-05  9.649251929460599e-01 -2.467854429919804e-03  1.081101176274393e-09  1.188777075416648e-06 
 3.467368504525231e+08  1.928406978120103e-02 -2.161986340188304e-03  9.804802175993649e-01 -3.905225709749549e-05  9.649248641338549e-01 -2.525333282513966e-03  1.132049786362583e-09  1.216467107307635e-06 
 3.548133892335666e+08  1.927309747675320e-02 -2.211122145294539e-03  9.804802174969686e-01 -3.996190057053616e-05  9.649245198681083e-01 -2.584150646643047e-03  1.185399328190265e-09  1.244802112664536e-06 
 3.630780547700923e+08  1.926162105303786e-02 -2.261316460841047e-03  9.804802173897504e-01 -4.089273233024067e-05  9.649241594245787e-01 -2.644337676291726e-03  1.241262934979390e-09  1.273797114119741e-06 
 3.715352290971633e+08  1.924961798013877e-02 -2.312587969303386e-03  9.804802172774837e-01 -4.184524591299220e-05  9.649237820452722e-01 -2.705926249469325e-03  1.299759069948751e-09  1.303467484175799e-06 
 3.801893963205517e+08  1.923706478126630e-02 -2.364955382329745e-03  9.804802171599308e-01 -4.281994635096122e-05  9.649233869368880e-01 -2.768948984964942e-03  1.361011777341143e-09  1.333828953351258e-06 
 3.890451449942709e+08  1.922393699870159e-02 -2.418437414887382e-03  9.804802170368431e-01 -4.381735043986676e-05  9.649229732691911e-01 -2.833439259485966e-03  1.425150945265798e-09  1.364897618515991e-06 
 3.981071705534873e+08  1.921020915908135e-02 -2.473052757200271e-03  9.804802169079602e-01 -4.483798701297389e-05  9.649225401733154e-01 -2.899431225188518e-03  1.492312580911618e-09  1.396689951420394e-06 
 4.073802778041025e+08  1.919585473807240e-02 -2.528820044344642e-03  9.804802167730096e-01 -4.588239722147279e-05  9.649220867399863e-01 -2.966959827608534e-03  1.562639098712739e-09  1.429222807422970e-06 
 4.168693834703249e+08  1.918084612449480e-02 -2.585757823363856e-03  9.804802166317056e-01 -4.695113482138807e-05  9.649216120176669e-01 -3.036060824002438e-03  1.636279622075334e-09  1.462513434420869e-06 
 4.265795188015819e+08  1.916515458396108e-02 -2.643884517758723e-03  9.804802164837501e-01 -4.804476646717021e-05  9.649211150106195e-01 -3.106770802106471e-03  1.713390299303015e-09  1.496579481988124e-06 
 4.365158322401550e+08  1.914875022210985e-02 -2.703218389204394e-03  9.804802163288298e-01 -4.916387201212481e-05  9.649205946768824e-01 -3.179127199324009e-03  1.794134634388219e-09  1.531439010726372e-06 
 4.466835921509519e+08  1.913160194752320e-02 -2.763777496339959e-03  9.804802161666173e-01 -5.030904481583915e-05  9.649200499261522e-01 -3.253168322350364e-03  1.878683833368171e-09  1.567110501832988e-06 
 4.570881896148635e+08  1.911367743442983e-02 -2.825579650472396e-03  9.804802159967698e-01 -5.148089205876845e-05  9.649194796175771e-01 -3.328933367244787e-03  1.967217166976837e-09  1.603612866891692e-06 
 4.677351412871864e+08  1.909494308530900e-02 -2.888642368032178e-03  9.804802158189286e-01 -5.268003506414919e-05  9.649188825574496e-01 -3.406462439959600e-03  2.059922350358576e-09  1.640965457890739e-06 
 4.786300923226262e+08  1.907536399352468e-02 -2.952982819614068e-03  9.804802156327178e-01 -5.390710962740958e-05  9.649182574967954e-01 -3.485796577336593e-03  2.156995940645085e-09  1.679188077474008e-06 
 4.897788193684338e+08  1.905490390613539e-02 -3.018617775433393e-03  9.804802154377442e-01 -5.516276635325207e-05  9.649176031288593e-01 -3.566977768581096e-03  2.258643753234861e-09  1.718300989430355e-06 
 5.011872336272596e+08  1.903352518704132e-02 -3.085563547025396e-03  9.804802152335960e-01 -5.644767100058654e-05  9.649169180864787e-01 -3.650048977224278e-03  2.365081297653708e-09  1.758324929426745e-06 
 5.128613839913518e+08  1.901118878064883e-02 -3.153835925013486e-03  9.804802150198417e-01 -5.776250483549683e-05  9.649162009393376e-01 -3.735054163584558e-03  2.476534233916039e-09  1.799281115990817e-06 
 5.248074602497592e+08  1.898785417625176e-02 -3.223450112771220e-03  9.804802147960304e-01 -5.910796499242790e-05  9.649154501911079e-01 -3.822038307739220e-03  2.593238850349842e-09  1.841191261748643e-06 
 5.370317963702390e+08  1.896347937334898e-02 -3.294420655802982e-03  9.804802145616900e-01 -6.048476484378478e-05  9.649146642764582e-01 -3.911047433017575e-03  2.715442563893298e-09  1.884077584923584e-06 
 5.495408738576105e+08  1.893802084814059e-02 -3.366761366669609e-03  9.804802143163253e-01 -6.189363437813956e-05  9.649138415579359e-01 -4.002128630027293e-03  2.843404443918317e-09  1.927962821102281e-06 
 5.623413251903347e+08  1.891143352146760e-02 -3.440485245288008e-03  9.804802140594191e-01 -6.333532058724649e-05  9.649129803227116e-01 -4.095330081225800e-03  2.977395760685717e-09  1.972870235273947e-06 
 5.754399373371422e+08  1.888367072848520e-02 -3.515604394438005e-03  9.804802137904292e-01 -6.481058786207065e-05  9.649120787791815e-01 -4.190701086048919e-03  3.117700559588547e-09  2.018823634149289e-06 
 5.888436553555739e+08  1.885468419038566e-02 -3.592129930315899e-03  9.804802135087884e-01 -6.632021839803994e-05  9.649111350534251e-01 -4.288292086609248e-03  3.264616262394295e-09  2.065847378765500e-06 
 6.025595860743423e+08  1.882442398851422e-02 -3.670071887982188e-03  9.804802132139033e-01 -6.786501260973499e-05  9.649101471855052e-01 -4.388154693977049e-03  3.418454296753458e-09  2.113966397383942e-06 
 6.165950018614663e+08  1.879283854125022e-02 -3.749439121561414e-03  9.804802129051515e-01 -6.944578955523735e-05  9.649091131256108e-01 -4.490341715056770e-03  3.579540755301386e-09  2.163206198687254e-06 
 6.309573444801769e+08  1.875987458405574e-02 -3.830239199064961e-03  9.804802125818831e-01 -7.106338737036024e-05  9.649080307300352e-01 -4.594907180072657e-03  3.748217085742516e-09  2.213592885282820e-06 
 6.456542290346388e+08  1.872547715312461e-02 -3.912478291723301e-03  9.804802122434167e-01 -7.271866371299242e-05  9.649068977569747e-01 -4.701906370677241e-03  3.924840813371236e-09  2.265153167519628e-06 
 6.606934480075788e+08  1.868958957309780e-02 -3.996161057733065e-03  9.804802118890394e-01 -7.441249621779063e-05  9.649057118621556e-01 -4.811395848696900e-03  4.109786297551837e-09  2.317914377625773e-06 
 6.760829753919642e+08  1.865215344934275e-02 -4.081290520346363e-03  9.804802115180052e-01 -7.614578296146161e-05  9.649044705942654e-01 -4.923433485529018e-03  4.303445523751396e-09  2.371904484173968e-06 
 6.918309709189185e+08  1.861310866532945e-02 -4.167867940255802e-03  9.804802111295328e-01 -7.791944293888023e-05  9.649031713901938e-01 -5.038078492205730e-03  4.506228932794154e-09  2.427152106882625e-06 
 7.079457843841195e+08  1.857239338566881e-02 -4.255892682258433e-03  9.804802107228048e-01 -7.973441655029639e-05  9.649018115700700e-01 -5.155391450139633e-03  4.718566289084333e-09  2.483686531760236e-06 
 7.244359600749712e+08  1.852994406541395e-02 -4.345362076216095e-03  9.804802102969657e-01 -8.159166609988869e-05  9.649003883320851e-01 -5.275434342567258e-03  4.940907589626173e-09  2.541537726600934e-06 
 7.413102413008982e+08  1.848569546625887e-02 -4.436271272368696e-03  9.804802098511201e-01 -8.349217630592927e-05  9.648988987470979e-01 -5.398270586706644e-03  5.173724015755885e-09  2.600736356839317e-06 
 7.585775750291640e+08  1.843958068030237e-02 -4.528613091100667e-03  9.804802093843300e-01 -8.543695482283027e-05  9.648973397530074e-01 -5.523965066645735e-03  5.417508929590093e-09  2.661313801772790e-06 
 7.762471166286714e+08  1.839153116207784e-02 -4.622377867310331e-03  9.804802088956149e-01 -8.742703277534911e-05  9.648957081488904e-01 -5.652584166978929e-03  5.672778917289402e-09  2.723302171159865e-06 
 7.943282347242607e+08  1.834147676958051e-02 -4.717553289586599e-03  9.804802083839479e-01 -8.946346530523483e-05  9.648940005888859e-01 -5.784195807209587e-03  5.940074881334371e-09  2.786734322203033e-06 
 8.128305161640779e+08  1.828934581505224e-02 -4.814124234458351e-03  9.804802078482544e-01 -9.154733213060628e-05  9.648922135758214e-01 -5.918869476936875e-03  6.219963184114347e-09  2.851643876925048e-06 
 8.317637711026491e+08  1.823506512631102e-02 -4.912072596048780e-03  9.804802072874095e-01 -9.367973811835853e-05  9.648903434545709e-01 -6.056676271845908e-03  6.513036845237762e-09  2.918065239947625e-06 
 8.511380382023541e+08  1.817856011943376e-02 -5.011377111540242e-03  9.804802067002365e-01 -9.586181386990080e-05  9.648883864051256e-01 -6.197688930520807e-03  6.819916795085738e-09  2.986033616681762e-06 
 8.709635899560577e+08  1.811975488362062e-02 -5.112013182935147e-03  9.804802060855035e-01 -9.809471632053651e-05  9.648863384353750e-01 -6.341981872100832e-03  7.141253187249413e-09  3.055585031939122e-06 
 8.912509381337219e+08  1.805857227908136e-02 -5.213952695684746e-03  9.804802054419209e-01 -1.003796293528039e-04  9.648841953735753e-01 -6.489631234800527e-03  7.477726772615679e-09  3.126756348974088e-06 
 9.120108393558856e+08  1.799493404879194e-02 -5.317163834850941e-03  9.804802047681402e-01 -1.027177644241017e-04  9.648819528605054e-01 -6.640714915315461e-03  7.830050337996147e-09  3.199585288966339e-06 
 9.332543007969663e+08  1.792876094496901e-02 -5.421610899565633e-03  9.804802040627492e-01 -1.051103612089333e-04  9.648796063412760e-01 -6.795312609135804e-03  8.198970212330381e-09  3.274110450953983e-06 
 9.549925860214106e+08  1.785997287110203e-02 -5.527254116658367e-03  9.804802033242703e-01 -1.075586882561096e-04  9.648771510567983e-01 -6.953505851790866e-03  8.585267843637379e-09  3.350371332227555e-06 
 9.772372209557847e+08  1.778848904036460e-02 -5.634049454434748e-03  9.804802025511573e-01 -1.100640436612605e-04  9.648745820348799e-01 -7.115378061048362e-03  8.989761450038690e-09  3.428408349195339e-06 
 9.999999999999734e+08  1.771422815119812e-02 -5.741948437705761e-03  9.804802017417924e-01 -1.126277557550094e-04  9.648718940809398e-01 -7.281014580093004e-03  9.413307748333316e-09  3.508262858730772e-06 
 1.023292992280727e+09  1.763710858082055e-02 -5.850897965290388e-03  9.804802008944822e-01 -1.152511838071774e-04  9.648690817683185e-01 -7.450502721709852e-03  9.856803763768684e-09  3.589977180012863e-06 
 1.047128548050872e+09  1.755704859735916e-02 -5.960840131340454e-03  9.804802000074548e-01 -1.179357187473921e-04  9.648661394281701e-01 -7.623931813498686e-03  1.032118872482390e-08  3.673594616870850e-06 
 1.071519305237578e+09  1.747396659123781e-02 -6.071712051965908e-03  9.804801990788563e-01 -1.206827839024794e-04  9.648630611389094e-01 -7.801393244146394e-03  1.080744604700153e-08  3.759159480644495e-06 
 1.096478196143156e+09  1.738778132636499e-02 -6.183445698770063e-03  9.804801981067462e-01 -1.234938357510336e-04  9.648598407151949e-01 -7.982980510785337e-03  1.131660540981282e-08  3.846717113571727e-06 
 1.122018454301933e+09  1.729841221156784e-02 -6.295967741035679e-03  9.804801970890947e-01 -1.263703646955641e-04  9.648564716964265e-01 -8.168789267466477e-03  1.184974493133912e-08  3.936313912715545e-06 
 1.148153621496852e+09  1.720577959259711e-02 -6.409199398432712e-03  9.804801960237769e-01 -1.293138958526285e-04  9.648529473347266e-01 -8.358917374776719e-03  1.240799344495868e-08  4.027997354442344e-06 
 1.174897554939498e+09  1.710980506488956e-02 -6.523056306245024e-03  9.804801949085703e-01 -1.323259898613723e-04  9.648492605823841e-01 -8.553464950631046e-03  1.299253288304546e-08  4.121816019464147e-06 
 1.202264434617381e+09  1.701041180711465e-02 -6.637448395233911e-03  9.804801937411481e-01 -1.354082437109028e-04  9.648454040787293e-01 -8.752534422270463e-03  1.360460077267304e-08  4.217819618457373e-06 
 1.230268770812348e+09  1.690752493535216e-02 -6.752279788368658e-03  9.804801925190769e-01 -1.385622915869381e-04  9.648413701364090e-01 -8.956230579497815e-03  1.424549284859482e-08  4.316059018271159e-06 
 1.258925411794133e+09  1.680107187754591e-02 -6.867448716755441e-03  9.804801912398097e-01 -1.417898057381785e-04  9.648371507270288e-01 -9.164660629184099e-03  1.491656578902026e-08  4.416586268738414e-06 
 1.288249551693099e+09  1.669098276765530e-02 -6.982847457182827e-03  9.804801899006812e-01 -1.450924973628619e-04  9.648327374661296e-01 -9.377934251078520e-03  1.561924007996788e-08  4.519454630103127e-06 
 1.318256738556371e+09  1.657719085868218e-02 -7.098362293771489e-03  9.804801884989029e-01 -1.484721175159718e-04  9.648281215974583e-01 -9.596163654956325e-03  1.635500301424826e-08  4.624718601077687e-06 
 1.348962882591617e+09  1.645963295348527e-02 -7.213873506264285e-03  9.804801870315573e-01 -1.519304580375805e-04  9.648232939764949e-01 -9.819463639138659e-03  1.712541183141590e-08  4.732433947544273e-06 
 1.380384264602847e+09  1.633824985200989e-02 -7.329255387516455e-03  9.804801854955902e-01 -1.554693525028200e-04  9.648182450531871e-01 -1.004795165041929e-02  1.793209700532739e-08  4.842657731914593e-06 
 1.412537544622716e+09  1.621298681325848e-02 -7.444376292741413e-03  9.804801838878073e-01 -1.590906771939835e-04  9.648129648538593e-01 -1.028174784543334e-02  1.877676568625636e-08  4.955448343162669e-06 
 1.445439770745888e+09  1.608379403000914e-02 -7.559098723030667e-03  9.804801822048655e-01 -1.627963520952741e-04  9.648074429622318e-01 -1.052097515350307e-02  1.966120530484206e-08  5.070865527545458e-06 
 1.479108388168167e+09  1.595062711395947e-02 -7.673279445594160e-03  9.804801804432661e-01 -1.665883419107281e-04  9.648016684995088e-01 -1.076575934099617e-02  2.058728734549090e-08  5.188970420026552e-06 
 1.513561248436167e+09  1.581344758863300e-02 -7.786769653055575e-03  9.804801785993492e-01 -1.704686571058525e-04  9.647956301034804e-01 -1.101622907723144e-02  2.155697129720773e-08  5.309825576418421e-06 
 1.548816618912439e+09  1.567222338704117e-02 -7.899415163982529e-03  9.804801766692833e-01 -1.744393549735283e-04  9.647893159065700e-01 -1.127251600196678e-02  2.257230879020723e-08  5.433495006258924e-06 
 1.584893192461070e+09  1.552692935075005e-02 -8.011056666632059e-03  9.804801746490609e-01 -1.785025407247464e-04  9.647827135127811e-01 -1.153475479450358e-02  2.363544792704680e-08  5.560044206438199e-06 
 1.621810097358885e+09  1.537754772666192e-02 -8.121530007643580e-03  9.804801725344866e-01 -1.826603686047517e-04  9.647758099734605e-01 -1.180308324444117e-02  2.474863781743016e-08  5.689540195592187e-06 
 1.659586907437515e+09  1.522406865749650e-02 -8.230666527114468e-03  9.804801703211712e-01 -1.869150430351890e-04  9.647685917618241e-01 -1.207764232411396e-02  2.591423332625793e-08  5.822051549279555e-06 
 1.698243652461697e+09  1.506649066164829e-02 -8.338293441144949e-03  9.804801680045210e-01 -1.912688197828539e-04  9.647610447461654e-01 -1.235857626274257e-02  2.713470004494602e-08  5.957648435958830e-06 
 1.737800828749327e+09  1.490482109781658e-02 -8.444234272540303e-03  9.804801655797286e-01 -1.957240071556686e-04  9.647531541616686e-01 -1.264603262232943e-02  2.841261949649838e-08  6.096402653783060e-06 
 1.778279410038874e+09  1.473907660955732e-02 -8.548309329909853e-03  9.804801630417630e-01 -2.002829672265157e-04  9.647449045807511e-01 -1.294016237532715e-02  2.975069458530592e-08  6.238387668229482e-06 
 1.819700858609933e+09  1.456928354470196e-02 -8.650336234906051e-03  9.804801603853590e-01 -2.049481170855758e-04  9.647362798818511e-01 -1.324111998410661e-02  3.115175530314987e-08  6.383678650582039e-06 
 1.862087136662816e+09  1.439547834443419e-02 -8.750130496806596e-03  9.804801576050056e-01 -2.097219301218344e-04  9.647272632165708e-01 -1.354906348224969e-02  3.261876470341709e-08  6.532352517284853e-06 
 1.905460717963194e+09  1.421770789671978e-02 -8.847506133062824e-03  9.804801546949358e-01 -2.146069373344338e-04  9.647178369750862e-01 -1.386415455768916e-02  3.415482515608604e-08  6.684487970185051e-06 
 1.949844599757991e+09  1.403602984875548e-02 -8.942276333824764e-03  9.804801516491123e-01 -2.196057286745623e-04  9.647079827497296e-01 -1.418655863771621e-02  3.576318489661773e-08  6.840165537683625e-06 
 1.995262314968824e+09  1.385051287314610e-02 -9.034254167814355e-03  9.804801484612170e-01 -2.247209544185928e-04  9.646976812966461e-01 -1.451644497587343e-02  3.744724488248643e-08  6.999467616813346e-06 
 2.041737944669473e+09  1.366123688264282e-02 -9.123253326263268e-03  9.804801451246365e-01 -2.299553265731925e-04  9.646869124954286e-01 -1.485398674074850e-02  3.921056597171103e-08  7.162478516262938e-06 
 2.089296130853981e+09  1.346829318848299e-02 -9.209088900969681e-03  9.804801416324477e-01 -2.353116203131493e-04  9.646756553066176e-01 -1.519936110668113e-02  4.105687643840001e-08  7.329284500367095e-06 
 2.137962089502173e+09  1.327178459766891e-02 -9.291578191871767e-03  9.804801379774039e-01 -2.407926754526701e-04  9.646638877269735e-01 -1.555274934639302e-02  4.299007984100502e-08  7.499973834082119e-06 
 2.187761623949492e+09  1.307182544490973e-02 -9.370541538896172e-03  9.804801341519196e-01 -2.464013979509315e-04  9.646515867424011e-01 -1.591433692554794e-02  4.501426325968741e-08  7.674636828967304e-06 
 2.238721138568277e+09  1.286854155542977e-02 -9.445803172231017e-03  9.804801301480528e-01 -2.521407614526724e-04  9.646387282784167e-01 -1.628431359924599e-02  4.713370591994191e-08  7.853365890192348e-06 
 2.290867652767709e+09  1.266207013541425e-02 -9.517192074608860e-03  9.804801259574902e-01 -2.580138088646461e-04  9.646252871480520e-01 -1.666287351045387e-02  4.935288822039538e-08  8.036255564591459e-06 
 2.344228815319856e+09  1.245255958751757e-02 -9.584542848678613e-03  9.804801215715278e-01 -2.640236539687583e-04  9.646112369970662e-01 -1.705021529036980e-02  5.167650118350175e-08  8.223402589784962e-06 
 2.398832919019423e+09  1.224016924959289e-02 -9.647696582111710e-03  9.804801169810528e-01 -2.701734830727449e-04  9.645965502463594e-01 -1.744654216072004e-02  5.410945634869610e-08  8.414905944389500e-06 
 2.454708915684961e+09  1.202506905560639e-02 -9.706501702738179e-03  9.804801121765246e-01 -2.764665566992574e-04  9.645811980314575e-01 -1.785206203798080e-02  5.665689612844494e-08  8.610866899338144e-06 
 2.511886431509510e+09  1.180743911856576e-02 -9.760814815756630e-03  9.804801071479539e-01 -2.829062113142465e-04  9.645651501389526e-01 -1.826698763951826e-02  5.932420464854530e-08  8.811389070331951e-06 
 2.570395782768792e+09  1.158746923620538e-02 -9.810501514917294e-03  9.804801018848809e-01 -2.894958610955555e-04  9.645483749397675e-01 -1.869153659163679e-02  6.211701909497712e-08  9.016578471444682e-06 
 2.630267991895308e+09  1.136535832111779e-02 -9.855437159549717e-03  9.804800963763532e-01 -2.962389997426529e-04  9.645308393191256e-01 -1.912593153952443e-02  6.504124159060849e-08  9.226543569902628e-06 
 2.691534803926840e+09  1.114131375798424e-02 -9.895507609401458e-03  9.804800906109031e-01 -3.031392023284599e-04  9.645125086030861e-01 -1.957040025908345e-02  6.810305162609149e-08  9.441395342061630e-06 
 2.754228703338089e+09  1.091555069151996e-02 -9.930609909476820e-03  9.804800845765222e-01 -3.102001271942472e-04  9.644933464815197e-01 -2.002517577063233e-02  7.130891907036729e-08  9.661247330603526e-06 
 2.818382931264374e+09  1.068829124969276e-02 -9.960652917415182e-03  9.804800782606344e-01 -3.174255178885977e-04  9.644733149273832e-01 -2.049049645446550e-02  7.466561778733049e-08  9.886215702974416e-06 
 2.884031503126524e+09  1.045976370767893e-02 -9.985557866426490e-03  9.804800716500719e-01 -3.248192051514609e-04  9.644523741121610e-01 -2.096660616825638e-02  7.818023988638079e-08  1.011641931108730e-05 
 2.951209226666302e+09  1.023020159886748e-02 -1.000525885740080e-02  9.804800647310439e-01 -3.323851089443374e-04  9.644304823173201e-01 -2.145375436628870e-02  8.186021063581780e-08  1.035197975231154e-05 
 3.019951720401930e+09  9.999842779996774e-03 -1.001970327452344e-02  9.804800574891090e-01 -3.401272405276698e-04  9.644075958416389e-01 -2.195219622050181e-02  8.571330406931985e-08  1.059302143177194e-05 
 3.090295432513503e+09  9.768928458187380e-03 -1.002885211954465e-02  9.804800499091432e-01 -3.480497045865293e-04  9.643836689042530e-01 -2.246219274333490e-02  8.974765931708285e-08  1.083967162597997e-05 
 3.162277660168289e+09  9.537702188207670e-03 -1.003268026076072e-02  9.804800419753078e-01 -3.561567014057214e-04  9.643586535432584e-01 -2.298401091235588e-02  9.397179769459177e-08  1.109206054781988e-05 
 3.235936569296190e+09  9.306408848760663e-03 -1.003117659374589e-02  9.804800336710149e-01 -3.644525290954532e-04  9.643324995097059e-01 -2.351792379665997e-02  9.839464058344906e-08  1.135032141291237e-05 
 3.311311214825816e+09  9.075293606901760e-03 -1.002434411191256e-02  9.804800249788931e-01 -3.729415858687400e-04  9.643051541568186e-01 -2.406421068502396e-02  1.030255281402020e-07  1.161459050737814e-05 
 3.388441561391928e+09  8.844600879879245e-03 -1.001219988605275e-02  9.804800158807494e-01 -3.816283723717449e-04  9.642765623242405e-01 -2.462315721580058e-02  1.078742388706856e-07  1.188500725702398e-05 
 3.467368504525217e+09  8.614573303729472e-03 -9.994774953105572e-03  9.804800063575295e-01 -3.905174940682844e-04  9.642466662171323e-01 -2.519505550853812e-02  1.129510101090451e-07  1.216171429797339e-05 
 3.548133892335652e+09  8.385450717854612e-03 -9.972114115482125e-03  9.804799963892792e-01 -3.996136636797554e-04  9.642154052799163e-01 -2.578020429730870e-02  1.182665594423101e-07  1.244485754876388e-05 
 3.630780547700909e+09  8.157469174565515e-03 -9.944275653340525e-03  9.804799859551000e-01 -4.089217036817662e-04  9.641827160644476e-01 -2.637890906572691e-02  1.238321071231715e-07  1.273458628393251e-05 
 3.715352290971618e+09  7.930859982191686e-03 -9.911330953219727e-03  9.804799750331048e-01 -4.184465488587916e-04  9.641485320923961e-01 -2.699148218363913e-02  1.296593995154647e-07  1.303105320911103e-05 
 3.801893963205502e+09  7.705848789852869e-03 -9.873364057391518e-03  9.804799636003723e-01 -4.281932489181930e-04  9.641127837116005e-01 -2.761824304546019e-02  1.357607336187829e-07  1.333441453765160e-05 
 3.890451449942693e+09  7.482654721364306e-03 -9.830471139159669e-03  9.804799516328968e-01 -4.381669711649851e-04  9.640753979461418e-01 -2.825951821013096e-02  1.421489827206421e-07  1.364483006880324e-05 
 3.981071705534857e+09  7.261489565024317e-03 -9.782759910108050e-03  9.804799391055379e-01 -4.483730032387529e-04  9.640362983398734e-01 -2.891564154266527e-02  1.488376232266912e-07  1.396246326745913e-05 
 4.073802778041009e+09  7.042557025224553e-03 -9.730348965963653e-03  9.804799259919671e-01 -4.588167559141648e-04  9.639954047931291e-01 -2.958695435724956e-02  1.558407627216090e-07  1.428748134549353e-05 
 4.168693834703233e+09  6.826052040947759e-03 -9.673367078286411e-03  9.804799122646117e-01 -4.695037659665493e-04  9.639526333923102e-01 -3.027380556185129e-02  1.631731693155578e-07  1.462005534470686e-05 
 4.265795188015802e+09  6.612160175293314e-03 -9.611952439618926e-03  9.804798978945962e-01 -4.804396991040518e-04  9.639078962320401e-01 -3.097655180428501e-02  1.708503023333704e-07  1.496036022139635e-05 
 4.365158322401532e+09  6.401057079216910e-03 -9.546251870022785e-03  9.804798828516820e-01 -4.916303529679045e-04  9.638611012295644e-01 -3.169555761967543e-02  1.788883444060317e-07  1.530857493256873e-05 
 4.466835921509501e+09  6.192908031705031e-03 -9.476419993092870e-03  9.804798671042015e-01 -5.030816602023908e-04  9.638121519310378e-01 -3.243119557924661e-02  1.873042350264885e-07  1.566488252381013e-05 
 4.570881896148617e+09  5.987867557647284e-03 -9.402618389580918e-03  9.804798506189942e-01 -5.147996915961194e-04  9.637609473093453e-01 -3.318384644035512e-02  1.961157056343653e-07  1.602947021882761e-05 
 4.677351412871845e+09  5.786079123735503e-03 -9.325014736678156e-03  9.804798333613327e-01 -5.267906592962504e-04  9.637073815530683e-01 -3.395389929767156e-02  2.053413162968039e-07  1.640252951067464e-05 
 4.786300923226243e+09  5.587674911824992e-03 -9.243781940813316e-03  9.804798152948534e-01 -5.390609200973700e-04  9.636513438461997e-01 -3.474175173540094e-02  2.150004940553515e-07  1.678425625467210e-05 
 4.897788193684319e+09  5.392775668353297e-03 -9.159097271525151e-03  9.804797963814769e-01 -5.516169788067292e-04  9.635927181381807e-01 -3.554780998041628e-02  2.251135730116261e-07  1.717485076303394e-05 
 5.011872336272576e+09  5.201490627637700e-03 -9.071141503580049e-03  9.804797765813289e-01 -5.644654916876166e-04  9.635313829038287e-01 -3.637248905616280e-02  2.357018362273622e-07  1.757451790120529e-05 
 5.128613839913499e+09  5.013917506173892e-03 -8.980098074037234e-03  9.804797558526565e-01 -5.776132699826657e-04  9.634672108926965e-01 -3.721621293717167e-02  2.467875595174068e-07  1.798346718591861e-05 
 5.248074602497573e+09  4.830142564441920e-03 -8.886152260430094e-03  9.804797341517397e-01 -5.910672835189437e-04  9.634000688673792e-01 -3.807941470400122e-02  2.583940572172699e-07  1.840191288497107e-05 
 5.370317963702371e+09  4.650240732197480e-03 -8.789490385646635e-03  9.804797114328000e-01 -6.048346643967032e-04  9.633298173302784e-01 -3.896253669840279e-02  2.705457300099603e-07  1.883007411872412e-05 
 5.495408738576085e+09  4.474275792788485e-03 -8.690299054467570e-03  9.804796876479039e-01 -6.189227107637277e-04  9.632563102383077e-01 -3.986603067848463e-02  2.832681149000295e-07  1.926817496332335e-05 
 5.623413251903326e+09  4.302300621690593e-03 -8.588764426072100e-03  9.804796627468622e-01 -6.333388906772403e-04  9.631793947049981e-01 -4.079035797362208e-02  2.965879374260190e-07  1.971644455563393e-05 
 5.754399373371401e+09  4.134357474198672e-03 -8.485071526160716e-03  9.804796366771252e-01 -6.480908460553908e-04  9.630989106894490e-01 -4.173598963883596e-02  3.105331662058447e-07  2.017511719988375e-05 
 5.888436553555717e+09  3.970478317041923e-03 -8.379403601684364e-03  9.804796093836721e-01 -6.631863967203806e-04  9.630146906715558e-01 -4.270340660833303e-02  3.251330699130653e-07  2.064443247600266e-05 
 6.025595860743402e+09  3.810685198603263e-03 -8.271941520519840e-03  9.804795808088953e-01 -6.786335445353314e-04  9.629265593129064e-01 -4.369309984787107e-02  3.404182767854386e-07  2.112463534964292e-05 
 6.165950018614641e+09  3.654990652413685e-03 -8.162863217803622e-03  9.804795508924811e-01 -6.944404776370504e-04  9.628343331027441e-01 -4.470557050558050e-02  3.564208367707067e-07  2.161597628386146e-05 
 6.309573444801747e+09  3.503398128652185e-03 -8.052343190036955e-03  9.804795195712817e-01 -7.106155747668905e-04  9.627378199883498e-01 -4.574133006083896e-02  3.731742864181091e-07  2.211871135244047e-05 
 6.456542290346366e+09  3.355902448504876e-03 -7.940552037512677e-03  9.804794867791847e-01 -7.271674097019586e-04  9.626368189892006e-01 -4.680090047076023e-02  3.907137166277458e-07  2.263310235481782e-05 
 6.606934480075767e+09  3.212490276414183e-03 -7.827656055092844e-03  9.804794524469741e-01 -7.441047557889660e-04  9.625311197942206e-01 -4.788481431381955e-02  4.090758433735462e-07  2.315941693259387e-05 
 6.760829753919620e+09  3.073140605473753e-03 -7.713816870891370e-03  9.804794165021855e-01 -7.614365905830735e-04  9.624205023414319e-01 -4.899361493009673e-02  4.282990815192611e-07  2.369792868757578e-05 
 6.918309709189162e+09  2.937825251487393e-03 -7.599191131989222e-03  9.804793788689558e-01 -7.791721005941355e-04  9.623047363792985e-01 -5.012785655757603e-02  4.484236218505692e-07  2.424891730131401e-05 
 7.079457843841171e+09  2.806509351504214e-03 -7.483930235933686e-03  9.804793394678641e-01 -7.973206861427902e-04  9.621835810090207e-01 -5.128810446389436e-02  4.694915114500391e-07  2.481266865607989e-05 
 7.244359600749688e+09  2.679151862958648e-03 -7.368180106447698e-03  9.804792982157664e-01 -8.158919663289114e-04  9.620567842070338e-01 -5.247493507288140e-02  4.915467375453232e-07  2.538947495722570e-05 
 7.413102413008958e+09  2.555706059876634e-03 -7.252081011500376e-03  9.804792550256223e-01 -8.348957841149844e-04  9.619240823269412e-01 -5.368893608518379e-02  5.146353149645628e-07  2.597963485686175e-05 
 7.585775750291615e+09  2.436120022950974e-03 -7.135767421663739e-03  9.804792098063143e-01 -8.543422115270227e-04  9.617851995800911e-01 -5.493070659220953e-02  5.388053773364874e-07  2.658345357877649e-05 
 7.762471166286690e+09  2.320337120633673e-03 -7.019367906501315e-03  9.804791624624579e-01 -8.742415549757064e-04  9.616398474939896e-01 -5.620085718257076e-02  5.641072721761507e-07  2.720124304451766e-05 
 7.943282347242582e+09  2.208296478736049e-03 -6.903005066599741e-03  9.804791128942032e-01 -8.946043607004753e-04  9.614877243477312e-01 -5.750001004014164e-02  5.905936600005514e-07  2.783332200054285e-05 
 8.128305161640754e+09  2.099933436363240e-03 -6.786795498760460e-03  9.804790609970284e-01 -9.154414203393751e-04  9.613285145836075e-01 -5.882879903278120e-02  6.183196176215734e-07  2.848001614633855e-05 
 8.317637711026465e+09  1.995179986335074e-03 -6.670849791812827e-03  9.804790066615218e-01 -9.367637766275083e-04  9.611618881940367e-01 -6.018786979070189e-02  6.473427457666730e-07  2.914165826339576e-05 
 8.511380382023514e+09  1.893965198556571e-03 -6.555272550488179e-03  9.804789497731562e-01 -9.585827292270121e-04  9.609875000829519e-01 -6.157787977338977e-02  6.777232811805208e-07  2.981858834491955e-05 
 8.709635899560549e+09  1.796215625095920e-03 -6.440162444803011e-03  9.804788902120516e-01 -9.809098406915418e-04  9.608049894007686e-01 -6.299949832390436e-02  7.095242133633409e-07  3.051115372613765e-05 
 8.912509381337191e+09  1.701855686003856e-03 -6.325612282434686e-03  9.804788278527259e-01 -1.003756942568303e-03  9.606139788520377e-01 -6.445340670930139e-02  7.428114061038931e-07  3.121970921506049e-05 
 9.120108393558826e+09  1.610808035164358e-03 -6.211709101631606e-03  9.804787625638383e-01 -1.027136141640753e-03  9.604140739748998e-01 -6.594029814583489e-02  7.776537239669361e-07  3.194461722353188e-05 
 9.332543007969633e+09  1.522993905701519e-03 -6.098534282277176e-03  9.804786942079151e-01 -1.051059826315128e-03  9.602048623914189e-01 -6.746087780749903e-02  8.141231638964377e-07  3.268624789839430e-05 
 9.549925860214075e+09  1.438333434681065e-03 -5.986163672820972e-03  9.804786226410698e-01 -1.075540673154074e-03  9.599859130279143e-01 -6.901586281637320e-02  8.522949920968186e-07  3.344497925257836e-05 
 9.772372209557816e+09  1.356745967037009e-03 -5.874667730896800e-03  9.804785477127038e-01 -1.100591653560658e-03  9.597567753043643e-01 -7.060598221312571e-02  8.922478863549216e-07  3.422119729590887e-05 
 9.999999999999702e+09  1.278150338824729e-03 -5.764111675563914e-03  9.804784692651989e-01 -1.126226040616173e-03  9.595169782919976e-01 -7.223197690592328e-02  9.340640839652731e-07  3.501529616540295e-05 
 1.023292992280724e+10  1.202465140051915e-03 -5.654555649231219e-03  9.804783871335930e-01 -1.152457416075186e-03  9.592660298381706e-01 -7.389459959587327e-02  9.778295354203033e-07  3.582767825481743e-05 
 1.047128548050868e+10  1.129608957469044e-03 -5.546054887452566e-03  9.804783011452416e-01 -1.179299677521352e-03  9.590034156576580e-01 -7.559461467700261e-02  1.023634064025562e-06  3.665875434318287e-05 
 1.071519305237574e+10  1.059500597812397e-03 -5.438659894912258e-03  9.804782111194651e-01 -1.206767045687601e-03  9.587285983894920e-01 -7.733279810864625e-02  1.071571531597423e-06  3.750894372204141e-05 
 1.096478196143152e+10  9.920592920861539e-04 -5.332416626051411e-03  9.804781168671797e-01 -1.234874071944389e-03  9.584410166185167e-01 -7.910993725797931e-02  1.121740010397237e-06  3.837867432108355e-05 
 1.122018454301930e+10  9.272048815470414e-04 -5.227366668916458e-03  9.804780181905114e-01 -1.263635645959747e-03  9.581400838608493e-01 -8.092683071028176e-02  1.174241961451283e-06  3.926838283185625e-05 
 1.148153621496848e+10  8.648579861167027e-04 -5.123547430939503e-03  9.804779148823921e-01 -1.293067003534992e-03  9.578251875124821e-01 -8.278428804437173e-02  1.229184419399949e-06  4.017851482919042e-05 
 1.174897554939494e+10  8.049401559945188e-04 -5.020992325484902e-03  9.804778067261408e-01 -1.323183734619991e-03  9.574956877603080e-01 -8.468312957048285e-02  1.286679184012391e-06  4.110952488997074e-05 
 1.202264434617377e+10  7.473740072786225e-04 -4.919730958116964e-03  9.804776934950220e-01 -1.354001791511983e-03  9.571509164548968e-01 -8.662418602769149e-02  1.346843018494087e-06  4.206187670884323e-05 
 1.230268770812345e+10  6.920833424263292e-04 -4.819789311658705e-03  9.804775749517876e-01 -1.385537497242051e-03  9.567901759444287e-01 -8.860829823782441e-02  1.409797854704293e-06  4.303604321042923e-05 
 1.258925411794130e+10  6.389932563986750e-04 -4.721189929221228e-03  9.804774508481978e-01 -1.417807554153389e-03  9.564127378692605e-01 -9.063631671259251e-02  1.475671005388078e-06  4.403250665758369e-05 
 1.288249551693095e+10  5.880302293381550e-04 -4.623952094486327e-03  9.804773209245201e-01 -1.450829052675615e-03  9.560178419166868e-01 -9.270910121050192e-02  1.544595383513228e-06  4.505175875520603e-05 
 1.318256738556368e+10  5.391222066254805e-04 -4.528092008622003e-03  9.804771849090070e-01 -1.484619480299498e-03  9.556046945355707e-01 -9.482752023989577e-02  1.616709728785739e-06  4.609430074907939e-05 
 1.348962882591613e+10  4.921986671511267e-04 -4.433622963300614e-03  9.804770425173505e-01 -1.519196730756472e-03  9.551724676106241e-01 -9.699245050426777e-02  1.692158841398455e-06  4.716064351918053e-05 
 1.380384264602843e+10  4.471906806217294e-04 -4.340555509373230e-03  9.804768934521139e-01 -1.554579113407517e-03  9.547202970962608e-01 -9.920477628577462e-02  1.771093823045685e-06  4.825130766686885e-05 
 1.412537544622712e+10  4.040309547008634e-04 -4.248897620830579e-03  9.804767374021366e-01 -1.590785362845960e-03  9.542472816100879e-01 -1.014653887626476e-01  1.853672325211785e-06  4.936682359532591e-05 
 1.445439770745884e+10  3.626538727593315e-04 -4.158654853751800e-03  9.804765740419165e-01 -1.627834648718946e-03  9.537524809862774e-01 -1.037751852559732e-01  1.940058804713772e-06  5.050773158258087e-05 
 1.479108388168163e+10  3.229955229824964e-04 -4.069830500006382e-03  9.804764030309621e-01 -1.665746585772356e-03  9.532349147892540e-01 -1.061350684010739e-01  2.030424786446520e-06  5.167458184641886e-05 
 1.513561248436163e+10  2.849937195521279e-04 -3.982425735532950e-03  9.804762240131191e-01 -1.704541244124082e-03  9.526935607883318e-01 -1.085459452384732e-01  2.124949133243699e-06  5.286793460042916e-05 
 1.548816618912435e+10  2.485880165883795e-04 -3.896439763071142e-03  9.804760366158677e-01 -1.744239159770660e-03  9.521273533942007e-01 -1.110087262191819e-01  2.223818322728271e-06  5.408836010041168e-05 
 1.584893192461066e+10  2.137197155042764e-04 -3.811869949269635e-03  9.804758404495901e-01 -1.784861345332369e-03  9.515351820583964e-01 -1.135243241187828e-01  2.327226730982316e-06  5.533643868031797e-05 
 1.621810097358881e+10  1.803318663911417e-04 -3.728711956135351e-03  9.804756351068062e-01 -1.826429301042003e-03  9.509158896372064e-01 -1.160936528545353e-01  2.435376922817240e-06  5.661276077686201e-05 
 1.659586907437510e+10  1.483692640189510e-04 -3.646959866825688e-03  9.804754201613787e-01 -1.868965025982640e-03  9.502682707217779e-01 -1.187176261994588e-01  2.548479948371423e-06  5.791792694189482e-05 
 1.698243652461693e+10  1.177784390011987e-04 -3.566606305818067e-03  9.804751951676820e-01 -1.912491029579839e-03  9.495910699365494e-01 -1.213971563870890e-01  2.666755645702711e-06  5.925254784159414e-05 
 1.737800828749323e+10  8.850764463967892e-05 -3.487642553519384e-03  9.804749596597391e-01 -1.957030343353805e-03  9.488829802085376e-01 -1.241331526003429e-01  2.790432948977687e-06  6.061724424147950e-05 
 1.778279410038869e+10  6.050683993095269e-05 -3.410058655402128e-03  9.804747131503222e-01 -2.002606532937202e-03  9.481426410104252e-01 -1.269265193376676e-01  2.919750201787473e-06  6.201264697622193e-05 
 1.819700858609929e+10  3.372766918337538e-05 -3.333843525774803e-03  9.804744551300143e-01 -2.049243710364378e-03  9.473686365808749e-01 -1.297781546493929e-01  3.054955475041001e-06  6.343939690317627e-05 
 1.862087136662811e+10  8.123438661576969e-06 -3.258985046311837e-03  9.804741850662348e-01 -2.096966546637926e-03  9.465594941260238e-01 -1.326889482369636e-01  3.196306888800477e-06  6.489814483852705e-05 
 1.905460717963190e+10 -1.635090935565853e-05 -3.185470159482570e-03  9.804739024022229e-01 -2.145800284578621e-03  9.457136820066503e-01 -1.356597794074922e-01  3.344072937329801e-06  6.638955147490036e-05 
 1.949844599757986e+10 -3.973882474791644e-05 -3.113284957030988e-03  9.804736065559815e-01 -2.195770751964901e-03  9.448296079161472e-01 -1.386915148758489e-01  3.498532816524483e-06  6.791428727926079e-05 
 1.995262314968819e+10 -6.208217962845673e-05 -3.042414763667173e-03  9.804732969191781e-01 -2.246904374968202e-03  9.439056170550700e-01 -1.417850064063076e-01  3.659976752780869e-06  6.947303236988071e-05 
 2.041737944669468e+10 -8.342130002189749e-05 -2.972844216138803e-03  9.804729728560004e-01 -2.299228191890615e-03  9.429399903087675e-01 -1.449410882855825e-01  3.828706332242466e-06  7.106647637114228e-05 
 2.089296130853976e+10 -1.037949988698342e-04 -2.904557337856407e-03  9.804726337019690e-01 -2.352769867211464e-03  9.419309424353626e-01 -1.481605746189391e-01  4.005034829231796e-06  7.269531824490974e-05 
 2.137962089502167e+10 -1.232406101145188e-04 -2.837537609249682e-03  9.804722787627005e-01 -2.407557705949568e-03  9.408766202721953e-01 -1.514442564409451e-01  4.189287532536775e-06  7.436026609719274e-05 
 2.187761623949486e+10 -1.417940236340028e-04 -2.771768034034333e-03  9.804719073126226e-01 -2.463620668348111e-03  9.397751009697197e-01 -1.547928986323427e-01  4.381802068070978e-06  7.606203695881106e-05 
 2.238721138568272e+10 -1.594897208240646e-04 -2.707231201569633e-03  9.804715185936410e-01 -2.520988384889235e-03  9.386243902628216e-01 -1.582072366344938e-01  4.582928716266855e-06  7.780135653876925e-05 
 2.290867652767703e+10 -1.763608106428879e-04 -2.643909345486581e-03  9.804711118137533e-01 -2.579691171645611e-03  9.374224207905297e-01 -1.616879729528642e-01  4.793030722389758e-06  7.957895894905618e-05 
 2.344228815319851e+10 -1.924390659538112e-04 -2.581784398765014e-03  9.804706861456086e-01 -2.639760045976466e-03  9.361670504761896e-01 -1.652357734410940e-01  5.012484597778288e-06  8.139558639960109e-05 
 2.398832919019417e+10 -2.077549600196171e-04 -2.520838045435858e-03  9.804702407250150e-01 -2.701226742575741e-03  9.348560609813332e-01 -1.688512633573545e-01  5.241680409823078e-06  8.325198886214880e-05 
 2.454708915684955e+10 -2.223377030187733e-04 -2.461051769081532e-03  9.804697746493891e-01 -2.764123729880232e-03  9.334871562476740e-01 -1.725350231849167e-01  5.481022058291112e-06  8.514892370185734e-05 
 2.511886431509503e+10 -2.362152784698545e-04 -2.402406898303853e-03  9.804692869761472e-01 -2.828484226845831e-03  9.320579611429737e-01 -1.762875842091791e-01  5.730927535386929e-06  8.708715527548124e-05 
 2.570395782768785e+10 -2.494144794651023e-04 -2.344884649324577e-03  9.804687767210377e-01 -2.894342220100190e-03  9.305660202278671e-01 -1.801094238438272e-01  5.991829166715128e-06  8.906745449507851e-05 
 2.630267991895301e+10 -2.619609446277689e-04 -2.288466165878862e-03  9.804682428564124e-01 -2.961732481480381e-03  9.290087966621488e-01 -1.840009606993253e-01  6.264173830071162e-06  9.109059835627455e-05 
 2.691534803926833e+10 -2.738791937206051e-04 -2.233132556556937e-03  9.804676843094325e-01 -3.030690585964413e-03  9.273836712704998e-01 -1.879625493876076e-01  6.548423148740235e-06  9.315736943023186e-05 
 2.754228703338082e+10 -2.851926628446310e-04 -2.178864929743734e-03  9.804670999602131e-01 -3.101252930005710e-03  9.256879417891710e-01 -1.919944750576356e-01  6.845053655727717e-06  9.526855531861619e-05 
 2.818382931264367e+10 -2.959237391782189e-04 -2.125644426300552e-03  9.804664886398973e-01 -3.173456750279978e-03  9.239188223167056e-01 -1.960969476574402e-01  7.154556925080068e-06  9.742494807101387e-05 
 2.884031503126517e+10 -3.060937952166022e-04 -2.073452250126892e-03  9.804658491286647e-01 -3.247340142854200e-03  9.220734429934168e-01 -2.002700959193968e-01  7.477439666184347e-06  9.962734356445266e-05 
 2.951209226666295e+10 -3.157232224811947e-04 -2.022269696734457e-03  9.804651801536696e-01 -3.322942082787836e-03  9.201488499359667e-01 -2.045139610667812e-01  7.814223776658248e-06  1.018765408449028e-04 
 3.019951720401923e+10 -3.248314646766644e-04 -1.972078179959073e-03  9.804644803869037e-01 -3.400302444176657e-03  9.181420054550811e-01 -2.088284902411697e-01  8.165446349163748e-06  1.041733414308968e-04 
 3.090295432513495e+10 -3.334370502815503e-04 -1.922859256929901e-03  9.804637484429879e-01 -3.479462020650020e-03  9.160497885860859e-01 -2.132135296519660e-01  8.531659627197944e-06  1.065185485797035e-04 
 3.162277660168282e+10 -3.415576245654109e-04 -1.874594651408821e-03  9.804629828768866e-01 -3.560462546332839e-03  9.138689959636284e-01 -2.176688174512943e-01  8.913430904637495e-06  1.089129665168276e-04 
 3.235936569296183e+10 -3.492099810320548e-04 -1.827266275606341e-03  9.804621821815437e-01 -3.643346717283866e-03  9.115963430735543e-01 -2.221939763397031e-01  9.311342363541594e-06  1.113573996299868e-04 
 3.311311214825809e+10 -3.564100922943918e-04 -1.780856250573728e-03  9.804613447854370e-01 -3.728158213422439e-03  9.092284659165024e-01 -2.267885059105904e-01  9.725990844456484e-06  1.138526516291406e-04 
 3.388441561391921e+10 -3.631731403918498e-04 -1.735346925264459e-03  9.804604690500509e-01 -3.814941720956285e-03  9.067619231192566e-01 -2.314517747440094e-01  1.015798754321633e-05  1.163995246746170e-04 
 3.467368504525209e+10 -3.695135465661720e-04 -1.690720894351278e-03  9.804595532672636e-01 -3.903742955323498e-03  9.041931985312830e-01 -2.361830122635455e-01  1.060795762800600e-05  1.189988184759032e-04 
 3.548133892335645e+10 -3.754450005157624e-04 -1.646961014878490e-03  9.804585956566442e-01 -3.994608684662407e-03  9.015187043451169e-01 -2.409813003733049e-01  1.107653977024647e-05  1.216513293642392e-04 
 3.630780547700901e+10 -3.809804891525743e-04 -1.604050421822266e-03  9.804575943626610e-01 -4.087586753823561e-03  8.987347847803293e-01 -2.458455648956991e-01  1.156438558268926e-05  1.243578493427787e-04 
 3.715352290971610e+10 -3.861323248888805e-04 -1.561972542624935e-03  9.804565474517949e-01 -4.182726108938717e-03  8.958377203716402e-01 -2.507745668346908e-01  1.207215895796942e-05  1.271191651187602e-04 
 3.801893963205494e+10 -3.909121734841014e-04 -1.520711110762404e-03  9.804554529095559e-01 -4.280076822562397e-03  8.928237329023277e-01 -2.557668934934593e-01  1.260053530077471e-05  1.299360571228689e-04 
 3.890451449942685e+10 -3.953310814842150e-04 -1.480250178396935e-03  9.804543086373961e-01 -4.379690119402159e-03  8.896889910243448e-01 -2.608209494800628e-01  1.315020064674980e-05  1.328092985217547e-04 
 3.981071705534849e+10 -3.993995032881265e-04 -1.440574128160651e-03  9.804531124495229e-01 -4.481618402654577e-03  8.864296166064712e-01 -2.659349476396152e-01  1.372185066127723e-05  1.357396542305211e-04 
 4.073802778041000e+10 -4.031273278767220e-04 -1.401667684108212e-03  9.804518620695966e-01 -4.585915280964551e-03  8.830416918513022e-01 -2.711068999567313e-01  1.431618951137106e-05  1.387278799328895e-04 
 4.168693834703224e+10 -4.065239052411636e-04 -1.363515921870199e-03  9.804505551273185e-01 -4.692635596026415e-03  8.795212672208975e-01 -2.763346084775309e-01  1.493392860409454e-05  1.417747211176933e-04 
 4.265795188015794e+10 -4.095980725472960e-04 -1.326104278031846e-03  9.804491891548973e-01 -4.801835450846107e-03  8.758643702093880e-01 -2.816156563062809e-01  1.557578518517952e-05  1.448809121413400e-04 
 4.365158322401524e+10 -4.123581800727944e-04 -1.289418558754884e-03  9.804477615833914e-01 -4.913572238684456e-03  8.720670149987075e-01 -2.869473987377816e-01  1.624248079189426e-05  1.480471753269126e-04 
 4.466835921509492e+10 -4.148121169528848e-04 -1.253444947653444e-03  9.804462697389162e-01 -5.027904672702532e-03  8.681252130308382e-01 -2.923269545928077e-01  1.693473955468770e-05  1.512742201116384e-04 
 4.570881896148608e+10 -4.169673367690906e-04 -1.218170012928211e-03  9.804447108387165e-01 -5.144892816330857e-03  8.640349845264409e-01 -2.977511978302627e-01  1.765328634274365e-05  1.545627422555376e-04 
 4.677351412871836e+10 -4.188308830134720e-04 -1.183580713756404e-03  9.804430819870867e-01 -5.264598114385135e-03  8.597923709754385e-01 -3.032167495161127e-01  1.839884474931822e-05  1.579134231251583e-04 
 4.786300923226234e+10 -4.204094144582244e-04 -1.149664405928645e-03  9.804413801711371e-01 -5.387083424952082e-03  8.553934486199640e-01 -3.087199702355741e-01  1.917213491361828e-05  1.613269290673968e-04 
 4.897788193684309e+10 -4.217092304572385e-04 -1.116408846717530e-03  9.804396022563912e-01 -5.512413052069752e-03  8.508343429440344e-01 -3.142569530413376e-01  1.997387117701741e-05  1.648039108894820e-04 
 5.011872336272565e+10 -4.227362962023318e-04 -1.083802198956649e-03  9.804377449822069e-01 -5.640652779227689e-03  8.461112441772836e-01 -3.198235170367252e-01  2.080475957260745e-05  1.683450034622456e-04 
 5.128613839913487e+10 -4.234962679522595e-04 -1.051833034303101e-03  9.804358049570044e-01 -5.771869903713005e-03  8.412204238120820e-01 -3.254152016984795e-01  2.166549514845502e-05  1.719508254647897e-04 
 5.248074602497561e+10 -4.239945182473674e-04 -1.020490335651193e-03  9.804337786532911e-01 -5.906133271829376e-03  8.361582521243247e-01 -3.310272620492507e-01  2.255675912647900e-05  1.756219792895837e-04 
 5.370317963702358e+10 -4.242361611167825e-04 -9.897634986601649e-04  9.804316624024634e-01 -6.043513315016596e-03  8.309212166780796e-01 -3.366546647946257e-01  2.347921590058957e-05  1.793590511278404e-04 
 5.495408738576073e+10 -4.242260772784359e-04 -9.596423323544188e-04  9.804294523893743e-01 -6.184082086899165e-03  8.255059417831496e-01 -3.422920855436082e-01  2.443350987963315e-05  1.831626112557128e-04 
 5.623413251903313e+10 -4.239689393249184e-04 -9.301170587510453e-04  9.804271446466434e-01 -6.327913301292888e-03  8.199092088624272e-01 -3.479339072346109e-01  2.542026218276673e-05  1.870332145424050e-04 
 5.754399373371387e+10 -4.234692368802679e-04 -9.011783114664669e-04  9.804247350486881e-01 -6.475082371199096e-03  8.141279776727520e-01 -3.535742198911178e-01  2.644006719713424e-05  1.909714012016426e-04 
 5.888436553555704e+10 -4.227313017042963e-04 -8.728171332518804e-04  9.804222193054569e-01 -6.625666448816441e-03  8.081594083088844e-01 -3.592068218320274e-01  2.749348901012545e-05  1.949776978081078e-04 
 6.025595860743387e+10 -4.217593327120358e-04 -8.450249724059609e-04  9.804195929558399e-01 -6.779744466600649e-03  8.020008839052543e-01 -3.648252224611099e-01  2.858105773105030e-05  1.990526186003514e-04 
 6.165950018614626e+10 -4.205574208664166e-04 -8.177936780131170e-04  9.804168513607242e-01 -6.937397179402650e-03  7.956500339344785e-01 -3.704226467578244e-01  2.970326571973783e-05  2.031966670913288e-04 
 6.309573444801733e+10 -4.191295738924420e-04 -7.911154939565353e-04  9.804139896956720e-01 -7.098707207715618e-03  7.891047579853796e-01 -3.759920415877681e-01  3.086056374234354e-05  2.074103380070414e-04 
 6.456542290346350e+10 -4.174797407510413e-04 -7.649830516574413e-04  9.804110029431852e-01 -7.263759082061286e-03  7.823632498866021e-01 -3.815260839450973e-01  3.205335707749238e-05  2.116941195727659e-04 
 6.606934480075750e+10 -4.156118358005739e-04 -7.393893614954864e-04  9.804078858845255e-01 -7.432639288545541e-03  7.754240220250882e-01 -3.870171912312135e-01  3.328200159875893e-05  2.160484961649956e-04 
 6.760829753919602e+10 -4.135297625637656e-04 -7.143278028700657e-04  9.804046330910519e-01 -7.605436315612797e-03  7.682859296919211e-01 -3.924575336637017e-01  3.454679986234891e-05  2.204739513454752e-04 
 6.918309709189143e+10 -4.112374370078817e-04 -6.897921128687020e-04  9.804012389150359e-01 -7.782240702027920e-03  7.609481952716451e-01 -3.978390488968579e-01  3.584799723165089e-05  2.249709712915743e-04 
 7.079457843841153e+10 -4.087388102363311e-04 -6.657763735164535e-04  9.803976974799183e-01 -7.963145086113507e-03  7.534104320754306e-01 -4.031534589200339e-01  3.718577807301885e-05  2.295400486346837e-04 
 7.244359600749669e+10 -4.060378904808813e-04 -6.422749975896561e-04  9.803940026699559e-01 -8.148244256269152e-03  7.456726676037368e-01 -4.083922892824536e-01  3.856026205966646e-05  2.341816867153499e-04 
 7.413102413008937e+10 -4.031387642754448e-04 -6.192827129881133e-04  9.803901481192202e-01 -8.337635202798045e-03  7.377353660107648e-01 -4.135468906731125e-01  3.997150062284448e-05  2.388964042604641e-04 
 7.585775750291594e+10 -4.000456166852168e-04 -5.967945456722013e-04  9.803861271998958e-01 -8.531417171064495e-03  7.295994495314263e-01 -4.186084628619213e-01  4.141947359146204e-05  2.436847404840211e-04 
 7.762471166286668e+10 -3.967627504589990e-04 -5.748058011849858e-04  9.803819330098260e-01 -8.729691716004309e-03  7.212663186220932e-01 -4.235680809834996e-01  4.290408606293961e-05  2.485472606087727e-04 
 7.943282347242560e+10 -3.932946039681336e-04 -5.533120447944802e-04  9.803775583592620e-01 -8.932562758007931e-03  7.127378705595544e-01 -4.284167241182024e-01  4.442516554927640e-05  2.534845618015510e-04 
 8.128305161640732e+10 -3.896457677927371e-04 -5.323090803072178e-04  9.803729957567499e-01 -9.140136640194097e-03  7.040165162386203e-01 -4.331453060962309e-01  4.598245944301061e-05  2.584972795101718e-04 
 8.317637711026443e+10 -3.858209998151633e-04 -5.117929276214154e-04  9.803682373941107e-01 -9.352522187089441e-03  6.951051949082385e-01 -4.377447084204467e-01  4.757563284788719e-05  2.635860941847040e-04 
 8.511380382023491e+10 -3.818252386819912e-04 -4.917597991057321e-04  9.803632751304512e-01 -9.569830764727151e-03  6.860073865889729e-01 -4.422058151721043e-01  4.920426681856570e-05  2.687517383605674e-04 
 8.709635899560526e+10 -3.776636154995040e-04 -4.722060749078506e-04  9.803581004751477e-01 -9.792176342175265e-03  6.767271219216870e-01 -4.465195497316039e-01  5.086785705254979e-05  2.739950040754800e-04 
 8.912509381337167e+10 -3.733414636337671e-04 -4.531282773154869e-04  9.803527045697468e-01 -1.001967555450266e-02  6.672689892084324e-01 -4.506769131140831e-01  5.256581307566071e-05  2.793167505868034e-04 
 9.120108393558803e+10 -3.688643264950902e-04 -4.345230443105779e-04  9.803470781687235e-01 -1.025244776718844e-02  6.576381384220450e-01 -4.546690236877490e-01  5.429745795978003e-05  2.847179123504238e-04 
 9.332543007969609e+10 -3.642379631979511e-04 -4.163871024750329e-04  9.803412116190371e-01 -1.049061514197786e-02  6.478402819809206e-01 -4.584871580119484e-01  5.606202860823710e-05  2.901995072170691e-04 
 9.549925860214050e+10 -3.594683520013548e-04 -3.987172394231146e-04  9.803350948384260e-01 -1.073430270418581e-02  6.378816921098404e-01 -4.621227925027189e-01  5.785867664011496e-05  2.957626447970020e-04 
 9.772372209557790e+10 -3.545616914510312e-04 -3.815102759508564e-04  9.803287172923852e-01 -1.098363841144665e-02  6.277691946364485e-01 -4.655676456066312e-01  5.968646989991224e-05  3.014085349394671e-04 
 9.999999999999675e+10 -3.495243991637453e-04 -3.647630381065629e-04  9.803220679697663e-01 -1.123875322390749e-02  6.175101591058584e-01 -4.688137201398138e-01  6.154439461346417e-05  3.071384962692096e-04 
 1.023292992280721e+11 -3.443631082150663e-04 -3.484723293979329e-04  9.803151353569457e-01 -1.149978117586026e-02  6.071124851325256e-01 -4.718533454287792e-01  6.343135820484760e-05  3.129539647189561e-04 
 1.047128548050865e+11 -3.390846611150219e-04 -3.326349033603767e-04  9.803079074105057e-01 -1.176685944880699e-02  5.965845849485611e-01 -4.746792188737129e-01  6.534619278224841e-05  3.188565019940342e-04 
 1.071519305237572e+11 -3.336961013807806e-04 -3.172474367172997e-04  9.803003715283731e-01 -1.204012844595159e-02  5.859353621505213e-01 -4.772844465437724e-01  6.728765929354434e-05  3.248478039034337e-04 
 1.096478196143149e+11 -3.282046627415102e-04 -3.023065033662034e-04  9.802925145193638e-01 -1.231973186811140e-02  5.751741866917327e-01 -4.796625824082115e-01  6.925445234476638e-05  3.309297084906355e-04 
 1.122018454301927e+11 -3.226177560374190e-04 -2.878085494242048e-04  9.802843225710838e-01 -1.260581679104151e-02  5.643108662136973e-01 -4.818076658071755e-01  7.124520566676809e-05  3.371042038975454e-04 
 1.148153621496845e+11 -3.169429539022094e-04 -2.737498695627641e-04  9.802757812161326e-01 -1.289853374416582e-02  5.533556138571950e-01 -4.837142567721153e-01  7.325849820749740e-05  3.433734358959052e-04 
 1.174897554939491e+11 -3.111879733452593e-04 -2.601265848540062e-04  9.802668752965670e-01 -1.319803679070959e-02  5.423190127405575e-01 -4.853774688181027e-01  7.529286081937514e-05  3.497397150226479e-04 
 1.202264434617374e+11 -3.053606563762693e-04 -2.469346223399466e-04  9.802575889265708e-01 -1.350448360923001e-02  5.312119773382424e-01 -4.867929988489225e-01  7.734678350359375e-05  3.562055232588171e-04 
 1.230268770812341e+11 -2.994689488403126e-04 -2.341696965213002e-04  9.802479054532897e-01 -1.381803557654341e-02  5.200457120364363e-01 -4.879571538405801e-01  7.941872316581886e-05  3.627735201958741e-04 
 1.258925411794126e+11 -2.935208776546848e-04 -2.218272929444740e-04  9.802378074157810e-01 -1.413885785205012e-02  5.088316671829825e-01 -4.888668739994800e-01  8.150711183095514e-05  3.694465486384066e-04 
 1.288249551693092e+11 -2.875245266601517e-04 -2.099026540441050e-04  9.802272765020325e-01 -1.446711946346115e-02  4.975814929856373e-01 -4.895197521276421e-01  8.361036525847938e-05  3.762276395983791e-04 
 1.318256738556364e+11 -2.814880113176643e-04 -1.983907673743892e-04  9.802162935040031e-01 -1.480299339393401e-02  4.863069916446678e-01 -4.899140489683347e-01  8.572689189448390e-05  3.831200166430192e-04 
 1.348962882591609e+11 -2.754194524969268e-04 -1.872863563358852e-04  9.802048382706368e-01 -1.514665667062880e-02  4.750200681324123e-01 -4.900487043507453e-01  8.785510209213443e-05  3.901270995661053e-04 
 1.380384264602839e+11 -2.693269496150155e-04 -1.765838734759163e-04  9.801928896587981e-01 -1.549829045469934e-02  4.637326800530064e-01 -4.899233440009758e-01  8.999341752883166e-05  3.972525073606726e-04 
 1.412537544622708e+11 -2.632185533912703e-04 -1.662774964106686e-04  9.801804254820750e-01 -1.585808013273842e-02  4.524567870295732e-01 -4.895382819378441e-01  9.214028074605727e-05  4.045000604798302e-04 
 1.445439770745880e+11 -2.571022384887270e-04 -1.563611263861563e-04  9.801674224573929e-01 -1.622621540969980e-02  4.412043000734480e-01 -4.888945184247366e-01  9.429416473673714e-05  4.118737823813282e-04 
 1.479108388168159e+11 -2.509858763123240e-04 -1.468283894639714e-04  9.801538561493770e-01 -1.660289040332420e-02  4.299870313902786e-01 -4.879937335020618e-01  9.645358250499803e-05  4.193779003605444e-04 
 1.513561248436158e+11 -2.448772082300055e-04 -1.376726402867881e-04  9.801397009123952e-01 -1.698830374009982e-02  4.188166450711325e-01 -4.868382761777005e-01  9.861709652442732e-05  4.270168456855111e-04 
 1.548816618912430e+11 -2.387838194747359e-04 -1.288869683484898e-04  9.801249298302116e-01 -1.738265865279191e-02  4.077046091031622e-01 -4.854311494042007e-01  1.007833280233472e-04  4.347952530563048e-04 
 1.584893192461061e+11 -2.327131139735289e-04 -1.204642066651537e-04  9.801095146531658e-01 -1.778616307957904e-02  3.966621491143080e-01 -4.837759910203652e-01  1.029509660291240e-04  4.427179594193932e-04 
 1.621810097358876e+11 -2.266722903341509e-04 -1.123969427164444e-04  9.800934257327949e-01 -1.819902976483646e-02  3.857002042403530e-01 -4.818770508804221e-01  1.051187761080791e-04  4.507900021752455e-04 
 1.659586907437506e+11 -2.206683192015294e-04 -1.046775315027331e-04  9.800766319538010e-01 -1.862147636160974e-02  3.748293854710483e-01 -4.797391644353462e-01  1.072856087430429e-04  4.590166168245051e-04 
 1.698243652461688e+11 -2.147079221744954e-04 -9.729811054187064e-05  9.800591006632595e-01 -1.905372553582303e-02  3.640599367956552e-01 -4.773677230674079e-01  1.094504072968787e-04  4.674032341041929e-04 
 1.737800828749318e+11 -2.087975524497983e-04 -9.025061661132824e-05  9.800407975969532e-01 -1.949600507226792e-02  3.534016994279549e-01 -4.747686415101085e-01  1.116122155172668e-04  4.759554766706496e-04 
 1.778279410038864e+11 -2.029433773348366e-04 -8.352680402664023e-05  9.800216868027112e-01 -1.994854798241916e-02  3.428640793473961e-01 -4.719483227108887e-01  1.137701845455227e-04  4.846791553901749e-04 
 1.819700858609923e+11 -1.971512627438098e-04 -7.711826423588002e-05  9.800017305606155e-01 -2.041159261412323e-02  3.324560183475056e-01 -4.689136205130845e-01  1.159235794000870e-04  4.935802653015176e-04 
 1.862087136662806e+11 -1.914267597645297e-04 -7.101644650237194e-05  9.799808892999307e-01 -2.088538276320473e-02  3.221859687359129e-01 -4.656718005464384e-01  1.180717849133978e-04  5.026649813165086e-04 
 1.905460717963184e+11 -1.857750933554811e-04 -6.521267944395520e-05  9.799591215126006e-01 -2.137016778703384e-02  3.120618717832324e-01 -4.622304997220588e-01  1.202143111089945e-04  5.119396537261958e-04 
 1.949844599757981e+11 -1.802011532054082e-04 -5.969819319679350e-05  9.799363836631453e-01 -2.186620272009548e-02  3.020911399715005e-01 -4.585976847282286e-01  1.223507980137483e-04  5.214108035798749e-04 
 1.995262314968813e+11 -1.747094867611871e-04 -5.446414197478929e-05  9.799126300947764e-01 -2.237374839159759e-02  2.922806430476851e-01 -4.547816099181601e-01  1.244810199079375e-04  5.310851180034526e-04 
 2.041737944669462e+11 -1.693042944044849e-04 -4.950162680189133e-05  9.798878129315414e-01 -2.289307154515176e-02  2.826366978447410e-01 -4.507907749701084e-01  1.266048890233532e-04  5.409694455216993e-04 
 2.089296130853970e+11 -1.639894267340570e-04 -4.480171820367599e-05  9.798618819762955e-01 -2.342444496055486e-02  2.731650617923914e-01 -4.466338826846368e-01  1.287224587066231e-04  5.510707914462341e-04 
 2.137962089502161e+11 -1.587683838888537e-04 -4.035547865622275e-05  9.798347846042826e-01 -2.396814757769461e-02  2.638709300028790e-01 -4.423197972638935e-01  1.308339260713890e-04  5.613963133876185e-04 
 2.187761623949480e+11 -1.536443168276137e-04 -3.615398460410986e-05  9.798064656521034e-01 -2.452446462259614e-02  2.547589357837426e-01 -4.378575033940921e-01  1.329396341687820e-04  5.719533169458448e-04 
 2.238721138568265e+11 -1.486200304635504e-04 -3.218834787495327e-05  9.797768673018281e-01 -2.509368773561963e-02  2.458331544006054e-01 -4.332560664256737e-01  1.350400737107674e-04  5.827492516288728e-04 
 2.290867652767697e+11 -1.436979885381815e-04 -2.844973633489959e-05  9.797459289600062e-01 -2.567611510181182e-02  2.370971098882137e-01 -4.285245939165354e-01  1.371358843853226e-04  5.937917070438406e-04 
 2.344228815319844e+11 -1.388803201064054e-04 -2.492939364747141e-05  9.797135871313126e-01 -2.627205158340628e-02  2.285537846876515e-01 -4.236721987729042e-01  1.392278558060657e-04  6.050884094002363e-04 
 2.398832919019410e+11 -1.341688274955724e-04 -2.161865801676537e-05  9.796797752865509e-01 -2.688180885445885e-02  2.202056318717949e-01 -4.187079641905859e-01  1.413169281418547e-04  6.166472183587974e-04 
 2.454708915684948e+11 -1.295649955945085e-04 -1.850897981486176e-05  9.796444237247347e-01 -2.750570553759547e-02  2.120545897095774e-01 -4.136409105670321e-01  1.434041924740503e-04  6.284761242542985e-04 
 2.511886431509496e+11 -1.250700023241086e-04 -1.559193801207559e-05  9.796074594289452e-01 -2.814406734284030e-02  2.041020983123365e-01 -4.084799645225304e-01  1.454908909305986e-04  6.405832457148029e-04 
 2.570395782768778e+11 -1.206847301391032e-04 -1.285925534706771e-05  9.795688059156564e-01 -2.879722720848193e-02  1.963491181021885e-01 -4.032339301373458e-01  1.475784166468951e-04  6.529768276944554e-04 
 2.630267991895294e+11 -1.164097784107376e-04 -1.030281219156615e-05  9.795283830772090e-01 -2.946552544392505e-02  1.887961498427305e-01 -3.979114624812901e-01  1.496683136035754e-04  6.656652399315902e-04 
 2.691534803926826e+11 -1.122454765421915e-04 -7.914659081297277e-06  9.794861070170942e-01 -3.014930987446348e-02  1.814432559760517e-01 -3.925210434833535e-01  1.517622763910065e-04  6.786569758388552e-04 
 2.754228703338074e+11 -1.081918976723983e-04 -5.687027900504108e-06  9.794418898777061e-01 -3.084893598789967e-02  1.742900830167004e-01 -3.870709601620290e-01  1.538621499493875e-04  6.919606518272874e-04 
 2.818382931264360e+11 -1.042488728292610e-04 -3.612341721986988e-06  9.793956396602027e-01 -3.156476708292291e-02  1.673358847624987e-01 -3.815692852120483e-01  1.559699293320702e-04  7.055850070618434e-04 
 2.884031503126509e+11 -1.004160053998889e-04 -1.683223317830157e-06  9.793472600361017e-01 -3.229717441914607e-02  1.605795460935237e-01 -3.760238599206044e-01  1.580877595380537e-04  7.195389036418239e-04 
 2.951209226666287e+11 -9.669268579314440e-05  1.074976321957179e-07  9.792966501502290e-01 -3.304653736868748e-02  1.540196071438003e-01 -3.704422793659031e-01  1.602179354576525e-04  7.338313271959705e-04 
 3.019951720401915e+11 -9.307810617828794e-05  1.766778597178085e-06  9.792437044146207e-01 -3.381324356917031e-02  1.476542876448806e-01 -3.648318798331096e-01  1.623629019731575e-04  7.484713878787344e-04 
 3.090295432513486e+11 -8.957127519261421e-05  3.301359470237823e-06  9.791883122929667e-01 -3.459768907799701e-02  1.414815112561479e-01 -3.591997283674674e-01  1.645252542539587e-04  7.634683217513521e-04 
 3.162277660168273e+11 -8.617103252048048e-05  4.717759008506554e-06  9.791303580751681e-01 -3.540027852774096e-02  1.354989297130501e-01 -3.535526143715073e-01  1.667077382831414e-04  7.788314925288892e-04 
 3.235936569296174e+11 -8.287606325586766e-05  6.022272377947954e-06  9.790697206415706e-01 -3.622142528248075e-02  1.297039466412048e-01 -3.478970431427925e-01  1.689132516500574e-04  7.945703936723129e-04 
 3.311311214825800e+11 -7.968491197040054e-05  7.220969738257389e-06  9.790062732164129e-01 -3.706155159488526e-02  1.240937409011470e-01 -3.422392312404181e-01  1.711448446408523e-04  8.106946508029224e-04 
 3.388441561391912e+11 -7.659599641845342e-05  8.319695799508059e-06  9.789398831100229e-01 -3.792108876383875e-02  1.186652893451620e-01 -3.365851035623876e-01  1.734057216564480e-04  8.272140244150638e-04 
 3.467368504525200e+11 -7.360762082044558e-05  9.324070279796728e-06  9.788704114492700e-01 -3.880047729237619e-02  1.134153888839358e-01 -3.309402920118755e-01  1.756992429850755e-04  8.441384128619643e-04 
 3.548133892335635e+11 -7.071798867457941e-05  1.023948919178102e-05  9.787977128957718e-01 -3.970016704567695e-02  1.083406777764812e-01 -3.253101356280529e-01  1.780289269541419e-04  8.614778555887006e-04 
 3.630780547700891e+11 -6.792521505600863e-05  1.107112688558687e-05  9.787216353513307e-01 -4.062061740884393e-02  1.034376560718042e-01 -3.196996820564659e-01  1.803984524840486e-04  8.792425365857514e-04 
 3.715352290971600e+11 -6.522733837066768e-05  1.182393877599306e-05  9.786420196500646e-01 -4.156229744417005e-02  9.870270514495282e-02 -3.141136902346944e-01  1.828116620645484e-04  8.974427880362148e-04 
 3.801893963205483e+11 -6.262233153870115e-05  1.250266468296403e-05  9.785586992366712e-01 -4.252568604756955e-02  9.413210628332873e-02 -3.085566341710289e-01  1.852725651723730e-04  9.160890941295977e-04 
 3.890451449942675e+11 -6.010811258955683e-05  1.311183271639618e-05  9.784714998302524e-01 -4.351127210382343e-02  8.972205829140320e-02 -3.030327076969799e-01  1.877853421471757e-04  9.351920950150442e-04 
 3.981071705534838e+11 -5.768255465733412e-05  1.365576363826797e-05  9.783802390731052e-01 -4.451955464026023e-02  8.546869409319312e-02 -2.975458300784301e-01  1.903543485413326e-04  9.547625908669478e-04 
 4.073802778040989e+11 -5.534349537089382e-05  1.413857563814193e-05  9.782847261638647e-01 -4.555104297846115e-02  8.136809632203264e-02 -2.920996523749690e-01  1.929841199578242e-04  9.748115460360599e-04 
 4.168693834703213e+11 -5.308874563853887e-05  1.456418946107075e-05  9.781847614743644e-01 -4.660625688354578e-02  7.741631189629861e-02 -2.866975644422785e-01  1.956793773892805e-04  9.953500932594101e-04 
 4.265795188015782e+11 -5.091609783177873e-05  1.493633383032533e-05  9.780801361495676e-01 -4.768572671055951e-02  7.360936558784209e-02 -2.813427024782065e-01  1.984450330703130e-04  1.016389537902623e-03 
 4.365158322401511e+11 -4.882333337680877e-05  1.525855111091492e-05  9.779706316898900e-01 -4.878999354744421e-02  6.994327259697428e-02 -2.760379570192640e-01  2.012861968544687e-04  1.037941362208435e-03 
 4.466835921509479e+11 -4.680822976589583e-05  1.553420316354334e-05  9.778560195152293e-01 -4.991960935403486e-02  6.641405015398577e-02 -2.707859813005766e-01  2.042081831265116e-04  1.060017229525484e-03 
 4.570881896148595e+11 -4.486856700388910e-05  1.576647734237667e-05  9.777360605099833e-01 -5.107513709647962e-02  6.301772817240557e-02 -2.655891998987266e-01  2.072165182602684e-04  1.082628988491578e-03 
 4.677351412871823e+11 -4.300213350760623e-05  1.595839259373917e-05  9.776105045483288e-01 -5.225715087643547e-02  5.975035898357036e-02 -2.604498175833325e-01  2.103169486319385e-04  1.105788677145855e-03 
 4.786300923226221e+11 -4.120673147791070e-05  1.611280561655648e-05  9.774790899990097e-01 -5.346623605434133e-02  5.660802618565314e-02 -2.553698283095699e-01  2.135154491985680e-04  1.129508526944233e-03 
 4.897788193684295e+11 -3.948018176593708e-05  1.623241704899380e-05  9.773415432088634e-01 -5.470298936601762e-02  5.358685264313901e-02 -2.503510242900542e-01  2.168182326512976e-04  1.153800966652558e-03 
 5.011872336272552e+11 -3.782032825617144e-05  1.631977764925734e-05  9.771975779642956e-01 -5.596801903178467e-02  5.068300767491188e-02 -2.453950050905515e-01  2.202317591530094e-04  1.178678626091715e-03 
 5.128613839913474e+11 -3.622504178999234e-05  1.637729444191666e-05  9.770468949298999e-01 -5.726194485723241e-02  4.789271347068531e-02 -2.405031866997941e-01  2.237627466701004e-04  1.204154339708710e-03 
 5.248074602497546e+11 -3.469222365386102e-05  1.640723680434196e-05  9.768891810633943e-01 -5.858539832470863e-02  4.521225077653844e-02 -2.356768105292326e-01  2.274181819082819e-04  1.230241149947354e-03 
 5.370317963702343e+11 -3.321980865665268e-05  1.641174247091996e-05  9.767241090060369e-01 -5.993902267452583e-02  4.263796389086753e-02 -2.309169523038210e-01  2.312053318625462e-04  1.256952310391697e-03 
 5.495408738576057e+11 -3.180576782067763e-05  1.639282343560325e-05  9.765513364476645e-01 -6.132347297481253e-02  4.016626501218774e-02 -2.262245308098971e-01  2.351317559917125e-04  1.284301288654678e-03 
 5.623413251903298e+11 -3.044811071078533e-05  1.635237173605443e-05  9.763705054654883e-01 -6.273941617885870e-02  3.779363797998126e-02 -2.216003164708633e-01  2.392053190282827e-04  1.312301768983689e-03 
 5.754399373371372e+11 -2.914488742560366e-05  1.629216510516461e-05  9.761812418357643e-01 -6.418753116872150e-02  3.551664144922917e-02 -2.170449397256975e-01  2.434342044346580e-04  1.340967654553798e-03 
 5.888436553555687e+11 -2.789419027447187e-05  1.621387247805529e-05  9.759831543174492e-01 -6.566850878377090e-02  3.333191153844470e-02 -2.125588991893246e-01  2.478269285170991e-04  1.370313069418253e-03 
 6.025595860743370e+11 -2.669415516300104e-05  1.611905934481475e-05  9.757758339069502e-01 -6.718305183276130e-02  3.123616398997843e-02 -2.081425695775599e-01  2.523923552091297e-04  1.400352360084655e-03 
 6.165950018614609e+11 -2.554296270946564e-05  1.600919294117933e-05  9.755588530630619e-01 -6.873187508791748e-02  2.922619588013995e-02 -2.037962093826984e-01  2.571397115363682e-04  1.431100096683707e-03 
 6.309573444801715e+11 -2.443883911341692e-05  1.588564727115151e-05  9.753317649011960e-01 -7.031570525941845e-02  2.729888691530876e-02 -1.995199682888948e-01  2.620786037750303e-04  1.462571073695901e-03 
 6.456542290346333e+11 -2.338005679702842e-05  1.574970795715731e-05  9.750941023559998e-01 -7.193528094855275e-02  2.545120034872201e-02 -1.953138943192388e-01  2.672190343165304e-04  1.494780310199657e-03 
 6.606934480075732e+11 -2.236493483875865e-05  1.560257691479279e-05  9.748453773114766e-01 -7.359135257770170e-02  2.368018355106144e-02 -1.911779407089302e-01  2.725714192507391e-04  1.527743049602544e-03 
 6.760829753919585e+11 -2.139183921795578e-05  1.544537685050289e-05  9.745850796977245e-01 -7.528468229518454e-02  2.198296826633684e-02 -1.871119725011791e-01  2.781466066804920e-04  1.561474758815031e-03 
 6.918309709189126e+11 -2.045918288805104e-05  1.527915558168261e-05  9.743126765534322e-01 -7.701604385286810e-02  2.035677058290709e-02 -1.831157728644359e-01  2.839558957798820e-04  1.595991126823928e-03 
 7.079457843841134e+11 -1.956542569500147e-05  1.510489017970204e-05  9.740276110532919e-01 -7.878622245430791e-02  1.879889064780810e-02 -1.791890491312996e-01  2.900110566086918e-04  1.631308062620176e-03 
 7.244359600749650e+11 -1.870907415665801e-05  1.492349093724058e-05  9.737293014995146e-01 -8.059601457104185e-02  1.730671215088768e-02 -1.753314385609780e-01  2.963243506950051e-04  1.667441692432963e-03 
 7.413102413008918e+11 -1.788868111776194e-05  1.473580516208251e-05  9.734171402766764e-01 -8.244622772450631e-02  1.587770160359709e-02 -1.715425138285011e-01  3.029085523975812e-04  1.704408356219277e-03 
 7.585775750291575e+11 -1.710284529431644e-05  1.454262080018448e-05  9.730904927691633e-01 -8.433768023088498e-02  1.450940743566596e-02 -1.678217882450269e-01  3.097769710589345e-04  1.742224603354967e-03 
 7.762471166286648e+11 -1.635021072014784e-05  1.434466989138453e-05  9.727486962405378e-01 -8.627120090603284e-02  1.319945893130519e-02 -1.641687207145494e-01  3.169434739592474e-04  1.780907187470117e-03 
 7.943282347242539e+11 -1.562946610756671e-05  1.414263186159105e-05  9.723910586742135e-01 -8.824762872744238e-02  1.194556502504716e-02 -1.605827204331371e-01  3.244225100802059e-04  1.820473060368133e-03 
 8.128305161640709e+11 -1.493934413316646e-05  1.393713665567655e-05  9.720168575748984e-01 -9.026781245003594e-02  1.074551297585055e-02 -1.570631513374993e-01  3.322291346865899e-04  1.860939364964315e-03 
 8.317637711026420e+11 -1.427862065895976e-05  1.372876771561313e-05  9.716253387303577e-01 -9.233261017237634e-02  9.597166936675023e-03 -1.536093363102294e-01  3.403790347319271e-04  1.902323427175890e-03 
 8.511380382023467e+11 -1.364611389825176e-05  1.351806480863258e-05  9.712157149331351e-01 -9.444288884968753e-02  8.498466435369830e-03 -1.502205611495061e-01  3.488885550927202e-04  1.944642746691483e-03 
 8.709635899560502e+11 -1.304068353488726e-05  1.330552671037925e-05  9.707871646620032e-01 -9.659952374987060e-02  7.447424781425119e-03 -1.468960783113653e-01  3.577747256336571e-04  1.987914986543857e-03 
 8.912509381337144e+11 -1.246122980378454e-05  1.309161374815694e-05  9.703388307230307e-01 -9.880339784848374e-02  6.442127411904649e-03 -1.436351104328940e-01  3.670552891037680e-04  2.032157961405392e-03 
 9.120108393558778e+11 -1.190669253998515e-05  1.287675020945673e-05  9.698698188503012e-01 -1.010554011584311e-01  5.480730188715647e-03 -1.404368536448576e-01  3.767487298606891e-04  2.077389624521257e-03 
 9.332543007969584e+11 -1.137605020280398e-05  1.266132662099704e-05  9.693791962664993e-01 -1.033564299898766e-01  4.561457658275539e-03 -1.373004806823630e-01  3.868743034169962e-04  2.123628053190590e-03 
 9.549925860214025e+11 -1.086831888105809e-05  1.244570190351529e-05  9.688659902037463e-01 -1.057073861356581e-01  3.682601283604130e-03 -1.342251438021846e-01  3.974520667989320e-04  2.170891432701112e-03 
 9.772372209557764e+11 -1.038255128478524e-05  1.223020540752784e-05  9.683291863852989e-01 -1.081091759772364e-01  2.842517657904622e-03 -1.312099775153528e-01  4.085029097037588e-04  2.219198038617697e-03 
 9.999999999999648e+11 -9.917835728332399e-06  1.201513883522438e-05  9.677677274689362e-01 -1.105627095059602e-01  2.039626707792936e-03 -1.282541011435352e-01  4.200485864373560e-04  2.268566217320281e-03 
 1.023292992280718e+12 -9.473295109200747e-06  1.180077805359006e-05  9.671805114531420e-01 -1.130688992541771e-01  1.272409893493867e-03 -1.253566212076231e-01  4.321117486085452e-04  2.319014364681327e-03 
 1.047128548050863e+12 -9.048085886573668e-06  1.158737480375592e-05  9.665663900474641e-01 -1.156286591304581e-01  5.394084125384455e-04 -1.225166336567960e-01  4.447159785508750e-04  2.370560902767771e-03 
 1.071519305237569e+12 -8.641397063028387e-06  1.137515831146942e-05  9.659241670087528e-01 -1.182429031529454e-01 -1.607785872295861e-04 -1.197332259461551e-01  4.578858234362428e-04  2.423224254447005e-03 
 1.096478196143146e+12 -8.252449172537719e-06  1.116433680345461e-05  9.652525964453417e-01 -1.209125440745666e-01 -8.294957802034285e-04 -1.170054789708284e-01  4.716468300376750e-04  2.477022815771141e-03 
 1.122018454301924e+12 -7.880493277504544e-06  1.095509893429855e-05  9.645503810916111e-01 -1.236384918936017e-01 -1.468033416606558e-03 -1.143324688642275e-01  4.860255800908210e-04  2.531974926008372e-03 
 1.148153621496842e+12 -7.524809977236669e-06  1.074761512835931e-05  9.638161705558073e-01 -1.264216522428227e-01 -2.077629053190605e-03 -1.117132686679108e-01  5.010497261951623e-04  2.588098835184979e-03 
 1.174897554939488e+12 -7.184708429961824e-06  1.054203884104291e-05  9.630485595444516e-01 -1.292629246501768e-01 -2.659469257626948e-03 -1.091469498802630e-01  5.167480281865652e-04  2.645412668996274e-03 
 1.202264434617370e+12 -6.859525390200745e-06  1.033850774364433e-05  9.622460860671849e-01 -1.321632006637332e-01 -3.214691283665807e-03 -1.066325838909548e-01  5.331503899025451e-04  2.703934390939712e-03 
 1.230268770812338e+12 -6.548624263058050e-06  1.013714483579212e-05  9.614072296264478e-01 -1.351233618333764e-01 -3.744384714581528e-03 -1.041692433078881e-01  5.502878962504198e-04  2.763681761518525e-03 
 1.258925411794123e+12 -6.251394176755394e-06  9.938059489379201e-06  9.605304093969963e-01 -1.381442775415047e-01 -4.249593072829596e-03 -1.017560031830776e-01  5.681928504763466e-04  2.824672294359654e-03 
 1.288249551693088e+12 -5.967249074517194e-06  9.741348427704751e-06  9.596139824009094e-01 -1.412268026747888e-01 -4.731315394212810e-03 -9.939194214365557e-02  5.868988115200198e-04  2.886923209085490e-03 
 1.318256738556360e+12 -5.695626826724741e-06  9.547096643395125e-06  9.586562416844526e-01 -1.443717751288572e-01 -5.190507765193054e-03 -9.707614343393409e-02  6.064406313254847e-04  2.950451380775183e-03 
 1.348962882591605e+12 -5.435988364078332e-06  9.355378258516182e-06  9.576554145039204e-01 -1.475800131376200e-01 -5.628084822294182e-03 -9.480769587419446e-02  6.268544919630608e-04  3.015273285847977e-03 
 1.380384264602835e+12 -5.187816832348059e-06  9.166257330135977e-06  9.566096605284101e-01 -1.508523124188152e-01 -6.044921212821909e-03 -9.258569474162619e-02  6.481779424007068e-04  3.081404944198461e-03 
 1.412537544622704e+12 -4.950616769150587e-06  8.979788604446198e-06  9.555170700683540e-01 -1.541894431272749e-01 -6.441853016382096e-03 -9.040924257858381e-02  6.704499347452647e-04  3.148861857411797e-03 
 1.445439770745875e+12 -4.723913303060552e-06  8.796018222403413e-06  9.543756623395904e-01 -1.575921466073631e-01 -6.819679126909220e-03 -8.827744993308653e-02  6.937108597548281e-04  3.217658942886030e-03 
 1.479108388168154e+12 -4.507251375250105e-06  8.614984379707692e-06  9.531833837737570e-01 -1.610611319360482e-01 -7.179162595126685e-03 -8.618943603624581e-02  7.180025814029955e-04  3.287810463688740e-03 
 1.513561248436154e+12 -4.300194983747275e-06  8.436717943796566e-06  9.519381063868736e-01 -1.645970722481388e-01 -7.521031931549330e-03 -8.414432942107167e-02  7.433684702539155e-04  3.359329953976645e-03 
 1.548816618912426e+12 -4.102326450312538e-06  8.261243030397269e-06  9.506376262191181e-01 -1.682006008353504e-01 -7.845982370309694e-03 -8.214126848688159e-02  7.698534353838423e-04  3.432230139809496e-03 
 1.584893192461056e+12 -3.913245709852097e-06  8.088577542049374e-06  9.492796618600112e-01 -1.718723070110822e-01 -8.154677094243355e-03 -8.017940201331437e-02  7.975039545603459e-04  3.506522855193901e-03 
 1.621810097358872e+12 -3.732569622215127e-06  7.918733670884097e-06  9.478618530745068e-01 -1.756127317330896e-01 -8.447748421808003e-03 -7.825788962773647e-02  8.263681023644059e-04  3.582218953198917e-03 
 1.659586907437501e+12 -3.559931306159724e-06  7.751718367825150e-06  9.463817595468174e-01 -1.794223629766373e-01 -8.725798956535569e-03 -7.637590222962007e-02  8.564955759133611e-04  3.659328211993276e-03 
 1.698243652461683e+12 -3.394979495217861e-06  7.587533780259637e-06  9.448368597602192e-01 -1.833016308512345e-01 -8.989402699829443e-03 -7.453262237527039e-02  8.879377178141548e-04  3.737859235664622e-03 
 1.737800828749313e+12 -3.237377915142461e-06  7.426177660115699e-06  9.432245500325389e-01 -1.872509024546859e-01 -9.239106128019888e-03 -7.272724462608315e-02  9.207475359465410e-04  3.817819349693959e-03 
 1.778279410038859e+12 -3.086804682579092e-06  7.267643744176750e-06  9.415421437285497e-01 -1.912704764589722e-01 -9.475429234681329e-03 -7.095897586332386e-02  9.549797196450539e-04  3.899214490974285e-03 
 1.819700858609918e+12 -2.942951724570395e-06  7.111922108359903e-06  9.397868706720703e-01 -1.953605774233956e-01 -9.698866539296760e-03 -6.922703557223535e-02  9.906906518166276e-04  3.982049092281136e-03 
 1.862087136662800e+12 -2.805524218472105e-06  6.958999497588561e-06  9.379558767821752e-01 -1.995213498315187e-01 -9.909888063427047e-03 -6.753065609810138e-02  1.027938416498026e-03  4.066325961124896e-03 
 1.905460717963178e+12 -2.674240051835510e-06  6.808859632796117e-06  9.360462239595673e-01 -2.037528518496980e-01 -1.010894027560809e-02 -6.586908287671918e-02  1.066782801323843e-03  4.152046152940655e-03 
 1.949844599757975e+12 -2.548829301791407e-06  6.661483496509142e-06  9.340548902508271e-01 -2.080550488064840e-01 -1.029644700625643e-02 -6.424157464156383e-02  1.107285294342002e-03  4.239208838601126e-03 
 1.995262314968807e+12 -2.429033733454869e-06  6.516849598373998e-06  9.319787703199275e-01 -2.124278063938412e-01 -1.047281033391520e-02 -6.264740360976101e-02  1.149509074579732e-03  4.327811166272423e-03 
 2.041737944669455e+12 -2.314606316858093e-06  6.374934221910820e-06  9.298146762580609e-01 -2.168708835930568e-01 -1.063841144421732e-02 -6.108585564882236e-02  1.193518995729218e-03  4.417848117671281e-03 
 2.089296130853963e+12 -2.205310761909560e-06  6.235711653702660e-06  9.275593387644654e-01 -2.213839253303606e-01 -1.079361146298175e-02 -5.955623042593725e-02  1.239381562288913e-03  4.509312358826123e-03 
 2.137962089502154e+12 -2.100921070871728e-06  6.099154396155324e-06  9.252094087325133e-01 -2.259664548697004e-01 -1.093875226489247e-02 -5.805784154145739e-02  1.287164897464356e-03  4.602194085493536e-03 
 2.187761623949473e+12 -2.001221107846003e-06  5.965233364895163e-06  9.227614592768395e-01 -2.306178659528091e-01 -1.107415725923777e-02 -5.659001664805612e-02  1.336938702101652e-03  4.696480863436397e-03 
 2.238721138568258e+12 -1.906004184752419e-06  5.833918071807039e-06  9.202119882386852e-01 -2.353374146996828e-01 -1.120013215420982e-02 -5.515209755688909e-02  1.388774203898280e-03  4.792157463830529e-03 
 2.290867652767689e+12 -1.815072663292266e-06  5.705176794653422e-06  9.175574212079064e-01 -2.401242112858751e-01 -1.131696570128197e-02 -5.374344033193110e-02  1.442744096110108e-03  4.889205694133462e-03 
 2.344228815319836e+12 -1.728237572384460e-06  5.578976734157441e-06  9.147941151011878e-01 -2.449772114166063e-01 -1.142493042119246e-02 -5.236341537351141e-02  1.498922464951240e-03  4.987604224821948e-03 
 2.398832919019403e+12 -1.645318240570492e-06  5.455284159377768e-06  9.119183623368892e-01 -2.498952076216028e-01 -1.152428331306856e-02 -5.101140749191754e-02  1.557384704865323e-03  5.087328412484395e-03 
 2.454708915684940e+12 -1.566141942888291e-06  5.334064542151289e-06  9.089263956475809e-01 -2.548768203988168e-01 -1.161526654822466e-02 -4.968681597178588e-02  1.618207420834153e-03  5.188350119840483e-03 
 2.511886431509488e+12 -1.490543561722008e-06  5.215282681330469e-06  9.058143935716545e-01 -2.599204892397409e-01 -1.169810815016004e-02 -4.838905462784572e-02  1.681468316882775e-03  5.290637533352887e-03 
 2.570395782768769e+12 -1.418365261142347e-06  5.098902817495943e-06  9.025784866653643e-01 -2.650244635739051e-01 -1.177302266226740e-02 -4.711755185242923e-02  1.747246069940725e-03  5.394154979195126e-03 
 2.630267991895285e+12 -1.349456174260724e-06  4.984888738781172e-06  8.992147644762323e-01 -2.701867936753362e-01 -1.184021180474015e-02 -4.587175065500826e-02  1.815620188227924e-03  5.498862738445034e-03 
 2.691534803926816e+12 -1.283672103129850e-06  4.873203878404707e-06  8.957192833178381e-01 -2.754053215792355e-01 -1.189986512213565e-02 -4.465110869386370e-02  1.886670853351897e-03  5.604716862484532e-03 
 2.754228703338064e+12 -1.220875230733355e-06  4.763811404466614e-06  8.920880748846113e-01 -2.806776720628775e-01 -1.195216062301036e-02 -4.345509829984091e-02  1.960478745331930e-03  5.711668989703338e-03 
 2.818382931264349e+12 -1.160933844617655e-06  4.656674302529021e-06  8.883171557432120e-01 -2.860012437507186e-01 -1.199726541299217e-02 -4.228320649198849e-02  2.037124849806622e-03  5.819666164725643e-03 
 2.884031503126499e+12 -1.103722071730281e-06  4.551755451466025e-06  8.844025377344442e-01 -2.913732004098779e-01 -1.203533632259331e-02 -4.113493498472642e-02  2.116690246735348e-03  5.928650661504444e-03 
 2.951209226666276e+12 -1.049119624040358e-06  4.449017693035648e-06  8.803402393162553e-01 -2.967904625084789e-01 -1.206652053099326e-02 -4.000980018603533e-02  2.199255879972782e-03  6.038559811756613e-03 
 3.019951720401904e+12 -9.970115545287018e-07  4.348423895595830e-06  8.761262978742288e-01 -3.022496991157399e-01 -1.209095618693426e-02 -3.890733318600950e-02  2.284902307180040e-03  6.149325840341936e-03 
 3.090295432513476e+12 -9.472880231469746e-07  4.249937012357583e-06  8.717567830209774e-01 -3.077473202291168e-01 -1.210877302777207e-02 -3.782707973496729e-02  2.373709429637515e-03  6.260875709319581e-03 
 3.162277660168262e+12 -8.998440723576748e-07  4.153520134541146e-06  8.672278108999575e-01 -3.132794696201310e-01 -1.212009299760924e-02 -3.676860021017034e-02  2.465756201644138e-03  6.373130972544226e-03 
 3.235936569296162e+12 -8.545794118790992e-07  4.059136539775633e-06  8.625355595023850e-01 -3.188420182966742e-01 -1.212503086530868e-02 -3.573146957006390e-02  2.561120319326799e-03  6.486007642789083e-03 
 3.311311214825788e+12 -8.113982122719812e-07  3.966749736058487e-06  8.576762849981040e-01 -3.244305586854478e-01 -1.212369484303888e-02 -3.471527729482058e-02  2.659877888842681e-03  6.599416073502312e-03 
 3.388441561391899e+12 -7.702089070171503e-07  3.876323501568753e-06  8.526463390724087e-01 -3.300403996436458e-01 -1.211618720584049e-02 -3.371962731184733e-02  2.762103074137263e-03  6.713260857414137e-03 
 3.467368504525187e+12 -7.309240027462450e-07  3.787821920606996e-06  8.474421872509162e-01 -3.356665624138948e-01 -1.210260491252473e-02 -3.274413790480524e-02  2.867867724621758e-03  6.827440744311490e-03 
 3.548133892335622e+12 -6.934598973002462e-07  3.701209415915111e-06  8.420604281836486e-01 -3.413037776406552e-01 -1.208304022801920e-02 -3.178844160459455e-02  2.977240983356325e-03  6.941848580382362e-03 
 3.630780547700878e+12 -6.577367053032985e-07  3.616450777610865e-06  8.364978138474828e-01 -3.469464835696314e-01 -1.205758134706466e-02 -3.085218506067494e-02  3.090288876568888e-03  7.056371271599754e-03 
 3.715352290971586e+12 -6.236780909519960e-07  3.533511188954913e-06  8.307512706131572e-01 -3.525888255540301e-01 -1.202631301893909e-02 -2.993502889102932e-02  3.207073885603370e-03  7.170889773661916e-03 
 3.801893963205470e+12 -5.912111077329381e-07  3.452356249152249e-06  8.248179211090678e-01 -3.582246569926017e-01 -1.198931717264297e-02 -2.903664750903662e-02  3.327654502674314e-03  7.285279111027602e-03 
 3.890451449942660e+12 -5.602660447938921e-07  3.372951993375317e-06  8.186951067993014e-01 -3.638475418240925e-01 -1.194667354172394e-02 -2.815672892550150e-02  3.452084772105623e-03  7.399408427579009e-03 
 3.981071705534823e+12 -5.307762797063489e-07  3.295264910182545e-06  8.123804111778001e-01 -3.694507587008543e-01 -1.189846028765188e-02 -2.729497452409797e-02  3.580413819047073e-03  7.513141071406692e-03 
 4.073802778040975e+12 -5.026781373695339e-07  3.219261956493724e-06  8.058716834643949e-01 -3.750273069607236e-01 -1.184475462037844e-02 -2.645109880852232e-02  3.712685367990602e-03  7.626334716137006e-03 
 4.168693834703198e+12 -4.759107548180326e-07  3.144910570272302e-06  7.991670626718560e-01 -3.805699145107145e-01 -1.178563341443219e-02 -2.562482911972182e-02  3.848937253745418e-03  7.738841521109367e-03 
 4.265795188015767e+12 -4.504159517070823e-07  3.072178681054564e-06  7.922650018963064e-01 -3.860710477284189e-01 -1.172117381861419e-02 -2.481590532167086e-02  3.989200927872530e-03  7.850508332555286e-03 
 4.365158322401496e+12 -4.261381062612143e-07  3.001034718456437e-06  7.851642926665546e-01 -3.915229234771266e-01 -1.165145385707339e-02 -2.402407945430940e-02  4.133500963920408e-03  7.961176927730174e-03 
 4.466835921509463e+12 -4.030240364832405e-07  2.931447618780547e-06  7.778640891714125e-01 -3.969175233184516e-01 -1.157655301926111e-02 -2.324911535243900e-02  4.281854565138462e-03  8.070684303700622e-03 
 4.570881896148578e+12 -3.810228864315873e-07  2.863386829838992e-06  7.703639321682013e-01 -4.022466099916043e-01 -1.149655283599395e-02 -2.249078822959356e-02  4.434271078667695e-03  8.178863012192127e-03 
 4.677351412871806e+12 -3.600860173845507e-07  2.796822314101110e-06  7.626637723607003e-01 -4.075017462113204e-01 -1.141153743860015e-02 -2.174888422616342e-02  4.590751520511253e-03  8.285541541554184e-03 
 4.786300923226203e+12 -3.401669037201995e-07  2.731724550270152e-06  7.547639930211832e-01 -4.126743158168637e-01 -1.132159409789157e-02 -2.102319992135368e-02  4.751288115864448e-03  8.390544746501513e-03 
 4.897788193684277e+12 -3.212210333503042e-07  2.668064533388468e-06  7.466654316192507e-01 -4.177555472825003e-01 -1.122681373949822e-02 -2.031354180890016e-02  4.915863859626272e-03  8.493694325842736e-03 
 5.011872336272534e+12 -3.032058125557593e-07  2.605813773567060e-06  7.383694002103143e-01 -4.227365395755057e-01 -1.112729143193066e-02 -1.961972573684583e-02  5.084452102114606e-03  8.594809347913257e-03 
 5.128613839913455e+12 -2.860804750794727e-07  2.544944293432669e-06  7.298777043292268e-01 -4.276082903212933e-01 -1.102312684360463e-02 -1.894157631209623e-02  5.257016165157021e-03  8.693706822891150e-03 
 5.248074602497527e+12 -2.698059953405195e-07  2.485428624383297e-06  7.211926601300447e-01 -4.323617262068603e-01 -1.091442466497727e-02 -1.827892627091818e-02  5.433508993820508e-03  8.790202320597948e-03 
 5.370317963702324e+12 -2.543450056405077e-07  2.427239801741667e-06  7.123171095116720e-01 -4.369877355237659e-01 -1.080129499191206e-02 -1.763161581701957e-02  5.613872849068858e-03  8.884110631776897e-03 
 5.495408738576037e+12 -2.396617172394726e-07  2.370351358895102e-06  7.032544329714580e-01 -4.414772027206291e-01 -1.068385366641566e-02 -1.699949192934035e-02  5.798039046588863e-03  8.975246470206748e-03 
 5.623413251903277e+12 -2.257218451842276e-07  2.314737320509873e-06  6.940085599350737e-01 -4.458210448031340e-01 -1.056222257097793e-02 -1.638240764219198e-02  5.985927746899855e-03  9.063425212358828e-03 
 5.754399373371351e+12 -2.124925367768697e-07  2.260372194907939e-06  6.845839763213621e-01 -4.500102493872259e-01 -1.043652987290248e-02 -1.578022130089313e-02  6.177447801649956e-03  9.148463670648756e-03 
 5.888436553555666e+12 -1.999423035750877e-07  2.207230965694169e-06  6.749857291155794e-01 -4.540359141791749e-01 -1.030691021524001e-02 -1.519279579655798e-02  6.372496660703592e-03  9.230180895683676e-03 
 6.025595860743349e+12 -1.880409568190094e-07  2.155289082722478e-06  6.652194277435831e-01 -4.578892876250439e-01 -1.017350485123389e-02 -1.461999778418611e-02  6.570960344235628e-03  9.308399002273158e-03 
 6.165950018614587e+12 -1.767595461815799e-07  2.104522452489685e-06  6.552912420631291e-01 -4.615618104425055e-01 -1.003646171955567e-02 -1.406169688867346e-02  6.772713483568040e-03  9.382944013370562e-03 
 6.309573444801692e+12 -1.660703017408891e-07  2.054907428046272e-06  6.452078968163900e-01 -4.650451577205540e-01 -9.895935458047360e-03 -1.351776490379813e-02  6.977619433916849e-03  9.453646715554867e-03 
 6.456542290346310e+12 -1.559465790734950e-07  2.006420798513323e-06  6.349766624199451e-01 -4.683312812481437e-01 -9.752087354193202e-03 -1.298807498962367e-02  7.185530461564021e-03  9.520343519164830e-03 
 6.606934480075709e+12 -1.463628073676808e-07  1.959039778294886e-06  6.246053420044920e-01 -4.714124517118193e-01 -9.605085231112439e-03 -1.247250087409502e-02  7.396288007237685e-03  9.582877315771298e-03 
 6.760829753919561e+12 -1.372944404547940e-07  1.912741996074465e-06  6.141022546559832e-01 -4.742813003856056e-01 -9.455103268488535e-03 -1.197091606486778e-02  7.609723026681884e-03  9.641098325332166e-03 
 6.918309709189102e+12 -1.287179106554193e-07  1.867505483683374e-06  6.034762148522784e-01 -4.769308599244170e-01 -9.302321758522051e-03 -1.148319307760140e-02  7.825656408536236e-03  9.694864925130367e-03 
 7.079457843841109e+12 -1.206105853352480e-07  1.823308664927190e-06  5.927365081340801e-01 -4.793546038654880e-01 -9.146926797702898e-03 -1.100920268705149e-02  8.043899468737533e-03  9.744044452458139e-03 
 7.244359600749624e+12 -1.129507260632078e-07  1.780130344454332e-06  5.818928630951866e-01 -4.815464844413031e-01 -8.989109915932094e-03 -1.054881320731098e-02  8.264254519715443e-03  9.788513972989759e-03 
 7.413102413008892e+12 -1.057174502618500e-07  1.737949696747965e-06  5.709554198241258e-01 -4.835009683124802e-01 -8.829067645270031e-03 -1.010188980746720e-02  8.486515511698696e-03  9.828161006886318e-03 
 7.585775750291547e+12 -9.889069523726757e-08  1.696746255318809e-06  5.599346949761721e-01 -4.852130698402615e-01 -8.667001031334153e-03 -9.668293868760398e-03  8.710468742494239e-03  9.862884204903484e-03 
 7.762471166286619e+12 -9.245118447307994e-08  1.656499902172149e-06  5.488415437007020e-01 -4.866783815357306e-01 -8.503115091098915e-03 -9.247882389047078e-03  8.935893631168175e-03  9.892593967128204e-03 
 7.943282347242510e+12 -8.638039607040356e-08  1.617190857617198e-06  5.376871186928545e-01 -4.878931013465211e-01 -8.337618221550531e-03 -8.840507439990822e-03  9.162563550162780e-03  9.917212997450827e-03 
 8.128305161640680e+12 -8.066053321336033e-08  1.578799670481238e-06  5.264828266796530e-01 -4.888540564713698e-01 -8.170721564303160e-03 -8.446015681927051e-03  9.390246709547044e-03  9.936676787480314e-03 
 8.317637711026390e+12 -7.527449653769697e-08  1.541307208784449e-06  5.152402826882010e-01 -4.895587234280088e-01 -8.002638331878106e-03 -8.064247940783458e-03  9.618707086336987e-03  9.950934024324360e-03 
 8.511380382023437e+12 -7.020585827861463e-08  1.504694650924295e-06  5.039712624764751e-01 -4.900052441400551e-01 -7.833583101869613e-03 -7.695038850792573e-03  9.847705391153082e-03  9.959946917472377e-03 
 8.709635899560471e+12 -6.543883807304516e-08  1.468943477410738e-06  4.926876535348687e-01 -4.901924378530827e-01 -7.663771085658634e-03 -7.338216566017837e-03  1.007700006392092e-02  9.963691440924143e-03 
 8.912509381337111e+12 -6.095828029146265e-08  1.434035463185557e-06  4.814014050883503e-01 -4.901198087381584e-01 -7.493417378678822e-03 -6.993602542942461e-03  1.030634828987979e-02  9.962157487684276e-03 
 9.120108393558746e+12 -5.674963277494847e-08  1.399952670550751e-06  4.701244775443942e-01 -4.897875490919273e-01 -7.322736199479441e-03 -6.661011395554869e-03  1.053550702685335e-02  9.955348934775043e-03 
 9.332543007969551e+12 -5.279892685470153e-08  1.366677442722554e-06  4.588687918403647e-01 -4.891965380948661e-01 -7.151940124961794e-03 -6.340250823521492e-03  1.076423403456299e-02  9.943283617987594e-03 
 9.549925860213990e+12 -4.909275853352912e-08  1.334192398019079e-06  4.476461791455845e-01 -4.883483361426075e-01 -6.981239329186204e-03 -6.031121613182753e-03  1.099228889673347e-02  9.925993216674393e-03 
 9.772372209557729e+12 -4.561827071207709e-08  1.302480424681262e-06  4.364683313678546e-01 -4.872451748182244e-01 -6.810840833054580e-03 -5.733417710257802e-03  1.121943402685100e-02  9.903523049962481e-03 
 9.999999999999613e+12 -4.236313634665221e-08  1.271524676318607e-06  4.253467529018577e-01 -4.858899426250535e-01 -6.640947771971893e-03 -5.446926362314569e-03  1.144543564868483e-02  9.875931786817472e-03 
 1.023292992280714e+13 -3.931554243041064e-08  1.241308567963525e-06  4.142927140379348e-01 -4.842861666490412e-01 -6.471758688282078e-03 -5.171428328268923e-03  1.167006474306833e-02  9.843291073392189e-03 
 1.047128548050859e+13 -3.646417469538344e-08  1.211815772710774e-06  4.033172064246455e-01 -4.824379903658007e-01 -6.303466854868109e-03 -4.906698151435809e-03  1.189309795294504e-02  9.805685082032735e-03 
 1.071519305237565e+13 -3.379820293920047e-08  1.183030218911935e-06  3.924309009478524e-01 -4.803501478497461e-01 -6.136259635810643e-03 -4.652504491978605e-03  1.211431843930860e-02  9.763209987171916e-03 
 1.096478196143142e+13 -3.130726688736596e-08  1.154936087888921e-06  3.816441083535199e-01 -4.780279346801007e-01 -5.970317889426147e-03 -4.408610514002639e-03  1.233351668138772e-02  9.715973374100533e-03 
 1.122018454301920e+13 -2.898146250942527e-08  1.127517812125428e-06  3.709667429017766e-01 -4.754771758706709e-01 -5.805815418366617e-03 -4.174774322024110e-03  1.255049121523296e-02  9.664093587259283e-03 
 1.148153621496838e+13 -2.681132871522214e-08  1.100760073891001e-06  3.604082892969040e-01 -4.727041911765869e-01 -5.642918470772131e-03 -3.950749441123737e-03  1.276504930573351e-02  9.607699025228575e-03 
 1.174897554939484e+13 -2.478783436555879e-08  1.074647804249037e-06  3.499777730927108e-01 -4.697157581514181e-01 -5.481785295739837e-03 -3.736285334770466e-03  1.297700754801101e-02  9.546927390004283e-03 
 1.202264434617366e+13 -2.290236553980491e-08  1.049166182397609e-06  3.396837347261297e-01 -4.665190733420403e-01 -5.322565755622426e-03 -3.531127954076532e-03  1.318619239508433e-02  9.481924898431247e-03 
 1.230268770812334e+13 -2.114671301123571e-08  1.024300635290525e-06  3.295342072847795e-01 -4.631217120163392e-01 -5.165400996911415e-03 -3.335020312121764e-03  1.339244060965676e-02  9.412845463822955e-03 
 1.258925411794118e+13 -1.951305988898591e-08  1.000036837485386e-06  3.195366980675249e-01 -4.595315868204225e-01 -5.010423180708929e-03 -3.147703076959594e-03  1.359559963882600e-02  9.339849855828220e-03 
 1.288249551693084e+13 -1.799396939337440e-08  9.763607111656692e-07  3.096981739515952e-01 -4.557569057577422e-01 -4.857755273060147e-03 -2.968915176985781e-03  1.379552791144126e-02  9.263104846518657e-03 
 1.318256738556356e+13 -1.658237273887906e-08  9.532584262849139e-07  3.000250505363434e-01 -4.518061298727785e-01 -4.707510894719003e-03 -2.798394412507454e-03  1.399209505871558e-02  9.182782350472880e-03 
 1.348962882591601e+13 -1.527155710612806e-08  9.307164007828528e-07  2.905231849929074e-01 -4.476879310071814e-01 -4.559794229262890e-03 -2.635878067586743e-03  1.418518205953083e-02  9.099058566333345e-03 
 1.380384264602831e+13 -1.405515369084786e-08  9.087213008257769e-07  2.811978725114517e-01 -4.434111499770658e-01 -4.414699987867443e-03 -2.481103516541330e-03  1.437468131263647e-02  9.012113126921630e-03 
 1.412537544622699e+13 -1.292712582370291e-08  8.872600410263950e-07  2.720538462037852e-01 -4.389847554971280e-01 -4.272313428507035e-03 -2.333808819853773e-03  1.456049663863197e-02  8.922128264529990e-03 
 1.445439770745871e+13 -1.188175716033331e-08  8.663197846019305e-07  2.630952802893209e-01 -4.344178041510365e-01 -4.132710426866238e-03 -2.193733304661863e-03  1.474254321522862e-02  8.829287997474396e-03 
 1.479108388168149e+13 -1.091363994561036e-08  8.458879434330198e-07  2.543257963668043e-01 -4.297194016788500e-01 -3.995957595836297e-03 -2.060618125462903e-03  1.492074744980572e-02  8.733777343410902e-03 
 1.513561248436149e+13 -1.001766336017037e-08  8.259521779900885e-07  2.457484725531190e-01 -4.248986658216697e-01 -3.862112450130050e-03 -1.934206801154597e-03  1.509504679370509e-02  8.635781564296598e-03 
 1.548816618912421e+13 -9.189001960653792e-09  8.065003970981812e-07  2.373658552538258e-01 -4.199646909320363e-01 -3.731223612279984e-03 -1.814245725043923e-03  1.526538950304629e-02  8.535485447232295e-03 
 1.584893192461051e+13 -8.423104227778062e-09  7.875207575155874e-07  2.291799733178044e-01 -4.149265145263343e-01 -3.603331056085538e-03 -1.700484644972621e-03  1.543173435109472e-02  8.433072624768657e-03 
 1.621810097358866e+13 -7.715681238434632e-09  7.690016633060185e-07  2.211923543203393e-01 -4.097930859232684e-01 -3.478466383445285e-03 -1.592677111224539e-03  1.559405029737769e-02  8.328724937603373e-03 
 1.659586907437495e+13 -7.062695479454568e-09  7.509317649883914e-07  2.134040427149579e-01 -4.045732370808457e-01 -3.356653130443522e-03 -1.490580890387422e-03  1.575231611882572e-02  8.222621841954112e-03 
 1.698243652461678e+13 -6.460349821575754e-09  7.332999584524840e-07  2.058156195940412e-01 -3.992756557137242e-01 -3.237907098554630e-03 -1.393958343832490e-03  1.590652000822204e-02  8.114939863270672e-03 
 1.737800828749307e+13 -5.905076672515373e-09  7.160953836327088e-07  1.984272238013365e-01 -3.939088607436445e-01 -3.122236706877076e-03 -1.302576769942536e-03  1.605665914518018e-02  8.005852097357652e-03 
 1.778279410038853e+13 -5.393527327957323e-09  6.993074229360125e-07  1.912385741456482e-01 -3.884811801083143e-01 -3.009643361406026e-03 -1.216208709658211e-03  1.620273924474452e-02  7.895527759423128e-03 
 1.819700858609912e+13 -4.922561538761557e-09  6.829256994233826e-07  1.842489924737904e-01 -3.830007309288090e-01 -2.900121837493583e-03 -1.134632215318261e-03  1.634477408852980e-02  7.784131781054617e-03 
 1.862087136662794e+13 -4.489237311847906e-09  6.669400747476150e-07  1.774574273719446e-01 -3.774754020124950e-01 -2.793660671821626e-03 -1.057631083139474e-03  1.648278504309082e-02  7.671824454655096e-03 
 1.905460717963172e+13 -4.090800961058455e-09  6.513406468528262e-07  1.708624782774910e-01 -3.719128386478044e-01 -2.690242560418403e-03 -9.849950500139960e-04  1.661680056995083e-02  7.558761124451635e-03 
 1.949844599757969e+13 -3.724677422916003e-09  6.361177474437096e-07  1.644624197977816e-01 -3.663204296289773e-01 -2.589844759479658e-03 -9.165199555940919e-04  1.674685573142460e-02  7.445091922819075e-03 
 1.995262314968801e+13 -3.388460850625248e-09  6.212619392346757e-07  1.582552260478275e-01 -3.607052964331420e-01 -2.492439486002665e-03 -8.520078708872008e-04  1.687299169605709e-02  7.330961550341296e-03 
 2.041737944669449e+13 -3.079905497958468e-09  6.067640129908569e-07  1.522385948351258e-01 -3.550742844588235e-01 -2.397994315501062e-03 -7.912671947974624e-04  1.699525524716825e-02  7.216509097762647e-03 
 2.089296130853957e+13 -2.796916902875519e-09  5.926149843744224e-07  1.464099715365461e-01 -3.494339562240612e-01 -2.306472574335057e-03 -7.341127202251118e-04  1.711369829765541e-02  7.101867907760552e-03 
 2.137962089502148e+13 -2.537543378891153e-09  5.788060906108444e-07  1.407665725290218e-01 -3.437905864137050e-01 -2.217833724460448e-03 -6.803656714736900e-04  1.722837741386262e-02  6.987165474295159e-03 
 2.187761623949466e+13 -2.299967820358261e-09  5.653287869906120e-07  1.353054080525097e-01 -3.381501586589842e-01 -2.132033738666937e-03 -6.298537148190792e-04  1.733935335098681e-02  6.872523377160481e-03 
 2.238721138568251e+13 -2.082499826016955e-09  5.521747432224995e-07  1.300233044000444e-01 -3.325183639279809e-01 -2.049025464637894e-03 -5.824109441663625e-04  1.744669060215779e-02  6.758057249270653e-03 
 2.290867652767682e+13 -1.883568143394007e-09  5.393358396548291e-07  1.249169253455579e-01 -3.269006004030035e-01 -1.968758976416721e-03 -5.378778437631025e-04  1.755045696300757e-02  6.643876774161471e-03 
 2.344228815319829e+13 -1.701713434948369e-09  5.268041633812828e-07  1.199827927352756e-01 -3.213019747198810e-01 -1.891181912107123e-03 -4.961012299536644e-04  1.765072311323644e-02  6.530085711167487e-03 
 2.398832919019395e+13 -1.535581365265045e-09  5.145720042477361e-07  1.152173061828302e-01 -3.157273044446928e-01 -1.816239796863474e-03 -4.569341739515927e-04  1.774756221639224e-02  6.416781945745031e-03 
 2.454708915684933e+13 -1.383916007115875e-09  5.026318507762972e-07  1.106167618216500e-01 -3.101811216652383e-01 -1.743876350441943e-03 -4.202359075787511e-04  1.784104953880653e-02  6.304057562447853e-03 
 2.511886431509480e+13 -1.245553562842368e-09  4.909763860223316e-07  1.061773700806130e-01 -3.046676775774514e-01 -1.674033778781621e-03 -3.858717138737814e-04  1.793126208837891e-02  6.191998938121058e-03 
 2.570395782768761e+13 -1.119416396279543e-09  4.795984833796864e-07  1.018952724603660e-01 -2.991909479507995e-01 -1.606653049267243e-03 -3.537128044112780e-04  1.801827827366854e-02  6.080686852956916e-03 
 2.630267991895277e+13 -1.004507369334578e-09  4.684912023486720e-07  9.776655729806838e-02 -2.937546393613193e-01 -1.541674149490533e-03 -3.236361850994956e-04  1.810217758354177e-02  5.970196617149839e-03 
 2.691534803926808e+13 -8.999044763611360e-10  4.576477842806181e-07  9.378727451763565e-02 -2.883621960861660e-01 -1.479036329475956e-03 -2.955245121409662e-04  1.818304028743526e-02  5.860598210994040e-03 
 2.754228703338056e+13 -8.047557686280207e-10  4.470616481120091e-07  8.995344937083258e-02 -2.830168075592536e-01 -1.418678327468795e-03 -2.692659397493338e-04  1.826094715612586e-02  5.751956436383167e-03 
 2.818382931264341e+13 -7.182745604662192e-10  4.367263861003512e-07  8.626109518183714e-02 -2.777214162936078e-01 -1.360538579499482e-03 -2.447539611191630e-04  1.833597920275076e-02  5.644331077794068e-03 
 2.884031503126490e+13 -6.397349080864392e-10  4.266357595730371e-07  8.270622511420017e-02 -2.724787261823201e-01 -1.304555413038679e-03 -2.218872440453088e-04  1.840821744369346e-02  5.537777070964197e-03 
 2.951209226666267e+13 -5.684673515837759e-10  4.167836946995772e-07  7.928486298450702e-02 -2.672912110963803e-01 -1.250667225143379e-03 -2.005694624863321e-04  1.847774267884147e-02  5.432344677601945e-03 
 3.019951720401895e+13 -5.038549102800827e-10  4.071642782966618e-07  7.599305315156722e-02 -2.621611237040813e-01 -1.198812645566290e-03 -1.807091252638902e-04  1.854463529063008e-02  5.328079664599660e-03 
 3.090295432513466e+13 -4.453293212900604e-10  3.977717536746259e-07  7.282686951366941e-02 -2.570905044430570e-01 -1.148930685359819e-03 -1.622194029882690e-04  1.860897506121104e-02  5.225023486348389e-03 
 3.162277660168252e+13 -3.923675110258811e-10  3.886005165330127e-07  6.978242364940815e-02 -2.520811905822608e-01 -1.100960871553153e-03 -1.450179542003563e-04  1.867084100702448e-02  5.123213468880416e-03 
 3.235936569296153e+13 -3.444882892687302e-10  3.796451109120835e-07  6.685587213987935e-02 -2.471348253172687e-01 -1.054843368517221e-03 -1.290267516232670e-04  1.873031123000618e-02  5.022682994689105e-03 
 3.311311214825778e+13 -3.012492554255161e-10  3.709002252062997e-07  6.404342311171445e-02 -2.422528668481471e-01 -1.010519086658780e-03 -1.141719093232390e-04  1.878746278462804e-02  4.923461687194514e-03 
 3.388441561391889e+13 -2.622439066467165e-10  3.623606882450271e-07  6.134134204154486e-02 -2.374365973947212e-01 -9.679297791024508e-04 -1.003835114899278e-04  1.884237155994687e-02  4.825575593937076e-03 
 3.467368504525177e+13 -2.270989375987025e-10  3.540214654449676e-07  5.874595686311977e-02 -2.326871321094070e-01 -9.270181270293055e-04 -8.759544346124433e-05  1.889511217582387e-02  4.729047367689763e-03 
 3.548133892335612e+13 -1.954717218530139e-10  3.458776550381303e-07  5.625366241849600e-02 -2.280054278527763e-01 -8.877278143433985e-04 -7.574522553773934e-05  1.894575789247310e-02  4.633896444780963e-03 
 3.630780547700867e+13 -1.670479650685279e-10  3.379244843785004e-07  5.386092429454303e-02 -2.233922918017341e-01 -8.500035923344871e-04 -6.477385005643648e-05  1.899438053250091e-02  4.540139220015997e-03 
 3.715352290971576e+13 -1.415395203931930e-10  3.301573063299574e-07  5.156428208550094e-02 -2.188483898645627e-01 -8.137913349967784e-04 -5.462562212406577e-05  1.904105041460835e-02  4.447789217674091e-03 
 3.801893963205459e+13 -1.186823567935286e-10  3.225715957374387e-07  4.936035212155317e-02 -2.143742548811448e-01 -7.790380856507836e-04 -4.524800434487960e-05  1.908583629814475e-02  4.356857258140097e-03 
 3.890451449942649e+13 -9.823467132637712e-11  3.151629459828271e-07  4.724582970236761e-02 -2.099702945904160e-01 -7.456920954989324e-04 -3.659146581860784e-05  1.912880533772057e-02  4.267351619806182e-03 
 3.981071705534812e+13 -7.997513669297927e-11  3.079270656265717e-07  4.521749087336251e-02 -2.056367993505135e-01 -7.137028547261068e-04 -2.860933562952340e-05  1.917002304711265e-02  4.179278195948197e-03 
 4.073802778040962e+13 -6.370127575536905e-11  3.008597751356318e-07  4.327219378110642e-02 -2.013739496002048e-01 -6.830211167344099e-04 -2.125766099791159e-05  1.920955327172166e-02  4.092640646344708e-03 
 4.168693834703185e+13 -4.922795504491682e-11  2.939570036979406e-07  4.140687964279496e-02 -1.971818230530020e-01 -6.535989160777230e-04 -1.449507022027618e-05  1.924745816887193e-02  4.007440543464040e-03 
 4.265795188015754e+13 -3.638598964863430e-11  2.872147861232535e-07  3.961857336319426e-02 -1.930604016179001e-01 -6.253895806364513e-04 -8.282640484168206e-06  1.928379819527496e-02  3.923677513096185e-03 
 4.365158322401483e+13 -2.502085221713759e-11  2.806292598299292e-07  3.790438383082578e-02 -1.890095780429544e-01 -5.983477385467598e-04 -2.583770607359432e-06  1.931863210101109e-02  3.841349369352611e-03 
 4.466835921509450e+13 -1.499147919591342e-11  2.741966619169301e-07  3.626150392351594e-02 -1.850291622799264e-01 -5.724293203718858e-04  2.635941281044212e-06  1.935201692941704e-02  3.760452243998045e-03 
 4.570881896148565e+13 -6.169167736147414e-12  2.679133263200890e-07  3.468721025176335e-02 -1.811188875700124e-01 -5.475915569761325e-04  7.408815128297873e-06  1.938400802230128e-02  3.680980710114465e-03 
 4.677351412871792e+13  1.563442909361209e-12  2.617756810514848e-07  3.317886266670769e-02 -1.772784162522295e-01 -5.237929735351965e-04  1.176520145008617e-05  1.941465902994282e-02  3.602927900129347e-03 
 4.786300923226189e+13  8.313311357623053e-12  2.557802455205919e-07  3.173390355782920e-02 -1.735073452973936e-01 -5.009933800897456e-04  1.573358898407879e-05  1.944402192536291e-02  3.526285618267753e-03 
 4.897788193684263e+13  1.417786095333687e-11  2.499236279357217e-07  3.034985696388081e-02 -1.698052115717912e-01 -4.791538590229085e-04  1.934070758062109e-05  1.947214702239194e-02  3.451044447511644e-03 
 5.011872336272520e+13  1.924577870902650e-11  2.442025227841473e-07  2.902432751896563e-02 -1.661714968356461e-01 -4.582367498166763e-04  2.261162642197880e-05  1.949908299708635e-02  3.377193851170077e-03 
 5.128613839913441e+13  2.359775121089348e-11  2.386137083891997e-07  2.775499925412936e-02 -1.626056324823219e-01 -4.382056314173129e-04  2.556984767480040e-05  1.952487691208161e-02  3.304722269180953e-03 
 5.248074602497513e+13  2.730714207321527e-11  2.331540445425406e-07  2.653963427334671e-02 -1.591070040248927e-01 -4.190253025158156e-04  2.823739569141398e-05  1.954957424349754e-02  3.233617209279180e-03 
 5.370317963702309e+13  3.044061523574160e-11  2.278204702097547e-07  2.537607132134960e-02 -1.556749553372872e-01 -4.006617600263623e-04  3.063490188445234e-05  1.957321891004160e-02  3.163865333177599e-03 
 5.495408738576023e+13  3.305870812278267e-11  2.226100013073536e-07  2.426222425937349e-02 -1.523087926576566e-01 -3.830821760235658e-04  3.278168540631434e-05  1.959585330398323e-02  3.095452537916142e-03 
 5.623413251903262e+13  3.521635841972713e-11  2.175197285492507e-07  2.319608046359403e-02 -1.490077883619631e-01 -3.662548733782827e-04  3.469582977031072e-05  1.961751832369929e-02  3.028364032541757e-03 
 5.754399373371335e+13  3.696338797265501e-11  2.125468153607471e-07  2.217569915978525e-02 -1.457711845160398e-01 -3.501493003117263e-04  3.639425555419893e-05  1.963825340751542e-02  2.962584410286721e-03 
 5.888436553555650e+13  3.834494707945521e-11  2.076884958580582e-07  2.119920970655914e-02 -1.425981962145397e-01 -3.347360040687011e-04  3.789278932934776e-05  1.965809656859235e-02  2.898097716416430e-03 
 6.025595860743332e+13  3.940192221627820e-11  2.029420728914126e-07  2.026480983844029e-02 -1.394880147152919e-01 -3.199866038929363e-04  3.920622896015009e-05  1.967708443062838e-02  2.834887511919723e-03 
 6.165950018614570e+13  4.017131003101641e-11  1.983049161497644e-07  1.937076387899000e-02 -1.364398103776147e-01 -3.058737634707162e-04  4.034840541866378e-05  1.969525226417037e-02  2.772936933215506e-03 
 6.309573444801675e+13  4.068656023551220e-11  1.937744603251779e-07  1.851540093322062e-02 -1.334527354131139e-01 -2.923711629932785e-04  4.133224125894057e-05  1.971263402334572e-02  2.712228748048986e-03 
 6.456542290346291e+13  4.097788983999519e-11  1.893482033349687e-07  1.769711306763005e-02 -1.305259264574281e-01 -2.794534709737537e-04  4.216980589422288e-05  1.972926238284575e-02  2.652745407749404e-03 
 6.606934480075690e+13  4.107257099645202e-11  1.850237045997122e-07  1.691435348533777e-02 -1.276585069712679e-01 -2.670963159407093e-04  4.287236781825631e-05  1.974516877500876e-02  2.594469096018957e-03 
 6.760829753919541e+13  4.099519455181047e-11  1.807985833752691e-07  1.616563470301517e-02 -1.248495894789563e-01 -2.552762581176187e-04  4.345044390948540e-05  1.976038342686652e-02  2.537381774419658e-03 
 6.918309709189081e+13  4.076791125652678e-11  1.766705171370125e-07  1.544952673557046e-02 -1.220982776525019e-01 -2.439707611857524e-04  4.391384595395920e-05  1.977493539703322e-02  2.481465224721301e-03 
 7.079457843841089e+13  4.041065242893585e-11  1.726372400144833e-07  1.476465529387211e-02 -1.194036682490384e-01 -2.331581642170441e-04  4.427172451945241e-05  1.978885261232942e-02  2.426701088269801e-03 
 7.244359600749603e+13  3.994133174009059e-11  1.686965412747474e-07  1.410970000016941e-02 -1.167648529092498e-01 -2.228176538533878e-04  4.453261030968323e-05  1.980216190404643e-02  2.373070902530651e-03 
 7.413102413008870e+13  3.937602965729751e-11  1.648462638527691e-07  1.348339262529355e-02 -1.141809198241668e-01 -2.129292367995096e-04  4.470445312363886e-05  1.981488904376806e-02  2.320556134957631e-03 
 7.585775750291525e+13  3.872916196668460e-11  1.610843029271684e-07  1.288451535119409e-02 -1.116509552774768e-01 -2.034737126880172e-04  4.479465854096838e-05  1.982705877867747e-02  2.269138214331889e-03 
 7.762471166286597e+13  3.801363368543990e-11  1.574086045397741e-07  1.231189906188106e-02 -1.091740450702382e-01 -1.944326473673843e-04  4.481012245021485e-05  1.983869486628691e-02  2.218798559711428e-03 
 7.943282347242488e+13  3.724097957237819e-11  1.538171642574354e-07  1.176442166540021e-02 -1.067492758346324e-01 -1.857883466564570e-04  4.475726353238161e-05  1.984982010853669e-02  2.169518607125764e-03 
 8.128305161640658e+13  3.642149235078167e-11  1.503080258746045e-07  1.124100644906491e-02 -1.043757362431224e-01 -1.775238306025309e-04  4.464205380799971e-05  1.986045638521846e-02  2.121279834145228e-03 
 8.317637711026367e+13  3.556433966958007e-11  1.468792801552502e-07  1.074062046980026e-02 -1.020525181191290e-01 -1.696228082740848e-04  4.447004735151747e-05  1.987062468668492e-02  2.074063782449035e-03 
 8.511380382023414e+13  3.467767074746919e-11  1.435290636127146e-07  1.026227298112194e-02 -9.977871745506935e-02 -1.620696531138507e-04  4.424640727249869e-05  1.988034514581506e-02  2.027852078510939e-03 
 8.709635899560447e+13  3.376871356910865e-11  1.402555573261707e-07  9.805013897969783e-03 -9.755343534334547e-02 -1.548493788730029e-04  4.397593105881700e-05  1.988963706921021e-02  1.982626452515973e-03 
 8.912509381337088e+13  3.284386343270401e-11  1.370569857923877e-07  9.367932300343596e-03 -9.537577882561062e-02 -1.479476161428152e-04  4.366307437279283e-05  1.989851896760152e-02  1.938368755616584e-03 
 9.120108393558720e+13  3.190876358369454e-11  1.339316158115585e-07  8.950154976443471e-03 -9.324486166539339e-02 -1.413505894961580e-04  4.331197338705225e-05  1.990700858545476e-02  1.895060975631362e-03 
 9.332543007969525e+13  3.096837860958499e-11  1.308777554059893e-07  8.550845005796311e-03 -9.115980504890824e-02 -1.350450952476156e-04  4.292646574280849e-05  1.991512292976247e-02  1.852685251284480e-03 
 9.549925860213964e+13  3.002706121584419e-11  1.278937527704961e-07  8.169200382653575e-03 -8.911973821864357e-02 -1.290184798378080e-04  4.251011020929172e-05  1.992287829801777e-02  1.811223885079177e-03 
 9.772372209557702e+13  2.908861295192864e-11  1.249779952533969e-07  7.804452679769446e-03 -8.712379904408343e-02 -1.232586188446322e-04  4.206620511918544e-05  1.993029030536772e-02  1.770659354893750e-03 
 9.999999999999584e+13  2.815633940957656e-11  1.221289083670323e-07  7.455865752512881e-03 -8.517113453369184e-02 -1.177538966216011e-04  4.159780565118052e-05  1.993737391094688e-02  1.730974324384009e-03 
