frequency_Hz,OUT_real,OUT_imag,E_real,E_imag,X_real,X_imag,VIN_current_real_A,VIN_current_imag_A
1,-7.15510876197612e-05,5.22679465869524e-14,7.15510041095431e-05,-1.25136731340648e-16,0.835089847663319,-1.36510697855378e-12,1.71573702650099e-27,1.04957238703133e-15
1.02329299228075,-7.15510876197612e-05,5.34854234633331e-14,7.15510041095431e-05,-1.28051540257805e-16,0.835089847663319,-1.39690440486764e-12,1.79659722139715e-27,1.07402006854054e-15
1.0471285480509,-7.15510876197612e-05,5.47312590191974e-14,7.15510041095431e-05,-1.31034243796569e-16,0.835089847663319,-1.42944248838717e-12,1.88126823987388e-27,1.09903720970643e-15
1.07151930523761,-7.15510876197612e-05,5.60061138130475e-14,7.15510041095431e-05,-1.34086423425837e-16,0.835089847663319,-1.46273848123496e-12,1.9699296805134e-27,1.12463707494839e-15
1.09647819614319,-7.15510876197612e-05,5.73106637897698e-14,7.15510041095431e-05,-1.37209697451649e-16,0.835089847663319,-1.49681003738713e-12,2.06276960611837e-27,1.15083323765381e-15
1.12201845430196,-7.15510876197612e-05,5.86456006390299e-14,7.15510041095431e-05,-1.40405721875234e-16,0.835089847663319,-1.53167522203374e-12,2.15998494261825e-27,1.17763958737492e-15
1.14815362149688,-7.15510876197612e-05,6.0011632162015e-14,7.15510041095431e-05,-1.43676191271048e-16,0.835089847663319,-1.56735252115719e-12,2.26178189677566e-27,1.20507033719315e-15
1.17489755493953,-7.15510876197612e-05,6.14094826467203e-14,7.15510041095431e-05,-1.47022839685253e-16,0.835089847663319,-1.60386085133373e-12,2.36837639357851e-27,1.23314003125516e-15
1.20226443461741,-7.15510876197612e-05,6.28398932519754e-14,7.15510041095431e-05,-1.50447441555136e-16,0.835089847663319,-1.64121956976325e-12,2.47999453424589e-27,1.26186355248427e-15
1.23026877081238,-7.15510876197612e-05,6.43036224004171e-14,7.15510041095431e-05,-1.53951812649939e-16,0.835089847663319,-1.67944848453277e-12,2.59687307581906e-27,1.29125613047165e-15
1.25892541179417,-7.15510876197612e-05,6.58014461806146e-14,7.15510041095431e-05,-1.57537811033602e-16,0.835089847663319,-1.71856786511891e-12,2.71925993335489e-27,1.3213333495512e-15
1.28824955169313,-7.15510876197612e-05,6.73341587585621e-14,7.15510041095431e-05,-1.61207338049935e-16,0.835089847663319,-1.75859845313508e-12,2.84741470578689e-27,1.35211115706261e-15
1.31825673855641,-7.15510876197612e-05,6.89025727987563e-14,7.15510041095431e-05,-1.64962339330732e-16,0.835089847663319,-1.7995614733289e-12,2.98160922656941e-27,1.38360587180679e-15
1.34896288259165,-7.15510876197612e-05,7.05075198950819e-14,7.15510041095431e-05,-1.68804805827378e-16,0.835089847663319,-1.84147864483589e-12,3.12212814027279e-27,1.41583419269839e-15
1.38038426460288,-7.15510876197612e-05,7.21498510117332e-14,7.15510041095431e-05,-1.7273677486647e-16,0.835089847663319,-1.88437219269523e-12,3.2692695063527e-27,1.44881320761974e-15
1.41253754462275,-7.15510876197612e-05,7.3830436934407e-14,7.15510041095431e-05,-1.76760331230037e-16,0.835089847663319,-1.92826485963375e-12,3.42334543137418e-27,1.48256040248108e-15
1.44543977074593,-7.15510876197612e-05,7.55501687320048e-14,7.15510041095431e-05,-1.80877608260921e-16,0.835089847663319,-1.97317991812445e-12,3.58468273103153e-27,1.51709367049182e-15
1.47910838816821,-7.15510876197612e-05,7.73099582290891e-14,7.15510041095431e-05,-1.85090788993904e-16,0.835089847663319,-2.01914118272586e-12,3.75362362336818e-27,1.55243132164777e-15
1.51356124843621,-7.15510876197612e-05,7.91107384893447e-14,7.15510041095431e-05,-1.89402107313178e-16,0.835089847663319,-2.06617302270884e-12,3.93052645466707e-27,1.58859209243931e-15
1.54881661891248,-7.15510876197612e-05,8.09534643103017e-14,7.15510041095431e-05,-1.93813849136783e-16,0.835089847663319,-2.1143003749775e-12,4.11576645955118e-27,1.62559515578577e-15
1.58489319246111,-7.15510876197612e-05,8.28391127295819e-14,7.15510041095431e-05,-1.98328353628629e-16,0.835089847663319,-2.16354875729105e-12,4.30973655690642e-27,1.66346013120112e-15
1.62181009735893,-7.15510876197612e-05,8.47686835429366e-14,7.15510041095431e-05,-2.02948014438755e-16,0.835089847663319,-2.21394428179366e-12,4.5128481833153e-27,1.70220709519653e-15
1.65958690743756,-7.15510876197612e-05,8.67431998343519e-14,7.15510041095431e-05,-2.07675280972471e-16,0.835089847663319,-2.2655136688595e-12,4.72553216576909e-27,1.74185659192518e-15
1.69824365246174,-7.15510876197612e-05,8.87637085185014e-14,7.15510041095431e-05,-2.12512659689067e-16,0.835089847663319,-2.31828426126019e-12,4.94823963550961e-27,1.78242964407508e-15
1.73780082874937,-7.15510876197612e-05,9.08312808958339e-14,7.15510041095431e-05,-2.17462715430767e-16,0.835089847663319,-2.37228403866232e-12,5.18144298493909e-27,1.82394776401551e-15
1.77827941003892,-7.15510876197612e-05,9.29470132205916e-14,7.15510041095431e-05,-2.22528072782647e-16,0.835089847663319,-2.42754163246264e-12,5.42563686962779e-27,1.86643296520322e-15
1.81970085860998,-7.15510876197612e-05,9.51120272820579e-14,7.15510041095431e-05,-2.27711417464225e-16,0.835089847663319,-2.4840863409688e-12,5.68133925754478e-27,1.90990777385424e-15
1.86208713666287,-7.15510876197612e-05,9.73274709993458e-14,7.15510041095431e-05,-2.33015497753458e-16,0.835089847663319,-2.54194814493371e-12,5.94909252773744e-27,1.95439524088758e-15
1.90546071796325,-7.15510876197612e-05,9.95945190300389e-14,7.15510041095431e-05,-2.38443125943926e-16,0.835089847663319,-2.60115772345173e-12,6.22946462079016e-27,1.99991895414712e-15
1.94984459975804,-7.15510876197612e-05,1.01914373393011e-13,7.15510041095431e-05,-2.43997179835936e-16,0.835089847663319,-2.66174647022511e-12,6.52305024350244e-27,2.0465030509082e-15
1.99526231496888,-7.15510876197612e-05,1.04288264105752e-13,7.15510041095431e-05,-2.49680604262381e-16,0.835089847663319,-2.72374651020939e-12,6.83047213034178e-27,2.09417223067554e-15
2.04173794466953,-7.15510876197612e-05,1.06717449836541e-13,7.15510041095431e-05,-2.55496412650118e-16,0.835089847663319,-2.78719071664643e-12,7.15238236434692e-27,2.14295176827924e-15
2.08929613085404,-7.15510876197612e-05,1.09203218571805e-13,7.15510041095431e-05,-2.61447688617738e-16,0.835089847663319,-2.85211272849426e-12,7.48946376028345e-27,2.1928675272758e-15
2.13796208950223,-7.15510876197612e-05,1.11746888299032e-13,7.15510041095431e-05,-2.67537587610532e-16,0.835089847663319,-2.91854696826292e-12,7.84243131298544e-27,2.24394597366135e-15
2.18776162394955,-7.15510876197612e-05,1.14349807705579e-13,7.15510041095431e-05,-2.73769338573556e-16,0.835089847663319,-2.98652866026569e-12,8.21203371395536e-27,2.29621418990427e-15
2.23872113856834,-7.15510876197612e-05,1.17013356893771e-13,7.15510041095431e-05,-2.80146245663656e-16,0.835089847663319,-3.05609384929551e-12,8.5990549394391e-27,2.34969988930467e-15
2.29086765276777,-7.15510876197612e-05,1.19738948112643e-13,7.15510041095431e-05,-2.86671690001382e-16,0.835089847663319,-3.12727941973641e-12,9.00431591334478e-27,2.40443143068833e-15
2.34422881531992,-7.15510876197612e-05,1.22528026506736e-13,7.15510041095431e-05,-2.93349131463695e-16,0.835089847663319,-3.20012311512009e-12,9.42867624853233e-27,2.46043783344296e-15
2.39883291901949,-7.15510876197612e-05,1.25382070882334e-13,7.15510041095431e-05,-3.00182110518445e-16,0.835089847663319,-3.27466355813804e-12,9.87303607016765e-27,2.51774879290462e-15
2.45470891568503,-7.15510876197612e-05,1.28302594491541e-13,7.15510041095431e-05,-3.07174250101571e-16,0.835089847663319,-3.35094027111982e-12,1.03383379250088e-26,2.57639469610263e-15
2.51188643150958,-7.15510876197612e-05,1.31291145834633e-13,7.15510041095431e-05,-3.14329257538034e-16,0.835089847663319,-3.42899369698829e-12,1.08255687806741e-26,2.63640663787112e-15
2.57039578276886,-7.15510876197612e-05,1.3434930948109e-13,7.15510041095431e-05,-3.21650926507482e-16,0.835089847663319,-3.50886522070298e-12,1.13357621191323e-26,2.69781643733598e-15
2.63026799189538,-7.15510876197612e-05,1.37478706909758e-13,7.15510041095431e-05,-3.29143139055719e-16,0.835089847663319,-3.59059719120303e-12,1.18700001288574e-26,2.76065665478574e-15
2.69153480392691,-7.15510876197612e-05,1.40680997368575e-13,7.15510041095431e-05,-3.36809867653007e-16,0.835089847663319,-3.67423294386102e-12,1.24294160002945e-26,2.82496060893548e-15
2.75422870333816,-7.15510876197612e-05,1.4395787875433e-13,7.15510041095431e-05,-3.4465517730033e-16,0.835089847663319,-3.75981682346006e-12,1.3015196329509e-26,2.89076239459284e-15
2.81838293126445,-7.15510876197612e-05,1.47311088512909e-13,7.15510041095431e-05,-3.52683227684708e-16,0.835089847663319,-3.84739420770597e-12,1.36285836351161e-26,2.95809690073559e-15
2.8840315031266,-7.15510876197612e-05,1.50742404560509e-13,7.15510041095431e-05,-3.6089827538472e-16,0.835089847663319,-3.93701153128708e-12,1.42708789938294e-26,3.02699982901014e-15
2.95120922666638,-7.15510876197612e-05,1.5425364622632e-13,7.15510041095431e-05,-3.69304676127394e-16,0.835089847663319,-4.02871631049459e-12,1.49434448002187e-26,3.09750771266112e-15
3.01995172040201,-7.15510876197612e-05,1.57846675217147e-13,7.15510041095431e-05,-3.77906887097675e-16,0.835089847663319,-4.12255716841629e-12,1.56477076565317e-26,3.16965793590171e-15
3.09029543251359,-7.15510876197612e-05,1.61523396604523e-13,7.15510041095431e-05,-3.86709469301685e-16,0.835089847663319,-4.21858386071718e-12,1.6385161398709e-26,3.2434887537353e-15
3.16227766016837,-7.15510876197612e-05,1.65285759834793e-13,7.15510041095431e-05,-3.95717089985024e-16,0.835089847663319,-4.31684730202057e-12,1.71573702650098e-26,3.31903931223877e-15
3.23593656929628,-7.15510876197612e-05,1.69135759762744e-13,7.15510041095431e-05,-4.04934525107407e-16,0.835089847663319,-4.41739959290374e-12,1.79659722139714e-26,3.39634966931827e-15
3.3113112148259,-7.15510876197612e-05,1.73075437709297e-13,7.15510041095431e-05,-4.14366661874945e-16,0.835089847663319,-4.52029404752225e-12,1.88126823987387e-26,3.47546081594844e-15
3.38844156139202,-7.15510876197612e-05,1.77106882543848e-13,7.15510041095431e-05,-4.240185013314e-16,0.835089847663319,-4.62558522187792e-12,1.9699296805134e-26,3.55641469790639e-15
3.46736850452531,-7.15510876197612e-05,1.8123223179181e-13,7.15510041095431e-05,-4.3389516100981e-16,0.835089847663319,-4.7333289427451e-12,2.06276960611837e-26,3.63925423801189e-15
3.54813389233575,-7.15510876197612e-05,1.85453672767961e-13,7.15510041095431e-05,-4.44001877645868e-16,0.835089847663319,-4.84358233727073e-12,2.15998494261825e-26,3.7240233588856e-15
3.63078054770101,-7.15510876197612e-05,1.89773443736182e-13,7.15510041095431e-05,-4.54344009954513e-16,0.835089847663319,-4.95640386326398e-12,2.26178189677565e-26,3.81076700623747e-15
3.71535229097172,-7.15510876197612e-05,1.94193835096221e-13,7.15510041095431e-05,-4.6492704147119e-16,0.835089847663319,-5.07185334019128e-12,2.3683763935785e-26,3.89953117269751e-15
3.8018939632056,-7.15510876197612e-05,1.98717190598087e-13,7.15510041095431e-05,-4.75756583459293e-16,0.835089847663319,-5.18999198089347e-12,2.47999453424588e-26,3.99036292220171e-15
3.8904514499428,-7.15510876197612e-05,2.03345908584742e-13,7.15510041095431e-05,-4.86838377885328e-16,0.835089847663319,-5.3108824240416e-12,2.59687307581905e-26,4.08331041494597e-15
3.98107170553497,-7.15510876197612e-05,2.08082443263729e-13,7.15510041095431e-05,-4.98178300463386e-16,0.835089847663319,-5.43458876734879e-12,2.71925993335488e-26,4.17842293292123e-15
4.07380277804112,-7.15510876197612e-05,2.12929306008431e-13,7.15510041095431e-05,-5.09782363770519e-16,0.835089847663319,-5.56117660155572e-12,2.84741470578688e-26,4.27575090604348e-15
4.16869383470335,-7.15510876197612e-05,2.17889066689632e-13,7.15510041095431e-05,-5.2165672043469e-16,0.835089847663319,-5.69071304520767e-12,2.98160922656939e-26,4.37534593889238e-15
4.26579518801592,-7.15510876197612e-05,2.22964355038095e-13,7.15510041095431e-05,-5.33807666396979e-16,0.835089847663319,-5.82326678024168e-12,3.12212814027278e-26,4.47726083807263e-15
4.36515832240165,-7.15510876197612e-05,2.2815786203888e-13,7.15510041095431e-05,-5.46241644249771e-16,0.835089847663319,-5.95890808840262e-12,3.26926950635268e-26,4.58154964021278e-15
4.46683592150962,-7.15510876197612e-05,2.33472341358145e-13,7.15510041095431e-05,-5.58965246652707e-16,0.835089847663319,-6.0977088885075e-12,3.42334543137417e-26,4.68826764061615e-15
4.57088189614874,-7.15510876197612e-05,2.3891061080317e-13,7.15510041095431e-05,-5.71985219828198e-16,0.835089847663319,-6.23974277457779e-12,3.58468273103151e-26,4.79747142257913e-15
4.67735141287197,-7.15510876197612e-05,2.44475553816398e-13,7.15510041095431e-05,-5.85308467138362e-16,0.835089847663319,-6.38508505485993e-12,3.75362362336816e-26,4.90921888739241e-15
4.78630092322637,-7.15510876197612e-05,2.50170121004277e-13,7.15510041095431e-05,-5.98942052745276e-16,0.835089847663319,-6.53381279175473e-12,3.93052645466706e-26,5.02356928504097e-15
4.89778819368445,-7.15510876197612e-05,2.55997331701705e-13,7.15510041095431e-05,-6.12893205356491e-16,0.835089847663319,-6.68600484267698e-12,4.11576645955117e-26,5.14058324561926e-15
5.01187233627271,-7.15510876197612e-05,2.61960275572927e-13,7.15510041095431e-05,-6.27169322057786e-16,0.835089847663319,-6.84174190186653e-12,4.3097365569064e-26,5.26032281147805e-15
5.12861383991364,-7.15510876197612e-05,2.68062114249711e-13,7.15510041095431e-05,-6.41777972235204e-16,0.835089847663319,-7.00110654317362e-12,4.51284818331529e-26,5.38285147012008e-15
5.24807460249771,-7.15510876197612e-05,2.74306083007692e-13,7.15510041095431e-05,-6.56726901588437e-16,0.835089847663319,-7.16418326384051e-12,4.72553216576908e-26,5.50823418786203e-15
5.37031796370252,-7.15510876197612e-05,2.80695492481754e-13,7.15510041095431e-05,-6.720240362377e-16,0.835089847663319,-7.33105852930305e-12,4.9482396355096e-26,5.63653744428049e-15
5.49540873857623,-7.15510876197612e-05,2.87233730421374e-13,7.15510041095431e-05,-6.87677486926265e-16,0.835089847663319,-7.50182081903585e-12,5.18144298493907e-26,5.76782926746029e-15
5.62341325190348,-7.15510876197612e-05,2.93924263486851e-13,7.15510041095431e-05,-7.03695553320888e-16,0.835089847663319,-7.67656067346527e-12,5.42563686962778e-26,5.90217927006395e-15
5.75439937337156,-7.15510876197612e-05,3.00770639087377e-13,7.15510041095431e-05,-7.20086728412392e-16,0.835089847663319,-7.85537074197503e-12,5.68133925754476e-26,6.03965868624118e-15
5.88843655355588,-7.15510876197612e-05,3.07776487261916e-13,7.15510041095431e-05,-7.36859703018776e-16,0.835089847663319,-8.03834583203032e-12,5.94909252773742e-26,6.18034040939818e-15
6.02559586074356,-7.15510876197612e-05,3.14945522603906e-13,7.15510041095431e-05,-7.5402337039319e-16,0.835089847663319,-8.22558295944583e-12,6.22946462079014e-26,6.32429903084673e-15
6.16595001861481,-7.15510876197612e-05,3.22281546230777e-13,7.15510041095431e-05,-7.71586830939267e-16,0.835089847663319,-8.4171813998249e-12,6.52305024350242e-26,6.47161087935342e-15
6.30957344480192,-7.15510876197612e-05,3.2978844779936e-13,7.15510041095431e-05,-7.89559397036267e-16,0.835089847663319,-8.61324274119673e-12,6.83047213034176e-26,6.62235406161025e-15
6.45654229034654,-7.15510876197612e-05,3.37470207568232e-13,7.15510041095431e-05,-8.0795059797663e-16,0.835089847663319,-8.81387093787969e-12,7.1523823643469e-26,6.77660850364775e-15
6.60693448007594,-7.15510876197612e-05,3.45330898508103e-13,7.15510041095431e-05,-8.26770185018531e-16,0.835089847663319,-9.01917236559929e-12,7.48946376028344e-26,6.93445599321292e-15
6.7608297539198,-7.15510876197612e-05,3.53374688461359e-13,7.15510041095431e-05,-8.46028136556124e-16,0.835089847663319,-9.22925587788998e-12,7.84243131298542e-26,7.09598022313405e-15
6.91830970918935,-7.15510876197612e-05,3.61605842351903e-13,7.15510041095431e-05,-8.65734663410227e-16,0.835089847663319,-9.44423286381077e-12,8.21203371395533e-26,7.2612668356959e-15
7.07945784384136,-7.15510876197612e-05,3.70028724446482e-13,7.15510041095431e-05,-8.85900214242222e-16,0.835089847663319,-9.66421730700516e-12,8.59905493943908e-26,7.43040346804826e-15
7.24435960074988,-7.15510876197612e-05,3.78647800668671e-13,7.15510041095431e-05,-9.06535481094084e-16,0.835089847663319,-9.88932584613676e-12,9.00431591334475e-26,7.60347979867239e-15
7.41310241300916,-7.15510876197612e-05,3.87467640966771e-13,7.15510041095431e-05,-9.27651405057438e-16,0.835089847663319,-1.01196778367327e-11,9.4286762485323e-26,7.78058759492974e-15
7.58577575029182,-7.15510876197612e-05,3.96492921736852e-13,7.15510041095431e-05,-9.49259182074672e-16,0.835089847663319,-1.03553954144674e-11,9.87303607016763e-26,7.96182076171817e-15
7.7624711662869,-7.15510876197612e-05,4.05728428302242e-13,7.15510041095431e-05,-9.71370268875173e-16,0.835089847663319,-1.05966035599208e-11,1.03383379250088e-25,8.14727539126162e-15
7.94328234724279,-7.15510876197612e-05,4.15179057450768e-13,7.15510041095431e-05,-9.93996389049836e-16,0.835089847663319,-1.08434301648442e-11,1.0825568780674e-25,8.33704981405945e-15
8.12830516164097,-7.15510876197612e-05,4.248498200311e-13,7.15510041095431e-05,-1.01714953926707e-15,0.835089847663319,-1.10960060999708e-11,1.13357621191323e-25,8.5312446510226e-15
8.31763771102669,-7.15510876197612e-05,4.34745843609564e-13,7.15510041095431e-05,-1.04084199563359e-15,0.835089847663319,-1.13544652844047e-11,1.18700001288574e-25,8.7299628668241e-15
8.51138038202374,-7.15510876197612e-05,4.44872375188851e-13,7.15510041095431e-05,-1.06508632020337e-15,0.835089847663319,-1.16189447566264e-11,1.24294160002945e-25,8.9333098244923e-15
8.70963589956078,-7.15510876197612e-05,4.55234783990046e-13,7.15510041095431e-05,-1.0898953676382e-15,0.835089847663319,-1.1889584747153e-11,1.3015196329509e-25,9.14139334127579e-15
8.91250938133743,-7.15510876197612e-05,4.65838564299457e-13,7.15510041095431e-05,-1.11528229202343e-15,0.835089847663319,-1.21665287528898e-11,1.36285836351161e-25,9.35432374580946e-15
9.12010839355907,-7.15510876197612e-05,4.76689338381762e-13,7.15510041095431e-05,-1.14126055384239e-15,0.835089847663319,-1.24499236132144e-11,1.42708789938294e-25,9.57221393661227e-15
9.33254300796988,-7.15510876197612e-05,4.87792859461006e-13,7.15510041095431e-05,-1.16784392711337e-15,0.835089847663319,-1.2739919587833e-11,1.49434448002186e-25,9.79517944194751e-15
9.54992586021433,-7.15510876197612e-05,4.99155014771038e-13,7.15510041095431e-05,-1.19504650669275e-15,0.835089847663319,-1.30366704364498e-11,1.56477076565317e-25,1.00233384810774e-14
9.77237220955808,-7.15510876197612e-05,5.10781828677e-13,7.15510041095431e-05,-1.22288271574829e-15,0.835089847663319,-1.33403335002928e-11,1.6385161398709e-25,1.02568120269445e-14
9.99999999999997,-7.15510876197612e-05,5.22679465869522e-13,7.15510041095431e-05,-1.25136731340648e-15,0.835089847663319,-1.36510697855378e-11,1.71573702650098e-25,1.04957238703133e-14
10.2329299228075,-7.15510876197612e-05,5.3485423463333e-13,7.15510041095431e-05,-1.28051540257804e-15,0.835089847663319,-1.39690440486764e-11,1.79659722139714e-25,1.07402006854054e-14
10.471285480509,-7.15510876197612e-05,5.47312590191973e-13,7.15510041095431e-05,-1.31034243796568e-15,0.835089847663319,-1.42944248838717e-11,1.88126823987387e-25,1.09903720970643e-14
10.715193052376,-7.15510876197612e-05,5.60061138130474e-13,7.15510041095431e-05,-1.34086423425836e-15,0.835089847663319,-1.46273848123495e-11,1.96992968051339e-25,1.12463707494838e-14
10.9647819614318,-7.15510876197612e-05,5.73106637897698e-13,7.15510041095431e-05,-1.37209697451648e-15,0.835089847663319,-1.49681003738712e-11,2.06276960611836e-25,1.15083323765381e-14
11.2201845430196,-7.15510876197612e-05,5.86456006390297e-13,7.15510041095431e-05,-1.40405721875234e-15,0.835089847663319,-1.53167522203374e-11,2.15998494261824e-25,1.17763958737491e-14
11.4815362149688,-7.15510876197612e-05,6.00116321620148e-13,7.15510041095431e-05,-1.43676191271047e-15,0.835089847663319,-1.56735252115719e-11,2.26178189677565e-25,1.20507033719315e-14
11.7489755493953,-7.15510876197612e-05,6.14094826467201e-13,7.15510041095431e-05,-1.47022839685252e-15,0.835089847663319,-1.60386085133372e-11,2.36837639357849e-25,1.23314003125515e-14
12.0226443461741,-7.15510876197612e-05,6.28398932519753e-13,7.15510041095431e-05,-1.50447441555135e-15,0.835089847663319,-1.64121956976324e-11,2.47999453424587e-25,1.26186355248427e-14
12.3026877081238,-7.15510876197612e-05,6.4303622400417e-13,7.15510041095431e-05,-1.53951812649938e-15,0.835089847663319,-1.67944848453276e-11,2.59687307581905e-25,1.29125613047165e-14
12.5892541179416,-7.15510876197612e-05,6.58014461806144e-13,7.15510041095431e-05,-1.57537811033601e-15,0.835089847663319,-1.71856786511891e-11,2.71925993335487e-25,1.3213333495512e-14
12.8824955169313,-7.15510876197612e-05,6.73341587585619e-13,7.15510041095431e-05,-1.61207338049934e-15,0.835089847663319,-1.75859845313507e-11,2.84741470578687e-25,1.3521111570626e-14
13.182567385564,-7.15510876197612e-05,6.89025727987562e-13,7.15510041095431e-05,-1.64962339330732e-15,0.835089847663319,-1.7995614733289e-11,2.98160922656939e-25,1.38360587180678e-14
13.4896288259165,-7.15510876197612e-05,7.05075198950816e-13,7.15510041095431e-05,-1.68804805827378e-15,0.835089847663319,-1.84147864483589e-11,3.12212814027277e-25,1.41583419269838e-14
13.8038426460288,-7.15510876197612e-05,7.21498510117329e-13,7.15510041095431e-05,-1.72736774866469e-15,0.835089847663319,-1.88437219269522e-11,3.26926950635268e-25,1.44881320761973e-14
14.1253754462275,-7.15510876197612e-05,7.38304369344068e-13,7.15510041095431e-05,-1.76760331230036e-15,0.835089847663319,-1.92826485963374e-11,3.42334543137416e-25,1.48256040248107e-14
14.4543977074592,-7.15510876197612e-05,7.55501687320046e-13,7.15510041095431e-05,-1.80877608260921e-15,0.835089847663319,-1.97317991812444e-11,3.5846827310315e-25,1.51709367049182e-14
14.791083881682,-7.15510876197612e-05,7.73099582290889e-13,7.15510041095431e-05,-1.85090788993904e-15,0.835089847663319,-2.01914118272585e-11,3.75362362336815e-25,1.55243132164776e-14
15.135612484362,-7.15510876197612e-05,7.91107384893444e-13,7.15510041095431e-05,-1.89402107313178e-15,0.835089847663319,-2.06617302270884e-11,3.93052645466705e-25,1.58859209243931e-14
15.4881661891248,-7.15510876197612e-05,8.09534643103015e-13,7.15510041095431e-05,-1.93813849136782e-15,0.835089847663319,-2.1143003749775e-11,4.11576645955116e-25,1.62559515578576e-14
15.8489319246111,-7.15510876197612e-05,8.28391127295816e-13,7.15510041095431e-05,-1.98328353628628e-15,0.835089847663319,-2.16354875729104e-11,4.30973655690639e-25,1.66346013120111e-14
16.2181009735892,-7.15510876197612e-05,8.47686835429363e-13,7.15510041095431e-05,-2.02948014438754e-15,0.835089847663319,-2.21394428179366e-11,4.51284818331527e-25,1.70220709519652e-14
16.5958690743755,-7.15510876197612e-05,8.67431998343516e-13,7.15510041095431e-05,-2.07675280972471e-15,0.835089847663319,-2.2655136688595e-11,4.72553216576906e-25,1.74185659192518e-14
16.9824365246174,-7.15510876197612e-05,8.87637085185011e-13,7.15510041095431e-05,-2.12512659689066e-15,0.835089847663319,-2.31828426126019e-11,4.94823963550958e-25,1.78242964407507e-14
17.3780082874937,-7.15510876197612e-05,9.08312808958336e-13,7.15510041095431e-05,-2.17462715430766e-15,0.835089847663319,-2.37228403866231e-11,5.18144298493906e-25,1.8239477640155e-14
17.7827941003892,-7.15510876197612e-05,9.29470132205913e-13,7.15510041095431e-05,-2.22528072782646e-15,0.835089847663319,-2.42754163246263e-11,5.42563686962775e-25,1.86643296520321e-14
18.1970085860998,-7.15510876197612e-05,9.51120272820577e-13,7.15510041095431e-05,-2.27711417464224e-15,0.835089847663319,-2.48408634096879e-11,5.68133925754474e-25,1.90990777385424e-14
18.6208713666286,-7.15510876197612e-05,9.73274709993456e-13,7.15510041095431e-05,-2.33015497753458e-15,0.835089847663319,-2.5419481449337e-11,5.94909252773739e-25,1.95439524088757e-14
19.0546071796324,-7.15510876197612e-05,9.95945190300386e-13,7.15510041095431e-05,-2.38443125943925e-15,0.835089847663319,-2.60115772345172e-11,6.22946462079011e-25,1.99991895414711e-14
19.4984459975804,-7.15510876197612e-05,1.01914373393011e-12,7.15510041095431e-05,-2.43997179835936e-15,0.835089847663319,-2.66174647022511e-11,6.5230502435024e-25,2.04650305090819e-14
19.9526231496887,-7.15510876197612e-05,1.04288264105752e-12,7.15510041095431e-05,-2.4968060426238e-15,0.835089847663319,-2.72374651020938e-11,6.83047213034174e-25,2.09417223067554e-14
20.4173794466952,-7.15510876197612e-05,1.06717449836541e-12,7.15510041095431e-05,-2.55496412650118e-15,0.835089847663319,-2.78719071664642e-11,7.15238236434689e-25,2.14295176827923e-14
20.8929613085403,-7.15510876197612e-05,1.09203218571805e-12,7.15510041095431e-05,-2.61447688617737e-15,0.835089847663319,-2.85211272849426e-11,7.48946376028341e-25,2.19286752727579e-14
21.3796208950222,-7.15510876197612e-05,1.11746888299031e-12,7.15510041095431e-05,-2.67537587610531e-15,0.835089847663319,-2.91854696826291e-11,7.84243131298539e-25,2.24394597366134e-14
21.8776162394954,-7.15510876197612e-05,1.14349807705579e-12,7.15510041095431e-05,-2.73769338573555e-15,0.835089847663319,-2.98652866026568e-11,8.2120337139553e-25,2.29621418990426e-14
22.3872113856833,-7.15510876197612e-05,1.17013356893771e-12,7.15510041095431e-05,-2.80146245663656e-15,0.835089847663319,-3.0560938492955e-11,8.59905493943906e-25,2.34969988930466e-14
22.9086765276776,-7.15510876197612e-05,1.19738948112643e-12,7.15510041095431e-05,-2.86671690001381e-15,0.835089847663319,-3.1272794197364e-11,9.00431591334473e-25,2.40443143068833e-14
23.4422881531991,-7.15510876197612e-05,1.22528026506736e-12,7.15510041095431e-05,-2.93349131463694e-15,0.835089847663319,-3.20012311512008e-11,9.42867624853228e-25,2.46043783344295e-14
23.9883291901948,-7.15510876197612e-05,1.25382070882333e-12,7.15510041095431e-05,-3.00182110518444e-15,0.835089847663319,-3.27466355813804e-11,9.87303607016761e-25,2.51774879290461e-14
24.5470891568502,-7.15510876197612e-05,1.2830259449154e-12,7.15510041095431e-05,-3.07174250101571e-15,0.835089847663319,-3.35094027111981e-11,1.03383379250088e-24,2.57639469610262e-14
25.1188643150957,-7.15510876197612e-05,1.31291145834633e-12,7.15510041095431e-05,-3.14329257538033e-15,0.835089847663319,-3.42899369698827e-11,1.0825568780674e-24,2.63640663787111e-14
25.7039578276885,-7.15510876197612e-05,1.3434930948109e-12,7.15510041095431e-05,-3.21650926507482e-15,0.835089847663319,-3.50886522070298e-11,1.13357621191323e-24,2.69781643733597e-14
26.3026799189537,-7.15510876197612e-05,1.37478706909758e-12,7.15510041095431e-05,-3.29143139055718e-15,0.835089847663319,-3.59059719120302e-11,1.18700001288574e-24,2.76065665478573e-14
26.915348039269,-7.15510876197612e-05,1.40680997368575e-12,7.15510041095431e-05,-3.36809867653006e-15,0.835089847663319,-3.67423294386101e-11,1.24294160002944e-24,2.82496060893547e-14
27.5422870333815,-7.15510876197612e-05,1.4395787875433e-12,7.15510041095431e-05,-3.44655177300329e-15,0.835089847663319,-3.75981682346005e-11,1.30151963295089e-24,2.89076239459283e-14
28.1838293126444,-7.15510876197612e-05,1.47311088512908e-12,7.15510041095431e-05,-3.52683227684707e-15,0.835089847663319,-3.84739420770595e-11,1.3628583635116e-24,2.95809690073558e-14
28.8403150312659,-7.15510876197612e-05,1.50742404560509e-12,7.15510041095431e-05,-3.60898275384719e-15,0.835089847663319,-3.93701153128707e-11,1.42708789938293e-24,3.02699982901014e-14
29.5120922666637,-7.15510876197612e-05,1.54253646226319e-12,7.15510041095431e-05,-3.69304676127393e-15,0.835089847663319,-4.02871631049458e-11,1.49434448002186e-24,3.09750771266111e-14
30.19951720402,-7.15510876197612e-05,1.57846675217147e-12,7.15510041095431e-05,-3.77906887097674e-15,0.835089847663319,-4.12255716841628e-11,1.56477076565317e-24,3.16965793590171e-14
30.9029543251358,-7.15510876197612e-05,1.61523396604523e-12,7.15510041095431e-05,-3.86709469301684e-15,0.835089847663319,-4.21858386071716e-11,1.63851613987089e-24,3.24348875373529e-14
31.6227766016837,-7.15510876197612e-05,1.65285759834793e-12,7.15510041095431e-05,-3.95717089985023e-15,0.835089847663319,-4.31684730202057e-11,1.71573702650097e-24,3.31903931223876e-14
32.3593656929627,-7.15510876197612e-05,1.69135759762743e-12,7.15510041095431e-05,-4.04934525107407e-15,0.835089847663319,-4.41739959290373e-11,1.79659722139713e-24,3.39634966931826e-14
33.113112148259,-7.15510876197612e-05,1.73075437709296e-12,7.15510041095431e-05,-4.14366661874944e-15,0.835089847663319,-4.52029404752224e-11,1.88126823987386e-24,3.47546081594843e-14
33.8844156139201,-7.15510876197612e-05,1.77106882543847e-12,7.15510041095431e-05,-4.24018501331399e-15,0.835089847663319,-4.62558522187791e-11,1.96992968051338e-24,3.55641469790638e-14
34.673685045253,-7.15510876197612e-05,1.81232231791809e-12,7.15510041095431e-05,-4.33895161009808e-15,0.835089847663319,-4.73332894274509e-11,2.06276960611835e-24,3.63925423801188e-14
35.4813389233574,-7.15510876197612e-05,1.8545367276796e-12,7.15510041095431e-05,-4.44001877645866e-15,0.835089847663319,-4.84358233727072e-11,2.15998494261824e-24,3.72402335888559e-14
36.30780547701,-7.15510876197612e-05,1.89773443736181e-12,7.15510041095431e-05,-4.54344009954512e-15,0.835089847663319,-4.95640386326396e-11,2.26178189677564e-24,3.81076700623746e-14
37.1535229097171,-7.15510876197612e-05,1.9419383509622e-12,7.15510041095431e-05,-4.64927041471189e-15,0.835089847663319,-5.07185334019126e-11,2.36837639357848e-24,3.8995311726975e-14
38.0189396320559,-7.15510876197612e-05,1.98717190598087e-12,7.15510041095431e-05,-4.75756583459292e-15,0.835089847663319,-5.18999198089346e-11,2.47999453424587e-24,3.9903629222017e-14
38.9045144994279,-7.15510876197612e-05,2.03345908584741e-12,7.15510041095431e-05,-4.86838377885327e-15,0.835089847663319,-5.31088242404158e-11,2.59687307581904e-24,4.08331041494596e-14
39.8107170553495,-7.15510876197612e-05,2.08082443263729e-12,7.15510041095431e-05,-4.98178300463384e-15,0.835089847663319,-5.43458876734877e-11,2.71925993335486e-24,4.17842293292121e-14
40.7380277804111,-7.15510876197612e-05,2.12929306008431e-12,7.15510041095431e-05,-5.09782363770518e-15,0.835089847663319,-5.56117660155571e-11,2.84741470578687e-24,4.27575090604347e-14
41.6869383470333,-7.15510876197612e-05,2.17889066689632e-12,7.15510041095431e-05,-5.21656720434689e-15,0.835089847663319,-5.69071304520766e-11,2.98160922656938e-24,4.37534593889237e-14
42.6579518801591,-7.15510876197612e-05,2.22964355038094e-12,7.15510041095431e-05,-5.33807666396977e-15,0.835089847663319,-5.82326678024166e-11,3.12212814027276e-24,4.47726083807262e-14
43.6515832240164,-7.15510876197612e-05,2.28157862038879e-12,7.15510041095431e-05,-5.4624164424977e-15,0.835089847663319,-5.95890808840261e-11,3.26926950635267e-24,4.58154964021277e-14
44.6683592150961,-7.15510876197612e-05,2.33472341358145e-12,7.15510041095431e-05,-5.58965246652705e-15,0.835089847663319,-6.09770888850748e-11,3.42334543137415e-24,4.68826764061614e-14
45.7088189614873,-7.15510876197612e-05,2.38910610803169e-12,7.15510041095431e-05,-5.71985219828197e-15,0.835089847663319,-6.23974277457778e-11,3.5846827310315e-24,4.79747142257912e-14
46.7735141287196,-7.15510876197612e-05,2.44475553816398e-12,7.15510041095431e-05,-5.8530846713836e-15,0.835089847663319,-6.38508505485991e-11,3.75362362336814e-24,4.90921888739239e-14
47.8630092322636,-7.15510876197612e-05,2.50170121004276e-12,7.15510041095431e-05,-5.98942052745275e-15,0.835089847663319,-6.53381279175472e-11,3.93052645466704e-24,5.02356928504096e-14
48.9778819368444,-7.15510876197612e-05,2.55997331701704e-12,7.15510041095431e-05,-6.12893205356489e-15,0.835089847663319,-6.68600484267695e-11,4.11576645955115e-24,5.14058324561925e-14
50.118723362727,-7.15510876197612e-05,2.61960275572926e-12,7.15510041095431e-05,-6.27169322057784e-15,0.835089847663319,-6.84174190186651e-11,4.30973655690638e-24,5.26032281147803e-14
51.2861383991362,-7.15510876197612e-05,2.6806211424971e-12,7.15510041095431e-05,-6.41777972235202e-15,0.835089847663319,-7.0011065431736e-11,4.51284818331526e-24,5.38285147012006e-14
52.480746024977,-7.15510876197612e-05,2.74306083007691e-12,7.15510041095431e-05,-6.56726901588434e-15,0.835089847663319,-7.16418326384048e-11,4.72553216576905e-24,5.50823418786201e-14
53.703179637025,-7.15510876197612e-05,2.80695492481753e-12,7.15510041095431e-05,-6.72024036237698e-15,0.835089847663319,-7.33105852930303e-11,4.94823963550957e-24,5.63653744428047e-14
54.9540873857622,-7.15510876197612e-05,2.87233730421373e-12,7.15510041095431e-05,-6.87677486926264e-15,0.835089847663319,-7.50182081903584e-11,5.18144298493905e-24,5.76782926746028e-14
56.2341325190346,-7.15510876197612e-05,2.9392426348685e-12,7.15510041095431e-05,-7.03695553320885e-15,0.835089847663319,-7.67656067346524e-11,5.42563686962774e-24,5.90217927006394e-14
57.5439937337154,-7.15510876197612e-05,3.00770639087376e-12,7.15510041095431e-05,-7.2008672841239e-15,0.835089847663319,-7.85537074197501e-11,5.68133925754473e-24,6.03965868624116e-14
58.8843655355586,-7.15510876197612e-05,3.07776487261916e-12,7.15510041095431e-05,-7.36859703018773e-15,0.835089847663319,-8.03834583203029e-11,5.94909252773738e-24,6.18034040939817e-14
60.2559586074355,-7.15510876197612e-05,3.14945522603905e-12,7.15510041095431e-05,-7.54023370393188e-15,0.835089847663319,-8.22558295944581e-11,6.2294646207901e-24,6.32429903084671e-14
61.6595001861479,-7.15510876197612e-05,3.22281546230776e-12,7.15510041095431e-05,-7.71586830939266e-15,0.835089847663319,-8.41718139982489e-11,6.52305024350239e-24,6.47161087935341e-14
63.095734448019,-7.15510876197612e-05,3.29788447799359e-12,7.15510041095431e-05,-7.89559397036264e-15,0.835089847663319,-8.6132427411967e-11,6.83047213034172e-24,6.62235406161023e-14
64.5654229034652,-7.15510876197612e-05,3.37470207568231e-12,7.15510041095431e-05,-8.07950597976627e-15,0.835089847663319,-8.81387093787966e-11,7.15238236434686e-24,6.77660850364774e-14
66.0693448007593,-7.15510876197612e-05,3.45330898508102e-12,7.15510041095431e-05,-8.26770185018528e-15,0.835089847663319,-9.01917236559926e-11,7.48946376028339e-24,6.9344559932129e-14
67.6082975391978,-7.15510876197612e-05,3.53374688461357e-12,7.15510041095431e-05,-8.46028136556122e-15,0.835089847663319,-9.22925587788996e-11,7.84243131298537e-24,7.09598022313403e-14
69.1830970918933,-7.15510876197612e-05,3.61605842351902e-12,7.15510041095431e-05,-8.65734663410224e-15,0.835089847663319,-9.44423286381075e-11,8.21203371395528e-24,7.26126683569588e-14
70.7945784384134,-7.15510876197612e-05,3.7002872444648e-12,7.15510041095431e-05,-8.8590021424222e-15,0.835089847663319,-9.66421730700514e-11,8.59905493943903e-24,7.43040346804824e-14
72.4435960074986,-7.15510876197611e-05,3.78647800668669e-12,7.15510041095431e-05,-9.06535481094083e-15,0.835089847663319,-9.88932584613674e-11,9.00431591334471e-24,7.60347979867237e-14
74.1310241300914,-7.15510876197611e-05,3.87467640966769e-12,7.15510041095431e-05,-9.27651405057437e-15,0.835089847663319,-1.01196778367327e-10,9.42867624853225e-24,7.78058759492972e-14
75.857757502918,-7.15510876197611e-05,3.9649292173685e-12,7.15510041095431e-05,-9.4925918207467e-15,0.835089847663319,-1.03553954144674e-10,9.87303607016758e-24,7.96182076171815e-14
77.6247116628688,-7.15510876197611e-05,4.0572842830224e-12,7.15510041095431e-05,-9.7137026887517e-15,0.835089847663319,-1.05966035599207e-10,1.03383379250087e-23,8.1472753912616e-14
79.4328234724277,-7.15510876197611e-05,4.15179057450767e-12,7.15510041095431e-05,-9.93996389049835e-15,0.835089847663319,-1.08434301648442e-10,1.0825568780674e-23,8.33704981405943e-14
81.2830516164095,-7.15510876197611e-05,4.24849820031098e-12,7.15510041095431e-05,-1.01714953926707e-14,0.835089847663319,-1.10960060999708e-10,1.13357621191323e-23,8.53124465102258e-14
83.1763771102667,-7.15510876197611e-05,4.34745843609562e-12,7.15510041095431e-05,-1.04084199563359e-14,0.835089847663319,-1.13544652844046e-10,1.18700001288573e-23,8.72996286682407e-14
85.1138038202372,-7.15510876197611e-05,4.4487237518885e-12,7.15510041095431e-05,-1.06508632020337e-14,0.835089847663319,-1.16189447566264e-10,1.24294160002944e-23,8.93330982449228e-14
87.0963589956076,-7.15510876197611e-05,4.55234783990045e-12,7.15510041095431e-05,-1.0898953676382e-14,0.835089847663319,-1.18895847471529e-10,1.30151963295089e-23,9.14139334127576e-14
89.1250938133741,-7.15510876197611e-05,4.65838564299455e-12,7.15510041095431e-05,-1.11528229202343e-14,0.835089847663319,-1.21665287528898e-10,1.3628583635116e-23,9.35432374580943e-14
91.2010839355905,-7.15510876197611e-05,4.7668933838176e-12,7.15510041095431e-05,-1.14126055384239e-14,0.835089847663319,-1.24499236132144e-10,1.42708789938293e-23,9.57221393661225e-14
93.3254300796986,-7.15510876197611e-05,4.87792859461005e-12,7.15510041095431e-05,-1.16784392711337e-14,0.835089847663319,-1.2739919587833e-10,1.49434448002186e-23,9.79517944194749e-14
95.4992586021431,-7.15510876197611e-05,4.99155014771037e-12,7.15510041095431e-05,-1.19504650669275e-14,0.835089847663319,-1.30366704364498e-10,1.56477076565316e-23,1.00233384810774e-13
97.7237220955805,-7.15510876197611e-05,5.10781828676998e-12,7.15510041095431e-05,-1.22288271574828e-14,0.835089847663319,-1.33403335002927e-10,1.63851613987089e-23,1.02568120269445e-13
99.9999999999995,-7.15510876197611e-05,5.2267946586952e-12,7.15510041095431e-05,-1.25136731340648e-14,0.835089847663319,-1.36510697855378e-10,1.71573702650097e-23,1.04957238703132e-13
102.329299228075,-7.15510876197611e-05,5.34854234633328e-12,7.15510041095431e-05,-1.28051540257804e-14,0.835089847663319,-1.39690440486763e-10,1.79659722139713e-23,1.07402006854054e-13
104.712854805089,-7.1551087619761e-05,5.47312590191971e-12,7.15510041095431e-05,-1.31034243796568e-14,0.835089847663319,-1.42944248838717e-10,1.88126823987386e-23,1.09903720970643e-13
107.15193052376,-7.1551087619761e-05,5.60061138130472e-12,7.15510041095431e-05,-1.34086423425836e-14,0.835089847663319,-1.46273848123495e-10,1.96992968051338e-23,1.12463707494838e-13
109.647819614318,-7.1551087619761e-05,5.73106637897695e-12,7.15510041095431e-05,-1.37209697451648e-14,0.835089847663319,-1.49681003738712e-10,2.06276960611835e-23,1.1508332376538e-13
112.201845430196,-7.1551087619761e-05,5.86456006390295e-12,7.15510041095431e-05,-1.40405721875234e-14,0.835089847663319,-1.53167522203373e-10,2.15998494261823e-23,1.17763958737491e-13
114.815362149688,-7.1551087619761e-05,6.00116321620146e-12,7.15510041095431e-05,-1.43676191271047e-14,0.835089847663319,-1.56735252115718e-10,2.26178189677563e-23,1.20507033719314e-13
117.489755493952,-7.1551087619761e-05,6.14094826467199e-12,7.15510041095431e-05,-1.47022839685252e-14,0.835089847663319,-1.60386085133372e-10,2.36837639357848e-23,1.23314003125515e-13
120.226443461741,-7.1551087619761e-05,6.2839893251975e-12,7.15510041095431e-05,-1.50447441555135e-14,0.835089847663319,-1.64121956976324e-10,2.47999453424586e-23,1.26186355248426e-13
123.026877081237,-7.1551087619761e-05,6.43036224004166e-12,7.15510041095431e-05,-1.53951812649938e-14,0.835089847663319,-1.67944848453276e-10,2.59687307581903e-23,1.29125613047164e-13
125.892541179416,-7.1551087619761e-05,6.58014461806141e-12,7.15510041095431e-05,-1.57537811033601e-14,0.835089847663319,-1.7185678651189e-10,2.71925993335486e-23,1.3213333495512e-13
128.824955169313,-7.1551087619761e-05,6.73341587585616e-12,7.15510041095431e-05,-1.61207338049933e-14,0.835089847663319,-1.75859845313507e-10,2.84741470578686e-23,1.3521111570626e-13
131.82567385564,-7.15510876197609e-05,6.89025727987559e-12,7.15510041095431e-05,-1.64962339330731e-14,0.835089847663319,-1.79956147332889e-10,2.98160922656937e-23,1.38360587180678e-13
134.896288259164,-7.15510876197609e-05,7.05075198950814e-12,7.15510041095431e-05,-1.68804805827377e-14,0.835089847663319,-1.84147864483588e-10,3.12212814027275e-23,1.41583419269838e-13
138.038426460288,-7.15510876197609e-05,7.21498510117326e-12,7.15510041095431e-05,-1.72736774866469e-14,0.835089847663319,-1.88437219269522e-10,3.26926950635266e-23,1.44881320761973e-13
141.253754462275,-7.15510876197609e-05,7.38304369344064e-12,7.15510041095431e-05,-1.76760331230036e-14,0.835089847663319,-1.92826485963373e-10,3.42334543137414e-23,1.48256040248107e-13
144.543977074592,-7.15510876197609e-05,7.55501687320043e-12,7.15510041095431e-05,-1.8087760826092e-14,0.835089847663319,-1.97317991812443e-10,3.58468273103149e-23,1.51709367049181e-13
147.91083881682,-7.15510876197609e-05,7.73099582290885e-12,7.15510041095431e-05,-1.85090788993903e-14,0.835089847663319,-2.01914118272585e-10,3.75362362336813e-23,1.55243132164776e-13
151.35612484362,-7.15510876197609e-05,7.91107384893441e-12,7.15510041095431e-05,-1.89402107313177e-14,0.835089847663319,-2.06617302270883e-10,3.93052645466703e-23,1.5885920924393e-13
154.881661891247,-7.15510876197608e-05,8.09534643103011e-12,7.15510041095431e-05,-1.93813849136781e-14,0.835089847663319,-2.11430037497749e-10,4.11576645955114e-23,1.62559515578576e-13
158.48931924611,-7.15510876197608e-05,8.28391127295812e-12,7.15510041095431e-05,-1.98328353628628e-14,0.835089847663319,-2.16354875729104e-10,4.30973655690638e-23,1.66346013120111e-13
162.181009735892,-7.15510876197608e-05,8.47686835429358e-12,7.15510041095431e-05,-2.02948014438754e-14,0.835089847663319,-2.21394428179366e-10,4.51284818331526e-23,1.70220709519652e-13
165.958690743755,-7.15510876197608e-05,8.67431998343512e-12,7.15510041095431e-05,-2.0767528097247e-14,0.835089847663319,-2.26551366885949e-10,4.72553216576904e-23,1.74185659192517e-13
169.824365246173,-7.15510876197608e-05,8.87637085185006e-12,7.15510041095431e-05,-2.12512659689065e-14,0.835089847663319,-2.31828426126018e-10,4.94823963550956e-23,1.78242964407507e-13
173.780082874937,-7.15510876197607e-05,9.08312808958331e-12,7.15510041095431e-05,-2.17462715430765e-14,0.835089847663319,-2.37228403866231e-10,5.18144298493904e-23,1.8239477640155e-13
177.827941003891,-7.15510876197607e-05,9.29470132205908e-12,7.15510041095431e-05,-2.22528072782646e-14,0.835089847663319,-2.42754163246262e-10,5.42563686962773e-23,1.86643296520321e-13
181.970085860997,-7.15510876197607e-05,9.51120272820572e-12,7.15510041095431e-05,-2.27711417464223e-14,0.835089847663319,-2.48408634096878e-10,5.68133925754471e-23,1.90990777385423e-13
186.208713666285,-7.15510876197607e-05,9.7327470999345e-12,7.15510041095431e-05,-2.33015497753457e-14,0.835089847663319,-2.5419481449337e-10,5.94909252773737e-23,1.95439524088757e-13
190.546071796324,-7.15510876197606e-05,9.95945190300379e-12,7.15510041095431e-05,-2.38443125943924e-14,0.835089847663319,-2.60115772345172e-10,6.22946462079009e-23,1.99991895414711e-13
194.984459975803,-7.15510876197606e-05,1.0191437339301e-11,7.15510041095431e-05,-2.43997179835935e-14,0.835089847663319,-2.6617464702251e-10,6.52305024350236e-23,2.04650305090819e-13
199.526231496887,-7.15510876197606e-05,1.04288264105751e-11,7.15510041095431e-05,-2.49680604262379e-14,0.835089847663319,-2.72374651020938e-10,6.8304721303417e-23,2.09417223067553e-13
204.173794466952,-7.15510876197605e-05,1.0671744983654e-11,7.15510041095431e-05,-2.55496412650117e-14,0.835089847663319,-2.78719071664642e-10,7.15238236434684e-23,2.14295176827923e-13
208.929613085403,-7.15510876197605e-05,1.09203218571804e-11,7.15510041095431e-05,-2.61447688617736e-14,0.835089847663319,-2.85211272849425e-10,7.48946376028336e-23,2.19286752727578e-13
213.796208950222,-7.15510876197605e-05,1.11746888299031e-11,7.15510041095431e-05,-2.6753758761053e-14,0.835089847663319,-2.91854696826291e-10,7.84243131298535e-23,2.24394597366134e-13
218.776162394954,-7.15510876197605e-05,1.14349807705578e-11,7.15510041095431e-05,-2.73769338573554e-14,0.835089847663319,-2.98652866026567e-10,8.21203371395526e-23,2.29621418990426e-13
223.872113856832,-7.15510876197604e-05,1.1701335689377e-11,7.15510041095431e-05,-2.80146245663655e-14,0.835089847663319,-3.05609384929549e-10,8.599054939439e-23,2.34969988930466e-13
229.086765276776,-7.15510876197604e-05,1.19738948112641e-11,7.15510041095431e-05,-2.86671690001381e-14,0.835089847663319,-3.12727941973639e-10,9.00431591334469e-23,2.40443143068832e-13
234.422881531991,-7.15510876197603e-05,1.22528026506735e-11,7.15510041095431e-05,-2.93349131463693e-14,0.835089847663319,-3.20012311512007e-10,9.42867624853222e-23,2.46043783344294e-13
239.883291901947,-7.15510876197603e-05,1.25382070882332e-11,7.15510041095431e-05,-3.00182110518444e-14,0.835089847663319,-3.27466355813803e-10,9.87303607016756e-23,2.51774879290461e-13
245.470891568501,-7.15510876197602e-05,1.28302594491539e-11,7.15510041095431e-05,-3.0717425010157e-14,0.835089847663319,-3.3509402711198e-10,1.03383379250087e-22,2.57639469610261e-13
251.188643150956,-7.15510876197602e-05,1.31291145834631e-11,7.15510041095431e-05,-3.14329257538032e-14,0.835089847663319,-3.42899369698827e-10,1.08255687806739e-22,2.63640663787111e-13
257.039578276885,-7.15510876197601e-05,1.34349309481089e-11,7.15510041095431e-05,-3.21650926507481e-14,0.835089847663319,-3.50886522070297e-10,1.13357621191322e-22,2.69781643733597e-13
263.026799189536,-7.15510876197601e-05,1.37478706909757e-11,7.15510041095431e-05,-3.29143139055717e-14,0.835089847663319,-3.590597191203e-10,1.18700001288573e-22,2.76065665478572e-13
269.15348039269,-7.155108761976e-05,1.40680997368574e-11,7.15510041095431e-05,-3.36809867653005e-14,0.835089847663319,-3.67423294386099e-10,1.24294160002944e-22,2.82496060893546e-13
275.422870333815,-7.155108761976e-05,1.43957878754328e-11,7.15510041095431e-05,-3.44655177300328e-14,0.835089847663319,-3.75981682346004e-10,1.30151963295089e-22,2.89076239459283e-13
281.838293126443,-7.15510876197599e-05,1.47311088512907e-11,7.15510041095431e-05,-3.52683227684707e-14,0.835089847663319,-3.84739420770595e-10,1.3628583635116e-22,2.95809690073557e-13
288.403150312659,-7.15510876197599e-05,1.50742404560507e-11,7.15510041095431e-05,-3.60898275384718e-14,0.835089847663319,-3.93701153128706e-10,1.42708789938293e-22,3.02699982901013e-13
295.120922666636,-7.15510876197598e-05,1.54253646226317e-11,7.15510041095431e-05,-3.69304676127392e-14,0.835089847663319,-4.02871631049457e-10,1.49434448002185e-22,3.09750771266111e-13
301.9951720402,-7.15510876197597e-05,1.57846675217145e-11,7.15510041095431e-05,-3.77906887097674e-14,0.835089847663319,-4.12255716841627e-10,1.56477076565316e-22,3.1696579359017e-13
309.029543251357,-7.15510876197597e-05,1.61523396604521e-11,7.15510041095431e-05,-3.86709469301683e-14,0.835089847663319,-4.21858386071716e-10,1.63851613987089e-22,3.24348875373529e-13
316.227766016836,-7.15510876197596e-05,1.65285759834791e-11,7.15510041095431e-05,-3.95717089985022e-14,0.835089847663319,-4.31684730202055e-10,1.71573702650096e-22,3.31903931223875e-13
323.593656929626,-7.15510876197595e-05,1.69135759762741e-11,7.15510041095431e-05,-4.04934525107405e-14,0.835089847663319,-4.41739959290371e-10,1.79659722139712e-22,3.39634966931825e-13
331.131121482589,-7.15510876197594e-05,1.73075437709294e-11,7.15510041095431e-05,-4.14366661874943e-14,0.835089847663319,-4.52029404752223e-10,1.88126823987385e-22,3.47546081594842e-13
338.8441561392,-7.15510876197594e-05,1.77106882543845e-11,7.15510041095431e-05,-4.24018501331398e-14,0.835089847663319,-4.6255852218779e-10,1.96992968051337e-22,3.55641469790637e-13
346.736850452529,-7.15510876197593e-05,1.81232231791807e-11,7.15510041095431e-05,-4.33895161009807e-14,0.835089847663319,-4.73332894274507e-10,2.06276960611834e-22,3.63925423801187e-13
354.813389233573,-7.15510876197592e-05,1.85453672767957e-11,7.15510041095431e-05,-4.44001877645865e-14,0.835089847663319,-4.8435823372707e-10,2.15998494261823e-22,3.72402335888558e-13
363.078054770099,-7.15510876197591e-05,1.89773443736178e-11,7.15510041095431e-05,-4.54344009954511e-14,0.835089847663319,-4.95640386326395e-10,2.26178189677563e-22,3.81076700623745e-13
371.53522909717,-7.1551087619759e-05,1.94193835096217e-11,7.15510041095431e-05,-4.64927041471188e-14,0.835089847663319,-5.07185334019125e-10,2.36837639357847e-22,3.89953117269749e-13
380.189396320558,-7.15510876197589e-05,1.98717190598083e-11,7.15510041095431e-05,-4.7575658345929e-14,0.835089847663319,-5.18999198089345e-10,2.47999453424585e-22,3.99036292220169e-13
389.045144994278,-7.15510876197587e-05,2.03345908584737e-11,7.15510041095431e-05,-4.86838377885326e-14,0.835089847663319,-5.31088242404158e-10,2.59687307581903e-22,4.08331041494594e-13
398.107170553494,-7.15510876197586e-05,2.08082443263725e-11,7.15510041095431e-05,-4.98178300463383e-14,0.835089847663319,-5.43458876734877e-10,2.71925993335485e-22,4.1784229329212e-13
407.38027780411,-7.15510876197585e-05,2.12929306008427e-11,7.15510041095431e-05,-5.09782363770516e-14,0.835089847663319,-5.56117660155569e-10,2.84741470578685e-22,4.27575090604346e-13
416.869383470332,-7.15510876197584e-05,2.17889066689627e-11,7.15510041095431e-05,-5.21656720434687e-14,0.835089847663319,-5.69071304520764e-10,2.98160922656936e-22,4.37534593889236e-13
426.579518801589,-7.15510876197582e-05,2.22964355038089e-11,7.15510041095431e-05,-5.33807666396975e-14,0.835089847663319,-5.82326678024164e-10,3.12212814027274e-22,4.47726083807261e-13
436.515832240163,-7.15510876197581e-05,2.28157862038875e-11,7.15510041095431e-05,-5.46241644249767e-14,0.835089847663319,-5.95890808840258e-10,3.26926950635265e-22,4.58154964021276e-13
446.68359215096,-7.15510876197579e-05,2.33472341358139e-11,7.15510041095431e-05,-5.58965246652704e-14,0.835089847663319,-6.09770888850747e-10,3.42334543137413e-22,4.68826764061612e-13
457.088189614872,-7.15510876197578e-05,2.38910610803164e-11,7.15510041095431e-05,-5.71985219828195e-14,0.835089847663319,-6.23974277457776e-10,3.58468273103148e-22,4.79747142257911e-13
467.735141287195,-7.15510876197576e-05,2.44475553816392e-11,7.15510041095431e-05,-5.85308467138359e-14,0.835089847663319,-6.38508505485989e-10,3.75362362336812e-22,4.90921888739238e-13
478.630092322635,-7.15510876197575e-05,2.5017012100427e-11,7.15510041095431e-05,-5.98942052745273e-14,0.835089847663319,-6.5338127917547e-10,3.93052645466702e-22,5.02356928504094e-13
489.778819368442,-7.15510876197573e-05,2.55997331701698e-11,7.15510041095431e-05,-6.12893205356487e-14,0.835089847663319,-6.68600484267694e-10,4.11576645955112e-22,5.14058324561923e-13
501.187233627268,-7.15510876197571e-05,2.61960275572919e-11,7.15510041095431e-05,-6.27169322057782e-14,0.835089847663319,-6.84174190186649e-10,4.30973655690636e-22,5.26032281147802e-13
512.861383991361,-7.15510876197569e-05,2.68062114249702e-11,7.15510041095431e-05,-6.41777972235201e-14,0.835089847663319,-7.00110654317359e-10,4.51284818331524e-22,5.38285147012005e-13
524.807460249769,-7.15510876197567e-05,2.74306083007683e-11,7.15510041095431e-05,-6.56726901588433e-14,0.835089847663319,-7.16418326384047e-10,4.72553216576903e-22,5.508234187862e-13
537.031796370249,-7.15510876197565e-05,2.80695492481745e-11,7.15510041095431e-05,-6.72024036237696e-14,0.835089847663319,-7.33105852930301e-10,4.94823963550954e-22,5.63653744428046e-13
549.54087385762,-7.15510876197563e-05,2.87233730421364e-11,7.15510041095431e-05,-6.87677486926262e-14,0.835089847663319,-7.50182081903582e-10,5.18144298493902e-22,5.76782926746026e-13
562.341325190345,-7.1551087619756e-05,2.9392426348684e-11,7.15510041095431e-05,-7.03695553320884e-14,0.835089847663319,-7.67656067346523e-10,5.42563686962772e-22,5.90217927006392e-13
575.439937337152,-7.15510876197558e-05,3.00770639087365e-11,7.15510041095431e-05,-7.20086728412387e-14,0.835089847663319,-7.85537074197498e-10,5.68133925754469e-22,6.03965868624115e-13
588.843655355584,-7.15510876197555e-05,3.07776487261904e-11,7.15510041095431e-05,-7.36859703018772e-14,0.835089847663319,-8.03834583203028e-10,5.94909252773736e-22,6.18034040939815e-13
602.559586074353,-7.15510876197553e-05,3.14945522603893e-11,7.15510041095431e-05,-7.54023370393186e-14,0.835089847663319,-8.22558295944578e-10,6.22946462079007e-22,6.32429903084669e-13
616.595001861477,-7.1551087619755e-05,3.22281546230763e-11,7.15510041095431e-05,-7.71586830939263e-14,0.835089847663319,-8.41718139982486e-10,6.52305024350235e-22,6.47161087935339e-13
630.957344480188,-7.15510876197547e-05,3.29788447799345e-11,7.15510041095431e-05,-7.89559397036262e-14,0.835089847663319,-8.61324274119668e-10,6.83047213034168e-22,6.62235406161021e-13
645.65422903465,-7.15510876197544e-05,3.37470207568216e-11,7.15510041095431e-05,-8.07950597976625e-14,0.835089847663319,-8.81387093787964e-10,7.15238236434682e-22,6.77660850364772e-13
660.693448007591,-7.15510876197541e-05,3.45330898508087e-11,7.15510041095431e-05,-8.26770185018525e-14,0.835089847663319,-9.01917236559923e-10,7.48946376028335e-22,6.93445599321288e-13
676.082975391976,-7.15510876197537e-05,3.53374688461341e-11,7.15510041095431e-05,-8.46028136556119e-14,0.835089847663319,-9.22925587788993e-10,7.84243131298533e-22,7.09598022313401e-13
691.830970918931,-7.15510876197534e-05,3.61605842351884e-11,7.15510041095431e-05,-8.65734663410222e-14,0.835089847663319,-9.44423286381072e-10,8.21203371395524e-22,7.26126683569586e-13
707.945784384132,-7.1551087619753e-05,3.70028724446461e-11,7.15510041095431e-05,-8.85900214242217e-14,0.835089847663319,-9.66421730700511e-10,8.59905493943898e-22,7.43040346804822e-13
724.435960074984,-7.15510876197526e-05,3.78647800668649e-11,7.15510041095431e-05,-9.0653548109408e-14,0.835089847663319,-9.88932584613671e-10,9.00431591334466e-22,7.60347979867235e-13
741.310241300911,-7.15510876197522e-05,3.87467640966747e-11,7.15510041095431e-05,-9.27651405057434e-14,0.835089847663319,-1.01196778367326e-09,9.42867624853219e-22,7.78058759492969e-13
758.577575029177,-7.15510876197518e-05,3.96492921736827e-11,7.15510041095431e-05,-9.49259182074668e-14,0.835089847663319,-1.03553954144674e-09,9.87303607016752e-22,7.96182076171812e-13
776.247116628685,-7.15510876197513e-05,4.05728428302215e-11,7.15510041095431e-05,-9.71370268875168e-14,0.835089847663319,-1.05966035599207e-09,1.03383379250087e-21,8.14727539126157e-13
794.328234724275,-7.15510876197509e-05,4.1517905745074e-11,7.15510041095431e-05,-9.9399638904983e-14,0.835089847663319,-1.08434301648441e-09,1.08255687806739e-21,8.33704981405941e-13
812.830516164092,-7.15510876197504e-05,4.24849820031069e-11,7.15510041095431e-05,-1.01714953926707e-13,0.835089847663319,-1.10960060999708e-09,1.13357621191322e-21,8.53124465102255e-13
831.763771102664,-7.15510876197499e-05,4.34745843609531e-11,7.15510041095431e-05,-1.04084199563359e-13,0.835089847663319,-1.13544652844046e-09,1.18700001288573e-21,8.72996286682405e-13
851.138038202369,-7.15510876197494e-05,4.44872375188817e-11,7.15510041095431e-05,-1.06508632020336e-13,0.835089847663319,-1.16189447566263e-09,1.24294160002943e-21,8.93330982449225e-13
870.963589956073,-7.15510876197488e-05,4.5523478399001e-11,7.15510041095431e-05,-1.0898953676382e-13,0.835089847663319,-1.18895847471529e-09,1.30151963295088e-21,9.14139334127573e-13
891.250938133738,-7.15510876197482e-05,4.65838564299418e-11,7.15510041095431e-05,-1.11528229202342e-13,0.835089847663319,-1.21665287528897e-09,1.36285836351159e-21,9.3543237458094e-13
912.010839355902,-7.15510876197476e-05,4.7668933838172e-11,7.15510041095431e-05,-1.14126055384239e-13,0.835089847663319,-1.24499236132143e-09,1.42708789938292e-21,9.57221393661222e-13
933.254300796983,-7.15510876197469e-05,4.87792859460961e-11,7.15510041095431e-05,-1.16784392711337e-13,0.835089847663319,-1.27399195878329e-09,1.49434448002185e-21,9.79517944194745e-13
954.992586021428,-7.15510876197462e-05,4.9915501477099e-11,7.15510041095431e-05,-1.19504650669274e-13,0.835089847663319,-1.30366704364498e-09,1.56477076565315e-21,1.00233384810773e-12
977.237220955802,-7.15510876197456e-05,5.10781828676948e-11,7.15510041095431e-05,-1.22288271574828e-13,0.835089847663319,-1.33403335002927e-09,1.63851613987088e-21,1.02568120269445e-12
999.999999999991,-7.15510876197448e-05,5.22679465869468e-11,7.15510041095431e-05,-1.25136731340647e-13,0.835089847663319,-1.36510697855377e-09,1.71573702650096e-21,1.04957238703132e-12
1023.29299228075,-7.15510876197495e-05,5.34854234633289e-11,7.15510041095431e-05,-1.28051540257804e-13,0.835089847663319,-1.39690440486763e-09,1.79659722139712e-21,1.07402006854054e-12
1047.12854805089,-7.15510876197486e-05,5.47312590191928e-11,7.15510041095431e-05,-1.31034243796568e-13,0.835089847663319,-1.42944248838716e-09,1.88126823987384e-21,1.09903720970642e-12
1071.5193052376,-7.15510876197478e-05,5.60061138130426e-11,7.15510041095431e-05,-1.34086423425835e-13,0.835089847663319,-1.46273848123494e-09,1.96992968051337e-21,1.12463707494838e-12
1096.47819614317,-7.15510876197469e-05,5.73106637897645e-11,7.15510041095431e-05,-1.37209697451647e-13,0.835089847663319,-1.49681003738711e-09,2.06276960611833e-21,1.1508332376538e-12
1122.01845430195,-7.1551087619746e-05,5.8645600639024e-11,7.15510041095431e-05,-1.40405721875233e-13,0.835089847663319,-1.53167522203373e-09,2.15998494261822e-21,1.17763958737491e-12
1148.15362149687,-7.1551087619745e-05,6.00116321620086e-11,7.15510041095431e-05,-1.43676191271047e-13,0.835089847663319,-1.56735252115718e-09,2.26178189677562e-21,1.20507033719314e-12
1174.89755493952,-7.1551087619744e-05,6.14094826467134e-11,7.15510041095431e-05,-1.47022839685251e-13,0.835089847663319,-1.60386085133371e-09,2.36837639357846e-21,1.23314003125514e-12
1202.2644346174,-7.15510876197429e-05,6.2839893251968e-11,7.15510041095431e-05,-1.50447441555134e-13,0.835089847663319,-1.64121956976323e-09,2.47999453424584e-21,1.26186355248426e-12
1230.26877081237,-7.15510876197418e-05,6.43036224004091e-11,7.15510041095431e-05,-1.53951812649937e-13,0.835089847663319,-1.67944848453275e-09,2.59687307581901e-21,1.29125613047164e-12
1258.92541179416,-7.15510876197379e-05,6.58014461806048e-11,7.15510041095431e-05,-1.575378110336e-13,0.835089847663319,-1.7185678651189e-09,2.71925993335484e-21,1.32133334955119e-12
1288.24955169312,-7.15510876197367e-05,6.73341587585516e-11,7.15510041095431e-05,-1.61207338049933e-13,0.835089847663319,-1.75859845313506e-09,2.84741470578684e-21,1.35211115706259e-12
1318.2567385564,-7.15510876197354e-05,6.8902572798745e-11,7.15510041095431e-05,-1.64962339330731e-13,0.835089847663319,-1.79956147332889e-09,2.98160922656935e-21,1.38360587180677e-12
1348.96288259164,-7.15510876197341e-05,7.05075198950697e-11,7.15510041095431e-05,-1.68804805827377e-13,0.835089847663319,-1.84147864483588e-09,3.12212814027273e-21,1.41583419269837e-12
1380.38426460287,-7.15510876197326e-05,7.21498510117201e-11,7.15510041095431e-05,-1.72736774866468e-13,0.835089847663319,-1.88437219269521e-09,3.26926950635264e-21,1.44881320761973e-12
1412.53754462274,-7.15510876197312e-05,7.3830436934393e-11,7.15510041095431e-05,-1.76760331230035e-13,0.835089847663319,-1.92826485963373e-09,3.42334543137412e-21,1.48256040248107e-12
1445.43977074591,-7.15510876197296e-05,7.55501687319898e-11,7.15510041095431e-05,-1.8087760826092e-13,0.835089847663319,-1.97317991812443e-09,3.58468273103146e-21,1.51709367049181e-12
1479.10838816819,-7.1551087619728e-05,7.7309958229073e-11,7.15510041095431e-05,-1.85090788993903e-13,0.835089847663319,-2.01914118272584e-09,3.75362362336811e-21,1.55243132164776e-12
1513.56124843619,-7.15510876197263e-05,7.91107384893274e-11,7.15510041095431e-05,-1.89402107313176e-13,0.835089847663319,-2.06617302270882e-09,3.930526454667e-21,1.5885920924393e-12
1548.81661891247,-7.15510876197245e-05,8.09534643102832e-11,7.15510041095431e-05,-1.93813849136781e-13,0.835089847663319,-2.11430037497749e-09,4.11576645955111e-21,1.62559515578575e-12
1584.8931924611,-7.15510876197227e-05,8.2839112729562e-11,7.15510041095431e-05,-1.98328353628627e-13,0.835089847663319,-2.16354875729103e-09,4.30973655690634e-21,1.6634601312011e-12
1621.81009735892,-7.15510876197207e-05,8.47686835429152e-11,7.15510041095431e-05,-2.02948014438753e-13,0.835089847663319,-2.21394428179365e-09,4.51284818331522e-21,1.70220709519651e-12
1659.58690743755,-7.15510876197187e-05,8.67431998343289e-11,7.15510041095431e-05,-2.0767528097247e-13,0.835089847663319,-2.26551366885949e-09,4.72553216576901e-21,1.74185659192517e-12
1698.24365246173,-7.15510876197166e-05,8.87637085184767e-11,7.15510041095431e-05,-2.12512659689065e-13,0.835089847663319,-2.31828426126017e-09,4.94823963550953e-21,1.78242964407506e-12
1737.80082874936,-7.15510876197143e-05,9.08312808958075e-11,7.15510041095431e-05,-2.17462715430764e-13,0.835089847663319,-2.37228403866229e-09,5.18144298493899e-21,1.82394776401549e-12
1778.27941003891,-7.1551087619712e-05,9.29470132205633e-11,7.15510041095431e-05,-2.22528072782645e-13,0.835089847663319,-2.42754163246261e-09,5.42563686962769e-21,1.8664329652032e-12
1819.70085860997,-7.15510876197096e-05,9.51120272820276e-11,7.15510041095431e-05,-2.27711417464223e-13,0.835089847663319,-2.48408634096877e-09,5.68133925754467e-21,1.90990777385423e-12
1862.08713666285,-7.1551087619707e-05,9.73274709993132e-11,7.15510041095431e-05,-2.33015497753456e-13,0.835089847663319,-2.54194814493369e-09,5.94909252773733e-21,1.95439524088756e-12
1905.46071796323,-7.15510876197043e-05,9.95945190300039e-11,7.15510041095431e-05,-2.38443125943924e-13,0.835089847663319,-2.60115772345171e-09,6.22946462079004e-21,1.9999189541471e-12
1949.84459975803,-7.15510876197015e-05,1.01914373392973e-10,7.15510041095431e-05,-2.43997179835934e-13,0.835089847663319,-2.66174647022509e-09,6.52305024350233e-21,2.04650305090818e-12
1995.26231496886,-7.15510876196986e-05,1.04288264105712e-10,7.15510041095431e-05,-2.49680604262378e-13,0.835089847663319,-2.72374651020937e-09,6.83047213034166e-21,2.09417223067553e-12
2041.73794466951,-7.15510876196955e-05,1.06717449836498e-10,7.15510041095431e-05,-2.55496412650116e-13,0.835089847663319,-2.7871907166464e-09,7.15238236434679e-21,2.14295176827922e-12
2089.29613085402,-7.15510876196923e-05,1.09203218571759e-10,7.15510041095431e-05,-2.61447688617736e-13,0.835089847663319,-2.85211272849424e-09,7.48946376028333e-21,2.19286752727578e-12
2137.96208950221,-7.15510876196889e-05,1.11746888298982e-10,7.15510041095431e-05,-2.67537587610529e-13,0.835089847663319,-2.9185469682629e-09,7.8424313129853e-21,2.24394597366133e-12
2187.76162394953,-7.15510876196826e-05,1.14349807705524e-10,7.15510041095431e-05,-2.73769338573553e-13,0.835089847663319,-2.98652866026566e-09,8.2120337139552e-21,2.29621418990425e-12
2238.72113856832,-7.15510876196789e-05,1.17013356893712e-10,7.15510041095431e-05,-2.80146245663654e-13,0.835089847663319,-3.05609384929548e-09,8.59905493943895e-21,2.34969988930465e-12
2290.86765276775,-7.15510876196805e-05,1.19738948112584e-10,7.15510041095431e-05,-2.8667169000138e-13,0.835089847663319,-3.12727941973638e-09,9.00431591334462e-21,2.40443143068831e-12
2344.2288153199,-7.15510876196764e-05,1.22528026506673e-10,7.15510041095431e-05,-2.93349131463693e-13,0.835089847663319,-3.20012311512006e-09,9.42867624853216e-21,2.46043783344294e-12
2398.83291901947,-7.15510876196721e-05,1.25382070882265e-10,7.15510041095431e-05,-3.00182110518442e-13,0.835089847663319,-3.27466355813801e-09,9.87303607016748e-21,2.5177487929046e-12
2454.70891568501,-7.15510876196677e-05,1.28302594491467e-10,7.15510041095431e-05,-3.07174250101569e-13,0.835089847663319,-3.35094027111979e-09,1.03383379250086e-20,2.5763946961026e-12
2511.88643150955,-7.1551087619663e-05,1.31291145834554e-10,7.15510041095431e-05,-3.14329257538031e-13,0.835089847663319,-3.42899369698825e-09,1.08255687806738e-20,2.63640663787109e-12
2570.39578276884,-7.15510876196581e-05,1.34349309481006e-10,7.15510041095431e-05,-3.21650926507479e-13,0.835089847663319,-3.50886522070295e-09,1.13357621191321e-20,2.69781643733595e-12
2630.26799189535,-7.1551087619653e-05,1.37478706909668e-10,7.15510041095431e-05,-3.29143139055715e-13,0.835089847663319,-3.59059719120299e-09,1.18700001288572e-20,2.76065665478571e-12
2691.53480392689,-7.15510876196477e-05,1.40680997368478e-10,7.15510041095431e-05,-3.36809867653003e-13,0.835089847663319,-3.67423294386098e-09,1.24294160002943e-20,2.82496060893545e-12
2754.22870333814,-7.15510876196421e-05,1.43957878754226e-10,7.15510041095431e-05,-3.44655177300327e-13,0.835089847663319,-3.75981682346003e-09,1.30151963295087e-20,2.89076239459282e-12
2818.38293126442,-7.15510876196335e-05,1.47311088512794e-10,7.15510041095431e-05,-3.52683227684705e-13,0.835089847663319,-3.84739420770593e-09,1.36285836351159e-20,2.95809690073556e-12
2884.03150312657,-7.15510876196273e-05,1.50742404560387e-10,7.15510041095431e-05,-3.60898275384717e-13,0.835089847663319,-3.93701153128704e-09,1.42708789938291e-20,3.02699982901012e-12
2951.20922666635,-7.15510876196209e-05,1.54253646226188e-10,7.15510041095431e-05,-3.6930467612739e-13,0.835089847663319,-4.02871631049455e-09,1.49434448002184e-20,3.09750771266109e-12
3019.95172040198,-7.15510876196142e-05,1.57846675217006e-10,7.15510041095431e-05,-3.77906887097672e-13,0.835089847663319,-4.12255716841625e-09,1.56477076565315e-20,3.16965793590169e-12
3090.29543251356,-7.15510876196098e-05,1.61523396604375e-10,7.15510041095431e-05,-3.86709469301681e-13,0.835089847663319,-4.21858386071714e-09,1.63851613987087e-20,3.24348875373527e-12
3162.27766016834,-7.15510876196024e-05,1.65285759834634e-10,7.15510041095431e-05,-3.9571708998502e-13,0.835089847663319,-4.31684730202054e-09,1.71573702650095e-20,3.31903931223874e-12
3235.93656929625,-7.15510876195947e-05,1.69135759762573e-10,7.15510041095431e-05,-4.04934525107404e-13,0.835089847663319,-4.41739959290369e-09,1.79659722139711e-20,3.39634966931824e-12
3311.31121482588,-7.15510876195839e-05,1.73075437709111e-10,7.15510041095431e-05,-4.14366661874942e-13,0.835089847663319,-4.52029404752221e-09,1.88126823987383e-20,3.47546081594841e-12
3388.44156139199,-7.15510876195754e-05,1.77106882543648e-10,7.15510041095431e-05,-4.24018501331396e-13,0.835089847663319,-4.62558522187788e-09,1.96992968051336e-20,3.55641469790636e-12
3467.36850452528,-7.15510876195665e-05,1.81232231791596e-10,7.15510041095431e-05,-4.33895161009805e-13,0.835089847663319,-4.73332894274505e-09,2.06276960611833e-20,3.63925423801185e-12
3548.13389233572,-7.15510876195572e-05,1.85453672767731e-10,7.15510041095431e-05,-4.44001877645863e-13,0.835089847663319,-4.84358233727068e-09,2.15998494261821e-20,3.72402335888556e-12
3630.78054770097,-7.15510876195474e-05,1.89773443735936e-10,7.15510041095431e-05,-4.54344009954509e-13,0.835089847663319,-4.95640386326393e-09,2.26178189677561e-20,3.81076700623743e-12
3715.35229097168,-7.15510876195427e-05,1.94193835095964e-10,7.15510041095431e-05,-4.64927041471186e-13,0.835089847663319,-5.07185334019123e-09,2.36837639357845e-20,3.89953117269747e-12
3801.89396320557,-7.15510876195293e-05,1.98717190597809e-10,7.15510041095431e-05,-4.75756583459288e-13,0.835089847663319,-5.18999198089342e-09,2.47999453424583e-20,3.99036292220168e-12
3890.45144994276,-7.15510876195181e-05,2.03345908584443e-10,7.15510041095431e-05,-4.86838377885323e-13,0.835089847663319,-5.31088242404154e-09,2.596873075819e-20,4.08331041494593e-12
3981.07170553493,-7.15510876195064e-05,2.08082443263408e-10,7.15510041095431e-05,-4.98178300463381e-13,0.835089847663319,-5.43458876734874e-09,2.71925993335483e-20,4.17842293292119e-12
4073.80277804108,-7.15510876194941e-05,2.12929306008088e-10,7.15510041095431e-05,-5.09782363770513e-13,0.835089847663319,-5.56117660155567e-09,2.84741470578683e-20,4.27575090604345e-12
4168.69383470331,-7.1551087619484e-05,2.17889066689267e-10,7.15510041095431e-05,-5.21656720434685e-13,0.835089847663319,-5.69071304520761e-09,2.98160922656934e-20,4.37534593889234e-12
4265.79518801588,-7.15510876194705e-05,2.22964355037703e-10,7.15510041095431e-05,-5.33807666396973e-13,0.835089847663319,-5.82326678024162e-09,3.12212814027271e-20,4.47726083807259e-12
4365.15832240161,-7.15510876194564e-05,2.2815786203846e-10,7.15510041095431e-05,-5.46241644249765e-13,0.835089847663319,-5.95890808840256e-09,3.26926950635262e-20,4.58154964021274e-12
4466.83592150958,-7.15510876194417e-05,2.33472341357695e-10,7.15510041095431e-05,-5.58965246652702e-13,0.835089847663319,-6.09770888850744e-09,3.4233454313741e-20,4.6882676406161e-12
4570.8818961487,-7.15510876194235e-05,2.38910610802683e-10,7.15510041095431e-05,-5.71985219828193e-13,0.835089847663319,-6.23974277457773e-09,3.58468273103144e-20,4.79747142257909e-12
4677.35141287193,-7.15510876194101e-05,2.4447555381588e-10,7.15510041095431e-05,-5.85308467138356e-13,0.835089847663319,-6.38508505485986e-09,3.75362362336809e-20,4.90921888739236e-12
4786.30092322633,-7.15510876193931e-05,2.50170121003721e-10,7.15510041095431e-05,-5.9894205274527e-13,0.835089847663319,-6.53381279175467e-09,3.93052645466698e-20,5.02356928504092e-12
4897.78819368441,-7.15510876193727e-05,2.55997331701105e-10,7.15510041095431e-05,-6.12893205356484e-13,0.835089847663319,-6.6860048426769e-09,4.11576645955109e-20,5.14058324561921e-12
5011.87233627267,-7.15510876193541e-05,2.61960275572283e-10,7.15510041095431e-05,-6.2716932205778e-13,0.835089847663319,-6.84174190186647e-09,4.30973655690632e-20,5.26032281147799e-12
5128.61383991359,-7.15510876193401e-05,2.6806211424903e-10,7.15510041095431e-05,-6.41777972235197e-13,0.835089847663319,-7.00110654317355e-09,4.5128481833152e-20,5.38285147012002e-12
5248.07460249767,-7.1551087619317e-05,2.74306083006957e-10,7.15510041095431e-05,-6.56726901588429e-13,0.835089847663319,-7.16418326384042e-09,4.72553216576898e-20,5.50823418786198e-12
5370.31796370247,-7.15510876192957e-05,2.80695492480966e-10,7.15510041095431e-05,-6.72024036237693e-13,0.835089847663319,-7.33105852930297e-09,4.9482396355095e-20,5.63653744428043e-12
5495.40873857618,-7.15510876192761e-05,2.87233730420534e-10,7.15510041095431e-05,-6.87677486926258e-13,0.835089847663319,-7.50182081903578e-09,5.18144298493897e-20,5.76782926746024e-12
5623.41325190343,-7.15510876192527e-05,2.9392426348595e-10,7.15510041095431e-05,-7.0369555332088e-13,0.835089847663319,-7.67656067346518e-09,5.42563686962767e-20,5.9021792700639e-12
5754.3993733715,-7.15510876192255e-05,3.00770639086406e-10,7.15510041095431e-05,-7.20086728412384e-13,0.835089847663319,-7.85537074197494e-09,5.68133925754464e-20,6.03965868624112e-12
5888.43655355582,-7.15510876192026e-05,3.0777648726088e-10,7.15510041095431e-05,-7.36859703018768e-13,0.835089847663319,-8.03834583203023e-09,5.9490925277373e-20,6.18034040939812e-12
6025.59586074351,-7.15510876191731e-05,3.1494552260279e-10,7.15510041095431e-05,-7.54023370393182e-13,0.835089847663319,-8.22558295944574e-09,6.22946462079001e-20,6.32429903084667e-12
6165.95001861475,-7.15510876191504e-05,3.22281546229591e-10,7.15510041095431e-05,-7.71586830939258e-13,0.835089847663319,-8.41718139982481e-09,6.52305024350229e-20,6.47161087935336e-12
6309.57344480186,-7.15510876191182e-05,3.29788447798083e-10,7.15510041095431e-05,-7.89559397036258e-13,0.835089847663319,-8.61324274119664e-09,6.83047213034162e-20,6.62235406161018e-12
6456.54229034648,-7.15510876190874e-05,3.37470207566862e-10,7.15510041095431e-05,-8.07950597976621e-13,0.835089847663319,-8.81387093787959e-09,7.15238236434675e-20,6.77660850364769e-12
6606.93448007588,-7.15510876190579e-05,3.45330898506641e-10,7.15510041095431e-05,-8.2677018501852e-13,0.835089847663319,-9.01917236559918e-09,7.48946376028327e-20,6.93445599321284e-12
6760.82975391974,-7.15510876190214e-05,3.53374688459784e-10,7.15510041095431e-05,-8.46028136556115e-13,0.835089847663319,-9.22925587788988e-09,7.84243131298526e-20,7.09598022313398e-12
6918.30970918928,-7.15510876189887e-05,3.61605842350221e-10,7.15510041095431e-05,-8.65734663410216e-13,0.835089847663319,-9.44423286381066e-09,8.21203371395515e-20,7.26126683569582e-12
7079.45784384129,-7.15510876189544e-05,3.70028724444684e-10,7.15510041095431e-05,-8.85900214242212e-13,0.835089847663319,-9.66421730700505e-09,8.5990549394389e-20,7.43040346804818e-12
7244.35960074981,-7.15510876189129e-05,3.78647800666736e-10,7.15510041095431e-05,-9.06535481094075e-13,0.835089847663319,-9.88932584613665e-09,9.00431591334457e-20,7.60347979867232e-12
7413.10241300908,-7.1551087618875e-05,3.87467640964703e-10,7.15510041095431e-05,-9.27651405057429e-13,0.835089847663319,-1.01196778367326e-08,9.42867624853211e-20,7.78058759492966e-12
7585.77575029174,-7.15510876188297e-05,3.96492921734628e-10,7.15510041095431e-05,-9.49259182074661e-13,0.835089847663319,-1.03553954144673e-08,9.87303607016742e-20,7.96182076171809e-12
7762.47116628682,-7.15510876187879e-05,4.05728428299865e-10,7.15510041095431e-05,-9.71370268875161e-13,0.835089847663319,-1.05966035599206e-08,1.03383379250086e-19,8.14727539126153e-12
7943.28234724272,-7.15510876187439e-05,4.15179057448226e-10,7.1551004109543e-05,-9.93996389049824e-13,0.835089847663319,-1.08434301648441e-08,1.08255687806738e-19,8.33704981405937e-12
8128.30516164089,-7.15510876186924e-05,4.24849820028367e-10,7.15510041095431e-05,-1.01714953926706e-12,0.835089847663319,-1.10960060999707e-08,1.13357621191321e-19,8.53124465102251e-12
8317.63771102661,-7.1551087618644e-05,4.34745843606641e-10,7.1551004109543e-05,-1.04084199563358e-12,0.835089847663319,-1.13544652844045e-08,1.18700001288572e-19,8.72996286682401e-12
8511.38038202366,-7.15510876185904e-05,4.44872375185717e-10,7.1551004109543e-05,-1.06508632020336e-12,0.835089847663319,-1.16189447566262e-08,1.24294160002942e-19,8.93330982449221e-12
8709.6358995607,-7.15510876185371e-05,4.55234783986692e-10,7.1551004109543e-05,-1.08989536763819e-12,0.835089847663319,-1.18895847471528e-08,1.30151963295087e-19,9.14139334127569e-12
8912.50938133734,-7.15510876184783e-05,4.65838564295861e-10,7.1551004109543e-05,-1.11528229202342e-12,0.835089847663319,-1.21665287528896e-08,1.36285836351158e-19,9.35432374580936e-12
9120.10839355898,-7.15510876184168e-05,4.76689338377906e-10,7.1551004109543e-05,-1.14126055384238e-12,0.835089847663319,-1.24499236132143e-08,1.4270878993829e-19,9.57221393661217e-12
9332.54300796979,-7.15510876183552e-05,4.87792859456879e-10,7.1551004109543e-05,-1.16784392711336e-12,0.835089847663318,-1.27399195878328e-08,1.49434448002183e-19,9.7951794419474e-12
9549.92586021424,-7.15510876182905e-05,4.99155014766622e-10,7.1551004109543e-05,-1.19504650669273e-12,0.835089847663318,-1.30366704364496e-08,1.56477076565313e-19,1.00233384810773e-11
9772.37220955798,-7.15510876182172e-05,5.10781828672255e-10,7.1551004109543e-05,-1.22288271574827e-12,0.835089847663318,-1.33403335002926e-08,1.63851613987086e-19,1.02568120269444e-11
9999.99999999987,-7.1551087618146e-05,5.22679465864443e-10,7.1551004109543e-05,-1.25136731340646e-12,0.835089847663318,-1.36510697855376e-08,1.71573702650094e-19,1.04957238703132e-11
10232.9299228074,-7.15510876180686e-05,5.34854234627884e-10,7.1551004109543e-05,-1.28051540257803e-12,0.835089847663318,-1.39690440486762e-08,1.79659722139709e-19,1.07402006854053e-11
10471.2854805089,-7.15510876179875e-05,5.47312590186133e-10,7.1551004109543e-05,-1.31034243796566e-12,0.835089847663318,-1.42944248838715e-08,1.88126823987382e-19,1.09903720970642e-11
10715.1930523759,-7.15510876179026e-05,5.60061138124212e-10,7.1551004109543e-05,-1.34086423425834e-12,0.835089847663318,-1.46273848123493e-08,1.96992968051334e-19,1.12463707494837e-11
10964.7819614317,-7.15510876178165e-05,5.73106637890993e-10,7.1551004109543e-05,-1.37209697451646e-12,0.835089847663318,-1.4968100373871e-08,2.06276960611831e-19,1.15083323765379e-11
11220.1845430195,-7.15510876177261e-05,5.86456006383119e-10,7.1551004109543e-05,-1.40405721875232e-12,0.835089847663318,-1.53167522203371e-08,2.15998494261819e-19,1.1776395873749e-11
11481.5362149687,-7.15510876176314e-05,6.00116321612461e-10,7.1551004109543e-05,-1.43676191271045e-12,0.835089847663318,-1.56735252115717e-08,2.26178189677559e-19,1.20507033719313e-11
11748.9755493951,-7.15510876175294e-05,6.14094826458958e-10,7.1551004109543e-05,-1.4702283968525e-12,0.835089847663318,-1.6038608513337e-08,2.36837639357843e-19,1.23314003125514e-11
12022.644346174,-7.15510876174252e-05,6.28398932510925e-10,7.1551004109543e-05,-1.50447441555133e-12,0.835089847663318,-1.64121956976322e-08,2.47999453424581e-19,1.26186355248425e-11
12302.6877081237,-7.15510876173106e-05,6.43036223994693e-10,7.1551004109543e-05,-1.53951812649936e-12,0.835089847663318,-1.67944848453273e-08,2.59687307581898e-19,1.29125613047163e-11
12589.2541179415,-7.15510876172016e-05,6.58014461796015e-10,7.1551004109543e-05,-1.57537811033599e-12,0.835089847663318,-1.71856786511888e-08,2.7192599333548e-19,1.32133334955118e-11
12882.4955169312,-7.15510876170816e-05,6.73341587574769e-10,7.1551004109543e-05,-1.61207338049931e-12,0.835089847663318,-1.75859845313504e-08,2.84741470578679e-19,1.35211115706258e-11
13182.5673855639,-7.15510876169505e-05,6.89025727975916e-10,7.1551004109543e-05,-1.64962339330729e-12,0.835089847663318,-1.79956147332886e-08,2.98160922656931e-19,1.38360587180676e-11
13489.6288259164,-7.1551087616816e-05,7.0507519893833e-10,7.1551004109543e-05,-1.68804805827375e-12,0.835089847663318,-1.84147864483586e-08,3.12212814027268e-19,1.41583419269836e-11
13803.8426460287,-7.15510876166833e-05,7.21498510103975e-10,7.15510041095429e-05,-1.72736774866466e-12,0.835089847663317,-1.88437219269519e-08,3.26926950635259e-19,1.44881320761972e-11
14125.3754462274,-7.15510876165358e-05,7.38304369329749e-10,7.15510041095429e-05,-1.76760331230033e-12,0.835089847663317,-1.92826485963371e-08,3.42334543137406e-19,1.48256040248106e-11
14454.3977074591,-7.1551087616384e-05,7.55501687304705e-10,7.15510041095429e-05,-1.80877608260918e-12,0.835089847663317,-1.9731799181244e-08,3.5846827310314e-19,1.5170936704918e-11
14791.0838816819,-7.15510876162277e-05,7.73099582274464e-10,7.15510041095429e-05,-1.850907889939e-12,0.835089847663317,-2.01914118272581e-08,3.75362362336804e-19,1.55243132164774e-11
15135.6124843619,-7.15510876160557e-05,7.91107384875819e-10,7.15510041095429e-05,-1.89402107313174e-12,0.835089847663317,-2.0661730227088e-08,3.93052645466693e-19,1.58859209243929e-11
15488.1661891246,-7.15510876158838e-05,8.09534643084143e-10,7.15510041095429e-05,-1.93813849136778e-12,0.835089847663317,-2.11430037497745e-08,4.11576645955103e-19,1.62559515578574e-11
15848.9319246109,-7.15510876156954e-05,8.28391127275567e-10,7.15510041095429e-05,-1.98328353628624e-12,0.835089847663317,-2.163548757291e-08,4.30973655690626e-19,1.66346013120109e-11
16218.1009735891,-7.15510876155037e-05,8.47686835407665e-10,7.15510041095429e-05,-2.02948014438751e-12,0.835089847663317,-2.21394428179361e-08,4.51284818331514e-19,1.7022070951965e-11
16595.8690743754,-7.15510876153028e-05,8.67431998320265e-10,7.15510041095429e-05,-2.07675280972467e-12,0.835089847663317,-2.26551366885945e-08,4.72553216576892e-19,1.74185659192516e-11
16982.4365246172,-7.15510876150977e-05,8.87637085160125e-10,7.15510041095429e-05,-2.12512659689062e-12,0.835089847663316,-2.31828426126014e-08,4.94823963550943e-19,1.78242964407505e-11
17378.0082874935,-7.15510876148772e-05,9.08312808931667e-10,7.15510041095428e-05,-2.17462715430761e-12,0.835089847663316,-2.37228403866226e-08,5.1814429849389e-19,1.82394776401548e-11
17782.794100389,-7.15510876146435e-05,9.29470132177317e-10,7.15510041095428e-05,-2.22528072782642e-12,0.835089847663316,-2.42754163246257e-08,5.42563686962758e-19,1.86643296520319e-11
18197.0085860996,-7.15510876144068e-05,9.51120272789962e-10,7.15510041095428e-05,-2.27711417464219e-12,0.835089847663316,-2.48408634096873e-08,5.68133925754455e-19,1.90990777385421e-11
18620.8713666284,-7.15510876141532e-05,9.73274709960644e-10,7.15510041095428e-05,-2.33015497753452e-12,0.835089847663316,-2.54194814493364e-08,5.9490925277372e-19,1.95439524088755e-11
19054.6071796322,-7.15510876138876e-05,9.95945190265221e-10,7.15510041095428e-05,-2.38443125943919e-12,0.835089847663316,-2.60115772345166e-08,6.2294646207899e-19,1.99991895414708e-11
19498.4459975802,-7.15510876136147e-05,1.01914373389245e-09,7.15510041095428e-05,-2.4399717983593e-12,0.835089847663315,-2.66174647022504e-08,6.52305024350217e-19,2.04650305090816e-11
19952.6231496885,-7.15510876133231e-05,1.04288264101716e-09,7.15510041095428e-05,-2.49680604262373e-12,0.835089847663315,-2.72374651020931e-08,6.83047213034148e-19,2.09417223067551e-11
20417.379446695,-7.15510876130204e-05,1.06717449832216e-09,7.15510041095428e-05,-2.55496412650111e-12,0.835089847663315,-2.78719071664635e-08,7.15238236434662e-19,2.1429517682792e-11
20892.9613085401,-7.15510876127058e-05,1.09203218567174e-09,7.15510041095427e-05,-2.6144768861773e-12,0.835089847663315,-2.85211272849417e-08,7.48946376028312e-19,2.19286752727576e-11
21379.620895022,-7.15510876123707e-05,1.11746888294067e-09,7.15510041095427e-05,-2.67537587610523e-12,0.835089847663315,-2.91854696826283e-08,7.84243131298508e-19,2.24394597366131e-11
21877.6162394952,-7.15510876120196e-05,1.14349807700258e-09,7.15510041095427e-05,-2.73769338573547e-12,0.835089847663315,-2.98652866026559e-08,8.21203371395497e-19,2.29621418990423e-11
22387.2113856831,-7.15510876116491e-05,1.17013356888065e-09,7.15510041095427e-05,-2.80146245663647e-12,0.835089847663315,-3.0560938492954e-08,8.5990549394387e-19,2.34969988930462e-11
22908.6765276774,-7.15510876112666e-05,1.19738948106529e-09,7.15510041095427e-05,-2.86671690001373e-12,0.835089847663314,-3.1272794197363e-08,9.00431591334435e-19,2.40443143068829e-11
23442.2881531989,-7.15510876108658e-05,1.22528026500184e-09,7.15510041095426e-05,-2.93349131463685e-12,0.835089847663314,-3.20012311511997e-08,9.42867624853187e-19,2.46043783344291e-11
23988.3291901946,-7.15510876104513e-05,1.25382070875317e-09,7.15510041095426e-05,-3.00182110518434e-12,0.835089847663314,-3.27466355813792e-08,9.87303607016717e-19,2.51774879290457e-11
24547.08915685,-7.1551087610014e-05,1.28302594484024e-09,7.15510041095426e-05,-3.0717425010156e-12,0.835089847663313,-3.35094027111969e-08,1.03383379250083e-18,2.57639469610257e-11
25118.8643150954,-7.1551087609553e-05,1.31291145826577e-09,7.15510041095426e-05,-3.14329257538022e-12,0.835089847663313,-3.42899369698815e-08,1.08255687806735e-18,2.63640663787106e-11
25703.9578276883,-7.15510876090728e-05,1.34349309472459e-09,7.15510041095425e-05,-3.2165092650747e-12,0.835089847663313,-3.50886522070285e-08,1.13357621191317e-18,2.69781643733592e-11
26302.6799189534,-7.15510876085695e-05,1.3747870690051e-09,7.15510041095425e-05,-3.29143139055705e-12,0.835089847663312,-3.59059719120288e-08,1.18700001288568e-18,2.76065665478568e-11
26915.3480392688,-7.15510876080394e-05,1.40680997358663e-09,7.15510041095425e-05,-3.36809867652993e-12,0.835089847663312,-3.67423294386086e-08,1.24294160002938e-18,2.82496060893541e-11
27542.2870333813,-7.15510876074896e-05,1.43957878743712e-09,7.15510041095424e-05,-3.44655177300315e-12,0.835089847663312,-3.75981682345989e-08,1.30151963295082e-18,2.89076239459278e-11
28183.8293126441,-7.15510876069105e-05,1.4731108850153e-09,7.15510041095424e-05,-3.52683227684693e-12,0.835089847663311,-3.84739420770579e-08,1.36285836351153e-18,2.95809690073552e-11
28840.3150312656,-7.15510876063065e-05,1.50742404548319e-09,7.15510041095424e-05,-3.60898275384703e-12,0.835089847663311,-3.9370115312869e-08,1.42708789938285e-18,3.02699982901008e-11
29512.0922666634,-7.15510876056681e-05,1.54253646213253e-09,7.15510041095424e-05,-3.69304676127376e-12,0.835089847663311,-4.02871631049439e-08,1.49434448002177e-18,3.09750771266105e-11
30199.5172040197,-7.15510876050048e-05,1.57846675203147e-09,7.15510041095423e-05,-3.77906887097657e-12,0.83508984766331,-4.12255716841608e-08,1.56477076565307e-18,3.16965793590164e-11
30902.9543251354,-7.15510876043098e-05,1.61523396589522e-09,7.15510041095423e-05,-3.86709469301666e-12,0.83508984766331,-4.21858386071695e-08,1.63851613987079e-18,3.24348875373522e-11
31622.7766016833,-7.15510876035841e-05,1.65285759818722e-09,7.15510041095422e-05,-3.95717089985003e-12,0.835089847663309,-4.31684730202034e-08,1.71573702650086e-18,3.31903931223869e-11
32359.3656929623,-7.15510876028182e-05,1.6913575974552e-09,7.15510041095422e-05,-4.04934525107386e-12,0.835089847663309,-4.41739959290349e-08,1.79659722139702e-18,3.39634966931818e-11
33113.1121482586,-7.15510876020185e-05,1.7307543769084e-09,7.15510041095422e-05,-4.14366661874922e-12,0.835089847663309,-4.52029404752198e-08,1.88126823987373e-18,3.47546081594835e-11
33884.4156139197,-7.15510876011861e-05,1.77106882524075e-09,7.15510041095421e-05,-4.24018501331376e-12,0.835089847663308,-4.62558522187764e-08,1.96992968051325e-18,3.55641469790629e-11
34673.6850452526,-7.1551087600311e-05,1.81232231770623e-09,7.15510041095421e-05,-4.33895161009783e-12,0.835089847663307,-4.7333289427448e-08,2.06276960611821e-18,3.63925423801179e-11
35481.338923357,-7.15510875993939e-05,1.85453672745258e-09,7.1551004109542e-05,-4.4400187764584e-12,0.835089847663307,-4.84358233727041e-08,2.15998494261808e-18,3.72402335888549e-11
36307.8054770096,-7.1551087598433e-05,1.89773443711855e-09,7.1551004109542e-05,-4.54344009954483e-12,0.835089847663306,-4.95640386326363e-08,2.26178189677547e-18,3.81076700623736e-11
37153.5229097167,-7.15510875974289e-05,1.94193835070156e-09,7.15510041095419e-05,-4.64927041471159e-12,0.835089847663306,-5.07185334019092e-08,2.3683763935783e-18,3.8995311726974e-11
38018.9396320555,-7.15510875963767e-05,1.98717190570159e-09,7.15510041095419e-05,-4.75756583459259e-12,0.835089847663305,-5.18999198089309e-08,2.47999453424566e-18,3.99036292220159e-11
38904.5144994275,-7.15510875952742e-05,2.03345908554815e-09,7.15510041095418e-05,-4.86838377885292e-12,0.835089847663304,-5.3108824240412e-08,2.59687307581882e-18,4.08331041494584e-11
39810.7170553491,-7.15510875941216e-05,2.08082443231664e-09,7.15510041095417e-05,-4.98178300463348e-12,0.835089847663303,-5.43458876734836e-08,2.71925993335462e-18,4.17842293292109e-11
40738.0277804107,-7.15510875929111e-05,2.12929305974071e-09,7.15510041095417e-05,-5.09782363770478e-12,0.835089847663303,-5.56117660155527e-08,2.84741470578661e-18,4.27575090604334e-11
41686.9383470329,-7.15510875916455e-05,2.17889066652814e-09,7.15510041095416e-05,-5.21656720434647e-12,0.835089847663302,-5.69071304520718e-08,2.9816092265691e-18,4.37534593889223e-11
42657.9518801586,-7.15510875903194e-05,2.22964354998641e-09,7.15510041095415e-05,-5.33807666396934e-12,0.835089847663301,-5.82326678024117e-08,3.12212814027246e-18,4.47726083807248e-11
43651.5832240159,-7.15510875889299e-05,2.28157861996603e-09,7.15510041095414e-05,-5.46241644249723e-12,0.8350898476633,-5.95890808840207e-08,3.26926950635234e-18,4.58154964021262e-11
44668.3592150956,-7.15510875874821e-05,2.33472341312852e-09,7.15510041095414e-05,-5.58965246652656e-12,0.835089847663299,-6.09770888850692e-08,3.4233454313738e-18,4.68826764061597e-11
45708.8189614868,-7.15510875859594e-05,2.38910610754635e-09,7.15510041095413e-05,-5.71985219828144e-12,0.835089847663298,-6.23974277457717e-08,3.58468273103111e-18,4.79747142257894e-11
46773.5141287191,-7.15510875843666e-05,2.44475553764393e-09,7.15510041095412e-05,-5.85308467138304e-12,0.835089847663297,-6.38508505485927e-08,3.75362362336772e-18,4.90921888739221e-11
47863.0092322631,-7.15510875826976e-05,2.50170120948551e-09,7.15510041095411e-05,-5.98942052745214e-12,0.835089847663296,-6.53381279175403e-08,3.93052645466658e-18,5.02356928504076e-11
48977.8819368439,-7.15510875809542e-05,2.55997331641999e-09,7.1551004109541e-05,-6.12893205356424e-12,0.835089847663295,-6.68600484267622e-08,4.11576645955065e-18,5.14058324561904e-11
50118.7233627264,-7.15510875791219e-05,2.61960275508945e-09,7.15510041095409e-05,-6.27169322057715e-12,0.835089847663294,-6.84174190186572e-08,4.30973655690584e-18,5.26032281147781e-11
51286.1383991357,-7.15510875772047e-05,2.68062114181151e-09,7.15510041095408e-05,-6.41777972235128e-12,0.835089847663293,-7.00110654317276e-08,4.51284818331467e-18,5.38285147011983e-11
52480.7460249764,-7.15510875752013e-05,2.74306082934232e-09,7.15510041095407e-05,-6.56726901588356e-12,0.835089847663292,-7.16418326383959e-08,4.72553216576841e-18,5.50823418786177e-11
53703.1796370244,-7.1551087573102e-05,2.80695492403042e-09,7.15510041095406e-05,-6.72024036237614e-12,0.83508984766329,-7.33105852930207e-08,4.94823963550887e-18,5.63653744428021e-11
54954.0873857616,-7.15510875709049e-05,2.87233730337036e-09,7.15510041095405e-05,-6.87677486926174e-12,0.835089847663289,-7.50182081903482e-08,5.18144298493829e-18,5.76782926746001e-11
56234.132519034,-7.15510875686026e-05,2.93924263396482e-09,7.15510041095403e-05,-7.0369555332079e-12,0.835089847663287,-7.67656067346415e-08,5.42563686962691e-18,5.90217927006365e-11
57543.9937337148,-7.15510875661847e-05,3.00770638990532e-09,7.15510041095402e-05,-7.20086728412288e-12,0.835089847663286,-7.85537074197385e-08,5.68133925754382e-18,6.03965868624086e-11
58884.365535558,-7.15510875636624e-05,3.07776487158151e-09,7.15510041095401e-05,-7.36859703018664e-12,0.835089847663285,-8.03834583202905e-08,5.9490925277364e-18,6.18034040939784e-11
60255.9586074348,-7.15510875610219e-05,3.14945522492726e-09,7.15510041095399e-05,-7.54023370393071e-12,0.835089847663283,-8.22558295944447e-08,6.22946462078903e-18,6.32429903084637e-11
61659.5001861472,-7.15510875582522e-05,3.22281546111642e-09,7.15510041095398e-05,-7.71586830939141e-12,0.835089847663281,-8.41718139982347e-08,6.52305024350122e-18,6.47161087935304e-11
63095.7344480183,-7.15510875553555e-05,3.29788447671709e-09,7.15510041095396e-05,-7.89559397036132e-12,0.835089847663279,-8.61324274119519e-08,6.83047213034044e-18,6.62235406160984e-11
64565.4229034645,-7.15510875523174e-05,3.37470207431447e-09,7.15510041095395e-05,-8.07950597976486e-12,0.835089847663277,-8.81387093787805e-08,7.15238236434547e-18,6.77660850364732e-11
66069.3448007586,-7.15510875491368e-05,3.45330898361531e-09,7.15510041095393e-05,-8.26770185018376e-12,0.835089847663276,-9.01917236559753e-08,7.48946376028187e-18,6.93445599321246e-11
67608.2975391971,-7.15510875458068e-05,3.53374688304301e-09,7.15510041095391e-05,-8.4602813655596e-12,0.835089847663274,-9.22925587788811e-08,7.84243131298372e-18,7.09598022313357e-11
69183.0970918925,-7.15510875423258e-05,3.61605842183622e-09,7.15510041095389e-05,-8.65734663410051e-12,0.835089847663271,-9.44423286380877e-08,8.21203371395347e-18,7.26126683569538e-11
70794.5784384127,-7.1551087538678e-05,3.70028724266169e-09,7.15510041095387e-05,-8.85900214242035e-12,0.835089847663269,-9.66421730700302e-08,8.59905493943706e-18,7.43040346804771e-11
72443.5960074979,-7.15510875348555e-05,3.7864780047546e-09,7.15510041095385e-05,-9.06535481093885e-12,0.835089847663267,-9.88932584613448e-08,9.00431591334255e-18,7.60347979867181e-11
74131.0241300906,-7.15510875308503e-05,3.87467640759733e-09,7.15510041095383e-05,-9.27651405057225e-12,0.835089847663264,-1.01196778367303e-07,9.4286762485299e-18,7.78058759492912e-11
75857.7575029172,-7.15510875266617e-05,3.96492921515011e-09,7.15510041095381e-05,-9.49259182074444e-12,0.835089847663261,-1.03553954144648e-07,9.87303607016501e-18,7.96182076171751e-11
77624.7116628679,-7.15510875222727e-05,4.05728428064533e-09,7.15510041095378e-05,-9.71370268874927e-12,0.835089847663259,-1.0596603559918e-07,1.03383379250059e-17,8.14727539126092e-11
79432.8234724269,-7.15510875176792e-05,4.15179057196061e-09,7.15510041095376e-05,-9.93996389049575e-12,0.835089847663256,-1.08434301648412e-07,1.08255687806709e-17,8.33704981405871e-11
81283.0516164086,-7.15510875128713e-05,4.24849819758185e-09,7.15510041095373e-05,-1.01714953926679e-11,0.835089847663253,-1.10960060999676e-07,1.13357621191289e-17,8.53124465102181e-11
83176.3771102658,-7.15510875078306e-05,4.34745843317122e-09,7.1551004109537e-05,-1.04084199563329e-11,0.83508984766325,-1.13544652844012e-07,1.18700001288537e-17,8.72996286682325e-11
85113.8038202363,-7.15510875025569e-05,4.44872374875498e-09,7.15510041095368e-05,-1.06508632020305e-11,0.835089847663246,-1.16189447566227e-07,1.24294160002904e-17,8.9333098244914e-11
87096.3589956067,-7.15510874970336e-05,4.55234783654283e-09,7.15510041095365e-05,-1.08989536763786e-11,0.835089847663243,-1.18895847471491e-07,1.30151963295045e-17,9.14139334127482e-11
89125.0938133731,-7.15510874912514e-05,4.65838563939686e-09,7.15510041095361e-05,-1.11528229202306e-11,0.835089847663239,-1.21665287528856e-07,1.36285836351112e-17,9.35432374580844e-11
91201.0839355895,-7.15510874851898e-05,4.76689337996245e-09,7.15510041095358e-05,-1.141260553842e-11,0.835089847663236,-1.244992361321e-07,1.42708789938241e-17,9.57221393661119e-11
93325.4300796976,-7.1551087478852e-05,4.87792859047931e-09,7.15510041095355e-05,-1.16784392711296e-11,0.835089847663232,-1.27399195878282e-07,1.49434448002128e-17,9.79517944194635e-11
95499.258602142,-7.15510874722081e-05,4.99155014328412e-09,7.15510041095351e-05,-1.1950465066923e-11,0.835089847663228,-1.30366704364447e-07,1.56477076565254e-17,1.00233384810762e-10
97723.7220955795,-7.15510874652546e-05,5.10781828202718e-09,7.15510041095347e-05,-1.22288271574781e-11,0.835089847663223,-1.33403335002873e-07,1.63851613987021e-17,1.02568120269432e-10
99999.9999999984,-7.15510874579711e-05,5.22679465361315e-09,7.15510041095344e-05,-1.25136731340597e-11,0.835089847663219,-1.3651069785532e-07,1.71573702650022e-17,1.04957238703119e-10
102329.299228074,-7.15510874503474e-05,5.3485423408878e-09,7.1551004109534e-05,-1.2805154025775e-11,0.835089847663214,-1.39690440486701e-07,1.79659722139631e-17,1.07402006854039e-10
104712.854805088,-7.15510874423643e-05,5.47312589608482e-09,7.15510041095335e-05,-1.3103424379651e-11,0.835089847663209,-1.4294424883865e-07,1.88126823987296e-17,1.09903720970627e-10
107151.930523759,-7.15510874340019e-05,5.60061137505246e-09,7.15510041095331e-05,-1.34086423425773e-11,0.835089847663204,-1.46273848123424e-07,1.9699296805124e-17,1.12463707494821e-10
109647.819614317,-7.15510874252477e-05,5.73106637227755e-09,7.15510041095326e-05,-1.37209697451581e-11,0.835089847663199,-1.49681003738636e-07,2.06276960611728e-17,1.15083323765363e-10
112201.845430195,-7.155108741608e-05,5.8645600567244e-09,7.15510041095321e-05,-1.40405721875162e-11,0.835089847663193,-1.53167522203292e-07,2.15998494261706e-17,1.17763958737472e-10
114815.362149686,-7.15510874064793e-05,6.00116320850945e-09,7.15510041095316e-05,-1.43676191270971e-11,0.835089847663187,-1.56735252115631e-07,2.26178189677435e-17,1.20507033719294e-10
117489.755493951,-7.15510873964328e-05,6.14094825643004e-09,7.1551004109531e-05,-1.4702283968517e-11,0.835089847663181,-1.60386085133278e-07,2.36837639357707e-17,1.23314003125493e-10
120226.443461739,-7.15510873859054e-05,6.28398931636602e-09,7.15510041095305e-05,-1.50447441555047e-11,0.835089847663174,-1.64121956976224e-07,2.47999453424432e-17,1.26186355248403e-10
123026.877081236,-7.15510873748826e-05,6.43036223057851e-09,7.15510041095299e-05,-1.53951812649844e-11,0.835089847663167,-1.67944848453169e-07,2.59687307581735e-17,1.2912561304714e-10
125892.541179415,-7.15510873633407e-05,6.58014460792141e-09,7.15510041095293e-05,-1.57537811033501e-11,0.83508984766316,-1.71856786511775e-07,2.71925993335301e-17,1.32133334955093e-10
128824.955169311,-7.15510873512575e-05,6.73341586499102e-09,7.15510041095286e-05,-1.61207338049826e-11,0.835089847663153,-1.75859845313384e-07,2.84741470578484e-17,1.35211115706231e-10
131825.673855639,-7.15510873386043e-05,6.89025726823342e-09,7.15510041095279e-05,-1.64962339330616e-11,0.835089847663145,-1.79956147332758e-07,2.98160922656716e-17,1.38360587180647e-10
134896.288259163,-7.15510873253511e-05,7.05075197703322e-09,7.15510041095272e-05,-1.68804805827254e-11,0.835089847663137,-1.84147864483448e-07,3.12212814027033e-17,1.41583419269805e-10
138038.426460286,-7.15510873114748e-05,7.2149850878061e-09,7.15510041095264e-05,-1.72736774866337e-11,0.835089847663128,-1.88437219269371e-07,3.26926950635001e-17,1.44881320761938e-10
141253.754462273,-7.15510872969482e-05,7.38304367911759e-09,7.15510041095256e-05,-1.76760331229894e-11,0.835089847663119,-1.92826485963212e-07,3.42334543137124e-17,1.4825604024807e-10
144543.97707459,-7.15510872817347e-05,7.55501685785301e-09,7.15510041095248e-05,-1.80877608260769e-11,0.835089847663109,-1.97317991812271e-07,3.58468273102831e-17,1.51709367049142e-10
147910.838816818,-7.15510872658042e-05,7.73099580646381e-09,7.1551004109524e-05,-1.85090788993741e-11,0.835089847663099,-2.01914118272399e-07,3.75362362336465e-17,1.55243132164734e-10
151356.124843618,-7.15510872491197e-05,7.91107383131309e-09,7.15510041095231e-05,-1.89402107313003e-11,0.835089847663089,-2.06617302270685e-07,3.93052645466322e-17,1.58859209243885e-10
154881.661891246,-7.15510872316533e-05,8.09534641214861e-09,7.15510041095221e-05,-1.93813849136596e-11,0.835089847663078,-2.11430037497537e-07,4.11576645954696e-17,1.62559515578527e-10
158489.319246109,-7.15510872133649e-05,8.28391125272636e-09,7.15510041095211e-05,-1.98328353628428e-11,0.835089847663067,-2.16354875728876e-07,4.30973655690179e-17,1.66346013120059e-10
162181.00973589,-7.15510871942095e-05,8.47686833261474e-09,7.15510041095201e-05,-2.02948014438541e-11,0.835089847663055,-2.21394428179121e-07,4.51284818331024e-17,1.70220709519596e-10
165958.690743753,-7.1551087174154e-05,8.67431996020582e-09,7.1551004109519e-05,-2.07675280972242e-11,0.835089847663043,-2.26551366885688e-07,4.72553216576354e-17,1.74185659192458e-10
169824.365246172,-7.15510871531526e-05,8.8763708269594e-09,7.15510041095179e-05,-2.12512659688821e-11,0.835089847663029,-2.31828426125738e-07,4.94823963550353e-17,1.78242964407443e-10
173780.082874935,-7.15510871311655e-05,9.08312806291267e-09,7.15510041095167e-05,-2.17462715430503e-11,0.835089847663016,-2.37228403865931e-07,5.18144298493244e-17,1.82394776401481e-10
177827.941003889,-7.15510871081345e-05,9.29470129348075e-09,7.15510041095154e-05,-2.22528072782365e-11,0.835089847663002,-2.42754163245941e-07,5.4256368696205e-17,1.86643296520248e-10
181970.085860995,-7.15510870840234e-05,9.51120269758355e-09,7.15510041095141e-05,-2.27711417463923e-11,0.835089847662987,-2.48408634096535e-07,5.68133925753679e-17,1.90990777385345e-10
186208.713666284,-7.15510870587751e-05,9.73274706712228e-09,7.15510041095127e-05,-2.33015497753135e-11,0.835089847662971,-2.54194814493001e-07,5.94909252772869e-17,1.95439524088673e-10
190546.071796322,-7.15510870323379e-05,9.95945186784495e-09,7.15510041095113e-05,-2.38443125943579e-11,0.835089847662954,-2.60115772344777e-07,6.22946462078058e-17,1.99991895414621e-10
194984.459975801,-7.1551087004652e-05,1.01914373016275e-08,7.15510041095098e-05,-2.43997179835566e-11,0.835089847662937,-2.66174647022087e-07,6.52305024349195e-17,2.04650305090723e-10
199526.231496885,-7.15510869756661e-05,1.04288263702075e-08,7.15510041095082e-05,-2.49680604261983e-11,0.835089847662919,-2.72374651020485e-07,6.83047213033028e-17,2.09417223067451e-10
204173.79446695,-7.15510869453095e-05,1.06717449403992e-08,7.15510041095066e-05,-2.55496412649693e-11,0.8350898476629,-2.78719071664157e-07,7.15238236433433e-17,2.14295176827813e-10
208929.6130854,-7.15510869135251e-05,1.09203218108322e-08,7.15510041095049e-05,-2.61447688617282e-11,0.83508984766288,-2.85211272848906e-07,7.48946376026965e-17,2.19286752727461e-10
213796.20895022,-7.1551086880239e-05,1.11746887802399e-08,7.15510041095031e-05,-2.67537587610044e-11,0.83508984766286,-2.91854696825735e-07,7.84243131297033e-17,2.24394597366008e-10
218776.162394952,-7.15510868453849e-05,1.14349807173427e-08,7.15510041095012e-05,-2.73769338573033e-11,0.835089847662838,-2.98652866025971e-07,8.21203371393879e-17,2.29621418990291e-10
223872.11385683,-7.15510868088959e-05,1.17013356323564e-08,7.15510041094992e-05,-2.80146245663097e-11,0.835089847662815,-3.05609384928911e-07,8.59905493942096e-17,2.34969988930321e-10
229086.765276773,-7.15510867706745e-05,1.1973894750165e-08,7.15510041094972e-05,-2.86671690000783e-11,0.835089847662792,-3.12727941972955e-07,9.0043159133249e-17,2.40443143068677e-10
234422.881531988,-7.15510867306601e-05,1.22528025852047e-08,7.1551004109495e-05,-2.93349131463053e-11,0.835089847662767,-3.20012311511275e-07,9.42867624851055e-17,2.46043783344129e-10
239883.291901945,-7.15510866887556e-05,1.2538207018082e-08,7.15510041094927e-05,-3.00182110517757e-11,0.835089847662741,-3.27466355813018e-07,9.87303607014379e-17,2.51774879290284e-10
245470.891568499,-7.1551086644879e-05,1.28302593739856e-08,7.15510041094904e-05,-3.07174250100835e-11,0.835089847662714,-3.3509402711114e-07,1.03383379249827e-16,2.57639469610072e-10
251188.643150954,-7.15510865989384e-05,1.31291145029191e-08,7.15510041094878e-05,-3.14329257537244e-11,0.835089847662685,-3.42899369697926e-07,1.08255687806454e-16,2.63640663786907e-10
257039.578276882,-7.15510865508243e-05,1.34349308618041e-08,7.15510041094853e-05,-3.21650926506637e-11,0.835089847662655,-3.50886522069332e-07,1.13357621191009e-16,2.69781643733379e-10
263026.799189534,-7.15510865004491e-05,1.37478705984986e-08,7.15510041094825e-05,-3.29143139054813e-11,0.835089847662624,-3.59059719119267e-07,1.1870000128823e-16,2.7606566547834e-10
269153.480392687,-7.1551086447699e-05,1.40680996377665e-08,7.15510041094797e-05,-3.36809867652036e-11,0.835089847662591,-3.67423294384992e-07,1.24294160002568e-16,2.82496060893297e-10
275422.870333812,-7.15510863924631e-05,1.43957877692553e-08,7.15510041094767e-05,-3.4465517729929e-11,0.835089847662557,-3.75981682344818e-07,1.30151963294676e-16,2.89076239459016e-10
281838.29312644,-7.15510863346171e-05,1.47311087375189e-08,7.15510041094736e-05,-3.52683227683595e-11,0.835089847662521,-3.84739420769324e-07,1.36285836350708e-16,2.95809690073271e-10
288403.150312656,-7.155108627405e-05,1.5074240334142e-08,7.15510041094703e-05,-3.60898275383527e-11,0.835089847662483,-3.93701153127345e-07,1.42708789937798e-16,3.02699982900707e-10
295120.922666633,-7.15510862106286e-05,1.54253644920043e-08,7.15510041094668e-05,-3.69304676126116e-11,0.835089847662444,-4.02871631047998e-07,1.49434448001642e-16,3.09750771265782e-10
301995.172040196,-7.15510861442164e-05,1.57846673817445e-08,7.15510041094633e-05,-3.77906887096306e-11,0.835089847662403,-4.12255716840064e-07,1.56477076564721e-16,3.16965793589818e-10
309029.543251354,-7.15510860746759e-05,1.61523395104715e-08,7.15510041094595e-05,-3.86709469300219e-11,0.835089847662359,-4.21858386070041e-07,1.63851613986436e-16,3.24348875373152e-10
316227.766016832,-7.15510860018599e-05,1.65285758227721e-08,7.15510041094556e-05,-3.95717089983453e-11,0.835089847662314,-4.31684730200261e-07,1.71573702649382e-16,3.31903931223472e-10
323593.656929623,-7.15510859256117e-05,1.69135758040736e-08,7.15510041094514e-05,-4.04934525105725e-11,0.835089847662267,-4.41739959288449e-07,1.79659722138929e-16,3.39634966931394e-10
331131.121482585,-7.15510858457699e-05,1.73075435864134e-08,7.15510041094471e-05,-4.14366661873142e-11,0.835089847662217,-4.52029404750163e-07,1.88126823986526e-16,3.4754608159438e-10
338844.156139197,-7.15510857621651e-05,1.77106880566721e-08,7.15510041094426e-05,-4.24018501329468e-11,0.835089847662165,-4.62558522185583e-07,1.96992968050396e-16,3.55641469790142e-10
346736.850452526,-7.15510856746175e-05,1.81232229673279e-08,7.15510041094378e-05,-4.33895161007739e-11,0.835089847662111,-4.73332894272143e-07,2.06276960610802e-16,3.63925423800656e-10
354813.389233569,-7.15510855829466e-05,1.85453670497914e-08,7.15510041094329e-05,-4.44001877643649e-11,0.835089847662054,-4.84358233724537e-07,2.1599849426069e-16,3.7240233588799e-10
363078.054770095,-7.15510854869523e-05,1.89773441303782e-08,7.15510041094277e-05,-4.54344009952137e-11,0.835089847661994,-4.9564038632368e-07,2.26178189676322e-16,3.81076700623136e-10
371535.229097166,-7.1551085386436e-05,1.94193832489857e-08,7.15510041094222e-05,-4.64927041468645e-11,0.835089847661932,-5.07185334016217e-07,2.36837639356487e-16,3.89953117269097e-10
380189.396320554,-7.15510852811815e-05,1.98717187805317e-08,7.15510041094165e-05,-4.75756583456565e-11,0.835089847661866,-5.18999198086229e-07,2.47999453423094e-16,3.99036292219471e-10
389045.144994274,-7.15510851709727e-05,2.03345905592241e-08,7.15510041094106e-05,-4.86838377882406e-11,0.835089847661798,-5.31088242400819e-07,2.59687307580268e-16,4.08331041493846e-10
398107.17055349,-7.15510850555588e-05,2.08082440057199e-08,7.15510041094043e-05,-4.98178300460255e-11,0.835089847661726,-5.43458876731299e-07,2.71925993333692e-16,4.17842293291319e-10
407380.277804106,-7.15510849347132e-05,2.12929302572575e-08,7.15510041093978e-05,-5.09782363767164e-11,0.835089847661651,-5.56117660151737e-07,2.8474147057672e-16,4.27575090603488e-10
416869.383470328,-7.155108480817e-05,2.17889063008045e-08,7.15510041093909e-05,-5.21656720431096e-11,0.835089847661572,-5.69071304516657e-07,2.98160922654782e-16,4.37534593888316e-10
426579.518801585,-7.15510846756678e-05,2.22964351093208e-08,7.15510041093838e-05,-5.33807666393129e-11,0.83508984766149,-5.82326678019766e-07,3.12212814024912e-16,4.47726083806275e-10
436515.832240158,-7.15510845369157e-05,2.28157857811856e-08,7.15510041093762e-05,-5.46241644245646e-11,0.835089847661404,-5.95890808835545e-07,3.26926950632676e-16,4.5815496402022e-10
446683.592150955,-7.15510843916231e-05,2.33472336828804e-08,7.15510041093684e-05,-5.58965246648287e-11,0.835089847661313,-6.09770888845697e-07,3.42334543134574e-16,4.68826764060481e-10
457088.189614867,-7.1551084239488e-05,2.38910605949897e-08,7.15510041093602e-05,-5.71985219823462e-11,0.835089847661219,-6.23974277452364e-07,3.58468273100035e-16,4.79747142256699e-10
467735.14128719,-7.15510840801802e-05,2.44475548616022e-08,7.15510041093515e-05,-5.85308467133288e-11,0.83508984766112,-6.38508505480191e-07,3.753623623334e-16,4.9092188873794e-10
478630.09232263,-7.15510839133647e-05,2.50170115431973e-08,7.15510041093425e-05,-5.9894205273984e-11,0.835089847661016,-6.53381279169258e-07,3.93052645462961e-16,5.02356928502704e-10
489778.819368438,-7.15510837386878e-05,2.55997325730874e-08,7.15510041093331e-05,-6.12893205350666e-11,0.835089847660908,-6.68600484261037e-07,4.1157664595101e-16,5.14058324560433e-10
501187.233627263,-7.15510835557787e-05,2.61960269175067e-08,7.15510041093231e-05,-6.27169322051546e-11,0.835089847660794,-6.84174190179518e-07,4.30973655686139e-16,5.26032281146205e-10
512861.383991356,-7.1551083364249e-05,2.68062107394281e-08,7.15510041093128e-05,-6.41777972228518e-11,0.835089847660675,-7.00110654309717e-07,4.51284818326594e-16,5.38285147010295e-10
524807.460249763,-7.15510831636919e-05,2.74306075661965e-08,7.15510041093019e-05,-6.56726901581273e-11,0.83508984766055,-7.16418326375859e-07,4.72553216571497e-16,5.50823418784368e-10
537031.796370243,-7.15510829536834e-05,2.80695484610665e-08,7.15510041092906e-05,-6.72024036230023e-11,0.83508984766042,-7.33105852921527e-07,4.94823963545027e-16,5.63653744426083e-10
549540.873857615,-7.15510827337797e-05,2.87233721987354e-08,7.15510041092787e-05,-6.8767748691804e-11,0.835089847660283,-7.50182081894181e-07,5.18144298487404e-16,5.76782926743923e-10
562341.325190339,-7.15510825035098e-05,2.93924254449635e-08,7.15510041092662e-05,-7.03695553312075e-11,0.83508984766014,-7.6765606733645e-07,5.42563686955647e-16,5.90217927004139e-10
575439.937337147,-7.15510822623889e-05,3.00770629403826e-08,7.15510041092531e-05,-7.2008672840295e-11,0.83508984765999,-7.85537074186706e-07,5.68133925746658e-16,6.03965868621701e-10
588843.655355579,-7.15510820099003e-05,3.07776476885799e-08,7.15510041092395e-05,-7.36859703008658e-11,0.835089847659833,-8.03834583191463e-07,5.94909252765171e-16,6.18034040937229e-10
602559.586074347,-7.15510817455195e-05,3.14945511485703e-08,7.15510041092252e-05,-7.5402337038235e-11,0.835089847659669,-8.22558295932188e-07,6.22946462069617e-16,6.32429903081899e-10
616595.001861471,-7.15510814686691e-05,3.22281534317396e-08,7.15510041092102e-05,-7.71586830927653e-11,0.835089847659497,-8.4171813996921e-07,6.52305024339941e-16,6.4716108793237e-10
630957.344480182,-7.15510811787773e-05,3.29788435033943e-08,7.15510041091945e-05,-7.89559397023823e-11,0.835089847659317,-8.61324274105444e-07,6.83047213022881e-16,6.62235406157841e-10
645654.229034644,-7.15510808752307e-05,3.37470193889858e-08,7.15510041091781e-05,-8.07950597963296e-11,0.835089847659128,-8.81387093772722e-07,7.15238236422307e-16,6.77660850361364e-10
660693.448007584,-7.15510805573649e-05,3.4533088385145e-08,7.15510041091609e-05,-8.26770185004243e-11,0.835089847658931,-9.01917236543591e-07,7.48946376014765e-16,6.93445599317637e-10
676082.97539197,-7.15510802245254e-05,3.53374672756473e-08,7.15510041091428e-05,-8.46028136540816e-11,0.835089847658724,-9.22925587771493e-07,7.84243131283656e-16,7.09598022309489e-10
691830.970918924,-7.15510798760008e-05,3.6160582552382e-08,7.1551004109124e-05,-8.65734663393824e-11,0.835089847658507,-9.44423286362321e-07,8.21203371379211e-16,7.26126683565394e-10
707945.784384125,-7.15510795110488e-05,3.70028706414866e-08,7.15510041091042e-05,-8.85900214224648e-11,0.835089847658281,-9.6642173068042e-07,8.59905493926014e-16,7.43040346800331e-10
724435.960074977,-7.15510791288971e-05,3.78647781347447e-08,7.15510041090835e-05,-9.06535481075254e-11,0.835089847658043,-9.88932584592144e-07,9.00431591314856e-16,7.60347979862424e-10
741310.241300904,-7.1551078728731e-05,3.87467620263698e-08,7.15510041090619e-05,-9.27651405037262e-11,0.835089847657795,-1.0119677836502e-06,9.42867624831719e-16,7.78058759487815e-10
758577.57502917,-7.15510783097079e-05,3.96492899553105e-08,7.15510041090392e-05,-9.49259182053053e-11,0.835089847657534,-1.03553954142202e-06,9.87303606993178e-16,7.96182076166289e-10
776247.116628678,-7.15510778709418e-05,4.05728404531937e-08,7.15510041090155e-05,-9.71370268852009e-11,0.835089847657261,-1.05966035596559e-06,1.03383379247502e-15,8.14727539120239e-10
794328.234724267,-7.15510774114959e-05,4.15179031980434e-08,7.15510041089906e-05,-9.93996389025015e-11,0.835089847656976,-1.08434301645604e-06,1.08255687803905e-15,8.337049813996e-10
812830.516164085,-7.15510769303974e-05,4.24849792739151e-08,7.15510041089645e-05,-1.01714953924048e-10,0.835089847656677,-1.10960060996667e-06,1.13357621188215e-15,8.53124465095461e-10
831763.771102656,-7.15510764266184e-05,4.34745814365701e-08,7.15510041089373e-05,-1.0408419956051e-10,0.835089847656364,-1.13544652840788e-06,1.18700001285166e-15,8.72996286675125e-10
851138.038202361,-7.1551075899104e-05,4.44872343853494e-08,7.15510041089087e-05,-1.06508632017284e-10,0.835089847656036,-1.16189447562772e-06,1.24294159999208e-15,8.93330982441425e-10
870963.589956065,-7.15510753467265e-05,4.55234750413606e-08,7.15510041088788e-05,-1.08989536760549e-10,0.835089847655693,-1.18895847467789e-06,1.30151963290992e-15,9.14139334119216e-10
891250.938133729,-7.15510747683154e-05,4.65838528321651e-08,7.15510041088475e-05,-1.11528229198837e-10,0.835089847655333,-1.21665287524889e-06,1.36285836346669e-15,9.35432374571986e-10
912010.839355893,-7.15510741626443e-05,4.76689299830845e-08,7.15510041088147e-05,-1.14126055380483e-10,0.835089847654957,-1.24499236127849e-06,1.42708789933368e-15,9.57221393651627e-10
933254.300796974,-7.1551073528428e-05,4.87792818152949e-08,7.15510041087804e-05,-1.16784392707313e-10,0.835089847654563,-1.27399195873728e-06,1.49434447996786e-15,9.79517944184465e-10
954992.586021419,-7.15510728643253e-05,4.99154970508663e-08,7.15510041087445e-05,-1.19504650664963e-10,0.83508984765415,-1.30366704359567e-06,1.56477076559395e-15,1.00233384809672e-09
977237.220955793,-7.15510721689225e-05,5.10781781249009e-08,7.15510041087068e-05,-1.22288271570208e-10,0.835089847653718,-1.33403334997644e-06,1.63851613980597e-15,1.02568120268264e-09
999999.999999982,-7.1551071440752e-05,5.22679415049531e-08,7.15510041086674e-05,-1.25136731335697e-10,0.835089847653266,-1.36510697849716e-06,1.71573702642979e-15,1.04957238701868e-09
1023292.99228074,-7.15510706782541e-05,5.34854180178713e-08,7.15510041086262e-05,-1.28051540252499e-10,0.835089847652792,-1.39690440480697e-06,1.79659722131908e-15,1.07402006852698e-09
1047128.54805088,-7.15510698798276e-05,5.47312531842807e-08,7.15510041085829e-05,-1.31034243790884e-10,0.835089847652296,-1.42944248832216e-06,1.88126823978828e-15,1.09903720969191e-09
1071519.30523759,-7.15510690437696e-05,5.60061075608214e-08,7.15510041085377e-05,-1.34086423419745e-10,0.835089847651776,-1.4627384811653e-06,1.96992968041956e-15,1.12463707493282e-09
1096478.19614316,-7.15510681683097e-05,5.73106570903888e-08,7.15510041084903e-05,-1.37209697445121e-10,0.835089847651232,-1.49681003731249e-06,2.06276960601547e-15,1.15083323763713e-09
1122018.45430194,-7.15510672515926e-05,5.86455934605144e-08,7.15510041084407e-05,-1.40405721868241e-10,0.835089847650663,-1.53167522195376e-06,2.15998494250544e-15,1.17763958735705e-09
1148153.62149686,-7.15510662916688e-05,6.00116244700965e-08,7.15510041083887e-05,-1.43676191263554e-10,0.835089847650066,-1.5673525210715e-06,2.26178189665196e-15,1.205070337174e-09
1174897.55493951,-7.15510652865067e-05,6.14094744046811e-08,7.15510041083343e-05,-1.47022839677223e-10,0.835089847649441,-1.60386085124191e-06,2.36837639344287e-15,1.23314003123464e-09
1202264.43461739,-7.15510642339717e-05,6.2839884420471e-08,7.15510041082774e-05,-1.50447441546532e-10,0.835089847648788,-1.64121956966486e-06,2.47999453409717e-15,1.26186355246229e-09
1230268.77081236,-7.15510631318381e-05,6.43036129372915e-08,7.15510041082177e-05,-1.5395181264072e-10,0.835089847648102,-1.67944848442734e-06,2.596873075656e-15,1.2912561304481e-09
1258925.41179414,-7.15510619777572e-05,6.58014360406926e-08,7.15510041081552e-05,-1.57537811023724e-10,0.835089847647385,-1.71856786500595e-06,2.7192599331761e-15,1.32133334952597e-09
1288249.55169311,-7.15510607692874e-05,6.73341478934402e-08,7.15510041080898e-05,-1.6120733803935e-10,0.835089847646634,-1.75859845301404e-06,2.84741470559086e-15,1.35211115703556e-09
1318256.73855638,-7.15510595038618e-05,6.89025611565679e-08,7.15510041080213e-05,-1.64962339319391e-10,0.835089847645848,-1.79956147319921e-06,2.98160922635447e-15,1.38360587177781e-09
1348962.88259163,-7.15510581787963e-05,7.05075074202505e-08,7.15510041079496e-05,-1.68804805815226e-10,0.835089847645025,-1.84147864469693e-06,3.12212814003712e-15,1.41583419266734e-09
1380384.26460286,-7.15510567912947e-05,7.21498376447142e-08,7.15510041078745e-05,-1.72736774853448e-10,0.835089847644162,-1.88437219254633e-06,3.2692695060943e-15,1.44881320758648e-09
1412537.54462273,-7.15510553383911e-05,7.3830422611387e-08,7.15510041077959e-05,-1.76760331216084e-10,0.83508984764326,-1.9282648594742e-06,3.42334543109086e-15,1.48256040244544e-09
1445439.7707459,-7.15510538170139e-05,7.55501533846111e-08,7.15510041077135e-05,-1.80877608245971e-10,0.835089847642314,-1.97317991795348e-06,3.58468273072088e-15,1.51709367045363e-09
1479108.38816818,-7.15510522239416e-05,7.73099417840614e-08,7.15510041076273e-05,-1.85090788977885e-10,0.835089847641324,-2.01914118254267e-06,3.75362362302756e-15,1.55243132160685e-09
1513561.24843618,-7.15510505557899e-05,7.9110720868181e-08,7.1551004107537e-05,-1.89402107296013e-10,0.835089847640288,-2.06617302251256e-06,3.9305264542936e-15,1.58859209239547e-09
1548816.61891245,-7.15510488090158e-05,8.09534454288833e-08,7.15510041074425e-05,-1.9381384911839e-10,0.835089847639203,-2.11430037476718e-06,4.11576645914169e-15,1.62559515573879e-09
1584893.19246108,-7.15510469799285e-05,8.2839092497781e-08,7.15510041073435e-05,-1.98328353608921e-10,0.835089847638066,-2.16354875706569e-06,4.30973655645743e-15,1.66346013115078e-09
1621810.0973589,-7.15510450646276e-05,8.47686618641691e-08,7.15510041072398e-05,-2.02948014417638e-10,0.835089847636876,-2.21394428155219e-06,4.512848182823e-15,1.70220709514259e-09
1659586.90743753,-7.15510430590675e-05,8.67431766051349e-08,7.15510041071313e-05,-2.07675280949844e-10,0.835089847635629,-2.26551366860076e-06,4.7255321652293e-15,1.74185659186739e-09
1698243.65246171,-7.15510409589842e-05,8.87636836279457e-08,7.15510041070176e-05,-2.12512659664821e-10,0.835089847634324,-2.31828426098294e-06,4.94823963491775e-15,1.78242964401316e-09
1737800.82874934,-7.15510387599316e-05,9.08312542251242e-08,7.15510041068986e-05,-2.17462715404787e-10,0.835089847632958,-2.37228403836524e-06,5.18144298429013e-15,1.82394776394916e-09
1778279.41003889,-7.15510364572423e-05,9.29469846424133e-08,7.15510041067739e-05,-2.2252807275481e-10,0.835089847631527,-2.42754163214431e-06,5.42563686891623e-15,1.86643296513213e-09
1819700.85860995,-7.15510340460286e-05,9.51119966599892e-08,7.15510041066434e-05,-2.27711417434397e-10,0.835089847630029,-2.48408634062771e-06,5.68133925676458e-15,1.90990777377807e-09
1862087.13666283,-7.1551031521172e-05,9.73274381872055e-08,7.15510041065068e-05,-2.33015497721498e-10,0.83508984762846,-2.54194814456823e-06,5.94909252688198e-15,1.95439524080596e-09
1905460.71796321,-7.1551028877336e-05,9.95944838712026e-08,7.15510041063636e-05,-2.3844312590968e-10,0.835089847626817,-2.60115772306012e-06,6.22946461985218e-15,1.99991895405966e-09
1949844.59975801,-7.15510261088903e-05,1.01914335719639e-07,7.15510041062138e-05,-2.43997179799241e-10,0.835089847625096,-2.6617464698055e-06,6.52305024247398e-15,2.04650305081449e-09
1995262.31496884,-7.15510232099687e-05,1.04288223738005e-07,7.15510041060569e-05,-2.49680604223061e-10,0.835089847623295,-2.72374650975977e-06,6.83047212921411e-15,2.09417223057514e-09
2041737.94466949,-7.15510201744321e-05,1.06717406581722e-07,7.15510041058926e-05,-2.55496412607987e-10,0.835089847621409,-2.78719071616465e-06,7.15238236311046e-15,2.14295176817165e-09
2089296.130854,-7.15510169958366e-05,1.09203172223435e-07,7.15510041057205e-05,-2.61447688572594e-10,0.835089847619434,-2.85211272797803e-06,7.48946375892772e-15,2.19286752716052e-09
2137962.08950219,-7.15510136674328e-05,1.11746838635858e-07,7.15510041055404e-05,-2.6753758756216e-10,0.835089847617365,-2.91854696770977e-06,7.84243131149893e-15,2.24394597353782e-09
2187761.62394951,-7.15510101821623e-05,1.14349754490527e-07,7.15510041053518e-05,-2.73769338521724e-10,0.8350898476152,-2.98652865967298e-06,8.21203371232544e-15,2.29621418977192e-09
2238721.1385683,-7.15510065326453e-05,1.17013299872819e-07,7.15510041051542e-05,-2.80146245608118e-10,0.835089847612932,-3.05609384866041e-06,8.59905493765195e-15,2.34969988916285e-09
2290867.65276773,-7.1551002711132e-05,1.19738887013595e-07,7.15510041049474e-05,-2.86671689941872e-10,0.835089847610557,-3.12727941905589e-06,9.00431591138523e-15,2.40443143053637e-09
2344228.81531988,-7.15509987095105e-05,1.22527961037926e-07,7.15510041047308e-05,-2.93349131399929e-10,0.835089847608071,-3.20012311439091e-06,9.42867624638375e-15,2.46043783328013e-09
2398832.91901944,-7.15509945193053e-05,1.25382000731244e-07,7.1551004104504e-05,-3.00182110450118e-10,0.835089847605467,-3.27466355735671e-06,9.87303606781179e-15,2.51774879273015e-09
2454708.91568498,-7.15509901316159e-05,1.28302519323294e-07,7.15510041042665e-05,-3.07174250028359e-10,0.83508984760274,-3.35094027028261e-06,1.03383379224257e-14,2.57639469591568e-09
2511886.43150953,-7.15509855371438e-05,1.31291065290408e-07,7.15510041040179e-05,-3.14329257459585e-10,0.835089847599885,-3.4289936960912e-06,1.08255687778417e-14,2.63640663767081e-09
2570395.78276881,-7.15509807261453e-05,1.34349223176404e-07,7.15510041037574e-05,-3.21650926423423e-10,0.835089847596896,-3.50886521974174e-06,1.13357621160268e-14,2.69781643712134e-09
2630267.99189533,-7.1550975688402e-05,1.37478614432619e-07,7.15510041034848e-05,-3.29143138965648e-10,0.835089847593765,-3.59059719017304e-06,1.18700001254523e-14,2.76065665455575e-09
2691534.80392686,-7.15509704132484e-05,1.40680898277543e-07,7.15510041031992e-05,-3.36809867556494e-10,0.835089847590487,-3.67423294275737e-06,1.24294159965608e-14,2.82496060868905e-09
2754228.70333811,-7.15509648894776e-05,1.43957772576378e-07,7.15510041029003e-05,-3.44655177196915e-10,0.835089847587055,-3.75981682227748e-06,1.30151963254151e-14,2.89076239432879e-09
2818382.9312644,-7.15509591053855e-05,1.4731097474119e-07,7.15510041025872e-05,-3.52683227573898e-10,0.83508984758346,-3.84739420643881e-06,1.36285836306273e-14,2.95809690045265e-09
2884031.50312655,-7.15509530486912e-05,1.50742282651918e-07,7.15510041022594e-05,-3.60898275265985e-10,0.835089847579697,-3.93701152992931e-06,1.42708789889075e-14,3.02699982870698e-09
2951209.22666633,-7.15509467065567e-05,1.54253515598915e-07,7.15510041019161e-05,-3.69304676000167e-10,0.835089847575756,-4.02871630903971e-06,1.4943444794822e-14,3.09750771233628e-09
3019951.72040196,-7.1550940065532e-05,1.57846535247371e-07,7.15510041015567e-05,-3.7790688696135e-10,0.835089847571629,-4.12255716685736e-06,1.56477076506144e-14,3.16965793555364e-09
3090295.43251353,-7.15509331115207e-05,1.61523246624211e-07,7.15510041011803e-05,-3.86709469155611e-10,0.835089847567308,-4.21858385904676e-06,1.63851613922208e-14,3.24348875336233e-09
3162277.66016832,-7.155092582978e-05,1.65285599128002e-07,7.15510041007861e-05,-3.95717089828502e-10,0.835089847562783,-4.3168473002307e-06,1.71573702578957e-14,3.31903931183913e-09
3235936.56929622,-7.1550918204861e-05,1.69135587562323e-07,7.15510041003734e-05,-4.04934524939692e-10,0.835089847558045,-4.41739959098585e-06,1.79659722061709e-14,3.39634966889005e-09
3311311.21482584,-7.15509102205897e-05,1.73075253193229e-07,7.15510040999413e-05,-4.14366661695235e-10,0.835089847553083,-4.5202940454672e-06,1.88126823901856e-14,3.4754608154896e-09
3388441.56139196,-7.1550901860029e-05,1.77106684831324e-07,7.15510040994888e-05,-4.24018501138838e-10,0.835089847547888,-4.62558521967591e-06,1.96992967957558e-14,3.55641469741474e-09
3467368.50452525,-7.1550893105456e-05,1.81232019939038e-07,7.15510040990149e-05,-4.33895160803475e-10,0.835089847542448,-4.73332894038559e-06,2.06276960509007e-14,3.63925423748507e-09
3548133.89233568,-7.15508839382888e-05,1.85453445763637e-07,7.15510040985188e-05,-4.44001877424777e-10,0.835089847536752,-4.84358233474248e-06,2.15998494149075e-14,3.72402335832111e-09
3630780.54770094,-7.1550874339092e-05,1.89773200496684e-07,7.15510040979992e-05,-4.5434400971761e-10,0.835089847530787,-4.95640386055491e-06,2.26178189553938e-14,3.81076700563261e-09
3715352.29097165,-7.15508642874948e-05,1.94193574460416e-07,7.15510040974551e-05,-4.64927041217345e-10,0.835089847524541,-5.07185333728847e-06,2.36837639222296e-14,3.8995311720494e-09
3801893.96320554,-7.15508537621847e-05,1.9871691132181e-07,7.15510040968855e-05,-4.75756583187293e-10,0.835089847518,-5.18999197778306e-06,2.47999453275956e-14,3.99036292150725e-09
3890451.44994273,-7.15508427408346e-05,2.03345609334841e-07,7.15510040962889e-05,-4.86838377593875e-10,0.835089847511151,-5.31088242070874e-06,2.59687307418934e-14,4.08331041420184e-09
3981071.70553489,-7.15508312000657e-05,2.08082122611707e-07,7.15510040956643e-05,-4.98178300151089e-10,0.83508984750398,-5.43458876377757e-06,2.71925993156794e-14,4.17842293212388e-09
4073802.77804105,-7.15508191153969e-05,2.12928962423625e-07,7.15510040950102e-05,-5.09782363435887e-10,0.83508984749647,-5.56117659772909e-06,2.84741470382755e-14,4.27575090518912e-09
4168693.83470327,-7.1550806461198e-05,2.17888698531908e-07,7.15510040943253e-05,-5.21656720076126e-10,0.835089847488607,-5.69071304110737e-06,2.98160922442103e-14,4.37534593797692e-09
4265795.18801584,-7.15507932106283e-05,2.22963960550019e-07,7.15510040936081e-05,-5.33807666012771e-10,0.835089847480373,-5.82326677584813e-06,3.12212813791715e-14,4.4772608370917e-09
4365158.32240157,-7.1550779335577e-05,2.28157439337325e-07,7.15510040928571e-05,-5.46241643838086e-10,0.835089847471751,-5.95890808369486e-06,3.2692695037698e-14,4.5815496391617e-09
4466835.92150954,-7.15507648066154e-05,2.33471888425303e-07,7.15510040920707e-05,-5.58965246211578e-10,0.835089847462723,-6.09770888346304e-06,3.42334542854209e-14,4.6882676394899e-09
4570881.89614866,-7.15507495929341e-05,2.38910125476934e-07,7.15510040912472e-05,-5.71985219355521e-10,0.835089847453269,-6.23974276917257e-06,3.58468272792621e-14,4.79747142137233e-09
4677351.41287189,-7.15507336622577e-05,2.44475033780021e-07,7.1551004090385e-05,-5.85308466631881e-10,0.83508984744337,-6.38508504906813e-06,3.75362361996328e-14,4.9092188860993e-09
4786300.92322629,-7.15507169807884e-05,2.50169563775311e-07,7.15510040894821e-05,-5.98942052202571e-10,0.835089847433004,-6.53381278554872e-06,3.93052645093368e-14,5.02356928365539e-09
4897788.19368436,-7.15506995131551e-05,2.55996734620177e-07,7.15510040885366e-05,-6.12893204774973e-10,0.835089847422149,-6.68600483602711e-06,4.11576645545761e-14,5.14058324413459e-09
5011872.33627262,-7.15506812222998e-05,2.61959635788615e-07,7.15510040875466e-05,-6.27169321434679e-10,0.835089847410783,-6.84174189474108e-06,4.30973655241791e-14,5.26032280988719e-09
5128613.83991355,-7.15506620694296e-05,2.68061428708554e-07,7.15510040865099e-05,-6.41777971567533e-10,0.835089847398882,-7.00110653553857e-06,4.51284817839376e-14,5.38285146841545e-09
5248074.60249762,-7.15506420139117e-05,2.74305348437192e-07,7.15510040854245e-05,-6.56726900873015e-10,0.835089847386419,-7.1641832556594e-06,4.72553216037274e-14,5.5082341860355e-09
5370317.96370242,-7.15506210132162e-05,2.80694705375386e-07,7.15510040842878e-05,-6.72024035471111e-10,0.835089847373369,-7.33105852053684e-06,4.94823962959263e-14,5.63653744232333e-09
5495408.73857613,-7.15505990227914e-05,2.87232887021817e-07,7.15510040830975e-05,-6.87677486104853e-10,0.835089847359704,-7.50182080964271e-06,5.18144297845127e-14,5.76782926536316e-09
5623413.25190338,-7.1550575995998e-05,2.93923359768072e-07,7.15510040818512e-05,-7.03695552440728e-10,0.835089847345395,-7.67656066340033e-06,5.42563686251404e-14,5.90217926781684e-09
5754399.37337145,-7.15505518839895e-05,3.00769670735397e-07,7.15510040805461e-05,-7.20086727469285e-10,0.835089847330412,-7.85537073119026e-06,5.68133924974471e-14,6.03965868383336e-09
5888436.55355577,-7.15505266356318e-05,3.07775449654245e-07,7.15510040791795e-05,-7.36859702008218e-10,0.835089847314723,-8.03834582047424e-06,5.94909251918485e-14,6.18034040681817e-09
6025595.86074345,-7.15505001973548e-05,3.14944410787426e-07,7.15510040777485e-05,-7.54023369310359e-10,0.835089847298294,-8.22558294706327e-06,6.22946461141244e-14,6.3242990280822e-09
6165950.0186147,-7.15504725130968e-05,3.22280354898163e-07,7.15510040762501e-05,-7.71586829778993e-10,0.835089847281091,-8.41718138655675e-06,6.52305023321999e-14,6.47161087639118e-09
6309573.4448018,-7.15504435241215e-05,3.29787171263681e-07,7.1551004074681e-05,-7.89559395793012e-10,0.835089847263077,-8.61324272697967e-06,6.83047211906731e-14,6.62235405843615e-09
6456542.29034642,-7.15504131689566e-05,3.37468839735867e-07,7.1551004073038e-05,-8.07950596644458e-10,0.835089847244214,-8.81387092264584e-06,7.15238235198472e-14,6.77660850024666e-09
6606934.48007582,-7.15503813832043e-05,3.45329432849598e-07,7.15510040713176e-05,-8.26770183591084e-10,0.835089847224462,-9.01917234927593e-06,7.48946374672859e-14,6.93445598956858e-09
6760829.75391968,-7.15503480994547e-05,3.53373117980303e-07,7.15510040695161e-05,-8.46028135026588e-10,0.83508984720378,-9.22925586039919e-06,7.84243129812284e-14,7.09598021922908e-09
6918309.70918922,-7.1550313247102e-05,3.61604159551493e-07,7.15510040676296e-05,-8.657346617713e-10,0.835089847182122,-9.44423284506906e-06,8.21203369765885e-14,7.26126683151165e-09
7079457.84384123,-7.15502767522173e-05,3.70026921293744e-07,7.15510040656543e-05,-8.85900212486082e-10,0.835089847159444,-9.66421728692307e-06,8.59905492157036e-14,7.43040346356477e-09
7244359.60074975,-7.15502385374086e-05,3.78645868556161e-07,7.15510040635859e-05,-9.06535479212347e-10,0.835089847135697,-9.88932582461841e-06,9.0043158937521e-14,7.60347979386825e-09
7413102.41300902,-7.15501985216076e-05,3.87465570671423e-07,7.155100406142e-05,-9.2765140304112e-10,0.835089847110831,-1.01196778136754e-05,9.4286762270494e-14,7.78058758978201e-09
7585775.75029168,-7.15501566199388e-05,3.96490703375982e-07,7.15510040591521e-05,-9.4925917991415e-10,0.835089847084793,-1.03553953897611e-05,9.87303604661212e-14,7.96182075620229e-09
7762471.16628676,-7.15501127435314e-05,4.05726051286384e-07,7.15510040567772e-05,-9.71370266560132e-10,0.835089847057528,-1.05966035334474e-05,1.03383378991807e-13,8.14727538535125e-09
7943282.34724265,-7.15500667993169e-05,4.15176510433104e-07,7.15510040542904e-05,-9.93996386569226e-10,0.835089847028978,-1.08434301364775e-05,1.08255687523541e-13,8.33704980772639e-09
8128305.16164082,-7.15500186898452e-05,4.24847090853304e-07,7.15510040516864e-05,-1.01714953660905e-09,0.835089846999082,-1.10960060695754e-05,1.13357620880802e-13,8.53124464423661e-09
8317637.71102654,-7.15499683130777e-05,4.34742919243776e-07,7.15510040489597e-05,-1.04084199278547e-09,0.835089846967778,-1.13544652518354e-05,1.18700000948094e-13,8.72996285955278e-09
8511380.38202359,-7.1549915562148e-05,4.44869241675442e-07,7.15510040461045e-05,-1.06508631715155e-09,0.835089846934998,-1.16189447217278e-05,1.24294159629616e-13,8.93330981670096e-09
8709635.89956062,-7.15498603251947e-05,4.55231426371086e-07,7.15510040431147e-05,-1.08989536436812e-09,0.835089846900673,-1.18895847097584e-05,1.30151962885743e-13,9.14139333292721e-09
8912509.38133727,-7.15498024850338e-05,4.65834966547182e-07,7.15510040399841e-05,-1.11528228851948e-09,0.835089846864731,-1.21665287128208e-05,1.36285835902321e-13,9.35432373686381e-09
9120108.3935589,-7.15497419189957e-05,4.76685483322165e-07,7.15510040367059e-05,-1.14126055008784e-09,0.835089846827095,-1.24499235702798e-05,1.42708789446151e-13,9.57221392702685e-09
9332543.00796971,-7.15496784986179e-05,4.87788728691824e-07,7.15510040332732e-05,-1.1678439230903e-09,0.835089846787684,-1.27399195418277e-05,1.49434447462563e-13,9.79517943167655e-09
9549925.86021416,-7.15496120893843e-05,4.99150588573915e-07,7.15510040296787e-05,-1.19504650238195e-09,0.835089846746417,-1.30366703871542e-05,1.56477075973632e-13,1.00233384700719e-08
9772372.2095579,-7.15495425504391e-05,5.10777085923358e-07,7.15510040259148e-05,-1.22288271112918e-09,0.835089846703205,-1.33403334474716e-05,1.6385161333832e-13,1.02568120151519e-08
9999999.99999979,-7.15494697342801e-05,5.22674383919682e-07,7.15510040219735e-05,-1.25136730845702e-09,0.835089846657956,-1.36510697289389e-05,1.71573701938736e-13,1.04957238576773e-08
10232929.9228073,-7.15493934864742e-05,5.34848789228501e-07,7.15510040178464e-05,-1.2805153972746e-09,0.835089846610575,-1.39690439880296e-05,1.79659721359721e-13,1.07402006718657e-08
10471285.4805088,-7.15493136452973e-05,5.4730675533842e-07,7.15510040135249e-05,-1.31034243228294e-09,0.83508984656096,-1.42944248188875e-05,1.88126823132142e-13,1.09903720825563e-08
10715193.0523758,-7.15492300414032e-05,5.60054885975437e-07,7.15510040089997e-05,-1.34086422816919e-09,0.835089846509008,-1.46273847427177e-05,1.96992967113582e-13,1.12463707339382e-08
10964781.9614316,-7.15491424974745e-05,5.73099938596468e-07,7.15510040042612e-05,-1.37209696799182e-09,0.835089846454606,-1.49681002992594e-05,2.06276959583606e-13,1.15083323598806e-08
11220184.5430194,-7.15490508278198e-05,5.86448827963698e-07,7.15510039992995e-05,-1.40405721176104e-09,0.835089846397642,-1.53167521403893e-05,2.15998493134393e-13,1.17763958559003e-08
11481536.2149686,-7.15489548380225e-05,6.00108629801975e-07,7.15510039941039e-05,-1.43676190521916e-09,0.835089846337992,-1.5673525125906e-05,2.26178188441361e-13,1.20507033528062e-08
11748975.549395,-7.15488543244842e-05,6.14086584540588e-07,7.15510039886634e-05,-1.47022838882543e-09,0.835089846275531,-1.60386084215446e-05,2.36837638002379e-13,1.23314002920584e-08
12022644.3461739,-7.15487490740223e-05,6.28390101141949e-07,7.15510039829665e-05,-1.50447440695017e-09,0.835089846210127,-1.64121955992748e-05,2.47999451938344e-13,1.26186355028839e-08
12302687.7081235,-7.1548638863402e-05,6.4302676101872e-07,7.15510039770011e-05,-1.53951811728305e-09,0.83508984614164,-1.67944847399355e-05,2.59687305952271e-13,1.29125612811872e-08
12589254.1179414,-7.15485234588731e-05,6.58004322041682e-07,7.15510039707546e-05,-1.57537810046054e-09,0.835089846069926,-1.71856785382594e-05,2.7192599154863e-13,1.32133334703e-08
12882495.5169311,-7.15484026156796e-05,6.73330722640288e-07,7.15510039642137e-05,-1.61207336991757e-09,0.835089845994831,-1.75859844103444e-05,2.84741468619437e-13,1.35211115436108e-08
13182567.3855638,-7.15482760775088e-05,6.89014085997891e-07,7.15510039573645e-05,-1.64962338196875e-09,0.835089845916198,-1.79956146036283e-05,2.98160920508664e-13,1.38360586891206e-08
13489628.8259162,-7.15481435759833e-05,7.05062724344216e-07,7.15510039501926e-05,-1.68804804612428e-09,0.835089845833858,-1.8414786309425e-05,3.1221281167174e-13,1.41583418959663e-08
13803842.6460286,-7.15480048300797e-05,7.21485143346832e-07,7.15510039426826e-05,-1.72736773564627e-09,0.835089845747639,-1.88437217780819e-05,3.26926948052473e-13,1.44881320429615e-08
14125375.4462272,-7.1547859545544e-05,7.38290046604152e-07,7.15510039348187e-05,-1.76760329835087e-09,0.835089845657355,-1.92826484368199e-05,3.42334540305438e-13,1.48256039891979e-08
14454397.707459,-7.15477074142246e-05,7.55486340241946e-07,7.15510039265842e-05,-1.80877606766205e-09,0.835089845562817,-1.97317990103183e-05,3.58468269997947e-13,1.51709366667583e-08
14791083.8816817,-7.15475481134856e-05,7.73083137616414e-07,7.15510039179616e-05,-1.85090787392287e-09,0.835089845463823,-2.01914116441078e-05,3.75362358932028e-13,1.55243131755886e-08
15135612.4843617,-7.15473813054636e-05,7.91089764125206e-07,7.15510039089327e-05,-1.89402105597014e-09,0.835089845360165,-2.06617300308388e-05,3.93052641733429e-13,1.58859208805797e-08
15488166.1891245,-7.15472066363917e-05,8.09515762129821e-07,7.15510038994782e-05,-1.93813847297879e-09,0.83508984525162,-2.11430035394897e-05,4.11576641861659e-13,1.62559515109108e-08
15848931.9246108,-7.15470237358144e-05,8.28370895991118e-07,7.15510038895781e-05,-1.98328351658208e-09,0.83508984513796,-2.16354873475857e-05,4.30973651202253e-13,1.66346012617067e-08
16218100.9735889,-7.15468322158357e-05,8.47665157221142e-07,7.15510038792115e-05,-2.0294801232741e-09,0.835089845018944,-2.21394425764967e-05,4.51284813410109e-13,1.70220708980631e-08
16595869.0743752,-7.15466316702822e-05,8.67408769753352e-07,7.15510038683563e-05,-2.07675278710124e-09,0.835089844894318,-2.26551364298874e-05,4.72553211180676e-13,1.74185658614946e-08
16982436.5246171,-7.1546421673826e-05,8.8761219533409e-07,7.15510038569895e-05,-2.12512657264917e-09,0.835089844763819,-2.31828423353916e-05,4.94823957634108e-13,1.78242963788628e-08
17378008.2874934,-7.15462017811293e-05,9.08286139038395e-07,7.1551003845087e-05,-2.17462712833243e-09,0.83508984462717,-2.37228400895869e-05,5.18144292006207e-13,1.82394775738409e-08
17782794.1003888,-7.15459715258318e-05,9.29441554911965e-07,7.15510038326236e-05,-2.22528069999349e-09,0.83508984448408,-2.42754160063461e-05,5.42563679849153e-13,1.86643295809753e-08
18197008.5860994,-7.15457304196339e-05,9.51089651743482e-07,7.15510038195728e-05,-2.27711414481866e-09,0.835089844334247,-2.48408630686444e-05,5.6813391795454e-13,1.90990776624037e-08
18620871.3666283,-7.15454779512082e-05,9.73241898968744e-07,7.15510038059069e-05,-2.33015494557802e-09,0.835089844177353,-2.54194810839022e-05,5.94909244221278e-13,1.95439523272917e-08
19054607.179632,-7.15452135851455e-05,9.95910032710692e-07,7.1551003791597e-05,-2.38443122519716e-09,0.835089844013065,-2.60115768429465e-05,6.2294645270142e-13,1.99991894540522e-08
19498445.99758,-7.15449367608105e-05,1.01910606195767e-06,7.15510037766126e-05,-2.43997176166829e-09,0.835089843841033,-2.66174642826753e-05,6.52305014067911e-13,2.04650304154109e-08
19952623.1496884,-7.1544646891158e-05,1.04284227488325e-06,7.1551003760922e-05,-2.49680600330859e-09,0.835089843660894,-2.72374646525101e-05,6.83047201759819e-13,2.09417222063851e-08
20417379.4466949,-7.15443433614532e-05,1.06713124531049e-06,7.15510037444921e-05,-2.55496408437415e-09,0.835089843472266,-2.78719066847263e-05,7.15238224072597e-13,2.14295175752437e-08
20892961.3085399,-7.15440255280441e-05,1.09198583932459e-06,7.15510037272877e-05,-2.61447684103742e-09,0.835089843274748,-2.85211267687508e-05,7.48946362473571e-13,2.19286751575174e-08
21379620.8950218,-7.15436927169284e-05,1.11741922203585e-06,7.15510037092726e-05,-2.67537582773695e-09,0.835089843067921,-2.91854691295193e-05,7.84243116436021e-13,2.2439459613131e-08
21877616.2394951,-7.15433442223605e-05,1.14344486449756e-06,7.15510036904084e-05,-2.73769333390788e-09,0.835089842851346,-2.98652860099886e-05,8.21203355099093e-13,2.29621417667289e-08
22387211.3856829,-7.15429793053386e-05,1.17007655078129e-06,7.15510036706552e-05,-2.80146240110218e-09,0.835089842624565,-3.05609378578991e-05,8.59905476075206e-13,2.34969987512699e-08
22908676.5276772,-7.15425971920426e-05,1.19732838521353e-06,7.1551003649971e-05,-2.86671684050761e-09,0.835089842387095,-3.12727935168889e-05,9.0043157174182e-13,2.40443141549668e-08
23442288.1531987,-7.1542197072213e-05,1.22521479977707e-06,7.15510036283121e-05,-2.93349125087486e-09,0.835089842138435,-3.2001230422058e-05,9.42867603370297e-13,2.46043781716481e-08
23988329.1901944,-7.1541778097414e-05,1.25375056168035e-06,7.15510036056323e-05,-3.00182103686208e-09,0.835089841878055,-3.27466348000892e-05,9.87303583461178e-13,2.51774877546227e-08
24547089.1568498,-7.15413393792273e-05,1.28295078109869e-06,7.15510035818838e-05,-3.07174242780692e-09,0.835089841605404,-3.35094018740288e-05,1.03383376667267e-12,2.57639467741282e-08
25118864.3150952,-7.15408799874209e-05,1.31283091909153e-06,7.15510035570159e-05,-3.14329249693563e-09,0.835089841319903,-3.42899360728389e-05,1.08255684974731e-12,2.63640661784463e-08
25703957.8276881,-7.15403989478997e-05,1.34340679569792e-06,7.15510035309761e-05,-3.21650918101973e-09,0.835089841020946,-3.50886512458291e-05,1.13357618086084e-12,2.69781641587721e-08
26302679.9189532,-7.15398952407032e-05,1.37469459821622e-06,7.15510035037091e-05,-3.29143130049045e-09,0.835089840707901,-3.59059708820841e-05,1.18699997883744e-12,2.76065663179226e-08
26915348.0392686,-7.15393677978426e-05,1.40671088967016e-06,7.1551003475157e-05,-3.36809858002173e-09,0.835089840380102,-3.67423283350019e-05,1.24294156269619e-12,2.82496058429752e-08
27542287.033381,-7.15388155010101e-05,1.43947261746569e-06,7.15510034452592e-05,-3.44655166959264e-09,0.835089840036854,-3.75981670520618e-05,1.30151959201575e-12,2.8907623681928e-08
28183829.3126439,-7.15382371792129e-05,1.47299712224282e-06,7.15510034139525e-05,-3.52683216604045e-09,0.83508983967743,-3.84739408099451e-05,1.36285831862707e-12,2.95809687244744e-08
28840315.0312654,-7.15376316063156e-05,1.50730214692671e-06,7.15510033811703e-05,-3.60898263511562e-09,0.835089839301067,-3.93701139551315e-05,1.42708785016797e-12,3.02699979869885e-08
29512092.2666632,-7.15369974984511e-05,1.54240584598153e-06,7.15510033468431e-05,-3.6930466340506e-09,0.835089838906966,-4.02871616501002e-05,1.49434442605865e-12,3.09750768018198e-08
30199517.2040195,-7.15363335112614e-05,1.57832679487127e-06,7.15510033108982e-05,-3.77906873465432e-09,0.835089838494291,-4.12255701252657e-05,1.56477070648361e-12,3.16965790109969e-08
30902954.3251352,-7.15356382370843e-05,1.61508399973252e-06,7.15510032732592e-05,-3.86709454694454e-09,0.835089838062168,-4.21858369367811e-05,1.63851607499268e-12,3.24348871644427e-08
31622776.6016831,-7.15349102019668e-05,1.65269690726274e-06,7.15510032338463e-05,-3.95717074333073e-09,0.835089837609679,-4.31684712303474e-05,1.71573695536333e-12,3.31903927228071e-08
32359365.6929621,-7.15341478625443e-05,1.69118541482861e-06,7.1551003192576e-05,-4.04934508336015e-09,0.835089837135866,-4.41739940111667e-05,1.79659714339615e-12,3.39634962650244e-08
33113112.1482584,-7.15333496027763e-05,1.73056988079891e-06,7.15510031493606e-05,-4.14366643904047e-09,0.835089836639722,-4.52029384201839e-05,1.88126815434735e-12,3.47546077007045e-08
33884415.6139195,-7.15325137305103e-05,1.77087113510616e-06,7.15510031041086e-05,-4.24018482075206e-09,0.835089836120195,-4.62558500167621e-05,1.96992958673528e-12,3.55641464874724e-08
34673685.0452524,-7.15316384739397e-05,1.81211049004216e-06,7.15510030567239e-05,-4.33895140376391e-09,0.835089835576184,-4.7333287067943e-05,2.06276950329253e-12,3.63925418533691e-08
35481338.9233568,-7.15307219778172e-05,1.85430975129081e-06,7.1551003007106e-05,-4.44001855536722e-09,0.835089835006535,-4.84358208444445e-05,2.15998482987176e-12,3.72402330244335e-08
36307805.4770093,-7.1529762299547e-05,1.89749122920395e-06,7.15510029551497e-05,-4.54343986264094e-09,0.835089834410039,-4.95640359235522e-05,2.26178177315136e-12,3.81076694575851e-08
37153522.9097164,-7.15287574050792e-05,1.94167775032422e-06,7.15510029007448e-05,-4.649270160864e-09,0.83508983378543,-5.07185304990676e-05,2.3683762580269e-12,3.89953110789314e-08
38018939.6320553,-7.15277051646026e-05,1.9868926691597e-06,7.15510028437758e-05,-4.75756556258945e-09,0.835089833131385,-5.18999166984736e-05,2.4799943856162e-12,3.99036285276258e-08
38904514.4994272,-7.15266033480381e-05,2.03315988021494e-06,7.1551002784122e-05,-4.86838348739568e-09,0.835089832446516,-5.31088209074897e-05,2.5968729128495e-12,4.0833103405406e-08
39810717.0553488,-7.15254496203339e-05,2.08050383028346e-06,7.15510027216568e-05,-4.98178269233073e-09,0.835089831729369,-5.43458841021851e-05,2.71925975466192e-12,4.17842285319444e-08
40738027.7804104,-7.1524241536534e-05,2.12894953100601e-06,7.15510026562477e-05,-5.09782330306558e-09,0.835089830978425,-5.56117621888282e-05,2.84741450985348e-12,4.27575082061469e-08
41686938.3470326,-7.15229765365862e-05,2.17852257169917e-06,7.15510025877559e-05,-5.21656684577323e-09,0.835089830192089,-5.69071263516525e-05,2.98160901173217e-12,4.37534584735378e-08
42657951.8801583,-7.15216519399537e-05,2.22924913245989e-06,7.15510025160363e-05,-5.3380762797502e-09,0.835089829368694,-5.82326634087217e-05,3.12212790470784e-12,4.47726073998726e-08
43651583.2240156,-7.1520264939953e-05,2.28115599754995e-06,7.15510024409365e-05,-5.46241603079791e-09,0.835089828506494,-5.95890761760843e-05,3.26926924806017e-12,4.58154953511241e-08
44668359.2150953,-7.15188125978223e-05,2.33427056906525e-06,7.15510023622974e-05,-5.58965202538156e-09,0.83508982760366,-6.09770838404101e-05,3.42334514816126e-12,4.68826752799907e-08
45708818.9614865,-7.15172918364992e-05,2.38862088089447e-06,7.15510022799522e-05,-5.71985172558467e-09,0.835089826658277,-6.2397422340306e-05,3.5846824204938e-12,4.79747130190776e-08
46773514.1287188,-7.15156994341503e-05,2.44423561297263e-06,7.15510021937262e-05,-5.85308416487778e-09,0.835089825668338,-6.38508447565136e-05,3.75362328286927e-12,4.9092187580907e-08
47863009.2322628,-7.15140320173614e-05,2.50114410583316e-06,7.15510021034364e-05,-5.98941998472023e-09,0.835089824631746,-6.53381217111955e-05,3.93052608131624e-12,5.02356914649169e-08
48977881.9368435,-7.15122860540076e-05,2.5593763754634e-06,7.15510020088913e-05,-6.12893147201457e-09,0.8350898235463,-6.6860041776521e-05,4.11576605017873e-12,5.14058309716103e-08
50118723.3627261,-7.15104578458068e-05,2.61896312846849e-06,7.15510019098905e-05,-6.27169259743325e-09,0.835089822409698,-6.84174118927699e-05,4.30973610803685e-12,5.26032265240218e-08
51286138.3991353,-7.15085435205267e-05,2.6799357775479e-06,7.1551001806224e-05,-6.4177790546381e-09,0.83508982121953,-7.0011057796173e-05,4.51284769113776e-12,5.38285129966721e-08
52480746.0249761,-7.1506539023804e-05,2.7423264572885e-06,7.15510016976717e-05,-6.56726830041324e-09,0.835089819973271,-7.16418244567195e-05,4.72553162610503e-12,5.50823400521849e-08
53703179.6370241,-7.15044401106227e-05,2.80616804027956e-06,7.15510015840036e-05,-6.72023959573277e-09,0.835089818668277,-7.33105765261603e-05,4.9482390437773e-12,5.63653724857439e-08
54954087.3857612,-7.15022423363348e-05,2.87149415355225e-06,7.15510014649784e-05,-6.87677404778509e-09,0.835089817301781,-7.50181987964473e-05,5.18144233611472e-12,5.76782905775743e-08
56234132.5190336,-7.14999410473175e-05,2.93833919534935e-06,7.15510013403437e-05,-7.0369546529759e-09,0.835089815870883,-7.67655966688498e-05,5.4256361582028e-12,5.90217904536327e-08
57543993.7337144,-7.14975313711652e-05,3.00673835222796e-06,7.15510012098351e-05,-7.20086634093292e-09,0.835089814372549,-7.85536966339972e-05,5.6813384774791e-12,6.03965844547005e-08
58884365.5355576,-7.14950082064257e-05,3.07672761649906e-06,7.15510010731758e-05,-7.36859601953548e-09,0.835089812803601,-8.03834467631033e-05,5.9490916724082e-12,6.18034015140726e-08
60255958.6074344,-7.14923662118771e-05,3.14834380400797e-06,7.1551000930076e-05,-7.54023262099297e-09,0.83508981116071,-8.22558172106311e-05,6.22946368293543e-12,6.32429875440445e-08
61659500.1861468,-7.14895997952742e-05,3.221624572258e-06,7.1551000780232e-05,-7.71586714899652e-09,0.835089809440391,-8.4171800728667e-05,6.5230492151596e-12,6.47161058314017e-08
63095734.4480179,-7.14867031015835e-05,3.29660843888093e-06,7.15510006233261e-05,-7.89559272696885e-09,0.835089807638996,-8.6132413193273e-05,6.83047100277986e-12,6.622353744212e-08
64565422.9034641,-7.14836700006954e-05,3.37333480045758e-06,7.15510004590254e-05,-8.07950464743804e-09,0.835089805752704,-8.81386941431007e-05,7.15238112799251e-12,6.77660816354938e-08
66069344.8007581,-7.14804940745102e-05,3.45184395168902e-06,7.15510002869814e-05,-8.26770042256111e-09,0.835089803777513,-9.01917073305483e-05,7.48946240463934e-12,6.93445562879091e-08
67608297.5391967,-7.147716860349e-05,3.53217710492303e-06,7.15510001068293e-05,-8.46027983582455e-09,0.835089801709234,-9.22925412857564e-05,7.84242982654151e-12,7.09597983264881e-08
69183097.0918921,-7.14736865525291e-05,3.61437641003501e-06,7.15509999181867e-05,-8.65734499494888e-09,0.835089799543479,-9.44423098937386e-05,8.21203208409085e-12,7.26126641728338e-08
70794578.4384122,-7.14700405561743e-05,3.6984849746657e-06,7.15509997206537e-05,-8.85900038602538e-09,0.835089797275655,-9.66421529849542e-05,8.59905315231541e-12,7.43040301971112e-08
72443596.0074974,-7.14662229032303e-05,3.78454688481806e-06,7.15509995138111e-05,-9.06535292891387e-09,0.835089794900951,-9.88932369396364e-05,9.00431395378792e-12,7.60347931827045e-08
74131024.1300901,-7.14622255205216e-05,3.87260722580908e-06,7.15509992972203e-05,-9.27651203393062e-09,0.835089792414331,-0.000101196755306195,9.42867409990407e-12,7.78058708016972e-08
75857757.5029167,-7.14580399560331e-05,3.96271210358199e-06,7.15509990704219e-05,-9.49258965985656e-09,0.835089789810518,-0.000103553929434023,9.87303371422425e-12,7.96182021014281e-08
77624711.6628674,-7.14536573611793e-05,4.054908666373e-06,7.15509988329347e-05,-9.71370037329664e-09,0.835089787083991,-0.00010596600912104,1.0338335341746e-11,8.1472748002379e-08
79432823.4724264,-7.14490684723067e-05,4.14924512673427e-06,7.1550998584255e-05,-9.93996140942158e-09,0.835089784228966,-0.000108434273276318,1.08255659481571e-11,8.33704918076604e-08
81283051.6164081,-7.14442635912887e-05,4.24577078390819e-06,7.15509983238553e-05,-1.01714927341244e-08,0.835089781239387,-0.000110960030598142,1.13357590133099e-11,8.53124397243638e-08
83176377.1102652,-7.14392325652916e-05,4.34453604655288e-06,7.15509980511833e-05,-1.04084171076246e-08,0.835089778108912,-0.000113544620267859,1.18699967233572e-11,8.72996213970576e-08
85113803.8202357,-7.14339647655481e-05,4.44559245581162e-06,7.15509977656606e-05,-1.06508601495535e-08,0.835089774830902,-0.000116189412659888,1.24294122661991e-11,8.93330904537084e-08
87096358.9956061,-7.14284490651748e-05,4.54899270872352e-06,7.15509974666814e-05,-1.08989504055558e-08,0.835089771398402,-0.000118895810068269,1.30151922351103e-11,9.14139250643196e-08
89125093.8133725,-7.14226738159544e-05,4.65479068196823e-06,7.15509971536117e-05,-1.11528194154419e-08,0.835089767804133,-0.000121665247450126,1.36285791456463e-11,9.35432285125802e-08
91201083.9355889,-7.14166268241016e-05,4.76304145593961e-06,7.15509968257874e-05,-1.14126017829274e-08,0.835089764040469,-0.000124499193186456,1.42708740711651e-11,9.57221297808297e-08
93325430.079697,-7.1410295324838e-05,4.87380133913644e-06,7.15509964825131e-05,-1.16784352469976e-08,0.835089760099428,-0.000127399149860623,1.49434394025574e-11,9.79517841486465e-08
95499258.6021414,-7.14036659558463e-05,4.98712789286398e-06,7.15509961230606e-05,-1.19504607549328e-08,0.835089755972649,-0.000130366655054993,1.56477017380367e-11,1.00233373805381e-07
97723722.0955788,-7.13967247295089e-05,5.10307995623407e-06,7.15509957466674e-05,-1.22288225370355e-08,0.83508975165138,-0.00013340328216612,1.63851549091196e-11,1.02568108476951e-07
99999999.9999977,-7.13894570038382e-05,5.22171767145016e-06,7.15509953525352e-05,-1.25136681830968e-08,0.835089747126454,-0.000136510641238909,1.71573631492149e-11,1.04957226067245e-07
102329299.228073,-7.13818474521644e-05,5.34310250936672e-06,7.1550994939828e-05,-1.28051487206449e-08,0.835089742388271,-0.000139690379820216,1.79659644115406e-11,1.07401993314453e-07
104712854.805088,-7.13738800313085e-05,5.46729729530054e-06,7.15509945076702e-05,-1.31034186950143e-08,0.835089737426783,-0.000142944183832321,1.88126738434093e-11,1.09903706462696e-07
107151930.523758,-7.13655379484138e-05,5.59436623508321e-06,7.15509940551453e-05,-1.34086362512815e-08,0.835089732231465,-0.000146273778466744,1.9699287424248e-11,1.12463691949289e-07
109647819.614316,-7.1356803626241e-05,5.72437494133077e-06,7.15509935812932e-05,-1.3720963218107e-08,0.835089726791295,-0.000149680929098876,2.062768577507e-11,1.1508330710802e-07
112201845.430194,-7.13476586668399e-05,5.85739045990757e-06,7.15509930851089e-05,-1.40405651935317e-08,0.835089721094735,-0.00015316744222391,2.15998381474803e-11,1.17763940888802e-07
114815362.149686,-7.13380838136557e-05,5.99348129656394e-06,7.15509925655399e-05,-1.43676116327693e-08,0.835089715129701,-0.000156735166414565,2.26178066006726e-11,1.20507014594094e-07
117489755.49395,-7.1328058911827e-05,6.13271744371468e-06,7.15509920214839e-05,-1.47022759380449e-08,0.83508970888354,-0.000160385993301121,2.36837503752797e-11,1.23313982632466e-07
120226443.461738,-7.13175628667829e-05,6.27517040733461e-06,7.15509914517871e-05,-1.50447355505247e-08,0.835089702343001,-0.000164121858574263,2.47999304733535e-11,1.26186333289721e-07
123026877.081235,-7.13065736008951e-05,6.42091323393239e-06,7.15509908552409e-05,-1.53951720443868e-08,0.835089695494212,-0.000167944743011288,2.59687144541884e-11,1.2912558951798e-07
125892541.179414,-7.12950680082332e-05,6.57002053757094e-06,7.15509902305798e-05,-1.57537712230826e-08,0.835089688322645,-0.000171856673526208,2.71925814561614e-11,1.32133309743135e-07
128824955.16931,-7.12830219072748e-05,6.72256852689252e-06,7.1550989576479e-05,-1.61207232178394e-08,0.835089680813086,-0.000175859724244299,2.84741274552389e-11,1.35211088691121e-07
131825673.855638,-7.12704099914792e-05,6.87863503210484e-06,7.15509888915507e-05,-1.64962225884575e-08,0.835089672949606,-0.000179956017601677,2.98160707713046e-11,1.38360558233424e-07
134896288.259162,-7.12572057776776e-05,7.03829953188244e-06,7.15509881743422e-05,-1.68804684264536e-08,0.835089664715526,-0.00018414772547048,3.12212578339864e-11,1.41583388252283e-07
138038426.460285,-7.12433815521644e-05,7.201643180131e-06,7.15509874233321e-05,-1.72736644606066e-08,0.835089656093377,-0.000188437070310243,3.26926692202133e-11,1.4488128752605e-07
141253754.462272,-7.12289083143753e-05,7.36874883255749e-06,7.15509866369273e-05,-1.76760191649606e-08,0.835089647064872,-0.000192826326346087,3.42334259763053e-11,1.48256004635158e-07
144543977.074589,-7.12137557181059e-05,7.53970107298747e-06,7.15509858134596e-05,-1.80877458693427e-08,0.835089637610856,-0.000197317820774342,3.5846796238008e-11,1.517093288892e-07
147910838.816817,-7.11978920100919e-05,7.71458623935971e-06,7.15509849511822e-05,-1.85090628724546e-08,0.835089627711277,-0.00020191393499624,3.75362021625115e-11,1.55243091275599e-07
151356124.843617,-7.118128396593e-05,7.89349244933018e-06,7.15509840482661e-05,-1.89401935575969e-08,0.835089617345135,-0.000206617105880327,3.93052271871554e-11,1.58859165430364e-07
154881661.891244,-7.11638968231582e-05,8.07650962540402e-06,7.15509831027957e-05,-1.93813665110881e-08,0.83508960649044,-0.000211429827054282,4.11576236302173e-11,1.62559468631468e-07
158489319.246108,-7.11456942114382e-05,8.26372951951391e-06,7.15509821127657e-05,-1.98328156434404e-08,0.835089595124165,-0.000216354650226795,4.30973206499042e-11,1.6634596281535e-07
162181009.735889,-7.11266380796774e-05,8.45524573695115e-06,7.15509810760757e-05,-2.02947803133577e-08,0.835089583222201,-0.000221394186540234,4.5128432578428e-11,1.70220655617097e-07
165958690.743752,-7.11066886200213e-05,8.65115375955364e-06,7.15509799905268e-05,-2.07675054546188e-08,0.835089570759298,-0.000226551107954798,4.72552676488404e-11,1.74185601434852e-07
169824365.24617,-7.10858041885381e-05,8.85155096804142e-06,7.1550978853816e-05,-2.12512417059168e-08,0.835089557709021,-0.000231828148664898,4.94823371331374e-11,1.78242902519013e-07
173780082.874933,-7.10639412225237e-05,9.05653666338792e-06,7.15509776635321e-05,-2.17462455437193e-08,0.835089544043684,-0.000237228106548503,5.18143649110132e-11,1.82394710086787e-07
177827941.003888,-7.10410541542352e-05,9.26621208709986e-06,7.15509764171502e-05,-2.22527794182227e-08,0.835089529734299,-0.000242753844650243,5.42562974895588e-11,1.86643225462721e-07
181970085.860994,-7.10170953210306e-05,9.48068044027901e-06,7.15509751120261e-05,-2.27711118924714e-08,0.835089514750512,-0.000248408292699013,5.68133144951552e-11,1.90990701245775e-07
186208713.666282,-7.09920148716079e-05,9.70004690131254e-06,7.15509737453914e-05,-2.3301517784715e-08,0.835089499060535,-0.000254194448660929,5.94908396598149e-11,1.95439442503589e-07
190546071.79632,-7.09657606683889e-05,9.92441864204876e-06,7.15509723143468e-05,-2.38442783140801e-08,0.835089482631086,-0.000260115380328418,6.22945523252695e-11,1.99991807994555e-07
194984459.9758,-7.09382781857591e-05,1.01539048422841e-05,7.15509708158567e-05,-2.43996812496321e-08,0.835089465427312,-0.000266174226946298,6.52303994892044e-11,2.04650211418352e-07
199526231.496883,-7.09095104041536e-05,1.03886167023915e-05,7.15509692467422e-05,-2.49680210629077e-08,0.835089447412717,-0.000272374200875715,6.83046084191882e-11,2.09417122695605e-07
204173794.466948,-7.08793976996942e-05,1.06286674538907e-05,7.15509676036746e-05,-2.55495990839967e-08,0.835089428549084,-0.000278718589296798,7.15236998610471e-11,2.1429506927734e-07
208929613.085399,-7.08478777293686e-05,1.08741723677646e-05,7.15509658831682e-05,-2.61447236612574e-08,0.835089408796398,-0.00028521075595095,7.48945018696999e-11,2.19286637484937e-07
213796208.950218,-7.08148853115241e-05,1.11252487602978e-05,7.15509640815733e-05,-2.67537103247494e-08,0.835089388112753,-0.000291854142923684,7.84241642917822e-11,2.24394473881288e-07
218776162.39495,-7.07803523015112e-05,1.13820159962012e-05,7.15509621950678e-05,-2.73768819534689e-08,0.835089366454272,-0.000298652272468954,8.21201739307779e-11,2.29621286673885e-07
223872113.856829,-7.07442074624232e-05,1.16445954887795e-05,7.15509602196498e-05,-2.80145689464774e-08,0.835089343775008,-0.000305608748875936,8.59903704268172e-11,2.34969847150574e-07
229086765.276772,-7.07063763306797e-05,1.19131106968654e-05,7.15509581511283e-05,-2.86671093980122e-08,0.835089320026846,-0.000312727260379253,9.00429628848191e-11,2.40442991148758e-07
234422881.531987,-7.06667810763215e-05,1.21876871182355e-05,7.15509559851153e-05,-2.93348492766713e-08,0.835089295159408,-0.000320011581113649,9.42865472862415e-11,2.46043620558797e-07
239883291.901943,-7.06253403579335e-05,1.24684522792061e-05,7.15509537170154e-05,-3.00181426087689e-08,0.835089269119936,-0.000327465573114145,9.87301247213658e-11,2.51774704862427e-07
245470891.568497,-7.05819691719484e-05,1.27555357200757e-05,7.15509513420171e-05,-3.07173516659562e-08,0.835089241853189,-0.000335093188362734,1.03383120480778e-10,2.57639282706997e-07
251188643.150952,-7.05365786962971e-05,1.30490689760729e-05,7.15509488550816e-05,-3.14328471572085e-08,0.835089213301318,-0.00034289847088269,1.08255404046538e-10,2.63640463516366e-07
257039578.27688,-7.0489076128133e-05,1.33491855534292e-05,7.1550946250933e-05,-3.21650084252783e-08,0.835089183403753,-0.000350885558881601,1.13357310025421e-10,2.69781429139302e-07
263026799.189532,-7.04393645156644e-05,1.36560209001949e-05,7.15509435240464e-05,-3.29142236477191e-08,0.835089152097061,-0.000359058686944262,1.18699660068639e-10,2.76065435536279e-07
269153480.392685,-7.03873425837414e-05,1.39697123713589e-05,7.15509406686365e-05,-3.36808900425856e-08,0.835089119314825,-0.000367422188276567,1.24293785824506e-10,2.82495814505531e-07
275422870.33381,-7.03329045533097e-05,1.42903991878442e-05,7.15509376786454e-05,-3.44654140789187e-08,0.835089084987495,-0.000375980497001603,1.30151552972738e-10,2.8907597544931e-07
281838293.126438,-7.02759399544495e-05,1.4618222388891e-05,7.15509345477296e-05,-3.52682116921266e-08,0.835089049042241,-0.000384738150509143,1.36285386391334e-10,2.95809407181262e-07
288403150.312653,-7.02163334329806e-05,1.49533247773295e-05,7.15509312692464e-05,-3.60897085043748e-08,0.8350890114028,-0.000393699791859777,1.42708296509426e-10,3.02699679775881e-07
295120922.666631,-7.01539645504862e-05,1.52958508572019e-05,7.155092783624e-05,-3.69303400501021e-08,0.835088971989315,-0.000402870172244961,1.49433906901961e-10,3.09750446461035e-07
301995172.040194,-7.00887075777231e-05,1.56459467631722e-05,7.15509242414268e-05,-3.77905520067813e-08,0.835088930718164,-0.000412254153504259,1.56476483184735e-10,3.16965445554537e-07
309029543.251351,-7.00204312813582e-05,1.60037601811223e-05,7.15509204771797e-05,-3.8670800431044e-08,0.835088887501781,-0.000421856710701115,1.63850963271051e-10,3.24348502445818e-07
316227766.01683,-6.99489987039348e-05,1.63694402592946e-05,7.15509165355121e-05,-3.95715520002982e-08,0.835088842248474,-0.000431682934758516,1.71572989054153e-10,3.31903531623725e-07
323593656.92962,-6.98742669371571e-05,1.67431375093218e-05,7.15509124080606e-05,-4.04932842599605e-08,0.835088794862225,-0.000441738035155914,1.79658939582611e-10,3.39634538751531e-07
331131121.482583,-6.97960868883014e-05,1.71250036964151e-05,7.1550908086068e-05,-4.14364858764379e-08,0.835088745242493,-0.000452027342688847,1.88125965799008e-10,3.47545622790248e-07
338844156.139194,-6.97143030400838e-05,1.75151917179946e-05,7.15509035603637e-05,-4.24016568959881e-08,0.835088693283993,-0.00046255631229269,1.96992026915572e-10,3.55640978171377e-07
346736850.452523,-6.9628753203728e-05,1.79138554699444e-05,7.15508988213451e-05,-4.33893090095973e-08,0.835088638876478,-0.00047333052593203,2.06275928503885e-10,3.63924897020224e-07
354813389.233567,-6.95392682655585e-05,1.83211496996867e-05,7.15508938589565e-05,-4.43999658240138e-08,0.835088581904502,-0.000484355695557185,2.15997362379426e-10,3.72401771430978e-07
363078054.770092,-6.9445671927167e-05,1.87372298452e-05,7.15508886626685e-05,-4.54341631390779e-08,0.835088522247177,-0.000495637666129406,2.26176948365506e-10,3.81076095794749e-07
371535229.097163,-6.9347780439333e-05,1.91622518590666e-05,7.15508832214548e-05,-4.6492449231497e-08,0.835088459777914,-0.000507182418716364,2.36836278025131e-10,3.89952469181784e-07
380189396.320552,-6.92454023299402e-05,1.9596372016601e-05,7.15508775237695e-05,-4.75753851452118e-08,0.835088394364154,-0.00051899607365953,2.4799796045352e-10,3.99035597779141e-07
389045144.994271,-6.91383381261711e-05,2.00397467070578e-05,7.15508715575221e-05,-4.86835449885075e-08,0.835088325867088,-0.000531084893815119,2.59685670228343e-10,4.08330297385091e-07
398107170.553487,-6.90263800713037e-05,2.04925322068774e-05,7.1550865310052e-05,-4.9817516238025e-08,0.835088254141365,-0.000543455287870298,2.71924197619338e-10,4.17841495961582e-07
407380277.804102,-6.89093118365703e-05,2.09548844338904e-05,7.15508587681017e-05,-5.09779000498314e-08,0.835088179034774,-0.000556113813736363,2.84739501163733e-10,4.275742362461e-07
416869383.470325,-6.87869082284462e-05,2.14269586813388e-05,7.15508519177884e-05,-5.2165311577712e-08,0.835088100387929,-0.000569067182020712,2.98158762718933e-10,4.37533678424317e-07
426579518.801582,-6.8658934892039e-05,2.19089093305569e-05,7.15508447445748e-05,-5.33803802988523e-08,0.83508801803393,-0.000582322259579373,3.12210445109162e-10,4.47725102864935e-07
436515832.240155,-6.85251480111078e-05,2.24008895410849e-05,7.15508372332378e-05,-5.46237503470771e-08,0.835087931798003,-0.000595886073151986,3.26924352488247e-10,4.58153912918165e-07
446683592.150952,-6.83852940055789e-05,2.29030509169817e-05,7.15508293678366e-05,-5.58960808538232e-08,0.835087841497132,-0.000609765813081103,3.42331693546489e-10,4.6882563777933e-07
457088189.614864,-6.82391092271923e-05,2.34155431480193e-05,7.15508211316784e-05,-5.71980462970218e-08,0.835087746939671,-0.000623968837117762,3.58465147695592e-10,4.79745935419094e-07
467735141.287186,-6.80863196544285e-05,2.39385136244629e-05,7.15508125072834e-05,-5.85303368580743e-08,0.835087647924934,-0.00063850267431532,3.75358934371911e-10,4.90920595581869e-07
478630092.322626,-6.79266405876295e-05,2.44721070240624e-05,7.15508034763471e-05,-5.98936587871058e-08,0.835087544242772,-0.000653375029013546,3.930488856049e-10,5.02355542853979e-07
489778819.368434,-6.77597763454848e-05,2.50164648698694e-05,7.1550794019702e-05,-6.12887347766861e-08,0.835087435673121,-0.000668593784915082,4.11572522004555e-10,5.14056839803205e-07
501187233.62726,-6.75854199643775e-05,2.55717250575018e-05,7.15507841172762e-05,-6.27163043442149e-08,0.83508732198554,-0.000684167009256354,4.30969132328863e-10,5.26030690191362e-07
512861383.991352,-6.74032529018365e-05,2.61380213504056e-05,7.15507737480513e-05,-6.41771242231659e-08,0.835087202938717,-0.00070010295707511,4.51279856799866e-10,5.38283442261607e-07
524807460.249759,-6.72129447458286e-05,2.67154828417024e-05,7.15507628900173e-05,-6.56719687633964e-08,0.835087078279958,-0.000716410075576803,4.72547774344892e-10,5.50821592102205e-07
537031796.370239,-6.70141529317234e-05,2.73042333812042e-05,7.15507515201261e-05,-6.72016303407269e-08,0.835086947744648,-0.000733097008602058,4.94817993947774e-10,5.63651787088533e-07
549540873.85761,-6.68065224687883e-05,2.79043909661619e-05,7.15507396142423e-05,-6.87669197760046e-08,0.835086811055691,-0.000750172601197555,5.18137750303627e-10,5.76780829405138e-07
562341325.190335,-6.658968567846e-05,2.85160670943699e-05,7.15507271470919e-05,-7.0368666763865e-08,0.835086667922917,-0.000767645904292658,5.425565039798e-10,5.90215679649688e-07
575439937.337142,-6.63632619467594e-05,2.91393660782686e-05,7.15507140922088e-05,-7.20077203114157e-08,0.835086518042468,-0.000785526179484223,5.68126046295218e-10,6.03963460520735e-07
588843655.355574,-6.61268574933525e-05,2.97743843187253e-05,7.15507004218779e-05,-7.36849491870648e-08,0.835086361096151,-0.000803822903932024,5.94900609140236e-10,6.18031460591223e-07
602559586.074342,-6.58800651601185e-05,3.04212095372628e-05,7.1550686107077e-05,-7.54012423797282e-08,0.835086196750758,-0.000822545775367338,6.2293697996966e-10,6.32427138169723e-07
616595001.861466,-6.56224642222579e-05,3.10799199655788e-05,7.15506711174141e-05,-7.71575095686489e-08,0.835086024657363,-0.000841704717217218,6.52294622212446e-10,6.47158125251428e-07
630957344.480177,-6.5353620225184e-05,3.17505834912982e-05,7.15506554210636e-05,-7.89546816040695e-08,0.835085844450574,-0.000861309883847104,6.8303580135309e-10,6.62232231560999e-07
645654229.034639,-6.507308485075e-05,3.24332567590396e-05,7.15506389846981e-05,-8.07937109990055e-08,0.835085655747759,-0.000881371665924442,7.15225716951716e-10,6.77657448689366e-07
660693448.007579,-6.47803958165793e-05,3.31279842260194e-05,7.15506217734177e-05,-8.26755724323679e-08,0.83508545814823,-0.000901900695906033,7.48932640882383e-10,6.93441954326678e-07
676082975.391964,-6.44750768126527e-05,3.38347971716236e-05,7.15506037506754e-05,-8.46012632636928e-08,0.835085251232391,-0.000922907853651907,7.84228062082297e-10,7.09594116593611e-07
691830970.918918,-6.41566374793453e-05,3.45537126605408e-05,7.15505848781996e-05,-8.65718040597388e-08,0.835085034560844,-0.000944404272168564,8.21186838118368e-10,7.26122498473319e-07
707945784.38412,-6.38245734316153e-05,3.52847324593371e-05,7.15505651159128e-05,-8.85882391332205e-08,0.835084807673456,-0.0009664013434845,8.59887353891957e-10,7.43035862346347e-07
724435960.074971,-6.34783663342552e-05,3.60278419066234e-05,7.15505444218459e-05,-9.06516370939488e-08,0.835084570088375,-0.000988910724660963,9.00411687817703e-10,7.60343174630893e-07
741310241.300898,-6.31174840333021e-05,3.67830087372608e-05,7.15505227520491e-05,-9.27630914126571e-08,0.835084321301012,-0.00101194434394097,9.42845785828135e-10,7.78053610530841e-07
758577575.029164,-6.27413807491513e-05,3.75501818614453e-05,7.15505000604982e-05,-9.49237209977962e-08,0.835084060782955,-0.00103551440703967,9.87279643572271e-10,7.96176558894063e-07
776247116.628671,-6.23494973369479e-05,3.83292900998638e-05,7.15504762989968e-05,-9.71346707855882e-08,0.835083787980857,-0.00105963340357921,1.0338074971937e-09,8.14721627183532e-07
794328234.724261,-6.1941261620355e-05,3.91202408766211e-05,7.15504514170733e-05,-9.93971123436343e-08,0.835083502315247,-0.00108431411367126,1.08252802309175e-09,8.33698646563849e-07
812830516.164078,-6.15160888048325e-05,3.99229188720897e-05,7.15504253618739e-05,-1.01712244488376e-07,0.835083203179303,-0.00110956961465057,1.13354454708828e-09,8.53117677105836e-07
831763771.102649,-6.10733819768001e-05,4.0737184638382e-05,7.15503980780498e-05,-1.04081293916715e-07,0.835082889937554,-0.00113541328796275,1.18696526344248e-09,8.72989013111937e-07
851138038.202354,-6.06125326953667e-05,4.15628731807757e-05,7.15503695076392e-05,-1.06505515852116e-07,0.835082561924531,-0.0011618588262098,1.24290346417673e-09,8.93323188565184e-07
870963589.956058,-6.01329216833123e-05,4.2399792509038e-05,7.15503395899442e-05,-1.08986194705486e-07,0.835082218443349,-0.00118892024035676,1.30147777919854e-09,9.14130982704594e-07
891250938.133722,-5.96339196241773e-05,4.32477221633129e-05,7.15503082614011e-05,-1.11524644751185e-07,0.83508185876422,-0.00121661186710305,1.36281242772597e-09,9.35423425729896e-07
912010839.355886,-5.91148880724081e-05,4.4106411720005e-05,7.15502754554454e-05,-1.14122210818477e-07,0.835081482122901,-0.00124494837642208,1.42703748154803e-09,9.57211804638559e-07
933254300.796966,-5.85751804834208e-05,4.49755792838837e-05,7.15502411023698e-05,-1.16780268998765e-07,0.835081087719064,-0.00127394477927278,1.49428914067634e-09,9.79507669198173e-07
954992586.021411,-5.80141433704608e-05,4.58549099735166e-05,7.15502051291756e-05,-1.19500227368955e-07,0.835080674714592,-0.00130361643548675,1.56471002197041e-09,1.00232283805728e-06
977237220.955785,-5.74311175949426e-05,4.6744054408042e-05,7.15501674594177e-05,-1.22283526731292e-07,0.835080242231795,-0.00133397906183484,1.63844946134616e-09,1.02566940499784e-06
999999999.999973,-5.68254397967286e-05,4.76426272042489e-05,7.15501280130412e-05,-1.25131641370033e-07,0.83507978935154,-0.00136504874027699,1.7156638302059e-09,1.04955974533259e-06
1023292992.28073,-5.61964439705013e-05,4.85502054939399e-05,7.15500867062112e-05,-1.28046079825309e-07,0.835079315111289,-0.00139684192639932,1.79651686675791e-09,1.07400652245055e-06
1047128548.05087,-5.55434631938795e-05,4.94663274725608e-05,7.15500434511341e-05,-1.31028385684541e-07,0.835078818503055,-0.00142937545804228,1.88118002292483e-09,1.09902269451424e-06
1071519305.23758,-5.48658315124695e-05,5.03904909911686e-05,7.15499981558707e-05,-1.34080138391802e-07,0.835078298471249,-0.00146266656412409,1.96983282757301e-09,1.12462152131181e-06
1096478196.14316,-5.41628859862792e-05,5.13221522048538e-05,7.15499507241405e-05,-1.3720295407548e-07,0.835077753910436,-0.0014967328736635,2.06266326682917e-09,1.15081657126792e-06
1122018454.30193,-5.34339689010951e-05,5.22607242918033e-05,7.15499010551163e-05,-1.40398486394648e-07,0.83507718366298,-0.00153159242500602,2.15986818228634e-09,1.17762172861674e-06
1148153621.49685,-5.2678430147514e-05,5.32055762582732e-05,7.15498490432098e-05,-1.43668427404522e-07,0.835076586516575,-0.00156726367525791,2.26165368793888e-09,1.205051200741e-06
1174897554.9395,-5.18956297691405e-05,5.41560318457548e-05,7.15497945778469e-05,-1.47014508441409e-07,0.83507596120167,-0.00160376550993223,2.36823560672529e-09,1.23311952568063e-06
1202264434.61738,-5.10849406801024e-05,5.51113685575809e-05,7.15497375432319e-05,-1.50438501027554e-07,0.835075306388759,-0.0016411172528113,2.47983992759869e-09,1.26184157981507e-06
1230268770.81235,-5.02457515507333e-05,5.6070816823191e-05,7.15496778181013e-05,-1.53942217796282e-07,0.835074620685556,-0.00167933867602996,2.59670328408794e-09,1.29123258572313e-06
1258925411.79413,-4.93774698584422e-05,5.70335593190352e-05,7.15496152754656e-05,-1.57527513437874e-07,0.835073902634031,-0.00171845001038429,2.71907345535684e-09,1.32130812022431e-06
1288249551.6931,-4.8479525099082e-05,5.79987304658455e-05,7.15495497823392e-05,-1.61196285666576e-07,0.835073150707303,-0.00175847195587011,2.84720989081643e-09,1.35208412260593e-06
1318256738.55637,-4.75513721521223e-05,5.89654161225604e-05,7.15494811994573e-05,-1.64950476209182e-07,0.835072363306398,-0.00179942569245607,2.98138425939412e-09,1.3835769030401e-06
1348962882.59162,-4.65924947907266e-05,5.99326534975735e-05,7.154940938098e-05,-1.68792071815634e-07,0.83507153875684,-0.00184133289109591,3.12188102461496e-09,1.41580315119485e-06
1380384264.60285,-4.56024093255546e-05,6.08994312981793e-05,7.15493341741819e-05,-1.72723105292049e-07,0.835070675305101,-0.00188421572498463,3.2689980467042e-09,1.44877994504394e-06
1412537544.62272,-4.45806683686625e-05,6.18646901390661e-05,7.15492554191274e-05,-1.76745656556655e-07,0.835069771114859,-0.00192809688106342,3.42304721297654e-09,1.48252475987968e-06
1445439770.74589,-4.35268647011697e-05,6.28273232303546e-05,7.15491729483313e-05,-1.80861853719057e-07,0.835068824263109,-0.00197299957177812,3.58435509783622e-09,1.5170554775334e-06
1479108388.16817,-4.24406352258691e-05,6.37861773651822e-05,7.15490865864022e-05,-1.85073874183308e-07,0.835067832736067,-0.00201894754709612,3.75326365377382e-09,1.55239039580826e-06
1513561248.43617,-4.13216649829406e-05,6.47400542258077e-05,7.15489961496705e-05,-1.89383945775237e-07,0.835066794424899,-0.00206596510678675,3.93013093480987e-09,1.58854823812914e-06
1548816618.91244,-4.01696912043779e-05,6.56877120260734e-05,7.15489014457985e-05,-1.93794347894495e-07,0.835065707121238,-0.00211407711296993,4.11533185390278e-09,1.62554816341453e-06
1584893192.46107,-3.89845073796578e-05,6.6627867506301e-05,7.1548802273372e-05,-1.98307412691814e-07,0.835064568512505,-0.00216330900293845,4.30925897590908e-09,1.66340977617531e-06
1621810097.35889,-3.7765967302741e-05,6.75591982948317e-05,7.15486984214728e-05,-2.02925526271915e-07,0.835063376176993,-0.00221368680225859,4.51232334775729e-09,1.70215313684554e-06
1659586907.43752,-3.6513989067497e-05,6.84803456478314e-05,7.15485896692321e-05,-2.07651129922583e-07,0.835062127578738,-0.00226523713815457,4.72495536757417e-09,1.74179877235047e-06
1698243652.4617,-3.52285589763827e-05,6.93899175762621e-05,7.15484757853617e-05,-2.12486721370366e-07,0.835060820062142,-0.00231798725318164,4.9476056945821e-09,1.78236768691693e-06
1737800828.74933,-3.39097353248878e-05,7.0286492365661e-05,7.15483565276641e-05,-2.17434856063394e-07,0.835059450846347,-0.00237196501919328,5.1807462016709e-09,1.82388137313168e-06
1778279410.03887,-3.25576520220467e-05,7.11686224906012e-05,7.154823164252e-05,-2.22498148481806e-07,0.835058017019343,-0.00242719895160754,5.42487097263512e-09,1.86636182325293e-06
1819700858.60993,-3.11725220059764e-05,7.20348389218418e-05,7.15481008643508e-05,-2.27679273476278e-07,0.835056515531804,-0.00248371822397785,5.68049734615987e-09,1.90983154078097e-06
1862087136.66282,-2.97546404118026e-05,7.28836558195816e-05,7.15479639150573e-05,-2.32980967635137e-07,0.835054943190643,-0.00254155268287342,5.94816700873431e-09,1.95431355229328e-06
1905460717.96319,-2.8304387448859e-05,7.37135756016734e-05,7.15478205034313e-05,-2.38406030680571e-07,0.835053296652252,-0.00260073286307463,6.22844713877258e-09,1.99983141955018e-06
1949844599.75799,-2.68222309435495e-05,7.45230943705174e-05,7.15476703245405e-05,-2.43957326894408e-07,0.835051572415437,-0.00266129000308847,6.52193160432652e-09,2.04640925187687e-06
1995262314.96882,-2.53087285048389e-05,7.53107076772683e-05,7.15475130590838e-05,-2.49637786573974e-07,0.835049766814027,-0.00272325606098941,6.82924221688464e-09,2.09407171882782e-06
2041737944.66947,-2.37645292701391e-05,7.60749165965337e-05,7.15473483727175e-05,-2.55450407518524e-07,0.835047876009127,-0.00278666373059071,7.15103004386631e-09,2.14284406313981e-06
2089296130.85398,-2.2190375191223e-05,7.68142340794436e-05,7.15471759153499e-05,-2.61398256546719e-07,0.835045895981021,-0.0028515464579515,7.48797678253953e-09,2.19275211397976e-06
2137962089.50217,-2.05871018221064e-05,7.75271915475527e-05,7.15469953204026e-05,-2.67484471045649e-07,0.835043822520692,-0.00291793845822458,7.84079619821622e-09,2.24382230049382e-06
2187761623.94949,-1.8955638574044e-05,7.8212345684854e-05,7.1546806204038e-05,-2.73712260551885e-07,0.835041651220954,-0.00298587473285007,8.21023562970936e-09,2.2960816656641e-06
2238721138.56828,-1.72970084066556e-05,7.88682853802009e-05,7.15466081643506e-05,-2.80084908365012e-07,0.835039377467161,-0.00305539108709968,8.59707756517244e-09,2.3495578804798e-06
2290867652.76771,-1.56123269288961e-05,7.9493638767875e-05,7.15464007805206e-05,-2.86605773194143e-07,0.835036996427495,-0.00312652414797669,9.00214129158489e-09,2.40427925842932e-06
2344228815.31986,-1.39028008887958e-05,8.00870803098377e-05,7.15461836119282e-05,-2.93278290837837e-07,0.835034503042794,-0.00319931138247601,9.42628462129482e-09,2.46027477032029e-06
2398832919.01942,-1.21697260370164e-05,8.06473378597546e-05,7.15459561972269e-05,-3.00105975897887e-07,0.835031892015913,-0.00327379111620919,9.87040569918675e-09,2.51757405943432e-06
2454708915.68496,-1.04144843556934e-05,8.11731996459409e-05,7.15457180533736e-05,-3.07092423527388e-07,0.835029157800583,-0.00335000255239842,1.03354448942028e-08,2.57620745702377e-06
2511886431.50951,-8.6385406512313e-06,8.1663521108421e-05,7.15454686746133e-05,-3.14241311213517e-07,0.835026294589764,-0.00342798579124405,1.08223867791164e-08,2.63620599815746e-06
2570395782.76879,-6.84343851702548e-06,8.21172315240178e-05,7.15452075314169e-05,-3.21556400595406e-07,0.835023296303438,-0.00350778184966916,1.13322622026316e-08,2.69760143792278e-06
2630267991.89531,-5.03079567990039e-06,8.25333403532286e-05,7.15449340693696e-05,-3.29041539317476e-07,0.835020156575858,-0.00358943268144518,1.18661504580682e-08,2.76042626799149e-06
2691534803.92684,-3.2022987518979e-06,8.29109432434165e-05,7.15446477080077e-05,-3.3670066291859e-07,0.835016868742181,-0.00367298119770171,1.24251815530812e-08,2.82471373355677e-06
2754228703.33809,-1.35969741679853e-06,8.32492276245809e-05,7.15443478396011e-05,-3.4453779675733e-07,0.835013425824496,-0.00375847128782361,1.30105385850662e-08,2.89049785064914e-06
2818382931.26437,4.95201911368092e-07,8.35474778369754e-05,7.15440338278791e-05,-3.52557057973695e-07,0.835009820517197,-0.00384594784073806,1.36234602271087e-08,2.95781342383885e-06
2884031503.12652,2.36054291341985e-06,8.38050797335532e-05,7.15437050066977e-05,-3.60762657487462e-07,0.835006045171675,-0.00393545676659375,1.42652433295531e-08,3.02669606433271e-06
2951209226.6663,4.23442662217986e-06,8.40215247052992e-05,7.15433606786442e-05,-3.69158902033427e-07,0.835002091780299,-0.00402704501883393,1.49372456424949e-08,3.09718220847317e-06
3019951720.40193,6.11491905404424e-06,8.41964130831693e-05,7.15430001135774e-05,-3.77750196233693e-07,0.83499795195966,-0.00412076061666461,1.5640888664733e-08,3.16930913664761e-06
3090295432.5135,8.00005915167186e-06,8.43294568771017e-05,7.15426225470998e-05,-3.86541044707113e-07,0.834993616933023,-0.00421665266791854,1.63776606249653e-08,3.24311499261611e-06
3162277660.16829,9.8878669698101e-06,8.44204818199988e-05,7.15422271789593e-05,-3.95536054215982e-07,0.834989077511983,-0.00431477139231505,1.71491196012691e-08,3.31863880326565e-06
3235936569.29619,1.17763520326852e-05,8.4469428692491e-05,7.15418131713762e-05,-4.04739935849959e-07,0.834984324077251,-0.00441516814511502,1.79568967851683e-08,3.39592049879921e-06
3311311214.82582,1.36635217887116e-05,8.44763539128144e-05,7.1541379647293e-05,-4.1415750724718e-07,0.834979346558563,-0.00451789544116978,1.8802699896872e-08,3.47500093336792e-06
3388441561.39193,1.55473900867462e-05,8.4441429384943e-05,7.15409256885432e-05,-4.23793694852433e-07,0.834974134413654,-0.00462300697936145,1.96883167585516e-08,3.55592190615478e-06
3467368504.52522,1.74259855978861e-05,8.43649416069178e-05,7.15404503339348e-05,-4.33653536212207e-07,0.834968676606253,-0.00473055766743201,2.06156190328278e-08,3.63872618291839e-06
3548133892.33565,1.92973601076151e-05,8.42472900502169e-05,7.15399525772458e-05,-4.43742182306324e-07,0.834962961583071,-0.0048406036471968,2.15865661339442e-08,3.72345751800515e-06
3630780547.70091,2.11595966050231e-05,8.40889848297514e-05,7.1539431365126e-05,-4.54064899915787e-07,0.83495697724971,-0.0049532023201374,2.26032093194333e-08,3.81016067683854e-06
3715352290.97162,2.30108170990987e-05,8.38906436921613e-05,7.15388855949033e-05,-4.64627074026393e-07,0.834950710945476,-0.00506841237336797,2.36676959704099e-08,3.89888145889403e-06
3801893963.2055,2.48491900960603e-05,8.36529883580378e-05,7.15383141122876e-05,-4.7543421026753e-07,0.834944149417012,-0.00518629380596722,2.47822740689802e-08,3.98966672116825e-06
3890451449.94269,2.66729376768971e-05,8.33768402606272e-05,7.15377157089689e-05,-4.86491937385482e-07,0.834937278790734,-0.00530690795566773,2.5949296881613e-08,4.08256440215108e-06
3981071705.53486,2.84803421200873e-05,8.30631157299968e-05,7.1537089120106e-05,-4.97806009750448e-07,0.834930084543979,-0.00543031752589226,2.71712278576948e-08,4.17762354630919e-06
4073802778.04101,3.02697520211391e-05,8.27128206769558e-05,7.1536433021698e-05,-5.09382309896333e-07,0.834922551474843,-0.00555658661312538,2.84506457528779e-08,4.27489432908975e-06
4168693834.70323,3.2039587867685e-05,8.23270448355318e-05,7.15357460278363e-05,-5.21226851092256e-07,0.834914663670623,-0.00568578073460734,2.97902499872347e-08,4.37442808245278e-06
4265795188.0158,3.37883470364027e-05,8.19069556262369e-05,7.15350266878303e-05,-5.33345779944522e-07,0.834906404474811,-0.00581796685633488,3.11928662486441e-08,4.47627732094073e-06
4365158322.40153,3.55146081858512e-05,8.1453791704703e-05,7.15342734832012e-05,-5.45745379027705e-07,0.834897756452591,-0.00595321342135227,3.26614523522696e-08,4.5804957682938e-06
4466835921.5095,3.72170350271335e-05,8.09688562616684e-05,7.15334848245385e-05,-5.58432069543249e-07,0.834888701354736,-0.00609159037831328,3.41991043674309e-08,4.68713838461921e-06
4570881896.14862,3.88943794621431e-05,8.04535101405807e-05,7.15326590482135e-05,-5.71412414003846e-07,0.834879220079876,-0.00623316921029313,3.58090630236321e-08,4.79626139412295e-06
4677351412.87185,4.05454840867717e-05,7.99091648384019e-05,7.15317944129422e-05,-5.84693118941624e-07,0.834869292635043,-0.0063780229638266,3.74947204079828e-08,4.9079223134119e-06
4786300923.22624,4.21692840636887e-05,7.93372754537029e-05,7.15308890961923e-05,-5.98281037637971e-07,0.83485889809441,-0.00652622627814625,3.92596269667376e-08,5.02217998037448e-06
4897788193.68432,4.37648083762272e-05,7.8739333643602e-05,7.15299411904278e-05,-6.12183172872574e-07,0.834848014556174,-0.00667785541459186,4.11074988241846e-08,5.13909458364761e-06
5011872336.27258,4.53311804811685e-05,7.81168606480162e-05,7.1528948699182e-05,-6.26406679688992e-07,0.834836619097478,-0.00683298828615902,4.30422254326282e-08,5.25872769267755e-06
5128613839.9135,4.68676183839545e-05,7.74714004358119e-05,7.15279095329547e-05,-6.40958868173837e-07,0.834824687727291,-0.00699170448715211,4.50678775677512e-08,5.38114228838198e-06
5248074602.49757,4.83734341648269e-05,7.68045130231788e-05,7.15268215049231e-05,-6.55847206246293e-07,0.834812195337175,-0.00715408532290294,4.71887156841808e-08,5.50640279442049e-06
5370317963.70237,4.98480329887869e-05,7.61177680096455e-05,7.15256823264602e-05,-6.71079322454426e-07,0.834799115649826,-0.00732021383951298,4.94091986466494e-08,5.63457510908018e-06
5495408738.57609,5.12909116357463e-05,7.54127383721896e-05,7.15244896024526e-05,-6.86663008774403e-07,0.834785421165312,-0.0074901748535732,5.17339928527164e-08,5.76572663778283e-06
5623413251.90333,5.2701656590154e-05,7.46909945524985e-05,7.15232408264077e-05,-7.02606223408313e-07,0.834771083104903,-0.00766405498181103,5.41679817636e-08,5.89992632621972e-06
5754399373.3714,5.40799417313926e-05,7.3954098867159e-05,7.15219333753431e-05,-7.18917093575963e-07,0.834756071352395,-0.00784194267060963,5.6716275860274e-08,6.03724469411965e-06
5888436553.55572,5.54255256676995e-05,7.32036002650461e-05,7.15205645044486e-05,-7.35603918295574e-07,0.834740354392816,-0.00802392822533997,5.93842230425929e-08,6.17775386965533e-06
6025595860.7434,5.67382487570273e-05,7.24410294509907e-05,7.15191313415109e-05,-7.52675171147811e-07,0.834723899248425,-0.00821010383944022,6.21774194898291e-08,6.32152762449277e-06
6165950018.61464,5.801802985836e-05,7.166789438962e-05,7.15176308810921e-05,-7.70139503017174e-07,0.83470667141186,-0.00840056362317268,6.51017210016424e-08,6.46864140948755e-06
6309573444.80175,5.92648628565118e-05,7.08856761984149e-05,7.15160599784505e-05,-7.88005744804178e-07,0.834688634776356,-0.00859540363198092,6.8163254839134e-08,6.61917239103149e-06
6456542290.34637,6.04788130024486e-05,7.00958254343873e-05,7.15144153431956e-05,-8.06282910101277e-07,0.834669751562889,-0.00879472189436489,7.13684320862875e-08,6.77319948805225e-06
6606934480.07577,6.16600131096958e-05,6.92997587746085e-05,7.15126935326638e-05,-8.24980197824803e-07,0.834649982244124,-0.00899861843918366,7.47239605527467e-08,6.93080340966777e-06
6760829753.91962,6.28086596456102e-05,6.84988560868493e-05,7.15108909450065e-05,-8.44106994794634e-07,0.834629285465054,-0.00920719532228895,7.82368582395293e-08,7.09206669349664e-06
6918309709.18916,6.39250087541153e-05,6.76944578831837e-05,7.15090038119765e-05,-8.63672878252597e-07,0.834607617960186,-0.00942055665238449,8.19144673899314e-08,7.25707374462431e-06
7079457843.84117,6.50093722441374e-05,6.68878631462892e-05,7.1507028191403e-05,-8.83687618309851e-07,0.834584934467147,-0.00963880861599761,8.57644691485184e-08,7.42591087522452e-06
7244359600.74969,6.60621135753667e-05,6.60803275155706e-05,7.15049599593423e-05,-9.04161180312787e-07,0.834561187636559,-0.00986205950144105,8.97948988517448e-08,7.59866634483362e-06
7413102413.00896,6.70836438703057e-05,6.52730618179056e-05,7.15027948018918e-05,-9.25103727116102e-07,0.834536327938064,-0.0100904197216328,9.40141619743731e-08,7.77543040127492e-06
7585775750.29161,6.80744179787381e-05,6.4467230926043e-05,7.15005282066546e-05,-9.46525621250844e-07,0.834510303562323,-0.0103240018356325,9.8431050756478e-08,7.95629532222831e-06
7762471166.28669,6.90349306179605e-05,6.36639529261923e-05,7.14981554538417e-05,-9.6843742697427e-07,0.834483060318869,-0.0105629205687407,1.03054761536422e-07,8.14135545743952e-06
7943282347.24258,6.99657126093399e-05,6.28642985751891e-05,7.14956716069988e-05,-9.9084991218739e-07,0.834454541529636,-0.0108072928309973,1.07894912815762e-07,8.33070727156156e-06
8128305161.64075,7.08673272290023e-05,6.20692910269163e-05,7.14930715033436e-05,-1.01377405020494e-06,0.834424687918026,-0.0110572377339019,1.12961564082581e-07,8.5244493876194e-06
8317637711.02647,7.17403666878091e-05,6.12799058071716e-05,7.14903497436995e-05,-1.03722102136145e-06,0.834393437493349,-0.0113128766051667,1.1826523542027e-07,8.72268263108724e-06
8511380382.02351,7.25854487532612e-05,6.04970710159627e-05,7.14875006820133e-05,-1.06120221443588e-06,0.834360725430465,-0.0115743330012974,1.2381692792922e-07,8.92551007456574e-06
8709635899.56055,7.34032135235472e-05,5.97216677363097e-05,7.14845184144396e-05,-1.08572922787587e-06,0.834326483944479,-0.0118417327177844,1.29628144989311e-07,9.13303708304472e-06
8912509381.33719,7.41943203617155e-05,5.89545306288955e-05,7.14813967679809e-05,-1.1108138708015e-06,0.834290642160317,-0.0121152037966686,1.35710914391455e-07,9.34537135973464e-06
9120108393.55883,7.49594449958664e-05,5.81964486923551e-05,7.14781292886654e-05,-1.13646816376683e-06,0.834253125977004,-0.0123948765312334,1.42077811366693e-07,9.56262299244786e-06
9332543007.96963,7.56992767893316e-05,5.74481661696624e-05,7.14747092292504e-05,-1.1627043392561e-06,0.834213857926495,-0.0126808834675501,1.48741982541593e-07,9.7849045005081e-06
9549925860.21408,7.64145161830874e-05,5.67103835817587e-05,7.14711295364347e-05,-1.18953484188964e-06,0.834172757026871,-0.012973359402594,1.5571717084877e-07,1.00123308821643e-05
9772372209.55782,7.71058723110629e-05,5.59837588705014e-05,7.14673828375668e-05,-1.21697232831301e-06,0.83412973862974,-0.0132724413786195,1.63017741421384e-07,1.0245019662482e-05
9999999999.9997,7.7774060787626e-05,5.52689086338788e-05,7.1463461426832e-05,-1.24502966674109e-06,0.834084714261673,-0.0135782686734691,1.7065870850034e-07,1.04830909416817e-05
10232929922.8072,7.8419801665297e-05,5.4566409437475e-05,7.14593572509059e-05,-1.27371993612664e-06,0.834037591459498,-0.0138909827864636,1.78655763382671e-07,1.07266674438928e-05
10471285480.5087,7.90438175596825e-05,5.38767991871769e-05,7.14550618940588e-05,-1.30305642492108e-06,0.833988273599302,-0.0142107274195012,1.87025303439187e-07,1.09758745662847e-05
10715193052.3757,7.96468319377043e-05,5.32005785491864e-05,7.14505665626967e-05,-1.33305262939309e-06,0.833936659718965,-0.014537648452965,1.95784462228905e-07,1.12308404285371e-05
10964781961.4315,8.02295675644429e-05,5.25382124044397e-05,7.14458620693259e-05,-1.36372225146809e-06,0.83388264433408,-0.0148718939160161,2.04951140736998e-07,1.14916959226042e-05
11220184543.0193,8.07927451032742e-05,5.1890131325601e-05,7.14409388159272e-05,-1.39507919604968e-06,0.833826117247088,-0.0152136139508176,2.14544039762049e-07,1.17585747627263e-05
11481536214.9685,8.13370818634819e-05,5.12567330658038e-05,7.14357867767275e-05,-1.42713756778119e-06,0.833766963349516,-0.0155629607702115,2.24582693477165e-07,1.2031613535636e-05
11748975549.3949,8.18632906891217e-05,5.06383840493456e-05,7.14303954803569e-05,-1.4599116672033e-06,0.833705062417141,-0.0159200886083337,2.35087504188041e-07,1.23109517509037e-05
12022644346.1738,8.23720789826363e-05,5.00354208554637e-05,7.142475399138e-05,-1.49341598626049e-06,0.833640288897992,-0.0162851536636269,2.46079778309294e-07,1.25967318913598e-05
12302687708.1234,8.28641478565082e-05,4.94481516872757e-05,7.14188508911921e-05,-1.52766520310652e-06,0.833572511693051,-0.0166583140336725,2.57581763578292e-07,1.28890994635289e-05
12589254117.9413,8.33401914061279e-05,4.88768578188079e-05,7.14126742582707e-05,-1.56267417615601e-06,0.833501593929569,-0.0170397296412326,2.6961668752327e-07,1.31882030480051e-05
12882495516.931,8.38008960970017e-05,4.83217950138937e-05,7.14062116477766e-05,-1.5984579373259e-06,0.833427392726901,-0.0174295621508518,2.82208797199673e-07,1.34941943496902e-05
13182567385.5637,8.42469402594473e-05,4.77831949114292e-05,7.13994500704969e-05,-1.63503168440759e-06,0.833349758954814,-0.0178279748753366,2.95383400205409e-07,1.38072282478142e-05
13489628825.9161,8.46789936839851e-05,4.72612663722547e-05,7.1392375971129e-05,-1.67241077250677e-06,0.833268536984212,-0.0182351326713841,3.09166906981952e-07,1.412746284565e-05
13803842646.0284,8.50977173107481e-05,4.6756196783545e-05,7.13849752059012e-05,-1.71061070448475e-06,0.833183564430274,-0.0186512018235979,3.23586874403982e-07,1.44550595198266e-05
14125375446.2271,8.55037630063904e-05,4.62681533171879e-05,7.13772330195339e-05,-1.7496471203312e-06,0.833094671888004,-0.0190763499160806,3.38672050655423e-07,1.47901829691423e-05
14454397707.4588,8.58977734221391e-05,4.57972841392326e-05,7.13691340215424e-05,-1.78953578539445e-06,0.833001682660253,-0.0195107456907531,3.54452421384313e-07,1.51330012627696e-05
14791083881.6816,8.62803819268591e-05,4.5343719567893e-05,7.13606621618911e-05,-1.83029257739172e-06,0.832904412478282,-0.0199545588915032,3.70959257122841e-07,1.54836858877378e-05
15135612484.3616,8.66522126091911e-05,4.49075731781647e-05,7.13518007060066e-05,-1.87193347211753e-06,0.83280266921499,-0.0204079600932223,3.88225161952048e-07,1.58424117955738e-05
15488166189.1243,8.70138803430903e-05,4.44889428513703e-05,7.13425322091667e-05,-1.91447452776442e-06,0.83269625259098,-0.0208711205147385,4.06284123383068e-07,1.62093574479721e-05
15848931924.6107,8.73659909113027e-05,4.40879117684282e-05,7.1332838490282e-05,-1.95793186776614e-06,0.832584953873661,-0.0213442118146108,4.25171563418352e-07,1.65847048613591e-05
16218100973.5888,8.77091411815785e-05,4.37045493458716e-05,7.13227006050949e-05,-2.00232166206879e-06,0.832468555569677,-0.0218274058686957,4.44924390746884e-07,1.69686396502102e-05
16595869074.3751,8.80439193306575e-05,4.33389121139418e-05,7.13120988188245e-05,-2.04766010673182e-06,0.832346831110985,-0.0223208745283518,4.65581054017052e-07,1.73613510689686e-05
16982436524.6169,8.8370905111303e-05,4.29910445363258e-05,7.13010125782909e-05,-2.09396340175568e-06,0.832219544534976,-0.0228247893580964,4.87181596119402e-07,1.77630320524099e-05
17378008287.4932,8.86906701578935e-05,4.26609797712809e-05,7.12894204835626e-05,-2.14124772702936e-06,0.832086450159126,-0.0233393213514812,5.09767709398892e-07,1.8173879254287e-05
17782794100.3887,8.90037783263072e-05,4.23487403740719e-05,7.12773002591722e-05,-2.18952921628633e-06,0.83194729225072,-0.0238646406239018,5.33382791702501e-07,1.85940930840851e-05
18197008586.0993,8.93107860640452e-05,4.20543389408089e-05,7.12646287249585e-05,-2.23882392895352e-06,0.831801804692302,-0.0244009160810125,5.58072003152901e-07,1.90238777417057e-05
18620871366.6281,8.9612242806746e-05,4.17777786938335e-05,7.1251381766599e-05,-2.28914781977389e-06,0.831649710643584,-0.0249483150613677,5.83882323522444e-07,1.94634412498969e-05
19054607179.6319,8.99086913974256e-05,4.15190540089511e-05,7.12375343059053e-05,-2.34051670607916e-06,0.831490722200664,-0.0255070029518693,6.10862610063746e-07,1.99129954842362e-05
19498445997.5799,9.02006685249555e-05,4.12781508848469e-05,7.12230602709663e-05,-2.39294623258601e-06,0.831324540053522,-0.026077142774557,6.39063655633596e-07,2.03727562004684e-05
19952623149.6882,9.04887051784428e-05,4.10550473550702e-05,7.12079325662334e-05,-2.44645183358523e-06,0.831150853142868,-0.0266588947432414,6.68538246925826e-07,2.0842943058997e-05
20417379446.6947,9.07733271143212e-05,4.0849713843047e-05,7.11921230426527e-05,-2.50104869239097e-06,0.830969338317571,-0.027252415788443,6.99341222605809e-07,2.13237796463187e-05
20892961308.5398,9.10550553330793e-05,4.06621134605613e-05,7.11756024679654e-05,-2.55675169791419e-06,0.830779659994039,-0.0278578590490766,7.31529531114642e-07,2.1815493493193e-05
21379620895.0217,9.13344065626643e-05,4.0492202250199e-05,7.11583404973061e-05,-2.61357539822293e-06,0.830581469819064,-0.0284753733292914,7.65162287884403e-07,2.23183160893306e-05
21877616239.4949,9.16118937456765e-05,4.03399293722311e-05,7.11403056442486e-05,-2.6715339509503e-06,0.830374406337833,-0.0291051025188704,8.00300831677451e-07,2.28324828943874e-05
22387211385.6827,9.18880265275515e-05,4.02052372364364e-05,7.11214652524597e-05,-2.73064107041093e-06,0.830158094668974,-0.0297471849755768,8.37008779732072e-07,2.33582333450473e-05
22908676527.677,9.21633117429669e-05,4.00880615793383e-05,7.11017854681429e-05,-2.79090997128658e-06,0.829932146188695,-0.030401752867846,8.75352081364266e-07,2.38958108579832e-05
23442288153.1985,9.24382538977484e-05,3.99883314873567e-05,7.10812312134668e-05,-2.85235330874324e-06,0.8296961582263,-0.0310689314762343,9.15399069640677e-07,2.44454628284855e-05
23988329190.1942,9.27133556435691e-05,3.99059693663439e-05,7.10597661611961e-05,-2.91498311484416e-06,0.829449713773542,-0.0317488384520615,9.57220510700836e-07,2.50074406245561e-05
24547089156.8495,9.2989118242724e-05,3.98408908579978e-05,7.10373527107608e-05,-2.9788107311275e-06,0.82919238121056,-0.0324415830317318,1.0008896502679e-06,2.55819995762735e-05
25118864315.095,9.32660420202547e-05,3.97930047036512e-05,7.10139519660207e-05,-3.043846737222e-06,0.828923714051335,-0.0331472652052746,1.04648225684594e-06,2.61693989602478e-05
25703957827.6879,9.35446268006542e-05,3.97622125559299e-05,7.09895237150045e-05,-3.11010087538142e-06,0.828643250711882,-0.0338659748377269,1.09407666105864e-06,2.67699019789965e-05
26302679918.953,9.38253723263378e-05,3.97484087388138e-05,7.09640264119265e-05,-3.17758197082704e-06,0.828350514304663,-0.0345977907420799,1.14375379053913e-06,2.73837757350944e-05
26915348039.2683,9.41087786549978e-05,3.97514799566672e-05,7.09374171618075e-05,-3.24629784779832e-06,0.828045012462972,-0.0353427797026368,1.19559719973346e-06,2.80112911999698e-05
27542287033.3808,9.43953465328786e-05,3.97713049528375e-05,7.09096517080508e-05,-3.31625524122511e-06,0.82772623719934,-0.0361009954477785,1.24969309393157e-06,2.86527231772495e-05
28183829312.6437,9.46855777409222e-05,3.98077541185133e-05,7.08806844233517e-05,-3.38745970395018e-06,0.827393664802291,-0.0368724775713137,1.30613034678923e-06,2.93083502605854e-05
28840315031.2652,9.4979975410622e-05,3.98606890525683e-05,7.08504683043448e-05,-3.45991550944957e-06,0.827046755776108,-0.0376572504018027,1.36500051055256e-06,2.99784547859328e-05
29512092266.6629,9.52790443063217e-05,3.99299620732719e-05,7.08189549704178e-05,-3.53362555001926e-06,0.82668495482855,-0.0384553218194866,1.4263978181446e-06,3.06633227782961e-05
30199517204.0192,9.55832910705619e-05,4.00154156828202e-05,7.07860946671538e-05,-3.60859123042164e-06,0.826307690911799,-0.0392666820207407,1.4904191762196e-06,3.13632438930054e-05
30902954325.1349,9.58932244289579e-05,4.01168819858193e-05,7.07518362748835e-05,-3.68481235701345e-06,0.82591437732221,-0.0400913022302932,1.55716414823812e-06,3.20785113516439e-05
31622776601.6828,9.62093553509572e-05,4.02341820630059e-05,7.07161273228635e-05,-3.7622870224087e-06,0.825504411864768,-0.0409291333618172,1.62673492656225e-06,3.28094218728137e-05
32359365692.9618,9.65321971626958e-05,4.03671253017026e-05,7.06789140096168e-05,-3.84101148576628e-06,0.825077177088445,-0.0417801046279206,1.69923629251925e-06,3.35562755979949e-05
33113112148.2581,9.68622656080341e-05,4.0515508684719e-05,7.0640141230004e-05,-3.92098004883242e-06,0.824632040598952,-0.0426441221010205,1.77477556333092e-06,3.43193760128385e-05
33884415613.9192,9.72000788537345e-05,4.06791160396875e-05,7.05997526096108e-05,-4.0021849279129e-06,0.824168355455672,-0.0435210672271056,1.85346252475925e-06,3.50990298643186e-05
34673685045.2521,9.75461574346185e-05,4.08577172511013e-05,7.05576905470669e-05,-4.08461612199972e-06,0.823685460659794,-0.044410795294961,1.93540934827395e-06,3.58955470742722e-05
35481338923.3565,9.79010241344379e-05,4.10510674376554e-05,7.05138962649262e-05,-4.1682612773317e-06,0.82318268174093,-0.0453131338640577,2.02073049150878e-06,3.67092406499618e-05
36307805477.009,9.82652037980998e-05,4.12589060978623e-05,7.046830986976e-05,-4.25310554872815e-06,0.822659331449682,-0.0462278811549972,2.10954258073896e-06,3.75404265924137e-05
37153522909.7161,9.8639223070822e-05,4.14809562272953e-05,7.04208704221241e-05,-4.33913145809964e-06,0.822114710563774,-0.0471548044071457,2.20196427408577e-06,3.83894238034161e-05
38018939632.0549,9.90236100597482e-05,4.17169234112717e-05,7.03715160170751e-05,-4.42631875061065e-06,0.821548108815503,-0.048093638208903,2.2981161041354e-06,3.92565539921987e-05
38904514499.4268,9.94188939135398e-05,4.19664948972413e-05,7.03201838759107e-05,-4.51464424904389e-06,0.820958805948277,-0.0490440828069197,2.39812029865102e-06,4.01421415829666e-05
39810717055.3485,9.98256043154909e-05,4.22293386516711e-05,7.02668104498114e-05,-4.6040817069974e-06,0.820346072910014,-0.0500058024015002,2.50210057805982e-06,4.1046513624619e-05
40738027780.41,0.000100244270885782,4.2505102406747e-05,7.02113315360495e-05,-4.69460166163076e-06,0.819709173191089,-0.0509784234364201,2.61018192841313e-06,4.19699997041549e-05
41686938347.0322,0.000100675422488602,4.27934127028065e-05,7.01536824074173e-05,-4.78617128676796e-06,0.819047364314282,-0.0519615328924231,2.72249034854938e-06,4.29129318654468e-05
42657951880.1579,0.000101119586440057,4.3093873933009e-05,7.00937979554995e-05,-4.8787542472583e-06,0.81835989948396,-0.0529546765947508,2.83915257023816e-06,4.38756445352481e-05
43651583224.0152,0.00010157728761301,4.3406067397395e-05,7.00316128483823e-05,-4.97231055559645e-06,0.81764602940127,-0.053957357546195,2.96029575015151e-06,4.48584744584989e-05
44668359215.0949,0.000102049047435331,4.37295503741367e-05,6.99670617033438e-05,-5.06679643190303e-06,0.816905004251633,-0.0549690342983236,3.0860471325973e-06,4.58617606451915e-05
45708818961.4861,0.0001025353827784,4.40638552164574e-05,6.99000792750137e-05,-5.16216416847221e-06,0.816136075870144,-0.0559891193747301,3.21653368206185e-06,4.68858443312641e-05
46773514128.7184,0.000103036804733203,4.44084884843722e-05,6.98306006594213e-05,-5.25836200019657e-06,0.815338500089694,-0.0570169777613561,3.35188168474617e-06,4.79310689561996e-05
47863009232.2623,0.000103553817271932,4.47629301210944e-05,6.97585615142638e-05,-5.35533398228524e-06,0.814511539275643,-0.058051925480145,3.49221631844443e-06,4.89977801602097e-05
48977881936.8431,0.000104086915793651,4.51266326846075e-05,6.96838982956298e-05,-5.45301987679373e-06,0.813654465049752,-0.0590932282634684,3.63766119030689e-06,5.00863258040931e-05
50118723362.7256,0.000104636585553378,4.54990206455747e-05,6.96065485112966e-05,-5.55135504958459e-06,0.812766561204742,-0.0601401003479161,3.78833784225308e-06,5.1197056015051e-05
51286138399.1349,0.000105203299974799,4.58794897633546e-05,6.95264509905913e-05,-5.65027037943261e-06,0.811847126809367,-0.0611917034071351,3.9443652240568e-06,5.23303232619345e-05
52480746024.9756,0.000105787518847848,4.62674065524854e-05,6.94435461706535e-05,-5.7496921810761e-06,0.810895479502163,-0.0622471456444056,4.10585913441303e-06,5.34864824635693e-05
53703179637.0236,0.000106389686413464,4.66621078524839e-05,6.93577763987769e-05,-5.84954214409416e-06,0.809910958970151,-0.0633054810665458,4.27293163061863e-06,5.46658911339622e-05
54954087385.7607,0.000107010229339088,4.70629005142597e-05,6.92690862503217e-05,-5.94973728955616e-06,0.808892930606682,-0.0643657089614992,4.44569040785401e-06,5.58689095683234e-05
56234132519.0331,0.000107649554589766,4.74690612167571e-05,6.91774228614913e-05,-6.05018994644149e-06,0.807840789340311,-0.0654267736025506,4.62423814944177e-06,5.70959010739458e-05
57543993733.7139,0.000108308047201215,4.78798364276671e-05,6.90827362760526e-05,-6.1508077498616e-06,0.806753963624125,-0.066487564202511,4.80867184987754e-06,5.83472322500501e-05
58884365535.557,0.000108986067962694,4.82944425221202e-05,6.89849798048461e-05,-6.25149366313073e-06,0.805631919572283,-0.0675469151413734,4.99908211287896e-06,5.9623273320737e-05
60255958607.4339,0.000109683951019232,4.87120660732092e-05,6.88841103966896e-05,-6.35214602572204e-06,0.804474165227734,-0.0686036064908314,5.19555242717516e-06,6.09243985251709e-05
61659500186.1463,0.000110402001404422,4.91318643279178e-05,6.87800890190222e-05,-6.45265862911009e-06,0.80328025494212,-0.0696563648586415,5.39815842325899e-06,6.22509865690569e-05
63095734448.0173,0.0001111404925168,4.95529658816117e-05,6.86728810463678e-05,-6.55292082243581e-06,0.802049793845819,-0.0707038645750639,5.60696711484318e-06,6.3603421141345e-05
64565422903.4635,0.000111899663554677,4.99744715635567e-05,6.8562456654428e-05,-6.65281764983282e-06,0.800782442382957,-0.0717447292425007,5.8220361292921e-06,6.49820914999144e-05
66069344800.7575,0.000112679716926073,5.03954555450585e-05,6.84487912173366e-05,-6.75223002112271e-06,0.799477920883048,-0.0727775336679368,6.04341293183808e-06,6.63873931297355e-05
67608297539.196,0.000113480815652313,5.08149666806628e-05,6.83318657053332e-05,-6.85103491741777e-06,0.798136014137781,-0.0738008061958544,6.27113404892537e-06,6.78197284766828e-05
69183097091.8914,0.00011430308078559,5.12320300914649e-05,6.82116670798484e-05,-6.94910563296323e-06,0.796756575948374,-0.0748130314569088,6.50522429654847e-06,6.9279507759773e-05
70794578438.4115,0.000115146588862544,5.16456489979021e-05,6.80881886827317e-05,-7.04631205430385e-06,0.795339533605979,-0.0758126535448198,6.74569601995331e-06,7.07671498641248e-05
72443596007.4967,0.000116011369417533,5.2054806807475e-05,6.79614306161148e-05,-7.14252097757169e-06,0.793884892264831,-0.076798079630621,6.99254835153928e-06,7.22830833163791e-05
74131024130.0894,0.000116897402580702,5.24584694606241e-05,6.78314001091829e-05,-7.23759646436488e-06,0.792392739165338,-0.0777676840196495,7.24576649422651e-06,7.3827747343685e-05
75857757502.9159,0.000117804616787265,5.28555880355203e-05,6.76981118679394e-05,-7.3314002363192e-06,0.790863247662137,-0.0787198126524316,7.50532103792186e-06,7.54015930166455e-05
77624711662.8667,0.000118732886625408,5.32451016098081e-05,6.75615884038916e-05,-7.42379210806974e-06,0.789296681010339,-0.0796527880459714,7.77116731701807e-06,7.70050844758287e-05
79432823472.4256,0.000119682030851007,5.36259403743749e-05,6.74218603374761e-05,-7.51463045786092e-06,0.787693395861939,-0.0805649146669018,8.04324481708041e-06,7.8638700240603e-05
81283051616.4073,0.000120651810597763,5.39970289910703e-05,6.72789666719738e-05,-7.6037727345933e-06,0.786053845423575,-0.0814544847225606,8.32147663900014e-06,8.03029345981413e-05
83176377110.2644,0.000121641927811431,5.43572901829703e-05,6.713295503366e-05,-7.69107599960094e-06,0.784378582226754,-0.082319784350369,8.60576902891439e-06,8.19982990694781e-05
85113803820.2349,0.00012265202393647,5.47056485423226e-05,6.69838818739775e-05,-7.77639750093917e-06,0.782668260462177,-0.0831591001799841,8.89601098209572e-06,8.37253239485108e-05
87096358995.6053,0.000123681678882711,5.50410345377815e-05,6.68318126296407e-05,-7.8595952774377e-06,0.780923637831162,-0.0839707262366644,9.19207392879161e-06,8.54845599088116e-05
89125093813.3717,0.000124730410298345,5.53623886989927e-05,6.66768218367571e-05,-7.94052878924562e-06,0.77914557686922,-0.0847529711482159,9.49381150963916e-06,8.72765796720969e-05
91201083935.588,0.000125797673173899,5.56686659530707e-05,6.65189931953086e-05,-8.01905957107246e-06,0.777335045699763,-0.0855041656118834,9.801059447784e-06,8.91019797311856e-05
93325430079.6961,0.000126882859799619,5.59588400841243e-05,6.63584195806598e-05,-8.09505190382457e-06,0.775493118179705,-0.0862226700717493,1.01136355241973e-05,9.09613821192968e-05
95499258602.1405,0.000127985300096016,5.62319082837564e-05,6.61952029991615e-05,-8.16837349985691e-06,0.773620973403253,-0.0869068825516947,1.0431339661905e-05,9.28554362166121e-05
97723722095.5779,0.000129104262334185,5.64868957575163e-05,6.60294544853848e-05,-8.23889619661995e-06,0.771719894535635,-0.0875552465839188,1.07539541239269e-05,9.47848205841715e-05
99999999999.9967,0.000130238954258855,5.67228603496387e-05,6.58612939390625e-05,-8.30649665309027e-06,0.769791266954665,-0.0881662591685167,1.10812438286764e-05,9.67502448144181e-05
102329299228.072,0.000131388524623144,5.69388971461877e-05,6.56908499004097e-05,-8.37105704304139e-06,0.767836575684938,-0.0887384786958006,1.14129567853982e-05,9.87524513870617e-05
104712854805.087,0.000132552065139564,5.71341430149565e-05,6.55182592631553e-05,-8.43246573895094e-06,0.765857402116986,-0.0892705327600549,1.17488246509486e-05,0.000100792217518433
107151930523.757,0.000133728612847109,5.73077810392585e-05,6.53436669253128e-05,-8.49061798015763e-06,0.763855420011784,-0.0897611257913195,1.20885634078529e-05,0.00010287035699215
109647819614.315,0.000134917152889332,5.7459044802113e-05,6.51672253784577e-05,-8.54541651878874e-06,0.761832390799431,-0.0902090464307283,1.2431874162138e-05,0.000104987721958736
112201845430.193,0.000136116621693189,5.7587222477323e-05,6.49890942370387e-05,-8.59677223697825e-06,0.759790158189618,-0.0906131745749218,1.27784440579569e-05,0.000107145204691856
114815362149.684,0.000137325910533261,5.76916606846219e-05,6.48094397100189e-05,-8.64460472899649e-06,0.757730642120298,-0.0909724880162134,1.31279473045189e-05,0.000109343739289003
117489755493.949,0.000138543869460823,5.77717680674091e-05,6.46284340179114e-05,-8.68884284211348e-06,0.755655832079811,-0.0912860686074994,1.34800463093458e-05,0.000111584303304916
120226443461.737,0.000139769311572199,5.78270185536427e-05,6.44462547590182e-05,-8.72942517032235e-06,0.753567779846284,-0.0915531078844,1.38343929104144e-05,0.000113867919306556
123026877081.234,0.000141001017586059,5.78569542631697e-05,6.42630842293963e-05,-8.76630049545454e-06,0.751468591696334,-0.0917729120817756,1.41906296983613e-05,0.000116195656339317
125892541179.413,0.000142237740694857,5.78611880281412e-05,6.40791087017368e-05,-8.7994281707192e-06,0.749360420142724,-0.0919449064875162,1.45483914186241e-05,0.000118568631295093
128824955169.309,0.000143478211651574,5.78394054971219e-05,6.38945176689455e-05,-8.82877844228985e-06,0.74724545526751,-0.0920686390832916,1.4907306442228e-05,0.000120988010173998
131825673855.636,0.000144721144049402,5.77913667980098e-05,6.37095030587333e-05,-8.85433270523259e-06,0.745125915723262,-0.0921437834296592,1.52669982929026e-05,0.000123455009232859
134896288259.161,0.000145965239749095,5.77169077398461e-05,6.35242584259632e-05,-8.87608369081015e-06,0.743004039479909,-0.092170140761434,1.56270872173669e-05,0.000125970896015034
138038426460.284,0.00014720919440645,5.76159405389434e-05,6.33389781298362e-05,-8.89403558299187e-06,0.740882074398672,-0.0921476412683672,1.59871917849605e-05,0.000128536990257689
141253754462.271,0.00014845170305081,5.74884540603851e-05,6.31538565032263e-05,-8.90820406283781e-06,0.738762268717142,-0.0920763445458139,1.63469305023538e-05,0.000131154664674296
144543977074.588,0.000149691465664713,5.73345135717337e-05,6.29690870215993e-05,-8.91861628028779e-06,0.736646861530986,-0.0919564392099811,1.67059234288354e-05,0.000133825345611795
147910838816.816,0.000150927192714746,5.71542600116549e-05,6.2784861478946e-05,-8.92531075375862e-06,0.734538073357767,-0.0917882416823729,1.70637937776648e-05,0.00013655051358362
151356124843.616,0.000152157610584438,5.69479087819534e-05,6.26013691780594e-05,-8.9283371988167e-06,0.732438096867138,-0.0915721941579804,1.74201694891978e-05,0.000139331703681407
154881661891.243,0.00015338146686146,5.67157480771675e-05,6.24187961422559e-05,-8.92775628803397e-06,0.730349087859086,-0.0913088617814233,1.77746847619181e-05,0.000142170505869931
158489319246.106,0.000154597535433674,5.64581367712354e-05,6.22373243553151e-05,-8.92363934493441e-06,0.728273156568157,-0.0909989290644368,1.81269815281563e-05,0.000145068565171322
162181009735.888,0.00015580462135138,5.6175501885747e-05,6.20571310359851e-05,-8.91606797568372e-06,0.726212359366655,-0.0906431955866619,1.84767108621053e-05,0.000148027581746117
165958690743.751,0.000157001565416622,5.58683356688434e-05,6.187838795288e-05,-8.90513364285152e-06,0.724168690933879,-0.0902425710294784,1.88235343087557e-05,0.000151049310880009
169824365246.169,0.000158187248464388,5.55371923178327e-05,6.17012607850046e-05,-8.8909371861725e-06,0.722144076951616,-0.0897980695994762,1.91671251235284e-05,0.000154135562886342
173780082874.932,0.000159360595304971,5.51826843820062e-05,6.15259085324789e-05,-8.87358829574164e-06,0.720140367378533,-0.0893108039040124,1.9507169413674e-05,0.000157288202935397
177827941003.886,0.000160520578301529,5.48054788849091e-05,6.13524829813255e-05,-8.85320494349078e-06,0.718159330347972,-0.0887819783460359,1.98433671738862e-05,0.000160509150822329
181970085860.992,0.00016166622056185,5.44062932074161e-05,6.11811282254404e-05,-8.8299127791065e-06,0.716202646725069,-0.0882128821089568,2.01754332100335e-05,0.00016380038068624
186208713666.281,0.000162796598728528,5.39858907743722e-05,6.10119802480961e-05,-8.80384449675872e-06,0.714271905350328,-0.0876048818047452,2.05030979464053e-05,0.000167163920693288
190546071796.318,0.000163910845356857,5.35450765882822e-05,6.08451665645621e-05,-8.77513917911712e-06,0.712368598987944,-0.086959413859684,2.08261081133683e-05,0.000170601852696953
194984459975.798,0.000165008150874912,5.3084692653585e-05,6.06808059266595e-05,-8.74394162514069e-06,0.710494120988395,-0.0862779767122965,2.11442273138179e-05,0.000174116311888614
199526231496.881,0.000166087765125233,5.26056133344728e-05,6.05190080893323e-05,-8.71040166803893e-06,0.708649762666341,-0.0855621228969726,2.14572364682484e-05,0.000177709486451429
204173794466.946,0.000167148998492252,5.2108740688032e-05,6.0359873638608e-05,-8.67467348962772e-06,0.706836711386778,-0.0848134510848039,2.17649341396394e-05,0.00018138361723018
208929613085.397,0.000168191222624024,5.15949998127761e-05,6.02034938796663e-05,-8.63691493704799e-06,0.70505604934482,-0.0840335981502111,2.20671367406406e-05,0.000185140997429271
213796208950.216,0.000169213870760892,5.1065334250444e-05,6.00499507831239e-05,-8.59728684748811e-06,0.70330875301752,-0.0832242313281904,2.2363678626718e-05,0.000188983972350417
218776162394.948,0.000170216437687363,5.05207014763427e-05,5.98993169871058e-05,-8.5559523861643e-06,0.701595693259937,-0.0823870405225615,2.265441207998e-05,0.000192914939180854
223872113856.827,0.000171198479326627,4.99620685105738e-05,5.97516558521917e-05,-8.51307640237536e-06,0.699917636012156,-0.0815237308205772,2.29392071893307e-05,0.000196936346842038
229086765276.77,0.000172159611999935,4.93904076792923e-05,5.96070215659264e-05,-8.46882480797251e-06,0.698275243579344,-0.0806360152637831,2.32179516333892e-05,0.000201050695907886
234422881531.984,0.000173099511375215,4.88066925517585e-05,5.94654592932449e-05,-8.42336398208009e-06,0.696669076443077,-0.0797256079192275,2.34905503732571e-05,0.000205260538600661
239883291901.941,0.000174017911131089,4.82118940754479e-05,5.9327005368907e-05,-8.37686020538227e-06,0.69509959555922,-0.0787942172891324,2.37569252627278e-05,0.000209568478871575
245470891568.495,0.000174914601363704,4.76069769279361e-05,5.91916875278449e-05,-8.32947912676182e-06,0.693567165095469,-0.0778435400910669,2.40170145838932e-05,0.000213977172572207
251188643150.95,0.000175789426764587,4.69928961007449e-05,5.90595251692082e-05,-8.28138526455097e-06,0.692072055560282,-0.076875255434624,2.42707725163397e-05,0.000218489327721763
257039578276.878,0.000176642284598104,4.63705937268818e-05,5.89305296498368e-05,-8.23274154413933e-06,0.690614447274314,-0.0758910194146819,2.45181685482294e-05,0.000223107704874289
263026799189.529,0.000177473122507059,4.57409961604646e-05,5.88047046028938e-05,-8.18370887318635e-06,0.689194434135544,-0.074892460135628,2.47591868375519e-05,0.000227835117588928
269153480392.683,0.000178281936174569,4.51050113136632e-05,5.86820462774552e-05,-8.13444575521389e-06,0.687812027629946,-0.0738811731755004,2.49938255317154e-05,0.000232674433005459
275422870333.807,0.000179068766869623,4.44635262532159e-05,5.85625438949564e-05,-8.08510794191206e-06,0.686467161040836,-0.072858717493923,2.52220960534312e-05,0.000237628572526472
281838293126.436,0.000179833698902696,4.38174050560477e-05,5.84461800185485e-05,-8.03584812408313e-06,0.685159693811763,-0.0718266117830317,2.54440223605531e-05,0.000242700512606785
288403150312.651,0.000180576857016553,4.31674869210279e-05,5.83329309316051e-05,-7.98681566077765e-06,0.683889416019939,-0.0707863312563275,2.56596401871667e-05,0.000247893285649986
295120922666.629,0.000181298403735936,4.25145845316802e-05,5.8222767021832e-05,-7.9381563458451e-06,0.68265605291971,-0.0697393048665931,2.58689962728035e-05,0.000253209981011352
301995172040.192,0.000181998536698171,4.18594826627121e-05,5.81156531676728e-05,-7.89001221082961e-06,0.68145926951831,-0.0686869129406632,2.60721475861861e-05,0.000258653746105875
309029543251.349,0.000182677485985073,4.1202937021542e-05,5.80115491239609e-05,-7.84252136289092e-06,0.680298675149104,-0.0676304852159691,2.62691605494131e-05,0.00026422778761961
316227766016.827,0.000183335511474683,4.05456733145987e-05,5.79104099040299e-05,-7.79581785621914e-06,0.679173828010553,-0.0665712992613575,2.64601102679685e-05,0.000269935372822218
323593656929.617,0.000183972900229553,3.98883865270128e-05,5.78121861557734e-05,-7.75003159523976e-06,0.678084239642354,-0.0655105792627148,2.66450797714073e-05,0.00027577983097822
331131121482.58,0.000184589963936439,3.9231740403414e-05,5.77168245294147e-05,-7.70528826776991e-06,0.677029379313299,-0.0644494951523851,2.68241592690327e-05,0.000281764554854266
338844156139.191,0.000185187036410439,3.85763671168873e-05,5.76242680350212e-05,-7.66170930618612e-06,0.676008678298586,-0.0633891620602177,2.69974454243471e-05,0.000287893002319527
346736850452.52,0.000185764471174804,3.79228671126776e-05,5.75344563880633e-05,-7.6194118745952e-06,0.67502153402734,-0.0623306400633137,2.71650406515401e-05,0.000294168698036218
354813389233.563,0.000186322639125957,3.72718091129853e-05,5.74473263415739e-05,-7.57850887996085e-06,0.674067314084084,-0.0612749342110963,2.73270524367765e-05,0.000300595235237211
363078054770.089,0.000186861926291562,3.66237302691166e-05,5.73628120037083e-05,-7.53910900512588e-06,0.673145360050704,-0.0602229948022061,2.74835926865655e-05,0.000307176277587677
371535229097.16,0.000187382731687965,3.59791364473317e-05,5.72808451397365e-05,-7.50131676168072e-06,0.672254991178127,-0.0591757178898549,2.76347771050425e-05,0.000313915561127765
380189396320.548,0.000187885465281855,3.53385026349583e-05,5.72013554577137e-05,-7.4652325606602e-06,0.671395507879414,-0.0581339459926566,2.77807246015729e-05,0.000320816896293397
389045144994.268,0.00018837054605965,3.47022734536725e-05,5.71242708772766e-05,-7.43095279909967e-06,0.670566195038281,-0.0570984689885254,2.79215567296934e-05,0.000327884170012381
398107170553.484,0.00018883840020689,3.40708637672911e-05,5.70495177811927e-05,-7.39856996054474e-06,0.669766325129155,-0.0560700251699867,2.80573971580514e-05,0.000335121347873209
407380277804.099,0.000189289459398781,3.34446593719362e-05,5.69770212494572e-05,-7.36817272768486e-06,0.668995161146813,-0.0550493024401338,2.81883711736777e-05,0.000342532476364049
416869383470.321,0.000189724159202046,3.28240177570196e-05,5.69067052758799e-05,-7.33984610536623e-06,0.668251959345335,-0.0540369396294652,2.83146052176356e-05,0.000350121685179683
426579518801.578,0.000190142937587361,3.2209268926129e-05,5.68384929672348e-05,-7.31367155233158e-06,0.667535971787641,-0.0530335279149218,2.84362264528318e-05,0.000357893189594302
436515832240.151,0.000190546233550838,3.16007162675654e-05,5.67723067251607e-05,-7.28972712013202e-06,0.666846448708223,-0.0520396123235891,2.855336236355e-05,0.00036585129289832
446683592150.948,0.000190934485842387,3.09986374649747e-05,5.67080684111009e-05,-7.26808759775715e-06,0.666182640692812,-0.0510556933047144,2.86661403860694e-05,0.000374000388897597
457088189614.859,0.000191308131798171,3.04032854392202e-05,5.66456994946529e-05,-7.24882466063128e-06,0.665543800679727,-0.05008222835489,2.87746875695652e-05,0.000382344964473671
467735141287.182,0.000191667606273943,2.9814889313344e-05,5.65851211857704e-05,-7.23200702272632e-06,0.664929185788459,-0.0491196336824624,2.8879130266351e-05,0.000390889602203845
478630092322.622,0.000192013340675593,2.92336553931679e-05,5.65262545513174e-05,-7.21770059064286e-06,0.664338058981717,-0.0481682858984191,2.89795938504036e-05,0.000399638983040215
489778819368.43,0.00019234576208298,2.86597681567634e-05,5.64690206165185e-05,-7.20596861860956e-06,0.663769690567703,-0.047228523722174,2.90762024630265e-05,0.000408597889046929
501187233627.255,0.000192665292462861,2.80933912466865e-05,5.64133404518849e-05,-7.19687186344668e-06,0.663223359549787,-0.0463006496918108,2.9169078784434e-05,0.000417771206195207
512861383991.347,0.000192972347966544,2.75346684595099e-05,5.6359135246221e-05,-7.19046873863125e-06,0.662698354831045,-0.0453849318694325,2.92583438299899e-05,0.000427163927215869
524807460249.755,0.000193267338307801,2.69837247277979e-05,5.63063263663291e-05,-7.18681546668838e-06,0.662193976281333,-0.0444816055333113,2.93441167698035e-05,0.000436781154509302
537031796370.234,0.000193550666216516,2.64406670902432e-05,5.62548354040423e-05,-7.18596622921571e-06,0.661709535674639,-0.0435908748495237,2.94265147703635e-05,0.000446628103113034
549540873857.606,0.000193822726963497,2.59055856462346e-05,5.62045842112138e-05,-7.18797331392478e-06,0.661244357504522,-0.0427129145166853,2.95056528568926e-05,0.000456710103727236
562341325190.33,0.000194083907951964,2.53785544916316e-05,5.61554949232864e-05,-7.19288725815466e-06,0.660797779685365,-0.0418478713782769,2.95816437951069e-05,0.000467032605798692
575439937337.137,0.000194334588371218,2.4859632632999e-05,5.61074899720576e-05,-7.20075698837965e-06,0.660369154147084,-0.0409958659978623,2.96545979910882e-05,0.000477601180663898
588843655355.569,0.00019457513890815,2.43488648779902e-05,5.60604920882405e-05,-7.21162995529252e-06,0.659957847330777,-0.0401569941932533,2.97246234079981e-05,0.000488421524752181
602559586074.337,0.000194805921512323,2.38462826999784e-05,5.60144242944036e-05,-7.22555226410049e-06,0.659563240592601,-0.0393313285263651,2.97918254983995e-05,0.000499499462849813
616595001861.461,0.000195027289210506,2.33519050753971e-05,5.59692098888524e-05,-7.24256879972006e-06,0.659184730522916,-0.0385189197461431,2.98563071509894e-05,0.000510840951426282
630957344480.172,0.000195239585966689,2.28657392925934e-05,5.59247724209936e-05,-7.26272334660117e-06,0.658821729187522,-0.0377197981825118,2.99181686505901e-05,0.000522452082024015
645654229034.633,0.000195443146583787,2.23877817312997e-05,5.58810356586973e-05,-7.28605870295015e-06,0.658473664297481,-0.0369339750898219,2.99775076502943e-05,0.000534339084712942
660693448007.573,0.000195638296643372,2.19180186121006e-05,5.58379235481486e-05,-7.31261678915519e-06,0.658139979313763,-0.0361614439387357,3.00344191547081e-05,0.000546508331611445
676082975391.958,0.000195825352480008,2.14564267155216e-05,5.57953601666534e-05,-7.34243875024702e-06,0.657820133492623,-0.0354021816559115,3.00889955132888e-05,0.000558966340475339
691830970918.913,0.000196004621186882,2.10029740705771e-05,5.57532696688382e-05,-7.37556505225303e-06,0.657513601877336,-0.03465614981122,3.01413264228283e-05,0.000571719778356599
707945784384.113,0.000196176400649673,2.05576206128107e-05,5.57115762266559e-05,-7.41203557232318e-06,0.657219875241556,-0.0339232957525475,3.01914989381824e-05,0.000584775465333708
724435960074.965,0.00019634097960572,2.01203188120273e-05,5.56702039635844e-05,-7.45188968252333e-06,0.656938459989304,-0.0332035536885352,3.02395974904039e-05,0.000598140378315538
741310241300.892,0.000196498637725788,1.96910142700601e-05,5.56290768833825e-05,-7.49516632720417e-06,0.656668878016235,-0.0324968457198456,3.02857039114873e-05,0.000611821654920783
758577575029.157,0.000196649645715866,1.9269646289044e-05,5.55881187937383e-05,-7.54190409386387e-06,0.65641066653656,-0.0318030828197663,3.03298974649856e-05,0.000625826597435047
776247116628.665,0.000196794265436626,1.88561484107698e-05,5.55472532251282e-05,-7.59214127742872e-06,0.656163377879685,-0.031122165765138,3.03722548818095e-05,0.000640162676847759
794328234724.254,0.000196932750038354,1.84504489277847e-05,5.55064033451794e-05,-7.64591593787949e-06,0.655926579260345,-0.030453986018752,3.04128504005687e-05,0.000654837536971167
812830516164.071,0.000197065344109274,1.80524713669787e-05,5.54654918688097e-05,-7.70326595115158e-06,0.65569985252574,-0.0297984265644843,3.0451755811862e-05,0.000669858998643715
831763771102.642,0.00019719228383541,1.76621349464547e-05,5.54244409644002e-05,-7.76422905323563e-06,0.655482793882892,-0.0291553626965372,3.04890405059681e-05,0.000685235064020202
851138038202.347,0.000197313797170237,1.72793550065301e-05,5.53831721562414e-05,-7.82884287740023e-06,0.655275013609215,-0.0285246627642415,3.05247715234321e-05,0.000700973920951156
870963589956.05,0.000197430104012513,1.69040434157498e-05,5.53416062234743e-05,-7.89714498445271e-06,0.655076135749026,-0.0279061888739312,3.05590136080838e-05,0.000717083947453937
891250938133.714,0.000197541416390843,1.6536108952821e-05,5.52996630957414e-05,-7.96917288594517e-06,0.654885797798503,-0.027299797549451,3.0591829262064e-05,0.000733573716278136
912010839355.878,0.000197647938653645,1.61754576653939e-05,5.52572617457456e-05,-8.04496406022286e-06,0.654703650381362,-0.0267053403528811,3.06232788024692e-05,0.000750451999567894
933254300796.958,0.000197749867663286,1.58219932066238e-05,5.52143200789119e-05,-8.12455596120072e-06,0.654529356917364,-0.0261226644670847,3.06534204192638e-05,0.00076772777362383
954992586021.402,0.000197847392993301,1.54756171504512e-05,5.51707548203372e-05,-8.20798601974015e-06,0.654362593285498,-0.0255516132416859,3.0682310234137e-05,0.000785410223767305
977237220955.776,0.000197940697127698,1.51362292865347e-05,5.51264813992105e-05,-8.2952916374846e-06,0.654203047483578,-0.0249920267040777,3.0710002360016e-05,0.000803508749309836
999999999999.965,0.000198029955661443,1.48037278957627e-05,5.50814138308853e-05,-8.38651017299618e-06,0.654050419285776,-0.0244437420370512,3.0736548960973e-05,0.000822032968630503
1023292992280.72,0.000198115337501334,1.44780100072554e-05,5.50354645967856e-05,-8.48167892002015e-06,0.653904419899474,-0.0239065940246079,3.07620003122901e-05,0.000840992724364258
1047128548050.86,0.000198197005066531,1.41589716377546e-05,5.4988544522332e-05,-8.58083507768616e-06,0.65376477162266,-0.0233804154674949,3.07864048604731e-05,0.000860398088704101
1071519305237.57,0.000198275114488109,1.38465080142777e-05,5.49405626530787e-05,-8.68401571243819e-06,0.653631207502979,-0.022865037569965,3.08098092830243e-05,0.000880259368820154
1096478196143.15,0.000198349815807069,1.35405137808916e-05,5.48914261292637e-05,-8.79125771146614e-06,0.653503470999401,-0.0223602902992298,3.0832258547808e-05,0.000900587112398703
1122018454301.92,0.000198421253170298,1.32408831904359e-05,5.48410400589837e-05,-8.90259772739454e-06,0.653381315647355,-0.0218660027190279,3.08537959718608e-05,0.000921392113304355
1148153621496.84,0.000198489565024058,1.29475102820013e-05,5.47893073902234e-05,-9.01807211396433e-06,0.653264504728103,-0.0213820032986908,3.08744632795152e-05,0.000942685417368506
1174897554939.49,0.000198554884304599,1.26602890449415e-05,5.47361287819815e-05,-9.13771685242609e-06,0.653152810942973,-0.020908120199041,3.08943006597239e-05,0.000964478328307385
1202264434617.37,0.000198617338625599,1.2379113570168e-05,5.46814024747642e-05,-9.26156746834419e-06,0.653046016093033,-0.0204441815364077,3.09133468224829e-05,0.000986782413772985
1230268770812.34,0.000198677050462119,1.21038781894509e-05,5.46250241607329e-05,-9.38965893849424e-06,0.65294391076469,-0.0199900156259994,3.09316390542694e-05,0.0010096095115403
1258925411794.12,0.00019873413733087,1.18344776034182e-05,5.45668868538273e-05,-9.52202558751886e-06,0.652846294021599,-0.0195454512058226,3.09492132724174e-05,0.00103297173583425
1288249551693.09,0.000198788711966561,1.15708069989181e-05,5.45068807602123e-05,-9.65870097399099e-06,0.652752973103231,-0.019110317642286,3.09661040783696e-05,0.00105688148379993
1318256738556.36,0.000198840882494199,1.13127621563798e-05,5.44448931494334e-05,-9.79971776551923e-06,0.652663763130386,-0.0186844451185795,3.09823448097498e-05,0.00108135144211964
1348962882591.6,0.000198890752597195,1.10602395477806e-05,5.43808082267021e-05,-9.94510760251652e-06,0.652578486817849,-0.018267664806872,3.09979675912115e-05,0.00110639459378048
1380384264602.83,0.000198938421681177,1.0813136425798e-05,5.43145070067782e-05,-1.0094900950242e-05,0.652496974194367,-0.0178598090253188,3.10130033840241e-05,0.00113202422499611
1412537544622.7,0.000198983985033446,1.05713509046976e-05,5.4245867189957e-05,-1.02491269387169e-05,0.652419062330089,-0.0174607113808266,3.10274820343658e-05,0.00115825393228663
1445439770745.88,0.000199027533978029,1.03347820334831e-05,5.41747630407254e-05,-1.04078131901093e-05,0.652344595071514,-0.0170702068984759,3.10414323202971e-05,0.00118509762972034
1479108388168.15,0.000199069156026282,1.01033298618048e-05,5.41010652696984e-05,-1.05709856331777e-05,0.652273422784041,-0.016688132138455,3.10548819973963e-05,0.00121256955632144
1513561248436.15,0.000199108935023064,9.87689549910065e-06,5.40246409195122e-05,-1.07386683043658e-05,0.652205402102091,-0.0163143253013175,3.10678578430381e-05,0.00124068428364766
1548816618912.43,0.000199146951288462,9.65538116741729e-06,5.39453532554066e-05,-1.09108831351417e-05,0.652140395686821,-0.0159486263223324,3.10803856993049e-05,0.00126945672354194
1584893192461.06,0.00019918328175511,9.43869024833507e-06,5.38630616612998e-05,-1.10876497251876e-05,0.652078271991377,-0.0155908769556536,3.10924905145203e-05,0.00129890213606243
1621810097358.87,0.000199218000101131,9.22672732439874e-06,5.37776215422267e-05,-1.12689851010545e-05,0.65201890503362,-0.0152409208489992,3.11041963833965e-05,0.0013290361375951
1659586907437.5,0.000199251176878745,9.01939821543214e-06,5.36888842340871e-05,-1.14549034599214e-05,0.651962174176258,-0.0148986036094893,3.11155265857922e-05,0.00135987470915334
1698243652461.68,0.000199282879638613,8.81661001009503e-06,5.35966969217278e-05,-1.16454158981198e-05,0.65190796391427,-0.0145637728612567,3.11265036240735e-05,0.00139143420486905
1737800828749.31,0.000199313173049961,8.61827109301891e-06,5.3500902566465e-05,-1.18405301241199e-05,0.651856163669526,-0.0142362782954117,3.11371492590774e-05,0.00142373136067982
1778279410038.86,0.00019934211901659,8.42429116784013e-06,5.34013398442377e-05,-1.20402501557163e-05,0.651806667592468,-0.0139159717129032,3.11474845446717e-05,0.00145678330321691
1819700858609.92,0.000199369776788815,8.23458127642919e-06,5.32978430956705e-05,-1.22445760011973e-05,0.651759374370715,-0.0136027070607938,3.11575298609102e-05,0.00149060755889874
1862087136662.8,0.000199396203071444,8.04905381459769e-06,5.31902422894159e-05,-1.24535033243449e-05,0.651714187044459,-0.013296340462429,3.11673049457792e-05,0.00152522206323494
1905460717963.18,0.000199421452127875,7.86762254454775e-06,5.30783630002376e-05,-1.26670230931807e-05,0.651671012828489,-0.0129967302419582,3.1176828925529e-05,0.0015606451703458
1949844599757.98,0.000199445575880403,7.69020260431207e-06,5.29620264033905e-05,-1.28851212124523e-05,0.651629762940692,-0.0127037369436316,3.11861203435884e-05,0.00159689566270234
1995262314968.81,0.000199468624006832,7.51671051441814e-06,5.28410492869466e-05,-1.31077781399504e-05,0.651590352436867,-0.0124172233462754,3.11951971880536e-05,0.00163399276109226
2041737944669.46,0.000199490644033496,7.34706418199497e-06,5.27152440838115e-05,-1.3334968486851e-05,0.651552700051686,-0.0121370544733218,3.12040769177444e-05,0.00167195613481703
2089296130853.96,0.000199511681424775,7.18118290252778e-06,5.25844189252664e-05,-1.35666606023973e-05,0.651516728045643,-0.011863097598744,3.12127764868184e-05,0.00171080591212565
2137962089502.15,0.000199531779669211,7.01898735945216e-06,5.24483777179617e-05,-1.38028161433736e-05,0.651482362057801,-0.0115952222492283,3.12213123679334e-05,0.00175056269089071
2187761623949.47,0.000199550980362332,6.8603996217678e-06,5.23069202463723e-05,-1.40433896289686e-05,0.651449530964193,-0.0113333002028918,3.1229700573944e-05,0.00179124754953241
2238721138568.26,0.000199569323286263,6.70534313983949e-06,5.2159842302806e-05,-1.42883279817993e-05,0.65141816674169,-0.0110772054848346,3.12379566781206e-05,0.00183288205819646
2290867652767.69,0.000199586846486246,6.55374273954263e-06,5.20069358471251e-05,-1.45375700560461e-05,0.651388204337168,-0.0108268143597959,3.12460958328726e-05,0.00187548829019179
2344228815319.84,0.000199603586344151,6.4055246148999e-06,5.18479891984077e-05,-1.47910461538537e-05,0.65135958154181,-0.0105820053221682,3.12541327869622e-05,0.00191908883369432
2398832919019.4,0.000199619577649081,6.26061631934593e-06,5.1682787260822e-05,-1.50486775313724e-05,0.651332238870383,-0.010342659083604,3.12620819011869e-05,0.00196370680372294
2454708915684.94,0.000199634853665172,6.1189467557478e-06,5.15111117860229e-05,-1.53103758960529e-05,0.651306119445305,-0.0101086585584349,3.1269957162515e-05,0.00200936585439422
2511886431509.49,0.000199649446196674,5.98044616530025e-06,5.13327416744025e-05,-1.55760428970648e-05,0.651281168885359,-0.00987988884710881,3.12777721966501e-05,0.00205609019146235
2570395782768.77,0.000199663385650411,5.84504611540646e-06,5.11474533175195e-05,-1.5845569610983e-05,0.651257335198891,-0.00965623721783542,3.12855402790089e-05,0.00210390458515111
2630267991895.29,0.000199676701095714,5.71267948664774e-06,5.09550209840139e-05,-1.61188360251807e-05,0.65123456868133,-0.00943759308661828,3.12932743440861e-05,0.00215283438328475
2691534803926.82,0.00019968942032191,5.5832804589379e-06,5.07552172512577e-05,-1.63957105216739e-05,0.651212821816873,-0.00922384799583869,3.13009869931916e-05,0.00220290552472478
2754228703338.06,0.000199701569893461,5.45678449695154e-06,5.05478134849154e-05,-1.66760493644909e-05,0.651192049184204,-0.00901489559154525,3.13086905005369e-05,0.00225414455311995
2818382931264.35,0.000199713175202838,5.33312833490922e-06,5.03325803684753e-05,-1.6959696193973e-05,0.651172207366078,-0.00881063159959197,3.1316396817657e-05,0.00230657863097675
2884031503126.5,0.000199724260521203,5.21224996079615e-06,5.0109288484657e-05,-1.7246481531766e-05,0.651153254862638,-0.00861095380075737,3.13241175761493e-05,0.0023602355540581
2951209226666.28,0.000199734849047,5.09408860008576e-06,4.98777089504166e-05,-1.75362223006168e-05,0.651135152008336,-0.00841576200496801,3.13318640887215e-05,0.00241514376611785
3019951720401.9,0.000199744962952516,4.97858469903427e-06,4.96376141070314e-05,-1.7828721363451e-05,0.651117860892295,-0.00822495802473982,3.13396473485381e-05,0.00247133237397909
3090295432513.48,0.000199754623428498,4.86567990760716e-06,4.93887782664645e-05,-1.81237670865718e-05,0.651101345282014,-0.00803844564794351,3.1347478026865e-05,0.00252883116296442
3162277660168.26,0.000199763850726896,4.75531706209421e-06,4.91309785148773e-05,-1.84211329321756e-05,0.651085570550259,-0.00785613060999119,3.13553664690158e-05,0.0025876706126864
3235936569296.16,0.000199772664201812,4.6474401674652e-06,4.88639955737716e-05,-1.87205770857303e-05,0.651070503605038,-0.0076779205655347,3.13633226886099e-05,0.00264788191320673
3311311214825.79,0.000199781082348716,4.5419943795145e-06,4.85876147187966e-05,-1.90218421240909e-05,0.651056112822527,-0.00750372505975898,3.13713563601622e-05,0.00270949698157295
3388441561391.9,0.000199789122842001,4.43892598683901e-06,4.83016267557608e-05,-1.93246547305387e-05,0.651042367982836,-0.00733345549934741,3.13794768100341e-05,0.00277254847874137
3467368504525.19,0.000199796802570945,4.33818239269021e-06,4.80058290528232e-05,-1.96287254632046e-05,0.651029240208504,-0.00716702512318984,3.13876930057848e-05,0.00283706982689563
3548133892335.62,0.000199804137674142,4.23971209673803e-06,4.77000266272217e-05,-1.99337485835742e-05,0.651016701905606,-0.00700434897289866,3.13960135439735e-05,0.00290309522716993
3630780547700.88,0.000199811143572456,4.14346467678111e-06,4.73840332842183e-05,-2.02394019519634e-05,0.651004726707383,-0.00684534386319267,3.14044466364795e-05,0.00297065967778669
3715352290971.59,0.000199817835000572,4.04939077043506e-06,4.70576728052045e-05,-2.05453469969799e-05,0.650993289420271,-0.00668992835220401,3.14130000954178e-05,0.0030397989926184
3801893963205.47,0.000199824226037188,3.95744205682778e-06,4.67207801811215e-05,-2.08512287660489e-05,0.650982365972261,-0.00653802271175828,3.14216813167445e-05,0.00311054982018347
3890451449942.66,0.000199830330133914,3.86757123832838e-06,4.6373202886513e-05,-2.11566760640633e-05,0.65097193336346,-0.00638954889767428,3.14304972626648e-05,0.00318294966308655
3981071705534.82,0.000199836160142916,3.77973202233394e-06,4.60148021886492e-05,-2.14613016871126e-05,0.650961969618798,-0.00624443052012533,3.14394544429697e-05,0.00325703689791363
4073802778040.98,0.000199841728343376,3.6938791031361e-06,4.56454544852422e-05,-2.1764702758037e-05,0.650952453742764,-0.00610259281410081,3.14485588954489e-05,0.00333285079559265
4168693834703.2,0.000199847046466801,3.6099681438876e-06,4.52650526633404e-05,-2.20664611702382e-05,0.650943365676109,-0.00596396261000275,3.14578161655453e-05,0.00341043154223054
4265795188015.77,0.000199852125721236,3.527955758687e-06,4.48735074710307e-05,-2.23661441457478e-05,0.650934686254414,-0.00582846830440953,3.14672312854334e-05,0.00348982026043786
4365158322401.5,0.000199856976814425,3.44779949479787e-06,4.44707488926351e-05,-2.2663304912988e-05,0.650926397168469,-0.00569603983103531,3.14768087527252e-05,0.00357105903115252
4466835921509.46,0.000199861609975968,3.36945781501753e-06,4.40567275171471e-05,-2.29574835089744e-05,0.650918480926364,-0.00556660863191131,3.14865525090235e-05,0.00365419091597416
4570881896148.58,0.000199866034978508,3.29289008020845e-06,4.36314158887618e-05,-2.32482077098758e-05,0.650910920817236,-0.00544010762881255,3.14964659185629e-05,0.00373925998002114
4677351412871.81,0.000199870261157996,3.21805653200442e-06,4.31948098275037e-05,-2.35349940928777e-05,0.650903700876601,-0.00531647119495103,3.15065517471922e-05,0.00382631131532234
4786300923226.2,0.000199874297433066,3.14491827570212e-06,4.27469297071864e-05,-2.3817349231187e-05,0.650896805853189,-0.00519563512695437,3.15168121419696e-05,0.00391539106475621
4897788193684.28,0.000199878152323572,3.07343726334752e-06,4.22878216772651e-05,-2.40947710227684e-05,0.650890221177245,-0.00507753661714672,3.15272486116551e-05,0.00400654644654968
5011872336272.53,0.000199881833968304,3.00357627702553e-06,4.18175588145806e-05,-2.43667501520234e-05,0.650883932930206,-0.004962114226147,3.15378620083936e-05,0.00409982577935003
5128613839913.46,0.000199885350141927,2.93529891236019e-06,4.13362421905835e-05,-2.46327716821261e-05,0.650877927815718,-0.00484930785579762,3.15486525108931e-05,0.00419527850788282
5248074602497.53,0.000199888708271183,2.86856956223178e-06,4.08440018393645e-05,-2.48923167741213e-05,0.650872193131925,-0.00473905872243539,3.15596196094045e-05,0.00429295522920954
5370317963702.32,0.00019989191545037,2.80335340071655e-06,4.03409976117541e-05,-2.51448645271912e-05,0.650866716744971,-0.00463130933051477,3.15707620928119e-05,0.00439290771959855
5495408738576.04,0.000199894978456153,2.73961636725343e-06,3.98274199008814e-05,-2.53898939327318e-05,0.650861487063682,-0.00452600344659218,3.15820780381399e-05,0.00449518896202373
5623413251903.28,0.000199897903761708,2.67732515104203e-06,3.93034902249386e-05,-2.56268859330662e-05,0.65085649301535,-0.00442308607367886,3.15935648027743e-05,0.0045998531743048
5754399373371.35,0.000199900697550253,2.61644717567499e-06,3.87694616534855e-05,-2.58553255737924e-05,0.650851724022604,-0.00432250342596887,3.16052190196843e-05,0.0047069558379044
5888436553555.67,0.000199903365727978,2.55695058400736e-06,3.8225619064459e-05,-2.6074704236953e-05,0.65084716998129,-0.00422420290394707,3.16170365959119e-05,0.0048165537273966
6025595860743.35,0.000199905913936399,2.49880422326521e-06,3.76722792201408e-05,-2.6284521940449e-05,0.65084282123934,-0.00412813306988187,3.16290127145773e-05,0.00492870494062231
6165950018614.59,0.000199908347564175,2.4419776303947e-06,3.71097906516682e-05,-2.64842896874457e-05,0.650838668576577,-0.00403424362370578,3.1641141840618e-05,0.0050434689295472
6309573444801.69,0.000199910671758394,2.38644101765294e-06,3.65385333432611e-05,-2.66735318479662e-05,0.650834703185411,-0.00394248537928649,3.16534177304463e-05,0.00516090653183809
6456542290346.31,0.000199912891435364,2.33216525844103e-06,3.59589182091525e-05,-2.68517885534804e-05,0.650830916652405,-0.00385281024109031,3.16658334456777e-05,0.00528108000317412
6606934480075.71,0.000199915011290919,2.27912187337953e-06,3.53713863582531e-05,-2.70186180841109e-05,0.650827300940648,-0.00376517118123898,3.16783813710336e-05,0.00540405305030947
6760829753919.56,0.000199917035810279,2.22728301662609e-06,3.47764081438109e-05,-2.71735992271259e-05,0.650823848372929,-0.00367952221696034,3.16910532364831e-05,0.00552989086490458
6918309709189.1,0.00019991896927746,2.17662146243474e-06,3.41744819977289e-05,-2.73163335847065e-05,0.650820551615648,-0.00359581838843286,3.17038401436342e-05,0.00565866015814345
7079457843841.11,0.000199920815784275,2.12711059195593e-06,3.3566133051733e-05,-2.74464478085992e-05,0.650817403663453,-0.00351401573702309,3.17167325963366e-05,0.00579042919615488
7244359600749.62,0.00019992257923893,2.07872438027619e-06,3.29519115502018e-05,-2.75635957391997e-05,0.650814397824568,-0.00343407128391522,3.17297205354036e-05,0.00592526783625589
7413102413008.89,0.00019992426337424,2.03143738369597e-06,3.2332391062133e-05,-2.76674604268991e-05,0.650811527706765,-0.00335594300913077,3.17427933773059e-05,0.00606324756403608
7585775750291.55,0.000199925871755479,1.98522472724404e-06,3.17081665023794e-05,-2.77577560141599e-05,0.650808787203979,-0.00327958983093668,3.17559400566352e-05,0.00620444153130219
7762471166286.62,0.000199927407787881,1.94006209242654e-06,3.10798519748878e-05,-2.78342294577721e-05,0.650806170483513,-0.00320497158563911,3.17691490720863e-05,0.00634892459490256
7943282347242.51,0.000199928874723804,1.89592570520872e-06,3.04480784531683e-05,-2.7896662072084e-05,0.65080367197382,-0.00313204900776033,3.17824085356494e-05,0.00649677335645149
8128305161640.68,0.000199930275669578,1.85279232422702e-06,2.98134913155524e-05,-2.79448708756752e-05,0.650801286352836,-0.00306078371059554,3.1795706224662e-05,0.00664806620297441
8317637711026.39,0.000199931613592047,1.81063922922927e-06,2.91767477549186e-05,-2.79787097259284e-05,0.650799008536834,-0.00299113816714609,3.18090296363244e-05,0.00680288334849497
8511380382023.44,0.000199932891324819,1.76944420974035e-06,2.85385140844293e-05,-2.79980702282324e-05,0.650796833669778,-0.00292307569142567,3.18223660442442e-05,0.00696130687658585
8709635899560.47,0.000199934111574237,1.72918555395074e-06,2.78994629623866e-05,-2.80028824090676e-05,0.650794757113158,-0.00285656042013518,3.18357025565445e-05,0.00712342078390556
8912509381337.11,0.000199935276925082,1.6898420378253e-06,2.72602705605424e-05,-2.79931151449511e-05,0.650792774436277,-0.00279155729470231,3.1849026175044e-05,0.00728931102474423
9120108393558.75,0.000199936389846024,1.65139291442929e-06,2.66216137010674e-05,-2.79687763420919e-05,0.650790881406983,-0.00272803204368146,3.1862323855002e-05,0.00745906555660191
9332543007969.55,0.000199937452694829,1.61381790346891e-06,2.59841669878623e-05,-2.79299128645841e-05,0.650789073982806,-0.00266595116550921,3.18755825649075e-05,0.00763277438682335
9549925860213.99,0.000199938467723329,1.57709718104312e-06,2.53485999579869e-05,-2.78766102119803e-05,0.650787348302502,-0.0026052819116108,3.1888789345793e-05,0.00781052962031423
9772372209557.73,0.000199939437082178,1.54121136960404e-06,2.47155742786687e-05,-2.78089919500898e-05,0.650785700677968,-0.00254599226985252,3.19019313695583e-05,0.00799242550836399
9999999999999.61,0.000199940362825388,1.50614152812256e-06,2.40857410146579e-05,-2.772721890177e-05,0.650784127586529,-0.00248805094833508,3.19149959958034e-05,0.00817855849860153
10232929922807.1,0.000199941246914665,1.47186914245611e-06,2.34597379896221e-05,-2.76314881072803e-05,0.650782625663562,-0.00243142735952268,3.19279708266931e-05,0.00836902728611021
10471285480508.6,0.000199942091223553,1.43837611591556e-06,2.28381872638528e-05,-2.75220315663802e-05,0.650781191695455,-0.0023760916047026,3.1940843759401e-05,0.00856393286572977
10715193052375.7,0.000199942897541388,1.40564476002787e-06,2.22216927488223e-05,-2.73991147767442e-05,0.650779822612875,-0.00232201445876983,3.19536030357205e-05,0.00876337858557299
10964781961431.4,0.000199943667577076,1.37365778549143e-06,2.1610837977113e-05,-2.72630350853827e-05,0.650778515484347,-0.00226916735533141,3.19662372884671e-05,0.008967470201786
11220184543019.2,0.000199944402962709,1.34239829332078e-06,2.10061840440002e-05,-2.71141198715792e-05,0.650777267510109,-0.00221752237212489,3.19787355843436e-05,0.00917631593458154
11481536214968.4,0.000199945105257009,1.31184976617764e-06,2.04082677345399e-05,-2.69527245813387e-05,0.650776076016241,-0.00216705221674545,3.19910874629904e-05,0.00939002652557532
11748975549394.8,0.000199945775948621,1.2819960598848e-06,1.98175998474527e-05,-2.67792306344912e-05,0.650774938449068,-0.0021177302126761,3.20032829719911e-05,0.00960871529645648
12022644346173.7,0.000199946416459264,1.25282139511994e-06,1.9234663724457e-05,-2.65940432263806e-05,0.650773852369793,-0.00206953028561532,3.20153126976617e-05,0.00983249820902348
12302687708123.3,0.000199947028146734,1.2243103492859e-06,1.8659913991038e-05,-2.63975890465108e-05,0.650772815449383,-0.00202242695009674,3.20271677915021e-05,0.010061493926618
12589254117941.2,0.000199947612307775,1.19644784855444e-06,1.8093775511993e-05,-2.61903139366046e-05,0.650771825463674,-0.00197639529639517,3.20388399922448e-05,0.0102958238769896
12882495516930.8,0.00019994817018082,1.16921916008015e-06,1.75366425625205e-05,-2.59726805102949e-05,0.650770880288698,-0.00193141097771344,3.20503216434869e-05,0.0105356123166252
13182567385563.6,0.000199948702948613,1.14260988438147e-06,1.69888782131584e-05,-2.57451657561123e-05,0.650769977896208,-0.00188745019764474,3.20616057069405e-05,0.010780986396578
13489628825916,0.000199949211740709,1.11660594788564e-06,1.64508139245647e-05,-2.55082586445985e-05,0.650769116349412,-0.00184448969790483,3.20726857713858e-05,0.0110320762298308
13803842646028.3,0.000199949697635863,1.09119359563449e-06,1.59227493460076e-05,-2.5262457759288e-05,0.650768293798887,-0.00180250674632881,3.2083556057452e-05,0.0112890149602305
14125375446227,0.000199950161664314,1.06635938414799e-06,1.54049523095123e-05,-2.50082689699973e-05,0.650767508478675,-0.00176147912512722,3.20942114183919e-05,0.0115519388330296
14454397707458.7,0.000199950604809966,1.0420901744425e-06,1.4897659009923e-05,-2.47462031653753e-05,0.650766758702556,-0.00172138511939608,3.21046473370485e-05,0.0118209872670745
14791083881681.5,0.000199951028012466,1.0183731252008e-06,1.44010743596943e-05,-2.44767740600445e-05,0.650766042860479,-0.00168220350587578,3.21148599192437e-05,0.0120963029286764
15135612484361.5,0.000199951432169199,9.95195686090787e-07,1.39153725060273e-05,-2.42004960899332e-05,0.650765359415152,-0.00164391354195375,3.21248458838406e-05,0.0123780318072074
15488166189124.2,0.000199951818137181,9.72545591229986e-07,1.34406974970264e-05,-2.39178824076035e-05,0.650764706898786,-0.00160649495490588,3.21346025497518e-05,0.0126663232924589
15848931924610.5,0.000199952186734878,9.50410852793004e-07,1.29771640828549e-05,-2.36294429875552e-05,0.650764083909976,-0.0015699279313717,3.21441278201808e-05,0.0129613302538069
16218100973588.7,0.000199952538743939,9.28779754758954e-07,1.25248586374128e-05,-2.33356828496612e-05,0.650763489110727,-0.00153419310705869,3.21534201643896e-05,0.013263209121223
16595869074374.9,0.000199952874910847,9.07640846796124e-07,1.20838401858352e-05,-2.30371004071005e-05,0.650762921223606,-0.00149927155667076,3.21624785972947e-05,0.0135721199681775
16982436524616.8,0.000199953195948504,8.86982938281069e-07,1.16541415230876e-05,-2.27341859434232e-05,0.65076237902902,-0.00146514478405643,3.21713026571904e-05,0.0138882265964752
17378008287493.1,0.000199953502537741,8.66795092449362e-07,1.12357704091162e-05,-2.24274202217324e-05,0.650761861362615,-0.00143179471257205,3.21798923818952e-05,0.0142116966230728
17782794100388.5,0.000199953795328754,8.47066620675357e-07,1.08287108263564e-05,-2.21172732274167e-05,0.650761367112794,-0.00139920367565567,3.21882482836124e-05,0.01454270156892
18197008586099.1,0.000199954074942491,8.27787076878241e-07,1.04329242859011e-05,-2.18042030444408e-05,0.650760895218336,-0.00136735440760716,3.21963713227835e-05,0.0148814169498749
18620871366627.9,0.000199954341971959,8.08946252051813e-07,1.00483511692587e-05,-2.1488654863887e-05,0.650760444666128,-0.00133623003457027,3.22042628811995e-05,0.0152280223697396
19054607179631.7,0.000199954596983484,7.90534168915378e-07,9.67491209335972e-06,-2.11710601222787e-05,0.650760014488996,-0.00130581406571252,3.22119247346243e-05,0.0155827016154662
19498445997579.7,0.000199954840517911,7.72541076683238e-07,9.31250928728989e-06,-2.08518357661792e-05,0.650759603763629,-0.00127609038459871,3.2219359025162e-05,0.0159456427545834
19952623149688,0.000199955073091749,7.54957445950295e-07,8.96102797010097e-06,-2.05313836386713e-05,0.650759211608599,-0.00124704324075412,3.22265682335879e-05,0.0163170382348957
20417379446694.5,0.000199955295198267,7.37773963691314e-07,8.6203377199752e-06,-2.02100899825693e-05,0.650758837182469,-0.00121865724141341,3.22335551518404e-05,0.016697084986507
20892961308539.6,0.000199955507308538,7.20981528371431e-07,8.29029382596135e-06,-1.98883250545996e-05,0.65075847968198,-0.00119091734345127,3.22403228558525e-05,0.0170859845262241
21379620895021.5,0.000199955709872436,7.04571245165571e-07,7.97073861445469e-06,-1.95664428442944e-05,0.650758138340328,-0.00116380884549128,3.22468746788829e-05,0.0174839430643933
21877616239494.7,0.000199955903319595,6.88534421284433e-07,7.66150274353887e-06,-1.92447808909827e-05,0.650757812425508,-0.00113731738018897,3.22532141854881e-05,0.0178911716142287
22387211385682.5,0.000199956088060311,6.72862561404778e-07,7.36240645923506e-06,-1.89236601920027e-05,0.650757501238741,-0.00111142890668563,3.22593451462554e-05,0.0183078861036886
22908676527676.8,0.000199956264486421,6.57547363201785e-07,7.07326080859973e-06,-1.86033851951173e-05,0.650757204112965,-0.0010861297032293,3.22652715134015e-05,0.0187343074899598
23442288153198.3,0.000199956432972127,6.42580712981265e-07,6.79386880547079e-06,-1.82842438680542e-05,0.6507569204114,-0.00106140635995928,3.22709973973219e-05,0.01917066187661
23988329190193.9,0.000199956593874791,6.27954681409618e-07,6.5240265454723e-06,-1.79665078381227e-05,0.650756649526166,-0.00103724577185094,3.22765270441612e-05,0.019617180633471
24547089156849.3,0.000199956747535696,6.13661519339383e-07,6.26352426764814e-06,-1.76504325949608e-05,0.650756390876982,-0.00101363513181732,3.22818648144567e-05,0.0200741005193148
25118864315094.8,0.000199956894280761,5.99693653728329e-07,6.01214736079876e-06,-1.73362577496276e-05,0.650756143909901,-0.000990561923964264,3.22870151628967e-05,0.0205416638073893
25703957827687.6,0.000199957034421245,5.86043683650062e-07,5.76967731324114e-06,-1.70242073434771e-05,0.650755908096124,-0.000968013916995801,3.22919826192193e-05,0.0210201184138778
26302679918952.8,0.000199957168254393,5.72704376394148e-07,5.53589260529875e-06,-1.67144902005076e-05,0.650755682930849,-0.000945979157766703,3.22967717702651e-05,0.0215097180293529
26915348039268.1,0.000199957296064076,5.59668663653798e-07,5.3105695443557e-06,-1.64073003171783e-05,0.650755467932184,-0.000924445964978964,3.23013872431895e-05,0.0220107222532917
27542287033380.6,0.00019995741812139,5.46929637799219e-07,5.09348304277767e-06,-1.61028172840062e-05,0.650755262640107,-0.000903402923019231,3.23058336898276e-05,0.0225233967317258
28183829312643.4,0.00019995753468523,5.34480548234732e-07,4.88440733941422e-06,-1.5801206733601e-05,0.650755066615468,-0.000882838875934131,3.2310115772197e-05,0.0230480132980972
28840315031264.9,0.000199957646002839,5.22314797837845e-07,4.68311666575363e-06,-1.55026208101463e-05,0.650754879439041,-0.000862742921540572,3.23142381491195e-05,0.0235848501173959
29512092266662.7,0.000199957752310333,5.10425939478464e-07,4.48938585810647e-06,-1.52071986557033e-05,0.650754700710619,-0.000843104405668112,3.23182054639309e-05,0.024134191833655
30199517204018.9,0.000199957853833201,4.98807672616484e-07,4.30299091744968e-06,-1.49150669090694e-05,0.650754530048148,-0.000823912916530553,3.23220223332483e-05,0.024696329720881
30902954325134.7,0.000199957950786787,4.87453839976038e-07,4.12370951877337e-06,-1.46263402132905e-05,0.650754367086899,-0.000805158279223979,3.23256933367575e-05,0.0252715618375007
31622776601682.5,0.000199958043376739,4.76358424294703e-07,3.95132147194047e-06,-1.43411217282762e-05,0.650754211478686,-0.000786830550348504,3.23292230079782e-05,0.0258601931844042
32359365692961.5,0.000199958131799453,4.65515545146013e-07,3.78560913619913e-06,-1.40595036453131e-05,0.650754062891107,-0.000768920012751045,3.23326158259668e-05,0.0264625358666703
33113112148257.8,0.000199958216242483,4.54919455833663e-07,3.62635779058252e-06,-1.37815677005997e-05,0.650753921006828,-0.000751417170386489,3.23358762079087e-05,0.0270789092590581
33884415613918.9,0.000199958296884945,4.44564540355792e-07,3.47335596249413e-06,-1.35073856852488e-05,0.6507537855229,-0.000734312743294678,3.23390085025555e-05,0.027709640175353
34673685045251.8,0.000199958373897891,4.34445310437821e-07,3.3263957168125e-06,-1.32370199494981e-05,0.650753656150104,-0.000717597662690679,3.23420169844591e-05,0.0283550630416571
35481338923356.1,0.000199958447444677,4.245564026323e-07,3.18527290786032e-06,-1.29705238991605e-05,0.650753532612322,-0.000701263066165852,3.23449058489558e-05,0.0290155200737163
36307805477008.7,0.000199958517681305,4.14892575484285e-07,3.04978739657297e-06,-1.27079424826043e-05,0.650753414645948,-0.0006853002929973,3.23476792078526e-05,0.0296913614583764
37153522909715.8,0.000199958584756757,4.0544870676078e-07,2.91974323517292e-06,-1.24493126668093e-05,0.650753301999315,-0.0006697008795633,3.23503410857695e-05,0.0303829455392661
38018939632054.6,0.000199958648813309,3.96219790742825e-07,2.79494882161245e-06,-1.21946639012677e-05,0.650753194432154,-0.000654456554862386,3.23528954170918e-05,0.0310906390068049
38904514499426.5,0.000199958709986835,3.8720093557882e-07,2.6752170259903e-06,-1.19440185687154e-05,0.650753091715074,-0.000639559236133789,3.23553460434879e-05,0.0318148170926355
39810717055348.1,0.000199958768407091,3.78387360697731e-07,2.56036529107954e-06,-1.16973924218691e-05,0.650752993629071,-0.000625001024577006,3.23576967119493e-05,0.0325558637685859
40738027780409.6,0.000199958824197995,3.69774394280835e-07,2.45021570902845e-06,-1.14547950055233e-05,0.650752899965051,-0.000610774201168273,3.23599510733108e-05,0.033314171950264
41686938347031.9,0.000199958877477889,3.61357470790679e-07,2.34459507621246e-06,-1.12162300635209e-05,0.650752810523387,-0.000596871222571807,3.23621126812114e-05,0.0340901437053954
42657951880157.5,0.000199958928359786,3.53132128556007e-07,2.24333492812767e-06,-1.09816959302534e-05,0.650752725113481,-0.000583284717143713,3.23641849914575e-05,0.0348841904670129
43651583224014.8,0.000199958976951614,3.45094007411365e-07,2.14627155612499e-06,-1.07511859064752e-05,0.65075264355336,-0.000570007481026467,3.23661713617515e-05,0.0356967332516109
44668359215094.5,0.000199959023356444,3.37238846390185e-07,2.05324600769025e-06,-1.05246886193346e-05,0.650752565669283,-0.000557032474331977,3.23680750517518e-05,0.0365282028823819
45708818961485.6,0.000199959067672707,3.29562481470124e-07,1.96410407188137e-06,-1.03021883666185e-05,0.650752491295364,-0.000544352817411224,3.23698992234317e-05,0.0373790402176515
46773514128717.9,0.000199959109994405,3.22060843369512e-07,1.87869625143883e-06,-1.00836654453025e-05,0.650752420273221,-0.000531961787208556,3.23716469417059e-05,0.0382496963846342
47863009232261.9,0.000199959150411307,3.14729955393738e-07,1.79687772299229e-06,-9.86909646457116e-06,0.650752352451631,-0.00051985281369873,3.23733211752965e-05,0.0391406330186336
48977881936842.6,0.000199959189009145,3.07565931330465e-07,1.7185082866939e-06,-9.65845464354035e-06,0.650752287686209,-0.000508019476404852,3.23749247978113e-05,0.0400523225078138
50118723362725.2,0.000199959225869789,3.00564973392566e-07,1.6434523065189e-06,-9.45171009397148e-06,0.650752225839094,-0.000496455500995382,3.23764605890088e-05,0.040985248243672
51286138399134.4,0.000199959261071427,2.93723370207722e-07,1.57157864238689e-06,-9.24883008831242e-06,0.650752166778655,-0.000485154755958449,3.23779312362278e-05,0.0419399048773448
52480746024975.1,0.000199959294688726,2.87037494853606e-07,1.50276057517245e-06,-9.04977931344155e-06,0.650752110379212,-0.000474111249351716,3.23793393359587e-05,0.0429167985818841
53703179637023.1,0.000199959326792994,2.8050380293766e-07,1.43687572559306e-06,-8.85452011052211e-06,0.65075205652076,-0.000463319125626094,3.23806873955372e-05,0.0439164473206425
54954087385760.2,0.000199959357452329,2.7411883072043e-07,1.37380596788454e-06,-8.66301270140025e-06,0.650752005088715,-0.000452772662521658,3.23819778349421e-05,0.0449393811219087
56234132519032.6,0.000199959386731763,2.67879193281492e-07,1.31343733910018e-06,-8.47521540199922e-06,0.650751955973669,-0.000442466268034106,3.23832129886797e-05,0.0459861423599407
57543993733713.4,0.000199959414693402,2.61781582727003e-07,1.25565994479979e-06,-8.29108482317668e-06,0.650751909071157,-0.000432394477450195,3.23843951077403e-05,0.0470572860425444
58884365535556.5,0.000199959441396558,2.55822766437949e-07,1.20036786182845e-06,-8.11057605952178e-06,0.650751864281427,-0.000422551950450573,3.23855263616109e-05,0.04815338010535
60255958607433.3,0.000199959466897872,2.49999585358145e-07,1.14745903882193e-06,-7.93364286657404e-06,0.650751821509235,-0.000412933468278504,3.23866088403341e-05,0.0492750057129433
61659500186145.7,0.000199959491251434,2.44308952321121e-07,1.09683519501725e-06,-7.76023782694793e-06,0.650751780663633,-0.00040353393097297,3.23876445565979e-05,0.0504227575670109
63095734448016.8,0.000199959514508904,2.38747850414997e-07,1.04840171789144e-06,-7.59031250584608e-06,0.650751741657781,-0.000394348354664717,3.23886354478496e-05,0.0515972442216623
64565422903462.9,0.000199959536719613,2.33313331384489e-07,1.00206756010015e-06,-7.42381759643981e-06,0.650751704408756,-0.0003853718689338,3.23895833784209e-05,0.0527990884060969
66069344800756.9,0.000199959557930674,2.28002514069207e-07,9.57745136139619e-07,-7.26070305558986e-06,0.65075166883738,-0.000376599714227244,3.23904901416582e-05,0.0540289273547867
67608297539195.4,0.000199959578187078,2.22812582877437e-07,9.15350219110952e-07,-7.10091823037141e-06,0.650751634868046,-0.000368027239335455,3.23913574620492e-05,0.0552874131453493
69183097091890.8,0.000199959597531792,2.17740786294587e-07,8.74801837924147e-07,-6.94441197585841e-06,0.650751602428559,-0.000359649898926047,3.23921869973389e-05,0.0565752130442913
70794578438410.9,0.000199959616005849,2.12784435425519e-07,8.3602217524095e-07,-6.7911327646105e-06,0.65075157144998,-0.000351463251133782,3.23929803406299e-05,0.0578930098608043
72443596007496,0.000199959633648435,2.07940902570001e-07,7.98936466420349e-07,-6.64102878829369e-06,0.650751541866481,-0.000343462955205352,3.23937390224611e-05,0.0592415023088024
74131024130088.7,0.000199959650496973,2.03207619830539e-07,7.63472899697834e-07,-6.49404805185308e-06,0.650751513615203,-0.000335644769197761,3.23944645128594e-05,0.0606214053773916
75857757502915.2,0.000199959666587201,1.98582077751829e-07,7.29562517799689e-07,-6.35013846064172e-06,0.650751486636121,-0.000328004547729072,3.23951582233624e-05,0.0620334507099692
77624711662866,0.000199959681953248,1.94061823991141e-07,6.97139121166123e-07,-6.20924790089582e-06,0.65075146087192,-0.000320538239780358,3.23958215090066e-05,0.0634783869921528
79432823472424.9,0.000199959696627708,1.89644462018922e-07,6.66139172931977e-07,-6.07132431393159e-06,0.650751436267867,-0.00031324188654767,3.23964556702788e-05,0.0649569803487452
81283051616406.6,0.000199959710641707,1.85327649848932e-07,6.36501705790886e-07,-5.93631576442441e-06,0.650751412771697,-0.000306111619342892,3.23970619550289e-05,0.0664700147499465
83176377110263.7,0.000199959724024972,1.81109098797241e-07,6.08168230847936e-07,-5.80417050311611e-06,0.650751390333503,-0.00029914365754238,3.23976415603408e-05,0.0680182924270265
85113803820234.1,0.00019995973680589,1.76986572269444e-07,5.81082648546983e-07,-5.67483702428128e-06,0.650751368905626,-0.000292334306582283,3.23981956343608e-05,0.0696026342976808
87096358995604.5,0.000199959749011571,1.72957884575449e-07,5.55191161741713e-07,-5.54826411826871e-06,0.650751348442559,-0.000285679955999504,3.23987252780812e-05,0.0712238804012932
89125093813370.9,0.000199959760667906,1.69020899771202e-07,5.30442190964052e-07,-5.42440091941981e-06,0.650751328900842,-0.000279177077517242,3.23992315470785e-05,0.0728828903443378
91201083935587.2,0.000199959771799618,1.65173530526755e-07,5.06786291929679e-07,-5.30319694965129e-06,0.650751310238976,-0.000272822223174121,3.2399715453206e-05,0.0745805437561549
93325430079695.2,0.00019995978243032,1.6141373702007e-07,4.84176075307897e-07,-5.18460215797554e-06,0.650751292417335,-0.000266612023495896,3.24001779662385e-05,0.0763177407553433
95499258602139.6,0.000199959792582561,1.57739525855973e-07,4.62566128771978e-07,-5.0685669562185e-06,0.650751275398074,-0.000260543185708789,3.24006200154714e-05,0.0780954024270166
97723722095577,0.000199959802277876,1.54148949009697e-07,4.41912941336159e-07,-4.95504225118171e-06,0.650751259145057,-0.000254612491993478,3.24010424912717e-05,0.079914471311176
99999999999995.8,0.00019995981153683,1.50640102794445e-07,4.22174829976629e-07,-4.84397947348205e-06,0.650751243623776,-0.000248816797778852,3.24014462465821e-05,0.0817759119024583
