 frequency              v(out)                 v(out)                 v(xdut.e)              v(xdut.e)              v(xdut.x)              v(xdut.x)              i(VIN)                 i(VIN)                
 1.000000000000000e+00 -1.944792798667622e-02  6.320402807845611e-12  1.944792806669466e-02  1.127553876279778e-13 -8.035368975376235e-01  8.674817430144171e-12 -1.116511091277807e-26 -4.562328666401609e-15 
 1.023292992280754e+00 -1.944792798667622e-02  6.467623901660016e-12  1.944792806669466e-02  1.153817980016097e-13 -8.035368975376235e-01  8.876879885581469e-12 -1.169130637892455e-26 -4.668598952810364e-15 
 1.047128548050899e+00 -1.944792798667622e-02  6.618274215276204e-12  1.944792806669466e-02  1.180693853318007e-13 -8.035368975376235e-01  9.083648980233499e-12 -1.224230067338148e-26 -4.777344592180113e-15 
 1.071519305237606e+00 -1.944792798667622e-02  6.772433625484546e-12  1.944792806669466e-02  1.208195746129278e-13 -8.035368975376235e-01  9.295234345811157e-12 -1.281926252892050e-26 -4.888623242888265e-15 
 1.096478196143185e+00 -1.944792798667622e-02  6.930183869644876e-12  1.944792806669466e-02  1.236338240317506e-13 -8.035368975376235e-01  9.511748167675938e-12 -1.342341575899182e-26 -5.002493906348378e-15 
 1.122018454301963e+00 -1.944792798667622e-02  7.091608589024722e-12  1.944792806669466e-02  1.265136257405624e-13 -8.035368975376235e-01  9.733305244322090e-12 -1.405604185359667e-26 -5.119016958293470e-15 
 1.148153621496882e+00 -1.944792798667622e-02  7.256793373147003e-12  1.944792806669466e-02  1.294605066483475e-13 -8.035368975376235e-01  9.960023048244310e-12 -1.471848269749936e-26 -5.238254180788049e-15 
 1.174897554939529e+00 -1.944792798667622e-02  7.425825805170746e-12  1.944792806669466e-02  1.324760292303699e-13 -8.035368975376235e-01  1.019202178822319e-11 -1.541214341654478e-26 -5.360268794985773e-15 
 1.202264434617413e+00 -1.944792798667622e-02  7.598795508328811e-12  1.944792806669466e-02  1.355617923566179e-13 -8.035368975376235e-01  1.042942447306156e-11 -1.613849535811878e-26 -5.485125494650144e-15 
 1.230268770812381e+00 -1.944792798667622e-02  7.775794193447343e-12  1.944792806669466e-02  1.387194321395458e-13 -8.035368975376235e-01  1.067235697680529e-11 -1.689907921207309e-26 -5.612890480455997e-15 
 1.258925411794167e+00 -1.944792798667622e-02  7.956915707572044e-12  1.944792806669466e-02  1.419506228015628e-13 -8.035368975376235e-01  1.092094810548347e-11 -1.769550827873524e-26 -5.743631495089977e-15 
 1.288249551693134e+00 -1.944792798667622e-02  8.142256083727132e-12  1.944792806669466e-02  1.452570775627279e-13 -8.035368975376235e-01  1.117532966540301e-11 -1.852947189093471e-26 -5.877417859168605e-15 
 1.318256738556407e+00 -1.944792798667622e-02  8.331913591833312e-12  1.944792806669466e-02  1.486405495491214e-13 -8.035368975376235e-01  1.143563653303412e-11 -1.940273899730441e-26 -6.014320507992986e-15 
 1.348962882591653e+00 -1.944792798667622e-02  8.525988790811794e-12  1.944792806669466e-02  1.521028327223762e-13 -8.035368975376235e-01  1.170200672652360e-11 -2.031716191445793e-26 -6.154412029159648e-15 
 1.380384264602885e+00 -1.944792798667622e-02  8.724584581901973e-12  1.944792806669466e-02  1.556457628308593e-13 -8.035368975376235e-01  1.197458147887385e-11 -2.127468025600138e-26 -6.297766701047444e-15 
 1.412537544622754e+00 -1.944792798667622e-02  8.927806263221003e-12  1.944792806669466e-02  1.592712183830106e-13 -8.035368975376235e-01  1.225350531282652e-11 -2.227732504671386e-26 -6.444460532200933e-15 
 1.445439770745927e+00 -1.944792798667622e-02  9.135761585594273e-12  1.944792806669466e-02  1.629811216433524e-13 -8.035368975376235e-01  1.253892611749036e-11 -2.332722303062341e-26 -6.594571301631112e-15 
 1.479108388168207e+00 -1.944792798667622e-02  9.348560809686332e-12  1.944792806669466e-02  1.667774396516996e-13 -8.035368975376235e-01  1.283099522675401e-11 -2.442660118211619e-26 -6.748178600054888e-15 
 1.513561248436208e+00 -1.944792798667622e-02  9.566316764462517e-12  1.944792806669466e-02  1.706621852661106e-13 -8.035368975376235e-01  1.312986749952518e-11 -2.557779142964772e-26 -6.905363872095117e-15 
 1.548816618912481e+00 -1.944792798667622e-02  9.789144907012391e-12  1.944792806669466e-02  1.746374182301307e-13 -8.035368975376235e-01  1.343570140183895e-11 -2.678323560207575e-26 -7.066210459463626e-15 
 1.584893192461113e+00 -1.944792798667622e-02  1.001716338376661e-11  1.944792806669466e-02  1.787052462648960e-13 -8.035368975376235e-01  1.374865909087850e-11 -2.804549060810675e-26 -7.230803645150097e-15 
 1.621810097358929e+00 -1.944792798667622e-02  1.025049309313974e-11  1.944792806669466e-02  1.828678261866745e-13 -8.035368975376235e-01  1.406890650095305e-11 -2.936723385984195e-26 -7.399230698640226e-15 
 1.659586907437560e+00 -1.944792798667622e-02  1.048925774963217e-11  1.944792806669466e-02  1.871273650504390e-13 -8.035368975376235e-01  1.439661343147840e-11 -3.075126895192752e-26 -7.571580922187173e-15 
 1.698243652461743e+00 -1.944792798667622e-02  1.073358394942519e-11  1.944792806669466e-02  1.914861213200767e-13 -8.035368975376235e-01  1.473195363700683e-11 -3.220053160835458e-26 -7.747945698160784e-15 
 1.737800828749374e+00 -1.944792798667622e-02  1.098360123750398e-11  1.944792806669466e-02  1.959464060658567e-13 -8.035368975376235e-01  1.507510491935406e-11 -3.371809590952341e-26 -7.928418537499743e-15 
 1.778279410038922e+00 -1.944792798667622e-02  1.123944217634404e-11  1.944792806669466e-02  2.005105841897903e-13 -8.035368975376235e-01  1.542624922187213e-11 -3.530718081278023e-26 -8.113095129292314e-15 
 1.819700858609982e+00 -1.944792798667622e-02  1.150124241619760e-11  1.944792806669466e-02  2.051810756795325e-13 -8.035368975376235e-01  1.578557272591818e-11 -3.697115698025711e-26 -8.302073391511942e-15 
 1.862087136662866e+00 -1.944792798667622e-02  1.176914076701718e-11  1.944792806669466e-02  2.099603568914927e-13 -8.035368975376235e-01  1.615326594957028e-11 -3.871355392849852e-26 -8.495453522934684e-15 
 1.905460717963246e+00 -1.944792798667622e-02  1.204327927205442e-11  1.944792806669466e-02  2.148509618638306e-13 -8.035368975376235e-01  1.652952384864259e-11 -4.053806751503885e-26 -8.693338056265907e-15 
 1.949844599758044e+00 -1.944792798667622e-02  1.232380328317334e-11  1.944792806669466e-02  2.198554836600374e-13 -8.035368975376235e-01  1.691454592005356e-11 -4.244856777781197e-26 -8.895831912504494e-15 
 1.995262314968878e+00 -1.944792798667622e-02  1.261086153791783e-11  1.944792806669466e-02  2.249765757438121e-13 -8.035368975376235e-01  1.730853630760183e-11 -4.444910714402044e-26 -9.103042456573348e-15 
 2.041737944669527e+00 -1.944792798667622e-02  1.290460623837421e-11  1.944792806669466e-02  2.302169533859632e-13 -8.035368975376235e-01  1.771170391020595e-11 -4.654392902587697e-26 -9.315079554245685e-15 
 2.089296130854037e+00 -1.944792798667622e-02  1.320519313187083e-11  1.944792806669466e-02  2.355793951040812e-13 -8.035368975376235e-01  1.812426249266538e-11 -4.873747682145069e-26 -9.532055630397343e-15 
 2.137962089502230e+00 -1.944792798667622e-02  1.351278159355737e-11  1.944792806669466e-02  2.410667441357452e-13 -8.035368975376235e-01  1.854643079900140e-11 -5.103440333971002e-26 -9.754085728615906e-15 
 2.187761623949550e+00 -1.944792798667622e-02  1.382753471090761e-11  1.944792806669466e-02  2.466819099460457e-13 -8.035368975376235e-01  1.897843266843807e-11 -5.343958066975453e-26 -9.981287572198370e-15 
 2.238721138568337e+00 -1.944792798667622e-02  1.414961937019064e-11  1.944792806669466e-02  2.524278697702207e-13 -8.035368975376235e-01  1.942049715408481e-11 -5.595811051516895e-26 -1.021378162656957e-14 
 2.290867652767770e+00 -1.944792798667622e-02  1.447920634495611e-11  1.944792806669466e-02  2.583076701922256e-13 -8.035368975376235e-01  1.987285864438332e-11 -5.859533501542064e-26 -1.045169116315457e-14 
 2.344228815319919e+00 -1.944792798667622e-02  1.481647038658061e-11  1.944792806669466e-02  2.643244287600727e-13 -8.035368975376235e-01  2.033575698738346e-11 -6.135684807725347e-26 -1.069514232473875e-14 
 2.398832919019488e+00 -1.944792798667622e-02  1.516159031692326e-11  1.944792806669466e-02  2.704813356387958e-13 -8.035368975376235e-01  2.080943761791387e-11 -6.424850724011402e-26 -1.094426419235046e-14 
 2.454708915685027e+00 -1.944792798667622e-02  1.551474912313930e-11  1.944792806669466e-02  2.767816553019183e-13 -8.035368975376235e-01  2.129415168771477e-11 -6.727644610077829e-26 -1.119918885370141e-14 
 2.511886431509577e+00 -1.944792798667622e-02  1.587613405470243e-11  1.944792806669466e-02  2.832287282623202e-13 -8.035368975376235e-01  2.179015619860192e-11 -7.044708732353258e-26 -1.146005147322138e-14 
 2.570395782768860e+00 -1.944792798667622e-02  1.624593672268682e-11  1.944792806669466e-02  2.898259728434222e-13 -8.035368975376235e-01  2.229771413873237e-11 -7.376715626350557e-26 -1.172699036372417e-14 
 2.630267991895378e+00 -1.944792798667622e-02  1.662435320136199e-11  1.944792806669466e-02  2.965768869916262e-13 -8.035368975376235e-01  2.281709462204433e-11 -7.724369523204841e-26 -1.200014705974288e-14 
 2.691534803926912e+00 -1.944792798667622e-02  1.701158413215385e-11  1.944792806669466e-02  3.034850501309722e-13 -8.035368975376235e-01  2.334857303094485e-11 -8.088407843442108e-26 -1.227966639257339e-14 
 2.754228703338163e+00 -1.944792798667622e-02  1.740783483002750e-11  1.944792806669466e-02  3.105541250609971e-13 -8.035368975376235e-01  2.389243116232127e-11 -8.469602761147037e-26 -1.256569656706583e-14 
 2.818382931264450e+00 -1.944792798667622e-02  1.781331539234797e-11  1.944792806669466e-02  3.177878598987994e-13 -8.035368975376235e-01  2.444895737695367e-11 -8.868762841847790e-26 -1.285838924020480e-14 
 2.884031503126602e+00 -1.944792798667622e-02  1.822824081027658e-11  1.944792806669466e-02  3.251900900663394e-13 -8.035368975376235e-01  2.501844675240754e-11 -9.286734757591843e-26 -1.315789960151982e-14 
 2.951209226666381e+00 -1.944792798667622e-02  1.865283108276207e-11  1.944792806669466e-02  3.327647403240323e-13 -8.035368975376235e-01  2.560120123948782e-11 -9.724405082850969e-26 -1.346438645536896e-14 
 3.019951720402012e+00 -1.944792798667622e-02  1.908731133318706e-11  1.944792806669466e-02  3.405158268517072e-13 -8.035368975376235e-01  2.619752982233725e-11 -1.018270217506452e-25 -1.377801230513895e-14 
 3.090295432513586e+00 -1.944792798667622e-02  1.953191192873134e-11  1.944792806669466e-02  3.484474593780386e-13 -8.035368975376235e-01  2.680774868226377e-11 -1.066259814381005e-25 -1.409894343940669e-14 
 3.162277660168374e+00 -1.944792798667622e-02  1.998686860251564e-11  1.944792806669466e-02  3.565638433595796e-13 -8.035368975376235e-01  2.743218136538413e-11 -1.116511091277803e-25 -1.442735002010758e-14 
 3.235936569296277e+00 -1.944792798667622e-02  2.045242257859049e-11  1.944792806669466e-02  3.648692822105504e-13 -8.035368975376235e-01  2.807115895417228e-11 -1.169130637892451e-25 -1.476340617275768e-14 
 3.311311214825905e+00 -1.944792798667622e-02  2.092882069983632e-11  1.944792806669466e-02  3.733681795845650e-13 -8.035368975376235e-01  2.872502024300363e-11 -1.224230067338144e-25 -1.510729007877736e-14 
 3.388441561392020e+00 -1.944792798667622e-02  2.141631555884289e-11  1.944792806669466e-02  3.820650417095074e-13 -8.035368975376235e-01  2.939411191778842e-11 -1.281926252892046e-25 -1.545918406996544e-14 
 3.467368504525310e+00 -1.944792798667622e-02  2.191516563183721e-11  1.944792806669466e-02  3.909644797767930e-13 -8.035368975376235e-01  3.007878873978909e-11 -1.342341575899178e-25 -1.581927472517390e-14 
 3.548133892335748e+00 -1.944792798667622e-02  2.242563541573105e-11  1.944792806669466e-02  4.000712123862829e-13 -8.035368975376235e-01  3.077941373371943e-11 -1.405604185359663e-25 -1.618775296923450e-14 
 3.630780547701007e+00 -1.944792798667622e-02  2.294799556836067e-11  1.944792806669466e-02  4.093900680481486e-13 -8.035368975376235e-01  3.149635838022510e-11 -1.471848269749932e-25 -1.656481417418964e-14 
 3.715352290971718e+00 -1.944792798667622e-02  2.348252305199328e-11  1.944792806669466e-02  4.189259877430115e-13 -8.035368975376235e-01  3.223000281284753e-11 -1.541214341654474e-25 -1.695065826288116e-14 
 3.801893963205605e+00 -1.944792798667622e-02  2.402950128017599e-11  1.944792806669466e-02  4.286840275417167e-13 -8.035368975376235e-01  3.298073601957588e-11 -1.613849535811872e-25 -1.734548981495215e-14 
 3.890451449942799e+00 -1.944792798667622e-02  2.458922026800550e-11  1.944792806669466e-02  4.386693612861284e-13 -8.035368975376235e-01  3.374895604909345e-11 -1.689907921207304e-25 -1.774951817531773e-14 
 3.981071705534965e+00 -1.944792798667622e-02  2.516197678589791e-11  1.944792806669466e-02  4.488872833323696e-13 -8.035368975376235e-01  3.453507022182850e-11 -1.769550827873518e-25 -1.816295756516251e-14 
 4.073802778041119e+00 -1.944792798667622e-02  2.574807451694035e-11  1.944792806669466e-02  4.593432113579592e-13 -8.035368975376235e-01  3.533949534592085e-11 -1.852947189093464e-25 -1.858602719552351e-14 
 4.168693834703346e+00 -1.944792798667622e-02  2.634782421790772e-11  1.944792806669466e-02  4.700426892343369e-13 -8.035368975376235e-01  3.616265793821912e-11 -1.940273899730434e-25 -1.901895138351872e-14 
 4.265795188015918e+00 -1.944792798667622e-02  2.696154388403011e-11  1.944792806669466e-02  4.809913899662971e-13 -8.035368975376235e-01  3.700499445042561e-11 -2.031716191445786e-25 -1.946195967128306e-14 
 4.365158322401651e+00 -1.944792798667622e-02  2.758955891759804e-11  1.944792806669466e-02  4.921951186998913e-13 -8.035368975376235e-01  3.786695150050872e-11 -2.127468025600130e-25 -1.991528694767461e-14 
 4.466835921509622e+00 -1.944792798667622e-02  2.823220230049505e-11  1.944792806669466e-02  5.036598158003928e-13 -8.035368975376235e-01  3.874898610950575e-11 -2.227732504671377e-25 -2.037917357281579e-14 
 4.570881896148741e+00 -1.944792798667622e-02  2.888981477074918e-11  1.944792806669466e-02  5.153915600019574e-13 -8.035368975376235e-01  3.965156594384153e-11 -2.332722303062333e-25 -2.085386550553554e-14 
 4.677351412871972e+00 -1.944792798667622e-02  2.956274500319665e-11  1.944792806669466e-02  5.273965716306488e-13 -8.035368975376235e-01  4.057516956329125e-11 -2.442660118211612e-25 -2.133961443377987e-14 
 4.786300923226373e+00 -1.944792798667622e-02  3.025134979435401e-11  1.944792806669466e-02  5.396812159025376e-13 -8.035368975376235e-01  4.152028667471927e-11 -2.557779142964763e-25 -2.183667790806017e-14 
 4.897788193684452e+00 -1.944792798667622e-02  3.095599425159630e-11  1.944792806669466e-02  5.522520062986236e-13 -8.035368975376235e-01  4.248741839172822e-11 -2.678323560207567e-25 -2.234531947800993e-14 
 5.011872336272712e+00 -1.944792798667622e-02  3.167705198674180e-11  1.944792806669466e-02  5.651156080183684e-13 -8.035368975376235e-01  4.347707750035591e-11 -2.804549060810666e-25 -2.286580883212220e-14 
 5.128613839913638e+00 -1.944792798667622e-02  3.241490531414602e-11  1.944792806669466e-02  5.782788415136740e-13 -8.035368975376235e-01  4.448978873096145e-11 -2.936723385984186e-25 -2.339842194074202e-14 
 5.248074602497715e+00 -1.944792798667622e-02  3.316994545340980e-11  1.944792806669466e-02  5.917486861051753e-13 -8.035368975376235e-01  4.552608903644412e-11 -3.075126895192742e-25 -2.394344120238955e-14 
 5.370317963702516e+00 -1.944792798667622e-02  3.394257273680911e-11  1.944792806669466e-02  6.055322836827695e-13 -8.035368975376235e-01  4.658652787694294e-11 -3.220053160835447e-25 -2.450115559349151e-14 
 5.495408738576233e+00 -1.944792798667622e-02  3.473319682155654e-11  1.944792806669466e-02  6.196369424923396e-13 -8.035368975376235e-01  4.767166751116769e-11 -3.371809590952330e-25 -2.507186082160025e-14 
 5.623413251903478e+00 -1.944792798667622e-02  3.554223690700697e-11  1.944792806669466e-02  6.340701410106838e-13 -8.035368975376235e-01  4.878208329451600e-11 -3.530718081278010e-25 -2.565585948218193e-14 
 5.754399373371556e+00 -1.944792798667622e-02  3.637012195692262e-11  1.944792806669466e-02  6.488395319107023e-13 -8.035368975376235e-01  4.991836398413427e-11 -3.697115698025702e-25 -2.625346121905651e-14 
 5.888436553555876e+00 -1.944792798667622e-02  3.721729092691530e-11  1.944792806669466e-02  6.639529461189463e-13 -8.035368975376235e-01  5.108111205108458e-11 -3.871355392849839e-25 -2.686498288857506e-14 
 6.025595860743564e+00 -1.944792798667622e-02  3.808419299718653e-11  1.944792806669466e-02  6.794183969676790e-13 -8.035368975376235e-01  5.227094399978283e-11 -4.053806751503874e-25 -2.749074872762124e-14 
 6.165950018614807e+00 -1.944792798667622e-02  3.897128781068873e-11  1.944792806669466e-02  6.952440844436495e-13 -8.035368975376235e-01  5.348849069487750e-11 -4.244856777781183e-25 -2.813109052552586e-14 
 6.309573444801917e+00 -1.944792798667622e-02  3.987904571683415e-11  1.944792806669466e-02  7.114383995358353e-13 -8.035368975376235e-01  5.473439769574247e-11 -4.444910714402030e-25 -2.878634779998613e-14 
 6.456542290346539e+00 -1.944792798667622e-02  4.080794802088021e-11  1.944792806669466e-02  7.280099286844555e-13 -8.035368975376235e-01  5.600932559876111e-11 -4.654392902587683e-25 -2.945686797708231e-14 
 6.606934480075944e+00 -1.944792798667622e-02  4.175848723912399e-11  1.944792806669466e-02  7.449674583336149e-13 -8.035368975376235e-01  5.731395038758332e-11 -4.873747682145056e-25 -3.014300657548769e-14 
 6.760829753919801e+00 -1.944792798667622e-02  4.273116736004086e-11  1.944792806669466e-02  7.623199795899930e-13 -8.035368975376235e-01  5.864896379154081e-11 -5.103440333970987e-25 -3.084512739496924e-14 
 6.918309709189348e+00 -1.944792798667622e-02  4.372650411150592e-11  1.944792806669466e-02  7.800766929900472e-13 -8.035368975376235e-01  6.001507365241139e-11 -5.343958066975436e-25 -3.156360270927914e-14 
 7.079457843841362e+00 -1.944792798667622e-02  4.474502523423958e-11  1.944792806669466e-02  7.982470133782606e-13 -8.035368975376235e-01  6.141300429972591e-11 -5.595811051516881e-25 -3.229881346353917e-14 
 7.244359600749883e+00 -1.944792798667622e-02  4.578727076162287e-11  1.944792806669466e-02  8.168405748990154e-13 -8.035368975376235e-01  6.284349693481732e-11 -5.859533501542046e-25 -3.305114947622290e-14 
 7.413102413009157e+00 -1.944792798667622e-02  4.685379330603016e-11  1.944792806669466e-02  8.358672361047451e-13 -8.035368975376235e-01  6.430731002381565e-11 -6.135684807725330e-25 -3.382100964584262e-14 
 7.585775750291819e+00 -1.944792798667622e-02  4.794515835183157e-11  1.944792806669466e-02  8.553370851830681e-13 -8.035368975376235e-01  6.580521969979644e-11 -6.424850724011386e-25 -3.460880216245053e-14 
 7.762471166286898e+00 -1.944792798667622e-02  4.906194455522031e-11  1.944792806669466e-02  8.752604453056800e-13 -8.035368975376235e-01  6.733802017429713e-11 -6.727644610077813e-25 -3.541494472406664e-14 
 7.943282347242794e+00 -1.944792798667622e-02  5.020474405102384e-11  1.944792806669466e-02  8.956478801018345e-13 -8.035368975376235e-01  6.890652415841828e-11 -7.044708732353238e-25 -3.623986475814766e-14 
 8.128305161640972e+00 -1.944792798667622e-02  5.137416276666158e-11  1.944792806669466e-02  9.165101992593204e-13 -8.035368975376235e-01  7.051156329373392e-11 -7.376715626350540e-25 -3.708399964821477e-14 
 8.317637711026689e+00 -1.944792798667622e-02  5.257082074341563e-11  1.944792806669466e-02  9.378584642559002e-13 -8.035368975376235e-01  7.215398859323878e-11 -7.724369523204823e-25 -3.794779696576013e-14 
 8.511380382023743e+00 -1.944792798667622e-02  5.379535246518492e-11  1.944792806669466e-02  9.597039942242529e-13 -8.035368975376235e-01  7.383467089256672e-11 -8.088407843442087e-25 -3.883171470755520e-14 
 8.709635899560784e+00 -1.944792798667622e-02  5.504840719489692e-11  1.944792806669466e-02  9.820583719535272e-13 -8.035368975376235e-01  7.555450131171929e-11 -8.469602761147018e-25 -3.973622153848672e-14 
 8.912509381337431e+00 -1.944792798667622e-02  5.633064931875545e-11  1.944792806669466e-02  1.004933450030690e-12 -8.035368975376235e-01  7.731439172754937e-11 -8.868762841847764e-25 -4.066179704004903e-14 
 9.120108393559072e+00 -1.944792798667622e-02  5.764275869850709e-11  1.944792806669466e-02  1.028341357124927e-12 -8.035368975376235e-01  7.911527525725038e-11 -9.286734757591819e-25 -4.160893196462447e-14 
 9.332543007969884e+00 -1.944792798667622e-02  5.898543103191278e-11  1.944792806669466e-02  1.052294504418418e-12 -8.035368975376235e-01  8.095810675310726e-11 -9.724405082850945e-25 -4.257812849568691e-14 
 9.549925860214332e+00 -1.944792798667622e-02  6.035937822161609e-11  1.944792806669466e-02  1.076805592186916e-12 -8.035368975376235e-01  8.284386330877185e-11 -1.018270217506449e-24 -4.356990051406589e-14 
 9.772372209558078e+00 -1.944792798667622e-02  6.176532875260330e-11  1.944792806669466e-02  1.101887616533599e-12 -8.035368975376235e-01  8.477354477733091e-11 -1.066259814381002e-24 -4.458477387041325e-14 
 9.999999999999970e+00 -1.944792798667622e-02  6.320402807845595e-11  1.944792806669466e-02  1.127553876279774e-12 -8.035368975376235e-01  8.674817430144145e-11 -1.116511091277800e-24 -4.562328666401595e-14 
 1.023292992280751e+01 -1.944792798667622e-02  6.467623901659997e-11  1.944792806669466e-02  1.153817980016094e-12 -8.035368975376235e-01  8.876879885581444e-11 -1.169130637892448e-24 -4.668598952810351e-14 
 1.047128548050896e+01 -1.944792798667622e-02  6.618274215276185e-11  1.944792806669466e-02  1.180693853318004e-12 -8.035368975376235e-01  9.083648980233475e-11 -1.224230067338141e-24 -4.777344592180099e-14 
 1.071519305237603e+01 -1.944792798667622e-02  6.772433625484526e-11  1.944792806669466e-02  1.208195746129274e-12 -8.035368975376235e-01  9.295234345811130e-11 -1.281926252892042e-24 -4.888623242888252e-14 
 1.096478196143182e+01 -1.944792798667622e-02  6.930183869644859e-11  1.944792806669466e-02  1.236338240317503e-12 -8.035368975376235e-01  9.511748167675910e-11 -1.342341575899175e-24 -5.002493906348364e-14 
 1.122018454301960e+01 -1.944792798667622e-02  7.091608589024702e-11  1.944792806669466e-02  1.265136257405620e-12 -8.035368975376235e-01  9.733305244322062e-11 -1.405604185359659e-24 -5.119016958293454e-14 
 1.148153621496879e+01 -1.944792798667622e-02  7.256793373146984e-11  1.944792806669466e-02  1.294605066483471e-12 -8.035368975376235e-01  9.960023048244281e-11 -1.471848269749928e-24 -5.238254180788034e-14 
 1.174897554939526e+01 -1.944792798667622e-02  7.425825805170722e-11  1.944792806669466e-02  1.324760292303695e-12 -8.035368975376235e-01  1.019202178822317e-10 -1.541214341654470e-24 -5.360268794985757e-14 
 1.202264434617409e+01 -1.944792798667622e-02  7.598795508328791e-11  1.944792806669466e-02  1.355617923566175e-12 -8.035368975376235e-01  1.042942447306153e-10 -1.613849535811868e-24 -5.485125494650128e-14 
 1.230268770812378e+01 -1.944792798667622e-02  7.775794193447321e-11  1.944792806669466e-02  1.387194321395454e-12 -8.035368975376235e-01  1.067235697680525e-10 -1.689907921207299e-24 -5.612890480455981e-14 
 1.258925411794163e+01 -1.944792798667622e-02  7.956915707572022e-11  1.944792806669466e-02  1.419506228015624e-12 -8.035368975376235e-01  1.092094810548343e-10 -1.769550827873513e-24 -5.743631495089959e-14 
 1.288249551693130e+01 -1.944792798667622e-02  8.142256083727108e-11  1.944792806669466e-02  1.452570775627275e-12 -8.035368975376235e-01  1.117532966540297e-10 -1.852947189093459e-24 -5.877417859168587e-14 
 1.318256738556403e+01 -1.944792798667622e-02  8.331913591833287e-11  1.944792806669466e-02  1.486405495491210e-12 -8.035368975376235e-01  1.143563653303409e-10 -1.940273899730429e-24 -6.014320507992967e-14 
 1.348962882591649e+01 -1.944792798667622e-02  8.525988790811769e-11  1.944792806669466e-02  1.521028327223757e-12 -8.035368975376235e-01  1.170200672652356e-10 -2.031716191445780e-24 -6.154412029159627e-14 
 1.380384264602880e+01 -1.944792798667622e-02  8.724584581901942e-11  1.944792806669466e-02  1.556457628308588e-12 -8.035368975376235e-01  1.197458147887381e-10 -2.127468025600123e-24 -6.297766701047423e-14 
 1.412537544622749e+01 -1.944792798667622e-02  8.927806263220970e-11  1.944792806669466e-02  1.592712183830101e-12 -8.035368975376235e-01  1.225350531282648e-10 -2.227732504671371e-24 -6.444460532200911e-14 
 1.445439770745922e+01 -1.944792798667622e-02  9.135761585594244e-11  1.944792806669466e-02  1.629811216433518e-12 -8.035368975376235e-01  1.253892611749032e-10 -2.332722303062326e-24 -6.594571301631090e-14 
 1.479108388168202e+01 -1.944792798667622e-02  9.348560809686302e-11  1.944792806669466e-02  1.667774396516991e-12 -8.035368975376235e-01  1.283099522675397e-10 -2.442660118211603e-24 -6.748178600054867e-14 
 1.513561248436203e+01 -1.944792798667622e-02  9.566316764462486e-11  1.944792806669466e-02  1.706621852661100e-12 -8.035368975376235e-01  1.312986749952514e-10 -2.557779142964755e-24 -6.905363872095094e-14 
 1.548816618912476e+01 -1.944792798667622e-02  9.789144907012358e-11  1.944792806669466e-02  1.746374182301301e-12 -8.035368975376235e-01  1.343570140183890e-10 -2.678323560207558e-24 -7.066210459463603e-14 
 1.584893192461108e+01 -1.944792798667622e-02  1.001716338376658e-10  1.944792806669466e-02  1.787052462648954e-12 -8.035368975376235e-01  1.374865909087846e-10 -2.804549060810656e-24 -7.230803645150074e-14 
 1.621810097358924e+01 -1.944792798667622e-02  1.025049309313971e-10  1.944792806669466e-02  1.828678261866738e-12 -8.035368975376235e-01  1.406890650095301e-10 -2.936723385984176e-24 -7.399230698640202e-14 
 1.659586907437554e+01 -1.944792798667622e-02  1.048925774963213e-10  1.944792806669466e-02  1.871273650504383e-12 -8.035368975376235e-01  1.439661343147836e-10 -3.075126895192731e-24 -7.571580922187148e-14 
 1.698243652461738e+01 -1.944792798667622e-02  1.073358394942516e-10  1.944792806669466e-02  1.914861213200761e-12 -8.035368975376235e-01  1.473195363700678e-10 -3.220053160835435e-24 -7.747945698160757e-14 
 1.737800828749369e+01 -1.944792798667622e-02  1.098360123750394e-10  1.944792806669466e-02  1.959464060658561e-12 -8.035368975376235e-01  1.507510491935401e-10 -3.371809590952318e-24 -7.928418537499716e-14 
 1.778279410038916e+01 -1.944792798667622e-02  1.123944217634400e-10  1.944792806669466e-02  2.005105841897896e-12 -8.035368975376235e-01  1.542624922187208e-10 -3.530718081277999e-24 -8.113095129292285e-14 
 1.819700858609976e+01 -1.944792798667622e-02  1.150124241619757e-10  1.944792806669466e-02  2.051810756795319e-12 -8.035368975376235e-01  1.578557272591813e-10 -3.697115698025688e-24 -8.302073391511915e-14 
 1.862087136662860e+01 -1.944792798667622e-02  1.176914076701714e-10  1.944792806669466e-02  2.099603568914920e-12 -8.035368975376235e-01  1.615326594957023e-10 -3.871355392849827e-24 -8.495453522934657e-14 
 1.905460717963240e+01 -1.944792798667622e-02  1.204327927205437e-10  1.944792806669466e-02  2.148509618638300e-12 -8.035368975376235e-01  1.652952384864254e-10 -4.053806751503860e-24 -8.693338056265880e-14 
 1.949844599758038e+01 -1.944792798667622e-02  1.232380328317330e-10  1.944792806669466e-02  2.198554836600368e-12 -8.035368975376235e-01  1.691454592005351e-10 -4.244856777781172e-24 -8.895831912504468e-14 
 1.995262314968872e+01 -1.944792798667622e-02  1.261086153791779e-10  1.944792806669466e-02  2.249765757438115e-12 -8.035368975376235e-01  1.730853630760178e-10 -4.444910714402017e-24 -9.103042456573319e-14 
 2.041737944669521e+01 -1.944792798667622e-02  1.290460623837417e-10  1.944792806669466e-02  2.302169533859626e-12 -8.035368975376235e-01  1.771170391020590e-10 -4.654392902587671e-24 -9.315079554245661e-14 
 2.089296130854031e+01 -1.944792798667622e-02  1.320519313187079e-10  1.944792806669466e-02  2.355793951040806e-12 -8.035368975376235e-01  1.812426249266533e-10 -4.873747682145040e-24 -9.532055630397314e-14 
 2.137962089502224e+01 -1.944792798667622e-02  1.351278159355733e-10  1.944792806669466e-02  2.410667441357447e-12 -8.035368975376235e-01  1.854643079900134e-10 -5.103440333970973e-24 -9.754085728615880e-14 
 2.187761623949544e+01 -1.944792798667622e-02  1.382753471090758e-10  1.944792806669466e-02  2.466819099460450e-12 -8.035368975376235e-01  1.897843266843802e-10 -5.343958066975421e-24 -9.981287572198341e-14 
 2.238721138568331e+01 -1.944792798667622e-02  1.414961937019060e-10  1.944792806669466e-02  2.524278697702200e-12 -8.035368975376235e-01  1.942049715408476e-10 -5.595811051516865e-24 -1.021378162656954e-13 
 2.290867652767764e+01 -1.944792798667622e-02  1.447920634495606e-10  1.944792806669466e-02  2.583076701922249e-12 -8.035368975376235e-01  1.987285864438326e-10 -5.859533501542031e-24 -1.045169116315454e-13 
 2.344228815319913e+01 -1.944792798667622e-02  1.481647038658057e-10  1.944792806669466e-02  2.643244287600719e-12 -8.035368975376235e-01  2.033575698738340e-10 -6.135684807725308e-24 -1.069514232473872e-13 
 2.398832919019481e+01 -1.944792798667622e-02  1.516159031692321e-10  1.944792806669466e-02  2.704813356387950e-12 -8.035368975376235e-01  2.080943761791381e-10 -6.424850724011367e-24 -1.094426419235043e-13 
 2.454708915685020e+01 -1.944792798667622e-02  1.551474912313926e-10  1.944792806669466e-02  2.767816553019175e-12 -8.035368975376235e-01  2.129415168771471e-10 -6.727644610077791e-24 -1.119918885370138e-13 
 2.511886431509570e+01 -1.944792798667622e-02  1.587613405470238e-10  1.944792806669466e-02  2.832287282623194e-12 -8.035368975376235e-01  2.179015619860186e-10 -7.044708732353218e-24 -1.146005147322135e-13 
 2.570395782768853e+01 -1.944792798667622e-02  1.624593672268678e-10  1.944792806669466e-02  2.898259728434214e-12 -8.035368975376235e-01  2.229771413873231e-10 -7.376715626350517e-24 -1.172699036372414e-13 
 2.630267991895371e+01 -1.944792798667622e-02  1.662435320136194e-10  1.944792806669466e-02  2.965768869916253e-12 -8.035368975376235e-01  2.281709462204427e-10 -7.724369523204798e-24 -1.200014705974285e-13 
 2.691534803926904e+01 -1.944792798667622e-02  1.701158413215379e-10  1.944792806669466e-02  3.034850501309712e-12 -8.035368975376235e-01  2.334857303094478e-10 -8.088407843442058e-24 -1.227966639257335e-13 
 2.754228703338154e+01 -1.944792798667622e-02  1.740783483002745e-10  1.944792806669466e-02  3.105541250609962e-12 -8.035368975376235e-01  2.389243116232119e-10 -8.469602761146985e-24 -1.256569656706579e-13 
 2.818382931264442e+01 -1.944792798667622e-02  1.781331539234792e-10  1.944792806669466e-02  3.177878598987984e-12 -8.035368975376235e-01  2.444895737695359e-10 -8.868762841847735e-24 -1.285838924020476e-13 
 2.884031503126593e+01 -1.944792798667622e-02  1.822824081027652e-10  1.944792806669466e-02  3.251900900663385e-12 -8.035368975376235e-01  2.501844675240746e-10 -9.286734757591790e-24 -1.315789960151978e-13 
 2.951209226666373e+01 -1.944792798667622e-02  1.865283108276202e-10  1.944792806669466e-02  3.327647403240315e-12 -8.035368975376235e-01  2.560120123948775e-10 -9.724405082850913e-24 -1.346438645536892e-13 
 3.019951720402003e+01 -1.944792798667622e-02  1.908731133318700e-10  1.944792806669466e-02  3.405158268517063e-12 -8.035368975376235e-01  2.619752982233717e-10 -1.018270217506446e-23 -1.377801230513891e-13 
 3.090295432513577e+01 -1.944792798667622e-02  1.953191192873128e-10  1.944792806669466e-02  3.484474593780376e-12 -8.035368975376235e-01  2.680774868226369e-10 -1.066259814380999e-23 -1.409894343940665e-13 
 3.162277660168365e+01 -1.944792798667622e-02  1.998686860251559e-10  1.944792806669466e-02  3.565638433595786e-12 -8.035368975376235e-01  2.743218136538406e-10 -1.116511091277797e-23 -1.442735002010754e-13 
 3.235936569296268e+01 -1.944792798667622e-02  2.045242257859042e-10  1.944792806669466e-02  3.648692822105494e-12 -8.035368975376235e-01  2.807115895417220e-10 -1.169130637892445e-23 -1.476340617275764e-13 
 3.311311214825896e+01 -1.944792798667622e-02  2.092882069983626e-10  1.944792806669466e-02  3.733681795845639e-12 -8.035368975376235e-01  2.872502024300356e-10 -1.224230067338138e-23 -1.510729007877732e-13 
 3.388441561392010e+01 -1.944792798667622e-02  2.141631555884282e-10  1.944792806669466e-02  3.820650417095064e-12 -8.035368975376235e-01  2.939411191778834e-10 -1.281926252892039e-23 -1.545918406996539e-13 
 3.467368504525301e+01 -1.944792798667622e-02  2.191516563183715e-10  1.944792806669466e-02  3.909644797767920e-12 -8.035368975376235e-01  3.007878873978901e-10 -1.342341575899171e-23 -1.581927472517386e-13 
 3.548133892335738e+01 -1.944792798667622e-02  2.242563541573098e-10  1.944792806669466e-02  4.000712123862819e-12 -8.035368975376235e-01  3.077941373371934e-10 -1.405604185359655e-23 -1.618775296923446e-13 
 3.630780547700997e+01 -1.944792798667622e-02  2.294799556836060e-10  1.944792806669466e-02  4.093900680481474e-12 -8.035368975376235e-01  3.149635838022501e-10 -1.471848269749924e-23 -1.656481417418959e-13 
 3.715352290971708e+01 -1.944792798667622e-02  2.348252305199320e-10  1.944792806669466e-02  4.189259877430102e-12 -8.035368975376235e-01  3.223000281284744e-10 -1.541214341654465e-23 -1.695065826288111e-13 
 3.801893963205595e+01 -1.944792798667622e-02  2.402950128017592e-10  1.944792806669466e-02  4.286840275417156e-12 -8.035368975376235e-01  3.298073601957579e-10 -1.613849535811864e-23 -1.734548981495211e-13 
 3.890451449942788e+01 -1.944792798667622e-02  2.458922026800543e-10  1.944792806669466e-02  4.386693612861273e-12 -8.035368975376235e-01  3.374895604909335e-10 -1.689907921207295e-23 -1.774951817531769e-13 
 3.981071705534954e+01 -1.944792798667622e-02  2.516197678589785e-10  1.944792806669466e-02  4.488872833323684e-12 -8.035368975376235e-01  3.453507022182839e-10 -1.769550827873508e-23 -1.816295756516247e-13 
 4.073802778041109e+01 -1.944792798667622e-02  2.574807451694027e-10  1.944792806669466e-02  4.593432113579579e-12 -8.035368975376235e-01  3.533949534592075e-10 -1.852947189093454e-23 -1.858602719552346e-13 
 4.168693834703335e+01 -1.944792798667622e-02  2.634782421790764e-10  1.944792806669466e-02  4.700426892343357e-12 -8.035368975376235e-01  3.616265793821903e-10 -1.940273899730424e-23 -1.901895138351867e-13 
 4.265795188015907e+01 -1.944792798667622e-02  2.696154388403003e-10  1.944792806669466e-02  4.809913899662960e-12 -8.035368975376235e-01  3.700499445042551e-10 -2.031716191445776e-23 -1.946195967128301e-13 
 4.365158322401639e+01 -1.944792798667622e-02  2.758955891759795e-10  1.944792806669466e-02  4.921951186998901e-12 -8.035368975376235e-01  3.786695150050863e-10 -2.127468025600118e-23 -1.991528694767456e-13 
 4.466835921509610e+01 -1.944792798667622e-02  2.823220230049497e-10  1.944792806669466e-02  5.036598158003915e-12 -8.035368975376235e-01  3.874898610950566e-10 -2.227732504671366e-23 -2.037917357281574e-13 
 4.570881896148729e+01 -1.944792798667622e-02  2.888981477074908e-10  1.944792806669466e-02  5.153915600019561e-12 -8.035368975376235e-01  3.965156594384142e-10 -2.332722303062321e-23 -2.085386550553549e-13 
 4.677351412871960e+01 -1.944792798667622e-02  2.956274500319657e-10  1.944792806669466e-02  5.273965716306475e-12 -8.035368975376235e-01  4.057516956329114e-10 -2.442660118211599e-23 -2.133961443377981e-13 
 4.786300923226361e+01 -1.944792798667622e-02  3.025134979435393e-10  1.944792806669466e-02  5.396812159025363e-12 -8.035368975376235e-01  4.152028667471916e-10 -2.557779142964749e-23 -2.183667790806011e-13 
 4.897788193684438e+01 -1.944792798667622e-02  3.095599425159620e-10  1.944792806669466e-02  5.522520062986220e-12 -8.035368975376235e-01  4.248741839172810e-10 -2.678323560207553e-23 -2.234531947800987e-13 
 5.011872336272698e+01 -1.944792798667622e-02  3.167705198674170e-10  1.944792806669466e-02  5.651156080183666e-12 -8.035368975376235e-01  4.347707750035578e-10 -2.804549060810649e-23 -2.286580883212213e-13 
 5.128613839913623e+01 -1.944792798667622e-02  3.241490531414593e-10  1.944792806669466e-02  5.782788415136723e-12 -8.035368975376235e-01  4.448978873096133e-10 -2.936723385984170e-23 -2.339842194074196e-13 
 5.248074602497700e+01 -1.944792798667621e-02  3.316994545340969e-10  1.944792806669466e-02  5.917486861051736e-12 -8.035368975376235e-01  4.552608903644398e-10 -3.075126895192724e-23 -2.394344120238948e-13 
 5.370317963702501e+01 -1.944792798667621e-02  3.394257273680900e-10  1.944792806669466e-02  6.055322836827678e-12 -8.035368975376235e-01  4.658652787694280e-10 -3.220053160835429e-23 -2.450115559349143e-13 
 5.495408738576219e+01 -1.944792798667621e-02  3.473319682155643e-10  1.944792806669466e-02  6.196369424923381e-12 -8.035368975376235e-01  4.767166751116756e-10 -3.371809590952312e-23 -2.507186082160019e-13 
 5.623413251903463e+01 -1.944792798667621e-02  3.554223690700686e-10  1.944792806669466e-02  6.340701410106821e-12 -8.035368975376235e-01  4.878208329451587e-10 -3.530718081277992e-23 -2.565585948218186e-13 
 5.754399373371541e+01 -1.944792798667621e-02  3.637012195692251e-10  1.944792806669466e-02  6.488395319107006e-12 -8.035368975376235e-01  4.991836398413413e-10 -3.697115698025681e-23 -2.625346121905644e-13 
 5.888436553555861e+01 -1.944792798667621e-02  3.721729092691519e-10  1.944792806669466e-02  6.639529461189447e-12 -8.035368975376235e-01  5.108111205108444e-10 -3.871355392849818e-23 -2.686498288857500e-13 
 6.025595860743547e+01 -1.944792798667621e-02  3.808419299718640e-10  1.944792806669466e-02  6.794183969676771e-12 -8.035368975376235e-01  5.227094399978269e-10 -4.053806751503851e-23 -2.749074872762116e-13 
 6.165950018614791e+01 -1.944792798667621e-02  3.897128781068860e-10  1.944792806669466e-02  6.952440844436476e-12 -8.035368975376235e-01  5.348849069487736e-10 -4.244856777781161e-23 -2.813109052552579e-13 
 6.309573444801901e+01 -1.944792798667621e-02  3.987904571683403e-10  1.944792806669466e-02  7.114383995358334e-12 -8.035368975376235e-01  5.473439769574232e-10 -4.444910714402006e-23 -2.878634779998606e-13 
 6.456542290346522e+01 -1.944792798667621e-02  4.080794802088008e-10  1.944792806669466e-02  7.280099286844538e-12 -8.035368975376235e-01  5.600932559876097e-10 -4.654392902587659e-23 -2.945686797708223e-13 
 6.606934480075925e+01 -1.944792798667621e-02  4.175848723912385e-10  1.944792806669466e-02  7.449674583336130e-12 -8.035368975376235e-01  5.731395038758316e-10 -4.873747682145027e-23 -3.014300657548760e-13 
 6.760829753919782e+01 -1.944792798667621e-02  4.273116736004073e-10  1.944792806669466e-02  7.623199795899906e-12 -8.035368975376235e-01  5.864896379154066e-10 -5.103440333970960e-23 -3.084512739496915e-13 
 6.918309709189329e+01 -1.944792798667621e-02  4.372650411150576e-10  1.944792806669466e-02  7.800766929900450e-12 -8.035368975376235e-01  6.001507365241122e-10 -5.343958066975406e-23 -3.156360270927905e-13 
 7.079457843841342e+01 -1.944792798667621e-02  4.474502523423944e-10  1.944792806669466e-02  7.982470133782585e-12 -8.035368975376235e-01  6.141300429972574e-10 -5.595811051516850e-23 -3.229881346353908e-13 
 7.244359600749863e+01 -1.944792798667621e-02  4.578727076162273e-10  1.944792806669466e-02  8.168405748990132e-12 -8.035368975376235e-01  6.284349693481717e-10 -5.859533501542016e-23 -3.305114947622281e-13 
 7.413102413009136e+01 -1.944792798667621e-02  4.685379330603001e-10  1.944792806669466e-02  8.358672361047427e-12 -8.035368975376235e-01  6.430731002381546e-10 -6.135684807725294e-23 -3.382100964584252e-13 
 7.585775750291798e+01 -1.944792798667621e-02  4.794515835183142e-10  1.944792806669466e-02  8.553370851830659e-12 -8.035368975376235e-01  6.580521969979626e-10 -6.424850724011351e-23 -3.460880216245044e-13 
 7.762471166286876e+01 -1.944792798667621e-02  4.906194455522016e-10  1.944792806669466e-02  8.752604453056778e-12 -8.035368975376235e-01  6.733802017429693e-10 -6.727644610077774e-23 -3.541494472406655e-13 
 7.943282347242773e+01 -1.944792798667621e-02  5.020474405102367e-10  1.944792806669466e-02  8.956478801018321e-12 -8.035368975376235e-01  6.890652415841811e-10 -7.044708732353201e-23 -3.623986475814756e-13 
 8.128305161640949e+01 -1.944792798667621e-02  5.137416276666140e-10  1.944792806669466e-02  9.165101992593180e-12 -8.035368975376235e-01  7.051156329373374e-10 -7.376715626350501e-23 -3.708399964821467e-13 
 8.317637711026666e+01 -1.944792798667621e-02  5.257082074341545e-10  1.944792806669466e-02  9.378584642558975e-12 -8.035368975376235e-01  7.215398859323858e-10 -7.724369523204780e-23 -3.794779696576002e-13 
 8.511380382023719e+01 -1.944792798667621e-02  5.379535246518474e-10  1.944792806669466e-02  9.597039942242502e-12 -8.035368975376235e-01  7.383467089256652e-10 -8.088407843442043e-23 -3.883171470755510e-13 
 8.709635899560760e+01 -1.944792798667621e-02  5.504840719489674e-10  1.944792806669466e-02  9.820583719535246e-12 -8.035368975376235e-01  7.555450131171908e-10 -8.469602761146972e-23 -3.973622153848662e-13 
 8.912509381337408e+01 -1.944792798667621e-02  5.633064931875527e-10  1.944792806669466e-02  1.004933450030688e-11 -8.035368975376235e-01  7.731439172754916e-10 -8.868762841847716e-23 -4.066179704004891e-13 
 9.120108393559049e+01 -1.944792798667621e-02  5.764275869850690e-10  1.944792806669466e-02  1.028341357124924e-11 -8.035368975376235e-01  7.911527525725017e-10 -9.286734757591770e-23 -4.160893196462437e-13 
 9.332543007969861e+01 -1.944792798667621e-02  5.898543103191258e-10  1.944792806669466e-02  1.052294504418415e-11 -8.035368975376235e-01  8.095810675310705e-10 -9.724405082850895e-23 -4.257812849568680e-13 
 9.549925860214309e+01 -1.944792798667621e-02  6.035937822161591e-10  1.944792806669466e-02  1.076805592186914e-11 -8.035368975376235e-01  8.284386330877164e-10 -1.018270217506444e-22 -4.356990051406579e-13 
 9.772372209558054e+01 -1.944792798667621e-02  6.176532875260312e-10  1.944792806669466e-02  1.101887616533596e-11 -8.035368975376235e-01  8.477354477733069e-10 -1.066259814380997e-22 -4.458477387041314e-13 
 9.999999999999946e+01 -1.944792798667620e-02  6.320402807845572e-10  1.944792806669466e-02  1.127553876279772e-11 -8.035368975376235e-01  8.674817430144124e-10 -1.116511091277795e-22 -4.562328666401584e-13 
 1.023292992280749e+02 -1.944792798667620e-02  6.467623901659974e-10  1.944792806669466e-02  1.153817980016091e-11 -8.035368975376235e-01  8.876879885581420e-10 -1.169130637892442e-22 -4.668598952810339e-13 
 1.047128548050894e+02 -1.944792798667620e-02  6.618274215276161e-10  1.944792806669466e-02  1.180693853318001e-11 -8.035368975376235e-01  9.083648980233451e-10 -1.224230067338135e-22 -4.777344592180087e-13 
 1.071519305237600e+02 -1.944792798667620e-02  6.772433625484500e-10  1.944792806669466e-02  1.208195746129271e-11 -8.035368975376235e-01  9.295234345811107e-10 -1.281926252892036e-22 -4.888623242888239e-13 
 1.096478196143179e+02 -1.944792798667620e-02  6.930183869644831e-10  1.944792806669466e-02  1.236338240317500e-11 -8.035368975376235e-01  9.511748167675886e-10 -1.342341575899168e-22 -5.002493906348351e-13 
 1.122018454301957e+02 -1.944792798667620e-02  7.091608589024674e-10  1.944792806669466e-02  1.265136257405617e-11 -8.035368975376235e-01  9.733305244322037e-10 -1.405604185359652e-22 -5.119016958293443e-13 
 1.148153621496876e+02 -1.944792798667620e-02  7.256793373146954e-10  1.944792806669466e-02  1.294605066483468e-11 -8.035368975376235e-01  9.960023048244254e-10 -1.471848269749920e-22 -5.238254180788021e-13 
 1.174897554939523e+02 -1.944792798667620e-02  7.425825805170694e-10  1.944792806669466e-02  1.324760292303692e-11 -8.035368975376235e-01  1.019202178822314e-09 -1.541214341654462e-22 -5.360268794985744e-13 
 1.202264434617406e+02 -1.944792798667620e-02  7.598795508328758e-10  1.944792806669466e-02  1.355617923566172e-11 -8.035368975376235e-01  1.042942447306150e-09 -1.613849535811859e-22 -5.485125494650114e-13 
 1.230268770812374e+02 -1.944792798667619e-02  7.775794193447287e-10  1.944792806669466e-02  1.387194321395450e-11 -8.035368975376235e-01  1.067235697680523e-09 -1.689907921207291e-22 -5.612890480455966e-13 
 1.258925411794160e+02 -1.944792798667619e-02  7.956915707571987e-10  1.944792806669466e-02  1.419506228015620e-11 -8.035368975376235e-01  1.092094810548340e-09 -1.769550827873503e-22 -5.743631495089945e-13 
 1.288249551693126e+02 -1.944792798667619e-02  8.142256083727074e-10  1.944792806669466e-02  1.452570775627271e-11 -8.035368975376235e-01  1.117532966540294e-09 -1.852947189093448e-22 -5.877417859168571e-13 
 1.318256738556399e+02 -1.944792798667619e-02  8.331913591833249e-10  1.944792806669466e-02  1.486405495491206e-11 -8.035368975376235e-01  1.143563653303406e-09 -1.940273899730419e-22 -6.014320507992951e-13 
 1.348962882591645e+02 -1.944792798667619e-02  8.525988790811728e-10  1.944792806669466e-02  1.521028327223752e-11 -8.035368975376235e-01  1.170200672652353e-09 -2.031716191445770e-22 -6.154412029159611e-13 
 1.380384264602876e+02 -1.944792798667619e-02  8.724584581901903e-10  1.944792806669466e-02  1.556457628308584e-11 -8.035368975376235e-01  1.197458147887378e-09 -2.127468025600113e-22 -6.297766701047408e-13 
 1.412537544622746e+02 -1.944792798667619e-02  8.927806263220930e-10  1.944792806669466e-02  1.592712183830097e-11 -8.035368975376235e-01  1.225350531282644e-09 -2.227732504671359e-22 -6.444460532200894e-13 
 1.445439770745919e+02 -1.944792798667618e-02  9.135761585594204e-10  1.944792806669466e-02  1.629811216433514e-11 -8.035368975376235e-01  1.253892611749029e-09 -2.332722303062314e-22 -6.594571301631075e-13 
 1.479108388168198e+02 -1.944792798667618e-02  9.348560809686259e-10  1.944792806669466e-02  1.667774396516986e-11 -8.035368975376235e-01  1.283099522675394e-09 -2.442660118211592e-22 -6.748178600054850e-13 
 1.513561248436199e+02 -1.944792798667618e-02  9.566316764462442e-10  1.944792806669466e-02  1.706621852661096e-11 -8.035368975376235e-01  1.312986749952511e-09 -2.557779142964743e-22 -6.905363872095078e-13 
 1.548816618912472e+02 -1.944792798667618e-02  9.789144907012312e-10  1.944792806669466e-02  1.746374182301297e-11 -8.035368975376235e-01  1.343570140183887e-09 -2.678323560207545e-22 -7.066210459463587e-13 
 1.584893192461104e+02 -1.944792798667618e-02  1.001716338376653e-09  1.944792806669466e-02  1.787052462648950e-11 -8.035368975376235e-01  1.374865909087843e-09 -2.804549060810644e-22 -7.230803645150058e-13 
 1.621810097358920e+02 -1.944792798667617e-02  1.025049309313966e-09  1.944792806669466e-02  1.828678261866734e-11 -8.035368975376235e-01  1.406890650095298e-09 -2.936723385984162e-22 -7.399230698640185e-13 
 1.659586907437551e+02 -1.944792798667616e-02  1.048925774963208e-09  1.944792806669466e-02  1.871273650504379e-11 -8.035368975376235e-01  1.439661343147832e-09 -3.075126895192717e-22 -7.571580922187131e-13 
 1.698243652461734e+02 -1.944792798667616e-02  1.073358394942510e-09  1.944792806669466e-02  1.914861213200756e-11 -8.035368975376235e-01  1.473195363700675e-09 -3.220053160835420e-22 -7.747945698160739e-13 
 1.737800828749365e+02 -1.944792798667616e-02  1.098360123750388e-09  1.944792806669466e-02  1.959464060658556e-11 -8.035368975376235e-01  1.507510491935397e-09 -3.371809590952302e-22 -7.928418537499698e-13 
 1.778279410038912e+02 -1.944792798667616e-02  1.123944217634394e-09  1.944792806669466e-02  2.005105841897891e-11 -8.035368975376235e-01  1.542624922187204e-09 -3.530718081277981e-22 -8.113095129292268e-13 
 1.819700858609972e+02 -1.944792798667615e-02  1.150124241619750e-09  1.944792806669466e-02  2.051810756795314e-11 -8.035368975376235e-01  1.578557272591810e-09 -3.697115698025671e-22 -8.302073391511896e-13 
 1.862087136662855e+02 -1.944792798667615e-02  1.176914076701707e-09  1.944792806669466e-02  2.099603568914915e-11 -8.035368975376235e-01  1.615326594957019e-09 -3.871355392849809e-22 -8.495453522934636e-13 
 1.905460717963235e+02 -1.944792798667615e-02  1.204327927205430e-09  1.944792806669466e-02  2.148509618638294e-11 -8.035368975376235e-01  1.652952384864249e-09 -4.053806751503838e-22 -8.693338056265856e-13 
 1.949844599758032e+02 -1.944792798667614e-02  1.232380328317322e-09  1.944792806669466e-02  2.198554836600362e-11 -8.035368975376235e-01  1.691454592005346e-09 -4.244856777781146e-22 -8.895831912504441e-13 
 1.995262314968867e+02 -1.944792798667614e-02  1.261086153791771e-09  1.944792806669466e-02  2.249765757438108e-11 -8.035368975376235e-01  1.730853630760173e-09 -4.444910714401993e-22 -9.103042456573296e-13 
 2.041737944669516e+02 -1.944792798667614e-02  1.290460623837408e-09  1.944792806669466e-02  2.302169533859619e-11 -8.035368975376235e-01  1.771170391020585e-09 -4.654392902587645e-22 -9.315079554245634e-13 
 2.089296130854026e+02 -1.944792798667613e-02  1.320519313187070e-09  1.944792806669466e-02  2.355793951040798e-11 -8.035368975376235e-01  1.812426249266528e-09 -4.873747682145012e-22 -9.532055630397289e-13 
 2.137962089502218e+02 -1.944792798667613e-02  1.351278159355723e-09  1.944792806669466e-02  2.410667441357439e-11 -8.035368975376235e-01  1.854643079900129e-09 -5.103440333970944e-22 -9.754085728615850e-13 
 2.187761623949538e+02 -1.944792798667613e-02  1.382753471090747e-09  1.944792806669466e-02  2.466819099460443e-11 -8.035368975376235e-01  1.897843266843797e-09 -5.343958066975395e-22 -9.981287572198315e-13 
 2.238721138568325e+02 -1.944792798667612e-02  1.414961937019049e-09  1.944792806669466e-02  2.524278697702192e-11 -8.035368975376235e-01  1.942049715408470e-09 -5.595811051516833e-22 -1.021378162656951e-12 
 2.290867652767758e+02 -1.944792798667612e-02  1.447920634495595e-09  1.944792806669466e-02  2.583076701922241e-11 -8.035368975376235e-01  1.987285864438321e-09 -5.859533501541999e-22 -1.045169116315451e-12 
 2.344228815319906e+02 -1.944792798667611e-02  1.481647038658045e-09  1.944792806669466e-02  2.643244287600712e-11 -8.035368975376235e-01  2.033575698738334e-09 -6.135684807725276e-22 -1.069514232473869e-12 
 2.398832919019474e+02 -1.944792798667611e-02  1.516159031692308e-09  1.944792806669466e-02  2.704813356387943e-11 -8.035368975376235e-01  2.080943761791376e-09 -6.424850724011333e-22 -1.094426419235040e-12 
 2.454708915685014e+02 -1.944792798667610e-02  1.551474912313913e-09  1.944792806669466e-02  2.767816553019168e-11 -8.035368975376235e-01  2.129415168771465e-09 -6.727644610077756e-22 -1.119918885370135e-12 
 2.511886431509563e+02 -1.944792798667610e-02  1.587613405470224e-09  1.944792806669466e-02  2.832287282623187e-11 -8.035368975376235e-01  2.179015619860180e-09 -7.044708732353182e-22 -1.146005147322132e-12 
 2.570395782768846e+02 -1.944792798667609e-02  1.624593672268663e-09  1.944792806669466e-02  2.898259728434208e-11 -8.035368975376235e-01  2.229771413873226e-09 -7.376715626350480e-22 -1.172699036372411e-12 
 2.630267991895364e+02 -1.944792798667609e-02  1.662435320136179e-09  1.944792806669466e-02  2.965768869916245e-11 -8.035368975376235e-01  2.281709462204421e-09 -7.724369523204758e-22 -1.200014705974281e-12 
 2.691534803926897e+02 -1.944792798667608e-02  1.701158413215363e-09  1.944792806669466e-02  3.034850501309705e-11 -8.035368975376235e-01  2.334857303094472e-09 -8.088407843442016e-22 -1.227966639257332e-12 
 2.754228703338148e+02 -1.944792798667607e-02  1.740783483002728e-09  1.944792806669466e-02  3.105541250609955e-11 -8.035368975376235e-01  2.389243116232114e-09 -8.469602761146949e-22 -1.256569656706576e-12 
 2.818382931264435e+02 -1.944792798667606e-02  1.781331539234774e-09  1.944792806669466e-02  3.177878598987976e-11 -8.035368975376235e-01  2.444895737695354e-09 -8.868762841847694e-22 -1.285838924020473e-12 
 2.884031503126586e+02 -1.944792798667606e-02  1.822824081027632e-09  1.944792806669466e-02  3.251900900663376e-11 -8.035368975376235e-01  2.501844675240740e-09 -9.286734757591742e-22 -1.315789960151974e-12 
 2.951209226666365e+02 -1.944792798667605e-02  1.865283108276181e-09  1.944792806669466e-02  3.327647403240306e-11 -8.035368975376235e-01  2.560120123948768e-09 -9.724405082850864e-22 -1.346438645536888e-12 
 3.019951720401995e+02 -1.944792798667604e-02  1.908731133318679e-09  1.944792806669466e-02  3.405158268517053e-11 -8.035368975376235e-01  2.619752982233710e-09 -1.018270217506441e-21 -1.377801230513888e-12 
 3.090295432513569e+02 -1.944792798667603e-02  1.953191192873105e-09  1.944792806669466e-02  3.484474593780367e-11 -8.035368975376235e-01  2.680774868226362e-09 -1.066259814380993e-21 -1.409894343940661e-12 
 3.162277660168357e+02 -1.944792798667602e-02  1.998686860251534e-09  1.944792806669466e-02  3.565638433595777e-11 -8.035368975376235e-01  2.743218136538399e-09 -1.116511091277791e-21 -1.442735002010750e-12 
 3.235936569296260e+02 -1.944792798667601e-02  2.045242257859016e-09  1.944792806669466e-02  3.648692822105483e-11 -8.035368975376235e-01  2.807115895417212e-09 -1.169130637892439e-21 -1.476340617275760e-12 
 3.311311214825888e+02 -1.944792798667601e-02  2.092882069983598e-09  1.944792806669466e-02  3.733681795845630e-11 -8.035368975376235e-01  2.872502024300347e-09 -1.224230067338131e-21 -1.510729007877728e-12 
 3.388441561392002e+02 -1.944792798667599e-02  2.141631555884253e-09  1.944792806669466e-02  3.820650417095055e-11 -8.035368975376235e-01  2.939411191778825e-09 -1.281926252892032e-21 -1.545918406996535e-12 
 3.467368504525292e+02 -1.944792798667599e-02  2.191516563183683e-09  1.944792806669466e-02  3.909644797767909e-11 -8.035368975376235e-01  3.007878873978892e-09 -1.342341575899164e-21 -1.581927472517382e-12 
 3.548133892335729e+02 -1.944792798667597e-02  2.242563541573064e-09  1.944792806669466e-02  4.000712123862807e-11 -8.035368975376235e-01  3.077941373371926e-09 -1.405604185359648e-21 -1.618775296923442e-12 
 3.630780547700987e+02 -1.944792798667596e-02  2.294799556836025e-09  1.944792806669466e-02  4.093900680481463e-11 -8.035368975376235e-01  3.149635838022492e-09 -1.471848269749915e-21 -1.656481417418955e-12 
 3.715352290971698e+02 -1.944792798667594e-02  2.348252305199282e-09  1.944792806669466e-02  4.189259877430091e-11 -8.035368975376235e-01  3.223000281284735e-09 -1.541214341654456e-21 -1.695065826288107e-12 
 3.801893963205584e+02 -1.944792798667594e-02  2.402950128017551e-09  1.944792806669466e-02  4.286840275417143e-11 -8.035368975376235e-01  3.298073601957570e-09 -1.613849535811855e-21 -1.734548981495206e-12 
 3.890451449942777e+02 -1.944792798667592e-02  2.458922026800499e-09  1.944792806669466e-02  4.386693612861261e-11 -8.035368975376235e-01  3.374895604909327e-09 -1.689907921207285e-21 -1.774951817531764e-12 
 3.981071705534943e+02 -1.944792798667591e-02  2.516197678589738e-09  1.944792806669466e-02  4.488872833323672e-11 -8.035368975376235e-01  3.453507022182831e-09 -1.769550827873499e-21 -1.816295756516242e-12 
 4.073802778041097e+02 -1.944792798667589e-02  2.574807451693979e-09  1.944792806669466e-02  4.593432113579567e-11 -8.035368975376235e-01  3.533949534592065e-09 -1.852947189093444e-21 -1.858602719552341e-12 
 4.168693834703323e+02 -1.944792798667588e-02  2.634782421790712e-09  1.944792806669466e-02  4.700426892343344e-11 -8.035368975376235e-01  3.616265793821893e-09 -1.940273899730414e-21 -1.901895138351862e-12 
 4.265795188015895e+02 -1.944792798667586e-02  2.696154388402947e-09  1.944792806669466e-02  4.809913899662946e-11 -8.035368975376235e-01  3.700499445042541e-09 -2.031716191445765e-21 -1.946195967128296e-12 
 4.365158322401627e+02 -1.944792798667585e-02  2.758955891759736e-09  1.944792806669466e-02  4.921951186998887e-11 -8.035368975376235e-01  3.786695150050852e-09 -2.127468025600106e-21 -1.991528694767450e-12 
 4.466835921509598e+02 -1.944792798667582e-02  2.823220230049434e-09  1.944792806669466e-02  5.036598158003902e-11 -8.035368975376235e-01  3.874898610950556e-09 -2.227732504671354e-21 -2.037917357281569e-12 
 4.570881896148716e+02 -1.944792798667580e-02  2.888981477074842e-09  1.944792806669466e-02  5.153915600019546e-11 -8.035368975376235e-01  3.965156594384132e-09 -2.332722303062308e-21 -2.085386550553543e-12 
 4.677351412871947e+02 -1.944792798667579e-02  2.956274500319586e-09  1.944792806669466e-02  5.273965716306459e-11 -8.035368975376235e-01  4.057516956329102e-09 -2.442660118211585e-21 -2.133961443377975e-12 
 4.786300923226348e+02 -1.944792798667577e-02  3.025134979435317e-09  1.944792806669466e-02  5.396812159025349e-11 -8.035368975376235e-01  4.152028667471906e-09 -2.557779142964736e-21 -2.183667790806005e-12 
 4.897788193684425e+02 -1.944792798667574e-02  3.095599425159539e-09  1.944792806669466e-02  5.522520062986206e-11 -8.035368975376235e-01  4.248741839172798e-09 -2.678323560207538e-21 -2.234531947800981e-12 
 5.011872336272685e+02 -1.944792798667572e-02  3.167705198674084e-09  1.944792806669466e-02  5.651156080183653e-11 -8.035368975376235e-01  4.347707750035567e-09 -2.804549060810635e-21 -2.286580883212207e-12 
 5.128613839913610e+02 -1.944792798667570e-02  3.241490531414500e-09  1.944792806669466e-02  5.782788415136707e-11 -8.035368975376235e-01  4.448978873096121e-09 -2.936723385984154e-21 -2.339842194074189e-12 
 5.248074602497686e+02 -1.944792798667568e-02  3.316994545340872e-09  1.944792806669466e-02  5.917486861051721e-11 -8.035368975376235e-01  4.552608903644386e-09 -3.075126895192708e-21 -2.394344120238942e-12 
 5.370317963702487e+02 -1.944792798667565e-02  3.394257273680796e-09  1.944792806669466e-02  6.055322836827662e-11 -8.035368975376235e-01  4.658652787694267e-09 -3.220053160835411e-21 -2.450115559349137e-12 
 5.495408738576203e+02 -1.944792798667562e-02  3.473319682155531e-09  1.944792806669466e-02  6.196369424923363e-11 -8.035368975376235e-01  4.767166751116743e-09 -3.371809590952293e-21 -2.507186082160012e-12 
 5.623413251903447e+02 -1.944792798667559e-02  3.554223690700566e-09  1.944792806669466e-02  6.340701410106803e-11 -8.035368975376235e-01  4.878208329451573e-09 -3.530718081277972e-21 -2.565585948218179e-12 
 5.754399373371524e+02 -1.944792798667557e-02  3.637012195692122e-09  1.944792806669466e-02  6.488395319106986e-11 -8.035368975376235e-01  4.991836398413397e-09 -3.697115698025659e-21 -2.625346121905636e-12 
 5.888436553555844e+02 -1.944792798667553e-02  3.721729092691381e-09  1.944792806669466e-02  6.639529461189428e-11 -8.035368975376235e-01  5.108111205108430e-09 -3.871355392849798e-21 -2.686498288857492e-12 
 6.025595860743530e+02 -1.944792798667550e-02  3.808419299718494e-09  1.944792806669466e-02  6.794183969676751e-11 -8.035368975376235e-01  5.227094399978254e-09 -4.053806751503828e-21 -2.749074872762108e-12 
 6.165950018614773e+02 -1.944792798667547e-02  3.897128781068704e-09  1.944792806669466e-02  6.952440844436456e-11 -8.035368975376235e-01  5.348849069487720e-09 -4.244856777781136e-21 -2.813109052552571e-12 
 6.309573444801882e+02 -1.944792798667543e-02  3.987904571683235e-09  1.944792806669466e-02  7.114383995358314e-11 -8.035368975376235e-01  5.473439769574216e-09 -4.444910714401980e-21 -2.878634779998598e-12 
 6.456542290346504e+02 -1.944792798667539e-02  4.080794802087830e-09  1.944792806669466e-02  7.280099286844515e-11 -8.035368975376235e-01  5.600932559876081e-09 -4.654392902587633e-21 -2.945686797708215e-12 
 6.606934480075907e+02 -1.944792798667536e-02  4.175848723912196e-09  1.944792806669466e-02  7.449674583336109e-11 -8.035368975376235e-01  5.731395038758298e-09 -4.873747682144999e-21 -3.014300657548752e-12 
 6.760829753919763e+02 -1.944792798667531e-02  4.273116736003870e-09  1.944792806669466e-02  7.623199795899885e-11 -8.035368975376235e-01  5.864896379154048e-09 -5.103440333970929e-21 -3.084512739496907e-12 
 6.918309709189309e+02 -1.944792798667527e-02  4.372650411150361e-09  1.944792806669466e-02  7.800766929900429e-11 -8.035368975376235e-01  6.001507365241106e-09 -5.343958066975377e-21 -3.156360270927897e-12 
 7.079457843841321e+02 -1.944792798667523e-02  4.474502523423712e-09  1.944792806669466e-02  7.982470133782560e-11 -8.035368975376235e-01  6.141300429972555e-09 -5.595811051516817e-21 -3.229881346353898e-12 
 7.244359600749841e+02 -1.944792798667518e-02  4.578727076162024e-09  1.944792806669466e-02  8.168405748990108e-11 -8.035368975376235e-01  6.284349693481699e-09 -5.859533501541983e-21 -3.305114947622272e-12 
 7.413102413009113e+02 -1.944792798667513e-02  4.685379330602734e-09  1.944792806669466e-02  8.358672361047399e-11 -8.035368975376235e-01  6.430731002381524e-09 -6.135684807725254e-21 -3.382100964584241e-12 
 7.585775750291774e+02 -1.944792798667508e-02  4.794515835182855e-09  1.944792806669466e-02  8.553370851830630e-11 -8.035368975376235e-01  6.580521969979603e-09 -6.424850724011308e-21 -3.460880216245033e-12 
 7.762471166286851e+02 -1.944792798667503e-02  4.906194455521710e-09  1.944792806669466e-02  8.752604453056749e-11 -8.035368975376235e-01  6.733802017429671e-09 -6.727644610077732e-21 -3.541494472406643e-12 
 7.943282347242747e+02 -1.944792798667497e-02  5.020474405102040e-09  1.944792806669466e-02  8.956478801018293e-11 -8.035368975376235e-01  6.890652415841786e-09 -7.044708732353154e-21 -3.623986475814744e-12 
 8.128305161640923e+02 -1.944792798667491e-02  5.137416276665793e-09  1.944792806669466e-02  9.165101992593148e-11 -8.035368975376235e-01  7.051156329373350e-09 -7.376715626350452e-21 -3.708399964821454e-12 
 8.317637711026639e+02 -1.944792798667485e-02  5.257082074341173e-09  1.944792806669466e-02  9.378584642558945e-11 -8.035368975376235e-01  7.215398859323834e-09 -7.724369523204732e-21 -3.794779696575990e-12 
 8.511380382023692e+02 -1.944792798667478e-02  5.379535246518076e-09  1.944792806669466e-02  9.597039942242472e-11 -8.035368975376235e-01  7.383467089256627e-09 -8.088407843441992e-21 -3.883171470755497e-12 
 8.709635899560732e+02 -1.944792798667471e-02  5.504840719489246e-09  1.944792806669466e-02  9.820583719535214e-11 -8.035368975376235e-01  7.555450131171881e-09 -8.469602761146914e-21 -3.973622153848649e-12 
 8.912509381337379e+02 -1.944792798667465e-02  5.633064931875071e-09  1.944792806669466e-02  1.004933450030685e-10 -8.035368975376235e-01  7.731439172754890e-09 -8.868762841847657e-21 -4.066179704004879e-12 
 9.120108393559019e+02 -1.944792798667457e-02  5.764275869850202e-09  1.944792806669466e-02  1.028341357124921e-10 -8.035368975376235e-01  7.911527525724991e-09 -9.286734757591709e-21 -4.160893196462423e-12 
 9.332543007969830e+02 -1.944792798667449e-02  5.898543103190736e-09  1.944792806669466e-02  1.052294504418412e-10 -8.035368975376235e-01  8.095810675310676e-09 -9.724405082850827e-21 -4.257812849568665e-12 
 9.549925860214277e+02 -1.944792798667441e-02  6.035937822161030e-09  1.944792806669466e-02  1.076805592186910e-10 -8.035368975376235e-01  8.284386330877136e-09 -1.018270217506438e-20 -4.356990051406564e-12 
 9.772372209558022e+02 -1.944792798667433e-02  6.176532875259711e-09  1.944792806669466e-02  1.101887616533592e-10 -8.035368975376235e-01  8.477354477733040e-09 -1.066259814380989e-20 -4.458477387041300e-12 
 9.999999999999912e+02 -1.944792798667424e-02  6.320402807844933e-09  1.944792806669466e-02  1.127553876279768e-10 -8.035368975376235e-01  8.674817430144092e-09 -1.116511091277787e-20 -4.562328666401569e-12 
 1.023292992280745e+03 -1.944792798667414e-02  6.467623901659288e-09  1.944792806669466e-02  1.153817980016087e-10 -8.035368975376233e-01  8.876879885581387e-09 -1.169130637892434e-20 -4.668598952810323e-12 
 1.047128548050890e+03 -1.944792798667404e-02  6.618274215275427e-09  1.944792806669466e-02  1.180693853317997e-10 -8.035368975376233e-01  9.083648980233415e-09 -1.224230067338126e-20 -4.777344592180070e-12 
 1.071519305237597e+03 -1.944792798667394e-02  6.772433625483717e-09  1.944792806669466e-02  1.208195746129267e-10 -8.035368975376233e-01  9.295234345811071e-09 -1.281926252892027e-20 -4.888623242888223e-12 
 1.096478196143175e+03 -1.944792798667383e-02  6.930183869643993e-09  1.944792806669466e-02  1.236338240317496e-10 -8.035368975376233e-01  9.511748167675848e-09 -1.342341575899158e-20 -5.002493906348334e-12 
 1.122018454301953e+03 -1.944792798667371e-02  7.091608589023774e-09  1.944792806669466e-02  1.265136257405612e-10 -8.035368975376233e-01  9.733305244322001e-09 -1.405604185359642e-20 -5.119016958293425e-12 
 1.148153621496872e+03 -1.944792798667360e-02  7.256793373145993e-09  1.944792806669466e-02  1.294605066483463e-10 -8.035368975376233e-01  9.960023048244214e-09 -1.471848269749909e-20 -5.238254180788002e-12 
 1.174897554939519e+03 -1.944792798667347e-02  7.425825805169665e-09  1.944792806669466e-02  1.324760292303688e-10 -8.035368975376233e-01  1.019202178822310e-08 -1.541214341654451e-20 -5.360268794985725e-12 
 1.202264434617402e+03 -1.944792798667335e-02  7.598795508327656e-09  1.944792806669466e-02  1.355617923566167e-10 -8.035368975376233e-01  1.042942447306146e-08 -1.613849535811848e-20 -5.485125494650095e-12 
 1.230268770812370e+03 -1.944792798667321e-02  7.775794193446111e-09  1.944792806669466e-02  1.387194321395446e-10 -8.035368975376233e-01  1.067235697680519e-08 -1.689907921207279e-20 -5.612890480455949e-12 
 1.258925411794156e+03 -1.944792798667307e-02  7.956915707570725e-09  1.944792806669466e-02  1.419506228015616e-10 -8.035368975376231e-01  1.092094810548336e-08 -1.769550827873491e-20 -5.743631495089926e-12 
 1.288249551693122e+03 -1.944792798667292e-02  8.142256083725723e-09  1.944792806669466e-02  1.452570775627266e-10 -8.035368975376231e-01  1.117532966540290e-08 -1.852947189093436e-20 -5.877417859168552e-12 
 1.318256738556395e+03 -1.944792798667276e-02  8.331913591831809e-09  1.944792806669466e-02  1.486405495491201e-10 -8.035368975376231e-01  1.143563653303402e-08 -1.940273899730406e-20 -6.014320507992932e-12 
 1.348962882591641e+03 -1.944792798667260e-02  8.525988790810185e-09  1.944792806669466e-02  1.521028327223748e-10 -8.035368975376231e-01  1.170200672652348e-08 -2.031716191445755e-20 -6.154412029159592e-12 
 1.380384264602872e+03 -1.944792798667243e-02  8.724584581900245e-09  1.944792806669466e-02  1.556457628308579e-10 -8.035368975376231e-01  1.197458147887373e-08 -2.127468025600097e-20 -6.297766701047386e-12 
 1.412537544622741e+03 -1.944792798667225e-02  8.927806263219158e-09  1.944792806669466e-02  1.592712183830091e-10 -8.035368975376231e-01  1.225350531282639e-08 -2.227732504671343e-20 -6.444460532200872e-12 
 1.445439770745914e+03 -1.944792798667207e-02  9.135761585592302e-09  1.944792806669466e-02  1.629811216433508e-10 -8.035368975376231e-01  1.253892611749023e-08 -2.332722303062297e-20 -6.594571301631051e-12 
 1.479108388168193e+03 -1.944792798667187e-02  9.348560809684222e-09  1.944792806669466e-02  1.667774396516981e-10 -8.035368975376231e-01  1.283099522675388e-08 -2.442660118211574e-20 -6.748178600054826e-12 
 1.513561248436194e+03 -1.944792798667167e-02  9.566316764460264e-09  1.944792806669466e-02  1.706621852661090e-10 -8.035368975376231e-01  1.312986749952505e-08 -2.557779142964723e-20 -6.905363872095053e-12 
 1.548816618912467e+03 -1.944792798667145e-02  9.789144907009981e-09  1.944792806669466e-02  1.746374182301291e-10 -8.035368975376231e-01  1.343570140183882e-08 -2.678323560207526e-20 -7.066210459463563e-12 
 1.584893192461099e+03 -1.944792798667122e-02  1.001716338376403e-08  1.944792806669466e-02  1.787052462648944e-10 -8.035368975376231e-01  1.374865909087836e-08 -2.804549060810621e-20 -7.230803645150031e-12 
 1.621810097358915e+03 -1.944792798667099e-02  1.025049309313698e-08  1.944792806669466e-02  1.828678261866728e-10 -8.035368975376231e-01  1.406890650095291e-08 -2.936723385984139e-20 -7.399230698640159e-12 
 1.659586907437545e+03 -1.944792798667075e-02  1.048925774962922e-08  1.944792806669466e-02  1.871273650504373e-10 -8.035368975376231e-01  1.439661343147826e-08 -3.075126895192694e-20 -7.571580922187103e-12 
 1.698243652461728e+03 -1.944792798667048e-02  1.073358394942203e-08  1.944792806669466e-02  1.914861213200750e-10 -8.035368975376230e-01  1.473195363700669e-08 -3.220053160835396e-20 -7.747945698160713e-12 
 1.737800828749359e+03 -1.944792798667021e-02  1.098360123750060e-08  1.944792806669466e-02  1.959464060658550e-10 -8.035368975376230e-01  1.507510491935391e-08 -3.371809590952276e-20 -7.928418537499671e-12 
 1.778279410038906e+03 -1.944792798666993e-02  1.123944217634042e-08  1.944792806669466e-02  2.005105841897884e-10 -8.035368975376230e-01  1.542624922187197e-08 -3.530718081277955e-20 -8.113095129292238e-12 
 1.819700858609966e+03 -1.944792798666964e-02  1.150124241619373e-08  1.944792806669466e-02  2.051810756795307e-10 -8.035368975376230e-01  1.578557272591803e-08 -3.697115698025643e-20 -8.302073391511868e-12 
 1.862087136662849e+03 -1.944792798666933e-02  1.176914076701303e-08  1.944792806669466e-02  2.099603568914908e-10 -8.035368975376230e-01  1.615326594957011e-08 -3.871355392849777e-20 -8.495453522934606e-12 
 1.905460717963228e+03 -1.944792798666900e-02  1.204327927204998e-08  1.944792806669466e-02  2.148509618638287e-10 -8.035368975376230e-01  1.652952384864242e-08 -4.053806751503808e-20 -8.693338056265828e-12 
 1.949844599758026e+03 -1.944792798666866e-02  1.232380328316860e-08  1.944792806669466e-02  2.198554836600354e-10 -8.035368975376230e-01  1.691454592005339e-08 -4.244856777781116e-20 -8.895831912504413e-12 
 1.995262314968860e+03 -1.944792798666831e-02  1.261086153791276e-08  1.944792806669466e-02  2.249765757438101e-10 -8.035368975376230e-01  1.730853630760165e-08 -4.444910714401959e-20 -9.103042456573265e-12 
 2.041737944669509e+03 -1.944792798666794e-02  1.290460623836877e-08  1.944792806669466e-02  2.302169533859612e-10 -8.035368975376230e-01  1.771170391020577e-08 -4.654392902587608e-20 -9.315079554245603e-12 
 2.089296130854019e+03 -1.944792798666754e-02  1.320519313186502e-08  1.944792806669466e-02  2.355793951040791e-10 -8.035368975376230e-01  1.812426249266520e-08 -4.873747682144976e-20 -9.532055630397257e-12 
 2.137962089502211e+03 -1.944792798666713e-02  1.351278159355114e-08  1.944792806669466e-02  2.410667441357431e-10 -8.035368975376230e-01  1.854643079900120e-08 -5.103440333970902e-20 -9.754085728615817e-12 
 2.187761623949531e+03 -1.944792798666671e-02  1.382753471090095e-08  1.944792806669466e-02  2.466819099460435e-10 -8.035368975376230e-01  1.897843266843788e-08 -5.343958066975348e-20 -9.981287572198278e-12 
 2.238721138568317e+03 -1.944792798666626e-02  1.414961937018351e-08  1.944792806669466e-02  2.524278697702184e-10 -8.035368975376230e-01  1.942049715408461e-08 -5.595811051516789e-20 -1.021378162656948e-11 
 2.290867652767750e+03 -1.944792798666578e-02  1.447920634494846e-08  1.944792806669466e-02  2.583076701922233e-10 -8.035368975376229e-01  1.987285864438311e-08 -5.859533501541950e-20 -1.045169116315447e-11 
 2.344228815319898e+03 -1.944792798666529e-02  1.481647038657243e-08  1.944792806669466e-02  2.643244287600703e-10 -8.035368975376229e-01  2.033575698738324e-08 -6.135684807725224e-20 -1.069514232473865e-11 
 2.398832919019466e+03 -1.944792798666478e-02  1.516159031691450e-08  1.944792806669466e-02  2.704813356387933e-10 -8.035368975376229e-01  2.080943761791364e-08 -6.424850724011274e-20 -1.094426419235036e-11 
 2.454708915685005e+03 -1.944792798666424e-02  1.551474912312992e-08  1.944792806669466e-02  2.767816553019158e-10 -8.035368975376229e-01  2.129415168771454e-08 -6.727644610077696e-20 -1.119918885370131e-11 
 2.511886431509554e+03 -1.944792798666368e-02  1.587613405469238e-08  1.944792806669466e-02  2.832287282623176e-10 -8.035368975376229e-01  2.179015619860168e-08 -7.044708732353117e-20 -1.146005147322128e-11 
 2.570395782768837e+03 -1.944792798666309e-02  1.624593672267607e-08  1.944792806669466e-02  2.898259728434196e-10 -8.035368975376229e-01  2.229771413873213e-08 -7.376715626350411e-20 -1.172699036372407e-11 
 2.630267991895354e+03 -1.944792798666247e-02  1.662435320135047e-08  1.944792806669466e-02  2.965768869916234e-10 -8.035368975376229e-01  2.281709462204407e-08 -7.724369523204684e-20 -1.200014705974277e-11 
 2.691534803926887e+03 -1.944792798666183e-02  1.701158413214151e-08  1.944792806669466e-02  3.034850501309694e-10 -8.035368975376229e-01  2.334857303094458e-08 -8.088407843441940e-20 -1.227966639257327e-11 
 2.754228703338138e+03 -1.944792798666115e-02  1.740783483001429e-08  1.944792806669466e-02  3.105541250609943e-10 -8.035368975376229e-01  2.389243116232100e-08 -8.469602761146867e-20 -1.256569656706572e-11 
 2.818382931264424e+03 -1.944792798666043e-02  1.781331539233383e-08  1.944792806669466e-02  3.177878598987964e-10 -8.035368975376229e-01  2.444895737695338e-08 -8.868762841847605e-20 -1.285838924020468e-11 
 2.884031503126575e+03 -1.944792798665969e-02  1.822824081026142e-08  1.944792806669466e-02  3.251900900663365e-10 -8.035368975376229e-01  2.501844675240724e-08 -9.286734757591650e-20 -1.315789960151969e-11 
 2.951209226666354e+03 -1.944792798665891e-02  1.865283108274586e-08  1.944792806669466e-02  3.327647403240294e-10 -8.035368975376228e-01  2.560120123948752e-08 -9.724405082850767e-20 -1.346438645536883e-11 
 3.019951720401984e+03 -1.944792798665810e-02  1.908731133316968e-08  1.944792806669466e-02  3.405158268517041e-10 -8.035368975376228e-01  2.619752982233693e-08 -1.018270217506431e-19 -1.377801230513883e-11 
 3.090295432513557e+03 -1.944792798665724e-02  1.953191192871272e-08  1.944792806669466e-02  3.484474593780354e-10 -8.035368975376226e-01  2.680774868226344e-08 -1.066259814380982e-19 -1.409894343940656e-11 
 3.162277660168345e+03 -1.944792798665634e-02  1.998686860249570e-08  1.944792806669466e-02  3.565638433595763e-10 -8.035368975376226e-01  2.743218136538379e-08 -1.116511091277779e-19 -1.442735002010744e-11 
 3.235936569296248e+03 -1.944792798665540e-02  2.045242257856914e-08  1.944792806669466e-02  3.648692822105470e-10 -8.035368975376226e-01  2.807115895417192e-08 -1.169130637892426e-19 -1.476340617275754e-11 
 3.311311214825875e+03 -1.944792798665443e-02  2.092882069981345e-08  1.944792806669466e-02  3.733681795845615e-10 -8.035368975376226e-01  2.872502024300327e-08 -1.224230067338118e-19 -1.510729007877722e-11 
 3.388441561391989e+03 -1.944792798665340e-02  2.141631555881839e-08  1.944792806669466e-02  3.820650417095039e-10 -8.035368975376226e-01  2.939411191778804e-08 -1.281926252892018e-19 -1.545918406996529e-11 
 3.467368504525279e+03 -1.944792798665233e-02  2.191516563181097e-08  1.944792806669466e-02  3.909644797767895e-10 -8.035368975376226e-01  3.007878873978870e-08 -1.342341575899149e-19 -1.581927472517375e-11 
 3.548133892335716e+03 -1.944792798665120e-02  2.242563541570294e-08  1.944792806669466e-02  4.000712123862793e-10 -8.035368975376226e-01  3.077941373371903e-08 -1.405604185359632e-19 -1.618775296923435e-11 
 3.630780547700973e+03 -1.944792798665002e-02  2.294799556833057e-08  1.944792806669466e-02  4.093900680481447e-10 -8.035368975376226e-01  3.149635838022467e-08 -1.471848269749898e-19 -1.656481417418948e-11 
 3.715352290971684e+03 -1.944792798664878e-02  2.348252305196103e-08  1.944792806669466e-02  4.189259877430075e-10 -8.035368975376224e-01  3.223000281284709e-08 -1.541214341654439e-19 -1.695065826288100e-11 
 3.801893963205570e+03 -1.944792798664749e-02  2.402950128014144e-08  1.944792806669466e-02  4.286840275417128e-10 -8.035368975376223e-01  3.298073601957542e-08 -1.613849535811835e-19 -1.734548981495199e-11 
 3.890451449942763e+03 -1.944792798664613e-02  2.458922026796848e-08  1.944792806669466e-02  4.386693612861244e-10 -8.035368975376223e-01  3.374895604909298e-08 -1.689907921207265e-19 -1.774951817531756e-11 
 3.981071705534928e+03 -1.944792798664472e-02  2.516197678585827e-08  1.944792806669466e-02  4.488872833323654e-10 -8.035368975376223e-01  3.453507022182800e-08 -1.769550827873477e-19 -1.816295756516234e-11 
 4.073802778041082e+03 -1.944792798664323e-02  2.574807451689789e-08  1.944792806669466e-02  4.593432113579549e-10 -8.035368975376223e-01  3.533949534592034e-08 -1.852947189093421e-19 -1.858602719552333e-11 
 4.168693834703307e+03 -1.944792798664168e-02  2.634782421786223e-08  1.944792806669466e-02  4.700426892343326e-10 -8.035368975376220e-01  3.616265793821858e-08 -1.940273899730388e-19 -1.901895138351854e-11 
 4.265795188015879e+03 -1.944792798664005e-02  2.696154388398138e-08  1.944792806669466e-02  4.809913899662928e-10 -8.035368975376220e-01  3.700499445042505e-08 -2.031716191445737e-19 -1.946195967128288e-11 
 4.365158322401610e+03 -1.944792798663835e-02  2.758955891754583e-08  1.944792806669466e-02  4.921951186998868e-10 -8.035368975376220e-01  3.786695150050814e-08 -2.127468025600077e-19 -1.991528694767442e-11 
 4.466835921509581e+03 -1.944792798663656e-02  2.823220230043912e-08  1.944792806669466e-02  5.036598158003880e-10 -8.035368975376219e-01  3.874898610950516e-08 -2.227732504671323e-19 -2.037917357281560e-11 
 4.570881896148699e+03 -1.944792798663469e-02  2.888981477068926e-08  1.944792806669466e-02  5.153915600019526e-10 -8.035368975376219e-01  3.965156594384091e-08 -2.332722303062275e-19 -2.085386550553534e-11 
 4.677351412871929e+03 -1.944792798663273e-02  2.956274500313246e-08  1.944792806669466e-02  5.273965716306440e-10 -8.035368975376217e-01  4.057516956329059e-08 -2.442660118211550e-19 -2.133961443377966e-11 
 4.786300923226329e+03 -1.944792798663069e-02  3.025134979428526e-08  1.944792806669466e-02  5.396812159025328e-10 -8.035368975376217e-01  4.152028667471860e-08 -2.557779142964698e-19 -2.183667790805995e-11 
 4.897788193684407e+03 -1.944792798662854e-02  3.095599425152264e-08  1.944792806669466e-02  5.522520062986184e-10 -8.035368975376217e-01  4.248741839172750e-08 -2.678323560207498e-19 -2.234531947800972e-11 
 5.011872336272666e+03 -1.944792798662629e-02  3.167705198666288e-08  1.944792806669466e-02  5.651156080183630e-10 -8.035368975376216e-01  4.347707750035516e-08 -2.804549060810592e-19 -2.286580883212197e-11 
 5.128613839913590e+03 -1.944792798662394e-02  3.241490531406146e-08  1.944792806669466e-02  5.782788415136683e-10 -8.035368975376215e-01  4.448978873096066e-08 -2.936723385984106e-19 -2.339842194074179e-11 
 5.248074602497666e+03 -1.944792798662148e-02  3.316994545331922e-08  1.944792806669466e-02  5.917486861051697e-10 -8.035368975376215e-01  4.552608903644329e-08 -3.075126895192658e-19 -2.394344120238931e-11 
 5.370317963702466e+03 -1.944792798661890e-02  3.394257273671207e-08  1.944792806669466e-02  6.055322836827639e-10 -8.035368975376215e-01  4.658652787694207e-08 -3.220053160835358e-19 -2.450115559349126e-11 
 5.495408738576182e+03 -1.944792798661620e-02  3.473319682145256e-08  1.944792806669466e-02  6.196369424923339e-10 -8.035368975376213e-01  4.767166751116680e-08 -3.371809590952236e-19 -2.507186082160001e-11 
 5.623413251903426e+03 -1.944792798661336e-02  3.554223690689557e-08  1.944792806669466e-02  6.340701410106779e-10 -8.035368975376211e-01  4.878208329451507e-08 -3.530718081277911e-19 -2.565585948218167e-11 
 5.754399373371502e+03 -1.944792798661041e-02  3.637012195680327e-08  1.944792806669466e-02  6.488395319106962e-10 -8.035368975376210e-01  4.991836398413329e-08 -3.697115698025595e-19 -2.625346121905624e-11 
 5.888436553555821e+03 -1.944792798660730e-02  3.721729092678743e-08  1.944792806669466e-02  6.639529461189401e-10 -8.035368975376208e-01  5.108111205108355e-08 -3.871355392849726e-19 -2.686498288857480e-11 
 6.025595860743507e+03 -1.944792798660406e-02  3.808419299704951e-08  1.944792806669466e-02  6.794183969676724e-10 -8.035368975376207e-01  5.227094399978173e-08 -4.053806751503750e-19 -2.749074872762096e-11 
 6.165950018614749e+03 -1.944792798660066e-02  3.897128781054195e-08  1.944792806669466e-02  6.952440844436428e-10 -8.035368975376206e-01  5.348849069487635e-08 -4.244856777781054e-19 -2.813109052552558e-11 
 6.309573444801857e+03 -1.944792798659710e-02  3.987904571667691e-08  1.944792806669466e-02  7.114383995358285e-10 -8.035368975376206e-01  5.473439769574127e-08 -4.444910714401892e-19 -2.878634779998584e-11 
 6.456542290346478e+03 -1.944792798659337e-02  4.080794802071172e-08  1.944792806669466e-02  7.280099286844484e-10 -8.035368975376205e-01  5.600932559875985e-08 -4.654392902587535e-19 -2.945686797708201e-11 
 6.606934480075881e+03 -1.944792798658946e-02  4.175848723894346e-08  1.944792806669466e-02  7.449674583336077e-10 -8.035368975376203e-01  5.731395038758197e-08 -4.873747682144895e-19 -3.014300657548737e-11 
 6.760829753919737e+03 -1.944792798658537e-02  4.273116735984747e-08  1.944792806669466e-02  7.623199795899854e-10 -8.035368975376203e-01  5.864896379153941e-08 -5.103440333970818e-19 -3.084512739496893e-11 
 6.918309709189281e+03 -1.944792798658109e-02  4.372650411129868e-08  1.944792806669466e-02  7.800766929900397e-10 -8.035368975376200e-01  6.001507365240992e-08 -5.343958066975257e-19 -3.156360270927881e-11 
 7.079457843841294e+03 -1.944792798657661e-02  4.474502523401755e-08  1.944792806669466e-02  7.982470133782530e-10 -8.035368975376197e-01  6.141300429972435e-08 -5.595811051516688e-19 -3.229881346353883e-11 
 7.244359600749813e+03 -1.944792798657191e-02  4.578727076138499e-08  1.944792806669466e-02  8.168405748990075e-10 -8.035368975376197e-01  6.284349693481571e-08 -5.859533501541842e-19 -3.305114947622255e-11 
 7.413102413009085e+03 -1.944792798656700e-02  4.685379330577526e-08  1.944792806669466e-02  8.358672361047367e-10 -8.035368975376194e-01  6.430731002381390e-08 -6.135684807725106e-19 -3.382100964584225e-11 
 7.585775750291745e+03 -1.944792798656185e-02  4.794515835155846e-08  1.944792806669466e-02  8.553370851830596e-10 -8.035368975376194e-01  6.580521969979460e-08 -6.424850724011147e-19 -3.460880216245016e-11 
 7.762471166286822e+03 -1.944792798655645e-02  4.906194455492770e-08  1.944792806669466e-02  8.752604453056713e-10 -8.035368975376191e-01  6.733802017429518e-08 -6.727644610077556e-19 -3.541494472406625e-11 
 7.943282347242717e+03 -1.944792798655081e-02  5.020474405071034e-08  1.944792806669466e-02  8.956478801018257e-10 -8.035368975376189e-01  6.890652415841625e-08 -7.044708732352966e-19 -3.623986475814726e-11 
 8.128305161640892e+03 -1.944792798654491e-02  5.137416276632567e-08  1.944792806669466e-02  9.165101992593114e-10 -8.035368975376187e-01  7.051156329373178e-08 -7.376715626350247e-19 -3.708399964821435e-11 
 8.317637711026608e+03 -1.944792798653872e-02  5.257082074305574e-08  1.944792806669466e-02  9.378584642558909e-10 -8.035368975376186e-01  7.215398859323653e-08 -7.724369523204512e-19 -3.794779696575971e-11 
 8.511380382023659e+03 -1.944792798653223e-02  5.379535246479928e-08  1.944792806669466e-02  9.597039942242434e-10 -8.035368975376183e-01  7.383467089256430e-08 -8.088407843441746e-19 -3.883171470755476e-11 
 8.709635899560699e+03 -1.944792798652544e-02  5.504840719448373e-08  1.944792806669466e-02  9.820583719535173e-10 -8.035368975376179e-01  7.555450131171676e-08 -8.469602761146657e-19 -3.973622153848628e-11 
 8.912509381337344e+03 -1.944792798651834e-02  5.633064931831277e-08  1.944792806669466e-02  1.004933450030681e-09 -8.035368975376177e-01  7.731439172754668e-08 -8.868762841847374e-19 -4.066179704004857e-11 
 9.120108393558983e+03 -1.944792798651090e-02  5.764275869803274e-08  1.944792806669466e-02  1.028341357124917e-09 -8.035368975376174e-01  7.911527525724753e-08 -9.286734757591398e-19 -4.160893196462400e-11 
 9.332543007969793e+03 -1.944792798650311e-02  5.898543103140455e-08  1.944792806669466e-02  1.052294504418408e-09 -8.035368975376171e-01  8.095810675310425e-08 -9.724405082850494e-19 -4.257812849568641e-11 
 9.549925860214238e+03 -1.944792798649495e-02  6.035937822107152e-08  1.944792806669466e-02  1.076805592186905e-09 -8.035368975376169e-01  8.284386330876865e-08 -1.018270217506401e-18 -4.356990051406537e-11 
 9.772372209557981e+03 -1.944792798648641e-02  6.176532875201982e-08  1.944792806669466e-02  1.101887616533588e-09 -8.035368975376165e-01  8.477354477732754e-08 -1.066259814380950e-18 -4.458477387041273e-11 
 9.999999999999871e+03 -1.944792798647746e-02  6.320402807783074e-08  1.944792806669466e-02  1.127553876279763e-09 -8.035368975376163e-01  8.674817430143786e-08 -1.116511091277744e-18 -4.562328666401541e-11 
 1.023292992280741e+04 -1.944792798646809e-02  6.467623901593012e-08  1.944792806669466e-02  1.153817980016082e-09 -8.035368975376159e-01  8.876879885581063e-08 -1.169130637892387e-18 -4.668598952810294e-11 
 1.047128548050886e+04 -1.944792798645829e-02  6.618274215204409e-08  1.944792806669466e-02  1.180693853317992e-09 -8.035368975376157e-01  9.083648980233071e-08 -1.224230067338076e-18 -4.777344592180042e-11 
 1.071519305237592e+04 -1.944792798644802e-02  6.772433625407619e-08  1.944792806669466e-02  1.208195746129262e-09 -8.035368975376153e-01  9.295234345810705e-08 -1.281926252891972e-18 -4.888623242888192e-11 
 1.096478196143171e+04 -1.944792798643727e-02  6.930183869562457e-08  1.944792806669466e-02  1.236338240317490e-09 -8.035368975376148e-01  9.511748167675458e-08 -1.342341575899098e-18 -5.002493906348301e-11 
 1.122018454301949e+04 -1.944792798642600e-02  7.091608588936410e-08  1.944792806669466e-02  1.265136257405607e-09 -8.035368975376144e-01  9.733305244321581e-08 -1.405604185359577e-18 -5.119016958293391e-11 
 1.148153621496868e+04 -1.944792798641421e-02  7.256793373052380e-08  1.944792806669466e-02  1.294605066483458e-09 -8.035368975376139e-01  9.960023048243768e-08 -1.471848269749838e-18 -5.238254180787968e-11 
 1.174897554939514e+04 -1.944792798640186e-02  7.425825805069360e-08  1.944792806669467e-02  1.324760292303682e-09 -8.035368975376136e-01  1.019202178822262e-07 -1.541214341654374e-18 -5.360268794985690e-11 
 1.202264434617397e+04 -1.944792798638893e-02  7.598795508220178e-08  1.944792806669467e-02  1.355617923566161e-09 -8.035368975376130e-01  1.042942447306095e-07 -1.613849535811765e-18 -5.485125494650058e-11 
 1.230268770812365e+04 -1.944792798637539e-02  7.775794193330950e-08  1.944792806669467e-02  1.387194321395440e-09 -8.035368975376128e-01  1.067235697680464e-07 -1.689907921207188e-18 -5.612890480455908e-11 
 1.258925411794151e+04 -1.944792798636121e-02  7.956915707447327e-08  1.944792806669467e-02  1.419506228015610e-09 -8.035368975376119e-01  1.092094810548278e-07 -1.769550827873392e-18 -5.743631495089885e-11 
 1.288249551693117e+04 -1.944792798634637e-02  8.142256083593500e-08  1.944792806669467e-02  1.452570775627259e-09 -8.035368975376115e-01  1.117532966540228e-07 -1.852947189093327e-18 -5.877417859168509e-11 
 1.318256738556390e+04 -1.944792798633083e-02  8.331913591690127e-08  1.944792806669467e-02  1.486405495491194e-09 -8.035368975376110e-01  1.143563653303335e-07 -1.940273899730288e-18 -6.014320507992887e-11 
 1.348962882591636e+04 -1.944792798631454e-02  8.525988790658377e-08  1.944792806669467e-02  1.521028327223741e-09 -8.035368975376105e-01  1.170200672652278e-07 -2.031716191445627e-18 -6.154412029159545e-11 
 1.380384264602866e+04 -1.944792798629750e-02  8.724584581737580e-08  1.944792806669467e-02  1.556457628308572e-09 -8.035368975376097e-01  1.197458147887297e-07 -2.127468025599958e-18 -6.297766701047338e-11 
 1.412537544622735e+04 -1.944792798627965e-02  8.927806263044861e-08  1.944792806669467e-02  1.592712183830084e-09 -8.035368975376092e-01  1.225350531282558e-07 -2.227732504671191e-18 -6.444460532200822e-11 
 1.445439770745908e+04 -1.944792798626096e-02  9.135761585405543e-08  1.944792806669467e-02  1.629811216433501e-09 -8.035368975376085e-01  1.253892611748937e-07 -2.332722303062130e-18 -6.594571301630998e-11 
 1.479108388168187e+04 -1.944792798624138e-02  9.348560809484105e-08  1.944792806669467e-02  1.667774396516973e-09 -8.035368975376077e-01  1.283099522675296e-07 -2.442660118211391e-18 -6.748178600054769e-11 
 1.513561248436188e+04 -1.944792798622090e-02  9.566316764245834e-08  1.944792806669467e-02  1.706621852661082e-09 -8.035368975376072e-01  1.312986749952407e-07 -2.557779142964524e-18 -6.905363872094995e-11 
 1.548816618912460e+04 -1.944792798619944e-02  9.789144906780220e-08  1.944792806669467e-02  1.746374182301283e-09 -8.035368975376063e-01  1.343570140183776e-07 -2.678323560207308e-18 -7.066210459463501e-11 
 1.584893192461092e+04 -1.944792798617697e-02  1.001716338351784e-07  1.944792806669467e-02  1.787052462648935e-09 -8.035368975376056e-01  1.374865909087723e-07 -2.804549060810384e-18 -7.230803645149966e-11 
 1.621810097358908e+04 -1.944792798615344e-02  1.025049309287319e-07  1.944792806669467e-02  1.828678261866720e-09 -8.035368975376048e-01  1.406890650095171e-07 -2.936723385983882e-18 -7.399230698640092e-11 
 1.659586907437538e+04 -1.944792798612880e-02  1.048925774934656e-07  1.944792806669467e-02  1.871273650504364e-09 -8.035368975376038e-01  1.439661343147697e-07 -3.075126895192412e-18 -7.571580922187032e-11 
 1.698243652461721e+04 -1.944792798610300e-02  1.073358394911915e-07  1.944792806669467e-02  1.914861213200740e-09 -8.035368975376028e-01  1.473195363700530e-07 -3.220053160835087e-18 -7.747945698160636e-11 
 1.737800828749351e+04 -1.944792798607599e-02  1.098360123717606e-07  1.944792806669467e-02  1.959464060658540e-09 -8.035368975376019e-01  1.507510491935243e-07 -3.371809590951940e-18 -7.928418537499591e-11 
 1.778279410038898e+04 -1.944792798604770e-02  1.123944217599268e-07  1.944792806669467e-02  2.005105841897875e-09 -8.035368975376009e-01  1.542624922187040e-07 -3.530718081277588e-18 -8.113095129292156e-11 
 1.819700858609958e+04 -1.944792798601808e-02  1.150124241582112e-07  1.944792806669467e-02  2.051810756795297e-09 -8.035368975375998e-01  1.578557272591634e-07 -3.697115698025240e-18 -8.302073391511779e-11 
 1.862087136662842e+04 -1.944792798598706e-02  1.176914076661378e-07  1.944792806669467e-02  2.099603568914897e-09 -8.035368975375987e-01  1.615326594956831e-07 -3.871355392849339e-18 -8.495453522934515e-11 
 1.905460717963221e+04 -1.944792798595459e-02  1.204327927162218e-07  1.944792806669467e-02  2.148509618638276e-09 -8.035368975375976e-01  1.652952384864048e-07 -4.053806751503326e-18 -8.693338056265729e-11 
 1.949844599758018e+04 -1.944792798592057e-02  1.232380328271019e-07  1.944792806669467e-02  2.198554836600344e-09 -8.035368975375962e-01  1.691454592005132e-07 -4.244856777780590e-18 -8.895831912504311e-11 
 1.995262314968852e+04 -1.944792798588495e-02  1.261086153742156e-07  1.944792806669467e-02  2.249765757438089e-09 -8.035368975375949e-01  1.730853630759944e-07 -4.444910714401383e-18 -9.103042456573155e-11 
 2.041737944669501e+04 -1.944792798584766e-02  1.290460623784246e-07  1.944792806669467e-02  2.302169533859600e-09 -8.035368975375936e-01  1.771170391020340e-07 -4.654392902586983e-18 -9.315079554245488e-11 
 2.089296130854010e+04 -1.944792798580861e-02  1.320519313130106e-07  1.944792806669467e-02  2.355793951040779e-09 -8.035368975375921e-01  1.812426249266265e-07 -4.873747682144286e-18 -9.532055630397133e-11 
 2.137962089502202e+04 -1.944792798576772e-02  1.351278159294685e-07  1.944792806669467e-02  2.410667441357419e-09 -8.035368975375907e-01  1.854643079899848e-07 -5.103440333970151e-18 -9.754085728615688e-11 
 2.187761623949522e+04 -1.944792798572491e-02  1.382753471025345e-07  1.944792806669467e-02  2.466819099460422e-09 -8.035368975375893e-01  1.897843266843497e-07 -5.343958066974526e-18 -9.981287572198144e-11 
 2.238721138568308e+04 -1.944792798568008e-02  1.414961936948970e-07  1.944792806669467e-02  2.524278697702170e-09 -8.035368975375877e-01  1.942049715408150e-07 -5.595811051515889e-18 -1.021378162656934e-10 
 2.290867652767740e+04 -1.944792798563313e-02  1.447920634420504e-07  1.944792806669467e-02  2.583076701922219e-09 -8.035368975375861e-01  1.987285864437978e-07 -5.859533501540967e-18 -1.045169116315432e-10 
 2.344228815319889e+04 -1.944792798558398e-02  1.481647038577584e-07  1.944792806669467e-02  2.643244287600689e-09 -8.035368975375843e-01  2.033575698737968e-07 -6.135684807724149e-18 -1.069514232473849e-10 
 2.398832919019456e+04 -1.944792798553250e-02  1.516159031606093e-07  1.944792806669467e-02  2.704813356387919e-09 -8.035368975375824e-01  2.080943761790983e-07 -6.424850724010099e-18 -1.094426419235019e-10 
 2.454708915684995e+04 -1.944792798547859e-02  1.551474912221533e-07  1.944792806669467e-02  2.767816553019143e-09 -8.035368975375804e-01  2.129415168771046e-07 -6.727644610076411e-18 -1.119918885370113e-10 
 2.511886431509544e+04 -1.944792798542215e-02  1.587613405371237e-07  1.944792806669467e-02  2.832287282623161e-09 -8.035368975375784e-01  2.179015619859731e-07 -7.044708732351709e-18 -1.146005147322109e-10 
 2.570395782768826e+04 -1.944792798536306e-02  1.624593672162597e-07  1.944792806669467e-02  2.898259728434180e-09 -8.035368975375764e-01  2.229771413872746e-07 -7.376715626348871e-18 -1.172699036372387e-10 
 2.630267991895344e+04 -1.944792798530116e-02  1.662435320022527e-07  1.944792806669468e-02  2.965768869916218e-09 -8.035368975375741e-01  2.281709462203908e-07 -7.724369523203001e-18 -1.200014705974256e-10 
 2.691534803926876e+04 -1.944792798523635e-02  1.701158413093584e-07  1.944792806669468e-02  3.034850501309677e-09 -8.035368975375717e-01  2.334857303093923e-07 -8.088407843440095e-18 -1.227966639257305e-10 
 2.754228703338126e+04 -1.944792798516850e-02  1.740783482872240e-07  1.944792806669468e-02  3.105541250609926e-09 -8.035368975375693e-01  2.389243116231526e-07 -8.469602761144845e-18 -1.256569656706548e-10 
 2.818382931264412e+04 -1.944792798509744e-02  1.781331539094955e-07  1.944792806669468e-02  3.177878598987946e-09 -8.035368975375669e-01  2.444895737694725e-07 -8.868762841845395e-18 -1.285838924020442e-10 
 2.884031503126564e+04 -1.944792798502304e-02  1.822824080877814e-07  1.944792806669468e-02  3.251900900663346e-09 -8.035368975375641e-01  2.501844675240068e-07 -9.286734757589233e-18 -1.315789960151943e-10 
 2.951209226666342e+04 -1.944792798494512e-02  1.865283108115648e-07  1.944792806669468e-02  3.327647403240274e-09 -8.035368975375613e-01  2.560120123948048e-07 -9.724405082848115e-18 -1.346438645536855e-10 
 3.019951720401971e+04 -1.944792798486354e-02  1.908731133146665e-07  1.944792806669468e-02  3.405158268517020e-09 -8.035368975375585e-01  2.619752982232940e-07 -1.018270217506141e-17 -1.377801230513852e-10 
 3.090295432513544e+04 -1.944792798477811e-02  1.953191192688790e-07  1.944792806669468e-02  3.484474593780333e-09 -8.035368975375554e-01  2.680774868225538e-07 -1.066259814380664e-17 -1.409894343940624e-10 
 3.162277660168332e+04 -1.944792798468866e-02  1.998686860054037e-07  1.944792806669468e-02  3.565638433595741e-09 -8.035368975375521e-01  2.743218136537515e-07 -1.116511091277431e-17 -1.442735002010710e-10 
 3.235936569296234e+04 -1.944792798459498e-02  2.045242257647396e-07  1.944792806669468e-02  3.648692822105447e-09 -8.035368975375488e-01  2.807115895416267e-07 -1.169130637892045e-17 -1.476340617275718e-10 
 3.311311214825861e+04 -1.944792798449690e-02  2.092882069756842e-07  1.944792806669468e-02  3.733681795845591e-09 -8.035368975375453e-01  2.872502024299336e-07 -1.224230067337700e-17 -1.510729007877683e-10 
 3.388441561391974e+04 -1.944792798439419e-02  2.141631555641282e-07  1.944792806669468e-02  3.820650417095014e-09 -8.035368975375417e-01  2.939411191777744e-07 -1.281926252891561e-17 -1.545918406996488e-10 
 3.467368504525264e+04 -1.944792798428664e-02  2.191516562923336e-07  1.944792806669469e-02  3.909644797767869e-09 -8.035368975375377e-01  3.007878873977734e-07 -1.342341575898648e-17 -1.581927472517331e-10 
 3.548133892335701e+04 -1.944792798417402e-02  2.242563541294099e-07  1.944792806669469e-02  4.000712123862767e-09 -8.035368975375335e-01  3.077941373370686e-07 -1.405604185359083e-17 -1.618775296923389e-10 
 3.630780547700958e+04 -1.944792798405610e-02  2.294799556537108e-07  1.944792806669469e-02  4.093900680481419e-09 -8.035368975375295e-01  3.149635838021164e-07 -1.471848269749297e-17 -1.656481417418899e-10 
 3.715352290971669e+04 -1.944792798393262e-02  2.348252304878989e-07  1.944792806669469e-02  4.189259877430047e-09 -8.035368975375250e-01  3.223000281283314e-07 -1.541214341653781e-17 -1.695065826288048e-10 
 3.801893963205554e+04 -1.944792798380332e-02  2.402950127674351e-07  1.944792806669469e-02  4.286840275417096e-09 -8.035368975375204e-01  3.298073601956047e-07 -1.613849535811114e-17 -1.734548981495143e-10 
 3.890451449942747e+04 -1.944792798366792e-02  2.458922026432754e-07  1.944792806669469e-02  4.386693612861212e-09 -8.035368975375156e-01  3.374895604907697e-07 -1.689907921206475e-17 -1.774951817531697e-10 
 3.981071705534912e+04 -1.944792798352614e-02  2.516197678195694e-07  1.944792806669469e-02  4.488872833323621e-09 -8.035368975375103e-01  3.453507022181085e-07 -1.769550827872611e-17 -1.816295756516170e-10 
 4.073802778041065e+04 -1.944792798337769e-02  2.574807451271754e-07  1.944792806669469e-02  4.593432113579515e-09 -8.035368975375052e-01  3.533949534590196e-07 -1.852947189092472e-17 -1.858602719552266e-10 
 4.168693834703290e+04 -1.944792798322223e-02  2.634782421338291e-07  1.944792806669470e-02  4.700426892343290e-09 -8.035368975374998e-01  3.616265793819892e-07 -1.940273899729349e-17 -1.901895138351782e-10 
 4.265795188015862e+04 -1.944792798305944e-02  2.696154387918171e-07  1.944792806669470e-02  4.809913899662890e-09 -8.035368975374937e-01  3.700499445040398e-07 -2.031716191444599e-17 -1.946195967128211e-10 
 4.365158322401593e+04 -1.944792798288900e-02  2.758955891240289e-07  1.944792806669470e-02  4.921951186998829e-09 -8.035368975374877e-01  3.786695150048558e-07 -2.127468025598831e-17 -1.991528694767360e-10 
 4.466835921509562e+04 -1.944792798271050e-02  2.823220229492838e-07  1.944792806669470e-02  5.036598158003840e-09 -8.035368975374811e-01  3.874898610948098e-07 -2.227732504669956e-17 -2.037917357281472e-10 
 4.570881896148680e+04 -1.944792798252361e-02  2.888981476478438e-07  1.944792806669470e-02  5.153915600019482e-09 -8.035368975374745e-01  3.965156594381499e-07 -2.332722303060776e-17 -2.085386550553440e-10 
 4.677351412871909e+04 -1.944792798232791e-02  2.956274499680530e-07  1.944792806669470e-02  5.273965716306394e-09 -8.035368975374677e-01  4.057516956326284e-07 -2.442660118209908e-17 -2.133961443377867e-10 
 4.786300923226309e+04 -1.944792798212297e-02  3.025134978750555e-07  1.944792806669471e-02  5.396812159025278e-09 -8.035368975374602e-01  4.152028667468886e-07 -2.557779142962898e-17 -2.183667790805889e-10 
 4.897788193684386e+04 -1.944792798190838e-02  3.095599424425805e-07  1.944792806669471e-02  5.522520062986133e-09 -8.035368975374525e-01  4.248741839169564e-07 -2.678323560205524e-17 -2.234531947800857e-10 
 5.011872336272644e+04 -1.944792798168368e-02  3.167705197887875e-07  1.944792806669471e-02  5.651156080183578e-09 -8.035368975374444e-01  4.347707750032103e-07 -2.804549060808429e-17 -2.286580883212076e-10 
 5.128613839913568e+04 -1.944792798144840e-02  3.241490530572065e-07  1.944792806669471e-02  5.782788415136628e-09 -8.035368975374361e-01  4.448978873092411e-07 -2.936723385981738e-17 -2.339842194074049e-10 
 5.248074602497643e+04 -1.944792798120202e-02  3.316994544438186e-07  1.944792806669471e-02  5.917486861051637e-09 -8.035368975374272e-01  4.552608903640413e-07 -3.075126895190062e-17 -2.394344120238793e-10 
 5.370317963702443e+04 -1.944792798094402e-02  3.394257272713551e-07  1.944792806669472e-02  6.055322836827576e-09 -8.035368975374180e-01  4.658652787690013e-07 -3.220053160832512e-17 -2.450115559348978e-10 
 5.495408738576159e+04 -1.944792798067387e-02  3.473319681119113e-07  1.944792806669472e-02  6.196369424923274e-09 -8.035368975374083e-01  4.767166751112187e-07 -3.371809590949118e-17 -2.507186082159843e-10 
 5.623413251903402e+04 -1.944792798039099e-02  3.554223689590025e-07  1.944792806669472e-02  6.340701410106710e-09 -8.035368975373980e-01  4.878208329446690e-07 -3.530718081274491e-17 -2.565585948217998e-10 
 5.754399373371479e+04 -1.944792798009477e-02  3.637012194502158e-07  1.944792806669472e-02  6.488395319106891e-09 -8.035368975373874e-01  4.991836398408172e-07 -3.697115698021849e-17 -2.625346121905444e-10 
 5.888436553555797e+04 -1.944792797978460e-02  3.721729091416313e-07  1.944792806669473e-02  6.639529461189326e-09 -8.035368975373763e-01  5.108111205102830e-07 -3.871355392845621e-17 -2.686498288857287e-10 
 6.025595860743483e+04 -1.944792797945981e-02  3.808419298352235e-07  1.944792806669473e-02  6.794183969676647e-09 -8.035368975373648e-01  5.227094399972255e-07 -4.053806751499252e-17 -2.749074872761890e-10 
 6.165950018614724e+04 -1.944792797911971e-02  3.897128779604733e-07  1.944792806669473e-02  6.952440844436346e-09 -8.035368975373526e-01  5.348849069481296e-07 -4.244856777776123e-17 -2.813109052552338e-10 
 6.309573444801832e+04 -1.944792797876358e-02  3.987904570114563e-07  1.944792806669474e-02  7.114383995358198e-09 -8.035368975373397e-01  5.473439769567332e-07 -4.444910714396485e-17 -2.878634779998350e-10 
 6.456542290346453e+04 -1.944792797839068e-02  4.080794800406970e-07  1.944792806669474e-02  7.280099286844395e-09 -8.035368975373265e-01  5.600932559868709e-07 -4.654392902581613e-17 -2.945686797707951e-10 
 6.606934480075855e+04 -1.944792797800018e-02  4.175848722111123e-07  1.944792806669474e-02  7.449674583335982e-09 -8.035368975373124e-01  5.731395038750401e-07 -4.873747682138402e-17 -3.014300657548470e-10 
 6.760829753919710e+04 -1.944792797759130e-02  4.273116734073987e-07  1.944792806669475e-02  7.623199795899752e-09 -8.035368975372977e-01  5.864896379145589e-07 -5.103440333963699e-17 -3.084512739496606e-10 
 6.918309709189254e+04 -1.944792797716314e-02  4.372650409082454e-07  1.944792806669475e-02  7.800766929900289e-09 -8.035368975372823e-01  6.001507365232042e-07 -5.343958066967453e-17 -3.156360270927575e-10 
 7.079457843841266e+04 -1.944792797671480e-02  4.474502521207912e-07  1.944792806669476e-02  7.982470133782416e-09 -8.035368975372663e-01  6.141300429962847e-07 -5.595811051508133e-17 -3.229881346353555e-10 
 7.244359600749785e+04 -1.944792797624533e-02  4.578727073787754e-07  1.944792806669476e-02  8.168405748989956e-09 -8.035368975372493e-01  6.284349693471297e-07 -5.859533501532464e-17 -3.305114947621905e-10 
 7.413102413009056e+04 -1.944792797575374e-02  4.685379328058661e-07  1.944792806669477e-02  8.358672361047240e-09 -8.035368975372319e-01  6.430731002370384e-07 -6.135684807714828e-17 -3.382100964583850e-10 
 7.585775750291716e+04 -1.944792797523897e-02  4.794515832456833e-07  1.944792806669477e-02  8.553370851830462e-09 -8.035368975372134e-01  6.580521969967668e-07 -6.424850723999879e-17 -3.460880216244616e-10 
 7.762471166286792e+04 -1.944792797469995e-02  4.906194452600726e-07  1.944792806669478e-02  8.752604453056571e-09 -8.035368975371940e-01  6.733802017416884e-07 -6.727644610065202e-17 -3.541494472406197e-10 
 7.943282347242687e+04 -1.944792797413553e-02  5.020474401972154e-07  1.944792806669478e-02  8.956478801018107e-09 -8.035368975371737e-01  6.890652415828089e-07 -7.044708732339424e-17 -3.623986475814268e-10 
 8.128305161640861e+04 -1.944792797354451e-02  5.137416273312059e-07  1.944792806669479e-02  9.165101992592952e-09 -8.035368975371525e-01  7.051156329358673e-07 -7.376715626335402e-17 -3.708399964820945e-10 
 8.317637711026576e+04 -1.944792797292563e-02  5.257082070747584e-07  1.944792806669480e-02  9.378584642558741e-09 -8.035368975371304e-01  7.215398859308111e-07 -7.724369523188236e-17 -3.794779696575446e-10 
 8.511380382023628e+04 -1.944792797227759e-02  5.379535242667479e-07  1.944792806669480e-02  9.597039942242252e-09 -8.035368975371072e-01  7.383467089239780e-07 -8.088407843423905e-17 -3.883171470754914e-10 
 8.709635899560666e+04 -1.944792797159900e-02  5.504840715363258e-07  1.944792806669481e-02  9.820583719534981e-09 -8.035368975370829e-01  7.555450131153835e-07 -8.469602761127094e-17 -3.973622153848027e-10 
 8.912509381337311e+04 -1.944792797088843e-02  5.633064927453999e-07  1.944792806669482e-02  1.004933450030660e-08 -8.035368975370574e-01  7.731439172735557e-07 -8.868762841825933e-17 -4.066179704004214e-10 
 9.120108393558950e+04 -1.944792797014438e-02  5.764275865112940e-07  1.944792806669482e-02  1.028341357124895e-08 -8.035368975370308e-01  7.911527525704278e-07 -9.286734757567895e-17 -4.160893196461713e-10 
 9.332543007969759e+04 -1.944792796936525e-02  5.898543098114670e-07  1.944792806669483e-02  1.052294504418385e-08 -8.035368975370026e-01  8.095810675288483e-07 -9.724405082824718e-17 -4.257812849567904e-10 
 9.549925860214204e+04 -1.944792796854941e-02  6.035937816721930e-07  1.944792806669484e-02  1.076805592186881e-08 -8.035368975369738e-01  8.284386330853359e-07 -1.018270217503576e-16 -4.356990051405750e-10 
 9.772372209557948e+04 -1.944792796769512e-02  6.176532869431613e-07  1.944792806669485e-02  1.101887616533562e-08 -8.035368975369428e-01  8.477354477707564e-07 -1.066259814377852e-16 -4.458477387040428e-10 
 9.999999999999837e+04 -1.944792796680057e-02  6.320402801600014e-07  1.944792806669485e-02  1.127553876279736e-08 -8.035368975369109e-01  8.674817430116800e-07 -1.116511091274348e-16 -4.562328666400639e-10 
 1.023292992280737e+05 -1.944792796586386e-02  6.467623894967743e-07  1.944792806669486e-02  1.153817980016053e-08 -8.035368975368774e-01  8.876879885552148e-07 -1.169130637888664e-16 -4.668598952809328e-10 
 1.047128548050882e+05 -1.944792796488300e-02  6.618274208105309e-07  1.944792806669487e-02  1.180693853317961e-08 -8.035368975368421e-01  9.083648980202088e-07 -1.224230067333994e-16 -4.777344592179007e-10 
 1.071519305237589e+05 -1.944792796385592e-02  6.772433617800798e-07  1.944792806669488e-02  1.208195746129229e-08 -8.035368975368054e-01  9.295234345777508e-07 -1.281926252887497e-16 -4.888623242887086e-10 
 1.096478196143167e+05 -1.944792796278043e-02  6.930183861411599e-07  1.944792806669489e-02  1.236338240317456e-08 -8.035368975367668e-01  9.511748167639888e-07 -1.342341575894192e-16 -5.002493906347116e-10 
 1.122018454301945e+05 -1.944792796165426e-02  7.091608580202612e-07  1.944792806669490e-02  1.265136257405570e-08 -8.035368975367264e-01  9.733305244283471e-07 -1.405604185354198e-16 -5.119016958292122e-10 
 1.148153621496864e+05 -1.944792796047502e-02  7.256793363693951e-07  1.944792806669492e-02  1.294605066483418e-08 -8.035368975366842e-01  9.960023048202938e-07 -1.471848269743942e-16 -5.238254180786609e-10 
 1.174897554939510e+05 -1.944792795924018e-02  7.425825795041619e-07  1.944792806669493e-02  1.324760292303640e-08 -8.035368975366397e-01  1.019202178817887e-06 -1.541214341647908e-16 -5.360268794984234e-10 
 1.202264434617393e+05 -1.944792795794716e-02  7.598795497475263e-07  1.944792806669494e-02  1.355617923566116e-08 -8.035368975365935e-01  1.042942447301407e-06 -1.613849535804675e-16 -5.485125494648498e-10 
 1.230268770812361e+05 -1.944792795659320e-02  7.775794181817562e-07  1.944792806669495e-02  1.387194321395392e-08 -8.035368975365449e-01  1.067235697675441e-06 -1.689907921199415e-16 -5.612890480454240e-10 
 1.258925411794146e+05 -1.944792795517544e-02  7.956915695110516e-07  1.944792806669497e-02  1.419506228015558e-08 -8.035368975364942e-01  1.092094810542896e-06 -1.769550827864870e-16 -5.743631495088096e-10 
 1.288249551693113e+05 -1.944792795369085e-02  8.142256070374368e-07  1.944792806669498e-02  1.452570775627205e-08 -8.035368975364409e-01  1.117532966534461e-06 -1.852947189083984e-16 -5.877417859166594e-10 
 1.318256738556385e+05 -1.944792795213630e-02  8.331913577525574e-07  1.944792806669500e-02  1.486405495491136e-08 -8.035368975363852e-01  1.143563653297156e-06 -1.940273899720043e-16 -6.014320507990835e-10 
 1.348962882591631e+05 -1.944792795050848e-02  8.525988775480787e-07  1.944792806669501e-02  1.521028327223679e-08 -8.035368975363270e-01  1.170200672645657e-06 -2.031716191434395e-16 -6.154412029157347e-10 
 1.380384264602862e+05 -1.944792794880395e-02  8.724584565474506e-07  1.944792806669503e-02  1.556457628308506e-08 -8.035368975362659e-01  1.197458147880203e-06 -2.127468025587643e-16 -6.297766701044985e-10 
 1.412537544622731e+05 -1.944792794701908e-02  8.927806245618660e-07  1.944792806669504e-02  1.592712183830014e-08 -8.035368975362018e-01  1.225350531274957e-06 -2.227732504657689e-16 -6.444460532198303e-10 
 1.445439770745904e+05 -1.944792794515010e-02  9.135761566733037e-07  1.944792806669506e-02  1.629811216433426e-08 -8.035368975361348e-01  1.253892611740793e-06 -2.332722303047327e-16 -6.594571301628300e-10 
 1.479108388168183e+05 -1.944792794319304e-02  9.348560789476159e-07  1.944792806669508e-02  1.667774396516893e-08 -8.035368975360648e-01  1.283099522666569e-06 -2.442660118195160e-16 -6.748178600051880e-10 
 1.513561248436183e+05 -1.944792794114374e-02  9.566316742806934e-07  1.944792806669510e-02  1.706621852660996e-08 -8.035368975359912e-01  1.312986749943056e-06 -2.557779142946729e-16 -6.905363872091898e-10 
 1.548816618912456e+05 -1.944792793899786e-02  9.789144883808020e-07  1.944792806669512e-02  1.746374182301191e-08 -8.035368975359143e-01  1.343570140173757e-06 -2.678323560187796e-16 -7.066210459460185e-10 
 1.584893192461087e+05 -1.944792793675085e-02  1.001716335890269e-06  1.944792806669514e-02  1.787052462648837e-08 -8.035368975358337e-01  1.374865909076988e-06 -2.804549060788991e-16 -7.230803645146414e-10 
 1.621810097358903e+05 -1.944792793439793e-02  1.025049306649758e-06  1.944792806669516e-02  1.828678261866615e-08 -8.035368975357494e-01  1.406890650083667e-06 -2.936723385960425e-16 -7.399230698636286e-10 
 1.659586907437533e+05 -1.944792793193413e-02  1.048925772108458e-06  1.944792806669519e-02  1.871273650504252e-08 -8.035368975356610e-01  1.439661343135371e-06 -3.075126895166692e-16 -7.571580922182955e-10 
 1.698243652461716e+05 -1.944792792935422e-02  1.073358391883591e-06  1.944792806669521e-02  1.914861213200621e-08 -8.035368975355687e-01  1.473195363687323e-06 -3.220053160806887e-16 -7.747945698156271e-10 
 1.737800828749346e+05 -1.944792792665272e-02  1.098360120472698e-06  1.944792806669524e-02  1.959464060658413e-08 -8.035368975354718e-01  1.507510491921091e-06 -3.371809590921020e-16 -7.928418537494914e-10 
 1.778279410038893e+05 -1.944792792382389e-02  1.123944214122286e-06  1.944792806669527e-02  2.005105841897738e-08 -8.035368975353703e-01  1.542624922171876e-06 -3.530718081243684e-16 -8.113095129287143e-10 
 1.819700858609953e+05 -1.944792792086176e-02  1.150124237856459e-06  1.944792806669529e-02  2.051810756795150e-08 -8.035368975352641e-01  1.578557272575386e-06 -3.697115697988069e-16 -8.302073391506410e-10 
 1.862087136662836e+05 -1.944792791776002e-02  1.176914072669269e-06  1.944792806669532e-02  2.099603568914741e-08 -8.035368975351531e-01  1.615326594939421e-06 -3.871355392808582e-16 -8.495453522928763e-10 
 1.905460717963215e+05 -1.944792791451209e-02  1.204327922884596e-06  1.944792806669535e-02  2.148509618638109e-08 -8.035368975350365e-01  1.652952384845395e-06 -4.053806751458642e-16 -8.693338056259571e-10 
 1.949844599758012e+05 -1.944792791111111e-02  1.232380323687466e-06  1.944792806669538e-02  2.198554836600164e-08 -8.035368975349148e-01  1.691454591985144e-06 -4.244856777731593e-16 -8.895831912497709e-10 
 1.995262314968846e+05 -1.944792790754983e-02  1.261086148830790e-06  1.944792806669542e-02  2.249765757437898e-08 -8.035368975347869e-01  1.730853630738526e-06 -4.444910714347662e-16 -9.103042456566085e-10 
 2.041737944669495e+05 -1.944792790382072e-02  1.290460618521622e-06  1.944792806669545e-02  2.302169533859395e-08 -8.035368975346532e-01  1.771170390997391e-06 -4.654392902528077e-16 -9.315079554237912e-10 
 2.089296130854004e+05 -1.944792789991586e-02  1.320519307491103e-06  1.944792806669549e-02  2.355793951040559e-08 -8.035368975345133e-01  1.812426249241675e-06 -4.873747682079701e-16 -9.532055630389019e-10 
 2.137962089502196e+05 -1.944792789582697e-02  1.351278153252385e-06  1.944792806669553e-02  2.410667441357184e-08 -8.035368975343666e-01  1.854643079873500e-06 -5.103440333899336e-16 -9.754085728606996e-10 
 2.187761623949515e+05 -1.944792789154538e-02  1.382753464550904e-06  1.944792806669557e-02  2.466819099460171e-08 -8.035368975342133e-01  1.897843266815265e-06 -5.343958066896881e-16 -9.981287572188829e-10 
 2.238721138568301e+05 -1.944792788706199e-02  1.414961930011481e-06  1.944792806669561e-02  2.524278697701901e-08 -8.035368975340523e-01  1.942049715377898e-06 -5.595811051430753e-16 -1.021378162655936e-09 
 2.290867652767734e+05 -1.944792788236733e-02  1.447920626986851e-06  1.944792806669566e-02  2.583076701921931e-08 -8.035368975338844e-01  1.987285864405563e-06 -5.859533501447619e-16 -1.045169116314363e-09 
 2.344228815319882e+05 -1.944792787745140e-02  1.481647030612282e-06  1.944792806669571e-02  2.643244287600381e-08 -8.035368975337080e-01  2.033575698703235e-06 -6.135684807621799e-16 -1.069514232472704e-09 
 2.398832919019449e+05 -1.944792787230379e-02  1.516159023071119e-06  1.944792806669575e-02  2.704813356387589e-08 -8.035368975335234e-01  2.080943761753767e-06 -6.424850723897874e-16 -1.094426419233792e-09 
 2.454708915684988e+05 -1.944792786691359e-02  1.551474903076143e-06  1.944792806669580e-02  2.767816553018790e-08 -8.035368975333305e-01  2.129415168731169e-06 -6.727644609953362e-16 -1.119918885368798e-09 
 2.511886431509537e+05 -1.944792786126934e-02  1.587613395571775e-06  1.944792806669586e-02  2.832287282622783e-08 -8.035368975331280e-01  2.179015619817002e-06 -7.044708732216789e-16 -1.146005147320700e-09 
 2.570395782768819e+05 -1.944792785535910e-02  1.624593661662285e-06  1.944792806669592e-02  2.898259728433776e-08 -8.035368975329160e-01  2.229771413826961e-06 -7.376715626200938e-16 -1.172699036370878e-09 
 2.630267991895336e+05 -1.944792784917032e-02  1.662435308771241e-06  1.944792806669597e-02  2.965768869915786e-08 -8.035368975326942e-01  2.281709462154849e-06 -7.724369523040798e-16 -1.200014705972639e-09 
 2.691534803926869e+05 -1.944792784268986e-02  1.701158401037614e-06  1.944792806669604e-02  3.034850501309213e-08 -8.035368975324618e-01  2.334857303041355e-06 -8.088407843262243e-16 -1.227966639255572e-09 
 2.754228703338119e+05 -1.944792783590399e-02  1.740783469954034e-06  1.944792806669610e-02  3.105541250609430e-08 -8.035368975322185e-01  2.389243116175199e-06 -8.469602760949835e-16 -1.256569656704691e-09 
 2.818382931264405e+05 -1.944792782879832e-02  1.781331525252849e-06  1.944792806669617e-02  3.177878598987416e-08 -8.035368975319640e-01  2.444895737634370e-06 -8.868762841631576e-16 -1.285838924018454e-09 
 2.884031503126556e+05 -1.944792782135776e-02  1.822824066045730e-06  1.944792806669625e-02  3.251900900662778e-08 -8.035368975316973e-01  2.501844675175396e-06 -9.286734757354786e-16 -1.315789960149812e-09 
 2.951209226666334e+05 -1.944792781356654e-02  1.865283092222785e-06  1.944792806669632e-02  3.327647403239666e-08 -8.035368975314180e-01  2.560120123878752e-06 -9.724405082591055e-16 -1.346438645534572e-09 
 3.019951720401964e+05 -1.944792780540813e-02  1.908731116117156e-06  1.944792806669639e-02  3.405158268516369e-08 -8.035368975311256e-01  2.619752982158687e-06 -1.018270217477954e-15 -1.377801230511406e-09 
 3.090295432513537e+05 -1.944792779686523e-02  1.953191174441342e-06  1.944792806669648e-02  3.484474593779636e-08 -8.035368975308194e-01  2.680774868145976e-06 -1.066259814349760e-15 -1.409894343938003e-09 
 3.162277660168324e+05 -1.944792778791971e-02  1.998686840501545e-06  1.944792806669656e-02  3.565638433594996e-08 -8.035368975304985e-01  2.743218136452264e-06 -1.116511091243545e-15 -1.442735002007902e-09 
 3.235936569296226e+05 -1.944792777855261e-02  2.045242236696524e-06  1.944792806669665e-02  3.648692822104649e-08 -8.035368975301628e-01  2.807115895324919e-06 -1.169130637854890e-15 -1.476340617272710e-09 
 3.311311214825853e+05 -1.944792776874404e-02  2.092882047307579e-06  1.944792806669675e-02  3.733681795844736e-08 -8.035368975298111e-01  2.872502024201454e-06 -1.224230067296961e-15 -1.510729007874460e-09 
 3.388441561391967e+05 -1.944792775847322e-02  2.141631531586462e-06  1.944792806669684e-02  3.820650417094098e-08 -8.035368975294430e-01  2.939411191672862e-06 -1.281926252846891e-15 -1.545918406993034e-09 
 3.467368504525256e+05 -1.944792774771834e-02  2.191516537148132e-06  1.944792806669694e-02  3.909644797766888e-08 -8.035368975290574e-01  3.007878873865351e-06 -1.342341575849669e-15 -1.581927472513631e-09 
 3.548133892335693e+05 -1.944792773645660e-02  2.242563513675469e-06  1.944792806669705e-02  4.000712123861714e-08 -8.035368975286536e-01  3.077941373250267e-06 -1.405604185305380e-15 -1.618775296919424e-09 
 3.630780547700950e+05 -1.944792772466412e-02  2.294799526943215e-06  1.944792806669717e-02  4.093900680480294e-08 -8.035368975282311e-01  3.149635837892133e-06 -1.471848269690413e-15 -1.656481417414650e-09 
 3.715352290971660e+05 -1.944792771231587e-02  2.348252273168562e-06  1.944792806669728e-02  4.189259877428842e-08 -8.035368975277883e-01  3.223000281145056e-06 -1.541214341589216e-15 -1.695065826283496e-09 
 3.801893963205545e+05 -1.944792769938566e-02  2.402950093696017e-06  1.944792806669741e-02  4.286840275415805e-08 -8.035368975273248e-01  3.298073601807902e-06 -1.613849535740321e-15 -1.734548981490266e-09 
 3.890451449942738e+05 -1.944792768584607e-02  2.458921990024313e-06  1.944792806669754e-02  4.386693612859830e-08 -8.035368975268394e-01  3.374895604748956e-06 -1.689907921128852e-15 -1.774951817526471e-09 
 3.981071705534903e+05 -1.944792767166839e-02  2.516197639183346e-06  1.944792806669767e-02  4.488872833322140e-08 -8.035368975263313e-01  3.453507022010991e-06 -1.769550827787500e-15 -1.816295756510571e-09 
 4.073802778041056e+05 -1.944792765682253e-02  2.574807409469270e-06  1.944792806669781e-02  4.593432113577929e-08 -8.035368975257992e-01  3.533949534407939e-06 -1.852947188999150e-15 -1.858602719546266e-09 
 4.168693834703281e+05 -1.944792764127700e-02  2.634782376546123e-06  1.944792806669797e-02  4.700426892341592e-08 -8.035368975252419e-01  3.616265793624599e-06 -1.940273899627024e-15 -1.901895138345353e-09 
 4.265795188015852e+05 -1.944792762499884e-02  2.696154339922500e-06  1.944792806669812e-02  4.809913899661070e-08 -8.035368975246583e-01  3.700499444831139e-06 -2.031716191332402e-15 -1.946195967121323e-09 
 4.365158322401583e+05 -1.944792760795351e-02  2.758955839812001e-06  1.944792806669828e-02  4.921951186996878e-08 -8.035368975240474e-01  3.786695149824333e-06 -2.127468025475809e-15 -1.991528694759979e-09 
 4.466835921509552e+05 -1.944792759010485e-02  2.823220174386434e-06  1.944792806669845e-02  5.036598158001751e-08 -8.035368975234075e-01  3.874898610707836e-06 -2.227732504535065e-15 -2.037917357273564e-09 
 4.570881896148669e+05 -1.944792757141503e-02  2.888981417430864e-06  1.944792806669863e-02  5.153915600017244e-08 -8.035368975227376e-01  3.965156594124055e-06 -2.332722302912873e-15 -2.085386550544967e-09 
 4.677351412871899e+05 -1.944792755184437e-02  2.956274436409912e-06  1.944792806669882e-02  5.273965716303996e-08 -8.035368975220359e-01  4.057516956050428e-06 -2.442660118047735e-15 -2.133961443368787e-09 
 4.786300923226299e+05 -1.944792753135137e-02  3.025134910954869e-06  1.944792806669901e-02  5.396812159022711e-08 -8.035368975213013e-01  4.152028667173302e-06 -2.557779142785081e-15 -2.183667790796161e-09 
 4.897788193684375e+05 -1.944792750989258e-02  3.095599351781420e-06  1.944792806669922e-02  5.522520062983382e-08 -8.035368975205320e-01  4.248741838852840e-06 -2.678323560010552e-15 -2.234531947790433e-09 
 5.011872336272634e+05 -1.944792748742245e-02  3.167705120048015e-06  1.944792806669943e-02  5.651156080180631e-08 -8.035368975197267e-01  4.347707749692730e-06 -2.804549060594648e-15 -2.286580883200907e-09 
 5.128613839913558e+05 -1.944792746389335e-02  3.241490447165151e-06  1.944792806669966e-02  5.782788415133473e-08 -8.035368975188832e-01  4.448978872728767e-06 -2.936723385747333e-15 -2.339842194062082e-09 
 5.248074602497633e+05 -1.944792743925535e-02  3.316994455066069e-06  1.944792806669990e-02  5.917486861048258e-08 -8.035368975179999e-01  4.552608903250762e-06 -3.075126894933042e-15 -2.394344120225970e-09 
 5.370317963702432e+05 -1.944792741345621e-02  3.394257176949604e-06  1.944792806670014e-02  6.055322836823953e-08 -8.035368975170751e-01  4.658652787272492e-06 -3.220053160550694e-15 -2.450115559335238e-09 
 5.495408738576148e+05 -1.944792738644118e-02  3.473319578506193e-06  1.944792806670039e-02  6.196369424919392e-08 -8.035368975161068e-01  4.767166750664805e-06 -3.371809590640112e-15 -2.507186082145120e-09 
 5.623413251903391e+05 -1.944792735815297e-02  3.554223579638301e-06  1.944792806670067e-02  6.340701410102553e-08 -8.035368975150927e-01  4.878208328967317e-06 -3.530718080935676e-15 -2.565585948202224e-09 
 5.754399373371467e+05 -1.944792732853159e-02  3.637012076686764e-06  1.944792806670095e-02  6.488395319102435e-08 -8.035368975140309e-01  4.991836397894511e-06 -3.697115697650343e-15 -2.625346121888541e-09 
 5.888436553555785e+05 -1.944792729751418e-02  3.721728965174844e-06  1.944792806670124e-02  6.639529461184554e-08 -8.035368975129190e-01  5.108111204552433e-06 -3.871355392438275e-15 -2.686498288839176e-09 
 6.025595860743470e+05 -1.944792726503498e-02  3.808419163082064e-06  1.944792806670155e-02  6.794183969671534e-08 -8.035368975117546e-01  5.227094399382495e-06 -4.053806751052606e-15 -2.749074872742484e-09 
 6.165950018614712e+05 -1.944792723102508e-02  3.897128634660135e-06  1.944792806670188e-02  6.952440844430868e-08 -8.035368975105356e-01  5.348849068849356e-06 -4.244856777286387e-15 -2.813109052531544e-09 
 6.309573444801820e+05 -1.944792719541234e-02  3.987904414803630e-06  1.944792806670222e-02  7.114383995352328e-08 -8.035368975092589e-01  5.473439768890201e-06 -4.444910713859504e-15 -2.878634779976069e-09 
 6.456542290346441e+05 -1.944792715812122e-02  4.080794633988305e-06  1.944792806670258e-02  7.280099286838108e-08 -8.035368975079221e-01  5.600932559143148e-06 -4.654392901992823e-15 -2.945686797684076e-09 
 6.606934480075843e+05 -1.944792711907263e-02  4.175848543790312e-06  1.944792806670295e-02  7.449674583329244e-08 -8.035368975065224e-01  5.731395037972948e-06 -4.873747681492806e-15 -3.014300657522888e-09 
 6.760829753919698e+05 -1.944792707818373e-02  4.273116542999797e-06  1.944792806670334e-02  7.623199795892536e-08 -8.035368975050567e-01  5.864896378312535e-06 -5.103440333255821e-15 -3.084512739469195e-09 
 6.918309709189242e+05 -1.944792703536781e-02  4.372650204342775e-06  1.944792806670375e-02  7.800766929892555e-08 -8.035368975035219e-01  6.001507364339409e-06 -5.343958066191279e-15 -3.156360270898203e-09 
 7.079457843841253e+05 -1.944792699053402e-02  4.474502301825392e-06  1.944792806670418e-02  7.982470133774129e-08 -8.035368975019147e-01  6.141300429006374e-06 -5.595811050657078e-15 -3.229881346322084e-09 
 7.244359600749771e+05 -1.944792694358729e-02  4.578726838715148e-06  1.944792806670463e-02  8.168405748981076e-08 -8.035368975002319e-01  6.284349692446420e-06 -5.859533500599303e-15 -3.305114947588183e-09 
 7.413102413009043e+05 -1.944792689442803e-02  4.685379076173827e-06  1.944792806670510e-02  8.358672361037730e-08 -8.035368974984696e-01  6.430731001272209e-06 -6.135684806691637e-15 -3.382100964547717e-09 
 7.585775750291703e+05 -1.944792684295196e-02  4.794515562557375e-06  1.944792806670559e-02  8.553370851820273e-08 -8.035368974966245e-01  6.580521968790953e-06 -6.424850722877975e-15 -3.460880216205899e-09 
 7.762471166286779e+05 -1.944792678904990e-02  4.906194163398244e-06  1.944792806670610e-02  8.752604453045653e-08 -8.035368974946920e-01  6.733802016156014e-06 -6.727644608835064e-15 -3.541494472364712e-09 
 7.943282347242674e+05 -1.944792673260751e-02  5.020474092086113e-06  1.944792806670664e-02  8.956478801006408e-08 -8.035368974926689e-01  6.890652414477040e-06 -7.044708730990603e-15 -3.623986475769816e-09 
 8.128305161640848e+05 -1.944792667350508e-02  5.137415941263188e-06  1.944792806670721e-02  9.165101992580421e-08 -8.035368974905501e-01  7.051156327910998e-06 -7.376715624856448e-15 -3.708399964773314e-09 
 8.317637711026561e+05 -1.944792661161723e-02  5.257081714950809e-06  1.944792806670780e-02  9.378584642545310e-08 -8.035368974883318e-01  7.215398857756900e-06 -7.724369521566596e-15 -3.794779696524407e-09 
 8.511380382023612e+05 -1.944792654681270e-02  5.379534861424365e-06  1.944792806670842e-02  9.597039942227861e-08 -8.035368974860086e-01  7.383467087577628e-06 -8.088407841645814e-15 -3.883171470700227e-09 
 8.709635899560649e+05 -1.944792647895403e-02  5.504840306853905e-06  1.944792806670907e-02  9.820583719519565e-08 -8.035368974835763e-01  7.555450129372809e-06 -8.469602759177459e-15 -3.973622153789429e-09 
 8.912509381337294e+05 -1.944792640789728e-02  5.633064489728339e-06  1.944792806670975e-02  1.004933450029008e-07 -8.035368974810290e-01  7.731439170827152e-06 -8.868762839688198e-15 -4.066179703941425e-09 
 9.120108393558932e+05 -1.944792633349172e-02  5.764275396081447e-06  1.944792806671046e-02  1.028341357123125e-07 -8.035368974783618e-01  7.911527523659384e-06 -9.286734755223914e-15 -4.160893196394432e-09 
 9.332543007969741e+05 -1.944792625557955e-02  5.898542595538376e-06  1.944792806671120e-02  1.052294504416488e-07 -8.035368974755689e-01  8.095810673097342e-06 -9.724405080254601e-15 -4.257812849495813e-09 
 9.549925860214186e+05 -1.944792617399548e-02  6.035937278201729e-06  1.944792806671198e-02  1.076805592184849e-07 -8.035368974726443e-01  8.284386328505508e-06 -1.018270217221768e-14 -4.356990051328503e-09 
 9.772372209557928e+05 -1.944792608856648e-02  6.176532292396828e-06  1.944792806671279e-02  1.101887616531385e-07 -8.035368974695821e-01  8.477354475191803e-06 -1.066259814068856e-14 -4.458477386957659e-09 
 9.999999999999817e+05 -1.944792599911133e-02  6.320402183296105e-06  1.944792806671365e-02  1.127553876277403e-07 -8.035368974663752e-01  8.674817427421108e-06 -1.116511090935541e-14 -4.562328666311947e-09 
 1.023292992280735e+06 -1.944792590544029e-02  6.467623232443169e-06  1.944792806671454e-02  1.153817980013553e-07 -8.035368974630175e-01  8.876879882663665e-06 -1.169130637517170e-14 -4.668598952714295e-09 
 1.047128548050880e+06 -1.944792580735467e-02  6.618273498197442e-06  1.944792806671548e-02  1.180693853315282e-07 -8.035368974595013e-01  9.083648977107022e-06 -1.224230066926658e-14 -4.777344592077177e-09 
 1.071519305237587e+06 -1.944792570464643e-02  6.772432857120819e-06  1.944792806671646e-02  1.208195746126359e-07 -8.035368974558196e-01  9.295234342461086e-06 -1.281926252440862e-14 -4.888623242777973e-09 
 1.096478196143165e+06 -1.944792559709769e-02  6.930183046328321e-06  1.944792806671749e-02  1.236338240314380e-07 -8.035368974519644e-01  9.511748164086281e-06 -1.342341575404468e-14 -5.002493906230201e-09 
 1.122018454301943e+06 -1.944792548448034e-02  7.091607706825149e-06  1.944792806671856e-02  1.265136257402274e-07 -8.035368974479273e-01  9.733305240475711e-06 -1.405604184817225e-14 -5.119016958166844e-09 
 1.148153621496861e+06 -1.944792536655549e-02  7.256792427853142e-06  1.944792806671969e-02  1.294605066479887e-07 -8.035368974437000e-01  9.960023044122843e-06 -1.471848269155162e-14 -5.238254180652371e-09 
 1.174897554939508e+06 -1.944792524307302e-02  7.425824792270133e-06  1.944792806672087e-02  1.324760292299856e-07 -8.035368974392737e-01  1.019202178380697e-05 -1.541214341002325e-14 -5.360268794840396e-09 
 1.202264434617390e+06 -1.944792511377101e-02  7.598794422986267e-06  1.944792806672211e-02  1.355617923562062e-07 -8.035368974346385e-01  1.042942446832950e-05 -1.613849535096808e-14 -5.485125494494375e-09 
 1.230268770812358e+06 -1.944792497837517e-02  7.775793030481868e-06  1.944792806672340e-02  1.387194321391048e-07 -8.035368974297850e-01  1.067235697173481e-05 -1.689907920423254e-14 -5.612890480289093e-09 
 1.258925411794143e+06 -1.944792483659834e-02  7.956914461432103e-06  1.944792806672475e-02  1.419506228010904e-07 -8.035368974247027e-01  1.092094810005036e-05 -1.769550827013827e-14 -5.743631494911139e-09 
 1.288249551693110e+06 -1.944792468813976e-02  8.142254748464142e-06  1.944792806672617e-02  1.452570775622217e-07 -8.035368974193808e-01  1.117532965958133e-05 -1.852947188150834e-14 -5.877417858976981e-09 
 1.318256738556382e+06 -1.944792453268456e-02  8.331912161073258e-06  1.944792806672765e-02  1.486405495485792e-07 -8.035368974138083e-01  1.143563652679610e-05 -1.940273898696865e-14 -6.014320507787662e-09 
 1.348962882591628e+06 -1.944792436990298e-02  8.525987257724798e-06  1.944792806672921e-02  1.521028327217953e-07 -8.035368974079732e-01  1.170200671983945e-05 -2.031716190312503e-14 -6.154412028939644e-09 
 1.380384264602859e+06 -1.944792419944973e-02  8.724582939169673e-06  1.944792806673084e-02  1.556457628302370e-07 -8.035368974018628e-01  1.197458147171165e-05 -2.127468024357512e-14 -6.297766700811711e-09 
 1.412537544622727e+06 -1.944792402096329e-02  8.927804503001661e-06  1.944792806673255e-02  1.592712183823440e-07 -8.035368973954647e-01  1.225350530515210e-05 -2.227732503308879e-14 -6.444460531948348e-09 
 1.445439770745900e+06 -1.944792383406503e-02  9.135759699485294e-06  1.944792806673433e-02  1.629811216426382e-07 -8.035368973887651e-01  1.253892610926709e-05 -2.332722301568388e-14 -6.594571301360470e-09 
 1.479108388168179e+06 -1.944792363835854e-02  9.348558788684174e-06  1.944792806673620e-02  1.667774396509345e-07 -8.035368973817494e-01  1.283099521794263e-05 -2.442660116573536e-14 -6.748178599764895e-09 
 1.513561248436179e+06 -1.944792343342868e-02  9.566314598919721e-06  1.944792806673815e-02  1.706621852652909e-07 -8.035368973744034e-01  1.312986749008363e-05 -2.557779141168653e-14 -6.905363871784389e-09 
 1.548816618912452e+06 -1.944792321884079e-02  9.789142586591508e-06  1.944792806674021e-02  1.746374182292526e-07 -8.035368973667112e-01  1.343570139172216e-05 -2.678323558238175e-14 -7.066210459130682e-09 
 1.584893192461083e+06 -1.944792299413968e-02  1.001716089739088e-05  1.944792806674235e-02  1.787052462639552e-07 -8.035368973586561e-01  1.374865908003817e-05 -2.804549058651276e-14 -7.230803644793348e-09 
 1.621810097358899e+06 -1.944792275884874e-02  1.025049042894018e-05  1.944792806674460e-02  1.828678261856666e-07 -8.035368973502217e-01  1.406890648933745e-05 -2.936723383616466e-14 -7.399230698257970e-09 
 1.659586907437529e+06 -1.944792251246889e-02  1.048925489489095e-05  1.944792806674695e-02  1.871273650493592e-07 -8.035368973413898e-01  1.439661341903207e-05 -3.075126892596594e-14 -7.571580921777583e-09 
 1.698243652461712e+06 -1.944792225447753e-02  1.073358089051491e-05  1.944792806674941e-02  1.914861213189198e-07 -8.035368973321417e-01  1.473195362367036e-05 -3.220053157988832e-14 -7.747945697721907e-09 
 1.737800828749342e+06 -1.944792198432740e-02  1.098359795982262e-05  1.944792806675200e-02  1.959464060646173e-07 -8.035368973224576e-01  1.507510490506378e-05 -3.371809587831084e-14 -7.928418537029487e-09 
 1.778279410038889e+06 -1.944792170144550e-02  1.123943866424524e-05  1.944792806675470e-02  2.005105841884624e-07 -8.035368973123170e-01  1.542624920655984e-05 -3.530718077855639e-14 -8.113095128788432e-09 
 1.819700858609949e+06 -1.944792140523180e-02  1.150123865291600e-05  1.944792806675753e-02  2.051810756781100e-07 -8.035368973016985e-01  1.578557270951078e-05 -3.697115694273151e-14 -8.302073390972032e-09 
 1.862087136662832e+06 -1.944792109505799e-02  1.176913673458837e-05  1.944792806676049e-02  2.099603568899685e-07 -8.035368972905800e-01  1.615326593198945e-05 -3.871355388735258e-14 -8.495453522356166e-09 
 1.905460717963211e+06 -1.944792077026615e-02  1.204327495122918e-05  1.944792806676359e-02  2.148509618621976e-07 -8.035368972789371e-01  1.652952382980440e-05 -4.053806746992329e-14 -8.693338055646022e-09 
 1.949844599758008e+06 -1.944792043016734e-02  1.232379865332578e-05  1.944792806676684e-02  2.198554836582878e-07 -8.035368972667455e-01  1.691454589986809e-05 -4.244856772834380e-14 -8.895831911840283e-09 
 1.995262314968841e+06 -1.944792007404019e-02  1.261085657694689e-05  1.944792806677025e-02  2.249765757419376e-07 -8.035368972539795e-01  1.730853628597273e-05 -4.444910708977977e-14 -9.103042455861640e-09 
 2.041737944669490e+06 -1.944791970112930e-02  1.290460092259818e-05  1.944792806677381e-02  2.302169533839549e-07 -8.035368972406117e-01  1.771170388702997e-05 -4.654392896640335e-14 -9.315079553483088e-09 
 2.089296130853999e+06 -1.944791931064367e-02  1.320518743591431e-05  1.944792806677753e-02  2.355793951019294e-07 -8.035368972266140e-01  1.812426246783188e-05 -4.873747675623923e-14 -9.532055629580210e-09 
 2.137962089502191e+06 -1.944791890175504e-02  1.351277549023013e-05  1.944792806678144e-02  2.410667441334398e-07 -8.035368972119565e-01  1.854643077239184e-05 -5.103440326820717e-14 -9.754085727740341e-09 
 2.187761623949510e+06 -1.944791847359610e-02  1.382752817107481e-05  1.944792806678553e-02  2.466819099435756e-07 -8.035368971966085e-01  1.897843263992544e-05 -5.343958059135331e-14 -9.981287571260193e-09 
 2.238721138568296e+06 -1.944791802525867e-02  1.414961236263371e-05  1.944792806678982e-02  2.524278697675739e-07 -8.035368971805370e-01  1.942049712353300e-05 -5.595811042920386e-14 -1.021378162556431e-08 
 2.290867652767729e+06 -1.944791755579176e-02  1.447919883622375e-05  1.944792806679430e-02  2.583076701893899e-07 -8.035368971637079e-01  1.987285861164647e-05 -5.859533492116188e-14 -1.045169116207742e-08 
 2.344228815319877e+06 -1.944791706419959e-02  1.481646234082916e-05  1.944792806679899e-02  2.643244287570344e-07 -8.035368971460858e-01  2.033575695230531e-05 -6.135684797390090e-14 -1.069514232358458e-08 
 2.398832919019444e+06 -1.944791654943942e-02  1.516158169574548e-05  1.944792806680391e-02  2.704813356355405e-07 -8.035368971276332e-01  2.080943758032698e-05 -6.424850712679033e-14 -1.094426419111375e-08 
 2.454708915684983e+06 -1.944791601041938e-02  1.551473988538114e-05  1.944792806680906e-02  2.767816552984304e-07 -8.035368971083111e-01  2.129415164743972e-05 -6.727644597652146e-14 -1.119918885237626e-08 
 2.511886431509531e+06 -1.944791544599614e-02  1.587612415626651e-05  1.944792806681445e-02  2.832287282585832e-07 -8.035368970880782e-01  2.179015615544644e-05 -7.044708718728776e-14 -1.146005147180147e-08 
 2.570395782768813e+06 -1.944791485497247e-02  1.624592611632196e-05  1.944792806682009e-02  2.898259728394181e-07 -8.035368970668917e-01  2.229771409249046e-05 -7.376715611411623e-14 -1.172699036220271e-08 
 2.630267991895330e+06 -1.944791423609476e-02  1.662434183643765e-05  1.944792806682601e-02  2.965768869873359e-07 -8.035368970447068e-01  2.281709457249525e-05 -7.724369506824637e-14 -1.200014705811262e-08 
 2.691534803926863e+06 -1.944791358805029e-02  1.701157195441842e-05  1.944792806683220e-02  3.034850501263753e-07 -8.035368970214763e-01  2.334857297785207e-05 -8.088407825481585e-14 -1.227966639082654e-08 
 2.754228703338112e+06 -1.944791290946447e-02  1.740782178134936e-05  1.944792806683868e-02  3.105541250560718e-07 -8.035368969971514e-01  2.389243110543136e-05 -8.469602741453734e-14 -1.256569656519406e-08 
 2.818382931264398e+06 -1.944791219889792e-02  1.781330141043794e-05  1.944792806684547e-02  3.177878598935220e-07 -8.035368969716794e-01  2.444895731599505e-05 -8.868762820254525e-14 -1.285838923819917e-08 
 2.884031503126549e+06 -1.944791145484346e-02  1.822822582839062e-05  1.944792806685257e-02  3.251900900606850e-07 -8.035368969450074e-01  2.501844668708922e-05 -9.286734733915318e-14 -1.315789959937076e-08 
 2.951209226666328e+06 -1.944791067572286e-02  1.865281502938268e-05  1.944792806686002e-02  3.327647403179738e-07 -8.035368969170783e-01  2.560120116949802e-05 -9.724405056890194e-14 -1.346438645306621e-08 
 3.019951720401957e+06 -1.944790985988349e-02  1.908729413168184e-05  1.944792806686781e-02  3.405158268452156e-07 -8.035368968878328e-01  2.619752974734183e-05 -1.018270214659911e-13 -1.377801230267153e-08 
 3.090295432513529e+06 -1.944790900559488e-02  1.953189349698721e-05  1.944792806687597e-02  3.484474593710831e-07 -8.035368968572091e-01  2.680774860190478e-05 -1.066259811259837e-13 -1.409894343676281e-08 
 3.162277660168317e+06 -1.944790811104496e-02  1.998684885254688e-05  1.944792806688451e-02  3.565638433521269e-07 -8.035368968251422e-01  2.743218127927794e-05 -1.116511087855512e-13 -1.442735001727462e-08 
 3.235936569296218e+06 -1.944790717433628e-02  2.045240141611868e-05  1.944792806689346e-02  3.648692822025651e-07 -8.035368967915639e-01  2.807115886190785e-05 -1.169130634139987e-13 -1.476340616972213e-08 
 3.311311214825845e+06 -1.944790619348197e-02  2.092879802384035e-05  1.944792806690283e-02  3.733681795760090e-07 -8.035368967564032e-01  2.872502014414055e-05 -1.224230063223651e-13 -1.510729007552473e-08 
 3.388441561391958e+06 -1.944790516640155e-02  2.141629126107672e-05  1.944792806691264e-02  3.820650417003398e-07 -8.035368967195857e-01  2.939411181185476e-05 -1.281926248380597e-13 -1.545918406648019e-08 
 3.467368504525247e+06 -1.944790409091641e-02  2.191513959631309e-05  1.944792806692291e-02  3.909644797669700e-07 -8.035368966810328e-01  3.007878862627915e-05 -1.342341570952475e-13 -1.581927472143940e-08 
 3.548133892335684e+06 -1.944790296474535e-02  2.242560751816590e-05  1.944792806693367e-02  4.000712123757576e-07 -8.035368966406629e-01  3.077941361209138e-05 -1.405604179935713e-13 -1.618775296523293e-08 
 3.630780547700941e+06 -1.944790178549961e-02  2.294796567558283e-05  1.944792806694494e-02  4.093900680368709e-07 -8.035368965983902e-01  3.149635824989831e-05 -1.471848263802691e-13 -1.656481416990189e-08 
 3.715352290971651e+06 -1.944790055067788e-02  2.348249102130671e-05  1.944792806695673e-02  4.189259877309276e-07 -8.035368965541255e-01  3.223000267319991e-05 -1.541214335133458e-13 -1.695065825828677e-08 
 3.801893963205536e+06 -1.944789925766096e-02  2.402946695867920e-05  1.944792806696908e-02  4.286840275287689e-07 -8.035368965077748e-01  3.298073586994079e-05 -1.613849528661723e-13 -1.734548981002919e-08 
 3.890451449942728e+06 -1.944789790370621e-02  2.458918349186159e-05  1.944792806698201e-02  4.386693612722551e-07 -8.035368964592396e-01  3.374895588875660e-05 -1.689907913367324e-13 -1.774951817004270e-08 
 3.981071705534893e+06 -1.944789648594173e-02  2.516193737955254e-05  1.944792806699555e-02  4.488872833175045e-07 -8.035368964084169e-01  3.453507005002450e-05 -1.769550819277156e-13 -1.816295755951023e-08 
 4.073802778041046e+06 -1.944789500136028e-02  2.574803229228367e-05  1.944792806700974e-02  4.593432113420313e-07 -8.035368963551990e-01  3.533949516182960e-05 -1.852947179667743e-13 -1.858602718946699e-08 
 4.168693834703270e+06 -1.944789344681290e-02  2.634777897337645e-05  1.944792806702458e-02  4.700426892172703e-07 -8.035368962994731e-01  3.616265774096185e-05 -1.940273889395342e-13 -1.901895137702907e-08 
 4.265795188015841e+06 -1.944789181900222e-02  2.696149540364534e-05  1.944792806704013e-02  4.809913899480103e-07 -8.035368962411208e-01  3.700499423906068e-05 -2.031716180113587e-13 -1.946195966432929e-08 
 4.365158322401572e+06 -1.944789011447547e-02  2.758950696993426e-05  1.944792806705642e-02  4.921951186802971e-07 -8.035368961800187e-01  3.786695127402717e-05 -2.127468013174625e-13 -1.991528694022352e-08 
 4.466835921509542e+06 -1.944788832961715e-02  2.823214663757542e-05  1.944792806707346e-02  5.036598157793975e-07 -8.035368961160368e-01  3.874898586682646e-05 -2.227732491047088e-13 -2.037917356483183e-08 
 4.570881896148658e+06 -1.944788646064138e-02  2.888975512686175e-05  1.944792806709132e-02  5.153915599794610e-07 -8.035368960490394e-01  3.965156568380601e-05 -2.332722288123600e-13 -2.085386549698058e-08 
 4.677351412871888e+06 -1.944788450358389e-02  2.956268109362608e-05  1.944792806711001e-02  5.273965716065440e-07 -8.035368959788846e-01  4.057516928465823e-05 -2.442660101831622e-13 -2.133961442461308e-08 
 4.786300923226287e+06 -1.944788245429352e-02  3.025128131402237e-05  1.944792806712958e-02  5.396812158767093e-07 -8.035368959054238e-01  4.152028637615868e-05 -2.557779125004467e-13 -2.183667789823780e-08 
 4.897788193684363e+06 -1.944788030842351e-02  3.095592087360674e-05  1.944792806715008e-02  5.522520062709484e-07 -8.035368958285003e-01  4.248741807181483e-05 -2.678323540514500e-13 -2.234531946748509e-08 
 5.011872336272622e+06 -1.944787806142226e-02  3.167697336081822e-05  1.944792806717155e-02  5.651156079887142e-07 -8.035368957479518e-01  4.347707715756260e-05 -2.804549039217654e-13 -2.286580882084465e-08 
 5.128613839913545e+06 -1.944787570852364e-02  3.241482106496089e-05  1.944792806719402e-02  5.782788414818995e-07 -8.035368956636072e-01  4.448978836365188e-05 -2.936723362307927e-13 -2.339842192865793e-08 
 5.248074602497620e+06 -1.944787324473691e-02  3.316985517879254e-05  1.944792806721756e-02  5.917486860711292e-07 -8.035368955752876e-01  4.552608864286490e-05 -3.075126869232248e-13 -2.394344118944123e-08 
 5.370317963702418e+06 -1.944787066483614e-02  3.394247600582638e-05  1.944792806724220e-02  6.055322836462889e-07 -8.035368954828056e-01  4.658652745521529e-05 -3.220053132370340e-13 -2.450115557961715e-08 
 5.495408738576134e+06 -1.944786796334910e-02  3.473309317245507e-05  1.944792806726800e-02  6.196369424532504e-07 -8.035368953859652e-01  4.767166705927849e-05 -3.371809559740971e-13 -2.507186080673364e-08 
 5.623413251903377e+06 -1.944786513454569e-02  3.554212584500943e-05  1.944792806729502e-02  6.340701409687994e-07 -8.035368952845607e-01  4.878208281030810e-05 -3.530718047055447e-13 -2.565585946625209e-08 
 5.754399373371452e+06 -1.944786217242571e-02  3.637000295186570e-05  1.944792806732332e-02  6.488395318658230e-07 -8.035368951783769e-01  4.991836346529624e-05 -3.697115660501416e-13 -2.625346120198740e-08 
 5.888436553555770e+06 -1.944785907070627e-02  3.721716341071909e-05  1.944792806735294e-02  6.639529460708580e-07 -8.035368950671892e-01  5.108111149513973e-05 -3.871355351705292e-13 -2.686498287028521e-08 
 6.025595860743455e+06 -1.944785582280830e-02  3.808405636114260e-05  1.944792806738397e-02  6.794183969161519e-07 -8.035368949507613e-01  5.227094340407731e-05 -4.053806706389784e-13 -2.749074870802332e-08 
 6.165950018614695e+06 -1.944785242184275e-02  3.897114140255465e-05  1.944792806741646e-02  6.952440843884376e-07 -8.035368948288460e-01  5.348849005656767e-05 -4.244856728314582e-13 -2.813109050452635e-08 
 6.309573444801803e+06 -1.944784886059587e-02  3.987888883771984e-05  1.944792806745047e-02  7.114383994766756e-07 -8.035368947011856e-01  5.473439701178132e-05 -4.444910660162998e-13 -2.878634777748477e-08 
 6.456542290346422e+06 -1.944784513151394e-02  4.080777992191181e-05  1.944792806748609e-02  7.280099286210654e-07 -8.035368945675084e-01  5.600932486588370e-05 -4.654392843115785e-13 -2.945686795297170e-08 
 6.606934480075824e+06 -1.944784122668727e-02  4.175830711786914e-05  1.944792806752339e-02  7.449674582656919e-07 -8.035368944275313e-01  5.731394960229119e-05 -4.873747616935432e-13 -3.014300654965273e-08 
 6.760829753919679e+06 -1.944783713783342e-02  4.273097435667825e-05  1.944792806756245e-02  7.623199795172125e-07 -8.035368942809571e-01  5.864896295008533e-05 -5.103440262470079e-13 -3.084512736728661e-08 
 6.918309709189222e+06 -1.944783285627960e-02  4.372629730472091e-05  1.944792806760334e-02  7.800766929120621e-07 -8.035368941274753e-01  6.001507275077581e-05 -5.343957988576271e-13 -3.156360267961668e-08 
 7.079457843841233e+06 -1.944782837294432e-02  4.474480363682641e-05  1.944792806764617e-02  7.982470132946989e-07 -8.035368939667602e-01  6.141300333360622e-05 -5.595810965553935e-13 -3.229881343175531e-08 
 7.244359600749752e+06 -1.944782367831809e-02  4.578703331577208e-05  1.944792806769102e-02  8.168405748094784e-07 -8.035368937984706e-01  6.284349589960168e-05 -5.859533407285579e-13 -3.305114944216591e-08 
 7.413102413009022e+06 -1.944781876244330e-02  4.685353887827923e-05  1.944792806773797e-02  8.358672360088048e-07 -8.035368936222499e-01  6.430730891456233e-05 -6.135684704375191e-13 -3.382100960934991e-08 
 7.585775750291681e+06 -1.944781361489304e-02  4.794488572765443e-05  1.944792806778714e-02  8.553370850802671e-07 -8.035368934377243e-01  6.580521851121044e-05 -6.424850610690253e-13 -3.460880212334794e-08 
 7.762471166286756e+06 -1.944780822474903e-02  4.906165243322969e-05  1.944792806783863e-02  8.752604451955277e-07 -8.035368932445019e-01  6.733801890070462e-05 -6.727644485823700e-13 -3.541494468216749e-08 
 7.943282347242650e+06 -1.944780258057844e-02  5.020443103675921e-05  1.944792806789254e-02  8.956478799838048e-07 -8.035368930421735e-01  6.890652279373970e-05 -7.044708596111357e-13 -3.623986471325193e-08 
 8.128305161640823e+06 -1.944779667040969e-02  5.137382736593271e-05  1.944792806794899e-02  9.165101991328501e-07 -8.035368928303096e-01  7.051156183145487e-05 -7.376715476964335e-13 -3.708399960010817e-08 
 8.317637711026536e+06 -1.944779048170699e-02  5.257046135517020e-05  1.944792806800811e-02  9.378584641203856e-07 -8.035368926084608e-01  7.215398702637899e-05 -7.724369359406158e-13 -3.794779691421299e-08 
 8.511380382023586e+06 -1.944778400134380e-02  5.379496737386592e-05  1.944792806807000e-02  9.597039940790472e-07 -8.035368923761570e-01  7.383466921364674e-05 -8.088407663840486e-13 -3.883171465232149e-08 
 8.709635899560623e+06 -1.944777721557496e-02  5.504799456225343e-05  1.944792806813483e-02  9.820583717979372e-07 -8.035368921329044e-01  7.555449951272464e-05 -8.469602564217844e-13 -3.973622147930278e-08 
 8.912509381337266e+06 -1.944777011000760e-02  5.633020717506810e-05  1.944792806820270e-02  1.004933449863974e-06 -8.035368918781880e-01  7.731438979989253e-05 -8.868762625919299e-13 -4.066179697663232e-08 
 9.120108393558905e+06 -1.944776266957055e-02  5.764228493318558e-05  1.944792806827377e-02  1.028341356946288e-06 -8.035368916114674e-01  7.911527319172956e-05 -9.286734520831054e-13 -4.160893189667229e-08 
 9.332543007969713e+06 -1.944775487848239e-02  5.898492338342117e-05  1.944792806834819e-02  1.052294504227004e-06 -8.035368913321765e-01  8.095810453986261e-05 -9.724404823248028e-13 -4.257812842287487e-08 
 9.549925860214157e+06 -1.944774672021802e-02  6.035883426667754e-05  1.944792806842612e-02  1.076805591981813e-06 -8.035368910397230e-01  8.284386093723834e-05 -1.018270189041567e-12 -4.356990043604643e-08 
 9.772372209557900e+06 -1.944773817747359e-02  6.176474589463287e-05  1.944792806850773e-02  1.101887616313828e-06 -8.035368907334867e-01  8.477354223618794e-05 -1.066259783169892e-12 -4.458477378681393e-08 
 9.999999999999788e+06 -1.944772923212979e-02  6.320340353516603e-05  1.944792806859317e-02  1.127553876044287e-06 -8.035368904128180e-01  8.674817157855879e-05 -1.116511057055513e-12 -4.562328657443772e-08 
 1.023292992280732e+07 -1.944771986521344e-02  6.467556980671932e-05  1.944792806868264e-02  1.153817979763765e-06 -8.035368900770365e-01  8.876879593819427e-05 -1.169130600368473e-12 -4.668598943211874e-08 
 1.047128548050877e+07 -1.944771005685728e-02  6.618202508180493e-05  1.944792806877633e-02  1.180693853047630e-06 -8.035368897254304e-01  9.083648667604974e-05 -1.224230026193939e-12 -4.777344581895150e-08 
 1.071519305237583e+07 -1.944769978625776e-02  6.772356789986379e-05  1.944792806887444e-02  1.208195745839564e-06 -8.035368893572534e-01  9.295234010823810e-05 -1.281926207778343e-12 -4.888623231867737e-08 
 1.096478196143162e+07 -1.944768903163104e-02  6.930101538969255e-05  1.944792806897717e-02  1.236338240007075e-06 -8.035368889717248e-01  9.511747808730694e-05 -1.342341526433011e-12 -5.002493894539673e-08 
 1.122018454301939e+07 -1.944767777016669e-02  7.091520370165740e-05  1.944792806908474e-02  1.265136257072991e-06 -8.035368885680271e-01  9.733304859705521e-05 -1.405604131121117e-12 -5.119016945640221e-08 
 1.148153621496858e+07 -1.944766597797939e-02  7.256698844991904e-05  1.944792806919738e-02  1.294605066127055e-06 -8.035368881453037e-01  9.960022636120439e-05 -1.471848210278580e-12 -5.238254167229854e-08 
 1.174897554939504e+07 -1.944765363005823e-02  7.425724516489806e-05  1.944792806931533e-02  1.324760291921790e-06 -8.035368877026579e-01  1.019202134662475e-04 -1.541214276445471e-12 -5.360268780457912e-08 
 1.202264434617387e+07 -1.944764070021372e-02  7.598686975621508e-05  1.944792806943883e-02  1.355617923156957e-06 -8.035368872391508e-01  1.042942399988055e-04 -1.613849464311662e-12 -5.485125479083267e-08 
 1.230268770812355e+07 -1.944762716102219e-02  7.775677898634442e-05  1.944792806956816e-02  1.387194320956971e-06 -8.035368867537995e-01  1.067235646978300e-04 -1.689907842808929e-12 -5.612890463775795e-08 
 1.258925411794140e+07 -1.944761298376777e-02  7.956791095522693e-05  1.944792806970359e-02  1.419506227545782e-06 -8.035368862455745e-01  1.092094756219963e-04 -1.769550741911463e-12 -5.743631477216825e-08 
 1.288249551693106e+07 -1.944759813838131e-02  8.142122559609063e-05  1.944792806984540e-02  1.452570775123831e-06 -8.035368857133973e-01  1.117532908326425e-04 -1.852947094838006e-12 -5.877417840017183e-08 
 1.318256738556379e+07 -1.944758259337682e-02  8.331770518273579e-05  1.944792806999389e-02  1.486405494951763e-06 -8.035368851561395e-01  1.143563590926161e-04 -1.940273796381449e-12 -6.014320487471877e-08 
 1.348962882591625e+07 -1.944756631578459e-02  8.525835484854451e-05  1.944792807014937e-02  1.521028326645730e-06 -8.035368845726194e-01  1.170200605813977e-04 -2.031716078125956e-12 -6.154412007170889e-08 
 1.380384264602855e+07 -1.944754927108128e-02  8.724420311748172e-05  1.944792807031219e-02  1.556457627689224e-06 -8.035368839615988e-01  1.197458076268818e-04 -2.127467901347498e-12 -6.297766677486074e-08 
 1.412537544622724e+07 -1.944753142311678e-02  8.927630244736005e-05  1.944792807048268e-02  1.592712183166442e-06 -8.035368833217816e-01  1.225350454542032e-04 -2.227732368431179e-12 -6.444460506954477e-08 
 1.445439770745896e+07 -1.944751273403755e-02  9.135572978564641e-05  1.944792807066120e-02  1.629811215722396e-06 -8.035368826518110e-01  1.253892529520045e-04 -2.332722153678045e-12 -6.594571274579058e-08 
 1.479108388168175e+07 -1.944749316420636e-02  9.348358713809463e-05  1.944792807084814e-02  1.667774395755012e-06 -8.035368819502660e-01  1.283099434565523e-04 -2.442659954415133e-12 -6.748178571068101e-08 
 1.513561248436175e+07 -1.944747267211822e-02  9.566100215049401e-05  1.944792807104388e-02  1.706621851844628e-06 -8.035368812156581e-01  1.312986655541163e-04 -2.557778963365652e-12 -6.905363841035225e-08 
 1.548816618912448e+07 -1.944745121431243e-02  9.788912870383054e-05  1.944792807124885e-02  1.746374181426437e-06 -8.035368804464293e-01  1.343570039020395e-04 -2.678323363281235e-12 -7.066210426182362e-08 
 1.584893192461079e+07 -1.944742874528044e-02  1.001691475231629e-04  1.944792807146349e-02  1.787052461711523e-06 -8.035368796409481e-01  1.374865800689309e-04 -2.804548844885440e-12 -7.230803609488591e-08 
 1.621810097358895e+07 -1.944740521736937e-02  1.025022668005224e-04  1.944792807168823e-02  1.828678260862266e-06 -8.035368787975061e-01  1.406890533944289e-04 -2.936723149227119e-12 -7.399230660428247e-08 
 1.659586907437524e+07 -1.944738058068095e-02  1.048897228321513e-04  1.944792807192357e-02  1.871273649428074e-06 -8.035368779143139e-01  1.439661218689911e-04 -3.075126635594048e-12 -7.571580881242311e-08 
 1.698243652461707e+07 -1.944735478296583e-02  1.073327806704036e-04  1.944792807217001e-02  1.914861212047477e-06 -8.035368769894986e-01  1.473195230341752e-04 -3.220052876191446e-12 -7.747945654287587e-08 
 1.737800828749337e+07 -1.944732776951271e-02  1.098327347906336e-04  1.944792807242805e-02  1.959464059422799e-06 -8.035368760210981e-01  1.507510349038897e-04 -3.371809278846743e-12 -7.928418490488783e-08 
 1.778279410038884e+07 -1.944729948303249e-02  1.123909097734099e-04  1.944792807269826e-02  2.005105840573756e-06 -8.035368750070587e-01  1.542624769071024e-04 -3.530717739061444e-12 -8.113095078919176e-08 
 1.819700858609944e+07 -1.944726986353672e-02  1.150086610023960e-04  1.944792807298120e-02  2.051810755376481e-06 -8.035368739452295e-01  1.578557108525068e-04 -3.697115322793160e-12 -8.302073337536171e-08 
 1.862087136662827e+07 -1.944723884821056e-02  1.176873753782461e-04  1.944792807327747e-02  2.099603567394611e-06 -8.035368728333581e-01  1.615326419156562e-04 -3.871354981416070e-12 -8.495453465098620e-08 
 1.905460717963205e+07 -1.944720637127955e-02  1.204284720488725e-04  1.944792807358771e-02  2.148509617009263e-06 -8.035368716690861e-01  1.652952196490918e-04 -4.053806300376322e-12 -8.693337994293465e-08 
 1.949844599758003e+07 -1.944717236387026e-02  1.232334031564474e-04  1.944792807391257e-02  2.198554834854828e-06 -8.035368704499442e-01  1.691454390159968e-04 -4.244856283130360e-12 -8.895831846099849e-08 
 1.995262314968836e+07 -1.944713675386430e-02  1.261036546015084e-04  1.944792807425274e-02  2.249765755567740e-06 -8.035368691733462e-01  1.730853414479270e-04 -4.444910172028987e-12 -9.103042385419510e-08 
 2.041737944669485e+07 -1.944709946574552e-02  1.290407468245468e-04  1.944792807460894e-02  2.302169531855487e-06 -8.035368678365847e-01  1.771170159271779e-04 -4.654392307888390e-12 -9.315079478003000e-08 
 2.089296130853994e+07 -1.944706042043990e-02  1.320462356054606e-04  1.944792807498193e-02  2.355793948893338e-06 -8.035368664368239e-01  1.812426000943607e-04 -4.873747030071297e-12 -9.532055548701858e-08 
 2.137962089502185e+07 -1.944701953514808e-02  1.351217128812679e-04  1.944792807537249e-02  2.410667439056399e-06 -8.035368649710951e-01  1.854642813817773e-04 -5.103439618987536e-12 -9.754085641077643e-08 
 2.187761623949505e+07 -1.944697672316982e-02  1.382688075824755e-04  1.944792807578147e-02  2.466819096994840e-06 -8.035368634362892e-01  1.897842981731918e-04 -5.343957283013061e-12 -9.981287478399463e-08 
 2.238721138568290e+07 -1.944693189372039e-02  1.414891864885126e-04  1.944792807620971e-02  2.524278695060258e-06 -8.035368618291507e-01  1.942049409906151e-04 -5.595810191920820e-12 -1.021378152606227e-07 
 2.290867652767723e+07 -1.944688495173811e-02  1.447845551026436e-04  1.944792807665814e-02  2.583076699091365e-06 -8.035368601462712e-01  1.987285537087320e-04 -5.859532559015536e-12 -1.045169105545908e-07 
 2.344228815319870e+07 -1.944683579768303e-02  1.481566585467800e-04  1.944792807712771e-02  2.643244284567381e-06 -8.035368583840807e-01  2.033575347976126e-04 -6.135683774267654e-12 -1.069514220934100e-07 
 2.398832919019438e+07 -1.944678432732600e-02  1.516072824766228e-04  1.944792807761940e-02  2.704813353137679e-06 -8.035368565388415e-01  2.080943385943693e-04 -6.424849590849985e-12 -1.094426406869959e-07 
 2.454708915684976e+07 -1.944673043152792e-02  1.551382540175703e-04  1.944792807813427e-02  2.767816549536457e-06 -8.035368546066401e-01  2.129414766044309e-04 -6.727643367593801e-12 -1.119918872120716e-07 
 2.511886431509525e+07 -1.944667399600845e-02  1.587514427218373e-04  1.944792807867340e-02  2.832287278891406e-06 -8.035368525833778e-01  2.179015188331258e-04 -7.044707369999776e-12 -1.146005133125128e-07 
 2.570395782768807e+07 -1.944661490110410e-02  1.624487615472373e-04  1.944792807923794e-02  2.898259724435543e-06 -8.035368504647634e-01  2.229770951482777e-04 -7.376714132563307e-12 -1.172699021160053e-07 
 2.630267991895324e+07 -1.944655302151460e-02  1.662321678580860e-04  1.944792807982908e-02  2.965768865631612e-06 -8.035368482463033e-01  2.281708966745389e-04 -7.724367885303870e-12 -1.200014689673952e-07 
 2.691534803926856e+07 -1.944648822603768e-02  1.701036644486944e-04  1.944792808044809e-02  3.034850496718652e-06 -8.035368459232917e-01  2.334856772201967e-04 -8.088406047524191e-12 -1.227966621791221e-07 
 2.754228703338105e+07 -1.944642037729113e-02  1.740653005899261e-04  1.944792808109626e-02  3.105541245690569e-06 -8.035368434908015e-01  2.389242547372130e-04 -8.469600791967696e-12 -1.256569637991308e-07 
 2.818382931264391e+07 -1.944634933142192e-02  1.781191730992988e-04  1.944792808177499e-02  3.177878593716777e-06 -8.035368409436734e-01  2.444895128152678e-04 -8.868760682691887e-12 -1.285838903966710e-07 
 2.884031503126542e+07 -1.944627493780160e-02  1.822674274351206e-04  1.944792808248570e-02  3.251900895015205e-06 -8.035368382765050e-01  2.501844022105992e-04 -9.286732390131724e-12 -1.315789938663989e-07 
 2.951209226666320e+07 -1.944619703870736e-02  1.865122588151569e-04  1.944792808322991e-02  3.327647397188202e-06 -8.035368354836386e-01  2.560119424104514e-04 -9.724402486990879e-12 -1.346438622512108e-07 
 3.019951720401949e+07 -1.944611546898819e-02  1.908559133603306e-04  1.944792808400918e-02  3.405158262032133e-06 -8.035368325591512e-01  2.619752232339593e-04 -1.018269932877008e-11 -1.377801205842402e-07 
 3.090295432513522e+07 -1.944603005571517e-02  1.953006892639659e-04  1.944792808482519e-02  3.484474586831675e-06 -8.035368294968391e-01  2.680774064703156e-04 -1.066259502292121e-11 -1.409894317504700e-07 
 3.162277660168309e+07 -1.944594061781557e-02  1.998489379870929e-04  1.944792808567965e-02  3.565638426150149e-06 -8.035368262902077e-01  2.743217275550932e-04 -1.116510749080404e-11 -1.442734973684121e-07 
 3.235936569296210e+07 -1.944584696568952e-02  2.045030654803345e-04  1.944792808657439e-02  3.648692814127382e-06 -8.035368229324554e-01  2.807114972856066e-04 -1.169130262681908e-11 -1.476340586923246e-07 
 3.311311214825837e+07 -1.944574890080882e-02  2.092655334329073e-04  1.944792808751129e-02  3.733681787296977e-06 -8.035368194164605e-01  2.872501035762248e-04 -1.224229655929623e-11 -1.510728975354440e-07 
 3.388441561391950e+07 -1.944564621529688e-02  2.141388605492699e-04  1.944792808849234e-02  3.820650407935049e-06 -8.035368157347658e-01  2.939410132545633e-04 -1.281925801793475e-11 -1.545918372147223e-07 
 3.467368504525239e+07 -1.944553869148881e-02  2.191256238539594e-04  1.944792808951962e-02  3.909644787952833e-06 -8.035368118795621e-01  3.007877738995087e-04 -1.342341081281616e-11 -1.581927435175692e-07 
 3.548133892335676e+07 -1.944542610147109e-02  2.242284600251640e-04  1.944792809059533e-02  4.000712113345815e-06 -8.035368078426726e-01  3.077940157220487e-04 -1.405603643024798e-11 -1.618775256911125e-07 
 3.630780547700933e+07 -1.944530820659938e-02  2.294500667575807e-04  1.944792809172173e-02  4.093900669212360e-06 -8.035368036155353e-01  3.149634534899053e-04 -1.471847675094456e-11 -1.656481374545011e-07 
 3.715352290971643e+07 -1.944518475699383e-02  2.347932041551143e-04  1.944792809290121e-02  4.189259865355093e-06 -8.035367991891844e-01  3.222998884969887e-04 -1.541213689631016e-11 -1.695065780347878e-07 
 3.801893963205528e+07 -1.944505549101070e-02  2.402606961539773e-04  1.944792809413629e-02  4.286840262478622e-06 -8.035367945542321e-01  3.298072105787191e-04 -1.613848820886163e-11 -1.734548932269398e-07 
 3.890451449942719e+07 -1.944492013468911e-02  2.458554319767510e-04  1.944792809542956e-02  4.386693598997464e-06 -8.035367897008476e-01  3.374894001742786e-04 -1.689907137311208e-11 -1.774951764785397e-07 
 3.981071705534884e+07 -1.944477840117191e-02  2.515803676179773e-04  1.944792809678379e-02  4.488872818468434e-06 -8.035367846187372e-01  3.453505304368925e-04 -1.769549968353542e-11 -1.816295699997532e-07 
 4.073802778041036e+07 -1.944462999009934e-02  2.574385273618449e-04  1.944792809820184e-02  4.593432097661993e-06 -8.035367792971221e-01  3.533947693932512e-04 -1.852946246654293e-11 -1.858602658991499e-07 
 4.168693834703261e+07 -1.944447458697427e-02  2.634330053325390e-04  1.944792809968672e-02  4.700426875287466e-06 -8.035367737247153e-01  3.616263821532224e-04 -1.940272866373024e-11 -1.901895073459803e-07 
 4.265795188015831e+07 -1.944431186249770e-02  2.695669670778261e-04  1.944792810124157e-02  4.809913881387369e-06 -8.035367678896985e-01  3.700497331710198e-04 -2.031715058399486e-11 -1.946195897595260e-07 
 4.365158322401562e+07 -1.944414147187303e-02  2.758436511864397e-04  1.944792810286971e-02  4.921951167416393e-06 -8.035367617796961e-01  3.786692885590281e-04 -2.127466783248256e-11 -1.991528620261525e-07 
 4.466835921509531e+07 -1.944396305407786e-02  2.822663709398370e-04  1.944792810457457e-02  5.036598137021036e-06 -8.035367553817492e-01  3.874896184555101e-04 -2.227731142469611e-11 -2.037917277447104e-07 
 4.570881896148648e+07 -1.944377623110153e-02  2.888385159988889e-04  1.944792810635979e-02  5.153915577536175e-06 -8.035367486822886e-01  3.965153994474492e-04 -2.332720809449250e-11 -2.085386465009454e-07 
 4.677351412871877e+07 -1.944358060714707e-02  2.955635541260676e-04  1.944792810822914e-02  5.273965692215289e-06 -8.035367416671058e-01  4.057514170498094e-04 -2.442658480510582e-11 -2.133961351715924e-07 
 4.786300923226276e+07 -1.944337576779569e-02  3.024450329436856e-04  1.944792811018659e-02  5.396812133211413e-06 -8.035367343213222e-01  4.152025682425290e-04 -2.557777347276389e-11 -2.183667692588451e-07 
 4.897788193684352e+07 -1.944316127913222e-02  3.094865817287388e-04  1.944792811223628e-02  5.522520035326321e-06 -8.035367266293588e-01  4.248738640665873e-04 -2.678321591291749e-11 -2.234531842559090e-07 
 5.011872336272611e+07 -1.944293668682961e-02  3.166919132448942e-04  1.944792811438257e-02  5.651156050545827e-06 -8.035367185749018e-01  4.347704322805233e-04 -2.804546901957301e-11 -2.286580770443618e-07 
 5.128613839913534e+07 -1.944270151519061e-02  3.240648256121571e-04  1.944792811663002e-02  5.782788383379512e-06 -8.035367101408695e-01  4.448975200788090e-04 -2.936721018871388e-11 -2.339842073240613e-07 
 5.248074602497608e+07 -1.944245526614457e-02  3.316092042147383e-04  1.944792811898337e-02  5.917486827023618e-06 -8.035367013093749e-01  4.552604968735199e-04 -3.075124299731402e-11 -2.394343990763594e-07 
 5.370317963702407e+07 -1.944219741819752e-02  3.393290236476308e-04  1.944792812144764e-02  6.055322800366279e-06 -8.035366920616881e-01  4.658648571407718e-04 -3.220050314998791e-11 -2.450115420613982e-07 
 5.495408738576122e+07 -1.944192742533294e-02  3.472283497023902e-04  1.944792812402804e-02  6.196369385854721e-06 -8.035366823781969e-01  4.767162233334362e-04 -3.371806470589064e-11 -2.507185933502819e-07 
 5.623413251903364e+07 -1.944164471586145e-02  3.553113413925945e-04  1.944792812673006e-02  6.340701368244487e-06 -8.035366722383647e-01  4.878203488616692e-04 -3.530714659907418e-11 -2.565585788929354e-07 
 5.754399373371439e+07 -1.944134869121660e-02  3.635822530194382e-04  1.944792812955941e-02  6.488395274251250e-06 -8.035366616206879e-01  4.991831211428379e-04 -3.697111946613020e-11 -2.625345951224840e-07 
 5.888436553555757e+07 -1.944103872469457e-02  3.720454362778986e-04  1.944792813252210e-02  6.639529413126252e-06 -8.035366505026493e-01  5.108105647224538e-04 -3.871351279559955e-11 -2.686498105970010e-07 
 6.025595860743441e+07 -1.944071416013501e-02  3.807053424038768e-04  1.944792813562442e-02  6.794183918176817e-06 -8.035366388606706e-01  5.227088444677684e-04 -4.053802241431272e-11 -2.749074676794962e-07 
 6.165950018614683e+07 -1.944037431054051e-02  3.895665243626987e-04  1.944792813887294e-02  6.952440789254047e-06 -8.035366266700629e-01  5.348842688357181e-04 -4.244851832653884e-11 -2.813108842570351e-07 
 6.309573444801790e+07 -1.944001845663154e-02  3.986336390793216e-04  1.944792814227455e-02  7.114383936230158e-06 -8.035366139049740e-01  5.473432932169500e-04 -4.444905292256952e-11 -2.878634554998998e-07 
 6.456542290346409e+07 -1.943964584533433e-02  4.079114497105561e-04  1.944792814583647e-02  7.280099223488521e-06 -8.035366005383339e-01  5.600925233576954e-04 -4.654386957414741e-11 -2.945686556617253e-07 
 6.606934480075811e+07 -1.943925568819814e-02  4.174048279595843e-04  1.944792814956626e-02  7.449674515450019e-06 -8.035365865417969e-01  5.731387188613038e-04 -4.873741163496926e-11 -3.014300399215639e-07 
 6.760829753919666e+07 -1.943884715973907e-02  4.271187564329940e-04  1.944792815347182e-02  7.623199723159845e-06 -8.035365718856823e-01  5.864887967712870e-04 -5.103433186535280e-11 -3.084512462688558e-07 
 6.918309709189209e+07 -1.943841939570678e-02  4.370583310405191e-04  1.944792815756144e-02  7.800766851959432e-06 -8.035365565389102e-01  6.001498352377716e-04 -5.343950230105607e-11 -3.156359974323045e-07 
 7.079457843841220e+07 -1.943797149127079e-02  4.472287634376106e-04  1.944792816184379e-02  7.982470050268808e-06 -8.035365404689381e-01  6.141290772692954e-04 -5.595802458717940e-11 -3.229881028536790e-07 
 7.244359600749739e+07 -1.943750249912240e-02  4.576353835109071e-04  1.944792816632795e-02  8.168405659505221e-06 -8.035365236416885e-01  6.284339345719335e-04 -5.859524079906715e-11 -3.305114607075907e-07 
 7.413102413009009e+07 -1.943701142748880e-02  4.682836419066193e-04  1.944792817102344e-02  8.358672265164538e-06 -8.035365060214800e-01  6.430719914777846e-04 -6.135674477315816e-11 -3.382100599683138e-07 
 7.585775750291668e+07 -1.943649723805487e-02  4.791791126017546e-04  1.944792817594022e-02  8.553370749092450e-06 -8.035364875709494e-01  6.580510089648922e-04 -6.424839397181636e-11 -3.460879825247467e-07 
 7.762471166286743e+07 -1.943595884378886e-02  4.903274955180510e-04  1.944792818108871e-02  8.752604342973223e-06 -8.035364682509741e-01  6.733789287707279e-04 -6.727632190730395e-11 -3.541494053446337e-07 
 7.943282347242635e+07 -1.943539510666743e-02  5.017346191783953e-04  1.944792818647981e-02  8.956478683064375e-06 -8.035364480205881e-01  6.890638776014082e-04 -7.044695115124658e-11 -3.623986026891957e-07 
 8.128305161640808e+07 -1.943480483529546e-02  5.134064434054109e-04  1.944792819212500e-02  9.165101866206293e-06 -8.035364268368960e-01  7.051141714388721e-04 -7.376700695718043e-11 -3.708399483793447e-07 
 8.317637711026521e+07 -1.943418678241585e-02  5.253490620618020e-04  1.944792819803622e-02  9.378584507136398e-06 -8.035364046549816e-01  7.215383199482914e-04 -7.724353152507132e-11 -3.794779181146792e-07 
 8.511380382023571e+07 -1.943353964230452e-02  5.375687058319377e-04  1.944792820422601e-02  9.597039797138424e-06 -8.035363814278130e-01  7.383450309880466e-04 -8.088389893805810e-11 -3.883170918464955e-07 
 8.709635899560608e+07 -1.943286204804509e-02  5.500717450440356e-04  1.944792821070750e-02  9.820583564057721e-06 -8.035363571061428e-01  7.555432152246447e-04 -8.469583080309607e-11 -3.973621562060684e-07 
 8.912509381337252e+07 -1.943215256867825e-02  5.628646925321851e-04  1.944792821749445e-02  1.004933433371452e-05 -8.035363316384050e-01  7.731419908550227e-04 -8.868741262867112e-11 -4.066179069894908e-07 
 9.120108393558890e+07 -1.943140970621984e-02  5.759542065373042e-04  1.944792822460124e-02  1.028341339274773e-05 -8.035363049706036e-01  7.911506884387231e-04 -9.286711097431545e-11 -4.160892517003881e-07 
 9.332543007969697e+07 -1.943063189254184e-02  5.893470936459816e-04  1.944792823204294e-02  1.052294485292239e-05 -8.035362770462002e-01  8.095788558424965e-04 -9.724379140829414e-11 -4.257812121518560e-07 
 9.549925860214141e+07 -1.942981748611039e-02  6.030503117659975e-04  1.944792823983534e-02  1.076805571693526e-05 -8.035362478059933e-01  8.284362632999415e-04 -1.018267373115450e-10 -4.356989271290008e-07 
 9.772372209557883e+07 -1.942896476857406e-02  6.170709731371278e-04  1.944792824799495e-02  1.101887594575299e-05 -8.035362171879938e-01  8.477329085888459e-04 -1.066256695677467e-10 -4.458476551134926e-07 
 9.999999999999771e+07 -1.942807194119606e-02  6.314163473756647e-04  1.944792825653910e-02  1.127553852751888e-05 -8.035361851272929e-01  8.674790223289694e-04 -1.116507671812715e-10 -4.562327770715764e-07 
 1.023292992280731e+08 -1.942713712112332e-02  6.460938645508734e-04  1.944792826548589e-02  1.153817954806469e-05 -8.035361515559248e-01  8.876850734030515e-04 -1.169126888667438e-10 -4.668597993070193e-07 
 1.047128548050875e+08 -1.942615833748520e-02  6.611111182913851e-04  1.944792827485430e-02  1.180693826306481e-05 -8.035361164027239e-01  9.083617745039121e-04 -1.224225956559866e-10 -4.777343563805040e-07 
 1.071519305237582e+08 -1.942513352731446e-02  6.764758689192933e-04  1.944792828466421e-02  1.208195717187114e-05 -8.035360795931734e-01  9.295200878105653e-04 -1.281921745702951e-10 -4.888622140970188e-07 
 1.096478196143160e+08 -1.942406053128258e-02  6.921960466094649e-04  1.944792829493640e-02  1.236338209306775e-05 -8.035360410492471e-01  9.511712307963328e-04 -1.342336634082342e-10 -5.002492725628240e-07 
 1.122018454301937e+08 -1.942293708924138e-02  7.082797545712938e-04  1.944792830569267e-02  1.265136224178547e-05 -8.035360006892454e-01  9.733266821720278e-04 -1.405598767015215e-10 -5.119015693136178e-07 
 1.148153621496856e+08 -1.942176083556241e-02  7.247352722498427e-04  1.944792831695582e-02  1.294605030881727e-05 -8.035359584276225e-01  9.959981879673293e-04 -1.471842328940348e-10 -5.238252825155586e-07 
 1.174897554939502e+08 -1.942052929426554e-02  7.415710585429874e-04  1.944792832874975e-02  1.324760254157653e-05 -8.035359141748041e-01  1.019197767753554e-03 -1.541207828015736e-10 -5.360267342408390e-07 
 1.202264434617385e+08 -1.941923987392736e-02  7.587957550308413e-04  1.944792834109945e-02  1.355617882694100e-05 -8.035358678369995e-01  1.042937721011103e-03 -1.613842394127215e-10 -5.485123938195501e-07 
 1.230268770812353e+08 -1.941788986236025e-02  7.764181892133674e-04  1.944792835403112e-02  1.387194277602645e-05 -8.035358193160030e-01  1.067230633644926e-03 -1.689900090939964e-10 -5.612888812696091e-07 
 1.258925411794138e+08 -1.941647642105196e-02  7.944473777516850e-04  1.944792836757219e-02  1.419506181093485e-05 -8.035357685089856e-01  1.092089384651443e-03 -1.769542242654536e-10 -5.743629708065709e-07 
 1.288249551693104e+08 -1.941499657935583e-02  8.128925297081680e-04  1.944792838175136e-02  1.452570725352327e-05 -8.035357153082777e-01  1.117527152940412e-03 -1.852937776160227e-10 -5.877415944351811e-07 
 1.318256738556376e+08 -1.941344722842096e-02  8.317630497799514e-04  1.944792839659870e-02  1.486405441624032e-05 -8.035356596011427e-01  1.143557424315351e-03 -1.940263579311237e-10 -6.014318456245767e-07 
 1.348962882591622e+08 -1.941182511485119e-02  8.510685415199918e-04  1.944792841214569e-02  1.521028269507849e-05 -8.035356012695376e-01  1.170193998616157e-03 -2.031704876085216e-10 -6.154409830690774e-07 
 1.380384264602852e+08 -1.941012683408203e-02  8.708188105393006e-04  1.944792842842531e-02  1.556457566469157e-05 -8.035355401898638e-01  1.197450997027692e-03 -2.127455619419611e-10 -6.297764345365666e-07 
 1.412537544622721e+08 -1.940834882346326e-02  8.910238676833915e-04  1.944792844547206e-02  1.592712117572756e-05 -8.035354762327069e-01  1.225342869558169e-03 -2.227718902558642e-10 -6.444458008064935e-07 
 1.445439770745893e+08 -1.940648735503542e-02  9.116939321754013e-04  1.944792846332210e-02  1.629811145442878e-05 -8.035354092625622e-01  1.253884402691251e-03 -2.332707389783013e-10 -6.594568596995908e-07 
 1.479108388168172e+08 -1.940453852798756e-02  9.328394347176816e-04  1.944792848201327e-02  1.667774320455188e-05 -8.035353391375492e-01  1.283090727215899e-03 -2.442643767435471e-10 -6.748175702014372e-07 
 1.513561248436172e+08 -1.940249826078319e-02  9.544710205429760e-04  1.944792850158520e-02  1.706621771166185e-05 -8.035352657091119e-01  1.312977326238047e-03 -2.557761216198404e-10 -6.905360766820523e-07 
 1.548816618912444e+08 -1.940036228294112e-02  9.765995524055532e-04  1.944792852207939e-02  1.746374094985526e-05 -8.035351888217062e-01  1.343560043378329e-03 -2.678303905624638e-10 -7.066207132137589e-07 
 1.584893192461076e+08 -1.939812612645746e-02  9.992361135018875e-04  1.944792854353929e-02  1.787052369096939e-05 -8.035351083124701e-01  1.374855091160124e-03 -2.804527511969750e-10 -7.230800079895988e-07 
 1.621810097358891e+08 -1.939578511685439e-02  1.022392010309614e-03  1.944792856601040e-02  1.828678161633512e-05 -8.035350240108815e-01  1.406879059592339e-03 -2.936699760423623e-10 -7.399226878446463e-07 
 1.659586907437521e+08 -1.939333436384116e-02  1.046078775332602e-03  1.944792858954036e-02  1.871273543113271e-05 -8.035349357383975e-01  1.439648924951395e-03 -3.075100992890591e-10 -7.571576828826106e-07 
 1.698243652461704e+08 -1.939076875157238e-02  1.070308169739028e-03  1.944792861417905e-02  1.914861098141143e-05 -8.035348433080793e-01  1.473182058767019e-03 -3.220024762521701e-10 -7.747941312101800e-07 
 1.737800828749334e+08 -1.938808292848788e-02  1.095092185878273e-03  1.944792863997872e-02  1.959463937383456e-05 -8.035347465241968e-01  1.507496237016541e-03 -3.371778456259230e-10 -7.928413837816161e-07 
 1.778279410038880e+08 -1.938527129671851e-02  1.120443049661416e-03  1.944792866699404e-02  2.005105709821380e-05 -8.035346451818174e-01  1.542609649532490e-03 -3.530683946712990e-10 -8.113090093561616e-07 
 1.819700858609940e+08 -1.938232800104148e-02  1.146373222788892e-03  1.944792869528229e-02  2.051810615289764e-05 -8.035345390663725e-01  1.578540909628396e-03 -3.697078274750006e-10 -8.302067995708917e-07 
 1.862087136662823e+08 -1.937924691736888e-02  1.172895404807668e-03  1.944792872490345e-02  2.099603417308033e-05 -8.035344279532084e-01  1.615309063947832e-03 -3.871314364244260e-10 -8.495447741316897e-07 
 1.905460717963202e+08 -1.937602164075193e-02  1.200022534978918e-03  1.944792875592028e-02  2.148509456209957e-05 -8.035343116071105e-01  1.652933602541808e-03 -4.053761770501237e-10 -8.693331861251018e-07 
 1.949844599757999e+08 -1.937264547288423e-02  1.227767793935838e-03  1.944792878839855e-02  2.198554662579226e-05 -8.035341897818111e-01  1.691434469179788e-03 -4.244807463943402e-10 -8.895825274538817e-07 
 1.995262314968832e+08 -1.936911140908592e-02  1.256144605109668e-03  1.944792882240710e-02  2.249765570997980e-05 -8.035340622194684e-01  1.730832071899671e-03 -4.444856650717253e-10 -9.103035343991019e-07 
 2.041737944669480e+08 -1.936541212475116e-02  1.285166635900457e-03  1.944792885801801e-02  2.302169334115568e-05 -8.035339286501268e-01  1.771147293802246e-03 -4.654333631960931e-10 -9.315071933117782e-07 
 2.089296130853989e+08 -1.936153996124066e-02  1.314847798567363e-03  1.944792889530675e-02  2.355793737045002e-05 -8.035337887911480e-01  1.812401504095703e-03 -4.873682703553099e-10 -9.532047464370220e-07 
 2.137962089502181e+08 -1.935748691120101e-02  1.345202250811520e-03  1.944792893435236e-02  2.410667212094734e-05 -8.035336423466174e-01  1.854616569395957e-03 -5.103369098249513e-10 -9.754076978738033e-07 
 2.187761623949500e+08 -1.935324460329238e-02  1.376244396022579e-03  1.944792897523759e-02  2.466818853843559e-05 -8.035334890067237e-01  1.897814865288627e-03 -5.343879972203447e-10 -9.981278196734759e-07 
 2.238721138568285e+08 -1.934880428630584e-02  1.407988883158015e-03  1.944792901804909e-02  2.524278434566658e-05 -8.035333284471070e-01  1.942019288158675e-03 -5.595725437960087e-10 -1.021377158080301e-06 
 2.290867652767718e+08 -1.934415681265216e-02  1.440450606222153e-03  1.944792906287757e-02  2.583076420020932e-05 -8.035331603281789e-01  1.987253267293812e-03 -5.859439646113278e-10 -1.045168039917262e-06 
 2.344228815319865e+08 -1.933929262120296e-02  1.473644703309600e-03  1.944792910981804e-02  2.643243985598011e-05 -8.035329842944104e-01  2.033540777267947e-03 -6.135581917916097e-10 -1.069513079120564e-06 
 2.398832919019432e+08 -1.933420171946655e-02  1.507586555175377e-03  1.944792915896997e-02  2.704813032853501e-05 -8.035327999735865e-01  2.080906350611073e-03 -6.424737931244420e-10 -1.094425183426259e-06 
 2.454708915684971e+08 -1.932887366507967e-02  1.542291783291529e-03  1.944792921043749e-02  2.767816206421217e-05 -8.035326069760265e-01  2.129375090772111e-03 -6.727520962425596e-10 -1.119917561212552e-06 
 2.511886431509519e+08 -1.932329754659780e-02  1.577776247347302e-03  1.944792926432965e-02  2.832286911321403e-05 -8.035324048937682e-01  2.178972685381424e-03 -7.044573186562514e-10 -1.146003728501397e-06 
 2.570395782768801e+08 -1.931746196356639e-02  1.614056042147168e-03  1.944792932076064e-02  2.898259330672058e-05 -8.035321932997136e-01  2.229725419819807e-03 -7.376567039107012e-10 -1.172697516123097e-06 
 2.630267991895318e+08 -1.931135500585648e-02  1.651147493858058e-03  1.944792937985001e-02  2.965768443812817e-05 -8.035319717467363e-01  2.281660191100947e-03 -7.724206641566197e-10 -1.200013077047687e-06 
 2.691534803926850e+08 -1.930496423224858e-02  1.689067155553976e-03  1.944792944172294e-02  3.034850044850957e-05 -8.035317397667469e-01  2.334804522074473e-03 -8.088229294360821e-10 -1.227964893886986e-06 
 2.754228703338099e+08 -1.929827664824974e-02  1.727831802002966e-03  1.944792950651049e-02  3.105540761639364e-05 -8.035314968697155e-01  2.389186575956907e-03 -8.469407039996827e-10 -1.256567786571289e-06 
 2.818382931264385e+08 -1.929127868312987e-02  1.767458423637929e-03  1.944792957434990e-02  3.177878075196538e-05 -8.035312425426481e-01  2.444835171197932e-03 -8.868548299859853e-10 -1.285836920204748e-06 
 2.884031503126535e+08 -1.928395616616442e-02  1.807964219649208e-03  1.944792964538485e-02  3.251900339578909e-05 -8.035309762485177e-01  2.501779796689616e-03 -9.286499588098124e-10 -1.315787813103608e-06 
 2.951209226666313e+08 -1.927629430207251e-02  1.849366590133107e-03  1.944792971976579e-02  3.327646802216016e-05 -8.035306974251443e-01  2.560050627326358e-03 -9.724147306222083e-10 -1.346436345021536e-06 
 3.019951720401942e+08 -1.926827764564083e-02  1.891683127226556e-03  1.944792979765025e-02  3.405157624719313e-05 -8.035304054840250e-01  2.619678539923502e-03 -1.018241962221965e-09 -1.377798765566411e-06 
 3.090295432513515e+08 -1.925989007552596e-02  1.934931605154077e-03  1.944792987920315e-02  3.484473904175646e-05 -8.035300998091084e-01  2.680695129502719e-03 -1.066228843816462e-09 -1.409891702812993e-06 
 3.162277660168301e+08 -1.925111476723025e-02  1.979129969108919e-03  1.944792996459717e-02  3.565637694936681e-05 -8.035297797555152e-01  2.743132725952501e-03 -1.116477145048273e-09 -1.442732172116059e-06 
 3.235936569296203e+08 -1.924193416524848e-02  2.024296322885832e-03  1.944793005401312e-02  3.648692030915824e-05 -8.035294446481965e-01  2.807024411072167e-03 -1.169093430723544e-09 -1.476337585128638e-06 
 3.311311214825829e+08 -1.923232995438640e-02  2.070448915178354e-03  1.944793014764030e-02  3.733680948404483e-05 -8.035290937805363e-01  2.872404036008113e-03 -1.224189286698674e-09 -1.510725759030116e-06 
 3.388441561391942e+08 -1.922228303025457e-02  2.117606124448752e-03  1.944793024567693e-02  3.820649509419719e-05 -8.035287264128823e-01  2.939306239091092e-03 -1.281881556403230e-09 -1.545914925969097e-06 
 3.467368504525231e+08 -1.921177346894588e-02  2.165786442273928e-03  1.944793034833051e-02  3.909643825595705e-05 -8.035283417710177e-01  3.007766464083583e-03 -1.342292588499548e-09 -1.581923742725988e-06 
 3.548133892335666e+08 -1.920078049590851e-02  2.215008455065514e-03  1.944793045581832e-02  4.000711082631634e-05 -8.035279390445569e-01  3.077820978846493e-03 -1.405550496202931e-09 -1.618771300600433e-06 
 3.630780547700923e+08 -1.918928245403142e-02  2.265290824057346e-03  1.944793056836783e-02  4.093899565309037e-05 -8.035275173852717e-01  3.149506894434577e-03 -1.471789428810977e-09 -1.656477135528799e-06 
 3.715352290971633e+08 -1.917725677096426e-02  2.316652263448191e-03  1.944793068621722e-02  4.189258683091775e-05 -8.035270759053391e-01  3.222862184630254e-03 -1.541149856016365e-09 -1.695061238437064e-06 
 3.801893963205517e+08 -1.916467992570033e-02  2.369111516582379e-03  1.944793080961585e-02  4.286838996322274e-05 -8.035266136755116e-01  3.297925705925632e-03 -1.613778865604371e-09 -1.734544065834572e-06 
 3.890451449942709e+08 -1.915152741445665e-02  2.422687330045554e-03  1.944793093882478e-02  4.386692243027886e-05 -8.035261297232024e-01  3.374737217962800e-03 -1.689830475164633e-09 -1.774946550654241e-06 
 3.981071705534873e+08 -1.913777371589328e-02  2.477398425547404e-03  1.944793107411735e-02  4.488871366351582e-05 -8.035256230304854e-01  3.453337404442657e-03 -1.769465958476238e-09 -1.816290113344948e-06 
 4.073802778041025e+08 -1.912339225572157e-02  2.533263469457852e-03  1.944793121577972e-02  4.593430542621519e-05 -8.035250925320030e-01  3.533767894512762e-03 -1.852854187256161e-09 -1.858596673221935e-06 
 4.168693834703249e+08 -1.910835537075970e-02  2.590301039857825e-03  1.944793136411150e-02  4.700425210074368e-05 -8.035245371127806e-01  3.616071284644940e-03 -1.940171988993494e-09 -1.901888660081230e-06 
 4.265795188015819e+08 -1.909263427250351e-02  2.648529590960485e-03  1.944793151942636e-02  4.809912098247599e-05 -8.035239556059424e-01  3.700291161013574e-03 -2.031604521625756e-09 -1.946189026084208e-06 
 4.365158322401550e+08 -1.907619901029095e-02  2.707967414753744e-03  1.944793168205269e-02  4.921949258056330e-05 -8.035233467903242e-01  3.786472122385786e-03 -2.127345665849168e-09 -1.991521257918536e-06 
 4.466835921509519e+08 -1.905901843414978e-02  2.768632599709919e-03  1.944793185233428e-02  5.036596092570675e-05 -8.035227093879781e-01  3.874659803534933e-03 -2.227598435891852e-09 -2.037909389241946e-06 
 4.570881896148635e+08 -1.904106015743049e-02  2.830542986403854e-03  1.944793203063108e-02  5.153913388509881e-05 -8.035220420615656e-01  3.964900899189107e-03 -2.332575409617885e-09 -2.085378013415350e-06 
 4.677351412871864e+08 -1.902229051933998e-02  2.893716119876530e-03  1.944793221731989e-02  5.273963348469987e-05 -8.035213434116349e-01  4.057243188526577e-03 -2.442499178870826e-09 -2.133952296532044e-06 
 4.786300923226262e+08 -1.900267454750544e-02  2.958169198577369e-03  1.944793241279521e-02  5.396809623902038e-05 -8.035206119737746e-01  4.151735560230380e-03 -2.557602821007982e-09 -2.183657990749823e-06 
 4.897788193684338e+08 -1.898217592071430e-02  3.023919019715180e-03  1.944793261747002e-02  5.522517348858375e-05 -8.035198462156417e-01  4.248428038114533e-03 -2.678130392621333e-09 -2.234521447933058e-06 
 5.011872336272596e+08 -1.896075693199203e-02  3.090981920845062e-03  1.944793283177669e-02  5.651153174524857e-05 -8.035190445338564e-01  4.347371807334638e-03 -2.804337446487700e-09 -2.286569633611881e-06 
 5.128613839913518e+08 -1.893837845219853e-02  3.159373717516720e-03  1.944793305616781e-02  5.782785304557331e-05 -8.035182052507588e-01  4.448619241195898e-03 -2.936491572839729e-09 -2.339830141265856e-06 
 5.248074602497592e+08 -1.891499989434232e-02  3.229109636808709e-03  1.944793329111723e-02  5.917483531241082e-05 -8.035173266110222e-01  4.552223928571917e-03 -3.074872966100392e-09 -2.394331206939605e-06 
 5.370317963702390e+08 -1.889057917883317e-02  3.300204246573231e-03  1.944793353712097e-02  6.055319272492407e-05 -8.035164067781151e-01  4.658240701947899e-03 -3.219775018277377e-09 -2.450101724198111e-06 
 5.495408738576105e+08 -1.886507269991525e-02  3.372671380217422e-03  1.944793379469830e-02  6.196365609721948e-05 -8.035154438306079e-01  4.766725666102247e-03 -3.371504940269790e-09 -2.507171259429524e-06 
 5.623413251903347e+08 -1.883843529354683e-02  3.446524056849839e-03  1.944793406439280e-02  6.340697326579835e-05 -8.035144357583165e-01  4.877736227440817e-03 -3.530384412398387e-09 -2.565570067503528e-06 
 5.754399373371422e+08 -1.881062020701655e-02  3.521774396625069e-03  1.944793434677351e-02  6.488390948603190e-05 -8.035133804582739e-01  4.991331123998488e-03 -3.696750265532017e-09 -2.625329107793477e-06 
 5.888436553555739e+08 -1.878157907061344e-02  3.598433531125621e-03  1.944793464243608e-02  6.639524783786983e-05 -8.035122757305277e-01  5.107570456122995e-03 -3.870955194247356e-09 -2.686480060570708e-06 
 6.025595860743423e+08 -1.875126187169432e-02  3.676511508628316e-03  1.944793495200407e-02  6.794178964099755e-05 -8.035111192737510e-01  5.226515717856424e-03 -4.053368503526433e-09 -2.749055343779641e-06 
 6.165950018614663e+08 -1.871961693152179e-02  3.756017194112807e-03  1.944793527613020e-02  6.952435487966228e-05 -8.035099086806609e-01  5.348229829030026e-03 -4.244376890566944e-09 -2.813088130202446e-06 
 6.309573444801769e+08 -1.868659088527556e-02  3.836958163882829e-03  1.944793561549770e-02  7.114378263739297e-05 -8.035086414332380e-01  5.472777168088524e-03 -4.444385263354332e-09 -2.878612365022269e-06 
 6.456542290346388e+08 -1.865212866567120e-02  3.919340594686498e-03  1.944793597082178e-02  7.280093154184432e-05 -8.035073148977359e-01  5.600223605660409e-03 -4.653817597721855e-09 -2.945662783794241e-06 
 6.606934480075788e+08 -1.861617349065272e-02  4.003169147240793e-03  1.944793634285105e-02  7.449668022000126e-05 -8.035059263194740e-01  5.730636538891183e-03 -4.873117834705910e-09 -3.014274930833633e-06 
 6.760829753919642e+08 -1.857866685565791e-02  4.088446844087550e-03  1.944793673236912e-02  7.623192776398446e-05 -8.035044728174022e-01  5.864084926556960e-03 -5.102750820088642e-09 -3.084485178030825e-06 
 6.918309709189185e+08 -1.853954853098994e-02  4.175174941734318e-03  1.944793714019624e-02  7.800759420770431e-05 -8.035029513784304e-01  6.000639324976223e-03 -5.343203288108607e-09 -3.156330744102877e-06 
 7.079457843841195e+08 -1.849875656486204e-02  4.263352797063262e-03  1.944793756719089e-02  7.982462101461575e-05 -8.035013588515124e-01  6.140371924738207e-03 -5.594984891413303e-09 -3.229849714291798e-06 
 7.244359600749712e+08 -1.845622729271694e-02  4.352977728025633e-03  1.944793801425174e-02  8.168397157683276e-05 -8.034996919414716e-01  6.283356588266589e-03 -5.858629279424565e-09 -3.305081060519784e-06 
 7.413102413008982e+08 -1.841189535345667e-02  4.444044868678434e-03  1.944793848231932e-02  8.358663172586665e-05 -8.034979472025613e-01  6.429668888237999e-03 -6.134695227389845e-09 -3.382064662011929e-06 
 7.585775750291640e+08 -1.836569371325194e-02  4.536547018663708e-03  1.944793897237809e-02  8.553361025525942e-05 -8.034961210317438e-01  6.579386146875188e-03 -6.423767818499031e-09 -3.460841326397190e-06 
 7.762471166286714e+08 -1.831755369763311e-02  4.630474487280471e-03  1.944793948545843e-02  8.752593945538901e-05 -8.034942096616817e-01  6.732587476135384e-03 -6.726459681558244e-09 -3.541452811298566e-06 
 7.943282347242607e+08 -1.826740503259542e-02  4.725814932354098e-03  1.944794002263875e-02  8.956467566072996e-05 -8.034922091534238e-01  6.889353818814945e-03 -7.043412286829052e-09 -3.623941846423766e-06 
 8.128305161640779e+08 -1.821517589548047e-02  4.822553194168998e-03  1.944794058504777e-02  9.165089980985949e-05 -8.034901153887755e-01  7.049767990591993e-03 -7.375297302763996e-09 -3.708352156167823e-06 
 8.317637711026491e+08 -1.816079297642201e-02  4.920671124797490e-03  1.944794117386680e-02  9.378571801850663e-05 -8.034879240623416e-01  7.213914723029432e-03 -7.722818016497810e-09 -3.794728482739432e-06 
 8.511380382023541e+08 -1.810418155116685e-02  5.020147413231203e-03  1.944794179033217e-02  9.597026216594710e-05 -8.034856306732209e-01  7.381880707561417e-03 -8.086710821087939e-09 -3.883116609822996e-06 
 8.709635899560577e+08 -1.804526556610005e-02  5.120957406801405e-03  1.944794243573782e-02  9.820569049505596e-05 -8.034832305163458e-01  7.553754640486994e-03 -8.467746772638775e-09 -3.973563386788670e-06 
 8.912509381337219e+08 -1.798396773631685e-02  5.223072929461271e-03  1.944794311143794e-02  1.004931882263356e-04 -8.034807186734433e-01  7.729627268995464e-03 -8.866733220591459e-09 -4.066116753462946e-06 
 9.120108393558856e+08 -1.792020965759103e-02  5.326462097596341e-03  1.944794381884974e-02  1.028339681862449e-04 -8.034780900036060e-01  7.909591438248677e-03 -9.284515514615388e-09 -4.160825765472602e-06 
 9.332543007969663e+08 -1.785391193308902e-02  5.431089134129295e-03  1.944794455945638e-02  1.052292714501629e-04 -8.034753391334530e-01  8.093742139546377e-03 -9.721978791699379e-09 -4.257740620175128e-06 
 9.549925860214106e+08 -1.778499431567096e-02  5.536914181791279e-03  1.944794533481003e-02  1.076803680003277e-04 -8.034724604468623e-01  8.282176559601383e-03 -1.018004984720966e-08 -4.356912683189012e-06 
 9.772372209557847e+08 -1.771337586660205e-02  5.643893116544224e-03  1.944794614653505e-02  1.101885573991000e-04 -8.034694480742547e-01  8.474994130952396e-03 -1.065969909385934e-08 -4.458394515537591e-06 
 9.999999999999734e+08 -1.763897513146849e-02  5.751977362256285e-03  1.944794699633132e-02  1.127551694779076e-04 -8.034662958814089e-01  8.672296583542917e-03 -1.116194261271969e-08 -4.562239901420435e-06 
 1.023292992280727e+09 -1.756171033405258e-02  5.861113707855185e-03  1.944794788597774e-02  1.153815650422378e-04 -8.034629974577853e-01  8.874187997495791e-03 -1.168784430059822e-08 -4.668503876626572e-06 
 1.047128548050872e+09 -1.748149958886690e-02  5.971244128310825e-03  1.944794881733588e-02  1.180691365930495e-04 -8.034595461043338e-01  9.080774857113706e-03 -1.223851811831246e-08 -4.777242757604157e-06 
 1.071519305237578e+09 -1.739826113297940e-02  6.082305610928262e-03  1.944794979235380e-02  1.208193090649903e-04 -8.034559348207635e-01  9.292166106136836e-03 -1.281513044460138e-08 -4.888514171201477e-06 
 1.096478196143156e+09 -1.731191357767680e-02  6.194229988563548e-03  1.944795081307006e-02  1.236335405818076e-04 -8.034521562922435e-01  9.508473204289866e-03 -1.341890254064045e-08 -5.002377085094560e-06 
 1.122018454301933e+09 -1.722237618041196e-02  6.306943781506611e-03  1.944795188161788e-02  1.265133232293568e-04 -8.034482028755103e-01  9.729810185151434e-03 -1.405111313036024e-08 -5.118891838916938e-06 
 1.148153621496852e+09 -1.712956913736141e-02  6.420368049905542e-03  1.944795300022956e-02  1.294601838466153e-04 -8.034440665843483e-01  9.956293715379934e-03 -1.471310110201348e-08 -5.238120176107451e-06 
 1.174897554939498e+09 -1.703341389677928e-02  6.534418258733323e-03  1.944795417124102e-02  1.324756848351219e-04 -8.034397390744143e-01  1.018804315533059e-02 -1.540626833669266e-08 -5.360125276492343e-06 
 1.202264434617381e+09 -1.693383349317493e-02  6.649004157418881e-03  1.944795539709662e-02  1.355614249872726e-04 -8.034352116273701e-01  1.042518062109951e-02 -1.613208266976872e-08 -5.484971789618206e-06 
 1.230268770812348e+09 -1.683075290216052e-02  6.764029676376841e-03  1.944795668035417e-02  1.387190403339105e-04 -8.034304751342860e-01  1.066783104803120e-02 -1.689208099150316e-08 -5.612725868852709e-06 
 1.258925411794133e+09 -1.672409941561293e-02  6.879392842771742e-03  1.944795802369025e-02  1.419502050116601e-04 -8.034255200782779e-01  1.091612225572696e-02 -1.768787249338046e-08 -5.743455206270376e-06 
 1.288249551693099e+09 -1.661380303657085e-02  6.994985717939477e-03  1.944795942990558e-02  1.452566321504666e-04 -8.034203365163365e-01  1.117018501459214e-02 -1.852114206701617e-08 -5.877229068341045e-06 
 1.318256738556371e+09 -1.649979689304282e-02  7.110694358958302e-03  1.944796090193093e-02  1.486400747818108e-04 -8.034149140603012e-01  1.143015311396098e-02 -1.939365386281935e-08 -6.014118332439007e-06 
 1.348962882591617e+09 -1.638201766963653e-02  7.226398806910322e-03  1.944796244283307e-02  1.521023267680810e-04 -8.034092418569379e-01  1.169616343183822e-02 -2.030725501592518e-08 -6.154195524191182e-06 
 1.380384264602847e+09 -1.626040605563444e-02  7.341973104398069e-03  1.944796405582110e-02  1.556452237535954e-04 -8.034033085670625e-01  1.196835600629727e-02 -2.126387954726822e-08 -6.297534855683054e-06 
 1.412537544622716e+09 -1.613490720783812e-02  7.457285344876404e-03  1.944796574425311e-02  1.592706441377787e-04 -8.033971023436651e-01  1.224687410857492e-02 -2.226555244803588e-08 -6.444212264541502e-06 
 1.445439770745888e+09 -1.600547122618483e-02  7.572197756323097e-03  1.944796751164305e-02  1.629805100710105e-04 -8.033906108089712e-01  1.253186431790287e-02 -2.331439395612915e-08 -6.594305453913963e-06 
 1.479108388168167e+09 -1.587205363980906e-02  7.686566821698965e-03  1.944796936166807e-02  1.667767884736712e-04 -8.033838210303847e-01  1.282347659811641e-02 -2.441262403366236e-08 -6.747893933363856e-06 
 1.513561248436167e+09 -1.573461590088151e-02  7.800243438536450e-03  1.944797129817608e-02  1.706614920789279e-04 -8.033767194952460e-01  1.312186437608043e-02 -2.556256705495686e-08 -6.905059060702468e-06 
 1.548816618912439e+09 -1.559312588321270e-02  7.913073119840816e-03  1.944797332519372e-02  1.746366804998117e-04 -8.033692920843386e-01  1.342718462197264e-02 -2.676665671492579e-08 -7.065884084777995e-06 
 1.584893192461070e+09 -1.544755838226400e-02  8.024896238287924e-03  1.944797544693478e-02  1.787044613211522e-04 -8.033615240440738e-01  1.373959793146361e-02 -2.802744116821046e-08 -7.230454189242738e-06 
 1.621810097358885e+09 -1.529789561286954e-02  8.135548315454193e-03  1.944797766780889e-02  1.828669912169476e-04 -8.033533999572767e-01  1.405926860983223e-02 -2.934758840991048e-08 -7.398856537319905e-06 
 1.659586907437515e+09 -1.514412770064574e-02  8.244860357516495e-03  1.944797999243073e-02  1.871264770937625e-04 -8.033449037124937e-01  1.438636475805464e-02 -3.072989190925709e-08 -7.571180317591880e-06 
 1.698243652461697e+09 -1.498625316275736e-02  8.352659238510732e-03  1.944798242562966e-02  1.914851772607591e-04 -8.033360184717401e-01  1.472105836090330e-02 -3.217727650810382e-08 -7.747516790832115e-06 
 1.737800828749327e+09 -1.482427937342732e-02  8.458768131838469e-03  1.944798497245980e-02  1.959454026269796e-04 -8.033267266365978e-01  1.506352537709171e-02 -3.369280459666212e-08 -7.927959337903363e-06 
 1.778279410038874e+09 -1.465822300933094e-02  8.563006990261456e-03  1.944798763821061e-02  2.005095179265156e-04 -8.033170098125733e-01  1.541394583149878e-02 -3.527968257948268e-08 -8.112603508745221e-06 
 1.819700858609933e+09 -1.448811046980964e-02  8.665193074126883e-03  1.944799042841796e-02  2.051799429722110e-04 -8.033068487716166e-01  1.577250390950476e-02 -3.694126764528482e-08 -8.301547072474455e-06 
 1.862087136662816e+09 -1.431397826668569e-02  8.765141527024846e-03  1.944799334887579e-02  2.099591539385614e-04 -8.032962234127068e-01  1.613938805346920e-02 -3.868107485486255e-08 -8.494890068621907e-06 
 1.905460717963194e+09 -1.413587337836282e-02  8.862665997498596e-03  1.944799640564826e-02  2.148496846744899e-04 -8.032851127203918e-01  1.651479106137864e-02 -4.050278456195018e-08 -8.692734859530273e-06 
 1.949844599757991e+09 -1.395385356286875e-02  8.957579304814249e-03  1.944799960508255e-02  2.198541280466898e-04 -8.032734947211823e-01  1.689891018768975e-02 -4.241025018261234e-08 -8.895186183937332e-06 
 1.995262314968824e+09 -1.376798762453897e-02  9.049694146156514e-03  1.944800295382227e-02  2.249751373142475e-04 -8.032613464376812e-01  1.729194724639105e-02 -4.440750632943607e-08 -9.102351211769687e-06 
 2.041737944669473e+09 -1.357835562916467e-02  9.138823841960559e-03  1.944800645882148e-02  2.302154275352680e-04 -8.032486438403361e-01  1.769410871630354e-02 -4.649877732754496e-08 -9.314339600172462e-06 
 2.089296130853981e+09 -1.338504906263611e-02  9.224783115427132e-03  1.944801012735944e-02  2.355777770062483e-04 -8.032353617966936e-01  1.810560584863791e-02 -4.868848613023009e-08 -9.531263550800738e-06 
 2.137962089502173e+09 -1.318817092840992e-02  9.307388901609762e-03  1.944801396705607e-02  2.410650287349555e-04 -8.032214740180326e-01  1.852665477682313e-02 -5.098126365280112e-08 -9.753237868398955e-06 
 2.187761623949492e+09 -1.298783577951652e-02  9.386461180822630e-03  1.944801798588809e-02  2.466800919475895e-04 -8.032069530032485e-01  1.895747662861845e-02 -5.338195854410396e-08 -9.980380020694892e-06 
 2.238721138568277e+09 -1.278416968130373e-02  9.461823830507513e-03  1.944802219220606e-02  2.524259436310207e-04 -8.031917699798605e-01  1.939829764051767e-02 -5.589564741603017e-08 -1.021281019963514e-05 
 2.290867652767709e+09 -1.257731010168153e-02  9.533305489133071e-03  1.944802659475214e-02  2.583056301109217e-04 -8.031758948420048e-01  1.984934927445213e-02 -5.852764555226124e-08 -1.045065138398942e-05 
 2.344228815319856e+09 -1.236740572628824e-02  9.600740425192579e-03  1.944803120267875e-02  2.643222686666176e-04 -8.031592960852807e-01  2.031086833679580e-02 -6.128351811844715e-08 -1.069402940335151e-05 
 2.398832919019423e+09 -1.215461619673341e-02  9.663969403931327e-03  1.944803602556811e-02  2.704790491835113e-04 -8.031419407383074e-01  2.078309709967340e-02 -6.416909189701653e-08 -1.094307300356468e-05 
 2.454708915684961e+09 -1.193911177087888e-02  9.722840544084963e-03  1.944804107345275e-02  2.767792358439511e-04 -8.031237942908489e-01  2.126628342457003e-02 -6.719046757085675e-08 -1.119791391360017e-05 
 2.511886431509510e+09 -1.172107290498722e-02  9.777210156657654e-03  1.944804635683698e-02  2.832261688574328e-04 -8.031048206183611e-01  2.176068088823838e-02 -7.035403258118806e-08 -1.145868691391737e-05 
 2.570395782768792e+09 -1.150068975848146e-02  9.826943557624044e-03  1.944805188671939e-02  2.898232662310444e-04 -8.030849819028123e-01  2.226654891089792e-02 -7.366647458608942e-08 -1.172552990633467e-05 
 2.630267991895308e+09 -1.127816162300885e-02  9.871915846411099e-03  1.944805767461639e-02  2.965740255810896e-04 -8.030642385496219e-01  2.278415288671806e-02 -7.713479554731397e-08 -1.199858398544039e-05 
 2.691534803926840e+09 -1.105369627846655e-02  9.912012642111220e-03  1.944806373258695e-02  3.034820259868398e-04 -8.030425491005632e-01  2.331376431657643e-02 -8.076632647426696e-08 -1.227799351157341e-05 
 2.754228703338089e+09 -1.082750927961160e-02  9.947130769600755e-03  1.944807007325845e-02  3.105509298873936e-04 -8.030198701424676e-01  2.385566094308163e-02 -8.456874285530345e-08 -1.256390618540323e-05 
 2.818382931264374e+09 -1.059982317782268e-02  9.977178888089544e-03  1.944807670985374e-02  3.177844850226380e-04 -8.029961562115681e-01  2.441012688784873e-02 -8.855008080784626e-08 -1.285647312413972e-05 
 2.884031503126524e+09 -1.037086668348746e-02  1.000207805510569e-02  1.944808365621957e-02  3.251865264193388e-04 -8.029713596933067e-01  2.497745279101543e-02 -9.271875398022341e-08 -1.315584893940281e-05 
 2.951209226666302e+09 -1.014087377533901e-02  1.002176221952065e-02  1.944809092685622e-02  3.327609784233992e-04 -8.029454307174385e-01  2.555793595298532e-02 -9.708357123958491e-08 -1.346219181678255e-05 
 3.019951720401930e+09 -9.910082763838488e-03  1.003617863793527e-02  1.944809853694866e-02  3.405118567793608e-04 -8.029183170482423e-01  2.615188047838498e-02 -1.016537551817810e-07 -1.377566359712028e-05 
 3.090295432513503e+09 -9.678735316382530e-03  1.004528820956666e-02  1.944810650239907e-02  3.484432707582392e-04 -8.028899639696588e-01  2.675959742222030e-02 -1.064389615006712e-07 -1.409642985954166e-05 
 3.162277660168289e+09 -9.447075452687735e-03  1.004906572568539e-02  1.944811483986093e-02  3.565594253348149e-04 -8.028603141651505e-01  2.738140493821768e-02 -1.114492992559895e-07 -1.442466000627235e-05 
 3.235936569296190e+09 -9.215348519157365e-03  1.004750003063670e-02  1.944812356677469e-02  3.648646234155259e-04 -8.028293075920911e-01  2.801762842933457e-02 -1.166953520806151e-07 -1.476052734926719e-05 
 3.311311214825816e+09 -8.983800151356969e-03  1.004059409251962e-02  1.944813270140510e-02  3.733632681181333e-04 -8.027968813504625e-01  2.866860070042352e-02 -1.221882003698941e-07 -1.510420919868389e-05 
 3.388441561391928e+09 -8.752675233908559e-03  1.002836498267552e-02  1.944814226288028e-02  3.820598651043614e-04 -8.027629695456395e-01  2.933466211303219e-02 -1.279394444975312e-07 -1.545588695323180e-05 
 3.467368504525217e+09 -8.522216867152753e-03  1.001084376423100e-02  1.944815227123255e-02  3.909590249667384e-04 -8.027275031450293e-01  3.001616074232123e-02 -1.339612291045173e-07 -1.581574619242657e-05 
 3.548133892335652e+09 -8.292665349824188e-03  9.988075291029271e-03  1.944816274744130e-02  4.000654656708960e-04 -8.026904098283186e-01  3.071345253607930e-02 -1.402662685095862e-07 -1.618397677078117e-05 
 3.630780547700909e+09 -8.064257186739846e-03  9.960117919347304e-03  1.944817371347765e-02  4.093840150546106e-04 -8.026516138310678e-01  3.142690147581202e-02 -1.468678732918024e-07 -1.656077291396343e-05 
 3.715352290971618e+09 -7.837224130118461e-03  9.927043135813603e-03  1.944818519235133e-02  4.189196133849029e-04 -8.026110357813824e-01  3.215687973987889e-02 -1.537799780980748e-07 -1.694633331695005e-05 
 3.801893963205502e+09 -7.611792262640798e-03  9.888935105894418e-03  1.944819720815964e-02  4.286773159745398e-04 -8.025685925293726e-01  3.290376786864747e-02 -1.610171707306666e-07 -1.734086124420648e-05 
 3.890451449942693e+09 -7.388181129737076e-03  9.845890148187195e-03  1.944820978613873e-02  4.386622958593166e-04 -8.025241969690958e-01  3.366795493162977e-02 -1.685947225721391e-07 -1.774456463192176e-05 
 3.981071705534857e+09 -7.166602927862854e-03  9.798016140534346e-03  1.944822295271720e-02  4.488798465375245e-04 -8.024777578526650e-01  3.444983869655914e-02 -1.765286204076170e-07 -1.815765619232661e-05 
 4.073802778041009e+09 -6.947261754715036e-03  9.745431864635926e-03  1.944823673557220e-02  4.593353847730460e-04 -8.024291795961829e-01  3.524982580035933e-02 -1.848355997068116e-07 -1.858035352012248e-05 
 4.168693834703233e+09 -6.730352926462400e-03  9.688266296386727e-03  1.944825116368813e-02  4.700344534635478e-04 -8.023783620771494e-01  3.606833192194875e-02 -1.935331794308714e-07 -1.901287920104840e-05 
 4.265795188015802e+09 -6.516062366138795e-03  9.626657849585264e-03  1.944826626741803e-02  4.809827245752828e-04 -8.023252004229628e-01  3.690578195681343e-02 -2.026396984318639e-07 -1.945546092261166e-05 
 4.365158322401532e+09 -6.304566066391327e-03  9.560753580956316e-03  1.944828207854783e-02  4.921860021460359e-04 -8.022695847901263e-01  3.776261019327129e-02 -2.121743535155141e-07 -1.990833158700701e-05 
 4.466835921509501e+09 -6.096029628808576e-03  9.490708364593755e-03  1.944829863036351e-02  5.036502253577917e-04 -8.022114001337423e-01  3.863926049033765e-02 -2.221572392407510e-07 -2.037172942624823e-05 
 4.570881896148617e+09 -5.890607881094164e-03  9.416684043970180e-03  1.944831595772147e-02  5.153814716807382e-04 -8.021505259668587e-01  3.953618645708844e-02 -2.326093895326273e-07 -2.084589811953421e-05 
 4.677351412871845e+09 -5.688444572415369e-03  9.338848569578484e-03  1.944833409712201e-02  5.273859600902465e-04 -8.020868361092165e-01  4.045385163340187e-02 -2.435528211882980e-07 -2.133108691287043e-05 
 4.786300923226243e+09 -5.489672146361057e-03  9.257375130076384e-03  1.944835308678635e-02  5.396700543585208e-04 -8.020201984249153e-01  4.139272967194255e-02 -2.550105793589537e-07 -2.182755074096494e-05 
 4.897788193684319e+09 -5.294411590101791e-03  9.172441284507463e-03  1.944837296673715e-02  5.522402664226328e-04 -8.019504745485008e-01  4.235330452123336e-02 -2.670067850939170e-07 -2.233555035141589e-05 
 5.011872336272576e+09 -5.102772357569161e-03  9.084228102782714e-03  1.944839377888267e-02  5.651032598307052e-04 -8.018775195989515e-01  4.333607060964021e-02 -2.795666850365165e-07 -2.285535243120589e-05 
 5.128613839913499e+09 -4.914852363771492e-03  8.992919321137834e-03  1.944841556710500e-02  5.782658532680468e-04 -8.018011818810250e-01  4.434153303007293e-02 -2.927167033648614e-07 -2.338722973551595e-05 
 5.248074602497573e+09 -4.730738046745424e-03  8.898700518746468e-03  1.944843837735222e-02  5.917350241650749e-04 -8.017213025733888e-01  4.537020772518156e-02 -3.064844960742329e-07 -2.393146121886932e-05 
 5.370317963702371e+09 -4.550504493113939e-03  8.801758321082903e-03  1.944846225773493e-02  6.055179123889123e-04 -8.016377154029543e-01  4.642262167280232e-02 -3.208990077015067e-07 -2.448833216861261e-05 
 5.495408738576085e+09 -4.374215622782399e-03  8.702279635002174e-03  1.944848725862715e-02  6.196218240205779e-04 -8.015502463048009e-01  4.749931307137979e-02 -3.359905305957987e-07 -2.505813434073891e-05 
 5.623413251903326e+09 -4.201924427957230e-03  8.600450919855750e-03  1.944851343277200e-02  6.340542352197397e-04 -8.014587130670473e-01  4.860083152506257e-02 -3.517907668433971e-07 -2.564116609805367e-05 
 5.754399373371401e+09 -4.033673261414811e-03  8.496457498299080e-03  1.944854083539214e-02  6.488227961790420e-04 -8.013629249600205e-01  4.972773822813852e-02 -3.683328929589975e-07 -2.623773255068123e-05 
 5.888436553555717e+09 -3.869494168778398e-03  8.390482909785960e-03  1.944856952430546e-02  6.639353351700559e-04 -8.012626823490342e-01  5.088060614844257e-02 -3.856516274592857e-07 -2.684814569890518e-05 
 6.025595860743402e+09 -3.709409259473764e-03  8.282708309094139e-03  1.944859956004606e-02  6.793998626829596e-04 -8.011577762900721e-01  5.206002020933380e-02 -4.037833014390157e-07 -2.747272457833213e-05 
 6.165950018614641e+09 -3.553431111024271e-03  8.173311911597547e-03  1.944863100599075e-02  6.952245756620896e-04 -8.010479881076478e-01  5.326657746980159e-02 -4.227659322738973e-07 -2.811179540736317e-05 
 6.309573444801747e+09 -3.401563201406078e-03  8.062468486400156e-03  1.944866392849152e-02  7.114178618395603e-04 -8.009330889540843e-01  5.450088730221962e-02 -4.426393005788303e-07 -2.876569173695266e-05 
 6.456542290346366e+09 -3.253800364307485e-03  7.950348897883049e-03  1.944869839701410e-02  7.279883041691918e-04 -8.008128393494446e-01  5.576357156722433e-02 -4.634450305542890e-07 -2.943475460262838e-05 
 6.606934480075767e+09 -3.110129262313978e-03  7.837119695693810e-03  1.944873448428283e-02  7.449446853630362e-04 -8.006869887013010e-01  5.705526478514846e-02 -4.852266738579669e-07 -3.011933267874104e-05 
 6.760829753919620e+09 -2.970528873265760e-03  7.722942752731779e-03  1.944877226643231e-02  7.622959925328458e-04 -8.005552748035292e-01  5.837661430339230e-02 -5.080297971431117e-07 -3.081978243490491e-05 
 6.918309709189162e+09 -2.834970985297696e-03  7.607974950254997e-03  1.944881182316603e-02  7.800514219388779e-04 -8.004174233132763e-01  5.972828045906421e-02 -5.319020734093174e-07 -3.153646829458425e-05 
 7.079457843841171e+09 -2.703420696365995e-03  7.492367908858147e-03  1.944885323792225e-02  7.982203838484711e-04 -8.002731472052310e-01  6.111093673616664e-02 -5.568933773158508e-07 -3.226976279577290e-05 
 7.244359600749688e+09 -2.575836914383142e-03  7.376267763744592e-03  1.944889659804757e-02  8.168125075069049e-04 -8.001221462023045e-01  6.252526991654667e-02 -5.830558846118810e-07 -3.302004675370627e-05 
 7.413102413008958e+09 -2.452172854415701e-03  7.259814982440182e-03  1.944894199497842e-02  8.358376462230829e-04 -7.999641061818054e-01  6.397198022376840e-02 -6.104441758422173e-07 -3.378770942553642e-05 
 7.585775750291615e+09 -2.332376529742106e-03  7.143144222870022e-03  1.944898952443098e-02  8.553058825726559e-04 -7.997986985561737e-01  6.545178145899895e-02 -6.391153444913067e-07 -3.457314867689154e-05 
 7.762471166286690e+09 -2.216391233912944e-03  7.026384229539759e-03  1.944903928659968e-02  8.752275337212402e-04 -7.996255796273116e-01  6.696540112793005e-02 -6.691291097322944e-07 -3.537677115023127e-05 
 7.943282347242582e+09 -2.104156011299853e-03  6.909657765428021e-03  1.944909138636487e-02  8.956131568704601e-04 -7.994443899135349e-01  6.851358055768446e-02 -7.005479339518564e-07 -3.619899243489859e-05 
 8.128305161640754e+09 -1.995606113955679e-03  6.793081577102580e-03  1.944914593350998e-02  9.164735548295923e-04 -7.992547534481483e-01  7.009707500257667e-02 -7.334371452252393e-07 -3.704023723875757e-05 
 8.317637711026465e+09 -1.890673442934448e-03  6.676766390516869e-03  1.944920304294860e-02  9.378197817156464e-04 -7.990562770486256e-01  7.171665373751526e-02 -7.678650649194671e-07 -3.790093956129403e-05 
 8.511380382023514e+09 -1.789286972531627e-03  6.560816934921679e-03  1.944926283496187e-02  9.596631487847878e-04 -7.988485495553663e-01  7.337310013774496e-02 -8.039031406059146e-07 -3.878154286804300e-05 
 8.709635899560549e+09 -1.691373156200263e-03  6.445331992335482e-03  1.944932543544669e-02  9.820152303980638e-04 -7.986311410389823e-01  7.506721174353335e-02 -8.416260844664108e-07 -3.968250026619298e-05 
 8.912509381337191e+09 -1.596856313175213e-03  6.330404470052275e-03  1.944939097617525e-02  1.004887870124452e-03 -7.984036019750518e-01  7.679980030830719e-02 -8.811120173795991e-07 -4.060427468120203e-05 
 9.120108393558826e+09 -1.505658995094121e-03  6.216121493724238e-03  1.944945959506629e-02  1.028293186984329e-03 -7.981654623852816e-01  7.857169182863813e-02 -9.224426188764558e-07 -4.154733903424474e-05 
 9.332543007969633e+09 -1.417702332139236e-03  6.102564518634377e-03  1.944953143646862e-02  1.052243581836503e-03 -7.979162309439921e-01  8.038372655436472e-02 -9.657032831555081e-07 -4.251217642029228e-05 
 9.549925860214075e+09 -1.332906358438105e-03  5.989809456868274e-03  1.944960665145750e-02  1.076751743912037e-03 -7.976553940488573e-01  8.223675897702128e-02 -1.010983281349427e-06 -4.349928028660940e-05 
 9.772372209557816e+09 -1.251190316653640e-03  5.877926818200776e-03  1.944968539814435e-02  1.101830657498151e-03 -7.973824148548135e-01  8.413165779461541e-02 -1.058375930235082e-06 -4.450915461143371e-05 
 9.999999999999702e+09 -1.172472941865111e-03  5.766981862630177e-03  1.944976784200040e-02  1.127493608775553e-03 -7.970967322700706e-01  8.606930585066690e-02 -1.107978767578891e-06 -4.554231408258117e-05 
 1.023292992280724e+10 -1.096672724992102e-03  5.657034762616246e-03  1.944985415619484e-02  1.153754192812625e-03 -7.967977599131594e-01  8.805060004527726e-02 -1.159893734308175e-06 -4.659928427570135e-05 
 1.047128548050868e+10 -1.023708156143885e-03  5.548140773207031e-03  1.944994452194817e-02  1.180626320719977e-03 -7.964848850299677e-01  9.007645121585356e-02 -1.214227363697153e-06 -4.768060183188189e-05 
 1.071519305237574e+10 -9.534979483882784e-04  5.440350408370622e-03  1.945003912890123e-02  1.208124226968908e-03 -7.961574673697428e-01  9.214778398495191e-02 -1.271090977753117e-06 -4.878681463427835e-05 
 1.096478196143152e+10 -8.859612425277006e-04  5.333709621979810e-03  1.945013817550083e-02  1.236262476877446e-03 -7.958148380190576e-01  9.426553657254225e-02 -1.330600890984005e-06 -4.991848198341945e-05 
 1.122018454301930e+10 -8.210177935472547e-04  5.228259992028574e-03  1.945024186940234e-02  1.265055974267667e-03 -7.954562981927848e-01  9.643066056982282e-02 -1.392878621722967e-06 -5.107617477081088e-05 
 1.148153621496848e+10 -7.585881394614528e-04  5.124038906787911e-03  1.945035042789020e-02  1.294519969298090e-03 -7.950811179811638e-01  9.864412067152940e-02 -1.458051111178434e-06 -5.226047565043244e-05 
 1.174897554939494e+10 -6.985937533338530e-04  5.021079751733499e-03  1.945046407831702e-02  1.324670066475017e-03 -7.946885350520971e-01  1.009068943634937e-01 -1.526250950369404e-06 -5.347197920769295e-05 
 1.202264434617377e+10 -6.409571792789520e-04  4.919412096198440e-03  1.945058305856199e-02  1.355522232846780e-03 -7.942777533078896e-01  1.032199715620035e-01 -1.597616615095135e-06 -5.471129212537649e-05 
 1.230268770812345e+10 -5.856021532791868e-04  4.819061878819602e-03  1.945070761750938e-02  1.387092806384894e-03 -7.938479414957076e-01  1.055843542013072e-01 -1.672292709075823e-06 -5.597903334607948e-05 
 1.258925411794130e+10 -5.324537096633898e-04  4.720051590955929e-03  1.945083801554804e-02  1.419398504556262e-03 -7.933982317711402e-01  1.080010557653855e-01 -1.750430215386064e-06 -5.727583423060483e-05 
 1.288249551693095e+10 -4.814382740974440e-04  4.622400457360373e-03  1.945097452509264e-02  1.452456433090594e-03 -7.929277182143414e-01  1.104711007598823e-01 -1.832186756285582e-06 -5.860233871174156e-05 
 1.318256738556368e+10 -4.324837439345828e-04  4.526124613484340e-03  1.945111743112751e-02  1.486284094947344e-03 -7.924354552983589e-01  1.129955241198483e-01 -1.917726861531845e-06 -5.995920344282214e-05 
 1.348962882591613e+10 -3.855195567627179e-04  4.431237278883826e-03  1.945126703177410e-02  1.520899399486501e-03 -7.919204563093944e-01  1.155753705487009e-01 -2.007222245236191e-06 -6.134709794040903e-05 
 1.380384264602843e+10 -3.404767479703962e-04  4.337748926280388e-03  1.945142363888280e-02  1.556320671847708e-03 -7.913816917188933e-01  1.182116937835469e-01 -2.100852091299016e-06 -6.276670472042224e-05 
 1.412537544622712e+10 -2.972879981324313e-04  4.245667445907167e-03  1.945158757865024e-02  1.592566662542233e-03 -7.908180875075529e-01  1.209055557817455e-01 -2.198803347429880e-06 -6.421871942697637e-05 
 1.445439770745884e+10 -2.558876709917751e-04  4.154998304841062e-03  1.945175919226291e-02  1.629656557262429e-03 -7.902285234415304e-01  1.236580258233123e-01 -2.301271027724837e-06 -6.570385095315262e-05 
 1.479108388168163e+10 -2.162118427865093e-04  4.065744701086553e-03  1.945193883656816e-02  1.667609986913409e-03 -7.896118313013660e-01  1.264701795234838e-01 -2.408458523735632e-06 -6.722282155288594e-05 
 1.513561248436163e+10 -1.781983236407352e-04  3.977907712235060e-03  1.945212688477365e-02  1.706447037871743e-03 -7.889667930643864e-01  1.293430977494653e-01 -2.520577923923039e-06 -6.877636694310074e-05 
 1.548816618912435e+10 -1.417866717061484e-04  3.891486438576398e-03  1.945232372717622e-02  1.746188262476103e-03 -7.882921390416466e-01  1.322778654350893e-01 -2.637850341339491e-06 -7.036523639518216e-05 
 1.584893192461066e+10 -1.069182007078022e-04  3.806478140585895e-03  1.945252977192131e-02  1.786854689754868e-03 -7.875865459707737e-01  1.352755702868068e-01 -2.760506249333511e-06 -7.199019281482110e-05 
 1.621810097358881e+10 -7.353598151348443e-05  3.722878370752751e-03  1.945274544579406e-02  1.828467836395794e-03 -7.868486350664357e-01  1.383373013741226e-01 -2.888785825010138e-06 -7.365201280922219e-05 
 1.659586907437510e+10 -4.158483831160481e-05  3.640681099752156e-03  1.945297119504318e-02  1.871049717962990e-03 -7.860769700305382e-01  1.414641475972786e-01 -3.022939300116986e-06 -7.535148674061537e-05 
 1.698243652461693e+10 -1.101133994798166e-05  3.559878836996260e-03  1.945320748623874e-02  1.914622860366500e-03 -7.852700550246875e-01  1.446571960246703e-01 -3.163227318954296e-06 -7.708941876496126e-05 
 1.737800828749323e+10  1.823621306238114e-05  3.480462745627358e-03  1.945345480716518e-02  1.959210311589952e-03 -7.844263326079193e-01  1.479175300921746e-01 -3.309921302828976e-06 -7.886662685469237e-05 
 1.778279410038869e+10  4.620780536616995e-05  3.402422752041034e-03  1.945371366775051e-02  2.004835653681814e-03 -7.835441816432156e-01  1.512462276562568e-01 -3.463303820486444e-06 -8.068394280428343e-05 
 1.819700858609929e+10  7.295172699594849e-05  3.325747650047885e-03  1.945398460103325e-02  2.051523015015916e-03 -7.826219151768904e-01  1.546443588924199e-01 -3.623668963859860e-06 -8.254221221739578e-05 
 1.862087136662811e+10  9.851459657041943e-05  3.250425199799994e-03  1.945426816416807e-02  2.099297082827046e-03 -7.816577782955451e-01  1.581129840302700e-01 -3.791322728373310e-06 -8.444229447429708e-05 
 1.905460717963190e+10  1.229413870845731e-04  3.176442221622940e-03  1.945456493947152e-02  2.148183116027518e-03 -7.806499459659617e-01  1.616531509161885e-01 -3.966583396923217e-06 -8.638506267821198e-05 
 1.949844599757986e+10  1.462754539334374e-04  3.103784684906078e-03  1.945487553550919e-02  2.198206958310763e-03 -7.795965208640342e-01  1.652658923943392e-01 -4.149781926540212e-06 -8.837140357922060e-05 
 1.995262314968819e+10  1.685585648418153e-04  3.032437792213290e-03  1.945520058822554e-02  2.249395051548125e-03 -7.784955311996258e-01  1.689522234964970e-01 -4.341262336601307e-06 -9.040221747428423e-05 
 2.041737944669468e+10  1.898309313997682e-04  2.962386058783765e-03  1.945554076211764e-02  2.301774449485172e-03 -7.773449285450978e-01  1.727131384309715e-01 -4.541382097318955e-06 -9.247841808194594e-05 
 2.089296130853976e+10  2.101312419296867e-04  2.893613387597737e-03  1.945589675145440e-02  2.355372831744006e-03 -7.761425856761740e-01  1.765496073607138e-01 -4.750512517078994e-06 -9.460093239022740e-05 
 2.137962089502167e+10  2.294966954355048e-04  2.826103140185771e-03  1.945626928154232e-02  2.410218518138185e-03 -7.748862944347993e-01  1.804625729605567e-01 -4.969039127032990e-06 -9.677070047622386e-05 
 2.187761623949486e+10  2.479630364080240e-04  2.759838203362367e-03  1.945665911003939e-02  2.466340483307042e-03 -7.735737636247214e-01  1.844529467434387e-01 -5.197362061171798e-06 -9.898867529588744e-05 
 2.238721138568272e+10  2.655645902823928e-04  2.694801052065309e-03  1.945706702831832e-02  2.523768371676363e-03 -7.722026169516533e-01  1.885216051454235e-01 -5.435896429915653e-06 -1.012558224424872e-04 
 2.290867652767703e+10  2.823342993645711e-04  2.630973808481970e-03  1.945749386288061e-02  2.582532512752564e-03 -7.707703910211048e-01  1.926693853593477e-01 -5.685072685051800e-06 -1.035731198722426e-04 
 2.344228815319851e+10  2.983037590631334e-04  2.568338297642203e-03  1.945794047682264e-02  2.642663936757666e-03 -7.692745334082636e-01  1.968970809070259e-01 -5.945336973632811e-06 -1.059415575956487e-04 
 2.398832919019417e+10  3.135032542810611e-04  2.506876099655206e-03  1.945840777135545e-02  2.704194390612643e-03 -7.677124008156792e-01  2.012054369401183e-01 -6.217151478217820e-06 -1.083621373330468e-04 
 2.454708915684955e+10  3.279617958392985e-04  2.446568598764653e-03  1.945889668737935e-02  2.767156354276830e-03 -7.660812573359658e-01  2.055951452600442e-01 -6.500994740594211e-06 -1.108358721330457e-04 
 2.511886431509503e+10  3.417071568198274e-04  2.387397029392602e-03  1.945940820711481e-02  2.831583057451412e-03 -7.643782728382721e-01  2.100668390477027e-01 -6.797361965859574e-06 -1.133637859524702e-04 
 2.570395782768785e+10  3.547659087309264e-04  2.329342519338400e-03  1.945994335579103e-02  2.897508496655152e-03 -7.626005214988789e-01  2.146210872942657e-01 -7.106765303472813e-06 -1.159469131966016e-04 
 2.630267991895301e+10  3.671634574111476e-04  2.272386130293998e-03  1.946050320339371e-02  2.964967452680866e-03 -7.607449804979775e-01  2.192583889249451e-01 -7.429734101599814e-06 -1.185862982185922e-04 
 2.691534803926833e+10  3.789240786014547e-04  2.216508895831859e-03  1.946108886647306e-02  3.033995508441363e-03 -7.588085289064328e-01  2.239791666084254e-01 -7.766815130783992e-06 -1.212829947770722e-04 
 2.754228703338082e+10  3.900709531269210e-04  2.161691857016152e-03  1.946170151001392e-02  3.104629067213896e-03 -7.567879467881693e-01  2.287837602456048e-01 -8.118572772665751e-06 -1.240380654511375e-04 
 2.818382931264367e+10  4.006262016404920e-04  2.107916095782015e-03  1.946234234936896e-02  3.176905371292459e-03 -7.546799145456830e-01  2.336724201324266e-01 -8.485589169159278e-06 -1.268525810121042e-04 
 2.884031503126517e+10  4.106109188915807e-04  2.055162766221660e-03  1.946301265225666e-02  3.250862521057630e-03 -7.524810125381322e-01  2.386452997929237e-01 -8.868464327171534e-06 -1.297276197516501e-04 
 2.951209226666295e+10  4.200452074917480e-04  2.003413123909796e-03  1.946371374082535e-02  3.326539494473992e-03 -7.501877210034009e-01  2.437024484801517e-01 -9.267816173618495e-06 -1.326642667662345e-04 
 3.019951720401923e+10  4.289482111584773e-04  1.952648553394389e-03  1.946444699378486e-02  3.403976167025561e-03 -7.477964203175376e-01  2.488438033444900e-01 -9.684280555160755e-06 -1.356636131979968e-04 
 3.090295432513495e+10  4.373381474260933e-04  1.902850593972225e-03  1.946521384860714e-02  3.483213332100065e-03 -7.453033916269461e-01  2.540691812708383e-01 -1.011851117674667e-05 -1.387267554326928e-04 
 3.162277660168282e+10  4.452323398202754e-04  1.854000963862001e-03  1.946601580379761e-02  3.564292721833335e-03 -7.427048178906922e-01  2.593782703885690e-01 -1.057117947272009e-05 -1.418547942556267e-04 
 3.235936569296183e+10  4.526472494993751e-04  1.806081582880905e-03  1.946685442123849e-02  3.647257028425593e-03 -7.399967853722266e-01  2.647706212607228e-01 -1.104297440392551e-05 -1.450488339669908e-04 
 3.311311214825809e+10  4.595985063719122e-04  1.759074593723693e-03  1.946773132860605e-02  3.732149925941831e-03 -7.371752856216938e-01  2.702456377618758e-01 -1.153460217393035e-05 -1.483099814585313e-04 
 3.388441561391921e+10  4.661009397052100e-04  1.712962381936342e-03  1.946864822186347e-02  3.819016092609136e-03 -7.342362179917783e-01  2.758025676573730e-01 -1.204678585718724e-05 -1.516393452540195e-04 
 3.467368504525209e+10  4.721686082451637e-04  1.667727594669222e-03  1.946960686783102e-02  3.907901233624249e-03 -7.311753927316843e-01  2.814404929002516e-01 -1.258026493168535e-05 -1.550380345166305e-04 
 3.548133892335645e+10  4.778148298716355e-04  1.623353158287684e-03  1.947060910683574e-02  3.998852104485390e-03 -7.279885347053215e-01  2.871583196661481e-01 -1.313579470839435e-05 -1.585071580270130e-04 
 3.630780547700901e+10  4.830522108179141e-04  1.579822294910666e-03  1.947165685544277e-02  4.091916534862896e-03 -7.246712877810368e-01  2.929547681508446e-01 -1.371414564959587e-05 -1.620478231365820e-04 
 3.715352290971610e+10  4.878926744861313e-04  1.537118537940700e-03  1.947275210927060e-02  4.187143453024013e-03 -7.212192199412311e-01  2.988283621598409e-01 -1.431610256803320e-05 -1.656611347013750e-04 
 3.801893963205494e+10  4.923474898934240e-04  1.495225746641352e-03  1.947389694589304e-02  4.284582910827823e-03 -7.176278291608926e-01  3.047774185244575e-01 -1.494246369869907e-05 -1.693481940026916e-04 
 3.890451449942685e+10  4.964272997860217e-04  1.454128119810712e-03  1.947509352783070e-02  4.384286109307097e-03 -7.138925501043968e-01  3.108000363844844e-01 -1.559403963503399e-05 -1.731100976616761e-04 
 3.981071705534849e+10  5.001421484602791e-04  1.413810208592108e-03  1.947634410563539e-02  4.486305424854624e-03 -7.100087616898084e-01  3.168940863832648e-01 -1.627165212133359e-05 -1.769479365560100e-04 
 4.073802778041000e+10  5.035015093309695e-04  1.374256928455723e-03  1.947765102107100e-02  4.590694436032444e-03 -7.059717955693133e-01  3.230571998273570e-01 -1.697613269327423e-05 -1.808627947479510e-04 
 4.168693834703224e+10  5.065143122878793e-04  1.335453570377239e-03  1.947901671039518e-02  4.697507951023227e-03 -7.017769455732282e-01  3.292867578695036e-01 -1.770832115867354e-05 -1.848557484340786e-04 
 4.265795188015794e+10  5.091889708818856e-04  1.297385811232095e-03  1.948044370774638e-02  4.806802035743985e-03 -6.974194781632200e-01  3.355798807805393e-01 -1.846906391091887e-05 -1.889278649282896e-04 
 4.365158322401524e+10  5.115334093812276e-04  1.260039723416382e-03  1.948193464864175e-02  4.918634042643224e-03 -6.928946439378387e-01  3.419334173830517e-01 -1.925921206793423e-05 -1.930802016908119e-04 
 4.466835921509492e+10  5.135550897375701e-04  1.223401783697882e-03  1.948349227359179e-02  5.033062640203569e-03 -6.881976902301405e-01  3.483439347269996e-01 -2.007961943012836e-05 -1.973138054172707e-04 
 4.570881896148608e+10  5.152610384996857e-04  1.187458881293289e-03  1.948511943183879e-02  5.150147843172904e-03 -6.833238748329993e-01  3.548077080950573e-01 -2.093114025148654e-05 -2.016297112031292e-04 
 4.677351412871836e+10  5.166578737101232e-04  1.152198325160305e-03  1.948681908522674e-02  5.269951043548029e-03 -6.782684808825729e-01  3.613207114330929e-01 -2.181462681884805e-05 -2.060289418001387e-04 
 4.786300923226234e+10  5.177518318170406e-04  1.117607850486077e-03  1.948859431221155e-02  5.392535042335839e-03 -6.730268329242455e-01  3.678786083088179e-01 -2.273092683546345e-05 -2.105125069827291e-04 
 4.897788193684309e+10  5.185487946294527e-04  1.083675624346475e-03  1.949044831202151e-02  5.517964082117973e-03 -6.675943141781566e-01  3.744767435091679e-01 -2.368088060616155e-05 -2.150814030435631e-04 
 5.011872336272565e+10  5.190543163394540e-04  1.050390250503952e-03  1.949238440897938e-02  5.646303880445938e-03 -6.619663850130573e-01  3.811101353942555e-01 -2.466531802288550e-05 -2.197366124387197e-04 
 5.128613839913487e+10  5.192736506294901e-04  1.017740773305377e-03  1.949440605699834e-02  5.777621664094512e-03 -6.561386026276933e-01  3.877734691326551e-01 -2.568505535098950e-05 -2.244791036041570e-04 
 5.248074602497561e+10  5.192117778764793e-04  9.857166806352875e-04  1.949651684426638e-02  5.911986204202290e-03 -6.501066419281292e-01  3.944610909491661e-01 -2.674089181852784e-05 -2.293098309661986e-04 
 5.370317963702358e+10  5.188734324575078e-04  9.543079058745728e-04  1.949872049813463e-02  6.049467852328913e-03 -6.438663175774192e-01  4.011670035219071e-01 -2.783360601282105e-05 -2.342297351697663e-04 
 5.495408738576073e+10  5.182631301539535e-04  9.235048288098401e-04  1.950102089022738e-02  6.190138577459427e-03 -6.374136071807431e-01  4.078848626704226e-01 -2.896395209084940e-05 -2.392397435489108e-04 
 5.623413251903313e+10  5.173851956422544e-04  8.932982754346206e-04  1.950342204179322e-02  6.334072003986831e-03 -6.307446755546244e-01  4.146079754802528e-01 -3.013265581249948e-05 -2.443407708648434e-04 
 5.754399373371387e+10  5.162437900501486e-04  8.636795165803953e-04  1.950592812931902e-02  6.481343450704423e-03 -6.238559000131648e-01  4.213293000119078e-01 -3.134041040836590e-05 -2.495337203371042e-04 
 5.888436553555704e+10  5.148429385471501e-04  8.346402653131714e-04  1.950854349043048e-02  6.632029970840058e-03 -6.167438965874160e-01  4.280414467432069e-01 -3.258787229667752e-05 -2.548194849936857e-04 
 6.025595860743387e+10  5.131865579273225e-04  8.061726730301730e-04  1.951127263010548e-02  6.786210393164716e-03 -6.094055470762014e-01  4.347366818932517e-01 -3.387565666695512e-05 -2.601989493658255e-04 
 6.165950018614626e+10  5.112784841311835e-04  7.782693241913029e-04  1.951412022722865e-02  6.943965364207885e-03 -6.018380268080312e-01  4.414069327737040e-01 -3.520433295119371e-05 -2.656729915527500e-04 
 6.309573444801733e+10  5.091224996419139e-04  7.509232296214007e-04  1.951709114151842e-02  7.105377391612230e-03 -5.940388329743799e-01  4.480437953082910e-01 -3.657442020666526e-05 -2.712424856808591e-04 
 6.456542290346350e+10  5.067223606790992e-04  7.241278183221839e-04  1.952019042086021e-02  7.270530888659798e-03 -5.860058133747644e-01  4.546385438544082e-01 -3.798638243782297e-05 -2.769083047806525e-04 
 6.606934480075750e+10  5.040818241011222e-04  6.978769277371350e-04  1.952342330908213e-02  7.439512220001526e-03 -5.777371953940116e-01  4.611821434510824e-01 -3.944062388820818e-05 -2.826713241030841e-04 
 6.760829753919602e+10  5.012046739152802e-04  6.721647924186524e-04  1.952679525421232e-02  7.612409748621083e-03 -5.692316150121352e-01  4.676652646053000e-01 -4.093748433667025e-05 -2.885324248949576e-04 
 6.918309709189143e+10  4.980947472828698e-04  6.469860310545152e-04  1.953031191725978e-02  7.789313884063188e-03 -5.604881456277009e-01  4.740783007136080e-01 -4.247723443554578e-05 -2.944924986504288e-04 
 7.079457843841153e+10  4.947559598951174e-04  6.223356318202316e-04  1.953397918156313e-02  7.970317131955335e-03 -5.515063264568036e-01  4.804113881979115e-01 -4.406007113164815e-05 -3.005524518526401e-04 
 7.244359600749669e+10  4.911923305851682e-04  5.982089360351603e-04  1.953780316275449e-02  8.155514144850344e-03 -5.422861902522477e-01  4.866544294134401e-01 -4.568611321391686e-05 -3.067132112159663e-04 
 7.413102413008937e+10  4.874080050316331e-04  5.746016201133354e-04  1.954179021938829e-02  8.345001774415557e-03 -5.328282900715972e-01  4.927971183629768e-01 -4.735539703430045e-05 -3.129757294353147e-04 
 7.585775750291594e+10  4.834072784007128e-04  5.515096758147845e-04  1.954594696428698e-02  8.538879124992417e-03 -5.231337248089828e-01  4.988289692246878e-01 -4.906787245081299e-05 -3.193409914443900e-04 
 7.762471166286668e+10  4.791946167669216e-04  5.289293888195493e-04  1.955028027665806e-02  8.737247608547985e-03 -5.132041631942841e-01  5.047393476714042e-01 -5.082339904363774e-05 -3.258100211798433e-04 
 7.943282347242560e+10  4.747746771472424e-04  5.068573156646207e-04  1.955479731503906e-02  8.940211001037613e-03 -5.030418659551394e-01  5.105175049272270e-01 -5.262174265657027e-05 -3.323838888428134e-04 
 8.128305161640732e+10  4.701523259803809e-04  4.852902591032940e-04  1.955950553112829e-02  9.147875500195267e-03 -4.926497058325160e-01  5.161526144731139e-01 -5.446257231691688e-05 -3.390637186435684e-04 
 8.317637711026443e+10  4.653326558819452e-04  4.642252419669037e-04  1.956441268456164e-02  9.360349784765146e-03 -4.820311851398510e-01  5.216338112770600e-01 -5.634545758712052e-05 -3.458506970088547e-04 
 8.511380382023491e+10  4.603210005080865e-04  4.436594796301623e-04  1.956952685869601e-02  9.577745075185539e-03 -4.711904505593642e-01  5.269502333870799e-01 -5.826986640080662e-05 -3.527460812252244e-04 
 8.709635899560526e+10  4.551229473645865e-04  4.235903512031370e-04  1.957485647746133e-02  9.800175195732617e-03 -4.601323048774552e-01  5.320910656869280e-01 -6.023516343456287e-05 -3.597512084851274e-04 
 8.912509381337167e+10  4.497443484057675e-04  4.040153695948811e-04  1.958041032334372e-02  1.002775663812892e-02 -4.488622153743960e-01  5.370455855760230e-01 -6.224060906454548e-05 -3.668675052960408e-04 
 9.120108393558803e+10  4.441913282780079e-04  3.849321506154647e-04  1.958619755656205e-02  1.026060862661836e-02 -4.373863186020111e-01  5.418032102970167e-01 -6.428535895390269e-05 -3.740964972064625e-04 
 9.332543007969609e+10  4.384702900761834e-04  3.663383813042396e-04  1.959222773550033e-02  1.049885318450656e-02 -4.257114213068210e-01  5.463535455976184e-01 -6.636846431300811e-05 -3.814398187963634e-04 
 9.549925860214050e+10  4.325879184979705e-04  3.482317876921242e-04  1.959851083845753e-02  1.074261520216254e-02 -4.138449972852051e-01  5.506864353784305e-01 -6.848887286960121e-05 -3.888992238737823e-04 
 9.772372209557790e+10  4.265511803005976e-04  3.306101022240511e-04  1.960505728677557e-02  1.099202250647538e-02 -4.017951799913715e-01  5.547920119464537e-01 -7.064543058016125e-05 -3.964765958138170e-04 
 9.999999999999675e+10  4.203673219871835e-04  3.134710310840414e-04  1.961187796940483e-02  1.124720593175709e-02 -3.895707507580997e-01  5.586607464654246e-01 -7.283688410723963e-05 -4.041739579714378e-04 
 1.023292992280721e+11  4.140438646749689e-04  2.968122216791207e-04  1.961898426896481e-02  1.150829939208117e-02 -3.771811225338970e-01  5.622834991699912e-01 -7.506188408010363e-05 -4.119934840954599e-04 
 1.047128548050865e+11  4.075885961253166e-04  2.806312305491209e-04  1.962638808935608e-02  1.177543995504468e-02 -3.646363190879254e-01  5.656515688917106e-01 -7.731898914799732e-05 -4.199375086677954e-04 
 1.071519305237572e+11  4.010095599448640e-04  2.649254919768491e-04  1.963410188497718e-02  1.204876791694091e-02 -3.519469496851236e-01  5.687567414316208e-01 -7.960667082670707e-05 -4.280085370898680e-04 
 1.096478196143149e+11  3.943150419982593e-04  2.496922875768252e-04  1.964213869159816e-02  1.232842687932900e-02 -3.391241792875976e-01  5.715913363072993e-01 -8.192331913006444e-05 -4.362092556369227e-04 
 1.122018454301927e+11  3.875135541049741e-04  2.349287171405404e-04  1.965051215894043e-02  1.261456382698728e-02 -3.261796943937458e-01  5.741482514023638e-01 -8.426724896867529e-05 -4.445425411009793e-04 
 1.148153621496845e+11  3.806138151251699e-04  2.206316710116883e-04  1.965923658500990e-02  1.290732920723736e-02 -3.131256646826758e-01  5.764210050536347e-01 -8.663670728869784e-05 -4.530114700444170e-04 
 1.174897554939491e+11  3.736247295719381e-04  2.067978042560376e-04  1.966832695222912e-02  1.320687701062787e-02 -2.999747006872965e-01  5.784037751258828e-01 -8.902988091407957e-05 -4.616193275886843e-04 
 1.202264434617374e+11  3.665553639187579e-04  1.934235128774637e-04  1.967779896541179e-02  1.351336485296800e-02 -2.867398077738864e-01  5.800914346462420e-01 -9.144490504648771e-05 -4.703696156663890e-04 
 1.230268770812341e+11  3.594149208010934e-04  1.805049123142398e-04  1.968766909162185e-02  1.382695405870421e-02 -2.734343367578702e-01  5.814795835998628e-01 -9.387987236841949e-05 -4.792660606700396e-04 
 1.258925411794126e+11  3.522127113390580e-04  1.680378184281970e-04  1.969795460195846e-02  1.414780974563580e-02 -2.600719315338895e-01  5.825645765248779e-01 -9.633284268683815e-05 -4.883126204369066e-04 
 1.288249551693092e+11  3.449581258333824e-04  1.560177311740714e-04  1.970867361530773e-02  1.447610091096923e-02 -2.466664741419927e-01  5.833435455877738e-01 -9.880185304732995e-05 -4.975134905167722e-04 
 1.318256738556364e+11  3.376606031089708e-04  1.444398211076539e-04  1.971984514410219e-02  1.481200051871471e-02 -2.332320277299022e-01  5.838144188691318e-01 -1.012849282423757e-04 -5.068731096776410e-04 
 1.348962882591609e+11  3.303295987986311e-04  1.332989188597299e-04  1.973148914213016e-02  1.515568558843296e-02 -2.197827779030295e-01  5.839759336436120e-01 -1.037800916320266e-04 -5.163961646136272e-04 
 1.380384264602839e+11  3.229745528736776e-04  1.225895076687895e-04  1.974362655443885e-02  1.550733728534510e-02 -2.063329729784348e-01  5.838276444960426e-01 -1.062853761911915e-04 -5.260875938290777e-04 
 1.412537544622708e+11  3.156048567377045e-04  1.123057190297319e-04  1.975627936937752e-02  1.586714101182291e-02 -1.928968636757149e-01  5.833699261764796e-01 -1.087988356949734e-04 -5.359525906833430e-04 
 1.445439770745880e+11  3.082298202046913e-04  1.024413314789530e-04  1.976947067283064e-02  1.623528650028208e-02 -1.794886427864796e-01  5.826039711599732e-01 -1.113185559521113e-04 -5.459966055912703e-04 
 1.479108388168159e+11  3.008586386825950e-04  9.298977249898877e-05  1.978322470469538e-02  1.661196790750571e-02 -1.661223853643901e-01  5.815317819402919e-01 -1.138426659966166e-04 -5.562253473852729e-04 
 1.513561248436158e+11  2.935003608787220e-04  8.394412348901808e-05  1.979756691766299e-02  1.699738391043018e-02 -1.528119899697414e-01  5.801561581498323e-01 -1.163693491491448e-04 -5.666447838555012e-04 
 1.548816618912430e+11  2.861638573335429e-04  7.529712771168417e-05  1.981252403836997e-02  1.739173780342988e-02 -1.395711214863921e-01  5.784806786591218e-01 -1.188968538624880e-04 -5.772611414950275e-04 
 1.584893192461061e+11  2.788577900754569e-04  6.704120109258290e-05  1.982812413099199e-02  1.779523759714142e-02 -1.264131560049185e-01  5.765096788675971e-01 -1.214235042697326e-04 -5.880809044868240e-04 
 1.621810097358876e+11  2.715905836706399e-04  5.916844571698686e-05  1.984439666336141e-02  1.820809611887168e-02 -1.133511282347071e-01  5.742482234516108e-01 -1.239477103590274e-04 -5.991108129785150e-04 
 1.659586907437506e+11  2.643703979199419e-04  5.167066583950620e-05  1.986137257569829e-02  1.863053111463683e-02 -1.003976818700318e-01  5.717020748849113e-01 -1.264679777054038e-04 -6.103578606992346e-04 
 1.698243652461688e+11  2.572051024293282e-04  4.453938619691242e-05  1.987908435205379e-02  1.906276535288218e-02 -8.756502329184129e-02  5.688776580903565e-01 -1.289829166975639e-04 -6.218292919802827e-04 
 1.737800828749318e+11  2.501022532521572e-04  3.776587239265950e-05  1.989756609457562e-02  1.950502672993406e-02 -7.486487893895276e-02  5.657820216186541e-01 -1.314912512058201e-04 -6.335325982475421e-04 
 1.778279410038864e+11  2.430690717712347e-04  3.134115310402862e-05  1.991685360071519e-02  1.995754837723608e-02 -6.230845663066240e-02  5.624227957799773e-01 -1.339918266462678e-04 -6.454755140586880e-04 
 1.819700858609923e+11  2.361124259567511e-04  2.525604384948868e-05  1.993698444350812e-02  2.042056877042192e-02 -4.990641106851371e-02  5.588081481770589e-01 -1.364836174056150e-04 -6.576660127620554e-04 
 1.862087136662806e+11  2.292388141035013e-04  1.950117204489499e-05  1.995799805507061e-02  2.089433184027631e-02 -3.766881368922684e-02  5.549467371036479e-01 -1.389657336006875e-04 -6.701123018565975e-04 
 1.905460717963184e+11  2.224543511178689e-04  1.406700307252791e-05  1.997993581346660e-02  2.137908708563383e-02 -2.560512698466326e-02  5.508476632800714e-01 -1.414374271562961e-04 -6.828228181336560e-04 
 1.949844599757981e+11  2.157647573925296e-04  8.943867086591066e-06  2.000284113311273e-02  2.187508968826297e-02 -1.372418334923103e-02  5.465204203982343e-01 -1.438980971947155e-04 -6.958062226813279e-04 
 1.995262314968813e+11  2.091753502752566e-04  4.121986282451102e-06  2.002675955890015e-02  2.238260062977916e-02 -2.034168461311024e-03  5.419748449420890e-01 -1.463472947393119e-04 -7.090713958310996e-04 
 2.041737944669462e+11  2.026910381081313e-04 -4.084976356772253e-07  2.005173886422498e-02  2.290188681062664e-02  9.457390846019893e-03  5.372210657368561e-01 -1.487847267437262e-04 -7.226274321241992e-04 
 2.089296130853970e+11  1.963163167853076e-04 -4.657496043053210e-06  2.007782915313158e-02  2.343322117116360e-02  2.074363431768981e-02  5.322694536616797e-01 -1.512102594663308e-04 -7.364836353719089e-04 
 2.137962089502161e+11  1.900552687516526e-04 -8.634946279323578e-06  2.010508296678499e-02  2.397688281487943e-02  3.181837174950482e-02  5.271305719366415e-01 -1.536239212173258e-04 -7.506495138799830e-04 
 2.187761623949480e+11  1.839115643413918e-04 -1.235078505415435e-05  2.013355539450174e-02  2.453315713376657e-02  4.267608237747705e-02  5.218151273668586e-01 -1.560259045127298e-04 -7.651347759024603e-04 
 2.238721138568265e+11  1.778884653355489e-04 -1.581492257912282e-05  2.016330418958014e-02  2.510233593586172e-02  5.331191039453561e-02  5.163339228945594e-01 -1.584165676755914e-04 -7.799493253846839e-04 
 2.290867652767697e+11  1.719888305996516e-04 -1.903721761116520e-05  2.019438989018359e-02  2.568471757496387e-02  6.372165683503520e-02  5.106978117753591e-01 -1.607964359299442e-04 -7.951032580493685e-04 
 2.344228815319844e+11  1.662151236489511e-04 -2.202745357144122e-05  2.022687594554269e-02  2.628060708252780e-02  7.390176809167988e-02  5.049176536582586e-01 -1.631662020373447e-04 -8.106068578732401e-04 
 2.398832919019410e+11  1.605694219772722e-04 -2.479531588130872e-05  2.026082884775382e-02  2.689031630172285e-02  8.384932134838270e-02  4.990042728109292e-01 -1.655267265292459e-04 -8.264705939952240e-04 
 2.454708915684948e+11  1.550534279775357e-04 -2.735037063462953e-05  2.029631826946402e-02  2.751416402363704e-02  9.356200722627542e-02  4.929684186933840e-01 -1.678790375910117e-04 -8.427051180905211e-04 
 2.511886431509496e+11  1.496684812768323e-04 -2.970204470325908e-05  2.033341720774397e-02  2.815247612559686e-02  1.030381099487825e-01  4.868207290448310e-01 -1.702243306550730e-04 -8.593212622382889e-04 
 2.570395782768778e+11  1.444155723065486e-04 -3.185960735065981e-05  2.037220213446288e-02  2.880558571156205e-02  1.122764853356291e-01  4.805716956110075e-01 -1.725639677616430e-04 -8.763300373041511e-04 
 2.630267991895294e+11  1.392953569282125e-04 -3.383215340744987e-05  2.041275315349126e-02  2.947383325454424e-02  1.212765369352438e-01  4.742316326031161e-01 -1.748994767455794e-04 -8.937426318524698e-04 
 2.691534803926826e+11  1.343081719382346e-04 -3.562858804262075e-05  2.045515416506926e-02  3.015756674098610e-02  1.300381906006159e-01  4.678106479451305e-01 -1.772325503074925e-04 -9.115704115973310e-04 
 2.754228703338074e+11  1.294540512792904e-04 -3.725761314535644e-05  2.049949303769126e-02  3.085714181702626e-02  1.385618678057336e-01  4.613186173340469e-01 -1.795650450261128e-04 -9.298249193955616e-04 
 2.818382931264360e+11  1.247327427924693e-04 -3.872771531504048e-05  2.054586178786910e-02  3.157292193656249e-02  1.468484579887133e-01  4.547651611079810e-01 -1.818989803673373e-04 -9.485178757798696e-04 
 2.884031503126509e+11  1.201437253522156e-04 -4.004715544127483e-05  2.059435676814955e-02  3.230527851101223e-02  1.548992901941077e-01  4.481596238900302e-01 -1.842365377433417e-04 -9.676611800254215e-04 
 2.951209226666287e+11  1.156862262352366e-04 -4.122395984164237e-05  2.064507886377423e-02  3.305459106065636e-02  1.627161042711275e-01  4.415110569517039e-01 -1.865800596727647e-04 -9.872669117388625e-04 
 3.019951720401915e+11  1.113592385846880e-04 -4.226591291256840e-05  2.069813369838376e-02  3.382124736743765e-02  1.703010218670756e-01  4.348282032185535e-01 -1.889320490903111e-04 -1.007347332954953e-03 
 3.090295432513486e+11  1.071615388418017e-04 -4.318055123798613e-05  2.075363184918120e-02  3.460564362906972e-02  1.776565174366289e-01  4.281194848224035e-01 -1.912951688512654e-04 -1.027914890722648e-03 
 3.162277660168273e+11  1.030917040284689e-04 -4.397515909155832e-05  2.081168907198410e-02  3.540818461429764e-02  1.847853894680996e-01  4.213929930892765e-01 -1.936722414734139e-04 -1.048982220159568e-03 
 3.235936569296174e+11  9.914812877589340e-05 -4.465676526090682e-05  2.087242653660899e-02  3.622928381913328e-02  1.916907321078690e-01  4.146564808396119e-01 -1.960662491558206e-04 -1.070562147951404e-03 
 3.311311214825800e+11  9.532904200611034e-05 -4.523214111657247e-05  2.093597107304660e-02  3.706936362387215e-02  1.983759073441296e-01  4.079173568675862e-01 -1.984803341108375e-04 -1.092667696270793e-03 
 3.388441561391912e+11  9.163252318472409e-05 -4.570779984417912e-05  2.100245542890193e-02  3.792885545067876e-02  2.048445178912030e-01  4.011826824590748e-01 -2.009177992427009e-04 -1.115312087088656e-03 
 3.467368504525200e+11  8.805651807452309e-05 -4.608999675540053e-05  2.107201853858893e-02  3.880819992150863e-02  2.111003808963012e-01  3.944591698028865e-01 -2.033821092031346e-04 -1.138508746849742e-03 
 3.548133892335635e+11  8.459885393053902e-05 -4.638473059170634e-05  2.114480580478558e-02  3.970784701611332e-02  2.171475025718498e-01  3.877531821471414e-01 -2.058768918515607e-04 -1.162271311483290e-03 
 3.630780547700891e+11  8.125725408752962e-05 -4.659774573437286e-05  2.122096939267261e-02  4.062825622985279e-02  2.229900538386142e-01  3.810707355518196e-01 -2.084059401448572e-04 -1.186613631719123e-03 
 3.715352290971600e+11  7.802935190069730e-05 -4.673453523475564e-05  2.130066853749565e-02  4.156989673101583e-02  2.286323470479802e-01  3.744175020894103e-01 -2.109732144791208e-04 -1.211549778679173e-03 
 3.801893963205483e+11  7.491270400964350e-05 -4.680034458020956e-05  2.138406986600882e-02  4.253324751732308e-02  2.340788138359575e-01  3.677988143479684e-01 -2.135828455035956e-04 -1.237094049714371e-03 
 3.890451449942675e+11  7.190480290405670e-05 -4.680017611318108e-05  2.147134773237576e-02  4.351879757126059e-02  2.393339841468748e-01  3.612196710945635e-01 -2.162391374248561e-04 -1.263260974456876e-03 
 3.981071705534838e+11  6.900308877741526e-05 -4.673879402376874e-05  2.156268456912265e-02  4.452704601386283e-02  2.444024664513633e-01  3.546847439618608e-01 -2.189465718174536e-04 -1.290065321057902e-03 
 4.073802778040989e+11  6.620496066203963e-05 -4.662072983933651e-05  2.165827125375674e-02  4.555850225653242e-02  2.492889291711023e-01  3.481983850262108e-01 -2.217098119555926e-04 -1.317522102581687e-03 
 4.168693834703213e+11  6.350778684515372e-05 -4.645028833846350e-05  2.175830749168307e-02  4.661368615045110e-02  2.539980833119269e-01  3.417646351519761e-01 -2.245337076789651e-04 -1.345646583526609e-03 
 4.265795188015782e+11  6.090891457122313e-05 -4.623155382052569e-05  2.186300221607181e-02  4.769312813310116e-02  2.585346662972525e-01  3.353872329836932e-01 -2.274233008046458e-04 -1.374454286444886e-03 
 4.365158322401511e+11  5.840567904075242e-05 -4.596839666644071e-05  2.197257400534783e-02  4.879736937137756e-02  2.629034269853212e-01  3.290696244749379e-01 -2.303838310959355e-04 -1.403960998632785e-03 
 4.466835921509479e+11  5.599541171996790e-05 -4.566448013048360e-05  2.208725151899443e-02  4.992696190073188e-02  2.671091118464586e-01  3.228149728502611e-01 -2.334207427982105e-04 -1.434182778863701e-03 
 4.570881896148595e+11  5.367544797942707e-05 -4.532326730753144e-05  2.220727395238251e-02  5.108246875974392e-02  2.711564522703163e-01  3.166261689041964e-01 -2.365396917511944e-04 -1.465135964136927e-03 
 4.677351412871823e+11  5.144313408261331e-05 -4.494802822455238e-05  2.233289151135635e-02  5.226446411947236e-02  2.750501529678600e-01  3.105058415489774e-01 -2.397465530865943e-04 -1.496837176415284e-03 
 4.786300923226221e+11  4.929583354804288e-05 -4.454184700956923e-05  2.246436590732655e-02  5.347353340688466e-02  2.787948814286095e-01  3.044563685301793e-01 -2.430474295197238e-04 -1.529303329325065e-03 
 4.897788193684295e+11  4.723093291036793e-05 -4.410762909565125e-05  2.260197087363999e-02  5.471027342161450e-02  2.823952583902499e-01  2.984798872369053e-01 -2.464486602435535e-04 -1.562551634791965e-03 
 5.011872336272552e+11  4.524584690745455e-05 -4.364810842168623e-05  2.274599270401480e-02  5.597529244523801e-02  2.858558492751408e-01  2.925783055403434e-01 -2.499568304335766e-04 -1.596599609586743e-03 
 5.128613839913474e+11  4.333802312148784e-05 -4.316585459572327e-05  2.289673081384696e-02  5.726921034220030e-02  2.891811565463828e-01  2.867533126014416e-01 -2.535787813719235e-04 -1.631465081754344e-03 
 5.248074602497546e+11  4.150494610285468e-05 -4.266327999053550e-05  2.305449832521178e-02  5.859265865145898e-02  2.923756129348704e-01  2.810063895950670e-01 -2.573216211993059e-04 -1.667166196900033e-03 
 5.370317963702343e+11  3.974414100591942e-05 -4.214264674471104e-05  2.321962267639964e-02  5.994628066784371e-02  2.954435754881148e-01  2.753388203042940e-01 -2.611927363035845e-04 -1.703721424305802e-03 
 5.495408738576057e+11  3.805317676587846e-05 -4.160607364602644e-05  2.339244625684044e-02  6.133073151205744e-02  2.983893203914607e-01  2.697517015443727e-01 -2.651998033540317e-04 -1.741149562849850e-03 
 5.623413251903298e+11  3.642966884569685e-05 -4.105554287708378e-05  2.357332706828419e-02  6.274667818816783e-02  3.012170385126165e-01  2.642459533814727e-01 -2.693508019906782e-04 -1.779469746701327e-03 
 5.754399373371372e+11  3.487128158172759e-05 -4.049290660619440e-05  2.376263941311681e-02  6.419479962735529e-02  3.039308316210748e-01  2.588223291164407e-01 -2.736540281784780e-04 -1.818701450761757e-03 
 5.888436553555687e+11  3.337573015602770e-05 -3.991989340926921e-05  2.396077461069959e-02  6.567578671659603e-02  3.065347092349822e-01  2.534814250085825e-01 -2.781181082363790e-04 -1.858864495823618e-03 
 6.025595860743370e+11  3.194078222264371e-05 -3.933811451102962e-05  2.416814174262753e-02  6.719034231086675e-02  3.090325860492620e-01  2.482236897188640e-01 -2.827520135517414e-04 -1.899979053415452e-03 
 6.165950018614609e+11  3.056425921427205e-05 -3.874906983618907e-05  2.438516842780634e-02  6.873918122735782e-02  3.114282799002558e-01  2.430494334559349e-01 -2.875650759908698e-04 -1.942065650301560e-03 
 6.309573444801715e+11  2.924403735473223e-05 -3.815415386337889e-05  2.461230162824841e-02  7.032303022007959e-02  3.137255102237847e-01  2.379588368120296e-01 -2.925670040167271e-04 -1.985145172602904e-03 
 6.456542290346333e+11  2.797804840164568e-05 -3.755466127651321e-05  2.485000848648544e-02  7.194262793313387e-02  3.159278969652992e-01  2.329519592791010e-01 -2.977678995251303e-04 -2.029238869504174e-03 
 6.606934480075732e+11  2.676428014261108e-05 -3.695179241001328e-05  2.509877719548904e-02  7.359872483080793e-02  3.180389599026531e-01  2.280287474385082e-01 -3.031782754109130e-04 -2.074368356510126e-03 
 6.760829753919585e+11  2.560077666702578e-05 -3.634665848585377e-05  2.535911790197845e-02  7.529208310252407e-02  3.200621183439727e-01  2.231890428202343e-01 -3.088090738756258e-04 -2.120555618212330e-03 
 6.918309709189126e+11  2.448563843453941e-05 -3.574028664176189e-05  2.563156364397839e-02  7.702347654054771e-02  3.220006911650660e-01  2.184325894299641e-01 -3.146716854883378e-04 -2.167823010525176e-03 
 7.079457843841134e+11  2.341702215995195e-05 -3.513362475110638e-05  2.591667132346715e-02  7.879369038822037e-02  3.238578971528090e-01  2.137590409444295e-01 -3.207779690109812e-04 -2.216193262347683e-03 
 7.244359600749650e+11  2.239314053319777e-05 -3.452754603606759e-05  2.621502271492621e-02  8.060352115633905e-02  3.256368556229340e-01  2.091679675772494e-01 -3.271402719994206e-04 -2.265689476605001e-03 
 7.413102413008918e+11  2.141226179189922e-05 -3.392285347659562e-05  2.652722551056579e-02  8.245377640515135e-02  3.273405872826132e-01  2.046588626190687e-01 -3.337714521910190e-04 -2.316335130620730e-03 
 7.585775750291575e+11  2.047270916283540e-05 -3.332028401844782e-05  2.685391440295687e-02  8.434527448927685e-02  3.289720153101618e-01  2.002311486571612e-01 -3.406848996888959e-04 -2.368154075768244e-03 
 7.762471166286648e+11  1.957286018756259e-05 -3.272051258426594e-05  2.719575220574613e-02  8.627884426269683e-02  3.305339666260730e-01  1.958841834808132e-01 -3.478945599522952e-04 -2.421170536345991e-03 
 7.943282347242539e+11  1.871114594634667e-05 -3.212415589221165e-05  2.755343101306709e-02  8.825532474077968e-02  3.320291733314251e-01  1.916172656797798e-01 -3.554149576015073e-04 -2.475409107618428e-03 
 8.128305161640709e+11  1.788605019352987e-05 -3.153177608714130e-05  2.792767339818640e-02  9.027556471612549e-02  3.334602742914647e-01  1.874296399439060e-01 -3.632612210445667e-04 -2.530894752960669e-03 
 8.317637711026420e+11  1.709610841645694e-05 -3.094388418967388e-05  2.831923365183765e-02  9.234042232482201e-02  3.348298168438676e-01  1.833205020726577e-01 -3.714491079314778e-04 -2.587652800041236e-03 
 8.511380382023467e+11  1.633990682913374e-05 -3.036094336879995e-05  2.872889906059516e-02  9.445076455950391e-02  3.361402586127996e-01  1.792890037038229e-01 -3.799950314399666e-04 -2.645708935973310e-03 
 8.709635899560502e+11  1.561608131088277e-05 -2.978337204390146e-05  2.915749122552648e-02  9.660746672540017e-02  3.373939694114396e-01  1.753342567710389e-01 -3.889160873946894e-04 -2.705089201360845e-03 
 8.912509381337144e+11  1.492331629940019e-05 -2.921154682221194e-05  2.960586742123139e-02  9.881141183533815e-02  3.385932332170986e-01  1.714553377000843e-01 -3.982300822194352e-04 -2.765819983161582e-03 
 9.120108393558778e+11  1.426034364680394e-05 -2.864580527784943e-05  3.007492199522822e-02  1.010634899394499e-01  3.397402502044455e-01  1.676512913540646e-01 -4.079555617190841e-04 -2.827928006284552e-03 
 9.332543007969584e+11  1.362594144649624e-05 -2.808644857860875e-05  3.056558780748133e-02  1.033645973850954e-01  3.408371388236661e-01  1.639211347377291e-01 -4.181118406849248e-04 -2.891440323835061e-03 
 9.549925860214025e+11  1.301893283794230e-05 -2.753374396671024e-05  3.107883770967653e-02  1.057156360022791e-01  3.418859379115981e-01  1.602638604711806e-01 -4.287190333133284e-04 -2.956384305915342e-03 
 9.772372209557764e+11  1.243818479579189e-05 -2.698792709967580e-05  3.161568606364160e-02  1.081175122095938e-01  3.428886088250467e-01  1.566784400432160e-01 -4.397980844237150e-04 -3.022787626884189e-03 
 9.999999999999648e+11  1.188260690913937e-05 -2.644920425744407e-05  3.217719029807470e-02  1.105711360354722e-01  3.438470375865500e-01  1.531638268544396e-01 -4.513708014571662e-04 -3.090678250973817e-03 
 1.023292992280718e+12  1.135115015612981e-05 -2.591775442175083e-05  3.276445250248398e-02  1.130774200492772e-01  3.447630370338750e-01  1.497189590601626e-01 -4.634598872319252e-04 -3.160084416157083e-03 
 1.047128548050863e+12  1.084280567857186e-05 -2.539373123369072e-05  3.337862105695195e-02  1.156372781964972e-01  3.456383489654510e-01  1.463427622229222e-01 -4.760889734263035e-04 -3.231034616152944e-03 
 1.071519305237569e+12  1.035660356071145e-05 -2.487726483524793e-05  3.402089229601965e-02  1.182516245320563e-01  3.464746462748143e-01  1.430341517842501e-01 -4.892826547531781e-04 -3.303557580452774e-03 
 1.096478196143146e+12  9.891611615851383e-06 -2.436846360043877e-05  3.469251220463292e-02  1.209213718454830e-01  3.472735350679411e-01  1.397920353650812e-01 -5.030665237832317e-04 -3.377682252244826e-03 
 1.122018454301924e+12  9.446934184068957e-06 -2.386741576155151e-05  3.539477814370583e-02  1.236474301714218e-01  3.480365567580847e-01  1.366153149039387e-01 -5.174672063663397e-04 -3.453437764108841e-03 
 1.148153621496842e+12  9.021710943885772e-06 -2.337419093580103e-05  3.612904060243040e-02  1.264307051787096e-01  3.487651901334111e-01  1.335028886417551e-01 -5.325123975919734e-04 -3.530853411347503e-03 
 1.174897554939488e+12  8.615115740377104e-06 -2.288884155754088e-05  3.689670497399675e-02  1.292720964309854e-01  3.494608533933615e-01  1.304536529618989e-01 -5.482308982201294e-04 -3.609958622816368e-03 
 1.202264434617370e+12  8.226355431873628e-06 -2.241140422099433e-05  3.769923335087819e-02  1.321724955115547e-01  3.501249061502422e-01  1.274665040936833e-01 -5.646526515040542e-04 -3.690782929108759e-03 
 1.230268770812338e+12  7.854668757100808e-06 -2.194190093828180e-05  3.853814633528217e-02  1.351327840049895e-01  3.507586513930721e-01  1.245403396873246e-01 -5.818087803148511e-04 -3.773355927947411e-03 
 1.258925411794123e+12  7.499325224321842e-06 -2.148034031733527e-05  3.941502485976458e-02  1.381538313277245e-01  3.513633374111991e-01  1.216740602680094e-01 -5.997316244658906e-04 -3.857707246630078e-03 
 1.288249551693088e+12  7.159624023795272e-06 -2.102671866410369e-05  4.033151201235192e-02  1.412364923997018e-01  3.519401596756410e-01  1.188665705764242e-01 -6.184547781217342e-04 -3.943866501372166e-03 
 1.318256738556360e+12  6.834892964627212e-06 -2.058102101326701e-05  4.128931485980797e-02  1.443816051489318e-01  3.524902626765063e-01  1.161167808027871e-01 -6.380131271619730e-04 -4.031863253385689e-03 
 1.348962882591605e+12  6.524487436888831e-06 -2.014322209149140e-05  4.229020626191833e-02  1.475899878406810e-01  3.530147417152156e-01  1.134236077211179e-01 -6.584428863549297e-04 -4.121726961530741e-03 
 1.380384264602835e+12  6.227789399680671e-06 -1.971328721707689e-05  4.333602666884422e-02  1.508624362228707e-01  3.535146446505766e-01  1.107859757301775e-01 -6.797816361795152e-04 -4.213486931373057e-03 
 1.412537544622704e+12  5.944206395655195e-06 -1.929117313966923e-05  4.442868589271396e-02  1.541997204791832e-01  3.539909735980707e-01  1.082028178072112e-01 -7.020683591156456e-04 -4.307172260479536e-03 
 1.445439770745875e+12  5.673170592356041e-06 -1.887682882353333e-05  4.557016484367454e-02  1.576025819813273e-01  3.544446865819723e-01  1.056730763803378e-01 -7.253434752044443e-04 -4.402811779782768e-03 
 1.479108388168154e+12  5.414137850595788e-06 -1.847019617771540e-05  4.676251721961575e-02  1.610717298319257e-01  3.548766991401802e-01  1.031957041251403e-01 -7.496488766589614e-04 -4.500433990845744e-03 
 1.513561248436154e+12  5.166586819971880e-06 -1.807121073625479e-05  4.800787113770269e-02  1.646078371895520e-01  3.552878858818518e-01  1.007696646907365e-01 -7.750279612843052e-04 -4.600066998859413e-03 
 1.548816618912426e+12  4.930018061512018e-06 -1.767980229144689e-05  4.930843069470991e-02  1.682115373675843e-01  3.556790819981376e-01  9.839393336033571e-02 -8.015256644428953e-04 -4.701738441208594e-03 
 1.584893192461056e+12  4.703953197344438e-06 -1.729589548300264e-05  5.066647744193960e-02  1.718834196987563e-01  3.560510847264905e-01  9.606749765102794e-02 -8.291884892759623e-04 -4.805475411446072e-03 
 1.621810097358872e+12  4.487934087203780e-06 -1.691941034580143e-05  5.208437175923077e-02  1.756240251575878e-01  3.564046547691885e-01  9.378935785729170e-02 -8.580645348665265e-04 -4.911304378521022e-03 
 1.659586907437501e+12  4.281522031509407e-06 -1.655026281878957e-05  5.356455411122325e-02  1.794338417332824e-01  3.567405176668497e-01  9.155852754246560e-02 -8.882035220018160e-04 -5.019251101116058e-03 
 1.698243652461683e+12  4.084297000688305e-06 -1.618836521743910e-05  5.510954616763551e-02  1.833132995461906e-01  3.570593651278530e-01  8.937403398218471e-02 -9.196568161645591e-04 -5.129340536957749e-03 
 1.737800828749313e+12  3.895856890358925e-06 -1.583362667204838e-05  5.672195176785039e-02  1.872627657015745e-01  3.573618563146926e-01  8.723491856355445e-02 -9.524774473528206e-04 -5.241596746978405e-03 
 1.778279410038859e+12  3.715816801944284e-06 -1.548595353403985e-05  5.840445770858159e-02  1.912825388751853e-01  3.576486190883952e-01  8.514023714360873e-02 -9.867201262971706e-04 -5.356042794222828e-03 
 1.819700858609918e+12  3.543808348241909e-06 -1.514524975228863e-05  6.015983433182456e-02  1.953728436260903e-01  3.579202512122247e-01  8.308906037038336e-02 -1.022441256612080e-03 -5.472700637412478e-03 
 1.862087136662800e+12  3.379478983443775e-06 -1.481141722140013e-05  6.199093588868309e-02  1.995338244332762e-01  3.581773215159780e-01  8.108047396972461e-02 -1.059698942385693e-03 -5.591591019101910e-03 
 1.905460717963178e+12  3.222491357070964e-06 -1.448435610374439e-05  6.390070065301937e-02  2.037655394538324e-01  3.584203710222495e-01  7.911357900074922e-02 -1.098552990678736e-03 -5.712733348388170e-03 
 1.949844599757975e+12  3.072522691264567e-06 -1.416396512695013e-05  6.589215075721025e-02  2.080679540019828e-01  3.586499140361058e-01  7.718749208267407e-02 -1.139064908369484e-03 -5.836145578163863e-03 
 1.995262314968807e+12  2.929264180855868e-06 -1.385014185846117e-05  6.796839172062109e-02  2.124409337499229e-01  3.588664391996656e-01  7.530134559553993e-02 -1.181297892747763e-03 -5.961844076938906e-03 
 2.041737944669455e+12  2.792420415624679e-06 -1.354278295866335e-05  7.013261163974585e-02  2.168842376533283e-01  3.590704105131323e-01  7.345428785716730e-02 -1.225316815227168e-03 -6.089843495294874e-03 
 2.089296130853963e+12  2.661708824144322e-06 -1.324178441399977e-05  7.238808000732844e-02  2.213975106065594e-01  3.592622683238653e-01  7.164548327849675e-02 -1.271188197511486e-03 -6.220156627079861e-03 
 2.137962089502154e+12  2.536859138604721e-06 -1.294704175140656e-05  7.473814612619696e-02  2.259802758350066e-01  3.594424302851104e-01  6.987411249928699e-02 -1.318980179519156e-03 -6.352794265501004e-03 
 2.187761623949473e+12  2.417612880001213e-06 -1.265845023532073e-05  7.718623708203387e-02  2.306319270347124e-01  3.596112922860421e-01  6.813937250596677e-02 -1.368762478338898e-03 -6.487765054326641e-03 
 2.238721138568258e+12  2.303722863075376e-06 -1.237590504843472e-05  7.973585523790153e-02  2.353517202723900e-01  3.597692293547928e-01  6.644047673326293e-02 -1.420606337461183e-03 -6.625075334470836e-03 
 2.290867652767689e+12  2.194952720395265e-06 -1.209930145729945e-05  8.239057521207473e-02  2.401387656622462e-01  3.599165965361517e-01  6.477665515105360e-02 -1.474584465504396e-03 -6.764728986299862e-03 
 2.344228815319836e+12  2.091076444965784e-06 -1.182853496380946e-05  8.515404029963543e-02  2.449920188396069e-01  3.600537297456435e-01  6.314715433772687e-02 -1.530770963632306e-03 -6.906727268073422e-03 
 2.398832919019403e+12  1.991877950764853e-06 -1.156350144353846e-05  8.802995829740065e-02  2.499102722552625e-01  3.601809466016828e-01  6.155123754115482e-02 -1.589241240841437e-03 -7.051068651013024e-03 
 2.454708915684940e+12  1.897150650607811e-06 -1.130409727183225e-05  9.102209669112431e-02  2.548921463186851e-01  3.602985472375081e-01  5.998818472822537e-02 -1.650071916284198e-03 -7.197748651576278e-03 
 2.511886431509488e+12  1.806697050750551e-06 -1.105021943850831e-05  9.413427716358667e-02  2.599360804228334e-01  3.604068150945884e-01  5.845729262370733e-02 -1.713340707786896e-03 -7.346759661608488e-03 
 2.570395782768769e+12  1.720328361651139e-06 -1.080176565195648e-05  9.737036938220907e-02  2.650403238881354e-01  3.605060176991726e-01  5.695787473905595e-02 -1.779126305722311e-03 -7.498090777142447e-03 
 2.630267991895285e+12  1.637864124320119e-06 -1.055863443338351e-05  1.007342840252652e-01  2.702029268684311e-01  3.605964074236301e-01  5.548926139160094e-02 -1.847508231405283e-03 -7.651727626722675e-03 
 2.691534803926816e+12  1.559131851700841e-06 -1.032072520189584e-05  1.042299650066572e-01  2.754217312671342e-01  3.606782222341982e-01  5.405079971439136e-02 -1.918566679197984e-03 -7.807652200241957e-03 
 2.754228703338064e+12  1.483966684533263e-06 -1.008793835106886e-05  1.078613808606466e-01  2.806943617176185e-01  3.607516864267014e-01  5.264185365680739e-02 -1.992382341540476e-03 -7.965842679394914e-03 
 2.818382931264349e+12  1.412211061167294e-06 -9.860175317608000e-06  1.116325152499423e-01  2.860182166878198e-01  3.608170113517605e-01  5.126180397588224e-02 -2.069036216162968e-03 -8.126273270975162e-03 
 2.884031503126499e+12  1.343714400804938e-06 -9.637338642665770e-06  1.155473565632076e-01  2.913904597752235e-01  3.608743961309378e-01  4.991004821811488e-02 -2.148609394790307e-03 -8.288914044368203e-03 
 2.951209226666276e+12  1.278332799664189e-06 -9.419332026341175e-06  1.196098865714244e-01  2.968080112647239e-01  3.609240283651901e-01  4.858600069139132e-02 -2.231182832717815e-03 -8.453730774720935e-03 
 3.019951720401904e+12  1.215928739571601e-06 -9.206060375851425e-06  1.238240681167121e-01  3.022675400282558e-01  3.609660848369121e-01  4.728909242647249e-02 -2.316837098722039e-03 -8.620684793398918e-03 
 3.090295432513476e+12  1.156370808504795e-06 -8.997429847832081e-06  1.281938318121872e-01  3.077654558514987e-01  3.610007322067428e-01  4.601877112735078e-02 -2.405652104871476e-03 -8.789732847473012e-03 
 3.162277660168262e+12  1.099533432620666e-06 -8.793347885189935e-06  1.327230617373457e-01  3.132979022792985e-01  3.610281277061966e-01  4.477450110962548e-02 -2.497706815922023e-03 -8.960826970105865e-03 
 3.235936569296162e+12  1.045296619319791e-06 -8.593723248902941e-06  1.374155801202869e-01  3.188607500775992e-01  3.610484198270387e-01  4.355576322590184e-02 -2.593078938120877e-03 -9.133914363834060e-03 
 3.311311214825788e+12  9.935457109123416e-07 -8.398466045133445e-06  1.422751310059254e-01  3.244495914155500e-01  3.610617490081824e-01  4.236205477708076e-02 -2.691844587401688e-03 -9.308937298861075e-03 
 3.388441561391899e+12  9.441711484657134e-07 -8.207487747994604e-06  1.473053629181938e-01  3.300597348769038e-01  3.610682483207138e-01  4.119288940827767e-02 -2.794077937133708e-03 -9.485833028587310e-03 
 3.467368504525187e+12  8.970682454290076e-07 -8.020701218285229e-06  1.525098105341376e-01  3.356862014147253e-01  3.610680441514683e-01  4.004779698799169e-02 -2.899850845788794e-03 -9.664533724703123e-03 
 3.548133892335622e+12  8.521369706444873e-07 -7.838020718485375e-06  1.578918753987475e-01  3.413237213676210e-01  3.610612568853890e-01  3.892632346904468e-02 -3.009232465112609e-03 -9.844966434256362e-03 
 3.630780547700878e+12  8.092817403709625e-07 -7.659361924283253e-06  1.634548057213687e-01  3.469667326590440e-01  3.610480015866729e-01  3.782803072972094e-02 -3.122288829629942e-03 -1.002705306117389e-02 
 3.715352290971586e+12  7.684112189589543e-07 -7.484641932884269e-06  1.692016753075087e-01  3.526093803035229e-01  3.610283886784858e-01  3.675249639347154e-02 -3.239082428578043e-03 -1.021071037476351e-02 
 3.801893963205470e+12  7.294381278322121e-07 -7.313779268334344e-06  1.751353616938068e-01  3.582455173447529e-01  3.610025246207832e-01  3.569931362550100e-02 -3.359671761645010e-03 -1.039585004774507e-02 
 3.890451449942660e+12  6.922790624447537e-07 -7.146693884072325e-06  1.812585235687269e-01  3.638687073501864e-01  3.609705125855044e-01  3.466809090453035e-02 -3.484110880191105e-03 -1.058237872635354e-02 
 3.981071705534823e+12  6.568543168970702e-07 -6.983307162910654e-06  1.875735775770843e-01  3.694722285848772e-01  3.609324531281511e-01  3.365845176803730e-02 -3.612448915946755e-03 -1.077019813501900e-02 
 4.073802778040975e+12  6.230877159093878e-07 -6.823541914628697e-06  1.940826746226751e-01  3.750490799836941e-01  3.608884448544669e-01  3.267003452930756e-02 -3.744729599509404e-03 -1.095920521805453e-02 
 4.168693834703198e+12  5.909064538638987e-07 -6.667322371349890e-06  2.007876757998663e-01  3.805919890354582e-01  3.608385850806598e-01  3.170249196469991e-02 -3.880990771298417e-03 -1.114929232067046e-02 
 4.265795188015767e+12  5.602409406416366e-07 -6.514574180861739e-06  2.076901281018106e-01  3.860934216849009e-01  3.607829704853131e-01  3.075549096962874e-02 -4.021263887968829e-03 -1.134034741147795e-02 
 4.365158322401496e+12  5.310246539931320e-07 -6.365224398026751e-06  2.147912400697407e-01  3.915455943484616e-01  3.607216977508423e-01  2.982871218190849e-02 -4.165573527625837e-03 -1.153225434844438e-02 
 4.466835921509463e+12  5.031939981950712e-07 -6.219201474422607e-06  2.220918575642800e-01  3.969404881277162e-01  3.606548641920775e-01  2.892184957128196e-02 -4.313936897516959e-03 -1.172489319001497e-02 
 4.570881896148578e+12  4.766881687578875e-07 -6.076435246341116e-06  2.295924398555888e-01  4.022698652895796e-01  3.605825683692699e-01  2.803460999417329e-02 -4.466363348201451e-03 -1.191814055281735e-02 
 4.677351412871806e+12  4.514490229614880e-07 -5.936856921268002e-06  2.372930362440942e-01  4.075252880652963e-01  3.605049106825713e-01  2.716671271296590e-02 -4.622853898499947e-03 -1.211187001701840e-02 
 4.786300923226203e+12  4.274209560080524e-07 -5.800399062958763e-06  2.451932634371755e-01  4.126981398006383e-01  3.604219939447956e-01  2.631788887940576e-02 -4.783400775804192e-03 -1.230595258000440e-02 
 4.897788193684277e+12  4.045507825920844e-07 -5.666995575220355e-06  2.532922839191111e-01  4.177796484677075e-01  3.603339239290629e-01  2.548788098207014e-02 -4.947986976569147e-03 -1.250025715860855e-02 
 5.011872336272534e+12  3.827876236984832e-07 -5.536581684503575e-06  2.615887855614415e-01  4.227609125244051e-01  3.602408098877571e-01  2.467644225822035e-02 -5.116585852009995e-03 -1.269465113961564e-02 
 5.128613839913455e+12  3.620827984493825e-07 -5.409093921407291e-06  2.700809627282739e-01  4.276329290811510e-01  3.601427650390889e-01  2.388333607077036e-02 -5.289160724176196e-03 -1.288900097773573e-02 
 5.248074602497527e+12  3.423897208297336e-07 -5.284470101192328e-06  2.787664991355493e-01  4.323866243060495e-01  3.600399070174727e-01  2.310833525154741e-02 -5.465664537666303e-03 -1.308317283966252e-02 
 5.370317963702324e+12  3.236638011301314e-07 -5.162649303400636e-06  2.876425527245473e-01  4.370128859697076e-01  3.599323582838888e-01  2.235122141249264e-02 -5.646039552272513e-03 -1.327703329222252e-02 
 5.495408738576037e+12  3.058623519530700e-07 -5.043571850673477e-06  2.967057428075603e-01  4.415025979996861e-01  3.598202464924279e-01  2.161178422694131e-02 -5.830217081796460e-03 -1.347045003198728e-02 
 5.623413251903277e+12  2.889444986356846e-07 -4.927179286861059e-06  3.059521397374366e-01  4.458466768825638e-01  3.597037048093003e-01  2.088982068362654e-02 -6.018117284151056e-03 -1.366329265307080e-02 
 5.754399373371351e+12  2.728710939480499e-07 -4.813414354515411e-06  3.153772573423028e-01  4.500361097192860e-01  3.595828721807436e-01  2.018513431656205e-02 -6.209649007652036e-03 -1.385543344917820e-02 
 5.888436553555666e+12  2.576046369312185e-07 -4.702220971857615e-06  3.249760483520661e-01  4.540619937074603e-01  3.594578935464935e-01  1.949753441446457e-02 -6.404709698104034e-03 -1.404674824532137e-02 
 6.025595860743349e+12  2.431091957434166e-07 -4.593544209310339e-06  3.347429030241494e-01  4.579155767931241e-01  3.593289199957641e-01  1.882683521386999e-02 -6.603185370896788e-03 -1.423711725398523e-02 
 6.165950018614587e+12  2.293503343861617e-07 -4.487330265686436e-06  3.446716511523104e-01  4.615882992049109e-01  3.591961088630652e-01  1.817285508056581e-02 -6.804950651847627e-03 -1.442642594992691e-02 
 6.309573444801692e+12  2.162950431845435e-07 -4.383526444124217e-06  3.547555676144398e-01  4.650718355561435e-01  3.590596237616129e-01  1.753541568439636e-02 -7.009868889958110e-03 -1.461456595723385e-02 
 6.456542290346310e+12  2.039116728975548e-07 -4.282081127859629e-06  3.649873815830925e-01  4.683581371758669e-01  3.589196345525918e-01  1.691434117288543e-02 -7.217792344599735e-03 -1.480143594176915e-02 
 6.606934480075709e+12  1.921698723352174e-07 -4.182943755925122e-06  3.753592894865134e-01  4.714394743088645e-01  3.587763172491047e-01  1.630945734945231e-02 -7.428562448912080e-03 -1.498694250170641e-02 
 6.760829753919561e+12  1.810405293593985e-07 -4.086064798864070e-06  3.858629717684489e-01  4.743084778079081e-01  3.586298538542569e-01  1.572059086226272e-02 -7.642010150394791e-03 -1.517100104851593e-02 
 6.918309709189102e+12  1.704957151447152e-07 -3.991395734548234e-06  3.964896134526621e-01  4.769581799294729e-01  3.584804321334981e-01  1.514756840994471e-02 -7.857956328813649e-03 -1.535353667051986e-02 
 7.079457843841109e+12  1.605086315748950e-07 -3.898889024183980e-06  4.072299284733755e-01  4.793820538374035e-01  3.583282453220528e-01  1.459021597050437e-02 -8.076212290632840e-03 -1.553448497099765e-02 
 7.244359600749624e+12  1.510535616484965e-07 -3.808498088590425e-06  4.180741876866036e-01  4.815740514179828e-01  3.581734917689989e-01  1.404835805978973e-02 -8.296580338245414e-03 -1.571379287280211e-02 
 7.413102413008892e+12  1.421058227661164e-07 -3.720177284829596e-06  4.290122504303094e-01  4.835286390148361e-01  3.580163745203037e-01  1.352181702576829e-02 -8.518854411318217e-03 -1.589141938154854e-02 
 7.585775750291547e+12  1.336417227692564e-07 -3.633881883264845e-06  4.400335994543641e-01  4.852408307033035e-01  3.578571008438700e-01  1.301041238470152e-02 -8.742820796613534e-03 -1.606733629966693e-02 
 7.762471166286619e+12  1.256385185990135e-07 -3.549568045119176e-06  4.511273789953494e-01  4.867062187413804e-01  3.576958817003714e-01  1.251396020501743e-02 -8.968258901716064e-03 -1.624152888396304e-02 
 7.943282347242510e+12  1.180743774408462e-07 -3.467192800599921e-06  4.622824357272157e-01  4.879210008579675e-01  3.575329311643584e-01  1.203227254430086e-02 -9.194942087199148e-03 -1.641399643981484e-02 
 8.128305161640680e+12  1.109283402199761e-07 -3.386714027650168e-06  4.734873622776245e-01  4.888820040687720e-01  3.573684658007678e-01  1.156515694434473e-02 -9.422638550927421e-03 -1.658475284573288e-02 
 8.317637711026390e+12  1.041802873106512e-07 -3.308090431380748e-06  4.847305429623441e-01  4.895867047453332e-01  3.572027040025591e-01  1.111241598864070e-02 -9.651112257431644e-03 -1.675382700272733e-02 
 8.511380382023437e+12  9.781090632164539e-08 -3.231281524229393e-06  4.960002013571493e-01  4.900332447028216e-01  3.570358652957304e-01  1.067384692604169e-02 -9.880123904622727e-03 -1.692126320374177e-02 
 8.709635899560471e+12  9.180166182009812e-08 -3.156247606885867e-06  5.072844492990534e-01  4.902204431167838e-01  3.568681696183917e-01  1.024924136361377e-02 -1.010943191955051e-02 -1.708712141931859e-02 
 8.912509381337111e+12  8.613476685622132e-08 -3.082949750013927e-06  5.185713368869806e-01  4.901478041271075e-01  3.566998365809282e-01  9.838385030922386e-03 -1.033879347447159e-02 -1.725147749663917e-02 
 9.120108393558746e+12  8.079315615257527e-08 -3.011349776792394e-06  5.298489030366994e-01  4.898155200382858e-01  3.565310847145138e-01  9.441057617182154e-03 -1.056796551417967e-02 -1.741442327011493e-02 
 9.332543007969551e+12  7.576046082361398e-08 -2.941410246289178e-06  5.411052261363055e-01  4.892244700776002e-01  3.563621307153748e-01  9.057032681856458e-03 -1.079670578537887e-02 -1.757606658277332e-02 
 9.549925860213990e+12  7.102098449404154e-08 -2.873094437673530e-06  5.523284743470026e-01  4.883762147261209e-01  3.561931886922194e-01  8.686077638437702e-03 -1.102477385884859e-02 -1.773653121876638e-02 
 9.772372209557729e+12  6.655968068822806e-08 -2.806366335263273e-06  5.635069550993843e-01  4.872729856904228e-01  3.560244694241549e-01  8.327953810288844e-03 -1.125193213525997e-02 -1.789595674840685e-02 
 9.999999999999613e+12  6.236213136748589e-08 -2.741190614395689e-06  5.746291633477648e-01  4.859176716345995e-01  3.558561796362164e-01  7.982416556597597e-03 -1.147794682575436e-02 -1.805449828818772e-02 
 1.023292992280714e+13  5.841452649736787e-08 -2.677532628102836e-06  5.856838281640392e-01  4.843137998415701e-01  3.556885212993156e-01  7.649215465701800e-03 -1.170258889877922e-02 -1.821232617924588e-02 
 1.047128548050859e+13  5.470364453326935e-08 -2.615358394564850e-06  5.966599572776455e-01  4.824655140188780e-01  3.555216909610197e-01  7.328094612303494e-03 -1.192563498518673e-02 -1.836962558867008e-02 
 1.071519305237565e+13  5.121683371940826e-08 -2.554634585308158e-06  6.075468791988664e-01  4.803775485063638e-01  3.553558791130662e-01  7.018792874412412e-03 -1.214686823422326e-02 -1.852659603891090e-02 
 1.096478196143142e+13  4.794199410363700e-08 -2.495328514109519e-06  6.183342825982593e-01  4.780551991805249e-01  3.551912696009528e-01  6.721044305259355e-03 -1.236607911376080e-02 -1.868345087131236e-02 
 1.122018454301920e+13  4.486756017839543e-08 -2.437408126561790e-06  6.290122526546525e-01  4.755042913824726e-01  3.550280390802951e-01  6.434578554905061e-03 -1.258306614892658e-02 -1.884041665043700e-02 
 1.148153621496838e+13  4.198248406632817e-08 -2.380841990252985e-06  6.395713041270294e-01  4.727311452227074e-01  3.548663565239589e-01  6.159121335848263e-03 -1.279763659415902e-02 -1.899773251639207e-02 
 1.174897554939484e+13  3.927621917754121e-08 -2.325599285506907e-06  6.500024109508307e-01  4.697425386361419e-01  3.547063827832441e-01  5.894394926612629e-03 -1.300960703463644e-02 -1.915564949277564e-02 
 1.202264434617366e+13  3.673870427403097e-08 -2.271649796631150e-06  6.602970322058266e-01  4.665456685747691e-01  3.545482702056418e-01  5.640118707068200e-03 -1.321880391397272e-02 -1.931442975814598e-02 
 1.230268770812334e+13  3.436034788536268e-08 -2.218963903616805e-06  6.704471343498154e-01  4.631481107330856e-01  3.543921623109366e-01  5.396009719119559e-03 -1.342506398603096e-02 -1.947434588907507e-02 
 1.258925411794118e+13  3.213201302807870e-08 -2.167512574233616e-06  6.804452096591078e-01  4.595577782029615e-01  3.542381935266633e-01  5.161783246367509e-03 -1.362823468965550e-02 -1.963568008287995e-02 
 1.288249551693084e+13  3.004500218946957e-08 -2.117267356464528e-06  6.902842908622359e-01  4.557828794503825e-01  3.540864889832057e-01  4.937153406419723e-03 -1.382817444604667e-02 -1.979872336803967e-02 
 1.318256738556356e+13  2.809104254413547e-08 -2.068200371224701e-06  6.999579619968104e-01  4.518318759967371e-01  3.539371643681170e-01  4.721833749682313e-03 -1.402475287938639e-02 -1.996377481010821e-02 
 1.348962882591601e+13  2.626227137911394e-08 -2.020284305311806e-06  7.094603655602644e-01  4.477134401725656e-01  3.537903258385872e-01  4.515537858701069e-03 -1.421785096215214e-02 -2.013114072063482e-02 
 1.380384264602831e+13  2.455122171017067e-08 -1.973492404536934e-06  7.187862060628123e-01  4.434364132924864e-01  3.536460699903792e-01  4.317979942429296e-03 -1.440736108732049e-02 -2.030113387621348e-02 
 1.412537544622699e+13  2.295080807808279e-08 -1.927798466988390e-06  7.279307501248394e-01  4.390097645769853e-01  3.535044838810069e-01  4.128875420168576e-03 -1.459318707035033e-02 -2.047407275431638e-02 
 1.445439770745871e+13  2.145431251934265e-08 -1.883176836384191e-06  7.368898232907601e-01  4.344425511205400e-01  3.533656451044483e-01  3.947941490349461e-03 -1.477524408444163e-02 -2.065028079203460e-02 
 1.479108388168149e+13  2.005537071064009e-08 -1.839602395472943e-06  7.456598037569370e-01  4.297438791768450e-01  3.532296219142759e-01  3.774897679779675e-03 -1.495345853308508e-02 -2.083008567326609e-02 
 1.513561248436149e+13  1.874795829073020e-08 -1.797050559446884e-06  7.542376132323565e-01  4.249228670013589e-01  3.530964733917464e-01  3.609466369477376e-03 -1.512776786434661e-02 -2.101381864927183e-02 
 1.548816618912421e+13  1.752637736685748e-08 -1.755497269335235e-06  7.626207051674245e-01  4.199886094596977e-01  3.529662496551188e-01  3.451373293715717e-03 -1.529812033166971e-02 -2.120181389687781e-02 
 1.584893192461051e+13  1.638524321579901e-08 -1.714918985350400e-06  7.708070505985229e-01  4.149501445781441e-01  3.528389921062762e-01  3.300348009422353e-03 -1.546447470622768e-02 -2.139440791794557e-02 
 1.621810097358866e+13  1.531947119183229e-08 -1.675292680164007e-06  7.787951218640031e-01  4.098164221803474e-01  3.527147337105929e-01  3.156124333594210e-03 -1.562679994602158e-02 -2.159193898308111e-02 
 1.659586907437495e+13  1.432426385556059e-08 -1.636595832094096e-06  7.865838744513198e-01  4.045962747226540e-01  3.525934993059209e-01  3.018440746895304e-03 -1.578507482700107e-02 -2.179474662191004e-02 
 1.698243652461678e+13  1.339509833858258e-08 -1.598806418189038e-06  7.941727272353016e-01  3.992983904099331e-01  3.524753059365667e-01  2.887040762096178e-03 -1.593928754149169e-02 -2.200317116162662e-02 
 1.737800828749307e+13  1.252771395952248e-08 -1.561902907197783e-06  8.015615413644440e-01  3.939312886446174e-01  3.523601632081759e-01  2.761673256481125e-03 -1.608943526914855e-02 -2.221755331493257e-02 
 1.778279410038853e+13  1.171810010699335e-08 -1.525864252419805e-06  8.087505980459606e-01  3.885032978343307e-01  3.522480736595379e-01  2.642092767788235e-03 -1.623552372553182e-02 -2.243823381792795e-02 
 1.819700858609912e+13  1.096248440470844e-08 -1.490669884431671e-06  8.157405754715248e-01  3.830225355581645e-01  3.521390331474675e-01  2.528059753653640e-03 -1.637756669322003e-02 -2.266555311800167e-02 
 1.862087136662794e+13  1.025732117323929e-08 -1.456299703690332e-06  8.225325251145702e-01  3.774968910686103e-01  3.520330312410904e-01  2.419340814901336e-03 -1.651558554015297e-02 -2.289985111130349e-02 
 1.905460717963172e+13  9.599280201902046e-09 -1.422734073016145e-06  8.291278476170943e-01  3.719340100854730e-01  3.519300516220715e-01  2.315708883351949e-03 -1.664960872963263e-02 -2.314146692895843e-02 
 1.949844599757969e+13  8.985235842993698e-09 -1.389953809961141e-06  8.355282684695099e-01  3.663412818198766e-01  3.518300724875484e-01  2.216943375116354e-03 -1.677967132611873e-02 -2.339073877081729e-02 
 1.995262314968801e+13  8.412256439149166e-09 -1.357940179070295e-06  8.417358136715777e-01  3.607258281507323e-01  3.517330669527846e-01  2.122830310592902e-03 -1.690581450063965e-02 -2.364800378521674e-02 
 2.041737944669449e+13  7.877594093000188e-09 -1.326674884045375e-06  8.477527855462131e-01  3.550944948627493e-01  3.516390034508121e-01  2.033162402600359e-03 -1.702808503930978e-02 -2.391359799295474e-02 
 2.089296130853957e+13  7.378674786635563e-09 -1.296140059822503e-06  8.535817388612469e-01  3.494538448441673e-01  3.515478461266063e-01  1.947739114254095e-03 -1.714653485810474e-02 -2.418785625346603e-02 
 2.137962089502148e+13  6.913088856629958e-09 -1.266318264575770e-06  8.592254573974066e-01  3.438101531337712e-01  3.514595552235946e-01  1.866366688331541e-03 -1.726122052670408e-02 -2.447111227100899e-02 
 2.187761623949466e+13  6.478581828664815e-09 -1.237192471660139e-06  8.646869310840644e-01  3.381694037002770e-01  3.513740874605769e-01  1.788858149977166e-03 -1.737220280387133e-02 -2.476369863854470e-02 
 2.238721138568251e+13  6.073045614042133e-09 -1.208746061507552e-06  8.699693338079257e-01  3.325372878327134e-01  3.512913963973921e-01  1.715033284669270e-03 -1.747954618650887e-02 -2.506594691689958e-02 
 2.290867652767682e+13  5.694510068718005e-09 -1.180962813490487e-06  8.750760019839962e-01  3.269192040177878e-01  3.512114327879193e-01  1.644718593413531e-03 -1.758331847420276e-02 -2.537818774675138e-02 
 2.344228815319829e+13  5.341134913881690e-09 -1.153826897767405e-06  8.800104139630212e-01  3.213202591792503e-01  3.511341449192442e-01  1.577747227144370e-03 -1.768359035076543e-02 -2.570075099095850e-02 
 2.398832919019395e+13  5.011202015596182e-09 -1.127322867124464e-06  8.847761703352560e-01  3.157452711547626e-01  3.510594789360487e-01  1.513958902307651e-03 -1.778043498399247e-02 -2.603396590476616e-02 
 2.454708915684933e+13  4.703108019612462e-09 -1.101435648827621e-06  8.893769751770164e-01  3.101987722875707e-01  3.509873791494996e-01  1.453199799569971e-03 -1.787392764457753e-02 -2.637816133145836e-02 
 2.511886431509480e+13  4.415357336182604e-09 -1.076150536498905e-06  8.938166182740184e-01  3.046850140131783e-01  3.509177883301063e-01  1.395322447553754e-03 -1.796414534487631e-02 -2.673366592108703e-02 
 2.570395782768761e+13  4.146555468533672e-09 -1.051453182030096e-06  8.980989583441092e-01  2.992079723250549e-01  3.508506479842026e-01  1.340185593436219e-03 -1.805116649797905e-02 -2.710080836998794e-02 
 2.630267991895277e+13  3.895402677628932e-09 -1.027329587546411e-06  9.022279072716308e-01  2.937713540080234e-01  3.507858986138722e-01  1.287654062176800e-03 -1.813507059734022e-02 -2.747991767888903e-02 
 2.691534803926808e+13  3.660687974936550e-09 -1.003766097432157e-06  9.062074153563424e-01  2.883786035331995e-01  3.507234799602859e-01  1.237598606054219e-03 -1.821593791702480e-02 -2.787132342752354e-02 
 2.754228703338056e+13  3.441283434147441e-09 -9.807493904294554e-07  9.100414575715489e-01  2.830329105140535e-01  3.506633312305511e-01  1.189895746103388e-03 -1.829384923246261e-02 -2.827535606377941e-02 
 2.818382931264341e+13  3.236138812130140e-09 -9.582664718203828e-07  9.137340208188141e-01  2.777372176292109e-01  3.506053913082889e-01  1.144427606945850e-03 -1.836888556145387e-02 -2.869234720553917e-02 
 2.884031503126490e+13  3.044276468876510e-09 -9.363046657020086e-07  9.172890921603378e-01  2.724942289238766e-01  3.505495989482565e-01  1.101081746407299e-03 -1.844112792504191e-02 -2.912262995349475e-02 
 2.951209226666267e+13  2.864786575772495e-09 -9.148516073629436e-07  9.207106480046797e-01  2.673064184081526e-01  3.504958929554169e-01  1.059750981213759e-03 -1.851065712775847e-02 -2.956653921335289e-02 
 3.019951720401895e+13  2.696822601214759e-09 -8.938952357691440e-07  9.240026442170113e-01  2.621760388769427e-01  3.504442123489291e-01  1.020333209955426e-03 -1.857755355665633e-02 -3.002441202597864e-02 
 3.090295432513466e+13  2.539597062380290e-09 -8.734237861658632e-07  9.271690071213501e-01  2.571051308824970e-01  3.503944965115939e-01  9.827312344055103e-04 -1.864189699846773e-02 -3.049658790415659e-02 
 3.162277660168252e+13  2.392377531833244e-09 -8.534257828018048e-07  9.302136253592738e-01  2.520955317969035e-01  3.503466853253338e-01  9.468525801815843e-04 -1.870376647416708e-02 -3.098340917477696e-02 
 3.235936569296153e+13  2.254482887613057e-09 -8.338900317807054e-07  9.331403425673093e-01  2.471488849079056e-01  3.503007192933247e-01  9.126093176399161e-04 -1.876324009016994e-02 -3.148522132538027e-02 
 3.311311214825778e+13  2.125279795481920e-09 -8.148056140447936e-07  9.359529508335286e-01  2.422666484972829e-01  3.502565396494215e-01  8.799178837997306e-04 -1.882039490536604e-02 -3.200237335411472e-02 
 3.388441561391889e+13  2.004179412109601e-09 -7.961618784938325e-07  9.386551848927551e-01  2.374501048566303e-01  3.502140884555386e-01  8.486989060048878e-04 -1.887530681316157e-02 -3.253521812227603e-02 
 3.467368504525177e+13  1.890634298131269e-09 -7.779484352427309e-07  9.412507170191581e-01  2.327003692006938e-01  3.501733086876548e-01  8.188770279455469e-04 -1.892805043769287e-02 -3.308411270870994e-02 
 3.548133892335612e+13  1.784135530221650e-09 -7.601551490200567e-07  9.437431525748087e-01  2.280183984434314e-01  3.501341443111167e-01  7.903807385822956e-04 -1.897869904336991e-02 -3.364941876546188e-02 
 3.630780547700867e+13  1.684210001579006e-09 -7.427721327091535e-07  9.461360261729604e-01  2.234049998066784e-01  3.500965403459073e-01  7.631422044401543e-04 -1.902732445691133e-02 -3.423150287415489e-02 
 3.715352290971576e+13  1.590417900498404e-09 -7.257897410329971e-07  9.484327984153051e-01  2.188608392356666e-01  3.500604429225457e-01  7.370971056699929e-04 -1.907399700104332e-02 -3.483073690266948e-02 
 3.801893963205459e+13  1.502350357028742e-09 -7.091985643833910e-07  9.506368531632451e-01  2.143864495997122e-01  3.500257993292608e-01  7.121844762101515e-04 -1.911878543905002e-02 -3.544749836178314e-02 
 3.890451449942649e+13  1.419627248046383e-09 -6.929894227946213e-07  9.527514953042265e-01  2.099822386601180e-01  3.499925580510757e-01  6.883465483214929e-04 -1.916175692938401e-02 -3.608217076150469e-02 
 3.981071705534812e+13  1.341895151434394e-09 -6.771533600612464e-07  9.547799489753739e-01  2.056484967907594e-01  3.499606688014114e-01  6.655286017145515e-04 -1.920297698956951e-02 -3.673514396691217e-02 
 4.073802778040962e+13  1.268825440425724e-09 -6.616816379993074e-07  9.567253562080112e-01  2.013854044399352e-01  3.499300825468028e-01  6.436788174378705e-04 -1.924250946865842e-02 -3.740681455336728e-02 
 4.168693834703185e+13  1.200112509546175e-09 -6.465657308498812e-07  9.585907759581325e-01  1.971930393248883e-01  3.499007515252917e-01  6.227481366516238e-04 -1.928041652752904e-02 -3.809758616103948e-02 
 4.265795188015754e+13  1.135472123975750e-09 -6.317973198235898e-07  9.603791834894221e-01  1.930713833529360e-01  3.498726292590403e-01  6.026901243702921e-04 -1.931675862634904e-02 -3.880786984872751e-02 
 4.365158322401483e+13  1.074639884530525e-09 -6.173682877843940e-07  9.620934700770533e-01  1.890203292654229e-01  3.498456705616771e-01  5.834608382219828e-04 -1.935159451855676e-02 -3.953808444701422e-02 
 4.466835921509450e+13  1.017369800849425e-09 -6.032707140707632e-07  9.637364430021393e-01  1.850396870027270e-01  3.498198315408683e-01  5.650187022399482e-04 -1.938498125074888e-02 -4.028865691083396e-02 
 4.570881896148565e+13  9.634329657481056e-10 -5.894968694520985e-07  9.653108258083795e-01  1.811291897903320e-01  3.497950695965723e-01  5.473243856735308e-04 -1.941697416789610e-02 -4.106002267157213e-02 
 4.677351412871792e+13  9.126163240735875e-10 -5.760392112181068e-07  9.668192587941188e-01  1.772884999475426e-01  3.497713434154129e-01  5.303406867809837e-04 -1.944762692334264e-02 -4.185262598884893e-02 
 4.786300923226189e+13  8.647215297566144e-10 -5.628903783986731e-07  9.682642997146886e-01  1.735172144217750e-01  3.497486129615807e-01  5.140324215451336e-04 -1.947699149307870e-02 -4.266692030217179e-02 
 4.897788193684263e+13  8.195638851122366e-10 -5.500431871116532e-07  9.696484246715240e-01  1.698148700525262e-01  3.497268394646400e-01  4.983663172343382e-04 -1.950511819380852e-02 -4.350336858266610e-02 
 5.011872336272520e+13  7.769713567818042e-10 -5.374906260359112e-07  9.709740291661467e-01  1.661809485701240e-01  3.497059854046030e-01  4.833109107154680e-04 -1.953205570436850e-02 -4.436244368511787e-02 
 5.128613839913441e+13  7.367836630403750e-10 -5.252258520068354e-07  9.722434292986403e-01  1.626148813351970e-01  3.496860144945955e-01  4.688364514124357e-04 -1.955785109008167e-02 -4.524462870058170e-02 
 5.248074602497513e+13  6.988514275118321e-10 -5.132421857315228e-07  9.734588630917383e-01  1.591160538254991e-01  3.496668916614255e-01  4.549148087928842e-04 -1.958254982966453e-02 -4.615041730982530e-02 
 5.370317963702309e+13  6.630353946392420e-10 -5.015331076207653e-07  9.746224919230779e-01  1.556838098772938e-01  3.496485830243365e-01  4.415193842568048e-04 -1.960619584433206e-02 -4.708031413789505e-02 
 5.495408738576023e+13  6.292057025498359e-10 -4.900922537349559e-07  9.757364020495402e-01  1.523174556889477e-01  3.496310558722071e-01  4.286250272938751e-04 -1.962883152877386e-02 -4.803483511010118e-02 
 5.623413251903262e+13  5.972412092323601e-10 -4.789134118410113e-07  9.768026062089021e-01  1.490162635947334e-01  3.496142786394364e-01  4.162079557710211e-04 -1.965049778370144e-02 -4.901450780973070e-02 
 5.754399373371335e+13  5.670288682092601e-10 -4.679905175774206e-07  9.778230452852754e-01  1.457794756170893e-01  3.495982208807381e-01  4.042456802078545e-04 -1.967123404969159e-02 -5.001987183780397e-02 
 5.888436553555650e+13  5.384631501374956e-10 -4.573176507245258e-07  9.787995900259622e-01  1.426063068057579e-01  3.495828532450405e-01  3.927169318951773e-04 -1.969107834207470e-02 -5.105147917519959e-02 
 6.025595860743332e+13  5.114455070097169e-10 -4.468890315771761e-07  9.797340427984810e-01  1.394959483723192e-01  3.495681474486806e-01  3.816015947103655e-04 -1.971006728663921e-02 -5.210989454747535e-02 
 6.165950018614570e+13  4.858838758525050e-10 -4.366990174169183e-07  9.806281393775428e-01  1.364475706286695e-01  3.495540762480548e-01  3.708806404831433e-04 -1.972823615594482e-02 -5.319569579272028e-02 
 6.309573444801675e+13  4.616922190305577e-10 -4.267420990809277e-07  9.814835507527403e-01  1.334603257379757e-01  3.495406134118801e-01  3.605360677657941e-04 -1.974561890605649e-02 -5.430947423277305e-02 
 6.456542290346291e+13  4.387900984656056e-10 -4.170128976249219e-07  9.823018849486147e-01  1.305333502865657e-01  3.495277336931998e-01  3.505508438631863e-04 -1.976224821352999e-02 -5.545183504814674e-02 
 6.606934480075690e+13  4.171022812667489e-10 -4.075061610773563e-07  9.830846888496251e-01  1.276657676851030e-01  3.495154128012584e-01  3.409088499799289e-04 -1.977815551249709e-02 -5.662339765700009e-02 
 6.760829753919541e+13  3.965583744454179e-10 -3.982167612822435e-07  9.838334500233203e-01  1.248566904072545e-01  3.495036273733532e-01  3.315948293445197e-04 -1.979337103171413e-02 -5.782479609849775e-02 
 6.918309709189081e+13  3.770924865535832e-10 -3.891396908280039e-07  9.845495985357556e-01  1.221052220738806e-01  3.494923549467619e-01  3.225943381732917e-04 -1.980792383145314e-02 -5.905667942090162e-02 
 7.079457843841089e+13  3.586429142387831e-10 -3.802700600598040e-07  9.852345087538743e-01  1.194104593905844e-01  3.494815739308324e-01  3.138936993403157e-04 -1.982184184012791e-02 -6.031971207473485e-02 
 7.244359600749603e+13  3.411518518544823e-10 -3.716030941729148e-07  9.858895011301847e-01  1.167714939462390e-01  3.494712635793132e-01  3.054799586231070e-04 -1.983515189056035e-02 -6.161457431136306e-02 
 7.413102413008870e+13  3.245651223995765e-10 -3.631341303846635e-07  9.865158439656619e-01  1.141874138798771e-01  3.494614039629881e-01  2.973408433978191e-04 -1.984787975580438e-02 -6.294196258733245e-02 
 7.585775750291525e+13  3.088319281872739e-10 -3.548586151826415e-07  9.871147551473077e-01  1.116573054230892e-01  3.494519759426793e-01  2.894647236617640e-04 -1.986005018445479e-02 -6.430258997480814e-02 
 7.762471166286597e+13  2.939046197612761e-10 -3.467721016468735e-07  9.876874038573061e-01  1.091802543248175e-01  3.494429611426653e-01  2.818405752652398e-04 -1.987168693537891e-02 -6.569718657845255e-02 
 7.943282347242488e+13  2.797384816869386e-10 -3.388702468437313e-07  9.882349122511428e-01  1.067553471651825e-01  3.494343419245597e-01  2.744579452390106e-04 -1.988281281181764e-02 -6.712649995908562e-02 
 8.128305161640658e+13  2.662915339471338e-10 -3.311488092894365e-07  9.887583571024668e-01  1.043816725647098e-01  3.494261013616897e-01  2.673069191081022e-04 -1.989344969481053e-02 -6.859129556446497e-02 
 8.317637711026367e+13  2.535243477674598e-10 -3.236036464810564e-07  9.892587714128370e-01  1.020583222950692e-01  3.494182232140005e-01  2.603780900869569e-04 -1.990361857590744e-02 -7.009235716752776e-02 
 8.511380382023414e+13  2.413998747836405e-10 -3.162307124929709e-07  9.897371459848324e-01  9.978439229717040e-02  3.494106919035185e-01  2.536625300553659e-04 -1.991333958913556e-02 -7.163048731243128e-02 
 8.709635899560447e+13  2.298832885458150e-10 -3.090260556368404e-07  9.901944309573063e-01  9.755898361220387e-02  3.494034924903883e-01  2.471517622189000e-04 -1.992263204219726e-02 -7.320650776873293e-02 
 8.912509381337088e+13  2.189418374303891e-10 -3.019858161831733e-07  9.906315373018333e-01  9.538120323095579e-02  3.493966106495030e-01  2.408377353618387e-04 -1.993151444687935e-02 -7.482125999404801e-02 
 9.120108393558720e+13  2.085447081005544e-10 -2.951062241426531e-07  9.910493382796542e-01  9.325016486647519e-02  3.493900326477411e-01  2.347127996047823e-04 -1.994000454865947e-02 -7.647560560552391e-02 
 9.332543007969525e+13  1.986628987218571e-10 -2.883835971054367e-07  9.914486708586272e-01  9.116498965492412e-02  3.493837453218155e-01  2.287696835832422e-04 -1.994811935549999e-02 -7.817042686047307e-02 
 9.549925860213964e+13  1.892691011996383e-10 -2.818143381367057e-07  9.918303370899091e-01  8.912480678920162e-02  3.493777360567444e-01  2.230014729674887e-04 -1.995587516582339e-02 -7.990662714650193e-02 
 9.772372209557702e+13  1.803375917611468e-10 -2.753949337267990e-07  9.921951054442533e-01  8.712875408969729e-02  3.493719927649453e-01  2.174015902478414e-04 -1.996328759566713e-02 -8.168513148147938e-02 
 9.999999999999584e+13  1.718441292568860e-10 -2.691219517943135e-07  9.925437121079704e-01  8.517597851630468e-02  3.493665038659505e-01  2.119637757133390e-04 -1.997037160501876e-02 -8.350688702368793e-02 
