 v-sweep                v(out)                 v(xdut.e)              v(xdut.x)              i(VDD)                 margin1                margin2                @m.xdut.m1[gm]         @m.xdut.m2[gm]        
 4.500000000000001e-01  1.799999999841805e+00 -6.999401161402870e-190  6.669526852731064e-01 -3.163913575576771e-12  6.669526852731064e-01  1.133002996449869e+00  0.000000000000000e+00  6.109940612620367e-08 
 4.505000000000001e-01  1.799999991342227e+00  8.499616466631511e-09  6.665647968991619e-01 -1.731554621908771e-10  6.660647989309589e-01  1.132936630325949e+00  6.799836397553404e-07  6.873557608358734e-07 
 4.510000000000001e-01  1.799999965845276e+00  3.399661064090581e-08  6.661416274926861e-01 -6.830944906943692e-10  6.651416356194304e-01  1.132864200794231e+00  1.359921710195282e-06  1.370605190878157e-06 
 4.515000000000001e-01  1.799999923353730e+00  7.648819895716791e-08  6.657179363600860e-01 -1.532925411606989e-09  6.642179546442621e-01  1.132791653765508e+00  2.039814184758912e-06  2.054729296259509e-06 
 4.520000000000001e-01  1.799999863870372e+00  1.359715986216868e-07  6.652941425585491e-01 -2.722592561121839e-09  6.632941750619765e-01  1.132719060924035e+00  2.719661070408643e-06  2.739051513384264e-06 
 4.525000000000001e-01  1.799999787397985e+00  2.124440275246971e-07  6.648703303779158e-01 -4.252040303187599e-09  6.623703811617478e-01  1.132646436688948e+00  3.399462374153785e-06  3.423435755637744e-06 
 4.530000000000001e-01  1.799999693939351e+00  3.059027043011571e-07  6.644465280264977e-01 -6.121212973997370e-09  6.614466011512224e-01  1.132573785886118e+00  4.079218103015799e-06  4.107836479187571e-06 
 4.535000000000001e-01  1.799999583497250e+00  4.163448483145390e-07  6.640227475575945e-01 -8.330055006888770e-09  6.605228470830345e-01  1.132501110577931e+00  4.758928264009705e-06  4.792234222259572e-06 
 4.540000000000001e-01  1.799999456074461e+00  5.437676796568633e-07  6.635989949962695e-01 -1.087851078662716e-08  6.595991249815818e-01  1.132428411795588e+00  5.438592864149631e-06  5.476619255584619e-06 
 4.545000000000001e-01  1.799999311673763e+00  6.881684191484524e-07  6.631752736886765e-01 -1.376652473267237e-08  6.586754381923525e-01  1.132355690112033e+00  6.118211910448175e-06  6.160986174958314e-06 
 4.550000000000001e-01  1.799999150297936e+00  8.495442883376190e-07  6.627515856413643e-01 -1.699404127142312e-08  6.577517887212303e-01  1.132282945871056e+00  6.797785409916234e-06  6.845331738953025e-06 
 4.555000000000001e-01  1.799998971949758e+00  1.027892509500602e-06  6.623279321301155e-01 -2.056100484315593e-08  6.568281778433323e-01  1.132210179291438e+00  7.477313369563813e-06  7.529653885956775e-06 
 4.560000000000001e-01  1.799998776632004e+00  1.223210305641238e-06  6.619043140044003e-01 -2.446735992284177e-08  6.559046064074632e-01  1.132137390519034e+00  8.156795796399113e-06  8.213951242636441e-06 
 4.565000000000001e-01  1.799998564347452e+00  1.435494900490628e-06  6.614807318513282e-01 -2.871305096463495e-08  6.549810750000669e-01  1.132064579654816e+00  8.836232697429281e-06  8.898222859240561e-06 
 4.570000000000001e-01  1.799998335098876e+00  1.664743518507213e-06  6.610571860893426e-01 -3.329802247820091e-08  6.540575840389221e-01  1.131991746770904e+00  9.515624079659735e-06  9.582468058330225e-06 
 4.575000000000001e-01  1.799998088889052e+00  1.910953384876230e-06  6.606336770244410e-01 -3.822221897320510e-08  6.531341338293606e-01  1.131918891920176e+00  1.019496995009476e-05  1.026668634401355e-05 
 4.580000000000001e-01  1.799997825720753e+00  2.174121725509549e-06  6.602102048853109e-01 -4.348558493849630e-08  6.522107245994047e-01  1.131846015142288e+00  1.087427031573704e-05  1.095087734521722e-05 
 4.585000000000001e-01  1.799997545596755e+00  2.454245767045754e-06  6.597867698460695e-01 -4.908806491149553e-08  6.512873565225064e-01  1.131773116467555e+00  1.155352518358802e-05  1.163504077897603e-05 
 4.590000000000001e-01  1.799997248519827e+00  2.751322736849318e-06  6.593633720414215e-01 -5.502960346431829e-08  6.503640297327049e-01  1.131700195919549e+00  1.223273456064766e-05  1.231917642595893e-05 
 4.595000000000001e-01  1.799996934492743e+00  3.065349863011233e-06  6.589400115770314e-01 -6.131014513438560e-08  6.494407443349999e-01  1.131627253516870e+00  1.291189845391453e-05  1.300328411372376e-05 
 4.600000000000001e-01  1.799996603518275e+00  3.396324374347724e-06  6.585166885367835e-01 -6.792963450769074e-08  6.485175004126105e-01  1.131554289274392e+00  1.359101687038582e-05  1.368736370499656e-05 
 4.605000000000001e-01  1.799996255599191e+00  3.744243500400995e-06  6.580934029879687e-01 -7.488801619104368e-08  6.475942980321623e-01  1.131481303204147e+00  1.427008981705729e-05  1.437141508929645e-05 
 4.610000000000001e-01  1.799995890738262e+00  4.109104471438298e-06  6.576701549850562e-01 -8.218523476349882e-08  6.466711372474593e-01  1.131408295315970e+00  1.494911730092326e-05  1.505543817684780e-05 
 4.615000000000001e-01  1.799995508938257e+00  4.490904518452256e-06  6.572469445724816e-01 -8.982123486656057e-08  6.457480181022721e-01  1.131335265617979e+00  1.562809932897688e-05  1.573943289407741e-05 
 4.620000000000001e-01  1.799995110201945e+00  4.889640873160125e-06  6.568237717867366e-01 -9.779596110703892e-08  6.448249406324276e-01  1.131262214116930e+00  1.630703590820952e-05  1.642339918024102e-05 
 4.625000000000001e-01  1.799994694532092e+00  5.305310768003995e-06  6.564006366579597e-01 -1.061093581541939e-07  6.439019048673988e-01  1.131189140818488e+00  1.698592704561160e-05  1.710733698485627e-05 
 4.630000000000001e-01  1.799994261931466e+00  5.737911436150331e-06  6.559775392111578e-01 -1.147613706772854e-07  6.429789108315282e-01  1.131116045727439e+00  1.766477274817165e-05  1.779124626572936e-05 
 4.635000000000001e-01  1.799993812402833e+00  6.187440111489728e-06  6.555544794671566e-01 -1.237519433386347e-07  6.420559585449761e-01  1.131042928847851e+00  1.834357302287722e-05  1.847512698742037e-05 
 4.640000000000001e-01  1.799993345948958e+00  6.653894028636831e-06  6.551314574433498e-01 -1.330810208352573e-07  6.411330480244712e-01  1.130969790183203e+00  1.902232787671428e-05  1.915897912003522e-05 
 4.645000000000001e-01  1.799992862572606e+00  7.137270422930101e-06  6.547084731542873e-01 -1.427485478780466e-07  6.402101792838988e-01  1.130896629736483e+00  1.970103731666751e-05  1.984280263827421e-05 
 4.650000000000001e-01  1.799992362276541e+00  7.637566530431440e-06  6.542855266121544e-01 -1.527544691848348e-07  6.392873523347790e-01  1.130823447510273e+00  2.037970134972004e-05  2.052659752065919e-05 
 4.655000000000001e-01  1.799991845063526e+00  8.154779587926112e-06  6.538626178271499e-01 -1.630987294873321e-07  6.383645671866458e-01  1.130750243506812e+00  2.105831998285369e-05  2.121036374892394e-05 
 4.660000000000001e-01  1.799991310936323e+00  8.688906832922295e-06  6.534397468077987e-01 -1.737812735380651e-07  6.374418238473594e-01  1.130677017728052e+00  2.173689322304886e-05  2.189410130750819e-05 
 4.665000000000001e-01  1.799990759897694e+00  9.239945503651019e-06  6.530169135612061e-01 -1.848020461242550e-07  6.365191223233602e-01  1.130603770175697e+00  2.241542107728461e-05  2.257781018314717e-05 
 4.670000000000001e-01  1.799990191950402e+00  9.807892839066183e-06  6.525941180932650e-01 -1.961609919706730e-07  6.355964626198762e-01  1.130530500851243e+00  2.309390355253861e-05  2.326149036453800e-05 
 4.675000000000001e-01  1.799989607097204e+00  1.039274607884403e-05  6.521713604088318e-01 -2.078580559200516e-07  6.346738447410993e-01  1.130457209756004e+00  2.377234065578715e-05  2.394514184205469e-05 
 4.680000000000001e-01  1.799989005340862e+00  1.099450246338253e-05  6.517486405118700e-01 -2.198931827665507e-07  6.337512686903282e-01  1.130383896891139e+00  2.445073239400491e-05  2.462876460751744e-05 
 4.685000000000001e-01  1.799988386684134e+00  1.161315923380234e-05  6.513259584055702e-01 -2.322663173251471e-07  6.328287344700885e-01  1.130310562257675e+00  2.512907877416553e-05  2.531235865399765e-05 
 4.690000000000001e-01  1.799987751129778e+00  1.224871363194548e-05  6.509033140924534e-01 -2.449774044524511e-07  6.319062420822369e-01  1.130237205856519e+00  2.580737980324114e-05  2.599592397565206e-05 
 4.695000000000001e-01  1.799987098680551e+00  1.290116290037492e-05  6.504807075744576e-01 -2.580263889773171e-07  6.309837915280465e-01  1.130163827688475e+00  2.648563548820223e-05  2.667946056758227e-05 
 4.700000000000001e-01  1.799986429339212e+00  1.357050428237594e-05  6.500581388530091e-01 -2.714132157702331e-07  6.300613828082793e-01  1.130090427754260e+00  2.716384583601822e-05  2.736296842572054e-05 
 4.705000000000001e-01  1.799985743108514e+00  1.425673502195399e-05  6.496356079290867e-01 -2.851378297155649e-07  6.291390159232491e-01  1.130017006054508e+00  2.784201085365697e-05  2.804644754672499e-05 
 4.710000000000001e-01  1.799985039991215e+00  1.495985236383593e-05  6.492131148032753e-01 -2.992001757115559e-07  6.282166908728763e-01  1.129943562589787e+00  2.852013054808521e-05  2.872989792789395e-05 
 4.715000000000001e-01  1.799984319990068e+00  1.567985355346890e-05  6.487906594758114e-01 -3.136001986495107e-07  6.272944076567333e-01  1.129870097360599e+00  2.919820492626779e-05  2.941331956709198e-05 
 4.720000000000001e-01  1.799983583107826e+00  1.641673583702037e-05  6.483682419466235e-01 -3.283378434831841e-07  6.263721662740837e-01  1.129796610367393e+00  2.987623399516867e-05  3.009671246268533e-05 
 4.725000000000001e-01  1.799982829347244e+00  1.717049646137819e-05  6.479458622153663e-01 -3.434130551316361e-07  6.254499667239177e-01  1.129723101610568e+00  3.055421776175014e-05  3.078007661348541e-05 
 4.730000000000001e-01  1.799982058711073e+00  1.794113267414995e-05  6.475235202814517e-01 -3.588257785347437e-07  6.245278090049828e-01  1.129649571090479e+00  3.123215623297309e-05  3.146341201870076e-05 
 4.735000000000001e-01  1.799981271202066e+00  1.872864172366311e-05  6.471012161440728e-01 -3.745759586948338e-07  6.236056931158078e-01  1.129576018807439e+00  3.191004941579742e-05  3.214671867789603e-05 
 4.740000000000001e-01  1.799980466822973e+00  1.953302085896425e-05  6.466789498022297e-01 -3.906635405379055e-07  6.226836190547282e-01  1.129502444761730e+00  3.258789731718107e-05  3.282999659095185e-05 
 4.745000000000001e-01  1.799979645576544e+00  2.035426732981960e-05  6.462567212547472e-01 -4.070884691217969e-07  6.217615868199047e-01  1.129428848953594e+00  3.326569994408104e-05  3.351324575803622e-05 
 4.750000000000001e-01  1.799978807465530e+00  2.119237838671438e-05  6.458345305002942e-01 -4.238506894141403e-07  6.208395964093416e-01  1.129355231383252e+00  3.394345730345266e-05  3.419646617957243e-05 
 4.755000000000001e-01  1.799977952492678e+00  2.204735128085243e-05  6.454123775373977e-01 -4.409501464450183e-07  6.199176478209016e-01  1.129281592050893e+00  3.462116940225005e-05  3.487965785621670e-05 
 4.760000000000001e-01  1.799977080660736e+00  2.291918326415607e-05  6.449902623644592e-01 -4.583867852722689e-07  6.189957410523221e-01  1.129207930956680e+00  3.529883624742601e-05  3.556282078883219e-05 
 4.765000000000001e-01  1.799976191972454e+00  2.380787158926613e-05  6.445681849797642e-01 -4.761605509329137e-07  6.180738761012242e-01  1.129134248100760e+00  3.597645784593160e-05  3.624595497847285e-05 
 4.770000000000001e-01  1.799975286430576e+00  2.471341350954171e-05  6.441461453814937e-01 -4.942713884917294e-07  6.171520529651248e-01  1.129060543483255e+00  3.665403420471697e-05  3.692906042636592e-05 
 4.775000000000001e-01  1.799974364037848e+00  2.563580627905975e-05  6.437241435677356e-01 -5.127192430412486e-07  6.162302716414472e-01  1.128986817104269e+00  3.733156533073067e-05  3.761213713389260e-05 
 4.780000000000001e-01  1.799973424797017e+00  2.657504715261459e-05  6.433021795364914e-01 -5.315040596670650e-07  6.153085321275291e-01  1.128913068963888e+00  3.800905123091978e-05  3.829518510257752e-05 
 4.785000000000001e-01  1.799972468710826e+00  2.753113338571824e-05  6.428802532856854e-01 -5.506257834894668e-07  6.143868344206307e-01  1.128839299062184e+00  3.868649191223012e-05  3.897820433407370e-05 
 4.790000000000001e-01  1.799971495782019e+00  2.850406223460036e-05  6.424583648131708e-01 -5.700843596287419e-07  6.134651785179407e-01  1.128765507399213e+00  3.936388738160611e-05  3.966119483015374e-05 
 4.795000000000001e-01  1.799970506013340e+00  2.949383095620672e-05  6.420365141167358e-01 -5.898797332051786e-07  6.125435644165838e-01  1.128691693975017e+00  4.004123764599071e-05  4.034415659269825e-05 
 4.800000000000001e-01  1.799969499407530e+00  3.050043680820039e-05  6.416147011941101e-01 -6.100118494015150e-07  6.116219921136250e-01  1.128617858789627e+00  4.071854271232574e-05  4.102708962368675e-05 
 4.805000000000001e-01  1.799968475967331e+00  3.152387704896117e-05  6.411929260429693e-01 -6.304806533796725e-07  6.107004616060761e-01  1.128544001843059e+00  4.139580258755134e-05  4.170999392519008e-05 
 4.810000000000001e-01  1.799967435695485e+00  3.256414893758523e-05  6.407711886609390e-01 -6.512860903085116e-07  6.097789728908987e-01  1.128470123135320e+00  4.207301727860659e-05  4.239286949936363e-05 
 4.815000000000001e-01  1.799966378594731e+00  3.362124973388450e-05  6.403494890456006e-01 -6.724281053846481e-07  6.088575259650104e-01  1.128396222666407e+00  4.275018679242886e-05  4.307571634843818e-05 
 4.820000000000001e-01  1.799965304667808e+00  3.469517669838651e-05  6.399278271944935e-01 -6.939066438393926e-07  6.079361208252865e-01  1.128322300436306e+00  4.342731113595430e-05  4.375853447471665e-05 
 4.825000000000001e-01  1.799964213917457e+00  3.578592709233564e-05  6.395062031051190e-01 -7.157216508624220e-07  6.070147574685641e-01  1.128248356444995e+00  4.410439031611796e-05  4.444132388056678e-05 
 4.830000000000001e-01  1.799963106346413e+00  3.689349817769042e-05  6.390846167749439e-01 -7.378730717474968e-07  6.060934358916465e-01  1.128174390692441e+00  4.478142433985294e-05  4.512408456841637e-05 
 4.835000000000001e-01  1.799961981957416e+00  3.801788721712581e-05  6.386630682014023e-01 -7.603608516773552e-07  6.051721560913039e-01  1.128100403178607e+00  4.545841321409143e-05  4.580681654075022e-05 
 4.840000000000001e-01  1.799960840753201e+00  3.915909147403046e-05  6.382415573818989e-01 -7.831849359804521e-07  6.042509180642770e-01  1.128026393903443e+00  4.613535694576406e-05  4.648951980010423e-05 
 4.845000000000001e-01  1.799959682736505e+00  4.031710821250886e-05  6.378200843138115e-01 -8.063452699158535e-07  6.033297218072797e-01  1.127952362866896e+00  4.681225554180018e-05  4.717219434906199e-05 
 4.850000000000001e-01  1.799958507910062e+00  4.149193469738010e-05  6.373986489944923e-01 -8.298417987634421e-07  6.024085673170007e-01  1.127878310068905e+00  4.748910900912766e-05  4.785484019025226e-05 
 4.855000000000001e-01  1.799957316276607e+00  4.268356819417681e-05  6.369772514212708e-01 -8.536744678586117e-07  6.014874545901056e-01  1.127804235509401e+00  4.816591735467309e-05  4.853745732634441e-05 
 4.860000000000001e-01  1.799956107838875e+00  4.389200596914600e-05  6.365558915914553e-01 -8.778432225090005e-07  6.005663836232389e-01  1.127730139188309e+00  4.884268058536158e-05  4.922004576004626e-05 
 4.865000000000001e-01  1.799954882599596e+00  4.511724528924909e-05  6.361345695023337e-01 -9.023480080777579e-07  5.996453544130248e-01  1.127656021105548e+00  4.951939870811712e-05  4.990260549410243e-05 
 4.870000000000001e-01  1.799953640561506e+00  4.635928342216080e-05  6.357132851511768e-01 -9.271887698864001e-07  5.987243669560705e-01  1.127581881261034e+00  5.019607172986200e-05  5.058513653128886e-05 
 4.875000000000001e-01  1.799952381727334e+00  4.761811763626910e-05  6.352920385352380e-01 -9.523654533258319e-07  5.978034212489657e-01  1.127507719654673e+00  5.087269965751742e-05  5.126763887441410e-05 
 4.880000000000001e-01  1.799951106099811e+00  4.889374520067572e-05  6.348708296517555e-01 -9.778780037730805e-07  5.968825172882851e-01  1.127433536286368e+00  5.154928249800299e-05  5.195011252631495e-05 
 4.885000000000001e-01  1.799949813681669e+00  5.018616338519507e-05  6.344496584979531e-01 -1.003726366619051e-06  5.959616550705890e-01  1.127359331156018e+00  5.222582025823711e-05  5.263255748985555e-05 
 4.890000000000001e-01  1.799948504475636e+00  5.149536946035411e-05  6.340285250710415e-01 -1.029910487282404e-06  5.950408345924241e-01  1.127285104263514e+00  5.290231294513669e-05  5.331497376792512e-05 
 4.895000000000001e-01  1.799947178484441e+00  5.282136069739317e-05  6.336074293682195e-01 -1.056430311181800e-06  5.941200558503261e-01  1.127210855608745e+00  5.357876056561744e-05  5.399736136343629e-05 
 4.900000000000001e-01  1.799945835710812e+00  5.416413436826412e-05  6.331863713866744e-01 -1.083285783770593e-06  5.931993188408187e-01  1.127136585191594e+00  5.425516312659362e-05  5.467972027932373e-05 
 4.905000000000001e-01  1.799944476157477e+00  5.552368774563093e-05  6.327653511235830e-01 -1.110476850460507e-06  5.922786235604152e-01  1.127062293011941e+00  5.493152063497803e-05  5.536205051854406e-05 
 4.910000000000001e-01  1.799943099827162e+00  5.690001810287075e-05  6.323443685761128e-01 -1.138003456767345e-06  5.913579700056194e-01  1.126987979069659e+00  5.560783309768224e-05  5.604435208407203e-05 
 4.915000000000001e-01  1.799941706722593e+00  5.829312271407050e-05  6.319234237414237e-01 -1.165865548151401e-06  5.904373581729282e-01  1.126913643364619e+00  5.628410052161644e-05  5.672662497889867e-05 
 4.920000000000001e-01  1.799940296846494e+00  5.970299885402986e-05  6.315025166166647e-01 -1.194063070114604e-06  5.895167880588270e-01  1.126839285896687e+00  5.696032291368931e-05  5.740886920603772e-05 
 4.925000000000001e-01  1.799938870201592e+00  6.112964379825988e-05  6.310816471989795e-01 -1.222595968158879e-06  5.885962596597962e-01  1.126764906665726e+00  5.763650028080839e-05  5.809108476851398e-05 
 4.930000000000001e-01  1.799937426790610e+00  6.257305482298174e-05  6.306608154855055e-01 -1.251464187806972e-06  5.876757729723098e-01  1.126690505671593e+00  5.831263262987972e-05  5.877327166936763e-05 
 4.935000000000001e-01  1.799935966616270e+00  6.403322920512773e-05  6.302400214733715e-01 -1.280667674609381e-06  5.867553279928334e-01  1.126616082914145e+00  5.898871996780803e-05  5.945542991165585e-05 
 4.940000000000001e-01  1.799934489681294e+00  6.551016422234155e-05  6.298192651597024e-01 -1.310206374116607e-06  5.858349247178285e-01  1.126541638393231e+00  5.966476230149662e-05  6.013755949844682e-05 
 4.945000000000001e-01  1.799932995988406e+00  6.700385715297601e-05  6.293985465416169e-01 -1.340080231879148e-06  5.849145631437505e-01  1.126467172108699e+00  6.034075963784753e-05  6.081966043282276e-05 
 4.950000000000001e-01  1.799931485540325e+00  6.851430527609527e-05  6.289778656162293e-01 -1.370289193496077e-06  5.839942432670507e-01  1.126392684060393e+00  6.101671198376133e-05  6.150173271787655e-05 
 4.955000000000001e-01  1.799929958339772e+00  7.004150587147133e-05  6.285572223806497e-01 -1.400833204573404e-06  5.830739650841761e-01  1.126318174248153e+00  6.169261934613737e-05  6.218377635671197e-05 
 4.960000000000001e-01  1.799928414389466e+00  7.158545621958914e-05  6.281366168319832e-01 -1.431712210689384e-06  5.821537285915683e-01  1.126243642671816e+00  6.236848173187349e-05  6.286579135244527e-05 
 4.965000000000001e-01  1.799926853692126e+00  7.314615360164057e-05  6.277160489673324e-01 -1.462926157484723e-06  5.812335337856669e-01  1.126169089331216e+00  6.304429914786628e-05  6.354777770820027e-05 
 4.970000000000001e-01  1.799925276250470e+00  7.472359529952792e-05  6.272955187837961e-01 -1.494474990607064e-06  5.803133806629077e-01  1.126094514226183e+00  6.372007160101092e-05  6.422973542711143e-05 
 4.975000000000001e-01  1.799923682067215e+00  7.631777859586102e-05  6.268750262784698e-01 -1.526358655704052e-06  5.793932692197230e-01  1.126019917356543e+00  6.439579909820125e-05  6.491166451232231e-05 
 4.980000000000001e-01  1.799922071145079e+00  7.792870077396028e-05  6.264545714484472e-01 -1.558577098416392e-06  5.784731994525436e-01  1.125945298722124e+00  6.507148164632979e-05  6.559356496698341e-05 
 4.985000000000001e-01  1.799920443486778e+00  7.955635911785517e-05  6.260341542908185e-01 -1.591130264447238e-06  5.775531713577966e-01  1.125870658322743e+00  6.574711925228766e-05  6.627543679425472e-05 
 4.990000000000001e-01  1.799918799095025e+00  8.120075091228123e-05  6.256137748026730e-01 -1.624018099499747e-06  5.766331849319082e-01  1.125795996158219e+00  6.642271192296459e-05  6.695727999730245e-05 
 4.995000000000001e-01  1.799917137972537e+00  8.286187344268290e-05  6.251934329810974e-01 -1.657240549270134e-06  5.757132401713025e-01  1.125721312228367e+00  6.709825966524902e-05  6.763909457929998e-05 
 5.000000000000001e-01  1.799915460122026e+00  8.453972399521473e-05  6.247731288231764e-01 -1.690797559489310e-06  5.747933370724008e-01  1.125646606532998e+00  6.777376248602812e-05  6.832088054342910e-05 
 5.005000000000001e-01  1.799913765546207e+00  8.623429985673696e-05  6.243528623259944e-01 -1.724689075867369e-06  5.738734756316251e-01  1.125571879071922e+00  6.844922039218731e-05  6.900263789287504e-05 
 5.010000000000000e-01  1.799912054247790e+00  8.794559831481620e-05  6.239326334866335e-01 -1.758915044197673e-06  5.729536558453943e-01  1.125497129844943e+00  6.912463339061125e-05  6.968436663083148e-05 
 5.014999999999999e-01  1.799910326229490e+00  8.967361665772963e-05  6.235124423021758e-01 -1.793475410211132e-06  5.720338777101277e-01  1.125422358851867e+00  6.980000148818294e-05  7.036606676049597e-05 
 5.019999999999999e-01  1.799908581494015e+00  9.141835217445889e-05  6.230922887697016e-01 -1.828370119708045e-06  5.711141412222427e-01  1.125347566092492e+00  7.047532469178381e-05  7.104773828507297e-05 
 5.024999999999998e-01  1.799906820044076e+00  9.317980215469308e-05  6.226721728862915e-01 -1.863599118481774e-06  5.701944463781574e-01  1.125272751566614e+00  7.115060300829420e-05  7.172938120777054e-05 
 5.029999999999998e-01  1.799905041882385e+00  9.495796388882869e-05  6.222520946490251e-01 -1.899162352304862e-06  5.692747931742885e-01  1.125197915274032e+00  7.182583644459337e-05  7.241099553180240e-05 
 5.034999999999997e-01  1.799903247011647e+00  9.675283466796907e-05  6.218320540549817e-01 -1.935059767060876e-06  5.683551816070526e-01  1.125123057214532e+00  7.250102500755868e-05  7.309258126038678e-05 
 5.039999999999997e-01  1.799901435434573e+00  9.856441178392090e-05  6.214120511012404e-01 -1.971291308536238e-06  5.674356116728660e-01  1.125048177387908e+00  7.317616870406639e-05  7.377413839674608e-05 
 5.044999999999996e-01  1.799899607153870e+00  1.003926925292005e-04  6.209920857848806e-01 -2.007856922600637e-06  5.665160833681455e-01  1.124973275793943e+00  7.385126754099155e-05  7.445566694410683e-05 
 5.049999999999996e-01  1.799897762172244e+00  1.022376741970275e-04  6.205721581029816e-01 -2.044756555123761e-06  5.655965966893078e-01  1.124898352432422e+00  7.452632152520750e-05  7.513716690569912e-05 
 5.054999999999995e-01  1.799895900492402e+00  1.040993540813269e-04  6.201522680526229e-01 -2.081990151975299e-06  5.646771516327699e-01  1.124823407303124e+00  7.520133066358664e-05  7.581863828475734e-05 
 5.059999999999995e-01  1.799894022117048e+00  1.059777294767315e-04  6.197324156308848e-01 -2.119557659038818e-06  5.637577481949492e-01  1.124748440405830e+00  7.587629496299972e-05  7.650008108451816e-05 
 5.064999999999994e-01  1.799892127048889e+00  1.078727976785770e-04  6.193126008348470e-01 -2.157459022232577e-06  5.628383863722631e-01  1.124673451740314e+00  7.655121443031643e-05  7.718149530822363e-05 
 5.069999999999993e-01  1.799890215290626e+00  1.097845559829046e-04  6.188928236615907e-01 -2.195694187481778e-06  5.619190661611304e-01  1.124598441306349e+00  7.722608907240471e-05  7.786288095911686e-05 
 5.074999999999993e-01  1.799888286844964e+00  1.117130016864596e-04  6.184730841081979e-01 -2.234263100718559e-06  5.609997875579703e-01  1.124523409103705e+00  7.790091889613156e-05  7.854423804044482e-05 
 5.079999999999992e-01  1.799886341714606e+00  1.136581320866932e-04  6.180533821717508e-01 -2.273165707888936e-06  5.600805505592027e-01  1.124448355132149e+00  7.857570390836229e-05  7.922556655545727e-05 
 5.084999999999992e-01  1.799884379902253e+00  1.156199444817594e-04  6.176337178493323e-01 -2.312401954952803e-06  5.591613551612481e-01  1.124373279391448e+00  7.925044411596140e-05  7.990686650740709e-05 
 5.089999999999991e-01  1.799882401410606e+00  1.175984361705172e-04  6.172140911380272e-01 -2.351971787883933e-06  5.582422013605288e-01  1.124298181881362e+00  7.992513952579123e-05  8.058813789954849e-05 
 5.094999999999991e-01  1.799880406242366e+00  1.195936044525295e-04  6.167945020349199e-01 -2.391875152683853e-06  5.573230891534671e-01  1.124223062601654e+00  8.059979014471344e-05  8.126938073513966e-05 
 5.099999999999990e-01  1.799878394400232e+00  1.216054466280612e-04  6.163749505370978e-01 -2.432111995354092e-06  5.564040185364876e-01  1.124147921552078e+00  8.127439597958832e-05  8.195059501743933e-05 
 5.104999999999990e-01  1.799876365886904e+00  1.236339599980820e-04  6.159554366416479e-01 -2.472682261923931e-06  5.554849895060152e-01  1.124072758732391e+00  8.194895703727451e-05  8.263178074970950e-05 
 5.109999999999989e-01  1.799874320705080e+00  1.256791418642650e-04  6.155359603456583e-01 -2.513585898408777e-06  5.545660020584759e-01  1.123997574142344e+00  8.262347332462930e-05  8.331293793521530e-05 
 5.114999999999988e-01  1.799872258857457e+00  1.277409895289852e-04  6.151165216462201e-01 -2.554822850858729e-06  5.536470561902985e-01  1.123922367781688e+00  8.329794484850881e-05  8.399406657722077e-05 
 5.119999999999988e-01  1.799870180346733e+00  1.298195002953207e-04  6.146971205404242e-01 -2.596393065344704e-06  5.527281518979115e-01  1.123847139650169e+00  8.397237161576789e-05  8.467516667899457e-05 
 5.124999999999987e-01  1.799868085175603e+00  1.319146714670530e-04  6.142777570253638e-01 -2.638296487951497e-06  5.518092891777460e-01  1.123771889747533e+00  8.464675363326009e-05  8.535623824380572e-05 
 5.129999999999987e-01  1.799865973346763e+00  1.340265003486635e-04  6.138584310981331e-01 -2.680533064743085e-06  5.508904680262340e-01  1.123696618073521e+00  8.532109090783702e-05  8.603728127492543e-05 
 5.134999999999986e-01  1.799863844862909e+00  1.361549842453383e-04  6.134391427558282e-01 -2.723102741832018e-06  5.499716884398095e-01  1.123621324627873e+00  8.599538344634987e-05  8.671829577562593e-05 
 5.139999999999986e-01  1.799861699726732e+00  1.383001204629640e-04  6.130198919955467e-01 -2.766005465358601e-06  5.490529504149080e-01  1.123546009410327e+00  8.666963125564782e-05  8.739928174918153e-05 
 5.144999999999985e-01  1.799859537940929e+00  1.404619063081297e-04  6.126006788143875e-01 -2.809241181421507e-06  5.481342539479663e-01  1.123470672420617e+00  8.734383434257904e-05  8.808023919886835e-05 
 5.149999999999985e-01  1.799857359508191e+00  1.426403390881241e-04  6.121815032094524e-01 -2.852809836188797e-06  5.472155990354242e-01  1.123395313658476e+00  8.801799271399001e-05  8.876116812796156e-05 
 5.154999999999984e-01  1.799855164431210e+00  1.448354161109398e-04  6.117623651778429e-01 -2.896711375800776e-06  5.462969856737212e-01  1.123319933123633e+00  8.869210637672641e-05  8.944206853974142e-05 
 5.159999999999983e-01  1.799852952712678e+00  1.470471346852671e-04  6.113432647166643e-01 -2.940945746439383e-06  5.453784138593005e-01  1.123244530815817e+00  8.936617533763217e-05  9.012294043748525e-05 
 5.164999999999983e-01  1.799850724355285e+00  1.492754921205016e-04  6.109242018230225e-01 -2.985512894307374e-06  5.444598835886063e-01  1.123169106734752e+00  9.004019960354990e-05  9.080378382447483e-05 
 5.169999999999982e-01  1.799848479361720e+00  1.515204857267340e-04  6.105051764940262e-01 -3.030412765600565e-06  5.435413948580851e-01  1.123093660880159e+00  9.071417918132120e-05  9.148459870399035e-05 
 5.174999999999982e-01  1.799846217734674e+00  1.537821128147594e-04  6.100861887267853e-01 -3.075645306528652e-06  5.426229476641851e-01  1.123018193251760e+00  9.138811407778579e-05  9.216538507931485e-05 
 5.179999999999981e-01  1.799843939476834e+00  1.560603706960709e-04  6.096672385184120e-01 -3.121210463315205e-06  5.417045420033563e-01  1.122942703849273e+00  9.206200429978286e-05  9.284614295373137e-05 
 5.184999999999981e-01  1.799841644590890e+00  1.583552566828631e-04  6.092483258660194e-01 -3.167108182211553e-06  5.407861778720504e-01  1.122867192672411e+00  9.273584985414928e-05  9.352687233052555e-05 
 5.189999999999980e-01  1.799839333079526e+00  1.606667680880304e-04  6.088294507667251e-01 -3.213338409482902e-06  5.398678552667231e-01  1.122791659720889e+00  9.340965074772135e-05  9.420757321298018e-05 
 5.194999999999980e-01  1.799837004945431e+00  1.629949022251640e-04  6.084106132176462e-01 -3.259901091387518e-06  5.389495741838295e-01  1.122716104994417e+00  9.408340698733377e-05  9.488824560438294e-05 
 5.199999999999979e-01  1.799834660191290e+00  1.653396564085569e-04  6.079918132159035e-01 -3.306796174211424e-06  5.380313346198287e-01  1.122640528492703e+00  9.475711857982001e-05  9.556888950801937e-05 
 5.204999999999979e-01  1.799832298819787e+00  1.677010279531999e-04  6.075730507586189e-01 -3.354023604275336e-06  5.371131365711812e-01  1.122564930215451e+00  9.543078553201190e-05  9.624950492717705e-05 
 5.209999999999978e-01  1.799829920833606e+00  1.700790141747843e-04  6.071543258429167e-01 -3.401583327879154e-06  5.361949800343493e-01  1.122489310162365e+00  9.610440785074034e-05  9.693009186514465e-05 
 5.214999999999977e-01  1.799827526235434e+00  1.724736123896979e-04  6.067356384659246e-01 -3.449475291329718e-06  5.352768650057992e-01  1.122413668333148e+00  9.677798554283460e-05  9.761065032520895e-05 
 5.219999999999977e-01  1.799825115027950e+00  1.748848199150270e-04  6.063169886247706e-01 -3.497699441003255e-06  5.343587914819972e-01  1.122338004727495e+00  9.745151861512289e-05  9.829118031066034e-05 
 5.224999999999976e-01  1.799822687213838e+00  1.773126340685595e-04  6.058983763165859e-01 -3.546255723241298e-06  5.334407594594129e-01  1.122262319345104e+00  9.812500707443194e-05  9.897168182478780e-05 
 5.229999999999976e-01  1.799820242795780e+00  1.797570521687766e-04  6.054798015385039e-01 -3.595144084399260e-06  5.325227689345182e-01  1.122186612185669e+00  9.879845092758692e-05  9.965215487088193e-05 
 5.234999999999975e-01  1.799817781776456e+00  1.822180715348601e-04  6.050612642876604e-01 -3.644364470895001e-06  5.316048199037873e-01  1.122110883248878e+00  9.947185018141225e-05  1.003325994522326e-04 
 5.239999999999975e-01  1.799815304158546e+00  1.846956894866883e-04  6.046427645611926e-01 -3.693916829090871e-06  5.306869123636960e-01  1.122035132534423e+00  1.001452048427305e-04  1.010130155721315e-04 
 5.244999999999974e-01  1.799812809944729e+00  1.871899033448371e-04  6.042243023562417e-01 -3.743801105425548e-06  5.297690463107239e-01  1.121959360041990e+00  1.008185149183631e-04  1.016934032338687e-04 
 5.249999999999974e-01  1.799810299137685e+00  1.897007104305797e-04  6.038058776699496e-01 -3.794017246296078e-06  5.288512217413517e-01  1.121883565771262e+00  1.014917804151302e-04  1.023737624407367e-04 
 5.254999999999973e-01  1.799807771740092e+00  1.922281080658856e-04  6.033874904994612e-01 -3.844565198161953e-06  5.279334386520624e-01  1.121807749721921e+00  1.021650013398506e-04  1.030540931960274e-04 
 5.259999999999972e-01  1.799805227754626e+00  1.947720935734221e-04  6.029691408419240e-01 -3.895444907482670e-06  5.270156970393427e-01  1.121731911893646e+00  1.028381776993416e-04  1.037343955030329e-04 
 5.264999999999972e-01  1.799802667183965e+00  1.973326642765524e-04  6.025508286944878e-01 -3.946656320710784e-06  5.260979968996807e-01  1.121656052286114e+00  1.035113095004196e-04  1.044146693650448e-04 
 5.269999999999971e-01  1.799800090030784e+00  1.999098174993354e-04  6.021325540543037e-01 -3.998199384326606e-06  5.251803382295661e-01  1.121580170899000e+00  1.041843967498993e-04  1.050949147853581e-04 
 5.274999999999971e-01  1.799797496297758e+00  2.025035505665263e-04  6.017143169185273e-01 -4.050074044838203e-06  5.242627210254936e-01  1.121504267731976e+00  1.048574394545941e-04  1.057751317672634e-04 
 5.279999999999970e-01  1.799794885987563e+00  2.051138608035765e-04  6.012961172843154e-01 -4.102280248753642e-06  5.233451452839586e-01  1.121428342784711e+00  1.055304376213162e-04  1.064553203140539e-04 
 5.284999999999970e-01  1.799792259102872e+00  2.077407455366334e-04  6.008779551488265e-01 -4.154817942567113e-06  5.224276110014581e-01  1.121352396056873e+00  1.062033912568764e-04  1.071354804290249e-04 
 5.289999999999969e-01  1.799789615646358e+00  2.103842020925377e-04  6.004598305092235e-01 -4.207687072856070e-06  5.215101181744939e-01  1.121276427548127e+00  1.068763003680845e-04  1.078156121154678e-04 
 5.294999999999969e-01  1.799786955620693e+00  2.130442277988289e-04  6.000417433626698e-01 -4.260887586142459e-06  5.205926667995685e-01  1.121200437258135e+00  1.075491649617485e-04  1.084957153766773e-04 
 5.299999999999968e-01  1.799784279028550e+00  2.157208199837377e-04  5.996236937063336e-01 -4.314419429003735e-06  5.196752568731888e-01  1.121124425186558e+00  1.082219850446749e-04  1.091757902159452e-04 
 5.304999999999968e-01  1.799781585872599e+00  2.184139759761926e-04  5.992056815373826e-01 -4.368282548017355e-06  5.187578883918613e-01  1.121048391333054e+00  1.088947606236700e-04  1.098558366365676e-04 
 5.309999999999967e-01  1.799778876155511e+00  2.211236931058143e-04  5.987877068529897e-01 -4.422476889774651e-06  5.178405613520980e-01  1.120972335697278e+00  1.095674917055377e-04  1.105358546418369e-04 
 5.314999999999966e-01  1.799776149879956e+00  2.238499687029188e-04  5.983697696503293e-01 -4.477002400880836e-06  5.169232757504121e-01  1.120896258278883e+00  1.102401782970808e-04  1.112158442350465e-04 
 5.319999999999966e-01  1.799773407048602e+00  2.265928000985176e-04  5.979518699265779e-01 -4.531859027968876e-06  5.160060315833191e-01  1.120820159077519e+00  1.109128204051011e-04  1.118958054194911e-04 
 5.324999999999965e-01  1.799770647664118e+00  2.293521846243127e-04  5.975340076789158e-01 -4.587046717643983e-06  5.150888288473385e-01  1.120744038092837e+00  1.115854180363989e-04  1.125757381984629e-04 
 5.329999999999965e-01  1.799767871729171e+00  2.321281196127033e-04  5.971161829045246e-01 -4.642565416580757e-06  5.141716675389908e-01  1.120667895324480e+00  1.122579711977730e-04  1.132556425752571e-04 
 5.334999999999964e-01  1.799765079246429e+00  2.349206023967810e-04  5.966983956005891e-01 -4.698415071426043e-06  5.132545476547998e-01  1.120591730772095e+00  1.129304798960211e-04  1.139355185531670e-04 
 5.339999999999964e-01  1.799762270218557e+00  2.377296303103293e-04  5.962806457642968e-01 -4.754595628854441e-06  5.123374691912923e-01  1.120515544435320e+00  1.136029441379398e-04  1.146153661354857e-04 
 5.344999999999963e-01  1.799759444648221e+00  2.405552006878256e-04  5.958629333928376e-01 -4.811107035575246e-06  5.114204321449972e-01  1.120439336313796e+00  1.142753639303240e-04  1.152951853255070e-04 
 5.349999999999963e-01  1.799756602538087e+00  2.433973108644415e-04  5.954452584834034e-01 -4.867949238269997e-06  5.105034365124457e-01  1.120363106407159e+00  1.149477392799671e-04  1.159749761265253e-04 
 5.354999999999962e-01  1.799753743890816e+00  2.462559581760395e-04  5.950276210331904e-01 -4.925122183675745e-06  5.095864822901731e-01  1.120286854715042e+00  1.156200701936619e-04  1.166547385418324e-04 
 5.359999999999961e-01  1.799750868709075e+00  2.491311399591753e-04  5.946100210393960e-01 -4.982625818501785e-06  5.086695694747160e-01  1.120210581237079e+00  1.162923566781996e-04  1.173344725747221e-04 
 5.364999999999961e-01  1.799747976995525e+00  2.520228535510953e-04  5.941924584992202e-01 -5.040460089505983e-06  5.077526980626138e-01  1.120134285972899e+00  1.169645987403696e-04  1.180141782284884e-04 
 5.369999999999960e-01  1.799745068752828e+00  2.549310962897412e-04  5.937749334098670e-01 -5.098624943446206e-06  5.068358680504097e-01  1.120057968922128e+00  1.176367963869605e-04  1.186938555064228e-04 
 5.374999999999960e-01  1.799742143983645e+00  2.578558655137420e-04  5.933574457685418e-01 -5.157120327101139e-06  5.059190794346484e-01  1.119981630084391e+00  1.183089496247595e-04  1.193735044118187e-04 
 5.379999999999959e-01  1.799739202690639e+00  2.607971585624234e-04  5.929399955724527e-01 -5.215946187228648e-06  5.050023322118775e-01  1.119905269459312e+00  1.189810584605525e-04  1.200531249479694e-04 
 5.384999999999959e-01  1.799736244876467e+00  2.637549727757981e-04  5.925225828188114e-01 -5.275102470662929e-06  5.040856263786480e-01  1.119828887046509e+00  1.196531229011240e-04  1.207327171181667e-04 
 5.389999999999958e-01  1.799733270543790e+00  2.667293054945726e-04  5.921052075048316e-01 -5.334589124210420e-06  5.031689619315129e-01  1.119752482845601e+00  1.203251429532571e-04  1.214122809257027e-04 
 5.394999999999958e-01  1.799730279695266e+00  2.697201540601426e-04  5.916878696277296e-01 -5.394406094677562e-06  5.022523388670280e-01  1.119676056856203e+00  1.209971186237339e-04  1.220918163738707e-04 
 5.399999999999957e-01  1.799727272333553e+00  2.727275158145964e-04  5.912705691847245e-01 -5.454553328933243e-06  5.013357571817522e-01  1.119599609077927e+00  1.216690499193348e-04  1.227713234659617e-04 
 5.404999999999957e-01  1.799724248461309e+00  2.757513881007095e-04  5.908533061730393e-01 -5.515030773825536e-06  5.004192168722477e-01  1.119523139510385e+00  1.223409368468394e-04  1.234508022052664e-04 
 5.409999999999956e-01  1.799721208081189e+00  2.787917682619526e-04  5.904360805898974e-01 -5.575838376223330e-06  4.995027179350773e-01  1.119446648153183e+00  1.230127794130256e-04  1.241302525950782e-04 
 5.414999999999955e-01  1.799718151195850e+00  2.818486536424820e-04  5.900188924325269e-01 -5.636976082995515e-06  4.985862603668091e-01  1.119370135005930e+00  1.236845776246699e-04  1.248096746386874e-04 
 5.419999999999955e-01  1.799715077807948e+00  2.849220415871476e-04  5.896017416981578e-01 -5.698443841052614e-06  4.976698441640124e-01  1.119293600068227e+00  1.243563314885478e-04  1.254890683393848e-04 
 5.424999999999954e-01  1.799711987920135e+00  2.880119294414848e-04  5.891846283840229e-01 -5.760241597312088e-06  4.967534693232597e-01  1.119217043339676e+00  1.250280410114334e-04  1.261684337004613e-04 
 5.429999999999954e-01  1.799708881535066e+00  2.911183145517224e-04  5.887675524873581e-01 -5.822369298684460e-06  4.958371358411267e-01  1.119140464819876e+00  1.256997062000995e-04  1.268477707252070e-04 
 5.434999999999953e-01  1.799705758655395e+00  2.942411942647756e-04  5.883505140054013e-01 -5.884826892108008e-06  4.949208437141908e-01  1.119063864508423e+00  1.263713270613175e-04  1.275270794169131e-04 
 5.439999999999953e-01  1.799702619283773e+00  2.973805659282506e-04  5.879335129353943e-01 -5.947614324548767e-06  4.940045929390337e-01  1.118987242404911e+00  1.270429036018578e-04  1.282063597788679e-04 
 5.444999999999952e-01  1.799699463422852e+00  3.005364268904408e-04  5.875165492745805e-01 -6.010731542958891e-06  4.930883835122385e-01  1.118910598508932e+00  1.277144358284888e-04  1.288856118143620e-04 
 5.449999999999952e-01  1.799696291075284e+00  3.037087745003311e-04  5.870996230202065e-01 -6.074178494318294e-06  4.921722154303916e-01  1.118833932820075e+00  1.283859237479785e-04  1.295648355266853e-04 
 5.454999999999951e-01  1.799693102243718e+00  3.068976061075893e-04  5.866827341695221e-01 -6.137955125641581e-06  4.912560886900826e-01  1.118757245337926e+00  1.290573673670929e-04  1.302440309191256e-04 
 5.459999999999950e-01  1.799689896930805e+00  3.101029190625795e-04  5.862658827197793e-01 -6.202061383894786e-06  4.903400032879034e-01  1.118680536062071e+00  1.297287666925972e-04  1.309231979949724e-04 
 5.464999999999950e-01  1.799686675139192e+00  3.133247107163447e-04  5.858490686682332e-01 -6.266497216154965e-06  4.894239592204490e-01  1.118603804992091e+00  1.304001217312547e-04  1.316023367575137e-04 
 5.469999999999949e-01  1.799683436871530e+00  3.165629784206225e-04  5.854322920121414e-01 -6.331262569395091e-06  4.885079564843168e-01  1.118527052127568e+00  1.310714324898280e-04  1.322814472100378e-04 
 5.474999999999949e-01  1.799680182130464e+00  3.198177195278357e-04  5.850155527487645e-01 -6.396357390713037e-06  4.875919950761075e-01  1.118450277468076e+00  1.317426989750782e-04  1.329605293558328e-04 
 5.479999999999948e-01  1.799676910918643e+00  3.230889313910939e-04  5.845988508753666e-01 -6.461781627144225e-06  4.866760749924251e-01  1.118373481013193e+00  1.324139211937649e-04  1.336395831981848e-04 
 5.484999999999948e-01  1.799673623238712e+00  3.263766113641932e-04  5.841821863892128e-01 -6.527535225765713e-06  4.857601962298749e-01  1.118296662762491e+00  1.330850991526467e-04  1.343186087403824e-04 
 5.489999999999947e-01  1.799670319093316e+00  3.296807568016199e-04  5.837655592875730e-01 -6.593618133689250e-06  4.848443587850665e-01  1.118219822715538e+00  1.337562328584806e-04  1.349976059857115e-04 
 5.494999999999947e-01  1.799666998485100e+00  3.330013650585429e-04  5.833489695677185e-01 -6.660030297998831e-06  4.839285626546116e-01  1.118142960871905e+00  1.344273223180226e-04  1.356765749374586e-04 
 5.499999999999946e-01  1.799663661416710e+00  3.363384334908231e-04  5.829324172269245e-01 -6.726771665806208e-06  4.830128078351252e-01  1.118066077231156e+00  1.350983675380274e-04  1.363555155989095e-04 
 5.504999999999945e-01  1.799660307890787e+00  3.396919594550002e-04  5.825159022624679e-01 -6.793842184257826e-06  4.820970943232247e-01  1.117989171792855e+00  1.357693685252477e-04  1.370344279733502e-04 
 5.509999999999945e-01  1.799656937909975e+00  3.430619403083061e-04  5.820994246716292e-01 -6.861241800500129e-06  4.811814221155307e-01  1.117912244556561e+00  1.364403252864361e-04  1.377133120640659e-04 
 5.514999999999944e-01  1.799653551476916e+00  3.464483734086554e-04  5.816829844516918e-01 -6.928970461679562e-06  4.802657912086665e-01  1.117835295521835e+00  1.371112378283429e-04  1.383921678743414e-04 
 5.519999999999944e-01  1.799650148594252e+00  3.498512561146511e-04  5.812665815999409e-01 -6.997028114963388e-06  4.793502015992579e-01  1.117758324688231e+00  1.377821061577179e-04  1.390709954074618e-04 
 5.524999999999943e-01  1.799646729264623e+00  3.532705857855805e-04  5.808502161136659e-01 -7.065414707546624e-06  4.784346532839344e-01  1.117681332055304e+00  1.384529302813087e-04  1.397497946667106e-04 
 5.529999999999943e-01  1.799643293490668e+00  3.567063597814132e-04  5.804338879901586e-01 -7.134130186638166e-06  4.775191462593281e-01  1.117604317622604e+00  1.391237102058623e-04  1.404285656553716e-04 
 5.534999999999942e-01  1.799639841275029e+00  3.601585754628090e-04  5.800175972267132e-01 -7.203174499433029e-06  4.766036805220735e-01  1.117527281389682e+00  1.397944459381244e-04  1.411073083767282e-04 
 5.539999999999942e-01  1.799636372620342e+00  3.636272301911080e-04  5.796013438206272e-01 -7.272547593153988e-06  4.756882560688086e-01  1.117450223356083e+00  1.404651374848388e-04  1.417860228340634e-04 
 5.544999999999941e-01  1.799632887529246e+00  3.671123213283370e-04  5.791851277692005e-01 -7.342249415072388e-06  4.747728728961735e-01  1.117373143521350e+00  1.411357848527488e-04  1.424647090306602e-04 
 5.549999999999941e-01  1.799629386004379e+00  3.706138462372081e-04  5.787689490697363e-01 -7.412279912424879e-06  4.738575310008121e-01  1.117296041885027e+00  1.418063880485959e-04  1.431433669698006e-04 
 5.554999999999940e-01  1.799625868048376e+00  3.741318022811160e-04  5.783528077195405e-01 -7.482639032475868e-06  4.729422303793706e-01  1.117218918446651e+00  1.424769470791203e-04  1.438219966547665e-04 
 5.559999999999939e-01  1.799622333663875e+00  3.776661868241411e-04  5.779367037159222e-01 -7.553326722503639e-06  4.720269710284986e-01  1.117141773205762e+00  1.431474619510612e-04  1.445005980888382e-04 
 5.564999999999939e-01  1.799618782853510e+00  3.812169972310447e-04  5.775206370561926e-01 -7.624342929814232e-06  4.711117529448478e-01  1.117064606161893e+00  1.438179326711562e-04  1.451791712752980e-04 
 5.569999999999938e-01  1.799615215619915e+00  3.847842308672746e-04  5.771046077376663e-01 -7.695687601706747e-06  4.701965761250733e-01  1.116987417314576e+00  1.444883592461420e-04  1.458577162174262e-04 
 5.574999999999938e-01  1.799611631965725e+00  3.883678850989611e-04  5.766886157576608e-01 -7.767360685508040e-06  4.692814405658335e-01  1.116910206663341e+00  1.451587416827535e-04  1.465362329185025e-04 
 5.579999999999937e-01  1.799608031893573e+00  3.919679572929162e-04  5.762726611134963e-01 -7.839362128551908e-06  4.683663462637889e-01  1.116832974207715e+00  1.458290799877250e-04  1.472147213818070e-04 
 5.584999999999937e-01  1.799604415406090e+00  3.955844448166372e-04  5.758567438024963e-01 -7.911691878199900e-06  4.674512932156037e-01  1.116755719947225e+00  1.464993741677887e-04  1.478931816106181e-04 
 5.589999999999936e-01  1.799600782505910e+00  3.992173450383032e-04  5.754408638219864e-01 -7.984349881799691e-06  4.665362814179445e-01  1.116678443881391e+00  1.471696242296761e-04  1.485716136082155e-04 
 5.594999999999936e-01  1.799597133195663e+00  4.028666553267743e-04  5.750250211692959e-01 -8.057336086740585e-06  4.656213108674808e-01  1.116601146009735e+00  1.478398301801173e-04  1.492500173778771e-04 
 5.599999999999935e-01  1.799593467477980e+00  4.065323730515964e-04  5.746092158417561e-01 -8.130650440398013e-06  4.647063815608850e-01  1.116523826331774e+00  1.485099920258409e-04  1.499283929228815e-04 
 5.604999999999934e-01  1.799589785355490e+00  4.102144955829935e-04  5.741934478367020e-01 -8.204292890195974e-06  4.637914934948328e-01  1.116446484847025e+00  1.491801097735743e-04  1.506067402465057e-04 
 5.609999999999934e-01  1.799586086830823e+00  4.139130202918758e-04  5.737777171514713e-01 -8.278263383551532e-06  4.628766466660028e-01  1.116369121554999e+00  1.498501834300438e-04  1.512850593520268e-04 
 5.614999999999933e-01  1.799582371906606e+00  4.176279445498304e-04  5.733620237834043e-01 -8.352561867881747e-06  4.619618410710760e-01  1.116291736455207e+00  1.505202130019745e-04  1.519633502427218e-04 
 5.619999999999933e-01  1.799578640585468e+00  4.213592657291290e-04  5.729463677298449e-01 -8.427188290638377e-06  4.610470767067372e-01  1.116214329547159e+00  1.511901984960895e-04  1.526416129218660e-04 
 5.624999999999932e-01  1.799574892870036e+00  4.251069812027251e-04  5.725307489881385e-01 -8.502142599280116e-06  4.601323535696729e-01  1.116136900830360e+00  1.518601399191118e-04  1.533198473927364e-04 
 5.629999999999932e-01  1.799571128762936e+00  4.288710883442520e-04  5.721151675556352e-01 -8.577424741279538e-06  4.592176716565738e-01  1.116059450304312e+00  1.525300372777619e-04  1.539980536586072e-04 
 5.634999999999931e-01  1.799567348266794e+00  4.326515845280253e-04  5.716996234296865e-01 -8.653034664130033e-06  4.583030309641328e-01  1.115981977968519e+00  1.531998905787596e-04  1.546762317227540e-04 
 5.639999999999931e-01  1.799563551384235e+00  4.364484671290373e-04  5.712841166076476e-01 -8.728972315311112e-06  4.573884314890458e-01  1.115904483822478e+00  1.538696998288234e-04  1.553543815884509e-04 
 5.644999999999930e-01  1.799559738117882e+00  4.402617335229638e-04  5.708686470868768e-01 -8.805237642364738e-06  4.564738732280123e-01  1.115826967865684e+00  1.545394650346709e-04  1.560325032589713e-04 
 5.649999999999930e-01  1.799555908470360e+00  4.440913810861635e-04  5.704532148647342e-01 -8.881830592798179e-06  4.555593561777334e-01  1.115749430097634e+00  1.552091862030176e-04  1.567105967375898e-04 
 5.654999999999929e-01  1.799552062444292e+00  4.479374071956715e-04  5.700378199385843e-01 -8.958751114153396e-06  4.546448803349147e-01  1.115671870517817e+00  1.558788633405784e-04  1.573886620275785e-04 
 5.659999999999928e-01  1.799548200042300e+00  4.517998092292010e-04  5.696224623057939e-01 -9.035999154000107e-06  4.537304456962642e-01  1.115594289125722e+00  1.565484964540664e-04  1.580666991322092e-04 
 5.664999999999928e-01  1.799544321267005e+00  4.556785845651510e-04  5.692071419637319e-01 -9.113574659894152e-06  4.528160522584919e-01  1.115516685920837e+00  1.572180855501938e-04  1.587447080547559e-04 
 5.669999999999927e-01  1.799540426121029e+00  4.595737305825917e-04  5.687918589097714e-01 -9.191477579412188e-06  4.519017000183121e-01  1.115439060902647e+00  1.578876306356716e-04  1.594226887984886e-04 
 5.674999999999927e-01  1.799536514606992e+00  4.634852446612824e-04  5.683766131412876e-01 -9.269707860158627e-06  4.509873889724414e-01  1.115361414070631e+00  1.585571317172088e-04  1.601006413666792e-04 
 5.679999999999926e-01  1.799532586727514e+00  4.674131241816527e-04  5.679614046556591e-01 -9.348265449724003e-06  4.500731191175995e-01  1.115283745424272e+00  1.592265888015145e-04  1.607785657625978e-04 
 5.684999999999926e-01  1.799528642485211e+00  4.713573665248147e-04  5.675462334502673e-01 -9.427150295775177e-06  4.491588904505092e-01  1.115206054963043e+00  1.598960018952948e-04  1.614564619895147e-04 
 5.689999999999925e-01  1.799524681882705e+00  4.753179690725620e-04  5.671310995224961e-01 -9.506362345895747e-06  4.482447029678955e-01  1.115128342686421e+00  1.605653710052560e-04  1.621343300507004e-04 
 5.694999999999925e-01  1.799520704922612e+00  4.792949292073593e-04  5.667160028697334e-01 -9.585901547759512e-06  4.473305566664882e-01  1.115050608593879e+00  1.612346961381021e-04  1.628121699494223e-04 
 5.699999999999924e-01  1.799516711607548e+00  4.832882443123578e-04  5.663009434893687e-01 -9.665767849033335e-06  4.464164515430176e-01  1.114972852684885e+00  1.619039773005367e-04  1.634899816889508e-04 
 5.704999999999923e-01  1.799512701940131e+00  4.872979117713796e-04  5.658859213787952e-01 -9.745961197391018e-06  4.455023875942188e-01  1.114895074958907e+00  1.625732144992613e-04  1.641677652725534e-04 
 5.709999999999923e-01  1.799508675922974e+00  4.913239289689290e-04  5.654709365354094e-01 -9.826481540513299e-06  4.445883648168293e-01  1.114817275415410e+00  1.632424077409768e-04  1.648455207034978e-04 
 5.714999999999922e-01  1.799504633558695e+00  4.953662932901858e-04  5.650559889566097e-01 -9.907328826094797e-06  4.436743832075895e-01  1.114739454053857e+00  1.639115570323823e-04  1.655232479850516e-04 
 5.719999999999922e-01  1.799500574849905e+00  4.994250021210092e-04  5.646410786397984e-01 -9.988503001899518e-06  4.427604427632429e-01  1.114661610873707e+00  1.645806623801759e-04  1.662009471204814e-04 
 5.724999999999921e-01  1.799496499799220e+00  5.035000528479336e-04  5.642262055823802e-01 -1.007000401560126e-05  4.418465434805360e-01  1.114583745874419e+00  1.652497237910545e-04  1.668786181130534e-04 
 5.729999999999921e-01  1.799492408409251e+00  5.075914428581714e-04  5.638113697817634e-01 -1.015183181497792e-05  4.409326853562184e-01  1.114505859055447e+00  1.659187412717135e-04  1.675562609660330e-04 
 5.734999999999920e-01  1.799488300682611e+00  5.116991695396089e-04  5.633965712353584e-01 -1.023398634778655e-05  4.400188683870424e-01  1.114427950416244e+00  1.665877148288471e-04  1.682338756826862e-04 
 5.739999999999920e-01  1.799484176621911e+00  5.158232302808158e-04  5.629818099405787e-01 -1.031646756177729e-05  4.391050925697630e-01  1.114350019956261e+00  1.672566444691487e-04  1.689114622662777e-04 
 5.744999999999919e-01  1.799480036229762e+00  5.199636224710307e-04  5.625670858948416e-01 -1.039927540475577e-05  4.381913579011394e-01  1.114272067674946e+00  1.679255301993094e-04  1.695890207200712e-04 
 5.749999999999919e-01  1.799475879508775e+00  5.241203435001728e-04  5.621523990955664e-01 -1.048240982451376e-05  4.372776643779324e-01  1.114194093571745e+00  1.685943720260201e-04  1.702665510473311e-04 
 5.754999999999918e-01  1.799471706461558e+00  5.282933907588353e-04  5.617377495401760e-01 -1.056587076884996e-05  4.363640119969069e-01  1.114116097646100e+00  1.692631699559695e-04  1.709440532513202e-04 
 5.759999999999917e-01  1.799467517090719e+00  5.324827616382879e-04  5.613231372260956e-01 -1.064965818561858e-05  4.354504007548297e-01  1.114038079897452e+00  1.699319239958461e-04  1.716215273353020e-04 
 5.764999999999917e-01  1.799463311398869e+00  5.366884535304756e-04  5.609085621507539e-01 -1.073377202263220e-05  4.345368306484713e-01  1.113960040325239e+00  1.706006341523362e-04  1.722989733025385e-04 
 5.769999999999916e-01  1.799459089388612e+00  5.409104638280194e-04  5.604940243115830e-01 -1.081821222775198e-05  4.336233016746058e-01  1.113881978928898e+00  1.712693004321253e-04  1.729763911562907e-04 
 5.774999999999916e-01  1.799454851062557e+00  5.451487899242140e-04  5.600795237060164e-01 -1.090297874885293e-05  4.327098138300086e-01  1.113803895707861e+00  1.719379228418973e-04  1.736537808998217e-04 
 5.779999999999915e-01  1.799450596423310e+00  5.494034292130316e-04  5.596650603314924e-01 -1.098807153380316e-05  4.317963671114599e-01  1.113725790661560e+00  1.726065013883351e-04  1.743311425363906e-04 
 5.784999999999915e-01  1.799446325473475e+00  5.536743790891148e-04  5.592506341854510e-01 -1.107349053050544e-05  4.308829615157416e-01  1.113647663789423e+00  1.732750360781203e-04  1.750084760692587e-04 
 5.789999999999914e-01  1.799442038215658e+00  5.579616369477859e-04  5.588362452653360e-01 -1.115923568684174e-05  4.299695970396396e-01  1.113569515090877e+00  1.739435269179335e-04  1.756857815016847e-04 
 5.794999999999914e-01  1.799437734652462e+00  5.622652001850367e-04  5.584218935685934e-01 -1.124530695075648e-05  4.290562736799418e-01  1.113491344565344e+00  1.746119739144534e-04  1.763630588369292e-04 
 5.799999999999913e-01  1.799433414786491e+00  5.665850661975375e-04  5.580075790926728e-01 -1.133170427018715e-05  4.281429914334400e-01  1.113413152212246e+00  1.752803770743577e-04  1.770403080782502e-04 
 5.804999999999912e-01  1.799429078620347e+00  5.709212323826275e-04  5.575933018350268e-01 -1.141842759306427e-05  4.272297502969288e-01  1.113334938031002e+00  1.759487364043232e-04  1.777175292289058e-04 
 5.809999999999912e-01  1.799424726156633e+00  5.752736961383249e-04  5.571790617931103e-01 -1.150547686734615e-05  4.263165502672053e-01  1.113256702021029e+00  1.766170519110252e-04  1.783947222921541e-04 
 5.814999999999911e-01  1.799420357397949e+00  5.796424548633181e-04  5.567648589643817e-01 -1.159285204102578e-05  4.254033913410700e-01  1.113178444181739e+00  1.772853236011375e-04  1.790718872712525e-04 
 5.819999999999911e-01  1.799415972346897e+00  5.840275059569700e-04  5.563506933463025e-01 -1.168055306206145e-05  4.244902735153267e-01  1.113100164512545e+00  1.779535514813328e-04  1.797490241694574e-04 
 5.824999999999910e-01  1.799411571006076e+00  5.884288468193143e-04  5.559365649363370e-01 -1.176857987848778e-05  4.235771967867819e-01  1.113021863012854e+00  1.786217355582828e-04  1.804261329900251e-04 
 5.829999999999910e-01  1.799407153378085e+00  5.928464748510608e-04  5.555224737319524e-01 -1.185693243830471e-05  4.226641611522449e-01  1.112943539682075e+00  1.792898758386575e-04  1.811032137362112e-04 
 5.834999999999909e-01  1.799402719465524e+00  5.972803874535923e-04  5.551084197306189e-01 -1.194561068951216e-05  4.217511666085283e-01  1.112865194519612e+00  1.799579723291261e-04  1.817802664112714e-04 
 5.839999999999909e-01  1.799398269270990e+00  6.017305820289583e-04  5.546944029298100e-01 -1.203461458020028e-05  4.208382131524482e-01  1.112786827524864e+00  1.806260250363559e-04  1.824572910184596e-04 
 5.844999999999908e-01  1.799393802797081e+00  6.061970559798891e-04  5.542804233270018e-01 -1.212394405838979e-05  4.199253007808226e-01  1.112708438697233e+00  1.812940339670138e-04  1.831342875610303e-04 
 5.849999999999907e-01  1.799389320046392e+00  6.106798067097807e-04  5.538664809196737e-01 -1.221359907216391e-05  4.190124294904737e-01  1.112630028036113e+00  1.819619991277646e-04  1.838112560422371e-04 
 5.854999999999907e-01  1.799384821021521e+00  6.151788316227022e-04  5.534525757053078e-01 -1.230357956959194e-05  4.180995992782257e-01  1.112551595540902e+00  1.826299205252727e-04  1.844881964653335e-04 
 5.859999999999906e-01  1.799380305725061e+00  6.196941281233953e-04  5.530387076813896e-01 -1.239388549877790e-05  4.171868101409068e-01  1.112473141210988e+00  1.832977981662003e-04  1.851651088335712e-04 
 5.864999999999906e-01  1.799375774159609e+00  6.242256936172735e-04  5.526248768454072e-01 -1.248451680783275e-05  4.162740620753475e-01  1.112394665045762e+00  1.839656320572088e-04  1.858419931502030e-04 
 5.869999999999905e-01  1.799371226327757e+00  6.287735255104207e-04  5.522110831948518e-01 -1.257547344486049e-05  4.153613550783816e-01  1.112316167044611e+00  1.846334222049589e-04  1.865188494184807e-04 
 5.874999999999905e-01  1.799366662232099e+00  6.333376212095925e-04  5.517973267272178e-01 -1.266675535802758e-05  4.144486891468460e-01  1.112237647206920e+00  1.853011686161091e-04  1.871956776416544e-04 
 5.879999999999904e-01  1.799362081875227e+00  6.379179781222141e-04  5.513836074400023e-01 -1.275836249545886e-05  4.135360642775803e-01  1.112159105532069e+00  1.859688712973171e-04  1.878724778229759e-04 
 5.884999999999904e-01  1.799357485259735e+00  6.425145936563819e-04  5.509699253307062e-01 -1.285029480530692e-05  4.126234804674284e-01  1.112080542019439e+00  1.866365302552392e-04  1.885492499656932e-04 
 5.889999999999903e-01  1.799352872388212e+00  6.471274652208672e-04  5.505562803968317e-01 -1.294255223577290e-05  4.117109377132347e-01  1.112001956668407e+00  1.873041454965307e-04  1.892259940730582e-04 
 5.894999999999903e-01  1.799348243263248e+00  6.517565902251010e-04  5.501426726358863e-01 -1.303513473503715e-05  4.107984360118498e-01  1.111923349478348e+00  1.879717170278456e-04  1.899027101483175e-04 
 5.899999999999902e-01  1.799343597887436e+00  6.564019660791950e-04  5.497291020453788e-01 -1.312804225128694e-05  4.098859753601250e-01  1.111844720448632e+00  1.886392448558363e-04  1.905793981947208e-04 
 5.904999999999901e-01  1.799338936263362e+00  6.610635901939247e-04  5.493155686228210e-01 -1.322127473276508e-05  4.089735557549149e-01  1.111766069578630e+00  1.893067289871544e-04  1.912560582155167e-04 
 5.909999999999901e-01  1.799334258393616e+00  6.657414599807385e-04  5.489020723657293e-01 -1.331483212767964e-05  4.080611771930788e-01  1.111687396867710e+00  1.899741694284497e-04  1.919326902139507e-04 
 5.914999999999900e-01  1.799329564280787e+00  6.704355728517507e-04  5.484886132716210e-01 -1.340871438426650e-05  4.071488396714767e-01  1.111608702315236e+00  1.906415661863716e-04  1.926092941932715e-04 
 5.919999999999900e-01  1.799324853927460e+00  6.751459262197489e-04  5.480751913380186e-01 -1.350292145081006e-05  4.062365431869741e-01  1.111529985920569e+00  1.913089192675674e-04  1.932858701567237e-04 
 5.924999999999899e-01  1.799320127336223e+00  6.798725174981864e-04  5.476618065624456e-01 -1.359745327553924e-05  4.053242877364374e-01  1.111451247683072e+00  1.919762286786834e-04  1.939624181075545e-04 
 5.929999999999899e-01  1.799315384509661e+00  6.846153441011880e-04  5.472484589424299e-01 -1.369230980678704e-05  4.044120733167373e-01  1.111372487602097e+00  1.926434944263652e-04  1.946389380490081e-04 
 5.934999999999898e-01  1.799310625450360e+00  6.893744034435446e-04  5.468351484755017e-01 -1.378749099280319e-05  4.034998999247472e-01  1.111293705677004e+00  1.933107165172561e-04  1.953154299843300e-04 
 5.939999999999898e-01  1.799305850160904e+00  6.941496929407150e-04  5.464218751591946e-01 -1.388299678191374e-05  4.025877675573435e-01  1.111214901907143e+00  1.939778949579992e-04  1.959918939167642e-04 
 5.944999999999897e-01  1.799301058643877e+00  6.989412100088312e-04  5.460086389910449e-01 -1.397882712245863e-05  4.016756762114057e-01  1.111136076291862e+00  1.946450297552357e-04  1.966683298495544e-04 
 5.949999999999896e-01  1.799296250901862e+00  7.037489520646896e-04  5.455954399685927e-01 -1.407498196275697e-05  4.007636258838168e-01  1.111057228830512e+00  1.953121209156058e-04  1.973447377859431e-04 
 5.954999999999896e-01  1.799291426937443e+00  7.085729165257514e-04  5.451822780893802e-01 -1.417146125114177e-05  3.998516165714623e-01  1.110978359522436e+00  1.959791684457485e-04  1.980211177291734e-04 
 5.959999999999895e-01  1.799286586753199e+00  7.134131008101522e-04  5.447691533509529e-01 -1.426826493601541e-05  3.989396482712306e-01  1.110899468366976e+00  1.966461723523013e-04  1.986974696824877e-04 
 5.964999999999895e-01  1.799281730351714e+00  7.182695023366904e-04  5.443560657508595e-01 -1.436539296571782e-05  3.980277209800139e-01  1.110820555363472e+00  1.973131326419007e-04  1.993737936491271e-04 
 5.969999999999894e-01  1.799276857735567e+00  7.231421185248335e-04  5.439430152866513e-01 -1.446284528865832e-05  3.971158346947066e-01  1.110741620511263e+00  1.979800493211819e-04  2.000500896323334e-04 
 5.974999999999894e-01  1.799271968907339e+00  7.280309467947126e-04  5.435300019558841e-01 -1.456062185323237e-05  3.962039894122075e-01  1.110662663809681e+00  1.986469223967788e-04  2.007263576353455e-04 
 5.979999999999893e-01  1.799267063869608e+00  7.329359845671320e-04  5.431170257561142e-01 -1.465872260784928e-05  3.952921851294166e-01  1.110583685258061e+00  1.993137518753242e-04  2.014025976614054e-04 
 5.984999999999893e-01  1.799262142624952e+00  7.378572292635559e-04  5.427040866849034e-01 -1.475714750096696e-05  3.943804218432387e-01  1.110504684855732e+00  1.999805377634493e-04  2.020788097137506e-04 
 5.989999999999892e-01  1.799257205175951e+00  7.427946783061216e-04  5.422911847398153e-01 -1.485589648099472e-05  3.934686995505808e-01  1.110425662602021e+00  2.006472800677847e-04  2.027549937956210e-04 
 5.994999999999892e-01  1.799252251525181e+00  7.477483291176243e-04  5.418783199184165e-01 -1.495496949639047e-05  3.925570182483530e-01  1.110346618496253e+00  2.013139787949588e-04  2.034311499102549e-04 
 5.999999999999891e-01  1.799247281675218e+00  7.527181791215328e-04  5.414654922182770e-01 -1.505436649563985e-05  3.916453779334686e-01  1.110267552537751e+00  2.019806339515999e-04  2.041072780608901e-04 
 6.004999999999890e-01  1.799242295628638e+00  7.577042257419781e-04  5.410527016369699e-01 -1.515408742724239e-05  3.907337786028443e-01  1.110188464725834e+00  2.026472455443341e-04  2.047833782507632e-04 
 6.009999999999890e-01  1.799237293388018e+00  7.627064664037567e-04  5.406399481720712e-01 -1.525413223964905e-05  3.898222202533994e-01  1.110109355059821e+00  2.033138135797868e-04  2.054594504831117e-04 
 6.014999999999889e-01  1.799232274955931e+00  7.677248985323332e-04  5.402272318211595e-01 -1.535450088139406e-05  3.889107028820562e-01  1.110030223539026e+00  2.039803380645820e-04  2.061354947611721e-04 
 6.019999999999889e-01  1.799227240334950e+00  7.727595195538352e-04  5.398145525818173e-01 -1.545519330099776e-05  3.879992264857406e-01  1.109951070162761e+00  2.046468190053426e-04  2.068115110881792e-04 
 6.024999999999888e-01  1.799222189527650e+00  7.778103268950527e-04  5.394019104516296e-01 -1.555620944700131e-05  3.870877910613813e-01  1.109871894930336e+00  2.053132564086899e-04  2.074874994673688e-04 
 6.029999999999888e-01  1.799217122536603e+00  7.828773179834467e-04  5.389893054281845e-01 -1.565754926794588e-05  3.861763966059100e-01  1.109792697841059e+00  2.059796502812443e-04  2.081634599019753e-04 
 6.034999999999887e-01  1.799212039364380e+00  7.879604902471381e-04  5.385767375090733e-01 -1.575921271239344e-05  3.852650431162618e-01  1.109713478894235e+00  2.066460006296249e-04  2.088393923952327e-04 
 6.039999999999887e-01  1.799206940013554e+00  7.930598411149150e-04  5.381642066918904e-01 -1.586119972893374e-05  3.843537305893744e-01  1.109634238089166e+00  2.073123074604493e-04  2.095152969503746e-04 
 6.044999999999886e-01  1.799201824486694e+00  7.981753680162263e-04  5.377517129742331e-01 -1.596351026612874e-05  3.834424590221893e-01  1.109554975425151e+00  2.079785707803345e-04  2.101911735706338e-04 
 6.049999999999885e-01  1.799196692786370e+00  8.033070683811864e-04  5.373392563537017e-01 -1.606614427260983e-05  3.825312284116503e-01  1.109475690901489e+00  2.086447905958954e-04  2.108670222592430e-04 
 6.054999999999885e-01  1.799191544915151e+00  8.084549396405788e-04  5.369268368279000e-01 -1.616910169697366e-05  3.816200387547050e-01  1.109396384517474e+00  2.093109669137464e-04  2.115428430194336e-04 
 6.059999999999884e-01  1.799186380875607e+00  8.136189792258430e-04  5.365144543944337e-01 -1.627238248785856e-05  3.807088900483031e-01  1.109317056272398e+00  2.099770997405003e-04  2.122186358544384e-04 
 6.064999999999884e-01  1.799181200670305e+00  8.187991845690810e-04  5.361021090509134e-01 -1.637598659390282e-05  3.797977822893989e-01  1.109237706165552e+00  2.106431890827687e-04  2.128944007674866e-04 
 6.069999999999883e-01  1.799176004301812e+00  8.239955531030678e-04  5.356898007949513e-01 -1.647991396375864e-05  3.788867154749486e-01  1.109158334196222e+00  2.113092349471621e-04  2.135701377618091e-04 
 6.074999999999883e-01  1.799170791772695e+00  8.292080822612327e-04  5.352775296241626e-01 -1.658416454609901e-05  3.779756896019112e-01  1.109078940363694e+00  2.119752373402897e-04  2.142458468406365e-04 
 6.079999999999882e-01  1.799165563085520e+00  8.344367694776718e-04  5.348652955361672e-01 -1.668873828960388e-05  3.770647046672508e-01  1.108999524667249e+00  2.126411962687595e-04  2.149215280071963e-04 
 6.084999999999882e-01  1.799160318242852e+00  8.396816121871400e-04  5.344530985285859e-01 -1.679363514296706e-05  3.761537606679320e-01  1.108920087106168e+00  2.133071117391781e-04  2.155971812647188e-04 
 6.089999999999881e-01  1.799155057247255e+00  8.449426078250596e-04  5.340409385990444e-01 -1.689885505490318e-05  3.752428576009247e-01  1.108840627679727e+00  2.139729837581510e-04  2.162728066164311e-04 
 6.094999999999881e-01  1.799149780101294e+00  8.502197538275114e-04  5.336288157451700e-01 -1.700439797412689e-05  3.743319954632001e-01  1.108761146387202e+00  2.146388123322826e-04  2.169484040655618e-04 
 6.099999999999880e-01  1.799144486807531e+00  8.555130476312388e-04  5.332167299645942e-01 -1.711026384937364e-05  3.734211742517341e-01  1.108681643227865e+00  2.153045974681758e-04  2.176239736153369e-04 
 6.104999999999879e-01  1.799139177368530e+00  8.608224866736514e-04  5.328046812549511e-01 -1.721645262940663e-05  3.725103939635046e-01  1.108602118200983e+00  2.159703391724324e-04  2.182995152689837e-04 
 6.109999999999879e-01  1.799133851786851e+00  8.661480683928108e-04  5.323926696138775e-01 -1.732296426297519e-05  3.715996545954929e-01  1.108522571305826e+00  2.166360374516530e-04  2.189750290297280e-04 
 6.114999999999878e-01  1.799128510065058e+00  8.714897902274545e-04  5.319806950390145e-01 -1.742979869883560e-05  3.706889561446841e-01  1.108443002541659e+00  2.173016923124370e-04  2.196505149007948e-04 
 6.119999999999878e-01  1.799123152205709e+00  8.768476496169633e-04  5.315687575280048e-01 -1.753695588581350e-05  3.697782986080653e-01  1.108363411907741e+00  2.179673037613825e-04  2.203259728854094e-04 
 6.124999999999877e-01  1.799117778211367e+00  8.822216440013957e-04  5.311568570784948e-01 -1.764443577267211e-05  3.688676819826271e-01  1.108283799403335e+00  2.186328718050863e-04  2.210014029867966e-04 
 6.129999999999877e-01  1.799112388084587e+00  8.876117708214601e-04  5.307449936881343e-01 -1.775223830825789e-05  3.679571062653637e-01  1.108204165027696e+00  2.192983964501444e-04  2.216768052081793e-04 
 6.134999999999876e-01  1.799106981827931e+00  8.930180275185292e-04  5.303331673545757e-01 -1.786036344137570e-05  3.670465714532716e-01  1.108124508780078e+00  2.199638777031508e-04  2.223521795527816e-04 
 6.139999999999876e-01  1.799101559443957e+00  8.984404115346380e-04  5.299213780754753e-01 -1.796881112087201e-05  3.661360775433520e-01  1.108044830659734e+00  2.206293155706990e-04  2.230275260238252e-04 
 6.144999999999875e-01  1.799096120935220e+00  9.038789203124794e-04  5.295096258484905e-01 -1.807758129560716e-05  3.652256245326062e-01  1.107965130665913e+00  2.212947100593808e-04  2.237028446245344e-04 
 6.149999999999874e-01  1.799090666304278e+00  9.093335512954052e-04  5.290979106712848e-01 -1.818667391444845e-05  3.643152124180424e-01  1.107885408797862e+00  2.219600611757874e-04  2.243781353581280e-04 
 6.154999999999874e-01  1.799085195553686e+00  9.148043019274288e-04  5.286862325415219e-01 -1.829608892627704e-05  3.634048411966690e-01  1.107805665054824e+00  2.226253689265078e-04  2.250533982278293e-04 
 6.159999999999873e-01  1.799079708686002e+00  9.202911696532258e-04  5.282745914568704e-01 -1.840582627996717e-05  3.624945108654988e-01  1.107725899436043e+00  2.232906333181307e-04  2.257286332368582e-04 
 6.164999999999873e-01  1.799074205703778e+00  9.257941519181237e-04  5.278629874150012e-01 -1.851588592444858e-05  3.615842214215474e-01  1.107646111940757e+00  2.239558543572431e-04  2.264038403884348e-04 
 6.169999999999872e-01  1.799068686609569e+00  9.313132461681200e-04  5.274514204135887e-01 -1.862626780861631e-05  3.606739728618340e-01  1.107566302568202e+00  2.246210320504307e-04  2.270790196857781e-04 
 6.174999999999872e-01  1.799063151405929e+00  9.368484498498618e-04  5.270398904503101e-01 -1.873697188142787e-05  3.597637651833800e-01  1.107486471317613e+00  2.252861664042785e-04  2.277541711321075e-04 
 6.179999999999871e-01  1.799057600095409e+00  9.423997604106581e-04  5.266283975228461e-01 -1.884799809181992e-05  3.588535983832112e-01  1.107406618188222e+00  2.259512574253698e-04  2.284292947306409e-04 
 6.184999999999871e-01  1.799052032680562e+00  9.479671752984775e-04  5.262169416288792e-01 -1.895934638876384e-05  3.579434724583547e-01  1.107326743179255e+00  2.266163051202867e-04  2.291043904845977e-04 
 6.189999999999870e-01  1.799046449163940e+00  9.535506919619491e-04  5.258055227660972e-01 -1.907101672121020e-05  3.570333874058428e-01  1.107246846289942e+00  2.272813094956104e-04  2.297794583971932e-04 
 6.194999999999869e-01  1.799040849548093e+00  9.591503078503553e-04  5.253941409321889e-01 -1.918300903815118e-05  3.561233432227094e-01  1.107166927519505e+00  2.279462705579206e-04  2.304544984716455e-04 
 6.199999999999869e-01  1.799035233835570e+00  9.647660204136388e-04  5.249827961248479e-01 -1.929532328860672e-05  3.552133399059928e-01  1.107086986867166e+00  2.286111883137958e-04  2.311295107111700e-04 
 6.204999999999868e-01  1.799029602028922e+00  9.703978271024018e-04  5.245714883417695e-01 -1.940795942156903e-05  3.543033774527332e-01  1.107007024332142e+00  2.292760627698133e-04  2.318044951189830e-04 
 6.209999999999868e-01  1.799023954130698e+00  9.760457253679024e-04  5.241602175806523e-01 -1.952091738604417e-05  3.533934558599740e-01  1.106927039913653e+00  2.299408939325495e-04  2.324794516983001e-04 
 6.214999999999867e-01  1.799018290143445e+00  9.817097126620556e-04  5.237489838391993e-01 -1.963419713111453e-05  3.524835751247631e-01  1.106847033610909e+00  2.306056818085792e-04  2.331543804523349e-04 
 6.219999999999867e-01  1.799012610069710e+00  9.873897864374355e-04  5.233377871151152e-01 -1.974779860580700e-05  3.515737352441504e-01  1.106767005423122e+00  2.312704264044761e-04  2.338292813843019e-04 
 6.224999999999866e-01  1.799006913912042e+00  9.930859441472737e-04  5.229266274061083e-01 -1.986172175916928e-05  3.506639362151889e-01  1.106686955349501e+00  2.319351277268125e-04  2.345041544974149e-04 
 6.229999999999866e-01  1.799001201672984e+00  9.987981832454537e-04  5.225155047098903e-01 -1.997596654031847e-05  3.497541780349355e-01  1.106606883389252e+00  2.325997857821600e-04  2.351789997948860e-04 
 6.234999999999865e-01  1.798995473355084e+00  1.004526501186519e-03  5.221044190241760e-01 -2.009053289831614e-05  3.488444607004501e-01  1.106526789541578e+00  2.332644005770884e-04  2.358538172799274e-04 
 6.239999999999865e-01  1.798989728960886e+00  1.010270895425676e-03  5.216933703466820e-01 -2.020542078227938e-05  3.479347842087941e-01  1.106446673805679e+00  2.339289721181666e-04  2.365286069557528e-04 
 6.244999999999864e-01  1.798983968492934e+00  1.016031363418776e-03  5.212823586751297e-01 -2.032063014132529e-05  3.470251485570346e-01  1.106366536180754e+00  2.345935004119624e-04  2.372033688255721e-04 
 6.249999999999863e-01  1.798978191953772e+00  1.021807902622336e-03  5.208713840072430e-01 -2.043616092457096e-05  3.461155537422402e-01  1.106286376666000e+00  2.352579854650421e-04  2.378781028925966e-04 
 6.254999999999863e-01  1.798972399345942e+00  1.027600510493519e-03  5.204604463407487e-01 -2.055201308116816e-05  3.452059997614831e-01  1.106206195260608e+00  2.359224272839707e-04  2.385528091600363e-04 
 6.259999999999862e-01  1.798966590671986e+00  1.033409184490154e-03  5.200495456733772e-01 -2.066818656028951e-05  3.442964866118390e-01  1.106125991963768e+00  2.365868258753126e-04  2.392274876311007e-04 
 6.264999999999862e-01  1.798960765934446e+00  1.039233922070719e-03  5.196386820028612e-01 -2.078468131108679e-05  3.433870142903857e-01  1.106045766774670e+00  2.372511812456303e-04  2.399021383089997e-04 
 6.269999999999861e-01  1.798954925135863e+00  1.045074720694350e-03  5.192278553269374e-01 -2.090149728273261e-05  3.424775827942053e-01  1.105965519692499e+00  2.379154934014855e-04  2.405767611969414e-04 
 6.274999999999861e-01  1.798949068278778e+00  1.050931577820836e-03  5.188170656433448e-01 -2.101863442444812e-05  3.415681921203823e-01  1.105885250716436e+00  2.385797623494385e-04  2.412513562981344e-04 
 6.279999999999860e-01  1.798943195365729e+00  1.056804490910623e-03  5.184063129498266e-01 -2.113609268542677e-05  3.406588422660051e-01  1.105804959845662e+00  2.392439880960486e-04  2.419259236157853e-04 
 6.284999999999860e-01  1.798937306399256e+00  1.062693457424810e-03  5.179955972441284e-01 -2.125387201488971e-05  3.397495332281646e-01  1.105724647079355e+00  2.399081706478735e-04  2.426004631531015e-04 
 6.289999999999859e-01  1.798931401381896e+00  1.068598474825156e-03  5.175849185239983e-01 -2.137197236207894e-05  3.388402650039549e-01  1.105644312416691e+00  2.405723100114701e-04  2.432749749132899e-04 
 6.294999999999858e-01  1.798925480316188e+00  1.074519540574062e-03  5.171742767871895e-01 -2.149039367623645e-05  3.379310375904742e-01  1.105563955856840e+00  2.412364061933942e-04  2.439494588995552e-04 
 6.299999999999858e-01  1.798919543204669e+00  1.080456652134598e-03  5.167636720314561e-01 -2.160913590663199e-05  3.370218509848223e-01  1.105483577398973e+00  2.419004592001994e-04  2.446239151151038e-04 
 6.304999999999857e-01  1.798913590049874e+00  1.086409806970478e-03  5.163531042545563e-01 -2.172819900252837e-05  3.361127051841030e-01  1.105403177042257e+00  2.425644690384395e-04  2.452983435631407e-04 
 6.309999999999857e-01  1.798907620854339e+00  1.092379002546070e-03  5.159425734542517e-01 -2.184758291322308e-05  3.352036001854234e-01  1.105322754785858e+00  2.432284357146662e-04  2.459727442468697e-04 
 6.314999999999856e-01  1.798901635620600e+00  1.098364236326404e-03  5.155320796283067e-01 -2.196728758801364e-05  3.342945359858938e-01  1.105242310628935e+00  2.438923592354303e-04  2.466471171694944e-04 
 6.319999999999856e-01  1.798895634351190e+00  1.104365505777155e-03  5.151216227744890e-01 -2.208731297620448e-05  3.333855125826273e-01  1.105161844570650e+00  2.445562396072810e-04  2.473214623342181e-04 
 6.324999999999855e-01  1.798889617048644e+00  1.110382808364651e-03  5.147112028905695e-01 -2.220765902712779e-05  3.324765299727405e-01  1.105081356610160e+00  2.452200768367670e-04  2.479957797442431e-04 
 6.329999999999855e-01  1.798883583715493e+00  1.116416141555878e-03  5.143008199743218e-01 -2.232832569014354e-05  3.315675881533530e-01  1.105000846746616e+00  2.458838709304351e-04  2.486700694027717e-04 
 6.334999999999854e-01  1.798877534354271e+00  1.122465502818474e-03  5.138904740235228e-01 -2.244931291458391e-05  3.306586871215874e-01  1.104920314979173e+00  2.465476218948313e-04  2.493443313130057e-04 
 6.339999999999854e-01  1.798871468967510e+00  1.128530889620729e-03  5.134801650359527e-01 -2.257062064980886e-05  3.297498268745697e-01  1.104839761306979e+00  2.472113297365003e-04  2.500185654781461e-04 
 6.344999999999853e-01  1.798865387557740e+00  1.134612299431579e-03  5.130698930093948e-01 -2.269224884519916e-05  3.288410074094288e-01  1.104759185729181e+00  2.478749944619857e-04  2.506927719013934e-04 
 6.349999999999852e-01  1.798859290127492e+00  1.140709729720624e-03  5.126596579416358e-01 -2.281419745016333e-05  3.279322287232978e-01  1.104678588244921e+00  2.485386160778297e-04  2.513669505859467e-04 
 6.354999999999852e-01  1.798853176679295e+00  1.146823177958104e-03  5.122494598304652e-01 -2.293646641409602e-05  3.270234908133118e-01  1.104597968853341e+00  2.492021945905732e-04  2.520411015350058e-04 
 6.359999999999851e-01  1.798847047215680e+00  1.152952641614918e-03  5.118392986736756e-01 -2.305905568641270e-05  3.261147936766095e-01  1.104517327553581e+00  2.498657300067564e-04  2.527152247517694e-04 
 6.364999999999851e-01  1.798840901739173e+00  1.159098118162620e-03  5.114291744690624e-01 -2.318196521654964e-05  3.252061373103323e-01  1.104436664344775e+00  2.505292223329180e-04  2.533893202394366e-04 
 6.369999999999850e-01  1.798834740252303e+00  1.165259605073405e-03  5.110190872144257e-01 -2.330519495395006e-05  3.242975217116261e-01  1.104355979226057e+00  2.511926715755953e-04  2.540633880012035e-04 
 6.374999999999850e-01  1.798828562757597e+00  1.171437099820127e-03  5.106090369075666e-01 -2.342874484806412e-05  3.233889468776385e-01  1.104275272196558e+00  2.518560777413245e-04  2.547374280402688e-04 
 6.379999999999849e-01  1.798822369257582e+00  1.177630599876286e-03  5.101990235462912e-01 -2.355261484835586e-05  3.224804128055214e-01  1.104194543255407e+00  2.525194408366410e-04  2.554114403598280e-04 
 6.384999999999849e-01  1.798816159754783e+00  1.183840102716042e-03  5.097890471284073e-01 -2.367680490435176e-05  3.215719194924289e-01  1.104113792401727e+00  2.531827608680787e-04  2.560854249630779e-04 
 6.389999999999848e-01  1.798809934251726e+00  1.190065605814193e-03  5.093791076517266e-01 -2.380131496548810e-05  3.206634669355187e-01  1.104033019634643e+00  2.538460378421701e-04  2.567593818532144e-04 
 6.394999999999847e-01  1.798803692750934e+00  1.196307106646196e-03  5.089692051140642e-01 -2.392614498131912e-05  3.197550551319524e-01  1.103952224953275e+00  2.545092717654466e-04  2.574333110334316e-04 
 6.399999999999847e-01  1.798797435254934e+00  1.202564602688158e-03  5.085593395132381e-01 -2.405129490132968e-05  3.188466840788942e-01  1.103871408356740e+00  2.551724626444387e-04  2.581072125069238e-04 
 6.404999999999846e-01  1.798791161766246e+00  1.208838091416829e-03  5.081495108470687e-01 -2.417676467509483e-05  3.179383537735107e-01  1.103790569844153e+00  2.558356104856758e-04  2.587810862768857e-04 
 6.409999999999846e-01  1.798784872287394e+00  1.215127570309621e-03  5.077397191133813e-01 -2.430255425212718e-05  3.170300642129735e-01  1.103709709414628e+00  2.564987152956854e-04  2.594549323465097e-04 
 6.414999999999845e-01  1.798778566820899e+00  1.221433036844580e-03  5.073299643100027e-01 -2.442866358201568e-05  3.161218153944558e-01  1.103628827067272e+00  2.571617770809942e-04  2.601287507189891e-04 
 6.419999999999845e-01  1.798772245369284e+00  1.227754488500417e-03  5.069202464347633e-01 -2.455509261431454e-05  3.152136073151346e-01  1.103547922801195e+00  2.578247958481282e-04  2.608025413975161e-04 
 6.424999999999844e-01  1.798765907935070e+00  1.234091922756483e-03  5.065105654854969e-01 -2.468184129860579e-05  3.143054399721898e-01  1.103466996615500e+00  2.584877716036114e-04  2.614763043852828e-04 
 6.429999999999844e-01  1.798759554520774e+00  1.240445337092782e-03  5.061009214600406e-01 -2.480890958452692e-05  3.133973133628054e-01  1.103386048509287e+00  2.591507043539670e-04  2.621500396854799e-04 
 6.434999999999843e-01  1.798753185128918e+00  1.246814728989961e-03  5.056913143562342e-01 -2.493629742165299e-05  3.124892274841674e-01  1.103305078481660e+00  2.598135941057170e-04  2.628237473012983e-04 
 6.439999999999843e-01  1.798746799762019e+00  1.253200095929327e-03  5.052817441719208e-01 -2.506400475962151e-05  3.115811823334656e-01  1.103224086531711e+00  2.604764408653820e-04  2.634974272359283e-04 
 6.444999999999842e-01  1.798740398422597e+00  1.259601435392820e-03  5.048722109049473e-01 -2.519203154806998e-05  3.106731779078934e-01  1.103143072658536e+00  2.611392446394818e-04  2.641710794925587e-04 
 6.449999999999841e-01  1.798733981113167e+00  1.266018744863047e-03  5.044627145531625e-01 -2.532037773666368e-05  3.097652142046463e-01  1.103062036861226e+00  2.618020054345347e-04  2.648447040743793e-04 
 6.454999999999841e-01  1.798727547836248e+00  1.272452021823245e-03  5.040532551144206e-01 -2.544904327504705e-05  3.088572912209251e-01  1.102980979138870e+00  2.624647232570580e-04  2.655183009845765e-04 
 6.459999999999840e-01  1.798721098594354e+00  1.278901263757310e-03  5.036438325865761e-01 -2.557802811291310e-05  3.079494089539312e-01  1.102899899490554e+00  2.631273981135677e-04  2.661918702263405e-04 
 6.464999999999840e-01  1.798714633390003e+00  1.285366468149780e-03  5.032344469674885e-01 -2.570733219994792e-05  3.070415674008707e-01  1.102818797915361e+00  2.637900300105784e-04  2.668654118028578e-04 
 6.469999999999839e-01  1.798708152225707e+00  1.291847632485851e-03  5.028250982550198e-01 -2.583695548585840e-05  3.061337665589522e-01  1.102737674412372e+00  2.644526189546041e-04  2.675389257173157e-04 
 6.474999999999839e-01  1.798701655103983e+00  1.298344754251352e-03  5.024157864470358e-01 -2.596689792033757e-05  3.052260064253887e-01  1.102656528980665e+00  2.651151649521567e-04  2.682124119728998e-04 
 6.479999999999838e-01  1.798695142027342e+00  1.304857830932766e-03  5.020065115414049e-01 -2.609715945315477e-05  3.043182869973951e-01  1.102575361619315e+00  2.657776680097480e-04  2.688858705727961e-04 
 6.484999999999838e-01  1.798688612998298e+00  1.311386860017228e-03  5.015972735359991e-01 -2.622774003403772e-05  3.034106082721906e-01  1.102494172327395e+00  2.664401281338881e-04  2.695593015201892e-04 
 6.489999999999837e-01  1.798682068019364e+00  1.317931838992509e-03  5.011880724286932e-01 -2.635863961272106e-05  3.025029702469966e-01  1.102412961103976e+00  2.671025453310854e-04  2.702327048182644e-04 
 6.494999999999836e-01  1.798675507093050e+00  1.324492765347032e-03  5.007789082173657e-01 -2.648985813900190e-05  3.015953729190389e-01  1.102331727948124e+00  2.677649196078481e-04  2.709060804702049e-04 
 6.499999999999836e-01  1.798668930221868e+00  1.331069636569875e-03  5.003697808998973e-01 -2.662139556264265e-05  3.006878162855448e-01  1.102250472858905e+00  2.684272509706825e-04  2.715794284791955e-04 
 6.504999999999835e-01  1.798662337408328e+00  1.337662450150745e-03  4.999606904741727e-01 -2.675325183344041e-05  2.997803003437464e-01  1.102169195835381e+00  2.690895394260939e-04  2.722527488484186e-04 
 6.509999999999835e-01  1.798655728654940e+00  1.344271203580006e-03  4.995516369380802e-01 -2.688542690119922e-05  2.988728250908790e-01  1.102087896876611e+00  2.697517849805865e-04  2.729260415810558e-04 
 6.514999999999834e-01  1.798649103964212e+00  1.350895894348667e-03  4.991426202895105e-01 -2.701792071577169e-05  2.979653905241803e-01  1.102006575981652e+00  2.704139876406635e-04  2.735993066802894e-04 
 6.519999999999834e-01  1.798642463338653e+00  1.357536519948384e-03  4.987336405263570e-01 -2.715073322694800e-05  2.970579966408909e-01  1.101925233149559e+00  2.710761474128264e-04  2.742725441493015e-04 
 6.524999999999833e-01  1.798635806780770e+00  1.364193077871452e-03  4.983246976465178e-01 -2.728386438459462e-05  2.961506434382561e-01  1.101843868379382e+00  2.717382643035758e-04  2.749457539912722e-04 
 6.529999999999833e-01  1.798629134293072e+00  1.370865565610816e-03  4.979157916478927e-01 -2.741731413855725e-05  2.952433309135229e-01  1.101762481670171e+00  2.724003383194114e-04  2.756189362093821e-04 
 6.534999999999832e-01  1.798622445878064e+00  1.377553980660063e-03  4.975069225283857e-01 -2.755108243873011e-05  2.943360590639426e-01  1.101681073020972e+00  2.730623694668313e-04  2.762920908068107e-04 
 6.539999999999832e-01  1.798615741538251e+00  1.384258320513432e-03  4.970980902859038e-01 -2.768516923498665e-05  2.934288278867695e-01  1.101599642430827e+00  2.737243577523325e-04  2.769652177867370e-04 
 6.544999999999831e-01  1.798609021276139e+00  1.390978582665801e-03  4.966892949183569e-01 -2.781957447722111e-05  2.925216373792608e-01  1.101518189898779e+00  2.743863031824111e-04  2.776383171523397e-04 
 6.549999999999830e-01  1.798602285094233e+00  1.397714764612688e-03  4.962805364236583e-01 -2.795429811534161e-05  2.916144875386771e-01  1.101436715423865e+00  2.750482057635615e-04  2.783113889067971e-04 
 6.554999999999830e-01  1.798595532995036e+00  1.404466863850264e-03  4.958718147997247e-01 -2.808934009927710e-05  2.907073783622828e-01  1.101355219005121e+00  2.757100655022775e-04  2.789844330532856e-04 
 6.559999999999829e-01  1.798588764981052e+00  1.411234877875345e-03  4.954631300444750e-01 -2.822470037897040e-05  2.898003098473438e-01  1.101273700641579e+00  2.763718824050515e-04  2.796574495949843e-04 
 6.564999999999829e-01  1.798581981054783e+00  1.418018804185379e-03  4.950544821558328e-01 -2.836037890435045e-05  2.888932819911316e-01  1.101192160332270e+00  2.770336564783745e-04  2.803304385350679e-04 
 6.569999999999828e-01  1.798575181218731e+00  1.424818640278470e-03  4.946458711317240e-01 -2.849637562539475e-05  2.879862947909196e-01  1.101110598076221e+00  2.776953877287365e-04  2.810033998767126e-04 
 6.574999999999828e-01  1.798568365475396e+00  1.431634383653358e-03  4.942372969700780e-01 -2.863269049208778e-05  2.870793482439845e-01  1.101029013872456e+00  2.783570761626265e-04  2.816763336230935e-04 
 6.579999999999827e-01  1.798561533827281e+00  1.438466031809434e-03  4.938287596688269e-01 -2.876932345438621e-05  2.861724423476062e-01  1.100947407719999e+00  2.790187217865320e-04  2.823492397773861e-04 
 6.584999999999827e-01  1.798554686276884e+00  1.445313582246723e-03  4.934202592259069e-01 -2.890627446232308e-05  2.852655770990685e-01  1.100865779617867e+00  2.796803246069395e-04  2.830221183427639e-04 
 6.589999999999826e-01  1.798547822826706e+00  1.452177032465899e-03  4.930117956392563e-01 -2.904354346588978e-05  2.843587524956572e-01  1.100784129565079e+00  2.803418846303345e-04  2.836949693224013e-04 
 6.594999999999825e-01  1.798540943479245e+00  1.459056379968277e-03  4.926033689068178e-01 -2.918113041511239e-05  2.834519685346628e-01  1.100702457560647e+00  2.810034018632010e-04  2.843677927194710e-04 
 6.599999999999825e-01  1.798534048236997e+00  1.465951622255814e-03  4.921949790265359e-01 -2.931903526005863e-05  2.825452252133778e-01  1.100620763603583e+00  2.816648763120218e-04  2.850405885371464e-04 
 6.604999999999824e-01  1.798527137102463e+00  1.472862756831110e-03  4.917866259963606e-01 -2.945725795074766e-05  2.816385225290998e-01  1.100539047692896e+00  2.823263079832788e-04  2.857133567785975e-04 
 6.609999999999824e-01  1.798520210078137e+00  1.479789781197411e-03  4.913783098142421e-01 -2.959579843726801e-05  2.807318604791268e-01  1.100457309827591e+00  2.829876968834528e-04  2.863860974469981e-04 
 6.614999999999823e-01  1.798513267166517e+00  1.486732692858596e-03  4.909700304781366e-01 -2.973465666966657e-05  2.798252390607628e-01  1.100375550006673e+00  2.836490430190232e-04  2.870588105455174e-04 
 6.619999999999823e-01  1.798506308370097e+00  1.493691489319196e-03  4.905617879860014e-01 -2.987383259806659e-05  2.789186582713131e-01  1.100293768229141e+00  2.843103463964681e-04  2.877314960773272e-04 
 6.624999999999822e-01  1.798499333691372e+00  1.500666168084377e-03  4.901535823357981e-01 -3.001332617256353e-05  2.780121181080873e-01  1.100211964493993e+00  2.849716070222647e-04  2.884041540455970e-04 
 6.629999999999822e-01  1.798492343132837e+00  1.507656726659944e-03  4.897454135254921e-01 -3.015313734325981e-05  2.771056185683985e-01  1.100130138800224e+00  2.856328249028889e-04  2.890767844534951e-04 
 6.634999999999821e-01  1.798485336696986e+00  1.514663162552354e-03  4.893372815530505e-01 -3.029326606028560e-05  2.761991596495622e-01  1.100048291146828e+00  2.862940000448156e-04  2.897493873041912e-04 
 6.639999999999820e-01  1.798478314386310e+00  1.521685473268699e-03  4.889291864164446e-01 -3.043371227380576e-05  2.752927413488975e-01  1.099966421532792e+00  2.869551324545183e-04  2.904219626008537e-04 
 6.644999999999820e-01  1.798471276203303e+00  1.528723656316705e-03  4.885211281136487e-01 -3.057447593395046e-05  2.743863636637269e-01  1.099884529957105e+00  2.876162221384693e-04  2.910945103466498e-04 
 6.649999999999819e-01  1.798464222150455e+00  1.535777709204756e-03  4.881131066426402e-01 -3.071555699090539e-05  2.734800265913760e-01  1.099802616418750e+00  2.882772691031402e-04  2.917670305447471e-04 
 6.654999999999819e-01  1.798457152230259e+00  1.542847629441854e-03  4.877051220014003e-01 -3.085695539482847e-05  2.725737301291740e-01  1.099720680916710e+00  2.889382733550007e-04  2.924395231983116e-04 
 6.659999999999818e-01  1.798450066445204e+00  1.549933414537658e-03  4.872971741879129e-01 -3.099867109591925e-05  2.716674742744529e-01  1.099638723449963e+00  2.895992349005202e-04  2.931119883105096e-04 
 6.664999999999818e-01  1.798442964797780e+00  1.557035062002466e-03  4.868892632001650e-01 -3.114070404440505e-05  2.707612590245483e-01  1.099556744017485e+00  2.902601537461661e-04  2.937844258845066e-04 
 6.669999999999817e-01  1.798435847290475e+00  1.564152569347205e-03  4.864813890361469e-01 -3.128305419049932e-05  2.698550843767984e-01  1.099474742618249e+00  2.909210298984051e-04  2.944568359234680e-04 
 6.674999999999817e-01  1.798428713925780e+00  1.571285934083456e-03  4.860735516938529e-01 -3.142572148440853e-05  2.689489503285463e-01  1.099392719251226e+00  2.915818633637025e-04  2.951292184305578e-04 
 6.679999999999816e-01  1.798421564706181e+00  1.578435153723427e-03  4.856657511712795e-01 -3.156870587638777e-05  2.680428568771365e-01  1.099310673915385e+00  2.922426541485229e-04  2.958015734089398e-04 
 6.684999999999816e-01  1.798414399634164e+00  1.585600225779971e-03  4.852579874664274e-01 -3.171200731671292e-05  2.671368040199181e-01  1.099228606609690e+00  2.929034022593292e-04  2.964739008617768e-04 
 6.689999999999815e-01  1.798407218712219e+00  1.592781147766588e-03  4.848502605772994e-01 -3.185562575561823e-05  2.662307917542423e-01  1.099146517333105e+00  2.935641077025834e-04  2.971462007922330e-04 
 6.694999999999814e-01  1.798400021942829e+00  1.599977917197402e-03  4.844425705019025e-01 -3.199956114342817e-05  2.653248200774647e-01  1.099064406084588e+00  2.942247704847465e-04  2.978184732034695e-04 
 6.699999999999814e-01  1.798392809328479e+00  1.607190531587183e-03  4.840349172382464e-01 -3.214381343041861e-05  2.644188889869436e-01  1.098982272863097e+00  2.948853906122776e-04  2.984907180986485e-04 
 6.704999999999813e-01  1.798385580871656e+00  1.614418988451338e-03  4.836273007843450e-01 -3.228838256689320e-05  2.635129984800413e-01  1.098900117667586e+00  2.955459680916355e-04  2.991629354809304e-04 
 6.709999999999813e-01  1.798378336574842e+00  1.621663285305922e-03  4.832197211382135e-01 -3.243326850316947e-05  2.626071485541215e-01  1.098817940497007e+00  2.962065029292776e-04  2.998351253534772e-04 
 6.714999999999812e-01  1.798371076440521e+00  1.628923419667612e-03  4.828121782978725e-01 -3.257847118958573e-05  2.617013392065536e-01  1.098735741350309e+00  2.968669951316599e-04  3.005072877194478e-04 
 6.719999999999812e-01  1.798363800471175e+00  1.636199389053735e-03  4.824046722613449e-01 -3.272399057649422e-05  2.607955704347092e-01  1.098653520226438e+00  2.975274447052375e-04  3.011794225820015e-04 
 6.724999999999811e-01  1.798356508669288e+00  1.643491190982251e-03  4.819972030266564e-01 -3.286982661424714e-05  2.598898422359627e-01  1.098571277124337e+00  2.981878516564638e-04  3.018515299442981e-04 
 6.729999999999811e-01  1.798349201037339e+00  1.650798822971763e-03  4.815897705918362e-01 -3.301597925322447e-05  2.589841546076918e-01  1.098489012042946e+00  2.988482159917920e-04  3.025236098094964e-04 
 6.734999999999810e-01  1.798341877577809e+00  1.658122282541500e-03  4.811823749549178e-01 -3.316244844382005e-05  2.580785075472789e-01  1.098406724981204e+00  2.995085377176736e-04  3.031956621807527e-04 
 6.739999999999809e-01  1.798334538293180e+00  1.665461567211342e-03  4.807750161139366e-01 -3.330923413639997e-05  2.571729010521083e-01  1.098324415938047e+00  3.001688168405585e-04  3.038676870612255e-04 
 6.744999999999809e-01  1.798327183185930e+00  1.672816674501795e-03  4.803676940669319e-01 -3.345633628139277e-05  2.562673351195681e-01  1.098242084912405e+00  3.008290533668964e-04  3.045396844540711e-04 
 6.749999999999808e-01  1.798319812258538e+00  1.680187601934009e-03  4.799604088119460e-01 -3.360375482923394e-05  2.553618097470495e-01  1.098159731903210e+00  3.014892473031349e-04  3.052116543624460e-04 
 6.754999999999808e-01  1.798312425513484e+00  1.687574347029772e-03  4.795531603470249e-01 -3.375148973032427e-05  2.544563249319476e-01  1.098077356909389e+00  3.021493986557213e-04  3.058835967895056e-04 
 6.759999999999807e-01  1.798305022953243e+00  1.694976907311499e-03  4.791459486702170e-01 -3.389954093514780e-05  2.535508806716593e-01  1.097994959929864e+00  3.028095074311011e-04  3.065555117384061e-04 
 6.764999999999807e-01  1.798297604580292e+00  1.702395280302250e-03  4.787387737795753e-01 -3.404790839415389e-05  2.526454769635871e-01  1.097912540963557e+00  3.034695736357188e-04  3.072273992123003e-04 
 6.769999999999806e-01  1.798290170397109e+00  1.709829463525718e-03  4.783316356731547e-01 -3.419659205781966e-05  2.517401138051348e-01  1.097830100009388e+00  3.041295972760180e-04  3.078992592143437e-04 
 6.774999999999806e-01  1.798282720406169e+00  1.717279454506236e-03  4.779245343490138e-01 -3.434559187661529e-05  2.508347911937100e-01  1.097747637066272e+00  3.047895783584409e-04  3.085710917476897e-04 
 6.779999999999805e-01  1.798275254609947e+00  1.724745250768765e-03  4.775174698052151e-01 -3.449490780105258e-05  2.499295091267243e-01  1.097665152133123e+00  3.054495168894288e-04  3.092428968154908e-04 
 6.784999999999805e-01  1.798267773010918e+00  1.732226849838909e-03  4.771104420398240e-01 -3.464453978163640e-05  2.490242676015925e-01  1.097582645208850e+00  3.061094128754213e-04  3.099146744208992e-04 
 6.789999999999804e-01  1.798260275611554e+00  1.739724249242900e-03  4.767034510509087e-01 -3.479448776891325e-05  2.481190666157317e-01  1.097500116292362e+00  3.067692663228576e-04  3.105864245670673e-04 
 6.794999999999803e-01  1.798252762414330e+00  1.747237446507615e-03  4.762964968365411e-01 -3.494475171340883e-05  2.472139061665634e-01  1.097417565382562e+00  3.074290772381749e-04  3.112581472571464e-04 
 6.799999999999803e-01  1.798245233421718e+00  1.754766439160559e-03  4.758895793947963e-01 -3.509533156564187e-05  2.463087862515116e-01  1.097334992478355e+00  3.080888456278103e-04  3.119298424942872e-04 
 6.804999999999802e-01  1.798237688636189e+00  1.762311224729877e-03  4.754826987237528e-01 -3.524622727622134e-05  2.454037068680046e-01  1.097252397578638e+00  3.087485714981986e-04  3.126015102816400e-04 
 6.809999999999802e-01  1.798230128060215e+00  1.769871800744339e-03  4.750758548214921e-01 -3.539743879570068e-05  2.444986680134727e-01  1.097169780682308e+00  3.094082548557745e-04  3.132731506223546e-04 
 6.814999999999801e-01  1.798222551696267e+00  1.777448164733360e-03  4.746690476860992e-01 -3.554896607466801e-05  2.435936696853506e-01  1.097087141788260e+00  3.100678957069709e-04  3.139447635195799e-04 
 6.819999999999801e-01  1.798214959546814e+00  1.785040314226982e-03  4.742622773156628e-01 -3.570080906372536e-05  2.426887118810763e-01  1.097004480895384e+00  3.107274940582195e-04  3.146163489764643e-04 
 6.824999999999800e-01  1.798207351614325e+00  1.792648246755892e-03  4.738555437082734e-01 -3.585296771350249e-05  2.417837945980900e-01  1.096921798002567e+00  3.113870499159514e-04  3.152879069961569e-04 
 6.829999999999800e-01  1.798199727901270e+00  1.800271959851392e-03  4.734488468620268e-01 -3.600544197460143e-05  2.408789178338369e-01  1.096839093108697e+00  3.120465632865960e-04  3.159594375818042e-04 
 6.834999999999799e-01  1.798192088410117e+00  1.807911451045440e-03  4.730421867750204e-01 -3.615823179766581e-05  2.399740815857638e-01  1.096756366212655e+00  3.127060341765820e-04  3.166309407365537e-04 
 6.839999999999798e-01  1.798184433143332e+00  1.815566717870610e-03  4.726355634453559e-01 -3.631133713336704e-05  2.390692858513223e-01  1.096673617313322e+00  3.133654625923364e-04  3.173024164635518e-04 
 6.844999999999798e-01  1.798176762103383e+00  1.823237757860117e-03  4.722289768711378e-01 -3.646475793234183e-05  2.381645306279662e-01  1.096590846409574e+00  3.140248485402858e-04  3.179738647659439e-04 
 6.849999999999797e-01  1.798169075292736e+00  1.830924568547811e-03  4.718224270504740e-01 -3.661849414528240e-05  2.372598159131534e-01  1.096508053500287e+00  3.146841920268548e-04  3.186452856468764e-04 
 6.854999999999797e-01  1.798161372713856e+00  1.838627147468169e-03  4.714159139814762e-01 -3.677254572288097e-05  2.363551417043451e-01  1.096425238584330e+00  3.153434930584677e-04  3.193166791094928e-04 
 6.859999999999796e-01  1.798153654369208e+00  1.846345492156309e-03  4.710094376622582e-01 -3.692691261583669e-05  2.354505079990051e-01  1.096342401660575e+00  3.160027516415470e-04  3.199880451569385e-04 
 6.864999999999796e-01  1.798145920261257e+00  1.854079600147970e-03  4.706029980909381e-01 -3.708159477486955e-05  2.345459147946007e-01  1.096259542727884e+00  3.166619677825146e-04  3.206593837923572e-04 
 6.869999999999795e-01  1.798138170392466e+00  1.861829468979536e-03  4.701965952656372e-01 -3.723659215067870e-05  2.336413620886036e-01  1.096176661785124e+00  3.173211414877907e-04  3.213306950188911e-04 
 6.874999999999795e-01  1.798130404765298e+00  1.869595096188016e-03  4.697902291844795e-01 -3.739190469403963e-05  2.327368498784876e-01  1.096093758831153e+00  3.179802727637947e-04  3.220019788396843e-04 
 6.879999999999794e-01  1.798122623382216e+00  1.877376479311052e-03  4.693838998455936e-01 -3.754753235568620e-05  2.318323781617310e-01  1.096010833864831e+00  3.186393616169448e-04  3.226732352578769e-04 
 6.884999999999794e-01  1.798114826245680e+00  1.885173615886920e-03  4.689776072471096e-01 -3.770347508639388e-05  2.309279469358139e-01  1.095927886885010e+00  3.192984080536582e-04  3.233444642766124e-04 
 6.889999999999793e-01  1.798107013358153e+00  1.892986503454523e-03  4.685713513871622e-01 -3.785973283693816e-05  2.300235561982210e-01  1.095844917890543e+00  3.199574120803507e-04  3.240156658990306e-04 
 6.894999999999792e-01  1.798099184722095e+00  1.900815139553403e-03  4.681651322638891e-01 -3.801630555810842e-05  2.291192059464401e-01  1.095761926880279e+00  3.206163737034369e-04  3.246868401282723e-04 
 6.899999999999792e-01  1.798091340339965e+00  1.908659521723727e-03  4.677589498754306e-01 -3.817319320070095e-05  2.282148961779616e-01  1.095678913853066e+00  3.212752929293307e-04  3.253579869674783e-04 
 6.904999999999791e-01  1.798083480214223e+00  1.916519647506295e-03  4.673528042199319e-01 -3.833039571554675e-05  2.273106268902807e-01  1.095595878807746e+00  3.219341697644444e-04  3.260291064197865e-04 
 6.909999999999791e-01  1.798075604347327e+00  1.924395514442539e-03  4.669466952955399e-01 -3.848791305346294e-05  2.264063980808945e-01  1.095512821743160e+00  3.225930042151894e-04  3.267001984883368e-04 
 6.914999999999790e-01  1.798067712741735e+00  1.932287120074524e-03  4.665406231004052e-01 -3.864574516529440e-05  2.255022097473036e-01  1.095429742658146e+00  3.232517962879760e-04  3.273712631762675e-04 
 6.919999999999790e-01  1.798059805399906e+00  1.940194461944936e-03  4.661345876326831e-01 -3.880389200188600e-05  2.245980618870137e-01  1.095346641551540e+00  3.239105459892134e-04  3.280423004867153e-04 
 6.924999999999789e-01  1.798051882324294e+00  1.948117537597107e-03  4.657285888905301e-01 -3.896235351411731e-05  2.236939544975317e-01  1.095263518422174e+00  3.245692533253091e-04  3.287133104228184e-04 
 6.929999999999789e-01  1.798043943517357e+00  1.956056344574983e-03  4.653226268721074e-01 -3.912112965286790e-05  2.227898875763687e-01  1.095180373268876e+00  3.252279183026706e-04  3.293842929877131e-04 
 6.934999999999788e-01  1.798035988981549e+00  1.964010880423152e-03  4.649167015755786e-01 -3.928022036903123e-05  2.218858611210390e-01  1.095097206090474e+00  3.258865409277029e-04  3.300552481845361e-04 
 6.939999999999787e-01  1.798028018719325e+00  1.971981142686826e-03  4.645108129991116e-01 -3.943962561349379e-05  2.209818751290607e-01  1.095014016885792e+00  3.265451212068109e-04  3.307261760164227e-04 
 6.944999999999787e-01  1.798020032733141e+00  1.979967128911847e-03  4.641049611408772e-01 -3.959934533718373e-05  2.200779295979550e-01  1.094930805653651e+00  3.272036591463981e-04  3.313970764865073e-04 
 6.949999999999786e-01  1.798012031025448e+00  1.987968836644690e-03  4.636991459990494e-01 -3.975937949103614e-05  2.191740245252465e-01  1.094847572392869e+00  3.278621547528665e-04  3.320679495979248e-04 
 6.954999999999786e-01  1.798004013598701e+00  1.995986263432455e-03  4.632933675718053e-01 -3.991972802597221e-05  2.182701599084628e-01  1.094764317102262e+00  3.285206080326173e-04  3.327387953538100e-04 
 6.959999999999785e-01  1.797995980455352e+00  2.004019406822876e-03  4.628876258573261e-01 -4.008039089296866e-05  2.173663357451355e-01  1.094681039780642e+00  3.291790189920507e-04  3.334096137572947e-04 
 6.964999999999785e-01  1.797987931597850e+00  2.012068264364310e-03  4.624819208537953e-01 -4.024136804300221e-05  2.164625520327988e-01  1.094597740426819e+00  3.298373876375654e-04  3.340804048115134e-04 
 6.969999999999784e-01  1.797979867028649e+00  2.020132833605750e-03  4.620762525594009e-01 -4.040265942701488e-05  2.155588087689913e-01  1.094514419039599e+00  3.304957139755591e-04  3.347511685195974e-04 
 6.974999999999784e-01  1.797971786750199e+00  2.028213112096807e-03  4.616706209723332e-01 -4.056426499603194e-05  2.146551059512538e-01  1.094431075617788e+00  3.311539980124287e-04  3.354219048846786e-04 
 6.979999999999783e-01  1.797963690764948e+00  2.036309097387734e-03  4.612650260907862e-01 -4.072618470103706e-05  2.137514435771312e-01  1.094347710160186e+00  3.318122397545695e-04  3.360926139098889e-04 
 6.984999999999782e-01  1.797955579075347e+00  2.044420787029397e-03  4.608594679129578e-01 -4.088841849306940e-05  2.128478216441720e-01  1.094264322665591e+00  3.324704392083759e-04  3.367632955983580e-04 
 6.989999999999782e-01  1.797947451683844e+00  2.052548178573309e-03  4.604539464370479e-01 -4.105096632312649e-05  2.119442401499269e-01  1.094180913132800e+00  3.331285963802411e-04  3.374339499532173e-04 
 6.994999999999781e-01  1.797939308592885e+00  2.060691269571590e-03  4.600484616612612e-01 -4.121382814229607e-05  2.110406990919514e-01  1.094097481560604e+00  3.337867112765573e-04  3.381045769775951e-04 
 6.999999999999781e-01  1.797931149804920e+00  2.068850057577007e-03  4.596430135838046e-01 -4.137700390159649e-05  2.101371984678035e-01  1.094014027947795e+00  3.344447839037153e-04  3.387751766746220e-04 
 7.004999999999780e-01  1.797922975322395e+00  2.077024540142936e-03  4.592376022028892e-01 -4.154049355210854e-05  2.092337382750451e-01  1.093930552293158e+00  3.351028142681049e-04  3.394457490474251e-04 
 7.009999999999780e-01  1.797914785147755e+00  2.085214714823396e-03  4.588322275167291e-01 -4.170429704490608e-05  2.083303185112410e-01  1.093847054595479e+00  3.357608023761153e-04  3.401162940991330e-04 
 7.014999999999779e-01  1.797906579283445e+00  2.093420579173023e-03  4.584268895235413e-01 -4.186841433109767e-05  2.074269391739593e-01  1.093763534853538e+00  3.364187482341335e-04  3.407868118328735e-04 
 7.019999999999779e-01  1.797898357731912e+00  2.101642130747087e-03  4.580215882215469e-01 -4.203284536175717e-05  2.065236002607720e-01  1.093679993066115e+00  3.370766518485466e-04  3.414573022517732e-04 
 7.024999999999778e-01  1.797890120495597e+00  2.109879367101479e-03  4.576163236089698e-01 -4.219759008805557e-05  2.056203017692545e-01  1.093596429231984e+00  3.377345132257392e-04  3.421277653589584e-04 
 7.029999999999778e-01  1.797881867576947e+00  2.118132285792718e-03  4.572110956840379e-01 -4.236264846105980e-05  2.047170436969853e-01  1.093512843349919e+00  3.383923323720962e-04  3.427982011575548e-04 
 7.034999999999777e-01  1.797873598978402e+00  2.126400884377956e-03  4.568059044449814e-01 -4.252802043196169e-05  2.038138260415461e-01  1.093429235418689e+00  3.390501092940003e-04  3.434686096506882e-04 
 7.039999999999776e-01  1.797865314702405e+00  2.134685160414959e-03  4.564007498900351e-01 -4.269370595189753e-05  2.029106488005225e-01  1.093345605437062e+00  3.397078439978337e-04  3.441389908414822e-04 
 7.044999999999776e-01  1.797857014751399e+00  2.142985111462130e-03  4.559956320174355e-01 -4.285970497202446e-05  2.020075119715026e-01  1.093261953403802e+00  3.403655364899772e-04  3.448093447330631e-04 
 7.049999999999775e-01  1.797848699127823e+00  2.151300735078494e-03  4.555905508254242e-01 -4.302601744354817e-05  2.011044155520790e-01  1.093178279317669e+00  3.410231867768105e-04  3.454796713285531e-04 
 7.054999999999775e-01  1.797840367834118e+00  2.159632028823697e-03  4.551855063122456e-01 -4.319264331764661e-05  2.002013595398476e-01  1.093094583177424e+00  3.416807948647121e-04  3.461499706310752e-04 
 7.059999999999774e-01  1.797832020872724e+00  2.167978990258019e-03  4.547804984761468e-01 -4.335958254551853e-05  1.992983439324065e-01  1.093010864981821e+00  3.423383607600599e-04  3.468202426437527e-04 
 7.064999999999774e-01  1.797823658246080e+00  2.176341616942360e-03  4.543755273153786e-01 -4.352683507840432e-05  1.983953687273583e-01  1.092927124729612e+00  3.429958844692298e-04  3.474904873697078e-04 
 7.069999999999773e-01  1.797815279956624e+00  2.184719906438241e-03  4.539705928281963e-01 -4.369440086751664e-05  1.974924339223094e-01  1.092843362419550e+00  3.436533659985973e-04  3.481607048120602e-04 
 7.074999999999773e-01  1.797806886006795e+00  2.193113856307821e-03  4.535656950128564e-01 -4.386227986410973e-05  1.965895395148680e-01  1.092759578050378e+00  3.443108053545364e-04  3.488308949739332e-04 
 7.079999999999772e-01  1.797798476399030e+00  2.201523464113872e-03  4.531608338676204e-01 -4.403047201941013e-05  1.956866855026470e-01  1.092675771620844e+00  3.449682025434203e-04  3.495010578584462e-04 
 7.084999999999771e-01  1.797790051135764e+00  2.209948727419798e-03  4.527560093907528e-01 -4.419897728472760e-05  1.947838718832623e-01  1.092591943129687e+00  3.456255575716207e-04  3.501711934687190e-04 
 7.089999999999771e-01  1.797781610219434e+00  2.218389643789618e-03  4.523512215805212e-01 -4.436779561131643e-05  1.938810986543333e-01  1.092508092575645e+00  3.462828704455085e-04  3.508413018078711e-04 
 7.094999999999770e-01  1.797773153652476e+00  2.226846210787984e-03  4.519464704351966e-01 -4.453692695047945e-05  1.929783658134825e-01  1.092424219957455e+00  3.469401411714534e-04  3.515113828790216e-04 
 7.099999999999770e-01  1.797764681437325e+00  2.235318425980170e-03  4.515417559530538e-01 -4.470637125351257e-05  1.920756733583364e-01  1.092340325273850e+00  3.475973697558240e-04  3.521814366852884e-04 
 7.104999999999769e-01  1.797756193576413e+00  2.243806286932071e-03  4.511370781323707e-01 -4.487612847173944e-05  1.911730212865247e-01  1.092256408523557e+00  3.482545562049874e-04  3.528514632297891e-04 
 7.109999999999769e-01  1.797747690072175e+00  2.252309791210212e-03  4.507324369714283e-01 -4.504619855649761e-05  1.902704095956798e-01  1.092172469705305e+00  3.489117005253105e-04  3.535214625156412e-04 
 7.114999999999768e-01  1.797739170927044e+00  2.260828936381732e-03  4.503278324685110e-01 -4.521658145912461e-05  1.893678382834383e-01  1.092088508817818e+00  3.495688027231579e-04  3.541914345459617e-04 
 7.119999999999768e-01  1.797730636143451e+00  2.269363720014400e-03  4.499232646219076e-01 -4.538727713097879e-05  1.884653073474405e-01  1.092004525859817e+00  3.502258628048940e-04  3.548613793238655e-04 
 7.124999999999767e-01  1.797722085723829e+00  2.277914139676611e-03  4.495187334299088e-01 -4.555828552341851e-05  1.875628167853293e-01  1.091920520830019e+00  3.508828807768817e-04  3.555312968524695e-04 
 7.129999999999767e-01  1.797713519670609e+00  2.286480192937376e-03  4.491142388908096e-01 -4.572960658782294e-05  1.866603665947513e-01  1.091836493727141e+00  3.515398566454830e-04  3.562011871348881e-04 
 7.134999999999766e-01  1.797704937986220e+00  2.295061877366325e-03  4.487097810029081e-01 -4.590124027560594e-05  1.857579567733566e-01  1.091752444549893e+00  3.521967904170587e-04  3.568710501742359e-04 
 7.139999999999765e-01  1.797696340673093e+00  2.303659190533723e-03  4.483053597645063e-01 -4.607318653813974e-05  1.848555873187993e-01  1.091668373296987e+00  3.528536820979681e-04  3.575408859736264e-04 
 7.144999999999765e-01  1.797687727733657e+00  2.312272130010453e-03  4.479009751739084e-01 -4.624544532686597e-05  1.839532582287356e-01  1.091584279967129e+00  3.535105316945699e-04  3.582106945361736e-04 
 7.149999999999764e-01  1.797679099170340e+00  2.320900693368017e-03  4.474966272294231e-01 -4.641801659320544e-05  1.830509695008262e-01  1.091500164559022e+00  3.541673392132218e-04  3.588804758649904e-04 
 7.154999999999764e-01  1.797670454985570e+00  2.329544878178538e-03  4.470923159293621e-01 -4.659090028861362e-05  1.821487211327349e-01  1.091416027071367e+00  3.548241046602797e-04  3.595502299631884e-04 
 7.159999999999763e-01  1.797661795181773e+00  2.338204682014765e-03  4.466880412720404e-01 -4.676409636453910e-05  1.812465131221290e-01  1.091331867502862e+00  3.554808280420991e-04  3.602199568338803e-04 
 7.164999999999763e-01  1.797653119761379e+00  2.346880102450069e-03  4.462838032557765e-01 -4.693760477243042e-05  1.803443454666792e-01  1.091247685852202e+00  3.561375093650338e-04  3.608896564801771e-04 
 7.169999999999762e-01  1.797644428726810e+00  2.355571137058441e-03  4.458796018788924e-01 -4.711142546379860e-05  1.794422181640593e-01  1.091163482118078e+00  3.567941486354372e-04  3.615593289051891e-04 
 7.174999999999762e-01  1.797635722080494e+00  2.364277783414492e-03  4.454754371397130e-01 -4.728555839011994e-05  1.785401312119471e-01  1.091079256299181e+00  3.574507458596608e-04  3.622289741120273e-04 
 7.179999999999761e-01  1.797626999824856e+00  2.373000039093459e-03  4.450713090365675e-01 -4.746000350289159e-05  1.776380846080235e-01  1.090995008394196e+00  3.581073010440555e-04  3.628985921038006e-04 
 7.184999999999760e-01  1.797618261962318e+00  2.381737901671185e-03  4.446672175677882e-01 -4.763476075364537e-05  1.767360783499736e-01  1.090910738401806e+00  3.587638141949710e-04  3.635681828836177e-04 
 7.189999999999760e-01  1.797609508495305e+00  2.390491368724156e-03  4.442631627317097e-01 -4.780983009389228e-05  1.758341124354844e-01  1.090826446320693e+00  3.594202853187559e-04  3.642377464545882e-04 
 7.194999999999759e-01  1.797600739426240e+00  2.399260437829464e-03  4.438591445266715e-01 -4.798521147519885e-05  1.749321868622475e-01  1.090742132149533e+00  3.600767144217576e-04  3.649072828198197e-04 
 7.199999999999759e-01  1.797591954757546e+00  2.408045106564824e-03  4.434551629510157e-01 -4.816090484908303e-05  1.740303016279577e-01  1.090657795887002e+00  3.607331015103225e-04  3.655767919824199e-04 
 7.204999999999758e-01  1.797583154491642e+00  2.416845372508573e-03  4.430512180030884e-01 -4.833691016717379e-05  1.731284567303135e-01  1.090573437531769e+00  3.613894465907957e-04  3.662462739454949e-04 
 7.209999999999758e-01  1.797574338630951e+00  2.425661233239668e-03  4.426473096812384e-01 -4.851322738098907e-05  1.722266521670165e-01  1.090489057082504e+00  3.620457496695216e-04  3.669157287121515e-04 
 7.214999999999757e-01  1.797565507177893e+00  2.434492686337685e-03  4.422434379838178e-01 -4.868985644213703e-05  1.713248879357713e-01  1.090404654537874e+00  3.627020107528429e-04  3.675851562854967e-04 
 7.219999999999757e-01  1.797556660134888e+00  2.443339729382824e-03  4.418396029091832e-01 -4.886679730223970e-05  1.704231640342870e-01  1.090320229896541e+00  3.633582298471017e-04  3.682545566686346e-04 
 7.224999999999756e-01  1.797547797504355e+00  2.452202359955891e-03  4.414358044556939e-01 -4.904404991289829e-05  1.695214804602756e-01  1.090235783157165e+00  3.640144069586391e-04  3.689239298646698e-04 
 7.229999999999756e-01  1.797538919288713e+00  2.461080575638331e-03  4.410320426217123e-01 -4.922161422573484e-05  1.686198372114524e-01  1.090151314318402e+00  3.646705420937945e-04  3.695932758767077e-04 
 7.234999999999755e-01  1.797530025490379e+00  2.469974374012192e-03  4.406283174056050e-01 -4.939949019241302e-05  1.677182342855366e-01  1.090066823378906e+00  3.653266352589066e-04  3.702625947078509e-04 
 7.239999999999754e-01  1.797521116111772e+00  2.478883752660149e-03  4.402246288057415e-01 -4.957767776456873e-05  1.668166716802506e-01  1.089982310337330e+00  3.659826864603131e-04  3.709318863612031e-04 
 7.244999999999754e-01  1.797512191155307e+00  2.487808709165492e-03  4.398209768204944e-01 -4.975617689387257e-05  1.659151493933199e-01  1.089897775192320e+00  3.666386957043501e-04  3.716011508398672e-04 
 7.249999999999753e-01  1.797503250623400e+00  2.496749241112137e-03  4.394173614482411e-01 -4.993498753199516e-05  1.650136674224744e-01  1.089813217942522e+00  3.672946629973534e-04  3.722703881469441e-04 
 7.254999999999753e-01  1.797494294518468e+00  2.505705346084608e-03  4.390137826873604e-01 -5.011410963064178e-05  1.641122257654464e-01  1.089728638586579e+00  3.679505883456567e-04  3.729395982855371e-04 
 7.259999999999752e-01  1.797485322842925e+00  2.514677021668050e-03  4.386102405362368e-01 -5.029354314150386e-05  1.632108244199730e-01  1.089644037123129e+00  3.686064717555937e-04  3.736087812587452e-04 
 7.264999999999752e-01  1.797476335599185e+00  2.523664265448236e-03  4.382067349932559e-01 -5.047328801630058e-05  1.623094633837929e-01  1.089559413550809e+00  3.692623132334962e-04  3.742779370696709e-04 
 7.269999999999751e-01  1.797467332789662e+00  2.532667075011545e-03  4.378032660568083e-01 -5.065334420676498e-05  1.614081426546499e-01  1.089474767868252e+00  3.699181127856951e-04  3.749470657214135e-04 
 7.274999999999751e-01  1.797458314416768e+00  2.541685447944976e-03  4.373998337252882e-01 -5.083371166463707e-05  1.605068622302910e-01  1.089390100074088e+00  3.705738704185202e-04  3.756161672170712e-04 
 7.279999999999750e-01  1.797449280482917e+00  2.550719381836157e-03  4.369964379970917e-01 -5.101439034165683e-05  1.596056221084657e-01  1.089305410166946e+00  3.712295861383004e-04  3.762852415597445e-04 
 7.284999999999749e-01  1.797440230990521e+00  2.559768874273311e-03  4.365930788706199e-01 -5.119538018959202e-05  1.587044222869281e-01  1.089220698145450e+00  3.718852599513633e-04  3.769542887525309e-04 
 7.289999999999749e-01  1.797431165941989e+00  2.568833922845298e-03  4.361897563442766e-01 -5.137668116022426e-05  1.578032627634354e-01  1.089135964008220e+00  3.725408918640354e-04  3.776233087985282e-04 
 7.294999999999748e-01  1.797422085339733e+00  2.577914525141589e-03  4.357864704164691e-01 -5.155829320534211e-05  1.569021435357480e-01  1.089051207753876e+00  3.731964818826424e-04  3.782923017008337e-04 
 7.299999999999748e-01  1.797412989186162e+00  2.587010678752271e-03  4.353832210856079e-01 -5.174021627676884e-05  1.560010646016297e-01  1.088966429381033e+00  3.738520300135086e-04  3.789612674625448e-04 
 7.304999999999747e-01  1.797403877483686e+00  2.596122381268046e-03  4.349800083501077e-01 -5.192245032627912e-05  1.551000259588488e-01  1.088881628888304e+00  3.745075362629570e-04  3.796302060867567e-04 
 7.309999999999747e-01  1.797394750234714e+00  2.605249630280237e-03  4.345768322083862e-01 -5.210499530571705e-05  1.541990276051760e-01  1.088796806274299e+00  3.751630006373102e-04  3.802991175765655e-04 
 7.314999999999746e-01  1.797385607441654e+00  2.614392423380773e-03  4.341736926588647e-01 -5.228785116692669e-05  1.532980695383864e-01  1.088711961537624e+00  3.758184231428890e-04  3.809680019350658e-04 
 7.319999999999746e-01  1.797376449106913e+00  2.623550758162219e-03  4.337705896999667e-01 -5.247101786174518e-05  1.523971517562567e-01  1.088627094676883e+00  3.764738037860135e-04  3.816368591653535e-04 
 7.324999999999745e-01  1.797367275232897e+00  2.632724632217737e-03  4.333675233301214e-01 -5.265449534205824e-05  1.514962742565698e-01  1.088542205690676e+00  3.771291425730029e-04  3.823056892705214e-04 
 7.329999999999744e-01  1.797358085822014e+00  2.641914043141110e-03  4.329644935477602e-01 -5.283828355971687e-05  1.505954370371103e-01  1.088457294577603e+00  3.777844395101747e-04  3.829744922536629e-04 
 7.334999999999744e-01  1.797348880876668e+00  2.651118988526741e-03  4.325615003513175e-01 -5.302238246663454e-05  1.496946400956667e-01  1.088372361336256e+00  3.784396946038457e-04  3.836432681178717e-04 
 7.339999999999743e-01  1.797339660399266e+00  2.660339465969649e-03  4.321585437392316e-01 -5.320679201469003e-05  1.487938834300307e-01  1.088287405965228e+00  3.790949078603317e-04  3.843120168662405e-04 
 7.344999999999743e-01  1.797330424392210e+00  2.669575473065457e-03  4.317556237099452e-01 -5.339151215580373e-05  1.478931670379986e-01  1.088202428463108e+00  3.797500792859472e-04  3.849807385018602e-04 
 7.349999999999742e-01  1.797321172857905e+00  2.678827007410418e-03  4.313527402619031e-01 -5.357654284189606e-05  1.469924909173690e-01  1.088117428828482e+00  3.804052088870057e-04  3.856494330278223e-04 
 7.354999999999742e-01  1.797311905798754e+00  2.688094066601387e-03  4.309498933935539e-01 -5.376188402492210e-05  1.460918550659443e-01  1.088032407059932e+00  3.810602966698193e-04  3.863181004472185e-04 
 7.359999999999741e-01  1.797302623217160e+00  2.697376648235845e-03  4.305470831033504e-01 -5.394753565680227e-05  1.451912594815311e-01  1.087947363156038e+00  3.817153426406998e-04  3.869867407631378e-04 
 7.364999999999741e-01  1.797293325115524e+00  2.706674749911879e-03  4.301443093897479e-01 -5.413349768952636e-05  1.442907041619383e-01  1.087862297115378e+00  3.823703468059572e-04  3.876553539786709e-04 
 7.369999999999740e-01  1.797284011496248e+00  2.715988369228198e-03  4.297415722512055e-01 -5.431977007504946e-05  1.433901891049791e-01  1.087777208936524e+00  3.830253091719007e-04  3.883239400969068e-04 
 7.374999999999740e-01  1.797274682361732e+00  2.725317503784113e-03  4.293388716861862e-01 -5.450635276536137e-05  1.424897143084706e-01  1.087692098618048e+00  3.836802297448382e-04  3.889924991209340e-04 
 7.379999999999739e-01  1.797265337714377e+00  2.734662151179566e-03  4.289362076931560e-01 -5.469324571246575e-05  1.415892797702325e-01  1.087606966158518e+00  3.843351085310768e-04  3.896610310538407e-04 
 7.384999999999738e-01  1.797255977556582e+00  2.744022309015094e-03  4.285335802705845e-01 -5.488044886837323e-05  1.406888854880885e-01  1.087521811556499e+00  3.849899455369225e-04  3.903295358987143e-04 
 7.389999999999738e-01  1.797246601890745e+00  2.753397974891866e-03  4.281309894169448e-01 -5.506796218510829e-05  1.397885314598659e-01  1.087436634810551e+00  3.856447407686798e-04  3.909980136586420e-04 
 7.394999999999737e-01  1.797237210719265e+00  2.762789146411652e-03  4.277284351307131e-01 -5.525578561469541e-05  1.388882176833948e-01  1.087351435919234e+00  3.862994942326526e-04  3.916664643367110e-04 
 7.399999999999737e-01  1.797227804044540e+00  2.772195821176839e-03  4.273259174103697e-01 -5.544391910919377e-05  1.379879441565096e-01  1.087266214881105e+00  3.869542059351436e-04  3.923348879360067e-04 
 7.404999999999736e-01  1.797218381868966e+00  2.781617996790428e-03  4.269234362543982e-01 -5.563236262067645e-05  1.370877108770484e-01  1.087180971694715e+00  3.876088758824542e-04  3.930032844596141e-04 
 7.409999999999736e-01  1.797208944194941e+00  2.791055670856031e-03  4.265209916612858e-01 -5.582111610118179e-05  1.361875178428522e-01  1.087095706358614e+00  3.882635040808851e-04  3.936716539106183e-04 
 7.414999999999735e-01  1.797199491024859e+00  2.800508840977879e-03  4.261185836295221e-01 -5.601017950281756e-05  1.352873650517653e-01  1.087010418871350e+00  3.889180905367355e-04  3.943399962921047e-04 
 7.419999999999735e-01  1.797190022361116e+00  2.809977504760801e-03  4.257162121576021e-01 -5.619955277767763e-05  1.343872525016365e-01  1.086925109231466e+00  3.895726352563040e-04  3.950083116071556e-04 
 7.424999999999734e-01  1.797180538206107e+00  2.819461659810261e-03  4.253138772440226e-01 -5.638923587785588e-05  1.334871801903175e-01  1.086839777437502e+00  3.902271382458873e-04  3.956765998588555e-04 
 7.429999999999733e-01  1.797171038562225e+00  2.828961303732310e-03  4.249115788872849e-01 -5.657922875550170e-05  1.325871481156636e-01  1.086754423487996e+00  3.908815995117822e-04  3.963448610502865e-04 
 7.434999999999733e-01  1.797161523431864e+00  2.838476434133630e-03  4.245093170858932e-01 -5.676953136272977e-05  1.316871562755335e-01  1.086669047381484e+00  3.915360190602835e-04  3.970130951845313e-04 
 7.439999999999732e-01  1.797151992817416e+00  2.848007048621511e-03  4.241070918383555e-01 -5.696014365168950e-05  1.307872046677900e-01  1.086583649116496e+00  3.921903968976850e-04  3.976813022646712e-04 
 7.444999999999732e-01  1.797142446721274e+00  2.857553144803848e-03  4.237049031431829e-01 -5.715106557452332e-05  1.298872932902983e-01  1.086498228691562e+00  3.928447330302801e-04  3.983494822937882e-04 
 7.449999999999731e-01  1.797132885145828e+00  2.867114720289148e-03  4.233027509988912e-01 -5.734229708343613e-05  1.289874221409290e-01  1.086412786105206e+00  3.934990274643603e-04  3.990176352749613e-04 
 7.454999999999731e-01  1.797123308093471e+00  2.876691772686540e-03  4.229006354039977e-01 -5.753383813059121e-05  1.280875912175540e-01  1.086327321355952e+00  3.941532802062164e-04  3.996857612112724e-04 
 7.459999999999730e-01  1.797113715566592e+00  2.886284299605754e-03  4.224985563570250e-01 -5.772568866816569e-05  1.271878005180504e-01  1.086241834442318e+00  3.948074912621382e-04  4.003538601058003e-04 
 7.464999999999730e-01  1.797104107567580e+00  2.895892298657134e-03  4.220965138564988e-01 -5.791784864839222e-05  1.262880500402987e-01  1.086156325362823e+00  3.954616606384144e-04  4.010219319616229e-04 
 7.469999999999729e-01  1.797094484098826e+00  2.905515767451637e-03  4.216945079009471e-01 -5.811031802348265e-05  1.253883397821816e-01  1.086070794115977e+00  3.961157883413325e-04  4.016899767818209e-04 
 7.474999999999729e-01  1.797084845162717e+00  2.915154703600833e-03  4.212925384889029e-01 -5.830309674566964e-05  1.244886697415869e-01  1.085985240700293e+00  3.967698743771792e-04  4.023579945694709e-04 
 7.479999999999728e-01  1.797075190761641e+00  2.924809104716890e-03  4.208906056189024e-01 -5.849618476718582e-05  1.235890399164056e-01  1.085899665114278e+00  3.974239187522395e-04  4.030259853276502e-04 
 7.484999999999727e-01  1.797065520897985e+00  2.934478968412597e-03  4.204887092894846e-01 -5.868958204031244e-05  1.226894503045316e-01  1.085814067356434e+00  3.980779214727980e-04  4.036939490594360e-04 
 7.489999999999727e-01  1.797055835574136e+00  2.944164292301354e-03  4.200868494991927e-01 -5.888328851727520e-05  1.217899009038629e-01  1.085728447425266e+00  3.987318825451379e-04  4.043618857679049e-04 
 7.494999999999726e-01  1.797046134792481e+00  2.953865073997166e-03  4.196850262465728e-01 -5.907730415039003e-05  1.208903917123008e-01  1.085642805319269e+00  3.993858019755414e-04  4.050297954561329e-04 
 7.499999999999726e-01  1.797036418555403e+00  2.963581311114653e-03  4.192832395301752e-01 -5.927162889194509e-05  1.199909227277502e-01  1.085557141036940e+00  4.000396797702897e-04  4.056976781271949e-04 
 7.504999999999725e-01  1.797026686865289e+00  2.973313001269033e-03  4.188814893485536e-01 -5.946626269422856e-05  1.190914939481201e-01  1.085471454576771e+00  4.006935159356629e-04  4.063655337841651e-04 
 7.509999999999725e-01  1.797016939724521e+00  2.983060142076150e-03  4.184797757002649e-01 -5.966120550957715e-05  1.181921053713225e-01  1.085385745937248e+00  4.013473104779398e-04  4.070333624301185e-04 
 7.514999999999724e-01  1.797007177135485e+00  2.992822731152452e-03  4.180780985838697e-01 -5.985645729030681e-05  1.172927569952729e-01  1.085300015116861e+00  4.020010634033986e-04  4.077011640681283e-04 
 7.519999999999724e-01  1.796997399100563e+00  3.002600766114978e-03  4.176764579979315e-01 -6.005201798875426e-05  1.163934488178902e-01  1.085214262114091e+00  4.026547747183159e-04  4.083689387012687e-04 
 7.524999999999723e-01  1.796987605622136e+00  3.012394244581408e-03  4.172748539410188e-01 -6.024788755728400e-05  1.154941808370981e-01  1.085128486927418e+00  4.033084444289676e-04  4.090366863326108e-04 
 7.529999999999722e-01  1.796977796702588e+00  3.022203164170002e-03  4.168732864117021e-01 -6.044406594824664e-05  1.145949530508220e-01  1.085042689555319e+00  4.039620725416285e-04  4.097044069652276e-04 
 7.534999999999722e-01  1.796967972344298e+00  3.032027522499651e-03  4.164717554085564e-01 -6.064055311404137e-05  1.136957654569926e-01  1.084956869996267e+00  4.046156590625721e-04  4.103721006021906e-04 
 7.539999999999721e-01  1.796958132549648e+00  3.041867317189837e-03  4.160702609301596e-01 -6.083734900704657e-05  1.127966180535428e-01  1.084871028248733e+00  4.052692039980713e-04  4.110397672465708e-04 
 7.544999999999721e-01  1.796948277321017e+00  3.051722545860654e-03  4.156688029750943e-01 -6.103445357966142e-05  1.118975108384108e-01  1.084785164311185e+00  4.059227073543973e-04  4.117074069014376e-04 
 7.549999999999720e-01  1.796938406660785e+00  3.061593206132819e-03  4.152673815419443e-01 -6.123186678431286e-05  1.109984438095359e-01  1.084699278182086e+00  4.065761691378205e-04  4.123750195698631e-04 
 7.554999999999720e-01  1.796928520571330e+00  3.071479295627633e-03  4.148659966292996e-01 -6.142958857340702e-05  1.100994169648634e-01  1.084613369859899e+00  4.072295893546106e-04  4.130426052549151e-04 
 7.559999999999719e-01  1.796918619055031e+00  3.081380811967025e-03  4.144646482357522e-01 -6.162761889938473e-05  1.092004303023406e-01  1.084527439343082e+00  4.078829680110358e-04  4.137101639596627e-04 
 7.564999999999719e-01  1.796908702114264e+00  3.091297752773517e-03  4.140633363598979e-01 -6.182595771472149e-05  1.083014838199192e-01  1.084441486630090e+00  4.085363051133637e-04  4.143776956871741e-04 
 7.569999999999718e-01  1.796898769751407e+00  3.101230115670252e-03  4.136620610003359e-01 -6.202460497186507e-05  1.074025775155537e-01  1.084355511719373e+00  4.091896006678601e-04  4.150452004405185e-04 
 7.574999999999718e-01  1.796888821968837e+00  3.111177898280973e-03  4.132608221556696e-01 -6.222356062327017e-05  1.065037113872034e-01  1.084269514609384e+00  4.098428546807901e-04  4.157126782227618e-04 
 7.579999999999717e-01  1.796878858768927e+00  3.121141098230024e-03  4.128596198245053e-01 -6.242282462146087e-05  1.056048854328302e-01  1.084183495298566e+00  4.104960671584180e-04  4.163801290369709e-04 
 7.584999999999716e-01  1.796868880154055e+00  3.131119713142363e-03  4.124584540054534e-01 -6.262239691891269e-05  1.047060996504003e-01  1.084097453785363e+00  4.111492381070067e-04  4.170475528862117e-04 
 7.589999999999716e-01  1.796858886126593e+00  3.141113740643558e-03  4.120573246971269e-01 -6.282227746813585e-05  1.038073540378820e-01  1.084011390068214e+00  4.118023675328184e-04  4.177149497735515e-04 
 7.594999999999715e-01  1.796848876688918e+00  3.151123178359772e-03  4.116562318981439e-01 -6.302246622164748e-05  1.029086485932498e-01  1.083925304145557e+00  4.124554554421140e-04  4.183823197020530e-04 
 7.599999999999715e-01  1.796838851843399e+00  3.161148023917796e-03  4.112551756071239e-01 -6.322296313202025e-05  1.020099833144787e-01  1.083839196015824e+00  4.131085018411532e-04  4.190496626747834e-04 
 7.604999999999714e-01  1.796828811592412e+00  3.171188274944993e-03  4.108541558226925e-01 -6.342376815175743e-05  1.011113581995504e-01  1.083753065677446e+00  4.137615067361947e-04  4.197169786948047e-04 
 7.609999999999714e-01  1.796818755938327e+00  3.181243929069365e-03  4.104531725434770e-01 -6.362488123345944e-05  1.002127732464479e-01  1.083666913128850e+00  4.144144701334965e-04  4.203842677651810e-04 
 7.614999999999713e-01  1.796808684883517e+00  3.191314983919502e-03  4.100522257681082e-01 -6.382630232965730e-05  9.931422845315813e-02  1.083580738368461e+00  4.150673920393152e-04  4.210515298889766e-04 
 7.619999999999713e-01  1.796798598430353e+00  3.201401437124607e-03  4.096513154952220e-01 -6.402803139295143e-05  9.841572381767300e-02  1.083494541394700e+00  4.157202724599064e-04  4.217187650692523e-04 
 7.624999999999712e-01  1.796788496581202e+00  3.211503286314485e-03  4.092504417234565e-01 -6.423006837595613e-05  9.751725933798672e-02  1.083408322205984e+00  4.163731114015245e-04  4.223859733090708e-04 
 7.629999999999711e-01  1.796778379338437e+00  3.221620529119546e-03  4.088496044514541e-01 -6.443241323126486e-05  9.661883501209767e-02  1.083322080800729e+00  4.170259088704233e-04  4.230531546114930e-04 
 7.634999999999711e-01  1.796768246704426e+00  3.231753163170804e-03  4.084488036778599e-01 -6.463506591149193e-05  9.572045083800712e-02  1.083235817177346e+00  4.176786648728552e-04  4.237203089795810e-04 
 7.639999999999710e-01  1.796758098681537e+00  3.241901186099883e-03  4.080480394013240e-01 -6.483802636927244e-05  9.482210681372150e-02  1.083149531334243e+00  4.183313794150714e-04  4.243874364163938e-04 
 7.644999999999710e-01  1.796747935272138e+00  3.252064595539009e-03  4.076473116204986e-01 -6.504129455724844e-05  9.392380293724911e-02  1.083063223269828e+00  4.189840525033226e-04  4.250545369249918e-04 
 7.649999999999709e-01  1.796737756478596e+00  3.262243389121009e-03  4.072466203340400e-01 -6.524487042808974e-05  9.302553920660250e-02  1.082976892982502e+00  4.196366841438580e-04  4.257216105084349e-04 
 7.654999999999709e-01  1.796727562303277e+00  3.272437564479323e-03  4.068459655406084e-01 -6.544875393446614e-05  9.212731561979853e-02  1.082890540470662e+00  4.202892743429255e-04  4.263886571697810e-04 
 7.659999999999708e-01  1.796717352748548e+00  3.282647119247988e-03  4.064453472388678e-01 -6.565294502904051e-05  9.122913217485701e-02  1.082804165732708e+00  4.209418231067728e-04  4.270556769120883e-04 
 7.664999999999708e-01  1.796707127816774e+00  3.292872051061640e-03  4.060447654274852e-01 -6.585744366451735e-05  9.033098886980184e-02  1.082717768767031e+00  4.215943304416458e-04  4.277226697384142e-04 
 7.669999999999707e-01  1.796696887510320e+00  3.303112357555539e-03  4.056442201051303e-01 -6.606224979360115e-05  8.943288570265895e-02  1.082631349572020e+00  4.222467963537895e-04  4.283896356518176e-04 
 7.674999999999707e-01  1.796686631831550e+00  3.313368036365536e-03  4.052437112704785e-01 -6.626736336900335e-05  8.853482267146018e-02  1.082544908146064e+00  4.228992208494483e-04  4.290565746553535e-04 
 7.679999999999706e-01  1.796676360782828e+00  3.323639085128070e-03  4.048432389222072e-01 -6.647278434344928e-05  8.763679977423983e-02  1.082458444487545e+00  4.235516039348648e-04  4.297234867520787e-04 
 7.684999999999705e-01  1.796666074366515e+00  3.333925501480210e-03  4.044428030589981e-01 -6.667851266970587e-05  8.673881700903580e-02  1.082371958594843e+00  4.242039456162812e-04  4.303903719450484e-04 
 7.689999999999705e-01  1.796655772584976e+00  3.344227283059622e-03  4.040424036795366e-01 -6.688454830049151e-05  8.584087437389021e-02  1.082285450466338e+00  4.248562458999385e-04  4.310572302373172e-04 
 7.694999999999704e-01  1.796645455440570e+00  3.354544427504557e-03  4.036420407825109e-01 -6.709089118859396e-05  8.494297186684807e-02  1.082198920100401e+00  4.255085047920761e-04  4.317240616319404e-04 
 7.699999999999704e-01  1.796635122935661e+00  3.364876932453898e-03  4.032417143666131e-01 -6.729754128678711e-05  8.404510948595795e-02  1.082112367495405e+00  4.261607222989335e-04  4.323908661319722e-04 
 7.704999999999703e-01  1.796624775072608e+00  3.375224795547102e-03  4.028414244305397e-01 -6.750449854784485e-05  8.314728722927339e-02  1.082025792649717e+00  4.268128984267479e-04  4.330576437404652e-04 
 7.709999999999703e-01  1.796614411853771e+00  3.385588014424247e-03  4.024411709729893e-01 -6.771176292458964e-05  8.224950509484963e-02  1.081939195561701e+00  4.274650331817561e-04  4.337243944604733e-04 
 7.714999999999702e-01  1.796604033281509e+00  3.395966586726009e-03  4.020409539926660e-01 -6.791933436983005e-05  8.135176308074782e-02  1.081852576229720e+00  4.281171265701939e-04  4.343911182950475e-04 
 7.719999999999702e-01  1.796593639358181e+00  3.406360510093657e-03  4.016407734882758e-01 -6.812721283638162e-05  8.045406118503062e-02  1.081765934652132e+00  4.287691785982960e-04  4.350578152472405e-04 
 7.724999999999701e-01  1.796583230086145e+00  3.416769782169078e-03  4.012406294585290e-01 -6.833539827710844e-05  7.955639940576531e-02  1.081679270827291e+00  4.294211892722958e-04  4.357244853201040e-04 
 7.729999999999700e-01  1.796572805467759e+00  3.427194400594755e-03  4.008405219021396e-01 -6.854389064481214e-05  7.865877774102303e-02  1.081592584753551e+00  4.300731585984260e-04  4.363911285166883e-04 
 7.734999999999700e-01  1.796562365505380e+00  3.437634363013766e-03  4.004404508178253e-01 -6.875268989239847e-05  7.776119618887822e-02  1.081505876429260e+00  4.307250865829181e-04  4.370577448400436e-04 
 7.739999999999699e-01  1.796551910201364e+00  3.448089667069794e-03  4.000404162043070e-01 -6.896179597273150e-05  7.686365474740914e-02  1.081419145852763e+00  4.313769732320025e-04  4.377243342932193e-04 
 7.744999999999699e-01  1.796541439558066e+00  3.458560310407131e-03  3.996404180603093e-01 -6.917120883868227e-05  7.596615341469731e-02  1.081332393022404e+00  4.320288185519085e-04  4.383908968792656e-04 
 7.749999999999698e-01  1.796530953577843e+00  3.469046290670659e-03  3.992404563845610e-01 -6.938092844314958e-05  7.506869218882878e-02  1.081245617936522e+00  4.326806225488647e-04  4.390574326012298e-04 
 7.754999999999698e-01  1.796520452263048e+00  3.479547605505865e-03  3.988405311757933e-01 -6.959095473905302e-05  7.417127106789190e-02  1.081158820593452e+00  4.333323852290983e-04  4.397239414621619e-04 
 7.759999999999697e-01  1.796509935616034e+00  3.490064252558841e-03  3.984406424327424e-01 -6.980128767931915e-05  7.327389004998025e-02  1.081072000991528e+00  4.339841065988357e-04  4.403904234651077e-04 
 7.764999999999697e-01  1.796499403639156e+00  3.500596229476276e-03  3.980407901541475e-01 -7.001192721688143e-05  7.237654913319019e-02  1.080985159129079e+00  4.346357866643019e-04  4.410568786131149e-04 
 7.769999999999696e-01  1.796488856334767e+00  3.511143533905457e-03  3.976409743387512e-01 -7.022287330466642e-05  7.147924831562164e-02  1.080898295004433e+00  4.352874254317214e-04  4.417233069092302e-04 
 7.774999999999695e-01  1.796478293705218e+00  3.521706163494277e-03  3.972411949852999e-01 -7.043412589563536e-05  7.058198759537843e-02  1.080811408615914e+00  4.359390229073175e-04  4.423897083564997e-04 
 7.779999999999695e-01  1.796467715752861e+00  3.532284115891225e-03  3.968414520925440e-01 -7.064568494278417e-05  6.968476697056836e-02  1.080724499961840e+00  4.365905790973118e-04  4.430560829579686e-04 
 7.784999999999694e-01  1.796457122480047e+00  3.542877388745396e-03  3.964417456592368e-01 -7.085755039907410e-05  6.878758643930238e-02  1.080637569040530e+00  4.372420940079258e-04  4.437224307166818e-04 
 7.789999999999694e-01  1.796446513889125e+00  3.553485979706479e-03  3.960420756841357e-01 -7.106972221750107e-05  6.789044599969501e-02  1.080550615850296e+00  4.378935676453796e-04  4.443887516356847e-04 
 7.794999999999693e-01  1.796435889982447e+00  3.564109886424753e-03  3.956424421660023e-01 -7.128220035106103e-05  6.699334564986575e-02  1.080463640389451e+00  4.385450000158921e-04  4.450550457180194e-04 
 7.799999999999693e-01  1.796425250762360e+00  3.574749106551122e-03  3.952428451036001e-01 -7.149498475279847e-05  6.609628538793549e-02  1.080376642656301e+00  4.391963911256814e-04  4.457213129667312e-04 
 7.804999999999692e-01  1.796414596231214e+00  3.585403637737073e-03  3.948432844956983e-01 -7.170807537572321e-05  6.519926521203134e-02  1.080289622649151e+00  4.398477409809642e-04  4.463875533848614e-04 
 7.809999999999692e-01  1.796403926391356e+00  3.596073477634682e-03  3.944437603410689e-01 -7.192147217287975e-05  6.430228512028269e-02  1.080202580366302e+00  4.404990495879568e-04  4.470537669754528e-04 
 7.814999999999691e-01  1.796393241245134e+00  3.606758623896655e-03  3.940442726384863e-01 -7.213517509732648e-05  6.340534511082196e-02  1.080115515806051e+00  4.411503169528739e-04  4.477199537415479e-04 
 7.819999999999691e-01  1.796382540794894e+00  3.617459074176258e-03  3.936448213867308e-01 -7.234918410212871e-05  6.250844518178678e-02  1.080028428966694e+00  4.418015430819295e-04  4.483861136861870e-04 
 7.824999999999690e-01  1.796371825042983e+00  3.628174826127382e-03  3.932454065845854e-01 -7.256349914034482e-05  6.161158533131850e-02  1.079941319846522e+00  4.424527279813362e-04  4.490522468124101e-04 
 7.829999999999689e-01  1.796361093991745e+00  3.638905877404518e-03  3.928460282308354e-01 -7.277812016509566e-05  6.071476555755989e-02  1.079854188443823e+00  4.431038716573062e-04  4.497183531232597e-04 
 7.834999999999689e-01  1.796350347643527e+00  3.649652225662747e-03  3.924466863242714e-01 -7.299304712946736e-05  5.981798585865966e-02  1.079767034756883e+00  4.437549741160497e-04  4.503844326217741e-04 
 7.839999999999688e-01  1.796339586000672e+00  3.660413868557732e-03  3.920473808636880e-01 -7.320827998656687e-05  5.892124623277034e-02  1.079679858783982e+00  4.444060353637770e-04  4.510504853109920e-04 
 7.844999999999688e-01  1.796328809065523e+00  3.671190803745768e-03  3.916481118478815e-01 -7.342381868953585e-05  5.802454667804613e-02  1.079592660523401e+00  4.450570554066965e-04  4.517165111939533e-04 
 7.849999999999687e-01  1.796318016840425e+00  3.681983028883719e-03  3.912488792756542e-01 -7.363966319149512e-05  5.712788719264750e-02  1.079505439973413e+00  4.457080342510159e-04  4.523825102736941e-04 
 7.854999999999687e-01  1.796307209327719e+00  3.692790541629067e-03  3.908496831458095e-01 -7.385581344561409e-05  5.623126777473603e-02  1.079418197132292e+00  4.463589719029418e-04  4.530484825532540e-04 
 7.859999999999686e-01  1.796296386529749e+00  3.703613339639880e-03  3.904505234571571e-01 -7.407226940503442e-05  5.533468842247935e-02  1.079330931998307e+00  4.470098683686802e-04  4.537144280356684e-04 
 7.864999999999686e-01  1.796285548448853e+00  3.714451420574816e-03  3.900514002085082e-01 -7.428903102294632e-05  5.443814913404682e-02  1.079243644569722e+00  4.476607236544354e-04  4.543803467239753e-04 
 7.869999999999685e-01  1.796274695087375e+00  3.725304782093152e-03  3.896523133986790e-01 -7.450609825251225e-05  5.354164990761295e-02  1.079156334844801e+00  4.483115377664109e-04  4.550462386212095e-04 
 7.874999999999684e-01  1.796263826447653e+00  3.736173421854744e-03  3.892532630264888e-01 -7.472347104695021e-05  5.264519074135537e-02  1.079069002821803e+00  4.489623107108093e-04  4.557121037304070e-04 
 7.879999999999684e-01  1.796252942532027e+00  3.747057337520047e-03  3.888542490907609e-01 -7.494114935945040e-05  5.174877163345565e-02  1.078981648498984e+00  4.496130424938323e-04  4.563779420546020e-04 
 7.884999999999683e-01  1.796242043342837e+00  3.757956526750128e-03  3.884552715903219e-01 -7.515913314326550e-05  5.085239258209878e-02  1.078894271874595e+00  4.502637331216800e-04  4.570437535968293e-04 
 7.889999999999683e-01  1.796231128882420e+00  3.768870987206633e-03  3.880563305240022e-01 -7.537742235160655e-05  4.995605358547345e-02  1.078806872946889e+00  4.509143826005523e-04  4.577095383601233e-04 
 7.894999999999682e-01  1.796220199153115e+00  3.779800716551799e-03  3.876574258906361e-01 -7.559601693771234e-05  4.905975464177242e-02  1.078719451714110e+00  4.515649909366475e-04  4.583752963475164e-04 
 7.899999999999682e-01  1.796209254157258e+00  3.790745712448487e-03  3.872585576890609e-01 -7.581491685484248e-05  4.816349574919160e-02  1.078632008174501e+00  4.522155581361631e-04  4.590410275620425e-04 
 7.904999999999681e-01  1.796198293897186e+00  3.801705972560121e-03  3.868597259181190e-01 -7.603412205629129e-05  4.726727690593180e-02  1.078544542326302e+00  4.528660842052953e-04  4.597067320067325e-04 
 7.909999999999681e-01  1.796187318375235e+00  3.812681494550751e-03  3.864609305766549e-01 -7.625363249530448e-05  4.637109811019607e-02  1.078457054167751e+00  4.535165691502396e-04  4.603724096846188e-04 
 7.914999999999680e-01  1.796176327593741e+00  3.823672276085000e-03  3.860621716635181e-01 -7.647344812519025e-05  4.547495936019291e-02  1.078369543697080e+00  4.541670129771902e-04  4.610380605987321e-04 
 7.919999999999680e-01  1.796165321555037e+00  3.834678314828098e-03  3.856634491775598e-01 -7.669356889926371e-05  4.457886065413175e-02  1.078282010912518e+00  4.548174156923408e-04  4.617036847521048e-04 
 7.924999999999679e-01  1.796154300261459e+00  3.845699608445871e-03  3.852647631176377e-01 -7.691399477083305e-05  4.368280199022906e-02  1.078194455812293e+00  4.554677773018834e-04  4.623692821477651e-04 
 7.929999999999678e-01  1.796143263715340e+00  3.856736154604722e-03  3.848661134826113e-01 -7.713472569321339e-05  4.278678336670333e-02  1.078106878394629e+00  4.561180978120094e-04  4.630348527887430e-04 
 7.934999999999678e-01  1.796132211919012e+00  3.867787950971681e-03  3.844675002713438e-01 -7.735576161976149e-05  4.189080478177648e-02  1.078019278657746e+00  4.567683772289091e-04  4.637003966780683e-04 
 7.939999999999677e-01  1.796121144874809e+00  3.878854995214346e-03  3.840689234827029e-01 -7.757710250381328e-05  4.099486623367510e-02  1.077931656599860e+00  4.574186155587717e-04  4.643659138187692e-04 
 7.944999999999677e-01  1.796110062585063e+00  3.889937285000915e-03  3.836703831155597e-01 -7.779874829875327e-05  4.009896772062893e-02  1.077844012219185e+00  4.580688128077855e-04  4.650314042138736e-04 
 7.949999999999676e-01  1.796098965052103e+00  3.901034818000193e-03  3.832718791687888e-01 -7.802069895795211e-05  3.920310924087178e-02  1.077756345513933e+00  4.587189689821377e-04  4.656968678664089e-04 
 7.954999999999676e-01  1.796087852278261e+00  3.912147591881561e-03  3.828734116412686e-01 -7.824295443479429e-05  3.830729079264100e-02  1.077668656482308e+00  4.593690840880144e-04  4.663623047794024e-04 
 7.959999999999675e-01  1.796076724265867e+00  3.923275604315012e-03  3.824749805318814e-01 -7.846551468265739e-05  3.741151237417789e-02  1.077580945122517e+00  4.600191581316010e-04  4.670277149558803e-04 
 7.964999999999675e-01  1.796065581017251e+00  3.934418852971115e-03  3.820765858395129e-01 -7.868837965498143e-05  3.651577398372707e-02  1.077493211432760e+00  4.606691911190816e-04  4.676930983988687e-04 
 7.969999999999674e-01  1.796054422534741e+00  3.945577335521057e-03  3.816782275630525e-01 -7.891154930519256e-05  3.562007561953745e-02  1.077405455411232e+00  4.613191830566392e-04  4.683584551113934e-04 
 7.974999999999673e-01  1.796043248820665e+00  3.956751049636596e-03  3.812799057013940e-01 -7.913502358670998e-05  3.472441727986147e-02  1.077317677056130e+00  4.619691339504561e-04  4.690237850964781e-04 
 7.979999999999673e-01  1.796032059877351e+00  3.967939992990081e-03  3.808816202534342e-01 -7.935880245298760e-05  3.382879896295576e-02  1.077229876365643e+00  4.626190438067135e-04  4.696890883571477e-04 
 7.984999999999672e-01  1.796020855707126e+00  3.979144163254482e-03  3.804833712180732e-01 -7.958288585748624e-05  3.293322066707927e-02  1.077142053337959e+00  4.632689126315913e-04  4.703543648964267e-04 
 7.989999999999672e-01  1.796009636312317e+00  3.990363558103335e-03  3.800851585942160e-01 -7.980727375365981e-05  3.203768239049626e-02  1.077054207971262e+00  4.639187404312689e-04  4.710196147173383e-04 
 7.994999999999671e-01  1.795998401695249e+00  4.001598175210775e-03  3.796869823807711e-01 -8.003196609502466e-05  3.114218413147463e-02  1.076966340263733e+00  4.645685272119242e-04  4.716848378229037e-04 
 7.999999999999671e-01  1.795987151858248e+00  4.012848012251546e-03  3.792888425766499e-01 -8.025696283504163e-05  3.024672588828553e-02  1.076878450213549e+00  4.652182729797341e-04  4.723500342161463e-04 
 8.004999999999670e-01  1.795975886803638e+00  4.024113066900959e-03  3.788907391807675e-01 -8.048226392724095e-05  2.935130765920307e-02  1.076790537818884e+00  4.658679777408750e-04  4.730152039000889e-04 
 8.009999999999670e-01  1.795964606533744e+00  4.035393336834939e-03  3.784926721920441e-01 -8.070786932512508e-05  2.845592944250702e-02  1.076702603077911e+00  4.665176415015221e-04  4.736803468777506e-04 
 8.014999999999669e-01  1.795953311050888e+00  4.046688819729995e-03  3.780946416094023e-01 -8.093377898223814e-05  2.756059123647986e-02  1.076614645988796e+00  4.671672642678487e-04  4.743454631521533e-04 
 8.019999999999669e-01  1.795942000357395e+00  4.057999513263225e-03  3.776966474317688e-01 -8.115999285210340e-05  2.666529303940740e-02  1.076526666549703e+00  4.678168460460287e-04  4.750105527263172e-04 
 8.024999999999668e-01  1.795930674455585e+00  4.069325415112319e-03  3.772986896580748e-01 -8.138651088830662e-05  2.577003484958063e-02  1.076438664758794e+00  4.684663868422338e-04  4.756756156032610e-04 
 8.029999999999667e-01  1.795919333347782e+00  4.080666522955564e-03  3.769007682872538e-01 -8.161333304437107e-05  2.487481666529279e-02  1.076350640614226e+00  4.691158866626348e-04  4.763406517860045e-04 
 8.034999999999667e-01  1.795907977036305e+00  4.092022834471837e-03  3.765028833182444e-01 -8.184045927390332e-05  2.397963848484225e-02  1.076262594114155e+00  4.697653455134019e-04  4.770056612775657e-04 
 8.039999999999666e-01  1.795896605523476e+00  4.103394347340614e-03  3.761050347499879e-01 -8.206788953049604e-05  2.308450030652981e-02  1.076174525256729e+00  4.704147634007042e-04  4.776706440809634e-04 
 8.044999999999666e-01  1.795885218811614e+00  4.114781059241938e-03  3.757072225814301e-01 -8.229562376772803e-05  2.218940212866127e-02  1.076086434040098e+00  4.710641403307098e-04  4.783356001992142e-04 
 8.049999999999665e-01  1.795873816903039e+00  4.126182967856469e-03  3.753094468115200e-01 -8.252366193922667e-05  2.129434394954560e-02  1.075998320462406e+00  4.717134763095854e-04  4.790005296353356e-04 
 8.054999999999665e-01  1.795862399800070e+00  4.137600070865449e-03  3.749117074392104e-01 -8.275200399861238e-05  2.039932576749531e-02  1.075910184521795e+00  4.723627713434970e-04  4.796654323923446e-04 
 8.059999999999664e-01  1.795850967505024e+00  4.149032365950707e-03  3.745140044634589e-01 -8.298064989952642e-05  1.950434758082781e-02  1.075822026216401e+00  4.730120254386102e-04  4.803303084732556e-04 
 8.064999999999664e-01  1.795839520020219e+00  4.160479850794662e-03  3.741163378832253e-01 -8.320959959561697e-05  1.860940938786332e-02  1.075733845544359e+00  4.736612386010879e-04  4.809951578810853e-04 
 8.069999999999663e-01  1.795828057347974e+00  4.171942523080339e-03  3.737187076974735e-01 -8.343885304053222e-05  1.771451118692513e-02  1.075645642503801e+00  4.743104108370942e-04  4.816599806188489e-04 
 8.074999999999662e-01  1.795816579490602e+00  4.183420380491329e-03  3.733211139051722e-01 -8.366841018795507e-05  1.681965297634269e-02  1.075557417092853e+00  4.749595421527903e-04  4.823247766895595e-04 
 8.079999999999662e-01  1.795805086450421e+00  4.194913420711830e-03  3.729235565052932e-01 -8.389827099157532e-05  1.592483475444767e-02  1.075469169309641e+00  4.756086325543374e-04  4.829895460962308e-04 
 8.084999999999661e-01  1.795793578229746e+00  4.206421641426628e-03  3.725260354968118e-01 -8.412843540508974e-05  1.503005651957523e-02  1.075380899152285e+00  4.762576820478960e-04  4.836542888418769e-04 
 8.089999999999661e-01  1.795782054830891e+00  4.217945040321093e-03  3.721285508787068e-01 -8.435890338218122e-05  1.413531827006503e-02  1.075292606618905e+00  4.769066906396241e-04  4.843190049295111e-04 
 8.094999999999660e-01  1.795770516256170e+00  4.229483615081193e-03  3.717311026499622e-01 -8.458967487660202e-05  1.324062000426079e-02  1.075204291707612e+00  4.775556583356805e-04  4.849836943621444e-04 
 8.099999999999660e-01  1.795758962507898e+00  4.241037363393468e-03  3.713336908095641e-01 -8.482074984204890e-05  1.234596172050900e-02  1.075115954416519e+00  4.782045851422220e-04  4.856483571427894e-04 
 8.104999999999659e-01  1.795747393588385e+00  4.252606282945075e-03  3.709363153565036e-01 -8.505212823229497e-05  1.145134341716142e-02  1.075027594743733e+00  4.788534710654042e-04  4.863129932744565e-04 
 8.109999999999659e-01  1.795735809499946e+00  4.264190371423738e-03  3.705389762897747e-01 -8.528381000107166e-05  1.055676509257220e-02  1.074939212687359e+00  4.795023161113824e-04  4.869776027601570e-04 
 8.114999999999658e-01  1.795724210244892e+00  4.275789626517776e-03  3.701416736083760e-01 -8.551579510215901e-05  9.662226745100255e-03  1.074850808245498e+00  4.801511202863106e-04  4.876421856029007e-04 
 8.119999999999657e-01  1.795712595825533e+00  4.287404045916100e-03  3.697444073113089e-01 -8.574808348933705e-05  8.767728373107908e-03  1.074762381416247e+00  4.807998835963417e-04  4.883067418056973e-04 
 8.124999999999657e-01  1.795700966244181e+00  4.299033627308204e-03  3.693471773975796e-01 -8.598067511639274e-05  7.873269974961461e-03  1.074673932197700e+00  4.814486060476277e-04  4.889712713715559e-04 
 8.129999999999656e-01  1.795689321503145e+00  4.310678368384184e-03  3.689499838661970e-01 -8.621356993710610e-05  6.978851549030718e-03  1.074585460587949e+00  4.820972876463196e-04  4.896357743034858e-04 
 8.134999999999656e-01  1.795677661604733e+00  4.322338266834706e-03  3.685528267161748e-01 -8.644676790534045e-05  6.084473093689924e-03  1.074496966585079e+00  4.827459283985673e-04  4.903002506044940e-04 
 8.139999999999655e-01  1.795665986551257e+00  4.334013320351028e-03  3.681557059465301e-01 -8.668026897487580e-05  5.190134607316710e-03  1.074408450187177e+00  4.833945283105201e-04  4.909647002775882e-04 
 8.144999999999655e-01  1.795654296345022e+00  4.345703526625006e-03  3.677586215562836e-01 -8.691407309956850e-05  4.295836088292704e-03  1.074319911392322e+00  4.840430873883256e-04  4.916291233257760e-04 
 8.149999999999654e-01  1.795642590988338e+00  4.357408883349081e-03  3.673615735444605e-01 -8.714818023325410e-05  3.401577535003752e-03  1.074231350198593e+00  4.846916056381312e-04  4.922935197520626e-04 
 8.154999999999654e-01  1.795630870483510e+00  4.369129388216276e-03  3.669645619100883e-01 -8.738259032980977e-05  2.507358945838256e-03  1.074142766604062e+00  4.853400830660826e-04  4.929578895594554e-04 
 8.159999999999653e-01  1.795619134832845e+00  4.380865038920203e-03  3.665675866521999e-01 -8.761730334309881e-05  1.613180319189778e-03  1.074054160606801e+00  4.859885196783252e-04  4.936222327509591e-04 
 8.164999999999653e-01  1.795607384038650e+00  4.392615833155065e-03  3.661706477698315e-01 -8.785231922699838e-05  7.190416534557098e-04  1.073965532204876e+00  4.866369154810026e-04  4.942865493295784e-04 
 8.169999999999652e-01  1.795595619100785e+00  4.404380771058970e-03  3.657737788896078e-01 -8.808761798429626e-05 -1.750236630934099e-04  1.073876888908590e+00  4.870493778339278e-04  4.949507830148646e-04 
 8.174999999999651e-01  1.795583874161836e+00  4.416125710048000e-03  3.653781291560191e-01 -8.832251676328673e-05 -1.067874622065978e-03  1.073788487525571e+00  4.864944139785642e-04  4.956130103443599e-04 
 8.179999999999651e-01  1.795572165771100e+00  4.427834100822357e-03  3.649842499840616e-01 -8.855668457799504e-05 -1.958963751932441e-03  1.073700451594128e+00  4.859419250057018e-04  4.962723080000245e-04 
 8.184999999999650e-01  1.795560493618709e+00  4.439506253253250e-03  3.645921238105860e-01 -8.879012762582489e-05 -2.848308541784694e-03  1.073612777582472e+00  4.853918863937797e-04  4.969287049374929e-04 
 8.189999999999650e-01  1.795548857399340e+00  4.451142472660925e-03  3.642017333441779e-01 -8.902285201320415e-05 -3.735926210067575e-03  1.073525462012893e+00  4.848442740006523e-04  4.975822296652460e-04 
 8.194999999999649e-01  1.795537256812292e+00  4.462743059747715e-03  3.638130615737091e-01 -8.925486375416236e-05 -4.621833696042743e-03  1.073438501463563e+00  4.842990640752587e-04  4.982329102301144e-04 
 8.199999999999649e-01  1.795525691561328e+00  4.474308310749970e-03  3.634260917574627e-01 -8.948616877343246e-05 -5.506047670628067e-03  1.073351892566342e+00  4.837562332425336e-04  4.988807742353143e-04 
 8.204999999999648e-01  1.795514161354584e+00  4.485838517533044e-03  3.630408074172209e-01 -8.971677290833119e-05 -6.388584542287024e-03  1.073265632005606e+00  4.832157584951568e-04  4.995258488501733e-04 
 8.209999999999648e-01  1.795502665904471e+00  4.497333967683619e-03  3.626571923325208e-01 -8.994668191058403e-05 -7.269460462750121e-03  1.073179716517107e+00  4.826776171855399e-04  5.001681608195859e-04 
 8.214999999999647e-01  1.795491204927593e+00  4.508794944599510e-03  3.622752305350689e-01 -9.017590144815013e-05 -8.148691332579616e-03  1.073094142886863e+00  4.821417870180303e-04  5.008077364732036e-04 
 8.219999999999646e-01  1.795479778144653e+00  4.520221727577085e-03  3.618949063033093e-01 -9.040443710693624e-05 -9.026292806580682e-03  1.073008907950086e+00  4.816082460413338e-04  5.014446017343755e-04 
 8.224999999999646e-01  1.795468385280372e+00  4.531614591896242e-03  3.615162041571449e-01 -9.063229439257303e-05 -9.902280299058708e-03  1.072924008590124e+00  4.810769726411478e-04  5.020787821288344e-04 
 8.229999999999645e-01  1.795457026063403e+00  4.542973808903195e-03  3.611391088527977e-01 -9.085947873194861e-05 -1.077666898894086e-02  1.072839441737452e+00  4.805479455329892e-04  5.027103027931566e-04 
 8.234999999999645e-01  1.795445700226252e+00  4.554299646090985e-03  3.607636053778115e-01 -9.108599547495710e-05 -1.164947382475251e-02  1.072755204368668e+00  4.800211437552225e-04  5.033391884829843e-04 
 8.239999999999644e-01  1.795434407505202e+00  4.565592367177880e-03  3.603896789461904e-01 -9.131184989595587e-05 -1.252070952946138e-02  1.072671293505540e+00  4.794965466622751e-04  5.039654635810288e-04 
 8.244999999999644e-01  1.795423147640234e+00  4.576852232183754e-03  3.600173149936644e-01 -9.153704719533362e-05 -1.339039060519270e-02  1.072587706214058e+00  4.789741339180315e-04  5.045891521048601e-04 
 8.249999999999643e-01  1.795411920374950e+00  4.588079497504389e-03  3.596464991730849e-01 -9.176159250100929e-05 -1.425853133781640e-02  1.072504439603523e+00  4.784538854894083e-04  5.052102777144856e-04 
 8.254999999999643e-01  1.795400725456507e+00  4.599274415983913e-03  3.592772173499393e-01 -9.198549086986141e-05 -1.512514580141522e-02  1.072421490825655e+00  4.779357816400952e-04  5.058288637197332e-04 
 8.259999999999642e-01  1.795389562635543e+00  4.610437236985309e-03  3.589094555979861e-01 -9.220874728915057e-05 -1.599024786263281e-02  1.072338857073726e+00  4.774198029244640e-04  5.064449330874336e-04 
 8.264999999999642e-01  1.795378431666105e+00  4.621568206459176e-03  3.585432001950036e-01 -9.243136667790031e-05 -1.685385118490806e-02  1.072256535581718e+00  4.769059301816368e-04  5.070585084484183e-04 
 8.269999999999641e-01  1.795367332305590e+00  4.632667567010669e-03  3.581784376186481e-01 -9.265335388820850e-05 -1.771596923260188e-02  1.072174523623496e+00  4.763941445297063e-04  5.076696121043348e-04 
 8.274999999999640e-01  1.795356264314672e+00  4.643735557964772e-03  3.578151545424210e-01 -9.287471370657274e-05 -1.857661527501325e-02  1.072092818512014e+00  4.758844273601082e-04  5.082782660342868e-04 
 8.279999999999640e-01  1.795345227457243e+00  4.654772415429923e-03  3.574533378317401e-01 -9.309545085515319e-05 -1.943580239029430e-02  1.072011417598527e+00  4.753767603321392e-04  5.088844919012984e-04 
 8.284999999999639e-01  1.795334221500348e+00  4.665778372360028e-03  3.570929745401094e-01 -9.331556999304241e-05 -2.029354346926382e-02  1.071930318271834e+00  4.748711253676124e-04  5.094883110586184e-04 
 8.289999999999639e-01  1.795323246214129e+00  4.676753658614941e-03  3.567340519053893e-01 -9.353507571742414e-05 -2.114985121912427e-02  1.071849517957538e+00  4.743675046456520e-04  5.100897445558600e-04 
 8.294999999999638e-01  1.795312301371760e+00  4.687698501019423e-03  3.563765573461574e-01 -9.375397256480150e-05 -2.200473816708609e-02  1.071769014117322e+00  4.738658805976159e-04  5.106888131449892e-04 
 8.299999999999638e-01  1.795301386749395e+00  4.698613123420662e-03  3.560204784581655e-01 -9.397226501211414e-05 -2.285821666389698e-02  1.071688804248241e+00  4.733662359021512e-04  5.112855372861584e-04 
 8.304999999999637e-01  1.795290502126106e+00  4.709497746744394e-03  3.556658030108819e-01 -9.418995747788317e-05 -2.371029888728626e-02  1.071608885882041e+00  4.728685534803696e-04  5.118799371533959e-04 
 8.309999999999637e-01  1.795279647283836e+00  4.720352589049609e-03  3.553125189441220e-01 -9.440705432328667e-05 -2.456099684532126e-02  1.071529256584488e+00  4.723728164911450e-04  5.124720326401533e-04 
 8.314999999999636e-01  1.795268822007339e+00  4.731177865581979e-03  3.549606143647600e-01 -9.462355985323523e-05 -2.541032237968283e-02  1.071449913954712e+00  4.718790083265254e-04  5.130618433647162e-04 
 8.319999999999635e-01  1.795258026084129e+00  4.741973788825959e-03  3.546100775435239e-01 -9.483947831741973e-05 -2.625828716885792e-02  1.071370855624571e+00  4.713871126072602e-04  5.136493886754807e-04 
 8.324999999999635e-01  1.795247259304434e+00  4.752740568555668e-03  3.542608969118672e-01 -9.505481391131748e-05 -2.710490273125554e-02  1.071292079258030e+00  4.708971131784356e-04  5.142346876561036e-04 
 8.329999999999634e-01  1.795236521461140e+00  4.763478411884535e-03  3.539130610589194e-01 -9.526957077719833e-05 -2.795018042824482e-02  1.071213582550557e+00  4.704089941052173e-04  5.148177591305202e-04 
 8.334999999999634e-01  1.795225812349745e+00  4.774187523313775e-03  3.535665587285068e-01 -9.548375300509615e-05 -2.879413146712201e-02  1.071135363228524e+00  4.699227396686952e-04  5.153986216678485e-04 
 8.339999999999633e-01  1.795215131768314e+00  4.784868104779703e-03  3.532213788162485e-01 -9.569736463372475e-05 -2.963676690400391e-02  1.071057419048638e+00  4.694383343618299e-04  5.159772935871711e-04 
 8.344999999999633e-01  1.795204479517428e+00  4.795520355699970e-03  3.528775103667196e-01 -9.591040965144237e-05 -3.047809764665305e-02  1.070979747797369e+00  4.689557628854943e-04  5.165537929622026e-04 
 8.349999999999632e-01  1.795193855400143e+00  4.806144473018703e-03  3.525349425706836e-01 -9.612289199713298e-05 -3.131813445723414e-02  1.070902347290408e+00  4.684750101446112e-04  5.171281376258470e-04 
 8.354999999999632e-01  1.795183259221945e+00  4.816740651250572e-03  3.521936647623898e-01 -9.633481556109436e-05 -3.215688795500771e-02  1.070825215372122e+00  4.679960612443824e-04  5.177003451746449e-04 
 8.359999999999631e-01  1.795172690790706e+00  4.827309082523885e-03  3.518536664169341e-01 -9.654618418588473e-05 -3.299436861895705e-02  1.070748349915034e+00  4.675189014866054e-04  5.182704329731194e-04 
 8.364999999999631e-01  1.795162149916641e+00  4.837849956622654e-03  3.515149371476844e-01 -9.675700166717621e-05 -3.383058679035433e-02  1.070671748819310e+00  4.670435163660803e-04  5.188384181580138e-04 
 8.369999999999630e-01  1.795151636412269e+00  4.848363461027724e-03  3.511774667037604e-01 -9.696727175461523e-05 -3.466555267526977e-02  1.070595410012255e+00  4.665698915670937e-04  5.194043176424401e-04 
 8.374999999999629e-01  1.795141150092373e+00  4.858849780956933e-03  3.508412449675791e-01 -9.717699815253722e-05 -3.549927634701755e-02  1.070519331447829e+00  4.660980129599927e-04  5.199681481199194e-04 
 8.379999999999629e-01  1.795130690773959e+00  4.869309099404434e-03  3.505062619524517e-01 -9.738618452081321e-05 -3.633176774854924e-02  1.070443511106167e+00  4.656278665978314e-04  5.205299260683382e-04 
 8.384999999999628e-01  1.795120258276218e+00  4.879741597179026e-03  3.501725078002377e-01 -9.759483447564082e-05 -3.716303669478949e-02  1.070367946993112e+00  4.651594387130982e-04  5.210896677538103e-04 
 8.389999999999628e-01  1.795109852420488e+00  4.890147452941727e-03  3.498399727790538e-01 -9.780295159024510e-05 -3.799309287492014e-02  1.070292637139758e+00  4.646927157145168e-04  5.216473892344485e-04 
 8.394999999999627e-01  1.795099473030220e+00  4.900526843242445e-03  3.495086472810323e-01 -9.801053939560017e-05 -3.882194585461091e-02  1.070217579602009e+00  4.642276841839199e-04  5.222031063640534e-04 
 8.399999999999627e-01  1.795089119930940e+00  4.910879942555894e-03  3.491785218201326e-01 -9.821760138120639e-05 -3.964960507820126e-02  1.070142772460139e+00  4.637643308731936e-04  5.227568347957185e-04 
 8.404999999999626e-01  1.795078792950212e+00  4.921206923316633e-03  3.488495870300016e-01 -9.842414099576341e-05 -4.047607987083007e-02  1.070068213818365e+00  4.633026427012923e-04  5.233085899853517e-04 
 8.409999999999626e-01  1.795068491917607e+00  4.931507955953423e-03  3.485218336618808e-01 -9.863016164785715e-05 -4.130137944052131e-02  1.069993901804435e+00  4.628426067513182e-04  5.238583871951199e-04 
 8.414999999999625e-01  1.795058216664671e+00  4.941783208922796e-03  3.481952525825618e-01 -9.883566670658428e-05 -4.212551288022004e-02  1.069919834569220e+00  4.623842102676671e-04  5.244062414968153e-04 
 8.419999999999624e-01  1.795047967024884e+00  4.952032848741872e-03  3.478698347723855e-01 -9.904065950231550e-05 -4.294848916978544e-02  1.069846010286313e+00  4.619274406532374e-04  5.249521677751508e-04 
 8.424999999999624e-01  1.795037742833638e+00  4.962257040020529e-03  3.475455713232883e-01 -9.924514332724371e-05 -4.377031717793733e-02  1.069772427151643e+00  4.614722854667028e-04  5.254961807309740e-04 
 8.429999999999623e-01  1.795027543928198e+00  4.972455945492806e-03  3.472224534368873e-01 -9.944912143605017e-05 -4.459100566416291e-02  1.069699083383092e+00  4.610187324198405e-04  5.260382948844225e-04 
 8.434999999999623e-01  1.795017370147675e+00  4.982629726047708e-03  3.469004724226111e-01 -9.965259704650814e-05 -4.541056328057858e-02  1.069625977220126e+00  4.605667693749222e-04  5.265785245779988e-04 
 8.439999999999622e-01  1.795007221332996e+00  4.992778540759281e-03  3.465796196958691e-01 -9.985557334009354e-05 -4.622899857375401e-02  1.069553106923427e+00  4.601163843421597e-04  5.271168839795850e-04 
 8.444999999999622e-01  1.794997097326870e+00  5.002902546916137e-03  3.462598867762618e-01 -1.000580534626025e-04 -4.704631998649461e-02  1.069480470774536e+00  4.596675654772066e-04  5.276533870853913e-04 
 8.449999999999621e-01  1.794986997973768e+00  5.013001900050244e-03  3.459412652858278e-01 -1.002600405246440e-04 -4.786253585958694e-02  1.069408067075510e+00  4.592203010787133e-04  5.281880477228394e-04 
 8.454999999999621e-01  1.794976923119884e+00  5.023076753965250e-03  3.456237469473314e-01 -1.004615376023199e-04 -4.867765443350552e-02  1.069335894148573e+00  4.587745795859352e-04  5.287208795533830e-04 
 8.459999999999620e-01  1.794966872613117e+00  5.033127260764068e-03  3.453073235825841e-01 -1.006625477376621e-04 -4.949168385008373e-02  1.069263950335790e+00  4.583303895763920e-04  5.292518960752719e-04 
 8.464999999999619e-01  1.794956846303037e+00  5.043153570876020e-03  3.449919871108030e-01 -1.008630739392710e-04 -5.030463215414960e-02  1.069192233998732e+00  4.578877197635758e-04  5.297811106262541e-04 
 8.469999999999619e-01  1.794946844040860e+00  5.053155833083325e-03  3.446777295470035e-01 -1.010631191827940e-04 -5.111650729512612e-02  1.069120743518162e+00  4.574465589947082e-04  5.303085363862217e-04 
 8.474999999999618e-01  1.794936865679428e+00  5.063134194547091e-03  3.443645430004276e-01 -1.012626864114463e-04 -5.192731712859749e-02  1.069049477293718e+00  4.570068962485470e-04  5.308341863798011e-04 
 8.479999999999618e-01  1.794926911073174e+00  5.073088800832750e-03  3.440524196730012e-01 -1.014617785365310e-04 -5.273706941784523e-02  1.068978433743611e+00  4.565687206332330e-04  5.313580734788894e-04 
 8.484999999999617e-01  1.794916980078102e+00  5.083019795935019e-03  3.437413518578293e-01 -1.016603984379666e-04 -5.354577183534698e-02  1.068907611304317e+00  4.561320213841902e-04  5.318802104051350e-04 
 8.489999999999617e-01  1.794907072551766e+00  5.092927322302270e-03  3.434313319377161e-01 -1.018585489646964e-04 -5.435343196425113e-02  1.068837008430291e+00  4.556967878620601e-04  5.324006097323731e-04 
 8.494999999999616e-01  1.794897188353238e+00  5.102811520860499e-03  3.431223523837221e-01 -1.020562329352437e-04 -5.516005729981327e-02  1.068766623593671e+00  4.552630095506878e-04  5.329192838890024e-04 
 8.499999999999616e-01  1.794887327343093e+00  5.112672531036756e-03  3.428144057537443e-01 -1.022534531381555e-04 -5.596565525081082e-02  1.068696455284005e+00  4.548306760551416e-04  5.334362451603212e-04 
 8.504999999999615e-01  1.794877489383377e+00  5.122510490782125e-03  3.425074846911320e-01 -1.024502123324611e-04 -5.677023314092156e-02  1.068626502007965e+00  4.543997770997801e-04  5.339515056908082e-04 
 8.509999999999615e-01  1.794867674337595e+00  5.132325536594257e-03  3.422015819233262e-01 -1.026465132480947e-04 -5.757379821007919e-02  1.068556762289082e+00  4.539703025263536e-04  5.344650774863624e-04 
 8.514999999999614e-01  1.794857882070681e+00  5.142117803539415e-03  3.418966902605282e-01 -1.028423585863886e-04 -5.837635761579896e-02  1.068487234667481e+00  4.535422422921461e-04  5.349769724164949e-04 
 8.519999999999613e-01  1.794848112448976e+00  5.151887425274143e-03  3.415928025943967e-01 -1.030377510204752e-04 -5.917791843447584e-02  1.068417917699617e+00  4.531155864681570e-04  5.354872022164753e-04 
 8.524999999999613e-01  1.794838365340214e+00  5.161634534066465e-03  3.412899118967674e-01 -1.032326931957109e-04 -5.997848766265940e-02  1.068348809958024e+00  4.526903252373141e-04  5.359957784894390e-04 
 8.529999999999612e-01  1.794828640613494e+00  5.171359260816680e-03  3.409880112184023e-01 -1.034271877301193e-04 -6.077807221830006e-02  1.068279910031063e+00  4.522664488927277e-04  5.365027127084474e-04 
 8.534999999999612e-01  1.794818938139263e+00  5.181061735077768e-03  3.406870936877605e-01 -1.036212372147460e-04 -6.157667894197283e-02  1.068211216522680e+00  4.518439478359758e-04  5.370080162185113e-04 
 8.539999999999611e-01  1.794809257789295e+00  5.190742085075378e-03  3.403871525097970e-01 -1.038148442141021e-04 -6.237431459807430e-02  1.068142728052162e+00  4.514228125754271e-04  5.375117002385700e-04 
 8.544999999999611e-01  1.794799599436673e+00  5.200400437727432e-03  3.400881809647810e-01 -1.040080112665528e-04 -6.317098587599951e-02  1.068074443253905e+00  4.510030337245917e-04  5.380137758634368e-04 
 8.549999999999610e-01  1.794789962955766e+00  5.210036918663390e-03  3.397901724071427e-01 -1.042007408846718e-04 -6.396669939129007e-02  1.068006360777185e+00  4.505846020005122e-04  5.385142540656967e-04 
 8.554999999999610e-01  1.794780348222216e+00  5.219651652243087e-03  3.394931202643361e-01 -1.043930355556777e-04 -6.476146168676722e-02  1.067938479285928e+00  4.501675082221759e-04  5.390131456975807e-04 
 8.559999999999609e-01  1.794770755112914e+00  5.229244761575267e-03  3.391970180357314e-01 -1.045848977417330e-04 -6.555527923363574e-02  1.067870797458488e+00  4.497517433089696e-04  5.395104614927895e-04 
 8.564999999999608e-01  1.794761183505983e+00  5.238816368535709e-03  3.389018592915224e-01 -1.047763298803531e-04 -6.634815843257058e-02  1.067803313987435e+00  4.493372982791541e-04  5.400062120682928e-04 
 8.569999999999608e-01  1.794751633280762e+00  5.248366593785072e-03  3.386076376716605e-01 -1.049673343847535e-04 -6.714010561478007e-02  1.067736027579338e+00  4.489241642483768e-04  5.405004079260832e-04 
 8.574999999999607e-01  1.794742104317790e+00  5.257895556786372e-03  3.383143468848040e-01 -1.051579136442035e-04 -6.793112704305143e-02  1.067668936954555e+00  4.485123324282054e-04  5.409930594549088e-04 
 8.579999999999607e-01  1.794732596498783e+00  5.267403375822106e-03  3.380219807072914e-01 -1.053480700243387e-04 -6.872122891277427e-02  1.067602040847033e+00  4.481017941246943e-04  5.414841769319626e-04 
 8.584999999999606e-01  1.794723109706623e+00  5.276890168011136e-03  3.377305329821341e-01 -1.055378058675352e-04 -6.951041735294322e-02  1.067535338004100e+00  4.476925407369794e-04  5.419737705245417e-04 
 8.589999999999606e-01  1.794713643825339e+00  5.286356049325161e-03  3.374399976180253e-01 -1.057271234932294e-04 -7.029869842714526e-02  1.067468827186273e+00  4.472845637558943e-04  5.424618502916795e-04 
 8.594999999999605e-01  1.794704198740088e+00  5.295801134604955e-03  3.371503685883722e-01 -1.059160251982508e-04 -7.108607813452383e-02  1.067402507167062e+00  4.468778547626202e-04  5.429484261857396e-04 
 8.599999999999605e-01  1.794694774337145e+00  5.305225537576295e-03  3.368616399303402e-01 -1.061045132571062e-04 -7.187256241073015e-02  1.067336376732781e+00  4.464724054273514e-04  5.434335080539896e-04 
 8.604999999999604e-01  1.794685370503884e+00  5.314629370865566e-03  3.365738057439239e-01 -1.062925899223202e-04 -7.265815712884971e-02  1.067270434682362e+00  4.460682075079988e-04  5.439171056401317e-04 
 8.609999999999604e-01  1.794675987128763e+00  5.324012746015135e-03  3.362868601910253e-01 -1.064802574247334e-04 -7.344286810031925e-02  1.067204679827169e+00  4.456652528489034e-04  5.443992285858198e-04 
 8.614999999999603e-01  1.794666624101308e+00  5.333375773498372e-03  3.360007974945585e-01 -1.066675179738422e-04 -7.422670107581908e-02  1.067139110990824e+00  4.452635333795864e-04  5.448798864321358e-04 
 8.619999999999602e-01  1.794657281312101e+00  5.342718562734470e-03  3.357156119375637e-01 -1.068543737579933e-04 -7.500966174615509e-02  1.067073727009026e+00  4.448630411135132e-04  5.453590886210459e-04 
 8.624999999999602e-01  1.794647958652761e+00  5.352041222102967e-03  3.354312978623424e-01 -1.070408269447862e-04 -7.579175574312058e-02  1.067008526729380e+00  4.444637681468864e-04  5.458368444968275e-04 
 8.629999999999601e-01  1.794638656015934e+00  5.361343858957995e-03  3.351478496696064e-01 -1.072268796813228e-04 -7.657298864034368e-02  1.066943509011225e+00  4.440657066574566e-04  5.463131633074708e-04 
 8.634999999999601e-01  1.794629373295278e+00  5.370626579642318e-03  3.348652618176427e-01 -1.074125340944435e-04 -7.735336595411901e-02  1.066878672725474e+00  4.436688489033589e-04  5.467880542060512e-04 
 8.639999999999600e-01  1.794620110385447e+00  5.379889489501063e-03  3.345835288214938e-01 -1.075977922910670e-04 -7.813289314422384e-02  1.066814016754439e+00  4.432731872219676e-04  5.472615262520832e-04 
 8.644999999999600e-01  1.794610867182081e+00  5.389132692895237e-03  3.343026452521539e-01 -1.077826563583920e-04 -7.891157561471945e-02  1.066749539991685e+00  4.428787140287745e-04  5.477335884128418e-04 
 8.649999999999599e-01  1.794601643581788e+00  5.398356293215040e-03  3.340226057357759e-01 -1.079671283642364e-04 -7.968941871474000e-02  1.066685241341857e+00  4.424854218162820e-04  5.482042495646695e-04 
 8.654999999999599e-01  1.794592439482139e+00  5.407560392892872e-03  3.337434049528992e-01 -1.081512103572185e-04 -8.046642773926221e-02  1.066621119720538e+00  4.420933031529259e-04  5.486735184942474e-04 
 8.659999999999598e-01  1.794583254781643e+00  5.416745093416177e-03  3.334650376376842e-01 -1.083349043671453e-04 -8.124260792986804e-02  1.066557174054084e+00  4.417023506820059e-04  5.491414038998575e-04 
 8.664999999999597e-01  1.794574089379747e+00  5.425910495340008e-03  3.331874985771671e-01 -1.085182124050746e-04 -8.201796447548576e-02  1.066493403279489e+00  4.413125571206464e-04  5.496079143926085e-04 
 8.669999999999597e-01  1.794564943176815e+00  5.435056698299430e-03  3.329107826105214e-01 -1.087011364637042e-04 -8.279250251312681e-02  1.066429806344228e+00  4.409239152587656e-04  5.500730584976537e-04 
 8.674999999999596e-01  1.794555816074120e+00  5.444183801021678e-03  3.326348846283390e-01 -1.088836785176003e-04 -8.356622712860118e-02  1.066366382206114e+00  4.405364179580714e-04  5.505368446553728e-04 
 8.679999999999596e-01  1.794546707973831e+00  5.453291901338085e-03  3.323597995719197e-01 -1.090658405233785e-04 -8.433914335722453e-02  1.066303129833160e+00  4.401500581510706e-04  5.509992812225453e-04 
 8.684999999999595e-01  1.794537618779000e+00  5.462381096195852e-03  3.320855224325741e-01 -1.092476244200016e-04 -8.511125618451365e-02  1.066240048203437e+00  4.397648288400956e-04  5.514603764734964e-04 
 8.689999999999595e-01  1.794528548393554e+00  5.471451481669594e-03  3.318120482509396e-01 -1.094290321289326e-04 -8.588257054686699e-02  1.066177136304939e+00  4.393807230963490e-04  5.519201386012242e-04 
 8.694999999999594e-01  1.794519496722278e+00  5.480503152972681e-03  3.315393721163080e-01 -1.096100655544469e-04 -8.665309133223431e-02  1.066114393135447e+00  4.389977340589665e-04  5.523785757185082e-04 
 8.699999999999594e-01  1.794510463670810e+00  5.489536204468391e-03  3.312674891659654e-01 -1.097907265838124e-04 -8.742282338077412e-02  1.066051817702397e+00  4.386158549340942e-04  5.528356958589949e-04 
 8.704999999999593e-01  1.794501449145624e+00  5.498550729680899e-03  3.309963945845406e-01 -1.099710170875262e-04 -8.819177148550300e-02  1.065989409022752e+00  4.382350789939795e-04  5.532915069782728e-04 
 8.709999999999593e-01  1.794492453054026e+00  5.507546821306044e-03  3.307260836033697e-01 -1.101509389194871e-04 -8.895994039292815e-02  1.065927166122875e+00  4.378553995760850e-04  5.537460169549179e-04 
 8.714999999999592e-01  1.794483475304136e+00  5.516524571221948e-03  3.304565514998666e-01 -1.103304939172739e-04 -8.972733480367434e-02  1.065865088038398e+00  4.374768100822085e-04  5.541992335915311e-04 
 8.719999999999591e-01  1.794474515804886e+00  5.525484070499430e-03  3.301877935969096e-01 -1.105096839022837e-04 -9.049395937309523e-02  1.065803173814109e+00  4.370993039776279e-04  5.546511646157492e-04 
 8.724999999999591e-01  1.794465574466000e+00  5.534425409412264e-03  3.299198052622318e-01 -1.106885106800098e-04 -9.125981871187983e-02  1.065741422503817e+00  4.367228747902499e-04  5.551018176812478e-04 
 8.729999999999590e-01  1.794456651197992e+00  5.543348677447281e-03  3.296525819078290e-01 -1.108669760401734e-04 -9.202491738664248e-02  1.065679833170248e+00  4.363475161097833e-04  5.555512003687175e-04 
 8.734999999999590e-01  1.794447745912151e+00  5.552253963314263e-03  3.293861189893724e-01 -1.110450817569941e-04 -9.278925992050818e-02  1.065618404884916e+00  4.359732215869196e-04  5.559993201868315e-04 
 8.739999999999589e-01  1.794438858520535e+00  5.561141354955713e-03  3.291204120056339e-01 -1.112228295892942e-04 -9.355285079368447e-02  1.065557136728018e+00  4.355999849325309e-04  5.564461845731915e-04 
 8.744999999999589e-01  1.794429988935961e+00  5.570010939556440e-03  3.288554564979195e-01 -1.114002212807830e-04 -9.431569444402554e-02  1.065496027788311e+00  4.352277999168789e-04  5.568918008952620e-04 
 8.749999999999588e-01  1.794421137071991e+00  5.578862803553022e-03  3.285912480495141e-01 -1.115772585601818e-04 -9.507779526758625e-02  1.065435077163008e+00  4.348566603688395e-04  5.573361764512844e-04 
 8.754999999999588e-01  1.794412302842928e+00  5.587697032643064e-03  3.283277822851339e-01 -1.117539431414530e-04 -9.583915761916612e-02  1.065374283957664e+00  4.344865601751393e-04  5.577793184711793e-04 
 8.759999999999587e-01  1.794403486163802e+00  5.596513711794357e-03  3.280650548703875e-01 -1.119302767239594e-04 -9.659978581284712e-02  1.065313647286072e+00  4.341174932796023e-04  5.582212341174339e-04 
 8.764999999999586e-01  1.794394686950368e+00  5.605312925253842e-03  3.278030615112490e-01 -1.121062609926379e-04 -9.735968412251778e-02  1.065253166270157e+00  4.337494536824157e-04  5.586619304859703e-04 
 8.769999999999586e-01  1.794385905119092e+00  5.614094756556488e-03  3.275417979535363e-01 -1.122818976181522e-04 -9.811885678239302e-02  1.065192840039869e+00  4.333824354394006e-04  5.591014146070056e-04 
 8.774999999999585e-01  1.794377140587140e+00  5.622859288533965e-03  3.272812599823995e-01 -1.124571882571909e-04 -9.887730798752381e-02  1.065132667733081e+00  4.330164326612984e-04  5.595396934458934e-04 
 8.779999999999585e-01  1.794368393272377e+00  5.631606603323227e-03  3.270214434218179e-01 -1.126321345524608e-04 -9.963504189429817e-02  1.065072648495493e+00  4.326514395130683e-04  5.599767739039534e-04 
 8.784999999999584e-01  1.794359663093351e+00  5.640336782374937e-03  3.267623441341051e-01 -1.128067381329922e-04 -1.003920626209330e-01  1.065012781480527e+00  4.322874502131978e-04  5.604126628192866e-04 
 8.789999999999584e-01  1.794350949969290e+00  5.649049906461747e-03  3.265039580194218e-01 -1.129810006142012e-04 -1.011483742479612e-01  1.064953065849236e+00  4.319244590330207e-04  5.608473669675770e-04 
 8.794999999999583e-01  1.794342253820091e+00  5.657746055686499e-03  3.262462810152968e-01 -1.131549235981882e-04 -1.019039808187070e-01  1.064893500770200e+00  4.315624602960493e-04  5.612808930628830e-04 
 8.799999999999583e-01  1.794333574566312e+00  5.666425309490217e-03  3.259893090961555e-01 -1.133285086737518e-04 -1.026588863397564e-01  1.064834085419438e+00  4.312014483773167e-04  5.617132477584116e-04 
 8.804999999999582e-01  1.794324912129168e+00  5.675087746660050e-03  3.257330382728563e-01 -1.135017574166314e-04 -1.034130947814189e-01  1.064774818980314e+00  4.308414177027297e-04  5.621444376472841e-04 
 8.809999999999581e-01  1.794316266430517e+00  5.683733445337041e-03  3.254774645922349e-01 -1.136746713896741e-04 -1.041666100781806e-01  1.064715700643444e+00  4.304823627484315e-04  5.625744692632854e-04 
 8.814999999999581e-01  1.794307637392855e+00  5.692362483023815e-03  3.252225841366536e-01 -1.138472521428971e-04 -1.049194361291542e-01  1.064656729606608e+00  4.301242780401740e-04  5.630033490816080e-04 
 8.819999999999580e-01  1.794299024939312e+00  5.700974936592093e-03  3.249683930235615e-01 -1.140195012137579e-04 -1.056715767985163e-01  1.064597905074661e+00  4.297671581527027e-04  5.634310835195757e-04 
 8.824999999999580e-01  1.794290428993640e+00  5.709570882290165e-03  3.247148874050584e-01 -1.141914201272104e-04 -1.064230359159411e-01  1.064539226259446e+00  4.294109977091494e-04  5.638576789373620e-04 
 8.829999999999579e-01  1.794281849480204e+00  5.718150395750164e-03  3.244620634674675e-01 -1.143630103959126e-04 -1.071738172770276e-01  1.064480692379705e+00  4.290557913804341e-04  5.642831416386950e-04 
 8.834999999999579e-01  1.794273286323985e+00  5.726713551995315e-03  3.242099174309143e-01 -1.145342735203100e-04 -1.079239246437177e-01  1.064422302661002e+00  4.287015338846780e-04  5.647074778715502e-04 
 8.839999999999578e-01  1.794264739450558e+00  5.735260425446995e-03  3.239584455489110e-01 -1.147052109888441e-04 -1.086733617447102e-01  1.064364056335635e+00  4.283482199866236e-04  5.651306938288361e-04 
 8.844999999999578e-01  1.794256208786099e+00  5.743791089931734e-03  3.237076441079497e-01 -1.148758242780282e-04 -1.094221322758665e-01  1.064305952642553e+00  4.279958444970667e-04  5.655527956490635e-04 
 8.849999999999577e-01  1.794247694257367e+00  5.752305618688102e-03  3.234575094271007e-01 -1.150461148526696e-04 -1.101702399006104e-01  1.064247990827278e+00  4.276444022722947e-04  5.659737894170088e-04 
 8.854999999999577e-01  1.794239195791706e+00  5.760804084373482e-03  3.232080378576158e-01 -1.152160841658839e-04 -1.109176882503226e-01  1.064190170141829e+00  4.272938882135345e-04  5.663936811643654e-04 
 8.859999999999576e-01  1.794230713317034e+00  5.769286559070744e-03  3.229592257825412e-01 -1.153857336593303e-04 -1.116644809247275e-01  1.064132489844638e+00  4.269442972664110e-04  5.668124768703847e-04 
 8.864999999999575e-01  1.794222246761835e+00  5.777753114294824e-03  3.227110696163311e-01 -1.155550647633161e-04 -1.124106214922764e-01  1.064074949200475e+00  4.265956244204077e-04  5.672301824625097e-04 
 8.869999999999575e-01  1.794213796055154e+00  5.786203820999198e-03  3.224635658044734e-01 -1.157240788969144e-04 -1.131561134905220e-01  1.064017547480374e+00  4.262478647083448e-04  5.676468038169931e-04 
 8.874999999999574e-01  1.794205361126596e+00  5.794638749582269e-03  3.222167108231168e-01 -1.158927774680824e-04 -1.139009604264878e-01  1.063960283961560e+00  4.259010132058585e-04  5.680623467595127e-04 
 8.879999999999574e-01  1.794196941906309e+00  5.803057969893648e-03  3.219705011787045e-01 -1.160611618738205e-04 -1.146451657770352e-01  1.063903157927371e+00  4.255550650308891e-04  5.684768170657723e-04 
 8.884999999999573e-01  1.794188538324987e+00  5.811461551240358e-03  3.217249334076148e-01 -1.162292335002632e-04 -1.153887329892193e-01  1.063846168667191e+00  4.252100153431799e-04  5.688902204620972e-04 
 8.889999999999573e-01  1.794180150313859e+00  5.819849562392917e-03  3.214800040758057e-01 -1.163969937228240e-04 -1.161316654806439e-01  1.063789315476372e+00  4.248658593437813e-04  5.693025626260166e-04 
 8.894999999999572e-01  1.794171777804684e+00  5.828222071591376e-03  3.212357097784658e-01 -1.165644439063140e-04 -1.168739666398093e-01  1.063732597656173e+00  4.245225922745618e-04  5.697138491868420e-04 
 8.899999999999572e-01  1.794163420729749e+00  5.836579146551217e-03  3.209920471396697e-01 -1.167315854050319e-04 -1.176156398264549e-01  1.063676014513685e+00  4.241802094177300e-04  5.701240857262322e-04 
 8.904999999999571e-01  1.794155079021855e+00  5.844920854469219e-03  3.207490128120393e-01 -1.168984195629094e-04 -1.183566883718970e-01  1.063619565361763e+00  4.238387060953585e-04  5.705332777787534e-04 
 8.909999999999570e-01  1.794146752614319e+00  5.853247262029187e-03  3.205066034764099e-01 -1.170649477136229e-04 -1.190971155793608e-01  1.063563249518962e+00  4.234980776689199e-04  5.709414308324284e-04 
 8.914999999999570e-01  1.794138441440965e+00  5.861558435407649e-03  3.202648158415012e-01 -1.172311711807109e-04 -1.198369247243085e-01  1.063507066309470e+00  4.231583195388274e-04  5.713485503292791e-04 
 8.919999999999569e-01  1.794130145436117e+00  5.869854440279414e-03  3.200236466435932e-01 -1.173970912776712e-04 -1.205761190547623e-01  1.063451015063041e+00  4.228194271439807e-04  5.717546416658607e-04 
 8.924999999999569e-01  1.794121864534597e+00  5.878135341823109e-03  3.197830926462072e-01 -1.175627093080583e-04 -1.213147017916213e-01  1.063395095114934e+00  4.224813959613229e-04  5.721597101937874e-04 
 8.929999999999568e-01  1.794113598671717e+00  5.886401204726586e-03  3.195431506397908e-01 -1.177280265656569e-04 -1.220526761289754e-01  1.063339305805848e+00  4.221442215053993e-04  5.725637612202505e-04 
 8.934999999999568e-01  1.794105347783275e+00  5.894652093192294e-03  3.193038174414090e-01 -1.178930443344953e-04 -1.227900452344137e-01  1.063283646481863e+00  4.218078993279264e-04  5.729668000085288e-04 
 8.939999999999567e-01  1.794097111805549e+00  5.902888070942534e-03  3.190650898944379e-01 -1.180577638890193e-04 -1.235268122493284e-01  1.063228116494374e+00  4.214724250173650e-04  5.733688317784928e-04 
 8.944999999999567e-01  1.794088890675291e+00  5.911109201224678e-03  3.188269648682645e-01 -1.182221864941893e-04 -1.242629802892150e-01  1.063172715200033e+00  4.211377941985000e-04  5.737698617070997e-04 
 8.949999999999566e-01  1.794080684329723e+00  5.919315546816286e-03  3.185894392579902e-01 -1.183863134055496e-04 -1.249985524439661e-01  1.063117441960690e+00  4.208040025320277e-04  5.741698949288812e-04 
 8.954999999999566e-01  1.794072492706532e+00  5.927507170030155e-03  3.183525099841384e-01 -1.185501458693602e-04 -1.257335317781641e-01  1.063062296143336e+00  4.204710457141469e-04  5.745689365364262e-04 
 8.959999999999565e-01  1.794064315743867e+00  5.935684132719330e-03  3.181161739923672e-01 -1.187136851226664e-04 -1.264679213313660e-01  1.063007277120041e+00  4.201389194761576e-04  5.749669915808542e-04 
 8.964999999999564e-01  1.794056153380328e+00  5.943846496281982e-03  3.178804282531845e-01 -1.188769323934510e-04 -1.272017241183882e-01  1.062952384267901e+00  4.198076195840640e-04  5.753640650722845e-04 
 8.969999999999564e-01  1.794048005554967e+00  5.951994321666279e-03  3.176452697616706e-01 -1.190398889006697e-04 -1.279349431295821e-01  1.062897616968979e+00  4.194771418381867e-04  5.757601619802931e-04 
 8.974999999999563e-01  1.794039872207282e+00  5.960127669375163e-03  3.174106955372000e-01 -1.192025558543683e-04 -1.286675813311113e-01  1.062842974610254e+00  4.191474820727741e-04  5.761552872343723e-04 
 8.979999999999563e-01  1.794031753277209e+00  5.968246599471032e-03  3.171767026231717e-01 -1.193649344558290e-04 -1.293996416652201e-01  1.062788456583560e+00  4.188186361556273e-04  5.765494457243738e-04 
 8.984999999999562e-01  1.794023648705122e+00  5.976351171580440e-03  3.169432880867404e-01 -1.195270258975561e-04 -1.301311270505014e-01  1.062734062285538e+00  4.184905999877227e-04  5.769426423009530e-04 
 8.989999999999562e-01  1.794015558431827e+00  5.984441444898630e-03  3.167104490185534e-01 -1.196888313634639e-04 -1.308620403821588e-01  1.062679791117583e+00  4.181633695028463e-04  5.773348817760014e-04 
 8.994999999999561e-01  1.794007482398555e+00  5.992517478194075e-03  3.164781825324892e-01 -1.198503520288968e-04 -1.315923845322663e-01  1.062625642485786e+00  4.178369406672287e-04  5.777261689230788e-04 
 8.999999999999561e-01  1.793999420546959e+00  6.000579329812943e-03  3.162464857654024e-01 -1.200115890608172e-04 -1.323221623500231e-01  1.062571615800888e+00  4.175113094791875e-04  5.781165084778319e-04 
 9.004999999999560e-01  1.793991372819111e+00  6.008627057683482e-03  3.160153558768700e-01 -1.201725436177706e-04 -1.330513766620055e-01  1.062517710478228e+00  4.171864719687757e-04  5.785059051384144e-04 
 9.009999999999559e-01  1.793983339157498e+00  6.016660719320361e-03  3.157847900489419e-01 -1.203332168500520e-04 -1.337800302724163e-01  1.062463925937694e+00  4.168624241974304e-04  5.788943635658968e-04 
 9.014999999999559e-01  1.793975319505012e+00  6.024680371828942e-03  3.155547854858954e-01 -1.204936098997619e-04 -1.345081259633282e-01  1.062410261603670e+00  4.165391622576325e-04  5.792818883846717e-04 
 9.019999999999558e-01  1.793967313804954e+00  6.032686071909522e-03  3.153253394139934e-01 -1.206537239009237e-04 -1.352356664949254e-01  1.062356716904989e+00  4.162166822725675e-04  5.796684841828520e-04 
 9.024999999999558e-01  1.793959322001025e+00  6.040677875861471e-03  3.150964490812438e-01 -1.208135599795115e-04 -1.359626546057430e-01  1.062303291274889e+00  4.158949803957908e-04  5.800541555126683e-04 
 9.029999999999557e-01  1.793951344037322e+00  6.048655839587348e-03  3.148681117571654e-01 -1.209731192535687e-04 -1.366890930128999e-01  1.062249984150960e+00  4.155740528109001e-04  5.804389068908530e-04 
 9.034999999999557e-01  1.793943379858335e+00  6.056620018596973e-03  3.146403247325543e-01 -1.211324028333044e-04 -1.374149844123318e-01  1.062196794975100e+00  4.152538957312096e-04  5.808227427990273e-04 
 9.039999999999556e-01  1.793935429408943e+00  6.064570468011381e-03  3.144130853192557e-01 -1.212914118211422e-04 -1.381403314790179e-01  1.062143723193469e+00  4.149345053994312e-04  5.812056676840759e-04 
 9.044999999999556e-01  1.793927492634410e+00  6.072507242566842e-03  3.141863908499372e-01 -1.214501473118038e-04 -1.388651368672071e-01  1.062090768256444e+00  4.146158780873584e-04  5.815876859585218e-04 
 9.049999999999555e-01  1.793919569480381e+00  6.080430396618660e-03  3.139602386778650e-01 -1.216086103923847e-04 -1.395894032106407e-01  1.062037929618573e+00  4.142980100955539e-04  5.819688020008940e-04 
 9.054999999999555e-01  1.793911659892877e+00  6.088339984145093e-03  3.137346261766867e-01 -1.217668021424659e-04 -1.403131331227693e-01  1.061985206738530e+00  4.139808977530447e-04  5.823490201560860e-04 
 9.059999999999554e-01  1.793903763818293e+00  6.096236058751101e-03  3.135095507402110e-01 -1.219247236341481e-04 -1.410363291969706e-01  1.061932599079076e+00  4.136645374170176e-04  5.827283447357197e-04 
 9.064999999999553e-01  1.793895881203394e+00  6.104118673672121e-03  3.132850097821959e-01 -1.220823759321213e-04 -1.417589940067622e-01  1.061880106107010e+00  4.133489254725209e-04  5.831067800184934e-04 
 9.069999999999553e-01  1.793888011995311e+00  6.111987881777711e-03  3.130610007361374e-01 -1.222397600937758e-04 -1.424811301060110e-01  1.061827727293131e+00  4.130340583321702e-04  5.834843302505309e-04 
 9.074999999999552e-01  1.793880156141536e+00  6.119843735575247e-03  3.128375210550604e-01 -1.223968771692924e-04 -1.432027400291410e-01  1.061775462112194e+00  4.127199324358572e-04  5.838609996457252e-04 
 9.079999999999552e-01  1.793872313589920e+00  6.127686287213482e-03  3.126145682113142e-01 -1.225537282016007e-04 -1.439238262913384e-01  1.061723310042871e+00  4.124065442504634e-04  5.842367923860769e-04 
 9.084999999999551e-01  1.793864484288669e+00  6.135515588486111e-03  3.123921396963695e-01 -1.227103142266150e-04 -1.446443913887521e-01  1.061671270567706e+00  4.120938902695762e-04  5.846117126220274e-04 
 9.089999999999551e-01  1.793856668186342e+00  6.143331690835280e-03  3.121702330206182e-01 -1.228666362731584e-04 -1.453644377986943e-01  1.061619343173082e+00  4.117819670132110e-04  5.849857644727903e-04 
 9.094999999999550e-01  1.793848865231844e+00  6.151134645355027e-03  3.119488457131768e-01 -1.230226953631147e-04 -1.460839679798358e-01  1.061567527349171e+00  4.114707710275352e-04  5.853589520266750e-04 
 9.099999999999550e-01  1.793841075374427e+00  6.158924502794731e-03  3.117279753216907e-01 -1.231784925114637e-04 -1.468029843724004e-01  1.061515822589906e+00  4.111602988845958e-04  5.857312793414082e-04 
 9.104999999999549e-01  1.793833298563681e+00  6.166701313562421e-03  3.115076194121438e-01 -1.233340287263851e-04 -1.475214893983556e-01  1.061464228392934e+00  4.108505471820534e-04  5.861027504444491e-04 
 9.109999999999548e-01  1.793825534749537e+00  6.174465127728187e-03  3.112877755686676e-01 -1.234893050092584e-04 -1.482394854616019e-01  1.061412744259584e+00  4.105415125429152e-04  5.864733693333044e-04 
 9.114999999999548e-01  1.793817783882260e+00  6.182215995027378e-03  3.110684413933547e-01 -1.236443223548087e-04 -1.489569749481587e-01  1.061361369694824e+00  4.102331916152755e-04  5.868431399758344e-04 
 9.119999999999547e-01  1.793810045912445e+00  6.189953964863913e-03  3.108496145060739e-01 -1.237990817511067e-04 -1.496739602263481e-01  1.061310104207229e+00  4.099255810720568e-04  5.872120663105581e-04 
 9.124999999999547e-01  1.793802320791017e+00  6.197679086313450e-03  3.106312925442887e-01 -1.239535841796591e-04 -1.503904436469764e-01  1.061258947308940e+00  4.096186776107570e-04  5.875801522469535e-04 
 9.129999999999546e-01  1.793794608469226e+00  6.205391408126561e-03  3.104134731628778e-01 -1.241078306154844e-04 -1.511064275435122e-01  1.061207898515631e+00  4.093124779531980e-04  5.879474016657528e-04 
 9.134999999999546e-01  1.793786908898642e+00  6.213090978731838e-03  3.101961540339557e-01 -1.242618220271552e-04 -1.518219142322655e-01  1.061156957346471e+00  4.090069788452760e-04  5.883138184192370e-04 
 9.139999999999545e-01  1.793779222031157e+00  6.220777846238996e-03  3.099793328467008e-01 -1.244155593768739e-04 -1.525369060125581e-01  1.061106123324092e+00  4.087021770567212e-04  5.886794063315216e-04 
 9.144999999999545e-01  1.793771547818975e+00  6.228452058441896e-03  3.097630073071801e-01 -1.245690436205010e-04 -1.532514051668995e-01  1.061055395974550e+00  4.083980693808530e-04  5.890441691988441e-04 
 9.149999999999544e-01  1.793763886214617e+00  6.236113662821584e-03  3.095471751381791e-01 -1.247222757076658e-04 -1.539654139611547e-01  1.061004774827294e+00  4.080946526343425e-04  5.894081107898445e-04 
 9.154999999999544e-01  1.793756237170911e+00  6.243762706549210e-03  3.093318340790348e-01 -1.248752565817871e-04 -1.546789346447118e-01  1.060954259415133e+00  4.077919236569794e-04  5.897712348458412e-04 
 9.159999999999543e-01  1.793748600640992e+00  6.251399236489011e-03  3.091169818854677e-01 -1.250279871801568e-04 -1.553919694506485e-01  1.060903849274196e+00  4.074898793114373e-04  5.901335450811071e-04 
 9.164999999999542e-01  1.793740976578301e+00  6.259023299201171e-03  3.089026163294183e-01 -1.251804684339816e-04 -1.561045205958952e-01  1.060853543943909e+00  4.071885164830460e-04  5.904950451831400e-04 
 9.169999999999542e-01  1.793733364936579e+00  6.266634940944697e-03  3.086887351988865e-01 -1.253327012684241e-04 -1.568165902813949e-01  1.060803342966954e+00  4.068878320795660e-04  5.908557388129273e-04 
 9.174999999999541e-01  1.793725765669864e+00  6.274234207680240e-03  3.084753362977694e-01 -1.254846866027143e-04 -1.575281806922649e-01  1.060753245889240e+00  4.065878230309642e-04  5.912156296052130e-04 
 9.179999999999541e-01  1.793718178732493e+00  6.281821145072894e-03  3.082624174457054e-01 -1.256364253501355e-04 -1.582392939979516e-01  1.060703252259874e+00  4.062884862891934e-04  5.915747211687544e-04 
 9.184999999999540e-01  1.793710604079093e+00  6.289395798494938e-03  3.080499764779173e-01 -1.257879184181424e-04 -1.589499323523872e-01  1.060653361631123e+00  4.059898188279760e-04  5.919330170865819e-04 
 9.189999999999540e-01  1.793703041664580e+00  6.296958213028551e-03  3.078380112450582e-01 -1.259391667084095e-04 -1.596600978941429e-01  1.060603573558389e+00  4.056918176425862e-04  5.922905209162521e-04 
 9.194999999999539e-01  1.793695491444161e+00  6.304508433468522e-03  3.076265196130606e-01 -1.260901711167828e-04 -1.603697927465791e-01  1.060553887600177e+00  4.053944797496422e-04  5.926472361900977e-04 
 9.199999999999539e-01  1.793687953373326e+00  6.312046504324918e-03  3.074154994629855e-01 -1.262409325334876e-04 -1.610790190179959e-01  1.060504303318064e+00  4.050978021868927e-04  5.930031664154746e-04 
 9.204999999999538e-01  1.793680427407846e+00  6.319572469825668e-03  3.072049486908745e-01 -1.263914518430873e-04 -1.617877788017801e-01  1.060454820276667e+00  4.048017820130124e-04  5.933583150750069e-04 
 9.209999999999537e-01  1.793672913503773e+00  6.327086373919175e-03  3.069948652076038e-01 -1.265417299245453e-04 -1.624960741765505e-01  1.060405438043619e+00  4.045064163073976e-04  5.937126856268278e-04 
 9.214999999999537e-01  1.793665411617436e+00  6.334588260276889e-03  3.067852469387390e-01 -1.266917676512741e-04 -1.632039072063036e-01  1.060356156189537e+00  4.042117021699624e-04  5.940662815048181e-04 
 9.219999999999536e-01  1.793657921705438e+00  6.342078172295833e-03  3.065760918243933e-01 -1.268415658912461e-04 -1.639112799405529e-01  1.060306974287990e+00  4.039176367209427e-04  5.944191061188415e-04 
 9.224999999999536e-01  1.793650443724653e+00  6.349556153101083e-03  3.063673978190860e-01 -1.269911255069381e-04 -1.646181944144712e-01  1.060257891915476e+00  4.036242171006968e-04  5.947711628549759e-04 
 9.229999999999535e-01  1.793642977632227e+00  6.357022245548257e-03  3.061591628916031e-01 -1.271404473554699e-04 -1.653246526490292e-01  1.060208908651392e+00  4.033314404695114e-04  5.951224550757449e-04 
 9.234999999999535e-01  1.793635523385570e+00  6.364476492225980e-03  3.059513850248609e-01 -1.272895322886047e-04 -1.660306566511307e-01  1.060160024078006e+00  4.030393040074123e-04  5.954729861203414e-04 
 9.239999999999534e-01  1.793628080942358e+00  6.371918935458242e-03  3.057440622157695e-01 -1.274383811528390e-04 -1.667362084137493e-01  1.060111237780429e+00  4.027478049139717e-04  5.958227593048540e-04 
 9.244999999999534e-01  1.793620650260530e+00  6.379349617306820e-03  3.055371924750985e-01 -1.275869947894026e-04 -1.674413099160616e-01  1.060062549346590e+00  4.024569404081222e-04  5.961717779224882e-04 
 9.249999999999533e-01  1.793613231298284e+00  6.386768579573633e-03  3.053307738273450e-01 -1.277353740343212e-04 -1.681459631235792e-01  1.060013958367207e+00  4.021667077279717e-04  5.965200452437828e-04 
 9.254999999999532e-01  1.793605824014075e+00  6.394175863803042e-03  3.051248043106026e-01 -1.278835197184996e-04 -1.688501699882780e-01  1.059965464435762e+00  4.018771041306217e-04  5.968675645168272e-04 
 9.259999999999532e-01  1.793598428366614e+00  6.401571511284196e-03  3.049192819764333e-01 -1.280314326677148e-04 -1.695539324487276e-01  1.059917067148478e+00  4.015881268919864e-04  5.972143389674721e-04 
 9.264999999999531e-01  1.793591044314866e+00  6.408955563053268e-03  3.047142048897363e-01 -1.281791137026922e-04 -1.702572524302195e-01  1.059868766104284e+00  4.012997733066116e-04  5.975603717995462e-04 
 9.269999999999531e-01  1.793583671818044e+00  6.416328059895716e-03  3.045095711286271e-01 -1.283265636391265e-04 -1.709601318448902e-01  1.059820560904801e+00  4.010120406875047e-04  5.979056661950550e-04 
 9.274999999999530e-01  1.793576310835611e+00  6.423689042348505e-03  3.043053787843082e-01 -1.284737832877789e-04 -1.716625725918477e-01  1.059772451154310e+00  4.007249263659541e-04  5.982502253143949e-04 
 9.279999999999530e-01  1.793568961327278e+00  6.431038550702293e-03  3.041016259609491e-01 -1.286207734544492e-04 -1.723645765572921e-01  1.059724436459727e+00  4.004384276913622e-04  5.985940522965496e-04 
 9.284999999999529e-01  1.793561623252997e+00  6.438376625003621e-03  3.038983107755632e-01 -1.287675349400663e-04 -1.730661456146382e-01  1.059676516430584e+00  4.001525420310738e-04  5.989371502592944e-04 
 9.289999999999529e-01  1.793554296572963e+00  6.445703305057047e-03  3.036954313578876e-01 -1.289140685407364e-04 -1.737672816246347e-01  1.059628690678998e+00  3.998672667702068e-04  5.992795222993946e-04 
 9.294999999999528e-01  1.793546981247613e+00  6.453018630427268e-03  3.034929858502655e-01 -1.290603750477362e-04 -1.744679864354815e-01  1.059580958819652e+00  3.995825993114895e-04  5.996211714927984e-04 
 9.299999999999528e-01  1.793539677237620e+00  6.460322640441196e-03  3.032909724075274e-01 -1.292064552476102e-04 -1.751682618829483e-01  1.059533320469769e+00  3.992985370750944e-04  5.999621008948329e-04 
 9.304999999999527e-01  1.793532384503890e+00  6.467615374190075e-03  3.030893891968768e-01 -1.293523099222052e-04 -1.758681097904878e-01  1.059485775249088e+00  3.990150774984778e-04  6.003023135403937e-04 
 9.309999999999526e-01  1.793525103007569e+00  6.474896870531478e-03  3.028882343977736e-01 -1.294979398486218e-04 -1.765675319693525e-01  1.059438322779845e+00  3.987322180362178e-04  6.006418124441357e-04 
 9.314999999999526e-01  1.793517832710030e+00  6.482167168091371e-03  3.026875062018240e-01 -1.296433457994087e-04 -1.772665302187039e-01  1.059390962686747e+00  3.984499561598605e-04  6.009806006006562e-04 
 9.319999999999525e-01  1.793510573572875e+00  6.489426305266104e-03  3.024872028126652e-01 -1.297885285425071e-04 -1.779651063257272e-01  1.059343694596946e+00  3.981682893577586e-04  6.013186809846833e-04 
 9.324999999999525e-01  1.793503325557936e+00  6.496674320224380e-03  3.022873224458569e-01 -1.299334888412856e-04 -1.786632620657393e-01  1.059296518140024e+00  3.978872151349200e-04  6.016560565512568e-04 
 9.329999999999524e-01  1.793496088627271e+00  6.503911250909227e-03  3.020878633287720e-01 -1.300782274545748e-04 -1.793609992022986e-01  1.059249432947969e+00  3.976067310128559e-04  6.019927302359066e-04 
 9.334999999999524e-01  1.793488862743160e+00  6.511137135039920e-03  3.018888237004881e-01 -1.302227451367988e-04 -1.800583194873117e-01  1.059202438655147e+00  3.973268345294279e-04  6.023287049548333e-04 
 9.339999999999523e-01  1.793481647868106e+00  6.518352010113910e-03  3.016902018116810e-01 -1.303670426378786e-04 -1.807552246611401e-01  1.059155534898290e+00  3.970475232387009e-04  6.026639836050819e-04 
 9.344999999999523e-01  1.793474443964831e+00  6.525555913408693e-03  3.014919959245190e-01 -1.305111207033846e-04 -1.814517164527057e-01  1.059108721316466e+00  3.967687947107936e-04  6.029985690647184e-04 
 9.349999999999522e-01  1.793467250996275e+00  6.532748881983717e-03  3.012942043125597e-01 -1.306549800745016e-04 -1.821477965795927e-01  1.059061997551066e+00  3.964906465317367e-04  6.033324641929980e-04 
 9.354999999999521e-01  1.793460068925597e+00  6.539930952682179e-03  3.010968252606450e-01 -1.307986214880638e-04 -1.828434667481531e-01  1.059015363245778e+00  3.962130763033247e-04  6.036656718305396e-04 
 9.359999999999521e-01  1.793452897716165e+00  6.547102162132926e-03  3.008998570648017e-01 -1.309420456766935e-04 -1.835387286536051e-01  1.058968818046564e+00  3.959360816429768e-04  6.039981947994891e-04 
 9.364999999999520e-01  1.793445737331566e+00  6.554262546752182e-03  3.007032980321391e-01 -1.310852533686901e-04 -1.842335839801353e-01  1.058922361601650e+00  3.956596601835952e-04  6.043300359036880e-04 
 9.369999999999520e-01  1.793438587735592e+00  6.561412142745414e-03  3.005071464807498e-01 -1.312282452881619e-04 -1.849280344009974e-01  1.058875993561494e+00  3.953838095734263e-04  6.046611979288385e-04 
 9.374999999999519e-01  1.793431448892248e+00  6.568550986109038e-03  3.003114007396120e-01 -1.313710221550399e-04 -1.856220815786092e-01  1.058829713578774e+00  3.951085274759231e-04  6.049916836426627e-04 
 9.379999999999519e-01  1.793424320765744e+00  6.575679112632219e-03  3.001160591484918e-01 -1.315135846851195e-04 -1.863157271646506e-01  1.058783521308365e+00  3.948338115696102e-04  6.053214957950641e-04 
 9.384999999999518e-01  1.793417203320497e+00  6.582796557898571e-03  2.999211200578468e-01 -1.316559335900677e-04 -1.870089728001586e-01  1.058737416407321e+00  3.945596595479482e-04  6.056506371182888e-04 
 9.389999999999518e-01  1.793410096521127e+00  6.589903357287879e-03  2.997265818287320e-01 -1.317980695774643e-04 -1.877018201156221e-01  1.058691398534857e+00  3.942860691192033e-04  6.059791103270776e-04 
 9.394999999999517e-01  1.793403000332457e+00  6.596999545977797e-03  2.995324428327046e-01 -1.319399933508644e-04 -1.883942707310758e-01  1.058645467352326e+00  3.940130380063127e-04  6.063069181188249e-04 
 9.399999999999517e-01  1.793395914719508e+00  6.604085158945509e-03  2.993387014517325e-01 -1.320817056098336e-04 -1.890863262561914e-01  1.058599622523203e+00  3.937405639467595e-04  6.066340631737293e-04 
 9.404999999999516e-01  1.793388839647504e+00  6.611160230969408e-03  2.991453560781015e-01 -1.322232070499335e-04 -1.897779882903708e-01  1.058553863713067e+00  3.934686446924401e-04  6.069605481549464e-04 
 9.409999999999515e-01  1.793381775081861e+00  6.618224796630705e-03  2.989524051143242e-01 -1.323644983627775e-04 -1.904692584228357e-01  1.058508190589583e+00  3.931972780095389e-04  6.072863757087385e-04 
 9.414999999999515e-01  1.793374720988196e+00  6.625278890315074e-03  2.987598469730515e-01 -1.325055802360794e-04 -1.911601382327165e-01  1.058462602822480e+00  3.929264616784044e-04  6.076115484646223e-04 
 9.419999999999514e-01  1.793367677332316e+00  6.632322546214252e-03  2.985676800769830e-01 -1.326464533536811e-04 -1.918506292891413e-01  1.058417100083537e+00  3.926561934934233e-04  6.079360690355155e-04 
 9.424999999999514e-01  1.793360644080222e+00  6.639355798327612e-03  2.983759028587792e-01 -1.327871183955595e-04 -1.925407331513232e-01  1.058371682046566e+00  3.923864712628991e-04  6.082599400178813e-04 
 9.429999999999513e-01  1.793353621198104e+00  6.646378680463751e-03  2.981845137609748e-01 -1.329275760379167e-04 -1.932304513686466e-01  1.058326348387389e+00  3.921172928089302e-04  6.085831639918717e-04 
 9.434999999999513e-01  1.793346608652346e+00  6.653391226242025e-03  2.979935112358931e-01 -1.330678269530899e-04 -1.939197854807529e-01  1.058281098783829e+00  3.918486559672910e-04  6.089057435214696e-04 
 9.439999999999512e-01  1.793339606409512e+00  6.660393469094094e-03  2.978028937455603e-01 -1.332078718097596e-04 -1.946087370176249e-01  1.058235932915684e+00  3.915805585873111e-04  6.092276811546287e-04 
 9.444999999999512e-01  1.793332614436360e+00  6.667385442265444e-03  2.976126597616234e-01 -1.333477112727965e-04 -1.952973074996697e-01  1.058190850464716e+00  3.913129985317614e-04  6.095489794234107e-04 
 9.449999999999511e-01  1.793325632699827e+00  6.674367178816898e-03  2.974228077652651e-01 -1.334873460034566e-04 -1.959854984378026e-01  1.058145851114631e+00  3.910459736767358e-04  6.098696408441233e-04 
 9.454999999999510e-01  1.793318661167037e+00  6.681338711626062e-03  2.972333362471227e-01 -1.336267766592694e-04 -1.966733113335279e-01  1.058100934551067e+00  3.907794819115368e-04  6.101896679174564e-04 
 9.459999999999510e-01  1.793311699805293e+00  6.688300073388869e-03  2.970442437072071e-01 -1.337660038941493e-04 -1.973607476790198e-01  1.058056100461572e+00  3.905135211385638e-04  6.105090631286135e-04 
 9.464999999999509e-01  1.793304748582080e+00  6.695251296620955e-03  2.968555286548218e-01 -1.339050283584026e-04 -1.980478089572033e-01  1.058011348535591e+00  3.902480892731982e-04  6.108278289474479e-04 
 9.469999999999509e-01  1.793297807465060e+00  6.702192413659169e-03  2.966671896084845e-01 -1.340438506988034e-04 -1.987344966418318e-01  1.057966678464449e+00  3.899831842436951e-04  6.111459678285893e-04 
 9.474999999999508e-01  1.793290876422075e+00  6.709123456662953e-03  2.964792250958473e-01 -1.341824715585110e-04 -1.994208121975665e-01  1.057922089941335e+00  3.897188039910719e-04  6.114634822115774e-04 
 9.479999999999508e-01  1.793283955421141e+00  6.716044457615776e-03  2.962916336536200e-01 -1.343208915771874e-04 -2.001067570800533e-01  1.057877582661289e+00  3.894549464690010e-04  6.117803745209878e-04 
 9.484999999999507e-01  1.793277044430449e+00  6.722955448326526e-03  2.961044138274925e-01 -1.344591113910248e-04 -2.007923327359993e-01  1.057833156321182e+00  3.891916096437009e-04  6.120966471665595e-04 
 9.489999999999507e-01  1.793270143418363e+00  6.729856460430885e-03  2.959175641720597e-01 -1.345971316327466e-04 -2.014775406032487e-01  1.057788810619702e+00  3.889287914938320e-04  6.124123025433194e-04 
 9.494999999999506e-01  1.793263252353419e+00  6.736747525392710e-03  2.957310832507455e-01 -1.347349529316200e-04 -2.021623821108569e-01  1.057744545257342e+00  3.886664900103907e-04  6.127273430317074e-04 
 9.499999999999506e-01  1.793256371204325e+00  6.743628674505368e-03  2.955449696357283e-01 -1.348725759134917e-04 -2.028468586791661e-01  1.057700359936382e+00  3.884047031966040e-04  6.130417709976999e-04 
 9.504999999999505e-01  1.793249499939956e+00  6.750499938893094e-03  2.953592219078686e-01 -1.350100012008776e-04 -2.035309717198770e-01  1.057656254360873e+00  3.881434290678300e-04  6.133555887929284e-04 
 9.509999999999504e-01  1.793242638529356e+00  6.757361349512303e-03  2.951738386566345e-01 -1.351472294128866e-04 -2.042147226361222e-01  1.057612228236628e+00  3.878826656514531e-04  6.136687987548026e-04 
 9.514999999999504e-01  1.793235786941733e+00  6.764212937152906e-03  2.949888184800312e-01 -1.352842611653318e-04 -2.048981128225376e-01  1.057568281271198e+00  3.876224109867851e-04  6.139814032066271e-04 
 9.519999999999503e-01  1.793228945146465e+00  6.771054732439632e-03  2.948041599845290e-01 -1.354210970706954e-04 -2.055811436653331e-01  1.057524413173868e+00  3.873626631249658e-04  6.142934044577198e-04 
 9.524999999999503e-01  1.793222113113090e+00  6.777886765833250e-03  2.946198617849926e-01 -1.355577377382122e-04 -2.062638165423637e-01  1.057480623655634e+00  3.871034201288630e-04  6.146048048035293e-04 
 9.529999999999502e-01  1.793215290811309e+00  6.784709067631919e-03  2.944359225046120e-01 -1.356941837738143e-04 -2.069461328231976e-01  1.057436912429197e+00  3.868446800729776e-04  6.149156065257475e-04 
 9.534999999999502e-01  1.793208478210987e+00  6.791521667972408e-03  2.942523407748333e-01 -1.358304357802625e-04 -2.076280938691860e-01  1.057393279208941e+00  3.865864410433448e-04  6.152258118924246e-04 
 9.539999999999501e-01  1.793201675282147e+00  6.798324596831312e-03  2.940691152352898e-01 -1.359664943570635e-04 -2.083097010335306e-01  1.057349723710926e+00  3.863287011374400e-04  6.155354231580835e-04 
 9.544999999999501e-01  1.793194881994970e+00  6.805117884026365e-03  2.938862445337354e-01 -1.361023601006081e-04 -2.089909556613507e-01  1.057306245652868e+00  3.860714584640842e-04  6.158444425638276e-04 
 9.549999999999500e-01  1.793188098319797e+00  6.811901559217584e-03  2.937037273259777e-01 -1.362380336040678e-04 -2.096718590897498e-01  1.057262844754132e+00  3.858147111433518e-04  6.161528723374542e-04 
 9.554999999999499e-01  1.793181324227124e+00  6.818675651908522e-03  2.935215622758106e-01 -1.363735154575260e-04 -2.103524126478827e-01  1.057219520735713e+00  3.855584573064754e-04  6.164607146935625e-04 
 9.559999999999499e-01  1.793174559687603e+00  6.825440191447456e-03  2.933397480549505e-01 -1.365088062479508e-04 -2.110326176570180e-01  1.057176273320229e+00  3.853026950957577e-04  6.167679718336610e-04 
 9.564999999999498e-01  1.793167804672040e+00  6.832195207028560e-03  2.931582833429706e-01 -1.366439065592084e-04 -2.117124754306050e-01  1.057133102231899e+00  3.850474226644788e-04  6.170746459462749e-04 
 9.569999999999498e-01  1.793161059151393e+00  6.838940727693091e-03  2.929771668272370e-01 -1.367788169721398e-04 -2.123919872743367e-01  1.057090007196540e+00  3.847926381768077e-04  6.173807392070526e-04 
 9.574999999999497e-01  1.793154323096773e+00  6.845676782330546e-03  2.927963972028453e-01 -1.369135380645328e-04 -2.130711544862124e-01  1.057046987941547e+00  3.845383398077136e-04  6.176862537788685e-04 
 9.579999999999497e-01  1.793147596479443e+00  6.852403399679812e-03  2.926159731725579e-01 -1.370480704111499e-04 -2.137499783566008e-01  1.057004044195882e+00  3.842845257428778e-04  6.179911918119288e-04 
 9.584999999999496e-01  1.793140879270810e+00  6.859120608330315e-03  2.924358934467420e-01 -1.371824145838044e-04 -2.144284601683021e-01  1.056961175690065e+00  3.840311941786077e-04  6.182955554438713e-04 
 9.589999999999496e-01  1.793134171442435e+00  6.865828436723119e-03  2.922561567433082e-01 -1.373165711512983e-04 -2.151066011966074e-01  1.056918382156156e+00  3.837783433217511e-04  6.185993467998684e-04 
 9.594999999999495e-01  1.793127472966024e+00  6.872526913152075e-03  2.920767617876490e-01 -1.374505406795262e-04 -2.157844027093621e-01  1.056875663327745e+00  3.835259713896100e-04  6.189025679927283e-04 
 9.599999999999494e-01  1.793120783813429e+00  6.879216065764896e-03  2.918977073125794e-01 -1.375843237314267e-04 -2.164618659670240e-01  1.056833018939944e+00  3.832740766098571e-04  6.192052211229932e-04 
 9.604999999999494e-01  1.793114103956647e+00  6.885895922564281e-03  2.917189920582772e-01 -1.377179208670587e-04 -2.171389922227219e-01  1.056790448729368e+00  3.830226572204542e-04  6.195073082790363e-04 
 9.609999999999493e-01  1.793107433367820e+00  6.892566511408973e-03  2.915406147722234e-01 -1.378513326436015e-04 -2.178157827223167e-01  1.056747952434126e+00  3.827717114695669e-04  6.198088315371622e-04 
 9.614999999999493e-01  1.793100772019232e+00  6.899227860014847e-03  2.913625742091450e-01 -1.379845596153687e-04 -2.184922387044573e-01  1.056705529793813e+00  3.825212376154860e-04  6.201097929616996e-04 
 9.619999999999492e-01  1.793094119883309e+00  6.905879995955967e-03  2.911848691309557e-01 -1.381176023338218e-04 -2.191683614006392e-01  1.056663180549492e+00  3.822712339265444e-04  6.204101946051010e-04 
 9.624999999999492e-01  1.793087476932617e+00  6.912522946665634e-03  2.910074983067000e-01 -1.382504613476679e-04 -2.198441520352614e-01  1.056620904443684e+00  3.820216986810386e-04  6.207100385080325e-04 
 9.629999999999491e-01  1.793080843139862e+00  6.919156739437441e-03  2.908304605124964e-01 -1.383831372027619e-04 -2.205196118256822e-01  1.056578701220359e+00  3.817726301671501e-04  6.210093266994701e-04 
 9.634999999999491e-01  1.793074218477891e+00  6.925781401426283e-03  2.906537545314808e-01 -1.385156304421833e-04 -2.211947419822755e-01  1.056536570624926e+00  3.815240266828657e-04  6.213080611967909e-04 
 9.639999999999490e-01  1.793067602919685e+00  6.932396959649397e-03  2.904773791537511e-01 -1.386479416063055e-04 -2.218695437084861e-01  1.056494512404215e+00  3.812758865359004e-04  6.216062440058660e-04 
 9.644999999999490e-01  1.793060996438365e+00  6.939003440987375e-03  2.903013331763130e-01 -1.387800712327053e-04 -2.225440182008835e-01  1.056452526306475e+00  3.810282080436221e-04  6.219038771211494e-04 
 9.649999999999489e-01  1.793054399007185e+00  6.945600872185155e-03  2.901256154030254e-01 -1.389120198563090e-04 -2.232181666492171e-01  1.056410612081351e+00  3.807809895329747e-04  6.222009625257679e-04 
 9.654999999999488e-01  1.793047810599534e+00  6.952189279853001e-03  2.899502246445458e-01 -1.390437880093159e-04 -2.238919902364693e-01  1.056368769479888e+00  3.805342293404015e-04  6.224975021916112e-04 
 9.659999999999488e-01  1.793041231188937e+00  6.958768690467527e-03  2.897751597182783e-01 -1.391753762212608e-04 -2.245654901389078e-01  1.056326998254506e+00  3.802879258117745e-04  6.227934980794186e-04 
 9.664999999999487e-01  1.793034660749049e+00  6.965339130372627e-03  2.896004194483195e-01 -1.393067850190208e-04 -2.252386675261397e-01  1.056285298159001e+00  3.800420773023159e-04  6.230889521388670e-04 
 9.669999999999487e-01  1.793028099253660e+00  6.971900625780470e-03  2.894260026654082e-01 -1.394380149268085e-04 -2.259115235611618e-01  1.056243668948526e+00  3.797966821765309e-04  6.233838663086547e-04 
 9.674999999999486e-01  1.793021546676684e+00  6.978453202772428e-03  2.892519082068714e-01 -1.395690664663177e-04 -2.265840594004133e-01  1.056202110379582e+00  3.795517388081300e-04  6.236782425165910e-04 
 9.679999999999486e-01  1.793015002992174e+00  6.984996887300051e-03  2.890781349165749e-01 -1.396999401565291e-04 -2.272562761938260e-01  1.056160622210014e+00  3.793072455799613e-04  6.239720826796757e-04 
 9.684999999999485e-01  1.793008468174305e+00  6.991531705185981e-03  2.889046816448715e-01 -1.398306365138977e-04 -2.279281750848754e-01  1.056119204198995e+00  3.790632008839374e-04  6.242653887041865e-04 
 9.689999999999485e-01  1.793001942197384e+00  6.998057682124892e-03  2.887315472485521e-01 -1.399611560523317e-04 -2.285997572106295e-01  1.056077856107013e+00  3.788196031209675e-04  6.245581624857596e-04 
 9.694999999999484e-01  1.792995425035841e+00  7.004574843684398e-03  2.885587305907951e-01 -1.400914992831861e-04 -2.292710237017992e-01  1.056036577695869e+00  3.785764507008865e-04  6.248504059094723e-04 
 9.699999999999483e-01  1.792988916664237e+00  7.011083215305983e-03  2.883862305411172e-01 -1.402216667152623e-04 -2.299419756827874e-01  1.055995368728662e+00  3.783337420423866e-04  6.251421208499247e-04 
 9.704999999999483e-01  1.792982417057254e+00  7.017582822305876e-03  2.882140459753250e-01 -1.403516588549189e-04 -2.306126142717368e-01  1.055954228969779e+00  3.780914755729495e-04  6.254333091713192e-04 
 9.709999999999482e-01  1.792975926189701e+00  7.024073689875973e-03  2.880421757754667e-01 -1.404814762059892e-04 -2.312829405805784e-01  1.055913158184886e+00  3.778496497287793e-04  6.257239727275409e-04 
 9.714999999999482e-01  1.792969444036509e+00  7.030555843084701e-03  2.878706188297847e-01 -1.406111192698151e-04 -2.319529557150785e-01  1.055872156140922e+00  3.776082629547350e-04  6.260141133622354e-04 
 9.719999999999481e-01  1.792962970572733e+00  7.037029306877902e-03  2.876993740326675e-01 -1.407405885453378e-04 -2.326226607748861e-01  1.055831222606082e+00  3.773673137042655e-04  6.263037329088880e-04 
 9.724999999999481e-01  1.792956505773548e+00  7.043494106079710e-03  2.875284402846042e-01 -1.408698845290421e-04 -2.332920568535797e-01  1.055790357349813e+00  3.771268004393435e-04  6.265928331908997e-04 
 9.729999999999480e-01  1.792950049614252e+00  7.049950265393389e-03  2.873578164921368e-01 -1.409990077149634e-04 -2.339611450387131e-01  1.055749560142804e+00  3.768867216304016e-04  6.268814160216639e-04 
 9.734999999999480e-01  1.792943602070260e+00  7.056397809402225e-03  2.871875015678146e-01 -1.411279585948055e-04 -2.346299264118614e-01  1.055708830756974e+00  3.766470757562661e-04  6.271694832046441e-04 
 9.739999999999479e-01  1.792937163117108e+00  7.062836762570319e-03  2.870174944301494e-01 -1.412567376578300e-04 -2.352984020486660e-01  1.055668168965466e+00  3.764078613040964e-04  6.274570365334465e-04 
 9.744999999999479e-01  1.792930732730452e+00  7.069267149243474e-03  2.868477940035704e-01 -1.413853453909597e-04 -2.359665730188794e-01  1.055627574542638e+00  3.761690767693204e-04  6.277440777918943e-04 
 9.749999999999478e-01  1.792924310886063e+00  7.075688993649985e-03  2.866783992183782e-01 -1.415137822787446e-04 -2.366344403864103e-01  1.055587047264050e+00  3.759307206555716e-04  6.280306087541049e-04 
 9.754999999999477e-01  1.792917897559828e+00  7.082102319901496e-03  2.865093090107029e-01 -1.416420488034448e-04 -2.373020052093657e-01  1.055546586906457e+00  3.756927914746297e-04  6.283166311845566e-04 
 9.759999999999477e-01  1.792911492727753e+00  7.088507151993767e-03  2.863405223224584e-01 -1.417701454449541e-04 -2.379692685400973e-01  1.055506193247803e+00  3.754552877463569e-04  6.286021468381674e-04 
 9.764999999999476e-01  1.792905096365956e+00  7.094903513807540e-03  2.861720381012999e-01 -1.418980726808905e-04 -2.386362314252419e-01  1.055465866067209e+00  3.752182079986391e-04  6.288871574603619e-04 
 9.769999999999476e-01  1.792898708450671e+00  7.101291429109292e-03  2.860038553005816e-01 -1.420258309865891e-04 -2.393028949057656e-01  1.055425605144966e+00  3.749815507673264e-04  6.291716647871430e-04 
 9.774999999999475e-01  1.792892328958245e+00  7.107670921552040e-03  2.858359728793124e-01 -1.421534208351088e-04 -2.399692600170064e-01  1.055385410262523e+00  3.747453145961709e-04  6.294556705451649e-04 
 9.779999999999475e-01  1.792885957865137e+00  7.114042014676140e-03  2.856683898021164e-01 -1.422808426972677e-04 -2.406353277887143e-01  1.055345281202483e+00  3.745094980367718e-04  6.297391764517978e-04 
 9.784999999999474e-01  1.792879595147920e+00  7.120404731910041e-03  2.855011050391886e-01 -1.424080970416075e-04 -2.413010992450950e-01  1.055305217748593e+00  3.742740996485144e-04  6.300221842152008e-04 
 9.789999999999474e-01  1.792873240783275e+00  7.126759096571070e-03  2.853341175662552e-01 -1.425351843344982e-04 -2.419665754048489e-01  1.055265219685734e+00  3.740391179985128e-04  6.303046955343879e-04 
 9.794999999999473e-01  1.792866894747997e+00  7.133105131866211e-03  2.851674263645325e-01 -1.426621050400617e-04 -2.426317572812146e-01  1.055225286799915e+00  3.738045516615541e-04  6.305867120992959e-04 
 9.799999999999472e-01  1.792860557018987e+00  7.139442860892813e-03  2.850010304206859e-01 -1.427888596202687e-04 -2.432966458820053e-01  1.055185418878263e+00  3.735703992200409e-04  6.308682355908525e-04 
 9.804999999999472e-01  1.792854227573257e+00  7.145772306639398e-03  2.848349287267901e-01 -1.429154485348694e-04 -2.439612422096530e-01  1.055145615709015e+00  3.733366592639345e-04  6.311492676810401e-04 
 9.809999999999471e-01  1.792847906387926e+00  7.152093491986361e-03  2.846691202802892e-01 -1.430418722414770e-04 -2.446255472612450e-01  1.055105877081512e+00  3.731033303907008e-04  6.314298100329642e-04 
 9.814999999999471e-01  1.792841593440222e+00  7.158406439706735e-03  2.845036040839577e-01 -1.431681311955604e-04 -2.452895620285642e-01  1.055066202786188e+00  3.728704112052546e-04  6.317098643009160e-04 
 9.819999999999470e-01  1.792835288707478e+00  7.164711172466897e-03  2.843383791458610e-01 -1.432942258504377e-04 -2.459532874981285e-01  1.055026592614566e+00  3.726379003199052e-04  6.319894321304380e-04 
 9.824999999999470e-01  1.792828992167134e+00  7.171007712827315e-03  2.841734444793166e-01 -1.434201566573243e-04 -2.466167246512280e-01  1.054987046359243e+00  3.724057963543020e-04  6.322685151583886e-04 
 9.829999999999469e-01  1.792822703796735e+00  7.177296083243249e-03  2.840087991028566e-01 -1.435459240652984e-04 -2.472798744639642e-01  1.054947563813894e+00  3.721740979353818e-04  6.325471150130033e-04 
 9.834999999999469e-01  1.792816423573929e+00  7.183576306065455e-03  2.838444420401891e-01 -1.436715285214260e-04 -2.479427379072874e-01  1.054908144773249e+00  3.719428036973151e-04  6.328252333139589e-04 
 9.839999999999468e-01  1.792810151476470e+00  7.189848403540922e-03  2.836803723201611e-01 -1.437969704706082e-04 -2.486053159470337e-01  1.054868789033102e+00  3.717119122814546e-04  6.331028716724346e-04 
 9.844999999999468e-01  1.792803887482213e+00  7.196112397813528e-03  2.835165889767200e-01 -1.439222503557339e-04 -2.492676095439638e-01  1.054829496390288e+00  3.714814223362805e-04  6.333800316911753e-04 
 9.849999999999467e-01  1.792797631569119e+00  7.202368310924781e-03  2.833530910488793e-01 -1.440473686176308e-04 -2.499296196537958e-01  1.054790266642688e+00  3.712513325173540e-04  6.336567149645485e-04 
 9.854999999999466e-01  1.792791383715246e+00  7.208616164814436e-03  2.831898775806793e-01 -1.441723256950939e-04 -2.505913472272469e-01  1.054751099589213e+00  3.710216414872610e-04  6.339329230786096e-04 
 9.859999999999466e-01  1.792785143898755e+00  7.214855981321254e-03  2.830269476211523e-01 -1.442971220249126e-04 -2.512527932100648e-01  1.054711995029800e+00  3.707923479155643e-04  6.342086576111579e-04 
 9.864999999999465e-01  1.792778912097908e+00  7.221087782183609e-03  2.828643002242863e-01 -1.444217580418364e-04 -2.519139585430665e-01  1.054672952765406e+00  3.705634504787531e-04  6.344839201317983e-04 
 9.869999999999465e-01  1.792772688291068e+00  7.227311589040205e-03  2.827019344489903e-01 -1.445462341786510e-04 -2.525748441621715e-01  1.054633972597999e+00  3.703349478601936e-04  6.347587122019976e-04 
 9.874999999999464e-01  1.792766472456693e+00  7.233527423430711e-03  2.825398493590580e-01 -1.446705508661369e-04 -2.532354509984385e-01  1.054595054330551e+00  3.701068387500787e-04  6.350330353751442e-04 
 9.879999999999464e-01  1.792760264573343e+00  7.239735306796414e-03  2.823780440231325e-01 -1.447947085331386e-04 -2.538957799781003e-01  1.054556197767030e+00  3.698791218453797e-04  6.353068911966076e-04 
 9.884999999999463e-01  1.792754064619675e+00  7.245935260480884e-03  2.822165175146740e-01 -1.449187076065020e-04 -2.545558320225956e-01  1.054517402712397e+00  3.696517958497993e-04  6.355802812037899e-04 
 9.889999999999463e-01  1.792747872574442e+00  7.252127305730631e-03  2.820552689119228e-01 -1.450425485111720e-04 -2.552156080486063e-01  1.054478668972593e+00  3.694248594737217e-04  6.358532069261884e-04 
 9.894999999999462e-01  1.792741688416493e+00  7.258311463695705e-03  2.818942972978676e-01 -1.451662316701435e-04 -2.558751089680895e-01  1.054439996354537e+00  3.691983114341670e-04  6.361256698854481e-04 
 9.899999999999461e-01  1.792735512124774e+00  7.264487755430369e-03  2.817336017602097e-01 -1.452897575045242e-04 -2.565343356883120e-01  1.054401384666115e+00  3.689721504547420e-04  6.363976715954184e-04 
 9.904999999999461e-01  1.792729343678327e+00  7.270656201893703e-03  2.815731813913320e-01 -1.454131264334718e-04 -2.571932891118817e-01  1.054362833716181e+00  3.687463752655965e-04  6.366692135622073e-04 
 9.909999999999460e-01  1.792723183056286e+00  7.276816823950240e-03  2.814130352882639e-01 -1.455363388742775e-04 -2.578519701367832e-01  1.054324343314538e+00  3.685209846033749e-04  6.369402972842381e-04 
 9.914999999999460e-01  1.792717030237881e+00  7.282969642370575e-03  2.812531625526496e-01 -1.456593952423729e-04 -2.585103796564082e-01  1.054285913271944e+00  3.682959772111706e-04  6.372109242523012e-04 
 9.919999999999459e-01  1.792710885202436e+00  7.289114677831982e-03  2.810935622907156e-01 -1.457822959512745e-04 -2.591685185595889e-01  1.054247543400097e+00  3.680713518384821e-04  6.374810959496082e-04 
 9.924999999999459e-01  1.792704747929365e+00  7.295251950919032e-03  2.809342336132385e-01 -1.459050414127014e-04 -2.598263877306289e-01  1.054209233511631e+00  3.678471072411670e-04  6.377508138518454e-04 
 9.929999999999458e-01  1.792698618398175e+00  7.301381482124156e-03  2.807751756355127e-01 -1.460276320364925e-04 -2.604839880493369e-01  1.054170983420111e+00  3.676232421813975e-04  6.380200794272267e-04 
 9.934999999999458e-01  1.792692496588467e+00  7.307503291848301e-03  2.806163874773193e-01 -1.461500682306618e-04 -2.611413203910558e-01  1.054132792940023e+00  3.673997554276163e-04  6.382888941365452e-04 
 9.939999999999457e-01  1.792686382479930e+00  7.313617400401476e-03  2.804578682628950e-01 -1.462723504014052e-04 -2.617983856266953e-01  1.054094661886774e+00  3.671766457544941e-04  6.385572594332241e-04 
 9.944999999999456e-01  1.792680276052343e+00  7.319723828003343e-03  2.802996171209001e-01 -1.463944789531352e-04 -2.624551846227630e-01  1.054056590076677e+00  3.669539119428838e-04  6.388251767633703e-04 
 9.949999999999456e-01  1.792674177285579e+00  7.325822594783834e-03  2.801416331843886e-01 -1.465164542884187e-04 -2.631117182413941e-01  1.054018577326953e+00  3.667315527797795e-04  6.390926475658229e-04 
 9.954999999999455e-01  1.792668086159595e+00  7.331913720783678e-03  2.799839155907775e-01 -1.466382768081018e-04 -2.637679873403824e-01  1.053980623455717e+00  3.665095670582737e-04  6.393596732722045e-04 
 9.959999999999455e-01  1.792662002654439e+00  7.337997225955004e-03  2.798264634818168e-01 -1.467599469112194e-04 -2.644239927732093e-01  1.053942728281980e+00  3.662879535775147e-04  6.396262553069707e-04 
 9.964999999999454e-01  1.792655926750248e+00  7.344073130161907e-03  2.796692760035592e-01 -1.468814649950509e-04 -2.650797353890751e-01  1.053904891625637e+00  3.660667111426646e-04  6.398923950874600e-04 
 9.969999999999454e-01  1.792649858427244e+00  7.350141453181010e-03  2.795123523063305e-01 -1.470028314551133e-04 -2.657352160329278e-01  1.053867113307465e+00  3.658458385648584e-04  6.401580940239420e-04 
 9.974999999999453e-01  1.792643797665739e+00  7.356202214702004e-03  2.793556915447004e-01 -1.471240466852305e-04 -2.663904355454922e-01  1.053829393149111e+00  3.656253346611625e-04  6.404233535196673e-04 
 9.979999999999453e-01  1.792637744446128e+00  7.362255434328212e-03  2.791992928774528e-01 -1.472451110774362e-04 -2.670453947632997e-01  1.053791730973094e+00  3.654051982545338e-04  6.406881749709150e-04 
 9.984999999999452e-01  1.792631698748895e+00  7.368301131577154e-03  2.790431554675575e-01 -1.473660250221123e-04 -2.677000945187161e-01  1.053754126602791e+00  3.651854281737797e-04  6.409525597670394e-04 
 9.989999999999452e-01  1.792625660554606e+00  7.374339325881066e-03  2.788872784821419e-01 -1.474867889078788e-04 -2.683545356399698e-01  1.053716579862439e+00  3.649660232535187e-04  6.412165092905183e-04 
 9.994999999999451e-01  1.792619629843915e+00  7.380370036587452e-03  2.787316610924615e-01 -1.476074031216967e-04 -2.690087189511819e-01  1.053679090577126e+00  3.647469823341398e-04  6.414800249169999e-04 
 9.999999999999450e-01  1.792613606597559e+00  7.386393282959605e-03  2.785763024738721e-01 -1.477278680488275e-04 -2.696626452723930e-01  1.053641658572780e+00  3.645283042617624e-04  6.417431080153498e-04 
 1.000499999999945e+00  1.792607590796357e+00  7.392409084177173e-03  2.784212018058026e-01 -1.478481840728671e-04 -2.703163154195908e-01  1.053604283676172e+00  3.643099878881997e-04  6.420057599476957e-04 
 1.000999999999945e+00  1.792601582421213e+00  7.398417459336636e-03  2.782663582717270e-01 -1.479683515757460e-04 -2.709697302047374e-01  1.053566965714906e+00  3.640920320709185e-04  6.422679820694729e-04 
 1.001499999999945e+00  1.792595581453113e+00  7.404418427451862e-03  2.781117710591359e-01 -1.480883709377434e-04 -2.716228904357984e-01  1.053529704517413e+00  3.638744356729996e-04  6.425297757294731e-04 
 1.001999999999945e+00  1.792589587873125e+00  7.410412007454613e-03  2.779574393595116e-01 -1.482082425375009e-04 -2.722757969167673e-01  1.053492499912946e+00  3.636571975631041e-04  6.427911422698834e-04 
 1.002499999999945e+00  1.792583601662401e+00  7.416398218195067e-03  2.778033623682982e-01 -1.483279667519877e-04 -2.729284504476949e-01  1.053455351731579e+00  3.634403166154301e-04  6.430520830263369e-04 
 1.002999999999945e+00  1.792577622802168e+00  7.422377078442300e-03  2.776495392848777e-01 -1.484475439566396e-04 -2.735808518247144e-01  1.053418259804189e+00  3.632237917096797e-04  6.433125993279524e-04 
 1.003499999999945e+00  1.792571651273741e+00  7.428348606884830e-03  2.774959693125419e-01 -1.485669745251855e-04 -2.742330018400674e-01  1.053381223962468e+00  3.630076217310207e-04  6.435726924973803e-04 
 1.003999999999945e+00  1.792565687058510e+00  7.434312822131087e-03  2.773426516584663e-01 -1.486862588297999e-04 -2.748849012821313e-01  1.053344244038904e+00  3.627918055700492e-04  6.438323638508450e-04 
 1.004499999999945e+00  1.792559730137946e+00  7.440269742709931e-03  2.771895855336848e-01 -1.488053972410752e-04 -2.755365509354447e-01  1.053307319866781e+00  3.625763421227545e-04  6.440916146981881e-04 
 1.004999999999945e+00  1.792553780493600e+00  7.446219387071115e-03  2.770367701530629e-01 -1.489243901279941e-04 -2.761879515807329e-01  1.053270451280174e+00  3.623612302904816e-04  6.443504463429120e-04 
 1.005499999999945e+00  1.792547838107101e+00  7.452161773585810e-03  2.768842047352727e-01 -1.490432378579848e-04 -2.768391039949335e-01  1.053233638113943e+00  3.621464689798963e-04  6.446088600822208e-04 
 1.005999999999944e+00  1.792541902960154e+00  7.458096920547056e-03  2.767318885027675e-01 -1.491619407969144e-04 -2.774900089512213e-01  1.053196880203726e+00  3.619320571029501e-04  6.448668572070633e-04 
 1.006499999999944e+00  1.792535975034546e+00  7.464024846170270e-03  2.765798206817568e-01 -1.492804993090749e-04 -2.781406672190343e-01  1.053160177385939e+00  3.617179935768443e-04  6.451244390021726e-04 
 1.006999999999944e+00  1.792530054312138e+00  7.469945568593714e-03  2.764280005021805e-01 -1.493989137572385e-04 -2.787910795640978e-01  1.053123529497764e+00  3.615042773239955e-04  6.453816067461105e-04 
 1.007499999999944e+00  1.792524140774868e+00  7.475859105878952e-03  2.762764271976853e-01 -1.495171845026441e-04 -2.794412467484488e-01  1.053086936377149e+00  3.612909072720011e-04  6.456383617113056e-04 
 1.007999999999944e+00  1.792518234404751e+00  7.481765476011334e-03  2.761251000055995e-01 -1.496353119049901e-04 -2.800911695304611e-01  1.053050397862803e+00  3.610778823536048e-04  6.458947051640948e-04 
 1.008499999999944e+00  1.792512335183877e+00  7.487664696900469e-03  2.759740181669089e-01 -1.497532963224690e-04 -2.807408486648689e-01  1.053013913794188e+00  3.608652015066628e-04  6.461506383647634e-04 
 1.008999999999944e+00  1.792506443094411e+00  7.493556786380674e-03  2.758231809262327e-01 -1.498711381117748e-04 -2.813902849027910e-01  1.052977484011517e+00  3.606528636741109e-04  6.464061625675846e-04 
 1.009499999999944e+00  1.792500558118596e+00  7.499441762211419e-03  2.756725875317989e-01 -1.499888376280817e-04 -2.820394789917556e-01  1.052941108355746e+00  3.604408678039284e-04  6.466612790208607e-04 
 1.009999999999944e+00  1.792494680238744e+00  7.505319642077814e-03  2.755222372354220e-01 -1.501063952251205e-04 -2.826884316757217e-01  1.052904786668571e+00  3.602292128491086e-04  6.469159889669595e-04 
 1.010499999999944e+00  1.792488809437246e+00  7.511190443591040e-03  2.753721292924786e-01 -1.502238112550819e-04 -2.833371436951045e-01  1.052868518792427e+00  3.600178977676238e-04  6.471702936423547e-04 
 1.010999999999944e+00  1.792482945696563e+00  7.517054184288786e-03  2.752222629618839e-01 -1.503410860687476e-04 -2.839856157867972e-01  1.052832304570474e+00  3.598069215223931e-04  6.474241942776640e-04 
 1.011499999999944e+00  1.792477088999231e+00  7.522910881635725e-03  2.750726375060692e-01 -1.504582200153870e-04 -2.846338486841957e-01  1.052796143846604e+00  3.595962830812505e-04  6.476776920976879e-04 
 1.011999999999944e+00  1.792471239327858e+00  7.528760553023913e-03  2.749232521909579e-01 -1.505752134428467e-04 -2.852818431172199e-01  1.052760036465424e+00  3.593859814169111e-04  6.479307883214481e-04 
 1.012499999999944e+00  1.792465396665123e+00  7.534603215773263e-03  2.747741062859446e-01 -1.506920666975373e-04 -2.859295998123363e-01  1.052723982272260e+00  3.591760155069429e-04  6.481834841622220e-04 
 1.012999999999944e+00  1.792459560993779e+00  7.540438887131947e-03  2.746251990638710e-01 -1.508087801244257e-04 -2.865771194925818e-01  1.052687981113151e+00  3.589663843337321e-04  6.484357808275829e-04 
 1.013499999999944e+00  1.792453732296649e+00  7.546267584276846e-03  2.744765298010038e-01 -1.509253540670219e-04 -2.872244028775843e-01  1.052652032834843e+00  3.587570868844529e-04  6.486876795194365e-04 
 1.013999999999944e+00  1.792447910556627e+00  7.552089324313976e-03  2.743280977770131e-01 -1.510417888674620e-04 -2.878714506835864e-01  1.052616137284785e+00  3.585481221510371e-04  6.489391814340564e-04 
 1.014499999999944e+00  1.792442095756676e+00  7.557904124278898e-03  2.741799022749498e-01 -1.511580848664734e-04 -2.885182636234664e-01  1.052580294311120e+00  3.583394891301421e-04  6.491902877621219e-04 
 1.014999999999944e+00  1.792436287879833e+00  7.563712001137134e-03  2.740319425812239e-01 -1.512742424033403e-04 -2.891648424067594e-01  1.052544503762692e+00  3.581311868231217e-04  6.494409996887528e-04 
 1.015499999999943e+00  1.792430486909200e+00  7.569512971784622e-03  2.738842179855840e-01 -1.513902618160007e-04 -2.898111877396798e-01  1.052508765489030e+00  3.579232142359961e-04  6.496913183935444e-04 
 1.015999999999943e+00  1.792424692827951e+00  7.575307053048069e-03  2.737367277810937e-01 -1.515061434409770e-04 -2.904573003251429e-01  1.052473079340349e+00  3.577155703794198e-04  6.499412450506058e-04 
 1.016499999999943e+00  1.792418905619329e+00  7.581094261685415e-03  2.735894712641119e-01 -1.516218876134318e-04 -2.911031808627850e-01  1.052437445167544e+00  3.575082542686539e-04  6.501907808285927e-04 
 1.016999999999943e+00  1.792413125266642e+00  7.586874614386209e-03  2.734424477342716e-01 -1.517374946671535e-04 -2.917488300489852e-01  1.052401862822189e+00  3.573012649235366e-04  6.504399268907421e-04 
 1.017499999999943e+00  1.792407351753271e+00  7.592648127772010e-03  2.732956564944584e-01 -1.518529649345707e-04 -2.923942485768854e-01  1.052366332156527e+00  3.570946013684530e-04  6.506886843949082e-04 
 1.017999999999943e+00  1.792401585062661e+00  7.598414818396819e-03  2.731490968507898e-01 -1.519682987467866e-04 -2.930394371364126e-01  1.052330853023472e+00  3.568882626323055e-04  6.509370544935969e-04 
 1.018499999999943e+00  1.792395825178325e+00  7.604174702747440e-03  2.730027681125954e-01 -1.520834964334958e-04 -2.936843964142974e-01  1.052295425276599e+00  3.566822477484877e-04  6.511850383339974e-04 
 1.018999999999943e+00  1.792390072083843e+00  7.609927797243898e-03  2.728566695923955e-01 -1.521985583231300e-04 -2.943291270940960e-01  1.052260048770146e+00  3.564765557548533e-04  6.514326370580188e-04 
 1.019499999999943e+00  1.792384325762862e+00  7.615674118239815e-03  2.727108006058814e-01 -1.523134847427748e-04 -2.949736298562086e-01  1.052224723359001e+00  3.562711856936887e-04  6.516798518023216e-04 
 1.019999999999943e+00  1.792378586199093e+00  7.621413682022799e-03  2.725651604718949e-01 -1.524282760181420e-04 -2.956179053779017e-01  1.052189448898711e+00  3.560661366116851e-04  6.519266836983518e-04 
 1.020499999999943e+00  1.792372853376316e+00  7.627146504814848e-03  2.724197485124091e-01 -1.525429324736871e-04 -2.962619543333256e-01  1.052154225245464e+00  3.558614075599105e-04  6.521731338723735e-04 
 1.020999999999943e+00  1.792367127278372e+00  7.632872602772720e-03  2.722745640525076e-01 -1.526574544325546e-04 -2.969057773935356e-01  1.052119052256093e+00  3.556569975937816e-04  6.524192034455025e-04 
 1.021499999999943e+00  1.792361407889171e+00  7.638591991988292e-03  2.721296064203658e-01 -1.527718422165772e-04 -2.975493752265113e-01  1.052083929788073e+00  3.554529057730375e-04  6.526648935337364e-04 
 1.021999999999943e+00  1.792355695192684e+00  7.644304688488977e-03  2.719848749472313e-01 -1.528860961463110e-04 -2.981927484971752e-01  1.052048857699510e+00  3.552491311617117e-04  6.529102052479889e-04 
 1.022499999999943e+00  1.792349989172950e+00  7.650010708238059e-03  2.718403689674041e-01 -1.530002165409938e-04 -2.988358978674123e-01  1.052013835849145e+00  3.550456728281057e-04  6.531551396941214e-04 
 1.022999999999943e+00  1.792344289814068e+00  7.655710067135096e-03  2.716960878182175e-01 -1.531142037186489e-04 -2.994788239960902e-01  1.051978864096344e+00  3.548425298447607e-04  6.533996979729734e-04 
 1.023499999999943e+00  1.792338597100201e+00  7.661402781016258e-03  2.715520308400201e-01 -1.532280579959883e-04 -3.001215275390761e-01  1.051943942301099e+00  3.546397012884336e-04  6.536438811803952e-04 
 1.023999999999943e+00  1.792332911015576e+00  7.667088865654719e-03  2.714081973761556e-01 -1.533417796884748e-04 -3.007640091492569e-01  1.051909070324019e+00  3.544371862400685e-04  6.538876904072782e-04 
 1.024499999999942e+00  1.792327231544484e+00  7.672768336760991e-03  2.712645867729451e-01 -1.534553691103155e-04 -3.014062694765577e-01  1.051874248026331e+00  3.542349837847719e-04  6.541311267395862e-04 
 1.024999999999942e+00  1.792321558671276e+00  7.678441209983327e-03  2.711211983796684e-01 -1.535688265744753e-04 -3.020483091679592e-01  1.051839475269875e+00  3.540330930117867e-04  6.543741912583849e-04 
 1.025499999999942e+00  1.792315892380365e+00  7.684107500908019e-03  2.709780315485448e-01 -1.536821523926910e-04 -3.026901288675175e-01  1.051804751917096e+00  3.538315130144654e-04  6.546168850398748e-04 
 1.025999999999942e+00  1.792310232656228e+00  7.689767225059808e-03  2.708350856347160e-01 -1.537953468754433e-04 -3.033317292163812e-01  1.051770077831047e+00  3.536302428902451e-04  6.548592091554192e-04 
 1.026499999999942e+00  1.792304579483400e+00  7.695420397902192e-03  2.706923599962276e-01 -1.539084103319988e-04 -3.039731108528096e-01  1.051735452875381e+00  3.534292817406242e-04  6.551011646715735e-04 
 1.026999999999942e+00  1.792298932846479e+00  7.701067034837797e-03  2.705498539940108e-01 -1.540213430704304e-04 -3.046142744121913e-01  1.051700876914348e+00  3.532286286711337e-04  6.553427526501172e-04 
 1.027499999999942e+00  1.792293292730122e+00  7.706707151208740e-03  2.704075669918646e-01 -1.541341453975553e-04 -3.052552205270608e-01  1.051666349812792e+00  3.530282827913154e-04  6.555839741480824e-04 
 1.027999999999942e+00  1.792287659119048e+00  7.712340762296931e-03  2.702654983564385e-01 -1.542468176190456e-04 -3.058959498271167e-01  1.051631871436145e+00  3.528282432146950e-04  6.558248302177821e-04 
 1.028499999999942e+00  1.792282031998034e+00  7.717967883324439e-03  2.701236474572153e-01 -1.543593600393176e-04 -3.065364629392393e-01  1.051597441650431e+00  3.526285090587601e-04  6.560653219068396e-04 
 1.028999999999942e+00  1.792276411351919e+00  7.723588529453844e-03  2.699820136664930e-01 -1.544717729616285e-04 -3.071767604875069e-01  1.051563060322251e+00  3.524290794449335e-04  6.563054502582176e-04 
 1.029499999999942e+00  1.792270797165599e+00  7.729202715788523e-03  2.698405963593669e-01 -1.545840566880285e-04 -3.078168430932156e-01  1.051528727318789e+00  3.522299534985491e-04  6.565452163102479e-04 
 1.029999999999942e+00  1.792265189424028e+00  7.734810457373058e-03  2.696993949137146e-01 -1.546962115194436e-04 -3.084567113748925e-01  1.051494442507804e+00  3.520311303488308e-04  6.567846210966564e-04 
 1.030499999999942e+00  1.792259588112222e+00  7.740411769193501e-03  2.695584087101771e-01 -1.548082377555646e-04 -3.090963659483160e-01  1.051460205757627e+00  3.518326091288658e-04  6.570236656465939e-04 
 1.030999999999942e+00  1.792253993215251e+00  7.746006666177729e-03  2.694176371321426e-01 -1.549201356949789e-04 -3.097358074265306e-01  1.051426016937159e+00  3.516343889755818e-04  6.572623509846638e-04 
 1.031499999999942e+00  1.792248404718247e+00  7.751595163195773e-03  2.692770795657297e-01 -1.550319056350669e-04 -3.103750364198643e-01  1.051391875915865e+00  3.514364690297244e-04  6.575006781309488e-04 
 1.031999999999942e+00  1.792242822606397e+00  7.757177275060132e-03  2.691367353997710e-01 -1.551435478720567e-04 -3.110140535359451e-01  1.051357782563775e+00  3.512388484358334e-04  6.577386481010384e-04 
 1.032499999999942e+00  1.792237246864945e+00  7.762753016526118e-03  2.689966040257967e-01 -1.552550627011151e-04 -3.116528593797173e-01  1.051323736751475e+00  3.510415263422194e-04  6.579762619060560e-04 
 1.032999999999942e+00  1.792231677479192e+00  7.768322402292129e-03  2.688566848380177e-01 -1.553664504161528e-04 -3.122914545534572e-01  1.051289738350109e+00  3.508445019009424e-04  6.582135205526873e-04 
 1.033499999999941e+00  1.792226114434499e+00  7.773885447000034e-03  2.687169772333100e-01 -1.554777113100328e-04 -3.129298396567909e-01  1.051255787231371e+00  3.506477742677867e-04  6.584504250432053e-04 
 1.033999999999941e+00  1.792220557716277e+00  7.779442165235399e-03  2.685774806111979e-01 -1.555888456744592e-04 -3.135680152867082e-01  1.051221883267506e+00  3.504513426022406e-04  6.586869763754978e-04 
 1.034499999999941e+00  1.792215007309998e+00  7.784992571527887e-03  2.684381943738390e-01 -1.556998538000398e-04 -3.142059820375797e-01  1.051188026331302e+00  3.502552060674734e-04  6.589231755430942e-04 
 1.034999999999941e+00  1.792209463201189e+00  7.790536680351506e-03  2.682991179260075e-01 -1.558107359762306e-04 -3.148437405011729e-01  1.051154216296093e+00  3.500593638303131e-04  6.591590235351904e-04 
 1.035499999999941e+00  1.792203925375428e+00  7.796074506124944e-03  2.681602506750787e-01 -1.559214924914329e-04 -3.154812912666669e-01  1.051120453035749e+00  3.498638150612239e-04  6.593945213366760e-04 
 1.035999999999941e+00  1.792198393818356e+00  7.801606063211879e-03  2.680215920310141e-01 -1.560321236328821e-04 -3.161186349206683e-01  1.051086736424678e+00  3.496685589342865e-04  6.596296699281585e-04 
 1.036499999999941e+00  1.792192868515660e+00  7.807131365921266e-03  2.678831414063448e-01 -1.561426296868007e-04 -3.167557720472264e-01  1.051053066337820e+00  3.494735946271734e-04  6.598644702859913e-04 
 1.036999999999941e+00  1.792187349453088e+00  7.812650428507633e-03  2.677448982161568e-01 -1.562530109382454e-04 -3.173927032278498e-01  1.051019442650645e+00  3.492789213211299e-04  6.600989233822975e-04 
 1.037499999999941e+00  1.792181836616438e+00  7.818163265171414e-03  2.676068618780755e-01 -1.563632676712459e-04 -3.180294290415194e-01  1.050985865239150e+00  3.490845382009517e-04  6.603330301849947e-04 
 1.037999999999941e+00  1.792176329991564e+00  7.823669890059200e-03  2.674690318122508e-01 -1.564734001687287e-04 -3.186659500647054e-01  1.050952333979855e+00  3.488904444549639e-04  6.605667916578216e-04 
 1.038499999999941e+00  1.792170829564372e+00  7.829170317264076e-03  2.673314074413423e-01 -1.565834087125587e-04 -3.193022668713801e-01  1.050918848749800e+00  3.486966392750005e-04  6.608002087603600e-04 
 1.038999999999941e+00  1.792165335320824e+00  7.834664560825877e-03  2.671939881905034e-01 -1.566932935835180e-04 -3.199383800330361e-01  1.050885409426544e+00  3.485031218563825e-04  6.610332824480632e-04 
 1.039499999999941e+00  1.792159847246932e+00  7.840152634731503e-03  2.670567734873674e-01 -1.568030550613553e-04 -3.205742901186971e-01  1.050852015888158e+00  3.483098913978985e-04  6.612660136722784e-04 
 1.039999999999941e+00  1.792154365328763e+00  7.845634552915202e-03  2.669197627620331e-01 -1.569126934247503e-04 -3.212099976949357e-01  1.050818668013228e+00  3.481169471017833e-04  6.614984033802697e-04 
 1.040499999999941e+00  1.792148889552432e+00  7.851110329258847e-03  2.667829554470491e-01 -1.570222089513559e-04 -3.218455033258857e-01  1.050785365680845e+00  3.479242881736978e-04  6.617304525152446e-04 
 1.040999999999941e+00  1.792143419904112e+00  7.856579977592232e-03  2.666463509774004e-01 -1.571316019177635e-04 -3.224808075732577e-01  1.050752108770606e+00  3.477319138227097e-04  6.619621620163760e-04 
 1.041499999999941e+00  1.792137956370025e+00  7.862043511693343e-03  2.665099487904932e-01 -1.572408725994956e-04 -3.231159109963533e-01  1.050718897162613e+00  3.475398232612711e-04  6.621935328188281e-04 
 1.041999999999941e+00  1.792132498936443e+00  7.867500945288645e-03  2.663737483261416e-01 -1.573500212711451e-04 -3.237508141520787e-01  1.050685730737464e+00  3.473480157052013e-04  6.624245658537774e-04 
 1.042499999999940e+00  1.792127047589692e+00  7.872952292053360e-03  2.662377490265524e-01 -1.574590482061669e-04 -3.243855175949594e-01  1.050652609376256e+00  3.471564903736652e-04  6.626552620484376e-04 
 1.042999999999940e+00  1.792121602316147e+00  7.878397565611740e-03  2.661019503363122e-01 -1.575679536770513e-04 -3.250200218771531e-01  1.050619532960582e+00  3.469652464891548e-04  6.628856223260820e-04 
 1.043499999999940e+00  1.792116163102235e+00  7.883836779537346e-03  2.659663517023727e-01 -1.576767379553104e-04 -3.256543275484654e-01  1.050586501372519e+00  3.467742832774698e-04  6.631156476060676e-04 
 1.043999999999940e+00  1.792110729934432e+00  7.889269947353316e-03  2.658309525740369e-01 -1.577854013113597e-04 -3.262884351563614e-01  1.050553514494640e+00  3.465835999676963e-04  6.633453388038567e-04 
 1.044499999999940e+00  1.792105302799266e+00  7.894697082532633e-03  2.656957524029458e-01 -1.578939440146851e-04 -3.269223452459813e-01  1.050520572209998e+00  3.463931957921903e-04  6.635746968310407e-04 
 1.044999999999940e+00  1.792099881683314e+00  7.900118198498389e-03  2.655607506430642e-01 -1.580023663337107e-04 -3.275560583601531e-01  1.050487674402133e+00  3.462030699865572e-04  6.638037225953615e-04 
 1.045499999999940e+00  1.792094466573202e+00  7.905533308624082e-03  2.654259467506683e-01 -1.581106685359657e-04 -3.281895750394045e-01  1.050454820955060e+00  3.460132217896334e-04  6.640324170007339e-04 
 1.045999999999940e+00  1.792089057455605e+00  7.910942426233835e-03  2.652913401843307e-01 -1.582188508878965e-04 -3.288228958219798e-01  1.050422011753274e+00  3.458236504434672e-04  6.642607809472694e-04 
 1.046499999999940e+00  1.792083654317250e+00  7.916345564602696e-03  2.651569304049084e-01 -1.583269136549992e-04 -3.294560212438496e-01  1.050389246681745e+00  3.456343551933003e-04  6.644888153312959e-04 
 1.046999999999940e+00  1.792078257144909e+00  7.921742736956876e-03  2.650227168755294e-01 -1.584348571018121e-04 -3.300889518387262e-01  1.050356525625912e+00  3.454453352875502e-04  6.647165210453810e-04 
 1.047499999999940e+00  1.792072865925405e+00  7.927133956474016e-03  2.648886990615781e-01 -1.585426814918953e-04 -3.307216881380763e-01  1.050323848471685e+00  3.452565899777894e-04  6.649438989783542e-04 
 1.047999999999940e+00  1.792067480645609e+00  7.932519236283450e-03  2.647548764306847e-01 -1.586503870878164e-04 -3.313542306711325e-01  1.050291215105441e+00  3.450681185187307e-04  6.651709500153264e-04 
 1.048499999999940e+00  1.792062101292439e+00  7.937898589466461e-03  2.646212484527110e-01 -1.587579741512204e-04 -3.319865799649073e-01  1.050258625414017e+00  3.448799201682068e-04  6.653976750377121e-04 
 1.048999999999940e+00  1.792056727852863e+00  7.943272029056507e-03  2.644878145997367e-01 -1.588654429427461e-04 -3.326187365442071e-01  1.050226079284716e+00  3.446919941871525e-04  6.656240749232522e-04 
 1.049499999999940e+00  1.792051360313893e+00  7.948639568039519e-03  2.643545743460483e-01 -1.589727937221508e-04 -3.332507009316426e-01  1.050193576605295e+00  3.445043398395872e-04  6.658501505460332e-04 
 1.049999999999940e+00  1.792045998662592e+00  7.954001219354110e-03  2.642215271681259e-01 -1.590800267481721e-04 -3.338824736476417e-01  1.050161117263969e+00  3.443169563925985e-04  6.660759027765080e-04 
