 frequency              v(out)                 v(out)                 v(xdut.e)              v(xdut.e)              v(xdut.x)              v(xdut.x)              i(VIN)                 i(VIN)                
 1.000000000000000e+00  9.999382183481841e+03 -6.283678365191642e-04  3.088579016606250e-03 -1.941117811663746e-10  3.604747838307234e+01 -2.265516756924717e-06  2.847386827779487e-21  4.530582913550138e-14 
 1.023292992280754e+00  9.999382183481837e+03 -6.430044036846790e-04  3.088579016606249e-03 -1.986332253866863e-10  3.604747838307233e+01 -2.318287421255683e-06  2.981580034711990e-21  4.636113746382777e-14 
 1.047128548050899e+00  9.999382183481835e+03 -6.579819002961971e-04  3.088579016606249e-03 -2.032599875723197e-10  3.604747838307232e+01 -2.372287272263560e-06  3.122097572645516e-21  4.744102708089968e-14 
 1.071519305237606e+00  9.999382183481835e+03 -6.733082676206721e-04  3.088579016606249e-03 -2.079945208938278e-10  3.604747838307232e+01 -2.427544941384126e-06  3.269237498117535e-21  4.854607055848612e-14 
 1.096478196143185e+00  9.999382183481832e+03 -6.889916319009281e-04  3.088579016606247e-03 -2.128393356634468e-10  3.604747838307231e+01 -2.484089726964969e-06  3.423311914637368e-21  4.967685380526585e-14 
 1.122018454301963e+00  9.999382183481830e+03 -7.050403086643005e-04  3.088579016606246e-03 -2.177970006660963e-10  3.604747838307230e+01 -2.541951609799864e-06  3.584647634699572e-21  5.083397637748405e-14 
 1.148153621496882e+00  9.999382183481828e+03 -7.214628071316384e-04  3.088579016606246e-03 -2.228701445213830e-10  3.604747838307230e+01 -2.601161269024983e-06  3.753586872997054e-21  5.201805179684481e-14 
 1.174897554939529e+00  9.999382183481825e+03 -7.382678347290068e-04  3.088579016606245e-03 -2.280614570773301e-10  3.604747838307228e+01 -2.661750098385378e-06  3.930487972304320e-21  5.322970787580857e-14 
 1.202264434617413e+00  9.999382183481823e+03 -7.554643017044782e-04  3.088579016606244e-03 -2.333736908365698e-10  3.604747838307227e+01 -2.723750222880363e-06  4.115726163570545e-21  5.446958705046656e-14 
 1.230268770812381e+00  9.999382183481819e+03 -7.730613258524656e-04  3.088579016606243e-03 -2.388096624157571e-10  3.604747838307226e+01 -2.787194515796617e-06  4.309694361834722e-21  5.573834672116893e-14 
 1.258925411794167e+00  9.999382183481817e+03 -7.910682373480966e-04  3.088579016606243e-03 -2.443722540389767e-10  3.604747838307225e+01 -2.852116616138028e-06  4.512803999651140e-21  5.703665960108710e-14 
 1.288249551693134e+00  9.999382183481814e+03 -8.094945836941954e-04  3.088579016606242e-03 -2.500644150659371e-10  3.604747838307225e+01 -2.918550946461541e-06  4.725485899792990e-21  5.836521407289521e-14 
 1.318256738556407e+00  9.999382183481810e+03 -8.283501347834964e-04  3.088579016606240e-03 -2.558891635557591e-10  3.604747838307223e+01 -2.986532731128456e-06  4.948191189085232e-21  5.972471455375971e-14 
 1.348962882591653e+00  9.999382183481808e+03 -8.476448880787696e-04  3.088579016606240e-03 -2.618495878671920e-10  3.604747838307222e+01 -3.056098014980850e-06  5.181392255305071e-21  6.111588186883066e-14 
 1.380384264602885e+00  9.999382183481803e+03 -8.673890739136089e-04  3.088579016606238e-03 -2.679488482961011e-10  3.604747838307220e+01 -3.127283682453026e-06  5.425583749179773e-21  6.253945363343278e-14 
 1.412537544622754e+00  9.999382183481801e+03 -8.875931609166888e-04  3.088579016606237e-03 -2.741901787510991e-10  3.604747838307220e+01 -3.200127477128132e-06  5.681283633607171e-21  6.399618464415890e-14 
 1.445439770745927e+00  9.999382183481797e+03 -9.082678615623709e-04  3.088579016606237e-03 -2.805768884682069e-10  3.604747838307218e+01 -3.274668021750304e-06  5.949034282324409e-21  6.548684727907297e-14 
 1.479108388168207e+00  9.999382183481792e+03 -9.294241378505997e-04  3.088579016606235e-03 -2.871123637654546e-10  3.604747838307217e+01 -3.350944838702965e-06  6.229403630355380e-21  6.701223190723531e-14 
 1.513561248436208e+00  9.999382183481788e+03 -9.510732071191001e-04  3.088579016606234e-03 -2.938000698383523e-10  3.604747838307215e+01 -3.428998370964105e-06  6.522986378677030e-21  6.857314730776664e-14 
 1.548816618912481e+00  9.999382183481785e+03 -9.732265479909569e-04  3.088579016606233e-03 -3.006435525971820e-10  3.604747838307214e+01 -3.508870003549689e-06  6.830405255659869e-21  7.017042109867342e-14 
 1.584893192461113e+00  9.999382183481781e+03 -9.958959064607347e-04  3.088579016606231e-03 -3.076464405470865e-10  3.604747838307213e+01 -3.590602085456540e-06  7.152312337958349e-21  7.180490017566205e-14 
 1.621810097358929e+00  9.999382183481775e+03 -1.019093302122359e-03  3.088579016606230e-03 -3.148124467119511e-10  3.604747838307210e+01 -3.674237952116337e-06  7.489390433652856e-21  7.347745116117402e-14 
 1.659586907437560e+00  9.999382183481772e+03 -1.042831034542063e-03  3.088579016606228e-03 -3.221453706030978e-10  3.604747838307209e+01 -3.759821948372635e-06  7.842354530577209e-21  7.518896086388071e-14 
 1.698243652461743e+00  9.999382183481766e+03 -1.067121689779781e-03  3.088579016606227e-03 -3.296491002338361e-10  3.604747838307208e+01 -3.847399451993086e-06  8.211953312903701e-21  7.694033674888098e-14 
 1.737800828749374e+00  9.999382183481761e+03 -1.091978147062446e-03  3.088579016606225e-03 -3.373276141809403e-10  3.604747838307205e+01 -3.937016897729336e-06  8.598970749202621e-21  7.873250741885123e-14 
 1.778279410038922e+00  9.999382183481755e+03 -1.117413585612723e-03  3.088579016606223e-03 -3.451849836941419e-10  3.604747838307203e+01 -4.028721801937342e-06  9.004227755344693e-21  8.056642310640291e-14 
 1.819700858609982e+00  9.999382183481750e+03 -1.143441491636810e-03  3.088579016606222e-03 -3.532253748547616e-10  3.604747838307201e+01 -4.122562787771172e-06  9.428583935773690e-21  8.244305617790825e-14 
 1.862087136662866e+00  9.999382183481743e+03 -1.170075665474999e-03  3.088579016606220e-03 -3.614530507846198e-10  3.604747838307199e+01 -4.218589610963647e-06  9.872939406842733e-21  8.436340164906200e-14 
 1.905460717963246e+00  9.999382183481735e+03 -1.197330228918805e-03  3.088579016606217e-03 -3.698723739064008e-10  3.604747838307196e+01 -4.316853186207490e-06  1.033823670608173e-20  8.632847771245169e-14 
 1.949844599758044e+00  9.999382183481728e+03 -1.225219632698524e-03  3.088579016606215e-03 -3.784878082566665e-10  3.604747838307193e+01 -4.417405614150967e-06  1.082546279144587e-20  8.833932627741702e-14 
 1.995262314968878e+00  9.999382183481723e+03 -1.253758664145198e-03  3.088579016606213e-03 -3.873039218527482e-10  3.604747838307191e+01 -4.520300209022341e-06  1.133565113478574e-20  9.039701352248385e-14 
 2.041737944669527e+00  9.999382183481715e+03 -1.282962455031060e-03  3.088579016606211e-03 -3.963253891147697e-10  3.604747838307189e+01 -4.625591526897786e-06  1.186988391397971e-20  9.250263046066622e-14 
 2.089296130854037e+00  9.999382183481708e+03 -1.312846489592595e-03  3.088579016606209e-03 -4.055569933440867e-10  3.604747838307186e+01 -4.733335394627735e-06  1.242929430837830e-20  9.465729351793592e-14 
 2.137962089502230e+00  9.999382183481699e+03 -1.343426612740489e-03  3.088579016606206e-03 -4.150036292594560e-10  3.604747838307183e+01 -4.843588939437015e-06  1.301506890242947e-20  9.686214512516616e-14 
 2.187761623949550e+00  9.999382183481692e+03 -1.374719038460812e-03  3.088579016606204e-03 -4.246703055922811e-10  3.604747838307181e+01 -4.956410619214463e-06  1.362845020258337e-20  9.911835432386390e-14 
 2.238721138568337e+00  9.999382183481681e+03 -1.406740358411883e-03  3.088579016606201e-03 -4.345621477423071e-10  3.604747838307176e+01 -5.071860253508068e-06  1.427073927281509e-20  1.014271173860106e-13 
 2.290867652767770e+00  9.999382183481672e+03 -1.439507550721396e-03  3.088579016606198e-03 -4.446844004951762e-10  3.604747838307173e+01 -5.189999055242090e-06  1.494329849435581e-20  1.037896584483420e-13 
 2.344228815319919e+00  9.999382183481663e+03 -1.473037988988434e-03  3.088579016606195e-03 -4.550424308032815e-10  3.604747838307170e+01 -5.310889663172959e-06  1.564755445548597e-20  1.062072301614012e-13 
 2.398832919019488e+00  9.999382183481652e+03 -1.507349451495198e-03  3.088579016606191e-03 -4.656417306313977e-10  3.604747838307166e+01 -5.434596175101180e-06  1.638500097752040e-20  1.086811143537109e-13 
 2.454708915685027e+00  9.999382183481641e+03 -1.542460130633273e-03  3.088579016606188e-03 -4.764879198685911e-10  3.604747838307162e+01 -5.561184181856819e-06  1.715720228340347e-20  1.112126227114155e-13 
 2.511886431509577e+00  9.999382183481630e+03 -1.578388642549483e-03  3.088579016606184e-03 -4.875867493079624e-10  3.604747838307158e+01 -5.690720802076658e-06  1.796579631563584e-20  1.138030974737548e-13 
 2.570395782768860e+00  9.999382183481617e+03 -1.615154037016416e-03  3.088579016606181e-03 -4.989441036957899e-10  3.604747838307154e+01 -5.823274717791347e-06  1.881249821056993e-20  1.164539121447367e-13 
 2.630267991895378e+00  9.999382183481606e+03 -1.652775807532867e-03  3.088579016606177e-03 -5.105660048517032e-10  3.604747838307149e+01 -5.958916210841564e-06  1.969910393644421e-20  1.191664722213875e-13 
 2.691534803926912e+00  9.999382183481594e+03 -1.691273901659545e-03  3.088579016606174e-03 -5.224586148615288e-10  3.604747838307145e+01 -6.097717200142350e-06  2.062749410287257e-20  1.219422159389649e-13 
 2.754228703338163e+00  9.999382183481581e+03 -1.730668731595539e-03  3.088579016606169e-03 -5.346282393445112e-10  3.604747838307140e+01 -6.239751279815481e-06  2.159963794986941e-20  1.247826150335291e-13 
 2.818382931264450e+00  9.999382183481566e+03 -1.770981185001134e-03  3.088579016606165e-03 -5.470813307966353e-10  3.604747838307135e+01 -6.385093758210039e-06  2.261759752487184e-20  1.276891755222772e-13 
 2.884031503126602e+00  9.999382183481552e+03 -1.812232636072723e-03  3.088579016606161e-03 -5.598244920118251e-10  3.604747838307130e+01 -6.533821697831906e-06  2.368353205661862e-20  1.306634385020533e-13 
 2.951209226666381e+00  9.999382183481535e+03 -1.854444956875693e-03  3.088579016606155e-03 -5.728644795828328e-10  3.604747838307124e+01 -6.686013956203318e-06  2.479970253516395e-20  1.337069809664582e-13 
 3.019951720402012e+00  9.999382183481519e+03 -1.897640528941279e-03  3.088579016606151e-03 -5.862082074836730e-10  3.604747838307118e+01 -6.841751227674166e-06  2.596847650774040e-20  1.368214166419926e-13 
 3.090295432513586e+00  9.999382183481503e+03 -1.941842255133551e-03  3.088579016606145e-03 -5.998627507355039e-10  3.604747838307112e+01 -7.001116086207208e-06  2.719233310064406e-20  1.400083968436761e-13 
 3.162277660168374e+00  9.999382183481484e+03 -1.987073571792815e-03  3.088579016606140e-03 -6.138353491578967e-10  3.604747838307106e+01 -7.164193029159882e-06  2.847386827779376e-20  1.432696113505964e-13 
 3.235936569296277e+00  9.999382183481466e+03 -2.033358461161872e-03  3.088579016606134e-03 -6.281334112074845e-10  3.604747838307099e+01 -7.331068522085924e-06  2.981580034711870e-20  1.466067893018522e-13 
 3.311311214825905e+00  9.999382183481446e+03 -2.080721464101717e-03  3.088579016606128e-03 -6.427645179060228e-10  3.604747838307092e+01 -7.501831044580534e-06  3.122097572645384e-20  1.500217001133660e-13 
 3.388441561392020e+00  9.999382183481426e+03 -2.129187693103434e-03  3.088579016606122e-03 -6.577364268599492e-10  3.604747838307085e+01 -7.676571137193455e-06  3.269237498117393e-20  1.535161544160520e-13 
 3.467368504525310e+00  9.999382183481404e+03 -2.178782845603164e-03  3.088579016606115e-03 -6.730570763735672e-10  3.604747838307077e+01 -7.855381449434744e-06  3.423311914637212e-20  1.570920050158358e-13 
 3.548133892335748e+00  9.999382183481383e+03 -2.229533217607234e-03  3.088579016606109e-03 -6.887345896580422e-10  3.604747838307069e+01 -8.038356788898790e-06  3.584647634699402e-20  1.607511478760375e-13 
 3.630780547701007e+00  9.999382183481359e+03 -2.281465717634638e-03  3.088579016606101e-03 -7.047772791384336e-10  3.604747838307060e+01 -8.225594171532535e-06  3.753586872996866e-20  1.644955231226360e-13 
 3.715352290971718e+00  9.999382183481335e+03 -2.334607880984301e-03  3.088579016606094e-03 -7.211936508610543e-10  3.604747838307052e+01 -8.417192873074639e-06  3.930487972304114e-20  1.683271160729498e-13 
 3.801893963205605e+00  9.999382183481310e+03 -2.388987884334650e-03  3.088579016606086e-03 -7.379924090034878e-10  3.604747838307043e+01 -8.613254481692763e-06  4.115726163570321e-20  1.722479582882782e-13 
 3.890451449942799e+00  9.999382183481282e+03 -2.444634560683265e-03  3.088579016606077e-03 -7.551824604896591e-10  3.604747838307033e+01 -8.813882951846981e-06  4.309694361834479e-20  1.762601286510622e-13 
 3.981071705534965e+00  9.999382183481253e+03 -2.501577414634518e-03  3.088579016606068e-03 -7.727729197124035e-10  3.604747838307022e+01 -9.019184659407795e-06  4.512803999650871e-20  1.803657544671356e-13 
 4.073802778041119e+00  9.999382183481224e+03 -2.559846638043301e-03  3.088579016606060e-03 -7.907731133660379e-10  3.604747838307012e+01 -9.229268458058051e-06  4.725485899792695e-20  1.845670125936504e-13 
 4.168693834703346e+00  9.999382183481193e+03 -2.619473126023150e-03  3.088579016606050e-03 -8.091925853914985e-10  3.604747838307001e+01 -9.444245737008575e-06  4.948191189084907e-20  1.888661305932756e-13 
 4.265795188015918e+00  9.999382183481161e+03 -2.680488493327241e-03  3.088579016606040e-03 -8.280411020366632e-10  3.604747838306989e+01 -9.664230480058227e-06  5.181392255304715e-20  1.932653879152800e-13 
 4.365158322401651e+00  9.999382183481128e+03 -2.742925091110954e-03  3.088579016606030e-03 -8.473286570345477e-10  3.604747838306977e+01 -9.889339326029621e-06  5.425583749179386e-20  1.977671171041270e-13 
 4.466835921509622e+00  9.999382183481091e+03 -2.806816024084877e-03  3.088579016606018e-03 -8.670654769021117e-10  3.604747838306964e+01 -1.011969163061255e-05  5.681283633606742e-20  2.023737050362196e-13 
 4.570881896148741e+00  9.999382183481053e+03 -2.872195168067374e-03  3.088579016606007e-03 -8.872620263624979e-10  3.604747838306950e+01 -1.035540952964798e-05  5.949034282323946e-20  2.070875941854551e-13 
 4.677351412871972e+00  9.999382183481015e+03 -2.939097187945974e-03  3.088579016605995e-03 -9.079290138935623e-10  3.604747838306936e+01 -1.059661800388608e-05  6.229403630354875e-20  2.119112839182560e-13 
 4.786300923226373e+00  9.999382183480975e+03 -3.007557556057174e-03  3.088579016605982e-03 -9.290773974056542e-10  3.604747838306922e+01 -1.084344494525265e-05  6.522986378676478e-20  2.168473318187678e-13 
 4.897788193684452e+00  9.999382183480931e+03 -3.077612570994325e-03  3.088579016605969e-03 -9.507183900516432e-10  3.604747838306906e+01 -1.109602122465916e-05  6.830405255659266e-20  2.218983550449236e-13 
 5.011872336272712e+00  9.999382183480888e+03 -3.149299376853633e-03  3.088579016605955e-03 -9.728634661722826e-10  3.604747838306891e+01 -1.135448076139218e-05  7.152312337957687e-20  2.270670317160960e-13 
 5.128613839913638e+00  9.999382183480840e+03 -3.222655982928454e-03  3.088579016605941e-03 -9.955243673800567e-10  3.604747838306874e+01 -1.161896059411920e-05  7.489390433652132e-20  2.323561023330717e-13 
 5.248074602497715e+00  9.999382183480791e+03 -3.297721283862315e-03  3.088579016605926e-03 -1.018713108784738e-09  3.604747838306856e+01 -1.188960095354835e-05  7.842354530576414e-20  2.377683712311009e-13 
 5.370317963702516e+00  9.999382183480740e+03 -3.374535080271382e-03  3.088579016605910e-03 -1.042441985363958e-09  3.604747838306837e+01 -1.216654533678053e-05  8.211953312902835e-20  2.433067080667931e-13 
 5.495408738576233e+00  9.999382183480688e+03 -3.453138099847259e-03  3.088579016605893e-03 -1.066723578482169e-09  3.604747838306818e+01 -1.244994058339354e-05  8.598970749201670e-20  2.489740493396473e-13 
 5.623413251903478e+00  9.999382183480631e+03 -3.533572018951359e-03  3.088579016605877e-03 -1.091570762561447e-09  3.604747838306798e+01 -1.273993695329830e-05  9.004227755343651e-20  2.547733999490224e-13 
 5.754399373371556e+00  9.999382183480571e+03 -3.615879484712260e-03  3.088579016605857e-03 -1.116996711907681e-09  3.604747838306776e+01 -1.303668820640870e-05  9.428583935772553e-20  2.607078347873749e-13 
 5.888436553555876e+00  9.999382183480511e+03 -3.700104137637778e-03  3.088579016605839e-03 -1.143014907695767e-09  3.604747838306755e+01 -1.334035168416709e-05  9.872939406841487e-20  2.667805003706076e-13 
 6.025595860743564e+00  9.999382183480446e+03 -3.786290634753736e-03  3.088579016605819e-03 -1.169639145117504e-09  3.604747838306731e+01 -1.365108839296885e-05  1.033823670608037e-19  2.729946165063943e-13 
 6.165950018614807e+00  9.999382183480378e+03 -3.874484673281720e-03  3.088579016605798e-03 -1.196883540695986e-09  3.604747838306707e+01 -1.396906308953007e-05  1.082546279144437e-19  2.793534780013632e-13 
 6.309573444801917e+00  9.999382183480308e+03 -3.964733014868343e-03  3.088579016605776e-03 -1.224762539770370e-09  3.604747838306681e+01 -1.429444436824376e-05  1.133565113478411e-19  2.858604564080487e-13 
 6.456542290346539e+00  9.999382183480233e+03 -4.057083510378891e-03  3.088579016605753e-03 -1.253290924154989e-09  3.604747838306655e+01 -1.462740475057082e-05  1.186988391397792e-19  2.925190018125320e-13 
 6.606934480075944e+00  9.999382183480157e+03 -4.151585125268491e-03  3.088579016605730e-03 -1.282483819976861e-09  3.604747838306627e+01 -1.496812077651322e-05  1.242929430837634e-19  2.993326446637230e-13 
 6.760829753919801e+00  9.999382183480075e+03 -4.248287965544229e-03  3.088579016605704e-03 -1.312356705695763e-09  3.604747838306597e+01 -1.531677309821782e-05  1.301506890242732e-19  3.063049976452503e-13 
 6.918309709189348e+00  9.999382183479989e+03 -4.347243304332034e-03  3.088579016605678e-03 -1.342925420311119e-09  3.604747838306567e+01 -1.567354657576053e-05  1.362845020258101e-19  3.134397575909549e-13 
 7.079457843841362e+00  9.999382183479900e+03 -4.448503609062360e-03  3.088579016605651e-03 -1.374206171760042e-09  3.604747838306535e+01 -1.603863037516162e-05  1.427073927281251e-19  3.207407074449995e-13 
 7.244359600749883e+00  9.999382183479807e+03 -4.552122569289115e-03  3.088579016605622e-03 -1.406215545511000e-09  3.604747838306501e+01 -1.641221806868397e-05  1.494329849435298e-19  3.282117182676364e-13 
 7.413102413009157e+00  9.999382183479709e+03 -4.658155125156566e-03  3.088579016605592e-03 -1.438970513357650e-09  3.604747838306466e+01 -1.679450773746772e-05  1.564755445548287e-19  3.358567512876943e-13 
 7.585775750291819e+00  9.999382183479607e+03 -4.766657496529345e-03  3.088579016605560e-03 -1.472488442417508e-09  3.604747838306429e+01 -1.718570207655545e-05  1.638500097751700e-19  3.436798600028742e-13 
 7.762471166286898e+00  9.999382183479500e+03 -4.877687212800949e-03  3.088579016605527e-03 -1.506787104340222e-09  3.604747838306390e+01 -1.758600850236380e-05  1.715720228339976e-19  3.516851923289680e-13 
 7.943282347242794e+00  9.999382183479387e+03 -4.991303143396598e-03  3.088579016605492e-03 -1.541884684730341e-09  3.604747838306350e+01 -1.799563926265843e-05  1.796579631563176e-19  3.598769927991381e-13 
 8.128305161640972e+00  9.999382183479271e+03 -5.107565528986579e-03  3.088579016605456e-03 -1.577799792789559e-09  3.604747838306307e+01 -1.841481154909055e-05  1.881249821056547e-19  3.682596048144251e-13 
 8.317637711026689e+00  9.999382183479147e+03 -5.226536013426646e-03  3.088579016605418e-03 -1.614551471183563e-09  3.604747838306263e+01 -1.884374761235483e-05  1.969910393643932e-19  3.768374729466765e-13 
 8.511380382023743e+00  9.999382183479020e+03 -5.348277676442408e-03  3.088579016605379e-03 -1.652159206138700e-09  3.604747838306217e+01 -1.928267488002965e-05  2.062749410286721e-19  3.856151452951174e-13 
 8.709635899560784e+00  9.999382183478885e+03 -5.472855067075036e-03  3.088579016605337e-03 -1.690642937773843e-09  3.604747838306169e+01 -1.973182607716220e-05  2.159963794986353e-19  3.945972758978131e-13 
 8.912509381337431e+00  9.999382183478743e+03 -5.600334237906021e-03  3.088579016605293e-03 -1.730023070672896e-09  3.604747838306118e+01 -2.019143934966244e-05  2.261759752486538e-19  4.037886271993017e-13 
 9.120108393559072e+00  9.999382183478594e+03 -5.730782780079123e-03  3.088579016605247e-03 -1.770320484703580e-09  3.604747838306064e+01 -2.066175839057113e-05  2.368353205661155e-19  4.131940725757051e-13 
 9.332543007969884e+00  9.999382183478439e+03 -5.864269859138092e-03  3.088579016605200e-03 -1.811556546088213e-09  3.604747838306008e+01 -2.114303256926917e-05  2.479970253515620e-19  4.228185989186579e-13 
 9.549925860214332e+00  9.999382183478278e+03 -6.000866251699159e-03  3.088579016605150e-03 -1.853753118732365e-09  3.604747838305950e+01 -2.163551706369655e-05  2.596847650773191e-19  4.326673092794225e-13 
 9.772372209558078e+00  9.999382183478108e+03 -6.140644382977722e-03  3.088579016605097e-03 -1.896932575817390e-09  3.604747838305889e+01 -2.213947299565098e-05  2.719233310063475e-19  4.427454255745952e-13 
 9.999999999999970e+00  9.999382183477930e+03 -6.283678365189165e-03  3.088579016605042e-03 -1.941117811662981e-09  3.604747838305824e+01 -2.265516756923824e-05  2.847386827778356e-19  4.530582913548353e-13 
 1.023292992280751e+01  9.999382183477745e+03 -6.430044036844140e-03  3.088579016604984e-03 -1.986332253866044e-09  3.604747838305757e+01 -2.318287421254727e-05  2.981580034710752e-19  4.636113746380865e-13 
 1.047128548050896e+01  9.999382183477550e+03 -6.579819002959130e-03  3.088579016604924e-03 -2.032599875722319e-09  3.604747838305687e+01 -2.372287272262536e-05  3.122097572644159e-19  4.744102708087920e-13 
 1.071519305237603e+01  9.999382183477344e+03 -6.733082676203679e-03  3.088579016604861e-03 -2.079945208937339e-09  3.604747838305613e+01 -2.427544941383029e-05  3.269237498116049e-19  4.854607055846417e-13 
 1.096478196143182e+01  9.999382183477133e+03 -6.889916319006026e-03  3.088579016604796e-03 -2.128393356633463e-09  3.604747838305537e+01 -2.484089726963796e-05  3.423311914635742e-19  4.967685380524238e-13 
 1.122018454301960e+01  9.999382183476910e+03 -7.050403086639516e-03  3.088579016604727e-03 -2.177970006659886e-09  3.604747838305457e+01 -2.541951609798607e-05  3.584647634697788e-19  5.083397637745890e-13 
 1.148153621496879e+01  9.999382183476675e+03 -7.214628071312646e-03  3.088579016604655e-03 -2.228701445212676e-09  3.604747838305372e+01 -2.601161269023635e-05  3.753586872995099e-19  5.201805179681787e-13 
 1.174897554939526e+01  9.999382183476429e+03 -7.382678347286059e-03  3.088579016604579e-03 -2.280614570772063e-09  3.604747838305283e+01 -2.661750098383933e-05  3.930487972302174e-19  5.322970787577970e-13 
 1.202264434617409e+01  9.999382183476171e+03 -7.554643017040492e-03  3.088579016604499e-03 -2.333736908364373e-09  3.604747838305190e+01 -2.723750222878817e-05  4.115726163568195e-19  5.446958705043562e-13 
 1.230268770812378e+01  9.999382183475902e+03 -7.730613258520060e-03  3.088579016604415e-03 -2.388096624156151e-09  3.604747838305093e+01 -2.787194515794960e-05  4.309694361832148e-19  5.573834672113578e-13 
 1.258925411794163e+01  9.999382183475622e+03 -7.910682373476041e-03  3.088579016604329e-03 -2.443722540388246e-09  3.604747838304992e+01 -2.852116616136252e-05  4.512803999648317e-19  5.703665960105159e-13 
 1.288249551693130e+01  9.999382183475325e+03 -8.094945836936677e-03  3.088579016604238e-03 -2.500644150657740e-09  3.604747838304885e+01 -2.918550946459638e-05  4.725485899789895e-19  5.836521407285716e-13 
 1.318256738556403e+01  9.999382183475018e+03 -8.283501347829309e-03  3.088579016604143e-03 -2.558891635555845e-09  3.604747838304775e+01 -2.986532731126418e-05  4.948191189081838e-19  5.972471455371894e-13 
 1.348962882591649e+01  9.999382183474694e+03 -8.476448880781638e-03  3.088579016604042e-03 -2.618495878670049e-09  3.604747838304657e+01 -3.056098014978666e-05  5.181392255301350e-19  6.111588186878697e-13 
 1.380384264602880e+01  9.999382183474356e+03 -8.673890739129598e-03  3.088579016603938e-03 -2.679488482959005e-09  3.604747838304536e+01 -3.127283682450685e-05  5.425583749175693e-19  6.253945363338599e-13 
 1.412537544622749e+01  9.999382183474001e+03 -8.875931609159933e-03  3.088579016603829e-03 -2.741901787508842e-09  3.604747838304408e+01 -3.200127477125624e-05  5.681283633602698e-19  6.399618464410877e-13 
 1.445439770745922e+01  9.999382183473630e+03 -9.082678615616260e-03  3.088579016603714e-03 -2.805768884679768e-09  3.604747838304274e+01 -3.274668021747619e-05  5.949034282319511e-19  6.548684727901927e-13 
 1.479108388168202e+01  9.999382183473241e+03 -9.294241378498019e-03  3.088579016603593e-03 -2.871123637652081e-09  3.604747838304133e+01 -3.350944838700088e-05  6.229403630350012e-19  6.701223190717777e-13 
 1.513561248436203e+01  9.999382183472833e+03 -9.510732071182451e-03  3.088579016603467e-03 -2.938000698380882e-09  3.604747838303986e+01 -3.428998370961023e-05  6.522986378671144e-19  6.857314730770497e-13 
 1.548816618912476e+01  9.999382183472408e+03 -9.732265479900410e-03  3.088579016603336e-03 -3.006435525968990e-09  3.604747838303832e+01 -3.508870003546386e-05  6.830405255653419e-19  7.017042109860736e-13 
 1.584893192461108e+01  9.999382183471960e+03 -9.958959064597534e-03  3.088579016603197e-03 -3.076464405467833e-09  3.604747838303671e+01 -3.590602085453002e-05  7.152312337951279e-19  7.180490017559128e-13 
 1.621810097358924e+01  9.999382183471493e+03 -1.019093302121307e-02  3.088579016603053e-03 -3.148124467116262e-09  3.604747838303503e+01 -3.674237952112545e-05  7.489390433645103e-19  7.347745116109821e-13 
 1.659586907437554e+01  9.999382183471003e+03 -1.042831034540936e-02  3.088579016602902e-03 -3.221453706027497e-09  3.604747838303327e+01 -3.759821948368572e-05  7.842354530568710e-19  7.518896086379948e-13 
 1.698243652461738e+01  9.999382183470490e+03 -1.067121689778574e-02  3.088579016602744e-03 -3.296491002334634e-09  3.604747838303142e+01 -3.847399451988735e-05  8.211953312894388e-19  7.694033674879393e-13 
 1.737800828749369e+01  9.999382183469954e+03 -1.091978147061153e-02  3.088579016602578e-03 -3.373276141805408e-09  3.604747838302948e+01 -3.937016897724674e-05  8.598970749192410e-19  7.873250741875798e-13 
 1.778279410038916e+01  9.999382183469392e+03 -1.117413585611338e-02  3.088579016602404e-03 -3.451849836937140e-09  3.604747838302745e+01 -4.028721801932348e-05  9.004227755333501e-19  8.056642310630300e-13 
 1.819700858609976e+01  9.999382183468804e+03 -1.143441491635326e-02  3.088579016602222e-03 -3.532253748543032e-09  3.604747838302534e+01 -4.122562787765822e-05  9.428583935761425e-19  8.244305617780125e-13 
 1.862087136662860e+01  9.999382183468188e+03 -1.170075665473409e-02  3.088579016602032e-03 -3.614530507841287e-09  3.604747838302311e+01 -4.218589610957915e-05  9.872939406829287e-19  8.436340164894735e-13 
 1.905460717963240e+01  9.999382183467542e+03 -1.197330228917102e-02  3.088579016601833e-03 -3.698723739058745e-09  3.604747838302079e+01 -4.316853186201348e-05  1.033823670606699e-18  8.632847771232888e-13 
 1.949844599758038e+01  9.999382183466867e+03 -1.225219632696699e-02  3.088579016601624e-03 -3.784878082561027e-09  3.604747838301835e+01 -4.417405614144387e-05  1.082546279142972e-18  8.833932627728545e-13 
 1.995262314968872e+01  9.999382183466159e+03 -1.253758664143243e-02  3.088579016601406e-03 -3.873039218521443e-09  3.604747838301580e+01 -4.520300209015293e-05  1.133565113476803e-18  9.039701352234287e-13 
 2.041737944669521e+01  9.999382183465417e+03 -1.282962455028965e-02  3.088579016601177e-03 -3.963253891141227e-09  3.604747838301313e+01 -4.625591526890235e-05  1.186988391396030e-18  9.250263046051518e-13 
 2.089296130854031e+01  9.999382183464642e+03 -1.312846489590350e-02  3.088579016600937e-03 -4.055569933433933e-09  3.604747838301034e+01 -4.733335394619642e-05  1.242929430835701e-18  9.465729351777407e-13 
 2.137962089502224e+01  9.999382183463829e+03 -1.343426612738085e-02  3.088579016600686e-03 -4.150036292587132e-09  3.604747838300740e+01 -4.843588939428347e-05  1.301506890240614e-18  9.686214512499279e-13 
 2.187761623949544e+01  9.999382183462980e+03 -1.374719038458235e-02  3.088579016600423e-03 -4.246703055914853e-09  3.604747838300434e+01 -4.956410619205175e-05  1.362845020255779e-18  9.911835432367809e-13 
 2.238721138568331e+01  9.999382183462089e+03 -1.406740358409123e-02  3.088579016600148e-03 -4.345621477414544e-09  3.604747838300113e+01 -5.071860253498116e-05  1.427073927278705e-18  1.014271173858115e-12 
 2.290867652767764e+01  9.999382183461155e+03 -1.439507550718438e-02  3.088579016599861e-03 -4.446844004942626e-09  3.604747838299777e+01 -5.189999055231427e-05  1.494329849432506e-18  1.037896584481287e-12 
 2.344228815319913e+01  9.999382183460179e+03 -1.473037988985266e-02  3.088579016599558e-03 -4.550424308023026e-09  3.604747838299424e+01 -5.310889663161534e-05  1.564755445545226e-18  1.062072301611727e-12 
 2.398832919019481e+01  9.999382183459158e+03 -1.507349451491804e-02  3.088579016599243e-03 -4.656417306303488e-09  3.604747838299056e+01 -5.434596175088939e-05  1.638500097748344e-18  1.086811143534661e-12 
 2.454708915685020e+01  9.999382183458085e+03 -1.542460130629635e-02  3.088579016598912e-03 -4.764879198674673e-09  3.604747838298670e+01 -5.561184181843703e-05  1.715720228336296e-18  1.112126227111532e-12 
 2.511886431509570e+01  9.999382183456964e+03 -1.578388642545585e-02  3.088579016598565e-03 -4.875867493067581e-09  3.604747838298265e+01 -5.690720802062602e-05  1.796579631559142e-18  1.138030974734737e-12 
 2.570395782768853e+01  9.999382183455789e+03 -1.615154037012240e-02  3.088579016598202e-03 -4.989441036944998e-09  3.604747838297841e+01 -5.823274717776289e-05  1.881249821052123e-18  1.164539121444355e-12 
 2.630267991895371e+01  9.999382183454562e+03 -1.652775807528392e-02  3.088579016597823e-03 -5.105660048503209e-09  3.604747838297398e+01 -5.958916210825431e-05  1.969910393639082e-18  1.191664722210649e-12 
 2.691534803926904e+01  9.999382183453274e+03 -1.691273901654750e-02  3.088579016597425e-03 -5.224586148600476e-09  3.604747838296935e+01 -6.097717200125063e-05  2.062749410281402e-18  1.219422159386191e-12 
 2.754228703338154e+01  9.999382183451926e+03 -1.730668731590402e-02  3.088579016597009e-03 -5.346282393429241e-09  3.604747838296448e+01 -6.239751279796957e-05  2.159963794980523e-18  1.247826150331586e-12 
 2.818382931264442e+01  9.999382183450512e+03 -1.770981184995629e-02  3.088579016596572e-03 -5.470813307949347e-09  3.604747838295939e+01 -6.385093758190191e-05  2.261759752480146e-18  1.276891755218802e-12 
 2.884031503126593e+01  9.999382183449035e+03 -1.812232636066825e-02  3.088579016596116e-03 -5.598244920100030e-09  3.604747838295406e+01 -6.533821697810640e-05  2.368353205654147e-18  1.306634385016279e-12 
 2.951209226666373e+01  9.999382183447487e+03 -1.854444956869374e-02  3.088579016595638e-03 -5.728644795808805e-09  3.604747838294848e+01 -6.686013956180533e-05  2.479970253507937e-18  1.337069809660025e-12 
 3.019951720402003e+01  9.999382183445867e+03 -1.897640528934507e-02  3.088579016595137e-03 -5.862082074815812e-09  3.604747838294264e+01 -6.841751227649751e-05  2.596847650764766e-18  1.368214166415043e-12 
 3.090295432513577e+01  9.999382183444170e+03 -1.941842255126296e-02  3.088579016594613e-03 -5.998627507332625e-09  3.604747838293653e+01 -7.001116086181049e-05  2.719233310054237e-18  1.400083968431530e-12 
 3.162277660168365e+01  9.999382183442392e+03 -1.987073571785042e-02  3.088579016594064e-03 -6.138353491554952e-09  3.604747838293012e+01 -7.164193029131854e-05  2.847386827768229e-18  1.432696113500358e-12 
 3.235936569296268e+01  9.999382183440532e+03 -2.033358461153542e-02  3.088579016593489e-03 -6.281334112049112e-09  3.604747838292341e+01 -7.331068522055890e-05  2.981580034699647e-18  1.466067893012515e-12 
 3.311311214825896e+01  9.999382183438584e+03 -2.080721464092793e-02  3.088579016592887e-03 -6.427645179032659e-09  3.604747838291638e+01 -7.501831044548358e-05  3.122097572631985e-18  1.500217001127225e-12 
 3.388441561392010e+01  9.999382183436543e+03 -2.129187693093871e-02  3.088579016592256e-03 -6.577364268569949e-09  3.604747838290902e+01 -7.676571137158976e-05  3.269237498102699e-18  1.535161544153624e-12 
 3.467368504525301e+01  9.999382183434405e+03 -2.178782845592918e-02  3.088579016591597e-03 -6.730570763704018e-09  3.604747838290132e+01 -7.855381449397801e-05  3.423311914621104e-18  1.570920050150969e-12 
 3.548133892335738e+01  9.999382183432168e+03 -2.229533217596254e-02  3.088579016590905e-03 -6.887345896546505e-09  3.604747838289325e+01 -8.038356788859205e-05  3.584647634681739e-18  1.607511478752458e-12 
 3.630780547700997e+01  9.999382183429825e+03 -2.281465717622874e-02  3.088579016590182e-03 -7.047772791347996e-09  3.604747838288480e+01 -8.225594171490123e-05  3.753586872977502e-18  1.644955231217877e-12 
 3.715352290971708e+01  9.999382183427373e+03 -2.334607880971696e-02  3.088579016589424e-03 -7.211936508571604e-09  3.604747838287597e+01 -8.417192873029194e-05  3.930487972282883e-18  1.683271160720408e-12 
 3.801893963205595e+01  9.999382183424803e+03 -2.388987884321143e-02  3.088579016588630e-03 -7.379924089993154e-09  3.604747838286670e+01 -8.613254481644067e-05  4.115726163547041e-18  1.722479582873042e-12 
 3.890451449942788e+01  9.999382183422113e+03 -2.444634560668793e-02  3.088579016587799e-03 -7.551824604851887e-09  3.604747838285699e+01 -8.813882951794803e-05  4.309694361808954e-18  1.762601286500186e-12 
 3.981071705534954e+01  9.999382183419297e+03 -2.501577414619012e-02  3.088579016586929e-03 -7.727729197076133e-09  3.604747838284684e+01 -9.019184659351888e-05  4.512803999622887e-18  1.803657544660174e-12 
 4.073802778041109e+01  9.999382183416348e+03 -2.559846638026686e-02  3.088579016586018e-03 -7.907731133609052e-09  3.604747838283621e+01 -9.229268457998146e-05  4.725485899762012e-18  1.845670125924523e-12 
 4.168693834703335e+01  9.999382183413260e+03 -2.619473126005347e-02  3.088579016585064e-03 -8.091925853859988e-09  3.604747838282508e+01 -9.444245736944387e-05  4.948191189051265e-18  1.888661305919918e-12 
 4.265795188015907e+01  9.999382183410025e+03 -2.680488493308165e-02  3.088579016584066e-03 -8.280411020307705e-09  3.604747838281342e+01 -9.664230479989450e-05  5.181392255267828e-18  1.932653879139045e-12 
 4.365158322401639e+01  9.999382183406638e+03 -2.742925091090514e-02  3.088579016583019e-03 -8.473286570282335e-09  3.604747838280120e+01 -9.889339325955925e-05  5.425583749138940e-18  1.977671171026530e-12 
 4.466835921509610e+01  9.999382183403091e+03 -2.806816024062976e-02  3.088579016581923e-03 -8.670654768953463e-09  3.604747838278842e+01 -1.011969163053358e-04  5.681283633562398e-18  2.023737050346403e-12 
 4.570881896148729e+01  9.999382183399379e+03 -2.872195168043905e-02  3.088579016580776e-03 -8.872620263552482e-09  3.604747838277503e+01 -1.035540952956337e-04  5.949034282275322e-18  2.070875941837629e-12 
 4.677351412871960e+01  9.999382183395492e+03 -2.939097187920828e-02  3.088579016579576e-03 -9.079290138857944e-09  3.604747838276102e+01 -1.059661800379542e-04  6.229403630301562e-18  2.119112839164429e-12 
 4.786300923226361e+01  9.999382183391419e+03 -3.007557556030230e-02  3.088579016578317e-03 -9.290773973973309e-09  3.604747838274633e+01 -1.084344494515551e-04  6.522986378618024e-18  2.168473318168249e-12 
 4.897788193684438e+01  9.999382183387157e+03 -3.077612570965453e-02  3.088579016577001e-03 -9.507183900427243e-09  3.604747838273097e+01 -1.109602122455507e-04  6.830405255595170e-18  2.218983550428417e-12 
 5.011872336272698e+01  9.999382183382693e+03 -3.149299376822697e-02  3.088579016575622e-03 -9.728634661627260e-09  3.604747838271487e+01 -1.135448076128064e-04  7.152312337887407e-18  2.270670317138652e-12 
 5.128613839913623e+01  9.999382183378017e+03 -3.222655982895306e-02  3.088579016574178e-03 -9.955243673698170e-09  3.604747838269802e+01 -1.161896059399969e-04  7.489390433575079e-18  2.323561023306815e-12 
 5.248074602497700e+01  9.999382183373124e+03 -3.297721283826799e-02  3.088579016572665e-03 -1.018713108773766e-08  3.604747838268037e+01 -1.188960095342030e-04  7.842354530491929e-18  2.377683712285397e-12 
 5.370317963702501e+01  9.999382183367998e+03 -3.374535080233325e-02  3.088579016571082e-03 -1.042441985352202e-08  3.604747838266189e+01 -1.216654533664332e-04  8.211953312810198e-18  2.433067080640489e-12 
 5.495408738576219e+01  9.999382183362630e+03 -3.453138099806480e-02  3.088579016569424e-03 -1.066723578469572e-08  3.604747838264254e+01 -1.244994058324652e-04  8.598970749100101e-18  2.489740493367068e-12 
 5.623413251903463e+01  9.999382183357011e+03 -3.533572018907664e-02  3.088579016567688e-03 -1.091570762547949e-08  3.604747838262227e+01 -1.273993695314077e-04  9.004227755232285e-18  2.547733999458716e-12 
 5.754399373371541e+01  9.999382183351127e+03 -3.615879484665442e-02  3.088579016565870e-03 -1.116996711893218e-08  3.604747838260106e+01 -1.303668820623990e-04  9.428583935650444e-18  2.607078347839988e-12 
 5.888436553555861e+01  9.999382183344964e+03 -3.700104137587610e-02  3.088579016563967e-03 -1.143014907680270e-08  3.604747838257884e+01 -1.334035168398622e-04  9.872939406707600e-18  2.667805003669902e-12 
 6.025595860743547e+01  9.999382183338510e+03 -3.786290634699981e-02  3.088579016561973e-03 -1.169639145100898e-08  3.604747838255557e+01 -1.365108839277504e-04  1.033823670593357e-17  2.729946165025180e-12 
 6.165950018614791e+01  9.999382183331754e+03 -3.874484673224122e-02  3.088579016559886e-03 -1.196883540678193e-08  3.604747838253122e+01 -1.396906308932241e-04  1.082546279128342e-17  2.793534779972098e-12 
 6.309573444801901e+01  9.999382183324678e+03 -3.964733014806626e-02  3.088579016557700e-03 -1.224762539751305e-08  3.604747838250571e+01 -1.429444436802125e-04  1.133565113460762e-17  2.858604564035983e-12 
 6.456542290346522e+01  9.999382183317270e+03 -4.057083510312762e-02  3.088579016555411e-03 -1.253290924134560e-08  3.604747838247899e+01 -1.462740475033240e-04  1.186988391378441e-17  2.925190018077634e-12 
 6.606934480075925e+01  9.999382183309512e+03 -4.151585125197630e-02  3.088579016553015e-03 -1.282483819954971e-08  3.604747838245103e+01 -1.496812077625774e-04  1.242929430816415e-17  2.993326446586133e-12 
 6.760829753919782e+01  9.999382183301388e+03 -4.248287965468301e-02  3.088579016550505e-03 -1.312356705672308e-08  3.604747838242174e+01 -1.531677309794407e-04  1.301506890219467e-17  3.063049976397752e-12 
 6.918309709189329e+01  9.999382183292882e+03 -4.347243304250676e-02  3.088579016547879e-03 -1.342925420285986e-08  3.604747838239108e+01 -1.567354657546720e-04  1.362845020232592e-17  3.134397575850882e-12 
 7.079457843841342e+01  9.999382183283977e+03 -4.448503608975186e-02  3.088579016545127e-03 -1.374206171733113e-08  3.604747838235896e+01 -1.603863037484732e-04  1.427073927253282e-17  3.207407074387134e-12 
 7.244359600749863e+01  9.999382183274649e+03 -4.552122569195705e-02  3.088579016542246e-03 -1.406215545482145e-08  3.604747838232534e+01 -1.641221806834720e-04  1.494329849404630e-17  3.282117182609008e-12 
 7.413102413009136e+01  9.999382183264881e+03 -4.658155125056478e-02  3.088579016539228e-03 -1.438970513326731e-08  3.604747838229012e+01 -1.679450773710686e-04  1.564755445514662e-17  3.358567512804769e-12 
 7.585775750291798e+01  9.999382183254655e+03 -4.766657496422099e-02  3.088579016536069e-03 -1.472488442384378e-08  3.604747838225324e+01 -1.718570207616878e-04  1.638500097714831e-17  3.436798599951406e-12 
 7.762471166286876e+01  9.999382183243946e+03 -4.877687212686033e-02  3.088579016532761e-03 -1.506787104304723e-08  3.604747838221464e+01 -1.758600850194948e-04  1.715720228299550e-17  3.516851923206815e-12 
 7.943282347242773e+01  9.999382183232734e+03 -4.991303143273464e-02  3.088579016529298e-03 -1.541884684692303e-08  3.604747838217421e+01 -1.799563926221448e-04  1.796579631518850e-17  3.598769927902590e-12 
 8.128305161640949e+01  9.999382183220992e+03 -5.107565528854641e-02  3.088579016525670e-03 -1.577799792748802e-08  3.604747838213188e+01 -1.841481154861486e-04  1.881249821007945e-17  3.682596048049111e-12 
 8.317637711026666e+01  9.999382183208696e+03 -5.226536013285270e-02  3.088579016521872e-03 -1.614551471139890e-08  3.604747838208755e+01 -1.884374761184512e-04  1.969910393590641e-17  3.768374729364820e-12 
 8.511380382023719e+01  9.999382183195821e+03 -5.348277676290922e-02  3.088579016517895e-03 -1.652159206091905e-08  3.604747838204113e+01 -1.928267487948348e-04  2.062749410228289e-17  3.856151452841939e-12 
 8.709635899560760e+01  9.999382183182339e+03 -5.472855066912717e-02  3.088579016513730e-03 -1.690642937723701e-08  3.604747838199252e+01 -1.973182607657698e-04  2.159963794922286e-17  3.945972758861083e-12 
 8.912509381337408e+01  9.999382183168223e+03 -5.600334237732094e-02  3.088579016509369e-03 -1.730023070619167e-08  3.604747838194162e+01 -2.019143934903536e-04  2.261759752416290e-17  4.037886271867599e-12 
 9.120108393559049e+01  9.999382183153441e+03 -5.730782779892758e-02  3.088579016504802e-03 -1.770320484646009e-08  3.604747838188833e+01 -2.066175838989921e-04  2.368353205584131e-17  4.131940725622665e-12 
 9.332543007969861e+01  9.999382183137961e+03 -5.864269858938402e-02  3.088579016500020e-03 -1.811556546026526e-08  3.604747838183251e+01 -2.114303256854921e-04  2.479970253431166e-17  4.228185989042581e-12 
 9.549925860214309e+01  9.999382183121754e+03 -6.000866251485186e-02  3.088579016495014e-03 -1.853753118666266e-08  3.604747838177408e+01 -2.163551706292509e-04  2.596847650680589e-17  4.326673092639930e-12 
 9.772372209558054e+01  9.999382183104781e+03 -6.140644382748446e-02  3.088579016489771e-03 -1.896932575746564e-08  3.604747838171289e+01 -2.213947299482435e-04  2.719233309961939e-17  4.427454255580621e-12 
 9.999999999999946e+01  9.999382183087009e+03 -6.283678364943494e-02  3.088579016484281e-03 -1.941117811587090e-08  3.604747838164882e+01 -2.265516756835250e-04  2.847386827667026e-17  4.530582913371200e-12 
 1.023292992280749e+02  9.999382183068399e+03 -6.430044036580897e-02  3.088579016478532e-03 -1.986332253784725e-08  3.604747838158172e+01 -2.318287421159817e-04  2.981580034588680e-17  4.636113746191043e-12 
 1.047128548050894e+02  9.999382183048912e+03 -6.579819002677062e-02  3.088579016472512e-03 -2.032599875635184e-08  3.604747838151146e+01 -2.372287272160839e-04  3.122097572510311e-17  4.744102707884522e-12 
 1.071519305237600e+02  9.999382183028507e+03 -6.733082675901436e-02  3.088579016466208e-03 -2.079945208843971e-08  3.604747838143789e+01 -2.427544941274058e-04  3.269237497969287e-17  4.854607055628472e-12 
 1.096478196143179e+02  9.999382183007139e+03 -6.889916318682165e-02  3.088579016459607e-03 -2.128393356533417e-08  3.604747838136085e+01 -2.484089726847031e-04  3.423311914474820e-17  4.967685380290702e-12 
 1.122018454301957e+02  9.999382182984766e+03 -7.050403086292496e-02  3.088579016452696e-03 -2.177970006552686e-08  3.604747838128019e+01 -2.541951609673492e-04  3.584647634521343e-17  5.083397637495655e-12 
 1.148153621496876e+02  9.999382182961339e+03 -7.214628070940807e-02  3.088579016445459e-03 -2.228701445097809e-08  3.604747838119572e+01 -2.601161268889572e-04  3.753586872801630e-17  5.201805179413656e-12 
 1.174897554939523e+02  9.999382182936806e+03 -7.382678346887632e-02  3.088579016437881e-03 -2.280614570648984e-08  3.604747838110728e+01 -2.661750098240284e-04  3.930487972090045e-17  5.322970787290664e-12 
 1.202264434617406e+02  9.999382182911117e+03 -7.554643016613566e-02  3.088579016429945e-03 -2.333736908232489e-08  3.604747838101466e+01 -2.723750222724893e-04  4.115726163335599e-17  5.446958704735710e-12 
 1.230268770812374e+02  9.999382182884219e+03 -7.730613258062606e-02  3.088579016421636e-03 -2.388096624014836e-08  3.604747838091767e+01 -2.787194515630029e-04  4.309694361577112e-17  5.573834671783709e-12 
 1.258925411794160e+02  9.999382182856052e+03 -7.910682372985868e-02  3.088579016412935e-03 -2.443722540236825e-08  3.604747838081612e+01 -2.852116615959525e-04  4.512803999368676e-17  5.703665959751699e-12 
 1.288249551693126e+02  9.999382182826557e+03 -8.094945836411449e-02  3.088579016403823e-03 -2.500644150495490e-08  3.604747838070978e+01 -2.918550946270273e-04  4.725485899483277e-17  5.836521406906975e-12 
 1.318256738556399e+02  9.999382182795674e+03 -8.283501347266520e-02  3.088579016394284e-03 -2.558891635381992e-08  3.604747838059844e+01 -2.986532730923510e-04  4.948191188745641e-17  5.972471454966071e-12 
 1.348962882591645e+02  9.999382182763333e+03 -8.476448880178598e-02  3.088579016384293e-03 -2.618495878483761e-08  3.604747838048183e+01 -3.056098014761245e-04  5.181392254932716e-17  6.111588186443849e-12 
 1.380384264602876e+02  9.999382182729471e+03 -8.673890738483431e-02  3.088579016373832e-03 -2.679488482759396e-08  3.604747838035975e+01 -3.127283682217717e-04  5.425583748771499e-17  6.253945362872653e-12 
 1.412537544622746e+02  9.999382182694007e+03 -8.875931608467552e-02  3.088579016362877e-03 -2.741901787294956e-08  3.604747838023189e+01 -3.200127476875993e-04  5.681283633159508e-17  6.399618463911603e-12 
 1.445439770745919e+02  9.999382182656878e+03 -9.082678614874364e-02  3.088579016351407e-03 -2.805768884450585e-08  3.604747838009802e+01 -3.274668021480135e-04  5.949034281833564e-17  6.548684727366948e-12 
 1.479108388168198e+02  9.999382182617996e+03 -9.294241377703061e-02  3.088579016339396e-03 -2.871123637406507e-08  3.604747837995784e+01 -3.350944838413474e-04  6.229403629817181e-17  6.701223190144540e-12 
 1.513561248436199e+02  9.999382182577283e+03 -9.510732070330642e-02  3.088579016326819e-03 -2.938000698117746e-08  3.604747837981105e+01 -3.428998370653911e-04  6.522986378086913e-17  6.857314730156263e-12 
 1.548816618912472e+02  9.999382182534649e+03 -9.732265478987680e-02  3.088579016313649e-03 -3.006435525687035e-08  3.604747837965734e+01 -3.508870003217311e-04  6.830405255012822e-17  7.017042109202575e-12 
 1.584893192461104e+02  9.999382182490010e+03 -9.958959063619532e-02  3.088579016299859e-03 -3.076464405165715e-08  3.604747837949639e+01 -3.590602085100393e-04  7.152312337248883e-17  7.180490016853897e-12 
 1.621810097358920e+02  9.999382182443263e+03 -1.019093302016512e-01  3.088579016285419e-03 -3.148124466792536e-08  3.604747837932786e+01 -3.674237951734718e-04  7.489390432874943e-17  7.347745115354152e-12 
 1.659586907437551e+02  9.999382182394314e+03 -1.042831034428647e-01  3.088579016270297e-03 -3.221453705680620e-08  3.604747837915137e+01 -3.759821947963725e-04  7.842354529724250e-17  7.518896085570233e-12 
 1.698243652461734e+02  9.999382182343061e+03 -1.067121689658254e-01  3.088579016254465e-03 -3.296491001962947e-08  3.604747837896658e+01 -3.847399451554932e-04  8.211953311968452e-17  7.694033674011769e-12 
 1.737800828749365e+02  9.999382182289390e+03 -1.091978146932227e-01  3.088579016237884e-03 -3.373276141407138e-08  3.604747837877308e+01 -3.937016897259846e-04  8.598970748177143e-17  7.873250740946124e-12 
 1.778279410038912e+02  9.999382182233188e+03 -1.117413585473192e-01  3.088579016220523e-03 -3.451849836510388e-08  3.604747837857045e+01 -4.028721801434276e-04  9.004227754220284e-17  8.056642309634137e-12 
 1.819700858609972e+02  9.999382182174340e+03 -1.143441491487299e-01  3.088579016202344e-03 -3.532253748085757e-08  3.604747837835828e+01 -4.122562787232128e-04  9.428583934540805e-17  8.244305616712715e-12 
 1.862087136662855e+02  9.999382182112717e+03 -1.170075665314796e-01  3.088579016183307e-03 -3.614530507351307e-08  3.604747837813610e+01 -4.218589610386051e-04  9.872939405490905e-17  8.436340163750985e-12 
 1.905460717963235e+02  9.999382182048192e+03 -1.197330228747145e-01  3.088579016163375e-03 -3.698723738533724e-08  3.604747837790347e+01 -4.316853185588586e-04  1.033823670459949e-16  8.632847770007340e-12 
 1.949844599758032e+02  9.999382181980623e+03 -1.225219632514587e-01  3.088579016142502e-03 -3.784878081998457e-08  3.604747837765985e+01 -4.417405613487801e-04  1.082546278982063e-16  8.833932626415344e-12 
 1.995262314968867e+02  9.999382181909872e+03 -1.253758663948107e-01  3.088579016120646e-03 -3.873039217918639e-08  3.604747837740477e+01 -4.520300208311748e-04  1.133565113300371e-16  9.039701350827172e-12 
 2.041737944669516e+02  9.999382181835785e+03 -1.282962454819873e-01  3.088579016097760e-03 -3.963253890495311e-08  3.604747837713765e+01 -4.625591526136373e-04  1.186988391202576e-16  9.250263044543767e-12 
 2.089296130854026e+02  9.999382181758207e+03 -1.312846489366304e-01  3.088579016073795e-03 -4.055569932741823e-08  3.604747837685795e+01 -4.733335393811867e-04  1.242929430623584e-16  9.465729350161823e-12 
 2.137962089502218e+02  9.999382181676972e+03 -1.343426612498015e-01  3.088579016048700e-03 -4.150036291845521e-08  3.604747837656507e+01 -4.843588938562798e-04  1.301506890008031e-16  9.686214510768148e-12 
 2.187761623949538e+02  9.999382181591911e+03 -1.374719038200997e-01  3.088579016022424e-03 -4.246703055120205e-08  3.604747837625839e+01 -4.956410618277726e-04  1.362845020000759e-16  9.911835430512876e-12 
 2.238721138568325e+02  9.999382181502839e+03 -1.406740358133487e-01  3.088579015994908e-03 -4.345621476563064e-08  3.604747837593725e+01 -5.071860252504337e-04  1.427073926999081e-16  1.014271173659356e-11 
 2.290867652767758e+02  9.999382181409570e+03 -1.439507550423088e-01  3.088579015966095e-03 -4.446844004030250e-08  3.604747837560097e+01 -5.189999054166575e-04  1.494329849125905e-16  1.037896584268312e-11 
 2.344228815319906e+02  9.999382181311905e+03 -1.473037988668793e-01  3.088579015935926e-03 -4.550424307045397e-08  3.604747837524886e+01 -5.310889662020524e-04  1.564755445209045e-16  1.062072301383520e-11 
 2.398832919019474e+02  9.999382181209638e+03 -1.507349451152697e-01  3.088579015904334e-03 -4.656417305255940e-08  3.604747837488014e+01 -5.434596173866324e-04  1.638500097379728e-16  1.086811143290133e-11 
 2.454708915685014e+02  9.999382181102548e+03 -1.542460130266277e-01  3.088579015871253e-03 -4.764879197552206e-08  3.604747837449405e+01 -5.561184180533650e-04  1.715720227932118e-16  1.112126226849516e-11 
 2.511886431509563e+02  9.999382180990415e+03 -1.578388642156240e-01  3.088579015836613e-03 -4.875867491864839e-08  3.604747837408976e+01 -5.690720800658858e-04  1.796579631115970e-16  1.138030974453983e-11 
 2.570395782768846e+02  9.999382180872995e+03 -1.615154036595049e-01  3.088579015800341e-03 -4.989441035656237e-08  3.604747837366642e+01 -5.823274716272150e-04  1.881249820566195e-16  1.164539121143522e-11 
 2.630267991895364e+02  9.999382180750043e+03 -1.652775807081364e-01  3.088579015762358e-03 -5.105660047122276e-08  3.604747837322311e+01 -5.958916209213717e-04  1.969910393106274e-16  1.191664721888299e-11 
 2.691534803926897e+02  9.999382180621296e+03 -1.691273901175751e-01  3.088579015722587e-03 -5.224586147120781e-08  3.604747837275894e+01 -6.097717198398081e-04  2.062749409697190e-16  1.219422159040788e-11 
 2.754228703338148e+02  9.999382180486480e+03 -1.730668731077145e-01  3.088579015680940e-03 -5.346282391843719e-08  3.604747837227287e+01 -6.239751277946463e-04  2.159963794339947e-16  1.247826149961480e-11 
 2.818382931264435e+02  9.999382180345310e+03 -1.770981184445665e-01  3.088579015637331e-03 -5.470813306250430e-08  3.604747837176389e+01 -6.385093756207351e-04  2.261759751777769e-16  1.276891754822227e-11 
 2.884031503126586e+02  9.999382180197488e+03 -1.812232635477528e-01  3.088579015591667e-03 -5.598244918279608e-08  3.604747837123094e+01 -6.533821695685989e-04  2.368353204884006e-16  1.306634384591341e-11 
 2.951209226666365e+02  9.999382180042701e+03 -1.854444956237931e-01  3.088579015543851e-03 -5.728644793858190e-08  3.604747837067287e+01 -6.686013953903932e-04  2.479970252663496e-16  1.337069809204695e-11 
 3.019951720401995e+02  9.999382179880617e+03 -1.897640528257905e-01  3.088579015493780e-03 -5.862082072725688e-08  3.604747837008849e+01 -6.841751225210327e-04  2.596847649838854e-16  1.368214165927149e-11 
 3.090295432513569e+02  9.999382179710896e+03 -1.941842254401303e-01  3.088579015441351e-03 -5.998627505093021e-08  3.604747836947658e+01 -7.001116083567161e-04  2.719233309038996e-16  1.400083967908741e-11 
 3.162277660168357e+02  9.999382179533175e+03 -1.987073571008198e-01  3.088579015386451e-03 -6.138353489155172e-08  3.604747836883583e+01 -7.164193026331023e-04  2.847386826655040e-16  1.432696112940181e-11 
 3.235936569296260e+02  9.999382179347078e+03 -2.033358460321140e-01  3.088579015328963e-03 -6.281334109477703e-08  3.604747836816487e+01 -7.331068519054746e-04  2.981580033479060e-16  1.466067892412275e-11 
 3.311311214825888e+02  9.999382179152210e+03 -2.080721463200857e-01  3.088579015268765e-03 -6.427645176277341e-08  3.604747836746230e+01 -7.501831041332572e-04  3.122097571293637e-16  1.500217000484056e-11 
 3.388441561392002e+02  9.999382178948159e+03 -2.129187692138145e-01  3.088579015205731e-03 -6.577364265617578e-08  3.604747836672662e+01 -7.676571133713204e-04  3.269237496635233e-16  1.535161543464457e-11 
 3.467368504525292e+02  9.999382178734491e+03 -2.178782844568839e-01  3.088579015139726e-03 -6.730570760540494e-08  3.604747836595625e+01 -7.855381445705589e-04  3.423311913012059e-16  1.570920049412513e-11 
 3.548133892335729e+02  9.999382178510754e+03 -2.229533216498934e-01  3.088579015070610e-03 -6.887345893156728e-08  3.604747836514959e+01 -8.038356784902928e-04  3.584647632917457e-16  1.607511477961188e-11 
 3.630780547700987e+02  9.999382178276472e+03 -2.281465716447075e-01  3.088579014998237e-03 -7.047772787715784e-08  3.604747836430491e+01 -8.225594167250897e-04  3.753586871043005e-16  1.644955230370016e-11 
 3.715352290971698e+02  9.999382178031150e+03 -2.334607879711804e-01  3.088579014922454e-03 -7.211936504679619e-08  3.604747836342042e+01 -8.417192868486782e-04  3.930487970161749e-16  1.683271159811909e-11 
 3.801893963205584e+02  9.999382177774263e+03 -2.388987882971146e-01  3.088579014843098e-03 -7.379924085822822e-08  3.604747836249425e+01 -8.613254476776788e-04  4.115726161221267e-16  1.722479581899567e-11 
 3.890451449942777e+02  9.999382177505271e+03 -2.444634559222245e-01  3.088579014760002e-03 -7.551824600383292e-08  3.604747836152443e+01 -8.813882946579420e-04  4.309694359258794e-16  1.762601285457090e-11 
 3.981071705534943e+02  9.999382177223604e+03 -2.501577413069008e-01  3.088579014672992e-03 -7.727729192287951e-08  3.604747836050890e+01 -9.019184653763509e-04  4.512803996826695e-16  1.803657543542477e-11 
 4.073802778041097e+02  9.999382176928661e+03 -2.559846636365828e-01  3.088579014581880e-03 -7.907731128478425e-08  3.604747835944551e+01 -9.229268452010089e-04  4.725485896696048e-16  1.845670124726889e-11 
 4.168693834703323e+02  9.999382176619816e+03 -2.619473124225706e-01  3.088579014486473e-03 -8.091925848362426e-08  3.604747835833200e+01 -9.444245730528073e-04  4.948191185689506e-16  1.888661304636630e-11 
 4.265795188015895e+02  9.999382176296416e+03 -2.680488491401246e-01  3.088579014386570e-03 -8.280411014416958e-08  3.604747835716602e+01 -9.664230473114245e-04  5.181392251581733e-16  1.932653877763977e-11 
 4.365158322401627e+02  9.999382175957777e+03 -2.742925089047212e-01  3.088579014281959e-03 -8.473286563970287e-08  3.604747835594509e+01 -9.889339318589010e-04  5.425583745097216e-16  1.977671169553118e-11 
 4.466835921509598e+02  9.999382175603176e+03 -2.806816021873541e-01  3.088579014172418e-03 -8.670654762189983e-08  3.604747835466661e+01 -1.011969162263980e-03  5.681283629130740e-16  2.023737048767615e-11 
 4.570881896148716e+02  9.999382175231864e+03 -2.872195165697883e-01  3.088579014057714e-03 -8.872620256305286e-08  3.604747835332788e+01 -1.035540952110502e-03  5.949034277416109e-16  2.070875940145927e-11 
 4.677351412871947e+02  9.999382174843053e+03 -2.939097185407021e-01  3.088579013937605e-03 -9.079290131092435e-08  3.604747835192606e+01 -1.059661799473214e-03  6.229403624973542e-16  2.119112837351737e-11 
 4.786300923226348e+02  9.999382174435917e+03 -3.007557553336637e-01  3.088579013811835e-03 -9.290773965652414e-08  3.604747835045818e+01 -1.084344493544403e-03  6.522986372775965e-16  2.168473316225916e-11 
 4.897788193684425e+02  9.999382174009595e+03 -3.077612568079217e-01  3.088579013680138e-03 -9.507183891511248e-08  3.604747834892112e+01 -1.109602121414903e-03  6.830405249189484e-16  2.218983548347170e-11 
 5.011872336272685e+02  9.999382173563179e+03 -3.149299373730040e-01  3.088579013542234e-03 -9.728634652073599e-08  3.604747834731161e+01 -1.135448075013038e-03  7.152312330863715e-16  2.270670314908556e-11 
 5.128613839913610e+02  9.999382173095726e+03 -3.222655979581464e-01  3.088579013397831e-03 -9.955243663461237e-08  3.604747834562625e+01 -1.161896058205197e-03  7.489390425873752e-16  2.323561020917224e-11 
 5.248074602497686e+02  9.999382172606242e+03 -3.297721280275953e-01  3.088579013246622e-03 -1.018713107676859e-07  3.604747834386146e+01 -1.188960094061808e-03  7.842354522047595e-16  2.377683709724904e-11 
 5.370317963702487e+02  9.999382172093688e+03 -3.374535076428526e-01  3.088579013088287e-03 -1.042441984176846e-07  3.604747834201351e+01 -1.216654532292550e-03  8.211953303551173e-16  2.433067077896871e-11 
 5.495408738576203e+02  9.999382171556979e+03 -3.453138095729564e-01  3.088579012922490e-03 -1.066723577210155e-07  3.604747834007846e+01 -1.244994056854761e-03  8.598970738947783e-16  2.489740490427229e-11 
 5.623413251903447e+02  9.999382170994977e+03 -3.533572014539171e-01  3.088579012748880e-03 -1.091570761198459e-07  3.604747833805222e+01 -1.273993693739061e-03  9.004227744100490e-16  2.547733996308623e-11 
 5.754399373371524e+02  9.999382170406487e+03 -3.615879479984517e-01  3.088579012567087e-03 -1.116996710447214e-07  3.604747833593048e+01 -1.303668818936330e-03  9.428583923444674e-16  2.607078344464602e-11 
 5.888436553555844e+02  9.999382169790264e+03 -3.700104132571910e-01  3.088579012376726e-03 -1.143014906130849e-07  3.604747833370874e+01 -1.334035166590262e-03  9.872939393324245e-16  2.667805000053111e-11 
 6.025595860743530e+02  9.999382169144998e+03 -3.786290629325562e-01  3.088579012177395e-03 -1.169639143440664e-07  3.604747833138230e+01 -1.365108837339812e-03  1.033823669125901e-15  2.729946161149719e-11 
 6.165950018614773e+02  9.999382168469321e+03 -3.874484667465328e-01  3.088579011968669e-03 -1.196883538899219e-07  3.604747832894622e+01 -1.396906306855966e-03  1.082546277519309e-15  2.793534775819468e-11 
 6.309573444801882e+02  9.999382167761802e+03 -3.964733008635968e-01  3.088579011750106e-03 -1.224762537845101e-07  3.604747832639533e+01 -1.429444434577356e-03  1.133565111696493e-15  2.858604559586361e-11 
 6.456542290346504e+02  9.999382167020936e+03 -4.057083503700783e-01  3.088579011521242e-03 -1.253290922092026e-07  3.604747832372421e+01 -1.462740472649358e-03  1.186988389443959e-15  2.925190013309777e-11 
 6.606934480075907e+02  9.999382166245156e+03 -4.151585118112768e-01  3.088579011281593e-03 -1.282483817766356e-07  3.604747832092722e+01 -1.496812075071399e-03  1.242929428695299e-15  2.993326441477284e-11 
 6.760829753919763e+02  9.999382165432813e+03 -4.248287957876735e-01  3.088579011030648e-03 -1.312356703327165e-07  3.604747831799840e+01 -1.531677307057344e-03  1.301506887893708e-15  3.063049970923521e-11 
 6.918309709189309e+02  9.999382164582186e+03 -4.347243296116167e-01  3.088579010767878e-03 -1.342925417773121e-07  3.604747831493155e+01 -1.567354654613905e-03  1.362845017682449e-15  3.134397569985138e-11 
 7.079457843841321e+02  9.999382163691473e+03 -4.448503600258902e-01  3.088579010492723e-03 -1.374206169040528e-07  3.604747831172017e+01 -1.603863034342164e-03  1.427073924457106e-15  3.207407068101876e-11 
 7.244359600749841e+02  9.999382162758779e+03 -4.552122559856039e-01  3.088579010204601e-03 -1.406215542596989e-07  3.604747830835743e+01 -1.641221803467397e-03  1.494329846338685e-15  3.282117175874233e-11 
 7.413102413009113e+02  9.999382161782129e+03 -4.658155115048845e-01  3.088579009902900e-03 -1.438970510235231e-07  3.604747830483623e+01 -1.679450770102535e-03  1.564755442152919e-15  3.358567505588328e-11 
 7.585775750291774e+02  9.999382160759453e+03 -4.766657485698728e-01  3.088579009586981e-03 -1.472488439071776e-07  3.604747830114907e+01 -1.718570203750675e-03  1.638500094028753e-15  3.436798592218852e-11 
 7.762471166286851e+02  9.999382159688577e+03 -4.877687201195735e-01  3.088579009256172e-03 -1.506787100755206e-07  3.604747829728813e+01 -1.758600846052237e-03  1.715720224257847e-15  3.516851914921232e-11 
 7.943282347242747e+02  9.999382158567232e+03 -4.991303130961389e-01  3.088579008909773e-03 -1.541884680888928e-07  3.604747829324524e+01 -1.799563921782454e-03  1.796579627087212e-15  3.598769919024429e-11 
 8.128305161640923e+02  9.999382157393042e+03 -5.107565515662014e-01  3.088579008547048e-03 -1.577799788673412e-07  3.604747828901181e+01 -1.841481150105018e-03  1.881249816148750e-15  3.682596038535990e-11 
 8.317637711026639e+02  9.999382156163512e+03 -5.226535999149118e-01  3.088579008167229e-03 -1.614551466773031e-07  3.604747828457887e+01 -1.884374756087865e-03  1.969910388262641e-15  3.768374719171328e-11 
 8.511380382023692e+02  9.999382154876037e+03 -5.348277661143761e-01  3.088579007769509e-03 -1.652159201412731e-07  3.604747827993700e+01 -1.928267482487192e-03  2.062749404386253e-15  3.856151441919415e-11 
 8.709635899560732e+02  9.999382153527886e+03 -5.472855050682244e-01  3.088579007353046e-03 -1.690642932709876e-07  3.604747827507638e+01 -1.973182601805964e-03  2.159963788516621e-15  3.945972747157390e-11 
 8.912509381337379e+02  9.999382152116197e+03 -5.600334220340829e-01  3.088579006916955e-03 -1.730023065246758e-07  3.604747826998668e+01 -2.019143928633291e-03  2.261759745392620e-15  4.037886259326867e-11 
 9.120108393559019e+02  9.999382150637979e+03 -5.730782761257684e-01  3.088579006460313e-03 -1.770320478889369e-07  3.604747826465712e+01 -2.066175832271233e-03  2.368353197882830e-15  4.131940712185029e-11 
 9.332543007969830e+02  9.999382149090094e+03 -5.864269838970559e-01  3.088579005982149e-03 -1.811556539858174e-07  3.604747825907637e+01 -2.114303249655717e-03  2.479970244986857e-15  4.228185974643895e-11 
 9.549925860214277e+02  9.999382147469258e+03 -6.000866230089259e-01  3.088579005481450e-03 -1.853753112056760e-07  3.604747825323261e+01 -2.163551698578424e-03  2.596847641421590e-15  4.326673077211459e-11 
 9.772372209558022e+02  9.999382145772035e+03 -6.140644359822297e-01  3.088579004957153e-03 -1.896932568664350e-07  3.604747824711345e+01 -2.213947291216644e-03  2.719233299809649e-15  4.427454239048718e-11 
 9.999999999999912e+02  9.999382143994826e+03 -6.283678340377684e-01  3.088579004408148e-03 -1.941117803998361e-07  3.604747824070590e+01 -2.265516747978295e-03  2.847386816535262e-15  4.530582895656948e-11 
 1.023292992280745e+03  9.999382142133858e+03 -6.430044010258158e-01  3.088579003833268e-03 -1.986332245653255e-07  3.604747823399636e+01 -2.318287411669419e-03  2.981580022382944e-15  4.636113727209879e-11 
 1.047128548050890e+03  9.999382140185186e+03 -6.579818974471741e-01  3.088579003231295e-03 -2.032599866922158e-07  3.604747822697061e+01 -2.372287261991695e-03  3.122097559126988e-15  4.744102687545838e-11 
 1.071519305237597e+03  9.999382138144676e+03 -6.733082645678893e-01  3.088579002600953e-03 -2.079945199507797e-07  3.604747821961377e+01 -2.427544930377625e-03  3.269237483294769e-15  4.854607033835183e-11 
 1.096478196143175e+03  9.999382136008000e+03 -6.889916286298128e-01  3.088579001940903e-03 -2.128393346529526e-07  3.604747821191020e+01 -2.484089715171293e-03  3.423311898384531e-15  4.967685356938775e-11 
 1.122018454301953e+03  9.999382133770625e+03 -7.050403051592375e-01  3.088579001249747e-03 -2.177969995833323e-07  3.604747820384357e+01 -2.541951597162713e-03  3.584647616878693e-15  5.083397612473614e-11 
 1.148153621496872e+03  9.999382131427805e+03 -7.214628033758957e-01  3.088579000526016e-03 -2.228701433611806e-07  3.604747819539676e+01 -2.601161255484031e-03  3.753586853456849e-15  5.201805152602054e-11 
 1.174897554939519e+03  9.999382128974572e+03 -7.382678307046564e-01  3.088578999768176e-03 -2.280614558341509e-07  3.604747818655188e+01 -2.661750083875988e-03  3.930487950878916e-15  5.322970758561517e-11 
 1.202264434617402e+03  9.999382126405722e+03 -7.554642973923095e-01  3.088578998974623e-03 -2.333736895044793e-07  3.604747817729016e+01 -2.723750207333274e-03  4.115726140078060e-15  5.446958673951877e-11 
 1.230268770812370e+03  9.999382123715806e+03 -7.730613212318942e-01  3.088578998143670e-03 -2.388096609883966e-07  3.604747816759193e+01 -2.787194499137613e-03  4.309694336075731e-15  5.573834638798239e-11 
 1.258925411794156e+03  9.999382120899118e+03 -7.910682323970649e-01  3.088578997273554e-03 -2.443722525095324e-07  3.604747815743665e+01 -2.852116598287582e-03  4.512803971406967e-15  5.703665924407130e-11 
 1.288249551693122e+03  9.999382117949683e+03 -8.094945783890699e-01  3.088578996362432e-03 -2.500644134271081e-07  3.604747814680276e+01 -2.918550927334446e-03  4.725485868823875e-15  5.836521369034591e-11 
 1.318256738556395e+03  9.999382114861246e+03 -8.283501290989526e-01  3.088578995408369e-03 -2.558891617997225e-07  3.604747813566771e+01 -2.986532710633407e-03  4.948191155128278e-15  5.972471414385078e-11 
 1.348962882591641e+03  9.999382111627256e+03 -8.476448819876715e-01  3.088578994409344e-03 -2.618495859855649e-07  3.604747812400789e+01 -3.056097993020010e-03  5.181392218072014e-15  6.111588142960535e-11 
 1.380384264602872e+03  9.999382108240850e+03 -8.673890673868797e-01  3.088578993363235e-03 -2.679488462799014e-07  3.604747811179854e+01 -3.127283658921563e-03  5.425583708354540e-15  6.253945316279438e-11 
 1.412537544622741e+03  9.999382104694851e+03 -8.875931539231727e-01  3.088578992267825e-03 -2.741901765907022e-07  3.604747809901380e+01 -3.200127451913715e-03  5.681283588843197e-15  6.399618413986080e-11 
 1.445439770745914e+03  9.999382100981733e+03 -9.082678540686838e-01  3.088578991120790e-03 -2.805768861533000e-07  3.604747808562653e+01 -3.274667994732572e-03  5.949034233241696e-15  6.548684673870787e-11 
 1.479108388168193e+03  9.999382097093619e+03 -9.294241298209699e-01  3.088578989919696e-03 -2.871123612849874e-07  3.604747807160832e+01 -3.350944809752945e-03  6.229403576537260e-15  6.701223132822369e-11 
 1.513561248436194e+03  9.999382093022266e+03 -9.510731985151972e-01  3.088578988661998e-03 -2.938000671804841e-07  3.604747805692948e+01 -3.428998339943602e-03  6.522986319666641e-15  6.857314668734451e-11 
 1.548816618912467e+03  9.999382088759037e+03 -9.732265387717092e-01  3.088578987345025e-03 -3.006435497492249e-07  3.604747804155883e+01 -3.508869970310622e-03  6.830405190956272e-15  7.017042043387920e-11 
 1.584893192461099e+03  9.999382084294886e+03 -9.958958965821333e-01  3.088578985965985e-03 -3.076464374954456e-07  3.604747802546379e+01 -3.590602049840240e-03  7.152312267012271e-15  7.180489946332224e-11 
 1.621810097358915e+03  9.999382079620347e+03 -1.019093291537247e+00  3.088578984521954e-03 -3.148124434420592e-07  3.604747800861021e+01 -3.674237913952785e-03  7.489390355862036e-15  7.347745039788820e-11 
 1.659586907437545e+03  9.999382074725505e+03 -1.042831023199912e+00  3.088578983009867e-03 -3.221453670993456e-07  3.604747799096236e+01 -3.759821907479654e-03  7.842354445281279e-15  7.518896004600526e-11 
 1.698243652461728e+03  9.999382069599975e+03 -1.067121677626448e+00  3.088578981426518e-03 -3.296490964794983e-07  3.604747797248277e+01 -3.847399408175470e-03  8.211953219378582e-15  7.694033587251166e-11 
 1.737800828749359e+03  9.999382064232886e+03 -1.091978134039915e+00  3.088578979768547e-03 -3.373276101580948e-07  3.604747795313227e+01 -3.937016850777916e-03  8.598970646654370e-15  7.873250647980460e-11 
 1.778279410038906e+03  9.999382058612855e+03 -1.117413571658831e+00  3.088578978032440e-03 -3.451849793835855e-07  3.604747793286982e+01 -4.028721751627991e-03  9.004227642902778e-15  8.056642210019636e-11 
 1.819700858609966e+03  9.999382052727959e+03 -1.143441476684945e+00  3.088578976214511e-03 -3.532253702359173e-07  3.604747791165241e+01 -4.122562733863733e-03  9.428583812483594e-15  8.244305509973857e-11 
 1.862087136662849e+03  9.999382046565715e+03 -1.170075649453787e+00  3.088578974310907e-03 -3.614530458354391e-07  3.604747788943508e+01 -4.218589553200786e-03  9.872939271657836e-15  8.436340049378240e-11 
 1.905460717963228e+03  9.999382040113056e+03 -1.197330211751769e+00  3.088578972317588e-03 -3.698723686032582e-07  3.604747786617067e+01 -4.316853124313471e-03  1.033823655785445e-14  8.632847647454735e-11 
 1.949844599758026e+03  9.999382033356293e+03 -1.225219614303713e+00  3.088578970230327e-03 -3.784878025742472e-07  3.604747784180983e+01 -4.417405547830334e-03  1.082546262891790e-14  8.833932495097865e-11 
 1.995262314968860e+03  9.999382026281091e+03 -1.253758644434804e+00  3.088578968044697e-03 -3.873039157639264e-07  3.604747781630091e+01 -4.520300137958505e-03  1.133565095657738e-14  9.039701210117958e-11 
 2.041737944669509e+03  9.999382018872446e+03 -1.282962433910992e+00  3.088578965756061e-03 -3.963253825904798e-07  3.604747778958979e+01 -4.625591450751516e-03  1.186988371857814e-14  9.250262893771130e-11 
 2.089296130854019e+03  9.999382011114643e+03 -1.312846466962035e+00  3.088578963359566e-03 -4.055569863531842e-07  3.604747776161982e+01 -4.733335313035538e-03  1.242929409412474e-14  9.465729188606036e-11 
 2.137962089502211e+03  9.999382002991226e+03 -1.343426588491408e+00  3.088578960850125e-03 -4.150036217685691e-07  3.604747773233165e+01 -4.843588852009402e-03  1.301506866750512e-14  9.686214337658004e-11 
 2.187761623949531e+03  9.999381994484962e+03 -1.374719012477454e+00  3.088578958222419e-03 -4.246702975656514e-07  3.604747770166318e+01 -4.956410525534091e-03  1.362844994499396e-14  9.911835245022009e-11 
 2.238721138568317e+03  9.999381985577813e+03 -1.406740330570215e+00  3.088578955470874e-03 -4.345621391416187e-07  3.604747766954935e+01 -5.071860153127743e-03  1.427073899037394e-14  1.014271153783652e-10 
 2.290867652767750e+03  9.999381976250881e+03 -1.439507520888511e+00  3.088578952589652e-03 -4.446843912793727e-07  3.604747763592204e+01 -5.189998947682636e-03  1.494329818466524e-14  1.037896562971112e-10 
 2.344228815319898e+03  9.999381966484385e+03 -1.473037957021923e+00  3.088578949572641e-03 -4.550424209283704e-07  3.604747760070992e+01 -5.310889547920930e-03  1.564755411591704e-14  1.062072278563159e-10 
 2.398832919019466e+03  9.999381956257610e+03 -1.507349417242465e+00  3.088578946413445e-03 -4.656417200502398e-07  3.604747756383831e+01 -5.434596051606407e-03  1.638500060519047e-14  1.086811118837676e-10 
 2.454708915685005e+03  9.999381945548859e+03 -1.542460093930809e+00  3.088578943105360e-03 -4.764879085306765e-07  3.604747752522900e+01 -5.561184049529789e-03  1.715720187515185e-14  1.112126200648236e-10 
 2.511886431509554e+03  9.999381934335421e+03 -1.578388603222085e+00  3.088578939641368e-03 -4.875867371591680e-07  3.604747748480008e+01 -5.690720660285691e-03  1.796579586799684e-14  1.138030946378805e-10 
 2.570395782768837e+03  9.999381922593513e+03 -1.615153994876351e+00  3.088578936014125e-03 -4.989440906781229e-07  3.604747744246581e+01 -5.823274565859595e-03  1.881249771974356e-14  1.164539091060428e-10 
 2.630267991895354e+03  9.999381910298223e+03 -1.652775762378974e+00  3.088578932215935e-03 -5.105659909030218e-07  3.604747739813639e+01 -5.958916048043763e-03  1.969910339826382e-14  1.191664689653684e-10 
 2.691534803926887e+03  9.999381897423473e+03 -1.691273853276277e+00  3.088578928238741e-03 -5.224585999152474e-07  3.604747735171777e+01 -6.097717025701363e-03  2.062749351276950e-14  1.219422124500775e-10 
 2.754228703338138e+03  9.999381883941956e+03 -1.730668679751934e+00  3.088578924074108e-03 -5.346282233292824e-07  3.604747730311153e+01 -6.239751092898597e-03  2.159963730283429e-14  1.247826112951190e-10 
 2.818382931264424e+03  9.999381869825074e+03 -1.770981129449712e+00  3.088578919713203e-03 -5.470813136360089e-07  3.604747725221453e+01 -6.385093557924994e-03  2.261759681541196e-14  1.276891715164986e-10 
 2.884031503126575e+03  9.999381855042886e+03 -1.812232576548303e+00  3.088578915146775e-03 -5.598244736238827e-07  3.604747719891886e+01 -6.533821483222617e-03  2.368353127871135e-14  1.306634342097843e-10 
 2.951209226666354e+03  9.999381839564034e+03 -1.854444893094128e+00  3.088578910365136e-03 -5.728644598797980e-07  3.604747714311141e+01 -6.686013726245325e-03  2.479970168220562e-14  1.337069763672092e-10 
 3.019951720401984e+03  9.999381823355685e+03 -1.897640460598101e+00  3.088578905358145e-03 -5.862081863714909e-07  3.604747708467384e+01 -6.841750981269738e-03  2.596847557249020e-14  1.368214117138085e-10 
 3.090295432513557e+03  9.999381806383462e+03 -1.941842181902518e+00  3.088578900115184e-03 -5.998627281133935e-07  3.604747702348221e+01 -7.001115822180112e-03  2.719233207516263e-14  1.400083915630319e-10 
 3.162277660168345e+03  9.999381788611361e+03 -1.987073493324351e+00  3.088578894625129e-03 -6.138353249178692e-07  3.604747695940669e+01 -7.164192746249755e-03  2.847386715337577e-14  1.432696056922841e-10 
 3.235936569296248e+03  9.999381770001688e+03 -2.033358377081398e+00  3.088578888876335e-03 -6.281333852338273e-07  3.604747689231139e+01 -7.331068218942263e-03  2.981579911421891e-14  1.466067832388615e-10 
 3.311311214825875e+03  9.999381750514967e+03 -2.080721374007868e+00  3.088578882856609e-03 -6.427644900747481e-07  3.604747682205399e+01 -7.501830719756256e-03  3.122097437460614e-14  1.500216936167546e-10 
 3.388441561391989e+03  9.999381730109866e+03 -2.129187596566136e+00  3.088578876553183e-03 -6.577363970382014e-07  3.604747674848547e+01 -7.676570789137973e-03  3.269237349890243e-14  1.535161474548074e-10 
 3.467368504525279e+03  9.999381708743103e+03 -2.178782742161587e+00  3.088578869952686e-03 -6.730570444189893e-07  3.604747667144976e+01 -7.855381076486583e-03  3.423311752109379e-14  1.570919975567280e-10 
 3.548133892335716e+03  9.999381686369354e+03 -2.229533106767586e+00  3.088578863041115e-03 -6.887345554180949e-07  3.604747659078347e+01 -8.038356389277634e-03  3.584647456491177e-14  1.607511398834596e-10 
 3.630780547700973e+03  9.999381662941165e+03 -2.281465598867818e+00  3.088578855803813e-03 -7.047772424496696e-07  3.604747650631549e+01 -8.225593743330760e-03  3.753586677595437e-14  1.644955145584345e-10 
 3.715352290971684e+03  9.999381638408837e+03 -2.334607753723362e+00  3.088578848225427e-03 -7.211936115483359e-07  3.604747641786666e+01 -8.417192414248174e-03  3.930487758050713e-14  1.683271068962426e-10 
 3.801893963205570e+03  9.999381612720339e+03 -2.388987747972099e+00  3.088578840289884e-03 -7.379923668791515e-07  3.604747632524938e+01 -8.613253990051353e-03  4.115725928646141e-14  1.722479484552594e-10 
 3.890451449942763e+03  9.999381585821176e+03 -2.444634414568160e+00  3.088578831980349e-03 -7.551824153526199e-07  3.604747622826716e+01 -8.813882425043721e-03  4.309694104245241e-14  1.762601181147928e-10 
 3.981071705534928e+03  9.999381557654298e+03 -2.501577258069365e+00  3.088578823279199e-03 -7.727728713471953e-07  3.604747612671433e+01 -9.019184094927944e-03  4.512803717209897e-14  1.803657431773197e-10 
 4.073802778041082e+03  9.999381528159955e+03 -2.559846470280719e+00  3.088578814167975e-03 -7.907730615417844e-07  3.604747602037545e+01 -9.229267853206999e-03  4.725485590102332e-14  1.845670004963949e-10 
 4.168693834703307e+03  9.999381497275584e+03 -2.619472946262305e+00  3.088578804627352e-03 -8.091925298608103e-07  3.604747590902496e+01 -9.444245088898996e-03  4.948190849516177e-14  1.888661176308328e-10 
 4.265795188015879e+03  9.999381464935683e+03 -2.680488300710028e+00  3.088578794637097e-03 -8.280410425344596e-07  3.604747579242672e+01 -9.664229785596312e-03  5.181391882975014e-14  1.932653740257725e-10 
 4.365158322401610e+03  9.999381431071646e+03 -2.742924884717893e+00  3.088578784176013e-03 -8.473285932767883e-07  3.604747567033336e+01 -9.889338581900277e-03  5.425583340927991e-14  1.977671022212516e-10 
 4.466835921509581e+03  9.999381395611646e+03 -2.806815802930731e+00  3.088578773221913e-03 -8.670654085844427e-07  3.604747554248591e+01 -1.011969083326360e-02  5.681283185967999e-14  2.023736890889316e-10 
 4.570881896148699e+03  9.999381358480468e+03 -2.872194931096437e+00  3.088578761751564e-03 -8.872619531587972e-07  3.604747540861320e+01 -1.035540867527320e-02  5.949033791497830e-14  2.070875770976282e-10 
 4.677351412871929e+03  9.999381319599353e+03 -2.939096934027044e+00  3.088578749740631e-03 -9.079289354543842e-07  3.604747526843125e+01 -1.059661708840701e-02  6.229403092174746e-14  2.119112656083198e-10 
 4.786300923226329e+03  9.999381278885829e+03 -3.007557283978140e+00  3.088578737163644e-03 -9.290773133565613e-07  3.604747512164275e+01 -1.084344396429917e-02  6.522985788573709e-14  2.168473121993178e-10 
 4.897788193684407e+03  9.999381236253534e+03 -3.077612279456390e+00  3.088578723993921e-03 -9.507182999914185e-07  3.604747496793632e+01 -1.109602017354857e-02  6.830404608624457e-14  2.218983340223044e-10 
 5.011872336272666e+03  9.999381191612043e+03 -3.149299064465111e+00  3.088578710203527e-03 -9.728633696710140e-07  3.604747480698593e+01 -1.135447963510690e-02  7.152311628498137e-14  2.270670091899539e-10 
 5.128613839913590e+03  9.999381144866662e+03 -3.222655648198123e+00  3.088578695763213e-03 -9.955242639770848e-07  3.604747463845018e+01 -1.161895938728279e-02  7.489389655745210e-14  2.323560781958757e-10 
 5.248074602497666e+03  9.999381095918239e+03 -3.297720925192308e+00  3.088578680642347e-03 -1.018712997986459e-06  3.604747446197158e+01 -1.188959966039985e-02  7.842353677618449e-14  2.377683453676296e-10 
 5.370317963702466e+03  9.999381044662950e+03 -3.374534695949548e+00  3.088578664808857e-03 -1.042441866641464e-06  3.604747427717582e+01 -1.216654395114697e-02  8.211952377653034e-14  2.433066803535846e-10 
 5.495408738576182e+03  9.999380990992073e+03 -3.453137688038998e+00  3.088578648229158e-03 -1.066723451268726e-06  3.604747408367088e+01 -1.244993909866044e-02  8.598969723720671e-14  2.489740196444097e-10 
 5.623413251903426e+03  9.999380934791767e+03 -3.533571577690860e+00  3.088578630868082e-03 -1.091570626249787e-06  3.604747388104635e+01 -1.273993536237813e-02  9.004226630926104e-14  2.547733681300022e-10 
 5.754399373371502e+03  9.999380875942825e+03 -3.615879011893123e+00  3.088578612688805e-03 -1.116996565847108e-06  3.604747366887244e+01 -1.303668650170704e-02  9.428582702873248e-14  2.607078006926809e-10 
 5.888436553555821e+03  9.999380814320415e+03 -3.700103631002948e+00  3.088578593652764e-03 -1.143014751189045e-06  3.604747344669907e+01 -1.334034985754637e-02  9.872938054994295e-14  2.667804638374852e-10 
 6.025595860743507e+03  9.999380749793832e+03 -3.786290091884740e+00  3.088578573719583e-03 -1.169638977417531e-06  3.604747321405499e+01 -1.365108643570950e-02  1.033823522380942e-13  2.729945773604485e-10 
 6.165950018614749e+03  9.999380682226205e+03 -3.874484091587116e+00  3.088578552846979e-03 -1.196883361002229e-06  3.604747297044673e+01 -1.396906099228891e-02  1.082546116616661e-13  2.793534360557270e-10 
 6.309573444801857e+03  9.999380611474218e+03 -3.964732391571354e+00  3.088578530990682e-03 -1.224762347225044e-06  3.604747271535759e+01 -1.429444212100940e-02  1.133564935270251e-13  2.858604114624903e-10 
 6.456542290346478e+03  9.999380537387791e+03 -4.057082842504141e+00  3.088578508104328e-03 -1.253290717838956e-06  3.604747244824645e+01 -1.462740234261584e-02  1.186988195996433e-13  2.925189536524989e-10 
 6.606934480075881e+03  9.999380459809779e+03 -4.151584409627808e+00  3.088578484139374e-03 -1.282483598905250e-06  3.604747216854676e+01 -1.496811819634300e-02  1.242929216584306e-13  2.993325930593183e-10 
 6.760829753919737e+03  9.999380378575632e+03 -4.248287198721430e+00  3.088578459044987e-03 -1.312356468813267e-06  3.604747187566524e+01 -1.531677033351564e-02  1.301506655318632e-13  3.063049423501350e-10 
 6.918309709189281e+03  9.999380293513037e+03 -4.347242482666610e+00  3.088578432767940e-03 -1.342925166486954e-06  3.604747156898065e+01 -1.567354361332881e-02  1.362844762668952e-13  3.134396983411721e-10 
 7.079457843841294e+03  9.999380204441568e+03 -4.448502728632007e+00  3.088578405252492e-03 -1.374205899782552e-06  3.604747124784245e+01 -1.603862720085887e-02  1.427073644840370e-13  3.207406439577141e-10 
 7.244359600749813e+03  9.999380111172290e+03 -4.552121625891004e+00  3.088578376440283e-03 -1.406215254081873e-06  3.604747091156949e+01 -1.641221466735734e-02  1.494329539745033e-13  3.282116502397852e-10 
 7.413102413009085e+03  9.999380013507369e+03 -4.658154114287290e+00  3.088578346270196e-03 -1.438970201085717e-06  3.604747055944848e+01 -1.679450409288060e-02  1.564755105979669e-13  3.358566783945393e-10 
 7.585775750291745e+03  9.999379911239645e+03 -4.766656413363414e+00  3.088578314678238e-03 -1.472488107812108e-06  3.604747019073253e+01 -1.718569817131005e-02  1.638499725422120e-13  3.436797818964523e-10 
 7.762471166286822e+03  9.999379804152193e+03 -4.877686052167758e+00  3.088578281597398e-03 -1.506786745804081e-06  3.604746980463954e+01 -1.758600431781802e-02  1.715719820088715e-13  3.516851086364302e-10 
 7.943282347242717e+03  9.999379692017867e+03 -4.991301899755744e+00  3.088578246957506e-03 -1.541884300551950e-06  3.604746940035055e+01 -1.799563477883690e-02  1.796579183924577e-13  3.598769031209694e-10 
 8.128305161640892e+03  9.999379574598815e+03 -5.107564196401412e+00  3.088578210685086e-03 -1.577799381135002e-06  3.604746897700801e+01 -1.841480674458928e-02  1.881249330230590e-13  3.682595087225372e-10 
 8.317637711026608e+03  9.999379451645978e+03 -5.226534585535933e+00  3.088578172703201e-03 -1.614551030087763e-06  3.604746853371396e+01 -1.884374246423904e-02  1.969909855463981e-13  3.768373699823649e-10 
 8.511380382023659e+03  9.999379322898556e+03 -5.348276146429964e+00  3.088578132931287e-03 -1.652158733496042e-06  3.604746806952814e+01 -1.928266936372426e-02  2.062748820184147e-13  3.856150349668714e-10 
 8.709635899560699e+03  9.999379188083458e+03 -5.472853427637192e+00  3.088578091284981e-03 -1.690642431328118e-06  3.604746758346591e+01 -1.973182016633459e-02  2.159963147951760e-13  3.945971576789694e-10 
 8.912509381337344e+03  9.999379046914722e+03 -5.600332481216748e+00  3.088578047675947e-03 -1.730022528006533e-06  3.604746707449630e+01 -2.019143301609664e-02  2.261759043027227e-13  4.037885005255304e-10 
 9.120108393558983e+03  9.999378899092917e+03 -5.730780897752686e+00  3.088578002011683e-03 -1.770319903226106e-06  3.604746654153970e+01 -2.066175160403322e-02  2.368352427754504e-13  4.131939368423161e-10 
 9.332543007969793e+03  9.999378744304486e+03 -5.864267842189012e+00  3.088577954195329e-03 -1.811555923023884e-06  3.604746598346564e+01 -2.114302529736291e-02  2.479969400557953e-13  4.228184534777135e-10 
 9.549925860214238e+03  9.999378582221107e+03 -6.000864090499315e+00  3.088577904125462e-03 -1.853752451106919e-06  3.604746539909038e+01 -2.163550927170873e-02  2.596846715523722e-13  4.326671534366453e-10 
 9.772372209557981e+03  9.999378412498980e+03 -6.140642067210409e+00  3.088577851695878e-03 -1.896931860443849e-06  3.604746478717439e+01 -2.213946464638576e-02  2.719232284582844e-13  4.427452585860540e-10 
 9.999999999999871e+03  9.999378234778102e+03 -6.283675883799829e+00  3.088577796795364e-03 -1.941117045126435e-06  3.604746414641970e+01 -2.265515862283953e-02  2.847385703361227e-13  4.530581124233930e-10 
 1.023292992280741e+04  9.999378048681503e+03 -6.430041377987616e+00  3.088577739307472e-03 -1.986331432507354e-06  3.604746347546721e+01 -2.318286462630853e-02  2.981578801811912e-13  4.636111829095957e-10 
 1.047128548050886e+04  9.999377853814449e+03 -6.579816153943093e+00  3.088577679110260e-03 -2.032598995620644e-06  3.604746277289372e+01 -2.372286245078570e-02  3.122096220797493e-13  4.744100653680169e-10 
 1.071519305237592e+04  9.999377649763601e+03 -6.733079623428059e+00  3.088577616076044e-03 -2.079944265891424e-06  3.604746203720899e+01 -2.427543840735603e-02  3.269236015845688e-13  4.854604854508898e-10 
 1.096478196143171e+04  9.999377436096143e+03 -6.889913047898086e+00  3.088577550071120e-03 -2.128392346141581e-06  3.604746126685254e+01 -2.484088547598856e-02  3.423310289358647e-13  4.967683021748639e-10 
 1.122018454301949e+04  9.999377212358859e+03 -7.050399581584292e+00  3.088577480955483e-03 -2.177968923898352e-06  3.604746046019036e+01 -2.541950346086336e-02  3.584645852616935e-13  5.083395110272360e-10 
 1.148153621496868e+04  9.999376978077171e+03 -7.214624315578401e+00  3.088577408582529e-03 -2.228700285012819e-06  3.604745961551139e+01 -2.601159914931574e-02  3.753584918982349e-13  5.201802471445172e-10 
 1.174897554939514e+04  9.999376732754135e+03 -7.382674322944411e+00  3.088577332798745e-03 -2.280613327595549e-06  3.604745873102395e+01 -2.661748647448185e-02  3.930485829769857e-13  5.322967885650227e-10 
 1.202264434617397e+04  9.999376475869400e+03 -7.554638704880840e+00  3.088577253443387e-03 -2.333735576276774e-06  3.604745780485197e+01 -2.723748668173194e-02  4.115723814328290e-13  5.446955595572048e-10 
 1.230268770812365e+04  9.999376206878071e+03 -7.730608637957873e+00  3.088577170348130e-03 -2.388095196798611e-06  3.604745683503089e+01 -2.787192849897917e-02  4.309691785941884e-13  5.573831340254912e-10 
 1.258925411794151e+04  9.999375925209586e+03 -7.910677422454597e+00  3.088577083336719e-03 -2.443721010947130e-06  3.604745581950361e+01 -2.852114831095460e-02  4.512801175240890e-13  5.703662389954378e-10 
 1.288249551693117e+04  9.999375630266493e+03 -8.094940531821781e+00  3.088576992224594e-03 -2.500642511832109e-06  3.604745475611608e+01 -2.918549033754028e-02  4.725482802888831e-13  5.836517581800350e-10 
 1.318256738556390e+04  9.999375321423180e+03 -8.283495663296463e+00  3.088576896818491e-03 -2.558889879522599e-06  3.604745364261269e+01 -2.986530681625496e-02  4.948187793397457e-13  5.972467356290602e-10 
 1.348962882591636e+04  9.999374998024550e+03 -8.476442789695156e+00  3.088576796916043e-03 -2.618493997046587e-06  3.604745247663159e+01 -3.056095818898935e-02  5.181388532007593e-13  6.111583794634106e-10 
 1.380384264602866e+04  9.999374659384632e+03 -8.673884212413062e+00  3.088576692305345e-03 -2.679486466763210e-06  3.604745125569956e+01 -3.127281329308938e-02  5.425579666665412e-13  6.253940656963887e-10 
 1.412537544622735e+04  9.999374304785133e+03 -8.875924615657418e+00  3.088576582764502e-03 -2.741899627116201e-06  3.604744997722686e+01 -3.200124955688904e-02  5.681279157219352e-13  6.399613421439694e-10 
 1.445439770745908e+04  9.999373933473902e+03 -9.082671121943587e+00  3.088576468061169e-03 -2.805766569777434e-06  3.604744863850171e+01 -3.274665319979600e-02  5.949029374062962e-13  6.548679324261154e-10 
 1.479108388168187e+04  9.999373544663340e+03 -9.294233348883399e+00  3.088576347952043e-03 -2.871121157189640e-06  3.604744723668449e+01 -3.350941943703611e-02  6.229398248553940e-13  6.701217400612598e-10 
 1.513561248436188e+04  9.999373137528733e+03 -9.510723467295728e+00  3.088576222182358e-03 -2.937998040517600e-06  3.604744576880177e+01 -3.428995268916537e-02  6.522980477649343e-13  6.857308526561273e-10 
 1.548816618912460e+04  9.999372711206501e+03 -9.732256260670084e+00  3.088576090485342e-03 -3.006432678017295e-06  3.604744423174001e+01 -3.508866679645978e-02  6.830398785311963e-13  7.017035461931070e-10 
 1.584893192461092e+04  9.999372264792359e+03 -9.958949186014705e+00  3.088575952581649e-03 -3.076461353832749e-06  3.604744262223889e+01 -3.590598523829705e-02  7.152305243363269e-13  7.180482894174471e-10 
 1.621810097358908e+04  9.999371797339409e+03 -1.019092243612137e+01  3.088575808178767e-03 -3.148121197230513e-06  3.604744093688448e+01 -3.674234135764608e-02  7.489382654584418e-13  7.347737483266004e-10 
 1.659586907437538e+04  9.999371307856125e+03 -1.042829900327981e+01  3.088575656970403e-03 -3.221450202281963e-06  3.604743917210193e+01 -3.759817859078283e-02  7.842346000998704e-13  7.518887907640848e-10 
 1.698243652461721e+04  9.999370795304258e+03 -1.067120474447559e+01  3.088575498635823e-03 -3.296487248003846e-06  3.604743732414792e+01 -3.847395070235470e-02  8.211943960407335e-13  7.694024911203007e-10 
 1.737800828749351e+04  9.999370258596622e+03 -1.091976844810578e+01  3.088575332839182e-03 -3.373272118967709e-06  3.604743538910273e+01 -3.937012202591714e-02  8.598960494394839e-13  7.873241351427872e-10 
 1.778279410038898e+04  9.999369696594795e+03 -1.117412190224786e+01  3.088575159228803e-03 -3.451845526389125e-06  3.604743336286188e+01 -4.028716771007023e-02  9.004216511172194e-13  8.056632248584631e-10 
 1.819700858609958e+04  9.999369108106706e+03 -1.143439996451785e+01  3.088574977436443e-03 -3.532249129707892e-06  3.604743124112751e+01 -4.122557397032533e-02  9.428571606784452e-13  8.244294836104577e-10 
 1.862087136662842e+04  9.999368491884105e+03 -1.170074063355480e+01  3.088574787076495e-03 -3.614525558670574e-06  3.604742901939913e+01 -4.218583834683486e-02  9.872925888375702e-13  8.436328612121961e-10 
 1.905460717963221e+04  9.999367846619905e+03 -1.197328512216923e+01  3.088574587745184e-03 -3.698718435927126e-06  3.604742669296422e+01 -4.316846996812187e-02  1.033822188337836e-12  8.632835392214632e-10 
 1.949844599758018e+04  9.999367170945432e+03 -1.225217793219440e+01  3.088574379019705e-03 -3.784872400153503e-06  3.604742425688811e+01 -4.417398982094861e-02  1.082544653867592e-12  8.833919363372403e-10 
 1.995262314968852e+04  9.999366463427499e+03 -1.253756693107989e+01  3.088574160457328e-03 -3.873033129712513e-06  3.604742170600365e+01 -4.520293102646698e-02  1.133563331397914e-12  9.039687139221619e-10 
 2.041737944669501e+04  9.999365722565381e+03 -1.282960343026796e+01  3.088573931594457e-03 -3.963247366865400e-06  3.604741903490009e+01 -4.625583912279662e-02  1.186986437385531e-12  9.250247816535193e-10 
 2.089296130854010e+04  9.999364946787622e+03 -1.312844226539429e+01  3.088573691945646e-03 -4.055562942546973e-06  3.604741623791171e+01 -4.733327235418045e-02  1.242927288305960e-12  9.465713033057925e-10 
 2.137962089502202e+04  9.999364134448715e+03 -1.343424187835532e+01  3.088573441002574e-03 -4.150028801717404e-06  3.604741330910579e+01 -4.843580196687031e-02  1.301504541003659e-12  9.686197026677739e-10 
 2.187761623949522e+04  9.999363283825596e+03 -1.374716440128558e+01  3.088573178232966e-03 -4.246695029304010e-06  3.604741024227003e+01 -4.956401251189874e-02  1.362842444368902e-12  9.911816695974061e-10 
 2.238721138568308e+04  9.999362393113999e+03 -1.406737574248961e+01  3.088572903079453e-03 -4.345612876746840e-06  3.604740703089930e+01 -5.071850215489767e-02  1.427071102875162e-12  1.014269166217534e-09 
 2.290867652767740e+04  9.999361460424630e+03 -1.439504567437355e+01  3.088572614958409e-03 -4.446834789162005e-06  3.604740366818195e+01 -5.189988299312701e-02  1.494326752535894e-12  1.037894433255847e-09 
 2.344228815319889e+04  9.999360483779150e+03 -1.473034792342306e+01  3.088572313258695e-03 -4.550414433137147e-06  3.604740014698528e+01 -5.310878137988104e-02  1.564752049865949e-12  1.062069996532363e-09 
 2.398832919019456e+04  9.999359461105989e+03 -1.507346026227510e+01  3.088571997340375e-03 -4.656406725173713e-06  3.604739645984046e+01 -5.434583825644374e-02  1.638496374460437e-12  1.086808673597875e-09 
 2.454708915684995e+04  9.999358390235955e+03 -1.542456460393214e+01  3.088571666533352e-03 -4.764867860791067e-06  3.604739259892667e+01 -5.561170949176866e-02  1.715716145832728e-12  1.112123580526868e-09 
 2.511886431509544e+04  9.999357268897615e+03 -1.578384709816847e+01  3.088571320135951e-03 -4.875855344307780e-06  3.604738855605451e+01 -5.690706623006219e-02  1.796575155183497e-12  1.138028138868496e-09 
 2.570395782768826e+04  9.999356094712497e+03 -1.615149823017969e+01  3.088570957413427e-03 -4.989428019315867e-06  3.604738432264863e+01 -5.823259524645431e-02  1.881244912804409e-12  1.164536082759288e-09 
 2.630267991895344e+04  9.999354865190035e+03 -1.652771292152735e+01  3.088570577596407e-03 -5.105646099864004e-06  3.604737988972953e+01 -5.958899931094414e-02  1.969905011853146e-12  1.191661466201337e-09 
 2.691534803926876e+04  9.999353577722286e+03 -1.691269063343186e+01  3.088570179879264e-03 -5.224571202366212e-06  3.604737524789456e+01 -6.097699756081242e-02  2.062743509271229e-12  1.219418670509806e-09 
 2.754228703338126e+04  9.999352229578410e+03 -1.730663547246857e+01  3.088569763418398e-03 -5.346266378252848e-06  3.604737038729793e+01 -6.239732588169764e-02  2.159957324652407e-12  1.247822411933690e-09 
 2.818382931264412e+04  9.999350817898860e+03 -1.770975629872221e+01  3.088569327330458e-03 -5.470796147381092e-06  3.604736529762985e+01 -6.385073729753639e-02  2.261752657907449e-12  1.276887749453853e-09 
 2.884031503126564e+04  9.999349339689328e+03 -1.812226683645732e+01  3.088568870690457e-03 -5.598226532222579e-06  3.604735996809464e+01 -6.533800236957399e-02  2.368345426611027e-12  1.306630092762438e-09 
 2.951209226666342e+04  9.999347791814396e+03 -1.854438578736247e+01  3.088568392529821e-03 -5.728625092846183e-06  3.604735438738786e+01 -6.685990960465536e-02  2.479961723958089e-12  1.337065210427884e-09 
 3.019951720401971e+04  9.999346170990881e+03 -1.897633694642840e+01  3.088567891834327e-03 -5.862060962714419e-06  3.604734854367233e+01 -6.841726587301195e-02  2.596838298300855e-12  1.368209238249814e-09 
 3.090295432513544e+04  9.999344473780868e+03 -1.941834932052079e+01  3.088567367541956e-03 -5.998604885312248e-06  3.604734242455299e+01 -7.001089683576364e-02  2.719223055283219e-12  1.400078687808244e-09 
 3.162277660168332e+04  9.999342696584428e+03 -1.987065724971040e+01  3.088566818540636e-03 -6.138329251627705e-06  3.604733601705067e+01 -7.164164738236256e-02  2.847375583637402e-12  1.432690455211570e-09 
 3.235936569296234e+04  9.999340835631981e+03 -2.033350053142422e+01  3.088566243665892e-03 -6.281308138503950e-06  3.604732930757452e+01 -7.331038207820743e-02  2.981567705757660e-12  1.466061830047973e-09 
 3.311311214825861e+04  9.999338886976288e+03 -2.080712454748314e+01  3.088565641698364e-03 -6.427617347883015e-06  3.604732228189317e+01 -7.501798562266504e-02  3.122084054218550e-12  1.500210504544938e-09 
 3.388441561391974e+04  9.999336846484093e+03 -2.129178039409306e+01  3.088565011361232e-03 -6.577334446961908e-06  3.604731492510459e+01 -7.676536331773998e-02  3.269222675460150e-12  1.535154582941707e-09 
 3.467368504525264e+04  9.999334709827361e+03 -2.178772501485751e+01  3.088564351317503e-03 -6.730538809282123e-06  3.604730722160448e+01 -7.855344154763846e-02  3.423295661920217e-12  1.570912591079607e-09 
 3.548133892335701e+04  9.999332472474074e+03 -2.229522133688211e+01  3.088563660167172e-03 -6.887311656774219e-06  3.604729915505310e+01 -8.038316826947885e-02  3.584629813953578e-12  1.607503486215283e-09 
 3.630780547700958e+04  9.999330129678650e+03 -2.281453841004212e+01  3.088562936444263e-03 -7.047736102779584e-06  3.604729070834076e+01 -8.225551351540707e-02  3.753567332942216e-12  1.644946667062004e-09 
 3.715352290971669e+04  9.999327676471858e+03 -2.334595154948641e+01  3.088562178613707e-03 -7.211897196071917e-06  3.604728186355136e+01 -8.417146990638004e-02  3.930466547065500e-12  1.683261984064309e-09 
 3.801893963205554e+04  9.999325107650278e+03 -2.388974248145266e+01  3.088561385068095e-03 -7.379881965901628e-06  3.604727260192453e+01 -8.613205317788772e-02  4.115702671269373e-12  1.722469749911401e-09 
 3.890451449942747e+04  9.999322417765285e+03 -2.444619949247024e+01  3.088560554124268e-03 -7.551779468086748e-06  3.604726290381578e+01 -8.813830271788912e-02  4.309668603045647e-12  1.762590750294796e-09 
 3.981071705534912e+04  9.999319601111467e+03 -2.501561758202919e+01  3.088559684019744e-03 -7.727680832174537e-06  3.604725274865483e+01 -9.019128211724478e-02  4.512775755708518e-12  1.803646254915875e-09 
 4.073802778041065e+04  9.999316651714544e+03 -2.559829861879543e+01  3.088558772908982e-03 -7.907679309698588e-06  3.604724211490203e+01 -9.229207973293489e-02  4.725454930934875e-12  1.845658028749125e-09 
 4.168693834703290e+04  9.999313563318692e+03 -2.619455150045368e+01  3.088557818859470e-03 -8.091870323556605e-06  3.604723098000262e+01 -9.444180926435695e-02  4.948157232418041e-12  1.888648343566945e-09 
 4.265795188015862e+04  9.999310329373273e+03 -2.680469231726249e+01  3.088556819847620e-03 -8.280351518534856e-06  3.604721932033893e+01 -9.664161034300675e-02  5.181355022571934e-12  1.932639989732085e-09 
 4.365158322401593e+04  9.999306943018944e+03 -2.742904451940631e+01  3.088555773754486e-03 -8.473222813005625e-06  3.604720711118033e+01 -9.889264913584939e-02  5.425542924313537e-12  1.977656288263876e-09 
 4.466835921509562e+04  9.999303397073110e+03 -2.806793908823278e+01  3.088554678361259e-03 -8.670586451824851e-06  3.604719432663065e+01 -1.011961189626981e-01  5.681238870047364e-12  2.023721103184560e-09 
 4.570881896148680e+04  9.999299684014695e+03 -2.872171471146430e+01  3.088553531344573e-03 -8.872547060457487e-06  3.604718093957343e+01 -1.035532409279217e-01  5.948985200075336e-12  2.070858854152196e-09 
 4.677351412871909e+04  9.999295795968181e+03 -2.939071796247583e+01  3.088552330271570e-03 -9.079211700358953e-06  3.604716692161430e+01 -1.059652645668130e-01  6.229349812760390e-12  2.119094529386726e-09 
 4.786300923226309e+04  9.999291724686922e+03 -3.007530348373235e+01  3.088551072594741e-03 -9.290689925641590e-06  3.604715224302079e+01 -1.084334685069534e-01  6.522927368881589e-12  2.168453698895956e-09 
 4.897788193684386e+04  9.999287461535640e+03 -3.077583417448163e+01  3.088549755646526e-03 -9.507093841055634e-06  3.604713687265929e+01 -1.109591611449208e-01  6.830340552733401e-12  2.218962528008363e-09 
 5.011872336272644e+04  9.999282997472126e+03 -3.149268138280054e+01  3.088548376633658e-03 -9.728538161315057e-06  3.604712077792902e+01 -1.135436813386927e-01  7.152241392641937e-12  2.270647791219780e-09 
 5.128613839913568e+04  9.999278323028053e+03 -3.222622510209445e+01  3.088546932631236e-03 -9.955140271799020e-06  3.604710392469289e+01 -1.161883991161052e-01  7.489312643696664e-12  2.323536886361159e-09 
 5.248074602497643e+04  9.999273428288900e+03 -3.297685417215258e+01  3.088545420576522e-03 -1.018702029066076e-05  3.604708627720509e+01 -1.188947163997380e-01  7.842269235628128e-12  2.377657849094819e-09 
 5.370317963702443e+04  9.999268302872935e+03 -3.374496648486347e+01  3.088543837262453e-03 -1.042430113237602e-05  3.604706779803534e+01 -1.216640677486001e-01  8.211859788899744e-12  2.433039367746695e-09 
 5.495408738576159e+04  9.999262935909188e+03 -3.453096919469765e+01  3.088542179330829e-03 -1.066710857276413e-05  3.604704844798944e+01 -1.244979211170043e-01  8.598868202226522e-12  2.489710798482304e-09 
 5.623413251903402e+04  9.999257316014407e+03 -3.533527893406679e+01  3.088540443265203e-03 -1.091557131551555e-05  3.604702818602625e+01 -1.273977786310227e-01  9.004115314884523e-12  2.547702180834308e-09 
 5.754399373371479e+04  9.999251431268918e+03 -3.615832203367111e+01  3.088538625383417e-03 -1.116982106026028e-05  3.604700696917057e+01 -1.303651773829271e-01  9.428460647333326e-12  2.607044253589737e-09 
 5.888436553555797e+04  9.999245269191340e+03 -3.700053474794895e+01  3.088536721829795e-03 -1.142999257221252e-05  3.604698475242204e+01 -1.334016902440245e-01  9.872804223839359e-12  2.667768471045075e-09 
 6.025595860743483e+04  9.999238816712133e+03 -3.786236348574563e+01  3.088534728566968e-03 -1.169622375342747e-05  3.604696148865975e+01 -1.365089266963106e-01  1.033808848096171e-11  2.729907019637669e-09 
 6.165950018614724e+04  9.999232060145876e+03 -3.874426504632035e+01  3.088532641367317e-03 -1.196865571570731e-05  3.604693712854232e+01 -1.396885336833686e-01  1.082530026594348e-11  2.793492834962013e-09 
 6.309573444801832e+04  9.999224985162247e+03 -3.964670686081349e+01  3.088530455803999e-03 -1.224743285519386e-05  3.604691162040320e+01 -1.429421964809553e-01  1.133547292924216e-11  2.858559619179720e-09 
 6.456542290346453e+04  9.999217576755644e+03 -4.057016723929841e+01  3.088528167241570e-03 -1.253270292868638e-05  3.604688491014121e+01 -1.462716395877213e-01  1.186968851563153e-11  2.925141858832160e-09 
 6.606934480075855e+04  9.999209819213360e+03 -4.151513562354526e+01  3.088525770826152e-03 -1.282461713172395e-05  3.604685694110578e+01 -1.496786276365256e-01  1.242908005851619e-11  2.993274843064919e-09 
 6.760829753919710e+04  9.999201696082273e+03 -4.248211284562674e+01  3.088523261475139e-03 -1.312333017847245e-05  3.604682765397682e+01 -1.531649663268121e-01  1.301483398231799e-11  3.062994682273473e-09 
 6.918309709189254e+04  9.999193190133958e+03 -4.347161139249850e+01  3.088520633866428e-03 -1.342900038345725e-05  3.604679698663902e+01 -1.567325033785284e-01  1.362819261802244e-11  3.134338327179655e-09 
 7.079457843841266e+04  9.999184283328161e+03 -4.448415567669011e+01  3.088517882427124e-03 -1.374178974518345e-05  3.604676487405002e+01 -1.603831295080735e-01  1.427045683721198e-11  3.207343588348655e-09 
 7.244359600749785e+04  9.999174956774543e+03 -4.552028231324475e+01  3.088515001321734e-03 -1.406186403168655e-05  3.604673124810265e+01 -1.641187794267767e-01  1.494298881016405e-11  3.282049156156618e-09 
 7.413102413009056e+04  9.999165190692642e+03 -4.658054040304969e+01  3.088511984439790e-03 -1.438939286805727e-05  3.604669603748042e+01 -1.679414328624171e-01  1.564721489385368e-11  3.358494621218959e-09 
 7.585775750291716e+04  9.999154964369929e+03 -4.766549182270170e+01  3.088508825382898e-03 -1.472454982598507e-05  3.604665916750643e+01 -1.718531156043037e-01  1.638462865597515e-11  3.436720495289904e-09 
 7.762471166286792e+04  9.999144256117896e+03 -4.877571152105507e+01  3.088505517451167e-03 -1.506751251536610e-05  3.604662055998492e+01 -1.758559005724491e-01  1.715679404138438e-11  3.516768232643812e-09 
 7.943282347242687e+04  9.999133043226071e+03 -4.991178782260312e+01  3.088502053629009e-03 -1.541846267802206e-05  3.604658013303560e+01 -1.799519089113817e-01  1.796534868766514e-11  3.598680251949230e-09 
 8.128305161640861e+04  9.999121301913890e+03 -5.107432273784703e+01  3.088498426570268e-03 -1.577758628357751e-05  3.604653780092004e+01 -1.841433111091483e-01  1.881200739683644e-11  3.682499958646703e-09 
 8.317637711026576e+04  9.999109007280267e+03 -5.226393228080879e+01  3.088494628582646e-03 -1.614507362754426e-05  3.604649347385989e+01 -1.884323281420756e-01  1.969856577054881e-11  3.768271767841713e-09 
 8.511380382023628e+04  9.999096133250818e+03 -5.348124679384904e+01  3.088490651611391e-03 -1.652111943166210e-05  3.604644705784658e+01 -1.928212326458677e-01  2.062690401646212e-11  3.856041127724279e-09 
 8.709635899560666e+04  9.999082652522586e+03 -5.472691127995301e+01  3.088486487222233e-03 -1.690592294654675e-05  3.604639845444208e+01 -1.973123501136298e-01  2.159899093385885e-11  3.945854543527040e-09 
 8.912509381337311e+04  9.999068536506164e+03 -5.600158574265198e+01  3.088482126583494e-03 -1.729968805669639e-05  3.604634756057015e+01 -2.019080601214203e-01  2.261688808692527e-11  4.037759602033823e-09 
 9.120108393558950e+04  9.999053755265102e+03 -5.730594553375006e+01  3.088477560447380e-03 -1.770262338790947e-05  3.604629426829795e+01 -2.066107975819449e-01  2.368275417452865e-11  4.131804996651029e-09 
 9.332543007969759e+04  9.999038277452448e+03 -5.864068170903074e+01  3.088472779130369e-03 -1.811494241716750e-05  3.604623846460720e+01 -2.114230540270207e-01  2.479884960573343e-11  4.228040553054318e-09 
 9.549925860214204e+04  9.999022070244313e+03 -6.000650139211991e+01  3.088467772492694e-03 -1.853686358503753e-05  3.604618003115469e+01 -2.163473789194471e-01  2.596754129073289e-11  4.326517255423423e-09 
 9.772372209557948e+04  9.999005099270305e+03 -6.140412814668654e+01  3.088462529916852e-03 -1.896861041065025e-05  3.604611884402146e+01 -2.213863809949385e-01  2.719130765732715e-11  4.427287273278079e-09 
 9.999999999999837e+04  9.998987328540679e+03 -6.283430235716512e+01  3.088457040285095e-03 -1.941041160931056e-05  3.604605477345007e+01 -2.265427296347796e-01  2.847274390355374e-11  4.530403988928388e-09 
 1.023292992280737e+05  9.998968720370069e+03 -6.429778161818794e+01  3.088451291955879e-03 -1.986250121279877e-05  3.604598768356979e+01 -2.318191562698851e-01  2.981456749757459e-11  4.635922025553187e-09 
 1.047128548050882e+05  9.998949235297627e+03 -6.579534113291864e+01  3.088445272739184e-03 -2.032511869242152e-05  3.604591743210849e+01 -2.372184558169505e-01  3.121962393644390e-11  4.743897275920179e-09 
 1.071519305237589e+05  9.998928832003408e+03 -6.732777412048252e+01  3.088438969870691e-03 -2.079850908487280e-05  3.604584387009128e+01 -2.427434881474010e-01  3.269089277592682e-11  4.854386931761943e-09 
 1.096478196143167e+05  9.998907467220803e+03 -6.889589223269201e+01  3.088432369984725e-03 -2.128292312096637e-05  3.604576684152478e+01 -2.483971795898535e-01  3.423149394410912e-11  4.967449513822157e-09 
 1.122018454301945e+05  9.998885095644870e+03 -7.050052598027037e+01  3.088425459085946e-03 -2.177861735730234e-05  3.604568618306659e+01 -2.541825244668224e-01  3.584469435213538e-11  5.083144902586623e-09 
 1.148153621496864e+05  9.998861669836342e+03 -7.214252516877983e+01  3.088418222519687e-03 -2.228585431093164e-05  3.604560172367922e+01 -2.601025866664151e-01  3.753391481603832e-11  5.201534369713989e-09 
 1.174897554939510e+05  9.998837140121119e+03 -7.382275934446378e+01  3.088410644940911e-03 -2.280490259708295e-05  3.604551328426772e+01 -2.661605012497706e-01  3.930273730427534e-11  5.322680610181308e-09 
 1.202264434617393e+05  9.998811454485030e+03 -7.554211825021778e+01  3.088402710281699e-03 -2.333603707001869e-05  3.604542067730026e+01 -2.723594760950170e-01  4.115491252627412e-11  5.446647775159838e-09 
 1.230268770812361e+05  9.998784558463647e+03 -7.730151229190575e+01  3.088394401717211e-03 -2.387953896708673e-05  3.604532370641083e+01 -2.787027935785276e-01  4.309436787800404e-11  5.573501505636792e-09 
 1.258925411794146e+05  9.998756395026912e+03 -7.910187301524381e+01  3.088385701630050e-03 -2.443569605603658e-05  3.604522216598331e+01 -2.851938122942771e-01  4.512521576134124e-11  5.703308966798967e-09 
 1.288249551693113e+05  9.998726904458343e+03 -8.094415359347603e+01  3.088376591572944e-03 -2.500480278566943e-05  3.604511584071597e+01 -2.918359688121075e-01  4.725176229477861e-11  5.836138883194524e-09 
 1.318256738556385e+05  9.998696024228548e+03 -8.282932932607136e+01  3.088367052229670e-03 -2.558716043989269e-05  3.604500450516538e+01 -2.986327794757292e-01  4.947851643385368e-11  5.972061574689351e-09 
 1.348962882591631e+05  9.998663688862796e+03 -8.475839814867393e+01  3.088357063374153e-03 -2.618307729525095e-05  3.604488792326904e+01 -3.055878422412960e-01  5.181019952052598e-11  6.111148993234852e-09 
 1.380384264602862e+05  9.998629829802365e+03 -8.673238115454356e+01  3.088346603827625e-03 -2.679286878200635e-05  3.604476584784537e+01 -3.127048385574051e-01  5.425175528163483e-11  6.253474760464122e-09 
 1.412537544622731e+05  9.998594375259358e+03 -8.875232312772530e+01  3.088335651413780e-03 -2.741685764884226e-05  3.604463802007037e+01 -3.199875352873869e-01  5.680836029750788e-11  6.399114206133854e-09 
 1.445439770745904e+05  9.998557250064712e+03 -9.081929308819302e+01  3.088324182911824e-03 -2.805537413126593e-05  3.604450416892956e+01 -3.274397866747649e-01  5.948543496277708e-11  6.548144407429515e-09 
 1.479108388168183e+05  9.998518375509035e+03 -9.293438484921211e+01  3.088312174007303e-03 -2.870875612378574e-05  3.604436401064419e+01 -3.350655363527704e-01  6.228865496248491e-11  6.700644229151599e-09 
 1.513561248436183e+05  9.998477669175985e+03 -9.509871758717405e+01  3.088299599240634e-03 -2.937734935594121e-05  3.604421724807046e+01 -3.428688193988236e-01  6.522396328764478e-11  6.856694364801018e-09 
 1.548816618912456e+05  9.998435044767813e+03 -9.731343642415474e+01  3.088286431953211e-03 -3.006150757226362e-05  3.604406357007053e+01 -3.508537644348890e-01  6.829758281554249e-11  7.016377378581951e-09 
 1.584893192461087e+05  9.998390411922688e+03 -9.957971302345518e+01  3.088272644230979e-03 -3.076159271624702e-05  3.604390265085397e+01 -3.590245957746371e-01  7.151602948124801e-11  7.179777748340693e-09 
 1.621810097358903e+05  9.998343676023465e+03 -1.018987461983841e+02  3.088258206845350e-03 -3.147797511840976e-05  3.604373414928819e+01 -3.673856356183480e-01  7.488612606803660e-11  7.346981909459251e-09 
 1.659586907437533e+05  9.998294737997461e+03 -1.042717625345470e+02  3.088243089191361e-03 -3.221103368852853e-05  3.604355770817666e+01 -3.759413062965128e-01  7.841501664571172e-11  7.518078299722751e-09 
 1.698243652461716e+05  9.998243494106808e+03 -1.067000170259063e+02  3.088227259222904e-03 -3.296115611212649e-05  3.604337295350295e+01 -3.846961325630838e-01  8.211018168716742e-11  7.693157405179777e-09 
 1.737800828749346e+05  9.998189835728983e+03 -1.091847937248846e+02  3.088210683384936e-03 -3.372873905129918e-05  3.604317949363954e+01 -3.936547439393552e-01  8.597945389494296e-11  7.872311807015156e-09 
 1.778279410038893e+05  9.998133649127018e+03 -1.117274064067791e+02  3.088193326542481e-03 -3.451418834996183e-05  3.604297691851925e+01 -4.028218771094434e-01  9.003103477099438e-11  8.055636229454649e-09 
 1.819700858609953e+05  9.998074815208924e+03 -1.143291992487650e+02  3.088175151906329e-03 -3.531791924360320e-05  3.604276479876796e+01 -4.122023783683653e-01  9.427351196445474e-11  8.243227588721471e-09 
 1.862087136662836e+05  9.998013209275821e+03 -1.169915475237622e+02  3.088156120955219e-03 -3.614035657363066e-05  3.604254268479646e+01 -4.218012061237028e-01  9.871587743376535e-11  8.435185043064439e-09 
 1.905460717963215e+05  9.997948700758252e+03 -1.197158583094436e+02  3.088136193354382e-03 -3.698193500639322e-05  3.604231010584972e+01 -4.316234334518628e-01  1.033675464612506e-10  8.631610043877864e-09 
 1.949844599758012e+05  9.997881152940114e+03 -1.225035712126656e+02  3.088115326870263e-03 -3.784309925696824e-05  3.604206656901165e+01 -4.416742507099365e-01  1.082383775599709e-10  8.832606387933373e-09 
 1.995262314968846e+05  9.997810422669640e+03 -1.253561591096020e+02  3.088093477281245e-03 -3.872430431779956e-05  3.604181155816302e+01 -4.519589682041792e-01  1.133386933145372e-10  9.038280270743943e-09 
 2.041737944669495e+05  9.997736360056835e+03 -1.282751289018630e+02  3.088070598284166e-03 -3.962601569227315e-05  3.604154453289058e+01 -4.624830189161182e-01  1.186793021994920e-10  9.248740341080409e-09 
 2.089296130854004e+05  9.997658808156697e+03 -1.312620222888819e+02  3.088046641396481e-03 -4.054870963331865e-05  3.604126492734496e+01 -4.732519612873184e-01  1.242715214208872e-10  9.464097756660980e-09 
 2.137962089502196e+05  9.997577602637617e+03 -1.343184165568543e+02  3.088021555853812e-03 -4.149287338712377e-05  3.604097214904516e+01 -4.842714820638205e-01  1.301272008287878e-10  9.684466241034070e-09 
 2.187761623949515e+05  9.997492571434215e+03 -1.374459253845106e+02  3.087995288502708e-03 -4.245900544204886e-05  3.604066557762680e+01 -4.955473992012721e-01  1.362587479506388e-10  9.909962141674860e-09 
 2.238721138568301e+05  9.997403534383913e+03 -1.406461996660048e+02  3.087967783688382e-03 -4.344761578282917e-05  3.604034456353192e+01 -5.070856648317722e-01  1.426791541977310e-10  1.014070448931594e-08 
 2.290867652767734e+05  9.997310302846481e+03 -1.439209283512004e+02  3.087938983137177e-03 -4.445922615015103e-05  3.604000842663720e+01 -5.188923682934359e-01  1.494020222994088e-10  1.037681505853228e-08 
 2.344228815319882e+05  9.997212679305772e+03 -1.472718393036332e+02  3.087908825833539e-03 -4.549437030568878e-05  3.603965645481812e+01 -5.309737392236926e-01  1.564415950221752e-10  1.061841842960065e-08 
 2.398832919019449e+05  9.997110456952798e+03 -1.507007001764259e+02  3.087877247891223e-03 -4.655359430268727e-05  3.603928790244576e+01 -5.433361507173072e-01  1.638127852334743e-10  1.086564205165338e-08 
 2.454708915684988e+05  9.997003419249291e+03 -1.542093193064292e+02  3.087844182418468e-03 -4.763745676217481e-05  3.603890198881325e+01 -5.559861225501164e-01  1.715312073726773e-10  1.111861630714627e-08 
 2.511886431509537e+05  9.996891339470860e+03 -1.577995466268586e+02  3.087809559376880e-03 -4.874652915488974e-05  3.603849789648869e+01 -5.689303244694480e-01  1.796132103946586e-10  1.137747457765998e-08 
 2.570395782768819e+05  9.996773980228754e+03 -1.614732745986909e+02  3.087773305433690e-03 -4.988139608900207e-05  3.603807476959093e+01 -5.821755795521779e-01  1.880759122543445e-10  1.164235331105402e-08 
 2.630267991895336e+05  9.996651092969278e+03 -1.652324391610813e+02  3.087735343807115e-03 -5.104265560371064e-05  3.603763171198469e+01 -5.957288676313598e-01  1.969372360037402e-10  1.191339208999198e-08 
 2.691534803926869e+05  9.996522417449813e+03 -1.690790207010505e+02  3.087695594104501e-03 -5.223091946879367e-05  3.603716778539149e+01 -6.095973287923384e-01  2.062159475762024e-10  1.219073370185637e-08 
 2.754228703338119e+05  9.996387681190341e+03 -1.730150450426904e+02  3.087653972152884e-03 -5.344681349018827e-05  3.603668200741215e+01 -6.237882669392278e-01  2.159316953361326e-10  1.247452421007044e-08 
 2.818382931264405e+05  9.996246598899361e+03 -1.770425844561214e+02  3.087610389821654e-03 -5.469097782167169e-05  3.603617334945695e+01 -6.383091534326055e-01  2.261050514758188e-10  1.276491302684421e-08 
 2.884031503126556e+05  9.996098871873011e+03 -1.811637586864287e+02  3.087564754836927e-03 -5.596406728271456e-05  3.603564073457930e+01 -6.531676307992390e-01  2.367575553448649e-10  1.306205298736097e-08 
 2.951209226666334e+05  9.995944187366136e+03 -1.853807360027926e+02  3.087516970587266e-03 -5.726675168257208e-05  3.603508303520809e+01 -6.683715165146185e-01  2.479117588015194e-10  1.336610042541967e-08 
 3.019951720401964e+05  9.995782217934040e+03 -1.896957342680138e+02  3.087466935920336e-03 -5.859971615067572e-05  3.603449907077455e+01 -6.839288068590227e-01  2.595912736792512e-10  1.367721525054783e-08 
 3.090295432513537e+05  9.995612620743523e+03 -1.941110220286221e+02  3.087414544930074e-03 -5.996366147338330e-05  3.603388760522819e+01 -6.998476808477959e-01  2.718208214661356e-10  1.399556102659838e-08 
 3.162277660168324e+05  9.995435036851855e+03 -1.986289196257403e+02  3.087359686733953e-03 -6.135930443714054e-05  3.603324734443726e+01 -7.161365042364539e-01  2.846262852990068e-10  1.432130505184298e-08 
 3.235936569296226e+05  9.995249090452146e+03 -2.032518003268564e+02  3.087302245239864e-03 -6.278737817810184e-05  3.603257693346792e+01 -7.328038336011762e-01  2.980347643789141e-10  1.465461844057274e-08 
 3.311311214825853e+05  9.995054388083592e+03 -2.079820914786385e+02  3.087242098902157e-03 -6.424863253825117e-05  3.603187495373699e+01 -7.498584204951633e-01  3.120746309191930e-10  1.499567620621614e-08 
 3.388441561391967e+05  9.994850517805002e+03 -2.128222756809056e+02  3.087179120466325e-03 -6.574383442805833e-05  3.603113992003211e+01 -7.673092156812692e-01  3.267755897424435e-10  1.534465734598215e-08 
 3.467368504525256e+05  9.994637048329902e+03 -2.177748919818418e+02  3.087113176701825e-03 -6.727376819569768e-05  3.603037027739343e+01 -7.851653734412258e-01  3.421687406478899e-10  1.570174492703497e-08 
 3.548133892335693e+05  9.994413528121449e+03 -2.228425370945149e+02  3.087044128122490e-03 -6.883923600284801e-05  3.602956439785046e+01 -8.034362559616772e-01  3.582866436759985e-10  1.606712617420475e-08 
 3.630780547700950e+05  9.994179484445343e+03 -2.280278666347338e+02  3.086971828693954e-03 -7.044105820708455e-05  3.602872057700741e+01 -8.221314377971515e-01  3.751633874028613e-10  1.644099255923679e-08 
 3.715352290971660e+05  9.993934422378790e+03 -2.333335963802437e+02  3.086896125527507e-03 -7.208007375086196e-05  3.602783703047012e+01 -8.412607104099586e-01  3.928346604027004e-10  1.682353989157906e-08 
 3.801893963205545e+05  9.993677823773547e+03 -2.387625035512255e+02  3.086816858559772e-03 -7.375714055707926e-05  3.602691189010740e+01 -8.608340867869049e-01  4.113378260229548e-10  1.721496841070578e-08 
 3.890451449942738e+05  9.993409146170909e+03 -2.443174281120268e+02  3.086733860217520e-03 -7.547313593120272e-05  3.602594320013918e+01 -8.808618061325504e-01  4.307120006227462e-10  1.761548287997153e-08 
 3.981071705534903e+05  9.993127821666512e+03 -2.500012740940100e+02  3.086646955066996e-03 -7.722895696991274e-05  3.602492891304363e+01 -9.013543386386050e-01  4.509981354321204e-10  1.802529268198799e-08 
 4.073802778041056e+05  9.992833255722629e+03 -2.558170109393579e+02  3.086555959447018e-03 -7.902552097622438e-05  3.602386688527498e+01 -9.223223903288836e-01  4.722391021963219e-10  1.844461191551145e-08 
 4.168693834703281e+05  9.992524825925606e+03 -2.617676748656270e+02  3.086460681085135e-03 -8.086376588101748e-05  3.602275487278366e+01 -9.437769079790647e-01  4.944797827764838e-10  1.887365949382624e-08 
 4.265795188015852e+05  9.992201880685940e+03 -2.678563702507854e+02  3.086360918696060e-03 -8.274465067089453e-05  3.602159052632949e+01 -9.657290841103059e-01  5.177671628855265e-10  1.931265924460486e-08 
 4.365158322401583e+05  9.991863737878450e+03 -2.740862710384145e+02  3.086256461561595e-03 -8.466915582226741e-05  3.602037138657901e+01 -9.881903620555552e-01  5.421504301457490e-10  1.976184001122190e-08 
 4.466835921509552e+05  9.991509683419787e+03 -2.804606221626880e+02  3.086147089091217e-03 -8.663828374155394e-05  3.601909487897682e+01 -1.011172441097170e+00  5.676810766625807e-10  2.022143575549363e-08 
 4.570881896148669e+05  9.991138969780526e+03 -2.869827409926739e+02  3.086032570362426e-03 -8.865305921134322e-05  3.601775830838103e+01 -1.034687281674201e+00  5.944130063172445e-10  2.069168566181072e-08 
 4.677351412871899e+05  9.990750814428882e+03 -2.936560187954333e+02  3.085912663639996e-03 -9.071452984236752e-05  3.601635885345232e+01 -1.058747110657447e+00  6.224026469896742e-10  2.117283424262595e-08 
 4.786300923226299e+05  9.990344398202984e+03 -3.004839222173021e+02  3.085787115873146e-03 -9.282376653109167e-05  3.601489356078527e+01 -1.083364426690069e+00  6.517090679319353e-10  2.166513144525281e-08 
 4.897788193684375e+05  9.989918863608567e+03 -3.074699947826641e+02  3.085655662169672e-03 -9.498186392270524e-05  3.601335933877090e+01 -1.108552005591261e+00  6.823941025216127e-10  2.216883275992494e-08 
 5.011872336272634e+05  9.989473313038714e+03 -3.146178584094204e+02  3.085518025245997e-03 -9.718994087927259e-05  3.601175295117807e+01 -1.134322905820126e+00  7.145224766341877e-10  2.268419932905922e-08 
 5.128613839913558e+05  9.989006806912254e+03 -3.219312149402638e+02  3.085373914852104e-03 -9.944914095276548e-05  3.601007101044177e+01 -1.160690473996528e+00  7.481619428832910e-10  2.321149805765813e-08 
 5.248074602497633e+05  9.988518361727149e+03 -3.294138476887548e+02  3.085223027170188e-03 -1.017606328626678e-04  3.600830997064467e+01 -1.187668350475312e+00  7.833834209879367e-10  2.375100172477902e-08 
 5.370317963702432e+05  9.988006948025219e+03 -3.370696229990778e+02  3.085065044185941e-03 -1.041256109778069e-04  3.600646612017928e+01 -1.215270474969855e+00  8.202611445363951e-10  2.430298909598957e-08 
 5.495408738576148e+05  9.987471488264246e+03 -3.449024918182286e+02  3.084899633031208e-03 -1.065452958020239e-04  3.600453557407591e+01 -1.243511092220417e+00  8.588728144272315e-10  2.486774503671908e-08 
 5.623413251903391e+05  9.986910854593423e+03 -3.529164912792431e+02  3.084726445296794e-03 -1.090209344632567e-04  3.600251426598237e+01 -1.272404757702322e+00  8.992997592792814e-10  2.544556062640568e-08 
 5.754399373371467e+05  9.986323866527988e+03 -3.611157462939373e+02  3.084545116314123e-03 -1.115538012055592e-04  3.600039793978002e+01 -1.301966343368419e+00  9.416271031139037e-10  2.603673327332880e-08 
 5.888436553555785e+05  9.985709288518596e+03 -3.695044711534574e+02  3.084355264404386e-03 -1.141451978835343e-04  3.599818214082046e+01 -1.332211043419700e+00  9.859439406247381e-10  2.664156683000457e-08 
 6.025595860743470e+05  9.985065827410954e+03 -3.780869711347778e+02  3.084156490093787e-03 -1.167964544586041e-04  3.599586220676646e+01 -1.363154380097368e+00  1.032343520362463e-09  2.726037170900945e-08 
 6.165950018614712e+05  9.984392129790966e+03 -3.868676441110932e+02  3.083948375293413e-03 -1.195089294964830e-04  3.599343325802015e+01 -1.394812209488947e+00  1.080923436174604e-09  2.789346499908440e-08 
 6.309573444801820e+05  9.983686779210509e+03 -3.958509821638586e+02  3.083730482442243e-03 -1.222840106651597e-04  3.599089018772084e+01 -1.427200727340324e+00  1.131785827253352e-09  2.854117058135728e-08 
 6.456542290346441e+05  9.982948293288746e+03 -4.050415731940108e+02  3.083502353611700e-03 -1.251231152326264e-04  3.598822765129407e+01 -1.460336474864846e+00  1.185037587157540e-09  2.920381924550577e-08 
 6.606934480075843e+05  9.982175120683733e+03 -4.144441025296863e+02  3.083263509570140e-03 -1.280276905635262e-04  3.598544005553314e+01 -1.494236344539788e+00  1.240790582188469e-09  2.988174880566721e-08 
 6.760829753919698e+05  9.981365637928855e+03 -4.240633545274970e+02  3.083013448805579e-03 -1.309992146138095e-04  3.598252154719307e+01 -1.528917585879588e+00  1.299161879513036e-09  3.057530421588332e-08 
 6.918309709189242e+05  9.980518146128414e+03 -4.339042141641654e+02  3.082751646504911e-03 -1.340391964224130e-04  3.597946600107696e+01 -1.564397811174326e+00  1.360273985441688e-09  3.128483768484922e-08 
 7.079457843841253e+05  9.979630867506568e+03 -4.439716686150421e+02  3.082477553487831e-03 -1.371491765988862e-04  3.597626700759350e+01 -1.600695001180911e+00  1.424255094283047e-09  3.201070878971615e-08 
 7.244359600749771e+05  9.978701941803540e+03 -4.542708088157257e+02  3.082190595093571e-03 -1.403307278057981e-04  3.597291785976390e+01 -1.637827510753345e+00  1.491239348211542e-09  3.275328458867497e-08 
 7.413102413009043e+05  9.977729422512815e+03 -4.648068310026756e+02  3.081890170018517e-03 -1.435854552346546e-04  3.596941153965547e+01 -1.675814074397244e+00  1.561367108599095e-09  3.351293973202443e-08 
 7.585775750291703e+05  9.976711272952949e+03 -4.755850382283756e+02  3.081575649102729e-03 -1.469149970739536e-04  3.596574070421887e+01 -1.714673811732608e+00  1.634785239276780e-09  3.429005657140372e-08 
 7.762471166286779e+05  9.975645362167206e+03 -4.866108418462251e+02  3.081246374063290e-03 -1.503210249678898e-04  3.596189767050479e+01 -1.754426232847447e+00  1.711647402207284e-09  3.508502526684155e-08 
 7.943282347242674e+05  9.974529460644262e+03 -4.978897629599462e+02  3.080901656172362e-03 -1.538052444640964e-04  3.595787440023524e+01 -1.795091243523471e+00  1.792114366064044e-09  3.589824389124573e-08 
 8.128305161640848e+05  9.973361235852790e+03 -5.094274338318679e+02  3.080540774877763e-03 -1.573693954486849e-04  3.595366248370404e+01 -1.836689150313517e+00  1.876354328227919e-09  3.673011853192704e-08 
 8.317637711026561e+05  9.972138247582725e+03 -5.212295992440050e+02  3.080162976363811e-03 -1.610152525667013e-04  3.594925312298018e+01 -1.879240665448781e+00  1.964543250727194e-09  3.758106338871838e-08 
 8.511380382023612e+05  9.970857943085633e+03 -5.333021178053579e+02  3.079767472050116e-03 -1.647446256259697e-04  3.594463711438694e+01 -1.922766911552154e+00  2.056865210661512e-09  3.845150086821529e-08 
 8.709635899560649e+05  9.969517652006543e+03 -5.456509631983552e+02  3.079353437025958e-03 -1.685593599821363e-04  3.593980483022910e+01 -1.967289426132148e+00  2.153512765664909e-09  3.934186167362755e-08 
 8.912509381337294e+05  9.968114581099304e+03 -5.582822253568050e+02  3.078920008417769e-03 -1.724613369025552e-04  3.593474619973966e+01 -2.012830165829877e+00  2.254687334977365e-09  4.025258488969116e-08 
 9.120108393558932e+05  9.966645808717423e+03 -5.712021115671472e+02  3.078466283687294e-03 -1.764524739064811e-04  3.592945068921723e+01 -2.059411510389513e+00  2.360599596708182e-09  4.118411806204894e-08 
 9.332543007969741e+05  9.965108279072054e+03 -5.844169474841606e+02  3.077991318857789e-03 -1.805347250788355e-04  3.592390728132363e+01 -2.107056266320314e+00  2.471469901887686e-09  4.213691727046182e-08 
 9.549925860214186e+05  9.963498796248748e+03 -5.979331780516363e+02  3.077494126665714e-03 -1.847100813546159e-04  3.591810445351203e+01 -2.155787670216019e+00  2.587528705916539e-09  4.311144719516666e-08 
 9.772372209557928e+05  9.961814017974304e+03 -6.117573683178067e+02  3.076973674635219e-03 -1.889805707707934e-04  3.591203015555384e+01 -2.205629391694795e+00  2.709017018033622e-09  4.410818117564404e-08 
 9.999999999999817e+05  9.960050449124990e+03 -6.258962041345811e+02  3.076428883072757e-03 -1.933482586823168e-04  3.590567178613337e+01 -2.256605535920260e+00  2.836186869434406e-09  4.512760126100698e-08 
 1.023292992280735e+06  9.958204434967225e+03 -6.403564927288359e+02  3.075858622979009e-03 -1.978152479385918e-04  3.589901616847769e+01 -2.308740645661212e+00  2.969301800681346e-09  4.617019825116244e-08 
 1.047128548050880e+06  9.956272154121698e+03 -6.551451631331631e+02  3.075261713875426e-03 -2.023836790165456e-04  3.589204952498955e+01 -2.362059702844650e+00  3.108637369056213e-09  4.723647172783810e-08 
 1.071519305237587e+06  9.954249611241856e+03 -6.702692664625893e+02  3.074636921542487e-03 -2.070557301061091e-04  3.588475745085034e+01 -2.416588129553452e+00  3.254481676511045e-09  4.832693007450084e-08 
 1.096478196143165e+06  9.952132629397522e+03 -6.857359760228080e+02  3.073982955666910e-03 -2.118336171436521e-04  3.587712488656007e+01 -2.472351788416603e+00  3.407135918879296e-09  4.944209048412557e-08 
 1.122018454301943e+06  9.949916842154493e+03 -7.015525872344831e+02  3.073298467394913e-03 -2.167195937885987e-04  3.586913608938109e+01 -2.529376982336272e+00  3.566914957011694e-09  5.058247895369957e-08 
 1.148153621496861e+06  9.947597685340865e+03 -7.177265173570898e+02  3.072582046788716e-03 -2.217159513381180e-04  3.586077460365242e+01 -2.587690453492150e+00  3.734147910501760e-09  5.174863026427118e-08 
 1.174897554939508e+06  9.945170388490886e+03 -7.342653049946430e+02  3.071832220183434e-03 -2.268250185744369e-04  3.585202322994148e+01 -2.647319381559404e+00  3.909178774663707e-09  5.294108794526957e-08 
 1.202264434617390e+06  9.942629965957241e+03 -7.511766093644625e+02  3.071047447441524e-03 -2.320491615389508e-04  3.584286399300026e+01 -2.708291381072284e+00  4.092367061420224e-09  5.416040422173619e-08 
 1.230268770812358e+06  9.939971207682762e+03 -7.684682093088611e+02  3.070226119102043e-03 -2.373907832269203e-04  3.583327810849372e+01 -2.770634497860863e+00  4.284088464748839e-09  5.540713994301780e-08 
 1.258925411794143e+06  9.937188669622736e+03 -7.861480020283153e+02  3.069366553421959e-03 -2.428523231961294e-04  3.582324594846828e+01 -2.834377204483612e+00  4.484735551323055e-09  5.668186449137467e-08 
 1.288249551693110e+06  9.934276663809234e+03 -8.042240015132642e+02  3.068466993306878e-03 -2.484362570824455e-04  3.581274700552992e+01 -2.899548394573408e+00  4.694718476967431e-09  5.798515566885630e-08 
 1.318256738556382e+06  9.931229248049180e+03 -8.227043366502152e+02  3.067525603128639e-03 -2.541450960147690e-04  3.580175985570148e+01 -2.966177376009291e+00  4.914465729524111e-09  5.931759956069050e-08 
 1.348962882591628e+06  9.928040215248215e+03 -8.415972489762739e+02  3.066540465427288e-03 -2.599813859213750e-04  3.579026211993095e+01 -3.034293862820647e+00  5.144424898701039e-09  6.067979037331932e-08 
 1.380384264602859e+06  9.924703082352964e+03 -8.609110900545812e+02  3.065509577495207e-03 -2.659477067191488e-04  3.577823042422400e+01 -3.103927965724611e+00  5.385063473439051e-09  6.207233024509837e-08 
 1.412537544622727e+06  9.921211078904775e+03 -8.806543184414394e+02  3.064430847841182e-03 -2.720466713766876e-04  3.576564035837553e+01 -3.175110181191346e+00  5.636869667295219e-09  6.349582902755135e-08 
 1.445439770745900e+06  9.917557135198655e+03 -9.008354962140926e+02  3.063302092532545e-03 -2.782809248416825e-04  3.575246643327804e+01 -3.247871378925305e+00  5.900353272292656e-09  6.495090403494324e-08 
 1.479108388168179e+06  9.913733870042015e+03 -9.214632850262871e+02  3.062121031413661e-03 -2.846531428224247e-04  3.573868203678692e+01 -3.322242787643956e+00  6.176046541631940e-09  6.643817975980022e-08 
 1.513561248436179e+06  9.909733578108531e+03 -9.425464416567335e+02  3.060885284199369e-03 -2.911660304126623e-04  3.572425938812609e+01 -3.398255979028205e+00  6.464505101594980e-09  6.795828755186231e-08 
 1.548816618912452e+06  9.905548216883630e+03 -9.640938130135919e+02  3.059592366442244e-03 -2.978223205484138e-04  3.570916949082132e+01 -3.475942849711575e+00  6.766308892898438e-09  6.951186525780912e-08 
 1.584893192461083e+06  9.901169393199170e+03 -9.861143305559548e+02  3.058239685372981e-03 -3.046247722846855e-04  3.569338208415231e+01 -3.555335601167426e+00  7.082063141669072e-09  7.109955681894412e-08 
 1.621810097358899e+06  9.896588349356292e+03 -1.008617004091106e+03  3.056824535613535e-03 -3.115761688793556e-04  3.567686559312009e+01 -3.636466717345599e+00  7.412399360116970e-09  7.272201182386536e-08 
 1.659586907437529e+06  9.891795948836871e+03 -1.031610914904053e+03  3.055344094763184e-03 -3.186793156707890e-04  3.565958707693105e+01 -3.719368939901631e+00  7.757976376873436e-09  7.437988501298605e-08 
 1.698243652461712e+06  9.886782661605755e+03 -1.055105208173469e+03  3.053795418858197e-03 -3.259370377350138e-04  3.564151217600570e+01 -3.804075240853209e+00  8.119481396837034e-09  7.607383573159664e-08 
 1.737800828749342e+06  9.881538549007899e+03 -1.079109084625759e+03  3.052175437706323e-03 -3.333521773075431e-04  3.562260505752677e+01 -3.890618792489742e+00  8.497631090232795e-09  7.780452732798769e-08 
 1.778279410038889e+06  9.876053248266589e+03 -1.103631791376464e+03  3.050480950098083e-03 -3.409275909541544e-04  3.560282835954914e+01 -3.979032934351973e+00  8.893172710434577e-09  7.957262649297075e-08 
 1.819700858609949e+06  9.870315956591450e+03 -1.128682611905674e+03  3.048708618897504e-03 -3.486661464741515e-04  3.558214313370286e+01 -4.069351137089337e+00  9.306885239927576e-09  8.137880253695167e-08 
 1.862087136662832e+06  9.864315414907502e+03 -1.154270855111517e+03  3.046854966015794e-03 -3.565707195188305e-04  3.556050878652989e+01 -4.161606962993419e+00  9.739580563595646e-09  8.322372660052291e-08 
 1.905460717963211e+06  9.858039891219547e+03 -1.180405843383133e+03  3.044916367272359e-03 -3.646441899070524e-04  3.553788301950611e+01 -4.255834022996270e+00  1.019210466830454e-08  8.510807079435103e-08 
 1.949844599758008e+06  9.851477163629439e+03 -1.207096899631918e+03  3.042889047148606e-03 -3.728894376190101e-04  3.551422176781182e+01 -4.352065929912876e+00  1.066533886751657e-08  8.703250726394330e-08 
 1.995262314968841e+06  9.844614503027364e+03 -1.234353333217102e+03  3.040769073441022e-03 -3.813093384484359e-04  3.548947913792680e+01 -4.450336247697223e+00  1.116020104941151e-08  8.899770717468391e-08 
 2.041737944669490e+06  9.837438655482254e+03 -1.262184424699064e+03  3.038552351821322e-03 -3.899067592926860e-04  3.546360734414083e+01 -4.550678436471942e+00  1.167764694670266e-08  9.100433961233826e-08 
 2.089296130853999e+06  9.829935824360813e+03 -1.290599409351156e+03  3.036234620312774e-03 -3.986845530593067e-04  3.543655664408561e+01 -4.653125793081839e+00  1.221867142602259e-08  9.305307039403197e-08 
 2.137962089502191e+06  9.822091652209410e+03 -1.319607459358192e+03  3.033811443693239e-03 -4.076455531668934e-04  3.540827527341168e+01 -4.757711386912348e+00  1.278430979440911e-08  9.514456078452438e-08 
 2.187761623949510e+06  9.813891202438270e+03 -1.349217664627238e+03  3.031278207837173e-03 -4.167925676172705e-04  3.537870937975280e+01 -4.864467990704771e+00  1.337563912004663e-08  9.727946611241499e-08 
 2.238721138568296e+06  9.805318940853103e+03 -1.379439012133925e+03  3.028630114010473e-03 -4.261283726152733e-04  3.534780295613989e+01 -4.973428006091497e+00  1.399377956400828e-08  9.945843428074488e-08 
 2.290867652767729e+06  9.796358717085490e+03 -1.410280363725241e+03  3.025862173134061e-03 -4.356557057117127e-04  3.531549777405031e+01 -5.084623383566202e+00  1.463989571930000e-08  1.016821041662946e-07 
 2.344228815319877e+06  9.786993745979986e+03 -1.441750432297640e+03  3.022969200034099e-03 -4.453772584444547e-04  3.528173331630089e+01 -5.198085536596438e+00  1.531519795302445e-08  1.039511039017252e-07 
 2.398832919019444e+06  9.777206589003190e+03 -1.473857756267458e+03  3.019945807698982e-03 -4.552956684519674e-04  3.524644671002020e+01 -5.313845249579281e+00  1.602094374696129e-08  1.062660490345771e-07 
 2.454708915684983e+06  9.766979135747832e+03 -1.506610672249021e+03  3.016786401565688e-03 -4.654135110331982e-04  3.520957265996342e+01 -5.431932579335016e+00  1.675843903129662e-08  1.086275405570244e-07 
 2.511886431509531e+06  9.756292585613302e+03 -1.540017285854547e+03  3.013485173860628e-03 -4.757332901272492e-04  3.517104338246332e+01 -5.552376749829139e+00  1.752903950562796e-08  1.110361628001914e-07 
 2.570395782768813e+06  9.745127429753136e+03 -1.574085440529102e+03  3.010036098022974e-03 -4.862574286860477e-04  3.513078854034377e+01 -5.675206039809916e+00  1.833415194071961e-08  1.134924811867761e-07 
 2.630267991895330e+06  9.733463433389625e+03 -1.608822684333398e+03  3.006432923241383e-03 -4.969882584130815e-04  3.508873517915682e+01 -5.800447663047130e+00  1.917523545378580e-08  1.159970398356919e-07 
 2.691534803926863e+06  9.721279618606017e+03 -1.644236234587383e+03  3.002669169138269e-03 -5.079280088412983e-04  3.504480766514173e+01 -5.928127640858112e+00  2.005380274933372e-08  1.185503590124499e-07 
 2.754228703338112e+06  9.708554247737846e+03 -1.680332940288255e+03  2.998738120639144e-03 -5.190787957234956e-04  3.499892762534412e+01 -6.058270666609693e+00  2.097142131680455e-08  1.211529324190555e-07 
 2.818382931264398e+06  9.695264807496567e+03 -1.717119242218006e+03  2.994632823068183e-03 -5.304426087089699e-04  3.495101389037527e+01 -6.190899961889951e+00  2.192971457540851e-08  1.238052243172944e-07 
 2.884031503126549e+06  9.681387993971053e+03 -1.754601130657760e+03  2.990346077514969e-03 -5.420212982808754e-04  3.490098244033658e+01 -6.326037124051564e+00  2.293036295565687e-08  1.265076664794455e-07 
 2.951209226666328e+06  9.666899698665595e+03 -1.792784100629394e+03  2.985870436521444e-03 -5.538165619297207e-04  3.484874635448099e+01 -6.463701964839967e+00  2.397510490615379e-08  1.292606549606851e-07 
 3.019951720401957e+06  9.651774995746704e+03 -1.831673104588988e+03  2.981198200142248e-03 -5.658299295397018e-04  3.479421576523259e+01 -6.603912339834377e+00  2.506573781322087e-08  1.320645466877408e-07 
 3.090295432513529e+06  9.635988130685428e+03 -1.871272502502014e+03  2.976321412436182e-03 -5.780627479662157e-04  3.473729781723764e+01 -6.746683968448909e+00  2.620411881989248e-08  1.349196558587436e-07 
 3.162277660168317e+06  9.619512510496850e+03 -1.911586009236686e+03  2.971231858451045e-03 -5.905161647849161e-04  3.467789663217412e+01 -6.892030244264630e+00  2.739216552974015e-08  1.378262501496905e-07 
 3.235936569296218e+06  9.602320695793931e+03 -1.952616639219871e+03  2.965921061768947e-03 -6.031911111951361e-04  3.461591328010254e+01 -7.039962035492026e+00  2.863185657986425e-08  1.407845467235104e-07 
 3.311311214825845e+06  9.584384394888950e+03 -1.994366648309493e+03  2.960380282684169e-03 -6.160882840634433e-04  3.455124575819944e+01 -7.190487475397826e+00  2.992523206623538e-08  1.437947080384101e-07 
 3.388441561391958e+06  9.565674460192222e+03 -2.036837472848539e+03  2.954600517090677e-03 -6.292081270965548e-04  3.448378897777322e+01 -7.343611742570356e+00  3.127439380338113e-08  1.468568374529852e-07 
 3.467368504525247e+06  9.546160887174521e+03 -2.080029665878872e+03  2.948572496161583e-03 -6.425508111368727e-04  3.441343476052324e+01 -7.499336830944907e+00  3.268150539920402e-08  1.499709746265238e-07 
 3.548133892335684e+06  9.525812816176700e+03 -2.123942830508146e+03  2.942286686908185e-03 -6.561162135785769e-04  3.434007184506434e+01 -7.657661309564866e+00  3.414879212449188e-08  1.531370907140194e-07 
 3.630780547700941e+06  9.504598537366955e+03 -2.168575550440369e+03  2.935733293711320e-03 -6.699038969075221e-04  3.426358590479968e+01 -7.818580072116657e+00  3.567854055545209e-08  1.563550833566530e-07 
 3.715352290971651e+06  9.482485499163186e+03 -2.213925317700271e+03  2.928902260923156e-03 -6.839130863742669e-04  3.418385957828666e+01 -7.982084076347276e+00  3.727309796637986e-08  1.596247714699210e-07 
 3.801893963205536e+06  9.459440320454552e+03 -2.259988457603804e+03  2.921783276642608e-03 -6.981426468163904e-04  3.410077251330062e+01 -8.148160073552976e+00  3.893487144836992e-08  1.629458898331781e-07 
 3.890451449942728e+06  9.435428806972406e+03 -2.306760051051805e+03  2.914365777772552e-03 -7.125910586538972e-04  3.401420142585851e+01 -8.316790328416939e+00  4.066632672881852e-08  1.663180834861551e-07 
 3.981071705534893e+06  9.410415972176152e+03 -2.354233854251537e+03  2.906638956471759e-03 -7.272563930900566e-04  3.392402017552077e+01 -8.487952329573378e+00  4.246998666535673e-08  1.697409019399971e-07 
 4.073802778041046e+06  9.384366063033849e+03 -2.402402216001336e+03  2.898591768118898e-03 -7.421362865594500e-04  3.383009985834067e+01 -8.661618491385690e+00  4.434842938682723e-08  1.732137932125770e-07 
 4.168693834703270e+06  9.357242591090213e+03 -2.451255992707255e+03  2.890212940909880e-03 -7.572279144754006e-04  3.373230891887690e+01 -8.837755847547539e+00  4.630428605298981e-08  1.767360977002616e-07 
 4.265795188015841e+06  9.329008369225787e+03 -2.500784461337382e+03  2.881490987213291e-03 -7.725279643403229e-04  3.363051328272500e+01 -9.016325737248458e+00  4.834023820384022e-08  1.803070419009609e-07 
 4.365158322401572e+06  9.299625554519956e+03 -2.550975230559644e+03  2.872414216811391e-03 -7.880326082949205e-04  3.352457651105564e+01 -9.197283484790143e+00  5.045901466878521e-08  1.839257320061869e-07 
 4.466835921509542e+06  9.269055697636759e+03 -2.601814150352175e+03  2.862970752156092e-03 -8.037374751955421e-04  3.341435997867023e+01 -9.380578073695791e+00  5.266338800546157e-08  1.875911473829668e-07 
 4.570881896148658e+06  9.237259799155687e+03 -2.653285220422105e+03  2.853148545770345e-03 -8.196376223234378e-04  3.329972307709582e+01 -9.566151816523261e+00  5.495617043775743e-08  1.913021339698273e-07 
 4.677351412871888e+06  9.204198373269184e+03 -2.705370497818411e+03  2.842935399925211e-03 -8.357275068450534e-04  3.318052344424014e+01 -9.753940021772559e+00  5.734020926262470e-08  1.950573976146625e-07 
 4.786300923226287e+06  9.169831519263991e+03 -2.758050004177616e+03  2.832318988721459e-03 -8.520009571589024e-04  3.305661722211025e+01 -9.943870659469551e+00  5.981838169560407e-08  1.988554973861194e-07 
 4.897788193684363e+06  9.134119001194054e+03 -2.811301633097050e+03  2.821286882701673e-03 -8.684511442818478e-04  3.292785934406526e+01 -1.013586402720964e+01  6.239358912566025e-08  2.026948388941822e-07 
 5.011872336272622e+06  9.097020336138023e+03 -2.865101058189179e+03  2.809826576114239e-03 -8.850705534457692e-04  3.279410385301973e+01 -1.032983241865687e+01  6.506875075098942e-08  2.065736676598605e-07 
 5.128613839913545e+06  9.058494891413478e+03 -2.919421642431584e+03  2.797925516944221e-03 -9.018509560944846e-04  3.265520425193984e+01 -1.052567979671449e+01  6.784679656896045e-08  2.104900625783051e-07 
 5.248074602497620e+06  9.018501991092699e+03 -2.974234349490294e+03  2.785571139817592e-03 -9.187833824902583e-04  3.251101388787523e+01 -1.072330147381017e+01  7.073065969533013e-08  2.144419295242153e-07 
 5.370317963702418e+06  8.977001032129854e+03 -3.029507657758689e+03  2.772750901874574e-03 -9.358580951591946e-04  3.236138637064377e+01 -1.092258380197190e+01  7.372326799038171e-08  2.184269951530609e-07 
 5.495408738576134e+06  8.933951610366927e+03 -3.085207477919528e+03  2.759452321694675e-03 -9.530645634249733e-04  3.220617602713331e+01 -1.112340387560628e+01  7.682753497271790e-08  2.224428009563509e-07 
 5.623413251903377e+06  8.889313656634140e+03 -3.141297074903029e+03  2.745663021340048e-03 -9.703914393005865e-04  3.204523839199797e+01 -1.132562925012616e+01  8.004635000514183e-08  2.264866976338939e-07 
 5.754399373371452e+06  8.843047583100360e+03 -3.197736995178469e+03  2.731370771565212e-03 -9.878265350276776e-04  3.187843073530973e+01 -1.152911767980796e+01  8.338256774142131e-08  2.305558398506507e-07 
 5.888436553555770e+06  8.795114439958594e+03 -3.254485000379440e+03  2.716563540219442e-03 -1.005356802572436e-03  3.170561262747218e+01 -1.173371687848412e+01  8.683899682779401e-08  2.346471814503003e-07 
 6.025595860743455e+06  8.745476082451503e+03 -3.311496008322615e+03  2.701229543843330e-03 -1.022968315405454e-03  3.152664654141422e+01 -1.193926430689227e+01  9.041838785886151e-08  2.387574712019398e-07 
 6.165950018614695e+06  8.694095348151028e+03 -3.368722042535210e+03  2.685357302432987e-03 -1.040646252910040e-03  3.134139849175370e+01 -1.214558699070163e+01  9.412342059406601e-08  2.428832491603398e-07 
 6.309573444801803e+06  8.640936244304790e+03 -3.426112191456070e+03  2.668935697314021e-03 -1.058374887778850e-03  3.114973871025608e+01 -1.235250137341653e+01  9.795669044825666e-08  2.470208437237513e-07 
 6.456542290346422e+06  8.585964144949832e+03 -3.483612578517748e+03  2.651954032032777e-03 -1.076137576771816e-03  3.095154235650807e+01 -1.255981320851048e+01  1.019206942779406e-07  2.511663694763308e-07 
 6.606934480075824e+06  8.529145997371501e+03 -3.541166344350518e+03  2.634402096134436e-03 -1.093916755218715e-03  3.074669026228427e+01 -1.276731749526446e+01  1.060178154936604e-07  2.553157259046659e-07 
 6.760829753919679e+06  8.470450537352390e+03 -3.598713642372214e+03  2.616270231656475e-03 -1.111693935656802e-03  3.053506970760556e+01 -1.297479846286659e+01  1.102503085385271e-07  2.594645970795378e-07 
 6.918309709189222e+06  8.409848512513681e+03 -3.656191649038311e+03  2.597549402121999e-03 -1.129449710997211e-03  3.031657522597369e+01 -1.318202960736768e+01  1.146202827832138e-07  2.636084523948220e-07 
 7.079457843841233e+06  8.347312912899917e+03 -3.713534590022864e+03  2.578231263770659e-03 -1.147163762612616e-03  3.009110943572141e+01 -1.338877378607403e+01  1.191296858986311e-07  2.677425484551449e-07 
 7.244359600749752e+06  8.282819207799377e+03 -3.770673783580990e+03  2.558308238715847e-03 -1.164814873732522e-03  2.985858389384447e+01 -1.359478337388647e+01  1.237802867789565e-07  2.718619322024884e-07 
 7.413102413009022e+06  8.216345587627125e+03 -3.827537702305638e+03  2.537773589665817e-03 -1.182380948520813e-03  2.961891996808647e+01 -1.379980048595811e+01  1.285736580995981e-07  2.759614453691875e-07 
 7.585775750291681e+06  8.147873209528569e+03 -3.884052054433720e+03  2.516621495794123e-03 -1.199839037192372e-03  2.937204972243772e+01 -1.400355727083545e+01  1.335111586068742e-07  2.800357303406158e-07 
 7.762471166286756e+06  8.077386445189800e+03 -3.940139885777614e+03  2.494847129291772e-03 -1.217165367501177e-03  2.911791681059040e+01 -1.420577627796207e+01  1.385939152485623e-07  2.840792375051464e-07 
 7.943282347242650e+06  8.004873129169941e+03 -3.995721703256269e+03  2.472446732080622e-03 -1.234335382900821e-03  2.885647737127576e+01 -1.440617090305757e+01  1.438228052668088e-07  2.880862341616429e-07 
 8.128305161640823e+06  7.930324805902716e+03 -4.050715620874324e+03  2.449417692115690e-03 -1.251323787639541e-03  2.858770091880335e+01 -1.460444591443056e+01  1.491984383869984e-07  2.920508150456544e-07 
 8.317637711026536e+06  7.853736973352917e+03 -4.105037528847140e+03  2.425758618654113e-03 -1.268104599005355e-03  2.831157122153978e+01 -1.480029806274185e+01  1.547211392478372e-07  2.959669145246430e-07 
 8.511380382023586e+06  7.775109321161682e+03 -4.158601286393851e+03  2.401469415821614e-03 -1.284651206882582e-03  2.802808716051753e+01 -1.499341677610039e+01  1.603909302288442e-07  2.998283204998913e-07 
 8.709635899560623e+06  7.694445960976212e+03 -4.211318938519526e+03  2.376551353764634e-03 -1.300936440718940e-03  2.773726355986542e+01 -1.518348494164936e+01  1.662075148414180e-07  3.036286900382417e-07 
 8.912509381337266e+06  7.611755646538736e+03 -4.263100956881892e+03  2.351007136638961e-03 -1.316932643932718e-03  2.743913198031722e+01 -1.537017977398694e+01  1.721702618583576e-07  3.073615667405539e-07 
 9.120108393558905e+06  7.527051981010140e+03 -4.313856504588868e+03  2.324840966654944e-03 -1.332611755712501e-03  2.713374146669598e+01 -1.555317376986698e+01  1.782781903638849e-07  3.110203998357889e-07 
 9.332543007969713e+06  7.440353608929671e+03 -4.363493724502119e+03  2.298058603376593e-03 -1.347945400078257e-03  2.682115924000547e+01 -1.573213574764842e+01  1.845299559115479e-07  3.145985649700933e-07 
 9.549925860214157e+06  7.351684390167749e+03 -4.411920050331611e+03  2.270667417458071e-03 -1.362904981982871e-03  2.650147132459936e+01 -1.590673196891526e+01  1.909238379805911e-07  3.180893866393189e-07 
 9.772372209557900e+06  7.261073553217660e+03 -4.459042539499565e+03  2.242676437997695e-03 -1.377461790138576e-03  2.617478310085904e+01 -1.607662733858396e+01  1.974577289221866e-07  3.214861621913152e-07 
 9.999999999999788e+06  7.168555825197493e+03 -4.504768226433362e+03  2.214096392697380e-03 -1.391587106154160e-03  2.584121977390241e+01 -1.624148667866527e+01  2.041291245850742e-07  3.247821873013296e-07 
 1.023292992280732e+07  7.074171535999160e+03 -4.549004494620189e+03  2.184939740035762e-03 -1.405252319467956e-03  2.550092674908271e+01 -1.640097606966980e+01  2.109351168054395e-07  3.279707828003030e-07 
 1.047128548050877e+07  6.977966694129142e+03 -4.591659465426952e+03  2.155220692696479e-03 -1.418429047459853e-03  2.515406990542460e+01 -1.655476425245887e+01  2.178723879380846e-07  3.310453227120853e-07 
 1.071519305237583e+07  6.879993031937664e+03 -4.632642401362566e+03  2.124955231540116e-03 -1.431089260024774e-03  2.480083575869349e+01 -1.670252408216599e+01  2.249372075949788e-07  3.339992633320759e-07 
 1.096478196143162e+07  6.780308018130401e+03 -4.671864121142823e+03  2.094161109469242e-03 -1.443205407792120e-03  2.444143150650512e+01 -1.684393402467135e+01  2.321254317430466e-07  3.368261731569330e-07 
 1.122018454301939e+07  6.678974835699383e+03 -4.709237423617066e+03  2.062857844610957e-03 -1.454750553082775e-03  2.407608494875774e+01 -1.697867968502665e+01  2.394325042955558e-07  3.395197634532934e-07 
 1.148153621496858e+07  6.576062323696978e+03 -4.744677517337556e+03  2.031066702330043e-03 -1.465698502609200e-03  2.370504427770404e+01 -1.710645535622401e+01  2.468534613107579e-07  3.420739192333740e-07 
 1.174897554939504e+07  6.471644881606372e+03 -4.778102452303913e+03  1.998810665687640e-03 -1.476023940847453e-03  2.332857773316864e+01 -1.722696557580705e+01  2.543829378876728e-07  3.444827303874086e-07 
 1.202264434617387e+07  6.365802335430812e+03 -4.809433550202902e+03  1.966114394074311e-03 -1.485702562944386e-03  2.294697311974629e+01 -1.733992667705693e+01  2.620151778223087e-07  3.467405227075760e-07 
 1.230268770812355e+07  6.258619765027780e+03 -4.838595829294638e+03  1.933004169871098e-03 -1.494711205971059e-03  2.256053718427272e+01 -1.744506832087669e+01  2.697440460584874e-07  3.488418885258754e-07 
 1.258925411794140e+07  6.150187292647675e+03 -4.865518419975964e+03  1.899507833126108e-03 -1.503027977296185e-03  2.216959485342219e+01 -1.754213499406300e+01  2.775630439361852e-07  3.507817166797276e-07 
 1.288249551693106e+07  6.040599833093330e+03 -4.890134966985530e+03  1.865654704375230e-03 -1.510632378833020e-03  2.177448833293288e+01 -1.763088745941605e+01  2.854653272073754e-07  3.525552215143108e-07 
 1.318256738556379e+07  5.929956806388890e+03 -4.912384014207208e+03  1.831475495881450e-03 -1.517505425910619e-03  2.137557607166350e+01 -1.771110414310931e+01  2.934437267552953e-07  3.541579706300608e-07 
 1.348962882591625e+07  5.818361814326537e+03 -4.932209368082057e+03  1.797002211715525e-03 -1.523629759536976e-03  2.097323159541521e+01 -1.778258244493474e+01  3.014907719184583e-07  3.555859110876389e-07 
 1.380384264602855e+07  5.705922282738025e+03 -4.949560435756217e+03  1.762268037248559e-03 -1.528989750857731e-03  2.056784221717773e+01 -1.784513995746085e+01  3.095987162862316e-07  3.568353937911109e-07 
 1.412537544622724e+07  5.592749071805941e+03 -4.964392534272955e+03  1.727307218771593e-03 -1.533571596669993e-03  2.015980763214593e+01 -1.789861558079339e+01  3.177595657990447e-07  3.579031957831287e-07 
 1.445439770745896e+07  5.478956057177462e+03 -4.976667167361191e+03  1.692154934095679e-03 -1.537363404926276e-03  1.974953840746782e+01 -1.794287052050846e+01  3.259651089540174e-07  3.587865402035042e-07 
 1.479108388168175e+07  5.364659685061949e+03 -4.986352266677080e+03  1.656847155115172e-03 -1.540355269257449e-03  1.933745437819381e+01 -1.797778915742465e+01  3.342069488865915e-07  3.594831136845019e-07 
 1.513561248436175e+07  5.249978504873836e+03 -4.993422394716207e+03  1.621420503434467e-03 -1.542539331655216e-03  1.892398296226781e+01 -1.800327977918248e+01  3.424765370713617e-07  3.599910809822130e-07 
 1.548816618912448e+07  5.135032683315719e+03 -4.997858907025605e+03  1.585912100261329e-03 -1.543909832581712e-03  1.850955740860295e+01 -1.801927516508345e+01  3.507652083612386e-07  3.603090966730545e-07 
 1.584893192461079e+07  5.019943504075775e+03 -4.999650071800877e+03  1.550359411856296e-03 -1.544463147914769e-03  1.809461499329105e+01 -1.802573301728536e+01  3.590642170639561e-07  3.604363137773210e-07 
 1.621810097358895e+07  4.904832857532211e+03 -4.998791145445603e+03  1.514800091895105e-03 -1.544197812289284e-03  1.767959517978361e+01 -1.802263623322416e+01  3.673647737391637e-07  3.603723892071927e-07 
 1.659586907437524e+07  4.789822725010478e+03 -4.995284403189408e+03  1.479271822148396e-03 -1.543114528555587e-03  1.726493775943323e+01 -1.800999301600429e+01  3.756580823883164e-07  3.601174859740400e-07 
 1.698243652461707e+07  4.675034662222716e+03 -4.989139124397456e+03  1.443812152908786e-03 -1.541216163241320e-03  1.685108098908665e+01 -1.798783682143347e+01  3.839353777035320e-07  3.596722721285396e-07 
 1.737800828749337e+07  4.560589286531513e+03 -4.980371532747637e+03  1.408458344599337e-03 -1.538507728071333e-03  1.643845974246611e+01 -1.795622614233773e+01  3.921879620406824e-07  3.590379164463193e-07 
 1.778279410038884e+07  4.446605772621178e+03 -4.969004691991831e+03  1.373247211979225e-03 -1.534996347766838e-03  1.602750369186295e+01 -1.791524413273902e+01  4.004072417862204e-07  3.582160809107807e-07 
 1.819700858609944e+07  4.333201361030793e+03 -4.955068358543946e+03  1.338214972322581e-03 -1.530691214507761e-03  1.561863553620315e+01 -1.786499807637633e+01  4.085847627965542e-07  3.572089100827151e-07 
 1.862087136662827e+07  4.220490883807269e+03 -4.938598792640089e+03  1.303397098885971e-03 -1.525603529597420e-03  1.521226929083742e+01 -1.780561870586279e+01  4.167122446029073e-07  3.560190174825695e-07 
 1.905460717963205e+07  4.108586311278084e+03 -4.919638530285814e+03  1.268828180900023e-03 -1.519746433013783e-03  1.480880865347593e+01 -1.773725938046439e+01  4.247816130932524e-07  3.546494691450763e-07 
 1.949844599758003e+07  3.997596323628230e+03 -4.898236118633563e+03  1.234541791223439e-03 -1.513134921663782e-03  1.440864545955237e+01 -1.766009513203016e+01  4.327850314056290e-07  3.531037645368439e-07 
 1.995262314968836e+07  3.887625910601260e+03 -4.874445817812857e+03  1.200570362684945e-03 -1.505785757274411e-03  1.401215823898642e+01 -1.757432158997097e+01  4.407149287934478e-07  3.513858150548606e-07 
 2.041737944669485e+07  3.778776002238299e+03 -4.848327272560632e+03  1.166945074013303e-03 -1.497717364954653e-03  1.361971088485056e+01 -1.748015379735586e+01  4.485640272526694e-07  3.494999203472901e-07 
 2.089296130853994e+07  3.671143133130285e+03 -4.819945157264640e+03  1.133695746120042e-03 -1.488949723544321e-03  1.323165144286543e+01 -1.737782493115189e+01  4.563253657323613e-07  3.474507427170845e-07 
 2.137962089502185e+07  3.564819142196749e+03 -4.789368798236234e+03  1.100850749356842e-03 -1.479504248928745e-03  1.284831102898254e+01 -1.726758494036677e+01  4.639923217834626e-07  3.452432798836063e-07 
 2.187761623949505e+07  3.459890909528541e+03 -4.756671777168334e+03  1.068436922222500e-03 -1.469403671541274e-03  1.247000288059725e+01 -1.714969911635658e+01  4.715586305348850e-07  3.428828363875084e-07 
 2.238721138568290e+07  3.356440131351582e+03 -4.721931519810269e+03  1.036479501846029e-03 -1.458671909299075e-03  1.209702154520336e+01 -1.702444660983450e+01  4.790184009207355e-07  3.403749939295966e-07 
 2.290867652767723e+07  3.254543133692619e+03 -4.685228873904561e+03  1.005002066425344e-03 -1.447333937221785e-03  1.172964220858375e+01 -1.689211890916443e+01  4.863661291167577e-07  3.377255809353595e-07 
 2.344228815319870e+07  3.154270724865054e+03 -4.646647680384626e+03  9.740264896580401e-04 -1.435415654968369e-03  1.136812016296296e+01 -1.675301829435763e+01  4.935967091774829e-07  3.349406416335293e-07 
 2.398832919019438e+07  3.055688086450423e+03 -4.606274341730490e+03  9.435729070640113e-04 -1.422943753496042e-03  1.101269041395191e+01 -1.660745628082279e+01  5.007054408974836e-07  3.320264049296923e-07 
 2.454708915684976e+07  2.958854702036160e+03 -4.564197391226996e+03  9.136596939715322e-04 -1.409945581997992e-03  1.066356742361913e+01 -1.645575206637006e+01  5.076880349500454e-07  3.289892533449576e-07 
 2.511886431509525e+07  2.863824322588565e+03 -4.520507066671271e+03  8.843034548204744e-04 -1.396449016215534e-03  1.032094498564643e+01 -1.629823099425627e+01  5.145406153840952e-07  3.258356922754419e-07 
 2.570395782768807e+07  2.770644966996085e+03 -4.475294891839701e+03  8.555190233301311e-04 -1.382482329147292e-03  9.984996227287708e+00 -1.613522304420642e+01  5.212597195850209e-07  3.225723198112659e-07 
 2.630267991895324e+07  2.679358956015666e+03 -4.428653268756097e+03  8.273194729857330e-04 -1.368074065095024e-03  9.655873731759064e+00 -1.596706136237770e+01  5.278422958268159e-07  3.192057973344012e-07 
 2.691534803926856e+07  2.590002977596453e+03 -4.380675083508918e+03  7.997161372178687e-04 -1.353252917894939e-03  9.333709773756819e+00 -1.579408084017328e+01  5.342856985616224e-07  3.157428210935089e-07 
 2.754228703338105e+07  2.502608181341819e+03 -4.331453328053315e+03  7.727186385831505e-04 -1.338047614086953e-03  9.018616660030798e+00 -1.561661675068776e+01  5.405876816081270e-07  3.121900949314135e-07 
 2.818382931264391e+07  2.417200299702750e+03 -4.281080740109991e+03  7.463349262025826e-04 -1.322486801674318e-03  8.710687166334873e+00 -1.543500345039887e+01  5.467463894123767e-07  3.085543043175070e-07 
 2.884031503126542e+07  2.333799793372415e+03 -4.229649462943932e+03  7.205713206760139e-04 -1.306598945024418e-03  8.409995061632390e+00 -1.524957315253403e+01  5.527603465634591e-07  3.048420918136551e-07 
 2.951209226666320e+07  2.252422018271623e+03 -4.177250726477771e+03  6.954325656663293e-04 -1.290412226360138e-03  8.116595710145374e+00 -1.506065477735675e+01  5.586284457522790e-07  3.010600340785090e-07 
 3.019951720401949e+07  2.173077411475604e+03 -4.123974550872369e+03  6.709218853348798e-04 -1.273954454191682e-03  7.830526741694765e+00 -1.486857288345638e+01  5.643499343644870e-07  2.972146204918915e-07 
 3.090295432513522e+07  2.095771693431172e+03 -4.069909473395865e+03  6.470410468092503e-04 -1.257252978942524e-03  7.551808780773985e+00 -1.467364668300203e+01  5.699243998987186e-07  2.933122334584775e-07 
 3.162277660168309e+07  2.020506083846531e+03 -4.015142299106024e+03  6.237904268746968e-04 -1.240334615931634e-03  7.280446224917825e+00 -1.447618914285290e+01  5.753517543989077e-07  2.893591304286120e-07 
 3.235936569296210e+07  1.947277528699976e+03 -3.959757875592624e+03  6.011690821003729e-04 -1.223225575788185e-03  7.016428063159418e+00 -1.427650617241477e+01  5.806322180848210e-07  2.853614276540592e-07 
 3.311311214825837e+07  1.876078935904682e+03 -3.903838891769511e+03  5.791748216395423e-04 -1.205951402295555e-03  6.759728725695826e+00 -1.407489589820498e+01  5.857663023584101e-07  2.813250856779330e-07 
 3.388441561391950e+07  1.806899417280515e+03 -3.847465700471852e+03  5.578042819781195e-04 -1.188536917589080e-03  6.510308956292959e+00 -1.387164802424481e+01  5.907547923553647e-07  2.772558965411796e-07 
 3.467368504525239e+07  1.739724534616370e+03 -3.790716164404342e+03  5.370530029468376e-04 -1.171006174567267e-03  6.268116699438526e+00 -1.366704327664125e+01  5.955987292017031e-07  2.731594726728584e-07 
 3.548133892335676e+07  1.674536547754022e+03 -3.733665524801441e+03  5.169155043578841e-04 -1.153382416319064e-03  6.033087994783270e+00 -1.346135293005469e+01  6.002993921245887e-07  2.690412374181451e-07 
 3.630780547700933e+07  1.611314662782966e+03 -3.676386292001313e+03  4.973853626758277e-04 -1.135688042320585e-03  5.805147871982438e+00 -1.325483841317442e+01  6.048582805551460e-07  2.649064171464915e-07 
 3.715352290971643e+07  1.550035278601846e+03 -3.618948157000738e+03  4.784552871839581e-04 -1.117944581113171e-03  5.584211239648095e+00 -1.304775098983865e+01  6.092770963490592e-07  2.607600348726833e-07 
 3.801893963205528e+07  1.490672230272379e+03 -3.561417922948131e+03  4.601171951597840e-04 -1.100172669140594e-03  5.370183762737147e+00 -1.284033151203963e+01  6.135577262384596e-07  2.566069053155927e-07 
 3.890451449942719e+07  1.433197027763367e+03 -3.503859455444891e+03  4.423622856264615e-04 -1.082392035396444e-03  5.162962723318752e+00 -1.263281024074006e+01  6.177022246162338e-07  2.524516313131593e-07 
 3.981071705534884e+07  1.377579088852717e+03 -3.446333650460293e+03  4.251811112995477e-04 -1.064621491512573e-03  4.962437860279035e+00 -1.242540673019353e+01  6.217127967415913e-07  2.482986015074429e-07 
 4.073802778041036e+07  1.323785965122161e+03 -3.388898418620453e+03  4.085636483999947e-04 -1.046878926905741e-03  4.768492184122255e+00 -1.221832977129996e+01  6.255917824437142e-07  2.441519892103706e-07 
 4.168693834703261e+07  1.271783560140606e+03 -3.331608684605808e+03  3.924993640540956e-04 -1.029181308591480e-03  4.581002763608828e+00 -1.201177738943325e+01  6.293416403886766e-07  2.400157523589162e-07 
 4.265795188015831e+07  1.221536339086180e+03 -3.274516400382318e+03  3.769772810487222e-04 -1.011544685271404e-03  4.399841481526441e+00 -1.180593689214503e+01  6.329649329637189e-07  2.358936344677918e-07 
 4.365158322401562e+07  1.173007529202749e+03 -3.217670570997277e+03  3.619860397552045e-04 -9.939841953019004e-04  4.224875757415808e+00 -1.160098496216885e+01  6.364643118224351e-07  2.317891664881300e-07 
 4.466835921509531e+07  1.126159310623143e+03 -3.161117291689414e+03  3.475139570773426e-04 -9.765140781579711e-04  4.055969235564523e+00 -1.139708779121691e+01  6.398425041246176e-07  2.277056694820013e-07 
 4.570881896148648e+07  1.080952997217602e+03 -3.104899795092998e+03  3.335490823180718e-04 -9.591476890152505e-04  3.892982437037877e+00 -1.119440125016966e+01  6.431022994953693e-07  2.236462580247678e-07 
 4.677351412871877e+07  1.037349207241919e+03 -3.049058507355200e+03  3.200792498951070e-04 -9.418975160854581e-04  3.735773374933514e+00 -1.099307109140129e+01  6.462465377197581e-07  2.196138442501325e-07 
 4.786300923226276e+07  9.953080236648952e+02 -2.993631112033262e+03  3.070921288683794e-04 -9.247752003551460e-04  3.584198132425880e+00 -1.079323317915450e+01  6.492780971816856e-07  2.156111424561493e-07 
 4.897788193684352e+07  9.547891441492769e+02 -2.938652620691627e+03  2.945752692712866e-04 -9.077915573941557e-04  3.438111403507343e+00 -1.059501374407133e+01  6.521998840488381e-07  2.116406741943264e-07 
 5.011872336272611e+07  9.157520207442636e+02 -2.884155449177452e+03  2.825161452636994e-04 -8.909566009182130e-04  3.297366996635431e+00 -1.039852965819679e+01  6.550148221995276e-07  2.077047737681575e-07 
 5.128613839913534e+07  8.781559894214035e+02 -2.830169498614737e+03  2.709021951474476e-04 -8.742795678091662e-04  3.161818301761424e+00 -1.020388872699503e+01  6.577258438819185e-07  2.038055940718688e-07 
 5.248074602497608e+07  8.419603896495502e+02 -2.776722240221279e+03  2.597208583047286e-04 -8.577689443161536e-04  3.031318721445782e+00 -1.001118999514827e+01  6.603358810915333e-07  1.999451127047918e-07 
 5.370317963702407e+07  8.071246742590220e+02 -2.723838803117860e+03  2.489596091367130e-04 -8.414324931811114e-04  2.905722066962291e+00 -9.820524063143953e+00  6.628478576489926e-07  1.961251383014605e-07 
 5.495408738576122e+07  7.736085098908475e+02 -2.671542064364521e+03  2.386059880937483e-04 -8.252772814522622e-04  2.784882920457659e+00 -9.631973411891451e+00  6.652646819566629e-07  1.923473170222640e-07 
 5.623413251903364e+07  7.413718683644505e+02 -2.619852740523645e+03  2.286476299001400e-04 -8.093097087692562e-04  2.668656964368493e+00 -9.445612732843488e+00  6.675892404101631e-07  1.886131391541519e-07 
 5.754399373371439e+07  7.103751093271241e+02 -2.568789480113278e+03  2.190722890857522e-04 -7.935355359233179e-04  2.556901279405626e+00 -9.261509261327237e+00  6.698243914385399e-07  1.849239457754930e-07 
 5.888436553555757e+07  6.805790545716711e+02 -2.518368956375922e+03  2.098678629437866e-04 -7.779599135148492e-04  2.449474612498865e+00 -9.079723111012838e+00  6.719729601452418e-07  1.812809354436371e-07 
 6.025595860743441e+07  6.519450544254187e+02 -2.468605959847708e+03  2.010224120392956e-04 -7.625874105493648e-04  2.346237616155887e+00 -8.900307607662182e+00  6.740377335208235e-07  1.776851708680383e-07 
 6.165950018614683e+07  6.244350466249961e+02 -2.419513490269810e+03  1.925241783964405e-04 -7.474220428302398e-04  2.247053060729297e+00 -8.723309620506242e+00  6.760214561974920e-07  1.741375855359001e-07 
 6.309573444801790e+07  5.980116080975090e+02 -2.371102847438113e+03  1.843616014944349e-04 -7.324673010234631e-04  2.151786021108431e+00 -8.548769889794340e+00  6.779268267151690e-07  1.706389902612128e-07 
 6.456542290346409e+07  5.726380000705510e+02 -2.323383720638127e+03  1.765233322026700e-04 -7.177261782853576e-04  2.060304039358944e+00 -8.376723349242695e+00  6.797564942686065e-07  1.671900796317251e-07 
 6.606934480075811e+07  5.482782069315347e+02 -2.276364276359978e+03  1.689982447849161e-04 -7.032011973589920e-04  1.972477264826206e+00 -8.207199442281965e+00  6.815130559052310e-07  1.637914383318427e-07 
 6.760829753919666e+07  5.248969692515514e+02 -2.230051244032827e+03  1.617754471008643e-04 -6.888944370587612e-04  1.888178573199495e+00 -8.040222431164006e+00  6.831990541437794e-07  1.604435473226599e-07 
 6.918309709189209e+07  5.024598113809298e+02 -2.184449999559286e+03  1.548442891307874e-04 -6.748075580753606e-04  1.807283666004995e+00 -7.875811698136785e+00  6.848169749843665e-07  1.571467898632978e-07 
 7.079457843841220e+07  4.809330640132794e+02 -2.139564646468367e+03  1.481943699458949e-04 -6.609418280450853e-04  1.729671151958180e+00 -7.713982038033111e+00  6.863692462813655e-07  1.539014573604630e-07 
 7.244359600749739e+07  4.602838821025367e+02 -2.095398094540249e+03  1.418155432431641e-04 -6.472981458381410e-04  1.655222611561913e+00 -7.554743941744275e+00  6.878582364513863e-07  1.507077550356471e-07 
 7.413102413009009e+07  4.404802585037102e+02 -2.051952135787749e+03  1.356979215591606e-04 -6.338770650304035e-04  1.583822646286773e+00 -7.398103870163582e+00  6.892862534896046e-07  1.475658074016642e-07 
 7.585775750291668e+07  4.214910336930312e+02 -2.009227517708071e+03  1.298318792727316e-04 -6.206788165319258e-04  1.515358913616084e+00 -7.244064518288095e+00  6.906555442688081e-07  1.444756635422925e-07 
 7.762471166286743e+07  4.032859019073382e+02 -1.967224013744101e+03  1.242080545015492e-04 -6.077033303534361e-04  1.449722149180840e+00 -7.092625069259725e+00  6.919682940966439e-07  1.414373021906405e-07 
 7.943282347242635e+07  3.858354140260303e+02 -1.925940490917609e+03  1.188173499923873e-04 -5.949502564991975e-04  1.386806177150298e+00 -6.943781438209884e+00  6.932266265077548e-07  1.384506366035210e-07 
 8.128305161640808e+07  3.691109775020686e+02 -1.885374974617176e+03  1.136509330998062e-04 -5.824189849809193e-04  1.326507909983214e+00 -6.797526505845798e+00  6.944326032687069e-07  1.355155192305936e-07 
 8.317637711026521e+07  3.530848536314655e+02 -1.845524710541732e+03  1.087002349426596e-04 -5.701086649529990e-04  1.268727338583258e+00 -6.653850341781671e+00  6.955882245748329e-07  1.326317461783384e-07 
 8.511380382023571e+07  3.377301524336788e+02 -1.806386223816452e+03  1.039569488225755e-04 -5.580182229742638e-04  1.213367513840798e+00 -6.512740417675053e+00  6.966954294193506e-07  1.297990614700648e-07 
 8.709635899560608e+07  3.230208253984651e+02 -1.767955375311480e+03  9.941302798335496e-05 -5.461463804056258e-04  1.160334520482407e+00 -6.374181810278309e+00  6.977560961163255e-07  1.270171611041551e-07 
 8.912509381337252e+07  3.089316563381616e+02 -1.730227415205852e+03  9.506068278511251e-05 -5.344916699567397e-04  1.109537444089693e+00 -6.238157394557899e+00  6.987720429602483e-07  1.242856969135916e-07 
 9.120108393558890e+07  2.954382505681779e+02 -1.693197033849025e+03  9.089237736197519e-05 -5.230524513978531e-04  1.060888332090651e+00 -6.104648027070485e+00  6.997450290061626e-07  1.216042802305499e-07 
 9.332543007969697e+07  2.825170226227631e+02 -1.656858409980956e+03  8.690082582730817e-05 -5.118269264556754e-04  1.014302149470107e+00 -5.973632719815529e+00  7.006767549554059e-07  1.189724853604476e-07 
 9.549925860214141e+07  2.701451826979361e+02 -1.621205256378695e+03  8.307898808574269e-05 -5.008131529142581e-04  9.696967298910677e-01 -5.845088804809462e+00  7.015688641331369e-07  1.163898528703494e-07 
 9.772372209557883e+07  2.583007219988958e+02 -1.586230863003169e+03  7.942006530678202e-05 -4.900090579436509e-04  9.269927228662919e-01 -5.718992089647029e+00  7.024229435448498e-07  1.138558926970395e-07 
 9.999999999999771e+07  2.469623971552737e+02 -1.551928137724391e+03  7.591749511045108e-05 -4.794124506804986e-04  8.861135375690552e-01 -5.595317004331915e+00  7.032405250001115e-07  1.113700870804006e-07 
 1.023292992280731e+08  2.361097138543078e+02 -1.518289644706779e+03  7.256494651135006e-05 -4.690210340858095e-04  8.469852838242107e-01 -5.474036739671098e+00  7.040230862926807e-07  1.089318933279884e-07 
 1.047128548050875e+08  2.257229098294079e+02 -1.485307640538841e+03  6.935631466358030e-05 -4.588324161059299e-04  8.095367107751823e-01 -5.355123377536772e+00  7.047720524271138e-07  1.065407464168752e-07 
 1.071519305237582e+08  2.157829373296491e+02 -1.452974108193130e+03  6.628571544532064e-05 -4.488441201632568e-04  7.736991436794926e-01 -5.238548013305514e+00  7.054887968827911e-07  1.041960614389556e-07 
 1.096478196143160e+08  2.062714451844876e+02 -1.421280788903387e+03  6.334747991836243e-05 -4.390535950035390e-04  7.394064192449056e-01 -5.124280870788072e+00  7.061746429071311e-07  1.018972358959796e-07 
 1.122018454301937e+08  1.971707605674225e+02 -1.390219212046067e+03  6.053614869464477e-05 -4.294582239267049e-04  7.065948198801542e-01 -5.012291409964186e+00  7.068308648305089e-07  9.964365185059917e-08 
 1.148153621496856e+08  1.884638705524209e+02 -1.359780723113216e+03  5.784646623877131e-05 -4.200553334280827e-04  6.752030071984910e-01 -4.902548427835941e+00  7.074586893961103e-07  9.743467793969724e-08 
 1.174897554939502e+08  1.801344035476686e+02 -1.329956509862954e+03  5.527337513263114e-05 -4.108422012766522e-04  6.451719550789536e-01 -4.795020152710656e+00  7.080592970986323e-07  9.526967125621707e-08 
 1.202264434617385e+08  1.721666106825790e+02 -1.300737626732645e+03  5.281201032558055e-05 -4.018160640566223e-04  6.164448825591040e-01 -4.689674332220104e+00  7.086338235263460e-07  9.314797910562501e-08 
 1.230268770812353e+08  1.645453472159738e+02 -1.272115017598391e+03  5.045769339116498e-05 -3.929741241981593e-04  5.889671868041023e-01 -4.586478315377535e+00  7.091833607016297e-07  9.106894064303576e-08 
 1.258925411794138e+08  1.572560540259091e+02 -1.244079536962673e+03  4.820592680906245e-05 -3.843135565225491e-04  5.626863763701442e-01 -4.485399128967539e+00  7.097089584156064e-07  8.903188839689757e-08 
 1.288249551693104e+08  1.502847392347409e+02 -1.216621969649947e+03  4.605238828880446e-05 -3.758315143264468e-04  5.375520049554914e-01 -4.386403548556529e+00  7.102116255530274e-07  8.703614968499150e-08 
 1.318256738556376e+08  1.436179600166730e+02 -1.189733049087808e+03  4.399292514986811e-05 -3.675251350291855e-04  5.135156058094229e-01 -4.289458164403589e+00  7.106923314039894e-07  8.508104792833709e-08 
 1.348962882591622e+08  1.372428046291859e+02 -1.163403474248934e+03  4.202354877092834e-05 -3.593915454063824e-04  4.905306269483655e-01 -4.194529442542919e+00  7.111520069595012e-07  8.316590386842742e-08 
 1.380384264602852e+08  1.311468747043684e+02 -1.137623925326547e+03  4.014042911939797e-05 -3.514278664323088e-04  4.685523673090815e-01 -4.101583781300095e+00  7.115915461883025e-07  8.129003669303507e-08 
 1.412537544622721e+08  1.253182678312639e+02 -1.112385078213561e+03  3.833988937086611e-05 -3.436312177527060e-04  4.475379139510752e-01 -4.010587563495164e+00  7.120118072926953e-07  7.945276507564778e-08 
 1.445439770745893e+08  1.197455604558292e+02 -1.087677617852937e+03  3.661840062665173e-05 -3.359987218088937e-04  4.274460804041236e-01 -3.921507204575955e+00  7.124136139414579e-07  7.765340813339830e-08 
 1.479108388168172e+08  1.144177911210142e+02 -1.063492250524111e+03  3.497257673642536e-05 -3.285275076332239e-04  4.082373462420759e-01 -3.834309196915535e+00  7.127977564782325e-07  7.589128630816504e-08 
 1.513561248436172e+08  1.093244440657278e+02 -1.039819715127676e+03  3.339916923169606e-05 -3.212147143350757e-04  3.898737979505831e-01 -3.748960150497961e+00  7.131649931040214e-07  7.416572217532429e-08 
 1.548816618912444e+08  1.044554331980732e+02 -1.016650793527838e+03  3.189506237491514e-05 -3.140574942957840e-04  3.723190711442160e-01 -3.665426830206920e+00  7.135160510326923e-07  7.247604118444241e-08 
 1.584893192461076e+08  9.980108645516499e+01 -9.939763200094812e+02  3.045726832800090e-05 -3.070530160900617e-04  3.555382941773662e-01 -3.583676189922212e+00  7.138516276185916e-07  7.082157233600555e-08 
 1.621810097358891e+08  9.535213055907626e+01 -9.717871899041214e+02  2.908292244323351e-05 -3.001984671506744e-04  3.394980331833548e-01 -3.503675403619701e+00  7.141723914555910e-07  6.920164879809594e-08 
 1.659586907437521e+08  9.109967617597040e+01 -9.500743674363854e+02  2.776927867869917e-05 -2.934910561923283e-04  3.241662385671809e-01 -3.425391893660985e+00  7.144789834470473e-07  6.761560846673741e-08 
 1.698243652461704e+08  8.703520348323796e+01 -9.288288928402026e+02  2.651370513977312e-05 -2.869280154099599e-04  3.095121929692917e-01 -3.348793356450071e+00  7.147720178463343e-07  6.606279447345273e-08 
 1.737800828749334e+08  8.315054814745876e+01 -9.080418887913992e+02  2.531367974751230e-05 -2.805066024658532e-04  2.955064607105433e-01 -3.273847785625404e+00  7.150520832677369e-07  6.454255564339734e-08 
 1.778279410038880e+08  7.943788771423030e+01 -8.877045662010313e+02  2.416678603427939e-05 -2.742241022792799e-04  2.821208387221011e-01 -3.200523492947117e+00  7.153197436676399e-07  6.305424690726348e-08 
 1.819700858609940e+08  7.588972840931842e+01 -8.678082294114632e+02  2.307070906643022e-05 -2.680778286316389e-04  2.693283089583242e-01 -3.128789127030927e+00  7.155755392960411e-07  6.159722966998000e-08 
 1.862087136662823e+08  7.249889234919306e+01 -8.483442808349853e+02  2.202323149346604e-05 -2.620651255993883e-04  2.571029922856435e-01 -3.058613690072169e+00  7.158199876185338e-07  6.017087213907520e-08 
 1.905460717963202e+08  6.925850515777803e+01 -8.293042250725983e+02  2.102222972267108e-05 -2.561833688263938e-04  2.454201038360061e-01 -2.989966552695616e+00  7.160535842089877e-07  5.877454961541207e-08 
 1.949844599757999e+08  6.616198398517078e+01 -8.106796725485286e+02  2.006567021792445e-05 -2.504299666466782e-04  2.342559098095799e-01 -2.922817467059325e+00  7.162768036132263e-07  5.740764474885727e-08 
 1.995262314968832e+08  6.320302592315160e+01 -7.924623426940533e+02  1.915160592108585e-05 -2.448023610679475e-04  2.235876857080442e-01 -2.857136578333552e+00  7.164901001840854e-07  5.606954776130200e-08 
 2.041737944669480e+08  6.037559681149409e+01 -7.746440667123010e+02  1.827817279410551e-05 -2.392980286256738e-04  2.133936759768739e-01 -2.792894434668927e+00  7.166939088882700e-07  5.475965663931449e-08 
 2.089296130853989e+08  5.767392042839668e+01 -7.572167899538788e+02  1.744358647979446e-05 -2.339144811169565e-04  2.036530550325334e-01 -2.730061995761491e+00  7.168886460855024e-07  5.347737729857308e-08 
 2.137962089502181e+08  5.509246805777040e+01 -7.401725739314362e+02  1.664613907901119e-05 -2.286492662228465e-04  1.943458896483884e-01 -2.668610640115965e+00  7.170747102804814e-07  5.222212372210360e-08 
 2.187761623949500e+08  5.262594842562436e+01 -7.235035979996040e+02  1.588419604186783e-05 -2.234999680272995e-04  1.854531026713618e-01 -2.608512171102558e+00  7.172524828482043e-07  5.099331807422327e-08 
 2.238721138568285e+08  5.026929799738858e+01 -7.072021607251822e+02  1.515619317043498e-05 -2.184642074404423e-04  1.769564380399134e-01 -2.549738821896991e+00  7.174223287332509e-07  4.979039079198152e-08 
 2.290867652767718e+08  4.801767162768429e+01 -6.912606809709300e+02  1.446063373032269e-05 -2.135396425333680e-04  1.688384270727325e-01 -2.492263259387959e+00  7.175845971236334e-07  4.861278065577732e-08 
 2.344228815319865e+08  4.586643355379535e+01 -6.756716987148906e+02  1.379608566843553e-05 -2.087239687912321e-04  1.610823559966114e-01 -2.436058587131065e+00  7.177396220998403e-07  4.745993484073089e-08 
 2.398832919019432e+08  4.381114872389946e+01 -6.604278756258262e+02  1.316117893413985e-05 -2.040149192910094e-04  1.536722346812610e-01 -2.381098347423455e+00  7.178877232597306e-07  4.633130895028954e-08 
 2.454708915684971e+08  4.184757445097781e+01 -6.455219954140431e+02  1.255460290103764e-05 -1.994102648098642e-04  1.465927665483273e-01 -2.327356522568633e+00  7.180292063199113e-07  4.522636703345321e-08 
 2.511886431509519e+08  3.997165238323362e+01 -6.309469639756810e+02  1.197510388651463e-05 -1.949078138697190e-04  1.398293196215491e-01 -2.274807535396628e+00  7.181643636942821e-07  4.414458158691941e-08 
 2.570395782768801e+08  3.817950078180395e+01 -6.166958093473777e+02  1.142148276621558e-05 -1.905054127232458e-04  1.333678986848306e-01 -2.223426249100497e+00  7.182934750503912e-07  4.308543354336213e-08 
 2.630267991895318e+08  3.646740709654370e+01 -6.027616814871336e+02  1.089259268059837e-05 -1.862009452861672e-04  1.271951185149831e-01 -2.173187966446202e+00  7.184168078442776e-07  4.204841224698172e-08 
 2.691534803926850e+08  3.483182083068937e+01 -5.891378518961722e+02  1.038733683072719e-05 -1.819923330204391e-04  1.212981781559938e-01 -2.124068428409208e+00  7.185346178344595e-07  4.103301541738800e-08 
 2.754228703338099e+08  3.326934668526835e+01 -5.758177130956155e+02  9.904666360483135e-06 -1.778775347725840e-04  1.156648362018894e-01 -2.076043812287645e+00  7.186471495757210e-07  4.003874910280824e-08 
 2.818382931264385e+08  3.177673797420598e+01 -5.627947779708851e+02  9.443578322397156e-06 -1.738545465711620e-04  1.102833870555728e-01 -2.029090729338549e+00  7.187546368933565e-07  3.906512762354658e-08 
 2.884031503126535e+08  3.035089030118982e+01 -5.500626789958649e+02  9.003113724343612e-06 -1.699214013870988e-04  1.051426381313989e-01 -1.983186221980604e+00  7.188573033385094e-07  3.811167350655764e-08 
 2.951209226666313e+08  2.898883548947936e+01 -5.376151673480573e+02  8.582355654372271e-06 -1.660761688603399e-04  1.002318879697210e-01 -1.938307760603875e+00  7.189553626252441e-07  3.717791741193948e-08 
 3.019951720401942e+08  2.768773575599421e+01 -5.254461119251938e+02  8.180427481001457e-06 -1.623169549960622e-04  9.554090523215757e-02 -1.894433240024229e+00  7.190490190499696e-07  3.626339805209471e-08 
 3.090295432513515e+08  2.644487812117368e+01 -5.135494982730415e+02  7.796491126344301e-06 -1.586419018334532e-04  9.105990854690955e-02 -1.851540975617598e+00  7.191384678938351e-07  3.536766210425771e-08 
 3.162277660168301e+08  2.525766904627114e+01 -5.019194274334693e+02  7.429745409492935e-06 -1.550491870898566e-04  8.677954717407148e-02 -1.809609699166730e+00  7.192238958086855e-07  3.449026411703535e-08 
 3.235936569296203e+08  2.412362928992956e+01 -4.905501147212049e+02  7.079424457641696e-06 -1.515370237828901e-04  8.269088246153798e-02 -1.768618554450850e+00  7.193054811871749e-07  3.363076641156459e-08 
 3.311311214825829e+08  2.304038897607233e+01 -4.794358884371115e+02  6.744796182488742e-06 -1.481036598329516e-04  7.878537006278748e-02 -1.728547092606442e+00  7.193833945176031e-07  3.278873897784507e-08 
 3.388441561391942e+08  2.200568286534099e+01 -4.685711885252578e+02  6.425160819516158e-06 -1.447473776483643e-04  7.505484288853305e-02 -1.689375267285385e+00  7.194577987240376e-07  3.196375936676616e-08 
 3.467368504525231e+08  2.101734582251077e+01 -4.579505651805224e+02  6.119849527810472e-06 -1.414664936952394e-04  7.149149476495228e-02 -1.651083429634747e+00  7.195288494922609e-07  3.115541257830833e-08 
 3.548133892335666e+08  2.007330847252032e+01 -4.475686774129915e+02  5.828223048148765e-06 -1.382593580539920e-04  6.808786477194662e-02 -1.613652323120791e+00  7.195966955820783e-07  3.036329094636438e-08 
 3.630780547700923e+08  1.917159303795774e+01 -4.374202915749370e+02  5.549670417139290e-06 -1.351243539642977e-04  6.483682223562326e-02 -1.577063078218076e+00  7.196614791264956e-07  2.958699402059155e-08 
 3.715352290971633e+08  1.831030935105323e+01 -4.275002798557350e+02  5.283607735269650e-06 -1.320598973601451e-04  6.173155234994359e-02 -1.541297206982965e+00  7.197233359182652e-07  2.882612844567503e-08 
 3.801893963205517e+08  1.748765103343691e+01 -4.178036187496803e+02  5.029476986780072e-06 -1.290644363965154e-04  5.876554240323182e-02 -1.506336597529408e+00  7.197823956842892e-07  2.808030783835358e-08 
 3.890451449942709e+08  1.670189183712782e+01 -4.083253875012733e+02  4.786744909343344e-06 -1.261364509691025e-04  5.593256858598727e-02 -1.472163508423509e+00  7.198387823483443e-07  2.734915266253090e-08 
 3.981071705534873e+08  1.595138214042691e+01 -3.990607665322015e+02  4.554901911596780e-06 -1.232744522283789e-04  5.322668335718712e-02 -1.438760563012084e+00  7.198926142825851e-07  2.663229010277041e-08 
 4.073802778041025e+08  1.523454559259121e+01 -3.900050358539062e+02  4.333461036634881e-06 -1.204769820892075e-04  5.064220334700530e-02 -1.406110743699257e+00  7.199440045482604e-07  2.592935393644729e-08 
 4.168693834703249e+08  1.454987590136888e+01 -3.811535734693207e+02  4.121956969633777e-06 -1.177426127371088e-04  4.817369777460215e-02 -1.374197386184001e+00  7.199930611260731e-07  2.523998440480929e-08 
 4.265795188015819e+08  1.389593375767423e+01 -3.725018537670720e+02  3.919945087840181e-06 -1.150699461321999e-04  4.581597736035872e-02 -1.343004173670515e+00  7.200398871365883e-07  2.456382808317664e-08 
 4.365158322401550e+08  1.327134389187785e+01 -3.640454459111717e+02  3.727000551218192e-06 -1.124576135117396e-04  4.356408371263659e-02 -1.312515131062332e+00  7.200845810510883e-07  2.390053775049189e-08 
 4.466835921509519e+08  1.267479225638003e+01 -3.557800122289731e+02  3.542717432106789e-06 -1.099042748921375e-04  4.141327916983935e-02 -1.282714619150172e+00  7.201272368932540e-07  2.324977225841252e-08 
 4.570881896148635e+08  1.210502332932377e+01 -3.477013065999315e+02  3.366707882299163e-06 -1.074086185712114e-04  3.935903707923155e-02 -1.253587328802691e+00  7.201679444320398e-07  2.261119640012153e-08 
 4.677351412871864e+08  1.156083753448915e+01 -3.398051728474927e+02  3.198601336012132e-06 -1.049693606314111e-04  3.739703249463795e-02 -1.225118275168509e+00  7.202067893661019e-07  2.198448077901612e-08 
 4.786300923226262e+08  1.104108877259041e+01 -3.320875431362275e+02  3.038043747269481e-06 -1.025852444446620e-04  3.552313327579439e-02 -1.197292791897143e+00  7.202438535001113e-07  2.136930167741880e-08 
 4.897788193684338e+08  1.054468205937369e+01 -3.245444363761427e+02  2.884696860277622e-06 -1.002550401794257e-04  3.373339157275851e-02 -1.170096525385817e+00  7.202792149132905e-07  2.076534092544247e-08 
 5.011872336272596e+08  1.007057126608444e+01 -3.171719566359229e+02  2.738237511424694e-06 -9.797754431051941e-05  3.202403567940389e-02 -1.143515429058472e+00  7.203129481204814e-07  2.017228577012722e-08 
 5.128613839913518e+08  9.617756958040198e+00 -3.099662915666917e+02  2.598356961585916e-06 -9.575157913218455e-05  3.039146224062440e-02 -1.117535757682689e+00  7.203451242260510e-07  1.958982874495521e-08 
 5.248074602497592e+08  9.185284327207013e+00 -3.029237108377333e+02  2.464760257468001e-06 -9.357599227484985e-05  2.883222879845904e-02 -1.092144061729744e+00  7.203758110709283e-07  1.901766753983864e-08 
 5.370317963702390e+08  8.772241214834429e+00 -2.960405645854685e+02  2.337165620774027e-06 -9.144965622598902e-05  2.734304666291499e-02 -1.067327181782442e+00  7.204050733730499e-07  1.845550487166537e-08 
 5.495408738576105e+08  8.377756220357258e+00 -2.893132818768521e+02  2.215303864017391e-06 -8.937146785543282e-05  2.592077409381713e-02 -1.043072242994945e+00  7.204329728614839e-07  1.790304835547719e-08 
 5.623413251903347e+08  8.000996892919890e+00 -2.827383691882353e+02  2.098917831859093e-06 -8.734034794545850e-05  2.456240978054549e-02 -1.019366649608352e+00  7.204595684044910e-07  1.736001037634679e-08 
 5.754399373371422e+08  7.641168002022257e+00 -2.763124089006234e+02  1.987761866886890e-06 -8.535524072594359e-05  2.326508660703848e-02 -9.961980795253907e-01  7.204849161317683e-07  1.682610796201090e-08 
 5.888436553555739e+08  7.297509883925184e+00 -2.700320578121550e+02  1.881601298797661e-06 -8.341511341483980e-05  2.202606568993967e-02 -9.735544789472007e-01  7.205090695511158e-07  1.630106265630973e-08 
 6.025595860743423e+08  6.969296860586770e+00 -2.638940456685320e+02  1.780211955985710e-06 -8.151895576419137e-05  2.084273067824854e-02 -9.514240570748257e-01  7.205320796597512e-07  1.578460039347509e-08 
 6.165950018614663e+08  6.655835728031070e+00 -2.578951737120403e+02  1.683379698579751e-06 -7.966577961189662e-05  1.971258230330315e-02 -9.297952808777354e-01  7.205539950504903e-07  1.527645137330363e-08 
 6.309573444801769e+08  6.356464311175154e+00 -2.520323132497155e+02  1.590899972009916e-06 -7.785461843938327e-05  1.863323316837260e-02 -9.086568699313705e-01  7.205748620130030e-07  1.477634993724452e-08 
 6.456542290346388e+08  6.070550082261486e+00 -2.463024042411365e+02  1.502577380223414e-06 -7.608452693534670e-05  1.760240276757285e-02 -8.879977913254469e-01  7.205947246303438e-07  1.428403444542593e-08 
 6.606934480075788e+08  5.797488840158760e+00 -2.407024539062526e+02  1.418225277703407e-06 -7.435458056567674e-05  1.661791272423846e-02 -8.678072546444897e-01  7.206136248709453e-07  1.379924715463904e-08 
 6.760829753919642e+08  5.536703447906644e+00 -2.352295353535901e+02  1.337665379480328e-06 -7.266387514967967e-05  1.567768223928781e-02 -8.480747070218384e-01  7.206316026762623e-07  1.332173409729316e-08 
 6.918309709189185e+08  5.287642625987872e+00 -2.298807862291203e+02  1.260727388358271e-06 -7.101152644268272e-05  1.477972374050857e-02 -8.287898282681438e-01  7.206486960442369e-07  1.285124496135151e-08 
 7.079457843841195e+08  5.049779798915202e+00 -2.246534073860165e+02  1.187248638611174e-06 -6.939666972509083e-05  1.392213872406553e-02 -8.099425260751717e-01  7.206649411087479e-07  1.238753297125212e-08 
 7.244359600749712e+08  4.822611992821153e+00 -2.195446615754780e+02  1.117073755434584e-06 -6.781845939795159e-05  1.310311377989487e-02 -7.915229312955627e-01  7.206803722152147e-07  1.193035476981564e-08 
 7.413102413008982e+08  4.605658781834585e+00 -2.145518721587509e+02  1.050054329468472e-06 -6.627606858506722e-05  1.232091679299550e-02 -7.735213932990065e-01  7.206950219924929e-07  1.147947030113678e-08 
 7.585775750291640e+08  4.398461281121151e+00 -2.096724218404299e+02  9.860486057352752e-07 -6.476868874168082e-05  1.157389331296347e-02 -7.559284754051435e-01  7.207089214212158e-07  1.103464269445396e-08 
 7.762471166286714e+08  4.200581184553782e+00 -2.049037514230928e+02  9.249211863649019e-07 -6.329552926975213e-05  1.086046308443665e-02 -7.387349503933752e-01  7.207220998987178e-07  1.059563814898801e-08 
 7.943282347242607e+08  4.011599845065044e+00 -2.002433585832756e+02  8.665427465048823e-07 -6.185581713982524e-05  1.017911673142577e-02 -7.219317960896109e-01  7.207345853006675e-07  1.016222581973816e-08 
 8.128305161640779e+08  3.831117395815651e+00 -1.956887966687684e+02  8.107897628393275e-07 -6.044879651948252e-05  9.528412588805412e-03 -7.055101910298817e-01  7.207464040395392e-07  9.734177704220649e-09 
 8.317637711026491e+08  3.658751910392492e+00 -1.912376735171785e+02  7.575442541647778e-07 -5.907372840836785e-05  8.906973674523273e-03 -6.894615102006284e-01  7.207575811200356e-07  9.311268530133292e-09 
 8.511380382023541e+08  3.494138600325612e+00 -1.868876502956839e+02  7.066935334945364e-07 -5.772989027975562e-05  8.313484796360578e-03 -6.737773208553849e-01  7.207681401915819e-07  8.893275643926777e-09 
 8.709635899560577e+08  3.336929048286447e+00 -1.826364403618717e+02  6.581299711855789e-07 -5.641657572863279e-05  7.746689787339196e-03 -6.584493784074777e-01  7.207781035979943e-07  8.479978900261517e-09 
 8.912509381337219e+08  3.186790475399680e+00 -1.784818081455339e+02  6.117507686037865e-07 -5.513309412625442e-05  7.205388864123512e-03 -6.434696223982784e-01  7.207874924244169e-07  8.071160552326851e-09 
 9.120108393558856e+08  3.043405041168345e+00 -1.744215680512752e+02  5.674577418640183e-07 -5.387877028112863e-05  6.688436103007737e-03 -6.288301725404939e-01  7.207963265416390e-07  7.666605142998046e-09 
 9.332543007969663e+08  2.906469174576150e+00 -1.704535833817658e+02  5.251571152014207e-07 -5.265294410637799e-05  6.194737028311260e-03 -6.145233248358809e-01  7.208046246478672e-07  7.266099396804367e-09 
 9.549925860214106e+08  2.775692934992952e+00 -1.665757652814578e+02  4.847593235495147e-07 -5.145497029342253e-05  5.723246308228045e-03 -6.005415477667368e-01  7.208124043080470e-07  6.869432112680574e-09 
 9.772372209557847e+08  2.650799401568527e+00 -1.627860717005677e+02  4.461788239188848e-07 -5.028421799192275e-05  5.272965553389602e-03 -5.868774785604562e-01  7.208196819908125e-07  6.476394057472526e-09 
 9.999999999999734e+08  2.531524089856648e+00 -1.590825063791145e+02  4.093339151878752e-07 -4.914007049591753e-05  4.842941213606074e-03 -5.735239195263869e-01  7.208264731031360e-07  6.086777860166390e-09 
 1.023292992280727e+09  2.417614394466014e+00 -1.554631178507915e+02  3.741465659335272e-07 -4.802192493608889e-05  4.432262568446551e-03 -5.604738344641945e-01  7.208327920227555e-07  5.700377906809983e-09 
 1.047128548050872e+09  2.308829056586747e+00 -1.519259984664384e+02  3.405422499471262e-07 -4.692919197808109e-05  4.040059807507944e-03 -5.477203451428888e-01  7.208386521284433e-07  5.316990236093559e-09 
 1.071519305237578e+09  2.204937655291273e+00 -1.484692834368734e+02  3.084497890941903e-07 -4.586129552679953e-05  3.665502196402222e-03 -5.352567278496414e-01  7.208440658281732e-07  4.936412435556539e-09 
 1.096478196143156e+09  2.105720121556313e+00 -1.450911498948331e+02  2.778012031935434e-07 -4.481767243661257e-05  3.307796324664750e-03 -5.230764100074972e-01  7.208490445852555e-07  4.558443538385834e-09 
 1.122018454301933e+09  2.010966273998659e+00 -1.417898159757653e+02  2.485315666043000e-07 -4.379777222737633e-05  2.966184431951930e-03 -5.111729668610467e-01  7.208535989424810e-07  4.182883920770475e-09 
 1.148153621496852e+09  1.920475375361428e+00 -1.385635399172108e+02  2.205788712231972e-07 -4.280105680620172e-05  2.639942809055236e-03 -4.995401182291196e-01  7.208577385443348e-07  3.809535199776911e-09 
 1.174897554939498e+09  1.834055708829557e+00 -1.354106191765069e+02  1.938838956077000e-07 -4.182700019488078e-05  2.328380270410295e-03 -4.881717253235256e-01  7.208614721573163e-07  3.438200131708249e-09 
 1.202264434617381e+09  1.751524173293727e+00 -1.323293895665396e+02  1.683900799527922e-07 -4.087508826288817e-05  2.030836694925457e-03 -4.770617876328671e-01  7.208648076884168e-07  3.068682510910574e-09 
 1.230268770812348e+09  1.672705896720457e+00 -1.293182244092704e+02  1.440434066612849e-07 -3.994481846587286e-05  1.746681632093345e-03 -4.662044398704271e-01  7.208677522017817e-07  2.700787068988711e-09 
 1.258925411794133e+09  1.597433866823131e+00 -1.263755337067577e+02  1.207922862589008e-07 -3.903569958955406e-05  1.475312970482299e-03 -4.555939489851330e-01  7.208703119336066e-07  2.334319374393440e-09 
 1.288249551693099e+09  1.525548578264090e+00 -1.234997633293945e+02  9.858744841632754e-08 -3.814725149893443e-05  1.216155665832204e-03 -4.452247112345777e-01  7.208724923052781e-07  1.969085732341770e-09 
 1.318256738556371e+09  1.456897695651830e+00 -1.206893942210788e+02  7.738183785089824e-08 -3.727900489274428e-05  9.686605261013488e-04 -4.350912493190939e-01  7.208742979348104e-07  1.604893085031529e-09 
 1.348962882591617e+09  1.391335731629702e+00 -1.179429416210351e+02  5.713051489057167e-08 -3.643050106302849e-05  7.323030509278463e-04 -4.251882095758491e-01  7.208757326465781e-07  1.241548912111207e-09 
 1.380384264602847e+09  1.328723739383618e+00 -1.152589543020040e+02  3.779056049247013e-08 -3.560129165978949e-05  5.065823230810205e-04 -4.155103592319534e-01  7.208767994793830e-07  8.788611313657875e-10 
 1.412537544622716e+09  1.268929018925861e+00 -1.126360138245163e+02  1.932098551739973e-08 -3.479093846059850e-05  2.910199495851319e-04 -4.060525837155489e-01  7.208775006928618e-07  5.166379995790109e-10 
 1.445439770745888e+09  1.211824836540566e+00 -1.100727338069696e+02  1.682644070554279e-09 -3.399901314508777e-05  8.515905030026961e-05 -3.968098840238701e-01  7.208778377722510e-07  1.546880135324090e-10 
 1.479108388168167e+09  1.157290156803562e+00 -1.075677592112256e+02 -1.516184927300515e-08 -3.322509707423689e-05 -1.114367081568417e-04 -3.877773741472552e-01  7.208778114315200e-07 -2.071801888987011e-10 
 1.513561248436167e+09  1.105209386615270e+00 -1.051197656434477e+02 -3.124819853147255e-08 -3.246878107436658e-05 -2.991840351756498e-04 -3.789502785480987e-01  7.208774216148762e-07 -5.691579275921493e-10 
 1.548816618912439e+09  1.055472130710196e+00 -1.027274586699001e+02 -4.661050183372527e-08 -3.172966522575355e-05 -4.784808975321635e-04 -3.703239296937401e-01  7.208766674966480e-07 -9.314365790088206e-10 
 1.584893192461070e+09  1.007972958130353e+00 -1.003895731474308e+02 -6.128132354940723e-08 -3.100735865578127e-05 -6.497073612350482e-04 -3.618937656422887e-01  7.208755474795426e-07 -1.294207675045393e-09 
 1.621810097358885e+09  9.626111791726517e-01 -9.810487256836517e+01 -7.529176318300058e-08 -3.030147933654120e-05 -8.132263956036742e-04 -3.536553276803943e-01  7.208740591912776e-07 -1.657663001949905e-09 
 1.659586907437515e+09  9.192906323420708e-01 -9.587214841953502e+01 -8.867152117650202e-08 -2.961165388680066e-05 -9.693846412659676e-04 -3.456042580119787e-01  7.208721994795789e-07 -2.021994699340149e-09 
 1.698243652461697e+09  8.779194808631935e-01 -9.369021955517513e+01 -1.014489617588869e-07 -2.893751737825369e-05 -1.118513143688828e-03 -3.377362974969570e-01  7.208699644055331e-07 -2.387395359364500e-09 
 1.737800828749327e+09  8.384100183225653e-01 -9.155793158341834e+01 -1.136511729744135e-07 -2.827871314597211e-05 -1.260928053782328e-03 -3.300472834389798e-01  7.208673492352797e-07 -2.754058126045001e-09 
 1.778279410038874e+09  8.006784830333773e-01 -8.947415626612595e+01 -1.253040240159404e-07 -2.763489260297550e-05 -1.396931297050289e-03 -3.225331474212484e-01  7.208643484300320e-07 -3.122176794842112e-09 
 1.819700858609933e+09  7.646448807320958e-01 -8.743779093179090e+01 -1.364322199838163e-07 -2.700571505883892e-05 -1.526811212694303e-03 -3.151899131894542e-01  7.208609556343986e-07 -3.491945912480404e-09 
 1.862087136662816e+09  7.302328152340793e-01 -8.544775790125568e+01 -1.470593541855334e-07 -2.639084754225854e-05 -1.650843164015636e-03 -3.080136945809139e-01  7.208571636629838e-07 -3.863560877074199e-09 
 1.905460717963194e+09  6.973693266918091e-01 -8.350300392599011e+01 -1.572079580862058e-07 -2.578996462749675e-05 -1.769290121399553e-03 -3.010006934989811e-01  7.208529644852435e-07 -4.237218038591900e-09 
 1.949844599757991e+09  6.659847371152432e-01 -8.160249963867702e+01 -1.668995490150247e-07 -2.520274826462853e-05 -1.882403219109320e-03 -2.941471979318236e-01  7.208483492085573e-07 -4.613114799697252e-09 
 1.995262314968824e+09  6.360125028289781e-01 -7.974523901585746e+01 -1.761546757281541e-07 -2.462888761351255e-05 -1.990422287062440e-03 -2.874495800146746e-01  7.208433080594893e-07 -4.991449717005603e-09 
 2.041737944669473e+09  6.073890735554140e-01 -7.793023885239120e+01 -1.849929619240494e-07 -2.406807888141161e-05 -2.093576358709317e-03 -2.809042941346733e-01  7.208378303631948e-07 -5.372422602792524e-09 
 2.089296130853981e+09  5.800537578269745e-01 -7.615653824749049e+01 -1.934331478028975e-07 -2.352002516418738e-05 -2.192084156084628e-03 -2.745078750774245e-01  7.208319045209296e-07 -5.756234627191899e-09 
 2.137962089502173e+09  5.539485944437016e-01 -7.442319810209072e+01 -2.014931297577737e-07 -2.298443629099676e-05 -2.286154553053726e-03 -2.682569362144247e-01  7.208255179856207e-07 -6.143088420919693e-09 
 2.187761623949492e+09  5.290182297051887e-01 -7.272930062732287e+01 -2.091899982812094e-07 -2.246102867241680e-05 -2.375987017730902e-03 -2.621481677305052e-01  7.208186572354402e-07 -6.533188178559387e-09 
 2.238721138568277e+09  5.052098001579475e-01 -7.107394886385885e+01 -2.165400741671116e-07 -2.194952515192794e-05 -2.461772035002508e-03 -2.561783348904698e-01  7.208113077453368e-07 -6.926739762443886e-09 
 2.290867652767709e+09  4.824728206108402e-01 -6.945626621190216e+01 -2.235589430844081e-07 -2.144965486068490e-05 -2.543691510046335e-03 -2.503442763441036e-01  7.208034539564574e-07 -7.323950807168371e-09 
 2.344228815319856e+09  4.607590771822967e-01 -6.787539597160236e+01 -2.302614885953707e-07 -2.096115307550687e-05 -2.621919153698692e-03 -2.446429024687556e-01  7.207950792434042e-07 -7.725030824767398e-09 
 2.398832919019423e+09  4.400225251535732e-01 -6.633050089367346e+01 -2.366619236883058e-07 -2.048376108001918e-05 -2.696620850482537e-03 -2.390711937487024e-01  7.207861658792536e-07 -8.130191310588695e-09 
 2.454708915684961e+09  4.202191914124212e-01 -6.482076274000178e+01 -2.427738208911803e-07 -2.001722602888003e-05 -2.767955010073618e-03 -2.336261991905188e-01  7.207766949982676e-07 -8.539645849895134e-09 
 2.511886431509510e+09  4.013070812811733e-01 -6.334538185403159e+01 -2.486101410297697e-07 -1.956130081502702e-05 -2.836072902946761e-03 -2.283050347736928e-01  7.207666465562231e-07 -8.953610225225146e-09 
 2.570395782768792e+09  3.832460895324734e-01 -6.190357674072091e+01 -2.541832606910648e-07 -1.911574393987926e-05 -2.901118980911159e-03 -2.231048819357365e-01  7.207559992882747e-07 -9.372302524540569e-09 
 2.630267991895308e+09  3.659979154046833e-01 -6.049458365586373e+01 -2.595049984499508e-07 -1.868031938643212e-05 -2.963231183211794e-03 -2.180229860910564e-01  7.207447306642661e-07 -9.795943250189674e-09 
 2.691534803926840e+09  3.495259814374174e-01 -5.911765620457820e+01 -2.645866399145712e-07 -1.825479649518270e-05 -3.022541228843713e-03 -2.130566551828633e-01  7.207328168413992e-07 -1.022475542871153e-08 
 2.754228703338089e+09  3.337953559556921e-01 -5.777206494876459e+01 -2.694389616433021e-07 -1.783894984282541e-05 -3.079174895696870e-03 -2.082032582674126e-01  7.207202326141652e-07 -1.065896472150626e-08 
 2.818382931264374e+09  3.187726790388615e-01 -5.645709702333987e+01 -2.740722539838873e-07 -1.743255912365799e-05 -3.133252287121536e-03 -2.034602241298772e-01  7.207069513614321e-07 -1.109879953639410e-08 
 2.884031503126524e+09  3.044260918178511e-01 -5.517205576105999e+01 -2.784963428830145e-07 -1.703540903363961e-05 -3.184888086477783e-03 -1.988250399311759e-01  7.206929449905863e-07 -1.154449114008400e-08 
 2.951209226666302e+09  2.907251689512116e-01 -5.391626032574400e+01 -2.827206107124438e-07 -1.664728915704361e-05 -3.234191800207205e-03 -1.942952498850822e-01  7.206781838786102e-07 -1.199627377157080e-08 
 3.019951720401930e+09  2.776408541372158e-01 -5.268904535371818e+01 -2.867540161557281e-07 -1.626799385564872e-05 -3.281267989940900e-03 -1.898684539649623e-01  7.206626368099799e-07 -1.245438475647729e-08 
 3.090295432513503e+09  2.651453985256200e-01 -5.148976060330159e+01 -2.906051131975836e-07 -1.589732216041366e-05 -3.326216494134599e-03 -1.855423066394957e-01  7.206462709112560e-07 -1.291906462235552e-08 
 3.162277660168289e+09  2.532123018988291e-01 -5.031777061215800e+01 -2.942820692560781e-07 -1.553507766558082e-05 -3.369132639699744e-03 -1.813145156367475e-01  7.206290515822342e-07 -1.339055721495864e-08 
 3.235936569296190e+09  2.418162564980406e-01 -4.917245436234251e+01 -2.977926824959949e-07 -1.518106842515637e-05 -3.410107444078211e-03 -1.771828407359751e-01  7.206109424235186e-07 -1.386910981549173e-08 
 3.311311214825816e+09  2.309330933755301e-01 -4.805320495287511e+01 -3.011443983600075e-07 -1.483510685171456e-05 -3.449227808188298e-03 -1.731450925865630e-01  7.205919051603753e-07 -1.435497325884737e-08 
 3.388441561391928e+09  2.205397311595656e-01 -4.695942927967587e+01 -3.043443253526427e-07 -1.449700961747544e-05 -3.486576700650181e-03 -1.691991315534901e-01  7.205718995627064e-07 -1.484840205282772e-08 
 3.467368504525217e+09  2.106141271235333e-01 -4.589054772270060e+01 -3.073992501104415e-07 -1.416659755760616e-05 -3.522233333680801e-03 -1.653428665887483e-01  7.205508833609897e-07 -1.534965449835147e-08 
 3.548133892335652e+09  2.011352304557224e-01 -4.484599384011867e+01 -3.103156517902117e-07 -1.384369557569684e-05 -3.556273331030460e-03 -1.615742541281432e-01  7.205288121580177e-07 -1.585899281064041e-08 
 3.630780547700909e+09  1.920829376308633e-01 -4.382521406937797e+01 -3.130997158058364e-07 -1.352813255136330e-05 -3.588768888316648e-03 -1.578912970129157e-01  7.205056393362553e-07 -1.637668324137533e-08 
 3.715352290971618e+09  1.834380497889513e-01 -4.282766743500517e+01 -3.157573469427165e-07 -1.321974124992960e-05 -3.619788926094538e-03 -1.542920434356391e-01  7.204813159606365e-07 -1.690299620180712e-08 
 3.801893963205502e+09  1.751822320311313e-01 -4.185282526299277e+01 -3.182941818776218e-07 -1.291835823414467e-05 -3.649399235988314e-03 -1.507745859098558e-01  7.204557906766075e-07 -1.743820638680338e-08 
 3.890451449942693e+09  1.672979745464669e-01 -4.090017090162699e+01 -3.207156011304607e-07 -1.262382377788784e-05 -3.677662620192743e-03 -1.473370602629278e-01  7.204290096032146e-07 -1.798259289980576e-08 
 3.981071705534857e+09  1.597685554872875e-01 -3.996919944861422e+01 -3.230267404732854e-07 -1.233598178181947e-05 -3.704639024640513e-03 -1.439776446515875e-01  7.204009162210271e-07 -1.853643937866741e-08 
 4.073802778041009e+09  1.525780055145033e-01 -3.905941748436634e+01 -3.252325018206974e-07 -1.205467969093335e-05 -3.730385666117373e-03 -1.406945585996864e-01  7.203714512546765e-07 -1.910003412233345e-08 
 4.168693834703233e+09  1.457110739378077e-01 -3.817034281130802e+01 -3.273375636247289e-07 -1.177976841396893e-05 -3.754957153594416e-03 -1.374860620576486e-01  7.203405525497846e-07 -1.967367021832086e-08 
 4.265795188015802e+09  1.391531963790586e-01 -3.730150419907250e+01 -3.293463907962228e-07 -1.151110224464176e-05 -3.778405604034577e-03 -1.343504544831464e-01  7.203081549440376e-07 -2.025764567094685e-08 
 4.365158322401532e+09  1.328904638903525e-01 -3.645244113545462e+01 -3.312632441737387e-07 -1.124853878465201e-05 -3.800780752918754e-03 -1.312860739425281e-01  7.202741901321632e-07 -2.085226353024676e-08 
 4.466835921509501e+09  1.269095934613785e-01 -3.562270358299302e+01 -3.330921895600528e-07 -1.099193886843135e-05 -3.822130059725829e-03 -1.282912962325336e-01  7.202385865245443e-07 -2.145783202151435e-08 
 4.570881896148617e+09  1.211978998535826e-01 -3.481185174105607e+01 -3.348371063454109e-07 -1.074116648958951e-05 -3.842498808590188e-03 -1.253645340218487e-01  7.202012690992073e-07 -2.207466467538821e-08 
 4.677351412871845e+09  1.157432687014756e-01 -3.401945581330861e+01 -3.365016957358132e-07 -1.049608872902256e-05 -3.861930204350135e-03 -1.225042360120534e-01  7.201621592468914e-07 -2.270308045839791e-08 
 4.786300923226243e+09  1.105341308240993e-01 -3.324509578043938e+01 -3.380894886037866e-07 -1.025657568464607e-05 -3.880465464190928e-03 -1.197088861175336e-01  7.201211746089207e-07 -2.334340390387378e-08 
 4.897788193684319e+09  1.055594376922294e-01 -3.248836117803161e+01 -3.396038529782913e-07 -1.002250040271654e-05 -3.898143905076774e-03 -1.169770026639313e-01  7.200782289075583e-07 -2.399596524311201e-08 
 5.011872336272576e+09  1.008086379993351e-01 -3.174885087946169e+01 -3.410480011896565e-07 -9.793738810705960e-06 -3.915003027157304e-03 -1.143071376047207e-01  7.200332317685364e-07 -2.466110053667536e-08 
 5.128613839913499e+09  9.627165528665470e-02 -3.102617288371330e+01 -3.424249966847044e-07 -9.570169651694575e-06 -3.931078593325523e-03 -1.116978757555044e-01  7.199860885354269e-07 -2.533915180569650e-08 
 5.248074602497573e+09  9.193886657497477e-02 -3.031994410799688e+01 -3.437377605265323e-07 -9.351674420248007e-06 -3.946404705096091e-03 -1.091478340456328e-01  7.199367000755091e-07 -2.603046716303693e-08 
 5.370317963702371e+09  8.780108195783512e-02 -2.962979018506679e+01 -3.449890775927534e-07 -9.138137299745550e-06 -3.961013874965076e-03 -1.066556607867617e-01  7.198849625767835e-07 -2.673540094413975e-08 
 5.495408738576085e+09  8.384952511291274e-02 -2.895534526513062e+01 -3.461816024853599e-07 -8.929445101127102e-06 -3.974937095404856e-03 -1.042200349579657e-01  7.198307673357542e-07 -2.745431383739798e-08 
 5.623413251903326e+09  8.007581469028625e-02 -2.829625182224770e+01 -3.473178651647727e-07 -8.725487203027069e-06 -3.988203904640804e-03 -1.018396655070404e-01  7.197740005356028e-07 -2.818757301384380e-08 
 5.754399373371401e+09  7.647194653813533e-02 -2.765216046511574e+01 -3.484002763200494e-07 -8.526155493264145e-06 -4.000842449349565e-03 -9.951329066762878e-02  7.197145430143540e-07 -2.893555225594461e-08 
 5.888436553555717e+09  7.303027672820570e-02 -2.702272975214725e+01 -3.494311324866756e-07 -8.331344311656628e-06 -4.012879544412272e-03 -9.723967729181762e-02  7.196522700226187e-07 -2.969863208527244e-08 
 6.025595860743402e+09  6.974350534506217e-02 -2.640762601073895e+01 -3.504126209228342e-07 -8.140950394133658e-06 -4.024340729849907e-03 -9.501762019785970e-02  7.195870509704942e-07 -3.047719988879289e-08 
 6.165950018614641e+09  6.660466100477096e-02 -2.580652316064011e+01 -3.513468242545320e-07 -7.954872818113288e-06 -4.035250325061992e-03 -9.284594153268048e-02  7.195187491631721e-07 -3.127165004349539e-08 
 6.309573444801747e+09  6.360708607019595e-02 -2.521910254132716e+01 -3.522357248994873e-07 -7.773012949119077e-06 -4.045631480484241e-03 -9.072349014884032e-02  7.194472215248061e-07 -3.208238403906423e-08 
 6.456542290346366e+09  6.074442253157181e-02 -2.464505274329481e+01 -3.530812092792146e-07 -7.595274388607545e-06 -4.055506226775323e-03 -8.864914099562822e-02  7.193723183101628e-07 -3.290981059826242e-08 
 6.606934480075767e+09  5.801059852242250e-02 -2.408406944317486e+01 -3.538850718282977e-07 -7.421562922979302e-06 -4.064895521637756e-03 -8.662179452397063e-02  7.192938828035713e-07 -3.375434579467371e-08 
 6.760829753919620e+09  5.539981544224281e-02 -2.353585524259685e+01 -3.546490188094210e-07 -7.251786473747511e-06 -4.073819294372978e-03 -8.464037610484709e-02  7.192117510046717e-07 -3.461641316741792e-08 
 6.918309709189162e+09  5.290653565864436e-02 -2.300011951070590e+01 -3.553746719423281e-07 -7.085855048837729e-06 -4.082296488265977e-03 -8.270383546091048e-02  7.191257513004432e-07 -3.549644383242369e-08 
 7.079457843841171e+09  5.052547076289537e-02 -2.247657823025524e+01 -3.560635718544768e-07 -6.923680694993922e-06 -4.090345100890240e-03 -8.081114611101713e-02  7.190357041229837e-07 -3.639487658980808e-08 
 7.244359600749688e+09  4.825157035395679e-02 -2.196495384719281e+01 -3.567171813608108e-07 -6.765177451265992e-06 -4.097982222419621e-03 -7.896130482737898e-02  7.189414215924936e-07 -3.731215802687798e-08 
 7.413102413008958e+09  4.608001132723555e-02 -2.146497512366295e+01 -3.573368885796891e-07 -6.610261303554630e-06 -4.105224072029417e-03 -7.715333110505583e-02  7.188427071448999e-07 -3.824874261622809e-08 
 7.585775750291615e+09  4.400618764534775e-02 -2.097637699434599e+01 -3.579240098917027e-07 -6.458850140190072e-06 -4.112086032465197e-03 -7.538626664351383e-02  7.187393551435533e-07 -3.920509280837090e-08 
 7.762471166286690e+09  4.202570056920296e-02 -2.049890042606046e+01 -3.584797927477633e-07 -6.310863708521667e-06 -4.118582682853983e-03 -7.365917483998080e-02  7.186311504744023e-07 -4.018167911828945e-08 
 7.943282347242582e+09  4.013434932869898e-02 -2.003229228055392e+01 -3.590054183325571e-07 -6.166223572495889e-06 -4.124727829828951e-03 -7.197114029433729e-02  7.185178681240468e-07 -4.117898020525799e-08 
 8.128305161640754e+09  3.832812221324650e-02 -1.957630518041055e+01 -3.595020040891526e-07 -6.024853071200837e-06 -4.130534537035260e-03 -7.032126832528721e-02  7.183992727400582e-07 -4.219748294522556e-08 
 8.317637711026465e+09  3.660318806323298e-02 -1.913069737800483e+01 -3.599706061102745e-07 -5.886677278355851e-06 -4.136015153081408e-03 -6.870868449755804e-02  7.182751181729364e-07 -4.323768249500576e-08 
 8.511380382023514e+09  3.495588814438593e-02 -1.869523262743244e+01 -3.604122214014883e-07 -5.751622962725409e-06 -4.141181337997387e-03 -6.713253415988801e-02  7.181451469990746e-07 -4.430008234745937e-08 
 8.709635899560549e+09  3.338272838780573e-02 -1.826968005935099e+01 -3.608277900212834e-07 -5.619618549436860e-06 -4.146044088257901e-03 -6.559198199356109e-02  7.180090900240808e-07 -4.538519437679788e-08 
 8.912509381337191e+09  3.188037197921446e-02 -1.785381405866471e+01 -3.612181971027990e-07 -5.490594082182239e-06 -4.150613760426090e-03 -6.408621157125918e-02  7.178666657658086e-07 -4.649353887307249e-08 
 9.120108393558826e+09  3.044563228170672e-02 -1.744741414498869e+01 -3.615842747617080e-07 -5.364481186284677e-06 -4.154900093470505e-03 -6.261442492600436e-02  7.177175799164349e-07 -4.762564456484670e-08 
 9.332543007969633e+09  2.907546607699579e-02 -1.705026485582973e+01 -3.619268038945500e-07 -5.241213032610603e-06 -4.158912229805498e-03 -6.117584212997117e-02  7.175615247829273e-07 -4.878204862897989e-08 
 9.549925860214075e+09  2.776696711082327e-02 -1.666215563242221e+01 -3.622465158715970e-07 -5.120724302309283e-06 -4.162658735102721e-03 -5.976970088295365e-02  7.173981787052327e-07 -4.996329668637352e-08 
 9.772372209557816e+09  2.651735992884520e-02 -1.628288070815885e+01 -3.625440941281382e-07 -5.002951152361735e-06 -4.166147616919184e-03 -5.839525611027743e-02  7.172272054515254e-07 -5.116994278245370e-08 
 9.999999999999702e+09  2.532399398992362e-02 -1.591223899955757e+01 -3.628201756578776e-07 -4.887831181921560e-06 -4.169386342185014e-03 -5.705177956995290e-02  7.170482535898554e-07 -5.240254935107827e-08 
 1.023292992280724e+10  2.418433804434053e-02 -1.555003399970691e+01 -3.630753524119655e-07 -4.775303399430654e-06 -4.172381853592101e-03 -5.573855946887046e-02  7.168609558355454e-07 -5.366168716046925e-08 
 1.047128548050868e+10  2.309597476501250e-02 -1.519607367413382e+01 -3.633101726070107e-07 -4.665308190493160e-06 -4.175140584922727e-03 -5.445490008784372e-02  7.166649283736891e-07 -5.494793523967687e-08 
 1.071519305237574e+10  2.205659562032131e-02 -1.485017035903895e+01 -3.635251419452713e-07 -4.557787286491632e-06 -4.177668475355563e-03 -5.320012141531305e-02  7.164597701561354e-07 -5.626188078398380e-08 
 1.096478196143152e+10  2.106399597768737e-02 -1.451214066184563e+01 -3.637207247500591e-07 -4.452683733929560e-06 -4.179970982784526e-03 -5.197355878952470e-02  7.162450621723309e-07 -5.760411903755251e-08 
 1.122018454301930e+10  2.011607042750259e-02 -1.418180536401016e+01 -3.638973450192733e-07 -4.349941864485078e-06 -4.182053096184571e-03 -5.077456254900801e-02  7.160203666934566e-07 -5.897525315151187e-08 
 1.148153621496848e+10  1.921080831750616e-02 -1.385898932604202e+01 -3.640553873998315e-07 -4.249507265760972e-06 -4.183919347056766e-03 -4.960249769117684e-02  7.157852264892941e-07 -6.037589401556118e-08 
 1.174897554939494e+10  1.834628948813312e-02 -1.354352139468398e+01 -3.641951980856606e-07 -4.151326752716546e-06 -4.185573819983797e-03 -4.845674353888638e-02  7.155391640173031e-07 -6.180666006105157e-08 
 1.202264434617377e+10  1.752068019979149e-02 -1.323523431220286e+01 -3.643170856417929e-07 -4.055348339767329e-06 -4.187020162325625e-03 -4.733669341478182e-02  7.152816805834436e-07 -6.326817703337683e-08 
 1.230268770812345e+10  1.673222924343080e-02 -1.293396462774333e+01 -3.644213217570199e-07 -3.961521213539014e-06 -4.188261593083976e-03 -4.624175432327950e-02  7.150122554743080e-07 -6.476107773137406e-08 
 1.258925411794130e+10  1.597926422615384e-02 -1.263955261069764e+01 -3.645081419274595e-07 -3.869795706262443e-06 -4.189300910963194e-03 -4.517134664002664e-02  7.147303450602132e-07 -6.628600171129592e-08 
 1.288249551693095e+10  1.526018802399368e-02 -1.235184216604573e+01 -3.645777460733190e-07 -3.780123269796792e-06 -4.190140501654108e-03 -4.412490380868951e-02  7.144353818689457e-07 -6.784359495277170e-08 
 1.318256738556368e+10  1.457347539433372e-02 -1.207068075162079e+01 -3.646302990910678e-07 -3.692456450268607e-06 -4.190782344366786e-03 -4.310187204492542e-02  7.141267736299502e-07 -6.943450948402546e-08 
 1.348962882591613e+10  1.391766974078583e-02 -1.179591929725671e+01 -3.646659313431700e-07 -3.606748863314625e-06 -4.191228017637267e-03 -4.210171004739761e-02  7.138039022888326e-07 -7.105940296346131e-08 
 1.380384264602843e+10  1.329138002366594e-02 -1.152741212577460e+01 -3.646847390874887e-07 -3.522955169916798e-06 -4.191478704432944e-03 -4.112388871569771e-02  7.134661229921626e-07 -7.271893821456698e-08 
 1.412537544622712e+10  1.269327780951441e-02 -1.126501687576658e+01 -3.646867848484297e-07 -3.441031052818248e-06 -4.191535196580696e-03 -4.016789087504357e-02  7.131127630426546e-07 -7.441378271091586e-08 
 1.445439770745884e+10  1.212209445340391e-02 -1.100859442613606e+01 -3.646720977318769e-07 -3.360933193509314e-06 -4.191397898541721e-03 -3.923321100762602e-02  7.127431208249645e-07 -7.614460800787891e-08 
 1.479108388168163e+10  1.157661840805867e-02 -1.075800882235461e+01 -3.646406736859546e-07 -3.282619249773221e-06 -4.191066830556773e-03 -3.831935499048164e-02  7.123564647024674e-07 -7.791208911747740e-08 
 1.513561248436163e+10  1.105569265407838e-02 -1.051312720439640e+01 -3.645924757096553e-07 -3.206047833781226e-06 -4.190541631185572e-03 -3.742583983977325e-02  7.119520318855468e-07 -7.971690382262687e-08 
 1.548816618912435e+10  1.055821224581630e-02 -1.027381973631209e+01 -3.645274340113874e-07 -3.131178490727539e-06 -4.189821559264259e-03 -3.655219346136406e-02  7.115290272721165e-07 -8.155973192683599e-08 
 1.584893192461066e+10  1.008312196770684e-02 -1.003995953740493e+01 -3.644454461195280e-07 -3.057971677994635e-06 -4.188905495305185e-03 -3.569795440757592e-02  7.110866222612952e-07 -8.344125443523649e-08 
 1.621810097358881e+10  9.629414096071827e-03 -9.811422614972624e+00 -3.643463769471016e-07 -2.986388744839918e-06 -4.187791942363664e-03 -3.486267164002561e-02  7.106239535413702e-07 -8.536215266262602e-08 
 1.659586907437510e+10  9.196126261658479e-03 -9.588087798579421e+00 -3.642300588127760e-07 -2.916391912595120e-06 -4.186479026397138e-03 -3.404590429843818e-02  7.101401218534493e-07 -8.732310726401573e-08 
 1.698243652461693e+10  8.782339408375760e-03 -9.369836675823647e+00 -3.640962914204340e-07 -2.847944255370087e-06 -4.184964496142955e-03 -3.324722147533955e-02  7.096341907324604e-07 -8.932479718297969e-08 
 1.737800828749323e+10  8.387175843899655e-03 -9.156553529566624e+00 -3.639448417996709e-07 -2.781009681252998e-06 -4.183245722542027e-03 -3.246620199653506e-02  7.091051852274656e-07 -9.136789851291090e-08 
 1.778279410038869e+10  8.009797378012879e-03 -8.948125276589833e+00 -3.637754442096855e-07 -2.715552913999381e-06 -4.181319697736930e-03 -3.170243420728441e-02  7.085520906035770e-07 -9.345308326610059e-08 
 1.819700858609929e+10  7.649403544730583e-03 -8.744441407647813e+00 -3.635878000091506e-07 -2.651539475202638e-06 -4.179183033674403e-03 -3.095551576408717e-02  7.079738510281366e-07 -9.558101804537078e-08 
 1.862087136662811e+10  7.305229904441209e-03 -8.545393928885073e+00 -3.633815774948047e-07 -2.588935666939058e-06 -4.176831960343959e-03 -3.022505343199707e-02  7.073693682441936e-07 -9.775236261281360e-08 
 1.905460717963190e+10  6.976546422461455e-03 -8.350877304586001e+00 -3.631564117116710e-07 -2.527708554880685e-06 -4.174262323686192e-03 -2.951066288738621e-02  7.067375002347571e-07 -9.996776835001926e-08 
 1.949844599757986e+10  6.662655920566301e-03 -8.160788401227459e+00 -3.629119042379987e-07 -2.467825951869633e-06 -4.171469583206568e-03 -2.881196852608478e-02  7.060770598817562e-07 -1.022278766040180e-07 
 1.995262314968819e+10  6.362892598209898e-03 -7.975026432804461e+00 -3.626476229482362e-07 -2.409256401947772e-06 -4.168448809332891e-03 -2.812860327682428e-02  7.053868136241437e-07 -1.045333169130175e-07 
 2.041737944669468e+10  6.076620620300800e-03 -7.793492907399965e+00 -3.623631017575799e-07 -2.351969164835983e-06 -4.165194680557350e-03 -2.746020841991591e-02  7.046654801201230e-07 -1.068847051058907e-07 
 2.089296130853976e+10  5.803232768536315e-03 -7.616091574970498e+00 -3.620578403518977e-07 -2.295934200857386e-06 -4.161701480406981e-03 -2.680643341109882e-02  7.039117289190611e-07 -1.092826412692669e-07 
 2.137962089502167e+10  5.542149153435412e-03 -7.442728376319943e+00 -3.617313039071116e-07 -2.241122156299249e-06 -4.157963094289644e-03 -2.616693571049519e-02  7.031241791492748e-07 -1.117277075759985e-07 
 2.187761623949486e+10  5.292815984338532e-03 -7.273311393234534e+00 -3.613829228024383e-07 -2.187504349208482e-06 -4.153973006266204e-03 -2.554138061661251e-02  7.023013982285696e-07 -1.142204659687302e-07 
 2.238721138568272e+10  5.054704394765352e-03 -7.107750799752530e+00 -3.610120923322085e-07 -2.135052755615764e-06 -4.149724295803333e-03 -2.492944110533466e-02  7.014419006050976e-07 -1.167614556922843e-07 
 2.290867652767703e+10  4.827309320639240e-03 -6.945958814542889e+00 -3.606181724213614e-07 -2.083739996183624e-06 -4.145209634565638e-03 -2.433079767384638e-02  7.005441465369124e-07 -1.193511906686052e-07 
 2.344228815319851e+10  4.610148428999035e-03 -6.787849654367626e+00 -3.602004873500889e-07 -2.033539323273838e-06 -4.140421283310142e-03 -2.374513818943662e-02  6.996065409193779e-07 -1.219901567080821e-07 
 2.398832919019417e+10  4.402761094926008e-03 -6.633339488603256e+00 -3.597583254935250e-07 -1.984424608429673e-06 -4.135351088951040e-03 -2.317215774312804e-02  6.986274321704849e-07 -1.246788085512019e-07 
 2.454708915684955e+10  4.204707424516049e-03 -6.482346394797200e+00 -3.592909390828149e-07 -1.936370330268573e-06 -4.129990481867603e-03 -2.261155850808056e-02  6.976051111850265e-07 -1.274175667346725e-07 
 2.511886431509503e+10  4.015567321824853e-03 -6.334790315235643e+00 -3.587975439943685e-07 -1.889351562780882e-06 -4.124330473533599e-03 -2.206304960271730e-02  6.965378103695582e-07 -1.302068142764215e-07 
 2.570395782768785e+10  3.834939597807050e-03 -6.190593014499800e+00 -3.582773195746001e-07 -1.843343964030250e-06 -4.118361654552196e-03 -2.152634695852127e-02  6.954237027710783e-07 -1.330468931742126e-07 
 2.630267991895301e+10  3.662441119359408e-03 -6.049678037988137e+00 -3.577294085079680e-07 -1.798323765251246e-06 -4.112074193186316e-03 -2.100117319245042e-02  6.942609013134210e-07 -1.359381007130466e-07 
 2.691534803926833e+10  3.497705996663216e-03 -5.911970671382551e+00 -3.571529167366803e-07 -1.754267760339635e-06 -4.105457834480647e-03 -2.048725748391746e-02  6.930474581564567e-07 -1.388806855770398e-07 
 2.754228703338082e+10  3.340384807102208e-03 -5.777397901037040e+00 -3.565469134409883e-07 -1.711153295730587e-06 -4.098501900077951e-03 -1.998433545627895e-02  6.917813641943315e-07 -1.418748437620956e-07 
 2.818382931264367e+10  3.190143854110003e-03 -5.645888375267887e+00 -3.559104310895744e-07 -1.668958260659845e-06 -4.091195288839027e-03 -1.949214906277531e-02  6.904605487101478e-07 -1.449207142864344e-07 
 2.884031503126517e+10  3.046664459375071e-03 -5.517372366524826e+00 -3.552424655701398e-07 -1.627661077802593e-06 -4.083526478382542e-03 -1.901044647686024e-02  6.890828792056920e-07 -1.480183746969202e-07 
 2.951209226666295e+10  2.909642286902026e-03 -5.391781734423163e+00 -3.545419764109021e-07 -1.587240694284377e-06 -4.075483527667905e-03 -1.853898198685340e-02  6.876461614260288e-07 -1.511678363701333e-07 
 3.019951720401923e+10  2.778786697495612e-03 -5.269049889617269e+00 -3.538078871043305e-07 -1.547676573057951e-06 -4.067054080751451e-03 -1.807751589484515e-02  6.861481396000130e-07 -1.543690396083065e-07 
 3.090295432513495e+10  2.653820132298246e-03 -5.149111758496265e+00 -3.530390855450570e-07 -1.508948684639411e-06 -4.058225371853209e-03 -1.762581441977560e-02  6.845864969189947e-07 -1.576218485315661e-07 
 3.162277660168282e+10  2.534477524073667e-03 -5.031903748683248e+00 -3.522344245945140e-07 -1.471037499196307e-06 -4.048984231878569e-03 -1.718364960460322e-02  6.829588562772101e-07 -1.609260457694245e-07 
 3.235936569296183e+10  2.420505734988031e-03 -4.917363715319721e+00 -3.513927227854427e-07 -1.433923978979681e-06 -4.039317096545977e-03 -1.675079922746947e-02  6.812627812985313e-07 -1.642813269561606e-07 
 3.311311214825809e+10  2.311663019696035e-03 -4.805430928117404e+00 -3.505127651799805e-07 -1.397589571091153e-06 -4.029210016278278e-03 -1.632704671675619e-02  6.794957776753839e-07 -1.676872950366077e-07 
 3.388441561391921e+10  2.207718512593292e-03 -4.696046039159921e+00 -3.495933043955808e-07 -1.362016200575195e-06 -4.018648668021570e-03 -1.591218106992183e-02  6.776552948467166e-07 -1.711434543909685e-07 
 3.467368504525209e+10  2.108451738147504e-03 -4.589151051437354e+00 -3.486330618135088e-07 -1.327186263825694e-06 -4.007618369161059e-03 -1.550599677598981e-02  6.757387280428855e-07 -1.746492047895872e-07 
 3.548133892335645e+10  2.013652143269826e-03 -4.484689288096926e+00 -3.476307289850822e-07 -1.293082622294645e-06 -3.996104093708348e-03 -1.510829374154904e-02  6.737434207261812e-07 -1.782038351911460e-07 
 3.630780547700901e+10  1.923118650734680e-03 -4.382605362393572e+00 -3.465849692511967e-07 -1.259688596489596e-06 -3.984090490938761e-03 -1.471887722011127e-02  6.716666674564548e-07 -1.818065174005283e-07 
 3.715352290971610e+10  1.836659232700818e-03 -4.282845148324437e+00 -3.454944195909452e-07 -1.226987960244943e-06 -3.971561906660464e-03 -1.433755774465351e-02  6.695057172118561e-07 -1.854562996055943e-07 
 3.801893963205494e+10  1.754090503429140e-03 -4.185355751931756e+00 -3.443576927153006e-07 -1.194964935250639e-06 -3.958502407298977e-03 -1.396415106315579e-02  6.672577771950343e-07 -1.891520998153621e-07 
 3.890451449942685e+10  1.675237330333446e-03 -4.090085483258889e+00 -3.431733794218823e-07 -1.163604185820206e-06 -3.944895806981219e-03 -1.359847807692502e-02  6.649200171552669e-07 -1.928926992255683e-07 
 3.981071705534849e+10  1.599932462539201e-03 -3.996983828944672e+00 -3.419400512267184e-07 -1.132890813878100e-06 -3.930725697802023e-03 -1.324036478147509e-02  6.624895742568047e-07 -1.966767355412938e-07 
 4.073802778041000e+10  1.528016176162505e-03 -3.906001425441520e+00 -3.406562632886465e-07 -1.102810354144556e-06 -3.915975483452925e-03 -1.288964220971093e-02  6.599635585232130e-07 -2.005026962902738e-07 
 4.168693834703224e+10  1.459335935556957e-03 -3.817090032843147e+00 -3.393205576415460e-07 -1.073348769494023e-06 -3.900628416387887e-03 -1.254614637714120e-02  6.573390588866480e-07 -2.043689121646509e-07 
 4.265795188015794e+10  1.393746069809886e-03 -3.730202509307956e+00 -3.379314667489100e-07 -1.044492446461129e-06 -3.884667638692739e-03 -1.220971822881935e-02  6.546131498697047e-07 -2.082735504332515e-07 
 4.365158322401524e+10  1.331107463801857e-03 -3.645292786064608e+00 -3.364875173943808e-07 -1.016228190865928e-06 -3.868076226814927e-03 -1.188020358768758e-02  6.517828989257627e-07 -2.122146084709519e-07 
 4.466835921509492e+10  1.271287263174144e-03 -3.562315842986479e+00 -3.349872349206847e-07 -9.885432235278704e-07 -3.850837240296556e-03 -1.155745310397198e-02  6.488453744615118e-07 -2.161899074563018e-07 
 4.570881896148608e+10  1.214158592578409e-03 -3.481227684722078e+00 -3.334291478279707e-07 -9.614251760356246e-07 -3.832933774637200e-03 -1.124132220525006e-02  6.457976545625491e-07 -2.201970862932667e-07 
 4.677351412871836e+10  1.159600286610957e-03 -3.401985317368771e+00 -3.318117927407850e-07 -9.348620865375191e-07 -3.814349018392647e-03 -1.093167104678537e-02  6.426368364395587e-07 -2.242335958176647e-07 
 4.786300923226234e+10  1.107496632860825e-03 -3.324546725677441e+00 -3.301337197508326e-07 -9.088423955150371e-07 -3.795066314591777e-03 -1.062836446169648e-02  6.393600466085611e-07 -2.282966933535720e-07 
 4.897788193684309e+10  1.057737126526641e-03 -3.248870850776005e+00 -3.283934981402314e-07 -8.833549414995159e-07 -3.775069226525682e-03 -1.033127191050191e-02  6.359644518140056e-07 -2.323834376895625e-07 
 5.011872336272565e+10  1.010216236081695e-03 -3.174917568399982e+00 -3.265897224871590e-07 -8.583889566899816e-07 -3.754341607930890e-03 -1.004026742955686e-02  6.324472706980708e-07 -2.364906845490751e-07 
 5.128613839913487e+10  9.648331794900962e-04 -3.102647667618560e+00 -3.247210191525920e-07 -8.339340624280039e-07 -3.732867677551802e-03 -9.755229577873899e-03  6.288057862133663e-07 -2.406150826333616e-07 
 5.248074602497561e+10  9.214917104991937e-04 -3.032022830044905e+00 -3.227860531432561e-07 -8.099802644835523e-07 -3.710632098026236e-03 -9.476041381798360e-03  6.250373587693028e-07 -2.447530703192713e-07 
 5.370317963702358e+10  8.800999145548395e-04 -2.963005609519672e+00 -3.207835353419153e-07 -7.865179481041965e-07 -3.687620058992166e-03 -9.202590276989985e-03  6.211394400947052e-07 -2.489008730974685e-07 
 5.495408738576073e+10  8.405700139064022e-04 -2.895559412256964e+00 -3.187122300917474e-07 -7.635378727786484e-07 -3.663817364263338e-03 -8.934768047147091e-03  6.171095877907736e-07 -2.530545018394383e-07 
 5.623413251903313e+10  8.028181814879136e-04 -2.829648477442202e+00 -3.165709631167736e-07 -7.410311666646443e-07 -3.639210522866592e-03 -8.672470758897982e-03  6.129454805392725e-07 -2.572097519836885e-07 
 5.754399373371387e+10  7.667643631803140e-04 -2.765237858271627e+00 -3.143586297551768e-07 -7.189893206306125e-07 -3.613786843674642e-03 -8.415598692278136e-03  6.086449339209009e-07 -2.613622037327872e-07 
 5.888436553555704e+10  7.323321080774847e-04 -2.702293403423383e+00 -3.120742034768481e-07 -6.974041818605167e-07 -3.587534533304961e-03 -8.164056266210837e-03  6.042059167881900e-07 -2.655072233531326e-07 
 6.025595860743387e+10  6.994484063957009e-04 -2.640781738950357e+00 -3.097167446507128e-07 -6.762679469717463e-07 -3.560442796888887e-03 -7.917751958414711e-03  5.996265681260767e-07 -2.696399656685227e-07 
 6.165950018614626e+10  6.680435346823024e-04 -2.580670250585181e+00 -3.072854095213335e-07 -6.555731545970853e-07 -3.532501941245483e-03 -7.676598219174779e-03  5.949052143216172e-07 -2.737553778365202e-07 
 6.309573444801733e+10  6.380509079948226e-04 -2.521927066448003e+00 -3.047794593480461e-07 -6.353126773836172e-07 -3.503703479922950e-03 -7.440511378434750e-03  5.900403867522260e-07 -2.778482044931849e-07 
 6.456542290346350e+10  6.094069387365515e-04 -2.464521040147882e+00 -3.021982696535098e-07 -6.154797133640279e-07 -3.474040239497132e-03 -7.209411545698197e-03  5.850308395895190e-07 -2.819129943468315e-07 
 6.606934480075750e+10  5.820509018485886e-04 -2.408421734268826e+00 -2.995413395221574e-07 -5.960677766592060e-07 -3.443506466443170e-03 -6.983222502265732e-03  5.798755677034661e-07 -2.859441082949710e-07 
 6.760829753919602e+10  5.559248060718789e-04 -2.353599404231726e+00 -2.968083008826849e-07 -5.770706874753269e-07 -3.412097933823376e-03 -6.761871585384632e-03  5.745738245393021e-07 -2.899357291303991e-07 
 6.918309709189143e+10  5.309732710055689e-04 -2.300024982523648e+00 -2.939989277025632e-07 -5.584825613638197e-07 -3.379812046963688e-03 -6.545289563947267e-03  5.691251398277343e-07 -2.938818728924461e-07 
 7.079457843841153e+10  5.071434097002560e-04 -2.247670063286089e+00 -2.911131450166862e-07 -5.402977977187506e-07 -3.346647947223605e-03 -6.333410505445175e-03  5.635293369776522e-07 -2.977764019076438e-07 
 7.244359600749669e+10  4.843847165364413e-04 -2.196506887254055e+00 -2.881510377068444e-07 -5.225110674932439e-07 -3.312606612902142e-03 -6.126171633967131e-03  5.577865499900516e-07 -3.016130395504835e-07 
 7.413102413008937e+10  4.626489601496483e-04 -2.146508327037965e+00 -2.851128589438608e-07 -5.051173001245669e-07 -3.277690956266581e-03 -5.923513179121524e-03  5.518972397225038e-07 -3.053853867395574e-07 
 7.585775750291594e+10  4.418900811743739e-04 -2.097647872740569e+00 -2.819990382000858e-07 -4.881116696664172e-07 -3.241905915643233e-03 -5.725378215865844e-03  5.458622093255155e-07 -3.090869401672393e-07 
 7.762471166286668e+10  4.220640945892344e-04 -2.049899617901281e+00 -2.788101887367048e-07 -4.714895801367177e-07 -3.205258541472131e-03 -5.531712495338282e-03  5.396826186658367e-07 -3.127111122423000e-07 
 7.943282347242560e+10  4.031289964554218e-04 -2.003238245760448e+00 -2.755471144680712e-07 -4.552466500997427e-07 -3.167758075201813e-03 -5.342464266907375e-03  5.333599975474618e-07 -3.162512527045909e-07 
 8.128305161640732e+10  3.850446748499060e-04 -1.957639015836278e+00 -2.722108161042167e-07 -4.393786965125924e-07 -3.129416019888197e-03 -5.157584091784284e-03  5.268962575390155e-07 -3.197006718493799e-07 
 8.317637711026443e+10  3.677728248037335e-04 -1.913077750807331e+00 -2.688024964729402e-07 -4.238817178777690e-07 -3.090246201364384e-03 -4.977024648677145e-03  5.202937022167055e-07 -3.230526652763451e-07 
 8.511380382023491e+10  3.512768670642828e-04 -1.869530823693585e+00 -2.653235649245484e-07 -4.087518767556996e-07 -3.050264818867448e-03 -4.800740532105966e-03  5.135550356352607e-07 -3.263005400549122e-07 
 8.709635899560526e+10  3.355218705084849e-04 -1.826975145329307e+00 -2.617756407255379e-07 -3.939854817033696e-07 -3.009490484045233e-03 -4.628688044138058e-03  5.066833688455008e-07 -3.294376421739148e-07 
 8.912509381337167e+10  3.204744780418109e-04 -1.785388152121076e+00 -2.581605553523344e-07 -3.795789687175169e-07 -2.967944247321659e-03 -4.460824980445276e-03  4.996822242865228e-07 -3.324573851198665e-07 
 9.120108393558803e+10  3.061028358252745e-04 -1.744747794084470e+00 -2.544803536027103e-07 -3.655288822729144e-07 -2.925649610673789e-03 -4.297110411723096e-03  4.925555378930780e-07 -3.353532794048757e-07 
 9.332543007969609e+10  2.923765256798275e-04 -1.705032523153063e+00 -2.507372934506981e-07 -3.518318560578607e-07 -2.882632525968093e-03 -4.137504461644808e-03  4.853076587745626e-07 -3.381189628428951e-07 
 9.549925860214050e+10  2.792665005243545e-04 -1.666221281753554e+00 -2.469338445806915e-07 -3.384845935198846e-07 -2.838921378116869e-03 -3.981968082649227e-03  4.779433463411615e-07 -3.407482313520377e-07 
 9.772372209557790e+10  2.667450227099909e-04 -1.628293491640946e+00 -2.430726855479254e-07 -3.254838483445568e-07 -2.794546952447886e-03 -3.830462830973975e-03  4.704677647749179e-07 -3.432350700416315e-07 
 9.999999999999675e+10  2.547856051197472e-04 -1.591229042987877e+00 -2.391566995255614e-07 -3.128264049989819e-07 -2.749542385830176e-03 -3.682950642446120e-03  4.628864747687230e-07 -3.455736843260115e-07 
 1.023292992280721e+11  2.433629549083925e-04 -1.555008283722294e+00 -2.351889686130178e-07 -3.005090594787113e-07 -2.703943101264500e-03 -3.539393610624360e-03  4.552054224840989e-07 -3.477585307932218e-07 
 1.047128548050865e+11  2.324529197632833e-04 -1.519612009107844e+00 -2.311727666958245e-07 -2.885286004023048e-07 -2.657786725826806e-03 -3.399753768950012e-03  4.474309257089070e-07 -3.497843475463180e-07 
 1.071519305237572e+11  2.220324365722881e-04 -1.485021451561425e+00 -2.271115508638962e-07 -2.768817906012970e-07 -2.611112992043878e-03 -3.263992878604608e-03  4.395696572282394e-07 -3.516461837281615e-07 
 1.096478196143149e+11  2.120794823902088e-04 -1.451218270702524e+00 -2.230089514124685e-07 -2.655653493547819e-07 -2.563963622979861e-03 -3.132072223788677e-03  4.316286254553322e-07 -3.533394279378883e-07 
 1.122018454301927e+11  2.025730276001056e-04 -1.418184543629053e+00 -2.188687604677334e-07 -2.545759354170309e-07 -2.516382201516752e-03 -3.003952416127097e-03  4.236151524037341e-07 -3.548598352488413e-07 
 1.148153621496845e+11  1.934929911707254e-04 -1.385902755414526e+00 -2.146949192971130e-07 -2.439101309834260e-07 -2.468414024517711e-03 -2.879593209870413e-03  4.155368491166068e-07 -3.562035525438850e-07 
 1.174897554939491e+11  1.848201979158151e-04 -1.354355789821539e+00 -2.104915043817951e-07 -2.335644267344770e-07 -2.420105942765340e-03 -2.758953329498185e-03  4.074015887032395e-07 -3.573671418947545e-07 
 1.202264434617374e+11  1.765363376654750e-04 -1.323526920226635e+00 -2.062627123462771e-07 -2.235352080898093e-07 -2.371506187763790e-03 -2.641990311239789e-03  3.992174771659748e-07 -3.583476017274114e-07 
 1.230268770812341e+11  1.686239262638889e-04 -1.293399800751727e+00 -2.020128438558554e-07 -2.138187427938085e-07 -2.322664186679681e-03 -2.528660359910946e-03  3.909928222320670e-07 -3.591423855351689e-07 
 1.258925411794126e+11  1.610662683117484e-04 -1.263958457597391e+00 -1.977462866079324e-07 -2.044111699422293e-07 -2.273630366868460e-03 -2.418918222321924e-03  3.827361004338802e-07 -3.597494179253596e-07 
 1.288249551693092e+11  1.538474215754953e-04 -1.235187280573430e+00 -1.934674975563547e-07 -1.953084905446819e-07 -2.224455951586116e-03 -2.312717078347994e-03  3.744559227066432e-07 -3.601671078132191e-07 
 1.318256738556364e+11  1.469521629891233e-04 -1.207071014822203e+00 -1.891809845194578e-07 -1.865065597017366e-07 -2.175192748617944e-03 -2.210008450566820e-03  3.661609987951418e-07 -3.603943586080098e-07 
 1.348962882591609e+11  1.403659561777294e-04 -1.179594752730361e+00 -1.848912873318013e-07 -1.780010804577166e-07 -2.125892933662997e-03 -2.110742133164399e-03  3.578601007787477e-07 -3.604305752706439e-07 
 1.380384264602839e+11  1.340749204352854e-04 -1.152743926024662e+00 -1.806029587065359e-07 -1.697875993713827e-07 -2.076608830392825e-03 -2.014866140594361e-03  3.495620260376288e-07 -3.602756681586097e-07 
 1.412537544622708e+11  1.280658010922172e-04 -1.126504298047714e+00 -1.763205449797744e-07 -1.618615038270303e-07 -2.027392689154065e-03 -1.922326676249203e-03  3.412755599915675e-07 -3.599300536121452e-07 
 1.445439770745880e+11  1.223259412113413e-04 -1.100861956209520e+00 -1.720485669101516e-07 -1.542180210883665e-07 -1.978296466305202e-03 -1.833068121170454e-03  3.330094389463169e-07 -3.593946512746304e-07 
 1.479108388168159e+11  1.168432545535180e-04 -1.075803304610836e+00 -1.677915007058955e-07 -1.468522190773134e-07 -1.929371606167990e-03 -1.747033042592355e-03  3.247723133807565e-07 -3.586708781793371e-07 
 1.513561248436158e+11  1.116061997570505e-04 -1.051315056834433e+00 -1.635537594482349e-07 -1.397590088399888e-07 -1.880668827533777e-03 -1.664162221885009e-03  3.165727120013541e-07 -3.577606396732176e-07 
 1.548816618912430e+11  1.066037556773846e-04 -1.027384228900439e+00 -1.593396750738943e-07 -1.329331486429073e-07 -1.832237916595160e-03 -1.584394701242195e-03  3.084190068786793e-07 -3.566663172856076e-07 
 1.584893192461061e+11  1.018253978360655e-04 -1.003998132382016e+00 -1.551534810709371e-07 -1.263692496243080e-07 -1.784127528075898e-03 -1.507667848250607e-03  3.003193799643160e-07 -3.553907536848591e-07 
 1.621810097358876e+11  9.726107593017678e-05 -9.811443676777443e-01 -1.509992960315022e-07 -1.200617829087609e-07 -1.736384996208755e-03 -1.433917437284759e-03  2.922817912657715e-07 -3.539372348983702e-07 
 1.659586907437506e+11  9.290119235564522e-05 -9.588108174371275e-01 -1.468811081922713e-07 -1.140050880781406e-07 -1.689056157064976e-03 -1.363077746498618e-03  2.843139489324229e-07 -3.523094700006661e-07 
 1.698243652461688e+11  8.873658169983178e-05 -9.369856401357411e-01 -1.428027610791080e-07 -1.081933828789191e-07 -1.642185183573607e-03 -1.295081669034145e-03  2.764232814776864e-07 -3.505115684996383e-07 
 1.737800828749318e+11  8.475849116077399e-05 -9.156572637966262e-01 -1.387679403565234e-07 -1.026207740347271e-07 -1.595814434387475e-03 -1.229860836940398e-03  2.686169123320683e-07 -3.485480156723878e-07 
 1.778279410038864e+11  8.095856185227428e-05 -8.948143798545835e-01 -1.347801619657947e-07 -9.728126902439477e-08 -1.549984317559184e-03 -1.167345756196464e-03  2.609016368892030e-07 -3.464236461190489e-07 
 1.819700858609923e+11  7.732881095578304e-05 -8.744459371601321e-01 -1.308427616180366e-07 -9.216878867930626e-08 -1.504733169789140e-03 -1.107465951158229e-03  2.532839021730968e-07 -3.441436158153649e-07 
 1.862087136662806e+11  7.386161468168078e-05 -8.545411361199469e-01 -1.269588856906622e-07 -8.727718044990486e-08 -1.460097151802229e-03 -1.050150116702989e-03  2.457697892202288e-07 -3.417133729525585e-07 
 1.905460717963184e+11  7.054969200414444e-05 -8.350894229706676e-01 -1.231314835577890e-07 -8.260023218954555e-08 -1.416110160204358e-03 -9.953262763271538e-04  2.383649982355991e-07 -3.391386278562436e-07 
 1.949844599757981e+11  6.738608913529029e-05 -8.160804841830489e-01 -1.193633013676156e-07 -7.813168630453397e-08 -1.372803755968521e-03 -9.429219444595820e-04  2.310748365478860e-07 -3.364253222749459e-07 
 1.995262314968813e+11  6.436416470572174e-05 -7.975042409934837e-01 -1.156568772628665e-07 -7.386525412198274e-08 -1.330207109505574e-03 -8.928642912852602e-04  2.239042093561525e-07 -3.335795983234232e-07 
 2.041737944669462e+11  6.147757561998369e-05 -7.793508440599994e-01 -1.120145380243959e-07 -6.979463033190097e-08 -1.288346962090880e-03 -8.450803084289715e-04  2.168576132295709e-07 -3.306077673567713e-07 
 2.089296130853970e+11  5.872026355673988e-05 -7.616106682398988e-01 -1.084383971031560e-07 -6.591350736650536e-08 -1.247247603246976e-03 -7.994969739241863e-04  2.099391322928526e-07 -3.275162790386244e-07 
 2.137962089502161e+11  5.608644208474847e-05 -7.442743074862729e-01 -1.049303539921891e-07 -6.221558958788257e-08 -1.206930863526671e-03 -7.560414149859403e-04  2.031524370038649e-07 -3.243116908510521e-07 
 2.187761623949480e+11  5.357058436691971e-05 -7.273325698606850e-01 -1.014920948782393e-07 -5.869460716459478e-08 -1.167416122002384e-03 -7.146410672152387e-04  1.965007854065874e-07 -3.210006382754941e-07 
 2.238721138568265e+11  5.116741142590079e-05 -7.107764726593779e-01 -9.812509450210807e-08 -5.534432952835197e-08 -1.128720327647161e-03 -6.752238289835527e-04  1.899870267223076e-07 -3.175898058537338e-07 
 2.290867652767697e+11  4.887188094574895e-05 -6.945972376504255e-01 -9.483061914807640e-08 -5.215857831321721e-08 -1.090858033691680e-03 -6.377182098763458e-04  1.836136071249315e-07 -3.140858993160144e-07 
 2.344228815319844e+11  4.667917658532945e-05 -6.787862864193006e-01 -9.160973067560522e-08 -4.913123969171328e-08 -1.053841443959798e-03 -6.020534722113464e-04  1.773825775325323e-07 -3.104956189404184e-07 
 2.398832919019410e+11  4.458469778010923e-05 -6.633352358203922e-01 -8.846329150109572e-08 -4.625627603440972e-08 -1.017680470122817e-03 -5.681597647876325e-04  1.712956032367571e-07 -3.068256342840369e-07 
 2.454708915684948e+11  4.258405001001665e-05 -6.482358935320649e-01 -8.539197043370763e-08 -4.352773683186809e-08 -9.823827987691304e-04 -5.359682481629318e-04  1.653539751843967e-07 -3.030825604027167e-07 
 2.511886431509496e+11  4.067303551199772e-05 -6.334802537128961e-01 -8.239624926701226e-08 -4.093976882998614e-08 -9.479539671604329e-04 -5.054112108963375e-04  1.595586227211256e-07 -2.992729356526658e-07 
 2.570395782768778e+11  3.884764441682936e-05 -6.190604927567970e-01 -7.947643002751113e-08 -3.848662534163277e-08 -9.143974465370370e-04 -4.764221763298371e-04  1.539101276059763e-07 -2.954032011443179e-07 
 2.630267991895294e+11  3.710404629064297e-05 -6.049689651447606e-01 -7.663264278165604e-08 -3.616267470882811e-08 -8.817147318418530e-04 -4.489359996126456e-04  1.484087391062872e-07 -2.914796818969071e-07 
 2.691534803926826e+11  3.543858206247578e-05 -5.911981993910408e-01 -7.386485390483199e-08 -3.396240790046564e-08 -8.499054367535370e-04 -4.228889547957952e-04  1.430543899863887e-07 -2.875085697214578e-07 
 2.754228703338074e+11  3.384775631999776e-05 -5.777408940816114e-01 -7.117287471866774e-08 -3.188044524057842e-08 -8.189673929526842e-04 -3.982188119394226e-04  1.378467132089135e-07 -2.834959078405711e-07 
 2.818382931264360e+11  3.232822995636348e-05 -5.645899140028058e-01 -6.855637040687024e-08 -2.991154227133374e-08 -7.888967525889844e-04 -3.748649042807289e-04  1.327850591750239e-07 -2.794475772356604e-07 
 2.884031503126509e+11  3.087681315190927e-05 -5.517382863580840e-01 -6.601486912438704e-08 -2.805059476323791e-08 -7.596880929702114e-04 -3.527681856059465e-04  1.278685133387667e-07 -2.753692846962698e-07 
 2.951209226666287e+11  2.949045867515771e-05 -5.391791970709203e-01 -6.354777121993687e-08 -2.629264289240437e-08 -7.313345225540883e-04 -3.318712780543680e-04  1.230959140408882e-07 -2.712665525318738e-07 
 3.019951720401915e+11  2.816625548830508e-05 -5.269059871718540e-01 -6.115435849766847e-08 -2.463287461117043e-08 -7.038277873898182e-04 -3.121185106564211e-04  1.184658704185104e-07 -2.671447098941514e-07 
 3.090295432513486e+11  2.690142264305228e-05 -5.149121492677834e-01 -5.883380344977337e-08 -2.306662824383817e-08 -6.771583772257695e-04 -2.934559489708661e-04  1.139767802587993e-07 -2.630088856471293e-07 
 3.162277660168273e+11  2.569330345329689e-05 -5.031913240916336e-01 -5.658517839816243e-08 -2.158939434388621e-08 -6.513156305720372e-04 -2.758314162387391e-04  1.096268476769115e-07 -2.588640027137731e-07 
 3.235936569296174e+11  2.453935993183525e-05 -4.917372971305679e-01 -5.440746448970645e-08 -2.019681685268270e-08 -6.262878380800316e-04 -2.591945065139929e-04  1.054141005108667e-07 -2.547147738205122e-07 
 3.311311214825800e+11  2.343716747882657e-05 -4.805439953309545e-01 -5.229956049592509e-08 -1.888469360256978e-08 -6.020623436746307e-04 -2.434965902634335e-04  1.013364073383397e-07 -2.505656985557102e-07 
 3.388441561391912e+11  2.238440981034938e-05 -4.696054838783397e-01 -5.026029137430400e-08 -1.764897620924254e-08 -5.786256429467729e-04 -2.286908129521424e-04  9.739149403254543e-08 -2.464210616541476e-07 
 3.467368504525200e+11  2.137887411593367e-05 -4.589159630507246e-01 -4.828841655454320e-08 -1.648576939967102e-08 -5.559634783847437e-04 -2.147320871458110e-04  9.357695978623157e-08 -2.422849324170469e-07 
 3.548133892335635e+11  2.041844643447950e-05 -4.484697651434691e-01 -4.638263791892474e-08 -1.539132982247719e-08 -5.340609310900472e-04 -2.015770786690393e-04  8.989029254417692e-08 -2.381611651759056e-07 
 3.630780547700891e+11  1.950110723847788e-05 -4.382613514642014e-01 -4.454160745158484e-08 -1.436206438775036e-08 -5.129025086880731e-04 -1.891841873594762e-04  8.632888379542057e-08 -2.340534007082913e-07 
 3.715352290971600e+11  1.862492721692980e-05 -4.282853093961310e-01 -4.276393453673911e-08 -1.339452818283241e-08 -4.924722292042647e-04 -1.775135229524844e-04  8.289004268662660e-08 -2.299650685146458e-07 
 3.801893963205483e+11  1.778806324781862e-05 -4.185363495282134e-01 -4.104819289081139e-08 -1.248542200969831e-08 -4.727537007328320e-04 -1.665268766206036e-04  7.957100942747050e-08 -2.258993898669222e-07 
 3.890451449942675e+11  1.698875455142713e-05 -4.090093028506433e-01 -3.939292711793535e-08 -1.163158958826464e-08 -4.537301967769751e-04 -1.561876886772310e-04  7.636896796767369e-08 -2.218593815423988e-07 
 3.981071705534838e+11  1.622531901620677e-05 -3.996991180141857e-01 -3.779665888241972e-08 -1.083001446834347e-08 -4.353847271869688e-04 -1.464610129353754e-04  7.328105793328524e-08 -2.178478601591576e-07 
 4.073802778040989e+11  1.549614968930247e-05 -3.906008586518974e-01 -3.625789269549360e-08 -1.007781669108326e-08 -4.177001046652586e-04 -1.373134781907836e-04  7.030438581701464e-08 -2.138674470333674e-07 
 4.168693834703213e+11  1.479971142421254e-05 -3.817097007618141e-01 -3.477512131697331e-08 -9.372249238656363e-09 -4.006590068459440e-04 -1.287132472748165e-04  6.743603542385278e-08 -2.099205734825536e-07 
 4.265795188015782e+11  1.413453767842119e-05 -3.730209301492157e-01 -3.334683077543131e-08 -8.710694308719206e-09 -3.842440339898000e-04 -1.206299740967782e-04  6.467307757890137e-08 -2.060094865033780e-07 
 4.365158322401511e+11  1.349922745418162e-05 -3.645299399271153e-01 -3.197150501301166e-08 -8.090659447831327e-09 -3.684377623654489e-04 -1.130347590685183e-04  6.201257910929102e-08 -2.021362547569988e-07 
 4.466835921509479e+11  1.289244237595077e-05 -3.562322280736452e-01 -3.064763016323991e-08 -7.509773575616265e-09 -3.532227934126254e-04 -1.059001032765050e-04  5.945161111633047e-08 -1.983027747997428e-07 
 4.570881896148595e+11  1.231290389828394e-05 -3.481233950450438e-01 -2.937369847204240e-08 -6.965782929017510e-09 -3.385817988049309e-04 -9.919986173864531e-05  5.698725655764050e-08 -1.945107775015433e-07 
 4.677351412871823e+11  1.175939063828971e-05 -3.401991414429796e-01 -2.814821187373856e-08 -6.456546953578674e-09 -3.244975615472706e-04 -9.290919605527401e-05  5.461661716202096e-08 -1.907618345993033e-07 
 4.786300923226221e+11  1.123073582702225e-05 -3.324552657349732e-01 -2.696968523502525e-08 -5.980034166286850e-09 -3.109530132576004e-04 -8.700452673626002e-05  5.233681970222934e-08 -1.870573653369798e-07 
 4.897788193684295e+11  1.072582487445206e-05 -3.248876620267099e-01 -2.583664928095872e-08 -5.534318012183974e-09 -2.979312677939398e-04 -8.146348545935902e-05  5.014502165275580e-08 -1.833986431487208e-07 
 5.011872336272552e+11  1.024359304290595e-05 -3.174923178850610e-01 -2.474765321767997e-08 -5.117572734692883e-09 -2.854156513961236e-04 -7.626486748898870e-05  4.803841626111229e-08 -1.797868023457703e-07 
 5.128613839913474e+11  9.783023224105155e-06 -3.102653122106602e-01 -2.370126706714928e-08 -4.728069277437466e-09 -2.733897295177343e-04 -7.138858445969691e-05  4.601423706215952e-08 -1.762228447720609e-07 
 5.248074602497546e+11  9.343143815155768e-06 -3.032028131589051e-01 -2.269608372947821e-08 -4.364171233271803e-09 -2.618373305273666e-04 -6.681561770486804e-05  4.406976186561879e-08 -1.727076463974252e-07 
 5.370317963702343e+11  8.923026689061072e-06 -2.963010761082839e-01 -2.173072078859518e-08 -4.024330854280222e-09 -2.507425664600727e-04 -6.252797228876954e-05  4.220231624720205e-08 -1.692419638211527e-07 
 5.495408738576057e+11  8.521785255528758e-06 -2.895564416749480e-01 -2.080382207697553e-08 -3.707085134674802e-09 -2.400898509997811e-04 -5.850863187894780e-05  4.040927657378400e-08 -1.658264406621743e-07 
 5.623413251903298e+11  8.138572608040301e-06 -2.829653337724787e-01 -1.991405901503066e-08 -3.411051976802638e-09 -2.298639148719081e-04 -5.474151457628421e-05  3.868807259277549e-08 -1.624616138154998e-07 
 5.754399373371372e+11  7.772579753334198e-06 -2.765242577158188e-01 -1.906013174050002e-08 -3.134926448883631e-09 -2.200498188225058e-04 -5.121142980173079e-05  3.703618961537356e-08 -1.591479195576150e-07 
 5.888436553555687e+11  7.423033919630158e-06 -2.702297983683647e-01 -1.824077004284498e-08 -2.877477141630578e-09 -2.106329643563229e-04 -4.790403632186536e-05  3.545117032269628e-08 -1.558856994864067e-07 
 6.025595860743370e+11  7.089196940088364e-06 -2.640786183312337e-01 -1.745473411721949e-08 -2.637542629555131e-09 -2.015991024012850e-04 -4.480580147991145e-05  3.393061622299009e-08 -1.526752062838029e-07 
 6.165950018614609e+11  6.770363708156829e-06 -2.580674561737510e-01 -1.670081515210463e-08 -2.414028041532848e-09 -1.929343400612895e-04 -4.190396168473053e-05  3.247218878715421e-08 -1.495166092917096e-07 
 6.309573444801715e+11  6.465860701611031e-06 -2.521931247042134e-01 -1.597783576415551e-08 -2.205901744084243e-09 -1.846251456130240e-04 -3.918648419746566e-05  3.107361028878543e-08 -1.464099998939962e-07 
 6.456542290346333e+11  6.175044572234195e-06 -2.464525092800159e-01 -1.528465029323245e-08 -2.012192139821740e-09 -1.766583518958908e-04 -3.664203024394349e-05  2.973266437383048e-08 -1.433553966992438e-07 
 6.606934480075732e+11  5.897300798223694e-06 -2.408425661562442e-01 -1.462014496998372e-08 -1.831984582609424e-09 -1.690211582371689e-04 -3.425991947056548e-05  2.844719638376467e-08 -1.403527505207288e-07 
 6.760829753919585e+11  5.632042396539876e-06 -2.353603208718574e-01 -1.398323796772446e-08 -1.664418410178085e-09 -1.617011310473888e-04 -3.203009575217490e-05  2.721511345501097e-08 -1.374019491516808e-07 
 6.918309709189126e+11  5.378708692538107e-06 -2.300028666726048e-01 -1.337287934972353e-08 -1.508684094225925e-09 -1.546862032136271e-04 -2.994309435220385e-05  2.603438441608976e-08 -1.345028219352476e-07 
 7.079457843841134e+11  5.136764144343782e-06 -2.247673629698420e-01 -1.278805092237452e-08 -1.364020507409662e-09 -1.479646724111159e-04 -2.799001042821535e-05  2.490303950276006e-08 -1.316551441298147e-07 
 7.244359600749650e+11  4.905697219543154e-06 -2.196510338344281e-01 -1.222776600409451e-08 -1.229712306085479e-09 -1.415251984462986e-04 -2.616246886968951e-05  2.381916991018990e-08 -1.288586410714007e-07 
 7.413102413008918e+11  4.685019321870991e-06 -2.146511665249050e-01 -1.169106911917030e-08 -1.105087427188065e-09 -1.353567997372900e-04 -2.445259544948941e-05  2.278092719998684e-08 -1.261129921357650e-07 
 7.585775750291575e+11  4.474263765679163e-06 -2.097651100491796e-01 -1.117703562516022e-08 -9.895146972330737e-10 -1.294488490306695e-04 -2.285298926581191e-05  2.178652257873636e-08 -1.234178345036608e-07 
 7.762471166286648e+11  4.272984796068543e-06 -2.049902737589456e-01 -1.068477128186455e-08 -8.824015510878685e-10 -1.237910684466997e-04 -2.135669644751787e-05  2.083422606354541e-08 -1.207727667333298e-07 
 7.943282347242539e+11  4.080756652660583e-06 -2.003241259761000e-01 -1.021341176930131e-08 -7.831918578717708e-10 -1.183735239384373e-04 -1.995718509247680e-05  1.992236554897373e-08 -1.181773521448997e-07 
 8.128305161640709e+11  3.897172675074547e-06 -1.957641926504253e-01 -9.762122161569257e-09 -6.913638511148979e-10 -1.131866192438264e-04 -1.864832140589462e-05  1.904932578866219e-08 -1.156311220217979e-07 
 8.317637711026420e+11  3.721844448261906e-06 -1.913080560478269e-01 -9.330096362947995e-09 -6.064281601190300e-10 -1.082210894037527e-04 -1.742434700346074e-05  1.821354730393864e-08 -1.131335786346720e-07 
 8.511380382023467e+11  3.554400985931244e-06 -1.869533534684286e-01 -8.916556512077134e-09 -5.279259393199605e-10 -1.034679939131960e-04 -1.627985734249676e-05  1.741352523069951e-08 -1.106841980935869e-07 
 8.709635899560502e+11  3.394487950375005e-06 -1.826977759938487e-01 -8.520752359573550e-09 -4.554270923440137e-10 -9.891870956707276e-05 -1.520978124306341e-05  1.664780811493136e-08 -1.082824330344918e-07 
 8.912509381337144e+11  3.241766907084046e-06 -1.785390672629902e-01 -8.141960623988317e-09 -3.885285873776779e-10 -9.456492305709911e-05 -1.420936146013571e-05  1.591499666635180e-08 -1.059277151460986e-07 
 9.120108393558778e+11  3.095914612607184e-06 -1.744750222756972e-01 -7.779484330572470e-09 -3.268528604247411e-10 -9.039862337103883e-05 -1.327413626744546e-05  1.521374247881283e-08 -1.036194575434069e-07 
 9.332543007969584e+11  2.956622334181043e-06 -1.705034862236438e-01 -7.432652136914464e-09 -2.700463030063807e-10 -8.641209404102834e-05 -1.239992201337357e-05  1.454274672532422e-08 -1.013570569941605e-07 
 9.549925860214025e+11  2.823595199720579e-06 -1.666223533478341e-01 -7.100817649130105e-09 -2.177778308629877e-10 -8.259790528328218e-05 -1.158279660931386e-05  1.390075883481514e-08 -9.913989600451981e-08 
 9.772372209557764e+11  2.696551576822790e-06 -1.628295658221088e-01 -6.783358731928635e-09 -1.697375302391916e-10 -7.894890606737726e-05 -1.081908391119204e-05  1.328657515706198e-08 -9.696734477019790e-08 
 9.999999999999648e+11  2.575222479495656e-06 -1.591231126620660e-01 -6.479676815545295e-09 -1.256353783728072e-10 -7.545821614948389e-05 -1.010533895527545e-05  1.269903762156546e-08 -9.483876299924361e-08 
 1.023292992280718e+12  2.459351001381068e-06 -1.555010286588175e-01 -6.189196202220180e-09 -8.520003486175343e-11 -7.211921810034301e-05 -9.438334010023070e-06  1.213703239555980e-08 -9.275350161255647e-08 
 1.047128548050863e+12  2.348691774294908e-06 -1.519613933370157e-01 -5.911363374615253e-09 -4.817770064819933e-11 -6.892554935547997e-05 -8.815045406475940e-06  1.159948854577940e-08 -9.071090432810316e-08 
 1.071519305237569e+12  2.243010450959300e-06 -1.485023299365983e-01 -5.645646308294229e-09 -1.433104143420428e-11 -6.587109431207548e-05 -8.232641110550827e-06  1.108537670809267e-08 -8.871030913466459e-08 
 1.096478196143146e+12  2.142083210851743e-06 -1.451220044177113e-01 -5.391533790143638e-09  1.656182757382196e-11 -6.294997649408257e-05 -7.688469001555782e-06  1.059370776863522e-08 -8.675104966079240e-08 
 1.122018454301924e+12  2.045696288143238e-06 -1.418186244882821e-01 -5.148534744385823e-09  4.470829860508348e-11 -6.015655080456390e-05 -7.180045822274810e-06  1.012353155963526e-08 -8.483245644448534e-08 
 1.148153621496842e+12  1.953645520742995e-06 -1.385904386537282e-01 -4.916177567625779e-09  7.030217286758176e-11 -5.748539588182369e-05 -6.705046767055450e-06  9.673935572720019e-09 -8.295385810892353e-08 
 1.174897554939488e+12  1.865735919510565e-06 -1.354357352882960e-01 -4.694009474181659e-09  9.352450951520923e-11 -5.493130657370160e-05 -6.261295675461194e-06  9.244043692120405e-09 -8.111458244941199e-08 
 1.202264434617370e+12  1.781781256737841e-06 -1.323528417275391e-01 -4.481595852773376e-09  1.145444247587040e-10 -5.248928654238059e-05 -5.846755800209560e-06  8.833014949852257e-09 -7.931395743650061e-08 
 1.230268770812338e+12  1.701603673042975e-06 -1.293401233814539e-01 -4.278519635483285e-09  1.335198437381017e-10 -5.015454101021764e-05 -5.459521119293337e-06  8.440042304642201e-09 -7.755131214005392e-08 
 1.258925411794123e+12  1.625033301856200e-06 -1.263959828678023e-01 -4.084380679756868e-09  1.505982076712116e-10 -4.792246965542764e-05 -5.097808163368166e-06  8.064351446083688e-09 -7.582597757885192e-08 
 1.288249551693088e+12  1.551907910713792e-06 -1.235188591651623e-01 -3.898795164078590e-09  1.659171386895306e-10 -4.578865966492645e-05 -4.759948330675758e-06  7.705199625252338e-09 -7.413728750011057e-08 
 1.318256738556360e+12  1.482072558611128e-06 -1.207072267852577e-01 -3.721394997837805e-09  1.796050646704699e-10 -4.374887895025671e-05 -4.444380662950991e-06  7.361874512776967e-09 -7.248457909311747e-08 
 1.348962882591605e+12  1.415379268698888e-06 -1.179595949641274e-01 -3.551827245790806e-09  1.917818062733944e-10 -4.179906953127106e-05 -4.149645056927142e-06  7.033693085152650e-09 -7.086719364098938e-08 
 1.380384264602835e+12  1.351686715638189e-06 -1.152745068717055e-01 -3.389753567427036e-09  2.025591282871696e-10 -3.993534109112071e-05 -3.874375887201058e-06  6.720000539892387e-09 -6.928447711437017e-08 
 1.412537544622704e+12  1.290859926960749e-06 -1.126505388393942e-01 -3.234849671459402e-09  2.120412572990798e-10 -3.815396470508623e-05 -3.617296017345144e-06  6.420169239944015e-09 -6.773578071070482e-08 
 1.445439770745875e+12  1.232769997809114e-06 -1.100862996052185e-01 -3.086804785579595e-09  2.203253675994326e-10 -3.645136674488000e-05 -3.377211177251679e-06  6.133597687646104e-09 -6.622046134254633e-08 
 1.479108388168154e+12  1.177293818459757e-06 -1.075804295761632e-01 -2.945321141548867e-09  2.275020371431324e-10 -3.482412295924100e-05 -3.153004685764650e-06  5.859709528360629e-09 -6.473788207817687e-08 
 1.513561248436154e+12  1.124313814058285e-06 -1.051316001073014e-01 -2.810113475631988e-09  2.336556752992193e-10 -3.326895273092272e-05 -2.943632498692486e-06  5.597952583798972e-09 -6.328741253765712e-08 
 1.548816618912426e+12  1.073717696021347e-06 -1.027385127973317e-01 -2.680908544326407e-09  2.388649240319331e-10 -3.178271350953644e-05 -2.748118563300060e-06  5.347797914950439e-09 -6.186842924725191e-08 
 1.584893192461056e+12  1.025398224584047e-06 -1.003998988001510e-01 -2.557444655289769e-09  2.432030340724522e-10 -3.036239541915113e-05 -2.565550461348999e-06  5.108738914427980e-09 -6.048031595502420e-08 
 1.621810097358872e+12  9.792529819948140e-07 -9.811451815209724e-02 -2.439471213325739e-09  2.467382175590727e-10 -2.900511603905639e-05 -2.395075323690521e-06  4.880290427962676e-09 -5.912246391023539e-08 
 1.659586907437501e+12  9.351841558817937e-07 -9.588115911450619e-02 -2.326748281250586e-09  2.495339785453615e-10 -2.770811535566539e-05 -2.235896000314422e-06  4.661987904706086e-09 -5.779427210904537e-08 
 1.698243652461683e+12  8.930983323360104e-07 -9.369863753123384e-02 -2.219046155430406e-09  2.516494227006716e-10 -2.646875088316106e-05 -2.087267470621156e-06  4.453386575936929e-09 -5.649514750886371e-08 
 1.737800828749313e+12  8.529062982767450e-07 -9.156579620080245e-02 -2.116144955750754e-09  2.531395474554269e-10 -2.528449295016853e-05 -1.948493479511177e-06  4.254060661714404e-09 -5.522450521357038e-08 
 1.778279410038859e+12  8.145228526839217e-07 -8.948150426283866e-02 -2.017834229756581e-09  2.540555137746764e-10 -2.415292014946265e-05 -1.818923385677154e-06  4.063602604974573e-09 -5.398176863169472e-08 
 1.819700858609918e+12  7.778666263007747e-07 -8.744465659847803e-02 -1.923912570680172e-09  2.544449006775842e-10 -2.307171494748986e-05 -1.697949209240812e-06  3.881622332527415e-09 -5.276636960951998e-08 
 1.862087136662800e+12  7.428599094277155e-07 -8.545417324441759e-02 -1.834187249057940e-09  2.543519435576899e-10 -2.203865945029118e-05 -1.585002866597505e-06  3.707746542379895e-09 -5.157774854096228e-08 
 1.905460717963178e+12  7.094284874452290e-07 -8.350899882030642e-02 -1.748473857623182e-09  2.538177572988920e-10 -2.105163132225719e-05 -1.479553581018981e-06  3.541618016784086e-09 -5.041535445596297e-08 
 1.949844599757975e+12  6.775014837197445e-07 -8.160810196917026e-02 -1.666595969150900e-09  2.528805451250830e-10 -2.010859985402062e-05 -1.381105458219028e-06  3.382894960388361e-09 -4.927864508902726e-08 
 1.995262314968807e+12  6.470112095618603e-07 -7.975047481057353e-02 -1.588384806922137e-09  2.515757940671282e-10 -1.920762217569511e-05 -1.289195216708592e-06  3.231250362853303e-09 -4.816708692944024e-08 
 2.041737944669455e+12  6.178930209210418e-07 -7.793513240622872e-02 -1.513678927469040e-09  2.499364578793541e-10 -1.834683961159788e-05 -1.203390063357720e-06  3.086371385282113e-09 -4.708015525459815e-08 
 2.089296130853963e+12  5.900851815150116e-07 -7.616111223777039e-02 -1.442323915257380e-09  2.479931281887754e-10 -1.752447417254500e-05 -1.123285705142100e-06  2.947958769806970e-09 -4.601733414780088e-08 
 2.137962089502154e+12  5.635287321054923e-07 -7.442747369641584e-02 -1.374172088960657e-09  2.457741946138731e-10 -1.673882518177907e-05 -1.048504488583361e-06  2.815726271668072e-09 -4.497811650176655e-08 
 2.187761623949473e+12  5.381673656448630e-07 -7.273329758424293e-02 -1.309082218978856e-09  2.433059945457413e-10 -1.598826603057897e-05 -9.786936588955295e-07  2.689400113120211e-09 -4.396200400904870e-08 
 2.238721138568258e+12  5.139473080305647e-07 -7.107768562681996e-02 -1.246919255855229e-09  2.406129532427283e-10 -1.527124105960557e-05 -9.135237313264522e-07  2.568718458502635e-09 -4.296850714045923e-08 
 2.290867652767689e+12  4.908172042158565e-07 -6.945975999692947e-02 -1.187554069245972e-09  2.377177148502417e-10 -1.458626256205692e-05 -8.526869676334462e-07  2.453430909811094e-09 -4.199714511252910e-08 
 2.344228815319836e+12  4.687280094367505e-07 -6.787866284913328e-02 -1.130863197100327e-09  2.346412649200373e-10 -1.393190790473673e-05 -7.958959510582866e-07  2.343298022116200e-09 -4.104744584496951e-08 
 2.398832919019403e+12  4.476328853256903e-07 -6.633355586493229e-02 -1.076728604712122e-09  2.314030449680076e-10 -1.330681676318226e-05 -7.428822535687796e-07  2.238090838179267e-09 -4.011894590903357e-08 
 2.454708915684940e+12  4.274871006927906e-07 -6.482361980827947e-02 -1.025037453308162e-09  2.280210595760978e-10 -1.270968846704773e-05 -6.933951895137847e-07  2.137590441625259e-09 -3.921119046761623e-08 
 2.511886431509488e+12  4.082479367652568e-07 -6.334805409121060e-02 -9.756818778439285e-10  2.245119765124374e-10 -1.213927945199879e-05 -6.472006501966997e-07  2.041587528042479e-09 -3.832373320787498e-08 
 2.570395782768769e+12  3.898745966849738e-07 -6.190607634936263e-02 -9.285587736827586e-10  2.208912203139909e-10 -1.159440081443817e-05 -6.040800142100543e-07  1.949881993389485e-09 -3.745613626709921e-08 
 2.630267991895285e+12  3.723281190731904e-07 -6.049692202715417e-02 -8.835695918408532e-10  2.171730597479005e-10 -1.107391596545411e-05 -5.638291286920898e-07  1.862282539101780e-09 -3.660797015250561e-08 
 2.691534803926816e+12  3.555712954797861e-07 -5.911984397240848e-02 -8.406201424871639e-10  2.133706895411551e-10 -1.057673838045862e-05 -5.262573569659270e-07  1.778606293303497e-09 -3.577881365559078e-08 
 2.754228703338064e+12  3.395685915427718e-07 -5.777411204020395e-02 -7.996204063942305e-10  2.094963067431780e-10 -1.010182944106210e-05 -4.911866883041219e-07  1.698678447542740e-09 -3.496825376162648e-08 
 2.818382931264349e+12  3.242860716914811e-07 -5.645901270574213e-02 -7.604843540434120e-10  2.055611820623068e-10 -9.648196365813709e-06 -4.584509058269741e-07  1.622331908483103e-09 -3.417588555484189e-08 
 2.884031503126499e+12  3.096913272343652e-07 -5.517384868602764e-02 -7.231297720955926e-10  2.015757264948764e-10 -9.214890226521460e-06 -4.278948087927763e-07  1.549406963998245e-09 -3.340131211979805e-08 
 2.951209226666276e+12  2.957534076794363e-07 -5.391793857016004e-02 -6.874780969462965e-10  1.975495535446369e-10 -8.801004046953285e-06 -3.993734857731180e-07  1.479750963130994e-09 -3.264414443942267e-08 
 3.019951720401904e+12  2.824427551422025e-07 -5.269061645804099e-02 -6.534542550921684e-10  1.934915373104737e-10 -8.405670980807982e-06 -3.727516354271574e-07  1.413218009393298e-09 -3.190400129013949e-08 
 3.090295432513476e+12  2.697311417024476e-07 -5.149123160730563e-02 -6.209865100439576e-10  1.894098667017967e-10 -8.028062565934013e-06 -3.479029317962835e-07  1.349668666898277e-09 -3.118050913449372e-08 
 3.162277660168262e+12  2.575916095774190e-07 -5.031914808829051e-02 -5.900063155294202e-10  1.853120960234606e-10 -7.667387051863097e-06 -3.247094312354942e-07  1.288969678830690e-09 -3.047330201164522e-08 
 3.235936569296162e+12  2.459984139849275e-07 -4.917374444685570e-02 -5.604481747379212e-10  1.812051921556299e-10 -7.322887797814868e-06 -3.030610182808418e-07  1.230993697777087e-09 -2.978202142607281e-08 
 3.311311214825788e+12  2.349269685755275e-07 -4.805441337488178e-02 -5.322495053669307e-10  1.770955785385441e-10 -6.993841738417402e-06 -2.828548879241292e-07  1.175619027451937e-09 -2.910631623480657e-08 
 3.388441561391899e+12  2.243537933183686e-07 -4.696056138826728e-02 -5.053505102390673e-10  1.729891761576454e-10 -6.679557914476664e-06 -2.639950619272903e-07  1.122729375370814e-09 -2.844584253348032e-08 
 3.467368504525187e+12  2.142564647304834e-07 -4.589160851225577e-02 -4.796940532668090e-10  1.688914417109490e-10 -6.379376066215077e-06 -2.463919369601931e-07  1.072213616036438e-09 -2.780026354147373e-08 
 3.548133892335622e+12  2.046135683442219e-07 -4.484698797392583e-02 -4.552255405504522e-10  1.648074031278307e-10 -6.092665286485505e-06 -2.299618624875281e-07  1.023965564217903e-09 -2.716924948639139e-08 
 3.630780547700878e+12  1.954046533122637e-07 -4.382614590168074e-02 -4.318928064033477e-10  1.607416925965481e-10 -5.818822731551691e-06 -2.146267464635393e-07  9.778837579176679e-10 -2.655247748810675e-08 
 3.715352290971586e+12  1.866101890541518e-07 -4.282854103157852e-02 -4.096460041068377e-10  1.566985772467685e-10 -5.557272387109500e-06 -2.003136870181359e-07  9.338712506349626e-10 -2.594963144257935e-08 
 3.801893963205470e+12  1.782115238526062e-07 -4.185364442034695e-02 -3.884375012056816e-10  1.526819876231164e-10 -5.307463887305108e-06 -1.869546284349067e-07  8.918354125480515e-10 -2.536040190563715e-08 
 3.890451449942660e+12  1.701908453119840e-07 -4.090093916493089e-02 -3.682217791630186e-10  1.486955440762603e-10 -5.068871384586106e-06 -1.744860398311652e-07  8.516877402512457e-10 -2.478448597689836e-08 
 3.981071705534823e+12  1.625311425951956e-07 -3.996992012842364e-02 -3.489553372021203e-10  1.447425811893070e-10 -4.840992468299940e-06 -1.628486150528858e-07  8.133436746958063e-10 -2.422158718399331e-08 
 4.073802778040975e+12  1.552161703591358e-07 -3.906009367223682e-02 -3.305966001702556e-10  1.408261703492348e-10 -4.623347130030209e-06 -1.519869923936051e-07  7.767224269967065e-10 -2.367141536723147e-08 
 4.168693834703198e+12  1.482304143122811e-07 -3.817097739436678e-02 -3.131058302679438e-10  1.369491405657690e-10 -4.415476773735938e-06 -1.418494928364974e-07  7.417468117798161e-10 -2.313368656484655e-08 
 4.265795188015767e+12  1.415590583215309e-07 -3.730209987361876e-02 -2.964450424946708e-10  1.331140976334519e-10 -4.216943268831249e-06 -1.323878756032393e-07  7.083430877562680e-10 -2.260812289893982e-08 
 4.365158322401496e+12  1.351879529986475e-07 -3.645300041965329e-02 -2.805779236697685e-10  1.293234417266816e-10 -4.027328044413454e-06 -1.235571098723090e-07  6.764408052226787e-10 -2.209445246223069e-08 
 4.466835921509463e+12  1.291035856997721e-07 -3.562322882872219e-02 -2.654697548945730e-10  1.255793835121521e-10 -3.846231222915846e-06 -1.153151616033560e-07  6.459726601974208e-10 -2.159240920571295e-08 
 4.570881896148578e+12  1.232930518744867e-07 -3.481234514496464e-02 -2.510873373291744e-10  1.218839588584239e-10 -3.673270791528043e-06 -1.076227944735362e-07  6.168743549143717e-10 -2.110173282730522e-08 
 4.677351412871806e+12  1.177440277037440e-07 -3.401991942713690e-02 -2.373989211639983e-10  1.182390422182489e-10 -3.508081809791025e-06 -1.004433839965284e-07  5.890844644064170e-10 -2.062216866157516e-08 
 4.786300923226203e+12  1.124447439687098e-07 -3.324553152065184e-02 -2.243741376730980e-10  1.146463587557536e-10 -3.350315651836407e-06 -9.374274395560572e-08  5.625443089215099e-10 -2.015346757060863e-08 
 4.897788193684277e+12  1.073839610951715e-07 -3.248877083480749e-02 -2.119839342423525e-10  1.111074952876170e-10 -3.199639281799858e-06 -8.748896433889874e-08  5.371978319242793e-10 -1.969538583608677e-08 
 5.011872336272534e+12  1.025509453206480e-07 -3.174923612508652e-02 -2.002005122717210e-10  1.076239101049389e-10 -3.055734560996988e-06 -8.165226001808259e-08  5.129914834460156e-10 -1.924768505262749e-08 
 5.128613839913455e+12  9.793544593371417e-08 -3.102653528041114e-02 -1.889972678562736e-10  1.041969417405391e-10 -2.918297585506447e-06 -7.620482946140107e-08  4.898741085553872e-10 -1.881013202244043e-08 
 5.248074602497527e+12  9.352767353732113e-08 -3.032028511524064e-02 -1.783487351558565e-10  1.008278167449220e-10 -2.787038052859478e-06 -7.112072281839989e-08  4.677968407314151e-10 -1.838249865133868e-08 
 5.370317963702324e+12  8.931827929006034e-08 -2.963011116640152e-02 -1.682305323679471e-10  9.751765653304345e-11 -2.661678656587845e-06 -6.637571875720049e-08  4.467129999290980e-10 -1.796456184614481e-08 
 5.495408738576037e+12  8.529833508138807e-08 -2.895564749454210e-02 -1.586193102224578e-10  9.426748336326558e-11 -2.541954507432769e-06 -6.194720947578379e-08  4.265779951366257e-10 -1.755610341352348e-08 
 5.623413251903277e+12  8.145931459880574e-08 -2.829653649010678e-02 -1.494927029209554e-10  9.107822550944120e-11 -2.427612580066493e-06 -5.781409334675329e-08  4.073492312313345e-10 -1.715690996026789e-08 
 5.754399373371351e+12  7.779307524687744e-08 -2.765242868372665e-02 -1.408292814459433e-10  8.795072168686051e-11 -2.318411184225268e-06 -5.395667469057979e-08  3.889860199494960e-10 -1.676677279506300e-08 
 5.888436553555666e+12  7.429184087977109e-08 -2.702298256092641e-02 -1.326085091685031e-10  8.488572479276374e-11 -2.214119459198033e-06 -5.035657020554759e-08  3.714494947926508e-10 -1.638548783174471e-08 
 6.025595860743349e+12  7.094818531072986e-08 -2.640786438104881e-02 -1.248106996846886e-10  8.188390502219813e-11 -2.114516890658745e-06 -4.699662161367503e-08  3.547025297005152e-10 -1.601285549406936e-08 
 6.165950018614587e+12  6.775501656352721e-08 -2.580674800030100e-02 -1.174169768126418e-10  7.894585242011999e-11 -2.019392848872538e-06 -4.386081411091311e-08  3.387096613275587e-10 -1.564868062200569e-08 
 6.309573444801692e+12  6.470556183253003e-08 -2.521931469882881e-02 -1.104092366834301e-10  7.607207893072593e-11 -1.928546147346345e-06 -4.093420023705779e-08  3.234370147671084e-10 -1.529277237955743e-08 
 6.456542290346310e+12  6.179335311949287e-08 -2.464525301172735e-02 -1.037701118591417e-10  7.326302000498322e-11 -1.841784621033605e-06 -3.820282880617052e-08  3.088522325733335e-10 -1.494494416412183e-08 
 6.606934480075709e+12  5.901221351664197e-08 -2.408425856389814e-02 -9.748293741183113e-11  7.051903582714229e-11 -1.758924723240141e-06 -3.565367856200284e-08  2.949244069377142e-10 -1.460501351738707e-08 
 6.760829753919561e+12  5.635624410697518e-08 -2.353603390866552e-02 -9.153171889653225e-11  6.784041222059068e-11 -1.679791140414343e-06 -3.327459624506890e-08  2.816240148825867e-10 -1.427280203776876e-08 
 6.918309709189102e+12  5.381981145401081e-08 -2.300028837006645e-02 -8.590110215079345e-11  6.522736129268504e-11 -1.604216424039308e-06 -3.105423877870560e-08  2.689228563400960e-10 -1.394813529438359e-08 
 7.079457843841109e+12  5.139753565446835e-08 -2.247673788873036e-02 -8.057634485210768e-11  6.268002187712564e-11 -1.532040638877900e-06 -2.898201930079966e-08  2.567939949904090e-10 -1.363084274255610e-08 
 7.244359600749624e+12  4.908427892855555e-08 -2.196510487126708e-02 -7.554328976327116e-11  6.019845983096576e-11 -1.463111026853545e-06 -2.704805678592942e-08  2.452117017383202e-10 -1.332075764085267e-08 
 7.413102413008892e+12  4.687513472367461e-08 -2.146511804308317e-02 -7.078833959418322e-11  5.778266824144468e-11 -1.397281685880210e-06 -2.524312901955143e-08  2.341514007124570e-10 -1.301771696963510e-08 
 7.585775750291547e+12  4.476541730845021e-08 -2.097651230454866e-02 -6.629843340698532e-11  5.543256759547563e-11 -1.334413262984451e-06 -2.355862870163395e-08  2.235896176761531e-10 -1.272156135112463e-08 
 7.762471166286619e+12  4.275065183501787e-08 -2.049902859043758e-02 -6.206102448979922e-11  5.314800596178872e-11 -1.274372661090543e-06 -2.198652247187303e-08  2.135039307437183e-10 -1.243213497096566e-08 
 7.943282347242510e+12  4.082656484850610e-08 -2.003241373256830e-02 -5.806405962276766e-11  5.092875923244062e-11 -1.217032758866847e-06 -2.051931266239213e-08  2.038729233003166e-10 -1.214928550127744e-08 
 8.128305161640680e+12  3.898907522359151e-08 -1.957642032557038e-02 -5.429595965868918e-11  4.877453146665581e-11 -1.162272143057427e-06 -1.915000159668228e-08  1.946761390279442e-10 -1.187286402518034e-08 
 8.317637711026390e+12  3.723428550891156e-08 -1.913080659570698e-02 -5.074560133937571e-11  4.668495537580371e-11 -1.109974852747873e-06 -1.787205826555037e-08  1.858940389441296e-10 -1.160272496278265e-08 
 8.511380382023437e+12  3.555847366098443e-08 -1.869533627268325e-02 -4.740230026800676e-11  4.465959298377408e-11 -1.060030135038114e-06 -1.667938722206082e-08  1.775079603639290e-10 -1.133872599861283e-08 
 8.709635899560471e+12  3.395808515010998e-08 -1.826977846437268e-02 -4.425579495728507e-11  4.269793649214676e-11 -1.012332211617837e-06 -1.556629954793270e-08  1.695000776995843e-10 -1.108072801048087e-08 
 8.912509381337111e+12  3.242972542151506e-08 -1.785390753439509e-02 -4.129623187317526e-11  4.079940937443104e-11 -9.667800557621020e-07 -1.452748575364057e-08  1.618533650158656e-10 -1.082859499975215e-08 
 9.120108393558746e+12  3.097015269575834e-08 -1.744750298248126e-02 -3.851415139447029e-11  3.896336771834082e-11 -9.232771792856438e-07 -1.355799048360572e-08  1.545515602626196e-10 -1.058219402301615e-08 
 9.332543007969551e+12  2.957627109312975e-08 -1.705034932756070e-02 -3.590047460942449e-11  3.718910182966367e-11 -8.817314290145507e-07 -1.265318890640045e-08  1.475791311094197e-10 -1.034139512513171e-08 
 9.549925860213990e+12  2.824512406746593e-08 -1.666223599351083e-02 -3.344649087222874e-11  3.547583810585519e-11 -8.420547923532037e-07 -1.180876467785801e-08  1.409212423104471e-10 -1.010607127363026e-08 
 9.772372209557729e+12  2.697388813545855e-08 -1.628295719750672e-02 -3.114384604419483e-11  3.382274118213482e-11 -8.041632115428404e-07 -1.102068937242468e-08  1.345637245308529e-10 -9.876098294457518e-09 
 9.999999999999613e+12  2.575986688815975e-08 -1.591231184091229e-02 -2.898453134715121e-11  3.222891634766374e-11 -7.679764062257739e-07 -1.028520328504159e-08  1.284930445688442e-10 -9.651354809034272e-09 
 1.023292992280714e+13  2.460048527198572e-08 -1.555010340265519e-02 -2.696087275970801e-11  3.069341222443123e-11 -7.334177039461921e-07 -9.598797512334096e-09  1.226962769106171e-10 -9.431722172615870e-09 
 1.047128548050859e+13  2.349328412709211e-08 -1.519613983502874e-02 -2.506552089069048e-11  2.921522369684519e-11 -7.004138782346758e-07 -8.958197227947835e-09  1.171610765580322e-10 -9.217084413930303e-09 
 1.071519305237565e+13  2.243591497153952e-08 -1.485023346186569e-02 -2.329144126811663e-11  2.779329507578389e-11 -6.688949939390682e-07 -8.360346072529985e-09  1.118756530715946e-10 -9.007328176074201e-09 
 1.096478196143142e+13  2.142613502018875e-08 -1.451220087902982e-02 -2.163190498654818e-11  2.642652347708229e-11 -6.387942594791542e-07 -7.802391584138084e-09  1.068287457738558e-10 -8.802342658645855e-09 
 1.122018454301920e+13  2.046180242776340e-08 -1.418186285717269e-02 -2.008047966040673e-11  2.511376239114810e-11 -6.100478857168340e-07 -7.281671599793536e-09  1.020096000608249e-10 -8.602019561094492e-09 
 1.148153621496838e+13  1.954087174599203e-08 -1.385904424670382e-02 -1.863102063584341e-11  2.385382541766698e-11 -5.825949511470302e-07 -6.795701563502886e-09  9.740794477133347e-11 -8.406253027264641e-09 
 1.174897554939484e+13  1.866138958519642e-08 -1.354357388492415e-02 -1.727766241890432e-11  2.264549013719033e-11 -5.563772731276003e-07 -6.342162680371914e-09  9.301397056657363e-11 -8.214939591114560e-09 
 1.202264434617366e+13  1.782149047112568e-08 -1.323528450527319e-02 -1.601481028296219e-11  2.148750208981190e-11 -5.313392848789396e-07 -5.918890860452891e-09  8.881830927420463e-11 -8.027978123587575e-09 
 1.230268770812334e+13  1.701939288825015e-08 -1.293401264864221e-02 -1.483713202361180e-11  2.037857883013415e-11 -5.074279179958872e-07 -5.523866399715064e-09  8.481201415351250e-11 -7.845269780615405e-09 
 1.258925411794118e+13  1.625339550112409e-08 -1.263959857670596e-02 -1.373954983437093e-11  1.931741402728337e-11 -4.845924902259078e-07 -5.155204349028583e-09  8.098654104010774e-11 -7.666717952232346e-09 
 1.288249551693084e+13  1.552187354580377e-08 -1.235188618722740e-02 -1.271723228152199e-11  1.830268157883460e-11 -4.627845982784309e-07 -4.811145525320234e-09  7.733373033056103e-11 -7.492228212779534e-09 
 1.318256738556356e+13  1.482327538366832e-08 -1.207072293129011e-02 -1.176558636120378e-11  1.733303970811324e-11 -4.419580154406302e-07 -4.490048122110155e-09  7.384578976920864e-11 -7.321708272178505e-09 
 1.348962882591601e+13  1.415611921033488e-08 -1.179595973241496e-02 -1.088024962636055e-11  1.640713501541079e-11 -4.220685937849005e-07 -4.190379879487126e-09  7.051527800111038e-11 -7.155067928253523e-09 
 1.380384264602831e+13  1.351898991268843e-08 -1.152745090751771e-02 -1.005708237532838e-11  1.552360645513318e-11 -4.030741707628080e-07 -3.910710776238944e-09  6.733508885681376e-11 -6.992219020082271e-09 
 1.412537544622699e+13  1.291053606736078e-08 -1.126505408966595e-02 -9.292159897644872e-12  1.468108921273769e-11 -3.849344799894002e-07 -3.649706209336654e-09  6.429843633617239e-11 -6.833075382354758e-09 
 1.445439770745871e+13  1.232946707429323e-08 -1.100863015259424e-02 -8.581764776080774e-12  1.387821845744909e-11 -3.676110660304761e-07 -3.406120628288841e-09  6.139884025998785e-11 -6.677552800720512e-09 
 1.479108388168149e+13  1.177455041930373e-08 -1.075804313693760e-02 -7.922379246888271e-12  1.311363294911592e-11 -3.510672030137470e-07 -3.178791594045304e-09  5.863011255969106e-11 -6.525568968104415e-09 
 1.513561248436149e+13  1.124460905985276e-08 -1.051316017814394e-02 -7.310677622831862e-12  1.238597848011244e-11 -3.352678168927746e-07 -2.966634234148878e-09  5.598634417665923e-11 -6.377043441971734e-09 
 1.548816618912421e+13  1.073851892846398e-08 -1.027385143602763e-02 -6.743518785712718e-12  1.169391113585325e-11 -3.201794112001990e-07 -2.768636067719256e-09  5.346189254407435e-11 -6.231897602523289e-09 
 1.584893192461051e+13  1.025520654850442e-08 -1.003999002592645e-02 -6.217938756822416e-12  1.103610036020624e-11 -3.057699961340340e-07 -2.583852175612335e-09  5.105136962547814e-11 -6.090054611801873e-09 
 1.621810097358866e+13  9.793646757267767e-09 -9.811451951425704e-03 -5.731143355082643e-12  1.041123181481588e-11 -2.920090208277771e-07 -2.411400692741291e-09  4.874963048536307e-11 -5.951439373691416e-09 
 1.659586907437495e+13  9.352860531531759e-09 -9.588116038613646e-03 -5.280500953564172e-12  9.818010024032295e-12 -2.788673086617237e-07 -2.250458601078831e-09  4.655176236826575e-11 -5.815978494790655e-09 
 1.698243652461678e+13  8.931912910977878e-09 -9.369863871833492e-03 -4.863535345657647e-12  9.255160799741884e-12 -2.663169954792399e-07 -2.100257803291456e-09  4.445307426390069e-11 -5.683600246143407e-09 
 1.737800828749307e+13  8.529911015069172e-09 -9.156579730897875e-03 -4.477918732420835e-12  8.721433442874408e-12 -2.543314705778212e-07 -1.960081458292534e-09  4.244908693688843e-11 -5.554234525807812e-09 
 1.778279410038853e+13  8.146002149180167e-09 -8.948150529732466e-03 -4.121464842585266e-12  8.215602720689947e-12 -2.428853203505714e-07 -1.829260561248075e-09  4.053552340059891e-11 -5.427812822247232e-09 
 1.819700858609912e+13  7.779371995962148e-09 -8.744465756416235e-03 -3.792122196405124e-12  7.736470621102712e-12 -2.319542744592937e-07 -1.707170751733214e-09  3.870829981555023e-11 -5.304268178525862e-09 
 1.862087136662794e+13  7.429242888107882e-09 -8.545417414586583e-03 -3.487967524008686e-12  7.282867887258615e-12 -2.215151544256831e-07 -1.593229334823918e-09  3.696351679367456e-11 -5.183535157292295e-09 
 1.905460717963172e+13  7.094872158852333e-09 -8.350899966178235e-03 -3.207199348204079e-12  6.853655337338240e-12 -2.115458245321870e-07 -1.486892500922674e-09  3.529745109059424e-11 -5.065549806534733e-09 
 1.949844599757969e+13  6.775550566710969e-09 -8.160810275465558e-03 -2.948131740831741e-12  6.447724976098304e-12 -2.020251449289411e-07 -1.387652731063550e-09  3.370654766883976e-11 -4.950249626091707e-09 
 1.995262314968801e+13  6.470600791114558e-09 -7.975047554378643e-03 -2.709188260779775e-12  6.064000905991443e-12 -1.929329268478227e-07 -1.295036375325667e-09  3.218741211569341e-11 -4.837573534902582e-09 
 2.041737944669449e+13  6.179375995749793e-09 -7.793513309064139e-03 -2.488896080717180e-12  5.701440046817459e-12 -1.842498898290840e-07 -1.208601392808829e-09  3.073680340005730e-11 -4.727461838982321e-09 
 2.089296130853957e+13  5.901258456558570e-09 -7.616111287662499e-03 -2.285880308483129e-12  5.359032673765242e-12 -1.759576208702597e-07 -1.127935242394892e-09  2.935162695342592e-11 -4.619856200105327e-09 
 2.137962089502148e+13  5.635658251486041e-09 -7.442747429273981e-03 -2.098858507924930e-12  5.035802784412033e-12 -1.680385354110821e-07 -1.052652914236969e-09  2.802892806069361e-11 -4.514699605183472e-09 
 2.187761623949466e+13  5.382012009198335e-09 -7.273329814086304e-03 -1.926635422826317e-12  4.730808305766551e-12 -1.604758400719985e-07 -9.823950925892005e-10  2.676588554714617e-11 -4.411936336323669e-09 
 2.238721138568251e+13  5.139781714116045e-09 -7.107768614637563e-03 -1.768097906432552e-12  4.443141152788550e-12 -1.532534970675725e-07 -9.168264412157971e-10  2.555980574857772e-11 -4.311511941550654e-09 
 2.290867652767682e+13  4.908453565228938e-09 -6.945976048188507e-03 -1.622210057976594e-12  4.171927150003554e-12 -1.463561902195780e-07 -8.556340032022631e-10  2.440811675203802e-11 -4.213373206180876e-09 
 2.344228815319829e+13  4.687536886271431e-09 -6.787866330178978e-03 -1.488008566556297e-12  3.916325827873940e-12 -1.397692924979603e-07 -7.985257075370634e-10  2.330836289525552e-11 -4.117468124833726e-09 
 2.398832919019395e+13  4.476563084947324e-09 -6.633355628743797e-03 -1.364598261717896e-12  3.675530105501794e-12 -1.334788350210568e-07 -7.452289753409050e-10  2.225819951329614e-11 -4.023745874066505e-09 
 2.454708915684933e+13  4.275084658996291e-09 -6.482362020264002e-03 -1.251147869175055e-12  3.448765871041136e-12 -1.274714774495434e-07 -6.954894190958771e-10  2.125538792151198e-11 -3.932156785619867e-09 
 2.511886431509480e+13  4.082674246993952e-09 -6.334805445929860e-03 -1.146885969242211e-12  3.235291470903387e-12 -1.217344797115113e-07 -6.490696286700345e-10  2.029779062430514e-11 -3.842652320260735e-09 
 2.570395782768761e+13  3.898923721872292e-09 -6.190607669292632e-03 -1.051097154790171e-12  3.034397118464969e-12 -1.162556749988815e-07 -6.057480383468411e-10  1.938336673968390e-11 -3.755185042209820e-09 
 2.630267991895277e+13  3.723443325237713e-09 -6.049692234782563e-03 -9.631183848433898e-13  2.845404232544869e-12 -1.110234439780474e-07 -5.653178694550886e-10  1.851016763002076e-11 -3.669708594141268e-09 
 2.691534803926808e+13  3.555860840650629e-09 -5.911984427171144e-03 -8.823355293327764e-13  2.667664715426120e-12 -1.060266901601958e-07 -5.275861435554131e-10  1.767633272983622e-11 -3.586177672742114e-09 
 2.754228703338056e+13  3.395820804113034e-09 -5.777411231956087e-03 -8.081800999943574e-13  2.500560179661133e-12 -1.012548163792035e-07 -4.923727614759402e-10  1.688008556182869e-11 -3.504548004819443e-09 
 2.818382931264341e+13  3.242983750089536e-09 -5.645901296648094e-03 -7.401261619607154e-13  2.343501132338315e-12 -9.669770232734172e-08 -4.595096438036154e-10  1.611972993275150e-11 -3.424776323943499e-09 
 2.884031503126490e+13  3.097025491462543e-09 -5.517384892938801e-03 -6.776874202256773e-13  2.195926124906488e-12 -9.234568310125679e-08 -4.288399287308325e-10  1.539364630110186e-11 -3.346820347615035e-09 
 2.951209226666267e+13  2.957636431894438e-09 -5.391793879729922e-03 -6.204144748694640e-13  2.057300876063932e-12 -8.818952871282469e-08 -4.002172234305152e-10  1.470028830893652e-11 -3.270638754945632e-09 
 3.019951720401895e+13  2.824520909138143e-09 -5.269061667003929e-03 -5.678922387068168e-13  1.927117374627822e-12 -8.422042452151605e-08 -3.735049053880709e-10  1.403817947046299e-11 -3.196191164839756e-09 
 3.090295432513466e+13  2.697396567903274e-09 -5.149123180517149e-03 -5.197375108597517e-13  1.804892968715089e-12 -8.042995254685507e-08 -3.485754703569151e-10  1.340591001037639e-11 -3.123438114667649e-09 
 3.162277660168252e+13  2.575993760947619e-09 -5.031914827296530e-03 -4.755966996541868e-13  1.690169446992477e-12 -7.681007362141238e-08 -3.253099238266230e-10  1.280213384521946e-11 -3.052341039418329e-09 
 3.235936569296153e+13  2.460054977123704e-09 -4.917374461921817e-03 -4.351436881905632e-13  1.582512117197260e-12 -7.335311034655094e-08 -3.035972131003162e-10  1.222556570133806e-11 -2.982862251322188e-09 
 3.311311214825778e+13  2.349334295167205e-09 -4.805441353575223e-03 -3.980778359372404e-13  1.481508886594243e-12 -7.005173081483755e-08 -2.833336972715799e-10  1.167497836328680e-11 -2.914964919932896e-09 
 3.388441561391889e+13  2.243596862068713e-09 -4.696056153841139e-03 -3.641221097366726e-13  1.386769348522697e-12 -6.689893306465425e-08 -2.644226525719937e-10  1.114920004681037e-11 -2.848613052658499e-09 
 3.467368504525177e+13  2.142618394922433e-09 -4.589160865238829e-03 -3.330213376929888e-13  1.297923878700989e-12 -6.388803023409194e-08 -2.467738107290760e-10  1.064711189078548e-11 -2.783771475731855e-09 
 3.548133892335612e+13  2.046184705195171e-09 -4.484698810471391e-03 -3.045405795206036e-13  1.214622744498575e-12 -6.101263638268555e-08 -2.303029281319106e-10  1.016764556275644e-11 -2.720405815610685e-09 
 3.630780547700867e+13  1.954091244406579e-09 -4.382614602374711e-03 -2.784636070722706e-13  1.136535229955797e-12 -5.826665295096383e-08 -2.149313837486904e-10  9.709780972936070e-12 -2.658482480797781e-09 
 3.715352290971576e+13  1.866142670256984e-09 -4.282854114550448e-03 -2.545914889270401e-13  1.063348778932129e-12 -5.564425582913436e-08 -2.005858038775671e-10  9.272544091770878e-12 -2.597968644072039e-09 
 3.801893963205459e+13  1.782152432282546e-09 -4.185364452667507e-03 -2.327412730998854e-13  9.947681583932352e-13 -5.313988300751330e-08 -1.871977119402171e-10  8.855004866388202e-12 -2.538832225121235e-09 
 3.890451449942649e+13  1.701942376158856e-09 -4.090093926416761e-03 -2.127447621314875e-13  9.305146435062116e-13 -5.074822278254021e-08 -1.747032016469955e-10  8.456275231451678e-12 -2.481041873567622e-09 
 3.981071705534812e+13  1.625342365813697e-09 -3.996992022104170e-03 -1.944473750253884e-13  8.703252259000065e-13 -4.846420249339310e-08 -1.630426319740607e-10  8.075507210151552e-12 -2.424566952377611e-09 
 4.073802778040962e+13  1.552189922547412e-09 -3.906009375867746e-03 -1.777070907173357e-13  8.139518461635431e-13 -4.628297776534175e-08 -1.521603424969090e-10  7.711891101247604e-12 -2.369377521646978e-09 
 4.168693834703185e+13  1.482329880395423e-09 -3.817097747504180e-03 -1.623934679853349e-13  7.611606513963344e-13 -4.419992223704988e-08 -1.420043877218860e-10  7.364653748265765e-12 -2.315444322753243e-09 
 4.265795188015754e+13  1.415614057001917e-09 -3.730209994891258e-03 -1.483867369362379e-13  7.117312783942525e-13 -4.221061775006067e-08 -1.325262891478782e-10  7.033056887124512e-12 -2.262738762867023e-09 
 4.365158322401483e+13  1.351900939306546e-09 -3.645300048992470e-03 -1.355769574334350e-13  6.654561628452691e-13 -4.031084497967805e-08 -1.236808038749878e-10  6.716395568634853e-12 -2.211232899814308e-09 
 4.466835921509450e+13  1.291055383377503e-09 -3.562322889430607e-03 -1.238632400585010e-13  6.221398747250299e-13 -3.849657448739151e-08 -1.154257086559420e-10  6.413996652477851e-12 -2.160899427281863e-09 
 4.570881896148565e+13  1.232948327754243e-09 -3.481234520617357e-03 -1.131530254258143e-13  5.815984799185812e-13 -3.676395817588304e-08 -1.077215983596726e-10  6.125217369416911e-12 -2.111711660358006e-09 
 4.677351412871792e+13  1.177456519691856e-09 -3.401991948426261e-03 -1.033614178918561e-13  5.436589279510638e-13 -3.510932112850887e-08 -1.005316978852719e-10  5.849443948648548e-12 -2.063643521401312e-09 
 4.786300923226189e+13  1.124462253726408e-09 -3.324553157396663e-03 -9.441056991891580e-14  5.081584655851526e-13 -3.352915381596089e-08 -9.382168662870429e-11  5.586090307335220e-12 -2.016669526229823e-09 
 4.897788193684263e+13  1.073853122006729e-09 -3.248877088456551e-03 -8.622911356533577e-14  4.749440759351168e-13 -3.202010465359182e-08 -8.755953466456013e-11  5.334596799497875e-12 -1.970764770623610e-09 
 5.011872336272520e+13  1.025521775863068e-09 -3.174923617152498e-03 -7.875163578041968e-14  4.438719426551265e-13 -3.057897289362943e-08 -8.171534986102924e-11  5.094429021573423e-12 -1.925904917133605e-09 
 5.128613839913441e+13  9.793656981068853e-10 -3.102653532375142e-03 -7.191819438112190e-14  4.148069386815224e-13 -2.920270183721523e-08 -7.626123519845150e-11  4.865076672064763e-12 -1.882066182189853e-09 
 5.248074602497513e+13  9.352869855788011e-10 -3.032028515568939e-03 -6.567387177913475e-14  3.876221389438669e-13 -2.788837235187994e-08 -7.117115561048645e-11  4.646052462827502e-12 -1.839225323502409e-09 
 5.370317963702309e+13  8.931921414834624e-10 -2.963011120415161e-03 -5.996836371068505e-14  3.621983564064945e-13 -2.663319668071523e-08 -6.642081371238932e-11  4.436891079649159e-12 -1.797359627748306e-09 
 5.495408738576023e+13  8.529918770708404e-10 -2.895564752977353e-03 -5.475560039700258e-14  3.384237007597715e-13 -2.543451253011871e-08 -6.198753382328654e-11  4.237148189882917e-12 -1.756446898538128e-09 
 5.623413251903262e+13  8.146009222433177e-10 -2.829653652298753e-03 -4.999339773092337e-14  3.161931590473014e-13 -2.428977742358000e-08 -5.785015372892815e-11  4.046399494999906e-12 -1.716465444655898e-09 
 5.754399373371335e+13  7.779378446868258e-10 -2.765242871441354e-03 -4.564313624438926e-14  2.954081974907864e-13 -2.319656330953849e-08 -5.398892366832881e-11  3.864239826020913e-12 -1.677394068566102e-09 
 5.888436553555650e+13  7.429248771424023e-10 -2.702298258956580e-03 -4.166946576275234e-14  2.759763837572805e-13 -2.215255141188219e-08 -5.038541206218597e-11  3.690282279881206e-12 -1.639212055181813e-09 
 6.025595860743332e+13  7.094877524517763e-10 -2.640786440777727e-03 -3.804003379487558e-14  2.578110289032025e-13 -2.115552731217097e-08 -4.702241753313574e-11  3.524157394870720e-12 -1.601899160888022e-09 
 6.165950018614570e+13  6.775555460271155e-10 -2.580674802524600e-03 -3.472523584319418e-14  2.408308482249445e-13 -2.020337625315859e-08 -4.388388679793481e-11  3.365512363376313e-12 -1.565435602814399e-09 
 6.309573444801675e+13  6.470605254107739e-10 -2.521931472210935e-03 -3.169798594535401e-14  2.249596402464284e-13 -1.929407865365654e-08 -4.095483803967855e-11  3.214010280233513e-12 -1.529802048351850e-09 
 6.456542290346291e+13  6.179380066059518e-10 -2.464525303345445e-03 -2.893350587899889e-14  2.101259830788719e-13 -1.842570582523108e-08 -3.822128939431980e-11  3.069329425072206e-12 -1.494979604907346e-09 
 6.606934480075690e+13  5.901262168735268e-10 -2.408425858417545e-03 -2.640913157398729e-14  1.962629473966812e-13 -1.759641588165199e-08 -3.567019221015941e-11  2.931162577114221e-12 -1.460949809891640e-09 
 6.760829753919541e+13  5.635661637040258e-10 -2.353603392758976e-03 -2.410413538205344e-14  1.833078252852414e-13 -1.680444983242027e-08 -3.328936876175981e-11  2.799216360950963e-12 -1.427694620934584e-09 
 6.918309709189081e+13  5.382015096868194e-10 -2.300028838772790e-03 -2.199956295297017e-14  1.712018742309057e-13 -1.604812785209243e-08 -3.106745412099120e-11  2.673210621896226e-12 -1.395196406322903e-09 
 7.079457843841089e+13  5.139784530111166e-10 -2.247673790521326e-03 -2.007808355891716e-14  1.598900755402417e-13 -1.532584571749110e-08 -2.899384190776065e-11  2.552877829573259e-12 -1.363437935655386e-09 
 7.244359600749603e+13  4.908456133452898e-10 -2.196510488665007e-03 -1.832385279530909e-14  1.493209064941596e-13 -1.463607140524771e-08 -2.705863366149052e-11  2.437962508456155e-12 -1.332402370710551e-09 
 7.413102413008870e+13  4.687539228524663e-10 -2.146511805743965e-03 -1.672238666709249e-14  1.394461255625617e-13 -1.397734184246301e-08 -2.525259159169347e-11  2.328220694143893e-12 -1.302073256521981e-09 
 7.585775750291525e+13  4.476565221112149e-10 -2.097651231794709e-03 -1.526044614478217e-14  1.302205700262938e-13 -1.334825980359543e-08 -2.356709448211898e-11  2.223419414200961e-12 -1.272434512656623e-09 
 7.762471166286597e+13  4.275086607205686e-10 -2.049902860294190e-03 -1.392593134457211e-14  1.216019653751488e-13 -1.274749094699758e-08 -2.199409653799730e-11  2.123336192451489e-12 -1.243470424691430e-09 
 7.943282347242488e+13  4.082676023785458e-10 -2.003241374423817e-03 -1.270778455201506e-14  1.135507458732341e-13 -1.217376098481666e-08 -2.052608897995334e-11  2.027758575664467e-12 -1.215165635883856e-09 
 8.128305161640658e+13  3.898925342328393e-10 -1.957642033646149e-03 -1.159590136930392e-14  1.060298857059342e-13 -1.162585298025810e-08 -1.915606420127339e-11  1.936483681615984e-12 -1.187505139031820e-09 
 8.317637711026367e+13  3.723444803113852e-10 -1.913080660587128e-03 -1.058104932238176e-14  9.900474014579726e-14 -1.110260476648080e-08 -1.787748231744074e-11  1.849317767560417e-12 -1.160474268518798e-09 
 8.511380382023414e+13  3.555862188491962e-10 -1.869533628216923e-03 -9.654793316223160e-15  9.244289619777049e-14 -1.060290648165087e-08 -1.668423994827538e-11  1.766075818186641e-12 -1.134058692539888e-09 
 8.709635899560447e+13  3.395822033360929e-10 -1.826977847322562e-03 -8.809427374923566e-15  8.631403220718149e-14 -1.012569821492684e-08 -1.557064108366870e-11  1.686581152177222e-12 -1.108244405504701e-09 
 8.912509381337088e+13  3.242984871178673e-10 -1.785390754265723e-03 -8.037912147950317e-15  8.058978593656669e-14 -9.669967758384199e-09 -1.453136989384864e-11  1.610665046528667e-12 -1.083017720613083e-09 
 9.120108393558720e+13  3.097026513909504e-10 -1.744750299019201e-03 -7.333817705284880e-15  7.524363063980545e-14 -9.234748460112268e-09 -1.356146535439269e-11  1.538166377829077e-12 -1.058365262599738e-09 
 9.332543007969525e+13  2.957637364378470e-10 -1.705034933475687e-03 -6.691271182441388e-15  7.025075868392386e-14 -8.819117173930300e-09 -1.265629756486715e-11  1.468931279725990e-12 -1.034273960643908e-09 
 9.549925860213964e+13  2.824521759574841e-10 -1.666223600022675e-03 -6.104908871695993e-15  6.558797229033388e-14 -8.422192301375093e-09 -1.181154564805546e-11  1.402812815852104e-12 -1.010731041440370e-09 
 9.772372209557702e+13  2.697397343511764e-10 -1.628295720377444e-03 -5.569832388503287e-15  6.123358098809912e-14 -8.043131921807689e-09 -1.102317712428238e-11  1.339670667509773e-12 -9.877240224280839e-10 
 9.999999999999584e+13  2.575994468311850e-10 -1.591231184676172e-03 -5.081568572200470e-15  5.716730539203528e-14 -7.681132006673617e-09 -1.028742866238136e-11  1.279370835446894e-12 -9.652407051728934e-10 
