 frequency              onoise_spectrum        inoise_spectrum        onoise_m.xdut.m1       onoise_m.xdut.m2       onoise_r.xdut.re       onoise_r.xdut.rl       onoise_m.xdut.m1_1overf onoise_m.xdut.m2_1overf onoise_m.xdut.m1_id    onoise_m.xdut.m2_id   
 1.000000000000000e+00  5.005695951733074e-06  1.287142671631811e-06  5.005643969570426e-06  1.831135546144575e-08  4.400588740238113e-09  1.287401180708564e-08  5.005602234491429e-06  1.831120194066376e-08  2.044064948049354e-08  7.498215555082166e-11 
 1.023292992280754e+00  4.948397610748384e-06  1.272409227889674e-06  4.948345797872524e-06  1.810175064378501e-08  4.400588740238111e-09  1.287401180708564e-08  4.948303579528189e-06  1.810159534533130e-08  2.044064948049353e-08  7.498215555082166e-11 
 1.047128548050899e+00  4.891755174506683e-06  1.257844440612366e-06  4.891703524050078e-06  1.789454519356425e-08  4.400588740238111e-09  1.287401180708563e-08  4.891660816844599e-06  1.789438809685490e-08  2.044064948049353e-08  7.498215555082168e-11 
 1.071519305237606e+00  4.835761135114386e-06  1.243446379253104e-06  4.835709640231038e-06  1.768971164592547e-08  4.400588740238111e-09  1.287401180708564e-08  4.835666438503819e-06  1.768955273013821e-08  2.044064948049354e-08  7.498215555082168e-11 
 1.096478196143185e+00  4.780408070622204e-06  1.229213135364449e-06  4.780356724486742e-06  1.748722285040466e-08  4.400588740238109e-09  1.287401180708563e-08  4.780313022511646e-06  1.748706209447612e-08  2.044064948049353e-08  7.498215555082552e-11 
 1.122018454301963e+00  4.725688644041384e-06  1.215142822345334e-06  4.725637439848163e-06  1.728705196732946e-08  4.400588740238109e-09  1.287401180708563e-08  4.725593231832752e-06  1.728688934995242e-08  2.044064948049352e-08  7.498215555082553e-11 
 1.148153621496882e+00  4.671595602371184e-06  1.201233575191007e-06  4.671544533333382e-06  1.708917246426704e-08  4.400588740238109e-09  1.287401180708563e-08  4.671499813418152e-06  1.708900796388755e-08  2.044064948049352e-08  7.498215555082553e-11 
 1.174897554939529e+00  4.618121775637511e-06  1.187483550245819e-06  4.618070834986226e-06  1.689355811250271e-08  4.400588740238108e-09  1.287401180708563e-08  4.618025597243826e-06  1.689339170731724e-08  2.044064948049352e-08  7.498215555082171e-11 
 1.202264434617413e+00  4.565260075942529e-06  1.173890924958852e-06  4.565209256925890e-06  1.670018298356772e-08  4.400588740238108e-09  1.287401180708563e-08  4.565163495360342e-06  1.670001465152033e-08  2.044064948049352e-08  7.498215555082172e-11 
 1.230268770812381e+00  4.513003496525190e-06  1.160453897642344e-06  4.512952792407452e-06  1.650902144579729e-08  4.400588740238107e-09  1.287401180708563e-08  4.512906500953353e-06  1.650885116457665e-08  2.044064948049352e-08  7.498215555082172e-11 
 1.258925411794167e+00  4.461345110832474e-06  1.147170687232872e-06  4.461294514893135e-06  1.632004816093661e-08  4.400588740238107e-09  1.287401180708562e-08  4.461247687414854e-06  1.631987590797306e-08  2.044064948049352e-08  7.498215555082173e-11 
 1.288249551693134e+00  4.410278071601292e-06  1.134039533055282e-06  4.410227577134197e-06  1.613323808078143e-08  4.400588740238105e-09  1.287401180708562e-08  4.410180207425065e-06  1.613306383324399e-08  2.044064948049351e-08  7.498215555082175e-11 
 1.318256738556407e+00  4.359795609950893e-06  1.121058694589304e-06  4.359745210263346e-06  1.594856644385794e-08  4.400588740238105e-09  1.287401180708562e-08  4.359697292044828e-06  1.594839017865128e-08  2.044064948049351e-08  7.498215555082176e-11 
 1.348962882591653e+00  4.309891034485643e-06  1.108226451238856e-06  4.309840722897524e-06  1.576600877214067e-08  4.400588740238105e-09  1.287401180708562e-08  4.309792249818390e-06  1.576583046590205e-08  2.044064948049351e-08  7.498215555082177e-11 
 1.380384264602885e+00  4.260557730408098e-06  1.095541102103975e-06  4.260507500250972e-06  1.558554086780792e-08  4.400588740238103e-09  1.287401180708561e-08  4.260458465886459e-06  1.558536049690413e-08  2.044064948049350e-08  7.498215555082179e-11 
 1.412537544622754e+00  4.211789158642219e-06  1.083000965755368e-06  4.211739003258459e-06  1.540713881003441e-08  4.400588740238104e-09  1.287401180708561e-08  4.211689401109414e-06  1.540695635055858e-08  2.044064948049350e-08  7.498215555082180e-11 
 1.445439770745927e+00  4.163578854966621e-06  1.070604380011541e-06  4.163528767708518e-06  1.523077895182059e-08  4.400588740238103e-09  1.287401180708561e-08  4.163478591200538e-06  1.523059437958907e-08  2.044064948049349e-08  7.498215555082180e-11 
 1.479108388168207e+00  4.115920429157748e-06  1.058349701718473e-06  4.115870403386638e-06  1.505643791685824e-08  4.400588740238100e-09  1.287401180708561e-08  4.115819645869204e-06  1.505625120740736e-08  2.044064948049349e-08  7.498215555082182e-11 
 1.513561248436208e+00  4.068807564142857e-06  1.046235306531826e-06  4.068757593228238e-06  1.488409259643197e-08  4.400588740238100e-09  1.287401180708560e-08  4.068706247973827e-06  1.488390372501482e-08  2.044064948049348e-08  7.498215555082184e-11 
 1.548816618912481e+00  4.022234015162699e-06  1.034259588701633e-06  4.022184092481351e-06  1.471372014635619e-08  4.400588740238100e-09  1.287401180708560e-08  4.022132152684548e-06  1.471352908793934e-08  2.044064948049348e-08  7.498215555082185e-11 
 1.584893192461113e+00  3.976193608943775e-06  1.022420960859460e-06  3.976143727878886e-06  1.454529798394715e-08  4.400588740238099e-09  1.287401180708560e-08  3.976091186655485e-06  1.454510471320732e-08  2.044064948049348e-08  7.498215555082186e-11 
 1.621810097358929e+00  3.930680242880085e-06  1.010717853808004e-06  3.930630396820374e-06  1.437880378502959e-08  4.400588740238097e-09  1.287401180708560e-08  3.930577247206459e-06  1.437860827635033e-08  2.044064948049347e-08  7.498215555082188e-11 
 1.659586907437560e+00  3.885687884224231e-06  9.991487163130945e-07  3.885638066563067e-06  1.421421548097775e-08  4.400588740238097e-09  1.287401180708559e-08  3.885584301514096e-06  1.421401770844600e-08  2.044064948049347e-08  7.498215555082190e-11 
 1.698243652461743e+00  3.841210569287777e-06  9.877120148980803e-07  3.841160773422311e-06  1.405151125579014e-08  4.400588740238096e-09  1.287401180708559e-08  3.841106385812179e-06  1.405131119319282e-08  2.044064948049346e-08  7.498215555082191e-11 
 1.737800828749374e+00  3.797242402650775e-06  9.764062336405694e-07  3.797192621981061e-06  1.389066954319791e-08  4.400588740238095e-09  1.287401180708559e-08  3.797137604601158e-06  1.389046716401845e-08  2.044064948049346e-08  7.498215555082194e-11 
 1.778279410038922e+00  3.753777556380334e-06  9.652298739714946e-07  3.753727784308455e-06  1.373166902380620e-08  4.400588740238094e-09  1.287401180708558e-08  3.753672129866710e-06  1.373146430122104e-08  2.044064948049345e-08  7.498215555082195e-11 
 1.819700858609982e+00  3.710810269258129e-06  9.541814544764797e-07  3.710760499187324e-06  1.357448862226836e-08  4.400588740238093e-09  1.287401180708558e-08  3.710704200307238e-06  1.357428152914334e-08  2.044064948049345e-08  7.498215555082197e-11 
 1.862087136662866e+00  3.668334846016759e-06  9.432595106994792e-07  3.668285071350550e-06  1.341910750449234e-08  4.400588740238090e-09  1.287401180708558e-08  3.668228120570220e-06  1.341889801337918e-08  2.044064948049344e-08  7.498215555082199e-11 
 1.905460717963246e+00  3.626345656584849e-06  9.324625949486677e-07  3.626295870726166e-06  1.326550507487924e-08  4.400588740238089e-09  1.287401180708557e-08  3.626238260497296e-06  1.326529315801184e-08  2.044064948049343e-08  7.498215555082202e-11 
 1.949844599758044e+00  3.584837135340787e-06  9.217892761045480e-07  3.584787331691092e-06  1.311366097359331e-08  4.400588740238086e-09  1.287401180708557e-08  3.584729054377996e-06  1.311344660288412e-08  2.044064948049343e-08  7.498215555082204e-11 
 1.995262314968878e+00  3.543803780375009e-06  9.112381394302595e-07  3.543753952333426e-06  1.296355507386335e-08  4.400588740238086e-09  1.287401180708556e-08  3.543695000212010e-06  1.296333822089963e-08  2.044064948049342e-08  7.498215555082207e-11 
 2.041737944669527e+00  3.503240152760718e-06  9.008077863840546e-07  3.503190293723158e-06  1.281516747931421e-08  4.400588740238086e-09  1.287401180708556e-08  3.503130658979902e-06  1.281494811535425e-08  2.044064948049341e-08  7.498215555081827e-11 
 2.089296130854037e+00  3.463140875832977e-06  8.904968344339256e-07  3.463090979191261e-06  1.266847852133222e-08  4.400588740238084e-09  1.287401180708556e-08  3.463030653922183e-06  1.266825661730156e-08  2.044064948049341e-08  7.498215555081828e-11 
 2.137962089502230e+00  3.423500634476022e-06  8.803039168743494e-07  3.423450693617006e-06  1.252346875645414e-08  4.400588740238081e-09  1.287401180708555e-08  3.423389669826615e-06  1.252324428294170e-08  2.044064948049340e-08  7.498215555081832e-11 
 2.187761623949550e+00  3.384314174418758e-06  8.702276826451337e-07  3.384264182723460e-06  1.238011896379328e-08  4.400588740238080e-09  1.287401180708554e-08  3.384202452323694e-06  1.237989189104748e-08  2.044064948049339e-08  7.498215555082217e-11 
 2.238721138568337e+00  3.345576301538306e-06  8.602667961523349e-07  3.345526252381028e-06  1.223841014248854e-08  4.400588740238076e-09  1.287401180708554e-08  3.345463807190187e-06  1.223818044041333e-08  2.044064948049337e-08  7.498215555082221e-11 
 2.290867652767770e+00  3.307281881171535e-06  8.504199370912265e-07  3.307231767918983e-06  1.209832350918972e-08  4.400588740238075e-09  1.287401180708553e-08  3.307168599660643e-06  1.209809114734062e-08  2.044064948049336e-08  7.498215555082224e-11 
 2.344228815319919e+00  3.269425837434456e-06  8.406858002712938e-07  3.269375653444866e-06  1.195984049556521e-08  4.400588740238073e-09  1.287401180708553e-08  3.269311753746782e-06  1.195960544314529e-08  2.044064948049335e-08  7.498215555082228e-11 
 2.398832919019488e+00  3.232003152549430e-06  8.310630954432333e-07  3.231952891171685e-06  1.182294274584150e-08  4.400588740238071e-09  1.287401180708552e-08  3.231888251564684e-06  1.182270497169726e-08  2.044064948049334e-08  7.498215555082232e-11 
 2.454708915685027e+00  3.195008866180062e-06  8.215505471279299e-07  3.194958520752813e-06  1.168761211437004e-08  4.400588740238068e-09  1.287401180708551e-08  3.194893132669670e-06  1.168737158698731e-08  2.044064948049333e-08  7.498215555082235e-11 
 2.511886431509577e+00  3.158438074773715e-06  8.121468944473959e-07  3.158387638624497e-06  1.155383066322213e-08  4.400588740238065e-09  1.287401180708550e-08  3.158321493398802e-06  1.155358735072189e-08  2.044064948049332e-08  7.498215555082239e-11 
 2.570395782768860e+00  3.122285930911547e-06  8.028508909576401e-07  3.122235397355899e-06  1.142158065981123e-08  4.400588740238062e-09  1.287401180708550e-08  3.122168486220909e-06  1.142133452994539e-08  2.044064948049330e-08  7.498215555082243e-11 
 2.630267991895378e+00  3.086547642665995e-06  7.936613044834556e-07  3.086497005006571e-06  1.129084457454197e-08  4.400588740238061e-09  1.287401180708549e-08  3.086429319094048e-06  1.129059559468910e-08  2.044064948049330e-08  7.498215555081864e-11 
 2.691534803926912e+00  3.051218472965606e-06  7.845769169550949e-07  3.051167724491292e-06  1.116160507848893e-08  4.400588740238058e-09  1.287401180708548e-08  3.051099254830328e-06  1.116135321564992e-08  2.044064948049329e-08  7.498215555081868e-11 
 2.754228703338163e+00  3.016293738967147e-06  7.755965242468159e-07  3.016242872952168e-06  1.103384504109618e-08  4.400588740238056e-09  1.287401180708547e-08  3.016173610467999e-06  1.103359026188991e-08  2.044064948049328e-08  7.498215555081874e-11 
 2.818382931264450e+00  2.981768811434895e-06  7.667189360172772e-07  2.981717821137929e-06  1.090754752790907e-08  4.400588740238052e-09  1.287401180708546e-08  2.981647756650731e-06  1.090728979856794e-08  2.044064948049326e-08  7.498215555081879e-11 
 2.884031503126602e+00  2.947639114127039e-06  7.579429755517584e-07  2.947587992790323e-06  1.078269579832946e-08  4.400588740238049e-09  1.287401180708545e-08  2.947517117013997e-06  1.078243508469496e-08  2.044064948049324e-08  7.498215555082266e-11 
 2.951209226666381e+00  2.913900123189107e-06  7.492674796061900e-07  2.913848864037541e-06  1.065927330339460e-08  4.400588740238043e-09  1.287401180708544e-08  2.913777167578482e-06  1.065900957091276e-08  2.044064948049322e-08  7.498215555082273e-11 
 3.019951720402012e+00  2.880547366554329e-06  7.406912982529640e-07  2.880495962794579e-06  1.053726368358692e-08  4.400588740238041e-09  1.287401180708543e-08  2.880423436150436e-06  1.053699689730374e-08  2.044064948049321e-08  7.498215555082278e-11 
 3.090295432513586e+00  2.847576423350870e-06  7.322132947285141e-07  2.847524868170473e-06  1.041665076666282e-08  4.400588740238038e-09  1.287401180708542e-08  2.847451501728885e-06  1.041638089121965e-08  2.044064948049320e-08  7.498215555081899e-11 
 3.162277660168374e+00  2.814982923315851e-06  7.238323452826375e-07  2.814931209882307e-06  1.029741856551174e-08  4.400588740238033e-09  1.287401180708541e-08  2.814856993919635e-06  1.029714556514060e-08  2.044064948049318e-08  7.498215555081906e-11 
 3.235936569296277e+00  2.782762546216072e-06  7.155473390295444e-07  2.782710667675945e-06  1.017955127603390e-08  4.400588740238030e-09  1.287401180708540e-08  2.782635592355981e-06  1.017927511455273e-08  2.044064948049316e-08  7.498215555081914e-11 
 3.311311214825905e+00  2.750911021275373e-06  7.073571778006105e-07  2.750858970753381e-06  1.006303327504762e-08  4.400588740238026e-09  1.287401180708538e-08  2.750783026126046e-06  1.006275391585547e-08  2.044064948049314e-08  7.498215555081920e-11 
 3.388441561392020e+00  2.719424126608546e-06  6.992607759988162e-07  2.719371897206652e-06  9.947849118217936e-09  4.400588740238021e-09  1.287401180708537e-08  2.719295073206680e-06  9.947566524290165e-09  2.044064948049312e-08  7.498215555081928e-11 
 3.467368504525310e+00  2.688297688661725e-06  6.912570604548509e-07  2.688245273458223e-06  9.833983538009977e-09  4.400588740238015e-09  1.287401180708536e-08  2.688167559903827e-06  9.833697671893323e-09  2.044064948049309e-08  7.498215555082318e-11 
 3.548133892335748e+00  2.657527581659193e-06  6.833449702848674e-07  2.657474973707794e-06  9.721421441662767e-09  4.400588740238011e-09  1.287401180708535e-08  2.657396360299317e-06  9.721132265470393e-09  2.044064948049307e-08  7.498215555081942e-11 
 3.630780547701007e+00  2.627109727056507e-06  6.755234567498612e-07  2.627056919385419e-06  9.610147909193711e-09  4.400588740238007e-09  1.287401180708533e-08  2.626977395703973e-06  9.609855384600187e-09  2.044064948049304e-08  7.498215555081951e-11 
 3.715352290971718e+00  2.597040092999898e-06  6.677914831166623e-07  2.596987078610903e-06  9.500148191415943e-09  4.400588740238000e-09  1.287401180708532e-08  2.596906634116985e-06  9.499852279652172e-09  2.044064948049303e-08  7.498215555081959e-11 
 3.801893963205605e+00  2.567314693791848e-06  6.601480245205159e-07  2.567261465659375e-06  9.391407707985857e-09  4.400588740237995e-09  1.287401180708530e-08  2.567180089691477e-06  9.391108369833942e-09  2.044064948049300e-08  7.498215555081968e-11 
 3.890451449942799e+00  2.537929589362793e-06  6.525920678292402e-07  2.537876140432992e-06  9.283912045469508e-09  4.400588740237990e-09  1.287401180708528e-08  2.537793822206185e-06  9.283609241257562e-09  2.044064948049297e-08  7.498215555081594e-11 
 3.981071705534965e+00  2.508880884748869e-06  6.451226115089334e-07  2.508827207938673e-06  9.177646955434512e-09  4.400588740237984e-09  1.287401180708526e-08  2.508743936543181e-06  9.177340645031399e-09  2.044064948049294e-08  7.498215555081987e-11 
 4.073802778041119e+00  2.480164729575641e-06  6.377386654912250e-07  2.480110817771835e-06  9.072598352556683e-09  4.400588740237976e-09  1.287401180708524e-08  2.480026582171589e-06  9.072288495366711e-09  2.044064948049291e-08  7.498215555081999e-11 
 4.168693834703346e+00  2.451777317547738e-06  6.304392510420406e-07  2.451723163606011e-06  8.968752312757770e-09  4.400588740237970e-09  1.287401180708522e-08  2.451637952637192e-06  8.968438867715318e-09  2.044064948049288e-08  7.498215555082009e-11 
 4.265795188015918e+00  2.423714885944332e-06  6.232234006318727e-07  2.423660482688337e-06  8.866095071357035e-09  4.400588740237963e-09  1.287401180708520e-08  2.423574285057894e-06  8.865777996921110e-09  2.044064948049284e-08  7.498215555081637e-11 
 4.365158322401651e+00  2.395973715120396e-06  6.160901578075359e-07  2.395919055340800e-06  8.764613021249481e-09  4.400588740237955e-09  1.287401180708518e-08  2.395831859624955e-06  8.764292275398221e-09  2.044064948049281e-08  7.498215555082033e-11 
 4.466835921509622e+00  2.368550128013666e-06  6.090385770653898e-07  2.368495204467196e-06  8.664292711097718e-09  4.400588740237947e-09  1.287401180708516e-08  2.368406999109933e-06  8.663968251322832e-09  2.044064948049277e-08  7.498215555082044e-11 
 4.570881896148741e+00  2.341440489657253e-06  6.020677237260135e-07  2.341385295065736e-06  8.565120843553089e-09  4.400588740237939e-09  1.287401180708513e-08  2.341296068377274e-06  8.564792626854228e-09  2.044064948049274e-08  7.498215555081675e-11 
 4.677351412871972e+00  2.314641206697829e-06  5.951766738103144e-07  2.314585733747234e-06  8.467084273492631e-09  4.400588740237931e-09  1.287401180708511e-08  2.314495473902474e-06  8.466752256371695e-09  2.044064948049270e-08  7.498215555081687e-11 
 4.786300923226373e+00  2.288148726919334e-06  5.883645139170564e-07  2.288092968258800e-06  8.370170006274919e-09  4.400588740237921e-09  1.287401180708508e-08  2.288001663295764e-06  8.369834144730301e-09  2.044064948049266e-08  7.498215555082086e-11 
 4.897788193684452e+00  2.261959538772132e-06  5.816303411017895e-07  2.261903487013000e-06  8.274365196017282e-09  4.400588740237912e-09  1.287401180708505e-08  2.261811124831246e-06  8.274025445538045e-09  2.044064948049261e-08  7.498215555081716e-11 
 5.011872336272712e+00  2.236070170907561e-06  5.749732627571647e-07  2.236013818622395e-06  8.179657143896926e-09  4.400588740237904e-09  1.287401180708503e-08  2.235920386981415e-06  8.179313459456911e-09  2.044064948049257e-08  7.498215555081733e-11 
 5.128613839913638e+00  2.210477191717804e-06  5.683923964946201e-07  2.210420531439411e-06  8.086033296463437e-09  4.400588740237893e-09  1.287401180708499e-08  2.210326017957013e-06  8.085685632515298e-09  2.044064948049251e-08  7.498215555081748e-11 
 5.248074602497715e+00  2.185177208881042e-06  5.618868700274226e-07  2.185120233101482e-06  7.993481243976980e-09  4.400588740237881e-09  1.287401180708496e-08  2.185024625252148e-06  7.993129554446164e-09  2.044064948049246e-08  7.498215555081765e-11 
 5.370317963702516e+00  2.160166868911797e-06  5.554558210550448e-07  2.160109570081392e-06  7.901988718762566e-09  4.400588740237871e-09  1.287401180708493e-08  2.160012855194624e-06  7.901632957041209e-09  2.044064948049242e-08  7.498215555081401e-11 
 5.495408738576233e+00  2.135442856716433e-06  5.490983971488693e-07  2.135385227242770e-06  7.811543593585999e-09  4.400588740237859e-09  1.287401180708490e-08  2.135287392501410e-06  7.811183712526766e-09  2.044064948049236e-08  7.498215555081802e-11 
 5.623413251903478e+00  2.111001895153746e-06  5.428137556392008e-07  2.110943927400673e-06  7.722133880042001e-09  4.400588740237847e-09  1.287401180708486e-08  2.110844959839209e-06  7.721769831951835e-09  2.044064948049231e-08  7.498215555081439e-11 
 5.754399373371556e+00  2.086840744600580e-06  5.366010635035694e-07  2.086782430887196e-06  7.633747726971167e-09  4.400588740237832e-09  1.287401180708482e-08  2.086682317390045e-06  7.633379463604989e-09  2.044064948049224e-08  7.498215555081843e-11 
 5.888436553555876e+00  2.062956202522421e-06  5.304594972563157e-07  2.062897535122062e-06  7.546373418882750e-09  4.400588740237820e-09  1.287401180708478e-08  2.062796262421836e-06  7.546000891437071e-09  2.044064948049218e-08  7.498215555081482e-11 
 6.025595860743564e+00  2.039345103048899e-06  5.243882428394379e-07  2.039286074188119e-06  7.459999374408079e-09  4.400588740237805e-09  1.287401180708474e-08  2.039183628863866e-06  7.459622533514540e-09  2.044064948049211e-08  7.498215555081888e-11 
 6.165950018614807e+00  2.016004316554163e-06  5.183864955146900e-07  2.015944918411702e-06  7.374614144759239e-09  4.400588740237791e-09  1.287401180708470e-08  2.015841286887135e-06  7.374232940478081e-09  2.044064948049205e-08  7.498215555081528e-11 
 6.309573444801917e+00  1.992930749242044e-06  5.124534597569131e-07  1.992870973947799e-06  7.290206412217314e-09  4.400588740237774e-09  1.287401180708465e-08  1.992766142489496e-06  7.289820794030769e-09  2.044064948049197e-08  7.498215555081552e-11 
 6.456542290346539e+00  1.970121342735980e-06  5.065883491485912e-07  1.970061182369966e-06  7.206764988628033e-09  4.400588740237758e-09  1.287401180708461e-08  1.969955137085554e-06  7.206374905433645e-09  2.044064948049189e-08  7.498215555081579e-11 
 6.606934480075944e+00  1.947573073673632e-06  5.007903862756109e-07  1.947512520264933e-06  7.124278813920702e-09  4.400588740237742e-09  1.287401180708456e-08  1.947405247101251e-06  7.123884214024560e-09  2.044064948049182e-08  7.498215555081606e-11 
 6.760829753919801e+00  1.925282953306138e-06  4.950588026242169e-07  1.925221998831855e-06  7.042736954641456e-09  4.400588740237724e-09  1.287401180708450e-08  1.925113483573096e-06  7.042337785751359e-09  2.044064948049174e-08  7.498215555081251e-11 
 6.918309709189348e+00  1.903248027101956e-06  4.893928384791447e-07  1.903186663486149e-06  6.962128602505844e-09  4.400588740237703e-09  1.287401180708445e-08  1.903076891751974e-06  6.961724811724385e-09  2.044064948049165e-08  7.498215555081663e-11 
 7.079457843841362e+00  1.881465374355250e-06  4.837917428229238e-07  1.881403593467871e-06  6.882443072962598e-09  4.400588740237684e-09  1.287401180708439e-08  1.881292550711514e-06  6.882034606780163e-09  2.044064948049155e-08  7.498215555081695e-11 
 7.244359600749883e+00  1.859932107798747e-06  4.782547732363284e-07  1.859869901454567e-06  6.803669803780668e-09  4.400588740237664e-09  1.287401180708433e-08  1.859757572960905e-06  6.803256608068362e-09  2.044064948049146e-08  7.498215555081344e-11 
 7.413102413009157e+00  1.838645373221033e-06  4.727811957999719e-07  1.838582733178561e-06  6.725798353648797e-09  4.400588740237643e-09  1.287401180708427e-08  1.838469104062171e-06  6.725380373651279e-09  2.044064948049136e-08  7.498215555081379e-11 
 7.585775750291819e+00  1.817602349088235e-06  4.673702849970263e-07  1.817539267048630e-06  6.648818400789796e-09  4.400588740237620e-09  1.287401180708420e-08  1.817424322251820e-06  6.648395581118044e-09  2.044064948049126e-08  7.498215555081413e-11 
 7.762471166286898e+00  1.796800246170023e-06  4.620213236170554e-07  1.796736713776002e-06  6.572719741593475e-09  4.400588740237597e-09  1.287401180708413e-08  1.796620438066817e-06  6.572292026217455e-09  2.044064948049115e-08  7.498215555081068e-11 
 7.943282347242794e+00  1.776236307169908e-06  4.567336026609497e-07  1.776172316004636e-06  6.497492289265162e-09  4.400588740237572e-09  1.287401180708406e-08  1.776054693974847e-06  6.497059621506423e-09  2.044064948049103e-08  7.498215555081107e-11 
 8.128305161640972e+00  1.755907806359755e-06  4.515064212469486e-07  1.755843347945743e-06  6.423126072486674e-09  4.400588740237546e-09  1.287401180708399e-08  1.755724364008807e-06  6.422688395010849e-09  2.044064948049091e-08  7.498215555081148e-11 
 8.317637711026689e+00  1.735812049218500e-06  4.463390865177402e-07  1.735747115016481e-06  6.349611234095993e-09  4.400588740237519e-09  1.287401180708391e-08  1.735626753405481e-06  6.349168488905219e-09  2.044064948049079e-08  7.498215555081191e-11 
 8.511380382023743e+00  1.715946372074989e-06  4.412309135486227e-07  1.715880953482792e-06  6.276938029780361e-09  4.400588740237491e-09  1.287401180708382e-08  1.715759198248353e-06  6.276490158205612e-09  2.044064948049066e-08  7.498215555081236e-11 
 8.709635899560784e+00  1.696308141754909e-06  4.361812252567188e-07  1.696242230106329e-06  6.205096826784372e-09  4.400588740237463e-09  1.287401180708374e-08  1.696119065114507e-06  6.204643769477700e-09  2.044064948049052e-08  7.498215555080900e-11 
 8.912509381337431e+00  1.676894755231768e-06  4.311893523112287e-07  1.676828341795418e-06  6.134078102634428e-09  4.400588740237431e-09  1.287401180708365e-08  1.676703750725568e-06  6.133619799561115e-09  2.044064948049037e-08  7.498215555080951e-11 
 9.120108393559072e+00  1.657703639281862e-06  4.262546330447115e-07  1.657636715260025e-06  6.063872443874630e-09  4.400588740237397e-09  1.287401180708355e-08  1.657510681602644e-06  6.063408834305256e-09  2.044064948049022e-08  7.498215555081002e-11 
 9.332543007969884e+00  1.638732250143203e-06  4.213764133653812e-07  1.638664806670669e-06  5.994470544820006e-09  4.400588740237364e-09  1.287401180708345e-08  1.638537313725213e-06  5.994001567322420e-09  2.044064948049006e-08  7.498215555080673e-11 
 9.549925860214332e+00  1.619978073178335e-06  4.165540466704074e-07  1.619910101321238e-06  5.925863206323971e-09  4.400588740237329e-09  1.287401180708335e-08  1.619781132193914e-06  5.925388798755164e-09  2.044064948048990e-08  7.498215555080728e-11 
 9.772372209558078e+00  1.601438622541032e-06  4.117868937602093e-07  1.601370113295665e-06  5.858041334557125e-09  4.400588740237291e-09  1.287401180708324e-08  1.601239650897200e-06  5.857561434055026e-09  2.044064948048973e-08  7.498215555080789e-11 
 9.999999999999970e+00  1.583111440846795e-06  4.070743227537298e-07  1.583042385138430e-06  5.790995939803119e-09  4.400588740237251e-09  1.287401180708312e-08  1.582910412181809e-06  5.790510482778281e-09  2.044064948048954e-08  7.498215555080851e-11 
 1.023292992280751e+01  1.564994098847129e-06  4.024157090046808e-07  1.564924487528820e-06  5.724718135266474e-09  4.400588740237212e-09  1.287401180708300e-08  1.564790986527004e-06  5.724227057393671e-09  2.044064948048936e-08  7.498215555080533e-11 
 1.047128548050896e+01  1.547084195107549e-06  3.978104350187456e-07  1.547014018958924e-06  5.659199135895821e-09  4.400588740237168e-09  1.287401180708288e-08  1.546878972222539e-06  5.658702372105548e-09  2.044064948048915e-08  7.498215555080600e-11 
 1.071519305237603e+01  1.529379355689272e-06  3.932578903717326e-07  1.529308605415323e-06  5.594430257217393e-09  4.400588740237123e-09  1.287401180708274e-08  1.529171995050320e-06  5.593927741687268e-09  2.044064948048894e-08  7.498215555080289e-11 
 1.096478196143182e+01  1.511877233834554e-06  3.887574716286620e-07  1.511805900064410e-06  5.530402914186238e-09  4.400588740237076e-09  1.287401180708261e-08  1.511667707969703e-06  5.529894580332305e-09  2.044064948048873e-08  7.498215555080364e-11 
 1.122018454301960e+01  1.494575509655627e-06  3.843085822637828e-07  1.494503582941321e-06  5.467108620045984e-09  4.400588740237028e-09  1.287401180708247e-08  1.494363790806396e-06  5.466594400513912e-09  2.044064948048850e-08  7.498215555080058e-11 
 1.148153621496879e+01  1.477471889827201e-06  3.799106325815021e-07  1.477399360642426e-06  5.404538985206188e-09  4.400588740236975e-09  1.287401180708231e-08  1.477257949944919e-06  5.404018811862380e-09  2.044064948048826e-08  7.498215555080140e-11 
 1.174897554939526e+01  1.460564107282488e-06  3.755630396382230e-07  1.460490966021344e-06  5.342685716128345e-09  4.400588740236921e-09  1.287401180708216e-08  1.460347918024597e-06  5.342159520050931e-09  2.044064948048801e-08  7.498215555080227e-11 
 1.202264434617409e+01  1.443849920912699e-06  3.712652271650753e-07  1.443776157888430e-06  5.281540614227428e-09  4.400588740236865e-09  1.287401180708199e-08  1.443631453639014e-06  5.281008325697168e-09  2.044064948048774e-08  7.498215555079932e-11 
 1.230268770812378e+01  1.427327115269993e-06  3.670166254915310e-07  1.427252720713710e-06  5.221095574785995e-09  4.400588740236805e-09  1.287401180708182e-08  1.427106341038924e-06  5.220557123277060e-09  2.044064948048747e-08  7.498215555080027e-11 
 1.258925411794163e+01  1.410993500273816e-06  3.628166714698956e-07  1.410918464333214e-06  5.161342585877999e-09  4.400588740236744e-09  1.287401180708164e-08  1.410770389838549e-06  5.160797900048668e-09  2.044064948048719e-08  7.498215555079742e-11 
 1.288249551693130e+01  1.394846910920609e-06  3.586648084006629e-07  1.394771223658672e-06  5.102273727308718e-09  4.400588740236679e-09  1.287401180708144e-08  1.394621434725253e-06  5.101722734991952e-09  2.044064948048688e-08  7.498215555079462e-11 
 1.318256738556403e+01  1.378885206996841e-06  3.545604859587254e-07  1.378808858390531e-06  5.043881169564119e-09  4.400588740236611e-09  1.287401180708125e-08  1.378657335172528e-06  5.043323797758029e-09  2.044064948048657e-08  7.498215555079570e-11 
 1.348962882591649e+01  1.363106272795322e-06  3.505031601204287e-07  1.363029252734267e-06  4.986157172772293e-09  4.400588740236540e-09  1.287401180708104e-08  1.362875975156269e-06  4.985593347630506e-09  2.044064948048624e-08  7.498215555079300e-11 
 1.380384264602880e+01  1.347508016834770e-06  3.464922930914615e-07  1.347430315119932e-06  4.929094085679357e-09  4.400588740236465e-09  1.287401180708082e-08  1.347275262874300e-06  4.928523732501262e-09  2.044064948048589e-08  7.498215555079419e-11 
 1.412537544622749e+01  1.332088371582582e-06  3.425273532355717e-07  1.332009977924919e-06  4.872684344633228e-09  4.400588740236387e-09  1.287401180708059e-08  1.331853130469106e-06  4.872107387854121e-09  2.044064948048553e-08  7.498215555079159e-11 
 1.445439770745922e+01  1.316845293180792e-06  3.386078150040982e-07  1.316766197199904e-06  4.816920472583105e-09  4.400588740236305e-09  1.287401180708035e-08  1.316607533753743e-06  4.816336835764209e-09  2.044064948048515e-08  7.498215555079289e-11 
 1.479108388168202e+01  1.301776761175151e-06  3.347331588663097e-07  1.301696952397919e-06  4.761795078086381e-09  4.400588740236220e-09  1.287401180708010e-08  1.301536451940877e-06  4.761204683904761e-09  2.044064948048475e-08  7.498215555079042e-11 
 1.513561248436203e+01  1.286880778247323e-06  3.309028712405416e-07  1.286800246106533e-06  4.707300854330656e-09  4.400588740236130e-09  1.287401180707984e-08  1.286637887374940e-06  4.706703624569013e-09  2.044064948048433e-08  7.498215555078801e-11 
 1.548816618912476e+01  1.272155369950137e-06  3.271164444261203e-07  1.272074103783092e-06  4.653430578164474e-09  4.400588740236036e-09  1.287401180707957e-08  1.271909865267336e-06  4.652826433700821e-09  2.044064948048389e-08  7.498215555078951e-11 
 1.584893192461108e+01  1.257598584445881e-06  3.233733765360688e-07  1.257516573493001e-06  4.600177109138950e-09  4.400588740235938e-09  1.287401180707928e-08  1.257350433434687e-06  4.599565969936180e-09  2.044064948048344e-08  7.498215555078340e-11 
 1.621810097358924e+01  1.243208492247580e-06  3.196731714305813e-07  1.243125725650994e-06  4.547533388563939e-09  4.400588740235835e-09  1.287401180707898e-08  1.242957662040074e-06  4.546915173659255e-09  2.044064948048296e-08  7.498215555078504e-11 
 1.659586907437554e+01  1.228983185963249e-06  3.160153386512599e-07  1.228899652765368e-06  4.495492438569077e-09  4.400588740235727e-09  1.287401180707866e-08  1.228729643337239e-06  4.494867066063322e-09  2.044064948048246e-08  7.498215555078292e-11 
 1.698243652461738e+01  1.214920780043066e-06  3.123993933561052e-07  1.214836469185147e-06  4.444047361181482e-09  4.400588740235614e-09  1.287401180707833e-08  1.214664491417713e-06  4.443414748228332e-09  2.044064948048194e-08  7.498215555078089e-11 
 1.737800828749369e+01  1.201019410529449e-06  3.088248562552506e-07  1.200934310850143e-06  4.393191337410250e-09  4.400588740235496e-09  1.287401180707799e-08  1.200760341960844e-06  4.392551400205286e-09  2.044064948048139e-08  7.498215555077894e-11 
 1.778279410038916e+01  1.187277234809980e-06  3.052912535474325e-07  1.187191335043873e-06  4.342917626342837e-09  4.400588740235372e-09  1.287401180707763e-08  1.187015351986684e-06  4.342270280112497e-09  2.044064948048081e-08  7.498215555077707e-11 
 1.819700858609976e+01  1.173692431373177e-06  3.017981168571882e-07  1.173605720149311e-06  4.293219564251341e-09  4.400588740235243e-09  1.287401180707725e-08  1.173427699611697e-06  4.292564723241741e-09  2.044064948048022e-08  7.498215555077146e-11 
 1.862087136662860e+01  1.160263199567046e-06  2.983449831727727e-07  1.160175665407431e-06  4.244090563710325e-09  4.400588740235107e-09  1.287401180707685e-08  1.159995583807280e-06  4.243428141175951e-09  2.044064948047958e-08  7.498215555077362e-11 
 1.905460717963240e+01  1.146987759360411e-06  2.949313947847877e-07  1.146899390678523e-06  4.195524112721248e-09  4.400588740234966e-09  1.287401180707643e-08  1.146717224161032e-06  4.194854020913525e-09  2.044064948047892e-08  7.498215555076820e-11 
 1.949844599758038e+01  1.133864351106969e-06  2.915568992255107e-07  1.133775136206230e-06  4.147513773852148e-09  4.400588740234818e-09  1.287401180707600e-08  1.133590860640765e-06  4.146835924007875e-09  2.044064948047824e-08  7.498215555076290e-11 
 1.995262314968872e+01  1.120891235312047e-06  2.882210492089223e-07  1.120801162384297e-06  4.100053183382830e-09  4.400588740234662e-09  1.287401180707554e-08  1.120614753361211e-06  4.099367485712477e-09  2.044064948047751e-08  7.498215555076154e-11 
 2.041737944669521e+01  1.108066692402039e-06  2.849234025714174e-07  1.107975749525991e-06  4.053136050461156e-09  4.400588740234498e-09  1.287401180707507e-08  1.107787182353406e-06  4.052442414137037e-09  2.044064948047675e-08  7.498215555076030e-11 
 2.089296130854031e+01  1.095389022496471e-06  2.816635222131970e-07  1.095297197636153e-06  4.006756156269840e-09  4.400588740234328e-09  1.287401180707457e-08  1.095106447336708e-06  4.006054489414144e-09  2.044064948047596e-08  7.498215555075919e-11 
 2.137962089502224e+01  1.082856545182685e-06  2.784409760403307e-07  1.082763826185863e-06  3.960907353201527e-09  4.400588740234149e-09  1.287401180707404e-08  1.082570867493425e-06  3.960197562874218e-09  2.044064948047513e-08  7.498215555075054e-11 
 2.187761623949544e+01  1.070467599293099e-06  2.752553369074828e-07  1.070373973889693e-06  3.915583564045762e-09  4.400588740233961e-09  1.287401180707350e-08  1.070178781246026e-06  3.914865556232331e-09  2.044064948047426e-08  7.498215555075352e-11 
 2.238721138568331e+01  1.058220542685022e-06  2.721061825612940e-07  1.058125998485502e-06  3.870778781179807e-09  4.400588740233766e-09  1.287401180707292e-08  1.057928546036904e-06  3.870052460778897e-09  2.044064948047336e-08  7.498215555074513e-11 
 2.290867652767764e+01  1.046113752022986e-06  2.689930955844117e-07  1.046018276516752e-06  3.826487065776769e-09  4.400588740233560e-09  1.287401180707232e-08  1.045818538110648e-06  3.825752336587651e-09  2.044064948047240e-08  7.498215555074456e-11 
 2.344228815319913e+01  1.034145622563575e-06  2.659156633401622e-07  1.034049203117326e-06  3.782702547014616e-09  4.400588740233345e-09  1.287401180707169e-08  1.033847152298827e-06  3.781959311724522e-09  2.044064948047140e-08  7.498215555074031e-11 
 2.398832919019481e+01  1.022314567942714e-06  2.628734779178545e-07  1.022217191798798e-06  3.739419421300190e-09  4.400588740233122e-09  1.287401180707104e-08  1.022012801807217e-06  3.738667581471509e-09  2.044064948047036e-08  7.498215555073239e-11 
 2.454708915685020e+01  1.010619019965396e-06  2.598661360787127e-07  1.010520674240148e-06  3.696631951499917e-09  4.400588740232885e-09  1.287401180707035e-08  1.010313918005478e-06  3.695871407557229e-09  2.044064948046926e-08  7.498215555073231e-11 
 2.511886431509570e+01  9.990574283978224e-07  2.568932392024259e-07  9.989581000798832e-07  3.654334466177630e-09  4.400588740232639e-09  1.287401180706962e-08  9.987489502192362e-07  3.653565117394613e-09  2.044064948046811e-08  7.498215555072857e-11 
 2.570395782768853e+01  9.876282607619128e-07  2.539543932343118e-07  9.875279367105336e-07  3.612521358844742e-09  4.400588740232380e-09  1.287401180706887e-08  9.873163655245366e-07  3.611743103330915e-09  2.044064948046691e-08  7.498215555072501e-11 
 2.630267991895371e+01  9.763300021321815e-07  2.510492086330844e-07  9.762286690755115e-07  3.571187087216151e-09  4.400588740232109e-09  1.287401180706808e-08  9.760146485446626e-07  3.570399821903472e-09  2.044064948046566e-08  7.498215555072166e-11 
 2.691534803926904e+01  9.651611549349264e-07  2.481773003192195e-07  9.650587994682852e-07  3.530326172475622e-09  4.400588740231826e-09  1.287401180706725e-08  9.648423012492685e-07  3.529529793104932e-09  2.044064948046434e-08  7.498215555071465e-11 
 2.754228703338154e+01  9.541202387497309e-07  2.453382876239133e-07  9.540168473338634e-07  3.489933198550295e-09  4.400588740231528e-09  1.287401180706638e-08  9.537978427558226e-07  3.489127599657608e-09  2.044064948046296e-08  7.498215555071171e-11 
 2.818382931264442e+01  9.432057901132316e-07  2.425317942386243e-07  9.431013490725468e-07  3.450002811391526e-09  4.400588740231218e-09  1.287401180706547e-08  9.428798091333140e-07  3.449187886294164e-09  2.044064948046152e-08  7.498215555070515e-11 
 2.884031503126593e+01  9.324163623251357e-07  2.397574481651930e-07  9.323108578459283e-07  3.410529718266464e-09  4.400588740230894e-09  1.287401180706452e-08  9.320867532082127e-07  3.409705359049034e-09  2.044064948046001e-08  7.498215555069883e-11 
 2.951209226666373e+01  9.217505252564596e-07  2.370148816665340e-07  9.216439433851140e-07  3.371508687055789e-09  4.400588740230553e-09  1.287401180706353e-08  9.214172443726459e-07  3.370674784555998e-09  2.044064948045843e-08  7.498215555069275e-11 
 3.019951720402003e+01  9.112068651599646e-07  2.343037312178916e-07  9.110991918011429e-07  3.332934545560368e-09  4.400588740230197e-09  1.287401180706248e-08  9.108698683947740e-07  3.332090989354683e-09  2.044064948045677e-08  7.498215555068692e-11 
 3.090295432513577e+01  9.007839844827651e-07  2.316236374586550e-07  9.006752053975766e-07  3.294802180815520e-09  4.400588740229824e-09  1.287401180706139e-08  9.004432272313363e-07  3.293948859204660e-09  2.044064948045504e-08  7.498215555067752e-11 
 3.162277660168365e+01  8.904805016810794e-07  2.289742451447239e-07  8.903706024852322e-07  3.257106538414132e-09  4.400588740229432e-09  1.287401180706025e-08  8.901359388423392e-07  3.256243338408398e-09  2.044064948045322e-08  7.498215555067609e-11 
 3.235936569296268e+01  8.802950510371084e-07  2.263552031014220e-07  8.801840171990440e-07  3.219842621834850e-09  4.400588740229022e-09  1.287401180705905e-08  8.799466370078723e-07  3.218969429139285e-09  2.044064948045132e-08  7.498215555066727e-11 
 3.311311214825896e+01  8.702262824780046e-07  2.237661641769468e-07  8.701140993170139e-07  3.183005491781969e-09  4.400588740228594e-09  1.287401180705779e-08  8.698739711470136e-07  3.182122190781359e-09  2.044064948044933e-08  7.498215555065874e-11 
 3.388441561392010e+01  8.602728613969204e-07  2.212067851963553e-07  8.601595140812413e-07  3.146590265529556e-09  4.400588740228144e-09  1.287401180705648e-08  8.599166061388131e-07  3.145696739273247e-09  2.044064948044724e-08  7.498215555065440e-11 
 3.467368504525301e+01  8.504334684761059e-07  2.186767269160757e-07  8.503189420210026e-07  3.110592116273767e-09  4.400588740227675e-09  1.287401180705510e-08  8.500732221453248e-07  3.109688246460325e-09  2.044064948044505e-08  7.498215555064271e-11 
 3.548133892335738e+01  8.407067995120292e-07  2.161756539789402e-07  8.405910787778530e-07  3.075006272494670e-09  4.400588740227182e-09  1.287401180705366e-08  8.403425144366625e-07  3.074091939456357e-09  2.044064948044277e-08  7.498215555063520e-11 
 3.630780547700997e+01  8.310915652425029e-07  2.137032348697323e-07  8.309746349327336e-07  3.039828017322166e-09  4.400588740226665e-09  1.287401180705216e-08  8.307231932180584e-07  3.038903100009244e-09  2.044064948044037e-08  7.498215555062808e-11 
 3.715352290971708e+01  8.215864911757929e-07  2.112591418712453e-07  8.214683358350616e-07  3.005052687911574e-09  4.400588740226127e-09  1.287401180705058e-08  8.212139834589054e-07  3.004117063876433e-09  2.044064948043787e-08  7.498215555062134e-11 
 3.801893963205595e+01  8.121903174216787e-07  2.088430510208415e-07  8.120709214337709e-07  2.970675674825106e-09  4.400588740225561e-09  1.287401180704892e-08  8.118136247237488e-07  2.969729220206210e-09  2.044064948043524e-08  7.498215555060733e-11 
 3.890451449942788e+01  8.029017985244563e-07  2.064546420675112e-07  8.027811461102957e-07  2.936692421421950e-09  4.400588740224969e-09  1.287401180704719e-08  8.025208710052206e-07  2.935735010927604e-09  2.044064948043249e-08  7.498215555059757e-11 
 3.981071705534954e+01  7.937197032978489e-07  2.040935984294227e-07  7.935977785134618e-07  2.903098423252762e-09  4.400588740224350e-09  1.287401180704538e-08  7.933344905588813e-07  2.902129930144697e-09  2.044064948042961e-08  7.498215555058442e-11 
 4.073802778041109e+01  7.846428146618105e-07  2.017596071519586e-07  7.845196013962698e-07  2.869889227463961e-09  4.400588740223702e-09  1.287401180704348e-08  7.842532657399523e-07  2.868909523540727e-09  2.044064948042660e-08  7.498215555057560e-11 
 4.168693834703335e+01  7.756699294812016e-07  1.994523588662333e-07  7.755454114545503e-07  2.837060432206308e-09  4.400588740223023e-09  1.287401180704149e-08  7.752759928419208e-07  2.836069387786489e-09  2.044064948042344e-08  7.498215555056340e-11 
 4.265795188015907e+01  7.667998584063074e-07  1.971715477480850e-07  7.666740191674635e-07  2.804607686052614e-09  4.400588740222310e-09  1.287401180703941e-08  7.664014819369876e-07  2.803605169957851e-09  2.044064948042013e-08  7.498215555055556e-11 
 4.365158322401639e+01  7.580314257151905e-07  1.949168714775385e-07  7.579042486398289e-07  2.772526687419655e-09  4.400588740221565e-09  1.287401180703723e-08  7.576285567183449e-07  2.771512566957473e-09  2.044064948041667e-08  7.498215555054057e-11 
 4.466835921509610e+01  7.493634691578425e-07  1.926880311987314e-07  7.492349374462585e-07  2.740813183999431e-09  4.400588740220783e-09  1.287401180703494e-08  7.489560543442571e-07  2.739787324945879e-09  2.044064948041305e-08  7.498215555052616e-11 
 4.570881896148729e+01  7.407948398021269e-07  1.904847314803003e-07  7.406649364770774e-07  2.709462972194511e-09  4.400588740219967e-09  1.287401180703255e-08  7.403828252839284e-07  2.708425238776605e-09  2.044064948040925e-08  7.498215555051233e-11 
 4.677351412871960e+01  7.323244018814839e-07  1.883066802762205e-07  7.321931097860073e-07  2.678471896561130e-09  4.400588740219112e-09  1.287401180703005e-08  7.319077331651328e-07  2.677422151439099e-09  2.044064948040528e-08  7.498215555049911e-11 
 4.786300923226361e+01  7.239510326443801e-07  1.861535888870940e-07  7.238183344395966e-07  2.647835849258249e-09  4.400588740218215e-09  1.287401180702743e-08  7.235296546235898e-07  2.646773953507582e-09  2.044064948040112e-08  7.498215555048268e-11 
 4.897788193684438e+01  7.156736222054866e-07  1.840251719218819e-07  7.155395003683743e-07  2.617550769503462e-09  4.400588740217278e-09  1.287401180702469e-08  7.152474791540635e-07  2.616476582596751e-09  2.044064948039677e-08  7.498215555046694e-11 
 5.011872336272698e+01  7.074910733985571e-07  1.819211472600745e-07  7.073555102197086e-07  2.587612643034328e-09  4.400588740216296e-09  1.287401180702181e-08  7.070601089631659e-07  2.586526022822912e-09  2.044064948039220e-08  7.498215555045191e-11 
 5.128613839913623e+01  6.994023016309955e-07  1.798412360142955e-07  6.992652792123514e-07  2.558017501576405e-09  4.400588740215265e-09  1.287401180701880e-08  6.989664588238465e-07  2.556918304271805e-09  2.044064948038742e-08  7.498215555043760e-11 
 5.248074602497700e+01  6.914062347400899e-07  1.777851624933339e-07  6.912677349926508e-07  2.528761422316871e-09  4.400588740214191e-09  1.287401180701566e-08  6.909654559315464e-07  2.527649502472022e-09  2.044064948038242e-08  7.498215555041256e-11 
 5.370317963702501e+01  6.835018128508903e-07  1.757526541656005e-07  6.833618174924054e-07  2.499840527385844e-09  4.400588740213062e-09  1.287401180701235e-08  6.830560397619979e-07  2.498715737876109e-09  2.044064948037718e-08  7.498215555039218e-11 
 5.495408738576219e+01  6.756879882357200e-07  1.737434416230020e-07  6.755464787883543e-07  2.471250983340923e-09  4.400588740211880e-09  1.287401180700890e-08  6.752371619306546e-07  2.470113175344907e-09  2.044064948037169e-08  7.498215555037647e-11 
 5.623413251903463e+01  6.679637251752941e-07  1.717572585452306e-07  6.678206829632721e-07  2.442989000659217e-09  4.400588740210645e-09  1.287401180700528e-08  6.675077860537298e-07  2.441838023639353e-09  2.044064948036595e-08  7.498215555035398e-11 
 5.754399373371541e+01  6.603279998214271e-07  1.697938416644607e-07  6.601834059686537e-07  2.415050833236040e-09  4.400588740209350e-09  1.287401180700149e-08  6.598668876108221e-07  2.413886534918971e-09  2.044064948035994e-08  7.498215555033240e-11 
 5.888436553555861e+01  6.527798000613202e-07  1.678529307304525e-07  6.526336354889787e-07  2.387432777887474e-09  4.400588740207993e-09  1.287401180699753e-08  6.523134538091196e-07  2.386255004244209e-09  2.044064948035364e-08  7.498215555031182e-11 
 6.025595860743547e+01  6.453181253833976e-07  1.659342684760538e-07  6.451703708075237e-07  2.360131173859510e-09  4.400588740206574e-09  1.287401180699337e-08  6.448464834491534e-07  2.358939769085362e-09  2.044064948034704e-08  7.498215555028457e-11 
 6.165950018614791e+01  6.379419867446833e-07  1.640376005830978e-07  6.377926226737161e-07  2.333142402343663e-09  4.400588740205086e-09  1.287401180698902e-08  6.374649867920897e-07  2.331937208837965e-09  2.044064948034014e-08  7.498215555026222e-11 
 6.309573444801901e+01  6.306504064396979e-07  1.621626756486917e-07  6.304994131720068e-07  2.306462885995837e-09  4.400588740203530e-09  1.287401180698447e-08  6.301679854285421e-07  2.305243744341428e-09  2.044064948033291e-08  7.498215555022949e-11 
 6.456542290346522e+01  6.234424179708567e-07  1.603092451518915e-07  6.232897755922445e-07  2.280089088464050e-09  4.400588740201899e-09  1.287401180697970e-08  6.229545121488830e-07  2.278855837406541e-09  2.044064948032533e-08  7.498215555020559e-11 
 6.606934480075925e+01  6.163170659203544e-07  1.584770634207592e-07  6.161627543015359e-07  2.254017513917551e-09  4.400588740200192e-09  1.287401180697470e-08  6.158236108150431e-07  2.252769990344355e-09  2.044064948031740e-08  7.498215555017525e-11 
 6.760829753919782e+01  6.092734058235167e-07  1.566658875997965e-07  6.091174046175737e-07  2.228244706585198e-09  4.400588740198405e-09  1.287401180696947e-08  6.087743362337740e-07  2.226982745504331e-09  2.044064948030910e-08  7.498215555014619e-11 
 6.918309709189329e+01  6.023105040436051e-07  1.548754776177533e-07  6.021527926834155e-07  2.202767250296340e-09  4.400588740196533e-09  1.287401180696400e-08  6.018057540313651e-07  2.201490684814986e-09  2.044064948030041e-08  7.498215555011464e-11 
 7.079457843841342e+01  5.954274376480552e-07  1.531055961558034e-07  5.952679953436991e-07  2.177581768028451e-09  4.400588740194573e-09  1.287401180695827e-08  5.949169405297936e-07  2.176290429331291e-09  2.044064948029131e-08  7.498215555008064e-11 
 7.244359600749863e+01  5.886232942861343e-07  1.513560086160868e-07  5.884621000222735e-07  2.152684921459379e-09  4.400588740192522e-09  1.287401180695226e-08  5.881069826242912e-07  2.151378638786683e-09  2.044064948028177e-08  7.498215555004430e-11 
 7.413102413009136e+01  5.818971720680014e-07  1.496264830906110e-07  5.817342046012345e-07  2.128073410524840e-09  4.400588740190372e-09  1.287401180694597e-08  5.813749776623136e-07  2.126752011150312e-09  2.044064948027179e-08  7.498215555000566e-11 
 7.585775750291798e+01  5.752481794451532e-07  1.479167903305095e-07  5.750834173013457e-07  2.103743972981193e-09  4.400588740188120e-09  1.287401180693939e-08  5.747200333238949e-07  2.102407282189579e-09  2.044064948026133e-08  7.498215554997245e-11 
 7.762471166286876e+01  5.686754350922399e-07  1.462267037156529e-07  5.685088565638284e-07  2.079693383972154e-09  4.400588740185766e-09  1.287401180693250e-08  5.681412675033712e-07  2.078341225036600e-09  2.044064948025039e-08  7.498215554992944e-11 
 7.943282347242773e+01  5.621780677902368e-07  1.445559992246077e-07  5.620096509335074e-07  2.055918455602733e-09  4.400588740183299e-09  1.287401180692528e-08  5.616378081924586e-07  2.054550649761894e-09  2.044064948023893e-08  7.498215554988820e-11 
 8.128305161640949e+01  5.557552163109544e-07  1.429044554049399e-07  5.555849389432954e-07  2.032416036515475e-09  4.400588740180715e-09  1.287401180691772e-08  5.552087933646691e-07  2.031032402950374e-09  2.044064948022693e-08  7.498215554984498e-11 
 8.317637711026666e+01  5.494060293028732e-07  1.412718533438591e-07  5.492338690000019e-07  2.009183011473266e-09  4.400588740178008e-09  1.287401180690981e-08  5.488533708610509e-07  2.007783367283903e-09  2.044064948021436e-08  7.498215554979984e-11 
 8.511380382023719e+01  5.431296651782864e-07  1.396579766391987e-07  5.429555992714496e-07  1.986216300946291e-09  4.400588740175175e-09  1.287401180690152e-08  5.425706982772352e-07  1.984800461127989e-09  2.044064948020120e-08  7.498215554975291e-11 
 8.709635899560760e+01  5.369252920017365e-07  1.380626113707291e-07  5.367492975748843e-07  1.963512860703819e-09  4.400588740172208e-09  1.287401180689284e-08  5.363599428517754e-07  1.962080638123320e-09  2.044064948018741e-08  7.498215554970428e-11 
 8.912509381337408e+01  5.307920873797314e-07  1.364855460718000e-07  5.306141412666651e-07  1.941069681410479e-09  4.400588740169104e-09  1.287401180688375e-08  5.302202813557674e-07  1.939620886781772e-09  2.044064948017300e-08  7.498215554964636e-11 
 9.120108393559049e+01  5.247292383517239e-07  1.349265717013069e-07  5.245493171332167e-07  1.918883788228045e-09  4.400588740165850e-09  1.287401180687424e-08  5.241508999837292e-07  1.917418230087935e-09  2.044064948015788e-08  7.498215554959077e-11 
 9.332543007969861e+01  5.187359412823431e-07  1.333854816159802e-07  5.185540212832340e-07  1.896952240420109e-09  4.400588740162445e-09  1.287401180686427e-08  5.181509942457341e-07  1.895469725103521e-09  2.044064948014206e-08  7.498215554952995e-11 
 9.549925860214309e+01  5.128114017548590e-07  1.318620715429912e-07  5.126274590411199e-07  1.875272130963155e-09  4.400588740158878e-09  1.287401180685384e-08  5.122197688607750e-07  1.873772462578166e-09  2.044064948012550e-08  7.498215554947168e-11 
 9.772372209558054e+01  5.069548344658694e-07  1.303561395528723e-07  5.067688448416452e-07  1.853840586160525e-09  4.400588740155142e-09  1.287401180684291e-08  5.063564376513513e-07  1.852323566563132e-09  2.044064948010815e-08  7.498215554941228e-11 
 9.999999999999946e+01  5.011654631211957e-07  1.288674860327480e-07  5.009774021258161e-07  1.832654765261692e-09  4.400588740151232e-09  1.287401180683147e-08  5.005602234392618e-07  1.831120194030299e-09  2.044064948008998e-08  7.498215554934416e-11 
 1.023292992280749e+02  4.954425203329702e-07  1.273959136598726e-07  4.952523632379350e-07  1.811711860086071e-09  4.400588740147137e-09  1.287401180681949e-08  4.948303579425906e-07  1.810159534495708e-09  2.044064948007096e-08  7.498215554927131e-11 
 1.047128548050894e+02  4.897852475179038e-07  1.259412273754710e-07  4.895929693238410e-07  1.791009094650575e-09  4.400588740142849e-09  1.287401180680694e-08  4.891660816738720e-07  1.789438809646831e-09  2.044064948005104e-08  7.498215554920152e-11 
 1.071519305237600e+02  4.841928947967229e-07  1.245032343588804e-07  4.839984702303177e-07  1.770543724801076e-09  4.400588740138359e-09  1.287401180679381e-08  4.835666438394218e-07  1.768955272973762e-09  2.044064948003019e-08  7.498215554912345e-11 
 1.096478196143179e+02  4.786647208947547e-07  1.230817440019873e-07  4.784681244056515e-07  1.750313037849572e-09  4.400588740133657e-09  1.287401180678005e-08  4.780313022398193e-07  1.748706209406090e-09  2.044064948000835e-08  7.498215554904492e-11 
 1.122018454301957e+02  4.731999930436572e-07  1.216765678839586e-07  4.730011988013342e-07  1.730314352213854e-09  4.400588740128733e-09  1.287401180676565e-08  4.725593231715311e-07  1.728688934952289e-09  2.044064947998548e-08  7.498215554896224e-11 
 1.148153621496876e+02  4.677979868842729e-07  1.202875197462623e-07  4.675969687748873e-07  1.710545017062311e-09  4.400588740123579e-09  1.287401180675057e-08  4.671499813296585e-07  1.708900796344231e-09  2.044064947996154e-08  7.498215554887176e-11 
 1.174897554939523e+02  4.624579863705976e-07  1.189144154679738e-07  4.622547179938037e-07  1.691002411962708e-09  4.400588740118182e-09  1.287401180673478e-08  4.618025597117987e-07  1.689339170685673e-09  2.044064947993646e-08  7.498215554877747e-11 
 1.202264434617406e+02  4.571792836748510e-07  1.175570730413668e-07  4.569737383405896e-07  1.671683946534635e-09  4.400588740112529e-09  1.287401180671824e-08  4.565163495230079e-07  1.670001465104413e-09  2.044064947991020e-08  7.498215554868339e-11 
 1.230268770812374e+02  4.519611790936353e-07  1.162153125477826e-07  4.517533298188949e-07  1.652587060105951e-09  4.400588740106609e-09  1.287401180670093e-08  4.512906500818512e-07  1.650885116408443e-09  2.044064947988271e-08  7.498215554858590e-11 
 1.258925411794160e+02  4.468029809551701e-07  1.148889561337778e-07  4.465928004607195e-07  1.633709221373511e-09  4.400588740100410e-09  1.287401180668279e-08  4.461247687275273e-07  1.631987590746371e-09  2.044064947985392e-08  7.498215554848133e-11 
 1.288249551693126e+02  4.417040055275910e-07  1.135778279875440e-07  4.414914662346834e-07  1.615047928067688e-09  4.400588740093920e-09  1.287401180666381e-08  4.410180207280578e-07  1.613306383271650e-09  2.044064947982377e-08  7.498215554836992e-11 
 1.318256738556399e+02  4.366635769283007e-07  1.122817543155987e-07  4.364486509553497e-07  1.596600706620661e-09  4.400588740087126e-09  1.287401180664393e-08  4.359697291895263e-07  1.594839017810554e-09  2.044064947979221e-08  7.498215554825570e-11 
 1.348962882591645e+02  4.316810270343588e-07  1.110005633197436e-07  4.314636861935847e-07  1.578365111838175e-09  4.400588740080010e-09  1.287401180662311e-08  4.309792249663570e-07  1.576583046533639e-09  2.044064947975916e-08  7.498215554813124e-11 
 1.380384264602876e+02  4.267556953938994e-07  1.097340851742869e-07  4.265359111879482e-07  1.560338726575964e-09  4.400588740072559e-09  1.287401180660131e-08  4.260458465726198e-07  1.558536049631858e-09  2.044064947972455e-08  7.498215554800446e-11 
 1.412537544622746e+02  4.218869291385663e-07  1.084821520035270e-07  4.216646727570988e-07  1.542519161418674e-09  4.400588740064756e-09  1.287401180657848e-08  4.211689400943519e-07  1.540695634995168e-09  2.044064947968830e-08  7.498215554786791e-11 
 1.445439770745919e+02  4.170740828969502e-07  1.072445978594945e-07  4.168493252132030e-07  1.524904054363817e-09  4.400588740056585e-09  1.287401180655458e-08  4.163478591028814e-07  1.523059437896179e-09  2.044064947965035e-08  7.498215554773340e-11 
 1.479108388168198e+02  4.123165187090205e-07  1.060212586999491e-07  4.120892302763379e-07  1.507491070507705e-09  4.400588740048029e-09  1.287401180652955e-08  4.115819645691443e-07  1.505625120675762e-09  2.044064947961061e-08  7.498215554758586e-11 
 1.513561248436199e+02  4.076136059415375e-07  1.048119723666298e-07  4.073837569898752e-07  1.490277901736928e-09  4.400588740039071e-09  1.287401180650334e-08  4.068706247789819e-07  1.488390372434222e-09  2.044064947956900e-08  7.498215554743320e-11 
 1.548816618912472e+02  4.029647212044358e-07  1.036165785637532e-07  4.027322816368348e-07  1.473262266421744e-09  4.400588740029689e-09  1.287401180647589e-08  4.022132152494072e-07  1.471352908724355e-09  2.044064947952542e-08  7.498215554727578e-11 
 1.584893192461104e+02  3.983692482681661e-07  1.024349188367596e-07  3.981341876571991e-07  1.456441909113682e-09  4.400588740019866e-09  1.287401180644716e-08  3.976091186458314e-07  1.454510471248734e-09  2.044064947947979e-08  7.498215554711006e-11 
 1.621810097358920e+02  3.938265779819856e-07  1.012668365513029e-07  3.935888655661735e-07  1.439814600246682e-09  4.400588740009579e-09  1.287401180641707e-08  3.930577247002358e-07  1.437860827560528e-09  2.044064947943201e-08  7.498215554693636e-11 
 1.659586907437551e+02  3.893361081931851e-07  1.001121768724802e-07  3.890957128733860e-07  1.423378135841367e-09  4.400588739998809e-09  1.287401180638555e-08  3.885584301302823e-07  1.421401770767438e-09  2.044064947938198e-08  7.498215554675122e-11 
 1.698243652461734e+02  3.848972436672437e-07  9.897078674430134e-08  3.846541340030118e-07  1.407130337213071e-09  4.400588739987531e-09  1.287401180635256e-08  3.841106385593482e-07  1.405131119239398e-09  2.044064947932960e-08  7.498215554655881e-11 
 1.737800828749365e+02  3.805093960088974e-07  9.784251486939272e-08  3.802635402148155e-07  1.391069050682777e-09  4.400588739975721e-09  1.287401180631801e-08  3.797137604374774e-07  1.389046716319183e-09  2.044064947927473e-08  7.498215554635953e-11 
 1.778279410038912e+02  3.761719835841166e-07  9.672721168893473e-08  3.759233495260973e-07  1.375192147291524e-09  4.400588739963354e-09  1.287401180628183e-08  3.753672129632370e-07  1.373146430036479e-09  2.044064947921730e-08  7.498215554614610e-11 
 1.819700858609972e+02  3.718844314429743e-07  9.562472936282861e-08  3.716329866345358e-07  1.359497522518577e-09  4.400588739950405e-09  1.287401180624395e-08  3.710704200064662e-07  1.357428152825715e-09  2.044064947915715e-08  7.498215554592661e-11 
 1.862087136662855e+02  3.676461712434026e-07  9.453492175009151e-08  3.673918828419140e-07  1.343983096001845e-09  4.400588739936846e-09  1.287401180620428e-08  3.668228120319120e-07  1.341889801246147e-09  2.044064947909416e-08  7.498215554569383e-11 
 1.905460717963235e+02  3.634566411758222e-07  9.345764438947592e-08  3.631994759787218e-07  1.328646811262559e-09  4.400588739922648e-09  1.287401180616274e-08  3.626238260237372e-07  1.326529315706186e-09  2.044064947902821e-08  7.498215554545205e-11 
 1.949844599758032e+02  3.593152858886365e-07  9.239275448031183e-08  3.590552103296222e-07  1.313486635432269e-09  4.400588739907780e-09  1.287401180611925e-08  3.584729054108937e-07  1.311344660190057e-09  2.044064947895915e-08  7.498215554519791e-11 
 1.995262314968867e+02  3.552215564145811e-07  9.134011086356814e-08  3.549585365597723e-07  1.298500558983526e-09  4.400588739892212e-09  1.287401180607370e-08  3.543694999933494e-07  1.296333821988134e-09  2.044064947888684e-08  7.498215554493192e-11 
 2.041737944669516e+02  3.511749100979176e-07  9.029957400313199e-08  3.509089116419900e-07  1.283686595463444e-09  4.400588739875908e-09  1.287401180602601e-08  3.503130658691598e-07  1.281494811430154e-09  2.044064947881111e-08  7.498215554465845e-11 
 2.089296130854026e+02  3.471748105224627e-07  8.927100596730233e-08  3.469057987847558e-07  1.269042781229995e-09  4.400588739858838e-09  1.287401180597607e-08  3.463030653623746e-07  1.266825661621156e-09  2.044064947873182e-08  7.498215554436652e-11 
 2.137962089502218e+02  3.432207274404429e-07  8.825427041049583e-08  3.429486673610402e-07  1.254567175192240e-09  4.400588739840963e-09  1.287401180592377e-08  3.423389669517690e-07  1.252324428181372e-09  2.044064947864879e-08  7.498215554406441e-11 
 2.187761623949538e+02  3.393121367021653e-07  8.724923255516294e-08  3.390369928379476e-07  1.240257858552308e-09  4.400588739822247e-09  1.287401180586902e-08  3.384202452003914e-07  1.237989188987840e-09  2.044064947856185e-08  7.498215554374117e-11 
 2.238721138568325e+02  3.354485201864952e-07  8.625575917391103e-08  3.351702567071669e-07  1.226112934551686e-09  4.400588739802646e-09  1.287401180581168e-08  3.345463806859169e-07  1.223818043920342e-09  2.044064947847081e-08  7.498215554340898e-11 
 2.290867652767758e+02  3.316293657321315e-07  8.527371857183292e-08  3.313479464162213e-07  1.212130528219013e-09  4.400588739782124e-09  1.287401180575164e-08  3.307168599317992e-07  1.209809114608838e-09  2.044064947837548e-08  7.498215554306083e-11 
 2.344228815319906e+02  3.278541670696694e-07  8.430298056903778e-08  3.275695553005045e-07  1.198308786121851e-09  4.400588739760634e-09  1.287401180568876e-08  3.269311753392089e-07  1.195960544184880e-09  2.044064947827566e-08  7.498215554269355e-11 
 2.398832919019474e+02  3.241224237544433e-07  8.334341648338269e-08  3.238345825160980e-07  1.184645876120975e-09  4.400588739738129e-09  1.287401180562293e-08  3.231888251197526e-07  1.182270497035539e-09  2.044064947817113e-08  7.498215554231171e-11 
 2.454708915685014e+02  3.204336411001396e-07  8.239489911340209e-08  3.201425329733586e-07  1.171139987127188e-09  4.400588739714565e-09  1.287401180555399e-08  3.194893132289607e-07  1.168737158559853e-09  2.044064947806167e-08  7.498215554191226e-11 
 2.511886431509563e+02  3.167873301131715e-07  8.145730272143311e-08  3.164929172712683e-07  1.157789328861225e-09  4.400588739689891e-09  1.287401180548181e-08  3.158321493005385e-07  1.155358734928368e-09  2.044064947794707e-08  7.498215554148831e-11 
 2.570395782768846e+02  3.131830074278048e-07  8.053050301693430e-08  3.128852516325359e-07  1.144592131616705e-09  4.400588739664054e-09  1.287401180540622e-08  3.122168485813664e-07  1.142133452845721e-09  2.044064947782705e-08  7.498215554105219e-11 
 2.630267991895364e+02  3.096201952420302e-07  7.961437713999592e-08  3.093190578394446e-07  1.131546646024738e-09  4.400588739636999e-09  1.287401180532707e-08  3.086429318672492e-07  1.129059559314884e-09  2.044064947770138e-08  7.498215554058945e-11 
 2.691534803926897e+02  3.060984212541687e-07  7.870880364503905e-08  3.057938631704345e-07  1.118651142822712e-09  4.400588739608670e-09  1.287401180524419e-08  3.051099254393956e-07  1.116135321405572e-09  2.044064947756979e-08  7.498215554010863e-11 
 2.754228703338148e+02  3.026172186002054e-07  7.781366248470194e-08  3.023092003374134e-07  1.105903912624373e-09  4.400588739579004e-09  1.287401180515740e-08  3.016173610016292e-07  1.103359026023956e-09  2.044064947743199e-08  7.498215553960308e-11 
 2.818382931264435e+02  2.991761257918416e-07  7.692883499391076e-08  2.988646074237855e-07  1.093303265693483e-09  4.400588739547941e-09  1.287401180506653e-08  2.981647756183149e-07  1.090728979685948e-09  2.044064947728770e-08  7.498215553907377e-11 
 2.884031503126586e+02  2.957746866552564e-07  7.605420387413329e-08  2.954596278231925e-07  1.080847531719604e-09  4.400588739515413e-09  1.287401180497137e-08  2.947517116529983e-07  1.078243508292611e-09  2.044064947713662e-08  7.498215553852174e-11 
 2.951209226666365e+02  2.924124502705720e-07  7.518965317781307e-08  2.920938101789563e-07  1.068535059596524e-09  4.400588739481353e-09  1.287401180487173e-08  2.913777167077459e-07  1.065900956908206e-09  2.044064947697841e-08  7.498215553794428e-11 
 3.019951720401995e+02  2.890889709120114e-07  7.433506829298208e-08  2.887667083242168e-07  1.056364217203217e-09  4.400588739445688e-09  1.287401180476739e-08  2.880423435631807e-07  1.053699689540782e-09  2.044064947681274e-08  7.498215553733100e-11 
 3.090295432513569e+02  2.858038079887426e-07  7.349033592804941e-08  2.854778812227565e-07  1.044333391187862e-09  4.400588739408342e-09  1.287401180465813e-08  2.847451501192029e-07  1.041638088925809e-09  2.044064947663927e-08  7.498215553669848e-11 
 3.162277660168357e+02  2.825565259864022e-07  7.265534409676501e-08  2.822268929105032e-07  1.032440986753043e-09  4.400588739369236e-09  1.287401180454373e-08  2.814856993363912e-07  1.029714556311004e-09  2.044064947645763e-08  7.498215553603261e-11 
 3.235936569296260e+02  2.793466944092866e-07  7.182998210335504e-08  2.790133124377050e-07  1.020685427444913e-09  4.400588739328286e-09  1.287401180442393e-08  2.782635591780727e-07  1.017927511245118e-09  2.044064947626741e-08  7.498215553533859e-11 
 3.311311214825888e+02  2.761738877232087e-07  7.101414052782823e-08  2.758367138117677e-07  1.009065154943611e-09  4.400588739285407e-09  1.287401180429848e-08  2.750783025530577e-07  1.006275391367969e-09  2.044064947606824e-08  7.498215553460625e-11 
 3.388441561392002e+02  2.730376852990068e-07  7.020771121144994e-08  2.726966759407473e-07  9.975786288569746e-10  4.400588739240507e-09  1.287401180416712e-08  2.719295072590284e-07  9.947566522037741e-10  2.044064947585969e-08  7.498215553384089e-11 
 3.467368504525292e+02  2.699376713567021e-07  6.941058724238332e-08  2.695927825774920e-07  9.862243265159337e-10  4.400588739193490e-09  1.287401180402958e-08  2.688167559265769e-07  9.833697669561665e-10  2.044064947564129e-08  7.498215553304405e-11 
 3.548133892335729e+02  2.668734349102964e-07  6.862266294149444e-08  2.665246222644244e-07  9.750007427724241e-10  4.400588739144259e-09  1.287401180388555e-08  2.657396359638837e-07  9.721132263057235e-10  2.044064947541261e-08  7.498215553220576e-11 
 3.630780547700987e+02  2.638445697132005e-07  6.784383384832041e-08  2.634917882789563e-07  9.639063898000124e-10  4.400588739092707e-09  1.287401180373473e-08  2.626977395020281e-07  9.609855382102113e-10  2.044064947517315e-08  7.498215553132775e-11 
 3.715352290971698e+02  2.608506742042898e-07  6.707399670719795e-08  2.604938785795306e-07  9.529397968963062e-10  4.400588739038726e-09  1.287401180357681e-08  2.596906633409268e-07  9.499852277066140e-10  2.044064947492241e-08  7.498215553040787e-11 
 3.801893963205584e+02  2.578913514545745e-07  6.631304945355088e-08  2.575304957522808e-07  9.420995102879295e-10  4.400588738982199e-09  1.287401180341144e-08  2.567180088958888e-07  9.391108367157277e-10  2.044064947465984e-08  7.498215552944798e-11 
 3.890451449942777e+02  2.549662091144846e-07  6.556089120033469e-08  2.546012469583044e-07  9.313840929374436e-10  4.400588738923010e-09  1.287401180323828e-08  2.537793821447850e-07  9.283609238487009e-10  2.044064947438492e-08  7.498215552843846e-11 
 3.981071705534943e+02  2.520748593617545e-07  6.481742222463610e-08  2.517057438815376e-07  9.207921243529637e-10  4.400588738861032e-09  1.287401180305696e-08  2.508743935758197e-07  9.177340642162693e-10  2.044064947409703e-08  7.498215552738131e-11 
 4.073802778041097e+02  2.492169188499058e-07  6.408254395442624e-08  2.488436026772310e-07  9.103222003995248e-10  4.400588738796131e-09  1.287401180286709e-08  2.480026581359019e-07  9.072288492397414e-10  2.044064947379556e-08  7.498215552627865e-11 
 4.168693834703323e+02  2.463920086573198e-07  6.335615895546521e-08  2.460144439210140e-07  8.999729331126153e-10  4.400588738728172e-09  1.287401180266828e-08  2.451637951796066e-07  8.968438864641552e-10  2.044064947347989e-08  7.498215552512115e-11 
 4.265795188015895e+02  2.435997542368921e-07  6.263817091835651e-08  2.432178925585442e-07  8.897429505142695e-10  4.400588738657009e-09  1.287401180246009e-08  2.423574284187208e-07  8.865777993739895e-10  2.044064947314935e-08  7.498215552391109e-11 
 4.365158322401627e+02  2.408397853662629e-07  6.192848464574948e-08  2.404535778557334e-07  8.796308964307556e-10  4.400588738582494e-09  1.287401180224210e-08  2.395831858723671e-07  8.764292272104764e-10  2.044064947280322e-08  7.498215552264323e-11 
 4.466835921509598e+02  2.381117360986171e-07  6.122700603968834e-08  2.377211333495446e-07  8.696354303126789e-10  4.400588738504468e-09  1.287401180201382e-08  2.368406998176976e-07  8.663968247913285e-10  2.044064947244079e-08  7.498215552131240e-11 
 4.570881896148716e+02  2.354152447140458e-07  6.053364208910543e-08  2.350201967993531e-07  8.597552270571852e-10  4.400588738422761e-09  1.287401180177479e-08  2.341296067411531e-07  8.564792623325669e-10  2.044064947206127e-08  7.498215551992506e-11 
 4.677351412871947e+02  2.327499536714650e-07  5.984830085745775e-08  2.323504101388646e-07  8.499889768316728e-10  4.400588738337208e-09  1.287401180152450e-08  2.314495472902792e-07  8.466752252718624e-10  2.044064947166387e-08  7.498215551846483e-11 
 4.786300923226348e+02  2.301155095610822e-07  5.917089147050451e-08  2.297114194285847e-07  8.403353849004948e-10  4.400588738247619e-09  1.287401180126241e-08  2.288001662260951e-07  8.369834140948647e-10  2.044064947124774e-08  7.498215551694225e-11 
 4.897788193684425e+02  2.275115630574069e-07  5.850132410422452e-08  2.271028748088328e-07  8.307931714525481e-10  4.400588738153810e-09  1.287401180098797e-08  2.261811123760067e-07  8.274025441624259e-10  2.044064947081200e-08  7.498215551534882e-11 
 5.011872336272685e+02  2.249377688727976e-07  5.783950997287128e-08  2.245244304532947e-07  8.213610714315869e-10  4.400588738055579e-09  1.287401180070059e-08  2.235920385872592e-07  8.179313455405456e-10  2.044064947035572e-08  7.498215551367625e-11 
 5.128613839913610e+02  2.223937857115383e-07  5.718536131716454e-08  2.219757445231071e-07  8.120378343682975e-10  4.400588737952720e-09  1.287401180039968e-08  2.210326016809224e-07  8.085685628320833e-10  2.044064946987794e-08  7.498215551192014e-11 
 5.248074602497686e+02  2.198792762244393e-07  5.653879139261662e-08  2.194564791214678e-07  8.028222242143374e-10  4.400588737845013e-09  1.287401180008458e-08  2.185024624064023e-07  7.993129550104369e-10  2.044064946937764e-08  7.498215551008782e-11 
 5.370317963702487e+02  2.173939069639567e-07  5.589971445799181e-08  2.169663002487662e-07  7.937130191779046e-10  4.400588737732228e-09  1.287401179975463e-08  2.160012853964744e-07  7.901632952547551e-10  2.044064946885375e-08  7.498215550817145e-11 
 5.495408738576203e+02  2.149373483398218e-07  5.526804576389738e-08  2.145048777582276e-07  7.847090115616071e-10  4.400588737614130e-09  1.287401179940913e-08  2.135287391228310e-07  7.811183707874528e-10  2.044064946830519e-08  7.498215550615945e-11 
 5.623413251903447e+02  2.125092745751776e-07  5.464370154150449e-08  2.120718853120645e-07  7.758090076023009e-10  4.400588737490464e-09  1.287401179904734e-08  2.110844958521369e-07  7.721769827136990e-10  2.044064946773077e-08  7.498215550405968e-11 
 5.754399373371524e+02  2.101093636632142e-07  5.402659899139771e-08  2.096670003381312e-07  7.670118273120415e-10  4.400588737360971e-09  1.287401179866850e-08  2.086682316025894e-07  7.633379458620230e-10  2.044064946712928e-08  7.498215550185328e-11 
 5.888436553555844e+02  2.077372973242980e-07  5.341665627255146e-08  2.072899039870735e-07  7.583163043218130e-10  4.400588737225377e-09  1.287401179827182e-08  2.062796261009745e-07  7.546000886277016e-10  2.044064946649944e-08  7.498215549954080e-11 
 6.025595860743530e+02  2.053927609635886e-07  5.281379249143175e-08  2.049402810899685e-07  7.497212857264062e-10  4.400588737083391e-09  1.287401179785644e-08  2.039183627402151e-07  7.459622528172993e-10  2.044064946583992e-08  7.498215549712683e-11 
 6.165950018614773e+02  2.030754436291385e-07  5.221792769122206e-08  2.026178201164503e-07  7.412256319310032e-10  4.400588736934712e-09  1.287401179742147e-08  2.015841285374052e-07  7.374232934949229e-10  2.044064946514931e-08  7.498215549459699e-11 
 6.309573444801882e+02  2.007850379704676e-07  5.162898284117149e-08  2.003222131333132e-07  7.328282165000166e-10  4.400588736779028e-09  1.287401179696602e-08  1.992766140923239e-07  7.289820788307330e-10  2.044064946442616e-08  7.498215549194478e-11 
 6.456542290346504e+02  1.985212401976097e-07  5.104687982606408e-08  1.980531557635892e-07  7.245279260074210e-10  4.400588736616005e-09  1.287401179648909e-08  1.969955135464255e-07  7.206374899509545e-10  2.044064946366892e-08  7.498215548917547e-11 
 6.606934480075907e+02  1.962837500406229e-07  5.047154143580751e-08  1.958103471460929e-07  7.163236598883882e-10  4.400588736445299e-09  1.287401179598969e-08  1.947405245422977e-07  7.123884207891988e-10  2.044064946287600e-08  7.498215548626771e-11 
 6.760829753919763e+02  1.940722707095597e-07  4.990289135514003e-08  1.935934898954286e-07  7.082143302934746e-10  4.400588736266549e-09  1.287401179546675e-08  1.925113481835842e-07  7.042337779403403e-10  2.044064946204570e-08  7.498215548322345e-11 
 6.918309709189309e+02  1.918865088548909e-07  4.934085415345401e-08  1.914022900624547e-07  7.001988619436922e-10  4.400588736079375e-09  1.287401179491917e-08  1.903076889953670e-07  6.961724805152882e-10  2.044064946117628e-08  7.498215548003720e-11 
 7.079457843841321e+02  1.897261745283782e-07  4.878535527473483e-08  1.892364570951995e-07  6.922761919875726e-10  4.400588735883380e-09  1.287401179434578e-08  1.881292548850014e-07  6.882034599977556e-10  2.044064946026589e-08  7.498215547669997e-11 
 7.244359600749841e+02  1.875909811443885e-07  4.823632102761357e-08  1.870957038002232e-07  6.844452698599292e-10  4.400588735678146e-09  1.287401179374537e-08  1.859757571033987e-07  6.803256601027354e-10  2.044064945931259e-08  7.498215547321069e-11 
 7.413102413009113e+02  1.854806454416476e-07  4.769367857553231e-08  1.849797463044207e-07  6.767050571419144e-10  4.400588735463241e-09  1.287401179311666e-08  1.838469102067537e-07  6.725380366362793e-10  2.044064945831436e-08  7.498215546955328e-11 
 7.585775750291774e+02  1.833948874454240e-07  4.715735592702047e-08  1.828883040172608e-07  6.690545274230956e-10  4.400588735238210e-09  1.287401179245832e-08  1.817424320187090e-07  6.648395573573044e-10  2.044064945726909e-08  7.498215546571966e-11 
 7.762471166286851e+02  1.813334304301412e-07  4.662728192608094e-08  1.808210995934552e-07  6.614926661649232e-10  4.400588735002570e-09  1.287401179176895e-08  1.796620435929527e-07  6.572292018407991e-10  2.044064945617455e-08  7.498215546171361e-11 
 7.943282347242747e+02  1.792960008824115e-07  4.610338624268480e-08  1.787778588960540e-07  6.540184705653845e-10  4.400588734755826e-09  1.287401179104710e-08  1.776054691762448e-07  6.497059613422291e-10  2.044064945502842e-08  7.498215545751239e-11 
 8.128305161640923e+02  1.772823284644855e-07  4.558559936337294e-08  1.767583109599609e-07  6.466309494259809e-10  4.400588734497454e-09  1.287401179029123e-08  1.755724361718659e-07  6.422688386642700e-10  2.044064945382829e-08  7.498215545311667e-11 
 8.317637711026639e+02  1.752921459781140e-07  4.507385258196357e-08  1.747621879558645e-07  6.393291230194091e-10  4.400588734226904e-09  1.287401178949973e-08  1.735626751034853e-07  6.349168480242610e-10  2.044064945257159e-08  7.498215544850835e-11 
 8.511380382023692e+02  1.733251893288157e-07  4.456807799036433e-08  1.727892251545799e-07  6.321120229594162e-10  4.400588733943605e-09  1.287401178867093e-08  1.715759195794415e-07  6.276490149238382e-10  2.044064945125568e-08  7.498215544368504e-11 
 8.709635899560732e+02  1.713811974905468e-07  4.406820846948739e-08  1.708391608917964e-07  6.249786920716393e-10  4.400588733646954e-09  1.287401178780307e-08  1.696119062574332e-07  6.204643760195690e-10  2.044064944987774e-08  7.498215543863713e-11 
 8.912509381337379e+02  1.694599124707660e-07  4.357417768026659e-08  1.689117365332253e-07  6.179281842661465e-10  4.400588733336320e-09  1.287401178689431e-08  1.676703748096125e-07  6.133619789952955e-10  2.044064944843485e-08  7.498215543335164e-11 
 9.120108393559019e+02  1.675610792758924e-07  4.308592005477532e-08  1.670066964401453e-07  6.109595644114234e-10  4.400588733011049e-09  1.287401178594272e-08  1.657510678880797e-07  6.063408824359406e-10  2.044064944692397e-08  7.498215542781606e-11 
 9.332543007969830e+02  1.656844458771478e-07  4.260337078744355e-08  1.651237879353371e-07  6.040719082097584e-10  4.400588732670448e-09  1.287401178494628e-08  1.638537310907714e-07  5.994001557027218e-10  2.044064944534188e-08  7.498215542201836e-11 
 9.549925860214277e+02  1.638297631767834e-07  4.212646582637324e-08  1.632627612694070e-07  5.972643020740436e-10  4.400588732313794e-09  1.287401178390289e-08  1.619781129277402e-07  5.925388788097986e-10  2.044064944368523e-08  7.498215541594703e-11 
 9.772372209558022e+02  1.619967849746811e-07  4.165514186475053e-08  1.614233695874906e-07  5.905358430060006e-10  4.400588731940332e-09  1.287401178281031e-08  1.601239647878195e-07  5.857561423023571e-10  2.044064944195051e-08  7.498215540959495e-11 
 9.999999999999912e+02  1.601852679353280e-07  4.118933633235369e-08  1.596053688963353e-07  5.838856384755789e-10  4.400588731549270e-09  1.287401178166626e-08  1.582910409056710e-07  5.790510471358844e-10  2.044064944013403e-08  7.498215540293637e-11 
 1.023292992280745e+03  1.583949715551578e-07  4.072898738715550e-08  1.578085180317548e-07  5.773128063022288e-10  4.400588731139776e-09  1.287401178046827e-08  1.564790983292081e-07  5.724227045573310e-10  2.044064943823194e-08  7.498215539596915e-11 
 1.047128548050890e+03  1.566256581302562e-07  4.027403390701891e-08  1.560325786264526e-07  5.708164745368901e-10  4.400588730710983e-09  1.287401177921383e-08  1.546878968873934e-07  5.658702359870083e-10  2.044064943624021e-08  7.498215538867647e-11 
 1.071519305237597e+03  1.548770927244224e-07  3.982441548148482e-08  1.542773150782088e-07  5.643957813456750e-10  4.400588730261983e-09  1.287401177790028e-08  1.529171991584038e-07  5.593927729021973e-10  2.044064943415461e-08  7.498215538103446e-11 
 1.096478196143175e+03  1.531490431375857e-07  3.938007240365071e-08  1.525424945184270e-07  5.580498748949198e-10  4.400588729791824e-09  1.287401177652481e-08  1.511667704381608e-07  5.529894567221430e-10  2.044064943197073e-08  7.498215537302758e-11 
 1.122018454301953e+03  1.514412798745700e-07  3.894094566213895e-08  1.508278867810355e-07  5.517779132373884e-10  4.400588729299505e-09  1.287401177508452e-08  1.494363787092206e-07  5.466594386942196e-10  2.044064942968392e-08  7.498215536464488e-11 
 1.148153621496872e+03  1.497535761142040e-07  3.850697693315385e-08  1.491332643717400e-07  5.455790641997568e-10  4.400588728783983e-09  1.287401177357635e-08  1.477257946100205e-07  5.404018797813990e-10  2.044064942728933e-08  7.498215535587615e-11 
 1.174897554939519e+03  1.480857076787699e-07  3.807810857262592e-08  1.474584024376230e-07  5.394525052712323e-10  4.400588728244166e-09  1.287401177199711e-08  1.460347914044771e-07  5.342159505508741e-10  2.044064942478189e-08  7.498215534668894e-11 
 1.202264434617402e+03  1.464374530037886e-07  3.765428360844250e-08  1.458030787370839e-07  5.333974234938698e-10  4.400588727678910e-09  1.287401177034344e-08  1.443631449519329e-07  5.281008310643968e-10  2.044064942215628e-08  7.498215533706695e-11 
 1.230268770812370e+03  1.448085931081352e-07  3.723544573276355e-08  1.441670736101187e-07  5.274130153537293e-10  4.400588727087011e-09  1.287401176861183e-08  1.427106336774463e-07  5.220557107694844e-10  2.044064941940693e-08  7.498215532699479e-11 
 1.258925411794156e+03  1.431989115644822e-07  3.682153929442131e-08  1.425501699489328e-07  5.214984866732601e-10  4.400588726467219e-09  1.287401176679861e-08  1.410770385424226e-07  5.160797883918739e-10  2.044064941652801e-08  7.498215531644259e-11 
 1.288249551693122e+03  1.416081944700639e-07  3.641250929140305e-08  1.409521531688831e-07  5.156530525052156e-10  4.400588725818216e-09  1.287401176489994e-08  1.394621430155801e-07  5.101722718295300e-10  2.044064941351340e-08  7.498215530539673e-11 
 1.318256738556395e+03  1.400362304177600e-07  3.600830136341544e-08  1.393728111797469e-07  5.098759370273264e-10  4.400588725138628e-09  1.287401176291179e-08  1.378657330442495e-07  5.043323780474402e-10  2.044064941035673e-08  7.498215529382932e-11 
 1.348962882591641e+03  1.384828104674922e-07  3.560886178452970e-08  1.378119343573107e-07  5.041663734384992e-10  4.400588724427010e-09  1.287401176082994e-08  1.362875970260013e-07  4.985593329739568e-10  2.044064940705128e-08  7.498215528171728e-11 
 1.380384264602872e+03  1.369477281179305e-07  3.521413745590630e-08  1.362693155152771e-07  4.985236038559887e-10  4.400588723681855e-09  1.287401175864998e-08  1.347275257805979e-07  4.928523713981431e-10  2.044064940359005e-08  7.498215526903479e-11 
 1.412537544622741e+03  1.354307792785055e-07  3.482407589859825e-08  1.347447498774863e-07  4.929468792137700e-10  4.400588722901583e-09  1.287401175636727e-08  1.331853125222673e-07  4.872107368683465e-10  2.044064939996570e-08  7.498215525575332e-11 
 1.445439770745914e+03  1.339317622417209e-07  3.443862524643175e-08  1.332380350504447e-07  4.874354591620922e-10  4.400588722084537e-09  1.287401175397699e-08  1.316607528322938e-07  4.816336815919821e-10  2.044064939617054e-08  7.498215524184938e-11 
 1.479108388168193e+03  1.324504776557637e-07  3.405773423896328e-08  1.317489709961615e-07  4.819886119679751e-10  4.400588721228985e-09  1.287401175147405e-08  1.301536446319222e-07  4.761204663362903e-10  2.044064939219651e-08  7.498215522728537e-11 
 1.513561248436194e+03  1.309867284974074e-07  3.368135221451204e-08  1.302773600052852e-07  4.766056144171080e-10  4.400588720333113e-09  1.287401174885316e-08  1.286637881555728e-07  4.706703603305259e-10  2.044064938803520e-08  7.498215521203647e-11 
 1.548816618912467e+03  1.295403200452036e-07  3.330942910326655e-08  1.288230066705392e-07  4.712857517165620e-10  4.400588719395018e-09  1.287401174610875e-08  1.271909859243623e-07  4.652826411689958e-10  2.044064938367777e-08  7.498215519607545e-11 
 1.584893192461099e+03  1.281110598529590e-07  3.294191542046473e-08  1.273857178604503e-07  4.660283173985361e-10  4.400588718412714e-09  1.287401174323499e-08  1.257350427199288e-07  4.599565947151650e-10  2.044064937911498e-08  7.498215517934962e-11 
 1.621810097358915e+03  1.266987577234927e-07  3.257876225964590e-08  1.259653026933681e-07  4.608326132257159e-10  4.400588717384113e-09  1.287401174022580e-08  1.242957655585550e-07  4.546915150074026e-10  2.044064937433716e-08  7.498215516184613e-11 
 1.659586907437545e+03  1.253032256826711e-07  3.221992128597422e-08  1.245615725117710e-07  4.556979490967676e-10  4.400588716307038e-09  1.287401173707480e-08  1.228729636655888e-07  4.494867041649115e-10  2.044064936933416e-08  7.498215514351150e-11 
 1.698243652461728e+03  1.239242779537148e-07  3.186534472963214e-08  1.231743408568539e-07  4.506236429537744e-10  4.400588715179201e-09  1.287401173377529e-08  1.214664484501565e-07  4.443414722956249e-10  2.044064936409538e-08  7.498215512431694e-11 
 1.737800828749359e+03  1.225617309317750e-07  3.151498537928318e-08  1.218034234433963e-07  4.456090206900277e-10  4.400588713998210e-09  1.287401173032027e-08  1.200760334801649e-07  4.392551374045076e-10  2.044064935860971e-08  7.498215510421617e-11 
 1.778279410038906e+03  1.212154031587752e-07  3.116879657560260e-08  1.204486381349045e-07  4.406534160592267e-10  4.400588712761562e-09  1.287401172670243e-08  1.187015344575898e-07  4.342270253032964e-10  2.044064935286549e-08  7.498215508316853e-11 
 1.819700858609966e+03  1.198851152985138e-07  3.082673220487569e-08  1.191098049190264e-07  4.357561705854608e-10  4.400588711466631e-09  1.287401172291409e-08  1.173427691940480e-07  4.292564695210711e-10  2.044064934685057e-08  7.498215506112759e-11 
 1.862087136662849e+03  1.185706901120240e-07  3.048874669266171e-08  1.177867458832337e-07  4.309166334742865e-10  4.400588710110672e-09  1.287401171894720e-08  1.159995575866480e-07  4.243428112159585e-10  2.044064934055217e-08  7.498215503804888e-11 
 1.905460717963228e+03  1.172719524331879e-07  3.015479499752356e-08  1.164792851907694e-07  4.261341615247049e-10  4.400588708690809e-09  1.287401171479336e-08  1.146717215941175e-07  4.194853990877834e-10  2.044064933395693e-08  7.498215501388616e-11 
 1.949844599758026e+03  1.159887291446001e-07  2.982483260482135e-08  1.151872490568552e-07  4.214081190420497e-10  4.400588707204031e-09  1.287401171044377e-08  1.133590852132044e-07  4.146835892916754e-10  2.044064932705087e-08  7.498215498858000e-11 
 1.995262314968860e+03  1.147208491536770e-07  2.949881552056945e-08  1.139104657251577e-07  4.167378777520136e-10  4.400588705647182e-09  1.287401170588917e-08  1.120614744553475e-07  4.099367453528589e-10  2.044064931981934e-08  7.498215496208091e-11 
 2.041737944669509e+03  1.134681433690098e-07  2.917670026535573e-08  1.126487654445072e-07  4.121228167153629e-10  4.400588704016962e-09  1.287401170111993e-08  1.107787173236147e-07  4.052442380821827e-10  2.044064931224700e-08  7.498215493433028e-11 
 2.089296130854019e+03  1.122304446769545e-07  2.885844386832233e-08  1.114019804458679e-07  4.075623222437624e-10  4.400588702309912e-09  1.287401169612592e-08  1.095106437899049e-07  4.006054454928061e-10  2.044064930431778e-08  7.498215490527577e-11 
 2.137962089502211e+03  1.110075879184586e-07  2.854400386120681e-08  1.101699449195547e-07  4.030557878163319e-10  4.400588700522410e-09  1.287401169089654e-08  1.082570857724105e-07  3.960197527176733e-10  2.044064929601487e-08  7.498215487485614e-11 
 2.187761623949531e+03  1.097994098661187e-07  2.823333827244287e-08  1.089524949926940e-07  3.986026139971623e-10  4.400588698650665e-09  1.287401168542072e-08  1.070178771133392e-07  3.914865519279960e-10  2.044064928732065e-08  7.498215484299756e-11 
 2.238721138568317e+03  1.086057492014655e-07  2.792640562131960e-08  1.077494687069240e-07  3.942022083538700e-10  4.400588696690709e-09  1.287401167968683e-08  1.057928535568889e-07  3.870052422528292e-10  2.044064927821669e-08  7.498215480964053e-11 
 2.290867652767750e+03  1.074264464924737e-07  2.762316491219848e-08  1.065607059963329e-07  3.898539853767308e-10  4.400588694638382e-09  1.287401167368270e-08  1.045818527274764e-07  3.825752296992857e-10  2.044064926868367e-08  7.498215477471318e-11 
 2.344228815319898e+03  1.062613441712931e-07  2.732357562878720e-08  1.053860486656299e-07  3.855573663988335e-10  4.400588692489333e-09  1.287401166739562e-08  1.033847141082146e-07  3.781959270738260e-10  2.044064925870138e-08  7.498215473813525e-11 
 2.398832919019466e+03  1.051102865121961e-07  2.702759772846924e-08  1.042253403685464e-07  3.813117795171517e-10  4.400588690239001e-09  1.287401166081223e-08  1.022012790196357e-07  3.738667539045248e-10  2.044064924824864e-08  7.498215469983746e-11 
 2.454708915685005e+03  1.039731196097399e-07  2.673519163668868e-08  1.030784265864649e-07  3.771166595141889e-10  4.400588687882616e-09  1.287401165391857e-08  1.010313905986588e-07  3.695871363639769e-10  2.044064923730327e-08  7.498215465973090e-11 
 2.511886431509554e+03  1.028496913571388e-07  2.644631824138884e-08  1.019451546072705e-07  3.729714477807365e-10  4.400588685415177e-09  1.287401164670003e-08  9.987489377779762e-08  3.653565071933725e-10  2.044064922584206e-08  7.498215461773406e-11 
 2.570395782768837e+03  1.017398514248440e-07  2.616093888750446e-08  1.008253735044238e-07  3.688755922392035e-10  4.400588682831453e-09  1.287401163914129e-08  9.873163526460644e-08  3.611743056272148e-10  2.044064921384072e-08  7.498215457375391e-11 
 2.630267991895354e+03  1.006434512393263e-07  2.587901537150607e-08  9.971893411625067e-08  3.648285472679505e-10  4.400588680125960e-09  1.287401163122632e-08  9.760146352136123e-08  3.570399773191036e-10  2.044064920127375e-08  7.498215452770896e-11 
 2.691534803926887e+03  9.956034396206033e-08  2.560050993599597e-08  9.862568902544588e-08  3.608297736261049e-10  4.400588677292960e-09  1.287401162293832e-08  9.648422874497360e-08  3.529529742680742e-10  2.044064918811452e-08  7.498215447949115e-11 
 2.754228703338138e+03  9.849038446870528e-08  2.532538526435497e-08  9.754549253878813e-08  3.568787383795048e-10  4.400588674326446e-09  1.287401161425972e-08  9.537978284713445e-08  3.489127547461293e-10  2.044064917433512e-08  7.498215442900063e-11 
 2.818382931264424e+03  9.743342932847946e-08  2.505360447543888e-08  9.647820066706224e-08  3.529749148271569e-10  4.400588671220125e-09  1.287401160517212e-08  9.428797943468483e-08  3.449187832263602e-10  2.044064915990632e-08  7.498215437613046e-11 
 2.884031503126575e+03  9.638933678372612e-08  2.478513111832415e-08  9.542367110518666e-08  3.491177824285196e-10  4.400588667967407e-09  1.287401159565623e-08  9.320867379021185e-08  3.409705303119667e-10  2.044064914479751e-08  7.498215432076698e-11 
 2.951209226666354e+03  9.535796672966619e-08  2.451992916710158e-08  9.438176321254197e-08  3.453068267315565e-10  4.400588664561393e-09  1.287401158569186e-08  9.214172285286621e-08  3.370674726661225e-10  2.044064912897665e-08  7.498215426279761e-11 
 3.019951720401984e+03  9.433918069433599e-08  2.425796301571769e-08  9.335233799349836e-08  3.415415393014273e-10  4.400588660994857e-09  1.287401157525790e-08  9.108698519939981e-08  3.332090929425561e-10  2.044064911241016e-08  7.498215420209965e-11 
 3.090295432513557e+03  9.333284181870609e-08  2.399919747286254e-08  9.233525807813839e-08  3.378214176499130e-10  4.400588657260240e-09  1.287401156433219e-08  9.004432102542017e-08  3.293948797169475e-10  2.044064909506293e-08  7.498215413853273e-11 
 3.162277660168345e+03  9.233881483697822e-08  2.374359775690342e-08  9.133038770317214e-08  3.341459651657348e-10  4.400588653349611e-09  1.287401155289157e-08  8.901359212685914e-08  3.256243274192935e-10  2.044064907689814e-08  7.498215407197376e-11 
 3.235936569296248e+03  9.135696605705811e-08  2.349112949086372e-08  9.033759269304221e-08  3.305146910452178e-10  4.400588649254683e-09  1.287401154091177e-08  8.799466188165448e-08  3.218969362667109e-10  2.044064905787727e-08  7.498215400227486e-11 
 3.311311214825875e+03  9.038716334120017e-08  2.324175869744607e-08  8.935674044121490e-08  3.269271102239825e-10  4.400588644966766e-09  1.287401152836738e-08  8.698739523164030e-08  3.182122121973433e-10  2.044064903795998e-08  7.498215392929822e-11 
 3.388441561391989e+03  8.942927608682186e-08  2.299545179409902e-08  8.838769989165532e-08  3.233827433089670e-10  4.400588640476766e-09  1.287401151523180e-08  8.599165866464543e-08  3.145696668046954e-10  2.044064901710402e-08  7.498215385287417e-11 
 3.467368504525279e+03  8.848317520748482e-08  2.275217558812667e-08  8.743034152048290e-08  3.198811165115138e-10  4.400588635775158e-09  1.287401150147715e-08  8.500732019679624e-08  3.109688172731104e-10  2.044064899526514e-08  7.498215377285142e-11 
 3.548133892335716e+03  8.754873311403959e-08  2.251189727184032e-08  8.648453731780513e-08  3.164217615807211e-10  4.400588630851970e-09  1.287401148707426e-08  8.403424935502235e-08  3.074091863136120e-10  2.044064897239703e-08  7.498215368905895e-11 
 3.630780547700973e+03  8.662582369593182e-08  2.227458441775171e-08  8.555016076972611e-08  3.130042157376669e-10  4.400588625696759e-09  1.287401147199259e-08  8.307231715976246e-08  3.038903021007083e-10  2.044064894845117e-08  7.498215360132174e-11 
 3.715352290971684e+03  8.571432230266643e-08  2.204020497380677e-08  8.462708684052726e-08  3.096280216101168e-10  4.400588620298592e-09  1.287401145620014e-08  8.212139610786823e-08  3.004116982097759e-10  2.044064892337679e-08  7.498215350944191e-11 
 3.801893963205570e+03  8.481410572542802e-08  2.180872725865966e-08  8.371519195501751e-08  3.062927271680747e-10  4.400588614646017e-09  1.287401143966342e-08  8.118136015570365e-08  2.969729135553796e-10  2.044064889712069e-08  7.498215341323361e-11 
 3.890451449942763e+03  8.392505217885403e-08  2.158011995698607e-08  8.281435398105010e-08  3.029978856596695e-10  4.400588608727044e-09  1.287401142234734e-08  8.025208470243797e-08  2.935734923300330e-10  2.044064886962717e-08  7.498215331249277e-11 
 3.981071705534928e+03  8.304704128295924e-08  2.135435211483531e-08  8.192445221220350e-08  2.997430555477870e-10  4.400588602529118e-09  1.287401140421518e-08  7.933344657353017e-08  2.902129839438021e-10  2.044064884083793e-08  7.498215320700128e-11 
 4.073802778041082e+03  8.217995404520782e-08  2.113139313502055e-08  8.104536735062312e-08  2.965278004473208e-10  4.400588596039094e-09  1.287401138522848e-08  7.842532400440184e-08  2.868909429646278e-10  2.044064881069189e-08  7.498215309653899e-11 
 4.168693834703307e+03  8.132367284273184e-08  2.091121277254655e-08  8.017698149002209e-08  2.933516890629226e-10  4.400588589243201e-09  1.287401136534697e-08  7.752759662429756e-08  2.836069290592564e-10  2.044064877912510e-08  7.498215298087636e-11 
 4.265795188015879e+03  8.047808140469327e-08  2.069378113007433e-08  7.931917809883778e-08  2.902142951272820e-10  4.400588582127033e-09  1.287401134452847e-08  7.664014544032983e-08  2.803605069348059e-10  2.044064874607063e-08  7.498215285975593e-11 
 4.365158322401610e+03  7.964306479478683e-08  2.047906865342219e-08  7.847184200354135e-08  2.871151973401896e-10  4.400588574675486e-09  1.287401132272882e-08  7.576285282170618e-08  2.771512462812163e-10  2.044064871145835e-08  7.498215273293095e-11 
 4.466835921509581e+03  7.881850939388278e-08  2.026704612710248e-08  7.763485937209867e-08  2.840539793078519e-10  4.400588566872760e-09  1.287401129990179e-08  7.489560248413772e-08  2.739787217140717e-10  2.044064867521484e-08  7.498215260012775e-11 
 4.570881896148699e+03  7.800430288280624e-08  2.005768466989368e-08  7.680811769757910e-08  2.810302294829581e-10  4.400588558702303e-09  1.287401127599895e-08  7.403827947442533e-08  2.708425127182774e-10  2.044064863726322e-08  7.498215246106146e-11 
 4.677351412871929e+03  7.720033422525183e-08  1.985095573044719e-08  7.599150578191002e-08  2.780435411052613e-10  4.400588550146784e-09  1.287401125096960e-08  7.319077015522274e-08  2.677422035923662e-10  2.044064859752300e-08  7.498215231544813e-11 
 4.786300923226329e+03  7.640649365083131e-08  1.964683108292832e-08  7.518491371977494e-08  2.750935121425258e-10  4.400588541188055e-09  1.287401122476066e-08  7.235296218997383e-08  2.646773833932898e-10  2.044064855590988e-08  7.498215216297460e-11 
 4.897788193684407e+03  7.562267263825279e-08  1.944528282269117e-08  7.438823288265242e-08  2.721797452321359e-10  4.400588531807115e-09  1.287401119731653e-08  7.152474452802248e-08  2.616476458819826e-10  2.044064851233560e-08  7.498215200330688e-11 
 5.011872336272666e+03  7.484876389862918e-08  1.924628336198664e-08  7.360135590299329e-08  2.693018476232638e-10  4.400588521984067e-09  1.287401116857900e-08  7.070600738989273e-08  2.586525894696003e-10  2.044064846670772e-08  7.498215183611369e-11 
 5.128613839913590e+03  7.408466135891465e-08  1.904980542570349e-08  7.282417665853456e-08  2.664594311193794e-10  4.400588511698070e-09  1.287401113848711e-08  6.989664225273748e-08  2.556918171642239e-10  2.044064841892947e-08  7.498215166104802e-11 
 5.248074602497666e+03  7.333026014546749e-08  1.885582204714178e-08  7.205659025674685e-08  2.636521120212552e-10  4.400588500927311e-09  1.287401110697703e-08  6.909654183595377e-08  2.527649365181798e-10  2.044064836889950e-08  7.498215147772863e-11 
 5.370317963702466e+03  7.258545656773770e-08  1.866430656381849e-08  7.129849301941381e-08  2.608795110706150e-10  4.400588489648941e-09  1.287401107398193e-08  6.830560008696275e-08  2.498715595761178e-10  2.044064831651169e-08  7.498215128576763e-11 
 5.495408738576182e+03  7.185014810207787e-08  1.847523261330481e-08  7.054978246734087e-08  2.581412533941457e-10  4.400588477839036e-09  1.287401103943182e-08  6.752371216715222e-08  2.470113028235785e-10  2.044064826165491e-08  7.498215108476747e-11 
 5.623413251903426e+03  7.112423337567667e-08  1.828857412909486e-08  6.981035730519167e-08  2.554369684478694e-10  4.400588465472549e-09  1.287401100325341e-08  6.675077443798041e-08  2.441837871360494e-10  2.044064820421282e-08  7.498215087428717e-11 
 5.754399373371502e+03  7.040761215061283e-08  1.810430533650561e-08  6.908011740644942e-08  2.527662899622536e-10  4.400588452523249e-09  1.287401096536997e-08  6.598668444723848e-08  2.413886377288697e-10  2.044064814406357e-08  7.498215065388919e-11 
 5.888436553555821e+03  6.970018530802933e-08  1.792240074860751e-08  6.835896379850171e-08  2.501288558874921e-10  4.400588438963666e-09  1.287401092570114e-08  6.523134091547042e-08  2.386254841074450e-10  2.044064808107957e-08  7.498215042310588e-11 
 6.025595860743507e+03  6.900185483242662e-08  1.774283516218581e-08  6.764679864784689e-08  2.475243083393508e-10  4.400588424765041e-09  1.287401088416277e-08  6.448464372254853e-08  2.358939600181445e-10  2.044064801512723e-08  7.498215018144024e-11 
 6.165950018614749e+03  6.831252379607367e-08  1.756558365373225e-08  6.694352524541930e-08  2.449522935455253e-10  4.400588409897254e-09  1.287401084066676e-08  6.374649389440218e-08  2.331937033998337e-10  2.044064794606665e-08  7.498214992839014e-11 
 6.309573444801857e+03  6.763209634353684e-08  1.739062157546688e-08  6.624904799203252e-08  2.424124617922237e-10  4.400588394328771e-09  1.287401079512085e-08  6.301679358989896e-08  2.305243563357681e-10  2.044064787375135e-08  7.498214966341076e-11 
 6.456542290346478e+03  6.696047767632499e-08  1.721792455139001e-08  6.556327238393785e-08  2.399044673714015e-10  4.400588378026568e-09  1.287401074742842e-08  6.229544608787551e-08  2.278855650062536e-10  2.044064779802793e-08  7.498214938594646e-11 
 6.606934480075881e+03  6.629757403765163e-08  1.704746847336400e-08  6.488610499849743e-08  2.374279685282251e-10  4.400588360956065e-09  1.287401069748832e-08  6.158235577431717e-08  2.252769796416720e-10  2.044064771873577e-08  7.498214909540502e-11 
 6.760829753919737e+03  6.564329269731234e-08  1.687922949722490e-08  6.421745347996908e-08  2.349826274090707e-10  4.400588343081054e-09  1.287401064519461e-08  6.087742812968424e-08  2.226982544761609e-10  2.044064763570670e-08  7.498214879117036e-11 
 6.918309709189281e+03  6.499754193667827e-08  1.671318403892383e-08  6.355722652540199e-08  2.325681100098780e-10  4.400588324363622e-09  1.287401059043638e-08  6.018056971638310e-08  2.201490477017780e-10  2.044064754876458e-08  7.498214847259979e-11 
 7.079457843841294e+03  6.436023103380512e-08  1.654930877069812e-08  6.290533387064196e-08  2.301840861248807e-10  4.400588304764063e-09  1.287401053309748e-08  5.949168816638115e-08  2.176290214231675e-10  2.044064745772502e-08  7.498214813901395e-11 
 7.244359600749813e+03  6.373127024865785e-08  1.638758061727221e-08  6.226168627644390e-08  2.278302292957909e-10  4.400588284240806e-09  1.287401047305627e-08  5.881069216896313e-08  2.151378416128027e-10  2.044064736239488e-08  7.498214778970575e-11 
 7.413102413009085e+03  6.311057080845117e-08  1.622797675208820e-08  6.162619551469093e-08  2.255062167613359e-10  4.400588262750317e-09  1.287401041018541e-08  5.813749145862781e-08  2.126751780667069e-10  2.044064726257198e-08  7.498214742393788e-11 
 7.585775750291745e+03  6.249804489310596e-08  1.607047459356647e-08  6.099877435471857e-08  2.232117294071355e-10  4.400588240247016e-09  1.287401034435154e-08  5.747199680312314e-08  2.102407043606383e-10  2.044064715804458e-08  7.498214704092523e-11 
 7.762471166286822e+03  6.189360562082235e-08  1.591505180139604e-08  6.037933654974245e-08  2.209464517161071e-10  4.400588216683164e-09  1.287401027541502e-08  5.681411999161824e-08  2.078340978069180e-10  2.044064704859095e-08  7.498214663986700e-11 
 7.943282347242717e+03  6.129716703376997e-08  1.576168627285526e-08  5.976779682338907e-08  2.187100717190310e-10  4.400588192008785e-09  1.287401020322962e-08  5.616377382301098e-08  2.054550394115469e-10  2.044064693397893e-08  7.498214621990619e-11 
 8.128305161640892e+03  6.070864408389567e-08  1.561035613916257e-08  5.916407085632785e-08  2.165022809456805e-10  4.400588166171536e-09  1.287401012764223e-08  5.552087209436923e-08  2.031032138319974e-10  2.044064681396541e-08  7.498214578015427e-11 
 8.317637711026608e+03  6.012795261885036e-08  1.546103976185802e-08  5.856807527300413e-08  2.143227743762087e-10  4.400588139116618e-09  1.287401004849251e-08  5.488532958950450e-08  2.007783093353812e-10  2.044064668829584e-08  7.498214531967762e-11 
 8.511380382023659e+03  5.955500936803494e-08  1.531371572921529e-08  5.797972762847156e-08  2.121712503929452e-10  4.400588110786640e-09  1.287400996561259e-08  5.425706206767620e-08  1.984800177571387e-10  2.044064655670364e-08  7.498214483749939e-11 
 8.709635899560699e+03  5.898973192876744e-08  1.516836285268506e-08  5.739894639532379e-08  2.100474107325446e-10  4.400588081121512e-09  1.287400987882666e-08  5.363598625242541e-08  1.962080344601918e-10  2.044064641890969e-08  7.498214433259753e-11 
 8.912509381337344e+03  5.843203875257195e-08  1.502496016336950e-08  5.682565095072434e-08  2.079509604384747e-10  4.400588050058311e-09  1.287400978795063e-08  5.302201982053637e-08  1.939620582945438e-10  2.044064627462173e-08  7.498214380389549e-11 
 9.120108393558983e+03  5.788184913159106e-08  1.488348690852870e-08  5.625976156353400e-08  2.058816078139369e-10  4.400588017531148e-09  1.287400969279175e-08  5.241508139112411e-08  1.917417915574127e-10  2.044064612353368e-08  7.498214325027944e-11 
 9.332543007969793e+03  5.733908318512328e-08  1.474392254811914e-08  5.570119938153559e-08  2.038390643750266e-10  4.400587983471025e-09  1.287400959314817e-08  5.181509051484732e-08  1.895469399537116e-10  2.044064596532507e-08  7.498214267057389e-11 
 9.549925860214238e+03  5.680366184628725e-08  1.460624675136482e-08  5.514988641875548e-08  2.018230448043240e-10  4.400587947805700e-09  1.287400948880854e-08  5.122196766324443e-08  1.873772125570521e-10  2.044064579966033e-08  7.498214206354385e-11 
 9.772372209557981e+03  5.627550684881433e-08  1.447043939336140e-08  5.460574554288150e-08  1.998332669048689e-10  4.400587910459521e-09  1.287400937955154e-08  5.063563421819186e-08  1.852323217712223e-10  2.044064562618806e-08  7.498214142790884e-11 
 9.999999999999871e+03  5.575454071397173e-08  1.433648055171391e-08  5.406870046277718e-08  1.978694515543968e-10  4.400587871353271e-09  1.287400926514541e-08  5.005601246148275e-08  1.831119832920201e-10  2.044064544454028e-08  7.498214076232246e-11 
 1.023292992280741e+04  5.524068673761838e-08  1.420435050320863e-08  5.353867571609235e-08  1.959313226599500e-10  4.400587830404004e-09  1.287400914534750e-08  4.948302556452529e-08  1.810159160695440e-10  2.044064525433172e-08  7.498214006535965e-11 
 1.047128548050886e+04  5.473386897739537e-08  1.407402972051953e-08  5.301559665696976e-08  1.940186071129638e-10  4.400587787524857e-09  1.287400901990368e-08  4.891659757815858e-08  1.789438422710285e-10  2.044064505515892e-08  7.498213933555028e-11 
 1.071519305237592e+04  5.423401224005375e-08  1.394549886895012e-08  5.249938944384818e-08  1.921310347445346e-10  4.400587742624879e-09  1.287400888854789e-08  4.835665342258527e-08  1.768954872439452e-10  2.044064484659939e-08  7.498213857134747e-11 
 1.096478196143171e+04  5.374104206892204e-08  1.381873880321115e-08  5.198998102736227e-08  1.902683382811449e-10  4.400587695608832e-09  1.287400875100149e-08  4.780311887741936e-08  1.748705794796220e-10  2.044064462821076e-08  7.498213777113452e-11 
 1.122018454301949e+04  5.325488473151589e-08  1.369373056423493e-08  5.148729913833927e-08  1.884302533006667e-10  4.400587646376989e-09  1.287400860697274e-08  4.725592057184795e-08  1.728688505772050e-10  2.044064439952980e-08  7.498213693320134e-11 
 1.148153621496868e+04  5.277546720729283e-08  1.357045537602702e-08  5.099127227589319e-08  1.866165181888699e-10  4.400587594824923e-09  1.287400845615612e-08  4.671498597490542e-08  1.708900352081699e-10  2.044064416007146e-08  7.498213605577838e-11 
 1.174897554939514e+04  5.230271717555474e-08  1.344889464255576e-08  5.050182969561713e-08  1.848268740961352e-10  4.400587540843282e-09  1.287400829823174e-08  4.618024338585903e-08  1.689338710810944e-10  2.044064390932778e-08  7.498213513700965e-11 
 1.202264434617397e+04  5.183656300350148e-08  1.332902994468084e-08  5.001890139787459e-08  1.830610648945530e-10  4.400587484317570e-09  1.287400813286462e-08  4.565162192470479e-08  1.670000989068571e-10  2.044064364676695e-08  7.498213417493325e-11 
 1.230268770812365e+04  5.137693373443761e-08  1.321084303712122e-08  4.954241811618987e-08  1.813188371355307e-10  4.400587425127885e-09  1.287400795970399e-08  4.512905152277143e-08  1.650884623643622e-10  2.044064337183200e-08  7.498213316751980e-11 
 1.258925411794151e+04  5.092375907613684e-08  1.309431584546354e-08  4.907231130573961e-08  1.795999400075719e-10  4.400587363148677e-09  1.287400777838256e-08  4.461246291343267e-08  1.631987080664778e-10  2.044064308393978e-08  7.498213211263047e-11 
 1.288249551693117e+04  5.047696938936613e-08  1.297943046321169e-08  4.860851313194575e-08  1.779041252945448e-10  4.400587298248483e-09  1.287400758851573e-08  4.410178762292528e-08  1.613305855264681e-10  2.044064278247964e-08  7.498213100802127e-11 
 1.318256738556390e+04  5.003649567657334e-08  1.286616914887843e-08  4.815095645917113e-08  1.762311473343466e-10  4.400587230289640e-09  1.287400738970076e-08  4.359695796127237e-08  1.594838471248255e-10  2.044064246681213e-08  7.498212985135507e-11 
 1.348962882591636e+04  4.960226957074171e-08  1.275451432311989e-08  4.769957483951950e-08  1.745807629778516e-10  4.400587159128001e-09  1.287400718151593e-08  4.309790701331051e-08  1.576582480763931e-10  2.044064213626769e-08  7.498212864017181e-11 
 1.380384264602866e+04  4.917422332441457e-08  1.264444856591392e-08  4.725430250174090e-08  1.729527315483761e-10  4.400587084612617e-09  1.287400696351967e-08  4.260456862981958e-08  1.558535463979788e-10  2.044064179014518e-08  7.498212737191252e-11 
 1.412537544622735e+04  4.875228979889374e-08  1.253595461378309e-08  4.681507434024426e-08  1.713468148014119e-10  4.400587006585437e-09  1.287400673524957e-08  4.211687741875417e-08  1.540695028762266e-10  2.044064142771043e-08  7.498212604388985e-11 
 1.445439770745908e+04  4.833640245361498e-08  1.242901535706321e-08  4.638182590421852e-08  1.697627768847907e-10  4.400586924880953e-09  1.287400649622145e-08  4.163476873657513e-08  1.523058810358833e-10  2.044064104819469e-08  7.498212465327051e-11 
 1.479108388168187e+04  4.792649533570422e-08  1.232361383721844e-08  4.595449338686426e-08  1.682003842993862e-10  4.400586839325861e-09  1.287400624592829e-08  4.115817867968045e-08  1.505624471085465e-10  2.044064065079295e-08  7.498212319711528e-11 
 1.513561248436188e+04  4.752250306971818e-08  1.221973324420374e-08  4.553301361473792e-08  1.666594058600307e-10  4.400586749738688e-09  1.287400598383920e-08  4.068704407593424e-08  1.488389700015899e-10  2.044064023466226e-08  7.498212167233119e-11 
 1.548816618912460e+04  4.712436084757262e-08  1.211735691387568e-08  4.511732403720996e-08  1.651396126570016e-10  4.400586655929407e-09  1.287400570939824e-08  4.022130247629251e-08  1.471352212675790e-10  2.044063979891996e-08  7.498212007568918e-11 
 1.584893192461092e+04  4.673200441866207e-08  1.201646832545244e-08  4.470736271603967e-08  1.636407780178352e-10  4.400586557699037e-09  1.287400542202330e-08  3.976089214652481e-08  1.454509750739456e-10  2.044063934264180e-08  7.498211840379601e-11 
 1.621810097358908e+04  4.634537008017444e-08  1.191705109902401e-08  4.430306831506839e-08  1.621626774696812e-10  4.400586454839218e-09  1.287400512110482e-08  3.930575205903067e-08  1.437860081731004e-10  2.044063886485994e-08  7.498211665311248e-11 
 1.659586907437538e+04  4.596439466760404e-08  1.181908899311339e-08  4.390438009003364e-08  1.607050887020012e-10  4.400586347131772e-09  1.287400480600450e-08  3.885582188474955e-08  1.421400998727999e-10  2.044063836456094e-08  7.498211481992585e-11 
 1.698243652461721e+04  4.558901554546655e-08  1.172256590228975e-08  4.351123787850651e-08  1.592677915297503e-10  4.400586234348243e-09  1.287400447605399e-08  3.841104198516348e-08  1.405130320068766e-10  2.044063784068363e-08  7.498211290033441e-11 
 1.737800828749351e+04  4.521917059821906e-08  1.162746585483441e-08  4.312358208995436e-08  1.578505678571292e-10  4.400586116249398e-09  1.287400413055343e-08  3.797135340439103e-08  1.389045889063988e-10  2.044063729211677e-08  7.498211089028180e-11 
 1.778279410038898e+04  4.485479822138894e-08  1.153377301046048e-08  4.274135369593220e-08  1.564532016416127e-10  4.400585992584734e-09  1.287400376876994e-08  3.753669786137190e-08  1.373145573709887e-10  2.044063671769680e-08  7.498210878550014e-11 
 1.819700858609958e+04  4.449583731291450e-08  1.144147165808703e-08  4.236449422040441e-08  1.550754788585950e-10  4.400585863091948e-09  1.287400338993617e-08  3.710701774214092e-08  1.357427266405863e-10  2.044063611620532e-08  7.498210658151442e-11 
 1.862087136662842e+04  4.414222726470050e-08  1.135054621366857e-08  4.199294573020008e-08  1.537171874665657e-10  4.400585727496365e-09  1.287400299324854e-08  3.668225609219020e-08  1.341888883675704e-10  2.044063548636646e-08  7.498210427366687e-11 
 1.905460717963221e+04  4.379390795439197e-08  1.126098121808061e-08  4.162665082560462e-08  1.523781173726078e-10  4.400585585510372e-09  1.287400257786564e-08  3.626235660891898e-08  1.326528365890406e-10  2.044063482684428e-08  7.498210185705327e-11 
 1.949844599758018e+04  4.345081973736872e-08  1.117276133506210e-08  4.126555263109022e-08  1.510580603985917e-10  4.400585436832801e-09  1.287400214290639e-08  3.584726363416967e-08  1.311343676995784e-10  2.044063413623984e-08  7.498209932654809e-11 
 1.995262314968852e+04  4.311290343896372e-08  1.108587134921545e-08  4.090959478618820e-08  1.497568102477998e-10  4.400585281148288e-09  1.287400168744819e-08  3.543692214684925e-08  1.296332804242373e-10  2.044063341308829e-08  7.498209667678390e-11 
 2.041737944669501e+04  4.278010034690773e-08  1.100029616406477e-08  4.055872143650608e-08  1.484741624721020e-10  4.400585118126609e-09  1.287400121052496e-08  3.503127775563520e-08  1.281493757918584e-10  2.044063265585574e-08  7.498209390213906e-11 
 2.089296130854010e+04  4.245235220400272e-08  1.091602080017294e-08  4.021287722489227e-08  1.472099144396770e-10  4.400584947421973e-09  1.287400071112508e-08  3.463027669176474e-08  1.266824571086927e-10  2.044063186293602e-08  7.498209099672585e-11 
 2.137962089502202e+04  4.212960120102627e-08  1.083303039331822e-08  3.987200728275129e-08  1.459638653033292e-10  4.400584768672295e-09  1.287400018818928e-08  3.423386580190661e-08  1.252323299323593e-10  2.044063103264723e-08  7.498208795439831e-11 
 2.187761623949522e+04  4.181178996986916e-08  1.075131019273075e-08  3.953605722151264e-08  1.447358159692072e-10  4.400584581498430e-09  1.287399964060834e-08  3.384199254111444e-08  1.237988020459619e-10  2.044063016322825e-08  7.498208476867628e-11 
 2.238721138568308e+04  4.149886157690765e-08  1.067084555938959e-08  3.920497312425592e-08  1.435255690663879e-10  4.400584385503359e-09  1.287399906722078e-08  3.345460496586050e-08  1.223816834327469e-10  2.044062925283494e-08  7.498208143281570e-11 
 2.290867652767740e+04  4.119075951661259e-08  1.059162196438057e-08  3.887870153749564e-08  1.423329289168005e-10  4.400584180271351e-09  1.287399846681038e-08  3.307165172714941e-08  1.209807862508414e-10  2.044062829953624e-08  7.498207793975302e-11 
 2.344228815319889e+04  4.088742770539623e-08  1.051362498731541e-08  3.855718946312824e-08  1.411577015057779e-10  4.400583965367087e-09  1.287399783810360e-08  3.269308206371042e-08  1.195959248083048e-10  2.044062730131009e-08  7.498207428206168e-11 
 2.398832919019456e+04  4.058881047569824e-08  1.043684031481239e-08  3.824038435054438e-08  1.399996944533726e-10  4.400583740334732e-09  1.287399717976688e-08  3.231884579526754e-08  1.182269155385969e-10  2.044062625603916e-08  7.498207045198987e-11 
 2.454708915684995e+04  4.029485257031153e-08  1.036125373903876e-08  3.792823408890952e-08  1.388587169861320e-10  4.400583504696965e-09  1.287399649040381e-08  3.194889331588676e-08  1.168735769761925e-10  2.044062516150630e-08  7.498206644141450e-11 
 2.511886431509544e+04  4.000549913694875e-08  1.028685115631501e-08  3.762068699961525e-08  1.377345799095598e-10  4.400583257953973e-09  1.287399576855218e-08  3.158317558739917e-08  1.155357297325218e-10  2.044062401538988e-08  7.498206224182291e-11 
 2.570395782768826e+04  3.972069572304955e-08  1.021361856578129e-08  3.731769182890462e-08  1.366270955812541e-10  4.400582999582387e-09  1.287399501268087e-08  3.122164413289943e-08  1.142131964722161e-10  2.044062281525886e-08  7.498205784431429e-11 
 2.630267991895344e+04  3.944038827082874e-08  1.014154206812567e-08  3.701919774067366e-08  1.355360778846131e-10  4.400582729034172e-09  1.287399422118658e-08  3.086425103031851e-08  1.129058018895588e-10  2.044062155856765e-08  7.498205323955607e-11 
 2.691534803926876e+04  3.916452311256506e-08  1.007060786437447e-08  3.672515430945208e-08  1.344613422032815e-10  4.400582445735465e-09  1.287399339239046e-08  3.051094890606990e-08  1.116133726852709e-10  2.044062024265064e-08  7.498204841778320e-11 
 2.754228703338126e+04  3.889304696613002e-08  1.000080225474432e-08  3.643551151356555e-08  1.334027053962175e-10  4.400582149085361e-09  1.287399252453457e-08  3.016169092876853e-08  1.103357375435251e-10  2.044061886471665e-08  7.498204336877162e-11 
 2.818382931264412e+04  3.862590693075577e-08  9.932111637555811e-09  3.615021972848176e-08  1.323599857734285e-10  4.400581838454633e-09  1.287399161577807e-08  2.981643080302139e-08  1.090727271092136e-10  2.044061742184294e-08  7.498203808180470e-11 
 2.884031503126564e+04  3.836305048304087e-08  9.864522508208417e-09  3.586922972034285e-08  1.313330030724557e-10  4.400581513184399e-09  1.287399066419340e-08  2.947512276328918e-08  1.078241739655302e-10  2.044061591096899e-08  7.498203254567546e-11 
 2.951209226666342e+04  3.810442547319258e-08  9.798021458216270e-09  3.559249263968636e-08  1.303215784354672e-10  4.400581172584729e-09  1.287398966776216e-08  2.913772156781823e-08  1.065899126117378e-10  2.044061432889012e-08  7.498202674863971e-11 
 3.019951720401971e+04  3.784998012150339e-08  9.732595174304308e-09  3.531996001535633e-08  1.293255343870894e-10  4.400580815933177e-09  1.287398862437081e-08  2.880418249264156e-08  1.053697794412222e-10  2.044061267225057e-08  7.498202067838955e-11 
 3.090295432513544e+04  3.759966301505986e-08  9.668230437564260e-09  3.505158374860677e-08  1.283446948130159e-10  4.400580442473246e-09  1.287398753180620e-08  2.847446132564865e-08  1.041636127198537e-10  2.044061093753642e-08  7.498201432206617e-11 
 3.162277660168332e+04  3.735342310468131e-08  9.604914122669804e-09  3.478731610739930e-08  1.273788849391795e-10  4.400580051412792e-09  1.287398638775091e-08  2.814851436072297e-08  1.029712525644744e-10  2.044060912106819e-08  7.498200766618584e-11 
 3.235936569296234e+04  3.711120970208515e-08  9.542633197150136e-09  3.452710972089599e-08  1.264279313117345e-10  4.400579641922341e-09  1.287398518977829e-08  2.782629839194648e-08  1.017925409217062e-10  2.044060721899297e-08  7.498200069661664e-11 
 3.311311214825861e+04  3.687297247727579e-08  9.481374720721162e-09  3.427091757414909e-08  1.254916617778184e-10  4.400579213133321e-09  1.287398393534732e-08  2.750777070787029e-08  1.006273215470459e-10  2.044060522727628e-08  7.498199339858742e-11 
 3.388441561391974e+04  3.663866145615379e-08  9.421125844673375e-09  3.401869300298878e-08  1.245699054668943e-10  4.400578764136232e-09  1.287398262179722e-08  2.719288908585088e-08  9.947543998408137e-11  2.044060314169349e-08  7.498198575660971e-11 
 3.467368504525264e+04  3.640822701834086e-08  9.361873811315458e-09  3.377038968910973e-08  1.236624927729779e-10  4.400578293978709e-09  1.287398124634185e-08  2.688161178645097e-08  9.833674354406946e-11  2.044060095782090e-08  7.498197775448919e-11 
 3.548133892335701e+04  3.618161989521706e-08  9.303605953472499e-09  3.352596165535719e-08  1.227692553374350e-10  4.400577801663504e-09  1.287397980606374e-08  2.657389754790437e-08  9.721108128561786e-11  2.044059867102632e-08  7.498196937523914e-11 
 3.630780547700958e+04  3.595879116816521e-08  9.246309694037649e-09  3.328536326121315e-08  1.218900260326599e-10  4.400577286146379e-09  1.287397829790793e-08  2.626970558064400e-08  9.609830399471510e-11  2.044059627645925e-08  7.498196060107939e-11 
 3.715352290971669e+04  3.573969226701786e-08  9.189972545576060e-09  3.304854919848269e-08  1.210246389464656e-10  4.400576746333874e-09  1.287397671867549e-08  2.596899556189244e-08  9.499826416497085e-11  2.044059376904062e-08  7.498195141342193e-11 
 3.801893963205554e+04  3.552427496870179e-08  9.134582109979676e-09  3.281547448718073e-08  1.201729293670654e-10  4.400576181080999e-09  1.287397506501675e-08  2.567172763031430e-08  9.391081597796916e-11  2.044059114345196e-08  7.498194179276576e-11 
 3.890451449942747e+04  3.531249139607428e-08  9.080126078171562e-09  3.258609447161865e-08  1.193347337689753e-10  4.400575589188813e-09  1.287397333342415e-08  2.537786238072958e-08  9.283581528399301e-11  2.044058839412422e-08  7.498193171870502e-11 
 3.981071705534912e+04  3.510429401694560e-08  9.026592229858273e-09  3.236036481669042e-08  1.185098897995461e-10  4.400574969401863e-09  1.287397152022486e-08  2.508736085888739e-08  9.177311958288998e-11  2.044058551522584e-08  7.498192116987351e-11 
 4.073802778041065e+04  3.489963564328175e-08  8.973968433328711e-09  3.213824150435750e-08  1.176982362662439e-10  4.400574320405533e-09  1.287396962157293e-08  2.480018455629936e-08  9.072258800517163e-11  2.044058250065046e-08  7.498191012389892e-11 
 4.168693834703290e+04  3.469846943058107e-08  8.922242645297896e-09  3.191968083033132e-08  1.168996131246246e-10  4.400573640823260e-09  1.287396763344120e-08  2.451629540513206e-08  8.968408129330569e-11  2.044057934400395e-08  7.498189855733604e-11 
 4.265795188015862e+04  3.450074887741804e-08  8.871402910793944e-09  3.170463940095202e-08  1.161138614671417e-10  4.400572929213596e-09  1.287396555161269e-08  2.423565577315756e-08  8.865746178331004e-11  2.044057603859085e-08  7.498188644567094e-11 
 4.365158322401593e+04  3.430642782514796e-08  8.821437363086551e-09  3.149307413026215e-08  1.153408235124825e-10  4.400572184067174e-09  1.287396337167172e-08  2.395822845876181e-08  8.764259338641486e-11  2.044057257740014e-08  7.498187376320489e-11 
 4.466835921509562e+04  3.411546045776496e-08  8.772334223655165e-09  3.128494223727285e-08  1.145803425957847e-10  4.400571403803485e-09  1.287396108899447e-08  2.368397668600977e-08  8.663934157106786e-11  2.044056895309042e-08  7.498186048304769e-11 
 4.570881896148680e+04  3.392780130190666e-08  8.724081802195045e-09  3.108020124342111e-08  1.138322631594094e-10  4.400570586767549e-09  1.287395869873927e-08  2.341286409976707e-08  8.564757334503768e-11  2.044056515797432e-08  7.498184657701767e-11 
 4.677351412871909e+04  3.374340522699760e-08  8.676668496659280e-09  3.087880897021493e-08  1.130964307445347e-10  4.400569731226382e-09  1.287395619583623e-08  2.314485476087699e-08  8.466715723782130e-11  2.044056118400216e-08  7.498183201562479e-11 
 4.786300923226309e+04  3.356222744552438e-08  8.630082793334858e-09  3.068072353706421e-08  1.123726919833177e-10  4.400568835365338e-09  1.287395357497657e-08  2.287991314139276e-08  8.369796328316932e-11  2.044055702274496e-08  7.498181676797942e-11 
 4.897788193684386e+04  3.338422351343436e-08  8.584313266950806e-09  3.048590335929401e-08  1.116608945918078e-10  4.400567897284247e-09  1.287395083060131e-08  2.261800411986400e-08  8.273986300187406e-11  2.044055266537647e-08  7.498180080175405e-11 
 5.011872336272644e+04  3.320934933065055e-08  8.539348580816422e-09  3.029430714633727e-08  1.109608873633966e-10  4.400566914993405e-09  1.287394795688952e-08  2.235909297667703e-08  8.179272938466636e-11  2.044054810265452e-08  7.498178408306334e-11 
 5.128613839913568e+04  3.303756114169412e-08  8.495177486987517e-09  3.010589390010289e-08  1.102725201631023e-10  4.400565886409321e-09  1.287394494774592e-08  2.210314538944814e-08  8.085643687544972e-11  2.044054332490137e-08  7.498176657646989e-11 
 5.248074602497643e+04  3.286881553640724e-08  8.451788826458661e-09  2.992062291351605e-08  1.095956439222388e-10  4.400564809350338e-09  1.287394179678802e-08  2.185012742846950e-08  7.993086135454762e-11  2.044053832198326e-08  7.498174824482453e-11 
 5.370317963702443e+04  3.270306945076738e-08  8.409171529379326e-09  2.973845376922602e-08  1.089301106339128e-10  4.400563681531977e-09  1.287393849733253e-08  2.160000555220690e-08  7.901588012229982e-11  2.044053308328881e-08  7.498172904924795e-11 
 5.495408738576159e+04  3.254028016778542e-08  8.367314615291846e-09  2.955934633847763e-08  1.082757733489956e-10  4.400562500562103e-09  1.287393504238120e-08  2.135274660284866e-08  7.811137188275727e-11  2.044052759770661e-08  7.498170894902750e-11 
 5.623413251903402e+04  3.238040531847918e-08  8.326207193389106e-09  2.938326078014153e-08  1.076324861727078e-10  4.400561263935853e-09  1.287393142460603e-08  2.110831780190544e-08  7.721721672758743e-11  2.044052185360162e-08  7.498168790153318e-11 
 5.754399373371479e+04  3.222340288291400e-08  8.285838462789848e-09  2.921015753989854e-08  1.070001042617430e-10  4.400559969030321e-09  1.287392763633363e-08  2.086668674585992e-08  7.633329612014744e-11  2.044051583879050e-08  7.498166586211425e-11 
 5.888436553555797e+04  3.206923119130240e-08  8.246197712829484e-09  2.903999734957294e-08  1.063784838219894e-10  4.400558613098997e-09  1.287392366952903e-08  2.062782140186615e-08  7.545949287977828e-11  2.044050954051576e-08  7.498164278403045e-11 
 6.025595860743483e+04  3.191784892515441e-08  8.207274323364338e-09  2.887274122660955e-08  1.057674821067147e-10  4.400557193265940e-09  1.287391951577862e-08  2.039169010349775e-08  7.459569116623525e-11  2.044050294541871e-08  7.498161861833777e-11 
 6.165950018614724e+04  3.176921511847055e-08  8.169057765087283e-09  2.870835047368913e-08  1.051669574152609e-10  4.400555706519687e-09  1.287391516627230e-08  2.015826154654453e-08  7.374177646430158e-11  2.044049603951115e-08  7.498159331377454e-11 
 6.309573444801832e+04  3.162328915896926e-08  8.131537599852571e-09  2.854678667847612e-08  1.045767690922559e-10  4.400554149706856e-09  1.287391061178478e-08  1.992750478485683e-08  7.289763556860151e-11  2.044048880814570e-08  7.498156681666752e-11 
 6.456542290346453e+04  3.148003078934080e-08  8.094703481008001e-09  2.838801171349330e-08  1.039967775272759e-10  4.400552519525468e-09  1.287390584265606e-08  1.969938922623717e-08  7.206315656858014e-11  2.044048123598473e-08  7.498153907082744e-11 
 6.606934480075855e+04  3.133940010851983e-08  8.058545153732253e-09  2.823198773611706e-08  1.034268441548853e-10  4.400550812517940e-09  1.287390084877091e-08  1.947388462837860e-08  7.123822883361225e-11  2.044047330696782e-08  7.498151001739584e-11 
 6.760829753919710e+04  3.120135757296858e-08  8.023052455375497e-09  2.807867718868706e-08  1.028668314551918e-10  4.400549025063755e-09  1.287389561953744e-08  1.925096109484906e-08  7.042274299834989e-11  2.044046500427774e-08  7.498147959475857e-11 
 6.918309709189254e+04  3.106586399796331e-08  7.988215315801296e-09  2.792804279872419e-08  1.023166029546907e-10  4.400547153371784e-09  1.287389014386461e-08  1.903058907112157e-08  6.961659094816671e-11  2.044045631030478e-08  7.498144773838032e-11 
 7.079457843841266e+04  3.093288055887629e-08  7.954023757727892e-09  2.778004757925006e-08  1.017760232275731e-10  4.400545193472249e-09  1.287388441013876e-08  1.881273934064924e-08  6.881966580483290e-11  2.044044720660939e-08  7.498141438070249e-11 
 7.244359600749785e+04  3.080236879244597e-08  7.920467897067020e-09  2.763465482920167e-08  1.012449578972935e-10  4.400543141208298e-09  1.287387840619895e-08  1.859738302098497e-08  6.803186191229625e-11  2.044043767388309e-08  7.498137945097430e-11 
 7.413102413009056e+04  3.067429059802846e-08  7.887537943258453e-09  2.749182813393455e-08  1.007232736385006e-10  4.400540992227206e-09  1.287387211931117e-08  1.838449155994516e-08  6.725307482265457e-11  2.044042769190753e-08  7.498134287510925e-11 
 7.585775750291716e+04  3.054860823882290e-08  7.855224199598469e-09  2.735153136580751e-08  1.002108381792646e-10  4.400538741971130e-09  1.287386553614137e-08  1.817403673181684e-08  6.648320128228895e-11  2.044041723951163e-08  7.498130457553670e-11 
 7.762471166286792e+04  3.042528434306440e-08  7.823517063560572e-09  2.721372868484234e-08  9.970752030354561e-11  4.400536385667453e-09  1.287385864272717e-08  1.796599063360784e-08  6.572213921813579e-11  2.044040629452668e-08  7.498126447102593e-11 
 7.943282347242687e+04  3.030428190517773e-08  7.792407027106803e-09  2.707838453945140e-08  9.921318985392146e-11  4.400533918318661e-09  1.287385142444823e-08  1.776032568133940e-08  6.496978772412476e-11  2.044039483373932e-08  7.498122247651363e-11 
 8.128305161640861e+04  3.018556428688560e-08  7.761884676988050e-09  2.694546366722654e-08  9.872771773454856e-11  4.400531334691751e-09  1.287384386599529e-08  1.755701460638081e-08  6.422604704778039e-11  2.044038283284236e-08  7.498117850293495e-11 
 8.317637711026576e+04  3.006909521826539e-08  7.731940695031806e-09  2.681493109578197e-08  9.825097591430205e-11  4.400528629307133e-09  1.287383595133772e-08  1.735603045182546e-08  6.349081857696593e-11  2.044037026638319e-08  7.498113245703588e-11 
 8.511380382023628e+04  2.995483879874862e-08  7.702565858415998e-09  2.668675214364467e-08  9.778283743004083e-11  4.400525796427014e-09  1.287382766368946e-08  1.715734656890794e-08  6.276400482674979e-11  2.044035710770991e-08  7.498108424114395e-11 
 8.709635899560666e+04  2.984275949805750e-08  7.673751039927383e-09  2.656089242118510e-08  9.732317639011906e-11  4.400522830043234e-09  1.287381898547354e-08  1.696093661346156e-08  6.204550942648753e-11  2.044034332891469e-08  7.498103375300899e-11 
 8.912509381337311e+04  2.973282215707340e-08  7.645487208203272e-09  2.643731783158146e-08  9.687186797789871e-11  4.400519723864522e-09  1.287380989828471e-08  1.676677454241598e-08  6.133523710697519e-11  2.044032890077473e-08  7.498098088554569e-11 
 9.120108393558950e+04  2.962499198863205e-08  7.617765427955312e-09  2.631599457181085e-08  9.642878845545072e-11  4.400516471303169e-09  1.287380038285049e-08  1.657483461033431e-08  6.063309368780896e-11  2.044031379269023e-08  7.498092552663941e-11 
 9.332543007969759e+04  2.951923457824104e-08  7.590576860174141e-09  2.619688913366035e-08  9.599381516725076e-11  4.400513065461049e-09  1.287379041899028e-08  1.638509136598931e-08  5.993898606484115e-11  2.044029797261953e-08  7.498086755888519e-11 
 9.549925860214204e+04  2.941551588471485e-08  7.563912762313826e-09  2.607996830475153e-08  9.556682654394683e-11  4.400509499115011e-09  1.287377998557261e-08  1.619751964897820e-08  5.925282219779566e-11  2.044028140701125e-08  7.498080685933723e-11 
 9.772372209557948e+04  2.931380224072347e-08  7.537764488455044e-09  2.596519916957185e-08  9.514770210616555e-11  4.400505764701557e-09  1.287376906047030e-08  1.601209458637558e-08  5.857451109803503e-11  2.044026406073308e-08  7.498074329926179e-11 
 9.999999999999837e+04  2.921406035325060e-08  7.512123489446075e-09  2.585254911050625e-08  9.473632246830513e-11  4.400501854300810e-09  1.287375762051359e-08  1.582879158942405e-08  5.790396281645896e-11  2.044024589699732e-08  7.498067674387070e-11 
 1.023292992280737e+05  2.911625730395801e-08  7.486981313020738e-09  2.574198580886310e-08  9.433256934225016e-11  4.400497759619727e-09  1.287374564144101e-08  1.564758635026206e-08  5.724108843150809e-11  2.044022687728299e-08  7.498060705200181e-11 
 1.047128548050882e+05  2.902036054945246e-08  7.462329603892418e-09  2.563347724588772e-08  9.393632554115216e-11  4.400493471974518e-09  1.287373309784798e-08  1.546845483868851e-08  5.658580003737285e-11  2.044020696125403e-08  7.498053407587712e-11 
 1.071519305237589e+05  2.892633792145267e-08  7.438160103823560e-09  2.552699170375798e-08  9.354747498297444e-11  4.400488982272251e-09  1.287371996313293e-08  1.529137329896377e-08  5.593801073223528e-11  2.044018610667394e-08  7.498045766071691e-11 
 1.096478196143167e+05  2.883415762685296e-08  7.414464651669875e-09  2.542249776655564e-08  9.316590269410537e-11  4.400484280991563e-09  1.287370620944091e-08  1.511631824664646e-08  5.529763460674049e-11  2.044016426931618e-08  7.498037764446726e-11 
 1.122018454301945e+05  2.874378824768169e-08  7.391235183398791e-09  2.531996432120817e-08  9.279149481278395e-11  4.400479358162491e-09  1.287369180760460e-08  1.494326646546580e-08  5.466458673255253e-11  2.044014140287047e-08  7.498029385745399e-11 
 1.148153621496864e+05  2.865519874095205e-08  7.368463732081560e-09  2.521936055839507e-08  9.242413859233066e-11  4.400474203345343e-09  1.287367672708247e-08  1.477219500422896e-08  5.403878315100283e-11  2.044011745884465e-08  7.498020612197087e-11 
 1.174897554939510e+05  2.856835843840322e-08  7.346142427858656e-09  2.512065597341367e-08  9.206372240437975e-11  4.400468805608561e-09  1.287366093589402e-08  1.460308117376293e-08  5.342014086195696e-11  2.044009238646183e-08  7.498011425197596e-11 
 1.202264434617393e+05  2.848323704613065e-08  7.324263497878117e-09  2.502382036699923e-08  9.171013574179153e-11  4.400463153505573e-09  1.287364440055207e-08  1.443590254389070e-08  5.280857781271869e-11  2.044006613255289e-08  7.498001805265096e-11 
 1.230268770812361e+05  2.839980464410361e-08  7.302819266206498e-09  2.492882384609424e-08  9.136326922141988e-11  4.400457235050519e-09  1.287362708599176e-08  1.427063694044109e-08  5.220401288708490e-11  2.044003864144379e-08  7.497991731997789e-11 
 1.258925411794146e+05  2.831803168556925e-08  7.281802153712270e-09  2.483563682456229e-08  9.102301458675102e-11  4.400451037692867e-09  1.287360895549623e-08  1.410726244229192e-08  5.160636589456733e-11  2.044000985483750e-08  7.497981184036092e-11 
 1.288249551693113e+05  2.823788899634223e-08  7.261204677921512e-09  2.474423002384213e-08  9.068926471018871e-11  4.400444548290811e-09  1.287358997061888e-08  1.394575737844619e-08  5.101555755965959e-11  2.043997971169062e-08  7.497970139012116e-11 
 1.318256738556385e+05  2.815934777397916e-08  7.241019452845793e-09  2.465457447353741e-08  9.036191359519314e-11  4.400437753083429e-09  1.287357009110185e-08  1.378610032514066e-08  5.043150951127685e-11  2.043994814808392e-08  7.497958573504621e-11 
 1.348962882591631e+05  2.808237958683767e-08  7.221239188782273e-09  2.456664151193817e-08  9.004085637812988e-11  4.400430637661531e-09  1.287354927479075e-08  1.362827010298662e-08  4.985414427229177e-11  2.043991509708699e-08  7.497946462988737e-11 
 1.380384264602862e+05  2.800695637301971e-08  7.201856692085996e-09  2.448040278647021e-08  8.972598932986872e-11  4.400423186937125e-09  1.287352747754536e-08  1.347224577414236e-08  4.928338524919648e-11  2.043988048861641e-08  7.497933781784819e-11 
 1.412537544622731e+05  2.793305043919938e-08  7.182864864914586e-09  2.439583025406879e-08  8.941720985708968e-11  4.400415385111457e-09  1.287350465314611e-08  1.331800663951690e-08  4.871915672187198e-11  2.043984424928727e-08  7.497920503003810e-11 
 1.445439770745904e+05  2.786063445933539e-08  7.164256704945373e-09  2.431289618147322e-08  8.911441650327317e-11  4.400407215641553e-09  1.287348075319619e-08  1.316553223600469e-08  4.816138383345820e-11  2.043980630225777e-08  7.497906598488112e-11 
 1.479108388168183e+05  2.778968147326845e-08  7.146025305065300e-09  2.423157314543919e-08  8.881750894946639e-11  4.400398661205158e-09  1.287345572701899e-08  1.301480233375080e-08  4.760999258037928e-11  2.043976656706637e-08  7.497892038756474e-11 
 1.513561248436183e+05  2.772016488520464e-08  7.128163853033780e-09  2.415183403286607e-08  8.852638801462144e-11  4.400389703664071e-09  1.287342952155083e-08  1.286579693344626e-08  4.706490980241722e-11  2.043972495946148e-08  7.497876792936547e-11 
 1.548816618912456e+05  2.765205846208506e-08  7.110665631118852e-09  2.407365204083633e-08  8.824095565571398e-11  4.400380324025707e-09  1.287340208122854e-08  1.271849626365313e-08  4.652606317295093e-11  2.043968139122292e-08  7.497860828703252e-11 
 1.584893192461087e+05  2.758533633184315e-08  7.093524015707021e-09  2.399700067656470e-08  8.796111496745814e-11  4.400370502402892e-09  1.287337334787176e-08  1.257288077815897e-08  4.599338118926448e-11  2.043963576997514e-08  7.497844112208122e-11 
 1.621810097358903e+05  2.751997298155040e-08  7.076732476887160e-09  2.392185375725489e-08  8.768677018172282e-11  4.400360217971741e-09  1.287334326055981e-08  1.242893115336022e-08  4.546679316298387e-11  2.043958799899160e-08  7.497826608008962e-11 
 1.659586907437533e+05  2.745594325545211e-08  7.060284578008909e-09  2.384818540986185e-08  8.741782666656852e-11  4.400349448927569e-09  1.287331175550264e-08  1.228662828567432e-08  4.494622921060169e-11  2.043953797698997e-08  7.497808278993452e-11 
 1.698243652461716e+05  2.739322235289420e-08  7.044173975216137e-09  2.377597007075767e-08  8.715419092497831e-11  4.400338172438723e-09  1.287327876590578e-08  1.214595328897989e-08  4.443162024413022e-11  2.043948559791765e-08  7.497789086303355e-11 
 1.737800828749346e+05  2.733178582614282e-08  7.028394416955869e-09  2.370518248529979e-08  8.689577059312888e-11  4.400326364598250e-09  1.287324422182895e-08  1.200688749208496e-08  4.392289796180487e-11  2.043943075072732e-08  7.497768989246441e-11 
 1.778279410038893e+05  2.727160957809822e-08  7.012939743463362e-09  2.363579770729978e-08  8.664247443846900e-11  4.400314000373277e-09  1.287320805003799e-08  1.186941243622252e-08  4.341999483897624e-11  2.043937331914176e-08  7.497747945219304e-11 
 1.819700858609953e+05  2.721266985990471e-08  6.997803886223819e-09  2.356779109839208e-08  8.639421235720376e-11  4.400301053552043e-09  1.287317017384984e-08  1.173350987257335e-08  4.292284411898652e-11  2.043931318140784e-08  7.497725909606727e-11 
 1.862087136662836e+05  2.715494326845830e-08  6.982980867411428e-09  2.350113832730101e-08  8.615089537163970e-11  4.400287496688406e-09  1.287313051297027e-08  1.159916175981551e-08  4.243137980426172e-11  2.043925021003878e-08  7.497702835696878e-11 
 1.905460717963215e+05  2.709840674381408e-08  6.968464799306311e-09  2.343581536900603e-08  8.591243562696147e-11  4.400273301043768e-09  1.287308898332392e-08  1.146635026170027e-08  4.194553664740293e-11  2.043918427154433e-08  7.497678674575337e-11 
 1.949844599758012e+05  2.704303756649510e-08  6.954249883690117e-09  2.337179850380394e-08  8.567874638777518e-11  4.400258436526259e-09  1.287304549687643e-08  1.133505774465408e-08  4.146525014244441e-11  2.043911522614836e-08  7.497653375026890e-11 
 1.995262314968846e+05  2.698881335470478e-08  6.940330411220876e-09  2.330906431626823e-08  8.544974203414778e-11  4.400242871627080e-09  1.287299996144814e-08  1.120526677540628e-08  4.099045651614379e-11  2.043904292749308e-08  7.497626883421532e-11 
 2.041737944669495e+05  2.693571206144481e-08  6.926700760787871e-09  2.324758969410472e-08  8.522533805740236e-11  4.400226573353833e-09  1.287295228051915e-08  1.107696011864201e-08  4.052109271943056e-11  2.043896722232947e-08  7.497599143607124e-11 
 2.089296130854004e+05  2.688371197154059e-08  6.913355398847235e-09  2.318735182690383e-08  8.500545105541030e-11  4.400209507160738e-09  1.287290235302506e-08  1.095012073468025e-08  4.005709641888594e-11  2.043888795019303e-08  7.497570096785912e-11 
 2.137962089502196e+05  2.683279169857639e-08  6.900288878738997e-09  2.312832820478926e-08  8.478999872758385e-11  4.400191636875571e-09  1.287285007314331e-08  1.082473177717642e-08  3.959840598835116e-11  2.043880494306449e-08  7.497539681392415e-11 
 2.187761623949515e+05  2.678293018174191e-08  6.887495839986356e-09  2.307049661696334e-08  8.457889986946144e-11  4.400172924623169e-09  1.287279533006933e-08  1.070077659084921e-08  3.914496050061054e-11  2.043871802501445e-08  7.497507832962915e-11 
 2.238721138568301e+05  2.673410668259279e-08  6.874971007577897e-09  2.301383515014930e-08  8.437207436691492e-11  4.400153330745347e-09  1.287273800778230e-08  1.057823870923147e-08  3.869669971916172e-11  2.043862701183140e-08  7.497474483998763e-11 
 2.290867652767734e+05  2.668630078172673e-08  6.862709191233570e-09  2.295832218693086e-08  8.416944318999522e-11  4.400132813717057e-09  1.287267798479985e-08  1.045710185244454e-08  3.825356409007855e-11  2.043853171063231e-08  7.497439563824497e-11 
 2.344228815319882e+05  2.663949237537741e-08  6.850705284655152e-09  2.290393640398976e-08  8.397092838637316e-11  4.400111330058618e-09  1.287261513392130e-08  1.033734992499598e-08  3.781549473394460e-11  2.043843191945490e-08  7.497402998436470e-11 
 2.398832919019449e+05  2.659366167192813e-08  6.838954264761982e-09  2.285065677024166e-08  8.377645307446182e-11  4.400088834243824e-09  1.287254932195879e-08  1.021896701360006e-08  3.738243343789455e-11  2.043832742683082e-08  7.497364710349154e-11 
 2.454708915684988e+05  2.654878918834724e-08  6.827451190912798e-09  2.279846254487124e-08  8.358594143611434e-11  4.400065278603747e-09  1.287248040945592e-08  1.010193738502087e-08  3.695432264771240e-11  2.043821801133882e-08  7.497324618429102e-11 
 2.511886431509537e+05  2.650485574654702e-08  6.816191204114335e-09  2.274733327526723e-08  8.339931870901446e-11  4.400040613226023e-09  1.287240825039306e-08  9.986245483937699e-09  3.653110546003712e-11  2.043810344113694e-08  7.497282637726430e-11 
 2.570395782768819e+05  2.646184246966822e-08  6.805169526217603e-09  2.269724879485825e-08  8.321651117861253e-11  4.400014785849442e-09  1.287233269187896e-08  9.871875930832209e-09  3.611272561460764e-11  2.043798347347287e-08  7.497238679290001e-11 
 2.630267991895336e+05  2.641973077829158e-08  6.794381459102501e-09  2.264818922085020e-08  8.303744616984459e-11  4.399987741753555e-09  1.287225357382786e-08  9.758813519897199e-09  3.569912748664898e-11  2.043785785417119e-08  7.497192649986941e-11 
 2.691534803926869e+05  2.637850238657848e-08  6.783822383851598e-09  2.260013495186639e-08  8.286205203834346e-11  4.399959423643164e-09  1.287217072862148e-08  9.647043216966605e-09  3.529025607926918e-11  2.043772631709680e-08  7.497144452299652e-11 
 2.754228703338119e+05  2.633813929834203e-08  6.773487759913827e-09  2.255306666549111e-08  8.269025816140175e-11  4.399929771527362e-09  1.287208398075520e-08  9.536550157466310e-09  3.488605701597784e-11  2.043758858359312e-08  7.497093984122923e-11 
 2.818382931264405e+05  2.629862380305021e-08  6.763373124258827e-09  2.250696531571786e-08  8.252199492855422e-11  4.399898722592923e-09  1.287199314646768e-08  9.427319644385536e-09  3.448647653326560e-11  2.043744436189391e-08  7.497041138548494e-11 
 2.884031503126556e+05  2.625993847176265e-08  6.753474090522724e-09  2.246181213030309e-08  8.235719373179775e-11  4.399866211071780e-09  1.287189803335308e-08  9.319337146268451e-09  3.409146147324984e-11  2.043729334650780e-08  7.496985803637877e-11 
 2.951209226666334e+05  2.622206615300206e-08  6.743786348146041e-09  2.241758860802652e-08  8.219578695552132e-11  4.399832168102284e-09  1.287179843995526e-08  9.212588295225605e-09  3.370095927641442e-11  2.043713521757373e-08  7.496927862189223e-11 
 3.019951720401964e+05  2.618498996856189e-08  6.734305661504486e-09  2.237427651585916e-08  8.203770796601705e-11  4.399796521583991e-09  1.287169415534291e-08  9.107058884964974e-09  3.331491797438651e-11  2.043696964018656e-08  7.496867191485651e-11 
 3.090295432513537e+05  2.614869330925100e-08  6.725027869033323e-09  2.233185788603972e-08  8.188289110075886e-11  4.399759196025644e-09  1.287158495866482e-08  9.002734868842127e-09  3.293328618282568e-11  2.043679626369086e-08  7.496803663041229e-11 
 3.162277660168324e+05  2.611315983057659e-08  6.715948882346063e-09  2.229031501306074e-08  8.173127165726230e-11  4.399720112386070e-09  1.287147061868443e-08  8.899602357929363e-09  3.255601309434499e-11  2.043661472094190e-08  7.496737142326683e-11 
 3.235936569296226e+05  2.607837344836594e-08  6.707064685348085e-09  2.224963045056509e-08  8.158278588168300e-11  4.399679187907633e-09  1.287135089329261e-08  8.797647619103323e-09  3.218304847152659e-11  2.043642462753206e-08  7.496667488488405e-11 
 3.311311214825853e+05  2.604431833432795e-08  6.698371333345943e-09  2.220978700815389e-08  8.143737095704788e-11  4.399636335941911e-09  1.287122552899765e-08  8.696857073150873e-09  3.181434263998586e-11  2.043622558098112e-08  7.496594554050127e-11 
 3.388441561391967e+05  2.601097891155483e-08  6.689864952152985e-09  2.217076774810657e-08  8.129496499118105e-11  4.399591465767250e-09  1.287109426039149e-08  8.597217292892830e-09  3.144984648150699e-11  2.043601715988874e-08  7.496518184602100e-11 
 3.467368504525256e+05  2.597833984996445e-08  6.681541737191898e-09  2.213255598201387e-08  8.115550700434044e-11  4.399544482397791e-09  1.287095680959108e-08  8.498715001325275e-09  3.108951142725358e-11  2.043579892304744e-08  7.496438218478305e-11 
 3.548133892335693e+05  2.594638606168357e-08  6.673397952594889e-09  2.209513526732455e-08  8.101893691648947e-11  4.399495286383600e-09  1.287081288565363e-08  8.401337069778083e-09  3.073328945102244e-11  2.043557040851421e-08  7.496354486413895e-11 
 3.630780547700950e+05  2.591510269637199e-08  6.665429930301984e-09  2.205848940380623e-08  8.088519553430449e-11  4.399443773601489e-09  1.287066218396463e-08  8.305070516090339e-09  3.038113306257780e-11  2.043533113263885e-08  7.496266811191162e-11 
 3.715352290971660e+05  2.588447513648772e-08  6.657634069158208e-09  2.202260242992116e-08  8.075422453780956e-11  4.399389835036086e-09  1.287050438559741e-08  8.209902502802341e-09  3.003299530102254e-11  2.043508058904709e-08  7.496175007263184e-11 
 3.801893963205545e+05  2.585448899249264e-08  6.650006834010048e-09  2.198745861911698e-08  8.062596646681809e-11  4.399333356550722e-09  1.287033915664281e-08  8.115820335363814e-09  2.968882972827219e-11  2.043481824757628e-08  7.496078880370816e-11 
 3.890451449942738e+05  2.582513009799846e-08  6.642544754801910e-09  2.195304247603314e-08  8.050036470690431e-11  4.399274218647647e-09  1.287016614750776e-08  8.022811460358049e-09  2.934859042252617e-11  2.043454355316171e-08  7.495978227126470e-11 
 3.981071705534903e+05  2.579638450485221e-08  6.635244425672996e-09  2.191933873262294e-08  8.037736347522066e-11  4.399212296217115e-09  1.286998499218114e-08  7.930863463741599e-09  2.901223197185327e-11  2.043425592467103e-08  7.495872834593122e-11 
 4.073802778041056e+05  2.576823847816057e-08  6.628102504055210e-09  2.188633234419129e-08  8.025690780591021e-11  4.399147458274793e-09  1.286979530746565e-08  7.839964069099225e-09  2.867970946779613e-11  2.043395475368454e-08  7.495762479834307e-11 
 4.168693834703281e+05  2.574067849125191e-08  6.621115709772559e-09  2.185400848534825e-08  8.013894353525224e-11  4.399079567686998e-09  1.286959669217390e-08  7.750101135913753e-09  2.835097849904530e-11  2.043363940321894e-08  7.495646929447129e-11 
 4.265795188015852e+05  2.571369122057492e-08  6.614280824142529e-09  2.182235254587794e-08  8.002341728650990e-11  4.399008480883153e-09  1.286938872628726e-08  7.661262657850490e-09  2.802599514516992e-11  2.043330920639169e-08  7.495525939074458e-11 
 4.365158322401583e+05  2.568726354053242e-08  6.607594689079937e-09  2.179135012652277e-08  7.991027645441269e-11  4.398934047554959e-09  1.286917097007576e-08  7.573436761055923e-09  2.770471597038057e-11  2.043296346502364e-08  7.495399252889203e-11 
 4.466835921509552e+05  2.566138251824862e-08  6.601054206203700e-09  2.176098703468203e-08  7.979946918941561e-11  4.398856110341578e-09  1.286894296317706e-08  7.486611702470265e-09  2.738709801737402e-11  2.043260144817675e-08  7.495266603063056e-11 
 4.570881896148669e+05  2.563603540826818e-08  6.594656335946947e-09  2.173124928002465e-08  7.969094438155758e-11  4.398774504500284e-09  1.286870422363298e-08  7.400775868153645e-09  2.707309880119694e-11  2.043222239062424e-08  7.495127709202248e-11 
 4.677351412871899e+05  2.561120964718472e-08  6.588398096670891e-09  2.170212307001500e-08  7.958465164407407e-11  4.398689057561861e-09  1.286845424688135e-08  7.315917771625488e-09  2.676267630318270e-11  2.043182549124996e-08  7.494982277764027e-11 
 4.786300923226299e+05  2.558689284819681e-08  6.582276563782891e-09  2.167359480535066e-08  7.948054129662376e-11  4.398599588970084e-09  1.286819250470124e-08  7.232026052216822e-09  2.645578896491281e-11  2.043140991137372e-08  7.494830001439868e-11 
 4.897788193684375e+05  2.556307279558864e-08  6.576288868859027e-09  2.164565107531124e-08  7.937856434824394e-11  4.398505909704561e-09  1.286791844410967e-08  7.149089473435158e-09  2.615239568224282e-11  2.043097477299948e-08  7.494670558515372e-11 
 5.011872336272634e+05  2.553973743913271e-08  6.570432198771610e-09  2.161827865301641e-08  7.927867247997254e-11  4.398407821886164e-09  1.286763148620725e-08  7.067096921341574e-09  2.585245579937136e-11  2.043051915698251e-08  7.494503612200281e-11 
 5.128613839913558e+05  2.551687488841152e-08  6.564703794821954e-09  2.159146449059207e-08  7.918081802707279e-11  4.398305118364318e-09  1.286733102497076e-08  6.986037402939740e-09  2.555592910293269e-11  2.043004210111241e-08  7.494328809921735e-11 
 5.248074602497633e+05  2.549447340705498e-08  6.559100951878708e-09  2.156519571424225e-08  7.908495396101921e-11  4.398197582285247e-09  1.286701642599008e-08  6.905900044576438e-09  2.526277581616554e-11  2.042954259810756e-08  7.494145782595031e-11 
 5.370317963702432e+05  2.547252140689000e-08  6.553621017522126e-09  2.153945961922526e-08  7.899103387100626e-11  4.398084986640422e-09  1.286668702514715e-08  6.826674090353373e-09  2.497295659308168e-11  2.042901959351779e-08  7.493954143848570e-11 
 5.495408738576148e+05  2.545100744199843e-08  6.548261391194494e-09  2.151424366473138e-08  7.889901194523677e-11  4.397967093794247e-09  1.286634212723422e-08  6.748348900549786e-09  2.468643251271893e-11  2.042847198353031e-08  7.493753489226603e-11 
 5.623413251903391e+05  2.542992020267935e-08  6.543019523357074e-09  2.148953546865999e-08  7.880884295172376e-11  4.397843654990102e-09  1.286598100450875e-08  6.670913950055671e-09  2.440316507339439e-11  2.042789861267546e-08  7.493543395343835e-11 
 5.754399373371467e+05  2.540924850931140e-08  6.537892914653770e-09  2.146532280229310e-08  7.872048221877824e-11  4.397714409833761e-09  1.286560289518215e-08  6.594358826815159e-09  2.412311618701563e-11  2.042729827142712e-08  7.493323419007567e-11 
 5.888436553555785e+05  2.538898130611031e-08  6.532879115081784e-09  2.144159358486258e-08  7.863388561510389e-11  4.397579085753193e-09  1.286520700183941e-08  6.518673230279767e-09  2.384624817342606e-11  2.042666969369345e-08  7.493093096299162e-11 
 6.025595860743470e+05  2.536910765477699e-08  6.527975723169503e-09  2.141833587800765e-08  7.854900952947324e-11  4.397437397433685e-09  1.286479248978655e-08  6.443846969871175e-09  2.357252375477976e-11  2.042601155419314e-08  7.492851941611832e-11 
 6.165950018614712e+05  2.534961672803082e-08  6.523180385161825e-09  2.139553788011934e-08  7.846581085000063e-11  4.397289046227227e-09  1.286435848532277e-08  6.369869963453179e-09  2.330190604995271e-11  2.042532246571199e-08  7.492599446645505e-11 
 6.309573444801820e+05  2.533049780302265e-08  6.518490794213157e-09  2.137318792056818e-08  7.838424694298284e-11  4.397133719535007e-09  1.286390407393390e-08  6.296732235812508e-09  2.303435856898502e-11  2.042460097623455e-08  7.492335079355394e-11 
 6.456542290346441e+05  2.531174025462165e-08  6.513904689588207e-09  2.135127445381090e-08  7.830427563131541e-11  4.396971090161840e-09  1.286342829840378e-08  6.224423917148109e-09  2.276984520755913e-11  2.042384556594553e-08  7.492058282854461e-11 
 6.606934480075843e+05  2.529333354857003e-08  6.509419855870847e-09  2.132978605337223e-08  7.822585517242059e-11  4.396800815641323e-09  1.286293015684000e-08  6.152935241568643e-09  2.250833024149883e-11  2.042305464409512e-08  7.491768474263036e-11 
 6.760829753919698e+05  2.527526723449893e-08  6.505034122181095e-09  2.130871140569690e-08  7.814894423574746e-11  4.396622537530438e-09  1.286240860061025e-08  6.082256545597790e-09  2.224977832131036e-11  2.042222654572243e-08  7.491465043510858e-11 
 6.918309709189242e+05  2.525753093879895e-08  6.500745361400483e-09  2.128803930386721e-08  7.807350187972126e-11  4.396435880672259e-09  1.286186253218534e-08  6.012378266687061e-09  2.199415446673385e-11  2.042135952823083e-08  7.491147352079178e-11 
 7.079457843841253e+05  2.524011435733804e-08  6.496551489405859e-09  2.126775864118100e-08  7.799948752823896e-11  4.396240452425456e-09  1.286129080288507e-08  5.943290941735793e-09  2.174142406133742e-11  2.042045176780892e-08  7.490814731691742e-11 
 7.244359600749771e+05  2.522300724801938e-08  6.492450464311779e-09  2.124785840458453e-08  7.792686094659761e-11  4.396035841859084e-09  1.286069221052265e-08  5.874985205617967e-09  2.149155284712567e-11  2.041950135569043e-08  7.490466482943212e-11 
 7.413102413009043e+05  2.520619942317134e-08  6.488440285721624e-09  2.122832766795450e-08  7.785558221688480e-11  4.395821618911253e-09  1.286006549694327e-08  5.807451789715557e-09  2.124450691917606e-11  2.041850629424621e-08  7.490101873867397e-11 
 7.585775750291703e+05  2.518968074176163e-08  6.484518993987511e-09  2.120915558522337e-08  7.778561171279449e-11  4.395597333510114e-09  1.285940934545264e-08  5.740681520458073e-09  2.100025272029771e-11  2.041746449290124e-08  7.489720138441262e-11 
 7.762471166286779e+05  2.517344110142677e-08  6.480684669479111e-09  2.119033138334133e-08  7.771691007384306e-11  4.395362514655575e-09  1.285872237813041e-08  5.674665317867976e-09  2.075875703571091e-11  2.041637376386920e-08  7.489320475021838e-11 
 7.943282347242674e+05  2.515747043030833e-08  6.476935431861435e-09  2.117184435506846e-08  7.764943817898509e-11  4.395116669460104e-09  1.285800315302412e-08  5.609394194111666e-09  2.051998698775280e-11  2.041523181769706e-08  7.488902044715557e-11 
 8.128305161640848e+05  2.514175867868658e-08  6.473269439381684e-09  2.115368385159003e-08  7.758315711951696e-11  4.394859282146925e-09  1.285725016121835e-08  5.544859252055743e-09  2.028391003058497e-11  2.041403625861169e-08  7.488463969668806e-11 
 8.317637711026561e+05  2.512629581040198e-08  6.469684888165193e-09  2.113583927494754e-08  7.751802817139590e-11  4.394589813003833e-09  1.285646182377409e-08  5.481051683828217e-09  2.005049394494324e-11  2.041278457966033e-08  7.488005331291588e-11 
 8.511380382023612e+05  2.511107179405452e-08  6.466180011520551e-09  2.111830007027787e-08  7.745401276680384e-11  4.394307697290801e-09  1.285563648853293e-08  5.417962769384391e-09  1.981970683289020e-11  2.041147415763650e-08  7.487525168397431e-11 
 8.709635899560649e+05  2.509607659397064e-08  6.462753079253915e-09  2.110105571785273e-08  7.739107246496471e-11  4.394012344099521e-09  1.285477242678063e-08  5.355583875077165e-09  1.959151711258037e-11  2.041010224778256e-08  7.487022475260035e-11 
 8.912509381337294e+05  2.508130016092693e-08  6.459402396992558e-09  2.108409572490975e-08  7.732916892226403e-11  4.393703135162900e-09  1.285386782976428e-08  5.293906452231424e-09  1.936589351305674e-11  2.040866597825983e-08  7.486496199590963e-11 
 9.120108393558932e+05  2.506673242261965e-08  6.456126305517675e-09  2.106740961726700e-08  7.726826386150083e-11  4.393379423612552e-09  1.285292080505729e-08  5.232922035722329e-09  1.914280506904272e-11  2.040716234437718e-08  7.485945240421644e-11 
 9.332543007969741e+05  2.505236327386841e-08  6.452923180106474e-09  2.105098693071150e-08  7.720831904035332e-11  4.393040532682157e-09  1.285192937276607e-08  5.172622242557187e-09  1.892222111575770e-11  2.040558820256816e-08  7.485368445897210e-11 
 9.549925860214186e+05  2.503818256654251e-08  6.449791429883549e-09  2.103481720215285e-08  7.714929621898382e-11  4.392685754354630e-09  1.285089146157226e-08  5.112998770460750e-09  1.870411128374493e-11  2.040394026410713e-08  7.484764610974614e-11 
 9.772372209557928e+05  2.502418009919729e-08  6.446729497181524e-09  2.101888996053202e-08  7.709115712674486e-11  4.392314347950844e-09  1.284980490460406e-08  5.054043396463644e-09  1.848844549371030e-11  2.040221508855389e-08  7.484132475021115e-11 
 9.999999999999817e+05  2.501034560640841e-08  6.443735856910995e-09  2.100319471747554e-08  7.703386342794062e-11  4.391925538657711e-09  1.284866743513005e-08  4.995747975493800e-09  1.827519395136913e-11  2.040040907691662e-08  7.483470719308286e-11 
 1.023292992280735e+06  2.499666874779074e-08  6.440809015939730e-09  2.098772095768480e-08  7.697737668663682e-11  4.391518515993277e-09  1.284747668206886e-08  4.938104438970679e-09  1.806432714230769e-11  2.039851846452237e-08  7.482777964400696e-11 
 1.047128548050880e+06  2.498313909668894e-08  6.437947512481126e-09  2.097245812904982e-08  7.692165833043686e-11  4.391092432206492e-09  1.284623016530758e-08  4.881104793402135e-09  1.785581582684854e-11  2.039653931358392e-08  7.482052767430962e-11 
 1.071519305237587e+06  2.496974612852588e-08  6.435149915491876e-09  2.095739563247668e-08  7.686666961322890e-11  4.390646400609218e-09  1.284492529082207e-08  4.824741118983802e-09  1.764963103492987e-11  2.039446750545205e-08  7.481293619261396e-11 
 1.096478196143165e+06  2.495647920879504e-08  6.432414824078850e-09  2.094252281141745e-08  7.681237157684854e-11  4.390179493837986e-09  1.284355934559170e-08  4.769005568200889e-09  1.744574406099482e-11  2.039229873254139e-08  7.480498941526638e-11 
 1.122018454301943e+06  2.494332758068288e-08  6.429740866915110e-09  2.092782894109126e-08  7.675872501158506e-11  4.389690742043024e-09  1.284212949230129e-08  4.713890364432317e-09  1.724412645888361e-11  2.039002848991853e-08  7.479667083550018e-11 
 1.148153621496861e+06  2.493028035230643e-08  6.427126701665058e-09  2.091330321738477e-08  7.670569041554197e-11  4.389179131001928e-09  1.284063276382262e-08  4.659387800557178e-09  1.704475003674079e-11  2.038765206654005e-08  7.478796319134511e-11 
 1.174897554939508e+06  2.491732648355149e-08  6.424571014418644e-09  2.089893474542013e-08  7.665322795275786e-11  4.388643600155416e-09  1.283906605746800e-08  4.605490237563481e-09  1.684758685192587e-11  2.038516453612863e-08  7.477884843218886e-11 
 1.202264434617390e+06  2.490445477249647e-08  6.422072519134604e-09  2.088471252777852e-08  7.660129741008023e-11  4.388083040562461e-09  1.283742612900796e-08  4.552190103159249e-09  1.665260920593601e-11  2.038256074767467e-08  7.476930768398180e-11 
 1.230268770812358e+06  2.489165384140672e-08  6.419629957092644e-09  2.087062545236674e-08  7.654985815270759e-11  4.387496292772177e-09  1.283570958644542e-08  4.499479890386058e-09  1.645978963933224e-11  2.037983531555125e-08  7.475932121300048e-11 
 1.258925411794143e+06  2.487891212228400e-08  6.417242096354559e-09  2.085666227991467e-08  7.649886907842023e-11  4.386882144609704e-09  1.283391288353822e-08  4.447352156235123e-09  1.626910092668415e-11  2.037698260922962e-08  7.474886838818796e-11 
 1.288249551693110e+06  2.486621784195567e-08  6.414907731234158e-09  2.084281163109094e-08  7.644828857038354e-11  4.386239328873386e-09  1.283203231306224e-08  4.395799520266133e-09  1.608051607151812e-11  2.037399674258264e-08  7.473792764195620e-11 
 1.318256738556382e+06  2.485355900668830e-08  6.412625681775993e-09  2.082906197322436e-08  7.639807444849670e-11  4.385566520940545e-09  1.283006399980694e-08  4.344814663229090e-09  1.589400830127469e-11  2.037087156276360e-08  7.472647642942263e-11 
 1.348962882591628e+06  2.484092338630998e-08  6.410394793242778e-09  2.081540160661839e-08  7.634818391928717e-11  4.384862336279045e-09  1.282800389329549e-08  4.294390325689440e-09  1.570955106228556e-11  2.036760063864756e-08  7.471449118607943e-11 
 1.380384264602859e+06  2.482829849782613e-08  6.408213935611449e-09  2.080181865044628e-08  7.629857352423079e-11  4.384125327862029e-09  1.282584776022144e-08  4.244519306656865e-09  1.552711801475615e-11  2.036417724882279e-08  7.470194728377760e-11 
 1.412537544622727e+06  2.481567158851353e-08  6.406082003077770e-09  2.078830102821426e-08  7.624919908653866e-11  4.383353983483062e-09  1.282359117659423e-08  4.195194462218224e-09  1.534668302777342e-11  2.036059436911967e-08  7.468881898506401e-11 
 1.445439770745900e+06  2.480302961847750e-08  6.403997913569435e-09  2.077483645278077e-08  7.620001565623942e-11  4.382546722969082e-09  1.282122951958549e-08  4.146408704175118e-09  1.516822017431475e-11  2.035684465966495e-08  7.467507939570365e-11 
 1.479108388168179e+06  2.479035924265752e-08  6.401960608267542e-09  2.076141241091939e-08  7.615097745368290e-11  4.381701895288562e-09  1.281875795906901e-08  4.098154998686756e-09  1.499170372629503e-11  2.035292045144914e-08  7.466070041550852e-11 
 1.513561248436179e+06  2.477764679226719e-08  6.399969051136411e-09  2.074801614741424e-08  7.610203781123724e-11  4.380817775552373e-09  1.281617144884664e-08  4.050426364918795e-09  1.481710814961699e-11  2.034881373239563e-08  7.464565268724989e-11 
 1.548816618912452e+06  2.476487825565440e-08  6.398022228461590e-09  2.073463464867614e-08  7.605314911334444e-11  4.379892561904917e-09  1.281346471755329e-08  4.003215873698972e-09  1.464440809926882e-11  2.034451613292009e-08  7.462990554381450e-11 
 1.584893192461083e+06  2.475203925856914e-08  6.396119148396046e-09  2.072125462586925e-08  7.600426273464347e-11  4.378924372303300e-09  1.281063225923429e-08  3.956516646180499e-09  1.447357841442296e-11  2.034001891096969e-08  7.461342695331896e-11 
 1.621810097358899e+06  2.473911504382624e-08  6.394258840514366e-09  2.070786249753800e-08  7.595532897637363e-11  4.377911241182313e-09  1.280766832358875e-08  3.910321852514219e-09  1.430459411358879e-11  2.033531293653212e-08  7.459618346239052e-11 
 1.659586907437529e+06  2.472609045035194e-08  6.392440355374946e-09  2.069444437172492e-08  7.590629700090866e-11  4.376851116003308e-09  1.280456690587324e-08  3.864624710530716e-09  1.413743038980048e-11  2.033038867560511e-08  7.457814013746723e-11 
 1.698243652461712e+06  2.471294989160412e-08  6.390662764090038e-09  2.068098602757145e-08  7.585711476426483e-11  4.375741853685204e-09  1.280132173646057e-08  3.819418484433735e-09  1.397206260582147e-11  2.032523617361853e-08  7.455926050396322e-11 
 1.737800828749342e+06  2.469967733335719e-08  6.388925157903551e-09  2.066747289639405e-08  7.580772894689386e-11  4.374581216916018e-09  1.279792627004915e-08  3.774696483506311e-09  1.380846628943445e-11  2.031984503830154e-08  7.453950648360425e-11 
 1.778279410038889e+06  2.468625627084451e-08  6.387226647776581e-09  2.065389004223008e-08  7.575808488236927e-11  4.373366870343746e-09  1.279437367451934e-08  3.730452060831303e-09  1.364661712875310e-11  2.031420442198932e-08  7.451883832954919e-11 
 1.819700858609949e+06  2.467266970525252e-08  6.385566363980469e-09  2.064022214184869e-08  7.570812648416588e-11  4.372096376645617e-09  1.279065681943392e-08  3.686678612028101e-09  1.348649096760310e-11  2.030830300336479e-08  7.449721455949356e-11 
 1.862087136662832e+06  2.465890011956326e-08  6.383943455697371e-09  2.062645346422386e-08  7.565779617048324e-11  4.370767192475095e-09  1.278676826418101e-08  3.643369574007493e-09  1.332806380097211e-11  2.030212896863255e-08  7.447459188670727e-11 
 1.905460717963211e+06  2.464492945374370e-08  6.382357090628224e-09  2.061256784946885e-08  7.560703478711133e-11  4.369376664286511e-09  1.278270024575894e-08  3.600518423746886e-09  1.317131177053676e-11  2.029566999212434e-08  7.445092514900525e-11 
 1.949844599758008e+06  2.463073907928340e-08  6.380806454607986e-09  2.059854868723306e-08  7.555578152824723e-11  4.367922024037570e-09  1.277844466620382e-08  3.558118677088290e-09  1.301621116025878e-11  2.028891321633730e-08  7.442616723556157e-11 
 1.995262314968841e+06  2.461630977308450e-08  6.379290751228085e-09  2.058437889456482e-08  7.550397385545358e-11  4.366400384770524e-09  1.277399307966221e-08  3.516163887561670e-09  1.286273839209126e-11  2.028184523140862e-08  7.440026901175586e-11 
 2.041737944669490e+06  2.460162169071132e-08  6.377809201465934e-09  2.057004089324645e-08  7.545154741462856e-11  4.364808736073409e-09  1.276933667911284e-08  3.474647645236531e-09  1.271087002177827e-11  2.027445205403301e-08  7.437317924192432e-11 
 2.089296130853999e+06  2.458665433901073e-08  6.376361043321479e-09  2.055551658661084e-08  7.539843595107684e-11  4.363143939423334e-09  1.276446628274333e-08  3.433563575604866e-09  1.256058273476935e-11  2.026671910583242e-08  7.434484451010474e-11 
 2.137962089502191e+06  2.457138654811820e-08  6.374945531460609e-09  2.054078733585200e-08  7.534457122277153e-11  4.361402723414589e-09  1.275937231998993e-08  3.392905338498863e-09  1.241185334226852e-11  2.025863119119068e-08  7.431520913886544e-11 
 2.187761623949510e+06  2.455579644286884e-08  6.373561936865369e-09  2.052583393584590e-08  7.528988291174347e-11  4.359581678875075e-09  1.275404481725051e-08  3.352666627047020e-09  1.226465877741038e-11  2.025017247456940e-08  7.428421510615652e-11 
 2.238721138568296e+06  2.453986141363785e-08  6.372209546490883e-09  2.051063659050192e-08  7.523429853384016e-11  4.357677253875482e-09  1.274847338328382e-08  3.312841166672684e-09  1.211897609160627e-11  2.024132645732574e-08  7.425180196042422e-11 
 2.290867652767729e+06  2.452355808664009e-08  6.370887662928850e-09  2.049517488766968e-08  7.517774334681069e-11  4.355685748636577e-09  1.274264719431069e-08  3.273422714139286e-09  1.197478245105319e-11  2.023207595405679e-08  7.421790673394722e-11 
 2.344228815319877e+06  2.450686229372446e-08  6.369595604077560e-09  2.047942777363119e-08  7.512014025685259e-11  4.353603310341074e-09  1.273655497883599e-08  3.234405056646947e-09  1.183205513342769e-11  2.022240306850087e-08  7.418246385453055e-11 
 2.398832919019444e+06  2.448974904170510e-08  6.368332702818280e-09  2.046337352721319e-08  7.506140972382229e-11  4.351425927857636e-09  1.273018500221362e-08  3.195782010985400e-09  1.169077152479413e-11  2.021228916903060e-08  7.414540505575910e-11 
 2.454708915684983e+06  2.447219248127896e-08  6.367098306697964e-09  2.044698973356103e-08  7.500146966518053e-11  4.349149426385946e-09  1.272352505098061e-08  3.157547422748639e-09  1.155090911673432e-11  2.020171486377935e-08  7.410665928588293e-11 
 2.511886431509531e+06  2.445416587558660e-08  6.365891777618147e-09  2.043025325762164e-08  7.494023535885332e-11  4.346769462033095e-09  1.271656241699012e-08  3.119695165617021e-09  1.141244550372074e-11  2.019065997544868e-08  7.406615261551618e-11 
 2.570395782768813e+06  2.443564156848171e-08  6.364712491529949e-09  2.041314021738992e-08  7.487761934526031e-11  4.344281516333045e-09  1.270928388137812e-08  3.082219140712975e-09  1.127535838076384e-11  2.017910351585135e-08  7.402380814440067e-11 
 2.630267991895330e+06  2.441659095258413e-08  6.363559838135075e-09  2.039562595698108e-08  7.481353132870096e-11  4.341680890722645e-09  1.270167569840281e-08  3.045113276036917e-09  1.113962554135155e-11  2.016702366025250e-08  7.397954590742626e-11 
 2.691534803926863e+06  2.439698443720074e-08  6.362433220592737e-09  2.037768501959905e-08  7.474787807835157e-11  4.338962700989323e-09  1.269372357920125e-08  3.008371525990342e-09  1.100522487570581e-11  2.015439772157932e-08  7.393328278016105e-11 
 2.754228703338112e+06  2.437679141620965e-08  6.361332055232364e-09  2.035929112048051e-08  7.468056332917008e-11  4.336121871707640e-09  1.268541267551337e-08  2.971987870993597e-09  1.087213436938453e-11  2.014120212457895e-08  7.388493238418933e-11 
 2.818382931264398e+06  2.435598023601422e-08  6.360255771272045e-09  2.034041711990335e-08  7.461148768308620e-11  4.333153130683815e-09  1.267672756342933e-08  2.935956317206183e-09  1.074033210226523e-11  2.012741238001334e-08  7.383440499263453e-11 
 2.884031503126549e+06  2.433451816368620e-08  6.359203810542598e-09  2.032103499635870e-08  7.454054851072398e-11  4.330051003429640e-09  1.266765222722286e-08  2.900270896358048e-09  1.060979624792404e-11  2.011300305899080e-08  7.378160743611603e-11 
 2.951209226666328e+06  2.431237135543021e-08  6.358175627217123e-09  2.030111581999690e-08  7.446763985418685e-11  4.326809807689551e-09  1.265817004334004e-08  2.864925665700664e-09  1.048050507346085e-11  2.009794776754427e-08  7.372644300966947e-11 
 3.019951720401957e+06  2.428950482551609e-08  6.357170687546049e-09  2.028062972646914e-08  7.439265233127287e-11  4.323423648047105e-09  1.264826376462050e-08  2.829914708087253e-09  1.035243693979311e-11  2.008221912157854e-08  7.366881138099926e-11 
 3.090295432513529e+06  2.426588241584042e-08  6.356188469597467e-09  2.025954589129931e-08  7.431547304166282e-11  4.319886410639866e-09  1.263791550483569e-08  2.795232132191983e-09  1.022557030246134e-11  2.006578872232099e-08  7.360860850060634e-11 
 3.162277660168317e+06  2.424146676629502e-08  6.355228463002736e-09  2.023783250493398e-08  7.423598547553302e-11  4.316191758014555e-09  1.262710672363750e-08  2.760872072878439e-09  1.009988371297133e-11  2.004862713242386e-08  7.354572651424422e-11 
 3.235936569296218e+06  2.421621928613619e-08  6.354290168707243e-09  2.021545674863183e-08  7.415406942533639e-11  4.312333124157281e-09  1.261581821201914e-08  2.726828691728101e-09  9.975355820733584e-12  2.003070385287978e-08  7.348005367844640e-11 
 3.311311214825845e+06  2.419010012656723e-08  6.353373098726214e-09  2.019238477136957e-08  7.406960090124873e-11  4.308303709736930e-09  1.260403007839952e-08  2.693096177740116e-09  9.851965375619862e-12  2.001198730092739e-08  7.341147427962372e-11 
 3.388441561391958e+06  2.416306815476472e-08  6.352476775905521e-09  2.016858166795604e-08  7.398245205106860e-11  4.304096477603104e-09  1.259172173545244e-08  2.659668748213975e-09  9.729691231191395e-12  1.999244478913938e-08  7.333986855752020e-11 
 3.467368504525247e+06  2.413508092959875e-08  6.351600733687365e-09  2.014401145856305e-08  7.389249108534427e-11  4.299704148583470e-09  1.257887188781161e-08  2.626540649827206e-09  9.608512348643922e-12  1.997204250590121e-08  7.326511263380164e-11 
 3.548133892335684e+06  2.410609467931791e-08  6.350744515880759e-09  2.011863706989805e-08  7.379958220846555e-11  4.295119197629078e-09  1.256545852079371e-08  2.593706159920547e-09  9.488407801503478e-12  1.995074549750626e-08  7.318707844651562e-11 
 3.630780547700941e+06  2.407606428149026e-08  6.349907676436731e-09  2.009242031826135e-08  7.370358555670255e-11  4.290333850359944e-09  1.255145889029244e-08  2.561159588003379e-09  9.369356781132098e-12  1.992851765211000e-08  7.310563369140595e-11 
 3.715352290971651e+06  2.404494324551378e-08  6.349089779228158e-09  2.006532189474873e-08  7.360435714412111e-11  4.285340080067041e-09  1.253684951400775e-08  2.528895277492526e-09  9.251338603087545e-12  1.990532168580450e-08  7.302064177101126e-11 
 3.801893963205536e+06  2.401268369803176e-08  6.348290397834124e-09  2.003730135287856e-08  7.350174881738862e-11  4.280129605230963e-09  1.252160616418667e-08  2.496907607697715e-09  9.134332714384455e-12  1.988111913109245e-08  7.293196175256371e-11 
 3.890451449942728e+06  2.397923637161119e-08  6.347509115328783e-09  2.000831709894169e-08  7.339560822050866e-11  4.274693887621404e-09  1.250570386206329e-08  2.465190996067192e-09  9.018318701699438e-12  1.985587032805944e-08  7.283944833572654e-11 
 3.981071705534893e+06  2.394455059706501e-08  6.346745524074535e-09  1.997832638539094e-08  7.328577877081145e-11  4.269024131045830e-09  1.248911687419798e-08  2.433739900706972e-09  8.903276300590112e-12  1.982953441856149e-08  7.274295183149821e-11 
 4.073802778041046e+06  2.390857429982232e-08  6.345999225519567e-09  1.994728530760661e-08  7.317209964723748e-11  4.263111280819768e-09  1.247181871092769e-08  2.402548823187267e-09  8.789185405752936e-12  1.980206934376456e-08  7.264231815332266e-11 
 4.168693834703270e+06  2.387125400077286e-08  6.345269829999572e-09  1.991514880439278e-08  7.305440579230502e-11  4.256946024035236e-09  1.245378212715126e-08  2.371612311649406e-09  8.676026082380048e-12  1.977343184539143e-08  7.253738882179750e-11 
 4.265795188015841e+06  2.383253482203477e-08  6.344556956543617e-09  1.988187066257808e-08  7.293252792920332e-11  4.250518790707816e-09  1.243497912568521e-08  2.340924964226300e-09  8.563778578671288e-12  1.974357747104979e-08  7.242800098442254e-11 
 4.365158322401572e+06  2.379236049811596e-08  6.343860232684066e-09  1.984740352611248e-08  7.280629259527406e-11  4.243819755886744e-09  1.241538096343687e-08  2.310481432789124e-09  8.452423339526861e-12  1.971246058403361e-08  7.231398745165476e-11 
 4.466835921509542e+06  2.375067339295977e-08  6.343179294270501e-09  1.981169891006834e-08  7.267552219355038e-11  4.236838842816076e-09  1.239495816065238e-08  2.280276427032193e-09  8.341941021485284e-12  1.968003437800667e-08  7.219517675093881e-11 
 4.570881896148658e+06  2.370741452338499e-08  6.342513785287531e-09  1.977470721997015e-08  7.254003506381710e-11  4.229565727238379e-09  1.237368051350728e-08  2.250304718907351e-09  8.232312508936661e-12  1.964625089699312e-08  7.207139320018047e-11 
 4.677351412871888e+06  2.366252358944693e-08  6.341863357676446e-09  1.973637777689138e-08  7.239964557477750e-11  4.221989842935486e-09  1.235151711031607e-08  2.220561147418109e-09  8.123518931646567e-12  1.961106106111418e-08  7.194245700224992e-11 
 4.786300923226287e+06  2.361593901226118e-08  6.341227671160641e-09  1.969665884876914e-08  7.225416423906866e-11  4.214100388603490e-09  1.232843635164517e-08  2.191040623782629e-09  8.015541683633994e-12  1.957441469852240e-08  7.180818436225939e-11 
 4.897788193684363e+06  2.356759797984382e-08  6.340606393074701e-09  1.965549768839723e-08  7.210339785274121e-11  4.205886336161310e-09  1.230440597461978e-08  2.161738136973174e-09  7.908362443422840e-12  1.953626058399469e-08  7.166838762923402e-11 
 5.011872336272622e+06  2.351743650152969e-08  6.339999198197113e-09  1.961284057856524e-08  7.194714966095244e-11  4.197336440593669e-09  1.227939308171971e-08  2.132648759637950e-09  7.801963195692563e-12  1.949654648465287e-08  7.152287546392794e-11 
 5.128613839913545e+06  2.346538947153549e-08  6.339405768586542e-09  1.956863288481478e-08  7.178521955157382e-11  4.188439251430136e-09  1.225336417436156e-08  2.103767654409284e-09  7.696326254339461e-12  1.945521921328351e-08  7.137145303449007e-11 
 5.248074602497620e+06  2.341139074223360e-08  6.338825793421546e-09  1.952281911628412e-08  7.161740427844087e-11  4.179183125961876e-09  1.222628519156461e-08  2.075090080599790e-09  7.591434286954834e-12  1.941222468972954e-08  7.121392224171118e-11 
 5.370317963702418e+06  2.335537320769721e-08  6.338258968843743e-09  1.947534299510726e-08  7.144349771600231e-11  4.169556244296697e-09  1.219812155399461e-08  2.046611401285573e-09  7.487270340721707e-12  1.936750801082063e-08  7.105008197561336e-11 
 5.495408738576134e+06  2.329726889806597e-08  6.337704997804264e-09  1.942614753482433e-08  7.126329114699413e-11  4.159546626351019e-09  1.216883821367420e-08  2.018327090772619e-09  7.383817869710622e-12  1.932101352930054e-08  7.087972840501150e-11 
 5.623413251903377e+06  2.323700908526225e-08  6.337163589913542e-09  1.937517512824442e-08  7.107657358475009e-11  4.149142150873992e-09  1.213839970963830e-08  1.990232742439228e-09  7.281060763547947e-12  1.927268494219381e-08  7.070265530166399e-11 
 5.754399373371452e+06  2.317452440056306e-08  6.336634461294260e-09  1.932236764518063e-08  7.088313213171956e-11  4.138330576594460e-09  1.210677022980002e-08  1.962324076943746e-09  7.178983377420834e-12  1.922246538903296e-08  7.051865440058772e-11 
 5.888436553555770e+06  2.310974496449781e-08  6.336117334437476e-09  1.926766654044837e-08  7.068275237562692e-11  4.127099565575279e-09  1.207391367927415e-08  1.934596950782881e-09  7.077570563364944e-12  1.917029756033889e-08  7.032751579797757e-11 
 6.025595860743455e+06  2.304260052949931e-08  6.335611938061815e-09  1.921101297248230e-08  7.047521882452556e-11  4.115436708851842e-09  1.203979375538323e-08  1.907047365181579e-09  6.976807702760426e-12  1.911612381671130e-08  7.012902838798969e-11 
 6.165950018614695e+06  2.297302063568242e-08  6.335118006975687e-09  1.915234793288303e-08  7.026031538195766e-11  4.103329554422177e-09  1.200437402954312e-08  1.879671475290753e-09  6.876680739956653e-12  1.905988631884217e-08  6.992298033960556e-11 
 6.309573444801803e+06  2.290093478006173e-08  6.334635281942470e-09  1.909161238715216e-08  7.003782586312178e-11  4.090765637644673e-09  1.196761803619221e-08  1.852465599664191e-09  6.777176216916119e-12  1.900152716871259e-08  6.970915961448564e-11 
 6.456542290346422e+06  2.282627259944537e-08  6.334163509548586e-09  1.902874742681267e-08  6.980753455273904e-11  4.077732514086260e-09  1.192948936888935e-08  1.825426229980622e-09  6.678281308750365e-12  1.894098856217195e-08  6.948735452651116e-11 
 6.606934480075824e+06  2.274896406715659e-08  6.333702442074429e-09  1.896369443304000e-08  6.956922680519326e-11  4.064217794848511e-09  1.188995178366119e-08  1.798550040971362e-09  6.579983860014297e-12  1.887821295302694e-08  6.925735434359568e-11 
 6.760829753919679e+06  2.266893970363767e-08  6.333251837368065e-09  1.889639525184892e-08  6.932268968693573e-11  4.050209184381750e-09  1.184896930962801e-08  1.771833900508094e-09  6.482272421576127e-12  1.881314322868745e-08  6.901894993176626e-11 
 6.918309709189222e+06  2.258613080088087e-08  6.332811458721676e-09  1.882679238078919e-08  6.906771266121455e-11  4.035694520777624e-09  1.180650636688056e-08  1.745274879799307e-09  6.385136287896774e-12  1.874572289732469e-08  6.877193444158076e-11 
 7.079457843841233e+06  2.250046966051032e-08  6.332381074750654e-09  1.875482916700301e-08  6.880408831427721e-11  4.020661818508901e-09  1.176252789151613e-08  1.718870263637752e-09  6.288565534478592e-12  1.867589628639677e-08  6.851610403603978e-11 
 7.244359600749752e+06  2.241188984520473e-08  6.331960459275343e-09  1.868045001638519e-08  6.853161312244472e-11  4.005099313561268e-09  1.171699946767258e-08  1.692617560634980e-09  6.192551055282443e-12  1.860360875228501e-08  6.825125865939879e-11 
 7.413102413009022e+06  2.232032644300610e-08  6.331549391205314e-09  1.860360061346682e-08  6.825008825839088e-11  3.988995510875988e-09  1.166988746632281e-08  1.666514513372816e-09  6.097084599830765e-12  1.852880690066419e-08  6.797720284522342e-11 
 7.585775750291681e+06  2.222571634390357e-08  6.331147654426167e-09  1.852422815151320e-08  6.795932043487715e-11  3.972339233994291e-09  1.162115919051037e-08  1.640559108395453e-09  6.002158809728836e-12  1.845143881709973e-08  6.769374656194696e-11 
 7.762471166286756e+06  2.212799852791515e-08  6.330755037688805e-09  1.844228157218822e-08  6.765912278358490e-11  3.955119676764549e-09  1.157078302661994e-08  1.614749585959889e-09  5.907767254304792e-12  1.837145430722662e-08  6.740070609358021e-11 
 7.943282347242650e+06  2.202711436371527e-08  6.330371334501081e-09  1.835771181399199e-08  6.734931576608197e-11  3.937326456941993e-09  1.151872860118430e-08  1.589084449456811e-09  5.813904465042142e-12  1.828880514571894e-08  6.709790495261964e-11 
 8.128305161640823e+06  2.192300791667338e-08  6.329996343021848e-09  1.827047206852638e-08  6.702972811347687e-11  3.918949671477917e-09  1.146496694263411e-08  1.563562474408788e-09  5.720565968466114e-12  1.820344533310723e-08  6.678517482171517e-11 
 8.317637711026536e+06  2.181562626498091e-08  6.329629865957275e-09  1.818051804348679e-08  6.670019779073192e-11  3.899979953261684e-09  1.140947064729772e-08  1.538182716947996e-09  5.627748317127330e-12  1.811533135934397e-08  6.646235652007707e-11 
 8.511380382023586e+06  2.170491982235270e-08  6.329271710459464e-09  1.808780823111899e-08  6.636057298099172e-11  3.880408529044475e-09  1.135221404885830e-08  1.512944521671769e-09  5.535449118309184e-12  1.802442247285830e-08  6.612930098998580e-11 
 8.709635899560623e+06  2.159084266559610e-08  6.328921688027253e-09  1.799230418072014e-08  6.601071308477236e-11  3.860227278239264e-09  1.129317339037443e-08  1.487847528771083e-09  5.443667060080272e-12  1.793068095368074e-08  6.578587029825731e-11 
 8.912509381337266e+06  2.147335286515185e-08  6.328579614409201e-09  1.789397077360470e-08  6.565048972808124e-11  3.839428792257437e-09  1.123232699787044e-08  1.462891680325031e-09  5.352401934289048e-12  1.783407238906064e-08  6.543193864673978e-11 
 9.120108393558905e+06  2.135241281652471e-08  6.328245309508700e-09  1.779277649880191e-08  6.527978777333576e-11  3.818006434009161e-09  1.116965545440611e-08  1.438077225653237e-09  5.261654656124430e-12  1.773456594984425e-08  6.506739338571542e-11 
 9.332543007969713e+06  2.122798957034619e-08  6.327918597291152e-09  1.768869372760504e-08  6.489850632593215e-11  3.795954397163102e-09  1.110514177344203e-08  1.413404725618445e-09  5.171427279827084e-12  1.763213466573498e-08  6.469213602306322e-11 
 9.549925860214157e+06  2.110005515864727e-08  6.327599305693182e-09  1.758169898495572e-08  6.450655972932355e-11  3.773267764731524e-09  1.103877157023163e-08  1.388875055773079e-09  5.081723010183891e-12  1.752675569742000e-08  6.430608322204481e-11 
 9.772372209557900e+06  2.096858691477135e-08  6.327287266533864e-09  1.747177321552413e-08  6.410387854052252e-11  3.749942566520289e-09  1.097053322989222e-08  1.364489408246702e-09  4.992546209409239e-12  1.741841060342443e-08  6.390916777963063e-11 
 9.999999999999788e+06  2.083356778422903e-08  6.326982315427874e-09  1.735890204223860e-08  6.369041047799909e-11  3.725975834960259e-09  1.090041807074094e-08  1.340249292275952e-09  4.903902399069912e-12  1.730708559944710e-08  6.350133957733816e-11 
 1.023292992280732e+07  2.069498662369308e-08  6.326684291700552e-09  1.724307601493261e-08  6.326612133329578e-11  3.701365658817885e-09  1.082842050142616e-08  1.316156533284866e-09  4.815798256706791e-12  1.719277180784517e-08  6.308256649590283e-11 
 1.047128548050877e+07  2.055283848525523e-08  6.326393038304852e-09  1.712429084671306e-08  6.283099583761986e-11  3.676111234269078e-09  1.075453817034515e-08  1.292213270431568e-09  4.728241606849645e-12  1.707546549487132e-08  6.265283528503925e-11 
 1.071519305237583e+07  2.040712488302170e-08  6.326108401740101e-09  1.700254763561707e-08  6.238503847448729e-11  3.650212912812318e-09  1.067877210581482e-08  1.268421952547041e-09  4.641241406153073e-12  1.695516829322919e-08  6.221215237936290e-11 
 1.096478196143162e+07  2.025785403911442e-08  6.325830231972557e-09  1.687785306911610e-08  6.192827422948382e-11  3.623672245495115e-09  1.060112684545715e-08  1.244785332403156e-09  4.554807722425116e-12  1.683188740750442e-08  6.176054465153207e-11 
 1.122018454301939e+07  2.010504110617288e-08  6.325558382357712e-09  1.675021960904962e-08  6.146074926825958e-11  3.596492022932851e-09  1.052161055327514e-08  1.221306459260290e-09  4.468951707365410e-12  1.670563580005141e-08  6.129806009371835e-11 
 1.148153621496858e+07  1.994870836351907e-08  6.325292709564324e-09  1.661966565462722e-08  6.098253153409333e-11  3.568676310611115e-09  1.044023512293047e-08  1.197988669659526e-09  4.383685562884481e-12  1.657643235497202e-08  6.082476841873255e-11 
 1.174897554939504e+07  1.978888538425847e-08  6.325033073500110e-09  1.648621568122980e-08  6.049371125673540e-11  3.540230478982300e-09  1.035701626579172e-08  1.174835576440533e-09  4.299022500937248e-12  1.644430201791359e-08  6.034076157250347e-11 
 1.202264434617387e+07  1.962560917074248e-08  6.324779337239082e-09  1.634990035286777e-08  5.999440136468096e-11  3.511161227894552e-09  1.027197358240180e-08  1.151851055983612e-09  4.214976696865493e-12  1.630927590954102e-08  5.984615415004805e-11 
 1.230268770812355e+07  1.945892425601472e-08  6.324531366950508e-09  1.621075660631837e-08  5.948473779356890e-11  3.481476604926339e-09  1.018513061611601e-08  1.129039233692826e-09  4.131563236307368e-12  1.617139141070047e-08  5.934108370761389e-11 
 1.258925411794140e+07  1.928888276910168e-08  6.324289031829428e-09  1.606882770516219e-08  5.896487968425996e-11  3.451186017242558e-09  1.009651488778743e-08  1.106404467756292e-09  4.048798055811483e-12  1.603069221749070e-08  5.882571096453072e-11 
 1.288249551693106e+07  1.911554446228918e-08  6.324052204028702e-09  1.592416326217359e-08  5.843500946484216e-11  3.420300236638375e-09  1.000615791052268e-08  1.083951331239523e-09  3.966697877353865e-12  1.588722836469166e-08  5.830021988900204e-11 
 1.318256738556379e+07  1.893897669884394e-08  6.323820758592598e-09  1.577681922878376e-08  5.789533281194840e-11  3.388831397493904e-09  9.914095183698362e-09  1.061684592587568e-09  3.885280137040442e-12  1.574105621626399e-08  5.776481766320212e-11 
 1.348962882591625e+07  1.875925439999334e-08  6.323594573391804e-09  1.562685785063006e-08  5.734607848775180e-11  3.356792987426174e-09  9.820366165613164e-09  1.039609194631537e-09  3.804562908343145e-12  1.559223842192762e-08  5.721973452402458e-11 
 1.380384264602855e+07  1.857645995036048e-08  6.323373529059925e-09  1.547434758852528e-08  5.678749805011332e-11  3.324199830493722e-09  9.725014224352550e-09  1.017730232214420e-09  3.724564820284262e-12  1.544084383914736e-08  5.666522347693624e-11 
 1.412537544622724e+07  1.839068306146080e-08  6.323157508931364e-09  1.531936300452050e-08  5.621986543485799e-11  3.291068062882272e-09  9.628086566656771e-09  9.960529285695604e-10  3.645304971068150e-12  1.528694742019346e-08  5.610155988189140e-11 
 1.445439770745896e+07  1.820202059329492e-08  6.322946398980589e-09  1.516198461309240e-08  5.564347641007736e-11  3.257415101076964e-09  9.529634144807997e-09  9.745826106024667e-10  3.566802837696798e-12  1.513063006430208e-08  5.552904091118298e-11 
 1.479108388168175e+07  1.801057633451280e-08  6.322740087762758e-09  1.500229869785227e-08  5.505864790412887e-11  3.223259602605291e-09  9.429711541783042e-09  9.533246832423573e-10  3.489078182191804e-12  1.497197843532714e-08  5.494798488087973e-11 
 1.513561248436175e+07  1.781646074207016e-08  6.322538466355660e-09  1.484039709454514e-08  5.446571721001304e-11  3.188621419515032e-09  9.328376835152091e-09  9.322846030437370e-10  3.412150955072815e-12  1.481108474564613e-08  5.435873045850966e-11 
 1.548816618912448e+07  1.761979064174105e-08  6.322341428302933e-09  1.467637694147602e-08  5.386504107032435e-11  3.153521544830732e-09  9.225691440436053e-09  9.114678512300123e-10  3.336041196796280e-12  1.464804650745154e-08  5.376163575116560e-11 
 1.584893192461079e+07  1.742068889128334e-08  6.322148869558566e-09  1.451034039886079e-08  5.325699464829994e-11  3.117982052309996e-09  9.121719934862348e-09  8.908799063804675e-10  3.260768937892665e-12  1.448296625291998e-08  5.315707727953751e-11 
 1.621810097358895e+07  1.721928400846857e-08  6.321960688432636e-09  1.434239433894384e-08  5.264197039173179e-11  3.082026029895137e-09  9.016529862676399e-09  8.705262169685844e-10  3.186354098563093e-12  1.431595122509638e-08  5.254544884461961e-11 
 1.659586907437524e+07  1.701570976657681e-08  6.321776785538240e-09  1.417265000904923e-08  5.202037679757252e-11  3.045677507325665e-09  8.910191523370456e-09  8.504121739636016e-10  3.112816388503118e-12  1.414711304165545e-08  5.192716029490624e-11 
 1.698243652461707e+07  1.681010476031389e-08  6.321597063739631e-09  1.400122267002798e-08  5.139263708647104e-11  3.008961378440972e-09  8.802777744378542e-09  8.305430837081840e-10  3.040175207744541e-12  1.397656733399908e-08  5.130263620329791e-11 
 1.737800828749337e+07  1.660261194542621e-08  6.321421428101481e-09  1.382823121282933e-08  5.075918779702154e-11  2.971903318759708e-09  8.694363639953250e-09  8.109241412831780e-10  2.968449549273208e-12  1.380443336441418e-08  5.067231446348903e-11 
 1.778279410038884e+07  1.639337815556159e-08  6.321249785839310e-09  1.365379775615060e-08  5.012047731070397e-11  2.934529698971358e-09  8.585026358083588e-09  7.915604045655791e-10  2.897657904185283e-12  1.363083362424276e-08  5.003664481680506e-11 
 1.819700858609944e+07  1.618255360014870e-08  6.321082046271002e-09  1.347804722830692e-08  4.947696431899180e-11  2.896867495015828e-09  8.474844817430964e-09  7.724567691781966e-10  2.827818170104995e-12  1.345589341620327e-08  4.939608732095703e-11 
 1.862087136662827e+07  1.597029134723940e-08  6.320918120769408e-09  1.330110693660456e-08  4.882911624464105e-11  2.858944195457651e-09  8.363899436350582e-09  7.536179445191830e-10  2.758947563550321e-12  1.327974042414567e-08  4.875111077272238e-11 
 1.905460717963205e+07  1.575674679537414e-08  6.320757922716014e-09  1.312310612759821e-08  4.817740762959810e-11  2.820787706882432e-09  8.252271856126794e-09  7.350484310467859e-10  2.691062536890205e-12  1.310250427361966e-08  4.810219109698647e-11 
 1.949844599758003e+07  1.554207713859118e-08  6.320601367455635e-09  1.294417554166246e-08  4.752231850206195e-11  2.782426258053947e-09  8.140044660582751e-09  7.167524989796655e-10  2.624178700477149e-12  1.292431608668633e-08  4.744980971468044e-11 
 1.995262314968836e+07  1.532644082870358e-08  6.320448372252132e-09  1.276444696531026e-08  4.686433273534201e-11  2.743888303571114e-09  8.027301094226923e-09  6.987341685561615e-10  2.558310750482415e-12  1.274530803440664e-08  4.679445190225883e-11 
 2.041737944669485e+07  1.510999703891654e-08  6.320298856245118e-09  1.258405278464828e-08  4.620393641087097e-11  2.705202427754887e-09  7.914124781072254e-09  6.809971919773341e-10  2.493472402886261e-12  1.256561289039787e-08  4.613660515508106e-11 
 2.089296130853994e+07  1.489290513275307e-08  6.320152740407635e-09  1.240312554327177e-08  4.554161619752912e-11  2.666397249476500e-09  7.800599446209267e-09  6.635450371387933e-10  2.429676334009806e-12  1.238536358876271e-08  4.547675756686045e-11 
 2.137962089502185e+07  1.467532414210195e-08  6.320009947504765e-09  1.222179750777303e-08  4.487785775890437e-11  2.627501328610975e-09  7.686808642133862e-09  6.463808732356334e-10  2.366934127895966e-12  1.220469278956755e-08  4.481539623681414e-11 
 2.187761623949505e+07  1.445741225800239e-08  6.319870402053201e-09  1.204020024387128e-08  4.421314419952001e-11  2.588543074764053e-09  7.572835481726157e-09  6.295075583035889e-10  2.305256230770355e-12  1.202373245488092e-08  4.415300571555740e-11 
 2.238721138568290e+07  1.423932633753965e-08  6.319734030281684e-09  1.185846420597201e-08  4.354795456031371e-11  2.549550658877909e-09  7.458762379651181e-09  6.129276287381816e-10  2.244651912734221e-12  1.184261343818368e-08  4.349006650003891e-11 
 2.290867652767723e+07  1.402122142995135e-08  6.319600760092362e-09  1.167671834273468e-08  4.288276237283009e-11  2.510551928271688e-09  7.344670803808238e-09  5.966432908125106e-10  2.185129236765199e-12  1.166146508973400e-08  4.282705358699388e-11 
 2.344228815319870e+07  1.380325032474033e-08  6.319470521022988e-09  1.149508972097505e-08  4.221803428065612e-11  2.471574325618620e-09  7.230641038296820e-09  5.806564141937644e-10  2.126695035026163e-12  1.148041488021761e-08  4.216443509346059e-11 
 2.398832919019438e+07  1.358556312426392e-08  6.319343244210010e-09  1.131370316995670e-08  4.155422873562585e-11  2.432644812303055e-09  7.116751959196045e-09  5.649685274388435e-10  2.069354892410086e-12  1.129958804474268e-08  4.150267095190346e-11 
 2.454708915684976e+07  1.336830684292723e-08  6.319218862352422e-09  1.113268094784125e-08  4.089179477529727e-11  2.393789796539417e-09  7.003080824275224e-09  5.495808154309131e-10  2.013113137181998e-12  1.111910724895384e-08  4.084221168646398e-11 
 2.511886431509525e+07  1.315162503475596e-08  6.319097309676503e-09  1.095214243177400e-08  4.023117088707519e-11  2.355035066572084e-09  6.889703077568728e-09  5.344941187015367e-10  1.957972838513675e-12  1.093909227874681e-08  4.018349727573111e-11 
 2.570395782768807e+07  1.293565745076882e-08  6.318978521901280e-09  1.077220383278536e-08  3.957278396337389e-11  2.316405729211407e-09  6.776692169561880e-09  5.197089345674296e-10  1.903935810654815e-12  1.075965975476949e-08  3.952695610644422e-11 
 2.630267991895324e+07  1.272053972721607e-08  6.318862436204832e-09  1.059297793639435e-08  3.891704835098555e-11  2.277926153897821e-09  6.664119393549362e-09  5.052254199970001e-10  1.851002623426372e-12  1.058092287260078e-08  3.887300402131299e-11 
 2.691534803926856e+07  1.250640310540503e-08  6.318748991191297e-09  1.041457386951285e-08  3.826436499692063e-11  2.239619922423949e-09  6.552053738546231e-09  4.910433961097992e-10  1.799172618685398e-12  1.040299116921075e-08  3.822204346323908e-11 
 2.754228703338105e+07  1.229337418349987e-08  6.318638126858657e-09  1.023709689397128e-08  3.761512069186750e-11  2.201509784384903e-09  6.440561758956860e-09  4.771623542018642e-10  1.748443932368573e-12  1.022597031602815e-08  3.757446271710511e-11 
 2.818382931264391e+07  1.208157470036646e-08  6.318529784567237e-09  1.006064822672320e-08  3.696968741143539e-11  2.163617618370143e-09  6.329707461040920e-09  4.635814631817311e-10  1.698813521691031e-12  1.004996193867733e-08  3.693063524931251e-11 
 2.884031503126542e+07  1.187112135123622e-08  6.318423907008901e-09  9.885324886539425e-09  3.632842175460093e-11  2.125964398857086e-09  6.219552206060004e-09  4.502995782955835e-10  1.650277197061491e-12  9.875063463199743e-09  3.629091914450529e-11 
 2.951209226666320e+07  1.166212563468992e-08  6.318320438176973e-09  9.711219566774523e-09  3.569166447768388e-11  2.088570168717694e-09  6.110154629845034e-09  4.373152510155832e-10  1.602829658246355e-12  9.701367988347495e-09  3.565565663782126e-11 
 3.019951720401949e+07  1.145469373021406e-08  6.318219323336804e-09  9.538420533582718e-09  3.505974012168784e-11  2.051454017204671e-09  6.001570578394492e-09  4.246267399627753e-10  1.556464534318191e-12  9.528964183329740e-09  3.502517374052123e-11 
 3.090295432513522e+07  1.124892640536182e-08  6.318120508997030e-09  9.367011548775807e-09  3.443295672997318e-11  2.014634063244362e-09  5.893853058997426e-09  4.122320227350037e-10  1.511174426911494e-12  9.357936210208485e-09  3.439977995597725e-11 
 3.162277660168309e+07  1.104491895135703e-08  6.318023942881455e-09  9.197071816355478e-09  3.381160565273822e-11  1.978127443828734e-09  5.787052206273951e-09  4.001288085108737e-10  1.466950956315331e-12  9.188363669979542e-09  3.377976808250827e-11 
 3.235936569296210e+07  1.084276114581546e-08  6.317929573901575e-09  9.028675951615159e-09  3.319596143426360e-11  1.941950307269221e-09  5.681215262439271e-09  3.883145513028107e-10  1.423784809938980e-12  9.020321571236826e-09  3.316541409902948e-11 
 3.311311214825837e+07  1.064253724112041e-08  6.317837352129754e-09  8.861893971592953e-09  3.258628177842847e-11  1.906117811050756e-09  5.576386571025560e-09  3.767864637355586e-10  1.381665792697398e-12  8.853880320204311e-09  3.255697712903379e-11 
 3.388441561391950e+07  1.044432597688092e-08  6.317747228772950e-09  8.696791305566381e-09  3.198280758773501e-11  1.870644124004576e-09  5.472607583238600e-09  3.655415312308424e-10  1.340582878882028e-12  8.689105730828715e-09  3.195469947815076e-11 
 3.467368504525239e+07  1.024820061481806e-08  6.317659156147079e-09  8.533428824211061e-09  3.138576307071730e-11  1.835542432503638e-09  5.369916876082549e-09  3.545765264842670e-10  1.300524265097375e-12  8.526059053557073e-09  3.135880674016623e-11 
 3.548133892335676e+07  1.005422899436681e-08  6.317573087651942e-09  8.371862885997271e-09  3.079535591262569e-11  1.800824950373980e-09  5.268350181355872e-09  3.438880241266291e-10  1.261477423874187e-12  8.364797021374806e-09  3.076950796639989e-11 
 3.630780547700933e+07  9.862473607247372e-09  6.317488977746725e-09  8.212145399370275e-09  3.021177750389863e-11  1.766502932209264e-09  5.167940424603279e-09  3.334724154685782e-10  1.223429157583189e-12  8.205371911651533e-09  3.018699589295779e-11 
 3.715352290971643e+07  9.672991689246323e-09  6.317406781926052e-09  8.054323899249452e-09  2.963520322120225e-11  1.732586689773342e-09  5.068717773101778e-09  3.233259232347634e-10  1.186365652312537e-12  8.047831622330655e-09  2.961144722064373e-11 
 3.801893963205528e+07  9.485835327455303e-09  6.317326456696570e-09  7.898441636387165e-09  2.906579275557323e-11  1.699085611176883e-09  4.970709691962294e-09  3.134446162011599e-10  1.150272531388699e-12  7.892219761004432e-09  2.904302294206762e-11 
 3.890451449942719e+07  9.301051581238849e-09  6.317247959554092e-09  7.744537678148534e-09  2.850369048244899e-11  1.666008182518394e-09  4.873941007440900e-09  3.038244236570071e-10  1.115134908256016e-12  7.738575745436094e-09  2.848186871073670e-11 
 3.981071705534884e+07  9.118682615242482e-09  6.317171248961215e-09  7.592647019306044e-09  2.794902586842292e-11  1.633362011686971e-09  4.778433976574275e-09  2.944611496206156e-10  1.080937438455980e-12  7.586934914123164e-09  2.792811524696785e-11 
 4.073802778041036e+07  8.938765842804825e-09  6.317096284325504e-09  7.442800701486946e-09  2.740191390968890e-11  1.601153854033545e-09  4.684208362281429e-09  2.853504867460935e-10  1.047664370474498e-12  7.437328645539899e-09  2.738187877558515e-11 
 4.168693834703261e+07  8.761334078200967e-09  6.317023025978111e-09  7.295025939964307e-09  2.686245559744538e-11  1.569389639628717e-09  4.591281513107075e-09  2.764880298657074e-10  1.015299595257787e-12  7.289784484749402e-09  2.684326149067200e-11 
 4.265795188015831e+07  8.586415696217303e-09  6.316951435152929e-09  7.149346256543255e-09  2.633073840560447e-11  1.538074501838319e-09  4.499668446820014e-09  2.678692891200604e-10  9.838266942191073e-13  7.144326276136566e-09  2.631235204272161e-11 
 4.365158322401562e+07  8.414034797637550e-09  6.316881473966183e-09  7.005781617360374e-09  2.580683679653675e-11  1.507212806962097e-09  4.409381937121691e-09  2.594897026354539e-10  9.532289855903067e-13  7.000974301079151e-09  2.578922604391441e-11 
 4.466835921509531e+07  8.244211379305283e-09  6.316813105396518e-09  6.864348574485365e-09  2.529081274071779e-11  1.476808184696176e-09  4.320432602764767e-09  2.513446487146613e-10  9.234895689924280e-13  6.859745419445372e-09  2.527394658738551e-11 
 4.570881896148648e+07  8.076961507516947e-09  6.316746293265505e-09  6.725060410288013e-09  2.478271624653693e-11  1.446863559195897e-09  4.232828998428082e-09  2.434294575138189e-10  8.945913681279781e-13  6.720653213880158e-09  2.476656477673955e-11 
 4.677351412871877e+07  7.912297493590975e-09  6.316681002218631e-09  6.587927283609764e-09  2.428258589668966e-11  1.417381180531973e-09  4.146577706742281e-09  2.357394221842203e-10  8.665171715152420e-13  6.583708135918402e-09  2.426712026223097e-11 
 4.786300923226276e+07  7.750228070550537e-09  6.316617197706683e-09  6.452956376855808e-09  2.379044938793038e-11  1.388362656349414e-09  4.061683430908637e-09  2.282698094634376e-10  8.392496712084395e-13  6.448917653040049e-09  2.377564178038215e-11 
 4.897788193684352e+07  7.590758569949719e-09  6.316554845967590e-09  6.320152043200348e-09  2.330632407124829e-11  1.359808983555168e-09  3.978149087401892e-09  2.210158697053929e-10  8.127714994666473e-13  6.316286395858559e-09  2.329214769409859e-11 
 5.011872336272611e+07  7.433891097963666e-09  6.316493914008658e-09  6.189515953173276e-09  2.283021748973957e-11  1.331720579876681e-09  3.895975898295474e-09  2.139728463437446e-10  7.870652633493594e-13  6.185816304709836e-09  2.281664653054956e-11 
 5.128613839913534e+07  7.279624709951916e-09  6.316434369589221e-09  6.061047239970397e-09  2.236212791179241e-11  1.304097315149498e-09  3.815163482794004e-09  2.071359847872491e-10  7.621135772348779e-13  6.057506774982508e-09  2.234913751442680e-11 
 5.248074602497608e+07  7.127955582790215e-09  6.316376181203693e-09  5.934742642900877e-09  2.190204485742542e-11  1.276938542207410e-09  3.735709947603052e-09  2.005005407496051e-10  7.378990932704035e-13  5.931354800602068e-09  2.188961109441705e-11 
 5.370317963702407e+07  6.978877184348460e-09  6.316319318064986e-09  5.810596648454246e-09  2.144994961587564e-11  1.250243127263437e-09  3.657611975809323e-09  1.940617880196997e-10  7.144045297753291e-13  5.807355115149952e-09  2.143804946098035e-11 
 5.495408738576122e+07  6.832380439571292e-09  6.316263750088340e-09  5.688601628534905e-09  2.100581575278441e-11  1.224009479684066e-09  3.580864913985799e-09  1.878150256811783e-10  6.916126976306226e-13  5.685500330164298e-09  2.099442705377791e-11 
 5.623413251903364e+07  6.688453892692193e-09  6.316209447875506e-09  5.568747975473935e-09  2.056960960553598e-11  1.198235581072484e-09  3.505462857275321e-09  1.817555847928550e-10  6.695065246959722e-13  5.565781070230993e-09  2.055871105729996e-11 
 5.754399373371439e+07  6.547083865182057e-09  6.316156382699288e-09  5.451024233486437e-09  2.014129076554948e-11  1.172919013589116e-09  3.431398732242909e-09  1.758788345437060e-10  6.480690783055945e-13  5.448186104532036e-09  2.013086188349006e-11 
 5.888436553555757e+07  6.408254609098520e-09  6.316104526488458e-09  5.335417226296920e-09  1.972081254649070e-11  1.148056987449497e-09  3.358664377321347e-09  1.701801878980584e-10  6.272835858992937e-13  5.332702474572616e-09  1.971083364032801e-11 
 6.025595860743441e+07  6.271948455563141e-09  6.316053851813002e-09  5.221912180705897e-09  1.930812243757009e-11  1.123646367550400e-09  3.287250620706457e-09  1.646551067481285e-10  6.071334538515200e-13  5.219315617858953e-09  1.929857458553382e-11 
 6.165950018614683e+07  6.138145958149393e-09  6.316004331869721e-09  5.110492845917361e-09  1.890316254126371e-11  1.099683699185157e-09  3.217147355587801e-09  1.592991065923018e-10  5.876022845656904e-13  5.108009487345479e-09  1.889402756472555e-11 
 6.309573444801790e+07  6.006826031015853e-09  6.315955940468148e-09  5.001141608489571e-09  1.850586999496413e-11  1.076165232818357e-09  3.148343612627558e-09  1.541077607585125e-10  5.686738919049677e-13  4.998766666512816e-09  1.849713043353426e-11 
 6.456542290346409e+07  5.877966081665674e-09  6.315908652016809e-09  4.893839602810449e-09  1.811617737617849e-11  1.053086947898441e-09  3.080827629624773e-09  1.490767041927845e-10  5.503323150322752e-13  4.891568479976842e-09  1.810781646328989e-11 
 6.606934480075811e+07  5.751542138255751e-09  6.315862441509790e-09  4.788566817034136e-09  1.773401309104180e-11  1.030444575694359e-09  3.014586918324443e-09  1.442016368334833e-10  5.325618307347918e-13  4.786395099564492e-09  1.772601473004258e-11 
 6.760829753919666e+07  5.627528971417062e-09  6.315817284513625e-09  4.685302194446891e-09  1.735930174603051e-11  1.008233621149231e-09  2.949608328350856e-09  1.394783265921042e-10  5.153469643092106e-13  4.683225645823604e-09  1.735165048680139e-11 
 6.918309709189209e+07  5.505900210581611e-09  6.315773157154475e-09  4.584023730258783e-09  1.699196450286726e-11  9.864493837500835e-10  2.885878108262440e-09  1.349026119615211e-10  4.986724990844707e-13  4.582038284962448e-09  1.698464551897854e-11 
 7.079457843841220e+07  5.386628454841565e-09  6.315730036105633e-09  4.484708563842721e-09  1.663191941666808e-11  9.650869774181342e-10  2.823381963741186e-09  1.304704042725613e-10  4.825234846575037e-13  4.482810321239701e-09  1.662491848308721e-11 
 7.244359600749739e+07  5.269685378392612e-09  6.315687898575289e-09  4.387333066464331e-09  1.627908175751563e-11  9.441413494288401e-10  2.762105112943639e-09  1.261776896195723e-10  4.668852439183837e-13  4.385518284847708e-09  1.627238522887439e-11 
 7.413102413009009e+07  5.155041830636660e-09  6.315646722294605e-09  4.291872924565446e-09  1.593336431566746e-11  9.236072983750701e-10  2.702032339052532e-09  1.220205304753278e-10  4.517433789387430e-13  4.290138015351076e-09  1.592695910509505e-11 
 7.585775750291668e+07  5.042667931038924e-09  6.315606485506058e-09  4.198303218680486e-09  1.559467769068521e-11  9.034794911903574e-10  2.643148040078646e-09  1.179950670152062e-10  4.370837757963047e-13  4.196644740759337e-09  1.558855124921141e-11 
 7.762471166286743e+07  4.932533158851390e-09  6.315567166952069e-09  4.106598498079155e-09  1.526293056484074e-11  8.837524792521983e-10  2.585436275971362e-09  1.140975181700650e-10  4.228926084070505e-13  4.105013152326483e-09  1.525707086137127e-11 
 7.943282347242635e+07  4.824606437828941e-09  6.315528745863891e-09  4.016732851240724e-09  1.493802996115077e-11  8.644207135879782e-10  2.528880813103882e-09  1.103241824266649e-10  4.091563414330897e-13  4.015217475182175e-09  1.493242546301515e-11 
 8.128305161640808e+07  4.718856216076244e-09  6.315491201950759e-09  3.928679972274996e-09  1.461988148648970e-11  8.454785592081832e-10  2.473465166205362e-09  1.066714383938672e-10  3.958617323337599e-13  3.927231534909248e-09  1.461452114056010e-11 
 8.317637711026521e+07  4.615250541173067e-09  6.315454515389308e-09  3.842413223413036e-09  1.430838956020409e-11  8.269203085933111e-10  2.419172637817125e-09  1.031357451521504e-10  3.829958326234617e-13  3.841028820190142e-09  1.430326277458225e-11 
 8.511380382023571e+07  4.513757130733190e-09  6.315418666813237e-09  3.757905693696931e-09  1.400345762869416e-11  8.087401943622303e-10  2.365986355354210e-09  9.971364240328974e-11  3.705459883977098e-13  3.756582541651186e-09  1.399855425496201e-11 
 8.709635899560608e+07  4.414343438557781e-09  6.315383637303219e-09  3.675130254002600e-09  1.370498836648403e-11  7.909324011507607e-10  2.313889305856417e-09  9.640175043630547e-11  3.584998401872441e-13  3.673865687038386e-09  1.370029868251231e-11 
 8.912509381337252e+07  4.316976716548182e-09  6.315349408377060e-09  3.594059608533079e-09  1.341288386422162e-11  7.734910767300052e-10  2.262864368515197e-09  9.319676992504595e-11  3.468453221948263e-13  3.592851072861842e-09  1.340839855752984e-11 
 9.120108393558890e+07  4.221624072545608e-09  6.315315961980093e-09  3.514666342921778e-09  1.312704580416782e-11  7.564103423943929e-10  2.212894345064101e-09  9.009548157201406e-11  3.355706609695747e-13  3.513511392648024e-09  1.312275595582789e-11 
 9.332543007969697e+07  4.128252524266553e-09  6.315283280475803e-09  3.436922969086312e-09  1.284737562365042e-11  7.396843026496661e-10  2.163961988121176e-09  8.709474561229250e-11  3.246643735685766e-13  3.435819261940273e-09  1.284327269272526e-11 
 9.549925860214141e+07  4.036829049502864e-09  6.315251346636677e-09  3.360801966973618e-09  1.257377466699965e-11  7.233070542310505e-10  2.116050027571816e-09  8.419150119067479e-11  3.141152652538970e-13  3.359747260188034e-09  1.256985047550752e-11 
 9.772372209557883e+07  3.947320632754634e-09  6.315220143635292e-09  3.286275823336380e-09  1.230614432648385e-11  7.072726944817203e-10  2.069141195080126e-09  8.138276562436784e-11  3.039124267704834e-13  3.285267969664657e-09  1.230239104487843e-11 
 9.999999999999771e+07  3.859694308462299e-09  6.315189655035606e-09  3.213317067679349e-09  1.204438617272714e-11  6.915753291213564e-10  2.023218246816013e-09  7.866563356290758e-11  2.940452312470300e-13  3.212354011552207e-09  1.204079630588283e-11 
 1.023292992280731e+08  3.773917201001944e-09  6.315159864784481e-09  3.141898305512070e-09  1.178840207511803e-11  6.762090794341675e-10  1.978263984483880e-09  7.603727605621827e-11  2.845033307601538e-13  3.140978079329680e-09  1.178496844880941e-11 
 1.047128548050875e+08  3.689956561604768e-09  6.315130757203407e-09  3.071992249042094e-09  1.153809431268030e-11  6.611680889052093e-10  1.934261274737320e-09  7.349493954106025e-11  2.752766525990207e-13  3.071112969598572e-09  1.153481006054454e-11 
 1.071519305237582e+08  3.607779802358014e-09  6.315102316980425e-09  3.003571745439601e-09  1.129336567589454e-11  6.464465293331720e-10  1.891193067062205e-09  7.103594475544090e-11  2.663553952658049e-13  3.002731610476667e-09  1.129022422686484e-11 
 1.096478196143160e+08  3.527354527440726e-09  6.315074529162289e-09  2.936609802801144e-09  1.105411955990988e-11  6.320386064471205e-10  1.849042410208579e-09  6.865768558992343e-11  2.577300242441538e-13  2.935807087687679e-09  1.105111462610832e-11 
 1.122018454301937e+08  3.448648561743255e-09  6.315047379146781e-09  2.871079613936507e-09  1.082026004960900e-11  6.179385650538654e-10  1.807792467249393e-09  6.635762788414888e-11  2.493912675664546e-13  2.870312668470700e-09  1.081738561468648e-11 
 1.148153621496856e+08  3.371629977014836e-09  6.315020852675263e-09  2.806954578098797e-09  1.059169199695614e-11  6.041406937418243e-10  1.767426529341759e-09  6.413330817629497e-11  2.413301112080838e-13  2.806221823429531e-09  1.058894230486733e-11 
 1.174897554939502e+08  3.296267115678679e-09  6.314994935825400e-09  2.744208320773897e-09  1.036832109103507e-11  5.906393291663607e-10  1.727928028263797e-09  6.198233241263192e-11  2.335377943345823e-13  2.743508246438013e-09  1.036569063523604e-11 
 1.202264434617385e+08  3.222528612449001e-09  6.314969615004083e-09  2.682814711641148e-09  1.015005392119478e-11  5.774288599406968e-10  1.689280547797580e-09  5.990237462379473e-11  2.260058044263425e-13  2.682145872713229e-09  1.014753743425108e-11 
 1.230268770812353e+08  3.150383413879307e-09  6.314944876940533e-09  2.622747880812932e-09  9.936798033671548e-12  5.645037301555667e-10  1.651467834025961e-09  5.789117557388261e-11  2.187258723027632e-13  2.622108895164234e-09  9.934390477264528e-12 
 1.258925411794138e+08  3.079800795966067e-09  6.314920708679596e-09  2.563982233456473e-09  9.728461982079758e-12  5.518584425498695e-10  1.614473804608385e-09  5.594654138800963e-11  2.116899670669477e-13  2.563371779119674e-09  9.726158537398741e-12 
 1.288249551693104e+08  3.010750379926728e-09  6.314897097575214e-09  2.506492462896874e-09  9.524955372106430e-12  5.394875613536373e-10  1.578282557098052e-09  5.406634216347421e-11  2.048902909894315e-13  2.505909275533314e-09  9.522751430614862e-12 
 1.318256738556376e+08  2.943202146265831e-09  6.314874031284079e-09  2.450253562296088e-09  9.326188900755297e-12  5.273857148237141e-10  1.542878376360105e-09  5.224851056928164e-11  1.983192743484368e-13  2.449696432762223e-09  9.324080055318766e-12 
 1.348962882591622e+08  2.877126447237868e-09  6.314851497759459e-09  2.395240834998233e-09  9.132074390476198e-12  5.155475974916210e-10  1.508245741147809e-09  5.049104043834755e-11  1.919695702427848e-13  2.394708607008061e-09  9.130056426840528e-12 
 1.380384264602852e+08  2.812494017810435e-09  6.314829485245198e-09  2.341429903627459e-09  8.942524818473797e-12  5.039679721421744e-10  1.474369329891043e-09  4.879198535632730e-11  1.858340493916264e-13  2.340921471507723e-09  8.940593707081566e-12 
 1.412537544622721e+08  2.749275985226325e-09  6.314807982269895e-09  2.288796718020447e-09  8.757454341487911e-12  4.926416715405413e-10  1.441234025748839e-09  4.714945725065854e-11  1.799057949341485e-13  2.288311024555477e-09  8.755606229621943e-12 
 1.445439770745893e+08  2.687443877258220e-09  6.314786977641238e-09  2.237317562071509e-09  8.576778316351012e-12  4.815635999245287e-10  1.408824920975114e-09  4.556162498306656e-11  1.741780972417578e-13  2.236853596434622e-09  8.575009520593559e-12 
 1.479108388168172e+08  2.626969629245055e-09  6.314766460440519e-09  2.186969059564407e-09  8.400413316552995e-12  4.707287342780766e-10  1.377127320644300e-09  4.402671294847074e-11  1.686444487528287e-13  2.186525855332833e-09  8.398720315549610e-12 
 1.513561248436172e+08  2.567825589994363e-09  6.314746420017303e-09  2.137728179061061e-09  8.228277145096679e-12  4.601321254010767e-10  1.346126745781128e-09  4.254299968293521e-11  1.632985388404273e-13  2.137304812311453e-09  8.226656572613989e-12 
 1.548816618912444e+08  2.509984526630577e-09  6.314726845984264e-09  2.089572237913699e-09  8.060288843868037e-12  4.497688987898565e-10  1.315808935936510e-09  4.110881648303588e-11  1.581342487214741e-13  2.089167825395324e-09  8.058737482134830e-12 
 1.584893192461076e+08  2.453419628464836e-09  6.314707728212191e-09  2.042478905463315e-09  7.896368699753898e-12  4.396342553418821e-10  1.286159851249160e-09  3.972254603876152e-11  1.531456464153256e-13  2.042092602846115e-09  7.894883473075274e-12 
 1.621810097358891e+08  2.398104509957772e-09  6.314689056825140e-09  1.996426205483917e-09  7.736438247727379e-12  4.297234718974964e-10  1.257165674030473e-09  3.838262108183182e-11  1.483269817588850e-13  1.996057205678685e-09  7.735016216361887e-12 
 1.659586907437521e+08  2.344013212842674e-09  6.314670822195743e-09  1.951392517928656e-09  7.580420271099330e-12  4.200319016307853e-10  1.228812809908015e-09  3.708752305109660e-11  1.436726814843549e-13  1.951040049476657e-09  7.579058625389353e-12 
 1.698243652461704e+08  2.291120207472649e-09  6.314653014940699e-09  1.907356580030754e-09  7.428238799139827e-12  4.105549743009828e-10  1.201087888561018e-09  3.583578077647946e-11  1.391773443653353e-13  1.907019905560179e-09  7.426934853885668e-12 
 1.737800828749334e+08  2.239400393451650e-09  6.314635625916393e-09  1.864297486809062e-09  7.279819102251041e-12  4.012881963751549e-10  1.173977764079301e-09  3.462596918274181e-11  1.348357364360496e-13  1.863975901555796e-09  7.278570291319505e-12 
 1.778279410038880e+08  2.188829099605766e-09  6.314618646214671e-09  1.822194691025177e-09  7.135087684872307e-12  3.922271510322833e-10  1.147469514975225e-09  3.345670801417195e-11  1.306427862880321e-13  1.821887521415412e-09  7.133891556030787e-12 
 1.819700858609940e+08  2.139382083347771e-09  6.314602067158799e-09  1.781028002636192e-09  6.993972276280925e-12  3.833674980582530e-10  1.121550443876484e-09  3.232666058114545e-11  1.265935804478816e-13  1.780734604928520e-09  6.992826486248288e-12 
 1.862087136662823e+08  2.091035529484730e-09  6.314585880299536e-09  1.740777587784537e-09  6.856401819456001e-12  3.747049736406864e-10  1.096208076925889e-09  3.123453252935771e-11  1.226833588393853e-13  1.740497346769200e-09  6.855304129161846e-12 
 1.905460717963202e+08  2.043766048515403e-09  6.314570077411383e-09  1.701423967363771e-09  6.722306458161342e-12  3.662353900720025e-10  1.071430162912676e-09  3.017907063239586e-11  1.189075103327596e-13  1.701156295116836e-09  6.721254728205452e-12 
 1.949844599757999e+08  1.997550674461260e-09  6.314554650488988e-09  1.662948015196801e-09  6.591617522384768e-12  3.579546353685725e-10  1.047204672158335e-09  2.915906160819567e-11  1.152615683831118e-13  1.662692349887107e-09  6.590609708688854e-12 
 1.995262314968832e+08  1.952366862272185e-09  6.314539591743682e-09  1.625330955860686e-09  6.464267512291186e-12  3.498586728133382e-10  1.023519795178553e-09  2.817333095981660e-11  1.117412067602953e-13  1.625086760607458e-09  6.463301661935256e-12 
 2.041737944669480e+08  1.908192484845292e-09  6.314524893600179e-09  1.588554362189991e-09  6.340190080815150e-12  3.419435404287952e-10  1.000363941141403e-09  2.722074184086711e-11  1.083422353715006e-13  1.588321123969106e-09  6.339264328051129e-12 
 2.089296130853989e+08  1.865005829692818e-09  6.314510548693439e-09  1.552600152488619e-09  6.219320015030105e-12  3.342053503867894e-10  9.777257361407162e-10  2.630019394581912e-11  1.050605961778898e-13  1.552377381085571e-09  6.218432577465548e-12 
 2.137962089502181e+08  1.822785595292689e-09  6.314496549865653e-09  1.517450587478053e-09  6.101593216426482e-12  3.266402883611658e-10  9.555940213022409e-10  2.541062242536656e-11  1.018923592062700e-13  1.517237814485733e-09  6.100742391371483e-12 
 2.187761623949500e+08  1.781510887153127e-09  6.314482890163421e-09  1.483088267008114e-09  5.986946680212811e-12  3.192446128288951e-10  9.339578507390851e-10  2.455099682690676e-11  9.883371865628443e-14  1.482885044867583e-09  5.986130841183458e-12 
 2.238721138568285e+08  1.741161213620576e-09  6.314469562835030e-09  1.449496126554570e-09  5.875318473775692e-12  3.120146543249381e-10  9.128064893718142e-10  2.372032006015410e-11  9.588098910378862e-14  1.449302027637078e-09  5.874536067147635e-12 
 2.290867652767718e+08  1.701716481458215e-09  6.314456561327948e-09  1.416657433526311e-09  5.766647714403397e-12  3.049468146557439e-10  8.921294106275312e-10  2.291762738783400e-11  9.303060180037446e-14  1.416472049254861e-09  5.765897256209356e-12 
 2.344228815319865e+08  1.663156991220474e-09  6.314443879286416e-09  1.384555783403174e-09  5.660874546402660e-12  2.980375660759448e-10  8.719162940312915e-10  2.214198544134857e-11  9.027910106926592e-14  1.384378723412019e-09  5.660154619267891e-12 
 2.398832919019432e+08  1.625463432447214e-09  6.314431510549230e-09  1.353175095724148e-09  5.557940117710345e-12  2.912834504324972e-10  8.521570227022752e-10  2.139249126125651e-11  8.762314079720178e-14  1.353005987054638e-09  5.557249367920331e-12 
 2.454708915684971e+08  1.588616878699497e-09  6.314419449147660e-09  1.322499609944174e-09  5.457786556122817e-12  2.846810782802100e-10  8.328416807662582e-10  2.066827136236381e-11  8.505948102213326e-14  1.322338096275451e-09  5.457123690817645e-12 
 2.511886431509519e+08  1.552598782457423e-09  6.314407689303541e-09  1.292513881176544e-09  5.360356945246724e-12  2.782271279723340e-10  8.139605506951201e-10  1.996848082318366e-11  8.258498461613099e-14  1.292359622089637e-09  5.359720729736835e-12 
 2.570395782768801e+08  1.517390969898920e-09  6.314396225427523e-09  1.263202775836661e-09  5.265595300282651e-12  2.719183447296095e-10  7.955041105833345e-10  1.929230239948808e-11  8.019661406290876e-14  1.263055446110570e-09  5.264984555480822e-12 
 2.630267991895318e+08  1.482975635577081e-09  6.314385052117468e-09  1.234551467201723e-09  5.173446543747104e-12  2.657515396909301e-10  7.774630313706747e-10  1.863894566164331e-11  7.789142832917381e-14  1.234410756140172e-09  5.172860143711765e-12 
 2.691534803926850e+08  1.449335337012284e-09  6.314374164157025e-09  1.206545430899889e-09  5.083856481241268e-12  2.597235889485417e-10  7.598281740196792e-10  1.800764615539407e-11  7.566657982896465e-14  1.206411041687426e-09  5.083293350826394e-12 
 2.754228703338099e+08  1.416452989214135e-09  6.314363556514356e-09  1.179170440341387e-09  4.996771777367276e-12  2.538314325704810e-10  7.425905866557842e-10  1.739766458573840e-11  7.351931147993381e-14  1.179042089427626e-09  4.996230889974326e-12 
 2.818382931264385e+08  1.384311859147146e-09  6.314353224341060e-09  1.152412562103163e-09  4.912139931892518e-12  2.480720736127499e-10  7.257415016774303e-10  1.680828602351495e-11  7.144695385045720e-14  1.152289978613945e-09  4.911620307320032e-12 
 2.884031503126535e+08  1.352895560152938e-09  6.314343162971232e-09  1.126258151277682e-09  4.829909256269647e-12  2.424425771235309e-10  7.092723328428840e-10  1.623881913430707e-11  6.944692239648534e-14  1.126141076452034e-09  4.829409958656324e-12 
 2.951209226666313e+08  1.322188046340826e-09  6.314333367920710e-09  1.100693846795748e-09  4.750028850595362e-12  2.369400691415682e-10  6.931746723399922e-10  1.568859542925414e-11  6.751671478663182e-14  1.100582033447521e-09  4.749548986452578e-12 
 3.019951720401942e+08  1.292173606957630e-09  6.314323834886516e-09  1.075706566732353e-09  4.672448581117781e-12  2.315617356906715e-10  6.774402878445929e-10  1.515696853734830e-11  6.565390831433527e-14  1.075599778735504e-09  4.671987297447695e-12 
 3.090295432513515e+08  1.262836860746734e-09  6.314314559746448e-09  1.051283503603886e-09  4.597119058370338e-12  2.263048217721408e-10  6.620611195728432e-10  1.464331349878551e-11  6.385615739542382e-14  1.051181515400379e-09  4.596675540865863e-12 
 3.162277660168301e+08  1.234162750305559e-09  6.314305538558886e-09  1.027412119664318e-09  4.523991616028677e-12  2.211666303567609e-10  6.470292773322915e-10  1.414702607893194e-11  6.212119114964675e-14  1.027314715793680e-09  4.523565087351780e-12 
 3.235936569296203e+08  1.206136536449866e-09  6.314296767562759e-09  1.004080142207363e-09  4.453018290568422e-12  2.161445213778822e-10  6.323370375761262e-10  1.366752210246134e-11  6.044681106444581e-14  1.003987116856953e-09  4.452608008703331e-12 
 3.311311214825829e+08  1.178743792592576e-09  6.314288243177730e-09  9.812755588809872e-10  4.384151801802215e-12  2.112359107269697e-10  6.179768404646422e-10  1.320423680721483e-11  5.883088873923438e-14  9.811867154561013e-10  4.383757058480290e-12 
 3.388441561391942e+08  1.151970399144133e-09  6.314279962004556e-09  9.589866130201287e-10  4.317345534372754e-12  2.064382692528841e-10  6.039412869376346e-10  1.275662421733217e-11  5.727136370841965e-14  9.589017637330717e-10  4.316965653565862e-12 
 3.467368504525231e+08  1.125802537940808e-09  6.314271920825674e-09  9.372017990029123e-10  4.252553520263240e-12  2.017491217660485e-10  5.902231358010758e-10  1.232415653520252e-11  5.576624134119738e-14  9.371207644802195e-10  4.252187856742685e-12 
 3.548133892335666e+08  1.100226686706757e-09  6.314264116605973e-09  9.159098576352177e-10  4.189730422389309e-12  1.971660460485470e-10  5.768153008311524e-10  1.190632355178285e-11  5.431359081619795e-14  9.158324665422410e-10  4.189378360347409e-12 
 3.630780547700923e+08  1.075229613555113e-09  6.314256546493802e-09  8.950997715679657e-10  4.128831519323495e-12  1.926866718711056e-10  5.637108478984368e-10  1.150263207483340e-11  5.291154316890937e-14  8.950258602500685e-10  4.128492471055100e-12 
 3.715352290971633e+08  1.050798371532879e-09  6.314249207822178e-09  8.747607607510874e-10  4.069812691198017e-12  1.883086800178154e-10  5.509029921147069e-10  1.111260537462188e-11  5.155828940976598e-14  8.746901728907265e-10  4.069486095839324e-12 
 3.801893963205517e+08  1.026920293213922e-09  6.314242098110221e-09  8.548822779277489e-10  4.012630406822813e-12  1.840298013193722e-10  5.383850950046825e-10  1.073578264665132e-11  5.025207871071718e-14  8.548148642167499e-10  4.012315729144987e-12 
 3.890451449942709e+08  1.003582985343925e-09  6.314235215064848e-09  8.354540041720371e-10  3.957241712046268e-12  1.798478156955309e-10  5.261506617047194e-10  1.037171849097038e-11  4.899121665802021e-14  8.353896219984027e-10  3.956938441301462e-12 
 3.981071705534873e+08  9.807743235407763e-10  6.314228556582676e-09  8.164658444729765e-10  3.903604219378278e-12  1.757605512073972e-10  5.141933381902832e-10  1.001998240762958e-11  4.777406356896240e-14  8.164043576215903e-10  3.903311868195777e-12 
 4.073802778041025e+08  9.584824470534442e-10  6.314222120752189e-09  7.979079233674322e-10  3.851676098885824e-12  1.717658831201124e-10  5.025069085338307e-10  9.680158307852057e-12  4.659903287016879e-14  7.978492017340513e-10  3.851394202216112e-12 
 4.168693834703249e+08  9.366957535821015e-10  6.314215905856151e-09  7.797705806241679e-10  3.801416070357968e-12  1.678617329764271e-10  4.910852921945430e-10  9.351844040493600e-12  4.546458953506627e-14  7.797144999421226e-10  3.801144184462650e-12 
 4.265795188015819e+08  9.154028941618869e-10  6.314209910374315e-09  7.620443669810567e-10  3.752783396733162e-12  1.640460676815966e-10  4.799225413411849e-10  9.034650933372493e-12  4.436924857811456e-14  7.619908085600978e-10  3.752521098218729e-12 
 4.365158322401550e+08  8.945927681124169e-10  6.314204132986347e-09  7.447200399371850e-10  3.705737878767978e-12  1.603168985999804e-10  4.690128382092025e-10  8.728203349056728e-12  4.331157360334073e-14  7.446688904139476e-10  3.705484763661537e-12 
 4.466835921509519e+08  8.742545180548802e-10  6.314198572575091e-09  7.277885596013739e-10  3.660239850915886e-12  1.566722806636765e-10  4.583504924930312e-10  8.432138254702984e-12  4.229017540469398e-14  7.277397107009457e-10  3.659995533781016e-12 
 4.570881896148635e+08  8.543775249982825e-10  6.314193228230103e-09  7.112410845984147e-10  3.616250178379174e-12  1.531103114934761e-10  4.479299387744468e-10  8.146104805549068e-12  4.130371061578069e-14  7.111944329065198e-10  3.616014291470206e-12 
 4.677351412871864e+08  8.349514034961821e-10  6.314188099251477e-09  6.950689680341267e-10  3.573730255283324e-12  1.496291305323818e-10  4.377457339876705e-10  7.869763941669117e-12  4.035088040649483e-14  6.950244147794581e-10  3.573502447736371e-12 
 4.786300923226262e+08  8.159659968750261e-10  6.314183185154013e-09  6.792637535201573e-10  3.532642003917032e-12  1.462269181918898e-10  4.277925549218180e-10  7.602787997608482e-12  3.943042922410872e-14  6.792212043664099e-10  3.532421940976211e-12 
 4.897788193684338e+08  7.974113725350056e-10  6.314178485671688e-09  6.638171712592806e-10  3.492947874973914e-12  1.429018950112054e-10  4.180651957611845e-10  7.344860324523157e-12  3.854114357643279e-14  6.637765361064568e-10  3.492735237251258e-12 
 5.011872336272596e+08  7.792778173241554e-10  6.314174000762484e-09  6.487211341917948e-10  3.454610848719955e-12  1.396523208295241e-10  4.085585656637523e-10  7.095674924456661e-12  3.768185085464427e-14  6.486823269863725e-10  3.454405331487574e-12 
 5.128613839913518e+08  7.615558329862500e-10  6.314169730613556e-09  6.339677342034706e-10  3.417594437009136e-12  1.364764939714785e-10  3.992676863782189e-10  6.854936096395207e-12  3.685141819349869e-14  6.339306727570427e-10  3.417395749522277e-12 
 5.248074602497592e+08  7.442361316829014e-10  6.314165675646781e-09  6.195492383953844e-10  3.381862686061170e-12  1.333727504458283e-10  3.901876898997653e-10  6.622358093750362e-12  3.604875136667289e-14  6.195138442113937e-10  3.381670550910862e-12 
 5.370317963702390e+08  7.273096315901032e-10  6.314161836524657e-09  6.054580854158333e-10  3.347380179909799e-12  1.303394631574385e-10  3.813138161647007e-10  6.397664792926360e-12  3.527279371506017e-14  6.054242835240454e-10  3.347194332403855e-12 
 5.495408738576105e+08  7.107674525693477e-10  6.314158214156642e-09  5.916868818544333e-10  3.314112044429268e-12  1.273750411325699e-10  3.726414107840551e-10  6.180589372637551e-12  3.452252510595802e-14  5.916546006528039e-10  3.313932232000445e-12 
 5.623413251903347e+08  6.946009119133100e-10  6.314154809705868e-09  5.782283986983931e-10  3.282023951839201e-12  1.244779287574858e-10  3.641659228161250e-10  5.970874003649581e-12  3.379696092113663e-14  5.781975698020016e-10  3.281849933479394e-12 
 5.754399373371422e+08  6.788015201659904e-10  6.314151624596305e-09  5.650755678508633e-10  3.251082125591522e-12  1.216466050303544e-10  3.558829025779203e-10  5.768269548626022e-12  3.309515107193644e-14  5.650461259475991e-10  3.250913671310916e-12 
 5.888436553555739e+08  6.633609770170969e-10  6.314148660520357e-09  5.522214787111812e-10  3.221253345538485e-12  1.188795828264123e-10  3.477879994954048e-10  5.572535271770262e-12  3.241617903961302e-14  5.521933614238842e-10  3.221090235848625e-12 
 6.025595860743423e+08  6.482711672703655e-10  6.314145919446933e-09  5.396593748167520e-10  3.192504953281626e-12  1.161754081763354e-10  3.398769599923770e-10  5.383438557960493e-12  3.175916093927025e-14  5.396325225715183e-10  3.192346978701430e-12 
 6.165950018614663e+08  6.335241568854271e-10  6.314143403630000e-09  5.273826505462361e-10  3.164804857606925e-12  1.135326595577492e-10  3.321456254177909e-10  5.200754641083530e-12  3.112324460588558e-14  5.273570064466164e-10  3.164651818190682e-12 
 6.309573444801769e+08  6.191121890927513e-10  6.314141115617642e-09  5.153848478836522e-10  3.138121539906966e-12  1.109499471997971e-10  3.245899300112778e-10  5.024266341281059e-12  3.050760870098623e-14  5.153603575904799e-10  3.137973244793431e-12 
 6.456542290346388e+08  6.050276805811363e-10  6.314139058261636e-09  5.036596532429457e-10  3.112424059502172e-12  1.084259124006725e-10  3.172058989065946e-10  4.853763810829635e-12  2.991146183874219e-14  5.036362648595442e-10  3.112280326483886e-12 
 6.606934480075788e+08  5.912632177571445e-10  6.314137234727588e-09  4.922008943525212e-10  3.087682058769742e-12  1.059592268580078e-10  3.099896461726872e-10  4.689044288383403e-12  2.933404173029227e-14  4.921785583150523e-10  3.087542713881756e-12 
 6.760829753919642e+08  5.778115530758323e-10  6.314135648505641e-09  4.810025371991956e-10  3.063865768000536e-12  1.035485920120070e-10  3.029373728920358e-10  4.529911861315985e-12  2.877461434531123e-14  4.809812061719171e-10  3.063730645127732e-12 
 6.918309709189185e+08  5.646656014420710e-10  6.314134303421770e-09  4.700586830309795e-10  3.040946009904427e-12  1.011927384011969e-10  2.960453652759128e-10  4.376177235905405e-12  2.823247308989699e-14  4.700383118061961e-10  3.040814950406697e-12 
 7.079457843841195e+08  5.518184366817060e-10  6.314133203649714e-09  4.593635654180601e-10  3.018894203695800e-12  9.889042503066157e-11  2.893099928161685e-10  4.227657515113093e-12  2.770693800002409e-14  4.593441108205561e-10  3.018767056050328e-12 
 7.244359600749712e+08  5.392632880817746e-10  6.314132353723542e-09  4.489115473713329e-10  2.997682368693179e-12  9.664043875262487e-11  2.827277064731350e-10  4.084175983715262e-12  2.719735494988256e-14  4.488929681670882e-10  2.997558988153140e-12 
 7.413102413008982e+08  5.269935369989547e-10  6.314131758550922e-09  4.386971185177895e-10  2.977283127376800e-12  9.444159365923104e-11  2.762950368992201e-10  3.945561900551774e-12  2.670309487455725e-14  4.386793753267874e-10  2.977163375645801e-12 
 7.585775750291640e+08  5.150027135353876e-10  6.314131423427069e-09  4.287148923320471e-10  2.957669707855605e-12  9.229273048737291e-11  2.700085926977475e-10  3.811650297664534e-12  2.622355300660747e-14  4.286979475449901e-10  2.957553452777205e-12 
 7.762471166286714e+08  5.032844932810040e-10  6.314131354049459e-09  4.189596034232920e-10  2.938815945698513e-12  9.019271603541251e-11  2.638650587165865e-10  3.682281786104172e-12  2.575814812616584e-14  4.189434211220530e-10  2.938703060960218e-12 
 7.943282347242607e+08  4.918326941214404e-10  6.314131556533305e-09  4.094261048768727e-10  2.920696285099248e-12  8.814044259163087e-11  2.578611943760986e-10  3.557302368190187e-12  2.530632182432394e-14  4.094106507585131e-10  2.920586649950361e-12 
 8.128305161640779e+08  4.806412731106275e-10  6.314132037427846e-09  4.001093656497793e-10  2.903285779344327e-12  8.613482737424447e-11  2.519938320309222e-10  3.436563256016267e-12  2.486753777958811e-14  4.000946069539755e-10  2.903179278327086e-12 
 8.317637711026491e+08  4.697043234071074e-10  6.314132803733466e-09  3.910044680192190e-10  2.886560090566584e-12  8.417481198281968e-11  2.462598753651041e-10  3.319920695998640e-12  2.444128104730700e-14  3.909903734589443e-10  2.886456613260025e-12 
 8.511380382023541e+08  4.590160712731282e-10  6.314133862919730e-09  3.821066050834948e-10  2.870495488769911e-12  8.225936186091641e-11  2.406562978200808e-10  3.207235799271466e-12  2.402705736200097e-14  3.820931447788114e-10  2.870394929545922e-12 
 8.709635899560577e+08  4.485708731355514e-10  6.314135222944297e-09  3.734110783143824e-10  2.855068850119971e-12  8.038746576978799e-11  2.351801410550079e-10  3.098374377739221e-12  2.362439245259599e-14  3.733982237292047e-10  2.854971107911011e-12 
 8.912509381337219e+08  4.383632127075918e-10  6.314136892272830e-09  3.649132951601863e-10  2.840257654501934e-12  7.855813527296372e-11  2.298285134389266e-10  2.993206785601778e-12  2.323283137060734e-14  3.649010190418819e-10  2.840162632579926e-12 
 9.120108393558856e+08  4.283876981704182e-10  6.314138879899905e-09  3.566087666986669e-10  2.826039982350318e-12  7.677040423153988e-11  2.245985885742589e-10  2.891607766173635e-12  2.285193783133736e-14  3.565970430203689e-10  2.825947588116230e-12 
 9.332543007969663e+08  4.186390594136234e-10  6.314141195370969e-09  3.484931053390077e-10  2.812394510763783e-12  7.502332831000280e-11  2.194876038511150e-10  2.793456303824160e-12  2.248129356819788e-14  3.484819092445164e-10  2.812304655547431e-12 
 9.549925860214106e+08  4.091121453335769e-10  6.314143848805401e-09  3.405620225720029e-10  2.799300508922755e-12  7.331598449240789e-11  2.144928590318989e-10  2.698635480871127e-12  2.212049770028682e-14  3.405513303231612e-10  2.799213107792382e-12 
 9.772372209557847e+08  3.998019211886750e-10  6.314146850920736e-09  3.328113267676426e-10  2.786737832829256e-12  7.164747060873899e-11  2.096117148656961e-10  2.607032339265070e-12  2.176916611333703e-14  3.328011156940743e-10  2.786652804410451e-12 
 9.999999999999734e+08  3.907034660104949e-10  6.314150213058072e-09  3.252369210192654e-10  2.774686919397448e-12  7.001690487127009e-11  2.048415917319256e-10  2.518537746906977e-12  2.142693085420248e-14  3.252271694703708e-10  2.774604185700993e-12 
 1.023292992280727e+09  3.818119700698713e-10  6.314153947208762e-09  3.178348010334627e-10  2.763128779921908e-12  6.842342542075518e-11  2.001799683127445e-10  2.433046268446888e-12  2.109343953900698e-14  3.178254883325697e-10  2.763048266180153e-12 
 1.047128548050872e+09  3.731227323969111e-10  6.314158066042399e-09  3.106010530649118e-10  2.752044992956696e-12  6.686618988226965e-11  1.956243802936888e-10  2.350456040415694e-12  2.076835477510040e-14  3.105921594654865e-10  2.751966627468065e-12 
 1.071519305237578e+09  3.646311583539675e-10  6.314162582936209e-09  3.035318518953225e-10  2.741417696640165e-12  6.534437493052898e-11  1.911724190920414e-10  2.270668650547125e-12  2.045135359695235e-14  3.035233585391467e-10  2.741341410621435e-12 
 1.096478196143156e+09  3.563327572606027e-10  6.314167512005852e-09  2.966234588556872e-10  2.731229580501824e-12  6.385717586451108e-11  1.868217306124198e-10  2.193589021151476e-12  2.014212691609488e-14  2.966153477329146e-10  2.731155307947805e-12 
 1.122018454301933e+09  3.482231400695718e-10  6.314172868137757e-09  2.898722198910288e-10  2.721463876789058e-12  6.240380619120970e-11  1.825700140290758e-10  2.119125296406993e-12  1.984037898520855e-14  2.898644738020358e-10  2.721391554339333e-12 
 1.148153621496852e+09  3.402980170928720e-10  6.314178667023026e-09  2.832745636668491e-10  2.712104351353976e-12  6.098349721834780e-11  1.784150205944107e-10  2.047188733439161e-12  1.954582687643672e-14  2.832671661857996e-10  2.712033918166379e-12 
 1.174897554939498e+09  3.325531957769039e-10  6.314184925192994e-09  2.768269997164824e-10  2.703135294139190e-12  5.959549765588104e-11  1.743545524732058e-10  1.977693597062240e-12  1.925819997397459e-14  2.768199351565301e-10  2.703066691769688e-12 
 1.202264434617381e+09  3.249845785258068e-10  6.314191660056502e-09  2.705261166285733e-10  2.694541509303622e-12  5.823907322612353e-11  1.703864616020789e-10  1.910557058061495e-12  1.897723948097093e-14  2.705193700086268e-10  2.694474681592299e-12 
 1.230268770812348e+09  3.175881605720338e-10  6.314198889939002e-09  2.643685802738994e-10  2.686308305027728e-12  5.691350628232879e-11  1.665086485736774e-10  1.845699094898422e-12  1.870269794074330e-14  2.643621372868820e-10  2.686243197990585e-12 
 1.258925411794133e+09  3.103600278932501e-10  6.314206634123525e-09  2.583511320707751e-10  2.678421483038224e-12  5.561809543556225e-11  1.627190615451299e-10  1.783042398725132e-12  1.843433877228973e-14  2.583449790533105e-10  2.678358044764498e-12 
 1.288249551693099e+09  3.032963551746370e-10  6.314214912893655e-09  2.524705872882718e-10  2.670867327891195e-12  5.435215518970149e-11  1.590156951702758e-10  1.722512281597656e-12  1.817193582005016e-14  2.524647111917319e-10  2.670805508445945e-12 
 1.318256738556371e+09  2.963934038157104e-10  6.314223747578558e-09  2.467238333865112e-10  2.663632596051472e-12  5.311501558440452e-11  1.553965895552073e-10  1.664036587781620e-12  1.791527291784460e-14  2.467182217493663e-10  2.663572347383150e-12 
 1.348962882591617e+09  2.896475199807586e-10  6.314233160600188e-09  2.411078283932862e-10  2.656704504805569e-12  5.190602184588625e-11  1.518598292366552e-10  1.607545608047086e-12  1.766414346689313e-14  2.411024693146971e-10  2.656645780658344e-12 
 1.380384264602847e+09  2.830551326920280e-10  6.314243175522736e-09  2.356195993162836e-10  2.650070721043342e-12  5.072453404534762e-11  1.484035421827640e-10  1.552971996852814e-12  1.741835002779298e-14  2.356144814308811e-10  2.650013476873936e-12 
 1.412537544622716e+09  2.766127519647919e-10  6.314253817104501e-09  2.302562405901855e-10  2.643719349942547e-12  4.956992676490224e-11  1.450258988158014e-10  1.500250692323391e-12  1.717770392630718e-14  2.302513530439845e-10  2.643663542841348e-12 
 1.445439770745888e+09  2.703169669834490e-10  6.314265111352199e-09  2.250149125579426e-10  2.637638923589068e-12  4.844158877084846e-11  1.417251110563590e-10  1.449318838925871e-12  1.694202487279844e-14  2.250102449853377e-10  2.637584512205308e-12 
 1.479108388168167e+09  2.641644443178156e-10  6.314277085577899e-09  2.198928399855175e-10  2.631818389563003e-12  4.733892269413705e-11  1.384994313886047e-10  1.400115712755588e-12  1.671114059511449e-14  2.198883824873139e-10  2.631765334033795e-12 
 1.513561248436167e+09  2.581519261787832e-10  6.314289768458664e-09  2.148873106094119e-10  2.626247099520241e-12  4.626134471788649e-11  1.353471519461537e-10  1.352582649343820e-12  1.648488648471957e-14  2.148830537318440e-10  2.626195361403273e-12 
 1.548816618912439e+09  2.522762287125285e-10  6.314303190099056e-09  2.099956737162986e-10  2.620914797796047e-12  4.520828427180048e-11  1.322666036181340e-10  1.306662973902792e-12  1.626310525584019e-14  2.099916084309913e-10  2.620864340005742e-12 
 1.584893192461070e+09  2.465342403324767e-10  6.314317382096615e-09  2.052153387540922e-10  2.615811610056470e-12  4.417918373334468e-11  1.292561551750269e-10  1.262301933926344e-12  1.604564661738405e-14  2.052114564389241e-10  2.615762396803435e-12 
 1.621810097358885e+09  2.409229200882299e-10  6.314332377610453e-09  2.005437739738016e-10  2.610928032020791e-12  4.317349813554173e-11  1.263142124138704e-10  1.219446634067235e-12  1.583236695737145e-14  2.005400663946282e-10  2.610880028754382e-12 
 1.659586907437515e+09  2.354392960706855e-10  6.314348211433114e-09  1.959785051015202e-10  2.606254918276639e-12  4.219069488124598e-11  1.234392173224211e-10  1.178045973214697e-12  1.562312903960708e-14  1.959749643947195e-10  2.606208091630478e-12 
 1.698243652461697e+09  2.300804638525871e-10  6.314364920065872e-09  1.915171140399205e-10  2.601783471207479e-12  4.123025346376222e-11  1.206296472618760e-10  1.138050583698362e-12  1.541780171230781e-14  1.915137326957230e-10  2.601737788947764e-12 
 1.737800828749327e+09  2.248435849637543e-10  6.314382541797582e-09  1.871572375986262e-10  2.597505230050737e-12  4.029166519367387e-11  1.178840141677621e-10  1.099412772547116e-12  1.521625962839472e-14  1.871540084451952e-10  2.597460661027199e-12 
 1.778279410038874e+09  2.197258854002628e-10  6.314401116787283e-09  1.828965662528553e-10  2.593412060102444e-12  3.937443293175009e-11  1.152008637686105e-10  1.062086464733838e-12  1.501838297714514e-14  1.828934824410824e-10  2.593368574201815e-12 
 1.819700858609933e+09  2.147246541668487e-10  6.314420687150739e-09  1.787328429297276e-10  2.589496142083269e-12  3.847807082780179e-11  1.125787748220371e-10  1.026027148339242e-12  1.482405722689823e-14  1.787298979187129e-10  2.589453710185117e-12 
 1.862087136662816e+09  2.098372418518298e-10  6.314441297051053e-09  1.746638618216490e-10  2.585749961678776e-12  3.760210406536044e-11  1.100163583678569e-10  9.911918215702482e-13  1.463317287849968e-14  1.746610493648339e-10  2.585708555613587e-12 
 1.905460717963194e+09  2.050610592338486e-10  6.314462992793593e-09  1.706874672261931e-10  2.582166299265199e-12  3.674606861205476e-11  1.075122569978714e-10  9.575389415705041e-13  1.444562522916784e-14  1.706847813581167e-10  2.582125891774580e-12 
 1.949844599757991e+09  2.003935759197536e-10  6.314485822925434e-09  1.668015524119096e-10  2.578738219830811e-12  3.590951097556327e-11  1.050651441419678e-10  9.250283749626949e-13  1.426131414646237e-14  1.667989874355614e-10  2.578698784529709e-12 
 1.995262314968824e+09  1.958323190129479e-10  6.314509838339447e-09  1.630040585095022e-10  2.575459063101355e-12  3.509198796502272e-11  1.026737233701825e-10  8.936213500643262e-13  1.408014385203422e-14  1.630016089842426e-10  2.575420574442165e-12 
 2.041737944669473e+09  1.913748718115501e-10  6.314535092383385e-09  1.592929734278283e-10  2.572322433876631e-12  3.429306645777484e-11  1.003367277103816e-10  8.632804107206025e-13  1.390202271483588e-14  1.592906341578539e-10  2.572284867115116e-12 
 2.089296130853981e+09  1.870188725357194e-10  6.314561640974072e-09  1.556663307941826e-10  2.569322192584328e-12  3.351232317133577e-11  9.805291898122362e-11  8.339693716998901e-13  1.372686305347253e-14  1.556640968175095e-10  2.569285523747225e-12 
 2.137962089502173e+09  1.827620130835152e-10  6.314589542717006e-09  1.521222089183395e-10  2.566452446055721e-12  3.274934444047536e-11  9.582108714007195e-11  8.056532755990935e-13  1.355458094737586e-14  1.521200754962818e-10  2.566416651909961e-12 
 2.187761623949492e+09  1.786020378146691e-10  6.314618859031626e-09  1.486587297798345e-10  2.563707538527061e-12  3.200372599929483e-11  9.364004964553140e-11  7.782983512080159e-13  1.338509605648642e-14  1.486566923869570e-10  2.563672596550511e-12 
 2.238721138568277e+09  1.745367423616629e-10  6.314649654282458e-09  1.452740580379814e-10  2.561082042869273e-12  3.127507276819449e-11  9.150865083429293e-11  7.518719732834890e-13  1.321833144913310e-14  1.452721123525041e-10  2.561047931222910e-12 
 2.290867652767709e+09  1.705639724675146e-10  6.314681995916482e-09  1.419664000641265e-10  2.558570752047661e-12  3.056299864562438e-11  8.942576131197192e-11  7.263426236856988e-13  1.305421343780298e-14  1.419645419587604e-10  2.558537449549108e-12 
 2.344228815319856e+09  1.666816228496903e-10  6.314715954606963e-09  1.387340029956550e-10  2.556168670812642e-12  2.986712630451368e-11  8.739027735763607e-11  7.016798538307302e-13  1.289267142250075e-14  1.387322285288503e-10  2.556136156910985e-12 
 2.398832919019423e+09  1.628876360895680e-10  6.314751604404049e-09  1.355751538112705e-10  2.553871007621463e-12  2.918708699327601e-11  8.540112034172181e-11  6.778542484148874e-13  1.273363774140122e-14  1.355734592188588e-10  2.553839262373287e-12 
 2.454708915684961e+09  1.591800015468933e-10  6.314789022892498e-09  1.324881784270827e-10  2.551673166790433e-12  2.852252034129050e-11  8.345723615704637e-11  6.548373903678439e-13  1.257704752850594e-14  1.324865601142949e-10  2.551642170837005e-12 
 2.511886431509510e+09  1.555567542986765e-10  6.314828291356802e-09  1.294714408130437e-10  2.549570740876286e-12  2.787307416876020e-11  8.155759466262724e-11  6.326018269931136e-13  1.242283857802010e-14  1.294698953468874e-10  2.549540475421819e-12 
 2.570395782768792e+09  1.520159741019945e-10  6.314869494954099e-09  1.265233421292863e-10  2.547559503284854e-12  2.723840430085132e-11  7.970118914002728e-11  6.111210372557247e-13  1.227095121517401e-14  1.265218662312656e-10  2.547529950075808e-12 
 2.630267991895308e+09  1.485557843801676e-10  6.314912722895225e-09  1.236423198819231e-10  2.545635401104703e-12  2.661817438601908e-11  7.788703576194928e-11  5.903694001783309e-13  1.212132817321997e-14  1.236409104210864e-10  2.545606542410044e-12 
 2.691534803926840e+09  1.451743512317974e-10  6.314958068634274e-09  1.208268470978772e-10  2.543794548162874e-12  2.601205571842759e-11  7.611417307280978e-11  5.703221643082909e-13  1.197391447634307e-14  1.208255010841779e-10  2.543766366755264e-12 
 2.754228703338089e+09  1.418698824621588e-10  6.315005630067071e-09  1.180754315183245e-10  2.542033218299331e-12  2.541972706437332e-11  7.438166148102669e-11  5.509554182195112e-13  1.182865732823129e-14  1.180741460962800e-10  2.542005697437176e-12 
 2.818382931264374e+09  1.386406266364506e-10  6.315055509738992e-09  1.153866148103329e-10  2.540347838856648e-12  2.484087449262339e-11  7.268858276276216e-11  5.322460620140616e-13  1.168550600605946e-14  1.153853872529689e-10  2.540320962266978e-12 
 2.884031503126524e+09  1.354848721544206e-10  6.315107815062518e-09  1.127589717962956e-10  2.538734984380819e-12  2.427519120858197e-11  7.103403957686599e-11  5.141717797897505e-13  1.154441175964775e-14  1.127577994993635e-10  2.538708736242935e-12 
 2.951209226666302e+09  1.324009463458902e-10  6.315162658545027e-09  1.101911097007642e-10  2.537191370528973e-12  2.372237739219976e-11  6.941715499077156e-11  4.967110130409867e-13  1.140532771556428e-14  1.101899901772179e-10  2.537165735458839e-12 
 3.019951720401930e+09  1.293872145867145e-10  6.315220158027283e-09  1.076816674142928e-10  2.535713848179518e-12  2.318214003954337e-11  6.783707201710061e-11  4.798429349613534e-13  1.126820878594915e-14  1.076805982890146e-10  2.535688811214841e-12 
 3.090295432513503e+09  1.264420794347218e-10  6.315280436933088e-09  1.052293147739153e-10  2.534299397739957e-12  2.265419280794321e-11  6.629295316073873e-11  4.635474256173812e-13  1.113301158184435e-14  1.052282937786789e-10  2.534274944325936e-12 
 3.162277660168289e+09  1.235639797851886e-10  6.315343624530681e-09  1.028327518598857e-10  2.532945123647554e-12  2.213825586464000e-11  6.478397997614843e-11  4.478050479640389e-13  1.099969433082277e-14  1.028317768285458e-10  2.532921239623244e-12 
 3.235936569296190e+09  1.207513900454134e-10  6.315409856206370e-09  1.004907083083165e-10  2.531648249057750e-12  2.163405573885217e-11  6.330935263469133e-11  4.325970246734528e-13  1.086821679871623e-14  1.004897771722149e-10  2.531624920643022e-12 
 3.311311214825816e+09  1.180028193279642e-10  6.315479273750986e-09  9.820194263936305e-11  2.530406110715258e-12  2.114132517718756e-11  6.186828950173650e-11  4.179052157493255e-13  1.073854021525067e-14  9.820105342294146e-11  2.530383324498319e-12 
 3.388441561391928e+09  1.153168106621812e-10  6.315552025659772e-09  9.596524160060381e-11  2.529216154002617e-12  2.065980300232487e-11  6.046002672333629e-11  4.037120969004530e-13  1.061062720340407e-14  9.596439241721420e-11  2.529193896928059e-12 
 3.467368504525217e+09  1.126919402235272e-10  6.315628267446299e-09  9.377941952527796e-11  2.528075928160838e-12  2.018923397489166e-11  5.908381782225545e-11  3.900007386476381e-13  1.048444171230929e-14  9.377860857318122e-11  2.528054187518191e-12 
 3.548133892335652e+09  1.101268165803862e-10  6.315708161971082e-09  9.164331770504718e-11  2.526983081676919e-12  1.972936865846740e-11  5.773893330314485e-11  3.767547861391649e-13  1.035994895353238e-14  9.164254326359202e-11  2.526961845089684e-12 
 3.630780547700909e+09  1.076200799579190e-10  6.315791879785561e-09  8.955580377695649e-11  2.525935357832795e-12  1.927996328764164e-11  5.642466026665459e-11  3.639584396508350e-13  1.023711534056259e-14  8.955506420293016e-11  2.525914613247921e-12 
 3.715352290971618e+09  1.051704015185941e-10  6.315879599492184e-09  8.751577112427544e-11  2.524930590410403e-12  1.884077963905875e-11  5.514030203228644e-11  3.515964357473816e-13  1.011590843135826e-14  8.751506484841871e-11  2.524910326088202e-12 
 3.801893963205502e+09  1.027764826590188e-10  6.315971508121294e-09  8.552213829090827e-11  2.523966699547493e-12  1.841158490538231e-11  5.388517776978954e-11  3.396540290828545e-13  9.996296873798645e-15  8.552146381458730e-11  2.523946904051961e-12 
 3.890451449942693e+09  1.004370543227061e-10  6.316067801525636e-09  8.357384840906851e-11  2.523041687738854e-12  1.799215157211360e-11  5.265862213890791e-11  3.281169748183309e-13  9.878250353898518e-15  8.357320430109641e-11  2.523022349928369e-12 
 3.981071705534857e+09  9.815087632841847e-11  6.316168684793278e-09  8.166986863991997e-11  2.522153635977685e-12  1.758225729720014e-11  5.145998493729173e-11  3.169715116360350e-13  9.761739546648772e-15  8.166925353352138e-11  2.522134744996088e-12 
 4.073802778041009e+09  9.591673671373803e-11  6.316274372679806e-09  7.980918962689245e-11  2.521300700031795e-12  1.718168479337148e-11  5.028863075638976e-11  3.062043453296596e-13  9.646736069351803e-15  7.980860221680479e-11  2.521282245299805e-12 
 4.168693834703233e+09  9.373345109352208e-11  6.316385090060654e-09  7.799082496138716e-11  2.520481106849513e-12  1.679022171314116e-11  4.914393864514264e-11  2.958026329513602e-13  9.533212437327007e-15  7.799026400109227e-11  2.520463078056485e-12 
 4.265795188015802e+09  9.159986203290780e-11  6.316501072404536e-09  7.621381066059311e-11  2.519693151090085e-12  1.640766053641450e-11  4.802530178130216e-11  2.857539674965604e-13  9.421142021866765e-15  7.621327495967350e-11  2.519675538186074e-12 
 4.365158322401532e+09  8.951483843453934e-11  6.316622566268939e-09  7.447720465714180e-11  2.518935191773527e-12  1.603379846064399e-11  4.693212715020481e-11  2.760463631083380e-13  9.310499010329123e-15  7.447669307875585e-11  2.518917984961661e-12 
 4.466835921509501e+09  8.747727493969631e-11  6.316749829818630e-09  7.278008630033308e-11  2.518205649044947e-12  1.566843729347458e-11  4.586383523083153e-11  2.666682407837810e-13  9.201258368258609e-15  7.277959775880386e-11  2.518188838774075e-12 
 4.570881896148617e+09  8.548609134301122e-11  6.316883133368344e-09  7.112155586867214e-11  2.517503001048358e-12  1.531138334782297e-11  4.481985968898974e-11  2.576084145652992e-13  9.093395803431576e-15  7.112108932718477e-11  2.517486578005978e-12 
 4.677351412871845e+09  8.354023202046875e-11  6.317022759950661e-09  6.950073409346211e-11  2.516825780905141e-12  1.496244733933597e-11  4.379964707745709e-11  2.488560782004520e-13  8.986887731727208e-15  6.950028856186475e-11  2.516809736010585e-12 
 4.786300923226243e+09  8.163866537038757e-11  6.317169005910279e-09  6.791676169320284e-11  2.516172573792442e-12  1.462144428617437e-11  4.280265654292976e-11  2.404007922544058e-13  8.881711244730591e-15  6.791633622590655e-11  2.516156898190303e-12 
 4.897788193684319e+09  7.978038326709181e-11  6.317322181525854e-09  6.636879891855237e-11  2.515542014116771e-12  1.428819341106971e-11  4.182835953962219e-11  2.322324716596788e-13  8.777844078978059e-15  6.636839261252562e-11  2.515526699170570e-12 
 5.011872336272576e+09  7.796440052698581e-11  6.317482611660713e-09  6.485602510761273e-11  2.514932782778193e-12  1.396251804560293e-11  4.087623954936769e-11  2.243413736883459e-13  8.675264586759634e-15  6.485563710046603e-11  2.514917820064269e-12 
 5.128613839913499e+09  7.618975438675159e-11  6.317650636443684e-09  6.337763825130646e-11  2.514343604520653e-12  1.364424553665446e-11  3.994579180807358e-11  2.167180863323774e-13  8.573951708397731e-15  6.337726771946328e-11  2.514328985822264e-12 
 5.248074602497573e+09  7.445550399339567e-11  6.317826611981484e-09  6.193285456861652e-11  2.513773245363962e-12  1.333320715497703e-11  3.903652303838696e-11  2.093535170782732e-13  8.473884945924822e-15  6.193250072556647e-11  2.513758962665591e-12 
 5.370317963702371e+09  7.276072990587742e-11  6.318010911104054e-09  6.052090809146673e-11  2.513220510113098e-12  1.302923800584302e-11  3.814795118843115e-11  2.022388820626234e-13  8.375044338086868e-15  6.052057018609743e-11  2.513206555594959e-12 
 5.495408738576085e+09  7.110453360805649e-11  6.318203924144326e-09  5.914105025902438e-11  2.512684239940610e-12  1.273217694171961e-11  3.727960517647529e-11  1.953656955956725e-13  8.277410436602885e-15  5.914072757402832e-11  2.512670605973331e-12 
 5.623413251903326e+09  6.948603703270437e-11  6.318406059754029e-09  5.779254952121315e-11  2.512163310037896e-12  1.244186647692604e-11  3.643102464140328e-11  1.887257600404132e-13  8.180964283614342e-15  5.779224137156623e-11  2.512149989177387e-12 
 5.754399373371401e+09  6.790438209632891e-11  6.318617745757098e-09  5.647469095122696e-11  2.511656627331281e-12  1.215815270422791e-11  3.560175969885050e-11  1.823111560351455e-13  8.085687390261557e-15  5.647439668273564e-11  2.511643612313772e-12 
 5.888436553555717e+09  6.635873024456756e-11  6.318839430042425e-09  5.518677586684235e-11  2.511163128258903e-12  1.188088521332505e-11  3.479137070288062e-11  1.761142330478568e-13  7.991561716327378e-15  5.518649485475601e-11  2.511150411996138e-12 
 6.025595860743402e+09  6.484826200791001e-11  6.319071581497684e-09  5.392812146032974e-11  2.510681776604434e-12  1.160991701118997e-11  3.399942801307657e-11  1.701276002511657e-13  7.898569650891410e-15  5.392785310801563e-11  2.510669352179029e-12 
 6.165950018614641e+09  6.337217656751657e-11  6.319314690986111e-09  5.269806043676993e-11  2.510211561383777e-12  1.134510444421524e-11  3.322551176692368e-11  1.643441177069575e-13  7.806693993940861e-15  5.269780417444764e-11  2.510199422044724e-12 
 6.309573444801747e+09  6.192969133090310e-11  6.319569272368121e-09  5.149594066058487e-11  2.509751494780993e-12  1.108630712212870e-11  3.246921165736458e-11  1.587568878502063e-13  7.715917938887110e-15  5.149569594411787e-11  2.509739633939304e-12 
 6.456542290346366e+09  6.052004151726985e-11  6.319835863569767e-09  5.032112481009808e-11  2.509300610129670e-12  1.083338784363684e-11  3.173012671540948e-11  1.533592472618349e-13  7.626225055939287e-15  5.032089111983957e-11  2.509289021354163e-12 
 6.606934480075767e+09  5.914247975225496e-11  6.320115027700154e-09  4.917299003994242e-11  2.508857959936155e-12  1.058621252375694e-11  3.100786509768656e-11  1.481447587208083e-13  7.537599276289080e-15  4.917276687963308e-11  2.508846636949368e-12 
 6.760829753919620e+09  5.779627567189931e-11  6.320407354219943e-09  4.805092765113805e-11  2.508422613940979e-12  1.034465012280017e-11  3.030204387882106e-11  1.431072035259875e-13  7.450024877062928e-15  4.805071454685354e-11  2.508411550615214e-12 
 6.918309709189162e+09  5.648071553561419e-11  6.320713460163214e-09  4.695434276866757e-11  2.507993657215043e-12  1.010857257696819e-11  2.961228884853350e-11  1.382405740785940e-13  7.363486467000483e-15  4.695413926781326e-11  2.507982847568527e-12 
 7.079457843841171e+09  5.519510184794713e-11  6.321033991415036e-09  4.588265402637842e-11  2.507570188287015e-12  9.877854730526595e-12  2.893823431334997e-11  1.335390667164415e-13  7.277968972819901e-15  4.588245969672943e-11  2.507559626480178e-12 
 7.244359600749688e+09  5.393875298894715e-11  6.321369624047219e-09  4.483529325904756e-11  2.507151317298576e-12  9.652374269520155e-12  2.827952290282020e-11  1.289970747913969e-13  7.193457626232971e-15  4.483510768783199e-11  2.507140997630441e-12 
 7.413102413008958e+09  5.271100285293332e-11  6.321721065714723e-09  4.381170520144610e-11  2.506736164184141e-12  9.432011656994346e-12  2.763580538014079e-11  1.246091819818153e-13  7.109937951574752e-15  4.381152799446951e-11  2.506726081088826e-12 
 7.585775750291615e+09  5.151120049547737e-11  6.322089057115459e-09  4.281134719424656e-11  2.506323856871752e-12  9.216650069689776e-12  2.700674045708419e-11  1.203701558319811e-13  7.027395754014393e-15  4.281117797505586e-11  2.506314004915069e-12 
 7.762471166286690e+09  5.033870978841263e-11  6.322474373516143e-09  4.183368889661755e-11  2.505913529501882e-12  9.006175336175872e-12  2.639199461313531e-11  1.162749415108500e-13  6.945817108315538e-15  4.183352730570253e-11  2.505903903378036e-12 
 7.943282347242582e+09  4.919290908268817e-11  6.322877826347127e-09  4.087821200535583e-11  2.505504320660942e-12  8.800475876391637e-12  2.579124191874065e-11  1.123186557826550e-13  6.865188348116379e-15  4.087805769938661e-11  2.505494915189331e-12 
 8.128305161640754e+09  4.807319087888968e-11  6.323300264869141e-09  3.994440998040783e-11  2.505095371626312e-12  8.599442642561591e-12  2.520416386257652e-11  1.084965811821860e-13  6.785496055701001e-15  3.994426263150662e-11  2.505086181748414e-12 
 8.317637711026465e+09  4.697896150525286e-11  6.323742577915018e-09  3.903178777663673e-11  2.504685824619782e-12  8.402969061456000e-12  2.463044918274499e-11  1.048041603878008e-13  6.706727052235237e-15  3.903164707168241e-11  2.504676845396133e-12 
 8.511380382023514e+09  4.590964080299988e-11  6.324205695709643e-09  3.813986158169511e-11  2.504274821066306e-12  8.210950977965181e-12  2.406979370180880e-11  1.012369907854581e-13  6.628868388441646e-15  3.813972722165904e-11  2.504266047673563e-12 
 8.709635899560549e+09  4.486466181883174e-11  6.324690591771353e-09  3.726815855986462e-11  2.503861499855019e-12  8.023286599958191e-12  2.352190016557767e-11  9.779081921729160e-14  6.551907335689605e-15  3.726803025917640e-11  2.503852927583106e-12 
 8.912509381337191e+09  4.384347050441498e-11  6.325198284898339e-09  3.641621660172999e-11  2.503444995599495e-12  7.839876444397209e-12  2.298647808556120e-11  9.446153690846530e-14  6.475831377477792e-15  3.641609408767173e-11  2.503436619848829e-12 
 9.120108393558826e+09  4.284552542270302e-11  6.325729841243509e-09  3.558358407955515e-11  2.503024436894289e-12  7.660623284679265e-12  2.246324358500481e-11  9.124517456625962e-14  6.400628201287701e-15  3.558346709168303e-11  2.503016253173079e-12 
 9.332543007969633e+09  4.187029746093759e-11  6.326286376481542e-09  3.476981960823443e-11  2.502598944564789e-12  7.485432099177942e-12  2.195191924842775e-11  8.813789764554704e-14  6.326285690787808e-15  3.476970789782627e-11  2.502590948486419e-12 
 9.549925860214075e+09  4.091726955017793e-11  6.326869058071955e-09  3.397449181169336e-11  2.502167629907490e-12  7.314210020958035e-12  2.145223397458313e-11  8.513600177501093e-14  6.252791918369321e-15  3.397438514122104e-11  2.502159817187962e-12 
 9.772372209557816e+09  3.998593639120986e-11  6.327479107622078e-09  3.319717909461753e-11  2.501729592917810e-12  7.146866288637051e-12  2.096392283276277e-11  8.223590833865471e-14  6.180135137995461e-15  3.319707723724320e-11  2.501721959373260e-12 
 9.999999999999702e+09  3.907580418668951e-11  6.328117803354080e-09  3.243746941939032e-11  2.501283920502586e-12  6.983312198367825e-12  2.048672692237054e-11  7.943416020733305e-14  6.108303778347185e-15  3.243737215848525e-11  2.501276462046877e-12 
 1.023292992280724e+10  3.818639037938013e-11  6.328786482680183e-09  3.169496008812333e-11  2.500829684674478e-12  6.823461056917386e-12  2.002039323569013e-11  7.672741761521529e-14  6.037286436249346e-15  3.169486721680841e-11  2.500822397316838e-12 
 1.047128548050868e+10  3.731722339634334e-11  6.329486544890461e-09  3.096925752966619e-11  2.500365940725479e-12  6.667228135817523e-12  1.956467452377452e-11  7.411245417626483e-14  5.967071870362160e-15  3.096916885037314e-11  2.500358820568221e-12 
 1.071519305237574e+10  3.646784239894982e-11  6.330219453957636e-09  3.025997709148512e-11  2.499891725376828e-12  6.514530626563377e-12  1.911932916538649e-11  7.158615303598444e-14  5.897648995123770e-15  3.025989241553740e-11  2.499884768613119e-12 
 1.096478196143152e+10  3.563779703857661e-11  6.330986741463560e-09  2.956674283630211e-11  2.499406054902619e-12  6.365287596836728e-12  1.868412103892045e-11  6.914550315383869e-14  5.829006874930504e-15  2.956666198351474e-11  2.499399257814311e-12 
 1.122018454301930e+10  3.482664721786219e-11  6.331790009652029e-09  2.888918734338974e-11  2.498907923224483e-12  6.219419947731378e-12  1.825881939723829e-11  6.678759571192130e-14  5.761134718542372e-15  2.888911014168711e-11  2.498901282180001e-12 
 1.148153621496848e+10  3.403396285739276e-11  6.332630934612868e-09  2.822695151441859e-11  2.498396299974731e-12  6.076850371958493e-12  1.784319874535260e-11  6.450962064558469e-14  5.694021873701973e-15  2.822687779946946e-11  2.498389811427018e-12 
 1.174897554939494e+10  3.325932366769620e-11  6.333511269602257e-09  2.757968438375734e-11  2.497870128525454e-12  5.937503313010363e-12  1.743703872089294e-11  6.230886329189536e-14  5.627657821955896e-15  2.757961399862630e-11  2.497863789009962e-12 
 1.202264434617377e+10  3.250231892642301e-11  6.334432848504414e-09  2.694704293312772e-11  2.497328323981069e-12  5.801304925261547e-12  1.704012397729152e-11  6.018270115191808e-14  5.562032173668317e-15  2.694697572794228e-11  2.497322130113814e-12 
 1.230268770812345e+10  3.176254726059626e-11  6.335397589439918e-09  2.632869191051914e-11  2.496769771131940e-12  5.668183034986939e-12  1.665224406962686e-11  5.812860076296901e-14  5.497134663217268e-15  2.632862774215188e-11  2.496763719607591e-12 
 1.258925411794130e+10  3.103961643381520e-11  6.336407498525985e-09  2.572430365327036e-11  2.496193322366726e-12  5.538067102276750e-12  1.627319334306466e-11  5.614411467710797e-14  5.432955144364763e-15  2.572424238503528e-11  2.496187409956759e-12 
 1.288249551693095e+10  3.033314313829988e-11  6.337464673794207e-09  2.513355791522748e-11  2.495597795541226e-12  5.410888183828989e-12  1.590277082383710e-11  5.422687854226676e-14  5.369483585792520e-15  2.513349941659016e-11  2.495592019092112e-12 
 1.318256738556368e+10  2.964275279166654e-11  6.338571309271320e-09  2.455614169789062e-11  2.494981971801568e-12  5.286578896600446e-12  1.554078011270271e-11  5.237460828253377e-14  5.306710066795803e-15  2.455608584419125e-11  2.494976328233017e-12 
 1.348962882591613e+10  2.896807933832611e-11  6.339729699228664e-09  2.399174908546292e-11  2.494344593359727e-12  5.165073382297762e-12  1.518702928083045e-11  5.058509737423190e-14  5.244624773128448e-15  2.399169575765195e-11  2.494339079662966e-12 
 1.380384264602843e+10  2.830876505540077e-11  6.340942242606103e-09  2.344008108371907e-11  2.493684361219434e-12  5.046307272690576e-12  1.484133076805293e-11  4.885621421454266e-14  5.183217992992780e-15  2.344003016810467e-11  2.493678974455536e-12 
 1.412537544622712e+10  2.766446036305537e-11  6.342211447616206e-09  2.290084546261138e-11  2.492999932850736e-12  4.930217655729256e-12  1.450350128343481e-11  4.718589957953810e-14  5.122480113168774e-15  2.290079685061830e-11  2.492994670148989e-12 
 1.445439770745884e+10  2.703482363914365e-11  6.343539936534608e-09  2.237375660253480e-11  2.492289919811555e-12  4.816743042450237e-12  1.417336170810382e-11  4.557216416859005e-14  5.062401615277326e-15  2.237371019047405e-11  2.492284778367868e-12 
 1.479108388168163e+10  2.641952103807054e-11  6.344930450682442e-09  2.185853534417370e-11  2.491552885314842e-12  4.705823334652348e-12  1.385073700029287e-11  4.401308623222855e-14  5.002973072173171e-15  2.185849103302264e-11  2.491547862390196e-12 
 1.513561248436163e+10  2.581822631377500e-11  6.346385855606797e-09  2.135490884185575e-11  2.490787341740048e-12  4.597399793328063e-12  1.353545610254305e-11  4.250680928062083e-14  4.944185144463546e-15  2.135486653704802e-11  2.490782434658980e-12 
 1.548816618912435e+10  2.523062064673906e-11  6.347909146465135e-09  2.086261042033993e-11  2.489991748087890e-12  4.491415007834010e-12  1.322735185101829e-11  4.105153986993850e-14  4.886028577149220e-15  2.086257003156491e-11  2.489986954237015e-12 
 1.584893192461066e+10  2.465639247493185e-11  6.349503453619644e-09  2.038137943496842e-11  2.489164507377642e-12  4.387812865785559e-12  1.292626088688373e-11  3.964554546397349e-14  4.828494196385207e-15  2.038134087597964e-11  2.489159824204218e-12 
 1.621810097358881e+10  2.409523732859852e-11  6.351172048447315e-09  1.991096113511332e-11  2.488303963986408e-12  4.286538523660663e-12  1.263202356970081e-11  3.828715236845275e-14  4.771572906358921e-15  1.991092432354552e-11  2.488299388996925e-12 
 1.659586907437510e+10  2.354685766880673e-11  6.352918349371590e-09  1.945110653085176e-11  2.487408400930190e-12  4.187538378098661e-12  1.234448389279321e-11  3.697474373558841e-14  4.715255686284232e-15  1.945107138804620e-11  2.487403931689000e-12 
 1.698243652461693e+10  2.301096272966505e-11  6.354745928121264e-09  1.900157226280488e-11  2.486476037086847e-12  4.090760037880123e-12  1.206348940053888e-11  3.570675763648418e-14  4.659533587510383e-15  1.900153871364250e-11  2.486471671214827e-12 
 1.737800828749323e+10  2.248726836412934e-11  6.356658516222122e-09  1.856212047507760e-11  2.485505024361438e-12  3.996152296574193e-12  1.178889110754425e-11  3.448168519909886e-14  4.604397730745353e-15  1.856208844781968e-11  2.485500759534683e-12 
 1.778279410038869e+10  2.197549689331562e-11  6.358660011726675e-09  1.813251869123864e-11  2.484493444794863e-12  3.903665105840376e-12  1.152054341965784e-11  3.329806880954661e-14  4.549839303393844e-15  1.813248811737463e-11  2.484489278743412e-12 
 1.819700858609929e+10  2.147537695923933e-11  6.360754486187082e-09  1.771253969328171e-11  2.483439307617112e-12  3.813249549372082e-12  1.125830405678153e-11  3.215450037458884e-14  4.495849557010660e-15  1.771251050738392e-11  2.483435238123700e-12 
 1.862087136662811e+10  2.098664338090281e-11  6.362946191876022e-09  1.730196140351080e-11  2.482340546247006e-12  3.724857817469596e-12  1.100203397743837e-11  3.104961964324497e-14  4.442419804870884e-15  1.730193354309562e-11  2.482336571145856e-12 
 1.905460717963190e+10  2.050903701365471e-11  6.365239569260015e-09  1.690056676929409e-11  2.481195015240765e-12  3.638443182230610e-12  1.075159730505727e-11  2.998211258552050e-14  4.389541419658812e-15  1.690054017468947e-11  2.481191132416393e-12 
 1.949844599757986e+10  2.004230461174657e-11  6.367639254729156e-09  1.650814365063321e-11  2.480000487192416e-12  3.553959973346740e-12  1.050686125593515e-11  2.895070982631791e-14  4.337205831278346e-15  1.650811826485205e-11  2.479996694578482e-12 
 1.995262314968819e+10  1.958619869401389e-11  6.370150088586879e-09  1.612448471049561e-11  2.478754649589667e-12  3.471363554494930e-12  1.026769606883874e-11  2.795418513266211e-14  4.285404524788098e-15  1.612446047911496e-11  2.478750945167839e-12 
 2.041737944669468e+10  1.914047741260997e-11  6.372777123302682e-09  1.574938730786036e-11  2.477455101629562e-12  3.390610300312895e-12  1.003397493620854e-11  2.699135395243525e-14  4.234129038465140e-15  1.574936417890591e-11  2.477451483428410e-12 
 2.089296130853976e+10  1.870490442472325e-11  6.375525632030219e-09  1.538265339342841e-11  2.476099350999050e-12  3.311657573948192e-12  9.805573936928435e-12  2.606107200287679e-14  4.183370962002024e-15  1.538263131726431e-11  2.476095817092972e-12 
 2.137962089502167e+10  1.827924876720972e-11  6.378401117392340e-09  1.502408940795069e-11  2.474684810626414e-12  3.234463705170799e-12  9.582371970625527e-12  2.516223390716379e-14  4.133121934842368e-15  1.502406833717422e-11  2.474681359134578e-12 
 2.187761623949486e+10  1.786328473407414e-11  6.381409320533879e-09  1.467350618312852e-11  2.473208795410423e-12  3.158987969039463e-12  9.364250693465215e-12  2.429377187744391e-14  4.083373644661003e-15  1.467348607246958e-11  2.473205424495740e-12 
 2.238721138568272e+10  1.745679175673465e-11  6.384556230442078e-09  1.433071884504248e-11  2.471668518935030e-12  3.085190565112325e-12  9.151094455407542e-12  2.345465444274730e-14  4.034117825995308e-15  1.433069965126758e-11  2.471665226803146e-12 
 2.290867652767703e+10  1.705955428700759e-11  6.387848093533392e-09  1.399554672006720e-11  2.470061090178577e-12  3.013032597192709e-12  8.942790238891612e-12  2.264388522025832e-14  3.985346259035293e-15  1.399552840188772e-11  2.470057875076893e-12 
 2.344228815319851e+10  1.667136168275006e-11  6.391291423504368e-09  1.366781324323100e-11  2.468383510227490e-12  2.942476053601221e-12  8.739227598915505e-12  2.186050172847785e-14  3.937050768580380e-15  1.366779576121566e-11  2.468380370444197e-12 
 2.398832919019417e+10  1.629200809609975e-11  6.394893011442873e-09  1.334734586898045e-11  2.466632669005808e-12  2.873483787965548e-12  8.540298604479994e-12  2.110357424085714e-14  3.889223223171927e-15  1.334732918547167e-11  2.466629602868950e-12 
 2.454708915684955e+10  1.592129236425258e-11  6.398659936194568e-09  1.303397598431126e-11  2.464805342033085e-12  2.806019500519688e-12  8.345897781364995e-12  2.037220467853161e-14  3.841855534410979e-15  1.303396006334526e-11  2.464802347909642e-12 
 2.511886431509503e+10  1.555901790272006e-11  6.402599574977815e-09  1.272753882422785e-11  2.462898187224721e-12  2.740047719904467e-12  8.155922056208455e-12  1.966552554082873e-14  3.794939656471705e-15  1.272752363145842e-11  2.462895263519710e-12 
 2.570395782768785e+10  1.520499260101007e-11  6.406719614238579e-09  1.242787338949520e-11  2.460907741750166e-12  2.675533785461522e-12  7.970270701858016e-12  1.898269887226892e-14  3.748467585821524e-15  1.242785889212081e-11  2.460904886905761e-12 
 2.630267991895301e+10  1.485902872067524e-11  6.411028060734726e-09  1.213482236664708e-11  2.458830418966112e-12  2.612443830013065e-12  7.788845283966487e-12  1.832291526482069e-14  3.702431361159814e-15  1.213480853334137e-11  2.458827631460791e-12 
 2.691534803926833e+10  1.452094279567515e-11  6.415533252837196e-09  1.184823205021609e-11  2.456662505443456e-12  2.550744763119900e-12  7.611549608802861e-12  1.768539289421253e-14  3.656823063587727e-15  1.184821885106137e-11  2.456659783791154e-12 
 2.754228703338082e+10  1.419055553499943e-11  6.420243872032921e-09  1.156795226715099e-11  2.454400158108533e-12  2.490404254810359e-12  7.438289672251164e-12  1.706937658914385e-14  3.611634817022346e-15  1.156793967357484e-11  2.454397500857827e-12 
 2.818382931264367e+10  1.386769172750002e-11  6.425168954612059e-09  1.129383630338782e-11  2.452039401521082e-12  2.431390719772864e-12  7.268973609970133e-12  1.647413693227527e-14  3.566858788869151e-15  1.129382428810246e-11  2.452036807254379e-12 
 2.884031503126517e+10  1.355218014888232e-11  6.430317903519075e-09  1.102574083254126e-11  2.449576125313280e-12  2.373673302004965e-12  7.103511648687313e-12  1.589896939191550e-14  3.522487190967331e-15  1.102572936948571e-11  2.449573592646037e-12 
 2.951209226666295e+10  1.324385347080577e-11  6.435700500344352e-09  1.076352584668309e-11  2.447006081816273e-12  2.317221859911673e-12  6.941816058601735e-12  1.534319348335723e-14  3.478512280823140e-15  1.076351491096791e-11  2.447003609396223e-12 
 3.019951720401923e+10  1.294254817204601e-11  6.441326917429605e-09  1.050705458917464e-11  2.444324883902720e-12  2.262006951845964e-12  6.783801106869960e-12  1.480615195884881e-14  3.434926363147003e-15  1.050704415702913e-11  2.444322470409117e-12 
 3.090295432513495e+10  1.264810445167122e-11  6.447207730056853e-09  1.025619348951953e-11  2.441528003076069e-12  2.207999822084233e-12  6.629383012150826e-12  1.428721002522085e-14  3.391721791710581e-15  1.025618353824133e-11  2.441525647218949e-12 
 3.162277660168282e+10  1.236036614418726e-11  6.453353928686948e-09  1.001081210020310e-11  2.438610767839530e-12  2.155172387229436e-12  6.478479900184816e-12  1.378575458821872e-14  3.348890971540378e-15  1.001080260811006e-11  2.438608468358987e-12 
 3.235936569296183e+10  1.207918063660636e-11  6.459776931209404e-09  9.770783035483855e-12  2.435568362380021e-12  2.103497223034466e-12  6.331011760384492e-12  1.330119352262201e-14  3.306426361464856e-15  9.770773981868067e-12  2.435566118045497e-12 
 3.311311214825809e+10  1.180439878739595e-11  6.466488595161008e-09  9.535981912101504e-12  2.432395825604664e-12  2.052947551638139e-12  6.186900403412997e-12  1.283295496726099e-14  3.264320477032100e-15  9.535973277185390e-12  2.432393635214255e-12 
 3.388441561391921e+10  1.153587484726470e-11  6.473501229865888e-09  9.306287291864926e-12  2.429088050569769e-12  2.003497229205892e-12  6.046069419728090e-12  1.238048664406821e-14  3.222565893815251e-15  9.306279056759317e-12  2.429085912949540e-12 
 3.467368504525209e+10  1.127346638174437e-11  6.480827608444748e-09  9.081580626082038e-12  2.425639784344605e-12  1.955120733967027e-12  5.908444139069839e-12  1.194325520033008e-14  3.181155251122830e-15  9.081572772746130e-12  2.425637698347923e-12 
 3.548133892335645e+10  1.101703419552663e-11  6.488480979635605e-09  8.861746201791536e-12  2.422045628354517e-12  1.907793154639846e-12  5.773951590870377e-12  1.152074557332894e-14  3.140081256130784e-15  8.861738712994655e-12  2.422043592861395e-12 
 3.630780547700901e+10  1.076644225851535e-11  6.496475079362771e-09  8.646671089754630e-12  2.418300039250230e-12  1.861490179235703e-12  5.642520465564827e-12  1.111246037659083e-14  3.099336688452713e-15  8.646663949039704e-12  2.418298053166680e-12 
 3.715352290971610e+10  1.052155763355560e-11  6.504824141984802e-09  8.436245094162297e-12  2.414397330352338e-12  1.816188084232382e-12  5.514081076782836e-12  1.071791930697799e-14  3.058914405164097e-15  8.436238285810990e-12  2.414395392609743e-12 
 3.801893963205494e+10  1.028225040580186e-11  6.513542911145899e-09  8.230360704010879e-12  2.410331673721969e-12  1.771863724106628e-12  5.388565324400705e-12  1.033665857188754e-14  3.018807346295407e-15  8.230354213010278e-12  2.410329783276462e-12 
 3.890451449942685e+10  1.004839361368847e-11  6.522646650148673e-09  8.028913046095689e-12  2.406097102910522e-12  1.728494521215029e-12  5.265906658434501e-12  9.968230335839810e-15  2.979008540807939e-15  8.028906858106495e-12  2.406095258742372e-12 
 3.981071705534849e+10  9.819863181466791e-12  6.532151151759262e-09  7.831799839568830e-12  2.401687516442964e-12  1.686058456011641e-12  5.146040043755045e-12  9.612202185760681e-15  2.939511113064718e-15  7.831793940894991e-12  2.401685717555982e-12 
 4.073802778041000e+10  9.596537853274022e-12  6.542072747348744e-09  7.638921352003469e-12  2.397096682090579e-12  1.644534057589933e-12  5.028901925606008e-12  9.268156614282276e-15  2.900308289807122e-15  7.638915729563160e-12  2.397094927511526e-12 
 4.168693834703224e+10  9.378299128699878e-12  6.552428315267286e-09  7.450180356902787e-12  2.392318241990136e-12  1.603900394535748e-12  4.914430195906950e-12  8.935690520405835e-15  2.861393407645850e-15  7.450174998200717e-12  2.392316530768147e-12 
 4.265795188015794e+10  9.165031199817933e-12  6.563235288339864e-09  7.265482092586890e-12  2.387345718667053e-12  1.564137066076918e-12  4.802564160323289e-12  8.614414726888948e-15  2.822759921072319e-15  7.265476985687842e-12  2.387344049873067e-12 
 4.365158322401524e+10  8.956620889649667e-12  6.574511660364722e-09  7.084734222386414e-12  2.382172522020448e-12  1.525224193514198e-12  4.693244506085876e-12  8.303953513737577e-15  2.784401410993899e-15  7.084729355889981e-12  2.382170894746647e-12 
 4.466835921509492e+10  8.752957592029717e-12  6.586275991487473e-09  6.907846796065908e-12  2.376791957327621e-12  1.487142411916937e-12  4.586413270543034e-12  8.003944167200302e-15  2.746311593793060e-15  6.907842159082371e-12  2.376790370686883e-12 
 4.570881896148608e+10  8.553933212842059e-12  6.598547412316002e-09  6.734732212394732e-12  2.371197234324726e-12  1.449872862065803e-12  4.482013810428423e-12  7.714036543679184e-15  2.708484330906925e-15  6.734727794522022e-12  2.371195687450080e-12 
 4.677351412871836e+10  8.359442112597441e-12  6.611345626632991e-09  6.565305182777206e-12  2.365381477418800e-12  1.413397182623532e-12  4.379990771828433e-12  7.433892647987950e-15  2.670913638919584e-15  6.565300974078899e-12  2.365379969462894e-12 
 4.786300923226234e+10  8.169381050323309e-12  6.624690912554907e-09  6.399482695847618e-12  2.359337737084170e-12  1.377697502513409e-12  4.280290060833183e-12  7.163186225403917e-15  2.633593700154981e-15  6.399478686831935e-12  2.359336267218744e-12 
 4.897788193684309e+10  7.983649128738288e-12  6.638604121978293e-09  6.237183982929526e-12  2.353059002493130e-12  1.342756433483793e-12  4.182858814855564e-12  6.901602366975923e-15  2.596518873753153e-15  6.237180164529272e-12  2.353057569908502e-12 
 5.011872336272565e+10  7.802147740683968e-12  6.653106678146362e-09  6.078330484252195e-12  2.346538215426931e-12  1.308557062835644e-12  4.087645374603129e-12  6.648837127565540e-15  2.559683707207094e-15  6.078326847805602e-12  2.346536819331486e-12 
 5.128613839913487e+10  7.624780516787633e-12  6.668220571161427e-09  5.922845815810697e-12  2.339768285508197e-12  1.275082946288609e-12  3.994599256687956e-12  6.404597156114304e-15  2.523082948331574e-15  5.922842353043136e-12  2.339766925127886e-12 
 5.248074602497561e+10  7.451453274330170e-12  6.683968351261555e-09  5.770655736749667e-12  2.332742106790042e-12  1.242318100959822e-12  3.903671126859986e-12  6.168599337644463e-15  2.486711557628789e-15  5.770652439756189e-12  2.332740781367890e-12 
 5.370317963702358e+10  7.282073967294251e-12  6.700373119673210e-09  5.621688117144530e-12  2.325452575730103e-12  1.210246998428268e-12  3.814812773849618e-12  5.940570446516094e-15  2.450564721008882e-15  5.621684978373191e-12  2.325451284525720e-12 
 5.495408738576073e+10  7.116552637568440e-12  6.717458516845652e-09  5.475872906047926e-12  2.317892610569680e-12  1.178854557856211e-12  3.727977083805729e-12  5.720246810478450e-15  2.414637862816134e-15  5.475869918283868e-12  2.317891352858783e-12 
 5.623413251903313e+10  6.954801367283586e-12  6.735248707867730e-09  5.333142099663420e-12  2.310055172128764e-12  1.148126139138004e-12  3.643118015315521e-12  5.507373985068764e-15  2.378926659103980e-15  5.333139256013679e-12  2.310053947202707e-12 
 5.754399373371387e+10  6.796734232258483e-12  6.753768364863363e-09  5.193429709503491e-12  2.301933286017300e-12  1.118047536045495e-12  3.560190574993002e-12  5.301706437927424e-15  2.343427051094136e-15  5.193427003382483e-12  2.301932093182607e-12 
 5.888436553555704e+10  6.642267256532334e-12  6.773042646158809e-09  5.056671730384369e-12  2.293520066251171e-12  1.088604969338263e-12  3.479150793623120e-12  5.103007242614418e-15  2.308135258746938e-15  5.056669155500045e-12  2.293518904829085e-12 
 6.025595860743387e+10  6.491318367962115e-12  6.793097172013021e-09  4.922806108106603e-12  2.284808740248505e-12  1.059785079806178e-12  3.399955702848922e-12  4.911047781528317e-15  2.273047794361759e-15  4.922803658447223e-12  2.284807609574531e-12 
 6.165950018614626e+10  6.343807354863412e-12  6.813957996701762e-09  4.791772706667645e-12  2.275792675167597e-12  1.031574921211162e-12  3.322563312389375e-12  4.725607457546007e-15  2.238161476117995e-15  4.791770376489166e-12  2.275791574591068e-12 
 6.309573444801733e+10  6.199655823673800e-12  6.835651576747361e-09  4.663513274851367e-12  2.266465405532456e-12  1.003961953094777e-12  3.246932587775769e-12  4.546473414019037e-15  2.203473441458845e-15  4.663511058665394e-12  2.266464334416095e-12 
 6.456542290346350e+10  6.058787157618131e-12  6.858204735088927e-09  4.537971412039165e-12  2.256820662075482e-12  9.769340334181764e-13  3.173023428594900e-12  4.373440262780338e-15  2.168981160212072e-15  4.537969304601454e-12  2.256819619794976e-12 
 6.606934480075750e+10  5.921126476355618e-12  6.881644620992803e-09  4.415092533088906e-12  2.246852401709411e-12  9.504794110013342e-13  3.100796647227498e-12  4.206309819834188e-15  2.134682447334150e-15  4.415090529388397e-12  2.246851387652997e-12 
 6.760829753919602e+10  5.786600596588714e-12  6.905998665510145e-09  4.294823832130991e-12  2.236554838522349e-12  9.245867177290817e-13  3.030213948070624e-12  4.044890848421597e-15  2.100575475156973e-15  4.294821927379336e-12  2.236553852090399e-12 
 6.918309709189143e+10  5.655137993614187e-12  6.931294532298095e-09  4.177114245135863e-12  2.225922475670824e-12  8.992449604925974e-13  2.961237907233035e-12  3.888998809173663e-15  2.066658785009738e-15  4.177112434757438e-12  2.225921516275450e-12 
 7.079457843841153e+10  5.526668763796862e-12  6.957560063633087e-09  4.061914411114263e-12  2.214950138026366e-12  8.744435128364821e-13  2.893831952692724e-12  3.738455617086264e-15  2.032931298082798e-15  4.061912690736634e-12  2.214949205091024e-12 
 7.244359600749669e+10  5.401124587946727e-12  6.984823221459689e-09  3.949176631820780e-12  2.203633005411529e-12  8.501721062835439e-13  2.827960344906155e-12  3.593089405071147e-15  1.999392325395635e-15  3.949174997265612e-12  2.203632098370637e-12 
 7.413102413008937e+10  5.278438695580114e-12  7.013112023336141e-09  3.838854829842606e-12  2.191966646241695e-12  8.264208213118716e-13  2.763588157858864e-12  3.452734293860529e-15  1.966041576727495e-15  3.838853277116982e-12  2.191965764540264e-12 
 7.585775750291594e+10  5.158545830045721e-12  7.042454473158655e-09  3.730904504969224e-12  2.179947051369783e-12  8.031800779617386e-13  2.700681260547422e-12  3.317230168065047e-15  1.932879168367158e-15  3.730903030257376e-12  2.179946194463050e-12 
 7.762471166286668e+10  5.041382214496243e-12  7.072878486570470e-09  3.625282688754960e-12  2.167570667912534e-12  7.804406260533756e-13  2.639206298882918e-12  3.186422458207947e-15  1.899905629537726e-15  3.625281288410364e-12  2.167569835265611e-12 
 7.943282347242560e+10  4.926885518686245e-12  7.104411810989096e-09  3.521947897204786e-12  2.154834432819512e-12  7.581935350006301e-13  2.579130678006386e-12  3.060161928581612e-15  1.867121907353542e-15  3.521946567742643e-12  2.154833623907045e-12 
 8.128305161640732e+10  4.814994826576861e-12  7.137081940215882e-09  3.420860081534762e-12  2.141735805930049e-12  7.364301832100294e-13  2.520422545006753e-12  2.938304470795873e-15  1.834529370169421e-15  3.420858819624811e-12  2.141735020235890e-12 
 8.317637711026443e+10  4.705650604727745e-12  7.170916023626212e-09  3.321980576981600e-12  2.128272802249122e-12  7.151422470597684e-13  2.463050772032230e-12  2.820710902910731e-15  1.802129809187601e-15  3.321979379441270e-12  2.128272039266005e-12 
 8.511380382023491e+10  4.598794671456507e-12  7.205940769976257e-09  3.225272049661042e-12  2.114444023161270e-12  6.943216894585439e-13  2.406984939786090e-12  2.707246774068798e-15  1.769925438195065e-15  3.225270913448922e-12  2.114443282390511e-12 
 8.709635899560526e+10  4.494370166745703e-12  7.242182345903286e-09  3.130698441501899e-12  2.100248686292335e-12  6.739607479900190e-13  2.352195321398168e-12  2.597782174564968e-15  1.737918891313523e-15  3.130697363711509e-12  2.100247967243537e-12 
 8.912509381337167e+10  4.392321522877245e-12  7.279666269240939e-09  3.038224913311286e-12  2.085686653722595e-12  6.540519226548744e-13  2.298652866663478e-12  2.492191551311941e-15  1.706113218656174e-15  3.038223891165139e-12  2.085685955913363e-12 
 9.120108393558803e+10  4.292594435773914e-12  7.318417297318507e-09  2.947817786056585e-12  2.070758458251880e-12  6.345879632288585e-13  2.246329186639609e-12  2.390353528680254e-15  1.674511879799491e-15  2.947816816900527e-12  2.070757781207563e-12 
 9.332543007969609e+10  4.195135837027426e-12  7.358459310464031e-09  2.859444480480515e-12  2.055465327418202e-12  6.155618562618988e-13  2.195196538594735e-12  2.292150734709847e-15  1.643118734994709e-15  2.859443561778321e-12  2.055464670671632e-12 
 9.549925860214050e+10  4.099893866592473e-12  7.399815190984598e-09  2.773073455197082e-12  2.039809204976129e-12  5.969668117500837e-13  2.145227811298252e-12  2.197469632706958e-15  1.611938034062206e-15  2.773072584525313e-12  2.039808568067387e-12 
 9.772372209557790e+10  4.006817846125863e-12  7.442506697953440e-09  2.688674143447306e-12  2.023792769550180e-12  5.787962495190407e-13  2.096396510646233e-12  2.106200358254515e-15  1.580974402932504e-15  2.688673318490396e-12  2.023792152026370e-12 
 9.999999999999675e+10  3.915858252950027e-12  7.486554338191824e-09  2.606216888724471e-12  2.007419450191901e-12  5.610437853638642e-13  2.048676745614106e-12  2.018236561676494e-15  1.550232827820001e-15  2.606216107270048e-12  2.007418851606943e-12 
 1.023292992280721e+11  3.826966694619963e-12  7.531977233894156e-09  2.525672879508019e-12  1.990693438586979e-12  5.437032169970834e-13  2.002043214529070e-12  1.933475256006078e-15  1.519718637039357e-15  2.525672139442442e-12  1.990692858501410e-12 
 1.047128548050865e+11  3.740095884072947e-12  7.578792987406365e-09  2.447014083373172e-12  1.973619697680986e-12  5.267685098621732e-13  1.956471191655002e-12  1.851816670514175e-15  1.489437480499635e-15  2.447013382677272e-12  1.973619135661787e-12 
 1.071519305237572e+11  3.655199615340319e-12  7.627017543730400e-09  2.370213180768742e-12  1.956203966518785e-12  5.102337828755800e-13  1.911936514082719e-12  1.773164109858370e-15  1.459395306937278e-15  2.370212517513760e-12  1.956203422139213e-12 
 1.096478196143149e+11  3.572232739801056e-12  7.676665051390732e-09  2.295243498778315e-12  1.938452761123132e-12  4.940932941651255e-13  1.868415568918649e-12  1.697423818912790e-15  1.429598338975458e-15  2.295242871122030e-12  1.938452233962572e-12 
 1.122018454301927e+11  3.491151142957085e-12  7.727747722361497e-09  2.222078945199156e-12  1.920373371272348e-12  4.783414268767769e-13  1.825885280765124e-12  1.624504853336491e-15  1.400053046123896e-15  2.222078351382187e-12  1.920372860916179e-12 
 1.148153621496845e+11  3.411911721710803e-12  7.780275691814903e-09  2.150693943288464e-12  1.901973853074580e-12  4.629726751250643e-13  1.784323099485649e-12  1.554318955931770e-15  1.370766115859383e-15  2.150693381630739e-12  1.901973359114060e-12 
 1.174897554939491e+11  3.334472362125783e-12  7.834256878511669e-09  2.081063367537462e-12  1.883263017276677e-12  4.479816301647645e-13  1.743706988248657e-12  1.486780438834419e-15  1.341744422952439e-15  2.081062836434856e-12  1.883262539308834e-12 
 1.202264434617374e+11  3.258791917652346e-12  7.889696846712147e-09  2.013162480840003e-12  1.864250413288510e-12  4.333629668627975e-13  1.704015411843412e-12  1.421806071565393e-15  1.312994997229501e-15  2.013161978761116e-12  1.864249950916056e-12 
 1.230268770812341e+11  3.184830187800425e-12  7.946598670541290e-09  1.946966873423369e-12  1.844946308948002e-12  4.191114305495095e-13  1.665227325261872e-12  1.359314974957879e-15  1.284524989982044e-15  1.946966398906454e-12  1.844945861779257e-12 
 1.258925411794126e+11  3.112547897242981e-12  8.004962801791110e-09  1.882452403904844e-12  1.825361666097398e-12  4.052218243276231e-13  1.627322162540441e-12  1.299228520955605e-15  1.256341639253893e-15  1.882451955554876e-12  1.825361233746229e-12 
 1.288249551693092e+11  3.041906675334236e-12  8.064786942189672e-09  1.819595142828122e-12  1.805508112086814e-12  3.916889969150883e-13  1.590279825855705e-12  1.241470238257692e-15  1.228452234255045e-15  1.819594719313986e-12  1.805507694172583e-12 
 1.318256738556364e+11  2.972869036027956e-12  8.126065921205110e-09  1.758371319018791e-12  1.785397907365866e-12  3.785078310948840e-13  1.554080674868372e-12  1.185965723762840e-15  1.200864079164430e-15  1.758370919070600e-12  1.785397503513399e-12 
 1.348962882591609e+11  2.905398358182131e-12  8.188791580485760e-09  1.698757269078233e-12  1.765043909367580e-12  3.656732328405259e-13  1.518705516309748e-12  1.132642559741544e-15  1.173584456594686e-15  1.698756891484761e-12  1.765043519207136e-12 
 1.380384264602839e+11  2.839458866237548e-12  8.252952666062152e-09  1.640729390310345e-12  1.744459532929899e-12  3.531801211806729e-13  1.484135593805253e-12  1.081430236639883e-15  1.146620590999140e-15  1.640729033916570e-12  1.744459156097162e-12 
 1.412537544622708e+11  2.775015611258882e-12  8.318534729452378e-09  1.584264097346132e-12  1.723658707538342e-12  3.410234188599025e-13  1.450352577929555e-12  1.032260081392622e-15  1.119979612304433e-15  1.584263761050879e-12  1.723658343674412e-12 
 1.445439770745880e+11  2.712034452328159e-12  8.385520038818450e-09  1.529337782697697e-12  1.702655831707860e-12  3.291980438455111e-13  1.417338556488074e-12  9.850651910975344e-16  1.093668520051654e-15  1.529337465451389e-12  1.702655480459260e-12 
 1.479108388168159e+11  2.650482038281602e-12  8.453887501316434e-09  1.475926781436205e-12  1.681465724852260e-12  3.176989017222307e-13  1.385076025019679e-12  9.397803718774022e-16  1.067694148324363e-15  1.475926482238695e-12  1.681465385870949e-12 
 1.513561248436158e+11  2.590325789782026e-12  8.523612597766832e-09  1.424007340148505e-12  1.660103577015066e-12  3.065208790081772e-13  1.353547877515565e-12  8.963420827317171e-16  1.042063131733519e-15  1.424007058047007e-12  1.660103249958462e-12 
 1.548816618912430e+11  2.531533881720083e-12  8.594667330742839e-09  1.373555590285074e-12  1.638584896855954e-12  2.956588374162832e-13  1.322737397349370e-12  8.546883841570134e-16  1.016781872717402e-15  1.373555324372173e-12  1.638584581386955e-12 
 1.584893192461061e+11  2.474075225938723e-12  8.667020187132051e-09  1.324547525968485e-12  1.616925458301718e-12  2.851076090761259e-13  1.292628248413744e-12  8.147588912936527e-16  9.918565103991298e-16  1.324547275380227e-12  1.616925154088737e-12 
 1.621810097358876e+11  2.417919454276211e-12  8.740636116171341e-09  1.276958986287496e-12  1.595141246279789e-12  2.748619927215509e-13  1.263204466458650e-12  7.764947313379902e-16  9.672928912258443e-16  1.276958750201556e-12  1.595140952996788e-12 
 1.659586907437506e+11  2.363036901923965e-12  8.815476523884466e-09  1.230765642057833e-12  1.573248401955640e-12  2.649167508400213e-13  1.234450450626824e-12  7.398385049426436e-16  9.430965415922563e-16  1.230765419691753e-12  1.573248119282171e-12 
 1.698243652461688e+11  2.309398591096288e-12  8.891499284767028e-09  1.185942986987619e-12  1.551263167893046e-12  2.552666077703355e-13  1.206350955181892e-12  7.047342513142891e-16  9.192726426275560e-16  1.185942777597111e-12  1.551262895514290e-12 
 1.737800828749318e+11  2.256976215009789e-12  8.968658771463880e-09  1.142466333143845e-12  1.529201833548210e-12  2.459062487264107e-13  1.178891081424771e-12  6.711274167082740e-16  8.958260072990674e-16  1.142466136021166e-12  1.529201571155017e-12 
 1.778279410038864e+11  2.205742122170829e-12  9.046905903069574e-09  1.100310810577006e-12  1.507080681495609e-12  2.368303197163668e-13  1.152056269794067e-12  6.389648260124589e-16  8.727610599589647e-16  1.100310625049390e-12  1.507080428784543e-12 
 1.819700858609923e+11  2.155669300969899e-12  9.126188212553701e-09  1.059451370924566e-12  1.484915934765396e-12  2.280334283183053e-13  1.125832292146269e-12  6.081946571092223e-16  8.500818184324273e-16  1.059451196352717e-12  1.484915691438774e-12 
 1.862087136662806e+11  2.106731364582102e-12  9.206449933670375e-09  1.019862794780898e-12  1.462723705649712e-12  2.195101452670592e-13  1.100205244211675e-12  5.787664177043942e-16  8.277918787171716e-16  1.019862630557537e-12  1.462723471415644e-12 
 1.905460717963184e+11  2.058902536173236e-12  9.287632107555528e-09  9.815197025920771e-13  1.440519946309031e-12  2.112550067998948e-13  1.075161538222022e-12  5.506309243150160e-16  8.058944023359678e-16  9.815195481405476e-13  1.440519720881456e-12 
 1.949844599757981e+11  2.012157634411066e-12  9.369672709048375e-09  9.443965688088378e-13  1.418320401480080e-12  2.032625177037438e-13  1.050687895705930e-12  5.237402831140754e-16  7.843921063559088e-16  9.443964235817613e-13  1.418320184578799e-12 
 1.995262314968813e+11  1.966472059281446e-12  9.452506792595792e-09  9.084677390102841e-13  1.396140563554712e-12  1.955271550020850e-13  1.026771340448338e-12  4.980478723395581e-16  7.632872560613278e-16  9.084676024882641e-13  1.396140354905421e-12 
 2.041737944669462e+11  1.921821778208824e-12  9.536066657412320e-09  8.737074496947585e-13  1.373995630264961e-12  1.880433722161111e-13  1.003399191610197e-12  4.735083259870167e-16  7.425816602417143e-16  8.737073213851331e-13  1.373995429599271e-12 
 2.089296130853970e+11  1.878183312480609e-12  9.620282031376206e-09  8.400898504226413e-13  1.351900465174026e-12  1.808056041323074e-13  9.805590570047775e-13  4.500775185191184e-16  7.222766690321410e-16  8.400897298582831e-13  1.351900272229487e-12 
 2.137962089502161e+11  1.835533723974535e-12  9.705080272945370e-09  8.075890279887247e-13  1.329869561136765e-12  1.738082720070382e-13  9.582388265270238e-13  4.277125503419416e-16  7.023731742218220e-16  8.075889147268847e-13  1.329869375656878e-12 
 2.187761623949480e+11  1.793850602187983e-12  9.790386590179964e-09  7.761790322990500e-13  1.307917006857038e-12  1.670457891381399e-13  9.364266657324756e-13  4.063717338158260e-16  6.828716119267651e-16  7.761789259202440e-13  1.307916828591266e-12 
 2.238721138568265e+11  1.753112051567761e-12  9.876124275762083e-09  7.458339036284590e-13  1.286056456633518e-12  1.605125667338166e-13  9.151110095623491e-13  3.860145795879578e-16  6.637719675051857e-16  7.458338037353963e-13  1.286056285337284e-12 
 2.290867652767697e+11  1.713296679138556e-12  9.962214956712174e-09  7.165277009403858e-13  1.264301103350830e-12  1.542030200102656e-13  8.942805562114588e-13  3.666017830542450e-16  6.450737825795535e-16  7.165276071569382e-13  1.264300938785518e-12 
 2.344228815319844e+11  1.674383582427783e-12  1.004857885731861e-08  6.882345309591816e-13  1.242663654739696e-12  1.481115744513503e-13  8.739242611357206e-13  3.480952107790467e-16  6.267761640169187e-16  6.882344429293907e-13  1.242663496672634e-12 
 2.398832919019410e+11  1.636352337684162e-12  1.013513507362492e-08  6.609285776972137e-13  1.221156312898351e-12  1.422326721662103e-13  8.540313311960656e-13  3.304578867226078e-16  6.088777947094783e-16  6.609284950843374e-13  1.221156161102799e-12 
 2.454708915684948e+11  1.599182988386911e-12  1.022180185766185e-08  6.345841321536765e-13  1.199790757038431e-12  1.365607782838600e-13  8.345912189356606e-13  3.136539781473200e-16  5.913769459902131e-16  6.345840546392707e-13  1.199790611293553e-12 
 2.511886431509496e+11  1.562856034041976e-12  1.030849690947146e-08  6.091756219190538e-13  1.178578129391809e-12  1.310903873274928e-13  8.155936169873951e-13  2.976487810948415e-16  5.742714915137009e-16  6.091755492020909e-13  1.178577989482643e-12 
 2.570395782768778e+11  1.527352419261348e-12  1.039513767485152e-08  5.846776404381102e-13  1.157529024190946e-12  1.258160295152785e-13  7.970284526086775e-13  2.824087053464487e-16  5.575589224298401e-16  5.846775722341325e-13  1.157528889908365e-12 
 2.630267991895294e+11  1.492653523121061e-12  1.048164164665213e-08  5.610649757046508e-13  1.136653479614110e-12  1.207322769388323e-13  7.788858823406391e-13  2.679012587984699e-16  5.412363636779767e-16  5.610649117449566e-13  1.136653350754777e-12 
 2.691534803926826e+11  1.458741148793129e-12  1.056792666738637e-08  5.383126381827393e-13  1.115960972568535e-12  1.158337495751477e-13  7.611562867889142e-13  2.540950312031123e-16  5.253005912307031e-16  5.383125782136026e-13  1.115960848934853e-12 
 2.754228703338074e+11  1.425597513446309e-12  1.065391123087361e-08  5.163958877711438e-13  1.095460416169192e-12  1.111151210925407e-13  7.438302655232311e-13  2.409596772422441e-16  5.097480501201430e-16  5.163958315530653e-13  1.095460297569248e-12 
 2.818382931264360e+11  1.393205238410280e-12  1.073951478062016e-08  4.952902596501632e-13  1.075160159758259e-12  1.065711244159735e-13  7.268986320931073e-13  2.284658989176221e-16  4.945748730846813e-16  4.952902069571526e-13  1.075160046005756e-12 
 2.884031503126509e+11  1.361547339597563e-12  1.082465800265752e-08  4.749715888723180e-13  1.055067991300563e-12  1.021965570219311e-13  7.103524091570089e-13  2.165854272555672e-16  4.797768996805926e-16  4.749715394912068e-13  1.055067882214757e-12 
 2.951209226666287e+11  1.330607218177257e-12  1.090926311060411e-08  4.554160335803426e-13  1.035191141983114e-12  9.798628593775425e-14  6.941828237223872e-13  2.052910033371102e-16  4.653496957106868e-16  4.554159873101247e-13  1.035191037388735e-12 
 3.019951720401915e+11  1.300368651494514e-12  1.099325412079167e-08  4.366000967572856e-13  1.015536292842111e-12  9.393525242493055e-14  6.783813024940743e-13  1.945563586761626e-16  4.512885728306766e-16  4.366000534084878e-13  1.015536192569286e-12 
 3.090295432513486e+11  1.270815784229501e-12  1.107655711540138e-08  4.185006464340046e-13  9.961095832384130e-13  9.003847633025552e-14  6.629394673285659e-13  1.843561949782653e-16  4.375886082032982e-16  4.185006058280837e-13  9.961094871225827e-13 
 3.162277660168273e+11  1.241933119789496e-12  1.115910049168585e-08  4.010949342988016e-13  9.769166210021577e-13  8.629106009296723e-14  6.478491307917839e-13  1.746661633209962e-16  4.242446640800664e-16  4.010948962675683e-13  9.769165288839872e-13 
 3.235936569296174e+11  1.213705511927725e-12  1.124081519550915e-08  3.843606126722147e-13  9.579624940687742e-13  8.268819239988990e-14  6.331022918179609e-13  1.654628428041999e-16  4.112514072007643e-16  3.843605770572834e-13  9.579624057940616e-13 
 3.311311214825800e+11  1.186118156582480e-12  1.132163493761532e-08  3.682757498269310e-13  9.392517834318865e-13  7.922515148427048e-14  6.186911314673482e-13  1.567237187238982e-16  3.986033279111470e-16  3.682757164791948e-13  9.392516988514668e-13 
 3.388441561391912e+11  1.159156583930095e-12  1.140149639123333e-08  3.528188436483439e-13  9.207885772433065e-13  7.589730806734499e-14  6.046080087804921e-13  1.484271603281392e-16  3.862947589097640e-16  3.528188124274733e-13  9.207884962129534e-13 
 3.467368504525200e+11  1.132806650645391e-12  1.148033936983967e-08  3.379688336454081e-13  9.025764858962434e-13  7.270012794471140e-14  5.908454567268859e-13  1.405523982162278e-16  3.743198935451250e-16  3.379688044193737e-13  9.025764082765674e-13 
 3.548133892335635e+11  1.107054532363238e-12  1.155810698412485e-08  3.237051113340909e-13  8.846186579348097e-13  6.962917422230882e-14  5.773961782458439e-13  1.330795014448387e-16  3.626728035945176e-16  3.237050839787081e-13  8.846185835911551e-13 
 3.630780547700891e+11  1.081886716335028e-12  1.163474577744319e-08  3.100075290269153e-13  8.669177966407165e-13  6.668010920921473e-14  5.642530423775023e-13  1.259893544055682e-16  3.513474564655714e-16  3.100075034254111e-13  8.669177254430547e-13 
 3.715352290971600e+11  1.057289994273909e-12  1.171020583926227e-08  2.968564070718372e-13  8.494761771564453e-13  6.384869597656980e-14  5.514090804818916e-13  1.192636335386110e-16  3.403377317710180e-16  2.968563831144381e-13  8.494761089792677e-13 
 3.801893963205483e+11  1.033251455382810e-12  1.178444089636514e-08  2.842325395920579e-13  8.322956640131153e-13  6.113079959373929e-14  5.388574825440784e-13  1.128847839465848e-16  3.296374372360028e-16  2.842325171755974e-13  8.322955987353246e-13 
 3.890451449942675e+11  1.009758479559407e-12  1.185740838179155e-08  2.721171987853835e-13  8.153777289404491e-13  5.852238805433082e-14  5.265915935634143e-13  1.068359959711505e-16  3.192403239056692e-16  2.721171778129302e-13  8.153776664452492e-13 
 3.981071705534838e+11  9.867987307723574e-13  1.192906948172915e-08  2.604921378474872e-13  7.987234688456115e-13  5.601953290592338e-14  5.146049100249792e-13  1.011011817931072e-16  3.091401006285510e-16  2.604921182279904e-13  7.987234090203972e-13 
 4.073802778040989e+11  9.643601506032950e-13  1.199938916078003e-08  2.493395925879858e-13  7.823336238571221e-13  5.361840959834530e-14  5.028910764513467e-13  9.566495211416678e-17  2.993304477985364e-16  2.493395742359397e-13  7.823335665933682e-13 
 4.168693834703213e+11  9.424309519492701e-13  1.206833616622734e-08  2.386422818116870e-13  7.662085953393577e-13  5.131529756607866e-14  4.914438820328442e-13  9.051259297572562e-17  2.898050303447849e-16  2.386422646468122e-13  7.662085405325080e-13 
 4.265795188015782e+11  9.209996128804821e-13  1.213588301211024e-08  2.283834065397916e-13  7.503484637923419e-13  4.910658006089242e-14  4.802572573345184e-13  8.563004276673829e-17  2.805575099650080e-16  2.283833904867328e-13  7.503484113416987e-13 
 4.365158322401511e+11  9.000548706483645e-13  1.220200594407921e-08  2.185466481473515e-13  7.347530065604329e-13  4.698874375113145e-14  4.693252710780624e-13  8.100386946934109e-17  2.715815566029451e-16  2.185466331353915e-13  7.347529563690463e-13 
 4.466835921509479e+11  8.795857158392578e-13  1.226668488614739e-08  2.091161654939520e-13  7.194217152821241e-13  4.495837810423336e-14  4.586421269969961e-13  7.662124818723401e-17  2.628708591757054e-16  2.091161514567401e-13  7.194216672566827e-13 
 4.570881896148595e+11  8.595813866690963e-13  1.232990337057549e-08  2.000765911245313e-13  7.043538130214007e-13  4.301217456903304e-14  4.482021607634332e-13  7.246993899808725e-17  2.544191355609152e-16  2.000765779998268e-13  7.043537670721224e-13 
 4.677351412871823e+11  8.400313634147261e-13  1.239164845222719e-08  1.914130266165335e-13  6.895482710289199e-13  4.114692557426045e-14  4.379998369848046e-13  6.853826516743510e-17  2.462201418573419e-16  1.914130143459634e-13  6.895482270694447e-13 
 4.786300923226221e+11  8.209253629776490e-13  1.245191060880863e-08  1.831110371483194e-13  6.750038250886562e-13  3.935952335936288e-14  4.280297462689459e-13  6.481509175772046e-17  2.382676809358719e-16  1.831110256771478e-13  6.750037830359392e-13 
 4.897788193684295e+11  8.022533335761715e-13  1.251068362846041e-08  1.751566453619922e-13  6.607189914125689e-13  3.764695865340373e-14  4.182866023559920e-13  6.128980466238861e-17  2.305556103004489e-16  1.751566346389041e-13  6.607189511867756e-13 
 5.011872336272552e+11  7.840054495621084e-13  1.256796448620308e-08  1.675363245916393e-13  6.466920820522880e-13  3.600631921732395e-14  4.087652393155584e-13  5.795229009124646e-17  2.230778492808456e-16  1.675363145685352e-13  6.466920435766906e-13 
 5.128613839913474e+11  7.661721063583632e-13  1.262375321074962e-08  1.602369915254794e-13  6.329212198027719e-13  3.443478826431341e-14  3.994606088077242e-13  5.479291452972662e-17  2.158283855809972e-16  1.602369821572819e-13  6.329211830036476e-13 
 5.248074602497546e+11  7.487439155138600e-13  1.267805274319143e-08  1.532459983676418e-13  6.194043525783682e-13  3.292964277244277e-14  3.903677774063619e-13  5.180250519125624e-17  2.088012812080821e-16  1.532459896121126e-13  6.194043173848988e-13 
 5.370317963702343e+11  7.317116998724665e-13  1.273086878903966e-08  1.465511245623190e-13  6.061392672467157e-13  3.148825170306559e-14  3.814819239833954e-13  4.897233097864338e-17  2.019906778086511e-16  1.465511163798868e-13  6.061392335908901e-13 
 5.495408738576057e+11  7.150664888526925e-13  1.278220966506330e-08  1.401405681399026e-13  5.931236029104808e-13  3.010807413782409e-14  3.727983371526016e-13  4.629408396727871e-17  1.953908014388952e-16  1.401405604935005e-13  5.931235707269982e-13 
 5.623413251903298e+11  6.987995138350846e-13  1.283208614231108e-08  1.340029367414685e-13  5.803548636310129e-13  2.878665734639583e-14  3.643124127715964e-13  4.375986142001674e-17  1.889959667966463e-16  1.340029295963806e-13  5.803548328571893e-13 
 5.754399373371372e+11  6.829022036543779e-13  1.288051128663773e-08  1.281272383746730e-13  5.678304305916956e-13  2.752163479640550e-14  3.560196515006834e-13  4.136214834085589e-17  1.828005809429547e-16  1.281272316983902e-13  5.678304011673715e-13 
 5.888436553555687e+11  6.673661801935892e-13  1.292750029797903e-08  1.225028719507948e-13  5.555475737020282e-13  2.631072411620990e-14  3.479156564172696e-13  3.909380057198718e-17  1.767991465411084e-16  1.225028657128786e-13  5.555475455694789e-13 
 6.025595860743370e+11  6.521832540773524e-13  1.297307034953557e-08  1.171196176493314e-13  5.435034626463767e-13  2.515172502054939e-14  3.399961306845830e-13  3.694802843642577e-17  1.709862646407861e-16  1.171196118212862e-13  5.435034357502247e-13 
 6.165950018614609e+11  6.373454204619181e-13  1.301724042793541e-08  1.119676271532791e-13  5.316951773838538e-13  2.404251720835102e-14  3.322568752734574e-13  3.491838092627977e-17  1.653566370346890e-16  1.119676217084314e-13  5.316951516709838e-13 
 6.309573444801715e+11  6.228448549193377e-13  1.306003117535085e-08  1.070374137949983e-13  5.201197181079889e-13  2.298105824127529e-14  3.246937867359743e-13  3.299873043474146e-17  1.599050682145020e-16  1.070374087083833e-13  5.201196935274640e-13 
 6.456542290346333e+11  6.086739094134539e-13  1.310146473444855e-08  1.023198426494232e-13  5.087740146767284e-13  2.196538141092109e-14  3.173028550297833e-13  3.118325802810418e-17  1.546264669524220e-16  1.023198378976782e-13  5.087739911797100e-13 
 6.606934480075732e+11  5.948251083654161e-13  1.314156459695398e-08  9.780612060832988e-14  4.976549355249062e-13  2.099359360194776e-14  3.100801613919465e-13  2.946643925250686e-17  1.495158475337670e-16  9.780611616959406e-14  4.976549130645752e-13 
 6.760829753919585e+11  5.812911448065254e-13  1.318035545651476e-08  9.348778646644290e-14  4.867592960726586e-13  2.006387315774185e-14  3.030218762611795e-13  2.784303046868052e-17  1.445683306653785e-16  9.348778232026300e-14  4.867592746041393e-13 
 6.918309709189126e+11  5.680648766162924e-13  1.321786306645203e-08  8.935670104734326e-14  4.760838666443426e-13  1.917446775464943e-14  2.961242572473875e-13  2.630805570670836e-17  1.397791440836585e-16  8.935669717458496e-14  4.760838461246287e-13 
 7.079457843841134e+11  5.551393228436793e-13  1.325411410289710e-08  8.540503739445914e-14  4.656253799134027e-13  1.832369229021717e-14  2.893836471474203e-13  2.485679403170627e-17  1.351436228851581e-16  8.540503377722390e-14  4.656253603012853e-13 
 7.244359600749650e+11  5.425076601095545e-13  1.328913603372208e-08  8.162527104986698e-14  4.553805378892910e-13  1.750992679033625e-14  2.827964720059937e-13  2.348476741037206e-17  1.306572096016786e-16  8.162526767141381e-14  4.553805191452897e-13 
 7.413102413008918e+11  5.301632190884703e-13  1.332295699358969e-08  7.801017044121798e-14  4.453460184630589e-13  1.673161433966289e-14  2.763592392207487e-13  2.218772906753321e-17  1.263154540408554e-16  7.801016728589010e-14  4.453460005493541e-13 
 7.585775750291575e+11  5.180994810679298e-13  1.335560566536869e-08  7.455278739482932e-14  4.355184815285703e-13  1.598725903919999e-14  2.700685356904455e-13  2.096165232113167e-17  1.221140129121994e-16  7.455278444798526e-14  4.355184644089381e-13 
 7.762471166286648e+11  5.063100745833708e-13  1.338711116808863e-08  7.124644779084432e-14  4.258945746964854e-13  1.527542399446436e-14  2.639210260053075e-13  1.980271988351421e-17  1.180486492575630e-16  7.124644503879327e-14  4.258945583362348e-13 
 7.943282347242539e+11  4.947887721271509e-13  1.341750295154010e-08  6.808474237436688e-14  4.164709386182435e-13  1.459472933723343e-14  2.579134506785598e-13  1.870731361643553e-17  1.141152317039946e-16  6.808473980430804e-14  4.164709229841559e-13 
 8.128305161640709e+11  4.835294869298711e-13  1.344681069756615e-08  6.506151773461261e-14  4.072442119372370e-13  1.394385028346491e-14  2.520426244182206e-13  1.767200472682222e-17  1.103097335559545e-16  6.506151533457824e-14  4.072441969975065e-13 
 8.317637711026420e+11  4.725262698124227e-13  1.347506422803488e-08  6.217086746238858e-14  3.982110358842381e-13  1.332151522960938e-14  2.463054344382315e-13  1.669354439007839e-17  1.066282317428862e-16  6.217086522119072e-14  3.982110216084158e-13 
 8.511380382023467e+11  4.617733061071919e-13  1.350229341943479e-08  5.940712349461087e-14  3.893680585339355e-13  1.272650388919154e-14  2.406988388080312e-13  1.576885478753074e-17  1.030669056371824e-16  5.940712140179126e-14  3.893680448928741e-13 
 8.709635899560502e+11  4.512649126468981e-13  1.352852812399093e-08  5.676484765309052e-14  3.807119387391537e-13  1.215764547121678e-14  2.352198648396963e-13  1.489502054450328e-17  9.962203575665187e-17  5.676484569887369e-14  3.807119257049549e-13 
 8.912509381337144e+11  4.409955348195849e-13  1.355379809716269e-08  5.423882338345761e-14  3.722393497589923e-13  1.161381690166737e-14  2.298656075117957e-13  1.406928055547279e-17  9.629000236469112e-17  5.423882155870694e-14  3.722393373049561e-13 
 9.120108393558778e+11  4.309597436883206e-13  1.357813293135216e-08  5.182404769884671e-14  3.639469825967325e-13  1.109394108908363e-14  2.246332279291207e-13  1.328902018277757e-17  9.306728398049051e-17  5.182404599502321e-14  3.639469706973078e-13 
 9.332543007969584e+11  4.211522331742055e-13  1.360156199562488e-08  4.951572333182871e-14  3.558315490629356e-13  1.059698523498067e-14  2.195199518174770e-13  1.255176381542828e-17  8.995045581076625e-17  4.951572174095246e-14  3.558315376936730e-13 
 9.549925860214025e+11  4.115678173013136e-13  1.362411438122298e-08  4.730925109703644e-14  3.478897845786922e-13  1.012195918962786e-14  2.145230680527380e-13  1.185516777469237e-17  8.693618811370191e-17  4.730924961165037e-14  3.478897737161988e-13 
 9.772372209557764e+11  4.022014275022361e-13  1.364581885263306e-08  4.520022246599188e-14  3.401184507335022e-13  9.667913853515669e-15  2.096399272233811e-13  1.119701355328950e-17  8.402124450501313e-17  4.520022107912797e-14  3.401184403553978e-13 
 9.999999999999648e+11  3.930481099829215e-13  1.366670380395746e-08  4.318441235479426e-14  3.325143376117593e-13  9.233939624652173e-15  2.048679402257440e-13  1.057520137523661e-17  8.120248021531424e-17  4.318441105994180e-14  3.325143276966337e-13 
 1.023292992280718e+12  3.841030231455388e-13  1.368679722032820e-08  4.125777212456311e-14  3.250742659012960e-13  8.819164891666293e-15  2.002045768912565e-13  9.987744063614004e-18  7.847684030726497e-17  4.125777091563898e-14  3.250742564286690e-13 
 1.047128548050863e+12  3.753614350681237e-13  1.370612664409568e-08  3.941642279384781e-14  3.177950887969260e-13  8.422754572548300e-15  1.956473646449203e-13  9.432761203783352e-18  7.584135786031404e-17  3.941642166516871e-14  3.177950797472084e-13 
 1.071519305237569e+12  3.668187210397881e-13  1.372471914552165e-08  3.765664846160393e-14  3.106736937113849e-13  8.043908698726218e-15  1.911938871943248e-13  8.908473589869937e-18  7.329315213022594e-17  3.765664740786035e-14  3.106736850658408e-13 
 1.096478196143146e+12  3.584703611503094e-13  1.374260129770424e-08  3.597488993879689e-14  3.037070038055482e-13  7.681861044060606e-15  1.868417832485046e-13  8.413197942621597e-18  7.082942668998585e-17  3.597488895502876e-14  3.037069955462593e-13 
 1.122018454301924e+12  3.503119379329341e-13  1.375979915546479e-08  3.436773858621637e-14  2.968919793492737e-13  7.335877798237490e-15  1.825887452659587e-13  7.945341887071717e-18  6.844746755811768e-17  3.436773766779024e-14  2.968919714591046e-13 
 1.148153621496842e+12  3.423391340592633e-13  1.377633823792956e-08  3.283193035566760e-14  2.902256189237035e-13  7.005256283949325e-15  1.784325182311684e-13  7.503399178760206e-18  6.614464131992473e-17  3.283192949825533e-14  2.902256113862683e-13 
 1.174897554939488e+12  3.345477300851014e-13  1.379224351454418e-08  3.136434003134279e-14  2.837049604753371e-13  6.689323717175679e-15  1.743708984589642e-13  7.085945167601779e-18  6.391839324666797e-17  3.136433923090160e-14  2.837049532749677e-13 
 1.202264434617370e+12  3.269336022461872e-13  1.380753939426565e-08  2.996197566786346e-14  2.773270822316993e-13  6.387436009808050e-15  1.704017324261093e-13  6.691632488832438e-18  6.176624541723566e-17  2.996197492061725e-14  2.773270753534149e-13 
 1.230268770812338e+12  3.194927203027348e-13  1.382224971768383e-08  2.862197322121791e-14  2.710891034879260e-13  6.098976613805882e-15  1.665229156294777e-13  6.319186970810769e-18  5.968579484642384e-17  2.862197252363979e-14  2.710890969174035e-13 
 1.258925411794123e+12  3.122211454317453e-13  1.383639775183342e-08  2.734159136859362e-14  2.649881852731182e-13  5.823355406022357e-15  1.627323914702253e-13  5.967403749797826e-18  5.767471162354430e-17  2.734159071738961e-14  2.649881789966641e-13 
 1.288249551693088e+12  3.051150281660648e-13  1.385000618746616e-08  2.611820651291848e-14  2.590215309048520e-13  5.560007612798579e-15  1.590281501633579e-13  5.635143582187111e-18  5.573073706469920e-17  2.611820590501220e-14  2.590215249093753e-13 
 1.318256738556360e+12  2.981706063791880e-13  1.386309713856318e-08  2.494930796777383e-14  2.531863864397831e-13  5.308392773392248e-15  1.554082276721218e-13  5.321329345001997e-18  5.385168188171163e-17  2.494930740029223e-14  2.531863807127697e-13 
 1.348962882591605e+12  2.913842033148282e-13  1.387569214387732e-08  2.383249331822316e-14  2.474800410278525e-13  5.067993741281177e-15  1.518707046666500e-13  5.024942715821153e-18  5.203542437037526e-17  2.383249278848317e-14  2.474800355573397e-13 
 1.380384264602835e+12  2.847522256602921e-13  1.388781217030559e-08  2.276546395300959e-14  2.418998271771824e-13  4.838315722362438e-15  1.484137055063115e-13  4.745021023631347e-18  5.027990862038473e-17  2.276546345850562e-14  2.418998219517359e-13 
 1.412537544622704e+12  2.782711616627183e-13  1.389947761790233e-08  2.174602076351070e-14  2.364431209363537e-13  4.618885349054084e-15  1.450353972452270e-13  4.480654262441041e-18  4.858314274902826e-17  2.174602030190296e-14  2.364431159450438e-13 
 1.445439770745875e+12  2.719375792872579e-13  1.391070832635408e-08  2.077206000479802e-14  2.311073420003671e-13  4.409249789297289e-15  1.417339886604188e-13  4.230982259815906e-18  4.694319716046578e-17  2.077205957390163e-14  2.311073372327474e-13 
 1.479108388168154e+12  2.657481244162944e-13  1.392152358274723e-08  1.984156931412771e-14  2.258899537462284e-13  4.208975889452392e-15  1.385077293020854e-13  3.995191992818507e-18  4.535820283217721e-17  1.984156891190249e-14  2.258899491923150e-13 
 1.513561248436154e+12  2.596995190888170e-13  1.393194213046955e-08  1.895262388218717e-14  2.207884632037420e-13  4.017649350081810e-15  1.353549085654924e-13  3.772515044148188e-18  4.382634962994555e-17  1.895262350672807e-14  2.207884588539927e-13 
 1.548816618912426e+12  2.537885597790806e-13  1.394198217909656e-08  1.810338277243648e-14  2.158004209667621e-13  3.834873933615789e-15  1.322738547839904e-13  3.562225191582905e-18  4.234588465253714e-17  1.810338242196473e-14  2.158004168120576e-13 
 1.584893192461056e+12  2.480121157137036e-13  1.395166141512284e-08  1.729208538391316e-14  2.109234210498326e-13  3.660270702903287e-15  1.292629343426780e-13  3.363636124122467e-18  4.091511060705611e-17  1.729208505676788e-14  2.109234170814580e-13 
 1.621810097358872e+12  2.423671272263692e-13  1.396099701340753e-08  1.651704805291028e-14  2.061551006948402e-13  3.493477289659175e-15  1.263205508122403e-13  3.176099278521563e-18  3.953238421577945e-17  1.651704774754074e-14  2.061550969044673e-13 
 1.659586907437501e+12  2.368506041493168e-13  1.397000564921178e-08  1.577666078899127e-14  2.014931401320175e-13  3.334147191830306e-15  1.234451441025035e-13  2.999001790181139e-18  3.819611465512364e-17  1.577666050394959e-14  2.014931365116879e-13 
 1.698243652461683e+12  2.314596242408242e-13  1.397870351071410e-08  1.506938414086764e-14  1.969352622993560e-13  3.181949098916575e-15  1.206351896352564e-13  2.831764552637919e-18  3.690476202725163e-17  1.506938387480200e-14  1.969352588414647e-13 
 1.737800828749313e+12  2.261913316478954e-13  1.398710631189704e-08  1.439374618773740e-14  1.924792325242294e-13  3.036566244298284e-15  1.178891975359015e-13  2.673840380154018e-18  3.565683586469928e-17  1.439374593938571e-14  1.924792292215096e-13 
 1.778279410038859e+12  2.210429354033902e-13  1.399522930570615e-08  1.374833965176006e-14  1.881228581707812e-13  2.897695783638011e-15  1.152057118435056e-13  2.524712268161584e-18  3.445089366828272e-17  1.374833941994399e-14  1.881228550162892e-13 
 1.819700858609918e+12  2.160117079568438e-13  1.400308729738859e-08  1.313181912742927e-14  1.838639882563950e-13  2.765048198443334e-15  1.125833097388320e-13  2.383891746561428e-18  3.328553947844140e-17  1.313181891104875e-14  1.838639852434962e-13 
 1.862087136662800e+12  2.110949837382374e-13  1.401069465792519e-08  1.254289842369337e-14  1.797005130403466e-13  2.638346723895957e-15  1.100206007899446e-13  2.250917321109437e-18  3.215942248007450e-17  1.254289822172136e-14  1.797005101627019e-13 
 1.905460717963178e+12  2.062901577540046e-13  1.401806533747565e-08  1.198034801476830e-14  1.756303635875274e-13  2.517326800072937e-15  1.075162262149843e-13  2.125352998350565e-18  3.107123564084171e-17  1.198034782624600e-14  1.756303608390799e-13 
 1.949844599757975e+12  2.015946842145620e-13  1.402521287876161e-08  1.144299259568455e-14  1.716515113099315e-13  2.401735545706576e-15  1.050688581617266e-13  2.006786889777280e-18  3.001971438282055e-17  1.144299241971687e-14  1.716515086848941e-13 
 1.995262314968807e+12  1.970060751926763e-13  1.403215043031768e-08  1.092970873870931e-14  1.677619674884129e-13  2.291331253650847e-15  1.026771990035379e-13  1.894829891097776e-18  2.900363528734201e-17  1.092970857446064e-14  1.677619649812568e-13 
 2.041737944669455e+12  1.925218993119884e-13  1.403889075954462e-08  1.043942264688715e-14  1.639597827770456e-13  2.185882907244199e-15  1.003399806513581e-13  1.789114432699195e-18  2.802181483276359e-17  1.043942249357740e-14  1.639597803824885e-13 
 2.089296130853963e+12  1.881397804650341e-13  1.404544626550332e-08  9.971108001045455e-15  1.602430466922523e-13  2.085169716780549e-15  9.805596388134479e-14  1.689293297582632e-18  2.707310816488268e-17  9.971107857946420e-15  1.602430444052476e-13 
 2.137962089502154e+12  1.838573965601081e-13  1.405182899139181e-08  9.523783896714688e-15  1.566098870887141e-13  1.988980675322600e-15  9.582393767782091e-14  1.595038503230182e-18  2.615640789964359e-17  9.523783763146568e-15  1.566098849044406e-13 
 2.187761623949473e+12  1.796724782963387e-13  1.405805063665104e-08  9.096512867518023e-15  1.530584696239265e-13  1.897114133114011e-15  9.364271859117983e-14  1.506040244039810e-18  2.527064295774767e-17  9.096512742846225e-15  1.530584675377780e-13 
 2.238721138568258e+12  1.755828079663500e-13  1.406412256864826e-08  8.688398991688779e-15  1.495869972131308e-13  1.809377389869236e-15  9.151115011040550e-14  1.422005891131645e-18  2.441477743073790e-17  8.688398875320920e-15  1.495869952207071e-13 
 2.290867652767689e+12  1.715862182858999e-13  1.407005583388975e-08  8.298586078478147e-15  1.461937094762224e-13  1.725586304242109e-15  8.942810204987620e-14  1.342659046489728e-18  2.358780947809550e-17  8.298585969861253e-15  1.461937075733198e-13 
 2.344228815319836e+12  1.676805912499000e-13  1.407586116871728e-08  7.926255931318320e-15  1.428768821781129e-13  1.645564919796348e-15  8.739246995012584e-14  1.267738648556356e-18  2.278877025485735e-17  7.926255829936198e-15  1.428768803607158e-13 
 2.398832919019403e+12  1.638638570142311e-13  1.408154900944505e-08  7.570626684708348e-15  1.396348266639159e-13  1.569145106823003e-15  8.540317449224605e-14  1.196998126542403e-18  2.201672286923860e-17  7.570626590079159e-15  1.396348249281882e-13 
 2.454708915684940e+12  1.601339928027838e-13  1.408712950189634e-08  7.230951211890381e-15  1.364658892902147e-13  1.496166219371444e-15  8.345916092561770e-14  1.130204600856382e-18  2.127076136972328e-17  7.230951123564350e-15  1.364658876324916e-13 
 2.511886431509488e+12  1.564890218391628e-13  1.409261251030098e-08  6.906515600483285e-15  1.333684508535728e-13  1.426474766881811e-15  8.155939850866886e-14  1.067138127188014e-18  2.055000976106883e-17  6.906515518040571e-15  1.333684492703539e-13 
 2.570395782768769e+12  1.529270123025091e-13  1.409800762551735e-08  6.596637693337874e-15  1.303409260173583e-13  1.359924099827700e-15  7.970287996236289e-14  1.007590981908707e-18  1.985362104865604e-17  6.596637616386581e-15  1.303409245052996e-13 
 2.630267991895285e+12  1.494460763069013e-13  1.410332417254404e-08  6.300665691973582e-15  1.273817627378607e-13  1.296374108798457e-15  7.788862093612618e-14  9.513669865720635e-19  1.918077631060417e-17  6.300665620147907e-15  1.273817612937679e-13 
 2.691534803926816e+12  1.460443689038139e-13  1.410857121728928e-08  6.017976820050081e-15  1.244894416906012e-13  1.235690936470515e-15  7.611565948593329e-14  8.982808694123697e-19  1.853068379706261e-17  6.017976753008570e-15  1.244894403114230e-13 
 2.754228703338064e+12  1.427200871071165e-13  1.411375757256769e-08  5.747976044418713e-15  1.216624756976621e-13  1.177746701936996e-15  7.438305556427187e-14  8.481576618484052e-19  1.790257805608397e-17  5.747975981842650e-15  1.216624743804840e-13 
 2.818382931264349e+12  1.394714689401132e-13  1.411889180329673e-08  5.490094851388066e-15  1.188994091567872e-13  1.122419236883935e-15  7.268989052171780e-14  8.008321281038778e-19  1.729571908547893e-17  5.490094792979958e-15  1.188994078988251e-13 
 2.884031503126499e+12  1.362967925041291e-13  1.412398223086766e-08  5.243790075925040e-15  1.161988174729408e-13  1.069591833120385e-15  7.103526661985541e-14  7.561482261547125e-19  1.670939151005113e-17  5.243790021407207e-15  1.161988162715355e-13 
 2.951209226666276e+12  1.331943750681628e-13  1.412903693666844e-08  5.008542781597667e-15  1.135593064929526e-13  1.019153000987935e-15  6.941830655528524e-14  7.139585983074538e-19  1.614290378360975e-17  5.008542730710922e-15  1.135593053455639e-13 
 3.019951720401904e+12  1.301625721791355e-13  1.413406376473927e-08  4.783857189148336e-15  1.109795119438144e-13  9.709962381930323e-16  6.783815299446663e-14  6.741240898023673e-19  1.559558741515829e-17  4.783857141650755e-15  1.109795108480160e-13 
 3.090295432513476e+12  1.271997767922740e-13  1.413907032354471e-08  4.569259651666342e-15  1.084580988751460e-13  9.250198086229293e-16  6.629396811914861e-14  6.365132939197234e-19  1.506679621866051e-17  4.569259607332116e-15  1.084580978286204e-13 
 3.162277660168262e+12  1.243044184211776e-13  1.414406398685016e-08  4.364297674406394e-15  1.059937611062928e-13  8.811265307229392e-16  6.478493318214775e-14  6.010021221483451e-19  1.455590558578817e-17  4.364297633024758e-15  1.059937601068265e-13 
 3.235936569296162e+12  1.214749623071290e-13  1.414905189369475e-08  4.168538977375206e-15  1.035852206784765e-13  8.392235750291849e-16  6.331024807323810e-14  5.674733980520448e-19  1.406231178105992e-17  4.168538938749436e-15  1.035852197239551e-13 
 3.311311214825788e+12  1.187099086072164e-13  1.415404094745712e-08  3.981570598881364e-15  1.012312273123720e-13  7.992222704669781e-16  6.186913089492247e-14  5.358164735422056e-19  1.358543125878636e-17  3.981570562827841e-15  1.012312264007761e-13 
 3.388441561391899e+12  1.160077916008461e-13  1.415903781401614e-08  3.802998038314398e-15  9.893055787144857e-14  7.610379190405067e-16  6.046081754786038e-14  5.059268663337110e-19  1.312470000124307e-17  3.802998004661738e-15  9.893055700084926e-14 
 3.467368504525187e+12  1.133671789142311e-13  1.416404891901418e-08  3.632444436487456e-15  9.668201583137138e-14  7.245896185545837e-16  5.908456132573257e-14  4.777059174268107e-19  1.267957287750059e-17  3.632444405075696e-15  9.668201499992631e-14 
 3.548133892335622e+12  1.107866707624546e-13  1.416908044423654e-08  3.469549791944086e-15  9.448443075573011e-14  6.898000930238485e-16  5.773963251932798e-14  4.510604675195441e-19  1.224952302234849e-17  3.469549762623921e-15  9.448442996167964e-14 
 3.630780547700878e+12  1.082648992087112e-13  1.417413832312831e-08  3.313970211693557e-15  9.233665777832507e-14  6.565955304390096e-16  5.642531802964239e-14  4.259025513141632e-19  1.183404123475928e-17  3.313970184325630e-15  9.233665701998849e-14 
 3.715352290971586e+12  1.058005274403404e-13  1.417922823547643e-08  3.165377194900764e-15  9.023757709221367e-14  6.249054275734880e-16  5.514092098978403e-14  4.021491087367514e-19  1.143263539534696e-17  3.165377169355008e-15  9.023757636798570e-14 
 3.801893963205470e+12  1.033922490612754e-13  1.418435560129356e-08  3.023456948116370e-15  8.818609344569358e-14  5.946624415271983e-16  5.388576039548600e-14  3.797217121421068e-19  1.104482990228451e-17  3.023456924271384e-15  8.818609275404106e-14 
 3.890451449942660e+12  1.010387874005365e-13  1.418952557394853e-08  2.887909730690063e-15  8.618113564537136e-14  5.658022477171369e-16  5.265917074402874e-14  3.585463086260374e-19  1.067016512515477e-17  2.887909708432536e-15  8.618113498482991e-14 
 3.981071705534823e+12  9.873889483640856e-14  1.419474303259735e-08  2.758449229065217e-15  8.422165606644390e-14  5.382634040370156e-16  5.146050168138207e-14  3.385529766146935e-19  1.030819687621878e-17  2.758449208289392e-15  8.422165543561492e-14 
 4.073802778040975e+12  9.649135213594955e-14  1.420001257397827e-08  2.634801958706452e-15  8.230663017029748e-14  5.119872209203417e-16  5.028911765737896e-14  3.196756959455269e-19  9.958495898596750e-18  2.634801939313619e-15  8.230662956784515e-14 
 4.168693834703198e+12  9.429496780948359e-14  1.420533850364437e-08  2.516706692462845e-15  8.043505602950967e-14  4.869176370531252e-16  4.914439758873867e-14  3.018521306970613e-19  9.620647370866793e-18  2.516706674360872e-15  8.043505545415820e-14 
 4.265795188015767e+12  9.214857747974141e-14  1.421072482671730e-08  2.403913914218930e-15  7.860595386032073e-14  4.630011004937956e-16  4.802573452976019e-14  2.850234240650027e-19  9.294250427597648e-18  2.403913897321829e-15  7.860595331085159e-14 
 4.365158322401496e+12  9.005104326531814e-14  1.421617523825603e-08  2.296185296733151e-15  7.681836556262492e-14  4.401864549689589e-16  4.693253535051192e-14  2.691340046204295e-19  8.978917695342371e-18  2.296185280960663e-15  7.681836503787434e-14 
 4.466835921509463e+12  8.800125317812426e-14  1.422169311334513e-08  2.193293202608995e-15  7.507135426751567e-14  4.184248311242652e-16  4.586422042234633e-14  2.541314033219604e-19  8.674274843630683e-18  2.193293187886210e-15  7.507135376637215e-14 
 4.570881896148578e+12  8.599812053451487e-14  1.422728149701697e-08  2.095020207388086e-15  7.336400389240536e-14  3.976695425199795e-16  4.482022331057339e-14  2.399660806880627e-19  8.379960150508802e-18  2.095020193645087e-15  7.336400341380736e-14 
 4.677351412871806e+12  8.404058337978788e-14  1.423294309413221e-08  2.001158643796678e-15  7.169541870372666e-14  3.778759861707671e-16  4.379999047412950e-14  2.265912635680710e-19  8.095624082186325e-18  2.001158630968210e-15  7.169541824666029e-14 
 4.786300923226203e+12  8.212760392574932e-14  1.423868025935273e-08  1.911510166217590e-15  7.006472288721092e-14  3.590015474387731e-16  4.280298097208278e-14  2.139627909811802e-19  7.820928886360579e-18  1.911510154242745e-15  7.006472245070788e-14 
 4.897788193684277e+12  8.025816800105023e-14  1.424449498734893e-08  1.825885334498657e-15  6.847106012572797e-14  3.410055090982808e-16  4.182866617681916e-14  2.020389685217159e-19  7.555548198799776e-18  1.825885323320588e-15  6.847105970886346e-14 
 5.011872336272534e+12  7.843128451400694e-14  1.425038890339202e-08  1.744103216246267e-15  6.691359318466199e-14  3.238489643990489e-16  4.087652949375716e-14  1.907804308564760e-19  7.299166662776929e-18  1.744103205811915e-15  6.691359278655280e-14 
 5.128613839913455e+12  7.664598492762179e-14  1.425636325448732e-08  1.665991006788572e-15  6.539150350478862e-14  3.074947339638912e-16  3.994606608744256e-14  1.801500118659436e-19  7.051479560957102e-18  1.665990997048415e-15  6.539150312459119e-14 
 5.248074602497527e+12  7.490132274652902e-14  1.426241890121060e-08  1.591383666027601e-15  6.390399080261099e-14  2.919072863641145e-16  3.903678261387820e-14  1.701126220057853e-19  6.812192459351204e-18  1.591383656935418e-15  6.390399043951968e-14 
 5.370317963702324e+12  7.319637301559561e-14  1.426855631041188e-08  1.520123571432794e-15  6.245027267810421e-14  2.770526622241268e-16  3.814819695894648e-14  1.606351324883328e-19  6.581020862959746e-18  1.520123562945443e-15  6.245027233134963e-14 
 5.495408738576037e+12  7.153023182991347e-14  1.427477554895325e-08  1.452060186460416e-15  6.102958422981147e-14  2.628984017137983e-16  3.727983798278616e-14  1.516862659057798e-19  6.357689882740334e-18  1.452060178537630e-15  6.102958389865879e-14 
 5.623413251903277e+12  6.990201585592496e-14  1.428107627864588e-08  1.387049743714088e-15  5.964117767722884e-14  2.494134752940508e-16  3.643124526998780e-14  1.432364929376644e-19  6.141933913542735e-18  1.387049736318286e-15  5.964117736097626e-14 
 5.754399373371351e+12  6.831086186342994e-14  1.428745775254882e-08  1.324954942191194e-15  5.828432199041035e-14  2.365682175876210e-16  3.560196888547550e-14  1.352579348049238e-19  5.933496322665224e-18  1.324954935287295e-15  5.828432168838763e-14 
 5.888436553555666e+12  6.675592626822789e-14  1.429391881278612e-08  1.265644657988312e-15  5.695830252672029e-14  2.243342642530123e-16  3.479156913594548e-14  1.277242711514595e-19  5.732129148695771e-18  1.265644651543577e-15  5.695830223828732e-14 
 6.025595860743349e+12  6.523638468515381e-14  1.430045789003086e-08  1.208993667866122e-15  5.566242067465473e-14  2.126844917452874e-16  3.399961633673490e-14  1.206106530517820e-19  5.537592810311065e-18  1.208993661849991e-15  5.566242039920018e-14 
 6.165950018614587e+12  6.375143149127282e-14  1.430707300479358e-08  1.154882385100476e-15  5.439599350465111e-14  2.015929598525920e-16  3.322569058399732e-14  1.138936208599943e-19  5.349655824715887e-18  1.154882379484425e-15  5.439599324159113e-14 
 6.309573444801692e+12  6.230027939900325e-14  1.431376177063886e-08  1.103196607071543e-15  5.315835342680114e-14  1.910348569021063e-16  3.246938153206435e-14  1.075510266311422e-19  5.168094535414478e-18  1.103196601828950e-15  5.315835317557815e-14 
 6.456542290346310e+12  6.088215903894284e-14  1.432052139943740e-08  1.053827274067173e-15  5.194884785537892e-14  1.809864475335175e-16  3.173028817587485e-14  1.015619608608757e-19  4.992692849014580e-18  1.053827269173187e-15  5.194884761546039e-14 
 6.606934480075709e+12  5.949631855217844e-14  1.432734870874203e-08  1.006670238799933e-15  5.076683888009407e-14  1.714250229420994e-16  3.100801863835684e-14  9.590668330347316e-20  4.823241980773621e-18  1.006670234231360e-15  5.076683865097145e-14 
 6.760829753919561e+12  5.814202319186410e-14  1.433424013135426e-08  9.616260461596594e-16  4.961170294397743e-14  1.623288534970814e-16  3.030218996264911e-14  9.056655764160688e-20  4.659540208605185e-18  9.616260418948511e-16  4.961170272516499e-14 
 6.918309709189102e+12  5.681855493385706e-14  1.434119172712455e-08  9.185997227448595e-16  4.848283052780433e-14  1.536771436441964e-16  2.961242790905251e-14  8.552398979383452e-20  4.501392635272264e-18  9.185997187636081e-16  4.848283031883823e-14 
 7.079457843841109e+12  5.552521209620677e-14  1.434819919700360e-08  8.775005757369741e-16  4.737962584095993e-14  1.454499890041549e-16  2.893836675660305e-14  8.076236965770988e-20  4.348610958502078e-18  8.775005720204179e-16  4.737962564139717e-14 
 7.244359600749624e+12  5.426130896729558e-14  1.435525789933494e-08  8.382420007013117e-16  4.630150651864897e-14  1.376283355813010e-16  2.827964910916195e-14  7.626601609766189e-20  4.201013248765235e-18  8.382419972318451e-16  4.630150632806648e-14 
 7.413102413008892e+12  5.302617544243496e-14  1.436236286835042e-08  8.007412979174868e-16  4.524790332535126e-14  1.301939409989036e-16  2.763592570591939e-14  7.202012499742392e-20  4.058423734469837e-18  8.007412946786765e-16  4.524790314334500e-14 
 7.585775750291547e+12  5.181915666872572e-14  1.436950883480153e-08  7.649194968604265e-16  4.421825986442432e-14  1.231293376794582e-16  2.700685523621194e-14  6.801072020684185e-20  3.920672594328803e-18  7.649194938369331e-16  4.421825969060841e-14 
 7.762471166286619e+12  5.063961269799405e-14  1.437669024863019e-08  7.307011884704408e-16  4.321203229375263e-14  1.164177978900408e-16  2.639210415855510e-14  6.422460722237460e-20  3.787595756666064e-18  7.307011856479463e-16  4.321203212775857e-14 
 7.943282347242510e+12  4.948691814762061e-14  1.438390130355351e-08  6.980143648675883e-16  4.222868904734383e-14  1.100433005742236e-16  2.579134652379518e-14  6.064932944956192e-20  3.659034705434583e-18  6.980143622327277e-16  4.222868888881967e-14 
 8.128305161640680e+12  4.836046186908340e-14  1.439113596341023e-08  6.667902661814957e-16  4.126771056277121e-14  1.039904998933473e-16  2.520426380228689e-14  5.727312690419050e-20  3.534836292726189e-18  6.667902637217935e-16  4.126771041138084e-14 
 8.317637711026390e+12  4.725964662403888e-14  1.439838799008906e-08  6.369632341830530e-16  4.032858901436194e-14  9.824469540111440e-17  2.463054471500457e-14  5.408489721687336e-20  3.414852557560021e-18  6.369632318868638e-16  4.032858886978438e-14 
 8.511380382023437e+12  4.618388876777082e-14  1.440565097283616e-08  6.084705724189502e-16  3.941082805203124e-14  9.279180377654600e-17  2.406988506849810e-14  5.107415881329444e-20  3.298940550743197e-18  6.084705702754039e-16  3.941082791395993e-14 
 8.709635899560471e+12  4.513261793983895e-14  1.441291835871682e-08  5.812524125638435e-16  3.851394254566164e-14  8.761833204137227e-17  2.352198759360539e-14  4.823101614947693e-20  3.186962165603639e-18  5.812524105627929e-16  3.851394241380384e-14 
 8.912509381337111e+12  4.410527676176441e-14  1.442018348398820e-08  5.552515867181428e-16  3.763745833492849e-14  8.271135218896665e-17  2.298656178783646e-14  4.554612688814560e-20  3.078783974401447e-18  5.552515848501160e-16  3.763745820900460e-14 
 9.120108393558746e+12  4.310132054159179e-14  1.442743960612530e-08  5.304135053919052e-16  3.678091198447194e-14  7.805847715298944e-17  2.246332376134515e-14  4.301067090857790e-20  2.974277070231260e-18  5.304135036480603e-16  3.678091186421494e-14 
 9.332543007969551e+12  4.212021698517172e-14  1.443467993623103e-08  5.066860409272275e-16  3.594385054431708e-14  7.364783804505068e-17  2.195199608640697e-14  4.061632104831096e-20  2.873316914234050e-18  5.066860392993106e-16  3.594385042947198e-14 
 9.549925860213990e+12  4.116144591401139e-14  1.444189767155448e-08  4.840194161227761e-16  3.512583131544453e-14  6.946806259193410e-17  2.145230765032326e-14  3.835521548069911e-20  2.775783187942561e-18  4.840194146030824e-16  3.512583120576780e-14 
 9.772372209557729e+12  4.022449898954358e-14  1.444908602783899e-08  4.623660978347786e-16  3.432642162041413e-14  6.550825470429634e-17  2.096399351167369e-14  3.621993163762806e-20  2.681559650590243e-18  4.623660964161155e-16  3.432642151567320e-14 
 9.999999999999613e+12  3.930887944366862e-14  1.445623827122293e-08  4.416806953389028e-16  3.354519857894580e-14  6.175797511027304e-17  2.048679475984083e-14  3.420346159170071e-20  2.590534001218974e-18  4.416806940145560e-16  3.354519847891857e-14 
 1.023292992280714e+13  3.841410181542646e-14  1.446334774942250e-08  4.219198632469949e-16  3.278174888836210e-14  5.820722298911009e-17  2.002045837773225e-14  3.229918881693291e-20  2.502597745426174e-18  4.219198620106966e-16  3.278174879283646e-14 
 1.047128548050859e+13  3.753969169365975e-14  1.447040792193569e-08  4.030422087816965e-16  3.203566860879851e-14  5.484641854180491e-17  1.956473710762764e-14  3.050086625145580e-20  2.417646066597049e-18  4.030422076275955e-16  3.203566851757188e-14 
 1.071519305237565e+13  3.668518546553174e-14  1.447741238902068e-08  3.850082032204983e-16  3.130656295308797e-14  5.166638643778971e-17  1.911938932007940e-14  2.880259558992634e-20  2.335577701472688e-18  3.850082021431322e-16  3.130656286596689e-14 
 1.096478196143142e+13  3.585013007076568e-14  1.448435491921948e-08  3.677800973288618e-16  3.059404608122768e-14  4.865834007891609e-17  1.868417888579757e-14  2.719880773731569e-20  2.256294819909573e-18  3.677800963231315e-16  3.059404599802741e-14 
 1.122018454301920e+13  3.503408276147607e-14  1.449122947521853e-08  3.513218406097004e-16  2.989774089933737e-14  4.581386662440397e-17  1.825887505045093e-14  2.568424435949303e-20  2.179702908690761e-18  3.513218396708455e-16  2.989774081988145e-14 
 1.148153621496838e+13  3.423661086746435e-14  1.449803023786133e-08  3.355990042037258e-16  2.921727886301895e-14  4.312491272297735e-17  1.784325231231806e-14  2.425394046955769e-20  2.105710659253534e-18  3.355990033273024e-16  2.921727878713890e-14 
 1.174897554939484e+13  3.345729156685489e-14  1.450475162815386e-08  3.205787072820474e-16  2.855229978502939e-14  4.058377090111755e-17  1.743709030272330e-14  2.290320799221572e-20  2.034229859202726e-18  3.205787064639067e-16  2.855229971256427e-14 
 1.202264434617366e+13  3.269571166194978e-14  1.451138832713112e-08  3.062295467789043e-16  2.790245164717898e-14  3.818306655918852e-17  1.704017366919439e-14  2.162762025165158e-20  1.965175287483191e-18  3.062295460151733e-16  2.790245157797513e-14 
 1.230268770812334e+13  3.195146736018402e-14  1.451793529348119e-08  2.925215303186158e-16  2.726739041636962e-14  3.591574553011523e-17  1.665229196127975e-14  2.042299733133144e-20  1.898464613089069e-18  2.925215296056789e-16  2.726739035028027e-14 
 1.258925411794118e+13  3.122416406006478e-14  1.452438777885239e-08  2.794260121967155e-16  2.664677986468771e-14  3.377506215828683e-17  1.627323951896484e-14  1.928539225699345e-20  1.834018297191453e-18  2.794260115311970e-16  2.664677980157271e-14 
 1.288249551693084e+13  3.051341614198175e-14  1.453074134079795e-08  2.669156322808704e-16  2.604029139346861e-14  3.175456785939159e-17  1.590281536362857e-14  1.821107795674970e-20  1.771759498569986e-18  2.669156316596191e-16  2.604029133319410e-14 
 1.318256738556356e+13  2.981884676377741e-14  1.453699185334094e-08  2.549642577025559e-16  2.544760386125029e-14  2.984810012493364e-17  1.554082309148169e-14  1.719653495474779e-20  1.711613982237671e-18  2.549642571226299e-16  2.544760380368844e-14 
 1.348962882591601e+13  2.914008766096944e-14  1.454313551516933e-08  2.435469272156198e-16  2.486840341553547e-14  2.804977193820855e-17  1.518707076943099e-14  1.623843975722936e-20  1.653510031151831e-18  2.435469266742726e-16  2.486840336056420e-14 
 1.380384264602831e+13  2.847677895151910e-14  1.454916885549701e-08  2.326397981028091e-16  2.430238332828269e-14  2.635396157149258e-17  1.484137083331378e-14  1.533365389208363e-20  1.597378360907680e-18  2.326397975974765e-16  2.430238327578542e-14 
 1.412537544622699e+13  2.782856894504231e-14  1.455508873765041e-08  2.222200955160970e-16  2.374924383504812e-14  2.475530273710398e-17  1.450353998844894e-14  1.447921356513483e-20  1.543152037314379e-18  2.222200950443853e-16  2.374924378491351e-14 
 1.445439770745871e+13  2.719511395636247e-14  1.456089236046220e-08  2.122660641412370e-16  2.320869197770134e-14  2.324867506779958e-17  1.417339911245160e-14  1.367231989843034e-20  1.490766396756786e-18  2.122660637009115e-16  2.320869192982306e-14 
 1.479108388168149e+13  2.657607812330611e-14  1.456657725757249e-08  2.027569220813971e-16  2.268044145063945e-14  2.182919490465171e-17  1.385077316026016e-14  1.291032971771580e-20  1.440158969249277e-18  2.027569216703714e-16  2.268044140491596e-14 
 1.513561248436149e+13  2.597113322864499e-14  1.457214129475522e-08  1.936728168590082e-16  2.216421245042551e-14  2.049220637309190e-17  1.353549107132501e-14  1.219074685810223e-20  1.391269404091164e-18  1.936728164753346e-16  2.216421240675983e-14 
 1.548816618912421e+13  2.537995852609030e-14  1.457758266540099e-08  1.849947834391066e-16  2.165973152877826e-14  1.923327273019102e-17  1.322738567890999e-14  1.151121395865285e-20  1.344039398036193e-18  1.849947830809666e-16  2.165973148707779e-14 
 1.584893192461051e+13  2.480224057024672e-14  1.458289988429893e-08  1.767047041814555e-16  2.116673144884180e-14  1.804816796845949e-17  1.292629362145843e-14  1.086950471824799e-20  1.298412625891541e-18  1.767047038471516e-16  2.116673140901810e-14 
 1.621810097358866e+13  2.423767305043638e-14  1.458809177986889e-08  1.687852706326245e-16  2.068495104466481e-14  1.693286866348573e-17  1.263205525597661e-14  1.026351658663180e-20  1.254334673464541e-18  1.687852703205719e-16  2.068495100663341e-14 
 1.659586907437495e+13  2.368595662830457e-14  1.459315748500110e-08  1.612199470729651e-16  2.021413508382050e-14  1.588354605457996e-17  1.234451457338898e-14  9.691263866006827e-21  1.211752972778072e-18  1.612199467816842e-16  2.021413504750074e-14 
 1.698243652461678e+13  2.314679877912122e-14  1.459809642666345e-08  1.539929357370758e-16  1.975403413309958e-14  1.489655834925335e-17  1.206351911582010e-14  9.150871199926915e-21  1.170616739478190e-18  1.539929354651852e-16  1.975403409841442e-14 
 1.737800828749307e+13  2.261991363669416e-14  1.460290831443811e-08  1.470891436298835e-16  1.930440442721013e-14  1.396844324383703e-17  1.178891989575941e-14  8.640567427549751e-21  1.130876912360146e-18  1.470891433760938e-16  1.930440439408601e-14 
 1.778279410038853e+13  2.210502184181174e-14  1.460759312814761e-08  1.404941508638898e-16  1.886500774041888e-14  1.309591065383734e-17  1.152057131706612e-14  8.158679782549421e-21  1.092486094941361e-18  1.404941506269972e-16  1.886500770878556e-14 
 1.819700858609912e+13  2.160185039413481e-14  1.461215110472735e-08  1.341941804464477e-16  1.843561126107055e-14  1.227583564873726e-17  1.125833109777221e-14  7.703628417162598e-21  1.055398499012343e-18  1.341941802253283e-16  1.843561123086092e-14 
 1.862087136662794e+13  2.111013250745950e-14  1.461658272449695e-08  1.281760694491303e-16  1.801598746892229e-14  1.150525158689774e-17  1.100206019464263e-14  7.273921232950114e-21  1.019569890098842e-18  1.281760692427348e-16  1.801598744007228e-14 
 1.905460717963172e+13  2.062960746827382e-14  1.462088869697613e-08  1.224272414943500e-16  1.760591401523214e-14  1.078134344699604e-17  1.075162272945275e-14  6.868149000903971e-21  9.849575347707397e-19  1.224272413016990e-16  1.760591398768056e-14 
 1.949844599757969e+13  2.016002049753365e-14  1.462506994638340e-08  1.169356804973672e-16  1.720517360554119e-14  1.010144135307182e-17  1.050688591694393e-14  6.484980754519628e-21  9.515201497353576e-19  1.169356803175462e-16  1.720517357922962e-14 
 1.995262314968801e+13  1.970112261558447e-14  1.462912759694742e-08  1.116899056047017e-16  1.681355388509070e-14  9.463014290748617e-18  1.026771999441901e-14  6.123159440388734e-21  9.192178526549483e-19  1.116899054368572e-16  1.681355385996331e-14 
 2.041737944669449e+13  1.925267051015741e-14  1.463306295815088e-08  1.066789472727244e-16  1.643084732681617e-14  8.863664012569763e-18  1.003399815294042e-14  5.781497811750219e-21  8.880121146301400e-19  1.066789471160594e-16  1.643084730281967e-14 
 2.089296130853957e+13  1.881442640736959e-14  1.463687751001786e-08  1.018923244328656e-16  1.605685112186200e-14  8.301119130648046e-18  9.805596470094410e-15  5.458874551270947e-21  8.578657142930715e-19  1.018923242866362e-16  1.605685109894551e-14 
 2.137962089502148e+13  1.838615794566060e-14  1.464057288854440e-08  9.732002269242639e-17  1.569136707256131e-14  7.773229394990158e-18  9.582393844285730e-15  5.154230610113398e-21  8.287426934558409e-19  9.732002255593807e-17  1.569136705067621e-14 
 2.187761623949466e+13  1.796763805259799e-14  1.464415087136218e-08  9.295247352242296e-17  1.533420148782632e-14  7.277960155932766e-18  9.364271930527975e-15  4.866565751089231e-21  8.006083142617047e-19  9.295247339502742e-17  1.533420146692619e-14 
 2.238721138568251e+13  1.755864482448674e-14  1.464761336371478e-08  8.878053438623586e-17  1.498516508089653e-14  6.813387009130403e-18  9.151115077695504e-15  4.594935284396860e-21  7.734290177882471e-19  8.878053426732787e-17  1.498516506093704e-14 
 2.290867652767682e+13  1.715896140871890e-14  1.465096238481559e-08  8.479546976507234e-17  1.464407286939226e-14  6.377690621477534e-18  8.942810267203687e-15  4.338446985100157e-21  7.471723840534296e-19  8.479546965408692e-17  1.464407285033108e-14 
 2.344228815319829e+13  1.676837588880079e-14  1.465420005464658e-08  8.098893303838853e-17  1.431074407762275e-14  5.969151736240125e-18  8.739247053084958e-15  4.096258182126625e-21  7.218070933770906e-19  8.098893293479826e-17  1.431074405941945e-14 
 2.398832919019395e+13  1.638668117199719e-14  1.465732858124776e-08  7.735294917945561e-17  1.398500204109873e-14  5.586146355525689e-18  8.540317503428884e-15  3.867573009148488e-21  6.973028890520582e-19  7.735294908276814e-17  1.398500202371470e-14 
 2.454708915684933e+13  1.601367487953268e-14  1.466035024853793e-08  7.387989822819821e-17  1.366667411320070e-14  5.227141098045600e-18  8.345916143155269e-15  3.651639808261595e-21  6.736305412805796e-19  7.387989813795396e-17  1.366667409659907e-14 
 2.511886431509480e+13  1.564915923929214e-14  1.466326740469868e-08  7.056249950528358e-17  1.335559157395494e-14  4.890688729927463e-18  8.155939898089835e-15  3.447748677896215e-21  6.507618123332635e-19  7.056249942105350e-17  1.335559155810049e-14 
 2.570395782768761e+13  1.529294098096337e-14  1.466608245114620e-08  6.739379653319886e-17  1.305158954087043e-14  4.575423866126819e-18  7.970288040312969e-15  3.255229156882937e-21  6.286694228891733e-19  6.739379645458244e-17  1.305158952572954e-14 
 2.630267991895277e+13  1.494483123356642e-14  1.466879783210742e-08  6.436714263172820e-17  1.275450688179078e-14  4.280058839772992e-18  7.788862134752414e-15  3.073448037057367e-21  6.073270195170985e-19  6.436714255835162e-17  1.275450686733134e-14 
 2.691534803926808e+13  1.460464542531521e-14  1.467141602481110e-08  6.147618715683095e-17  1.246418612971639e-14  4.003379736569615e-18  7.611565986991717e-15  2.901807297221125e-21  5.867091432593877e-19  6.147618708834520e-17  1.246418611590773e-14 
 2.754228703338056e+13  1.427220318575829e-14  1.467393953029772e-08  5.871486235342987e-17  1.218047339955265e-14  3.744242591161152e-18  7.438305592266658e-15  2.739742151684882e-21  5.667911992810147e-19  5.871486228950920e-17  1.218047338636547e-14 
 2.818382931264341e+13  1.394732825014718e-14  1.467637086484750e-08  5.607737079405228e-17  1.190321830674150e-14  3.501569742176814e-18  7.268989085622695e-15  2.586719207003853e-21  5.475494275478242e-19  5.607737073439260e-17  1.190321829414783e-14 
 2.884031503126490e+13  1.362984836598123e-14  1.467871255202029e-08  5.355817337662384e-17  1.163227388773400e-14  3.274346342476040e-18  7.103526693206936e-15  2.442234720878171e-21  5.289608744991027e-19  5.355817332094130e-17  1.163227387570713e-14 
 2.951209226666267e+13  1.331959520167963e-14  1.468096711529768e-08  5.115197785600460e-17  1.136749652226292e-14  3.061617020947984e-18  6.941830684668867e-15  2.305812957531708e-21  5.110033656808118e-19  5.115197780403424e-17  1.136749651077734e-14 
 3.019951720401895e+13  1.301640425733228e-14  1.468313707131342e-08  4.885372788507682e-17  1.110874585737494e-14  2.862482692062821e-18  6.783815326644548e-15  2.177004634203934e-21  4.936554793069464e-19  4.885372783657132e-17  1.110874584640630e-14 
 3.090295432513466e+13  1.272011477748195e-14  1.468522492365622e-08  4.665859254235351e-17  1.085588473318320e-14  2.676097509237091e-18  6.629396837299663e-15  2.055385453692042e-21  4.768965207175827e-19  4.665859249708201e-17  1.085588472270822e-14 
 3.162277660168252e+13  1.243056966589173e-14  1.468723315722519e-08  4.456195632417290e-17  1.060877911030138e-14  2.501665957959169e-18  6.478493341907260e-15  1.940554718165407e-21  4.607064977032426e-19  4.456195628191990e-17  1.060877910029785e-14 
 3.235936569296153e+13  1.214761540225246e-14  1.468916423311749e-08  4.255940958058617e-17  1.036729799892196e-14  2.338440084525044e-18  6.331024829436716e-15  1.832134019742995e-21  4.450660966662288e-19  4.255940954115053e-17  1.036729798936866e-14 
 3.311311214825778e+13  1.187110196078605e-14  1.469102058402534e-08  4.064673937503077e-17  1.013131338950138e-14  2.185716856158645e-18  6.186913110130814e-15  1.729766003577225e-21  4.299566595905686e-19  4.064673933822474e-17  1.013131338037804e-14 
 3.388441561391889e+13  1.160088273070146e-14  1.469280461011851e-08  3.881992074881811e-17  9.900700185016290e-15  2.042835648234916e-18  6.046081774048494e-15  1.633113199426185e-21  4.153601617931742e-19  3.881992071446643e-17  9.900700176303571e-15 
 3.467368504525177e+13  1.133681443846132e-14  1.469451867538784e-08  3.707510837235117e-17  9.675336134755438e-15  1.909175854287034e-18  5.908456150551297e-15  1.541856917920786e-21  4.012591904297432e-19  3.707510834029027e-17  9.675336126434852e-15 
 3.548133892335612e+13  1.107875707181782e-14  1.469616510442468e-08  3.540862856582896e-17  9.455101769612696e-15  1.784154614460646e-18  5.773963268712016e-15  1.455696207945205e-21  3.876369237298242e-19  3.540862853590615e-17  9.455101761666595e-15 
 3.630780547700867e+13  1.082657380557772e-14  1.469774617961073e-08  3.381697167299339e-17  9.239880338847480e-15  1.667224658077165e-18  5.642531818624524e-15  1.374346871748675e-21  3.744771109363332e-19  3.381697164506615e-17  9.239880331259011e-15 
 3.715352290971576e+13  1.058013092905706e-14  1.469926413869303e-08  3.229678477223206e-17  9.029557748279483e-15  1.557872255983418e-18  5.514092113594334e-15  1.297540534594953e-21  3.617640529256446e-19  3.229678474616738e-17  9.029557741032549e-15 
 3.801893963205459e+13  1.033929777518716e-14  1.470072117271908e-08  3.084486471007017e-17  8.824022499885466e-15  1.455615278395523e-18  5.388576053189781e-15  1.225023765933417e-21  3.494825834851892e-19  3.084486468574386e-17  8.824022492964696e-15 
 3.890451449942649e+13  1.010394665123425e-14  1.470211942430720e-08  2.945815144276803e-17  8.623165632766477e-15  1.360001353989242e-18  5.265917087134279e-15  1.156557249243229e-21  3.376180512262670e-19  2.945815142006422e-17  8.623165626157190e-15 
 3.981071705534812e+13  9.873952771096124e-15  1.470346098622820e-08  2.813372167239085e-17  8.426880665454620e-15  1.270606126046023e-18  5.146050180020483e-15  1.091914997860063e-21  3.261563021105441e-19  2.813372165120137e-17  8.426880659142799e-15 
 4.073802778040962e+13  9.649194189139826e-15  1.470474790027476e-08  2.686878276433411e-17  8.235063539529167e-15  1.187031601532208e-18  5.028911776827652e-15  1.030883614244017e-21  3.150836625694238e-19  2.686878274455798e-17  8.235063533501423e-15 
 4.168693834703185e+13  9.429551735545292e-15  1.470598215639594e-08  2.566066693387594e-17  8.047612564512444e-15  1.108904589067125e-18  4.914439769223935e-15  9.732615902880540e-22  3.043869231961934e-19  2.566066691541894e-17  8.047612558755990e-15 
 4.265795188015754e+13  9.214908953120772e-15  1.470716569207499e-08  2.450682568988613e-17  7.864428364016654e-15  1.035875221822765e-18  4.802573462635717e-15  9.188586463991629e-22  2.940533229915238e-19  2.450682567266029e-17  7.864428358519285e-15 
 4.365158322401483e+13  9.005152035556406e-15  1.470830039192973e-08  2.340482452435317e-17  7.685413823113338e-15  9.676155614922340e-19  4.693253544066548e-15  8.674951072097957e-22  2.840705341435574e-19  2.340482450827641e-17  7.685413817863390e-15 
 4.466835921509450e+13  8.800169767083315e-15  1.470938808751542e-08  2.235233783689737e-17  7.510474036897879e-15  9.038182795650435e-19  4.586422050648613e-15  8.190013118955423e-22  2.744266473244583e-19  2.235233782189305e-17  7.510474031884216e-15 
 4.570881896148565e+13  8.599853463506167e-15  1.471043055731153e-08  2.134714408391997e-17  7.339516260222054e-15  8.441954122533923e-19  4.482022338910043e-15  7.732170571867633e-22  2.651101574859067e-19  2.134714406991659e-17  7.339516255434042e-15 
 4.677351412871792e+13  8.404096914577973e-15  1.471142952687427e-08  2.038712114249837e-17  7.172449858568210e-15  7.884771855239496e-19  4.379999054741805e-15  7.299910712674625e-22  2.561099501366192e-19  2.038712112942917e-17  7.172449853995693e-15 
 4.786300923226189e+13  8.212796327686568e-15  1.471238666913838e-08  1.947024187957491e-17  7.009186260039273e-15  7.364109068032500e-19  4.280298104048217e-15  6.891805168543631e-22  2.474152880855444e-19  1.947024186737758e-17  7.009186255672553e-15 
 4.897788193684263e+13  8.025850272822913e-15  1.471330360485209e-08  1.859456991740512e-17  6.849638908439335e-15  6.877599200407973e-19  4.182866624065546e-15  6.506505218433004e-22  2.390157986349408e-19  1.859456990602152e-17  6.849638904269148e-15 
 5.011872336272520e+13  7.843159628802038e-15  1.471418190313065e-08  1.775825558662962e-17  6.693723217420149e-15  6.423026209315399e-19  4.087652955333467e-15  6.142737359989940e-22  2.309014612080760e-19  1.775825557600549e-17  6.693723213437651e-15 
 5.128613839913441e+13  7.664627530708115e-15  1.471502308211463e-08  1.695953205871391e-17  6.541356525669408e-15  5.998315292177687e-19  3.994606614304532e-15  5.799299122482587e-22  2.230625953968057e-19  1.695953204879858e-17  6.541356521866151e-15 
 5.248074602497513e+13  7.490159318535830e-15  1.471582860972003e-08  1.619671164986356e-17  6.392458053117243e-15  5.601524151090457e-19  3.903678266577132e-15  5.475055112161010e-22  2.154898494147894e-19  1.619671164060976e-17  6.392458049485159e-15 
 5.370317963702309e+13  7.319662487000774e-15  1.471659990446836e-08  1.546818228886887e-17  6.246948858137863e-15  5.230834769769163e-19  3.814819700737740e-15  5.168933277191311e-22  2.081741889425827e-19  1.546818228023248e-17  6.246948854669250e-15 
 5.495408738576023e+13  7.153046636492269e-15  1.471733833638575e-08  1.477240414166350e-17  6.104751795723786e-15  4.884545675983107e-19  3.727983802798580e-15  4.879921380015650e-22  2.011068863513102e-19  1.477240413360333e-17  6.104751792411287e-15 
 5.623413251903262e+13  6.990223425142631e-15  1.471804522796073e-08  1.410790638569857e-17  5.965791476610690e-15  4.561064663373278e-19  3.643124531217169e-15  4.607063665660611e-22  1.942795102920790e-19  1.410790637817618e-17  5.965791473447277e-15 
 5.754399373371335e+13  6.831106521987467e-15  1.471872185515157e-08  1.347328412753475e-17  5.829994227331268e-15  4.258901947689932e-19  3.560196892484481e-15  4.349457715148723e-22  1.876839156387216e-19  1.347328412051427e-17  5.829994224310232e-15 
 5.888436553555650e+13  6.675611561192138e-15  1.471936944843439e-08  1.286719545734447e-17  5.697288051177097e-15  3.976663733603720e-19  3.479156917268799e-15  4.106251473765957e-22  1.813122337718828e-19  1.286719545079242e-17  5.697288048292029e-15 
 6.025595860743332e+13  6.523656097320132e-15  1.471998919388441e-08  1.228835863429132e-17  5.567602590047879e-15  3.713046169336808e-19  3.399961637102578e-15  3.876640444502770e-22  1.751568631928667e-19  1.228835862817645e-17  5.567602587292660e-15 
 6.165950018614570e+13  6.375159561619669e-15  1.472058223428307e-08  1.173554939701823e-17  5.440869087168000e-15  3.466829667426433e-19  3.322569061600017e-15  3.659865037520261e-22  1.692104604560590e-19  1.173554939131138e-17  5.440869084536786e-15 
 6.309573444801675e+13  6.230043219305310e-15  1.472114967024457e-08  1.120759839372751e-17  5.317020350650696e-15  3.236873570969712e-19  3.246938156193179e-15  3.455208066997397e-22  1.634659314091124e-19  1.120759838840145e-17  5.317020348137906e-15 
 6.456542290346291e+13  6.088230127811941e-15  1.472169256135599e-08  1.070338872657728e-17  5.195990717890601e-15  3.022111145704415e-19  3.173028820374933e-15  3.261992387192143e-22  1.579164227304530e-19  1.070338872160662e-17  5.195990715490905e-15 
 6.606934480075690e+13  5.949645095999026e-15  1.472221192732571e-08  1.022185360534925e-17  5.077716020765927e-15  2.821544879254021e-19  3.100801866437133e-15  3.079578659999853e-22  1.525553137540208e-19  1.022185360071026e-17  5.077716018474235e-15 
 6.760829753919541e+13  5.814214644283429e-15  1.472270874913527e-08  9.761974105563112e-18  4.962133551631849e-15  2.634242069806144e-19  3.030218998692771e-15  2.907363246718159e-22  1.473762085714945e-19  9.761974101233680e-18  4.962133549443300e-15 
 6.918309709189081e+13  5.681866965679768e-15  1.472318397019059e-08  9.322777026424130e-18  4.849182030087203e-15  2.459330687400443e-19  2.961242793171102e-15  2.744776217130010e-22  1.423729284025878e-19  9.322777022383598e-18  4.849182027997155e-15 
 7.079457843841089e+13  5.552531887727543e-15  1.472363849746853e-08  8.903332844191662e-18  4.738801570496902e-15  2.295995491875229e-19  2.893836677774957e-15  2.591279469396861e-22  1.375395042243189e-19  8.903332840420755e-18  4.738801568500921e-15 
 7.244359600749603e+13  5.426140835284940e-15  1.472407320265564e-08  8.502753756749796e-18  4.630933650252940e-15  2.143474392360971e-19  2.827964912889735e-15  2.446364954613432e-22  1.328701696504651e-19  8.502753753230522e-18  4.630933648346793e-15 
 7.413102413008870e+13  5.302626794169502e-15  1.472448892327595e-08  8.120191815345535e-18  4.525521078757210e-15  2.001055034013725e-19  2.763592572433784e-15  2.309553000215159e-22  1.283593540527128e-19  8.120191812061108e-18  4.525521076936854e-15 
 7.585775750291525e+13  5.181924275626474e-15  1.472488646380538e-08  7.754837139636757e-18  4.422507967109758e-15  1.868071598452708e-19  2.700685525340129e-15  2.180390726750457e-22  1.240016759152996e-19  7.754837136571507e-18  4.422507965371331e-15 
 7.762471166286597e+13  5.063969281605900e-15  1.472526659677019e-08  7.405916212361015e-18  4.321839698486432e-15  1.743901805103857e-19  2.639210417459735e-15  2.058450552833318e-22  1.197919364152273e-19  7.405916209500317e-18  4.321839696826247e-15 
 7.943282347242488e+13  4.948699270830141e-15  1.472563006382796e-08  7.072690250097828e-18  4.223462899190319e-15  1.627964101356053e-19  2.579134653876690e-15  1.943328783378412e-22  1.157251132203868e-19  7.072690247428033e-18  4.223462897604855e-15 
 8.128305161640658e+13  4.836053125633768e-15  1.472597757682891e-08  6.754453646751882e-18  4.127325410361613e-15  1.519715030109313e-19  2.520426381625948e-15  1.834644276491825e-22  1.117963544982026e-19  6.754453644260253e-18  4.127325408847507e-15 
 8.317637711026367e+13  4.725971119558242e-15  1.472630981885658e-08  6.450532486532309e-18  4.033376260330981e-15  1.418646763935351e-19  2.463054472804472e-15  1.732037184646558e-22  1.080009731276508e-19  6.450532484206957e-18  4.033376258885020e-15 
 8.511380382023414e+13  4.618394885684280e-15  1.472662744524632e-08  6.160283123344901e-18  3.941565637601840e-15  1.324284795681371e-19  2.406988508066801e-15  1.635167766013861e-22  1.043344411077485e-19  6.160283121174730e-18  3.941565636220958e-15 
 8.709635899560447e+13  4.513267385685002e-15  1.472693108458088e-08  5.883090823649410e-18  3.851844864447209e-15  1.236185775928622e-19  2.352198760496315e-15  1.543715262050085e-22  1.007923841558473e-19  5.883090821624065e-18  3.851844863128476e-15 
 8.912509381337088e+13  4.410532879583544e-15  1.472722133966211e-08  5.618368469963614e-18  3.764166371107192e-15  1.153935488269014e-19  2.298656179843626e-15  1.457376837654724e-22  9.737057648928714e-20  5.618368468073433e-18  3.764166369847813e-15 
 9.120108393558720e+13  4.310136896199068e-15  1.472749878845831e-08  5.365555322319894e-18  3.678483670573473e-15  1.077146953887061e-19  2.246332377123757e-15  1.375866580419521e-22  9.406493578419013e-20  5.365555320555857e-18  3.678483669370775e-15 
 9.332543007969525e+13  4.212026204265470e-15  1.472776398502664e-08  5.124115835098351e-18  3.594751333947431e-15  1.005458657431274e-19  2.195199609563920e-15  1.298914555681269e-22  9.087151830537915e-20  5.124115833452038e-18  3.594751332798863e-15 
 9.549925860213964e+13  4.116148784207538e-15  1.472801746041036e-08  4.893538526774190e-18  3.512924966358883e-15  9.385328866303278e-20  2.145230765893935e-15  1.226265914273304e-22  8.778651420161543e-20  4.893538525237748e-18  3.512924965262009e-15 
 9.772372209557702e+13  4.022453800559544e-15  1.472825972351069e-08  4.673334900225384e-18  3.432961183432706e-15  8.760541785553774e-20  2.096399351971478e-15  1.157680050042772e-22  8.480624296054258e-20  4.673334898791480e-18  3.432961182385199e-15 
 9.999999999999584e+13  3.930891575011655e-15  1.472849126193316e-08  4.463038411350435e-18  3.354817588290860e-15  8.177278658522061e-20  2.048679476734527e-15  1.092929804363503e-22  8.192714901791698e-20  4.463038410012227e-18  3.354817587290499e-15 
