 frequency              onoise_spectrum        inoise_spectrum        onoise_m.xdut.m1       onoise_m.xdut.m2       onoise_r.xdut.re       onoise_r.xdut.rl      
 1.000000000000000e+00  2.455465607125750e-08  6.313876416248622e-09  2.044064948049354e-08  7.498215555082166e-11  4.400588740238113e-09  1.287401180708564e-08 
 1.023292992280754e+00  2.455465607125749e-08  6.313876416248621e-09  2.044064948049353e-08  7.498215555082166e-11  4.400588740238111e-09  1.287401180708564e-08 
 1.047128548050899e+00  2.455465607125749e-08  6.313876416248621e-09  2.044064948049353e-08  7.498215555082168e-11  4.400588740238111e-09  1.287401180708563e-08 
 1.071519305237606e+00  2.455465607125749e-08  6.313876416248622e-09  2.044064948049354e-08  7.498215555082168e-11  4.400588740238111e-09  1.287401180708564e-08 
 1.096478196143185e+00  2.455465607125748e-08  6.313876416248620e-09  2.044064948049353e-08  7.498215555082552e-11  4.400588740238109e-09  1.287401180708563e-08 
 1.122018454301963e+00  2.455465607125748e-08  6.313876416248621e-09  2.044064948049352e-08  7.498215555082553e-11  4.400588740238109e-09  1.287401180708563e-08 
 1.148153621496882e+00  2.455465607125748e-08  6.313876416248620e-09  2.044064948049352e-08  7.498215555082553e-11  4.400588740238109e-09  1.287401180708563e-08 
 1.174897554939529e+00  2.455465607125748e-08  6.313876416248621e-09  2.044064948049352e-08  7.498215555082171e-11  4.400588740238108e-09  1.287401180708563e-08 
 1.202264434617413e+00  2.455465607125747e-08  6.313876416248620e-09  2.044064948049352e-08  7.498215555082172e-11  4.400588740238108e-09  1.287401180708563e-08 
 1.230268770812381e+00  2.455465607125747e-08  6.313876416248621e-09  2.044064948049352e-08  7.498215555082172e-11  4.400588740238107e-09  1.287401180708563e-08 
 1.258925411794167e+00  2.455465607125747e-08  6.313876416248621e-09  2.044064948049352e-08  7.498215555082173e-11  4.400588740238107e-09  1.287401180708562e-08 
 1.288249551693134e+00  2.455465607125746e-08  6.313876416248621e-09  2.044064948049351e-08  7.498215555082175e-11  4.400588740238105e-09  1.287401180708562e-08 
 1.318256738556407e+00  2.455465607125746e-08  6.313876416248622e-09  2.044064948049351e-08  7.498215555082176e-11  4.400588740238105e-09  1.287401180708562e-08 
 1.348962882591653e+00  2.455465607125746e-08  6.313876416248622e-09  2.044064948049351e-08  7.498215555082177e-11  4.400588740238105e-09  1.287401180708562e-08 
 1.380384264602885e+00  2.455465607125745e-08  6.313876416248622e-09  2.044064948049350e-08  7.498215555082179e-11  4.400588740238103e-09  1.287401180708561e-08 
 1.412537544622754e+00  2.455465607125745e-08  6.313876416248621e-09  2.044064948049350e-08  7.498215555082180e-11  4.400588740238104e-09  1.287401180708561e-08 
 1.445439770745927e+00  2.455465607125744e-08  6.313876416248621e-09  2.044064948049349e-08  7.498215555082180e-11  4.400588740238103e-09  1.287401180708561e-08 
 1.479108388168207e+00  2.455465607125744e-08  6.313876416248621e-09  2.044064948049349e-08  7.498215555082182e-11  4.400588740238100e-09  1.287401180708561e-08 
 1.513561248436208e+00  2.455465607125743e-08  6.313876416248621e-09  2.044064948049348e-08  7.498215555082184e-11  4.400588740238100e-09  1.287401180708560e-08 
 1.548816618912481e+00  2.455465607125743e-08  6.313876416248621e-09  2.044064948049348e-08  7.498215555082185e-11  4.400588740238100e-09  1.287401180708560e-08 
 1.584893192461113e+00  2.455465607125743e-08  6.313876416248623e-09  2.044064948049348e-08  7.498215555082186e-11  4.400588740238099e-09  1.287401180708560e-08 
 1.621810097358929e+00  2.455465607125742e-08  6.313876416248621e-09  2.044064948049347e-08  7.498215555082188e-11  4.400588740238097e-09  1.287401180708560e-08 
 1.659586907437560e+00  2.455465607125741e-08  6.313876416248621e-09  2.044064948049347e-08  7.498215555082190e-11  4.400588740238097e-09  1.287401180708559e-08 
 1.698243652461743e+00  2.455465607125741e-08  6.313876416248621e-09  2.044064948049346e-08  7.498215555082191e-11  4.400588740238096e-09  1.287401180708559e-08 
 1.737800828749374e+00  2.455465607125740e-08  6.313876416248621e-09  2.044064948049346e-08  7.498215555082194e-11  4.400588740238095e-09  1.287401180708559e-08 
 1.778279410038922e+00  2.455465607125739e-08  6.313876416248622e-09  2.044064948049345e-08  7.498215555082195e-11  4.400588740238094e-09  1.287401180708558e-08 
 1.819700858609982e+00  2.455465607125739e-08  6.313876416248621e-09  2.044064948049345e-08  7.498215555082197e-11  4.400588740238093e-09  1.287401180708558e-08 
 1.862087136662866e+00  2.455465607125738e-08  6.313876416248621e-09  2.044064948049344e-08  7.498215555082199e-11  4.400588740238090e-09  1.287401180708558e-08 
 1.905460717963246e+00  2.455465607125737e-08  6.313876416248621e-09  2.044064948049343e-08  7.498215555082202e-11  4.400588740238089e-09  1.287401180708557e-08 
 1.949844599758044e+00  2.455465607125736e-08  6.313876416248622e-09  2.044064948049343e-08  7.498215555082204e-11  4.400588740238086e-09  1.287401180708557e-08 
 1.995262314968878e+00  2.455465607125735e-08  6.313876416248621e-09  2.044064948049342e-08  7.498215555082207e-11  4.400588740238086e-09  1.287401180708556e-08 
 2.041737944669527e+00  2.455465607125735e-08  6.313876416248622e-09  2.044064948049341e-08  7.498215555081827e-11  4.400588740238086e-09  1.287401180708556e-08 
 2.089296130854037e+00  2.455465607125734e-08  6.313876416248622e-09  2.044064948049341e-08  7.498215555081828e-11  4.400588740238084e-09  1.287401180708556e-08 
 2.137962089502230e+00  2.455465607125733e-08  6.313876416248622e-09  2.044064948049340e-08  7.498215555081832e-11  4.400588740238081e-09  1.287401180708555e-08 
 2.187761623949550e+00  2.455465607125732e-08  6.313876416248621e-09  2.044064948049339e-08  7.498215555082217e-11  4.400588740238080e-09  1.287401180708554e-08 
 2.238721138568337e+00  2.455465607125730e-08  6.313876416248621e-09  2.044064948049337e-08  7.498215555082221e-11  4.400588740238076e-09  1.287401180708554e-08 
 2.290867652767770e+00  2.455465607125729e-08  6.313876416248620e-09  2.044064948049336e-08  7.498215555082224e-11  4.400588740238075e-09  1.287401180708553e-08 
 2.344228815319919e+00  2.455465607125728e-08  6.313876416248621e-09  2.044064948049335e-08  7.498215555082228e-11  4.400588740238073e-09  1.287401180708553e-08 
 2.398832919019488e+00  2.455465607125727e-08  6.313876416248621e-09  2.044064948049334e-08  7.498215555082232e-11  4.400588740238071e-09  1.287401180708552e-08 
 2.454708915685027e+00  2.455465607125725e-08  6.313876416248621e-09  2.044064948049333e-08  7.498215555082235e-11  4.400588740238068e-09  1.287401180708551e-08 
 2.511886431509577e+00  2.455465607125724e-08  6.313876416248622e-09  2.044064948049332e-08  7.498215555082239e-11  4.400588740238065e-09  1.287401180708550e-08 
 2.570395782768860e+00  2.455465607125722e-08  6.313876416248621e-09  2.044064948049330e-08  7.498215555082243e-11  4.400588740238062e-09  1.287401180708550e-08 
 2.630267991895378e+00  2.455465607125721e-08  6.313876416248622e-09  2.044064948049330e-08  7.498215555081864e-11  4.400588740238061e-09  1.287401180708549e-08 
 2.691534803926912e+00  2.455465607125720e-08  6.313876416248621e-09  2.044064948049329e-08  7.498215555081868e-11  4.400588740238058e-09  1.287401180708548e-08 
 2.754228703338163e+00  2.455465607125719e-08  6.313876416248623e-09  2.044064948049328e-08  7.498215555081874e-11  4.400588740238056e-09  1.287401180708547e-08 
 2.818382931264450e+00  2.455465607125716e-08  6.313876416248622e-09  2.044064948049326e-08  7.498215555081879e-11  4.400588740238052e-09  1.287401180708546e-08 
 2.884031503126602e+00  2.455465607125714e-08  6.313876416248621e-09  2.044064948049324e-08  7.498215555082266e-11  4.400588740238049e-09  1.287401180708545e-08 
 2.951209226666381e+00  2.455465607125712e-08  6.313876416248620e-09  2.044064948049322e-08  7.498215555082273e-11  4.400588740238043e-09  1.287401180708544e-08 
 3.019951720402012e+00  2.455465607125710e-08  6.313876416248621e-09  2.044064948049321e-08  7.498215555082278e-11  4.400588740238041e-09  1.287401180708543e-08 
 3.090295432513586e+00  2.455465607125709e-08  6.313876416248622e-09  2.044064948049320e-08  7.498215555081899e-11  4.400588740238038e-09  1.287401180708542e-08 
 3.162277660168374e+00  2.455465607125706e-08  6.313876416248623e-09  2.044064948049318e-08  7.498215555081906e-11  4.400588740238033e-09  1.287401180708541e-08 
 3.235936569296277e+00  2.455465607125704e-08  6.313876416248621e-09  2.044064948049316e-08  7.498215555081914e-11  4.400588740238030e-09  1.287401180708540e-08 
 3.311311214825905e+00  2.455465607125701e-08  6.313876416248622e-09  2.044064948049314e-08  7.498215555081920e-11  4.400588740238026e-09  1.287401180708538e-08 
 3.388441561392020e+00  2.455465607125699e-08  6.313876416248622e-09  2.044064948049312e-08  7.498215555081928e-11  4.400588740238021e-09  1.287401180708537e-08 
 3.467368504525310e+00  2.455465607125696e-08  6.313876416248621e-09  2.044064948049309e-08  7.498215555082318e-11  4.400588740238015e-09  1.287401180708536e-08 
 3.548133892335748e+00  2.455465607125694e-08  6.313876416248622e-09  2.044064948049307e-08  7.498215555081942e-11  4.400588740238011e-09  1.287401180708535e-08 
 3.630780547701007e+00  2.455465607125690e-08  6.313876416248621e-09  2.044064948049304e-08  7.498215555081951e-11  4.400588740238007e-09  1.287401180708533e-08 
 3.715352290971718e+00  2.455465607125688e-08  6.313876416248622e-09  2.044064948049303e-08  7.498215555081959e-11  4.400588740238000e-09  1.287401180708532e-08 
 3.801893963205605e+00  2.455465607125685e-08  6.313876416248621e-09  2.044064948049300e-08  7.498215555081968e-11  4.400588740237995e-09  1.287401180708530e-08 
 3.890451449942799e+00  2.455465607125682e-08  6.313876416248622e-09  2.044064948049297e-08  7.498215555081594e-11  4.400588740237990e-09  1.287401180708528e-08 
 3.981071705534965e+00  2.455465607125678e-08  6.313876416248622e-09  2.044064948049294e-08  7.498215555081987e-11  4.400588740237984e-09  1.287401180708526e-08 
 4.073802778041119e+00  2.455465607125674e-08  6.313876416248621e-09  2.044064948049291e-08  7.498215555081999e-11  4.400588740237976e-09  1.287401180708524e-08 
 4.168693834703346e+00  2.455465607125670e-08  6.313876416248622e-09  2.044064948049288e-08  7.498215555082009e-11  4.400588740237970e-09  1.287401180708522e-08 
 4.265795188015918e+00  2.455465607125666e-08  6.313876416248622e-09  2.044064948049284e-08  7.498215555081637e-11  4.400588740237963e-09  1.287401180708520e-08 
 4.365158322401651e+00  2.455465607125663e-08  6.313876416248621e-09  2.044064948049281e-08  7.498215555082033e-11  4.400588740237955e-09  1.287401180708518e-08 
 4.466835921509622e+00  2.455465607125658e-08  6.313876416248621e-09  2.044064948049277e-08  7.498215555082044e-11  4.400588740237947e-09  1.287401180708516e-08 
 4.570881896148741e+00  2.455465607125653e-08  6.313876416248622e-09  2.044064948049274e-08  7.498215555081675e-11  4.400588740237939e-09  1.287401180708513e-08 
 4.677351412871972e+00  2.455465607125648e-08  6.313876416248622e-09  2.044064948049270e-08  7.498215555081687e-11  4.400588740237931e-09  1.287401180708511e-08 
 4.786300923226373e+00  2.455465607125644e-08  6.313876416248621e-09  2.044064948049266e-08  7.498215555082086e-11  4.400588740237921e-09  1.287401180708508e-08 
 4.897788193684452e+00  2.455465607125638e-08  6.313876416248622e-09  2.044064948049261e-08  7.498215555081716e-11  4.400588740237912e-09  1.287401180708505e-08 
 5.011872336272712e+00  2.455465607125633e-08  6.313876416248622e-09  2.044064948049257e-08  7.498215555081733e-11  4.400588740237904e-09  1.287401180708503e-08 
 5.128613839913638e+00  2.455465607125627e-08  6.313876416248621e-09  2.044064948049251e-08  7.498215555081748e-11  4.400588740237893e-09  1.287401180708499e-08 
 5.248074602497715e+00  2.455465607125621e-08  6.313876416248621e-09  2.044064948049246e-08  7.498215555081765e-11  4.400588740237881e-09  1.287401180708496e-08 
 5.370317963702516e+00  2.455465607125615e-08  6.313876416248623e-09  2.044064948049242e-08  7.498215555081401e-11  4.400588740237871e-09  1.287401180708493e-08 
 5.495408738576233e+00  2.455465607125608e-08  6.313876416248621e-09  2.044064948049236e-08  7.498215555081802e-11  4.400588740237859e-09  1.287401180708490e-08 
 5.623413251903478e+00  2.455465607125602e-08  6.313876416248622e-09  2.044064948049231e-08  7.498215555081439e-11  4.400588740237847e-09  1.287401180708486e-08 
 5.754399373371556e+00  2.455465607125594e-08  6.313876416248621e-09  2.044064948049224e-08  7.498215555081843e-11  4.400588740237832e-09  1.287401180708482e-08 
 5.888436553555876e+00  2.455465607125587e-08  6.313876416248622e-09  2.044064948049218e-08  7.498215555081482e-11  4.400588740237820e-09  1.287401180708478e-08 
 6.025595860743564e+00  2.455465607125579e-08  6.313876416248621e-09  2.044064948049211e-08  7.498215555081888e-11  4.400588740237805e-09  1.287401180708474e-08 
 6.165950018614807e+00  2.455465607125571e-08  6.313876416248622e-09  2.044064948049205e-08  7.498215555081528e-11  4.400588740237791e-09  1.287401180708470e-08 
 6.309573444801917e+00  2.455465607125561e-08  6.313876416248621e-09  2.044064948049197e-08  7.498215555081552e-11  4.400588740237774e-09  1.287401180708465e-08 
 6.456542290346539e+00  2.455465607125553e-08  6.313876416248621e-09  2.044064948049189e-08  7.498215555081579e-11  4.400588740237758e-09  1.287401180708461e-08 
 6.606934480075944e+00  2.455465607125543e-08  6.313876416248620e-09  2.044064948049182e-08  7.498215555081606e-11  4.400588740237742e-09  1.287401180708456e-08 
 6.760829753919801e+00  2.455465607125533e-08  6.313876416248622e-09  2.044064948049174e-08  7.498215555081251e-11  4.400588740237724e-09  1.287401180708450e-08 
 6.918309709189348e+00  2.455465607125522e-08  6.313876416248621e-09  2.044064948049165e-08  7.498215555081663e-11  4.400588740237703e-09  1.287401180708445e-08 
 7.079457843841362e+00  2.455465607125511e-08  6.313876416248620e-09  2.044064948049155e-08  7.498215555081695e-11  4.400588740237684e-09  1.287401180708439e-08 
 7.244359600749883e+00  2.455465607125500e-08  6.313876416248621e-09  2.044064948049146e-08  7.498215555081344e-11  4.400588740237664e-09  1.287401180708433e-08 
 7.413102413009157e+00  2.455465607125488e-08  6.313876416248621e-09  2.044064948049136e-08  7.498215555081379e-11  4.400588740237643e-09  1.287401180708427e-08 
 7.585775750291819e+00  2.455465607125476e-08  6.313876416248621e-09  2.044064948049126e-08  7.498215555081413e-11  4.400588740237620e-09  1.287401180708420e-08 
 7.762471166286898e+00  2.455465607125463e-08  6.313876416248622e-09  2.044064948049115e-08  7.498215555081068e-11  4.400588740237597e-09  1.287401180708413e-08 
 7.943282347242794e+00  2.455465607125449e-08  6.313876416248622e-09  2.044064948049103e-08  7.498215555081107e-11  4.400588740237572e-09  1.287401180708406e-08 
 8.128305161640972e+00  2.455465607125434e-08  6.313876416248621e-09  2.044064948049091e-08  7.498215555081148e-11  4.400588740237546e-09  1.287401180708399e-08 
 8.317637711026689e+00  2.455465607125419e-08  6.313876416248622e-09  2.044064948049079e-08  7.498215555081191e-11  4.400588740237519e-09  1.287401180708391e-08 
 8.511380382023743e+00  2.455465607125404e-08  6.313876416248622e-09  2.044064948049066e-08  7.498215555081236e-11  4.400588740237491e-09  1.287401180708382e-08 
 8.709635899560784e+00  2.455465607125387e-08  6.313876416248622e-09  2.044064948049052e-08  7.498215555080900e-11  4.400588740237463e-09  1.287401180708374e-08 
 8.912509381337431e+00  2.455465607125370e-08  6.313876416248621e-09  2.044064948049037e-08  7.498215555080951e-11  4.400588740237431e-09  1.287401180708365e-08 
 9.120108393559072e+00  2.455465607125351e-08  6.313876416248622e-09  2.044064948049022e-08  7.498215555081002e-11  4.400588740237397e-09  1.287401180708355e-08 
 9.332543007969884e+00  2.455465607125332e-08  6.313876416248622e-09  2.044064948049006e-08  7.498215555080673e-11  4.400588740237364e-09  1.287401180708345e-08 
 9.549925860214332e+00  2.455465607125312e-08  6.313876416248623e-09  2.044064948048990e-08  7.498215555080728e-11  4.400588740237329e-09  1.287401180708335e-08 
 9.772372209558078e+00  2.455465607125292e-08  6.313876416248623e-09  2.044064948048973e-08  7.498215555080789e-11  4.400588740237291e-09  1.287401180708324e-08 
 9.999999999999970e+00  2.455465607125270e-08  6.313876416248621e-09  2.044064948048954e-08  7.498215555080851e-11  4.400588740237251e-09  1.287401180708312e-08 
 1.023292992280751e+01  2.455465607125247e-08  6.313876416248623e-09  2.044064948048936e-08  7.498215555080533e-11  4.400588740237212e-09  1.287401180708300e-08 
 1.047128548050896e+01  2.455465607125223e-08  6.313876416248621e-09  2.044064948048915e-08  7.498215555080600e-11  4.400588740237168e-09  1.287401180708288e-08 
 1.071519305237603e+01  2.455465607125198e-08  6.313876416248622e-09  2.044064948048894e-08  7.498215555080289e-11  4.400588740237123e-09  1.287401180708274e-08 
 1.096478196143182e+01  2.455465607125172e-08  6.313876416248622e-09  2.044064948048873e-08  7.498215555080364e-11  4.400588740237076e-09  1.287401180708261e-08 
 1.122018454301960e+01  2.455465607125145e-08  6.313876416248623e-09  2.044064948048850e-08  7.498215555080058e-11  4.400588740237028e-09  1.287401180708247e-08 
 1.148153621496879e+01  2.455465607125116e-08  6.313876416248621e-09  2.044064948048826e-08  7.498215555080140e-11  4.400588740236975e-09  1.287401180708231e-08 
 1.174897554939526e+01  2.455465607125085e-08  6.313876416248620e-09  2.044064948048801e-08  7.498215555080227e-11  4.400588740236921e-09  1.287401180708216e-08 
 1.202264434617409e+01  2.455465607125054e-08  6.313876416248620e-09  2.044064948048774e-08  7.498215555079932e-11  4.400588740236865e-09  1.287401180708199e-08 
 1.230268770812378e+01  2.455465607125020e-08  6.313876416248621e-09  2.044064948048747e-08  7.498215555080027e-11  4.400588740236805e-09  1.287401180708182e-08 
 1.258925411794163e+01  2.455465607124986e-08  6.313876416248622e-09  2.044064948048719e-08  7.498215555079742e-11  4.400588740236744e-09  1.287401180708164e-08 
 1.288249551693130e+01  2.455465607124950e-08  6.313876416248622e-09  2.044064948048688e-08  7.498215555079462e-11  4.400588740236679e-09  1.287401180708144e-08 
 1.318256738556403e+01  2.455465607124913e-08  6.313876416248621e-09  2.044064948048657e-08  7.498215555079570e-11  4.400588740236611e-09  1.287401180708125e-08 
 1.348962882591649e+01  2.455465607124873e-08  6.313876416248622e-09  2.044064948048624e-08  7.498215555079300e-11  4.400588740236540e-09  1.287401180708104e-08 
 1.380384264602880e+01  2.455465607124831e-08  6.313876416248621e-09  2.044064948048589e-08  7.498215555079419e-11  4.400588740236465e-09  1.287401180708082e-08 
 1.412537544622749e+01  2.455465607124788e-08  6.313876416248622e-09  2.044064948048553e-08  7.498215555079159e-11  4.400588740236387e-09  1.287401180708059e-08 
 1.445439770745922e+01  2.455465607124742e-08  6.313876416248620e-09  2.044064948048515e-08  7.498215555079289e-11  4.400588740236305e-09  1.287401180708035e-08 
 1.479108388168202e+01  2.455465607124694e-08  6.313876416248621e-09  2.044064948048475e-08  7.498215555079042e-11  4.400588740236220e-09  1.287401180708010e-08 
 1.513561248436203e+01  2.455465607124644e-08  6.313876416248621e-09  2.044064948048433e-08  7.498215555078801e-11  4.400588740236130e-09  1.287401180707984e-08 
 1.548816618912476e+01  2.455465607124591e-08  6.313876416248620e-09  2.044064948048389e-08  7.498215555078951e-11  4.400588740236036e-09  1.287401180707957e-08 
 1.584893192461108e+01  2.455465607124537e-08  6.313876416248621e-09  2.044064948048344e-08  7.498215555078340e-11  4.400588740235938e-09  1.287401180707928e-08 
 1.621810097358924e+01  2.455465607124479e-08  6.313876416248622e-09  2.044064948048296e-08  7.498215555078504e-11  4.400588740235835e-09  1.287401180707898e-08 
 1.659586907437554e+01  2.455465607124419e-08  6.313876416248621e-09  2.044064948048246e-08  7.498215555078292e-11  4.400588740235727e-09  1.287401180707866e-08 
 1.698243652461738e+01  2.455465607124356e-08  6.313876416248622e-09  2.044064948048194e-08  7.498215555078089e-11  4.400588740235614e-09  1.287401180707833e-08 
 1.737800828749369e+01  2.455465607124290e-08  6.313876416248620e-09  2.044064948048139e-08  7.498215555077894e-11  4.400588740235496e-09  1.287401180707799e-08 
 1.778279410038916e+01  2.455465607124221e-08  6.313876416248622e-09  2.044064948048081e-08  7.498215555077707e-11  4.400588740235372e-09  1.287401180707763e-08 
 1.819700858609976e+01  2.455465607124150e-08  6.313876416248622e-09  2.044064948048022e-08  7.498215555077146e-11  4.400588740235243e-09  1.287401180707725e-08 
 1.862087136662860e+01  2.455465607124074e-08  6.313876416248620e-09  2.044064948047958e-08  7.498215555077362e-11  4.400588740235107e-09  1.287401180707685e-08 
 1.905460717963240e+01  2.455465607123994e-08  6.313876416248622e-09  2.044064948047892e-08  7.498215555076820e-11  4.400588740234966e-09  1.287401180707643e-08 
 1.949844599758038e+01  2.455465607123911e-08  6.313876416248622e-09  2.044064948047824e-08  7.498215555076290e-11  4.400588740234818e-09  1.287401180707600e-08 
 1.995262314968872e+01  2.455465607123825e-08  6.313876416248621e-09  2.044064948047751e-08  7.498215555076154e-11  4.400588740234662e-09  1.287401180707554e-08 
 2.041737944669521e+01  2.455465607123733e-08  6.313876416248621e-09  2.044064948047675e-08  7.498215555076030e-11  4.400588740234498e-09  1.287401180707507e-08 
 2.089296130854031e+01  2.455465607123638e-08  6.313876416248621e-09  2.044064948047596e-08  7.498215555075919e-11  4.400588740234328e-09  1.287401180707457e-08 
 2.137962089502224e+01  2.455465607123538e-08  6.313876416248622e-09  2.044064948047513e-08  7.498215555075054e-11  4.400588740234149e-09  1.287401180707404e-08 
 2.187761623949544e+01  2.455465607123434e-08  6.313876416248621e-09  2.044064948047426e-08  7.498215555075352e-11  4.400588740233961e-09  1.287401180707350e-08 
 2.238721138568331e+01  2.455465607123325e-08  6.313876416248623e-09  2.044064948047336e-08  7.498215555074513e-11  4.400588740233766e-09  1.287401180707292e-08 
 2.290867652767764e+01  2.455465607123210e-08  6.313876416248621e-09  2.044064948047240e-08  7.498215555074456e-11  4.400588740233560e-09  1.287401180707232e-08 
 2.344228815319913e+01  2.455465607123090e-08  6.313876416248621e-09  2.044064948047140e-08  7.498215555074031e-11  4.400588740233345e-09  1.287401180707169e-08 
 2.398832919019481e+01  2.455465607122965e-08  6.313876416248621e-09  2.044064948047036e-08  7.498215555073239e-11  4.400588740233122e-09  1.287401180707104e-08 
 2.454708915685020e+01  2.455465607122833e-08  6.313876416248622e-09  2.044064948046926e-08  7.498215555073231e-11  4.400588740232885e-09  1.287401180707035e-08 
 2.511886431509570e+01  2.455465607122695e-08  6.313876416248621e-09  2.044064948046811e-08  7.498215555072857e-11  4.400588740232639e-09  1.287401180706962e-08 
 2.570395782768853e+01  2.455465607122551e-08  6.313876416248620e-09  2.044064948046691e-08  7.498215555072501e-11  4.400588740232380e-09  1.287401180706887e-08 
 2.630267991895371e+01  2.455465607122401e-08  6.313876416248621e-09  2.044064948046566e-08  7.498215555072166e-11  4.400588740232109e-09  1.287401180706808e-08 
 2.691534803926904e+01  2.455465607122242e-08  6.313876416248621e-09  2.044064948046434e-08  7.498215555071465e-11  4.400588740231826e-09  1.287401180706725e-08 
 2.754228703338154e+01  2.455465607122077e-08  6.313876416248621e-09  2.044064948046296e-08  7.498215555071171e-11  4.400588740231528e-09  1.287401180706638e-08 
 2.818382931264442e+01  2.455465607121903e-08  6.313876416248621e-09  2.044064948046152e-08  7.498215555070515e-11  4.400588740231218e-09  1.287401180706547e-08 
 2.884031503126593e+01  2.455465607121722e-08  6.313876416248621e-09  2.044064948046001e-08  7.498215555069883e-11  4.400588740230894e-09  1.287401180706452e-08 
 2.951209226666373e+01  2.455465607121532e-08  6.313876416248623e-09  2.044064948045843e-08  7.498215555069275e-11  4.400588740230553e-09  1.287401180706353e-08 
 3.019951720402003e+01  2.455465607121333e-08  6.313876416248620e-09  2.044064948045677e-08  7.498215555068692e-11  4.400588740230197e-09  1.287401180706248e-08 
 3.090295432513577e+01  2.455465607121125e-08  6.313876416248623e-09  2.044064948045504e-08  7.498215555067752e-11  4.400588740229824e-09  1.287401180706139e-08 
 3.162277660168365e+01  2.455465607120906e-08  6.313876416248621e-09  2.044064948045322e-08  7.498215555067609e-11  4.400588740229432e-09  1.287401180706025e-08 
 3.235936569296268e+01  2.455465607120678e-08  6.313876416248621e-09  2.044064948045132e-08  7.498215555066727e-11  4.400588740229022e-09  1.287401180705905e-08 
 3.311311214825896e+01  2.455465607120439e-08  6.313876416248622e-09  2.044064948044933e-08  7.498215555065874e-11  4.400588740228594e-09  1.287401180705779e-08 
 3.388441561392010e+01  2.455465607120188e-08  6.313876416248621e-09  2.044064948044724e-08  7.498215555065440e-11  4.400588740228144e-09  1.287401180705648e-08 
 3.467368504525301e+01  2.455465607119926e-08  6.313876416248621e-09  2.044064948044505e-08  7.498215555064271e-11  4.400588740227675e-09  1.287401180705510e-08 
 3.548133892335738e+01  2.455465607119651e-08  6.313876416248622e-09  2.044064948044277e-08  7.498215555063520e-11  4.400588740227182e-09  1.287401180705366e-08 
 3.630780547700997e+01  2.455465607119363e-08  6.313876416248621e-09  2.044064948044037e-08  7.498215555062808e-11  4.400588740226665e-09  1.287401180705216e-08 
 3.715352290971708e+01  2.455465607119062e-08  6.313876416248621e-09  2.044064948043787e-08  7.498215555062134e-11  4.400588740226127e-09  1.287401180705058e-08 
 3.801893963205595e+01  2.455465607118747e-08  6.313876416248622e-09  2.044064948043524e-08  7.498215555060733e-11  4.400588740225561e-09  1.287401180704892e-08 
 3.890451449942788e+01  2.455465607118416e-08  6.313876416248621e-09  2.044064948043249e-08  7.498215555059757e-11  4.400588740224969e-09  1.287401180704719e-08 
 3.981071705534954e+01  2.455465607118071e-08  6.313876416248622e-09  2.044064948042961e-08  7.498215555058442e-11  4.400588740224350e-09  1.287401180704538e-08 
 4.073802778041109e+01  2.455465607117709e-08  6.313876416248621e-09  2.044064948042660e-08  7.498215555057560e-11  4.400588740223702e-09  1.287401180704348e-08 
 4.168693834703335e+01  2.455465607117330e-08  6.313876416248621e-09  2.044064948042344e-08  7.498215555056340e-11  4.400588740223023e-09  1.287401180704149e-08 
 4.265795188015907e+01  2.455465607116932e-08  6.313876416248620e-09  2.044064948042013e-08  7.498215555055556e-11  4.400588740222310e-09  1.287401180703941e-08 
 4.365158322401639e+01  2.455465607116516e-08  6.313876416248622e-09  2.044064948041667e-08  7.498215555054057e-11  4.400588740221565e-09  1.287401180703723e-08 
 4.466835921509610e+01  2.455465607116081e-08  6.313876416248622e-09  2.044064948041305e-08  7.498215555052616e-11  4.400588740220783e-09  1.287401180703494e-08 
 4.570881896148729e+01  2.455465607115625e-08  6.313876416248621e-09  2.044064948040925e-08  7.498215555051233e-11  4.400588740219967e-09  1.287401180703255e-08 
 4.677351412871960e+01  2.455465607115148e-08  6.313876416248622e-09  2.044064948040528e-08  7.498215555049911e-11  4.400588740219112e-09  1.287401180703005e-08 
 4.786300923226361e+01  2.455465607114648e-08  6.313876416248622e-09  2.044064948040112e-08  7.498215555048268e-11  4.400588740218215e-09  1.287401180702743e-08 
 4.897788193684438e+01  2.455465607114125e-08  6.313876416248621e-09  2.044064948039677e-08  7.498215555046694e-11  4.400588740217278e-09  1.287401180702469e-08 
 5.011872336272698e+01  2.455465607113576e-08  6.313876416248620e-09  2.044064948039220e-08  7.498215555045191e-11  4.400588740216296e-09  1.287401180702181e-08 
 5.128613839913623e+01  2.455465607113002e-08  6.313876416248620e-09  2.044064948038742e-08  7.498215555043760e-11  4.400588740215265e-09  1.287401180701880e-08 
 5.248074602497700e+01  2.455465607112402e-08  6.313876416248622e-09  2.044064948038242e-08  7.498215555041256e-11  4.400588740214191e-09  1.287401180701566e-08 
 5.370317963702501e+01  2.455465607111772e-08  6.313876416248622e-09  2.044064948037718e-08  7.498215555039218e-11  4.400588740213062e-09  1.287401180701235e-08 
 5.495408738576219e+01  2.455465607111113e-08  6.313876416248621e-09  2.044064948037169e-08  7.498215555037647e-11  4.400588740211880e-09  1.287401180700890e-08 
 5.623413251903463e+01  2.455465607110423e-08  6.313876416248621e-09  2.044064948036595e-08  7.498215555035398e-11  4.400588740210645e-09  1.287401180700528e-08 
 5.754399373371541e+01  2.455465607109701e-08  6.313876416248621e-09  2.044064948035994e-08  7.498215555033240e-11  4.400588740209350e-09  1.287401180700149e-08 
 5.888436553555861e+01  2.455465607108944e-08  6.313876416248621e-09  2.044064948035364e-08  7.498215555031182e-11  4.400588740207993e-09  1.287401180699753e-08 
 6.025595860743547e+01  2.455465607108152e-08  6.313876416248622e-09  2.044064948034704e-08  7.498215555028457e-11  4.400588740206574e-09  1.287401180699337e-08 
 6.165950018614791e+01  2.455465607107322e-08  6.313876416248623e-09  2.044064948034014e-08  7.498215555026222e-11  4.400588740205086e-09  1.287401180698902e-08 
 6.309573444801901e+01  2.455465607106454e-08  6.313876416248623e-09  2.044064948033291e-08  7.498215555022949e-11  4.400588740203530e-09  1.287401180698447e-08 
 6.456542290346522e+01  2.455465607105543e-08  6.313876416248621e-09  2.044064948032533e-08  7.498215555020559e-11  4.400588740201899e-09  1.287401180697970e-08 
 6.606934480075925e+01  2.455465607104591e-08  6.313876416248621e-09  2.044064948031740e-08  7.498215555017525e-11  4.400588740200192e-09  1.287401180697470e-08 
 6.760829753919782e+01  2.455465607103594e-08  6.313876416248621e-09  2.044064948030910e-08  7.498215555014619e-11  4.400588740198405e-09  1.287401180696947e-08 
 6.918309709189329e+01  2.455465607102549e-08  6.313876416248621e-09  2.044064948030041e-08  7.498215555011464e-11  4.400588740196533e-09  1.287401180696400e-08 
 7.079457843841342e+01  2.455465607101456e-08  6.313876416248622e-09  2.044064948029131e-08  7.498215555008064e-11  4.400588740194573e-09  1.287401180695827e-08 
 7.244359600749863e+01  2.455465607100311e-08  6.313876416248621e-09  2.044064948028177e-08  7.498215555004430e-11  4.400588740192522e-09  1.287401180695226e-08 
 7.413102413009136e+01  2.455465607099112e-08  6.313876416248622e-09  2.044064948027179e-08  7.498215555000566e-11  4.400588740190372e-09  1.287401180694597e-08 
 7.585775750291798e+01  2.455465607097856e-08  6.313876416248620e-09  2.044064948026133e-08  7.498215554997245e-11  4.400588740188120e-09  1.287401180693939e-08 
 7.762471166286876e+01  2.455465607096541e-08  6.313876416248622e-09  2.044064948025039e-08  7.498215554992944e-11  4.400588740185766e-09  1.287401180693250e-08 
 7.943282347242773e+01  2.455465607095165e-08  6.313876416248623e-09  2.044064948023893e-08  7.498215554988820e-11  4.400588740183299e-09  1.287401180692528e-08 
 8.128305161640949e+01  2.455465607093723e-08  6.313876416248622e-09  2.044064948022693e-08  7.498215554984498e-11  4.400588740180715e-09  1.287401180691772e-08 
 8.317637711026666e+01  2.455465607092213e-08  6.313876416248620e-09  2.044064948021436e-08  7.498215554979984e-11  4.400588740178008e-09  1.287401180690981e-08 
 8.511380382023719e+01  2.455465607090632e-08  6.313876416248620e-09  2.044064948020120e-08  7.498215554975291e-11  4.400588740175175e-09  1.287401180690152e-08 
 8.709635899560760e+01  2.455465607088976e-08  6.313876416248620e-09  2.044064948018741e-08  7.498215554970428e-11  4.400588740172208e-09  1.287401180689284e-08 
 8.912509381337408e+01  2.455465607087244e-08  6.313876416248622e-09  2.044064948017300e-08  7.498215554964636e-11  4.400588740169104e-09  1.287401180688375e-08 
 9.120108393559049e+01  2.455465607085429e-08  6.313876416248622e-09  2.044064948015788e-08  7.498215554959077e-11  4.400588740165850e-09  1.287401180687424e-08 
 9.332543007969861e+01  2.455465607083528e-08  6.313876416248623e-09  2.044064948014206e-08  7.498215554952995e-11  4.400588740162445e-09  1.287401180686427e-08 
 9.549925860214309e+01  2.455465607081538e-08  6.313876416248622e-09  2.044064948012550e-08  7.498215554947168e-11  4.400588740158878e-09  1.287401180685384e-08 
 9.772372209558054e+01  2.455465607079454e-08  6.313876416248621e-09  2.044064948010815e-08  7.498215554941228e-11  4.400588740155142e-09  1.287401180684291e-08 
 9.999999999999946e+01  2.455465607077272e-08  6.313876416248621e-09  2.044064948008998e-08  7.498215554934416e-11  4.400588740151232e-09  1.287401180683147e-08 
 1.023292992280749e+02  2.455465607074987e-08  6.313876416248621e-09  2.044064948007096e-08  7.498215554927131e-11  4.400588740147137e-09  1.287401180681949e-08 
 1.047128548050894e+02  2.455465607072594e-08  6.313876416248621e-09  2.044064948005104e-08  7.498215554920152e-11  4.400588740142849e-09  1.287401180680694e-08 
 1.071519305237600e+02  2.455465607070089e-08  6.313876416248622e-09  2.044064948003019e-08  7.498215554912345e-11  4.400588740138359e-09  1.287401180679381e-08 
 1.096478196143179e+02  2.455465607067466e-08  6.313876416248621e-09  2.044064948000835e-08  7.498215554904492e-11  4.400588740133657e-09  1.287401180678005e-08 
 1.122018454301957e+02  2.455465607064718e-08  6.313876416248621e-09  2.044064947998548e-08  7.498215554896224e-11  4.400588740128733e-09  1.287401180676565e-08 
 1.148153621496876e+02  2.455465607061842e-08  6.313876416248623e-09  2.044064947996154e-08  7.498215554887176e-11  4.400588740123579e-09  1.287401180675057e-08 
 1.174897554939523e+02  2.455465607058830e-08  6.313876416248622e-09  2.044064947993646e-08  7.498215554877747e-11  4.400588740118182e-09  1.287401180673478e-08 
 1.202264434617406e+02  2.455465607055676e-08  6.313876416248622e-09  2.044064947991020e-08  7.498215554868339e-11  4.400588740112529e-09  1.287401180671824e-08 
 1.230268770812374e+02  2.455465607052373e-08  6.313876416248621e-09  2.044064947988271e-08  7.498215554858590e-11  4.400588740106609e-09  1.287401180670093e-08 
 1.258925411794160e+02  2.455465607048915e-08  6.313876416248620e-09  2.044064947985392e-08  7.498215554848133e-11  4.400588740100410e-09  1.287401180668279e-08 
 1.288249551693126e+02  2.455465607045293e-08  6.313876416248621e-09  2.044064947982377e-08  7.498215554836992e-11  4.400588740093920e-09  1.287401180666381e-08 
 1.318256738556399e+02  2.455465607041502e-08  6.313876416248621e-09  2.044064947979221e-08  7.498215554825570e-11  4.400588740087126e-09  1.287401180664393e-08 
 1.348962882591645e+02  2.455465607037531e-08  6.313876416248621e-09  2.044064947975916e-08  7.498215554813124e-11  4.400588740080010e-09  1.287401180662311e-08 
 1.380384264602876e+02  2.455465607033373e-08  6.313876416248622e-09  2.044064947972455e-08  7.498215554800446e-11  4.400588740072559e-09  1.287401180660131e-08 
 1.412537544622746e+02  2.455465607029019e-08  6.313876416248623e-09  2.044064947968830e-08  7.498215554786791e-11  4.400588740064756e-09  1.287401180657848e-08 
 1.445439770745919e+02  2.455465607024460e-08  6.313876416248621e-09  2.044064947965035e-08  7.498215554773340e-11  4.400588740056585e-09  1.287401180655458e-08 
 1.479108388168198e+02  2.455465607019686e-08  6.313876416248621e-09  2.044064947961061e-08  7.498215554758586e-11  4.400588740048029e-09  1.287401180652955e-08 
 1.513561248436199e+02  2.455465607014687e-08  6.313876416248622e-09  2.044064947956900e-08  7.498215554743320e-11  4.400588740039071e-09  1.287401180650334e-08 
 1.548816618912472e+02  2.455465607009453e-08  6.313876416248622e-09  2.044064947952542e-08  7.498215554727578e-11  4.400588740029689e-09  1.287401180647589e-08 
 1.584893192461104e+02  2.455465607003972e-08  6.313876416248622e-09  2.044064947947979e-08  7.498215554711006e-11  4.400588740019866e-09  1.287401180644716e-08 
 1.621810097358920e+02  2.455465606998232e-08  6.313876416248621e-09  2.044064947943201e-08  7.498215554693636e-11  4.400588740009579e-09  1.287401180641707e-08 
 1.659586907437551e+02  2.455465606992222e-08  6.313876416248622e-09  2.044064947938198e-08  7.498215554675122e-11  4.400588739998809e-09  1.287401180638555e-08 
 1.698243652461734e+02  2.455465606985929e-08  6.313876416248621e-09  2.044064947932960e-08  7.498215554655881e-11  4.400588739987531e-09  1.287401180635256e-08 
 1.737800828749365e+02  2.455465606979339e-08  6.313876416248620e-09  2.044064947927473e-08  7.498215554635953e-11  4.400588739975721e-09  1.287401180631801e-08 
 1.778279410038912e+02  2.455465606972439e-08  6.313876416248621e-09  2.044064947921730e-08  7.498215554614610e-11  4.400588739963354e-09  1.287401180628183e-08 
 1.819700858609972e+02  2.455465606965214e-08  6.313876416248620e-09  2.044064947915715e-08  7.498215554592661e-11  4.400588739950405e-09  1.287401180624395e-08 
 1.862087136662855e+02  2.455465606957647e-08  6.313876416248621e-09  2.044064947909416e-08  7.498215554569383e-11  4.400588739936846e-09  1.287401180620428e-08 
 1.905460717963235e+02  2.455465606949725e-08  6.313876416248620e-09  2.044064947902821e-08  7.498215554545205e-11  4.400588739922648e-09  1.287401180616274e-08 
 1.949844599758032e+02  2.455465606941429e-08  6.313876416248622e-09  2.044064947895915e-08  7.498215554519791e-11  4.400588739907780e-09  1.287401180611925e-08 
 1.995262314968867e+02  2.455465606932743e-08  6.313876416248622e-09  2.044064947888684e-08  7.498215554493192e-11  4.400588739892212e-09  1.287401180607370e-08 
 2.041737944669516e+02  2.455465606923645e-08  6.313876416248620e-09  2.044064947881111e-08  7.498215554465845e-11  4.400588739875908e-09  1.287401180602601e-08 
 2.089296130854026e+02  2.455465606914121e-08  6.313876416248621e-09  2.044064947873182e-08  7.498215554436652e-11  4.400588739858838e-09  1.287401180597607e-08 
 2.137962089502218e+02  2.455465606904146e-08  6.313876416248620e-09  2.044064947864879e-08  7.498215554406441e-11  4.400588739840963e-09  1.287401180592377e-08 
 2.187761623949538e+02  2.455465606893703e-08  6.313876416248622e-09  2.044064947856185e-08  7.498215554374117e-11  4.400588739822247e-09  1.287401180586902e-08 
 2.238721138568325e+02  2.455465606882766e-08  6.313876416248622e-09  2.044064947847081e-08  7.498215554340898e-11  4.400588739802646e-09  1.287401180581168e-08 
 2.290867652767758e+02  2.455465606871315e-08  6.313876416248621e-09  2.044064947837548e-08  7.498215554306083e-11  4.400588739782124e-09  1.287401180575164e-08 
 2.344228815319906e+02  2.455465606859323e-08  6.313876416248622e-09  2.044064947827566e-08  7.498215554269355e-11  4.400588739760634e-09  1.287401180568876e-08 
 2.398832919019474e+02  2.455465606846767e-08  6.313876416248621e-09  2.044064947817113e-08  7.498215554231171e-11  4.400588739738129e-09  1.287401180562293e-08 
 2.454708915685014e+02  2.455465606833618e-08  6.313876416248621e-09  2.044064947806167e-08  7.498215554191226e-11  4.400588739714565e-09  1.287401180555399e-08 
 2.511886431509563e+02  2.455465606819851e-08  6.313876416248622e-09  2.044064947794707e-08  7.498215554148831e-11  4.400588739689891e-09  1.287401180548181e-08 
 2.570395782768846e+02  2.455465606805433e-08  6.313876416248621e-09  2.044064947782705e-08  7.498215554105219e-11  4.400588739664054e-09  1.287401180540622e-08 
 2.630267991895364e+02  2.455465606790338e-08  6.313876416248622e-09  2.044064947770138e-08  7.498215554058945e-11  4.400588739636999e-09  1.287401180532707e-08 
 2.691534803926897e+02  2.455465606774530e-08  6.313876416248621e-09  2.044064947756979e-08  7.498215554010863e-11  4.400588739608670e-09  1.287401180524419e-08 
 2.754228703338148e+02  2.455465606757977e-08  6.313876416248621e-09  2.044064947743199e-08  7.498215553960308e-11  4.400588739579004e-09  1.287401180515740e-08 
 2.818382931264435e+02  2.455465606740644e-08  6.313876416248622e-09  2.044064947728770e-08  7.498215553907377e-11  4.400588739547941e-09  1.287401180506653e-08 
 2.884031503126586e+02  2.455465606722494e-08  6.313876416248620e-09  2.044064947713662e-08  7.498215553852174e-11  4.400588739515413e-09  1.287401180497137e-08 
 2.951209226666365e+02  2.455465606703489e-08  6.313876416248620e-09  2.044064947697841e-08  7.498215553794428e-11  4.400588739481353e-09  1.287401180487173e-08 
 3.019951720401995e+02  2.455465606683589e-08  6.313876416248622e-09  2.044064947681274e-08  7.498215553733100e-11  4.400588739445688e-09  1.287401180476739e-08 
 3.090295432513569e+02  2.455465606662750e-08  6.313876416248621e-09  2.044064947663927e-08  7.498215553669848e-11  4.400588739408342e-09  1.287401180465813e-08 
 3.162277660168357e+02  2.455465606640930e-08  6.313876416248622e-09  2.044064947645763e-08  7.498215553603261e-11  4.400588739369236e-09  1.287401180454373e-08 
 3.235936569296260e+02  2.455465606618080e-08  6.313876416248620e-09  2.044064947626741e-08  7.498215553533859e-11  4.400588739328286e-09  1.287401180442393e-08 
 3.311311214825888e+02  2.455465606594154e-08  6.313876416248622e-09  2.044064947606824e-08  7.498215553460625e-11  4.400588739285407e-09  1.287401180429848e-08 
 3.388441561392002e+02  2.455465606569101e-08  6.313876416248622e-09  2.044064947585969e-08  7.498215553384089e-11  4.400588739240507e-09  1.287401180416712e-08 
 3.467368504525292e+02  2.455465606542866e-08  6.313876416248621e-09  2.044064947564129e-08  7.498215553304405e-11  4.400588739193490e-09  1.287401180402958e-08 
 3.548133892335729e+02  2.455465606515395e-08  6.313876416248621e-09  2.044064947541261e-08  7.498215553220576e-11  4.400588739144259e-09  1.287401180388555e-08 
 3.630780547700987e+02  2.455465606486630e-08  6.313876416248622e-09  2.044064947517315e-08  7.498215553132775e-11  4.400588739092707e-09  1.287401180373473e-08 
 3.715352290971698e+02  2.455465606456510e-08  6.313876416248621e-09  2.044064947492241e-08  7.498215553040787e-11  4.400588739038726e-09  1.287401180357681e-08 
 3.801893963205584e+02  2.455465606424968e-08  6.313876416248621e-09  2.044064947465984e-08  7.498215552944798e-11  4.400588738982199e-09  1.287401180341144e-08 
 3.890451449942777e+02  2.455465606391942e-08  6.313876416248622e-09  2.044064947438492e-08  7.498215552843846e-11  4.400588738923010e-09  1.287401180323828e-08 
 3.981071705534943e+02  2.455465606357358e-08  6.313876416248623e-09  2.044064947409703e-08  7.498215552738131e-11  4.400588738861032e-09  1.287401180305696e-08 
 4.073802778041097e+02  2.455465606321145e-08  6.313876416248621e-09  2.044064947379556e-08  7.498215552627865e-11  4.400588738796131e-09  1.287401180286709e-08 
 4.168693834703323e+02  2.455465606283225e-08  6.313876416248621e-09  2.044064947347989e-08  7.498215552512115e-11  4.400588738728172e-09  1.287401180266828e-08 
 4.265795188015895e+02  2.455465606243517e-08  6.313876416248622e-09  2.044064947314935e-08  7.498215552391109e-11  4.400588738657009e-09  1.287401180246009e-08 
 4.365158322401627e+02  2.455465606201939e-08  6.313876416248621e-09  2.044064947280322e-08  7.498215552264323e-11  4.400588738582494e-09  1.287401180224210e-08 
 4.466835921509598e+02  2.455465606158400e-08  6.313876416248621e-09  2.044064947244079e-08  7.498215552131240e-11  4.400588738504468e-09  1.287401180201382e-08 
 4.570881896148716e+02  2.455465606112810e-08  6.313876416248621e-09  2.044064947206127e-08  7.498215551992506e-11  4.400588738422761e-09  1.287401180177479e-08 
 4.677351412871947e+02  2.455465606065072e-08  6.313876416248623e-09  2.044064947166387e-08  7.498215551846483e-11  4.400588738337208e-09  1.287401180152450e-08 
 4.786300923226348e+02  2.455465606015084e-08  6.313876416248621e-09  2.044064947124774e-08  7.498215551694225e-11  4.400588738247619e-09  1.287401180126241e-08 
 4.897788193684425e+02  2.455465605962739e-08  6.313876416248620e-09  2.044064947081200e-08  7.498215551534882e-11  4.400588738153810e-09  1.287401180098797e-08 
 5.011872336272685e+02  2.455465605907928e-08  6.313876416248622e-09  2.044064947035572e-08  7.498215551367625e-11  4.400588738055579e-09  1.287401180070059e-08 
 5.128613839913610e+02  2.455465605850534e-08  6.313876416248623e-09  2.044064946987794e-08  7.498215551192014e-11  4.400588737952720e-09  1.287401180039968e-08 
 5.248074602497686e+02  2.455465605790435e-08  6.313876416248622e-09  2.044064946937764e-08  7.498215551008782e-11  4.400588737845013e-09  1.287401180008458e-08 
 5.370317963702487e+02  2.455465605727502e-08  6.313876416248621e-09  2.044064946885375e-08  7.498215550817145e-11  4.400588737732228e-09  1.287401179975463e-08 
 5.495408738576203e+02  2.455465605661605e-08  6.313876416248622e-09  2.044064946830519e-08  7.498215550615945e-11  4.400588737614130e-09  1.287401179940913e-08 
 5.623413251903447e+02  2.455465605592602e-08  6.313876416248621e-09  2.044064946773077e-08  7.498215550405968e-11  4.400588737490464e-09  1.287401179904734e-08 
 5.754399373371524e+02  2.455465605520347e-08  6.313876416248622e-09  2.044064946712928e-08  7.498215550185328e-11  4.400588737360971e-09  1.287401179866850e-08 
 5.888436553555844e+02  2.455465605444686e-08  6.313876416248622e-09  2.044064946649944e-08  7.498215549954080e-11  4.400588737225377e-09  1.287401179827182e-08 
 6.025595860743530e+02  2.455465605365460e-08  6.313876416248621e-09  2.044064946583992e-08  7.498215549712683e-11  4.400588737083391e-09  1.287401179785644e-08 
 6.165950018614773e+02  2.455465605282500e-08  6.313876416248621e-09  2.044064946514931e-08  7.498215549459699e-11  4.400588736934712e-09  1.287401179742147e-08 
 6.309573444801882e+02  2.455465605195630e-08  6.313876416248622e-09  2.044064946442616e-08  7.498215549194478e-11  4.400588736779028e-09  1.287401179696602e-08 
 6.456542290346504e+02  2.455465605104666e-08  6.313876416248621e-09  2.044064946366892e-08  7.498215548917547e-11  4.400588736616005e-09  1.287401179648909e-08 
 6.606934480075907e+02  2.455465605009415e-08  6.313876416248622e-09  2.044064946287600e-08  7.498215548626771e-11  4.400588736445299e-09  1.287401179598969e-08 
 6.760829753919763e+02  2.455465604909674e-08  6.313876416248621e-09  2.044064946204570e-08  7.498215548322345e-11  4.400588736266549e-09  1.287401179546675e-08 
 6.918309709189309e+02  2.455465604805234e-08  6.313876416248621e-09  2.044064946117628e-08  7.498215548003720e-11  4.400588736079375e-09  1.287401179491917e-08 
 7.079457843841321e+02  2.455465604695871e-08  6.313876416248621e-09  2.044064946026589e-08  7.498215547669997e-11  4.400588735883380e-09  1.287401179434578e-08 
 7.244359600749841e+02  2.455465604581354e-08  6.313876416248621e-09  2.044064945931259e-08  7.498215547321069e-11  4.400588735678146e-09  1.287401179374537e-08 
 7.413102413009113e+02  2.455465604461440e-08  6.313876416248621e-09  2.044064945831436e-08  7.498215546955328e-11  4.400588735463241e-09  1.287401179311666e-08 
 7.585775750291774e+02  2.455465604335876e-08  6.313876416248622e-09  2.044064945726909e-08  7.498215546571966e-11  4.400588735238210e-09  1.287401179245832e-08 
 7.762471166286851e+02  2.455465604204392e-08  6.313876416248621e-09  2.044064945617455e-08  7.498215546171361e-11  4.400588735002570e-09  1.287401179176895e-08 
 7.943282347242747e+02  2.455465604066712e-08  6.313876416248621e-09  2.044064945502842e-08  7.498215545751239e-11  4.400588734755826e-09  1.287401179104710e-08 
 8.128305161640923e+02  2.455465603922545e-08  6.313876416248622e-09  2.044064945382829e-08  7.498215545311667e-11  4.400588734497454e-09  1.287401179029123e-08 
 8.317637711026639e+02  2.455465603771582e-08  6.313876416248621e-09  2.044064945257159e-08  7.498215544850835e-11  4.400588734226904e-09  1.287401178949973e-08 
 8.511380382023692e+02  2.455465603613505e-08  6.313876416248622e-09  2.044064945125568e-08  7.498215544368504e-11  4.400588733943605e-09  1.287401178867093e-08 
 8.709635899560732e+02  2.455465603447978e-08  6.313876416248622e-09  2.044064944987774e-08  7.498215543863713e-11  4.400588733646954e-09  1.287401178780307e-08 
 8.912509381337379e+02  2.455465603274649e-08  6.313876416248620e-09  2.044064944843485e-08  7.498215543335164e-11  4.400588733336320e-09  1.287401178689431e-08 
 9.120108393559019e+02  2.455465603093152e-08  6.313876416248621e-09  2.044064944692397e-08  7.498215542781606e-11  4.400588733011049e-09  1.287401178594272e-08 
 9.332543007969830e+02  2.455465602903102e-08  6.313876416248621e-09  2.044064944534188e-08  7.498215542201836e-11  4.400588732670448e-09  1.287401178494628e-08 
 9.549925860214277e+02  2.455465602704093e-08  6.313876416248621e-09  2.044064944368523e-08  7.498215541594703e-11  4.400588732313794e-09  1.287401178390289e-08 
 9.772372209558022e+02  2.455465602495707e-08  6.313876416248621e-09  2.044064944195051e-08  7.498215540959495e-11  4.400588731940332e-09  1.287401178281031e-08 
 9.999999999999912e+02  2.455465602277500e-08  6.313876416248621e-09  2.044064944013403e-08  7.498215540293637e-11  4.400588731549270e-09  1.287401178166626e-08 
 1.023292992280745e+03  2.455465602049008e-08  6.313876416248621e-09  2.044064943823194e-08  7.498215539596915e-11  4.400588731139776e-09  1.287401178046827e-08 
 1.047128548050890e+03  2.455465601809748e-08  6.313876416248620e-09  2.044064943624021e-08  7.498215538867647e-11  4.400588730710983e-09  1.287401177921383e-08 
 1.071519305237597e+03  2.455465601559213e-08  6.313876416248620e-09  2.044064943415461e-08  7.498215538103446e-11  4.400588730261983e-09  1.287401177790028e-08 
 1.096478196143175e+03  2.455465601296870e-08  6.313876416248622e-09  2.044064943197073e-08  7.498215537302758e-11  4.400588729791824e-09  1.287401177652481e-08 
 1.122018454301953e+03  2.455465601022164e-08  6.313876416248621e-09  2.044064942968392e-08  7.498215536464488e-11  4.400588729299505e-09  1.287401177508452e-08 
 1.148153621496872e+03  2.455465600734510e-08  6.313876416248620e-09  2.044064942728933e-08  7.498215535587615e-11  4.400588728783983e-09  1.287401177357635e-08 
 1.174897554939519e+03  2.455465600433299e-08  6.313876416248621e-09  2.044064942478189e-08  7.498215534668894e-11  4.400588728244166e-09  1.287401177199711e-08 
 1.202264434617402e+03  2.455465600117894e-08  6.313876416248621e-09  2.044064942215628e-08  7.498215533706695e-11  4.400588727678910e-09  1.287401177034344e-08 
 1.230268770812370e+03  2.455465599787624e-08  6.313876416248621e-09  2.044064941940693e-08  7.498215532699479e-11  4.400588727087011e-09  1.287401176861183e-08 
 1.258925411794156e+03  2.455465599441789e-08  6.313876416248622e-09  2.044064941652801e-08  7.498215531644259e-11  4.400588726467219e-09  1.287401176679861e-08 
 1.288249551693122e+03  2.455465599079654e-08  6.313876416248620e-09  2.044064941351340e-08  7.498215530539673e-11  4.400588725818216e-09  1.287401176489994e-08 
 1.318256738556395e+03  2.455465598700454e-08  6.313876416248621e-09  2.044064941035673e-08  7.498215529382932e-11  4.400588725138628e-09  1.287401176291179e-08 
 1.348962882591641e+03  2.455465598303382e-08  6.313876416248622e-09  2.044064940705128e-08  7.498215528171728e-11  4.400588724427010e-09  1.287401176082994e-08 
 1.380384264602872e+03  2.455465597887595e-08  6.313876416248621e-09  2.044064940359005e-08  7.498215526903479e-11  4.400588723681855e-09  1.287401175864998e-08 
 1.412537544622741e+03  2.455465597452215e-08  6.313876416248621e-09  2.044064939996570e-08  7.498215525575332e-11  4.400588722901583e-09  1.287401175636727e-08 
 1.445439770745914e+03  2.455465596996315e-08  6.313876416248621e-09  2.044064939617054e-08  7.498215524184938e-11  4.400588722084537e-09  1.287401175397699e-08 
 1.479108388168193e+03  2.455465596518929e-08  6.313876416248620e-09  2.044064939219651e-08  7.498215522728537e-11  4.400588721228985e-09  1.287401175147405e-08 
 1.513561248436194e+03  2.455465596019045e-08  6.313876416248621e-09  2.044064938803520e-08  7.498215521203647e-11  4.400588720333113e-09  1.287401174885316e-08 
 1.548816618912467e+03  2.455465595495602e-08  6.313876416248620e-09  2.044064938367777e-08  7.498215519607545e-11  4.400588719395018e-09  1.287401174610875e-08 
 1.584893192461099e+03  2.455465594947490e-08  6.313876416248622e-09  2.044064937911498e-08  7.498215517934962e-11  4.400588718412714e-09  1.287401174323499e-08 
 1.621810097358915e+03  2.455465594373546e-08  6.313876416248621e-09  2.044064937433716e-08  7.498215516184613e-11  4.400588717384113e-09  1.287401174022580e-08 
 1.659586907437545e+03  2.455465593772553e-08  6.313876416248622e-09  2.044064936933416e-08  7.498215514351150e-11  4.400588716307038e-09  1.287401173707480e-08 
 1.698243652461728e+03  2.455465593143236e-08  6.313876416248621e-09  2.044064936409538e-08  7.498215512431694e-11  4.400588715179201e-09  1.287401173377529e-08 
 1.737800828749359e+03  2.455465592484260e-08  6.313876416248623e-09  2.044064935860971e-08  7.498215510421617e-11  4.400588713998210e-09  1.287401173032027e-08 
 1.778279410038906e+03  2.455465591794228e-08  6.313876416248621e-09  2.044064935286549e-08  7.498215508316853e-11  4.400588712761562e-09  1.287401172670243e-08 
 1.819700858609966e+03  2.455465591071675e-08  6.313876416248622e-09  2.044064934685057e-08  7.498215506112759e-11  4.400588711466631e-09  1.287401172291409e-08 
 1.862087136662849e+03  2.455465590315070e-08  6.313876416248623e-09  2.044064934055217e-08  7.498215503804888e-11  4.400588710110672e-09  1.287401171894720e-08 
 1.905460717963228e+03  2.455465589522806e-08  6.313876416248622e-09  2.044064933395693e-08  7.498215501388616e-11  4.400588708690809e-09  1.287401171479336e-08 
 1.949844599758026e+03  2.455465588693205e-08  6.313876416248621e-09  2.044064932705087e-08  7.498215498858000e-11  4.400588707204031e-09  1.287401171044377e-08 
 1.995262314968860e+03  2.455465587824506e-08  6.313876416248621e-09  2.044064931981934e-08  7.498215496208091e-11  4.400588705647182e-09  1.287401170588917e-08 
 2.041737944669509e+03  2.455465586914866e-08  6.313876416248623e-09  2.044064931224700e-08  7.498215493433028e-11  4.400588704016962e-09  1.287401170111993e-08 
 2.089296130854019e+03  2.455465585962356e-08  6.313876416248623e-09  2.044064930431778e-08  7.498215490527577e-11  4.400588702309912e-09  1.287401169612592e-08 
 2.137962089502211e+03  2.455465584964956e-08  6.313876416248622e-09  2.044064929601487e-08  7.498215487485614e-11  4.400588700522410e-09  1.287401169089654e-08 
 2.187761623949531e+03  2.455465583920549e-08  6.313876416248622e-09  2.044064928732065e-08  7.498215484299756e-11  4.400588698650665e-09  1.287401168542072e-08 
 2.238721138568317e+03  2.455465582826922e-08  6.313876416248621e-09  2.044064927821669e-08  7.498215480964053e-11  4.400588696690709e-09  1.287401167968683e-08 
 2.290867652767750e+03  2.455465581681752e-08  6.313876416248621e-09  2.044064926868367e-08  7.498215477471318e-11  4.400588694638382e-09  1.287401167368270e-08 
 2.344228815319898e+03  2.455465580482614e-08  6.313876416248623e-09  2.044064925870138e-08  7.498215473813525e-11  4.400588692489333e-09  1.287401166739562e-08 
 2.398832919019466e+03  2.455465579226962e-08  6.313876416248623e-09  2.044064924824864e-08  7.498215469983746e-11  4.400588690239001e-09  1.287401166081223e-08 
 2.454708915685005e+03  2.455465577912132e-08  6.313876416248622e-09  2.044064923730327e-08  7.498215465973090e-11  4.400588687882616e-09  1.287401165391857e-08 
 2.511886431509554e+03  2.455465576535336e-08  6.313876416248621e-09  2.044064922584206e-08  7.498215461773406e-11  4.400588685415177e-09  1.287401164670003e-08 
 2.570395782768837e+03  2.455465575093655e-08  6.313876416248622e-09  2.044064921384072e-08  7.498215457375391e-11  4.400588682831453e-09  1.287401163914129e-08 
 2.630267991895354e+03  2.455465573584029e-08  6.313876416248622e-09  2.044064920127375e-08  7.498215452770896e-11  4.400588680125960e-09  1.287401163122632e-08 
 2.691534803926887e+03  2.455465572003255e-08  6.313876416248623e-09  2.044064918811452e-08  7.498215447949115e-11  4.400588677292960e-09  1.287401162293832e-08 
 2.754228703338138e+03  2.455465570347983e-08  6.313876416248621e-09  2.044064917433512e-08  7.498215442900063e-11  4.400588674326446e-09  1.287401161425972e-08 
 2.818382931264424e+03  2.455465568614700e-08  6.313876416248621e-09  2.044064915990632e-08  7.498215437613046e-11  4.400588671220125e-09  1.287401160517212e-08 
 2.884031503126575e+03  2.455465566799730e-08  6.313876416248623e-09  2.044064914479751e-08  7.498215432076698e-11  4.400588667967407e-09  1.287401159565623e-08 
 2.951209226666354e+03  2.455465564899223e-08  6.313876416248622e-09  2.044064912897665e-08  7.498215426279761e-11  4.400588664561393e-09  1.287401158569186e-08 
 3.019951720401984e+03  2.455465562909148e-08  6.313876416248622e-09  2.044064911241016e-08  7.498215420209965e-11  4.400588660994857e-09  1.287401157525790e-08 
 3.090295432513557e+03  2.455465560825284e-08  6.313876416248623e-09  2.044064909506293e-08  7.498215413853273e-11  4.400588657260240e-09  1.287401156433219e-08 
 3.162277660168345e+03  2.455465558643210e-08  6.313876416248623e-09  2.044064907689814e-08  7.498215407197376e-11  4.400588653349611e-09  1.287401155289157e-08 
 3.235936569296248e+03  2.455465556358298e-08  6.313876416248622e-09  2.044064905787727e-08  7.498215400227486e-11  4.400588649254683e-09  1.287401154091177e-08 
 3.311311214825875e+03  2.455465553965702e-08  6.313876416248622e-09  2.044064903795998e-08  7.498215392929822e-11  4.400588644966766e-09  1.287401152836738e-08 
 3.388441561391989e+03  2.455465551460346e-08  6.313876416248622e-09  2.044064901710402e-08  7.498215385287417e-11  4.400588640476766e-09  1.287401151523180e-08 
 3.467368504525279e+03  2.455465548836916e-08  6.313876416248622e-09  2.044064899526514e-08  7.498215377285142e-11  4.400588635775158e-09  1.287401150147715e-08 
 3.548133892335716e+03  2.455465546089847e-08  6.313876416248621e-09  2.044064897239703e-08  7.498215368905895e-11  4.400588630851970e-09  1.287401148707426e-08 
 3.630780547700973e+03  2.455465543213313e-08  6.313876416248623e-09  2.044064894845117e-08  7.498215360132174e-11  4.400588625696759e-09  1.287401147199259e-08 
 3.715352290971684e+03  2.455465540201213e-08  6.313876416248624e-09  2.044064892337679e-08  7.498215350944191e-11  4.400588620298592e-09  1.287401145620014e-08 
 3.801893963205570e+03  2.455465537047158e-08  6.313876416248624e-09  2.044064889712069e-08  7.498215341323361e-11  4.400588614646017e-09  1.287401143966342e-08 
 3.890451449942763e+03  2.455465533744455e-08  6.313876416248623e-09  2.044064886962717e-08  7.498215331249277e-11  4.400588608727044e-09  1.287401142234734e-08 
 3.981071705534928e+03  2.455465530286101e-08  6.313876416248625e-09  2.044064884083793e-08  7.498215320700128e-11  4.400588602529118e-09  1.287401140421518e-08 
 4.073802778041082e+03  2.455465526664760e-08  6.313876416248623e-09  2.044064881069189e-08  7.498215309653899e-11  4.400588596039094e-09  1.287401138522848e-08 
 4.168693834703307e+03  2.455465522872750e-08  6.313876416248625e-09  2.044064877912510e-08  7.498215298087636e-11  4.400588589243201e-09  1.287401136534697e-08 
 4.265795188015879e+03  2.455465518902029e-08  6.313876416248625e-09  2.044064874607063e-08  7.498215285975593e-11  4.400588582127033e-09  1.287401134452847e-08 
 4.365158322401610e+03  2.455465514744173e-08  6.313876416248623e-09  2.044064871145835e-08  7.498215273293095e-11  4.400588574675486e-09  1.287401132272882e-08 
 4.466835921509581e+03  2.455465510390364e-08  6.313876416248625e-09  2.044064867521484e-08  7.498215260012775e-11  4.400588566872760e-09  1.287401129990179e-08 
 4.570881896148699e+03  2.455465505831365e-08  6.313876416248625e-09  2.044064863726322e-08  7.498215246106146e-11  4.400588558702303e-09  1.287401127599895e-08 
 4.677351412871929e+03  2.455465501057508e-08  6.313876416248625e-09  2.044064859752300e-08  7.498215231544813e-11  4.400588550146784e-09  1.287401125096960e-08 
 4.786300923226329e+03  2.455465496058665e-08  6.313876416248625e-09  2.044064855590988e-08  7.498215216297460e-11  4.400588541188055e-09  1.287401122476066e-08 
 4.897788193684407e+03  2.455465490824235e-08  6.313876416248625e-09  2.044064851233560e-08  7.498215200330688e-11  4.400588531807115e-09  1.287401119731653e-08 
 5.011872336272666e+03  2.455465485343114e-08  6.313876416248625e-09  2.044064846670772e-08  7.498215183611369e-11  4.400588521984067e-09  1.287401116857900e-08 
 5.128613839913590e+03  2.455465479603676e-08  6.313876416248625e-09  2.044064841892947e-08  7.498215166104802e-11  4.400588511698070e-09  1.287401113848711e-08 
 5.248074602497666e+03  2.455465473593746e-08  6.313876416248625e-09  2.044064836889950e-08  7.498215147772863e-11  4.400588500927311e-09  1.287401110697703e-08 
 5.370317963702466e+03  2.455465467300577e-08  6.313876416248625e-09  2.044064831651169e-08  7.498215128576763e-11  4.400588489648941e-09  1.287401107398193e-08 
 5.495408738576182e+03  2.455465460710819e-08  6.313876416248625e-09  2.044064826165491e-08  7.498215108476747e-11  4.400588477839036e-09  1.287401103943182e-08 
 5.623413251903426e+03  2.455465453810496e-08  6.313876416248625e-09  2.044064820421282e-08  7.498215087428717e-11  4.400588465472549e-09  1.287401100325341e-08 
 5.754399373371502e+03  2.455465446584972e-08  6.313876416248625e-09  2.044064814406357e-08  7.498215065388919e-11  4.400588452523249e-09  1.287401096536997e-08 
 5.888436553555821e+03  2.455465439018918e-08  6.313876416248625e-09  2.044064808107957e-08  7.498215042310588e-11  4.400588438963666e-09  1.287401092570114e-08 
 6.025595860743507e+03  2.455465431096288e-08  6.313876416248625e-09  2.044064801512723e-08  7.498215018144024e-11  4.400588424765041e-09  1.287401088416277e-08 
 6.165950018614749e+03  2.455465422800276e-08  6.313876416248627e-09  2.044064794606665e-08  7.498214992839014e-11  4.400588409897254e-09  1.287401084066676e-08 
 6.309573444801857e+03  2.455465414113286e-08  6.313876416248628e-09  2.044064787375135e-08  7.498214966341076e-11  4.400588394328771e-09  1.287401079512085e-08 
 6.456542290346478e+03  2.455465405016889e-08  6.313876416248628e-09  2.044064779802793e-08  7.498214938594646e-11  4.400588378026568e-09  1.287401074742842e-08 
 6.606934480075881e+03  2.455465395491792e-08  6.313876416248627e-09  2.044064771873577e-08  7.498214909540502e-11  4.400588360956065e-09  1.287401069748832e-08 
 6.760829753919737e+03  2.455465385517793e-08  6.313876416248628e-09  2.044064763570670e-08  7.498214879117036e-11  4.400588343081054e-09  1.287401064519461e-08 
 6.918309709189281e+03  2.455465375073733e-08  6.313876416248629e-09  2.044064754876458e-08  7.498214847259979e-11  4.400588324363622e-09  1.287401059043638e-08 
 7.079457843841294e+03  2.455465364137459e-08  6.313876416248628e-09  2.044064745772502e-08  7.498214813901395e-11  4.400588304764063e-09  1.287401053309748e-08 
 7.244359600749813e+03  2.455465352685775e-08  6.313876416248628e-09  2.044064736239488e-08  7.498214778970575e-11  4.400588284240806e-09  1.287401047305627e-08 
 7.413102413009085e+03  2.455465340694391e-08  6.313876416248630e-09  2.044064726257198e-08  7.498214742393788e-11  4.400588262750317e-09  1.287401041018541e-08 
 7.585775750291745e+03  2.455465328137870e-08  6.313876416248631e-09  2.044064715804458e-08  7.498214704092523e-11  4.400588240247016e-09  1.287401034435154e-08 
 7.762471166286822e+03  2.455465314989578e-08  6.313876416248630e-09  2.044064704859095e-08  7.498214663986700e-11  4.400588216683164e-09  1.287401027541502e-08 
 7.943282347242717e+03  2.455465301221627e-08  6.313876416248631e-09  2.044064693397893e-08  7.498214621990619e-11  4.400588192008785e-09  1.287401020322962e-08 
 8.128305161640892e+03  2.455465286804812e-08  6.313876416248631e-09  2.044064681396541e-08  7.498214578015427e-11  4.400588166171536e-09  1.287401012764223e-08 
 8.317637711026608e+03  2.455465271708554e-08  6.313876416248633e-09  2.044064668829584e-08  7.498214531967762e-11  4.400588139116618e-09  1.287401004849251e-08 
 8.511380382023659e+03  2.455465255900832e-08  6.313876416248632e-09  2.044064655670364e-08  7.498214483749939e-11  4.400588110786640e-09  1.287400996561259e-08 
 8.709635899560699e+03  2.455465239348115e-08  6.313876416248632e-09  2.044064641890969e-08  7.498214433259753e-11  4.400588081121512e-09  1.287400987882666e-08 
 8.912509381337344e+03  2.455465222015293e-08  6.313876416248633e-09  2.044064627462173e-08  7.498214380389549e-11  4.400588050058311e-09  1.287400978795063e-08 
 9.120108393558983e+03  2.455465203865601e-08  6.313876416248633e-09  2.044064612353368e-08  7.498214325027944e-11  4.400588017531148e-09  1.287400969279175e-08 
 9.332543007969793e+03  2.455465184860540e-08  6.313876416248634e-09  2.044064596532507e-08  7.498214267057389e-11  4.400587983471025e-09  1.287400959314817e-08 
 9.549925860214238e+03  2.455465164959799e-08  6.313876416248634e-09  2.044064579966033e-08  7.498214206354385e-11  4.400587947805700e-09  1.287400948880854e-08 
 9.772372209557981e+03  2.455465144121165e-08  6.313876416248635e-09  2.044064562618806e-08  7.498214142790884e-11  4.400587910459521e-09  1.287400937955154e-08 
 9.999999999999871e+03  2.455465122300437e-08  6.313876416248634e-09  2.044064544454028e-08  7.498214076232246e-11  4.400587871353271e-09  1.287400926514541e-08 
 1.023292992280741e+04  2.455465099451331e-08  6.313876416248635e-09  2.044064525433172e-08  7.498214006535965e-11  4.400587830404004e-09  1.287400914534750e-08 
 1.047128548050886e+04  2.455465075525381e-08  6.313876416248636e-09  2.044064505515892e-08  7.498213933555028e-11  4.400587787524857e-09  1.287400901990368e-08 
 1.071519305237592e+04  2.455465050471835e-08  6.313876416248638e-09  2.044064484659939e-08  7.498213857134747e-11  4.400587742624879e-09  1.287400888854789e-08 
 1.096478196143171e+04  2.455465024237553e-08  6.313876416248639e-09  2.044064462821076e-08  7.498213777113452e-11  4.400587695608832e-09  1.287400875100149e-08 
 1.122018454301949e+04  2.455464996766890e-08  6.313876416248639e-09  2.044064439952980e-08  7.498213693320134e-11  4.400587646376989e-09  1.287400860697274e-08 
 1.148153621496868e+04  2.455464968001574e-08  6.313876416248640e-09  2.044064416007146e-08  7.498213605577838e-11  4.400587594824923e-09  1.287400845615612e-08 
 1.174897554939514e+04  2.455464937880590e-08  6.313876416248639e-09  2.044064390932778e-08  7.498213513700965e-11  4.400587540843282e-09  1.287400829823174e-08 
 1.202264434617397e+04  2.455464906340052e-08  6.313876416248642e-09  2.044064364676695e-08  7.498213417493325e-11  4.400587484317570e-09  1.287400813286462e-08 
 1.230268770812365e+04  2.455464873313054e-08  6.313876416248644e-09  2.044064337183200e-08  7.498213316751980e-11  4.400587425127885e-09  1.287400795970399e-08 
 1.258925411794151e+04  2.455464838729542e-08  6.313876416248643e-09  2.044064308393978e-08  7.498213211263047e-11  4.400587363148677e-09  1.287400777838256e-08 
 1.288249551693117e+04  2.455464802516163e-08  6.313876416248644e-09  2.044064278247964e-08  7.498213100802127e-11  4.400587298248483e-09  1.287400758851573e-08 
 1.318256738556390e+04  2.455464764596100e-08  6.313876416248646e-09  2.044064246681213e-08  7.498212985135507e-11  4.400587230289640e-09  1.287400738970076e-08 
 1.348962882591636e+04  2.455464724888924e-08  6.313876416248649e-09  2.044064213626769e-08  7.498212864017181e-11  4.400587159128001e-09  1.287400718151593e-08 
 1.380384264602866e+04  2.455464683310405e-08  6.313876416248648e-09  2.044064179014518e-08  7.498212737191252e-11  4.400587084612617e-09  1.287400696351967e-08 
 1.412537544622735e+04  2.455464639772354e-08  6.313876416248649e-09  2.044064142771043e-08  7.498212604388985e-11  4.400587006585437e-09  1.287400673524957e-08 
 1.445439770745908e+04  2.455464594182422e-08  6.313876416248650e-09  2.044064104819469e-08  7.498212465327051e-11  4.400586924880953e-09  1.287400649622145e-08 
 1.479108388168187e+04  2.455464546443904e-08  6.313876416248654e-09  2.044064065079295e-08  7.498212319711528e-11  4.400586839325861e-09  1.287400624592829e-08 
 1.513561248436188e+04  2.455464496455543e-08  6.313876416248655e-09  2.044064023466226e-08  7.498212167233119e-11  4.400586749738688e-09  1.287400598383920e-08 
 1.548816618912460e+04  2.455464444111306e-08  6.313876416248655e-09  2.044063979891996e-08  7.498212007568918e-11  4.400586655929407e-09  1.287400570939824e-08 
 1.584893192461092e+04  2.455464389300164e-08  6.313876416248658e-09  2.044063934264180e-08  7.498211840379601e-11  4.400586557699037e-09  1.287400542202330e-08 
 1.621810097358908e+04  2.455464331905857e-08  6.313876416248659e-09  2.044063886485994e-08  7.498211665311248e-11  4.400586454839218e-09  1.287400512110482e-08 
 1.659586907437538e+04  2.455464271806643e-08  6.313876416248660e-09  2.044063836456094e-08  7.498211481992585e-11  4.400586347131772e-09  1.287400480600450e-08 
 1.698243652461721e+04  2.455464208875047e-08  6.313876416248662e-09  2.044063784068363e-08  7.498211290033441e-11  4.400586234348243e-09  1.287400447605399e-08 
 1.737800828749351e+04  2.455464142977580e-08  6.313876416248665e-09  2.044063729211677e-08  7.498211089028180e-11  4.400586116249398e-09  1.287400413055343e-08 
 1.778279410038898e+04  2.455464073974467e-08  6.313876416248667e-09  2.044063671769680e-08  7.498210878550014e-11  4.400585992584734e-09  1.287400376876994e-08 
 1.819700858609958e+04  2.455464001719343e-08  6.313876416248669e-09  2.044063611620532e-08  7.498210658151442e-11  4.400585863091948e-09  1.287400338993617e-08 
 1.862087136662842e+04  2.455463926058948e-08  6.313876416248671e-09  2.044063548636646e-08  7.498210427366687e-11  4.400585727496365e-09  1.287400299324854e-08 
 1.905460717963221e+04  2.455463846832795e-08  6.313876416248673e-09  2.044063482684428e-08  7.498210185705327e-11  4.400585585510372e-09  1.287400257786564e-08 
 1.949844599758018e+04  2.455463763872838e-08  6.313876416248677e-09  2.044063413623984e-08  7.498209932654809e-11  4.400585436832801e-09  1.287400214290639e-08 
 1.995262314968852e+04  2.455463677003106e-08  6.313876416248677e-09  2.044063341308829e-08  7.498209667678390e-11  4.400585281148288e-09  1.287400168744819e-08 
 2.041737944669501e+04  2.455463586039340e-08  6.313876416248679e-09  2.044063265585574e-08  7.498209390213906e-11  4.400585118126609e-09  1.287400121052496e-08 
 2.089296130854010e+04  2.455463490788595e-08  6.313876416248684e-09  2.044063186293602e-08  7.498209099672585e-11  4.400584947421973e-09  1.287400071112508e-08 
 2.137962089502202e+04  2.455463391048832e-08  6.313876416248687e-09  2.044063103264723e-08  7.498208795439831e-11  4.400584768672295e-09  1.287400018818928e-08 
 2.187761623949522e+04  2.455463286608493e-08  6.313876416248690e-09  2.044063016322825e-08  7.498208476867628e-11  4.400584581498430e-09  1.287399964060834e-08 
 2.238721138568308e+04  2.455463177246046e-08  6.313876416248692e-09  2.044062925283494e-08  7.498208143281570e-11  4.400584385503359e-09  1.287399906722078e-08 
 2.290867652767740e+04  2.455463062729522e-08  6.313876416248697e-09  2.044062829953624e-08  7.498207793975302e-11  4.400584180271351e-09  1.287399846681038e-08 
 2.344228815319889e+04  2.455462942816016e-08  6.313876416248698e-09  2.044062730131009e-08  7.498207428206168e-11  4.400583965367087e-09  1.287399783810360e-08 
 2.398832919019456e+04  2.455462817251181e-08  6.313876416248702e-09  2.044062625603916e-08  7.498207045198987e-11  4.400583740334732e-09  1.287399717976688e-08 
 2.454708915684995e+04  2.455462685768678e-08  6.313876416248706e-09  2.044062516150630e-08  7.498206644141450e-11  4.400583504696965e-09  1.287399649040381e-08 
 2.511886431509544e+04  2.455462548089618e-08  6.313876416248711e-09  2.044062401538988e-08  7.498206224182291e-11  4.400583257953973e-09  1.287399576855218e-08 
 2.570395782768826e+04  2.455462403921968e-08  6.313876416248715e-09  2.044062281525886e-08  7.498205784431429e-11  4.400582999582387e-09  1.287399501268087e-08 
 2.630267991895344e+04  2.455462252959935e-08  6.313876416248720e-09  2.044062155856765e-08  7.498205323955607e-11  4.400582729034172e-09  1.287399422118658e-08 
 2.691534803926876e+04  2.455462094883308e-08  6.313876416248723e-09  2.044062024265064e-08  7.498204841778320e-11  4.400582445735465e-09  1.287399339239046e-08 
 2.754228703338126e+04  2.455461929356793e-08  6.313876416248730e-09  2.044061886471665e-08  7.498204336877162e-11  4.400582149085361e-09  1.287399252453457e-08 
 2.818382931264412e+04  2.455461756029290e-08  6.313876416248735e-09  2.044061742184294e-08  7.498203808180470e-11  4.400581838454633e-09  1.287399161577807e-08 
 2.884031503126564e+04  2.455461574533152e-08  6.313876416248741e-09  2.044061591096899e-08  7.498203254567546e-11  4.400581513184399e-09  1.287399066419340e-08 
 2.951209226666342e+04  2.455461384483408e-08  6.313876416248746e-09  2.044061432889012e-08  7.498202674863971e-11  4.400581172584729e-09  1.287398966776216e-08 
 3.019951720401971e+04  2.455461185476944e-08  6.313876416248753e-09  2.044061267225057e-08  7.498202067838955e-11  4.400580815933177e-09  1.287398862437081e-08 
 3.090295432513544e+04  2.455460977091644e-08  6.313876416248758e-09  2.044061093753642e-08  7.498201432206617e-11  4.400580442473246e-09  1.287398753180620e-08 
 3.162277660168332e+04  2.455460758885505e-08  6.313876416248764e-09  2.044060912106819e-08  7.498200766618584e-11  4.400580051412792e-09  1.287398638775091e-08 
 3.235936569296234e+04  2.455460530395690e-08  6.313876416248771e-09  2.044060721899297e-08  7.498200069661664e-11  4.400579641922341e-09  1.287398518977829e-08 
 3.311311214825861e+04  2.455460291137550e-08  6.313876416248778e-09  2.044060522727628e-08  7.498199339858742e-11  4.400579213133321e-09  1.287398393534732e-08 
 3.388441561391974e+04  2.455460040603597e-08  6.313876416248785e-09  2.044060314169349e-08  7.498198575660971e-11  4.400578764136232e-09  1.287398262179722e-08 
 3.467368504525264e+04  2.455459778262424e-08  6.313876416248792e-09  2.044060095782090e-08  7.498197775448919e-11  4.400578293978709e-09  1.287398124634185e-08 
 3.548133892335701e+04  2.455459503557582e-08  6.313876416248802e-09  2.044059867102632e-08  7.498196937523914e-11  4.400577801663504e-09  1.287397980606374e-08 
 3.630780547700958e+04  2.455459215906400e-08  6.313876416248809e-09  2.044059627645925e-08  7.498196060107939e-11  4.400577286146379e-09  1.287397829790793e-08 
 3.715352290971669e+04  2.455458914698743e-08  6.313876416248819e-09  2.044059376904062e-08  7.498195141342193e-11  4.400576746333874e-09  1.287397671867549e-08 
 3.801893963205554e+04  2.455458599295724e-08  6.313876416248827e-09  2.044059114345196e-08  7.498194179276576e-11  4.400576181080999e-09  1.287397506501675e-08 
 3.890451449942747e+04  2.455458269028351e-08  6.313876416248836e-09  2.044058839412422e-08  7.498193171870502e-11  4.400575589188813e-09  1.287397333342415e-08 
 3.981071705534912e+04  2.455457923196098e-08  6.313876416248848e-09  2.044058551522584e-08  7.498192116987351e-11  4.400574969401863e-09  1.287397152022486e-08 
 4.073802778041065e+04  2.455457561065430e-08  6.313876416248858e-09  2.044058250065046e-08  7.498191012389892e-11  4.400574320405533e-09  1.287396962157293e-08 
 4.168693834703290e+04  2.455457181868241e-08  6.313876416248869e-09  2.044057934400395e-08  7.498189855733604e-11  4.400573640823260e-09  1.287396763344120e-08 
 4.265795188015862e+04  2.455456784800228e-08  6.313876416248879e-09  2.044057603859085e-08  7.498188644567094e-11  4.400572929213596e-09  1.287396555161269e-08 
 4.365158322401593e+04  2.455456369019182e-08  6.313876416248893e-09  2.044057257740014e-08  7.498187376320489e-11  4.400572184067174e-09  1.287396337167172e-08 
 4.466835921509562e+04  2.455455933643205e-08  6.313876416248907e-09  2.044056895309042e-08  7.498186048304769e-11  4.400571403803485e-09  1.287396108899447e-08 
 4.570881896148680e+04  2.455455477748839e-08  6.313876416248919e-09  2.044056515797432e-08  7.498184657701767e-11  4.400570586767549e-09  1.287395869873927e-08 
 4.677351412871909e+04  2.455455000369105e-08  6.313876416248933e-09  2.044056118400216e-08  7.498183201562479e-11  4.400569731226382e-09  1.287395619583623e-08 
 4.786300923226309e+04  2.455454500491457e-08  6.313876416248950e-09  2.044055702274496e-08  7.498181676797942e-11  4.400568835365338e-09  1.287395357497657e-08 
 4.897788193684386e+04  2.455453977055626e-08  6.313876416248964e-09  2.044055266537647e-08  7.498180080175405e-11  4.400567897284247e-09  1.287395083060131e-08 
 5.011872336272644e+04  2.455453428951386e-08  6.313876416248980e-09  2.044054810265452e-08  7.498178408306334e-11  4.400566914993405e-09  1.287394795688952e-08 
 5.128613839913568e+04  2.455452855016180e-08  6.313876416248997e-09  2.044054332490137e-08  7.498176657646989e-11  4.400565886409321e-09  1.287394494774592e-08 
 5.248074602497643e+04  2.455452254032674e-08  6.313876416249014e-09  2.044053832198326e-08  7.498174824482453e-11  4.400564809350338e-09  1.287394179678802e-08 
 5.370317963702443e+04  2.455451624726161e-08  6.313876416249032e-09  2.044053308328881e-08  7.498172904924795e-11  4.400563681531977e-09  1.287393849733253e-08 
 5.495408738576159e+04  2.455450965761863e-08  6.313876416249052e-09  2.044052759770661e-08  7.498170894902750e-11  4.400562500562103e-09  1.287393504238120e-08 
 5.623413251903402e+04  2.455450275742104e-08  6.313876416249072e-09  2.044052185360162e-08  7.498168790153318e-11  4.400561263935853e-09  1.287393142460603e-08 
 5.754399373371479e+04  2.455449553203339e-08  6.313876416249094e-09  2.044051583879050e-08  7.498166586211425e-11  4.400559969030321e-09  1.287392763633363e-08 
 5.888436553555797e+04  2.455448796613055e-08  6.313876416249118e-09  2.044050954051576e-08  7.498164278403045e-11  4.400558613098997e-09  1.287392366952903e-08 
 6.025595860743483e+04  2.455448004366519e-08  6.313876416249139e-09  2.044050294541871e-08  7.498161861833777e-11  4.400557193265940e-09  1.287391951577862e-08 
 6.165950018614724e+04  2.455447174783375e-08  6.313876416249164e-09  2.044049603951115e-08  7.498159331377454e-11  4.400555706519687e-09  1.287391516627230e-08 
 6.309573444801832e+04  2.455446306104084e-08  6.313876416249190e-09  2.044048880814570e-08  7.498156681666752e-11  4.400554149706856e-09  1.287391061178478e-08 
 6.456542290346453e+04  2.455445396486187e-08  6.313876416249218e-09  2.044048123598473e-08  7.498153907082744e-11  4.400552519525468e-09  1.287390584265606e-08 
 6.606934480075855e+04  2.455444444000403e-08  6.313876416249245e-09  2.044047330696782e-08  7.498151001739584e-11  4.400550812517940e-09  1.287390084877091e-08 
 6.760829753919710e+04  2.455443446626535e-08  6.313876416249275e-09  2.044046500427774e-08  7.498147959475857e-11  4.400549025063755e-09  1.287389561953744e-08 
 6.918309709189254e+04  2.455442402249188e-08  6.313876416249303e-09  2.044045631030478e-08  7.498144773838032e-11  4.400547153371784e-09  1.287389014386461e-08 
 7.079457843841266e+04  2.455441308653281e-08  6.313876416249337e-09  2.044044720660939e-08  7.498141438070249e-11  4.400545193472249e-09  1.287388441013876e-08 
 7.244359600749785e+04  2.455440163519352e-08  6.313876416249371e-09  2.044043767388309e-08  7.498137945097430e-11  4.400543141208298e-09  1.287387840619895e-08 
 7.413102413009056e+04  2.455438964418641e-08  6.313876416249405e-09  2.044042769190753e-08  7.498134287510925e-11  4.400540992227206e-09  1.287387211931117e-08 
 7.585775750291716e+04  2.455437708807938e-08  6.313876416249443e-09  2.044041723951163e-08  7.498130457553670e-11  4.400538741971130e-09  1.287386553614137e-08 
 7.762471166286792e+04  2.455436394024190e-08  6.313876416249482e-09  2.044040629452668e-08  7.498126447102593e-11  4.400536385667453e-09  1.287385864272717e-08 
 7.943282347242687e+04  2.455435017278856e-08  6.313876416249520e-09  2.044039483373932e-08  7.498122247651363e-11  4.400533918318661e-09  1.287385142444823e-08 
 8.128305161640861e+04  2.455433575651997e-08  6.313876416249565e-09  2.044038283284236e-08  7.498117850293495e-11  4.400531334691751e-09  1.287384386599529e-08 
 8.317637711026576e+04  2.455432066086077e-08  6.313876416249607e-09  2.044037026638319e-08  7.498113245703588e-11  4.400528629307133e-09  1.287383595133772e-08 
 8.511380382023628e+04  2.455430485379491e-08  6.313876416249652e-09  2.044035710770991e-08  7.498108424114395e-11  4.400525796427014e-09  1.287382766368946e-08 
 8.709635899560666e+04  2.455428830179773e-08  6.313876416249703e-09  2.044034332891469e-08  7.498103375300899e-11  4.400522830043234e-09  1.287381898547354e-08 
 8.912509381337311e+04  2.455427096976482e-08  6.313876416249754e-09  2.044032890077473e-08  7.498098088554569e-11  4.400519723864522e-09  1.287380989828471e-08 
 9.120108393558950e+04  2.455425282093770e-08  6.313876416249807e-09  2.044031379269023e-08  7.498092552663941e-11  4.400516471303169e-09  1.287380038285049e-08 
 9.332543007969759e+04  2.455423381682584e-08  6.313876416249864e-09  2.044029797261953e-08  7.498086755888519e-11  4.400513065461049e-09  1.287379041899028e-08 
 9.549925860214204e+04  2.455421391712507e-08  6.313876416249922e-09  2.044028140701125e-08  7.498080685933723e-11  4.400509499115011e-09  1.287377998557261e-08 
 9.772372209557948e+04  2.455419307963216e-08  6.313876416249985e-09  2.044026406073308e-08  7.498074329926179e-11  4.400505764701557e-09  1.287376906047030e-08 
 9.999999999999837e+04  2.455417126015532e-08  6.313876416250047e-09  2.044024589699732e-08  7.498067674387070e-11  4.400501854300810e-09  1.287375762051359e-08 
 1.023292992280737e+05  2.455414841242057e-08  6.313876416250115e-09  2.044022687728299e-08  7.498060705200181e-11  4.400497759619727e-09  1.287374564144101e-08 
 1.047128548050882e+05  2.455412448797360e-08  6.313876416250185e-09  2.044020696125403e-08  7.498053407587712e-11  4.400493471974518e-09  1.287373309784798e-08 
 1.071519305237589e+05  2.455409943607715e-08  6.313876416250259e-09  2.044018610667394e-08  7.498045766071691e-11  4.400488982272251e-09  1.287371996313293e-08 
 1.096478196143167e+05  2.455407320360337e-08  6.313876416250336e-09  2.044016426931618e-08  7.498037764446726e-11  4.400484280991563e-09  1.287370620944091e-08 
 1.122018454301945e+05  2.455404573492130e-08  6.313876416250416e-09  2.044014140287047e-08  7.498029385745399e-11  4.400479358162491e-09  1.287369180760460e-08 
 1.148153621496864e+05  2.455401697177894e-08  6.313876416250503e-09  2.044011745884465e-08  7.498020612197087e-11  4.400474203345343e-09  1.287367672708247e-08 
 1.174897554939510e+05  2.455398685317978e-08  6.313876416250591e-09  2.044009238646183e-08  7.498011425197596e-11  4.400468805608561e-09  1.287366093589402e-08 
 1.202264434617393e+05  2.455395531525357e-08  6.313876416250683e-09  2.044006613255289e-08  7.498001805265096e-11  4.400463153505573e-09  1.287364440055207e-08 
 1.230268770812361e+05  2.455392229112094e-08  6.313876416250781e-09  2.044003864144379e-08  7.497991731997789e-11  4.400457235050519e-09  1.287362708599176e-08 
 1.258925411794146e+05  2.455388771075169e-08  6.313876416250882e-09  2.044000985483750e-08  7.497981184036092e-11  4.400451037692867e-09  1.287360895549623e-08 
 1.288249551693113e+05  2.455385150081645e-08  6.313876416250989e-09  2.043997971169062e-08  7.497970139012116e-11  4.400444548290811e-09  1.287358997061888e-08 
 1.318256738556385e+05  2.455381358453123e-08  6.313876416251099e-09  2.043994814808392e-08  7.497958573504621e-11  4.400437753083429e-09  1.287357009110185e-08 
 1.348962882591631e+05  2.455377388149481e-08  6.313876416251217e-09  2.043991509708699e-08  7.497946462988737e-11  4.400430637661531e-09  1.287354927479075e-08 
 1.380384264602862e+05  2.455373230751836e-08  6.313876416251338e-09  2.043988048861641e-08  7.497933781784819e-11  4.400423186937125e-09  1.287352747754536e-08 
 1.412537544622731e+05  2.455368877444709e-08  6.313876416251468e-09  2.043984424928727e-08  7.497920503003810e-11  4.400415385111457e-09  1.287350465314611e-08 
 1.445439770745904e+05  2.455364318997357e-08  6.313876416251602e-09  2.043980630225777e-08  7.497906598488112e-11  4.400407215641553e-09  1.287348075319619e-08 
 1.479108388168183e+05  2.455359545744209e-08  6.313876416251740e-09  2.043976656706637e-08  7.497892038756474e-11  4.400398661205158e-09  1.287345572701899e-08 
 1.513561248436183e+05  2.455354547564409e-08  6.313876416251889e-09  2.043972495946148e-08  7.497876792936547e-11  4.400389703664071e-09  1.287342952155083e-08 
 1.548816618912456e+05  2.455349313860366e-08  6.313876416252043e-09  2.043968139122292e-08  7.497860828703252e-11  4.400380324025707e-09  1.287340208122854e-08 
 1.584893192461087e+05  2.455343833535322e-08  6.313876416252202e-09  2.043963576997514e-08  7.497844112208122e-11  4.400370502402892e-09  1.287337334787176e-08 
 1.621810097358903e+05  2.455338094969845e-08  6.313876416252373e-09  2.043958799899160e-08  7.497826608008962e-11  4.400360217971741e-09  1.287334326055981e-08 
 1.659586907437533e+05  2.455332085997236e-08  6.313876416252548e-09  2.043953797698997e-08  7.497808278993452e-11  4.400349448927569e-09  1.287331175550264e-08 
 1.698243652461716e+05  2.455325793877756e-08  6.313876416252734e-09  2.043948559791765e-08  7.497789086303355e-11  4.400338172438723e-09  1.287327876590578e-08 
 1.737800828749346e+05  2.455319205271669e-08  6.313876416252927e-09  2.043943075072732e-08  7.497768989246441e-11  4.400326364598250e-09  1.287324422182895e-08 
 1.778279410038893e+05  2.455312306210990e-08  6.313876416253130e-09  2.043937331914176e-08  7.497747945219304e-11  4.400314000373277e-09  1.287320805003799e-08 
 1.819700858609953e+05  2.455305082069930e-08  6.313876416253342e-09  2.043931318140784e-08  7.497725909606727e-11  4.400301053552043e-09  1.287317017384984e-08 
 1.862087136662836e+05  2.455297517533934e-08  6.313876416253566e-09  2.043925021003878e-08  7.497702835696878e-11  4.400287496688406e-09  1.287313051297027e-08 
 1.905460717963215e+05  2.455289596567277e-08  6.313876416253799e-09  2.043918427154433e-08  7.497678674575337e-11  4.400273301043768e-09  1.287308898332392e-08 
 1.949844599758012e+05  2.455281302379126e-08  6.313876416254043e-09  2.043911522614836e-08  7.497653375026890e-11  4.400258436526259e-09  1.287304549687643e-08 
 1.995262314968846e+05  2.455272617388020e-08  6.313876416254298e-09  2.043904292749308e-08  7.497626883421532e-11  4.400242871627080e-09  1.287299996144814e-08 
 2.041737944669495e+05  2.455263523184676e-08  6.313876416254566e-09  2.043896722232947e-08  7.497599143607124e-11  4.400226573353833e-09  1.287295228051915e-08 
 2.089296130854004e+05  2.455254000493039e-08  6.313876416254847e-09  2.043888795019303e-08  7.497570096785912e-11  4.400209507160738e-09  1.287290235302506e-08 
 2.137962089502196e+05  2.455244029129529e-08  6.313876416255139e-09  2.043880494306449e-08  7.497539681392415e-11  4.400191636875571e-09  1.287285007314331e-08 
 2.187761623949515e+05  2.455233587960345e-08  6.313876416255448e-09  2.043871802501445e-08  7.497507832962915e-11  4.400172924623169e-09  1.287279533006933e-08 
 2.238721138568301e+05  2.455222654856786e-08  6.313876416255769e-09  2.043862701183140e-08  7.497474483998763e-11  4.400153330745347e-09  1.287273800778230e-08 
 2.290867652767734e+05  2.455211206648471e-08  6.313876416256105e-09  2.043853171063231e-08  7.497439563824497e-11  4.400132813717057e-09  1.287267798479985e-08 
 2.344228815319882e+05  2.455199219074360e-08  6.313876416256459e-09  2.043843191945490e-08  7.497402998436470e-11  4.400111330058618e-09  1.287261513392130e-08 
 2.398832919019449e+05  2.455186666731480e-08  6.313876416256826e-09  2.043832742683082e-08  7.497364710349154e-11  4.400088834243824e-09  1.287254932195879e-08 
 2.454708915684988e+05  2.455173523021252e-08  6.313876416257215e-09  2.043821801133882e-08  7.497324618429102e-11  4.400065278603747e-09  1.287248040945592e-08 
 2.511886431509537e+05  2.455159760093291e-08  6.313876416257620e-09  2.043810344113694e-08  7.497282637726430e-11  4.400040613226023e-09  1.287240825039306e-08 
 2.570395782768819e+05  2.455145348786587e-08  6.313876416258044e-09  2.043798347347287e-08  7.497238679290001e-11  4.400014785849442e-09  1.287233269187896e-08 
 2.630267991895336e+05  2.455130258567915e-08  6.313876416258488e-09  2.043785785417119e-08  7.497192649986941e-11  4.399987741753555e-09  1.287225357382786e-08 
 2.691534803926869e+05  2.455114457467372e-08  6.313876416258951e-09  2.043772631709680e-08  7.497144452299652e-11  4.399959423643164e-09  1.287217072862148e-08 
 2.754228703338119e+05  2.455097912010892e-08  6.313876416259440e-09  2.043758858359312e-08  7.497093984122923e-11  4.399929771527362e-09  1.287208398075520e-08 
 2.818382931264405e+05  2.455080587149591e-08  6.313876416259949e-09  2.043744436189391e-08  7.497041138548494e-11  4.399898722592923e-09  1.287199314646768e-08 
 2.884031503126556e+05  2.455062446185832e-08  6.313876416260482e-09  2.043729334650780e-08  7.496985803637877e-11  4.399866211071780e-09  1.287189803335308e-08 
 2.951209226666334e+05  2.455043450695796e-08  6.313876416261041e-09  2.043713521757373e-08  7.496927862189223e-11  4.399832168102284e-09  1.287179843995526e-08 
 3.019951720401964e+05  2.455023560448468e-08  6.313876416261628e-09  2.043696964018656e-08  7.496867191485651e-11  4.399796521583991e-09  1.287169415534291e-08 
 3.090295432513537e+05  2.455002733320807e-08  6.313876416262239e-09  2.043679626369086e-08  7.496803663041229e-11  4.399759196025644e-09  1.287158495866482e-08 
 3.162277660168324e+05  2.454980925208968e-08  6.313876416262881e-09  2.043661472094190e-08  7.496737142326683e-11  4.399720112386070e-09  1.287147061868443e-08 
 3.235936569296226e+05  2.454958089935374e-08  6.313876416263555e-09  2.043642462753206e-08  7.496667488488405e-11  4.399679187907633e-09  1.287135089329261e-08 
 3.311311214825853e+05  2.454934179151447e-08  6.313876416264258e-09  2.043622558098112e-08  7.496594554050127e-11  4.399636335941911e-09  1.287122552899765e-08 
 3.388441561391967e+05  2.454909142235800e-08  6.313876416264997e-09  2.043601715988874e-08  7.496518184602100e-11  4.399591465767250e-09  1.287109426039149e-08 
 3.467368504525256e+05  2.454882926187681e-08  6.313876416265765e-09  2.043579892304744e-08  7.496438218478305e-11  4.399544482397791e-09  1.287095680959108e-08 
 3.548133892335693e+05  2.454855475515452e-08  6.313876416266576e-09  2.043557040851421e-08  7.496354486413895e-11  4.399495286383600e-09  1.287081288565363e-08 
 3.630780547700950e+05  2.454826732119861e-08  6.313876416267420e-09  2.043533113263885e-08  7.496266811191162e-11  4.399443773601489e-09  1.287066218396463e-08 
 3.715352290971660e+05  2.454796635171892e-08  6.313876416268306e-09  2.043508058904709e-08  7.496175007263184e-11  4.399389835036086e-09  1.287050438559741e-08 
 3.801893963205545e+05  2.454765120984913e-08  6.313876416269234e-09  2.043481824757628e-08  7.496078880370816e-11  4.399333356550722e-09  1.287033915664281e-08 
 3.890451449942738e+05  2.454732122880893e-08  6.313876416270206e-09  2.043454355316171e-08  7.495978227126470e-11  4.399274218647647e-09  1.287016614750776e-08 
 3.981071705534903e+05  2.454697571050381e-08  6.313876416271224e-09  2.043425592467103e-08  7.495872834593122e-11  4.399212296217115e-09  1.286998499218114e-08 
 4.073802778041056e+05  2.454661392405993e-08  6.313876416272288e-09  2.043395475368454e-08  7.495762479834307e-11  4.399147458274793e-09  1.286979530746565e-08 
 4.168693834703281e+05  2.454623510429095e-08  6.313876416273403e-09  2.043363940321894e-08  7.495646929447129e-11  4.399079567686998e-09  1.286959669217390e-08 
 4.265795188015852e+05  2.454583845009360e-08  6.313876416274571e-09  2.043330920639169e-08  7.495525939074458e-11  4.399008480883153e-09  1.286938872628726e-08 
 4.365158322401583e+05  2.454542312276905e-08  6.313876416275794e-09  2.043296346502364e-08  7.495399252889203e-11  4.398934047554959e-09  1.286917097007576e-08 
 4.466835921509552e+05  2.454498824426635e-08  6.313876416277075e-09  2.043260144817675e-08  7.495266603063056e-11  4.398856110341578e-09  1.286894296317706e-08 
 4.570881896148669e+05  2.454453289534465e-08  6.313876416278415e-09  2.043222239062424e-08  7.495127709202248e-11  4.398774504500284e-09  1.286870422363298e-08 
 4.677351412871899e+05  2.454405611365039e-08  6.313876416279819e-09  2.043182549124996e-08  7.494982277764027e-11  4.398689057561861e-09  1.286845424688135e-08 
 4.786300923226299e+05  2.454355689170566e-08  6.313876416281289e-09  2.043140991137372e-08  7.494830001439868e-11  4.398599588970084e-09  1.286819250470124e-08 
 4.897788193684375e+05  2.454303417480371e-08  6.313876416282830e-09  2.043097477299948e-08  7.494670558515372e-11  4.398505909704561e-09  1.286791844410967e-08 
 5.011872336272634e+05  2.454248685880733e-08  6.313876416284441e-09  2.043051915698251e-08  7.494503612200281e-11  4.398407821886164e-09  1.286763148620725e-08 
 5.128613839913558e+05  2.454191378784591e-08  6.313876416286130e-09  2.043004210111241e-08  7.494328809921735e-11  4.398305118364318e-09  1.286733102497076e-08 
 5.248074602497633e+05  2.454131375190641e-08  6.313876416287897e-09  2.042954259810756e-08  7.494145782595031e-11  4.398197582285247e-09  1.286701642599008e-08 
 5.370317963702432e+05  2.454068548431373e-08  6.313876416289749e-09  2.042901959351779e-08  7.493954143848570e-11  4.398084986640422e-09  1.286668702514715e-08 
 5.495408738576148e+05  2.454002765909520e-08  6.313876416291688e-09  2.042847198353031e-08  7.493753489226603e-11  4.397967093794247e-09  1.286634212723422e-08 
 5.623413251903391e+05  2.453933888822448e-08  6.313876416293716e-09  2.042789861267546e-08  7.493543395343835e-11  4.397843654990102e-09  1.286598100450875e-08 
 5.754399373371467e+05  2.453861771873905e-08  6.313876416295841e-09  2.042729827142712e-08  7.493323419007567e-11  4.397714409833761e-09  1.286560289518215e-08 
 5.888436553555785e+05  2.453786262972594e-08  6.313876416298067e-09  2.042666969369345e-08  7.493093096299162e-11  4.397579085753193e-09  1.286520700183941e-08 
 6.025595860743470e+05  2.453707202916987e-08  6.313876416300399e-09  2.042601155419314e-08  7.492851941611832e-11  4.397437397433685e-09  1.286479248978655e-08 
 6.165950018614712e+05  2.453624425065767e-08  6.313876416302838e-09  2.042532246571199e-08  7.492599446645505e-11  4.397289046227227e-09  1.286435848532277e-08 
 6.309573444801820e+05  2.453537754993268e-08  6.313876416305394e-09  2.042460097623455e-08  7.492335079355394e-11  4.397133719535007e-09  1.286390407393390e-08 
 6.456542290346441e+05  2.453447010129255e-08  6.313876416308067e-09  2.042384556594553e-08  7.492058282854461e-11  4.396971090161840e-09  1.286342829840378e-08 
 6.606934480075843e+05  2.453351999382377e-08  6.313876416310870e-09  2.042305464409512e-08  7.491768474263036e-11  4.396800815641323e-09  1.286293015684000e-08 
 6.760829753919698e+05  2.453252522746553e-08  6.313876416313804e-09  2.042222654572243e-08  7.491465043510858e-11  4.396622537530438e-09  1.286240860061025e-08 
 6.918309709189242e+05  2.453148370889589e-08  6.313876416316874e-09  2.042135952823083e-08  7.491147352079178e-11  4.396435880672259e-09  1.286186253218534e-08 
 7.079457843841253e+05  2.453039324723236e-08  6.313876416320092e-09  2.042045176780892e-08  7.490814731691742e-11  4.396240452425456e-09  1.286129080288507e-08 
 7.244359600749771e+05  2.452925154953906e-08  6.313876416323461e-09  2.041950135569043e-08  7.490466482943212e-11  4.396035841859084e-09  1.286069221052265e-08 
 7.413102413009043e+05  2.452805621613214e-08  6.313876416326988e-09  2.041850629424621e-08  7.490101873867397e-11  4.395821618911253e-09  1.286006549694327e-08 
 7.585775750291703e+05  2.452680473567509e-08  6.313876416330681e-09  2.041746449290124e-08  7.489720138441262e-11  4.395597333510114e-09  1.285940934545264e-08 
 7.762471166286779e+05  2.452549448005474e-08  6.313876416334550e-09  2.041637376386920e-08  7.489320475021838e-11  4.395362514655575e-09  1.285872237813041e-08 
 7.943282347242674e+05  2.452412269902918e-08  6.313876416338597e-09  2.041523181769706e-08  7.488902044715557e-11  4.395116669460104e-09  1.285800315302412e-08 
 8.128305161640848e+05  2.452268651463778e-08  6.313876416342839e-09  2.041403625861169e-08  7.488463969668806e-11  4.394859282146925e-09  1.285725016121835e-08 
 8.317637711026561e+05  2.452118291536361e-08  6.313876416347279e-09  2.041278457966033e-08  7.488005331291588e-11  4.394589813003833e-09  1.285646182377409e-08 
 8.511380382023612e+05  2.451960875003812e-08  6.313876416351928e-09  2.041147415763650e-08  7.487525168397431e-11  4.394307697290801e-09  1.285563648853293e-08 
 8.709635899560649e+05  2.451796072147746e-08  6.313876416356796e-09  2.041010224778256e-08  7.487022475260035e-11  4.394012344099521e-09  1.285477242678063e-08 
 8.912509381337294e+05  2.451623537983971e-08  6.313876416361895e-09  2.040866597825983e-08  7.486496199590963e-11  4.393703135162900e-09  1.285386782976428e-08 
 9.120108393558932e+05  2.451442911569178e-08  6.313876416367234e-09  2.040716234437718e-08  7.485945240421644e-11  4.393379423612552e-09  1.285292080505729e-08 
 9.332543007969741e+05  2.451253815277442e-08  6.313876416372822e-09  2.040558820256816e-08  7.485368445897210e-11  4.393040532682157e-09  1.285192937276607e-08 
 9.549925860214186e+05  2.451055854045357e-08  6.313876416378675e-09  2.040394026410713e-08  7.484764610974614e-11  4.392685754354630e-09  1.285089146157226e-08 
 9.772372209557928e+05  2.450848614584564e-08  6.313876416384806e-09  2.040221508855389e-08  7.484132475021115e-11  4.392314347950844e-09  1.284980490460406e-08 
 9.999999999999817e+05  2.450631664560442e-08  6.313876416391226e-09  2.040040907691662e-08  7.483470719308286e-11  4.391925538657711e-09  1.284866743513005e-08 
 1.023292992280735e+06  2.450404551735654e-08  6.313876416397946e-09  2.039851846452237e-08  7.482777964400696e-11  4.391518515993277e-09  1.284747668206886e-08 
 1.047128548050880e+06  2.450166803077243e-08  6.313876416404984e-09  2.039653931358392e-08  7.482052767430962e-11  4.391092432206492e-09  1.284623016530758e-08 
 1.071519305237587e+06  2.449917923825907e-08  6.313876416412353e-09  2.039446750545205e-08  7.481293619261396e-11  4.390646400609218e-09  1.284492529082207e-08 
 1.096478196143165e+06  2.449657396526099e-08  6.313876416420068e-09  2.039229873254139e-08  7.480498941526638e-11  4.390179493837986e-09  1.284355934559170e-08 
 1.122018454301943e+06  2.449384680015514e-08  6.313876416428148e-09  2.039002848991853e-08  7.479667083550018e-11  4.389690742043024e-09  1.284212949230129e-08 
 1.148153621496861e+06  2.449099208372562e-08  6.313876416436609e-09  2.038765206654005e-08  7.478796319134511e-11  4.389179131001928e-09  1.284063276382262e-08 
 1.174897554939508e+06  2.448800389820332e-08  6.313876416445468e-09  2.038516453612863e-08  7.477884843218886e-11  4.388643600155416e-09  1.283906605746800e-08 
 1.202264434617390e+06  2.448487605585595e-08  6.313876416454747e-09  2.038256074767467e-08  7.476930768398180e-11  4.388083040562461e-09  1.283742612900796e-08 
 1.230268770812358e+06  2.448160208711339e-08  6.313876416464460e-09  2.037983531555125e-08  7.475932121300048e-11  4.387496292772177e-09  1.283570958644542e-08 
 1.258925411794143e+06  2.447817522821331e-08  6.313876416474633e-09  2.037698260922962e-08  7.474886838818796e-11  4.386882144609704e-09  1.283391288353822e-08 
 1.288249551693110e+06  2.447458840835174e-08  6.313876416485285e-09  2.037399674258264e-08  7.473792764195620e-11  4.386239328873386e-09  1.283203231306224e-08 
 1.318256738556382e+06  2.447083423632359e-08  6.313876416496437e-09  2.037087156276360e-08  7.472647642942263e-11  4.385566520940545e-09  1.283006399980694e-08 
 1.348962882591628e+06  2.446690498663761e-08  6.313876416508115e-09  2.036760063864756e-08  7.471449118607943e-11  4.384862336279045e-09  1.282800389329549e-08 
 1.380384264602859e+06  2.446279258509090e-08  6.313876416520347e-09  2.036417724882279e-08  7.470194728377760e-11  4.384125327862029e-09  1.282584776022144e-08 
 1.412537544622727e+06  2.445848859378787e-08  6.313876416533152e-09  2.036059436911967e-08  7.468881898506401e-11  4.383353983483062e-09  1.282359117659423e-08 
 1.445439770745900e+06  2.445398419558886e-08  6.313876416546563e-09  2.035684465966495e-08  7.467507939570365e-11  4.382546722969082e-09  1.282122951958549e-08 
 1.479108388168179e+06  2.444927017797410e-08  6.313876416560603e-09  2.035292045144914e-08  7.466070041550852e-11  4.381701895288562e-09  1.281875795906901e-08 
 1.513561248436179e+06  2.444433691630897e-08  6.313876416575307e-09  2.034881373239563e-08  7.464565268724989e-11  4.380817775552373e-09  1.281617144884664e-08 
 1.548816618912452e+06  2.443917435649699e-08  6.313876416590703e-09  2.034451613292009e-08  7.462990554381450e-11  4.379892561904917e-09  1.281346471755329e-08 
 1.584893192461083e+06  2.443377199700800e-08  6.313876416606825e-09  2.034001891096969e-08  7.461342695331896e-11  4.378924372303300e-09  1.281063225923429e-08 
 1.621810097358899e+06  2.442811887026929e-08  6.313876416623706e-09  2.033531293653212e-08  7.459618346239052e-11  4.377911241182313e-09  1.280766832358875e-08 
 1.659586907437529e+06  2.442220352340883e-08  6.313876416641382e-09  2.033038867560511e-08  7.457814013746723e-11  4.376851116003308e-09  1.280456690587324e-08 
 1.698243652461712e+06  2.441601399834069e-08  6.313876416659895e-09  2.032523617361853e-08  7.455926050396322e-11  4.375741853685204e-09  1.280132173646057e-08 
 1.737800828749342e+06  2.440953781118403e-08  6.313876416679275e-09  2.031984503830154e-08  7.453950648360425e-11  4.374581216916018e-09  1.279792627004915e-08 
 1.778279410038889e+06  2.440276193100876e-08  6.313876416699571e-09  2.031420442198932e-08  7.451883832954919e-11  4.373366870343746e-09  1.279437367451934e-08 
 1.819700858609949e+06  2.439567275790240e-08  6.313876416720825e-09  2.030830300336479e-08  7.449721455949356e-11  4.372096376645617e-09  1.279065681943392e-08 
 1.862087136662832e+06  2.438825610035512e-08  6.313876416743078e-09  2.030212896863255e-08  7.447459188670727e-11  4.370767192475095e-09  1.278676826418101e-08 
 1.905460717963211e+06  2.438049715196163e-08  6.313876416766383e-09  2.029566999212434e-08  7.445092514900525e-11  4.369376664286511e-09  1.278270024575894e-08 
 1.949844599758008e+06  2.437238046744185e-08  6.313876416790783e-09  2.028891321633730e-08  7.442616723556157e-11  4.367922024037570e-09  1.277844466620382e-08 
 1.995262314968841e+06  2.436388993798453e-08  6.313876416816335e-09  2.028184523140862e-08  7.440026901175586e-11  4.366400384770524e-09  1.277399307966221e-08 
 2.041737944669490e+06  2.435500876592150e-08  6.313876416843090e-09  2.027445205403301e-08  7.437317924192432e-11  4.364808736073409e-09  1.276933667911284e-08 
 2.089296130853999e+06  2.434571943874397e-08  6.313876416871107e-09  2.026671910583242e-08  7.434484451010474e-11  4.363143939423334e-09  1.276446628274333e-08 
 2.137962089502191e+06  2.433600370247602e-08  6.313876416900445e-09  2.025863119119068e-08  7.431520913886544e-11  4.361402723414589e-09  1.275937231998993e-08 
 2.187761623949510e+06  2.432584253442499e-08  6.313876416931164e-09  2.025017247456940e-08  7.428421510615652e-11  4.359581678875075e-09  1.275404481725051e-08 
 2.238721138568296e+06  2.431521611533340e-08  6.313876416963331e-09  2.024132645732574e-08  7.425180196042422e-11  4.357677253875482e-09  1.274847338328382e-08 
 2.290867652767729e+06  2.430410380096236e-08  6.313876416997012e-09  2.023207595405679e-08  7.421790673394722e-11  4.355685748636577e-09  1.274264719431069e-08 
 2.344228815319877e+06  2.429248409314250e-08  6.313876417032283e-09  2.022240306850087e-08  7.418246385453055e-11  4.353603310341074e-09  1.273655497883599e-08 
 2.398832919019444e+06  2.428033461033474e-08  6.313876417069217e-09  2.021228916903060e-08  7.414540505575910e-11  4.351425927857636e-09  1.273018500221362e-08 
 2.454708915684983e+06  2.426763205775047e-08  6.313876417107892e-09  2.020171486377935e-08  7.410665928588293e-11  4.349149426385946e-09  1.272352505098061e-08 
 2.511886431509531e+06  2.425435219708862e-08  6.313876417148387e-09  2.019065997544868e-08  7.406615261551618e-11  4.346769462033095e-09  1.271656241699012e-08 
 2.570395782768813e+06  2.424046981595504e-08  6.313876417190792e-09  2.017910351585135e-08  7.402380814440067e-11  4.344281516333045e-09  1.270928388137812e-08 
 2.630267991895330e+06  2.422595869703941e-08  6.313876417235195e-09  2.016702366025250e-08  7.397954590742626e-11  4.341680890722645e-09  1.270167569840281e-08 
 2.691534803926863e+06  2.421079158713426e-08  6.313876417281690e-09  2.015439772157932e-08  7.393328278016105e-11  4.338962700989323e-09  1.269372357920125e-08 
 2.754228703338112e+06  2.419494016609162e-08  6.313876417330378e-09  2.014120212457895e-08  7.388493238418933e-11  4.336121871707640e-09  1.268541267551337e-08 
 2.818382931264398e+06  2.417837501582434e-08  6.313876417381357e-09  2.012741238001334e-08  7.383440499263453e-11  4.333153130683815e-09  1.267672756342933e-08 
 2.884031503126549e+06  2.416106558947133e-08  6.313876417434744e-09  2.011300305899080e-08  7.378160743611603e-11  4.330051003429640e-09  1.266765222722286e-08 
 2.951209226666328e+06  2.414298018085933e-08  6.313876417490644e-09  2.009794776754427e-08  7.372644300966947e-11  4.326809807689551e-09  1.265817004334004e-08 
 3.019951720401957e+06  2.412408589440790e-08  6.313876417549178e-09  2.008221912157854e-08  7.366881138099926e-11  4.323423648047105e-09  1.264826376462050e-08 
 3.090295432513529e+06  2.410434861563919e-08  6.313876417610472e-09  2.006578872232099e-08  7.360860850060634e-11  4.319886410639866e-09  1.263791550483569e-08 
 3.162277660168317e+06  2.408373298247045e-08  6.313876417674654e-09  2.004862713242386e-08  7.354572651424422e-11  4.316191758014555e-09  1.262710672363750e-08 
 3.235936569296218e+06  2.406220235748339e-08  6.313876417741860e-09  2.003070385287978e-08  7.348005367844640e-11  4.312333124157281e-09  1.261581821201914e-08 
 3.311311214825845e+06  2.403971880138301e-08  6.313876417812235e-09  2.001198730092739e-08  7.341147427962372e-11  4.308303709736930e-09  1.260403007839952e-08 
 3.388441561391958e+06  2.401624304787673e-08  6.313876417885926e-09  1.999244478913938e-08  7.333986855752020e-11  4.304096477603104e-09  1.259172173545244e-08 
 3.467368504525247e+06  2.399173448022417e-08  6.313876417963090e-09  1.997204250590121e-08  7.326511263380164e-11  4.299704148583470e-09  1.257887188781161e-08 
 3.548133892335684e+06  2.396615110972863e-08  6.313876418043891e-09  1.995074549750626e-08  7.318707844651562e-11  4.295119197629078e-09  1.256545852079371e-08 
 3.630780547700941e+06  2.393944955646188e-08  6.313876418128498e-09  1.992851765211000e-08  7.310563369140595e-11  4.290333850359944e-09  1.255145889029244e-08 
 3.715352290971651e+06  2.391158503253577e-08  6.313876418217095e-09  1.990532168580450e-08  7.302064177101126e-11  4.285340080067041e-09  1.253684951400775e-08 
 3.801893963205536e+06  2.388251132825665e-08  6.313876418309864e-09  1.988111913109245e-08  7.293196175256371e-11  4.280129605230963e-09  1.252160616418667e-08 
 3.890451449942728e+06  2.385218080152081e-08  6.313876418407009e-09  1.985587032805944e-08  7.283944833572654e-11  4.274693887621404e-09  1.250570386206329e-08 
 3.981071705534893e+06  2.382054437083217e-08  6.313876418508732e-09  1.982953441856149e-08  7.274295183149821e-11  4.269024131045830e-09  1.248911687419798e-08 
 4.073802778041046e+06  2.378755151234666e-08  6.313876418615247e-09  1.980206934376456e-08  7.264231815332266e-11  4.263111280819768e-09  1.247181871092769e-08 
 4.168693834703270e+06  2.375315026136994e-08  6.313876418726782e-09  1.977343184539143e-08  7.253738882179750e-11  4.256946024035236e-09  1.245378212715126e-08 
 4.265795188015841e+06  2.371728721875794e-08  6.313876418843573e-09  1.974357747104979e-08  7.242800098442254e-11  4.250518790707816e-09  1.243497912568521e-08 
 4.365158322401572e+06  2.367990756269089e-08  6.313876418965870e-09  1.971246058403361e-08  7.231398745165476e-11  4.243819755886744e-09  1.241538096343687e-08 
 4.466835921509542e+06  2.364095506631212e-08  6.313876419093931e-09  1.968003437800667e-08  7.219517675093881e-11  4.236838842816076e-09  1.239495816065238e-08 
 4.570881896148658e+06  2.360037212174206e-08  6.313876419228026e-09  1.964625089699312e-08  7.207139320018047e-11  4.229565727238379e-09  1.237368051350728e-08 
 4.677351412871888e+06  2.355809977099489e-08  6.313876419368439e-09  1.961106106111418e-08  7.194245700224992e-11  4.221989842935486e-09  1.235151711031607e-08 
 4.786300923226287e+06  2.351407774433999e-08  6.313876419515470e-09  1.957441469852240e-08  7.180818436225939e-11  4.214100388603490e-09  1.232843635164517e-08 
 4.897788193684363e+06  2.346824450666256e-08  6.313876419669433e-09  1.953626058399469e-08  7.166838762923402e-11  4.205886336161310e-09  1.230440597461978e-08 
 5.011872336272622e+06  2.342053731238603e-08  6.313876419830652e-09  1.949654648465287e-08  7.152287546392794e-11  4.197336440593669e-09  1.227939308171971e-08 
 5.128613839913545e+06  2.337089226952348e-08  6.313876419999468e-09  1.945521921328351e-08  7.137145303449007e-11  4.188439251430136e-09  1.225336417436156e-08 
 5.248074602497620e+06  2.331924441342521e-08  6.313876420176239e-09  1.941222468972954e-08  7.121392224171118e-11  4.179183125961876e-09  1.222628519156461e-08 
 5.370317963702418e+06  2.326552779078376e-08  6.313876420361343e-09  1.936750801082063e-08  7.105008197561336e-11  4.169556244296697e-09  1.219812155399461e-08 
 5.495408738576134e+06  2.320967555444666e-08  6.313876420555170e-09  1.932101352930054e-08  7.087972840501150e-11  4.159546626351019e-09  1.216883821367420e-08 
 5.623413251903377e+06  2.315162006956829e-08  6.313876420758131e-09  1.927268494219381e-08  7.070265530166399e-11  4.149142150873992e-09  1.213839970963830e-08 
 5.754399373371452e+06  2.309129303160689e-08  6.313876420970656e-09  1.922246538903296e-08  7.051865440058772e-11  4.138330576594460e-09  1.210677022980002e-08 
 5.888436553555770e+06  2.302862559663838e-08  6.313876421193200e-09  1.917029756033889e-08  7.032751579797757e-11  4.127099565575279e-09  1.207391367927415e-08 
 6.025595860743455e+06  2.296354852441560e-08  6.313876421426231e-09  1.911612381671130e-08  7.012902838798969e-11  4.115436708851842e-09  1.203979375538323e-08 
 6.165950018614695e+06  2.289599233454909e-08  6.313876421670245e-09  1.905988631884217e-08  6.992298033960556e-11  4.103329554422177e-09  1.200437402954312e-08 
 6.309573444801803e+06  2.282588747612203e-08  6.313876421925759e-09  1.900152716871259e-08  6.970915961448564e-11  4.090765637644673e-09  1.196761803619221e-08 
 6.456542290346422e+06  2.275316451097842e-08  6.313876422193315e-09  1.894098856217195e-08  6.948735452651116e-11  4.077732514086260e-09  1.192948936888935e-08 
 6.606934480075824e+06  2.267775431083766e-08  6.313876422473479e-09  1.887821295302694e-08  6.925735434359568e-11  4.064217794848511e-09  1.188995178366119e-08 
 6.760829753919679e+06  2.259958826829186e-08  6.313876422766847e-09  1.881314322868745e-08  6.901894993176626e-11  4.050209184381750e-09  1.184896930962801e-08 
 6.918309709189222e+06  2.251859852163264e-08  6.313876423074043e-09  1.874572289732469e-08  6.877193444158076e-11  4.035694520777624e-09  1.180650636688056e-08 
 7.079457843841233e+06  2.243471819333310e-08  6.313876423395714e-09  1.867589628639677e-08  6.851610403603978e-11  4.020661818508901e-09  1.176252789151613e-08 
 7.244359600749752e+06  2.234788164187676e-08  6.313876423732546e-09  1.860360875228501e-08  6.825125865939879e-11  4.005099313561268e-09  1.171699946767258e-08 
 7.413102413009022e+06  2.225802472648088e-08  6.313876424085253e-09  1.852880690066419e-08  6.797720284522342e-11  3.988995510875988e-09  1.166988746632281e-08 
 7.585775750291681e+06  2.216508508410497e-08  6.313876424454580e-09  1.845143881709973e-08  6.769374656194696e-11  3.972339233994291e-09  1.162115919051037e-08 
 7.762471166286756e+06  2.206900241796950e-08  6.313876424841316e-09  1.837145430722662e-08  6.740070609358021e-11  3.955119676764549e-09  1.157078302661994e-08 
 7.943282347242650e+06  2.196971879663463e-08  6.313876425246275e-09  1.828880514571894e-08  6.709790495261964e-11  3.937326456941993e-09  1.151872860118430e-08 
 8.128305161640823e+06  2.186717896250610e-08  6.313876425670322e-09  1.820344533310723e-08  6.678517482171517e-11  3.918949671477917e-09  1.146496694263411e-08 
 8.317637711026536e+06  2.176133064844740e-08  6.313876426114352e-09  1.811533135934397e-08  6.646235652007707e-11  3.899979953261684e-09  1.140947064729772e-08 
 8.511380382023586e+06  2.165212490098617e-08  6.313876426579312e-09  1.802442247285830e-08  6.612930098998580e-11  3.880408529044475e-09  1.135221404885830e-08 
 8.709635899560623e+06  2.153951640840953e-08  6.313876427066182e-09  1.793068095368074e-08  6.578587029825731e-11  3.860227278239264e-09  1.129317339037443e-08 
 8.912509381337266e+06  2.142346383185396e-08  6.313876427575997e-09  1.783407238906064e-08  6.543193864673978e-11  3.839428792257437e-09  1.123232699787044e-08 
 9.120108393558905e+06  2.130393013730886e-08  6.313876428109840e-09  1.773456594984425e-08  6.506739338571542e-11  3.818006434009161e-09  1.116965545440611e-08 
 9.332543007969713e+06  2.118088292627731e-08  6.313876428668844e-09  1.763213466573498e-08  6.469213602306322e-11  3.795954397163102e-09  1.110514177344203e-08 
 9.549925860214157e+06  2.105429476267253e-08  6.313876429254190e-09  1.752675569742000e-08  6.430608322204481e-11  3.773267764731524e-09  1.103877157023163e-08 
 9.772372209557900e+06  2.092414349338069e-08  6.313876429867124e-09  1.741841060342443e-08  6.390916777963063e-11  3.749942566520289e-09  1.097053322989222e-08 
 9.999999999999788e+06  2.079041255979209e-08  6.313876430508945e-09  1.730708559944710e-08  6.350133957733816e-11  3.725975834960259e-09  1.090041807074094e-08 
 1.023292992280732e+07  2.065309129749865e-08  6.313876431181012e-09  1.719277180784517e-08  6.308256649590283e-11  3.701365658817885e-09  1.082842050142616e-08 
 1.047128548050877e+07  2.051217522127872e-08  6.313876431884753e-09  1.707546549487132e-08  6.265283528503925e-11  3.676111234269078e-09  1.075453817034515e-08 
 1.071519305237583e+07  2.036766629244545e-08  6.313876432621661e-09  1.695516829322919e-08  6.221215237936290e-11  3.650212912812318e-09  1.067877210581482e-08 
 1.096478196143162e+07  2.021957316562408e-08  6.313876433393300e-09  1.683188740750442e-08  6.176054465153207e-11  3.623672245495115e-09  1.060112684545715e-08 
 1.122018454301939e+07  2.006791141205136e-08  6.313876434201303e-09  1.670563580005141e-08  6.129806009371835e-11  3.596492022932851e-09  1.052161055327514e-08 
 1.148153621496858e+07  1.991270371655753e-08  6.313876435047386e-09  1.657643235497202e-08  6.082476841873255e-11  3.568676310611115e-09  1.044023512293047e-08 
 1.174897554939504e+07  1.975398004550105e-08  6.313876435933347e-09  1.644430201791359e-08  6.034076157250347e-11  3.540230478982300e-09  1.035701626579172e-08 
 1.202264434617387e+07  1.959177778307860e-08  6.313876436861058e-09  1.630927590954102e-08  5.984615415004805e-11  3.511161227894552e-09  1.027197358240180e-08 
 1.230268770812355e+07  1.942614183362938e-08  6.313876437832491e-09  1.617139141070047e-08  5.934108370761389e-11  3.481476604926339e-09  1.018513061611601e-08 
 1.258925411794140e+07  1.925712468779052e-08  6.313876438849711e-09  1.603069221749070e-08  5.882571096453072e-11  3.451186017242558e-09  1.009651488778743e-08 
 1.288249551693106e+07  1.908478645064090e-08  6.313876439914865e-09  1.588722836469166e-08  5.830021988900204e-11  3.420300236638375e-09  1.000615791052268e-08 
 1.318256738556379e+07  1.890919483028863e-08  6.313876441030221e-09  1.574105621626399e-08  5.776481766320212e-11  3.388831397493904e-09  9.914095183698362e-09 
 1.348962882591625e+07  1.873042508571037e-08  6.313876442198141e-09  1.559223842192762e-08  5.721973452402458e-11  3.356792987426174e-09  9.820366165613164e-09 
 1.380384264602855e+07  1.854855993303525e-08  6.313876443421105e-09  1.544084383914736e-08  5.666522347693624e-11  3.324199830493722e-09  9.725014224352550e-09 
 1.412537544622724e+07  1.836368940987461e-08  6.313876444701705e-09  1.528694742019346e-08  5.610155988189140e-11  3.291068062882272e-09  9.628086566656771e-09 
 1.445439770745896e+07  1.817591069772739e-08  6.313876446042657e-09  1.513063006430208e-08  5.552904091118298e-11  3.257415101076964e-09  9.529634144807997e-09 
 1.479108388168175e+07  1.798532790293151e-08  6.313876447446806e-09  1.497197843532714e-08  5.494798488087973e-11  3.223259602605291e-09  9.429711541783042e-09 
 1.513561248436175e+07  1.779205179707727e-08  6.313876448917130e-09  1.481108474564613e-08  5.435873045850966e-11  3.188621419515032e-09  9.328376835152091e-09 
 1.548816618912448e+07  1.759619951824224e-08  6.313876450456752e-09  1.464804650745154e-08  5.376163575116560e-11  3.153521544830732e-09  9.225691440436053e-09 
 1.584893192461079e+07  1.739789423483992e-08  6.313876452068932e-09  1.448296625291998e-08  5.315707727953751e-11  3.117982052309996e-09  9.121719934862348e-09 
 1.621810097358895e+07  1.719726477428953e-08  6.313876453757091e-09  1.431595122509638e-08  5.254544884461961e-11  3.082026029895137e-09  9.016529862676399e-09 
 1.659586907437524e+07  1.699444521910398e-08  6.313876455524809e-09  1.414711304165545e-08  5.192716029490624e-11  3.045677507325665e-09  8.910191523370456e-09 
 1.698243652461707e+07  1.678957447335003e-08  6.313876457375840e-09  1.397656733399908e-08  5.130263620329791e-11  3.008961378440972e-09  8.802777744378542e-09 
 1.737800828749337e+07  1.658279580275294e-08  6.313876459314106e-09  1.380443336441418e-08  5.067231446348903e-11  2.971903318759708e-09  8.694363639953250e-09 
 1.778279410038884e+07  1.637425635199188e-08  6.313876461343721e-09  1.363083362424276e-08  5.003664481680506e-11  2.934529698971358e-09  8.585026358083588e-09 
 1.819700858609944e+07  1.616410664295683e-08  6.313876463468988e-09  1.345589341620327e-08  4.939608732095703e-11  2.896867495015828e-09  8.474844817430964e-09 
 1.862087136662827e+07  1.595250005790994e-08  6.313876465694413e-09  1.327974042414567e-08  4.875111077272238e-11  2.858944195457651e-09  8.363899436350582e-09 
 1.905460717963205e+07  1.573959231161122e-08  6.313876468024722e-09  1.310250427361966e-08  4.810219109698647e-11  2.820787706882432e-09  8.252271856126794e-09 
 1.949844599758003e+07  1.552554091652883e-08  6.313876470464854e-09  1.292431608668633e-08  4.744980971468044e-11  2.782426258053947e-09  8.140044660582751e-09 
 1.995262314968836e+07  1.531050464525877e-08  6.313876473019986e-09  1.274530803440664e-08  4.679445190225883e-11  2.743888303571114e-09  8.027301094226923e-09 
 2.041737944669485e+07  1.509464299422749e-08  6.313876475695538e-09  1.256561289039787e-08  4.613660515508106e-11  2.705202427754887e-09  7.914124781072254e-09 
 2.089296130853994e+07  1.487811565264715e-08  6.313876478497186e-09  1.238536358876271e-08  4.547675756686045e-11  2.666397249476500e-09  7.800599446209267e-09 
 2.137962089502185e+07  1.466108198053944e-08  6.313876481430868e-09  1.220469278956755e-08  4.481539623681414e-11  2.627501328610975e-09  7.686808642133862e-09 
 2.187761623949505e+07  1.444370049944508e-08  6.313876484502813e-09  1.202373245488092e-08  4.415300571555740e-11  2.588543074764053e-09  7.572835481726157e-09 
 2.238721138568290e+07  1.422612839919623e-08  6.313876487719535e-09  1.184261343818368e-08  4.349006650003891e-11  2.549550658877909e-09  7.458762379651181e-09 
 2.290867652767723e+07  1.400852106385488e-08  6.313876491087857e-09  1.166146508973400e-08  4.282705358699388e-11  2.510551928271688e-09  7.344670803808238e-09 
 2.344228815319870e+07  1.379103161961671e-08  6.313876494614918e-09  1.148041488021761e-08  4.216443509346059e-11  2.471574325618620e-09  7.230641038296820e-09 
 2.398832919019438e+07  1.357381050715434e-08  6.313876498308210e-09  1.129958804474268e-08  4.150267095190346e-11  2.432644812303055e-09  7.116751959196045e-09 
 2.454708915684976e+07  1.335700508053137e-08  6.313876502175558e-09  1.111910724895384e-08  4.084221168646398e-11  2.393789796539417e-09  7.003080824275224e-09 
 2.511886431509525e+07  1.314075923446722e-08  6.313876506225172e-09  1.093909227874681e-08  4.018349727573111e-11  2.355035066572084e-09  6.889703077568728e-09 
 2.570395782768807e+07  1.292521306137698e-08  6.313876510465635e-09  1.075965975476949e-08  3.952695610644422e-11  2.316405729211407e-09  6.776692169561880e-09 
 2.630267991895324e+07  1.271050253925707e-08  6.313876514905946e-09  1.058092287260078e-08  3.887300402131299e-11  2.277926153897821e-09  6.664119393549362e-09 
 2.691534803926856e+07  1.249675925114185e-08  6.313876519555522e-09  1.040299116921075e-08  3.822204346323908e-11  2.239619922423949e-09  6.552053738546231e-09 
 2.754228703338105e+07  1.228411013652260e-08  6.313876524424224e-09  1.022597031602815e-08  3.757446271710511e-11  2.201509784384903e-09  6.440561758956860e-09 
 2.818382931264391e+07  1.207267727480370e-08  6.313876529522385e-09  1.004996193867733e-08  3.693063524931251e-11  2.163617618370143e-09  6.329707461040920e-09 
 2.884031503126542e+07  1.186257770057370e-08  6.313876534860813e-09  9.875063463199743e-09  3.629091914450529e-11  2.125964398857086e-09  6.219552206060004e-09 
 2.951209226666320e+07  1.165392325019596e-08  6.313876540450833e-09  9.701367988347495e-09  3.565565663782126e-11  2.088570168717694e-09  6.110154629845034e-09 
 3.019951720401949e+07  1.144682043897484e-08  6.313876546304301e-09  9.528964183329740e-09  3.502517374052123e-11  2.051454017204671e-09  6.001570578394492e-09 
 3.090295432513522e+07  1.124137036793246e-08  6.313876552433636e-09  9.357936210208485e-09  3.439977995597725e-11  2.014634063244362e-09  5.893853058997426e-09 
 3.162277660168309e+07  1.103766865903757e-08  6.313876558851841e-09  9.188363669979542e-09  3.377976808250827e-11  1.978127443828734e-09  5.787052206273951e-09 
 3.235936569296210e+07  1.083580541756305e-08  6.313876565572521e-09  9.020321571236826e-09  3.316541409902948e-11  1.941950307269221e-09  5.681215262439271e-09 
 3.311311214825837e+07  1.063586522011162e-08  6.313876572609940e-09  8.853880320204311e-09  3.255697712903379e-11  1.906117811050756e-09  5.576386571025560e-09 
 3.388441561391950e+07  1.043792712673990e-08  6.313876579979022e-09  8.689105730828715e-09  3.195469947815076e-11  1.870644124004576e-09  5.472607583238600e-09 
 3.467368504525239e+07  1.024206471552783e-08  6.313876587695399e-09  8.526059053557073e-09  3.135880674016623e-11  1.835542432503638e-09  5.369916876082549e-09 
 3.548133892335676e+07  1.004834613788275e-08  6.313876595775437e-09  8.364797021374806e-09  3.076950796639989e-11  1.800824950373980e-09  5.268350181355872e-09 
 3.630780547700933e+07  9.856834192832586e-09  6.313876604236272e-09  8.205371911651533e-09  3.018699589295779e-11  1.766502932209264e-09  5.167940424603279e-09 
 3.715352290971643e+07  9.667586418549843e-09  6.313876613095859e-09  8.047831622330655e-09  2.961144722064373e-11  1.732586689773342e-09  5.068717773101778e-09 
 3.801893963205528e+07  9.480655199354455e-09  6.313876622372981e-09  7.892219761004432e-09  2.904302294206762e-11  1.699085611176883e-09  4.970709691962294e-09 
 3.890451449942719e+07  9.296087886467581e-09  6.313876632087326e-09  7.738575745436094e-09  2.848186871073670e-11  1.666008182518394e-09  4.873941007440900e-09 
 3.981071705534884e+07  9.113926930827559e-09  6.313876642259489e-09  7.586934914123164e-09  2.792811524696785e-11  1.633362011686971e-09  4.778433976574275e-09 
 4.073802778041036e+07  8.934210026331784e-09  6.313876652911053e-09  7.437328645539899e-09  2.738187877558515e-11  1.601153854033545e-09  4.684208362281429e-09 
 4.168693834703261e+07  8.756970261931538e-09  6.313876664064608e-09  7.289784484749402e-09  2.684326149067200e-11  1.569389639628717e-09  4.591281513107075e-09 
 4.265795188015831e+07  8.582236281079555e-09  6.313876675743816e-09  7.144326276136566e-09  2.631235204272161e-11  1.538074501838319e-09  4.499668446820014e-09 
 4.365158322401562e+07  8.410032447109598e-09  6.313876687973446e-09  7.000974301079151e-09  2.578922604391441e-11  1.507212806962097e-09  4.409381937121691e-09 
 4.466835921509531e+07  8.240379013212695e-09  6.313876700779442e-09  6.859745419445372e-09  2.527394658738551e-11  1.476808184696176e-09  4.320432602764767e-09 
 4.570881896148648e+07  8.073292295763311e-09  6.313876714188966e-09  6.720653213880158e-09  2.476656477673955e-11  1.446863559195897e-09  4.232828998428082e-09 
 4.677351412871877e+07  7.908784849840225e-09  6.313876728230463e-09  6.583708135918402e-09  2.426712026223097e-11  1.417381180531973e-09  4.146577706742281e-09 
 4.786300923226276e+07  7.746865645878790e-09  6.313876742933713e-09  6.448917653040049e-09  2.377564178038215e-11  1.388362656349414e-09  4.061683430908637e-09 
 4.897788193684352e+07  7.587540246483438e-09  6.313876758329906e-09  6.316286395858559e-09  2.329214769409859e-11  1.359808983555168e-09  3.978149087401892e-09 
 5.011872336272611e+07  7.430810982519960e-09  6.313876774451699e-09  6.185816304709836e-09  2.281664653054956e-11  1.331720579876681e-09  3.895975898295474e-09 
 5.128613839913534e+07  7.276677127695829e-09  6.313876791333286e-09  6.057506774982508e-09  2.234913751442680e-11  1.304097315149498e-09  3.815163482794004e-09 
 5.248074602497608e+07  7.125135070922813e-09  6.313876809010483e-09  5.931354800602068e-09  2.188961109441705e-11  1.276938542207410e-09  3.735709947603052e-09 
 5.370317963702407e+07  6.976178485838521e-09  6.313876827520779e-09  5.807355115149952e-09  2.143804946098035e-11  1.250243127263437e-09  3.657611975809323e-09 
 5.495408738576122e+07  6.829798496942399e-09  6.313876846903438e-09  5.685500330164298e-09  2.099442705377791e-11  1.224009479684066e-09  3.580864913985799e-09 
 5.623413251903364e+07  6.685983841876000e-09  6.313876867199573e-09  5.565781070230993e-09  2.055871105729996e-11  1.198235581072484e-09  3.505462857275321e-09 
 5.754399373371439e+07  6.544721029447568e-09  6.313876888452235e-09  5.448186104532036e-09  2.013086188349006e-11  1.172919013589116e-09  3.431398732242909e-09 
 5.888436553555757e+07  6.405994493066218e-09  6.313876910706503e-09  5.332702474572616e-09  1.971083364032801e-11  1.148056987449497e-09  3.358664377321347e-09 
 6.025595860743441e+07  6.269786739311921e-09  6.313876934009582e-09  5.219315617858953e-09  1.929857458553382e-11  1.123646367550400e-09  3.287250620706457e-09 
 6.165950018614683e+07  6.136078491423344e-09  6.313876958410902e-09  5.108009487345479e-09  1.889402756472555e-11  1.099683699185157e-09  3.217147355587801e-09 
 6.309573444801790e+07  6.004848827537098e-09  6.313876983962220e-09  4.998766666512816e-09  1.849713043353426e-11  1.076165232818357e-09  3.148343612627558e-09 
 6.456542290346409e+07  5.876075313558657e-09  6.313877010717736e-09  4.891568479976842e-09  1.810781646328989e-11  1.053086947898441e-09  3.080827629624773e-09 
 6.606934480075811e+07  5.749734130587604e-09  6.313877038734200e-09  4.786395099564492e-09  1.772601473004258e-11  1.030444575694359e-09  3.014586918324443e-09 
 6.760829753919666e+07  5.625800196857951e-09  6.313877068071040e-09  4.683225645823604e-09  1.735165048680139e-11  1.008233621149231e-09  2.949608328350856e-09 
 6.918309709189209e+07  5.504247284188306e-09  6.313877098790480e-09  4.582038284962448e-09  1.698464551897854e-11  9.864493837500835e-10  2.885878108262440e-09 
 7.079457843841220e+07  5.385048128966804e-09  6.313877130957684e-09  4.482810321239701e-09  1.662491848308721e-11  9.650869774181342e-10  2.823381963741186e-09 
 7.244359600749739e+07  5.268174537722276e-09  6.313877164640879e-09  4.385518284847708e-09  1.627238522887439e-11  9.441413494288401e-10  2.762105112943639e-09 
 7.413102413009009e+07  5.153597487356206e-09  6.313877199911517e-09  4.290138015351076e-09  1.592695910509505e-11  9.236072983750701e-10  2.702032339052532e-09 
 7.585775750291668e+07  5.041287220130016e-09  6.313877236844405e-09  4.196644740759337e-09  1.558855124921141e-11  9.034794911903574e-10  2.643148040078646e-09 
 7.762471166286743e+07  4.931213333519221e-09  6.313877275517887e-09  4.105013152326483e-09  1.525707086137127e-11  8.837524792521983e-10  2.585436275971362e-09 
 7.943282347242635e+07  4.823344865060287e-09  6.313877316013993e-09  4.015217475182175e-09  1.493242546301515e-11  8.644207135879782e-10  2.528880813103882e-09 
 8.128305161640808e+07  4.717650372327932e-09  6.313877358418624e-09  3.927231534909248e-09  1.461452114056010e-11  8.454785592081832e-10  2.473465166205362e-09 
 8.317637711026521e+07  4.614098008190159e-09  6.313877402821722e-09  3.841028820190142e-09  1.430326277458225e-11  8.269203085933111e-10  2.419172637817125e-09 
 8.511380382023571e+07  4.512655591495884e-09  6.313877449317474e-09  3.756582541651186e-09  1.399855425496201e-11  8.087401943622303e-10  2.365986355354210e-09 
 8.709635899560608e+07  4.413290673355747e-09  6.313877498004501e-09  3.673865687038386e-09  1.370029868251231e-11  7.909324011507607e-10  2.313889305856417e-09 
 8.912509381337252e+07  4.315970599180790e-09  6.313877548986074e-09  3.592851072861842e-09  1.340839855752984e-11  7.734910767300052e-10  2.262864368515197e-09 
 9.120108393558890e+07  4.220662566646285e-09  6.313877602370333e-09  3.513511392648024e-09  1.312275595582789e-11  7.564103423943929e-10  2.212894345064101e-09 
 9.332543007969697e+07  4.127333679749305e-09  6.313877658270518e-09  3.435819261940273e-09  1.284327269272526e-11  7.396843026496661e-10  2.163961988121176e-09 
 9.549925860214141e+07  4.035950999128836e-09  6.313877716805194e-09  3.359747260188034e-09  1.256985047550752e-11  7.233070542310505e-10  2.116050027571816e-09 
 9.772372209557883e+07  3.946481588816424e-09  6.313877778098525e-09  3.285267969664657e-09  1.230239104487843e-11  7.072726944817203e-10  2.069141195080126e-09 
 9.999999999999771e+07  3.858892559583619e-09  6.313877842280518e-09  3.212354011552207e-09  1.204079630588283e-11  6.915753291213564e-10  2.023218246816013e-09 
 1.023292992280731e+08  3.773151109050120e-09  6.313877909487314e-09  3.140978079329680e-09  1.178496844880941e-11  6.762090794341675e-10  1.978263984483880e-09 
 1.047128548050875e+08  3.689224558713484e-09  6.313877979861469e-09  3.071112969598572e-09  1.153481006054454e-11  6.611680889052093e-10  1.934261274737320e-09 
 1.071519305237582e+08  3.607080388057625e-09  6.313878053552253e-09  3.002731610476667e-09  1.129022422686484e-11  6.464465293331720e-10  1.891193067062205e-09 
 1.096478196143160e+08  3.526686265893418e-09  6.313878130715976e-09  2.935807087687679e-09  1.105111462610832e-11  6.320386064471205e-10  1.849042410208579e-09 
 1.122018454301937e+08  3.448010079080310e-09  6.313878211516309e-09  2.870312668470700e-09  1.081738561468648e-11  6.179385650538654e-10  1.807792467249393e-09 
 1.148153621496856e+08  3.371019958773191e-09  6.313878296124644e-09  2.806221823429531e-09  1.058894230486733e-11  6.041406937418243e-10  1.767426529341759e-09 
 1.174897554939502e+08  3.295684304333992e-09  6.313878384720443e-09  2.743508246438013e-09  1.036569063523604e-11  5.906393291663607e-10  1.727928028263797e-09 
 1.202264434617385e+08  3.221971805042417e-09  6.313878477491633e-09  2.682145872713229e-09  1.014753743425108e-11  5.774288599406968e-10  1.689280547797580e-09 
 1.230268770812353e+08  3.149851459735126e-09  6.313878574634991e-09  2.622108895164234e-09  9.934390477264528e-12  5.645037301555667e-10  1.651467834025961e-09 
 1.258925411794138e+08  3.079292594497525e-09  6.313878676356570e-09  2.563371779119674e-09  9.726158537398741e-12  5.518584425498695e-10  1.614473804608385e-09 
 1.288249551693104e+08  3.010264878527132e-09  6.313878782872135e-09  2.505909275533314e-09  9.522751430614862e-12  5.394875613536373e-10  1.578282557098052e-09 
 1.318256738556376e+08  2.942738338282314e-09  6.313878894407622e-09  2.449696432762223e-09  9.324080055318766e-12  5.273857148237141e-10  1.542878376360105e-09 
 1.348962882591622e+08  2.876683370025059e-09  6.313879011199610e-09  2.394708607008061e-09  9.130056426840528e-12  5.155475974916210e-10  1.508245741147809e-09 
 1.380384264602852e+08  2.812070750861396e-09  6.313879133495828e-09  2.340921471507723e-09  8.940593707081566e-12  5.039679721421744e-10  1.474369329891043e-09 
 1.412537544622721e+08  2.748871648378121e-09  6.313879261555686e-09  2.288311024555477e-09  8.755606229621943e-12  4.926416715405413e-10  1.441234025748839e-09 
 1.445439770745893e+08  2.687057628969574e-09  6.313879395650812e-09  2.236853596434622e-09  8.575009520593559e-12  4.815635999245287e-10  1.408824920975114e-09 
 1.479108388168172e+08  2.626600664943551e-09  6.313879536065643e-09  2.186525855332833e-09  8.398720315549610e-12  4.707287342780766e-10  1.377127320644300e-09 
 1.513561248436172e+08  2.567473140490755e-09  6.313879683098014e-09  2.137304812311453e-09  8.226656572613989e-12  4.601321254010767e-10  1.346126745781128e-09 
 1.548816618912444e+08  2.509647856597783e-09  6.313879837059799e-09  2.089167825395324e-09  8.058737482134830e-12  4.497688987898565e-10  1.315808935936510e-09 
 1.584893192461076e+08  2.453098034979268e-09  6.313879998277572e-09  2.042092602846115e-09  7.894883473075274e-12  4.396342553418821e-10  1.286159851249160e-09 
 1.621810097358891e+08  2.397797321100723e-09  6.313880167093298e-09  1.996057205678685e-09  7.735016216361887e-12  4.297234718974964e-10  1.257165674030473e-09 
 1.659586907437521e+08  2.343719786359523e-09  6.313880343865050e-09  1.951040049476657e-09  7.579058625389353e-12  4.200319016307853e-10  1.228812809908015e-09 
 1.698243652461704e+08  2.290839929487724e-09  6.313880528967788e-09  1.907019905560179e-09  7.426934853885668e-12  4.105549743009828e-10  1.201087888561018e-09 
 1.737800828749334e+08  2.239132677236632e-09  6.313880722794139e-09  1.863975901555796e-09  7.278570291319505e-12  4.012881963751549e-10  1.173977764079301e-09 
 1.778279410038880e+08  2.188573384399597e-09  6.313880925755231e-09  1.821887521415412e-09  7.133891556030787e-12  3.922271510322833e-10  1.147469514975225e-09 
 1.819700858609940e+08  2.139137833226084e-09  6.313881138281572e-09  1.780734604928520e-09  6.992826486248288e-12  3.833674980582530e-10  1.121550443876484e-09 
 1.862087136662823e+08  2.090802232276872e-09  6.313881360823954e-09  1.740497346769200e-09  6.855304129161846e-12  3.747049736406864e-10  1.096208076925889e-09 
 1.905460717963202e+08  2.043543214767193e-09  6.313881593854418e-09  1.701156295116836e-09  6.721254728205452e-12  3.662353900720025e-10  1.071430162912676e-09 
 1.949844599757999e+08  1.997337836441681e-09  6.313881837867252e-09  1.662692349887107e-09  6.590609708688854e-12  3.579546353685725e-10  1.047204672158335e-09 
 1.995262314968832e+08  1.952163573022269e-09  6.313882093380039e-09  1.625086760607458e-09  6.463301661935256e-12  3.498586728133382e-10  1.023519795178553e-09 
 2.041737944669480e+08  1.907998317267509e-09  6.313882360934747e-09  1.588321123969106e-09  6.339264328051129e-12  3.419435404287952e-10  1.000363941141403e-09 
 2.089296130853989e+08  1.864820375679352e-09  6.313882641098897e-09  1.552377381085571e-09  6.218432577465548e-12  3.342053503867894e-10  9.777257361407162e-10 
 2.137962089502181e+08  1.822608464891026e-09  6.313882934466749e-09  1.517237814485733e-09  6.100742391371483e-12  3.266402883611658e-10  9.555940213022409e-10 
 2.187761623949500e+08  1.781341707767442e-09  6.313883241660576e-09  1.482885044867583e-09  5.986130841183458e-12  3.192446128288951e-10  9.339578507390851e-10 
 2.238721138568285e+08  1.740999629247450e-09  6.313883563331966e-09  1.449302027637078e-09  5.874536067147635e-12  3.120146543249381e-10  9.128064893718142e-10 
 2.290867652767718e+08  1.701562151955298e-09  6.313883900163226e-09  1.416472049254861e-09  5.765897256209356e-12  3.049468146557439e-10  8.921294106275312e-10 
 2.344228815319865e+08  1.663009591606717e-09  6.313884252868819e-09  1.384378723412019e-09  5.660154619267891e-12  2.980375660759448e-10  8.719162940312915e-10 
 2.398832919019432e+08  1.625322652233365e-09  6.313884622196872e-09  1.353005987054638e-09  5.557249367920331e-12  2.912834504324972e-10  8.521570227022752e-10 
 2.454708915684971e+08  1.588482421247623e-09  6.313885008930774e-09  1.322338096275451e-09  5.457123690817645e-12  2.846810782802100e-10  8.328416807662582e-10 
 2.511886431509519e+08  1.552470364368224e-09  6.313885413890829e-09  1.292359622089637e-09  5.359720729736835e-12  2.782271279723340e-10  8.139605506951201e-10 
 2.570395782768801e+08  1.517268320425696e-09  6.313885837936010e-09  1.263055446110570e-09  5.264984555480822e-12  2.719183447296095e-10  7.955041105833345e-10 
 2.630267991895318e+08  1.482858496065217e-09  6.313886281965763e-09  1.234410756140172e-09  5.172860143711765e-12  2.657515396909301e-10  7.774630313706747e-10 
 2.691534803926850e+08  1.449223460363177e-09  6.313886746921929e-09  1.206411041687426e-09  5.083293350826394e-12  2.597235889485417e-10  7.598281740196792e-10 
 2.754228703338099e+08  1.416346139372552e-09  6.313887233790727e-09  1.179042089427626e-09  4.996230889974326e-12  2.538314325704810e-10  7.425905866557842e-10 
 2.818382931264385e+08  1.384209810610990e-09  6.313887743604867e-09  1.152289978613945e-09  4.911620307320032e-12  2.480720736127499e-10  7.257415016774303e-10 
 2.884031503126535e+08  1.352798097504495e-09  6.313888277445721e-09  1.126141076452034e-09  4.829409958656324e-12  2.424425771235309e-10  7.092723328428840e-10 
 2.951209226666313e+08  1.322094963798562e-09  6.313888836445618e-09  1.100582033447521e-09  4.749548986452578e-12  2.369400691415682e-10  6.931746723399922e-10 
 3.019951720401942e+08  1.292084707947669e-09  6.313889421790264e-09  1.075599778735504e-09  4.671987297447695e-12  2.315617356906715e-10  6.774402878445929e-10 
 3.090295432513515e+08  1.262751957493170e-09  6.313890034721237e-09  1.051181515400379e-09  4.596675540865863e-12  2.263048217721408e-10  6.620611195728432e-10 
 3.162277660168301e+08  1.234081663438794e-09  6.313890676538629e-09  1.027314715793680e-09  4.523565087351780e-12  2.211666303567609e-10  6.470292773322915e-10 
 3.235936569296203e+08  1.206059094632200e-09  6.313891348603804e-09  1.003987116856953e-09  4.452608008703331e-12  2.161445213778822e-10  6.323370375761262e-10 
 3.311311214825829e+08  1.178669832160302e-09  6.313892052342282e-09  9.811867154561013e-10  4.383757058480290e-12  2.112359107269697e-10  6.179768404646422e-10 
 3.388441561391942e+08  1.151899763765434e-09  6.313892789246765e-09  9.589017637330717e-10  4.316965653565862e-12  2.064382692528841e-10  6.039412869376346e-10 
 3.467368504525231e+08  1.125735078288754e-09  6.313893560880302e-09  9.371207644802195e-10  4.252187856742685e-12  2.017491217660485e-10  5.902231358010758e-10 
 3.548133892335666e+08  1.100162260146766e-09  6.313894368879603e-09  9.158324665422410e-10  4.189378360347409e-12  1.971660460485470e-10  5.768153008311524e-10 
 3.630780547700923e+08  1.075168083846241e-09  6.313895214958518e-09  8.950258602500685e-10  4.128492471055100e-12  1.926866718711056e-10  5.637108478984368e-10 
 3.715352290971633e+08  1.050739608542327e-09  6.313896100911663e-09  8.746901728907265e-10  4.069486095839324e-12  1.883086800178154e-10  5.509029921147069e-10 
 3.801893963205517e+08  1.026864172644201e-09  6.313897028618225e-09  8.548148642167499e-10  4.012315729144987e-12  1.840298013193722e-10  5.383850950046825e-10 
 3.890451449942709e+08  1.003529388472122e-09  6.313898000045958e-09  8.353896219984027e-10  3.956938441301462e-12  1.798478156955309e-10  5.261506617047194e-10 
 3.981071705534873e+08  9.807231369693778e-10  6.313899017255350e-09  8.164043576215903e-10  3.903311868195777e-12  1.757605512073972e-10  5.141933381902832e-10 
 4.073802778041025e+08  9.584335624722372e-10  6.313900082403995e-09  7.978492017340513e-10  3.851394202216112e-12  1.717658831201124e-10  5.025069085338307e-10 
 4.168693834703249e+08  9.366490675406422e-10  6.313901197751159e-09  7.797144999421226e-10  3.801144184462650e-12  1.678617329764271e-10  4.910852921945430e-10 
 4.265795188015819e+08  9.153583078520895e-10  6.313902365662598e-09  7.619908085600978e-10  3.752521098218729e-12  1.640460676815966e-10  4.799225413411849e-10 
 4.365158322401550e+08  8.945501871608108e-10  6.313903588615543e-09  7.446688904139476e-10  3.705484763661537e-12  1.603168985999804e-10  4.690128382092025e-10 
 4.466835921509519e+08  8.742138523241127e-10  6.313904869203977e-09  7.277397107009457e-10  3.659995533781016e-12  1.566722806636765e-10  4.583504924930312e-10 
 4.570881896148635e+08  8.543386883974595e-10  6.313906210144129e-09  7.111944329065198e-10  3.616014291470206e-12  1.531103114934761e-10  4.479299387744468e-10 
 4.677351412871864e+08  8.349143137996576e-10  6.313907614280233e-09  6.950244147794581e-10  3.573502447736371e-12  1.496291305323818e-10  4.377457339876705e-10 
 4.786300923226262e+08  8.159305755492680e-10  6.313909084590565e-09  6.792212043664099e-10  3.532421940976211e-12  1.462269181918898e-10  4.277925549218180e-10 
 4.897788193684338e+08  7.973775445731807e-10  6.313910624193754e-09  6.637765361064568e-10  3.492735237251258e-12  1.429018950112054e-10  4.180651957611845e-10 
 5.011872336272596e+08  7.792455110880936e-10  6.313912236355402e-09  6.486823269863725e-10  3.454405331487574e-12  1.396523208295241e-10  4.085585656637523e-10 
 5.128613839913518e+08  7.615249800554597e-10  6.313913924495005e-09  6.339306727570427e-10  3.417395749522277e-12  1.364764939714785e-10  3.992676863782189e-10 
 5.248074602497592e+08  7.442066667103262e-10  6.313915692193212e-09  6.195138442113937e-10  3.381670550910862e-12  1.333727504458283e-10  3.901876898997653e-10 
 5.370317963702390e+08  7.272814921643194e-10  6.313917543199410e-09  6.054242835240454e-10  3.347194332403855e-12  1.303394631574385e-10  3.813138161647007e-10 
 5.495408738576105e+08  7.107405790829183e-10  6.313919481439679e-09  5.916546006528039e-10  3.313932232000445e-12  1.273750411325699e-10  3.726414107840551e-10 
 5.623413251903347e+08  6.945752474370216e-10  6.313921511025121e-09  5.781975698020016e-10  3.281849933479394e-12  1.244779287574858e-10  3.641659228161250e-10 
 5.754399373371422e+08  6.787770103287124e-10  6.313923636260584e-09  5.650461259475991e-10  3.250913671310916e-12  1.216466050303544e-10  3.558829025779203e-10 
 5.888436553555739e+08  6.633375698910122e-10  6.313925861653775e-09  5.521933614238842e-10  3.221090235848625e-12  1.188795828264123e-10  3.477879994954048e-10 
 6.025595860743423e+08  6.482488132613360e-10  6.313928191924836e-09  5.396325225715183e-10  3.192346978701430e-12  1.161754081763354e-10  3.398769599923770e-10 
 6.165950018614663e+08  6.335028086282635e-10  6.313930632016346e-09  5.273570064466164e-10  3.164651818190682e-12  1.135326595577492e-10  3.321456254177909e-10 
 6.309573444801769e+08  6.190918013511698e-10  6.313933187103809e-09  5.153603575904799e-10  3.137973244793431e-12  1.109499471997971e-10  3.245899300112778e-10 
 6.456542290346388e+08  6.050082101521950e-10  6.313935862606619e-09  5.036362648595442e-10  3.112280326483886e-12  1.084259124006725e-10  3.172058989065946e-10 
 6.606934480075788e+08  5.912446233799576e-10  6.313938664199563e-09  4.921785583150523e-10  3.087542713881756e-12  1.059592268580078e-10  3.099896461726872e-10 
 6.760829753919642e+08  5.777937953443734e-10  6.313941597824852e-09  4.809812061719171e-10  3.063730645127732e-12  1.035485920120070e-10  3.029373728920358e-10 
 6.918309709189185e+08  5.646486427218816e-10  6.313944669704724e-09  4.700383118061961e-10  3.040814950406697e-12  1.011927384011969e-10  2.960453652759128e-10 
 7.079457843841195e+08  5.518022410303373e-10  6.313947886354632e-09  4.593441108205561e-10  3.018767056050328e-12  9.889042503066157e-11  2.893099928161685e-10 
 7.244359600749712e+08  5.392478211727934e-10  6.313951254597070e-09  4.488929681670882e-10  2.997558988153140e-12  9.664043875262487e-11  2.827277064731350e-10 
 7.413102413008982e+08  5.269787660493564e-10  6.313954781576035e-09  4.386793753267874e-10  2.977163375645801e-12  9.444159365923104e-11  2.762950368992201e-10 
 7.585775750291640e+08  5.149886072362631e-10  6.313958474772180e-09  4.286979475449901e-10  2.957553452777205e-12  9.229273048737291e-11  2.700085926977475e-10 
 7.762471166286714e+08  5.032710217313158e-10  6.313962342018670e-09  4.189434211220530e-10  2.938703060960218e-12  9.019271603541251e-11  2.638650587165865e-10 
 7.943282347242607e+08  4.918198287647680e-10  6.313966391517798e-09  4.094106507585131e-10  2.920586649950361e-12  8.814044259163087e-11  2.578611943760986e-10 
 8.128305161640779e+08  4.806289866747509e-10  6.313970631858382e-09  4.000946069539755e-10  2.903179278327086e-12  8.613482737424447e-11  2.519938320309222e-10 
 8.317637711026491e+08  4.696925898463000e-10  6.313975072033956e-09  3.909903734589443e-10  2.886456613260025e-12  8.417481198281968e-11  2.462598753651041e-10 
 8.511380382023541e+08  4.590048657130400e-10  6.313979721461873e-09  3.820931447788114e-10  2.870394929545922e-12  8.225936186091641e-11  2.406562978200808e-10 
 8.709635899560577e+08  4.485601718205646e-10  6.313984590003246e-09  3.733982237292047e-10  2.854971107911011e-12  8.038746576978799e-11  2.351801410550079e-10 
 8.912509381337219e+08  4.383529929505393e-10  6.313989687983864e-09  3.649010190418819e-10  2.840162632579926e-12  7.855813527296372e-11  2.298285134389266e-10 
 9.120108393558856e+08  4.283779383045594e-10  6.313995026216092e-09  3.565970430203689e-10  2.825947588116230e-12  7.677040423153988e-11  2.245985885742589e-10 
 9.332543007969663e+08  4.186297387467754e-10  6.314000616021789e-09  3.484819092445164e-10  2.812304655547431e-12  7.502332831000280e-11  2.194876038511150e-10 
 9.549925860214106e+08  4.091032441043053e-10  6.314006469256313e-09  3.405513303231612e-10  2.799213107792382e-12  7.331598449240789e-11  2.144928590318989e-10 
 9.772372209557847e+08  3.997934205244515e-10  6.314012598333660e-09  3.328011156940743e-10  2.786652804410451e-12  7.164747060873899e-11  2.096117148656961e-10 
 9.999999999999734e+08  3.906953478877346e-10  6.314019016252782e-09  3.252271694703708e-10  2.774604185700993e-12  7.001690487127009e-11  2.048415917319256e-10 
 1.023292992280727e+09  3.818042172757638e-10  6.314025736625142e-09  3.178254883325697e-10  2.763048266180153e-12  6.842342542075518e-11  2.001799683127445e-10 
 1.047128548050872e+09  3.731153284929667e-10  6.314032773703573e-09  3.105921594654865e-10  2.751966627468065e-12  6.686618988226965e-11  1.956243802936888e-10 
 1.071519305237578e+09  3.646240876412002e-10  6.314040142412500e-09  3.035233585391467e-10  2.741341410621435e-12  6.534437493052898e-11  1.911724190920414e-10 
 1.096478196143156e+09  3.563260047462781e-10  6.314047858379559e-09  2.966153477329146e-10  2.731155307947805e-12  6.385717586451108e-11  1.868217306124198e-10 
 1.122018454301933e+09  3.482166914354481e-10  6.314055937968751e-09  2.898644738020358e-10  2.721391554339333e-12  6.240380619120970e-11  1.825700140290758e-10 
 1.148153621496852e+09  3.402918586648686e-10  6.314064398315105e-09  2.832671661857996e-10  2.712033918166379e-12  6.098349721834780e-11  1.784150205944107e-10 
 1.174897554939498e+09  3.325473144961325e-10  6.314073257361022e-09  2.768199351565301e-10  2.703066691769688e-12  5.959549765588104e-11  1.743545524732058e-10 
 1.202264434617381e+09  3.249789619209042e-10  6.314082533894288e-09  2.705193700086268e-10  2.694474681592299e-12  5.823907322612353e-11  1.703864616020789e-10 
 1.230268770812348e+09  3.175827967327389e-10  6.314092247587911e-09  2.643621372868820e-10  2.686243197990585e-12  5.691350628232879e-11  1.665086485736774e-10 
 1.258925411794133e+09  3.103549054451668e-10  6.314102419041803e-09  2.583449790533105e-10  2.678358044764498e-12  5.561809543556225e-11  1.627190615451299e-10 
 1.288249551693099e+09  3.032914632551336e-10  6.314113069826456e-09  2.524647111917319e-10  2.670805508445945e-12  5.435215518970149e-11  1.590156951702758e-10 
 1.318256738556371e+09  2.963887320509002e-10  6.314124222528647e-09  2.467182217493663e-10  2.663572347383150e-12  5.311501558440452e-11  1.553965895552073e-10 
 1.348962882591617e+09  2.896430584635165e-10  6.314135900799316e-09  2.411024693146971e-10  2.656645780658344e-12  5.190602184588625e-11  1.518598292366552e-10 
 1.380384264602847e+09  2.830508719609951e-10  6.314148129403660e-09  2.356144814308811e-10  2.650013476873936e-12  5.072453404534762e-11  1.484035421827640e-10 
 1.412537544622716e+09  2.766086829843238e-10  6.314160934273649e-09  2.302513530439845e-10  2.643663542841348e-12  4.956992676490224e-11  1.450258988158014e-10 
 1.445439770745888e+09  2.703130811244657e-10  6.314174342562954e-09  2.250102449853377e-10  2.637584512205308e-12  4.844158877084846e-11  1.417251110563590e-10 
 1.479108388168167e+09  2.641607333395124e-10  6.314188382704484e-09  2.198883824873139e-10  2.631765334033795e-12  4.733892269413705e-11  1.384994313886047e-10 
 1.513561248436167e+09  2.581483822111638e-10  6.314203084470634e-09  2.148830537318440e-10  2.626195361403273e-12  4.626134471788649e-11  1.353471519461537e-10 
 1.548816618912439e+09  2.522728442397239e-10  6.314218479036363e-09  2.099916084309913e-10  2.620864340005742e-12  4.520828427180048e-11  1.322666036181340e-10 
 1.584893192461070e+09  2.465310081768138e-10  6.314234599045236e-09  2.052114564389241e-10  2.615762396803435e-12  4.417918373334468e-11  1.292561551750269e-10 
 1.621810097358885e+09  2.409198333950163e-10  6.314251478678583e-09  2.005400663946282e-10  2.610880028754382e-12  4.317349813554173e-11  1.263142124138704e-10 
 1.659586907437515e+09  2.354363482936795e-10  6.314269153727895e-09  1.959749643947195e-10  2.606208091630478e-12  4.219069488124598e-11  1.234392173224211e-10 
 1.698243652461697e+09  2.300776487401199e-10  6.314287661670650e-09  1.915137326957230e-10  2.601737788947764e-12  4.123025346376222e-11  1.206296472618760e-10 
 1.737800828749327e+09  2.248408965454773e-10  6.314307041749687e-09  1.871540084451952e-10  2.597460661027199e-12  4.029166519367387e-11  1.178840141677621e-10 
 1.778279410038874e+09  2.197233179744904e-10  6.314327335056311e-09  1.828934824410824e-10  2.593368574201815e-12  3.937443293175009e-11  1.152008637686105e-10 
 1.819700858609933e+09  2.147222022884708e-10  6.314348584617325e-09  1.787298979187129e-10  2.589453710185117e-12  3.847807082780179e-11  1.125787748220371e-10 
 1.862087136662816e+09  2.098349003207675e-10  6.314370835486138e-09  1.746610493648339e-10  2.585708555613587e-12  3.760210406536044e-11  1.100163583678569e-10 
 1.905460717963194e+09  2.050588230840294e-10  6.314394134838150e-09  1.706847813581167e-10  2.582125891774580e-12  3.674606861205476e-11  1.075122569978714e-10 
 1.949844599757991e+09  2.003914404085825e-10  6.314418532070661e-09  1.667989874355614e-10  2.578698784529709e-12  3.590951097556327e-11  1.050651441419678e-10 
 1.995262314968824e+09  1.958302796112522e-10  6.314444078907418e-09  1.630016089842426e-10  2.575420574442165e-12  3.509198796502272e-11  1.026737233701825e-10 
 2.041737944669473e+09  1.913729241939765e-10  6.314470829508124e-09  1.592906341578539e-10  2.572284867115116e-12  3.429306645777484e-11  1.003367277103816e-10 
 2.089296130853981e+09  1.870170125715625e-10  6.314498840583076e-09  1.556640968175095e-10  2.569285523747225e-12  3.351232317133577e-11  9.805291898122362e-11 
 2.137962089502173e+09  1.827602368279594e-10  6.314528171513174e-09  1.521200754962818e-10  2.566416651909961e-12  3.274934444047536e-11  9.582108714007195e-11 
 2.187761623949492e+09  1.786003415004243e-10  6.314558884475614e-09  1.486566923869570e-10  2.563672596550511e-12  3.200372599929483e-11  9.364004964553140e-11 
 2.238721138568277e+09  1.745351223909761e-10  6.314591044575418e-09  1.452721123525041e-10  2.561047931222910e-12  3.127507276819449e-11  9.150865083429293e-11 
 2.290867652767709e+09  1.705624254045410e-10  6.314624719983210e-09  1.419645419587604e-10  2.558537449549108e-12  3.056299864562438e-11  8.942576131197192e-11 
 2.344228815319856e+09  1.666801454132080e-10  6.314659982079414e-09  1.387322285288503e-10  2.556136156910985e-12  2.986712630451368e-11  8.739027735763607e-11 
 2.398832919019423e+09  1.628862251460200e-10  6.314696905605248e-09  1.355734592188588e-10  2.553839262373287e-12  2.918708699327601e-11  8.540112034172181e-11 
 2.454708915684961e+09  1.591786541037428e-10  6.314735568820800e-09  1.324865601142949e-10  2.551642170837005e-12  2.852252034129050e-11  8.345723615704637e-11 
 2.511886431509510e+09  1.555554674980613e-10  6.314776053670516e-09  1.294698953468874e-10  2.549540475421819e-12  2.787307416876020e-11  8.155759466262724e-11 
 2.570395782768792e+09  1.520147452146661e-10  6.314818445956460e-09  1.265218662312656e-10  2.547529950075808e-12  2.723840430085132e-11  7.970118914002728e-11 
 2.630267991895308e+09  1.485546107997041e-10  6.314862835519714e-09  1.236409104210864e-10  2.545606542410044e-12  2.661817438601908e-11  7.788703576194928e-11 
 2.691534803926840e+09  1.451732304690763e-10  6.314909316430261e-09  1.208255010841779e-10  2.543766366755264e-12  2.601205571842759e-11  7.611417307280978e-11 
 2.754228703338089e+09  1.418688121400781e-10  6.314957987185801e-09  1.180741460962800e-10  2.542005697437176e-12  2.541972706437332e-11  7.438166148102669e-11 
 2.818382931264374e+09  1.386396044848878e-10  6.315008950919871e-09  1.153853872529689e-10  2.540320962266978e-12  2.484087449262339e-11  7.268858276276216e-11 
 2.884031503126524e+09  1.354838960054187e-10  6.315062315619722e-09  1.127577994993635e-10  2.538708736242935e-12  2.427519120858197e-11  7.103403957686599e-11 
 2.951209226666302e+09  1.324000141290601e-10  6.315118194354418e-09  1.101899901772179e-10  2.537165735458839e-12  2.372237739219976e-11  6.941715499077156e-11 
 3.019951720401930e+09  1.293863243248441e-10  6.315176705513618e-09  1.076805982890146e-10  2.535688811214841e-12  2.318214003954337e-11  6.783707201710061e-11 
 3.090295432513503e+09  1.264412292395829e-10  6.315237973057515e-09  1.052282937786789e-10  2.534274944325936e-12  2.265419280794321e-11  6.629295316073873e-11 
 3.162277660168289e+09  1.235631678535325e-10  6.315302126778528e-09  1.028317768285458e-10  2.532921239623244e-12  2.213825586464000e-11  6.478397997614843e-11 
 3.235936569296190e+09  1.207506146551465e-10  6.315369302575208e-09  1.004897771722149e-10  2.531624920643022e-12  2.163405573885217e-11  6.330935263469133e-11 
 3.311311214825816e+09  1.180020788344958e-10  6.315439642738960e-09  9.820105342294146e-11  2.530383324498319e-12  2.114132517718756e-11  6.186828950173650e-11 
 3.388441561391928e+09  1.153161034949358e-10  6.315513296254204e-09  9.596439241721420e-11  2.529193896928059e-12  2.065980300232487e-11  6.046002672333629e-11 
 3.467368504525217e+09  1.126912648826135e-10  6.315590419112548e-09  9.377860857318122e-11  2.528054187518191e-12  2.018923397489166e-11  5.908381782225545e-11 
 3.548133892335652e+09  1.101261716334160e-10  6.315671174641655e-09  9.164254326359202e-11  2.526961845089684e-12  1.972936865846740e-11  5.773893330314485e-11 
 3.630780547700909e+09  1.076194640369695e-10  6.315755733849473e-09  8.955506420293016e-11  2.525914613247921e-12  1.927996328764164e-11  5.642466026665459e-11 
 3.715352290971618e+09  1.051698133173063e-10  6.315844275784561e-09  8.751506484841871e-11  2.524910326088202e-12  1.884077963905875e-11  5.514030203228644e-11 
 3.801893963205502e+09  1.027759209298275e-10  6.315936987913214e-09  8.552146381458730e-11  2.523946904051961e-12  1.841158490538231e-11  5.388517776978954e-11 
 3.890451449942693e+09  1.004365178741937e-10  6.316034066514195e-09  8.357320430109641e-11  2.523022349928369e-12  1.799215157211360e-11  5.265862213890791e-11 
 3.981071705534857e+09  9.815036402278776e-11  6.316135717091889e-09  8.166925353352138e-11  2.522134744996088e-12  1.758225729720014e-11  5.145998493729173e-11 
 4.073802778041009e+09  9.591624746439952e-11  6.316242154808716e-09  7.980860221680479e-11  2.521282245299805e-12  1.718168479337148e-11  5.028863075638976e-11 
 4.168693834703233e+09  9.373298386278918e-11  6.316353604937673e-09  7.799026400109227e-11  2.520463078056485e-12  1.679022171314116e-11  4.914393864514264e-11 
 4.265795188015802e+09  9.159941582979602e-11  6.316470303335986e-09  7.621327495967350e-11  2.519675538186074e-12  1.640766053641450e-11  4.802530178130216e-11 
 4.365158322401532e+09  8.951441231266451e-11  6.316592496940796e-09  7.447669307875585e-11  2.518917984961661e-12  1.603379846064399e-11  4.693212715020481e-11 
 4.466835921509501e+09  8.747686799526730e-11  6.316720444287881e-09  7.277959775880386e-11  2.518188838774075e-12  1.566843729347458e-11  4.586383523083153e-11 
 4.570881896148617e+09  8.548570271291308e-11  6.316854416054528e-09  7.112108932718477e-11  2.517486578005978e-12  1.531138334782297e-11  4.481985968898974e-11 
 4.677351412871845e+09  8.353986088043206e-11  6.316994695627614e-09  6.950028856186475e-11  2.516809736010585e-12  1.496244733933597e-11  4.379964707745709e-11 
 4.786300923226243e+09  8.163831093324021e-11  6.317141579698058e-09  6.791633622590655e-11  2.516156898190303e-12  1.462144428617437e-11  4.280265654292976e-11 
 4.897788193684319e+09  7.978004478108935e-11  6.317295378882849e-09  6.636839261252562e-11  2.515526699170570e-12  1.428819341106971e-11  4.182835953962219e-11 
 5.011872336272576e+09  7.796407727421714e-11  6.317456418375938e-09  6.485563710046603e-11  2.514917820064269e-12  1.396251804560293e-11  4.087623954936769e-11 
 5.128613839913499e+09  7.618944568161617e-11  6.317625038629241e-09  6.337726771946328e-11  2.514328985822264e-12  1.364424553665446e-11  3.994579180807358e-11 
 5.248074602497573e+09  7.445520918114944e-11  6.317801596065200e-09  6.193250072556647e-11  2.513758962665591e-12  1.333320715497703e-11  3.903652303838696e-11 
 5.370317963702371e+09  7.276044836124403e-11  6.317986463822285e-09  6.052057018609743e-11  2.513206555594959e-12  1.302923800584302e-11  3.814795118843115e-11 
 5.495408738576085e+09  7.110426473390113e-11  6.318180032534927e-09  5.914072757402832e-11  2.512670605973331e-12  1.273217694171961e-11  3.727960517647529e-11 
 5.623413251903326e+09  6.948578025876723e-11  6.318382711149478e-09  5.779224137156623e-11  2.512149989177387e-12  1.244186647692604e-11  3.643102464140328e-11 
 5.754399373371401e+09  6.790413687801561e-11  6.318594927777783e-09  5.647439668273564e-11  2.511643612313772e-12  1.215815270422791e-11  3.560175969885050e-11 
 5.888436553555717e+09  6.635849606179412e-11  6.318817130590081e-09  5.518649485475601e-11  2.511150411996138e-12  1.188088521332505e-11  3.479137070288062e-11 
 6.025595860743402e+09  6.484803836399968e-11  6.319049788748975e-09  5.392785310801563e-11  2.510669352179029e-12  1.160991701118997e-11  3.399942801307657e-11 
 6.165950018614641e+09  6.337196298814644e-11  6.319293393386367e-09  5.269780417444764e-11  2.510199422044724e-12  1.134510444421524e-11  3.322551176692368e-11 
 6.309573444801747e+09  6.192948736309792e-11  6.319548458625205e-09  5.149569594411787e-11  2.509739633939304e-12  1.108630712212870e-11  3.246921165736458e-11 
 6.456542290346366e+09  6.051984672844138e-11  6.319815522648097e-09  5.032089111983957e-11  2.509289021354163e-12  1.083338784363684e-11  3.173012671540948e-11 
 6.606934480075767e+09  5.914229372928437e-11  6.320095148814844e-09  4.917276687963308e-11  2.508846636949368e-12  1.058621252375694e-11  3.100786509768656e-11 
 6.760829753919620e+09  5.779609802026092e-11  6.320387926831091e-09  4.805071454685354e-11  2.508411550615214e-12  1.034465012280017e-11  3.030204387882106e-11 
 6.918309709189162e+09  5.648054587853871e-11  6.320694473970307e-09  4.695413926781326e-11  2.507982847568527e-12  1.010857257696819e-11  2.961228884853350e-11 
 7.079457843841171e+09  5.519493982562248e-11  6.321015436351502e-09  4.588245969672943e-11  2.507559626480178e-12  9.877854730526595e-12  2.893823431334997e-11 
 7.244359600749688e+09  5.393859825775524e-11  6.321351490275075e-09  4.483510768783199e-11  2.507140997630441e-12  9.652374269520155e-12  2.827952290282020e-11 
 7.413102413008958e+09  5.271085508472133e-11  6.321703343619373e-09  4.381152799446951e-11  2.506726081088826e-12  9.432011656994346e-12  2.763580538014079e-11 
 7.585775750291615e+09  5.151105937686161e-11  6.322071737300586e-09  4.281117797505586e-11  2.506314004915069e-12  9.216650069689776e-12  2.700674045708419e-11 
 7.762471166286690e+09  5.033857502011386e-11  6.322457446798733e-09  4.183352730570253e-11  2.505903903378036e-12  9.006175336175872e-12  2.639199461313531e-11 
 7.943282347242582e+09  4.919278037889683e-11  6.322861283752601e-09  4.087805769938661e-11  2.505494915189331e-12  8.800475876391637e-12  2.579124191874065e-11 
 8.128305161640754e+09  4.807306796665964e-11  6.323284097626597e-09  3.994426263150662e-11  2.505086181748414e-12  8.599442642561591e-12  2.520416386257652e-11 
 8.317637711026465e+09  4.697884412392251e-11  6.323726777452580e-09  3.903164707168241e-11  2.504676845396133e-12  8.402969061456000e-12  2.463044918274499e-11 
 8.511380382023514e+09  4.590952870363920e-11  6.324190253649917e-09  3.813972722165904e-11  2.504266047673563e-12  8.210950977965181e-12  2.406979370180880e-11 
 8.709635899560549e+09  4.486455476371437e-11  6.324675499926988e-09  3.726803025917640e-11  2.503852927583106e-12  8.023286599958191e-12  2.352190016557767e-11 
 8.912509381337191e+09  4.384336826651391e-11  6.325183535267686e-09  3.641609408767173e-11  2.503436619848829e-12  7.839876444397209e-12  2.298647808556120e-11 
 9.120108393558826e+09  4.284542778520910e-11  6.325715426006378e-09  3.558346709168303e-11  2.503016253173079e-12  7.660623284679265e-12  2.246324358500481e-11 
 9.332543007969633e+09  4.187020421679961e-11  6.326272287995062e-09  3.476970789782627e-11  2.502590948486419e-12  7.485432099177942e-12  2.195191924842775e-11 
 9.549925860214075e+09  4.091718050166352e-11  6.326855288866514e-09  3.397438514122104e-11  2.502159817187962e-12  7.314210020958035e-12  2.145223397458313e-11 
 9.772372209557816e+09  3.998585134948598e-11  6.327465650397372e-09  3.319707723724320e-11  2.501721959373260e-12  7.146866288637051e-12  2.096392283276277e-11 
 9.999999999999702e+09  3.907572297142202e-11  6.328104650975242e-09  3.243737215848525e-11  2.501276462046877e-12  6.983312198367825e-12  2.048672692237054e-11 
 1.023292992280724e+10  3.818631281835121e-11  6.328773628173996e-09  3.169486721680841e-11  2.500822397316838e-12  6.823461056917386e-12  2.002039323569013e-11 
 1.047128548050868e+10  3.731714932508624e-11  6.329473981441668e-09  3.096916885037314e-11  2.500358820568221e-12  6.667228135817523e-12  1.956467452377452e-11 
 1.071519305237574e+10  3.646777166039998e-11  6.330207174905330e-09  3.025989241553740e-11  2.499884768613119e-12  6.514530626563377e-12  1.911932916538649e-11 
 1.096478196143152e+10  3.563772948273854e-11  6.330974740297646e-09  2.956666198351474e-11  2.499399257814311e-12  6.365287596836728e-12  1.868412103892045e-11 
 1.122018454301930e+10  3.482658270149132e-11  6.331778280009780e-09  2.888911014168711e-11  2.498901282180001e-12  6.219419947731378e-12  1.825881939723829e-11 
 1.148153621496848e+10  3.403390124369155e-11  6.332619470275555e-09  2.822687779946946e-11  2.498389811427018e-12  6.076850371958493e-12  1.784319874535260e-11 
 1.174897554939494e+10  3.325926482602403e-11  6.333500064491848e-09  2.757961399862630e-11  2.497863789009962e-12  5.937503313010363e-12  1.743703872089294e-11 
 1.202264434617377e+10  3.250226273201907e-11  6.334421896680360e-09  2.694697572794228e-11  2.497322130113814e-12  5.801304925261547e-12  1.704012397729152e-11 
 1.230268770812345e+10  3.176249359431490e-11  6.335386885096001e-09  2.632862774215188e-11  2.496763719607591e-12  5.668183034986939e-12  1.665224406962686e-11 
 1.258925411794130e+10  3.103956518187322e-11  6.336397035987243e-09  2.572424238503528e-11  2.496187409956759e-12  5.538067102276750e-12  1.627319334306466e-11 
 1.288249551693095e+10  3.033309419203518e-11  6.337454447513929e-09  2.513349941659016e-11  2.495592019092112e-12  5.410888183828989e-12  1.590277082383710e-11 
 1.318256738556368e+10  2.964270604730766e-11  6.338561313828110e-09  2.455608584419125e-11  2.494976328233017e-12  5.286578896600446e-12  1.554078011270271e-11 
 1.348962882591613e+10  2.896803469677207e-11  6.339719929323568e-09  2.399169575765195e-11  2.494339079662966e-12  5.165073382297762e-12  1.518702928083045e-11 
 1.380384264602843e+10  2.830872242201091e-11  6.340932693059800e-09  2.344003016810467e-11  2.493678974455536e-12  5.046307272690576e-12  1.484133076805293e-11 
 1.412537544622712e+10  2.766441964744860e-11  6.342202113366271e-09  2.290079685061830e-11  2.492994670148989e-12  4.930217655729256e-12  1.450350128343481e-11 
 1.445439770745884e+10  2.703478475500671e-11  6.343530812632825e-09  2.237371019047405e-11  2.492284778367868e-12  4.816743042450237e-12  1.417336170810382e-11 
 1.479108388168163e+10  2.641948390297496e-11  6.344921532292194e-09  2.185849103302264e-11  2.491547862390196e-12  4.705823334652348e-12  1.385073700029287e-11 
 1.513561248436163e+10  2.581819084900222e-11  6.346377138000498e-09  2.135486653704802e-11  2.490782434658980e-12  4.597399793328063e-12  1.353545610254305e-11 
 1.548816618912435e+10  2.523058677711350e-11  6.347900625021730e-09  2.086257003156491e-11  2.489986954237015e-12  4.491415007834010e-12  1.322735185101829e-11 
 1.584893192461066e+10  2.465636012866142e-11  6.349495123822168e-09  2.038134087597964e-11  2.489159824204218e-12  4.387812865785559e-12  1.292626088688373e-11 
 1.621810097358881e+10  2.409520643712236e-11  6.351163905880498e-09  1.991092432354552e-11  2.488299388996925e-12  4.286538523660663e-12  1.263202356970081e-11 
 1.659586907437510e+10  2.354682816664979e-11  6.352910389719528e-09  1.945107138804620e-11  2.487403931689000e-12  4.187538378098661e-12  1.234448389279321e-11 
 1.698243652461693e+10  2.301093455429917e-11  6.354738147165132e-09  1.900153871364250e-11  2.486471671214827e-12  4.090760037880123e-12  1.206348940053888e-11 
 1.737800828749323e+10  2.248724145584067e-11  6.356650909837943e-09  1.856208844781968e-11  2.485500759534683e-12  3.996152296574193e-12  1.178889110754425e-11 
 1.778279410038869e+10  2.197547119507794e-11  6.358652575883148e-09  1.813248811737463e-11  2.484489278743412e-12  3.903665105840376e-12  1.152054341965784e-11 
 1.819700858609929e+10  2.147535241659307e-11  6.360747216943446e-09  1.771251050738392e-11  2.483435238123700e-12  3.813249549372082e-12  1.125830405678153e-11 
 1.862087136662811e+10  2.098661994183957e-11  6.362939085379974e-09  1.730193354309562e-11  2.482336571145856e-12  3.724857817469596e-12  1.100203397743837e-11 
 1.905460717963190e+10  2.050901462850689e-11  6.365232621745682e-09  1.690054017468947e-11  2.481191132416393e-12  3.638443182230610e-12  1.075159730505727e-11 
 1.949844599757986e+10  2.004228323308210e-11  6.367632462515100e-09  1.650811826485205e-11  2.479996694578482e-12  3.553959973346740e-12  1.050686125593515e-11 
 1.995262314968819e+10  1.958617827653555e-11  6.370143448074163e-09  1.612446047911496e-11  2.478750945167839e-12  3.471363554494930e-12  1.026769606883874e-11 
 2.041737944669468e+10  1.914045791305933e-11  6.372770630972968e-09  1.574936417890591e-11  2.477451483428410e-12  3.390610300312895e-12  1.003397493620854e-11 
 2.089296130853976e+10  1.870488580178892e-11  6.375519284443915e-09  1.538263131726431e-11  2.476095817092972e-12  3.311657573948192e-12  9.805573936928435e-12 
 2.137962089502167e+10  1.827923098143973e-11  6.378394911186787e-09  1.502406833717422e-11  2.474681359134578e-12  3.234463705170799e-12  9.582371970625527e-12 
 2.187761623949486e+10  1.786326774779222e-11  6.381403252421584e-09  1.467348607246958e-11  2.473205424495740e-12  3.158987969039463e-12  9.364250693465215e-12 
 2.238721138568272e+10  1.745677553396037e-11  6.384550297208980e-09  1.433069965126758e-11  2.471665226803146e-12  3.085190565112325e-12  9.151094455407542e-12 
 2.290867652767703e+10  1.705953879337997e-11  6.387842292037177e-09  1.399552840188772e-11  2.470057875076893e-12  3.013032597192709e-12  8.942790238891612e-12 
 2.344228815319851e+10  1.667134688545476e-11  6.391285750672820e-09  1.366779576121566e-11  2.468380370444197e-12  2.942476053601221e-12  8.739227598915505e-12 
 2.398832919019417e+10  1.629199396379943e-11  6.394887464272256e-09  1.334732918547167e-11  2.466629602868950e-12  2.873483787965548e-12  8.540298604479994e-12 
 2.454708915684955e+10  1.592127886702039e-11  6.398654511748056e-09  1.303396006334526e-11  2.464802347909642e-12  2.806019500519688e-12  8.345897781364995e-12 
 2.511886431509503e+10  1.555900501197623e-11  6.402594270383948e-09  1.272752363145842e-11  2.462895263519710e-12  2.740047719904467e-12  8.155922056208455e-12 
 2.570395782768785e+10  1.520498028946126e-11  6.406714426689768e-09  1.242785889212081e-11  2.460904886905761e-12  2.675533785461522e-12  7.970270701858016e-12 
 2.630267991895301e+10  1.485901696225662e-11  6.411022987485784e-09  1.213480853334137e-11  2.458827631460791e-12  2.612443830013065e-12  7.788845283966487e-12 
 2.691534803926833e+10  1.452093156549514e-11  6.415528291203901e-09  1.184821885106137e-11  2.456659783791154e-12  2.550744763119900e-12  7.611549608802861e-12 
 2.754228703338082e+10  1.419054480928691e-11  6.420239019390621e-09  1.156793967357484e-11  2.454397500857827e-12  2.490404254810359e-12  7.438289672251164e-12 
 2.818382931264367e+10  1.386768148355388e-11  6.425164208394304e-09  1.129382428810246e-11  2.452036807254379e-12  2.431390719772864e-12  7.268973609970133e-12 
 2.884031503126517e+10  1.355217036502332e-11  6.430313261216287e-09  1.102572936948571e-11  2.449573592646037e-12  2.373673302004965e-12  7.103511648687313e-12 
 2.951209226666295e+10  1.324384412633055e-11  6.435695959502518e-09  1.076351491096791e-11  2.447003609396223e-12  2.317221859911673e-12  6.941816058601735e-12 
 3.019951720401923e+10  1.294253924718316e-11  6.441322475649014e-09  1.050704415702913e-11  2.444322470409117e-12  2.262006951845964e-12  6.783801106869960e-12 
 3.090295432513495e+10  1.264809592753938e-11  6.447203384990849e-09  1.025618353824133e-11  2.441525647218949e-12  2.207999822084233e-12  6.629383012150826e-12 
 3.162277660168282e+10  1.236035800275503e-11  6.453349678040725e-09  1.001080260811006e-11  2.438608468358987e-12  2.155172387229436e-12  6.478479900184816e-12 
 3.235936569296183e+10  1.207917286065406e-11  6.459772772738827e-09  9.770773981868067e-12  2.435566118045497e-12  2.103497223034466e-12  6.331011760384492e-12 
 3.311311214825809e+10  1.180439136047910e-11  6.466484526671458e-09  9.535973277185390e-12  2.432393635214255e-12  2.052947551638139e-12  6.186900403412997e-12 
 3.388441561391921e+10  1.153586775367912e-11  6.473497249211144e-09  9.306279056759317e-12  2.429085912949540e-12  2.003497229205892e-12  6.046069419728090e-12 
 3.467368504525209e+10  1.127345960649289e-11  6.480823713525890e-09  9.081572772746130e-12  2.425637698347923e-12  1.955120733967027e-12  5.908444139069839e-12 
 3.548133892335645e+10  1.101702772428727e-11  6.488477168399951e-09  8.861738712994655e-12  2.422043592861395e-12  1.907793154639846e-12  5.773951590870377e-12 
 3.630780547700901e+10  1.076643607761090e-11  6.496471349802833e-09  8.646663949039704e-12  2.418298053166680e-12  1.861490179235703e-12  5.642520465564827e-12 
 3.715352290971610e+10  1.052155172992466e-11  6.504820492137278e-09  8.436238285810990e-12  2.414395392609743e-12  1.816188084232382e-12  5.514081076782836e-12 
 3.801893963205494e+10  1.028224476697108e-11  6.513539339090681e-09  8.230354213010278e-12  2.410329783276462e-12  1.771863724106628e-12  5.388565324400705e-12 
 3.890451449942685e+10  1.004838822774614e-11  6.522643154007895e-09  8.028906858106495e-12  2.406095258742372e-12  1.728494521215029e-12  5.265906658434501e-12 
 3.981071705534849e+10  9.819858037037534e-12  6.532147729696360e-09  7.831793940894991e-12  2.401685717555982e-12  1.686058456011641e-12  5.146040043755045e-12 
 4.073802778041000e+10  9.596532939494659e-12  6.542069397567546e-09  7.638915729563160e-12  2.397094927511526e-12  1.644534057589933e-12  5.028901925606008e-12 
 4.168693834703224e+10  9.378294435196390e-12  6.552425036011130e-09  7.450174998200717e-12  2.392316530768147e-12  1.603900394535748e-12  4.914430195906950e-12 
 4.265795188015794e+10  9.165026716683453e-12  6.563232077890737e-09  7.265476985687842e-12  2.387344049873067e-12  1.564137066076918e-12  4.802564160323289e-12 
 4.365158322401524e+10  8.956616607423452e-12  6.574508517042423e-09  7.084729355889981e-12  2.382170894746647e-12  1.525224193514198e-12  4.693244506085876e-12 
 4.466835921509492e+10  8.752953501677081e-12  6.586272913648801e-09  6.907842159082371e-12  2.376790370686883e-12  1.487142411916937e-12  4.586413270543034e-12 
 4.570881896148608e+10  8.553929305735189e-12  6.598544398353971e-09  6.734727794522022e-12  2.371195687450080e-12  1.449872862065803e-12  4.482013810428423e-12 
 4.677351412871836e+10  8.359438380497100e-12  6.611342674976058e-09  6.565300974078899e-12  2.365379969462894e-12  1.413397182623532e-12  4.379990771828433e-12 
 4.786300923226234e+10  8.169377485361348e-12  6.624688021666239e-09  6.399478686831935e-12  2.359336267218744e-12  1.377697502513409e-12  4.280290060833183e-12 
 4.897788193684309e+10  7.983645723400940e-12  6.638601290355035e-09  6.237180164529272e-12  2.353057569908502e-12  1.342756433483793e-12  4.182858814855564e-12 
 5.011872336272565e+10  7.802144487795910e-12  6.653103904318951e-09  6.078326847805602e-12  2.346536819331486e-12  1.308557062835644e-12  4.087645374603129e-12 
 5.128613839913487e+10  7.624777409496749e-12  6.668217853692913e-09  5.922842353043136e-12  2.339766925127886e-12  1.275082946288609e-12  3.994599256687956e-12 
 5.248074602497561e+10  7.451450306093012e-12  6.683965688746943e-09  5.770652439756189e-12  2.332740781367890e-12  1.242318100959822e-12  3.903671126859986e-12 
 5.370317963702358e+10  7.282071131862141e-12  6.700370510738835e-09  5.621684978373191e-12  2.325451284525720e-12  1.210246998428268e-12  3.814812773849618e-12 
 5.495408738576073e+10  7.116549928974203e-12  6.717455960148561e-09  5.475869918283868e-12  2.317891352858783e-12  1.178854557856211e-12  3.727977083805729e-12 
 5.623413251903313e+10  6.954798779828888e-12  6.735246202095101e-09  5.333139256013679e-12  2.310053947202707e-12  1.148126139138004e-12  3.643118015315521e-12 
 5.754399373371387e+10  6.796731760501721e-12  6.753765908731924e-09  5.193427003382483e-12  2.301932093182607e-12  1.118047536045495e-12  3.560190574993002e-12 
 5.888436553555704e+10  6.642264895277083e-12  6.773040238414301e-09  5.056669155500045e-12  2.293518904829085e-12  1.088604969338263e-12  3.479150793623120e-12 
 6.025595860743387e+10  6.491316112246094e-12  6.793094811429661e-09  4.922803658447223e-12  2.284807609574531e-12  1.059785079806178e-12  3.399955702848922e-12 
 6.165950018614626e+10  6.343805199947937e-12  6.813955682081737e-09  4.791770376489166e-12  2.275791574591068e-12  1.031574921211162e-12  3.322563312389375e-12 
 6.309573444801733e+10  6.199653765033717e-12  6.835649306920338e-09  4.663511058665394e-12  2.266464334416095e-12  1.003961953094777e-12  3.246932587775769e-12 
 6.456542290346350e+10  6.058785190932204e-12  6.858202508911578e-09  4.537969304601454e-12  2.256819619794976e-12  9.769340334181764e-13  3.173023428594900e-12 
 6.606934480075750e+10  5.921124597497341e-12  6.881642437348355e-09  4.415090529388397e-12  2.246851387652997e-12  9.504794110013342e-13  3.100796647227498e-12 
 6.760829753919602e+10  5.786598801617540e-12  6.905996523307945e-09  4.294821927379336e-12  2.236553852090399e-12  9.245867177290817e-13  3.030213948070624e-12 
 6.918309709189143e+10  5.655136278767154e-12  6.931292430473193e-09  4.177112434757438e-12  2.225921516275450e-12  8.992449604925974e-13  2.961237907233035e-12 
 7.079457843841153e+10  5.526667125480589e-12  6.957558001145834e-09  4.061912690736634e-12  2.214949205091024e-12  8.744435128364821e-13  2.893831952692724e-12 
 7.244359600749669e+10  5.401123022729770e-12  6.984821197295355e-09  3.949174997265612e-12  2.203632098370637e-12  8.501721062835439e-13  2.827960344906155e-12 
 7.413102413008937e+10  5.278437200185668e-12  7.013110036504546e-09  3.838853277116982e-12  2.191965764540264e-12  8.264208213118716e-13  2.763588157858864e-12 
 7.585775750291594e+10  5.158544401344650e-12  7.042452522693819e-09  3.730903030257376e-12  2.179946194463050e-12  8.031800779617386e-13  2.700681260547422e-12 
 7.762471166286668e+10  5.041380849500418e-12  7.072876571530270e-09  3.625281288410364e-12  2.167569835265611e-12  7.804406260533756e-13  2.639206298882918e-12 
 7.943282347242560e+10  4.926884214542187e-12  7.104409930454951e-09  3.521946567742643e-12  2.154833623907045e-12  7.581935350006301e-13  2.579130678006386e-12 
 8.128305161640732e+10  4.814993580559663e-12  7.137080093292436e-09  3.420858819624811e-12  2.141735020235890e-12  7.364301832100294e-13  2.520422545006753e-12 
 8.317637711026443e+10  4.705649414235270e-12  7.170914209441038e-09  3.321979379441270e-12  2.128272039266005e-12  7.151422470597684e-13  2.463050772032230e-12 
 8.511380382023491e+10  4.598793534003849e-12  7.205938987679574e-09  3.225270913448922e-12  2.114443282390511e-12  6.943216894585439e-13  2.406984939786090e-12 
 8.709635899560526e+10  4.494369079959889e-12  7.242180594667686e-09  3.130697363711509e-12  2.100247967243537e-12  6.739607479900190e-13  2.352195321398168e-12 
 8.912509381337167e+10  4.392320484492183e-12  7.279664548261117e-09  3.038223891165139e-12  2.085685955913363e-12  6.540519226548744e-13  2.298652866663478e-12 
 9.120108393558803e+10  4.292593443625559e-12  7.318415605811007e-09  2.947816816900527e-12  2.070757781207563e-12  6.345879632288585e-13  2.246329186639609e-12 
 9.332543007969609e+10  4.195134889049176e-12  7.358457647667007e-09  2.859443561778321e-12  2.055464670671632e-12  6.155618562618988e-13  2.195196538594735e-12 
 9.549925860214050e+10  4.099892960810754e-12  7.399813556157565e-09  2.773072584525313e-12  2.039808568067387e-12  5.969668117500837e-13  2.145227811298252e-12 
 9.772372209557790e+10  4.006816980655929e-12  7.442505090377045e-09  2.688673318490396e-12  2.023792152026370e-12  5.787962495190407e-13  2.096396510646233e-12 
 9.999999999999675e+10  3.915857425991937e-12  7.486552757167619e-09  2.606216107270048e-12  2.007418851606943e-12  5.610437853638642e-13  2.048676745614106e-12 
 1.023292992280721e+11  3.826965904454748e-12  7.531975678744376e-09  2.525672139442442e-12  1.990692858501410e-12  5.437032169970834e-13  2.002043214529070e-12 
 1.047128548050865e+11  3.740095129058940e-12  7.578791457473699e-09  2.447013382677272e-12  1.973619135661787e-12  5.267685098621732e-13  1.956471191655002e-12 
 1.071519305237572e+11  3.655198893909658e-12  7.627016038377784e-09  2.370212517513760e-12  1.956203422139213e-12  5.102337828755800e-13  1.911936514082719e-12 
 1.096478196143149e+11  3.572232050456343e-12  7.676663570001121e-09  2.295242871122030e-12  1.938452233962572e-12  4.940932941651255e-13  1.868415568918649e-12 
 1.122018454301927e+11  3.491150484268189e-12  7.727746264337650e-09  2.222078351382187e-12  1.920372860916179e-12  4.783414268767769e-13  1.825885280765124e-12 
 1.148153621496845e+11  3.411911092311817e-12  7.780274256579168e-09  2.150693381630739e-12  1.901973359114060e-12  4.629726751250643e-13  1.784323099485649e-12 
 1.174897554939491e+11  3.334471760712111e-12  7.834255465505747e-09  2.081062836434856e-12  1.883262539308834e-12  4.479816301647645e-13  1.743706988248657e-12 
 1.202264434617374e+11  3.258791342977929e-12  7.889695455396880e-09  2.013161978761116e-12  1.864249950916056e-12  4.333629668627975e-13  1.704015411843412e-12 
 1.230268770812341e+11  3.184829638675080e-12  7.946597300396422e-09  1.946966398906454e-12  1.844945861779257e-12  4.191114305495095e-13  1.665227325261872e-12 
 1.258925411794126e+11  3.112547372529877e-12  8.004961452315048e-09  1.882451955554876e-12  1.825361233746229e-12  4.052218243276231e-13  1.627322162540441e-12 
 1.288249551693092e+11  3.041906173947471e-12  8.064785612899241e-09  1.819594719313986e-12  1.805507694172583e-12  3.916889969150883e-13  1.590279825855705e-12 
 1.318256738556364e+11  2.972868556930251e-12  8.126064611635301e-09  1.758370919070600e-12  1.785397503513399e-12  3.785078310948840e-13  1.554080674868372e-12 
 1.348962882591609e+11  2.905397900382627e-12  8.188790290189470e-09  1.698756891484761e-12  1.765043519207136e-12  3.656732328405259e-13  1.518705516309748e-12 
 1.380384264602839e+11  2.839458428789703e-12  8.252951394609903e-09  1.640729033916570e-12  1.744459156097162e-12  3.531801211806729e-13  1.484135593805253e-12 
 1.412537544622708e+11  2.775015193258462e-12  8.318533476432036e-09  1.584263761050879e-12  1.723658343674412e-12  3.410234188599025e-13  1.450352577929555e-12 
 1.445439770745880e+11  2.712034052911327e-12  8.385518803834932e-09  1.529337465451389e-12  1.702655480459260e-12  3.291980438455111e-13  1.417338556488074e-12 
 1.479108388168159e+11  2.650481656623085e-12  8.453886283991389e-09  1.475926482238695e-12  1.681465385870949e-12  3.176989017222307e-13  1.385076025019679e-12 
 1.513561248436158e+11  2.590325425093375e-12  8.523611397738330e-09  1.424007058047007e-12  1.660103249958462e-12  3.065208790081772e-13  1.353547877515565e-12 
 1.548816618912430e+11  2.531533533248007e-12  8.594666147665028e-09  1.373555324372173e-12  1.638584581386955e-12  2.956588374162832e-13  1.322737397349370e-12 
 1.584893192461061e+11  2.474074892963500e-12  8.667019020674806e-09  1.324547275380227e-12  1.616925154088737e-12  2.851076090761259e-13  1.292628248413744e-12 
 1.621810097358876e+11  2.417919136110173e-12  8.740634966019892e-09  1.276958750201556e-12  1.595140952996788e-12  2.748619927215509e-13  1.263204466458650e-12 
 1.659586907437506e+11  2.363036597910051e-12  8.815475389739030e-09  1.230765419691753e-12  1.573248119282171e-12  2.649167508400213e-13  1.234450450626824e-12 
 1.698243652461688e+11  2.309398300606668e-12  8.891498166342401e-09  1.185942777597111e-12  1.551262895514290e-12  2.552666077703355e-13  1.206350955181892e-12 
 1.737800828749318e+11  2.256975937444541e-12  8.968657668489035e-09  1.142466136021166e-12  1.529201571155017e-12  2.459062487264107e-13  1.178891081424771e-12 
 1.778279410038864e+11  2.205741856956692e-12  9.046904815287228e-09  1.100310625049390e-12  1.507080428784543e-12  2.368303197163668e-13  1.152056269794067e-12 
 1.819700858609923e+11  2.155669047559067e-12  9.126187139719872e-09  1.059451196352717e-12  1.484915691438774e-12  2.280334283183053e-13  1.125832292146269e-12 
 1.862087136662806e+11  2.106731122451084e-12  9.206448875553933e-09  1.019862630557537e-12  1.462723471415644e-12  2.195101452670592e-13  1.100205244211675e-12 
 1.905460717963184e+11  2.058902304821766e-12  9.287631063937725e-09  9.815195481405476e-13  1.440519720881456e-12  2.112550067998948e-13  1.075161538222022e-12 
 1.949844599757981e+11  2.012157413361062e-12  9.369671679722362e-09  9.443964235817613e-13  1.418320184578799e-12  2.032625177037438e-13  1.050687895705930e-12 
 1.995262314968813e+11  1.966471848076014e-12  9.452505777366120e-09  9.084676024882641e-13  1.396140354905421e-12  1.955271550020850e-13  1.026771340448338e-12 
 2.041737944669462e+11  1.921821576411315e-12  9.536065656094444e-09  8.737073213851331e-13  1.373995429599271e-12  1.880433722161111e-13  1.003399191610197e-12 
 2.089296130853970e+11  1.878183119673711e-12  9.620281043795961e-09  8.400897298582831e-13  1.351900272229487e-12  1.808056041323074e-13  9.805590570047775e-13 
 2.137962089502161e+11  1.835533539759414e-12  9.705079298938453e-09  8.075889147268847e-13  1.329869375656878e-12  1.738082720070382e-13  9.582388265270238e-13 
 2.187761623949480e+11  1.793850426183455e-12  9.790385629591406e-09  7.761789259202440e-13  1.307916828591266e-12  1.670457891381399e-13  9.364266657324756e-13 
 2.238721138568265e+11  1.753111883409511e-12  9.876123328445697e-09  7.458338037353963e-13  1.286056285337284e-12  1.605125667338166e-13  9.151110095623491e-13 
 2.290867652767697e+11  1.713296518478384e-12  9.962214022530028e-09  7.165276071569382e-13  1.264300938785518e-12  1.542030200102656e-13  8.942805562114588e-13 
 2.344228815319844e+11  1.674383428932889e-12  1.004857793614048e-08  6.882344429293907e-13  1.242663496672634e-12  1.481115744513503e-13  8.739242611357206e-13 
 2.398832919019410e+11  1.636352191036464e-12  1.013513416532774e-08  6.609284950843374e-13  1.221156161102799e-12  1.422326721662103e-13  8.540313311960656e-13 
 2.454708915684948e+11  1.599182848282391e-12  1.022180096212917e-08  6.345840546392707e-13  1.199790611293553e-12  1.365607782838600e-13  8.345912189356606e-13 
 2.511886431509496e+11  1.562855900190056e-12  1.030849602659289e-08  6.091755492020909e-13  1.178577989482643e-12  1.310903873274928e-13  8.155936169873951e-13 
 2.570395782768778e+11  1.527352291384297e-12  1.039513680452223e-08  5.846775722341325e-13  1.157528889908365e-12  1.258160295152785e-13  7.970284526086775e-13 
 2.630267991895294e+11  1.492653400953426e-12  1.048164078877228e-08  5.610649117449566e-13  1.136653350754777e-12  1.207322769388323e-13  7.788858823406391e-13 
 2.691534803926826e+11  1.458741032081192e-12  1.056792582186063e-08  5.383125782136026e-13  1.115960848934853e-12  1.158337495751477e-13  7.611562867889142e-13 
 2.754228703338074e+11  1.425597401947569e-12  1.065391039761060e-08  5.163958315530653e-13  1.095460297569248e-12  1.111151210925407e-13  7.438302655232311e-13 
 2.818382931264360e+11  1.393205131892958e-12  1.073951395953198e-08  4.952902069571526e-13  1.075160046005756e-12  1.065711244159735e-13  7.268986320931073e-13 
 2.884031503126509e+11  1.361547237840128e-12  1.082465719365925e-08  4.749715394912068e-13  1.055067882214757e-12  1.021965570219311e-13  7.103524091570089e-13 
 2.951209226666287e+11  1.330607120967975e-12  1.090926231361336e-08  4.554159873101247e-13  1.035191037388735e-12  9.798628593775425e-14  6.941828237223872e-13 
 3.019951720401915e+11  1.300368558631017e-12  1.099325333572812e-08  4.366000534084878e-13  1.015536192569286e-12  9.393525242493055e-14  6.783813024940743e-13 
 3.090295432513486e+11  1.270815695518372e-12  1.107655634218633e-08  4.185006058280837e-13  9.961094871225827e-13  9.003847633025552e-14  6.629394673285659e-13 
 3.162277660168273e+11  1.241933035045879e-12  1.115909973024183e-08  4.010948962675683e-13  9.769165288839872e-13  8.629106009296723e-14  6.478491307917839e-13 
 3.235936569296174e+11  1.213705430974942e-12  1.124081444575950e-08  3.843605770572834e-13  9.579624057940616e-13  8.268819239988990e-14  6.331022918179609e-13 
 3.311311214825800e+11  1.186118079251676e-12  1.132163419948385e-08  3.682757164791948e-13  9.392516988514668e-13  7.922515148427048e-14  6.186911314673482e-13 
 3.388441561391912e+11  1.159156510059891e-12  1.140149566464394e-08  3.528188124274733e-13  9.207884962129534e-13  7.589730806734499e-14  6.046080087804921e-13 
 3.467368504525200e+11  1.132806580081556e-12  1.148033865471606e-08  3.379688044193737e-13  9.025764082765674e-13  7.270012794471140e-14  5.908454567268859e-13 
 3.548133892335635e+11  1.107054464958374e-12  1.155810628039020e-08  3.237050839787081e-13  8.846185835911551e-13  6.962917422230882e-14  5.773961782458439e-13 
 3.630780547700891e+11  1.081886651948269e-12  1.163474508501990e-08  3.100075034254111e-13  8.669177254430547e-13  6.668010920921473e-14  5.642530423775023e-13 
 3.715352290971600e+11  1.057289932770636e-12  1.171020515807169e-08  2.968563831144381e-13  8.494761089792677e-13  6.384869597656980e-14  5.514090804818916e-13 
 3.801893963205483e+11  1.033251396634372e-12  1.178444022632738e-08  2.842325171755974e-13  8.322955987353246e-13  6.113079959373929e-14  5.388574825440784e-13 
 3.890451449942675e+11  1.009758423442861e-12  1.185740772282525e-08  2.721171778129302e-13  8.153776664452492e-13  5.852238805433082e-14  5.265915935634143e-13 
 3.981071705534838e+11  9.867986771702144e-13  1.192906883375133e-08  2.604921182279904e-13  7.987234090203972e-13  5.601953290592338e-14  5.146049100249792e-13 
 4.073802778040989e+11  9.643600994032831e-13  1.199938852370593e-08  2.493395742359397e-13  7.823335665933682e-13  5.361840959834530e-14  5.028910764513467e-13 
 4.168693834703213e+11  9.424309030441026e-13  1.206833553997031e-08  2.386422646468122e-13  7.662085405325080e-13  5.131529756607866e-14  4.914438820328442e-13 
 4.265795188015782e+11  9.209995661676380e-13  1.213588239658163e-08  2.283833904867328e-13  7.503484113416987e-13  4.910658006089242e-14  4.802572573345184e-13 
 4.365158322401511e+11  9.000548260298787e-13  1.220200533918828e-08  2.185466331353915e-13  7.347529563690463e-13  4.698874375113145e-14  4.693252710780624e-13 
 4.466835921509479e+11  8.795856732215203e-13  1.226668429180128e-08  2.091161514567401e-13  7.194216672566827e-13  4.495837810423336e-14  4.586421269969961e-13 
 4.570881896148595e+11  8.595813459626597e-13  1.232990278667915e-08  2.000765779998268e-13  7.043537670721224e-13  4.301217456903304e-14  4.482021607634332e-13 
 4.677351412871823e+11  8.400313245341222e-13  1.239164787868339e-08  1.914130143459634e-13  6.895482270694447e-13  4.114692557426045e-14  4.379998369848046e-13 
 4.786300923226221e+11  8.209253258412125e-13  1.245191004551797e-08  1.831110256771478e-13  6.750037830359392e-13  3.935952335936288e-14  4.280297462689459e-13 
 4.897788193684295e+11  8.022532981058727e-13  1.251068307532131e-08  1.751566346389041e-13  6.607189511867756e-13  3.764695865340373e-14  4.182866023559920e-13 
 5.011872336272552e+11  7.840054156833925e-13  1.256796394311183e-08  1.675363145685352e-13  6.466920435766906e-13  3.600631921732395e-14  4.087652393155584e-13 
 5.128613839913474e+11  7.661720739999961e-13  1.262375267760043e-08  1.602369821572819e-13  6.329211830036476e-13  3.443478826431341e-14  3.994606088077242e-13 
 5.248074602497546e+11  7.487438846077821e-13  1.267805221987648e-08  1.532459896121126e-13  6.194043173848988e-13  3.292964277244277e-14  3.903677774063619e-13 
 5.370317963702343e+11  7.317116703536519e-13  1.273086827544919e-08  1.465511163798868e-13  6.061392335908901e-13  3.148825170306559e-14  3.814819239833954e-13 
 5.495408738576057e+11  7.150664606590148e-13  1.278220916108569e-08  1.401405604935005e-13  5.931235707269982e-13  3.010807413782409e-14  3.727983371526016e-13 
 5.623413251903298e+11  6.987994869071883e-13  1.283208564783293e-08  1.340029295963806e-13  5.803548328571893e-13  2.878665734639583e-14  3.643124127715964e-13 
 5.754399373371372e+11  6.829021779355559e-13  1.288051080154400e-08  1.281272316983902e-13  5.678304011673715e-13  2.752163479640550e-14  3.560196515006834e-13 
 5.888436553555687e+11  6.673661556296653e-13  1.292749982215309e-08  1.225028657128786e-13  5.555475455694789e-13  2.631072411620990e-14  3.479156564172696e-13 
 6.025595860743370e+11  6.521832306165690e-13  1.297306988285939e-08  1.171196118212862e-13  5.435034357502247e-13  2.515172502054939e-14  3.399961306845830e-13 
 6.165950018614609e+11  6.373453980548290e-13  1.301723997028959e-08  1.119676217084314e-13  5.316951516709838e-13  2.404251720835102e-14  3.322568752734574e-13 
 6.309573444801715e+11  6.228448335187054e-13  1.306003072661483e-08  1.070374087083833e-13  5.201196935274640e-13  2.298105824127529e-14  3.246937867359743e-13 
 6.456542290346333e+11  6.086738889741515e-13  1.310146429450067e-08  1.023198378976782e-13  5.087739911797100e-13  2.196538141092109e-14  3.173028550297833e-13 
 6.606934480075732e+11  5.948250888443336e-13  1.314156416567164e-08  9.780611616959406e-14  4.976549130645752e-13  2.099359360194776e-14  3.100801613919465e-13 
 6.760829753919585e+11  5.812911261624801e-13  1.318035503377455e-08  9.348778232026300e-14  4.867592746041393e-13  2.006387315774185e-14  3.030218762611795e-13 
 6.918309709189126e+11  5.680648588099431e-13  1.321786265212984e-08  8.935669717458496e-14  4.760838461246287e-13  1.917446775464943e-14  2.961242572473875e-13 
 7.079457843841134e+11  5.551393058374445e-13  1.325411369686826e-08  8.540503377722390e-14  4.656253603012853e-13  1.832369229021717e-14  2.893836471474203e-13 
 7.244359600749650e+11  5.425076438675341e-13  1.328913563586149e-08  8.162526767141381e-14  4.553805191452897e-13  1.750992679033625e-14  2.827964720059937e-13 
 7.413102413008918e+11  5.301632035763705e-13  1.332295660377193e-08  7.801016728589010e-14  4.453460005493541e-13  1.673161433966289e-14  2.763592392207487e-13 
 7.585775750291575e+11  5.180994662529919e-13  1.335560528346816e-08  7.455278444798526e-14  4.355184644089381e-13  1.598725903919999e-14  2.700685356904455e-13 
 7.762471166286648e+11  5.063100604343026e-13  1.338711079397965e-08  7.124644503879327e-14  4.258945583362348e-13  1.527542399446436e-14  2.639210260053075e-13 
 7.943282347242539e+11  4.947887586140614e-13  1.341750258509703e-08  6.808473980430804e-14  4.164709229841559e-13  1.459472933723343e-14  2.579134506785598e-13 
 8.128305161640709e+11  4.835294740242082e-13  1.344681033866351e-08  6.506151533457824e-14  4.072441969975065e-13  1.394385028346491e-14  2.520426244182206e-13 
 8.317637711026420e+11  4.725262574869129e-13  1.347506387654746e-08  6.217086522119072e-14  3.982110216084158e-13  1.332151522960938e-14  2.463054344382315e-13 
 8.511380382023467e+11  4.617732943357840e-13  1.350229307523776e-08  5.940712140179126e-14  3.893680448928741e-13  1.272650388919154e-14  2.406988388080312e-13 
 8.709635899560502e+11  4.512649014047081e-13  1.352852778695989e-08  5.676484569887369e-14  3.807119257049549e-13  1.215764547121678e-14  2.352198648396963e-13 
 8.912509381337144e+11  4.409955240828443e-13  1.355379776717383e-08  5.423882155870694e-14  3.722393373049561e-13  1.161381690166737e-14  2.298656075117957e-13 
 9.120108393558778e+11  4.309597334343263e-13  1.357813260828231e-08  5.182404599502321e-14  3.639469706973078e-13  1.109394108908363e-14  2.246332279291207e-13 
 9.332543007969584e+11  4.211522233812723e-13  1.360156167935162e-08  4.951572174095246e-14  3.558315376936730e-13  1.059698523498067e-14  2.195199518174770e-13 
 9.549925860214025e+11  4.115678079487287e-13  1.362411407162471e-08  4.730924961165037e-14  3.478897737161988e-13  1.012195918962786e-14  2.145230680527380e-13 
 9.772372209557764e+11  4.022014185702157e-13  1.364581854958905e-08  4.520022107912797e-14  3.401184403553978e-13  9.667913853515669e-15  2.096399272233811e-13 
 9.999999999999648e+11  3.930481014525691e-13  1.366670350734798e-08  4.318441105994180e-14  3.325143276966337e-13  9.233939624652173e-15  2.048679402257440e-13 
 1.023292992280718e+12  3.841030149988058e-13  1.368679693003451e-08  4.125777091563898e-14  3.250742564286690e-13  8.819164891666293e-15  2.002045768912565e-13 
 1.047128548050863e+12  3.753614272877711e-13  1.370612636000017e-08  3.941642166516871e-14  3.177950797472084e-13  8.422754572548300e-15  1.956473646449203e-13 
 1.071519305237569e+12  3.668187136093506e-13  1.372471886750785e-08  3.765664740786035e-14  3.106736850658408e-13  8.043908698726218e-15  1.911938871943248e-13 
 1.096478196143146e+12  3.584703540540607e-13  1.374260102565687e-08  3.597488895502876e-14  3.037069955462593e-13  7.681861044060606e-15  1.868417832485046e-13 
 1.122018454301924e+12  3.503119311558538e-13  1.375979888926985e-08  3.436773766779024e-14  2.968919714591046e-13  7.335877798237490e-15  1.825887452659587e-13 
 1.148153621496842e+12  3.423391275870050e-13  1.377633797747433e-08  3.283192949825533e-14  2.902256113862683e-13  7.005256283949325e-15  1.784325182311684e-13 
 1.174897554939488e+12  3.345477239039630e-13  1.379224325971726e-08  3.136433923090160e-14  2.837049532749677e-13  6.689323717175679e-15  1.743708984589642e-13 
 1.202264434617370e+12  3.269335963430817e-13  1.380753914495704e-08  2.996197492061725e-14  2.773270753534149e-13  6.387436009808050e-15  1.704017324261093e-13 
 1.230268770812338e+12  3.194927146651630e-13  1.382224947378493e-08  2.862197252363979e-14  2.710890969174035e-13  6.098976613805882e-15  1.665229156294777e-13 
 1.258925411794123e+12  3.122211400477694e-13  1.383639751323705e-08  2.734159071738961e-14  2.649881789966641e-13  5.823355406022357e-15  1.627323914702253e-13 
 1.288249551693088e+12  3.051150230242828e-13  1.385000595406660e-08  2.611820590501220e-14  2.590215249093753e-13  5.560007612798579e-15  1.590281501633579e-13 
 1.318256738556360e+12  2.981706014687103e-13  1.386309691025621e-08  2.494930740029223e-14  2.531863807127697e-13  5.308392773392248e-15  1.554082276721218e-13 
 1.348962882591605e+12  2.913841986252544e-13  1.387569192056019e-08  2.383249278848317e-14  2.474800355573397e-13  5.067993741281177e-15  1.518707046666500e-13 
 1.380384264602835e+12  2.847522211816889e-13  1.388781195187709e-08  2.276546345850562e-14  2.418998219517359e-13  4.838315722362438e-15  1.484137055063115e-13 
 1.412537544622704e+12  2.782711573855988e-13  1.389947740426277e-08  2.174602030190296e-14  2.364431159450438e-13  4.618885349054084e-15  1.450353972452270e-13 
 1.445439770745875e+12  2.719375752025614e-13  1.391070811740531e-08  2.077205957390163e-14  2.311073372327474e-13  4.409249789297289e-15  1.417339886604188e-13 
 1.479108388168154e+12  2.657481205153673e-13  1.392152337839264e-08  1.984156891190249e-14  2.258899491923150e-13  4.208975889452392e-15  1.385077293020854e-13 
 1.513561248436154e+12  2.596995153633946e-13  1.393194193061409e-08  1.895262350672807e-14  2.207884588539927e-13  4.017649350081810e-15  1.353549085654924e-13 
 1.548816618912426e+12  2.537885562212697e-13  1.394198198364671e-08  1.810338242196473e-14  2.158004168120576e-13  3.834873933615789e-15  1.322738547839904e-13 
 1.584893192461056e+12  2.480121123159657e-13  1.395166122398666e-08  1.729208505676788e-14  2.109234170814580e-13  3.660270702903287e-15  1.292629343426780e-13 
 1.621810097358872e+12  2.423671239815046e-13  1.396099682649462e-08  1.651704774754074e-14  2.061550969044673e-13  3.493477289659175e-15  1.263205508122403e-13 
 1.659586907437501e+12  2.368506010504495e-13  1.397000546643330e-08  1.577666050394959e-14  2.014931365116879e-13  3.334147191830306e-15  1.234451441025035e-13 
 1.698243652461683e+12  2.314596212813872e-13  1.397870333198274e-08  1.506938387480200e-14  1.969352588414647e-13  3.181949098916575e-15  1.206351896352564e-13 
 1.737800828749313e+12  2.261913288216170e-13  1.398710613712705e-08  1.439374593938571e-14  1.924792292215096e-13  3.036566244298284e-15  1.178891975359015e-13 
 1.778279410038859e+12  2.210429327042806e-13  1.399522913481330e-08  1.374833941994399e-14  1.881228550162892e-13  2.897695783638011e-15  1.152057118435056e-13 
 1.819700858609918e+12  2.160117053791824e-13  1.400308713029016e-08  1.313181891104875e-14  1.838639852434962e-13  2.765048198443334e-15  1.125833097388320e-13 
 1.862087136662800e+12  2.110949812765610e-13  1.401069449453999e-08  1.254289822172136e-14  1.797005101627019e-13  2.638346723895957e-15  1.100206007899446e-13 
 1.905460717963178e+12  2.062901554030955e-13  1.401806517772397e-08  1.198034782624600e-14  1.756303608390799e-13  2.517326800072937e-15  1.075162262149843e-13 
 1.949844599757975e+12  2.015946819694372e-13  1.402521272256526e-08  1.144299241971687e-14  1.716515086848941e-13  2.401735545706576e-15  1.050688581617266e-13 
 1.995262314968807e+12  1.970060730485768e-13  1.403215027759992e-08  1.092970857446064e-14  1.677619649812568e-13  2.291331253650847e-15  1.026771990035379e-13 
 2.041737944669455e+12  1.925218972643693e-13  1.403889061023017e-08  1.043942249357740e-14  1.639597803824885e-13  2.185882907244199e-15  1.003399806513581e-13 
 2.089296130853963e+12  1.881397785095548e-13  1.404544611951835e-08  9.971107857946420e-15  1.602430444052476e-13  2.085169716780549e-15  9.805596388134479e-14 
 2.137962089502154e+12  1.838573946926231e-13  1.405182884866391e-08  9.523783763146568e-15  1.566098849044406e-13  1.988980675322600e-15  9.582393767782091e-14 
 2.187761623949473e+12  1.796724765128893e-13  1.405805049710923e-08  9.096512742846225e-15  1.530584675377780e-13  1.897114133114011e-15  9.364271859117983e-14 
 2.238721138568258e+12  1.755828062631551e-13  1.406412243222294e-08  8.688398875320920e-15  1.495869952207071e-13  1.809377389869236e-15  9.151115011040550e-14 
 2.290867652767689e+12  1.715862166593488e-13  1.407005570051269e-08  8.298585969861253e-15  1.461937075733198e-13  1.725586304242109e-15  8.942810204987620e-14 
 2.344228815319836e+12  1.676805896965442e-13  1.407586103832164e-08  7.926255829936198e-15  1.428768803607158e-13  1.645564919796348e-15  8.739246995012584e-14 
 2.398832919019403e+12  1.638638555307774e-13  1.408154888196528e-08  7.570626590079159e-15  1.396348249281882e-13  1.569145106823003e-15  8.540317449224605e-14 
 2.454708915684940e+12  1.601339913860869e-13  1.408712937726825e-08  7.230951123564350e-15  1.364658876324916e-13  1.496166219371444e-15  8.345916092561770e-14 
 2.511886431509488e+12  1.564890204862191e-13  1.409261238846169e-08  6.906515518040571e-15  1.333684492703539e-13  1.426474766881811e-15  8.155939850866886e-14 
 2.570395782768769e+12  1.529270110104499e-13  1.409800750640523e-08  6.596637616386581e-15  1.303409245052996e-13  1.359924099827700e-15  7.970287996236289e-14 
 2.630267991895285e+12  1.494460750729870e-13  1.410332405609874e-08  6.300665620147907e-15  1.273817612937679e-13  1.296374108798457e-15  7.788862093612618e-14 
 2.691534803926816e+12  1.460443677254283e-13  1.410857110345170e-08  6.017976753008570e-15  1.244894403114230e-13  1.235690936470515e-15  7.611565948593329e-14 
 2.754228703338064e+12  1.427200859817609e-13  1.411375746127995e-08  5.747975981842650e-15  1.216624743804840e-13  1.177746701936996e-15  7.438305556427187e-14 
 2.818382931264349e+12  1.394714678654016e-13  1.411889169450217e-08  5.490094792979958e-15  1.188994078988251e-13  1.122419236883935e-15  7.268989052171780e-14 
 2.884031503126499e+12  1.362967914777824e-13  1.412398212451078e-08  5.243790021407207e-15  1.161988162715355e-13  1.069591833120385e-15  7.103526661985541e-14 
 2.951209226666276e+12  1.331943740880047e-13  1.412903683269491e-08  5.008542730710922e-15  1.135593053455639e-13  1.019153000987935e-15  6.941830655528524e-14 
 3.019951720401904e+12  1.301625712430877e-13  1.413406366309592e-08  4.783857141650755e-15  1.109795108480160e-13  9.709962381930323e-16  6.783815299446663e-14 
 3.090295432513476e+12  1.271997758983515e-13  1.413907022417949e-08  4.569259607332116e-15  1.084580978286204e-13  9.250198086229293e-16  6.629396811914861e-14 
 3.162277660168262e+12  1.243044175674847e-13  1.414406388971213e-08  4.364297633024758e-15  1.059937601068265e-13  8.811265307229392e-16  6.478493318214775e-14 
 3.235936569296162e+12  1.214749614918555e-13  1.414905179873405e-08  4.168538938749436e-15  1.035852197239551e-13  8.392235750291849e-16  6.331024807323810e-14 
 3.311311214825788e+12  1.187099078286334e-13  1.415404085462497e-08  3.981570562827841e-15  1.012312264007761e-13  7.992222704669781e-16  6.186913089492247e-14 
 3.388441561391899e+12  1.160077908573024e-13  1.415903772326480e-08  3.802998004661738e-15  9.893055700084926e-14  7.610379190405067e-16  6.046081754786038e-14 
 3.467368504525187e+12  1.133671782041500e-13  1.416404883029694e-08  3.632444405075696e-15  9.668201499992631e-14  7.245896185545837e-16  5.908456132573257e-14 
 3.548133892335622e+12  1.107866700843303e-13  1.416908035750771e-08  3.469549762623921e-15  9.448442996167964e-14  6.898000930238485e-16  5.773963251932798e-14 
 3.630780547700878e+12  1.082648985611055e-13  1.417413823834319e-08  3.313970184325630e-15  9.233665701998849e-14  6.565955304390096e-16  5.642531802964239e-14 
 3.715352290971586e+12  1.058005268218800e-13  1.417922815259129e-08  3.165377169355008e-15  9.023757636798570e-14  6.249054275734880e-16  5.514092098978403e-14 
 3.801893963205470e+12  1.033922484706487e-13  1.418435552026563e-08  3.023456924271384e-15  8.818609275404106e-14  5.946624415271983e-16  5.388576039548600e-14 
 3.890451449942660e+12  1.010387868364908e-13  1.418952549473598e-08  2.887909708432536e-15  8.618113498482991e-14  5.658022477171369e-16  5.265917074402874e-14 
 3.981071705534823e+12  9.873889429774777e-14  1.419474295515926e-08  2.758449208289392e-15  8.422165543561492e-14  5.382634040370156e-16  5.146050168138207e-14 
 4.073802778040975e+12  9.649135162153126e-14  1.420001249827464e-08  2.634801939313619e-15  8.230662956784515e-14  5.119872209203417e-16  5.028911765737896e-14 
 4.168693834703198e+12  9.429496731821680e-14  1.420533842963607e-08  2.516706674360872e-15  8.043505545415820e-14  4.869176370531252e-16  4.914439758873867e-14 
 4.265795188015767e+12  9.214857701058426e-14  1.421072475436606e-08  2.403913897321829e-15  7.860595331085159e-14  4.630011004937956e-16  4.802573452976019e-14 
 4.365158322401496e+12  9.005104281727561e-14  1.421617516752446e-08  2.296185280960663e-15  7.681836503787434e-14  4.401864549689589e-16  4.693253535051192e-14 
 4.466835921509463e+12  8.800125275024612e-14  1.422169304419667e-08  2.193293187886210e-15  7.507135376637215e-14  4.184248311242652e-16  4.586422042234633e-14 
 4.570881896148578e+12  8.599812012589363e-14  1.422728142941585e-08  2.095020193645087e-15  7.336400341380736e-14  3.976695425199795e-16  4.482022331057339e-14 
 4.677351412871806e+12  8.404058298955694e-14  1.423294302804349e-08  2.001158630968210e-15  7.169541824666029e-14  3.778759861707671e-16  4.379999047412950e-14 
 4.786300923226203e+12  8.212760355308103e-14  1.423868019474224e-08  1.911510154242745e-15  7.006472245070788e-14  3.590015474387731e-16  4.280298097208278e-14 
 4.897788193684277e+12  8.025816764515419e-14  1.424449492418328e-08  1.825885323320588e-15  6.847105970886346e-14  3.410055090982808e-16  4.182866617681916e-14 
 5.011872336272534e+12  7.843128417412834e-14  1.425038884163857e-08  1.744103205811915e-15  6.691359278655280e-14  3.238489643990489e-16  4.087652949375716e-14 
 5.128613839913455e+12  7.664598460303977e-14  1.425636319411418e-08  1.665990997048415e-15  6.539150312459119e-14  3.074947339638912e-16  3.994606608744256e-14 
 5.248074602497527e+12  7.490132243655515e-14  1.426241884218658e-08  1.591383656935418e-15  6.390399043951968e-14  2.919072863641145e-16  3.903678261387820e-14 
 5.370317963702324e+12  7.319637271957248e-14  1.426855625270653e-08  1.520123562945443e-15  6.245027233134963e-14  2.770526622241268e-16  3.814819695894648e-14 
 5.495408738576037e+12  7.153023154721321e-14  1.427477549253679e-08  1.452060178537630e-15  6.102958389865879e-14  2.628984017137983e-16  3.727983798278616e-14 
 5.623413251903277e+12  6.990201558594798e-14  1.428107622348922e-08  1.387049736318286e-15  5.964117736097626e-14  2.494134752940508e-16  3.643124526998780e-14 
 5.754399373371351e+12  6.831086160560364e-14  1.428745769862354e-08  1.324954935287295e-15  5.828432168838763e-14  2.365682175876210e-16  3.560196888547550e-14 
 5.888436553555666e+12  6.675592602200541e-14  1.429391876006445e-08  1.265644651543577e-15  5.695830223828732e-14  2.243342642530123e-16  3.479156913594548e-14 
 6.025595860743349e+12  6.523638445001294e-14  1.430045783848566e-08  1.208993661849991e-15  5.566242039920018e-14  2.126844917452874e-16  3.399961633673490e-14 
 6.165950018614587e+12  6.375143126671480e-14  1.430707295439836e-08  1.154882379484425e-15  5.439599324159113e-14  2.015929598525920e-16  3.322569058399732e-14 
 6.309573444801692e+12  6.230027918455182e-14  1.431376172136770e-08  1.103196601828950e-15  5.315835317557815e-14  1.910348569021063e-16  3.246938153206435e-14 
 6.456542290346310e+12  6.088215883414314e-14  1.432052135126501e-08  1.053827269173187e-15  5.194884761546039e-14  1.809864475335175e-16  3.173028817587485e-14 
 6.606934480075709e+12  5.949631835659608e-14  1.432734866164371e-08  1.006670234231360e-15  5.076683865097145e-14  1.714250229420994e-16  3.100801863835684e-14 
 6.760829753919561e+12  5.814202300508424e-14  1.433424008530586e-08  9.616260418948511e-16  4.961170272516499e-14  1.623288534970814e-16  3.030218996264911e-14 
 6.918309709189102e+12  5.681855475548356e-14  1.434119168210249e-08  9.185997187636081e-16  4.848283031883823e-14  1.536771436441964e-16  2.961242790905251e-14 
 7.079457843841109e+12  5.552521192586127e-14  1.434819915298484e-08  8.775005720204179e-16  4.737962564139717e-14  1.454499890041549e-16  2.893836675660305e-14 
 7.244359600749624e+12  5.426130880461678e-14  1.435525785629698e-08  8.382419972318451e-16  4.630150632806648e-14  1.376283355813010e-16  2.827964910916195e-14 
 7.413102413008892e+12  5.302617528707782e-14  1.436236282627128e-08  8.007412946786765e-16  4.524790314334500e-14  1.301939409989036e-16  2.763592570591939e-14 
 7.585775750291547e+12  5.181915652036071e-14  1.436950879365975e-08  7.649194938369331e-16  4.421825969060841e-14  1.231293376794582e-16  2.700685523621194e-14 
 7.762471166286619e+12  5.063961255630649e-14  1.437669020840480e-08  7.307011856479463e-16  4.321203212775857e-14  1.164177978900408e-16  2.639210415855510e-14 
 7.943282347242510e+12  4.948691801230996e-14  1.438390126422403e-08  6.980143622327277e-16  4.222868888881967e-14  1.100433005742236e-16  2.579134652379518e-14 
 8.128305161640680e+12  4.836046173986268e-14  1.439113592495665e-08  6.667902637217935e-16  4.126771041138084e-14  1.039904998933473e-16  2.520426380228689e-14 
 8.317637711026390e+12  4.725964650063399e-14  1.439838795249184e-08  6.369632318868638e-16  4.032858886978438e-14  9.824469540111440e-17  2.463054471500457e-14 
 8.511380382023437e+12  4.618388864992001e-14  1.440565093607621e-08  6.084705702754039e-16  3.941082791395993e-14  9.279180377654600e-17  2.406988506849810e-14 
 8.709635899560471e+12  4.513261782729225e-14  1.441291832277549e-08  5.812524105627929e-16  3.851394241380384e-14  8.761833204137227e-17  2.352198759360539e-14 
 8.912509381337111e+12  4.410527665428311e-14  1.442018344884728e-08  5.552515848501160e-16  3.763745820900460e-14  8.271135218896665e-17  2.298656178783646e-14 
 9.120108393558746e+12  4.310132043894791e-14  1.442743957176699e-08  5.304135036480603e-16  3.678091186421494e-14  7.805847715298944e-17  2.246332376134515e-14 
 9.332543007969551e+12  4.212021688714755e-14  1.443467990263795e-08  5.066860392993106e-16  3.594385042947198e-14  7.364783804505068e-17  2.195199608640697e-14 
 9.549925860213990e+12  4.116144582039900e-14  1.444189763870965e-08  4.840194146030824e-16  3.512583120576780e-14  6.946806259193410e-17  2.145230765032326e-14 
 9.772372209557729e+12  4.022449890014440e-14  1.444908599572581e-08  4.623660964161155e-16  3.432642151567320e-14  6.550825470429634e-17  2.096399351167369e-14 
 9.999999999999613e+12  3.930887935829305e-14  1.445623823982520e-08  4.416806940145560e-16  3.354519847891857e-14  6.175797511027304e-17  2.048679475984083e-14 
 1.023292992280714e+13  3.841410173389339e-14  1.446334771872437e-08  4.219198620106966e-16  3.278174879283646e-14  5.820722298911009e-17  2.002045837773225e-14 
 1.047128548050859e+13  3.753969161579626e-14  1.447040789192169e-08  4.030422076275955e-16  3.203566851757188e-14  5.484641854180491e-17  1.956473710762764e-14 
 1.071519305237565e+13  3.668518539117267e-14  1.447741235967567e-08  3.850082021431322e-16  3.130656286596689e-14  5.166638643778971e-17  1.911938932007940e-14 
 1.096478196143142e+13  3.585012999975330e-14  1.448435489052869e-08  3.677800963231315e-16  3.059404599802741e-14  4.865834007891609e-17  1.868417888579757e-14 
 1.122018454301920e+13  3.503408269365976e-14  1.449122944716751e-08  3.513218396708455e-16  2.989774081988145e-14  4.581386662440397e-17  1.825887505045093e-14 
 1.148153621496838e+13  3.423661080270026e-14  1.449803021043596e-08  3.355990033273024e-16  2.921727878713890e-14  4.312491272297735e-17  1.784325231231806e-14 
 1.174897554939484e+13  3.345729150500565e-14  1.450475160134034e-08  3.205787064639067e-16  2.855229971256427e-14  4.058377090111755e-17  1.743709030272330e-14 
 1.202264434617366e+13  3.269571160288421e-14  1.451138830091596e-08  3.062295460151733e-16  2.790245157797513e-14  3.818306655918852e-17  1.704017366919439e-14 
 1.230268770812334e+13  3.195146730377683e-14  1.451793526785120e-08  2.925215296056789e-16  2.726739035028027e-14  3.591574553011523e-17  1.665229196127975e-14 
 1.258925411794118e+13  3.122416400619633e-14  1.452438775379467e-08  2.794260115311970e-16  2.664677980157271e-14  3.377506215828683e-17  1.627323951896484e-14 
 1.288249551693084e+13  3.051341609053777e-14  1.453074131629990e-08  2.669156316596191e-16  2.604029133319410e-14  3.175456785939159e-17  1.590281536362857e-14 
 1.318256738556356e+13  2.981884671464878e-14  1.453699182939024e-08  2.549642571226299e-16  2.544760380368844e-14  2.984810012493364e-17  1.554082309148169e-14 
 1.348962882591601e+13  2.914008761405195e-14  1.454313549175392e-08  2.435469266742726e-16  2.486840336056420e-14  2.804977193820855e-17  1.518707076943099e-14 
 1.380384264602831e+13  2.847677890671325e-14  1.454916883260509e-08  2.326397975974765e-16  2.430238327578542e-14  2.635396157149258e-17  1.484137083331378e-14 
 1.412537544622699e+13  2.782856890225305e-14  1.455508871527048e-08  2.222200950443853e-16  2.374924378491351e-14  2.475530273710398e-17  1.450353998844894e-14 
 1.445439770745871e+13  2.719511391549904e-14  1.456089233858298e-08  2.122660637009115e-16  2.320869192982306e-14  2.324867506779958e-17  1.417339911245160e-14 
 1.479108388168149e+13  2.657607808428183e-14  1.456657723618294e-08  2.027569216703714e-16  2.268044140491596e-14  2.182919490465171e-17  1.385077316026016e-14 
 1.513561248436149e+13  2.597113319137710e-14  1.457214127384458e-08  1.936728164753346e-16  2.216421240675983e-14  2.049220637309190e-17  1.353549107132501e-14 
 1.548816618912421e+13  2.537995849049973e-14  1.457758264495870e-08  1.849947830809666e-16  2.165973148707779e-14  1.923327273019102e-17  1.322738567890999e-14 
 1.584893192461051e+13  2.480224053625798e-14  1.458289986431467e-08  1.767047038471516e-16  2.116673140901810e-14  1.804816796845949e-17  1.292629362145843e-14 
 1.621810097358866e+13  2.423767301797739e-14  1.458809176033258e-08  1.687852703205719e-16  2.068495100663341e-14  1.693286866348573e-17  1.263205525597661e-14 
 1.659586907437495e+13  2.368595659730647e-14  1.459315746590286e-08  1.612199467816842e-16  2.021413504750074e-14  1.588354605457996e-17  1.234451457338898e-14 
 1.698243652461678e+13  2.314679874951827e-14  1.459809640799362e-08  1.539929354651852e-16  1.975403409841442e-14  1.489655834925335e-17  1.206351911582010e-14 
 1.737800828749307e+13  2.261991360842355e-14  1.460290829618724e-08  1.470891433760938e-16  1.930440439408601e-14  1.396844324383703e-17  1.178891989575941e-14 
 1.778279410038853e+13  2.210502181481352e-14  1.460759311030646e-08  1.404941506269972e-16  1.886500770878556e-14  1.309591065383734e-17  1.152057131706612e-14 
 1.819700858609912e+13  2.160185036835172e-14  1.461215108728688e-08  1.341941802253283e-16  1.843561123086092e-14  1.227583564873726e-17  1.125833109777221e-14 
 1.862087136662794e+13  2.111013248283683e-14  1.461658270744830e-08  1.281760692427348e-16  1.801598744007228e-14  1.150525158689774e-17  1.100206019464263e-14 
 1.905460717963172e+13  2.062960744475935e-14  1.462088868031064e-08  1.224272413016990e-16  1.760591398768056e-14  1.078134344699604e-17  1.075162272945275e-14 
 1.949844599757969e+13  2.016002047507750e-14  1.462506993009261e-08  1.169356803175462e-16  1.720517357922962e-14  1.010144135307182e-17  1.050688591694393e-14 
 1.995262314968801e+13  1.970112259413902e-14  1.462912758102304e-08  1.116899054368572e-16  1.681355385996331e-14  9.463014290748617e-18  1.026771999441901e-14 
 2.041737944669449e+13  1.925267048967716e-14  1.463306294258479e-08  1.066789471160594e-16  1.643084730281967e-14  8.863664012569763e-18  1.003399815294042e-14 
 2.089296130853957e+13  1.881442638781111e-14  1.463687749480214e-08  1.018923242866362e-16  1.605685109894551e-14  8.301119130648046e-18  9.805596470094410e-15 
 2.137962089502148e+13  1.838615792698240e-14  1.464057287367128e-08  9.732002255593807e-17  1.569136705067621e-14  7.773229394990158e-18  9.582393844285730e-15 
 2.187761623949466e+13  1.796763803476043e-14  1.464415085682406e-08  9.295247339502742e-17  1.533420146692619e-14  7.277960155932766e-18  9.364271930527975e-15 
 2.238721138568251e+13  1.755864480745201e-14  1.464761334950422e-08  8.878053426732787e-17  1.498516506093704e-14  6.813387009130403e-18  9.151115077695504e-15 
 2.290867652767682e+13  1.715896139245086e-14  1.465096237092533e-08  8.479546965408692e-17  1.464407285033108e-14  6.377690621477534e-18  8.942810267203687e-15 
 2.344228815319829e+13  1.676837587326494e-14  1.465420004106950e-08  8.098893293479826e-17  1.431074405941945e-14  5.969151736240125e-18  8.739247053084958e-15 
 2.398832919019395e+13  1.638668115716056e-14  1.465732856797690e-08  7.735294908276814e-17  1.398500202371470e-14  5.586146355525689e-18  8.540317503428884e-15 
 2.454708915684933e+13  1.601367486536381e-14  1.466035023556648e-08  7.387989813795396e-17  1.366667409659907e-14  5.227141098045600e-18  8.345916143155269e-15 
 2.511886431509480e+13  1.564915922576097e-14  1.466326739201997e-08  7.056249942105350e-17  1.335559155810049e-14  4.890688729927463e-18  8.155939898089835e-15 
 2.570395782768761e+13  1.529294096804121e-14  1.466608243875371e-08  6.739379645458244e-17  1.305158952572954e-14  4.575423866126819e-18  7.970288040312969e-15 
 2.630267991895277e+13  1.494483122122585e-14  1.466879781999478e-08  6.436714255835162e-17  1.275450686733134e-14  4.280058839772992e-18  7.788862134752414e-15 
 2.691534803926808e+13  1.460464541353005e-14  1.467141601297206e-08  6.147618708834520e-17  1.246418611590773e-14  4.003379736569615e-18  7.611565986991717e-15 
 2.754228703338056e+13  1.427220317450355e-14  1.467393951872618e-08  5.871486228950920e-17  1.218047338636547e-14  3.744242591161152e-18  7.438305592266658e-15 
 2.818382931264341e+13  1.394732823939899e-14  1.467637085353749e-08  5.607737073439260e-17  1.190321829414783e-14  3.501569742176814e-18  7.268989085622695e-15 
 2.884031503126490e+13  1.362984835571678e-14  1.467871254096597e-08  5.355817332094130e-17  1.163227387570713e-14  3.274346342476040e-18  7.103526693206936e-15 
 2.951209226666267e+13  1.331959519187717e-14  1.468096710449332e-08  5.115197780403424e-17  1.136749651077734e-14  3.061617020947984e-18  6.941830684668867e-15 
 3.019951720401895e+13  1.301640424797100e-14  1.468313706075344e-08  4.885372783657132e-17  1.110874584640630e-14  2.862482692062821e-18  6.783815326644548e-15 
 3.090295432513466e+13  1.272011476854200e-14  1.468522491333514e-08  4.665859249708201e-17  1.085588472270822e-14  2.676097509237091e-18  6.629396837299663e-15 
 3.162277660168252e+13  1.243056965735414e-14  1.468723314713767e-08  4.456195628191990e-17  1.060877910029785e-14  2.501665957959169e-18  6.478493341907260e-15 
 3.235936569296153e+13  1.214761539409913e-14  1.468916422325830e-08  4.255940954115053e-17  1.036729798936866e-14  2.338440084525044e-18  6.331024829436716e-15 
 3.311311214825778e+13  1.187110195299967e-14  1.469102057438935e-08  4.064673933822474e-17  1.013131338037804e-14  2.185716856158645e-18  6.186913110130814e-15 
 3.388441561391889e+13  1.160088272326553e-14  1.469280460070072e-08  3.881992071446643e-17  9.900700176303571e-15  2.042835648234916e-18  6.046081774048494e-15 
 3.467368504525177e+13  1.133681443136006e-14  1.469451866618335e-08  3.707510834029027e-17  9.675336126434852e-15  1.909175854287034e-18  5.908456150551297e-15 
 3.548133892335612e+13  1.107875706503617e-14  1.469616509542870e-08  3.540862853590615e-17  9.455101761666595e-15  1.784154614460646e-18  5.773963268712016e-15 
 3.630780547700867e+13  1.082657379910129e-14  1.469774617081858e-08  3.381697164506615e-17  9.239880331259011e-15  1.667224658077165e-18  5.642531818624524e-15 
 3.715352290971576e+13  1.058013092287212e-14  1.469926413010013e-08  3.229678474616738e-17  9.029557741032549e-15  1.557872255983418e-18  5.514092113594334e-15 
 3.801893963205459e+13  1.033929776928059e-14  1.470072116432094e-08  3.084486468574386e-17  8.824022492964696e-15  1.455615278395523e-18  5.388576053189781e-15 
 3.890451449942649e+13  1.010394664559352e-14  1.470211941609944e-08  2.945815142006422e-17  8.623165626157190e-15  1.360001353989242e-18  5.265917087134279e-15 
 3.981071705534812e+13  9.873952765709267e-15  1.470346097820654e-08  2.813372165120137e-17  8.426880659142799e-15  1.270606126046023e-18  5.146050180020483e-15 
 4.073802778040962e+13  9.649194183995417e-15  1.470474789243502e-08  2.686878274455798e-17  8.235063533501423e-15  1.187031601532208e-18  5.028911776827652e-15 
 4.168693834703185e+13  9.429551730632421e-15  1.470598214873401e-08  2.566066691541894e-17  8.047612558755990e-15  1.108904589067125e-18  4.914439769223935e-15 
 4.265795188015754e+13  9.214908948429017e-15  1.470716568458687e-08  2.450682567266029e-17  7.864428358519285e-15  1.035875221822765e-18  4.802573462635717e-15 
 4.365158322401483e+13  9.005152031075815e-15  1.470830038461149e-08  2.340482450827641e-17  7.685413817863390e-15  9.676155614922340e-19  4.693253544066548e-15 
 4.466835921509450e+13  8.800169762804384e-15  1.470938808036323e-08  2.235233782189305e-17  7.510474031884216e-15  9.038182795650435e-19  4.586422050648613e-15 
 4.570881896148565e+13  8.599853459419819e-15  1.471043055032164e-08  2.134714406991659e-17  7.339516255434042e-15  8.441954122533923e-19  4.482022338910043e-15 
 4.677351412871792e+13  8.404096910675539e-15  1.471142952004303e-08  2.038712112942917e-17  7.172449853995693e-15  7.884771855239496e-19  4.379999054741805e-15 
 4.786300923226189e+13  8.212796323959774e-15  1.471238666246221e-08  1.947024186737758e-17  7.009186255672553e-15  7.364109068032500e-19  4.280298104048217e-15 
 4.897788193684263e+13  8.025850269263853e-15  1.471330359832748e-08  1.859456990602152e-17  6.849638904269148e-15  6.877599200407973e-19  4.182866624065546e-15 
 5.011872336272520e+13  7.843159625403161e-15  1.471418189675418e-08  1.775825557600549e-17  6.693723213437651e-15  6.423026209315399e-19  4.087652955333467e-15 
 5.128613839913441e+13  7.664627527462213e-15  1.471502307588295e-08  1.695953204879858e-17  6.541356521866151e-15  5.998315292177687e-19  3.994606614304532e-15 
 5.248074602497513e+13  7.490159315436018e-15  1.471582860362986e-08  1.619671164060976e-17  6.392458049485159e-15  5.601524151090457e-19  3.903678266577132e-15 
 5.370317963702309e+13  7.319662484040478e-15  1.471659989851651e-08  1.546818228023248e-17  6.246948854669250e-15  5.230834769769163e-19  3.814819700737740e-15 
 5.495408738576023e+13  7.153046633665206e-15  1.471733833056909e-08  1.477240413360333e-17  6.104751792411287e-15  4.884545675983107e-19  3.727983802798580e-15 
 5.623413251903262e+13  6.990223422442808e-15  1.471804522227620e-08  1.410790637817618e-17  5.965791473447277e-15  4.561064663373278e-19  3.643124531217169e-15 
 5.754399373371335e+13  6.831106519409155e-15  1.471872184959618e-08  1.347328412051427e-17  5.829994224310232e-15  4.258901947689932e-19  3.560196892484481e-15 
 5.888436553555650e+13  6.675611558729869e-15  1.471936944300522e-08  1.286719545079242e-17  5.697288048292029e-15  3.976663733603720e-19  3.479156917268799e-15 
 6.025595860743332e+13  6.523656094968684e-15  1.471998918857859e-08  1.228835862817645e-17  5.567602587292660e-15  3.713046169336808e-19  3.399961637102578e-15 
 6.165950018614570e+13  6.375159559374053e-15  1.472058222909783e-08  1.173554939131138e-17  5.440869084536786e-15  3.466829667426433e-19  3.322569061600017e-15 
 6.309573444801675e+13  6.230043217160764e-15  1.472114966517716e-08  1.120759838840145e-17  5.317020348137906e-15  3.236873570969712e-19  3.246938156193179e-15 
 6.456542290346291e+13  6.088230125763915e-15  1.472169255640375e-08  1.070338872160662e-17  5.195990715490905e-15  3.022111145704415e-19  3.173028820374933e-15 
 6.606934480075690e+13  5.949645094043176e-15  1.472221192248602e-08  1.022185360071026e-17  5.077716018474235e-15  2.821544879254021e-19  3.100801866437133e-15 
 6.760829753919541e+13  5.814214642415607e-15  1.472270874440558e-08  9.761974101233680e-18  4.962133549443300e-15  2.634242069806144e-19  3.030218998692771e-15 
 6.918309709189081e+13  5.681866963896011e-15  1.472318396556841e-08  9.322777022383598e-18  4.849182027997155e-15  2.459330687400443e-19  2.961242793171102e-15 
 7.079457843841089e+13  5.552531886024069e-15  1.472363849295143e-08  8.903332840420755e-18  4.738801568500921e-15  2.295995491875229e-19  2.893836677774957e-15 
 7.244359600749603e+13  5.426140833658135e-15  1.472407319824123e-08  8.502753753230522e-18  4.630933648346793e-15  2.143474392360971e-19  2.827964912889735e-15 
 7.413102413008870e+13  5.302626792615916e-15  1.472448891896191e-08  8.120191812061108e-18  4.525521076936854e-15  2.001055034013725e-19  2.763592572433784e-15 
 7.585775750291525e+13  5.181924274142810e-15  1.472488645958942e-08  7.754837136571507e-18  4.422507965371331e-15  1.868071598452708e-19  2.700685525340129e-15 
 7.762471166286597e+13  5.063969280189012e-15  1.472526659265009e-08  7.405916209500317e-18  4.321839696826247e-15  1.743901805103857e-19  2.639210417459735e-15 
 7.943282347242488e+13  4.948699269477024e-15  1.472563005980155e-08  7.072690247428033e-18  4.223462897604855e-15  1.627964101356053e-19  2.579134653876690e-15 
 8.128305161640658e+13  4.836053124341551e-15  1.472597757289406e-08  6.754453644260253e-18  4.127325408847507e-15  1.519715030109313e-19  2.520426381625948e-15 
 8.317637711026367e+13  4.725971118324185e-15  1.472630981501121e-08  6.450532484206957e-18  4.033376258885020e-15  1.418646763935351e-19  2.463054472804472e-15 
 8.511380382023414e+13  4.618394884505764e-15  1.472662744148840e-08  6.160283121174730e-18  3.941565636220958e-15  1.324284795681371e-19  2.406988508066801e-15 
 8.709635899560447e+13  4.513267384559527e-15  1.472693108090842e-08  5.883090821624065e-18  3.851844863128476e-15  1.236185775928622e-19  2.352198760496315e-15 
 8.912509381337088e+13  4.410532878508726e-15  1.472722133607318e-08  5.618368468073433e-18  3.764166369847813e-15  1.153935488269014e-19  2.298656179843626e-15 
 9.120108393558720e+13  4.310136895172623e-15  1.472749878495101e-08  5.365555320555857e-18  3.678483669370775e-15  1.077146953887061e-19  2.246332377123757e-15 
 9.332543007969525e+13  4.212026203285224e-15  1.472776398159911e-08  5.124115833452038e-18  3.594751332798863e-15  1.005458657431274e-19  2.195199609563920e-15 
 9.549925860213964e+13  4.116148783271409e-15  1.472801745706079e-08  4.893538525237748e-18  3.512924965262009e-15  9.385328866303278e-20  2.145230765893935e-15 
 9.772372209557702e+13  4.022453799665548e-15  1.472825972023732e-08  4.673334898791480e-18  3.432961182385199e-15  8.760541785553774e-20  2.096399351971478e-15 
 9.999999999999584e+13  3.930891574157896e-15  1.472849125873424e-08  4.463038410012227e-18  3.354817587290499e-15  8.177278658522061e-20  2.048679476734527e-15 
