 frequency              v(out)                 v(out)                 v(xdut.e)              v(xdut.e)              v(xdut.x)              v(xdut.x)              i(VIN)                 i(VIN)                
 1.000000000000000e+00 -3.888998525227163e+00  2.444293767583655e-07  1.944499290169179e-02  1.882719530408680e-13 -8.241342707427924e-01  8.900392197023398e-10 -1.118897103526467e-24 -4.588218961552522e-15 
 1.023292992280754e+00 -3.888998525227161e+00  2.501228683443875e-07  1.944499290169179e-02  1.926573701897313e-13 -8.241342707427924e-01  9.107708963764343e-10 -1.171629099434026e-24 -4.695092310406374e-15 
 1.047128548050899e+00 -3.888998525227160e+00  2.559489783859733e-07  1.944499290169179e-02  1.971449368263911e-13 -8.241342707427924e-01  9.319854758352661e-10 -1.226846277744534e-24 -4.804455059350097e-15 
 1.071519305237606e+00 -3.888998525227160e+00  2.619107959637847e-07  1.944499290169179e-02  2.017370323180780e-13 -8.241342707427924e-01  9.536942063296716e-10 -1.284665761496284e-24 -4.916365193960769e-15 
 1.096478196143185e+00 -3.888998525227159e+00  2.680114821124152e-07  1.944499290169179e-02  2.064360914546051e-13 -8.241342707427924e-01  9.759085981159083e-10 -1.345210193566307e-24 -5.030882050473065e-15 
 1.122018454301963e+00 -3.888998525227158e+00  2.742542714964131e-07  1.944499290169179e-02  2.112446057393263e-13 -8.241342707427924e-01  9.986404295585435e-10 -1.408607996812356e-24 -5.148066347240119e-15 
 1.148153621496882e+00 -3.888998525227158e+00  2.806424741253429e-07  1.944499290169179e-02  2.161651247101634e-13 -8.241342707427924e-01  1.021901753375499e-09 -1.474993646475008e-24 -5.267980216927193e-15 
 1.174897554939529e+00 -3.888998525227156e+00  2.871794771087962e-07  1.944499290169179e-02  2.212002572914055e-13 -8.241342707427924e-01  1.045704903028564e-09 -1.544507955417677e-24 -5.390687239455242e-15 
 1.202264434617413e+00 -3.888998525227156e+00  2.938687464522822e-07  1.944499290169179e-02  2.263526731769950e-13 -8.241342707427924e-01  1.070062499262754e-09 -1.617298372809575e-24 -5.516252475711834e-15 
 1.230268770812381e+00 -3.888998525227154e+00  3.007138288949500e-07  1.944499290169179e-02  2.316251042460348e-13 -8.241342707427924e-01  1.094987456798006e-09 -1.693519296885172e-24 -5.644742502047280e-15 
 1.258925411794167e+00 -3.888998525227153e+00  3.077183537901161e-07  1.944499290169179e-02  2.370203460112665e-13 -8.241342707427924e-01  1.120492991176724e-09 -1.773332402443551e-24 -5.776225445574313e-15 
 1.288249551693134e+00 -3.888998525227152e+00  3.148860350295955e-07  1.944499290169179e-02  2.425412591012886e-13 -8.241342707427924e-01  1.146592625770843e-09 -1.856906983782328e-24 -5.910771020289972e-15 
 1.318256738556407e+00 -3.888998525227151e+00  3.222206730128571e-07  1.944499290169179e-02  2.481907707772993e-13 -8.241342707427924e-01  1.173300198952092e-09 -1.944420313793564e-24 -6.048450564038891e-15 
 1.348962882591653e+00 -3.888998525227150e+00  3.297261566620448e-07  1.944499290169179e-02  2.539718764851693e-13 -8.241342707427923e-01  1.200629871429290e-09 -2.036058019983328e-24 -6.189337076337571e-15 
 1.380384264602885e+00 -3.888998525227148e+00  3.374064654839365e-07  1.944499290169179e-02  2.598876414436669e-13 -8.241342707427923e-01  1.228596133756535e-09 -2.132014478212531e-24 -6.333505257079688e-15 
 1.412537544622754e+00 -3.888998525227147e+00  3.452656716799303e-07  1.944499290169179e-02  2.659412022696777e-13 -8.241342707427923e-01  1.257213814016290e-09 -2.232493224994184e-24 -6.481031546142961e-15 
 1.445439770745927e+00 -3.888998525227146e+00  3.533079423051801e-07  1.944499290169179e-02  2.721357686412796e-13 -8.241342707427923e-01  1.286498085681428e-09 -2.337707389221628e-24 -6.631994163918592e-15 
 1.479108388168207e+00 -3.888998525227144e+00  3.615375414780235e-07  1.944499290169179e-02  2.784746249995580e-13 -8.241342707427923e-01  1.316464475660410e-09 -2.447880144243501e-24 -6.786473152784753e-15 
 1.513561248436208e+00 -3.888998525227142e+00  3.699588326408739e-07  1.944499290169179e-02  2.849611322900585e-13 -8.241342707427923e-01  1.347128872529855e-09 -2.563245181244323e-24 -6.944550419546114e-15 
 1.548816618912481e+00 -3.888998525227141e+00  3.785762808737744e-07  1.944499290169179e-02  2.915987297448058e-13 -8.241342707427923e-01  1.378507534958873e-09 -2.684047204934831e-24 -7.106309778861908e-15 
 1.584893192461113e+00 -3.888998525227139e+00  3.873944552618436e-07  1.944499290169179e-02  2.983909367058292e-13 -8.241342707427923e-01  1.410617100329631e-09 -2.810542452603484e-24 -7.271836997685587e-15 
 1.621810097358929e+00 -3.888998525227137e+00  3.964180313178645e-07  1.944499290169179e-02  3.053413544911650e-13 -8.241342707427923e-01  1.443474593558708e-09 -2.942999237630099e-24 -7.441219840739580e-15 
 1.659586907437560e+00 -3.888998525227136e+00  4.056517934613031e-07  1.944499290169179e-02  3.124536683043227e-13 -8.241342707427923e-01  1.477097436123935e-09 -3.081698518614508e-24 -7.614548117049321e-15 
 1.698243652461743e+00 -3.888998525227134e+00  4.151006375550711e-07  1.944499290169179e-02  3.197316491882285e-13 -8.241342707427923e-01  1.511503455301491e-09 -3.226934495327416e-24 -7.791913727561183e-15 
 1.737800828749374e+00 -3.888998525227132e+00  4.247695735013772e-07  1.944499290169179e-02  3.271791560246826e-13 -8.241342707427923e-01  1.546710893618160e-09 -3.379015232747556e-24 -7.973410713869566e-15 
 1.778279410038922e+00 -3.888998525227129e+00  4.346637278980437e-07  1.944499290169179e-02  3.348001375803890e-13 -8.241342707427923e-01  1.582738418523765e-09 -3.538263314508819e-24 -8.159135308079013e-15 
 1.819700858609982e+00 -3.888998525227127e+00  4.447883467566964e-07  1.944499290169179e-02  3.425986346006444e-13 -8.241342707427923e-01  1.619605132288892e-09 -3.705016527143381e-24 -8.349185983827724e-15 
 1.862087136662866e+00 -3.888998525227124e+00  4.551487982842692e-07  1.944499290169179e-02  3.505787819517940e-13 -8.241342707427923e-01  1.657330582133165e-09 -3.879628576572231e-24 -8.543663508499603e-15 
 1.905460717963246e+00 -3.888998525227122e+00  4.657505757292989e-07  1.944499290169179e-02  3.587448108135932e-13 -8.241342707427923e-01  1.695934770589450e-09 -4.062469838362856e-24 -8.742670996652445e-15 
 1.949844599758044e+00 -3.888998525227119e+00  4.765993002945179e-07  1.944499290169179e-02  3.671010509226348e-13 -8.241342707427922e-01  1.735438166109451e-09 -4.253928143345467e-24 -8.946313964690644e-15 
 1.995262314968878e+00 -3.888998525227116e+00  4.877007241172905e-07  1.944499290169179e-02  3.756519328680322e-13 -8.241342707427922e-01  1.775861713916363e-09 -4.454409600254193e-24 -9.154700386811385e-15 
 2.041737944669527e+00 -3.888998525227114e+00  4.990607333194723e-07  1.944499290169179e-02  3.844019904405775e-13 -8.241342707427922e-01  1.817226847110302e-09 -4.664339457138157e-24 -9.367940752253995e-15 
 2.089296130854037e+00 -3.888998525227111e+00  5.106853511283100e-07  1.944499290169179e-02  3.933558630366163e-13 -8.241342707427922e-01  1.859555498032421e-09 -4.884163003369596e-24 -9.586148123882814e-15 
 2.137962089502230e+00 -3.888998525227108e+00  5.225807410700354e-07  1.944499290169179e-02  4.025182981179175e-13 -8.241342707427922e-01  1.902870109893722e-09 -5.114346514162322e-24 -9.809438198134580e-15 
 2.187761623949550e+00 -3.888998525227104e+00  5.347532102378501e-07  1.944499290169179e-02  4.118941537288403e-13 -8.241342707427922e-01  1.947193648674753e-09 -5.355378239603967e-24 -1.003792936636226e-14 
 2.238721138568337e+00 -3.888998525227100e+00  5.472092126360281e-07  1.944499290169179e-02  4.214884010721337e-13 -8.241342707427922e-01  1.992549615302465e-09 -5.607769440299876e-24 -1.027174277760769e-14 
 2.290867652767770e+00 -3.888998525227097e+00  5.599553526019163e-07  1.944499290169179e-02  4.313061271447341e-13 -8.241342707427922e-01  2.038962058110723e-09 -5.872055471825410e-24 -1.051100240283640e-14 
 2.344228815319919e+00 -3.888998525227093e+00  5.729983883076389e-07  1.944499290169179e-02  4.413525374349582e-13 -8.241342707427922e-01  2.086455585591044e-09 -6.148796920286873e-24 -1.075583510066866e-14 
 2.398832919019488e+00 -3.888998525227089e+00  5.863452353433729e-07  1.944499290169179e-02  4.516329586825217e-13 -8.241342707427922e-01  2.135055379440351e-09 -6.438580791399834e-24 -1.100637068464160e-14 
 2.454708915685027e+00 -3.888998525227085e+00  6.000029703840822e-07  1.944499290169179e-02  4.621528417028476e-13 -8.241342707427921e-01  2.184787207912635e-09 -6.742021755606908e-24 -1.126274199203807e-14 
 2.511886431509577e+00 -3.888998525227080e+00  6.139788349416677e-07  1.944499290169179e-02  4.729177642771605e-13 -8.241342707427921e-01  2.235677439481632e-09 -7.059763451876232e-24 -1.152508495431874e-14 
 2.570395782768860e+00 -3.888998525227076e+00  6.282802392045093e-07  1.944499290169179e-02  4.839334341098995e-13 -8.241342707427921e-01  2.287753056821731e-09 -7.392479852945953e-24 -1.179353866919472e-14 
 2.630267991895378e+00 -3.888998525227072e+00  6.429147659664497e-07  1.944499290169179e-02  4.952056918550201e-13 -8.241342707427921e-01  2.341041671114548e-09 -7.740876694910815e-24 -1.206824547437905e-14 
 2.691534803926912e+00 -3.888998525227066e+00  6.578901746472882e-07  1.944499290169179e-02  5.067405142127843e-13 -8.241342707427921e-01  2.395571536688740e-09 -8.105692974183000e-24 -1.234935102305601e-14 
 2.754228703338163e+00 -3.888998525227061e+00  6.732144054069307e-07  1.944499290169179e-02  5.185440170986878e-13 -8.241342707427921e-01  2.451371566000823e-09 -8.487702515002610e-24 -1.263700436110837e-14 
 2.818382931264450e+00 -3.888998525227056e+00  6.888955833553658e-07  1.944499290169179e-02  5.306224588861985e-13 -8.241342707427920e-01  2.508471344964936e-09 -8.887715610822638e-24 -1.293135800614353e-14 
 2.884031503126602e+00 -3.888998525227050e+00  7.049420228607068e-07  1.944499290169179e-02  5.429822437250290e-13 -8.241342707427920e-01  2.566901148639693e-09 -9.306580743050007e-24 -1.323256802836029e-14 
 2.951209226666381e+00 -3.888998525227044e+00  7.213622319575793e-07  1.944499290169179e-02  5.556299249367024e-13 -8.241342707427920e-01  2.626691957280412e-09 -9.745186380788401e-24 -1.354079413329944e-14 
 3.019951720402012e+00 -3.888998525227037e+00  7.381649168581935e-07  1.944499290169179e-02  5.685722084892085e-13 -8.241342707427920e-01  2.687875472765260e-09 -1.020446286540034e-23 -1.385619974652167e-14 
 3.090295432513586e+00 -3.888998525227031e+00  7.553589865684937e-07  1.944499290169179e-02  5.818159565525986e-13 -8.241342707427920e-01  2.750484135404005e-09 -1.068538438388596e-23 -1.417895210025798e-14 
 3.162277660168374e+00 -3.888998525227024e+00  7.729535576118302e-07  1.944499290169179e-02  5.953681911373974e-13 -8.241342707427919e-01  2.814551141138301e-09 -1.118897103526424e-23 -1.450922232207847e-14 
 3.235936569296277e+00 -3.888998525227017e+00  7.909579588626628e-07  1.944499290169179e-02  6.092360978177670e-13 -8.241342707427919e-01  2.880110459142618e-09 -1.171629099433979e-23 -1.484718552562639e-14 
 3.311311214825905e+00 -3.888998525227009e+00  8.093817364928501e-07  1.944499290169179e-02  6.234270295413924e-13 -8.241342707427919e-01  2.947196849835140e-09 -1.226846277744483e-23 -1.519302090346573e-14 
 3.388441561392020e+00 -3.888998525227001e+00  8.282346590331600e-07  1.944499290169179e-02  6.379485105281131e-13 -8.241342707427919e-01  3.015845883308208e-09 -1.284665761496229e-23 -1.554691182209150e-14 
 3.467368504525310e+00 -3.888998525226993e+00  8.475267225526704e-07  1.944499290169179e-02  6.528082402593624e-13 -8.241342707427918e-01  3.086093958188043e-09 -1.345210193566246e-23 -1.590904591915303e-14 
 3.548133892335748e+00 -3.888998525226985e+00  8.672681559588208e-07  1.944499290169179e-02  6.680140975605358e-13 -8.241342707427918e-01  3.157978320933792e-09 -1.408607996812290e-23 -1.627961520294203e-14 
 3.630780547701007e+00 -3.888998525226975e+00  8.874694264209111e-07  1.944499290169179e-02  6.835741447784476e-13 -8.241342707427918e-01  3.231537085586084e-09 -1.474993646474936e-23 -1.665881615419781e-14 
 3.715352290971718e+00 -3.888998525226966e+00  9.081412449199365e-07  1.944499290169179e-02  6.994966320560944e-13 -8.241342707427918e-01  3.306809253975603e-09 -1.544507955417597e-23 -1.704684983028404e-14 
 3.801893963205605e+00 -3.888998525226956e+00  9.292945719276888e-07  1.944499290169179e-02  7.157900017069898e-13 -8.241342707427917e-01  3.383834736402375e-09 -1.617298372809489e-23 -1.744392197179202e-14 
 3.890451449942799e+00 -3.888998525226945e+00  9.509406232181444e-07  1.944499290169179e-02  7.324628926913907e-13 -8.241342707427917e-01  3.462654372796733e-09 -1.693519296885077e-23 -1.785024311162704e-14 
 3.981071705534965e+00 -3.888998525226934e+00  9.730908758142173e-07  1.944499290169179e-02  7.495241451967893e-13 -8.241342707427916e-01  3.543309954373197e-09 -1.773332402443446e-23 -1.826602868663576e-14 
 4.073802778041119e+00 -3.888998525226923e+00  9.957570740730271e-07  1.944499290169179e-02  7.669828053250960e-13 -8.241342707427916e-01  3.625844245788720e-09 -1.856906983782213e-23 -1.869149915183360e-14 
 4.168693834703346e+00 -3.888998525226911e+00  1.018951235912913e-06  1.944499290169179e-02  7.848481298890036e-13 -8.241342707427916e-01  3.710301007817082e-09 -1.944420313793438e-23 -1.912688009729298e-14 
 4.265795188015918e+00 -3.888998525226898e+00  1.042685659185494e-06  1.944499290169179e-02  8.031295913200714e-13 -8.241342707427914e-01  3.796725020551427e-09 -2.036058019983191e-23 -1.957240236775413e-14 
 4.365158322401651e+00 -3.888998525226885e+00  1.066972928196152e-06  1.944499290169179e-02  8.218368826911341e-13 -8.241342707427914e-01  3.885162107147266e-09 -2.132014478212381e-23 -2.002830218502204e-14 
 4.466835921509622e+00 -3.888998525226871e+00  1.091825920376394e-06  1.944499290169179e-02  8.409799228556963e-13 -8.241342707427913e-01  3.975659158118511e-09 -2.232493224994018e-23 -2.049482127321437e-14 
 4.570881896148741e+00 -3.888998525226856e+00  1.117257813111645e-06  1.944499290169179e-02  8.605688617070420e-13 -8.241342707427913e-01  4.068264156199459e-09 -2.337707389221448e-23 -2.097220698692679e-14 
 4.677351412871972e+00 -3.888998525226842e+00  1.143282090728062e-06  1.944499290169179e-02  8.806140855598402e-13 -8.241342707427912e-01  4.163026201785866e-09 -2.447880144243304e-23 -2.146071244238366e-14 
 4.786300923226373e+00 -3.888998525226826e+00  1.169912551642110e-06  1.944499290169179e-02  9.011262226571075e-13 -8.241342707427912e-01  4.259995538968625e-09 -2.563245181244108e-23 -2.196059665164358e-14 
 4.897788193684452e+00 -3.888998525226809e+00  1.197163315676662e-06  1.944499290169179e-02  9.221161488054431e-13 -8.241342707427911e-01  4.359223582173850e-09 -2.684047204934596e-23 -2.247212465993107e-14 
 5.011872336272712e+00 -3.888998525226792e+00  1.225048831547515e-06  1.944499290169179e-02  9.435949931415251e-13 -8.241342707427911e-01  4.460762943423486e-09 -2.810542452603226e-23 -2.299556768616699e-14 
 5.128613839913638e+00 -3.888998525226774e+00  1.253583884524293e-06  1.944499290169179e-02  9.655741440329273e-13 -8.241342707427910e-01  4.564667460230903e-09 -2.942999237629817e-23 -2.353120326677244e-14 
 5.248074602497715e+00 -3.888998525226754e+00  1.282783604269788e-06  1.944499290169179e-02  9.880652551163798e-13 -8.241342707427910e-01  4.670992224146248e-09 -3.081698518614199e-23 -2.407931540282222e-14 
 5.370317963702516e+00 -3.888998525226735e+00  1.312663472861916e-06  1.944499290169179e-02  1.011080251476685e-12 -8.241342707427909e-01  4.779793609966725e-09 -3.226934495327078e-23 -2.464019471062600e-14 
 5.495408738576233e+00 -3.888998525226714e+00  1.343239333002509e-06  1.944499290169179e-02  1.034631335969552e-12 -8.241342707427908e-01  4.891129305627252e-09 -3.379015232747187e-23 -2.521413857581688e-14 
 5.623413251903478e+00 -3.888998525226692e+00  1.374527396417334e-06  1.944499290169179e-02  1.058730995691715e-12 -8.241342707427908e-01  5.005058342787370e-09 -3.538263314508415e-23 -2.580145131102926e-14 
 5.754399373371556e+00 -3.888998525226669e+00  1.406544252451760e-06  1.944499290169179e-02  1.083392008601754e-12 -8.241342707427907e-01  5.121641128130610e-09 -3.705016527142939e-23 -2.640244431724931e-14 
 5.888436553555876e+00 -3.888998525226645e+00  1.439306876866649e-06  1.944499290169179e-02  1.108627450295143e-12 -8.241342707427906e-01  5.240939475392917e-09 -3.879628576571746e-23 -2.701743624892404e-14 
 6.025595860743564e+00 -3.888998525226620e+00  1.472832640839131e-06  1.944499290169179e-02  1.134450700937097e-12 -8.241342707427904e-01  5.363016638137110e-09 -4.062469838362327e-23 -2.764675318291599e-14 
 6.165950018614807e+00 -3.888998525226594e+00  1.507139320173029e-06  1.944499290169179e-02  1.160875452356918e-12 -8.241342707427903e-01  5.487937343290755e-09 -4.253928143344884e-23 -2.829072879139357e-14 
 6.309573444801917e+00 -3.888998525226566e+00  1.542245104723829e-06  1.944499290169179e-02  1.187915715307581e-12 -8.241342707427903e-01  5.615767825465250e-09 -4.454409600253556e-23 -2.894970451874840e-14 
 6.456542290346539e+00 -3.888998525226537e+00  1.578168608043180e-06  1.944499290169179e-02  1.215585826894423e-12 -8.241342707427902e-01  5.746575862074277e-09 -4.664339457137459e-23 -2.962402976263372e-14 
 6.606934480075944e+00 -3.888998525226508e+00  1.614928877248046e-06  1.944499290169179e-02  1.243900458176866e-12 -8.241342707427901e-01  5.880430809270297e-09 -4.884163003368833e-23 -3.031406205921958e-14 
 6.760829753919801e+00 -3.888998525226476e+00  1.652545403119738e-06  1.944499290169179e-02  1.272874621947202e-12 -8.241342707427900e-01  6.017403638718089e-09 -5.114346514161484e-23 -3.102016727276328e-14 
 6.918309709189348e+00 -3.888998525226442e+00  1.691038130438188e-06  1.944499290169179e-02  1.302523680690581e-12 -8.241342707427899e-01  6.157566975224880e-09 -5.355378239603050e-23 -3.174271978959546e-14 
 7.079457843841362e+00 -3.888998525226408e+00  1.730427468556930e-06  1.944499290169179e-02  1.332863354730401e-12 -8.241342707427897e-01  6.300995135246962e-09 -5.607769440298872e-23 -3.248210271662464e-14 
 7.244359600749883e+00 -3.888998525226372e+00  1.770734302224415e-06  1.944499290169179e-02  1.363909730563432e-12 -8.241342707427896e-01  6.447764166293282e-09 -5.872055471824312e-23 -3.323870808446564e-14 
 7.413102413009157e+00 -3.888998525226333e+00  1.811980002657377e-06  1.944499290169179e-02  1.395679269389086e-12 -8.241342707427894e-01  6.597951887246809e-09 -6.148796920285670e-23 -3.401293705529934e-14 
 7.585775750291819e+00 -3.888998525226294e+00  1.854186438872137e-06  1.944499290169179e-02  1.428188815837368e-12 -8.241342707427893e-01  6.751637929625169e-09 -6.438580791398512e-23 -3.480520013557420e-14 
 7.762471166286898e+00 -3.888998525226252e+00  1.897375989279845e-06  1.944499290169179e-02  1.461455606900121e-12 -8.241342707427891e-01  6.908903779802301e-09 -6.742021755605463e-23 -3.561591739366223e-14 
 7.943282347242794e+00 -3.888998525226208e+00  1.941571553551806e-06  1.944499290169179e-02  1.495497281070304e-12 -8.241342707427890e-01  7.069832822213629e-09 -7.059763451874644e-23 -3.644551868258477e-14 
 8.128305161640972e+00 -3.888998525226163e+00  1.986796564761197e-06  1.944499290169179e-02  1.530331887694155e-12 -8.241342707427888e-01  7.234510383567588e-09 -7.392479852944217e-23 -3.729444386792630e-14 
 8.317637711026689e+00 -3.888998525226115e+00  2.033075001807583e-06  1.944499290169179e-02  1.565977896541200e-12 -8.241342707427887e-01  7.403023778086974e-09 -7.740876694908911e-23 -3.816314306105693e-14 
 8.511380382023743e+00 -3.888998525226065e+00  2.080431402130855e-06  1.944499290169179e-02  1.602454207597157e-12 -8.241342707427884e-01  7.575462353804099e-09 -8.105692974180913e-23 -3.905207685778744e-14 
 8.709635899560784e+00 -3.888998525226013e+00  2.128890874721299e-06  1.944499290169179e-02  1.639780161084971e-12 -8.241342707427883e-01  7.751917539934297e-09 -8.487702515000323e-23 -3.996171658258329e-14 
 8.912509381337431e+00 -3.888998525225958e+00  2.178479113432719e-06  1.944499290169179e-02  1.677975547719247e-12 -8.241342707427881e-01  7.932482895352915e-09 -8.887715610820128e-23 -4.089254453846708e-14 
 9.120108393559072e+00 -3.888998525225900e+00  2.229222410605658e-06  1.944499290169179e-02  1.717060619199555e-12 -8.241342707427879e-01  8.117254158201464e-09 -9.306580743047255e-23 -4.184505426274199e-14 
 9.332543007969884e+00 -3.888998525225839e+00  2.281147671007943e-06  1.944499290169179e-02  1.757056098948147e-12 -8.241342707427877e-01  8.306329296649243e-09 -9.745186380785384e-23 -4.281975078867178e-14 
 9.549925860214332e+00 -3.888998525225776e+00  2.334282426099954e-06  1.944499290169179e-02  1.797983193097786e-12 -8.241342707427874e-01  8.499808560837361e-09 -1.020446286539704e-22 -4.381715091325611e-14 
 9.772372209558078e+00 -3.888998525225710e+00  2.388654848632160e-06  1.944499290169179e-02  1.839863601735526e-12 -8.241342707427872e-01  8.697794536032687e-09 -1.068538438388234e-22 -4.483778347124322e-14 
 9.999999999999970e+00 -3.888998525225641e+00  2.444293767582691e-06  1.944499290169179e-02  1.882719530408379e-12 -8.241342707427870e-01  8.900392197019926e-09 -1.118897103526028e-22 -4.588218961552501e-14 
 1.023292992280751e+01 -3.888998525225569e+00  2.501228683442844e-06  1.944499290169179e-02  1.926573701896992e-12 -8.241342707427867e-01  9.107708963760630e-09 -1.171629099433545e-22 -4.695092310406353e-14 
 1.047128548050896e+01 -3.888998525225493e+00  2.559489783858629e-06  1.944499290169179e-02  1.971449368263567e-12 -8.241342707427864e-01  9.319854758348677e-09 -1.226846277744007e-22 -4.804455059350076e-14 
 1.071519305237603e+01 -3.888998525225413e+00  2.619107959636663e-06  1.944499290169180e-02  2.017370323180411e-12 -8.241342707427861e-01  9.536942063292449e-09 -1.284665761495706e-22 -4.916365193960747e-14 
 1.096478196143182e+01 -3.888998525225331e+00  2.680114821122885e-06  1.944499290169180e-02  2.064360914545658e-12 -8.241342707427858e-01  9.759085981154517e-09 -1.345210193565674e-22 -5.030882050473042e-14 
 1.122018454301960e+01 -3.888998525225244e+00  2.742542714962774e-06  1.944499290169180e-02  2.112446057392840e-12 -8.241342707427856e-01  9.986404295580540e-09 -1.408607996811662e-22 -5.148066347240093e-14 
 1.148153621496879e+01 -3.888998525225153e+00  2.806424741251974e-06  1.944499290169180e-02  2.161651247101182e-12 -8.241342707427852e-01  1.021901753374975e-08 -1.474993646474248e-22 -5.267980216927168e-14 
 1.174897554939526e+01 -3.888998525225058e+00  2.871794771086402e-06  1.944499290169180e-02  2.212002572913569e-12 -8.241342707427849e-01  1.045704903028002e-08 -1.544507955416843e-22 -5.390687239455217e-14 
 1.202264434617409e+01 -3.888998525224957e+00  2.938687464521153e-06  1.944499290169180e-02  2.263526731769430e-12 -8.241342707427844e-01  1.070062499262153e-08 -1.617298372808661e-22 -5.516252475711805e-14 
 1.230268770812378e+01 -3.888998525224852e+00  3.007138288947712e-06  1.944499290169180e-02  2.316251042459791e-12 -8.241342707427841e-01  1.094987456797361e-08 -1.693519296884171e-22 -5.644742502047251e-14 
 1.258925411794163e+01 -3.888998525224743e+00  3.077183537899244e-06  1.944499290169180e-02  2.370203460112069e-12 -8.241342707427837e-01  1.120492991176034e-08 -1.773332402442452e-22 -5.776225445574280e-14 
 1.288249551693130e+01 -3.888998525224628e+00  3.148860350293903e-06  1.944499290169180e-02  2.425412591012247e-12 -8.241342707427833e-01  1.146592625770103e-08 -1.856906983781124e-22 -5.910771020289938e-14 
 1.318256738556403e+01 -3.888998525224509e+00  3.222206730126371e-06  1.944499290169180e-02  2.481907707772309e-12 -8.241342707427829e-01  1.173300198951299e-08 -1.944420313792244e-22 -6.048450564038856e-14 
 1.348962882591649e+01 -3.888998525224383e+00  3.297261566618092e-06  1.944499290169180e-02  2.539718764850960e-12 -8.241342707427824e-01  1.200629871428440e-08 -2.036058019981881e-22 -6.189337076337535e-14 
 1.380384264602880e+01 -3.888998525224251e+00  3.374064654836840e-06  1.944499290169180e-02  2.598876414435884e-12 -8.241342707427819e-01  1.228596133755625e-08 -2.132014478210945e-22 -6.333505257079649e-14 
 1.412537544622749e+01 -3.888998525224113e+00  3.452656716796597e-06  1.944499290169180e-02  2.659412022695935e-12 -8.241342707427814e-01  1.257213814015315e-08 -2.232493224992444e-22 -6.481031546142920e-14 
 1.445439770745922e+01 -3.888998525223969e+00  3.533079423048903e-06  1.944499290169180e-02  2.721357686411896e-12 -8.241342707427809e-01  1.286498085680383e-08 -2.337707389219722e-22 -6.631994163918548e-14 
 1.479108388168202e+01 -3.888998525223817e+00  3.615375414777132e-06  1.944499290169180e-02  2.784746249994616e-12 -8.241342707427803e-01  1.316464475659291e-08 -2.447880144241413e-22 -6.786473152784709e-14 
 1.513561248436203e+01 -3.888998525223659e+00  3.699588326405413e-06  1.944499290169180e-02  2.849611322899553e-12 -8.241342707427798e-01  1.347128872528655e-08 -2.563245181242033e-22 -6.944550419546068e-14 
 1.548816618912476e+01 -3.888998525223494e+00  3.785762808734181e-06  1.944499290169180e-02  2.915987297446952e-12 -8.241342707427792e-01  1.378507534957588e-08 -2.684047204932322e-22 -7.106309778861861e-14 
 1.584893192461108e+01 -3.888998525223319e+00  3.873944552614619e-06  1.944499290169180e-02  2.983909367057107e-12 -8.241342707427786e-01  1.410617100328254e-08 -2.810542452600733e-22 -7.271836997685537e-14 
 1.621810097358924e+01 -3.888998525223137e+00  3.964180313174554e-06  1.944499290169180e-02  3.053413544910380e-12 -8.241342707427779e-01  1.443474593557233e-08 -2.942999237627082e-22 -7.441219840739527e-14 
 1.659586907437554e+01 -3.888998525222947e+00  4.056517934608648e-06  1.944499290169180e-02  3.124536683041867e-12 -8.241342707427772e-01  1.477097436122355e-08 -3.081698518611202e-22 -7.614548117049264e-14 
 1.698243652461738e+01 -3.888998525222747e+00  4.151006375546016e-06  1.944499290169180e-02  3.197316491880828e-12 -8.241342707427766e-01  1.511503455299798e-08 -3.226934495323792e-22 -7.791913727561122e-14 
 1.737800828749369e+01 -3.888998525222539e+00  4.247695735008742e-06  1.944499290169180e-02  3.271791560245265e-12 -8.241342707427758e-01  1.546710893616346e-08 -3.379015232743584e-22 -7.973410713869503e-14 
 1.778279410038916e+01 -3.888998525222320e+00  4.346637278975049e-06  1.944499290169180e-02  3.348001375802220e-12 -8.241342707427750e-01  1.582738418521823e-08 -3.538263314504466e-22 -8.159135308078947e-14 
 1.819700858609976e+01 -3.888998525222092e+00  4.447883467561191e-06  1.944499290169180e-02  3.425986346004654e-12 -8.241342707427741e-01  1.619605132286810e-08 -3.705016527138608e-22 -8.349185983827655e-14 
 1.862087136662860e+01 -3.888998525221852e+00  4.551487982836508e-06  1.944499290169180e-02  3.505787819516023e-12 -8.241342707427732e-01  1.657330582130936e-08 -3.879628576567001e-22 -8.543663508499531e-14 
 1.905460717963240e+01 -3.888998525221600e+00  4.657505757286363e-06  1.944499290169180e-02  3.587448108133879e-12 -8.241342707427723e-01  1.695934770587061e-08 -4.062469838357123e-22 -8.742670996652371e-14 
 1.949844599758038e+01 -3.888998525221338e+00  4.765993002938081e-06  1.944499290169180e-02  3.671010509224148e-12 -8.241342707427715e-01  1.735438166106892e-08 -4.253928143339184e-22 -8.946313964690565e-14 
 1.995262314968872e+01 -3.888998525221063e+00  4.877007241165300e-06  1.944499290169180e-02  3.756519328677966e-12 -8.241342707427705e-01  1.775861713913621e-08 -4.454409600247304e-22 -9.154700386811303e-14 
 2.041737944669521e+01 -3.888998525220774e+00  4.990607333186576e-06  1.944499290169180e-02  3.844019904403252e-12 -8.241342707427693e-01  1.817226847107365e-08 -4.664339457130607e-22 -9.367940752253913e-14 
 2.089296130854031e+01 -3.888998525220472e+00  5.106853511274368e-06  1.944499290169180e-02  3.933558630363460e-12 -8.241342707427683e-01  1.859555498029273e-08 -4.884163003361316e-22 -9.586148123882722e-14 
 2.137962089502224e+01 -3.888998525220156e+00  5.225807410691001e-06  1.944499290169180e-02  4.025182981176279e-12 -8.241342707427671e-01  1.902870109890350e-08 -5.114346514153246e-22 -9.809438198134486e-14 
 2.187761623949544e+01 -3.888998525219826e+00  5.347532102368480e-06  1.944499290169180e-02  4.118941537285300e-12 -8.241342707427660e-01  1.947193648671139e-08 -5.355378239594016e-22 -1.003792936636216e-13 
 2.238721138568331e+01 -3.888998525219479e+00  5.472092126349545e-06  1.944499290169180e-02  4.214884010718013e-12 -8.241342707427647e-01  1.992549615298594e-08 -5.607769440288968e-22 -1.027174277760759e-13 
 2.290867652767764e+01 -3.888998525219116e+00  5.599553526007658e-06  1.944499290169180e-02  4.313061271443781e-12 -8.241342707427635e-01  2.038962058106575e-08 -5.872055471813450e-22 -1.051100240283629e-13 
 2.344228815319913e+01 -3.888998525218736e+00  5.729983883064062e-06  1.944499290169180e-02  4.413525374345766e-12 -8.241342707427620e-01  2.086455585586599e-08 -6.148796920273760e-22 -1.075583510066854e-13 
 2.398832919019481e+01 -3.888998525218339e+00  5.863452353420522e-06  1.944499290169180e-02  4.516329586821130e-12 -8.241342707427606e-01  2.135055379435590e-08 -6.438580791385458e-22 -1.100637068464147e-13 
 2.454708915685020e+01 -3.888998525217922e+00  6.000029703826671e-06  1.944499290169180e-02  4.621528417024097e-12 -8.241342707427591e-01  2.184787207907533e-08 -6.742021755591149e-22 -1.126274199203794e-13 
 2.511886431509570e+01 -3.888998525217486e+00  6.139788349401512e-06  1.944499290169180e-02  4.729177642766912e-12 -8.241342707427576e-01  2.235677439476165e-08 -7.059763451858951e-22 -1.152508495431860e-13 
 2.570395782768853e+01 -3.888998525217029e+00  6.282802392028848e-06  1.944499290169180e-02  4.839334341093968e-12 -8.241342707427559e-01  2.287753056815873e-08 -7.392479852927010e-22 -1.179353866919457e-13 
 2.630267991895371e+01 -3.888998525216551e+00  6.429147659647090e-06  1.944499290169180e-02  4.952056918544815e-12 -8.241342707427541e-01  2.341041671108272e-08 -7.740876694890046e-22 -1.206824547437889e-13 
 2.691534803926904e+01 -3.888998525216050e+00  6.578901746454231e-06  1.944499290169180e-02  5.067405142122072e-12 -8.241342707427524e-01  2.395571536682015e-08 -8.105692974160224e-22 -1.234935102305583e-13 
 2.754228703338154e+01 -3.888998525215526e+00  6.732144054049321e-06  1.944499290169180e-02  5.185440170980695e-12 -8.241342707427505e-01  2.451371565993617e-08 -8.487702514977641e-22 -1.263700436110819e-13 
 2.818382931264442e+01 -3.888998525214976e+00  6.888955833532243e-06  1.944499290169180e-02  5.306224588855360e-12 -8.241342707427485e-01  2.508471344957215e-08 -8.887715610795265e-22 -1.293135800614333e-13 
 2.884031503126593e+01 -3.888998525214402e+00  7.049420228584123e-06  1.944499290169180e-02  5.429822437243193e-12 -8.241342707427464e-01  2.566901148631421e-08 -9.306580743019994e-22 -1.323256802836009e-13 
 2.951209226666373e+01 -3.888998525213800e+00  7.213622319551211e-06  1.944499290169180e-02  5.556299249359421e-12 -8.241342707427443e-01  2.626691957271549e-08 -9.745186380755499e-22 -1.354079413329923e-13 
 3.019951720402003e+01 -3.888998525213169e+00  7.381649168555595e-06  1.944499290169180e-02  5.685722084883939e-12 -8.241342707427419e-01  2.687875472755763e-08 -1.020446286536426e-21 -1.385619974652144e-13 
 3.090295432513577e+01 -3.888998525212509e+00  7.553589865656714e-06  1.944499290169180e-02  5.818159565517257e-12 -8.241342707427396e-01  2.750484135393828e-08 -1.068538438384641e-21 -1.417895210025774e-13 
 3.162277660168365e+01 -3.888998525211818e+00  7.729535576088065e-06  1.944499290169180e-02  5.953681911364624e-12 -8.241342707427372e-01  2.814551141127399e-08 -1.118897103522088e-21 -1.450922232207821e-13 
 3.235936569296268e+01 -3.888998525211094e+00  7.909579588594224e-06  1.944499290169180e-02  6.092360978167649e-12 -8.241342707427345e-01  2.880110459130935e-08 -1.171629099429225e-21 -1.484718552562612e-13 
 3.311311214825896e+01 -3.888998525210336e+00  8.093817364893786e-06  1.944499290169180e-02  6.234270295403191e-12 -8.241342707427317e-01  2.947196849822624e-08 -1.226846277739271e-21 -1.519302090346544e-13 
 3.388441561392010e+01 -3.888998525209542e+00  8.282346590294397e-06  1.944499290169180e-02  6.379485105269628e-12 -8.241342707427289e-01  3.015845883294795e-08 -1.284665761490513e-21 -1.554691182209118e-13 
 3.467368504525301e+01 -3.888998525208711e+00  8.475267225486847e-06  1.944499290169180e-02  6.528082402581301e-12 -8.241342707427259e-01  3.086093958173673e-08 -1.345210193559980e-21 -1.590904591915271e-13 
 3.548133892335738e+01 -3.888998525207840e+00  8.672681559545497e-06  1.944499290169180e-02  6.680140975592153e-12 -8.241342707427227e-01  3.157978320918393e-08 -1.408607996805419e-21 -1.627961520294168e-13 
 3.630780547700997e+01 -3.888998525206929e+00  8.874694264163351e-06  1.944499290169180e-02  6.835741447770328e-12 -8.241342707427195e-01  3.231537085569585e-08 -1.474993646467403e-21 -1.665881615419743e-13 
 3.715352290971708e+01 -3.888998525205975e+00  9.081412449150334e-06  1.944499290169180e-02  6.994966320545785e-12 -8.241342707427161e-01  3.306809253957925e-08 -1.544507955409338e-21 -1.704684983028364e-13 
 3.801893963205595e+01 -3.888998525204975e+00  9.292945719224346e-06  1.944499290169180e-02  7.157900017053655e-12 -8.241342707427124e-01  3.383834736383432e-08 -1.617298372800432e-21 -1.744392197179159e-13 
 3.890451449942788e+01 -3.888998525203929e+00  9.509406232125150e-06  1.944499290169180e-02  7.324628926896506e-12 -8.241342707427086e-01  3.462654372776437e-08 -1.693519296875148e-21 -1.785024311162659e-13 
 3.981071705534954e+01 -3.888998525202834e+00  9.730908758081854e-06  1.944499290169180e-02  7.495241451949247e-12 -8.241342707427047e-01  3.543309954351449e-08 -1.773332402432559e-21 -1.826602868663527e-13 
 4.073802778041109e+01 -3.888998525201687e+00  9.957570740665642e-06  1.944499290169180e-02  7.669828053230984e-12 -8.241342707427006e-01  3.625844245765419e-08 -1.856906983770277e-21 -1.869149915183308e-13 
 4.168693834703335e+01 -3.888998525200485e+00  1.018951235905988e-05  1.944499290169180e-02  7.848481298868631e-12 -8.241342707426963e-01  3.710301007792115e-08 -1.944420313780352e-21 -1.912688009729243e-13 
 4.265795188015907e+01 -3.888998525199227e+00  1.042685659178074e-05  1.944499290169180e-02  8.031295913177779e-12 -8.241342707426917e-01  3.796725020524674e-08 -2.036058019968842e-21 -1.957240236775355e-13 
 4.365158322401639e+01 -3.888998525197910e+00  1.066972928188201e-05  1.944499290169180e-02  8.218368826886766e-12 -8.241342707426870e-01  3.885162107118598e-08 -2.132014478196648e-21 -2.002830218502142e-13 
 4.466835921509610e+01 -3.888998525196530e+00  1.091825920367874e-05  1.944499290169180e-02  8.409799228530633e-12 -8.241342707426820e-01  3.975659158087794e-08 -2.232493224976768e-21 -2.049482127321371e-13 
 4.570881896148729e+01 -3.888998525195086e+00  1.117257813102516e-05  1.944499290169180e-02  8.605688617042204e-12 -8.241342707426768e-01  4.068264156166546e-08 -2.337707389202533e-21 -2.097220698692608e-13 
 4.677351412871960e+01 -3.888998525193573e+00  1.143282090718280e-05  1.944499290169180e-02  8.806140855568171e-12 -8.241342707426713e-01  4.163026201750599e-08 -2.447880144222566e-21 -2.146071244238289e-13 
 4.786300923226361e+01 -3.888998525191989e+00  1.169912551631629e-05  1.944499290169180e-02  9.011262226538683e-12 -8.241342707426657e-01  4.259995538930837e-08 -2.563245181221370e-21 -2.196059665164277e-13 
 4.897788193684438e+01 -3.888998525190332e+00  1.197163315665432e-05  1.944499290169181e-02  9.221161488019722e-12 -8.241342707426597e-01  4.359223582133358e-08 -2.684047204909663e-21 -2.247212465993020e-13 
 5.011872336272698e+01 -3.888998525188595e+00  1.225048831535482e-05  1.944499290169181e-02  9.435949931378059e-12 -8.241342707426533e-01  4.460762943380100e-08 -2.810542452575888e-21 -2.299556768616605e-13 
 5.128613839913623e+01 -3.888998525186776e+00  1.253583884511399e-05  1.944499290169181e-02  9.655741440289424e-12 -8.241342707426468e-01  4.564667460184415e-08 -2.942999237599843e-21 -2.353120326677144e-13 
 5.248074602497700e+01 -3.888998525184873e+00  1.282783604255973e-05  1.944499290169181e-02  9.880652551121104e-12 -8.241342707426400e-01  4.670992224096437e-08 -3.081698518581335e-21 -2.407931540282115e-13 
 5.370317963702501e+01 -3.888998525182878e+00  1.312663472847112e-05  1.944499290169181e-02  1.011080251472110e-11 -8.241342707426328e-01  4.779793609913351e-08 -3.226934495291043e-21 -2.464019471062486e-13 
 5.495408738576219e+01 -3.888998525180790e+00  1.343239332986647e-05  1.944499290169181e-02  1.034631335964650e-11 -8.241342707426252e-01  4.891129305570061e-08 -3.379015232707677e-21 -2.521413857581568e-13 
 5.623413251903463e+01 -3.888998525178605e+00  1.374527396400337e-05  1.944499290169181e-02  1.058730995686463e-11 -8.241342707426174e-01  5.005058342726089e-08 -3.538263314465093e-21 -2.580145131102796e-13 
 5.754399373371541e+01 -3.888998525176316e+00  1.406544252433548e-05  1.944499290169181e-02  1.083392008596127e-11 -8.241342707426091e-01  5.121641128064949e-08 -3.705016527095439e-21 -2.640244431724793e-13 
 5.888436553555861e+01 -3.888998525173919e+00  1.439306876847134e-05  1.944499290169181e-02  1.108627450289113e-11 -8.241342707426005e-01  5.240939475322559e-08 -3.879628576519665e-21 -2.701743624892256e-13 
 6.025595860743547e+01 -3.888998525171408e+00  1.472832640818220e-05  1.944499290169181e-02  1.134450700930636e-11 -8.241342707425914e-01  5.363016638061720e-08 -4.062469838305220e-21 -2.764675318291441e-13 
 6.165950018614791e+01 -3.888998525168780e+00  1.507139320150624e-05  1.944499290169181e-02  1.160875452349995e-11 -8.241342707425819e-01  5.487937343209976e-08 -4.253928143282272e-21 -2.829072879139188e-13 
 6.309573444801901e+01 -3.888998525166028e+00  1.542245104699822e-05  1.944499290169181e-02  1.187915715300163e-11 -8.241342707425721e-01  5.615767825378695e-08 -4.454409600184905e-21 -2.894970451874660e-13 
 6.456542290346522e+01 -3.888998525163146e+00  1.578168608017456e-05  1.944499290169181e-02  1.215585826886475e-11 -8.241342707425616e-01  5.746575861981531e-08 -4.664339457062185e-21 -2.962402976263179e-13 
 6.606934480075925e+01 -3.888998525160128e+00  1.614928877220482e-05  1.944499290169181e-02  1.243900458168348e-11 -8.241342707425507e-01  5.880430809170916e-08 -4.884163003286295e-21 -3.031406205921751e-13 
 6.760829753919782e+01 -3.888998525156968e+00  1.652545403090203e-05  1.944499290169182e-02  1.272874621938076e-11 -8.241342707425393e-01  6.017403638611603e-08 -5.114346514070986e-21 -3.102016727276106e-13 
 6.918309709189329e+01 -3.888998525153659e+00  1.691038130406540e-05  1.944499290169182e-02  1.302523680680802e-11 -8.241342707425274e-01  6.157566975110777e-08 -5.355378239503819e-21 -3.174271978959308e-13 
 7.079457843841342e+01 -3.888998525150195e+00  1.730427468523020e-05  1.944499290169182e-02  1.332863354719924e-11 -8.241342707425149e-01  6.300995135124704e-08 -5.607769440190075e-21 -3.248210271662211e-13 
 7.244359600749863e+01 -3.888998525146567e+00  1.770734302188080e-05  1.944499290169182e-02  1.363909730552205e-11 -8.241342707425019e-01  6.447764166162278e-08 -5.872055471705017e-21 -3.323870808446293e-13 
 7.413102413009136e+01 -3.888998525142767e+00  1.811980002618444e-05  1.944499290169182e-02  1.395679269377056e-11 -8.241342707424881e-01  6.597951887106439e-08 -6.148796920154870e-21 -3.401293705529644e-13 
 7.585775750291798e+01 -3.888998525138789e+00  1.854186438830420e-05  1.944499290169182e-02  1.428188815824478e-11 -8.241342707424738e-01  6.751637929474758e-08 -6.438580791255091e-21 -3.480520013557109e-13 
 7.762471166286876e+01 -3.888998525134624e+00  1.897375989235143e-05  1.944499290169182e-02  1.461455606886310e-11 -8.241342707424588e-01  6.908903779641134e-08 -6.742021755448207e-21 -3.561591739365890e-13 
 7.943282347242773e+01 -3.888998525130262e+00  1.941571553503908e-05  1.944499290169182e-02  1.495497281055505e-11 -8.241342707424431e-01  7.069832822040936e-08 -7.059763451702219e-21 -3.644551868258123e-13 
 8.128305161640949e+01 -3.888998525125695e+00  1.986796564709874e-05  1.944499290169182e-02  1.530331887678299e-11 -8.241342707424266e-01  7.234510383382550e-08 -7.392479852755162e-21 -3.729444386792250e-13 
 8.317637711026666e+01 -3.888998525120912e+00  2.033075001752590e-05  1.944499290169183e-02  1.565977896524209e-11 -8.241342707424093e-01  7.403023777888700e-08 -7.740876694701615e-21 -3.816314306105286e-13 
 8.511380382023719e+01 -3.888998525115904e+00  2.080431402071929e-05  1.944499290169183e-02  1.602454207578952e-11 -8.241342707423913e-01  7.575462353591646e-08 -8.105692973953623e-21 -3.905207685778309e-13 
 8.709635899560760e+01 -3.888998525110659e+00  2.128890874658158e-05  1.944499290169183e-02  1.639780161065463e-11 -8.241342707423724e-01  7.751917539706649e-08 -8.487702514751102e-21 -3.996171658257864e-13 
 8.912509381337408e+01 -3.888998525105169e+00  2.178479113365063e-05  1.944499290169183e-02  1.677975547698344e-11 -8.241342707423526e-01  7.932482895108989e-08 -8.887715610546867e-21 -4.089254453846209e-13 
 9.120108393559049e+01 -3.888998525099418e+00  2.229222410533164e-05  1.944499290169183e-02  1.717060619177158e-11 -8.241342707423318e-01  8.117254157940095e-08 -9.306580742747638e-21 -4.184505426273665e-13 
 9.332543007969861e+01 -3.888998525093396e+00  2.281147670930266e-05  1.944499290169183e-02  1.757056098924148e-11 -8.241342707423102e-01  8.306329296369182e-08 -9.745186380456864e-21 -4.281975078866607e-13 
 9.549925860214309e+01 -3.888998525087092e+00  2.334282426016721e-05  1.944499290169184e-02  1.797983193072071e-11 -8.241342707422874e-01  8.499808560537270e-08 -1.020446286503682e-20 -4.381715091325001e-13 
 9.772372209558054e+01 -3.888998525080490e+00  2.388654848542974e-05  1.944499290169184e-02  1.839863601707973e-11 -8.241342707422636e-01  8.697794535711135e-08 -1.068538438348738e-20 -4.483778347123668e-13 
 9.999999999999946e+01 -3.888998525073577e+00  2.444293767487128e-05  1.944499290169184e-02  1.882719530378855e-11 -8.241342707422387e-01  8.900392196675379e-08 -1.118897103482721e-20 -4.588218961551800e-13 
 1.023292992280749e+02 -3.888998525066338e+00  2.501228683340445e-05  1.944499290169184e-02  1.926573701865357e-11 -8.241342707422126e-01  9.107708963391438e-08 -1.171629099386060e-20 -4.695092310405603e-13 
 1.047128548050894e+02 -3.888998525058757e+00  2.559489783748907e-05  1.944499290169184e-02  1.971449368229669e-11 -8.241342707421853e-01  9.319854757953086e-08 -1.226846277691941e-20 -4.804455059349273e-13 
 1.071519305237600e+02 -3.888998525050820e+00  2.619107959519094e-05  1.944499290169185e-02  2.017370323144089e-11 -8.241342707421566e-01  9.536942062868563e-08 -1.284665761438617e-20 -4.916365193959886e-13 
 1.096478196143179e+02 -3.888998525042508e+00  2.680114820996907e-05  1.944499290169185e-02  2.064360914506738e-11 -8.241342707421266e-01  9.759085980700313e-08 -1.345210193503077e-20 -5.030882050472120e-13 
 1.122018454301957e+02 -3.888998525033805e+00  2.742542714827786e-05  1.944499290169185e-02  2.112446057351138e-11 -8.241342707420953e-01  9.986404295093858e-08 -1.408607996743027e-20 -5.148066347239108e-13 
 1.148153621496876e+02 -3.888998525024692e+00  2.806424741107332e-05  1.944499290169185e-02  2.161651247056496e-11 -8.241342707420625e-01  1.021901753322826e-07 -1.474993646398991e-20 -5.267980216926111e-13 
 1.174897554939523e+02 -3.888998525015149e+00  2.871794770931418e-05  1.944499290169186e-02  2.212002572865689e-11 -8.241342707420281e-01  1.045704902972124e-07 -1.544507955334326e-20 -5.390687239454084e-13 
 1.202264434617406e+02 -3.888998525005156e+00  2.938687464355083e-05  1.944499290169186e-02  2.263526731718125e-11 -8.241342707419920e-01  1.070062499202278e-07 -1.617298372718183e-20 -5.516252475710594e-13 
 1.230268770812374e+02 -3.888998524994693e+00  3.007138288769767e-05  1.944499290169186e-02  2.316251042404818e-11 -8.241342707419543e-01  1.094987456733205e-07 -1.693519296784964e-20 -5.644742502045954e-13 
 1.258925411794160e+02 -3.888998524983737e+00  3.077183537708572e-05  1.944499290169187e-02  2.370203460053164e-11 -8.241342707419148e-01  1.120492991107288e-07 -1.773332402333674e-20 -5.776225445572892e-13 
 1.288249551693126e+02 -3.888998524972263e+00  3.148860350089594e-05  1.944499290169187e-02  2.425412590949130e-11 -8.241342707418734e-01  1.146592625696441e-07 -1.856906983661852e-20 -5.910771020288449e-13 
 1.318256738556399e+02 -3.888998524960250e+00  3.222206729907451e-05  1.944499290169188e-02  2.481907707704677e-11 -8.241342707418301e-01  1.173300198872370e-07 -1.944420313661466e-20 -6.048450564037262e-13 
 1.348962882591645e+02 -3.888998524947670e+00  3.297261566383515e-05  1.944499290169188e-02  2.539718764778491e-11 -8.241342707417847e-01  1.200629871343866e-07 -2.036058019838487e-20 -6.189337076335826e-13 
 1.380384264602876e+02 -3.888998524934497e+00  3.374064654585487e-05  1.944499290169188e-02  2.598876414358234e-11 -8.241342707417373e-01  1.228596133665002e-07 -2.132014478053717e-20 -6.333505257077821e-13 
 1.412537544622746e+02 -3.888998524920702e+00  3.452656716527267e-05  1.944499290169189e-02  2.659412022612732e-11 -8.241342707416875e-01  1.257213813918211e-07 -2.232493224820047e-20 -6.481031546140962e-13 
 1.445439770745919e+02 -3.888998524906259e+00  3.533079422760312e-05  1.944499290169189e-02  2.721357686322742e-11 -8.241342707416355e-01  1.286498085576335e-07 -2.337707389030693e-20 -6.631994163916452e-13 
 1.479108388168198e+02 -3.888998524891135e+00  3.615375414467901e-05  1.944499290169190e-02  2.784746249899086e-11 -8.241342707415810e-01  1.316464475547801e-07 -2.447880144034147e-20 -6.786473152782463e-13 
 1.513561248436199e+02 -3.888998524875297e+00  3.699588326074067e-05  1.944499290169190e-02  2.849611322797191e-11 -8.241342707415238e-01  1.347128872409192e-07 -2.563245181014772e-20 -6.944550419543662e-13 
 1.548816618912472e+02 -3.888998524858714e+00  3.785762808379138e-05  1.944499290169191e-02  2.915987297337270e-11 -8.241342707414641e-01  1.378507534829581e-07 -2.684047204683136e-20 -7.106309778859285e-13 
 1.584893192461104e+02 -3.888998524841349e+00  3.873944552234185e-05  1.944499290169191e-02  2.983909366939582e-11 -8.241342707414014e-01  1.410617100191093e-07 -2.810542452327508e-20 -7.271836997682777e-13 
 1.621810097358920e+02 -3.888998524823165e+00  3.964180312766913e-05  1.944499290169192e-02  3.053413544784450e-11 -8.241342707413358e-01  1.443474593410262e-07 -2.942999237327496e-20 -7.441219840736570e-13 
 1.659586907437551e+02 -3.888998524804125e+00  4.056517934171853e-05  1.944499290169192e-02  3.124536682906930e-11 -8.241342707412672e-01  1.477097435964873e-07 -3.081698518282714e-20 -7.614548117046097e-13 
 1.698243652461734e+02 -3.888998524784188e+00  4.151006375077981e-05  1.944499290169193e-02  3.197316491736241e-11 -8.241342707411954e-01  1.511503455131053e-07 -3.226934494963612e-20 -7.791913727557730e-13 
 1.737800828749365e+02 -3.888998524763310e+00  4.247695734507233e-05  1.944499290169194e-02  3.271791560090337e-11 -8.241342707411201e-01  1.546710893435533e-07 -3.379015232348655e-20 -7.973410713865867e-13 
 1.778279410038912e+02 -3.888998524741448e+00  4.346637278437673e-05  1.944499290169194e-02  3.348001375636212e-11 -8.241342707410413e-01  1.582738418328077e-07 -3.538263314071434e-20 -8.159135308075051e-13 
 1.819700858609972e+02 -3.888998524718557e+00  4.447883466985382e-05  1.944499290169195e-02  3.425986345826773e-11 -8.241342707409587e-01  1.619605132079208e-07 -3.705016526663798e-20 -8.349185983823482e-13 
 1.862087136662855e+02 -3.888998524694586e+00  4.551487982219516e-05  1.944499290169196e-02  3.505787819325420e-11 -8.241342707408723e-01  1.657330581908485e-07 -3.879628576046382e-20 -8.543663508495061e-13 
 1.905460717963235e+02 -3.888998524669486e+00  4.657505756625246e-05  1.944499290169197e-02  3.587448107929644e-11 -8.241342707407818e-01  1.695934770348702e-07 -4.062469837786276e-20 -8.742670996647579e-13 
 1.949844599758032e+02 -3.888998524643203e+00  4.765993002229681e-05  1.944499290169197e-02  3.671010509005307e-11 -8.241342707406870e-01  1.735438165851486e-07 -4.253928142713262e-20 -8.946313964685431e-13 
 1.995262314968867e+02 -3.888998524615681e+00  4.877007240406237e-05  1.944499290169198e-02  3.756519328443476e-11 -8.241342707405878e-01  1.775861713639949e-07 -4.454409599560998e-20 -9.154700386805804e-13 
 2.041737944669516e+02 -3.888998524586862e+00  4.990607332373225e-05  1.944499290169199e-02  3.844019904151989e-11 -8.241342707404838e-01  1.817226846814119e-07 -4.664339456378086e-20 -9.367940752248021e-13 
 2.089296130854026e+02 -3.888998524556685e+00  5.106853510402849e-05  1.944499290169200e-02  3.933558630094228e-11 -8.241342707403750e-01  1.859555497715055e-07 -4.884163002536197e-20 -9.586148123876412e-13 
 2.137962089502218e+02 -3.888998524525085e+00  5.225807409757152e-05  1.944499290169201e-02  4.025182980887793e-11 -8.241342707402611e-01  1.902870109553660e-07 -5.114346513248521e-20 -9.809438198127724e-13 
 2.187761623949538e+02 -3.888998524491997e+00  5.347532101367844e-05  1.944499290169202e-02  4.118941536976183e-11 -8.241342707401419e-01  1.947193648310371e-07 -5.355378238602010e-20 -1.003792936635492e-12 
 2.238721138568325e+02 -3.888998524457349e+00  5.472092125277344e-05  1.944499290169203e-02  4.214884010386787e-11 -8.241342707400170e-01  1.992549614912022e-07 -5.607769439201252e-20 -1.027174277759983e-12 
 2.290867652767758e+02 -3.888998524421068e+00  5.599553524858775e-05  1.944499290169204e-02  4.313061271088866e-11 -8.241342707398861e-01  2.038962057692357e-07 -5.872055470620796e-20 -1.051100240282798e-12 
 2.344228815319906e+02 -3.888998524383077e+00  5.729983881833014e-05  1.944499290169206e-02  4.413525373965470e-11 -8.241342707397492e-01  2.086455585142757e-07 -6.148796918966045e-20 -1.075583510065963e-12 
 2.398832919019474e+02 -3.888998524343296e+00  5.863452352101429e-05  1.944499290169207e-02  4.516329586413636e-11 -8.241342707396058e-01  2.135055378960004e-07 -6.438580789951577e-20 -1.100637068463193e-12 
 2.454708915685014e+02 -3.888998524301639e+00  6.000029702413240e-05  1.944499290169208e-02  4.621528416587461e-11 -8.241342707394556e-01  2.184787207397934e-07 -6.742021754018932e-20 -1.126274199202772e-12 
 2.511886431509563e+02 -3.888998524258021e+00  6.139788347886995e-05  1.944499290169209e-02  4.729177642299049e-11 -8.241342707392982e-01  2.235677438930121e-07 -7.059763450135053e-20 -1.152508495430765e-12 
 2.570395782768846e+02 -3.888998524212345e+00  6.282802390406013e-05  1.944499290169211e-02  4.839334340592645e-11 -8.241342707391336e-01  2.287753056230776e-07 -7.392479851036794e-20 -1.179353866918284e-12 
 2.630267991895364e+02 -3.888998524164518e+00  6.429147657908190e-05  1.944499290169212e-02  4.952056918007637e-11 -8.241342707389612e-01  2.341041670481330e-07 -7.740876692817467e-20 -1.206824547436632e-12 
 2.691534803926897e+02 -3.888998524114437e+00  6.578901744590970e-05  1.944499290169214e-02  5.067405141546477e-11 -8.241342707387806e-01  2.395571536010236e-07 -8.105692971887693e-20 -1.234935102304237e-12 
 2.754228703338148e+02 -3.888998524061995e+00  6.732144052052802e-05  1.944499290169215e-02  5.185440170363933e-11 -8.241342707385916e-01  2.451371565273792e-07 -8.487702512485861e-20 -1.263700436109376e-12 
 2.818382931264435e+02 -3.888998524007081e+00  6.888955831392933e-05  1.944499290169217e-02  5.306224588194489e-11 -8.241342707383935e-01  2.508471344185909e-07 -8.887715608063080e-20 -1.293135800612788e-12 
 2.884031503126586e+02 -3.888998523949579e+00  7.049420226291813e-05  1.944499290169219e-02  5.429822436535057e-11 -8.241342707381862e-01  2.566901147804951e-07 -9.306580740024217e-20 -1.323256802834353e-12 
 2.951209226666365e+02 -3.888998523889369e+00  7.213622317094956e-05  1.944499290169220e-02  5.556299248600640e-11 -8.241342707379692e-01  2.626691956385972e-07 -9.745186377470699e-20 -1.354079413328148e-12 
 3.019951720401995e+02 -3.888998523826319e+00  7.381649165923671e-05  1.944499290169223e-02  5.685722084070891e-11 -8.241342707377418e-01  2.687875471806849e-07 -1.020446286176256e-19 -1.385619974650242e-12 
 3.090295432513569e+02 -3.888998523760300e+00  7.553589862836558e-05  1.944499290169225e-02  5.818159564646062e-11 -8.241342707375038e-01  2.750484134377050e-07 -1.068538437989721e-19 -1.417895210023737e-12 
 3.162277660168357e+02 -3.888998523691167e+00  7.729535573066214e-05  1.944499290169227e-02  5.953681910431121e-11 -8.241342707372545e-01  2.814551140037901e-07 -1.118897103089068e-19 -1.450922232205639e-12 
 3.235936569296260e+02 -3.888998523618778e+00  7.909579585356255e-05  1.944499290169229e-02  6.092360977167384e-11 -8.241342707369935e-01  2.880110457963518e-07 -1.171629098954427e-19 -1.484718552560273e-12 
 3.311311214825888e+02 -3.888998523542975e+00  8.093817361424236e-05  1.944499290169231e-02  6.234270294331387e-11 -8.241342707367203e-01  2.947196848571713e-07 -1.226846277218666e-19 -1.519302090344038e-12 
 3.388441561392002e+02 -3.888998523463602e+00  8.282346586576714e-05  1.944499290169234e-02  6.379485104121172e-11 -8.241342707364341e-01  3.015845881954422e-07 -1.284665760919682e-19 -1.554691182206434e-12 
 3.467368504525292e+02 -3.888998523380486e+00  8.475267221503272e-05  1.944499290169236e-02  6.528082401350707e-11 -8.241342707361344e-01  3.086093956737435e-07 -1.345210192934076e-19 -1.590904591912394e-12 
 3.548133892335729e+02 -3.888998523293455e+00  8.672681555277024e-05  1.944499290169239e-02  6.680140974273550e-11 -8.241342707358207e-01  3.157978319379439e-07 -1.408607996119130e-19 -1.627961520291085e-12 
 3.630780547700987e+02 -3.888998523202321e+00  8.874694259589600e-05  1.944499290169242e-02  6.835741446357420e-11 -8.241342707354921e-01  3.231537083920565e-07 -1.474993645714901e-19 -1.665881615416440e-12 
 3.715352290971698e+02 -3.888998523106893e+00  9.081412444249469e-05  1.944499290169245e-02  6.994966319031827e-11 -8.241342707351480e-01  3.306809252190968e-07 -1.544507954584236e-19 -1.704684983024825e-12 
 3.801893963205584e+02 -3.888998523006967e+00  9.292945713972980e-05  1.944499290169248e-02  7.157900015431421e-11 -8.241342707347877e-01  3.383834734490105e-07 -1.617298371895727e-19 -1.744392197175368e-12 
 3.890451449942777e+02 -3.888998522902331e+00  9.509406226498209e-05  1.944499290169251e-02  7.324628925158251e-11 -8.241342707344105e-01  3.462654370747700e-07 -1.693519295883159e-19 -1.785024311158597e-12 
 3.981071705534943e+02 -3.888998522792765e+00  9.730908752052483e-05  1.944499290169254e-02  7.495241450086677e-11 -8.241342707340155e-01  3.543309952177620e-07 -1.773332401344866e-19 -1.826602868659175e-12 
 4.073802778041097e+02 -3.888998522678035e+00  9.957570734205054e-05  1.944499290169258e-02  7.669828051235202e-11 -8.241342707336018e-01  3.625844243436119e-07 -1.856906982577646e-19 -1.869149915178644e-12 
 4.168693834703323e+02 -3.888998522557897e+00  1.018951235213724e-04  1.944499290169262e-02  7.848481296730117e-11 -8.241342707331687e-01  3.710301005296226e-07 -1.944420312472658e-19 -1.912688009724246e-12 
 4.265795188015895e+02 -3.888998522432098e+00  1.042685658436300e-04  1.944499290169266e-02  8.031295910886319e-11 -8.241342707327151e-01  3.796725017850281e-07 -2.036058018534984e-19 -1.957240236770001e-12 
 4.365158322401627e+02 -3.888998522300370e+00  1.066972927393375e-04  1.944499290169270e-02  8.218368824431421e-11 -8.241342707322402e-01  3.885162104252934e-07 -2.132014476624454e-19 -2.002830218496405e-12 
 4.466835921509598e+02 -3.888998522162434e+00  1.091825919516204e-04  1.944499290169274e-02  8.409799225899687e-11 -8.241342707317428e-01  3.975659155017182e-07 -2.232493223252893e-19 -2.049482127315224e-12 
 4.570881896148716e+02 -3.888998522017996e+00  1.117257812189934e-04  1.944499290169278e-02  8.605688614223098e-11 -8.241342707312221e-01  4.068264152876326e-07 -2.337707387312343e-19 -2.097220698686021e-12 
 4.677351412871947e+02 -3.888998521866752e+00  1.143282089740432e-04  1.944499290169283e-02  8.806140852547444e-11 -8.241342707306768e-01  4.163026198225067e-07 -2.447880142150014e-19 -2.146071244231232e-12 
 4.786300923226348e+02 -3.888998521708381e+00  1.169912550583846e-04  1.944499290169288e-02  9.011262223301917e-11 -8.241342707301058e-01  4.259995535153160e-07 -2.563245178948862e-19 -2.196059665156715e-12 
 4.897788193684425e+02 -3.888998521542545e+00  1.197163314542712e-04  1.944499290169293e-02  9.221161484551466e-11 -8.241342707295080e-01  4.359223578085506e-07 -2.684047202417910e-19 -2.247212465984918e-12 
 5.011872336272685e+02 -3.888998521368893e+00  1.225048830332466e-04  1.944499290169299e-02  9.435949927661760e-11 -8.241342707288818e-01  4.460762939042748e-07 -2.810542449843735e-19 -2.299556768607924e-12 
 5.128613839913610e+02 -3.888998521187058e+00  1.253583883222344e-04  1.944499290169304e-02  9.655741436307335e-11 -8.241342707282262e-01  4.564667455536858e-07 -2.942999234604097e-19 -2.353120326667843e-12 
 5.248074602497686e+02 -3.888998520996653e+00  1.282783602874726e-04  1.944499290169310e-02  9.880652546854220e-11 -8.241342707275398e-01  4.670992219116490e-07 -3.081698515296565e-19 -2.407931540272149e-12 
 5.370317963702487e+02 -3.888998520797275e+00  1.312663471367080e-04  1.944499290169316e-02  1.011080251014906e-10 -8.241342707268209e-01  4.779793604577244e-07 -3.226934491689367e-19 -2.464019471051807e-12 
 5.495408738576203e+02 -3.888998520588500e+00  1.343239331400764e-04  1.944499290169322e-02  1.034631335474747e-10 -8.241342707260682e-01  4.891129299852320e-07 -3.379015228758518e-19 -2.521413857570125e-12 
 5.623413251903447e+02 -3.888998520369886e+00  1.374527394701033e-04  1.944499290169329e-02  1.058730995161522e-10 -8.241342707252800e-01  5.005058336599421e-07 -3.538263310134928e-19 -2.580145131090535e-12 
 5.754399373371524e+02 -3.888998520140968e+00  1.406544250612711e-04  1.944499290169336e-02  1.083392008033642e-10 -8.241342707244547e-01  5.121641121500104e-07 -3.705016522347505e-19 -2.640244431711654e-12 
 5.888436553555844e+02 -3.888998519901263e+00  1.439306874896072e-04  1.944499290169344e-02  1.108627449686400e-10 -8.241342707235905e-01  5.240939468288203e-07 -3.879628571313662e-19 -2.701743624878179e-12 
 6.025595860743530e+02 -3.888998519650261e+00  1.472832638727620e-04  1.944499290169352e-02  1.134450700284818e-10 -8.241342707226855e-01  5.363016630524272e-07 -4.062469832596951e-19 -2.764675318276358e-12 
 6.165950018614773e+02 -3.888998519387429e+00  1.507139317910505e-04  1.944499290169360e-02  1.160875451657988e-10 -8.241342707217378e-01  5.487937335133457e-07 -4.253928137023282e-19 -2.829072879123026e-12 
 6.309573444801882e+02 -3.888998519112210e+00  1.542245102299492e-04  1.944499290169368e-02  1.187915714558665e-10 -8.241342707207456e-01  5.615767816724547e-07 -4.454409593322059e-19 -2.894970451857342e-12 
 6.456542290346504e+02 -3.888998518824020e+00  1.578168605445457e-04  1.944499290169377e-02  1.215585826091945e-10 -8.241342707197066e-01  5.746575852708446e-07 -4.664339449537226e-19 -2.962402976244624e-12 
 6.606934480075907e+02 -3.888998518522249e+00  1.614928874464535e-04  1.944499290169386e-02  1.243900457316995e-10 -8.241342707186186e-01  5.880430799234629e-07 -4.884162995035344e-19 -3.031406205901869e-12 
 6.760829753919763e+02 -3.888998518206255e+00  1.652545400137153e-04  1.944499290169396e-02  1.272874621025834e-10 -8.241342707174792e-01  6.017403627964679e-07 -5.114346505023998e-19 -3.102016727254804e-12 
 6.918309709189309e+02 -3.888998517875369e+00  1.691038127242290e-04  1.944499290169406e-02  1.302523679703318e-10 -8.241342707162863e-01  6.157566963702393e-07 -5.355378229583995e-19 -3.174271978936483e-12 
 7.079457843841321e+02 -3.888998517528889e+00  1.730427465132465e-04  1.944499290169417e-02  1.332863353672531e-10 -8.241342707150371e-01  6.300995122900400e-07 -5.607769429313203e-19 -3.248210271637752e-12 
 7.244359600749841e+02 -3.888998517166080e+00  1.770734298555035e-04  1.944499290169428e-02  1.363909729429903e-10 -8.241342707137290e-01  6.447764153063701e-07 -5.872055459778766e-19 -3.323870808420086e-12 
 7.413102413009113e+02 -3.888998516786172e+00  1.811979998725565e-04  1.944499290169440e-02  1.395679268174488e-10 -8.241342707123593e-01  6.597951873071059e-07 -6.148796907077993e-19 -3.401293705501561e-12 
 7.585775750291774e+02 -3.888998516388360e+00  1.854186434659125e-04  1.944499290169452e-02  1.428188814535904e-10 -8.241342707109250e-01  6.751637914435580e-07 -6.438580776916585e-19 -3.480520013527020e-12 
 7.762471166286851e+02 -3.888998515971799e+00  1.897375984765522e-04  1.944499290169465e-02  1.461455605505577e-10 -8.241342707094231e-01  6.908903763526364e-07 -6.742021739726349e-19 -3.561591739333650e-12 
 7.943282347242747e+02 -3.888998515535606e+00  1.941571548714623e-04  1.944499290169479e-02  1.495497279576024e-10 -8.241342707078505e-01  7.069832804773653e-07 -7.059763434463549e-19 -3.644551868223575e-12 
 8.128305161640923e+02 -3.888998515078857e+00  1.986796559578062e-04  1.944499290169493e-02  1.530331886093006e-10 -8.241342707062037e-01  7.234510364880320e-07 -7.392479833853334e-19 -3.729444386755233e-12 
 8.317637711026639e+02 -3.888998514600581e+00  2.033074996253755e-04  1.944499290169508e-02  1.565977894825537e-10 -8.241342707044794e-01  7.403023758063206e-07 -7.740876673976177e-19 -3.816314306065622e-12 
 8.511380382023692e+02 -3.888998514099765e+00  2.080431396179821e-04  1.944499290169523e-02  1.602454205758792e-10 -8.241342707026738e-01  7.575462332348245e-07 -8.105692951228631e-19 -3.905207685735809e-12 
 8.709635899560732e+02 -3.888998513575346e+00  2.128890868344651e-04  1.944499290169539e-02  1.639780159115128e-10 -8.241342707007829e-01  7.751917516943937e-07 -8.487702489833649e-19 -3.996171658212324e-12 
 8.912509381337379e+02 -3.888998513026213e+00  2.178479106600019e-04  1.944499290169556e-02  1.677975545608523e-10 -8.241342706988032e-01  7.932482870718306e-07 -8.887715583225427e-19 -4.089254453797415e-12 
 9.120108393559019e+02 -3.888998512451199e+00  2.229222403284289e-04  1.944499290169574e-02  1.717060616937874e-10 -8.241342706967300e-01  8.117254131805011e-07 -9.306580712790277e-19 -4.184505426221381e-12 
 9.332543007969830e+02 -3.888998511849086e+00  2.281147663162956e-04  1.944499290169593e-02  1.757056096524712e-10 -8.241342706945591e-01  8.306329268364933e-07 -9.745186347609269e-19 -4.281975078810583e-12 
 9.549925860214277e+02 -3.888998511218595e+00  2.334282417693900e-04  1.944499290169612e-02  1.797983190501030e-10 -8.241342706922860e-01  8.499808530530178e-07 -1.020446282902016e-18 -4.381715091264971e-12 
 9.772372209558022e+02 -3.888998510558391e+00  2.388654839624911e-04  1.944499290169632e-02  1.839863598953052e-10 -8.241342706899056e-01  8.697794503557959e-07 -1.068538434399589e-18 -4.483778347059346e-12 
 9.999999999999912e+02 -3.888998509867073e+00  2.444293757931250e-04  1.944499290169654e-02  1.882719527426904e-10 -8.241342706874132e-01  8.900392162222628e-07 -1.118897099152565e-18 -4.588218961482879e-12 
 1.023292992280745e+03 -3.888998509143172e+00  2.501228673101138e-04  1.944499290169676e-02  1.926573698702284e-10 -8.241342706848032e-01  9.107708926474649e-07 -1.171629094638139e-18 -4.695092310331752e-12 
 1.047128548050890e+03 -3.888998508385157e+00  2.559489772777293e-04  1.944499290169700e-02  1.971449364840377e-10 -8.241342706820701e-01  9.319854718396038e-07 -1.226846272485950e-18 -4.804455059270141e-12 
 1.071519305237597e+03 -3.888998507591417e+00  2.619107947762799e-04  1.944499290169724e-02  2.017370319512398e-10 -8.241342706792084e-01  9.536942020482428e-07 -1.284665755730362e-18 -4.916365193875096e-12 
 1.096478196143175e+03 -3.888998506760269e+00  2.680114808399810e-04  1.944499290169750e-02  2.064360910615310e-10 -8.241342706762118e-01  9.759085935282752e-07 -1.345210187244101e-18 -5.030882050381267e-12 
 1.122018454301953e+03 -3.888998505889951e+00  2.742542701329754e-04  1.944499290169777e-02  2.112446053181399e-10 -8.241342706730740e-01  9.986404246428065e-07 -1.408607989880196e-18 -5.148066347141758e-12 
 1.148153621496872e+03 -3.888998504978615e+00  2.806424726643930e-04  1.944499290169805e-02  2.161651242588540e-10 -8.241342706697882e-01  1.021901748108192e-06 -1.474993638874046e-18 -5.267980216821798e-12 
 1.174897554939519e+03 -3.888998504024330e+00  2.871794755433604e-04  1.944499290169834e-02  2.212002568078189e-10 -8.241342706663477e-01  1.045704897384543e-06 -1.544507947083389e-18 -5.390687239342313e-12 
 1.202264434617402e+03 -3.888998503025071e+00  2.938687447748877e-04  1.944499290169865e-02  2.263526726588227e-10 -8.241342706627449e-01  1.070062493215078e-06 -1.617298363671211e-18 -5.516252475590830e-12 
 1.230268770812370e+03 -3.888998501978718e+00  3.007138270975897e-04  1.944499290169897e-02  2.316251036908033e-10 -8.241342706589724e-01  1.094987450317805e-06 -1.693519286865158e-18 -5.644742501917625e-12 
 1.258925411794156e+03 -3.888998500883051e+00  3.077183518642097e-04  1.944499290169931e-02  2.370203454163253e-10 -8.241342706550221e-01  1.120492984233063e-06 -1.773332391456823e-18 -5.776225445435385e-12 
 1.288249551693122e+03 -3.888998499735748e+00  3.148860329659499e-04  1.944499290169967e-02  2.425412584637978e-10 -8.241342706508856e-01  1.146592618330576e-06 -1.856906971735623e-18 -5.910771020141111e-12 
 1.318256738556395e+03 -3.888998498534375e+00  3.222206708016212e-04  1.944499290170004e-02  2.481907700942156e-10 -8.241342706465542e-01  1.173300190979704e-06 -1.944420300584617e-18 -6.048450563879386e-12 
 1.348962882591641e+03 -3.888998497276381e+00  3.297261542926630e-04  1.944499290170043e-02  2.539718757532320e-10 -8.241342706420186e-01  1.200629862886723e-06 -2.036058005500008e-18 -6.189337076166661e-12 
 1.380384264602872e+03 -3.888998495959100e+00  3.374064629450981e-04  1.944499290170083e-02  2.598876406593822e-10 -8.241342706372693e-01  1.228596124603009e-06 -2.132014462331887e-18 -6.333505256896557e-12 
 1.412537544622741e+03 -3.888998494579739e+00  3.452656689595160e-04  1.944499290170126e-02  2.659412014293014e-10 -8.241342706322962e-01  1.257213804208111e-06 -2.232493207581405e-18 -6.481031545946733e-12 
 1.445439770745914e+03 -3.888998493135370e+00  3.533079393902039e-04  1.944499290170171e-02  2.721357677408004e-10 -8.241342706270885e-01  1.286498075171776e-06 -2.337707370128897e-18 -6.631994163708334e-12 
 1.479108388168193e+03 -3.888998491622929e+00  3.615375383545704e-04  1.944499290170217e-02  2.784746240346772e-10 -8.241342706216357e-01  1.316464464399115e-06 -2.447880123308741e-18 -6.786473152559463e-12 
 1.513561248436194e+03 -3.888998490039210e+00  3.699588292940338e-04  1.944499290170266e-02  2.849611312561704e-10 -8.241342706159257e-01  1.347128860463161e-06 -2.563245158289818e-18 -6.944550419304713e-12 
 1.548816618912467e+03 -3.888998488380853e+00  3.785762772875708e-04  1.944499290170318e-02  2.915987286369748e-10 -8.241342706099467e-01  1.378507522029178e-06 -2.684047179765719e-18 -7.106309778603247e-12 
 1.584893192461099e+03 -3.888998486644338e+00  3.873944514191574e-04  1.944499290170371e-02  2.983909355187670e-10 -8.241342706036858e-01  1.410617086475213e-06 -2.810542425006104e-18 -7.271836997408429e-12 
 1.621810097358915e+03 -3.888998484825985e+00  3.964180272003522e-04  1.944499290170427e-02  3.053413532192051e-10 -8.241342705971300e-01  1.443474578713432e-06 -2.942999207370174e-18 -7.441219840442602e-12 
 1.659586907437545e+03 -3.888998482921936e+00  4.056517890493093e-04  1.944499290170486e-02  3.124536669413932e-10 -8.241342705902650e-01  1.477097420216937e-06 -3.081698485435165e-18 -7.614548116731106e-12 
 1.698243652461728e+03 -3.888998480928151e+00  4.151006328275347e-04  1.944499290170548e-02  3.197316477278234e-10 -8.241342705830766e-01  1.511503438256835e-06 -3.226934458946992e-18 -7.791913727220211e-12 
 1.737800828749359e+03 -3.888998478840402e+00  4.247695684357309e-04  1.944499290170612e-02  3.271791544598304e-10 -8.241342705755494e-01  1.546710875354484e-06 -3.379015192857218e-18 -7.973410713504212e-12 
 1.778279410038906e+03 -3.888998476654261e+00  4.346637224701062e-04  1.944499290170680e-02  3.348001359036200e-10 -8.241342705676675e-01  1.582738398953885e-06 -3.538263270769936e-18 -8.159135307687531e-12 
 1.819700858609966e+03 -3.888998474365090e+00  4.447883409405567e-04  1.944499290170751e-02  3.425986328039541e-10 -8.241342705594141e-01  1.619605111319387e-06 -3.705016479184652e-18 -8.349185983408251e-12 
 1.862087136662849e+03 -3.888998471968033e+00  4.551487920521634e-04  1.944499290170824e-02  3.505787800266057e-10 -8.241342705507718e-01  1.657330559663937e-06 -3.879628523986533e-18 -8.543663508050132e-12 
 1.905460717963228e+03 -3.888998469458007e+00  4.657505690514774e-04  1.944499290170902e-02  3.587448087507170e-10 -8.241342705417222e-01  1.695934746513238e-06 -4.062469780703788e-18 -8.742670996170833e-12 
 1.949844599758026e+03 -3.888998466829688e+00  4.765992931391036e-04  1.944499290170983e-02  3.671010487122233e-10 -8.241342705322460e-01  1.735438140311327e-06 -4.253928080123561e-18 -8.946313964174590e-12 
 1.995262314968860e+03 -3.888998464077499e+00  4.877007164501262e-04  1.944499290171068e-02  3.756519304995339e-10 -8.241342705223232e-01  1.775861686273177e-06 -4.454409530932757e-18 -9.154700386258428e-12 
 2.041737944669509e+03 -3.888998461195603e+00  4.990607251039580e-04  1.944499290171157e-02  3.844019879026859e-10 -8.241342705119329e-01  1.817226817490095e-06 -4.664339381128718e-18 -9.367940751661498e-12 
 2.089296130854019e+03 -3.888998458177888e+00  5.106853423252279e-04  1.944499290171250e-02  3.933558603172167e-10 -8.241342705010528e-01  1.859555466293797e-06 -4.884162920026908e-18 -9.586148123247944e-12 
 2.137962089502211e+03 -3.888998455017953e+00  5.225807316373632e-04  1.944499290171348e-02  4.025182952040284e-10 -8.241342704896600e-01  1.902870075885175e-06 -5.114346422778884e-18 -9.809438197454308e-12 
 2.187761623949531e+03 -3.888998451709093e+00  5.347532001305599e-04  1.944499290171450e-02  4.118941506065520e-10 -8.241342704777302e-01  1.947193612233938e-06 -5.355378139404022e-18 -1.003792936563334e-11 
 2.238721138568317e+03 -3.888998448244294e+00  5.472092018058721e-04  1.944499290171557e-02  4.214883977265418e-10 -8.241342704652382e-01  1.992549576255431e-06 -5.607769330432832e-18 -1.027174277682665e-11 
 2.290867652767750e+03 -3.888998444616201e+00  5.599553409971950e-04  1.944499290171670e-02  4.313061235598679e-10 -8.241342704521573e-01  2.038962016271072e-06 -5.872055351358593e-18 -1.051100240199950e-11 
 2.344228815319898e+03 -3.888998440817122e+00  5.729983758729564e-04  1.944499290171787e-02  4.413525335937050e-10 -8.241342704384601e-01  2.086455540759051e-06 -6.148796788197641e-18 -1.075583509977190e-11 
 2.398832919019466e+03 -3.888998436839000e+00  5.863452220193706e-04  1.944499290171910e-02  4.516329545665450e-10 -8.241342704241174e-01  2.135055331402006e-06 -6.438580646566871e-18 -1.100637068368071e-11 
 2.454708915685005e+03 -3.888998432673393e+00  6.000029561071569e-04  1.944499290172038e-02  4.621528372924993e-10 -8.241342704090987e-01  2.184787156438621e-06 -6.742021596800732e-18 -1.126274199100847e-11 
 2.511886431509554e+03 -3.888998428311468e+00  6.139788196436667e-04  1.944499290172173e-02  4.729177595513873e-10 -8.241342703933723e-01  2.235677384326234e-06 -7.059763277748728e-18 -1.152508495321550e-11 
 2.570395782768837e+03 -3.888998423743972e+00  6.282802228124066e-04  1.944499290172314e-02  4.839334290461425e-10 -8.241342703769046e-01  2.287752997721658e-06 -7.392479662018949e-18 -1.179353866801259e-11 
 2.630267991895354e+03 -3.888998418961216e+00  6.429147484019955e-04  1.944499290172462e-02  4.952056864291070e-10 -8.241342703596608e-01  2.341041607787682e-06 -7.740876485563527e-18 -1.206824547311237e-11 
 2.691534803926887e+03 -3.888998413953055e+00  6.578901558266364e-04  1.944499290172617e-02  5.067405083988138e-10 -8.241342703416045e-01  2.395571468832780e-06 -8.105692744638265e-18 -1.234935102169875e-11 
 2.754228703338138e+03 -3.888998408708868e+00  6.732143852402391e-04  1.944499290172779e-02  5.185440108689063e-10 -8.241342703226970e-01  2.451371493291852e-06 -8.487702263311821e-18 -1.263700435965405e-11 
 2.818382931264424e+03 -3.888998403217530e+00  6.888955617463670e-04  1.944499290172948e-02  5.306224522108677e-10 -8.241342703028985e-01  2.508471267055872e-06 -8.887715334849186e-18 -1.293135800458520e-11 
 2.884031503126575e+03 -3.888998397467391e+00  7.049419997062476e-04  1.944499290173126e-02  5.429822365722836e-10 -8.241342702821669e-01  2.566901065158628e-06 -9.306580440451142e-18 -1.323256802669052e-11 
 2.951209226666354e+03 -3.888998391446259e+00  7.213622071471298e-04  1.944499290173312e-02  5.556299172723977e-10 -8.241342702604584e-01  2.626691867828841e-06 -9.745186048995355e-18 -1.354079413151025e-11 
 3.019951720401984e+03 -3.888998385141358e+00  7.381648902733180e-04  1.944499290173507e-02  5.685722002767584e-10 -8.241342702377266e-01  2.687875376916174e-06 -1.020446250159650e-17 -1.385619974460452e-11 
 3.090295432513557e+03 -3.888998378539318e+00  7.553589580822868e-04  1.944499290173711e-02  5.818159477528000e-10 -8.241342702139236e-01  2.750484032699861e-06 -1.068538398498300e-17 -1.417895209820373e-11 
 3.162277660168345e+03 -3.888998371626132e+00  7.729535270883102e-04  1.944499290173924e-02  5.953681817082435e-10 -8.241342701889988e-01  2.814551031088831e-06 -1.118897059787585e-17 -1.450922231987731e-11 
 3.235936569296248e+03 -3.888998364387139e+00  7.909579261561220e-04  1.944499290174148e-02  6.092360877142469e-10 -8.241342701628993e-01  2.880110341222487e-06 -1.171629051475297e-17 -1.484718552326781e-11 
 3.311311214825875e+03 -3.888998356806981e+00  8.093817014471608e-04  1.944499290174382e-02  6.234270187152759e-10 -8.241342701355698e-01  2.947196723481446e-06 -1.226846225158835e-17 -1.519302090093847e-11 
 3.388441561391989e+03 -3.888998348869582e+00  8.282346214810275e-04  1.944499290174627e-02  6.379484989277204e-10 -8.241342701069523e-01  3.015845747917786e-06 -1.284665703837213e-17 -1.554691181938349e-11 
 3.467368504525279e+03 -3.888998340558106e+00  8.475266823148364e-04  1.944499290174884e-02  6.528082278293181e-10 -8.241342700769861e-01  3.086093813114595e-06 -1.345210130344395e-17 -1.590904591625136e-11 
 3.548133892335716e+03 -3.888998331854920e+00  8.672681128432048e-04  1.944499290175153e-02  6.680140842415037e-10 -8.241342700456077e-01  3.157978165484792e-06 -1.408607927490909e-17 -1.627961519983284e-11 
 3.630780547700973e+03 -3.888998322741567e+00  8.874693802216969e-04  1.944499290175434e-02  6.835741305068477e-10 -8.241342700127502e-01  3.231536919019481e-06 -1.474993570465554e-17 -1.665881615086625e-11 
 3.715352290971684e+03 -3.888998313198714e+00  9.081411954165870e-04  1.944499290175729e-02  6.994966167637999e-10 -8.241342699783443e-01  3.306809075496274e-06 -1.544507872074969e-17 -1.704684982671422e-11 
 3.801893963205570e+03 -3.888998303206121e+00  9.292945188838946e-04  1.944499290176038e-02  7.157899853210015e-10 -8.241342699423170e-01  3.383834545158331e-06 -1.617298281426116e-17 -1.744392196796690e-11 
 3.890451449942763e+03 -3.888998292742592e+00  9.509405663806954e-04  1.944499290176361e-02  7.324628751334884e-10 -8.241342699045918e-01  3.462654167875050e-06 -1.693519196685203e-17 -1.785024310752836e-11 
 3.981071705534928e+03 -3.888998281785932e+00  9.730908149117945e-04  1.944499290176700e-02  7.495241263831585e-10 -8.241342698650886e-01  3.543309734795661e-06 -1.773332292576471e-17 -1.826602868224395e-11 
 4.073802778041082e+03 -3.888998270312901e+00  9.957570088149064e-04  1.944499290177054e-02  7.669827851659280e-10 -8.241342698237238e-01  3.625844010507154e-06 -1.856906863315474e-17 -1.869149914712770e-11 
 4.168693834703307e+03 -3.888998258299160e+00  1.018951165987577e-03  1.944499290177425e-02  7.848481082880658e-10 -8.241342697804093e-01  3.710300755708341e-06 -1.944420181704285e-17 -1.912688009225052e-11 
 4.265795188015879e+03 -3.888998245719232e+00  1.042685584259148e-03  1.944499290177814e-02  8.031295681742502e-10 -8.241342697350535e-01  3.796724750412049e-06 -2.036057875150318e-17 -1.957240236235105e-11 
 4.365158322401610e+03 -3.888998232546430e+00  1.066972847911125e-03  1.944499290178221e-02  8.218368578899400e-10 -8.241342696875604e-01  3.885161817687708e-06 -2.132014319406296e-17 -2.002830217923255e-11 
 4.466835921509581e+03 -3.888998218752812e+00  1.091825834349439e-03  1.944499290178647e-02  8.409798962807386e-10 -8.241342696378288e-01  3.975658847957010e-06 -2.232493050866611e-17 -2.049482126701083e-11 
 4.570881896148699e+03 -3.888998204309121e+00  1.117257720932102e-03  1.944499290179093e-02  8.605688332314624e-10 -8.241342695857535e-01  4.068263823855428e-06 -2.337707198294546e-17 -2.097220698027958e-11 
 4.677351412871929e+03 -3.888998189184720e+00  1.143281991955904e-03  1.944499290179560e-02  8.806140550477073e-10 -8.241342695312239e-01  4.163025845672822e-06 -2.447879934896121e-17 -2.146071243526105e-11 
 4.786300923226329e+03 -3.888998173347529e+00  1.169912445805837e-03  1.944499290180049e-02  9.011261899627686e-10 -8.241342694741245e-01  4.259995157386626e-06 -2.563244951699489e-17 -2.196059664401158e-11 
 4.897788193684407e+03 -3.888998156763954e+00  1.197163202271054e-03  1.944499290180562e-02  9.221161137728284e-10 -8.241342694143341e-01  4.359223173301378e-06 -2.684046953243932e-17 -2.247212465175325e-11 
 5.011872336272666e+03 -3.888998139398819e+00  1.225048710031217e-03  1.944499290181098e-02  9.435949556034029e-10 -8.241342693517257e-01  4.460762505308743e-06 -2.810542176629904e-17 -2.299556767740430e-11 
 5.128613839913590e+03 -3.888998121215290e+00  1.253583754317234e-03  1.944499290181660e-02  9.655741038101046e-10 -8.241342692861666e-01  4.564666990782498e-06 -2.942998935031087e-17 -2.353120325738305e-11 
 5.248074602497666e+03 -3.888998102174798e+00  1.282783464750413e-03  1.944499290182248e-02  9.880652120168500e-10 -8.241342692175181e-01  4.670991721123226e-06 -3.081698186821296e-17 -2.407931539276133e-11 
 5.370317963702466e+03 -3.888998082236957e+00  1.312663323364213e-03  1.944499290182864e-02  1.011080205294707e-09 -8.241342691456341e-01  4.779793070967851e-06 -3.226934131523400e-17 -2.464019469984557e-11 
 5.495408738576182e+03 -3.888998061359472e+00  1.343239172812835e-03  1.944499290183509e-02  1.034631286484672e-09 -8.241342690703624e-01  4.891128728079556e-06 -3.379014833844390e-17 -2.521413856426546e-11 
 5.623413251903426e+03 -3.888998039498064e+00  1.374527224771008e-03  1.944499290184184e-02  1.058730942667711e-09 -8.241342689915432e-01  5.005057723933869e-06 -3.538262877120199e-17 -2.580145129865169e-11 
 5.754399373371502e+03 -3.888998016606361e+00  1.406544068529410e-03  1.944499290184891e-02  1.083391951785512e-09 -8.241342689090095e-01  5.121640465017146e-06 -3.705016047556305e-17 -2.640244430398652e-11 
 5.888436553555821e+03 -3.888997992635802e+00  1.439306679790302e-03  1.944499290185632e-02  1.108627389415443e-09 -8.241342688225859e-01  5.240938764854044e-06 -3.879628050715465e-17 -2.701743623471272e-11 
 6.025595860743507e+03 -3.888997967535548e+00  1.472832429668021e-03  1.944499290186407e-02  1.134450635703324e-09 -8.241342687320893e-01  5.363015876780997e-06 -4.062469261772385e-17 -2.764675316768830e-11 
 6.165950018614749e+03 -3.888997941252354e+00  1.507139093899111e-03  1.944499290187219e-02  1.160875382457672e-09 -8.241342686373276e-01  5.487936527482990e-06 -4.253927511126595e-17 -2.829072877507681e-11 
 6.309573444801857e+03 -3.888997913730474e+00  1.542244862266961e-03  1.944499290188069e-02  1.187915640409191e-09 -8.241342685381003e-01  5.615766951311492e-06 -4.454408907039998e-17 -2.894970450126470e-11 
 6.456542290346478e+03 -3.888997884911527e+00  1.578168348245967e-03  1.944499290188960e-02  1.215585746639353e-09 -8.241342684341962e-01  5.746574925401654e-06 -4.664338697043913e-17 -2.962402974389959e-11 
 6.606934480075881e+03 -3.888997854734385e+00  1.614928598870320e-03  1.944499290189892e-02  1.243900372182009e-09 -8.241342683253956e-01  5.880429805607511e-06 -4.884162169942844e-17 -3.031406203914562e-11 
 6.760829753919737e+03 -3.888997823135039e+00  1.652545104832634e-03  1.944499290190868e-02  1.272874529802055e-09 -8.241342682114672e-01  6.017402563274050e-06 -5.114345600328073e-17 -3.102016725125366e-11 
 6.918309709189281e+03 -3.888997790046462e+00  1.691037810817800e-03  1.944499290191890e-02  1.302523581955279e-09 -8.241342680921695e-01  6.157565822865843e-06 -5.355377237604652e-17 -3.174271976654750e-11 
 7.079457843841294e+03 -3.888997755398470e+00  1.730427126077518e-03  1.944499290192961e-02  1.332863248933620e-09 -8.241342679672495e-01  6.300993900472023e-06 -5.607768341629494e-17 -3.248210269192833e-11 
 7.244359600749813e+03 -3.888997719117568e+00  1.770733935251118e-03  1.944499290194081e-02  1.363909617200140e-09 -8.241342678364424e-01  6.447762843208110e-06 -5.872054267157307e-17 -3.323870805800308e-11 
 7.413102413009085e+03 -3.888997681126800e+00  1.811979609438409e-03  1.944499290195255e-02  1.395679147918132e-09 -8.241342676994703e-01  6.597950469535521e-06 -6.148795599394583e-17 -3.401293702694420e-11 
 7.585775750291745e+03 -3.888997641345583e+00  1.854186017530427e-03  1.944499290196484e-02  1.428188685678898e-09 -8.241342675560428e-01  6.751636410520172e-06 -6.438579343070254e-17 -3.480520010519114e-11 
 7.762471166286822e+03 -3.888997599689538e+00  1.897375537804073e-03  1.944499290197771e-02  1.461455467432810e-09 -8.241342674058560e-01  6.908902152051993e-06 -6.742020167545133e-17 -3.561591736110620e-11 
 7.943282347242717e+03 -3.888997556070303e+00  1.941571069786808e-03  1.944499290199118e-02  1.495497131628389e-09 -8.241342672485911e-01  7.069831078047773e-06 -7.059761710601146e-17 -3.644551864770039e-11 
 8.128305161640892e+03 -3.888997510395358e+00  1.986796046397669e-03  1.944499290200529e-02  1.530331727564262e-09 -8.241342670839145e-01  7.234508514660225e-06 -7.392477943675819e-17 -3.729444383054702e-11 
 8.317637711026608e+03 -3.888997462567821e+00  2.033074446371064e-03  1.944499290202006e-02  1.565977724958931e-09 -8.241342669114770e-01  7.403021775516683e-06 -7.740874601437776e-17 -3.816314302100433e-11 
 8.511380382023659e+03 -3.888997412486244e+00  2.080430806969910e-03  1.944499290203553e-02  1.602454023743446e-09 -8.241342667309126e-01  7.575460208011400e-06 -8.105690678735491e-17 -3.905207681487032e-11 
 8.709635899560699e+03 -3.888997360044395e+00  2.128890236994866e-03  1.944499290205174e-02  1.639779964082174e-09 -8.241342665418385e-01  7.751915240676032e-06 -8.487699998094512e-17 -3.996171653659680e-11 
 8.912509381337344e+03 -3.888997305131039e+00  2.178478430096545e-03  1.944499290206870e-02  1.677975336626951e-09 -8.241342663438538e-01  7.932480431653339e-06 -8.887712851087838e-17 -4.089254448919168e-11 
 9.120108393558983e+03 -3.888997247629700e+00  2.229221678397768e-03  1.944499290208646e-02  1.717060393010089e-09 -8.241342661365384e-01  8.117251518299850e-06 -9.306577717061025e-17 -4.184505420994246e-11 
 9.332543007969793e+03 -3.888997187418405e+00  2.281146886433068e-03  1.944499290210506e-02  1.757055856581771e-09 -8.241342659194524e-01  8.306326467943746e-06 -9.745183062857522e-17 -4.281975073209608e-11 
 9.549925860214238e+03 -3.888997124369443e+00  2.334281585412843e-03  1.944499290212454e-02  1.797982933397540e-09 -8.241342656921354e-01  8.499805529824863e-06 -1.020445922736154e-16 -4.381715085263418e-11 
 9.772372209557981e+03 -3.888997058349077e+00  2.388653947819707e-03  1.944499290214493e-02  1.839863323461705e-09 -8.241342654541055e-01  8.697791288244340e-06 -1.068538039485582e-16 -4.483778340628568e-11 
 9.999999999999871e+03 -3.888996989217269e+00  2.444292802344775e-03  1.944499290216629e-02  1.882719232232613e-09 -8.241342652048573e-01  8.900388716952072e-06 -1.118896666137975e-16 -4.588218954592177e-11 
 1.023292992280741e+04 -3.888996916827382e+00  2.501227649171803e-03  1.944499290218865e-02  1.926573382395909e-09 -8.241342649438625e-01  9.107705234800817e-06 -1.171628619847093e-16 -4.695092302948233e-11 
 1.047128548050886e+04 -3.888996841025868e+00  2.559488675617264e-03  1.944499290221207e-02  1.971449025911996e-09 -8.241342646705676e-01  9.319850762696335e-06 -1.226845751887930e-16 -4.804455051358560e-11 
 1.071519305237592e+04 -3.888996761651941e+00  2.619106772134672e-03  1.944499290223659e-02  2.017369956344102e-09 -8.241342643843926e-01  9.536937781873919e-06 -1.284665184905997e-16 -4.916365185397685e-11 
 1.096478196143171e+04 -3.888996678537240e+00  2.680113548691604e-03  1.944499290226226e-02  2.064360521473480e-09 -8.241342640847305e-01  9.759081393532006e-06 -1.345209561347644e-16 -5.030882041297558e-11 
 1.122018454301949e+04 -3.888996591505469e+00  2.742541351528124e-03  1.944499290228915e-02  2.112445636208425e-09 -8.241342637709459e-01  9.986399379854575e-06 -1.408607303598395e-16 -5.148066337408389e-11 
 1.148153621496868e+04 -3.888996500372020e+00  2.806423280305462e-03  1.944499290231730e-02  2.161650795793960e-09 -8.241342634423732e-01  1.021901226645461e-05 -1.474992886381034e-16 -5.267980206392308e-11 
 1.174897554939514e+04 -3.888996404943587e+00  2.871793205654049e-03  1.944499290234678e-02  2.212002089329182e-09 -8.241342630983151e-01  1.045704338627173e-05 -1.544507121991228e-16 -5.390687228166915e-11 
 1.202264434617397e+04 -3.888996305017758e+00  2.938685787130210e-03  1.944499290237765e-02  2.263526213599438e-09 -8.241342627380421e-01  1.070061894495784e-05 -1.617297458975672e-16 -5.516252463616176e-11 
 1.230268770812365e+04 -3.888996200382573e+00  3.007136491590984e-03  1.944499290240997e-02  2.316250487230657e-09 -8.241342623607900e-01  1.094986808778540e-05 -1.693518294886251e-16 -5.644742489086551e-11 
 1.258925411794151e+04 -3.888996090816091e+00  3.077181611996866e-03  1.944499290244382e-02  2.370202865173350e-09 -8.241342619657587e-01  1.120492296811376e-05 -1.773331303773612e-16 -5.776225431686646e-11 
 1.288249551693117e+04 -3.888995976085907e+00  3.148858286652387e-03  1.944499290247926e-02  2.425411953523945e-09 -8.241342615521102e-01  1.146591881744990e-05 -1.856905779114735e-16 -5.910771005409071e-11 
 1.318256738556390e+04 -3.888995855948663e+00  3.222204518894719e-03  1.944499290251638e-02  2.481907024691309e-09 -8.241342611189670e-01  1.173299401714053e-05 -1.944418992901858e-16 -6.048450548093724e-11 
 1.348962882591636e+04 -3.888995730149533e+00  3.297259197240768e-03  1.944499290255524e-02  2.539718032916507e-09 -8.241342606654105e-01  1.200629017173370e-05 -2.036056571654423e-16 -6.189337059252023e-11 
 1.380384264602866e+04 -3.888995598421681e+00  3.374062116003382e-03  1.944499290259593e-02  2.598875630154015e-09 -8.241342601904784e-01  1.228595218404856e-05 -2.132012890151521e-16 -6.333505238772195e-11 
 1.412537544622735e+04 -3.888995460485695e+00  3.452653996387631e-03  1.944499290263854e-02  2.659411182322802e-09 -8.241342596931635e-01  1.257212833199329e-05 -2.232491483719975e-16 -6.481031526526134e-11 
 1.445439770745908e+04 -3.888995316048999e+00  3.533076508078289e-03  1.944499290268316e-02  2.721356785935896e-09 -8.241342591724110e-01  1.286497034717161e-05 -2.337705479952500e-16 -6.631994142898787e-11 
 1.479108388168187e+04 -3.888995164805221e+00  3.615372291329967e-03  1.944499290272988e-02  2.784745285117236e-09 -8.241342586271161e-01  1.316463349531953e-05 -2.447878050771616e-16 -6.786473130261632e-11 
 1.513561248436188e+04 -3.888995006433556e+00  3.699584979571615e-03  1.944499290277880e-02  2.849610289014856e-09 -8.241342580561223e-01  1.347127665861522e-05 -2.563242885798142e-16 -6.944550395412158e-11 
 1.548816618912460e+04 -3.888994840598080e+00  3.785759222537310e-03  1.944499290283003e-02  2.915986189619589e-09 -8.241342574582187e-01  1.378506241990516e-05 -2.684044688028256e-16 -7.106309753001918e-11 
 1.584893192461092e+04 -3.888994666947032e+00  3.873940709935612e-03  1.944499290288368e-02  2.983908179998755e-09 -8.241342568321366e-01  1.410615714889137e-05 -2.810539692870427e-16 -7.271836969976112e-11 
 1.621810097358908e+04 -3.888994485112080e+00  3.964176195670011e-03  1.944499290293985e-02  3.053412272954502e-09 -8.241342561765482e-01  1.443473109032544e-05 -2.942996211643121e-16 -7.441219811048350e-11 
 1.659586907437538e+04 -3.888994294707528e+00  4.056513522623259e-03  1.944499290299867e-02  3.124535320116656e-09 -8.241342554900630e-01  1.477095845425570e-05 -3.081695200685932e-16 -7.614548085234601e-11 
 1.698243652461721e+04 -3.888994095329507e+00  4.151001648018739e-03  1.944499290306026e-02  3.197315031480228e-09 -8.241342547712249e-01  1.511501750837571e-05 -3.226930857291265e-16 -7.791913693471098e-11 
 1.737800828749351e+04 -3.888993886555110e+00  4.247690669372273e-03  1.944499290312475e-02  3.271789995397915e-09 -8.241342540185089e-01  1.546709067252265e-05 -3.379011243720460e-16 -7.973410677341392e-11 
 1.778279410038898e+04 -3.888993667941504e+00  4.346631851048085e-03  1.944499290319228e-02  3.347999699038170e-09 -8.241342532303186e-01  1.582736461537561e-05 -3.538258940627833e-16 -8.159135268938375e-11 
 1.819700858609958e+04 -3.888993439024982e+00  4.447877651433006e-03  1.944499290326300e-02  3.425984549319711e-09 -8.241342524049824e-01  1.619603035340518e-05 -3.705011731278534e-16 -8.349185941887786e-11 
 1.862087136662842e+04 -3.888993199319986e+00  4.551481750743263e-03  1.944499290333705e-02  3.505785894333541e-09 -8.241342515407493e-01  1.657328335212641e-05 -3.879623318011325e-16 -8.543663463560158e-11 
 1.905460717963221e+04 -3.888992948318073e+00  4.657499079478572e-03  1.944499290341458e-02  3.587446045263818e-09 -8.241342506357860e-01  1.695932362970887e-05 -4.062464072465856e-16 -8.742670948498968e-11 
 1.949844599758018e+04 -3.888992685486838e+00  4.765985847538599e-03  1.944499290349578e-02  3.671008298819204e-09 -8.241342496881734e-01  1.735435586299856e-05 -4.253921821165556e-16 -8.946313913093273e-11 
 1.995262314968852e+04 -3.888992410268789e+00  4.876999574017166e-03  1.944499290358080e-02  3.756516960186566e-09 -8.241342486959015e-01  1.775858949600776e-05 -4.454402668122267e-16 -9.154700331523816e-11 
 2.041737944669501e+04 -3.888992122080153e+00  4.990599117689945e-03  1.944499290366982e-02  3.844017366519182e-09 -8.241342476568652e-01  1.817223885093005e-05 -4.664331856207217e-16 -9.367940693012312e-11 
 2.089296130854010e+04 -3.888991820309650e+00  5.106844708211810e-03  1.944499290376305e-02  3.933555910971897e-09 -8.241342465688608e-01  1.859552324173950e-05 -4.884154669115200e-16 -9.586148060404212e-11 
 2.137962089502202e+04 -3.888991504317191e+00  5.225797978040292e-03  1.944499290386066e-02  4.025180067295959e-09 -8.241342454295804e-01  1.902866709043376e-05 -5.114337375834842e-16 -9.809438130116046e-11 
 2.187761623949522e+04 -3.888991173432524e+00  5.347521995102008e-03  1.944499290396288e-02  4.118938415006552e-09 -8.241342442366077e-01  1.947190004598264e-05 -5.355368219627996e-16 -1.003792929347910e-10 
 2.238721138568308e+04 -3.888990826953803e+00  5.472081296219365e-03  1.944499290406991e-02  4.214880665136359e-09 -8.241342429874123e-01  1.992545710604508e-05 -5.607758453615686e-16 -1.027174269951199e-10 
 2.290867652767740e+04 -3.888990464146107e+00  5.599541921315177e-03  1.944499290418199e-02  4.313057686588786e-09 -8.241342416793442e-01  2.038957874151872e-05 -5.872043425166877e-16 -1.051100231915537e-10 
 2.344228815319889e+04 -3.888990084239886e+00  5.729971448413258e-03  1.944499290429934e-02  4.413521533104812e-09 -8.241342403096291e-01  2.086451102398803e-05 -6.148783711389756e-16 -1.075583501100283e-10 
 2.398832919019456e+04 -3.888989686429314e+00  5.863439029453493e-03  1.944499290442223e-02  4.516325470857713e-09 -8.241342388753617e-01  2.135050575613807e-05 -6.438566308133635e-16 -1.100637058856295e-10 
 2.454708915684995e+04 -3.888989269870596e+00  6.000015426940312e-03  1.944499290455091e-02  4.621524006690312e-09 -8.241342373734993e-01  2.184782060520307e-05 -6.742005875023026e-16 -1.126274188908796e-10 
 2.511886431509544e+04 -3.888988833680165e+00  6.139773051443877e-03  1.944499290468566e-02  4.729172917009650e-09 -8.241342358008569e-01  2.235671923952000e-05 -7.059746039164220e-16 -1.152508484400573e-10 
 2.570395782768826e+04 -3.888988376932818e+00  6.282785999973839e-03  1.944499290482676e-02  4.839329277354427e-09 -8.241342341540987e-01  2.287747146825947e-05 -7.392460760289150e-16 -1.179353855099222e-10 
 2.630267991895344e+04 -3.888987898659746e+00  6.429130095245858e-03  1.944499290497451e-02  4.952051492650811e-09 -8.241342324297313e-01  2.341035338440753e-05 -7.740855760231508e-16 -1.206824534772281e-10 
 2.691534803926876e+04 -3.888987397846485e+00  6.578882925861650e-03  1.944499290512922e-02  5.067399328172648e-09 -8.241342306240975e-01  2.395564751107389e-05 -8.105670019766556e-16 -1.234935088734142e-10 
 2.754228703338126e+04 -3.888986873430760e+00  6.732123887423759e-03  1.944499290529121e-02  5.185433941222490e-09 -8.241342287333674e-01  2.451364295120389e-05 -8.487677345988880e-16 -1.263700421568761e-10 
 2.818382931264412e+04 -3.888986324300235e+00  6.888934224606686e-03  1.944499290546085e-02  5.306217913550122e-09 -8.241342267535302e-01  2.508463554077287e-05 -8.887688013551771e-16 -1.293135785032240e-10 
 2.884031503126564e+04 -3.888985749290152e+00  7.049397074206651e-03  1.944499290563848e-02  5.429815284525823e-09 -8.241342246803870e-01  2.566892800554409e-05 -9.306550483248717e-16 -1.323256786139498e-10 
 2.951209226666342e+04 -3.888985147180860e+00  7.213597509192587e-03  1.944499290582448e-02  5.556291585085860e-09 -8.241342225095400e-01  2.626683012147253e-05 -9.745153201581208e-16 -1.354079395439292e-10 
 3.019951720401971e+04 -3.888984516695233e+00  7.381622583781677e-03  1.944499290601924e-02  5.685713872468194e-09 -8.241342202363853e-01  2.687865887883948e-05 -1.020442648512900e-15 -1.385619955481991e-10 
 3.090295432513544e+04 -3.888983856495952e+00  7.553561379563071e-03  1.944499290622319e-02  5.818150765756739e-09 -8.241342178561006e-01  2.750473865020385e-05 -1.068534449371845e-15 -1.417895189484590e-10 
 3.162277660168332e+04 -3.888983165182677e+00  7.729505052694223e-03  1.944499290643675e-02  5.953672482253023e-09 -8.241342153636374e-01  2.814540136225939e-05 -1.118892729657311e-15 -1.450922210197551e-10 
 3.235936569296234e+04 -3.888982441289075e+00  7.909546882194555e-03  1.944499290666037e-02  6.092350874694424e-09 -8.241342127537090e-01  2.880098667168766e-05 -1.171624303582758e-15 -1.484718528978187e-10 
 3.311311214825861e+04 -3.888981683279708e+00  8.093782319361965e-03  1.944499290689453e-02  6.234259469338691e-09 -8.241342100207796e-01  2.947184214509975e-05 -1.226841019199214e-15 -1.519302065075383e-10 
 3.388441561391974e+04 -3.888980889546776e+00  8.282309038338159e-03  1.944499290713973e-02  6.379473504934888e-09 -8.241342071590524e-01  3.015832344316129e-05 -1.284659995617175e-15 -1.554691155130588e-10 
 3.467368504525264e+04 -3.888980058406711e+00  8.475226987849388e-03  1.944499290739648e-02  6.528069972601339e-09 -8.241342041624572e-01  3.086079450899760e-05 -1.345203871406936e-15 -1.590904562900109e-10 
 3.548133892335701e+04 -3.888979188096600e+00  8.672638444149816e-03  1.944499290766533e-02  6.680127656631644e-09 -8.241342010246381e-01  3.157962776097808e-05 -1.408601064704005e-15 -1.627961489203870e-10 
 3.630780547700958e+04 -3.888978276770458e+00  8.874648065195353e-03  1.944499290794685e-02  6.835727176250366e-09 -8.241341977389400e-01  3.231520428998138e-05 -1.474986045571132e-15 -1.665881582105898e-10 
 3.715352290971669e+04 -3.888977322495295e+00  9.081362946076388e-03  1.944499290824164e-02  6.994951028340384e-09 -8.241341942983931e-01  3.306791406124439e-05 -1.544499621194352e-15 -1.704684947331944e-10 
 3.801893963205554e+04 -3.888976323247030e+00  9.292892675738578e-03  1.944499290855033e-02  7.157883631164562e-09 -8.241341906957000e-01  3.383815612090210e-05 -1.617289234517767e-15 -1.744392158929768e-10 
 3.890451449942747e+04 -3.888975276906196e+00  9.509349395021431e-03  1.944499290887356e-02  7.324611369104737e-09 -8.241341869232195e-01  3.462633880732567e-05 -1.693509276950154e-15 -1.785024270177710e-10 
 3.981071705534912e+04 -3.888974181253440e+00  9.730847856045123e-03  1.944499290921202e-02  7.495222638441710e-09 -8.241341829729494e-01  3.543287996737023e-05 -1.773321415806371e-15 -1.826602824747376e-10 
 4.073802778041065e+04 -3.888973033964823e+00  9.957505482976810e-03  1.944499290956644e-02  7.669807894200409e-09 -8.241341788365111e-01  3.625820717764606e-05 -1.856894937177768e-15 -1.869149868126319e-10 
 4.168693834703290e+04 -3.888971832606885e+00  1.018944243420808e-02  1.944499290993756e-02  7.848459698084873e-09 -8.241341745051315e-01  3.710275797092819e-05 -1.944407104958409e-15 -1.912687959306787e-10 
 4.265795188015862e+04 -3.888970574631487e+00  1.042678166597636e-02  1.944499291032617e-02  8.031272767528463e-09 -8.241341699696227e-01  3.796698006782420e-05 -2.036043536788272e-15 -1.957240182746739e-10 
 4.365158322401593e+04 -3.888969257370407e+00  1.066964899746335e-02  1.944499291073309e-02  8.218344025885094e-09 -8.241341652203653e-01  3.885133161382072e-05 -2.131998597710322e-15 -2.002830160609457e-10 
 4.466835921509562e+04 -3.888967878029680e+00  1.091817317740476e-02  1.944499291115919e-02  8.409772653787979e-09 -8.241341602472856e-01  3.975628142183301e-05 -2.232475812375945e-15 -2.049482065288264e-10 
 4.570881896148680e+04 -3.888966433683677e+00  1.117248595224606e-02  1.944499291160537e-02  8.605660141703001e-09 -8.241341550398358e-01  4.068230922038456e-05 -2.337688296672484e-15 -2.097220632222962e-10 
 4.677351412871909e+04 -3.888964921268893e+00  1.143272213587987e-02  1.944499291207257e-02  8.806110343704356e-09 -8.241341495869705e-01  4.162990590754606e-05 -2.447859209687800e-15 -2.146071173014809e-10 
 4.786300923226309e+04 -3.888963337577457e+00  1.169901968100149e-02  1.944499291256181e-02  9.011229532500882e-09 -8.241341438771240e-01  4.259957381076688e-05 -2.563222226969800e-15 -2.196059588846975e-10 
 4.897788193684386e+04 -3.888961679250325e+00  1.197151975211969e-02  1.944499291307409e-02  9.221126455741990e-09 -8.241341378981859e-01  4.359182695273425e-05 -2.684022036084041e-15 -2.247212384217594e-10 
 5.011872336272644e+04 -3.888959942770160e+00  1.225036680026092e-02  1.944499291361051e-02  9.435912393632934e-09 -8.241341316374748e-01  4.460719132339916e-05 -2.810514855519698e-15 -2.299556680992698e-10 
 5.128613839913568e+04 -3.888958124453866e+00  1.253570863940587e-02  1.944499291417222e-02  9.655701217889648e-09 -8.241341250817110e-01  4.564620515831019e-05 -2.942968978043598e-15 -2.353120232786481e-10 
 5.248074602497643e+04 -3.888956220444789e+00  1.282769652469813e-02  1.944499291476039e-02  9.880609452064343e-09 -8.241341182169906e-01  4.670941922340127e-05 -3.081665339653932e-15 -2.407931439676508e-10 
 5.370317963702443e+04 -3.888954226704527e+00  1.312648523246563e-02  1.944499291537629e-02  1.011075633327342e-08 -8.241341110287529e-01  4.779739710638008e-05 -3.226898115339226e-15 -2.464019363261692e-10 
 5.495408738576159e+04 -3.888952139004370e+00  1.343223314209651e-02  1.944499291602121e-02  1.034626387536034e-08 -8.241341035017518e-01  4.891071551486994e-05 -3.378975342905146e-15 -2.521413742070999e-10 
 5.623413251903402e+04 -3.888949952916338e+00  1.374510231981188e-02  1.944499291669653e-02  1.058725693352650e-08 -8.241340956200228e-01  5.004996458145911e-05 -3.538219576190956e-15 -2.580145007331062e-10 
 5.754399373371479e+04 -3.888947663803787e+00  1.406525860437891e-02  1.944499291740367e-02  1.083386327046428e-08 -8.241340873668488e-01  5.121574817581618e-05 -3.704968569059738e-15 -2.640244299101070e-10 
 5.888436553555797e+04 -3.888945266811571e+00  1.439287169480872e-02  1.944499291814414e-02  1.108621362402679e-08 -8.241340787247252e-01  5.240868422403321e-05 -3.879575991611599e-15 -2.701743482783465e-10 
 6.025595860743483e+04 -3.888942756855759e+00  1.472811524008442e-02  1.944499291891951e-02  1.134444177647004e-08 -8.241340696753223e-01  5.362940503536196e-05 -4.062412180137291e-15 -2.764675166019229e-10 
 6.165950018614724e+04 -3.888940128612845e+00  1.507116693096571e-02  1.944499291973141e-02  1.160868462530373e-08 -8.241340601994465e-01  5.487855763651205e-05 -4.253864922401029e-15 -2.829072715976684e-10 
 6.309573444801832e+04 -3.888937376508467e+00  1.542220859391739e-02  1.944499292058158e-02  1.187908225578799e-08 -8.241340502770005e-01  5.615680411368412e-05 -4.454340279916134e-15 -2.894970277043012e-10 
 6.456542290346453e+04 -3.888934494705579e+00  1.578142628721033e-02  1.944499292147181e-02  1.215577801511389e-08 -8.241340398869388e-01  5.746482196251365e-05 -4.664263448955248e-15 -2.962402788927834e-10 
 6.606934480075855e+04 -3.888931477092082e+00  1.614901039924426e-02  1.944499292240400e-02  1.243891858830684e-08 -8.241340290072251e-01  5.880330444610674e-05 -4.884079662118971e-15 -3.031406005188470e-10 
 6.760829753919710e+04 -3.888928317267860e+00  1.652515574914306e-02  1.944499292338012e-02  1.272865407589242e-08 -8.241340176147843e-01  6.017296096135111e-05 -5.114255132372415e-15 -3.102016512186697e-10 
 6.918309709189254e+04 -3.888925008531215e+00  1.691006168967416e-02  1.944499292440224e-02  1.302513807336542e-08 -8.241340056854545e-01  6.157451741369111e-05 -5.355278041549052e-15 -3.174271748487051e-10 
 7.079457843841266e+04 -3.888921543864648e+00  1.730393221254482e-02  1.944499292547253e-02  1.332852775250365e-08 -8.241339931939341e-01  6.300871660055882e-05 -5.607659575415239e-15 -3.248210024706959e-10 
 7.244359600749785e+04 -3.888917915919992e+00  1.770697605612918e-02  1.944499292659326e-02  1.363898394456908e-08 -8.241339801137304e-01  6.447631860365728e-05 -5.871935007487252e-15 -3.323870543829222e-10 
 7.413102413009056e+04 -3.888914117002825e+00  1.811940681568126e-02  1.944499292776680e-02  1.395667122543964e-08 -8.241339664171020e-01  6.597810119029705e-05 -6.148664833895687e-15 -3.401293421987622e-10 
 7.585775750291716e+04 -3.888910139056162e+00  1.854144305608994e-02  1.944499292899565e-02  1.428175800271635e-08 -8.241339520750000e-01  6.751486022399035e-05 -6.438435961700015e-15 -3.480519709736672e-10 
 7.762471166286792e+04 -3.888905973643369e+00  1.897330842723344e-02  1.944499293028241e-02  1.461441660485106e-08 -8.241339370570070e-01  6.908741008451214e-05 -6.741862953168981e-15 -3.561591413816777e-10 
 7.943282347242687e+04 -3.888901611930283e+00  1.941523178199200e-02  1.944499293162981e-02  1.495482337234135e-08 -8.241339213312723e-01  7.069658409764192e-05 -7.059589328660822e-15 -3.644551519426355e-10 
 8.128305161640861e+04 -3.888897044666474e+00  1.986744729697849e-02  1.944499293304070e-02  1.530315875104010e-08 -8.241339048644442e-01  7.234323497480393e-05 -7.392288930861014e-15 -3.729444013012719e-10 
 8.317637711026576e+04 -3.888892262165651e+00  2.033019459604812e-02  1.944499293451809e-02  1.565960738762830e-08 -8.241338876216000e-01  7.402823526282892e-05 -7.740667353264925e-15 -3.816313905593797e-10 
 8.511380382023628e+04 -3.888887254285114e+00  2.080371887664958e-02  1.944499293606511e-02  1.602435822730071e-08 -8.241338695661711e-01  7.575247780406391e-05 -8.105463435928284e-15 -3.905207256623070e-10 
 8.709635899560666e+04 -3.888882010404259e+00  2.128827103908125e-02  1.944499293768502e-02  1.639760461371523e-08 -8.241338506598657e-01  7.751687620706240e-05 -8.487450831650460e-15 -3.996171198410363e-10 
 8.912509381337311e+04 -3.888876519402069e+00  2.178410781871761e-02  1.944499293938128e-02  1.677954439125782e-08 -8.241338308625884e-01  7.932236532809216e-05 -8.887439645904279e-15 -4.089253961111434e-10 
 9.120108393558950e+04 -3.888870769633535e+00  2.229149192127173e-02  1.944499294115747e-02  1.717038000967588e-08 -8.241338101323540e-01  8.116990176370044e-05 -9.306278153981445e-15 -4.184504898299623e-10 
 9.332543007969759e+04 -3.888864748904976e+00  2.281069216116191e-02  1.944499294301737e-02  1.757031863113459e-08 -8.241337884251992e-01  8.306046435458496e-05 -9.744854598985914e-15 -4.281974513133103e-10 
 9.549925860214204e+04 -3.888858444448200e+00  2.334198360305112e-02  1.944499294496491e-02  1.797957223975133e-08 -8.241337656950900e-01  8.499505470102046e-05 -1.020409907447771e-14 -4.381714485131616e-10 
 9.772372209557948e+04 -3.888851842893436e+00  2.388564770662964e-02  1.944499294700423e-02  1.839835775366493e-08 -8.241337418938227e-01  8.697469769009782e-05 -1.068498549574838e-14 -4.483777697576858e-10 
 9.999999999999837e+04 -3.888844930241000e+00  2.444197247471263e-02  1.944499294913966e-02  1.882689713969758e-08 -8.241337169709227e-01  8.900044203503655e-05 -1.118853366389602e-14 -4.588218265551094e-10 
 1.023292992280737e+05 -3.888837691831627e+00  2.501125260472579e-02  1.944499295137571e-02  1.926541753066855e-08 -8.241336908735379e-01  9.107336082683793e-05 -1.171581142706342e-14 -4.695091564628799e-10 
 1.047128548050882e+05 -3.888830112315404e+00  2.559378964365341e-02  1.944499295371714e-02  1.971415134542008e-08 -8.241336635463250e-01  9.319455209854901e-05 -1.226793694340742e-14 -4.804454260236590e-10 
 1.071519305237589e+05 -3.888822175619249e+00  2.618989214652516e-02  1.944499295616891e-02  2.017333641161724e-08 -8.241336349313343e-01  9.536513940241601e-05 -1.284608105058200e-14 -4.916364337696970e-10 
 1.096478196143167e+05 -3.888813864912844e+00  2.679987583851842e-02  1.944499295873622e-02  2.064321609138464e-08 -8.241336049678862e-01  9.758627240020718e-05 -1.345146974674164e-14 -5.030881132971839e-10 
 1.122018454301945e+05 -3.888805162572977e+00  2.742406378075547e-02  1.944499296142450e-02  2.112403940984466e-08 -8.241335735924412e-01  9.985912746699367e-05 -1.408538678830631e-14 -5.148065364122046e-10 
 1.148153621496864e+05 -3.888796050146206e+00  2.806278653987558e-02  1.944499296423948e-02  2.161606118662272e-08 -8.241335407384678e-01  1.021849083086810e-04 -1.474917640997518e-14 -5.267979163499670e-10 
 1.174897554939510e+05 -3.888786508309756e+00  2.871638236146354e-02  1.944499296718710e-02  2.211954217038693e-08 -8.241335063362991e-01  1.045648465935876e-04 -1.544424617273273e-14 -5.390686110690090e-10 
 1.202264434617393e+05 -3.888776516830586e+00  2.938519734741825e-02  1.944499297027362e-02  2.263474917649084e-08 -8.241334703129872e-01  1.070002025983757e-04 -1.617206994586070e-14 -5.516251266221291e-10 
 1.230268770812361e+05 -3.888766054522529e+00  3.006958563734548e-02  1.944499297350559e-02  2.316195522778902e-08 -8.241334325921472e-01  1.094922658686413e-04 -1.693419102925015e-14 -5.644741206058306e-10 
 1.258925411794146e+05 -3.888755099201412e+00  3.076990959406138e-02  1.944499297688986e-02  2.370143969869743e-08 -8.241333930937964e-01  1.120423558944779e-04 -1.773222542260297e-14 -5.776224056901022e-10 
 1.288249551693113e+05 -3.888743627638062e+00  3.148653999329384e-02  1.944499298043360e-02  2.425348846257134e-08 -8.241333517341841e-01  1.146518228013339e-04 -1.856786524842054e-14 -5.910769532304125e-10 
 1.318256738556385e+05 -3.888731615509117e+00  3.221985621767116e-02  1.944499298414433e-02  2.481839404247549e-08 -8.241333084256147e-01  1.173220480564866e-04 -1.944288233599946e-14 -6.048448969638258e-10 
 1.348962882591631e+05 -3.888719037345499e+00  3.297024645508797e-02  1.944499298802992e-02  2.539645576542254e-08 -8.241332630762622e-01  1.200544451914640e-04 -2.035913197399238e-14 -6.189335367912042e-10 
 1.380384264602862e+05 -3.888705866478490e+00  3.373810790154096e-02  1.944499299209861e-02  2.598797992015758e-08 -8.241332155899750e-01  1.228504605407494e-04 -2.131855683944508e-14 -6.333503426474957e-10 
 1.412537544622731e+05 -3.888692074983245e+00  3.452384696852689e-02  1.944499299635901e-02  2.659327991856777e-08 -8.241331658660722e-01  1.257115739971082e-04 -2.232319111159025e-14 -6.481029584621612e-10 
 1.445439770745904e+05 -3.888677633619688e+00  3.532787949509857e-02  1.944499300082017e-02  2.721267646079829e-08 -8.241331137991326e-01  1.286392997838843e-04 -2.337516477906599e-14 -6.631992062118408e-10 
 1.479108388168183e+05 -3.888662511770577e+00  3.615063096467383e-02  1.944499300549154e-02  2.784649770415673e-08 -8.241330592787679e-01  1.316351872446141e-04 -2.447670814963057e-14 -6.786470900674043e-10 
 1.513561248436183e+05 -3.888646677376703e+00  3.699253672669599e-02  1.944499301038303e-02  2.849507943589039e-08 -8.241330021893921e-01  1.347008216503155e-04 -2.563015657186956e-14 -6.944548006375840e-10 
 1.548816618912456e+05 -3.888630096869024e+00  3.785404222324381e-02  1.944499301550501e-02  2.915876524992211e-08 -8.241329424099748e-01  1.378378250248126e-04 -2.683795537883325e-14 -7.106307193114402e-10 
 1.584893192461087e+05 -3.888612735097613e+00  3.873560322069133e-02  1.944499302086833e-02  2.983790672763219e-08 -8.241328798137870e-01  1.410478569884596e-04 -2.810266506400650e-14 -7.271834227019590e-10 
 1.621810097358903e+05 -3.888594555257255e+00  3.963768604651882e-02  1.944499302648436e-02  3.053286362277557e-08 -8.241328142681306e-01  1.443326156206341e-04 -2.942696670049698e-14 -7.441216871931358e-10 
 1.659586907437533e+05 -3.888575518809581e+00  4.056076783137754e-02  1.944499303236502e-02  3.124400405062539e-08 -8.241327456340595e-01  1.476938383413761e-04 -3.081366761483575e-14 -7.614544935929574e-10 
 1.698243652461716e+05 -3.888555585401497e+00  4.150533675651142e-02  1.944499303852275e-02  3.197170468143514e-08 -8.241326737660840e-01  1.511333028125478e-04 -3.226570732731323e-14 -7.791910318947435e-10 
 1.737800828749346e+05 -3.888534712779832e+00  4.247189230664117e-02  1.944499304497063e-02  3.271635093831439e-08 -8.241325985118652e-01  1.546528278588989e-04 -3.378616377132958e-14 -7.973407061493741e-10 
 1.778279410038893e+05 -3.888512856701936e+00  4.346094552841561e-02  1.944499305172231e-02  3.347833719961362e-08 -8.241325197118897e-01  1.582542744094215e-04 -3.537825980481697e-14 -8.159131394509802e-10 
 1.819700858609953e+05 -3.888489970842110e+00  4.447301929453781e-02  1.944499305879211e-02  3.425806700591670e-08 -8.241324371991353e-01  1.619395464593884e-04 -3.704537002739990e-14 -8.349181790387449e-10 
 1.862087136662836e+05 -3.888466006693619e+00  4.550864857367275e-02  1.944499306619500e-02  3.505595327174017e-08 -8.241323507987153e-01  1.657105920534605e-04 -3.879102791759191e-14 -8.543659015175086e-10 
 1.905460717963215e+05 -3.888440913466131e+00  4.656838070624531e-02  1.944499307394669e-02  3.587241850204125e-08 -8.241322603275102e-01  1.695694042902667e-04 -4.061893330499234e-14 -8.742666181999554e-10 
 1.949844599758012e+05 -3.888414637978323e+00  4.765277568623703e-02  1.944499308206359e-02  3.670789501363735e-08 -8.241321655937796e-01  1.735180223488473e-04 -4.253296019313866e-14 -8.946308805731981e-10 
 1.995262314968846e+05 -3.888387124545459e+00  4.876240644909161e-02  1.944499309056292e-02  3.756282516164276e-08 -8.241320663967581e-01  1.775585325373674e-04 -4.453716494939718e-14 -9.154694858926699e-10 
 2.041737944669495e+05 -3.888358314861691e+00  4.989785916583808e-02  1.944499309946267e-02  3.843766157102857e-08 -8.241319625262291e-01  1.816930693644953e-04 -4.663579487903018e-14 -9.367934829062726e-10 
 2.089296130854004e+05 -3.888328147876839e+00  5.105973354354246e-02  1.944499310878172e-02  3.933286737341512e-08 -8.241318537620823e-01  1.859238166338530e-04 -4.883329720137315e-14 -9.586141777118256e-10 
 2.137962089502196e+05 -3.888296559667401e+00  5.224864313219781e-02  1.944499311853981e-02  4.024891644920690e-08 -8.241317398738479e-01  1.902530085619411e-04 -5.113432844688220e-14 -9.809431397509078e-10 
 2.187761623949515e+05 -3.888263483301504e+00  5.346521563816235e-02  1.944499312875761e-02  4.118629367518205e-08 -8.241316206202091e-01  1.946829309199379e-04 -5.354376429467788e-14 -1.003792207942273e-09 
 2.238721138568301e+05 -3.888228848697544e+00  5.471009324425586e-02  1.944499313945677e-02  4.214549517765062e-08 -8.241314957484938e-01  1.992159221997794e-04 -5.606670987111737e-14 -1.027173496958086e-09 
 2.290867652767734e+05 -3.888192582476183e+00  5.598393293662325e-02  1.944499315065997e-02  4.312702859129662e-08 -8.241313649941396e-01  2.038543748049152e-04 -5.870851053087141e-14 -1.051099403646294e-09 
 2.344228815319882e+05 -3.888154607805433e+00  5.728740683847417e-02  1.944499316239093e-02  4.413141332382156e-08 -8.241312280801363e-01  2.086007362661428e-04 -6.147476314297161e-14 -1.075582613602553e-09 
 2.398832919019449e+05 -3.888114844238478e+00  5.862120255080591e-02  1.944499317467452e-02  4.515918082650811e-08 -8.241310847164409e-01  2.134575104829118e-04 -6.437132790532509e-14 -1.100636107895165e-09 
 2.454708915684988e+05 -3.888073207543897e+00  5.998602350021611e-02  1.944499318753673e-02  4.621087487082446e-08 -8.241309345993648e-01  2.184272589904889e-04 -6.740434071227206e-14 -1.126273169946606e-09 
 2.511886431509537e+05 -3.888029609527961e+00  6.138258929391025e-02  1.944499320100483e-02  4.728705183119141e-08 -8.241307774109342e-01  2.235126022533700e-04 -7.058022610088920e-14 -1.152507392575278e-09 
 2.570395782768819e+05 -3.887983957848602e+00  6.281163608200649e-02  1.944499321510735e-02  4.838828097403596e-08 -8.241306128182190e-01  2.287162209853163e-04 -7.390571080291690e-14 -1.179352685201213e-09 
 2.630267991895336e+05 -3.887936155820689e+00  6.427391692723892e-02  1.944499322987413e-02  4.951514475325597e-08 -8.241304404726297e-01  2.340408574963840e-04 -7.738783793041745e-14 -1.206823281219543e-09 
 2.691534803926869e+05 -3.887886102212208e+00  6.577020218215754e-02  1.944499324533646e-02  5.066823911222309e-08 -8.241302600091844e-01  2.394893170673132e-04 -8.103398182455529e-14 -1.234933745545646e-09 
 2.754228703338119e+05 -3.887833691030906e+00  6.730127987391993e-02  1.944499326152709e-02  5.184817379245097e-08 -8.241300710457385e-01  2.450644693516231e-04 -8.485186359822748e-14 -1.263698982335949e-09 
 2.818382931264405e+05 -3.887778811300981e+00  6.886795609676653e-02  1.944499327848029e-02  5.305557264905822e-08 -8.241298731821790e-01  2.507692498057528e-04 -8.884956740467210e-14 -1.293134242888481e-09 
 2.884031503126556e+05 -3.887721346829342e+00  7.047105541226761e-02  1.944499329623195e-02  5.429107397315615e-08 -8.241296659995834e-01  2.566066611475764e-04 -9.303555746564125e-14 -1.323255133727354e-09 
 2.951209226666334e+05 -3.887661175960964e+00  7.211142125742533e-02  1.944499331481966e-02  5.555533082129235e-08 -8.241294490593359e-01  2.625797748435964e-04 -9.741869589424677e-14 -1.354077624875453e-09 
 3.019951720401964e+05 -3.887598171322834e+00  7.378991636070938e-02  1.944499333428277e-02  5.684901135208245e-08 -8.241292219022056e-01  2.686917326251114e-04 -1.020082613491765e-13 -1.385618058319705e-09 
 3.090295432513537e+05 -3.887532199555952e+00  7.550742316609942e-02  1.944499335466247e-02  5.817279917016266e-08 -8.241289840473797e-01  2.749457480336277e-04 -1.068139685586350e-13 -1.417893156673411e-09 
 3.162277660168324e+05 -3.887463121034856e+00  7.726484426520090e-02  1.944499337600189e-02  5.952739367759692e-08 -8.241287349914518e-01  2.813451079957651e-04 -1.118459887540909e-13 -1.450920032040214e-09 
 3.235936569296226e+05 -3.887390789574074e+00  7.906310283749420e-02  1.944499339834620e-02  6.091351043287242e-08 -8.241284742073640e-01  2.878931744278807e-04 -1.171149710557160e-13 -1.484716195084404e-09 
 3.311311214825853e+05 -3.887315052120934e+00  8.090314309876934e-02  1.944499342174267e-02  6.233188151761823e-08 -8.241282011433004e-01  2.945933858706103e-04 -1.226320648532768e-13 -1.519299564312341e-09 
 3.388441561391967e+05 -3.887235748434048e+00  8.278593075778967e-02  1.944499344624080e-02  6.378325591118093e-08 -8.241279152215258e-01  3.014492591534913e-04 -1.284089432282022e-13 -1.554688475569913e-09 
 3.467368504525256e+05 -3.887152710746899e+00  8.471245348121954e-02  1.944499347189243e-02  6.526839987319245e-08 -8.241276158371748e-01  3.084643910898035e-04 -1.344578274645849e-13 -1.590901691761054e-09 
 3.548133892335693e+05 -3.887065763415751e+00  8.668372136683873e-02  1.944499349875180e-02  6.678809733426327e-08 -8.241273023569797e-01  3.156424602017211e-04 -1.407915126990042e-13 -1.627958412792435e-09 
 3.630780547700950e+05 -3.886974722551258e+00  8.870076742505807e-02  1.944499352687573e-02  6.834315029493565e-08 -8.241269741179463e-01  3.229872284758360e-04 -1.474233947612704e-13 -1.665878285749620e-09 
 3.715352290971660e+05 -3.886879395632947e+00  9.076464806873462e-02  1.944499355632369e-02  6.993437923302847e-08 -8.241266304259603e-01  3.305025431490579e-04 -1.543674982604922e-13 -1.704681415310033e-09 
 3.801893963205545e+05 -3.886779581105855e+00  9.287644361127444e-02  1.944499358715795e-02  7.156262351950620e-08 -8.241262705543346e-01  3.381923385248586e-04 -1.616385059732723e-13 -1.744388374398246e-09 
 3.890451449942738e+05 -3.886675067958475e+00  9.503725877299414e-02  1.944499361944367e-02  7.322874184300193e-08 -8.241258937422878e-01  3.460606378197682e-04 -1.692517895933300e-13 -1.785020215089237e-09 
 3.981071705534903e+05 -3.886565635281166e+00  9.724822319569665e-02  1.944499365324912e-02  7.493361264312240e-08 -8.241254991933515e-01  3.541115550399708e-04 -1.772234419044433e-13 -1.826598479765336e-09 
 4.073802778041056e+05 -3.886451051804152e+00  9.951049196539952e-02  1.944499368864572e-02  7.667813455266221e-08 -8.241250860737052e-01  3.623492968877924e-04 -1.855703104413091e-13 -1.869145212532793e-09 
 4.168693834703281e+05 -3.886331075414174e+00  1.018252461431335e-01  1.944499372570829e-02  7.846322684884996e-08 -8.241246535104324e-01  3.707781646977932e-04 -1.943100327057192e-13 -1.912682970903959e-09 
 4.265795188015852e+05 -3.886205452648831e+00  1.041936933037102e-01  1.944499376451510e-02  8.028982991374765e-08 -8.241242005896990e-01  3.794025564021120e-04 -2.034610730083717e-13 -1.957234837751283e-09 
 4.365158322401583e+05 -3.886073918167625e+00  1.066170680823321e-01  1.944499380514814e-02  8.215890570392034e-08 -8.241237263548460e-01  3.882269685246200e-04 -2.130427610096610e-13 -2.002824433539395e-09 
 4.466835921509552e+05 -3.885936194198618e+00  1.090966327288969e-01  1.944499384769320e-02  8.407143822948914e-08 -8.241232298043931e-01  3.972559982033584e-04 -2.230753320359370e-13 -2.049475928841754e-09 
 4.570881896148669e+05 -3.885791989959652e+00  1.116336776698178e-01  1.944499389224012e-02  8.602843404267629e-08 -8.241227098899535e-01  4.064943452406330e-04 -2.335799692509832e-13 -2.097214057148466e-09 
 4.677351412871899e+05 -3.885641001052969e+00  1.142295220771555e-01  1.944499393888293e-02  8.803092273594599e-08 -8.241221655140504e-01  4.159468141800416e-04 -2.445788477658488e-13 -2.146064127972003e-09 
 4.786300923226299e+05 -3.885482908832040e+00  1.168855144448234e-01  1.944499398772006e-02  9.007995744983826e-08 -8.241215955278344e-01  4.256183164095874e-04 -2.560951807736763e-13 -2.196052040257759e-09 
 4.897788193684375e+05 -3.885317379739384e+00  1.196030331715967e-01  1.944499403885456e-02  9.217661539058729e-08 -8.241209987286966e-01  4.355138722899203e-04 -2.681532677997982e-13 -2.247204296106494e-09 
 5.011872336272634e+05 -3.885144064614063e+00  1.223834871506163e-01  1.944499409239428e-02  9.432199835760813e-08 -8.241203738577707e-01  4.456386133066058e-04 -2.807785451611399e-13 -2.299548014815910e-09 
 5.128613839913558e+05 -3.884962597967534e+00  1.252283163650403e-01  1.944499414845213e-02  9.651723328092752e-08 -8.241197195973234e-01  4.559977842451868e-04 -2.939976387328552e-13 -2.353110947248743e-09 
 5.248074602497633e+05 -3.884772597226434e+00  1.281389924894538e-01  1.944499420714630e-02  9.876347276862537e-08 -8.241190345680230e-01  4.665967453876434e-04 -3.078384191241471e-13 -2.407921490534953e-09 
 5.370317963702432e+05 -3.884573661940884e+00  1.311170194966000e-01  1.944499426860049e-02  1.010618956643448e-07 -8.241183173260868e-01  4.774409747286963e-04 -3.223300593693864e-13 -2.464008703115738e-09 
 5.495408738576148e+05 -3.884365372956743e+00  1.341639342689466e-01  1.944499433294418e-02  1.034137076149157e-07 -8.241175663602942e-01  4.885360702102123e-04 -3.375030952449244e-13 -2.521402320137308e-09 
 5.623413251903391e+05 -3.884147291550294e+00  1.372813072145473e-01  1.944499440031289e-02  1.058201416481265e-07 -8.241167800888700e-01  4.998877519717846e-04 -3.533894883264352e-13 -2.580132769202498e-09 
 5.754399373371467e+05 -3.883918958523684e+00  1.404707428866034e-01  1.944499447084849e-02  1.082824587606655e-07 -8.241159568562205e-01  5.115018646153515e-04 -3.700226919061781e-13 -2.640231186488519e-09 
 5.888436553555785e+05 -3.883679893259436e+00  1.437338806060631e-01  1.944499454469945e-02  1.108019485162370e-07 -8.241150949295257e-01  5.233843794814887e-04 -3.874377198942689e-13 -2.701729433239323e-09 
 6.025595860743470e+05 -3.883429592732276e+00  1.470723950865347e-01  1.944499462202116e-02  1.133799296538450e-07 -8.241141924951766e-01  5.355413969347799e-04 -4.056712188328855e-13 -2.764660112641238e-09 
 6.165950018614712e+05 -3.883167530476413e+00  1.504879970607143e-01  1.944499470297625e-02  1.160177507062164e-07 -8.241132476550517e-01  5.479791486553986e-04 -4.247615431572873e-13 -2.829056587090754e-09 
 6.309573444801820e+05 -3.882893155506390e+00  1.539824339074551e-01  1.944499478773491e-02  1.187167906283194e-07 -8.241122584226264e-01  5.607039999337743e-04 -4.447488338426322e-13 -2.894952995863515e-09 
 6.456542290346441e+05 -3.882605891189523e+00  1.575574902785175e-01  1.944499487647530e-02  1.214784594359125e-07 -8.241112227189072e-01  5.737224519648949e-04 -4.656751005807758e-13 -2.962384273193799e-09 
 6.606934480075843e+05 -3.882305134067886e+00  1.612149887239568e-01  1.944499496938383e-02  1.243041988540352e-07 -8.241101383681847e-01  5.870411441385053e-04 -4.875843076365964e-13 -3.031386166773983e-09 
 6.760829753919698e+05 -3.881990252627709e+00  1.649567903150052e-01  1.944499506665558e-02  1.271954829753313e-07 -8.241090030935971e-01  6.006668563210953e-04 -5.105224635388233e-13 -3.101995256683664e-09 
 6.918309709189242e+05 -3.881660586013995e+00  1.687847952632029e-01  1.944499516849469e-02  1.301538189280642e-07 -8.241078145124958e-01  6.146065111252094e-04 -5.345377147659143e-13 -3.174248974758404e-09 
 7.079457843841253e+05 -3.881315442688085e+00  1.727009435344276e-01  1.944499527511481e-02  1.331807475536629e-07 -8.241065701316047e-01  6.288671761612270e-04 -5.596804435931922e-13 -3.248185624408201e-09 
 7.244359600749771e+05 -3.880954099025820e+00  1.767072154563500e-01  1.944499538673945e-02  1.362778440936004e-07 -8.241052673419668e-01  6.434560662663241e-04 -5.860033702731873e-13 -3.323844400896100e-09 
 7.413102413009043e+05 -3.880575797853846e+00  1.808056323177186e-01  1.944499550360253e-02  1.394467188853759e-07 -8.241039034136670e-01  6.583805457048832e-04 -6.135616597269634e-13 -3.401265412087540e-09 
 7.585775750291703e+05 -3.880179746921575e+00  1.849982569577440e-01  1.944499562594879e-02  1.426890180673389e-07 -8.241024754903221e-01  6.736481303341319e-04 -6.424130329300882e-13 -3.480489699681293e-09 
 7.762471166286779e+05 -3.879765117306191e+00  1.892871943437085e-01  1.944499575403429e-02  1.460064242920524e-07 -8.241009805833314e-01  6.892664897282777e-04 -6.726178831828404e-13 -3.561559260933099e-09 
 7.943282347242674e+05 -3.879331041748037e+00  1.936745921347723e-01  1.944499588812695e-02  1.494006574478509e-07 -8.240994155658735e-01  7.052434492538429e-04 -7.042393974602038e-13 -3.644517070883339e-09 
 8.128305161640848e+05 -3.878876612913607e+00  1.981626412297827e-01  1.944499602850704e-02  1.528734753882092e-07 -8.240977771666452e-01  7.215869920883209e-04 -7.373436830431537e-13 -3.729407105100368e-09 
 8.317637711026561e+05 -3.878400881583351e+00  2.027535762967222e-01  1.944499617546781e-02  1.564266746684844e-07 -8.240960619633276e-01  7.383052611736432e-04 -7.719998996387013e-13 -3.816274362951349e-09 
 8.511380382023612e+05 -3.877902854761309e+00  2.074496762812355e-01  1.944499632931600e-02  1.600620912895478e-07 -8.240942663757691e-01  7.554065610952601e-04 -8.082803972020257e-13 -3.905164891412742e-09 
 8.709635899560649e+05 -3.877381493703651e+00  2.122532648914849e-01  1.944499649037250e-02  1.637816014477661e-07 -8.240923866588797e-01  7.728993598769372e-04 -8.462608596798701e-13 -3.996125809432866e-09 
 8.912509381337294e+05 -3.876835711862987e+00  2.171667110563622e-01  1.944499665897295e-02  1.675871222907325e-07 -8.240904188952172e-01  7.907922906805784e-04 -8.860204549000437e-13 -4.089205332859165e-09 
 9.120108393558932e+05 -3.876264372745369e+00  2.221924293538659e-01  1.944499683546844e-02  1.714806126780876e-07 -8.240883589872625e-01  8.090941533995994e-04 -9.276419908374484e-13 -4.184452799943225e-09 
 9.332543007969741e+05 -3.875666287676686e+00  2.273328804062024e-01  1.944499702022617e-02  1.754640739467009e-07 -8.240862026493666e-01  8.278139161334635e-04 -9.712120784923447e-13 -4.281918697436732e-09 
 9.549925860214186e+05 -3.875040213475243e+00  2.325905712379190e-01  1.944499721363018e-02  1.795395506794110e-07 -8.240839453993573e-01  8.469607165300975e-04 -1.016821301621702e-12 -4.381654687291967e-09 
 9.772372209557928e+05 -3.874384850027115e+00  2.379680555930987e-01  1.944499741608208e-02  1.837091314764511e-07 -8.240815825497995e-01  8.665438629819060e-04 -1.064564393569235e-12 -4.483713633980671e-09 
 9.999999999999817e+05 -3.873698837760915e+00  2.434679342073562e-01  1.944499762800189e-02  1.879749497285962e-07 -8.240791091988899e-01  8.865728356600430e-04 -1.114540421444139e-12 -4.588149632445470e-09 
 1.023292992280735e+06 -3.872980755018471e+00  2.490928550300650e-01  1.944499784982876e-02  1.923391843909890e-07 -8.240765202209775e-01  9.070572873704957e-04 -1.166852977902518e-12 -4.695018036698320e-09 
 1.047128548050880e+06 -3.872229115317933e+00  2.548455133919143e-01  1.944499808202189e-02  1.968040607565029e-07 -8.240738102566952e-01  9.280070442143398e-04 -1.221610380788922e-12 -4.804375489080770e-09 
 1.071519305237587e+06 -3.871442364505779e+00  2.607286521125500e-01  1.944499832506139e-02  2.013718512274038e-07 -8.240709737026928e-01  9.494321060332807e-04 -1.278925880898312e-12 -4.916279950201202e-09 
 1.096478196143165e+06 -3.870618877794104e+00  2.667450615426766e-01  1.944499857944918e-02  2.060448760839663e-07 -8.240680047009543e-01  9.713426466202412e-04 -1.338917878120870e-12 -5.030790729564476e-09 
 1.122018454301943e+06 -3.869756956679656e+00  2.728975795346111e-01  1.944499884570995e-02  2.108255042485881e-07 -8.240648971276902e-01  9.937490136733549e-04 -1.401710146233439e-12 -5.147968516909803e-09 
 1.148153621496861e+06 -3.868854825741015e+00  2.791890913348605e-01  1.944499912439215e-02  2.157161540438264e-07 -8.240616445817897e-01  1.016661728470227e-03 -1.467432066601858e-12 -5.267875414273012e-09 
 1.174897554939508e+06 -3.867910629310328e+00  2.856225293918540e-01  1.944499941606904e-02  2.207192939426546e-07 -8.240582403728219e-01  1.040091485237731e-03 -1.536218871057786e-12 -5.390574968789685e-09 
 1.202264434617390e+06 -3.866922428016065e+00  2.922008730714990e-01  1.944499972133972e-02  2.258374433091036e-07 -8.240546775085693e-01  1.064049150190935e-03 -1.608211894211886e-12 -5.516132206256066e-09 
 1.230268770812358e+06 -3.865888195193309e+00  2.989271482727380e-01  1.944500004083024e-02  2.310731731273104e-07 -8.240509486820879e-01  1.088545760212998e-03 -1.683558835462116e-12 -5.644613665464959e-09 
 1.258925411794143e+06 -3.864805813158103e+00  3.058044269347620e-01  1.944500037519481e-02  2.364291067168457e-07 -8.240470462582723e-01  1.113592521145977e-03 -1.762414030951262e-12 -5.776087433334259e-09 
 1.288249551693110e+06 -3.863673069342581e+00  3.128358264269949e-01  1.944500072511690e-02  2.419079204320359e-07 -8.240429622599220e-01  1.139200805660555e-03 -1.844938735721618e-12 -5.910623180846096e-09 
 1.318256738556382e+06 -3.862487652287601e+00  3.200245088123865e-01  1.944500109131058e-02  2.475123443428272e-07 -8.240386883532949e-01  1.165382150670595e-03 -1.931301416306523e-12 -6.048292199815001e-09 
 1.348962882591628e+06 -3.861247147489829e+00  3.273736799739440e-01  1.944500147452171e-02  2.532451628945622e-07 -8.240342158331315e-01  1.192148254256271e-03 -2.021678053988312e-12 -6.189167440503883e-09 
 1.380384264602859e+06 -3.859949033100379e+00  3.348865885938014e-01  1.944500187552934e-02  2.591092155438567e-07 -8.240295356071493e-01  1.219510972057221e-03 -2.116252458939648e-12 -6.333323550107045e-09 
 1.412537544622727e+06 -3.858590675472322e+00  3.425665249734590e-01  1.944500229514704e-02  2.651073973675691e-07 -8.240246381799881e-01  1.247482313094771e-03 -2.215216595450159e-12 -6.480836912119822e-09 
 1.445439770745900e+06 -3.857169324554620e+00  3.504168196831212e-01  1.944500273422434e-02  2.712426596416504e-07 -8.240195136366039e-01  1.276074434979768e-03 -2.318770918422323e-12 -6.631785686614931e-09 
 1.479108388168179e+06 -3.855682109130391e+00  3.584408420273455e-01  1.944500319364821e-02  2.775180103864504e-07 -8.240141516251013e-01  1.305299638459937e-03 -2.427124721299556e-12 -6.786249851446001e-09 
 1.513561248436179e+06 -3.854126031897672e+00  3.666419983134347e-01  1.944500367434457e-02  2.839365148748328e-07 -8.240085413389971e-01  1.335170361257896e-03 -2.540496495564874e-12 -6.944311244399196e-09 
 1.548816618912452e+06 -3.852497964391334e+00  3.750237299082268e-01  1.944500417727983e-02  2.905012960992166e-07 -8.240026714989117e-01  1.365699171148158e-03 -2.659114301920246e-12 -7.106053606314338e-09 
 1.584893192461083e+06 -3.850794641745192e+00  3.835895110681023e-01  1.944500470346257e-02  2.972155351934242e-07 -8.239965303336845e-01  1.396898758218415e-03 -2.783216153224338e-12 -7.271562625197362e-09 
 1.621810097358899e+06 -3.849012657293927e+00  3.923428465261748e-01  1.944500525394516e-02  3.040824718049589e-07 -8.239901055609123e-01  1.428781926257363e-03 -2.913050409229272e-12 -7.440925981346397e-09 
 1.659586907437529e+06 -3.847148457014962e+00  4.012872688197405e-01  1.944500582982550e-02  3.111054044130784e-07 -8.239833843669089e-01  1.461361583208068e-03 -3.048876183115118e-12 -7.614233393514321e-09 
 1.698243652461712e+06 -3.845198333811171e+00  4.104263353401495e-01  1.944500643224877e-02  3.182876905877598e-07 -8.239763533860927e-01  1.494650730622638e-03 -3.190963759773431e-12 -7.791576666131034e-09 
 1.737800828749342e+06 -3.843158421636004e+00  4.197636250863124e-01  1.944500706240924e-02  3.256327471843726e-07 -8.239689986798053e-01  1.528662452050493e-03 -3.339595025737822e-12 -7.973049737609261e-09 
 1.778279410038889e+06 -3.841024689463429e+00  4.293027351020906e-01  1.944500772155216e-02  3.331440504685939e-07 -8.239613057145703e-01  1.563409900289084e-03 -3.495063910599873e-12 -8.158748729758224e-09 
 1.819700858609949e+06 -3.838792935106096e+00  4.390472765768220e-01  1.944500841097566e-02  3.408251361658065e-07 -8.239532593398056e-01  1.598906283422305e-03 -3.657676839682052e-12 -8.348771998329956e-09 
 1.862087136662832e+06 -3.836458778886093e+00  4.490008705872276e-01  1.944500913203269e-02  3.486795994289218e-07 -8.239448437650045e-01  1.635164849568203e-03 -3.827753197665091e-12 -8.543220184723726e-09 
 1.905460717963211e+06 -3.834017657163831e+00  4.591671434579070e-01  1.944500988613301e-02  3.567110947182727e-07 -8.239360425364028e-01  1.672198870253886e-03 -4.005625802784956e-12 -8.742196268874439e-09 
 1.949844599758008e+06 -3.831464815731928e+00  4.695497217166113e-01  1.944501067474529e-02  3.649233355869099e-07 -8.239268385131637e-01  1.710021622331816e-03 -4.191641391123556e-12 -8.945805623351529e-09 
 1.995262314968841e+06 -3.828795303082267e+00  4.801522266194174e-01  1.944501149939913e-02  3.733200943643354e-07 -8.239172138431005e-01  1.748646368347854e-03 -4.386161110416755e-12 -9.154156068695468e-09 
 2.041737944669490e+06 -3.826003963556034e+00  4.909782682199097e-01  1.944501236168717e-02  3.819052017313997e-07 -8.239071499379813e-01  1.788086335267779e-03 -4.589561022692804e-12 -9.367357930019510e-09 
 2.089296130853999e+06 -3.823085430388171e+00  5.020314389554267e-01  1.944501326326731e-02  3.906825461787877e-07 -8.238966274484504e-01  1.828354691465160e-03 -4.802232614932755e-12 -9.585524094905007e-09 
 2.137962089502191e+06 -3.820034118659604e+00  5.133153067224354e-01  1.944501420586482e-02  3.996560733412253e-07 -8.238856262386182e-01  1.869464521869960e-03 -5.024583316811714e-12 -9.808770072619223e-09 
 2.187761623949510e+06 -3.816844218172562e+00  5.248334074121042e-01  1.944501519127455e-02  4.088297851992519e-07 -8.238741253603753e-01  1.911428801173600e-03 -5.257037024434389e-12 -1.003721405468521e-08 
 2.238721138568296e+06 -3.813509686266545e+00  5.365892368762045e-01  1.944501622136317e-02  4.182077391401310e-07 -8.238621030274893e-01  1.954260364982863e-03 -5.500034628820167e-12 -1.027097697683399e-08 
 2.290867652767729e+06 -3.810024240594907e+00  5.485862422925983e-01  1.944501729807140e-02  4.277940468692193e-07 -8.238495365895622e-01  1.997971878811865e-03 -5.754034547721023e-12 -1.051018258236999e-08 
 2.344228815319877e+06 -3.806381351884617e+00  5.608278128987404e-01  1.944501842341623e-02  4.375928731628797e-07 -8.238364025059265e-01  2.042575804798327e-03 -6.019513259168743e-12 -1.075495748698138e-08 
 2.398832919019444e+06 -3.802574236704558e+00  5.733172700609004e-01  1.944501959949319e-02  4.476084344538166e-07 -8.238226763195721e-01  2.088084366027778e-03 -6.296965834946061e-12 -1.100543124502770e-08 
 2.454708915684983e+06 -3.798595850270770e+00  5.860578566461951e-01  1.944502082847850e-02  4.578449972395463e-07 -8.238083326312052e-01  2.134509508347109e-03 -6.586906471958348e-12 -1.126173641733795e-08 
 2.511886431509531e+06 -3.794438879320361e+00  5.990527256640176e-01  1.944502211263135e-02  4.683068763045749e-07 -8.237933450735576e-01  2.181862859547075e-03 -6.889869019247646e-12 -1.152400864055302e-08 
 2.570395782768813e+06 -3.790095735089226e+00  6.123049281431139e-01  1.944502345429603e-02  4.789984327467775e-07 -8.237776862860671e-01  2.230155685792140e-03 -7.206407498138782e-12 -1.179238669804732e-08 
 2.630267991895330e+06 -3.785558546432605e+00  6.258174002103971e-01  1.944502485590405e-02  4.899240717984427e-07 -8.237613278900745e-01  2.279398845175476e-03 -7.537096612737231e-12 -1.206701259246517e-08 
 2.691534803926863e+06 -3.780819153131395e+00  6.395929493376221e-01  1.944502631997625e-02  5.010882404324770e-07 -8.237442404646904e-01  2.329602738277051e-03 -7.882532247709841e-12 -1.234803161990850e-08 
 2.754228703338112e+06 -3.775869099431534e+00  6.536342397223367e-01  1.944502784912473e-02  5.124954247443785e-07 -8.237263935235022e-01  2.380777255603807e-03 -8.243331949972281e-12 -1.263559244581320e-08 
 2.818382931264398e+06 -3.770699627868237e+00  6.679437767700749e-01  1.944502944605482e-02  5.241501471007834e-07 -8.237077554923071e-01  2.432931721792886e-03 -8.620135390580745e-12 -1.292984718255270e-08 
 2.884031503126549e+06 -3.765301673431713e+00  6.825238906456229e-01  1.944503111356683e-02  5.360569630456736e-07 -8.236882936880783e-01  2.486074836462018e-03 -9.013604802779923e-12 -1.323095146880807e-08 
 2.951209226666328e+06 -3.759665858136078e+00  6.973767188624117e-01  1.944503285455778e-02  5.482204579557440e-07 -8.236679742993821e-01  2.540214611595577e-03 -9.424425391794966e-12 -1.353906455074512e-08 
 3.019951720401957e+06 -3.753782486058475e+00  7.125041878807022e-01  1.944503467202289e-02  5.606452434369416e-07 -8.236467623684934e-01  2.595358305360616e-03 -9.853305711572020e-12 -1.385434936504017e-08 
 3.090295432513529e+06 -3.747641538921033e+00  7.279079936872840e-01  1.944503656905697e-02  5.733359534548575e-07 -8.236246217754656e-01  2.651512352254629e-03 -1.030097800327102e-11 -1.417697262379718e-08 
 3.162277660168317e+06 -3.741232672294132e+00  7.435895813319683e-01  1.944503854885557e-02  5.862972401924596e-07 -8.236015152244427e-01  2.708682289496001e-03 -1.076819848989647e-11 -1.450710490140028e-08 
 3.235936569296218e+06 -3.734545212505406e+00  7.595501233992396e-01  1.944504061471597e-02  5.995337696296448e-07 -8.235774042325138e-01  2.766872679579222e-03 -1.125574762101797e-11 -1.484492072334690e-08 
 3.311311214825845e+06 -3.727568154345271e+00  7.757904973971477e-01  1.944504277003784e-02  6.130502168402492e-07 -8.235522491214416e-01  2.826087028930375e-03 -1.176443026108522e-11 -1.519059865710818e-08 
 3.388441561391958e+06 -3.720290159666049e+00  7.923112620498698e-01  1.944504501832373e-02  6.268512610035426e-07 -8.235260090126112e-01  2.886327702614036e-03 -1.229507581438209e-11 -1.554432140506473e-08 
 3.467368504525247e+06 -3.712699556978360e+00  8.091126324854632e-01  1.944504736317913e-02  6.409415801288201e-07 -8.234986418255735e-01  2.947595835061143e-03 -1.284853827919671e-11 -1.590627589956733e-08 
 3.548133892335684e+06 -3.704784342155055e+00  8.261944543162011e-01  1.944504980831232e-02  6.553258454935555e-07 -8.234701042805856e-01  3.009891236808504e-03 -1.342569622331008e-11 -1.627665340017358e-08 
 3.630780547700941e+06 -3.696532180359544e+00  8.435561766155891e-01  1.944505235753374e-02  6.700087157976757e-07 -8.234403519055605e-01  3.073212297264842e-03 -1.402745267243004e-11 -1.665564959311362e-08 
 3.715352290971651e+06 -3.687930409322008e+00  8.611968238038057e-01  1.944505501475494e-02  6.849948310389133e-07 -8.234093390478805e-01  3.137555883545787e-03 -1.465473490272501e-11 -1.704346469303921e-08 
 3.801893963205536e+06 -3.678966044093492e+00  8.791149664619033e-01  1.944505778398721e-02  7.002888061168778e-07 -8.233770188915367e-01  3.202917235451291e-03 -1.530849412814745e-11 -1.744030354711300e-08 
 3.890451449942728e+06 -3.669625783414030e+00  8.973086911047514e-01  1.944506066933951e-02  7.158952241764902e-07 -8.233433434800888e-01  3.269289856693616e-03 -1.598970507278776e-11 -1.784637574149612e-08 
 3.981071705534893e+06 -3.659896017837069e+00  9.157755689534451e-01  1.944506367501601e-02  7.318186297047914e-07 -8.233082637459570e-01  3.336665402522870e-03 -1.669936541807219e-11 -1.826189571029495e-08 
 4.073802778041046e+06 -3.649762839757882e+00  9.345126237597819e-01  1.944506680531302e-02  7.480635213988213e-07 -8.232717295465771e-01  3.405033563939831e-03 -1.743849511422111e-11 -1.868708284702957e-08 
 4.168693834703270e+06 -3.639212055498740e+00  9.535162987485094e-01  1.944507006461518e-02  7.646343448263575e-07 -8.232336897079741e-01  3.474381948733083e-03 -1.820813554502700e-11 -1.912216161868916e-08 
 4.265795188015841e+06 -3.628229199607896e+00  9.727824227573453e-01  1.944507345739110e-02  7.815354849057498e-07 -8.231940920763128e-01  3.544695959629001e-03 -1.900934853470331e-11 -1.956736168244168e-08 
 4.365158322401572e+06 -3.616799551532909e+00  9.923061756703895e-01  1.944507698818822e-02  7.987712582359461e-07 -8.231528835780143e-01  3.615958669899456e-03 -1.984321518530942e-11 -2.002291800506809e-08 
 4.466835921509542e+06 -3.604908154831273e+00  1.012082053257378e+00  1.944508066162682e-02  8.163459053130434e-07 -8.231100102890156e-01  3.688150696832807e-03 -2.071083453308368e-11 -2.048907098519366e-08 
 4.570881896148658e+06 -3.592539839082593e+00  1.032103831549425e+00  1.944508448239329e-02  8.342635826753536e-07 -8.230654175137734e-01  3.761250073539308e-03 -2.161332201193125e-11 -2.096606657839213e-08 
 4.677351412871888e+06 -3.579679244666327e+00  1.052364530901259e+00  1.944508845523249e-02  8.525283550249956e-07 -8.230190498745957e-01  3.835232119631932e-03 -2.255180771232951e-11 -2.145415642524109e-08 
 4.786300923226287e+06 -3.566310850567382e+00  1.072856379910640e+00  1.944509258493910e-02  8.711441873804450e-07 -8.229708514118927e-01  3.910069311398106e-03 -2.352743442404736e-11 -2.195359798241026e-08 
 4.897788193684363e+06 -3.552419005368155e+00  1.093570779387406e+00  1.944509687634813e-02  8.901149373212458e-07 -8.229207656959154e-01  3.985731152156342e-03 -2.454135545134262e-11 -2.246465465686735e-08 
 5.011872336272622e+06 -3.537987961579894e+00  1.114498266587433e+00  1.944510133432421e-02  9.094443473931760e-07 -8.228687359505331e-01  4.062184043574138e-03 -2.559473218972045e-11 -2.298759594328963e-08 
 5.128613839913545e+06 -3.523001913458149e+00  1.135628479950606e+00  1.944510596375005e-02  9.291360377495594e-07 -8.228147051895728e-01  4.139391158809274e-03 -2.668873145392370e-11 -2.352269756477266e-08 
 5.248074602497620e+06 -3.507445038436446e+00  1.156950124606402e+00  1.944511076951348e-02  9.491934991120211e-07 -8.227586163662042e-01  4.217312318425051e-03 -2.782452254760154e-11 -2.407024161693101e-08 
 5.370317963702418e+06 -3.491301542298698e+00  1.178450938935795e+00  1.944511575649362e-02  9.696200861418088e-07 -8.227004125358033e-01  4.295903870120596e-03 -2.900327406608384e-11 -2.463051671548983e-08 
 5.495408738576134e+06 -3.474555708194376e+00  1.200117662503644e+00  1.944512092954568e-02  9.904190113206662e-07 -8.226400370326724e-01  4.375118573408948e-03 -3.022615042489354e-11 -2.520381814746905e-08 
 5.623413251903377e+06 -3.457191949580333e+00  1.221936005701089e+00  1.944512629348462e-02  1.011593339448172e-06 -8.225774336609148e-01  4.454905490467316e-03 -3.149430810807514e-11 -2.579044802606640e-08 
 5.754399373371452e+06 -3.439194867149782e+00  1.243890621462641e+00  1.944513185306754e-02  1.033145982870241e-06 -8.225125468996869e-01  4.535209884474449e-03 -3.280889163212083e-11 -2.639071544934868e-08 
 5.888436553555770e+06 -3.420549309781532e+00  1.265965079447016e+00  1.944513761297493e-02  1.055079697561089e-06 -8.224453221229436e-01  4.615973126837943e-03 -3.417102922325135e-11 -2.700493666286464e-08 
 6.025595860743455e+06 -3.401240439511398e+00  1.288141843093968e+00  1.944514357779049e-02  1.077397080188138e-06 -8.223757058336869e-01  4.697132614798078e-03 -3.558182820806795e-11 -2.763343522629623e-08 
 6.165950018614695e+06 -3.381253800492363e+00  1.310402249990925e+00  1.944514975197990e-02  1.100100566296109e-06 -8.223036459125924e-01  4.778621700972306e-03 -3.704237012014517e-11 -2.827654218426896e-08 
 6.309573444801803e+06 -3.360575391870625e+00  1.332726496002590e+00  1.944515613986830e-02  1.123192429752503e-06 -8.222290918807573e-01  4.860369636474427e-03 -3.855370552798713e-11 -2.893459624144528e-08 
 6.456542290346422e+06 -3.339191744461058e+00  1.355093623633133e+00  1.944516274561657e-02  1.146674783601885e-06 -8.221519951761460e-01  4.942301529301853e-03 -4.011684859292303e-11 -2.960794394202818e-08 
 6.606934480075824e+06 -3.317090001057835e+00  1.377481515103721e+00  1.944516957319658e-02  1.170549582480432e-06 -8.220723094431397e-01  5.024338319731577e-03 -4.173277136896851e-11 -3.029693985380560e-08 
 6.760829753919679e+06 -3.294258000164319e+00  1.399866890637000e+00  1.944517662636524e-02  1.194818626745041e-06 -8.219899908344178e-01  5.106396774497575e-03 -4.340239786041612e-11 -3.100194675686888e-08 
 6.918309709189222e+06 -3.270684362870808e+00  1.422225312444283e+00  1.944518390863776e-02  1.219483568472605e-06 -8.219049983241836e-01  5.188389501537127e-03 -4.512659785692584e-11 -3.172333583714113e-08 
 7.079457843841233e+06 -3.246358582549927e+00  1.444531194909704e+00  1.944519142325986e-02  1.244545919484676e-06 -8.218172940315540e-01  5.270224987088363e-03 -4.690618057014165e-11 -3.246148688485354e-08 
 7.244359600749752e+06 -3.221271116977598e+00  1.466757821457821e+00  1.944519917317936e-02  1.270007061550366e-06 -8.217268435526898e-01  5.351807656893132e-03 -4.874188810032456e-11 -3.321678849810971e-08 
 7.413102413009022e+06 -3.195413482423346e+00  1.488877368576441e+00  1.944520716101710e-02  1.295868258915904e-06 -8.216336163000288e-01  5.433037963206351e-03 -5.063438876613474e-11 -3.398963829167924e-08 
 7.585775750291681e+06 -3.168778349187862e+00  1.510860937443972e+00  1.944521538903742e-02  1.322130673302311e-06 -8.215375858467369e-01  5.513812499231951e-03 -5.258427033545416e-11 -3.478044311116268e-08 
 7.762471166286756e+06 -3.141359637998967e+00  1.532678593579843e+00  1.944522385911841e-02  1.348795381503294e-06 -8.214387302742515e-01  5.594024142494689e-03 -5.459203319996255e-11 -3.558961925267047e-08 
 7.943282347242650e+06 -3.113152616610642e+00  1.554299414896989e+00  1.944523257272202e-02  1.375863395703255e-06 -8.213370325205609e-01  5.673562228514431e-03 -5.665808354099304e-11 -3.641759268815816e-08 
 8.128305161640823e+06 -3.084153995884397e+00  1.575691548486396e+00  1.944524153086442e-02  1.403335686620264e-06 -8.212324807266130e-01  5.752312755972921e-03 -5.878272653891499e-11 -3.726479929655923e-08 
 8.317637711026536e+06 -3.054362024569421e+00  1.596822276405206e+00  1.944525073408672e-02  1.431213209560828e-06 -8.211250685780367e-01  5.830158624352134e-03 -6.096615968283868e-11 -3.813168510085565e-08 
 8.511380382023586e+06 -3.023776581938939e+00  1.617658090671467e+00  1.944526018242635e-02  1.459496933452245e-06 -8.210147956391316e-01  5.906979904776618e-03 -6.320846624170662e-11 -3.901870651122384e-08 
 8.709635899560623e+06 -2.992399267386368e+00  1.638164777590412e+00  1.944526987538935e-02  1.488187872894214e-06 -8.209016676758949e-01  5.982654144510412e-03 -6.550960896172816e-11 -3.992633057439113e-08 
 8.912509381337266e+06 -2.960233486037941e+00  1.658307511449442e+00  1.944527981192395e-02  1.517287123244385e-06 -8.207856969646917e-01  6.057056705242691e-03 -6.786942405852054e-11 -4.085503522933445e-08 
 9.120108393558905e+06 -2.927284529399698e+00  1.678050957521949e+00  1.944528999039568e-02  1.546795898722596e-06 -8.206669025830150e-01  6.130061134946655e-03 -7.028761557512119e-11 -4.180530956944890e-08 
 9.332543007969713e+06 -2.893559650028086e+00  1.697359384214790e+00  1.944530040856427e-02  1.576715573486117e-06 -8.205453106787052e-01  6.201539572716333e-03 -7.276375017912916e-11 -4.277765411130929e-08 
 9.549925860214157e+06 -2.859068129196010e+00  1.716196784081233e+00  1.944531106356277e-02  1.607047725593360e-06 -8.204209547139091e-01  6.271363185578587e-03 -7.529725247349601e-11 -4.377258107014287e-08 
 9.772372209557900e+06 -2.823821336521914e+00  1.734527003302023e+00  1.944532195187907e-02  1.637794183736811e-06 -8.202938756800675e-01  6.339402635847991e-03 -7.788740089582100e-11 -4.479061464212604e-08 
 9.999999999999788e+06 -2.787832780539355e+00  1.752313879113102e+00  1.944533306934039e-02  1.668957076587656e-06 -8.201641222802368e-01  6.405528577144790e-03 -8.053332428030435e-11 -4.583229129361208e-08 
 1.023292992280732e+07 -2.751118149210023e+00  1.769521384531498e+00  1.944534441110065e-02  1.700538884555439e-06 -8.200317510751532e-01  6.469612176738150e-03 -8.323399915469871e-11 -4.689816005739136e-08 
 1.047128548050877e+07 -2.713695339425104e+00  1.786113779602732e+00  1.944535597163145e-02  1.732542493726560e-06 -8.198968265895958e-01  6.531525661414861e-03 -8.598824784159363e-11 -4.798878283607945e-08 
 1.071519305237583e+07 -2.675584474599021e+00  1.802055768266188e+00  1.944536774471656e-02  1.764971251706334e-06 -8.197594213758176e-01  6.591142883616129e-03 -8.879473742912518e-11 -4.910473471272316e-08 
 1.096478196143162e+07 -2.636807909536367e+00  1.817312659811577e+00  1.944537972345047e-02  1.797829025051288e-06 -8.196196160310905e-01  6.648339904140460e-03 -9.165197967068885e-11 -5.024660426870899e-08 
 1.122018454301939e+07 -2.597390221847235e+00  1.831850533782567e+00  1.944539190024102e-02  1.831120257942356e-06 -8.194774991667545e-01  6.702995587288650e-03 -9.455833186645428e-11 -5.141499390905414e-08 
 1.148153621496858e+07 -2.557358189297820e+00  1.845636407075357e+00  1.944540426681639e-02  1.864850031716214e-06 -8.193331673265537e-01  6.754992203936449e-03 -9.751199877144715e-11 -5.261052019515574e-08 
 1.174897554939504e+07 -2.516740752611411e+00  1.858638401883351e+00  1.944541681423662e-02  1.899024124842303e-06 -8.191867248525194e-01  6.804216037672089e-03 -1.005110355657494e-10 -5.383381418507116e-08 
 1.202264434617387e+07 -2.475568963378318e+00  1.870825913056521e+00  1.944542953290967e-02  1.933649072907612e-06 -8.190382836971616e-01  6.850557988838196e-03 -1.035533519120469e-10 -5.508552178140005e-08 
 1.230268770812355e+07 -2.433875916890429e+00  1.882169773378287e+00  1.944544241261219e-02  1.968732228151154e-06 -8.188879631813091e-01  6.893914171080538e-03 -1.066367171144567e-10 -5.636630408683858e-08 
 1.258925411794140e+07 -2.391696669884691e+00  1.892642415215893e+00  1.944545544251492e-02  2.004281818075636e-06 -8.187358896975402e-01  6.934186494837150e-03 -1.097587663804344e-10 -5.767683776747616e-08 
 1.288249551693106e+07 -2.349068143357420e+00  1.902218026974530e+00  1.944546861121273e-02  2.040307002656013e-06 -8.185821963597881e-01  6.971283232108621e-03 -1.129170081747880e-10 -5.901781542390849e-08 
 1.318256738556379e+07 -2.306029010795105e+00  1.910872702782372e+00  1.944548190675909e-02  2.076817929663765e-06 -8.184270226003649e-01  7.005119556839196e-03 -1.161088326416061e-10 -6.038994597024381e-08 
 1.348962882591625e+07 -2.262619572354029e+00  1.918584583854525e+00  1.944549531670505e-02  2.113825787632266e-06 -8.182705137163276e-01  7.035618055313510e-03 -1.193315210564841e-10 -6.179395502108598e-08 
 1.380384264602855e+07 -2.218881615707136e+00  1.925333990029494e+00  1.944550882814210e-02  2.151342856002846e-06 -8.181128203677739e-01  7.062709201138178e-03 -1.225822562580479e-10 -6.323058528658556e-08 
 1.412537544622724e+07 -2.174858264458654e+00  1.931103540042069e+00  1.944552242774909e-02  2.189382552012944e-06 -8.179540980313114e-01  7.086331789630917e-03 -1.258581339946807e-10 -6.470059697565928e-08 
 1.445439770745896e+07 -2.130593815201154e+00  1.935878259191559e+00  1.944553610184251e-02  2.227959473917245e-06 -8.177945064125847e-01  7.106433326782522e-03 -1.291561751098441e-10 -6.620476820749130e-08 
 1.479108388168175e+07 -2.086133564452551e+00  1.939645673182569e+00  1.944554983643002e-02  2.267089440169329e-06 -8.176342088223081e-01  7.122970368383367e-03 -1.324733384776780e-10 -6.774389543144117e-08 
 1.513561248436175e+07 -2.041523626858430e+00  1.942395887056003e+00  1.944556361726650e-02  2.306789524234909e-06 -8.174733715208111e-01  7.135908805412715e-03 -1.358065345899503e-10 -6.931879385550004e-08 
 1.548816618912448e+07 -1.996810746174785e+00  1.944121648288066e+00  1.944557742991255e-02  2.347078084757291e-06 -8.173121630365532e-01  7.145224092366252e-03 -1.391526396861165e-10 -7.093029788345279e-08 
 1.584893192461079e+07 -1.952042100654860e+00  1.944818393312456e+00  1.944559125979458e-02  2.387974790850630e-06 -8.171507534644621e-01  7.150901415836949e-03 -1.425085103104679e-10 -7.257926156092159e-08 
 1.621810097358895e+07 -1.907265104548804e+00  1.944484276912286e+00  1.944560509226607e-02  2.429500642355809e-06 -8.169893137502574e-01  7.152935801354230e-03 -1.458709981742615e-10 -7.426655903048558e-08 
 1.659586907437524e+07 -1.862527207484426e+00  1.943120184130241e+00  1.944561891266963e-02  2.471677984956272e-06 -8.168280149671364e-01  7.151332157214708e-03 -1.492369651964917e-10 -7.599308499609187e-08 
 1.698243652461707e+07 -1.817875693529815e+00  1.940729724554091e+00  1.944563270639902e-02  2.514530520115764e-06 -8.166670275913083e-01  7.146105254789723e-03 -1.526032985946607e-10 -7.775975519699298e-08 
 1.737800828749337e+07 -1.773357481743612e+00  1.937319209046171e+00  1.944564645896079e-02  2.558083309865338e-06 -8.165065207828978e-01  7.137279645557631e-03 -1.559669258966190e-10 -7.956750689146741e-08 
 1.778279410038884e+07 -1.729018929995707e+00  1.932897609195457e+00  1.944566015603486e-02  2.602362776532091e-06 -8.163466616786345e-01  7.124889515865810e-03 -1.593248297462472e-10 -8.141729935060061e-08 
 1.819700858609944e+07 -1.684905643791060e+00  1.927476499975643e+00  1.944567378353360e-02  2.647396697565431e-06 -8.161876147025831e-01  7.108978481165858e-03 -1.626740623794405e-10 -8.331011436242483e-08 
 1.862087136662827e+07 -1.641062291753053e+00  1.921069986288172e+00  1.944568732765881e-02  2.693214195677276e-06 -8.160295409008836e-01  7.089599322170320e-03 -1.660117596524157e-10 -8.524695674673588e-08 
 1.905460717963205e+07 -1.597532429322196e+00  1.913694614251780e+00  1.944570077495623e-02  2.739845724569123e-06 -8.158725973061093e-01  7.066813666037760e-03 -1.693351545116835e-10 -8.722885488092518e-08 
 1.949844599758003e+07 -1.554358332103455e+00  1.905369268266727e+00  1.944571411236693e-02  2.787323050570586e-06 -8.157169363364142e-01  7.040691616293708e-03 -1.726415898039416e-10 -8.925686123718307e-08 
 1.995262314968836e+07 -1.511580840153586e+00  1.896115055029443e+00  1.944572732727554e-02  2.835679230559709e-06 -8.155627052341204e-01  7.011311335727014e-03 -1.759285303344473e-10 -9.133205293144708e-08 
 2.041737944669485e+07 -1.469239214341975e+00  1.885955175799717e+00  1.944574040755450e-02  2.884948586574595e-06 -8.154100455478377e-01  6.978758586956811e-03 -1.791935740938967e-10 -9.345553228448447e-08 
 2.089296130853994e+07 -1.427371005747802e+00  1.874914788325797e+00  1.944575334160448e-02  2.935166677557959e-06 -8.152590926615823e-01  6.943126235737665e-03 -1.824344625862225e-10 -9.562842739551294e-08 
 2.137962089502185e+07 -1.386011938876712e+00  1.863020859911937e+00  1.944576611839046e-02  2.986370268700820e-06 -8.151099753737211e-01  6.904513722355776e-03 -1.856490902027692e-10 -9.785189272877567e-08 
 2.187761623949505e+07 -1.345195809295030e+00  1.850302013167145e+00  1.944577872747329e-02  3.038597298868495e-06 -8.149628155278965e-01  6.863026506664695e-03 -1.888355126017412e-10 -1.001271097134986e-07 
 2.238721138568290e+07 -1.304954396092701e+00  1.836788366003431e+00  1.944579115903682e-02  3.091886846601356e-06 -8.148177276974140e-01  6.818775492415521e-03 -1.919919540653911e-10 -1.024552873576667e-07 
 2.290867652767723e+07 -1.265317389400963e+00  1.822511367457049e+00  1.944580340391023e-02  3.146279095184596e-06 -8.146748189239083e-01  6.771876436555292e-03 -1.951168138208671e-10 -1.048376628760645e-07 
 2.344228815319870e+07 -1.226312333010673e+00  1.807503630888299e+00  1.944581545358577e-02  3.201815297275940e-06 -8.145341885104530e-01  6.722449349102624e-03 -1.982086713237298e-10 -1.072755023330324e-07 
 2.398832919019438e+07 -1.187964581965089e+00  1.791798766075810e+00  1.944582730023188e-02  3.258537739568113e-06 -8.143959278686576e-01  6.670617889066820e-03 -2.012662905156668e-10 -1.097701013003946e-07 
 2.454708915684976e+07 -1.150297274839516e+00  1.775431211661907e+00  1.944583893670174e-02  3.316489707944835e-06 -8.142601204187194e-01  6.616508761662727e-03 -2.042886230796924e-10 -1.123227855310200e-07 
 2.511886431509525e+07 -1.113331320271697e+00  1.758436069328677e+00  1.944585035653743e-02  3.375715453565465e-06 -8.141268415408506e-01  6.560251121796085e-03 -2.072748107269392e-10 -1.149349116484781e-07 
 2.570395782768807e+07 -1.077085397173146e+00  1.740848940992426e+00  1.944586155396988e-02  3.436260160285284e-06 -8.139961585760330e-01  6.501975988462791e-03 -2.102241865589252e-10 -1.176078678532554e-07 
 2.630267991895324e+07 -1.041575967933975e+00  1.722705770199697e+00  1.944587252391481e-02  3.498169913786282e-06 -8.138681308736184e-01  6.441815674328543e-03 -2.131362755577877e-10 -1.203430746459976e-07 
 2.691534803926856e+07 -1.006817303833216e+00  1.704042688793749e+00  1.944588326196483e-02  3.561491672758281e-06 -8.137428098829340e-01  6.379903234343458e-03 -2.160107942643659e-10 -1.231419855682452e-07 
 2.754228703338105e+07 -9.728215217836904e-01  1.684895869798984e+00  1.944589376437812e-02  3.626273242432898e-06 -8.136202392857526e-01  6.316371936808482e-03 -2.188476497101383e-10 -1.260060879611284e-07 
 2.818382931264391e+07 -9.395986314751418e-01  1.665301387344877e+00  1.944590402806389e-02  3.692563250734228e-06 -8.135004551662541e-01  6.251354759856416e-03 -2.216469376738882e-10 -1.289369037424893e-07 
 2.884031503126542e+07 -9.071565919313981e-01  1.645295084322987e+00  1.944591405056490e-02  3.760411127270771e-06 -8.133834862149257e-01  6.184983915848999e-03 -2.244089403375772e-10 -1.319359902028979e-07 
 2.951209226666320e+07 -8.755013764661990e-01  1.624912448342954e+00  1.944592383003737e-02  3.829867085353986e-06 -8.132693539627427e-01  6.117390405731130e-03 -2.271341234183271e-10 -1.350049408210305e-07 
 3.019951720401949e+07 -8.446370450070264e-01  1.604188496428037e+00  1.944593336522866e-02  3.900982107190326e-06 -8.131580730419151e-01  6.048703604931522e-03 -2.298231328546806e-10 -1.381453860988798e-07 
 3.090295432513522e+07 -8.145658227557426e-01  1.583157668769645e+00  1.944594265545298e-02  3.973807932356478e-06 -8.130496514694767e-01  5.979050881962329e-03 -2.324767911255310e-10 -1.413589944172646e-07 
 3.162277660168309e+07 -7.852881841677646e-01  1.561853731745048e+00  1.944595170056547e-02  4.048397049632198e-06 -8.129440909500539e-01  5.908557250454822e-03 -2.350960932793759e-10 -1.446474729121152e-07 
 3.235936569296210e+07 -7.568029412563892e-01  1.540309690294198e+00  1.944596050093487e-02  4.124802692231884e-06 -8.128413871942243e-01  5.837345054977930e-03 -2.376822027499452e-10 -1.480125683720062e-07 
 3.311311214825837e+07 -7.291073352642536e-01  1.518557709651670e+00  1.944596905741525e-02  4.203078836445519e-06 -8.127415302490154e-01  5.765533690626072e-03 -2.402364470319174e-10 -1.514560681574180e-07 
 3.388441561391950e+07 -7.021971307881715e-01  1.496629046338604e+00  1.944597737131693e-02  4.283280203671685e-06 -8.126445048372476e-01  5.693239356034371e-03 -2.427603132874656e-10 -1.549798011422087e-07 
 3.467368504525239e+07 -6.760667114951520e-01  1.474553988237956e+00  1.944598544437688e-02  4.365462265800442e-06 -8.125502907026172e-01  5.620574839185169e-03 -2.452554439508823e-10 -1.585856386777878e-07 
 3.548133892335676e+07 -6.507091766247592e-01  1.452361803504515e+00  1.944599327872900e-02  4.449681253881964e-06 -8.124588629576063e-01  5.547649335110646e-03 -2.477236323946332e-10 -1.622754955804843e-07 
 3.630780547700933e+07 -6.261164375346555e-01  1.430080697999168e+00  1.944600087687418e-02  4.535994169997977e-06 -8.123701924315554e-01  5.474568294373098e-03 -2.501668187160020e-10 -1.660513311426154e-07 
 3.715352290971643e+07 -6.022793136107555e-01  1.407737780884556e+00  1.944600824165078e-02  4.624458802237177e-06 -8.122842460164396e-01  5.401433301015636e-03 -2.525870856990830e-10 -1.699151501677641e-07 
 3.801893963205528e+07 -5.791876269296943e-01  1.385359037976483e+00  1.944601537620535e-02  4.715133742662879e-06 -8.122009870081475e-01  5.328341978521840e-03 -2.549866550023799e-10 -1.738690040307900e-07 
 3.890451449942719e+07 -5.568302951280788e-01  1.362969312411586e+00  1.944602228396395e-02  4.808078408151052e-06 -8.121203754412931e-01  5.255387922200973e-03 -2.573678836177412e-10 -1.779149917631015e-07 
 3.981071705534884e+07 -5.351954219992578e-01  1.340592292166526e+00  1.944602896860413e-02  4.903353063969343e-06 -8.120423684158351e-01  5.182660656324205e-03 -2.597332606418851e-10 -1.820552611637345e-07 
 4.073802778041036e+07 -5.142703854032173e-01  1.318250503946528e+00  1.944603543402787e-02  5.001018849962757e-06 -8.119669204140061e-01  5.110245614274650e-03 -2.620854043974046e-10 -1.862920099367907e-07 
 4.168693834703261e+07 -4.940419221379217e-01  1.295965312951014e+00  1.944604168433529e-02  5.101137809208736e-06 -8.118939836062872e-01  5.038224139937475e-03 -2.644270599359508e-10 -1.906274868558044e-07 
 4.265795188015831e+07 -4.744962094803843e-01  1.273756928020409e+00  1.944604772379949e-02  5.203772919003726e-06 -8.118235081453733e-01  4.966673508543436e-03 -2.667610969523165e-10 -1.950639929556185e-07 
 4.365158322401562e+07 -4.556189431624349e-01  1.251644411670486e+00  1.944605355684249e-02  5.308988124044309e-06 -8.117554424472850e-01  4.895666965187123e-03 -2.690905081344149e-10 -1.996038827523668e-07 
 4.466835921509531e+07 -4.373954115992191e-01  1.229645694527848e+00  1.944605918801225e-02  5.416848371668589e-06 -8.116897334589670e-01  4.825273779267652e-03 -2.714184079707005e-10 -2.042495654921727e-07 
 4.570881896148648e+07 -4.198105662376027e-01  1.207777593691904e+00  1.944606462196102e-02  5.527419649027536e-06 -8.116263269118968e-01  4.755559313141654e-03 -2.737480320334363e-10 -2.090035064291929e-07 
 4.677351412871877e+07 -4.028490879367491e-01  1.186055834564000e+00  1.944606986342480e-02  5.640769022061096e-06 -8.115651675613869e-01  4.686585103333880e-03 -2.760827367533703e-10 -2.138682281336489e-07 
 4.786300923226276e+07 -3.864954493340444e-01  1.164495075702849e+00  1.944607491720405e-02  5.756964676159952e-06 -8.115061994114118e-01  4.618408952717186e-03 -2.784259996988770e-10 -2.188463118305078e-07 
 4.897788193684352e+07 -3.707339731863178e-01  1.143108936286161e+00  1.944607978814577e-02  5.876075958400683e-06 -8.114493659249210e-01  4.551085032148724e-03 -2.807814203704148e-10 -2.239403987694896e-07 
 5.011872336272611e+07 -3.555488867089606e-01  1.121910025781132e+00  1.944608448112661e-02  5.998173421249432e-06 -8.113946102197237e-01  4.484663990131066e-03 -2.831527215192831e-10 -2.291531916271004e-07 
 5.128613839913534e+07 -3.409243719642120e-01  1.100909975450415e+00  1.944608900103740e-02  6.123328867637088e-06 -8.113418752501268e-01  4.419193069153626e-03 -2.855437509980858e-10 -2.344874559414030e-07 
 5.248074602497608e+07 -3.268446123747314e-01  1.080119471345148e+00  1.944609335276875e-02  6.251615397317075e-06 -8.112911039746011e-01  4.354716227459501e-03 -2.879584841490485e-10 -2.399460215802628e-07 
 5.370317963702407e+07 -3.132938354597595e-01  1.059548288461930e+00  1.944609754119787e-02  6.383107454425096e-06 -8.112422395098281e-01  4.291274265074379e-03 -2.904010267353510e-10 -2.455317842438203e-07 
 5.495408738576122e+07 -3.002563519089616e-01  1.039205325766109e+00  1.944610157117650e-02  6.517880876168537e-06 -8.111952252715392e-01  4.228904953025909e-03 -2.928756184199296e-10 -2.512477070019656e-07 
 5.623413251903364e+07 -2.877165911236277e-01  1.019098641808991e+00  1.944610544751997e-02  6.656012942581451e-06 -8.111500051026185e-01  4.167643164773014e-03 -2.953866367957550e-10 -2.570968218676077e-07 
 5.754399373371439e+07 -2.756591333665674e-01  9.992354906913353e-01  1.944610917499721e-02  6.797582427289155e-06 -8.111065233889754e-01  4.107521008953944e-03 -2.979386019713787e-10 -2.630822314065552e-07 
 5.888436553555757e+07 -2.640687386709973e-01  9.796223581495781e-01  1.944611275832194e-02  6.942669649234457e-06 -8.110647251637315e-01  4.048567962648634e-03 -3.005361817155523e-10 -2.692071103848419e-07 
 6.025595860743441e+07 -2.529303726652641e-01  9.602649975643921e-01  1.944611620214459e-02  7.091356525325039e-06 -8.110245562002836e-01  3.990811004434634e-03 -3.031841971649460e-10 -2.754747074543581e-07 
 6.165950018614683e+07 -2.422292294745991e-01  9.411684657133935e-01  1.944611951104534e-02  7.243726623969072e-06 -8.109859630948291e-01  3.934274746595804e-03 -3.058876290993965e-10 -2.818883468776635e-07 
 6.309573444801790e+07 -2.319507518635248e-01  9.223371581108344e-01  1.944612268952782e-02  7.399865219472955e-06 -8.109488933389388e-01  3.878981565918928e-03 -3.086516247897016e-10 -2.884514302928863e-07 
 6.456542290346409e+07 -2.220806487832392e-01  9.037748437969697e-01  1.944612574201379e-02  7.559859347281834e-06 -8.109132953827715e-01  3.824951732584984e-03 -3.114815054237158e-10 -2.951674385196307e-07 
 6.606934480075811e+07 -2.126049104875433e-01  8.854846994583914e-01  1.944612867283840e-02  7.723797860049893e-06 -8.108791186895197e-01  3.772203536728902e-03 -3.143827741173887e-10 -3.020399334068422e-07 
 6.760829753919666e+07 -2.035098213788224e-01  8.674693427779352e-01  1.944613148624631e-02  7.891771484533112e-06 -8.108463137816706e-01  3.720753412304129e-03 -3.173611245184029e-10 -3.090725597236007e-07 
 6.918309709189209e+07 -1.947819707424677e-01  8.497308649288106e-01  1.944613418638836e-02  8.063872879302949e-06 -8.108148322796490e-01  3.670616057946203e-03 -3.204224500112055e-10 -3.162690470938357e-07 
 7.079457843841220e+07 -1.864082615240845e-01  8.322708621423548e-01  1.944613677731886e-02  8.240196693284311e-06 -8.107846269334018e-01  3.621804554582752e-03 -3.235728535334675e-10 -3.236332119759844e-07 
 7.244359600749739e+07 -1.783759172990605e-01  8.150904662923533e-01  1.944613926299348e-02  8.420839625126155e-06 -8.107556516474631e-01  3.574330479586243e-03 -3.268186580153539e-10 -3.311689596886361e-07 
 7.413102413009009e+07 -1.706724875786915e-01  7.981903744511397e-01  1.944614164726763e-02  8.605900483417277e-06 -8.107278615000182e-01  3.528204017310021e-03 -3.301664174544088e-10 -3.388802864832324e-07 
 7.585775750291668e+07 -1.632858515912323e-01  7.815708773838583e-01  1.944614393389528e-02  8.795480247764018e-06 -8.107012127564664e-01  3.483434065888586e-03 -3.336229286403869e-10 -3.467712816649179e-07 
 7.762471166286743e+07 -1.562042206700611e-01  7.652318869572649e-01  1.944614612652828e-02  8.989682130750297e-06 -8.106756628779574e-01  3.440028340219059e-03 -3.371952435459402e-10 -3.548461297626640e-07 
 7.943282347242635e+07 -1.494161393747333e-01  7.491729624484267e-01  1.944614822871603e-02  9.188611640803851e-06 -8.106511705253584e-01  3.397993471073271e-03 -3.408906824007441e-10 -3.631091127498136e-07 
 8.128305161640808e+07 -1.429104854641420e-01  7.333933357466339e-01  1.944615024390549e-02  9.392376645995586e-06 -8.106276955590757e-01  3.357335100318625e-03 -3.447168474683627e-10 -3.715646123162221e-07 
 8.317637711026521e+07 -1.366764688343735e-01  7.178919354488722e-01  1.944615217544152e-02  9.601087438801849e-06 -8.106051990351424e-01  3.318057972251294e-03 -3.486816375469554e-10 -3.802171121931980e-07 
 8.511380382023571e+07 -1.307036295272285e-01  7.026674098553659e-01  1.944615402656760e-02  9.814856801862091e-06 -8.105836431979514e-01  3.280166021067592e-03 -3.527932632167791e-10 -3.890712005324763e-07 
 8.709635899560608e+07 -1.249818349088123e-01  6.877181488770483e-01  1.944615580042661e-02  1.003380007476658e-05 -8.105629914699891e-01  3.243662454518670e-03 -3.570602628593484e-10 -3.981315723404844e-07 
 8.912509381337252e+07 -1.195012761111568e-01  6.730423048714370e-01  1.944615750006207e-02  1.025803522191119e-05 -8.105432084389120e-01  3.208549833810452e-03 -3.614915194751056e-10 -4.074030319691919e-07 
 9.120108393558890e+07 -1.142524638235295e-01  6.586378124273055e-01  1.944615912841936e-02  1.048768290145800e-05 -8.105242598422713e-01  3.174830149824821e-03 -3.660962783284692e-10 -4.168904956648659e-07 
 9.332543007969697e+07 -1.092262235139789e-01  6.445024071218527e-01  1.944616068834734e-02  1.072286653544249e-05 -8.105061125501779e-01  3.142504895750124e-03 -3.708841654512418e-10 -4.265989941760813e-07 
 9.549925860214141e+07 -1.044136901557573e-01  6.306336432768098e-01  1.944616218259990e-02  1.096371238106950e-05 -8.104887345461818e-01  3.111575136218976e-03 -3.758652070375086e-10 -4.365336754223742e-07 
 9.772372209557883e+07 -9.980630252759660e-02  6.170289107421447e-01  1.944616361383784e-02  1.121034960324169e-05 -8.104720949066031e-01  3.082041573059379e-03 -3.810498497653810e-10 -4.466998072249493e-07 
 9.999999999999771e+07 -9.539579715138337e-02  6.036854507377961e-01  1.944616498463073e-02  1.146291034836572e-05 -8.104561637785573e-01  3.053904607771690e-03 -3.864489820832411e-10 -4.571027801008935e-07 
 1.023292992280731e+08 -9.117420192561164e-02  5.906003707852091e-01  1.944616629745892e-02  1.172152981948238e-05 -8.104409123568714e-01  3.027164400848782e-03 -3.920739565004890e-10 -4.677481101223780e-07 
 1.047128548050875e+08 -8.713382950809004e-02  5.777706587614525e-01  1.944616755471563e-02  1.198634635276825e-05 -8.104263128600959e-01  3.001820928060542e-03 -3.979366129252542e-10 -4.786414418423652e-07 
 1.071519305237582e+08 -8.326727049673363e-02  5.651931961093302e-01  1.944616875870909e-02  1.225750149545747e-05 -8.104123385057780e-01  2.977874033826093e-03 -4.040493030940274e-10 -4.897885512883738e-07 
 1.096478196143160e+08 -7.956738645290141e-02  5.528647702372951e-01  1.944616991166475e-02  1.253514008523318e-05 -8.103989634851635e-01  2.955323481798717e-03 -4.104249161407862e-10 -5.011953490258907e-07 
 1.122018454301937e+08 -7.602730280762664e-02  5.407820861430901e-01  1.944617101572747e-02  1.281941033113918e-05 -8.103861629374682e-01  2.934169002788869e-03 -4.170769053558681e-10 -5.128678832930545e-07 
 1.148153621496856e+08 -7.264040168723349e-02  5.289417772949386e-01  1.944617207296387e-02  1.311046389606334e-05 -8.103739129238521e-01  2.914410340150446e-03 -4.240193161876286e-10 -5.248123432082759e-07 
 1.174897554939502e+08 -6.940031469123496e-02  5.173404158038405e-01  1.944617308536449e-02  1.340845598084491e-05 -8.103621904012128e-01  2.896047292754517e-03 -4.312668155428111e-10 -5.370350620524943e-07 
 1.202264434617385e+08 -6.630091565204851e-02  5.059745219200713e-01  1.944617405484617e-02  1.371354541005908e-05 -8.103509731959079e-01  2.879079755673215e-03 -4.388347224445356e-10 -5.495425206278148e-07 
 1.230268770812353e+08 -6.333631340294717e-02  4.948405728864147e-01  1.944617498325430e-02  1.402589471953256e-05 -8.103402399774966e-01  2.863507758694449e-03 -4.467390401099223e-10 -5.623413506943065e-07 
 1.258925411794138e+08 -6.050084457777018e-02  4.839350111799571e-01  1.944617587236511e-02  1.434567024564517e-05 -8.103299702325877e-01  2.849331502785728e-03 -4.549964895125823e-10 -5.754383384867837e-07 
 1.288249551693104e+08 -5.778906646324046e-02  4.732542521734941e-01  1.944617672388792e-02  1.467304221647288e-05 -8.103201442388690e-01  2.836551394622567e-03 -4.636245444985556e-10 -5.888404283134394e-07 
 1.318256738556376e+08 -5.519574992226615e-02  4.627946912467313e-01  1.944617753946737e-02  1.500818484482870e-05 -8.103107430393826e-01  2.825168079294005e-03 -4.726414685277616e-10 -6.025547262382374e-07 
 1.348962882591622e+08 -5.271587240432950e-02  4.525527103765434e-01  1.944617832068571e-02  1.535127642325879e-05 -8.103017484171039e-01  2.815182471294426e-03 -4.820663531166395e-10 -6.165885038490144e-07 
 1.380384264602852e+08 -5.034461105697625e-02  4.425246842345812e-01  1.944617906906490e-02  1.570249942105159e-05 -8.102931428698760e-01  2.806595783907558e-03 -4.919191580614398e-10 -6.309492021132974e-07 
 1.412537544622721e+08 -4.807733595050619e-02  4.327069858195258e-01  1.944617978606884e-02  1.606204058331896e-05 -8.102849095857394e-01  2.799409557084956e-03 -5.022207535255510e-10 -6.456444353238722e-07 
 1.445439770745893e+08 -4.590960342621291e-02  4.230959916502490e-01  1.944618047310549e-02  1.643009103220913e-05 -8.102770324186980e-01  2.793625683917667e-03 -5.129929640783399e-10 -6.606819951362044e-07 
 1.479108388168172e+08 -4.383714957692702e-02  4.136880865451195e-01  1.944618113152890e-02  1.680684637031184e-05 -8.102694958649479e-01  2.789246435796163e-03 -5.242586147772654e-10 -6.760698546998455e-07 
 1.513561248436172e+08 -4.185588386716310e-02  4.044796680116365e-01  1.944618176264134e-02  1.719250678631744e-05 -8.102622850395994e-01  2.786274486349947e-03 -5.360415793894753e-10 -6.918161728860224e-07 
 1.548816618912444e+08 -3.996188289885378e-02  3.954671502695456e-01  1.944618236769526e-02  1.758727716299224e-05 -8.102553856539092e-01  2.784712934254567e-03 -5.483668308537544e-10 -7.079292986136453e-07 
 1.584893192461076e+08 -3.815138432746088e-02  3.866469679295478e-01  1.944618294789526e-02  1.799136718753355e-05 -8.102487839930408e-01  2.784565324990184e-03 -5.612604940885455e-10 -7.244177752760309e-07 
 1.621810097358891e+08 -3.642078093217758e-02  3.780155793487111e-01  1.944618350440001e-02  1.840499146436893e-05 -8.102424668943683e-01  2.785835671632278e-03 -5.747499012568523e-10 -7.412903452706876e-07 
 1.659586907437521e+08 -3.476661484296546e-02  3.695694696826750e-01  1.944618403832415e-02  1.882836963046499e-05 -8.102364217263280e-01  2.788528474751528e-03 -5.888636496041217e-10 -7.585559546345626e-07 
 1.698243652461704e+08 -3.318557192630214e-02  3.613051536537790e-01  1.944618455074008e-02  1.926172647321242e-05 -8.102306363678288e-01  2.792648741496540e-03 -6.036316619907574e-10 -7.762237577872066e-07 
 1.737800828749334e+08 -3.167447633073604e-02  3.532191780532783e-01  1.944618504267981e-02  1.970529205095472e-05 -8.102250991882198e-01  2.798202003929726e-03 -6.190852502467074e-10 -7.943031223843743e-07 
 1.778279410038880e+08 -3.023028519265350e-02  3.453081239948924e-01  1.944618551513664e-02  2.015930181622975e-05 -8.102197990278210e-01  2.805194336683442e-03 -6.352571814816254e-10 -8.128036342846267e-07 
 1.819700858609940e+08 -2.885008350204642e-02  3.375686089360261e-01  1.944618596906691e-02  2.062399674179369e-05 -8.102147251790116e-01  2.813632374000313e-03 -6.521817474904443e-10 -8.317351026315745e-07 
 1.862087136662823e+08 -2.753107912752711e-02  3.299972884821450e-01  1.944618640539161e-02  2.109962344949923e-05 -8.102098673678727e-01  2.823523326218747e-03 -6.698948374008272e-10 -8.511075650544458e-07 
 1.905460717963202e+08 -2.627059799935667e-02  3.225908579889386e-01  1.944618682499803e-02  2.158643434209997e-05 -8.102052157363813e-01  2.834874995761640e-03 -6.884340137158910e-10 -8.709312929897440e-07 
 1.949844599757999e+08 -2.506607944883597e-02  3.153460539761079e-01  1.944618722874132e-02  2.208468773805540e-05 -8.102007608251466e-01  2.847695792683586e-03 -7.078385919128609e-10 -8.912167971268083e-07 
 1.995262314968832e+08 -2.391507170204433e-02  3.082596553658390e-01  1.944618761744598e-02  2.259464800941142e-05 -8.101964935566820e-01  2.861994749829178e-03 -7.281497237658918e-10 -9.119748329801634e-07 
 2.041737944669480e+08 -2.281522752559615e-02  3.013284845582784e-01  1.944618799190742e-02  2.311658572283329e-05 -8.101924052192008e-01  2.877781537652459e-03 -7.494104845692413e-10 -9.332164065916103e-07 
 2.089296130853989e+08 -2.176430002181729e-02  2.945494083556243e-01  1.944618835289334e-02  2.365077778386912e-05 -8.101884874509288e-01  2.895066478745192e-03 -7.716659644452984e-10 -9.549527803650790e-07 
 2.137962089502181e+08 -2.076013857051501e-02  2.879193387457671e-01  1.944618870114518e-02  2.419750758452359e-05 -8.101847322249182e-01  2.913860562119244e-03 -7.949633639306576e-10 -9.771954790373319e-07 
 2.187761623949500e+08 -1.980068491432374e-02  2.814352335557638e-01  1.944618903737949e-02  2.475706515422325e-05 -8.101811318343562e-01  2.934175457286257e-03 -8.193520940425499e-10 -9.999562957876813e-07 
 2.238721138568285e+08 -1.888396938445206e-02  2.750940969848214e-01  1.944618936228922e-02  2.532974731425633e-05 -8.101776788783496e-01  2.956023528175629e-03 -8.448838810374611e-10 -1.023247298489955e-06 
 2.290867652767718e+08 -1.800810726352863e-02  2.688929800258751e-01  1.944618967654511e-02  2.591585783577161e-05 -8.101743662481768e-01  2.979417846929928e-03 -8.716128760837615e-10 -1.047080836110022e-06 
 2.344228815319865e+08 -1.717129528214476e-02  2.628289807842900e-01  1.944618998079688e-02  2.651570760142265e-05 -8.101711871139904e-01  3.004372207614950e-03 -8.995957700805991e-10 -1.071469545252262e-06 
 2.398832919019432e+08 -1.637180824561552e-02  2.568992447016940e-01  1.944619027567451e-02  2.712961477074571e-05 -8.101681349119604e-01  3.030901139879919e-03 -9.288919138662695e-10 -1.096426356858449e-06 
 2.454708915684971e+08 -1.560799578742676e-02  2.511009646924369e-01  1.944619056178941e-02  2.775790494936100e-05 -8.101652033318391e-01  3.059019922601616e-03 -9.595634440706914e-10 -1.121964503062591e-06 
 2.511886431509519e+08 -1.487827924580132e-02  2.454313811997108e-01  1.944619083973568e-02  2.840091136208943e-05 -8.101623863049360e-01  3.088744597544765e-03 -9.916754148786468e-10 -1.148097524205357e-06 
 2.570395782768801e+08 -1.418114865979948e-02  2.398877821779065e-01  1.944619111009117e-02  2.905897503007845e-05 -8.101596779924883e-01  3.120091983069435e-03 -1.025295935982948e-09 -1.174839276011803e-06 
 2.630267991895318e+08 -1.351515988136688e-02  2.344675030073646e-01  1.944619137341867e-02  2.973244495203292e-05 -8.101570727744115e-01  3.153079687914942e-03 -1.060496317019875e-09 -1.202203936936187e-06 
 2.691534803926850e+08 -1.287893179975398e-02  2.291679263472735e-01  1.944619163026698e-02  3.042167828964883e-05 -8.101545652384157e-01  3.187726125088411e-03 -1.097351218792966e-09 -1.230206015677781e-06 
 2.754228703338099e+08 -1.227114367475408e-02  2.239864819320933e-01  1.944619188117202e-02  3.112704055734987e-05 -8.101521501694723e-01  3.224050525884963e-03 -1.135938811605633e-09 -1.258860358871625e-06 
 2.818382931264385e+08 -1.169053257524034e-02  2.189206463165246e-01  1.944619212665788e-02  3.184890581642908e-05 -8.101498225396185e-01  3.262072954065415e-03 -1.176340941038201e-09 -1.288182158958324e-06 
 2.884031503126535e+08 -1.113589091952390e-02  2.139679425737061e-01  1.944619236723787e-02  3.258765687369992e-05 -8.101475774980813e-01  3.301814320216295e-03 -1.218643301520708e-09 -1.318186962237025e-06 
 2.951209226666313e+08 -1.060606411410570e-02  2.091259399510098e-01  1.944619260341551e-02  3.334368548476352e-05 -8.101454103617126e-01  3.343296396316084e-03 -1.262935618069389e-09 -1.348890677105846e-06 
 3.019951720401942e+08 -1.009994828745021e-02  2.043922534875016e-01  1.944619283568562e-02  3.411739256200130e-05 -8.101433166057121e-01  3.386541830530612e-03 -1.309311836572039e-09 -1.380309582494117e-06 
 3.090295432513515e+08 -9.616488115472338e-03  1.997645435968589e-01  1.944619306453523e-02  3.490918838740416e-05 -8.101412918546340e-01  3.431574162259838e-03 -1.357870323025605e-09 -1.412460336490873e-06 
 3.162277660168301e+08 -9.154674735494245e-03  1.952405156192686e-01  1.944619329044464e-02  3.571949283035270e-05 -8.101393318736541e-01  3.478417837457353e-03 -1.408714072148322e-09 -1.445359985174192e-06 
 3.235936569296203e+08 -8.713543745500712e-03  1.908179193455873e-01  1.944619351388834e-02  3.654873557046448e-05 -8.101374325600902e-01  3.527098224243374e-03 -1.461950925808602e-09 -1.479025971646012e-06 
 3.311311214825829e+08 -8.292173285594206e-03  1.864945485168070e-01  1.944619373533601e-02  3.739735632562802e-05 -8.101355899351580e-01  3.577641628831281e-03 -1.517693801733677e-09 -1.513476145277219e-06 
 3.388441561391942e+08 -7.889682198627887e-03  1.822682403016579e-01  1.944619395525346e-02  3.826580508534489e-05 -8.101338001359495e-01  3.630075311787189e-03 -1.576060932982785e-09 -1.548728771167901e-06 
 3.467368504525231e+08 -7.505228267072258e-03  1.781368747549676e-01  1.944619417410361e-02  3.915454234950499e-05 -8.101320594076222e-01  3.684427504641549e-03 -1.637176118692532e-09 -1.584802539827733e-06 
 3.548133892335666e+08 -7.138006523251033e-03  1.740983742592150e-01  1.944619439234741e-02  4.006403937272200e-05 -8.101303640957824e-01  3.740727426871265e-03 -1.701168986625917e-09 -1.621716577081650e-06 
 3.630780547700923e+08 -6.787247630161935e-03  1.701507029515262e-01  1.944619461044483e-02  4.099477841435969e-05 -8.101287106390532e-01  3.799005303270391e-03 -1.768175268081543e-09 -1.659490454206002e-06 
 3.715352290971633e+08 -6.452216330178993e-03  1.662918661382006e-01  1.944619482885578e-02  4.194725299438204e-05 -8.101270955618102e-01  3.859292381727112e-03 -1.838337085745715e-09 -1.698144198300564e-06 
 3.801893963205517e+08 -6.132209959014033e-03  1.625199096986930e-01  1.944619504804107e-02  4.292196815516391e-05 -8.101255154670755e-01  3.921620951424358e-03 -1.911803255097574e-09 -1.737698302901871e-06 
 3.890451449942709e+08 -5.826557022395675e-03  1.588329194808324e-01  1.944619526846337e-02  4.391944072940134e-05 -8.101239670295544e-01  3.986024361481095e-03 -1.988729600006088e-09 -1.778173738843481e-06 
 3.981071705534873e+08 -5.534615833004622e-03  1.552290206889197e-01  1.944619549058816e-02  4.494019961426429e-05 -8.101224469888025e-01  4.052537040051115e-03 -2.069279283187827e-09 -1.819591965368898e-06 
 4.073802778041025e+08 -5.255773205283520e-03  1.517063772662186e-01  1.944619571488471e-02  4.598478605193775e-05 -8.101209521425130e-01  4.121194513895878e-03 -2.153623152225899e-09 -1.861974941503010e-06 
 4.168693834703249e+08 -4.989443205818490e-03  1.482631912732331e-01  1.944619594182710e-02  4.705375391670043e-05 -8.101194793399079e-01  4.192033428447839e-03 -2.241940101883423e-09 -1.905345137688057e-06 
 4.265795188015819e+08 -4.735065957066865e-03  1.448977022630537e-01  1.944619617189511e-02  4.814767000869369e-05 -8.101180254752228e-01  4.265091568380469e-03 -2.334417453479356e-09 -1.949725547690245e-06 
 4.365158322401550e+08 -4.492106492282138e-03  1.416081866549486e-01  1.944619640557535e-02  4.926711435453707e-05 -8.101165874812744e-01  4.340407878701137e-03 -2.431251352130716e-09 -1.995139700783303e-06 
 4.466835921509519e+08 -4.260053659561946e-03  1.383929571072797e-01  1.944619664336215e-02  5.041268051494999e-05 -8.101151623230932e-01  4.418022486382864e-03 -2.532647182702997e-09 -2.041611674215386e-06 
 4.570881896148635e+08 -4.038419073018393e-03  1.352503618907313e-01  1.944619688575872e-02  5.158497589954330e-05 -8.101137469916152e-01  4.497976722550956e-03 -2.638820005350229e-09 -2.089166105965903e-06 
 4.677351412871864e+08 -3.826736109141884e-03  1.321787842627549e-01  1.944619713327812e-02  5.278462208894794e-05 -8.101123384974162e-01  4.580313145240468e-03 -2.749995011567595e-09 -2.137828207798997e-06 
 4.786300923226262e+08 -3.624558946499692e-03  1.291766418440546e-01  1.944619738644439e-02  5.401225516445167e-05 -8.101109338644779e-01  4.665075562740450e-03 -2.866408001722963e-09 -2.187623778620529e-06 
 4.897788193684338e+08 -3.431461646979096e-03  1.262423859978635e-01  1.944619764579361e-02  5.526852604531911e-05 -8.101095301239731e-01  4.752309057540950e-03 -2.988305885079108e-09 -2.238579218145622e-06 
 5.011872336272596e+08 -3.247037276851442e-03  1.233745012126940e-01  1.944619791187507e-02  5.655410083397429e-05 -8.101081243080575e-01  4.842060010898779e-03 -3.115947203366052e-09 -2.290721540883935e-06 
 5.128613839913518e+08 -3.070897065998419e-03  1.205715044891796e-01  1.944619818525240e-02  5.786966116922867e-05 -8.101067134436568e-01  4.934376128038173e-03 -3.249602679012787e-09 -2.344078390450048e-06 
 5.248074602497592e+08 -2.902669603704938e-03  1.178319447315684e-01  1.944619846650478e-02  5.921590458774259e-05 -8.101052945462346e-01  5.029306464002464e-03 -3.389555789199767e-09 -2.398678054206460e-06 
 5.370317963702390e+08 -2.742000069484112e-03  1.151544021443733e-01  1.944619875622816e-02  6.059354489391163e-05 -8.101038646135303e-01  5.126901450173122e-03 -3.536103366948289e-09 -2.454549478246905e-06 
 5.495408738576105e+08 -2.588549497459295e-03  1.125374876346298e-01  1.944619905503648e-02  6.200331253837445e-05 -8.101024206192540e-01  5.227212921472528e-03 -3.689556230519962e-09 -2.511722282727873e-06 
 5.623413251903347e+08 -2.441994072885648e-03  1.099798422201711e-01  1.944619936356304e-02  6.344595500534297e-05 -8.101009595067246e-01  5.330294144267111e-03 -3.850239842459489e-09 -2.570226777556366e-06 
 5.754399373371422e+08 -2.302024459449404e-03  1.074801364442785e-01  1.944619968246176e-02  6.492223720896013e-05 -8.100994781824377e-01  5.436199844987522e-03 -4.018494999676508e-09 -2.630093978442134e-06 
 5.888436553555739e+08 -2.168345156036969e-03  1.050370697970323e-01  1.944620001240862e-02  6.643294189889608e-05 -8.100979735095535e-01  5.544986239482845e-03 -4.194678556028061e-09 -2.691355623322825e-06 
 6.025595860743423e+08 -2.040673881718034e-03  1.026493701436434e-01  1.944620035410307e-02  6.797887007539737e-05 -8.100964423012871e-01  5.656711063125933e-03 -4.379164178931864e-09 -2.754044189170638e-06 
 6.165950018614663e+08 -1.918740987737342e-03  1.003157931600172e-01  1.944620070826952e-02  6.956084141400971e-05 -8.100948813141896e-01  5.771433601687226e-03 -4.572343141612504e-09 -2.818192909189317e-06 
 6.309573444801769e+08 -1.802288895358293e-03  9.803512177576348e-02  1.944620107565883e-02  7.117969470019961e-05 -8.100932872413059e-01  5.889214722994633e-03 -4.774625152658065e-09 -2.883835790410474e-06 
 6.456542290346388e+08 -1.691071558448557e-03  9.580616562484148e-02  1.944620145704997e-02  7.283628827410517e-05 -8.100916567051955e-01  6.010116909397338e-03 -4.986439224643484e-09 -2.951007631698469e-06 
 6.606934480075788e+08 -1.584853949743110e-03  9.362776050399717e-02  1.944620185325161e-02  7.453150048565206e-05 -8.100899862507995e-01  6.134204291051578e-03 -5.208234583659522e-09 -3.019744042173253e-06 
 6.760829753919642e+08 -1.483411569763755e-03  9.149876783912736e-02  1.944620226510388e-02  7.626623016027620e-05 -8.100882723381433e-01  6.261542680046816e-03 -5.440481621672635e-09 -3.090081460060837e-06 
 6.918309709189185e+08 -1.386529977416230e-03  8.941807415968080e-02  1.944620269348010e-02  7.804139707549977e-05 -8.100865113348543e-01  6.392199605390944e-03 -5.683672893731523e-09 -3.162057171981196e-06 
 7.079457843841195e+08 -1.294004341326470e-03  8.738459058118399e-02  1.944620313928866e-02  7.985794244861353e-05 -8.100846995084846e-01  6.526244348873468e-03 -5.938324162130791e-09 -3.235709332683726e-06 
 7.244359600749712e+08 -1.205639011016643e-03  8.539725229596180e-02  1.944620360347496e-02  8.171682943572403e-05 -8.100828330186163e-01  6.663747981825993e-03 -6.204975489741414e-09 -3.311076985240524e-06 
 7.413102413008982e+08 -1.121247107059006e-03  8.345501807210248e-02  1.944620408702337e-02  8.361904364243034e-05 -8.100809079087408e-01  6.804783402799571e-03 -6.484192384821344e-09 -3.388200081708033e-06 
 7.585775750291640e+08 -1.040650129381747e-03  8.155686976070062e-02  1.944620459095936e-02  8.556559364640067e-05 -8.100789200978857e-01  6.949425376178848e-03 -6.776566999728341e-09 -3.467119504267818e-06 
 7.762471166286714e+08 -9.636775829357126e-04  7.970181181139779e-02  1.944620511635164e-02  8.755751153212662e-05 -8.100768653719816e-01  7.097750571753341e-03 -7.082719386070852e-09 -3.547877086857476e-06 
 7.943282347242607e+08 -8.901666199641671e-04  7.788887079622377e-02  1.944620566431444e-02  8.959585343813795e-05 -8.100747393749420e-01  7.249837605266432e-03 -7.403298808951753e-09 -3.630515637302944e-06 
 8.128305161640779e+08 -8.199616981498916e-04  7.611709494173077e-02  1.944620623600988e-02  9.168170011696824e-05 -8.100725375994426e-01  7.405767079963084e-03 -7.738985123084380e-09 -3.715078959963689e-06 
 8.317637711026491e+08 -7.529142539446143e-04  7.438555366940033e-02  1.944620683265040e-02  9.381615750816841e-05 -8.100702553773804e-01  7.565621629157688e-03 -8.090490213690854e-09 -3.801611878902557e-06 
 8.511380382023541e+08 -6.888823904153987e-04  7.269333714429171e-02  1.944620745550140e-02  9.600035732467140e-05 -8.100678878699885e-01  7.729485959843778e-03 -8.458559505229077e-09 -3.890160261592290e-06 
 8.709635899560577e+08 -6.277305789709544e-04  7.103955583189234e-02  1.944620810588382e-02  9.823545765281920e-05 -8.100654300575927e-01  7.897446897367750e-03 -8.843973541137811e-09 -3.980771043170994e-06 
 8.912509381337219e+08 -5.693293743580830e-04  6.942334006311919e-02  1.944620878517703e-02  1.005226435663704e-04 -8.100628767289801e-01  8.069593431189131e-03 -9.247549637938789e-09 -4.073492251259126e-06 
 9.120108393558856e+08 -5.135551423446350e-04  6.784383960741588e-02  1.944620949482172e-02  1.028631277548129e-04 -8.100602224703650e-01  8.246016761750366e-03 -9.670143617191433e-09 -4.168373031350804e-06 
 9.332543007969663e+08 -4.602897995303986e-04  6.630022325387935e-02  1.944621023632295e-02  1.052581511663158e-04 -8.100574616539234e-01  8.426810348479424e-03 -1.011265161895958e-08 -4.265463672792587e-06 
 9.549925860214106e+08 -4.094205647514179e-04  6.479167840034626e-02  1.944621101125334e-02  1.077089836656608e-04 -8.100545884258740e-01  8.612069958949054e-03 -1.057601200062117e-08 -4.364815635363101e-06 
 9.772372209557847e+08 -3.608397215663029e-04  6.331741065036205e-02  1.944621182125642e-02  1.102169247075013e-04 -8.100515966940814e-01  8.801893719216795e-03 -1.106120732503137e-08 -4.466481576467198e-06 
 9.999999999999734e+08 -3.144443913351880e-04  6.187664341795071e-02  1.944621266805010e-02  1.127833040253066e-04 -8.100484801151541e-01  8.996382165370407e-03 -1.156926644223744e-08 -4.570515378958648e-06 
 1.023292992280727e+09 -2.701363164232248e-04  6.046861754009907e-02  1.944621355343032e-02  1.154094823363564e-04 -8.100452320810094e-01  9.195638296303720e-03 -1.210126666914032e-08 -4.676972179605655e-06 
 1.047128548050872e+09 -2.278216530807832e-04  5.909259089686487e-02  1.944621447927485e-02  1.180968520631582e-04 -8.100418457048806e-01  9.399767627748383e-03 -1.265833607170369e-08 -4.785908398213776e-06 
 1.071519305237578e+09 -1.874107735720283e-04  5.774783803901440e-02  1.944621544754727e-02  1.208468380716714e-04 -8.100383138067300e-01  9.608878247587344e-03 -1.324165585452648e-08 -4.897381767421178e-06 
 1.096478196143156e+09 -1.488180771421763e-04  5.643364982309301e-02  1.944621646030115e-02  1.236608984267274e-04 -8.100346288980462e-01  9.823080872476417e-03 -1.385246286282030e-08 -5.011451363181442e-06 
 1.122018454301933e+09 -1.119618094316023e-04  5.514933305382774e-02  1.944621751968439e-02  1.265405251650477e-04 -8.100307831659850e-01  1.004248890580070e-02 -1.449205220206907e-08 -5.128177635949483e-06 
 1.148153621496852e+09 -7.676388996210833e-05  5.389421013376069e-02  1.944621862794377e-02  1.294872450862681e-04 -8.100267684568265e-01  1.026721849699290e-02 -1.516177998089448e-08 -5.247622442586449e-06 
 1.174897554939498e+09 -4.314974733700828e-05  5.266761872000808e-02  1.944621978742972e-02  1.325026205623893e-04 -8.100225762587100e-01  1.049738860224133e-02 -1.586306618290990e-08 -5.369849078999840e-06 
 1.202264434617381e+09 -1.104816181242950e-05  5.146891138803983e-02  1.944622100060129e-02  1.355882503660812e-04 -8.100181976836122e-01  1.073312104661539e-02 -1.659739767361455e-08 -5.494922313535388e-06 
 1.230268770812348e+09  1.960888508778231e-05  5.029745530237189e-02  1.944622227003140e-02  1.387457705182821e-04 -8.100136234485296e-01  1.097454058763717e-02 -1.736633134866313e-08 -5.622908421137601e-06 
 1.258925411794133e+09  4.888635422676168e-05  4.915263189406375e-02  1.944622359841225e-02  1.419768551555384e-04 -8.100088438558279e-01  1.122177498032780e-02 -1.817149743014155e-08 -5.753875218296237e-06 
 1.288249551693099e+09  7.684628607837333e-05  4.803383654491115e-02  1.944622498856103e-02  1.452832174175475e-04 -8.100038487727123e-01  1.147495504375799e-02 -1.901460291778851e-08 -5.887892098796286e-06 
 1.318256738556371e+09  1.035479318062781e-04  4.694047827822549e-02  1.944622644342595e-02  1.486666103553716e-04 -8.099986276097809e-01  1.173421472913224e-02 -1.989743520242713e-08 -6.025030070289473e-06 
 1.348962882591617e+09  1.290478784719707e-04  4.587197945608886e-02  1.944622796609240e-02  1.521288278608050e-04 -8.099931692986122e-01  1.199969118943678e-02 -2.082186584920840e-08 -6.165361791705565e-06 
 1.380384264602847e+09  1.534001686333733e-04  4.482777548297562e-02  1.944622955978957e-02  1.556717056173859e-04 -8.099874622683421e-01  1.227152485068164e-02 -2.178985455862322e-08 -6.308961611522226e-06 
 1.412537544622716e+09  1.766564145840293e-04  4.380731451562946e-02  1.944623122789723e-02  1.592971220735569e-04 -8.099814944211793e-01  1.254985948476761e-02 -2.280345331361006e-08 -6.455905606912478e-06 
 1.445439770745888e+09  1.988659074718829e-04  4.281005717908673e-02  1.944623297395295e-02  1.630069994384897e-04 -8.099752531068078e-01  1.283484228400904e-02 -2.386481072147241e-08 -6.606271623789215e-06 
 1.479108388168167e+09  2.200757215260727e-04  4.183547628873631e-02  1.944623480165955e-02  1.668033047011004e-04 -8.099687250956256e-01  1.312662393734400e-02 -2.497617655972628e-08 -6.760139317766645e-06 
 1.513561248436167e+09  2.403308136100447e-04  4.088305657830670e-02  1.944623671489298e-02  1.706880506727963e-04 -8.099618965507581e-01  1.342535870826341e-02 -2.613990653542087e-08 -6.917590196058832e-06 
 1.548816618912439e+09  2.596741183096389e-04  3.995229443367199e-02  1.944623871771053e-02  1.746632970545045e-04 -8.099547529987946e-01  1.373120451449111e-02 -2.735846726792002e-08 -7.078707660336010e-06 
 1.584893192461070e+09  2.781466387555285e-04  3.904269763236903e-02  1.944624081435941e-02  1.787311515285485e-04 -8.099472792991782e-01  1.404432300944706e-02 -2.863444150559454e-08 -7.243577050559646e-06 
 1.621810097358885e+09  2.957875333705700e-04  3.815378508871861e-02  1.944624300928575e-02  1.828937708759502e-04 -8.099394596121920e-01  1.436487966552603e-02 -2.997053358736067e-08 -7.412285689817640e-06 
 1.659586907437515e+09  3.126341987241504e-04  3.728508660444472e-02  1.944624530714405e-02  1.871533621197495e-04 -8.099312773654719e-01  1.469304385922446e-02 -3.136957516050731e-08 -7.584922930181545e-06 
 1.698243652461697e+09  3.287223486675264e-04  3.643614262468678e-02  1.944624771280702e-02  1.915121836949443e-04 -8.099227152189750e-01  1.502898895814819e-02 -3.283453116678340e-08 -7.761580199607911e-06 
 1.737800828749327e+09  3.440860899164228e-04  3.560650399930052e-02  1.944625023137590e-02  1.959725466456730e-04 -8.099137550283301e-01  1.537289240993372e-02 -3.436850610927167e-08 -7.942351049906464e-06 
 1.778279410038874e+09  3.587579942397620e-04  3.479573174934520e-02  1.944625286819129e-02  2.005368158502714e-04 -8.099043778064980e-01  1.572493583311620e-02 -3.597475061315390e-08 -8.127331205798055e-06 
 1.819700858609933e+09  3.727691674063151e-04  3.400339683865475e-02  1.944625562884444e-02  2.052074112748508e-04 -8.098945636836550e-01  1.608530510997667e-02 -3.765666829407791e-08 -8.316618615085855e-06 
 1.862087136662816e+09  3.861493150343146e-04  3.322907995039268e-02  1.944625851918909e-02  2.099868092560646e-04 -8.098842918652203e-01  1.645419048140164e-02 -3.941782294846893e-08 -8.510313499963602e-06 
 1.905460717963194e+09  3.989268054826077e-04  3.247237126849151e-02  1.944626154535393e-02  2.148775438137372e-04 -8.098735405879393e-01  1.683178664378766e-02 -4.126194608079037e-08 -8.708518409485148e-06 
 1.949844599757991e+09  4.111287299157383e-04  3.173287026387859e-02  1.944626471375550e-02  2.198822079940524e-04 -8.098622870739297e-01  1.721829284802338e-02 -4.319294478344769e-08 -8.911338273219913e-06 
 1.995262314968824e+09  4.227809596694517e-04  3.101018548539195e-02  1.944626803111182e-02  2.250034552440110e-04 -8.098505074825955e-01  1.761391300058142e-02 -4.521490998575327e-08 -9.118880456119319e-06 
 2.041737944669473e+09  4.339082010374667e-04  3.030393435529080e-02  1.944627150445662e-02  2.302440008178843e-04 -8.098381768603093e-01  1.801885576675200e-02 -4.733212508912298e-08 -9.331254814619642e-06 
 2.089296130853981e+09  4.445340475949636e-04  2.961374296926675e-02  1.944627514115424e-02  2.356066232164072e-04 -8.098252690877572e-01  1.843333467605001e-02 -4.954907500646316e-08 -9.548573754007091e-06 
 2.137962089502173e+09  4.546810301690764e-04  2.893924590086381e-02  1.944627894891521e-02  2.410941656594711e-04 -8.098117568248386e-01  1.885756822982635e-02 -5.187045562452997e-08 -9.770952287071355e-06 
 2.187761623949492e+09  4.643706645617537e-04  2.828008601021547e-02  1.944628293581257e-02  2.467095375930964e-04 -8.097976114530041e-01  1.929178001111425e-02 -5.430118370890271e-08 -9.998508094074264e-06 
 2.238721138568277e+09  4.736234971256330e-04  2.763591425701014e-02  1.944628711029897e-02  2.524557162314802e-04 -8.097828030149153e-01  1.973619879674006e-02 -5.684640727210929e-08 -1.023136158406048e-05 
 2.290867652767709e+09  4.824591482890793e-04  2.700638951759601e-02  1.944629148122460e-02  2.583357481349333e-04 -8.097673001512985e-01  2.019105867172761e-02 -5.951151642638013e-08 -1.046963595753765e-05 
 2.344228815319856e+09  4.908963541222296e-04  2.639117840613956e-02  1.944629605785587e-02  2.643527508245425e-04 -8.097510700348629e-01  2.065659914602408e-02 -6.230215474348478e-08 -1.071345727055371e-05 
 2.398832919019423e+09  4.989530060317697e-04  2.578995509975183e-02  1.944630084989504e-02  2.705099144344080e-04 -8.097340783011482e-01  2.113306527357406e-02 -6.522423114512580e-08 -1.096295450019941e-05 
 2.454708915684961e+09  5.066461886682488e-04  2.520240116749922e-02  1.944630586750078e-02  2.768105034023316e-04 -8.097162889761553e-01  2.162070777376759e-02 -6.828393234843195e-08 -1.121825961156446e-05 
 2.511886431509510e+09  5.139922161259718e-04  2.462820540321636e-02  1.944631112130963e-02  2.832578581998470e-04 -8.096976644006164e-01  2.211978315528634e-02 -7.148773589220273e-08 -1.147950762617608e-05 
 2.570395782768792e+09  5.210066665119243e-04  2.406706366204039e-02  1.944631662245853e-02  2.898553971025052e-04 -8.096781651507428e-01  2.263055384237048e-02 -7.484242377071813e-08 -1.174683669194890e-05 
 2.630267991895308e+09  5.277044149567555e-04  2.351867870058719e-02  1.944632238260839e-02  2.966066180013500e-04 -8.096577499552929e-01  2.315328830352718e-02 -7.835509670313652e-08 -1.202038815467558e-05 
 2.691534803926840e+09  5.340996651375667e-04  2.298276002069178e-02  1.944632841396874e-02  3.035151002565410e-04 -8.096363756087862e-01  2.368826118269952e-02 -8.203318906776629e-08 -1.230030663108779e-05 
 2.754228703338089e+09  5.402059793791169e-04  2.245902371663646e-02  1.944633472932355e-02  3.105845065940992e-04 -8.096139968806886e-01  2.423575343291253e-02 -8.588448453181228e-08 -1.258674008351729e-05 
 2.818382931264374e+09  5.460363073970710e-04  2.194719232579150e-02  1.944634134205831e-02  3.178185850467783e-04 -8.095905664203813e-01  2.479605245241057e-02 -8.991713240857022e-08 -1.287983989618714e-05 
 2.884031503126524e+09  5.516030137440531e-04  2.144699468259504e-02  1.944634826618827e-02  3.252211709400843e-04 -8.095660346577204e-01  2.536945222329764e-02 -9.413966477547198e-08 -1.317976095316350e-05 
 2.951209226666302e+09  5.569179040165325e-04  2.095816577579974e-02  1.944635551638812e-02  3.327961889244907e-04 -8.095403496989850e-01  2.595625345268922e-02 -9.856101438787378e-08 -1.348666171799807e-05 
 3.019951720401930e+09  5.619922498779609e-04  2.048044660891548e-02  1.944636310802302e-02  3.405476550549207e-04 -8.095134572180016e-01  2.655676371638071e-02 -1.031905334250314e-07 -1.380070431509200e-05 
 3.090295432513503e+09  5.668368129510877e-04  2.001358406377880e-02  1.944637105718104e-02  3.484796789185911e-04 -8.094853003422247e-01  2.717129760503470e-02 -1.080380131063226e-07 -1.412205461281171e-05 
 3.162277660168289e+09  5.714618676299906e-04  1.955733076718070e-02  1.944637938070719e-02  3.565964658123419e-04 -8.094558195335407e-01  2.780017687288436e-02 -1.131137042174600e-07 -1.445088230838726e-05 
 3.235936569296190e+09  5.758772228600824e-04  1.911144496048624e-02  1.944638809623898e-02  3.649023189705948e-04 -8.094249524635592e-01  2.844373058894685e-02 -1.184283385881866e-07 -1.478736101462411e-05 
 3.311311214825816e+09  5.800922429321805e-04  1.867569037218073e-02  1.944639722224372e-02  3.734016418451156e-04 -8.093926338831362e-01  2.910229529073538e-02 -1.239931515647712e-07 -1.513166834845852e-05 
 3.388441561391928e+09  5.841158673346455e-04  1.824983609327794e-02  1.944640677805751e-02  3.820989404377808e-04 -8.093587954858668e-01  2.977621514045369e-02 -1.298199055225133e-07 -1.548398602138747e-05 
 3.467368504525217e+09  5.879566297056011e-04  1.783365645552794e-02  1.944641678392607e-02  3.909988256875739e-04 -8.093233657652794e-01  3.046584208365115e-02 -1.359209144654396e-07 -1.584449993180311e-05 
 3.548133892335652e+09  5.916226759253597e-04  1.742693091236291e-02  1.944642726104747e-02  4.001060159130701e-04 -8.092862698654379e-01  3.117153601031044e-02 -1.423090697624200e-07 -1.621340025926203e-05 
 3.630780547700909e+09  5.951217813873548e-04  1.702944392252052e-02  1.944643823161693e-02  4.094253393116898e-04 -8.092474294246622e-01  3.189366491833343e-02 -1.489978670710618e-07 -1.659088156071896e-05 
 3.715352290971618e+09  5.984613674841468e-04  1.664098483628604e-02  1.944644971887358e-02  4.189617365170375e-04 -8.092067624120489e-01  3.263260507938343e-02 -1.560014345029466e-07 -1.697714286875461e-05 
 3.801893963205502e+09  6.016485173434225e-04  1.626134778429531e-02  1.944646174714958e-02  4.287202632156681e-04 -8.091641829564766e-01  3.338874120703452e-02 -1.633345620860716e-07 -1.737238779182615e-05 
 3.890451449942693e+09  6.046899908473079e-04  1.589033156884181e-02  1.944647434192137e-02  4.387060928246559e-04 -8.091196011677507e-01  3.416246662717001e-02 -1.710127325827352e-07 -1.777682461656924e-05 
 3.981071705534857e+09  6.075922389668183e-04  1.552773955763267e-02  1.944648752986346e-02  4.489245192313705e-04 -8.090729229495416e-01  3.495418345056312e-02 -1.790521537235737e-07 -1.819066641217897e-05 
 4.073802778041009e+09  6.103614174418110e-04  1.517337957993912e-02  1.944650133890459e-02  4.593809595968978e-04 -8.090240498037460e-01  3.576430274756293e-02 -1.874697919210168e-07 -1.861413113689689e-05 
 4.168693834703233e+09  6.130033998354274e-04  1.482706382508837e-02  1.944651579828666e-02  4.700809572245771e-04 -8.089728786258941e-01  3.659324472479820e-02 -1.962834075280755e-07 -1.904744174663025e-05 
 4.265795188015802e+09  6.155237899906973e-04  1.448860874324493e-02  1.944653093862633e-02  4.810301844951558e-04 -8.089193014911992e-01  3.744143890380016e-02 -2.055115917111223e-07 -1.949082630572862e-05 
 4.365158322401532e+09  6.179279339157029e-04  1.415783494843041e-02  1.944654679197947e-02  4.922344458701016e-04 -8.088632054308403e-01  3.830932430143252e-02 -2.151738050081580e-07 -1.994451809994175e-05 
 4.466835921509501e+09  6.202209311225070e-04  1.383456712373210e-02  1.944656339190873e-02  5.036996809646435e-04 -8.088044721980474e-01  3.919734961200413e-02 -2.252904176469968e-07 -2.040875575158174e-05 
 4.570881896148617e+09  6.224076454438877e-04  1.351863392865154e-02  1.944658077355409e-02  5.154319676921498e-04 -8.087429780235355e-01  4.010597339092480e-02 -2.358827517008274e-07 -2.088378333691050e-05 
 4.677351412871845e+09  6.244927153508218e-04  1.320986790854537e-02  1.944659897370688e-02  5.274375254814869e-04 -8.086785933598282e-01  4.103566423974930e-02 -2.469731251617386e-07 -2.136985050577265e-05 
 4.786300923226243e+09  6.264805637926111e-04  1.290810540611194e-02  1.944661803088714e-02  5.397227185690440e-04 -8.086111826139819e-01  4.198690099243817e-02 -2.585848980160271e-07 -2.186721260349144e-05 
 4.897788193684319e+09  6.283754075805295e-04  1.261318647487783e-02  1.944663798542460e-02  5.522940593671364e-04 -8.085406038682061e-01  4.296017290264503e-02 -2.707425204084195e-07 -2.237613079504421e-05 
 5.011872336272576e+09  6.301812663349139e-04  1.232495479463995e-02  1.944665887954344e-02  5.651582119105535e-04 -8.084667085878599e-01  4.395597983182168e-02 -2.834715829857740e-07 -2.289687219153076e-05 
 5.128613839913499e+09  6.319019710146997e-04  1.204325758881927e-02  1.944668075745102e-02  5.783219953830432e-04 -8.083893413162754e-01  4.497483243791054e-02 -2.967988695143362e-07 -2.342970997894676e-05 
 5.248074602497573e+09  6.335411720475182e-04  1.176794554368360e-02  1.944670366543066e-02  5.917923877255712e-04 -8.083083393558494e-01  4.601725236437208e-02 -3.107524118682426e-07 -2.397492354927048e-05 
 5.370317963702371e+09  6.351023470776378e-04  1.149887272939777e-02  1.944672765193883e-02  6.055765293282413e-04 -8.082235324348132e-01  4.708377242927032e-02 -3.253615474906664e-07 -2.453279863386941e-05 
 5.495408738576085e+09  6.365888083482218e-04  1.123589652286017e-02  1.944675276770675e-02  6.196817268077861e-04 -8.081347423590730e-01  4.817493681411406e-02 -3.406569794328023e-07 -2.510362743922933e-05 
 5.623413251903326e+09  6.380037097336118e-04  1.097887753228594e-02  1.944677906584680e-02  6.341154568726033e-04 -8.080417826484948e-01  4.929130125212321e-02 -3.566708390797641e-07 -2.568770878500551e-05 
 5.754399373371401e+09  6.393500534366060e-04  1.072767952349762e-02  1.944680660196380e-02  6.488853702773381e-04 -8.079444581569759e-01  5.043343321556043e-02 -3.734367516764418e-07 -2.628534824439174e-05 
 5.888436553555717e+09  6.406306963649970e-04  1.048216934788521e-02  1.944683543427144e-02  6.639992958690675e-04 -8.078425646756313e-01  5.160191210173521e-02 -3.909899047703950e-07 -2.689685828679878e-05 
 6.025595860743402e+09  6.418483562009744e-04  1.024221687199835e-02  1.944686562371418e-02  6.794652447271842e-04 -8.077358885183945e-01  5.279732941725520e-02 -4.093671196929884e-07 -2.752255842282971e-05 
 6.165950018614641e+09  6.430056171763335e-04  1.000769490873414e-02  1.944689723409470e-02  6.952914143991231e-04 -8.076242060893091e-01  5.402028896006058e-02 -4.286069262041312e-07 -2.816277535153438e-05 
 6.309573444801747e+09  6.441049355658361e-04  9.778479150084927e-03  1.944693033220726e-02  7.114861932341247e-04 -8.075072834307644e-01  5.527140699874020e-02 -4.487496404302266e-07 -2.881784310992050e-05 
 6.456542290346366e+09  6.451486449104727e-04  9.554448101411471e-03  1.944696498797727e-02  7.280581648172714e-04 -8.073848757519048e-01  5.655131244858451e-02 -4.698374462291950e-07 -2.948810322469277e-05 
 6.606934480075767e+09  6.461389609818108e-04  9.335483017207252e-03  1.944700127460722e-02  7.450161125060912e-04 -8.072567269364148e-01  5.786064704378675e-02 -4.919144801207457e-07 -3.017390486618582e-05 
 6.760829753919620e+09  6.470779864980836e-04  9.121467838320820e-03  1.944703926872941e-02  7.623690240720648e-04 -8.071225690288619e-01  5.920006550515501e-02 -5.150269199243848e-07 -3.087560500444972e-05 
 6.918309709189162e+09  6.479677156021556e-04  8.912289130603799e-03  1.944707905056567e-02  7.801260964494280e-04 -8.069821216987508e-01  6.057023570264680e-02 -5.392230772519644e-07 -3.159356856744018e-05 
 7.079457843841171e+09  6.488100381110076e-04  8.707836024952720e-03  1.944712070409437e-02  7.982967405937124e-04 -8.068350916814204e-01  6.197183881198306e-02 -5.645534940058782e-07 -3.232816860125747e-05 
 7.244359600749688e+09  6.496067435459226e-04  8.508000158713920e-03  1.944716431722526e-02  8.168905864525209e-04 -8.066811721948927e-01  6.340556946454005e-02 -5.910710430382722e-07 -3.307978643237030e-05 
 7.413102413008958e+09  6.503595249520897e-04  8.312675618421129e-03  1.944720998198217e-02  8.359174880510882e-04 -8.065200423317526e-01  6.487213588965518e-02 -6.188310331308335e-07 -3.384881183175168e-05 
 7.585775750291615e+09  6.510699825159366e-04  8.121758883836427e-03  1.944725779469413e-02  8.553875286952309e-04 -8.063513664251256e-01  6.637226004841650e-02 -6.478913184588297e-07 -3.463564318084449e-05 
 7.762471166286690e+09  6.517396269880633e-04  7.935148773265665e-03  1.944730785619530e-02  8.753110262943497e-04 -8.061747933877853e-01  6.790667775793444e-02 -6.783124127070663e-07 -3.544068763926434e-05 
 7.943282347242582e+09  6.523698829192872e-04  7.752746390120356e-03  1.944736027203393e-02  8.956985388072050e-04 -8.059899560234136e-01  6.947613880501967e-02 -7.101576080092610e-07 -3.626436131413611e-05 
 8.128305161640754e+09  6.529620917169128e-04  7.574455070698625e-03  1.944741515269093e-02  9.165608698132387e-04 -8.057964703090080e-01  7.108140704810956e-02 -7.434930988859867e-07 -3.710708943094925e-05 
 8.317637711026465e+09  6.535175145279920e-04  7.400180333158465e-03  1.944747261380837e-02  9.379090742122827e-04 -8.055939346474148e-01  7.272326050620144e-02 -7.783881113597560e-07 -3.796930650580392e-05 
 8.511380382023514e+09  6.540373349560076e-04  7.229829827657315e-03  1.944753277642841e-02  9.597544640555496e-04 -8.053819290889525e-01  7.440249143345930e-02 -8.149150374289489e-07 -3.885145651890715e-05 
 8.709635899560549e+09  6.545226616170723e-04  7.063313287632500e-03  1.944759576724297e-02  9.821086145108658e-04 -8.051600145210710e-01  7.611990637806458e-02 -8.531495750851201e-07 -3.975399308916345e-05 
 8.912509381337191e+09  6.549745305414417e-04  6.900542482197824e-03  1.944766171885485e-02  1.004983369965165e-03 -8.049277318249818e-01  7.787632622377869e-02 -8.931708740606215e-07 -4.067737964968948e-05 
 9.120108393558826e+09  6.553939074258399e-04  6.741431169632169e-03  1.944773077005061e-02  1.028390850267335e-03 -8.046846009981847e-01  7.967258621257722e-02 -9.350616874954854e-07 -4.162208962406567e-05 
 9.332543007969633e+09  6.557816897418157e-04  6.585895051936650e-03  1.944780306608574e-02  1.052343457114554e-03 -8.044301202418114e-01  8.150953594659943e-02 -9.789085297139528e-07 -4.258860660312077e-05 
 9.549925860214075e+09  6.561387087050905e-04  6.433851730437413e-03  1.944787875898274e-02  1.076853880585352e-03 -8.041637650116998e-01  8.338803936753569e-02 -1.024801840301923e-06 -4.357742452202662e-05 
 9.772372209557816e+09  6.564657311105992e-04  6.285220662411850e-03  1.944795800784256e-02  1.101935105822656e-03 -8.038849870321182e-01  8.530897471144529e-02 -1.072836154676772e-06 -4.458904783746111e-05 
 9.999999999999702e+09  6.567634610376998e-04  6.139923118716565e-03  1.944804097917006e-02  1.127600419870198e-03 -8.035932132710623e-01  8.727323443686169e-02 -1.123110281340439e-06 -4.562399170457608e-05 
 1.023292992280724e+10  6.570325414297942e-04  5.997882142396035e-03  1.944812784721401e-02  1.153863418665678e-03 -8.032878448760610e-01  8.928172512389647e-02 -1.175727486005203e-06 -4.668278215348558e-05 
 1.047128548050868e+10  6.572735555524040e-04  5.859022508251472e-03  1.944821879432226e-02  1.180738014194201e-03 -8.029682560694399e-01  9.133536734190212e-02 -1.230795682779186e-06 -4.776595626496580e-05 
 1.071519305237574e+10  6.574870283335467e-04  5.723270683350090e-03  1.944831401131282e-02  1.208238441805524e-03 -8.026337930020250e-01  9.343509548309273e-02 -1.288427632595057e-06 -4.887406234503405e-05 
 1.096478196143152e+10  6.576734275900660e-04  5.590554788455314e-03  1.944841369786128e-02  1.236379267698777e-03 -8.022837725642835e-01  9.558185755935139e-02 -1.348741149060666e-06 -5.000766009804740e-05 
 1.122018454301930e+10  6.578331651434266e-04  5.460804560359369e-03  1.944851806290560e-02  1.265175396578341e-03 -8.019174811539623e-01  9.777661495927693e-02 -1.411859311904227e-06 -5.116732079793483e-05 
 1.148153621496848e+10  6.579665978283030e-04  5.333951315099949e-03  1.944862732506858e-02  1.294642079484694e-03 -8.015341733993080e-01  1.000203421623336e-01 -1.477910688178955e-06 -5.235362745714708e-05 
 1.174897554939494e+10  6.580740283971672e-04  5.209927912043439e-03  1.944874171309909e-02  1.324794921804068e-03 -8.011330708370312e-01  1.023140264067714e-01 -1.547029561382739e-06 -5.356717499287837e-05 
 1.202264434617377e+10  6.581557063239583e-04  5.088668718817601e-03  1.944886146633260e-02  1.355649891460871e-03 -8.007133605442404e-01  1.046586673077793e-01 -1.619356168637166e-06 -5.480857039008224e-05 
 1.230268770812345e+10  6.582118285097869e-04  4.970109577077236e-03  1.944898683517192e-02  1.387223327296886e-03 -8.002741937236491e-01  1.070552764221175e-01 -1.695036946056858e-06 -5.607843286076931e-05 
 1.258925411794130e+10  6.582425398935591e-04  4.854187769086896e-03  1.944911808158888e-02  1.419531947641357e-03 -7.998146842414716e-01  1.095048767552493e-01 -1.774224782424492e-06 -5.737739399904134e-05 
 1.288249551693095e+10  6.582479339702957e-04  4.740841985105214e-03  1.944925547964779e-02  1.452592859076134e-03 -7.993339071175164e-01  1.120085022067586e-01 -1.857079281268666e-06 -5.870609793127714e-05 
 1.318256738556368e+10  6.582280532198825e-04  4.630012291556025e-03  1.944939931605163e-02  1.486423565400158e-03 -7.988308969671321e-01  1.145671969495960e-01 -1.943767031420878e-06 -6.006520146084966e-05 
 1.348962882591613e+10  6.581828894489209e-04  4.521640099971925e-03  1.944954989071175e-02  1.521041976797627e-03 -7.983046463947957e-01  1.171820147384368e-01 -2.034461886103851e-06 -6.145537420671210e-05 
 1.380384264602843e+10  6.581123840483335e-04  4.415668136696521e-03  1.944970751734209e-02  1.556466419214290e-03 -7.977541043393072e-01  1.198540181421793e-01 -2.129345250576179e-06 -6.287729873515093e-05 
 1.412537544622712e+10  6.580164281693517e-04  4.312040413332072e-03  1.944987252407873e-02  1.592715643946395e-03 -7.971781743707408e-01  1.225842776953306e-01 -2.228606378327258e-06 -6.433167068395979e-05 
 1.445439770745884e+10  6.578948628205351e-04  4.210702197919838e-03  1.945004525412589e-02  1.629808837446908e-03 -7.965757129395173e-01  1.253738709627511e-01 -2.332442675781576e-06 -6.581919887824510e-05 
 1.479108388168163e+10  6.577474788884843e-04  4.111599986840899e-03  1.945022606642931e-02  1.667765631353722e-03 -7.959455275781996e-01  1.282238815119385e-01 -2.441060015432216e-06 -6.734060543702810e-05 
 1.513561248436163e+10  6.575740170849682e-04  4.014681477425803e-03  1.945041533637798e-02  1.706606112744650e-03 -7.952863750568820e-01  1.311353977867347e-01 -2.554673057279461e-06 -6.889662586976167e-05 
 1.548816618912435e+10  6.573741678232480e-04  3.919895541261835e-03  1.945061345653535e-02  1.746350834624116e-03 -7.945969594933395e-01  1.341095118760370e-01 -2.673505578401455e-06 -7.048800916183306e-05 
 1.584893192461066e+10  6.571475710264809e-04  3.827192198187278e-03  1.945082083740103e-02  1.787020826646534e-03 -7.938759304194336e-01  1.371473181707876e-01 -2.797790810429394e-06 -7.211551784807472e-05 
 1.621810097358881e+10  6.568938158711944e-04  3.736522590962513e-03  1.945103790820411e-02  1.828637606081491e-03 -7.931218808056387e-01  1.402499119022002e-01 -2.927771784639284e-06 -7.377992807325686e-05 
 1.659586907437510e+10  6.566124404689766e-04  3.647838960608313e-03  1.945126511772924e-02  1.871223189025927e-03 -7.923333450459557e-01  1.434183875538730e-01 -3.063701684305611e-06 -7.548202963848614e-05 
 1.698243652461693e+10  6.563029314896911e-04  3.561094622402184e-03  1.945150293517651e-02  1.914800101868630e-03 -7.915087969059230e-01  1.466538371401192e-01 -3.205844203888640e-06 -7.722262603238538e-05 
 1.737800828749323e+10  6.559647237297222e-04  3.476243942524052e-03  1.945175185105647e-02  1.959391393012476e-03 -7.906466474369270e-01  1.499573483425330e-01 -3.354473914546071e-06 -7.900253444588043e-05 
 1.778279410038869e+10  6.555971996289990e-04  3.393242315343149e-03  1.945201237812127e-02  2.005020644859946e-03 -7.897452428605451e-01  1.533300024965036e-01 -3.509876635371114e-06 -8.082258576937283e-05 
 1.819700858609929e+10  6.551996887407925e-04  3.312046141338342e-03  1.945228505233335e-02  2.051711986067560e-03 -7.888028624272477e-01  1.567728724190842e-01 -3.672349809661794e-06 -8.268362457102887e-05 
 1.862087136662811e+10  6.547714671585867e-04  3.232612805644631e-03  1.945257043387269e-02  2.099490104075034e-03 -7.878177162544152e-01  1.602870200693365e-01 -3.842202885420340e-06 -8.458650905487240e-05 
 1.905460717963190e+10  6.543117569046513e-04  3.154900657218976e-03  1.945286910818408e-02  2.148380257915038e-03 -7.867879431493283e-01  1.638734940319908e-01 -4.019757699166035e-06 -8.653211099732521e-05 
 1.949844599757986e+10  6.538197252853112e-04  3.078868988619057e-03  1.945318168706543e-02  2.198408291309587e-03 -7.857116084235451e-01  1.675333268150086e-01 -4.205348862019509e-06 -8.852131566080041e-05 
 1.995262314968819e+10  6.532944842183152e-04  3.004478016388918e-03  1.945350880979863e-02  2.249600646059245e-03 -7.845867017058882e-01  1.712675319513957e-01 -4.399324146880480e-06 -9.055502168291848e-05 
 2.041737944669468e+10  6.527350895381547e-04  2.931688862045883e-03  1.945385114432409e-02  2.301984375731445e-03 -7.834111347621631e-01  1.750771008954149e-01 -4.602044875374152e-06 -9.263414093988721e-05 
 2.089296130853976e+10  6.521405402856692e-04  2.860463533663446e-03  1.945420938846037e-02  2.355587159654387e-03 -7.821827393306666e-01  1.789629997031735e-01 -4.813886303082904e-06 -9.475959838256053e-05 
 2.137962089502167e+10  6.515097779888034e-04  2.790764908045157e-03  1.945458427117003e-02  2.410437317223120e-03 -7.808992649835783e-01  1.829261654874346e-01 -5.035238001409592e-06 -9.693233184367667e-05 
 2.187761623949486e+10  6.508416859419780e-04  2.722556713484873e-03  1.945497655387332e-02  2.466563822524602e-03 -7.795583770254261e-01  1.869675026364274e-01 -5.266504234235945e-06 -9.915329181476646e-05 
 2.238721138568272e+10  6.501350884921211e-04  2.655803513108888e-03  1.945538703181067e-02  2.523996319288676e-03 -7.781576544409857e-01  1.910878787864038e-01 -5.508104327343877e-06 -1.014234411912245e-04 
 2.290867652767703e+10  6.493887503401206e-04  2.590470688795775e-03  1.945581653545556e-02  2.582765136172099e-03 -7.766945879062360e-01  1.952881205377470e-01 -5.760473028358986e-06 -1.037437549840490e-04 
 2.344228815319851e+10  6.486013758671413e-04  2.526524425669841e-03  1.945626593197907e-02  2.642901302382955e-03 -7.751665778773186e-01  1.995690089045523e-01 -6.024060854753433e-06 -1.061152199967825e-04 
 2.398832919019417e+10  6.477716084960308e-04  2.463931697164259e-03  1.945673612676728e-02  2.704436563652970e-03 -7.735709327738669e-01  2.039312744878216e-01 -6.299334427210102e-06 -1.085388344662252e-04 
 2.454708915684955e+10  6.468980300988484e-04  2.402660250649931e-03  1.945722806499308e-02  2.767403398565503e-03 -7.719048672745633e-01  2.083755923627193e-01 -6.586776785401184e-06 -1.110156076655533e-04 
 2.511886431509503e+10  6.459791604624102e-04  2.342678593626151e-03  1.945774273324343e-02  2.831835035247141e-03 -7.701655007443537e-01  2.129025766707694e-01 -6.886887682972413e-06 -1.135465594685490e-04 
 2.570395782768785e+10  6.450134568246455e-04  2.283955980468994e-03  1.945828116120379e-02  2.897765468431189e-03 -7.683498558144014e-01  2.175127749084206e-01 -7.200183858249389e-06 -1.161327198737492e-04 
 2.630267991895301e+10  6.439993134955151e-04  2.226462399733189e-03  1.945884442340051e-02  2.965229476901479e-03 -7.664548571375848e-01  2.222066619041030e-01 -7.527199276895305e-06 -1.187751284874414e-04 
 2.691534803926833e+10  6.429350615772238e-04  2.170168562002915e-03  1.945943364100314e-02  3.034262641325293e-03 -7.644773303441333e-01  2.269846334767509e-01 -7.868485342450997e-06 -1.214748339645850e-04 
 2.754228703338082e+10  6.418189687994959e-04  2.115045888286636e-03  1.946004998368737e-02  3.104901362484481e-03 -7.624140012238606e-01  2.318469997697877e-01 -8.224611070379086e-06 -1.242328934069135e-04 
 2.818382931264367e+10  6.406492394867309e-04  2.061066498950481e-03  1.946069467156036e-02  3.177182879914114e-03 -7.602614951633482e-01  2.367939782557874e-01 -8.596163220916135e-06 -1.270503717176848e-04 
 2.884031503126517e+10  6.394240146749558e-04  2.008203203184176e-03  1.946136897714961e-02  3.251145290958449e-03 -7.580163368684055e-01  2.418256864084473e-01 -8.983746385711507e-06 -1.299283409127909e-04 
 2.951209226666295e+10  6.381413723975817e-04  1.956429488992644e-03  1.946207422745676e-02  3.326827570254268e-03 -7.556749504041027e-01  2.469421340401613e-01 -9.387983022901137e-06 -1.328678793882243e-04 
 3.019951720401923e+10  6.367993281601012e-04  1.905719513705603e-03  1.946281180607774e-02  3.404269589652101e-03 -7.532336595866836e-01  2.521432153053791e-01 -9.809513434931624e-06 -1.358700711442233e-04 
 3.090295432513495e+10  6.353958356249704e-04  1.856048094996334e-03  1.946358315539049e-02  3.483512138586223e-03 -7.506886887636616e-01  2.574287003721000e-01 -1.024899568311751e-05 -1.389360049667891e-04 
 3.162277660168282e+10  6.339287875290288e-04  1.807390702399626e-03  1.946438977881208e-02  3.564596944904808e-03 -7.480361640203805e-01  2.627982267663009e-01 -1.070710543258631e-05 -1.420667735676860e-04 
 3.235936569296183e+10  6.323960168568819e-04  1.759723449317469e-03  1.946523324312623e-02  3.647566696172065e-03 -7.452721148532521e-01  2.682512903968496e-01 -1.118453572094586e-05 -1.452634726845078e-04 
 3.311311214825809e+10  6.307952982947182e-04  1.713023085499492e-03  1.946611518088332e-02  3.732465061454709e-03 -7.423924763517311e-01  2.737872362715296e-01 -1.168199664370126e-05 -1.485272001429159e-04 
 3.388441561391921e+10  6.291243499899871e-04  1.667266989983312e-03  1.946703729287409e-02  3.819336713605682e-03 -7.393930919328365e-01  2.794052489182183e-01 -1.220021494916045e-05 -1.518590548837378e-04 
 3.467368504525209e+10  6.273808356432839e-04  1.622433164478044e-03  1.946800135067930e-02  3.908227352058610e-03 -7.362697166736285e-01  2.851043425290284e-01 -1.273993353530326e-05 -1.552601359582555e-04 
 3.548133892335645e+10  6.255623669595472e-04  1.578500227171910e-03  1.946900919929679e-02  3.999183726147088e-03 -7.330180212884573e-01  2.908833508493622e-01 -1.330191084085649e-05 -1.587315414957179e-04 
 3.630780547700901e+10  6.236665064863514e-04  1.535447406942548e-03  1.947006275984853e-02  4.092253658963583e-03 -7.296335967989929e-01  2.967409168383394e-01 -1.388692012262430e-05 -1.622743676478775e-04 
 3.715352290971610e+10  6.216907708675658e-04  1.493254537945906e-03  1.947116403236970e-02  4.187486071773404e-03 -7.261119599459352e-01  3.026754821319664e-01 -1.449574861097733e-05 -1.658897075161856e-04 
 3.801893963205494e+10  6.196326345409579e-04  1.451902054556761e-03  1.947231509868238e-02  4.284931008999932e-03 -7.224485593918800e-01  3.086852763456980e-01 -1.512919653531531e-05 -1.695786500681771e-04 
 3.890451449942685e+10  6.174895339084002e-04  1.411370986630802e-03  1.947351812535712e-02  4.384639663798110e-03 -7.186387827649808e-01  3.147683062587200e-01 -1.578807601129522e-05 -1.733422790505388e-04 
 3.981071705534849e+10  6.152588720071699e-04  1.371642955054882e-03  1.947477536676512e-02  4.486664404233932e-03 -7.146779645927659e-01  3.209223449283278e-01 -1.647320978167245e-05 -1.771816719073830e-04 
 4.073802778041000e+10  6.129380237103348e-04  1.332700167548531e-03  1.947608916822524e-02  4.591058800088621e-03 -7.105613951746531e-01  3.271449207891882e-01 -1.718542980274602e-05 -1.810978987133319e-04 
 4.168693834703224e+10  6.105243414834301e-04  1.294525414676111e-03  1.947746196924965e-02  4.697877650306957e-03 -7.062843304403025e-01  3.334333067990153e-01 -1.792557566864330e-05 -1.850920211321658e-04 
 4.265795188015794e+10  6.080151617233980e-04  1.257102066025070e-03  1.947889630689312e-02  4.807177011110203e-03 -7.018420028388690e-01  3.397845096992385e-01 -1.869449286603730e-05 -1.891650914129798e-04 
 4.365158322401524e+10  6.054078117041742e-04  1.220414066501740e-03  1.948039481921127e-02  4.919014224795011e-03 -6.972296333013902e-01  3.461952594665435e-01 -1.949303085237268e-05 -1.933181514370331e-04 
 4.466835921509492e+10  6.026996171511857e-04  1.184445932691934e-03  1.948196024883396e-02  5.033447949240608e-03 -6.924424443149088e-01  3.526619990386780e-01 -2.032204095129875e-05 -1.975522318297460e-04 
 4.570881896148608e+10  5.998879104644363e-04  1.149182749229380e-03  1.948359544666084e-02  5.150538188147593e-03 -6.874756741423759e-01  3.591808744055496e-01 -2.118237405978164e-05 -2.018683511535973e-04 
 4.677351412871836e+10  5.969700396066954e-04  1.114610165110725e-03  1.948530337568701e-02  5.270346322032623e-03 -6.823245922168751e-01  3.657477251643372e-01 -2.207487816230514e-05 -2.062675151989745e-04 
 4.786300923226234e+10  5.939433776695469e-04  1.080714389891623e-03  1.948708711496779e-02  5.392935140004295e-03 -6.769845157321386e-01  3.723580756449869e-01 -2.300039564868431e-05 -2.107507163913304e-04 
 4.897788193684309e+10  5.908053331256754e-04  1.047482189694230e-03  1.948894986373284e-02  5.518368872346470e-03 -6.714508274436656e-01  3.790071267199487e-01 -2.395976043331607e-05 -2.153189333342647e-04 
 5.011872336272565e+10  5.875533607707174e-04  1.014900882952443e-03  1.949089494566107e-02  5.646713223936263e-03 -6.657189946859166e-01  3.856897484192290e-01 -2.495379487518948e-05 -2.199731305093772e-04 
 5.128613839913487e+10  5.841849733522593e-04  9.829583358174345e-04  1.949292581332938e-02  5.778035408524871e-03 -6.597845896010127e-01  3.924004734786063e-01 -2.598330649967950e-05 -2.247142581548882e-04 
 5.248074602497561e+10  5.806977538771216e-04  9.516429571426161e-04  1.949504605284959e-02  5.912404183910240e-03 -6.536433105630830e-01  3.991334919550603e-01 -2.704908452505964e-05 -2.295432523460727e-04 
 5.370317963702358e+10  5.770893685808983e-04  9.209436929641519e-04  1.949725938870993e-02  6.049889888031452e-03 -6.472910047698562e-01  4.058826470489093e-01 -2.815189619879342e-05 -2.344610353014859e-04 
 5.495408738576073e+10  5.733575805358428e-04  8.908500203906841e-04  1.949956968883909e-02  6.190564476015380e-03 -6.407236919592982e-01  4.126414322766375e-01 -2.929248295099902e-05 -2.394685159397195e-04 
 5.623413251903313e+10  5.695002638646068e-04  8.613519408140937e-04  1.950198096991282e-02  6.334501558206889e-03 -6.339375891940653e-01  4.194029901417551e-01 -3.047155637502445e-05 -2.445665907120066e-04 
 5.754399373371387e+10  5.655154185180946e-04  8.324399723521002e-04  1.950449740292539e-02  6.481776439214315e-03 -6.269291366403560e-01  4.261601124530225e-01 -3.168979404780956e-05 -2.497561447363366e-04 
 5.888436553555704e+10  5.614011855658348e-04  8.041051414333394e-04  1.950712331905013e-02  6.632466158002364e-03 -6.196950242504699e-01  4.329052424398073e-01 -3.294783520563451e-05 -2.550380532588261e-04 
 6.025595860743387e+10  5.571558629368445e-04  7.763389734364131e-04  1.950986321581598e-02  6.786649529064870e-03 -6.122322192401248e-01  4.396304788129757e-01 -3.424627629394017e-05 -2.604131834678753e-04 
 6.165950018614626e+10  5.527779215380934e-04  7.491334822964274e-04  1.951272176362919e-02  6.944407184709857e-03 -6.045379942325431e-01  4.463275819163535e-01 -3.558566641312894e-05 -2.658823966860793e-04 
 6.309573444801733e+10  5.482660216664397e-04  7.224811589958093e-04  1.951570381267204e-02  7.105821618489254e-03 -5.966099559216383e-01  4.529879821082107e-01 -3.696650268558325e-05 -2.714465509639388e-04 
 6.456542290346350e+10  5.436190296184540e-04  6.963749588608245e-04  1.951881440021286e-02  7.270977229805255e-03 -5.884460740865761e-01  4.596027905042110e-01 -3.838922557253183e-05 -2.771065040980773e-04 
 6.606934480075750e+10  5.388360343910484e-04  6.708082875913638e-04  1.952205875836467e-02  7.439960369724861e-03 -5.800447107698108e-01  4.661628122026824e-01 -3.985421417280816e-05 -2.828631170948996e-04 
 6.760829753919602e+10  5.339163643544094e-04  6.457749859592562e-04  1.952544232233214e-02  7.612859388033186e-03 -5.714046494107389e-01  4.726585620997026e-01 -4.136178153892515e-05 -2.887172580983926e-04 
 6.918309709189143e+10  5.288596037676715e-04  6.212693131196976e-04  1.952897073918934e-02  7.789764681555218e-03 -5.625251237076873e-01  4.790802833852845e-01 -4.291217004917794e-05 -2.946698067980484e-04 
 7.079457843841153e+10  5.236656089972090e-04  5.972859284913832e-04  1.953264987723369e-02  7.970768743774335e-03 -5.534058459624949e-01  4.854179687927831e-01 -4.450554687761678e-05 -3.007216593296828e-04 
 7.244359600749669e+10  5.183345242876752e-04  5.738198721736571e-04  1.953648583596362e-02  8.155966215774338e-03 -5.440470346448401e-01  4.916613846515102e-01 -4.614199960663202e-05 -3.068737336781996e-04 
 7.413102413008937e+10  5.128667969271824e-04  5.508665438833464e-04  1.954048495673051e-02  8.345453938530005e-03 -5.344494408981790e-01  4.978000977674767e-01 -4.782153202949127e-05 -3.131269755871549e-04 
 7.585775750291594e+10  5.072631916405885e-04  5.284216804099564e-04  1.954465383411749e-02  8.539331006568960e-03 -5.246143736961489e-01  5.038235051292577e-01 -4.954406019238092e-05 -3.194823649752798e-04 
 7.762471166286668e+10  5.015248040390074e-04  5.064813316054302e-04  1.954899932809965e-02  8.737698823025537e-03 -5.145437233480413e-01  5.097208664053990e-01 -5.130940872725808e-05 -3.259409228549880e-04 
 7.943282347242560e+10  4.956530729496448e-04  4.850418349435674e-04  1.955352857704296e-02  8.940661156104623e-03 -5.042399830449174e-01  5.154813391667629e-01 -5.311730752802684e-05 -3.325037187423517e-04 
 8.128305161640732e+10  4.896497914481473e-04  4.640997887043058e-04  1.955824901159979e-02  9.148324196970922e-03 -4.937062681346036e-01  5.210940167320998e-01 -5.496738882314411e-05 -3.391718785421306e-04 
 8.317637711026443e+10  4.835171164161079e-04  4.436520238591369e-04  1.956316836956127e-02  9.360796619076012e-03 -4.829463328145919e-01  5.265479684983264e-01 -5.685918469765703e-05 -3.459465928852539e-04 
 8.511380382023491e+10  4.772575764493748e-04  4.236955747556601e-04  1.956829471172722e-02  9.578189638932864e-03 -4.719645839371523e-01  5.318322825789941e-01 -5.879212511681563e-05 -3.528291258897771e-04 
 8.709635899560526e+10  4.708740779485968e-04  4.042276487213948e-04  1.957363643885529e-02  9.800617078344185e-03 -4.607660916311077e-01  5.369361105357979e-01 -6.076553650173099e-05 -3.598208243098409e-04 
 8.912509381337167e+10  4.643699092321267e-04  3.852455947290555e-04  1.957920230975148e-02  1.002819542808813e-02 -4.493565964599460e-01  5.418487139493633e-01 -6.277864090501904e-05 -3.669231270306761e-04 
 9.120108393558803e+10  4.577487425230943e-04  3.667468712871789e-04  1.958500146056359e-02  1.026104391306171e-02 -4.377425128564592e-01  5.465595125376533e-01 -6.483055583095597e-05 -3.741375748613299e-04 
 9.332543007969609e+10  4.510146336772090e-04  3.487290137408203e-04  1.959104342533963e-02  1.049928455887959e-02 -4.259309285999241e-01  5.510581334939226e-01 -6.692029474035856e-05 -3.814658205706731e-04 
 9.549925860214050e+10  4.441720195356141e-04  3.311896011865924e-04  1.959733815791152e-02  1.074304225992306e-02 -4.139296001329966e-01  5.553344616819995e-01 -6.904676827520232e-05 -3.889096391065120e-04 
 9.772372209557790e+10  4.372257128077903e-04  3.141262232240769e-04  1.960389605516383e-02  1.099244484883159e-02 -4.017469435517245e-01  5.593786902956075e-01 -7.120878623192878e-05 -3.964709379324113e-04 
 9.999999999999675e+10  4.301808944129593e-04  2.975364467812231e-04  1.961072798174572e-02  1.124762316742731e-02 -3.893920211431811e-01  5.631813715612639e-01 -7.340506030552343e-05 -4.041517674122707e-04 
 1.023292992280721e+11  4.230431032343500e-04  2.814177832642277e-04  1.961784529628225e-02  1.150871113906097e-02 -3.768745233906700e-01  5.667334670417731e-01 -7.563420761883785e-05 -4.119543311689186e-04 
 1.047128548050865e+11  4.158182232688324e-04  2.657676562922188e-04  1.962525987913962e-02  1.177584584236651e-02 -3.642047464157379e-01  5.700263970802314e-01 -7.789475504338517e-05 -4.198809963401207e-04 
 1.071519305237572e+11  4.085124681842936e-04  2.505833702834074e-04  1.963298416179625e-02  1.204916758641082e-02 -3.513935648786177e-01  5.730520889134010e-01 -8.018514430906708e-05 -4.279343036535441e-04 
 1.096478196143149e+11  4.011323633283435e-04  2.358620801619638e-04  1.964103115786986e-02  1.232881998722476e-02 -3.384524004134234e-01  5.758030229788761e-01 -8.250373789113810e-05 -4.361169772414880e-04 
 1.122018454301927e+11  3.936847252639360e-04  2.216007624534146e-04  1.964941449584814e-02  1.261495004570211e-02 -3.253931857304879e-01  5.782722769430982e-01 -8.484882565332908e-05 -4.444319341166361e-04 
 1.148153621496845e+11  3.861766389396819e-04  2.077961880307110e-04  1.965814845356834e-02  1.290770822685371e-02 -3.122283245746816e-01  5.804535669872566e-01 -8.721863221660740e-05 -4.528822932317790e-04 
 1.174897554939491e+11  3.786154326344526e-04  1.944448967631774e-04  1.966724799448953e-02  1.320724854040595e-02 -2.989706477843006e-01  5.823412859056066e-01 -8.961132501372751e-05 -4.614713840494063e-04 
 1.202264434617374e+11  3.710086508466486e-04  1.815431743063559e-04  1.967672880579910e-02  1.351372862273463e-02 -2.856333657490753e-01  5.839305375957072e-01 -9.202502298070421e-05 -4.702027545512714e-04 
 1.230268770812341e+11  3.633640253276454e-04  1.690870312523987e-04  1.968660733839411e-02  1.382730982012820e-02 -2.722300176168986e-01  5.852171675523222e-01 -9.445780582781349e-05 -4.790801786234719e-04 
 1.258925411794126e+11  3.556894444857761e-04  1.570721848383802e-04  1.969690084877703e-02  1.414815727337740e-02 -2.587744176459508e-01  5.861977890158689e-01 -9.690772382486924e-05 -4.881076627591766e-04 
 1.288249551693092e+11  3.479929214112139e-04  1.454940433839925e-04  1.970762744290531e-02  1.447644000369242e-02 -2.452805991409578e-01  5.868698044717645e-01 -9.937280802851496e-05 -4.972894520287836e-04 
 1.318256738556364e+11  3.402825607927280e-04  1.343476936009891e-04  1.971880612203458e-02  1.481233099995255e-02 -2.317627564484366e-01  5.872314222481001e-01 -1.018510808732630e-04 -5.066300352758994e-04 
 1.348962882591609e+11  3.325665250140283e-04  1.236278908849360e-04  1.973045683059642e-02  1.515600730729819e-02 -2.182351855151503e-01  5.872816680148857e-01 -1.043405670431486e-04 -5.161341495069164e-04 
 1.380384264602839e+11  3.248529997299291e-04  1.133290526658921e-04  1.974260050615368e-02  1.550765011707959e-02 -2.047122235359044e-01  5.870203910476435e-01 -1.068393045372563e-04 -5.258067834519939e-04 
 1.412537544622708e+11  3.171501592305326e-04  1.034452548592175e-04  1.975525913147925e-02  1.586744485818182e-02 -1.912081882308032e-01  5.864482651802979e-01 -1.093453558401045e-04 -5.356531802857007e-04 
 1.445439770745880e+11  3.094661319048855e-04  9.397023142144930e-05  1.976845578880754e-02  1.623558128975046e-02 -1.777373172977902e-01  5.855667844359044e-01 -1.118568191070019e-04 -5.456788395062874e-04 
 1.479108388168159e+11  3.018089661140280e-04  8.489737697980407e-05  1.978221471631327e-02  1.661225359534720e-02 -1.643137085835887e-01  5.843782533875949e-01 -1.143718392750341e-04 -5.558895179832860e-04 
 1.513561248436158e+11  2.941865967770430e-04  7.621975246806646e-05  1.979656136687697e-02  1.699766047856963e-02 -1.509512615051320e-01  5.828857723649219e-01 -1.168886190122875e-04 -5.662912301937025e-04 
 1.548816618912430e+11  2.866068129628082e-04  6.793009366706465e-05  1.981152246920381e-02  1.739200526017351e-02 -1.376636202344288e-01  5.810932176814068e-01 -1.194054294212387e-04 -5.768902476772653e-04 
 1.584893192461061e+11  2.790772267648775e-04  6.002082251529999e-05  1.982712609136908e-02  1.779549597674008e-02 -1.244641191330629e-01  5.790052171163564e-01 -1.219206204168416e-04 -5.876930977508099e-04 
 1.621810097358876e+11  2.716052437176437e-04  5.248406102515315e-05  1.984340170687248e-02  1.820834548093446e-02 -1.113657308887296e-01  5.766271209369037e-01 -1.244326307056375e-04 -5.987065615307776e-04 
 1.659586907437506e+11  2.641980349890854e-04  4.531164761298033e-05  1.986038026329175e-02  1.863077154340395e-02 -9.838101776618094e-02  5.739649687937862e-01 -1.269399972990626e-04 -6.099376713207895e-04 
 1.698243652461688e+11  2.568625115595072e-04  3.849515562777955e-05  1.987809425363623e-02  1.906299695636735e-02 -8.552208633956258e-02  5.710254528658699e-01 -1.294413645018829e-04 -6.213937074282201e-04 
 1.737800828749318e+11  2.496053005672923e-04  3.202591384329737e-05  1.989657779051116e-02  1.950524963894781e-02 -7.280054602336825e-02  5.678158776631770e-01 -1.319354923251805e-04 -6.330821944795296e-04 
 1.778279410038864e+11  2.424327239724181e-04  2.589502866272737e-05  1.991586668321420e-02  1.995776274430261e-02 -6.022747166620299e-02  5.643441169257990e-01 -1.344212642823679e-04 -6.450108973087277e-04 
 1.819700858609923e+11  2.353507796569739e-04  2.009340777366291e-05  1.993599851789713e-02  2.042077476860262e-02 -4.781337041630282e-02  5.606185680762494e-01 -1.368976945361352e-04 -6.571878164967165e-04 
 1.862087136662806e+11  2.283651250497759e-04  1.461178498376816e-05  1.995701274093720e-02  2.089452966191382e-02 -3.556815301143756e-02  5.566481046954843e-01 -1.393639343738517e-04 -6.696211836413570e-04 
 1.905460717963184e+11  2.214810633300421e-04  9.440745964671879e-06  1.997895074567474e-02  2.137927694103077e-02 -2.350110958949992e-02  5.524420274980520e-01 -1.418192779985646e-04 -6.823194564389480e-04 
 1.949844599757981e+11  2.147035322335315e-04  4.570754632726493e-06  2.000185596268543e-02  2.187527180430946e-02 -1.162089006078289e-02  5.480100142798892e-01 -1.442631676321942e-04 -6.952913136574388e-04 
 1.995262314968813e+11  2.080370954541372e-04 -7.820099709996713e-09  2.002577395376839e-02  2.238277524854338e-02  6.451097036537943e-05  5.433620693035366e-01 -1.466951979366520e-04 -7.085456500801796e-04 
 2.041737944669462e+11  2.014859366051124e-04 -4.304677460221959e-06  2.005075250984313e-02  2.290205418792208e-02  1.154776479730409e-02  5.385084725705405e-01 -1.491151197672660e-04 -7.220915714964345e-04 
 2.089296130853970e+11  1.950538556773523e-04 -8.329558085452827e-06  2.007684175296101e-02  2.343338157510635e-02  2.282221482597247e-02  5.334597294101433e-01 -1.515228432809585e-04 -7.359383898113516e-04 
 2.137962089502161e+11  1.887442679077864e-04 -1.209221765470125e-05  2.010409424264917e-02  2.397703652444828e-02  3.388187856527128e-02  5.282265207877785e-01 -1.539184404289832e-04 -7.500956183437075e-04 
 2.187761623949480e+11  1.825602049492381e-04 -1.560240110229949e-05  2.013256508681704e-02  2.453330443737755e-02  4.472144558337809e-02  5.228196547071131e-01 -1.563021468706116e-04 -7.645729673746747e-04 
 2.238721138568265e+11  1.765043182142817e-04 -1.886981760414541e-05  2.016231205746790e-02  2.510247712996822e-02  5.533627165341569e-02  5.172500190462491e-01 -1.586743633498989e-04 -7.793803400051939e-04 
 2.290867652767697e+11  1.705788842497935e-04 -2.190411651336996e-05  2.019339571146981e-02  2.568485296269233e-02  6.572236933964427e-02  5.115285361329954e-01 -1.610356565825274e-04 -7.945278283734527e-04 
 2.344228815319844e+11  1.647858119861048e-04 -2.471486439872759e-05  2.022587951665254e-02  2.628073697235775e-02  7.587639529775939e-02  5.056661193266747e-01 -1.633867597037020e-04 -8.100257102775644e-04 
 2.398832919019410e+11  1.591266516949012e-04 -2.731152331734297e-05  2.025982998350859e-02  2.689044100621924e-02  8.579563457998825e-02  4.996736318354809e-01 -1.657285723311640e-04 -8.258844462419837e-04 
 2.454708915684948e+11  1.536026054832063e-04 -2.970343043134183e-05  2.029531680278910e-02  2.751428385824163e-02  9.547798224760624e-02  4.935618479597068e-01 -1.680621602996160e-04 -8.421146770595529e-04 
 2.511886431509496e+11  1.482145391467931e-04 -3.189977905602322e-05  2.033241298929608e-02  2.815259140748405e-02  1.049219226004939e-01  4.873414169128673e-01 -1.703887551242597e-04 -8.587272218345235e-04 
 2.570395782768778e+11  1.429629952050276e-04 -3.390960120592968e-05  2.037119503218561e-02  2.880569675856397e-02  1.141265063357040e-01  4.810228293354417e-01 -1.727097532517777e-04 -8.757330765454753e-04 
 2.630267991895294e+11  1.378482069402320e-04 -3.574175168474234e-05  2.041174305210743e-02  2.947394038414825e-02  1.230913259451027e-01  4.746163865801989e-01 -1.750267151570187e-04 -8.931434131408977e-04 
 2.691534803926826e+11  1.328701132679450e-04 -3.740489374561843e-05  2.045414096551918e-02  3.015767026940731e-02  1.318164896563925e-01  4.681321728142557e-01 -1.773413643429269e-04 -9.109695791743481e-04 
 2.754228703338074e+11  1.280283742696724e-04 -3.890748633060086e-05  2.049847665652514e-02  3.085724205835655e-02  1.403025942126690e-01  4.615800299515273e-01 -1.796555862999851e-04 -9.292230979806319e-04 
 2.818382931264360e+11  1.233223872266164e-04 -4.025777288122489e-05  2.054484215660212e-02  3.157301920199652e-02  1.485506967735925e-01  4.549695354003384e-01 -1.819714274796740e-04 -9.479156693893998e-04 
 2.884031503126509e+11  1.187513030011577e-04 -4.146377169753216e-05  2.059333383258746e-02  3.230537310815031e-02  1.565622862067226e-01  4.483099825848584e-01 -1.842910943342953e-04 -9.670591709679648e-04 
 2.951209226666287e+11  1.143140426222793e-04 -4.253326780945156e-05  2.064405258331706e-02  3.305468329288335e-02  1.643392540210633e-01  4.416103641758236e-01 -1.866169524730123e-04 -9.866656597810155e-04 
 3.019951720401915e+11  1.100093139414148e-04 -4.347380631294767e-05  2.069710404531469e-02  3.382133753337602e-02  1.718838651768354e-01  4.348793579457935e-01 -1.889515259812313e-04 -1.006747374651270e-03 
 3.090295432513486e+11  1.058356282361039e-04 -4.429268711346946e-05  2.075259880794722e-02  3.460573202210507e-02  1.791987289863726e-01  4.281253151469182e-01 -1.912974969475411e-04 -1.027316738901945e-03 
 3.162277660168273e+11  1.017913166501478e-04 -4.499696101101793e-05  2.081065263847450e-02  3.540827152217357e-02  1.862867703012253e-01  4.213562512948261e-01 -1.936577052394071e-04 -1.048386363559224e-03 
 3.235936569296174e+11  9.787454637044633e-05 -4.559342705453533e-05  2.087138671743722e-02  3.622936952361310e-02  1.931512011604201e-01  4.145798392306810e-01 -1.960351485657628e-04 -1.069969050990677e-03 
 3.311311214825800e+11  9.408333645217989e-05 -4.608863108821589e-05  2.093492788484038e-02  3.706944840046371e-02  1.997954930546929e-01  4.078034043245389e-01 -1.984329828615867e-04 -1.092077798953729e-03 
 3.388441561391912e+11  9.041557321532512e-05 -4.648886540865364e-05  2.100140889760618e-02  3.792893956841908e-02  2.062233499416684e-01  4.010339216767042e-01 -2.008545230265619e-04 -1.114725805026893e-03 
 3.467368504525200e+11  8.686902514650179e-05 -4.680016944936657e-05  2.107096869878521e-02  3.880828364280445e-02  2.124386821276648e-01  3.942780151696539e-01 -2.033032440470252e-04 -1.137926471395371e-03 
 3.548133892335635e+11  8.344135725073564e-05 -4.702833140804795e-05  2.114375269903163e-02  3.970793059663370e-02  2.184455811132424e-01  3.875419582210356e-01 -2.057827825276523e-04 -1.161693409961901e-03 
 3.630780547700891e+11  8.013014480778648e-05 -4.717889073177514e-05  2.121991307086459e-02  4.062833991846997e-02  2.242482954819778e-01  3.808316760880633e-01 -2.082969386567299e-04 -1.186040447753268e-03 
 3.715352290971600e+11  7.693288649715810e-05 -4.725714137622384e-05  2.129960905625574e-02  4.156998076979022e-02  2.298512078953530e-01  3.741527495750958e-01 -2.108496786264576e-04 -1.210981632592657e-03 
 3.801893963205483e+11  7.384701686472208e-05 -4.726813575657256e-05  2.138300728809983e-02  4.253333214152856e-02  2.352588132411952e-01  3.675104199990692e-01 -2.134451375275037e-04 -1.236531239008041e-03 
 3.890451449942675e+11  7.086991811201439e-05 -4.721668931011167e-05  2.147028212614456e-02  4.351888300944631e-02  2.404756979688607e-01  3.609095952715738e-01 -2.160876227350450e-04 -1.262703774346922e-03 
 3.981071705534838e+11  6.799893119667724e-05 -4.710738559348277e-05  2.156161600797330e-02  4.452713248794764e-02  2.455065206313628e-01  3.543548569614783e-01 -2.187816178017257e-04 -1.289513985068064e-03 
 4.073802778040989e+11  6.523136623921764e-05 -4.694458184085432e-05  2.165719981565433e-02  4.555858998192846e-02  2.503559936429033e-01  3.478504682079648e-01 -2.215317868714115e-04 -1.316976863181202e-03 
 4.168693834703213e+11  6.256451223723584e-05 -4.673241491308737e-05  2.175723325868868e-02  4.661377533621304e-02  2.550288662497793e-01  3.414003823604236e-01 -2.243429796262483e-04 -1.345107652806203e-03 
 4.265795188015782e+11  5.999564609356193e-05 -4.647480757196925e-05  2.186192527390867e-02  4.769321898209766e-02  2.595299087033769e-01  3.350082522287300e-01 -2.272202367784009e-04 -1.373921856823587e-03 
 4.365158322401511e+11  5.752204096934925e-05 -4.617547501780624e-05  2.197149444299892e-02  4.879746208048210e-02  2.638638976158844e-01  3.286774398348373e-01 -2.301687961168932e-04 -1.403435243588855e-03 
 4.466835921509479e+11  5.514097397713830e-05 -4.583793163299278e-05  2.208616942833094e-02  4.992705666102971e-02  2.680356024723994e-01  3.224110265642200e-01 -2.331940991192204e-04 -1.433663853683487e-03 
 4.570881896148595e+11  5.284973323226070e-05 -4.546549787855092e-05  2.220618942782291e-02  5.108256575675257e-02  2.720497732672356e-01  3.162118236233951e-01 -2.363017981368274e-04 -1.464624006675944e-03 
 4.677351412871823e+11  5.064562428373899e-05 -4.506130729499677e-05  2.233180464955547e-02  5.226456353337319e-02  2.759111292273353e-01  3.100823827174142e-01 -2.394977641631310e-04 -1.496332307866338e-03 
 4.786300923226221e+11  4.852597594809600e-05 -4.462831356319571e-05  2.246327680689382e-02  5.347363541276294e-02  2.796243485817531e-01  3.040250068687871e-01 -2.427880951925041e-04 -1.528805654988725e-03 
 4.897788193684295e+11  4.648814557126145e-05 -4.416929758506960e-05  2.260087963488602e-02  5.471037818970597e-02  2.831940593330504e-01  2.980417613066804e-01 -2.461791251785114e-04 -1.562061244845165e-03 
 5.011872336272552e+11  4.452952374509491e-05 -4.368687454808549e-05  2.274489942872553e-02  5.597540014117989e-02  2.866248309841177e-01  2.921344843623804e-01 -2.496774335996721e-04 -1.596116579845754e-03 
 5.128613839913474e+11  4.264753850597967e-05 -4.318350094135807e-05  2.289563560508413e-02  5.726932112728488e-02  2.899211671722985e-01  2.863047983138682e-01 -2.532898556411227e-04 -1.630989474428788e-03 
 5.248074602497546e+11  4.083965904352188e-05 -4.266148149491406e-05  2.305340128713886e-02  5.859277268288834e-02  2.930874991616678e-01  2.805541201288896e-01 -2.570234930007283e-04 -1.666698061335030e-03 
 5.370317963702343e+11  3.910339894765508e-05 -4.212297601718527e-05  2.321852391413211e-02  5.994639809898385e-02  2.961281801438606e-01  2.748836720620842e-01 -2.608857253284429e-04 -1.703260797709724e-03 
 5.495408738576057e+11  3.743631902244170e-05 -4.157000610910064e-05  2.339134587631925e-02  6.133085249269071e-02  2.990474802978506e-01  2.692944920675464e-01 -2.648842223080190e-04 -1.740696471005529e-03 
 5.623413251903298e+11  3.583602969461675e-05 -4.100446173623527e-05  2.357222517617139e-02  6.274680286474228e-02  3.018495825595195e-01  2.637874439936255e-01 -2.690269563905132e-04 -1.779024204658877e-03 
 5.754399373371372e+11  3.430019304446892e-05 -4.042810764334105e-05  2.376153611671226e-02  6.419492814323018e-02  3.045385790526395e-01  2.583632275318048e-01 -2.733222161893967e-04 -1.818263463511515e-03 
 5.888436553555687e+11  3.282652448603396e-05 -3.984258959822854e-05  2.395967001787757e-02  6.567591921228218e-02  3.071184681339808e-01  2.530223878961634e-01 -2.777786205474503e-04 -1.858434058947972e-03 
 6.025595860743370e+11  3.141279412281218e-05 -3.924944045439940e-05  2.416703596179235e-02  6.719047892426125e-02  3.095931520065952e-01  2.477653252141893e-01 -2.824051332859927e-04 -1.899556153718579e-03 
 6.165950018614609e+11  3.005682780434508e-05 -3.865008602404393e-05  2.438406156786581e-02  6.873932209397232e-02  3.119664348568579e-01  2.425923036136202e-01 -2.872110786473244e-04 -1.941650266416365e-03 
 6.309573444801715e+11  2.875650790801705e-05 -3.804585075503083e-05  2.461119379860418e-02  7.032317547326136e-02  3.142420214725550e-01  2.375034599935267e-01 -2.922061574415793e-04 -1.984737275574625e-03 
 6.456542290346333e+11  2.750977386941168e-05 -3.743796320732978e-05  2.484889979703944e-02  7.194277770427940e-02  3.164235163011136e-01  2.324988124710498e-01 -2.974004639094163e-04 -2.028838423350340e-03 
 6.606934480075732e+11  2.631462248346404e-05 -3.682756132593564e-05  2.509766775666483e-02  7.359887924956833e-02  3.185144229089839e-01  2.275782684980738e-01 -3.028045033121690e-04 -2.073975318756716e-03 
 6.760829753919585e+11  2.516910799753126e-05 -3.621569750881325e-05  2.535800782475683e-02  7.529224229700199e-02  3.205181438051403e-01  2.227416326446725e-01 -3.084292102611611e-04 -2.120169940406112e-03 
 6.918309709189126e+11  2.407134201636525e-05 -3.560334346966520e-05  2.563045303994642e-02  7.702364063748557e-02  3.224379805936679e-01  2.179886140484330e-01 -3.142859677978897e-04 -2.167444638722381e-03 
 7.079457843841134e+11  2.301949323782804e-05 -3.499139489645419e-05  2.591556030487973e-02  7.879385951317933e-02  3.242771344224001e-01  2.133188335307534e-01 -3.203866272366518e-04 -2.215822137579240e-03 
 7.244359600749650e+11  2.201178703705331e-05 -3.438067590759482e-05  2.621391139477951e-02  8.060369543386865e-02  3.260387066965709e-01  2.087318303829528e-01 -3.267435287809332e-04 -2.265325535318678e-03 
 7.413102413008918e+11  2.104650491563490e-05 -3.377194330858051e-05  2.652611400268200e-02  8.245395595894965e-02  3.277257000284092e-01  2.042270688265354e-01 -3.333695229244621e-04 -2.315978305100623e-03 
 7.585775750291575e+11  2.012198383132346e-05 -3.316589065253888e-05  2.685280282207939e-02  8.434545944234063e-02  3.293410193955346e-01  1.998039441532409e-01 -3.402779926472505e-04 -2.367804294532093e-03 
 7.762471166286648e+11  1.923661542264221e-05 -3.256315210882406e-05  2.719464066764479e-02  8.627903473746208e-02  3.308874734828871e-01  1.954617885516083e-01 -3.474828764161670e-04 -2.420827724520908e-03 
 7.943282347242539e+11  1.838884514179643e-05 -3.196430614426783e-05  2.755231963465278e-02  8.825552085925173e-02  3.323677761847431e-01  1.911998766276928e-01 -3.549986919986035e-04 -2.475073187295616e-03 
 8.128305161640709e+11  1.757717130825299e-05 -3.136987902213084e-05  2.792656229763463e-02  9.027576659999910e-02  3.337845482451171e-01  1.870174306283249e-01 -3.628405610965709e-04 -2.530565643529812e-03 
 8.317637711026420e+11  1.680014409440991e-05 -3.078034812413328e-05  2.831812294872047e-02  9.234063009559088e-02  3.351403190165324e-01  1.829136253759090e-01 -3.710242348070884e-04 -2.587330418505198e-03 
 8.511380382023467e+11  1.605636445386221e-05 -3.019614510120445e-05  2.872778887602118e-02  9.445097833855995e-02  3.364375283187380e-01  1.788875929242280e-01 -3.795661199129658e-04 -2.645393197243879e-03 
 8.709635899560502e+11  1.534448300190213e-05 -2.961765885878656e-05  2.915638168228834e-02  9.660768663412171e-02  3.376785283804823e-01  1.749384269450775e-01 -3.884833060060079e-04 -2.704780018536202e-03 
 8.912509381337144e+11  1.466319885706834e-05 -2.904523838266264e-05  2.960475864396050e-02  9.881163799516769e-02  3.388655858488899e-01  1.710651868558036e-01 -3.977935934422728e-04 -2.765517267786238e-03 
 9.120108393558778e+11  1.401125845178215e-05 -2.847919541136104e-05  3.007381411055632e-02  1.010637224719607e-01  3.400008838523583e-01  1.672669016979765e-01 -4.075155221262314e-04 -2.827631668592464e-03 
 9.332543007969584e+11  1.338745431937711e-05 -2.791980696122612e-05  3.056448094420854e-02  1.033648364120467e-01  3.410865241041730e-01  1.635425737775113e-01 -4.176684011175136e-04 -2.891150272976652e-03 
 9.549925860214025e+11  1.279062386414165e-05 -2.736731771024044e-05  3.107773199894557e-02  1.057158816456608e-01  3.421245290352457e-01  1.598911820765527e-01 -4.282723390503168e-04 -2.956100450169140e-03 
 9.772372209557764e+11  1.221964812035214e-05 -2.682194224664568e-05  3.161458163911781e-02  1.081177645916582e-01  3.431168439455105e-01  1.563116854473881e-01 -4.393482753514805e-04 -3.022509873853792e-03 
 9.999999999999648e+11  1.167345050567428e-05 -2.628386718834118e-05  3.217608729613181e-02  1.105713952787552e-01  3.440653391645665e-01  1.528030255985461e-01 -4.509180122386515e-04 -3.090406507770881e-03 
 1.023292992280718e+12  1.115099557375213e-05 -2.575325317894529e-05  3.276335106239500e-02  1.130776862766071e-01  3.449718122131392e-01  1.493641298830867e-01 -4.630042474748378e-04 -3.159818589570998e-03 
 1.047128548050863e+12  1.065128777028639e-05 -2.523023676628956e-05  3.337752132108508e-02  1.156375515309907e-01  3.458379899578436e-01  1.459939138989026e-01 -4.756306078499304e-04 -3.230774612807872e-03 
 1.071519305237569e+12  1.017337019642299e-05 -2.471493216898316e-05  3.401979441003897e-02  1.182519050971022e-01  3.466655307525796e-01  1.426912839106265e-01 -4.888216833534293e-04 -3.303303306952686e-03 
 1.096478196143146e+12  9.716323382830030e-06 -2.420743293653756e-05  3.469141631770346e-02  1.209216597647132e-01  3.474560265606739e-01  1.394551391025009e-01 -5.026030619955708e-04 -3.377433615307162e-03 
 1.122018454301924e+12  9.279264077431723e-06 -2.370781350838260e-05  3.539368440870275e-02  1.236477255686684e-01  3.482110050526027e-01  1.362843736712932e-01 -5.170013652263087e-04 -3.453194670687387e-03 
 1.148153621496842e+12  8.861344049392519e-06 -2.321613067693764e-05  3.612794917615198e-02  1.264310081779483e-01  3.489319316747982e-01  1.331778787680649e-01 -5.320442838930551e-04 -3.530615768745075e-03 
 1.174897554939488e+12  8.461748911599089e-06 -2.273242495972622e-05  3.689561601738085e-02  1.292724071562653e-01  3.496202116856528e-01  1.301345442973032e-01 -5.477606146687311e-04 -3.609726338787848e-03 
 1.202264434617370e+12  8.079696963572449e-06 -2.225672188534417e-05  3.769814702922182e-02  1.321728140869129e-01  3.502771921553925e-01  1.271532605816240e-01 -5.641802968714265e-04 -3.690555911955020e-03 
 1.230268770812338e+12  7.714438056453969e-06 -2.178903319790864e-05  3.853706281846370e-02  1.351331105543508e-01  3.509041639270151e-01  1.242329198999494e-01 -5.813344495857887e-04 -3.773134086600641e-03 
 1.258925411794123e+12  7.365252481446239e-06 -2.132935798443162e-05  3.941394432246840e-02  1.381541659747853e-01  3.515023635359446e-01  1.213724179067462e-01 -5.992554089840862e-04 -3.857490490730998e-03 
 1.288249551693088e+12  7.031449882851269e-06 -2.087768372937847e-05  4.033043463429477e-02  1.412368352677980e-01  3.520729750864968e-01  1.185706549396067e-01 -6.179767657316848e-04 -3.943654741339585e-03 
 1.318256738556360e+12  6.712368196631855e-06 -2.043398730048860e-05  4.128824082596672e-02  1.443819563608901e-01  3.526171320836279e-01  1.158265372221394e-01 -6.375334023473560e-04 -4.031656400478870e-03 
 1.348962882591605e+12  6.407372615226622e-06 -1.999823586975558e-05  4.228913576275845e-02  1.475903475186522e-01  3.531359192188043e-01  1.131389779688306e-01 -6.579615303733878e-04 -4.121524927904960e-03 
 1.380384264602835e+12  6.115854579172668e-06 -1.957038777328525e-05  4.333495990054848e-02  1.508628044881459e-01  3.536303741091441e-01  1.105068983982364e-01 -6.792987271938072e-04 -4.213289630128790e-03 
 1.412537544622704e+12  5.837230795931466e-06 -1.915039331357712e-05  4.442762305741056e-02  1.542000974519908e-01  3.541014889892800e-01  1.079292286605652e-01 -7.015839723211336e-04 -4.306979605705626e-03 
 1.445439770745875e+12  5.570942286171564e-06 -1.873819550760288e-05  4.556910614966407e-02  1.576029677806109e-01  3.545502123556529e-01  1.054049086854214e-01 -7.248576829529008e-04 -4.402623686593937e-03 
 1.479108388168154e+12  5.316453457634837e-06 -1.833373078389124e-05  4.676146288159599e-02  1.610721245751021e-01  3.549774505631832e-01  1.029328889551946e-01 -7.491617485786914e-04 -4.500250375414790e-03 
 1.513561248436154e+12  5.073251206600367e-06 -1.793692963166676e-05  4.800682137699055e-02  1.646082409922483e-01  3.553840693744865e-01  1.005121312093053e-01 -7.745395643965922e-04 -4.599887778444413e-03 
 1.548816618912426e+12  4.840844046859846e-06 -1.754771720493461e-05  4.930738573945935e-02  1.682119503433544e-01  3.557708954619860e-01  9.814160908424435e-02 -8.010360632747808e-04 -4.701563534175396e-03 
 1.584893192461056e+12  4.618761266030478e-06 -1.716601388425317e-05  5.066543752735463e-02  1.718838419587743e-01  3.561387178634544e-01  9.582030869408587e-02 -8.286977459693820e-04 -4.805304737286385e-03 
 1.621810097358872e+12  4.406552108953775e-06 -1.679173579879122e-05  5.208333712777221e-02  1.756244568103199e-01  3.564882893916699e-01  9.354722915590016e-02 -8.575727092838292e-04 -4.911137857866342e-03 
 1.659586907437501e+12  4.203784987861189e-06 -1.642479531112699e-05  5.356352501280803e-02  1.794342828841346e-01  3.568203279990127e-01  9.132138306424610e-02 -8.877106718276945e-04 -5.019088655747708e-03 
 1.698243652461683e+12  4.010046718928924e-06 -1.606510146711306e-05  5.510852285982724e-02  1.833137502971326e-01  3.571355180979493e-01  8.914179691868725e-02 -9.191629970044262e-04 -5.129182089813246e-03 
 1.737800828749313e+12  3.824941784793863e-06 -1.571256041300236e-05  5.672093451603943e-02  1.872632261507396e-01  3.574345118384702e-01  8.700751150804706e-02 -9.519827128276700e-04 -5.241442222154394e-03 
 1.778279410038859e+12  3.648091622559543e-06 -1.536707578190846e-05  5.840344678615329e-02  1.912830091164441e-01  3.577179303436391e-01  8.491758225489476e-02 -9.862245281349559e-04 -5.355892116974769e-03 
 1.819700858609918e+12  3.479133936784852e-06 -1.502854905155581e-05  6.015883002031367e-02  1.953733237485995e-01  3.579863649045036e-01  8.287107952354075e-02 -1.021944844735650e-03 -5.472553734151312e-03 
 1.862087136662800e+12  3.317722036917879e-06 -1.469687987516403e-05  6.198993847791263e-02  1.995343145210014e-01  3.582403781356952e-01  8.086708889461139e-02 -1.059201764997326e-03 -5.591447817387862e-03 
 1.905460717963178e+12  3.163524198612644e-06 -1.437196638720387e-05  6.389971044122192e-02  2.037660395850438e-01  3.584805050931158e-01  7.890471140907097e-02 -1.098055094341301e-03 -5.712593776921878e-03 
 1.949844599757975e+12  3.016223048346676e-06 -1.405370548566122e-05  6.589116805112931e-02  2.080684642487247e-01  3.587072543551683e-01  7.698306378436433e-02 -1.138566338084273e-03 -5.836009566774996e-03 
 1.995262314968807e+12  2.875514970741912e-06 -1.374199309234876e-05  6.796741683559039e-02  2.124414541774557e-01  3.589211090690420e-01  7.510127860515976e-02 -1.180798692029022e-03 -5.961711556572429e-03 
 2.041737944669455e+12  2.741109537980149e-06 -1.343672439271397e-05  7.013164489974424e-02  2.168847683195446e-01  3.591225279636117e-01  7.325850449098970e-02 -1.224817026173359e-03 -6.089714397995101e-03 
 2.089296130853963e+12  2.612728960696329e-06 -1.313779405650489e-05  7.238712174500750e-02  2.213980515613723e-01  3.593119463305459e-01  7.145390624290156e-02 -1.270687860873313e-03 -6.220030885972447e-03 
 2.137962089502154e+12  2.490107559728215e-06 -1.284509644057268e-05  7.473719668287881e-02  2.259808271197125e-01  3.594897769752546e-01  6.968666497105507e-02 -1.318479334764364e-03 -6.352671814773016e-03 
 2.187761623949473e+12  2.372991258099228e-06 -1.255852577501233e-05  7.718529680767632e-02  2.306324886813266e-01  3.596564111393360e-01  6.795597820502638e-02 -1.368261163713891e-03 -6.487645829204826e-03 
 2.238721138568258e+12  2.261137092611679e-06 -1.227797633376873e-05  7.973492449102730e-02  2.353522923029582e-01  3.598122193961970e-01  6.626105998840760e-02 -1.420104590049459e-03 -6.624959271198225e-03 
 2.290867652767689e+12  2.154312744430501e-06 -1.200334259076527e-05  8.238965435966215e-02  2.401393480881312e-01  3.599575525215438e-01  6.460114095911922e-02 -1.474082321281824e-03 -6.764616022110843e-03 
 2.344228815319836e+12  2.052296088042217e-06 -1.173451936254645e-05  8.515312971696684e-02  2.449926116607521e-01  3.600927423404453e-01  6.297546841668536e-02 -1.530268457519249e-03 -6.906617341167379e-03 
 2.398832919019403e+12  1.954874757980348e-06 -1.147140193836319e-05  8.802905836786537e-02  2.499108754594336e-01  3.602181025526733e-01  6.138330637755381e-02 -1.588738406751743e-03 -7.050961700526701e-03 
 2.454708915684940e+12  1.861845732716215e-06 -1.121388619857050e-05  9.102120780597309e-02  2.548927598806929e-01  3.603339295380198e-01  5.982393561937559e-02 -1.649568787171042e-03 -7.197644617554948e-03 
 2.511886431509488e+12  1.773014935123335e-06 -1.096186872215176e-05  9.413339972163358e-02  2.599367043037378e-01  3.604405031432881e-01  5.829665371499516e-02 -1.712837315685497e-03 -7.346658484976102e-03 
 2.570395782768769e+12  1.688196848933743e-06 -1.071524688413077e-05  9.736950378947769e-02  2.650409580344347e-01  3.605380874526217e-01  5.680077505673392e-02 -1.778622681789511e-03 -7.497992399670846e-03 
 2.630267991895285e+12  1.607214150615789e-06 -1.047391894358379e-05  1.007334306945757e-01  2.702035712112398e-01  3.606269315428241e-01  5.533563087138683e-02 -1.847004405955988e-03 -7.651631991000002e-03 
 2.691534803926816e+12  1.529897356114915e-06 -1.023778412291626e-05  1.042291243571504e-01  2.754223857213507e-01  3.607072702252760e-01  5.390056922618549e-02 -1.918062681738466e-03 -7.807559249640429e-03 
 2.754228703338064e+12  1.456084481911567e-06 -1.000674267902550e-05  1.078605533172420e-01  2.806950261810885e-01  3.607793247760192e-01  5.249495502581761e-02 -1.991878200798529e-03 -7.965752358038050e-03 
 2.818382931264349e+12  1.385620719863597e-06 -9.780695966928720e-06  1.116317012427266e-01  2.860188910404988e-01  3.608433036555148e-01  5.111817000042755e-02 -2.068531960114915e-03 -8.126185523704641e-03 
 2.884031503126499e+12  1.318358125314179e-06 -9.559546496396594e-06  1.155465565267503e-01  2.913911438783425e-01  3.608994032195257e-01  4.976961268436103e-02 -2.148105050684859e-03 -8.288828816710482e-03 
 2.951209226666276e+12  1.254155317960361e-06 -9.343197982096063e-06  1.196091009440185e-01  2.968087049599651e-01  3.609478084224869e-01  4.844869838525535e-02 -2.230678427096771e-03 -8.453648012853783e-03 
 3.019951720401904e+12  1.192877194991675e-06 -9.131555387711096e-06  1.238232973395355e-01  3.022682431369423e-01  3.609886935146417e-01  4.715485914291768e-02 -2.316332657437845e-03 -8.620604444118040e-03 
 3.090295432513476e+12  1.134394656022873e-06 -8.924524964477741e-06  1.281930763283841e-01  3.077661681738061e-01  3.610222227341168e-01  4.588754367727890e-02 -2.405147653101637e-03 -8.789654858158918e-03 
 3.162277660168262e+12  1.078584339359618e-06 -8.722014284539077e-06  1.327223219910252e-01  3.132986235934932e-01  3.610485509949887e-01  4.464621732456000e-02 -2.497202378180389e-03 -8.960751288691155e-03 
 3.235936569296162e+12  1.025328369150850e-06 -8.523932269496946e-06  1.374148565554372e-01  3.188614801393124e-01  3.610678245722597e-01  4.343036196064278e-02 -2.592574538265822e-03 -9.133840938771329e-03 
 3.311311214825788e+12  9.745141129965682e-07 -8.330189214510440e-06  1.422744240652431e-01  3.244503299570943e-01  3.610801817845162e-01  4.223947591050019e-02 -2.691340248641211e-03 -9.308866079091612e-03 
 3.388441561391899e+12  9.260339495947405e-07 -8.140696808265676e-06  1.473046730418277e-01  3.300604816066410e-01  3.610857536748680e-01  4.107307384241349e-02 -2.793573682027504e-03 -9.485763963510797e-03 
 3.467368504525187e+12  8.797850460261459e-07 -7.955368149117849e-06  1.525091381583468e-01  3.356869560164935e-01  3.610846646905934e-01  3.993068664558773e-02 -2.899346696247336e-03 -9.664466764148529e-03 
 3.548133892335622e+12  8.356691442909136e-07 -7.774117757684463e-06  1.578912209544762e-01  3.413244835002305e-01  3.610770333617096e-01  3.881186128967432e-02 -3.008728442393318e-03 -9.844901528454257e-03 
 3.630780547700878e+12  7.935923567254775e-07 -7.596861586147851e-06  1.634541696327380e-01  3.469675019558514e-01  3.610629729784741e-01  3.771616066462351e-02 -3.121784954330528e-03 -1.002699016073039e-02 
 3.715352290971586e+12  7.534649699435295e-07 -7.423517024506049e-06  1.692010579902299e-01  3.526101563720920e-01  3.610425922675947e-01  3.664316339922205e-02 -3.238578720627112e-03 -1.021064943063607e-02 
 3.801893963205470e+12  7.152012569592832e-07 -7.254002903993256e-06  1.751347635535188e-01  3.582462997666139e-01  3.610159960666740e-01  3.559246365662529e-02 -3.359168240290060e-03 -1.039579101122033e-02 
 3.890451449942660e+12  6.787192971659489e-07 -7.088239497874474e-06  1.812579449992634e-01  3.638694956807023e-01  3.609832859961618e-01  3.456367090517147e-02 -3.483607563984053e-03 -1.058232154902750e-02 
 3.981071705534823e+12  6.439408038567433e-07 -6.926148519803944e-06  1.875730189586768e-01  3.694730223532264e-01  3.609445611278121e-01  3.355640966277119e-02 -3.611945822727158e-03 -1.077014276877966e-02 
 4.073802778040975e+12  6.107909589899614e-07 -6.767653119922803e-06  1.940821363200986e-01  3.750498786929808e-01  3.608999186483652e-01  3.257031921320044e-02 -3.744226746385551e-03 -1.095915161506731e-02 
 4.168693834703198e+12  5.791982549136001e-07 -6.612677878858884e-06  2.007871581605370e-01  3.805927921629587e-01  3.608494545168895e-01  3.160505329269327e-02 -3.880488174626516e-03 -1.114924043336651e-02 
 4.265795188015767e+12  5.490943427787137e-07 -6.461148799779717e-06  2.076896314538450e-01  3.860942286824545e-01  3.607932641139228e-01  3.066027974533272e-02 -4.020761563330509e-03 -1.134029719254564e-02 
 4.365158322401496e+12  5.204138873840657e-07 -6.312993298639705e-06  2.147907647199863e-01  3.915464046430154e-01  3.607314428802732e-01  2.973568014587916e-02 -4.165071489804229e-03 -1.153220575082408e-02 
 4.466835921509463e+12  4.930944282076350e-07 -6.168140192752775e-06  2.220914037963320e-01  3.969413011220316e-01  3.606640869430480e-01  2.883094938885275e-02 -4.313435160471652e-03 -1.172484616689734e-02 
 4.570881896148578e+12  4.670762463931717e-07 -6.026519687813809e-06  2.295920079278045e-01  4.022706803631049e-01  3.605912937262127e-01  2.794579524290688e-02 -4.465861925042604e-03 -1.191809505764527e-02 
 4.677351412871806e+12  4.423022374721502e-07 -5.888063363484802e-06  2.372926263876207e-01  4.075261045752149e-01  3.605131625427211e-01  2.707993786978827e-02 -4.622352801461929e-03 -1.211182600349268e-02 
 4.786300923226203e+12  4.187177896131333e-07 -5.752704157655433e-06  2.451928758540061e-01  4.126989570830919e-01  3.604297951650247e-01  2.623310930747988e-02 -4.782900016219055e-03 -1.230591000209335e-02 
 4.897788193684277e+12  3.962706672016874e-07 -5.620376349482516e-06  2.532919187801879e-01  4.177804658392016e-01  3.603412963705588e-01  2.540505291746332e-02 -4.947486564840359e-03 -1.250021597056148e-02 
 5.011872336272534e+12  3.749108995644945e-07 -5.491015541308289e-06  2.615884430048215e-01  4.227617292833944e-01  3.602477744586332e-01  2.459552279641549e-02 -5.116085797586767e-03 -1.269461129598035e-02 
 5.128613839913455e+12  3.545906746611811e-07 -5.364558639553970e-06  2.700806428573767e-01  4.276337445098065e-01  3.601493417350169e-01  2.380428315306759e-02 -5.288661035528859e-03 -1.288896243337994e-02 
 5.248074602497527e+12  3.352642375765329e-07 -5.240943834682089e-06  2.787662020175059e-01  4.323874376722026e-01  3.600461149604222e-01  2.303110765139983e-02 -5.465165222263119e-03 -1.308313554979928e-02 
 5.370317963702324e+12  3.168877936541857e-07 -5.120110580319036e-06  2.876422783886687e-01  4.370136965289677e-01  3.599382157590587e-01  2.227577872181618e-02 -5.645540616558337e-03 -1.327699721243938e-02 
 5.495408738576037e+12  2.994194161204934e-07 -5.001999571627645e-06  2.967054912439451e-01  4.415034049977249e-01  3.598257709834498e-01  2.153808684243583e-02 -5.829718531173705e-03 -1.347041511827921e-02 
 5.623413251903277e+12  2.828189580540661e-07 -4.886552723018657e-06  3.059519108957375e-01  4.458474795575549e-01  3.597089130317945e-01  2.081782979314245e-02 -6.017619122963332e-03 -1.366325886187664e-02 
 5.754399373371351e+12  2.670479685624030e-07 -4.773713145289178e-06  3.153770511306684e-01  4.500369073044911e-01  3.595877801143039e-01  2.011481188554349e-02 -6.209151239170905e-03 -1.385540073742036e-02 
 5.888436553555666e+12  2.520696130320981e-07 -4.663425122276117e-06  3.249758646362783e-01  4.540627854339461e-01  3.594625164651745e-01  1.942884317249755e-02 -6.404212324519244e-03 -1.404671657044854e-02 
 6.025595860743349e+12  2.378485973232655e-07 -4.555634087112266e-06  3.347427416269702e-01  4.579163618925949e-01  3.593332724971469e-01  1.875973864136113e-02 -6.602688393310377e-03 -1.423708657401784e-02 
 6.165950018614587e+12  2.243510957821229e-07 -4.450286598172838e-06  3.446715118530560e-01  4.615890769126372e-01  3.592002048959695e-01  1.810731739557435e-02 -6.804454070272196e-03 -1.442639622350485e-02 
 6.309573444801692e+12  2.115446829481064e-07 -4.347330314800236e-06  3.547554501487922e-01  4.650726051139678e-01  3.590634766525258e-01  1.747140182963980e-02 -7.009372703319599e-03 -1.461453714366612e-02 
 6.456542290346310e+12  1.993982688334833e-07 -4.246713972894517e-06  3.649872856431625e-01  4.683588978352628e-01  3.589232570308806e-01  1.685181680293604e-02 -7.217296550744944e-03 -1.480140800108496e-02 
 6.606934480075709e+12  1.878820376542669e-07 -4.148387360456800e-06  3.753592147211621e-01  4.714402253340265e-01  3.587797214710769e-01  1.624838881813962e-02 -7.428067044621131e-03 -1.498691539470721e-02 
 6.760829753919561e+12  1.769673898913466e-07 -4.052301293172001e-06  3.858629177838760e-01  4.743092184788464e-01  3.586330514261326e-01  1.566094521029423e-02 -7.641515131398722e-03 -1.517097473682794e-02 
 6.918309709189102e+12  1.666268875602345e-07 -3.958407590116020e-06  3.964895798132620e-01  4.769589095450857e-01  3.584834341333534e-01  1.508931335275478e-02 -7.857461689817208e-03 -1.535351111664647e-02 
 7.079457843841109e+12  1.568342025667758e-07 -3.866659049670929e-06  4.072299147028631e-01  4.793827717185010e-01  3.583310623207945e-01  1.453331988633875e-02 -8.075718025342519e-03 -1.553446013837118e-02 
 7.244359600749624e+12  1.475640680246951e-07 -3.777009425729180e-06  4.180741932694086e-01  4.815747569102353e-01  3.581761338504254e-01  1.399278997803094e-02 -8.296086439402713e-03 -1.571376872583434e-02 
 7.413102413008892e+12  1.387922324090612e-07 -3.689413404264951e-06  4.290122748132303e-01  4.835293314916175e-01  3.580188513003085e-01  1.346754661550466e-02 -8.518360870738031e-03 -1.589139588567947e-02 
 7.585775750291547e+12  1.304954164177883e-07 -3.603826580347016e-06  4.400336420484750e-01  4.852415095684054e-01  3.578594214888369e-01  1.295740994354087e-02 -8.742327605227522e-03 -1.606731342141116e-02 
 7.762471166286619e+12  1.226512724112739e-07 -3.520205435663022e-06  4.511274391781473e-01  4.867068834315675e-01  3.576980549448134e-01  1.246219664814399e-02 -8.967766049620723e-03 -1.624150659095332e-02 
 7.943282347242510e+12  1.152383462983553e-07 -3.438507316620017e-06  4.622825128449922e-01  4.879216508453539e-01  3.575349653278463e-01  1.198171939377246e-02 -9.194449563708381e-03 -1.641397470084219e-02 
 8.128305161640680e+12  1.082360417350587e-07 -3.358690413080078e-06  4.734874556480445e-01  4.888826388629904e-01  3.573703688041920e-01  1.151578631862545e-02 -9.422146344629177e-03 -1.658473163078278e-02 
 8.317637711026390e+12  1.016245865012706e-07 -3.280713737783500e-06  4.847306518772096e-01  4.895873238954804e-01  3.572044833837691e-01  1.106420059236248e-02 -9.650620356248271e-03 -1.675380628301170e-02 
 8.511380382023437e+12  9.538500091959282e-08 -3.204537106504863e-06  4.960003250853269e-01  4.900338477991592e-01  3.570375282245882e-01  1.062676003998721e-02 -9.879632295874560e-03 -1.692124295172612e-02 
 8.709635899560471e+12  8.949906818034820e-08 -3.130121118979689e-06  5.072845870895376e-01  4.902210297921786e-01  3.568697229112787e-01  1.020325683491153e-02 -1.010894059002218e-02 -1.708710160874422e-02 
 8.912509381337111e+12  8.394930643710037e-08 -3.057427140631470e-06  5.185714879720688e-01  4.901483740582011e-01  3.567012867147379e-01  9.793477263443956e-03 -1.033830241048055e-02 -1.725145810253995e-02 
 9.120108393558746e+12  7.871894253819336e-08 -2.986417285120497e-06  5.298490666352462e-01  4.898160729463804e-01  3.565324378401619e-01  9.397201562130657e-03 -1.056747470164635e-02 -1.741440426882864e-02 
 9.332543007969551e+12  7.379188726177317e-08 -2.917054397727568e-06  5.411054014570323e-01  4.892250057292578e-01  3.563633926708564e-01  9.014203828534845e-03 -1.079621520989787e-02 -1.757604795194723e-02 
 9.549925860213990e+12  6.915271192455056e-08 -2.849302039577158e-06  5.523286605918275e-01  4.883767329334710e-01  3.561943650152384e-01  8.644252005184783e-03 -1.102428350576034e-02 -1.773651293735715e-02 
 9.772372209557729e+12  6.478662623821441e-08 -2.783124472696314e-06  5.635071514667465e-01  4.872734863111810e-01  3.560255653643498e-01  8.287107935570867e-03 -1.125144198972222e-02 -1.789593879667467e-02 
 9.999999999999613e+12  6.067945729189829e-08 -2.718486645897480e-06  5.746293690359123e-01  4.859181545718000e-01  3.558572001670032e-01  7.942527490243122e-03 -1.147745687281294e-02 -1.805448064768476e-02 
 1.023292992280714e+13  5.681762954439655e-08 -2.655354181465734e-06  5.856840423742525e-01  4.843142650430204e-01  3.556894711293682e-01  7.610260760267749e-03 -1.170209912343753e-02 -1.821230883279925e-02 
 1.047128548050859e+13  5.318814571587119e-08 -2.593693362623755e-06  5.966601792173708e-01  4.824659614763470e-01  3.555225745454021e-01  7.290052314560452e-03 -1.192514537247330e-02 -1.836960852035937e-02 
 1.071519305237565e+13  4.977856847550732e-08 -2.533471121741295e-06  6.075471080847302e-01  4.803779782545147e-01  3.553567006640339e-01  6.981641516937926e-03 -1.214637876925700e-02 -1.852657923404075e-02 
 1.096478196143142e+13  4.657700282886790e-08 -2.474655029250032e-06  6.183345176589465e-01  4.780556112956119e-01  3.551920330984314e-01  6.684762898128271e-03 -1.236558978181341e-02 -1.868343431638020e-02 
 1.122018454301920e+13  4.357207911647092e-08 -2.417213283219710e-06  6.290124931336220e-01  4.755046859808176e-01  3.550287482820530e-01  6.399146577467013e-03 -1.258257693548167e-02 -1.884040033309640e-02 
 1.148153621496838e+13  4.075293654323301e-08 -2.361114699547214e-06  6.395715492850520e-01  4.727315224589783e-01  3.548670149754782e-01  6.124518728582972e-03 -1.279714748496760e-02 -1.899771642541217e-02 
 1.174897554939484e+13  3.810920716678657e-08 -2.306328702706977e-06  6.500026600683327e-01  4.697428987014534e-01  3.547069938272993e-01  5.860602083054732e-03 -1.300911801576843e-02 -1.915563361799689e-02 
 1.202264434617366e+13  3.563100028114380e-08 -2.252825317008695e-06  6.602972845850265e-01  4.665460116946303e-01  3.545488369915929e-01  5.607116465794325e-03 -1.321831497186425e-02 -1.931441409043290e-02 
 1.230268770812334e+13  3.330888714063322e-08 -2.200575158306908e-06  6.704473893166443e-01  4.631484371652171e-01  3.543926878037406e-01  5.363779355791260e-03 -1.342457510752722e-02 -1.947433042026633e-02 
 1.258925411794118e+13  3.113388597735089e-08 -2.149549426106388e-06  6.804454665649058e-01  4.595580882350067e-01  3.542386805156101e-01  5.130306465824928e-03 -1.362774586204901e-02 -1.963566480573633e-02 
 1.288249551693084e+13  2.909744727343239e-08 -2.099719896007552e-06  6.902845490852221e-01  4.557831733975378e-01  3.540869400903807e-01  4.906412334821756e-03 -1.382768565711090e-02 -1.979870827619037e-02 
 1.318256738556356e+13  2.719143925716597e-08 -2.051058912437200e-06  6.999582209433234e-01  4.518321541993242e-01  3.539375820565928e-01  4.691810926690155e-03 -1.402426411740467e-02 -1.996375989799599e-02 
 1.348962882591601e+13  2.540813359923655e-08 -2.003539381611687e-06  7.094606246657751e-01  4.477137029935682e-01  3.537907124203481e-01  4.486216229703114e-03 -1.421736221594184e-02 -2.013112598346042e-02 
 1.380384264602831e+13  2.374019129213812e-08 -1.957134764682046e-06  7.187864647927145e-01  4.434366611150764e-01  3.536464276339803e-01  4.289342850806232e-03 -1.440687234625267e-02 -2.030111930987984e-02 
 1.412537544622699e+13  2.218064870195840e-08 -1.911819071013616e-06  7.279310079750211e-01  4.390099978020577e-01  3.535048146189694e-01  4.100906599598541e-03 -1.459269832436482e-02 -2.047405835537303e-02 
 1.445439770745871e+13  2.072290378727615e-08 -1.867566851556189e-06  7.368900797879676e-01  4.344427701642753e-01  3.533659508403920e-01  3.920625057153950e-03 -1.477475532405780e-02 -2.065026655762261e-02 
 1.479108388168149e+13  1.936070248478778e-08 -1.824353192264530e-06  7.456600584589373e-01  4.297440844683190e-01  3.532299044297935e-01  3.748218125311695e-03 -1.495296974940846e-02 -2.083007160106398e-02 
 1.513561248436149e+13  1.808812526547938e-08 -1.782153707533240e-06  7.542378657279130e-01  4.249230589802153e-01  3.530967343530178e-01  3.583408552554023e-03 -1.512727904907157e-02 -2.101380473744276e-02 
 1.548816618912421e+13  1.689957386868375e-08 -1.740944533614230e-06  7.626209550760943e-01  4.199887885738980e-01  3.529664906192717e-01  3.425922433098031e-03 -1.529763147707846e-02 -2.120180014401842e-02 
 1.584893192461051e+13  1.578975822421707e-08 -1.700702321989465e-06  7.708072975702952e-01  4.149503112818089e-01  3.528392145274922e-01  3.275489676345746e-03 -1.546398580518591e-02 -2.139439432303653e-02 
 1.621810097358866e+13  1.475368357500449e-08 -1.661404232676027e-06  7.787953655787856e-01  4.098165769316962e-01  3.527149389459639e-01  3.131844444353305e-03 -1.562631099197088e-02 -2.159192554543984e-02 
 1.659586907437495e+13  1.378663781420685e-08 -1.623027927444870e-06  7.865841146182930e-01  4.045964179820575e-01  3.525936886210578e-01  2.994725555487284e-03 -1.578458581394860e-02 -2.179473334114574e-02 
 1.698243652461678e+13  1.288417905189723e-08 -1.585551562938864e-06  7.941729635921547e-01  3.992985226380801e-01  3.524754805109655e-01  2.863876852927070e-03 -1.593879846399725e-02 -2.200315803759749e-02 
 1.737800828749307e+13  1.204212342685212e-08 -1.548953783679706e-06  8.015617736765043e-01  3.939314103008054e-01  3.523603241403436e-01  2.739047537139581e-03 -1.608894612230947e-02 -2.221754034770578e-02 
 1.778279410038853e+13  1.125653317906955e-08 -1.513213714957029e-06  8.087508261052346e-01  3.885034093748811e-01  3.522482219718827e-01  2.619992461891481e-03 -1.623503450496581e-02 -2.243822100774206e-02 
 1.819700858609912e+13  1.052370499826519e-08 -1.478310955596588e-06  8.157407990956647e-01  3.830226374349675e-01  3.521391697909595e-01  2.506472393770305e-03 -1.637707739504653e-02 -2.266554046523171e-02 
 1.862087136662794e+13  9.840158662878937e-09 -1.444225570607522e-06  8.225327441457762e-01  3.774969837277956e-01  3.520331570996971e-01  2.398254235555799e-03 -1.651509616097296e-02 -2.289983861642873e-02 
 1.905460717963172e+13  9.202625983110280e-09 -1.410938083711590e-06  8.291280619209705e-01  3.719340939662099e-01  3.519301675169719e-01  2.295111214114760e-03 -1.664911926650742e-02 -2.314145459253281e-02 
 1.949844599757969e+13  8.608040060244540e-09 -1.378429469759796e-06  8.355284779338821e-01  3.663413573533003e-01  3.518301791811346e-01  2.196823033785108e-03 -1.677918177654787e-02 -2.339072659344240e-02 
 1.995262314968801e+13  8.053524873088044e-09 -1.346681147043997e-06  8.417360182052890e-01  3.607258957589923e-01  3.517331651524540e-01  2.103175996467734e-03 -1.690532486253825e-02 -2.364799176751741e-02 
 2.041737944669449e+13  7.536385200748209e-09 -1.315674969512940e-06  8.477529850779028e-01  3.550945549581778e-01  3.516390938125601e-01  2.013963089858031e-03 -1.702759531098541e-02 -2.391358613555712e-02 
 2.089296130853957e+13  7.054096889321570e-09 -1.285393218903690e-06  8.535819333381260e-01  3.494538978285613e-01  3.515479292584210e-01  1.928984045424280e-03 -1.714604503823410e-02 -2.418784455697808e-02 
 2.137962089502148e+13  6.604297468330478e-09 -1.255818596800632e-06  8.592256467840407e-01  3.438101993977858e-01  3.514596316886651e-01  1.848045367878659e-03 -1.726073061430971e-02 -2.447110073600322e-02 
 2.187761623949466e+13  6.184777121015513e-09 -1.226934216635114e-06  8.646871153611650e-01  3.381694436229211e-01  3.513741577803192e-01  1.770960337990825e-03 -1.737171279829846e-02 -2.476368726554318e-02 
 2.238721138568251e+13  5.793470010877380e-09 -1.198723595639465e-06  8.699695129711650e-01  3.325373217809442e-01  3.512914610543009e-01  1.697548990665937e-03 -1.747905608740255e-02 -2.506593570636095e-02 
 2.290867652767682e+13  5.428445965198601e-09 -1.171170646769469e-06  8.750761760428457e-01  3.269192323461973e-01  3.512114922282514e-01  1.627638070251805e-03 -1.758282828148547e-02 -2.537817669905984e-02 
 2.344228815319829e+13  5.087902514683172e-09 -1.144259670609569e-06  8.800105829396231e-01  3.213202822298361e-01  3.511341995555421e-01  1.561060965055817e-03 -1.768310006461516e-02 -2.570074010641466e-02 
 2.398832919019395e+13  4.770157286851394e-09 -1.117975347274990e-06  8.847763342633295e-01  3.157452892567784e-01  3.510595291495105e-01  1.497657623044837e-03 -1.777994460482148e-02 -2.603395518357947e-02 
 2.454708915684933e+13  4.473640749431473e-09 -1.092302728324767e-06  8.893771341008034e-01  3.101987857574486e-01  3.509874252922015e-01  1.437274450672971e-03 -1.787343717301183e-02 -2.637815077374123e-02 
 2.511886431509480e+13  4.196889298709465e-09 -1.067227228699289e-06  8.938167722472731e-01  3.046850231545173e-01  3.509178307270865e-01  1.379764196736096e-03 -1.796365478173593e-02 -2.673365552685030e-02 
 2.570395782768761e+13  3.938538686642352e-09 -1.042734618695430e-06  8.980991074291306e-01  2.992079774286687e-01  3.508506869354125e-01  1.324985823090879e-03 -1.805067584425912e-02 -2.710079813913768e-02 
 2.630267991895277e+13  3.697317779508733e-09 -1.018811015991766e-06  9.022280515383437e-01  2.937713553520419e-01  3.507859343960001e-01  1.272804364002554e-03 -1.813457985419291e-02 -2.747990761122446e-02 
 2.691534803926808e+13  3.472042639969996e-09 -9.954428777356517e-07  9.062075548814240e-01  2.883786013832180e-01  3.507235128284625e-01  1.223090775802397e-03 -1.821544708574224e-02 -2.787131352273616e-02 
 2.754228703338056e+13  3.261610923639137e-09 -9.726169927031788e-07  9.100415924376047e-01  2.830329051233232e-01  3.506633614199408e-01  1.175721778444739e-03 -1.829335831446057e-02 -2.827534632145295e-02 
 2.818382931264341e+13  3.064996580603553e-09 -9.503204735422238e-07  9.137341511136040e-01  2.777372092388674e-01  3.506054190355750e-01  1.130579690457013e-03 -1.836839455825657e-02 -2.869233762515037e-02 
 2.884031503126490e+13  2.881244851815330e-09 -9.285407491079564e-07  9.172892179760468e-01  2.724942177631988e-01  3.505496244130243e-01  1.087552258676124e-03 -1.844063683826755e-02 -2.912262053441499e-02 
 2.951209226666267e+13  2.709467549843612e-09 -9.072655568993329e-07  9.207107694372387e-01  2.673064046948493e-01  3.504959163414423e-01  1.046532484062492e-03 -1.851016595910583e-02 -2.956652995485035e-02 
 3.019951720401895e+13  2.548838613170128e-09 -8.864829356042258e-07  9.240027613654637e-01  2.621760228174613e-01  3.504442338253776e-01  1.007418444780579e-03 -1.857706230789220e-02 -3.002440292722113e-02 
 3.090295432513466e+13  2.398589922994291e-09 -8.661812177600011e-07  9.271691200872653e-01  2.571051126723514e-01  3.503945162341350e-01  9.701131176330424e-04 -1.864140567141520e-02 -3.049657896421467e-02 
 3.162277660168252e+13  2.258007371389885e-09 -8.463490225355220e-07  9.302137342462033e-01  2.520955116210159e-01  3.503467034371762e-01  9.345241988358825e-04 -1.870327507069476e-02 -3.098340039262761e-02 
 3.235936569296153e+13  2.126427169612884e-09 -8.269752486397513e-07  9.331404474802864e-01  2.471488629409602e-01  3.503007359261779e-01  9.005639250248969e-04 -1.876274861218193e-02 -3.148521269991087e-02 
 3.311311214825778e+13  2.003232385391211e-09 -8.080490673613366e-07  9.359530518786086e-01  2.422666249040879e-01  3.502565549243873e-01  8.681488952902538e-04 -1.881990335479278e-02 -3.200236488412720e-02 
 3.388441561391889e+13  1.887849698124067e-09 -7.895599157428389e-07  9.386552821765962e-01  2.374500797924851e-01  3.502141024839375e-01  8.371998949465900e-04 -1.887481519195140e-02 -3.253520980649123e-02 
 3.467368504525177e+13  1.779746361072321e-09 -7.714974898925559e-07  9.412508106486381e-01  2.327003428117587e-01  3.501733215717926e-01  8.076417216610856e-04 -1.892755874780432e-02 -3.308410454577224e-02 
 3.548133892335612e+13  1.678427359825217e-09 -7.538517384362255e-07  9.437432426566795e-01  2.280183708670994e-01  3.501341561449926e-01  7.794030144819166e-04 -1.897820728676472e-02 -3.364941075394368e-02 
 3.630780547700867e+13  1.583432756574653e-09 -7.366128561102984e-07  9.461361128135332e-01  2.234049711719438e-01  3.500965512158710e-01  7.524160862344582e-04 -1.902683263554814e-02 -3.423149501256145e-02 
 3.715352290971576e+13  1.494335210009567e-09 -7.197712774978855e-07  9.484328817201694e-01  2.188608096634918e-01  3.500604529079037e-01  7.266167596826839e-04 -1.907350511687193e-02 -3.483072918944358e-02 
 3.801893963205459e+13  1.410737660953527e-09 -7.033176709079622e-07  9.506369332370179e-01  2.143864192033891e-01  3.500258085028377e-01  7.019442077885478e-04 -1.911829349400627e-02 -3.544749079530973e-02 
 3.890451449942649e+13  1.332271174202078e-09 -6.872429323979452e-07  9.527515722503295e-01  2.099822075456241e-01  3.499925664797319e-01  6.783407983425307e-04 -1.916126492538525e-02 -3.608216334011548e-02 
 3.981071705534812e+13  1.258592927367825e-09 -6.715381799393047e-07  9.547800228958339e-01  2.056484650571063e-01  3.499606765465219e-01  6.557519431840239e-04 -1.920248492851051e-02 -3.673513668889039e-02 
 4.073802778040962e+13  1.189384337905432e-09 -6.561947477254959e-07  9.567254272032897e-01  2.013853721795094e-01  3.499300896646984e-01  6.341259521805852e-04 -1.924201735240780e-02 -3.740680741695197e-02 
 4.168693834703185e+13  1.124349319861701e-09 -6.412041806211339e-07  9.585908441269738e-01  1.971930066237825e-01  3.499007580676668e-01  6.134138920902327e-04 -1.927992435792617e-02 -3.809757916442994e-02 
 4.265795188015754e+13  1.063212662273347e-09 -6.265582287510311e-07  9.603792489287247e-01  1.930713502912722e-01  3.498726352733277e-01  5.935694503904833e-04 -1.931626640520130e-02 -3.880786299008757e-02 
 4.365158322401483e+13  1.005718521514185e-09 -6.122488422274269e-07  9.620935328817599e-01  1.890202959176640e-01  3.498456760913947e-01  5.745488041218053e-04 -1.935110224763723e-02 -3.953807772447628e-02 
 4.466835921509450e+13  9.516290202706861e-10 -5.982681660135198e-07  9.637365032651443e-01  1.850396534379792e-01  3.498198366259380e-01  5.563104937610126e-04 -1.938448893179438e-02 -4.028865032250302e-02 
 4.570881896148565e+13  9.007229461981661e-10 -5.846085349211805e-07  9.653108836204533e-01  1.811291560726361e-01  3.497950742736132e-01  5.388153021118765e-04 -1.941648180260554e-02 -4.106001621552960e-02 
 4.677351412871792e+13  8.527945436767816e-10 -5.712624687405677e-07  9.668193142438471e-01  1.772884661361543e-01  3.497713477180123e-01  5.220261381754468e-04 -1.944713451337564e-02 -4.185261966315618e-02 
 4.786300923226189e+13  8.076523924453492e-10 -5.582226674992028e-07  9.682643528884248e-01  1.735171805714345e-01  3.497486169205415e-01  5.059079259410484e-04 -1.947649904005455e-02 -4.266691410487379e-02 
 4.897788193684263e+13  7.651183672403938e-10 -5.454820068479476e-07  9.696484756533544e-01  1.698148362137167e-01  3.497268431082114e-01  4.904274980204827e-04 -1.950462569930533e-02 -4.350336251179462e-02 
 5.011872336272520e+13  7.250266729062905e-10 -5.330335335712215e-07  9.709740780378667e-01  1.661809147893195e-01  3.497059887586896e-01  4.755534940321758e-04 -1.953156316992263e-02 -4.436243773869471e-02 
 5.128613839913441e+13  6.872229497692989e-10 -5.208704612187187e-07  9.722434761397412e-01  1.626148476550991e-01  3.496860175829511e-01  4.612562636288597e-04 -1.955735851718727e-02 -4.524462287662165e-02 
 5.248074602497513e+13  6.515634443827314e-10 -5.089861658558300e-07  9.734589079794022e-01  1.591160202852629e-01  3.496668945058310e-01  4.475077740514279e-04 -1.958205721977339e-02 -4.615041160633900e-02 
 5.370317963702309e+13  6.179142410521068e-10 -4.973741819299284e-07  9.746225349321822e-01  1.556837765127439e-01  3.496485856447635e-01  4.342815220827928e-04 -1.960570319885351e-02 -4.708030855289150e-02 
 5.495408738576023e+13  5.861505498375076e-10 -4.860281982496482e-07  9.757364432526675e-01  1.523174225327832e-01  3.496310582869672e-01  4.215524502685812e-04 -1.962833884907485e-02 -4.803482964159050e-02 
 5.623413251903262e+13  5.561560470053749e-10 -4.749420540742925e-07  9.768026456763592e-01  1.490162306767236e-01  3.496142808653200e-01  4.092968672662086e-04 -1.965000507110687e-02 -4.901450245572619e-02 
 5.754399373371335e+13  5.278222641635837e-10 -4.641097353104810e-07  9.778230830851147e-01  1.457794429642590e-01  3.495982229331400e-01  3.974923721800581e-04 -1.967074130548451e-02 -5.001986659632461e-02 
 5.888436553555650e+13  5.010480225618759e-10 -4.535253708131827e-07  9.787996262240112e-01  1.426062744425636e-01  3.495828551380767e-01  3.861177827379700e-04 -1.969058556749687e-02 -5.105147404427172e-02 
 6.025595860743332e+13  4.757389092749045e-10 -4.431832287882852e-07  9.797340774583735e-01  1.394959163208161e-01  3.495681491952948e-01  3.751530671629375e-04 -1.970957448289159e-02 -5.210988952513495e-02 
 6.165950018614570e+13  4.518067922073146e-10 -4.330777132938939e-07  9.806281725607564e-01  1.364475389086695e-01  3.495540778601156e-01  3.645792795935388e-04 -1.972774332418816e-02 -5.319569087701445e-02 
 6.309573444801675e+13  4.291693710699763e-10 -4.232033608375804e-07  9.814835825186345e-01  1.334602943671971e-01  3.495406149002713e-01  3.543784989072237e-04 -1.974512604741205e-02 -5.430946942176185e-02 
 6.456542290346291e+13  4.077497616739036e-10 -4.135548370668480e-07  9.823019153544750e-01  1.305333192807746e-01  3.495277350679027e-01  3.445337708018601e-04 -1.976175532908027e-02 -5.545183033990443e-02 
 6.606934480075690e+13  3.874761110740688e-10 -4.041269335501341e-07  9.830847179507054e-01  1.276657370582470e-01  3.495154140714268e-01  3.350290529929233e-04 -1.977766260328658e-02 -5.662339304961674e-02 
 6.760829753919541e+13  3.682812412696079e-10 -3.949145646457097e-07  9.838334778728900e-01  1.248566601715883e-01  3.495036285473830e-01  3.258491633862133e-04 -1.979287809875019e-02 -5.782479159008048e-02 
 6.918309709189081e+13  3.501023193303620e-10 -3.859127644559065e-07  9.845496251851483e-01  1.221051922400851e-01  3.494923560323541e-01  3.169797310889661e-04 -1.980743087570684e-02 -5.905667500957561e-02 
 7.079457843841089e+13  3.328805519727048e-10 -3.771166838641513e-07  9.852345342525353e-01  1.194104299678788e-01  3.494815749350518e-01  3.084071501255713e-04 -1.982134886253488e-02 -6.031970775864458e-02 
 7.244359600749603e+13  3.165609027507027e-10 -3.685215876523495e-07  9.858895255257221e-01  1.167714649424857e-01  3.494712645086410e-01  3.001185357277483e-04 -1.983465889202173e-02 -6.161457008867304e-02 
 7.413102413008870e+13  3.010918301623510e-10 -3.601228516962238e-07  9.865158673038960e-01  1.141873853016813e-01  3.494614048233714e-01  2.921016830729553e-04 -1.984738673718773e-02 -6.294195845622827e-02 
 7.585775750291525e+13  2.864250450953597e-10 -3.519159602362771e-07  9.871147774723226e-01  1.116572772758915e-01  3.494519767395752e-01  2.843450283488708e-04 -1.985955714659501e-02 -6.430258593349716e-02 
 7.762471166286597e+13  2.725152861532246e-10 -3.438965032221146e-07  9.876874252115001e-01  1.091802266129820e-01  3.494429618810824e-01  2.768376120259971e-04 -1.987119387907919e-02 -6.569718262516448e-02 
 7.943282347242488e+13  2.593201115106249e-10 -3.360601737279156e-07  9.882349326752796e-01  1.067553198920785e-01  3.494343426090954e-01  2.695690442247451e-04 -1.988231973785037e-02 -6.712649609207319e-02 
 8.128305161640658e+13  2.467997060479544e-10 -3.284027654369250e-07  9.887583766357255e-01  1.043816457327892e-01  3.494261019965646e-01  2.625294720677245e-04 -1.989295660391827e-02 -6.859129178200464e-02 
 8.317637711026367e+13  2.349167026084410e-10 -3.209201701928810e-07  9.892587900928630e-01  1.020582959059383e-01  3.494182238030900e-01  2.557095489123003e-04 -1.990312546880380e-02 -7.009235346791985e-02 
 8.511380382023414e+13  2.236360163083788e-10 -3.136083756163757e-07  9.897371638477870e-01  9.978436635165774e-02  3.494106924503817e-01  2.491004053628787e-04 -1.991284646650618e-02 -7.163048369400045e-02 
 8.709635899560447e+13  2.129246909117522e-10 -3.064634627841920e-07  9.901944480379147e-01  9.755895811042373e-02  3.494034929982940e-01  2.426936219666771e-04 -1.992213890470069e-02 -7.320650422982873e-02 
 8.912509381337088e+13  2.027517563554872e-10 -2.994816039697341e-07  9.906315536334342e-01  9.538117817236710e-02  3.493966111214548e-01  2.364812035010052e-04 -1.993102129514794e-02 -7.482125653304486e-02 
 9.120108393558720e+13  1.930880965810564e-10 -2.926590604427237e-07  9.910493538942471e-01  9.325014024993719e-02  3.493900330864985e-01  2.304555547642822e-04 -1.993951138330029e-02 -7.647560222082142e-02 
 9.332543007969525e+13  1.839063268925311e-10 -2.859921803263903e-07  9.914486857869181e-01  9.116496547874803e-02  3.493837457299149e-01  2.246094577871082e-04 -1.994762617709567e-02 -7.817042355049625e-02 
 9.549925860213964e+13  1.751806801207936e-10 -2.794773965104485e-07  9.918303513613573e-01  8.912478305119884e-02  3.493777364365175e-01  2.189360503837020e-04 -1.995538197493299e-02 -7.990662390970119e-02 
 9.772372209557702e+13  1.668869009288097e-10 -2.731112246182085e-07  9.921951190871154e-01  8.712873078722466e-02  3.493719931185361e-01  2.134288059679193e-04 -1.996279439282696e-02 -8.168512831633068e-02 
 9.999999999999584e+13  1.590021476438949e-10 -2.668902610262153e-07  9.925437251493437e-01  8.517595564630644e-02  3.493665041953312e-01  2.080815145618170e-04 -1.996987839074320e-02 -8.350688392869283e-02 
