frequency_Hz,OUT_real,OUT_imag,E_real,E_imag,X_real,X_imag,VIN_current_real_A,VIN_current_imag_A
1,-0.0143055226257702,9.04933465470879e-10,7.15275303579807e-05,1.53565185495437e-16,0.834813385220433,1.88765671709232e-12,-2.37245895888357e-27,1.04922491911632e-15
1.02329299228075,-0.0143055226257702,9.26012073696688e-10,7.15275303579807e-05,1.57142178175774e-16,0.834813385220433,1.93162589043227e-12,-2.4842695049261e-27,1.07366450705807e-15
1.0471285480509,-0.0143055226257702,9.4758166578119e-10,7.15275303579807e-05,1.60802489719004e-16,0.834813385220433,1.97661923738741e-12,-2.60134951966039e-27,1.0986733661331e-15
1.07151930523761,-0.0143055226257702,9.69653678207615e-10,7.15275303579807e-05,1.64548060870754e-16,0.834813385220433,2.02266061402586e-12,-2.72394734549489e-27,1.1242647563695e-15
1.09647819614319,-0.0143055226257702,9.92239813849109e-10,7.15275303579807e-05,1.6838087758243e-16,0.834813385220433,2.06977443209495e-12,-2.85232302885516e-27,1.15045224666114e-15
1.12201845430196,-0.0143055226257702,1.01535204817375e-09,7.15275303579807e-05,1.72302972064184e-16,0.834813385220433,2.11798567196464e-12,-2.98674887177725e-27,1.177249721962e-15
1.14815362149688,-0.0143055226257702,1.03900263559411e-09,7.15275303579807e-05,1.76316423862426e-16,0.834813385220433,2.16731989587246e-12,-3.12751000949677e-27,1.20467139064818e-15
1.17489755493953,-0.0143055226257702,1.06320411596469e-09,7.15275303579807e-05,1.80423360962424e-16,0.834813385220433,2.21780326147695e-12,-3.27490501525901e-27,1.23273179205139e-15
1.20226443461741,-0.0143055226257702,1.08796932123072e-09,7.15275303579807e-05,1.84625960916589e-16,0.834813385220433,2.26946253572676e-12,-3.42924653363277e-27,1.26144580416789e-15
1.23026877081238,-0.0143055226257702,1.11331138223184e-09,7.15275303579807e-05,1.88926451999046e-16,0.834813385220433,2.3223251090529e-12,-3.59086194367146e-27,1.29082865154696e-15
1.25892541179417,-0.0143055226257702,1.13924373566425e-09,7.15275303579807e-05,1.9332711438709e-16,0.834813385220433,2.37641900989147e-12,-3.76009405332793e-27,1.32089591336322e-15
1.28824955169313,-0.0143055226257702,1.16578013120497e-09,7.15275303579807e-05,1.97830281370168e-16,0.834813385220433,2.43177291954471e-12,-3.9373018265961e-27,1.35166353167687e-15
1.31825673855641,-0.0143055226257702,1.19293463880218e-09,7.15275303579807e-05,2.02438340587023e-16,0.834813385220433,2.48841618738821e-12,-4.12286114492173e-27,1.38314781988639e-15
1.34896288259165,-0.0143055226257702,1.22072165613525e-09,7.15275303579807e-05,2.07153735291645e-16,0.834813385220433,2.54637884643234e-12,-4.31716560449735e-27,1.41536547137815e-15
1.38038426460288,-0.0143055226257701,1.24915591624855e-09,7.15275303579807e-05,2.11978965648723e-16,0.834813385220433,2.60569162924617e-12,-4.52062735113259e-27,1.44833356837741e-15
1.41253754462275,-0.0143055226257701,1.27825249536319e-09,7.15275303579807e-05,2.1691659005926e-16,0.834813385220433,2.66638598425222e-12,-4.73367795447065e-27,1.48206959100558e-15
1.44543977074593,-0.0143055226257701,1.30802682087054e-09,7.15275303579807e-05,2.21969226517078e-16,0.834813385220433,2.72849409240091e-12,-4.9567693234054e-27,1.51659142654841e-15
1.47910838816821,-0.0143055226257701,1.33849467951209e-09,7.15275303579807e-05,2.27139553996905e-16,0.834813385220433,2.79204888423329e-12,-5.19037466464073e-27,1.55191737894006e-15
1.51356124843621,-0.0143055226257701,1.3696722257498e-09,7.15275303579807e-05,2.32430313874809e-16,0.834813385220433,2.85708405734122e-12,-5.43498948642542e-27,1.58806617846808e-15
1.54881661891248,-0.0143055226257701,1.40157599033135e-09,7.15275303579807e-05,2.37844311381708e-16,0.834813385220433,2.92363409423434e-12,-5.69113264959255e-27,1.62505699170446e-15
1.58489319246111,-0.0143055226257701,1.43422288905503e-09,7.15275303579807e-05,2.43384417090743e-16,0.834813385220433,2.99173428062308e-12,-5.95934746813291e-27,1.66290943166802e-15
1.62181009735893,-0.0143055226257701,1.46763023173867e-09,7.15275303579807e-05,2.49053568439293e-16,0.834813385220433,3.0614207241277e-12,-6.24020286163682e-27,1.70164356822346e-15
1.65958690743756,-0.0143055226257701,1.50181573139756e-09,7.15275303579807e-05,2.54854771286444e-16,0.834813385220433,3.13273037342295e-12,-6.53429456204882e-27,1.74127993872268e-15
1.69824365246174,-0.0143055226257701,1.53679751363612e-09,7.15275303579807e-05,2.60791101506732e-16,0.834813385220433,3.20570103782877e-12,-6.84224637729506e-27,1.78183955889398e-15
1.73780082874937,-0.0143055226257701,1.57259412625832e-09,7.15275303579807e-05,2.66865706621018e-16,0.834813385220433,3.28037140735732e-12,-7.1647115144635e-27,1.82334393398484e-15
1.77827941003892,-0.0143055226257701,1.60922454910202e-09,7.15275303579807e-05,2.73081807465339e-16,0.834813385220433,3.3567810732269e-12,-7.50237396534372e-27,1.86581507016431e-15
1.81970085860998,-0.0143055226257701,1.64670820410225e-09,7.15275303579807e-05,2.79442699898643e-16,0.834813385220433,3.43497054885375e-12,-7.85594995726523e-27,1.90927548619096e-15
1.86208713666287,-0.01430552262577,1.68506496558906e-09,7.15275303579807e-05,2.85951756550295e-16,0.834813385220433,3.51498129133281e-12,-8.22618947231166e-27,1.95374822535264e-15
1.90546071796325,-0.01430552262577,1.72431517082509e-09,7.15275303579807e-05,2.92612428608288e-16,0.834813385220433,3.59685572341882e-12,-8.61387783813329e-27,1.99925686768432e-15
1.94984459975804,-0.01430552262577,1.76447963078871e-09,7.15275303579807e-05,2.99428247649114e-16,0.834813385220433,3.68063725601939e-12,-9.01983739373232e-27,2.04582554247053e-15
1.99526231496888,-0.01430552262577,1.80557964120821e-09,7.15275303579807e-05,3.06402827510244e-16,0.834813385220433,3.7663703112121e-12,-9.44492923375412e-27,2.09347894103907e-15
2.04173794466953,-0.01430552262577,1.84763699385316e-09,7.15275303579807e-05,3.13539866206241e-16,0.834813385220433,3.85410034579763e-12,-9.89005503498444e-27,2.14224232985261e-15
2.08929613085404,-0.01430552262577,1.89067398808862e-09,7.15275303579807e-05,3.20843147889491e-16,0.834813385220433,3.94387387540154e-12,-1.03561589689267e-26,2.19214156390537e-15
2.13796208950223,-0.01430552262577,1.93471344269859e-09,7.15275303579807e-05,3.28316544856613e-16,0.834813385220433,4.03573849913752e-12,-1.08442297045165e-26,2.24320310043174e-15
2.18776162394955,-0.01430552262577,1.97977870798483e-09,7.15275303579807e-05,3.35964019601602e-16,0.834813385220433,4.12974292484507e-12,-1.13553025052208e-26,2.29545401293426e-15
2.23872113856834,-0.01430552262577,2.02589367814753e-09,7.15275303579807e-05,3.43789626916792e-16,0.834813385220433,4.22593699491498e-12,-1.18904614249706e-26,2.34892200553836e-15
2.29086765276777,-0.01430552262577,2.07308280395424e-09,7.15275303579807e-05,3.51797516042768e-16,0.834813385220433,4.32437171271648e-12,-1.24508416075847e-26,2.40363542768146e-15
2.34422881531992,-0.0143055226257699,2.12137110570411e-09,7.15275303579807e-05,3.5999193286834e-16,0.834813385220433,4.42509926963989e-12,-1.30376316945618e-26,2.45962328914419e-15
2.39883291901949,-0.0143055226257699,2.17078418649389e-09,7.15275303579807e-05,3.68377222181775e-16,0.834813385220433,4.52817307276917e-12,-1.36520763463489e-26,2.51691527543179e-15
2.45470891568503,-0.0143055226257699,2.22134824579307e-09,7.15275303579807e-05,3.7695782997446e-16,0.834813385220433,4.6336477731991e-12,-1.42954788824323e-26,2.57554176351374e-15
2.51188643150958,-0.0143055226257699,2.27309009333519e-09,7.15275303579807e-05,3.85738305798224e-16,0.834813385220433,4.74157929501195e-12,-1.49692040458536e-26,2.63553383793002e-15
2.57039578276886,-0.0143055226257699,2.32603716333271e-09,7.15275303579807e-05,3.94723305177572e-16,0.834813385220433,4.85202486492923e-12,-1.56746808980123e-26,2.69692330727259e-15
2.63026799189538,-0.0143055226257699,2.38021752902296e-09,7.15275303579807e-05,4.03917592078107e-16,0.834813385220433,4.96504304265404e-12,-1.64134058498968e-26,2.75974272105068e-15
2.69153480392691,-0.0143055226257698,2.435659917553e-09,7.15275303579807e-05,4.13326041432442e-16,0.834813385220433,5.08069375192019e-12,-1.71869458361725e-26,2.82402538694898e-15
2.75422870333816,-0.0143055226257698,2.49239372521111e-09,7.15275303579807e-05,4.22953641724962e-16,0.834813385220433,5.19903831226453e-12,-1.79969416388607e-26,2.88980538848784e-15
2.81838293126445,-0.0143055226257698,2.55044903301304e-09,7.15275303579807e-05,4.32805497636777e-16,0.834813385220433,5.32013947153944e-12,-1.8845111367657e-26,2.95711760309477e-15
2.8840315031266,-0.0143055226257698,2.60985662265147e-09,7.15275303579807e-05,4.42886832752297e-16,0.834813385220433,5.44406143918253e-12,-1.97332541042721e-26,3.02599772059693e-15
2.95120922666638,-0.0143055226257697,2.67064799281676e-09,7.15275303579807e-05,4.53202992328843e-16,0.834813385220433,5.57086992026134e-12,-2.06632537185258e-26,3.09648226214438e-15
3.01995172040201,-0.0143055226257697,2.73285537589805e-09,7.15275303579807e-05,4.63759446130771e-16,0.834813385220433,5.70063215031106e-12,-2.16370828642872e-26,3.168608599574e-15
3.09029543251359,-0.0143055226257697,2.79651175507325e-09,7.15275303579807e-05,4.74561791329621e-16,0.834813385220433,5.83341693098366e-12,-2.2656807163738e-26,3.24241497522461e-15
3.16227766016837,-0.0143055226257697,2.86165088179721e-09,7.15275303579807e-05,4.85615755471801e-16,0.834813385220433,5.96929466652746e-12,-2.37245895888342e-26,3.31794052221351e-15
3.23593656929628,-0.0143055226257697,2.92830729369712e-09,7.15275303579807e-05,4.96927199515417e-16,0.834813385220433,6.10833740111641e-12,-2.48426950492593e-26,3.39522528518544e-15
3.3113112148259,-0.0143055226257696,2.99651633288487e-09,7.15275303579807e-05,5.08502120937824e-16,0.834813385220433,6.25061885704884e-12,-2.60134951966021e-26,3.47431024154468e-15
3.38844156139202,-0.0143055226257696,3.06631416469591e-09,7.15275303579807e-05,5.20346656915574e-16,0.834813385220433,6.39621447383599e-12,-2.72394734549469e-26,3.55523732318193e-15
3.46736850452531,-0.0143055226257696,3.13773779686453e-09,7.15275303579807e-05,5.32467087578422e-16,0.834813385220433,6.54520144820107e-12,-2.85232302885494e-26,3.63804943870705e-15
3.54813389233575,-0.0143055226257695,3.21082509914592e-09,7.15275303579807e-05,5.4486983933914e-16,0.834813385220433,6.69765877500998e-12,-2.98674887177701e-26,3.72279049619986e-15
3.63078054770101,-0.0143055226257695,3.28561482339517e-09,7.15275303579807e-05,5.5756148830088e-16,0.834813385220433,6.85366728915537e-12,-3.12751000949651e-26,3.8095054264907e-15
3.71535229097172,-0.0143055226257695,3.36214662411404e-09,7.15275303579807e-05,5.70548763743916e-16,0.834813385220433,7.01330970841651e-12,-3.27490501525873e-26,3.89824020698344e-15
3.8018939632056,-0.0143055226257694,3.44046107947628e-09,7.15275303579807e-05,5.83838551693594e-16,0.834813385220433,7.17667067731716e-12,-3.42924653363246e-26,3.98904188603324e-15
3.8904514499428,-0.0143055226257694,3.52059971284275e-09,7.15275303579807e-05,5.97437898571396e-16,0.834813385220433,7.34383681200538e-12,-3.59086194367112e-26,4.08195860789221e-15
3.98107170553497,-0.0143055226257694,3.60260501477761e-09,7.15275303579807e-05,6.11354014931047e-16,0.834813385220433,7.5148967461785e-12,-3.76009405332755e-26,4.1770396382362e-15
4.07380277804112,-0.0143055226257693,3.68652046557742e-09,7.15275303579807e-05,6.25594279281641e-16,0.834813385220433,7.68994117807787e-12,-3.93730182659568e-26,4.27433539028604e-15
4.16869383470335,-0.0143055226257693,3.77239055832494e-09,7.15275303579807e-05,6.40166241999829e-16,0.834813385220433,7.86906291857825e-12,-4.12286114492127e-26,4.37389745153733e-15
4.26579518801592,-0.0143055226257692,3.86026082247998e-09,7.15275303579807e-05,6.55077629333126e-16,0.834813385220433,8.05235694039741e-12,-4.31716560449685e-26,4.4757786111128e-15
4.36515832240165,-0.0143055226257692,3.95017784801969e-09,7.15275303579807e-05,6.70336347496473e-16,0.834813385220433,8.23992042845192e-12,-4.52062735113205e-26,4.58003288775181e-15
4.46683592150962,-0.0143055226257691,4.04218931014121e-09,7.15275303579807e-05,6.85950486864213e-16,0.834813385220433,8.43185283138583e-12,-4.73367795447006e-26,4.68671555845182e-15
4.57088189614874,-0.0143055226257691,4.13634399453966e-09,7.15275303579807e-05,7.01928326259716e-16,0.834813385220433,8.6282559142997e-12,-4.95676932340475e-26,4.79588318777692e-15
4.67735141287197,-0.014305522625769,4.232691823275e-09,7.15275303579807e-05,7.1827833734492e-16,0.834813385220433,8.82923381270779e-12,-5.19037466464002e-26,4.90759365784921e-15
4.78630092322637,-0.0143055226257689,4.33128388124133e-09,7.15275303579807e-05,7.35009189112123e-16,0.834813385220433,9.0348930877521e-12,-5.43498948642464e-26,5.02190619903857e-15
4.89778819368445,-0.0143055226257689,4.43217244325283e-09,7.15275303579807e-05,7.52129752480389e-16,0.834813385220433,9.24534278270248e-12,-5.69113264959169e-26,5.13888142136745e-15
5.01187233627271,-0.0143055226257688,4.53541100176047e-09,7.15275303579807e-05,7.69649104999034e-16,0.834813385220433,9.46069448077283e-12,-5.95934746813198e-26,5.25858134664707e-15
5.12861383991364,-0.0143055226257688,4.6410542952145e-09,7.15275303579807e-05,7.87576535660659e-16,0.834813385220433,9.68106236428396e-12,-6.24020286163579e-26,5.38106944136224e-15
5.24807460249771,-0.0143055226257687,4.74915833708746e-09,7.15275303579807e-05,8.05921549826298e-16,0.834813385220433,9.90656327520463e-12,-6.53429456204769e-26,5.50641065032209e-15
5.37031796370252,-0.0143055226257686,4.8597804455733e-09,7.15275303579807e-05,8.24693874265288e-16,0.834813385220433,1.01373167771027e-11,-6.84224637729383e-26,5.6346714310947e-15
5.49540873857623,-0.0143055226257685,4.97297927397817e-09,7.15275303579807e-05,8.43903462312527e-16,0.834813385220433,1.03734452185392e-11,-7.16471151446215e-26,5.76591978924378e-15
5.62341325190348,-0.0143055226257685,5.08881484181926e-09,7.15275303579807e-05,8.63560499145866e-16,0.834813385220433,1.06150737979394e-11,-7.50237396534224e-26,5.90022531438608e-15
5.75439937337156,-0.0143055226257684,5.20734856664792e-09,7.15275303579807e-05,8.83675407186425e-16,0.834813385220433,1.08623306299743e-11,-7.85594995726361e-26,6.03765921708879e-15
5.88843655355588,-0.0143055226257683,5.32864329661401e-09,7.15275303579807e-05,9.04258851624701e-16,0.834813385220433,1.11153468134892e-11,-8.22618947230988e-26,6.17829436662626e-15
6.02559586074356,-0.0143055226257682,5.4527633437889e-09,7.15275303579807e-05,9.25321746075387e-16,0.834813385220433,1.13742565010135e-11,-8.61387783813134e-26,6.32220532961631e-15
6.16595001861481,-0.0143055226257681,5.57977451826451e-09,7.15275303579807e-05,9.46875258363923e-16,0.834813385220433,1.16391969698908e-11,-9.01983739373019e-26,6.4694684095564e-15
6.30957344480192,-0.014305522625768,5.70974416304675e-09,7.15275303579807e-05,9.68930816447819e-16,0.834813385220433,1.19103086950645e-11,-9.44492923375178e-26,6.62016168728079e-15
6.45654229034654,-0.0143055226257679,5.84274118976164e-09,7.15275303579807e-05,9.91500114475909e-16,0.834813385220433,1.21877354235599e-11,-9.89005503498187e-26,6.77436506235996e-15
6.60693448007594,-0.0143055226257678,5.97883611519316e-09,7.15275303579807e-05,1.01459511898875e-15,0.834813385220433,1.24716242507006e-11,-1.03561589689239e-25,6.93216029546452e-15
6.7608297539198,-0.0143055226257677,6.1181010986722e-09,7.15275303579807e-05,1.03822807526343e-15,0.834813385220433,1.27621256981005e-11,-1.08442297045135e-25,7.09363105171573e-15
6.91830970918935,-0.0143055226257675,6.26060998033639e-09,7.15275303579807e-05,1.06241151380619e-15,0.834813385220433,1.30593937934721e-11,-1.13553025052175e-25,7.25886294504586e-15
7.07945784384136,-0.0143055226257674,6.40643832028112e-09,7.15275303579807e-05,1.08715825699624e-15,0.834813385220433,1.33635861522946e-11,-1.18904614249669e-25,7.42794358359186e-15
7.24435960074988,-0.0143055226257673,6.55566343862249e-09,7.15275303579807e-05,1.11248142588439e-15,0.834813385220433,1.3674864061383e-11,-1.24508416075806e-25,7.60096261614635e-15
7.41310241300916,-0.0143055226257671,6.70836445649348e-09,7.15275303579807e-05,1.13839444714998e-15,0.834813385220433,1.39933925644049e-11,-1.30376316945574e-25,7.77801177969055e-15
7.58577575029182,-0.014305522625767,6.864622337995e-09,7.15275303579807e-05,1.16491106021988e-15,0.834813385220433,1.43193405493889e-11,-1.3652076346344e-25,7.95918494803449e-15
7.7624711662869,-0.0143055226257668,7.02451993312413e-09,7.15275303579807e-05,1.19204532455332e-15,0.834813385220433,1.4652880838271e-11,-1.4295478882427e-25,8.14457818159015e-15
7.94328234724279,-0.0143055226257667,7.18814202170232e-09,7.15275303579807e-05,1.21981162709642e-15,0.834813385220433,1.49941902785274e-11,-1.49692040458478e-25,8.33428977830393e-15
8.12830516164097,-0.0143055226257665,7.35557535832671e-09,7.15275303579807e-05,1.24822468991033e-15,0.834813385220433,1.5343449836941e-11,-1.56746808980059e-25,8.52842032577553e-15
8.31763771102669,-0.0143055226257663,7.52690871836862e-09,7.15275303579807e-05,1.27729957797703e-15,0.834813385220433,1.57008446955526e-11,-1.64134058498898e-25,8.72707275459085e-15
8.51138038202374,-0.0143055226257661,7.70223294504343e-09,7.15275303579807e-05,1.30705170718703e-15,0.834813385220433,1.60665643498471e-11,-1.71869458361648e-25,8.93035239289711e-15
8.70963589956078,-0.0143055226257659,7.88164099757679e-09,7.15275303579807e-05,1.33749685251305e-15,0.834813385220433,1.6440802709226e-11,-1.79969416388523e-25,9.13836702224928e-15
8.91250938133743,-0.0143055226257657,8.0652280004929e-09,7.15275303579807e-05,1.36865115637413e-15,0.834813385220433,1.68237581998209e-11,-1.88451113676477e-25,9.35122693475723e-15
9.12010839355907,-0.0143055226257655,8.25309129405078e-09,7.15275303579807e-05,1.40053113719456e-15,0.834813385220433,1.72156338697022e-11,-1.97332541042619e-25,9.56904499156411e-15
9.33254300796988,-0.0143055226257653,8.44533048585533e-09,7.15275303579807e-05,1.43315369816215e-15,0.834813385220433,1.7616637496537e-11,-2.06632537185147e-25,9.7919366826868e-15
9.54992586021433,-0.0143055226257651,8.64204750367064e-09,7.15275303579807e-05,1.46653613619053e-15,0.834813385220433,1.80269816977562e-11,-2.16370828642751e-25,1.00200201882503e-14
9.77237220955808,-0.0143055226257648,8.8433466494634e-09,7.15275303579807e-05,1.50069615109022e-15,0.834813385220433,1.84468840432868e-11,-2.26568071637247e-25,1.02534164411482e-14
9.99999999999997,-0.0143055226257646,9.04933465470522e-09,7.15275303579807e-05,1.53565185495327e-15,0.834813385220433,1.88765671709104e-11,-2.37245895888195e-25,1.04922491911632e-14
10.2329299228075,-0.0143055226257643,9.26012073696306e-09,7.15275303579807e-05,1.57142178175657e-15,0.834813385220433,1.9316258904309e-11,-2.48426950492433e-25,1.07366450705807e-14
10.471285480509,-0.014305522625764,9.47581665780781e-09,7.15275303579807e-05,1.60802489718878e-15,0.834813385220433,1.97661923738594e-11,-2.60134951965845e-25,1.09867336613309e-14
10.715193052376,-0.0143055226257637,9.69653678207177e-09,7.15275303579807e-05,1.64548060870619e-15,0.834813385220433,2.02266061402429e-11,-2.72394734549276e-25,1.1242647563695e-14
10.9647819614318,-0.0143055226257634,9.92239813848641e-09,7.15275303579807e-05,1.68380877582285e-15,0.834813385220433,2.06977443209327e-11,-2.85232302885283e-25,1.15045224666114e-14
11.2201845430196,-0.0143055226257631,1.01535204817325e-08,7.15275303579807e-05,1.72302972064029e-15,0.834813385220433,2.11798567196284e-11,-2.98674887177469e-25,1.177249721962e-14
11.4815362149688,-0.0143055226257627,1.03900263559357e-08,7.15275303579807e-05,1.7631642386226e-15,0.834813385220433,2.16731989587052e-11,-3.12751000949397e-25,1.20467139064818e-14
11.7489755493953,-0.0143055226257624,1.06320411596411e-08,7.15275303579807e-05,1.80423360962246e-15,0.834813385220433,2.21780326147487e-11,-3.27490501525594e-25,1.23273179205139e-14
12.0226443461741,-0.014305522625762,1.0879693212301e-08,7.15275303579807e-05,1.84625960916399e-15,0.834813385220433,2.26946253572454e-11,-3.42924653362941e-25,1.26144580416788e-14
12.3026877081238,-0.0143055226257616,1.11331138223118e-08,7.15275303579807e-05,1.88926451998842e-15,0.834813385220433,2.32232510905052e-11,-3.59086194366777e-25,1.29082865154695e-14
12.5892541179416,-0.0143055226257612,1.13924373566354e-08,7.15275303579807e-05,1.93327114386871e-15,0.834813385220433,2.37641900988892e-11,-3.76009405332388e-25,1.32089591336321e-14
12.8824955169313,-0.0143055226257608,1.16578013120421e-08,7.15275303579807e-05,1.97830281369934e-15,0.834813385220433,2.43177291954197e-11,-3.93730182659165e-25,1.35166353167686e-14
13.182567385564,-0.0143055226257604,1.19293463880137e-08,7.15275303579807e-05,2.02438340586772e-15,0.834813385220433,2.48841618738528e-11,-4.12286114491685e-25,1.38314781988639e-14
13.4896288259165,-0.0143055226257599,1.22072165613437e-08,7.15275303579807e-05,2.07153735291376e-15,0.834813385220433,2.5463788464292e-11,-4.31716560449201e-25,1.41536547137814e-14
13.8038426460288,-0.0143055226257594,1.24915591624762e-08,7.15275303579807e-05,2.11978965648434e-15,0.834813385220433,2.6056916292428e-11,-4.52062735112674e-25,1.4483335683774e-14
14.1253754462275,-0.0143055226257589,1.27825249536219e-08,7.15275303579807e-05,2.16916590058952e-15,0.834813385220433,2.66638598424862e-11,-4.73367795446424e-25,1.48206959100557e-14
14.4543977074592,-0.0143055226257584,1.30802682086947e-08,7.15275303579807e-05,2.21969226516748e-15,0.834813385220433,2.72849409239706e-11,-4.95676932339837e-25,1.51659142654841e-14
14.791083881682,-0.0143055226257578,1.33849467951095e-08,7.15275303579807e-05,2.27139553996551e-15,0.834813385220433,2.79204888422916e-11,-5.19037466463303e-25,1.55191737894005e-14
15.135612484362,-0.0143055226257572,1.36967222574857e-08,7.15275303579807e-05,2.32430313874429e-15,0.834813385220433,2.85708405733679e-11,-5.43498948641697e-25,1.58806617846807e-14
15.4881661891248,-0.0143055226257566,1.40157599033003e-08,7.15275303579807e-05,2.37844311381301e-15,0.834813385220433,2.92363409422959e-11,-5.69113264958329e-25,1.62505699170446e-14
15.8489319246111,-0.014305522625756,1.43422288905362e-08,7.15275303579807e-05,2.43384417090307e-15,0.834813385220433,2.991734280618e-11,-5.95934746812275e-25,1.66290943166802e-14
16.2181009735892,-0.0143055226257553,1.46763023173715e-08,7.15275303579807e-05,2.49053568438826e-15,0.834813385220433,3.06142072412225e-11,-6.24020286162568e-25,1.70164356822345e-14
16.5958690743755,-0.0143055226257546,1.50181573139594e-08,7.15275303579807e-05,2.54854771285944e-15,0.834813385220433,3.13273037341711e-11,-6.53429456203662e-25,1.74127993872268e-14
16.9824365246174,-0.0143055226257539,1.53679751363438e-08,7.15275303579807e-05,2.60791101506196e-15,0.834813385220433,3.20570103782251e-11,-6.84224637728169e-25,1.78183955889397e-14
17.3780082874937,-0.0143055226257531,1.57259412625646e-08,7.15275303579807e-05,2.66865706620443e-15,0.834813385220433,3.28037140735061e-11,-7.16471151444883e-25,1.82334393398483e-14
17.7827941003892,-0.0143055226257523,1.60922454910002e-08,7.15275303579807e-05,2.73081807464723e-15,0.834813385220433,3.35678107321971e-11,-7.50237396532764e-25,1.8658150701643e-14
18.1970085860998,-0.0143055226257514,1.64670820410011e-08,7.15275303579807e-05,2.79442699897984e-15,0.834813385220433,3.43497054884605e-11,-7.8559499572476e-25,1.90927548619096e-14
18.6208713666286,-0.0143055226257505,1.68506496558677e-08,7.15275303579807e-05,2.85951756549588e-15,0.834813385220433,3.51498129132457e-11,-8.22618947229233e-25,1.95374822535263e-14
19.0546071796324,-0.0143055226257496,1.72431517082264e-08,7.15275303579807e-05,2.92612428607532e-15,0.834813385220433,3.59685572340998e-11,-8.6138778381121e-25,1.99925686768431e-14
19.4984459975804,-0.0143055226257486,1.76447963078608e-08,7.15275303579807e-05,2.99428247648303e-15,0.834813385220433,3.68063725600992e-11,-9.01983739370909e-25,2.04582554247052e-14
19.9526231496887,-0.0143055226257476,1.8055796412054e-08,7.15275303579807e-05,3.06402827509375e-15,0.834813385220433,3.76637031120196e-11,-9.44492923372866e-25,2.09347894103906e-14
20.4173794466952,-0.0143055226257465,1.84763699385015e-08,7.15275303579807e-05,3.1353986620531e-15,0.834813385220433,3.85410034578676e-11,-9.89005503495652e-25,2.1422423298526e-14
20.8929613085403,-0.0143055226257454,1.89067398808539e-08,7.15275303579807e-05,3.20843147888493e-15,0.834813385220433,3.94387387538989e-11,-1.03561589688961e-24,2.19214156390537e-14
21.3796208950222,-0.0143055226257442,1.93471344269512e-08,7.15275303579807e-05,3.28316544855544e-15,0.834813385220433,4.03573849912505e-11,-1.0844229704483e-24,2.24320310043173e-14
21.8776162394954,-0.014305522625743,1.97977870798113e-08,7.15275303579807e-05,3.35964019600456e-15,0.834813385220433,4.1297429248317e-11,-1.1355302505184e-24,2.29545401293425e-14
22.3872113856833,-0.0143055226257417,2.02589367814355e-08,7.15275303579807e-05,3.43789626915565e-15,0.834813385220433,4.22593699490065e-11,-1.18904614249302e-24,2.34892200553836e-14
22.9086765276776,-0.0143055226257404,2.07308280394998e-08,7.15275303579807e-05,3.51797516041453e-15,0.834813385220433,4.32437171270113e-11,-1.24508416075404e-24,2.40363542768146e-14
23.4422881531991,-0.014305522625739,2.12137110569955e-08,7.15275303579807e-05,3.59991932866931e-15,0.834813385220433,4.42509926962344e-11,-1.30376316945133e-24,2.45962328914419e-14
23.9883291901948,-0.0143055226257375,2.170784186489e-08,7.15275303579807e-05,3.68377222180266e-15,0.834813385220433,4.52817307275156e-11,-1.36520763462957e-24,2.51691527543179e-14
24.5470891568502,-0.014305522625736,2.22134824578783e-08,7.15275303579807e-05,3.76957829972843e-15,0.834813385220433,4.63364777318022e-11,-1.4295478882374e-24,2.57554176351373e-14
25.1188643150957,-0.0143055226257344,2.27309009332958e-08,7.15275303579807e-05,3.85738305796491e-15,0.834813385220433,4.74157929499172e-11,-1.49692040457897e-24,2.63553383793002e-14
25.7039578276885,-0.0143055226257327,2.32603716332669e-08,7.15275303579807e-05,3.94723305175715e-15,0.834813385220433,4.85202486490756e-11,-1.56746808979422e-24,2.69692330727259e-14
26.3026799189537,-0.0143055226257309,2.38021752901651e-08,7.15275303579807e-05,4.03917592076117e-15,0.834813385220433,4.96504304263082e-11,-1.641340584982e-24,2.75974272105067e-14
26.915348039269,-0.014305522625729,2.4356599175461e-08,7.15275303579807e-05,4.1332604143031e-15,0.834813385220433,5.0806937518953e-11,-1.71869458360883e-24,2.82402538694897e-14
27.5422870333815,-0.0143055226257271,2.49239372520371e-08,7.15275303579807e-05,4.22953641722677e-15,0.834813385220433,5.19903831223786e-11,-1.79969416387684e-24,2.88980538848783e-14
28.1838293126444,-0.0143055226257251,2.55044903300511e-08,7.15275303579807e-05,4.32805497634329e-15,0.834813385220433,5.32013947151086e-11,-1.88451113675557e-24,2.95711760309476e-14
28.8403150312659,-0.014305522625723,2.60985662264297e-08,7.15275303579807e-05,4.42886832749674e-15,0.834813385220433,5.44406143915191e-11,-1.97332541041611e-24,3.02599772059692e-14
29.5120922666637,-0.0143055226257207,2.67064799280766e-08,7.15275303579807e-05,4.53202992326032e-15,0.834813385220433,5.57086992022854e-11,-2.06632537184041e-24,3.09648226214437e-14
30.19951720402,-0.0143055226257184,2.7328553758883e-08,7.15275303579807e-05,4.6375944612776e-15,0.834813385220433,5.70063215027591e-11,-2.16370828641538e-24,3.16860859957399e-14
30.9029543251358,-0.0143055226257159,2.7965117550628e-08,7.15275303579807e-05,4.74561791326394e-15,0.834813385220433,5.833416930946e-11,-2.26568071635917e-24,3.2424149752246e-14
31.6227766016837,-0.0143055226257134,2.86165088178601e-08,7.15275303579807e-05,4.85615755468344e-15,0.834813385220433,5.96929466648711e-11,-2.37245895886737e-24,3.31794052221351e-14
32.3593656929627,-0.0143055226257107,2.92830729368512e-08,7.15275303579807e-05,4.96927199511712e-15,0.834813385220434,6.10833740107317e-11,-2.48426950490834e-24,3.39522528518543e-14
33.113112148259,-0.0143055226257079,2.99651633287202e-08,7.15275303579807e-05,5.08502120933855e-15,0.834813385220434,6.25061885700251e-11,-2.60134951964092e-24,3.47431024154467e-14
33.8844156139201,-0.014305522625705,3.06631416468214e-08,7.15275303579807e-05,5.20346656911321e-15,0.834813385220434,6.39621447378634e-11,-2.72394734547354e-24,3.55523732318192e-14
34.673685045253,-0.0143055226257019,3.13773779684977e-08,7.15275303579807e-05,5.32467087573865e-15,0.834813385220434,6.54520144814788e-11,-2.85232302883176e-24,3.63804943870704e-14
35.4813389233574,-0.0143055226256987,3.21082509913011e-08,7.15275303579807e-05,5.44869839334257e-15,0.834813385220434,6.69765877495298e-11,-2.98674887175158e-24,3.72279049619985e-14
36.30780547701,-0.0143055226256953,3.28561482337823e-08,7.15275303579807e-05,5.57561488295648e-15,0.834813385220434,6.85366728909431e-11,-3.12751000946863e-24,3.8095054264907e-14
37.1535229097171,-0.0143055226256917,3.36214662409588e-08,7.15275303579807e-05,5.7054876373831e-15,0.834813385220434,7.01330970835107e-11,-3.27490501522816e-24,3.89824020698344e-14
38.0189396320559,-0.014305522625688,3.44046107945683e-08,7.15275303579807e-05,5.83838551687586e-15,0.834813385220434,7.17667067724704e-11,-3.42924653359894e-24,3.98904188603322e-14
38.9045144994279,-0.0143055226256842,3.5205997128219e-08,7.15275303579807e-05,5.9743789856496e-15,0.834813385220434,7.34383681193026e-11,-3.59086194363438e-24,4.0819586078922e-14
39.8107170553495,-0.0143055226256801,3.60260501475528e-08,7.15275303579808e-05,6.1135401492415e-15,0.834813385220434,7.51489674609801e-11,-3.76009405328727e-24,4.17703963823619e-14
40.7380277804111,-0.0143055226256759,3.68652046555349e-08,7.15275303579808e-05,6.2559427927425e-15,0.834813385220434,7.68994117799161e-11,-3.93730182655151e-24,4.27433539028603e-14
41.6869383470333,-0.0143055226256714,3.7723905582993e-08,7.15275303579808e-05,6.40166241991909e-15,0.834813385220434,7.86906291848582e-11,-4.12286114487283e-24,4.37389745153732e-14
42.6579518801591,-0.0143055226256668,3.86026082245251e-08,7.15275303579808e-05,6.5507762932464e-15,0.834813385220434,8.05235694029838e-11,-4.31716560444374e-24,4.47577861111279e-14
43.6515832240164,-0.0143055226256619,3.95017784799026e-08,7.15275303579808e-05,6.7033634748738e-15,0.834813385220434,8.2399204283458e-11,-4.52062735107382e-24,4.5800328877518e-14
44.6683592150961,-0.0143055226256568,4.04218931010966e-08,7.15275303579808e-05,6.8595048685447e-15,0.834813385220434,8.43185283127211e-11,-4.73367795440621e-24,4.68671555845181e-14
45.7088189614873,-0.0143055226256514,4.13634399450586e-08,7.15275303579808e-05,7.01928326249277e-15,0.834813385220434,8.62825591417786e-11,-4.95676932333474e-24,4.79588318777691e-14
46.7735141287196,-0.0143055226256458,4.23269182323878e-08,7.15275303579808e-05,7.18278337333735e-15,0.834813385220434,8.82923381257724e-11,-5.19037466456326e-24,4.9075936578492e-14
47.8630092322636,-0.01430552262564,4.33128388120253e-08,7.15275303579808e-05,7.35009189100138e-15,0.834813385220434,9.03489308761222e-11,-5.43498948634048e-24,5.02190619903856e-14
48.9778819368444,-0.0143055226256338,4.43217244321125e-08,7.15275303579808e-05,7.52129752467547e-15,0.834813385220434,9.2453427825526e-11,-5.69113264949941e-24,5.13888142136743e-14
50.118723362727,-0.0143055226256274,4.53541100171591e-08,7.15275303579808e-05,7.69649104985273e-15,0.834813385220434,9.46069448061222e-11,-5.95934746803079e-24,5.25858134664706e-14
51.2861383991362,-0.0143055226256207,4.64105429516676e-08,7.15275303579808e-05,7.87576535645914e-15,0.834813385220434,9.68106236411187e-11,-6.24020286152484e-24,5.38106944136222e-14
52.480746024977,-0.0143055226256136,4.74915833703632e-08,7.15275303579808e-05,8.05921549810499e-15,0.834813385220434,9.90656327502024e-11,-6.53429456192605e-24,5.50641065032208e-14
53.703179637025,-0.0143055226256062,4.85978044551849e-08,7.15275303579808e-05,8.2469387424836e-15,0.834813385220434,1.01373167769051e-10,-6.84224637716045e-24,5.63467143109469e-14
54.9540873857622,-0.0143055226255985,4.97297927391944e-08,7.15275303579808e-05,8.43903462294388e-15,0.834813385220434,1.03734452183275e-10,-7.16471151431591e-24,5.76591978924377e-14
56.2341325190346,-0.0143055226255904,5.08881484175634e-08,7.15275303579808e-05,8.63560499126429e-15,0.834813385220434,1.06150737977125e-10,-7.50237396518189e-24,5.90022531438607e-14
57.5439937337154,-0.0143055226255819,5.20734856658049e-08,7.15275303579808e-05,8.83675407165598e-15,0.834813385220434,1.08623306297312e-10,-7.85594995708779e-24,6.03765921708878e-14
58.8843655355586,-0.0143055226255731,5.32864329654176e-08,7.15275303579808e-05,9.04258851602384e-15,0.834813385220434,1.11153468132287e-10,-8.2261894721171e-24,6.17829436662625e-14
60.2559586074355,-0.0143055226255638,5.45276334371148e-08,7.15275303579808e-05,9.25321746051475e-15,0.834813385220434,1.13742565007345e-10,-8.61387783791997e-24,6.3222053296163e-14
61.6595001861479,-0.0143055226255541,5.57977451818156e-08,7.15275303579808e-05,9.46875258338301e-15,0.834813385220434,1.16391969695918e-10,-9.01983739349842e-24,6.4694684095564e-14
63.095734448019,-0.0143055226255439,5.70974416295787e-08,7.15275303579808e-05,9.68930816420364e-15,0.834813385220434,1.19103086947441e-10,-9.44492923349765e-24,6.62016168728077e-14
64.5654229034652,-0.0143055226255332,5.8427411896664e-08,7.15275303579808e-05,9.91500114446492e-15,0.834813385220434,1.21877354232166e-10,-9.89005503470324e-24,6.77436506235995e-14
66.0693448007593,-0.014305522625522,5.97883611509111e-08,7.15275303579808e-05,1.01459511895723e-14,0.834813385220434,1.24716242503327e-10,-1.03561589686184e-23,6.93216029546451e-14
67.6082975391978,-0.0143055226255103,6.11810109856285e-08,7.15275303579808e-05,1.03822807522965e-14,0.834813385220434,1.27621256977063e-10,-1.08442297041785e-23,7.09363105171572e-14
69.1830970918933,-0.0143055226254981,6.26060998021922e-08,7.15275303579808e-05,1.06241151376999e-14,0.834813385220434,1.30593937930497e-10,-1.13553025048501e-23,7.25886294504585e-14
70.7945784384134,-0.0143055226254852,6.40643832015557e-08,7.15275303579808e-05,1.08715825695746e-14,0.834813385220434,1.3363586151842e-10,-1.18904614245641e-23,7.42794358359185e-14
72.4435960074986,-0.0143055226254718,6.55566343848797e-08,7.15275303579808e-05,1.11248142584284e-14,0.834813385220434,1.3674864060898e-10,-1.2450841607139e-23,7.60096261614634e-14
74.1310241300914,-0.0143055226254577,6.70836445634934e-08,7.15275303579808e-05,1.13839444710546e-14,0.834813385220434,1.39933925638852e-10,-1.30376316940732e-23,7.77801177969053e-14
75.857757502918,-0.014305522625443,6.86462233784055e-08,7.15275303579808e-05,1.16491106017217e-14,0.834813385220434,1.43193405488321e-10,-1.36520763458131e-23,7.95918494803448e-14
77.6247116628688,-0.0143055226254276,7.02451993295864e-08,7.15275303579808e-05,1.1920453245022e-14,0.834813385220435,1.46528808376744e-10,-1.42954788818449e-23,8.14457818159014e-14
79.4328234724277,-0.0143055226254114,7.18814202152498e-08,7.15275303579808e-05,1.21981162704165e-14,0.834813385220435,1.49941902778881e-10,-1.49692040452095e-23,8.33428977830392e-14
81.2830516164095,-0.0143055226253945,7.3555753581367e-08,7.15275303579808e-05,1.24822468985164e-14,0.834813385220435,1.53434498362559e-10,-1.5674680897306e-23,8.52842032577552e-14
83.1763771102667,-0.0143055226253768,7.52690871816502e-08,7.15275303579808e-05,1.27729957791414e-14,0.834813385220435,1.57008446948186e-10,-1.64134058491224e-23,8.72707275459084e-14
85.1138038202372,-0.0143055226253583,7.70223294482527e-08,7.15275303579808e-05,1.30705170711964e-14,0.834813385220435,1.60665643490606e-10,-1.71869458353234e-23,8.9303523928971e-14
87.0963589956076,-0.0143055226253389,7.88164099734303e-08,7.15275303579808e-05,1.33749685244084e-14,0.834813385220435,1.64408027083832e-10,-1.79969416379297e-23,9.13836702224927e-14
89.1250938133741,-0.0143055226253185,8.06522800024242e-08,7.15275303579808e-05,1.36865115629676e-14,0.834813385220435,1.68237581989179e-10,-1.88451113666361e-23,9.35122693475722e-14
91.2010839355905,-0.0143055226252973,8.25309129378239e-08,7.15275303579809e-05,1.40053113711166e-14,0.834813385220435,1.72156338687346e-10,-1.97332541031528e-23,9.5690449915641e-14
93.3254300796986,-0.014305522625275,8.44533048556775e-08,7.15275303579809e-05,1.43315369807331e-14,0.834813385220435,1.76166374955002e-10,-2.06632537172985e-23,9.7919366826868e-14
95.4992586021431,-0.0143055226252516,8.64204750336249e-08,7.15275303579809e-05,1.46653613609534e-14,0.834813385220435,1.80269816966452e-10,-2.16370828629415e-23,1.00200201882502e-13
97.7237220955805,-0.0143055226252272,8.84334664913321e-08,7.15275303579809e-05,1.50069615098822e-14,0.834813385220435,1.84468840420963e-10,-2.26568071622625e-23,1.02534164411482e-13
99.9999999999995,-0.0143055226252016,9.04933465435142e-08,7.15275303579809e-05,1.53565185484398e-14,0.834813385220435,1.88765671696349e-10,-2.37245895872163e-23,1.04922491911632e-13
102.329299228075,-0.0143055226251748,9.26012073658396e-08,7.15275303579809e-05,1.57142178163946e-14,0.834813385220435,1.93162589029422e-10,-2.48426950474854e-23,1.07366450705807e-13
104.712854805089,-0.0143055226251467,9.47581665740159e-08,7.15275303579809e-05,1.6080248970633e-14,0.834813385220436,1.97661923723949e-10,-2.6013495194657e-23,1.09867336613309e-13
107.15193052376,-0.0143055226251173,9.6965367816365e-08,7.15275303579809e-05,1.64548060857174e-14,0.834813385220436,2.02266061386736e-10,-2.72394734528142e-23,1.1242647563695e-13
109.647819614318,-0.0143055226250866,9.92239813802e-08,7.15275303579809e-05,1.68380877567878e-14,0.834813385220436,2.06977443192511e-10,-2.8523230286211e-23,1.15045224666114e-13
112.201845430196,-0.0143055226250543,1.01535204812327e-07,7.15275303579809e-05,1.72302972048591e-14,0.834813385220436,2.11798567178266e-10,-2.9867488715206e-23,1.17724972196199e-13
114.815362149688,-0.0143055226250206,1.03900263554002e-07,7.15275303579809e-05,1.76316423845718e-14,0.834813385220436,2.16731989567746e-10,-3.12751000921536e-23,1.20467139064818e-13
117.489755493952,-0.0143055226249853,1.06320411590673e-07,7.1527530357981e-05,1.80423360944521e-14,0.834813385220436,2.217803261268e-10,-3.27490501495045e-23,1.23273179205139e-13
120.226443461741,-0.0143055226249483,1.08796932116862e-07,7.1527530357981e-05,1.84625960897406e-14,0.834813385220436,2.26946253550287e-10,-3.42924653329445e-23,1.26144580416788e-13
123.026877081237,-0.0143055226249095,1.1133113821653e-07,7.1527530357981e-05,1.88926451978491e-14,0.834813385220436,2.322325108813e-10,-3.5908619433005e-23,1.29082865154695e-13
125.892541179416,-0.014305522624869,1.13924373559295e-07,7.1527530357981e-05,1.93327114365065e-14,0.834813385220437,2.37641900963441e-10,-3.76009405292117e-23,1.32089591336321e-13
128.824955169313,-0.0143055226248265,1.16578013112857e-07,7.1527530357981e-05,1.97830281346569e-14,0.834813385220437,2.43177291926927e-10,-3.9373018261501e-23,1.35166353167686e-13
131.82567385564,-0.014305522624782,1.19293463872032e-07,7.1527530357981e-05,2.02438340561735e-14,0.834813385220437,2.48841618709307e-10,-4.1228611444327e-23,1.38314781988639e-13
134.896288259164,-0.0143055226247354,1.22072165604753e-07,7.1527530357981e-05,2.07153735264549e-14,0.834813385220437,2.5463788461161e-10,-4.31716560396115e-23,1.41536547137815e-13
138.038426460288,-0.0143055226246867,1.24915591615456e-07,7.15275303579811e-05,2.11978965619688e-14,0.834813385220437,2.6056916289073e-10,-4.52062735054466e-23,1.4483335683774e-13
141.253754462275,-0.0143055226246356,1.27825249526248e-07,7.15275303579811e-05,2.1691659002815e-14,0.834813385220437,2.66638598388912e-10,-4.733677953826e-23,1.48206959100558e-13
144.543977074592,-0.0143055226245821,1.30802682076262e-07,7.15275303579811e-05,2.21969226483743e-14,0.834813385220438,2.72849409201185e-10,-4.95676932269856e-23,1.51659142654841e-13
147.91083881682,-0.0143055226245261,1.33849467939646e-07,7.15275303579811e-05,2.27139553961186e-14,0.834813385220438,2.7920488838164e-10,-5.1903746638657e-23,1.55191737894006e-13
151.35612484362,-0.0143055226244675,1.3696722256259e-07,7.15275303579811e-05,2.32430313836535e-14,0.834813385220438,2.85708405689452e-10,-5.43498948557562e-23,1.58806617846808e-13
154.881661891247,-0.0143055226244061,1.40157599019859e-07,7.15275303579811e-05,2.37844311340696e-14,0.834813385220438,2.92363409375568e-10,-5.69113264866076e-23,1.62505699170446e-13
158.48931924611,-0.0143055226243418,1.43422288891277e-07,7.15275303579812e-05,2.43384417046799e-14,0.834813385220438,2.9917342801102e-10,-5.95934746711123e-23,1.66290943166802e-13
162.181009735892,-0.0143055226242745,1.46763023158624e-07,7.15275303579812e-05,2.49053568392206e-14,0.834813385220439,3.06142072357814e-10,-6.24020286051657e-23,1.70164356822346e-13
165.958690743755,-0.014305522624204,1.50181573123422e-07,7.15275303579812e-05,2.54854771235989e-14,0.834813385220439,3.13273037283408e-10,-6.5342945608205e-23,1.74127993872268e-13
169.824365246173,-0.0143055226241302,1.5367975134611e-07,7.15275303579812e-05,2.60791101452669e-14,0.834813385220439,3.20570103719778e-10,-6.84224637594824e-23,1.78183955889398e-13
173.780082874937,-0.0143055226240529,1.57259412607079e-07,7.15275303579812e-05,2.66865706563087e-14,0.834813385220439,3.2803714066812e-10,-7.16471151298673e-23,1.82334393398484e-13
177.827941003891,-0.014305522623972,1.60922454890107e-07,7.15275303579813e-05,2.73081807403266e-14,0.83481338522044,3.35678107250243e-10,-7.50237396372448e-23,1.86581507016431e-13
181.970085860997,-0.0143055226238872,1.64670820388694e-07,7.15275303579813e-05,2.7944269983213e-14,0.83481338522044,3.43497054807746e-10,-7.85594995548978e-23,1.90927548619097e-13
186.208713666285,-0.0143055226237985,1.68506496535834e-07,7.15275303579813e-05,2.85951756479025e-14,0.83481338522044,3.51498129050101e-10,-8.22618947036491e-23,1.95374822535264e-13
190.546071796324,-0.0143055226237055,1.72431517057788e-07,7.15275303579814e-05,2.92612428531923e-14,0.834813385220441,3.59685572252753e-10,-8.61387783599874e-23,1.99925686768432e-13
194.984459975803,-0.0143055226236082,1.76447963052381e-07,7.15275303579814e-05,2.99428247567286e-14,0.834813385220441,3.68063725506436e-10,-9.01983739139183e-23,2.04582554247054e-13
199.526231496887,-0.0143055226235064,1.80557964092438e-07,7.15275303579814e-05,3.06402827422564e-14,0.834813385220441,3.76637031018877e-10,-9.44492923118783e-23,2.09347894103907e-13
204.173794466952,-0.0143055226233997,1.84763699354902e-07,7.15275303579815e-05,3.1353986611229e-14,0.834813385220442,3.8541003447011e-10,-9.89005503217056e-23,2.14224232985262e-13
208.929613085403,-0.0143055226232879,1.89067398776273e-07,7.15275303579815e-05,3.20843147788821e-14,0.834813385220442,3.94387387422659e-10,-1.03561589658414e-22,2.19214156390538e-13
213.796208950222,-0.0143055226231709,1.93471344234939e-07,7.15275303579815e-05,3.28316544748743e-14,0.834813385220443,4.03573849787855e-10,-1.08442297011335e-22,2.24320310043175e-13
218.776162394954,-0.0143055226230484,1.97977870761067e-07,7.15275303579816e-05,3.35964019486017e-14,0.834813385220443,4.12974292349606e-10,-1.13553025015114e-22,2.29545401293427e-13
223.872113856832,-0.0143055226229202,2.0258936777466e-07,7.15275303579816e-05,3.43789626792941e-14,0.834813385220444,4.22593699346949e-10,-1.18904614209033e-22,2.34892200553838e-13
229.086765276776,-0.0143055226227858,2.07308280352464e-07,7.15275303579816e-05,3.5179751591006e-14,0.834813385220444,4.32437171116761e-10,-1.2450841603125e-22,2.40363542768148e-13
234.422881531991,-0.0143055226226452,2.12137110524378e-07,7.15275303579817e-05,3.5999193272614e-14,0.834813385220445,4.42509926798025e-10,-1.30376316896719e-22,2.45962328914421e-13
239.883291901947,-0.0143055226224979,2.17078418600064e-07,7.15275303579817e-05,3.68377222029406e-14,0.834813385220445,4.52817307099084e-10,-1.36520763409872e-22,2.51691527543181e-13
245.470891568501,-0.0143055226223437,2.22134824526455e-07,7.15275303579818e-05,3.76957829811193e-14,0.834813385220446,4.63364777129358e-10,-1.42954788765534e-22,2.57554176351376e-13
251.188643150956,-0.0143055226221822,2.27309009276887e-07,7.15275303579818e-05,3.85738305623281e-14,0.834813385220446,4.74157929297014e-10,-1.49692040394075e-22,2.63553383793005e-13
257.039578276885,-0.0143055226220131,2.32603716272588e-07,7.15275303579819e-05,3.94723304990118e-14,0.834813385220447,4.85202486274141e-10,-1.56746808909443e-22,2.69692330727262e-13
263.026799189536,-0.014305522621836,2.38021752837273e-07,7.15275303579819e-05,4.03917591877245e-14,0.834813385220447,4.96504304030975e-10,-1.64134058421469e-22,2.75974272105071e-13
269.15348039269,-0.0143055226216506,2.43565991685628e-07,7.1527530357982e-05,4.13326041217215e-14,0.834813385220448,5.08069374940823e-10,-1.71869458276749e-22,2.82402538694902e-13
275.422870333815,-0.0143055226214565,2.49239372446455e-07,7.15275303579821e-05,4.22953641494342e-14,0.834813385220449,5.19903830957292e-10,-1.79969416295433e-22,2.88980538848788e-13
281.838293126443,-0.0143055226212532,2.55044903221309e-07,7.15275303579821e-05,4.32805497389663e-14,0.83481338522045,5.32013946865532e-10,-1.88451113574406e-22,2.95711760309481e-13
288.403150312659,-0.0143055226210403,2.60985662179431e-07,7.15275303579822e-05,4.4288683248751e-14,0.83481338522045,5.44406143609214e-10,-1.97332540930701e-22,3.02599772059698e-13
295.120922666636,-0.0143055226208174,2.6706479918983e-07,7.15275303579822e-05,4.53202992045119e-14,0.834813385220451,5.57086991694994e-10,-2.06632537062431e-22,3.09648226214443e-13
301.9951720402,-0.0143055226205839,2.7328553749139e-07,7.15275303579823e-05,4.63759445826755e-14,0.834813385220452,5.70063214676282e-10,-2.16370828508195e-22,3.16860859957405e-13
309.029543251357,-0.0143055226203395,2.79651175401872e-07,7.15275303579824e-05,4.74561791003862e-14,0.834813385220453,5.83341692718166e-10,-2.2656807148971e-22,3.24241497522466e-13
316.227766016836,-0.0143055226200836,2.86165088066725e-07,7.15275303579825e-05,4.85615755122744e-14,0.834813385220454,5.96929466245355e-10,-2.37245895726424e-22,3.31794052221358e-13
323.593656929626,-0.0143055226198156,2.92830729248635e-07,7.15275303579826e-05,4.96927199141396e-14,0.834813385220455,6.10833739675114e-10,-2.48426950315054e-22,3.39522528518551e-13
331.131121482589,-0.0143055226195349,2.99651633158752e-07,7.15275303579826e-05,5.08502120537053e-14,0.834813385220456,6.25061885237136e-10,-2.60134951771353e-22,3.47431024154476e-13
338.8441561392,-0.0143055226192411,3.06631416330577e-07,7.15275303579827e-05,5.20346656486141e-14,0.834813385220457,6.39621446882399e-10,-2.7239473433602e-22,3.55523732318201e-13
346.736850452529,-0.0143055226189334,3.13773779537496e-07,7.15275303579828e-05,5.32467087118277e-14,0.834813385220458,6.54520144283062e-10,-2.85232302651453e-22,3.63804943870714e-13
354.813389233573,-0.0143055226186112,3.21082509754982e-07,7.15275303579829e-05,5.44869838846085e-14,0.834813385220459,6.69765876925543e-10,-2.98674886921079e-22,3.72279049619995e-13
363.078054770099,-0.0143055226182738,3.28561482168492e-07,7.1527530357983e-05,5.57561487772562e-14,0.83481338522046,6.85366728298927e-10,-3.12751000668271e-22,3.80950542649081e-13
371.53522909717,-0.0143055226179205,3.36214662228147e-07,7.15275303579831e-05,5.70548763177813e-14,0.834813385220462,7.0133097018094e-10,-3.27490501217346e-22,3.89824020698355e-13
380.189396320558,-0.0143055226175505,3.44046107751265e-07,7.15275303579833e-05,5.83838551087004e-14,0.834813385220463,7.17667067023752e-10,-3.42924653024953e-22,3.98904188603335e-13
389.045144994278,-0.0143055226171631,3.52059971073868e-07,7.15275303579834e-05,5.97437897921424e-14,0.834813385220464,7.34383680441942e-10,-3.59086193996182e-22,4.08195860789234e-13
398.107170553494,-0.0143055226167575,3.60260501252306e-07,7.15275303579835e-05,6.11354014234589e-14,0.834813385220466,7.51489673805001e-10,-3.76009404926039e-22,4.17703963823634e-13
407.38027780411,-0.0143055226163327,3.68652046316163e-07,7.15275303579836e-05,6.25594278535373e-14,0.834813385220467,7.68994116936803e-10,-3.93730182213613e-22,4.27433539028619e-13
416.869383470332,-0.014305522615888,3.77239055573638e-07,7.15275303579838e-05,6.40166241200188e-14,0.834813385220469,7.86906290924549e-10,-4.12286114003147e-22,4.37389745153749e-13
426.579518801589,-0.0143055226154222,3.86026081970629e-07,7.15275303579839e-05,6.55077628476295e-14,0.834813385220471,8.05235693039718e-10,-4.31716559913529e-22,4.47577861111297e-13
436.515832240163,-0.0143055226149345,3.95017784504763e-07,7.15275303579841e-05,6.70336346578363e-14,0.834813385220472,8.23992041773647e-10,-4.52062734525321e-22,4.580032887752e-13
446.68359215096,-0.0143055226144239,4.04218930695659e-07,7.15275303579842e-05,6.85950485880441e-14,0.834813385220474,8.43185281990403e-10,-4.73367794802405e-22,4.68671555845202e-13
457.088189614872,-0.0143055226138891,4.13634399112727e-07,7.15275303579844e-05,7.01928325205585e-14,0.834813385220476,8.62825590199673e-10,-4.95676931633685e-22,4.79588318777714e-13
467.735141287195,-0.0143055226133292,4.23269181961857e-07,7.15275303579846e-05,7.18278336215399e-14,0.834813385220478,8.82923379952493e-10,-5.19037465689022e-22,4.90759365784945e-13
478.630092322635,-0.0143055226127429,4.3312838773234e-07,7.15275303579847e-05,7.3500918790182e-14,0.83481338522048,9.03489307362642e-10,-5.43498947792716e-22,5.02190619903883e-13
489.778819368442,-0.0143055226121289,4.43217243905468e-07,7.15275303579849e-05,7.52129751183526e-14,0.834813385220483,9.24534276756654e-10,-5.69113264027439e-22,5.13888142136772e-13
501.187233627268,-0.014305522611486,4.53541099726207e-07,7.15275303579851e-05,7.69649103609421e-14,0.834813385220485,9.46069446455437e-10,-5.95934745791576e-22,5.25858134664736e-13
512.861383991361,-0.0143055226108128,4.64105429039438e-07,7.15275303579853e-05,7.87576534171662e-14,0.834813385220487,9.68106234690558e-10,-6.24020285043394e-22,5.38106944136256e-13
524.807460249769,-0.0143055226101079,4.74915833192262e-07,7.15275303579856e-05,8.0592154823081e-14,0.83481338522049,9.90656325658337e-10,-6.53429454976511e-22,5.50641065032243e-13
537.031796370249,-0.0143055226093697,4.85978044003907e-07,7.15275303579858e-05,8.24693872555691e-14,0.834813385220492,1.01373167571496e-09,-6.84224636382624e-22,5.63467143109507e-13
549.54087385762,-0.0143055226085968,4.97297926804814e-07,7.1527530357986e-05,8.4390346048066e-14,0.834813385220495,1.03734451971591e-09,-7.16471149969524e-22,5.76591978924417e-13
562.341325190345,-0.0143055226077874,5.08881483546513e-07,7.15275303579863e-05,8.63560497182985e-14,0.834813385220498,1.06150737750302e-09,-7.50237394915065e-22,5.90022531438651e-13
575.439937337152,-0.0143055226069399,5.20734855983934e-07,7.15275303579865e-05,8.83675405083161e-14,0.834813385220501,1.08623306054267e-09,-7.85594993950989e-22,6.03765921708924e-13
588.843655355584,-0.0143055226060525,5.32864328931848e-07,7.15275303579868e-05,9.04258849371013e-14,0.834813385220504,1.11153467871859e-09,-8.22618945284332e-22,6.17829436662675e-13
602.559586074353,-0.0143055226051232,5.4527633359716e-07,7.15275303579871e-05,9.25321743660518e-14,0.834813385220508,1.13742564728291e-09,-8.61387781678668e-22,6.32220532961684e-13
616.595001861477,-0.0143055226041502,5.57977450988813e-07,7.15275303579874e-05,9.46875255776344e-14,0.834813385220511,1.16391969396907e-09,-9.01983737032624e-22,6.46946840955697e-13
630.957344480188,-0.0143055226031312,5.7097441540713e-07,7.15275303579877e-05,9.68930813675178e-14,0.834813385220515,1.19103086627045e-09,-9.44492920808987e-22,6.6201616872814e-13
645.65422903465,-0.0143055226020643,5.84274118014427e-07,7.1527530357988e-05,9.91500111504971e-14,0.834813385220519,1.21877353888855e-09,-9.89005500684414e-22,6.77436506236062e-13
660.693448007591,-0.0143055226009471,5.97883610488796e-07,7.15275303579884e-05,1.01459511580533e-13,0.834813385220523,1.24716242135463e-09,-1.03561589380715e-21,6.93216029546523e-13
676.082975391976,-0.0143055225997772,6.11810108762998e-07,7.15275303579887e-05,1.03822807185234e-13,0.834813385220527,1.27621256582889e-09,-1.08442296706845e-21,7.09363105171648e-13
691.830970918931,-0.0143055225985522,6.26060996850444e-07,7.15275303579891e-05,1.06241151015114e-13,0.834813385220531,1.30593937508133e-09,-1.13553024681247e-21,7.25886294504667e-13
707.945784384132,-0.0143055225972694,6.40643830760296e-07,7.15275303579895e-05,1.08715825307978e-13,0.834813385220536,1.33635861065849e-09,-1.18904613842955e-21,7.42794358359274e-13
724.435960074984,-0.0143055225959262,6.55566342503761e-07,7.15275303579899e-05,1.11248142168783e-13,0.834813385220541,1.36748640124041e-09,-1.24508415629853e-21,7.60096261614729e-13
741.310241300911,-0.0143055225945197,6.70836444193701e-07,7.15275303579904e-05,1.13839444265329e-13,0.834813385220546,1.39933925119231e-09,-1.30376316456597e-21,7.77801177969155e-13
758.577575029177,-0.0143055225930469,6.86462232239747e-07,7.15275303579908e-05,1.16491105540158e-13,0.834813385220551,1.43193404931536e-09,-1.36520762927287e-21,7.95918494803557e-13
776.247116628685,-0.0143055225915047,7.02451991641108e-07,7.15275303579913e-05,1.19204531939042e-13,0.834813385220557,1.46528807780139e-09,-1.4295478823639e-21,8.14457818159131e-13
794.328234724275,-0.0143055225898898,7.18814200379396e-07,7.15275303579918e-05,1.21981162156428e-13,0.834813385220563,1.49941902139607e-09,-1.4969203981388e-21,8.33428977830517e-13
812.830516164092,-0.0143055225881988,7.35557533913755e-07,7.15275303579923e-05,1.24822468398253e-13,0.834813385220569,1.53434497677565e-09,-1.56746808273272e-21,8.52842032577686e-13
831.763771102664,-0.0143055225864282,7.52690869780708e-07,7.15275303579929e-05,1.27729957162528e-13,0.834813385220575,1.57008446214201e-09,-1.64134057723921e-21,8.72707275459228e-13
851.138038202369,-0.014305522584574,7.70223292301134e-07,7.15275303579934e-05,1.30705170038101e-13,0.834813385220582,1.60665642704127e-09,-1.71869457511904e-21,8.93035239289865e-13
870.963589956073,-0.0143055225826325,7.88164097396898e-07,7.1527530357994e-05,1.33749684522027e-13,0.834813385220589,1.64408026241105e-09,-1.79969415456797e-21,9.13836702225093e-13
891.250938133738,-0.0143055225805995,8.06522797519668e-07,7.15275303579947e-05,1.36865114855978e-13,0.834813385220596,1.68237581086181e-09,-1.8845111265486e-21,9.351226934759e-13
912.010839355902,-0.0143055225784706,8.2530912669454e-07,7.15275303579953e-05,1.40053112882133e-13,0.834813385220604,1.72156337719766e-09,-1.97332539922439e-21,9.56904499156601e-13
933.254300796983,-0.0143055225762415,8.4453304568114e-07,7.1527530357996e-05,1.43315368919007e-13,0.834813385220612,1.76166373918221e-09,-2.06632535956893e-21,9.79193668268884e-13
954.992586021428,-0.0143055225739073,8.6420474725495e-07,7.15275303579967e-05,1.46653612657678e-13,0.83481338522062,1.80269815855521e-09,-2.16370827295997e-21,1.00200201882524e-12
977.237220955802,-0.014305522571463,8.8433466161165e-07,7.15275303579975e-05,1.50069614078889e-13,0.834813385220629,1.8446883923058e-09,-2.26568070160561e-21,1.02534164411505e-12
999.999999999991,-0.0143055225689036,9.04933461897338e-07,7.15275303579983e-05,1.5356518439152e-13,0.834813385220638,1.88765670420829e-09,-2.37245894269042e-21,1.04922491911657e-12
1023.29299228075,-0.0143055225662247,9.2601206986764e-07,7.15275303579991e-05,1.57142176992928e-13,0.834813385220648,1.93162587662703e-09,-2.48426948717098e-21,1.07366450705834e-12
1047.12854805089,-0.0143055225634183,9.47581661678288e-07,7.1527530358e-05,1.6080248845156e-13,0.834813385220658,1.97661922259483e-09,-2.60134950019228e-21,1.09867336613338e-12
1071.5193052376,-0.0143055225604797,9.69653673811274e-07,7.15275303580009e-05,1.64548059512663e-13,0.834813385220669,2.02266059817531e-09,-2.72394732414852e-21,1.12426475636981e-12
1096.47819614317,-0.0143055225574026,9.92239809138342e-07,7.15275303580018e-05,1.68380876127208e-13,0.83481338522068,2.06977441511077e-09,-2.85232300544932e-21,1.15045224666147e-12
1122.01845430195,-0.0143055225541805,1.01535204312607e-06,7.15275303580028e-05,1.72302970504885e-13,0.834813385220691,2.11798565376575e-09,-2.98674884611324e-21,1.17724972196235e-12
1148.15362149687,-0.0143055225508065,1.03900263018542e-06,7.15275303580039e-05,1.76316422191605e-13,0.834813385220703,2.16731987637198e-09,-3.12750998135672e-21,1.20467139064856e-12
1174.89755493952,-0.0143055225472735,1.06320411016917e-06,7.15275303580049e-05,1.80423359172106e-13,0.834813385220716,2.21780324058179e-09,-3.27490498440405e-21,1.2327317920518e-12
1202.2644346174,-0.014305522543574,1.0879693150207e-06,7.15275303580061e-05,1.84625958998228e-13,0.834813385220729,2.26946251333718e-09,-3.42924649980095e-21,1.26144580416832e-12
1230.26877081237,-0.0143055225397002,1.11331137557769e-06,7.15275303580073e-05,1.88926449943484e-13,0.834813385220743,2.32232508506203e-09,-3.5908619065756e-21,1.29082865154743e-12
1258.92541179416,-0.0143055225356433,1.13924372853414e-06,7.15275303580085e-05,1.93327112184501e-13,0.834813385220758,2.37641898418462e-09,-3.76009401265285e-21,1.32089591336372e-12
1288.24955169312,-0.0143055225313957,1.16578012356493e-06,7.15275303580099e-05,1.97830279010051e-13,0.834813385220773,2.43177289199931e-09,-3.93730178199675e-21,1.3516635316774e-12
1318.2567385564,-0.0143055225269479,1.19293463061573e-06,7.15275303580112e-05,2.02438338058112e-13,0.83481338522079,2.48841615787278e-09,-4.12286109601951e-21,1.38314781988697e-12
1348.96288259164,-0.0143055225222906,1.2207216473633e-06,7.15275303580127e-05,2.07153732581867e-13,0.834813385220806,2.54637881480599e-09,-4.31716555087713e-21,1.41536547137877e-12
1380.38426460287,-0.0143055225174137,1.24915590684924e-06,7.15275303580142e-05,2.11978962745143e-13,0.834813385220824,2.60569159535791e-09,-4.52062729233917e-21,1.44833356837807e-12
1412.53754462274,-0.014305522512307,1.27825248529164e-06,7.15275303580158e-05,2.16916586948018e-13,0.834813385220842,2.66638594794029e-09,-4.73367789000494e-21,1.48206959100629e-12
1445.43977074591,-0.0143055225069596,1.30802681007868e-06,7.15275303580174e-05,2.21969223183321e-13,0.834813385220862,2.72849405349197e-09,-4.95676925272014e-21,1.51659142654917e-12
1479.10838816819,-0.0143055225013602,1.33849466794841e-06,7.15275303580191e-05,2.27139550424719e-13,0.834813385220882,2.7920488425416e-09,-5.19037458713587e-21,1.55191737894088e-12
1513.56124843619,-0.0143055224954969,1.36967221335908e-06,7.15275303580209e-05,2.32430310047142e-13,0.834813385220903,2.85708401266777e-09,-5.43498940144302e-21,1.58806617846896e-12
1548.81661891247,-0.0143055224893573,1.40157597705446e-06,7.15275303580228e-05,2.37844307280288e-13,0.834813385220925,2.92363404636586e-09,-5.69113255641119e-21,1.62505699170541e-12
1584.8931924611,-0.0143055224829283,1.43422287482858e-06,7.15275303580248e-05,2.43384412695992e-13,0.834813385220948,2.99173422933108e-09,-5.95934736596157e-21,1.66290943166903e-12
1621.81009735892,-0.0143055224761963,1.46763021649475e-06,7.15275303580269e-05,2.49053563730232e-13,0.834813385220972,3.06142066916732e-09,-6.24020274960815e-21,1.70164356822454e-12
1659.58690743755,-0.0143055224691471,1.50181571506341e-06,7.15275303580291e-05,2.54854766240593e-13,0.834813385220998,3.13273031453183e-09,-6.53429443921182e-21,1.74127993872384e-12
1698.24365246173,-0.0143055224617657,1.53679749613375e-06,7.15275303580314e-05,2.60791096100005e-13,0.834813385221025,3.20570097472579e-09,-6.84224624260696e-21,1.78183955889523e-12
1737.80082874936,-0.0143055224540363,1.5725941075042e-06,7.15275303580338e-05,2.66865700827604e-13,0.834813385221052,3.28037133974125e-09,-7.16471136678091e-21,1.82334393398618e-12
1778.27941003891,-0.0143055224459427,1.60922452900661e-06,7.15275303580363e-05,2.73081801257584e-13,0.834813385221082,3.35678100077496e-09,-7.50237380341296e-21,1.86581507016574e-12
1819.70085860997,-0.0143055224374677,1.64670818256963e-06,7.15275303580389e-05,2.79442693246913e-13,0.834813385221112,3.43497047122009e-09,-7.85594977971167e-21,1.9092754861925e-12
1862.08713666285,-0.0143055224285933,1.68506494251644e-06,7.15275303580416e-05,2.85951749422837e-13,0.834813385221144,3.51498120814684e-09,-8.22618927762802e-21,1.95374822535428e-12
1905.46071796323,-0.0143055224193006,1.72431514610233e-06,7.15275303580445e-05,2.92612420971078e-13,0.834813385221178,3.59685563428343e-09,-8.61387762466691e-21,1.99925686768608e-12
1949.84459975803,-0.0143055224095699,1.76447960429779e-06,7.15275303580475e-05,2.99428239465695e-13,0.834813385221213,3.6806371605091e-09,-9.01983715967108e-21,2.04582554247242e-12
1995.26231496886,-0.0143055223993807,1.80557961282269e-06,7.15275303580506e-05,3.06402818741552e-13,0.834813385221249,3.76637020887097e-09,-9.44492897711105e-21,2.09347894104109e-12
2041.73794466951,-0.0143055223887113,1.84763696343752e-06,7.15275303580539e-05,3.13539856810417e-13,0.834813385221288,3.85410023613712e-09,-9.89005475358089e-21,2.14224232985478e-12
2089.29613085402,-0.014305522377539,1.89067395549767e-06,7.15275303580574e-05,3.20843137821684e-13,0.834813385221328,3.94387375789817e-09,-1.03561586603738e-20,2.1921415639077e-12
2137.96208950221,-0.0143055223658402,1.93471340777675e-06,7.1527530358061e-05,3.28316534068762e-13,0.83481338522137,4.03573837323039e-09,-1.0844229366195e-20,2.24320310043424e-12
2187.76162394953,-0.0143055223535895,1.97977867056534e-06,7.15275303580648e-05,3.35964008042187e-13,0.834813385221415,4.12974278993287e-09,-1.13553021342579e-20,2.29545401293694e-12
2238.72113856832,-0.014305522340762,2.02589363805181e-06,7.15275303580688e-05,3.43789614530657e-13,0.834813385221461,4.22593685035396e-09,-1.18904610182178e-20,2.34892200554123e-12
2290.86765276775,-0.0143055223273305,2.07308276099099e-06,7.15275303580729e-05,3.51797502770809e-13,0.834813385221509,4.32437155781684e-09,-1.24508411615899e-20,2.40363542768454e-12
2344.2288153199,-0.0143055223132655,2.12137105966815e-06,7.15275303580772e-05,3.59991918647179e-13,0.83481338522156,4.42509910366192e-09,-1.30376312055383e-20,2.45962328914749e-12
2398.83291901947,-0.0143055222985375,2.17078413716547e-06,7.15275303580818e-05,3.68377206943525e-13,0.834813385221613,4.52817289492056e-09,-1.36520758101452e-20,2.51691527543533e-12
2454.70891568501,-0.0143055222831155,2.22134819293671e-06,7.15275303580866e-05,3.7695781364638e-13,0.834813385221669,4.63364758263086e-09,-1.42954782944967e-20,2.57554176351753e-12
2511.88643150955,-0.0143055222669667,2.27309003669858e-06,7.15275303580915e-05,3.8573828830237e-13,0.834813385221727,4.74157909081439e-09,-1.49692034011949e-20,2.63553383793408e-12
2570.39578276884,-0.0143055222500568,2.32603710264548e-06,7.15275303580968e-05,3.94723286430426e-13,0.834813385221788,4.8520246461276e-09,-1.56746801911581e-20,2.69692330727695e-12
2630.26799189535,-0.0143055222323499,2.38021746399542e-06,7.15275303581022e-05,4.03917571990176e-13,0.834813385221852,4.96504280820386e-09,-1.64134050748465e-20,2.75974272105534e-12
2691.53480392689,-0.0143055222138085,2.43565984787474e-06,7.1527530358108e-05,4.13326019907836e-13,0.834813385221919,5.08069350070228e-09,-1.71869449863468e-20,2.82402538695398e-12
2754.22870333814,-0.0143055221943934,2.49239365054949e-06,7.1527530358114e-05,4.22953618660929e-13,0.834813385221988,5.19903804307967e-09,-1.79969407070453e-20,2.88980538849319e-12
2818.38293126442,-0.0143055221740626,2.55044895301159e-06,7.15275303581203e-05,4.3280547292319e-13,0.834813385222062,5.32013918310231e-09,-1.88451103459404e-20,2.95711760310051e-12
2884.03150312657,-0.0143055221527743,2.60985653692837e-06,7.15275303581268e-05,4.42886806271212e-13,0.834813385222139,5.44406113011657e-09,-1.97332529839822e-20,3.02599772060309e-12
2951.20922666635,-0.0143055221304827,2.6706479009628e-06,7.15275303581337e-05,4.53202963953849e-13,0.834813385222219,5.57086958909121e-09,-2.06632524901524e-20,3.09648226215097e-12
3019.95172040198,-0.0143055221071416,2.73285527747496e-06,7.15275303581409e-05,4.63759415726482e-13,0.834813385222303,5.70063179545661e-09,-2.16370815174054e-20,3.16860859958107e-12
3090.29543251356,-0.0143055220826993,2.79651164961101e-06,7.15275303581485e-05,4.74561758750835e-13,0.834813385222391,5.83341655075024e-09,-2.26568056869113e-20,3.24241497523218e-12
3162.27766016834,-0.0143055220571051,2.86165076879237e-06,7.15275303581564e-05,4.85615720563e-13,0.834813385222483,5.96929425909998e-09,-2.37245879695257e-20,3.31794052222163e-12
3235.93656929625,-0.0143055220303047,2.92830717261025e-06,7.15275303581646e-05,4.96927162109959e-13,0.83481338522258,6.10833696454997e-09,-2.48426932737228e-20,3.39522528519414e-12
3311.31121482588,-0.0143055220022407,2.99651620313783e-06,7.15275303581733e-05,5.08502080857117e-13,0.834813385222681,6.25061838925902e-09,-2.60134932497632e-20,3.47431024155401e-12
3388.44156139199,-0.0143055219728546,3.06631402566944e-06,7.15275303581824e-05,5.20346613968321e-13,0.834813385222787,6.39621397259015e-09,-2.72394713202804e-20,3.55523732319192e-12
3467.36850452528,-0.0143055219420837,3.13773764789499e-06,7.15275303581919e-05,5.3246704155961e-13,0.834813385222898,6.54520091110647e-09,-2.85232279479342e-20,3.63804943871776e-12
3548.13389233572,-0.0143055219098625,3.21082493952217e-06,7.15275303582019e-05,5.44869790029093e-13,0.834813385223014,6.69765819950271e-09,-2.98674861513364e-20,3.72279049621133e-12
3630.78054770097,-0.0143055218761238,3.28561465235549e-06,7.15275303582123e-05,5.57561435464287e-13,0.834813385223136,6.85366667248911e-09,-3.12750972809305e-20,3.809505426503e-12
3715.35229097168,-0.0143055218407935,3.36214644084157e-06,7.15275303582232e-05,5.70548707128442e-13,0.834813385223263,7.01330904764618e-09,-3.27490470670573e-20,3.89824020699662e-12
3801.89396320557,-0.0143055218037986,3.44046088309628e-06,7.15275303582346e-05,5.83838491029018e-13,0.834813385223397,7.17666996928896e-09,-3.42924619531081e-20,3.98904188604736e-12
3890.45144994276,-0.0143055217650602,3.52059950241778e-06,7.15275303582466e-05,5.97437833568128e-13,0.834813385223536,7.34383605333946e-09,-3.59086157270879e-20,4.08195860790735e-12
3981.07170553493,-0.0143055217244962,3.60260478930318e-06,7.15275303582591e-05,6.11353945278788e-13,0.834813385223683,7.51489593325329e-09,-3.76009364657543e-20,4.17703963825242e-12
4073.80277804108,-0.0143055216820204,3.68652022397721e-06,7.15275303582722e-05,6.25594204647896e-13,0.834813385223836,7.68994030701276e-09,-3.93730138060083e-20,4.27433539030342e-12
4168.69383470331,-0.0143055216375428,3.77239029944564e-06,7.1527530358286e-05,6.40166162028326e-13,0.834813385223996,7.86906198521513e-09,-4.12286065589762e-20,4.37389745155596e-12
4265.79518801588,-0.014305521590969,3.8602605450858e-06,7.15275303583004e-05,6.55077543642115e-13,0.834813385224164,8.05235594028078e-09,-4.31716506829307e-20,4.47577861113276e-12
4365.15832240161,-0.0143055215422003,3.95017755078646e-06,7.15275303583154e-05,6.70336255676896e-13,0.83481338522434,8.23991935680758e-09,-4.52062676319626e-20,4.5800328877732e-12
4466.83592150958,-0.0143055214911326,4.0421889916499e-06,7.15275303583312e-05,6.85950388477712e-13,0.834813385224524,8.43185168309764e-09,-4.73367730981095e-20,4.68671555847474e-12
4570.8818961487,-0.0143055214376588,4.13634365327007e-06,7.15275303583477e-05,7.01928220836679e-13,0.834813385224717,8.62825468388671e-09,-4.95676861655009e-20,4.79588318780149e-12
4677.35141287193,-0.0143055213816658,4.23269145759836e-06,7.1527530358365e-05,7.18278224382199e-13,0.834813385224918,8.82923249429766e-09,-5.19037388958997e-20,4.90759365787553e-12
4786.30092322633,-0.0143055213230329,4.33128348941174e-06,7.15275303583831e-05,7.3500906807038e-13,0.83481338522513,9.03489167505012e-09,-5.43498863659911e-20,5.02190619906678e-12
4897.78819368441,-0.0143055212616362,4.43217202339966e-06,7.15275303584021e-05,7.52129622781767e-13,0.834813385225351,9.24534126896436e-09,-5.69113171777612e-20,5.13888142139767e-12
5011.87233627267,-0.0143055211973465,4.53541055187968e-06,7.1527530358422e-05,7.69648966024453e-13,0.834813385225583,9.46069285877316e-09,-5.95934644641649e-20,5.25858134667946e-12
5128.61383991359,-0.0143055211300269,4.64105381315854e-06,7.15275303584427e-05,7.87576386746709e-13,0.834813385225826,9.68106062627996e-09,-6.24020174134701e-20,5.38106944139694e-12
5248.07460249767,-0.0143055210595347,4.74915782055519e-06,7.15275303584645e-05,8.05921390262121e-13,0.83481338522608,9.90656141289975e-09,-6.53429333367544e-20,5.50641065035928e-12
5370.31796370247,-0.0143055209857202,4.85977989209898e-06,7.15275303584873e-05,8.24693703289187e-13,0.834813385226346,1.0137314781607e-08,-6.84224503041041e-20,5.63467143113456e-12
5495.40873857618,-0.0143055209084276,4.97297868091993e-06,7.15275303585112e-05,8.43903279108388e-13,0.834813385226625,1.03734430803277e-08,-7.16471003763428e-20,5.76591978928649e-12
5623.41325190343,-0.0143055208274916,5.08881420634589e-06,7.15275303585362e-05,8.63560302839086e-13,0.834813385226917,1.06150715068044e-08,-7.50237234603263e-20,5.90022531443185e-12
5754.3993733715,-0.0143055207427408,5.20734788572571e-06,7.15275303585624e-05,8.83675196839854e-13,0.834813385227222,1.08623281749781e-08,-7.85594818172536e-20,6.03765921713783e-12
5888.43655355582,-0.0143055206539973,5.32864256699311e-06,7.15275303585898e-05,9.04258626234409e-13,0.834813385227542,1.11153441829148e-08,-8.22618752547194e-20,6.17829436667881e-12
6025.59586074351,-0.0143055205610699,5.45276256198578e-06,7.15275303586185e-05,9.25321504565266e-13,0.834813385227877,1.13742536823014e-08,-8.61387570346535e-20,6.32220532967262e-12
6165.95001861475,-0.0143055204637641,5.57977368054757e-06,7.15275303586486e-05,9.46874999581223e-13,0.834813385228228,1.16391939495871e-08,-9.019835053116e-20,6.46946840961675e-12
6309.57344480186,-0.0143055203618712,5.70974326541663e-06,7.152753035868e-05,9.68930539157084e-13,0.834813385228595,1.19103054587498e-08,-9.44492666731867e-20,6.62016168734545e-12
6456.54229034648,-0.0143055202551775,5.84274022793383e-06,7.1527530358713e-05,9.91499817353595e-13,0.83481338522898,1.2187731955787e-08,-9.8900522209445e-20,6.77436506242925e-12
6606.93448007588,-0.0143055201434548,5.97883508457606e-06,7.15275303587475e-05,1.01459480061644e-12,0.834813385229383,1.24716205349148e-08,-1.03561558833932e-19,6.93216029553877e-12
6760.82975391974,-0.0143055200264673,6.11809999434628e-06,7.15275303587836e-05,1.03822773412142e-12,0.834813385229804,1.2762121716565e-08,-1.08442263212969e-19,7.09363105179529e-12
6918.30970918928,-0.0143055199039653,6.26060879702957e-06,7.15275303588215e-05,1.06241114826585e-12,0.834813385230246,1.3059389527179e-08,-1.13552987955934e-19,7.25886294513111e-12
7079.45784384129,-0.014305519775691,6.40643705234523e-06,7.15275303588611e-05,1.08715786531278e-12,0.834813385230708,1.33635815808799e-08,-1.18904573574457e-19,7.42794358368322e-12
7244.35960074981,-0.0143055196413703,6.55566208000442e-06,7.15275303589026e-05,1.11248100618791e-12,0.834813385231193,1.36748591630228e-08,-1.24508371476313e-19,7.60096261624424e-12
7413.10241300908,-0.0143055195007203,6.7083630007082e-06,7.1527530358946e-05,1.13839399743716e-12,0.8348133852317,1.39933873157182e-08,-1.3037626804321e-19,7.77801177979544e-12
7585.77575029174,-0.0143055193534417,6.86462077809319e-06,7.15275303589915e-05,1.16491057834398e-12,0.834813385232231,1.43193349253205e-08,-1.36520709843072e-19,7.95918494814689e-12
7762.47116628682,-0.014305519199221,7.02451826165891e-06,7.15275303590392e-05,1.19204480821389e-12,0.834813385232787,1.46528748119721e-08,-1.42954730030694e-19,8.1445781817106e-12
7943.28234724272,-0.0143055190377326,7.18814023069502e-06,7.15275303590891e-05,1.21981107382875e-12,0.834813385233369,1.49941838212316e-08,-1.49691975992602e-19,8.33428977843299e-12
8128.30516164089,-0.014305518868634,7.35557343922805e-06,7.15275303591413e-05,1.24822409707341e-12,0.834813385233979,1.53434429178247e-08,-1.56746738294641e-19,8.52842032591383e-12
8317.63771102661,-0.0143055186915661,7.5269066620176e-06,7.1527530359196e-05,1.27729894274089e-12,0.834813385234617,1.57008372815868e-08,-1.64133980993887e-19,8.72707275473904e-12
8511.38038202366,-0.0143055185061527,7.70223074162354e-06,7.15275303592533e-05,1.30705102651922e-12,0.834813385235285,1.60665564056393e-08,-1.71869373379091e-19,8.9303523930559e-12
8709.6358995607,-0.0143055183120015,7.88163863657008e-06,7.15275303593132e-05,1.33749612316443e-12,0.834813385235985,1.64407941968548e-08,-1.79969323207011e-19,9.13836702241943e-12
8912.50938133734,-0.0143055181086991,8.06522547062825e-06,7.1527530359376e-05,1.36865037486289e-12,0.834813385236718,1.68237490786496e-08,-1.88451011504966e-19,9.35122693493956e-12
9120.10839355898,-0.0143055178958166,8.25308858325222e-06,7.15275303594418e-05,1.40053029979025e-12,0.834813385237486,1.72156240961919e-08,-1.97332429013796e-19,9.56904499175948e-12
9332.54300796979,-0.0143055176729006,8.44532758118228e-06,7.15275303595106e-05,1.43315280086724e-12,0.83481338523829,1.76166270240317e-08,-2.06632414347982e-19,9.79193668289615e-12
9549.92586021424,-0.0143055174394789,8.64204439125731e-06,7.15275303595828e-05,1.4665351747217e-12,0.834813385239131,1.80269704762644e-08,-2.16370693954474e-19,1.00200201884746e-11
9772.37220955798,-0.0143055171950564,8.84334331445237e-06,7.15275303596583e-05,1.50069512085778e-12,0.834813385240012,1.84468720192414e-08,-2.26567923954485e-19,1.02534164413885e-11
9999.99999999987,-0.0143055169391157,9.04933108117714e-06,7.15275303597373e-05,1.53565075103951e-12,0.834813385240935,1.88765542869159e-08,-2.37245733957295e-19,1.04922491914208e-11
10232.9299228074,-0.0143055166711118,9.26011690785865e-06,7.15275303598201e-05,1.57142059889164e-12,0.834813385241901,1.93162450988598e-08,-2.48426772938728e-19,1.07366450708567e-11
10471.2854805089,-0.0143055163904773,9.47581255484842e-06,7.15275303599068e-05,1.60802362972614e-12,0.834813385242913,1.97661775810538e-08,-2.60134757282075e-19,1.09867336616267e-11
10715.1930523759,-0.0143055160966169,9.6965323856715e-06,7.15275303599976e-05,1.64547925059549e-12,0.834813385243972,2.02265902894659e-08,-2.72394521082763e-19,1.12426475640119e-11
10964.7819614317,-0.0143055157889083,9.92239342765932e-06,7.15275303600926e-05,1.68380732058122e-12,0.834813385245082,2.06977273365215e-08,-2.8523206882394e-19,1.1504522466951e-11
11220.1845430195,-0.0143055154666968,1.01535154339902e-05,7.15275303601921e-05,1.72302816132076e-12,0.834813385246243,2.11798385205036e-08,-2.98674630534305e-19,1.17724972199838e-11
11481.5362149687,-0.0143055151292994,1.0390020947182e-05,7.15275303602964e-05,1.76316256778147e-12,0.83481338524746,2.16731794579899e-08,-3.12750719545738e-19,1.20467139068716e-11
11748.9755493951,-0.0143055147760026,1.06320353640578e-05,7.15275303604055e-05,1.80423181928416e-12,0.834813385248733,2.21780117193584e-08,-3.27490192972657e-19,1.23273179209317e-11
12022.644346174,-0.0143055144060549,1.08796870022219e-05,7.15275303605198e-05,1.84625769078203e-12,0.834813385250067,2.26946029674324e-08,-3.42924315041391e-19,1.26144580421265e-11
12302.6877081237,-0.014305514018672,1.11331071680925e-05,7.15275303606394e-05,1.88926246440522e-12,0.834813385251464,2.32232270993896e-08,-3.59085823404593e-19,1.29082865159492e-11
12589.2541179415,-0.0143055136130318,1.13924302265108e-05,7.15275303607647e-05,1.9332689412716e-12,0.834813385252926,2.37641643919453e-08,-3.76008998580435e-19,1.32089591341461e-11
12882.4955169312,-0.0143055131882745,1.16577936719759e-05,7.15275303608959e-05,1.97830045357399e-12,0.834813385254458,2.43177016499328e-08,-3.93729736664514e-19,1.35166353173194e-11
13182.5673855639,-0.0143055127434989,1.19293382015352e-05,7.15275303610333e-05,2.02438087694783e-12,0.834813385256061,2.48841323583315e-08,-4.12285625468271e-19,1.3831478199454e-11
13489.6288259164,-0.0143055122777629,1.22072077893749e-05,7.15275303611772e-05,2.07153464312755e-12,0.83481338525774,2.54637568378444e-08,-4.31716024245744e-19,1.41536547144138e-11
13803.8426460287,-0.0143055117900762,1.24915497631422e-05,7.15275303613278e-05,2.11978675289608e-12,0.834813385259498,2.60568824040786e-08,-4.52062147177271e-19,1.44833356844516e-11
14125.3754462274,-0.0143055112794068,1.2782514882055e-05,7.15275303614856e-05,2.16916278933893e-12,0.834813385261339,2.66638235304689e-08,-4.73367150788134e-19,1.48206959107818e-11
14454.3977074591,-0.0143055107446691,1.30802574168162e-05,7.15275303616508e-05,2.2196889314024e-12,0.834813385263267,2.7284902014943e-08,-4.95676225486076e-19,1.51659142662621e-11
14791.0838816819,-0.0143055101847306,1.33849352314039e-05,7.15275303618237e-05,2.27139196777202e-12,0.834813385265286,2.79204471505191e-08,-5.190366914136e-19,1.55191737902342e-11
15135.6124843619,-0.0143055095984035,1.3696709866753e-05,7.15275303620048e-05,2.32429931107034e-12,0.8348133852674,2.85707958998327e-08,-5.4349809881667e-19,1.5880661785574e-11
15488.1661891246,-0.0143055089844427,1.40157466263911e-05,7.15275303621945e-05,2.37843901238648e-12,0.834813385269613,2.92362930737406e-08,-5.69112333143718e-19,1.62505699180018e-11
15848.9319246109,-0.0143055083415473,1.43422146640722e-05,7.15275303623931e-05,2.43383977614556e-12,0.834813385271931,2.9917291514101e-08,-5.95933725097916e-19,1.66290943177058e-11
16218.1009735891,-0.0143055076683533,1.46762870734414e-05,7.1527530362601e-05,2.49053097532095e-12,0.834813385274358,3.06141522807722e-08,-6.240191658751e-19,1.70164356833335e-11
16595.8690743754,-0.0143055069634327,1.50181409797947e-05,7.15275303628188e-05,2.54854266700313e-12,0.8348133852769,3.13272448429901e-08,-6.53428227832935e-19,1.74127993884044e-11
16982.4365246172,-0.0143055062252902,1.53679576339718e-05,7.15275303630468e-05,2.60790560832976e-12,0.834813385279561,3.20569472751907e-08,-6.84223290846511e-19,1.78183955902016e-11
17378.0082874935,-0.0143055054523607,1.57259225084366e-05,7.15275303632856e-05,2.66865127278695e-12,0.834813385282347,3.28036464573918e-08,-7.16469674618629e-19,1.82334393412004e-11
17782.794100389,-0.0143055046430042,1.60922253955916e-05,7.15275303635356e-05,2.73081186688904e-12,0.834813385285265,3.35677382802309e-08,-7.50235777225102e-19,1.86581507030918e-11
18197.0085860996,-0.0143055037955029,1.64670605083832e-05,7.15275303637974e-05,2.79442034724721e-12,0.834813385288321,3.43496278547814e-08,-7.85593220189248e-19,1.9092754863462e-11
18620.8713666284,-0.0143055029080613,1.68506265832537e-05,7.15275303640715e-05,2.85951043803652e-12,0.83481338529152,3.51497297272663e-08,-8.22617000393411e-19,1.95374822551898e-11
19054.6071796322,-0.0143055019787948,1.72431269854757e-05,7.15275303643585e-05,2.9261166488652e-12,0.83481338529487,3.59684680987192e-08,-8.61385649148233e-19,1.99925686786255e-11
19498.4459975802,-0.0143055010057356,1.76447698169596e-05,7.15275303646591e-05,2.99427429306601e-12,0.834813385298378,3.68062770498306e-08,-9.01981398759803e-19,2.04582554266152e-11
19952.6231496885,-0.0143054999868155,1.80557680265428e-05,7.15275303649739e-05,3.0640195064047e-12,0.834813385302052,3.7663600770926e-08,-9.44490356943901e-19,2.09347894124371e-11
20417.379446695,-0.0143054989198769,1.84763395228814e-05,7.15275303653034e-05,3.13538926623448e-12,0.834813385305898,3.85408937974214e-08,-9.89002689462543e-19,2.1422423300719e-11
20892.9613085401,-0.014305497802654,1.89067072899317e-05,7.15275303656485e-05,3.20842141108449e-12,0.834813385309926,3.94386212506208e-08,-1.03561281136385e-18,2.19214156414034e-11
21379.620895022,-0.0143054966327799,1.93470995051534e-05,7.15275303660099e-05,3.28315466071426e-12,0.834813385314144,4.03572590842354e-08,-1.084419587237e-18,2.24320310068352e-11
21877.6162394952,-0.0143054954077697,1.97977496604331e-05,7.15275303663883e-05,3.35962863662522e-12,0.83481338531856,4.12972943365283e-08,-1.13552654090122e-18,2.29545401320405e-11
22387.2113856831,-0.0143054941250262,2.02588966858513e-05,7.15275303667846e-05,3.43788388305813e-12,0.834813385323185,4.22592253884275e-08,-1.18904207497887e-18,2.34892200582745e-11
22908.6765276774,-0.0143054927818313,2.07307850763128e-05,7.15275303671995e-05,3.51796188847361e-12,0.834813385328027,4.32435622275798e-08,-1.24507970081403e-18,2.40363542799122e-11
23442.2881531989,-0.0143054913753327,2.12136650211155e-05,7.15275303676339e-05,3.59990510752971e-12,0.834813385333098,4.42508267185186e-08,-1.3037582792248e-18,2.45962328947611e-11
23988.3291901946,-0.014305489902547,2.17077925365589e-05,7.15275303680889e-05,3.68375698357799e-12,0.834813385338408,4.52815528791998e-08,-1.36520227260314e-18,2.51691527578745e-11
24547.08915685,-0.0143054883603541,2.22134296016271e-05,7.15275303685652e-05,3.76956197167894e-12,0.834813385343967,4.63362871639268e-08,-1.42954200889321e-18,2.57554176389483e-11
25118.8643150954,-0.0143054867454785,2.2730844296808e-05,7.15275303690641e-05,3.85736556214646e-12,0.83481338534979,4.74155887527807e-08,-1.49691395800691e-18,2.63553383833837e-11
25703.9578276883,-0.0143054850544964,2.32603109461834e-05,7.15275303695864e-05,3.94721430465193e-12,0.834813385355886,4.85200298479252e-08,-1.56746102126928e-18,2.69692330771015e-11
26302.6799189534,-0.0143054832838218,2.38021102627917e-05,7.15275303701334e-05,4.03915583287852e-12,0.83481338536227,4.96501959766809e-08,-1.64133283449949e-18,2.75974272151953e-11
26915.3480392688,-0.0143054814296976,2.43565294973831e-05,7.15275303707061e-05,4.13323888975154e-12,0.834813385368954,5.08066863016804e-08,-1.71868608537473e-18,2.82402538745136e-11
27542.2870333813,-0.0143054794881929,2.49238625906424e-05,7.15275303713059e-05,4.22951335325762e-12,0.834813385375954,5.19901139382608e-08,-1.79968484574982e-18,2.88980538902615e-11
28183.8293126441,-0.0143054774551877,2.55044103289365e-05,7.15275303719339e-05,4.32803026285851e-12,0.834813385383283,5.32011062791696e-08,-1.88450091963388e-18,2.95711760367158e-11
28840.3150312656,-0.0143054753263711,2.60984805037042e-05,7.15275303725914e-05,4.4288418465248e-12,0.834813385390958,5.44403053268899e-08,-1.97331420756668e-18,3.025997721215e-11
29512.0922666634,-0.014305473097227,2.6706388074536e-05,7.152753037328e-05,4.53200154839219e-12,0.834813385398995,5.57083680336214e-08,-2.06631308816224e-18,3.09648226280665e-11
30199.5172040197,-0.0143054707630266,2.73284553360561e-05,7.1527530374001e-05,4.6375640570633e-12,0.83481338540741,5.70059666491971e-08,-2.16369481763217e-18,3.16860860028364e-11
30902.9543251354,-0.0143054683188201,2.7965012088687e-05,7.1527530374756e-05,4.74558533456692e-12,0.834813385416222,5.83337890770826e-08,-2.26566594813458e-18,3.24241497598501e-11
31622.7766016833,-0.014305465759423,2.86163958133754e-05,7.15275303755466e-05,4.85612264598714e-12,0.834813385425449,5.96925392386142e-08,-2.37244276583412e-18,3.3179405230283e-11
32359.3656929623,-0.014305463079406,2.92829518503875e-05,7.15275303763745e-05,4.96923458978231e-12,0.834813385435111,6.10829374457159e-08,-2.48425174960387e-18,3.39522528605849e-11
33113.1121482586,-0.0143054602730842,2.99650335822614e-05,7.15275303772414e-05,5.0849811288078e-12,0.834813385445228,6.25057207822716e-08,-2.60133005134041e-18,3.47431024248018e-11
33884.4156139197,-0.0143054573345055,3.06630026210135e-05,7.15275303781491e-05,5.20342362205923e-12,0.834813385455823,6.39616434943539e-08,-2.72392599891073e-18,3.55523732418434e-11
34673.6850452526,-0.0143054542574377,3.13772289996926e-05,7.15275303790996e-05,5.32462485715107e-12,0.834813385466916,6.54514773894968e-08,-2.85229962279609e-18,3.63804943978115e-11
35481.338923357,-0.0143054510353533,3.2108091368386e-05,7.15275303800949e-05,5.44864908354854e-12,0.834813385478532,6.69760122452303e-08,-2.98672320754953e-18,3.72279049735078e-11
36307.8054770096,-0.0143054476614177,3.28559771947855e-05,7.15275303811371e-05,5.57556204657208e-12,0.834813385490696,6.85360562271142e-08,-3.12748186923697e-18,3.80950542772394e-11
37153.5229097167,-0.0143054441284761,3.36212829694173e-05,7.15275303822284e-05,5.70543102219124e-12,0.834813385503433,7.01324363164771e-08,-3.27487416008535e-18,3.89824020830489e-11
38018.9396320555,-0.0143054404290338,3.44044144156241e-05,7.15275303833712e-05,5.83832485262045e-12,0.834813385516771,7.176599874802e-08,-3.42921270161634e-18,3.98904188744919e-11
38904.5144994275,-0.014305436555244,3.52057867044456e-05,7.15275303845678e-05,5.97431398274621e-12,0.834813385530736,7.34376094576387e-08,-3.59082484761306e-18,4.08195860940943e-11
39810.7170553491,-0.0143054324988918,3.60258246744842e-05,7.15275303858208e-05,6.1134704973963e-12,0.83481338554536,7.51481545406025e-08,-3.76005337832081e-18,4.17703963986194e-11
40738.0277804107,-0.0143054282513703,3.68649630568592e-05,7.15275303871328e-05,6.25586815946737e-12,0.834813385560674,7.68985407202905e-08,-3.93725722735059e-18,4.27433539202805e-11
41686.9383470329,-0.0143054238036717,3.77236467054262e-05,7.15275303885067e-05,6.40158244894817e-12,0.834813385576709,7.86896958279358e-08,-4.12281224283627e-18,4.37389745340393e-11
42657.9518801586,-0.0143054191463635,3.86023308323051e-05,7.15275303899454e-05,6.55069060283516e-12,0.834813385593499,8.05225692933491e-08,-4.3171119844444e-18,4.4757786131129e-11
43651.5832240159,-0.0143054142695655,3.95014812488832e-05,7.15275303914518e-05,6.70327165597461e-12,0.834813385611081,8.23981326470357e-08,-4.52056855793333e-18,4.58003288989496e-11
44668.3592150956,-0.0143054091629356,4.04215746124355e-05,7.15275303930292e-05,6.85940648285693e-12,0.834813385629492,8.43173800340184e-08,-4.73361348903272e-18,4.68671556074824e-11
45708.8189614868,-0.0143054038156408,4.13630986784355e-05,7.1527530394681e-05,7.01917784036783e-12,0.83481338564877,8.62813287394345e-08,-4.95669863848437e-18,4.79588319023759e-11
46773.5141287191,-0.0143053982163408,4.23265525587568e-05,7.15275303964106e-05,7.18267041153972e-12,0.834813385668956,8.82910197264261e-08,-5.19029716019652e-18,4.90759366048587e-11
47863.0092322631,-0.0143053923531573,4.33124469858275e-05,7.15275303982217e-05,7.34997085030302e-12,0.834813385690095,9.03475181863374e-08,-5.43490450452633e-18,5.0219062018638e-11
48977.8819368439,-0.0143053862136575,4.43213045829599e-05,7.15275304001182e-05,7.5211678272869e-12,0.834813385712229,9.24519141018078e-08,-5.69103946883368e-18,5.13888142439473e-11
50118.7233627264,-0.0143053797848152,4.53536601408837e-05,7.15275304021041e-05,7.69635207665785e-12,0.834813385735406,9.46053228226451e-08,-5.95924529750722e-18,5.25858134989087e-11
51286.1383991357,-0.014305373052999,4.64100609007811e-05,7.15275304041835e-05,7.8756164440682e-12,0.834813385759676,9.68088856553306e-08,-6.24009083382635e-18,5.38106944483803e-11
52480.7460249764,-0.014305366003928,4.74910668437844e-05,7.1527530406361e-05,8.05905593568125e-12,0.834813385785089,9.90637704657879e-08,-6.53417172605729e-18,5.50641065404647e-11
53703.1796370244,-0.0143053586226516,4.85972509872663e-05,7.1527530408641e-05,8.24676776835333e-12,0.834813385811701,1.01371172296366e-07,-6.84211169037732e-18,5.63467143508546e-11
54954.0873857616,-0.0143053508935158,4.97291996879563e-05,7.15275304110286e-05,8.43885142096189e-12,0.834813385839566,1.03732313996929e-07,-7.16456383327494e-18,5.76591979351995e-11
56234.132519034,-0.014305342800124,5.08875129520661e-05,7.15275304135286e-05,8.63540868691298e-12,0.834813385868744,1.06148446870451e-07,-7.50221203623052e-18,5.90022531896808e-11
57543.9937337148,-0.014305334325314,5.20728047526604e-05,7.15275304161465e-05,8.83654372787854e-12,0.834813385899298,1.08620851333736e-07,-7.85577240562854e-18,6.03765922199848e-11
58884.365535558,-0.0143053254511083,5.32857033542872e-05,7.15275304188877e-05,9.04236312874434e-12,0.834813385931291,1.11150837593041e-07,-8.2259947909332e-18,6.1782943718871e-11
60255.9586074348,-0.0143053161586855,5.4526851645206e-05,7.15275304217581e-05,9.25297595384889e-12,0.834813385964792,1.13739746335572e-07,-8.61366437438388e-18,6.3222053352534e-11
61659.5001861472,-0.0143053064283379,5.57969074772596e-05,7.15275304247638e-05,9.46849380450335e-12,0.834813385999872,1.16388949436742e-07,-9.01960333554385e-18,6.46946841559666e-11
63095.7344480183,-0.0143052962394268,5.70965440136094e-05,7.15275304279111e-05,9.68903087783429e-12,0.834813386036606,1.19099850683715e-07,-9.44467259423525e-18,6.62016169375303e-11
64565.4229034645,-0.0143052855703427,5.84264500845367e-05,7.15275304312068e-05,9.91470402698718e-12,0.83481338607507,1.21873886515675e-07,-9.88977363555619e-18,6.7743650692951e-11
66069.3448007586,-0.0143052743984573,5.97873305514485e-05,7.15275304346578e-05,1.01456328227061e-11,0.834813386115347,1.24712526781047e-07,-1.03558504208287e-17,6.93216030289565e-11
67608.2975391971,-0.0143052627000763,6.11799066793085e-05,7.15275304382714e-05,1.03819396163313e-11,0.834813386157522,1.27617275512151e-07,-1.08438913885304e-17,7.09363105967832e-11
69183.0970918925,-0.0143052504503864,6.26049165176542e-05,7.15275304420553e-05,1.06237496042372e-11,0.834813386201685,1.30589671717597e-07,-1.1354931549433e-17,7.25886295357794e-11
70794.5784384127,-0.0143052376234104,6.40631152904627e-05,7.15275304460175e-05,1.08711908937626e-11,0.834813386247929,1.33631290193022e-07,-1.18900546804009e-17,7.42794359273414e-11
72443.5960074979,-0.0143052241919405,6.55552757949296e-05,7.15275304501665e-05,1.11243945706247e-11,0.834813386296352,1.36743742350121e-07,-1.24503956214474e-17,7.60096262594247e-11
74131.0241300906,-0.0143052101274935,6.70821888095597e-05,7.1527530454511e-05,1.13834947679111e-11,0.834813386347058,1.39928677065063e-07,-1.30371426809655e-17,7.77801179018727e-11
75857.7575029172,-0.0143051954002377,6.86446635115556e-05,7.15275304590602e-05,1.16486287366142e-11,0.834813386400153,1.43187781545926e-07,-1.36515401541507e-17,7.95918495928193e-11
77624.7116628679,-0.0143051799789401,7.02435279039313e-05,7.15275304638238e-05,1.19199369178092e-11,0.83481338645575,1.46522782220343e-07,-1.42948909600071e-17,8.144578193642e-11
79432.8234724269,-0.0143051638308949,7.1879629252402e-05,7.15275304688119e-05,1.21975630164607e-11,0.834813386513967,1.49935445643204e-07,-1.49685594024564e-17,8.33428979121771e-11
81283.0516164086,-0.0143051469218545,7.35538345323538e-05,7.15275304740351e-05,1.24816540769181e-11,0.834813386574928,1.53427579425149e-07,-1.56739740614129e-17,8.52842033961288e-11
83176.3771102658,-0.014305129215958,7.52670308861124e-05,7.15275304795044e-05,1.27723605601351e-11,0.834813386638762,1.57001033182292e-07,-1.64126308199299e-17,8.72707276941782e-11
85113.8038202363,-0.0143051106756554,7.70201260907246e-05,7.15275304852315e-05,1.30698364226448e-11,0.834813386705603,1.60657699507558e-07,-1.71860960338071e-17,8.93035240878448e-11
87096.3589956067,-0.0143050912616261,7.88140490364854e-05,7.15275304912285e-05,1.33742391973285e-11,0.834813386775595,1.64399514964111e-07,-1.79960098503522e-17,9.13836703927289e-11
89125.0938133731,-0.0143050709326977,8.06497502164793e-05,7.1527530497508e-05,1.36857300760244e-11,0.834813386848886,1.6822846110144e-07,-1.88440896833157e-17,9.35122695299834e-11
91201.0839355895,-0.0143050496457582,8.25282022273529e-05,7.15275305040835e-05,1.4004473994008e-11,0.83481338692563,1.721465654945e-07,-1.97321338513246e-17,9.56904501110979e-11
93325.4300796976,-0.0143050273556644,8.44504002815774e-05,7.15275305109689e-05,1.43306397163858e-11,0.83481338700599,1.76155902806419e-07,-2.06620253874979e-17,9.79193670363034e-11
95499.258602142,-0.0143050040151444,8.64173627314499e-05,7.15275305181788e-05,1.46643999264424e-11,0.834813387090138,1.80258595875274e-07,-2.16357360282815e-17,1.00200202106916e-10
97723.7220955795,-0.0143049795746996,8.84301316051242e-05,7.15275305257284e-05,1.50059313159902e-11,0.834813387178251,1.84456816825533e-07,-2.26553303899287e-17,1.02534164651945e-10
99999.9999999984,-0.0143049539825023,9.04897731549161e-05,7.15275305336338e-05,1.53554146777594e-11,0.834813387270516,1.88752788204637e-07,-2.37229703414311e-17,1.04922492169293e-10
102329.299228074,-0.0143049271842778,9.25973784180906e-05,7.15275305419117e-05,1.57130349998492e-11,0.83481338736713,1.93148784145001e-07,-2.48409195830887e-17,1.07366450981895e-10
104712.854805088,-0.0143048991231999,9.47540637905798e-05,7.15275305505797e-05,1.607898156234e-11,0.834813387468296,1.97647131552613e-07,-2.6011548440452e-17,1.09867336909143e-10
107151.930523759,-0.0143048697397624,9.69609716136861e-05,7.15275305596562e-05,1.64534480360373e-11,0.83481338757423,2.02250211321953e-07,-2.72373388836344e-17,1.12426475953941e-10
109647.819614317,-0.0143048389716524,9.92192707742166e-05,7.15275305691605e-05,1.68366325834448e-11,0.834813387685156,2.06960459578366e-07,-2.8520889782644e-17,1.15045225005775e-10
112201.845430195,-0.0143048067536284,0.000101530157318372,7.15275305791126e-05,1.72287379620189e-11,0.834813387801309,2.1178036894856e-07,-2.98649224098197e-17,1.17724972560152e-10
114815.362149686,-0.0143047730173705,0.000103894855079462,7.15275305895336e-05,1.76299716296825e-11,0.834813387922935,2.16712489858995e-07,-3.12722862008476e-17,1.20467139454798e-10
117489.755493951,-0.0143047376913399,0.000106314616320002,7.15275306004458e-05,1.80405458527239e-11,0.834813388050293,2.21759431863663e-07,-3.2745964786607e-17,1.2327317962301e-10
120226.443461739,-0.0143047007006323,0.000108790722388418,7.15275306118722e-05,1.84606778160979e-11,0.834813388183653,2.26923865001507e-07,-3.42890823084949e-17,1.26144580864544e-10
123026.877081236,-0.0143046619668085,0.000111324484390517,7.1527530623837e-05,1.8890589736136e-11,0.834813388323297,2.32208521183582e-07,-3.59049100304347e-17,1.29082865634473e-10
125892.541179415,-0.0143046214077392,0.000113917243876345,7.15275306363657e-05,1.93305089758022e-11,0.834813388469521,2.376161956116e-07,-3.75968732616269e-17,1.32089591850411e-10
128824.955169311,-0.0143045789374253,0.00011657037354247,7.15275306494847e-05,1.97806681624539e-11,0.834813388622636,2.43149748227421e-07,-3.936855860443e-17,1.35166353718542e-10
131825.673855639,-0.0143045344658161,0.000119285277950164,7.15275306632219e-05,2.02413053082093e-11,0.834813388782966,2.48812105194713e-07,-4.12237215426909e-17,1.3831478257889e-10
134896.288259163,-0.0143044878986177,0.0001220633942598,7.15275306776064e-05,2.07126639329538e-11,0.834813388950851,2.54606260413204e-07,-4.31662943864214e-17,1.41536547770278e-10
138038.426460286,-0.014304439137099,0.000124906192981838,7.15275306926688e-05,2.11949931900565e-11,0.834813389126647,2.60535277066394e-07,-4.52003945895398e-17,1.44833357515434e-10
141253.754462273,-0.0143043880778738,0.00012781517874459,7.15275307084409e-05,2.16885479947912e-11,0.834813389310726,2.66602289202701e-07,-4.73303334580067e-17,1.48206959826718e-10
144543.97707459,-0.0143043346126902,0.000130791891079368,7.15275307249562e-05,2.21935891555962e-11,0.83481338950348,2.72810503351672e-07,-4.95606252667827e-17,1.51659143432933e-10
147910.838816818,-0.0143042786281951,0.000133837905223105,7.15275307422497e-05,2.27103835081398e-11,0.834813389705316,2.79163200174875e-07,-5.18959968045332e-17,1.55191738727743e-10
151356.124843618,-0.014304220005699,0.000136954832939037,7.15275307603581e-05,2.32392040523106e-11,0.834813389916663,2.85663736152969e-07,-5.43413973662121e-17,1.5880661874017e-10
154881.661891246,-0.0143041586209223,0.000140144323355643,7.15275307793198e-05,2.37803300921344e-11,0.834813390137969,2.92315545308956e-07,-5.6902009214328e-17,1.62505700127697e-10
158489.319246109,-0.0143040943437286,0.000143408063824265,7.1527530799175e-05,2.43340473786861e-11,0.834813390369702,2.99122140968507e-07,-5.9583258530804e-17,1.6629094419251e-10
162181.00973589,-0.014304027037862,0.000146747780795964,7.15275308199656e-05,2.49006482560986e-11,0.834813390612354,3.0608711755858e-07,-6.23908268824396e-17,1.70164357921406e-10
165958.690743753,-0.0143039565606403,0.000150165240717512,7.15275308417359e-05,2.5480431810577e-11,0.83481339086644,3.13214152443318e-07,-6.53306632235913e-17,1.74127995049927e-10
169824.365246172,-0.0143038827626698,0.000153662250947577,7.1527530864532e-05,2.60737040226726e-11,0.834813391132498,3.20507007800241e-07,-6.84089964615849e-17,1.78183957151276e-10
173780.082874935,-0.0143038054875175,0.000157240660692829,7.15275308884022e-05,2.6680777922668e-11,0.834813391411092,3.27969532535059e-07,-7.16323486106034e-17,1.82334394750604e-10
177827.941003889,-0.0143037245713898,0.000160902361964899,7.15275309133971e-05,2.73019737492831e-11,0.834813391702812,3.35605664237598e-07,-7.50075485618311e-17,1.86581508465245e-10
181970.085860995,-0.0143036398427765,0.000164649290558123,7.15275309395696e-05,2.79376191116187e-11,0.834813392008277,3.43419431177936e-07,-7.85417464982002e-17,1.90927550171519e-10
186208.713666284,-0.0143035511220958,0.000168483427048891,7.15275309669753e-05,2.8588049154505e-11,0.834813392328135,3.51414954344726e-07,-8.22424289840103e-17,1.95374824198705e-10
190546.071796322,-0.0143034582213103,0.000172406797816662,7.15275309956722e-05,2.92536067272086e-11,0.834813392663062,3.59596449525282e-07,-8.61174347605464e-17,1.9992568855083e-10
194984.459975801,-0.0143033609435299,0.000176421476087252,7.15275310257212e-05,2.99346425555994e-11,0.83481339301377,3.67968229428594e-07,-9.01749712806138e-17,2.04582556156915e-10
199526.231496885,-0.0143032590825988,0.000180529582998756,7.15275310571859e-05,3.06315154178146e-11,0.834813393381001,3.76534705851829e-07,-9.44236320162702e-17,2.09347896150346e-10
204173.79446695,-0.0143031524226542,0.000184733288690402,7.1527531090133e-05,3.13445923234274e-11,0.834813393765533,3.85300391890442e-07,-9.88724145754951e-17,2.14224235178044e-10
208929.6130854,-0.0143030407376749,0.000189034813414943,7.15275311246323e-05,3.20742486962271e-11,0.834813394168182,3.94269904193195e-07,-1.03530739665468e-16,2.19214158740129e-10
213796.20895022,-0.0143029237910004,0.000193436428674793,7.1527531160757e-05,3.28208685605855e-11,0.8348133945898,4.03447965261887e-07,-1.08408470941457e-16,2.24320312560786e-10
218776.162394952,-0.014302801334837,0.000197940458382527,7.15275311985835e-05,3.35848447315164e-11,0.834813395031281,4.12839405797076e-07,-1.13515935782493e-16,2.29545403991073e-10
223872.11385683,-0.0143026731097248,0.000202549280045828,7.1527531238192e-05,3.43665790083637e-11,0.834813395493561,4.22449167089128e-07,-1.18863947036342e-16,2.34892203444392e-10
229086.765276773,-0.0143025388439962,0.00020726532597769,7.15275312796665e-05,3.51664823722766e-11,0.834813395977618,4.32282303456497e-07,-1.24463825778923e-16,2.40363545865404e-10
234422.881531988,-0.0143023982532033,0.000212091084532012,7.15275313230948e-05,3.59849751874211e-11,0.834813396484479,4.42343984730735e-07,-1.30327425134715e-16,2.45962332233158e-10
239883.291901945,-0.0143022510395129,0.000217029101364975,7.15275313685689e-05,3.68224874059503e-11,0.834813397015216,4.52639498788542e-07,-1.36467155207013e-16,2.51691531099236e-10
245470.891568499,-0.0143020968910828,0.000222081980722785,7.15275314161851e-05,3.76794587768195e-11,0.834813397570955,4.63174254131949e-07,-1.4289600916933e-16,2.57554180161716e-10
251188.643150954,-0.0143019354813979,0.000227252386755912,7.15275314660443e-05,3.85563390583829e-11,0.834813398152872,4.73953782515977e-07,-1.49627590571034e-16,2.63553387875812e-10
257039.578276882,-0.014301766468588,0.000232543044860514,7.15275315182521e-05,3.94535882348846e-11,0.8348133987622,4.84983741625144e-07,-1.56676141913339e-16,2.69692335102018e-10
263026.799189534,-0.014301589494703,0.000237956743047115,7.15275315729191e-05,4.03716767367586e-11,0.83481339940023,4.96269917797927e-07,-1.6405657455355e-16,2.75974276792649e-10
269153.480392687,-0.0143014041849594,0.000243496333337092,7.1527531630161e-05,4.13110856648028e-11,0.834813400068312,5.0781822880001e-07,-1.71784499998616e-16,2.82402543717667e-10
275422.870333812,-0.0143012101469492,0.000249164733187249,7.15275316900991e-05,4.22723070182011e-11,0.834813400767861,5.19634726646082e-07,-1.79876262651444e-16,2.88980544230705e-10
281838.29312644,-0.0143010069698156,0.000254964926942889,7.15275317528602e-05,4.32558439264128e-11,0.834813401500359,5.31725600470532e-07,-1.88348974076429e-16,2.95711766076228e-10
288403.150312656,-0.0143007942233853,0.000260899967319578,7.15275318185773e-05,4.42622108848683e-11,0.834813402267357,5.44097179446381e-07,-1.97220548853271e-16,3.02599778238788e-10
295120.922666633,-0.0143005714572645,0.00026697297691407,7.15275318873894e-05,4.52919339945022e-11,0.834813403070477,5.56755935752916e-07,-2.06509742091616e-16,3.09648232835355e-10
301995.172040196,-0.0143003381998894,0.000273187149744524,7.15275319594422e-05,4.63455512050434e-11,0.834813403911421,5.69708487591184e-07,-2.16236188681787e-16,3.16860867051726e-10
309029.543251354,-0.0143000939575337,0.000279545752820421,7.15275320348883e-05,4.74236125620614e-11,0.834813404791968,5.82961602247421e-07,-2.26420444360524e-16,3.24241505124039e-10
316227.766016832,-0.0142998382132733,0.00028605212774239,7.15275321138874e-05,4.85266804577138e-11,0.834813405713982,5.9652219920388e-07,-2.37084028673906e-16,3.31794060366445e-10
323593.656929623,-0.0142995704258982,0.00029270969233211,7.15275321966065e-05,4.96553298851108e-11,0.834813406679414,6.10397353296158e-07,-2.48249469923074e-16,3.39522537246007e-10
331131.121482585,-0.0142992900287708,0.000299521942292415,7.15275322832207e-05,5.08101486962082e-11,0.834813407690307,6.24594297916101e-07,-2.59940352182086e-16,3.47431033505931e-10
338844.156139197,-0.0142989964286414,0.000306492452898086,7.15275323739134e-05,5.19917378632416e-11,0.834813408748799,6.39120428260538e-07,-2.72181364481616e-16,3.55523742338262e-10
346736.850452526,-0.0142986890044016,0.000313624880717105,7.15275324688763e-05,5.32007117434924e-11,0.834813409857131,6.53983304623501e-07,-2.84998352255196e-16,3.63804954607174e-10
354813.389233569,-0.0142983671057787,0.000320922965362551,7.15275325683103e-05,5.44376983473059e-11,0.834813411017645,6.69190655731094e-07,-2.98418371149475e-16,3.72279061124062e-10
363078.054770095,-0.0142980300519717,0.000328390531275284,7.15275326724257e-05,5.57033396092515e-11,0.834813412232798,6.84750382117877e-07,-3.1246974330422e-16,3.80950554975622e-10
371535.229097166,-0.014297677130227,0.000336031489537412,7.15275327814427e-05,5.69982916622852e-11,0.834813413505158,7.00670559543189e-07,-3.27182116212079e-16,3.89824033906159e-10
380189.396320554,-0.0142973075943445,0.000343849839716383,7.15275328955918e-05,5.83232251147089e-11,0.834813414837415,7.16959442445185e-07,-3.4258652427255e-16,3.98904202755388e-10
389045.144994274,-0.0142969206631088,0.000351849671739488,7.15275330151143e-05,5.96788253297043e-11,0.834813416232387,7.33625467430063e-07,-3.58715453159226e-16,4.08195875953024e-10
398107.17055349,-0.0142965155186646,0.000360035167799192,7.15275331402628e-05,6.10657927074157e-11,0.834813417693021,7.50677256796324e-07,-3.75602907125559e-16,4.17703980071471e-10
407380.277804106,-0.0142960913047982,0.000368410604288198,7.15275332713018e-05,6.24848429690774e-11,0.834813419222405,7.68123622088317e-07,-3.93284479376915e-16,4.27433556437977e-10
416869.383470328,-0.0142956471251522,0.000376980353764686,7.15275334085083e-05,6.39367074431547e-11,0.834813420823769,7.85973567678785e-07,-4.11797425644637e-16,4.37389763807636e-10
426579.518801585,-0.0142951820413517,0.000385748886946916,7.1527533552172e-05,6.54221333530848e-11,0.834813422500498,8.04236294375773e-07,-4.31180741101255e-16,4.47577881098652e-10
436515.832240158,-0.0142946950710462,0.000394720774736899,7.15275337025964e-05,6.69418841063425e-11,0.834813424256132,8.22921203050768e-07,-4.51475240762457e-16,4.58003310191312e-10
446683.592150955,-0.0142941851858615,0.000403900690272583,7.15275338600991e-05,6.84967395844891e-11,0.834813426094379,8.42037898284251e-07,-4.7272364352693e-16,4.68671578792166e-10
457088.189614867,-0.0142936513092556,0.000413293411007795,7.15275340250128e-05,7.00874964337845e-11,0.834813428019121,8.61596192023883e-07,-4.9497066001077e-16,4.79588343364917e-10
467735.14128719,-0.0142930923142809,0.000422903820819405,7.15275341976855e-05,7.17149683560121e-11,0.83481343003442,8.81606107251375e-07,-5.18263084339844e-16,4.90759392129584e-10
478630.09232263,-0.0142925070212353,0.000432736912140422,7.15275343784817e-05,7.33799863989236e-11,0.834813432144529,9.0207788165128e-07,-5.42649890068324e-16,5.02190648131524e-10
489778.819368438,-0.0142918941952138,0.000442797788118526,7.15275345677827e-05,7.50833992459628e-11,0.8348134343539,9.23021971277865e-07,-5.68182330399844e-16,5.13888172381946e-10
501187.233627263,-0.0142912525435431,0.000453091664798506,7.1527534765988e-05,7.68260735045861e-11,0.834813436667195,9.44449054212248e-07,-5.94914042892262e-16,5.2585816707158e-10
512861.383991356,-0.0142905807131034,0.000463623873327564,7.15275349735154e-05,7.8608893992662e-11,0.83481343908929,9.66370034203925e-07,-6.22901158834966e-16,5.38106978859192e-10
524807.460249763,-0.0142898772875227,0.000474399862181823,7.15275351908025e-05,8.04327640222221e-11,0.834813441625292,9.88796044288345e-07,-6.52202417493321e-16,5.50641102236721e-10
537031.796370243,-0.0142891407842429,0.000485425199412477,7.15275354183072e-05,8.22986056798689e-11,0.834813444280547,1.01173845037259e-06,-6.82879285422211e-16,5.63467182972782e-10
549540.873857615,-0.0142883696514621,0.000496705574910179,7.1527535656509e-05,8.4207360103186e-11,0.834813447060649,1.0352088547817e-06,-7.14996081058432e-16,5.76592021636397e-10
562341.325190339,-0.0142875622649255,0.000508246802684909,7.15275359059095e-05,8.61599877520758e-11,0.834813449971454,1.05921909975322e-06,-7.48620104805835e-16,5.90022577202792e-10
575439.937337147,-0.0142867169245802,0.000520054823159876,7.15275361670338e-05,8.81574686743495e-11,0.83481345301909,1.08378127087236e-06,-7.83821774837862e-16,6.03765970743203e-10
588843.655355579,-0.0142858318510721,0.000532135705476418,7.15275364404317e-05,9.02008027643908e-11,0.834813456209973,1.10890770043406e-06,-8.20674768845777e-16,6.17829489200618e-10
602559.586074347,-0.0142849051820876,0.000544495649807586,7.15275367266784e-05,9.22910100139471e-11,0.834813459550816,1.13461097072122e-06,-8.5925617197047e-16,6.32220589253477e-10
616595.001861471,-0.0142839349685311,0.000557140989677343,7.15275370263759e-05,9.44291307538461e-11,0.834813463048648,1.16090391718518e-06,-8.99646631161443e-16,6.46946901269371e-10
630957.344480182,-0.0142829191705305,0.000570078194282161,7.15275373401543e-05,9.66162258853979e-11,0.834813466710821,1.18779963151416e-06,-9.41930516213997e-16,6.62016233350839e-10
645654.229034644,-0.0142818556532619,0.000583313870811356,7.15275376686732e-05,9.88533771000896e-11,0.834813470545032,1.21531146457369e-06,-9.86196087742075e-16,6.7743657547541e-10
660693.448007584,-0.0142807421825883,0.000596854766762417,7.15275380126226e-05,1.01141687086157e-10,0.834813474559337,1.24345302920258e-06,-1.03253567235173e-15,6.93216103732075e-10
676082.97539197,-0.0142795764205028,0.000610707772247033,7.15275383727247e-05,1.03482279720434e-10,0.834813478762163,1.27223820284606e-06,-1.08104584528612e-15,7.09363184656454e-10
691830.970918924,-0.0142783559203707,0.000624879922283281,7.15275387497354e-05,1.05876300243802e-10,0.834813483162332,1.3016811300067e-06,-1.13182762081971e-15,7.25886379666939e-10
707945.784384125,-0.014277078121961,0.000639378399068979,7.15275391444454e-05,1.08324915418412e-10,0.834813487769073,1.33179622449199e-06,-1.1849866506852e-15,7.4279444960418e-10
724435.960074977,-0.0142757403462543,0.000654210534230532,7.15275395576822e-05,1.10829313664647e-10,0.834813492592046,1.362598171435e-06,-1.2406334308216e-15,7.60096359376306e-10
741310.241300904,-0.0142743397900227,0.00066938381104157,7.15275399903119e-05,1.13390705175755e-10,0.834813497641356,1.39410192906441e-06,-1.29888351673833e-15,7.77801282712363e-10
758577.57502917,-0.0142728735201766,0.000684905866605159,7.15275404432404e-05,1.16010322007934e-10,0.834813502927578,1.42632273019797e-06,-1.35985774779498e-15,7.95918607026474e-10
776247.116628678,-0.0142713384678567,0.000700784493992121,7.15275409174157e-05,1.18689418143261e-10,0.834813508461776,1.45927608342935e-06,-1.42368248069791e-15,8.14457938395306e-10
794328.234724267,-0.0142697314222723,0.000717027644328402,7.15275414138296e-05,1.21429269522959e-10,0.834813514255525,1.49297777397936e-06,-1.49048983252131e-15,8.33429106651487e-10
812830.516164085,-0.0142680490242709,0.000733643428823239,7.15275419335197e-05,1.24231174048124e-10,0.834813520320935,1.52744386417819e-06,-1.56041793356097e-15,8.52842170595676e-10
831763.771102656,-0.0142662877596263,0.000750640120729141,7.15275424775716e-05,1.27096451544822e-10,0.834813526670678,1.56269069354273e-06,-1.63361119032978e-15,8.72707423330032e-10
851138.038202361,-0.0142644439520451,0.000768026157224847,7.15275430471209e-05,1.30026443690465e-10,0.834813533318005,1.59873487841346e-06,-1.71022055900755e-15,8.93035397715943e-10
870963.589956065,-0.0142625137558611,0.000785810141210008,7.15275436433556e-05,1.3302251389767e-10,0.834813540276782,1.63559331110641e-06,-1.79040382965015e-15,9.13836871958874e-10
891250.938133729,-0.0142604931484339,0.000804000843002087,7.1527544267518e-05,1.3608604715227e-10,0.834813547561511,1.6732831585421e-06,-1.87432592147036e-15,9.35122875323327e-10
912010.839355893,-0.0142583779222052,0.000822607201921784,7.15275449209081e-05,1.3921844980093e-10,0.834813555187361,1.71182186029821e-06,-1.96215918948525e-15,9.56904693980917e-10
933254.300796974,-0.0142561636764345,0.000841638327756086,7.15275456048851e-05,1.42421149284582e-10,0.834813563170198,1.75122712604244e-06,-2.05408374283334e-15,9.79193876994694e-10
954992.586021419,-0.0142538458085845,0.000861103502084228,7.15275463208708e-05,1.45695593812794e-10,0.834813571526615,1.79151693228848e-06,-2.15028777504533e-15,1.00200224244285e-09
977237.220955793,-0.0142514195053396,0.000881012179451807,7.1527547070352e-05,1.49043251974092e-10,0.834813580273965,1.83270951841764e-06,-2.25096790654487e-15,1.02534188368512e-09
999999.999999982,-0.0142488797332599,0.000901373988377899,7.15275478548836e-05,1.52465612277173e-10,0.834813589430395,1.874823381907e-06,-2.35632953964552e-15,1.04922517577508e-09
1023292.99228074,-0.0142462212290465,0.000922198732177799,7.15275486760913e-05,1.55964182617234e-10,0.834813599014879,1.91787727269725e-06,-2.46658722628891e-15,1.07366478202191e-09
1047128.54805088,-0.0142434384894079,0.000943496389583296,7.15275495356752e-05,1.59540489661393e-10,0.834813609047259,1.96189018663008e-06,-2.5819650487514e-15,1.09867366070499e-09
1071519.30523759,-0.0142405257605187,0.000965277115141358,7.15275504354124e-05,1.63196078146895e-10,0.834813619548278,2.00688135788188e-06,-2.70269701352409e-15,1.12426507194485e-09
1096478.19614316,-0.014237477027046,0.00098755123936969,7.15275513771613e-05,1.66932510084982e-10,0.834813630539624,2.05287025031103e-06,-2.82902745853817e-15,1.1504525847343e-09
1122018.45430194,-0.0142342860007493,0.00101032926864812,7.15275523628641e-05,1.70751363863505e-10,0.834813642043965,2.09987654763817e-06,-2.96121147388452e-15,1.17725008413326e-09
1148153.62149686,-0.0142309461086172,0.00103362188482054,7.15275533945514e-05,1.74654233239989e-10,0.834813654085,2.14792014236326e-06,-3.09951533612577e-15,1.20467177863122e-09
1174897.55493951,-0.0142274504805498,0.00105743994448337,7.15275544743452e-05,1.78642726217286e-10,0.834813666687495,2.19702112332786e-06,-3.24421695626976e-15,1.23273220768126e-09
1202264.43461739,-0.0142237919365563,0.00108179447793233,7.15275556044634e-05,1.82718463792586e-10,0.834813679877338,2.24719976181524e-06,-3.39560634141112e-15,1.26144624940954e-09
1230268.77081236,-0.0142199629734649,0.00110669668773908,7.15275567872238e-05,1.86883078570546e-10,0.834813693681579,2.29847649608092e-06,-3.55398606999972e-15,1.29082912850441e-09
1258925.41179414,-0.0142159557511338,0.00113215794692716,7.15275580250481e-05,1.91138213230558e-10,0.834813708128482,2.35087191419768e-06,-3.71967178062903e-15,1.32089642428926e-09
1288249.55169311,-0.0142117620781374,0.00115818979671319,7.15275593204667e-05,1.95485518837165e-10,0.834813723247579,2.40440673508676e-06,-3.89299267415722e-15,1.35166407898355e-09
1318256.73855638,-0.014207373396932,0.00118480394377955,7.1527560676123e-05,1.99926652982617e-10,0.834813739069723,2.45910178760767e-06,-4.07429202890443e-15,1.38314840615616e-09
1348962.88259163,-0.014202780768483,0.00121201225704082,7.15275620947781e-05,2.04463277749411e-10,0.83481375562714,2.51497798756467e-06,-4.26392772856877e-15,1.4153660993758e-09
1380384.26460286,-0.0141979748563358,0.00123982676386366,7.15275635793163e-05,2.0909705747981e-10,0.834813772953491,2.57205631247901e-06,-4.46227280239926e-15,1.44833424106281e-09
1412537.54462273,-0.0141929459101384,0.00126825964569969,7.15275651327491e-05,2.13829656339264e-10,0.834813791083926,2.63035777397429e-06,-4.66971597706088e-15,1.48207031154735e-09
1445439.7707459,-0.0141876837485792,0.00129732323308416,7.15275667582218e-05,2.18662735658589e-10,0.834813810055153,2.68990338759891e-06,-4.88666223947456e-15,1.51659219833847e-09
1479108.38816818,-0.0141821777417667,0.00132702999995631,7.15275684590177e-05,2.23597951040662e-10,0.834813829905494,2.75071413991988e-06,-5.11353340980654e-15,1.55191820560918e-09
1513561.24843618,-0.0141764167930135,0.00135739255724808,7.15275702385648e-05,2.28636949214625e-10,0.834813850674954,2.81281095268961e-06,-5.35076872358401e-15,1.58806706390256e-09
1548816.61891245,-0.0141703893200362,0.0013884236456901,7.15275721004405e-05,2.33781364621088e-10,0.83481387240529,2.87621464389386e-06,-5.59882542176741e-15,1.62505794006388e-09
1584893.19246108,-0.0141640832355649,0.00142013612777788,7.15275740483788e-05,2.39032815710181e-10,0.83481389514008,2.94094588546931e-06,-5.85817934740041e-15,1.66291044740421e-09
1621810.0973589,-0.0141574859273543,0.00145254297883873,7.15275760862756e-05,2.44392900933374e-10,0.834813918924794,3.00702515746843e-06,-6.1293255472438e-15,1.7016446561008e-09
1659586.90743753,-0.0141505842376149,0.00148565727713825,7.15275782181951e-05,2.49863194409494e-10,0.834813943806866,3.07447269844395e-06,-6.41277887657583e-15,1.74128110383975e-09
1698243.65246171,-0.0141433644418336,0.00151949219295697,7.15275804483769e-05,2.5544524124289e-10,0.834813969835778,3.14330845179603e-06,-6.70907460504583e-15,1.78184080670665e-09
1737800.82874934,-0.0141358122270366,0.00155406097657248,7.15275827812422e-05,2.61140552472992e-10,0.83481399706313,3.21355200784038e-06,-7.0187690212379e-15,1.82334527033098e-09
1778279.41003889,-0.0141279126694565,0.00158937694506896,7.15275852214008e-05,2.66950599630515e-10,0.834814025542726,3.28522254130898e-06,-7.34244003321722e-15,1.86581650129009e-09
1819700.85860995,-0.0141196502116476,0.0016254534679007,7.15275877736586e-05,2.72876808876806e-10,0.834814055330653,3.35833874400983e-06,-7.6806877620442e-15,1.90927701877897e-09
1862087.13666283,-0.0141110086390553,0.00166230395112783,7.15275904430241e-05,2.7892055470045e-10,0.834814086485368,3.43291875234404e-06,-8.03413512483429e-15,1.95374986655188e-09
1905460.71796321,-0.0141019710560576,0.00169994182023974,7.15275932347162e-05,2.85083153144143e-10,0.834814119067783,3.50898006936583e-06,-8.40342840353014e-15,1.99925862514215e-09
1949844.59975801,-0.014092519861506,0.00173838050147817,7.15275961541719e-05,2.91365854533961e-10,0.834814153141353,3.5865394810608e-06,-8.78923779511055e-15,2.04582742436681e-09
1995262.31496884,-0.0140826367238016,0.00177763340156855,7.15275992070538e-05,2.97769835681918e-10,0.834814188772169,3.66561296650332e-06,-9.19225793846996e-15,2.09348095612248e-09
2041737.94466949,-0.0140723025555316,0.00181771388576235,7.1527602399258e-05,3.04296191531013e-10,0.834814226029042,3.74621560153412e-06,-9.61320841265486e-15,2.14224448747944e-09
2089296.130854,-0.0140614974877234,0.00185863525409252,7.15276057369218e-05,3.10945926211651e-10,0.834814264983606,3.82836145559575e-06,-1.00528342005891e-14,2.19214387408082e-09
2137962.08950219,-0.0140502008437473,0.00190041071573647,7.15276092264322e-05,3.17719943475981e-10,0.834814305710403,3.91206348133582e-06,-1.0511906111758e-14,2.24320557385389e-09
2187761.62394951,-0.0140383911129404,0.00194305336138113,7.15276128744338e-05,3.24619036476709e-10,0.834814348286983,3.99733339658862e-06,-1.09912211566747e-14,2.29545666104099e-09
2238721.1385683,-0.0140260459240107,0.0019865761334791,7.1527616687837e-05,3.31643876855222e-10,0.834814392793998,4.08418155832514e-06,-1.14916028651987e-14,2.34892484055722e-09
2290867.65276773,-0.0140131420182965,0.00203099179428198,7.15276206738263e-05,3.38795003102888e-10,0.834814439315302,4.17261682815075e-06,-1.20139015399843e-14,2.40363846268279e-09
2344228.81531988,-0.0139996552229555,0.002076312891533,7.15276248398685e-05,3.46072808158192e-10,0.834814487938041,4.26264642891507e-06,-1.25589944354755e-14,2.4596265380977e-09
2398832.91901944,-0.0139855604241947,0.00212255172170144,7.15276291937212e-05,3.53477526202473e-10,0.834814538752756,4.35427579200056e-06,-1.31277858519719e-14,2.51691875326664e-09
2454708.91568498,-0.0139708315406385,0.00216972029063615,7.15276337434408e-05,3.61009218615361e-10,0.834814591853473,4.44750839483623e-06,-1.37212071332787e-14,2.57554548618255e-09
2511886.43150953,-0.0139554414969379,0.00221783027151248,7.15276384973908e-05,3.68667759050076e-10,0.834814647337806,4.54234558817251e-06,-1.43402165553793e-14,2.63553782247682e-09
2570395.78276881,-0.0139393621977764,0.00226689295995095,7.15276434642497e-05,3.76452817590003e-10,0.834814705307042,4.63878641266754e-06,-1.49857990924978e-14,2.6969275719051e-09
2630267.99189533,-0.0139225645024017,0.00231691922618033,7.15276486530188e-05,3.84363843946152e-10,0.834814765866239,4.73682740431443e-06,-1.56589660456591e-14,2.75974728521704e-09
2691534.80392686,-0.0139050181998444,0.00236791946411979,7.15276540730303e-05,3.9240004965569e-10,0.834814829124314,4.83646238824535e-06,-1.6360754517588e-14,2.82403027141926e-09
2754228.70333811,-0.0138866919849939,0.00241990353725498,7.15276597339541e-05,4.00560389241818e-10,0.834814895194125,4.93768226045007e-06,-1.70922267164146e-14,2.88981061544052e-09
2818382.9312644,-0.0138675534357428,0.00247288072118905,7.15276656458052e-05,4.08843540297083e-10,0.834814964192561,5.04047475696687e-06,-1.78544690692601e-14,2.95712319620852e-09
2884031.50312655,-0.0138475689913811,0.00252685964274472,7.15276718189502e-05,4.17247882450738e-10,0.834815036240613,5.14482421008735e-06,-1.86485911251517e-14,3.0260037051479e-09
2951209.22666633,-0.0138267039324889,0.00258184821550629,7.15276782641139e-05,4.25771475184611e-10,0.834815111463451,5.25071129116104e-06,-1.94757242252035e-14,3.09648866510932e-09
3019951.72040196,-0.013804922362576,0.00263785357169301,7.15276849923843e-05,4.34412034462762e-10,0.834815189990487,5.35811273959559e-06,-2.03370199162756e-14,3.16861544973952e-09
3090295.43251353,-0.0137821871917178,0.00269488199025942,7.15276920152184e-05,4.43166908141436e-10,0.834815271955437,5.46700107766254e-06,-2.12336480825029e-14,3.24242230330282e-09
3162277.66016832,-0.0137584601225038,0.00275293882113569,7.15276993444459e-05,4.52033050131189e-10,0.834815357496367,5.57734431078144e-06,-2.21667947673484e-14,3.31794836096444e-09
3235936.56929622,-0.0137337016385922,0.00281202840552462,7.15277069922732e-05,4.61006993284154e-10,0.834815446755742,5.6891056129677e-06,-2.31376596568123e-14,3.39523366954639e-09
3311311.21482584,-0.0137078709962167,0.00287215399219033,7.15277149712856e-05,4.70084820985052e-10,0.834815539880447,5.80224299719557e-06,-2.41474531925072e-14,3.4743192087671e-09
3388441.56139196,-0.0136809262189964,0.00293331764968746,7.15277232944494e-05,4.79262137428767e-10,0.834815637021815,5.91670897047669e-06,-2.51973932812336e-14,3.55524691297577e-09
3467368.50452525,-0.0136528240964479,0.00299552017450178,7.15277319751119e-05,4.88534036574167e-10,0.834815738335624,6.03245017353486e-06,-2.62887015656483e-14,3.6380596933933e-09
3548133.89233568,-0.0136235201865849,0.00305876099508846,7.15277410270008e-05,4.97895069768443e-10,0.834815843982094,6.14940700501115e-06,-2.74225992183881e-14,3.7228014608713e-09
3630780.54770094,-0.0135929688230614,0.00312303807182787,7.1527750464222e-05,5.07339212046698e-10,0.834815954125858,6.26751323025591e-06,-2.86003022199936e-14,3.8095171491814e-09
3715352.29097165,-0.0135611231273002,0.0031883477929388,7.15277603012559e-05,5.16859827117611e-10,0.834816068935919,6.38669557483487e-06,-2.98230160786891e-14,3.89825273884714e-09
3801893.96320554,-0.0135279350260932,0.00325468486642618,7.15277705529519e-05,5.26449631057471e-10,0.834816188585586,6.50687330301083e-06,-3.10919299480075e-14,3.98905528153115e-09
3890451.44994273,-0.0134933552751767,0.00332204220817345,7.15277812345208e-05,5.36100654745059e-10,0.834816313252392,6.6279577815812e-06,-3.24082100960939e-14,4.08197292499039e-09
3981071.70553489,-0.0134573334893089,0.00339041082633065,7.15277923615262e-05,5.45804205082465e-10,0.834816443117979,6.74985202959873e-06,-3.37729926784854e-14,4.17705493861282e-09
4073802.77804105,-0.0134198181794053,0.00345977970219543,7.15278039498724e-05,5.5555082506111e-10,0.834816578367971,6.87245025466846e-06,-3.51873757642399e-14,4.27435173954889e-09
4168693.83470327,-0.0133807567972672,0.00353013566782245,7.15278160157909e-05,5.65330252744083e-10,0.834816719191809,6.99563737665199e-06,-3.66524105632637e-14,4.37391491945183e-09
4265795.18801584,-0.0133400957885328,0.00360146328066945,7.15278285758239e-05,5.75131379258275e-10,0.83481686578256,7.11928853987168e-06,-3.81690918013587e-14,4.47579727184073e-09
4365158.32240157,-0.0132977806543976,0.00367374469562183,7.15278416468053e-05,5.84942205900234e-10,0.834817018336698,7.24326861502859e-06,-3.97383471875996e-14,4.58005282010101e-09
4466835.92150954,-0.0132537560227392,0.0037469595348204,7.15278552458387e-05,5.94749800485088e-10,0.834817177053841,7.36743169234553e-06,-4.13610259177795e-14,4.68673684613703e-09
4570881.89614866,-0.0132079657292421,0.00382108475577276,7.15278693902724e-05,6.04540253085141e-10,0.834817342136465,7.49162056764748e-06,-4.30378861565229e-14,4.79590591969203e-09
4677351.41287189,-0.0131603529091265,0.0038960945183023,7.15278840976709e-05,6.14298631327444e-10,0.834817513789569,7.61566622335674e-06,-4.47695814400928e-14,4.90761792835085e-09
4786300.92322629,-0.0131108601000955,0.00397196005097125,7.15278993857833e-05,6.24008935445006e-10,0.834817692220307,7.73938730667625e-06,-4.65566459418592e-14,5.02193210824137e-09
4897788.19368436,-0.0130594293570725,0.00404864951768524,7.15279152725077e-05,6.3365405329823e-10,0.834817877637572,7.86258960749041e-06,-4.83994785424724e-14,5.13890907545075e-09
5011872.33627262,-0.013006002379303,0.00412612788527932,7.15279317758519e-05,6.4321571561172e-10,0.834818070251537,7.98506553884604e-06,-5.02983256477521e-14,5.25861085817327e-09
5128613.83991355,-0.0129505206503584,0.00420435679297067,7.15279489138905e-05,6.52674451697845e-10,0.834818270273153,8.10659362318236e-06,-5.22532626986387e-14,5.38110092960655e-09
5248074.60249762,-0.0128929255915295,0.00428329442465153,7.15279667047169e-05,6.62009545965721e-10,0.834818477913593,8.22693798779742e-06,-5.42641743195453e-14,5.50644424161359e-09
5370317.96370242,-0.0128331587290683,0.00436289538509491,7.15279851663921e-05,6.71198995544784e-10,0.834818693383652,8.34584787339431e-06,-5.63307330543604e-14,5.63470725916849e-09
5495408.73857613,-0.0127711618756494,0.00444311058123185,7.15280043168887e-05,6.80219469378739e-10,0.834818916893091,8.46305715986141e-06,-5.84523766427302e-14,5.76595799560381e-09
5623413.25190338,-0.0127068773263762,0.00452388710976198,7.15280241740298e-05,6.89046269177393e-10,0.834819148649928,8.57828391381091e-06,-6.06282837938655e-14,5.90026604867846e-09
5754399.37337145,-0.0126402480695433,0.00460516815244326,7.15280447554246e-05,6.97653292639873e-10,0.834819388859682,8.69122996270345e-06,-6.28573484202339e-14,6.03770263748477e-09
5888436.55355577,-0.0125712180122846,0.00468689288050387,7.1528066078398e-05,7.06012999392584e-10,0.834819637724559,8.80158050073519e-06,-6.51381522999325e-14,6.1783406402146e-09
6025595.86074345,-0.0124997322211096,0.0047689963697003,7.15280881599169e-05,7.14096380110346e-10,0.834819895442581,8.90900373195633e-06,-6.74689361437064e-14,6.32225463280406e-09
6165950.0186147,-0.012425737177215,0.00485140952763263,7.15281110165109e-05,7.21872929315891e-10,0.83482016220667,9.01315055640215e-06,-6.98475690510836e-14,6.46952092847746e-09
6309573.4448018,-0.0123491810462824,0.00493405903498628,7.15281346641891e-05,7.29310622370873e-10,0.834820438203671,9.11365430522793e-06,-7.22715163491199e-14,6.62021761821115e-09
6456542.29034642,-0.0122700139623513,0.0050168673024476,7.15281591183523e-05,7.36375897195595e-10,0.834820723613333,9.21013053111921e-06,-7.47378058181292e-14,6.7744246121387e-09
6606934.48007582,-0.0121881883251489,0.00509975244507597,7.15281843937015e-05,7.4303364126551e-10,0.834821018607232,9.30217686037589e-06,-7.72429923199036e-14,6.93222368191918e-09
6760829.75391968,-0.0121036591100698,0.00518262827594982,7.15282105041417e-05,7.49247184443241e-10,0.834821323347657,9.38937291319372e-06,-7.97831208564337e-14,7.09369850409091e-09
6918309.70918922,-0.0120163841898277,0.00526540432093234,7.15282374626826e-05,7.54978298213523e-10,0.834821637986449,9.47128029876709e-06,-8.23536881009413e-14,7.25893470443351e-09
7079457.84384123,-0.0119263246665156,0.00534798585637058,7.15282652813363e-05,7.60187201878512e-10,0.834821962663805,9.54744269172172e-06,-8.4949602456501e-14,7.42801990336162e-09
7244359.60074975,-0.0118334452126718,0.00543027397154864,7.15282939710118e-05,7.64832576273069e-10,0.834822297507043,9.61738599641051e-06,-8.75651427135855e-14,7.60104376237428e-09
7413102.41300902,-0.011737714419612,0.00551216565762093,7.1528323541407e-05,7.68871585530156e-10,0.834822642629354,9.68061860526216e-06,-9.01939153921638e-14,7.77809803158444e-09
7585775.75029168,-0.0116391051511367,0.00559355392470615,7.15283540009001e-05,7.72259907412563e-10,0.834822998128521,9.73663175720976e-06,-9.28288108710766e-14,7.95927659835371e-09
7762471.16628676,-0.0115375949004099,0.00567432794868173,7.15283853564388e-05,7.74951772683499e-10,0.834823364085633,9.78490000171675e-06,-9.54619584226167e-14,8.14467553705798e-09
7943282.34724265,-0.0114331661475897,0.0057543732490848,7.15284176134301e-05,7.76900013947201e-10,0.834823740563796,9.82488177343467e-06,-9.80846802865759e-14,8.33439316001025e-09
8128305.16164082,-0.0113258067155445,0.00583357189934183,7.15284507756304e-05,7.78056124333909e-10,0.834824127606854,9.85602008186427e-06,-1.00687444933465e-13,8.52853006956762e-09
8317637.71102654,-0.0112155101207476,0.00591180277032991,7.15284848450368e-05,7.78370326335678e-10,0.834824525238116,9.87774331959942e-06,-1.03259819681285e-13,8.72718921144984e-09
8511380.38202359,-0.0111022759162415,0.00598894180802574,7.15285198217815e-05,7.77791651023221e-10,0.834824933459127,9.88946619184288e-06,-1.05790422844106e-13,8.93047592929789e-09
8709635.89956062,-0.0109861100233425,0.00606486234570059,7.15285557040291e-05,7.76268027781835e-10,0.834825352248466,9.89059076880811e-06,-1.0826687560257e-13,9.13849802050127e-09
8912509.38133727,-0.0108670250485932,0.00613943545079767,7.15285924878789e-05,7.7374638460505e-10,0.834825781560608,9.88050766146034e-06,-1.10675753796758e-13,9.35136579332378e-09
9120108.3935589,-0.0107450405823451,0.00621253030628053,7.15286301672722e-05,7.70172758877026e-10,0.834826221324844,9.85859731979501e-06,-1.13002539850218e-13,9.56919212535791e-09
9332543.00796971,-0.0106201834751938,0.00628401462582171,7.15286687339076e-05,7.65492418445142e-10,0.834826671444285,9.82423145133884e-06,-1.15231575037949e-13,9.79209252333918e-09
9549925.86021416,-0.0104924880885068,0.00635375510182692,7.15287081771627e-05,7.59649992668583e-10,0.834827131794959,9.77677455620941e-06,-1.17346012314843e-13,1.00201851843519e-08
9772372.2095579,-0.0103619965151744,0.00642161788479834,7.15287484840268e-05,7.52589612976761e-10,0.834827602225015,9.71558557329558e-06,-1.19327769917459e-13,1.0253591058459e-08
9999999.99999979,-0.0102287587668323,0.00648746909212406,7.15287896390424e-05,7.4425506234266e-10,0.834828082554048,9.64001963061829e-06,-1.21157485948169e-13,1.049243391279e-08
10232929.9228073,-0.0100928329238532,0.00655117534388823,7.1528831624259e-05,7.345899329239e-10,0.834828572572556,9.54942989115434e-06,-1.22814474139973e-13,1.07368403971196e-08
10471285.4805088,-0.00995428524456275,0.00661260432282028,7.15288744191997e-05,7.23537790977223e-10,0.83482907204155,9.44316948368842e-06,-1.24276680985807e-13,1.0986940110974e-08
10715193.0523758,-0.00981319023037678,0.00667162535504639,7.15289180008404e-05,7.11042348011296e-10,0.834829580692314,9.32059350661611e-06,-1.25520644397652e-13,1.12428656722993e-08
10964781.9614316,-0.00966963064382357,0.00672811000784053,7.1528962343605e-05,6.97047636998764e-10,0.834830098226345,9.18106109093969e-06,-1.26521454036399e-13,1.1504752787729e-08
11220184.5430194,-0.00952369747675666,0.00678193270013165,7.15290074193743e-05,6.81498192332233e-10,0.834830624315461,9.02393750710903e-06,-1.27252713424176e-13,1.17727403244883e-08
11481536.2149686,-0.00937548986650418,0.00683297132114205,7.15290531975128e-05,6.64339232090871e-10,0.834831158602111,8.84859629898245e-06,-1.27686503918101e-13,1.20469703839746e-08
11748975.549395,-0.00922511495814783,0.00688110785215513,7.15290996449105e-05,6.45516841067816e-10,0.834831700699864,8.65442142682301e-06,-1.27793350585291e-13,1.23275883770514e-08
12022644.3461739,-0.00907268771167639,0.00692622898611945,7.1529146726043e-05,6.24978152918511e-10,0.834832250194109,8.44080940019436e-06,-1.27542189977156e-13,1.2614743101098e-08
12302687.7081235,-0.00891833065332147,0.00696822673953917,7.15291944030477e-05,6.02671529710566e-10,0.834832806642947,8.20717138069259e-06,-1.26900339753954e-13,1.29085868188554e-08
12589254.1179414,-0.00876217357102848,0.00700699905094265,7.15292426358183e-05,5.78546737106794e-10,0.834833369578292,7.95293523387911e-06,-1.25833470061763e-13,1.32092753391108e-08
12882495.5169311,-0.00860435315464865,0.00704245036010734,7.15292913821159e-05,5.52555113377869e-10,0.834833938507169,7.67754750936845e-06,-1.24305576510814e-13,1.35169680992636e-08
13182567.3855638,-0.00844501258214839,0.00707449216223079,7.15293405976967e-05,5.24649730444384e-10,0.834834512913201,7.38047532806482e-06,-1.22278954551225e-13,1.38318282498176e-08
13489628.8259162,-0.00828430105379307,0.00710304353129137,7.15293902364557e-05,4.9478554516485e-10,0.83483509225829,7.06120815573588e-06,-1.1971417498585e-13,1.41540227408446e-08
13803842.6460286,-0.00812237327696881,0.00712803160702435,7.1529440250586e-05,4.62919539141978e-10,0.834835675984477,6.71925944276435e-06,-1.16570060305334e-13,1.4483722410465e-08
14125375.4462272,-0.00795938890498196,0.00714939204020164,7.15294905907522e-05,4.29010845400878e-10,0.834836263515961,6.35416811086656e-06,-1.12803661476336e-13,1.48211020753937e-08
14454397.707459,-0.00779551193380371,0.00716706939124057,7.15295412062766e-05,3.93020860396561e-10,0.834836854261275,5.96549986877818e-06,-1.08370234760323e-13,1.51663406235988e-08
14791083.8816817,-0.00763091006135693,0.00718101747762803,7.1529592045337e-05,3.54913339950644e-10,0.834837447615597,5.55284834057065e-06,-1.03223218091974e-13,1.55196211091234e-08
15135612.4843617,-0.00746575401445674,0.00719119966613806,7.15296430551749e-05,3.1465447786862e-10,0.834838042963174,5.11583599203001e-06,-9.73142064982976e-14,1.58811308491202e-08
15488166.1891245,-0.00730021684902642,0.00719758910643888,7.15296941823112e-05,2.72212966180141e-10,0.834838639679845,4.65411484275972e-06,-9.05929259995408e-14,1.62510615231513e-08
15848931.9246108,-0.00713447322959611,0.00720016890332908,7.15297453727691e-05,2.2756003614318e-10,0.834839237135641,4.16736695398512e-06,-8.30072053958713e-14,1.66296092748057e-08
16218100.9735889,-0.00696869869441074,0.00719893222555423,7.15297965723008e-05,1.80669479372777e-10,0.834839834697429,3.65530468460323e-06,-7.45029453136218e-14,1.70169748156886e-08
16595869.0743752,-0.00680306891268894,0.0071938823498976,7.15298477266173e-05,1.31517648684169e-10,0.834840431731594,3.11767071069537e-06,-6.50240838606156e-14,1.7413363531838e-08
16982436.5246171,-0.00663775894071243,0.00718503264002884,7.15298987816175e-05,8.00834384841603e-11,0.834841027606718,2.55423780656835e-06,-5.45125582242984e-14,1.78189855926248e-08
17378008.2874934,-0.00647294248341392,0.00717240646034703,7.1529949683617e-05,2.63482447767284e-11,0.834841621696244,1.96480838810017e-06,-4.29082615340783e-14,1.82340560621934e-08
17782794.1003888,-0.00630879116808055,0.00715603702586688,7.15300003795719e-05,-2.97040949001866e-11,0.834842213381089,1.34921382209438e-06,-3.0148994308754e-14,1.86587950135039e-08
18197008.5860994,-0.00614547383657279,0.00713596718992191,7.15300508172975e-05,-8.80873810659761e-11,0.834842802052203,7.07313507959853e-07,-1.6170409811198e-14,1.90934276450338e-08
18620871.3666283,-0.00598315586220561,0.00711224917221411,7.15301009456793e-05,-1.48813150642854e-10,0.834843387113022,3.89937407535397e-08,-9.05952645146459e-16,1.95381844002026e-08
19054607.179632,-0.00582199849704033,0.00708494423038678,7.15301507148748e-05,-2.1189079308173e-10,0.83484396798183,-6.55833633042194e-07,1.57132100569918e-14,1.99933010895812e-08
19498445.99758,-0.00566215825489696,0.00705412227893101,7.15302000765035e-05,-2.77327683099232e-10,0.834844544093976,-1.37723275335564e-06,3.3758265483463e-14,2.04590190159517e-08
19952623.1496884,-0.00550378633487403,0.00701986145978561,7.15302489838254e-05,-3.45129328686905e-10,0.834845114903954,-2.12524546234166e-06,5.33028406311295e-14,2.09355851022829e-08
20417379.4466949,-0.00534702808956074,0.00698224766943764,7.15302973919052e-05,-4.15299532915892e-10,0.83484567988732,-2.89989318093649e-06,7.44230970053752e-14,2.14232520226891e-08
20892961.3085399,-0.00519202254151957,0.00694137404774266,7.1530345257761e-05,-4.87840567932975e-10,0.834846238542432,-3.7011789274232e-06,9.71978350697534e-14,2.19222783364409e-08
21379620.8950218,-0.00503890195092335,0.00689734043394192,7.15303925404987e-05,-5.62753359464752e-10,0.834846790392014,-4.529089458356e-06,1.21708608951719e-13,2.24329286251e-08
21877616.2394951,-0.00488779143657913,0.006850252795596,7.15304392014282e-05,-6.40037680071586e-10,0.834847334984512,-5.38359751131463e-06,1.48039851871385e-13,2.2955473632848e-08
22387211.3856829,-0.00473880865184215,0.00680022263621708,7.15304852041638e-05,-7.19692349374271e-10,0.834847871895271,-6.2646641287417e-06,1.7627901272939e-13,2.34901904100858e-08
22908676.5276772,-0.00459206351627178,0.00674736638744465,7.15305305147071e-05,-8.01715439456845e-10,0.834848400727496,-7.17224104188795e-06,2.06516704251632e-13,2.40373624603767e-08
23442288.1531987,-0.00444765800319189,0.00669180479151413,7.15305751015122e-05,-8.86104483678964e-10,0.834848921113017,-8.10627309424022e-06,2.38846863059352e-13,2.45972798908132e-08
23988329.1901944,-0.00430568598268893,0.006633662279631,7.15306189355344e-05,-9.72856687173429e-10,0.834849432712857,-9.06670068429878e-06,2.73366922002837e-13,2.51702395658841e-08
24547089.1568498,-0.00416623311898478,0.00657306635164558,7.15306619902617e-05,-1.06196913737215e-09,0.834849935217598,-1.00534622083612e-05,3.10177995071321e-13,2.57565452649258e-08
25118864.3150952,-0.00402937682057044,0.00651014696213746,7.15307042417302e-05,-1.1534390129923e-09,0.83485042834756,-1.10664964850011e-05,3.49385075170388e-13,2.63565078432388e-08
25703957.8276881,-0.00389518624098741,0.00644503591767121,7.15307456685232e-05,-1.24726379002183e-09,0.8348509118528,-1.21057451441857e-05,3.91097245042498e-13,2.69704453969555e-08
26302679.9189532,-0.00376372232771517,0.00637786628960923,7.1530786251757e-05,-1.34344144336032e-09,0.834851385512929,-1.31711549653354e-05,4.35427901593833e-13,2.75986834317462e-08
26915348.0392686,-0.00363503791624534,0.00630877184643558,7.15308259750509e-05,-1.44197064290407e-09,0.834851849136777,-1.42626801501865e-05,4.82494993885803e-13,2.8241555035452e-08
27542287.033381,-0.00350917786612193,0.00623788650910521,7.15308648244852e-05,-1.54285094300115e-09,0.834852302561895,-1.53802845179046e-05,5.32421275048299e-13,2.88994010547366e-08
28183829.3126439,-0.00338617923547167,0.00616534383244392,7.15309027885474e-05,-1.64608296435279e-09,0.834852745653932,-1.65239436116676e-05,5.85334568380303e-13,2.95725702758501e-08
28840315.0312654,-0.00326607149039531,0.00609127651519161,7.15309398580672e-05,-1.75166856757198e-09,0.834853178305872,-1.76936467074928e-05,6.41368047909786e-13,3.02614196095997e-08
29512092.2666632,-0.00314887674544633,0.00601581594075934,7.15309760261421e-05,-1.85961101777123e-09,0.834853600437168,-1.88893987179732e-05,7.00660533707882e-13,3.09663142806266e-08
30199517.2040195,-0.00303461003139098,0.00593909175034798,7.15310112880545e-05,-1.96991513968265e-09,0.834854011992773,-2.01112219851145e-05,7.63356802269819e-13,3.16876280210883e-08
30902954.3251352,-0.00292327958642815,0.00586123144960456,7.15310456411817e-05,-2.0825874629593e-09,0.834854412942093,-2.13591579581648e-05,8.29607912305431e-13,3.24257432688494e-08
31622776.6016831,-0.00281488716709809,0.0057823600495701,7.15310790848996e-05,-2.19763635743762e-09,0.834854803277856,-2.26332687538591e-05,8.99571546314286e-13,3.31810513702852e-08
32359365.6929621,-0.00270942837520543,0.00570259974227985,7.15311116204813e-05,-2.31507215826223e-09,0.834855183014942,-2.39336385979165e-05,9.73412368356379e-13,3.39539527878063e-08
33113112.1482584,-0.00260689299720777,0.00562206961099774,7.15311432509927e-05,-2.43490728089211e-09,0.834855552189146,-2.52603751480011e-05,1.05130239847201e-12,3.47448573122145e-08
33884415.6139195,-0.00250726535268746,0.00554088537473418,7.1531173981184e-05,-2.55715632610991e-09,0.834855910855929,-2.66136106995583e-05,1.13342140424891e-12,3.55541842800015e-08
34673685.0452524,-0.00241052464871234,0.00545915916638805,7.15312038173805e-05,-2.68183617525196e-09,0.834856259089131,-2.79935032770551e-05,1.2199573100846e-12,3.63823627957062e-08
35481338.9233568,-0.00231664533711097,0.00537699934360385,7.15312327673717e-05,-2.80896607595378e-09,0.834856596979685,-2.94002376140535e-05,1.31110662474117e-12,3.72298319594494e-08
36307805.4770093,-0.00222559747190478,0.00529451033118133,7.1531260840301e-05,-2.93856771878493e-09,0.834856924634325,-3.08340260264715e-05,1.40707488784843e-12,3.80970410997647e-08
37153522.9097164,-0.00213734706439003,0.00521179249370511,7.15312880465552e-05,-3.07066530519963e-09,0.834857242174301,-3.22951091839936e-05,1.50807713606504e-12,3.8984450011851e-08
38018939.6320553,-0.00205185643359888,0.00512894203688421,7.15313143976569e-05,-3.2052856072845e-09,0.834857549734114,-3.3783756785242e-05,1.61433838966975e-12,3.98925292013726e-08
38904514.4994272,-0.00196908455012235,0.00504605093597965,7.15313399061571e-05,-3.34245801982044e-09,0.834857847460276,-3.53002681427262e-05,1.72609416041505e-12,4.08217601339347e-08
39810717.0553488,-0.00188898737152056,0.00496320688959923,7.15313645855321e-05,-3.48221460520566e-09,0.834858135510092,-3.68449726839474e-05,1.84359098153975e-12,4.17726354903692e-08
40738027.7804104,-0.00181151816778449,0.00488049329707058,7.1531388450082e-05,-3.62459013180914e-09,0.83485841405049,-3.84182303752864e-05,1.96708696090352e-12,4.27456594279645e-08
41686938.3470326,-0.00173662783554886,0.00479798925757371,7.15314115148339e-05,-3.76962210633259e-09,0.83485868325688,-4.00204320754112e-05,2.0968523582723e-12,4.37413478477786e-08
42657951.8801583,-0.00166426519997552,0.00471576958919592,7.15314337954482e-05,-3.91735080076585e-09,0.834858943312064,-4.16519998250174e-05,2.23317018785347e-12,4.47602286681767e-08
43651583.2240156,-0.00159437730343789,0.00463390486608269,7.15314553081288e-05,-4.06781927451689e-09,0.834859194405191,-4.33133870796718e-05,2.37633684724936e-12,4.58028421047401e-08
44668359.2150953,-0.00152690968033061,0.00455246147187886,7.15314760695383e-05,-4.22107339229252e-09,0.834859436730764,-4.50050788924681e-05,2.52666277407189e-12,4.68697409566925e-08
45708818.9614865,-0.00146180661751601,0.00447150166771119,7.15314960967169e-05,-4.37716183828791e-09,0.834859670487695,-4.67275920529967e-05,2.68447313153146e-12,4.7961490899998e-08
46773514.1287188,-0.0013990114000796,0.00439108367300392,7.15315154070063e-05,-4.53613612723144e-09,0.834859895878416,-4.84814751889916e-05,2.85010852439299e-12,4.9078670787285e-08
47863009.2322628,-0.00133846654222296,0.00431126175749983,7.1531534017978e-05,-4.69805061280688e-09,0.834860113108041,-5.02673088367319e-05,3.02392574676646e-12,5.02218729547554e-08
48977881.9368435,-0.00128011400325589,0.00423208634292928,7.15315519473659e-05,-4.86296249395326e-09,0.834860322383584,-5.20857054860251e-05,3.20629856328067e-12,5.13917035362418e-08
50118723.3627261,-0.00122389538877221,0.00415360411285738,7.15315692130042e-05,-5.03093181951684e-09,0.83486052391323,-5.3937309605291e-05,3.39761852526987e-12,5.25887827845801e-08
51286138.3991353,-0.00116975213719848,0.0040758581293265,7.1531585832769e-05,-5.2020214917025e-09,0.834860717905653,-5.58227976519545e-05,3.59829582368765e-12,5.38137454004672e-08
52480746.0249761,-0.00111762569199804,0.00399888795500498,7.15316018245245e-05,-5.3762972687438e-09,0.834860904569394,-5.77428780730218e-05,3.8087601805484e-12,5.50672408689776e-08
53703179.6370241,-0.00106745765988921,0.00392272977964202,7.15316172060744e-05,-5.55382776718406e-09,0.834861084112286,-5.96982913004051e-05,4.02946178078833e-12,5.63499338039202e-08
54954087.3857612,-0.00101918995550631,0.00384741654973485,7.15316319951156e-05,-5.73468446412777e-09,0.834861256740921,-6.16898097451723e-05,4.26087224652665e-12,5.76625043002137e-08
56234132.5190336,-0.000972764932980471,0.0037729781003895,7.15316462091981e-05,-5.91894169980012e-09,0.834861422660175,-6.37182377946454e-05,4.50348565580878e-12,5.90056482944717e-08
57543993.7337144,-0.000928125504966303,0.00369944128846778,7.1531659865687e-05,-6.10667668071725e-09,0.834861582072771,-6.57844118158653e-05,4.75781960800755e-12,6.03800779339859e-08
58884365.5355576,-0.000885215249668785,0.00362683012618581,7.15316729817292e-05,-6.29796948374904e-09,0.834861735178886,-6.78892001686906e-05,5.02441633816593e-12,6.17865219543043e-08
60255958.6074344,-0.00084397850645256,0.00355516591442738,7.15316855742228e-05,-6.49290306132573e-09,0.8348618821758,-7.00335032314486e-05,5.30384388266912e-12,6.32257260656045e-08
61659500.1861468,-0.00080436046062874,0.00348446737510645,7.15316976597912e-05,-6.69156324801886e-09,0.834862023257582,-7.22182534418065e-05,5.59669729874853e-12,6.46984533480668e-08
63095734.4480179,-0.000766307218027366,0.00341475078200566,7.15317092547584e-05,-6.8940387686984e-09,0.834862158614815,-7.44444153552032e-05,5.90359994043252e-12,6.62054846564568e-08
64565422.9034641,-0.000729765869961502,0.00334603008957374,7.15317203751288e-05,-7.10042124845195e-09,0.834862288434354,-7.67129857229896e-05,6.22520479368545e-12,6.7747619034132e-08
66069344.8007581,-0.000694684549189571,0.00327831705924613,7.1531731036569e-05,-7.31080522442663e-09,0.834862412899115,-7.90249935921316e-05,6.56219587359935e-12,6.93256741366929e-08
67608297.5391967,-0.000661012477474404,0.00321162138291543,7.15317412543926e-05,-7.52528815973613e-09,0.834862532187892,-8.13815004281202e-05,6.91528968663608e-12,7.09404866655007e-08
69183097.0918921,-0.000628700005324249,0.00314595080323147,7.15317510435468e-05,-7.74397045955944e-09,0.834862646475213,-8.37836002625432e-05,7.2852367610576e-12,7.25929128112951e-08
70794578.4384122,-0.000597698644488144,0.00308131123047327,7.15317604186016e-05,-7.96695548953884e-09,0.834862755931205,-8.62324198665523e-05,7.6728232488244e-12,7.42838287081434e-08
72443596.0074974,-0.000567961093758627,0.0030177068557786,7.15317693937413e-05,-8.19434959657271e-09,0.834862860721494,-8.87291189513201e-05,8.0788726023962e-12,7.60141308979657e-08
74131024.1300901,-0.000539441258616534,0.00295514026056919,7.15317779827571e-05,-8.42626213208223e-09,0.834862961007124,-9.12748903963869e-05,8.50424733002441e-12,7.77847368058784e-08
75857757.5029167,-0.000512094265228798,0.00289361252204102,7.1531786199042e-05,-8.66280547782292e-09,0.834863056944497,-9.38709605067021e-05,8.94985083329558e-12,7.95965852266119e-08
77624711.6628674,-0.000485876469290458,0.0028331233146405,7.15317940555872e-05,-8.90409507429622e-09,0.834863148685327,-9.65185892989824e-05,9.41662933085394e-12,8.14506368222569e-08
79432823.4724264,-0.000460745460174713,0.00277367100746406,7.15318015649795e-05,-9.1502494518122e-09,0.834863236376614,-9.92190708179565e-05,9.90557387241811e-12,8.33478746316059e-08
81283051.6164081,-0.000436660060833792,0.0027152527575629,7.15318087394005e-05,-9.40139026424146e-09,0.834863320160632,-0.00010197373348292,1.04177224473932e-11,8.52893045913583e-08
83176377.1102652,-0.000413580323866432,0.00265786459914916,7.15318155906264e-05,-9.65764232549027e-09,0.834863400174931,-0.000104783940464966,1.0954162192582e-11,8.7275956069466e-08
85113803.8202357,-0.00039146752414504,0.00260150152873142,7.15318221300295e-05,-9.91913364872467e-09,0.834863476552348,-0.000107651090095179,1.15160317037066e-11,8.93088824109025e-08
87096358.9956061,-0.000370284148370353,0.00254615758622237,7.15318283685797e-05,-1.01859954883647e-08,0.834863549421033,-0.000110576616303991,1.21045234556697e-11,9.13891614961438e-08
89125093.8133725,-0.000349993881897218,0.0024918259320768,7.15318343168475e-05,-1.04583623848663e-08,0.834863618904477,-0.000113561989091904,1.27208863367188e-11,9.3517896312659e-08
91201083.9355889,-0.000330561593153278,0.00243849892054051,7.15318399850075e-05,-1.0736372212303e-08,0.834863685121558,-0.000116608715031671,1.33664283019089e-11,9.56962155397111e-08
93325430.079697,-0.000311953315948037,0.00238616816909407,7.15318453828423e-05,-1.10201662287571e-08,0.834863748186583,-0.000119718337802032,1.40425191515202e-11,9.79252741467806e-08
95499258.6021414,-0.000294136229948663,0.00233482462418911,7.15318505197469e-05,-1.13098891295306e-08,0.834863808209344,-0.000122892438753093,1.47505934403435e-11,1.00206254005927e-07
97723722.0955788,-0.000277078639578649,0.00228445862338779,7.15318554047342e-05,-1.16056891031778e-08,0.834863865295177,-0.000126132637503343,1.5492153524027e-11,1.02540364518414e-07
99999999.9999977,-0.000260749951573362,0.00223505995401098,7.15318600464395e-05,-1.19077178903698e-08,0.834863919545019,-0.000129440592568389,1.62687727489653e-11,1.0492884325593e-07
102329299.228073,-0.000245120651409982,0.0021866179084207,7.15318644531266e-05,-1.22161308455903e-08,0.834863971055481,-0.000132818002021389,1.70820987925159e-11,1.07372956616746e-07
104712854.805088,-0.000230162278808451,0.00213912133605015,7.15318686326934e-05,-1.2531087001671e-08,0.834864019918908,-0.000136266604185228,1.79338571606459e-11,1.09874000497152e-07
107151930.523758,-0.000215847402485434,0.00209255869231235,7.15318725926779e-05,-1.28527491371687e-08,0.834864066223451,-0.000139788178356439,1.8825854850444e-11,1.12433300978538e-07
109647819.614316,-0.000202149594325101,0.00204691808450792,7.15318763402638e-05,-1.31812838465891e-08,0.83486411005314,-0.000143384545560907,1.97599841852808e-11,1.15052215030477e-07
112201845.430194,-0.000189043403116241,0.00200218731485795,7.15318798822871e-05,-1.35168616134657e-08,0.83486415148795,-0.000147057569341389,2.07382268307698e-11,1.1773213123018e-07
114815362.149686,-0.000176504327991273,0.00195835392079065,7.15318832252418e-05,-1.3859656886297e-08,0.834864190603875,-0.00015080915657688,2.17626580000556e-11,1.20474470498714e-07
117489755.49395,-0.000164508791688172,0.0019154052126006,7.15318863752858e-05,-1.42098481573542e-08,0.834864227472998,-0.000154641258333924,2.28354508573673e-11,1.23280686854365e-07
120226443.461738,-0.000153034113745449,0.00187332830860871,7.15318893382471e-05,-1.45676180443665e-08,0.83486426216356,-0.000158555870749915,2.39588811291841e-11,1.26152268183549e-07
123026877.081235,-0.000142058483727349,0.00183211016793861,7.15318921196293e-05,-1.49331533750978e-08,0.834864294740025,-0.000162555035948506,2.51353319328078e-11,1.29090737029675e-07
125892541.179414,-0.000131560934566794,0.00179173762103072,7.15318947246174e-05,-1.53066452748277e-08,0.834864325263152,-0.000166640842987248,2.63672988325914e-11,1.32097651400389e-07
128824955.16931,-0.000121521316103069,0.00175219739800738,7.15318971580831e-05,-1.5688289256752e-08,0.834864353790053,-0.000170815428837598,2.76573951345598e-11,1.35174605593609e-07
131825673.855638,-0.000111920268882148,0.00171347615499987,7.153189942459e-05,-1.60782853153223e-08,0.834864380374257,-0.00017508097939748,2.90083574306606e-11,1.38323231042815e-07
134896288.259162,-0.000102739198279675,0.00167556049854858,7.15319015283989e-05,-1.64768380225432e-08,0.834864405065771,-0.000179439730536571,3.042305140441e-11,1.41545197182008e-07
138038426.460285,-9.3960248998101e-05,0.00163843700817822,7.15319034734719e-05,-1.6884156627251e-08,0.834864427911131,-0.000183893969174554,3.19044779102593e-11,1.44842212330827e-07
141253754.462272,-8.55662799828504e-05,0.00160209225724972,7.15319052634777e-05,-1.73004551573984e-08,0.834864448953458,-0.000188446034392591,3.34557793395803e-11,1.4821602460028e-07
144543977.074589,-7.75408397961147e-05,0.00156651283218821,7.15319069017951e-05,-1.77259525253722e-08,0.834864468232508,-0.000193098318578261,3.50802462867772e-11,1.51668422819566e-07
147910838.816817,-6.98681424802261e-05,0.00153168535017703,7.15319083915169e-05,-1.81608726363752e-08,0.834864485784712,-0.000197853268604317,3.67813245296727e-11,1.55201237484485e-07
151356124.843617,-6.25330439380475e-05,0.00149759647541042,7.15319097354539e-05,-1.86054444999041e-08,0.834864501643226,-0.000202713387041549,3.85626223389757e-11,1.58816341727936e-07
154881661.891244,-5.55210188522293e-05,0.00146423293398831,7.15319109361374e-05,-1.9059902344358e-08,0.834864515837962,-0.000207681233406156,4.04279181323396e-11,1.6251565231302e-07
158489319.246108,-4.88181381612776e-05,0.00143158152753663,7.15319119958226e-05,-1.95244857348173e-08,0.834864528395624,-0.00021275942544199,4.23811684892504e-11,1.6630113064927e-07
162181009.735889,-4.24110471061146e-05,0.00139962914563106,7.15319129164906e-05,-1.99994396940303e-08,0.834864539339737,-0.000217950640438113,4.44265165437446e-11,1.70174783832554e-07
165958690.743752,-3.62869438571624e-05,0.001368362777097,7.15319136998507e-05,-2.04850148266544e-08,0.834864548690673,-0.000223257616582115,4.65683007727656e-11,1.74138665709185e-07
169824365.24617,-3.04335587291426e-05,0.00133776952025925,7.15319143473421e-05,-2.09814674467931e-08,0.83486455646567,-0.000228683154349666,4.88110641987961e-11,1.78194877964831e-07
173780082.874933,-2.48391339874292e-05,0.00130783659220635,7.15319148601348e-05,-2.14890597088818e-08,0.834864562678846,-0.000234230117930827,5.11595640262912e-11,1.82345571238768e-07
177827941.003888,-1.94924042475975e-05,0.00127855133713488,7.1531915239131e-05,-2.20080597419694e-08,0.834864567341214,-0.000239901436693657,5.36187817323503e-11,1.86592946264097e-07
181970085.860994,-1.43825774672504e-05,0.00124990123383284,7.15319154849649e-05,-2.25387417874522e-08,0.834864570460685,-0.00024570010668568,5.61939336330323e-11,1.90939255034505e-07
186208713.666282,-9.49931652751391e-06,0.00122187390236126,7.15319155980031e-05,-2.30813863403143e-08,0.834864572042066,-0.000251629192173822,5.88904819477256e-11,1.95386801998204e-07
190546071.79632,-4.83272139947381e-06,0.00119445710998673,7.15319155783439e-05,-2.36362802939356e-08,0.834864572087061,-0.000257691827223446,6.17141463850396e-11,1.99937945279675e-07
194984459.9758,-3.73311889472654e-07,0.00116763877641599,7.15319154258163e-05,-2.42037170885271e-08,0.834864570594259,-0.000263891217317149,6.46709162747934e-11,2.04595097929861e-07
199526231.496883,3.88798904409303e-06,0.00114140697838251,7.1531915139979e-05,-2.4783996863259e-08,0.834864567559116,-0.000270230641014003,6.77670632718293e-11,2.0936072920548e-07
204173794.466948,7.95987141122444e-06,0.00111574995362895,7.1531914720118e-05,-2.53774266121486e-08,0.834864562973936,-0.000276713451649973,7.10091546585969e-11,2.14237365878125e-07
208929613.085399,1.1850653757574e-05,0.00109065610432938,7.15319141652443e-05,-2.59843203437771e-08,0.834864556827848,-0.000283343079080251,7.44040672747204e-11,2.19227593573855e-07
213796208.950218,1.55682981889536e-05,0.00106611399999187,7.15319134740911e-05,-2.66049992449079e-08,0.834864549106766,-0.000290123031464291,7.79590021030881e-11,2.24334058143974e-07
218776162.39495,1.91204248643826e-05,0.00104211237987803,7.15319126451106e-05,-2.72397918480824e-08,0.834864539793356,-0.000297056897094367,8.16814995434044e-11,2.29559467067744e-07
223872113.856829,2.25143259692028e-05,0.00101864015497839,7.15319116764695e-05,-2.78890342032694e-08,0.834864528866991,-0.000304148346268467,8.55794554055861e-11,2.34906590887748e-07
229086765.276772,2.57569791807557e-05,0.000995686409573517,7.1531910566045e-05,-2.85530700536504e-08,0.834864516303697,-0.000311401133208421,8.96611376569295e-11,2.40378264678692e-07
234422881.531987,2.88550606390033e-05,0.000973240402415512,7.15319093114193e-05,-2.92322510156224e-08,0.834864502076098,-0.000318819098024152,9.39352039585574e-11,2.45977389550395e-07
239883291.901943,3.18149574351055e-05,0.000951291567557523,7.15319079098744e-05,-2.99269367631059e-08,0.834864486153353,-0.000326406168724983,9.84107200283375e-11,2.51706934185794e-07
245470891.568497,3.4642779630938e-05,0.000929829514860432,7.15319063583855e-05,-3.0637495216245e-08,0.834864468501081,-0.000334166363278955,1.03097178869211e-10,2.57569936414746e-07
251188643.150952,3.73443718228289e-05,0.000908844030201722,7.15319046536144e-05,-3.13643027345933e-08,0.834864449081287,-0.000342103791721164,1.08004520903707e-10,2.63569504824491e-07
257039578.27688,3.99253242627363e-05,0.000888325075411538,7.15319027919018e-05,-3.21077443148773e-08,0.834864427852275,-0.000350222658312128,1.1314315505734e-10,2.69708820407603e-07
263026799.189532,4.23909835501864e-05,0.000868262787958199,7.15319007692593e-05,-3.28682137934374e-08,0.834864404768555,-0.000358527263747238,1.18523980835594e-10,2.75991138248319e-07
269153480.392685,4.47464629081795e-05,0.000848647480404879,7.15318985813609e-05,-3.36461140534441e-08,0.834864379780744,-0.000367022007418393,1.24158411441312e-10,2.82419789248131e-07
275422870.33381,4.69966520562054e-05,0.000829469639657655,7.15318962235327e-05,-3.44418572369934e-08,0.834864352835456,-0.000375711389728922,1.30058397981505e-10,2.88998181891558e-07
281838293.126438,4.91462266934767e-05,0.000810719926022172,7.15318936907437e-05,-3.52558649621877e-08,0.83486432387519,-0.000384600014462948,1.36236454814909e-10,2.95729804053026e-07
288403150.312653,5.11996576051404e-05,0.000792389172088225,7.15318909775943e-05,-3.6088568545309e-08,0.834864292838198,-0.000393692591210379,1.42705686094043e-10,3.02618224845823e-07
295120922.666631,5.31612194042775e-05,0.000774468381456345,7.15318880783047e-05,-3.69404092281989e-08,0.834864259658357,-0.000402993937848739,1.49479813558027e-10,3.09667096514096e-07
301995172.040194,5.50349989220531e-05,0.000756948727323593,7.15318849867024e-05,-3.78118384109579e-08,0.834864224265023,-0.000412508983083087,1.56573205635116e-10,3.16880156368906e-07
309029543.251351,5.68249032583822e-05,0.000739821550940562,7.15318816962093e-05,-3.87033178900819e-08,0.834864186582883,-0.000422242769045302,1.64000907916622e-10,3.24261228769344e-07
316227766.01683,5.85346675050371e-05,0.000723078359954015,7.15318781998269e-05,-3.96153201021594e-08,0.834864146531788,-0.00043220045395406,1.71778675066864e-10,3.31814227149782e-07
323593656.92962,6.0167862152966e-05,0.000706710826646931,7.15318744901218e-05,-4.05483283732489e-08,0.834864104026586,-0.000442387314836839,1.79923004236777e-10,3.39543156094309e-07
331131121.482583,6.17279001953045e-05,0.000690710786086952,7.15318705592099e-05,-4.15028371740684e-08,0.834864058976936,-0.000452808750315348,1.88451170052032e-10,3.47452113459465e-07
338844156.139194,6.32180439372536e-05,0.00067507023419401,7.15318663987389e-05,-4.24793523811236e-08,0.834864011287117,-0.000463470283455791,1.97381261249834e-10,3.55545292546386e-07
346736850.452523,6.46414115237335e-05,0.000659781325736686,7.15318619998712e-05,-4.34783915439111e-08,0.834863960855824,-0.000474377564685433,2.06732219042082e-10,3.63826984323513e-07
354813389.233567,6.60009831953985e-05,0.000644836372266706,7.15318573532645e-05,-4.45004841583321e-08,0.834863907575948,-0.000485536374776942,2.16523877286197e-10,3.72301579701044e-07
363078054.770092,6.72996072833706e-05,0.000630227839998899,7.15318524490524e-05,-4.55461719464576e-08,0.834863851334354,-0.000496952627902059,2.26777004548791e-10,3.80973571858323e-07
371535229.097163,6.85400059526191e-05,0.000615948347646023,7.15318472768226e-05,-4.66160091427887e-08,0.834863792011633,-0.000508632374756147,2.37513348151339e-10,3.89847558625406e-07
380189396.320552,6.97247807037988e-05,0.000601990664213418,7.15318418255957e-05,-4.77105627871593e-08,0.834863729481855,-0.000520581805755219,2.48755680291214e-10,3.98928244920054e-07
389045144.994271,7.08564176428482e-05,0.000588347706762426,7.15318360838012e-05,-4.88304130244324e-08,0.834863663612294,-0.000532807254307115,2.6052784633586e-10,4.08220445241447e-07
398107170.553487,7.19372925275563e-05,0.000575012538146531,7.15318300392529e-05,-4.9976153411144e-08,0.834863594263151,-0.000545315200158473,2.72854815392444e-10,4.1772908622194e-07
407380277.804102,7.29696755998432e-05,0.000561978364727433,7.15318236791233e-05,-5.11483912292526e-08,0.834863521287255,-0.000558112272819251,2.85762733260201e-10,4.27459209238199e-07
416869383.470325,7.39557362123261e-05,0.000549238534075268,7.15318169899162e-05,-5.23477478071566e-08,0.834863444529749,-0.000571205255066543,2.99278977877673e-10,4.37415973083103e-07
426579518.801582,7.48975472573862e-05,0.000536786532658167,7.15318099574379e-05,-5.35748588481455e-08,0.834863363827762,-0.0005846010865295,3.13432217382378e-10,4.47604656699827e-07
436515832.240155,7.57970894067189e-05,0.000524615983524956,7.15318025667674e-05,-5.48303747664535e-08,0.834863279010064,-0.000598306867357209,3.28252470905939e-10,4.58030661979544e-07
446683592.150952,7.66562551689976e-05,0.000512720643986212,7.15317948022241e-05,-5.61149610310893e-08,0.8348631898967,-0.000612329861971411,3.43771172233522e-10,4.68699516624224e-07
457088189.614864,7.74768527731207e-05,0.000501094403295769,7.15317866473352e-05,-5.74292985176202e-08,0.834863096298612,-0.000626677502905989,3.6002123646247e-10,4.7961687707604e-07
467735141.287186,7.82606098841393e-05,0.000489731280337081,7.15317780848004e-05,-5.87740838680909e-08,0.834862998017231,-0.000641357394735222,3.77037129801397e-10,4.90788531514941e-07
478630092.322626,7.90091771587609e-05,0.000478625421317258,7.15317690964549e-05,-6.01500298592644e-08,0.834862894844064,-0.000656377318092814,3.94854942657644e-10,5.0222040292595e-07
489778819.368434,7.97241316470651e-05,0.000467771097471245,7.15317596632315e-05,-6.1557865779372e-08,0.834862786560243,-0.000671745233783762,4.13512466167928e-10,5.13918552237824e-07
501187233.62726,8.04069800467929e-05,0.000457162702779321,7.15317497651196e-05,-6.29983378135703e-08,0.834862672936068,-0.000687469286991194,4.33049272334367e-10,5.25889181534727e-07
512861383.991352,8.10591618163793e-05,0.000446794751699312,7.1531739381123e-05,-6.44722094383003e-08,0.834862553730515,-0.000703557811580337,4.53506797935631e-10,5.38138637342608e-07
524807460.249759,8.16820521526085e-05,0.000436661876916532,7.15317284892152e-05,-6.59802618247542e-08,0.834862428690724,-0.000720019334501813,4.74928432390983e-10,5.50673413992016e-07
537031796.370239,8.22769648385964e-05,0.000426758827112542,7.15317170662929e-05,-6.75232942516561e-08,0.834862297551468,-0.000736862580296543,4.97359609763352e-10,5.63500157059126e-07
549540873.85761,8.28451549675483e-05,0.00041708046475486,7.15317050881267e-05,-6.91021245275688e-08,0.834862160034585,-0.000754096475704566,5.20847905096306e-10,5.7662566688679e-07
562341325.190335,8.33878215475418e-05,0.000407621763909104,7.153169252931e-05,-7.07175894229445e-08,0.834862015848389,-0.00077173015438012,5.45443135288973e-10,5.90056902187467e-07
575439937.337142,8.39061099923876e-05,0.000398377808074579,7.15316793632049e-05,-7.23705451121397e-08,0.834861864687055,-0.000789772961715426,5.71197464722565e-10,6.0380098372993e-07
588843655.355574,8.44011145033927e-05,0.000389343788045079,7.15316655618857e-05,-7.40618676256223e-08,0.834861706229966,-0.000808234459775611,5.98165515862189e-10,6.17865198111688e-07
602559586.074342,8.48738803467005e-05,0.000380514999795125,7.153165109608e-05,-7.57924533126007e-08,0.834861540141033,-0.000827124432347327,6.26404485068167e-10,6.32257001619116e-07
616595001.861466,8.53254060306455e-05,0.000371886842393509,7.15316359351061e-05,-7.75632193143134e-08,0.834861366067988,-0.000846452890103611,6.55974263862081e-10,6.46984024177309e-07
630957344.480177,8.57566453874286e-05,0.000363454815944085,7.15316200468084e-05,-7.93751040482176e-08,0.83486118364163,-0.000866230075887619,6.86937565904295e-10,6.62054073391759e-07
645654229.034639,8.61685095632014e-05,0.000355214519555338,7.15316033974891e-05,-8.12290677033275e-08,0.834860992475047,-0.000886466470117944,7.19360059951788e-10,6.77475138683958e-07
660693448.007579,8.65618689205266e-05,0.000347161649338336,7.15315859518366e-05,-8.3126092746951e-08,0.834860792162792,-0.000907172796318243,7.53310509077756e-10,6.93255395523114e-07
676082975.391964,8.69375548569665e-05,0.000339291996434686,7.15315676728506e-05,-8.50671844430838e-08,0.834860582280027,-0.000928360026773975,7.88860916447658e-10,7.09403209756196e-07
691830970.918918,8.72963615434562e-05,0.000331601445073742,7.15315485217641e-05,-8.70533713827233e-08,0.83486036238162,-0.000950039388319119,8.26086677960246e-10,7.25927142038593e-07
707945784.38412,8.76390475859065e-05,0.000324085970660455,7.15315284579605e-05,-8.90857060263711e-08,0.834860132001201,-0.000972222368255784,8.65066742076624e-10,7.42835952367687e-07
724435960.074971,8.79663376133914e-05,0.000316741637893333,7.15315074388883e-05,-9.11652652589969e-08,0.834859890650174,-0.000994920720409703,9.05883777175516e-10,7.60138604721751e-07
741310241.300898,8.82789237960976e-05,0.000309564598913107,7.15314854199702e-05,-9.32931509577455e-08,0.834859637816684,-0.00101814647132465,9.48624346788866e-10,7.77844271806578e-07
758577575.029164,8.85774672961005e-05,0.000302551091482248,7.15314623545089e-05,-9.54704905726692e-08,0.834859372964527,-0.00104191192659887,9.93379093088452e-10,7.95962339912336e-07
776247116.628671,8.88625996538984e-05,0.000295697437195048,7.15314381935883e-05,-9.76984377207809e-08,0.834859095532014,-0.00106622967736671,1.04024292901169e-09,8.14502413883204e-07
794328234.724261,8.91349241135087e-05,0.00028900003971866,7.15314128859694e-05,-9.99781727937207e-08,0.834858804930786,-0.0010911126069287,1.08931523943293e-09,8.3347432220237e-07
812830516.164078,8.93950168888145e-05,0.000282455383064973,7.15313863779822e-05,-1.02310903579343e-07,0.834858500544562,-0.00111657389753329,1.14070009180571e-09,8.52888122195067e-07
831763771.102649,8.96434283737391e-05,0.000276060029893071,7.15313586134112e-05,-1.0469786589753e-07,0.834858181727833,-0.00114262703731374,1.19450645672132e-09,8.72754105352356e-07
851138038.202354,8.98806842987099e-05,0.000269810619842424,7.15313295333773e-05,-1.07140324250549e-07,0.834857847804494,-0.00116928582738351,1.25084843884999e-09,8.9308280277845e-07
870963589.956058,9.01072868357747e-05,0.000263703867896399,7.15312990762121e-05,-1.09639572488277e-07,0.834857498066415,-0.00119656438909359,1.30984551875286e-09,9.13884990764405e-07
891250938.133722,9.03237156546258e-05,0.000257736562776313,7.15312671773274e-05,-1.12196934488611e-07,0.834857131771934,-0.0012244771714555,1.37162280607574e-09,9.35171696491098e-07
912010839.355886,9.0530428931702e-05,0.00025190556536514,7.15312337690791e-05,-1.14813764853415e-07,0.834856748144292,-0.00125303895873336,1.43631130465974e-09,9.56954203864468e-07
933254300.796966,9.07278643144296e-05,0.000246207807161396,7.15311987806226e-05,-1.17491449620324e-07,0.834856346369982,-0.00128226487820901,1.50404819012886e-09,9.79244059486041e-07
954992586.021411,9.09164398425868e-05,0.000240640288762536,7.15311621377637e-05,-1.20231406990767e-07,0.834855925597027,-0.00131217040812361,1.57497710054086e-09,1.00205307876187e-06
977237220.955785,9.10965548286909e-05,0.000235200078377469,7.1531123762801e-05,-1.23035088074559e-07,0.834855484933176,-0.00134277138579987,1.64924844071517e-09,1.02539335215303e-06
999999999.999973,9.12685906992171e-05,0.000229884310368226,7.15310835743615e-05,-1.25903977651412e-07,0.834855023444012,-0.0013740840159486,1.72701970088059e-09,1.04927725157098e-06
1023292992.28073,9.14329117983838e-05,0.000224690183820301,7.15310414872275e-05,-1.28839594949749e-07,0.834854540150973,-0.00140612487916365,1.80845579031527e-09,1.07371743692102e-06
1047128548.05087,9.15898661561725e-05,0.000219614961141124,7.15309974121574e-05,-1.31843494443175e-07,0.83485403402928,-0.00143891094060929,1.89372938668316e-09,1.0987268627973e-06
1071519305.23758,9.17397862221578e-05,0.000214655966686883,7.15309512556952e-05,-1.34917266664997e-07,0.834853504005765,-0.00147245955890399,1.9830213018041e-09,1.12431878533287e-06
1096478196.14316,9.1882989566682e-05,0.000209810585416596,7.15309029199737e-05,-1.38062539041174e-07,0.834852948956599,-0.0015067884952051,2.07652086462907e-09,1.15050676920819e-06
1122018454.30193,9.20197795508138e-05,0.000205076261573731,7.15308523025064e-05,-1.41280976742089e-07,0.83485236770491,-0.00154191592249824,2.17442632222828e-09,1.1773046948219e-06
1148153621.49685,9.21504459664913e-05,0.000200450497394594,7.15307992959711e-05,-1.44574283553543e-07,0.834851759018292,-0.00157786043509619,2.27694525963751e-09,1.20472676562739e-06
1174897554.9395,9.22752656481743e-05,0.000195930851843186,7.15307437879823e-05,-1.47944202767376e-07,0.834851121606196,-0.00161464105835122,2.3842950394477e-09,1.23278751563901e-06
1202264434.61738,9.23945030572767e-05,0.000191514939372351,7.15306856608531e-05,-1.51392518092125e-07,0.834850454117196,-0.00165227725858565,2.49670326206398e-09,1.26150181711188e-06
1230268770.81235,9.25084108405994e-05,0.000187200428710427,7.15306247913463e-05,-1.54921054584137e-07,0.834849755136126,-0.00169078895324501,2.61440824760374e-09,1.29088488839902e-06
1258925411.79413,9.26172303639237e-05,0.000182985041673357,7.15305610504134e-05,-1.58531679599562e-07,0.834849023181089,-0.00173019652127835,2.73765954044836e-09,1.32095230199005e-06
1288249551.6931,9.27211922218771e-05,0.000178866552001745,7.15304943029215e-05,-1.62226303767659e-07,0.834848256700315,-0.00177052081375044,2.86671843751088e-09,1.35171999273552e-06
1318256738.55637,9.28205167251373e-05,0.000174842784222305,7.15304244073668e-05,-1.66006881985844e-07,0.834847454068878,-0.00181178316469049,3.0018585413312e-09,1.38320426626092e-06
1348962882.59162,9.29154143659901e-05,0.000170911612533591,7.15303512155759e-05,-1.69875414436925e-07,0.834846613585256,-0.00185400540218224,3.14336633916204e-09,1.41542180757497e-06
1380384264.60285,9.30060862632151e-05,0.000167070959715282,7.15302745723914e-05,-1.73833947628976e-07,0.834845733467733,-0.00189720985970011,3.2915418092636e-09,1.44838968987627e-06
1412537544.62272,9.30927245872267e-05,0.000163318796060874,7.15301943153442e-05,-1.77884575458297e-07,0.834844811850627,-0.00194141938769648,3.44669905568099e-09,1.48212538356293e-06
1445439770.74589,9.31755129663644e-05,0.000159653138333269,7.15301102743094e-05,-1.82029440295921e-07,0.834843846780339,-0.00198665736544483,3.60916697283809e-09,1.51664676544984e-06
1479108388.16817,9.3254626875177e-05,0.000156072048742809,7.15300222711464e-05,-1.86270734098129e-07,0.834842836211226,-0.00203294771314388,3.77928994134342e-09,1.55197212819806e-06
1513561248.43617,9.33302340055197e-05,0.000152573633947505,7.15299301193224e-05,-1.90610699541446e-07,0.834841778001269,-0.00208031490428768,3.9574285564685e-09,1.58812018996121e-06
1548816618.91244,9.34024946212383e-05,0.000149156044074832,7.15298336235173e-05,-1.95051631182583e-07,0.834840669907548,-0.00212878397830675,4.14396039082692e-09,1.62511010425373e-06
1584893192.46107,9.34715618971855e-05,0.000145817471764947,7.15297325792112e-05,-1.9959587664381e-07,0.834839509581491,-0.00217838055348531,4.33928079285325e-09,1.66296147004591e-06
1621810097.35889,9.353758224328e-05,0.00014255615123476,7.15296267722515e-05,-2.04245837824227e-07,0.834838294563914,-0.00222913084015989,4.54380372275514e-09,1.70169434209086e-06
1659586907.43752,9.36006956142891e-05,0.000139370357362606,7.15295159784007e-05,-2.09003972137435e-07,0.834837022279821,-0.00228106165420433,4.75796262768948e-09,1.7413292414884e-06
1698243652.4617,9.36610358059858e-05,0.000136258404792864,7.15293999628616e-05,-2.1387279377607e-07,0.83483569003296,-0.00233420043080643,4.98221135799441e-09,1.78188716649137e-06
1737800828.74933,9.37187307383006e-05,0.000133218647060618,7.15292784797819e-05,-2.1885487500371e-07,0.834834295000122,-0.00238857523854147,5.2170251263938e-09,1.82338960355963e-06
1778279410.03887,9.37739027260664e-05,0.000130249475735377,7.15291512717341e-05,-2.23952847474624e-07,0.83483283422518,-0.00244421479374777,5.4629015121795e-09,1.86585853866712e-06
1819700858.60993,9.38266687379216e-05,0.000127349319584064,7.15290180691719e-05,-2.29169403581872e-07,0.834831304612843,-0.00250114847520956,5.7203615124689e-09,1.90931646886777e-06
1862087136.66282,9.38771406439209e-05,0.000124516643752491,7.15288785898607e-05,-2.34507297834228e-07,0.834829702922111,-0.00255940633915225,5.98995064273239e-09,1.9537864141259e-06
1905460717.96319,9.39254254523697e-05,0.000121749948965131,7.15287325382816e-05,-2.39969348262432e-07,0.834828025759441,-0.00261901913455547,6.27224008888638e-09,1.99929192941677e-06
1949844599.75799,9.39716255363844e-05,0.000119047770742834,7.15285796050075e-05,-2.45558437855244e-07,0.83482626957157,-0.00268001831878887,6.56782791335289e-09,2.04585711710339e-06
1995262314.96882,9.40158388506536e-05,0.000116408678638041,7.15284194660494e-05,-2.51277516025804e-07,0.834824430638023,-0.00274243607357583,6.87734031759763e-09,2.09350663959555e-06
2041737944.66947,9.40581591388589e-05,0.000113831275487244,7.15282517821734e-05,-2.57129600108751e-07,0.834822505063258,-0.00280630532129023,7.2014329637731e-09,2.14226573229715e-06
2089296130.85398,9.4098676132188e-05,0.000111314196680322,7.15280761981842e-05,-2.63117776888615e-07,0.834820488768442,-0.00287165974159123,7.54079235821443e-09,2.19216021684818e-06
2137962089.50217,9.41374757393639e-05,0.000108856109446333,7.15278923421761e-05,-2.69245204159916e-07,0.834818377482853,-0.00293853378840092,7.89613729966093e-09,2.24321651466764e-06
2187761623.94949,9.41746402285855e-05,0.00010645571215558,7.15276998247488e-05,-2.75515112319469e-07,0.834816166734869,-0.00300696270722978,8.26822039520801e-09,2.29546166080393e-06
2238721138.56828,9.42102484017678e-05,0.00010411173363745,7.15274982381858e-05,-2.81930805991314e-07,0.834813851842539,-0.00307698255285455,8.65782964713106e-09,2.34892331809921e-06
2290867652.76771,9.42443757614449e-05,0.000101822932513852,7.15272871555955e-05,-2.88495665684751e-07,0.834811427903718,-0.00314863020735322,9.06579011386641e-09,2.40362979167465e-06
2344228815.31986,9.42770946706909e-05,9.95880965478162e-05,7.15270661300117e-05,-2.95213149485884e-07,0.834808889785735,-0.00322194339850146,9.49296564858386e-09,2.45961004374303e-06
2398832919.01942,9.43084745063936e-05,9.74060420070712e-05,7.15268346934517e-05,-3.02086794783113e-07,0.83480623211458,-0.00329696071853477,9.94026071894118e-09,2.51689370875603e-06
2454708915.68496,9.43385818062069e-05,9.52756130421483e-05,7.15265923559307e-05,-3.09120220026962e-07,0.834803449263588,-0.00337372164328048,1.04086223117739e-08,2.57551110889291e-06
2511886431.50951,9.43674804094879e-05,9.31956810788333e-05,7.15263386044309e-05,-3.16317126524642e-07,0.834800535341595,-0.00345226655166336,1.08990419266444e-08,2.63549326989793e-06
2570395782.76879,9.4395231592522e-05,9.11651442245506e-05,7.15260729018213e-05,-3.23681300269694e-07,0.834797484180538,-0.00353263674558849,1.14125576623489e-08,2.69687193727369e-06
2630267991.89531,9.44218941983134e-05,8.91829266885212e-05,7.15257946857281e-05,-3.31216613807079e-07,0.834794289322483,-0.00361487447020467,1.19502564006711e-08,2.7596795928378e-06
2691534803.92684,9.44475247612221e-05,8.72479782153269e-05,7.1525503367352e-05,-3.38927028134005e-07,0.834790944006042,-0.00369902293455138,1.25132760918566e-08,2.82394947165031e-06
2754228703.33809,9.44721776267061e-05,8.53592735315477e-05,7.15251983302306e-05,-3.46816594636793e-07,0.834787441152165,-0.00378512633259198,1.31028081464909e-08,2.88971557931955e-06
2818382931.26437,9.44959050664227e-05,8.35158118053735e-05,7.15248789289435e-05,-3.5488945706403e-07,0.834783773349263,-0.00387322986463537,1.3720099938667e-08,2.95701270969395e-06
2884031503.12652,9.451875738893e-05,8.17166161186866e-05,7.15245444877561e-05,-3.63149853536236e-07,0.834779932837647,-0.003963379759148,1.43664574255511e-08,3.02587646294775e-06
2951209226.6663,9.45407830462247e-05,7.99607329515583e-05,7.15241942992021e-05,-3.71602118592211e-07,0.834775911493235,-0.00405562329495763,1.50432478886801e-08,3.09634326406842e-06
3019951720.40193,9.45620287363384e-05,7.82472316787649e-05,7.15238276225986e-05,-3.80250685272221e-07,0.834771700810512,-0.00415000882384973,1.57519028025625e-08,3.16845038175368e-06
3090295432.5135,9.45825395022103e-05,7.65752040780997e-05,7.1523443682493e-05,-3.89100087238081e-07,0.834767291884693,-0.00424658579355668,1.64939208363999e-08,3.24223594772636e-06
3162277660.16829,9.4602358827041e-05,7.49437638502887e-05,7.15230416670381e-05,-3.98154960930206e-07,0.834762675393059,-0.0043454047711398,1.72708709950053e-08,3.31773897647501e-06
3235936569.29619,9.46215287263345e-05,7.33520461501532e-05,7.15226207262912e-05,-4.07420047761589e-07,0.834757841575431,-0.00444651746676279,1.80843959052581e-08,3.39499938542871e-06
3311311214.82582,9.46400898368138e-05,7.17992071288481e-05,7.1522179970435e-05,-4.16900196348629e-07,0.834752780213738,-0.00454997675785539,1.89362152547173e-08,3.47405801557421e-06
3388441561.39193,9.46580815024049e-05,7.02844234869624e-05,7.1521718467916e-05,-4.26600364778657e-07,0.83474748061064,-0.00465583671366418,1.98281293893006e-08,3.55495665252375e-06
3467368504.52522,9.4675541857464e-05,6.88068920381578e-05,7.15212352434969e-05,-4.36525622913942e-07,0.834741931567163,-0.00476415262018767,2.07620230772393e-08,3.6377380480421e-06
3548133892.33565,9.46925079074254e-05,6.73658292832137e-05,7.15207292762192e-05,-4.46681154731863e-07,0.834736121359302,-0.00487498100549096,2.17398694468314e-08,3.7224459420411e-06
3630780547.70091,9.47090156070382e-05,6.59604709941284e-05,7.15201994972715e-05,-4.57072260700861e-07,0.834730037713546,-0.0049883796653948,2.27637341058369e-08,3.80912508505045e-06
3715352290.97162,9.47250999363565e-05,6.45900718082417e-05,7.15196447877598e-05,-4.67704360191658e-07,0.834723667781268,-0.00510440768953246,2.38357794506996e-08,3.89782126117292e-06
3801893963.2055,9.47407949746399e-05,6.32539048319307e-05,7.15190639763749e-05,-4.7858299392319e-07,0.834716998111949,-0.00522312548776678,2.49582691741277e-08,3.98858131153291e-06
3890451449.94269,9.47561339723213e-05,6.19512612538793e-05,7.15184558369533e-05,-4.89713826442505e-07,0.834710014625156,-0.00534459481695831,2.61335729799263e-08,4.08145315822666e-06
3981071705.53486,9.477114942119e-05,6.06814499675416e-05,7.15178190859248e-05,-5.01102648637819e-07,0.834702702581246,-0.00546887880807406,2.73641715143547e-08,4.17648582878273e-06
4073802778.04101,9.47858731229367e-05,5.94437972027172e-05,7.15171523796443e-05,-5.12755380283759e-07,0.834695046550719,-0.00559604199362499,2.86526615236653e-08,4.27372948114133e-06
4168693834.70323,9.48003362562023e-05,5.82376461659208e-05,7.15164543116008e-05,-5.24678072617696e-07,0.834687030382166,-0.0057261503354184,3.00017612478914e-08,4.37323542916093e-06
4265795188.0158,9.48145694422704e-05,5.70623566894805e-05,7.15157234094982e-05,-5.36876910945888e-07,0.834678637168759,-0.00585927125260982,3.14143160613592e-08,4.47505616866061e-06
4365158322.40153,9.48286028095372e-05,5.5917304888992e-05,7.15149581322041e-05,-5.49358217278027e-07,0.8346698492132,-0.005995473650037,3.28933043708412e-08,4.57924540400655e-06
4466835921.5095,9.48424660568941e-05,5.48018828291281e-05,7.15141568665582e-05,-5.62128452988564e-07,0.834660647991082,-0.00613482794681638,3.44418437827049e-08,4.68585807525094e-06
4570881896.14862,9.48561885161496e-05,5.37154981974203e-05,7.15133179240357e-05,-5.75194221503015e-07,0.83465101411257,-0.00627740610518041,3.60631975508775e-08,4.79495038583137e-06
4677351412.87185,9.48697992136223e-05,5.2657573986003e-05,7.15124395372595e-05,-5.88562271007227e-07,0.83464092728235,-0.00642328165953116,3.77607813179193e-08,4.90657983083893e-06
4786300923.22624,9.48833269310262e-05,5.16275481809478e-05,7.15115198563537e-05,-6.02239497177362e-07,0.834630366257758,-0.00657252974568378,3.95381701619891e-08,5.02080522586272e-06
4897788193.68432,9.48968002657751e-05,5.06248734591857e-05,7.15105569451317e-05,-6.16232945928126e-07,0.834619308805008,-0.00672522713026969,4.13991059629903e-08,5.13768673641854e-06
5011872336.27258,9.49102476908255e-05,4.964901689267e-05,7.15095487771127e-05,-6.3054981617647e-07,0.834607731653447,-0.00688145224026706,4.33475051017024e-08,5.25728590796922e-06
5128613839.9135,9.492369761418e-05,4.86994596597281e-05,7.15084932313578e-05,-6.45197462617752e-07,0.834595610447743,-0.00704128519262233,4.53874665062399e-08,5.37966569654375e-06
5248074602.49757,9.49371784381665e-05,4.77756967633085e-05,7.15073880881187e-05,-6.60183398511017e-07,0.834582919697922,-0.00720480782392347,4.75232800607243e-08,5.50489049996226e-06
5370317963.70237,9.49507186186174e-05,4.68772367560478e-05,7.15062310242918e-05,-6.7551529846973e-07,0.83456963272716,-0.0073721037200813,4.97594353916162e-08,5.63302618967339e-06
5495408738.57609,9.49643467240562e-05,4.60036014718956e-05,7.15050196086676e-05,-6.91201001253954e-07,0.834555721617238,-0.00754325824597195,5.21006310477338e-08,5.76414014321024e-06
5623413251.90333,9.49780914950172e-05,4.51543257641725e-05,7.15037512969679e-05,-7.07248512559579e-07,0.834541157151558,-0.00771835857498819,5.45517840905597e-08,5.89830127727095e-06
5754399373.3714,9.49919819036036e-05,4.43289572498369e-05,7.15024234266625e-05,-7.23666007799826e-07,0.834525908755613,-0.00789749371844383,5.71180401120516e-08,6.03558008142913e-06
5888436553.55572,9.50060472134088e-05,4.35270560598494e-05,7.15010332115549e-05,-7.40461834873762e-07,0.834509944434825,-0.00808075455476914,5.98047836977661e-08,6.17604865247914e-06
6025595860.7434,9.50203170399052e-05,4.27481945953872e-05,7.14995777361276e-05,-7.57644516916196e-07,0.834493230709611,-0.00826823385843106,6.26176493537383e-08,6.31978072942061e-06
6165950018.61464,9.50348214114227e-05,4.19919572897707e-05,7.14980539496387e-05,-7.75222755022704e-07,0.834475732547592,-0.00846002632850536,6.55625329161774e-08,6.4668517290859e-06
6309573444.80175,9.50495908308259e-05,4.12579403759244e-05,7.14964586599574e-05,-7.93205430943123e-07,0.834457413292812,-0.00865622861682218,6.86456034636802e-08,6.61733878241367e-06
6456542290.34637,9.50646563380071e-05,4.05457516591747e-05,7.14947885271295e-05,-8.1160160973618e-07,0.83443823459185,-0.00885693935559973,7.18733157523016e-08,6.77132077137082e-06
6606934480.07577,9.50800495733067e-05,3.98550102952293e-05,7.14930400566612e-05,-8.30420542377396e-07,0.834418156316697,-0.00906225918447386,7.52524231944667e-08,6.92887836652456e-06
6760829753.91962,9.50958028419783e-05,3.9185346573127e-05,7.14912095925102e-05,-8.49671668311688e-07,0.834397136484283,-0.00927229077682359,7.87899914033533e-08,7.09009406526518e-06
6918309709.18916,9.51119491798109e-05,3.85364017030049e-05,7.14892933097732e-05,-8.69364617941444e-07,0.834375131172503,-0.00948713886528503,8.24934123250191e-08,7.25505223067927e-06
7079457843.84117,9.51285224200248e-05,3.79078276084803e-05,7.14872872070564e-05,-8.89509215040073e-07,0.834352094432616,-0.00970691026633693,8.63704189811837e-08,7.42383913107232e-06
7244359600.74969,9.51455572615571e-05,3.72992867234522e-05,7.1485187098519e-05,-9.10115479080259e-07,0.834327978197876,-0.00993171390383263,9.04291008462122e-08,7.59654298013811e-06
7413102413.00896,9.51630893388509e-05,3.67104517931666e-05,7.14829886055747e-05,-9.31193627465284e-07,0.834302732188255,-0.0101616608313428,9.4677919882462e-08,7.77325397777143e-06
7585775750.29161,9.51811552932678e-05,3.61410056792942e-05,7.1480687148241e-05,-9.52754077650894e-07,0.834276303811103,-0.0103968642531637,9.91257272587621e-08,7.95406435151923e-06
7762471166.28669,9.51997928462389e-05,3.55906411688975e-05,7.14782779361204e-05,-9.74807449144213e-07,0.834248638057596,-0.0106374395438328,1.03781780777378e-07,8.13906839866392e-06
7943282347.24258,9.52190408742725e-05,3.5059060786997e-05,7.1475755959003e-05,-9.9736456536519e-07,0.834219677394828,-0.0108835042659856,1.08655763035372e-07,8.32836252893097e-06
8128305161.64075,9.52389394859365e-05,3.45459766126124e-05,7.1473115977074e-05,-1.02043645535498e-06,0.834189361653373,-0.0111351781863692,1.13757800346795e-07,8.52204530781132e-06
8317637711.02647,9.52595301009345e-05,3.40511100980045e-05,7.14703525107147e-05,-1.04403435531448e-06,0.834157627910173,-0.0113925832898211,1.19098482452636e-07,8.72021750048759e-06
8511380382.02351,9.52808555313937e-05,3.35741918909383e-05,7.14674598298805e-05,-1.06816970995501e-06,0.834124410366581,-0.0116558437910017,1.24688883045896e-07,8.92298211635065e-06
8709635899.56055,9.53029600654832e-05,3.31149616597231e-05,7.14644319430437e-05,-1.09285417364187e-06,0.834089640221395,-0.0119250861436588,1.30540581139549e-07,9.13044445409178e-06
8912509381.33719,9.53258895534844e-05,3.26731679207962e-05,7.14612625856847e-05,-1.11809961130997e-06,0.834053245538714,-0.0122004390471826,1.36665683305452e-07,9.34271214735279e-06
9120108393.55883,9.53496914964268e-05,3.2248567868631e-05,7.14579452083182e-05,-1.14391809912951e-06,0.834015151110457,-0.0124820334501942,1.43076846812572e-07,9.55989521091468e-06
9332543007.96963,9.53744151374133e-05,3.18409272076946e-05,7.14544729640392e-05,-1.17032192489778e-06,0.833975278313364,-0.012770002550894,1.49787303693006e-07,9.78210608740261e-06
9549925860.21408,9.54001115557482e-05,3.14500199862166e-05,7.14508386955737e-05,-1.19732358813184e-06,0.833933544960317,-0.0130644817938735,1.56810885764383e-07,1.00094596944824e-05
9772372209.55782,9.54268337639875e-05,3.10756284315039e-05,7.14470349218198e-05,-1.22493579983471e-06,0.833889865145805,-0.0133656088630785,1.64162050637203e-07,1.02420734725211e-05
9999999999.9997,9.54546368080234e-05,3.071754278651e-05,7.14430538238643e-05,-1.25317148190633e-06,0.833844149085373,-0.0136735236705857,1.71855908735477e-07,1.04800674326807e-05
10232929922.8072,9.54835778703196e-05,3.03755611473871e-05,7.14388872304604e-05,-1.28204376616804e-06,0.833796302948879,-0.0139883683408353,1.79908251358777e-07,1.07235642054113e-05
10471285480.5087,9.55137163764055e-05,3.00494893017198e-05,7.14345266029514e-05,-1.31156599296764e-06,0.833746228687403,-0.0143102871899379,1.8833557981331e-07,1.09726890893069e-05
10715193052.3757,9.55451141047386e-05,2.97391405671058e-05,7.14299630196281e-05,-1.34175170932982e-06,0.833693823853637,-0.0146394266996464,1.97155135639032e-07,1.12275701002823e-05
10964781961.4315,9.55778353000393e-05,2.94443356298065e-05,7.14251871595042e-05,-1.37261466661428e-06,0.833638981415616,-0.0149759354855605,2.06384931958957e-07,1.14883380210268e-05
11220184543.0193,9.5611946790198e-05,2.9164902383074e-05,7.14201892854983e-05,-1.40416881764178e-06,0.833581589563623,-0.0153199642591008,2.16043785975814e-07,1.17551264506861e-05
11481536214.9685,9.56475181068495e-05,2.8900675764843e-05,7.14149592270101e-05,-1.43642831324532e-06,0.833521531510141,-0.015671665782762,2.26151352639856e-07,1.20280718547191e-05
11748975549.3949,9.56846216097048e-05,2.86514975943872e-05,7.14094863618774e-05,-1.46940749820156e-06,0.83345868528271,-0.0160311948181226,2.36728159510113e-07,1.23073136148731e-05
12022644346.1738,9.57233326147207e-05,2.8417216407573e-05,7.14037595977059e-05,-1.50312090649424e-06,0.833392923509576,-0.0163987080660564,2.47795642829494e-07,1.25929940792137e-05
12302687708.1234,9.57637295261837e-05,2.81976872903021e-05,7.13977673525607e-05,-1.53758325585879e-06,0.833324113198015,-0.0167743640985588,2.5937618483195e-07,1.28852586121433e-05
12589254117.9413,9.58058939727703e-05,2.79927717097117e-05,7.13914975350113e-05,-1.57280944155417e-06,0.833252115505242,-0.0171583232815639,2.71493152297369e-07,1.31842556443365e-05
12882495516.931,9.5849910947642e-05,2.78023373426967e-05,7.1384937523525e-05,-1.6088145293046e-06,0.833176785501838,-0.0175507476880908,2.84170936366885e-07,1.34901367225127e-05
13182567385.5637,9.58958689526129e-05,2.76262579012871e-05,7.13780741452015e-05,-1.64561374735084e-06,0.833097971927626,-0.0179518010010236,2.97434993627921e-07,1.38030565589646e-05
13489628825.9161,9.59438601464213e-05,2.74644129544037e-05,7.13708936538481e-05,-1.68322247754694e-06,0.833015516939969,-0.0183616484047834,3.11311888474364e-07,1.41231730807519e-05
13803842646.0284,9.59939804971201e-05,2.73166877454759e-05,7.13633817073937e-05,-1.7216562454348e-06,0.832929255854495,-0.0187804564651149,3.2582933674289e-07,1.44506474784648e-05
14125375446.2271,9.60463299385771e-05,2.71829730053973e-05,7.13555233446435e-05,-1.76093070922553e-06,0.832839016878251,-0.0192083929961639,3.4101625062146e-07,1.47856442544564e-05
14454397707.4588,9.61010125310655e-05,2.70631647602685e-05,7.13473029613806e-05,-1.80106164761225e-06,0.832744620835363,-0.0196456269139801,3.56902784820378e-07,1.5128331270435e-05
14791083881.6816,9.61581366258999e-05,2.69571641333348e-05,7.13387042858208e-05,-1.84206494633534e-06,0.832645880885287,-0.0200923280755325,3.73520383990036e-07,1.54788797943005e-05
15135612484.3616,9.62178150340437e-05,2.68648771405509e-05,7.13297103534334e-05,-1.88395658341724e-06,0.832542602233784,-0.0205486671022801,3.90901831362406e-07,1.58374645461041e-05
15488166189.1243,9.62801651985976e-05,2.67862144790897e-05,7.13203034811446e-05,-1.92675261297931e-06,0.832434581836816,-0.0210148151872913,4.09081298585503e-07,1.62042637430015e-05
15848931924.6107,9.63453093710374e-05,2.67210913081937e-05,7.13104652409425e-05,-1.97046914754962e-06,0.832321608097577,-0.0214909438848589,4.28094396711366e-07,1.65794591430632e-05
16218100973.5888,9.64133747910447e-05,2.66694270216568e-05,7.13001764329091e-05,-2.0151223387659e-06,0.832203460556971,-0.0219772248815068,4.47978228288408e-07,1.69632360877984e-05
16595869074.3751,9.64844938697345e-05,2.66311450112356e-05,7.12894170577111e-05,-2.06072835637374e-06,0.832079909577878,-0.0224738297472378,4.68771440498393e-07,1.73557835432416e-05
16982436524.6169,9.65588043760426e-05,2.66061724202492e-05,7.12781662885862e-05,-2.10730336541587e-06,0.83195071602364,-0.0229809296658194,4.90514279266522e-07,1.77572941394437e-05
17378008287.4932,9.66364496259945e-05,2.65944398866186e-05,7.12664024428673e-05,-2.15486350150405e-06,0.831815630931268,-0.023498695142858,5.1324864426026e-07,1.81679642082025e-05
17782794100.3887,9.67175786745254e-05,2.65958812745465e-05,7.12541029530965e-05,-2.20342484406097e-06,0.831674395179946,-0.024027295690363,5.37018144678381e-07,1.85879938188592e-05
18197008586.0993,9.68023465094741e-05,2.66104333940183e-05,7.12412443377882e-05,-2.25300338741522e-06,0.831526739155531,-0.024566899486454,5.61868155716268e-07,1.90175868119821e-05
18620871366.6281,9.68909142473093e-05,2.66380357072983e-05,7.1227802171907e-05,-2.30361500962886e-06,0.831372382411798,-0.0251176730088203,5.87845875576676e-07,1.9456950830752e-05
19054607179.6319,9.69834493300903e-05,2.66786300215494e-05,7.12137510571392e-05,-2.35527543893298e-06,0.831211033329338,-0.0256797806404968,6.15000382876791e-07,1.99062973498561e-05
19498445997.5799,9.70801257230919e-05,2.67321601666853e-05,7.11990645920448e-05,-2.40800021764326e-06,0.831042388773105,-0.0262533842464824,6.43382694282538e-07,2.03658417016929e-05
19952623149.6882,9.71811241124538e-05,2.67985716575664e-05,7.11837153421874e-05,-2.46180466342444e-06,0.830866133749746,-0.0268386427196883,6.73045822179507e-07,2.08358030996864e-05
20417379446.6947,9.72866321021322e-05,2.68778113396008e-05,7.11676748103537e-05,-2.51670382776978e-06,0.830681941065979,-0.0274357114946716,7.04044832166573e-07,2.13164046585012e-05
20892961308.5398,9.73968444093484e-05,2.69698270168173e-05,7.11509134069863e-05,-2.57271245155919e-06,0.830489470989459,-0.0280447420275857,7.36436900133145e-07,2.18078734109494e-05
21379620895.0217,9.75119630576366e-05,2.70745670614749e-05,7.11334004209652e-05,-2.62984491755814e-06,0.830288370913682,-0.0286658812407552,7.70281368653976e-07,2.23104403213757e-05
21877616239.4949,9.76321975664925e-05,2.71919800042378e-05,7.11151039908932e-05,-2.68811519971842e-06,0.830078275028711,-0.0292992709302738,8.05639802406516e-07,2.28243402953098e-05
22387211385.6827,9.77577651365251e-05,2.73220141039717e-05,7.10959910770513e-05,-2.74753680914123e-06,0.829858803999643,-0.0299450471350192,8.42576042284733e-07,2.33498121851714e-05
22908676527.677,9.78888908288924e-05,2.74646168962148e-05,7.10760274342112e-05,-2.80812273656435e-06,0.829629564654952,-0.0306033394654871,8.81156257850369e-07,2.38870987918199e-05
23442288153.1985,9.80258077376938e-05,2.76197347193778e-05,7.10551775855076e-05,-2.86988539123621e-06,0.82939014968706,-0.0312742703908659,9.21448997727346e-07,2.44364468617438e-05
23988329190.1942,9.81687571538546e-05,2.77873122177656e-05,7.10334047975938e-05,-2.932836536043e-06,0.82914013736769,-0.031957954482806,9.63525237507847e-07,2.499810707969e-05
24547089156.8495,9.8317988718912e-05,2.79672918205202e-05,7.10106710573234e-05,-2.99698721875915e-06,0.828879091280805,-0.0326544976143888,1.00745842469915e-06,2.55723340565475e-05
25118864315.095,9.84737605669672e-05,2.81596131956491e-05,7.0986937050223e-05,-3.06234769929729e-06,0.828606560076173,-0.0333639961128649,1.05332452019886e-06,2.61593863123081e-05
25703957827.6879,9.86363394529228e-05,2.836421267833e-05,7.09621621410445e-05,-3.12892737284118e-06,0.828322077246867,-0.034086535864819,1.10120203574271e-06,2.6759526253945e-05
26302679918.953,9.88060008649692e-05,2.85810226727564e-05,7.09363043567046e-05,-3.19673468875508e-06,0.828025160934267,-0.034822191372528,1.15117206672344e-06,2.73730201480702e-05
26915348039.2683,9.89830291191219e-05,2.88099710268729e-05,7.09093203719496e-05,-3.26577706517397e-06,0.827715313764423,-0.0355710247604098,1.20331831973246e-06,2.8000138088255e-05
27542287033.3808,9.91677174334513e-05,2.90509803794152e-05,7.08811654981051e-05,-3.33606079919349e-06,0.827392022719917,-0.036333084730624,1.2577271341264e-06,2.86411539569258e-05
28183829312.6437,9.93603679794671e-05,2.93039674788198e-05,7.08517936752959e-05,-3.40759097259493e-06,0.827054759051675,-0.0371084054670736,1.31448749687099e-06,2.92963453817836e-05
28840315031.2652,9.95612919079532e-05,2.95688424736493e-05,7.08211574685504e-05,-3.48037135305982e-06,0.826702978235478,-0.0378970054872805,1.37369104986258e-06,2.99659936867318e-05
29512092266.6629,9.97708093463645e-05,2.98455081743725e-05,7.07892080682302e-05,-3.55440429085154e-06,0.826336119978228,-0.0386988864418676,1.43543208887577e-06,3.06503838373436e-05
30199517204.0192,9.99892493647231e-05,3.01338592864695e-05,7.07558952952499e-05,-3.62969061096701e-06,0.825953608279349,-0.0395140318616753,1.49980755323235e-06,3.13498043809533e-05
30902954325.1349,0.000100216949906768,3.04337816150604e-05,7.07211676115847e-05,-3.70622950079103e-06,0.825554851553013,-0.0403424058528819,1.56691700523443e-06,3.20645473815128e-05
31622776601.6828,0.000100454257682942,3.07451512414484e-05,7.06849721365855e-05,-3.78401839331937e-06,0.825139242817177,-0.0411839517408782,1.63686259835215e-06,3.27949083494208e-05
32359365692.9618,0.000100701528021614,3.10678336722281e-05,7.06472546696501e-05,-3.86305284605428e-06,0.824706159955748,-0.0420385906640815,1.70974903310584e-06,3.35411861666094e-05
33113112148.2581,0.000100959124674792,3.14016829618877e-05,7.06079597198237e-05,-3.94332641571783e-06,0.82425496606046,-0.042906220119352,1.78568349953334e-06,3.43036830072528e-05
33884415613.9192,0.000101227419574398,3.17465408101327e-05,7.05670305429254e-05,-4.02483052897511e-06,0.823785009859319,-0.0437867124612134,1.86477560508737e-06,3.50827042545571e-05
34673685045.2521,0.000101506792535054,3.21022356354985e-05,7.05244091868194e-05,-4.10755434941109e-06,0.823295626238738,-0.0446799133576673,1.94713728676558e-06,3.58785584141887e-05
35481338923.3565,0.000101797630899194,3.24685816271875e-05,7.04800365454694e-05,-4.19148464106066e-06,0.822786136866707,-0.0455856402060404,2.03288270623868e-06,3.6691557025015e-05
36307805477.009,0.000102100329120215,3.28453777774796e-05,7.04338524224295e-05,-4.27660562885362e-06,0.822255850924495,-0.0465036805130115,2.12212812671093e-06,3.75220145679466e-05
37153522909.7161,0.000102415288279287,3.32324068974909e-05,7.0385795604439e-05,-4.36289885640292e-06,0.821704065954574,-0.0474337902437326,2.21499177022324e-06,3.83702483738052e-05
38018939632.0549,0.000102742915531411,3.3629434619538e-05,7.03358039457936e-05,-4.45034304163642e-06,0.821130068832495,-0.048375692145786,2.31159365409458e-06,3.92365785312829e-05
38904514499.4268,0.000103083623476281,3.40362083898724e-05,7.02838144641709e-05,-4.53891393085028e-06,0.820533136870508,-0.0493290740546114,2.41205540519254e-06,4.01213277962083e-05
39810717055.3485,0.000103437829449547,3.44524564560786e-05,7.02297634485825e-05,-4.6285841518439e-06,0.819912539060651,-0.0502935871879807,2.51650005073158e-06,4.10248215035e-05
40738027780.41,0.000103805954730124,3.48778868540289e-05,7.01735865801128e-05,-4.71932306688454e-06,0.819267537464918,-0.0512688444381062,2.62505178431897e-06,4.19473874833554e-05
41686938347.0322,0.000104188423659358,3.53121863998581e-05,7.01152190660879e-05,-4.81109662634095e-06,0.818597388759895,-0.0522544186710221,2.73783570600531e-06,4.28893559834077e-05
42657951880.1579,0.000104585662667997,3.5755019693083e-05,7.00545957882885e-05,-4.90386722392196e-06,0.817901345942912,-0.0532498410439857,2.85497753515152e-06,4.3851059598768e-05
43651583224.0152,0.000104998099207208,3.62060281376225e-05,6.99916514657813e-05,-4.99759355455537e-06,0.817178660206348,-0.0542545993527859,2.97660329499847e-06,4.48328332120678e-05
44668359215.0949,0.000105426160580189,3.66648289881572e-05,6.99263208328948e-05,-5.09223047604478e-06,0.816428582986117,-0.0552681364220268,3.10283896792153e-06,4.58350139458155e-05
45708818961.4861,0.00010587027267132,3.71310144299492e-05,6.9858538832804e-05,-5.18772887574652e-06,0.815650368189684,-0.0562898485526479,3.23381012047228e-06,4.68579411295861e-05
46773514128.7184,0.000106330858570321,3.76041507009256e-05,6.97882408271111e-05,-5.28403554361301e-06,0.814843274608074,-0.0573190840421495,3.36964149745477e-06,4.79019562847691e-05
47863009232.2623,0.000106808337089442,3.80837772655209e-05,6.97153628217224e-05,-5.38109305305422e-06,0.814006568515325,-0.0583551417941893,3.51045658445705e-06,4.89674031298018e-05
48977881936.8431,0.000107303121172407,3.85694060504406e-05,6.96398417092145e-05,-5.47883965116987e-06,0.813139526457614,-0.059397270035391,3.65637713846054e-06,5.0054627609019e-05
50118723362.7256,0.000107815616194628,3.9060520753148e-05,6.95616155277657e-05,-5.57720916000441e-06,0.81224143823293,-0.0604446651583337,3.8075226863831e-06,5.116397794844e-05
51286138399.1349,0.000108346218155095,3.95565762344908e-05,6.94806237365871e-05,-5.67613089056836e-06,0.811311610060563,-0.0614964707107547,3.96400999167617e-06,5.22958047419979e-05
52480746024.9756,0.000108895311761361,4.00569980074371e-05,6.93968075076384e-05,-5.77552957145493e-06,0.810349367937932,-0.0625517765519703,4.12595248939421e-06,5.3450461071882e-05
53703179637.0236,0.000109463268410163,4.05611818343709e-05,6.931011003324e-05,-5.87532529395427e-06,0.809354061180306,-0.0636096181983677,4.29345969048541e-06,5.46283026668097e-05
54954087385.7607,0.000110050444067451,4.10684934458077e-05,6.92204768490043e-05,-5.97543347562975e-06,0.808325066136791,-0.0646689763805321,4.46663655641659e-06,5.58296881021676e-05
56234132519.0331,0.000110657177052942,4.15782683936832e-05,6.91278561713064e-05,-6.07576484436582e-06,0.807261790073634,-0.0657287768350924,4.64558284564113e-06,5.70549790460536e-05
57543993733.7139,0.000111283785735765,4.20898120525583e-05,6.90321992482915e-05,-6.1762254449245e-06,0.806163675213325,-0.0667878903546835,4.83039243384611e-06,5.83045405553047e-05
58884365535.557,0.000111930566149299,4.26023997821043e-05,6.89334607231822e-05,-6.27671667005338e-06,0.805030202915303,-0.0678451331194928,5.02115261037014e-06,5.95787414256142e-05
60255958607.4339,0.000112597789534959,4.31152772641306e-05,6.88315990083984e-05,-6.37713531816952e-06,0.803860897981177,-0.0688992673336423,5.21794335366471e-06,6.08779545998065e-05
61659500186.1463,0.00011328569982635,4.36276610271038e-05,6.87265766687459e-05,-6.47737367959767e-06,0.802655333064423,-0.0699490021891307,5.42083658917397e-06,6.22025576382541e-05
63095734448.0173,0.000113994511087017,4.41387391706083e-05,6.86183608116566e-05,-6.57731965326508e-06,0.801413133161415,-0.0709929951791864,5.62989543352715e-06,6.35529332552774e-05
64565422903.4635,0.000114724404916764,4.4647672301495e-05,6.85069234821949e-05,-6.67685689564623e-06,0.800133980157509,-0.0720298537816254,5.84517342946609e-06,6.49294699251601e-05
66069344800.7575,0.000115475527843354,4.51535946924989e-05,6.83922420602665e-05,-6.77586500360619e-06,0.798817617398737,-0.0730581375311517,6.06671377646287e-06,6.63325625611391e-05
67608297539.196,0.000116247988718167,4.56556156729312e-05,6.8274299657194e-05,-6.87421973260938e-06,0.797463854256548,-0.0740763604974407,6.29454856250855e-06,6.77626132703773e-05
69183097091.8914,0.000117041856136141,4.61528212595922e-05,6.81530855085603e-05,-6.97179325153954e-06,0.796072570649984,-0.0750829941833106,6.52869800306623e-06,6.92200321875069e-05
70794578438.4115,0.000117857155901957,4.66442760343365e-05,6.80285953599683e-05,-7.06845443511532e-06,0.794643721486781,-0.076076470854281,6.76916969366856e-06,7.07052383888273e-05
72443596007.4967,0.000118693868565972,4.71290252727558e-05,6.79008318421306e-05,-7.16406919458423e-06,0.79317734098222,-0.0770551873073503,7.01595788309058e-06,7.22186608886636e-05
74131024130.0894,0.00011955192705477,4.76060973261871e-05,6.77698048314975e-05,-7.25850084703619e-06,0.791673546812142,-0.0780175090828992,7.26904277443254e-06,7.37607397187351e-05
75857757502.9159,0.000120431214422351,4.80745062567708e-05,6.76355317924513e-05,-7.35161052329669e-06,0.790132544054509,-0.0789617751192442,7.5283898617893e-06,7.53319270906509e-05
77624711662.8667,0.00012133156174891,4.85332547225485e-05,6.7498038096957e-05,-7.44325761394346e-06,0.788554628872295,-0.0798863028445868,7.79394931045463e-06,7.69326886408477e-05
79432823472.4256,0.000122252746214769,4.89813371066269e-05,6.73573573174621e-05,-7.53330025253967e-06,0.786940191889373,-0.0807893936959161,8.06565538879289e-06,7.85635047564199e-05
81283051616.4073,0.000123194489377355,4.9417742881313e-05,6.72135314887941e-05,-7.62159583469846e-06,0.785289721210553,-0.0816693390489321,8.34342595999921e-06,8.02248719793704e-05
83176377110.2644,0.000124156455678998,4.98414601948234e-05,6.70666113348132e-05,-7.70800157109184e-06,0.783603805037043,-0.082524426537285,8.62716204194837e-06,8.19173044858436e-05
85113803820.2349,0.000125138251212904,5.02514796647739e-05,6.69166564556522e-05,-7.79237507199871e-06,0.781883133829446,-0.0833529467334737,8.91674744319333e-06,8.36413356359092e-05
87096358995.6053,0.000126139422773704,5.06467983592119e-05,6.67637354715105e-05,-7.8745749604601e-06,0.780128501971971,-0.0841532001576908,9.21204848290654e-06,8.53975195884456e-05
89125093813.3717,0.000127159457217657,5.10264239424907e-05,6.66079261191797e-05,-7.954461510584e-06,0.778340808893948,-0.0849235045748586,9.51291380215657e-06,8.71864329746652e-05
91201083935.588,0.00012819778115572,5.13893789599034e-05,6.64493152977551e-05,-8.0318973070242e-06,0.776521059607927,-0.085662202534152,9.8191742733705e-06,8.90086766228255e-05
93325430079.6961,0.00012925376100042,5.17347052317393e-05,6.62879990603425e-05,-8.1067479211626e-06,0.774670364627714,-0.0863676690996111,1.01306430141525e-05,9.08648773257167e-05
95499258602.1405,0.000130326703384642,5.20614683243695e-05,6.61240825489911e-05,-8.17888259905776e-06,0.772789939234545,-0.087038319715083,1.04471155108068e-05,9.27556896416227e-05
97723722095.5779,0.000131415855967244,5.23687620631951e-05,6.59576798705795e-05,-8.24817495579958e-06,0.770881102065316,-0.0876726181418772,1.07683698559584e-05,9.46817977186367e-05
99999999999.9967,0.000132520408636703,5.26557130498568e-05,6.57889139119404e-05,-8.31450367053941e-06,0.768945273003193,-0.0882690844032516,1.10941671035808e-05,9.66439171315045e-05
102329299228.072,0.00013363949511997,5.29214851441014e-05,6.56179160931312e-05,-8.37775317615754e-06,0.766983970358051,-0.0888263026663207,1.14242517435408e-05,9.86427967195776e-05
104712854805.087,0.000134772194999253,5.31652838691574e-05,6.54448260584269e-05,-8.43781433729745e-06,0.76499880733195,-0.0893429289893018,1.17583522964735e-05,0.000100679220414018
107151930523.757,0.000135917536134834,5.33863606984998e-05,6.52697913053275e-05,-8.49458511034485e-06,0.762991487773005,-0.0898176988602742,1.20961820284154e-05,0.000102754009042106
109647819614.315,0.000137074497487059,5.35840171814746e-05,6.50929667526169e-05,-8.5479711788697e-06,0.760963801229624,-0.0902494344529412,1.24374397831845e-05,0.000104868022096394
112201845430.193,0.000138242012325693,5.37576088654957e-05,6.49145142492759e-05,-8.59788655808466e-06,0.75891761732586,-0.0906370515252892,1.2781810929016e-05,0.000107022159456534
114815362149.684,0.000139418971809747,5.39065489734204e-05,6.47346020268186e-05,-8.64425416201007e-06,0.756854879487452,-0.090979565888606,1.31289684144739e-05,0.000109217363051851
117489755493.949,0.000140604228915909,5.40303117962671e-05,6.45534040983843e-05,-8.68700632727374e-06,0.754777598056893,-0.091276099377062,1.34785739271902e-05,0.000111454618453236
120226443461.737,0.000141796602688896,5.412843576368e-05,6.43710996086513e-05,-8.72608528781419e-06,0.752687842844285,-0.0915258852519666,1.38302791475573e-05,0.000113734956383583
123026877081.234,0.000142994882782469,5.42005261574219e-05,6.41878721393341e-05,-8.761443595196e-06,0.750587735168778,-0.0917282729798697,1.41837270881572e-05,0.00011605945413683
125892541179.413,0.000144197834255644,5.42462574366762e-05,6.4003908975668e-05,-8.79304447977893e-06,0.748479439452728,-0.091882732329805,1.45385535084662e-05,0.000118429236896749
128824955169.309,0.000145404202584887,5.42653751480089e-05,6.38194003398589e-05,-8.8208621486027e-06,0.74636515443733,-0.0919888567420992,1.48943883932666e-05,0.000120845478947794
131825673855.636,0.000146612718849835,5.42576973974008e-05,6.3634538597966e-05,-8.84488201654581e-06,0.744247104094113,-0.0920463659291745,1.52508574822439e-05,0.000123309404771705
134896288259.161,0.000147822105047459,5.42231158667558e-05,6.34495174470889e-05,-8.86510086807701e-06,0.742127528311315,-0.0920551076775138,1.56075838374747e-05,0.000125822290025002
138038426460.284,0.000149031079487651,5.41615963626107e-05,6.32645310900244e-05,-8.88152694773062e-06,0.740008673437566,-0.0920150588292898,1.59641894349295e-05,0.000128385462394146
141253754462.271,0.000150238362221929,5.40731788903315e-05,6.30797734047541e-05,-8.89417997828366e-06,0.73789278276751,-0.0919263254318979,1.63202967657512e-05,0.000131000302326716
144543977074.588,0.000151442680456481,5.39579772527645e-05,6.28954371161965e-05,-8.90309110648014e-06,0.73578208705488,-0.0917891420535987,1.66755304329136e-05,0.000133668243638698
147910838816.816,0.000152642773900976,5.38161781780214e-05,6.27117129776235e-05,-8.90830277701798e-06,0.733678795138135,-0.0916038702734755,1.70295187289412e-05,0.000136390773999647
151356124843.616,0.000153837400005593,5.36480399866875e-05,6.25287889689888e-05,-8.90986853637022e-06,0.731585084762019,-0.0913709963637549,1.7381895180657e-05,0.000139169435299139
154881661891.243,0.000155025339040396,5.34538908141673e-05,6.23468495191558e-05,-8.90785276883871e-06,0.729503093675417,-0.0910911281920359,1.77323000474357e-05,0.000142005823899566
158489319246.106,0.000156205398973595,5.32341264089946e-05,6.21660747586458e-05,-8.90233036801895e-06,0.727434911081683,-0.0907649913799463,1.80803817601389e-05,0.000144901590781819
162181009735.888,0.000157376420108245,5.29892075326697e-05,6.19866398090685e-05,-8.89338634757574e-06,0.725382569512329,-0.090393424763028,1.84257982888048e-05,0.00014785844159182
165958690743.751,0.000158537279440531,5.27196569908326e-05,6.18087141148492e-05,-8.88111539587789e-06,0.72334803718868,-0.0899773752041121,1.87682184282184e-05,0.000150878136597141
169824365246.169,0.000159686894706803,5.24260563292926e-05,6.16324608222479e-05,-8.86562137960529e-06,0.721333210929006,-0.0895178918189356,1.91073229916853e-05,0.000153962490564014
173780082874.932,0.000160824228091038,5.21090422315439e-05,6.14580362099878e-05,-8.84701680191607e-06,0.719339909650816,-0.0890161196782079,1.94428059046435e-05,0.000157113372566009
177827941003.886,0.000161948289569074,5.1769302656861e-05,6.12855891750868e-05,-8.82542222113736e-06,0.71736986850973,-0.0884732930546537,1.97743751911492e-05,0.000160332705736364
181970085860.992,0.000163058139870965,5.14075727598779e-05,6.1115260776732e-05,-8.80096563621858e-06,0.715424733707654,-0.0878907282867251,2.01017538477242e-05,0.000163622466976505
186208713666.281,0.000164152893047799,5.10246306336816e-05,6.09471838402684e-05,-8.77378184535859e-06,0.713506057994171,-0.0872698163326605,2.04246806005428e-05,0.000166984686633634
190546071796.318,0.000165231718634365,5.06212929189245e-05,6.0781482622607e-05,-8.74401178428931e-06,0.711615296876242,-0.0866120150893858,2.07429105434181e-05,0.000170421448160425
194984459975.798,0.000166293843404021,5.01984103212816e-05,6.06182725395992e-05,-8.71180185067188e-06,0.709753805542643,-0.0859188415504522,2.10562156555063e-05,0.000173934887769809
199526231496.881,0.000167338552716847,4.97568630787993e-05,6.04576599552018e-05,-8.67730322094178e-06,0.7079228365012,-0.0851918638758315,2.13643851990554e-05,0.00017752719409763
204173794466.946,0.000168365191466706,4.92975564193422e-05,6.02997420315636e-05,-8.64067116573493e-06,0.70612353791899,-0.0844326934440408,2.16672259988528e-05,0.000181200607885551
208929613085.397,0.000169373164637016,4.88214160464918e-05,6.01446066385293e-05,-8.60206436974455e-06,0.704356952648317,-0.0836429769538293,2.19645626062654e-05,0.000184957421696069
213796208950.216,0.000170361937478861,4.83293836899729e-05,5.99923323204693e-05,-8.56164426150973e-06,0.702624017914583,-0.0828243886386529,2.22562373518913e-05,0.000188799979670843
218776162394.948,0.000171331035328463,4.78224127540103e-05,5.9842988317828e-05,-8.51957435823033e-06,0.700925565636226,-0.0819786226524933,2.25421102918445e-05,0.000192730677342743
223872113856.827,0.00017228004308399,4.73014640940666e-05,5.96966346403324e-05,-8.47601963025119e-06,0.699262323341701,-0.0811073856803934,2.28220590535644e-05,0.000196751961511181
229086765276.77,0.000173208604364152,4.67675019492158e-05,5.95533221884231e-05,-8.43114588937131e-06,0.697634915644168,-0.0802123898214804,2.30959785877731e-05,0.000200866330189376
234422881531.984,0.000174116420373051,4.62214900540584e-05,5.94130929191632e-05,-8.38511920462292e-06,0.696043866231009,-0.0792953457863858,2.3363780833796e-05,0.000205076332631187
239883291901.941,0.000175003248497265,4.56643879506504e-05,5.92759800526495e-05,-8.33810534864121e-06,0.694489600322626,-0.0783579564449446,2.36253943059107e-05,0.000209384569444195
245470891568.495,0.000175868900662223,4.50971475174563e-05,5.91420083147833e-05,-8.29026927721688e-06,0.692972447553112,-0.0774019107539933,2.38807636087046e-05,0.000213793692794679
251188643150.95,0.000176713241475557,4.45207097289131e-05,5.90111942121657e-05,-8.24177464410188e-06,0.691492645224275,-0.0764288780890871,2.41298488896057e-05,0.000218306406709142
257039578276.878,0.00017753618618531,4.39360016558605e-05,5.88835463348462e-05,-8.19278335262946e-06,0.690050341884135,-0.0754405029981111,2.4372625236815e-05,0.000222925467476086
263026799189.529,0.000178337698480738,4.33439337138898e-05,5.87590656826823e-05,-8.14345514522147e-06,0.688645601181311,-0.0744384003891571,2.46090820308137e-05,0.00022765368415079
269153480392.683,0.000179117788162886,4.27453971636474e-05,5.86377460111418e-05,-8.093947231395e-06,0.68727840594762,-0.0734241511597424,2.48392222574748e-05,0.000232493919164993
275422870333.807,0.000179876508711353,4.21412618643102e-05,5.85195741925067e-05,-8.04441395444971e-06,0.685948662462637,-0.0723992982695066,2.50630617905578e-05,0.000237449089042534
281838293126.436,0.000180613954772533,4.15323742788674e-05,5.84045305886002e-05,-7.99500649662369e-06,0.684656204855868,-0.0713653432540046,2.52806286510548e-05,0.000242522165221295
288403150312.651,0.00018133025959335,4.09195557275107e-05,5.82925894313542e-05,-7.94587262214841e-06,0.68340079960445,-0.0703237431731139,2.54919622504681e-05,0.000247716174981099
295120922666.629,0.000182025592423019,4.03036008833593e-05,5.81837192077624e-05,-7.89715645731687e-06,0.682182150086887,-0.0692759079839475,2.56971126246678e-05,0.000253034202476618
301995172040.192,0.000182700155903754,3.96852765029425e-05,5.80778830460047e-05,-7.84899830640245e-06,0.680999901156161,-0.0682231983249913,2.58961396644989e-05,0.000258479389873846
309029543251.349,0.000183354183469635,3.90653203823115e-05,5.79750390997928e-05,-7.80153450202991e-06,0.679853643698545,-0.0671669236954805,2.60891123488068e-05,0.000264054938588247
316227766016.827,0.000183987936771079,3.84444405283775e-05,5.78751409282517e-05,-7.75489728840329e-06,0.678742919147532,-0.0661083410117782,2.62761079850251e-05,0.00026976411062232
323593656929.617,0.000184601703140544,3.78233145340306e-05,5.777813786893e-05,-7.70921473563669e-06,0.677667223925499,-0.0650486535207074,2.645721146194e-05,0.000275610230000051
331131121482.58,0.000185195793113329,3.72025891448009e-05,5.76839754018008e-05,-7.66461068331182e-06,0.676626013788827,-0.0639890100483917,2.6632514518714e-05,0.000281596684295503
338844156139.191,0.000185770538015512,3.65828800042508e-05,5.75925955023888e-05,-7.62120471129714e-06,0.675618708055323,-0.0629305045621507,2.68021150337293e-05,0.000287726926252628
346736850452.52,0.000186326287629387,3.59647715649119e-05,5.75039369824177e-05,-7.57911213580619e-06,0.674644693695836,-0.0618741760223494,2.69661163363014e-05,0.00029400447549333
354813389233.563,0.000186863407945075,3.53488171514014e-05,5.74179358166266e-05,-7.53844402864327e-06,0.673703329274838,-0.0608210085007782,2.71246265438254e-05,0.000300432920310741
363078054770.089,0.000187382279005415,3.4735539162333e-05,5.73345254546421e-05,-7.49930725758106e-06,0.672793948727514,-0.0597719315421106,2.72777579264509e-05,0.000307015919544709
371535229097.16,0.000187883292849768,3.41254293977698e-05,5.7253637117019e-05,-7.46180454583312e-06,0.67191586496351,-0.0587278207452153,2.74256263009447e-05,0.000313757204536554
380189396320.548,0.000188366851560955,3.35189494992239e-05,5.71752000747694e-05,-7.42603454862218e-06,0.671068373289902,-0.0576894985415505,2.75683504549936e-05,0.000320660581160232
389045144994.268,0.000188833365418321,3.2916531489576e-05,5.70991419118983e-05,-7.39209194489995e-06,0.670250754648192,-0.056657735148516,2.77060516028234e-05,0.000327729931927204
398107170553.484,0.000189283251158715,3.23185784007456e-05,5.70253887706339e-05,-7.3600675423417e-06,0.669462278662149,-0.055633249676436,2.7838852872667e-05,0.000334969218162447
407380277804.099,0.000189716930346149,3.17254649774741e-05,5.69538655792039e-05,-7.33004839381887e-06,0.668702206495184,-0.054616711368783,2.79668788263061e-05,0.000342382482249224
416869383470.321,0.00019013482784996,3.11375384461736e-05,5.68844962621485e-05,-7.3021179236405e-06,0.667969793517561,-0.0536087409562815,2.80902550106342e-05,0.000349973849940442
426579518801.578,0.000190537370430457,3.05551193384252e-05,5.68172039332885e-05,-7.27635606194871e-06,0.667264291785232,-0.0526099121066426,2.82091075409442e-05,0.000357747532734626
436515832240.151,0.00019092498543033,2.99785023593739e-05,5.67519110715722e-05,-7.25283938575239e-06,0.666584952333297,-0.0516207529528366,2.83235627154303e-05,0.00036570783031476
446683592150.948,0.000191298099569465,2.94079572919457e-05,5.66885396801222e-05,-7.2316412651845e-06,0.665931027288243,-0.0506417476840064,2.8433746660212e-05,0.000373859133048485
457088189614.859,0.000191657137840291,2.88437299285023e-05,5.66270114288797e-05,-7.21283201367066e-06,0.66530177180399,-0.0496733381843263,2.85397850040321e-05,0.000382205924548351
467735141287.182,0.000192002522500344,2.8286043022231e-05,5.65672477813105e-05,-7.19647904079873e-06,0.664696445827551,-0.048715925706314,2.8641802581651e-05,0.000390752784291074
478630092322.622,0.000192334672158368,2.77350972512471e-05,5.6509170105689e-05,-7.18264700677918e-06,0.664114315700742,-0.0477698725662871,2.87399231648584e-05,0.000399504390294957
489778819368.43,0.000192654000950033,2.71910721890437e-05,5.64526997715189e-05,-7.17139797748389e-06,0.663554655604857,-0.0468355038508141,2.88342692199359e-05,0.000408465521854871
501187233627.255,0.000192960917799087,2.6654127275564e-05,5.63977582316782e-05,-7.16279157914489e-06,0.663016748855585,-0.0459131091241277,2.89249616903496e-05,0.000417641062334402
512861383991.347,0.000193255825759656,2.61244027837838e-05,5.63442670909001e-05,-7.15688515188505e-06,0.662499889055711,-0.0450029441275449,2.90121198034029e-05,0.000427036002014987
524807460249.755,0.000193539121435298,2.56020207772752e-05,5.62921481612114e-05,-7.15373390133758e-06,0.6620033811133,-0.044105232462958,2.90958608995543e-05,0.000436655441002052
537031796370.234,0.00019381119447038,2.50870860547776e-05,5.62413235049575e-05,-7.15339104769206e-06,0.661526542133132,-0.0432201672534348,2.9176300283096e-05,0.000446504592188386
549540873857.606,0.000194072427109327,2.45796870783181e-05,5.6191715466041e-05,-7.15590797157943e-06,0.66106870218916,-0.0423479127748704,2.92535510928835e-05,0.000456588784275134
562341325190.33,0.000194323193819385,2.40798968819109e-05,5.61432466899946e-05,-7.1613343562782e-06,0.660629204985687,-0.0414886060534886,2.93277241918242e-05,0.000466913464851008
575439937337.137,0.000194563860972532,2.3587773958317e-05,5.60958401334986e-05,-7.16971832578792e-06,0.660207408414845,-0.040642358424777,2.93989280738491e-05,0.000477484203530446
588843655355.569,0.000194794786582345,2.31033631217565e-05,5.60494190639351e-05,-7.18110657837462e-06,0.659802685017776,-0.0398092570501706,2.94672687871221e-05,0.000488306695151627
602559586074.337,0.000195016320091696,2.26266963448542e-05,5.60039070495559e-05,-7.19554451524584e-06,0.659414422356725,-0.0389893663884684,2.95328498722773e-05,0.000499386763035396
616595001861.461,0.000195228802207322,2.21577935684441e-05,5.59592279408174e-05,-7.21307636406036e-06,0.659042023304984,-0.0381827296195763,2.95957723145142e-05,0.000510730362306291
630957344480.172,0.000195432564777435,2.16966634831737e-05,5.59153058434139e-05,-7.23374529702027e-06,0.658684906261394,-0.0373893700187276,2.9656134508426e-05,0.000522343583276976
645654229034.633,0.000195627930708731,2.12433042821396e-05,5.58720650835156e-05,-7.25759354332997e-06,0.658342505295801,-0.03660929227983,2.97140322344831e-05,0.000534232654897552
660693448007.573,0.000195815213919308,2.07977043840367e-05,5.58294301656914e-05,-7.28466249583977e-06,0.65801427023158,-0.0358424837870389,2.97695586461468e-05,0.000546403948271274
676082975391.958,0.000195994719324185,2.03598431265353e-05,5.57873257239725e-05,-7.31499281171875e-06,0.657699666671017,-0.035088915834056,2.98228042666359e-05,0.000558863980238351
691830970918.913,0.000196166742850287,1.99296914298017e-05,5.5745676466484e-05,-7.3486245070259e-06,0.657398175969051,-0.0343485447910086,2.98738569944253e-05,0.000571619417029601
707945784384.113,0.000196331571477948,1.9507212430256e-05,5.57044071140472e-05,-7.3855970450673e-06,0.657109295160539,-0.0336213132190751,2.99228021166066e-05,0.000584677077991804
724435960074.965,0.000196489483306161,1.90923620848161e-05,5.56634423331308e-05,-7.42594941844284e-06,0.656832536845901,-0.0329071509332952,2.99697223292928e-05,0.000598043939386711
741310241300.892,0.000196640747638965,1.86850897460106e-05,5.56227066635005e-05,-7.46972022469798e-06,0.656567429039713,-0.0322059760142391,3.00146977643028e-05,0.000611727138265734
758577575029.157,0.000196785625090567,1.82853387084609e-05,5.55821244408982e-05,-7.51694773550427e-06,0.656313514986489,-0.0315176957694126,3.005780602141e-05,0.000625733976422427
776247116628.665,0.000196924367706911,1.78930467273268e-05,5.55416197150547e-05,-7.56766995929793e-06,0.656070352947606,-0.0308422076454416,3.00991222054911e-05,0.000640071924424944
794328234724.254,0.000197057219101619,1.75081465093946e-05,5.55011161633219e-05,-7.62192469730832e-06,0.655837515963053,-0.0301794000922299,3.01387189679567e-05,0.000654748625730721
812830516164.071,0.000197184414604369,1.71305661775506e-05,5.54605370001884e-05,-7.67974959290773e-06,0.655614591591398,-0.0295291533803923,3.01766665518923e-05,0.000669771900885708
831763771102.642,0.000197306181419899,1.67602297094403e-05,5.54198048829269e-05,-7.74118217421137e-06,0.655401181631109,-0.0288913403733678,3.02130328403842e-05,0.000685149751810534
851138038202.347,0.000197422738796009,1.63970573511515e-05,5.53788418136033e-05,-7.8062598898517e-06,0.655196901826112,-0.0282658272556847,3.02478834075427e-05,0.000700890366176057
870963589956.05,0.000197534298199046,1.60409660067947e-05,5.53375690376649e-05,-7.87502013784387e-06,0.655001381558239,-0.0276524742189079,3.02812815717792e-05,0.000717002121870801
891250938133.714,0.000197641063495492,1.56918696048732e-05,5.52959069393111e-05,-7.94750028745066e-06,0.654814263528976,-0.0270511361068369,3.03132884509298e-05,0.000733493591562853
912010839355.878,0.000197743231138392,1.53496794423523e-05,5.52537749338429e-05,-8.02373769394443e-06,0.654635203432734,-0.0264616630215476,3.03439630188528e-05,0.000750373547358839
933254300796.958,0.000197840990357478,1.50143045073401e-05,5.52110913571745e-05,-8.10376970615169e-06,0.654463869623626,-0.0258839008918807,3.03733621631642e-05,0.000767650965562668
954992586021.402,0.000197934523351961,1.46856517812967e-05,5.51677733526899e-05,-8.18763366665247e-06,0.654299942777593,-0.0253176920059827,3.04015407438026e-05,0.000785335031536774
977237220955.776,0.000198024005485036,1.43636265216794e-05,5.51237367556199e-05,-8.27536690449201e-06,0.6541431155515,-0.0247628755094945,3.04285516521484e-05,0.00080343514466865
999999999999.965,0.000198109605479277,1.40481325259254e-05,5.50788959751157e-05,-8.36700672024671e-06,0.653993092240693,-0.0242192878709668,3.04544458704467e-05,0.000821960923445534
1023292992280.72,0.00019819148561216,1.37390723776565e-05,5.50331638741968e-05,-8.46259036326963e-06,0.653849588436331,-0.0236867633160553,3.04792725313103e-05,0.000840922210640135
1047128548050.86,0.000198269801911027,1.34363476759756e-05,5.49864516477535e-05,-8.56215500092371e-06,0.653712330683678,-0.0231651342320203,3.05030789771029e-05,0.000860329078610371
1071519305237.57,0.000198344704346917,1.31398592487024e-05,5.49386686987929e-05,-8.66573767959283e-06,0.653581056142404,-0.0226542315440199,3.05259108190232e-05,0.000880191834716136
1096478196143.15,0.000198416337026712,1.2849507350376e-05,5.48897225131247e-05,-8.77337527724274e-06,0.653455512249824,-0.0221538850646451,3.05478119957311e-05,0.000900521026856174
1122018454301.92,0.000198484838383149,1.25651918458266e-05,5.48395185326962e-05,-8.88510444728525e-06,0.653335456387883,-0.0216639238181061,3.05688248313781e-05,0.000921327449128183
1148153621496.84,0.000198550341362283,1.22868123800909e-05,5.47879600278015e-05,-9.0009615534805e-06,0.653220655554614,-0.0211841763404301,3.05889900929156e-05,0.000942622147615362
1174897554939.49,0.000198612973608046,1.20142685354244e-05,5.47349479684077e-05,-9.12098259559365e-06,0.653110886040669,-0.0207144709569895,3.06083470465763e-05,0.000964416426302643
1202264434617.37,0.000198672857643613,1.17474599761314e-05,5.46803808948602e-05,-9.24520312550412e-06,0.65300593311146,-0.0202546360386244,3.06269335134333e-05,0.000986721853125925
1230268770812.34,0.000198730111049303,1.1486286581907e-05,5.46241547882581e-05,-9.37365815344772e-06,0.652905590695377,-0.0198045002375828,3.06447859239559e-05,0.00100955026615771
1258925411794.12,0.000198784846636802,1.12306485703606e-05,5.45661629408136e-05,-9.50638204405521e-06,0.652809661078429,-0.0193638927044446,3.06619393714932e-05,0.00103291377993256
1288249551693.09,0.000198837172619542,1.09804466093559e-05,5.4506295826544e-05,-9.6434084018348e-06,0.652717954605655,-0.0189326432871525,3.06784276646263e-05,0.00105682479191592
1318256738556.36,0.00019888719277906,1.07355819197815e-05,5.44444409726794e-05,-9.78476994573126e-06,0.652630289389541,-0.0185105827132195,3.06942833783378e-05,0.00108129598911988
1348962882591.6,0.000198935006627269,1.04959563693325e-05,5.43804828322049e-05,-9.93049837238143e-06,0.652546491025649,-0.0180975427561367,3.07095379039575e-05,0.0011063403548695
1380384264602.83,0.000198980709564499,1.02614725578606e-05,5.43143026580029e-05,-1.00806242076742e-05,0.652466392315606,-0.0176933563869571,3.07242214978496e-05,0.0011319711757235
1412537544622.7,0.000199024393033301,1.00320338948204e-05,5.42457783791036e-05,-1.02351766462144e-05,0.652389832997576,-0.0172978579119821,3.07383633288125e-05,0.00115820204855305
1445439770745.88,0.000199066144667923,9.80754466931689e-06,5.41747844796045e-05,-1.0394183378284e-05,0.652316659484261,-0.016910883097435,3.07519915241684e-05,0.00118504688778256
1479108388168.15,0.000199106048439482,9.58791011322888e-06,5.41011918808705e-05,-1.0557670403888e-05,0.65224672460849,-0.0165322692819583,3.07651332145239e-05,0.00121251993279647
1513561248436.15,0.000199144184796799,9.373036457864e-06,5.40248678276904e-05,-1.0725661833478e-05,0.652179887376384,-0.0161618554777307,3.07778145771884e-05,0.001240635755516
1548816618912.43,0.000199180630802921,9.16283098457276e-06,5.39456757791203e-05,-1.08981796749434e-05,0.652116012728085,-0.0157994824609556,3.07900608782377e-05,0.0012694092681501
1584893192461.06,0.000199215460267366,8.95720206972847e-06,5.38634753048174e-05,-1.10752436064753e-05,0.652054971305992,-0.0154449928524356,3.0801896513216e-05,0.00129885573112471
1621810097358.87,0.00019924874387411,8.75605922445668e-06,5.37781219877344e-05,-1.12568707349173e-05,0.65199663923044,-0.0150982311889039,3.08133450464678e-05,0.00132899076119468
1659586907437.5,0.000199280549305383,8.55931312947676e-06,5.36894673341201e-05,-1.14430753392403e-05,0.651940897882738,-0.0147590439857534,3.08244292490982e-05,0.00135983033974279
1698243652461.68,0.000199310941361328,8.36687566539816e-06,5.35973586918512e-05,-1.16338685988014e-05,0.651887633695459,-0.014427279791759,3.08351711355548e-05,0.00139139082127023
1737800828749.31,0.000199339982075585,8.17865993879334e-06,5.35016391781984e-05,-1.18292583060829e-05,0.651836737949862,-0.0141027892363635,3.08455919988298e-05,0.00142368894208331
1778279410038.86,0.000199367730826874,7.99458030435192e-06,5.34021476182207e-05,-1.20292485636453e-05,0.651788106580327,-0.0137854250700588,3.08557124442794e-05,0.0014567418291809
1819700858609.92,0.000199394244446669,7.81455238340164e-06,5.32987184950635e-05,-1.22338394650817e-05,0.651741639985655,-0.0134750421983645,3.08655524220575e-05,0.00149056700934754
1862087136662.8,0.000199419577323025,7.63849307906542e-06,5.3191181913532e-05,-1.24430267598165e-05,0.651697242847092,-0.0131714977098766,3.08751312581599e-05,0.00152518241845706
1905460717963.18,0.000199443781500662,7.46632058830718e-06,5.30793635784005e-05,-1.26568015016627e-05,0.651654823952917,-0.0128746508988303,3.0884467684075e-05,0.00156060641099167
1949844599757.98,0.000199466906777396,7.29795441110394e-06,5.29630847890129e-05,-1.28751496811341e-05,0.651614296029449,-0.0125843632825931,3.08935798650369e-05,0.00159685776978172
1995262314968.81,0.000199489000796994,7.133315356967e-06,5.2842162451825e-05,-1.30980518415986e-05,0.651575575578292,-0.0123004986144803,3.09024854268727e-05,0.00163395571597131
2041737944669.46,0.000199510109138572,6.97232554902092e-06,5.2716409112632e-05,-1.33254826794681e-05,0.651538582719665,-0.0120229228922593,3.09112014814374e-05,0.00167191991921513
2089296130853.96,0.000199530275402613,6.81490842583639e-06,5.25856330103166e-05,-1.35574106287396e-05,0.651503241041642,-0.0117515043626865,3.09197446506267e-05,0.00171077050811199
2137962089502.15,0.000199549541293704,6.6609887412e-06,5.24496381540438e-05,-1.37937974303355e-05,0.651469477455139,-0.0114861135223982,3.09281310889577e-05,0.00175052808088065
2187761623949.47,0.000199567946700103,6.51049256199259e-06,5.23082244259131e-05,-1.40345976868451e-05,0.651437222054471,-0.0112266231154587,3.09363765047026e-05,0.00179121371628362
2238721138568.26,0.000199585529770213,6.36334726433665e-06,5.21611877111582e-05,-1.42797584034334e-05,0.651406407983312,-0.010972908127845,3.09444961795644e-05,0.00183284898480492
2290867652767.69,0.000199602326986075,6.21948152816247e-06,5.20083200580573e-05,-1.45292185158693e-05,0.651376971305894,-0.0107248457791332,3.09525049868755e-05,0.00187545596008764
2344228815319.84,0.000199618373233965,6.0788253303333e-06,5.1849409869777e-05,-1.47829084068275e-05,0.651348850883271,-0.0104823155116316,3.09604174083045e-05,0.00191905723063755
2398832919019.4,0.000199633701872195,5.94130993645991e-06,5.16842421304257e-05,-1.50407494118371e-05,0.651321988254482,-0.0102451989771909,3.09682475490509e-05,0.00196367591179896
2454708915684.94,0.000199648344796218,5.80686789152668e-06,5.15125986676266e-05,-1.53026533164913e-05,0.651296327522457,-0.010013380021905,3.0976009151509e-05,0.00200933565800935
2511886431509.49,0.000199662332501103,5.67543300944246e-06,5.13342584539389e-05,-1.55685218467851e-05,0.651271815244496,-0.0097867446689017,3.09837156073796e-05,0.00205606067533921
2570395782768.77,0.000199675694141511,5.54694036162224e-06,5.11489979494563e-05,-1.58382461547291e-05,0.651248400327172,-0.0095651810994108,3.09913799682093e-05,0.00210387573432397
2630267991895.29,0.000199688457589218,5.42132626469793e-06,5.09565914878865e-05,-1.61117063016734e-05,0.651226033925491,-0.00934857963228044,3.09990149543357e-05,0.00215280618309478
2691534803926.82,0.000199700649488304,5.29852826744979e-06,5.07568117083637e-05,-1.63887707420897e-05,0.65120466934617,-0.00913683270210434,3.10066329622191e-05,0.00220287796081524
2754228703338.06,0.000199712295308073,5.17848513704361e-06,5.05494300351695e-05,-1.66692958108826e-05,0.651184261954876,-0.00892983483610882,3.10142460701396e-05,0.0022541176114314
2818382931264.35,0.000199723419393799,5.06113684465263e-06,5.03342172074198e-05,-1.69531252176378e-05,0.651164769087281,-0.00872748262993859,3.10218660422434e-05,0.00230655229774222
2884031503126.5,0.000199734045015368,4.94642455053759e-06,5.01109438606275e-05,-1.72400895515652e-05,0.651146149963801,-0.00852967472247026,3.10295043309225e-05,0.00236020981579819
2951209226666.28,0.000199744194413908,4.83429058865264e-06,4.98793811618597e-05,-1.75300058012523e-05,0.651128365607868,-0.00833631176977332,3.10371720775151e-05,0.00241511860963588
3019951720401.9,0.000199753888846463,4.72467845084036e-06,4.96393014999728e-05,-1.78226768937032e-05,0.651111378767611,-0.00814729641832903,3.10448801113201e-05,0.00247130778635624
3090295432513.48,0.000199763148628808,4.61753277067401e-06,4.93904792321255e-05,-1.81178912575034e-05,0.651095153840814,-0.0079625332776101,3.10526389469221e-05,0.00252880713155484
3162277660168.26,0.000199771993176463,4.51279930700084e-06,4.91326914874387e-05,-1.84154224153062e-05,0.651079656803023,-0.0077819288921156,3.10604587798298e-05,0.00258764712511236
3235936569296.16,0.000199780441043972,4.41042492723642e-06,4.88657190282822e-05,-1.87150286111857e-05,0.65106485513868,-0.00760539171294927,3.10683494804399e-05,0.00264785895735382
3311311214825.79,0.000199788509962538,4.31035759045572e-06,4.85893471692262e-05,-1.90164524787336e-05,0.651050717775167,-0.00743283206902147,3.1076320586344e-05,0.00270947454558522
3388441561391.9,0.00019979621687604,4.21254633032357e-06,4.8303366753196e-05,-1.93194207560825e-05,0.651037215019648,-0.00726416213794989,3.10843812930076e-05,0.00277252655101663
3467368504525.19,0.000199803577975541,4.11694123790309e-06,4.80075751838039e-05,-1.96236440543195e-05,0.651024318498587,-0.00709929591672731,3.10925404428607e-05,0.00283704839608061
3548133892335.62,0.000199810608732306,4.02349344437846e-06,4.77017775122183e-05,-1.99288166859864e-05,0.651012001099854,-0.00693814919221993,3.11008065128503e-05,0.00290307428215564
3630780547700.88,0.000199817323929423,3.93215510372457e-06,4.73857875762477e-05,-2.02346165605561e-05,0.651000236917291,-0.00678063951155399,3.11091876005207e-05,0.00297063920770376
3715352290971.59,0.000199823737692062,3.84287937535398e-06,4.70594291885829e-05,-2.05407051538993e-05,0.650989001197667,-0.00662668615244416,3.11176914086985e-05,0.00303977898683242
3801893963205.47,0.000199829863516433,3.75562040676881e-06,4.6722537370354e-05,-2.08467275588221e-05,0.650978270289893,-0.0064762100935125,3.11263252288785e-05,0.00311053026829043
3890451449942.66,0.000199835714297503,3.67033331624285e-06,4.6374959625317e-05,-2.11523126237343e-05,0.650968021596435,-0.00632913398464243,3.11350959234192e-05,0.00318293055490836
3981071705534.82,0.000199841302355512,3.5869741755571e-06,4.60165572491104e-05,-2.14570731864008e-05,0.650958233526815,-0.0061853821174087,3.11440099066777e-05,0.00325701822349363
4073802778040.98,0.00019984663946135,3.50549999280964e-06,4.56472066671016e-05,-2.17606064095253e-05,0.650948885453122,-0.0060448803956203,3.11530731252278e-05,0.00333283254519117
4168693834703.2,0.000199851736860828,3.42586869531902e-06,4.52668007934083e-05,-2.20624942245986e-05,0.650939957667445,-0.00590755630601036,3.11622910373291e-05,0.00341041370632059
4265795188015.77,0.000199856605297895,3.34803911263864e-06,4.48752504027275e-05,-2.23623038900075e-05,0.650931431341156,-0.00577333888910332,3.11716685918264e-05,0.00348980282970083
4365158322401.5,0.00019986125503686,3.27197095969762e-06,4.44724855056533e-05,-2.26595886688465e-05,0.650923288485961,-0.00564215871028769,3.1181210206685e-05,0.00357104199647393
4466835921509.46,0.000199865695883627,3.19762482008248e-06,4.40584567172327e-05,-2.29538886311753e-05,0.650915511916641,-0.00551394783111888,3.11909197473811e-05,0.0036541742684395
4570881896148.58,0.00019986993720602,3.12496212947235e-06,4.36331366076107e-05,-2.32447315846418e-05,0.650908085215418,-0.00538863978087525,3.12008005053856e-05,0.00373924371091175
4677351412871.81,0.000199873987953211,3.05394515923896e-06,4.31965210227681e-05,-2.35316341364151e-05,0.650900992697885,-0.00526616952838722,3.12108551769967e-05,0.0038262954161114
4786300923226.2,0.000199877856674305,2.98453700022193e-06,4.27486303625869e-05,-2.38141028882658e-05,0.650894219380409,-0.00514647345415785,3.12210858427917e-05,0.00391537552710472
4897788193684.28,0.00019988155153611,2.91670154668803e-06,4.22895108028024e-05,-2.40916357653856e-05,0.650887750948977,-0.00502948932279097,3.12314939479823e-05,0.00400653126230257
5011872336272.53,0.000199885080340121,2.8504034804827e-06,4.1819235446841e-05,-2.43637234781548e-05,0.650881573729396,-0.00491515625574104,3.12420802839662e-05,0.0040998109405323
5128613839913.46,0.00019988845053877,2.7856082553806e-06,4.13379053931311e-05,-2.46298511145742e-05,0.650875674658811,-0.00480341470439762,3.12528449713795e-05,0.00419526400669576
5248074602497.53,0.000199891669250954,2.72228208164155e-06,4.08456507032131e-05,-2.48894998594628e-05,0.650870041258468,-0.00469420642351531,3.12637874449568e-05,0.004292941058027
5370317963702.32,0.000199894743276881,2.660391910777e-06,4.03426312559101e-05,-2.5142148834832e-05,0.650864661607679,-0.00458747444499882,3.12749064405065e-05,0.00439289387096332
5495408738576.04,0.000199897679112266,2.59990542053147e-06,3.982903747295e-05,-2.53872770540729e-05,0.650859524318935,-0.00448316305205153,3.12861999843083e-05,0.00449517542864391
5623413251903.28,0.0001999004829619,2.54079100008289e-06,3.93050909017844e-05,-2.56243654807845e-05,0.650854618514121,-0.00438121775369454,3.12976653852292e-05,0.00459983994905033
5754399373371.35,0.000199903160752611,2.48301773546501e-06,3.87710446419362e-05,-2.58528991812413e-05,0.650849933801775,-0.00428158525966217,3.13092992298456e-05,0.00470694291380356
5888436553555.67,0.000199905718145671,2.4265553952142e-06,3.82271836020441e-05,-2.60723695576851e-05,0.650845460255358,-0.00418421345567877,3.1321097380837e-05,0.00481654109763265
6025595860743.35,0.000199908160548638,2.37137441624288e-06,3.76738245758536e-05,-2.62822766478627e-05,0.650841188392493,-0.0040890513791209,3.13330549789004e-05,0.00492869259853017
6165950018614.59,0.000199910493126679,2.31744588994089e-06,3.7111316126741e-05,-2.6482131474557e-05,0.650837109155111,-0.00399604919506783,3.1345166448402e-05,0.00504345686861016
6309573444801.69,0.000199912720813401,2.26474154850582e-06,3.65400382719419e-05,-2.66714584273063e-05,0.650833213890495,-0.0039051581727427,3.13574255069522e-05,0.00516089474568465
6456542290346.31,0.000199914848321183,2.21323375150296e-06,3.59604019594729e-05,-2.68497976571186e-05,0.650829494333156,-0.00381633066234594,3.13698251790543e-05,0.00528106848557484
6606934480075.71,0.000199916880151072,2.16289547265493e-06,3.53728483327753e-05,-2.70167074638003e-05,0.650825942587523,-0.00372952007228159,3.13823578139324e-05,0.00540404179517391
6760829753919.56,0.000199918820602218,2.11370028686091e-06,3.47778477803431e-05,-2.71717666545697e-05,0.650822551111402,-0.00364468084677711,3.13950151076006e-05,0.00552987986627828
6918309709189.1,0.000199920673780912,2.0656223574449e-06,3.41758987699984e-05,-2.73145768519412e-05,0.650819312700171,-0.00356176844389603,3.14077881291864e-05,0.005658649410205
7079457843841.11,0.000199922443609201,2.01863642363225e-06,3.35675264700059e-05,-2.74447647284891e-05,0.65081622047169,-0.00348073931394267,3.14206673514678e-05,0.00579041869321305
7244359600749.62,0.000199924133833138,1.97271778825328e-06,3.29532811618398e-05,-2.75619841460372e-05,0.650813267851877,-0.00340155087825783,3.14336426855338e-05,0.00592525757274675
7413102413008.89,0.000199925748030656,1.92784230567286e-06,3.23337364520766e-05,-2.76659181771047e-05,0.650810448560933,-0.00332416150840331,3.1446703519418e-05,0.0060632375345203
7585775750291.55,0.000199927289619087,1.8839863699441e-06,3.17094872935494e-05,-2.77562809870724e-05,0.650807756600186,-0.00324853050573332,3.14598387605074e-05,0.0062044317304623
7762471166286.62,0.000199928761862362,1.84112690318479e-06,3.10811478284971e-05,-2.7832819556521e-05,0.650805186239525,-0.00317461808135021,3.14730368814699e-05,0.0063489150175403
7943282347242.51,0.000199930167877873,1.79924134417425e-06,3.04493490689362e-05,-2.78953152245356e-05,0.650802732005393,-0.00310238533644154,3.1486285969396e-05,0.00649676399748521
8128305161640.68,0.00019993151064304,1.75830763716877e-06,2.98147364318148e-05,-2.79435850354405e-05,0.650800388669325,-0.00303179424299527,3.14995737778029e-05,0.00664805705743654
8317637711026.39,0.000199932793001578,1.71830422093331e-06,2.91779671486303e-05,-2.79774828734226e-05,0.650798151236999,-0.00296280762488969,3.1512887781103e-05,0.00680287441152955
8511380382023.44,0.000199934017669495,1.6792100179871e-06,2.85397075710527e-05,-2.79969003717754e-05,0.650796014937777,-0.00289538913935422,3.15262152311051e-05,0.00696129814344607
8709635899560.47,0.000199935187240809,1.64100442406056e-06,2.79006303956648e-05,-2.8001767586013e-05,0.65079397521472,-0.00282950325879701,3.15395432150806e-05,0.00712341224995137
8912509381337.11,0.00019993630419302,1.60366729776113e-06,2.72614118321551e-05,-2.79920534228324e-05,0.650792027715044,-0.00276511525299525,3.15528587149042e-05,0.00728930268544005
9120108393558.75,0.000199937370892332,1.56717895044522e-06,2.66227287401685e-05,-2.7967765819774e-05,0.650790168281014,-0.0027021911716436,3.15661486667608e-05,0.00745905740751431
9332543007969.55,0.000199938389598645,1.53152013629343e-06,2.59852557605005e-05,-2.7928951673408e-05,0.650788392941243,-0.00264069782725619,3.15794000208981e-05,0.00763276642361884
9549925860213.99,0.000199939362470321,1.49667204258652e-06,2.53496624664113e-05,-2.78756965168903e-05,0.650786697902377,-0.00258060277841736,3.15925998009068e-05,0.00781052183875706
9772372209557.73,0.00019994029156874,1.46261628017888e-06,2.47166105605219e-05,-2.78081239507308e-05,0.650785079541162,-0.00252187431337621,3.1605735162011e-05,0.00799241790431403
9999999999999.61,0.000199941178862651,1.42933487416687e-06,2.40867511420618e-05,-2.77263948335457e-05,0.650783534396858,-0.00246448143397981,3.16187934478699e-05,0.00817855106801215
10232929922807.1,0.000199942026232324,1.39681025474891e-06,2.34607220681606e-05,-2.7630706242361e-05,0.650782059163999,-0.00240839383994001,3.16317622454123e-05,0.00836902002502624
10471285480508.6,0.000199942835473528,1.3650252482744e-06,2.28391454314587e-05,-2.75212902146519e-05,0.650780650685474,-0.0023535819134284,3.1644629437252e-05,0.0085639257702855
10715193052375.7,0.000199943608301314,1.33396306847844e-06,2.22226251745744e-05,-2.73984122866892e-05,0.650779305945919,-0.00230001670399414,3.16573832512714e-05,0.00876337165199021
10964781961431.4,0.000199944346353647,1.30360730789923e-06,2.16117448599518e-05,-2.72623698448858e-05,0.650778022065398,-0.00224766991379923,3.16700123069973e-05,0.00896746342637205
11220184543019.2,0.000199945051194859,1.27394192947527e-06,2.10070656113704e-05,-2.71134903086511e-05,0.650776796293377,-0.00219651388316559,3.16825056584413e-05,0.00917630931372745
11481536214968.4,0.000199945724318958,1.24495125831922e-06,2.0409124240969e-05,-2.69521291647523e-05,0.650775626002958,-0.00214652157642866,3.16948528331253e-05,0.00939002005575398
11748975549394.8,0.000199946367152788,1.21661997366526e-06,1.98184315730737e-05,-2.67786678743249e-05,0.650774508685368,-0.00209766656809169,3.17070438670641e-05,0.00960870897422079
12022644346173.7,0.000199946981059039,1.18893310098715e-06,1.92354709734864e-05,-2.65935116744667e-05,0.650773441944702,-0.00204992302927541,3.17190693355324e-05,0.00983249203100462
12302687708123.3,0.000199947567339133,1.16187600428378e-06,1.86606970902175e-05,-2.63970872967844e-05,0.650772423492889,-0.00200326571445731,3.17309203794944e-05,0.0100614878895237
12589254117941.2,0.000199948127235973,1.13543437852919e-06,1.80945348090049e-05,-2.6189840625353e-05,0.650771451144889,-0.0019576699484952,3.17425887276323e-05,0.0102958179776023
12882495516930.8,0.000199948661936573,1.10959424228413e-06,1.75373784243862e-05,-2.59722343163067e-05,0.650770522814096,-0.00191311161392941,3.17540667139577e-05,0.0105356065518008
13182567385563.6,0.000199949172574567,1.0843419304661e-06,1.69895910246294e-05,-2.57447454007258e-05,0.650769636507951,-0.00186956713855816,3.17653472910432e-05,0.0107809807632437
13489628825916,0.00019994966023261,1.05966408727502e-06,1.64515040865151e-05,-2.55078628916517e-05,0.650768790323745,-0.00182701348328077,3.17764240389569e-05,0.0110320707249839
13803842646028.3,0.000199950125944665,1.03554765927135e-06,1.59234172738366e-05,-2.52620854149721e-05,0.650767982444605,-0.00178542813020329,3.17872911700251e-05,0.0112890095809366
14125375446227,0.000199950570698193,1.01197988860406e-06,1.54055984315643e-05,-2.50079188826157e-05,0.650767211135662,-0.00174478907100128,3.17979435295898e-05,0.0115519335764213
14454397707458.7,0.00019995099543624,9.88948306385315e-07,1.48982837659345e-05,-2.47458742250134e-05,0.650766474740387,-0.00170507479553449,3.18083765929587e-05,0.0118209821303496
14791083881681.5,0.000199951401059438,9.66440726209125e-07,1.44016781992721e-05,-2.44764651981527e-05,0.650765771677084,-0.00166626428070832,3.18185864587778e-05,0.0120962979090969
15135612484361.5,0.000199951788427906,9.44445237811132e-07,1.39159558871664e-05,-2.42002062788286e-05,0.650765100435545,-0.00162833697957699,3.18285698390778e-05,0.0123780269020974
15488166189124.2,0.000199952158363073,9.22950200866737e-07,1.34412608846725e-05,-2.39176106598958e-05,0.650764459573843,-0.00159127281068349,3.18383240462682e-05,0.012666318499204
15848931924610.5,0.000199952511649418,9.01944238924807e-07,1.29777079475166e-05,-2.36291883555015e-05,0.650763847715277,-0.00155505214763132,3.18478469773631e-05,0.0129613255698521
16218100973588.7,0.00019995284903613,8.81416233474266e-07,1.25253834538281e-05,-2.33354444244554e-05,0.650763263545442,-0.00151965580888331,3.18571370957361e-05,0.0132632045440719
16595869074374.9,0.000199953171238693,8.61355318140861e-07,1.20843464316951e-05,-2.3036877318104e-05,0.650762705809435,-0.00148506504778282,3.18661934107019e-05,0.0135721154953905
16982436524616.8,0.000199953478940405,8.417508730115e-07,1.16546296778213e-05,-2.27339773573422e-05,0.650762173309181,-0.00145126154279258,3.18750154552268e-05,0.0138882222256687
17378008287493.1,0.000199953772793821,8.2259251908352e-07,1.1236240952739e-05,-2.24272253417475e-05,0.650761664900876,-0.00141822738794686,3.1883603262063e-05,0.0142116923519174
17782794100388.5,0.000199954053422138,8.03870112836361e-07,1.08291642383827e-05,-2.21170912922722e-05,0.650761179492547,-0.00138594508351237,3.18919573385971e-05,0.0145426973951398
18197008586099.1,0.000199954321420515,7.85573740923085e-07,1.04333610443237e-05,-2.18040333274977e-05,0.650760716041718,-0.00135439752685354,3.19000786406916e-05,0.0148814128712461
18620871366627.9,0.000199954577357331,7.67693714979293e-07,1.00487717495945e-05,-2.14884966721473e-05,0.650760273553176,-0.00132356800349813,3.19079685457854e-05,0.0152280183840892
19054607179631.7,0.000199954821775395,7.5022056654697e-07,9.67531696776295e-06,-2.1170912795385e-05,0.650759851076841,-0.00129344017839872,3.19156288255062e-05,0.0155826977206708
19498445997579.7,0.000199955055193088,7.33145042110866e-07,9.31289892373127e-06,-2.08516986753965e-05,0.650759447705731,-0.00126399808738627,3.19230616180279e-05,0.0159456389485684
19952623149688,0.000199955278105469,7.16458098245061e-07,8.96140283161333e-06,-2.05312561858546e-05,0.650759062574009,-0.00123522612881155,3.19302694003918e-05,0.0163170345156337
20417379446694.5,0.000199955490985321,7.00150896867373e-07,8.62069826396354e-06,-2.02099715991234e-05,0.650758694855127,-0.0012071090553707,3.19372549609886e-05,0.0166970813520173
20892961308539.6,0.000199955694284151,6.8421480059934e-07,8.29064050357621e-06,-1.98882152004337e-05,0.650758343760049,-0.00117963196611087,3.1944021372381e-05,0.0170859809745711
21379620895021.5,0.00019995588843315,6.68641368229548e-07,7.97107187002704e-06,-1.95663410067784e-05,0.650758008535551,-0.00115278029861244,3.19505719646266e-05,0.0174839395936859
21877616239494.7,0.000199956073844107,6.53422350278071e-07,7.66182301407453e-06,-1.92446865839061e-05,0.6507576884626,-0.00112653982134394,3.19569102992411e-05,0.0178911682226189
22387211385682.5,0.000199956250910279,6.38549684659902e-07,7.36271417396638e-06,-1.89235729545421e-05,0.650757382854803,-0.00110089662618613,3.19630401439238e-05,0.0183078827893708
22908676527676.8,0.000199956420007227,6.24015492445228e-07,7.07355638859226e-06,-1.86033045908146e-05,0.650757091056928,-0.0010758371211217,3.19689654481484e-05,0.0187343042511697
23442288153198.3,0.000199956581493611,6.09812073714475e-07,6.79415266328229e-06,-1.82841694838085e-05,0.650756812443492,-0.00105134802308715,3.19746903197055e-05,0.0191706587116238
23988329190193.9,0.000199956735711951,5.95931903506094e-07,6.52429908486154e-06,-1.79664392831993e-05,0.650756546417406,-0.00102741635098334,3.19802190022651e-05,0.0196171775406042
24547089156849.3,0.000199956882989353,5.82367627855067e-07,6.26378588333083e-06,-1.76503695000181e-05,0.65075629240869,-0.00100402941884155,3.1985555854015e-05,0.0200740974969216
25118864315094.8,0.000199957023638201,5.69112059920176e-07,6.01239843824782e-06,-1.73361997657658e-05,0.65075604987324,-0.000981174829141504,3.19907053274118e-05,0.0205416608538614
25703957827687.6,0.000199957157956824,5.56158176198113e-07,5.76991822852867e-06,-1.70241541413088e-05,0.650755818291653,-0.000958840466278506,3.19956719500737e-05,0.0210201155276439
26302679918952.8,0.000199957286230122,5.43499112822541e-07,5.53612372497684e-06,-1.67144414692532e-05,0.650755597168102,-0.000937014490176169,3.20004603068283e-05,0.0215097152088775
26915348039268.1,0.000199957408730176,5.31128161946251e-07,5.31079122537348e-06,-1.64072557637857e-05,0.650755386029268,-0.000915685330041889,3.20050750229188e-05,0.0220107194970745
27542287033380.6,0.000199957525716818,5.19038768204592e-07,5.09369563243189e-06,-1.61027766322978e-05,0.650755184423312,-0.000894841678261921,3.20095207483639e-05,0.0225233940383008
28183829312643.4,0.000199957637438192,5.07224525258423e-07,4.88461117533079e-06,-1.58011697234471e-05,0.650754991918902,-0.000874472484433117,3.20138021434558e-05,0.023048010666032
28840315031264.9,0.00019995774413127,4.9567917241481e-07,4.68331207589762e-06,-1.55025871966667e-05,0.650754808104277,-0.000854566949528373,3.20179238653773e-05,0.0235848475452909
29512092266662.7,0.000199957846022362,4.8439659132379e-07,4.489573160818e-06,-1.52071682084958e-05,0.65075463258636,-0.000835114520192939,3.2021890555907e-05,0.0241341893201424
30199517204018.9,0.00019995794332759,4.733708027495e-07,4.30317042150357e-06,-1.49150394114677e-05,0.650754464989906,-0.000816104883168756,3.20257068301825e-05,0.0246963272646246
30902954325134.7,0.000199958036253351,4.62595963414066e-07,4.12388152346009e-06,-1.46263154616498e-05,0.650754304956688,-0.000797527959844086,3.20293772664836e-05,0.0252715594371946
31622776601682.5,0.000199958124996753,4.52066362912611e-07,3.95148626716639e-06,-1.43410995312871e-05,0.650754152144729,-0.000779373900925698,3.20329063969944e-05,0.0258601908387725
32359365692961.5,0.000199958209746032,4.41776420697844e-07,3.78576700260399e-06,-1.40594838233429e-05,0.650754006227557,-0.000761633081230962,3.20362986995015e-05,0.0264625335744663
33113112148257.8,0.000199958290680954,4.31720683132658e-07,3.62650899967215e-06,-1.37815500850624e-05,0.650753866893503,-0.000744296094597248,3.20395585899838e-05,0.0270789070190635
33884415613918.9,0.000199958367973193,4.21893820609265e-07,3.47350077678671e-06,-1.35073701180011e-05,0.650753733845027,-0.000727353748906071,3.20426904160458e-05,0.0277096379863773
34673685045251.8,0.000199958441786695,4.12290624733354e-07,3.32653438999654e-06,-1.32370062822634e-05,0.650753606798072,-0.000710797061219463,3.20456984511492e-05,0.0283550609025372
35481338923356.1,0.000199958512278031,4.02906005571864e-07,3.18540568496282e-06,-1.29705119929778e-05,0.650753485481457,-0.000694617253026136,3.20485868895937e-05,0.0290155179833156
36307805477008.7,0.000199958579596723,3.93734988962928e-07,3.04991451413633e-06,-1.27079322073037e-05,0.650753369636284,-0.000678805745594997,3.20513598422006e-05,0.0296913594155842
37153522909715.8,0.000199958643885563,3.84772713886626e-07,2.91986492143906e-06,-1.24493039005117e-05,0.650753259015385,-0.000663354155433684,3.20540213326528e-05,0.0303829435429971
38018939632054.6,0.000199958705280918,3.76014429895174e-07,2.79506529671311e-06,-1.21946565299089e-05,0.650753153382789,-0.000648254289849776,3.20565752944444e-05,0.0310906370559987
38904514499426.5,0.000199958763913016,3.6745549460124e-07,2.675328502142e-06,-1.19440124855937e-05,0.650753052513207,-0.000633498142612429,3.2059025568396e-05,0.0318148151862559
39810717055348.1,0.000199958819906225,3.59091371223076e-07,2.56047197278248e-06,-1.1697387527215e-05,0.650752956191552,-0.000619077889712209,3.20613759006927e-05,0.0325558619056203
40738027780409.6,0.000199958873379315,3.50917626185201e-07,2.45031779326808e-06,-1.14547912060921e-05,0.650752864212475,-0.000604985885216936,3.20636299414021e-05,0.0333141701297229
41686938347031.9,0.000199958924445711,3.42929926773395e-07,2.34469275266292e-06,-1.12162272722055e-05,0.650752776379921,-0.000591214657221419,3.20657912434336e-05,0.0340901419263121
42657951880157.5,0.000199958973213731,3.35124038842788e-07,2.24342837935633e-06,-1.09816940657171e-05,0.650752692506705,-0.000577756903888976,3.20678632618991e-05,0.0348841887284424
43651583224014.8,0.000199959019786821,3.2749582457785e-07,2.14636095779717e-06,-1.07511848928051e-05,0.650752612414113,-0.000564605489582702,3.206984935384e-05,0.0356967315526302
44668359215094.5,0.000199959064263768,3.2004124030312e-07,2.05333152877365e-06,-1.05246883857126e-05,0.650752535931516,-0.000551753441084485,3.20717527782858e-05,0.0365282012220888
45708818961485.6,0.000199959106738916,3.12756334343539e-07,1.96418587484947e-06,-1.03021888470106e-05,0.650752462896003,-0.000539193943899795,3.20735766966112e-05,0.0373790385951644
46773514128717.9,0.000199959147302361,3.05637244933276e-07,1.87877449247273e-06,-1.00836665781651e-05,0.650752393152029,-0.000526920338646326,3.2075324173161e-05,0.0382496947990918
47863009232261.9,0.000199959186040144,2.98680198171945e-07,1.79695255218056e-06,-9.86909819257369e-06,0.650752326551082,-0.000514926117524632,3.20769981761149e-05,0.0391406314691941
48977881936842.6,0.000199959223034433,2.91881506027161e-07,1.71857984822998e-06,-9.65845691330349e-06,0.650752262951365,-0.00050320492086889,3.2078601578564e-05,0.0400523209936547
50118723362725.2,0.000199959258363699,2.85237564382388e-07,1.64352073889571e-06,-9.45171285582014e-06,0.650752202217491,-0.000491750533775995,3.2080137159775e-05,0.0409852467639895
51286138399134.4,0.000199959292102881,2.78744851129056e-07,1.57164407858825e-06,-9.24883329604288e-06,0.650752144220191,-0.000480556882811239,3.20816076066183e-05,0.0419399034313534
52480746024975.1,0.000199959324323545,2.72399924301961e-07,1.50282314286112e-06,-9.04978292410196e-06,0.650752088836038,-0.00046961803278884,3.20830155151383e-05,0.0429167971688164
53703179637023.1,0.000199959355094036,2.66199420256956e-07,1.43693554729514e-06,-8.85452408420588e-06,0.65075203594718,-0.00045892818362562,3.20843633922458e-05,0.0439164459397484
54954087385760.2,0.000199959384479622,2.60140051890002e-07,1.37386316116992e-06,-8.66301700105139e-06,0.650751985441092,-0.000448481667266216,3.20856536575148e-05,0.0449393797724553
56234132519032.6,0.000199959412542636,2.54218606896622e-07,1.31349201675908e-06,-8.47521999322927e-06,0.650751937210329,-0.000438272944678166,3.20868886450662e-05,0.0459861410412119
57543993733713.4,0.000199959439342602,2.48431946070869e-07,1.25571221501507e-06,-8.29108967409248e-06,0.6507518911523,-0.000428296602915335,3.20880706055227e-05,0.0470572847538403
58884365535556.5,0.000199959464936367,2.42777001642901e-07,1.20041782834365e-06,-8.11058114056357e-06,0.650751847169047,-0.000418547352248098,3.20892017080215e-05,0.0481533788459867
60255958607433.3,0.00019995948937822,2.372507756543e-07,1.147506801105e-06,-7.93364815036325e-06,0.650751805167034,-0.000409020023358795,3.20902840422715e-05,0.0492750044822526
61659500186145.7,0.000199959512720006,2.31850338370273e-07,1.09688084841983e-06,-7.76024328814426e-06,0.650751765056948,-0.000399709564600975,3.2091319620643e-05,0.0504227563643397
63095734448016.8,0.000199959535011236,2.26572826727917e-07,1.04844535380373e-06,-7.59031812101325e-06,0.650751726753508,-0.000390611039320968,3.20923103802804e-05,0.0515972430463724
64565422903462.9,0.000199959556299192,2.21415442819718e-07,1.0021092661013e-06,-7.42382334391962e-06,0.650751690175283,-0.000381719623240403,3.20932581852267e-05,0.0527990872575647
66069344800756.9,0.000199959576629031,2.16375452411496e-07,9.57784996143698e-07,-7.26070891538386e-06,0.650751655244516,-0.000373030601898264,3.2094164828553e-05,0.0540289262324028
67608297539195.4,0.000199959596043874,2.11450183494013e-07,9.15388313508416e-07,-7.10092418403004e-06,0.650751621886958,-0.000364539368151145,3.20950320344847e-05,0.0552874120485183
69183097091890.8,0.000199959614584903,2.06637024867487e-07,8.74838243718936e-07,-6.94441800637701e-06,0.650751590031713,-0.000356241419730382,3.20958614605168e-05,0.0565752119724311
70794578438410.9,0.000199959632291447,2.01933424758259e-07,8.36056966183194e-07,-6.79113885633178e-06,0.650751559611081,-0.000348132356854778,3.20966546995135e-05,0.0578930088133464
72443596007496,0.000199959649201063,1.97336889466898e-07,7.98969713134753e-07,-6.6410349268164e-06,0.650751530560418,-0.00034020787989764,3.20974132817861e-05,0.059241501285191
74131024130088.7,0.00019995966534962,1.92844982047017e-07,7.63504669807802e-07,-6.4940542239464e-06,0.650751502817995,-0.000332463787106921,3.2098138677145e-05,0.0606214043770837
75857757502915.2,0.000199959680771371,1.88455321014123e-07,7.29592876047248e-07,-6.35014465416512e-06,0.650751476324866,-0.000324895972377241,3.20988322969212e-05,0.0620334497324341
77624711662866,0.000199959695499027,1.84165579083797e-07,6.9716812952773e-07,-6.209254104724e-06,0.650751451024747,-0.000317500423072608,3.20994954959537e-05,0.0634783860368719
79432823472424.9,0.000199959709563828,1.79973481938566e-07,6.66166890730286e-07,-6.07133051788422e-06,0.650751426863887,-0.000310273217898708,3.21001295745416e-05,0.0649569794152118
81283051616406.6,0.000199959722995608,1.75876807022793e-07,6.36528189802556e-07,-5.93632195920044e-06,0.650751403790965,-0.00030321052482361,3.21007357803554e-05,0.0664700138376654
83176377110263.7,0.000199959735822858,1.71873382364967e-07,6.08193535407572e-07,-5.80417668023224e-06,0.650751381756969,-0.000296308599045804,3.21013153103082e-05,0.0680182915355137
85113803820234.1,0.000199959748072785,1.67961085426763e-07,5.81106825647308e-07,-5.67484317601447e-06,0.650751360715099,-0.000289563781008489,3.21018693123829e-05,0.0696026334264635
87096358995604.5,0.000199959759771373,1.6413784197827e-07,5.55214261130053e-07,-5.54827023760239e-06,0.650751340620665,-0.000282972494459062,3.21023988874164e-05,0.0712238795499092
89125093813370.9,0.000199959770943438,1.60401624998784e-07,5.30464260235241e-07,-5.42440699999365e-06,0.65075132143099,-0.000276531244552775,3.21029050908368e-05,0.0728828895123356
91201083935587.2,0.000199959781612677,1.56750453602604e-07,5.06807376615478e-07,-5.30320298571424e-06,0.650751303105323,-0.000270236615999559,3.21033889343557e-05,0.0745805429430932
93325430079695.2,0.000199959791801719,1.5318239198924e-07,4.84196218963025e-07,-5.1846081443419e-06,0.650751285604747,-0.000264085271253036,3.2103851387613e-05,0.0763177399607907
95499258602139.6,0.000199959801532179,1.49695548417508e-07,4.62585373056855e-07,-5.06857288822701e-06,0.650751268892103,-0.000258073948740754,3.21042933797751e-05,0.0780954016505518
97723722095577,0.000199959810824696,1.46288074202936e-07,4.41931326096457e-07,-4.95504812465724e-06,0.650751252931902,-0.000252199461134709,3.21047158010861e-05,0.0799144705523871
99999999999995.8,0.000199959819698979,1.42958162737984e-07,4.22192393319734e-07,-4.84398528469985e-06,0.650751237690258,-0.000246458693661234,3.21051195043714e-05,0.0817759111609428
