frequency_Hz,OUT_real,OUT_imag,E_real,E_imag,X_real,X_imag,VIN_current_real_A,VIN_current_imag_A
1,-3.88899852522716,2.44429376758366e-07,0.0194449929016918,1.88271953040868e-13,-0.824134270742792,8.9003921970234e-10,-1.11889710352647e-24,-4.58821896155252e-15
1.02329299228075,-3.88899852522716,2.50122868344387e-07,0.0194449929016918,1.92657370189731e-13,-0.824134270742792,9.10770896376434e-10,-1.17162909943403e-24,-4.69509231040637e-15
1.0471285480509,-3.88899852522716,2.55948978385973e-07,0.0194449929016918,1.97144936826391e-13,-0.824134270742792,9.31985475835266e-10,-1.22684627774453e-24,-4.8044550593501e-15
1.07151930523761,-3.88899852522716,2.61910795963785e-07,0.0194449929016918,2.01737032318078e-13,-0.824134270742792,9.53694206329672e-10,-1.28466576149628e-24,-4.91636519396077e-15
1.09647819614319,-3.88899852522716,2.68011482112415e-07,0.0194449929016918,2.06436091454605e-13,-0.824134270742792,9.75908598115908e-10,-1.34521019356631e-24,-5.03088205047306e-15
1.12201845430196,-3.88899852522716,2.74254271496413e-07,0.0194449929016918,2.11244605739326e-13,-0.824134270742792,9.98640429558543e-10,-1.40860799681236e-24,-5.14806634724012e-15
1.14815362149688,-3.88899852522716,2.80642474125343e-07,0.0194449929016918,2.16165124710163e-13,-0.824134270742792,1.0219017533755e-09,-1.47499364647501e-24,-5.26798021692719e-15
1.17489755493953,-3.88899852522716,2.87179477108796e-07,0.0194449929016918,2.21200257291406e-13,-0.824134270742792,1.04570490302856e-09,-1.54450795541768e-24,-5.39068723945524e-15
1.20226443461741,-3.88899852522716,2.93868746452282e-07,0.0194449929016918,2.26352673176995e-13,-0.824134270742792,1.07006249926275e-09,-1.61729837280957e-24,-5.51625247571183e-15
1.23026877081238,-3.88899852522715,3.0071382889495e-07,0.0194449929016918,2.31625104246035e-13,-0.824134270742792,1.09498745679801e-09,-1.69351929688517e-24,-5.64474250204728e-15
1.25892541179417,-3.88899852522715,3.07718353790116e-07,0.0194449929016918,2.37020346011267e-13,-0.824134270742792,1.12049299117672e-09,-1.77333240244355e-24,-5.77622544557431e-15
1.28824955169313,-3.88899852522715,3.14886035029595e-07,0.0194449929016918,2.42541259101289e-13,-0.824134270742792,1.14659262577084e-09,-1.85690698378233e-24,-5.91077102028997e-15
1.31825673855641,-3.88899852522715,3.22220673012857e-07,0.0194449929016918,2.48190770777299e-13,-0.824134270742792,1.17330019895209e-09,-1.94442031379356e-24,-6.04845056403889e-15
1.34896288259165,-3.88899852522715,3.29726156662045e-07,0.0194449929016918,2.53971876485169e-13,-0.824134270742792,1.20062987142929e-09,-2.03605801998333e-24,-6.18933707633757e-15
1.38038426460288,-3.88899852522715,3.37406465483936e-07,0.0194449929016918,2.59887641443667e-13,-0.824134270742792,1.22859613375654e-09,-2.13201447821253e-24,-6.33350525707969e-15
1.41253754462275,-3.88899852522715,3.4526567167993e-07,0.0194449929016918,2.65941202269678e-13,-0.824134270742792,1.25721381401629e-09,-2.23249322499418e-24,-6.48103154614296e-15
1.44543977074593,-3.88899852522715,3.5330794230518e-07,0.0194449929016918,2.7213576864128e-13,-0.824134270742792,1.28649808568143e-09,-2.33770738922163e-24,-6.63199416391859e-15
1.47910838816821,-3.88899852522714,3.61537541478023e-07,0.0194449929016918,2.78474624999558e-13,-0.824134270742792,1.31646447566041e-09,-2.4478801442435e-24,-6.78647315278475e-15
1.51356124843621,-3.88899852522714,3.69958832640874e-07,0.0194449929016918,2.84961132290058e-13,-0.824134270742792,1.34712887252985e-09,-2.56324518124432e-24,-6.94455041954611e-15
1.54881661891248,-3.88899852522714,3.78576280873774e-07,0.0194449929016918,2.91598729744806e-13,-0.824134270742792,1.37850753495887e-09,-2.68404720493483e-24,-7.10630977886191e-15
1.58489319246111,-3.88899852522714,3.87394455261844e-07,0.0194449929016918,2.98390936705829e-13,-0.824134270742792,1.41061710032963e-09,-2.81054245260348e-24,-7.27183699768559e-15
1.62181009735893,-3.88899852522714,3.96418031317865e-07,0.0194449929016918,3.05341354491165e-13,-0.824134270742792,1.44347459355871e-09,-2.9429992376301e-24,-7.44121984073958e-15
1.65958690743756,-3.88899852522714,4.05651793461303e-07,0.0194449929016918,3.12453668304323e-13,-0.824134270742792,1.47709743612394e-09,-3.08169851861451e-24,-7.61454811704932e-15
1.69824365246174,-3.88899852522713,4.15100637555071e-07,0.0194449929016918,3.19731649188228e-13,-0.824134270742792,1.51150345530149e-09,-3.22693449532742e-24,-7.79191372756118e-15
1.73780082874937,-3.88899852522713,4.24769573501377e-07,0.0194449929016918,3.27179156024683e-13,-0.824134270742792,1.54671089361816e-09,-3.37901523274756e-24,-7.97341071386957e-15
1.77827941003892,-3.88899852522713,4.34663727898044e-07,0.0194449929016918,3.34800137580389e-13,-0.824134270742792,1.58273841852376e-09,-3.53826331450882e-24,-8.15913530807901e-15
1.81970085860998,-3.88899852522713,4.44788346756696e-07,0.0194449929016918,3.42598634600644e-13,-0.824134270742792,1.61960513228889e-09,-3.70501652714338e-24,-8.34918598382772e-15
1.86208713666287,-3.88899852522712,4.55148798284269e-07,0.0194449929016918,3.50578781951794e-13,-0.824134270742792,1.65733058213317e-09,-3.87962857657223e-24,-8.5436635084996e-15
1.90546071796325,-3.88899852522712,4.65750575729299e-07,0.0194449929016918,3.58744810813593e-13,-0.824134270742792,1.69593477058945e-09,-4.06246983836286e-24,-8.74267099665244e-15
1.94984459975804,-3.88899852522712,4.76599300294518e-07,0.0194449929016918,3.67101050922635e-13,-0.824134270742792,1.73543816610945e-09,-4.25392814334547e-24,-8.94631396469064e-15
1.99526231496888,-3.88899852522712,4.87700724117291e-07,0.0194449929016918,3.75651932868032e-13,-0.824134270742792,1.77586171391636e-09,-4.45440960025419e-24,-9.15470038681138e-15
2.04173794466953,-3.88899852522711,4.99060733319472e-07,0.0194449929016918,3.84401990440577e-13,-0.824134270742792,1.8172268471103e-09,-4.66433945713816e-24,-9.367940752254e-15
2.08929613085404,-3.88899852522711,5.1068535112831e-07,0.0194449929016918,3.93355863036616e-13,-0.824134270742792,1.85955549803242e-09,-4.8841630033696e-24,-9.58614812388281e-15
2.13796208950223,-3.88899852522711,5.22580741070035e-07,0.0194449929016918,4.02518298117917e-13,-0.824134270742792,1.90287010989372e-09,-5.11434651416232e-24,-9.80943819813458e-15
2.18776162394955,-3.8889985252271,5.3475321023785e-07,0.0194449929016918,4.1189415372884e-13,-0.824134270742792,1.94719364867475e-09,-5.35537823960397e-24,-1.00379293663623e-14
2.23872113856834,-3.8889985252271,5.47209212636028e-07,0.0194449929016918,4.21488401072134e-13,-0.824134270742792,1.99254961530246e-09,-5.60776944029988e-24,-1.02717427776077e-14
2.29086765276777,-3.8889985252271,5.59955352601916e-07,0.0194449929016918,4.31306127144734e-13,-0.824134270742792,2.03896205811072e-09,-5.87205547182541e-24,-1.05110024028364e-14
2.34422881531992,-3.88899852522709,5.72998388307639e-07,0.0194449929016918,4.41352537434958e-13,-0.824134270742792,2.08645558559104e-09,-6.14879692028687e-24,-1.07558351006687e-14
2.39883291901949,-3.88899852522709,5.86345235343373e-07,0.0194449929016918,4.51632958682522e-13,-0.824134270742792,2.13505537944035e-09,-6.43858079139983e-24,-1.10063706846416e-14
2.45470891568503,-3.88899852522708,6.00002970384082e-07,0.0194449929016918,4.62152841702848e-13,-0.824134270742792,2.18478720791263e-09,-6.74202175560691e-24,-1.12627419920381e-14
2.51188643150958,-3.88899852522708,6.13978834941668e-07,0.0194449929016918,4.7291776427716e-13,-0.824134270742792,2.23567743948163e-09,-7.05976345187623e-24,-1.15250849543187e-14
2.57039578276886,-3.88899852522708,6.28280239204509e-07,0.0194449929016918,4.839334341099e-13,-0.824134270742792,2.28775305682173e-09,-7.39247985294595e-24,-1.17935386691947e-14
2.63026799189538,-3.88899852522707,6.4291476596645e-07,0.0194449929016918,4.9520569185502e-13,-0.824134270742792,2.34104167111455e-09,-7.74087669491082e-24,-1.20682454743791e-14
2.69153480392691,-3.88899852522707,6.57890174647288e-07,0.0194449929016918,5.06740514212784e-13,-0.824134270742792,2.39557153668874e-09,-8.105692974183e-24,-1.2349351023056e-14
2.75422870333816,-3.88899852522706,6.73214405406931e-07,0.0194449929016918,5.18544017098688e-13,-0.824134270742792,2.45137156600082e-09,-8.48770251500261e-24,-1.26370043611084e-14
2.81838293126445,-3.88899852522706,6.88895583355366e-07,0.0194449929016918,5.30622458886198e-13,-0.824134270742792,2.50847134496494e-09,-8.88771561082264e-24,-1.29313580061435e-14
2.8840315031266,-3.88899852522705,7.04942022860707e-07,0.0194449929016918,5.42982243725029e-13,-0.824134270742792,2.56690114863969e-09,-9.30658074305001e-24,-1.32325680283603e-14
2.95120922666638,-3.88899852522704,7.21362231957579e-07,0.0194449929016918,5.55629924936702e-13,-0.824134270742792,2.62669195728041e-09,-9.7451863807884e-24,-1.35407941332994e-14
3.01995172040201,-3.88899852522704,7.38164916858194e-07,0.0194449929016918,5.68572208489209e-13,-0.824134270742792,2.68787547276526e-09,-1.02044628654003e-23,-1.38561997465217e-14
3.09029543251359,-3.88899852522703,7.55358986568494e-07,0.0194449929016918,5.81815956552599e-13,-0.824134270742792,2.75048413540401e-09,-1.0685384383886e-23,-1.4178952100258e-14
3.16227766016837,-3.88899852522702,7.7295355761183e-07,0.0194449929016918,5.95368191137397e-13,-0.824134270742792,2.8145511411383e-09,-1.11889710352642e-23,-1.45092223220785e-14
3.23593656929628,-3.88899852522702,7.90957958862663e-07,0.0194449929016918,6.09236097817767e-13,-0.824134270742792,2.88011045914262e-09,-1.17162909943398e-23,-1.48471855256264e-14
3.3113112148259,-3.88899852522701,8.0938173649285e-07,0.0194449929016918,6.23427029541392e-13,-0.824134270742792,2.94719684983514e-09,-1.22684627774448e-23,-1.51930209034657e-14
3.38844156139202,-3.888998525227,8.2823465903316e-07,0.0194449929016918,6.37948510528113e-13,-0.824134270742792,3.01584588330821e-09,-1.28466576149623e-23,-1.55469118220915e-14
3.46736850452531,-3.88899852522699,8.4752672255267e-07,0.0194449929016918,6.52808240259362e-13,-0.824134270742792,3.08609395818804e-09,-1.34521019356625e-23,-1.5909045919153e-14
3.54813389233575,-3.88899852522698,8.67268155958821e-07,0.0194449929016918,6.68014097560536e-13,-0.824134270742792,3.15797832093379e-09,-1.40860799681229e-23,-1.6279615202942e-14
3.63078054770101,-3.88899852522698,8.87469426420911e-07,0.0194449929016918,6.83574144778448e-13,-0.824134270742792,3.23153708558608e-09,-1.47499364647494e-23,-1.66588161541978e-14
3.71535229097172,-3.88899852522697,9.08141244919936e-07,0.0194449929016918,6.99496632056094e-13,-0.824134270742792,3.3068092539756e-09,-1.5445079554176e-23,-1.7046849830284e-14
3.8018939632056,-3.88899852522696,9.29294571927689e-07,0.0194449929016918,7.1579000170699e-13,-0.824134270742792,3.38383473640238e-09,-1.61729837280949e-23,-1.7443921971792e-14
3.8904514499428,-3.88899852522695,9.50940623218144e-07,0.0194449929016918,7.32462892691391e-13,-0.824134270742792,3.46265437279673e-09,-1.69351929688508e-23,-1.7850243111627e-14
3.98107170553497,-3.88899852522693,9.73090875814217e-07,0.0194449929016918,7.49524145196789e-13,-0.824134270742792,3.5433099543732e-09,-1.77333240244345e-23,-1.82660286866358e-14
4.07380277804112,-3.88899852522692,9.95757074073027e-07,0.0194449929016918,7.66982805325096e-13,-0.824134270742792,3.62584424578872e-09,-1.85690698378221e-23,-1.86914991518336e-14
4.16869383470335,-3.88899852522691,1.01895123591291e-06,0.0194449929016918,7.84848129889004e-13,-0.824134270742792,3.71030100781708e-09,-1.94442031379344e-23,-1.9126880097293e-14
4.26579518801592,-3.8889985252269,1.04268565918549e-06,0.0194449929016918,8.03129591320071e-13,-0.824134270742791,3.79672502055143e-09,-2.03605801998319e-23,-1.95724023677541e-14
4.36515832240165,-3.88899852522689,1.06697292819615e-06,0.0194449929016918,8.21836882691134e-13,-0.824134270742791,3.88516210714727e-09,-2.13201447821238e-23,-2.0028302185022e-14
4.46683592150962,-3.88899852522687,1.09182592037639e-06,0.0194449929016918,8.40979922855696e-13,-0.824134270742791,3.97565915811851e-09,-2.23249322499402e-23,-2.04948212732144e-14
4.57088189614874,-3.88899852522686,1.11725781311164e-06,0.0194449929016918,8.60568861707042e-13,-0.824134270742791,4.06826415619946e-09,-2.33770738922145e-23,-2.09722069869268e-14
4.67735141287197,-3.88899852522684,1.14328209072806e-06,0.0194449929016918,8.8061408555984e-13,-0.824134270742791,4.16302620178587e-09,-2.4478801442433e-23,-2.14607124423837e-14
4.78630092322637,-3.88899852522683,1.16991255164211e-06,0.0194449929016918,9.01126222657108e-13,-0.824134270742791,4.25999553896863e-09,-2.56324518124411e-23,-2.19605966516436e-14
4.89778819368445,-3.88899852522681,1.19716331567666e-06,0.0194449929016918,9.22116148805443e-13,-0.824134270742791,4.35922358217385e-09,-2.6840472049346e-23,-2.24721246599311e-14
5.01187233627271,-3.88899852522679,1.22504883154752e-06,0.0194449929016918,9.43594993141525e-13,-0.824134270742791,4.46076294342349e-09,-2.81054245260323e-23,-2.2995567686167e-14
5.12861383991364,-3.88899852522677,1.25358388452429e-06,0.0194449929016918,9.65574144032927e-13,-0.824134270742791,4.5646674602309e-09,-2.94299923762982e-23,-2.35312032667724e-14
5.24807460249771,-3.88899852522675,1.28278360426979e-06,0.0194449929016918,9.8806525511638e-13,-0.824134270742791,4.67099222414625e-09,-3.0816985186142e-23,-2.40793154028222e-14
5.37031796370252,-3.88899852522673,1.31266347286192e-06,0.0194449929016918,1.01108025147668e-12,-0.824134270742791,4.77979360996672e-09,-3.22693449532708e-23,-2.4640194710626e-14
5.49540873857623,-3.88899852522671,1.34323933300251e-06,0.0194449929016918,1.03463133596955e-12,-0.824134270742791,4.89112930562725e-09,-3.37901523274719e-23,-2.52141385758169e-14
5.62341325190348,-3.88899852522669,1.37452739641733e-06,0.0194449929016918,1.05873099569172e-12,-0.824134270742791,5.00505834278737e-09,-3.53826331450842e-23,-2.58014513110293e-14
5.75439937337156,-3.88899852522667,1.40654425245176e-06,0.0194449929016918,1.08339200860175e-12,-0.824134270742791,5.12164112813061e-09,-3.70501652714294e-23,-2.64024443172493e-14
5.88843655355588,-3.88899852522664,1.43930687686665e-06,0.0194449929016918,1.10862745029514e-12,-0.824134270742791,5.24093947539292e-09,-3.87962857657175e-23,-2.7017436248924e-14
6.02559586074356,-3.88899852522662,1.47283264083913e-06,0.0194449929016918,1.1344507009371e-12,-0.82413427074279,5.36301663813711e-09,-4.06246983836233e-23,-2.7646753182916e-14
6.16595001861481,-3.88899852522659,1.50713932017303e-06,0.0194449929016918,1.16087545235692e-12,-0.82413427074279,5.48793734329076e-09,-4.25392814334488e-23,-2.82907287913936e-14
6.30957344480192,-3.88899852522657,1.54224510472383e-06,0.0194449929016918,1.18791571530758e-12,-0.82413427074279,5.61576782546525e-09,-4.45440960025356e-23,-2.89497045187484e-14
6.45654229034654,-3.88899852522654,1.57816860804318e-06,0.0194449929016918,1.21558582689442e-12,-0.82413427074279,5.74657586207428e-09,-4.66433945713746e-23,-2.96240297626337e-14
6.60693448007594,-3.88899852522651,1.61492887724805e-06,0.0194449929016918,1.24390045817687e-12,-0.82413427074279,5.8804308092703e-09,-4.88416300336883e-23,-3.03140620592196e-14
6.7608297539198,-3.88899852522648,1.65254540311974e-06,0.0194449929016918,1.2728746219472e-12,-0.82413427074279,6.01740363871809e-09,-5.11434651416148e-23,-3.10201672727633e-14
6.91830970918935,-3.88899852522644,1.69103813043819e-06,0.0194449929016918,1.30252368069058e-12,-0.82413427074279,6.15756697522488e-09,-5.35537823960305e-23,-3.17427197895955e-14
7.07945784384136,-3.88899852522641,1.73042746855693e-06,0.0194449929016918,1.3328633547304e-12,-0.82413427074279,6.30099513524696e-09,-5.60776944029887e-23,-3.24821027166246e-14
7.24435960074988,-3.88899852522637,1.77073430222441e-06,0.0194449929016918,1.36390973056343e-12,-0.82413427074279,6.44776416629328e-09,-5.87205547182431e-23,-3.32387080844656e-14
7.41310241300916,-3.88899852522633,1.81198000265738e-06,0.0194449929016918,1.39567926938909e-12,-0.824134270742789,6.59795188724681e-09,-6.14879692028567e-23,-3.40129370552993e-14
7.58577575029182,-3.88899852522629,1.85418643887214e-06,0.0194449929016918,1.42818881583737e-12,-0.824134270742789,6.75163792962517e-09,-6.43858079139851e-23,-3.48052001355742e-14
7.7624711662869,-3.88899852522625,1.89737598927984e-06,0.0194449929016918,1.46145560690012e-12,-0.824134270742789,6.9089037798023e-09,-6.74202175560546e-23,-3.56159173936622e-14
7.94328234724279,-3.88899852522621,1.94157155355181e-06,0.0194449929016918,1.4954972810703e-12,-0.824134270742789,7.06983282221363e-09,-7.05976345187464e-23,-3.64455186825848e-14
8.12830516164097,-3.88899852522616,1.9867965647612e-06,0.0194449929016918,1.53033188769416e-12,-0.824134270742789,7.23451038356759e-09,-7.39247985294422e-23,-3.72944438679263e-14
8.31763771102669,-3.88899852522611,2.03307500180758e-06,0.0194449929016918,1.5659778965412e-12,-0.824134270742789,7.40302377808697e-09,-7.74087669490891e-23,-3.81631430610569e-14
8.51138038202374,-3.88899852522606,2.08043140213085e-06,0.0194449929016918,1.60245420759716e-12,-0.824134270742788,7.5754623538041e-09,-8.10569297418091e-23,-3.90520768577874e-14
8.70963589956078,-3.88899852522601,2.1288908747213e-06,0.0194449929016918,1.63978016108497e-12,-0.824134270742788,7.7519175399343e-09,-8.48770251500032e-23,-3.99617165825833e-14
8.91250938133743,-3.88899852522596,2.17847911343272e-06,0.0194449929016918,1.67797554771925e-12,-0.824134270742788,7.93248289535292e-09,-8.88771561082013e-23,-4.08925445384671e-14
9.12010839355907,-3.8889985252259,2.22922241060566e-06,0.0194449929016918,1.71706061919956e-12,-0.824134270742788,8.11725415820146e-09,-9.30658074304725e-23,-4.1845054262742e-14
9.33254300796988,-3.88899852522584,2.28114767100794e-06,0.0194449929016918,1.75705609894815e-12,-0.824134270742788,8.30632929664924e-09,-9.74518638078538e-23,-4.28197507886718e-14
9.54992586021433,-3.88899852522578,2.33428242609995e-06,0.0194449929016918,1.79798319309779e-12,-0.824134270742787,8.49980856083736e-09,-1.0204462865397e-22,-4.38171509132561e-14
9.77237220955808,-3.88899852522571,2.38865484863216e-06,0.0194449929016918,1.83986360173553e-12,-0.824134270742787,8.69779453603269e-09,-1.06853843838823e-22,-4.48377834712432e-14
9.99999999999997,-3.88899852522564,2.44429376758269e-06,0.0194449929016918,1.88271953040838e-12,-0.824134270742787,8.90039219701993e-09,-1.11889710352603e-22,-4.5882189615525e-14
10.2329299228075,-3.88899852522557,2.50122868344284e-06,0.0194449929016918,1.92657370189699e-12,-0.824134270742787,9.10770896376063e-09,-1.17162909943354e-22,-4.69509231040635e-14
10.471285480509,-3.88899852522549,2.55948978385863e-06,0.0194449929016918,1.97144936826357e-12,-0.824134270742786,9.31985475834868e-09,-1.22684627774401e-22,-4.80445505935008e-14
10.715193052376,-3.88899852522541,2.61910795963666e-06,0.0194449929016918,2.01737032318041e-12,-0.824134270742786,9.53694206329245e-09,-1.28466576149571e-22,-4.91636519396075e-14
10.9647819614318,-3.88899852522533,2.68011482112288e-06,0.0194449929016918,2.06436091454566e-12,-0.824134270742786,9.75908598115452e-09,-1.34521019356567e-22,-5.03088205047304e-14
11.2201845430196,-3.88899852522524,2.74254271496277e-06,0.0194449929016918,2.11244605739284e-12,-0.824134270742786,9.98640429558054e-09,-1.40860799681166e-22,-5.14806634724009e-14
11.4815362149688,-3.88899852522515,2.80642474125197e-06,0.0194449929016918,2.16165124710118e-12,-0.824134270742785,1.02190175337497e-08,-1.47499364647425e-22,-5.26798021692717e-14
11.7489755493953,-3.88899852522506,2.8717947710864e-06,0.0194449929016918,2.21200257291357e-12,-0.824134270742785,1.045704903028e-08,-1.54450795541684e-22,-5.39068723945522e-14
12.0226443461741,-3.88899852522496,2.93868746452115e-06,0.0194449929016918,2.26352673176943e-12,-0.824134270742784,1.07006249926215e-08,-1.61729837280866e-22,-5.51625247571181e-14
12.3026877081238,-3.88899852522485,3.00713828894771e-06,0.0194449929016918,2.31625104245979e-12,-0.824134270742784,1.09498745679736e-08,-1.69351929688417e-22,-5.64474250204725e-14
12.5892541179416,-3.88899852522474,3.07718353789924e-06,0.0194449929016918,2.37020346011207e-12,-0.824134270742784,1.12049299117603e-08,-1.77333240244245e-22,-5.77622544557428e-14
12.8824955169313,-3.88899852522463,3.1488603502939e-06,0.0194449929016918,2.42541259101225e-12,-0.824134270742783,1.1465926257701e-08,-1.85690698378112e-22,-5.91077102028994e-14
13.182567385564,-3.88899852522451,3.22220673012637e-06,0.0194449929016918,2.48190770777231e-12,-0.824134270742783,1.1733001989513e-08,-1.94442031379224e-22,-6.04845056403886e-14
13.4896288259165,-3.88899852522438,3.29726156661809e-06,0.0194449929016918,2.53971876485096e-12,-0.824134270742782,1.20062987142844e-08,-2.03605801998188e-22,-6.18933707633753e-14
13.8038426460288,-3.88899852522425,3.37406465483684e-06,0.0194449929016918,2.59887641443588e-12,-0.824134270742782,1.22859613375563e-08,-2.13201447821094e-22,-6.33350525707965e-14
14.1253754462275,-3.88899852522411,3.4526567167966e-06,0.0194449929016918,2.65941202269594e-12,-0.824134270742781,1.25721381401531e-08,-2.23249322499244e-22,-6.48103154614292e-14
14.4543977074592,-3.88899852522397,3.5330794230489e-06,0.0194449929016918,2.7213576864119e-12,-0.824134270742781,1.28649808568038e-08,-2.33770738921972e-22,-6.63199416391855e-14
14.791083881682,-3.88899852522382,3.61537541477713e-06,0.0194449929016918,2.78474624999462e-12,-0.82413427074278,1.31646447565929e-08,-2.44788014424141e-22,-6.78647315278471e-14
15.135612484362,-3.88899852522366,3.69958832640541e-06,0.0194449929016918,2.84961132289955e-12,-0.82413427074278,1.34712887252866e-08,-2.56324518124203e-22,-6.94455041954607e-14
15.4881661891248,-3.88899852522349,3.78576280873418e-06,0.0194449929016918,2.91598729744695e-12,-0.824134270742779,1.37850753495759e-08,-2.68404720493232e-22,-7.10630977886186e-14
15.8489319246111,-3.88899852522332,3.87394455261462e-06,0.0194449929016918,2.98390936705711e-12,-0.824134270742779,1.41061710032825e-08,-2.81054245260073e-22,-7.27183699768554e-14
16.2181009735892,-3.88899852522314,3.96418031317455e-06,0.0194449929016918,3.05341354491038e-12,-0.824134270742778,1.44347459355723e-08,-2.94299923762708e-22,-7.44121984073953e-14
16.5958690743755,-3.88899852522295,4.05651793460865e-06,0.0194449929016918,3.12453668304187e-12,-0.824134270742777,1.47709743612236e-08,-3.0816985186112e-22,-7.61454811704926e-14
16.9824365246174,-3.88899852522275,4.15100637554602e-06,0.0194449929016918,3.19731649188083e-12,-0.824134270742777,1.5115034552998e-08,-3.22693449532379e-22,-7.79191372756112e-14
17.3780082874937,-3.88899852522254,4.24769573500874e-06,0.0194449929016918,3.27179156024527e-12,-0.824134270742776,1.54671089361635e-08,-3.37901523274358e-22,-7.9734107138695e-14
17.7827941003892,-3.88899852522232,4.34663727897505e-06,0.0194449929016918,3.34800137580222e-12,-0.824134270742775,1.58273841852182e-08,-3.53826331450447e-22,-8.15913530807895e-14
18.1970085860998,-3.88899852522209,4.44788346756119e-06,0.0194449929016918,3.42598634600465e-12,-0.824134270742774,1.61960513228681e-08,-3.70501652713861e-22,-8.34918598382765e-14
18.6208713666286,-3.88899852522185,4.55148798283651e-06,0.0194449929016918,3.50578781951602e-12,-0.824134270742773,1.65733058213094e-08,-3.879628576567e-22,-8.54366350849953e-14
19.0546071796324,-3.8889985252216,4.65750575728636e-06,0.0194449929016918,3.58744810813388e-12,-0.824134270742772,1.69593477058706e-08,-4.06246983835712e-22,-8.74267099665237e-14
19.4984459975804,-3.88899852522134,4.76599300293808e-06,0.0194449929016918,3.67101050922415e-12,-0.824134270742771,1.73543816610689e-08,-4.25392814333918e-22,-8.94631396469057e-14
19.9526231496887,-3.88899852522106,4.8770072411653e-06,0.0194449929016918,3.75651932867797e-12,-0.82413427074277,1.77586171391362e-08,-4.4544096002473e-22,-9.1547003868113e-14
20.4173794466952,-3.88899852522077,4.99060733318658e-06,0.0194449929016918,3.84401990440325e-12,-0.824134270742769,1.81722684710736e-08,-4.66433945713061e-22,-9.36794075225391e-14
20.8929613085403,-3.88899852522047,5.10685351127437e-06,0.0194449929016918,3.93355863036346e-12,-0.824134270742768,1.85955549802927e-08,-4.88416300336132e-22,-9.58614812388272e-14
21.3796208950222,-3.88899852522016,5.225807410691e-06,0.0194449929016918,4.02518298117628e-12,-0.824134270742767,1.90287010989035e-08,-5.11434651415325e-22,-9.80943819813449e-14
21.8776162394954,-3.88899852521983,5.34753210236848e-06,0.0194449929016918,4.1189415372853e-12,-0.824134270742766,1.94719364867114e-08,-5.35537823959402e-22,-1.00379293663622e-13
22.3872113856833,-3.88899852521948,5.47209212634955e-06,0.0194449929016918,4.21488401071801e-12,-0.824134270742765,1.99254961529859e-08,-5.60776944028897e-22,-1.02717427776076e-13
22.9086765276776,-3.88899852521912,5.59955352600766e-06,0.0194449929016918,4.31306127144378e-12,-0.824134270742763,2.03896205810658e-08,-5.87205547181345e-22,-1.05110024028363e-13
23.4422881531991,-3.88899852521874,5.72998388306406e-06,0.0194449929016918,4.41352537434577e-12,-0.824134270742762,2.0864555855866e-08,-6.14879692027376e-22,-1.07558351006685e-13
23.9883291901948,-3.88899852521834,5.86345235342052e-06,0.0194449929016918,4.51632958682113e-12,-0.824134270742761,2.13505537943559e-08,-6.43858079138546e-22,-1.10063706846415e-13
24.5470891568502,-3.88899852521792,6.00002970382667e-06,0.0194449929016918,4.6215284170241e-12,-0.824134270742759,2.18478720790753e-08,-6.74202175559115e-22,-1.12627419920379e-13
25.1188643150957,-3.88899852521749,6.13978834940151e-06,0.0194449929016918,4.72917764276691e-12,-0.824134270742758,2.23567743947617e-08,-7.05976345185895e-22,-1.15250849543186e-13
25.7039578276885,-3.88899852521703,6.28280239202885e-06,0.0194449929016918,4.83933434109397e-12,-0.824134270742756,2.28775305681587e-08,-7.39247985292701e-22,-1.17935386691946e-13
26.3026799189537,-3.88899852521655,6.42914765964709e-06,0.0194449929016918,4.95205691854481e-12,-0.824134270742754,2.34104167110827e-08,-7.74087669489005e-22,-1.20682454743789e-13
26.915348039269,-3.88899852521605,6.57890174645423e-06,0.0194449929016918,5.06740514212207e-12,-0.824134270742752,2.39557153668201e-08,-8.10569297416022e-22,-1.23493510230558e-13
27.5422870333815,-3.88899852521553,6.73214405404932e-06,0.0194449929016918,5.1854401709807e-12,-0.82413427074275,2.45137156599362e-08,-8.48770251497764e-22,-1.26370043611082e-13
28.1838293126444,-3.88899852521498,6.88895583353224e-06,0.0194449929016918,5.30622458885536e-12,-0.824134270742748,2.50847134495722e-08,-8.88771561079527e-22,-1.29313580061433e-13
28.8403150312659,-3.8889985252144,7.04942022858412e-06,0.0194449929016918,5.42982243724319e-12,-0.824134270742746,2.56690114863142e-08,-9.30658074301999e-22,-1.32325680283601e-13
29.5120922666637,-3.8889985252138,7.21362231955121e-06,0.0194449929016918,5.55629924935942e-12,-0.824134270742744,2.62669195727155e-08,-9.7451863807555e-22,-1.35407941332992e-13
30.19951720402,-3.88899852521317,7.3816491685556e-06,0.0194449929016918,5.68572208488394e-12,-0.824134270742742,2.68787547275576e-08,-1.02044628653643e-21,-1.38561997465214e-13
30.9029543251358,-3.88899852521251,7.55358986565671e-06,0.0194449929016918,5.81815956551726e-12,-0.82413427074274,2.75048413539383e-08,-1.06853843838464e-21,-1.41789521002577e-13
31.6227766016837,-3.88899852521182,7.72953557608806e-06,0.0194449929016918,5.95368191136462e-12,-0.824134270742737,2.8145511411274e-08,-1.11889710352209e-21,-1.45092223220782e-13
32.3593656929627,-3.88899852521109,7.90957958859422e-06,0.0194449929016918,6.09236097816765e-12,-0.824134270742734,2.88011045913094e-08,-1.17162909942923e-21,-1.48471855256261e-13
33.113112148259,-3.88899852521034,8.09381736489379e-06,0.0194449929016918,6.23427029540319e-12,-0.824134270742732,2.94719684982262e-08,-1.22684627773927e-21,-1.51930209034654e-13
33.8844156139201,-3.88899852520954,8.2823465902944e-06,0.0194449929016918,6.37948510526963e-12,-0.824134270742729,3.0158458832948e-08,-1.28466576149051e-21,-1.55469118220912e-13
34.673685045253,-3.88899852520871,8.47526722548685e-06,0.0194449929016918,6.5280824025813e-12,-0.824134270742726,3.08609395817367e-08,-1.34521019355998e-21,-1.59090459191527e-13
35.4813389233574,-3.88899852520784,8.6726815595455e-06,0.0194449929016918,6.68014097559215e-12,-0.824134270742723,3.15797832091839e-08,-1.40860799680542e-21,-1.62796152029417e-13
36.30780547701,-3.88899852520693,8.87469426416335e-06,0.0194449929016918,6.83574144777033e-12,-0.824134270742719,3.23153708556959e-08,-1.4749936464674e-21,-1.66588161541974e-13
37.1535229097171,-3.88899852520598,9.08141244915033e-06,0.0194449929016918,6.99496632054579e-12,-0.824134270742716,3.30680925395792e-08,-1.54450795540934e-21,-1.70468498302836e-13
38.0189396320559,-3.88899852520498,9.29294571922435e-06,0.0194449929016918,7.15790001705366e-12,-0.824134270742712,3.38383473638343e-08,-1.61729837280043e-21,-1.74439219717916e-13
38.9045144994279,-3.88899852520393,9.50940623212515e-06,0.0194449929016918,7.32462892689651e-12,-0.824134270742709,3.46265437277644e-08,-1.69351929687515e-21,-1.78502431116266e-13
39.8107170553495,-3.88899852520283,9.73090875808185e-06,0.0194449929016918,7.49524145194925e-12,-0.824134270742705,3.54330995435145e-08,-1.77333240243256e-21,-1.82660286866353e-13
40.7380277804111,-3.88899852520169,9.95757074066564e-06,0.0194449929016918,7.66982805323098e-12,-0.824134270742701,3.62584424576542e-08,-1.85690698377028e-21,-1.86914991518331e-13
41.6869383470333,-3.88899852520048,1.01895123590599e-05,0.0194449929016918,7.84848129886863e-12,-0.824134270742696,3.71030100779211e-08,-1.94442031378035e-21,-1.91268800972924e-13
42.6579518801591,-3.88899852519923,1.04268565917807e-05,0.0194449929016918,8.03129591317778e-12,-0.824134270742692,3.79672502052467e-08,-2.03605801996884e-21,-1.95724023677536e-13
43.6515832240164,-3.88899852519791,1.0669729281882e-05,0.0194449929016918,8.21836882688677e-12,-0.824134270742687,3.8851621071186e-08,-2.13201447819665e-21,-2.00283021850214e-13
44.6683592150961,-3.88899852519653,1.09182592036787e-05,0.0194449929016918,8.40979922853063e-12,-0.824134270742682,3.97565915808779e-08,-2.23249322497677e-21,-2.04948212732137e-13
45.7088189614873,-3.88899852519509,1.11725781310252e-05,0.0194449929016918,8.6056886170422e-12,-0.824134270742677,4.06826415616655e-08,-2.33770738920253e-21,-2.09722069869261e-13
46.7735141287196,-3.88899852519357,1.14328209071828e-05,0.0194449929016918,8.80614085556817e-12,-0.824134270742671,4.1630262017506e-08,-2.44788014422257e-21,-2.14607124423829e-13
47.8630092322636,-3.88899852519199,1.16991255163163e-05,0.0194449929016918,9.01126222653868e-12,-0.824134270742666,4.25999553893084e-08,-2.56324518122137e-21,-2.19605966516428e-13
48.9778819368444,-3.88899852519033,1.19716331566543e-05,0.0194449929016918,9.22116148801972e-12,-0.82413427074266,4.35922358213336e-08,-2.68404720490966e-21,-2.24721246599302e-13
50.118723362727,-3.88899852518859,1.22504883153548e-05,0.0194449929016918,9.43594993137806e-12,-0.824134270742653,4.4607629433801e-08,-2.81054245257589e-21,-2.2995567686166e-13
51.2861383991362,-3.88899852518678,1.2535838845114e-05,0.0194449929016918,9.65574144028942e-12,-0.824134270742647,4.56466746018441e-08,-2.94299923759984e-21,-2.35312032667714e-13
52.480746024977,-3.88899852518487,1.28278360425597e-05,0.0194449929016918,9.8806525511211e-12,-0.82413427074264,4.67099222409644e-08,-3.08169851858133e-21,-2.40793154028211e-13
53.703179637025,-3.88899852518288,1.31266347284711e-05,0.0194449929016918,1.01108025147211e-11,-0.824134270742633,4.77979360991335e-08,-3.22693449529104e-21,-2.46401947106249e-13
54.9540873857622,-3.88899852518079,1.34323933298665e-05,0.0194449929016918,1.03463133596465e-11,-0.824134270742625,4.89112930557006e-08,-3.37901523270768e-21,-2.52141385758157e-13
56.2341325190346,-3.88899852517861,1.37452739640034e-05,0.0194449929016918,1.05873099568646e-11,-0.824134270742617,5.00505834272609e-08,-3.53826331446509e-21,-2.5801451311028e-13
57.5439937337154,-3.88899852517632,1.40654425243355e-05,0.0194449929016918,1.08339200859613e-11,-0.824134270742609,5.12164112806495e-08,-3.70501652709544e-21,-2.64024443172479e-13
58.8843655355586,-3.88899852517392,1.43930687684713e-05,0.0194449929016918,1.10862745028911e-11,-0.8241342707426,5.24093947532256e-08,-3.87962857651966e-21,-2.70174362489226e-13
60.2559586074355,-3.88899852517141,1.47283264081822e-05,0.0194449929016918,1.13445070093064e-11,-0.824134270742591,5.36301663806172e-08,-4.06246983830522e-21,-2.76467531829144e-13
61.6595001861479,-3.88899852516878,1.50713932015062e-05,0.0194449929016918,1.16087545234999e-11,-0.824134270742582,5.48793734320998e-08,-4.25392814328227e-21,-2.82907287913919e-13
63.095734448019,-3.88899852516603,1.54224510469982e-05,0.0194449929016918,1.18791571530016e-11,-0.824134270742572,5.61576782537869e-08,-4.45440960018491e-21,-2.89497045187466e-13
64.5654229034652,-3.88899852516315,1.57816860801746e-05,0.0194449929016918,1.21558582688648e-11,-0.824134270742562,5.74657586198153e-08,-4.66433945706219e-21,-2.96240297626318e-13
66.0693448007593,-3.88899852516013,1.61492887722048e-05,0.0194449929016918,1.24390045816835e-11,-0.824134270742551,5.88043080917092e-08,-4.88416300328629e-21,-3.03140620592175e-13
67.6082975391978,-3.88899852515697,1.6525454030902e-05,0.0194449929016918,1.27287462193808e-11,-0.824134270742539,6.0174036386116e-08,-5.11434651407099e-21,-3.10201672727611e-13
69.1830970918933,-3.88899852515366,1.69103813040654e-05,0.0194449929016918,1.3025236806808e-11,-0.824134270742527,6.15756697511078e-08,-5.35537823950382e-21,-3.17427197895931e-13
70.7945784384134,-3.88899852515019,1.73042746852302e-05,0.0194449929016918,1.33286335471992e-11,-0.824134270742515,6.3009951351247e-08,-5.60776944019007e-21,-3.24821027166221e-13
72.4435960074986,-3.88899852514657,1.77073430218808e-05,0.0194449929016918,1.3639097305522e-11,-0.824134270742502,6.44776416616228e-08,-5.87205547170502e-21,-3.32387080844629e-13
74.1310241300914,-3.88899852514277,1.81198000261844e-05,0.0194449929016918,1.39567926937706e-11,-0.824134270742488,6.59795188710644e-08,-6.14879692015487e-21,-3.40129370552964e-13
75.857757502918,-3.88899852513879,1.85418643883042e-05,0.0194449929016918,1.42818881582448e-11,-0.824134270742474,6.75163792947476e-08,-6.43858079125509e-21,-3.48052001355711e-13
77.6247116628688,-3.88899852513462,1.89737598923514e-05,0.0194449929016918,1.46145560688631e-11,-0.824134270742459,6.90890377964113e-08,-6.74202175544821e-21,-3.56159173936589e-13
79.4328234724277,-3.88899852513026,1.94157155350391e-05,0.0194449929016918,1.4954972810555e-11,-0.824134270742443,7.06983282204094e-08,-7.05976345170222e-21,-3.64455186825812e-13
81.2830516164095,-3.88899852512569,1.98679656470987e-05,0.0194449929016918,1.5303318876783e-11,-0.824134270742427,7.23451038338255e-08,-7.39247985275516e-21,-3.72944438679225e-13
83.1763771102667,-3.88899852512091,2.03307500175259e-05,0.0194449929016918,1.56597789652421e-11,-0.824134270742409,7.4030237778887e-08,-7.74087669470162e-21,-3.81631430610529e-13
85.1138038202372,-3.8889985251159,2.08043140207193e-05,0.0194449929016918,1.60245420757895e-11,-0.824134270742391,7.57546235359165e-08,-8.10569297395362e-21,-3.90520768577831e-13
87.0963589956076,-3.88899852511066,2.12889087465816e-05,0.0194449929016918,1.63978016106546e-11,-0.824134270742372,7.75191753970665e-08,-8.4877025147511e-21,-3.99617165825786e-13
89.1250938133741,-3.88899852510517,2.17847911336506e-05,0.0194449929016918,1.67797554769834e-11,-0.824134270742353,7.93248289510899e-08,-8.88771561054687e-21,-4.08925445384621e-13
91.2010839355905,-3.88899852509942,2.22922241053316e-05,0.0194449929016918,1.71706061917716e-11,-0.824134270742332,8.11725415794009e-08,-9.30658074274764e-21,-4.18450542627366e-13
93.3254300796986,-3.8889985250934,2.28114767093027e-05,0.0194449929016918,1.75705609892415e-11,-0.82413427074231,8.30632929636918e-08,-9.74518638045686e-21,-4.28197507886661e-13
95.4992586021431,-3.88899852508709,2.33428242601672e-05,0.0194449929016918,1.79798319307207e-11,-0.824134270742287,8.49980856053727e-08,-1.02044628650368e-20,-4.381715091325e-13
97.7237220955805,-3.88899852508049,2.38865484854297e-05,0.0194449929016918,1.83986360170797e-11,-0.824134270742264,8.69779453571114e-08,-1.06853843834874e-20,-4.48377834712367e-13
99.9999999999995,-3.88899852507358,2.44429376748713e-05,0.0194449929016918,1.88271953037885e-11,-0.824134270742239,8.90039219667538e-08,-1.11889710348272e-20,-4.5882189615518e-13
102.329299228075,-3.88899852506634,2.50122868334045e-05,0.0194449929016918,1.92657370186536e-11,-0.824134270742213,9.10770896339144e-08,-1.17162909938606e-20,-4.6950923104056e-13
104.712854805089,-3.88899852505876,2.55948978374891e-05,0.0194449929016918,1.97144936822967e-11,-0.824134270742185,9.31985475795309e-08,-1.22684627769194e-20,-4.80445505934927e-13
107.15193052376,-3.88899852505082,2.61910795951909e-05,0.0194449929016919,2.01737032314409e-11,-0.824134270742157,9.53694206286856e-08,-1.28466576143862e-20,-4.91636519395989e-13
109.647819614318,-3.88899852504251,2.68011482099691e-05,0.0194449929016919,2.06436091450674e-11,-0.824134270742127,9.75908598070031e-08,-1.34521019350308e-20,-5.03088205047212e-13
112.201845430196,-3.8889985250338,2.74254271482779e-05,0.0194449929016919,2.11244605735114e-11,-0.824134270742095,9.98640429509386e-08,-1.40860799674303e-20,-5.14806634723911e-13
114.815362149688,-3.88899852502469,2.80642474110733e-05,0.0194449929016919,2.1616512470565e-11,-0.824134270742062,1.02190175332283e-07,-1.47499364639899e-20,-5.26798021692611e-13
117.489755493952,-3.88899852501515,2.87179477093142e-05,0.0194449929016919,2.21200257286569e-11,-0.824134270742028,1.04570490297212e-07,-1.54450795533433e-20,-5.39068723945408e-13
120.226443461741,-3.88899852500516,2.93868746435508e-05,0.0194449929016919,2.26352673171812e-11,-0.824134270741992,1.07006249920228e-07,-1.61729837271818e-20,-5.51625247571059e-13
123.026877081237,-3.88899852499469,3.00713828876977e-05,0.0194449929016919,2.31625104240482e-11,-0.824134270741954,1.09498745673321e-07,-1.69351929678496e-20,-5.64474250204595e-13
125.892541179416,-3.88899852498374,3.07718353770857e-05,0.0194449929016919,2.37020346005316e-11,-0.824134270741915,1.12049299110729e-07,-1.77333240233367e-20,-5.77622544557289e-13
128.824955169313,-3.88899852497226,3.14886035008959e-05,0.0194449929016919,2.42541259094913e-11,-0.824134270741873,1.14659262569644e-07,-1.85690698366185e-20,-5.91077102028845e-13
131.82567385564,-3.88899852496025,3.22220672990745e-05,0.0194449929016919,2.48190770770468e-11,-0.82413427074183,1.17330019887237e-07,-1.94442031366147e-20,-6.04845056403726e-13
134.896288259164,-3.88899852494767,3.29726156638351e-05,0.0194449929016919,2.53971876477849e-11,-0.824134270741785,1.20062987134387e-07,-2.03605801983849e-20,-6.18933707633583e-13
138.038426460288,-3.8889985249345,3.37406465458549e-05,0.0194449929016919,2.59887641435823e-11,-0.824134270741737,1.228596133665e-07,-2.13201447805372e-20,-6.33350525707782e-13
141.253754462275,-3.8889985249207,3.45265671652727e-05,0.0194449929016919,2.65941202261273e-11,-0.824134270741688,1.25721381391821e-07,-2.23249322482005e-20,-6.48103154614096e-13
144.543977074592,-3.88899852490626,3.53307942276031e-05,0.0194449929016919,2.72135768632274e-11,-0.824134270741635,1.28649808557633e-07,-2.33770738903069e-20,-6.63199416391645e-13
147.91083881682,-3.88899852489113,3.6153754144679e-05,0.0194449929016919,2.78474624989909e-11,-0.824134270741581,1.3164644755478e-07,-2.44788014403415e-20,-6.78647315278246e-13
151.35612484362,-3.8889985248753,3.69958832607407e-05,0.0194449929016919,2.84961132279719e-11,-0.824134270741524,1.34712887240919e-07,-2.56324518101477e-20,-6.94455041954366e-13
154.881661891247,-3.88899852485871,3.78576280837914e-05,0.0194449929016919,2.91598729733727e-11,-0.824134270741464,1.37850753482958e-07,-2.68404720468314e-20,-7.10630977885928e-13
158.48931924611,-3.88899852484135,3.87394455223418e-05,0.0194449929016919,2.98390936693958e-11,-0.824134270741401,1.41061710019109e-07,-2.81054245232751e-20,-7.27183699768278e-13
162.181009735892,-3.88899852482316,3.96418031276691e-05,0.0194449929016919,3.05341354478445e-11,-0.824134270741336,1.44347459341026e-07,-2.9429992373275e-20,-7.44121984073657e-13
165.958690743755,-3.88899852480413,4.05651793417185e-05,0.0194449929016919,3.12453668290693e-11,-0.824134270741267,1.47709743596487e-07,-3.08169851828271e-20,-7.6145481170461e-13
169.824365246173,-3.88899852478419,4.15100637507798e-05,0.0194449929016919,3.19731649173624e-11,-0.824134270741195,1.51150345513105e-07,-3.22693449496361e-20,-7.79191372755773e-13
173.780082874937,-3.88899852476331,4.24769573450723e-05,0.0194449929016919,3.27179156009034e-11,-0.82413427074112,1.54671089343553e-07,-3.37901523234866e-20,-7.97341071386587e-13
177.827941003891,-3.88899852474145,4.34663727843767e-05,0.0194449929016919,3.34800137563621e-11,-0.824134270741041,1.58273841832808e-07,-3.53826331407143e-20,-8.15913530807505e-13
181.970085860997,-3.88899852471856,4.44788346698538e-05,0.019444992901692,3.42598634582677e-11,-0.824134270740959,1.61960513207921e-07,-3.7050165266638e-20,-8.34918598382348e-13
186.208713666285,-3.88899852469459,4.55148798221952e-05,0.019444992901692,3.50578781932542e-11,-0.824134270740872,1.65733058190849e-07,-3.87962857604638e-20,-8.54366350849506e-13
190.546071796324,-3.88899852466949,4.65750575662525e-05,0.019444992901692,3.58744810792964e-11,-0.824134270740782,1.6959347703487e-07,-4.06246983778628e-20,-8.74267099664758e-13
194.984459975803,-3.8889985246432,4.76599300222968e-05,0.019444992901692,3.67101050900531e-11,-0.824134270740687,1.73543816585149e-07,-4.25392814271326e-20,-8.94631396468543e-13
199.526231496887,-3.88899852461568,4.87700724040624e-05,0.019444992901692,3.75651932844348e-11,-0.824134270740588,1.77586171363995e-07,-4.454409599561e-20,-9.1547003868058e-13
204.173794466952,-3.88899852458686,4.99060733237323e-05,0.019444992901692,3.84401990415199e-11,-0.824134270740484,1.81722684681412e-07,-4.66433945637809e-20,-9.36794075224802e-13
208.929613085403,-3.88899852455669,5.10685351040285e-05,0.019444992901692,3.93355863009423e-11,-0.824134270740375,1.85955549771505e-07,-4.8841630025362e-20,-9.58614812387641e-13
213.796208950222,-3.88899852452509,5.22580740975715e-05,0.019444992901692,4.02518298088779e-11,-0.824134270740261,1.90287010955366e-07,-5.11434651324852e-20,-9.80943819812772e-13
218.776162394954,-3.888998524492,5.34753210136784e-05,0.019444992901692,4.11894153697618e-11,-0.824134270740142,1.94719364831037e-07,-5.35537823860201e-20,-1.00379293663549e-12
223.872113856832,-3.88899852445735,5.47209212527734e-05,0.019444992901692,4.21488401038679e-11,-0.824134270740017,1.99254961491202e-07,-5.60776943920125e-20,-1.02717427775998e-12
229.086765276776,-3.88899852442107,5.59955352485877e-05,0.019444992901692,4.31306127108887e-11,-0.824134270739886,2.03896205769236e-07,-5.8720554706208e-20,-1.0511002402828e-12
234.422881531991,-3.88899852438308,5.72998388183301e-05,0.0194449929016921,4.41352537396547e-11,-0.824134270739749,2.08645558514276e-07,-6.14879691896605e-20,-1.07558351006596e-12
239.883291901947,-3.8889985243433,5.86345235210143e-05,0.0194449929016921,4.51632958641364e-11,-0.824134270739606,2.13505537896e-07,-6.43858078995158e-20,-1.10063706846319e-12
245.470891568501,-3.88899852430164,6.00002970241324e-05,0.0194449929016921,4.62152841658746e-11,-0.824134270739456,2.18478720739793e-07,-6.74202175401893e-20,-1.12627419920277e-12
251.188643150956,-3.88899852425802,6.13978834788699e-05,0.0194449929016921,4.72917764229905e-11,-0.824134270739298,2.23567743893012e-07,-7.05976345013505e-20,-1.15250849543077e-12
257.039578276885,-3.88899852421235,6.28280239040601e-05,0.0194449929016921,4.83933434059265e-11,-0.824134270739134,2.28775305623078e-07,-7.39247985103679e-20,-1.17935386691828e-12
263.026799189536,-3.88899852416452,6.42914765790819e-05,0.0194449929016921,4.95205691800764e-11,-0.824134270738961,2.34104167048133e-07,-7.74087669281747e-20,-1.20682454743663e-12
269.15348039269,-3.88899852411444,6.57890174459097e-05,0.0194449929016921,5.06740514154648e-11,-0.824134270738781,2.39557153601024e-07,-8.10569297188769e-20,-1.23493510230424e-12
275.422870333815,-3.888998524062,6.7321440520528e-05,0.0194449929016921,5.18544017036393e-11,-0.824134270738592,2.45137156527379e-07,-8.48770251248586e-20,-1.26370043610938e-12
281.838293126443,-3.88899852400708,6.88895583139293e-05,0.0194449929016922,5.30622458819449e-11,-0.824134270738394,2.50847134418591e-07,-8.88771560806308e-20,-1.29313580061279e-12
288.403150312659,-3.88899852394958,7.04942022629181e-05,0.0194449929016922,5.42982243653506e-11,-0.824134270738186,2.56690114780495e-07,-9.30658074002422e-20,-1.32325680283435e-12
295.120922666636,-3.88899852388937,7.21362231709496e-05,0.0194449929016922,5.55629924860064e-11,-0.824134270737969,2.62669195638597e-07,-9.7451863774707e-20,-1.35407941332815e-12
301.9951720402,-3.88899852382632,7.38164916592367e-05,0.0194449929016922,5.68572208407089e-11,-0.824134270737742,2.68787547180685e-07,-1.02044628617626e-19,-1.38561997465024e-12
309.029543251357,-3.8889985237603,7.55358986283656e-05,0.0194449929016922,5.81815956464606e-11,-0.824134270737504,2.75048413437705e-07,-1.06853843798972e-19,-1.41789521002374e-12
316.227766016836,-3.88899852369117,7.72953557306621e-05,0.0194449929016923,5.95368191043112e-11,-0.824134270737255,2.8145511400379e-07,-1.11889710308907e-19,-1.45092223220564e-12
323.593656929626,-3.88899852361878,7.90957958535626e-05,0.0194449929016923,6.09236097716738e-11,-0.824134270736994,2.88011045796352e-07,-1.17162909895443e-19,-1.48471855256027e-12
331.131121482589,-3.88899852354298,8.09381736142424e-05,0.0194449929016923,6.23427029433139e-11,-0.82413427073672,2.94719684857171e-07,-1.22684627721867e-19,-1.51930209034404e-12
338.8441561392,-3.8889985234636,8.28234658657671e-05,0.0194449929016923,6.37948510412117e-11,-0.824134270736434,3.01584588195442e-07,-1.28466576091968e-19,-1.55469118220643e-12
346.736850452529,-3.88899852338049,8.47526722150327e-05,0.0194449929016924,6.52808240135071e-11,-0.824134270736134,3.08609395673743e-07,-1.34521019293408e-19,-1.59090459191239e-12
354.813389233573,-3.88899852329346,8.67268155527702e-05,0.0194449929016924,6.68014097427355e-11,-0.824134270735821,3.15797831937944e-07,-1.40860799611913e-19,-1.62796152029109e-12
363.078054770099,-3.88899852320232,8.8746942595896e-05,0.0194449929016924,6.83574144635742e-11,-0.824134270735492,3.23153708392056e-07,-1.4749936457149e-19,-1.66588161541644e-12
371.53522909717,-3.88899852310689,9.08141244424947e-05,0.0194449929016925,6.99496631903183e-11,-0.824134270735148,3.30680925219097e-07,-1.54450795458424e-19,-1.70468498302483e-12
380.189396320558,-3.88899852300697,9.29294571397298e-05,0.0194449929016925,7.15790001543142e-11,-0.824134270734788,3.38383473449011e-07,-1.61729837189573e-19,-1.74439219717537e-12
389.045144994278,-3.88899852290233,9.50940622649821e-05,0.0194449929016925,7.32462892515825e-11,-0.82413427073441,3.4626543707477e-07,-1.69351929588316e-19,-1.7850243111586e-12
398.107170553494,-3.88899852279277,9.73090875205248e-05,0.0194449929016925,7.49524145008668e-11,-0.824134270734015,3.54330995217762e-07,-1.77333240134487e-19,-1.82660286865918e-12
407.38027780411,-3.88899852267804,9.95757073420505e-05,0.0194449929016926,7.6698280512352e-11,-0.824134270733602,3.62584424343612e-07,-1.85690698257765e-19,-1.86914991517864e-12
416.869383470332,-3.8889985225579,0.000101895123521372,0.0194449929016926,7.84848129673012e-11,-0.824134270733169,3.71030100529623e-07,-1.94442031247266e-19,-1.91268800972425e-12
426.579518801589,-3.8889985224321,0.00010426856584363,0.0194449929016927,8.03129591088632e-11,-0.824134270732715,3.79672501785028e-07,-2.03605801853498e-19,-1.95724023677e-12
436.515832240163,-3.88899852230037,0.000106697292739338,0.0194449929016927,8.21836882443142e-11,-0.82413427073224,3.88516210425293e-07,-2.13201447662445e-19,-2.00283021849641e-12
446.68359215096,-3.88899852216243,0.00010918259195162,0.0194449929016927,8.40979922589969e-11,-0.824134270731743,3.97565915501718e-07,-2.23249322325289e-19,-2.04948212731522e-12
457.088189614872,-3.888998522018,0.000111725781218993,0.0194449929016928,8.6056886142231e-11,-0.824134270731222,4.06826415287633e-07,-2.33770738731234e-19,-2.09722069868602e-12
467.735141287195,-3.88899852186675,0.000114328208974043,0.0194449929016928,8.80614085254744e-11,-0.824134270730677,4.16302619822507e-07,-2.44788014215001e-19,-2.14607124423123e-12
478.630092322635,-3.88899852170838,0.000116991255058385,0.0194449929016929,9.01126222330192e-11,-0.824134270730106,4.25999553515316e-07,-2.56324517894886e-19,-2.19605966515672e-12
489.778819368442,-3.88899852154255,0.000119716331454271,0.0194449929016929,9.22116148455147e-11,-0.824134270729508,4.35922357808551e-07,-2.68404720241791e-19,-2.24721246598492e-12
501.187233627268,-3.88899852136889,0.000122504883033247,0.019444992901693,9.43594992766176e-11,-0.824134270728882,4.46076293904275e-07,-2.81054244984373e-19,-2.29955676860792e-12
512.861383991361,-3.88899852118706,0.000125358388322234,0.019444992901693,9.65574143630733e-11,-0.824134270728226,4.56466745553686e-07,-2.9429992346041e-19,-2.35312032666784e-12
524.807460249769,-3.88899852099665,0.000128278360287473,0.0194449929016931,9.88065254685422e-11,-0.82413427072754,4.67099221911649e-07,-3.08169851529657e-19,-2.40793154027215e-12
537.031796370249,-3.88899852079728,0.000131266347136708,0.0194449929016932,1.01108025101491e-10,-0.824134270726821,4.77979360457724e-07,-3.22693449168937e-19,-2.46401947105181e-12
549.54087385762,-3.8889985205885,0.000134323933140076,0.0194449929016932,1.03463133547475e-10,-0.824134270726068,4.89112929985232e-07,-3.37901522875852e-19,-2.52141385757013e-12
562.341325190345,-3.88899852036989,0.000137452739470103,0.0194449929016933,1.05873099516152e-10,-0.82413427072528,5.00505833659942e-07,-3.53826331013493e-19,-2.58014513109053e-12
575.439937337152,-3.88899852014097,0.000140654425061271,0.0194449929016934,1.08339200803364e-10,-0.824134270724455,5.1216411215001e-07,-3.70501652234751e-19,-2.64024443171165e-12
588.843655355584,-3.88899851990126,0.000143930687489607,0.0194449929016934,1.1086274496864e-10,-0.82413427072359,5.2409394682882e-07,-3.87962857131366e-19,-2.70174362487818e-12
602.559586074353,-3.88899851965026,0.000147283263872762,0.0194449929016935,1.13445070028482e-10,-0.824134270722686,5.36301663052427e-07,-4.06246983259695e-19,-2.76467531827636e-12
616.595001861477,-3.88899851938743,0.000150713931791051,0.0194449929016936,1.16087545165799e-10,-0.824134270721738,5.48793733513346e-07,-4.25392813702328e-19,-2.82907287912303e-12
630.957344480188,-3.88899851911221,0.000154224510229949,0.0194449929016937,1.18791571455866e-10,-0.824134270720746,5.61576781672455e-07,-4.45440959332206e-19,-2.89497045185734e-12
645.65422903465,-3.88899851882402,0.000157816860544546,0.0194449929016938,1.21558582609194e-10,-0.824134270719707,5.74657585270845e-07,-4.66433944953723e-19,-2.96240297624462e-12
660.693448007591,-3.88899851852225,0.000161492887446453,0.0194449929016939,1.243900457317e-10,-0.824134270718619,5.88043079923463e-07,-4.88416299503534e-19,-3.03140620590187e-12
676.082975391976,-3.88899851820626,0.000165254540013715,0.019444992901694,1.27287462102583e-10,-0.824134270717479,6.01740362796468e-07,-5.114346505024e-19,-3.1020167272548e-12
691.830970918931,-3.88899851787537,0.000169103812724229,0.0194449929016941,1.30252367970332e-10,-0.824134270716286,6.15756696370239e-07,-5.355378229584e-19,-3.17427197893648e-12
707.945784384132,-3.88899851752889,0.000173042746513246,0.0194449929016942,1.33286335367253e-10,-0.824134270715037,6.3009951229004e-07,-5.6077694293132e-19,-3.24821027163775e-12
724.435960074984,-3.88899851716608,0.000177073429855503,0.0194449929016943,1.3639097294299e-10,-0.824134270713729,6.4477641530637e-07,-5.87205545977877e-19,-3.32387080842009e-12
741.310241300911,-3.88899851678617,0.000181197999872556,0.0194449929016944,1.39567926817449e-10,-0.824134270712359,6.59795187307106e-07,-6.14879690707799e-19,-3.40129370550156e-12
758.577575029177,-3.88899851638836,0.000185418643465912,0.0194449929016945,1.4281888145359e-10,-0.824134270710925,6.75163791443558e-07,-6.43858077691659e-19,-3.48052001352702e-12
776.247116628685,-3.8889985159718,0.000189737598476552,0.0194449929016947,1.46145560550558e-10,-0.824134270709423,6.90890376352636e-07,-6.74202173972635e-19,-3.56159173933365e-12
794.328234724275,-3.88899851553561,0.000194157154871462,0.0194449929016948,1.49549727957602e-10,-0.824134270707851,7.06983280477365e-07,-7.05976343446355e-19,-3.64455186822358e-12
812.830516164092,-3.88899851507886,0.000198679655957806,0.0194449929016949,1.53033188609301e-10,-0.824134270706204,7.23451036488032e-07,-7.39247983385333e-19,-3.72944438675523e-12
831.763771102664,-3.88899851460058,0.000203307499625376,0.0194449929016951,1.56597789482554e-10,-0.824134270704479,7.40302375806321e-07,-7.74087667397618e-19,-3.81631430606562e-12
851.138038202369,-3.88899851409976,0.000208043139617982,0.0194449929016952,1.60245420575879e-10,-0.824134270702674,7.57546233234824e-07,-8.10569295122863e-19,-3.90520768573581e-12
870.963589956073,-3.88899851357535,0.000212889086834465,0.0194449929016954,1.63978015911513e-10,-0.824134270700783,7.75191751694394e-07,-8.48770248983365e-19,-3.99617165821232e-12
891.250938133738,-3.88899851302621,0.000217847910660002,0.0194449929016956,1.67797554560852e-10,-0.824134270698803,7.93248287071831e-07,-8.88771558322543e-19,-4.08925445379741e-12
912.010839355902,-3.8889985124512,0.000222922240328429,0.0194449929016957,1.71706061693787e-10,-0.82413427069673,8.11725413180501e-07,-9.30658071279028e-19,-4.18450542622138e-12
933.254300796983,-3.88899851184909,0.000228114766316296,0.0194449929016959,1.75705609652471e-10,-0.824134270694559,8.30632926836493e-07,-9.74518634760927e-19,-4.28197507881058e-12
954.992586021428,-3.88899851121859,0.00023342824176939,0.0194449929016961,1.79798319050103e-10,-0.824134270692286,8.49980853053018e-07,-1.02044628290202e-18,-4.38171509126497e-12
977.237220955802,-3.88899851055839,0.000238865483962491,0.0194449929016963,1.83986359895305e-10,-0.824134270689906,8.69779450355796e-07,-1.06853843439959e-18,-4.48377834705935e-12
999.999999999991,-3.88899850986707,0.000244429375793125,0.0194449929016965,1.8827195274269e-10,-0.824134270687413,8.90039216222263e-07,-1.11889709915257e-18,-4.58821896148288e-12
1023.29299228075,-3.88899850914317,0.000250122867310114,0.0194449929016968,1.92657369870228e-10,-0.824134270684803,9.10770892647465e-07,-1.17162909463814e-18,-4.69509231033175e-12
1047.12854805089,-3.88899850838516,0.000255948977277729,0.019444992901697,1.97144936484038e-10,-0.82413427068207,9.31985471839604e-07,-1.22684627248595e-18,-4.80445505927014e-12
1071.5193052376,-3.88899850759142,0.00026191079477628,0.0194449929016972,2.0173703195124e-10,-0.824134270679208,9.53694202048243e-07,-1.28466575573036e-18,-4.9163651938751e-12
1096.47819614317,-3.88899850676027,0.000268011480839981,0.0194449929016975,2.06436091061531e-10,-0.824134270676212,9.75908593528275e-07,-1.3452101872441e-18,-5.03088205038127e-12
1122.01845430195,-3.88899850588995,0.000274254270132975,0.0194449929016978,2.1124460531814e-10,-0.824134270673074,9.98640424642806e-07,-1.4086079898802e-18,-5.14806634714176e-12
1148.15362149687,-3.88899850497861,0.000280642472664393,0.0194449929016981,2.16165124258854e-10,-0.824134270669788,1.02190174810819e-06,-1.47499363887405e-18,-5.2679802168218e-12
1174.89755493952,-3.88899850402433,0.00028717947554336,0.0194449929016983,2.21200256807819e-10,-0.824134270666348,1.04570489738454e-06,-1.54450794708339e-18,-5.39068723934231e-12
1202.2644346174,-3.88899850302507,0.000293868744774888,0.0194449929016987,2.26352672658823e-10,-0.824134270662745,1.07006249321508e-06,-1.61729836367121e-18,-5.51625247559083e-12
1230.26877081237,-3.88899850197872,0.00030071382709759,0.019444992901699,2.31625103690803e-10,-0.824134270658972,1.0949874503178e-06,-1.69351928686516e-18,-5.64474250191762e-12
1258.92541179416,-3.88899850088305,0.00030771835186421,0.0194449929016993,2.37020345416325e-10,-0.824134270655022,1.12049298423306e-06,-1.77333239145682e-18,-5.77622544543539e-12
1288.24955169312,-3.88899849973575,0.00031488603296595,0.0194449929016997,2.42541258463798e-10,-0.824134270650886,1.14659261833058e-06,-1.85690697173562e-18,-5.91077102014111e-12
1318.2567385564,-3.88899849853438,0.000322220670801621,0.0194449929017,2.48190770094216e-10,-0.824134270646554,1.1733001909797e-06,-1.94442030058462e-18,-6.04845056387939e-12
1348.96288259164,-3.88899849727638,0.000329726154292663,0.0194449929017004,2.53971875753232e-10,-0.824134270642019,1.20062986288672e-06,-2.03605800550001e-18,-6.18933707616666e-12
1380.38426460287,-3.8889984959591,0.000337406462945098,0.0194449929017008,2.59887640659382e-10,-0.824134270637269,1.22859612460301e-06,-2.13201446233189e-18,-6.33350525689656e-12
1412.53754462274,-3.88899849457974,0.000345265668959516,0.0194449929017013,2.65941201429301e-10,-0.824134270632296,1.25721380420811e-06,-2.2324932075814e-18,-6.48103154594673e-12
1445.43977074591,-3.88899849313537,0.000353307939390204,0.0194449929017017,2.721357677408e-10,-0.824134270627089,1.28649807517178e-06,-2.3377073701289e-18,-6.63199416370833e-12
1479.10838816819,-3.88899849162293,0.00036153753835457,0.0194449929017022,2.78474624034677e-10,-0.824134270621636,1.31646446439912e-06,-2.44788012330874e-18,-6.78647315255946e-12
1513.56124843619,-3.88899849003921,0.000369958829294034,0.0194449929017027,2.8496113125617e-10,-0.824134270615926,1.34712886046316e-06,-2.56324515828982e-18,-6.94455041930471e-12
1548.81661891247,-3.88899848838085,0.000378576277287571,0.0194449929017032,2.91598728636975e-10,-0.824134270609947,1.37850752202918e-06,-2.68404717976572e-18,-7.10630977860325e-12
1584.8931924611,-3.88899848664434,0.000387394451419157,0.0194449929017037,2.98390935518767e-10,-0.824134270603686,1.41061708647521e-06,-2.8105424250061e-18,-7.27183699740843e-12
1621.81009735892,-3.88899848482599,0.000396418027200352,0.0194449929017043,3.05341353219205e-10,-0.82413427059713,1.44347457871343e-06,-2.94299920737017e-18,-7.4412198404426e-12
1659.58690743755,-3.88899848292194,0.000405651789049309,0.0194449929017049,3.12453666941393e-10,-0.824134270590265,1.47709742021694e-06,-3.08169848543517e-18,-7.61454811673111e-12
1698.24365246173,-3.88899848092815,0.000415100632827535,0.0194449929017055,3.19731647727823e-10,-0.824134270583077,1.51150343825684e-06,-3.22693445894699e-18,-7.79191372722021e-12
1737.80082874936,-3.8889984788404,0.000424769568435731,0.0194449929017061,3.2717915445983e-10,-0.824134270575549,1.54671087535448e-06,-3.37901519285722e-18,-7.97341071350421e-12
1778.27941003891,-3.88899847665426,0.000434663722470106,0.0194449929017068,3.3480013590362e-10,-0.824134270567668,1.58273839895388e-06,-3.53826327076994e-18,-8.15913530768753e-12
1819.70085860997,-3.88899847436509,0.000444788340940557,0.0194449929017075,3.42598632803954e-10,-0.824134270559414,1.61960511131939e-06,-3.70501647918465e-18,-8.34918598340825e-12
1862.08713666285,-3.88899847196803,0.000455148792052163,0.0194449929017082,3.50578780026606e-10,-0.824134270550772,1.65733055966394e-06,-3.87962852398653e-18,-8.54366350805013e-12
1905.46071796323,-3.88899846945801,0.000465750569051477,0.019444992901709,3.58744808750717e-10,-0.824134270541722,1.69593474651324e-06,-4.06246978070379e-18,-8.74267099617083e-12
1949.84459975803,-3.88899846682969,0.000476599293139104,0.0194449929017098,3.67101048712223e-10,-0.824134270532246,1.73543814031133e-06,-4.25392808012356e-18,-8.94631396417459e-12
1995.26231496886,-3.8889984640775,0.000487700716450126,0.0194449929017107,3.75651930499534e-10,-0.824134270522323,1.77586168627318e-06,-4.45440953093276e-18,-9.15470038625843e-12
2041.73794466951,-3.8889984611956,0.000499060725103958,0.0194449929017116,3.84401987902686e-10,-0.824134270511933,1.8172268174901e-06,-4.66433938112872e-18,-9.3679407516615e-12
2089.29613085402,-3.88899845817789,0.000510685342325228,0.0194449929017125,3.93355860317217e-10,-0.824134270501053,1.8595554662938e-06,-4.88416292002691e-18,-9.58614812324794e-12
2137.96208950221,-3.88899845501795,0.000522580731637363,0.0194449929017135,4.02518295204028e-10,-0.82413427048966,1.90287007588518e-06,-5.11434642277888e-18,-9.80943819745431e-12
2187.76162394953,-3.88899845170909,0.00053475320013056,0.0194449929017145,4.11894150606552e-10,-0.82413427047773,1.94719361223394e-06,-5.35537813940402e-18,-1.00379293656333e-11
2238.72113856832,-3.88899844824429,0.000547209201805872,0.0194449929017156,4.21488397726542e-10,-0.824134270465238,1.99254957625543e-06,-5.60776933043283e-18,-1.02717427768266e-11
2290.86765276775,-3.8889984446162,0.000559955340997195,0.0194449929017167,4.31306123559868e-10,-0.824134270452157,2.03896201627107e-06,-5.87205535135859e-18,-1.05110024019995e-11
2344.2288153199,-3.88899844081712,0.000572998375872956,0.0194449929017179,4.41352533593705e-10,-0.82413427043846,2.08645554075905e-06,-6.14879678819764e-18,-1.07558350997719e-11
2398.83291901947,-3.888998436839,0.000586345222019371,0.0194449929017191,4.51632954566545e-10,-0.824134270424117,2.13505533140201e-06,-6.43858064656687e-18,-1.10063706836807e-11
2454.70891568501,-3.88899843267339,0.000600002956107157,0.0194449929017204,4.62152837292499e-10,-0.824134270409099,2.18478715643862e-06,-6.74202159680073e-18,-1.12627419910085e-11
2511.88643150955,-3.88899842831147,0.000613978819643667,0.0194449929017217,4.72917759551387e-10,-0.824134270393372,2.23567738432623e-06,-7.05976327774873e-18,-1.15250849532155e-11
2570.39578276884,-3.88899842374397,0.000628280222812407,0.0194449929017231,4.83933429046143e-10,-0.824134270376905,2.28775299772166e-06,-7.39247966201895e-18,-1.17935386680126e-11
2630.26799189535,-3.88899841896122,0.000642914748401996,0.0194449929017246,4.95205686429107e-10,-0.824134270359661,2.34104160778768e-06,-7.74087648556353e-18,-1.20682454731124e-11
2691.53480392689,-3.88899841395305,0.000657890155826636,0.0194449929017262,5.06740508398814e-10,-0.824134270341604,2.39557146883278e-06,-8.10569274463826e-18,-1.23493510216988e-11
2754.22870333814,-3.88899840870887,0.000673214385240239,0.0194449929017278,5.18544010868906e-10,-0.824134270322697,2.45137149329185e-06,-8.48770226331182e-18,-1.2637004359654e-11
2818.38293126442,-3.88899840321753,0.000688895561746367,0.0194449929017295,5.30622452210868e-10,-0.824134270302899,2.50847126705587e-06,-8.88771533484919e-18,-1.29313580045852e-11
2884.03150312657,-3.88899839746739,0.000704941999706248,0.0194449929017313,5.42982236572284e-10,-0.824134270282167,2.56690106515863e-06,-9.30658044045114e-18,-1.32325680266905e-11
2951.20922666635,-3.88899839144626,0.00072136220714713,0.0194449929017331,5.55629917272398e-10,-0.824134270260458,2.62669186782884e-06,-9.74518604899535e-18,-1.35407941315103e-11
3019.95172040198,-3.88899838514136,0.000738164890273318,0.0194449929017351,5.68572200276758e-10,-0.824134270237727,2.68787537691617e-06,-1.02044625015965e-17,-1.38561997446045e-11
3090.29543251356,-3.88899837853932,0.000755358958082287,0.0194449929017371,5.818159477528e-10,-0.824134270213924,2.75048403269986e-06,-1.0685383984983e-17,-1.41789520982037e-11
3162.27766016834,-3.88899837162613,0.00077295352708831,0.0194449929017392,5.95368181708244e-10,-0.824134270188999,2.81455103108883e-06,-1.11889705978758e-17,-1.45092223198773e-11
3235.93656929625,-3.88899836438714,0.000790957926156122,0.0194449929017415,6.09236087714247e-10,-0.824134270162899,2.88011034122249e-06,-1.1716290514753e-17,-1.48471855232678e-11
3311.31121482588,-3.88899835680698,0.000809381701447161,0.0194449929017438,6.23427018715276e-10,-0.82413427013557,2.94719672348145e-06,-1.22684622515883e-17,-1.51930209009385e-11
3388.44156139199,-3.88899834886958,0.000828234621481028,0.0194449929017463,6.3794849892772e-10,-0.824134270106952,3.01584574791779e-06,-1.28466570383721e-17,-1.55469118193835e-11
3467.36850452528,-3.88899834055811,0.000847526682314836,0.0194449929017488,6.52808227829318e-10,-0.824134270076986,3.08609381311459e-06,-1.34521013034439e-17,-1.59090459162514e-11
3548.13389233572,-3.88899833185492,0.000867268112843205,0.0194449929017515,6.68014084241504e-10,-0.824134270045608,3.15797816548479e-06,-1.40860792749091e-17,-1.62796151998328e-11
3630.78054770097,-3.88899832274157,0.000887469380221697,0.0194449929017543,6.83574130506848e-10,-0.82413427001275,3.23153691901948e-06,-1.47499357046555e-17,-1.66588161508662e-11
3715.35229097168,-3.88899831319871,0.000908141195416587,0.0194449929017573,6.994966167638e-10,-0.824134269978344,3.30680907549627e-06,-1.54450787207497e-17,-1.70468498267142e-11
3801.89396320557,-3.88899830320612,0.000929294518883895,0.0194449929017604,7.15789985321002e-10,-0.824134269942317,3.38383454515833e-06,-1.61729828142612e-17,-1.74439219679669e-11
3890.45144994276,-3.88899829274259,0.000950940566380695,0.0194449929017636,7.32462875133488e-10,-0.824134269904592,3.46265416787505e-06,-1.6935191966852e-17,-1.78502431075284e-11
3981.07170553493,-3.88899828178593,0.000973090814911795,0.019444992901767,7.49524126383158e-10,-0.824134269865089,3.54330973479566e-06,-1.77333229257647e-17,-1.8266028682244e-11
4073.80277804108,-3.8889982703129,0.000995757008814906,0.0194449929017705,7.66982785165928e-10,-0.824134269823724,3.62584401050715e-06,-1.85690686331547e-17,-1.86914991471277e-11
4168.69383470331,-3.88899825829916,0.00101895116598758,0.0194449929017743,7.84848108288066e-10,-0.824134269780409,3.71030075570834e-06,-1.94442018170429e-17,-1.91268800922505e-11
4265.79518801588,-3.88899824571923,0.00104268558425915,0.0194449929017781,8.0312956817425e-10,-0.824134269735054,3.79672475041205e-06,-2.03605787515032e-17,-1.9572402362351e-11
4365.15832240161,-3.88899823254643,0.00106697284791113,0.0194449929017822,8.2183685788994e-10,-0.82413426968756,3.88516181768771e-06,-2.1320143194063e-17,-2.00283021792326e-11
4466.83592150958,-3.88899821875281,0.00109182583434944,0.0194449929017865,8.40979896280739e-10,-0.824134269637829,3.97565884795701e-06,-2.23249305086661e-17,-2.04948212670108e-11
4570.8818961487,-3.88899820430912,0.0011172577209321,0.0194449929017909,8.60568833231462e-10,-0.824134269585754,4.06826382385543e-06,-2.33770719829455e-17,-2.09722069802796e-11
4677.35141287193,-3.88899818918472,0.0011432819919559,0.0194449929017956,8.80614055047707e-10,-0.824134269531224,4.16302584567282e-06,-2.44787993489612e-17,-2.1460712435261e-11
4786.30092322633,-3.88899817334753,0.00116991244580584,0.0194449929018005,9.01126189962769e-10,-0.824134269474124,4.25999515738663e-06,-2.56324495169949e-17,-2.19605966440116e-11
4897.78819368441,-3.88899815676395,0.00119716320227105,0.0194449929018056,9.22116113772828e-10,-0.824134269414334,4.35922317330138e-06,-2.68404695324393e-17,-2.24721246517532e-11
5011.87233627267,-3.88899813939882,0.00122504871003122,0.019444992901811,9.43594955603403e-10,-0.824134269351726,4.46076250530874e-06,-2.8105421766299e-17,-2.29955676774043e-11
5128.61383991359,-3.88899812121529,0.00125358375431723,0.0194449929018166,9.65574103810105e-10,-0.824134269286167,4.5646669907825e-06,-2.94299893503109e-17,-2.3531203257383e-11
5248.07460249767,-3.8889981021748,0.00128278346475041,0.0194449929018225,9.8806521201685e-10,-0.824134269217518,4.67099172112323e-06,-3.0816981868213e-17,-2.40793153927613e-11
5370.31796370247,-3.88899808223696,0.00131266332336421,0.0194449929018286,1.01108020529471e-09,-0.824134269145634,4.77979307096785e-06,-3.2269341315234e-17,-2.46401946998456e-11
5495.40873857618,-3.88899806135947,0.00134323917281283,0.0194449929018351,1.03463128648467e-09,-0.824134269070362,4.89112872807956e-06,-3.37901483384439e-17,-2.52141385642655e-11
5623.41325190343,-3.88899803949806,0.00137452722477101,0.0194449929018418,1.05873094266771e-09,-0.824134268991543,5.00505772393387e-06,-3.5382628771202e-17,-2.58014512986517e-11
5754.3993733715,-3.88899801660636,0.00140654406852941,0.0194449929018489,1.08339195178551e-09,-0.82413426890901,5.12164046501715e-06,-3.7050160475563e-17,-2.64024443039865e-11
5888.43655355582,-3.8889979926358,0.0014393066797903,0.0194449929018563,1.10862738941544e-09,-0.824134268822586,5.24093876485404e-06,-3.87962805071547e-17,-2.70174362347127e-11
6025.59586074351,-3.88899796753555,0.00147283242966802,0.0194449929018641,1.13445063570332e-09,-0.824134268732089,5.363015876781e-06,-4.06246926177239e-17,-2.76467531676883e-11
6165.95001861475,-3.88899794125235,0.00150713909389911,0.0194449929018722,1.16087538245767e-09,-0.824134268637328,5.48793652748299e-06,-4.2539275111266e-17,-2.82907287750768e-11
6309.57344480186,-3.88899791373047,0.00154224486226696,0.0194449929018807,1.18791564040919e-09,-0.8241342685381,5.61576695131149e-06,-4.45440890704e-17,-2.89497045012647e-11
6456.54229034648,-3.88899788491153,0.00157816834824597,0.0194449929018896,1.21558574663935e-09,-0.824134268434196,5.74657492540165e-06,-4.66433869704391e-17,-2.96240297438996e-11
6606.93448007588,-3.88899785473438,0.00161492859887032,0.0194449929018989,1.24390037218201e-09,-0.824134268325396,5.88042980560751e-06,-4.88416216994284e-17,-3.03140620391456e-11
6760.82975391974,-3.88899782313504,0.00165254510483263,0.0194449929019087,1.27287452980205e-09,-0.824134268211467,6.01740256327405e-06,-5.11434560032807e-17,-3.10201672512537e-11
6918.30970918928,-3.88899779004646,0.0016910378108178,0.0194449929019189,1.30252358195528e-09,-0.824134268092169,6.15756582286584e-06,-5.35537723760465e-17,-3.17427197665475e-11
7079.45784384129,-3.88899775539847,0.00173042712607752,0.0194449929019296,1.33286324893362e-09,-0.82413426796725,6.30099390047202e-06,-5.60776834162949e-17,-3.24821026919283e-11
7244.35960074981,-3.88899771911757,0.00177073393525112,0.0194449929019408,1.36390961720014e-09,-0.824134267836442,6.44776284320811e-06,-5.87205426715731e-17,-3.32387080580031e-11
7413.10241300908,-3.8889976811268,0.00181197960943841,0.0194449929019525,1.39567914791813e-09,-0.82413426769947,6.59795046953552e-06,-6.14879559939458e-17,-3.40129370269442e-11
7585.77575029174,-3.88899764134558,0.00185418601753043,0.0194449929019648,1.4281886856789e-09,-0.824134267556043,6.75163641052017e-06,-6.43857934307025e-17,-3.48052001051911e-11
7762.47116628682,-3.88899759968954,0.00189737553780407,0.0194449929019777,1.46145546743281e-09,-0.824134267405856,6.90890215205199e-06,-6.74202016754513e-17,-3.56159173611062e-11
7943.28234724272,-3.8889975560703,0.00194157106978681,0.0194449929019912,1.49549713162839e-09,-0.824134267248591,7.06983107804777e-06,-7.05976171060115e-17,-3.64455186477004e-11
8128.30516164089,-3.88899751039536,0.00198679604639767,0.0194449929020053,1.53033172756426e-09,-0.824134267083914,7.23450851466023e-06,-7.39247794367582e-17,-3.7294443830547e-11
8317.63771102661,-3.88899746256782,0.00203307444637106,0.0194449929020201,1.56597772495893e-09,-0.824134266911477,7.40302177551668e-06,-7.74087460143778e-17,-3.81631430210043e-11
8511.38038202366,-3.88899741248624,0.00208043080696991,0.0194449929020355,1.60245402374345e-09,-0.824134266730913,7.5754602080114e-06,-8.10569067873549e-17,-3.90520768148703e-11
8709.6358995607,-3.8889973600444,0.00212889023699487,0.0194449929020517,1.63977996408217e-09,-0.824134266541839,7.75191524067603e-06,-8.48769999809451e-17,-3.99617165365968e-11
8912.50938133734,-3.88899730513104,0.00217847843009654,0.0194449929020687,1.67797533662695e-09,-0.824134266343854,7.93248043165334e-06,-8.88771285108784e-17,-4.08925444891917e-11
9120.10839355898,-3.8889972476297,0.00222922167839777,0.0194449929020865,1.71706039301009e-09,-0.824134266136538,8.11725151829985e-06,-9.30657771706103e-17,-4.18450542099425e-11
9332.54300796979,-3.88899718741841,0.00228114688643307,0.0194449929021051,1.75705585658177e-09,-0.824134265919452,8.30632646794375e-06,-9.74518306285752e-17,-4.28197507320961e-11
9549.92586021424,-3.88899712436944,0.00233428158541284,0.0194449929021245,1.79798293339754e-09,-0.824134265692135,8.49980552982486e-06,-1.02044592273615e-16,-4.38171508526342e-11
9772.37220955798,-3.88899705834908,0.00238865394781971,0.0194449929021449,1.8398633234617e-09,-0.824134265454106,8.69779128824434e-06,-1.06853803948558e-16,-4.48377834062857e-11
9999.99999999987,-3.88899698921727,0.00244429280234478,0.0194449929021663,1.88271923223261e-09,-0.824134265204857,8.90038871695207e-06,-1.11889666613797e-16,-4.58821895459218e-11
10232.9299228074,-3.88899691682738,0.0025012276491718,0.0194449929021887,1.92657338239591e-09,-0.824134264943863,9.10770523480082e-06,-1.17162861984709e-16,-4.69509230294823e-11
10471.2854805089,-3.88899684102587,0.00255948867561726,0.0194449929022121,1.971449025912e-09,-0.824134264670568,9.31985076269634e-06,-1.22684575188793e-16,-4.80445505135856e-11
10715.1930523759,-3.88899676165194,0.00261910677213467,0.0194449929022366,2.0173699563441e-09,-0.824134264384393,9.53693778187392e-06,-1.284665184906e-16,-4.91636518539769e-11
10964.7819614317,-3.88899667853724,0.0026801135486916,0.0194449929022623,2.06436052147348e-09,-0.82413426408473,9.75908139353201e-06,-1.34520956134764e-16,-5.03088204129756e-11
11220.1845430195,-3.88899659150547,0.00274254135152812,0.0194449929022892,2.11244563620843e-09,-0.824134263770946,9.98639937985458e-06,-1.40860730359839e-16,-5.14806633740839e-11
11481.5362149687,-3.88899650037202,0.00280642328030546,0.0194449929023173,2.16165079579396e-09,-0.824134263442373,1.02190122664546e-05,-1.47499288638103e-16,-5.26798020639231e-11
11748.9755493951,-3.88899640494359,0.00287179320565405,0.0194449929023468,2.21200208932918e-09,-0.824134263098315,1.04570433862717e-05,-1.54450712199123e-16,-5.39068722816692e-11
12022.644346174,-3.88899630501776,0.00293868578713021,0.0194449929023776,2.26352621359944e-09,-0.824134262738042,1.07006189449578e-05,-1.61729745897567e-16,-5.51625246361618e-11
12302.6877081237,-3.88899620038257,0.00300713649159098,0.01944499290241,2.31625048723066e-09,-0.82413426236079,1.09498680877854e-05,-1.69351829488625e-16,-5.64474248908655e-11
12589.2541179415,-3.88899609081609,0.00307718161199687,0.0194449929024438,2.37020286517335e-09,-0.824134261965759,1.12049229681138e-05,-1.77333130377361e-16,-5.77622543168665e-11
12882.4955169312,-3.88899597608591,0.00314885828665239,0.0194449929024793,2.42541195352394e-09,-0.82413426155211,1.14659188174499e-05,-1.85690577911474e-16,-5.91077100540907e-11
13182.5673855639,-3.88899585594866,0.00322220451889472,0.0194449929025164,2.48190702469131e-09,-0.824134261118967,1.17329940171405e-05,-1.94441899290186e-16,-6.04845054809372e-11
13489.6288259164,-3.88899573014953,0.00329725919724077,0.0194449929025552,2.53971803291651e-09,-0.824134260665411,1.20062901717337e-05,-2.03605657165442e-16,-6.18933705925202e-11
13803.8426460287,-3.88899559842168,0.00337406211600338,0.0194449929025959,2.59887563015402e-09,-0.824134260190478,1.22859521840486e-05,-2.13201289015152e-16,-6.33350523877219e-11
14125.3754462274,-3.88899546048569,0.00345265399638763,0.0194449929026385,2.6594111823228e-09,-0.824134259693163,1.25721283319933e-05,-2.23249148371998e-16,-6.48103152652613e-11
14454.3977074591,-3.888995316049,0.00353307650807829,0.0194449929026832,2.7213567859359e-09,-0.824134259172411,1.28649703471716e-05,-2.3377054799525e-16,-6.63199414289879e-11
14791.0838816819,-3.88899516480522,0.00361537229132997,0.0194449929027299,2.78474528511724e-09,-0.824134258627116,1.31646334953195e-05,-2.44787805077162e-16,-6.78647313026163e-11
15135.6124843619,-3.88899500643356,0.00369958497957161,0.0194449929027788,2.84961028901486e-09,-0.824134258056122,1.34712766586152e-05,-2.56324288579814e-16,-6.94455039541216e-11
15488.1661891246,-3.88899484059808,0.00378575922253731,0.01944499290283,2.91598618961959e-09,-0.824134257458219,1.37850624199052e-05,-2.68404468802826e-16,-7.10630975300192e-11
15848.9319246109,-3.88899466694703,0.00387394070993561,0.0194449929028837,2.98390817999876e-09,-0.824134256832137,1.41061571488914e-05,-2.81053969287043e-16,-7.27183696997611e-11
16218.1009735891,-3.88899448511208,0.00396417619567001,0.0194449929029398,3.0534122729545e-09,-0.824134256176548,1.44347310903254e-05,-2.94299621164312e-16,-7.44121981104835e-11
16595.8690743754,-3.88899429470753,0.00405651352262326,0.0194449929029987,3.12453532011666e-09,-0.824134255490063,1.47709584542557e-05,-3.08169520068593e-16,-7.6145480852346e-11
16982.4365246172,-3.88899409532951,0.00415100164801874,0.0194449929030603,3.19731503148023e-09,-0.824134254771225,1.51150175083757e-05,-3.22693085729126e-16,-7.7919136934711e-11
17378.0082874935,-3.88899388655511,0.00424769066937227,0.0194449929031247,3.27178999539791e-09,-0.824134254018509,1.54670906725227e-05,-3.37901124372046e-16,-7.97341067734139e-11
17782.794100389,-3.8889936679415,0.00434663185104809,0.0194449929031923,3.34799969903817e-09,-0.824134253230319,1.58273646153756e-05,-3.53825894062783e-16,-8.15913526893838e-11
18197.0085860996,-3.88899343902498,0.00444787765143301,0.019444992903263,3.42598454931971e-09,-0.824134252404982,1.61960303534052e-05,-3.70501173127853e-16,-8.34918594188779e-11
18620.8713666284,-3.88899319931999,0.00455148175074326,0.019444992903337,3.50578589433354e-09,-0.824134251540749,1.65732833521264e-05,-3.87962331801133e-16,-8.54366346356016e-11
19054.6071796322,-3.88899294831807,0.00465749907947857,0.0194449929034146,3.58744604526382e-09,-0.824134250635786,1.69593236297089e-05,-4.06246407246586e-16,-8.74267094849897e-11
19498.4459975802,-3.88899268548684,0.0047659858475386,0.0194449929034958,3.6710082988192e-09,-0.824134249688173,1.73543558629986e-05,-4.25392182116556e-16,-8.94631391309327e-11
19952.6231496885,-3.88899241026879,0.00487699957401717,0.0194449929035808,3.75651696018657e-09,-0.824134248695901,1.77585894960078e-05,-4.45440266812227e-16,-9.15470033152382e-11
20417.379446695,-3.88899212208015,0.00499059911768994,0.0194449929036698,3.84401736651918e-09,-0.824134247656865,1.81722388509301e-05,-4.66433185620722e-16,-9.36794069301231e-11
20892.9613085401,-3.88899182030965,0.00510684470821181,0.0194449929037631,3.9335559109719e-09,-0.824134246568861,1.85955232417395e-05,-4.8841546691152e-16,-9.58614806040421e-11
21379.620895022,-3.88899150431719,0.00522579797804029,0.0194449929038607,4.02518006729596e-09,-0.82413424542958,1.90286670904338e-05,-5.11433737583484e-16,-9.80943813011605e-11
21877.6162394952,-3.88899117343252,0.00534752199510201,0.0194449929039629,4.11893841500655e-09,-0.824134244236608,1.94719000459826e-05,-5.355368219628e-16,-1.00379292934791e-10
22387.2113856831,-3.8889908269538,0.00547208129621937,0.0194449929040699,4.21488066513636e-09,-0.824134242987412,1.99254571060451e-05,-5.60775845361569e-16,-1.0271742699512e-10
22908.6765276774,-3.88899046414611,0.00559954192131518,0.019444992904182,4.31305768658879e-09,-0.824134241679344,2.03895787415187e-05,-5.87204342516688e-16,-1.05110023191554e-10
23442.2881531989,-3.88899008423989,0.00572997144841326,0.0194449929042993,4.41352153310481e-09,-0.824134240309629,2.0864511023988e-05,-6.14878371138976e-16,-1.07558350110028e-10
23988.3291901946,-3.88898968642931,0.00586343902945349,0.0194449929044222,4.51632547085771e-09,-0.824134238875362,2.13505057561381e-05,-6.43856630813364e-16,-1.10063705885629e-10
24547.08915685,-3.8889892698706,0.00600001542694031,0.0194449929045509,4.62152400669031e-09,-0.824134237373499,2.18478206052031e-05,-6.74200587502303e-16,-1.1262741889088e-10
25118.8643150954,-3.88898883368016,0.00613977305144388,0.0194449929046857,4.72917291700965e-09,-0.824134235800857,2.235671923952e-05,-7.05974603916422e-16,-1.15250848440057e-10
25703.9578276883,-3.88898837693282,0.00628278599997384,0.0194449929048268,4.83932927735443e-09,-0.824134234154099,2.28774714682595e-05,-7.39246076028915e-16,-1.17935385509922e-10
26302.6799189534,-3.88898789865975,0.00642913009524586,0.0194449929049745,4.95205149265081e-09,-0.824134232429731,2.34103533844075e-05,-7.74085576023151e-16,-1.20682453477228e-10
26915.3480392688,-3.88898739784648,0.00657888292586165,0.0194449929051292,5.06739932817265e-09,-0.824134230624098,2.39556475110739e-05,-8.10567001976656e-16,-1.23493508873414e-10
27542.2870333813,-3.88898687343076,0.00673212388742376,0.0194449929052912,5.18543394122249e-09,-0.824134228733367,2.45136429512039e-05,-8.48767734598888e-16,-1.26370042156876e-10
28183.8293126441,-3.88898632430024,0.00688893422460669,0.0194449929054608,5.30621791355012e-09,-0.82413422675353,2.50846355407729e-05,-8.88768801355177e-16,-1.29313578503224e-10
28840.3150312656,-3.88898574929015,0.00704939707420665,0.0194449929056385,5.42981528452582e-09,-0.824134224680387,2.56689280055441e-05,-9.30655048324872e-16,-1.3232567861395e-10
29512.0922666634,-3.88898514718086,0.00721359750919259,0.0194449929058245,5.55629158508586e-09,-0.82413422250954,2.62668301214725e-05,-9.74515320158121e-16,-1.35407939543929e-10
30199.5172040197,-3.88898451669523,0.00738162258378168,0.0194449929060192,5.68571387246819e-09,-0.824134220236385,2.68786588788395e-05,-1.0204426485129e-15,-1.38561995548199e-10
30902.9543251354,-3.88898385649595,0.00755356137956307,0.0194449929062232,5.81815076575674e-09,-0.824134217856101,2.75047386502039e-05,-1.06853444937185e-15,-1.41789518948459e-10
31622.7766016833,-3.88898316518268,0.00772950505269422,0.0194449929064367,5.95367248225302e-09,-0.824134215363637,2.81454013622594e-05,-1.11889272965731e-15,-1.45092221019755e-10
32359.3656929623,-3.88898244128907,0.00790954688219456,0.0194449929066604,6.09235087469442e-09,-0.824134212753709,2.88009866716877e-05,-1.17162430358276e-15,-1.48471852897819e-10
33113.1121482586,-3.88898168327971,0.00809378231936196,0.0194449929068945,6.23425946933869e-09,-0.82413421002078,2.94718421450997e-05,-1.22684101919921e-15,-1.51930206507538e-10
33884.4156139197,-3.88898088954678,0.00828230903833816,0.0194449929071397,6.37947350493489e-09,-0.824134207159052,3.01583234431613e-05,-1.28465999561718e-15,-1.55469115513059e-10
34673.6850452526,-3.88898005840671,0.00847522698784939,0.0194449929073965,6.52806997260134e-09,-0.824134204162457,3.08607945089976e-05,-1.34520387140694e-15,-1.59090456290011e-10
35481.338923357,-3.8889791880966,0.00867263844414982,0.0194449929076653,6.68012765663164e-09,-0.824134201024638,3.15796277609781e-05,-1.40860106470401e-15,-1.62796148920387e-10
36307.8054770096,-3.88897827677046,0.00887464806519535,0.0194449929079469,6.83572717625037e-09,-0.82413419773894,3.23152042899814e-05,-1.47498604557113e-15,-1.6658815821059e-10
37153.5229097167,-3.8889773224953,0.00908136294607639,0.0194449929082416,6.99495102834038e-09,-0.824134194298393,3.30679140612444e-05,-1.54449962119435e-15,-1.70468494733194e-10
38018.9396320555,-3.88897632324703,0.00929289267573858,0.0194449929085503,7.15788363116456e-09,-0.8241341906957,3.38381561209021e-05,-1.61728923451777e-15,-1.74439215892977e-10
38904.5144994275,-3.8889752769062,0.00950934939502143,0.0194449929088736,7.32461136910474e-09,-0.824134186923219,3.46263388073257e-05,-1.69350927695015e-15,-1.78502427017771e-10
39810.7170553491,-3.88897418125344,0.00973084785604512,0.019444992909212,7.49522263844171e-09,-0.824134182972949,3.54328799673702e-05,-1.77332141580637e-15,-1.82660282474738e-10
40738.0277804107,-3.88897303396482,0.00995750548297681,0.0194449929095664,7.66980789420041e-09,-0.824134178836511,3.62582071776461e-05,-1.85689493717777e-15,-1.86914986812632e-10
41686.9383470329,-3.88897183260688,0.0101894424342081,0.0194449929099376,7.84845969808487e-09,-0.824134174505131,3.71027579709282e-05,-1.94440710495841e-15,-1.91268795930679e-10
42657.9518801586,-3.88897057463149,0.0104267816659764,0.0194449929103262,8.03127276752846e-09,-0.824134169969623,3.79669800678242e-05,-2.03604353678827e-15,-1.95724018274674e-10
43651.5832240159,-3.88896925737041,0.0106696489974634,0.0194449929107331,8.21834402588509e-09,-0.824134165220365,3.88513316138207e-05,-2.13199859771032e-15,-2.00283016060946e-10
44668.3592150956,-3.88896787802968,0.0109181731774048,0.0194449929111592,8.40977265378798e-09,-0.824134160247286,3.9756281421833e-05,-2.23247581237594e-15,-2.04948206528826e-10
45708.8189614868,-3.88896643368368,0.0111724859522461,0.0194449929116054,8.605660141703e-09,-0.824134155039836,4.06823092203846e-05,-2.33768829667248e-15,-2.09722063222296e-10
46773.5141287191,-3.88896492126889,0.0114327221358799,0.0194449929120726,8.80611034370436e-09,-0.824134149586971,4.16299059075461e-05,-2.4478592096878e-15,-2.14607117301481e-10
47863.0092322631,-3.88896333757746,0.0116990196810015,0.0194449929125618,9.01122953250088e-09,-0.824134143877124,4.25995738107669e-05,-2.5632222269698e-15,-2.19605958884697e-10
48977.8819368439,-3.88896167925032,0.0119715197521197,0.0194449929130741,9.22112645574199e-09,-0.824134137898186,4.35918269527343e-05,-2.68402203608404e-15,-2.24721238421759e-10
50118.7233627264,-3.88895994277016,0.0122503668002609,0.0194449929136105,9.43591239363293e-09,-0.824134131637475,4.46071913233992e-05,-2.8105148555197e-15,-2.2995566809927e-10
51286.1383991357,-3.88895812445387,0.0125357086394059,0.0194449929141722,9.65570121788965e-09,-0.824134125081711,4.56462051583102e-05,-2.9429689780436e-15,-2.35312023278648e-10
52480.7460249764,-3.88895622044479,0.0128276965246981,0.0194449929147604,9.88060945206434e-09,-0.824134118216991,4.67094192234013e-05,-3.08166533965393e-15,-2.40793143967651e-10
53703.1796370244,-3.88895422670453,0.0131264852324656,0.0194449929153763,1.01107563332734e-08,-0.824134111028753,4.77973971063801e-05,-3.22689811533923e-15,-2.46401936326169e-10
54954.0873857616,-3.88895213900437,0.0134322331420965,0.0194449929160212,1.03462638753603e-08,-0.824134103501752,4.89107155148699e-05,-3.37897534290515e-15,-2.521413742071e-10
56234.132519034,-3.88894995291634,0.0137451023198119,0.0194449929166965,1.05872569335265e-08,-0.824134095620023,5.00499645814591e-05,-3.53821957619096e-15,-2.58014500733106e-10
57543.9937337148,-3.88894766380379,0.0140652586043789,0.0194449929174037,1.08338632704643e-08,-0.824134087366849,5.12157481758162e-05,-3.70496856905974e-15,-2.64024429910107e-10
58884.365535558,-3.88894526681157,0.0143928716948087,0.0194449929181441,1.10862136240268e-08,-0.824134078724725,5.24086842240332e-05,-3.8795759916116e-15,-2.70174348278346e-10
60255.9586074348,-3.88894275685576,0.0147281152400844,0.0194449929189195,1.134444177647e-08,-0.824134069675322,5.3629405035362e-05,-4.06241218013729e-15,-2.76467516601923e-10
61659.5001861472,-3.88894012861285,0.0150711669309657,0.0194449929197314,1.16086846253037e-08,-0.824134060199446,5.48785576365121e-05,-4.25386492240103e-15,-2.82907271597668e-10
63095.7344480183,-3.88893737650847,0.0154222085939174,0.0194449929205816,1.1879082255788e-08,-0.824134050277,5.61568041136841e-05,-4.45434027991613e-15,-2.89497027704301e-10
64565.4229034645,-3.88893449470558,0.0157814262872103,0.0194449929214718,1.21557780151139e-08,-0.824134039886939,5.74648219625136e-05,-4.66426344895525e-15,-2.96240278892783e-10
66069.3448007586,-3.88893147709208,0.0161490103992443,0.019444992922404,1.24389185883068e-08,-0.824134029007225,5.88033044461067e-05,-4.88407966211897e-15,-3.03140600518847e-10
67608.2975391971,-3.88892831726786,0.0165251557491431,0.0194449929233801,1.27286540758924e-08,-0.824134017614784,6.01729609613511e-05,-5.11425513237242e-15,-3.1020165121867e-10
69183.0970918925,-3.88892500853121,0.0169100616896742,0.0194449929244022,1.30251380733654e-08,-0.824134005685454,6.15745174136911e-05,-5.35527804154905e-15,-3.17427174848705e-10
70794.5784384127,-3.88892154386465,0.0173039322125448,0.0194449929254725,1.33285277525036e-08,-0.824133993193934,6.30087166005588e-05,-5.60765957541524e-15,-3.24821002470696e-10
72443.5960074979,-3.88891791591999,0.0177069760561292,0.0194449929265933,1.36389839445691e-08,-0.82413398011373,6.44763186036573e-05,-5.87193500748725e-15,-3.32387054382922e-10
74131.0241300906,-3.88891411700282,0.0181194068156813,0.0194449929277668,1.39566712254396e-08,-0.824133966417102,6.59781011902971e-05,-6.14866483389569e-15,-3.40129342198762e-10
75857.7575029172,-3.88891013905616,0.0185414430560899,0.0194449929289956,1.42817580027163e-08,-0.824133952075,6.75148602239904e-05,-6.43843596170001e-15,-3.48051970973667e-10
77624.7116628679,-3.88890597364337,0.0189733084272334,0.0194449929302824,1.46144166048511e-08,-0.824133937057007,6.90874100845121e-05,-6.74186295316898e-15,-3.56159141381678e-10
79432.8234724269,-3.88890161193028,0.019415231781992,0.0194449929316298,1.49548233723414e-08,-0.824133921331272,7.06965840976419e-05,-7.05958932866082e-15,-3.64455151942635e-10
81283.0516164086,-3.88889704466647,0.0198674472969785,0.0194449929330407,1.53031587510401e-08,-0.824133904864444,7.23432349748039e-05,-7.39228893086101e-15,-3.72944401301272e-10
83176.3771102658,-3.88889226216565,0.0203301945960481,0.0194449929345181,1.56596073876283e-08,-0.8241338876216,7.40282352628289e-05,-7.74066735326492e-15,-3.8163139055938e-10
85113.8038202363,-3.88888725428511,0.0208037188766496,0.0194449929360651,1.60243582273007e-08,-0.824133869566171,7.57524778040639e-05,-8.10546343592828e-15,-3.90520725662307e-10
87096.3589956067,-3.88888201040426,0.0212882710390812,0.019444992937685,1.63976046137152e-08,-0.824133850659866,7.75168762070624e-05,-8.48745083165046e-15,-3.99617119841036e-10
89125.0938133731,-3.88887651940207,0.0217841078187176,0.0194449929393813,1.67795443912578e-08,-0.824133830862588,7.93223653280922e-05,-8.88743964590428e-15,-4.08925396111143e-10
91201.0839355895,-3.88887076963353,0.0222914919212717,0.0194449929411575,1.71703800096759e-08,-0.824133810132354,8.11699017637004e-05,-9.30627815398145e-15,-4.18450489829962e-10
93325.4300796976,-3.88886474890498,0.0228106921611619,0.0194449929430174,1.75703186311346e-08,-0.824133788425199,8.3060464354585e-05,-9.74485459898591e-15,-4.2819745131331e-10
95499.258602142,-3.8888584444482,0.0233419836030511,0.0194449929449649,1.79795722397513e-08,-0.82413376569509,8.49950547010205e-05,-1.02040990744777e-14,-4.38171448513162e-10
97723.7220955795,-3.88885184289344,0.0238856477066296,0.0194449929470042,1.83983577536649e-08,-0.824133741893823,8.69746976900978e-05,-1.06849854957484e-14,-4.48377769757686e-10
99999.9999999984,-3.888844930241,0.0244419724747126,0.0194449929491397,1.88268971396976e-08,-0.824133716970923,8.90004420350366e-05,-1.1188533663896e-14,-4.58821826555109e-10
102329.299228074,-3.88883769183163,0.0250112526047258,0.0194449929513757,1.92654175306686e-08,-0.824133690873538,9.10733608268379e-05,-1.17158114270634e-14,-4.6950915646288e-10
104712.854805088,-3.8888301123154,0.0255937896436534,0.0194449929537171,1.97141513454201e-08,-0.824133663546325,9.3194552098549e-05,-1.22679369434074e-14,-4.80445426023659e-10
107151.930523759,-3.88882217561925,0.0261898921465252,0.0194449929561689,2.01733364116172e-08,-0.824133634931334,9.5365139402416e-05,-1.2846081050582e-14,-4.91636433769697e-10
109647.819614317,-3.88881386491284,0.0267998758385184,0.0194449929587362,2.06432160913846e-08,-0.824133604967886,9.75862724002072e-05,-1.34514697467416e-14,-5.03088113297184e-10
112201.845430195,-3.88880516257298,0.0274240637807555,0.0194449929614245,2.11240394098447e-08,-0.824133573592441,9.98591274669937e-05,-1.40853867883063e-14,-5.14806536412205e-10
114815.362149686,-3.88879605014621,0.0280627865398756,0.0194449929642395,2.16160611866227e-08,-0.824133540738468,0.000102184908308681,-1.47491764099752e-14,-5.26797916349967e-10
117489.755493951,-3.88878650830976,0.0287163823614635,0.0194449929671871,2.21195421703869e-08,-0.824133506336299,0.000104564846593588,-1.54442461727327e-14,-5.39068611069009e-10
120226.443461739,-3.88877651683059,0.0293851973474182,0.0194449929702736,2.26347491764908e-08,-0.824133470312987,0.000107000202598376,-1.61720699458607e-14,-5.51625126622129e-10
123026.877081236,-3.88876605452253,0.0300695856373455,0.0194449929735056,2.3161955227789e-08,-0.824133432592147,0.000109492265868641,-1.69341910292502e-14,-5.64474120605831e-10
125892.541179415,-3.88875509920141,0.0307699095940614,0.0194449929768899,2.37014396986974e-08,-0.824133393093796,0.000112042355894478,-1.7732225422603e-14,-5.77622405690102e-10
128824.955169311,-3.88874362763806,0.0314865399932938,0.0194449929804336,2.42534884625713e-08,-0.824133351734184,0.000114651822801334,-1.85678652484205e-14,-5.91076953230412e-10
131825.673855639,-3.88873161550912,0.0322198562176712,0.0194449929841443,2.48183940424755e-08,-0.824133308425615,0.000117322048056487,-1.94428823359995e-14,-6.04844896963826e-10
134896.288259163,-3.8887190373455,0.032970246455088,0.0194449929880299,2.53964557654225e-08,-0.824133263076262,0.000120054445191464,-2.03591319739924e-14,-6.18933536791204e-10
138038.426460286,-3.88870586647849,0.033738107901541,0.0194449929920986,2.59879799201576e-08,-0.824133215589975,0.000122850460540749,-2.13185568394451e-14,-6.33350342647496e-10
141253.754462273,-3.88869207498325,0.0345238469685269,0.019444992996359,2.65932799185678e-08,-0.824133165866072,0.000125711573997108,-2.23231911115903e-14,-6.48102958462161e-10
144543.97707459,-3.88867763361969,0.0353278794950986,0.0194449930008202,2.72126764607983e-08,-0.824133113799133,0.000128639299783884,-2.3375164779066e-14,-6.63199206211841e-10
147910.838816818,-3.88866251177058,0.0361506309646738,0.0194449930054915,2.78464977041567e-08,-0.824133059278768,0.000131635187244614,-2.44767081496306e-14,-6.78647090067404e-10
151356.124843618,-3.8886466773767,0.036992536726696,0.019444993010383,2.84950794358904e-08,-0.824133002189392,0.000134700821650315,-2.56301565718696e-14,-6.94454800637584e-10
154881.661891246,-3.88863009686902,0.0378540422232438,0.019444993015505,2.91587652499221e-08,-0.824132942409975,0.000137837825024813,-2.68379553788333e-14,-7.1063071931144e-10
158489.319246109,-3.88861273509761,0.0387356032206913,0.0194449930208683,2.98379067276322e-08,-0.824132879813787,0.00014104785698846,-2.81026650640065e-14,-7.27183422701959e-10
162181.00973589,-3.88859455525726,0.0396376860465188,0.0194449930264844,3.05328636227756e-08,-0.824132814268131,0.000144332615620634,-2.9426966700497e-14,-7.44121687193136e-10
165958.690743753,-3.88857551880958,0.0405607678313775,0.019444993032365,3.12440040506254e-08,-0.824132745634059,0.000147693838341376,-3.08136676148358e-14,-7.61454493592957e-10
169824.365246172,-3.8885555854015,0.0415053367565114,0.0194449930385228,3.19717046814351e-08,-0.824132673766084,0.000151133302812548,-3.22657073273132e-14,-7.79191031894744e-10
173780.082874935,-3.88853471277983,0.0424718923066412,0.0194449930449706,3.27163509383144e-08,-0.824132598511865,0.000154652827858899,-3.37861637713296e-14,-7.97340706149374e-10
177827.941003889,-3.88851285670194,0.0434609455284156,0.0194449930517223,3.34783371996136e-08,-0.82413251971189,0.000158254274409421,-3.5378259804817e-14,-8.1591313945098e-10
181970.085860995,-3.88848997084211,0.0444730192945378,0.0194449930587921,3.42580670059167e-08,-0.824132437199135,0.000161939546459388,-3.70453700273999e-14,-8.34918179038745e-10
186208.713666284,-3.88846600669362,0.0455086485736727,0.019444993066195,3.50559532717402e-08,-0.824132350798715,0.00016571059205346,-3.87910279175919e-14,-8.54365901517509e-10
190546.071796322,-3.88844091346613,0.0465683807062453,0.0194449930739467,3.58724185020413e-08,-0.82413226032751,0.000169569404290267,-4.06189333049923e-14,-8.74266618199955e-10
194984.459975801,-3.88841463797832,0.047652775686237,0.0194449930820636,3.67078950136374e-08,-0.82413216559378,0.000173518022348847,-4.25329601931387e-14,-8.94630880573198e-10
199526.231496885,-3.88838712454546,0.0487624064490916,0.0194449930905629,3.75628251616428e-08,-0.824132066396758,0.000177558532537367,-4.45371649493972e-14,-9.1546948589267e-10
204173.79446695,-3.88835831486169,0.0498978591658381,0.0194449930994627,3.84376615710286e-08,-0.824131962526229,0.000181693069364495,-4.66357948790302e-14,-9.36793482906273e-10
208929.6130854,-3.88832814787684,0.0510597335435425,0.0194449931087817,3.93328673734151e-08,-0.824131853762082,0.000185923816633853,-4.88332972013732e-14,-9.58614177711826e-10
213796.20895022,-3.8882965596674,0.0522486431321978,0.0194449931185398,4.02489164492069e-08,-0.824131739873848,0.000190253008561941,-5.11343284468822e-14,-9.80943139750908e-10
218776.162394952,-3.8882634833015,0.0534652156381624,0.0194449931287576,4.11862936751821e-08,-0.824131620620209,0.000194682930919938,-5.35437642946779e-14,-1.00379220794227e-09
223872.11385683,-3.88822884869754,0.0547100932442559,0.0194449931394568,4.21454951776506e-08,-0.824131495748494,0.000199215922199779,-5.60667098711174e-14,-1.02717349695809e-09
229086.765276773,-3.88819258247618,0.0559839329366233,0.01944499315066,4.31270285912966e-08,-0.82413136499414,0.000203854374804915,-5.87085105308714e-14,-1.05109940364629e-09
234422.881531988,-3.88815460780543,0.0572874068384742,0.0194449931623909,4.41314133238216e-08,-0.824131228080136,0.000208600736266143,-6.14747631429716e-14,-1.07558261360255e-09
239883.291901945,-3.88811484423848,0.0586212025508059,0.0194449931746745,4.51591808265081e-08,-0.824131084716441,0.000213457510482912,-6.43713279053251e-14,-1.10063610789516e-09
245470.891568499,-3.8880732075439,0.0599860235002161,0.0194449931875367,4.62108748708245e-08,-0.824130934599365,0.000218427258990489,-6.74043407122721e-14,-1.12627316994661e-09
251188.643150954,-3.88802960952796,0.0613825892939103,0.0194449932010048,4.72870518311914e-08,-0.824130777410934,0.00022351260225337,-7.05802261008892e-14,-1.15250739257528e-09
257039.578276882,-3.8879839578486,0.0628116360820065,0.0194449932151073,4.8388280974036e-08,-0.824130612818219,0.000228716220985316,-7.39057108029169e-14,-1.17935268520121e-09
263026.799189534,-3.88793615582069,0.0642739169272389,0.0194449932298741,4.9515144753256e-08,-0.82413044047263,0.000234040857496384,-7.73878379304175e-14,-1.20682328121954e-09
269153.480392687,-3.88788610221221,0.0657702021821575,0.0194449932453365,5.06682391122231e-08,-0.824130260009184,0.000239489317067313,-8.10339818245553e-14,-1.23493374554565e-09
275422.870333812,-3.88783369103091,0.0673012798739199,0.0194449932615271,5.1848173792451e-08,-0.824130071045739,0.000245064469351623,-8.48518635982275e-14,-1.26369898233595e-09
281838.29312644,-3.88777881130098,0.0688679560967665,0.0194449932784803,5.30555726490582e-08,-0.824129873182179,0.000250769249805753,-8.88495674046721e-14,-1.29313424288848e-09
288403.150312656,-3.88772134682934,0.0704710554122676,0.0194449932962319,5.42910739731562e-08,-0.824129665999583,0.000256606661147576,-9.30355574656413e-14,-1.32325513372735e-09
295120.922666633,-3.88766117596096,0.0721114212574253,0.0194449933148197,5.55553308212923e-08,-0.824129449059336,0.000262579774843596,-9.74186958942468e-14,-1.35407762487545e-09
301995.172040196,-3.88759817132283,0.0737899163607094,0.0194449933342828,5.68490113520824e-08,-0.824129221902206,0.000268691732625111,-1.02008261349176e-13,-1.38561805831971e-09
309029.543251354,-3.88753219955595,0.0755074231660994,0.0194449933546625,5.81727991701627e-08,-0.82412898404738,0.000274945748033628,-1.06813968558635e-13,-1.41789315667341e-09
316227.766016832,-3.88746312103486,0.0772648442652009,0.0194449933760019,5.95273936775969e-08,-0.824128734991452,0.000281345107995765,-1.11845988754091e-13,-1.45092003204021e-09
323593.656929623,-3.88739078957407,0.0790631028374942,0.0194449933983462,6.09135104328724e-08,-0.824128474207364,0.000287893174427881,-1.17114971055716e-13,-1.4847161950844e-09
331131.121482585,-3.88731505212093,0.0809031430987693,0.0194449934217427,6.23318815176182e-08,-0.8241282011433,0.00029459338587061,-1.22632064853277e-13,-1.51929956431234e-09
338844.156139197,-3.88723574843405,0.0827859307577897,0.0194449934462408,6.37832559111809e-08,-0.824127915221526,0.000301449259153491,-1.28408943228202e-13,-1.55468847556991e-09
346736.850452526,-3.8871527107469,0.0847124534812195,0.0194449934718924,6.52683998731925e-08,-0.824127615837175,0.000308464391089803,-1.34457827464585e-13,-1.59090169176105e-09
354813.389233569,-3.88706576341575,0.0866837213668387,0.0194449934987518,6.67880973342633e-08,-0.82412730235698,0.000315642460201721,-1.40791512699004e-13,-1.62795841279243e-09
363078.054770095,-3.88697472255126,0.0887007674250581,0.0194449935268757,6.83431502949356e-08,-0.824126974117946,0.000322987228475836,-1.4742339476127e-13,-1.66587828574962e-09
371535.229097166,-3.88687939563295,0.0907646480687346,0.0194449935563237,6.99343792330285e-08,-0.82412663042596,0.000330502543149058,-1.54367498260492e-13,-1.70468141531003e-09
380189.396320554,-3.88677958110586,0.0928764436112744,0.019444993587158,7.15626235195062e-08,-0.824126270554335,0.000338192338524859,-1.61638505973272e-13,-1.74438837439825e-09
389045.144994274,-3.88667506795848,0.0950372587729941,0.0194449936194437,7.32287418430019e-08,-0.824125893742288,0.000346060637819768,-1.6925178959333e-13,-1.78502021508924e-09
398107.17055349,-3.88656563528117,0.0972482231956966,0.0194449936532491,7.49336126431224e-08,-0.824125499193352,0.000354111555039971,-1.77223441904443e-13,-1.82659847976534e-09
407380.277804106,-3.88645105180415,0.0995104919653995,0.0194449936886457,7.66781345526622e-08,-0.824125086073705,0.000362349296887792,-1.85570310441309e-13,-1.86914521253279e-09
416869.383470328,-3.88633107541417,0.101825246143133,0.0194449937257083,7.846322684885e-08,-0.824124653510432,0.000370778164697793,-1.94310032705719e-13,-1.91268297090396e-09
426579.518801585,-3.88620545264883,0.10419369330371,0.0194449937645151,8.02898299137476e-08,-0.824124200589699,0.000379402556402112,-2.03461073008372e-13,-1.95723483775128e-09
436515.832240158,-3.88607391816763,0.106617068082332,0.0194449938051481,8.21589057039203e-08,-0.824123726354846,0.00038822696852462,-2.13042761009661e-13,-2.0028244335394e-09
446683.592150955,-3.88593619419862,0.109096632728897,0.0194449938476932,8.40714382294891e-08,-0.824123229804393,0.000397255998203358,-2.23075332035937e-13,-2.04947592884175e-09
457088.189614867,-3.88579198995965,0.111633677669818,0.0194449938922401,8.60284340426763e-08,-0.824122709889954,0.000406494345240633,-2.33579969250983e-13,-2.09721405714847e-09
467735.14128719,-3.88564100105297,0.114229522077156,0.0194449939388829,8.8030922735946e-08,-0.82412216551405,0.000415946814180042,-2.44578847765849e-13,-2.146064127972e-09
478630.09232263,-3.88548290883204,0.116885514444823,0.0194449939877201,9.00799574498383e-08,-0.824121595527834,0.000425618316409587,-2.56095180773676e-13,-2.19605204025776e-09
489778.819368438,-3.88531737973938,0.119603033171597,0.0194449940388546,9.21766153905873e-08,-0.824120998728697,0.00043551387228992,-2.68153267799798e-13,-2.24720429610649e-09
501187.233627263,-3.88514406461406,0.122383487150616,0.0194449940923943,9.43219983576081e-08,-0.824120373857771,0.000445638613306606,-2.8077854516114e-13,-2.29954801481591e-09
512861.383991356,-3.88496259796753,0.12522831636504,0.0194449941484521,9.65172332809275e-08,-0.824119719597323,0.000455997784245187,-2.93997638732855e-13,-2.35311094724874e-09
524807.460249763,-3.88477259722643,0.128138992489454,0.0194449942071463,9.87634727686254e-08,-0.824119034568023,0.000466596745387643,-3.07838419124147e-13,-2.40792149053495e-09
537031.796370243,-3.88457366194088,0.1311170194966,0.0194449942686005,1.01061895664345e-07,-0.824118317326087,0.000477440974728696,-3.22330059369386e-13,-2.46400870311574e-09
549540.873857615,-3.88436537295674,0.134163934268947,0.0194449943329442,1.03413707614916e-07,-0.824117566360294,0.000488536070210212,-3.37503095244924e-13,-2.52140232013731e-09
562341.325190339,-3.88414729155029,0.137281307214547,0.0194449944003129,1.05820141648127e-07,-0.82411678008887,0.000499887751971785,-3.53389488326435e-13,-2.5801327692025e-09
575439.937337147,-3.88391895852368,0.140470742886603,0.0194449944708485,1.08282458760665e-07,-0.824115956856221,0.000511501864615351,-3.70022691906178e-13,-2.64023118648852e-09
588843.655355579,-3.88367989325944,0.143733880606063,0.0194449945446994,1.10801948516237e-07,-0.824115094929526,0.000523384379481489,-3.87437719894269e-13,-2.70172943323932e-09
602559.586074347,-3.88342959273228,0.147072395086535,0.0194449946220212,1.13379929653845e-07,-0.824114192495177,0.00053554139693478,-4.05671218832886e-13,-2.76466011264124e-09
616595.001861471,-3.88316753047641,0.150487997060714,0.0194449947029763,1.16017750706216e-07,-0.824113247655052,0.000547979148655399,-4.24761543157287e-13,-2.82905658709075e-09
630957.344480182,-3.88289315550639,0.153982433907455,0.0194449947877349,1.18716790628319e-07,-0.824112258422626,0.000560703999933774,-4.44748833842632e-13,-2.89495299586351e-09
645654.229034644,-3.88260589118952,0.157557490278518,0.0194449948764753,1.21478459435913e-07,-0.824111222718907,0.000573722451964895,-4.65675100580776e-13,-2.9623842731938e-09
660693.448007584,-3.88230513406789,0.161214988723957,0.0194449949693838,1.24304198854035e-07,-0.824110138368185,0.000587041144138505,-4.87584307636596e-13,-3.03138616677398e-09
676082.97539197,-3.88199025262771,0.164956790315005,0.0194449950666556,1.27195482975331e-07,-0.824109003093597,0.000600666856321095,-5.10522463538823e-13,-3.10199525668366e-09
691830.970918924,-3.881660586014,0.168784795263203,0.0194449951684947,1.30153818928064e-07,-0.824107814512496,0.000614606511125209,-5.34537714765914e-13,-3.1742489747584e-09
707945.784384125,-3.88131544268809,0.172700943534428,0.0194449952751148,1.33180747553663e-07,-0.824106570131605,0.000628867176161227,-5.59680443593192e-13,-3.2481856244082e-09
724435.960074977,-3.88095409902582,0.17670721545635,0.0194449953867394,1.362778440936e-07,-0.824105267341967,0.000643456066266324,-5.86003370273187e-13,-3.3238444008961e-09
741310.241300904,-3.88057579785385,0.180805632317719,0.0194449955036025,1.39446718885376e-07,-0.824103903413667,0.000658380545704883,-6.13561659726963e-13,-3.40126541208754e-09
758577.57502917,-3.88017974692157,0.184998256957744,0.0194449956259488,1.42689018067339e-07,-0.824102475490322,0.000673648130334132,-6.42413032930088e-13,-3.48048969968129e-09
776247.116628678,-3.87976511730619,0.189287194343708,0.0194449957540343,1.46006424292052e-07,-0.824100980583331,0.000689266489728278,-6.7261788318284e-13,-3.5615592609331e-09
794328.234724267,-3.87933104174804,0.193674592134772,0.019444995888127,1.49400657447851e-07,-0.824099415565874,0.000705243449253843,-7.04239397460204e-13,-3.64451707088334e-09
812830.516164085,-3.87887661291361,0.198162641229783,0.019444996028507,1.52873475388209e-07,-0.824097777166645,0.000721586992088321,-7.37343683043154e-13,-3.72940710510037e-09
831763.771102656,-3.87840088158335,0.202753576296722,0.0194449961754678,1.56426674668484e-07,-0.824096061963328,0.000738305261173643,-7.71999899638701e-13,-3.81627436295135e-09
851138.038202361,-3.87790285476131,0.207449676281236,0.019444996329316,1.60062091289548e-07,-0.824094266375769,0.00075540656109526,-8.08280397202026e-13,-3.90516489141274e-09
870963.589956065,-3.87738149370365,0.212253264891485,0.0194449964903725,1.63781601447766e-07,-0.82409238665888,0.000772899359876937,-8.4626085967987e-13,-3.99612580943287e-09
891250.938133729,-3.87683571186299,0.217166711056362,0.019444996658973,1.67587122290732e-07,-0.824090418895217,0.000790792290680578,-8.86020454900044e-13,-4.08920533285917e-09
912010.839355893,-3.87626437274537,0.222192429353866,0.0194449968354684,1.71480612678088e-07,-0.824088358987263,0.000809094153399599,-9.27641990837448e-13,-4.18445279994322e-09
933254.300796974,-3.87566628767669,0.227332880406202,0.0194449970202262,1.75464073946701e-07,-0.824086202649367,0.000827813916133464,-9.71212078492345e-13,-4.28191869743673e-09
954992.586021419,-3.87504021347524,0.232590571237919,0.0194449972136302,1.79539550679411e-07,-0.824083945399357,0.000846960716530098,-1.0168213016217e-12,-4.38165468729197e-09
977237.220955793,-3.87438485002711,0.237968055593099,0.0194449974160821,1.83709131476451e-07,-0.824081582549799,0.000866543862981906,-1.06456439356923e-12,-4.48371363398067e-09
999999.999999982,-3.87369883776091,0.243467934207356,0.0194449976280019,1.87974949728596e-07,-0.82407910919889,0.000886572835660043,-1.11454042144414e-12,-4.58814963244547e-09
1023292.99228074,-3.87298075501847,0.249092855030065,0.0194449978498288,1.92339184390989e-07,-0.824076520220978,0.000907057287370496,-1.16685297790252e-12,-4.69501803669832e-09
1047128.54805088,-3.87222911531793,0.254845513391914,0.0194449980820219,1.96804060756503e-07,-0.824073810256695,0.00092800704421434,-1.22161038078892e-12,-4.80437548908077e-09
1071519.30523759,-3.87144236450578,0.26072865211255,0.0194449983250614,2.01371851227404e-07,-0.824070973702693,0.000949432106033281,-1.27892588089831e-12,-4.9162799502012e-09
1096478.19614316,-3.8706188777941,0.266745061542677,0.0194449985794492,2.06044876083966e-07,-0.824068004700954,0.000971342646620241,-1.33891787812087e-12,-5.03079072956448e-09
1122018.45430194,-3.86975695667966,0.272897579534611,0.01944499884571,2.10825504248588e-07,-0.82406489712769,0.000993749013673355,-1.40171014623344e-12,-5.1479685169098e-09
1148153.62149686,-3.86885482574101,0.27918909133486,0.0194449991243922,2.15716154043826e-07,-0.82406164458179,0.00101666172847023,-1.46743206660186e-12,-5.26787541427301e-09
1174897.55493951,-3.86791062931033,0.285622529391854,0.019444999416069,2.20719293942655e-07,-0.824058240372822,0.00104009148523773,-1.53621887105779e-12,-5.39057496878968e-09
1202264.43461739,-3.86692242801607,0.292200873071499,0.0194449997213397,2.25837443309104e-07,-0.824054677508569,0.00106404915019094,-1.60821189421189e-12,-5.51613220625607e-09
1230268.77081236,-3.86588819519331,0.298927148272738,0.0194450000408302,2.3107317312731e-07,-0.824050948682088,0.001088545760213,-1.68355883546212e-12,-5.64461366546496e-09
1258925.41179414,-3.8648058131581,0.305804426934762,0.0194450003751948,2.36429106716846e-07,-0.824047046258272,0.00111359252114598,-1.76241403095126e-12,-5.77608743333426e-09
1288249.55169311,-3.86367306934258,0.312835826426995,0.0194450007251169,2.41907920432036e-07,-0.824042962259922,0.00113920080566055,-1.84493873572162e-12,-5.9106231808461e-09
1318256.73855638,-3.8624876522876,0.320024508812386,0.0194450010913106,2.47512344342827e-07,-0.824038688353295,0.0011653821506706,-1.93130141630652e-12,-6.048292199815e-09
1348962.88259163,-3.86124714748983,0.327373679973944,0.0194450014745217,2.53245162894562e-07,-0.824034215833132,0.00119214825425627,-2.02167805398831e-12,-6.18916744050388e-09
1380384.26460286,-3.85994903310038,0.334886588593801,0.0194450018755293,2.59109215543857e-07,-0.824029535607149,0.00121951097205722,-2.11625245893965e-12,-6.33332355010704e-09
1412537.54462273,-3.85859067547232,0.342566524973459,0.019445002295147,2.65107397367569e-07,-0.824024638179988,0.00124748231309477,-2.21521659545016e-12,-6.48083691211982e-09
1445439.7707459,-3.85716932455462,0.350416819683121,0.0194450027342243,2.7124265964165e-07,-0.824019513636604,0.00127607443497977,-2.31877091842232e-12,-6.63178568661493e-09
1479108.38816818,-3.85568210913039,0.358440842027345,0.0194450031936482,2.7751801038645e-07,-0.824014151625101,0.00130529963845994,-2.42712472129956e-12,-6.786249851446e-09
1513561.24843618,-3.85412603189767,0.366641998313435,0.0194450036743446,2.83936514874833e-07,-0.824008541338997,0.0013351703612579,-2.54049649556487e-12,-6.9443112443992e-09
1548816.61891245,-3.85249796439133,0.375023729908227,0.0194450041772798,2.90501296099217e-07,-0.824002671498912,0.00136569917114816,-2.65911430192025e-12,-7.10605360631434e-09
1584893.19246108,-3.85079464174519,0.383589511068102,0.0194450047034626,2.97215535193424e-07,-0.823996530333684,0.00139689875821842,-2.78321615322434e-12,-7.27156262519736e-09
1621810.0973589,-3.84901265729393,0.392342846526175,0.0194450052539452,3.04082471804959e-07,-0.823990105560912,0.00142878192625736,-2.91305040922927e-12,-7.4409259813464e-09
1659586.90743753,-3.84714845701496,0.40128726881974,0.0194450058298255,3.11105404413078e-07,-0.823983384366909,0.00146136158320807,-3.04887618311512e-12,-7.61423339351432e-09
1698243.65246171,-3.84519833381117,0.410426335340149,0.0194450064322488,3.1828769058776e-07,-0.823976353386093,0.00149465073062264,-3.19096375977343e-12,-7.79157666613103e-09
1737800.82874934,-3.843158421636,0.419763625086312,0.0194450070624092,3.25632747184373e-07,-0.823968998679805,0.00152866245205049,-3.33959502573782e-12,-7.97304973760926e-09
1778279.41003889,-3.84102468946343,0.429302735102091,0.0194450077215522,3.33144050468594e-07,-0.82396130571457,0.00156340990028908,-3.49506391059987e-12,-8.15874872975822e-09
1819700.85860995,-3.8387929351061,0.439047276576822,0.0194450084109757,3.40825136165806e-07,-0.823953259339806,0.0015989062834223,-3.65767683968205e-12,-8.34877199832996e-09
1862087.13666283,-3.83645877888609,0.449000870587228,0.0194450091320327,3.48679599428922e-07,-0.823944843765005,0.0016351648495682,-3.82775319766509e-12,-8.54322018472373e-09
1905460.71796321,-3.83401765716383,0.459167143457907,0.019445009886133,3.56711094718273e-07,-0.823936042536403,0.00167219887025389,-4.00562580278496e-12,-8.74219626887444e-09
1949844.59975801,-3.83146481573193,0.469549721716611,0.0194450106747453,3.6492333558691e-07,-0.823926838513164,0.00171002162233182,-4.19164139112356e-12,-8.94580562335153e-09
1995262.31496884,-3.82879530308227,0.480152226619417,0.0194450114993991,3.73320094364335e-07,-0.8239172138431,0.00174864636834785,-4.38616111041676e-12,-9.15415606869547e-09
2041737.94466949,-3.82600396355603,0.49097826821991,0.0194450123616872,3.819052017314e-07,-0.823907149937981,0.00178808633526778,-4.5895610226928e-12,-9.36735793001951e-09
2089296.130854,-3.82308543038817,0.502031438955427,0.0194450132632673,3.90682546178788e-07,-0.82389662744845,0.00182835469146516,-4.80223261493275e-12,-9.58552409490501e-09
2137962.08950219,-3.8200341186596,0.513315306722435,0.0194450142058648,3.99656073341225e-07,-0.823885626238618,0.00186946452186996,-5.02458331681171e-12,-9.80877007261922e-09
2187761.62394951,-3.81684421817256,0.524833407412104,0.0194450151912746,4.08829785199252e-07,-0.823874125360375,0.0019114288011736,-5.25703702443439e-12,-1.00372140546852e-08
2238721.1385683,-3.81350968626655,0.536589236876205,0.0194450162213632,4.18207739140131e-07,-0.823862103027489,0.00195426036498286,-5.50003462882017e-12,-1.0270976976834e-08
2290867.65276773,-3.81002424059491,0.548586242292598,0.0194450172980714,4.27794046869219e-07,-0.823849536589562,0.00199797187881187,-5.75403454772102e-12,-1.051018258237e-08
2344228.81531988,-3.80638135188462,0.56082781289874,0.0194450184234162,4.3759287316288e-07,-0.823836402505926,0.00204257580479833,-6.01951325916874e-12,-1.07549574869814e-08
2398832.91901944,-3.80257423670456,0.5733172700609,0.0194450195994932,4.47608434453817e-07,-0.823822676319572,0.00208808436602778,-6.29696583494606e-12,-1.10054312450277e-08
2454708.91568498,-3.79859585027077,0.586057856646195,0.0194450208284785,4.57844997239546e-07,-0.823808332631205,0.00213450950834711,-6.58690647195835e-12,-1.12617364173379e-08
2511886.43150953,-3.79443887932036,0.599052725664018,0.0194450221126314,4.68306876304575e-07,-0.823793345073558,0.00218186285954708,-6.88986901924765e-12,-1.1524008640553e-08
2570395.78276881,-3.79009573508923,0.612304928143114,0.019445023454296,4.78998432746778e-07,-0.823777686286067,0.00223015568579214,-7.20640749813878e-12,-1.17923866980473e-08
2630267.99189533,-3.7855585464326,0.625817400210397,0.0194450248559041,4.89924071798443e-07,-0.823761327890075,0.00227939884517548,-7.53709661273723e-12,-1.20670125924652e-08
2691534.80392686,-3.78081915313139,0.639592949337622,0.0194450263199763,5.01088240432477e-07,-0.82374424046469,0.00232960273827705,-7.88253224770984e-12,-1.23480316199085e-08
2754228.70333811,-3.77586909943153,0.653634239722337,0.0194450278491247,5.12495424744378e-07,-0.823726393523502,0.00238077725560381,-8.24333194997228e-12,-1.26355924458132e-08
2818382.9312644,-3.77069962786824,0.667943776770075,0.0194450294460548,5.24150147100783e-07,-0.823707755492307,0.00243293172179289,-8.62013539058074e-12,-1.29298471825527e-08
2884031.50312655,-3.76530167343171,0.682523890645623,0.0194450311135668,5.36056963045674e-07,-0.823688293688078,0.00248607483646202,-9.01360480277992e-12,-1.32309514688081e-08
2951209.22666633,-3.75966585813608,0.697376718862412,0.0194450328545578,5.48220457955744e-07,-0.823667974299382,0.00254021461159558,-9.42442539179497e-12,-1.35390645507451e-08
3019951.72040196,-3.75378248605847,0.712504187880702,0.0194450346720229,5.60645243436942e-07,-0.823646762368493,0.00259535830536062,-9.85330571157202e-12,-1.38543493650402e-08
3090295.43251353,-3.74764153892103,0.727907993687284,0.019445036569057,5.73335953454857e-07,-0.823624621775466,0.00265151235225463,-1.0300978003271e-11,-1.41769726237972e-08
3162277.66016832,-3.74123267229413,0.743589581331968,0.0194450385488556,5.8629724019246e-07,-0.823601515224443,0.002708682289496,-1.07681984898965e-11,-1.45071049014003e-08
3235936.56929622,-3.73454521250541,0.75955012339924,0.019445040614716,5.99533769629645e-07,-0.823577404232514,0.00276687267957922,-1.1255747621018e-11,-1.48449207233469e-08
3311311.21482584,-3.72756815434527,0.775790497397148,0.0194450427700378,6.13050216840249e-07,-0.823552249121442,0.00282608702893038,-1.17644302610852e-11,-1.51905986571082e-08
3388441.56139196,-3.72029015966605,0.79231126204987,0.0194450450183237,6.26851261003543e-07,-0.823526009012611,0.00288632770261404,-1.22950758143821e-11,-1.55443214050647e-08
3467368.50452525,-3.71269955697836,0.809112632485463,0.0194450473631791,6.4094158012882e-07,-0.823498641825574,0.00294759583506114,-1.28485382791967e-11,-1.59062758995673e-08
3548133.89233568,-3.70478434215506,0.826194454316201,0.0194450498083123,6.55325845493555e-07,-0.823470104280586,0.0030098912368085,-1.34256962233101e-11,-1.62766534001736e-08
3630780.54770094,-3.69653218035954,0.843556176615589,0.0194450523575337,6.70008715797676e-07,-0.823440351905561,0.00307321229726484,-1.402745267243e-11,-1.66556495931136e-08
3715352.29097165,-3.68793040932201,0.861196823803806,0.0194450550147549,6.84994831038913e-07,-0.82340933904788,0.00313755588354579,-1.4654734902725e-11,-1.70434646930392e-08
3801893.96320554,-3.67896604409349,0.879114966461903,0.0194450577839872,7.00288806116878e-07,-0.823377018891537,0.00320291723545129,-1.53084941281475e-11,-1.7440303547113e-08
3890451.44994273,-3.66962578341403,0.897308691104751,0.0194450606693395,7.1589522417649e-07,-0.823343343480089,0.00326928985669362,-1.59897050727878e-11,-1.78463757414961e-08
3981071.70553489,-3.65989601783707,0.915775568953445,0.019445063675016,7.31818629704791e-07,-0.823308263745957,0.00333666540252287,-1.66993654180722e-11,-1.8261895710295e-08
4073802.77804105,-3.64976283975788,0.934512623759782,0.019445066805313,7.48063521398821e-07,-0.823271729546577,0.00340503356393983,-1.74384951142211e-11,-1.86870828470296e-08
4168693.83470327,-3.63921205549874,0.953516298748509,0.0194450700646152,7.64634344826358e-07,-0.823233689707974,0.00347438194873308,-1.8208135545027e-11,-1.91221616186892e-08
4265795.18801584,-3.6282291996079,0.972782422757345,0.0194450734573911,7.8153548490575e-07,-0.823194092076313,0.003544695959629,-1.90093485347033e-11,-1.95673616824417e-08
4365158.32240157,-3.61679955153291,0.992306175670389,0.0194450769881882,7.98771258235946e-07,-0.823152883578014,0.00361595866989946,-1.98432151853094e-11,-2.00229180050681e-08
4466835.92150954,-3.60490815483127,1.01208205325738,0.0194450806616268,8.16345905313043e-07,-0.823110010289016,0.00368815069683281,-2.07108345330837e-11,-2.04890709851937e-08
4570881.89614866,-3.59253983908259,1.03210383154943,0.0194450844823933,8.34263582675354e-07,-0.823065417513773,0.00376125007353931,-2.16133220119312e-11,-2.09660665783921e-08
4677351.41287189,-3.57967924466633,1.05236453090126,0.0194450884552325,8.52528355024996e-07,-0.823019049874596,0.00383523211963193,-2.25518077123295e-11,-2.14541564252411e-08
4786300.92322629,-3.56631085056738,1.07285637991064,0.0194450925849391,8.71144187380445e-07,-0.822970851411893,0.00391006931139811,-2.35274344240474e-11,-2.19535979824103e-08
4897788.19368436,-3.55241900536815,1.09357077938741,0.0194450968763481,8.90114937321246e-07,-0.822920765695915,0.00398573115215634,-2.45413554513426e-11,-2.24646546568673e-08
5011872.33627262,-3.53798796157989,1.11449826658743,0.0194451013343242,9.09444347393176e-07,-0.822868735950533,0.00406218404357414,-2.55947321897204e-11,-2.29875959432896e-08
5128613.83991355,-3.52300191345815,1.13562847995061,0.01944510596375,9.29136037749559e-07,-0.822814705189573,0.00413939115880927,-2.66887314539237e-11,-2.35226975647727e-08
5248074.60249762,-3.50744503843645,1.1569501246064,0.0194451107695135,9.49193499112021e-07,-0.822758616366204,0.00421731231842505,-2.78245225476015e-11,-2.4070241616931e-08
5370317.96370242,-3.4913015422987,1.17845093893579,0.0194451157564936,9.69620086141809e-07,-0.822700412535803,0.0042959038701206,-2.90032740660838e-11,-2.46305167154898e-08
5495408.73857613,-3.47455570819438,1.20011766250364,0.0194451209295457,9.90419011320666e-07,-0.822640037032672,0.00437511857340895,-3.02261504248935e-11,-2.5203818147469e-08
5623413.25190338,-3.45719194958033,1.22193600570109,0.0194451262934846,1.01159333944817e-06,-0.822577433660915,0.00445490549046732,-3.14943081080751e-11,-2.57904480260664e-08
5754399.37337145,-3.43919486714978,1.24389062146264,0.0194451318530675,1.03314598287024e-06,-0.822512546899687,0.00453520988447445,-3.28088916321208e-11,-2.63907154493487e-08
5888436.55355577,-3.42054930978153,1.26596507944702,0.0194451376129749,1.05507969756109e-06,-0.822445322122944,0.00461597312683794,-3.41710292232514e-11,-2.70049366628646e-08
6025595.86074345,-3.4012404395114,1.28814184309397,0.0194451435777905,1.07739708018814e-06,-0.822375705833687,0.00469713261479808,-3.55818282080679e-11,-2.76334352262962e-08
6165950.0186147,-3.38125380049236,1.31040224999092,0.0194451497519799,1.10010056629611e-06,-0.822303645912592,0.00477862170097231,-3.70423701201452e-11,-2.8276542184269e-08
6309573.4448018,-3.36057539187063,1.33272649600259,0.0194451561398683,1.1231924297525e-06,-0.822229091880757,0.00486036963647443,-3.85537055279871e-11,-2.89345962414453e-08
6456542.29034642,-3.33919174446106,1.35509362363313,0.0194451627456166,1.14667478360188e-06,-0.822151995176146,0.00494230152930185,-4.0116848592923e-11,-2.96079439420282e-08
6606934.48007582,-3.31709000105784,1.37748151510372,0.0194451695731966,1.17054958248043e-06,-0.82207230944314,0.00502433831973158,-4.17327713689685e-11,-3.02969398538056e-08
6760829.75391968,-3.29425800016432,1.399866890637,0.0194451766263652,1.19481862674504e-06,-0.821989990834418,0.00510639677449757,-4.34023978604161e-11,-3.10019467568689e-08
6918309.70918922,-3.27068436287081,1.42222531244428,0.0194451839086378,1.21948356847261e-06,-0.821904998324184,0.00518838950153713,-4.51265978569258e-11,-3.17233358371411e-08
7079457.84384123,-3.24635858254993,1.4445311949097,0.0194451914232599,1.24454591948468e-06,-0.821817294031554,0.00527022498708836,-4.69061805701417e-11,-3.24614868848535e-08
7244359.60074975,-3.2212711169776,1.46675782145782,0.0194451991731794,1.27000706155037e-06,-0.82172684355269,0.00535180765689313,-4.87418881003246e-11,-3.32167884981097e-08
7413102.41300902,-3.19541348242335,1.48887736857644,0.0194452071610171,1.2958682589159e-06,-0.821633616300029,0.00543303796320635,-5.06343887661347e-11,-3.39896382916792e-08
7585775.75029168,-3.16877834918786,1.51086093744397,0.0194452153890374,1.32213067330231e-06,-0.821537585846737,0.00551381249923195,-5.25842703354542e-11,-3.47804431111627e-08
7762471.16628676,-3.14135963799897,1.53267859357984,0.0194452238591184,1.34879538150329e-06,-0.821438730274252,0.00559402414249469,-5.45920331999626e-11,-3.55896192526705e-08
7943282.34724265,-3.11315261661064,1.55429941489699,0.019445232572722,1.37586339570325e-06,-0.821337032520561,0.00567356222851443,-5.6658083540993e-11,-3.64175926881582e-08
8128305.16164082,-3.0841539958844,1.5756915484864,0.0194452415308644,1.40333568662026e-06,-0.821232480726613,0.00575231275597292,-5.8782726538915e-11,-3.72647992965592e-08
8317637.71102654,-3.05436202456942,1.59682227640521,0.0194452507340867,1.43121320956083e-06,-0.821125068578037,0.00583015862435213,-6.09661596828387e-11,-3.81316851008557e-08
8511380.38202359,-3.02377658193894,1.61765809067147,0.0194452601824264,1.45949693345225e-06,-0.821014795639132,0.00590697990477662,-6.32084662417066e-11,-3.90187065112238e-08
8709635.89956062,-2.99239926738637,1.63816477759041,0.0194452698753893,1.48818787289421e-06,-0.820901667675895,0.00598265414451041,-6.55096089617282e-11,-3.99263305743911e-08
8912509.38133727,-2.96023348603794,1.65830751144944,0.019445279811924,1.51728712324438e-06,-0.820785696964692,0.00605705670524269,-6.78694240585205e-11,-4.08550352293344e-08
9120108.3935589,-2.9272845293997,1.67805095752195,0.0194452899903957,1.5467958987226e-06,-0.820666902583015,0.00613006113494666,-7.02876155751212e-11,-4.18053095694489e-08
9332543.00796971,-2.89355965002809,1.69735938421479,0.0194453004085643,1.57671557348612e-06,-0.820545310678705,0.00620153957271633,-7.27637501791292e-11,-4.27776541113093e-08
9549925.86021416,-2.85906812919601,1.71619678408123,0.0194453110635628,1.60704772559336e-06,-0.820420954713909,0.00627136318557859,-7.5297252473496e-11,-4.37725810701429e-08
9772372.2095579,-2.82382133652191,1.73452700330202,0.0194453219518791,1.63779418373681e-06,-0.820293875680068,0.00633940263584799,-7.7887400895821e-11,-4.4790614642126e-08
9999999.99999979,-2.78783278053935,1.7523138791131,0.0194453330693404,1.66895707658766e-06,-0.820164122280237,0.00640552857714479,-8.05333242803044e-11,-4.58322912936121e-08
10232929.9228073,-2.75111814921002,1.7695213845315,0.0194453444111006,1.70053888455544e-06,-0.820031751075153,0.00646961217673815,-8.32339991546987e-11,-4.68981600573914e-08
10471285.4805088,-2.7136953394251,1.78611377960273,0.0194453559716314,1.73254249372656e-06,-0.819896826589596,0.00653152566141486,-8.59882478415936e-11,-4.79887828360795e-08
10715193.0523758,-2.67558447459902,1.80205576826619,0.0194453677447166,1.76497125170633e-06,-0.819759421375818,0.00659114288361613,-8.87947374291252e-11,-4.91047347127232e-08
10964781.9614316,-2.63680790953637,1.81731265981158,0.0194453797234505,1.79782902505129e-06,-0.81961961603109,0.00664833990414046,-9.16519796706888e-11,-5.0246604268709e-08
11220184.5430194,-2.59739022184724,1.83185053378257,0.019445391900241,1.83112025794236e-06,-0.819477499166754,0.00670299558728865,-9.45583318664543e-11,-5.14149939090541e-08
11481536.2149686,-2.55735818929782,1.84563640707536,0.0194454042668164,1.86485003171621e-06,-0.819333167326554,0.00675499220393645,-9.75119987714471e-11,-5.26105201951557e-08
11748975.549395,-2.51674075261141,1.85863840188335,0.0194454168142366,1.8990241248423e-06,-0.819186724852519,0.00680421603767209,-1.00511035565749e-10,-5.38338141850712e-08
12022644.3461739,-2.47556896337832,1.87082591305652,0.0194454295329097,1.93364907290761e-06,-0.819038283697162,0.0068505579888382,-1.03553351912047e-10,-5.50855217814e-08
12302687.7081235,-2.43387591689043,1.88216977337829,0.0194454424126122,1.96873222815115e-06,-0.818887963181309,0.00689391417108054,-1.06636717114457e-10,-5.63663040868386e-08
12589254.1179414,-2.39169666988469,1.89264241521589,0.0194454554425149,2.00428181807564e-06,-0.81873588969754,0.00693418649483715,-1.09758766380434e-10,-5.76768377674762e-08
12882495.5169311,-2.34906814335742,1.90221802697453,0.0194454686112127,2.04030700265601e-06,-0.818582196359788,0.00697128323210862,-1.12917008174788e-10,-5.90178154239085e-08
13182567.3855638,-2.3060290107951,1.91087270278237,0.0194454819067591,2.07681792966376e-06,-0.818427022600365,0.0070051195568392,-1.16108832641606e-10,-6.03899459702438e-08
13489628.8259162,-2.26261957235403,1.91858458385453,0.0194454953167051,2.11382578763227e-06,-0.818270513716328,0.00703561805531351,-1.19331521056484e-10,-6.1793955021086e-08
13803842.6460286,-2.21888161570714,1.92533399002949,0.0194455088281421,2.15134285600285e-06,-0.818112820367774,0.00706270920113818,-1.22582256258048e-10,-6.32305852865856e-08
14125375.4462272,-2.17485826445865,1.93110354004207,0.0194455224277491,2.18938255201294e-06,-0.817954098031311,0.00708633178963092,-1.25858133994681e-10,-6.47005969756593e-08
14454397.707459,-2.13059381520115,1.93587825919156,0.0194455361018425,2.22795947391725e-06,-0.817794506412585,0.00710643332678252,-1.29156175109844e-10,-6.62047682074913e-08
14791083.8816817,-2.08613356445255,1.93964567318257,0.01944554983643,2.26708944016933e-06,-0.817634208822308,0.00712297036838337,-1.32473338477678e-10,-6.77438954314412e-08
15135612.4843617,-2.04152362685843,1.942395887056,0.0194455636172665,2.30678952423491e-06,-0.817473371520811,0.00713590880541271,-1.3580653458995e-10,-6.93187938555e-08
15488166.1891245,-1.99681074617479,1.94412164828807,0.0194455774299125,2.34707808475729e-06,-0.817312163036553,0.00714522409236625,-1.39152639686116e-10,-7.09302978834528e-08
15848931.9246108,-1.95204210065486,1.94481839331246,0.0194455912597946,2.38797479085063e-06,-0.817150753464462,0.00715090141583695,-1.42508510310468e-10,-7.25792615609216e-08
16218100.9735889,-1.9072651045488,1.94448427691229,0.0194456050922661,2.42950064235581e-06,-0.816989313750257,0.00715293580135423,-1.45870998174261e-10,-7.42665590304856e-08
16595869.0743752,-1.86252720748443,1.94312018413024,0.0194456189126696,2.47167798495627e-06,-0.816828014967136,0.00715133215721471,-1.49236965196492e-10,-7.59930849960919e-08
16982436.5246171,-1.81787569352982,1.94072972455409,0.019445632706399,2.51453052011576e-06,-0.816667027591308,0.00714610525478972,-1.52603298594661e-10,-7.7759755196993e-08
17378008.2874934,-1.77335748174361,1.93731920904617,0.0194456464589608,2.55808330986534e-06,-0.816506520782898,0.00713727964555763,-1.55966925896619e-10,-7.95675068914674e-08
17782794.1003888,-1.72901892999571,1.93289760919546,0.0194456601560349,2.60236277653209e-06,-0.816346661678634,0.00712488951586581,-1.59324829746247e-10,-8.14172993506006e-08
18197008.5860994,-1.68490564379106,1.92747649997564,0.0194456737835336,2.64739669756543e-06,-0.816187614702583,0.00710897848116586,-1.6267406237944e-10,-8.33101143624248e-08
18620871.3666283,-1.64106229175305,1.92106998628817,0.0194456873276588,2.69321419567728e-06,-0.816029540900884,0.00708959932217032,-1.66011759652416e-10,-8.52469567467359e-08
19054607.179632,-1.5975324293222,1.91369461425178,0.0194457007749562,2.73984572456912e-06,-0.815872597306109,0.00706681366603776,-1.69335154511683e-10,-8.72288548809252e-08
19498445.99758,-1.55435833210346,1.90536926826673,0.0194457141123669,2.78732305057059e-06,-0.815716936336414,0.00704069161629371,-1.72641589803942e-10,-8.92568612371831e-08
19952623.1496884,-1.51158084015359,1.89611505502944,0.0194457273272755,2.83567923055971e-06,-0.81556270523412,0.00701131133572701,-1.75928530334447e-10,-9.13320529314471e-08
20417379.4466949,-1.46923921434198,1.88595517579972,0.0194457404075545,2.88494858657459e-06,-0.815410045547838,0.00697875858695681,-1.79193574093897e-10,-9.34555322844845e-08
20892961.3085399,-1.4273710057478,1.8749147883258,0.0194457533416045,2.93516667755796e-06,-0.815259092661582,0.00694312623573766,-1.82434462586223e-10,-9.56284273955129e-08
21379620.8950218,-1.38601193887671,1.86302085991194,0.0194457661183905,2.98637026870082e-06,-0.815109975373721,0.00690451372235578,-1.85649090202769e-10,-9.78518927287757e-08
21877616.2394951,-1.34519580929503,1.85030201316715,0.0194457787274733,3.03859729886849e-06,-0.814962815527897,0.00686302650666469,-1.88835512601741e-10,-1.00127109713499e-07
22387211.3856829,-1.3049543960927,1.83678836600343,0.0194457911590368,3.09188684660136e-06,-0.814817727697414,0.00681877549241552,-1.91991954065391e-10,-1.02455287357667e-07
22908676.5276772,-1.26531738940096,1.82251136745705,0.0194458034039102,3.1462790951846e-06,-0.814674818923908,0.00677187643655529,-1.95116813820867e-10,-1.04837662876065e-07
23442288.1531987,-1.22631233301067,1.8075036308883,0.0194458154535858,3.20181529727594e-06,-0.814534188510453,0.00672244934910262,-1.9820867132373e-10,-1.07275502333032e-07
23988329.1901944,-1.18796458196509,1.79179876607581,0.0194458273002319,3.25853773956811e-06,-0.814395927868658,0.00667061788906682,-2.01266290515667e-10,-1.09770101300395e-07
24547089.1568498,-1.15029727483952,1.77543121166191,0.0194458389367017,3.31648970794484e-06,-0.814260120418719,0.00661650876166273,-2.04288623079692e-10,-1.1232278553102e-07
25118864.3150952,-1.1133313202717,1.75843606932868,0.0194458503565374,3.37571545356546e-06,-0.814126841540851,0.00656025112179608,-2.07274810726939e-10,-1.14934911648478e-07
25703957.8276881,-1.07708539717315,1.74084894099243,0.0194458615539699,3.43626016028528e-06,-0.813996158576033,0.00650197598846279,-2.10224186558925e-10,-1.17607867853255e-07
26302679.9189532,-1.04157596793398,1.7227057701997,0.0194458725239148,3.49816991378628e-06,-0.813868130873618,0.00644181567432854,-2.13136275557788e-10,-1.20343074645998e-07
26915348.0392686,-1.00681730383322,1.70404268879375,0.0194458832619648,3.56149167275828e-06,-0.813742809882934,0.00637990323434346,-2.16010794264366e-10,-1.23141985568245e-07
27542287.033381,-0.97282152178369,1.68489586979898,0.0194458937643781,3.6262732424329e-06,-0.813620239285753,0.00631637193680848,-2.18847649710138e-10,-1.26006087961128e-07
28183829.3126439,-0.939598631475142,1.66530138734488,0.0194459040280639,3.69256325073423e-06,-0.813500455166254,0.00625135475985642,-2.21646937673888e-10,-1.28936903742489e-07
28840315.0312654,-0.907156591931398,1.64529508432299,0.0194459140505649,3.76041112727077e-06,-0.813383486214926,0.006184983915849,-2.24408940337577e-10,-1.31935990202898e-07
29512092.2666632,-0.875501376466199,1.62491244834295,0.0194459238300374,3.82986708535399e-06,-0.813269353962743,0.00611739040573113,-2.27134123418327e-10,-1.3500494082103e-07
30199517.2040195,-0.844637045007026,1.60418849642804,0.0194459333652287,3.90098210719033e-06,-0.813158073041915,0.00604870360493152,-2.29823132854681e-10,-1.3814538609888e-07
30902954.3251352,-0.814565822755743,1.58315766876964,0.019445942655453,3.97380793235648e-06,-0.813049651469477,0.00597905088196233,-2.32476791125531e-10,-1.41358994417265e-07
31622776.6016831,-0.785288184167765,1.56185373174505,0.0194459517005655,4.0483970496322e-06,-0.812944090950054,0.00590855725045482,-2.35096093279376e-10,-1.44647472912115e-07
32359365.6929621,-0.756802941256389,1.5403096902942,0.0194459605009349,4.12480269223188e-06,-0.812841387194224,0.00583734505497793,-2.37682202749945e-10,-1.48012568372006e-07
33113112.1482584,-0.729107335264254,1.51855770965167,0.0194459690574153,4.20307883644552e-06,-0.812741530249015,0.00576553369062607,-2.40236447031917e-10,-1.51456068157418e-07
33884415.6139195,-0.702197130788171,1.4966290463386,0.0194459773713169,4.28328020367168e-06,-0.812644504837248,0.00569323935603437,-2.42760313287466e-10,-1.54979801142209e-07
34673685.0452524,-0.676066711495152,1.47455398823796,0.0194459854443769,4.36546226580044e-06,-0.812550290702617,0.00562057483918517,-2.45255443950882e-10,-1.58585638677788e-07
35481338.9233568,-0.650709176624759,1.45236180350451,0.019445993278729,4.44968125388196e-06,-0.812458862957606,0.00554764933511065,-2.47723632394633e-10,-1.62275495580484e-07
36307805.4770093,-0.626116437534656,1.43008069799917,0.0194460008768742,4.53599416999798e-06,-0.812370192431555,0.0054745682943731,-2.50166818716002e-10,-1.66051331142615e-07
37153522.9097164,-0.602279313610755,1.40773778088456,0.0194460082416508,4.62445880223718e-06,-0.81228424601644,0.00540143330101564,-2.52587085699083e-10,-1.69915150167764e-07
38018939.6320553,-0.579187626929694,1.38535903797648,0.0194460153762053,4.71513374266288e-06,-0.812200987008147,0.00532834197852184,-2.5498665500238e-10,-1.7386900403079e-07
38904514.4994272,-0.556830295128079,1.36296931241159,0.0194460222839639,4.80807840815105e-06,-0.812120375441293,0.00525538792220097,-2.57367883617741e-10,-1.77914991763101e-07
39810717.0553488,-0.535195421999258,1.34059229216653,0.0194460289686041,4.90335306396934e-06,-0.812042368415835,0.0051826606563242,-2.59733260641885e-10,-1.82055261163735e-07
40738027.7804104,-0.514270385403217,1.31825050394653,0.0194460354340279,5.00101884996276e-06,-0.811966920414006,0.00511024561427465,-2.62085404397405e-10,-1.86292009936791e-07
41686938.3470326,-0.494041922137922,1.29596531295101,0.0194460416843353,5.10113780920874e-06,-0.811893983606287,0.00503822413993747,-2.64427059935951e-10,-1.90627486855804e-07
42657951.8801583,-0.474496209480384,1.27375692802041,0.0194460477237995,5.20377291900373e-06,-0.811823508145373,0.00496667350854344,-2.66761096952317e-10,-1.95063992955618e-07
43651583.2240156,-0.455618943162435,1.25164441167049,0.0194460535568425,5.30898812404431e-06,-0.811755442447285,0.00489566696518712,-2.69090508134415e-10,-1.99603882752367e-07
44668359.2150953,-0.437395411599219,1.22964569452785,0.0194460591880122,5.41684837166859e-06,-0.811689733458967,0.00482527377926765,-2.714184079707e-10,-2.04249565492173e-07
45708818.9614865,-0.419810566237603,1.2077775936919,0.019446064621961,5.52741964902754e-06,-0.811626326911897,0.00475555931314165,-2.73748032033436e-10,-2.09003506429193e-07
46773514.1287188,-0.402849087936749,1.186055834564,0.0194460698634248,5.6407690220611e-06,-0.811565167561387,0.00468658510333388,-2.7608273675337e-10,-2.13868228133649e-07
47863009.2322628,-0.386495449334044,1.16449507570285,0.019446074917204,5.75696467615995e-06,-0.811506199411412,0.00461840895271719,-2.78425999698877e-10,-2.18846311830508e-07
48977881.9368435,-0.370733973186318,1.14310893628616,0.0194460797881458,5.87607595840068e-06,-0.811449365924921,0.00455108503214872,-2.80781420370415e-10,-2.2394039876949e-07
50118723.3627261,-0.355548886708961,1.12191002578113,0.0194460844811266,5.99817342124943e-06,-0.811394610219724,0.00448466399013107,-2.83152721519283e-10,-2.291531916271e-07
51286138.3991353,-0.340924371964212,1.10090997545042,0.0194460890010374,6.12332886763709e-06,-0.811341875250127,0.00441919306915363,-2.85543750998086e-10,-2.34487455941403e-07
52480746.0249761,-0.326844612374731,1.08011947134515,0.0194460933527687,6.25161539731708e-06,-0.811291103974601,0.0043547162274595,-2.87958484149049e-10,-2.39946021580263e-07
53703179.6370241,-0.313293835459759,1.05954828846193,0.0194460975411979,6.3831074544251e-06,-0.811242239509828,0.00429127426507438,-2.90401026735351e-10,-2.4553178424382e-07
54954087.3857612,-0.300256351908962,1.03920532576611,0.0194461015711765,6.51788087616854e-06,-0.811195225271539,0.00422890495302591,-2.9287561841993e-10,-2.51247707001966e-07
56234132.5190336,-0.287716591123628,1.01909864180899,0.01944610544752,6.65601294258145e-06,-0.811150005102618,0.00416764316477301,-2.95386636795755e-10,-2.57096821867608e-07
57543993.7337144,-0.275659133366567,0.999235490691335,0.0194461091749972,6.79758242728915e-06,-0.811106523388975,0.00410752100895394,-2.97938601971379e-10,-2.63082231406555e-07
58884365.5355576,-0.264068738670997,0.979622358149578,0.0194461127583219,6.94266964923446e-06,-0.811064725163732,0.00404856796264863,-3.00536181715552e-10,-2.69207110384842e-07
60255958.6074344,-0.252930372665264,0.960264997564392,0.0194461162021446,7.09135652532504e-06,-0.811024556200284,0.00399081100443463,-3.03184197164946e-10,-2.75474707454358e-07
61659500.1861468,-0.242229229474599,0.941168465713394,0.0194461195110453,7.24372662396907e-06,-0.810985963094829,0.0039342747465958,-3.05887629099397e-10,-2.81888346877663e-07
63095734.4480179,-0.231950751863525,0.922337158110834,0.0194461226895278,7.39986521947295e-06,-0.810948893338939,0.00387898156591893,-3.08651624789702e-10,-2.88451430292886e-07
64565422.9034641,-0.222080648783239,0.90377484379697,0.0194461257420138,7.55985934728183e-06,-0.810913295382771,0.00382495173258498,-3.11481505423716e-10,-2.95167438519631e-07
66069344.8007581,-0.212604910487543,0.885484699458391,0.0194461286728384,7.72379786004989e-06,-0.81087911868952,0.0037722035367289,-3.14382774117389e-10,-3.02039933406842e-07
67608297.5391967,-0.203509821378822,0.867469342777935,0.0194461314862463,7.89177148453311e-06,-0.810846313781671,0.00372075341230413,-3.17361124518403e-10,-3.09072559723601e-07
69183097.0918921,-0.194781970742468,0.849730864928811,0.0194461341863884,8.06387287930295e-06,-0.810814832279649,0.0036706160579462,-3.20422450011205e-10,-3.16269047093836e-07
70794578.4384122,-0.186408261524084,0.832270862142355,0.0194461367773189,8.24019669328431e-06,-0.810784626933402,0.00362180455458275,-3.23572853533468e-10,-3.23633211975984e-07
72443596.0074974,-0.17837591729906,0.815090466292353,0.0194461392629935,8.42083962512616e-06,-0.810755651647463,0.00357433047958624,-3.26818658015354e-10,-3.31168959688636e-07
74131024.1300901,-0.170672487578691,0.79819037445114,0.0194461416472676,8.60590048341728e-06,-0.810727861500018,0.00352820401731002,-3.30166417454409e-10,-3.38880286483232e-07
75857757.5029167,-0.163285851591232,0.781570877383858,0.0194461439338953,8.79548024776402e-06,-0.810701212756466,0.00348343406588859,-3.33622928640387e-10,-3.46771281664918e-07
77624711.6628674,-0.156204220670061,0.765231886957265,0.0194461461265283,8.9896821307503e-06,-0.810675662877957,0.00344002834021906,-3.3719524354594e-10,-3.54846129762664e-07
79432823.4724264,-0.149416139374733,0.749172962448427,0.019446148228716,9.18861164080385e-06,-0.810651170525358,0.00339799347107327,-3.40890682400744e-10,-3.63109112749814e-07
81283051.6164081,-0.142910485464142,0.733393335746634,0.0194461502439055,9.39237664599559e-06,-0.810627695559076,0.00335733510031862,-3.44716847468363e-10,-3.71564612316222e-07
83176377.1102652,-0.136676468834374,0.717891935448872,0.0194461521754415,9.60108743880185e-06,-0.810605199035142,0.00331805797225129,-3.48681637546955e-10,-3.80217112193198e-07
85113803.8202357,-0.130703629527228,0.702667409855366,0.0194461540265676,9.81485680186209e-06,-0.810583643197951,0.00328016602106759,-3.52793263216779e-10,-3.89071200532476e-07
87096358.9956061,-0.124981834908812,0.687718148877048,0.0194461558004266,1.00338000747666e-05,-0.810562991469989,0.00324366245451867,-3.57060262859348e-10,-3.98131572340484e-07
89125093.8133725,-0.119501276111157,0.673042304871437,0.0194461575000621,1.02580352219112e-05,-0.810543208438912,0.00320854983381045,-3.61491519475106e-10,-4.07403031969192e-07
91201083.9355889,-0.114252463823529,0.658637812427305,0.0194461591284194,1.0487682901458e-05,-0.810524259842271,0.00317483014982482,-3.66096278328469e-10,-4.16890495664866e-07
93325430.079697,-0.109226223513979,0.644502407121853,0.0194461606883473,1.07228665354425e-05,-0.810506112550178,0.00314250489575012,-3.70884165451242e-10,-4.26598994176081e-07
95499258.6021414,-0.104413690155757,0.63063364327681,0.0194461621825999,1.09637123810695e-05,-0.810488734546182,0.00311157513621898,-3.75865207037509e-10,-4.36533675422374e-07
97723722.0955788,-0.0998063025275966,0.617028910742145,0.0194461636138378,1.12103496032417e-05,-0.810472094906603,0.00308204157305938,-3.81049849765381e-10,-4.46699807224949e-07
99999999.9999977,-0.0953957971513834,0.603685450737796,0.0194461649846307,1.14629103483657e-05,-0.810456163778557,0.00305390460777169,-3.86448982083241e-10,-4.57102780100893e-07
102329299.228073,-0.0911742019256116,0.590600370785209,0.0194461662974589,1.17215298194824e-05,-0.810440912356871,0.00302716440084878,-3.92073956500489e-10,-4.67748110122378e-07
104712854.805088,-0.08713382950809,0.577770658761453,0.0194461675547156,1.19863463527682e-05,-0.810426312860096,0.00300182092806054,-3.97936612925254e-10,-4.78641441842365e-07
107151930.523758,-0.0832672704967336,0.56519319610933,0.0194461687587091,1.22575014954575e-05,-0.810412338505778,0.00297787403382609,-4.04049303094027e-10,-4.89788551288374e-07
109647819.614316,-0.0795673864529014,0.552864770237295,0.0194461699116647,1.25351400852332e-05,-0.810398963485163,0.00295532348179872,-4.10424916140786e-10,-5.01195349025891e-07
112201845.430194,-0.0760273028076266,0.54078208614309,0.0194461710157275,1.28194103311392e-05,-0.810386162937468,0.00293416900278887,-4.17076905355868e-10,-5.12867883293055e-07
114815362.149686,-0.0726404016872335,0.528941777294939,0.0194461720729639,1.31104638960633e-05,-0.810373912923852,0.00291441034015045,-4.24019316187629e-10,-5.24812343208276e-07
117489755.49395,-0.069400314691235,0.51734041580384,0.0194461730853645,1.34084559808449e-05,-0.810362190401213,0.00289604729275452,-4.31266815542811e-10,-5.37035062052494e-07
120226443.461738,-0.0663009156520485,0.505974521920071,0.0194461740548462,1.37135454100591e-05,-0.810350973195908,0.00287907975567322,-4.38834722444536e-10,-5.49542520627815e-07
123026877.081235,-0.0633363134029472,0.494840572886415,0.0194461749832543,1.40258947195326e-05,-0.810340239977497,0.00286350775869445,-4.46739040109922e-10,-5.62341350694307e-07
125892541.179414,-0.0605008445777702,0.483935011179957,0.0194461758723651,1.43456702456452e-05,-0.810329970232588,0.00284933150278573,-4.54996489512582e-10,-5.75438338486784e-07
128824955.16931,-0.0577890664632405,0.473254252173494,0.0194461767238879,1.46730422164729e-05,-0.810320144238869,0.00283655139462257,-4.63624544498556e-10,-5.88840428313439e-07
131825673.855638,-0.0551957499222661,0.462794691246731,0.0194461775394674,1.50081848448287e-05,-0.810310743039383,0.002825168079294,-4.72641468527762e-10,-6.02554726238237e-07
134896288.259162,-0.0527158724043295,0.452552710376543,0.0194461783206857,1.53512764232588e-05,-0.810301748417104,0.00281518247129443,-4.82066353116639e-10,-6.16588503849014e-07
138038426.460285,-0.0503446110569762,0.442524684234581,0.0194461790690649,1.57024994210516e-05,-0.810293142869876,0.00280659578390756,-4.9191915806144e-10,-6.30949202113297e-07
141253754.462272,-0.0480773359505062,0.432706985819526,0.0194461797860688,1.6062040583319e-05,-0.810284909585739,0.00279940955708496,-5.02220753525551e-10,-6.45644435323872e-07
144543977.074589,-0.0459096034262129,0.423095991650249,0.0194461804731055,1.64300910322091e-05,-0.810277032418698,0.00279362568391767,-5.1299296407834e-10,-6.60681995136204e-07
147910838.816817,-0.043837149576927,0.41368808654512,0.0194461811315289,1.68068463703118e-05,-0.810269495864948,0.00278924643579616,-5.24258614777265e-10,-6.76069854699846e-07
151356124.843617,-0.0418558838671631,0.404479668011636,0.0194461817626413,1.71925067863174e-05,-0.810262285039599,0.00278627448634995,-5.36041579389475e-10,-6.91816172886022e-07
154881661.891244,-0.0399618828988538,0.395467150269546,0.0194461823676953,1.75872771629922e-05,-0.810255385653909,0.00278471293425457,-5.48366830853754e-10,-7.07929298613645e-07
158489319.246108,-0.0381513843274609,0.386646967929548,0.0194461829478953,1.79913671875336e-05,-0.810248783993041,0.00278456532499018,-5.61260494088546e-10,-7.24417775276031e-07
162181009.735889,-0.0364207809321776,0.378015579348711,0.0194461835044,1.84049914643689e-05,-0.810242466894368,0.00278583567163228,-5.74749901256852e-10,-7.41290345270688e-07
165958690.743752,-0.0347666148429655,0.369569469682675,0.0194461840383242,1.8828369630465e-05,-0.810236421726328,0.00278852847475153,-5.88863649604122e-10,-7.58555954634563e-07
169824365.24617,-0.0331855719263021,0.361305153653779,0.0194461845507401,1.92617264732124e-05,-0.810230636367829,0.00279264874149654,-6.03631661990757e-10,-7.76223757787207e-07
173780082.874933,-0.031674476330736,0.353219178053278,0.0194461850426798,1.97052920509547e-05,-0.81022509918822,0.00279820200392973,-6.19085250246707e-10,-7.94303122384374e-07
177827941.003888,-0.0302302851926535,0.345308123994892,0.0194461855151366,2.01593018162297e-05,-0.810219799027821,0.00280519433668344,-6.35257181481625e-10,-8.12803634284627e-07
181970085.860994,-0.0288500835020464,0.337568608936026,0.0194461859690669,2.06239967417937e-05,-0.810214725179012,0.00281363237400031,-6.52181747490444e-10,-8.31735102631575e-07
186208713.666282,-0.0275310791275271,0.329997288482145,0.0194461864053916,2.10996234494992e-05,-0.810209867367873,0.00282352332621875,-6.69894837400827e-10,-8.51107565054446e-07
190546071.79632,-0.0262705979993567,0.322590857988939,0.019446186824998,2.15864343421e-05,-0.810205215736381,0.00283487499576164,-6.88434013715891e-10,-8.70931292989744e-07
194984459.9758,-0.025066079448836,0.315346053976108,0.0194461872287413,2.20846877380554e-05,-0.810200760825147,0.00284769579268359,-7.07838591912861e-10,-8.91216797126808e-07
199526231.496883,-0.0239150717020443,0.308259655365839,0.019446187617446,2.25946480094114e-05,-0.810196493556682,0.00286199474982918,-7.28149723765892e-10,-9.11974832980163e-07
204173794.466948,-0.0228152275255962,0.301328484558278,0.0194461879919074,2.31165857228333e-05,-0.810192405219201,0.00287778153765246,-7.49410484569241e-10,-9.3321640659161e-07
208929613.085399,-0.0217643000218173,0.294549408355624,0.0194461883528933,2.36507777838691e-05,-0.810188487450929,0.00289506647874519,-7.71665964445298e-10,-9.54952780365079e-07
213796208.950218,-0.020760138570515,0.287919338745767,0.0194461887011452,2.41975075845236e-05,-0.810184732224918,0.00291386056211924,-7.94963363930658e-10,-9.77195479037332e-07
218776162.39495,-0.0198006849143237,0.281435233555764,0.0194461890373795,2.47570651542233e-05,-0.810181131834356,0.00293417545728626,-8.1935209404255e-10,-9.99956295787681e-07
223872113.856829,-0.0188839693844521,0.275094096984821,0.0194461893622892,2.53297473142563e-05,-0.81017767887835,0.00295602352817563,-8.44883881037461e-10,-1.02324729848996e-06
229086765.276772,-0.0180081072635286,0.268892980025875,0.0194461896765451,2.59158578357716e-05,-0.810174366248177,0.00297941784692993,-8.71612876083762e-10,-1.04708083611002e-06
234422881.531987,-0.0171712952821448,0.26282898078429,0.0194461899807969,2.65157076014226e-05,-0.81017118711399,0.00300437220761495,-8.99595770080599e-10,-1.07146954525226e-06
239883291.901943,-0.0163718082456155,0.256899244701694,0.0194461902756745,2.71296147707457e-05,-0.81016813491196,0.00303090113987992,-9.28891913866269e-10,-1.09642635685845e-06
245470891.568497,-0.0156079957874268,0.251100964692437,0.0194461905617894,2.7757904949361e-05,-0.810165203331839,0.00305901992260162,-9.59563444070691e-10,-1.12196450306259e-06
251188643.150952,-0.0148782792458013,0.245431381199711,0.0194461908397357,2.84009113620894e-05,-0.810162386304936,0.00308874459754477,-9.91675414878647e-10,-1.14809752420536e-06
257039578.27688,-0.0141811486597995,0.239887782177906,0.0194461911100912,2.90589750300785e-05,-0.810159677992488,0.00312009198306944,-1.02529593598295e-09,-1.1748392760118e-06
263026799.189532,-0.0135151598813669,0.234467503007365,0.0194461913734187,2.97324449520329e-05,-0.810157072774412,0.00315307968791494,-1.06049631701988e-09,-1.20220393693619e-06
269153480.392685,-0.012878931799754,0.229167926347274,0.019446191630267,3.04216782896488e-05,-0.810154565238416,0.00318772612508841,-1.09735121879297e-09,-1.23020601567778e-06
275422870.33381,-0.0122711436747541,0.223986481932093,0.019446191881172,3.11270405573499e-05,-0.810152150169472,0.00322405052588496,-1.13593881160563e-09,-1.25886035887162e-06
281838293.126438,-0.0116905325752403,0.218920646316525,0.0194461921266579,3.18489058164291e-05,-0.810149822539619,0.00326207295406542,-1.1763409410382e-09,-1.28818215895832e-06
288403150.312653,-0.0111358909195239,0.213967942573706,0.0194461923672379,3.25876568736999e-05,-0.810147577498081,0.0033018143202163,-1.21864330152071e-09,-1.31818696223703e-06
295120922.666631,-0.0106060641141057,0.20912593995101,0.0194461926034155,3.33436854847635e-05,-0.810145410361713,0.00334329639631608,-1.26293561806939e-09,-1.34889067710585e-06
301995172.040194,-0.0100999482874502,0.204392253487502,0.0194461928356856,3.41173925620013e-05,-0.810143316605712,0.00338654183053061,-1.30931183657204e-09,-1.38030958249412e-06
309029543.251351,-0.00961648811547234,0.199764543596859,0.0194461930645352,3.49091883874042e-05,-0.810141291854634,0.00343157416225984,-1.3578703230256e-09,-1.41246033649087e-06
316227766.01683,-0.00915467473549425,0.195240515619269,0.0194461932904446,3.57194928303527e-05,-0.810139331873654,0.00347841783745735,-1.40871407214832e-09,-1.44535998517419e-06
323593656.92962,-0.00871354374550071,0.190817919345587,0.0194461935138883,3.65487355704645e-05,-0.81013743256009,0.00352709822424337,-1.4619509258086e-09,-1.47902597164601e-06
331131121.482583,-0.00829217328559421,0.186494548516807,0.019446193735336,3.7397356325628e-05,-0.810135589935158,0.00357764162883128,-1.51769380173368e-09,-1.51347614527722e-06
338844156.139194,-0.00788968219862789,0.182268240301658,0.0194461939552535,3.82658050853449e-05,-0.810133800135949,0.00363007531178719,-1.57606093298279e-09,-1.5487287711679e-06
346736850.452523,-0.00750522826707226,0.178136874754968,0.0194461941741036,3.9154542349505e-05,-0.810132059407622,0.00368442750464155,-1.63717611869253e-09,-1.58480253982773e-06
354813389.233567,-0.00713800652325103,0.174098374259215,0.0194461943923474,4.0064039372722e-05,-0.810130364095782,0.00374072742687127,-1.70116898662592e-09,-1.62171657708165e-06
363078054.770092,-0.00678724763016194,0.170150702951526,0.0194461946104448,4.09947784143597e-05,-0.810128710639053,0.00379900530327039,-1.76817526808154e-09,-1.659490454206e-06
371535229.097163,-0.00645221633017899,0.166291866138201,0.0194461948288558,4.1947252994382e-05,-0.81012709556181,0.00385929238172711,-1.83833708574571e-09,-1.69814419830056e-06
380189396.320552,-0.00613220995901403,0.162519909698693,0.0194461950480411,4.29219681551639e-05,-0.810125515467075,0.00392162095142436,-1.91180325509757e-09,-1.73769830290187e-06
389045144.994271,-0.00582655702239568,0.158832919480832,0.0194461952684634,4.39194407294013e-05,-0.810123967029554,0.0039860243614811,-1.98872960000609e-09,-1.77817373884348e-06
398107170.553487,-0.00553461583300462,0.15522902068892,0.0194461954905882,4.49401996142643e-05,-0.810122446988803,0.00405253704005112,-2.06927928318783e-09,-1.8195919653689e-06
407380277.804102,-0.00525577320528352,0.151706377266219,0.0194461957148847,4.59847860519378e-05,-0.810120952142513,0.00412119451389588,-2.1536231522259e-09,-1.86197494150301e-06
416869383.470325,-0.00498944320581849,0.148263191273233,0.0194461959418271,4.70537539167004e-05,-0.810119479339908,0.00419203342844784,-2.24194010188342e-09,-1.90534513768806e-06
426579518.801582,-0.00473506595706687,0.144897702263054,0.0194461961718951,4.81476700086937e-05,-0.810118025475223,0.00426509156838047,-2.33441745347936e-09,-1.94972554769024e-06
436515832.240155,-0.00449210649228214,0.141608186654949,0.0194461964055754,4.92671143545371e-05,-0.810116587481274,0.00434040787870114,-2.43125135213072e-09,-1.9951397007833e-06
446683592.150952,-0.00426005365956195,0.13839295710728,0.0194461966433622,5.041268051495e-05,-0.810115162323093,0.00441802248638286,-2.532647182703e-09,-2.04161167421539e-06
457088189.614864,-0.00403841907301839,0.135250361890731,0.0194461968857587,5.15849758995433e-05,-0.810113746991615,0.00449797672255096,-2.63882000535023e-09,-2.0891661059659e-06
467735141.287186,-0.00382673610914188,0.132178784262755,0.0194461971332781,5.27846220889479e-05,-0.810112338497416,0.00458031314524047,-2.7499950115676e-09,-2.137828207799e-06
478630092.322626,-0.00362455894649969,0.129176641844055,0.0194461973864444,5.40122551644517e-05,-0.810110933864478,0.00466507556274045,-2.86640800172296e-09,-2.18762377862053e-06
489778819.368434,-0.0034314616469791,0.126242385997863,0.0194461976457936,5.52685260453191e-05,-0.810109530123973,0.00475230905754095,-2.98830588507911e-09,-2.23857921814562e-06
501187233.62726,-0.00324703727685144,0.123374501212694,0.0194461979118751,5.65541008339743e-05,-0.810108124308057,0.00484206001089878,-3.11594720336605e-09,-2.29072154088393e-06
512861383.991352,-0.00307089706599842,0.12057150448918,0.0194461981852524,5.78696611692287e-05,-0.810106713443657,0.00493437612803817,-3.24960267901279e-09,-2.34407839045005e-06
524807460.249759,-0.00290266960370494,0.117831944731568,0.0194461984665048,5.92159045877426e-05,-0.810105294546235,0.00502930646400246,-3.38955578919977e-09,-2.39867805420646e-06
537031796.370239,-0.00274200006948411,0.115154402144373,0.0194461987562282,6.05935448939116e-05,-0.81010386461353,0.00512690145017312,-3.53610336694829e-09,-2.45454947824691e-06
549540873.85761,-0.00258854949745929,0.11253748763463,0.0194461990550365,6.20033125383744e-05,-0.810102420619254,0.00522721292147253,-3.68955623051996e-09,-2.51172228272787e-06
562341325.190335,-0.00244199407288565,0.109979842220171,0.019446199363563,6.3445955005343e-05,-0.810100959506725,0.00533029414426711,-3.85023984245949e-09,-2.57022677755637e-06
575439937.337142,-0.0023020244594494,0.107480136444279,0.0194461996824618,6.49222372089601e-05,-0.810099478182438,0.00543619984498752,-4.01849499967651e-09,-2.63009397844213e-06
588843655.355574,-0.00216834515603697,0.105037069797032,0.0194462000124086,6.64329418988961e-05,-0.810097973509553,0.00554498623948285,-4.19467855602806e-09,-2.69135562332282e-06
602559586.074342,-0.00204067388171803,0.102649370143643,0.0194462003541031,6.79788700753974e-05,-0.810096442301287,0.00565671106312593,-4.37916417893186e-09,-2.75404418917064e-06
616595001.861466,-0.00191874098773734,0.100315793160017,0.0194462007082695,6.95608414140097e-05,-0.81009488131419,0.00577143360168723,-4.5723431416125e-09,-2.81819290918932e-06
630957344.480177,-0.00180228889535829,0.0980351217757635,0.0194462010756588,7.11796947001996e-05,-0.810093287241306,0.00588921472299463,-4.77462515265806e-09,-2.88383579041047e-06
645654229.034639,-0.00169107155844856,0.0958061656248415,0.01944620145705,7.28362882741052e-05,-0.810091656705195,0.00601011690939734,-4.98643922464348e-09,-2.95100763169847e-06
660693448.007579,-0.00158485394974311,0.0936277605039972,0.0194462018532516,7.45315004856521e-05,-0.8100899862508,0.00613420429105158,-5.20823458365952e-09,-3.01974404217325e-06
676082975.391964,-0.00148341156976376,0.0914987678391274,0.0194462022651039,7.62662301602762e-05,-0.810088272338143,0.00626154268004682,-5.44048162167263e-09,-3.09008146006084e-06
691830970.918918,-0.00138652997741623,0.0894180741596808,0.0194462026934801,7.80413970754998e-05,-0.810086511334854,0.00639219960539094,-5.68367289373152e-09,-3.1620571719812e-06
707945784.38412,-0.00129400434132647,0.087384590581184,0.0194462031392887,7.98579424486135e-05,-0.810084699508485,0.00652624434887347,-5.93832416213079e-09,-3.23570933268373e-06
724435960.074971,-0.00120563901101664,0.0853972522959618,0.019446203603475,8.1716829435724e-05,-0.810082833018616,0.00666374798182599,-6.20497548974141e-09,-3.31107698524052e-06
741310241.300898,-0.00112124710705901,0.0834550180721025,0.0194462040870234,8.36190436424303e-05,-0.810080907908741,0.00680478340279957,-6.48419238482134e-09,-3.38820008170803e-06
758577575.029164,-0.00104065012938175,0.0815568697607006,0.0194462045909594,8.55655936464007e-05,-0.810078920097886,0.00694942537617885,-6.77656699972834e-09,-3.46711950426782e-06
776247116.628671,-0.000963677582935713,0.0797018118113978,0.0194462051163516,8.75575115321266e-05,-0.810076865371982,0.00709775057175334,-7.08271938607085e-09,-3.54787708685748e-06
794328234.724261,-0.000890166619964167,0.0778888707962238,0.0194462056643144,8.95958534381379e-05,-0.810074739374942,0.00724983760526643,-7.40329880895175e-09,-3.63051563730294e-06
812830516.164078,-0.000819961698149892,0.0761170949417308,0.0194462062360099,9.16817001169682e-05,-0.810072537599443,0.00740576707996308,-7.73898512308438e-09,-3.71507895996369e-06
831763771.102649,-0.000752914253944614,0.0743855536694003,0.0194462068326504,9.38161575081684e-05,-0.81007025537738,0.00756562162915769,-8.09049021369085e-09,-3.80161187890256e-06
851138038.202354,-0.000688882390415399,0.0726933371442917,0.0194462074555014,9.60003573246714e-05,-0.810067887869989,0.00772948595984378,-8.45855950522908e-09,-3.89016026159229e-06
870963589.956058,-0.000627730578970954,0.0710395558318923,0.0194462081058838,9.82354576528192e-05,-0.810065430057593,0.00789744689736775,-8.84397354113781e-09,-3.98077104317099e-06
891250938.133722,-0.000569329374358083,0.0694233400631192,0.019446208785177,0.00010052264356637,-0.81006287672898,0.00806959343118913,-9.24754963793879e-09,-4.07349225125913e-06
912010839.355886,-0.000513555142344635,0.0678438396074159,0.0194462094948217,0.000102863127754813,-0.810060222470365,0.00824601676175037,-9.67014361719143e-09,-4.1683730313508e-06
933254300.796966,-0.000460289799530399,0.0663002232538794,0.0194462102363229,0.000105258151166316,-0.810057461653923,0.00842681034847942,-1.01126516189596e-08,-4.26546367279259e-06
954992586.021411,-0.000409420564751418,0.0647916784003463,0.0194462110112533,0.000107708983665661,-0.810054588425874,0.00861206995894905,-1.05760120006212e-08,-4.3648156353631e-06
977237220.955785,-0.000360839721566303,0.063317410650362,0.0194462118212564,0.000110216924707501,-0.810051596694081,0.0088018937192168,-1.10612073250314e-08,-4.4664815764672e-06
999999999.999973,-0.000314444391335188,0.0618766434179507,0.0194462126680501,0.000112783304025307,-0.810048480115154,0.00899638216537041,-1.15692664422374e-08,-4.57051537895865e-06
1023292992.28073,-0.000270136316423225,0.0604686175400991,0.0194462135534303,0.000115409482336356,-0.810045232081009,0.00919563829630372,-1.21012666691403e-08,-4.67697217960566e-06
1047128548.05087,-0.000227821653080783,0.0590925908968649,0.0194462144792748,0.000118096852063158,-0.810041845704881,0.00939976762774838,-1.26583360717037e-08,-4.78590839821378e-06
1071519305.23758,-0.000187410773572028,0.0577478380390144,0.0194462154475473,0.000120846838071671,-0.81003831380673,0.00960887824758734,-1.32416558545265e-08,-4.89738176742118e-06
1096478196.14316,-0.000148818077142176,0.056433649823093,0.0194462164603012,0.000123660898426727,-0.810034628898046,0.00982308087247642,-1.38524628628203e-08,-5.01145136318144e-06
1122018454.30193,-0.000111961809431602,0.0551493330538277,0.0194462175196844,0.000126540525165048,-0.810030783165985,0.0100424889058007,-1.44920522020691e-08,-5.12817763594948e-06
1148153621.49685,-7.67638899621083e-05,0.0538942101337607,0.0194462186279438,0.000129487245086268,-0.810026768456827,0.0102672184969929,-1.51617799808945e-08,-5.24762244258645e-06
1174897554.9395,-4.31497473370083e-05,0.0526676187200081,0.0194462197874297,0.000132502620562389,-0.81002257625871,0.0104973886022413,-1.58630661829099e-08,-5.36984907899984e-06
1202264434.61738,-1.10481618124295e-05,0.0514689113880398,0.0194462210006013,0.000135588250366081,-0.810018197683612,0.0107331210466154,-1.65973976736145e-08,-5.49492231353539e-06
1230268770.81235,1.96088850877823e-05,0.0502974553023719,0.0194462222700314,0.000138745770518282,-0.81001362344853,0.0109745405876372,-1.73663313486631e-08,-5.6229084211376e-06
1258925411.79413,4.88863542267617e-05,0.0491526318940637,0.0194462235984122,0.000141976855155538,-0.810008843855828,0.0112217749803278,-1.81714974301415e-08,-5.75387521829624e-06
1288249551.6931,7.68462860783733e-05,0.0480338365449111,0.019446224988561,0.000145283217417547,-0.810003848772712,0.011474955043758,-1.90146029177885e-08,-5.88789209879629e-06
1318256738.55637,0.000103547931806278,0.0469404782782255,0.0194462264434259,0.000148666610355372,-0.809998627609781,0.0117342147291322,-1.98974352024271e-08,-6.02503007028947e-06
1348962882.59162,0.000129047878471971,0.0458719794560889,0.0194462279660924,0.000152128827860805,-0.809993169298612,0.0119996911894368,-2.08218658492084e-08,-6.16536179170557e-06
1380384264.60285,0.000153400168633373,0.0448277754829756,0.0194462295597896,0.000155671705617386,-0.809987462268342,0.0122715248506816,-2.17898545586232e-08,-6.30896161152223e-06
1412537544.62272,0.000176656414584029,0.0438073145156295,0.0194462312278972,0.000159297122073557,-0.809981494421179,0.0125498594847676,-2.28034533136101e-08,-6.45590560691248e-06
1445439770.74589,0.000198865907471883,0.0428100571790867,0.019446232973953,0.00016300699943849,-0.809975253106808,0.012834842284009,-2.38648107214724e-08,-6.60627162378922e-06
1479108388.16817,0.000220075721526073,0.0418354762887363,0.0194462348016596,0.0001668033047011,-0.809968725095626,0.013126623937344,-2.49761765597263e-08,-6.76013931776665e-06
1513561248.43617,0.000240330813610045,0.0408830565783067,0.019446236714893,0.000170688050672796,-0.809961896550758,0.0134253587082634,-2.61399065354209e-08,-6.91759019605883e-06
1548816618.91244,0.000259674118309639,0.039952294433672,0.0194462387177105,0.000174663297054505,-0.809954752998795,0.0137312045144911,-2.735846726792e-08,-7.07870766033601e-06
1584893192.46107,0.000278146638755529,0.039042697632369,0.0194462408143594,0.000178731151528549,-0.809947279299178,0.0140443230094471,-2.86344415055945e-08,-7.24357705055965e-06
1621810097.35889,0.00029578753337057,0.0381537850887186,0.0194462430092858,0.00018289377087595,-0.809939459612192,0.014364879665526,-2.99705335873607e-08,-7.41228568981764e-06
1659586907.43752,0.00031263419872415,0.0372850866044447,0.0194462453071441,0.00018715336211975,-0.809931277365472,0.0146930438592245,-3.13695751605073e-08,-7.58492293018155e-06
1698243652.4617,0.000328722348667526,0.0364361426246868,0.019446247712807,0.000191512183694944,-0.809922715218975,0.0150289889581482,-3.28345311667834e-08,-7.76158019960791e-06
1737800828.74933,0.000344086089916423,0.0356065039993005,0.0194462502313759,0.000195972546645673,-0.80991375502833,0.0153728924099337,-3.43685061092717e-08,-7.94235104990646e-06
1778279410.03887,0.000358757994239762,0.0347957317493452,0.0194462528681913,0.000200536815850271,-0.809904377806498,0.0157249358331162,-3.59747506131539e-08,-8.12733120579805e-06
1819700858.60993,0.000372769167406315,0.0340033968386547,0.0194462556288444,0.000205207411274851,-0.809894563683655,0.0160853051099767,-3.76566682940779e-08,-8.31661861508585e-06
1862087136.66282,0.000386149315034315,0.0332290799503927,0.0194462585191891,0.000209986809256065,-0.80988429186522,0.0164541904814016,-3.94178229484689e-08,-8.5103134999636e-06
1905460717.96319,0.000398926805482608,0.0324723712684915,0.0194462615453539,0.000214877543813737,-0.809873540587939,0.0168317866437877,-4.12619460807904e-08,-8.70851840948515e-06
1949844599.75799,0.000411128729915738,0.0317328702638786,0.0194462647137555,0.000219882207994052,-0.80986228707393,0.0172182928480234,-4.31929447834477e-08,-8.91133827321991e-06
1995262314.96882,0.000422780959669452,0.031010185485392,0.0194462680311118,0.000225003455244011,-0.809850507482595,0.0176139130005814,-4.52149099857533e-08,-9.11888045611932e-06
2041737944.66947,0.000433908201037467,0.0303039343552908,0.0194462715044566,0.000230244000817884,-0.809838176860309,0.018018855766752,-4.7332125089123e-08,-9.33125481461964e-06
2089296130.85398,0.000444534047594964,0.0296137429692667,0.0194462751411542,0.000235606623216407,-0.809825269087757,0.01843333467605,-4.95490750064632e-08,-9.54857375400709e-06
2137962089.50217,0.000454681030169076,0.0289392459008638,0.0194462789489152,0.000241094165659471,-0.809811756824839,0.0188575682298264,-5.187045562453e-08,-9.77095228707136e-06
2187761623.94949,0.000464370664561754,0.0282800860102155,0.0194462829358126,0.000246709537593096,-0.809797611453004,0.0192917800111142,-5.43011837089027e-08,-9.99850809407426e-06
2238721138.56828,0.000473623497125633,0.0276359142570101,0.019446287110299,0.00025245571623148,-0.809782803014915,0.0197361987967401,-5.68464072721093e-08,-1.02313615840605e-05
2290867652.76771,0.000482459148289079,0.027006389517596,0.0194462914812246,0.000258335748134933,-0.809767300151298,0.0201910586717276,-5.95115164263801e-08,-1.04696359575376e-05
2344228815.31986,0.00049089635412223,0.0263911784061396,0.0194462960578559,0.000264352750824542,-0.809751070034863,0.0206565991460241,-6.23021547434848e-08,-1.07134572705537e-05
2398832919.01942,0.00049895300603177,0.0257899550997518,0.019446300849895,0.000270509914434408,-0.809734078301148,0.0211330652735741,-6.52242311451258e-08,-1.09629545001994e-05
2454708915.68496,0.000506646188668249,0.0252024011674992,0.0194463058675008,0.000276810503402332,-0.809716288976155,0.0216207077737676,-6.82839323484319e-08,-1.12182596115645e-05
2511886431.50951,0.000513992216125972,0.0246282054032164,0.0194463111213096,0.000283257858199847,-0.809697664400616,0.0221197831552863,-7.14877358922027e-08,-1.14795076261761e-05
2570395782.76879,0.000521006666511924,0.0240670636620404,0.0194463166224585,0.000289855397102505,-0.809678165150743,0.0226305538423705,-7.48424237707181e-08,-1.17468366919489e-05
2630267991.89531,0.000527704414956756,0.0235186787005872,0.0194463223826084,0.00029660661800135,-0.809657749955293,0.0231532883035272,-7.83550967031365e-08,-1.20203881546756e-05
2691534803.92684,0.000534099665137567,0.0229827600206918,0.0194463284139687,0.000303515100256541,-0.809636375608786,0.0236882611826995,-8.20331890677663e-08,-1.23003066310878e-05
2754228703.33809,0.000540205979379117,0.0224590237166365,0.0194463347293235,0.000310584506594099,-0.809613996880689,0.0242357534329125,-8.58844845318123e-08,-1.25867400835173e-05
2818382931.26437,0.000546036307397071,0.0219471923257915,0.0194463413420583,0.000317818585046778,-0.809590566420381,0.0247960524524106,-8.99171324085702e-08,-1.28798398961871e-05
2884031503.12652,0.000551603013744053,0.021446994682595,0.0194463482661883,0.000325221170940084,-0.80956603465772,0.0253694522232976,-9.4139664775472e-08,-1.31797609531635e-05
2951209226.6663,0.000556917904016533,0.0209581657757997,0.0194463555163881,0.000332796188924491,-0.809540349698985,0.0259562534526892,-9.85610143878738e-08,-1.34866617179981e-05
3019951720.40193,0.000561992249877961,0.0204804466089155,0.019446363108023,0.000340547655054921,-0.809513457218002,0.0265567637163807,-1.03190533425031e-07,-1.3800704315092e-05
3090295432.5135,0.000566836812951088,0.0200135840637788,0.019446371057181,0.000348479678918591,-0.809485300342225,0.0271712976050347,-1.08038013106323e-07,-1.41220546128117e-05
3162277660.16829,0.000571461867629991,0.0195573307671807,0.0194463793807072,0.000356596465812342,-0.809455819533541,0.0278001768728844,-1.1311370421746e-07,-1.44508823083873e-05
3235936569.29619,0.000575877222860082,0.0191114449604862,0.019446388096239,0.000364902318970595,-0.809424952463559,0.0284437305889469,-1.18428338588187e-07,-1.47873610146241e-05
3311311214.82582,0.00058009224293218,0.0186756903721807,0.0194463972222437,0.000373401641845116,-0.809392633883136,0.0291022952907354,-1.23993151564771e-07,-1.51316683484585e-05
3388441561.39193,0.000584115867334645,0.0182498360932779,0.0194464067780575,0.000382098940437781,-0.809358795485867,0.0297762151404537,-1.29819905522513e-07,-1.54839860213875e-05
3467368504.52522,0.000587956629705601,0.0178336564555279,0.0194464167839261,0.000390998825687574,-0.809323365765279,0.0304658420836511,-1.3592091446544e-07,-1.58444999318031e-05
3548133892.33565,0.00059162267592536,0.0174269309123629,0.0194464272610475,0.00040010601591307,-0.809286269865438,0.0311715360103104,-1.4230906976242e-07,-1.6213400259262e-05
3630780547.70091,0.000595121781387355,0.0170294439225205,0.0194464382316169,0.00040942533931169,-0.809247429424662,0.0318936649183334,-1.48997867071062e-07,-1.6590881560719e-05
3715352290.97162,0.000598461367484147,0.016640984836286,0.0194464497188736,0.000418961736517037,-0.809206762412049,0.0326326050793834,-1.56001434502947e-07,-1.69771428687546e-05
3801893963.2055,0.000601648517343423,0.0162613477842953,0.0194464617471496,0.000428720263215668,-0.809164182956477,0.0333887412070345,-1.63334562086072e-07,-1.73723877918261e-05
3890451449.94269,0.000604689990847308,0.0158903315688418,0.0194464743419214,0.000438706092824656,-0.809119601167751,0.03416246662717,-1.71012732582735e-07,-1.77768246165692e-05
3981071705.53486,0.000607592238966818,0.0155277395576327,0.0194464875298635,0.00044892451923137,-0.809072922949542,0.0349541834505631,-1.79052153723574e-07,-1.8190666412179e-05
4073802778.04101,0.000610361417441811,0.0151733795799391,0.0194465013389046,0.000459380959596898,-0.809024049803746,0.0357643027475629,-1.87469791921017e-07,-1.86141311368969e-05
4168693834.70323,0.000613003399835427,0.0148270638250884,0.0194465157982867,0.000470080957224577,-0.808972878625894,0.0365932447247982,-1.96283407528075e-07,-1.90474417466303e-05
4265795188.0158,0.000615523789990697,0.0144886087432449,0.0194465309386263,0.000481030184495156,-0.808919301491199,0.0374414389038002,-2.05511591711122e-07,-1.94908263057286e-05
4365158322.40153,0.000617927933915703,0.0141578349484304,0.0194465467919795,0.000492234445870102,-0.80886320543084,0.0383093243014325,-2.15173805008158e-07,-1.99445180999418e-05
4466835921.5095,0.000620220931122507,0.0138345671237321,0.0194465633919087,0.000503699680964644,-0.808804472198047,0.0391973496120041,-2.25290417646997e-07,-2.04087557515817e-05
4570881896.14862,0.000622407645443888,0.0135186339286515,0.0194465807735541,0.00051543196769215,-0.808742978023535,0.0401059733909248,-2.35882751700827e-07,-2.08837833369105e-05
4677351412.87185,0.000624492715350822,0.0132098679085454,0.0194465989737069,0.000527437525481487,-0.808678593359828,0.0410356642397493,-2.46973125161739e-07,-2.13698505057726e-05
4786300923.22624,0.000626480563792611,0.0129081054061119,0.0194466180308871,0.000539722718569044,-0.808611182613982,0.0419869009924382,-2.58584898016027e-07,-2.18672126034914e-05
4897788193.68432,0.000628375407580529,0.0126131864748778,0.0194466379854246,0.000552294059367136,-0.808540603868206,0.042960172902645,-2.7074252040842e-07,-2.23761307950442e-05
5011872336.27258,0.000630181266334914,0.01232495479464,0.0194466588795434,0.000565158211910554,-0.80846670858786,0.0439559798318217,-2.83471582985774e-07,-2.28968721915308e-05
5128613839.9135,0.0006319019710147,0.0120432575888193,0.019446680757451,0.000578321995383043,-0.808389341316275,0.0449748324379105,-2.96798869514336e-07,-2.34297099789468e-05
5248074602.49757,0.000633541172047518,0.0117679455436836,0.0194467036654307,0.000591792387725571,-0.808308339355849,0.0460172523643721,-3.10752411868243e-07,-2.39749235492705e-05
5370317963.70237,0.000635102347077638,0.0114988727293978,0.0194467276519388,0.000605576529328241,-0.808223532434813,0.0470837724292703,-3.25361547490666e-07,-2.45327986338694e-05
5495408738.57609,0.000636588808348222,0.0112358965228602,0.0194467527677068,0.000619681726807786,-0.808134742359073,0.0481749368141141,-3.40656979432802e-07,-2.51036274392293e-05
5623413251.90333,0.000638003709733612,0.0109788775322859,0.0194467790658468,0.000634115456872603,-0.808041782648495,0.0492913012521232,-3.56670839079764e-07,-2.56877087850055e-05
5754399373.3714,0.000639350053436606,0.0107276795234976,0.0194468066019638,0.000648885370277338,-0.807944458156976,0.0504334332155604,-3.73436751676442e-07,-2.62853482443917e-05
5888436553.55572,0.000640630696364997,0.0104821693478852,0.0194468354342714,0.000663999295869067,-0.807842564675631,0.0516019121017352,-3.90989904770395e-07,-2.68968582867988e-05
6025595860.7434,0.000641848356200974,0.0102422168719984,0.0194468656237142,0.000679465244727184,-0.807735888518395,0.0527973294172552,-4.09367119692988e-07,-2.75225584228297e-05
6165950018.61464,0.000643005617176333,0.0100076949087341,0.0194468972340947,0.000695291414399123,-0.807624206089309,0.0540202889600606,-4.28606926204131e-07,-2.81627753515344e-05
6309573444.80175,0.000644104935565836,0.00977847915008493,0.0194469303322073,0.000711486193234125,-0.807507283430764,0.0552714069987402,-4.48749640430227e-07,-2.88178431099205e-05
6456542290.34637,0.000645148644910473,0.00955444810141147,0.0194469649879773,0.000728058164817271,-0.807384875751905,0.0565513124485845,-4.69837446229195e-07,-2.94881032246928e-05
6606934480.07577,0.000646138960981811,0.00933548301720725,0.0194470012746072,0.000745016112506091,-0.807256726936415,0.0578606470437868,-4.91914480120746e-07,-3.01739048661858e-05
6760829753.91962,0.000647077986498084,0.00912146783832082,0.0194470392687294,0.000762369024072065,-0.807122569028862,0.059200065505155,-5.15026919924385e-07,-3.08756050044497e-05
6918309709.18916,0.000647967715602156,0.0089122891306038,0.0194470790505657,0.000780126096449428,-0.806982121698751,0.0605702357026468,-5.39223077251964e-07,-3.15935685674402e-05
7079457843.84117,0.000648810038111008,0.00870783602495272,0.0194471207040944,0.000798296740593712,-0.80683509168142,0.0619718388119831,-5.64553494005878e-07,-3.23281686012575e-05
7244359600.74969,0.000649606743545923,0.00850800015871392,0.0194471643172253,0.000816890586452521,-0.806681172194893,0.0634055694645401,-5.91071043038272e-07,-3.30797864323703e-05
7413102413.00896,0.00065035952495209,0.00831267561842113,0.0194472099819822,0.000835917488051088,-0.806520042331753,0.0648721358896552,-6.18831033130833e-07,-3.38488118317517e-05
7585775750.29161,0.000651069982515937,0.00812175888383643,0.0194472577946941,0.000855387528695231,-0.806351366425126,0.0663722600484165,-6.4789131845883e-07,-3.46356431808445e-05
7762471166.28669,0.000651739626988063,0.00793514877326566,0.0194473078561953,0.00087531102629435,-0.806174793387785,0.0679066777579344,-6.78312412707066e-07,-3.54406876392643e-05
7943282347.24258,0.000652369882919287,0.00775274639012036,0.0194473602720339,0.000895698538807205,-0.805989956023414,0.0694761388050197,-7.10157608009261e-07,-3.62643613141361e-05
8128305161.64075,0.000652962091716913,0.00757445507069862,0.0194474151526909,0.000916560869813239,-0.805796470309008,0.0710814070481096,-7.43493098885987e-07,-3.71070894309492e-05
8317637711.02647,0.000653517514527992,0.00740018033315847,0.0194474726138084,0.000937909074212283,-0.805593934647415,0.0727232605062014,-7.78388111359756e-07,-3.79693065058039e-05
8511380382.02351,0.000654037334956008,0.00722982982765732,0.0194475327764284,0.00095975446405555,-0.805381929088952,0.0744024914334593,-8.14915037428949e-07,-3.88514565189071e-05
8709635899.56055,0.000654522661617072,0.0070633132876325,0.019447595767243,0.000982108614510866,-0.805160014521071,0.0761199063780646,-8.5314957508512e-07,-3.97539930891635e-05
8912509381.33719,0.000654974530541442,0.00690054248219782,0.0194476617188548,0.00100498336996516,-0.804927731824982,0.0778763262237787,-8.93170874060622e-07,-4.06773796496895e-05
9120108393.55883,0.00065539390742584,0.00674143116963217,0.0194477307700506,0.00102839085026733,-0.804684600998185,0.0796725862125772,-9.35061687495485e-07,-4.16220896240657e-05
9332543007.96963,0.000655781689741816,0.00658589505193665,0.0194478030660857,0.00105234345711455,-0.804430120241811,0.0815095359465994,-9.78908529713953e-07,-4.25886066031208e-05
9549925860.21408,0.000656138708705091,0.00643385173043741,0.0194478787589827,0.00107685388058535,-0.8041637650117,0.0833880393675357,-1.02480184030192e-06,-4.35774245220266e-05
9772372209.55782,0.000656465731110599,0.00628522066241185,0.0194479580078426,0.00110193510582266,-0.803884987032118,0.0853089747114453,-1.07283615467677e-06,-4.45890478374611e-05
9999999999.9997,0.0006567634610377,0.00613992311871656,0.0194480409791701,0.0011276004198702,-0.803593213271062,0.0872732344368617,-1.12311028134044e-06,-4.56239917045761e-05
10232929922.8072,0.000657032541429794,0.00599788214239603,0.019448127847214,0.00115386341866568,-0.803287844876061,0.0892817251238965,-1.1757274860052e-06,-4.66827821534856e-05
10471285480.5087,0.000657273555552404,0.00585902250825147,0.0194482187943223,0.0011807380141942,-0.80296825606944,0.0913353673419021,-1.23079568277919e-06,-4.77659562649658e-05
10715193052.3757,0.000657487028333547,0.00572327068335009,0.0194483140113128,0.00120823844180552,-0.802633793002025,0.0934350954830927,-1.28842763259506e-06,-4.8874062345034e-05
10964781961.4315,0.000657673427590066,0.00559055478845531,0.0194484136978613,0.00123637926769878,-0.802283772564284,0.0955818575593514,-1.34874114906067e-06,-5.00076600980474e-05
11220184543.0193,0.000657833165143427,0.00546080456035937,0.0194485180629056,0.00126517539657834,-0.801917481153962,0.0977766149592769,-1.41185931190423e-06,-5.11673207979348e-05
11481536214.9685,0.000657966597828303,0.00533395131509995,0.0194486273250686,0.00129464207948469,-0.801534173399308,0.100020342162334,-1.47791068817896e-06,-5.23536274571471e-05
11748975549.3949,0.000658074028397167,0.00520992791204344,0.0194487417130991,0.00132479492180407,-0.801133070837031,0.102314026406771,-1.54702956138274e-06,-5.35671749928784e-05
12022644346.1738,0.000658155706323958,0.0050886687188176,0.0194488614663326,0.00135564989146087,-0.80071336054424,0.104658667307779,-1.61935616863717e-06,-5.48085703900822e-05
12302687708.1234,0.000658211828509787,0.00497010957707724,0.0194489868351719,0.00138722332729689,-0.800274193723649,0.107055276422117,-1.69503694605686e-06,-5.60784328607693e-05
12589254117.9413,0.000658242539893559,0.0048541877690869,0.0194491180815889,0.00141953194764136,-0.799814684241472,0.109504876755249,-1.77422478242449e-06,-5.73773939990413e-05
12882495516.931,0.000658247933970296,0.00474084198510521,0.0194492554796478,0.00145259285907613,-0.799333907117516,0.112008502206759,-1.85707928126867e-06,-5.87060979312771e-05
13182567385.5637,0.000658228053219882,0.00463001229155603,0.0194493993160516,0.00148642356540016,-0.798830896967132,0.114567196949596,-1.94376703142088e-06,-6.00652014608497e-05
13489628825.9161,0.000658182889448921,0.00452164009997193,0.0194495498907118,0.00152104197679763,-0.798304646394796,0.117182014738437,-2.03446188610385e-06,-6.14553742067121e-05
13803842646.0284,0.000658112384048333,0.00441566813669652,0.0194497075173421,0.00155646641921429,-0.797754104339307,0.119854018142179,-2.12934525057618e-06,-6.28772987351509e-05
14125375446.2271,0.000658016428169352,0.00431204041333207,0.0194498725240787,0.0015927156439464,-0.797178174370741,0.122584277695331,-2.22860637832726e-06,-6.43316706839598e-05
14454397707.4588,0.000657894862820535,0.00421070219791984,0.0194500452541259,0.00162980883744691,-0.796575712939517,0.125373870962751,-2.33244267578158e-06,-6.58191988782451e-05
14791083881.6816,0.000657747478888484,0.0041115999868409,0.0194502260664293,0.00166776563135372,-0.7959455275782,0.128223881511939,-2.44106001543222e-06,-6.73406054370281e-05
15135612484.3616,0.000657574017084968,0.0040146814774258,0.019450415336378,0.00170660611274465,-0.795286375056882,0.131135397786735,-2.55467305727946e-06,-6.88966258697617e-05
15488166189.1243,0.000657374167823248,0.00391989554126184,0.0194506134565353,0.00174635083462412,-0.79459695949334,0.134109511876037,-2.67350557840146e-06,-7.04880091618331e-05
15848931924.6107,0.000657147571026481,0.00382719219818728,0.019450820837401,0.00178702082664653,-0.793875930419434,0.137147318170788,-2.79779081042939e-06,-7.21155178480747e-05
16218100973.5888,0.000656893815871194,0.00373652259096251,0.0194510379082041,0.00182863760608149,-0.793121880805639,0.1402499119022,-2.92777178463928e-06,-7.37799280732569e-05
16595869074.3751,0.000656612440468977,0.00364783896060831,0.0194512651177292,0.00187122318902593,-0.792333345045956,0.143418387553873,-3.06370168430561e-06,-7.54820296384861e-05
16982436524.6169,0.000656302931489691,0.00356109462240218,0.0194515029351765,0.00191480010186863,-0.791508796905923,0.146653837140119,-3.20584420388864e-06,-7.72226260323854e-05
17378008287.4932,0.000655964723729722,0.00347624394252405,0.0194517518510565,0.00195939139301248,-0.790646647436927,0.149957348342533,-3.35447391454607e-06,-7.90025344458804e-05
17782794100.3887,0.000655597199628999,0.00339324231534315,0.0194520123781213,0.00200502064485995,-0.789745242860545,0.153330002496504,-3.50987663537111e-06,-8.08225857693728e-05
18197008586.0993,0.000655199688740792,0.00331204614133834,0.0194522850523333,0.00205171198606756,-0.788802862427248,0.156772872419084,-3.67234980966179e-06,-8.26836245710289e-05
18620871366.6281,0.000654771467158587,0.00323261280564463,0.0194525704338727,0.00209949010407503,-0.787817716254415,0.160287020069337,-3.84220288542034e-06,-8.45865090548724e-05
19054607179.6319,0.000654311756904651,0.00315490065721898,0.0194528691081841,0.00214838025791504,-0.786787943149328,0.163873494031991,-4.01975769916604e-06,-8.65321109973252e-05
19498445997.5799,0.000653819725285311,0.00307886898861906,0.0194531816870654,0.00219840829130959,-0.785711608423545,0.167533326815009,-4.20534886201951e-06,-8.85213156608004e-05
19952623149.6882,0.000653294484218315,0.00300447801638892,0.0194535088097986,0.00224960064605925,-0.784586701705888,0.171267531951396,-4.39932414688048e-06,-9.05550216829185e-05
20417379446.6947,0.000652735089538155,0.00293168886204588,0.0194538511443241,0.00230198437573145,-0.783411134762163,0.175077100895415,-4.60204487537415e-06,-9.26341409398872e-05
20892961308.5398,0.000652140540285669,0.00286046353366345,0.0194542093884604,0.00235558715965439,-0.782182739330667,0.178962999703174,-4.8138863030829e-06,-9.47595983825605e-05
21379620895.0217,0.000651509777988803,0.00279076490804516,0.01945458427117,0.00241043731722312,-0.780899264983578,0.182926165487435,-5.03523800140959e-06,-9.69323318436767e-05
21877616239.4949,0.000650841685941978,0.00272255671348487,0.0194549765538733,0.0024665638225246,-0.779558377025426,0.186967502636427,-5.26650423423594e-06,-9.91532918147665e-05
22387211385.6827,0.000650135088492121,0.00265580351310889,0.0194553870318107,0.00252399631928868,-0.778157654440986,0.191087878786404,-5.50810432734388e-06,-0.000101423441191224
22908676527.677,0.000649388750340121,0.00259047068879577,0.0194558165354556,0.0025827651361721,-0.776694587906236,0.195288120537747,-5.76047302835899e-06,-0.000103743754984049
23442288153.1985,0.000648601375867141,0.00252652442566984,0.0194562659319791,0.00264290130238296,-0.775166577877319,0.199569008904552,-6.02406085475343e-06,-0.000106115219996783
23988329190.1942,0.000647771608496031,0.00246393169716426,0.0194567361267673,0.00270443656365297,-0.773570932773867,0.203931274487822,-6.2993344272101e-06,-0.000108538834466225
24547089156.8495,0.000646898030098848,0.00240266025064993,0.0194572280649931,0.0027674033985655,-0.771904867274563,0.208375592362719,-6.58677678540118e-06,-0.000111015607665553
25118864315.095,0.00064597916046241,0.00234267859362615,0.0194577427332434,0.00283183503524714,-0.770165500744354,0.212902576670769,-6.88688768297241e-06,-0.000113546559468549
25703957827.6879,0.000645013456824646,0.00228395598046899,0.0194582811612038,0.00289776546843119,-0.768349855814401,0.217512774908421,-7.20018385824939e-06,-0.000116132719873749
26302679918.953,0.000643999313495515,0.00222646239973319,0.0194588444234005,0.00296522947690148,-0.766454857137585,0.222206661904103,-7.52719927689531e-06,-0.000118775128487441
26915348039.2683,0.000642935061577224,0.00217016856200291,0.0194594336410031,0.00303426264132529,-0.764477330344133,0.226984633476751,-7.868485342451e-06,-0.000121474833964585
27542287033.3808,0.000641818968799496,0.00211504588828664,0.0194600499836874,0.00310490136248448,-0.762414001223861,0.231846999769788,-8.22461107037909e-06,-0.000124232893406913
28183829312.6437,0.000640649239486731,0.00206106649895048,0.0194606946715604,0.00317718287991411,-0.760261495163348,0.236793978255787,-8.59616322091613e-06,-0.000127050371717685
28840315031.2652,0.000639424014674956,0.00200820320318418,0.0194613689771496,0.00325114529095845,-0.758016336868406,0.241825686408447,-8.98374638571151e-06,-0.000129928340912791
29512092266.6629,0.000638141372397582,0.00195642948899264,0.0194620742274568,0.00332682757025427,-0.755674950404103,0.246942134040161,-9.38798302290114e-06,-0.000132867879388224
30199517204.0192,0.000636799328160101,0.0019057195137056,0.0194628118060777,0.0034042695896521,-0.753233659586684,0.252143215305379,-9.80951343493162e-06,-0.000135870071144223
30902954325.1349,0.00063539583562497,0.00185604809499633,0.0194635831553905,0.00348351213858622,-0.750688688763662,0.2574287003721,-1.02489956831175e-05,-0.000138936004966789
31622776601.6828,0.000633928787529029,0.00180739070239963,0.0194643897788121,0.00356459694490481,-0.748036164020381,0.262798226766301,-1.07071054325863e-05,-0.000142066773567686
32359365692.9618,0.000632396016856882,0.00175972344931747,0.0194652332431262,0.00364756669617206,-0.745272114853252,0.26825129039685,-1.11845357209459e-05,-0.000145263472684508
33113112148.2581,0.000630795298294718,0.00171302308549949,0.0194661151808833,0.00373246506145471,-0.742392476351731,0.27378723627153,-1.16819966437013e-05,-0.000148527200142916
33884415613.9192,0.000629124349989987,0.00166726698998331,0.0194670372928741,0.00381933671360568,-0.739393091932837,0.279405248918218,-1.22002149491605e-05,-0.000151859054883738
34673685045.2521,0.000627380835643284,0.00162243316447804,0.0194680013506793,0.00390822735205861,-0.736269716673629,0.285104342529028,-1.27399335353033e-05,-0.000155260135958256
35481338923.3565,0.000625562366959547,0.00157850022717191,0.0194690091992968,0.00399918372614709,-0.733018021288457,0.290883350849362,-1.33019108408565e-05,-0.000158731541495718
36307805477.009,0.000623666506486351,0.00153544740694255,0.0194700627598485,0.00409225365896358,-0.729633596798993,0.296740916838339,-1.38869201226243e-05,-0.000162274367647878
37153522909.7161,0.000621690770867566,0.00149325453794591,0.0194711640323697,0.0041874860717734,-0.726111959945935,0.302675482131966,-1.44957486109773e-05,-0.000165889707516186
38018939632.0549,0.000619632634540958,0.00145190205455676,0.0194723150986824,0.00428493100899993,-0.72244855939188,0.308685276345698,-1.51291965353153e-05,-0.000169578650068177
38904514499.4268,0.0006174895339084,0.0014113709866308,0.0194735181253571,0.00438463966379811,-0.718638782764981,0.31476830625872,-1.57880760112952e-05,-0.000173342279050539
39810717055.3485,0.00061525887200717,0.00137164295505488,0.0194747753667651,0.00448666440423393,-0.714677964592766,0.320922344928328,-1.64732097816725e-05,-0.000177181671907383
40738027780.41,0.000612938023710335,0.00133270016754853,0.0194760891682252,0.00459105880008862,-0.710561395174653,0.327144920789188,-1.7185429802746e-05,-0.000181097898713332
41686938347.0322,0.00061052434148343,0.00129452541467611,0.0194774619692497,0.00469787765030696,-0.706284330440302,0.333433306799015,-1.79255756686433e-05,-0.000185092021132166
42657951880.1579,0.000608015161723398,0.00125710206602507,0.0194788963068931,0.0048071770111102,-0.701842002838869,0.339784509699239,-1.86944928660373e-05,-0.00018916509141298
43651583224.0152,0.000605407811704174,0.00122041406650174,0.0194803948192113,0.00491901422479501,-0.69722963330139,0.346195259466544,-1.94930308523727e-05,-0.000193318151437033
44668359215.0949,0.000602699617151186,0.00118444593269193,0.019481960248834,0.00503344794924061,-0.692442444314909,0.352661999038678,-2.03220409512988e-05,-0.000197552231829746
45708818961.4861,0.000599887910464436,0.00114918274922938,0.0194835954466608,0.00515053818814759,-0.687475674142376,0.35918087440555,-2.11823740597816e-05,-0.000201868351153597
46773514128.7184,0.000596970039606695,0.00111461016511073,0.019485303375687,0.00527034632203262,-0.682324592216875,0.365747725164337,-2.20748781623051e-05,-0.000206267515198974
47863009232.2623,0.000593943377669547,0.00108071438989162,0.0194870871149678,0.0053929351400043,-0.676984515732139,0.372358075644987,-2.30003956486843e-05,-0.00021075071639133
48977881936.8431,0.000590805333125675,0.00104748218969423,0.0194889498637328,0.00551836887234647,-0.671450827443666,0.379007126719949,-2.39597604333161e-05,-0.000215318933334265
50118723362.7256,0.000587553360770717,0.00101490088295244,0.0194908949456611,0.00564671322393626,-0.665718994685917,0.385689748419229,-2.49537948751895e-05,-0.000219973130509377
51286138399.1349,0.000584184973352259,0.000982958335817435,0.0194929258133294,0.00577803540852487,-0.659784589601013,0.392400473478606,-2.59833064996795e-05,-0.000224714258154888
52480746024.9756,0.000580697753877122,0.000951642957142616,0.0194950460528496,0.00591240418391024,-0.653643310563083,0.39913349195506,-2.70490845250596e-05,-0.000229543252346073
53703179637.0236,0.000577089368580898,0.000920943692964152,0.0194972593887099,0.00604988988803145,-0.647291004769856,0.405882647048909,-2.81518961987934e-05,-0.000234461035301486
54954087385.7607,0.000573357580535843,0.000890850020390684,0.0194995696888391,0.00619056447601538,-0.640723691959298,0.412641432276638,-2.9292482950999e-05,-0.00023946851593972
56234132519.0331,0.000569500263864607,0.000861351940814094,0.0195019809699128,0.00633450155820689,-0.633937589194065,0.419402990141755,-3.04715563750244e-05,-0.000244566590712007
57543993733.7139,0.000565515418518095,0.0008324399723521,0.0195044974029254,0.00648177643921431,-0.626929136640356,0.426160112453022,-3.16897940478096e-05,-0.000249756144736337
58884365535.557,0.000561401185565835,0.000804105141433339,0.0195071233190501,0.00663246615800236,-0.61969502425047,0.432905242439807,-3.29478352056345e-05,-0.000255038053258826
60255958607.4339,0.000557155862936845,0.000776338973436413,0.019509863215816,0.00678664952906487,-0.612232219240125,0.439630478812976,-3.42462762939402e-05,-0.000260413183467875
61659500186.1463,0.000552777921538093,0.000749133482296427,0.0195127217636292,0.00694440718470986,-0.604537994232543,0.446327581916354,-3.55856664131289e-05,-0.000265882396686079
63095734448.0173,0.00054826602166644,0.000722481158995809,0.019515703812672,0.00710582161848925,-0.596609955921638,0.452987982108211,-3.69665026855832e-05,-0.000271446550963939
64565422903.4635,0.000543619029618454,0.000696374958860825,0.0195188144002129,0.00727097722980526,-0.588446074086576,0.459602790504211,-3.83892255725318e-05,-0.000277106504098077
66069344800.7575,0.000538836034391048,0.000670808287591364,0.0195220587583647,0.00743996036972486,-0.580044710769811,0.466162812202682,-3.98542141728082e-05,-0.0002828631170949
67608297539.196,0.000533916364354409,0.000645774985959256,0.0195254423223321,0.00761285938803319,-0.571404649410739,0.472658562099703,-4.13617815389251e-05,-0.000288717258098393
69183097091.8914,0.000528859603767672,0.000621269313119698,0.0195289707391893,0.00778976468155522,-0.562525123707687,0.479080283385285,-4.29121700491779e-05,-0.000294669806798048
70794578438.4115,0.000523665608997209,0.000597285928491383,0.0195326498772337,0.00797076874377434,-0.553405845962495,0.485417968792783,-4.45055468776168e-05,-0.000300721659329683
72443596007.4967,0.000518334524287675,0.000573819872173657,0.0195364858359636,0.00815596621577434,-0.54404703464484,0.49166138465151,-4.6141999606632e-05,-0.0003068737336782
74131024130.0894,0.000512866796927182,0.000550866543883346,0.0195404849567305,0.00834545393853,-0.534449440898179,0.497800097767477,-4.78215320294913e-05,-0.000313126975587155
75857757502.9159,0.000507263191640588,0.000528421680409956,0.0195446538341175,0.00853933100656896,-0.524614373696149,0.503823505129258,-4.95440601923809e-05,-0.00031948236497528
77624711662.8667,0.000501524804039007,0.00050648133160543,0.0195489993280996,0.00873769882302554,-0.514543723348041,0.509720866405399,-5.13094087272581e-05,-0.000325940922854988
79432823472.4256,0.000495653072949645,0.000485041834943567,0.019553528577043,0.00894066115610462,-0.504239983044917,0.515481339166763,-5.31173075280268e-05,-0.000332503718742352
81283051616.4073,0.000489649791448147,0.000464099788704306,0.0195582490115998,0.00914832419697092,-0.493706268134604,0.5210940167321,-5.49673888231441e-05,-0.000339171878542131
83176377110.2644,0.000483517116416108,0.000443652023859137,0.0195631683695613,0.00936079661907601,-0.482946332814592,0.526547968498326,-5.6859184697657e-05,-0.000345946592885254
85113803820.2349,0.000477257576449375,0.00042369557475566,0.0195682947117272,0.00957818963893286,-0.471964583937152,0.531832282578994,-5.87921251168156e-05,-0.000352829125889777
87096358995.6053,0.000470874077948597,0.000404227648721395,0.0195736364388553,0.00980061707834418,-0.460766091631108,0.536936110535798,-6.0765536501731e-05,-0.000359820824309841
89125093813.3717,0.000464369909232127,0.000385245594729055,0.0195792023097515,0.0100281954280881,-0.449356596459946,0.541848713949363,-6.2778640905019e-05,-0.000366923127030676
91201083935.588,0.000457748742523094,0.000366746871287179,0.0195850014605636,0.0102610439130617,-0.437742512856459,0.546559512537653,-6.4830555830956e-05,-0.00037413757486133
93325430079.6961,0.000451014633677209,0.00034872901374082,0.0195910434253396,0.0104992845588796,-0.425930928599924,0.551058133493923,-6.69202947403586e-05,-0.000381465820570673
95499258602.1405,0.000444172019535614,0.000331189601186592,0.0195973381579115,0.0107430422599231,-0.413929600132997,0.555334461682,-6.90467682752023e-05,-0.000388909639106512
97723722095.5779,0.00043722571280779,0.000314126223224077,0.0196038960551638,0.0109924448488316,-0.401746943551725,0.559378690295607,-7.12087862319288e-05,-0.000396470937932411
99999999999.9967,0.000430180894412959,0.000297536446781223,0.0196107279817457,0.0112476231674273,-0.389392021143181,0.563181371561264,-7.34050603055234e-05,-0.000404151767412271
102329299228.072,0.00042304310323435,0.000281417783264228,0.0196178452962823,0.011508711139061,-0.37687452339067,0.566733467041773,-7.56342076188379e-05,-0.000411954331168919
104712854805.087,0.000415818223268832,0.000265767656292219,0.0196252598791396,0.0117758458423665,-0.364204746415738,0.570026397080231,-7.78947550433852e-05,-0.000419880996340121
107151930523.757,0.000408512468184294,0.000250583370283407,0.0196329841617962,0.0120491675864108,-0.351393564878618,0.573052088913401,-8.01851443090671e-05,-0.000427934303653544
109647819614.315,0.000401132363328343,0.000235862080161964,0.0196410311578699,0.0123288199872248,-0.338452400413423,0.575803022978876,-8.25037378911381e-05,-0.000436116977241488
112201845430.193,0.000393684725263936,0.000221600762453415,0.0196494144958481,0.0126149500457021,-0.325393185730488,0.578272276943098,-8.48488256533291e-05,-0.000444431934116636
114815362149.684,0.000386176638939682,0.000207796188030711,0.0196581484535683,0.0129077082268537,-0.312228324574682,0.580453566987257,-8.72186322166074e-05,-0.000452882293231779
117489755493.949,0.000378615432634453,0.000194444896763177,0.0196672479944895,0.013207248540406,-0.298970647784301,0.582341285905607,-8.96113250137275e-05,-0.000461471384049406
120226443461.737,0.000371008650846649,0.000181543174306356,0.0196767288057991,0.0135137286227346,-0.285633365749075,0.583930537595707,-9.20250229807042e-05,-0.000470202754551271
123026877081.234,0.000363364025327645,0.000169087031252399,0.0196866073383941,0.0138273098201282,-0.272230017616899,0.585217167552322,-9.44578058278135e-05,-0.000479080178623472
125892541179.413,0.000355689444485776,0.00015707218483838,0.019696900848777,0.0141481572733774,-0.258774417645951,0.586197789015869,-9.69077238248692e-05,-0.000488107662759177
128824955169.309,0.000347992921411214,0.000145494043383992,0.0197076274429053,0.0144764400036924,-0.245280599140958,0.586869804471765,-9.9372808028515e-05,-0.000497289452028784
131825673855.636,0.000340282560792728,0.000134347693600989,0.0197188061220346,0.0148123309999525,-0.231762756448437,0.5872314222481,-0.000101851080873263,-0.000506630035275899
134896288259.161,0.000332566525014028,0.000123627890884936,0.0197304568305964,0.0151560073072982,-0.21823518551515,0.587281668014886,-0.000104340567043149,-0.000516134149506916
138038426460.284,0.000324852999729929,0.000113329052665892,0.0197426005061537,0.0155076501170796,-0.204712223535904,0.587020391047643,-0.000106839304537256,-0.000525806783451994
141253754462.271,0.000317150159230533,0.000103445254859217,0.0197552591314792,0.0158674448581818,-0.191208188230803,0.586448265180298,-0.000109345355840104,-0.000535653180285701
144543977074.588,0.000309466131904886,9.39702314214493e-05,0.0197684557888075,0.0162355812897505,-0.17773731729779,0.585566784435904,-0.000111856819107002,-0.000545678839506287
147910838816.816,0.000301808966114028,8.48973769798041e-05,0.0197822147163133,0.0166122535953472,-0.164313708583589,0.584378253387595,-0.000114371839275034,-0.000555889517983286
151356124843.616,0.000294186596777043,7.62197524680665e-05,0.019796561366877,0.0169976604785696,-0.150951261505132,0.582885772364922,-0.000116888619012287,-0.000566291230193703
154881661891.243,0.000286606812962808,6.79300936670646e-05,0.0198115224692038,0.0173920052601735,-0.137663620234429,0.581093217681407,-0.000119405429421239,-0.000576890247677265
158489319246.106,0.000279077226764878,6.00208225153e-05,0.0198271260913691,0.0177954959767401,-0.124464119133063,0.579005217116356,-0.000121920620416842,-0.00058769309775081
162181009735.888,0.000271605243717644,5.24840610251532e-05,0.0198434017068725,0.0182083454809345,-0.11136573088873,0.576627120936904,-0.000124432630705637,-0.000598706561530778
165958690743.751,0.000264198034989085,4.53116476129803e-05,0.0198603802632917,0.018630771543404,-0.0983810177661809,0.573964968793786,-0.000126939997299063,-0.000609937671320789
169824365246.169,0.000256862511559507,3.84951556277795e-05,0.0198780942536362,0.0190629969563673,-0.0855220863395626,0.57102545286587,-0.000129441364501883,-0.00062139370742822
173780082874.932,0.000249605300567292,3.20259138432974e-05,0.0198965777905112,0.0195052496389478,-0.0728005460233682,0.567815877663177,-0.000131935492325181,-0.00063308219447953
177827941003.886,0.000242432723972418,2.58950286627274e-05,0.0199158666832142,0.0199577627443026,-0.060227471666203,0.564344116925799,-0.000134421264282368,-0.000645010897308728
181970085860.992,0.000235350779656974,2.00934077736629e-05,0.0199359985178971,0.0204207747686026,-0.0478133704163028,0.560618568076249,-0.000136897694536135,-0.000657187816496717
186208713666.281,0.000228365125049776,1.46117849837682e-05,0.0199570127409372,0.0208945296619138,-0.0355681530114376,0.556648104695484,-0.000139363934373852,-0.000669621183641357
190546071796.318,0.000221481063330042,9.44074596467188e-06,0.0199789507456747,0.0213792769410308,-0.0235011095894999,0.552442027498052,-0.000141819277998565,-0.000682319456438948
194984459975.798,0.000214703532233532,4.57075463272649e-06,0.0200018559626854,0.0218752718043095,-0.0116208900607829,0.548010014279889,-0.000144263167632194,-0.000695291313657439
199526231496.881,0.000208037095454137,-7.82009970999671e-09,0.0200257739537684,0.0223827752485434,6.45109703653794e-05,0.543362069303537,-0.000146695197936652,-0.00070854565008018
204173794466.946,0.000201485936605112,-4.30467746022196e-06,0.0200507525098431,0.0229020541879221,0.0115477647973041,0.53850847257054,-0.000149115119767266,-0.000722091571496434
208929613085.397,0.000195053855677352,-8.32955808545283e-06,0.020076841752961,0.0234333815751064,0.0228222148259725,0.533459729410143,-0.000151522843280959,-0.000735938389811352
213796208950.216,0.000188744267907786,-1.20922176547012e-05,0.0201040942426492,0.0239770365244483,0.0338818785652713,0.528226520787779,-0.000153918440428983,-0.000750095618343708
218776162394.948,0.000182560204949238,-1.56024011022995e-05,0.020132565086817,0.0245333044373775,0.0447214455833781,0.522819654707113,-0.000156302146870612,-0.000764572967374675
223872113856.827,0.000176504318214282,-1.88698176041454e-05,0.0201623120574679,0.0251024771299682,0.0553362716534157,0.517250019046249,-0.000158674363349899,-0.000779380340005194
229086765276.77,0.000170578884249794,-2.190411651337e-05,0.0201933957114698,0.0256848529626923,0.0657223693396443,0.511528536132995,-0.000161035656582527,-0.000794527828373453
234422881531.984,0.000164785811986105,-2.47148643987276e-05,0.0202258795166525,0.0262807369723577,0.0758763952977594,0.505666119326675,-0.000163386759703702,-0.000810025710277564
239883291901.941,0.000159126651694901,-2.7311523317343e-05,0.0202598299835086,0.0268904410062192,0.0857956345799882,0.499673631835481,-0.000165728572331164,-0.000825884446241984
245470891568.495,0.000153602605483206,-2.97034304313418e-05,0.0202953168027891,0.0275142838582416,0.0954779822476062,0.493561847959707,-0.000168062160299616,-0.000842114677059553
251188643150.95,0.000148214539146793,-3.18997790560232e-05,0.0203324129892961,0.0281525914074841,0.104921922600494,0.487341416912867,-0.00017038875512426,-0.000858727221834524
257039578276.878,0.000142962995205028,-3.39096012059297e-05,0.0203711950321856,0.028805696758564,0.114126506335704,0.481022829335442,-0.000172709753251778,-0.000875733076545475
263026799189.529,0.000137848206940232,-3.57417516847423e-05,0.0204117430521074,0.0294739403841482,0.123091325945103,0.474616386580199,-0.000175026715157019,-0.000893143413140898
269153480392.683,0.000132870113267945,-3.74048937456184e-05,0.0204541409655192,0.0301576702694073,0.131816489656393,0.468132172814256,-0.000177341364342927,-0.000910969579174348
275422870333.807,0.000128028374269672,-3.89074863306009e-05,0.0204984766565251,0.0308572420583565,0.140302594212669,0.461580029951527,-0.000179655586299985,-0.000929223097980632
281838293126.436,0.000123322387226616,-4.02577728812249e-05,0.0205448421566021,0.0315730192019965,0.148550696773593,0.454969535400338,-0.000181971427479674,-0.0009479156693894
288403150312.651,0.000118751303001158,-4.14637716975322e-05,0.0205933338325875,0.0323053731081503,0.156562286206723,0.448309982584858,-0.000184291094334295,-0.000967059170967965
295120922666.629,0.000114314042622279,-4.25332678094516e-05,0.0206440525833171,0.0330546832928834,0.164339254021063,0.441610364175824,-0.000186616952473012,-0.000986665659781015
301995172040.192,0.000110009313941415,-4.34738063129477e-05,0.0206971040453147,0.033821337533376,0.171883865176835,0.434879357945794,-0.000188951525981231,-0.00100674737465127
309029543251.349,0.000105835628236104,-4.42926871134695e-05,0.0207525988079472,0.0346057320221051,0.179198728986373,0.428125315146918,-0.000191297496947541,-0.00102731673890194
316227766016.827,0.000101791316650148,-4.49969610110179e-05,0.0208106526384745,0.0354082715221736,0.186286770301225,0.421356251294826,-0.000193657705239407,-0.00104838636355922
323593656929.617,9.78745463704463e-05,-4.55934270545353e-05,0.0208713867174372,0.0362293695236131,0.19315120116042,0.414579839230681,-0.000196035148565763,-0.00106996905099068
331131121482.58,9.40833364521799e-05,-4.60886310882159e-05,0.0209349278848404,0.0370694484004637,0.199795493054693,0.407803404324539,-0.000198432982861587,-0.00109207779895373
338844156139.191,9.04155732153251e-05,-4.64888654086536e-05,0.0210014088976062,0.0379289395684191,0.206223349941668,0.401033921676704,-0.000200854523026562,-0.00111472580502689
346736850452.52,8.68690251465018e-05,-4.68001694493666e-05,0.0210709686987852,0.0388082836428044,0.212438682127665,0.394278015169654,-0.000203303244047025,-0.00113792647139537
354813389233.563,8.34413572507356e-05,-4.70283314080479e-05,0.0211437526990316,0.0397079305966337,0.218445581113242,0.387541958221036,-0.000205782782527652,-0.0011616934099619
363078054770.089,8.01301448077865e-05,-4.71788907317751e-05,0.0212199130708646,0.04062833991847,0.224248295481978,0.380831676088063,-0.00020829693865673,-0.00118604044775327
371535229097.16,7.69328864971581e-05,-4.72571413762238e-05,0.0212996090562557,0.0415699807697902,0.229851207895353,0.374152749575096,-0.000210849678626458,-0.00121098163259266
380189396320.548,7.38470168647221e-05,-4.72681357565726e-05,0.0213830072880998,0.0425333321415286,0.235258813241195,0.367510419999069,-0.000213445137527504,-0.00123653123900804
389045144994.268,7.08699181120144e-05,-4.72166893101117e-05,0.0214702821261446,0.0435188830094463,0.240475697968861,0.360909595271574,-0.000216087622735045,-0.00126270377434692
398107170553.484,6.79989311966772e-05,-4.71073855934828e-05,0.0215616160079733,0.0445271324879476,0.245506520631363,0.354354856961478,-0.000218781617801726,-0.00128951398506806
407380277804.099,6.52313662392176e-05,-4.69445818408543e-05,0.0216571998156543,0.0455585899819285,0.250355993642903,0.347850468207965,-0.000221531786871411,-0.0013169768631812
416869383470.321,6.25645122372358e-05,-4.67324149130874e-05,0.0217572332586887,0.046613775336213,0.255028866249779,0.341400382360424,-0.000224342979626248,-0.0013451076528062
426579518801.578,5.99956460935619e-05,-4.64748075719692e-05,0.0218619252739087,0.0476932189820977,0.259529908703377,0.33500825222873,-0.000227220236778401,-0.00137392185682359
436515832240.151,5.75220409693492e-05,-4.61754750178062e-05,0.0219714944429989,0.0487974620804821,0.263863897615884,0.328677439834837,-0.000230168796116893,-0.00140343524358886
446683592150.948,5.51409739771383e-05,-4.58379316329928e-05,0.0220861694283309,0.0499270566610297,0.268035602472399,0.32241102656422,-0.00023319409911922,-0.00143366385368349
457088189614.859,5.28497332322607e-05,-4.54654978785509e-05,0.0222061894278229,0.0510825657567526,0.272049773267236,0.316211823623395,-0.000236301798136827,-0.00146462400667594
467735141287.182,5.0645624283739e-05,-4.50613072949968e-05,0.0223318046495555,0.0522645635333732,0.275911129227335,0.310082382717414,-0.000239497764163131,-0.00149633230786634
478630092322.622,4.8525975948096e-05,-4.46283135631957e-05,0.0224632768068938,0.0534736354127629,0.279624348581753,0.304025006868787,-0.000242788095192504,-0.00152880565498872
489778819368.43,4.64881455712615e-05,-4.41692975850696e-05,0.022600879634886,0.054710378189706,0.28319405933305,0.29804176130668,-0.000246179125178511,-0.00156206124484516
501187233627.255,4.45295237450949e-05,-4.36868745480855e-05,0.0227448994287255,0.0559754001411799,0.286624830984118,0.29213448436238,-0.000249677433599672,-0.00159611657984575
512861383991.347,4.26475385059797e-05,-4.31835009413581e-05,0.0228956356050841,0.0572693211272849,0.289921167172298,0.286304798313868,-0.000253289855641123,-0.00163098947442879
524807460249.755,4.08396590435219e-05,-4.26614814949141e-05,0.0230534012871389,0.0585927726828883,0.293087499161668,0.28055412012889,-0.000257023493000728,-0.00166669806133503
537031796370.234,3.91033989476551e-05,-4.21229760171853e-05,0.0232185239141321,0.0599463980989838,0.296128180143861,0.274883672062084,-0.000260885725328443,-0.00170326079770972
549540873857.606,3.74363190224417e-05,-4.15700061091006e-05,0.0233913458763193,0.0613308524926907,0.299047480297851,0.269294492067546,-0.000264884222308019,-0.00174069647100553
562341325190.33,3.58360296946167e-05,-4.10044617362353e-05,0.0235722251761714,0.0627468028647423,0.301849582559519,0.263787443993626,-0.000269026956390513,-0.00177902420465888
575439937337.137,3.43001930444689e-05,-4.04281076433411e-05,0.0237615361167123,0.0641949281432302,0.304538579052639,0.258363227531805,-0.000273322216189397,-0.00181826346351152
588843655355.569,3.2826524486034e-05,-3.98425895982285e-05,0.0239596700178776,0.0656759192122822,0.307118468133981,0.253022387896163,-0.00027777862054745,-0.00185843405894797
602559586074.337,3.14127941228122e-05,-3.92494404543994e-05,0.0241670359617924,0.0671904789242612,0.309593152006595,0.247765325214189,-0.000282405133285993,-0.00189955615371858
616595001861.461,3.00568278043451e-05,-3.86500860240439e-05,0.0243840615678658,0.0687393220939723,0.311966434856858,0.24259230361362,-0.000287211078647324,-0.00194165026641636
630957344480.172,2.87565079080171e-05,-3.80458507550308e-05,0.0246111937986042,0.0703231754732614,0.314242021472555,0.237503459993527,-0.000292206157441579,-0.00198473727557463
645654229034.633,2.75097738694117e-05,-3.74379632073298e-05,0.0248488997970394,0.0719427777042794,0.316423516301114,0.23249881247105,-0.000297400463909416,-0.00202883842335034
660693448007.573,2.6314622483464e-05,-3.68275613259356e-05,0.0250976677566648,0.0735988792495683,0.318514422908984,0.227578268498074,-0.000302804503312169,-0.00207397531875672
676082975391.958,2.51691079975313e-05,-3.62156975088133e-05,0.0253580078247568,0.075292242297002,0.32051814380514,0.222741632644673,-0.000308429210261161,-0.00212016994040611
691830970918.913,2.40713420163652e-05,-3.56033434696652e-05,0.0256304530399464,0.0770236406374856,0.322437980593668,0.217988614048433,-0.00031428596779789,-0.00216744463872238
707945784384.113,2.3019493237828e-05,-3.49913948964542e-05,0.0259155603048797,0.0787938595131793,0.3242771344224,0.213318833530753,-0.000320386627236652,-0.00221582213757924
724435960074.965,2.20117870370533e-05,-3.43806759075948e-05,0.0262139113947795,0.0806036954338687,0.326038706696571,0.208731830382953,-0.000326743528780933,-0.00226532553531868
741310241300.892,2.10465049156349e-05,-3.37719433085805e-05,0.026526114002682,0.0824539559589497,0.327725700028409,0.204227068826535,-0.000333369522924462,-0.00231597830510062
758577575029.157,2.01219838313235e-05,-3.31658906525389e-05,0.0268528028220794,0.0843454594423406,0.329341019395535,0.199803944153241,-0.000340277992647251,-0.00236780429453209
776247116628.665,1.92366154226422e-05,-3.25631521088241e-05,0.0271946406676448,0.0862790347374621,0.330887473482887,0.195461788551608,-0.000347482876416167,-0.00242082772452091
794328234724.254,1.83888451417964e-05,-3.19643061442678e-05,0.0275523196346528,0.0882555208592517,0.332367776184743,0.191199876627693,-0.000354998691998604,-0.00247507318729562
812830516164.071,1.7577171308253e-05,-3.13698790221308e-05,0.0279265622976346,0.0902757665999991,0.333784548245117,0.187017430628325,-0.000362840561096571,-0.00253056564352981
831763771102.642,1.68001440944099e-05,-3.07803481241333e-05,0.0283181229487205,0.0923406300955909,0.335140319016532,0.182913625375909,-0.000371024234807088,-0.0025873304185052
851138038202.347,1.60563644538622e-05,-3.01961451012044e-05,0.0287277888760212,0.0944509783385599,0.336437528318738,0.178887592924228,-0.000379566119912966,-0.00264539319724388
870963589956.05,1.53444830019021e-05,-2.96176588587866e-05,0.0291563816822883,0.0966076866341217,0.337678528380482,0.174938426945077,-0.000388483306006008,-0.0027047800185362
891250938133.714,1.46631988570683e-05,-2.90452383826626e-05,0.0296047586439605,0.0988116379951677,0.33886558584889,0.171065186855804,-0.000397793593442273,-0.00276551726778624
912010839355.878,1.40112584517822e-05,-2.8479195411361e-05,0.0300738141105563,0.101063722471961,0.340000883852358,0.167266901697977,-0.000407515522126231,-0.00282763166859246
933254300796.958,1.33874543193771e-05,-2.79198069612261e-05,0.0305644809442085,0.103364836412047,0.341086524104173,0.163542573777511,-0.000417668401117514,-0.00289115027297665
954992586021.402,1.27906238641416e-05,-2.73673177102404e-05,0.0310777319989456,0.105715881645661,0.342124529035246,0.159891182076553,-0.000428272339050317,-0.00295610045016914
977237220955.776,1.22196481203521e-05,-2.68219422466457e-05,0.0316145816391178,0.108117764591658,0.343116843945511,0.156311685447388,-0.00043934827535148,-0.00302250987385379
999999999999.965,1.16734505056743e-05,-2.62838671883412e-05,0.0321760872961318,0.110571395278755,0.344065339164566,0.152803025598546,-0.000450918012238652,-0.00309040650777088
1023292992280.72,1.11509955737521e-05,-2.57532531789453e-05,0.032763351062395,0.113077686276607,0.344971812213139,0.149364129883087,-0.000463004247474838,-0.003159818589571
1047128548050.86,1.06512877702864e-05,-2.52302367662896e-05,0.0333775213210851,0.115637551530991,0.345837989957844,0.145993913898903,-0.00047563060784993,-0.00323077461280787
1071519305237.57,1.0173370196423e-05,-2.47149321689832e-05,0.034019794410039,0.118251905097102,0.34666553075258,0.142691283910626,-0.000488821683353429,-0.00330330330695269
1096478196143.15,9.71632338283003e-06,-2.42074329365376e-05,0.0346914163177035,0.120921659764713,0.347456026560674,0.139455139102501,-0.000502603061995571,-0.00337743361530716
1122018454301.92,9.27926407743172e-06,-2.37078135083826e-05,0.0353936844087027,0.123647725568668,0.348211005052603,0.136284373671293,-0.000517001365226309,-0.00345319467068739
1148153621496.84,8.86134404939252e-06,-2.32161306769376e-05,0.036127949176152,0.126431008177948,0.348931931674798,0.133177878768065,-0.000532044283893055,-0.00353061576874507
1174897554939.49,8.46174891159909e-06,-2.27324249597262e-05,0.0368956160173809,0.129272407156265,0.349620211685653,0.130134544297303,-0.000547760614668731,-0.00360972633878785
1202264434617.37,8.07969696357245e-06,-2.22567218853442e-05,0.0376981470292218,0.132172814086913,0.350277192155392,0.127153260581624,-0.000564180296871426,-0.00369055591195502
1230268770812.34,7.71443805645397e-06,-2.17890331979086e-05,0.0385370628184637,0.135133110554351,0.350904163927015,0.124232919899949,-0.000581334449585789,-0.00377313408660064
1258925411794.12,7.36525248144624e-06,-2.13293579844316e-05,0.0394139443224684,0.138154165974785,0.351502363535945,0.121372417906746,-0.000599255408984086,-0.003857490490731
1288249551693.09,7.03144988285127e-06,-2.08776837293785e-05,0.0403304346342948,0.141236835267798,0.352072975086497,0.118570654939607,-0.000617976765731685,-0.00394365474133958
1318256738556.36,6.71236819663185e-06,-2.04339873004886e-05,0.0412882408259667,0.14438195636089,0.352617132083628,0.115826537222139,-0.000637533402347356,-0.00403165640047887
1348962882591.6,6.40737261522662e-06,-1.99982358697556e-05,0.0422891357627585,0.147590347518652,0.353135919218804,0.113138977968831,-0.000657961530373388,-0.00412152492790496
1380384264602.83,6.11585457917267e-06,-1.95703877732853e-05,0.0433349599005485,0.150862804488146,0.353630374109144,0.110506898398236,-0.000679298727193807,-0.00421328963012879
1412537544622.7,5.83723079593147e-06,-1.91503933135771e-05,0.0444276230574106,0.154200097451991,0.35410148898928,0.107929228660565,-0.000701583972321134,-0.00430697960570563
1445439770745.88,5.57094228617156e-06,-1.87381955076029e-05,0.0455691061496641,0.157602967780611,0.354550212355653,0.105404908685421,-0.000724857682952901,-0.00440262368659394
1479108388168.15,5.31645345763484e-06,-1.83337307838912e-05,0.046761462881596,0.161072124575102,0.354977450563183,0.102932888955195,-0.000749161748578691,-0.00450025037541479
1513561248436.15,5.07325120660037e-06,-1.79369296316668e-05,0.0480068213769905,0.164608240992248,0.355384069374487,0.100512131209305,-0.000774539564396592,-0.00459988777844441
1548816618912.43,4.84084404685985e-06,-1.75477172049346e-05,0.0493073857394594,0.168211950343354,0.355770895461986,0.0981416090842444,-0.000801036063274781,-0.0047015635341754
1584893192461.06,4.61876126603048e-06,-1.71660138842532e-05,0.0506654375273546,0.171883841958774,0.356138717863454,0.0958203086940859,-0.000828697745969382,-0.00480530473728639
1621810097358.87,4.40655210895377e-06,-1.67917357987912e-05,0.0520833371277722,0.17562445681032,0.35648828939167,0.0935472291559002,-0.000857572709283829,-0.00491113785786634
1659586907437.5,4.20378498786119e-06,-1.6424795311127e-05,0.053563525012808,0.179434282884135,0.356820327999013,0.0913213830642461,-0.000887710671827694,-0.00501908865574771
1698243652461.68,4.01004671892892e-06,-1.60651014671131e-05,0.0551085228598272,0.183313750297133,0.357135518097949,0.0891417969186872,-0.000919162997004426,-0.00512918208981325
1737800828749.31,3.82494178479386e-06,-1.57125604130024e-05,0.0567209345160394,0.18726322615074,0.35743451183847,0.0870075115080471,-0.00095198271282767,-0.00524144222215439
1778279410038.86,3.64809162255954e-06,-1.53670757819085e-05,0.0584034467861533,0.191283009116444,0.357717930343639,0.0849175822548948,-0.000986224528134956,-0.00535589211697477
1819700858609.92,3.47913393678485e-06,-1.50285490515558e-05,0.0601588300203137,0.1953733237486,0.357986364904504,0.0828710795235408,-0.00102194484473565,-0.00547255373415131
1862087136662.8,3.31772203691788e-06,-1.4696879875164e-05,0.0619899384779126,0.199534314521001,0.358240378135695,0.0808670888946114,-0.00105920176499733,-0.00559144781738786
1905460717963.18,3.16352419861264e-06,-1.43719663872039e-05,0.0638997104412219,0.203766039585044,0.358480505093116,0.078904711409071,-0.0010980550943413,-0.00571259377692188
1949844599757.98,3.01622304834668e-06,-1.40537054856612e-05,0.0658911680511293,0.208068464248725,0.358707254355168,0.0769830637843643,-0.00113856633808427,-0.005836009566775
1995262314968.81,2.87551497074191e-06,-1.37419930923488e-05,0.0679674168355904,0.212441454177456,0.358921109069042,0.0751012786051598,-0.00118079869202902,-0.00596171155657243
2041737944669.46,2.74110953798015e-06,-1.3436724392714e-05,0.0701316448997442,0.216884768319545,0.359122527963612,0.0732585044909897,-0.00122481702617336,-0.0060897143979951
2089296130853.96,2.61272896069633e-06,-1.31377940565049e-05,0.0723871217450075,0.221398051561372,0.359311946330546,0.0714539062429016,-0.00127068786087331,-0.00622003088597245
2137962089502.15,2.49010755972822e-06,-1.28450964405727e-05,0.0747371966828788,0.225980827119713,0.359489776975255,0.0696866649710551,-0.00131847933476436,-0.00635267181477302
2187761623949.47,2.37299125809923e-06,-1.25585257750123e-05,0.0771852968076763,0.230632488681327,0.359656411139336,0.0679559782050264,-0.00136826116371389,-0.00648764582920483
2238721138568.26,2.26113709261168e-06,-1.22779763337687e-05,0.0797349244910273,0.235352292302958,0.359812219396197,0.0662610599884076,-0.00142010459004946,-0.00662495927119823
2290867652767.69,2.1543127444305e-06,-1.20033425907653e-05,0.0823896543596622,0.240139348088131,0.359957552521544,0.0646011409591192,-0.00147408232128182,-0.00676461602211084
2344228815319.84,2.05229608804222e-06,-1.17345193625465e-05,0.0851531297169668,0.244992611660752,0.360092742340445,0.0629754684166854,-0.00153026845751925,-0.00690661734116738
2398832919019.4,1.95487475798035e-06,-1.14714019383632e-05,0.0880290583678654,0.249910875459434,0.360218102552673,0.0613833063775538,-0.00158873840675174,-0.0070509617005267
2454708915684.94,1.86184573271622e-06,-1.12138861985705e-05,0.0910212078059731,0.254892759880693,0.36033392953802,0.0598239356193756,-0.00164956878717104,-0.00719764461755495
2511886431509.49,1.77301493512334e-06,-1.09618687221518e-05,0.0941333997216336,0.259936704303738,0.360440503143288,0.0582966537149952,-0.0017128373156855,-0.0073466584849761
2570395782768.77,1.68819684893374e-06,-1.07152468841308e-05,0.0973695037894777,0.265040958034435,0.360538087452622,0.0568007750567339,-0.00177862268178951,-0.00749799239967085
2630267991895.29,1.60721415061579e-06,-1.04739189435838e-05,0.100733430694576,0.27020357121124,0.360626931542824,0.0553356308713868,-0.00184700440595599,-0.007651631991
2691534803926.82,1.52989735611491e-06,-1.02377841229163e-05,0.10422912435715,0.275422385721351,0.360707270225276,0.0539005692261855,-0.00191806268173847,-0.00780755924964043
2754228703338.06,1.45608448191157e-06,-1.00067426790255e-05,0.107860553317242,0.280695026181088,0.360779324776019,0.0524949550258176,-0.00199187820079853,-0.00796575235803805
2818382931264.35,1.3856207198636e-06,-9.78069596692872e-06,0.111631701242727,0.286018891040499,0.360843303655515,0.0511181700004276,-0.00206853196011491,-0.00812618552370464
2884031503126.5,1.31835812531418e-06,-9.55954649639659e-06,0.11554655652675,0.291391143878342,0.360899403219526,0.049769612684361,-0.00214810505068486,-0.00828882881671048
2951209226666.28,1.25415531796036e-06,-9.34319798209606e-06,0.119609100944018,0.296808704959965,0.360947808422487,0.0484486983852553,-0.00223067842709677,-0.00845364801285378
3019951720401.9,1.19287719499167e-06,-9.1315553877111e-06,0.123823297339535,0.302268243136942,0.360988693514642,0.0471548591429177,-0.00231633265743784,-0.00862060444411804
3090295432513.48,1.13439465602287e-06,-8.92452496447774e-06,0.128193076328384,0.307766168173806,0.361022222734117,0.0458875436772789,-0.00240514765310164,-0.00878965485815892
3162277660168.26,1.07858433935962e-06,-8.72201428453908e-06,0.132722321991025,0.313298623593493,0.361048550994989,0.04464621732456,-0.00249720237818039,-0.00896075128869116
3235936569296.16,1.02532836915085e-06,-8.52393226949695e-06,0.137414856555437,0.318861480139312,0.36106782457226,0.0434303619606428,-0.00259257453826582,-0.00913384093877133
3311311214825.79,9.74514112996568e-07,-8.33018921451044e-06,0.142274424065243,0.324450329957094,0.361080181784516,0.0422394759105002,-0.00269134024864121,-0.00930886607909161
3388441561391.9,9.2603394959474e-07,-8.14069680826568e-06,0.147304673041828,0.330060481606641,0.361085753674868,0.0410730738424135,-0.0027935736820275,-0.0094857639635108
3467368504525.19,8.79785046026146e-07,-7.95536814911785e-06,0.152509138158347,0.335686956016494,0.361084664690593,0.0399306866455877,-0.00289934669624734,-0.00966446676414853
3548133892335.62,8.35669144290914e-07,-7.77411775768446e-06,0.157891220954476,0.34132448350023,0.36107703336171,0.0388118612896743,-0.00300872844239332,-0.00984490152845426
3630780547700.88,7.93592356725477e-07,-7.59686158614785e-06,0.163454169632738,0.346967501955851,0.361062972978474,0.0377161606646235,-0.00312178495433053,-0.0100269901607304
3715352290971.59,7.5346496994353e-07,-7.42351702450605e-06,0.16920105799023,0.352610156372092,0.361042592267595,0.0366431633992221,-0.00323857872062711,-0.0102106494306361
3801893963205.47,7.15201256959283e-07,-7.25400290399326e-06,0.175134763553519,0.358246299766614,0.361015996066674,0.0355924636566253,-0.00335916824029006,-0.0103957910112203
3890451449942.66,6.78719297165949e-07,-7.08823949787447e-06,0.181257944999263,0.363869495680702,0.360983285996162,0.0345636709051715,-0.00348360756398405,-0.0105823215490275
3981071705534.82,6.43940803856743e-07,-6.92614851980394e-06,0.187573018958677,0.369473022353226,0.360944561127812,0.0335564096627712,-0.00361194582272716,-0.0107701427687797
4073802778040.98,6.10790958989961e-07,-6.7676531199228e-06,0.194082136320099,0.375049878692981,0.360899918648365,0.0325703192132004,-0.00374422674638555,-0.0109591516150673
4168693834703.2,5.791982549136e-07,-6.61267787885888e-06,0.200787158160537,0.380592792162959,0.360849454516889,0.0316050532926933,-0.00388048817462652,-0.0111492404333665
4265795188015.77,5.49094342778714e-07,-6.46114879977972e-06,0.207689631453845,0.386094228682455,0.360793264113923,0.0306602797453327,-0.00402076156333051,-0.0113402971925456
4365158322401.5,5.20413887384066e-07,-6.31299329863971e-06,0.214790764719986,0.391546404643015,0.360731442880273,0.0297356801458792,-0.00416507148980423,-0.0115322057508241
4466835921509.46,4.93094428207635e-07,-6.16814019275277e-06,0.222091403796332,0.396941301122032,0.360664086943048,0.0288309493888528,-0.00431343516047165,-0.0117248461668973
4570881896148.58,4.67076246393172e-07,-6.02651968781381e-06,0.229592007927804,0.402270680363105,0.360591293726213,0.0279457952429069,-0.0044658619250426,-0.0119180950576453
4677351412871.81,4.4230223747215e-07,-5.8880633634848e-06,0.237292626387621,0.407526104575215,0.360513162542721,0.0270799378697883,-0.00462235280146193,-0.0121118260034927
4786300923226.2,4.18717789613133e-07,-5.75270415765543e-06,0.245192875854006,0.412698957083092,0.360429795165025,0.0262331093074799,-0.00478290001621906,-0.0123059100020933
4897788193684.28,3.96270667201687e-07,-5.62037634948252e-06,0.253291918780188,0.417780465839202,0.360341296370559,0.0254050529174633,-0.00494748656484036,-0.0125002159705615
5011872336272.53,3.74910899564495e-07,-5.49101554130829e-06,0.261588443004821,0.422761729283394,0.360247774458633,0.0245955227964155,-0.00511608579758677,-0.0126946112959803
5128613839913.46,3.54590674661181e-07,-5.36455863955397e-06,0.270080642857377,0.427633744509807,0.360149341735017,0.0238042831530676,-0.00528866103552886,-0.0128889624333799
5248074602497.53,3.35264237576533e-07,-5.24094383468209e-06,0.278766202017506,0.432387437672203,0.360046114960422,0.0230311076513998,-0.00546516522226312,-0.0130831355497993
5370317963702.32,3.16887793654186e-07,-5.12011058031904e-06,0.287642278388669,0.437013696528968,0.359938215759059,0.0222757787218162,-0.00564554061655834,-0.0132769972124394
5495408738576.04,2.99419416120493e-07,-5.00199957162764e-06,0.296705491243945,0.441503404997725,0.35982577098345,0.0215380868424358,-0.00582971853117371,-0.0134704151182792
5623413251903.28,2.82818958054066e-07,-4.88655272301866e-06,0.305951910895737,0.445847479557555,0.359708913031794,0.0208178297931425,-0.00601761912296333,-0.0136632588618766
5754399373371.35,2.67047968562403e-07,-4.77371314528918e-06,0.315377051130668,0.450036907304491,0.359587780114304,0.0201148118855435,-0.0062091512391709,-0.0138554007374204
5888436553555.67,2.52069613032098e-07,-4.66342512227612e-06,0.324975864636278,0.454062785433946,0.359462516465175,0.0194288431724975,-0.00640421232451924,-0.0140467165704485
6025595860743.35,2.37848597323265e-07,-4.55563408711227e-06,0.33474274162697,0.457916361892595,0.359333272497147,0.0187597386413611,-0.00660268839331038,-0.0142370865740178
6165950018614.59,2.24351095782123e-07,-4.45028659817284e-06,0.344671511853056,0.461589076912637,0.359200204895969,0.0181073173955743,-0.0068044540702722,-0.0144263962235048
6309573444801.69,2.11544682948106e-07,-4.34733031480024e-06,0.354755450148792,0.465072605113968,0.359063476652526,0.0174714018296398,-0.0070093727033196,-0.0146145371436661
6456542290346.31,1.99398268833483e-07,-4.24671397289452e-06,0.364987285643163,0.468358897835263,0.358923257030881,0.016851816802936,-0.00721729655074494,-0.014801408001085
6606934480075.71,1.87882037654267e-07,-4.1483873604568e-06,0.375359214721162,0.471440225334027,0.358779721471077,0.0162483888181396,-0.00742806704462113,-0.0149869153947072
6760829753919.56,1.76967389891347e-07,-4.052301293172e-06,0.385862917783876,0.474309218478846,0.358633051426133,0.0156609452102942,-0.00764151513139872,-0.0151709747368279
6918309709189.1,1.66626887560234e-07,-3.95840759011602e-06,0.396489579813262,0.476958909545086,0.358483434133353,0.0150893133527548,-0.00785746168981721,-0.0153535111166465
7079457843841.11,1.56834202566776e-07,-3.86665904967093e-06,0.407229914702863,0.479382771718501,0.358331062320794,0.0145333198863388,-0.00807571802534252,-0.0155344601383712
7244359600749.62,1.47564068024695e-07,-3.77700942572918e-06,0.418074193269409,0.481574756910235,0.358176133850425,0.0139927899780309,-0.00829608643940271,-0.0157137687258343
7413102413008.89,1.38792232409061e-07,-3.68941340426495e-06,0.42901227481323,0.483529331491617,0.358018851300309,0.0134675466155047,-0.00851836087073803,-0.0158913958856795
7585775750291.55,1.30495416417788e-07,-3.60382658034702e-06,0.440033642048475,0.485241509568405,0.357859421488837,0.0129574099435409,-0.00874232760522752,-0.0160673134214112
7762471166286.62,1.22651272411274e-07,-3.52020543566302e-06,0.451127439178147,0.486706883431567,0.357698054944813,0.012462196648144,-0.00896776604962072,-0.0162415065909533
7943282347242.51,1.15238346298355e-07,-3.43850731662002e-06,0.462282512844992,0.487921650845354,0.357534965327846,0.0119817193937725,-0.00919444956370838,-0.0164139747008422
8128305161640.68,1.08236041735059e-07,-3.35869041308008e-06,0.473487455648045,0.48888263886299,0.357370368804192,0.0115157863186255,-0.00942214634462918,-0.0165847316307828
8317637711026.39,1.01624586501271e-07,-3.2807137377835e-06,0.48473065187721,0.48958732389548,0.357204483383769,0.0110642005923625,-0.00965062035624827,-0.0167538062830117
8511380382023.44,9.53850009195928e-08,-3.20453710650486e-06,0.496000325085327,0.490033847799159,0.357037528224588,0.0106267600399872,-0.00987963229587456,-0.0169212429517261
8709635899560.47,8.94990681803482e-08,-3.13012111897969e-06,0.507284587089538,0.490221029792179,0.356869722911279,0.0102032568349115,-0.0101089405900222,-0.0170871016087442
8912509381337.11,8.39493064371004e-08,-3.05742714063147e-06,0.518571487972069,0.490148374058201,0.356701286714738,0.00979347726344396,-0.0103383024104805,-0.0172514581025399
9120108393558.75,7.87189425381934e-08,-2.9864172851205e-06,0.529849066635246,0.48981607294638,0.356532437840162,0.00939720156213066,-0.0105674747016464,-0.0174144042688286
9332543007969.55,7.37918872617732e-08,-2.91705439772757e-06,0.541105401457032,0.489225005729258,0.356363392670856,0.00901420382853485,-0.0107962152098979,-0.0175760479519472
9549925860213.99,6.91527119245506e-08,-2.84930203957716e-06,0.552328660591828,0.488376732933471,0.356194365015238,0.00864425200518478,-0.0110242835057603,-0.0177365129373571
9772372209557.73,6.47866262382144e-08,-2.78312447269631e-06,0.563507151466746,0.487273486311181,0.35602556536435,0.00828710793557087,-0.0112514419897222,-0.0178959387966747
9999999999999.61,6.06794572918983e-08,-2.71848664589748e-06,0.574629369035912,0.4859181545718,0.355857200167003,0.00794252749024312,-0.0114774568728129,-0.0180544806476848
10232929922807.1,5.68176295443965e-08,-2.65535418146573e-06,0.585684042374253,0.48431426504302,0.355689471129368,0.00761026076026775,-0.0117020991234375,-0.0182123088327992
10471285480508.6,5.31881457158712e-08,-2.59369336262376e-06,0.596660179217371,0.482465961476347,0.355522574545402,0.00729005231456045,-0.0119251453724733,-0.0183696085203594
10715193052375.7,4.97785684755073e-08,-2.53347112174129e-06,0.60754710808473,0.480377978254515,0.355356700664034,0.00698164151693793,-0.012146378769257,-0.0185265792340407
10964781961431.4,4.65770028288679e-08,-2.47465502925003e-06,0.618334517658947,0.478055611295612,0.355192033098431,0.00668476289812827,-0.0123655897818134,-0.0186834343163802
11220184543019.2,4.35720791164709e-08,-2.41721328321971e-06,0.629012493133622,0.475504685980818,0.355028748282053,0.00639914657746701,-0.0125825769354817,-0.0188404003330964
11481536214968.4,4.0752936543233e-08,-2.36111469954721e-06,0.639571549285052,0.472731522458978,0.354867014975478,0.00612451872858297,-0.0127971474849676,-0.0189977164254122
11748975549394.8,3.81092071667866e-08,-2.30632870270698e-06,0.650002660068333,0.469742898701453,0.354706993827299,0.00586060208305473,-0.0130091180157684,-0.0191556336179969
12022644346173.7,3.56310002811438e-08,-2.25282531700869e-06,0.660297284585026,0.46654601169463,0.354548836991593,0.00560711646579432,-0.0132183149718643,-0.0193144140904329
12302687708123.3,3.33088871406332e-08,-2.20057515830691e-06,0.670447389316644,0.463148437165217,0.354392687803741,0.00536377935579126,-0.0134245751075272,-0.0194743304202663
12589254117941.2,3.11338859773509e-08,-2.14954942610639e-06,0.680445466564906,0.459558088235007,0.35423868051561,0.00513030646582493,-0.013627745862049,-0.0196356648057363
12882495516930.8,2.90974472734324e-08,-2.09971989600755e-06,0.690284549085222,0.455783173397538,0.354086940090381,0.00490641233482176,-0.0138276856571109,-0.0197987082761904
13182567385563.6,2.7191439257166e-08,-2.0510589124372e-06,0.699958220943323,0.451832154199324,0.353937582056593,0.00469181092669016,-0.0140242641174047,-0.019963759897996
13489628825916,2.54081335992365e-08,-2.00353938161169e-06,0.709460624665775,0.447713702993568,0.353790712420348,0.00448621622970311,-0.0142173622159418,-0.0201311259834604
13803842646028.3,2.37401912921381e-08,-1.95713476468205e-06,0.718786464792714,0.443436661115076,0.35364642763398,0.00428934285080623,-0.0144068723462527,-0.0203011193098798
14125375446227,2.21806487019584e-08,-1.91181907101362e-06,0.727931007975021,0.439009997802058,0.353504814618969,0.00410090659959854,-0.0145926983243648,-0.020474058355373
14454397707458.7,2.07229037872762e-08,-1.86756685155619e-06,0.736890079787968,0.434442770164275,0.353365950840392,0.00392062505715395,-0.0147747553240578,-0.0206502665576226
14791083881681.5,1.93607024847878e-08,-1.82435319226453e-06,0.745660058458937,0.429744084468319,0.353229904429794,0.00374821812531169,-0.0149529697494085,-0.020830071601064
15135612484361.5,1.80881252654794e-08,-1.78215370753324e-06,0.754237865727913,0.424923058980215,0.353096734353018,0.00358340855255402,-0.0151272790490716,-0.0210138047374428
15488166189124.2,1.68995738686837e-08,-1.74094453361423e-06,0.762620955076094,0.419988788573898,0.352966490619272,0.00342592243309803,-0.0152976314770785,-0.0212018001440184
15848931924610.5,1.57897582242171e-08,-1.70070232198947e-06,0.770807297570295,0.414950311281809,0.352839214527492,0.00327548967634575,-0.0154639858051859,-0.0213943943230365
16218100973588.7,1.47536835750045e-08,-1.66140423267603e-06,0.778795365578786,0.409816576931696,0.352714938945964,0.0031318444443533,-0.0156263109919709,-0.0215919255454398
16595869074374.9,1.37866378142069e-08,-1.62302792744487e-06,0.786584114618293,0.404596417982057,0.352593688621058,0.00299472555548728,-0.0157845858139486,-0.0217947333411457
16982436524616.8,1.28841790518972e-08,-1.58555156293886e-06,0.794172963592155,0.39929852263808,0.352475480510965,0.00286387685292707,-0.0159387984639973,-0.0220031580375975
17378008287493.1,1.20421234268521e-08,-1.54895378367971e-06,0.801561773676504,0.393931410300805,0.352360324140344,0.00273904753713958,-0.0160889461223095,-0.0222175403477058
17782794100388.5,1.12565331790696e-08,-1.51321371495703e-06,0.808750826105235,0.388503409374881,0.352248221971883,0.00261999246189148,-0.0162350345049658,-0.0224382210077421
18197008586099.1,1.05237049982652e-08,-1.47831095559659e-06,0.815740799095665,0.383022637434968,0.352139169790959,0.00250647239377031,-0.0163770773950465,-0.0226655404652317
18620871366627.9,9.84015866287894e-09,-1.44422557060752e-06,0.822532744145776,0.377496983727796,0.352033157099697,0.0023982542355558,-0.016515096160973,-0.0228998386164287
19054607179631.7,9.20262598311028e-09,-1.41093808371159e-06,0.829128061920971,0.37193409396621,0.351930167516972,0.00229511121411476,-0.0166491192665074,-0.0231414545925328
19498445997579.7,8.60804006024454e-09,-1.3784294697598e-06,0.835528477933882,0.3663413573533,0.351830179181135,0.00219682303378511,-0.0167791817765479,-0.0233907265934424
19952623149688,8.05352487308804e-09,-1.346681147044e-06,0.841736018205289,0.360725895758992,0.351733165152454,0.00210317599646773,-0.0169053248625382,-0.0236479917675174
20417379446694.5,7.53638520074821e-09,-1.31567496951294e-06,0.847752985077903,0.355094554958178,0.35163909381256,0.00201396308985803,-0.0170275953109854,-0.0239135861355571
20892961308539.6,7.05409688932157e-09,-1.28539321890369e-06,0.853581933338126,0.349453897828561,0.351547929258421,0.00192898404542428,-0.0171460450382341,-0.0241878445569781
21379620895021.5,6.60429746833048e-09,-1.25581859680063e-06,0.859225646784041,0.343810199397786,0.351459631688665,0.00184804536787866,-0.0172607306143097,-0.0244711007360032
21877616239494.7,6.18477712101551e-09,-1.22693421663511e-06,0.864687115361165,0.338169443622921,0.351374157780319,0.00177096033799083,-0.0173717127982985,-0.0247636872655432
22387211385682.5,5.79347001087738e-09,-1.19872359563946e-06,0.869969512971165,0.332537321780944,0.351291461054301,0.00169754899066594,-0.0174790560874026,-0.0250659357063609
22908676527676.8,5.4284459651986e-09,-1.17117064676947e-06,0.875076176042846,0.326919232346197,0.351211492228251,0.00162763807025181,-0.0175828282814855,-0.0253781766990598
23442288153198.3,5.08790251468317e-09,-1.14425967060957e-06,0.880010582939623,0.321320282229836,0.351134199555542,0.00156106096505582,-0.0176831000646152,-0.0257007401064147
23988329190193.9,4.77015728685139e-09,-1.11797534727499e-06,0.884776334263329,0.315745289256778,0.35105952914951,0.00149765762304484,-0.0177799446048215,-0.0260339551835795
24547089156849.3,4.47364074943147e-09,-1.09230272832477e-06,0.889377134100803,0.310198785757449,0.350987425292202,0.00143727445067297,-0.0178734371730118,-0.0263781507737412
25118864315094.8,4.19688929870946e-09,-1.06722722869929e-06,0.893816772247273,0.304685023154517,0.350917830727086,0.0013797641967361,-0.0179636547817359,-0.0267336555268503
25703957827687.6,3.93853868664235e-09,-1.04273461869543e-06,0.898099107429131,0.299207977428669,0.350850686935412,0.00132498582309088,-0.0180506758442591,-0.0271007981391377
26302679918952.8,3.69731777950873e-09,-1.01881101599177e-06,0.902228051538344,0.293771355352042,0.350785934396,0.00127280436400255,-0.0181345798541929,-0.0274799076112245
26915348039268.1,3.47204263997e-09,-9.95442877735652e-07,0.906207554881424,0.288378601383218,0.350723512828462,0.0012230907758024,-0.0182154470857422,-0.0278713135227362
27542287033380.6,3.26161092363914e-09,-9.72616992703179e-07,0.910041592437605,0.283032905123323,0.350663361419941,0.00117572177844474,-0.0182933583144606,-0.028275346321453
28183829312643.4,3.06499658060355e-09,-9.50320473542224e-07,0.913734151113604,0.277737209238867,0.350605419035575,0.00113057969045701,-0.0183683945582566,-0.0286923376251504
28840315031264.9,2.88124485181533e-09,-9.28540749107956e-07,0.917289217976047,0.272494217763199,0.350549624413024,0.00108755225867612,-0.0184406368382675,-0.029122620534415
29512092266662.7,2.70946754984361e-09,-9.07265556899333e-07,0.920710769437239,0.267306404694849,0.350495916341442,0.00104653248406249,-0.0185101659591058,-0.0295665299548503
30199517204018.9,2.54883861317013e-09,-8.86482935604226e-07,0.924002761365464,0.262176022817461,0.350444233825378,0.00100741844478058,-0.0185770623078922,-0.0300244029272211
30902954325134.7,2.39858992299429e-09,-8.66181217760001e-07,0.927169120087265,0.257105112672351,0.350394516234135,0.000970113117633042,-0.0186414056714152,-0.0304965789642147
31622776601682.5,2.25800737138988e-09,-8.46349022535522e-07,0.930213734246203,0.252095511621016,0.350346703437176,0.000934524198835882,-0.0187032750706948,-0.0309834003926276
32359365692961.5,2.12642716961288e-09,-8.26975248639751e-07,0.933140447480286,0.24714886294096,0.350300735926178,0.000900563925024897,-0.0187627486121819,-0.0314852126999109
33113112148257.8,2.00323238539121e-09,-8.08049067361337e-07,0.935953051878609,0.242266624904088,0.350256554924387,0.000868148895290254,-0.0188199033547928,-0.0320023648841272
33884415613918.9,1.88784969812407e-09,-7.89559915742839e-07,0.938655282176596,0.237450079792485,0.350214102483937,0.00083719989494659,-0.0188748151919514,-0.0325352098064912
34673685045251.8,1.77974636107232e-09,-7.71497489892556e-07,0.941250810648638,0.232700342811759,0.350173321571793,0.000807641721661086,-0.0189275587478043,-0.0330841045457722
35481338923356.1,1.67842735982522e-09,-7.53851738436226e-07,0.94374324265668,0.228018370867099,0.350134156144993,0.000779403014481917,-0.0189782072867647,-0.0336494107539437
36307805477008.7,1.58343275657465e-09,-7.36612856110298e-07,0.946136112813533,0.223404971171944,0.350096551215871,0.000752416086234458,-0.0190268326355481,-0.0342314950125615
37153522909715.8,1.49433521000957e-09,-7.19771277497886e-07,0.948432881720169,0.218860809663492,0.350060452907904,0.000726616759682684,-0.0190735051168719,-0.0348307291894436
38018939632054.6,1.41073766095353e-09,-7.03317670907962e-07,0.950636933237018,0.214386419203389,0.350025808502838,0.000701944207788548,-0.0191182934940063,-0.0354474907953097
38904514499426.5,1.33227117420208e-09,-6.87242932397945e-07,0.952751572250329,0.209982207545624,0.349992566479732,0.000678340798342531,-0.0191612649253852,-0.0360821633401155
39810717055348.1,1.25859292736782e-09,-6.71538179939305e-07,0.954780022895834,0.205648465057106,0.349960676546522,0.000655751943184024,-0.0192024849285105,-0.0367351366888904
40738027780409.6,1.18938433790543e-09,-6.56194747725496e-07,0.95672542720329,0.201385372179509,0.349930089664698,0.000634125952180585,-0.0192420173524078,-0.037406807416952
41686938347031.9,1.1243493198617e-09,-6.41204180621134e-07,0.958590844126974,0.197193006623783,0.349900758067667,0.000613413892090233,-0.0192799243579262,-0.0380975791644299
42657951880157.5,1.06321266227335e-09,-6.26558228751031e-07,0.960379248928725,0.193071350291272,0.349872635273328,0.000593569450390483,-0.0193162664052013,-0.0388078629900876
43651583224014.8,1.00571852151419e-09,-6.12248842227427e-07,0.96209353288176,0.189020295917664,0.349845676091395,0.000574548804121805,-0.0193511022476372,-0.0395380777244763
44668359215094.5,9.51629020270686e-10,-5.9826816601352e-07,0.963736503265144,0.185039653437979,0.349819836625938,0.000556310493761013,-0.0193844889317944,-0.040288650322503
45708818961485.6,9.00722946198166e-10,-5.84608534921181e-07,0.965310883620453,0.181129156072636,0.349795074273613,0.000538815302111877,-0.0194164818026055,-0.0410600162155296
46773514128717.9,8.52794543676782e-10,-5.71262468740568e-07,0.966819314243847,0.177288466136154,0.349771347718012,0.000522026138175447,-0.0194471345133756,-0.0418526196631562
47863009232261.9,8.07652392445349e-10,-5.58222667499203e-07,0.968264352888425,0.173517180571435,0.349748616920541,0.000505907925941048,-0.0194764990400546,-0.0426669141048738
48977881936842.6,7.65118367240394e-10,-5.45482006847948e-07,0.969648475653354,0.169814836213717,0.349726843108211,0.000490427498020483,-0.0195046256993053,-0.0435033625117946
50118723362725.2,7.2502667290629e-10,-5.33033533571221e-07,0.970974078037867,0.16618091478932,0.34970598875869,0.000475553494032176,-0.0195315631699226,-0.0443624377386947
51286138399134.4,6.87222949769299e-10,-5.20870461218719e-07,0.972243476139741,0.162614847655099,0.349686017582951,0.00046125626362886,-0.0195573585171873,-0.0452446228766216
52480746024975.1,6.51563444382731e-10,-5.0898616585583e-07,0.973458907979402,0.159116020285263,0.349666894505831,0.000447507774051428,-0.0195820572197734,-0.046150411606339
53703179637023.1,6.17914241052107e-10,-4.97374181929928e-07,0.974622534932182,0.155683776512744,0.349648585644763,0.000434281522082793,-0.0196057031988535,-0.0470803085528915
54954087385760.2,5.86150549837508e-10,-4.86028198249648e-07,0.975736443252668,0.152317422532783,0.349631058286967,0.000421552450268581,-0.0196283388490749,-0.0480348296415905
56234132519032.6,5.56156047005375e-10,-4.74942054074292e-07,0.976802645676359,0.149016230676724,0.34961428086532,0.000409296867266209,-0.0196500050711069,-0.0490145024557262
57543993733713.4,5.27822264163584e-10,-4.64109735310481e-07,0.977823083085115,0.145779442964259,0.34959822293314,0.000397492372180058,-0.0196707413054845,-0.0500198665963246
58884365535556.5,5.01048022561876e-10,-4.53525370813183e-07,0.978799626224011,0.142606274442564,0.349582855138077,0.00038611778273797,-0.0196905855674969,-0.0510514740442717
60255958607433.3,4.75738909274904e-10,-4.43183228788285e-07,0.979734077458373,0.139495916320816,0.349568149195295,0.000375153067162938,-0.0197095744828916,-0.0521098895251349
61659500186145.7,4.51806792207315e-10,-4.33077713293894e-07,0.980628172560756,0.13644753890867,0.349554077860116,0.000364579279593539,-0.0197277433241882,-0.0531956908770145
63095734448016.8,4.29169371069976e-10,-4.2320336083758e-07,0.981483582518635,0.133460294367197,0.349540614900271,0.000354378498907224,-0.0197451260474121,-0.0543094694217618
64565422903462.9,4.07749761673904e-10,-4.13554837066848e-07,0.982301915354475,0.130533319280775,0.349527735067903,0.00034453377080186,-0.0197617553290803,-0.0554518303399044
66069344800756.9,3.87476111074069e-10,-4.04126933550134e-07,0.983084717950705,0.127665737058247,0.349515414071427,0.000335029052992923,-0.0197776626032866,-0.0566233930496167
67608297539195.4,3.68281241269608e-10,-3.9491456464571e-07,0.98383347787289,0.124856660171588,0.349503628547383,0.000325849163386213,-0.0197928780987502,-0.0578247915900805
69183097091890.8,3.50102319330362e-10,-3.85912764455906e-07,0.984549625185148,0.122105192240085,0.349492356032354,0.000316979731088966,-0.0198074308757068,-0.0590566750095756
70794578438410.9,3.32880551972705e-10,-3.77116683864151e-07,0.985234534252535,0.119410429967879,0.349481574935052,0.000308407150125571,-0.0198213488625349,-0.0603197077586446
72443596007496,3.16560902750703e-10,-3.6852158765235e-07,0.985889525525722,0.116771464942486,0.349471264508641,0.000300118535727748,-0.0198346588920217,-0.061614570088673
74131024130088.7,3.01091830162351e-10,-3.60122851696224e-07,0.986515867303896,0.114187385301681,0.349461404823371,0.000292101683072955,-0.0198473867371877,-0.0629419584562283
75857757502915.2,2.8642504509536e-10,-3.51915960236277e-07,0.987114777472323,0.111657277275892,0.349451976739575,0.000284345028348871,-0.019859557146595,-0.0643025859334972
77624711662866,2.72515286153225e-10,-3.43896503222115e-07,0.9876874252115,0.109180226612982,0.349442961881082,0.000276837612025997,-0.0198711938790792,-0.0656971826251645
79432823472424.9,2.59320111510625e-10,-3.36060173727916e-07,0.98823493267528,0.106755319892078,0.349434342609095,0.000269569044224745,-0.0198823197378504,-0.0671264960920732
81283051616406.6,2.46799706047954e-10,-3.28402765436925e-07,0.988758376635726,0.104381645732789,0.349426101996565,0.000262529472067724,-0.0198929566039183,-0.0685912917820046
83176377110263.7,2.34916702608441e-10,-3.20920170192881e-07,0.989258790092863,0.102058295905938,0.34941822380309,0.0002557095489123,-0.0199031254688038,-0.0700923534679199
85113803820234.1,2.23636016308379e-10,-3.13608375616376e-07,0.989737163847787,0.0997843663516577,0.349410692450382,0.000249100405362879,-0.0199128464665062,-0.0716304836940004
87096358995604.5,2.12924690911752e-10,-3.06463462784192e-07,0.990194448037915,0.0975589581104237,0.349403492998294,0.000242693621966677,-0.0199221389047007,-0.0732065042298287
89125093813370.9,2.02751756355487e-10,-2.99481603969734e-07,0.990631553633434,0.0953811781723671,0.349396611121455,0.000236481203501005,-0.0199310212951479,-0.0748212565330449
91201083935587.2,1.93088096581056e-10,-2.92659060442724e-07,0.991049353894247,0.0932501402499372,0.349390033086499,0.000230455554764282,-0.0199395113833003,-0.0764756022208214
93325430079695.2,1.83906326892531e-10,-2.8599218032639e-07,0.991448685786918,0.091164965478748,0.349383745729915,0.000224609457787108,-0.0199476261770957,-0.0781704235504962
95499258602139.6,1.75180680120794e-10,-2.79477396510449e-07,0.991830351361357,0.0891247830511988,0.349377736436517,0.000218936050383702,-0.019955381974933,-0.0799066239097012
97723722095577,1.6688690092881e-10,-2.73111224618209e-07,0.992195119087115,0.0871287307872247,0.349371993118536,0.000213428805967919,-0.019962794392827,-0.0816851283163307
99999999999995.8,1.59002147643895e-10,-2.66890261026215e-07,0.992543725149344,0.0851759556463064,0.349366504195331,0.000208081514561817,-0.0199698783907432,-0.0835068839286928
