time_s,OUT_V,VIN_V,E_V,X_V
0,1.20731968850783,0.75,0.00296340145367417,0.41718408102761
1e-12,1.20731968850783,0.75,0.00296340145367417,0.41718408102761
2e-12,1.20731968850783,0.75,0.00296340145367417,0.41718408102761
4e-12,1.20731968850783,0.75,0.00296340145367417,0.41718408102761
8.00000000000001e-12,1.20731968850783,0.75,0.00296340145367417,0.41718408102761
1.6e-11,1.20731968850783,0.75,0.00296340145367417,0.41718408102761
3.2e-11,1.20731968850783,0.75,0.00296340145367417,0.41718408102761
6.40000000000001e-11,1.20731968850783,0.75,0.00296340145367417,0.41718408102761
1.28e-10,1.20731968850783,0.75,0.00296340145367417,0.417184081027611
2.28e-10,1.20731968850783,0.75,0.00296340145367417,0.41718408102761
3.28e-10,1.20731968850783,0.75,0.00296340145367417,0.41718408102761
4.28e-10,1.20731968850783,0.75,0.00296340145367417,0.41718408102761
5.28000000000001e-10,1.20731968850783,0.75,0.00296340145367417,0.41718408102761
6.28000000000001e-10,1.20731968850783,0.75,0.00296340145367417,0.41718408102761
7.28000000000001e-10,1.20731968850783,0.75,0.00296340145367417,0.41718408102761
8.28000000000001e-10,1.20731968850783,0.75,0.00296340145367417,0.41718408102761
9.28000000000001e-10,1.20731968850783,0.75,0.00296340145367417,0.417184081027611
1.028e-09,1.20731968850783,0.75,0.00296340145367417,0.41718408102761
1.128e-09,1.20731968850783,0.75,0.00296340145367417,0.41718408102761
1.228e-09,1.20731968850783,0.75,0.00296340145367417,0.41718408102761
1.328e-09,1.20731968850783,0.75,0.00296340145367417,0.41718408102761
1.428e-09,1.20731968850783,0.75,0.00296340145367417,0.41718408102761
1.528e-09,1.20731968850783,0.75,0.00296340145367417,0.41718408102761
1.628e-09,1.20731968850783,0.75,0.00296340145367417,0.41718408102761
1.728e-09,1.20731968850783,0.75,0.00296340145367417,0.417184081027611
1.828e-09,1.20731968850783,0.75,0.00296340145367417,0.41718408102761
1.928e-09,1.20731968850783,0.75,0.00296340145367417,0.41718408102761
2.028e-09,1.20731968850783,0.75,0.00296340145367417,0.41718408102761
2.128e-09,1.20731968850783,0.75,0.00296340145367417,0.417184081027611
2.228e-09,1.20731968850783,0.75,0.00296340145367417,0.41718408102761
2.328e-09,1.20731968850783,0.75,0.00296340145367417,0.41718408102761
2.428e-09,1.20731968850783,0.75,0.00296340145367417,0.41718408102761
2.528e-09,1.20731968850783,0.75,0.00296340145367417,0.417184081027611
2.628e-09,1.20731968850783,0.75,0.00296340145367417,0.41718408102761
2.728e-09,1.20731968850783,0.75,0.00296340145367417,0.41718408102761
2.828e-09,1.20731968850783,0.75,0.00296340145367417,0.41718408102761
2.928e-09,1.20731968850783,0.75,0.00296340145367417,0.417184081027611
3.028e-09,1.20731968850783,0.75,0.00296340145367417,0.41718408102761
3.128e-09,1.20731968850783,0.75,0.00296340145367417,0.41718408102761
3.228e-09,1.20731968850783,0.75,0.00296340145367417,0.41718408102761
3.328e-09,1.20731968850783,0.75,0.00296340145367417,0.41718408102761
3.428e-09,1.20731968850783,0.75,0.00296340145367417,0.41718408102761
3.528e-09,1.20731968850783,0.75,0.00296340145367417,0.41718408102761
3.628e-09,1.20731968850783,0.75,0.00296340145367417,0.41718408102761
3.728e-09,1.20731968850783,0.75,0.00296340145367417,0.41718408102761
3.828e-09,1.20731968850783,0.75,0.00296340145367417,0.41718408102761
3.928e-09,1.20731968850783,0.75,0.00296340145367417,0.41718408102761
4.028e-09,1.20731968850783,0.75,0.00296340145367417,0.41718408102761
4.128e-09,1.20731968850783,0.75,0.00296340145367417,0.41718408102761
4.228e-09,1.20731968850783,0.75,0.00296340145367417,0.41718408102761
4.328e-09,1.20731968850783,0.75,0.00296340145367417,0.41718408102761
4.428e-09,1.20731968850783,0.75,0.00296340145367417,0.41718408102761
4.528e-09,1.20731968850783,0.75,0.00296340145367417,0.41718408102761
4.628e-09,1.20731968850783,0.75,0.00296340145367417,0.41718408102761
4.728e-09,1.20731968850783,0.75,0.00296340145367417,0.41718408102761
4.828e-09,1.20731968850783,0.75,0.00296340145367417,0.41718408102761
4.928e-09,1.20731968850783,0.75,0.00296340145367417,0.41718408102761
5.028e-09,1.20731968850783,0.75,0.00296340145367417,0.41718408102761
5.128e-09,1.20731968850783,0.75,0.00296340145367417,0.41718408102761
5.228e-09,1.20731968850783,0.75,0.00296340145367417,0.41718408102761
5.328e-09,1.20731968850783,0.75,0.00296340145367417,0.41718408102761
5.428e-09,1.20731968850783,0.75,0.00296340145367417,0.41718408102761
5.528e-09,1.20731968850783,0.75,0.00296340145367417,0.41718408102761
5.628e-09,1.20731968850783,0.75,0.00296340145367417,0.41718408102761
5.728e-09,1.20731968850783,0.75,0.00296340145367417,0.41718408102761
5.828e-09,1.20731968850783,0.75,0.00296340145367417,0.41718408102761
5.928e-09,1.20731968850783,0.75,0.00296340145367417,0.41718408102761
6.028e-09,1.20731968850783,0.75,0.00296340145367417,0.41718408102761
6.128e-09,1.20731968850783,0.75,0.00296340145367417,0.41718408102761
6.22800000000001e-09,1.20731968850783,0.75,0.00296340145367417,0.41718408102761
6.328e-09,1.20731968850783,0.75,0.00296340145367417,0.41718408102761
6.428e-09,1.20731968850783,0.75,0.00296340145367417,0.41718408102761
6.528e-09,1.20731968850783,0.75,0.00296340145367417,0.41718408102761
6.628e-09,1.20731968850783,0.75,0.00296340145367417,0.41718408102761
6.728e-09,1.20731968850783,0.75,0.00296340145367417,0.41718408102761
6.828e-09,1.20731968850783,0.75,0.00296340145367417,0.41718408102761
6.92800000000001e-09,1.20731968850783,0.75,0.00296340145367417,0.41718408102761
7.02800000000001e-09,1.20731968850783,0.75,0.00296340145367417,0.41718408102761
7.12800000000001e-09,1.20731968850783,0.75,0.00296340145367417,0.41718408102761
7.22800000000001e-09,1.20731968850783,0.75,0.00296340145367417,0.41718408102761
7.32800000000001e-09,1.20731968850783,0.75,0.00296340145367417,0.41718408102761
7.42800000000001e-09,1.20731968850783,0.75,0.00296340145367417,0.41718408102761
7.52800000000001e-09,1.20731968850783,0.75,0.00296340145367417,0.41718408102761
7.62800000000001e-09,1.20731968850783,0.75,0.00296340145367417,0.41718408102761
7.72800000000001e-09,1.20731968850783,0.75,0.00296340145367417,0.41718408102761
7.82800000000001e-09,1.20731968850783,0.75,0.00296340145367417,0.41718408102761
7.92800000000001e-09,1.20731968850783,0.75,0.00296340145367417,0.41718408102761
8.02800000000001e-09,1.20731968850783,0.75,0.00296340145367417,0.41718408102761
8.12800000000001e-09,1.20731968850783,0.75,0.00296340145367417,0.41718408102761
8.22800000000001e-09,1.20731968850783,0.75,0.00296340145367417,0.41718408102761
8.32800000000001e-09,1.20731968850783,0.75,0.00296340145367417,0.41718408102761
8.42800000000001e-09,1.20731968850783,0.75,0.00296340145367417,0.41718408102761
8.52800000000002e-09,1.20731968850783,0.75,0.00296340145367417,0.41718408102761
8.62800000000002e-09,1.20731968850783,0.75,0.00296340145367417,0.41718408102761
8.72800000000002e-09,1.20731968850783,0.75,0.00296340145367417,0.41718408102761
8.82800000000002e-09,1.20731968850783,0.75,0.00296340145367417,0.41718408102761
8.92800000000002e-09,1.20731968850783,0.75,0.00296340145367417,0.41718408102761
9.02800000000002e-09,1.20731968850783,0.75,0.00296340145367417,0.41718408102761
9.12800000000002e-09,1.20731968850783,0.75,0.00296340145367417,0.41718408102761
9.22800000000002e-09,1.20731968850783,0.75,0.00296340145367417,0.41718408102761
9.32800000000002e-09,1.20731968850783,0.75,0.00296340145367417,0.41718408102761
9.42800000000002e-09,1.20731968850783,0.75,0.00296340145367417,0.41718408102761
9.52800000000002e-09,1.20731968850783,0.75,0.00296340145367417,0.41718408102761
9.62800000000003e-09,1.20731968850783,0.75,0.00296340145367417,0.41718408102761
9.72800000000003e-09,1.20731968850783,0.75,0.00296340145367417,0.41718408102761
9.82800000000003e-09,1.20731968850783,0.75,0.00296340145367417,0.41718408102761
9.92800000000003e-09,1.20731968850783,0.75,0.00296340145367417,0.41718408102761
1.0028e-08,1.20731968850783,0.75,0.00296340145367417,0.41718408102761
1.0128e-08,1.20731968850783,0.75,0.00296340145367417,0.41718408102761
1.0228e-08,1.20731968850783,0.75,0.00296340145367417,0.41718408102761
1.0328e-08,1.20731968850783,0.75,0.00296340145367417,0.41718408102761
1.0428e-08,1.20731968850783,0.75,0.00296340145367417,0.41718408102761
1.0528e-08,1.20731968850783,0.75,0.00296340145367417,0.41718408102761
1.0628e-08,1.20731968850783,0.75,0.00296340145367417,0.41718408102761
1.0728e-08,1.20731968850783,0.75,0.00296340145367417,0.41718408102761
1.0828e-08,1.20731968850783,0.75,0.00296340145367417,0.41718408102761
1.0928e-08,1.20731968850783,0.75,0.00296340145367417,0.41718408102761
1.1028e-08,1.20731968850783,0.75,0.00296340145367417,0.41718408102761
1.1128e-08,1.20731968850783,0.75,0.00296340145367417,0.41718408102761
1.1228e-08,1.20731968850783,0.75,0.00296340145367417,0.41718408102761
1.1328e-08,1.20731968850783,0.75,0.00296340145367417,0.41718408102761
1.1428e-08,1.20731968850783,0.75,0.00296340145367417,0.41718408102761
1.1528e-08,1.20731968850783,0.75,0.00296340145367417,0.41718408102761
1.1628e-08,1.20731968850783,0.75,0.00296340145367417,0.41718408102761
1.1728e-08,1.20731968850783,0.75,0.00296340145367417,0.41718408102761
1.1828e-08,1.20731968850783,0.75,0.00296340145367417,0.41718408102761
1.19280000000001e-08,1.20731968850783,0.75,0.00296340145367417,0.41718408102761
1.2028e-08,1.20731968850783,0.75,0.00296340145367417,0.41718408102761
1.21280000000001e-08,1.20731968850783,0.75,0.00296340145367417,0.41718408102761
1.22280000000001e-08,1.20731968850783,0.75,0.00296340145367417,0.41718408102761
1.2328e-08,1.20731968850783,0.75,0.00296340145367417,0.41718408102761
1.24280000000001e-08,1.20731968850783,0.75,0.00296340145367417,0.41718408102761
1.2528e-08,1.20731968850783,0.75,0.00296340145367417,0.41718408102761
1.26280000000001e-08,1.20731968850783,0.75,0.00296340145367417,0.41718408102761
1.2728e-08,1.20731968850783,0.75,0.00296340145367417,0.41718408102761
1.28280000000001e-08,1.20731968850783,0.75,0.00296340145367417,0.41718408102761
1.2928e-08,1.20731968850783,0.75,0.00296340145367417,0.41718408102761
1.30280000000001e-08,1.20731968850783,0.75,0.00296340145367417,0.41718408102761
1.31280000000001e-08,1.20731968850783,0.75,0.00296340145367417,0.41718408102761
1.32280000000001e-08,1.20731968850783,0.75,0.00296340145367417,0.41718408102761
1.33280000000001e-08,1.20731968850783,0.75,0.00296340145367417,0.41718408102761
1.34280000000001e-08,1.20731968850783,0.75,0.00296340145367417,0.41718408102761
1.35280000000001e-08,1.20731968850783,0.75,0.00296340145367417,0.41718408102761
1.36280000000001e-08,1.20731968850783,0.75,0.00296340145367417,0.41718408102761
1.37280000000001e-08,1.20731968850783,0.75,0.00296340145367417,0.41718408102761
1.38280000000001e-08,1.20731968850783,0.75,0.00296340145367417,0.41718408102761
1.39280000000001e-08,1.20731968850783,0.75,0.00296340145367417,0.41718408102761
1.40280000000001e-08,1.20731968850783,0.75,0.00296340145367417,0.41718408102761
1.41280000000001e-08,1.20731968850783,0.75,0.00296340145367417,0.41718408102761
1.42280000000001e-08,1.20731968850783,0.75,0.00296340145367417,0.41718408102761
1.43280000000001e-08,1.20731968850783,0.75,0.00296340145367417,0.41718408102761
1.44280000000001e-08,1.20731968850783,0.75,0.00296340145367417,0.41718408102761
1.45280000000001e-08,1.20731968850783,0.75,0.00296340145367417,0.41718408102761
1.46280000000001e-08,1.20731968850783,0.75,0.00296340145367417,0.41718408102761
1.47280000000001e-08,1.20731968850783,0.75,0.00296340145367417,0.41718408102761
1.48280000000001e-08,1.20731968850783,0.75,0.00296340145367417,0.41718408102761
1.49280000000001e-08,1.20731968850783,0.75,0.00296340145367417,0.41718408102761
1.50280000000001e-08,1.20731968850783,0.75,0.00296340145367417,0.41718408102761
1.51280000000001e-08,1.20731968850783,0.75,0.00296340145367417,0.41718408102761
1.52280000000001e-08,1.20731968850783,0.75,0.00296340145367417,0.41718408102761
1.53280000000001e-08,1.20731968850783,0.75,0.00296340145367417,0.41718408102761
1.54280000000001e-08,1.20731968850783,0.75,0.00296340145367417,0.41718408102761
1.55280000000001e-08,1.20731968850783,0.75,0.00296340145367417,0.41718408102761
1.56280000000001e-08,1.20731968850783,0.75,0.00296340145367417,0.41718408102761
1.57280000000001e-08,1.20731968850783,0.75,0.00296340145367417,0.41718408102761
1.58280000000001e-08,1.20731968850783,0.75,0.00296340145367417,0.41718408102761
1.59280000000001e-08,1.20731968850783,0.75,0.00296340145367417,0.41718408102761
1.60280000000001e-08,1.20731968850783,0.75,0.00296340145367417,0.41718408102761
1.61280000000001e-08,1.20731968850783,0.75,0.00296340145367417,0.41718408102761
1.62280000000001e-08,1.20731968850783,0.75,0.00296340145367417,0.41718408102761
1.63280000000001e-08,1.20731968850783,0.75,0.00296340145367417,0.41718408102761
1.64280000000001e-08,1.20731968850783,0.75,0.00296340145367417,0.41718408102761
1.65280000000001e-08,1.20731968850783,0.75,0.00296340145367417,0.41718408102761
1.66280000000001e-08,1.20731968850783,0.75,0.00296340145367417,0.41718408102761
1.67280000000001e-08,1.20731968850783,0.75,0.00296340145367417,0.41718408102761
1.68280000000001e-08,1.20731968850783,0.75,0.00296340145367417,0.41718408102761
1.69280000000001e-08,1.20731968850783,0.75,0.00296340145367417,0.41718408102761
1.70280000000001e-08,1.20731968850783,0.75,0.00296340145367417,0.41718408102761
1.71280000000001e-08,1.20731968850783,0.75,0.00296340145367417,0.41718408102761
1.72280000000001e-08,1.20731968850783,0.75,0.00296340145367417,0.41718408102761
1.73280000000001e-08,1.20731968850783,0.75,0.00296340145367417,0.41718408102761
1.74280000000001e-08,1.20731968850783,0.75,0.00296340145367417,0.41718408102761
1.75280000000001e-08,1.20731968850783,0.75,0.00296340145367417,0.41718408102761
1.76280000000001e-08,1.20731968850783,0.75,0.00296340145367417,0.41718408102761
1.77280000000001e-08,1.20731968850783,0.75,0.00296340145367417,0.41718408102761
1.78280000000001e-08,1.20731968850783,0.75,0.00296340145367417,0.41718408102761
1.79280000000001e-08,1.20731968850783,0.75,0.00296340145367417,0.41718408102761
1.80280000000001e-08,1.20731968850783,0.75,0.00296340145367417,0.41718408102761
1.81280000000001e-08,1.20731968850783,0.75,0.00296340145367417,0.41718408102761
1.82280000000001e-08,1.20731968850783,0.75,0.00296340145367417,0.41718408102761
1.83280000000001e-08,1.20731968850783,0.75,0.00296340145367417,0.41718408102761
1.84280000000001e-08,1.20731968850783,0.75,0.00296340145367417,0.41718408102761
1.85280000000001e-08,1.20731968850783,0.75,0.00296340145367417,0.41718408102761
1.86280000000001e-08,1.20731968850783,0.75,0.00296340145367417,0.41718408102761
1.87280000000001e-08,1.20731968850783,0.75,0.00296340145367417,0.41718408102761
1.88280000000001e-08,1.20731968850783,0.75,0.00296340145367417,0.41718408102761
1.89280000000001e-08,1.20731968850783,0.75,0.00296340145367417,0.41718408102761
1.90280000000001e-08,1.20731968850783,0.75,0.00296340145367417,0.41718408102761
1.91280000000001e-08,1.20731968850783,0.75,0.00296340145367417,0.41718408102761
1.92280000000001e-08,1.20731968850783,0.75,0.00296340145367417,0.41718408102761
1.93280000000001e-08,1.20731968850783,0.75,0.00296340145367417,0.41718408102761
1.94280000000001e-08,1.20731968850783,0.75,0.00296340145367417,0.41718408102761
1.95280000000001e-08,1.20731968850783,0.75,0.00296340145367417,0.41718408102761
1.96280000000001e-08,1.20731968850783,0.75,0.00296340145367417,0.41718408102761
1.97280000000001e-08,1.20731968850783,0.75,0.00296340145367417,0.41718408102761
1.98280000000001e-08,1.20731968850783,0.75,0.00296340145367417,0.41718408102761
1.99280000000001e-08,1.20731968850783,0.75,0.00296340145367417,0.41718408102761
2.00280000000001e-08,1.20731968850783,0.75,0.00296340145367417,0.41718408102761
2.01280000000001e-08,1.20731968850783,0.75,0.00296340145367417,0.41718408102761
2.02280000000001e-08,1.20731968850783,0.75,0.00296340145367417,0.41718408102761
2.03280000000001e-08,1.20731968850783,0.75,0.00296340145367417,0.41718408102761
2.04280000000001e-08,1.20731968850783,0.75,0.00296340145367417,0.41718408102761
2.05280000000001e-08,1.20731968850783,0.75,0.00296340145367417,0.41718408102761
2.06280000000001e-08,1.20731968850783,0.75,0.00296340145367417,0.41718408102761
2.07280000000001e-08,1.20731968850783,0.75,0.00296340145367417,0.41718408102761
2.08280000000001e-08,1.20731968850783,0.75,0.00296340145367417,0.41718408102761
2.09280000000001e-08,1.20731968850783,0.75,0.00296340145367417,0.41718408102761
2.10280000000001e-08,1.20731968850783,0.75,0.00296340145367417,0.41718408102761
2.11280000000001e-08,1.20731968850783,0.75,0.00296340145367417,0.41718408102761
2.12280000000001e-08,1.20731968850783,0.75,0.00296340145367417,0.41718408102761
2.13280000000001e-08,1.20731968850783,0.75,0.00296340145367417,0.41718408102761
2.14280000000001e-08,1.20731968850783,0.75,0.00296340145367417,0.41718408102761
2.15280000000001e-08,1.20731968850783,0.75,0.00296340145367417,0.41718408102761
2.16280000000001e-08,1.20731968850783,0.75,0.00296340145367417,0.41718408102761
2.17280000000001e-08,1.20731968850783,0.75,0.00296340145367417,0.41718408102761
2.18280000000001e-08,1.20731968850783,0.75,0.00296340145367417,0.41718408102761
2.19280000000001e-08,1.20731968850783,0.75,0.00296340145367417,0.41718408102761
2.20280000000001e-08,1.20731968850783,0.75,0.00296340145367417,0.417184081027611
2.21280000000001e-08,1.20731968850783,0.75,0.00296340145367417,0.41718408102761
2.22280000000001e-08,1.20731968850783,0.75,0.00296340145367417,0.41718408102761
2.23280000000001e-08,1.20731968850783,0.75,0.00296340145367417,0.41718408102761
2.24280000000001e-08,1.20731968850783,0.75,0.00296340145367417,0.41718408102761
2.25280000000001e-08,1.20731968850783,0.75,0.00296340145367417,0.41718408102761
2.26280000000001e-08,1.20731968850783,0.75,0.00296340145367417,0.41718408102761
2.27280000000001e-08,1.20731968850783,0.75,0.00296340145367417,0.41718408102761
2.28280000000001e-08,1.20731968850783,0.75,0.00296340145367417,0.41718408102761
2.29280000000001e-08,1.20731968850783,0.75,0.00296340145367417,0.41718408102761
2.30280000000001e-08,1.20731968850783,0.75,0.00296340145367417,0.41718408102761
2.31280000000001e-08,1.20731968850783,0.75,0.00296340145367417,0.41718408102761
2.32280000000002e-08,1.20731968850783,0.75,0.00296340145367417,0.41718408102761
2.33280000000002e-08,1.20731968850783,0.75,0.00296340145367417,0.41718408102761
2.34280000000001e-08,1.20731968850783,0.75,0.00296340145367417,0.41718408102761
2.35280000000001e-08,1.20731968850783,0.75,0.00296340145367417,0.41718408102761
2.36280000000002e-08,1.20731968850783,0.75,0.00296340145367417,0.41718408102761
2.37280000000002e-08,1.20731968850783,0.75,0.00296340145367417,0.41718408102761
2.38280000000001e-08,1.20731968850783,0.75,0.00296340145367417,0.41718408102761
2.39280000000001e-08,1.20731968850783,0.75,0.00296340145367417,0.41718408102761
2.40280000000002e-08,1.20731968850783,0.75,0.00296340145367417,0.41718408102761
2.41280000000002e-08,1.20731968850783,0.75,0.00296340145367417,0.41718408102761
2.42280000000002e-08,1.20731968850783,0.75,0.00296340145367417,0.41718408102761
2.43280000000002e-08,1.20731968850783,0.75,0.00296340145367417,0.41718408102761
2.44280000000002e-08,1.20731968850783,0.75,0.00296340145367417,0.41718408102761
2.45280000000002e-08,1.20731968850783,0.75,0.00296340145367417,0.41718408102761
2.46280000000002e-08,1.20731968850783,0.75,0.00296340145367417,0.41718408102761
2.47280000000002e-08,1.20731968850783,0.75,0.00296340145367417,0.41718408102761
2.48280000000002e-08,1.20731968850783,0.75,0.00296340145367417,0.41718408102761
2.49280000000002e-08,1.20731968850783,0.75,0.00296340145367417,0.41718408102761
2.50280000000002e-08,1.20731968850783,0.75,0.00296340145367417,0.41718408102761
2.51280000000002e-08,1.20731968850783,0.75,0.00296340145367417,0.41718408102761
2.52280000000002e-08,1.20731968850783,0.75,0.00296340145367417,0.41718408102761
2.53280000000002e-08,1.20731968850783,0.75,0.00296340145367417,0.41718408102761
2.54280000000002e-08,1.20731968850783,0.75,0.00296340145367417,0.41718408102761
2.55280000000002e-08,1.20731968850783,0.75,0.00296340145367417,0.41718408102761
2.56280000000002e-08,1.20731968850783,0.75,0.00296340145367417,0.41718408102761
2.57280000000002e-08,1.20731968850783,0.75,0.00296340145367417,0.41718408102761
2.58280000000002e-08,1.20731968850783,0.75,0.00296340145367417,0.41718408102761
2.59280000000002e-08,1.20731968850783,0.75,0.00296340145367417,0.41718408102761
2.60280000000002e-08,1.20731968850783,0.75,0.00296340145367417,0.41718408102761
2.61280000000002e-08,1.20731968850783,0.75,0.00296340145367417,0.41718408102761
2.62280000000002e-08,1.20731968850783,0.75,0.00296340145367417,0.41718408102761
2.63280000000002e-08,1.20731968850783,0.75,0.00296340145367417,0.41718408102761
2.64280000000002e-08,1.20731968850783,0.75,0.00296340145367417,0.41718408102761
2.65280000000002e-08,1.20731968850783,0.75,0.00296340145367417,0.41718408102761
2.66280000000002e-08,1.20731968850783,0.75,0.00296340145367417,0.41718408102761
2.67280000000002e-08,1.20731968850783,0.75,0.00296340145367417,0.41718408102761
2.68280000000002e-08,1.20731968850783,0.75,0.00296340145367417,0.41718408102761
2.69280000000002e-08,1.20731968850783,0.75,0.00296340145367417,0.41718408102761
2.70280000000002e-08,1.20731968850783,0.75,0.00296340145367417,0.41718408102761
2.71280000000002e-08,1.20731968850783,0.75,0.00296340145367417,0.41718408102761
2.72280000000002e-08,1.20731968850783,0.75,0.00296340145367417,0.41718408102761
2.73280000000002e-08,1.20731968850783,0.75,0.00296340145367417,0.41718408102761
2.74280000000002e-08,1.20731968850783,0.75,0.00296340145367417,0.41718408102761
2.75280000000002e-08,1.20731968850783,0.75,0.00296340145367417,0.41718408102761
2.76280000000002e-08,1.20731968850783,0.75,0.00296340145367417,0.41718408102761
2.77280000000002e-08,1.20731968850783,0.75,0.00296340145367417,0.41718408102761
2.78280000000002e-08,1.20731968850783,0.75,0.00296340145367417,0.41718408102761
2.79280000000002e-08,1.20731968850783,0.75,0.00296340145367417,0.41718408102761
2.80280000000002e-08,1.20731968850783,0.75,0.00296340145367417,0.41718408102761
2.81280000000002e-08,1.20731968850783,0.75,0.00296340145367417,0.41718408102761
2.82280000000002e-08,1.20731968850783,0.75,0.00296340145367417,0.41718408102761
2.83280000000002e-08,1.20731968850783,0.75,0.00296340145367417,0.41718408102761
2.84280000000002e-08,1.20731968850783,0.75,0.00296340145367417,0.41718408102761
2.85280000000002e-08,1.20731968850783,0.75,0.00296340145367417,0.41718408102761
2.86280000000002e-08,1.20731968850783,0.75,0.00296340145367417,0.41718408102761
2.87280000000002e-08,1.20731968850783,0.75,0.00296340145367417,0.41718408102761
2.88280000000002e-08,1.20731968850783,0.75,0.00296340145367417,0.41718408102761
2.89280000000002e-08,1.20731968850783,0.75,0.00296340145367417,0.41718408102761
2.90280000000002e-08,1.20731968850783,0.75,0.00296340145367417,0.41718408102761
2.91280000000002e-08,1.20731968850783,0.75,0.00296340145367417,0.41718408102761
2.92280000000002e-08,1.20731968850783,0.75,0.00296340145367417,0.41718408102761
2.93280000000002e-08,1.20731968850783,0.75,0.00296340145367417,0.41718408102761
2.94280000000002e-08,1.20731968850783,0.75,0.00296340145367417,0.41718408102761
2.95280000000002e-08,1.20731968850783,0.75,0.00296340145367417,0.41718408102761
2.96280000000002e-08,1.20731968850783,0.75,0.00296340145367417,0.41718408102761
2.97280000000002e-08,1.20731968850783,0.75,0.00296340145367417,0.41718408102761
2.98280000000002e-08,1.20731968850783,0.75,0.00296340145367417,0.41718408102761
2.99280000000002e-08,1.20731968850783,0.75,0.00296340145367417,0.41718408102761
3.00280000000002e-08,1.20731968850783,0.75,0.00296340145367417,0.41718408102761
3.01280000000002e-08,1.20731968850783,0.75,0.00296340145367417,0.41718408102761
3.02280000000002e-08,1.20731968850783,0.75,0.00296340145367417,0.41718408102761
3.03280000000002e-08,1.20731968850783,0.75,0.00296340145367417,0.41718408102761
3.04280000000002e-08,1.20731968850783,0.75,0.00296340145367417,0.41718408102761
3.05280000000002e-08,1.20731968850783,0.75,0.00296340145367417,0.41718408102761
3.06280000000002e-08,1.20731968850783,0.75,0.00296340145367417,0.41718408102761
3.07280000000002e-08,1.20731968850783,0.75,0.00296340145367417,0.41718408102761
3.08280000000002e-08,1.20731968850783,0.75,0.00296340145367417,0.41718408102761
3.09280000000002e-08,1.20731968850783,0.75,0.00296340145367417,0.41718408102761
3.10280000000002e-08,1.20731968850783,0.75,0.00296340145367417,0.41718408102761
3.11280000000002e-08,1.20731968850783,0.75,0.00296340145367417,0.41718408102761
3.12280000000002e-08,1.20731968850783,0.75,0.00296340145367417,0.41718408102761
3.13280000000002e-08,1.20731968850783,0.75,0.00296340145367417,0.41718408102761
3.14280000000002e-08,1.20731968850783,0.75,0.00296340145367417,0.41718408102761
3.15280000000002e-08,1.20731968850783,0.75,0.00296340145367417,0.41718408102761
3.16280000000002e-08,1.20731968850783,0.75,0.00296340145367417,0.41718408102761
3.17280000000002e-08,1.20731968850783,0.75,0.00296340145367417,0.41718408102761
3.18280000000002e-08,1.20731968850783,0.75,0.00296340145367417,0.41718408102761
3.19280000000002e-08,1.20731968850783,0.75,0.00296340145367417,0.41718408102761
3.20280000000002e-08,1.20731968850783,0.75,0.00296340145367417,0.41718408102761
3.21280000000002e-08,1.20731968850783,0.75,0.00296340145367417,0.41718408102761
3.22280000000002e-08,1.20731968850783,0.75,0.00296340145367417,0.41718408102761
3.23280000000002e-08,1.20731968850783,0.75,0.00296340145367417,0.41718408102761
3.24280000000002e-08,1.20731968850783,0.75,0.00296340145367417,0.41718408102761
3.25280000000002e-08,1.20731968850783,0.75,0.00296340145367417,0.41718408102761
3.26280000000002e-08,1.20731968850783,0.75,0.00296340145367417,0.41718408102761
3.27280000000002e-08,1.20731968850783,0.75,0.00296340145367417,0.41718408102761
3.28280000000002e-08,1.20731968850783,0.75,0.00296340145367417,0.41718408102761
3.29280000000002e-08,1.20731968850783,0.75,0.00296340145367417,0.41718408102761
3.30280000000002e-08,1.20731968850783,0.75,0.00296340145367417,0.41718408102761
3.31280000000002e-08,1.20731968850783,0.75,0.00296340145367417,0.41718408102761
3.32280000000002e-08,1.20731968850783,0.75,0.00296340145367417,0.41718408102761
3.33280000000002e-08,1.20731968850783,0.75,0.00296340145367417,0.41718408102761
3.34280000000002e-08,1.20731968850783,0.75,0.00296340145367417,0.41718408102761
3.35280000000002e-08,1.20731968850783,0.75,0.00296340145367417,0.41718408102761
3.36280000000002e-08,1.20731968850783,0.75,0.00296340145367417,0.41718408102761
3.37280000000002e-08,1.20731968850783,0.75,0.00296340145367417,0.41718408102761
3.38280000000002e-08,1.20731968850783,0.75,0.00296340145367417,0.41718408102761
3.39280000000002e-08,1.20731968850783,0.75,0.00296340145367417,0.41718408102761
3.40280000000002e-08,1.20731968850783,0.75,0.00296340145367417,0.41718408102761
3.41280000000002e-08,1.20731968850783,0.75,0.00296340145367417,0.41718408102761
3.42280000000003e-08,1.20731968850783,0.75,0.00296340145367417,0.41718408102761
3.43280000000003e-08,1.20731968850783,0.75,0.00296340145367417,0.41718408102761
3.44280000000002e-08,1.20731968850783,0.75,0.00296340145367417,0.41718408102761
3.45280000000002e-08,1.20731968850783,0.75,0.00296340145367417,0.41718408102761
3.46280000000002e-08,1.20731968850783,0.75,0.00296340145367417,0.41718408102761
3.47280000000002e-08,1.20731968850783,0.75,0.00296340145367417,0.41718408102761
3.48280000000003e-08,1.20731968850783,0.75,0.00296340145367417,0.41718408102761
3.49280000000003e-08,1.20731968850783,0.75,0.00296340145367417,0.41718408102761
3.50280000000003e-08,1.20731968850783,0.75,0.00296340145367417,0.41718408102761
3.51280000000002e-08,1.20731968850783,0.75,0.00296340145367417,0.41718408102761
3.52280000000002e-08,1.20731968850783,0.75,0.00296340145367417,0.41718408102761
3.53280000000003e-08,1.20731968850783,0.75,0.00296340145367417,0.41718408102761
3.54280000000003e-08,1.20731968850783,0.75,0.00296340145367417,0.41718408102761
3.55280000000003e-08,1.20731968850783,0.75,0.00296340145367417,0.41718408102761
3.56280000000003e-08,1.20731968850783,0.75,0.00296340145367417,0.41718408102761
3.57280000000003e-08,1.20731968850783,0.75,0.00296340145367417,0.417184081027611
3.58280000000003e-08,1.20731968850783,0.75,0.00296340145367417,0.41718408102761
3.59280000000003e-08,1.20731968850783,0.75,0.00296340145367417,0.41718408102761
3.60280000000003e-08,1.20731968850783,0.75,0.00296340145367417,0.41718408102761
3.61280000000003e-08,1.20731968850783,0.75,0.00296340145367417,0.41718408102761
3.62280000000003e-08,1.20731968850783,0.75,0.00296340145367417,0.41718408102761
3.63280000000003e-08,1.20731968850783,0.75,0.00296340145367417,0.41718408102761
3.64280000000003e-08,1.20731968850783,0.75,0.00296340145367417,0.41718408102761
3.65280000000003e-08,1.20731968850783,0.75,0.00296340145367417,0.41718408102761
3.66280000000003e-08,1.20731968850783,0.75,0.00296340145367417,0.41718408102761
3.67280000000003e-08,1.20731968850783,0.75,0.00296340145367417,0.41718408102761
3.68280000000003e-08,1.20731968850783,0.75,0.00296340145367417,0.41718408102761
3.69280000000003e-08,1.20731968850783,0.75,0.00296340145367417,0.41718408102761
3.70280000000003e-08,1.20731968850783,0.75,0.00296340145367417,0.41718408102761
3.71280000000003e-08,1.20731968850783,0.75,0.00296340145367417,0.41718408102761
3.72280000000003e-08,1.20731968850783,0.75,0.00296340145367417,0.41718408102761
3.73280000000003e-08,1.20731968850783,0.75,0.00296340145367417,0.41718408102761
3.74280000000003e-08,1.20731968850783,0.75,0.00296340145367417,0.41718408102761
3.75280000000003e-08,1.20731968850783,0.75,0.00296340145367417,0.41718408102761
3.76280000000003e-08,1.20731968850783,0.75,0.00296340145367417,0.41718408102761
3.77280000000003e-08,1.20731968850783,0.75,0.00296340145367417,0.41718408102761
3.78280000000003e-08,1.20731968850783,0.75,0.00296340145367417,0.41718408102761
3.79280000000003e-08,1.20731968850783,0.75,0.00296340145367417,0.41718408102761
3.80280000000003e-08,1.20731968850783,0.75,0.00296340145367417,0.41718408102761
3.81280000000003e-08,1.20731968850783,0.75,0.00296340145367417,0.41718408102761
3.82280000000003e-08,1.20731968850783,0.75,0.00296340145367417,0.41718408102761
3.83280000000003e-08,1.20731968850783,0.75,0.00296340145367417,0.41718408102761
3.84280000000003e-08,1.20731968850783,0.75,0.00296340145367417,0.41718408102761
3.85280000000003e-08,1.20731968850783,0.75,0.00296340145367417,0.41718408102761
3.86280000000003e-08,1.20731968850783,0.75,0.00296340145367417,0.41718408102761
3.87280000000003e-08,1.20731968850783,0.75,0.00296340145367417,0.41718408102761
3.88280000000003e-08,1.20731968850783,0.75,0.00296340145367417,0.41718408102761
3.89280000000003e-08,1.20731968850783,0.75,0.00296340145367417,0.41718408102761
3.90280000000003e-08,1.20731968850783,0.75,0.00296340145367417,0.41718408102761
3.91280000000003e-08,1.20731968850783,0.75,0.00296340145367417,0.41718408102761
3.92280000000003e-08,1.20731968850783,0.75,0.00296340145367417,0.41718408102761
3.93280000000003e-08,1.20731968850783,0.75,0.00296340145367417,0.41718408102761
3.94280000000003e-08,1.20731968850783,0.75,0.00296340145367417,0.41718408102761
3.95280000000003e-08,1.20731968850783,0.75,0.00296340145367417,0.41718408102761
3.96280000000003e-08,1.20731968850783,0.75,0.00296340145367417,0.41718408102761
3.97280000000003e-08,1.20731968850783,0.75,0.00296340145367417,0.41718408102761
3.98280000000003e-08,1.20731968850783,0.75,0.00296340145367417,0.41718408102761
3.99280000000003e-08,1.20731968850783,0.75,0.00296340145367417,0.41718408102761
4.00280000000003e-08,1.20731968850783,0.75,0.00296340145367417,0.41718408102761
4.01280000000003e-08,1.20731968850783,0.75,0.00296340145367417,0.41718408102761
4.02280000000003e-08,1.20731968850783,0.75,0.00296340145367417,0.41718408102761
4.03280000000003e-08,1.20731968850783,0.75,0.00296340145367417,0.41718408102761
4.04280000000003e-08,1.20731968850783,0.75,0.00296340145367417,0.41718408102761
4.05280000000003e-08,1.20731968850783,0.75,0.00296340145367417,0.41718408102761
4.06280000000003e-08,1.20731968850783,0.75,0.00296340145367417,0.41718408102761
4.07280000000003e-08,1.20731968850783,0.75,0.00296340145367417,0.41718408102761
4.08280000000003e-08,1.20731968850783,0.75,0.00296340145367417,0.41718408102761
4.09280000000003e-08,1.20731968850783,0.75,0.00296340145367417,0.41718408102761
4.10280000000003e-08,1.20731968850783,0.75,0.00296340145367417,0.41718408102761
4.11280000000003e-08,1.20731968850783,0.75,0.00296340145367417,0.41718408102761
4.12280000000003e-08,1.20731968850783,0.75,0.00296340145367417,0.41718408102761
4.13280000000003e-08,1.20731968850783,0.75,0.00296340145367417,0.41718408102761
4.14280000000003e-08,1.20731968850783,0.75,0.00296340145367417,0.41718408102761
4.15280000000003e-08,1.20731968850783,0.75,0.00296340145367417,0.41718408102761
4.16280000000003e-08,1.20731968850783,0.75,0.00296340145367417,0.41718408102761
4.17280000000003e-08,1.20731968850783,0.75,0.00296340145367417,0.41718408102761
4.18280000000003e-08,1.20731968850783,0.75,0.00296340145367417,0.41718408102761
4.19280000000003e-08,1.20731968850783,0.75,0.00296340145367417,0.41718408102761
4.20280000000003e-08,1.20731968850783,0.75,0.00296340145367417,0.41718408102761
4.21280000000003e-08,1.20731968850783,0.75,0.00296340145367417,0.41718408102761
4.22280000000003e-08,1.20731968850783,0.75,0.00296340145367417,0.41718408102761
4.23280000000003e-08,1.20731968850783,0.75,0.00296340145367417,0.41718408102761
4.24280000000003e-08,1.20731968850783,0.75,0.00296340145367417,0.41718408102761
4.25280000000003e-08,1.20731968850783,0.75,0.00296340145367417,0.41718408102761
4.26280000000003e-08,1.20731968850783,0.75,0.00296340145367417,0.41718408102761
4.27280000000003e-08,1.20731968850783,0.75,0.00296340145367417,0.41718408102761
4.28280000000003e-08,1.20731968850783,0.75,0.00296340145367417,0.41718408102761
4.29280000000003e-08,1.20731968850783,0.75,0.00296340145367417,0.41718408102761
4.30280000000003e-08,1.20731968850783,0.75,0.00296340145367417,0.41718408102761
4.31280000000003e-08,1.20731968850783,0.75,0.00296340145367417,0.41718408102761
4.32280000000003e-08,1.20731968850783,0.75,0.00296340145367417,0.41718408102761
4.33280000000003e-08,1.20731968850783,0.75,0.00296340145367417,0.41718408102761
4.34280000000003e-08,1.20731968850783,0.75,0.00296340145367417,0.41718408102761
4.35280000000003e-08,1.20731968850783,0.75,0.00296340145367417,0.41718408102761
4.36280000000003e-08,1.20731968850783,0.75,0.00296340145367417,0.41718408102761
4.37280000000003e-08,1.20731968850783,0.75,0.00296340145367417,0.41718408102761
4.38280000000003e-08,1.20731968850783,0.75,0.00296340145367417,0.41718408102761
4.39280000000003e-08,1.20731968850783,0.75,0.00296340145367417,0.41718408102761
4.40280000000003e-08,1.20731968850783,0.75,0.00296340145367417,0.41718408102761
4.41280000000003e-08,1.20731968850783,0.75,0.00296340145367417,0.41718408102761
4.42280000000003e-08,1.20731968850783,0.75,0.00296340145367417,0.41718408102761
4.43280000000003e-08,1.20731968850783,0.75,0.00296340145367417,0.41718408102761
4.44280000000003e-08,1.20731968850783,0.75,0.00296340145367417,0.41718408102761
4.45280000000003e-08,1.20731968850783,0.75,0.00296340145367417,0.41718408102761
4.46280000000003e-08,1.20731968850783,0.75,0.00296340145367417,0.41718408102761
4.47280000000003e-08,1.20731968850783,0.75,0.00296340145367417,0.41718408102761
4.48280000000003e-08,1.20731968850783,0.75,0.00296340145367417,0.41718408102761
4.49280000000003e-08,1.20731968850783,0.75,0.00296340145367417,0.41718408102761
4.50280000000003e-08,1.20731968850783,0.75,0.00296340145367417,0.41718408102761
4.51280000000003e-08,1.20731968850783,0.75,0.00296340145367417,0.41718408102761
4.52280000000003e-08,1.20731968850783,0.75,0.00296340145367417,0.41718408102761
4.53280000000003e-08,1.20731968850783,0.75,0.00296340145367417,0.41718408102761
4.54280000000004e-08,1.20731968850783,0.75,0.00296340145367417,0.41718408102761
4.55280000000004e-08,1.20731968850783,0.75,0.00296340145367417,0.41718408102761
4.56280000000003e-08,1.20731968850783,0.75,0.00296340145367417,0.41718408102761
4.57280000000003e-08,1.20731968850783,0.75,0.00296340145367417,0.41718408102761
4.58280000000003e-08,1.20731968850783,0.75,0.00296340145367417,0.41718408102761
4.59280000000004e-08,1.20731968850783,0.75,0.00296340145367417,0.41718408102761
4.60280000000004e-08,1.20731968850783,0.75,0.00296340145367417,0.41718408102761
4.61280000000004e-08,1.20731968850783,0.75,0.00296340145367417,0.41718408102761
4.62280000000004e-08,1.20731968850783,0.75,0.00296340145367417,0.41718408102761
4.63280000000003e-08,1.20731968850783,0.75,0.00296340145367417,0.41718408102761
4.64280000000003e-08,1.20731968850783,0.75,0.00296340145367417,0.41718408102761
4.65280000000004e-08,1.20731968850783,0.75,0.00296340145367417,0.41718408102761
4.66280000000004e-08,1.20731968850783,0.75,0.00296340145367417,0.41718408102761
4.67280000000004e-08,1.20731968850783,0.75,0.00296340145367417,0.41718408102761
4.68280000000004e-08,1.20731968850783,0.75,0.00296340145367417,0.41718408102761
4.69280000000004e-08,1.20731968850783,0.75,0.00296340145367417,0.41718408102761
4.70280000000004e-08,1.20731968850783,0.75,0.00296340145367417,0.41718408102761
4.71280000000004e-08,1.20731968850783,0.75,0.00296340145367417,0.41718408102761
4.72280000000004e-08,1.20731968850783,0.75,0.00296340145367417,0.41718408102761
4.73280000000004e-08,1.20731968850783,0.75,0.00296340145367417,0.41718408102761
4.74280000000004e-08,1.20731968850783,0.75,0.00296340145367417,0.41718408102761
4.75280000000004e-08,1.20731968850783,0.75,0.00296340145367417,0.41718408102761
4.76280000000004e-08,1.20731968850783,0.75,0.00296340145367417,0.41718408102761
4.77280000000004e-08,1.20731968850783,0.75,0.00296340145367417,0.41718408102761
4.78280000000004e-08,1.20731968850783,0.75,0.00296340145367417,0.41718408102761
4.79280000000004e-08,1.20731968850783,0.75,0.00296340145367417,0.41718408102761
4.80280000000004e-08,1.20731968850783,0.75,0.00296340145367417,0.41718408102761
4.81280000000004e-08,1.20731968850783,0.75,0.00296340145367417,0.41718408102761
4.82280000000004e-08,1.20731968850783,0.75,0.00296340145367417,0.41718408102761
4.83280000000004e-08,1.20731968850783,0.75,0.00296340145367417,0.41718408102761
4.84280000000004e-08,1.20731968850783,0.75,0.00296340145367417,0.41718408102761
4.85280000000004e-08,1.20731968850783,0.75,0.00296340145367417,0.41718408102761
4.86280000000004e-08,1.20731968850783,0.75,0.00296340145367417,0.41718408102761
4.87280000000004e-08,1.20731968850783,0.75,0.00296340145367417,0.41718408102761
4.88280000000004e-08,1.20731968850783,0.75,0.00296340145367417,0.41718408102761
4.89280000000004e-08,1.20731968850783,0.75,0.00296340145367417,0.41718408102761
4.90280000000004e-08,1.20731968850783,0.75,0.00296340145367417,0.41718408102761
4.91280000000004e-08,1.20731968850783,0.75,0.00296340145367417,0.41718408102761
4.92280000000004e-08,1.20731968850783,0.75,0.00296340145367417,0.41718408102761
4.93280000000004e-08,1.20731968850783,0.75,0.00296340145367417,0.41718408102761
4.94280000000004e-08,1.20731968850783,0.75,0.00296340145367417,0.417184081027611
4.95280000000004e-08,1.20731968850783,0.75,0.00296340145367417,0.41718408102761
4.96280000000004e-08,1.20731968850783,0.75,0.00296340145367417,0.41718408102761
4.97280000000004e-08,1.20731968850783,0.75,0.00296340145367417,0.41718408102761
4.98280000000004e-08,1.20731968850783,0.75,0.00296340145367417,0.41718408102761
4.99280000000004e-08,1.20731968850783,0.75,0.00296340145367417,0.41718408102761
5.00280000000004e-08,1.20731968850783,0.75,0.00296340145367417,0.41718408102761
5.01280000000004e-08,1.20731968850783,0.75,0.00296340145367417,0.41718408102761
5.02280000000004e-08,1.20731968850783,0.75,0.00296340145367417,0.41718408102761
5.03280000000004e-08,1.20731968850783,0.75,0.00296340145367417,0.41718408102761
5.04280000000004e-08,1.20731968850783,0.75,0.00296340145367417,0.41718408102761
5.05280000000004e-08,1.20731968850783,0.75,0.00296340145367417,0.41718408102761
5.06280000000004e-08,1.20731968850783,0.75,0.00296340145367417,0.41718408102761
5.07280000000004e-08,1.20731968850783,0.75,0.00296340145367417,0.41718408102761
5.08280000000004e-08,1.20731968850783,0.75,0.00296340145367417,0.41718408102761
5.09280000000004e-08,1.20731968850783,0.75,0.00296340145367417,0.41718408102761
5.10280000000004e-08,1.20731968850783,0.75,0.00296340145367417,0.41718408102761
5.11280000000004e-08,1.20731968850783,0.75,0.00296340145367417,0.41718408102761
5.12280000000004e-08,1.20731968850783,0.75,0.00296340145367417,0.41718408102761
5.13280000000004e-08,1.20731968850783,0.75,0.00296340145367417,0.41718408102761
5.14280000000004e-08,1.20731968850783,0.75,0.00296340145367417,0.41718408102761
5.15280000000004e-08,1.20731968850783,0.75,0.00296340145367417,0.41718408102761
5.16280000000004e-08,1.20731968850783,0.75,0.00296340145367417,0.41718408102761
5.17280000000004e-08,1.20731968850783,0.75,0.00296340145367417,0.41718408102761
5.18280000000004e-08,1.20731968850783,0.75,0.00296340145367417,0.41718408102761
5.19280000000004e-08,1.20731968850783,0.75,0.00296340145367417,0.41718408102761
5.20280000000004e-08,1.20731968850783,0.75,0.00296340145367417,0.41718408102761
5.21280000000004e-08,1.20731968850783,0.75,0.00296340145367417,0.41718408102761
5.22280000000004e-08,1.20731968850783,0.75,0.00296340145367417,0.41718408102761
5.23280000000004e-08,1.20731968850783,0.75,0.00296340145367417,0.41718408102761
5.24280000000004e-08,1.20731968850783,0.75,0.00296340145367417,0.41718408102761
5.25280000000004e-08,1.20731968850783,0.75,0.00296340145367417,0.41718408102761
5.26280000000004e-08,1.20731968850783,0.75,0.00296340145367417,0.41718408102761
5.27280000000004e-08,1.20731968850783,0.75,0.00296340145367417,0.41718408102761
5.28280000000004e-08,1.20731968850783,0.75,0.00296340145367417,0.41718408102761
5.29280000000004e-08,1.20731968850783,0.75,0.00296340145367417,0.41718408102761
5.30280000000004e-08,1.20731968850783,0.75,0.00296340145367417,0.41718408102761
5.31280000000004e-08,1.20731968850783,0.75,0.00296340145367417,0.41718408102761
5.32280000000004e-08,1.20731968850783,0.75,0.00296340145367417,0.41718408102761
5.33280000000004e-08,1.20731968850783,0.75,0.00296340145367417,0.41718408102761
5.34280000000004e-08,1.20731968850783,0.75,0.00296340145367417,0.41718408102761
5.35280000000004e-08,1.20731968850783,0.75,0.00296340145367417,0.41718408102761
5.36280000000004e-08,1.20731968850783,0.75,0.00296340145367417,0.41718408102761
5.37280000000004e-08,1.20731968850783,0.75,0.00296340145367417,0.41718408102761
5.38280000000004e-08,1.20731968850783,0.75,0.00296340145367417,0.41718408102761
5.39280000000004e-08,1.20731968850783,0.75,0.00296340145367417,0.41718408102761
5.40280000000004e-08,1.20731968850783,0.75,0.00296340145367417,0.41718408102761
5.41280000000004e-08,1.20731968850783,0.75,0.00296340145367417,0.41718408102761
5.42280000000004e-08,1.20731968850783,0.75,0.00296340145367417,0.41718408102761
5.43280000000004e-08,1.20731968850783,0.75,0.00296340145367417,0.41718408102761
5.44280000000004e-08,1.20731968850783,0.75,0.00296340145367417,0.41718408102761
5.45280000000004e-08,1.20731968850783,0.75,0.00296340145367417,0.41718408102761
5.46280000000004e-08,1.20731968850783,0.75,0.00296340145367417,0.41718408102761
5.47280000000004e-08,1.20731968850783,0.75,0.00296340145367417,0.41718408102761
5.48280000000004e-08,1.20731968850783,0.75,0.00296340145367417,0.41718408102761
5.49280000000004e-08,1.20731968850783,0.75,0.00296340145367417,0.41718408102761
5.50280000000004e-08,1.20731968850783,0.75,0.00296340145367417,0.41718408102761
5.51280000000004e-08,1.20731968850783,0.75,0.00296340145367417,0.41718408102761
5.52280000000004e-08,1.20731968850783,0.75,0.00296340145367417,0.41718408102761
5.53280000000004e-08,1.20731968850783,0.75,0.00296340145367417,0.41718408102761
5.54280000000004e-08,1.20731968850783,0.75,0.00296340145367417,0.41718408102761
5.55280000000004e-08,1.20731968850783,0.75,0.00296340145367417,0.41718408102761
5.56280000000004e-08,1.20731968850783,0.75,0.00296340145367417,0.41718408102761
5.57280000000004e-08,1.20731968850783,0.75,0.00296340145367417,0.41718408102761
5.58280000000004e-08,1.20731968850783,0.75,0.00296340145367417,0.41718408102761
5.59280000000004e-08,1.20731968850783,0.75,0.00296340145367417,0.41718408102761
5.60280000000004e-08,1.20731968850783,0.75,0.00296340145367417,0.41718408102761
5.61280000000004e-08,1.20731968850783,0.75,0.00296340145367417,0.41718408102761
5.62280000000004e-08,1.20731968850783,0.75,0.00296340145367417,0.41718408102761
5.63280000000004e-08,1.20731968850783,0.75,0.00296340145367417,0.41718408102761
5.64280000000004e-08,1.20731968850783,0.75,0.00296340145367417,0.41718408102761
5.65280000000005e-08,1.20731968850783,0.75,0.00296340145367417,0.41718408102761
5.66280000000005e-08,1.20731968850783,0.75,0.00296340145367417,0.41718408102761
5.67280000000004e-08,1.20731968850783,0.75,0.00296340145367417,0.41718408102761
5.68280000000004e-08,1.20731968850783,0.75,0.00296340145367417,0.41718408102761
5.69280000000004e-08,1.20731968850783,0.75,0.00296340145367417,0.41718408102761
5.70280000000004e-08,1.20731968850783,0.75,0.00296340145367417,0.41718408102761
5.71280000000005e-08,1.20731968850783,0.75,0.00296340145367417,0.41718408102761
5.72280000000005e-08,1.20731968850783,0.75,0.00296340145367417,0.41718408102761
5.73280000000005e-08,1.20731968850783,0.75,0.00296340145367417,0.41718408102761
5.74280000000005e-08,1.20731968850783,0.75,0.00296340145367417,0.41718408102761
5.75280000000004e-08,1.20731968850783,0.75,0.00296340145367417,0.41718408102761
5.76280000000004e-08,1.20731968850783,0.75,0.00296340145367417,0.41718408102761
5.77280000000005e-08,1.20731968850783,0.75,0.00296340145367417,0.41718408102761
5.78280000000005e-08,1.20731968850783,0.75,0.00296340145367417,0.41718408102761
5.79280000000005e-08,1.20731968850783,0.75,0.00296340145367417,0.41718408102761
5.80280000000005e-08,1.20731968850783,0.75,0.00296340145367417,0.41718408102761
5.81280000000005e-08,1.20731968850783,0.75,0.00296340145367417,0.41718408102761
5.82280000000005e-08,1.20731968850783,0.75,0.00296340145367417,0.41718408102761
5.83280000000005e-08,1.20731968850783,0.75,0.00296340145367417,0.41718408102761
5.84280000000005e-08,1.20731968850783,0.75,0.00296340145367417,0.41718408102761
5.85280000000005e-08,1.20731968850783,0.75,0.00296340145367417,0.41718408102761
5.86280000000005e-08,1.20731968850783,0.75,0.00296340145367417,0.41718408102761
5.87280000000005e-08,1.20731968850783,0.75,0.00296340145367417,0.41718408102761
5.88280000000005e-08,1.20731968850783,0.75,0.00296340145367417,0.41718408102761
5.89280000000005e-08,1.20731968850783,0.75,0.00296340145367417,0.41718408102761
5.90280000000005e-08,1.20731968850783,0.75,0.00296340145367417,0.41718408102761
5.91280000000005e-08,1.20731968850783,0.75,0.00296340145367417,0.41718408102761
5.92280000000005e-08,1.20731968850783,0.75,0.00296340145367417,0.41718408102761
5.93280000000005e-08,1.20731968850783,0.75,0.00296340145367417,0.41718408102761
5.94280000000005e-08,1.20731968850783,0.75,0.00296340145367417,0.41718408102761
5.95280000000005e-08,1.20731968850783,0.75,0.00296340145367417,0.41718408102761
5.96280000000005e-08,1.20731968850783,0.75,0.00296340145367417,0.41718408102761
5.97280000000005e-08,1.20731968850783,0.75,0.00296340145367417,0.41718408102761
5.98280000000005e-08,1.20731968850783,0.75,0.00296340145367417,0.41718408102761
5.99280000000005e-08,1.20731968850783,0.75,0.00296340145367417,0.41718408102761
6.00280000000004e-08,1.20731968850783,0.75,0.00296340145367417,0.41718408102761
6.01280000000004e-08,1.20731968850783,0.75,0.00296340145367417,0.41718408102761
6.02280000000004e-08,1.20731968850783,0.75,0.00296340145367417,0.41718408102761
6.03280000000004e-08,1.20731968850783,0.75,0.00296340145367417,0.41718408102761
6.04280000000004e-08,1.20731968850783,0.75,0.00296340145367417,0.41718408102761
6.05280000000004e-08,1.20731968850783,0.75,0.00296340145367417,0.41718408102761
6.06280000000004e-08,1.20731968850783,0.75,0.00296340145367417,0.41718408102761
6.07280000000004e-08,1.20731968850783,0.75,0.00296340145367417,0.41718408102761
6.08280000000004e-08,1.20731968850783,0.75,0.00296340145367417,0.41718408102761
6.09280000000004e-08,1.20731968850783,0.75,0.00296340145367417,0.41718408102761
6.10280000000004e-08,1.20731968850783,0.75,0.00296340145367417,0.41718408102761
6.11280000000004e-08,1.20731968850783,0.75,0.00296340145367417,0.41718408102761
6.12280000000004e-08,1.20731968850783,0.75,0.00296340145367417,0.41718408102761
6.13280000000004e-08,1.20731968850783,0.75,0.00296340145367417,0.41718408102761
6.14280000000004e-08,1.20731968850783,0.75,0.00296340145367417,0.41718408102761
6.15280000000004e-08,1.20731968850783,0.75,0.00296340145367417,0.41718408102761
6.16280000000004e-08,1.20731968850783,0.75,0.00296340145367417,0.41718408102761
6.17280000000004e-08,1.20731968850783,0.75,0.00296340145367417,0.41718408102761
6.18280000000003e-08,1.20731968850783,0.75,0.00296340145367417,0.41718408102761
6.19280000000003e-08,1.20731968850783,0.75,0.00296340145367417,0.41718408102761
6.20280000000003e-08,1.20731968850783,0.75,0.00296340145367417,0.41718408102761
6.21280000000003e-08,1.20731968850783,0.75,0.00296340145367417,0.41718408102761
6.22280000000003e-08,1.20731968850783,0.75,0.00296340145367417,0.41718408102761
6.23280000000003e-08,1.20731968850783,0.75,0.00296340145367417,0.41718408102761
6.24280000000003e-08,1.20731968850783,0.75,0.00296340145367417,0.41718408102761
6.25280000000003e-08,1.20731968850783,0.75,0.00296340145367417,0.41718408102761
6.26280000000003e-08,1.20731968850783,0.75,0.00296340145367417,0.41718408102761
6.27280000000003e-08,1.20731968850783,0.75,0.00296340145367417,0.41718408102761
6.28280000000003e-08,1.20731968850783,0.75,0.00296340145367417,0.41718408102761
6.29280000000003e-08,1.20731968850783,0.75,0.00296340145367417,0.41718408102761
6.30280000000003e-08,1.20731968850783,0.75,0.00296340145367417,0.41718408102761
6.31280000000003e-08,1.20731968850783,0.75,0.00296340145367417,0.41718408102761
6.32280000000003e-08,1.20731968850783,0.75,0.00296340145367417,0.41718408102761
6.33280000000003e-08,1.20731968850783,0.75,0.00296340145367417,0.41718408102761
6.34280000000003e-08,1.20731968850783,0.75,0.00296340145367417,0.41718408102761
6.35280000000002e-08,1.20731968850783,0.75,0.00296340145367417,0.41718408102761
6.36280000000002e-08,1.20731968850783,0.75,0.00296340145367417,0.41718408102761
6.37280000000002e-08,1.20731968850783,0.75,0.00296340145367417,0.41718408102761
6.38280000000002e-08,1.20731968850783,0.75,0.00296340145367417,0.41718408102761
6.39280000000002e-08,1.20731968850783,0.75,0.00296340145367417,0.41718408102761
6.40280000000002e-08,1.20731968850783,0.75,0.00296340145367417,0.41718408102761
6.41280000000002e-08,1.20731968850783,0.75,0.00296340145367417,0.41718408102761
6.42280000000002e-08,1.20731968850783,0.75,0.00296340145367417,0.41718408102761
6.43280000000002e-08,1.20731968850783,0.75,0.00296340145367417,0.41718408102761
6.44280000000002e-08,1.20731968850783,0.75,0.00296340145367417,0.41718408102761
6.45280000000002e-08,1.20731968850783,0.75,0.00296340145367417,0.41718408102761
6.46280000000002e-08,1.20731968850783,0.75,0.00296340145367417,0.41718408102761
6.47280000000002e-08,1.20731968850783,0.75,0.00296340145367417,0.41718408102761
6.48280000000002e-08,1.20731968850783,0.75,0.00296340145367417,0.41718408102761
6.49280000000002e-08,1.20731968850783,0.75,0.00296340145367417,0.41718408102761
6.50280000000002e-08,1.20731968850783,0.75,0.00296340145367417,0.41718408102761
6.51280000000002e-08,1.20731968850783,0.75,0.00296340145367417,0.41718408102761
6.52280000000002e-08,1.20731968850783,0.75,0.00296340145367417,0.41718408102761
6.53280000000001e-08,1.20731968850783,0.75,0.00296340145367417,0.41718408102761
6.54280000000001e-08,1.20731968850783,0.75,0.00296340145367417,0.41718408102761
6.55280000000001e-08,1.20731968850783,0.75,0.00296340145367417,0.41718408102761
6.56280000000001e-08,1.20731968850783,0.75,0.00296340145367417,0.41718408102761
6.57280000000001e-08,1.20731968850783,0.75,0.00296340145367417,0.41718408102761
6.58280000000001e-08,1.20731968850783,0.75,0.00296340145367417,0.41718408102761
6.59280000000001e-08,1.20731968850783,0.75,0.00296340145367417,0.41718408102761
6.60280000000001e-08,1.20731968850783,0.75,0.00296340145367417,0.41718408102761
6.61280000000001e-08,1.20731968850783,0.75,0.00296340145367417,0.41718408102761
6.62280000000001e-08,1.20731968850783,0.75,0.00296340145367417,0.41718408102761
6.63280000000001e-08,1.20731968850783,0.75,0.00296340145367417,0.41718408102761
6.64280000000001e-08,1.20731968850783,0.75,0.00296340145367417,0.41718408102761
6.65280000000001e-08,1.20731968850783,0.75,0.00296340145367417,0.41718408102761
6.66280000000001e-08,1.20731968850783,0.75,0.00296340145367417,0.41718408102761
6.67280000000001e-08,1.20731968850783,0.75,0.00296340145367417,0.41718408102761
6.68280000000001e-08,1.20731968850783,0.75,0.00296340145367417,0.41718408102761
6.69280000000001e-08,1.20731968850783,0.75,0.00296340145367417,0.41718408102761
6.7028e-08,1.20731968850783,0.75,0.00296340145367417,0.41718408102761
6.7128e-08,1.20731968850783,0.75,0.00296340145367417,0.41718408102761
6.7228e-08,1.20731968850783,0.75,0.00296340145367417,0.41718408102761
6.7328e-08,1.20731968850783,0.75,0.00296340145367417,0.41718408102761
6.7428e-08,1.20731968850783,0.75,0.00296340145367417,0.41718408102761
6.7528e-08,1.20731968850783,0.75,0.00296340145367417,0.41718408102761
6.7628e-08,1.20731968850783,0.75,0.00296340145367417,0.41718408102761
6.7728e-08,1.20731968850783,0.75,0.00296340145367417,0.41718408102761
6.7828e-08,1.20731968850783,0.75,0.00296340145367417,0.41718408102761
6.7928e-08,1.20731968850783,0.75,0.00296340145367417,0.41718408102761
6.8028e-08,1.20731968850783,0.75,0.00296340145367417,0.41718408102761
6.8128e-08,1.20731968850783,0.75,0.00296340145367417,0.41718408102761
6.8228e-08,1.20731968850783,0.75,0.00296340145367417,0.41718408102761
6.8328e-08,1.20731968850783,0.75,0.00296340145367417,0.41718408102761
6.8428e-08,1.20731968850783,0.75,0.00296340145367417,0.41718408102761
6.8528e-08,1.20731968850783,0.75,0.00296340145367417,0.41718408102761
6.8628e-08,1.20731968850783,0.75,0.00296340145367417,0.41718408102761
6.8728e-08,1.20731968850783,0.75,0.00296340145367417,0.41718408102761
6.88279999999999e-08,1.20731968850783,0.75,0.00296340145367417,0.41718408102761
6.89279999999999e-08,1.20731968850783,0.75,0.00296340145367417,0.41718408102761
6.90279999999999e-08,1.20731968850783,0.75,0.00296340145367417,0.41718408102761
6.91279999999999e-08,1.20731968850783,0.75,0.00296340145367417,0.41718408102761
6.92279999999999e-08,1.20731968850783,0.75,0.00296340145367417,0.41718408102761
6.93279999999999e-08,1.20731968850783,0.75,0.00296340145367417,0.41718408102761
6.94279999999999e-08,1.20731968850783,0.75,0.00296340145367417,0.41718408102761
6.95279999999999e-08,1.20731968850783,0.75,0.00296340145367417,0.41718408102761
6.96279999999999e-08,1.20731968850783,0.75,0.00296340145367417,0.41718408102761
6.97279999999999e-08,1.20731968850783,0.75,0.00296340145367417,0.41718408102761
6.98279999999999e-08,1.20731968850783,0.75,0.00296340145367417,0.41718408102761
6.99279999999999e-08,1.20731968850783,0.75,0.00296340145367417,0.41718408102761
7.00279999999999e-08,1.20731968850783,0.75,0.00296340145367417,0.41718408102761
7.01279999999999e-08,1.20731968850783,0.75,0.00296340145367417,0.41718408102761
7.02279999999999e-08,1.20731968850783,0.75,0.00296340145367417,0.41718408102761
7.03279999999999e-08,1.20731968850783,0.75,0.00296340145367417,0.41718408102761
7.04279999999999e-08,1.20731968850783,0.75,0.00296340145367417,0.41718408102761
7.05279999999998e-08,1.20731968850783,0.75,0.00296340145367417,0.41718408102761
7.06279999999998e-08,1.20731968850783,0.75,0.00296340145367417,0.41718408102761
7.07279999999998e-08,1.20731968850783,0.75,0.00296340145367417,0.41718408102761
7.08279999999998e-08,1.20731968850783,0.75,0.00296340145367417,0.41718408102761
7.09279999999998e-08,1.20731968850783,0.75,0.00296340145367417,0.41718408102761
7.10279999999998e-08,1.20731968850783,0.75,0.00296340145367417,0.41718408102761
7.11279999999998e-08,1.20731968850783,0.75,0.00296340145367417,0.41718408102761
7.12279999999998e-08,1.20731968850783,0.75,0.00296340145367417,0.41718408102761
7.13279999999998e-08,1.20731968850783,0.75,0.00296340145367417,0.41718408102761
7.14279999999998e-08,1.20731968850783,0.75,0.00296340145367417,0.41718408102761
7.15279999999998e-08,1.20731968850783,0.75,0.00296340145367417,0.41718408102761
7.16279999999998e-08,1.20731968850783,0.75,0.00296340145367417,0.41718408102761
7.17279999999998e-08,1.20731968850783,0.75,0.00296340145367417,0.41718408102761
7.18279999999998e-08,1.20731968850783,0.75,0.00296340145367417,0.41718408102761
7.19279999999998e-08,1.20731968850783,0.75,0.00296340145367417,0.41718408102761
7.20279999999998e-08,1.20731968850783,0.75,0.00296340145367417,0.41718408102761
7.21279999999998e-08,1.20731968850783,0.75,0.00296340145367417,0.41718408102761
7.22279999999998e-08,1.20731968850783,0.75,0.00296340145367417,0.41718408102761
7.23279999999997e-08,1.20731968850783,0.75,0.00296340145367417,0.41718408102761
7.24279999999997e-08,1.20731968850783,0.75,0.00296340145367417,0.41718408102761
7.25279999999997e-08,1.20731968850783,0.75,0.00296340145367417,0.41718408102761
7.26279999999997e-08,1.20731968850783,0.75,0.00296340145367417,0.41718408102761
7.27279999999997e-08,1.20731968850783,0.75,0.00296340145367417,0.41718408102761
7.28279999999997e-08,1.20731968850783,0.75,0.00296340145367417,0.41718408102761
7.29279999999997e-08,1.20731968850783,0.75,0.00296340145367417,0.41718408102761
7.30279999999997e-08,1.20731968850783,0.75,0.00296340145367417,0.41718408102761
7.31279999999997e-08,1.20731968850783,0.75,0.00296340145367417,0.41718408102761
7.32279999999997e-08,1.20731968850783,0.75,0.00296340145367417,0.41718408102761
7.33279999999997e-08,1.20731968850783,0.75,0.00296340145367417,0.41718408102761
7.34279999999997e-08,1.20731968850783,0.75,0.00296340145367417,0.41718408102761
7.35279999999997e-08,1.20731968850783,0.75,0.00296340145367417,0.41718408102761
7.36279999999997e-08,1.20731968850783,0.75,0.00296340145367417,0.41718408102761
7.37279999999997e-08,1.20731968850783,0.75,0.00296340145367417,0.41718408102761
7.38279999999997e-08,1.20731968850783,0.75,0.00296340145367417,0.41718408102761
7.39279999999997e-08,1.20731968850783,0.75,0.00296340145367417,0.41718408102761
7.40279999999996e-08,1.20731968850783,0.75,0.00296340145367417,0.41718408102761
7.41279999999996e-08,1.20731968850783,0.75,0.00296340145367417,0.41718408102761
7.42279999999996e-08,1.20731968850783,0.75,0.00296340145367417,0.41718408102761
7.43279999999996e-08,1.20731968850783,0.75,0.00296340145367417,0.41718408102761
7.44279999999996e-08,1.20731968850783,0.75,0.00296340145367417,0.41718408102761
7.45279999999996e-08,1.20731968850783,0.75,0.00296340145367417,0.41718408102761
7.46279999999996e-08,1.20731968850783,0.75,0.00296340145367417,0.41718408102761
7.47279999999996e-08,1.20731968850783,0.75,0.00296340145367417,0.41718408102761
7.48279999999996e-08,1.20731968850783,0.75,0.00296340145367417,0.41718408102761
7.49279999999996e-08,1.20731968850783,0.75,0.00296340145367417,0.41718408102761
7.50279999999996e-08,1.20731968850783,0.75,0.00296340145367417,0.41718408102761
7.51279999999996e-08,1.20731968850783,0.75,0.00296340145367417,0.41718408102761
7.52279999999996e-08,1.20731968850783,0.75,0.00296340145367417,0.41718408102761
7.53279999999996e-08,1.20731968850783,0.75,0.00296340145367417,0.41718408102761
7.54279999999996e-08,1.20731968850783,0.75,0.00296340145367417,0.41718408102761
7.55279999999996e-08,1.20731968850783,0.75,0.00296340145367417,0.41718408102761
7.56279999999996e-08,1.20731968850783,0.75,0.00296340145367417,0.417184081027611
7.57279999999996e-08,1.20731968850783,0.75,0.00296340145367417,0.41718408102761
7.58279999999995e-08,1.20731968850783,0.75,0.00296340145367417,0.41718408102761
7.59279999999995e-08,1.20731968850783,0.75,0.00296340145367417,0.41718408102761
7.60279999999995e-08,1.20731968850783,0.75,0.00296340145367417,0.41718408102761
7.61279999999995e-08,1.20731968850783,0.75,0.00296340145367417,0.41718408102761
7.62279999999995e-08,1.20731968850783,0.75,0.00296340145367417,0.41718408102761
7.63279999999995e-08,1.20731968850783,0.75,0.00296340145367417,0.41718408102761
7.64279999999995e-08,1.20731968850783,0.75,0.00296340145367417,0.41718408102761
7.65279999999995e-08,1.20731968850783,0.75,0.00296340145367417,0.41718408102761
7.66279999999995e-08,1.20731968850783,0.75,0.00296340145367417,0.41718408102761
7.67279999999995e-08,1.20731968850783,0.75,0.00296340145367417,0.41718408102761
7.68279999999995e-08,1.20731968850783,0.75,0.00296340145367417,0.41718408102761
7.69279999999995e-08,1.20731968850783,0.75,0.00296340145367417,0.41718408102761
7.70279999999995e-08,1.20731968850783,0.75,0.00296340145367417,0.41718408102761
7.71279999999995e-08,1.20731968850783,0.75,0.00296340145367417,0.41718408102761
7.72279999999995e-08,1.20731968850783,0.75,0.00296340145367417,0.41718408102761
7.73279999999995e-08,1.20731968850783,0.75,0.00296340145367417,0.41718408102761
7.74279999999995e-08,1.20731968850783,0.75,0.00296340145367417,0.41718408102761
7.75279999999994e-08,1.20731968850783,0.75,0.00296340145367417,0.41718408102761
7.76279999999994e-08,1.20731968850783,0.75,0.00296340145367417,0.41718408102761
7.77279999999994e-08,1.20731968850783,0.75,0.00296340145367417,0.41718408102761
7.78279999999994e-08,1.20731968850783,0.75,0.00296340145367417,0.41718408102761
7.79279999999994e-08,1.20731968850783,0.75,0.00296340145367417,0.41718408102761
7.80279999999994e-08,1.20731968850783,0.75,0.00296340145367417,0.41718408102761
7.81279999999994e-08,1.20731968850783,0.75,0.00296340145367417,0.41718408102761
7.82279999999994e-08,1.20731968850783,0.75,0.00296340145367417,0.41718408102761
7.83279999999994e-08,1.20731968850783,0.75,0.00296340145367417,0.41718408102761
7.84279999999994e-08,1.20731968850783,0.75,0.00296340145367417,0.41718408102761
7.85279999999994e-08,1.20731968850783,0.75,0.00296340145367417,0.41718408102761
7.86279999999994e-08,1.20731968850783,0.75,0.00296340145367417,0.41718408102761
7.87279999999994e-08,1.20731968850783,0.75,0.00296340145367417,0.41718408102761
7.88279999999994e-08,1.20731968850783,0.75,0.00296340145367417,0.41718408102761
7.89279999999994e-08,1.20731968850783,0.75,0.00296340145367417,0.41718408102761
7.90279999999994e-08,1.20731968850783,0.75,0.00296340145367417,0.41718408102761
7.91279999999994e-08,1.20731968850783,0.75,0.00296340145367417,0.41718408102761
7.92279999999994e-08,1.20731968850783,0.75,0.00296340145367417,0.41718408102761
7.93279999999993e-08,1.20731968850783,0.75,0.00296340145367417,0.41718408102761
7.94279999999993e-08,1.20731968850783,0.75,0.00296340145367417,0.41718408102761
7.95279999999993e-08,1.20731968850783,0.75,0.00296340145367417,0.41718408102761
7.96279999999993e-08,1.20731968850783,0.75,0.00296340145367417,0.41718408102761
7.97279999999993e-08,1.20731968850783,0.75,0.00296340145367417,0.41718408102761
7.98279999999993e-08,1.20731968850783,0.75,0.00296340145367417,0.41718408102761
7.99279999999993e-08,1.20731968850783,0.75,0.00296340145367417,0.41718408102761
8.00279999999993e-08,1.20731968850783,0.75,0.00296340145367417,0.41718408102761
8.01279999999993e-08,1.20731968850783,0.75,0.00296340145367417,0.41718408102761
8.02279999999993e-08,1.20731968850783,0.75,0.00296340145367417,0.41718408102761
8.03279999999993e-08,1.20731968850783,0.75,0.00296340145367417,0.41718408102761
8.04279999999993e-08,1.20731968850783,0.75,0.00296340145367417,0.41718408102761
8.05279999999993e-08,1.20731968850783,0.75,0.00296340145367417,0.41718408102761
8.06279999999993e-08,1.20731968850783,0.75,0.00296340145367417,0.41718408102761
8.07279999999993e-08,1.20731968850783,0.75,0.00296340145367417,0.41718408102761
8.08279999999993e-08,1.20731968850783,0.75,0.00296340145367417,0.41718408102761
8.09279999999993e-08,1.20731968850783,0.75,0.00296340145367417,0.41718408102761
8.10279999999992e-08,1.20731968850783,0.75,0.00296340145367417,0.41718408102761
8.11279999999992e-08,1.20731968850783,0.75,0.00296340145367417,0.41718408102761
8.12279999999992e-08,1.20731968850783,0.75,0.00296340145367417,0.41718408102761
8.13279999999992e-08,1.20731968850783,0.75,0.00296340145367417,0.41718408102761
8.14279999999992e-08,1.20731968850783,0.75,0.00296340145367417,0.41718408102761
8.15279999999992e-08,1.20731968850783,0.75,0.00296340145367417,0.41718408102761
8.16279999999992e-08,1.20731968850783,0.75,0.00296340145367417,0.41718408102761
8.17279999999992e-08,1.20731968850783,0.75,0.00296340145367417,0.41718408102761
8.18279999999992e-08,1.20731968850783,0.75,0.00296340145367417,0.41718408102761
8.19279999999992e-08,1.20731968850783,0.75,0.00296340145367417,0.41718408102761
8.20279999999992e-08,1.20731968850783,0.75,0.00296340145367417,0.41718408102761
8.21279999999992e-08,1.20731968850783,0.75,0.00296340145367417,0.41718408102761
8.22279999999992e-08,1.20731968850783,0.75,0.00296340145367417,0.41718408102761
8.23279999999992e-08,1.20731968850783,0.75,0.00296340145367417,0.41718408102761
8.24279999999992e-08,1.20731968850783,0.75,0.00296340145367417,0.41718408102761
8.25279999999992e-08,1.20731968850783,0.75,0.00296340145367417,0.41718408102761
8.26279999999992e-08,1.20731968850783,0.75,0.00296340145367417,0.41718408102761
8.27279999999992e-08,1.20731968850783,0.75,0.00296340145367417,0.41718408102761
8.28279999999991e-08,1.20731968850783,0.75,0.00296340145367417,0.41718408102761
8.29279999999991e-08,1.20731968850783,0.75,0.00296340145367417,0.41718408102761
8.30279999999991e-08,1.20731968850783,0.75,0.00296340145367417,0.41718408102761
8.31279999999991e-08,1.20731968850783,0.75,0.00296340145367417,0.41718408102761
8.32279999999991e-08,1.20731968850783,0.75,0.00296340145367417,0.41718408102761
8.33279999999991e-08,1.20731968850783,0.75,0.00296340145367417,0.41718408102761
8.34279999999991e-08,1.20731968850783,0.75,0.00296340145367417,0.41718408102761
8.35279999999991e-08,1.20731968850783,0.75,0.00296340145367417,0.41718408102761
8.36279999999991e-08,1.20731968850783,0.75,0.00296340145367417,0.41718408102761
8.37279999999991e-08,1.20731968850783,0.75,0.00296340145367417,0.41718408102761
8.38279999999991e-08,1.20731968850783,0.75,0.00296340145367417,0.41718408102761
8.39279999999991e-08,1.20731968850783,0.75,0.00296340145367417,0.41718408102761
8.40279999999991e-08,1.20731968850783,0.75,0.00296340145367417,0.41718408102761
8.41279999999991e-08,1.20731968850783,0.75,0.00296340145367417,0.41718408102761
8.42279999999991e-08,1.20731968850783,0.75,0.00296340145367417,0.41718408102761
8.43279999999991e-08,1.20731968850783,0.75,0.00296340145367417,0.41718408102761
8.44279999999991e-08,1.20731968850783,0.75,0.00296340145367417,0.41718408102761
8.4527999999999e-08,1.20731968850783,0.75,0.00296340145367417,0.41718408102761
8.4627999999999e-08,1.20731968850783,0.75,0.00296340145367417,0.41718408102761
8.4727999999999e-08,1.20731968850783,0.75,0.00296340145367417,0.41718408102761
8.4827999999999e-08,1.20731968850783,0.75,0.00296340145367417,0.41718408102761
8.4927999999999e-08,1.20731968850783,0.75,0.00296340145367417,0.41718408102761
8.5027999999999e-08,1.20731968850783,0.75,0.00296340145367417,0.41718408102761
8.5127999999999e-08,1.20731968850783,0.75,0.00296340145367417,0.41718408102761
8.5227999999999e-08,1.20731968850783,0.75,0.00296340145367417,0.41718408102761
8.5327999999999e-08,1.20731968850783,0.75,0.00296340145367417,0.41718408102761
8.5427999999999e-08,1.20731968850783,0.75,0.00296340145367417,0.41718408102761
8.5527999999999e-08,1.20731968850783,0.75,0.00296340145367417,0.41718408102761
8.5627999999999e-08,1.20731968850783,0.75,0.00296340145367417,0.41718408102761
8.5727999999999e-08,1.20731968850783,0.75,0.00296340145367417,0.41718408102761
8.5827999999999e-08,1.20731968850783,0.75,0.00296340145367417,0.41718408102761
8.5927999999999e-08,1.20731968850783,0.75,0.00296340145367417,0.41718408102761
8.6027999999999e-08,1.20731968850783,0.75,0.00296340145367417,0.41718408102761
8.6127999999999e-08,1.20731968850783,0.75,0.00296340145367417,0.41718408102761
8.6227999999999e-08,1.20731968850783,0.75,0.00296340145367417,0.41718408102761
8.63279999999989e-08,1.20731968850783,0.75,0.00296340145367417,0.41718408102761
8.64279999999989e-08,1.20731968850783,0.75,0.00296340145367417,0.41718408102761
8.65279999999989e-08,1.20731968850783,0.75,0.00296340145367417,0.41718408102761
8.66279999999989e-08,1.20731968850783,0.75,0.00296340145367417,0.41718408102761
8.67279999999989e-08,1.20731968850783,0.75,0.00296340145367417,0.41718408102761
8.68279999999989e-08,1.20731968850783,0.75,0.00296340145367417,0.41718408102761
8.69279999999989e-08,1.20731968850783,0.75,0.00296340145367417,0.41718408102761
8.70279999999989e-08,1.20731968850783,0.75,0.00296340145367417,0.41718408102761
8.71279999999989e-08,1.20731968850783,0.75,0.00296340145367417,0.41718408102761
8.72279999999989e-08,1.20731968850783,0.75,0.00296340145367417,0.41718408102761
8.73279999999989e-08,1.20731968850783,0.75,0.00296340145367417,0.41718408102761
8.74279999999989e-08,1.20731968850783,0.75,0.00296340145367417,0.41718408102761
8.75279999999989e-08,1.20731968850783,0.75,0.00296340145367417,0.41718408102761
8.76279999999989e-08,1.20731968850783,0.75,0.00296340145367417,0.41718408102761
8.77279999999989e-08,1.20731968850783,0.75,0.00296340145367417,0.41718408102761
8.78279999999989e-08,1.20731968850783,0.75,0.00296340145367417,0.41718408102761
8.79279999999989e-08,1.20731968850783,0.75,0.00296340145367417,0.41718408102761
8.80279999999988e-08,1.20731968850783,0.75,0.00296340145367417,0.41718408102761
8.81279999999988e-08,1.20731968850783,0.75,0.00296340145367417,0.41718408102761
8.82279999999988e-08,1.20731968850783,0.75,0.00296340145367417,0.41718408102761
8.83279999999988e-08,1.20731968850783,0.75,0.00296340145367417,0.41718408102761
8.84279999999988e-08,1.20731968850783,0.75,0.00296340145367417,0.41718408102761
8.85279999999988e-08,1.20731968850783,0.75,0.00296340145367417,0.41718408102761
8.86279999999988e-08,1.20731968850783,0.75,0.00296340145367417,0.41718408102761
8.87279999999988e-08,1.20731968850783,0.75,0.00296340145367417,0.41718408102761
8.88279999999988e-08,1.20731968850783,0.75,0.00296340145367417,0.41718408102761
8.89279999999988e-08,1.20731968850783,0.75,0.00296340145367417,0.41718408102761
8.90279999999988e-08,1.20731968850783,0.75,0.00296340145367417,0.41718408102761
8.91279999999988e-08,1.20731968850783,0.75,0.00296340145367417,0.41718408102761
8.92279999999988e-08,1.20731968850783,0.75,0.00296340145367417,0.41718408102761
8.93279999999988e-08,1.20731968850783,0.75,0.00296340145367417,0.41718408102761
8.94279999999988e-08,1.20731968850783,0.75,0.00296340145367417,0.41718408102761
8.95279999999988e-08,1.20731968850783,0.75,0.00296340145367417,0.41718408102761
8.96279999999988e-08,1.20731968850783,0.75,0.00296340145367417,0.41718408102761
8.97279999999988e-08,1.20731968850783,0.75,0.00296340145367417,0.41718408102761
8.98279999999987e-08,1.20731968850783,0.75,0.00296340145367417,0.41718408102761
8.99279999999987e-08,1.20731968850783,0.75,0.00296340145367417,0.41718408102761
9.00279999999987e-08,1.20731968850783,0.75,0.00296340145367417,0.41718408102761
9.01279999999987e-08,1.20731968850783,0.75,0.00296340145367417,0.41718408102761
9.02279999999987e-08,1.20731968850783,0.75,0.00296340145367417,0.41718408102761
9.03279999999987e-08,1.20731968850783,0.75,0.00296340145367417,0.41718408102761
9.04279999999987e-08,1.20731968850783,0.75,0.00296340145367417,0.41718408102761
9.05279999999987e-08,1.20731968850783,0.75,0.00296340145367417,0.41718408102761
9.06279999999987e-08,1.20731968850783,0.75,0.00296340145367417,0.41718408102761
9.07279999999987e-08,1.20731968850783,0.75,0.00296340145367417,0.41718408102761
9.08279999999987e-08,1.20731968850783,0.75,0.00296340145367417,0.41718408102761
9.09279999999987e-08,1.20731968850783,0.75,0.00296340145367417,0.41718408102761
9.10279999999987e-08,1.20731968850783,0.75,0.00296340145367417,0.41718408102761
9.11279999999987e-08,1.20731968850783,0.75,0.00296340145367417,0.41718408102761
9.12279999999987e-08,1.20731968850783,0.75,0.00296340145367417,0.41718408102761
9.13279999999987e-08,1.20731968850783,0.75,0.00296340145367417,0.41718408102761
9.14279999999987e-08,1.20731968850783,0.75,0.00296340145367417,0.41718408102761
9.15279999999986e-08,1.20731968850783,0.75,0.00296340145367417,0.41718408102761
9.16279999999986e-08,1.20731968850783,0.75,0.00296340145367417,0.41718408102761
9.17279999999986e-08,1.20731968850783,0.75,0.00296340145367417,0.41718408102761
9.18279999999986e-08,1.20731968850783,0.75,0.00296340145367417,0.41718408102761
9.19279999999986e-08,1.20731968850783,0.75,0.00296340145367417,0.41718408102761
9.20279999999986e-08,1.20731968850783,0.75,0.00296340145367417,0.41718408102761
9.21279999999986e-08,1.20731968850783,0.75,0.00296340145367417,0.41718408102761
9.22279999999986e-08,1.20731968850783,0.75,0.00296340145367417,0.41718408102761
9.23279999999986e-08,1.20731968850783,0.75,0.00296340145367417,0.41718408102761
9.24279999999986e-08,1.20731968850783,0.75,0.00296340145367417,0.41718408102761
9.25279999999986e-08,1.20731968850783,0.75,0.00296340145367417,0.41718408102761
9.26279999999986e-08,1.20731968850783,0.75,0.00296340145367417,0.41718408102761
9.27279999999986e-08,1.20731968850783,0.75,0.00296340145367417,0.41718408102761
9.28279999999986e-08,1.20731968850783,0.75,0.00296340145367417,0.41718408102761
9.29279999999986e-08,1.20731968850783,0.75,0.00296340145367417,0.41718408102761
9.30279999999986e-08,1.20731968850783,0.75,0.00296340145367417,0.41718408102761
9.31279999999986e-08,1.20731968850783,0.75,0.00296340145367417,0.41718408102761
9.32279999999986e-08,1.20731968850783,0.75,0.00296340145367417,0.41718408102761
9.33279999999985e-08,1.20731968850783,0.75,0.00296340145367417,0.41718408102761
9.34279999999985e-08,1.20731968850783,0.75,0.00296340145367417,0.41718408102761
9.35279999999985e-08,1.20731968850783,0.75,0.00296340145367417,0.41718408102761
9.36279999999985e-08,1.20731968850783,0.75,0.00296340145367417,0.41718408102761
9.37279999999985e-08,1.20731968850783,0.75,0.00296340145367417,0.41718408102761
9.38279999999985e-08,1.20731968850783,0.75,0.00296340145367417,0.41718408102761
9.39279999999985e-08,1.20731968850783,0.75,0.00296340145367417,0.41718408102761
9.40279999999985e-08,1.20731968850783,0.75,0.00296340145367417,0.41718408102761
9.41279999999985e-08,1.20731968850783,0.75,0.00296340145367417,0.41718408102761
9.42279999999985e-08,1.20731968850783,0.75,0.00296340145367417,0.41718408102761
9.43279999999985e-08,1.20731968850783,0.75,0.00296340145367417,0.41718408102761
9.44279999999985e-08,1.20731968850783,0.75,0.00296340145367417,0.41718408102761
9.45279999999985e-08,1.20731968850783,0.75,0.00296340145367417,0.41718408102761
9.46279999999985e-08,1.20731968850783,0.75,0.00296340145367417,0.41718408102761
9.47279999999985e-08,1.20731968850783,0.75,0.00296340145367417,0.41718408102761
9.48279999999985e-08,1.20731968850783,0.75,0.00296340145367417,0.41718408102761
9.49279999999985e-08,1.20731968850783,0.75,0.00296340145367417,0.41718408102761
9.50279999999984e-08,1.20731968850783,0.75,0.00296340145367417,0.41718408102761
9.51279999999984e-08,1.20731968850783,0.75,0.00296340145367417,0.41718408102761
9.52279999999984e-08,1.20731968850783,0.75,0.00296340145367417,0.41718408102761
9.53279999999984e-08,1.20731968850783,0.75,0.00296340145367417,0.41718408102761
9.54279999999984e-08,1.20731968850783,0.75,0.00296340145367417,0.41718408102761
9.55279999999984e-08,1.20731968850783,0.75,0.00296340145367417,0.41718408102761
9.56279999999984e-08,1.20731968850783,0.75,0.00296340145367417,0.41718408102761
9.57279999999984e-08,1.20731968850783,0.75,0.00296340145367417,0.41718408102761
9.58279999999984e-08,1.20731968850783,0.75,0.00296340145367417,0.41718408102761
9.59279999999984e-08,1.20731968850783,0.75,0.00296340145367417,0.41718408102761
9.60279999999984e-08,1.20731968850783,0.75,0.00296340145367417,0.41718408102761
9.61279999999984e-08,1.20731968850783,0.75,0.00296340145367417,0.41718408102761
9.62279999999984e-08,1.20731968850783,0.75,0.00296340145367417,0.41718408102761
9.63279999999984e-08,1.20731968850783,0.75,0.00296340145367417,0.41718408102761
9.64279999999984e-08,1.20731968850783,0.75,0.00296340145367417,0.41718408102761
9.65279999999984e-08,1.20731968850783,0.75,0.00296340145367417,0.41718408102761
9.66279999999984e-08,1.20731968850783,0.75,0.00296340145367417,0.41718408102761
9.67279999999983e-08,1.20731968850783,0.75,0.00296340145367417,0.41718408102761
9.68279999999983e-08,1.20731968850783,0.75,0.00296340145367417,0.41718408102761
9.69279999999983e-08,1.20731968850783,0.75,0.00296340145367417,0.41718408102761
9.70279999999983e-08,1.20731968850783,0.75,0.00296340145367417,0.41718408102761
9.71279999999983e-08,1.20731968850783,0.75,0.00296340145367417,0.41718408102761
9.72279999999983e-08,1.20731968850783,0.75,0.00296340145367417,0.41718408102761
9.73279999999983e-08,1.20731968850783,0.75,0.00296340145367417,0.41718408102761
9.74279999999983e-08,1.20731968850783,0.75,0.00296340145367417,0.41718408102761
9.75279999999983e-08,1.20731968850783,0.75,0.00296340145367417,0.41718408102761
9.76279999999983e-08,1.20731968850783,0.75,0.00296340145367417,0.41718408102761
9.77279999999983e-08,1.20731968850783,0.75,0.00296340145367417,0.41718408102761
9.78279999999983e-08,1.20731968850783,0.75,0.00296340145367417,0.41718408102761
9.79279999999983e-08,1.20731968850783,0.75,0.00296340145367417,0.41718408102761
9.80279999999983e-08,1.20731968850783,0.75,0.00296340145367417,0.41718408102761
9.81279999999983e-08,1.20731968850783,0.75,0.00296340145367417,0.41718408102761
9.82279999999983e-08,1.20731968850783,0.75,0.00296340145367417,0.41718408102761
9.83279999999983e-08,1.20731968850783,0.75,0.00296340145367417,0.41718408102761
9.84279999999983e-08,1.20731968850783,0.75,0.00296340145367417,0.41718408102761
9.85279999999982e-08,1.20731968850783,0.75,0.00296340145367417,0.41718408102761
9.86279999999982e-08,1.20731968850783,0.75,0.00296340145367417,0.41718408102761
9.87279999999982e-08,1.20731968850783,0.75,0.00296340145367417,0.41718408102761
9.88279999999982e-08,1.20731968850783,0.75,0.00296340145367417,0.41718408102761
9.89279999999982e-08,1.20731968850783,0.75,0.00296340145367417,0.41718408102761
9.90279999999982e-08,1.20731968850783,0.75,0.00296340145367417,0.41718408102761
9.91279999999982e-08,1.20731968850783,0.75,0.00296340145367417,0.41718408102761
9.92279999999982e-08,1.20731968850783,0.75,0.00296340145367417,0.41718408102761
9.93279999999982e-08,1.20731968850783,0.75,0.00296340145367417,0.41718408102761
9.94279999999982e-08,1.20731968850783,0.75,0.00296340145367417,0.41718408102761
9.95279999999982e-08,1.20731968850783,0.75,0.00296340145367417,0.41718408102761
9.96279999999982e-08,1.20731968850783,0.75,0.00296340145367417,0.41718408102761
9.97279999999982e-08,1.20731968850783,0.75,0.00296340145367417,0.41718408102761
9.98279999999982e-08,1.20731968850783,0.75,0.00296340145367417,0.41718408102761
9.99279999999982e-08,1.20731968850783,0.75,0.00296340145367417,0.41718408102761
1e-07,1.20731968850783,0.75,0.00296340145367417,0.41718408102761
1.0001e-07,1.20731967207717,0.750005,0.00296350763550329,0.417180654413986
1.0003e-07,1.20731960103748,0.750015,0.00296370214818589,0.417172685617948
1.0007e-07,1.20731922674053,0.750035,0.00296409106104236,0.41715637175046
1.0015e-07,1.20731755279287,0.750075,0.00296486908513235,0.41712406216191
1.002e-07,1.20731588301363,0.7501,0.00296535533439965,0.417103710288999
1.0021e-07,1.20731549862929,0.7501,0.00296534640223059,0.417103124799852
1.0023e-07,1.20731473003312,0.7501,0.00296534635972191,0.417102997927008
1.0027e-07,1.2073131972421,0.7501,0.00296534640038454,0.417103095615198
1.0035e-07,1.2073101501486,0.7501,0.0029653463591275,0.417102990344139
1.0045e-07,1.2073063752686,0.7501,0.00296534639782012,0.41710306608756
1.0055e-07,1.20730263804345,0.7501,0.00296534635718918,0.417102967399898
1.0065e-07,1.20729893790493,0.7501,0.00296534639515266,0.417103035308649
1.0075e-07,1.20729527466869,0.7501,0.00296534635526405,0.41710294461571
1.0085e-07,1.20729164779155,0.7501,0.002965346392562,0.41710300541953
1.0095e-07,1.20728805707964,0.7501,0.00296534635335418,0.417102922015191
1.0105e-07,1.2072845020131,0.7501,0.00296534639004441,0.417102976377175
1.0115e-07,1.20728098238992,0.7501,0.00296534635146137,0.417102899618956
1.0125e-07,1.20727749771193,0.7501,0.00296534638759642,0.417102948141693
1.0135e-07,1.20727404777027,0.7501,0.00296534634958721,0.417102877445016
1.0145e-07,1.207270632087,0.7501,0.00296534638521484,0.417102920676077
1.0155e-07,1.20726725044749,0.7501,0.00296534634773308,0.417102855509024
1.0165e-07,1.20726390239269,0.7501,0.00296534638289668,0.417102893945965
1.0175e-07,1.20726058770324,0.7501,0.00296534634590016,0.417102833824502
1.0185e-07,1.20725730593776,0.7501,0.00296534638063916,0.417102867919408
1.0195e-07,1.20725405687305,0.7501,0.00296534634408948,0.417102812403054
1.0205e-07,1.20725084008426,0.7501,0.00296534637843972,0.417102842566663
1.0215e-07,1.20724765534516,0.7501,0.0029653463423019,0.41710279125455
1.0225e-07,1.20724450224643,0.7501,0.00296534637629596,0.417102817860014
1.0235e-07,1.20724138055955,0.7501,0.00296534634053818,0.417102770387293
1.0245e-07,1.20723828988974,0.7501,0.00296534637420563,0.417102793773595
1.0255e-07,1.20723523000687,0.7501,0.00296534633879891,0.417102749808186
1.0265e-07,1.20723220052983,0.7501,0.00296534637216664,0.41710277028324
1.0275e-07,1.20722920122746,0.7501,0.00296534633708461,0.417102729522856
1.0285e-07,1.20722623173152,0.7501,0.00296534637017703,0.417102747366339
1.0295e-07,1.20722329181035,0.7501,0.00296534633539566,0.417102709535796
1.0305e-07,1.20722038110786,0.7501,0.00296534636823497,0.417102725001708
1.0315e-07,1.20721749939233,0.7501,0.00296534633373239,0.417102689850475
1.0325e-07,1.20721464631913,0.7501,0.00296534636633875,0.417102703169475
1.0335e-07,1.20721182165694,0.7501,0.00296534633209504,0.417102670469441
1.0345e-07,1.20720902507195,0.7501,0.00296534636448674,0.417102681850974
1.0355e-07,1.20720625633361,0.7501,0.00296534633048375,0.417102651394419
1.0365e-07,1.20720351511836,0.7501,0.00296534636267743,0.417102661028642
1.0375e-07,1.20720080119672,0.7501,0.00296534632889864,0.417102632626398
1.0385e-07,1.20719811425487,0.7501,0.0029653463609094,0.417102640685937
1.0395e-07,1.20719545406472,0.7501,0.00296534632733972,0.417102614165709
1.0405e-07,1.20719282032166,0.7501,0.00296534635918128,0.417102620807252
1.0415e-07,1.20719021279923,0.7501,0.00296534632580701,0.417102596012093
1.0425e-07,1.20718763120162,0.7501,0.00296534635749181,0.417102601377844
1.0435e-07,1.20718507530424,0.7501,0.00296534632430043,0.417102578164769
1.0445e-07,1.20718254481961,0.7501,0.00296534635583979,0.417102582383767
1.0455e-07,1.20718003952521,0.7501,0.00296534632281989,0.417102560622491
1.0465e-07,1.20717755914153,0.7501,0.00296534635422406,0.417102563811806
1.0475e-07,1.2071751034483,0.7501,0.00296534632136525,0.4171025433836
1.0485e-07,1.20717267217358,0.7501,0.00296534635264356,0.417102545649427
1.0495e-07,1.20717026509952,0.7501,0.00296534631993635,0.417102526446074
1.0505e-07,1.20716788196143,0.7501,0.00296534635109725,0.417102527884723
1.0515e-07,1.20716552254398,0.7501,0.00296534631853299,0.417102509807569
1.0525e-07,1.20716318658943,0.7501,0.00296534634958416,0.417102510506366
1.0535e-07,1.20716087388509,0.7501,0.00296534631715496,0.417102493465457
1.0545e-07,1.20715858417988,0.7501,0.00296534634810335,0.417102493503566
1.0555e-07,1.20715631726382,0.7501,0.00296534631580201,0.417102477416866
1.0565e-07,1.20715407289222,0.7501,0.00296534634665394,0.417102476866032
1.0575e-07,1.20715185085793,0.7501,0.00296534631447387,0.417102461658709
1.0585e-07,1.20714965092237,0.7501,0.00296534634523509,0.417102460583935
1.0595e-07,1.20714747288127,0.7501,0.00296534631317028,0.417102446187711
1.0605e-07,1.20714531650194,0.7501,0.00296534634384597,0.417102444647876
1.0615e-07,1.20714318158305,0.7501,0.00296534631189095,0.417102431000438
1.0625e-07,1.20714106789758,0.7501,0.00296534634248582,0.417102429048858
1.0635e-07,1.20713897524715,0.7501,0.00296534631063557,0.417102416093323
1.0645e-07,1.20713690341022,0.7501,0.00296534634115389,0.417102413778255
1.0655e-07,1.20713485219142,0.7501,0.00296534630940383,0.417102401462679
1.0665e-07,1.20713282137446,0.7501,0.00296534633984947,0.417102398827789
1.0675e-07,1.20713081076702,0.7501,0.00296534630819541,0.417102387104725
1.0685e-07,1.20712882015787,0.7501,0.00296534633857188,0.417102384189508
1.0695e-07,1.20712684935774,0.7501,0.00296534630700998,0.417102373015603
1.0705e-07,1.20712489816032,0.7501,0.00296534633732045,0.417102369855763
1.0715e-07,1.20712296637939,0.7501,0.0029653463058472,0.417102359191391
1.0725e-07,1.20712105381338,0.7501,0.00296534633609456,0.417102355819189
1.0735e-07,1.20711916027914,0.7501,0.00296534630470674,0.417102345628115
1.0745e-07,1.20711728557967,0.7501,0.0029653463348936,0.417102342072689
1.0755e-07,1.20711542953488,0.7501,0.00296534630358826,0.417102332321769
1.0765e-07,1.20711359195224,0.7501,0.00296534633371696,0.417102328609418
1.0775e-07,1.20711177265468,0.7501,0.00296534630249141,0.417102319268316
1.0785e-07,1.20710997145397,0.7501,0.00296534633256409,0.417102315422762
1.0795e-07,1.2071081881761,0.7501,0.00296534630141585,0.417102306463708
1.0805e-07,1.20710642263702,0.7501,0.00296534633143444,0.417102302506334
1.0815e-07,1.2071046746657,0.7501,0.00296534630036123,0.417102293903887
1.0825e-07,1.20710294408216,0.7501,0.00296534633032747,0.417102289853953
1.0835e-07,1.20710123071839,0.7501,0.0029653462993272,0.4171022815848
1.0845e-07,1.20709953439832,0.7501,0.00296534632924268,0.417102277459637
1.0855e-07,1.20709785495691,0.7501,0.00296534629831342,0.417102269502399
1.0865e-07,1.20709619222192,0.7501,0.00296534632817955,0.417102265317591
1.0875e-07,1.20709454603126,0.7501,0.00296534629731954,0.417102257652652
1.0885e-07,1.2070929162164,0.7501,0.00296534632713762,0.417102253422196
1.0895e-07,1.20709130261818,0.7501,0.00296534629634523,0.417102246031548
1.0905e-07,1.20708970507167,0.7501,0.00296534632611641,0.417102241768001
1.0915e-07,1.2070881234206,0.7501,0.00296534629539013,0.417102234635102
1.0925e-07,1.20708655750356,0.7501,0.00296534632511546,0.417102230349716
1.0935e-07,1.20708500716713,0.7501,0.00296534629445392,0.417102223459357
1.0945e-07,1.20708347225334,0.7501,0.00296534632413434,0.4171022191622
1.09549999999999e-07,1.20708195261157,0.7501,0.00296534629353625,0.417102212500392
1.0965e-07,1.20708044808719,0.7501,0.00296534632317262,0.417102208200458
1.09749999999999e-07,1.20707895853236,0.7501,0.0029653462926368,0.417102201754321
1.0985e-07,1.20707748379572,0.7501,0.00296534632222986,0.417102197459632
1.09949999999999e-07,1.20707602373216,0.7501,0.00296534629175523,0.4171021912173
1.1005e-07,1.20707457819348,0.7501,0.0029653463213057,0.417102186934996
1.1015e-07,1.20707314703731,0.7501,0.00296534629089122,0.417102180885524
1.10249999999999e-07,1.20707173011852,0.7501,0.0029653463203997,0.417102176621948
1.1035e-07,1.2070703272974,0.7501,0.00296534629004446,0.417102170755237
1.10449999999999e-07,1.20706893843185,0.7501,0.0029653463195115,0.417102166516009
1.1055e-07,1.20706756338479,0.7501,0.00296534628921461,0.417102160822728
1.10649999999999e-07,1.20706620201707,0.7501,0.00296534631864072,0.417102156612812
1.1075e-07,1.20706485419418,0.7501,0.00296534628840137,0.417102151084333
1.1085e-07,1.20706351977985,0.7501,0.00296534631778699,0.417102146908101
1.10949999999999e-07,1.20706219864214,0.7501,0.00296534628760442,0.41710214153644
1.1105e-07,1.20706089064756,0.7501,0.00296534631694996,0.417102137397729
1.11149999999999e-07,1.20705959566668,0.7501,0.00296534628682347,0.417102132175486
1.1125e-07,1.20705831356878,0.7501,0.00296534631612927,0.417102128077649
1.11349999999999e-07,1.20705704422687,0.7501,0.00296534628605821,0.417102122997961
1.11449999999999e-07,1.20705578751291,0.7501,0.0029653463153246,0.417102118943911
1.11549999999999e-07,1.20705454330235,0.7501,0.00296534628530834,0.417102114000404
1.11649999999999e-07,1.20705331146977,0.7501,0.00296534631453561,0.417102109992661
1.11749999999999e-07,1.207052091893,0.7501,0.00296534628457358,0.417102105179411
1.11849999999999e-07,1.20705088444917,0.7501,0.00296534631376197,0.417102101220137
1.11949999999999e-07,1.20704968901847,0.7501,0.00296534628385364,0.417102096531628
1.12049999999999e-07,1.20704850548052,0.7501,0.00296534631300338,0.417102092622664
1.12149999999999e-07,1.20704733371783,0.7501,0.00296534628314824,0.417102088053756
1.12249999999999e-07,1.20704617361246,0.7501,0.00296534631225952,0.417102084196651
1.12349999999999e-07,1.20704502504918,0.7501,0.00296534628245708,0.41710207974255
1.12449999999999e-07,1.20704388791245,0.7501,0.00296534631153009,0.417102075938592
1.12549999999999e-07,1.20704276208926,0.7501,0.00296534628177991,0.417102071594817
1.12649999999999e-07,1.20704164746642,0.7501,0.00296534631081481,0.417102067845059
1.12749999999999e-07,1.20704054393311,0.7501,0.00296534628111645,0.417102063607418
1.12849999999999e-07,1.20703945137841,0.7501,0.00296534631011337,0.417102059912701
1.12949999999999e-07,1.20703836969365,0.7501,0.00296534628046645,0.417102055777268
1.13049999999999e-07,1.20703729877017,0.7501,0.0029653463094255,0.417102052138243
1.13149999999999e-07,1.20703623850141,0.7501,0.00296534627982963,0.417102048101334
1.13249999999999e-07,1.20703518878087,0.7501,0.00296534630875093,0.417102044518481
1.13349999999999e-07,1.20703414950409,0.7501,0.00296534627920575,0.417102040576637
1.13449999999999e-07,1.20703312056671,0.7501,0.00296534630808939,0.417102037050282
1.13549999999999e-07,1.20703210186628,0.7501,0.00296534627859455,0.417102033200249
1.13649999999999e-07,1.20703109330058,0.7501,0.00296534630744061,0.417102029730582
1.13749999999999e-07,1.20703009476913,0.7501,0.00296534627799579,0.417102025969294
1.13849999999999e-07,1.20702910617176,0.7501,0.00296534630680434,0.417102022556384
1.13949999999999e-07,1.20702812740998,0.7501,0.00296534627740922,0.417102018880949
1.14049999999999e-07,1.2070271583856,0.7501,0.00296534630618032,0.417102015524753
1.14149999999999e-07,1.20702619900206,0.7501,0.00296534627683461,0.41710201193244
1.14249999999999e-07,1.20702524916316,0.7501,0.00296534630556831,0.417102008632819
1.14349999999999e-07,1.2070243087742,0.7501,0.00296534627627172,0.417102005121044
1.14449999999999e-07,1.20702337774091,0.7501,0.00296534630496807,0.417102001877773
1.14549999999999e-07,1.20702245597047,0.7501,0.00296534627572033,0.417101998444088
1.14649999999999e-07,1.20702154337047,0.7501,0.00296534630437936,0.417101995256865
1.14749999999999e-07,1.20702063984992,0.7501,0.00296534627518022,0.417101991898948
1.14849999999999e-07,1.20701974531826,0.7501,0.00296534630380195,0.417101988767403
1.14949999999999e-07,1.20701885968628,0.7501,0.00296534627465114,0.417101985483049
1.15049999999999e-07,1.20701798286522,0.7501,0.00296534630323561,0.417101982406752
1.15149999999999e-07,1.20701711476763,0.7501,0.00296534627413291,0.417101979193863
1.15249999999999e-07,1.20701625530653,0.7501,0.00296534630268013,0.417101976172332
1.15349999999999e-07,1.20701540439618,0.7501,0.00296534627362529,0.41710197302891
1.15449999999999e-07,1.20701456195133,0.7501,0.00296534630213529,0.417101970061617
1.15549999999999e-07,1.20701372788793,0.7501,0.00296534627312808,0.417101966985756
1.15649999999999e-07,1.20701290212243,0.7501,0.00296534630160087,0.417101964072133
1.15749999999999e-07,1.20701208457244,0.7501,0.00296534627264108,0.417101961062013
1.15849999999999e-07,1.20701127515606,0.7501,0.00296534630107667,0.417101958201457
1.15949999999999e-07,1.20701047379252,0.7501,0.00296534627216409,0.417101955255339
1.16049999999999e-07,1.20700968040157,0.7501,0.00296534630056248,0.417101952447217
1.16149999999999e-07,1.20700889490402,0.7501,0.00296534627169691,0.417101949563434
1.16249999999999e-07,1.20700811722122,0.7501,0.00296534630005811,0.417101946807088
1.16349999999999e-07,1.20700734727553,0.7501,0.00296534627123934,0.417101943984044
1.16449999999999e-07,1.20700658498987,0.7501,0.00296534629956335,0.417101941278796
1.16549999999999e-07,1.20700583028813,0.7501,0.0029653462707912,0.417101938514958
1.16649999999999e-07,1.20700508309477,0.7501,0.00296534629907802,0.41710193586011
1.16749999999999e-07,1.20700434333518,0.7501,0.0029653462703523,0.417101933154006
1.16849999999999e-07,1.20700361093531,0.7501,0.00296534629860194,0.417101930548846
1.16949999999999e-07,1.20700288582202,0.7501,0.00296534626992246,0.417101927899061
1.17049999999999e-07,1.20700216792275,0.7501,0.00296534629813491,0.417101925342865
1.17149999999999e-07,1.20700145716579,0.7501,0.0029653462695015,0.417101922748036
1.17249999999999e-07,1.20700075348002,0.7501,0.00296534629767675,0.417101920240071
1.17349999999999e-07,1.20700005679516,0.7501,0.00296534626908924,0.417101917698884
1.17449999999999e-07,1.20699936704148,0.7501,0.0029653462972273,0.41710191523841
1.17549999999999e-07,1.2069986841501,0.7501,0.00296534626868552,0.417101912749599
1.17649999999999e-07,1.20699800805268,0.7501,0.00296534629678638,0.417101910335871
1.17749999999999e-07,1.20699733868169,0.7501,0.00296534626829016,0.417101907898212
1.17849999999999e-07,1.20699667597015,0.7501,0.00296534629635382,0.417101905530483
1.17949999999999e-07,1.20699601985186,0.7501,0.002965346267903,0.417101903142794
1.18049999999999e-07,1.20699537026117,0.7501,0.00296534629592945,0.417101900820314
1.18149999999999e-07,1.2069947271332,0.7501,0.00296534626752386,0.417101898481451
1.18249999999999e-07,1.20699409040359,0.7501,0.00296534629551311,0.417101896203472
1.18349999999999e-07,1.20699346000874,0.7501,0.00296534626715261,0.417101893912329
1.18449999999999e-07,1.20699283588559,0.7501,0.00296534629510464,0.417101891678103
1.18549999999999e-07,1.20699221797176,0.7501,0.00296534626678908,0.417101889433606
1.18649999999999e-07,1.20699160620545,0.7501,0.00296534629470389,0.417101887242389
1.18749999999999e-07,1.20699100052554,0.7501,0.00296534626643312,0.417101885043501
1.18849999999999e-07,1.20699040087144,0.7501,0.00296534629431071,0.41710188289455
1.18949999999999e-07,1.20698980718323,0.7501,0.00296534626608457,0.417101880740262
1.19049999999999e-07,1.20698921940153,0.7501,0.00296534629392494,0.417101878632842
1.19149999999999e-07,1.20698863746759,0.7501,0.0029653462657433,0.417101876522175
1.19249999999999e-07,1.20698806132323,0.7501,0.00296534629354643,0.417101874455555
1.19349999999999e-07,1.20698749091086,0.7501,0.00296534626540915,0.417101872387558
1.19449999999999e-07,1.20698692617342,0.7501,0.00296534629317505,0.417101870361014
1.19549999999999e-07,1.2069863670545,0.7501,0.00296534626508199,0.417101868334762
1.19649999999999e-07,1.20698581349816,0.7501,0.00296534629281066,0.417101866347576
1.19749999999999e-07,1.20698526544908,0.7501,0.00296534626476168,0.417101864362171
1.19849999999999e-07,1.20698472285246,0.7501,0.00296534629245311,0.417101862413632
1.19949999999999e-07,1.20698418565407,0.7501,0.00296534626444807,0.417101860468201
1.20049999999999e-07,1.20698365380018,0.7501,0.00296534629210227,0.417101858557605
1.20149999999999e-07,1.20698312723764,0.7501,0.00296534626414105,0.417101856651296
1.20249999999999e-07,1.20698260591378,0.7501,0.002965346291758,0.417101854777951
1.20349999999999e-07,1.20698208977652,0.7501,0.00296534626384047,0.417101852909935
1.20449999999999e-07,1.20698157877422,0.7501,0.00296534629142018,0.417101851073154
1.20549999999999e-07,1.20698107285583,0.7501,0.00296534626354621,0.417101849242625
1.20649999999999e-07,1.20698057197073,0.7501,0.00296534629108869,0.41710184744173
1.20749999999999e-07,1.20698007606888,0.7501,0.00296534626325814,0.4171018456479
1.20849999999999e-07,1.20697958510069,0.7501,0.00296534629076338,0.417101843882224
1.20949999999999e-07,1.20697909901707,0.7501,0.00296534626297615,0.417101842124326
1.21049999999999e-07,1.20697861776942,0.7501,0.00296534629044416,0.417101840393211
1.21149999999999e-07,1.20697814130965,0.7501,0.00296534626270011,0.417101838670496
1.21249999999999e-07,1.2069776695901,0.7501,0.00296534629013089,0.417101836973293
1.21349999999999e-07,1.20697720256363,0.7501,0.0029653462624299,0.417101835285032
1.21449999999999e-07,1.20697674018354,0.7501,0.00296534628982345,0.417101833621101
1.21549999999999e-07,1.2069762824036,0.7501,0.0029653462621654,0.41710183196658
1.21649999999999e-07,1.20697582917806,0.7501,0.00296534628952173,0.417101830335292
1.21749999999999e-07,1.20697538046159,0.7501,0.00296534626190651,0.417101828713815
1.21849999999999e-07,1.20697493620934,0.7501,0.00296534628922562,0.417101827114551
1.21949999999999e-07,1.20697449637689,0.7501,0.00296534626165311,0.417101825525439
1.22049999999999e-07,1.20697406092027,0.7501,0.002965346288935,0.417101823957588
1.22149999999999e-07,1.20697362979596,0.7501,0.00296534626140508,0.417101822400178
1.22249999999999e-07,1.20697320296083,0.7501,0.00296534628864978,0.41710182086314
1.22349999999999e-07,1.20697278037223,0.7501,0.00296534626116234,0.417101819336781
1.22449999999999e-07,1.20697236198791,0.7501,0.00296534628836984,0.417101817829967
1.22549999999999e-07,1.20697194776603,0.7501,0.00296534626092477,0.417101816334027
1.22649999999999e-07,1.20697153766519,0.7501,0.00296534628809507,0.417101814856856
1.22749999999999e-07,1.20697113164439,0.7501,0.00296534626069226,0.417101813390716
1.22849999999999e-07,1.20697072966302,0.7501,0.00296534628782539,0.417101811942617
1.22949999999999e-07,1.20697033168092,0.7501,0.00296534626046472,0.41710181050567
1.23049999999999e-07,1.20696993765829,0.7501,0.00296534628756068,0.417101809086083
1.23149999999999e-07,1.20696954755573,0.7501,0.00296534626024205,0.417101807677738
1.23249999999999e-07,1.20696916133425,0.7501,0.00296534628730084,0.417101806286112
1.23349999999999e-07,1.20696877895523,0.7501,0.00296534626002415,0.417101804905788
1.23449999999999e-07,1.20696840038044,0.7501,0.00296534628704579,0.417101803541582
1.23549999999999e-07,1.20696802557205,0.7501,0.00296534625981093,0.417101802188714
1.23649999999999e-07,1.20696765449257,0.7501,0.00296534628679543,0.417101800851397
1.23749999999999e-07,1.20696728710491,0.7501,0.00296534625960229,0.417101799525429
1.23849999999999e-07,1.20696692337234,0.7501,0.00296534628654966,0.417101798214479
1.23949999999999e-07,1.20696656325849,0.7501,0.00296534625939814,0.417101796914869
1.24049999999999e-07,1.20696620672736,0.7501,0.0029653462863084,0.417101795629772
1.24149999999999e-07,1.20696585374332,0.7501,0.00296534625919839,0.417101794355991
1.24249999999999e-07,1.20696550427106,0.7501,0.00296534628607156,0.417101793096244
1.24349999999999e-07,1.20696515827565,0.7501,0.00296534625900296,0.417101791847771
1.24449999999999e-07,1.20696481572251,0.7501,0.00296534628583904,0.41710179061288
1.24549999999999e-07,1.20696447657738,0.7501,0.00296534625881175,0.417101789389206
1.24649999999999e-07,1.20696414080635,0.7501,0.00296534628561077,0.417101788178687
1.24749999999999e-07,1.20696380837587,0.7501,0.00296534625862469,0.417101786979315
1.24849999999999e-07,1.20696347925269,0.7501,0.00296534628538666,0.417101785792691
1.24949999999999e-07,1.2069631534039,0.7501,0.00296534625844169,0.417101784617134
1.25049999999999e-07,1.20696283079695,0.7501,0.00296534628516663,0.417101783453937
1.25149999999999e-07,1.20696251139957,0.7501,0.00296534625826268,0.417101782301719
1.2525e-07,1.20696219517982,0.7501,0.0029653462849506,0.41710178116149
1.25349999999999e-07,1.2069618821061,0.7501,0.00296534625808757,0.417101780032142
1.25449999999999e-07,1.20696157214711,0.7501,0.00296534628473848,0.417101778914434
1.2555e-07,1.20696126527186,0.7501,0.00296534625791628,0.417101777807499
1.25649999999999e-07,1.20696096144967,0.7501,0.00296534628453021,0.417101776711868
1.25749999999999e-07,1.20696066065016,0.7501,0.00296534625774873,0.417101775626899
1.2585e-07,1.20696036284326,0.7501,0.00296534628432571,0.417101774552911
1.2595e-07,1.20696006799921,0.7501,0.00296534625758487,0.417101773489469
1.26049999999999e-07,1.20695977608851,0.7501,0.00296534628412489,0.417101772436702
1.26149999999999e-07,1.206959487082,0.7501,0.0029653462574246,0.417101771394357
1.2625e-07,1.20695920095077,0.7501,0.00296534628392771,0.417101770362392
1.26349999999999e-07,1.20695891766622,0.7501,0.00296534625726786,0.417101769340723
1.26449999999999e-07,1.20695863720002,0.7501,0.00296534628373406,0.417101768329152
1.2655e-07,1.20695835952415,0.7501,0.00296534625711458,0.417101767327748
1.2665e-07,1.20695808461084,0.7501,0.00296534628354391,0.41710176633617
1.2675e-07,1.2069578124326,0.7501,0.00296534625696468,0.417101765354625
1.2685e-07,1.20695754296223,0.7501,0.00296534628335716,0.417101764382646
1.2695e-07,1.20695727617277,0.7501,0.00296534625681811,0.417101763420566
1.2705e-07,1.20695701203757,0.7501,0.00296534628317375,0.417101762467802
1.2715e-07,1.20695675053021,0.7501,0.00296534625667479,0.417101761524799
1.2725e-07,1.20695649162456,0.7501,0.00296534628299362,0.417101760590869
1.2735e-07,1.20695623529472,0.7501,0.00296534625653466,0.417101759666564
1.2745e-07,1.20695598151507,0.7501,0.00296534628281671,0.417101758751099
1.2755e-07,1.20695573026023,0.7501,0.00296534625639766,0.417101757845119
1.2765e-07,1.2069554815051,0.7501,0.00296534628264295,0.417101756947754
1.2775e-07,1.2069552352248,0.7501,0.00296534625626372,0.417101756059736
1.2785e-07,1.20695499139471,0.7501,0.00296534628247227,0.417101755180114
1.2795e-07,1.20695474999044,0.7501,0.00296534625613279,0.4171017543097
1.2805e-07,1.20695451098788,0.7501,0.00296534628230463,0.417101753447472
1.2815e-07,1.20695427436312,0.7501,0.00296534625600479,0.417101752594311
1.2825e-07,1.2069540400925,0.7501,0.00296534628213995,0.417101751749134
1.2835e-07,1.20695380815261,0.7501,0.00296534625587969,0.417101750912885
1.2845e-07,1.20695357852026,0.7501,0.00296534628197819,0.417101750084423
1.2855e-07,1.20695335117249,0.7501,0.00296534625575741,0.417101749264749
1.2865e-07,1.20695312608657,0.7501,0.00296534628181927,0.41710174845267
1.2875e-07,1.20695290324,0.7501,0.0029653462556379,0.417101747649243
1.2885e-07,1.2069526826105,0.7501,0.00296534628166316,0.417101746853225
1.2895e-07,1.20695246417601,0.7501,0.0029653462555211,0.417101746065721
1.2905e-07,1.20695224791469,0.7501,0.00296534628150979,0.417101745285447
1.2915e-07,1.20695203380493,0.7501,0.00296534625540696,0.417101744513551
1.2925e-07,1.20695182182532,0.7501,0.00296534628135911,0.41710174374871
1.2935e-07,1.20695161195466,0.7501,0.00296534625529543,0.417101742992111
1.2945e-07,1.20695140417198,0.7501,0.00296534628121106,0.417101742242398
1.2955e-07,1.20695119845649,0.7501,0.00296534625518646,0.417101741500794
1.2965e-07,1.20695099478765,0.7501,0.0029653462810656,0.41710174076591
1.2975e-07,1.20695079314507,0.7501,0.00296534625507999,0.417101740039002
1.2985e-07,1.20695059350861,0.7501,0.00296534628092267,0.417101739318654
1.2995e-07,1.20695039585831,0.7501,0.00296534625497597,0.417101738606152
1.3005e-07,1.2069502001744,0.7501,0.00296534628078222,0.417101737900053
1.3015e-07,1.20695000643732,0.7501,0.00296534625487436,0.417101737201669
1.3025e-07,1.2069498146277,0.7501,0.00296534628064422,0.417101736509539
1.3035e-07,1.20694962472637,0.7501,0.0029653462547751,0.417101735824995
1.3045e-07,1.20694943671435,0.7501,0.0029653462805086,0.417101735146555
1.3055e-07,1.20694925057283,0.7501,0.00296534625467816,0.417101734475576
1.3065e-07,1.2069490662832,0.7501,0.00296534628037532,0.417101733810556
1.3075e-07,1.20694888382705,0.7501,0.00296534625458348,0.417101733152873
1.3085e-07,1.20694870318613,0.7501,0.00296534628024433,0.417101732501009
1.3095e-07,1.20694852434238,0.7501,0.00296534625449101,0.417101731856359
1.3105e-07,1.20694834727792,0.7501,0.00296534628011559,0.417101731217389
1.3115e-07,1.20694817197505,0.7501,0.00296534625440072,0.417101730585513
1.3125e-07,1.20694799841625,0.7501,0.00296534627998907,0.417101729959184
1.3135e-07,1.20694782658415,0.7501,0.00296534625431257,0.417101729339828
1.3145e-07,1.2069476564616,0.7501,0.0029653462798647,0.41710172872589
1.3155e-07,1.20694748803156,0.7501,0.00296534625422649,0.417101728118807
1.3165e-07,1.20694732127722,0.7501,0.00296534627974245,0.417101727517013
1.3175e-07,1.20694715618188,0.7501,0.00296534625414246,0.417101726921959
1.3185e-07,1.20694699272906,0.7501,0.00296534627962229,0.417101726332071
1.3195e-07,1.20694683090241,0.7501,0.00296534625406044,0.417101725748808
1.3205e-07,1.20694667068575,0.7501,0.00296534627950416,0.417101725170589
1.3215e-07,1.20694651206307,0.7501,0.00296534625398038,0.417101724598883
1.3225e-07,1.20694635501849,0.7501,0.00296534627938803,0.417101724032103
1.3235e-07,1.20694619953634,0.7501,0.00296534625390225,0.417101723471726
1.3245e-07,1.20694604560105,0.7501,0.00296534627927386,0.417101722916158
1.3255e-07,1.20694589319724,0.7501,0.002965346253826,0.417101722366884
1.3265e-07,1.20694574230968,0.7501,0.00296534627916161,0.417101721822307
1.3275e-07,1.20694559292328,0.7501,0.0029653462537516,0.417101721283918
1.3285e-07,1.2069454450231,0.7501,0.00296534627905125,0.417101720750113
1.3295e-07,1.20694529859436,0.7501,0.00296534625367902,0.417101720222392
1.3305e-07,1.20694515362242,0.7501,0.00296534627894273,0.417101719699147
1.3315e-07,1.20694501009279,0.7501,0.00296534625360821,0.417101719181883
1.3325e-07,1.20694486799111,0.7501,0.00296534627883602,0.417101718668989
1.3335e-07,1.20694472730318,0.7501,0.00296534625353914,0.417101718161975
1.3345e-07,1.20694458801493,0.7501,0.00296534627873109,0.417101717659227
1.3355e-07,1.20694445011245,0.7501,0.00296534625347177,0.41710171716226
1.3365e-07,1.20694431358194,0.7501,0.0029653462786279,0.417101716669457
1.3375e-07,1.20694417840975,0.7501,0.00296534625340607,0.417101716182337
1.3385e-07,1.20694404458237,0.7501,0.00296534627852641,0.417101715699284
1.3395e-07,1.20694391208642,0.7501,0.00296534625334201,0.417101715221816
1.3405e-07,1.20694378090865,0.7501,0.0029653462784266,0.417101714748318
1.3415e-07,1.20694365103596,0.7501,0.00296534625327956,0.417101714280313
1.3425e-07,1.20694352245535,0.7501,0.00296534627832843,0.417101713816181
1.3435e-07,1.20694339515397,0.7501,0.00296534625321867,0.417101713357449
1.3445e-07,1.20694326911909,0.7501,0.00296534627823187,0.417101712902498
1.3455e-07,1.20694314433812,0.7501,0.00296534625315932,0.417101712452857
1.3465e-07,1.20694302079857,0.7501,0.00296534627813688,0.417101712006906
1.3475e-07,1.2069428984881,0.7501,0.00296534625310149,0.417101711566174
1.3485e-07,1.20694277739449,0.7501,0.00296534627804345,0.417101711129045
1.3495e-07,1.20694265750561,0.7501,0.00296534625304513,0.417101710697047
1.3505e-07,1.2069425388095,0.7501,0.00296534627795153,0.417101710268565
1.3515e-07,1.20694242129427,0.7501,0.00296534625299022,0.417101709845128
1.3525e-07,1.20694230494819,0.7501,0.0029653462778611,0.417101709425121
1.3535e-07,1.20694218975962,0.7501,0.00296534625293674,0.417101709010075
1.3545e-07,1.20694207571704,0.7501,0.00296534627777212,0.417101708598376
1.3555e-07,1.20694196280906,0.7501,0.00296534625288464,0.417101708191555
1.3565e-07,1.20694185102438,0.7501,0.00296534627768457,0.417101707788
1.3575e-07,1.20694174035184,0.7501,0.00296534625283391,0.417101707389241
1.3585e-07,1.20694163078036,0.7501,0.00296534627759843,0.417101706993668
1.3595e-07,1.20694152229899,0.7501,0.00296534625278451,0.417101706602812
1.3605e-07,1.20694141489688,0.7501,0.00296534627751366,0.417101706215063
1.3615e-07,1.20694130856331,0.7501,0.00296534625273642,0.417101705831953
1.3625e-07,1.20694120328763,0.7501,0.00296534627743024,0.417101705451873
1.3635e-07,1.20694109905933,0.7501,0.00296534625268961,0.417101705076356
1.3645e-07,1.20694099586798,0.7501,0.00296534627734814,0.417101704703793
1.3655e-07,1.20694089370326,0.7501,0.00296534625264406,0.417101704335719
1.3665e-07,1.20694079255497,0.7501,0.00296534627726733,0.417101703970525
1.3675e-07,1.20694069241299,0.7501,0.00296534625259974,0.417101703609746
1.3685e-07,1.20694059326731,0.7501,0.0029653462771878,0.417101703251775
1.3695e-07,1.20694049510801,0.7501,0.00296534625255663,0.417101702898146
1.3705e-07,1.20694039792529,0.7501,0.00296534627710951,0.417101702547254
1.3715e-07,1.20694030170942,0.7501,0.00296534625251469,0.417101702200634
1.3725e-07,1.20694020645079,0.7501,0.00296534627703245,0.417101701856683
1.3735e-07,1.20694011213988,0.7501,0.00296534625247392,0.417101701516933
1.3745e-07,1.20694001876725,0.7501,0.00296534627695658,0.417101701179784
1.3755e-07,1.20693992632358,0.7501,0.00296534625243429,0.417101700846767
1.3765e-07,1.20693983479961,0.7501,0.00296534627688189,0.417101700516286
1.3775e-07,1.20693974418621,0.7501,0.00296534625239576,0.417101700189871
1.3785e-07,1.2069396544743,0.7501,0.00296534627680835,0.417101699865925
1.3795e-07,1.20693956565492,0.7501,0.00296534625235832,0.417101699545979
1.3805e-07,1.2069394777192,0.7501,0.00296534627673594,0.417101699228441
1.3815e-07,1.20693939065833,0.7501,0.00296534625232195,0.417101698914837
1.3825e-07,1.20693930446363,0.7501,0.00296534627666464,0.417101698603578
1.3835e-07,1.20693921912646,0.7501,0.00296534625228662,0.41710169829619
1.3845e-07,1.2069391346383,0.7501,0.00296534627659442,0.417101697991086
1.38550000000001e-07,1.2069390509907,0.7501,0.00296534625225232,0.417101697689791
1.3865e-07,1.2069389681753,0.7501,0.00296534627652527,0.417101697390721
1.3875e-07,1.20693888618382,0.7501,0.00296534625221902,0.417101697095399
1.38850000000001e-07,1.20693880500806,0.7501,0.00296534627645717,0.417101696802242
1.38950000000001e-07,1.2069387246399,0.7501,0.00296534625218671,0.417101696512774
1.3905e-07,1.20693864507132,0.7501,0.00296534627639008,0.417101696225414
1.39150000000001e-07,1.20693856629436,0.7501,0.00296534625215536,0.417101695941685
1.39250000000001e-07,1.20693848830113,0.7501,0.00296534627632401,0.417101695660008
1.3935e-07,1.20693841108385,0.7501,0.00296534625212495,0.417101695381903
1.3945e-07,1.20693833463479,0.7501,0.00296534627625892,0.417101695105795
1.39550000000001e-07,1.20693825894632,0.7501,0.00296534625209547,0.417101694833203
1.39650000000001e-07,1.20693818401086,0.7501,0.00296534627619479,0.417101694562555
1.3975e-07,1.20693810982092,0.7501,0.00296534625206689,0.417101694295367
1.39850000000001e-07,1.20693803636908,0.7501,0.00296534627613161,0.417101694030071
1.39950000000001e-07,1.20693796364801,0.7501,0.00296534625203921,0.41710169376818
1.40050000000001e-07,1.20693789165043,0.7501,0.00296534627606937,0.417101693508128
1.40150000000001e-07,1.20693782036914,0.7501,0.00296534625201239,0.41710169325143
1.40250000000001e-07,1.20693774979703,0.7501,0.00296534627600803,0.41710169299652
1.40350000000001e-07,1.20693767992702,0.7501,0.00296534625198642,0.417101692744911
1.40450000000001e-07,1.20693761075214,0.7501,0.00296534627594759,0.417101692495041
1.40550000000001e-07,1.20693754226547,0.7501,0.00296534625196129,0.417101692248421
1.40650000000001e-07,1.20693747446017,0.7501,0.00296534627588802,0.417101692003491
1.40750000000001e-07,1.20693740732945,0.7501,0.00296534625193697,0.41710169176176
1.40850000000001e-07,1.20693734086661,0.7501,0.00296534627582931,0.417101691521673
1.40950000000001e-07,1.20693727506499,0.7501,0.00296534625191346,0.417101691284735
1.41050000000001e-07,1.20693720991803,0.7501,0.00296534627577145,0.417101691049394
1.41150000000001e-07,1.2069371454192,0.7501,0.00296534625189073,0.417101690817154
1.41250000000001e-07,1.20693708156207,0.7501,0.00296534627571442,0.417101690586466
1.41350000000001e-07,1.20693701834024,0.7501,0.00296534625186877,0.417101690358832
1.41450000000001e-07,1.20693695574739,0.7501,0.00296534627565819,0.417101690132703
1.41550000000001e-07,1.20693689377728,0.7501,0.00296534625184756,0.417101689909582
1.41650000000001e-07,1.20693683242369,0.7501,0.00296534627560276,0.417101689687924
1.41750000000001e-07,1.20693677168051,0.7501,0.00296534625182708,0.417101689469228
1.41850000000001e-07,1.20693671154164,0.7501,0.00296534627554811,0.417101689251951
1.41950000000001e-07,1.2069366520011,0.7501,0.00296534625180733,0.417101689037592
1.42050000000001e-07,1.20693659305291,0.7501,0.00296534627549423,0.41710168882461
1.42150000000001e-07,1.20693653469119,0.7501,0.00296534625178829,0.417101688614502
1.42250000000001e-07,1.2069364769101,0.7501,0.0029653462754411,0.417101688405729
1.42350000000001e-07,1.20693641970387,0.7501,0.00296534625176995,0.417101688199788
1.42450000000001e-07,1.20693636306678,0.7501,0.0029653462753887,0.417101687995142
1.42550000000001e-07,1.20693630699315,0.7501,0.00296534625175228,0.417101687793286
1.42650000000001e-07,1.2069362514774,0.7501,0.00296534627533702,0.417101687592684
1.42750000000001e-07,1.20693619651397,0.7501,0.00296534625173527,0.417101687394831
1.42850000000001e-07,1.20693614209736,0.7501,0.00296534627528605,0.417101687198194
1.42950000000001e-07,1.20693608822214,0.7501,0.00296534625171892,0.417101687004265
1.43050000000001e-07,1.20693603488291,0.7501,0.00296534627523578,0.417101686811515
1.43150000000001e-07,1.20693598207434,0.7501,0.0029653462517032,0.417101686621433
1.43250000000001e-07,1.20693592979116,0.7501,0.00296534627518619,0.417101686432492
1.43350000000001e-07,1.20693587802814,0.7501,0.00296534625168811,0.417101686246179
1.43450000000001e-07,1.2069358267801,0.7501,0.00296534627513727,0.417101686060972
1.43550000000001e-07,1.20693577604193,0.7501,0.00296534625167364,0.417101685878356
1.43650000000001e-07,1.20693572580853,0.7501,0.002965346275089,0.417101685696808
1.43750000000001e-07,1.20693567607491,0.7501,0.00296534625165976,0.417101685517814
1.43850000000001e-07,1.20693562683607,0.7501,0.00296534627504137,0.417101685339854
1.43950000000001e-07,1.20693557808711,0.7501,0.00296534625164647,0.417101685164411
1.44050000000001e-07,1.20693552982314,0.7501,0.00296534627499438,0.417101684989968
1.44150000000001e-07,1.20693548203935,0.7501,0.00296534625163375,0.417101684818005
1.44250000000001e-07,1.20693543473095,0.7501,0.002965346274948,0.417101684647009
1.44350000000001e-07,1.20693538789321,0.7501,0.0029653462516216,0.417101684478458
1.44450000000001e-07,1.20693534152146,0.7501,0.00296534627490223,0.417101684310839
1.44550000000001e-07,1.20693529561105,0.7501,0.00296534625161,0.417101684145632
1.44650000000001e-07,1.2069352501574,0.7501,0.00296534627485706,0.417101683981326
1.44750000000001e-07,1.20693520515596,0.7501,0.00296534625159893,0.417101683819397
1.44850000000001e-07,1.20693516060223,0.7501,0.00296534627481247,0.417101683658337
1.44950000000001e-07,1.20693511649176,0.7501,0.00296534625158841,0.41710168349962
1.45050000000001e-07,1.20693507282014,0.7501,0.00296534627476846,0.417101683341742
1.45150000000001e-07,1.20693502958301,0.7501,0.00296534625157839,0.417101683186175
1.45250000000001e-07,1.20693498677603,0.7501,0.002965346274725,0.417101683031416
1.45350000000001e-07,1.20693494439494,0.7501,0.00296534625156888,0.417101682878935
1.45450000000001e-07,1.20693490243549,0.7501,0.00296534627468209,0.417101682727234
1.45550000000001e-07,1.20693486089348,0.7501,0.00296534625155988,0.417101682577779
1.45650000000001e-07,1.20693481976478,0.7501,0.00296534627463973,0.417101682429074
1.45750000000001e-07,1.20693477904525,0.7501,0.00296534625155136,0.417101682282584
1.45850000000001e-07,1.20693473873084,0.7501,0.0029653462745979,0.417101682136817
1.45950000000001e-07,1.20693469881751,0.7501,0.00296534625154331,0.417101681993235
1.46050000000001e-07,1.20693465930128,0.7501,0.00296534627455659,0.417101681850346
1.46150000000001e-07,1.20693462017818,0.7501,0.00296534625153574,0.417101681709614
1.46250000000001e-07,1.20693458144432,0.7501,0.00296534627451579,0.417101681569548
1.46350000000001e-07,1.20693454309581,0.7501,0.00296534625152861,0.417101681431608
1.46450000000001e-07,1.20693450512883,0.7501,0.00296534627447548,0.417101681294309
1.46550000000001e-07,1.20693446753958,0.7501,0.00296534625152194,0.417101681159107
1.46650000000001e-07,1.20693443032429,0.7501,0.00296534627443568,0.417101681024519
1.46750000000001e-07,1.20693439347926,0.7501,0.00296534625151571,0.417101680892001
1.46850000000001e-07,1.20693435700079,0.7501,0.00296534627439635,0.417101680760071
1.46950000000001e-07,1.20693432088524,0.7501,0.0029653462515099,0.417101680630183
1.47050000000001e-07,1.206934285129,0.7501,0.0029653462743575,0.417101680500858
1.47150000000001e-07,1.20693424972849,0.7501,0.00296534625150451,0.417101680373549
1.47250000000001e-07,1.20693421468018,0.7501,0.00296534627431911,0.417101680246777
1.47350000000001e-07,1.20693417998056,0.7501,0.00296534625149954,0.417101680121995
1.47450000000001e-07,1.20693414562616,0.7501,0.00296534627428117,0.417101679997728
1.47550000000001e-07,1.20693411161355,0.7501,0.00296534625149497,0.417101679875423
1.47650000000001e-07,1.20693407793933,0.7501,0.00296534627424368,0.417101679753609
1.47750000000001e-07,1.20693404460012,0.7501,0.00296534625149079,0.417101679633732
1.47850000000001e-07,1.2069340115926,0.7501,0.00296534627420664,0.417101679514323
1.47950000000001e-07,1.20693397891347,0.7501,0.002965346251487,0.417101679396827
1.48050000000001e-07,1.20693394655946,0.7501,0.00296534627417002,0.417101679279775
1.48150000000001e-07,1.20693391452734,0.7501,0.00296534625148359,0.417101679164611
1.48250000000001e-07,1.20693388281389,0.7501,0.00296534627413382,0.41710167904987
1.48350000000001e-07,1.20693385141597,0.7501,0.00296534625148054,0.417101678936993
1.48450000000001e-07,1.20693382033041,0.7501,0.00296534627409804,0.417101678824517
1.48550000000001e-07,1.20693378955412,0.7501,0.00296534625147787,0.417101678713882
1.48650000000001e-07,1.20693375908402,0.7501,0.00296534627406267,0.417101678603626
1.48750000000001e-07,1.20693372891706,0.7501,0.00296534625147554,0.417101678495188
1.48850000000001e-07,1.20693369905023,0.7501,0.00296534627402769,0.417101678387109
1.48950000000001e-07,1.20693366948054,0.7501,0.00296534625147356,0.417101678280824
1.49050000000001e-07,1.20693364020503,0.7501,0.0029653462739931,0.417101678174878
1.49150000000001e-07,1.20693361122079,0.7501,0.00296534625147193,0.417101678070704
1.49250000000001e-07,1.2069335825249,0.7501,0.0029653462739589,0.417101677966849
1.49350000000001e-07,1.2069335541145,0.7501,0.00296534625147062,0.417101677864744
1.49450000000001e-07,1.20693352598676,0.7501,0.00296534627392508,0.417101677762939
1.49550000000001e-07,1.20693349813885,0.7501,0.00296534625146964,0.417101677662862
1.49650000000001e-07,1.206933470568,0.7501,0.00296534627389162,0.417101677563065
1.49750000000001e-07,1.20693344327145,0.7501,0.00296534625146899,0.417101677464977
1.49850000000001e-07,1.20693341624647,0.7501,0.00296534627385853,0.41710167736715
1.49950000000001e-07,1.20693338949035,0.7501,0.00296534625146864,0.41710167727101
1.50050000000001e-07,1.20693336300043,0.7501,0.0029653462738258,0.417101677175113
1.50150000000001e-07,1.20693333677405,0.7501,0.00296534625146859,0.417101677080883
1.50250000000001e-07,1.2069333108086,0.7501,0.00296534627379341,0.417101676986878
1.50350000000001e-07,1.20693328510147,0.7501,0.00296534625146885,0.41710167689452
1.50450000000001e-07,1.2069332596501,0.7501,0.00296534627376137,0.41710167680237
1.50550000000001e-07,1.20693323445194,0.7501,0.0029653462514694,0.417101676711848
1.50650000000001e-07,1.20693320950447,0.7501,0.00296534627372966,0.417101676621515
1.50750000000001e-07,1.2069331848052,0.7501,0.00296534625147024,0.417101676532792
1.50850000000001e-07,1.20693316035166,0.7501,0.00296534627369829,0.417101676444241
1.50950000000001e-07,1.20693313614141,0.7501,0.00296534625147136,0.417101676357281
1.51050000000001e-07,1.20693311217202,0.7501,0.00296534627366723,0.417101676270476
1.51150000000001e-07,1.2069330884411,0.7501,0.00296534625147275,0.417101676185244
1.51250000000001e-07,1.20693306494628,0.7501,0.0029653462736365,0.417101676100152
1.51350000000001e-07,1.2069330416852,0.7501,0.00296534625147441,0.417101676016614
1.51450000000001e-07,1.20693301865554,0.7501,0.00296534627360609,0.4171016759332
1.51550000000001e-07,1.206932995855,0.7501,0.00296534625147633,0.417101675851323
1.51650000000001e-07,1.2069329732813,0.7501,0.00296534627357597,0.417101675769554
1.51750000000001e-07,1.20693295093219,0.7501,0.00296534625147851,0.417101675689304
1.51850000000002e-07,1.20693292880542,0.7501,0.00296534627354616,0.417101675609147
1.51950000000001e-07,1.20693290689879,0.7501,0.00296534625148094,0.417101675530492
1.52050000000001e-07,1.2069328852101,0.7501,0.00296534627351664,0.417101675451917
1.52150000000002e-07,1.20693286373719,0.7501,0.00296534625148362,0.417101675374826
1.52250000000002e-07,1.20693284247792,0.7501,0.00296534627348741,0.417101675297799
1.52350000000001e-07,1.20693282143015,0.7501,0.00296534625148653,0.417101675222241
1.52450000000002e-07,1.20693280059178,0.7501,0.00296534627345848,0.417101675146732
1.52550000000002e-07,1.20693277996072,0.7501,0.00296534625148969,0.417101675072677
1.52650000000001e-07,1.20693275953493,0.7501,0.00296534627342981,0.417101674998658
1.52750000000001e-07,1.20693273931234,0.7501,0.00296534625149308,0.417101674926074
1.52850000000002e-07,1.20693271929095,0.7501,0.00296534627340142,0.417101674853514
1.52950000000002e-07,1.20693269946875,0.7501,0.00296534625149669,0.417101674782374
1.53050000000001e-07,1.20693267984376,0.7501,0.00296534627337331,0.417101674711244
1.53150000000002e-07,1.20693266041401,0.7501,0.00296534625150052,0.417101674641519
1.53250000000002e-07,1.20693264117757,0.7501,0.00296534627334545,0.41710167457179
1.53350000000002e-07,1.2069326221325,0.7501,0.00296534625150457,0.417101674503453
1.53450000000002e-07,1.20693260327692,0.7501,0.00296534627331786,0.417101674435098
1.53550000000002e-07,1.20693258460892,0.7501,0.00296534625150883,0.41710167436812
1.53650000000002e-07,1.20693256612666,0.7501,0.00296534627329052,0.417101674301112
1.53750000000002e-07,1.20693254782827,0.7501,0.00296534625151329,0.417101674235466
1.53850000000002e-07,1.20693252971192,0.7501,0.00296534627326344,0.417101674169779
1.53950000000002e-07,1.20693251177581,0.7501,0.00296534625151796,0.417101674105439
1.54050000000002e-07,1.20693249401815,0.7501,0.0029653462732366,0.417101674041046
1.54150000000002e-07,1.20693247643716,0.7501,0.00296534625152282,0.417101673977987
1.54250000000002e-07,1.20693245903108,0.7501,0.00296534627320999,0.417101673914862
1.54350000000002e-07,1.20693244179817,0.7501,0.00296534625152788,0.417101673853058
1.54450000000002e-07,1.2069324247367,0.7501,0.00296534627318363,0.417101673791176
1.54550000000002e-07,1.20693240784498,0.7501,0.00296534625153313,0.417101673730602
1.54650000000002e-07,1.20693239112131,0.7501,0.00296534627315751,0.417101673669939
1.54750000000002e-07,1.20693237456402,0.7501,0.00296534625153856,0.41710167361057
1.54850000000002e-07,1.20693235817146,0.7501,0.00296534627313161,0.417101673551102
1.54950000000002e-07,1.20693234194199,0.7501,0.00296534625154418,0.417101673492915
1.55050000000002e-07,1.20693232587398,0.7501,0.00296534627310592,0.417101673434619
1.55150000000002e-07,1.20693230996583,0.7501,0.00296534625154997,0.41710167337759
1.55250000000002e-07,1.20693229421594,0.7501,0.00296534627308047,0.417101673320441
1.55350000000002e-07,1.20693227862275,0.7501,0.00296534625155593,0.417101673264548
1.55450000000002e-07,1.2069322631847,0.7501,0.00296534627305523,0.417101673208524
1.55550000000002e-07,1.20693224790023,0.7501,0.00296534625156206,0.417101673153744
1.55650000000002e-07,1.20693223276783,0.7501,0.0029653462730302,0.417101673098823
1.55750000000002e-07,1.20693221778598,0.7501,0.00296534625156836,0.417101673045133
1.55850000000002e-07,1.20693220295319,0.7501,0.00296534627300539,0.417101672991294
1.55950000000002e-07,1.20693218826796,0.7501,0.00296534625157482,0.417101672938673
1.56050000000002e-07,1.20693217372883,0.7501,0.00296534627298077,0.417101672885893
1.56150000000002e-07,1.20693215933435,0.7501,0.00296534625158144,0.417101672834321
1.56250000000002e-07,1.20693214508308,0.7501,0.00296534627295636,0.417101672782579
1.56350000000002e-07,1.20693213097359,0.7501,0.00296534625158821,0.417101672732035
1.56450000000002e-07,1.20693211700448,0.7501,0.00296534627293215,0.417101672681312
1.56550000000002e-07,1.20693210317434,0.7501,0.00296534625159514,0.417101672631774
1.56650000000002e-07,1.2069320894818,0.7501,0.00296534627290813,0.417101672582048
1.56750000000002e-07,1.20693207592548,0.7501,0.00296534625160221,0.417101672533498
1.56850000000002e-07,1.20693206250403,0.7501,0.0029653462728843,0.41710167248475
1.56950000000002e-07,1.20693204921611,0.7501,0.00296534625160942,0.417101672437168
1.57050000000002e-07,1.20693203606039,0.7501,0.00296534627286067,0.417101672389379
1.57150000000002e-07,1.20693202303555,0.7501,0.00296534625161678,0.417101672342744
1.57250000000002e-07,1.2069320101403,0.7501,0.00296534627283721,0.417101672295896
1.57350000000002e-07,1.20693199737334,0.7501,0.00296534625162427,0.417101672250191
1.57450000000002e-07,1.2069319847334,0.7501,0.00296534627281393,0.417101672204264
1.57550000000002e-07,1.20693197221921,0.7501,0.0029653462516319,0.41710167215947
1.57650000000002e-07,1.20693195982952,0.7501,0.00296534627279084,0.417101672114446
1.57750000000002e-07,1.20693194756309,0.7501,0.00296534625163966,0.417101672070545
1.57850000000002e-07,1.2069319354187,0.7501,0.00296534627276791,0.417101672026406
1.57950000000002e-07,1.20693192339514,0.7501,0.00296534625164755,0.41710167198338
1.58050000000002e-07,1.20693191149119,0.7501,0.00296534627274517,0.417101671940109
1.58150000000002e-07,1.20693189970568,0.7501,0.00296534625165556,0.417101671897942
1.58250000000002e-07,1.20693188803742,0.7501,0.00296534627272258,0.417101671855521
1.58350000000002e-07,1.20693187648524,0.7501,0.0029653462516637,0.417101671814195
1.58450000000002e-07,1.206931865048,0.7501,0.00296534627270017,0.417101671772608
1.58550000000002e-07,1.20693185372454,0.7501,0.00296534625167196,0.417101671732105
1.58650000000002e-07,1.20693184251374,0.7501,0.00296534627267792,0.417101671691336
1.58750000000002e-07,1.20693183141447,0.7501,0.00296534625168033,0.417101671651642
1.58850000000002e-07,1.20693182042563,0.7501,0.00296534627265582,0.417101671611673
1.58950000000002e-07,1.20693180954611,0.7501,0.00296534625168882,0.417101671572771
1.59050000000002e-07,1.20693179877484,0.7501,0.00296534627263389,0.417101671533588
1.59150000000002e-07,1.20693178811072,0.7501,0.00296534625169743,0.417101671495462
1.59250000000002e-07,1.2069317775527,0.7501,0.00296534627261211,0.417101671457048
1.59350000000002e-07,1.20693176709973,0.7501,0.00296534625170613,0.417101671419684
1.59450000000002e-07,1.20693175675074,0.7501,0.00296534627259048,0.417101671382024
1.59550000000002e-07,1.20693174650472,0.7501,0.00296534625171495,0.417101671345405
1.59650000000002e-07,1.20693173636063,0.7501,0.002965346272569,0.417101671308485
1.59750000000002e-07,1.20693172631747,0.7501,0.00296534625172387,0.417101671272598
1.59850000000002e-07,1.20693171637422,0.7501,0.00296534627254767,0.417101671236402
1.59950000000002e-07,1.2069317065299,0.7501,0.00296534625173289,0.417101671201231
1.60050000000002e-07,1.20693169678352,0.7501,0.00296534627252648,0.417101671165747
1.60150000000002e-07,1.2069316871341,0.7501,0.00296534625174201,0.417101671131278
1.60250000000002e-07,1.20693167758068,0.7501,0.00296534627250544,0.41710167109649
1.60350000000002e-07,1.20693166812231,0.7501,0.00296534625175123,0.41710167106271
1.60450000000002e-07,1.20693165875804,0.7501,0.00296534627248454,0.417101671028605
1.60550000000002e-07,1.20693164948693,0.7501,0.00296534625176054,0.4171016709955
1.60650000000002e-07,1.20693164030806,0.7501,0.00296534627246376,0.417101670962063
1.60750000000002e-07,1.20693163122051,0.7501,0.00296534625176994,0.41710167092962
1.60850000000002e-07,1.20693162222337,0.7501,0.00296534627244313,0.417101670896839
1.60950000000002e-07,1.20693161331574,0.7501,0.00296534625177944,0.417101670865044
1.61050000000002e-07,1.20693160449673,0.7501,0.00296534627242263,0.417101670832907
1.61150000000002e-07,1.20693159576546,0.7501,0.00296534625178902,0.417101670801747
1.61250000000002e-07,1.20693158712106,0.7501,0.00296534627240226,0.41710167077024
1.61350000000002e-07,1.20693157856266,0.7501,0.00296534625179869,0.417101670739703
1.61450000000002e-07,1.20693157008941,0.7501,0.00296534627238202,0.417101670708813
1.61550000000002e-07,1.20693156170045,0.7501,0.00296534625180844,0.417101670678888
1.61650000000002e-07,1.20693155339496,0.7501,0.0029653462723619,0.417101670648603
1.61750000000002e-07,1.20693154517209,0.7501,0.00296534625181827,0.417101670619276
1.61850000000002e-07,1.20693153703103,0.7501,0.00296534627234191,0.417101670589586
1.61950000000002e-07,1.20693152897097,0.7501,0.00296534625182819,0.417101670560845
1.62050000000002e-07,1.2069315209911,0.7501,0.00296534627232204,0.417101670531736
1.62150000000002e-07,1.20693151309062,0.7501,0.00296534625183817,0.417101670503571
1.62250000000002e-07,1.20693150526873,0.7501,0.00296534627230229,0.417101670475032
1.62350000000002e-07,1.20693149752467,0.7501,0.00296534625184824,0.41710167044743
1.62450000000002e-07,1.20693148985765,0.7501,0.00296534627228265,0.417101670419451
1.62550000000002e-07,1.20693148226691,0.7501,0.00296534625185838,0.417101670392401
1.62650000000002e-07,1.20693147475169,0.7501,0.00296534627226313,0.41710167036497
1.62750000000002e-07,1.20693146731124,0.7501,0.00296534625186859,0.417101670338462
1.62850000000002e-07,1.20693145994481,0.7501,0.00296534627224373,0.417101670311567
1.62950000000002e-07,1.20693145265166,0.7501,0.00296534625187887,0.41710167028559
1.63050000000002e-07,1.20693144543108,0.7501,0.00296534627222444,0.417101670259222
1.63150000000002e-07,1.20693143828233,0.7501,0.00296534625188922,0.417101670233766
1.63250000000002e-07,1.20693143120471,0.7501,0.00296534627220526,0.417101670207914
1.63350000000002e-07,1.2069314241975,0.7501,0.00296534625189964,0.417101670182967
1.63450000000002e-07,1.20693141726,0.7501,0.00296534627218619,0.417101670157621
1.63550000000002e-07,1.20693141039152,0.7501,0.00296534625191011,0.417101670133174
1.63650000000002e-07,1.20693140359138,0.7501,0.00296534627216722,0.417101670108324
1.63750000000002e-07,1.20693139685889,0.7501,0.00296534625192066,0.417101670084367
1.63850000000002e-07,1.20693139019338,0.7501,0.00296534627214837,0.417101670060003
1.63950000000002e-07,1.20693138359419,0.7501,0.00296534625193126,0.417101670036526
1.64050000000002e-07,1.20693137706065,0.7501,0.00296534627212961,0.417101670012639
1.64150000000002e-07,1.20693137059211,0.7501,0.00296534625194193,0.417101669989633
1.64250000000002e-07,1.20693136418792,0.7501,0.00296534627211095,0.417101669966212
1.64350000000002e-07,1.20693135784745,0.7501,0.00296534625195265,0.417101669943668
1.64450000000002e-07,1.20693135157006,0.7501,0.0029653462720924,0.417101669920705
1.64550000000002e-07,1.20693134535512,0.7501,0.00296534625196343,0.417101669898613
1.64650000000002e-07,1.20693133920202,0.7501,0.00296534627207394,0.417101669876099
1.64750000000002e-07,1.20693133311013,0.7501,0.00296534625197426,0.41710166985445
1.64850000000002e-07,1.20693132707885,0.7501,0.00296534627205558,0.417101669832375
1.64950000000002e-07,1.20693132110757,0.7501,0.00296534625198515,0.417101669811161
1.65050000000002e-07,1.2069313151957,0.7501,0.00296534627203732,0.417101669789518
1.65150000000003e-07,1.20693130934265,0.7501,0.00296534625199609,0.41710166976873
1.65250000000002e-07,1.20693130354783,0.7501,0.00296534627201915,0.417101669747509
1.65350000000002e-07,1.20693129781066,0.7501,0.00296534625200708,0.417101669727138
1.65450000000003e-07,1.20693129213057,0.7501,0.00296534627200107,0.417101669706332
1.65550000000003e-07,1.20693128650698,0.7501,0.00296534625201812,0.41710166968637
1.65650000000002e-07,1.20693128093935,0.7501,0.00296534627198309,0.41710166966597
1.65750000000002e-07,1.20693127542711,0.7501,0.00296534625202921,0.417101669646409
1.65850000000003e-07,1.20693126996971,0.7501,0.00296534627196519,0.417101669626407
1.65950000000002e-07,1.2069312645666,0.7501,0.00296534625204035,0.41710166960724
1.66050000000002e-07,1.20693125921725,0.7501,0.00296534627194738,0.417101669587628
1.66150000000003e-07,1.20693125392112,0.7501,0.00296534625205153,0.417101669568845
1.66250000000003e-07,1.20693124867768,0.7501,0.00296534627192966,0.417101669549615
1.66350000000002e-07,1.2069312434864,0.7501,0.00296534625206276,0.417101669531211
1.66450000000003e-07,1.20693123834677,0.7501,0.00296534627191202,0.417101669512356
1.66550000000003e-07,1.20693123325828,0.7501,0.00296534625207402,0.417101669494322
1.66650000000003e-07,1.20693122822041,0.7501,0.00296534627189447,0.417101669475835
1.66750000000003e-07,1.20693122323266,0.7501,0.00296534625208533,0.417101669458164
1.66850000000003e-07,1.20693121829454,0.7501,0.002965346271877,0.417101669440036
1.66950000000003e-07,1.20693121340554,0.7501,0.00296534625209668,0.417101669422721
1.67050000000003e-07,1.20693120856518,0.7501,0.00296534627185962,0.417101669404946
1.67150000000003e-07,1.20693120377298,0.7501,0.00296534625210807,0.41710166938798
1.67250000000003e-07,1.20693119902846,0.7501,0.00296534627184231,0.417101669370552
1.67350000000003e-07,1.20693119433114,0.7501,0.0029653462521195,0.417101669353926
1.67450000000003e-07,1.20693118968055,0.7501,0.00296534627182508,0.417101669336838
1.67550000000003e-07,1.20693118507623,0.7501,0.00296534625213096,0.417101669320548
1.67650000000003e-07,1.20693118051771,0.7501,0.00296534627180793,0.417101669303791
1.67750000000003e-07,1.20693117600455,0.7501,0.00296534625214246,0.417101669287829
1.67850000000003e-07,1.20693117153629,0.7501,0.00296534627179087,0.417101669271399
1.67950000000003e-07,1.20693116711249,0.7501,0.002965346252154,0.417101669255759
1.68050000000003e-07,1.20693116273269,0.7501,0.00296534627177387,0.417101669239648
1.68150000000003e-07,1.20693115839647,0.7501,0.00296534625216557,0.417101669224324
1.68250000000003e-07,1.20693115410339,0.7501,0.00296534627175694,0.417101669208526
1.68350000000003e-07,1.20693114985303,0.7501,0.00296534625217717,0.41710166919351
1.68450000000003e-07,1.20693114564494,0.7501,0.0029653462717401,0.41710166917802
1.68550000000003e-07,1.20693114147873,0.7501,0.0029653462521888,0.417101669163308
1.68650000000003e-07,1.20693113735396,0.7501,0.00296534627172332,0.417101669148118
1.68750000000003e-07,1.20693113327023,0.7501,0.00296534625220047,0.417101669133703
1.68850000000003e-07,1.20693112922713,0.7501,0.00296534627170662,0.417101669118808
1.68950000000003e-07,1.20693112522425,0.7501,0.00296534625221216,0.417101669104684
1.69050000000003e-07,1.2069311212612,0.7501,0.00296534627168998,0.417101669090078
1.69150000000003e-07,1.20693111733757,0.7501,0.00296534625222388,0.417101669076239
1.69250000000003e-07,1.20693111345298,0.7501,0.00296534627167341,0.417101669061917
1.69350000000003e-07,1.20693110960704,0.7501,0.00296534625223563,0.417101669048358
1.69450000000003e-07,1.20693110579936,0.7501,0.00296534627165692,0.417101669034314
1.69550000000003e-07,1.20693110202956,0.7501,0.00296534625224741,0.417101669021029
1.69650000000003e-07,1.20693109829727,0.7501,0.00296534627164049,0.417101669007257
1.69750000000003e-07,1.20693109460211,0.7501,0.00296534625225921,0.417101668994241
1.69850000000003e-07,1.20693109094371,0.7501,0.00296534627162412,0.417101668980736
1.69950000000003e-07,1.20693108732171,0.7501,0.00296534625227104,0.417101668967983
1.70050000000003e-07,1.20693108373574,0.7501,0.00296534627160783,0.41710166895474
1.70150000000003e-07,1.20693108018545,0.7501,0.00296534625228289,0.417101668942245
1.70250000000003e-07,1.20693107667048,0.7501,0.0029653462715916,0.417101668929259
1.70350000000003e-07,1.20693107319048,0.7501,0.00296534625229476,0.417101668917017
1.70450000000003e-07,1.2069310697451,0.7501,0.00296534627157543,0.417101668904282
1.70550000000003e-07,1.206931066334,0.7501,0.00296534625230666,0.417101668892288
1.70650000000003e-07,1.20693106295684,0.7501,0.00296534627155933,0.417101668879799
1.70750000000003e-07,1.20693105961328,0.7501,0.00296534625231858,0.417101668868049
1.70850000000003e-07,1.20693105630298,0.7501,0.00296534627154328,0.417101668855802
1.70950000000003e-07,1.20693105302561,0.7501,0.00296534625233052,0.41710166884429
1.71050000000003e-07,1.20693104978085,0.7501,0.0029653462715273,0.41710166883228
1.71150000000003e-07,1.20693104656837,0.7501,0.00296534625234248,0.417101668821001
1.71250000000003e-07,1.20693104338786,0.7501,0.00296534627151138,0.417101668809223
1.71350000000003e-07,1.20693104023898,0.7501,0.00296534625235446,0.417101668798173
1.71450000000003e-07,1.20693103712144,0.7501,0.00296534627149551,0.417101668786622
1.71550000000003e-07,1.2069310340349,0.7501,0.00296534625236646,0.417101668775797
1.71650000000003e-07,1.20693103097908,0.7501,0.0029653462714797,0.41710166876447
1.71750000000003e-07,1.20693102795366,0.7501,0.00296534625237847,0.417101668753864
1.71850000000003e-07,1.20693102495834,0.7501,0.00296534627146396,0.417101668742756
1.71950000000003e-07,1.20693102199281,0.7501,0.0029653462523905,0.417101668732366
1.72050000000003e-07,1.2069310190568,0.7501,0.00296534627144827,0.417101668721471
1.72150000000003e-07,1.20693101614999,0.7501,0.00296534625240255,0.417101668711293
1.72250000000003e-07,1.2069310132721,0.7501,0.00296534627143264,0.417101668700608
1.72350000000003e-07,1.20693101042284,0.7501,0.00296534625241461,0.417101668690637
1.72450000000003e-07,1.20693100760193,0.7501,0.00296534627141706,0.417101668680159
1.72550000000003e-07,1.20693100480909,0.7501,0.00296534625242669,0.41710166867039
1.72650000000003e-07,1.20693100204403,0.7501,0.00296534627140154,0.417101668660114
1.72750000000003e-07,1.20693099930647,0.7501,0.00296534625243878,0.417101668650545
1.72850000000003e-07,1.20693099659616,0.7501,0.00296534627138606,0.417101668640465
1.72950000000003e-07,1.20693099391281,0.7501,0.00296534625245089,0.417101668631091
1.73050000000003e-07,1.20693099125615,0.7501,0.00296534627137065,0.417101668621206
1.73150000000003e-07,1.20693098862593,0.7501,0.00296534625246301,0.417101668612024
1.73250000000003e-07,1.20693098602187,0.7501,0.00296534627135529,0.417101668602329
1.73350000000003e-07,1.20693098344372,0.7501,0.00296534625247514,0.417101668593333
1.73450000000003e-07,1.20693098089123,0.7501,0.00296534627133998,0.417101668583825
1.73550000000003e-07,1.20693097836412,0.7501,0.00296534625248729,0.417101668575013
1.73650000000003e-07,1.20693097586216,0.7501,0.00296534627132471,0.417101668565687
1.73750000000003e-07,1.20693097338509,0.7501,0.00296534625249944,0.417101668557055
1.73850000000003e-07,1.20693097093266,0.7501,0.00296534627130951,0.417101668547909
1.73950000000003e-07,1.20693096850463,0.7501,0.00296534625251161,0.417101668539453
1.74050000000003e-07,1.20693096610076,0.7501,0.00296534627129435,0.417101668530482
1.74150000000003e-07,1.2069309637208,0.7501,0.00296534625252378,0.4171016685222
1.74250000000003e-07,1.20693096136453,0.7501,0.00296534627127924,0.417101668513401
1.74350000000003e-07,1.20693095903169,0.7501,0.00296534625253597,0.417101668505287
1.74450000000003e-07,1.20693095672206,0.7501,0.00296534627126418,0.417101668496657
1.74550000000003e-07,1.20693095443541,0.7501,0.00296534625254816,0.41710166848871
1.74650000000003e-07,1.20693095217151,0.7501,0.00296534627124916,0.417101668480245
1.74750000000003e-07,1.20693094993014,0.7501,0.00296534625256036,0.417101668472461
1.74850000000003e-07,1.20693094771106,0.7501,0.0029653462712342,0.417101668464159
1.74950000000003e-07,1.20693094551406,0.7501,0.00296534625257257,0.417101668456534
1.75050000000003e-07,1.20693094333892,0.7501,0.00296534627121928,0.41710166844839
1.75150000000003e-07,1.20693094118542,0.7501,0.00296534625258479,0.417101668440922
1.75250000000003e-07,1.20693093905334,0.7501,0.00296534627120441,0.417101668432934
1.75350000000003e-07,1.20693093694247,0.7501,0.00296534625259702,0.417101668425619
1.75450000000003e-07,1.20693093485261,0.7501,0.00296534627118959,0.417101668417784
1.75550000000003e-07,1.20693093278354,0.7501,0.00296534625260925,0.41710166841062
1.75650000000003e-07,1.20693093073505,0.7501,0.00296534627117481,0.417101668402934
1.75750000000003e-07,1.20693092870694,0.7501,0.00296534625262148,0.417101668395917
1.75850000000003e-07,1.20693092669901,0.7501,0.00296534627116007,0.417101668388377
1.75950000000003e-07,1.20693092471106,0.7501,0.00296534625263373,0.417101668381505
1.76050000000003e-07,1.20693092274288,0.7501,0.00296534627114538,0.41710166837411
1.76150000000003e-07,1.20693092079429,0.7501,0.00296534625264597,0.417101668367378
1.76250000000003e-07,1.20693091886508,0.7501,0.00296534627113073,0.417101668360124
1.76350000000003e-07,1.20693091695506,0.7501,0.00296534625265822,0.417101668353532
1.76450000000003e-07,1.20693091506405,0.7501,0.00296534627111613,0.417101668346416
1.76550000000003e-07,1.20693091319185,0.7501,0.00296534625267048,0.417101668339959
1.76650000000003e-07,1.20693091133828,0.7501,0.00296534627110157,0.417101668332979
1.76750000000003e-07,1.20693090950315,0.7501,0.00296534625268274,0.417101668326655
1.76850000000003e-07,1.20693090768627,0.7501,0.00296534627108705,0.417101668319807
1.76950000000003e-07,1.20693090588747,0.7501,0.002965346252695,0.417101668313615
1.77050000000003e-07,1.20693090410657,0.7501,0.00296534627107258,0.417101668306897
1.77150000000003e-07,1.20693090234339,0.7501,0.00296534625270726,0.417101668300832
1.77250000000003e-07,1.20693090059774,0.7501,0.00296534627105814,0.417101668294242
1.77350000000003e-07,1.20693089886947,0.7501,0.00296534625271953,0.417101668288303
1.77450000000003e-07,1.20693089715838,0.7501,0.00296534627104374,0.417101668281838
1.77550000000003e-07,1.20693089546433,0.7501,0.0029653462527318,0.417101668276022
1.77650000000003e-07,1.20693089378712,0.7501,0.00296534627102939,0.417101668269679
1.77750000000003e-07,1.20693089212661,0.7501,0.00296534625274407,0.417101668263984
1.77850000000003e-07,1.20693089048261,0.7501,0.00296534627101507,0.417101668257762
1.77950000000003e-07,1.20693088885497,0.7501,0.00296534625275634,0.417101668252184
1.78050000000003e-07,1.20693088724352,0.7501,0.0029653462710008,0.41710166824608
1.78150000000003e-07,1.2069308856481,0.7501,0.00296534625276861,0.417101668240618
1.78250000000003e-07,1.20693088406856,0.7501,0.00296534627098656,0.417101668234629
1.78350000000003e-07,1.20693088250473,0.7501,0.00296534625278088,0.417101668229281
1.78450000000004e-07,1.20693088095646,0.7501,0.00296534627097237,0.417101668223405
1.78550000000003e-07,1.20693087942359,0.7501,0.00296534625279316,0.417101668218168
1.78650000000003e-07,1.20693087790597,0.7501,0.00296534627095821,0.417101668212404
1.78750000000004e-07,1.20693087640345,0.7501,0.00296534625280542,0.417101668207276
1.78850000000004e-07,1.20693087491588,0.7501,0.00296534627094408,0.41710166820162
1.78950000000003e-07,1.20693087344311,0.7501,0.0029653462528177,0.417101668196599
1.79050000000003e-07,1.20693087198499,0.7501,0.00296534627093,0.41710166819105
1.79150000000004e-07,1.20693087054138,0.7501,0.00296534625282997,0.417101668186133
1.79250000000003e-07,1.20693086911213,0.7501,0.00296534627091596,0.417101668180688
1.79350000000003e-07,1.2069308676971,0.7501,0.00296534625284224,0.417101668175875
1.79450000000004e-07,1.20693086629615,0.7501,0.00296534627090195,0.417101668170533
1.79550000000004e-07,1.20693086490914,0.7501,0.0029653462528545,0.41710166816582
1.79650000000003e-07,1.20693086353592,0.7501,0.00296534627088797,0.417101668160578
1.79750000000004e-07,1.20693086217637,0.7501,0.00296534625286677,0.417101668155963
1.79850000000004e-07,1.20693086083034,0.7501,0.00296534627087404,0.41710166815082
1.79950000000004e-07,1.20693085949771,0.7501,0.00296534625287903,0.417101668146302
1.80050000000004e-07,1.20693085817833,0.7501,0.00296534627086014,0.417101668141255
1.80150000000004e-07,1.20693085687208,0.7501,0.00296534625289129,0.417101668136833
1.80250000000004e-07,1.20693085557882,0.7501,0.00296534627084627,0.41710166813188
1.80350000000004e-07,1.20693085429843,0.7501,0.00296534625290355,0.41710166812755
1.80450000000004e-07,1.20693085303078,0.7501,0.00296534627083244,0.417101668122691
1.80550000000004e-07,1.20693085177575,0.7501,0.0029653462529158,0.417101668118452
1.80650000000004e-07,1.20693085053319,0.7501,0.00296534627081864,0.417101668113683
1.80750000000004e-07,1.206930849303,0.7501,0.00296534625292806,0.417101668109533
1.80850000000004e-07,1.20693084808505,0.7501,0.00296534627080488,0.417101668104854
1.80950000000004e-07,1.20693084687922,0.7501,0.0029653462529403,0.417101668100791
1.81050000000004e-07,1.20693084568538,0.7501,0.00296534627079115,0.417101668096199
1.81150000000004e-07,1.20693084450342,0.7501,0.00296534625295254,0.417101668092223
1.81250000000004e-07,1.20693084333322,0.7501,0.00296534627077746,0.417101668087716
1.81350000000004e-07,1.20693084217466,0.7501,0.00296534625296478,0.417101668083823
1.81450000000004e-07,1.20693084102762,0.7501,0.00296534627076379,0.417101668079401
1.81550000000004e-07,1.206930839892,0.7501,0.00296534625297702,0.417101668075591
1.81650000000004e-07,1.20693083876768,0.7501,0.00296534627075017,0.41710166807125
1.81750000000004e-07,1.20693083765454,0.7501,0.00296534625298924,0.417101668067521
1.81850000000004e-07,1.20693083655248,0.7501,0.00296534627073657,0.417101668063261
1.81950000000004e-07,1.20693083546138,0.7501,0.00296534625300147,0.417101668059611
1.82050000000004e-07,1.20693083438114,0.7501,0.002965346270723,0.41710166805543
1.82150000000004e-07,1.20693083331164,0.7501,0.00296534625301368,0.417101668051857
1.82250000000004e-07,1.20693083225278,0.7501,0.00296534627070947,0.417101668047755
1.82350000000004e-07,1.20693083120446,0.7501,0.0029653462530259,0.417101668044257
1.82450000000004e-07,1.20693083016657,0.7501,0.00296534627069597,0.417101668040231
1.82550000000004e-07,1.20693082913901,0.7501,0.00296534625303811,0.417101668036808
1.82650000000004e-07,1.20693082812166,0.7501,0.0029653462706825,0.417101668032856
1.82750000000004e-07,1.20693082711444,0.7501,0.00296534625305031,0.417101668029506
1.82850000000004e-07,1.20693082611724,0.7501,0.00296534627066907,0.417101668025627
1.82950000000004e-07,1.20693082512996,0.7501,0.0029653462530625,0.417101668022348
1.83050000000004e-07,1.2069308241525,0.7501,0.00296534627065566,0.417101668018541
1.83150000000004e-07,1.20693082318477,0.7501,0.00296534625307469,0.417101668015332
1.83250000000004e-07,1.20693082222666,0.7501,0.00296534627064228,0.417101668011596
1.83350000000004e-07,1.20693082127809,0.7501,0.00296534625308687,0.417101668008456
1.83450000000004e-07,1.20693082033896,0.7501,0.00296534627062894,0.417101668004787
1.83550000000004e-07,1.20693081940916,0.7501,0.00296534625309904,0.417101668001715
1.83650000000004e-07,1.20693081848862,0.7501,0.00296534627061562,0.417101667998114
1.83750000000004e-07,1.20693081757724,0.7501,0.00296534625311121,0.417101667995108
1.83850000000004e-07,1.20693081667492,0.7501,0.00296534627060234,0.417101667991573
1.83950000000004e-07,1.20693081578158,0.7501,0.00296534625312337,0.417101667988632
1.84050000000004e-07,1.20693081489713,0.7501,0.00296534627058908,0.417101667985162
1.84150000000004e-07,1.20693081402148,0.7501,0.00296534625313553,0.417101667982283
1.84250000000004e-07,1.20693081315454,0.7501,0.00296534627057585,0.417101667978877
1.84350000000004e-07,1.20693081229622,0.7501,0.00296534625314767,0.417101667976061
1.84450000000004e-07,1.20693081144644,0.7501,0.00296534627056266,0.417101667972717
1.84550000000004e-07,1.20693081060512,0.7501,0.00296534625315981,0.417101667969962
1.84650000000004e-07,1.20693080977217,0.7501,0.00296534627054949,0.417101667966678
1.84750000000004e-07,1.20693080894751,0.7501,0.00296534625317194,0.417101667963983
1.84850000000004e-07,1.20693080813104,0.7501,0.00296534627053635,0.41710166796076
1.84950000000004e-07,1.20693080732271,0.7501,0.00296534625318406,0.417101667958123
1.85050000000004e-07,1.20693080652241,0.7501,0.00296534627052324,0.417101667954958
1.85150000000004e-07,1.20693080573008,0.7501,0.00296534625319617,0.417101667952379
1.85250000000004e-07,1.20693080494563,0.7501,0.00296534627051016,0.417101667949271
1.85350000000004e-07,1.20693080416898,0.7501,0.00296534625320828,0.417101667946748
1.85450000000004e-07,1.20693080340006,0.7501,0.0029653462704971,0.417101667943698
1.85550000000004e-07,1.20693080263879,0.7501,0.00296534625322037,0.417101667941229
1.85650000000004e-07,1.2069308018851,0.7501,0.00296534627048407,0.417101667938234
1.85750000000004e-07,1.2069308011389,0.7501,0.00296534625323246,0.417101667935819
1.85850000000004e-07,1.20693080040012,0.7501,0.00296534627047107,0.417101667932879
1.85950000000004e-07,1.2069307996687,0.7501,0.00296534625324454,0.417101667930517
1.86050000000004e-07,1.20693079894456,0.7501,0.0029653462704581,0.417101667927629
1.86150000000004e-07,1.20693079822761,0.7501,0.0029653462532566,0.417101667925319
1.86250000000004e-07,1.2069307975178,0.7501,0.00296534627044515,0.417101667922483
1.86350000000004e-07,1.20693079681505,0.7501,0.00296534625326866,0.417101667920224
1.86450000000004e-07,1.2069307961193,0.7501,0.00296534627043223,0.41710166791744
1.86550000000004e-07,1.20693079543046,0.7501,0.00296534625328071,0.417101667915231
1.86650000000004e-07,1.20693079474848,0.7501,0.00296534627041934,0.417101667912496
1.86750000000004e-07,1.20693079407328,0.7501,0.00296534625329275,0.417101667910336
1.86850000000004e-07,1.20693079340481,0.7501,0.00296534627040647,0.41710166790765
1.86950000000004e-07,1.20693079274298,0.7501,0.00296534625330478,0.417101667905537
1.87050000000004e-07,1.20693079208773,0.7501,0.00296534627039363,0.4171016679029
1.87150000000004e-07,1.20693079143901,0.7501,0.0029653462533168,0.417101667900834
1.87250000000004e-07,1.20693079079674,0.7501,0.00296534627038082,0.417101667898244
1.87350000000004e-07,1.20693079016086,0.7501,0.00296534625332881,0.417101667896224
1.87450000000004e-07,1.2069307895313,0.7501,0.00296534627036803,0.417101667893681
1.87550000000004e-07,1.20693078890801,0.7501,0.00296534625334081,0.417101667891706
1.87650000000004e-07,1.20693078829092,0.7501,0.00296534627035527,0.417101667889207
1.87750000000004e-07,1.20693078767997,0.7501,0.0029653462533528,0.417101667887276
1.87850000000004e-07,1.2069307870751,0.7501,0.00296534627034253,0.417101667884822
1.87950000000004e-07,1.20693078647624,0.7501,0.00296534625336478,0.417101667882935
1.88050000000004e-07,1.20693078588334,0.7501,0.00296534627032982,0.417101667880524
1.88150000000004e-07,1.20693078529635,0.7501,0.00296534625337675,0.417101667878679
1.88250000000004e-07,1.20693078471519,0.7501,0.00296534627031714,0.417101667876311
1.88350000000004e-07,1.20693078413981,0.7501,0.0029653462533887,0.417101667874508
1.88450000000004e-07,1.20693078357016,0.7501,0.00296534627030448,0.417101667872182
1.88550000000004e-07,1.20693078300618,0.7501,0.00296534625340065,0.417101667870419
1.88650000000004e-07,1.2069307824478,0.7501,0.00296534627029185,0.417101667868134
1.88750000000004e-07,1.20693078189498,0.7501,0.00296534625341259,0.417101667866411
1.88850000000004e-07,1.20693078134767,0.7501,0.00296534627027923,0.417101667864167
1.88950000000004e-07,1.20693078080579,0.7501,0.00296534625342451,0.417101667862483
1.89050000000004e-07,1.20693078026931,0.7501,0.00296534627026665,0.417101667860278
1.89150000000004e-07,1.20693077973816,0.7501,0.00296534625343642,0.417101667858632
1.89250000000004e-07,1.2069307792123,0.7501,0.00296534627025408,0.417101667856466
1.89350000000004e-07,1.20693077869167,0.7501,0.00296534625344833,0.417101667854857
1.89450000000004e-07,1.20693077817623,0.7501,0.00296534627024155,0.417101667852729
1.89550000000004e-07,1.2069307776659,0.7501,0.00296534625346022,0.417101667851158
1.89650000000004e-07,1.20693077716066,0.7501,0.00296534627022903,0.417101667849067
1.89750000000004e-07,1.20693077666044,0.7501,0.0029653462534721,0.417101667847531
1.89850000000004e-07,1.2069307761652,0.7501,0.00296534627021655,0.417101667845477
1.89950000000004e-07,1.20693077567489,0.7501,0.00296534625348397,0.417101667843977
1.90050000000004e-07,1.20693077518945,0.7501,0.00296534627020408,0.417101667841958
1.90150000000004e-07,1.20693077470885,0.7501,0.00296534625349582,0.417101667840492
1.90250000000004e-07,1.20693077423302,0.7501,0.00296534627019164,0.417101667838508
1.90350000000004e-07,1.20693077376193,0.7501,0.00296534625350766,0.417101667837077
1.90450000000004e-07,1.20693077329553,0.7501,0.00296534627017922,0.417101667835127
1.90550000000004e-07,1.20693077283376,0.7501,0.0029653462535195,0.417101667833729
1.90650000000004e-07,1.20693077237659,0.7501,0.00296534627016682,0.417101667831813
1.90750000000004e-07,1.20693077192397,0.7501,0.00296534625353132,0.417101667830448
1.90850000000004e-07,1.20693077147585,0.7501,0.00296534627015445,0.417101667828565
1.90950000000004e-07,1.20693077103219,0.7501,0.00296534625354313,0.417101667827232
1.91050000000004e-07,1.20693077059295,0.7501,0.0029653462701421,0.417101667825381
1.91150000000004e-07,1.20693077015807,0.7501,0.00296534625355493,0.417101667824079
1.91250000000004e-07,1.20693076972752,0.7501,0.00296534627012978,0.41710166782226
1.91350000000004e-07,1.20693076930125,0.7501,0.00296534625356671,0.417101667820988
1.91450000000004e-07,1.20693076887923,0.7501,0.00296534627011747,0.4171016678192
1.91550000000004e-07,1.2069307684614,0.7501,0.00296534625357848,0.417101667817959
1.91650000000004e-07,1.20693076804773,0.7501,0.00296534627010519,0.417101667816202
1.91750000000005e-07,1.20693076763818,0.7501,0.00296534625359024,0.41710166781499
1.91850000000004e-07,1.2069307672327,0.7501,0.00296534627009294,0.417101667813263
1.91950000000004e-07,1.20693076683125,0.7501,0.00296534625360199,0.417101667812079
1.92050000000005e-07,1.2069307664338,0.7501,0.0029653462700807,0.417101667810382
1.92150000000005e-07,1.2069307660403,0.7501,0.00296534625361372,0.417101667809226
1.92250000000004e-07,1.20693076565072,0.7501,0.00296534627006849,0.417101667807557
1.92350000000004e-07,1.20693076526501,0.7501,0.00296534625362545,0.41710166780643
1.92450000000005e-07,1.20693076488314,0.7501,0.0029653462700563,0.417101667804789
1.92550000000004e-07,1.20693076450507,0.7501,0.00296534625363716,0.417101667803689
1.92650000000004e-07,1.20693076413076,0.7501,0.00296534627004413,0.417101667802076
1.92750000000005e-07,1.20693076376018,0.7501,0.00296534625364885,0.417101667801002
1.92850000000005e-07,1.20693076339328,0.7501,0.00296534627003198,0.417101667799416
1.92950000000004e-07,1.20693076303003,0.7501,0.00296534625366054,0.417101667798369
1.93050000000005e-07,1.2069307626704,0.7501,0.00296534627001985,0.41710166779681
1.93150000000005e-07,1.20693076231434,0.7501,0.00296534625367221,0.417101667795787
1.93250000000005e-07,1.20693076196183,0.7501,0.00296534627000775,0.417101667794254
1.93350000000005e-07,1.20693076161282,0.7501,0.00296534625368387,0.417101667793257
1.93450000000005e-07,1.20693076126729,0.7501,0.00296534626999567,0.417101667791749
1.93550000000005e-07,1.20693076092519,0.7501,0.00296534625369551,0.417101667790777
1.93650000000005e-07,1.2069307605865,0.7501,0.00296534626998361,0.417101667789294
1.93750000000005e-07,1.20693076025117,0.7501,0.00296534625370714,0.417101667788346
1.93850000000005e-07,1.20693075991919,0.7501,0.00296534626997157,0.417101667786888
1.93950000000005e-07,1.2069307595905,0.7501,0.00296534625371877,0.417101667785963
1.94050000000005e-07,1.20693075926509,0.7501,0.00296534626995956,0.417101667784529
1.94150000000005e-07,1.20693075894291,0.7501,0.00296534625373037,0.417101667783627
1.94250000000005e-07,1.20693075862394,0.7501,0.00296534626994756,0.417101667782217
1.94350000000005e-07,1.20693075830814,0.7501,0.00296534625374197,0.417101667781338
1.94450000000005e-07,1.20693075799549,0.7501,0.00296534626993558,0.41710166777995
1.94550000000005e-07,1.20693075768594,0.7501,0.00296534625375354,0.417101667779093
1.94650000000005e-07,1.20693075737947,0.7501,0.00296534626992363,0.417101667777729
1.94750000000005e-07,1.20693075707606,0.7501,0.00296534625376511,0.417101667776893
1.94850000000005e-07,1.20693075677566,0.7501,0.0029653462699117,0.417101667775551
1.94950000000005e-07,1.20693075647825,0.7501,0.00296534625377666,0.417101667774737
1.95050000000005e-07,1.2069307561838,0.7501,0.00296534626989979,0.417101667773417
1.95150000000005e-07,1.20693075589227,0.7501,0.00296534625378821,0.417101667772624
1.95250000000005e-07,1.20693075560365,0.7501,0.00296534626988789,0.417101667771324
1.95350000000005e-07,1.2069307553179,0.7501,0.00296534625379973,0.417101667770552
1.95450000000005e-07,1.206930755035,0.7501,0.00296534626987602,0.417101667769274
1.95550000000005e-07,1.2069307547549,0.7501,0.00296534625381124,0.417101667768521
1.95650000000005e-07,1.2069307544776,0.7501,0.00296534626986417,0.417101667767264
1.95750000000005e-07,1.20693075420305,0.7501,0.00296534625382274,0.417101667766531
1.95850000000005e-07,1.20693075393123,0.7501,0.00296534626985234,0.417101667765293
1.95950000000005e-07,1.20693075366212,0.7501,0.00296534625383423,0.417101667764579
1.96050000000005e-07,1.20693075339569,0.7501,0.00296534626984053,0.417101667763362
1.96150000000005e-07,1.20693075313191,0.7501,0.0029653462538457,0.417101667762667
1.96250000000005e-07,1.20693075287075,0.7501,0.00296534626982874,0.417101667761469
1.96350000000005e-07,1.20693075261219,0.7501,0.00296534625385716,0.417101667760793
1.96450000000005e-07,1.2069307523562,0.7501,0.00296534626981697,0.417101667759613
1.96550000000005e-07,1.20693075210276,0.7501,0.00296534625386861,0.417101667758955
1.96650000000005e-07,1.20693075185184,0.7501,0.00296534626980522,0.417101667757795
1.96750000000005e-07,1.20693075160341,0.7501,0.00296534625388003,0.417101667757154
1.96850000000005e-07,1.20693075135746,0.7501,0.00296534626979349,0.417101667756012
1.96950000000005e-07,1.20693075111396,0.7501,0.00296534625389145,0.417101667755388
1.97050000000005e-07,1.20693075087287,0.7501,0.00296534626978178,0.417101667754264
1.97150000000005e-07,1.20693075063419,0.7501,0.00296534625390286,0.417101667753658
1.97250000000005e-07,1.20693075039788,0.7501,0.00296534626977009,0.417101667752551
1.97350000000005e-07,1.20693075016392,0.7501,0.00296534625391424,0.417101667751962
1.97450000000005e-07,1.20693074993229,0.7501,0.00296534626975842,0.417101667750872
1.97550000000005e-07,1.20693074970297,0.7501,0.00296534625392562,0.417101667750299
1.97650000000005e-07,1.20693074947592,0.7501,0.00296534626974677,0.417101667749226
1.97750000000005e-07,1.20693074925113,0.7501,0.00296534625393698,0.417101667748669
1.97850000000005e-07,1.20693074902858,0.7501,0.00296534626973514,0.417101667747613
1.97950000000005e-07,1.20693074880825,0.7501,0.00296534625394833,0.417101667747072
1.98050000000005e-07,1.20693074859011,0.7501,0.00296534626972353,0.417101667746032
1.98150000000005e-07,1.20693074837413,0.7501,0.00296534625395967,0.417101667745506
1.98250000000005e-07,1.20693074816031,0.7501,0.00296534626971193,0.417101667744482
1.98350000000005e-07,1.20693074794861,0.7501,0.00296534625397099,0.417101667743971
1.98450000000005e-07,1.20693074773902,0.7501,0.00296534626970036,0.417101667742963
1.98550000000005e-07,1.20693074753151,0.7501,0.00296534625398229,0.417101667742466
1.98650000000005e-07,1.20693074732607,0.7501,0.00296534626968881,0.417101667741474
1.98750000000005e-07,1.20693074712267,0.7501,0.00296534625399358,0.417101667740992
1.98850000000005e-07,1.2069307469213,0.7501,0.00296534626967727,0.417101667740014
1.98950000000005e-07,1.20693074672193,0.7501,0.00296534625400486,0.417101667739546
1.99050000000005e-07,1.20693074652454,0.7501,0.00296534626966576,0.417101667738583
1.99150000000005e-07,1.20693074632912,0.7501,0.00296534625401613,0.417101667738129
1.99250000000005e-07,1.20693074613564,0.7501,0.00296534626965426,0.417101667737181
1.99350000000005e-07,1.20693074594409,0.7501,0.00296534625402737,0.41710166773674
1.99450000000005e-07,1.20693074575444,0.7501,0.00296534626964278,0.417101667735806
1.99550000000005e-07,1.20693074556668,0.7501,0.00296534625403861,0.417101667735379
1.99650000000005e-07,1.20693074538078,0.7501,0.00296534626963132,0.417101667734459
1.99750000000005e-07,1.20693074519674,0.7501,0.00296534625404983,0.417101667734045
1.99850000000005e-07,1.20693074501453,0.7501,0.00296534626961988,0.417101667733138
1.99950000000005e-07,1.20693074483413,0.7501,0.00296534625406104,0.417101667732737
2.00050000000005e-07,1.20693074465552,0.7501,0.00296534626960846,0.417101667731843
2.00150000000005e-07,1.20693074447869,0.7501,0.00296534625407223,0.417101667731455
2.00250000000005e-07,1.20693074430363,0.7501,0.00296534626959706,0.417101667730575
2.00350000000005e-07,1.2069307441303,0.7501,0.00296534625408341,0.417101667730198
2.00450000000005e-07,1.20693074395869,0.7501,0.00296534626958567,0.41710166772933
2.00550000000005e-07,1.2069307437888,0.7501,0.00296534625409457,0.417101667728966
2.00650000000005e-07,1.20693074362059,0.7501,0.00296534626957431,0.417101667728112
2.00750000000005e-07,1.20693074345406,0.7501,0.00296534625410572,0.417101667727759
2.00850000000005e-07,1.20693074328918,0.7501,0.00296534626956296,0.417101667726916
2.00950000000005e-07,1.20693074312595,0.7501,0.00296534625411686,0.417101667726575
2.01050000000005e-07,1.20693074296434,0.7501,0.00296534626955163,0.417101667725745
2.01150000000005e-07,1.20693074280434,0.7501,0.00296534625412798,0.417101667725415
2.01250000000005e-07,1.20693074264593,0.7501,0.00296534626954032,0.417101667724597
2.01350000000005e-07,1.20693074248909,0.7501,0.00296534625413908,0.417101667724278
2.01450000000005e-07,1.20693074233381,0.7501,0.00296534626952903,0.417101667723472
2.01550000000005e-07,1.20693074218009,0.7501,0.00296534625415018,0.417101667723164
2.01650000000005e-07,1.20693074202788,0.7501,0.00296534626951775,0.417101667722368
2.01750000000005e-07,1.2069307418772,0.7501,0.00296534625416125,0.417101667722071
2.01850000000005e-07,1.20693074172801,0.7501,0.00296534626950649,0.417101667721287
2.01950000000005e-07,1.20693074158031,0.7501,0.00296534625417232,0.417101667721
2.02050000000005e-07,1.20693074143408,0.7501,0.00296534626949526,0.417101667720227
2.02150000000005e-07,1.2069307412893,0.7501,0.00296534625418337,0.41710166771995
2.02250000000005e-07,1.20693074114596,0.7501,0.00296534626948404,0.417101667719188
2.02350000000005e-07,1.20693074100405,0.7501,0.0029653462541944,0.417101667718921
2.02450000000005e-07,1.20693074086355,0.7501,0.00296534626947283,0.417101667718169
2.02550000000005e-07,1.20693074072444,0.7501,0.00296534625420542,0.417101667717913
2.02650000000005e-07,1.20693074058673,0.7501,0.00296534626946165,0.417101667717171
2.02750000000005e-07,1.20693074045038,0.7501,0.00296534625421643,0.417101667716924
2.02850000000005e-07,1.20693074031539,0.7501,0.00296534626945048,0.417101667716193
2.02950000000005e-07,1.20693074018174,0.7501,0.00296534625422742,0.417101667715955
2.03050000000005e-07,1.20693074004942,0.7501,0.00296534626943933,0.417101667715234
2.03150000000005e-07,1.20693073991842,0.7501,0.0029653462542384,0.417101667715005
2.03250000000005e-07,1.20693073978872,0.7501,0.0029653462694282,0.417101667714293
2.03350000000005e-07,1.20693073966031,0.7501,0.00296534625424936,0.417101667714074
2.03450000000005e-07,1.20693073953317,0.7501,0.00296534626941709,0.417101667713372
2.03550000000005e-07,1.20693073940731,0.7501,0.00296534625426031,0.417101667713161
2.03650000000005e-07,1.20693073928269,0.7501,0.00296534626940599,0.417101667712469
2.03750000000005e-07,1.20693073915932,0.7501,0.00296534625427124,0.417101667712267
2.03850000000005e-07,1.20693073903717,0.7501,0.00296534626939491,0.417101667711584
2.03950000000005e-07,1.20693073891624,0.7501,0.00296534625428216,0.41710166771139
2.04050000000005e-07,1.20693073879651,0.7501,0.00296534626938385,0.417101667710716
2.04150000000005e-07,1.20693073867797,0.7501,0.00296534625429307,0.41710166771053
2.04250000000005e-07,1.20693073856061,0.7501,0.00296534626937281,0.417101667709865
2.04350000000005e-07,1.20693073844442,0.7501,0.00296534625430396,0.417101667709688
2.04450000000005e-07,1.20693073832939,0.7501,0.00296534626936179,0.417101667709031
2.04550000000005e-07,1.2069307382155,0.7501,0.00296534625431483,0.417101667708862
2.04650000000005e-07,1.20693073810274,0.7501,0.00296534626935077,0.417101667708214
2.04750000000005e-07,1.2069307379911,0.7501,0.0029653462543257,0.417101667708053
2.04850000000005e-07,1.20693073788058,0.7501,0.00296534626933978,0.417101667707413
2.04950000000005e-07,1.20693073777115,0.7501,0.00296534625433654,0.417101667707259
2.05050000000006e-07,1.20693073766281,0.7501,0.00296534626932881,0.417101667706628
2.05150000000006e-07,1.20693073755555,0.7501,0.00296534625434737,0.417101667706481
2.05250000000005e-07,1.20693073744936,0.7501,0.00296534626931785,0.417101667705858
2.05350000000006e-07,1.20693073734423,0.7501,0.00296534625435819,0.417101667705719
2.05450000000006e-07,1.20693073724014,0.7501,0.00296534626930692,0.417101667705104
2.05550000000005e-07,1.20693073713709,0.7501,0.00296534625436899,0.417101667704972
2.05650000000005e-07,1.20693073703506,0.7501,0.00296534626929599,0.417101667704364
2.05750000000006e-07,1.20693073693404,0.7501,0.00296534625437978,0.417101667704239
2.05850000000006e-07,1.20693073683404,0.7501,0.00296534626928509,0.41710166770364
2.05950000000005e-07,1.20693073673502,0.7501,0.00296534625439055,0.417101667703521
2.06050000000006e-07,1.206930736637,0.7501,0.0029653462692742,0.417101667702929
2.06150000000006e-07,1.20693073653994,0.7501,0.00296534625440131,0.417101667702818
2.06250000000005e-07,1.20693073644385,0.7501,0.00296534626926333,0.417101667702233
2.06350000000006e-07,1.20693073634872,0.7501,0.00296534625441206,0.417101667702128
2.06450000000006e-07,1.20693073625454,0.7501,0.00296534626925247,0.41710166770155
2.06550000000006e-07,1.20693073616129,0.7501,0.00296534625442279,0.417101667701452
2.06650000000006e-07,1.20693073606897,0.7501,0.00296534626924163,0.417101667700881
2.06750000000006e-07,1.20693073597757,0.7501,0.0029653462544335,0.417101667700789
2.06850000000006e-07,1.20693073588707,0.7501,0.00296534626923081,0.417101667700225
2.06950000000006e-07,1.20693073579748,0.7501,0.00296534625444421,0.41710166770014
2.07050000000006e-07,1.20693073570878,0.7501,0.00296534626922001,0.417101667699582
2.07150000000006e-07,1.20693073562096,0.7501,0.00296534625445489,0.417101667699503
2.07250000000006e-07,1.20693073553402,0.7501,0.00296534626920922,0.417101667698952
2.07350000000006e-07,1.20693073544794,0.7501,0.00296534625446557,0.417101667698878
2.07450000000006e-07,1.20693073536272,0.7501,0.00296534626919845,0.417101667698334
2.07550000000006e-07,1.20693073527834,0.7501,0.00296534625447622,0.417101667698266
2.07650000000006e-07,1.2069307351948,0.7501,0.00296534626918769,0.417101667697729
2.07750000000006e-07,1.2069307351121,0.7501,0.00296534625448687,0.417101667697666
2.07850000000006e-07,1.20693073503022,0.7501,0.00296534626917695,0.417101667697136
2.07950000000006e-07,1.20693073494915,0.7501,0.0029653462544975,0.417101667697079
2.08050000000006e-07,1.20693073486889,0.7501,0.00296534626916623,0.417101667696554
2.08150000000006e-07,1.20693073478942,0.7501,0.00296534625450811,0.417101667696502
2.08250000000006e-07,1.20693073471075,0.7501,0.00296534626915553,0.417101667695984
2.08350000000006e-07,1.20693073463286,0.7501,0.00296534625451871,0.417101667695938
2.08450000000006e-07,1.20693073455575,0.7501,0.00296534626914484,0.417101667695425
2.08550000000006e-07,1.2069307344794,0.7501,0.0029653462545293,0.417101667695384
2.08650000000006e-07,1.20693073440381,0.7501,0.00296534626913417,0.417101667694877
2.08750000000006e-07,1.20693073432898,0.7501,0.00296534625453987,0.417101667694841
2.08850000000006e-07,1.20693073425489,0.7501,0.00296534626912351,0.41710166769434
2.08950000000006e-07,1.20693073418153,0.7501,0.00296534625455042,0.41710166769431
2.09050000000006e-07,1.20693073410891,0.7501,0.00296534626911287,0.417101667693814
2.09150000000006e-07,1.20693073403701,0.7501,0.00296534625456096,0.417101667693788
2.09250000000006e-07,1.20693073396582,0.7501,0.00296534626910225,0.417101667693298
2.09350000000006e-07,1.20693073389534,0.7501,0.00296534625457149,0.417101667693277
2.09450000000006e-07,1.20693073382556,0.7501,0.00296534626909164,0.417101667692792
2.09550000000006e-07,1.20693073375648,0.7501,0.00296534625458201,0.417101667692776
2.09650000000006e-07,1.20693073368809,0.7501,0.00296534626908105,0.417101667692297
2.09750000000006e-07,1.20693073362037,0.7501,0.0029653462545925,0.417101667692285
2.09850000000006e-07,1.20693073355333,0.7501,0.00296534626907048,0.417101667691811
2.09950000000006e-07,1.20693073348695,0.7501,0.00296534625460298,0.417101667691804
2.10050000000006e-07,1.20693073342124,0.7501,0.00296534626905992,0.417101667691335
2.10150000000006e-07,1.20693073335618,0.7501,0.00296534625461346,0.417101667691332
2.10250000000006e-07,1.20693073329177,0.7501,0.00296534626904938,0.417101667690868
2.10350000000006e-07,1.20693073322799,0.7501,0.00296534625462391,0.417101667690869
2.10450000000006e-07,1.20693073316486,0.7501,0.00296534626903885,0.417101667690411
2.10550000000006e-07,1.20693073310235,0.7501,0.00296534625463436,0.417101667690416
2.10650000000006e-07,1.20693073304046,0.7501,0.00296534626902834,0.417101667689962
2.10750000000006e-07,1.20693073297919,0.7501,0.00296534625464478,0.417101667689971
2.10850000000006e-07,1.20693073291853,0.7501,0.00296534626901785,0.417101667689522
2.10950000000006e-07,1.20693073285847,0.7501,0.00296534625465519,0.417101667689536
2.11050000000006e-07,1.206930732799,0.7501,0.00296534626900737,0.417101667689091
2.11150000000006e-07,1.20693073274014,0.7501,0.00296534625466558,0.417101667689109
2.11250000000006e-07,1.20693073268185,0.7501,0.00296534626899691,0.417101667688669
2.11350000000006e-07,1.20693073262415,0.7501,0.00296534625467597,0.417101667688691
2.11450000000006e-07,1.20693073256702,0.7501,0.00296534626898646,0.417101667688255
2.11550000000006e-07,1.20693073251046,0.7501,0.00296534625468634,0.41710166768828
2.11650000000006e-07,1.20693073245446,0.7501,0.00296534626897603,0.417101667687849
2.11750000000006e-07,1.20693073239901,0.7501,0.00296534625469669,0.417101667687878
2.11850000000006e-07,1.20693073234412,0.7501,0.00296534626896562,0.417101667687451
2.11950000000006e-07,1.20693073228978,0.7501,0.00296534625470703,0.417101667687484
2.12050000000006e-07,1.20693073223598,0.7501,0.00296534626895522,0.417101667687061
2.12150000000006e-07,1.20693073218271,0.7501,0.00296534625471736,0.417101667687098
2.12250000000006e-07,1.20693073212997,0.7501,0.00296534626894483,0.417101667686679
2.12350000000006e-07,1.20693073207775,0.7501,0.00296534625472766,0.417101667686719
2.12450000000006e-07,1.20693073202606,0.7501,0.00296534626893446,0.417101667686305
2.12550000000006e-07,1.20693073197488,0.7501,0.00296534625473796,0.417101667686348
2.12650000000006e-07,1.20693073192421,0.7501,0.00296534626892411,0.417101667685938
2.12750000000006e-07,1.20693073187404,0.7501,0.00296534625474824,0.417101667685984
2.12850000000006e-07,1.20693073182438,0.7501,0.00296534626891378,0.417101667685577
2.12950000000006e-07,1.2069307317752,0.7501,0.00296534625475851,0.417101667685627
2.13050000000006e-07,1.20693073172652,0.7501,0.00296534626890346,0.417101667685225
2.13150000000006e-07,1.20693073167832,0.7501,0.00296534625476876,0.417101667685278
2.13250000000006e-07,1.2069307316306,0.7501,0.00296534626889315,0.417101667684879
2.13350000000006e-07,1.20693073158336,0.7501,0.002965346254779,0.417101667684935
2.13450000000006e-07,1.20693073153658,0.7501,0.00296534626888287,0.41710166768454
2.13550000000006e-07,1.20693073149027,0.7501,0.00296534625478923,0.417101667684599
2.13650000000006e-07,1.20693073144442,0.7501,0.00296534626887259,0.417101667684208
2.13750000000006e-07,1.20693073139903,0.7501,0.00296534625479944,0.41710166768427
2.13850000000006e-07,1.20693073135409,0.7501,0.00296534626886233,0.417101667683882
2.13950000000006e-07,1.20693073130959,0.7501,0.00296534625480963,0.417101667683947
2.14050000000006e-07,1.20693073126554,0.7501,0.00296534626885209,0.417101667683563
2.14150000000006e-07,1.20693073122193,0.7501,0.00296534625481981,0.417101667683631
2.14250000000006e-07,1.20693073117875,0.7501,0.00296534626884186,0.417101667683251
2.14350000000006e-07,1.206930731136,0.7501,0.00296534625482998,0.417101667683321
2.14450000000006e-07,1.20693073109367,0.7501,0.00296534626883165,0.417101667682944
2.14550000000006e-07,1.20693073105177,0.7501,0.00296534625484013,0.417101667683017
2.14650000000006e-07,1.20693073101028,0.7501,0.00296534626882145,0.417101667682643
2.14750000000006e-07,1.20693073096921,0.7501,0.00296534625485027,0.417101667682719
2.14850000000006e-07,1.20693073092854,0.7501,0.00296534626881127,0.417101667682348
2.14950000000006e-07,1.20693073088828,0.7501,0.00296534625486039,0.417101667682427
2.15050000000006e-07,1.20693073084842,0.7501,0.0029653462688011,0.41710166768206
2.15150000000006e-07,1.20693073080896,0.7501,0.0029653462548705,0.417101667682141
2.15250000000006e-07,1.20693073076989,0.7501,0.00296534626879095,0.417101667681777
2.15350000000006e-07,1.2069307307312,0.7501,0.0029653462548806,0.41710166768186
2.15450000000006e-07,1.20693073069291,0.7501,0.00296534626878082,0.417101667681499
2.15550000000006e-07,1.20693073065499,0.7501,0.00296534625489068,0.417101667681585
2.15650000000006e-07,1.20693073061745,0.7501,0.00296534626877069,0.417101667681227
2.15750000000006e-07,1.20693073058028,0.7501,0.00296534625490075,0.417101667681316
2.15850000000006e-07,1.20693073054349,0.7501,0.00296534626876059,0.417101667680961
2.15950000000006e-07,1.20693073050706,0.7501,0.0029653462549108,0.417101667681051
2.16050000000006e-07,1.20693073047099,0.7501,0.00296534626875049,0.417101667680699
2.16150000000006e-07,1.20693073043528,0.7501,0.00296534625492084,0.417101667680792
2.16250000000006e-07,1.20693073039993,0.7501,0.00296534626874042,0.417101667680443
2.16350000000006e-07,1.20693073036493,0.7501,0.00296534625493086,0.417101667680538
2.16450000000006e-07,1.20693073033027,0.7501,0.00296534626873036,0.417101667680192
2.16550000000006e-07,1.20693073029596,0.7501,0.00296534625494087,0.417101667680289
2.16650000000006e-07,1.206930730262,0.7501,0.00296534626872032,0.417101667679946
2.16750000000006e-07,1.20693073022837,0.7501,0.00296534625495087,0.417101667680046
2.16850000000006e-07,1.20693073019507,0.7501,0.00296534626871029,0.417101667679705
2.16950000000006e-07,1.20693073016211,0.7501,0.00296534625496085,0.417101667679806
2.17050000000006e-07,1.20693073012947,0.7501,0.00296534626870027,0.417101667679468
2.17150000000006e-07,1.20693073009716,0.7501,0.00296534625497082,0.417101667679572
2.17250000000006e-07,1.20693073006517,0.7501,0.00296534626869027,0.417101667679236
2.17350000000006e-07,1.2069307300335,0.7501,0.00296534625498078,0.417101667679342
2.17450000000006e-07,1.20693073000215,0.7501,0.00296534626868028,0.417101667679009
2.17550000000006e-07,1.2069307299711,0.7501,0.00296534625499071,0.417101667679117
2.17650000000006e-07,1.20693072994037,0.7501,0.00296534626867031,0.417101667678787
2.17750000000006e-07,1.20693072990993,0.7501,0.00296534625500064,0.417101667678896
2.17850000000006e-07,1.20693072987981,0.7501,0.00296534626866036,0.417101667678569
2.17950000000006e-07,1.20693072984998,0.7501,0.00296534625501055,0.41710166767868
2.18050000000006e-07,1.20693072982045,0.7501,0.00296534626865041,0.417101667678354
2.18150000000006e-07,1.20693072979121,0.7501,0.00296534625502045,0.417101667678468
2.18250000000006e-07,1.20693072976227,0.7501,0.00296534626864049,0.417101667678144
2.18350000000007e-07,1.20693072973361,0.7501,0.00296534625503033,0.41710166767826
2.18450000000007e-07,1.20693072970524,0.7501,0.00296534626863058,0.417101667677939
2.18550000000006e-07,1.20693072967715,0.7501,0.0029653462550402,0.417101667678056
2.18650000000007e-07,1.20693072964934,0.7501,0.00296534626862068,0.417101667677738
2.18750000000007e-07,1.2069307296218,0.7501,0.00296534625505006,0.417101667677856
2.18850000000006e-07,1.20693072959454,0.7501,0.0029653462686108,0.417101667677541
2.18950000000006e-07,1.20693072956755,0.7501,0.0029653462550599,0.41710166767766
2.19050000000007e-07,1.20693072954083,0.7501,0.00296534626860093,0.417101667677347
2.19150000000007e-07,1.20693072951438,0.7501,0.00296534625506973,0.417101667677468
2.19250000000006e-07,1.20693072948819,0.7501,0.00296534626859108,0.417101667677157
2.19350000000007e-07,1.20693072946226,0.7501,0.00296534625507954,0.417101667677281
2.19450000000007e-07,1.20693072943658,0.7501,0.00296534626858124,0.417101667676971
2.19550000000006e-07,1.20693072941117,0.7501,0.00296534625508934,0.417101667677096
2.19650000000006e-07,1.206930729386,0.7501,0.00296534626857141,0.417101667676789
2.19750000000007e-07,1.20693072936109,0.7501,0.00296534625509913,0.417101667676915
2.19850000000007e-07,1.20693072933642,0.7501,0.00296534626856161,0.41710166767661
2.19950000000007e-07,1.206930729312,0.7501,0.0029653462551089,0.417101667676738
2.20050000000007e-07,1.20693072928782,0.7501,0.00296534626855181,0.417101667676435
2.20150000000007e-07,1.20693072926389,0.7501,0.00296534625511865,0.417101667676564
2.20250000000007e-07,1.20693072924019,0.7501,0.00296534626854203,0.417101667676263
2.20350000000007e-07,1.20693072921672,0.7501,0.0029653462551284,0.417101667676394
2.20450000000007e-07,1.20693072919349,0.7501,0.00296534626853227,0.417101667676095
2.20550000000007e-07,1.20693072917049,0.7501,0.00296534625513813,0.417101667676227
2.20650000000007e-07,1.20693072914772,0.7501,0.00296534626852251,0.41710166767593
2.20750000000007e-07,1.20693072912518,0.7501,0.00296534625514784,0.417101667676063
2.20850000000007e-07,1.20693072910286,0.7501,0.00296534626851278,0.417101667675769
2.20950000000007e-07,1.20693072908076,0.7501,0.00296534625515755,0.417101667675903
2.21050000000007e-07,1.20693072905889,0.7501,0.00296534626850305,0.417101667675611
2.21150000000007e-07,1.20693072903723,0.7501,0.00296534625516724,0.417101667675746
2.21250000000007e-07,1.20693072901578,0.7501,0.00296534626849335,0.417101667675455
2.21350000000007e-07,1.20693072899455,0.7501,0.00296534625517691,0.417101667675591
2.21450000000007e-07,1.20693072897353,0.7501,0.00296534626848365,0.417101667675303
2.21550000000007e-07,1.20693072895272,0.7501,0.00296534625518657,0.417101667675441
2.21650000000007e-07,1.20693072893212,0.7501,0.00296534626847397,0.417101667675153
2.21750000000007e-07,1.20693072891172,0.7501,0.00296534625519622,0.417101667675293
2.21850000000007e-07,1.20693072889152,0.7501,0.00296534626846431,0.417101667675007
2.21950000000007e-07,1.20693072887153,0.7501,0.00296534625520585,0.417101667675148
2.22050000000007e-07,1.20693072885173,0.7501,0.00296534626845466,0.417101667674864
2.22150000000007e-07,1.20693072883213,0.7501,0.00296534625521547,0.417101667675005
2.22250000000007e-07,1.20693072881273,0.7501,0.00296534626844502,0.417101667674724
2.22350000000007e-07,1.20693072879352,0.7501,0.00296534625522508,0.417101667674866
2.22450000000007e-07,1.2069307287745,0.7501,0.0029653462684354,0.417101667674586
2.22550000000007e-07,1.20693072875567,0.7501,0.00296534625523467,0.41710166767473
2.22650000000007e-07,1.20693072873703,0.7501,0.00296534626842579,0.417101667674451
2.22750000000007e-07,1.20693072871857,0.7501,0.00296534625524424,0.417101667674596
2.22850000000007e-07,1.2069307287003,0.7501,0.00296534626841619,0.417101667674318
2.22950000000007e-07,1.2069307286822,0.7501,0.00296534625525381,0.417101667674464
2.23050000000007e-07,1.20693072866429,0.7501,0.00296534626840662,0.417101667674189
2.23150000000007e-07,1.20693072864656,0.7501,0.00296534625526336,0.417101667674335
2.23250000000007e-07,1.206930728629,0.7501,0.00296534626839705,0.417101667674061
2.23350000000007e-07,1.20693072861162,0.7501,0.0029653462552729,0.417101667674209
2.23450000000007e-07,1.20693072859441,0.7501,0.0029653462683875,0.417101667673937
2.23550000000007e-07,1.20693072857737,0.7501,0.00296534625528242,0.417101667674086
2.23650000000007e-07,1.2069307285605,0.7501,0.00296534626837796,0.417101667673815
2.23750000000007e-07,1.2069307285438,0.7501,0.00296534625529193,0.417101667673964
2.23850000000007e-07,1.20693072852726,0.7501,0.00296534626836844,0.417101667673695
2.23950000000007e-07,1.20693072851089,0.7501,0.00296534625530143,0.417101667673845
2.24050000000007e-07,1.20693072849468,0.7501,0.00296534626835893,0.417101667673578
2.24150000000007e-07,1.20693072847864,0.7501,0.00296534625531091,0.417101667673729
2.24250000000007e-07,1.20693072846275,0.7501,0.00296534626834943,0.417101667673463
2.24350000000007e-07,1.20693072844702,0.7501,0.00296534625532037,0.417101667673615
2.24450000000007e-07,1.20693072843145,0.7501,0.00296534626833996,0.41710166767335
2.24550000000007e-07,1.20693072841603,0.7501,0.00296534625532983,0.417101667673503
2.24650000000007e-07,1.20693072840077,0.7501,0.00296534626833049,0.41710166767324
2.24750000000007e-07,1.20693072838566,0.7501,0.00296534625533927,0.417101667673393
2.24850000000007e-07,1.20693072837069,0.7501,0.00296534626832103,0.417101667673131
2.24950000000007e-07,1.20693072835588,0.7501,0.0029653462553487,0.417101667673286
2.25050000000007e-07,1.20693072834122,0.7501,0.00296534626831159,0.417101667673025
2.25150000000007e-07,1.2069307283267,0.7501,0.00296534625535812,0.417101667673181
2.25250000000007e-07,1.20693072831232,0.7501,0.00296534626830217,0.417101667672921
2.25350000000007e-07,1.20693072829809,0.7501,0.00296534625536752,0.417101667673077
2.25450000000007e-07,1.206930728284,0.7501,0.00296534626829275,0.417101667672819
2.25550000000007e-07,1.20693072827005,0.7501,0.0029653462553769,0.417101667672975
2.25650000000007e-07,1.20693072825623,0.7501,0.00296534626828336,0.417101667672719
2.25750000000007e-07,1.20693072824256,0.7501,0.00296534625538628,0.417101667672877
2.25850000000007e-07,1.20693072822902,0.7501,0.00296534626827397,0.417101667672621
2.25950000000007e-07,1.20693072821562,0.7501,0.00296534625539564,0.417101667672779
2.26050000000007e-07,1.20693072820235,0.7501,0.0029653462682646,0.417101667672525
2.26150000000007e-07,1.20693072818921,0.7501,0.00296534625540498,0.417101667672683
2.26250000000007e-07,1.2069307281762,0.7501,0.00296534626825525,0.417101667672431
2.26350000000007e-07,1.20693072816333,0.7501,0.00296534625541432,0.41710166767259
2.26450000000007e-07,1.20693072815058,0.7501,0.0029653462682459,0.417101667672339
2.26550000000007e-07,1.20693072813795,0.7501,0.00296534625542364,0.417101667672498
2.26650000000007e-07,1.20693072812545,0.7501,0.00296534626823658,0.417101667672248
2.26750000000007e-07,1.20693072811308,0.7501,0.00296534625543295,0.417101667672409
2.26850000000007e-07,1.20693072810083,0.7501,0.00296534626822726,0.417101667672159
2.26950000000007e-07,1.2069307280887,0.7501,0.00296534625544224,0.41710166767232
2.27050000000007e-07,1.20693072807669,0.7501,0.00296534626821796,0.417101667672073
2.27150000000007e-07,1.20693072806481,0.7501,0.00296534625545152,0.417101667672234
2.27250000000007e-07,1.20693072805304,0.7501,0.00296534626820867,0.417101667671987
2.27350000000007e-07,1.20693072804139,0.7501,0.00296534625546079,0.41710166767215
2.27450000000007e-07,1.20693072802985,0.7501,0.00296534626819939,0.417101667671904
2.27550000000007e-07,1.20693072801843,0.7501,0.00296534625547004,0.417101667672067
2.27650000000007e-07,1.20693072800712,0.7501,0.00296534626819013,0.417101667671822
2.27750000000007e-07,1.20693072799592,0.7501,0.00296534625547928,0.417101667671986
2.27850000000007e-07,1.20693072798484,0.7501,0.00296534626818089,0.417101667671742
2.27950000000007e-07,1.20693072797386,0.7501,0.00296534625548851,0.417101667671906
2.28050000000007e-07,1.206930727963,0.7501,0.00296534626817165,0.417101667671663
2.28150000000007e-07,1.20693072795224,0.7501,0.00296534625549772,0.417101667671827
2.28250000000007e-07,1.20693072794159,0.7501,0.00296534626816243,0.417101667671586
2.28350000000007e-07,1.20693072793105,0.7501,0.00296534625550692,0.417101667671751
2.28450000000007e-07,1.20693072792061,0.7501,0.00296534626815323,0.417101667671511
2.28550000000007e-07,1.20693072791027,0.7501,0.00296534625551611,0.417101667671676
2.28650000000007e-07,1.20693072790004,0.7501,0.00296534626814403,0.417101667671437
2.28750000000007e-07,1.20693072788991,0.7501,0.00296534625552528,0.417101667671602
2.28850000000007e-07,1.20693072787988,0.7501,0.00296534626813485,0.417101667671364
2.28950000000007e-07,1.20693072786995,0.7501,0.00296534625553444,0.41710166767153
2.29050000000007e-07,1.20693072786012,0.7501,0.00296534626812569,0.417101667671293
2.29150000000007e-07,1.20693072785039,0.7501,0.00296534625554359,0.41710166767146
2.29250000000007e-07,1.20693072784075,0.7501,0.00296534626811653,0.417101667671223
2.29350000000007e-07,1.20693072783121,0.7501,0.00296534625555272,0.41710166767139
2.29450000000007e-07,1.20693072782176,0.7501,0.0029653462681074,0.417101667671155
2.29550000000007e-07,1.20693072781241,0.7501,0.00296534625556184,0.417101667671323
2.29650000000007e-07,1.20693072780315,0.7501,0.00296534626809827,0.417101667671088
2.29750000000007e-07,1.20693072779399,0.7501,0.00296534625557095,0.417101667671256
2.29850000000007e-07,1.20693072778491,0.7501,0.00296534626808916,0.417101667671022
2.29950000000007e-07,1.20693072777593,0.7501,0.00296534625558005,0.41710166767119
2.30050000000007e-07,1.20693072776703,0.7501,0.00296534626808006,0.417101667670958
2.30150000000007e-07,1.20693072775822,0.7501,0.00296534625558913,0.417101667671126
2.30250000000007e-07,1.2069307277495,0.7501,0.00296534626807097,0.417101667670895
2.30350000000007e-07,1.20693072774087,0.7501,0.0029653462555982,0.417101667671064
2.30450000000007e-07,1.20693072773232,0.7501,0.0029653462680619,0.417101667670833
2.30550000000007e-07,1.20693072772386,0.7501,0.00296534625560725,0.417101667671002
2.30650000000007e-07,1.20693072771549,0.7501,0.00296534626805284,0.417101667670773
2.30750000000007e-07,1.20693072770719,0.7501,0.0029653462556163,0.417101667670942
2.30850000000007e-07,1.20693072769898,0.7501,0.00296534626804379,0.417101667670713
2.30950000000007e-07,1.20693072769085,0.7501,0.00296534625562532,0.417101667670883
2.31050000000007e-07,1.2069307276828,0.7501,0.00296534626803476,0.417101667670655
2.31150000000007e-07,1.20693072767483,0.7501,0.00296534625563434,0.417101667670825
2.31250000000007e-07,1.20693072766694,0.7501,0.00296534626802574,0.417101667670598
2.31350000000007e-07,1.20693072765913,0.7501,0.00296534625564334,0.417101667670768
2.31450000000007e-07,1.20693072765139,0.7501,0.00296534626801674,0.417101667670542
2.31550000000007e-07,1.20693072764374,0.7501,0.00296534625565233,0.417101667670712
2.31650000000008e-07,1.20693072763616,0.7501,0.00296534626800774,0.417101667670487
2.31750000000008e-07,1.20693072762865,0.7501,0.00296534625566131,0.417101667670658
2.31850000000007e-07,1.20693072762122,0.7501,0.00296534626799876,0.417101667670433
2.31950000000007e-07,1.20693072761386,0.7501,0.00296534625567028,0.417101667670605
2.32050000000008e-07,1.20693072760658,0.7501,0.0029653462679898,0.417101667670381
2.32150000000007e-07,1.20693072759937,0.7501,0.00296534625567923,0.417101667670552
2.32250000000007e-07,1.20693072759223,0.7501,0.00296534626798084,0.417101667670329
2.32350000000008e-07,1.20693072758516,0.7501,0.00296534625568817,0.417101667670501
2.32450000000008e-07,1.20693072757817,0.7501,0.0029653462679719,0.417101667670279
2.32550000000007e-07,1.20693072757124,0.7501,0.00296534625569709,0.41710166767045
2.32650000000007e-07,1.20693072756438,0.7501,0.00296534626796297,0.417101667670229
2.32750000000008e-07,1.20693072755759,0.7501,0.002965346255706,0.417101667670401
2.32850000000007e-07,1.20693072755086,0.7501,0.00296534626795406,0.41710166767018
2.32950000000007e-07,1.20693072754421,0.7501,0.00296534625571491,0.417101667670353
2.33050000000008e-07,1.20693072753762,0.7501,0.00296534626794516,0.417101667670133
2.33150000000008e-07,1.20693072753109,0.7501,0.00296534625572379,0.417101667670305
2.33250000000008e-07,1.20693072752463,0.7501,0.00296534626793627,0.417101667670086
2.33350000000008e-07,1.20693072751824,0.7501,0.00296534625573266,0.417101667670259
2.33450000000008e-07,1.2069307275119,0.7501,0.00296534626792739,0.41710166767004
2.33550000000008e-07,1.20693072750563,0.7501,0.00296534625574152,0.417101667670213
2.33650000000008e-07,1.20693072749943,0.7501,0.00296534626791853,0.417101667669995
2.33750000000008e-07,1.20693072749328,0.7501,0.00296534625575037,0.417101667670168
2.33850000000008e-07,1.2069307274872,0.7501,0.00296534626790968,0.417101667669951
2.33950000000008e-07,1.20693072748118,0.7501,0.00296534625575921,0.417101667670124
2.34050000000008e-07,1.20693072747521,0.7501,0.00296534626790085,0.417101667669908
2.34150000000008e-07,1.20693072746931,0.7501,0.00296534625576803,0.417101667670082
2.34250000000008e-07,1.20693072746346,0.7501,0.00296534626789202,0.417101667669866
2.34350000000008e-07,1.20693072745768,0.7501,0.00296534625577684,0.417101667670039
2.34450000000008e-07,1.20693072745195,0.7501,0.00296534626788321,0.417101667669824
2.34550000000008e-07,1.20693072744628,0.7501,0.00296534625578564,0.417101667669998
2.34650000000008e-07,1.20693072744066,0.7501,0.00296534626787441,0.417101667669784
2.34750000000008e-07,1.2069307274351,0.7501,0.00296534625579443,0.417101667669958
2.34850000000008e-07,1.20693072742959,0.7501,0.00296534626786563,0.417101667669744
2.34950000000008e-07,1.20693072742414,0.7501,0.0029653462558032,0.417101667669918
2.35050000000008e-07,1.20693072741875,0.7501,0.00296534626785685,0.417101667669705
2.35150000000008e-07,1.2069307274134,0.7501,0.00296534625581196,0.417101667669879
2.35250000000008e-07,1.20693072740812,0.7501,0.00296534626784809,0.417101667669667
2.35350000000008e-07,1.20693072740288,0.7501,0.0029653462558207,0.417101667669841
2.35450000000008e-07,1.2069307273977,0.7501,0.00296534626783935,0.417101667669629
2.35550000000008e-07,1.20693072739256,0.7501,0.00296534625582944,0.417101667669804
2.35650000000008e-07,1.20693072738748,0.7501,0.00296534626783062,0.417101667669593
2.35750000000008e-07,1.20693072738245,0.7501,0.00296534625583816,0.417101667669767
2.35850000000008e-07,1.20693072737747,0.7501,0.00296534626782189,0.417101667669557
2.35950000000008e-07,1.20693072737254,0.7501,0.00296534625584687,0.417101667669731
2.36050000000008e-07,1.20693072736766,0.7501,0.00296534626781318,0.417101667669522
2.36150000000008e-07,1.20693072736282,0.7501,0.00296534625585556,0.417101667669696
2.36250000000008e-07,1.20693072735803,0.7501,0.00296534626780449,0.417101667669487
2.36350000000008e-07,1.2069307273533,0.7501,0.00296534625586424,0.417101667669661
2.36450000000008e-07,1.20693072734861,0.7501,0.00296534626779581,0.417101667669453
2.36550000000008e-07,1.20693072734396,0.7501,0.00296534625587292,0.417101667669628
2.36650000000008e-07,1.20693072733937,0.7501,0.00296534626778714,0.41710166766942
2.36750000000008e-07,1.20693072733481,0.7501,0.00296534625588158,0.417101667669594
2.36850000000008e-07,1.2069307273303,0.7501,0.00296534626777848,0.417101667669387
2.36950000000008e-07,1.20693072732584,0.7501,0.00296534625589022,0.417101667669562
2.37050000000008e-07,1.20693072732142,0.7501,0.00296534626776983,0.417101667669356
2.37150000000008e-07,1.20693072731705,0.7501,0.00296534625589886,0.41710166766953
2.37250000000008e-07,1.20693072731272,0.7501,0.0029653462677612,0.417101667669324
2.37350000000008e-07,1.20693072730843,0.7501,0.00296534625590748,0.417101667669499
2.37450000000008e-07,1.20693072730419,0.7501,0.00296534626775258,0.417101667669294
2.37550000000008e-07,1.20693072729999,0.7501,0.00296534625591608,0.417101667669468
2.37650000000008e-07,1.20693072729583,0.7501,0.00296534626774397,0.417101667669264
2.37750000000008e-07,1.20693072729171,0.7501,0.00296534625592468,0.417101667669438
2.37850000000008e-07,1.20693072728763,0.7501,0.00296534626773538,0.417101667669234
2.37950000000008e-07,1.20693072728359,0.7501,0.00296534625593326,0.417101667669409
2.38050000000008e-07,1.20693072727959,0.7501,0.0029653462677268,0.417101667669205
2.38150000000008e-07,1.20693072727564,0.7501,0.00296534625594183,0.41710166766938
2.38250000000008e-07,1.20693072727172,0.7501,0.00296534626771823,0.417101667669177
2.38350000000008e-07,1.20693072726784,0.7501,0.00296534625595039,0.417101667669352
2.38450000000008e-07,1.206930727264,0.7501,0.00296534626770967,0.41710166766915
2.38550000000008e-07,1.20693072726019,0.7501,0.00296534625595894,0.417101667669324
2.38650000000008e-07,1.20693072725643,0.7501,0.00296534626770113,0.417101667669122
2.38750000000008e-07,1.2069307272527,0.7501,0.00296534625596747,0.417101667669297
2.38850000000008e-07,1.20693072724901,0.7501,0.00296534626769259,0.417101667669096
2.38950000000008e-07,1.20693072724536,0.7501,0.002965346255976,0.41710166766927
2.39050000000008e-07,1.20693072724174,0.7501,0.00296534626768407,0.417101667669069
2.39150000000008e-07,1.20693072723816,0.7501,0.0029653462559845,0.417101667669244
2.39250000000008e-07,1.20693072723462,0.7501,0.00296534626767556,0.417101667669044
2.39350000000008e-07,1.2069307272311,0.7501,0.002965346255993,0.417101667669219
2.39450000000008e-07,1.20693072722763,0.7501,0.00296534626766707,0.417101667669019
2.39550000000008e-07,1.20693072722419,0.7501,0.00296534625600149,0.417101667669194
2.39650000000008e-07,1.20693072722078,0.7501,0.00296534626765859,0.417101667668994
2.39750000000008e-07,1.20693072721741,0.7501,0.00296534625600996,0.417101667669169
2.39850000000008e-07,1.20693072721407,0.7501,0.00296534626765012,0.41710166766897
2.39950000000008e-07,1.20693072721076,0.7501,0.00296534625601842,0.417101667669145
2.40050000000008e-07,1.20693072720749,0.7501,0.00296534626764166,0.417101667668947
2.40150000000008e-07,1.20693072720425,0.7501,0.00296534625602687,0.417101667669121
2.40250000000008e-07,1.20693072720104,0.7501,0.00296534626763321,0.417101667668924
2.40350000000008e-07,1.20693072719787,0.7501,0.0029653462560353,0.417101667669098
2.40450000000008e-07,1.20693072719472,0.7501,0.00296534626762478,0.417101667668901
2.40550000000008e-07,1.20693072719161,0.7501,0.00296534625604372,0.417101667669076
2.40650000000008e-07,1.20693072718853,0.7501,0.00296534626761636,0.417101667668879
2.40750000000008e-07,1.20693072718548,0.7501,0.00296534625605214,0.417101667669053
2.40850000000008e-07,1.20693072718245,0.7501,0.00296534626760795,0.417101667668857
2.40950000000008e-07,1.20693072717946,0.7501,0.00296534625606053,0.417101667669031
2.41050000000008e-07,1.2069307271765,0.7501,0.00296534626759955,0.417101667668836
2.41150000000008e-07,1.20693072717357,0.7501,0.00296534625606892,0.41710166766901
2.41250000000008e-07,1.20693072717067,0.7501,0.00296534626759117,0.417101667668815
2.41350000000008e-07,1.20693072716779,0.7501,0.0029653462560773,0.417101667668989
2.41450000000008e-07,1.20693072716495,0.7501,0.0029653462675828,0.417101667668794
2.41550000000008e-07,1.20693072716213,0.7501,0.00296534625608566,0.417101667668968
2.41650000000008e-07,1.20693072715934,0.7501,0.00296534626757444,0.417101667668774
2.41750000000008e-07,1.20693072715658,0.7501,0.00296534625609401,0.417101667668948
2.41850000000008e-07,1.20693072715385,0.7501,0.00296534626756609,0.417101667668755
2.41950000000008e-07,1.20693072715114,0.7501,0.00296534625610234,0.417101667668929
2.42050000000008e-07,1.20693072714846,0.7501,0.00296534626755775,0.417101667668735
2.42150000000008e-07,1.20693072714581,0.7501,0.00296534625611067,0.417101667668909
2.42250000000008e-07,1.20693072714318,0.7501,0.00296534626754943,0.417101667668716
2.42350000000008e-07,1.20693072714058,0.7501,0.00296534625611899,0.41710166766889
2.42450000000008e-07,1.206930727138,0.7501,0.00296534626754112,0.417101667668698
2.42550000000008e-07,1.20693072713546,0.7501,0.00296534625612729,0.417101667668872
2.42650000000008e-07,1.20693072713293,0.7501,0.00296534626753282,0.41710166766868
2.42750000000008e-07,1.20693072713043,0.7501,0.00296534625613558,0.417101667668853
2.42850000000008e-07,1.20693072712796,0.7501,0.00296534626752454,0.417101667668662
2.42950000000008e-07,1.20693072712551,0.7501,0.00296534625614385,0.417101667668836
2.43050000000008e-07,1.20693072712308,0.7501,0.00296534626751626,0.417101667668644
2.43150000000008e-07,1.20693072712068,0.7501,0.00296534625615212,0.417101667668818
2.43250000000008e-07,1.20693072711831,0.7501,0.002965346267508,0.417101667668627
2.43350000000008e-07,1.20693072711595,0.7501,0.00296534625616037,0.417101667668801
2.43450000000008e-07,1.20693072711362,0.7501,0.00296534626749975,0.417101667668611
2.43550000000008e-07,1.20693072711132,0.7501,0.00296534625616861,0.417101667668784
2.43650000000008e-07,1.20693072710903,0.7501,0.00296534626749151,0.417101667668594
2.43750000000008e-07,1.20693072710677,0.7501,0.00296534625617685,0.417101667668767
2.43850000000008e-07,1.20693072710454,0.7501,0.00296534626748328,0.417101667668578
2.43950000000008e-07,1.20693072710232,0.7501,0.00296534625618506,0.417101667668751
2.44050000000008e-07,1.20693072710013,0.7501,0.00296534626747507,0.417101667668562
2.44150000000008e-07,1.20693072709795,0.7501,0.00296534625619327,0.417101667668735
2.44250000000008e-07,1.2069307270958,0.7501,0.00296534626746687,0.417101667668547
2.44350000000008e-07,1.20693072709367,0.7501,0.00296534625620146,0.41710166766872
2.44450000000008e-07,1.20693072709157,0.7501,0.00296534626745867,0.417101667668532
2.44550000000008e-07,1.20693072708948,0.7501,0.00296534625620964,0.417101667668705
2.44650000000008e-07,1.20693072708741,0.7501,0.00296534626745049,0.417101667668517
2.44750000000008e-07,1.20693072708537,0.7501,0.00296534625621781,0.41710166766869
2.44850000000008e-07,1.20693072708334,0.7501,0.00296534626744233,0.417101667668502
2.44950000000009e-07,1.20693072708133,0.7501,0.00296534625622598,0.417101667668675
2.45050000000009e-07,1.20693072707935,0.7501,0.00296534626743417,0.417101667668488
2.45150000000009e-07,1.20693072707738,0.7501,0.00296534625623412,0.417101667668661
2.45250000000009e-07,1.20693072707544,0.7501,0.00296534626742603,0.417101667668474
2.45350000000008e-07,1.20693072707351,0.7501,0.00296534625624226,0.417101667668646
2.45450000000008e-07,1.2069307270716,0.7501,0.00296534626741789,0.41710166766846
2.45550000000008e-07,1.20693072706971,0.7501,0.00296534625625038,0.417101667668633
2.45650000000009e-07,1.20693072706785,0.7501,0.00296534626740978,0.417101667668447
2.45750000000009e-07,1.20693072706599,0.7501,0.0029653462562585,0.417101667668619
2.45850000000009e-07,1.20693072706416,0.7501,0.00296534626740167,0.417101667668434
2.45950000000009e-07,1.20693072706235,0.7501,0.00296534625626659,0.417101667668606
2.46050000000008e-07,1.20693072706055,0.7501,0.00296534626739357,0.417101667668421
2.46150000000008e-07,1.20693072705877,0.7501,0.00296534625627468,0.417101667668593
2.46250000000008e-07,1.20693072705701,0.7501,0.00296534626738549,0.417101667668408
2.46350000000009e-07,1.20693072705527,0.7501,0.00296534625628275,0.41710166766858
2.46450000000009e-07,1.20693072705354,0.7501,0.00296534626737742,0.417101667668396
2.46550000000009e-07,1.20693072705183,0.7501,0.00296534625629082,0.417101667668567
2.46650000000009e-07,1.20693072705014,0.7501,0.00296534626736936,0.417101667668384
2.46750000000009e-07,1.20693072704847,0.7501,0.00296534625629887,0.417101667668555
2.46850000000009e-07,1.20693072704681,0.7501,0.00296534626736131,0.417101667668372
2.46950000000009e-07,1.20693072704517,0.7501,0.00296534625630691,0.417101667668543
2.47050000000009e-07,1.20693072704354,0.7501,0.00296534626735327,0.41710166766836
2.47150000000009e-07,1.20693072704193,0.7501,0.00296534625631494,0.417101667668531
2.47250000000009e-07,1.20693072704034,0.7501,0.00296534626734524,0.417101667668348
2.47350000000009e-07,1.20693072703876,0.7501,0.00296534625632296,0.41710166766852
2.47450000000009e-07,1.2069307270372,0.7501,0.00296534626733723,0.417101667668338
2.47550000000009e-07,1.20693072703565,0.7501,0.00296534625633096,0.417101667668509
2.47650000000009e-07,1.20693072703412,0.7501,0.00296534626732923,0.417101667668326
2.47750000000009e-07,1.20693072703261,0.7501,0.00296534625633896,0.417101667668497
2.47850000000009e-07,1.20693072703111,0.7501,0.00296534626732124,0.417101667668316
2.47950000000009e-07,1.20693072702962,0.7501,0.00296534625634695,0.417101667668486
2.48050000000009e-07,1.20693072702815,0.7501,0.00296534626731326,0.417101667668305
2.48150000000009e-07,1.2069307270267,0.7501,0.00296534625635492,0.417101667668476
2.48250000000009e-07,1.20693072702525,0.7501,0.00296534626730529,0.417101667668295
2.48350000000009e-07,1.20693072702383,0.7501,0.00296534625636288,0.417101667668465
2.48450000000009e-07,1.20693072702241,0.7501,0.00296534626729734,0.417101667668285
2.48550000000009e-07,1.20693072702102,0.7501,0.00296534625637082,0.417101667668455
2.48650000000009e-07,1.20693072701963,0.7501,0.00296534626728939,0.417101667668275
2.48750000000009e-07,1.20693072701826,0.7501,0.00296534625637876,0.417101667668445
2.48850000000009e-07,1.2069307270169,0.7501,0.00296534626728146,0.417101667668265
2.48950000000009e-07,1.20693072701556,0.7501,0.00296534625638668,0.417101667668435
2.49050000000009e-07,1.20693072701423,0.7501,0.00296534626727354,0.417101667668256
2.49150000000009e-07,1.20693072701291,0.7501,0.0029653462563946,0.417101667668425
2.49250000000009e-07,1.2069307270116,0.7501,0.00296534626726563,0.417101667668246
2.49350000000009e-07,1.20693072701031,0.7501,0.0029653462564025,0.417101667668416
2.49450000000009e-07,1.20693072700903,0.7501,0.00296534626725773,0.417101667668237
2.49550000000009e-07,1.20693072700777,0.7501,0.00296534625641039,0.417101667668407
2.49650000000009e-07,1.20693072700651,0.7501,0.00296534626724985,0.417101667668228
2.49750000000009e-07,1.20693072700527,0.7501,0.00296534625641827,0.417101667668398
2.49850000000009e-07,1.20693072700404,0.7501,0.00296534626724197,0.417101667668219
2.49950000000009e-07,1.20693072700283,0.7501,0.00296534625642613,0.417101667668389
2.50050000000009e-07,1.20693072700162,0.7501,0.00296534626723411,0.417101667668211
2.50150000000009e-07,1.20693072700043,0.7501,0.00296534625643399,0.41710166766838
2.50250000000009e-07,1.20693072699925,0.7501,0.00296534626722626,0.417101667668202
2.50350000000009e-07,1.20693072699808,0.7501,0.00296534625644184,0.417101667668371
2.50450000000009e-07,1.20693072699692,0.7501,0.00296534626721842,0.417101667668194
2.50550000000009e-07,1.20693072699578,0.7501,0.00296534625644967,0.417101667668362
2.50650000000009e-07,1.20693072699464,0.7501,0.00296534626721059,0.417101667668186
2.50750000000009e-07,1.20693072699352,0.7501,0.00296534625645749,0.417101667668354
2.50850000000009e-07,1.20693072699241,0.7501,0.00296534626720277,0.417101667668178
2.50950000000009e-07,1.20693072699131,0.7501,0.0029653462564653,0.417101667668346
2.51050000000009e-07,1.20693072699022,0.7501,0.00296534626719496,0.41710166766817
2.51150000000009e-07,1.20693072698914,0.7501,0.00296534625647311,0.417101667668338
2.51250000000009e-07,1.20693072698807,0.7501,0.00296534626718717,0.417101667668163
2.51350000000009e-07,1.20693072698702,0.7501,0.00296534625648089,0.417101667668331
2.51450000000009e-07,1.20693072698597,0.7501,0.00296534626717938,0.417101667668155
2.51550000000009e-07,1.20693072698493,0.7501,0.00296534625648867,0.417101667668323
2.51650000000009e-07,1.20693072698391,0.7501,0.00296534626717161,0.417101667668148
2.51750000000009e-07,1.20693072698289,0.7501,0.00296534625649643,0.417101667668316
2.51850000000009e-07,1.20693072698189,0.7501,0.00296534626716385,0.417101667668141
2.51950000000009e-07,1.20693072698089,0.7501,0.00296534625650419,0.417101667668308
2.52050000000009e-07,1.2069307269799,0.7501,0.0029653462671561,0.417101667668134
2.52150000000009e-07,1.20693072697893,0.7501,0.00296534625651193,0.417101667668301
2.52250000000009e-07,1.20693072697796,0.7501,0.00296534626714836,0.417101667668127
2.52350000000009e-07,1.20693072697701,0.7501,0.00296534625651966,0.417101667668294
2.52450000000009e-07,1.20693072697606,0.7501,0.00296534626714063,0.41710166766812
2.52550000000009e-07,1.20693072697512,0.7501,0.00296534625652739,0.417101667668287
2.52650000000009e-07,1.20693072697419,0.7501,0.00296534626713292,0.417101667668114
2.52750000000009e-07,1.20693072697327,0.7501,0.00296534625653509,0.41710166766828
2.52850000000009e-07,1.20693072697236,0.7501,0.00296534626712521,0.417101667668107
2.52950000000009e-07,1.20693072697146,0.7501,0.00296534625654279,0.417101667668274
2.53050000000009e-07,1.20693072697057,0.7501,0.00296534626711752,0.4171016676681
2.53150000000009e-07,1.20693072696968,0.7501,0.00296534625655048,0.417101667668267
2.53250000000009e-07,1.20693072696881,0.7501,0.00296534626710984,0.417101667668094
2.53350000000009e-07,1.20693072696794,0.7501,0.00296534625655815,0.417101667668261
2.53450000000009e-07,1.20693072696709,0.7501,0.00296534626710217,0.417101667668088
2.53550000000009e-07,1.20693072696624,0.7501,0.00296534625656582,0.417101667668254
2.53650000000009e-07,1.2069307269654,0.7501,0.00296534626709451,0.417101667668082
2.53750000000009e-07,1.20693072696457,0.7501,0.00296534625657347,0.417101667668248
2.53850000000009e-07,1.20693072696374,0.7501,0.00296534626708686,0.417101667668077
2.53950000000009e-07,1.20693072696293,0.7501,0.00296534625658112,0.417101667668242
2.54050000000009e-07,1.20693072696212,0.7501,0.00296534626707922,0.417101667668071
2.54150000000009e-07,1.20693072696132,0.7501,0.00296534625658875,0.417101667668236
2.54250000000009e-07,1.20693072696053,0.7501,0.00296534626707159,0.417101667668065
2.54350000000009e-07,1.20693072695974,0.7501,0.00296534625659637,0.41710166766823
2.54450000000009e-07,1.20693072695897,0.7501,0.00296534626706398,0.41710166766806
2.54550000000009e-07,1.2069307269582,0.7501,0.00296534625660397,0.417101667668225
2.54650000000009e-07,1.20693072695744,0.7501,0.00296534626705637,0.417101667668054
2.54750000000009e-07,1.20693072695669,0.7501,0.00296534625661157,0.417101667668219
2.54850000000009e-07,1.20693072695594,0.7501,0.00296534626704878,0.417101667668049
2.54950000000009e-07,1.2069307269552,0.7501,0.00296534625661916,0.417101667668213
2.55050000000009e-07,1.20693072695447,0.7501,0.0029653462670412,0.417101667668044
2.55150000000009e-07,1.20693072695375,0.7501,0.00296534625662673,0.417101667668208
2.55250000000009e-07,1.20693072695303,0.7501,0.00296534626703363,0.417101667668039
2.55350000000009e-07,1.20693072695233,0.7501,0.0029653462566343,0.417101667668203
2.55450000000009e-07,1.20693072695162,0.7501,0.00296534626702606,0.417101667668034
2.55550000000009e-07,1.20693072695093,0.7501,0.00296534625664185,0.417101667668198
2.55650000000009e-07,1.20693072695024,0.7501,0.00296534626701852,0.417101667668029
2.55750000000009e-07,1.20693072694956,0.7501,0.0029653462566494,0.417101667668193
2.55850000000009e-07,1.20693072694889,0.7501,0.00296534626701098,0.417101667668024
2.55950000000009e-07,1.20693072694822,0.7501,0.00296534625665693,0.417101667668188
2.56050000000009e-07,1.20693072694756,0.7501,0.00296534626700345,0.417101667668019
2.56150000000009e-07,1.2069307269469,0.7501,0.00296534625666445,0.417101667668183
2.56250000000009e-07,1.20693072694626,0.7501,0.00296534626699593,0.417101667668015
2.56350000000009e-07,1.20693072694561,0.7501,0.00296534625667196,0.417101667668178
2.56450000000009e-07,1.20693072694498,0.7501,0.00296534626698843,0.41710166766801
2.56550000000009e-07,1.20693072694435,0.7501,0.00296534625667946,0.417101667668174
2.56650000000009e-07,1.20693072694373,0.7501,0.00296534626698093,0.417101667668006
2.56750000000009e-07,1.20693072694311,0.7501,0.00296534625668695,0.417101667668169
2.56850000000009e-07,1.2069307269425,0.7501,0.00296534626697345,0.417101667668002
2.56950000000009e-07,1.2069307269419,0.7501,0.00296534625669443,0.417101667668165
2.57050000000009e-07,1.2069307269413,0.7501,0.00296534626696598,0.417101667667998
2.57150000000009e-07,1.20693072694071,0.7501,0.00296534625670189,0.41710166766816
2.57250000000009e-07,1.20693072694012,0.7501,0.00296534626695851,0.417101667667993
2.57350000000009e-07,1.20693072693954,0.7501,0.00296534625670935,0.417101667668155
2.57450000000009e-07,1.20693072693897,0.7501,0.00296534626695106,0.41710166766799
2.57550000000009e-07,1.2069307269384,0.7501,0.0029653462567168,0.417101667668151
2.57650000000009e-07,1.20693072693783,0.7501,0.00296534626694362,0.417101667667986
2.57750000000009e-07,1.20693072693728,0.7501,0.00296534625672423,0.417101667668147
2.57850000000009e-07,1.20693072693672,0.7501,0.00296534626693619,0.417101667667982
2.57950000000009e-07,1.20693072693618,0.7501,0.00296534625673165,0.417101667668143
2.58050000000009e-07,1.20693072693564,0.7501,0.00296534626692878,0.417101667667978
2.58150000000009e-07,1.2069307269351,0.7501,0.00296534625673907,0.41710166766814
2.58250000000009e-07,1.20693072693457,0.7501,0.00296534626692137,0.417101667667974
2.5835000000001e-07,1.20693072693404,0.7501,0.00296534625674647,0.417101667668135
2.5845000000001e-07,1.20693072693352,0.7501,0.00296534626691397,0.41710166766797
2.5855000000001e-07,1.20693072693301,0.7501,0.00296534625675386,0.417101667668131
2.58650000000009e-07,1.2069307269325,0.7501,0.00296534626690658,0.417101667667967
2.58750000000009e-07,1.206930726932,0.7501,0.00296534625676124,0.417101667668128
2.58850000000009e-07,1.2069307269315,0.7501,0.00296534626689921,0.417101667667963
2.5895000000001e-07,1.206930726931,0.7501,0.00296534625676861,0.417101667668124
2.5905000000001e-07,1.20693072693051,0.7501,0.00296534626689184,0.41710166766796
2.5915000000001e-07,1.20693072693003,0.7501,0.00296534625677597,0.417101667668121
2.5925000000001e-07,1.20693072692955,0.7501,0.00296534626688449,0.417101667667956
2.59350000000009e-07,1.20693072692907,0.7501,0.00296534625678331,0.417101667668117
2.59450000000009e-07,1.2069307269286,0.7501,0.00296534626687715,0.417101667667953
2.59550000000009e-07,1.20693072692814,0.7501,0.00296534625679065,0.417101667668113
2.5965000000001e-07,1.20693072692767,0.7501,0.00296534626686981,0.41710166766795
2.5975000000001e-07,1.20693072692722,0.7501,0.00296534625679798,0.41710166766811
2.5985000000001e-07,1.20693072692677,0.7501,0.00296534626686249,0.417101667667947
2.5995000000001e-07,1.20693072692632,0.7501,0.0029653462568053,0.417101667668106
2.6005000000001e-07,1.20693072692588,0.7501,0.00296534626685518,0.417101667667944
2.6015000000001e-07,1.20693072692544,0.7501,0.0029653462568126,0.417101667668103
2.6025000000001e-07,1.206930726925,0.7501,0.00296534626684787,0.417101667667941
2.6035000000001e-07,1.20693072692457,0.7501,0.0029653462568199,0.4171016676681
2.6045000000001e-07,1.20693072692415,0.7501,0.00296534626684058,0.417101667667938
2.6055000000001e-07,1.20693072692373,0.7501,0.00296534625682718,0.417101667668097
2.6065000000001e-07,1.20693072692331,0.7501,0.00296534626683331,0.417101667667935
2.6075000000001e-07,1.20693072692289,0.7501,0.00296534625683445,0.417101667668093
2.6085000000001e-07,1.20693072692248,0.7501,0.00296534626682604,0.417101667667932
2.6095000000001e-07,1.20693072692208,0.7501,0.00296534625684172,0.41710166766809
2.6105000000001e-07,1.20693072692168,0.7501,0.00296534626681878,0.417101667667929
2.6115000000001e-07,1.20693072692128,0.7501,0.00296534625684897,0.417101667668088
2.6125000000001e-07,1.20693072692089,0.7501,0.00296534626681153,0.417101667667927
2.6135000000001e-07,1.2069307269205,0.7501,0.00296534625685621,0.417101667668085
2.6145000000001e-07,1.20693072692012,0.7501,0.0029653462668043,0.417101667667924
2.6155000000001e-07,1.20693072691974,0.7501,0.00296534625686344,0.417101667668082
2.6165000000001e-07,1.20693072691936,0.7501,0.00296534626679707,0.417101667667921
2.6175000000001e-07,1.20693072691899,0.7501,0.00296534625687067,0.417101667668079
2.6185000000001e-07,1.20693072691861,0.7501,0.00296534626678985,0.417101667667919
2.6195000000001e-07,1.20693072691825,0.7501,0.00296534625687788,0.417101667668076
2.6205000000001e-07,1.20693072691789,0.7501,0.00296534626678264,0.417101667667916
2.6215000000001e-07,1.20693072691753,0.7501,0.00296534625688507,0.417101667668074
2.6225000000001e-07,1.20693072691717,0.7501,0.00296534626677545,0.417101667667914
2.6235000000001e-07,1.20693072691682,0.7501,0.00296534625689227,0.417101667668071
2.6245000000001e-07,1.20693072691647,0.7501,0.00296534626676827,0.417101667667911
2.6255000000001e-07,1.20693072691613,0.7501,0.00296534625689945,0.417101667668068
2.6265000000001e-07,1.20693072691578,0.7501,0.00296534626676109,0.417101667667909
2.6275000000001e-07,1.20693072691545,0.7501,0.00296534625690661,0.417101667668066
2.6285000000001e-07,1.20693072691511,0.7501,0.00296534626675393,0.417101667667907
2.6295000000001e-07,1.20693072691478,0.7501,0.00296534625691377,0.417101667668063
2.6305000000001e-07,1.20693072691445,0.7501,0.00296534626674678,0.417101667667904
2.6315000000001e-07,1.20693072691413,0.7501,0.00296534625692092,0.41710166766806
2.6325000000001e-07,1.20693072691381,0.7501,0.00296534626673963,0.417101667667902
2.6335000000001e-07,1.20693072691349,0.7501,0.00296534625692806,0.417101667668058
2.6345000000001e-07,1.20693072691317,0.7501,0.0029653462667325,0.4171016676679
2.6355000000001e-07,1.20693072691286,0.7501,0.00296534625693519,0.417101667668056
2.6365000000001e-07,1.20693072691255,0.7501,0.00296534626672537,0.417101667667898
2.6375000000001e-07,1.20693072691225,0.7501,0.0029653462569423,0.417101667668054
2.6385000000001e-07,1.20693072691194,0.7501,0.00296534626671826,0.417101667667896
2.6395000000001e-07,1.20693072691164,0.7501,0.00296534625694941,0.417101667668051
2.6405000000001e-07,1.20693072691135,0.7501,0.00296534626671116,0.417101667667894
2.6415000000001e-07,1.20693072691105,0.7501,0.0029653462569565,0.417101667668049
2.6425000000001e-07,1.20693072691076,0.7501,0.00296534626670407,0.417101667667891
2.6435000000001e-07,1.20693072691047,0.7501,0.00296534625696359,0.417101667668047
2.6445000000001e-07,1.20693072691019,0.7501,0.00296534626669699,0.41710166766789
2.6455000000001e-07,1.2069307269099,0.7501,0.00296534625697067,0.417101667668045
2.6465000000001e-07,1.20693072690962,0.7501,0.00296534626668992,0.417101667667888
2.6475000000001e-07,1.20693072690935,0.7501,0.00296534625697773,0.417101667668043
2.6485000000001e-07,1.20693072690907,0.7501,0.00296534626668285,0.417101667667886
2.6495000000001e-07,1.2069307269088,0.7501,0.00296534625698479,0.41710166766804
2.6505000000001e-07,1.20693072690853,0.7501,0.00296534626667581,0.417101667667884
2.6515000000001e-07,1.20693072690827,0.7501,0.00296534625699183,0.417101667668038
2.6525000000001e-07,1.206930726908,0.7501,0.00296534626666877,0.417101667667882
2.6535000000001e-07,1.20693072690774,0.7501,0.00296534625699887,0.417101667668036
2.6545000000001e-07,1.20693072690748,0.7501,0.00296534626666174,0.41710166766788
2.6555000000001e-07,1.20693072690723,0.7501,0.00296534625700589,0.417101667668035
2.6565000000001e-07,1.20693072690698,0.7501,0.00296534626665472,0.417101667667879
2.6575000000001e-07,1.20693072690673,0.7501,0.0029653462570129,0.417101667668033
2.6585000000001e-07,1.20693072690648,0.7501,0.00296534626664771,0.417101667667877
2.6595000000001e-07,1.20693072690623,0.7501,0.00296534625701991,0.417101667668031
2.6605000000001e-07,1.20693072690599,0.7501,0.00296534626664071,0.417101667667875
2.6615000000001e-07,1.20693072690575,0.7501,0.0029653462570269,0.417101667668029
2.6625000000001e-07,1.20693072690551,0.7501,0.00296534626663372,0.417101667667874
2.6635000000001e-07,1.20693072690527,0.7501,0.00296534625703389,0.417101667668027
2.6645000000001e-07,1.20693072690504,0.7501,0.00296534626662674,0.417101667667872
2.6655000000001e-07,1.20693072690481,0.7501,0.00296534625704086,0.417101667668025
2.6665000000001e-07,1.20693072690458,0.7501,0.00296534626661977,0.417101667667871
2.6675000000001e-07,1.20693072690435,0.7501,0.00296534625704782,0.417101667668023
2.6685000000001e-07,1.20693072690413,0.7501,0.00296534626661281,0.417101667667869
2.6695000000001e-07,1.20693072690391,0.7501,0.00296534625705478,0.417101667668021
2.6705000000001e-07,1.20693072690369,0.7501,0.00296534626660586,0.417101667667868
2.6715000000001e-07,1.20693072690347,0.7501,0.00296534625706172,0.41710166766802
2.6725000000001e-07,1.20693072690325,0.7501,0.00296534626659893,0.417101667667866
2.6735000000001e-07,1.20693072690304,0.7501,0.00296534625706865,0.417101667668018
2.6745000000001e-07,1.20693072690283,0.7501,0.002965346266592,0.417101667667865
2.6755000000001e-07,1.20693072690262,0.7501,0.00296534625707557,0.417101667668017
2.6765000000001e-07,1.20693072690241,0.7501,0.00296534626658508,0.417101667667864
2.6775000000001e-07,1.20693072690221,0.7501,0.00296534625708249,0.417101667668015
2.6785000000001e-07,1.206930726902,0.7501,0.00296534626657817,0.417101667667862
2.6795000000001e-07,1.2069307269018,0.7501,0.00296534625708939,0.417101667668013
2.6805000000001e-07,1.2069307269016,0.7501,0.00296534626657127,0.41710166766786
2.6815000000001e-07,1.20693072690141,0.7501,0.00296534625709629,0.417101667668012
2.6825000000001e-07,1.20693072690121,0.7501,0.00296534626656438,0.417101667667859
2.6835000000001e-07,1.20693072690102,0.7501,0.00296534625710317,0.41710166766801
2.6845000000001e-07,1.20693072690083,0.7501,0.00296534626655751,0.417101667667858
2.6855000000001e-07,1.20693072690064,0.7501,0.00296534625711004,0.417101667668009
2.6865000000001e-07,1.20693072690045,0.7501,0.00296534626655064,0.417101667667857
2.6875000000001e-07,1.20693072690027,0.7501,0.00296534625711691,0.417101667668007
2.6885000000001e-07,1.20693072690008,0.7501,0.00296534626654378,0.417101667667856
2.6895000000001e-07,1.2069307268999,0.7501,0.00296534625712376,0.417101667668006
2.6905000000001e-07,1.20693072689972,0.7501,0.00296534626653694,0.417101667667854
2.6915000000001e-07,1.20693072689954,0.7501,0.0029653462571306,0.417101667668004
2.6925000000001e-07,1.20693072689937,0.7501,0.0029653462665301,0.417101667667853
2.6935000000001e-07,1.20693072689919,0.7501,0.00296534625713743,0.417101667668003
2.6945000000001e-07,1.20693072689902,0.7501,0.00296534626652327,0.417101667667852
2.6955000000001e-07,1.20693072689885,0.7501,0.00296534625714426,0.417101667668002
2.6965000000001e-07,1.20693072689868,0.7501,0.00296534626651645,0.417101667667851
2.6975000000001e-07,1.20693072689851,0.7501,0.00296534625715107,0.417101667668001
2.6985000000001e-07,1.20693072689834,0.7501,0.00296534626650964,0.41710166766785
2.6995000000001e-07,1.20693072689818,0.7501,0.00296534625715787,0.417101667667999
2.7005000000001e-07,1.20693072689802,0.7501,0.00296534626650284,0.417101667667849
2.7015000000001e-07,1.20693072689786,0.7501,0.00296534625716467,0.417101667667998
2.7025000000001e-07,1.20693072689769,0.7501,0.00296534626649605,0.417101667667848
2.7035000000001e-07,1.20693072689754,0.7501,0.00296534625717145,0.417101667667997
2.7045000000001e-07,1.20693072689738,0.7501,0.00296534626648927,0.417101667667847
2.7055000000001e-07,1.20693072689722,0.7501,0.00296534625717822,0.417101667667996
2.7065000000001e-07,1.20693072689707,0.7501,0.0029653462664825,0.417101667667846
2.7075000000001e-07,1.20693072689692,0.7501,0.00296534625718498,0.417101667667994
2.7085000000001e-07,1.20693072689677,0.7501,0.00296534626647575,0.417101667667845
2.7095000000001e-07,1.20693072689662,0.7501,0.00296534625719174,0.417101667667993
2.7105000000001e-07,1.20693072689647,0.7501,0.002965346266469,0.417101667667844
2.7115000000001e-07,1.20693072689632,0.7501,0.00296534625719848,0.417101667667992
2.7125000000001e-07,1.20693072689618,0.7501,0.00296534626646226,0.417101667667843
2.7135000000001e-07,1.20693072689604,0.7501,0.00296534625720522,0.417101667667991
2.7145000000001e-07,1.2069307268959,0.7501,0.00296534626645553,0.417101667667842
2.7155000000001e-07,1.20693072689576,0.7501,0.00296534625721194,0.41710166766799
2.71650000000011e-07,1.20693072689562,0.7501,0.00296534626644881,0.417101667667841
2.71750000000011e-07,1.20693072689548,0.7501,0.00296534625721866,0.417101667667989
2.71850000000011e-07,1.20693072689534,0.7501,0.0029653462664421,0.41710166766784
2.7195000000001e-07,1.20693072689521,0.7501,0.00296534625722536,0.417101667667988
2.7205000000001e-07,1.20693072689508,0.7501,0.0029653462664354,0.417101667667839
2.7215000000001e-07,1.20693072689494,0.7501,0.00296534625723206,0.417101667667987
2.72250000000011e-07,1.20693072689481,0.7501,0.00296534626642871,0.417101667667839
2.72350000000011e-07,1.20693072689468,0.7501,0.00296534625723874,0.417101667667986
2.72450000000011e-07,1.20693072689455,0.7501,0.00296534626642203,0.417101667667838
2.72550000000011e-07,1.20693072689443,0.7501,0.00296534625724542,0.417101667667984
2.7265000000001e-07,1.2069307268943,0.7501,0.00296534626641536,0.417101667667837
2.7275000000001e-07,1.20693072689418,0.7501,0.00296534625725208,0.417101667667984
2.7285000000001e-07,1.20693072689405,0.7501,0.00296534626640869,0.417101667667836
2.72950000000011e-07,1.20693072689393,0.7501,0.00296534625725874,0.417101667667982
2.73050000000011e-07,1.20693072689381,0.7501,0.00296534626640204,0.417101667667835
2.73150000000011e-07,1.20693072689369,0.7501,0.00296534625726539,0.417101667667981
2.73250000000011e-07,1.20693072689357,0.7501,0.0029653462663954,0.417101667667834
2.73350000000011e-07,1.20693072689346,0.7501,0.00296534625727203,0.41710166766798
2.73450000000011e-07,1.20693072689334,0.7501,0.00296534626638877,0.417101667667834
2.73550000000011e-07,1.20693072689322,0.7501,0.00296534625727865,0.41710166766798
2.73650000000011e-07,1.20693072689311,0.7501,0.00296534626638214,0.417101667667833
2.73750000000011e-07,1.206930726893,0.7501,0.00296534625728527,0.417101667667979
2.73850000000011e-07,1.20693072689289,0.7501,0.00296534626637553,0.417101667667833
2.73950000000011e-07,1.20693072689277,0.7501,0.00296534625729188,0.417101667667978
2.74050000000011e-07,1.20693072689267,0.7501,0.00296534626636893,0.417101667667832
2.74150000000011e-07,1.20693072689256,0.7501,0.00296534625729848,0.417101667667977
2.74250000000011e-07,1.20693072689245,0.7501,0.00296534626636233,0.417101667667831
2.74350000000011e-07,1.20693072689234,0.7501,0.00296534625730507,0.417101667667976
2.74450000000011e-07,1.20693072689224,0.7501,0.00296534626635575,0.417101667667831
2.74550000000011e-07,1.20693072689213,0.7501,0.00296534625731164,0.417101667667975
2.74650000000011e-07,1.20693072689203,0.7501,0.00296534626634917,0.41710166766783
2.74750000000011e-07,1.20693072689193,0.7501,0.00296534625731822,0.417101667667974
2.74850000000011e-07,1.20693072689183,0.7501,0.00296534626634261,0.417101667667829
2.74950000000011e-07,1.20693072689173,0.7501,0.00296534625732478,0.417101667667974
2.75050000000011e-07,1.20693072689163,0.7501,0.00296534626633605,0.417101667667828
2.75150000000011e-07,1.20693072689153,0.7501,0.00296534625733133,0.417101667667973
2.75250000000011e-07,1.20693072689143,0.7501,0.00296534626632951,0.417101667667828
2.75350000000011e-07,1.20693072689134,0.7501,0.00296534625733787,0.417101667667972
2.75450000000011e-07,1.20693072689124,0.7501,0.00296534626632297,0.417101667667827
2.75550000000011e-07,1.20693072689115,0.7501,0.0029653462573444,0.417101667667971
2.75650000000011e-07,1.20693072689106,0.7501,0.00296534626631644,0.417101667667827
2.75750000000011e-07,1.20693072689096,0.7501,0.00296534625735092,0.41710166766797
2.75850000000011e-07,1.20693072689087,0.7501,0.00296534626630992,0.417101667667826
2.75950000000011e-07,1.20693072689078,0.7501,0.00296534625735744,0.417101667667969
2.76050000000011e-07,1.20693072689069,0.7501,0.00296534626630342,0.417101667667826
2.76150000000011e-07,1.2069307268906,0.7501,0.00296534625736394,0.417101667667969
2.76250000000011e-07,1.20693072689051,0.7501,0.00296534626629692,0.417101667667825
2.76350000000011e-07,1.20693072689043,0.7501,0.00296534625737043,0.417101667667968
2.76450000000011e-07,1.20693072689034,0.7501,0.00296534626629043,0.417101667667825
2.76550000000011e-07,1.20693072689026,0.7501,0.00296534625737692,0.417101667667967
2.76650000000011e-07,1.20693072689017,0.7501,0.00296534626628395,0.417101667667824
2.76750000000011e-07,1.20693072689009,0.7501,0.00296534625738339,0.417101667667967
2.76850000000011e-07,1.20693072689001,0.7501,0.00296534626627748,0.417101667667823
2.76950000000011e-07,1.20693072688992,0.7501,0.00296534625738986,0.417101667667966
2.77050000000011e-07,1.20693072688984,0.7501,0.00296534626627102,0.417101667667823
2.77150000000011e-07,1.20693072688976,0.7501,0.00296534625739631,0.417101667667965
2.77250000000011e-07,1.20693072688968,0.7501,0.00296534626626456,0.417101667667823
2.77350000000011e-07,1.2069307268896,0.7501,0.00296534625740276,0.417101667667965
2.77450000000011e-07,1.20693072688953,0.7501,0.00296534626625812,0.417101667667822
2.77550000000011e-07,1.20693072688945,0.7501,0.0029653462574092,0.417101667667964
2.77650000000011e-07,1.20693072688937,0.7501,0.00296534626625169,0.417101667667822
2.77750000000011e-07,1.2069307268893,0.7501,0.00296534625741563,0.417101667667963
2.77850000000011e-07,1.20693072688922,0.7501,0.00296534626624527,0.417101667667821
2.77950000000011e-07,1.20693072688915,0.7501,0.00296534625742205,0.417101667667962
2.78050000000011e-07,1.20693072688908,0.7501,0.00296534626623885,0.417101667667821
2.78150000000011e-07,1.206930726889,0.7501,0.00296534625742846,0.417101667667962
2.78250000000011e-07,1.20693072688893,0.7501,0.00296534626623245,0.41710166766782
2.78350000000011e-07,1.20693072688886,0.7501,0.00296534625743485,0.417101667667961
2.78450000000011e-07,1.20693072688879,0.7501,0.00296534626622605,0.41710166766782
2.78550000000011e-07,1.20693072688872,0.7501,0.00296534625744125,0.41710166766796
2.78650000000011e-07,1.20693072688865,0.7501,0.00296534626621967,0.41710166766782
2.78750000000011e-07,1.20693072688858,0.7501,0.00296534625744763,0.41710166766796
2.78850000000011e-07,1.20693072688852,0.7501,0.00296534626621329,0.417101667667819
2.78950000000011e-07,1.20693072688845,0.7501,0.002965346257454,0.41710166766796
2.79050000000011e-07,1.20693072688838,0.7501,0.00296534626620692,0.417101667667819
2.79150000000011e-07,1.20693072688832,0.7501,0.00296534625746036,0.417101667667959
2.79250000000011e-07,1.20693072688825,0.7501,0.00296534626620056,0.417101667667819
2.79350000000011e-07,1.20693072688819,0.7501,0.00296534625746672,0.417101667667958
2.79450000000011e-07,1.20693072688812,0.7501,0.00296534626619421,0.417101667667818
2.79550000000011e-07,1.20693072688806,0.7501,0.00296534625747306,0.417101667667958
2.79650000000011e-07,1.206930726888,0.7501,0.00296534626618787,0.417101667667818
2.79750000000011e-07,1.20693072688794,0.7501,0.0029653462574794,0.417101667667957
2.79850000000011e-07,1.20693072688788,0.7501,0.00296534626618154,0.417101667667817
2.79950000000011e-07,1.20693072688782,0.7501,0.00296534625748572,0.417101667667957
2.80050000000011e-07,1.20693072688775,0.7501,0.00296534626617522,0.417101667667817
2.80150000000011e-07,1.2069307268877,0.7501,0.00296534625749204,0.417101667667956
2.80250000000011e-07,1.20693072688764,0.7501,0.00296534626616891,0.417101667667817
2.80350000000011e-07,1.20693072688758,0.7501,0.00296534625749835,0.417101667667956
2.80450000000011e-07,1.20693072688752,0.7501,0.00296534626616261,0.417101667667816
2.80550000000011e-07,1.20693072688746,0.7501,0.00296534625750465,0.417101667667955
2.80650000000011e-07,1.20693072688741,0.7501,0.00296534626615631,0.417101667667816
2.80750000000011e-07,1.20693072688735,0.7501,0.00296534625751093,0.417101667667955
2.80850000000011e-07,1.2069307268873,0.7501,0.00296534626615003,0.417101667667816
2.80950000000011e-07,1.20693072688724,0.7501,0.00296534625751722,0.417101667667954
2.81050000000011e-07,1.20693072688719,0.7501,0.00296534626614375,0.417101667667816
2.81150000000011e-07,1.20693072688713,0.7501,0.00296534625752349,0.417101667667953
2.81250000000011e-07,1.20693072688708,0.7501,0.00296534626613749,0.417101667667815
2.81350000000011e-07,1.20693072688703,0.7501,0.00296534625752975,0.417101667667953
2.81450000000011e-07,1.20693072688697,0.7501,0.00296534626613123,0.417101667667815
2.81550000000011e-07,1.20693072688692,0.7501,0.002965346257536,0.417101667667953
2.81650000000011e-07,1.20693072688687,0.7501,0.00296534626612498,0.417101667667815
2.81750000000011e-07,1.20693072688682,0.7501,0.00296534625754225,0.417101667667952
2.81850000000011e-07,1.20693072688677,0.7501,0.00296534626611874,0.417101667667814
2.81950000000011e-07,1.20693072688672,0.7501,0.00296534625754848,0.417101667667952
2.82050000000011e-07,1.20693072688667,0.7501,0.00296534626611251,0.417101667667814
2.82150000000011e-07,1.20693072688662,0.7501,0.0029653462575547,0.417101667667951
2.82250000000011e-07,1.20693072688657,0.7501,0.00296534626610629,0.417101667667814
2.82350000000011e-07,1.20693072688653,0.7501,0.00296534625756092,0.417101667667951
2.82450000000011e-07,1.20693072688648,0.7501,0.00296534626610008,0.417101667667814
2.82550000000011e-07,1.20693072688643,0.7501,0.00296534625756713,0.41710166766795
2.82650000000011e-07,1.20693072688639,0.7501,0.00296534626609387,0.417101667667814
2.82750000000011e-07,1.20693072688634,0.7501,0.00296534625757333,0.41710166766795
2.82850000000011e-07,1.2069307268863,0.7501,0.00296534626608768,0.417101667667813
2.82950000000011e-07,1.20693072688625,0.7501,0.00296534625757952,0.41710166766795
2.83050000000011e-07,1.20693072688621,0.7501,0.00296534626608149,0.417101667667813
2.83150000000011e-07,1.20693072688616,0.7501,0.0029653462575857,0.417101667667949
2.83250000000011e-07,1.20693072688612,0.7501,0.00296534626607532,0.417101667667813
2.83350000000011e-07,1.20693072688608,0.7501,0.00296534625759187,0.417101667667949
2.83450000000011e-07,1.20693072688603,0.7501,0.00296534626606915,0.417101667667812
2.83550000000011e-07,1.20693072688599,0.7501,0.00296534625759803,0.417101667667948
2.83650000000011e-07,1.20693072688595,0.7501,0.00296534626606299,0.417101667667812
2.83750000000011e-07,1.20693072688591,0.7501,0.00296534625760419,0.417101667667947
2.83850000000011e-07,1.20693072688587,0.7501,0.00296534626605684,0.417101667667812
2.83950000000011e-07,1.20693072688582,0.7501,0.00296534625761033,0.417101667667947
2.84050000000011e-07,1.20693072688578,0.7501,0.0029653462660507,0.417101667667812
2.84150000000011e-07,1.20693072688574,0.7501,0.00296534625761647,0.417101667667947
2.84250000000011e-07,1.20693072688571,0.7501,0.00296534626604457,0.417101667667812
2.84350000000011e-07,1.20693072688567,0.7501,0.0029653462576226,0.417101667667947
2.84450000000011e-07,1.20693072688563,0.7501,0.00296534626603845,0.417101667667812
2.84550000000011e-07,1.20693072688559,0.7501,0.00296534625762871,0.417101667667946
2.84650000000011e-07,1.20693072688555,0.7501,0.00296534626603233,0.417101667667811
2.84750000000011e-07,1.20693072688551,0.7501,0.00296534625763482,0.417101667667946
2.84850000000011e-07,1.20693072688548,0.7501,0.00296534626602623,0.417101667667811
2.84950000000012e-07,1.20693072688544,0.7501,0.00296534625764092,0.417101667667946
2.85050000000012e-07,1.2069307268854,0.7501,0.00296534626602013,0.417101667667811
2.85150000000012e-07,1.20693072688537,0.7501,0.00296534625764701,0.417101667667945
2.85250000000011e-07,1.20693072688533,0.7501,0.00296534626601405,0.417101667667811
2.85350000000011e-07,1.2069307268853,0.7501,0.0029653462576531,0.417101667667945
2.85450000000011e-07,1.20693072688526,0.7501,0.00296534626600797,0.417101667667811
2.85550000000012e-07,1.20693072688523,0.7501,0.00296534625765917,0.417101667667945
2.85650000000012e-07,1.20693072688519,0.7501,0.0029653462660019,0.417101667667811
2.85750000000012e-07,1.20693072688516,0.7501,0.00296534625766523,0.417101667667944
2.85850000000012e-07,1.20693072688513,0.7501,0.00296534626599584,0.417101667667811
2.85950000000011e-07,1.20693072688509,0.7501,0.00296534625767129,0.417101667667944
2.86050000000011e-07,1.20693072688506,0.7501,0.00296534626598979,0.417101667667811
2.86150000000011e-07,1.20693072688503,0.7501,0.00296534625767734,0.417101667667943
2.86250000000012e-07,1.206930726885,0.7501,0.00296534626598374,0.41710166766781
2.86350000000012e-07,1.20693072688496,0.7501,0.00296534625768338,0.417101667667943
2.86450000000012e-07,1.20693072688493,0.7501,0.00296534626597771,0.41710166766781
2.86550000000012e-07,1.2069307268849,0.7501,0.00296534625768941,0.417101667667943
2.86650000000012e-07,1.20693072688487,0.7501,0.00296534626597168,0.41710166766781
2.86750000000012e-07,1.20693072688484,0.7501,0.00296534625769543,0.417101667667943
2.86850000000012e-07,1.20693072688481,0.7501,0.00296534626596567,0.41710166766781
2.86950000000012e-07,1.20693072688478,0.7501,0.00296534625770144,0.417101667667942
2.87050000000012e-07,1.20693072688475,0.7501,0.00296534626595966,0.41710166766781
2.87150000000012e-07,1.20693072688472,0.7501,0.00296534625770744,0.417101667667942
2.87250000000012e-07,1.20693072688469,0.7501,0.00296534626595366,0.41710166766781
2.87350000000012e-07,1.20693072688466,0.7501,0.00296534625771344,0.417101667667941
2.87450000000012e-07,1.20693072688463,0.7501,0.00296534626594767,0.417101667667809
2.87550000000012e-07,1.20693072688461,0.7501,0.00296534625771943,0.417101667667941
2.87650000000012e-07,1.20693072688458,0.7501,0.00296534626594169,0.417101667667809
2.87750000000012e-07,1.20693072688455,0.7501,0.0029653462577254,0.417101667667941
2.87850000000012e-07,1.20693072688452,0.7501,0.00296534626593572,0.417101667667809
2.87950000000012e-07,1.2069307268845,0.7501,0.00296534625773137,0.417101667667941
2.88050000000012e-07,1.20693072688447,0.7501,0.00296534626592975,0.417101667667809
2.88150000000012e-07,1.20693072688444,0.7501,0.00296534625773733,0.41710166766794
2.88250000000012e-07,1.20693072688441,0.7501,0.0029653462659238,0.417101667667809
2.88350000000012e-07,1.20693072688439,0.7501,0.00296534625774328,0.41710166766794
2.88450000000012e-07,1.20693072688436,0.7501,0.00296534626591785,0.417101667667809
2.88550000000012e-07,1.20693072688434,0.7501,0.00296534625774922,0.41710166766794
2.88650000000012e-07,1.20693072688431,0.7501,0.00296534626591191,0.417101667667809
2.88750000000012e-07,1.20693072688429,0.7501,0.00296534625775516,0.417101667667939
2.88850000000012e-07,1.20693072688426,0.7501,0.00296534626590598,0.417101667667809
2.88950000000012e-07,1.20693072688424,0.7501,0.00296534625776108,0.417101667667939
2.89050000000012e-07,1.20693072688421,0.7501,0.00296534626590006,0.417101667667809
2.89150000000012e-07,1.20693072688419,0.7501,0.002965346257767,0.417101667667939
2.89250000000012e-07,1.20693072688416,0.7501,0.00296534626589415,0.417101667667809
2.89350000000012e-07,1.20693072688414,0.7501,0.0029653462577729,0.417101667667939
2.89450000000012e-07,1.20693072688412,0.7501,0.00296534626588824,0.417101667667809
2.89550000000012e-07,1.20693072688409,0.7501,0.00296534625777881,0.417101667667939
2.89650000000012e-07,1.20693072688407,0.7501,0.00296534626588235,0.417101667667808
2.89750000000012e-07,1.20693072688405,0.7501,0.0029653462577847,0.417101667667938
2.89850000000012e-07,1.20693072688403,0.7501,0.00296534626587646,0.417101667667808
2.89950000000012e-07,1.206930726884,0.7501,0.00296534625779058,0.417101667667938
2.90050000000012e-07,1.20693072688398,0.7501,0.00296534626587058,0.417101667667808
2.90150000000012e-07,1.20693072688396,0.7501,0.00296534625779645,0.417101667667938
2.90250000000012e-07,1.20693072688394,0.7501,0.00296534626586471,0.417101667667808
2.90350000000012e-07,1.20693072688392,0.7501,0.00296534625780232,0.417101667667938
2.90450000000012e-07,1.20693072688389,0.7501,0.00296534626585885,0.417101667667808
2.90550000000012e-07,1.20693072688387,0.7501,0.00296534625780818,0.417101667667937
2.90650000000012e-07,1.20693072688385,0.7501,0.002965346265853,0.417101667667808
2.90750000000012e-07,1.20693072688383,0.7501,0.00296534625781403,0.417101667667937
2.90850000000012e-07,1.20693072688381,0.7501,0.00296534626584715,0.417101667667808
2.90950000000012e-07,1.20693072688379,0.7501,0.00296534625781987,0.417101667667937
2.91050000000012e-07,1.20693072688377,0.7501,0.00296534626584132,0.417101667667808
2.91150000000012e-07,1.20693072688375,0.7501,0.00296534625782569,0.417101667667937
2.91250000000012e-07,1.20693072688373,0.7501,0.00296534626583549,0.417101667667808
2.91350000000012e-07,1.20693072688371,0.7501,0.00296534625783152,0.417101667667936
2.91450000000012e-07,1.2069307268837,0.7501,0.00296534626582968,0.417101667667808
2.91550000000012e-07,1.20693072688368,0.7501,0.00296534625783733,0.417101667667936
2.91650000000012e-07,1.20693072688366,0.7501,0.00296534626582386,0.417101667667808
2.91750000000012e-07,1.20693072688364,0.7501,0.00296534625784314,0.417101667667936
2.91850000000012e-07,1.20693072688362,0.7501,0.00296534626581806,0.417101667667808
2.91950000000012e-07,1.2069307268836,0.7501,0.00296534625784894,0.417101667667936
2.92050000000012e-07,1.20693072688358,0.7501,0.00296534626581227,0.417101667667808
2.92150000000012e-07,1.20693072688357,0.7501,0.00296534625785472,0.417101667667935
2.92250000000012e-07,1.20693072688355,0.7501,0.00296534626580649,0.417101667667808
2.92350000000012e-07,1.20693072688353,0.7501,0.0029653462578605,0.417101667667935
2.92450000000012e-07,1.20693072688351,0.7501,0.00296534626580071,0.417101667667808
2.92550000000012e-07,1.2069307268835,0.7501,0.00296534625786628,0.417101667667935
2.92650000000012e-07,1.20693072688348,0.7501,0.00296534626579494,0.417101667667808
2.92750000000012e-07,1.20693072688346,0.7501,0.00296534625787204,0.417101667667934
2.92850000000012e-07,1.20693072688345,0.7501,0.00296534626578918,0.417101667667808
2.92950000000012e-07,1.20693072688343,0.7501,0.0029653462578778,0.417101667667934
2.93050000000012e-07,1.20693072688341,0.7501,0.00296534626578343,0.417101667667808
2.93150000000012e-07,1.2069307268834,0.7501,0.00296534625788355,0.417101667667934
2.93250000000012e-07,1.20693072688338,0.7501,0.00296534626577769,0.417101667667808
2.93350000000012e-07,1.20693072688337,0.7501,0.00296534625788928,0.417101667667934
2.93450000000012e-07,1.20693072688335,0.7501,0.00296534626577195,0.417101667667808
2.93550000000012e-07,1.20693072688333,0.7501,0.00296534625789501,0.417101667667934
2.93650000000012e-07,1.20693072688332,0.7501,0.00296534626576623,0.417101667667808
2.93750000000012e-07,1.2069307268833,0.7501,0.00296534625790074,0.417101667667934
2.93850000000012e-07,1.20693072688329,0.7501,0.00296534626576051,0.417101667667807
2.93950000000012e-07,1.20693072688327,0.7501,0.00296534625790645,0.417101667667934
2.94050000000012e-07,1.20693072688326,0.7501,0.0029653462657548,0.417101667667807
2.94150000000012e-07,1.20693072688324,0.7501,0.00296534625791215,0.417101667667933
2.94250000000012e-07,1.20693072688323,0.7501,0.0029653462657491,0.417101667667808
2.94350000000012e-07,1.20693072688322,0.7501,0.00296534625791785,0.417101667667933
2.94450000000012e-07,1.2069307268832,0.7501,0.0029653462657434,0.417101667667808
2.94550000000012e-07,1.20693072688319,0.7501,0.00296534625792354,0.417101667667933
2.94650000000012e-07,1.20693072688317,0.7501,0.00296534626573772,0.417101667667808
2.94750000000012e-07,1.20693072688316,0.7501,0.00296534625792922,0.417101667667933
2.94850000000012e-07,1.20693072688315,0.7501,0.00296534626573204,0.417101667667807
2.94950000000012e-07,1.20693072688313,0.7501,0.00296534625793489,0.417101667667933
2.95050000000012e-07,1.20693072688312,0.7501,0.00296534626572637,0.417101667667808
2.95150000000012e-07,1.20693072688311,0.7501,0.00296534625794056,0.417101667667932
2.95250000000012e-07,1.20693072688309,0.7501,0.00296534626572072,0.417101667667808
2.95350000000012e-07,1.20693072688308,0.7501,0.00296534625794621,0.417101667667932
2.95450000000012e-07,1.20693072688307,0.7501,0.00296534626571506,0.417101667667808
2.95550000000012e-07,1.20693072688305,0.7501,0.00296534625795186,0.417101667667932
2.95650000000012e-07,1.20693072688304,0.7501,0.00296534626570942,0.417101667667807
2.95750000000012e-07,1.20693072688303,0.7501,0.0029653462579575,0.417101667667932
2.95850000000012e-07,1.20693072688301,0.7501,0.00296534626570378,0.417101667667808
2.95950000000012e-07,1.206930726883,0.7501,0.00296534625796313,0.417101667667932
2.96050000000012e-07,1.20693072688299,0.7501,0.00296534626569816,0.417101667667808
2.96150000000012e-07,1.20693072688298,0.7501,0.00296534625796876,0.417101667667932
2.96250000000012e-07,1.20693072688297,0.7501,0.00296534626569254,0.417101667667808
2.96350000000012e-07,1.20693072688295,0.7501,0.00296534625797437,0.417101667667931
2.96450000000012e-07,1.20693072688294,0.7501,0.00296534626568693,0.417101667667808
2.96550000000012e-07,1.20693072688293,0.7501,0.00296534625797997,0.417101667667931
2.96650000000012e-07,1.20693072688292,0.7501,0.00296534626568132,0.417101667667808
2.96750000000012e-07,1.20693072688291,0.7501,0.00296534625798558,0.417101667667931
2.96850000000012e-07,1.2069307268829,0.7501,0.00296534626567573,0.417101667667807
2.96950000000012e-07,1.20693072688289,0.7501,0.00296534625799117,0.417101667667931
2.97050000000012e-07,1.20693072688288,0.7501,0.00296534626567014,0.417101667667808
2.97150000000012e-07,1.20693072688287,0.7501,0.00296534625799675,0.417101667667931
2.97250000000012e-07,1.20693072688286,0.7501,0.00296534626566456,0.417101667667808
2.97350000000012e-07,1.20693072688284,0.7501,0.00296534625800233,0.417101667667931
2.97450000000012e-07,1.20693072688283,0.7501,0.00296534626565899,0.417101667667807
2.97550000000012e-07,1.20693072688282,0.7501,0.00296534625800789,0.41710166766793
2.97650000000012e-07,1.20693072688281,0.7501,0.00296534626565343,0.417101667667807
2.97750000000012e-07,1.2069307268828,0.7501,0.00296534625801345,0.41710166766793
2.97850000000012e-07,1.20693072688279,0.7501,0.00296534626564788,0.417101667667807
2.97950000000012e-07,1.20693072688278,0.7501,0.002965346258019,0.41710166766793
2.98050000000012e-07,1.20693072688277,0.7501,0.00296534626564233,0.417101667667807
2.98150000000012e-07,1.20693072688276,0.7501,0.00296534625802454,0.41710166766793
2.98250000000013e-07,1.20693072688275,0.7501,0.00296534626563679,0.417101667667808
2.98350000000013e-07,1.20693072688274,0.7501,0.00296534625803007,0.41710166766793
2.98450000000013e-07,1.20693072688273,0.7501,0.00296534626563127,0.417101667667808
2.98550000000012e-07,1.20693072688272,0.7501,0.0029653462580356,0.41710166766793
2.98650000000012e-07,1.20693072688271,0.7501,0.00296534626562574,0.417101667667808
2.98750000000012e-07,1.2069307268827,0.7501,0.00296534625804112,0.417101667667929
2.98850000000012e-07,1.2069307268827,0.7501,0.00296534626562023,0.417101667667808
2.98950000000013e-07,1.20693072688269,0.7501,0.00296534625804662,0.417101667667929
2.99050000000013e-07,1.20693072688268,0.7501,0.00296534626561472,0.417101667667808
2.99150000000013e-07,1.20693072688267,0.7501,0.00296534625805213,0.417101667667929
2.99250000000012e-07,1.20693072688266,0.7501,0.00296534626560922,0.417101667667808
2.99350000000012e-07,1.20693072688265,0.7501,0.00296534625805762,0.417101667667929
2.99450000000012e-07,1.20693072688264,0.7501,0.00296534626560373,0.417101667667808
2.99550000000013e-07,1.20693072688264,0.7501,0.00296534625806311,0.417101667667929
2.99650000000013e-07,1.20693072688263,0.7501,0.00296534626559825,0.417101667667808
2.99750000000013e-07,1.20693072688262,0.7501,0.00296534625806858,0.417101667667929
2.99850000000013e-07,1.20693072688261,0.7501,0.00296534626559278,0.417101667667808
2.99950000000013e-07,1.2069307268826,0.7501,0.00296534625807405,0.417101667667928
3.00050000000013e-07,1.20693072688259,0.7501,0.00296534626558731,0.417101667667808
3.00150000000013e-07,1.20693072688259,0.7501,0.00296534625807952,0.417101667667928
3.002e-07,1.20693072688258,0.7501,0.00296534626557913,0.417101667667808
3.0021e-07,1.20693074331932,0.750095,0.00296524004922333,0.417105094417155
3.0023e-07,1.20693081438092,0.750085,0.0029650454886033,0.417113063147679
3.0027e-07,1.20693118876539,0.750065,0.00296465651395502,0.417129376811984
3.0035e-07,1.20693286291632,0.750025,0.00296387851451723,0.417161686469887
3.004e-07,1.20693453275153,0.75,0.00296339238112551,0.417182038605742
3.0041e-07,1.20693491713566,0.75,0.00296340131185336,0.417182624301583
3.0043e-07,1.20693568573131,0.75,0.00296340135589355,0.417182751239286
3.0047e-07,1.20693721852077,0.75,0.00296340131524152,0.417182653488106
3.0055e-07,1.20694026561109,0.75,0.00296340135648677,0.417182758812905
3.0065e-07,1.20694404048721,0.75,0.00296340131780408,0.417182683013288
3.0075e-07,1.20694777770847,0.75,0.0029634013584228,0.417182781745397
3.0085e-07,1.20695147784319,0.75,0.00296340132046943,0.417182713787743
3.0095e-07,1.20695514107563,0.75,0.0029634013603457,0.417182804518222
3.0105e-07,1.20695876794905,0.75,0.002963401323058,0.417182743672061
3.0115e-07,1.20696235865723,0.75,0.00296340136225339,0.417182827107936
3.0125e-07,1.20696591372013,0.75,0.00296340132557353,0.417182772709361
3.0135e-07,1.20696943333967,0.75,0.00296340136414408,0.417182849493871
3.0145e-07,1.20697291801408,0.75,0.00296340132801948,0.417182800939578
3.0155e-07,1.20697636795218,0.75,0.00296340136601617,0.417182871657974
3.0165e-07,1.20697978363195,0.75,0.00296340133039906,0.417182828399756
3.0175e-07,1.20698316526797,0.75,0.00296340136786828,0.417182893584552
3.0185e-07,1.20698651331934,0.75,0.00296340133271525,0.417182855124293
3.0195e-07,1.20698982800538,0.75,0.00296340136969922,0.417182915260046
3.0205e-07,1.2069931097675,0.75,0.00296340133497082,0.417182881145169
3.0215e-07,1.20699635882887,0.75,0.00296340137150797,0.41718293667282
3.0225e-07,1.20699957561438,0.75,0.00296340133716834,0.417182906492151
3.0235e-07,1.2070027603502,0.75,0.00296340137329366,0.417182957812977
3.0245e-07,1.20700591344571,0.75,0.00296340133931022,0.41718293119298
3.0255e-07,1.20700903512939,0.75,0.00296340137505554,0.417182978672185
3.0265e-07,1.20701212579605,0.75,0.0029634013413987,0.417182955273541
3.0275e-07,1.20701518567578,0.75,0.002963401376793,0.417182999243524
3.0285e-07,1.20701821514973,0.75,0.00296340134343587,0.417182978758019
3.0295e-07,1.20702121444904,0.75,0.00296340137850554,0.417183019521341
3.0305e-07,1.20702418394195,0.75,0.00296340134542368,0.41718300166904
3.0315e-07,1.20702712386012,0.75,0.00296340138019276,0.417183039501127
3.0325e-07,1.20703003455965,0.75,0.00296340134736398,0.417183024027802
3.0335e-07,1.20703291627224,0.75,0.00296340138185433,0.417183059179396
3.03450000000001e-07,1.20703576934254,0.75,0.00296340134925848,0.417183045854187
3.03550000000001e-07,1.20703859400185,0.75,0.00296340138349002,0.417183078553586
3.03650000000001e-07,1.207041390584,0.75,0.00296340135110879,0.417183067166874
3.0375e-07,1.20704415931953,0.75,0.00296340138509969,0.417183097621957
3.0385e-07,1.207046900532,0.75,0.00296340135291643,0.417183087983432
3.0395e-07,1.20704961445088,0.75,0.00296340138668321,0.417183116383509
3.04050000000001e-07,1.20705230139,0.75,0.00296340135468284,0.417183108320412
3.04150000000001e-07,1.20705496157746,0.75,0.00296340138824056,0.417183134837901
3.04250000000001e-07,1.20705759531786,0.75,0.00296340135640935,0.417183128193427
3.04350000000001e-07,1.20706020283763,0.75,0.00296340138977174,0.417183152985381
3.0445e-07,1.20706278443263,0.75,0.00296340135809725,0.417183147617227
3.0455e-07,1.20706534032743,0.75,0.00296340139127683,0.417183170826722
3.0465e-07,1.20706787080951,0.75,0.00296340135974773,0.417183166605762
3.04750000000001e-07,1.20707037610137,0.75,0.0029634013927559,0.417183188363162
3.04850000000001e-07,1.20707285648255,0.75,0.00296340136136194,0.417183185172249
3.04950000000001e-07,1.2070753121733,0.75,0.00296340139420909,0.417183205596352
3.05050000000001e-07,1.20707774344556,0.75,0.00296340136294096,0.417183203329228
3.05150000000001e-07,1.2070801505172,0.75,0.00296340139563658,0.417183222528309
3.05250000000001e-07,1.20708253365289,0.75,0.00296340136448581,0.417183221088607
3.05350000000001e-07,1.20708489306797,0.75,0.00296340139703855,0.417183239161372
3.05450000000001e-07,1.20708722902016,0.75,0.00296340136599748,0.417183238461717
3.05550000000001e-07,1.20708954172218,0.75,0.00296340139841523,0.41718325549816
3.05650000000001e-07,1.20709183142509,0.75,0.00296340136747689,0.417183255459349
3.05750000000001e-07,1.20709409833887,0.75,0.00296340139976685,0.417183271541544
3.05850000000001e-07,1.20709634270822,0.75,0.00296340136892493,0.417183272091795
3.05950000000001e-07,1.20709856474028,0.75,0.00296340140109367,0.417183287294605
3.06050000000001e-07,1.20710076467364,0.75,0.00296340137034244,0.417183288368887
3.06150000000001e-07,1.20710294271255,0.75,0.00296340140239598,0.417183302760613
3.06250000000001e-07,1.20710509908972,0.75,0.00296340137173024,0.417183304300021
3.06350000000001e-07,1.20710723400648,0.75,0.00296340140367404,0.417183317942999
3.06450000000001e-07,1.20710934768984,0.75,0.0029634013730891,0.417183319894197
3.06550000000001e-07,1.20711144033817,0.75,0.0029634014049282,0.417183332845328
3.06650000000001e-07,1.20711351217303,0.75,0.00296340137441976,0.417183335160041
3.06750000000001e-07,1.20711556338978,0.75,0.00296340140615873,0.417183347471282
3.06850000000001e-07,1.20711759420471,0.75,0.00296340137572294,0.41718335010583
3.06950000000001e-07,1.20711960481015,0.75,0.00296340140736596,0.41718336182464
3.07050000000001e-07,1.20712159541732,0.75,0.00296340137699932,0.417183364739517
3.07150000000001e-07,1.20712356621548,0.75,0.00296340140855023,0.417183375909256
3.07250000000001e-07,1.20712551741096,0.75,0.00296340137824955,0.417183379068749
3.07350000000001e-07,1.20712744918997,0.75,0.00296340140971186,0.417183389729052
3.07450000000001e-07,1.20712936175408,0.75,0.00296340137947427,0.41718339310089
3.07550000000001e-07,1.20713125528644,0.75,0.0029634014108512,0.417183403287997
3.07650000000001e-07,1.20713312998404,0.75,0.00296340138067409,0.417183406843038
3.07750000000001e-07,1.20713498602699,0.75,0.00296340141196858,0.417183416590098
3.07850000000001e-07,1.20713682360781,0.75,0.0029634013818496,0.417183420302038
3.07950000000001e-07,1.20713864290357,0.75,0.00296340141306435,0.417183429639386
3.08050000000001e-07,1.20714044410249,0.75,0.00296340138300137,0.417183433484499
3.08150000000001e-07,1.20714222737859,0.75,0.00296340141413886,0.41718344243991
3.08250000000001e-07,1.20714399291593,0.75,0.00296340138412993,0.417183446396812
3.08350000000001e-07,1.20714574088552,0.75,0.00296340141519245,0.417183454995724
3.08450000000001e-07,1.20714747146734,0.75,0.00296340138523585,0.417183459045154
3.08550000000001e-07,1.20714918482943,0.75,0.00296340141622546,0.417183467310881
3.08650000000001e-07,1.20715088114782,0.75,0.0029634013863196,0.417183471435506
3.08750000000001e-07,1.20715256058758,0.75,0.00296340141723824,0.417183479389427
3.08850000000001e-07,1.20715422332093,0.75,0.00296340138738171,0.417183483573664
3.08950000000001e-07,1.20715586950997,0.75,0.00296340141823114,0.417183491235392
3.09050000000001e-07,1.20715749932322,0.75,0.00296340138842265,0.417183495465243
3.09150000000001e-07,1.20715911291985,0.75,0.0029634014192045,0.417183502852785
3.09250000000001e-07,1.20716071046479,0.75,0.00296340138944288,0.417183507115695
3.09350000000001e-07,1.20716229211431,0.75,0.00296340142015865,0.41718351424559
3.09450000000001e-07,1.2071638580298,0.75,0.00296340139044287,0.417183518530309
3.09550000000001e-07,1.20716540836471,0.75,0.00296340142109394,0.417183525417763
3.09650000000001e-07,1.207166943277,0.75,0.00296340139142305,0.417183529714224
3.09750000000001e-07,1.20716846291728,0.75,0.00296340142201071,0.417183536373223
3.09850000000001e-07,1.20716996744019,0.75,0.00296340139238386,0.417183540672433
3.09950000000001e-07,1.20717145699355,0.75,0.00296340142290927,0.417183547115856
3.10050000000001e-07,1.20717293172876,0.75,0.0029634013933257,0.417183551409794
3.10150000000001e-07,1.20717439179089,0.75,0.00296340142378997,0.417183557649504
3.10250000000001e-07,1.20717583732814,0.75,0.00296340139424899,0.417183561931032
3.10350000000001e-07,1.20717726848292,0.75,0.00296340142465312,0.41718356797797
3.10450000000001e-07,1.20717868540033,0.75,0.00296340139515412,0.417183572240746
3.10550000000001e-07,1.20718008822008,0.75,0.00296340142549905,0.417183578105009
3.10650000000001e-07,1.20718147708427,0.75,0.00296340139604146,0.417183582343418
3.10750000000001e-07,1.20718285212999,0.75,0.00296340142632808,0.417183588034331
3.10850000000001e-07,1.20718421349639,0.75,0.00296340139691141,0.417183592243409
3.10950000000001e-07,1.20718556131796,0.75,0.00296340142714052,0.417183597769599
3.11050000000001e-07,1.20718689573099,0.75,0.00296340139776433,0.417183601944976
3.11150000000001e-07,1.20718821686743,0.75,0.00296340142793668,0.417183607314424
3.11250000000001e-07,1.20718952486073,0.75,0.00296340139860056,0.417183611452265
3.11350000000001e-07,1.20719081984035,0.75,0.00296340142871686,0.417183616672368
3.11450000000001e-07,1.20719210193701,0.75,0.00296340139942045,0.417183620769322
3.11550000000001e-07,1.20719337127769,0.75,0.00296340142948136,0.417183625846941
3.11650000000001e-07,1.20719462799043,0.75,0.00296340140022435,0.417183629900096
3.11750000000001e-07,1.20719587219978,0.75,0.00296340143023048,0.4171836348416
3.11850000000001e-07,1.20719710403117,0.75,0.00296340140101259,0.417183638848439
3.11950000000001e-07,1.20719832360676,0.75,0.00296340143096451,0.417183643659752
3.12050000000001e-07,1.20719953104943,0.75,0.00296340140178549,0.417183647618112
3.12150000000001e-07,1.20720072647897,0.75,0.00296340143168374,0.417183652304746
3.12250000000001e-07,1.20720191001578,0.75,0.00296340140254335,0.41718365621279
3.12350000000001e-07,1.20720308177734,0.75,0.00296340143238845,0.417183660779882
3.12450000000001e-07,1.20720424188159,0.75,0.0029634014032865,0.417183664636062
3.12550000000001e-07,1.20720539044376,0.75,0.00296340143307892,0.417183669088404
3.12650000000001e-07,1.2072065275794,0.75,0.00296340140401523,0.417183672891433
3.12750000000001e-07,1.2072076534015,0.75,0.00296340143375541,0.417183677233504
3.12850000000001e-07,1.20720876802327,0.75,0.00296340140472983,0.417183680982331
3.12950000000001e-07,1.20720987155552,0.75,0.00296340143441821,0.41718368521832
3.13050000000001e-07,1.20721096410917,0.75,0.0029634014054306,0.417183688912105
3.13150000000001e-07,1.20721204579288,0.75,0.00296340143506757,0.417183693045936
3.13250000000001e-07,1.20721311671534,0.75,0.00296340140611781,0.417183696684029
3.13350000000001e-07,1.20721417698309,0.75,0.00296340143570375,0.417183700719383
3.13450000000001e-07,1.20721522670262,0.75,0.00296340140679173,0.417183704301307
3.13550000000001e-07,1.2072162659784,0.75,0.00296340143632701,0.417183708241642
3.13650000000001e-07,1.2072172949148,0.75,0.00296340140745265,0.417183711767069
3.13750000000001e-07,1.20721831361425,0.75,0.00296340143693761,0.417183715615638
3.13850000000001e-07,1.20721932217899,0.75,0.00296340140810081,0.41718371908438
3.13950000000001e-07,1.20722032070948,0.75,0.00296340143753577,0.417183722844246
3.14050000000001e-07,1.20722130930591,0.75,0.00296340140873647,0.417183726256237
3.14150000000001e-07,1.20722228806675,0.75,0.00296340143812175,0.41718372993029
3.14250000000001e-07,1.20722325709021,0.75,0.00296340140935989,0.417183733285571
3.14350000000001e-07,1.20722421647283,0.75,0.00296340143869579,0.417183736876542
3.14450000000001e-07,1.20722516631084,0.75,0.00296340140997132,0.417183740175253
3.14550000000001e-07,1.20722610669889,0.75,0.00296340143925811,0.417183743685723
3.14650000000001e-07,1.2072270377313,0.75,0.00296340141057099,0.417183746928091
3.14750000000001e-07,1.20722795950086,0.75,0.00296340143980894,0.417183750360507
3.14850000000001e-07,1.20722887209999,0.75,0.00296340141115914,0.417183753546834
3.14950000000001e-07,1.20722977561969,0.75,0.00296340144034853,0.417183756903516
3.15050000000001e-07,1.2072306701505,0.75,0.002963401411736,0.417183760034173
3.15150000000001e-07,1.20723155578164,0.75,0.00296340144087706,0.417183763317326
3.15250000000001e-07,1.20723243260187,0.75,0.00296340141230179,0.417183766392742
3.15350000000001e-07,1.20723330069863,0.75,0.00296340144139478,0.417183769604462
3.15450000000001e-07,1.20723416015892,0.75,0.00296340141285674,0.417183772625121
3.15550000000001e-07,1.20723501106847,0.75,0.00296340144190189,0.417183775767405
3.15650000000001e-07,1.20723585351252,0.75,0.00296340141340106,0.417183778733835
3.15750000000001e-07,1.20723668757513,0.75,0.0029634014423986,0.417183781808588
3.15850000000001e-07,1.20723751333985,0.75,0.00296340141393498,0.417183784721358
3.15950000000001e-07,1.20723833088907,0.75,0.0029634014428851,0.417183787730397
3.16050000000001e-07,1.20723914030468,0.75,0.00296340141445868,0.41718379059011
3.16150000000001e-07,1.20723994166747,0.75,0.00296340144336162,0.417183793535175
3.16250000000001e-07,1.20724073505767,0.75,0.00296340141497238,0.417183796342464
3.16350000000001e-07,1.20724152055448,0.75,0.00296340144382833,0.41718379922522
3.16450000000001e-07,1.20724229823655,0.75,0.00296340141547627,0.417183801980743
3.16550000000001e-07,1.20724306818152,0.75,0.00296340144428544,0.417183804802786
3.16650000000001e-07,1.20724383046646,0.75,0.00296340141597055,0.417183807507222
3.16750000000002e-07,1.20724458516749,0.75,0.00296340144473313,0.417183810270084
3.16850000000002e-07,1.20724533236015,0.75,0.00296340141645542,0.417183812924131
3.16950000000002e-07,1.20724607211905,0.75,0.00296340144517158,0.417183815629281
3.17050000000001e-07,1.20724680451823,0.75,0.00296340141693106,0.417183818233651
3.17150000000001e-07,1.20724752963084,0.75,0.00296340144560099,0.417183820882506
3.17250000000001e-07,1.20724824752944,0.75,0.00296340141739764,0.417183823437923
3.17350000000002e-07,1.20724895828573,0.75,0.00296340144602153,0.417183826031845
3.17450000000002e-07,1.20724966197085,0.75,0.00296340141785536,0.417183828539041
3.17550000000002e-07,1.20725035865506,0.75,0.00296340144643337,0.417183831079342
3.17650000000002e-07,1.20725104840809,0.75,0.00296340141830439,0.417183833539058
3.17750000000001e-07,1.20725173129883,0.75,0.00296340144683668,0.417183836027005
3.17850000000001e-07,1.20725240739563,0.75,0.00296340141874489,0.417183838439986
3.17950000000001e-07,1.20725307676599,0.75,0.00296340144723165,0.4171838408768
3.18050000000002e-07,1.20725373947692,0.75,0.00296340141917705,0.417183843243795
3.18150000000002e-07,1.2072543955946,0.75,0.00296340144761842,0.417183845630659
3.18250000000002e-07,1.20725504518468,0.75,0.00296340141960102,0.417183847952415
3.18350000000002e-07,1.20725568831205,0.75,0.00296340144799716,0.417183850290471
3.18450000000002e-07,1.20725632504107,0.75,0.00296340142001696,0.417183852567739
3.18550000000002e-07,1.20725695543533,0.75,0.00296340144836803,0.417183854858094
3.18650000000002e-07,1.20725757955791,0.75,0.00296340142042504,0.417183857091619
3.18750000000002e-07,1.20725819747117,0.75,0.0029634014487312,0.417183859335345
3.18850000000002e-07,1.2072588092369,0.75,0.00296340142082541,0.417183861525873
3.18950000000002e-07,1.20725941491625,0.75,0.0029634014490868,0.417183863724008
3.19050000000002e-07,1.2072600145698,0.75,0.00296340142121822,0.417183865872281
3.19150000000002e-07,1.20726060825746,0.75,0.00296340144943499,0.417183868025833
3.19250000000002e-07,1.20726119603862,0.75,0.00296340142160363,0.417183870132586
3.19350000000002e-07,1.20726177797202,0.75,0.00296340144977591,0.417183872242533
3.19450000000002e-07,1.20726235411585,0.75,0.00296340142198178,0.417183874308497
3.19550000000002e-07,1.2072629245277,0.75,0.00296340145010972,0.41718387637579
3.19650000000002e-07,1.20726348926461,0.75,0.00296340142235281,0.41718387840169
3.19750000000002e-07,1.20726404838302,0.75,0.00296340145043655,0.417183880427252
3.19850000000002e-07,1.20726460193885,0.75,0.00296340142271686,0.417183882413805
3.19950000000002e-07,1.20726514998742,0.75,0.00296340145075654,0.417183884398536
3.20050000000002e-07,1.20726569258355,0.75,0.00296340142307407,0.417183886346452
3.20150000000002e-07,1.20726622978145,0.75,0.00296340145106982,0.417183888291224
3.20250000000002e-07,1.20726676163485,0.75,0.00296340142342458,0.417183890201208
3.20350000000002e-07,1.20726728819691,0.75,0.00296340145137654,0.417183892106871
3.20450000000002e-07,1.20726780952028,0.75,0.00296340142376852,0.417183893979616
3.20550000000002e-07,1.20726832565708,0.75,0.0029634014516768,0.417183895847
3.20650000000002e-07,1.2072688366589,0.75,0.00296340142410602,0.417183897683191
3.20750000000002e-07,1.20726934257684,0.75,0.00296340145197076,0.417183899513102
3.20850000000002e-07,1.20726984346147,0.75,0.0029634014244372,0.417183901313417
3.20950000000002e-07,1.20727033936287,0.75,0.00296340145225853,0.417183903106642
3.21050000000002e-07,1.20727083033062,0.75,0.0029634014247622,0.417183904871748
3.21150000000002e-07,1.20727131641379,0.75,0.00296340145254024,0.417183906629054
3.21250000000002e-07,1.207271797661,0.75,0.00296340142508113,0.417183908359609
3.21350000000002e-07,1.20727227412034,0.75,0.002963401452816,0.417183910081745
3.21450000000002e-07,1.20727274583946,0.75,0.00296340142539411,0.417183911778398
3.21550000000002e-07,1.2072732128655,0.75,0.00296340145308593,0.417183913466093
3.21650000000002e-07,1.20727367524517,0.75,0.00296340142570126,0.417183915129484
3.21750000000002e-07,1.20727413302469,0.75,0.00296340145335015,0.417183916783449
3.21850000000002e-07,1.20727458624983,0.75,0.00296340142600269,0.417183918414207
3.21950000000002e-07,1.20727503496589,0.75,0.00296340145360878,0.41718392003514
3.22050000000002e-07,1.20727547921774,0.75,0.00296340142629853,0.417183921633885
3.22150000000002e-07,1.20727591904978,0.75,0.00296340145386192,0.417183923222463
3.22250000000002e-07,1.20727635450601,0.75,0.00296340142658887,0.417183924789804
3.22350000000002e-07,1.20727678562993,0.75,0.00296340145410968,0.417183926346693
3.22450000000002e-07,1.20727721246467,0.75,0.00296340142687383,0.41718392788323
3.22550000000002e-07,1.20727763505289,0.75,0.00296340145435217,0.417183929409077
3.22650000000002e-07,1.20727805343683,0.75,0.00296340142715351,0.4171839309154
3.22750000000002e-07,1.20727846765834,0.75,0.0029634014545895,0.417183932410839
3.22850000000002e-07,1.20727887775881,0.75,0.00296340142742802,0.417183933887528
3.22950000000002e-07,1.20727928377924,0.75,0.00296340145482177,0.417183935353178
3.23050000000002e-07,1.20727968576024,0.75,0.00296340142769745,0.417183936800804
3.23150000000002e-07,1.20728008374199,0.75,0.00296340145504907,0.41718393823727
3.23250000000002e-07,1.20728047776427,0.75,0.00296340142796192,0.417183939656392
3.23350000000002e-07,1.20728086786648,0.75,0.00296340145527151,0.417183941064268
3.23450000000002e-07,1.20728125408761,0.75,0.00296340142822151,0.417183942455437
3.23550000000002e-07,1.20728163646629,0.75,0.00296340145548919,0.4171839438353
3.23650000000002e-07,1.20728201504073,0.75,0.00296340142847632,0.417183945199059
3.23750000000002e-07,1.20728238984879,0.75,0.00296340145570218,0.417183946551476
3.23850000000002e-07,1.20728276092794,0.75,0.00296340142872645,0.417183947888354
3.23950000000002e-07,1.20728312831526,0.75,0.0029634014559106,0.417183949213879
3.24050000000002e-07,1.20728349204751,0.75,0.00296340142897199,0.4171839505244
3.24150000000002e-07,1.20728385216104,0.75,0.00296340145611455,0.417183951823575
3.24250000000002e-07,1.20728420869184,0.75,0.00296340142921303,0.417183953108251
3.24350000000002e-07,1.20728456167557,0.75,0.00296340145631408,0.417183954381607
3.24450000000002e-07,1.20728491114752,0.75,0.00296340142944965,0.41718395564094
3.24550000000002e-07,1.20728525714261,0.75,0.00296340145650931,0.417183956888997
3.24650000000002e-07,1.20728559969546,0.75,0.00296340142968195,0.417183958123482
3.24750000000002e-07,1.20728593884029,0.75,0.00296340145670031,0.417183959346747
3.24850000000002e-07,1.20728627461101,0.75,0.00296340142991002,0.417183960556869
3.24950000000002e-07,1.2072866070412,0.75,0.00296340145688717,0.41718396175584
3.25050000000002e-07,1.20728693616409,0.75,0.00296340143013392,0.417183962942074
3.25150000000002e-07,1.20728726201258,0.75,0.00296340145706998,0.417183964117239
3.25250000000002e-07,1.20728758461925,0.75,0.00296340143035374,0.417183965280053
3.25350000000002e-07,1.20728790401635,0.75,0.00296340145724881,0.417183966431888
3.25450000000002e-07,1.20728822023581,0.75,0.00296340143056958,0.41718396757174
3.25550000000002e-07,1.20728853330925,0.75,0.00296340145742373,0.417183968700712
3.25650000000002e-07,1.20728884326797,0.75,0.0029634014307815,0.417183969818053
3.25750000000002e-07,1.20728915014295,0.75,0.00296340145759485,0.417183970924618
3.25850000000002e-07,1.20728945396488,0.75,0.00296340143098958,0.417183972019888
3.25950000000002e-07,1.20728975476412,0.75,0.00296340145776221,0.417183973104496
3.26050000000002e-07,1.20729005257075,0.75,0.00296340143119389,0.417183974178129
3.26150000000002e-07,1.20729034741455,0.75,0.0029634014579259,0.417183975241217
3.26250000000002e-07,1.20729063932498,0.75,0.00296340143139452,0.417183976293637
3.26350000000002e-07,1.20729092833124,0.75,0.002963401458086,0.417183977335635
3.26450000000002e-07,1.20729121446222,0.75,0.00296340143159153,0.417183978367259
3.26550000000002e-07,1.20729149774652,0.75,0.00296340145824258,0.417183979388587
3.26650000000002e-07,1.20729177821247,0.75,0.00296340143178499,0.417183980399824
3.26750000000002e-07,1.20729205588809,0.75,0.0029634014583957,0.417183981400896
3.26850000000002e-07,1.20729233080117,0.75,0.00296340143197498,0.417183982392145
3.26950000000002e-07,1.20729260297917,0.75,0.00296340145854543,0.417183983373363
3.27050000000002e-07,1.20729287244931,0.75,0.00296340143216156,0.417183984345021
3.27150000000002e-07,1.20729313923853,0.75,0.00296340145869185,0.417183985306781
3.27250000000002e-07,1.2072934033735,0.75,0.0029634014323448,0.41718398625923
3.27350000000002e-07,1.20729366488062,0.75,0.00296340145883501,0.417183987201919
3.27450000000002e-07,1.20729392378605,0.75,0.00296340143252476,0.417183988135539
3.27550000000002e-07,1.20729418011567,0.75,0.00296340145897499,0.417183989059537
3.27650000000002e-07,1.2072944338951,0.75,0.00296340143270151,0.417183989974699
3.27750000000002e-07,1.20729468514971,0.75,0.00296340145911184,0.417183990880378
3.27850000000002e-07,1.20729493390463,0.75,0.00296340143287512,0.417183991777445
3.27950000000002e-07,1.20729518018471,0.75,0.00296340145924564,0.417183992665169
3.28050000000002e-07,1.2072954240146,0.75,0.00296340143304563,0.417183993544498
3.28150000000002e-07,1.20729566541865,0.75,0.00296340145937643,0.417183994414624
3.28250000000002e-07,1.207295904421,0.75,0.00296340143321313,0.417183995276566
3.28350000000002e-07,1.20729614104556,0.75,0.00296340145950429,0.417183996129442
3.28450000000002e-07,1.20729637531597,0.75,0.00296340143337765,0.417183996974339
3.28550000000002e-07,1.20729660725566,0.75,0.00296340145962925,0.41718399781031
3.28650000000002e-07,1.20729683688781,0.75,0.00296340143353927,0.417183998638498
3.28750000000002e-07,1.20729706423539,0.75,0.00296340145975141,0.4171839994579
3.28850000000002e-07,1.20729728932111,0.75,0.00296340143369804,0.417184000269709
3.28950000000002e-07,1.20729751216749,0.75,0.00296340145987079,0.417184001072869
3.29050000000002e-07,1.2072977327968,0.75,0.00296340143385401,0.417184001868623
3.29150000000002e-07,1.2072979512311,0.75,0.00296340145998746,0.417184002655865
3.29250000000002e-07,1.20729816749223,0.75,0.00296340143400725,0.41718400343588
3.29350000000002e-07,1.20729838160181,0.75,0.00296340146010147,0.41718400420752
3.29450000000002e-07,1.20729859358124,0.75,0.00296340143415779,0.417184004972107
3.29550000000002e-07,1.20729880345171,0.75,0.00296340146021288,0.417184005728454
3.29650000000002e-07,1.20729901123422,0.75,0.00296340143430571,0.417184006477918
3.29750000000002e-07,1.20729921694952,0.75,0.00296340146032173,0.417184007219276
3.29850000000002e-07,1.2072994206182,0.75,0.00296340143445104,0.417184007953916
3.29950000000002e-07,1.2072996222606,0.75,0.00296340146042808,0.417184008680582
3.30050000000003e-07,1.20729982189689,0.75,0.00296340143459384,0.41718400940069
3.30150000000003e-07,1.20730001954702,0.75,0.00296340146053198,0.417184010112956
3.30250000000003e-07,1.20730021523076,0.75,0.00296340143473416,0.41718401081882
3.30350000000002e-07,1.20730040896768,0.75,0.00296340146063348,0.417184011516971
3.30450000000002e-07,1.20730060077713,0.75,0.00296340143487205,0.417184012208872
3.30550000000002e-07,1.20730079067829,0.75,0.00296340146073263,0.417184012893188
3.30650000000003e-07,1.20730097869016,0.75,0.00296340143500754,0.417184013571404
3.30750000000003e-07,1.20730116483152,0.75,0.00296340146082947,0.417184014242159
3.30850000000003e-07,1.20730134912098,0.75,0.00296340143514071,0.417184014906957
3.30950000000003e-07,1.20730153157698,0.75,0.00296340146092404,0.417184015564422
3.31050000000002e-07,1.20730171221775,0.75,0.00296340143527158,0.417184016216069
3.31150000000002e-07,1.20730189106135,0.75,0.0029634014610164,0.417184016860505
3.31250000000002e-07,1.20730206812565,0.75,0.0029634014354002,0.417184017499262
3.31350000000003e-07,1.20730224342838,0.75,0.00296340146110659,0.417184018130928
3.31450000000003e-07,1.20730241698703,0.75,0.00296340143552661,0.417184018757049
3.31550000000003e-07,1.20730258881898,0.75,0.00296340146119466,0.417184019376198
3.31650000000003e-07,1.20730275894139,0.75,0.00296340143565087,0.417184019989933
3.31750000000003e-07,1.20730292737128,0.75,0.00296340146128063,0.417184020596814
3.31850000000003e-07,1.20730309412549,0.75,0.00296340143577301,0.417184021198408
3.31950000000003e-07,1.20730325922068,0.75,0.00296340146136456,0.417184021793263
3.32050000000003e-07,1.20730342267336,0.75,0.00296340143589307,0.417184022382956
3.32150000000003e-07,1.20730358449988,0.75,0.00296340146144649,0.417184022966024
3.32250000000003e-07,1.2073037447164,0.75,0.00296340143601109,0.417184023544052
3.32350000000003e-07,1.20730390333895,0.75,0.00296340146152646,0.417184024115567
3.32450000000003e-07,1.20730406038339,0.75,0.00296340143612712,0.417184024682159
3.32550000000003e-07,1.20730421586542,0.75,0.0029634014616045,0.417184025242349
3.32650000000003e-07,1.20730436980057,0.75,0.00296340143624119,0.417184025797733
3.32750000000003e-07,1.20730452220425,0.75,0.00296340146168066,0.417184026346823
3.32850000000003e-07,1.20730467309169,0.75,0.00296340143635334,0.417184026891219
3.32950000000003e-07,1.20730482247796,0.75,0.00296340146175498,0.41718402742943
3.33050000000003e-07,1.20730497037802,0.75,0.00296340143646361,0.417184027963056
3.33150000000003e-07,1.20730511680664,0.75,0.00296340146182748,0.417184028490602
3.33250000000003e-07,1.20730526177845,0.75,0.00296340143657203,0.417184029013673
3.33350000000003e-07,1.20730540530797,0.75,0.00296340146189821,0.417184029530764
3.33450000000003e-07,1.20730554740953,0.75,0.00296340143667865,0.417184030043487
3.33550000000003e-07,1.20730568809734,0.75,0.0029634014619672,0.417184030550333
3.33650000000003e-07,1.20730582738547,0.75,0.00296340143678349,0.417184031052913
3.33750000000003e-07,1.20730596528783,0.75,0.00296340146203449,0.417184031549716
3.33850000000003e-07,1.20730610181823,0.75,0.00296340143688659,0.417184032042354
3.33950000000003e-07,1.20730623699031,0.75,0.00296340146210011,0.417184032529312
3.34050000000003e-07,1.20730637081758,0.75,0.00296340143698799,0.417184033012205
3.34150000000003e-07,1.20730650331341,0.75,0.00296340146216409,0.417184033489513
3.34250000000003e-07,1.20730663449107,0.75,0.00296340143708771,0.417184033962853
3.34350000000003e-07,1.20730676436366,0.75,0.00296340146222648,0.417184034430704
3.34450000000003e-07,1.20730689294416,0.75,0.0029634014371858,0.417184034894681
3.34550000000003e-07,1.20730702024544,0.75,0.00296340146228729,0.41718403535326
3.34650000000003e-07,1.20730714628021,0.75,0.00296340143728228,0.417184035808059
3.34750000000003e-07,1.20730727106108,0.75,0.00296340146234656,0.417184036257552
3.34850000000003e-07,1.20730739460052,0.75,0.00296340143737718,0.417184036703353
3.34950000000003e-07,1.20730751691089,0.75,0.00296340146240433,0.417184037143938
3.35050000000003e-07,1.2073076380044,0.75,0.00296340143747053,0.417184037580922
3.35150000000003e-07,1.20730775789318,0.75,0.00296340146246062,0.417184038012776
3.35250000000003e-07,1.2073078765892,0.75,0.00296340143756238,0.417184038441116
3.35350000000003e-07,1.20730799410432,0.75,0.00296340146251546,0.417184038864412
3.35450000000003e-07,1.20730811045031,0.75,0.00296340143765274,0.417184039284279
3.35550000000003e-07,1.20730822563879,0.75,0.00296340146256889,0.417184039699186
3.35650000000003e-07,1.20730833968127,0.75,0.00296340143774164,0.417184040110749
3.35750000000003e-07,1.20730845258916,0.75,0.00296340146262092,0.417184040517434
3.35850000000003e-07,1.20730856437374,0.75,0.00296340143782911,0.417184040920855
3.35950000000003e-07,1.2073086750462,0.75,0.00296340146267159,0.417184041319481
3.36050000000003e-07,1.20730878461759,0.75,0.00296340143791518,0.417184041714922
3.36150000000003e-07,1.20730889309887,0.75,0.00296340146272094,0.417184042105648
3.36250000000003e-07,1.20730900050089,0.75,0.00296340143799988,0.417184042493268
3.36350000000003e-07,1.20730910683438,0.75,0.00296340146276896,0.41718404287625
3.36450000000003e-07,1.20730921210996,0.75,0.00296340143808323,0.417184043256203
3.36550000000003e-07,1.20730931633818,0.75,0.00296340146281571,0.417184043631595
3.36650000000003e-07,1.20730941952945,0.75,0.00296340143816526,0.417184044004034
3.36750000000003e-07,1.20730952169408,0.75,0.0029634014628612,0.417184044371986
3.36850000000003e-07,1.20730962284229,0.75,0.002963401438246,0.417184044737058
3.36950000000003e-07,1.20730972298419,0.75,0.00296340146290547,0.417184045097717
3.37050000000003e-07,1.20730982212979,0.75,0.00296340143832546,0.417184045455569
3.37150000000003e-07,1.20730992028901,0.75,0.00296340146294853,0.41718404580908
3.37250000000003e-07,1.20731001747165,0.75,0.00296340143840369,0.417184046159854
3.37350000000003e-07,1.20731011368744,0.75,0.00296340146299041,0.417184046506359
3.37450000000003e-07,1.20731020894599,0.75,0.00296340143848069,0.417184046850196
3.37550000000003e-07,1.20731030325683,0.75,0.00296340146303113,0.417184047189833
3.37650000000003e-07,1.20731039662938,0.75,0.00296340143855649,0.417184047526869
3.37750000000003e-07,1.20731048907298,0.75,0.00296340146307072,0.417184047859775
3.37850000000003e-07,1.20731058059687,0.75,0.00296340143863112,0.417184048190145
3.37950000000003e-07,1.2073106712102,0.75,0.00296340146310919,0.417184048516453
3.38050000000003e-07,1.20731076092204,0.75,0.0029634014387046,0.41718404884029
3.38150000000003e-07,1.20731084974134,0.75,0.00296340146314658,0.417184049160129
3.38250000000003e-07,1.20731093767699,0.75,0.00296340143877695,0.417184049477562
3.38350000000003e-07,1.20731102473778,0.75,0.00296340146318291,0.417184049791062
3.38450000000003e-07,1.20731111093242,0.75,0.0029634014388482,0.417184050102217
3.38550000000003e-07,1.20731119626952,0.75,0.00296340146321819,0.417184050409503
3.38650000000003e-07,1.20731128075761,0.75,0.00296340143891835,0.417184050714504
3.38750000000003e-07,1.20731136440514,0.75,0.00296340146325244,0.417184051015699
3.38850000000003e-07,1.20731144722048,0.75,0.00296340143898745,0.417184051314669
3.38950000000003e-07,1.20731152921189,0.75,0.00296340146328569,0.417184051609893
3.39050000000003e-07,1.20731161038759,0.75,0.0029634014390555,0.417184051902952
3.39150000000003e-07,1.20731169075568,0.75,0.00296340146331796,0.417184052192324
3.39250000000003e-07,1.2073117703242,0.75,0.00296340143912253,0.417184052479587
3.39350000000003e-07,1.2073118491011,0.75,0.00296340146334927,0.417184052763223
3.39450000000003e-07,1.20731192709426,0.75,0.00296340143918855,0.417184053044806
3.39550000000003e-07,1.20731200431148,0.75,0.00296340146337964,0.417184053322818
3.39650000000003e-07,1.20731208076048,0.75,0.00296340143925359,0.417184053598834
3.39750000000003e-07,1.20731215644889,0.75,0.00296340146340908,0.417184053871335
3.39850000000003e-07,1.2073122313843,0.75,0.00296340143931766,0.417184054141893
3.39950000000003e-07,1.20731230557418,0.75,0.00296340146343762,0.417184054408991
3.40050000000003e-07,1.20731237902595,0.75,0.00296340143938079,0.4171840546742
3.40150000000003e-07,1.20731245174697,0.75,0.00296340146346526,0.417184054936003
3.40250000000003e-07,1.20731252374449,0.75,0.00296340143944298,0.417184055195968
3.40350000000003e-07,1.20731259502572,0.75,0.00296340146349205,0.417184055452581
3.40450000000003e-07,1.20731266559778,0.75,0.00296340143950427,0.417184055707406
3.40550000000003e-07,1.20731273546773,0.75,0.00296340146351797,0.41718405595893
3.40650000000003e-07,1.20731280464255,0.75,0.00296340143956467,0.417184056208717
3.40750000000003e-07,1.20731287312917,0.75,0.00296340146354307,0.417184056455255
3.40850000000003e-07,1.20731294093442,0.75,0.00296340143962419,0.417184056700103
3.40950000000003e-07,1.20731300806508,0.75,0.00296340146356735,0.417184056941754
3.41050000000003e-07,1.20731307452787,0.75,0.00296340143968284,0.417184057181761
3.41150000000003e-07,1.20731314032944,0.75,0.00296340146359083,0.41718405741862
3.41250000000003e-07,1.20731320547635,0.75,0.00296340143974066,0.417184057653882
3.41350000000003e-07,1.20731326997512,0.75,0.00296340146361353,0.417184057886045
3.41450000000003e-07,1.20731333383221,0.75,0.00296340143979765,0.417184058116657
3.41550000000003e-07,1.20731339705399,0.75,0.00296340146363545,0.417184058344215
3.41650000000003e-07,1.20731345964678,0.75,0.00296340143985384,0.417184058570268
3.41750000000003e-07,1.20731352161685,0.75,0.00296340146365663,0.417184058793314
3.41850000000003e-07,1.20731358297039,0.75,0.00296340143990922,0.417184059014899
3.41950000000003e-07,1.20731364371353,0.75,0.00296340146367707,0.417184059233521
3.42050000000003e-07,1.20731370385234,0.75,0.00296340143996383,0.417184059450726
3.42150000000003e-07,1.20731376339284,0.75,0.00296340146369679,0.417184059665014
3.42250000000003e-07,1.20731382234098,0.75,0.00296340144001768,0.417184059877925
3.42350000000003e-07,1.20731388070266,0.75,0.00296340146371581,0.417184060087963
3.42450000000003e-07,1.2073139384837,0.75,0.00296340144007076,0.417184060296666
3.42550000000003e-07,1.20731399568989,0.75,0.00296340146373412,0.417184060502538
3.42650000000003e-07,1.20731405232694,0.75,0.00296340144012312,0.417184060707116
3.42750000000003e-07,1.20731410840051,0.75,0.00296340146375176,0.417184060908905
3.42850000000003e-07,1.20731416391622,0.75,0.00296340144017476,0.41718406110944
3.42950000000003e-07,1.20731421887961,0.75,0.00296340146376874,0.417184061307227
3.43050000000003e-07,1.20731427329618,0.75,0.00296340144022569,0.417184061503798
3.43150000000003e-07,1.20731432717136,0.75,0.00296340146378507,0.417184061697662
3.43250000000003e-07,1.20731438051055,0.75,0.00296340144027592,0.417184061890348
3.43350000000004e-07,1.20731443331907,0.75,0.00296340146380075,0.417184062080367
3.43450000000004e-07,1.20731448560221,0.75,0.00296340144032548,0.417184062269245
3.43550000000004e-07,1.20731453736519,0.75,0.00296340146381581,0.417184062455496
3.43650000000003e-07,1.20731458861319,0.75,0.00296340144037436,0.417184062640641
3.43750000000003e-07,1.20731463935133,0.75,0.00296340146383027,0.417184062823197
3.43850000000003e-07,1.20731468958468,0.75,0.0029634014404226,0.417184063004683
3.43950000000004e-07,1.20731473931827,0.75,0.00296340146384412,0.417184063183618
3.44050000000004e-07,1.20731478855706,0.75,0.00296340144047018,0.417184063361518
3.44150000000004e-07,1.20731483730599,0.75,0.00296340146385739,0.417184063536903
3.44250000000004e-07,1.20731488556992,0.75,0.00296340144051715,0.417184063711288
3.44350000000003e-07,1.20731493335368,0.75,0.00296340146387008,0.417184063883193
3.44450000000003e-07,1.20731498066204,0.75,0.00296340144056348,0.417184064054133
3.44550000000003e-07,1.20731502749974,0.75,0.00296340146388221,0.417184064222628
3.44650000000004e-07,1.20731507387146,0.75,0.00296340144060922,0.41718406439019
3.44750000000004e-07,1.20731511978183,0.75,0.00296340146389379,0.417184064555342
3.44850000000004e-07,1.20731516523545,0.75,0.00296340144065436,0.417184064719593
3.44950000000004e-07,1.20731521023685,0.75,0.00296340146390482,0.417184064881469
3.45050000000004e-07,1.20731525479055,0.75,0.00296340144069892,0.417184065042475
3.45150000000004e-07,1.20731529890098,0.75,0.00296340146391533,0.417184065201138
3.45250000000004e-07,1.20731534257256,0.75,0.0029634014407429,0.417184065358964
3.45350000000004e-07,1.20731538580967,0.75,0.00296340146392533,0.41718406551448
3.45450000000004e-07,1.20731542861661,0.75,0.00296340144078633,0.417184065669187
3.45550000000004e-07,1.20731547099767,0.75,0.00296340146393481,0.417184065821616
3.45650000000004e-07,1.20731551295709,0.75,0.0029634014408292,0.417184065973268
3.45750000000004e-07,1.20731555449906,0.75,0.0029634014639438,0.417184066122673
3.45850000000004e-07,1.20731559562774,0.75,0.00296340144087153,0.417184066271328
3.45950000000004e-07,1.20731563634723,0.75,0.0029634014639523,0.417184066417768
3.46050000000004e-07,1.20731567666161,0.75,0.00296340144091333,0.417184066563487
3.46150000000004e-07,1.20731571657491,0.75,0.00296340146396033,0.417184066707021
3.46250000000004e-07,1.20731575609111,0.75,0.00296340144095462,0.417184066849862
3.46350000000004e-07,1.20731579521418,0.75,0.00296340146396789,0.417184066990548
3.46450000000004e-07,1.20731583394801,0.75,0.00296340144099539,0.417184067130567
3.46550000000004e-07,1.20731587229649,0.75,0.00296340146397499,0.41718406726846
3.46650000000004e-07,1.20731591026344,0.75,0.00296340144103566,0.417184067405714
3.46750000000004e-07,1.20731594785267,0.75,0.00296340146398165,0.417184067540871
3.46850000000004e-07,1.20731598506792,0.75,0.00296340144107544,0.417184067675414
3.46950000000004e-07,1.20731602191293,0.75,0.00296340146398786,0.417184067807888
3.47050000000004e-07,1.20731605839137,0.75,0.00296340144111474,0.417184067939774
3.47150000000004e-07,1.20731609450689,0.75,0.00296340146399365,0.417184068069619
3.47250000000004e-07,1.20731613026311,0.75,0.00296340144115356,0.4171840681989
3.47350000000004e-07,1.20731616566358,0.75,0.00296340146399902,0.417184068326167
3.47450000000004e-07,1.20731620071187,0.75,0.00296340144119193,0.417184068452896
3.47550000000004e-07,1.20731623541147,0.75,0.00296340146400398,0.417184068577636
3.47650000000004e-07,1.20731626976584,0.75,0.00296340144122984,0.417184068701863
3.47750000000004e-07,1.20731630377842,0.75,0.00296340146400853,0.417184068824127
3.47850000000004e-07,1.20731633745263,0.75,0.0029634014412673,0.4171840689459
3.47950000000004e-07,1.2073163707918,0.75,0.0029634014640127,0.417184069065737
3.48050000000004e-07,1.2073164037993,0.75,0.00296340144130432,0.417184069185107
3.48150000000004e-07,1.2073164364784,0.75,0.00296340146401647,0.417184069302564
3.48250000000004e-07,1.20731646883239,0.75,0.00296340144134092,0.417184069419576
3.48350000000004e-07,1.20731650086449,0.75,0.00296340146401987,0.417184069534701
3.48450000000004e-07,1.20731653257791,0.75,0.00296340144137709,0.417184069649404
3.48550000000004e-07,1.20731656397582,0.75,0.0029634014640229,0.417184069762243
3.48650000000004e-07,1.20731659506135,0.75,0.00296340144141285,0.417184069874682
3.48750000000004e-07,1.20731662583762,0.75,0.00296340146402556,0.41718406998528
3.48850000000004e-07,1.20731665630769,0.75,0.0029634014414482,0.417184070095499
3.48950000000004e-07,1.20731668647463,0.75,0.00296340146402788,0.417184070203901
3.49050000000004e-07,1.20731671634144,0.75,0.00296340144148315,0.417184070311944
3.49150000000004e-07,1.20731674591111,0.75,0.00296340146402984,0.417184070418193
3.49250000000004e-07,1.20731677518659,0.75,0.00296340144151771,0.417184070524104
3.49350000000004e-07,1.20731680417082,0.75,0.00296340146403147,0.417184070628243
3.49450000000004e-07,1.20731683286668,0.75,0.00296340144155189,0.417184070732064
3.49550000000004e-07,1.20731686127706,0.75,0.00296340146403276,0.417184070834135
3.49650000000004e-07,1.20731688940478,0.75,0.00296340144158569,0.417184070935906
3.49750000000004e-07,1.20731691725267,0.75,0.00296340146403373,0.417184071035949
3.49850000000004e-07,1.2073169448235,0.75,0.00296340144161913,0.417184071135712
3.49950000000004e-07,1.20731697212003,0.75,0.00296340146403438,0.417184071233768
3.50050000000004e-07,1.20731699914499,0.75,0.00296340144165219,0.417184071331563
3.50150000000004e-07,1.20731702590109,0.75,0.00296340146403471,0.417184071427671
3.50250000000004e-07,1.20731705239099,0.75,0.00296340144168491,0.417184071523536
3.50350000000004e-07,1.20731707861735,0.75,0.00296340146403474,0.417184071617734
3.50450000000004e-07,1.20731710458278,0.75,0.00296340144171727,0.417184071711708
3.50550000000004e-07,1.20731713028989,0.75,0.00296340146403447,0.417184071804034
3.50650000000004e-07,1.20731715574125,0.75,0.0029634014417493,0.417184071896154
3.50750000000004e-07,1.20731718093939,0.75,0.00296340146403392,0.417184071986647
3.50850000000004e-07,1.20731720588683,0.75,0.00296340144178098,0.417184072076949
3.50950000000004e-07,1.20731723058608,0.75,0.00296340146403307,0.417184072165643
3.51050000000004e-07,1.2073172550396,0.75,0.00296340144181234,0.417184072254164
3.51150000000004e-07,1.20731727924984,0.75,0.00296340146403194,0.417184072341095
3.51250000000004e-07,1.20731730321921,0.75,0.00296340144184337,0.41718407242787
3.51350000000004e-07,1.20731732695011,0.75,0.00296340146403054,0.417184072513074
3.51450000000004e-07,1.20731735044492,0.75,0.00296340144187408,0.417184072598138
3.51550000000004e-07,1.20731737370598,0.75,0.00296340146402887,0.417184072681648
3.51650000000004e-07,1.20731739673562,0.75,0.00296340144190448,0.417184072765034
3.51750000000004e-07,1.20731741953614,0.75,0.00296340146402694,0.417184072846885
3.51850000000004e-07,1.20731744210983,0.75,0.00296340144193458,0.417184072928626
3.51950000000004e-07,1.20731746445893,0.75,0.00296340146402476,0.417184073008849
3.52050000000004e-07,1.20731748658568,0.75,0.00296340144196437,0.417184073088978
3.52150000000004e-07,1.20731750849229,0.75,0.00296340146402231,0.417184073167607
3.52250000000004e-07,1.20731753018096,0.75,0.00296340144199386,0.417184073246156
3.52350000000004e-07,1.20731755165386,0.75,0.00296340146401963,0.417184073323222
3.52450000000004e-07,1.20731757291312,0.75,0.00296340144202307,0.417184073400223
3.52550000000004e-07,1.20731759396087,0.75,0.0029634014640167,0.417184073475756
3.52650000000004e-07,1.20731761479923,0.75,0.00296340144205199,0.417184073551239
3.52750000000004e-07,1.20731763543027,0.75,0.00296340146401354,0.41718407362527
3.52850000000004e-07,1.20731765585605,0.75,0.00296340144208064,0.417184073699265
3.52950000000004e-07,1.20731767607862,0.75,0.00296340146401015,0.417184073771824
3.53050000000004e-07,1.2073176961,0.75,0.00296340144210901,0.41718407384436
3.53150000000004e-07,1.20731771592218,0.75,0.00296340146400653,0.417184073915476
3.53250000000004e-07,1.20731773554716,0.75,0.00296340144213711,0.417184073986583
3.53350000000004e-07,1.20731775497689,0.75,0.00296340146400269,0.417184074056284
3.53450000000004e-07,1.20731777421332,0.75,0.00296340144216494,0.41718407412599
3.53550000000004e-07,1.20731779325837,0.75,0.00296340146399864,0.417184074194304
3.53650000000004e-07,1.20731781211394,0.75,0.00296340144219252,0.417184074262636
3.53750000000004e-07,1.20731783078193,0.75,0.00296340146399437,0.417184074329592
3.53850000000004e-07,1.20731784926418,0.75,0.00296340144221984,0.417184074396577
3.53950000000004e-07,1.20731786756256,0.75,0.0029634014639899,0.417184074462201
3.54050000000004e-07,1.20731788567889,0.75,0.00296340144224691,0.417184074527866
3.54150000000004e-07,1.20731790361498,0.75,0.00296340146398523,0.417184074592185
3.54250000000004e-07,1.20731792137263,0.75,0.00296340144227374,0.417184074656556
3.54350000000004e-07,1.20731793895361,0.75,0.00296340146398036,0.417184074719595
3.54450000000004e-07,1.20731795635968,0.75,0.00296340144230032,0.417184074782698
3.54550000000004e-07,1.20731797359258,0.75,0.00296340146397529,0.417184074844482
3.54650000000004e-07,1.20731799065404,0.75,0.00296340144232667,0.417184074906343
3.54750000000004e-07,1.20731800754575,0.75,0.00296340146397004,0.417184074966897
3.54850000000004e-07,1.20731802426941,0.75,0.00296340144235279,0.41718407502754
3.54950000000004e-07,1.20731804082668,0.75,0.0029634014639646,0.417184075086889
3.55050000000004e-07,1.20731805721923,0.75,0.00296340144237867,0.417184075146337
3.55150000000004e-07,1.20731807344869,0.75,0.00296340146395898,0.417184075204505
3.55250000000004e-07,1.20731808951669,0.75,0.00296340144240433,0.417184075262782
3.55350000000004e-07,1.20731810542483,0.75,0.00296340146395318,0.417184075319792
3.55450000000004e-07,1.2073181211747,0.75,0.00296340144242978,0.417184075376921
3.55550000000004e-07,1.20731813676788,0.75,0.00296340146394722,0.417184075432796
3.55650000000004e-07,1.20731815220593,0.75,0.002963401442455,0.417184075488801
3.55750000000004e-07,1.20731816749038,0.75,0.00296340146394108,0.417184075543563
3.55850000000004e-07,1.20731818262277,0.75,0.00296340144248001,0.417184075598465
3.55950000000004e-07,1.20731819760461,0.75,0.00296340146393478,0.417184075652137
3.56050000000004e-07,1.2073182124374,0.75,0.00296340144250481,0.417184075705959
3.56150000000004e-07,1.20731822712262,0.75,0.00296340146392832,0.417184075758561
3.56250000000004e-07,1.20731824166173,0.75,0.00296340144252941,0.417184075811324
3.56350000000004e-07,1.2073182560562,0.75,0.0029634014639217,0.417184075862879
3.56450000000004e-07,1.20731827030746,0.75,0.00296340144255381,0.417184075914603
3.56550000000004e-07,1.20731828441694,0.75,0.00296340146391492,0.417184075965131
3.56650000000005e-07,1.20731829838605,0.75,0.00296340144257802,0.417184076015837
3.56750000000005e-07,1.20731831221617,0.75,0.00296340146390799,0.417184076065358
3.56850000000005e-07,1.20731832590871,0.75,0.00296340144260201,0.417184076115067
3.56950000000004e-07,1.20731833946501,0.75,0.00296340146390092,0.417184076163602
3.57050000000004e-07,1.20731835288645,0.75,0.00296340144262583,0.417184076212333
3.57150000000004e-07,1.20731836617436,0.75,0.0029634014638937,0.4171840762599
3.57250000000004e-07,1.20731837933008,0.75,0.00296340144264946,0.417184076307672
3.57350000000005e-07,1.2073183923549,0.75,0.00296340146388634,0.417184076354291
3.57450000000005e-07,1.20731840525015,0.75,0.0029634014426729,0.417184076401124
3.57550000000005e-07,1.2073184180171,0.75,0.00296340146387884,0.417184076446814
3.57650000000004e-07,1.20731843065703,0.75,0.00296340144269616,0.417184076492726
3.57750000000004e-07,1.20731844317122,0.75,0.00296340146387121,0.417184076537505
3.57850000000004e-07,1.2073184555609,0.75,0.00296340144271925,0.417184076582514
3.57950000000005e-07,1.20731846782731,0.75,0.00296340146386345,0.417184076626401
3.58050000000005e-07,1.20731847997169,0.75,0.00296340144274216,0.417184076670524
3.58150000000005e-07,1.20731849199525,0.75,0.00296340146385556,0.417184076713535
3.58250000000005e-07,1.20731850389919,0.75,0.0029634014427649,0.417184076756792
3.58350000000005e-07,1.20731851568469,0.75,0.00296340146384754,0.417184076798945
3.58450000000005e-07,1.20731852735295,0.75,0.00296340144278746,0.417184076841352
3.58550000000005e-07,1.20731853890511,0.75,0.0029634014638394,0.417184076882665
3.58650000000005e-07,1.20731855034235,0.75,0.00296340144280987,0.417184076924238
3.58750000000005e-07,1.2073185616658,0.75,0.00296340146383114,0.417184076964727
3.58850000000005e-07,1.20731857287659,0.75,0.0029634014428321,0.417184077005483
3.58950000000005e-07,1.20731858397585,0.75,0.00296340146382277,0.417184077045163
3.59050000000005e-07,1.20731859496469,0.75,0.00296340144285419,0.417184077085119
3.59150000000005e-07,1.2073186058442,0.75,0.00296340146381427,0.417184077124008
3.59250000000005e-07,1.20731861661547,0.75,0.00296340144287611,0.417184077163178
3.59350000000005e-07,1.20731862727957,0.75,0.00296340146380567,0.417184077201291
3.59450000000005e-07,1.20731863783759,0.75,0.00296340144289788,0.417184077239692
3.59550000000005e-07,1.20731864829056,0.75,0.00296340146379696,0.417184077277044
3.59650000000005e-07,1.20731865863953,0.75,0.00296340144291949,0.417184077314691
3.59750000000005e-07,1.20731866888555,0.75,0.00296340146378814,0.417184077351298
3.59850000000005e-07,1.20731867902963,0.75,0.00296340144294096,0.417184077388205
3.59950000000005e-07,1.20731868907279,0.75,0.00296340146377922,0.417184077424081
3.60050000000005e-07,1.20731869901603,0.75,0.00296340144296228,0.417184077460264
3.60150000000005e-07,1.20731870886034,0.75,0.0029634014637702,0.417184077495423
3.60250000000005e-07,1.20731871860672,0.75,0.00296340144298346,0.417184077530896
3.60350000000005e-07,1.20731872825613,0.75,0.00296340146376108,0.417184077565353
3.60450000000005e-07,1.20731873780954,0.75,0.00296340144300449,0.41718407760013
3.60550000000005e-07,1.20731874726791,0.75,0.00296340146375186,0.417184077633899
3.60650000000005e-07,1.20731875663217,0.75,0.00296340144302539,0.417184077667993
3.60750000000005e-07,1.20731876590327,0.75,0.00296340146374255,0.417184077701087
3.60850000000005e-07,1.20731877508214,0.75,0.00296340144304615,0.417184077734512
3.60950000000005e-07,1.20731878416968,0.75,0.00296340146373314,0.417184077766945
3.61050000000005e-07,1.20731879316681,0.75,0.00296340144306677,0.417184077799714
3.61150000000005e-07,1.20731880207444,0.75,0.00296340146372365,0.417184077831499
3.61250000000005e-07,1.20731881089344,0.75,0.00296340144308726,0.417184077863625
3.61350000000005e-07,1.2073188196247,0.75,0.00296340146371406,0.417184077894774
3.61450000000005e-07,1.2073188282691,0.75,0.00296340144310762,0.417184077926271
3.61550000000005e-07,1.20731883682749,0.75,0.00296340146370439,0.417184077956798
3.61650000000005e-07,1.20731884530074,0.75,0.00296340144312786,0.417184077987677
3.61750000000005e-07,1.20731885368969,0.75,0.00296340146369465,0.417184078017593
3.61850000000005e-07,1.20731886199518,0.75,0.00296340144314796,0.417184078047867
3.61950000000005e-07,1.20731887021804,0.75,0.00296340146368481,0.417184078077184
3.62050000000005e-07,1.20731887835909,0.75,0.00296340144316794,0.417184078106865
3.62150000000005e-07,1.20731888641915,0.75,0.0029634014636749,0.417184078135596
3.62250000000005e-07,1.20731889439901,0.75,0.00296340144318781,0.417184078164695
3.62350000000005e-07,1.20731890229949,0.75,0.00296340146366491,0.417184078192851
3.62450000000005e-07,1.20731891012137,0.75,0.00296340144320755,0.41718407822138
3.62550000000005e-07,1.20731891786543,0.75,0.00296340146365484,0.417184078248973
3.62650000000005e-07,1.20731892553244,0.75,0.00296340144322717,0.417184078276943
3.62750000000005e-07,1.20731893312318,0.75,0.00296340146364471,0.417184078303984
3.62850000000005e-07,1.2073189406384,0.75,0.00296340144324668,0.417184078331406
3.62950000000005e-07,1.20731894807884,0.75,0.0029634014636345,0.417184078357905
3.63050000000005e-07,1.20731895544527,0.75,0.00296340144326607,0.41718407838479
3.63150000000005e-07,1.20731896273841,0.75,0.00296340146362421,0.417184078410759
3.63250000000005e-07,1.20731896995899,0.75,0.00296340144328535,0.417184078437118
3.63350000000005e-07,1.20731897710773,0.75,0.00296340146361387,0.417184078462566
3.63450000000005e-07,1.20731898418535,0.75,0.00296340144330453,0.417184078488409
3.63550000000005e-07,1.20731899119255,0.75,0.00296340146360345,0.417184078513347
3.63650000000005e-07,1.20731899813004,0.75,0.00296340144332359,0.417184078538685
3.63750000000005e-07,1.20731900499852,0.75,0.00296340146359297,0.417184078563124
3.63850000000005e-07,1.20731901179866,0.75,0.00296340144334255,0.417184078587966
3.63950000000005e-07,1.20731901853114,0.75,0.00296340146358243,0.417184078611915
3.64050000000005e-07,1.20731902519665,0.75,0.00296340144336139,0.417184078636271
3.64150000000005e-07,1.20731903179584,0.75,0.00296340146357183,0.41718407865974
3.64250000000005e-07,1.20731903832937,0.75,0.00296340144338015,0.417184078683619
3.64350000000005e-07,1.20731904479791,0.75,0.00296340146356116,0.417184078706617
3.64450000000005e-07,1.20731905120209,0.75,0.00296340144339879,0.41718407873003
3.64550000000005e-07,1.20731905754255,0.75,0.00296340146355044,0.417184078752567
3.64650000000005e-07,1.20731906381994,0.75,0.00296340144341734,0.417184078775522
3.64750000000005e-07,1.20731907003487,0.75,0.00296340146353966,0.417184078797607
3.64850000000005e-07,1.20731907618797,0.75,0.00296340144343578,0.417184078820114
3.64950000000005e-07,1.20731908227986,0.75,0.00296340146352883,0.417184078841755
3.65050000000005e-07,1.20731908831114,0.75,0.00296340144345413,0.417184078863822
3.65150000000005e-07,1.20731909428241,0.75,0.00296340146351794,0.417184078885029
3.65250000000005e-07,1.20731910019428,0.75,0.00296340144347239,0.417184078906666
3.65350000000005e-07,1.20731910604733,0.75,0.002963401463507,0.417184078927447
3.65450000000005e-07,1.20731911184214,0.75,0.00296340144349055,0.417184078948661
3.65550000000005e-07,1.20731911757931,0.75,0.00296340146349601,0.417184078969025
3.65650000000005e-07,1.2073191232594,0.75,0.00296340144350862,0.417184078989824
3.65750000000005e-07,1.20731912888298,0.75,0.00296340146348497,0.417184079009779
3.65850000000005e-07,1.20731913445061,0.75,0.0029634014435266,0.417184079030173
3.65950000000005e-07,1.20731913996284,0.75,0.00296340146347388,0.417184079049727
3.66050000000005e-07,1.20731914542024,0.75,0.00296340144354449,0.417184079069722
3.66150000000005e-07,1.20731915082334,0.75,0.00296340146346275,0.417184079088883
3.66250000000005e-07,1.20731915617269,0.75,0.00296340144356229,0.417184079108489
3.66350000000005e-07,1.20731916146882,0.75,0.00296340146345157,0.417184079127265
3.66450000000005e-07,1.20731916671226,0.75,0.00296340144358,0.417184079146488
3.66550000000005e-07,1.20731917190353,0.75,0.00296340146344035,0.417184079164886
3.66650000000005e-07,1.20731917704315,0.75,0.00296340144359763,0.417184079183735
3.66750000000005e-07,1.20731918213164,0.75,0.00296340146342908,0.417184079201763
3.66850000000005e-07,1.20731918716951,0.75,0.00296340144361517,0.417184079220244
3.66950000000005e-07,1.20731919215726,0.75,0.00296340146341777,0.41718407923791
3.67050000000005e-07,1.20731919709538,0.75,0.00296340144363263,0.417184079256031
3.67150000000005e-07,1.20731920198437,0.75,0.00296340146340642,0.417184079273341
3.67250000000005e-07,1.20731920682473,0.75,0.00296340144365001,0.417184079291109
3.67350000000005e-07,1.20731921161692,0.75,0.00296340146339503,0.41718407930807
3.67450000000005e-07,1.20731921636145,0.75,0.00296340144366731,0.417184079325492
3.67550000000005e-07,1.20731922105876,0.75,0.00296340146338361,0.417184079342112
3.67650000000005e-07,1.20731922570935,0.75,0.00296340144368453,0.417184079359195
3.67750000000005e-07,1.20731923031367,0.75,0.00296340146337215,0.41718407937548
3.67850000000005e-07,1.20731923487218,0.75,0.00296340144370167,0.41718407939223
3.67950000000005e-07,1.20731923938533,0.75,0.00296340146336065,0.417184079408187
3.68050000000005e-07,1.20731924385359,0.75,0.00296340144371874,0.417184079424611
3.68150000000005e-07,1.2073192482774,0.75,0.00296340146334912,0.417184079440246
3.68250000000005e-07,1.20731925265719,0.75,0.00296340144373573,0.417184079456352
3.68350000000005e-07,1.2073192569934,0.75,0.00296340146333755,0.417184079471672
3.68450000000005e-07,1.20731926128648,0.75,0.00296340144375264,0.417184079487464
3.68550000000005e-07,1.20731926553685,0.75,0.00296340146332595,0.417184079502474
3.68650000000005e-07,1.20731926974493,0.75,0.00296340144376948,0.417184079517959
3.68750000000005e-07,1.20731927391114,0.75,0.00296340146331431,0.417184079532667
3.68850000000005e-07,1.2073192780359,0.75,0.00296340144378625,0.417184079547852
3.68950000000005e-07,1.20731928211963,0.75,0.00296340146330266,0.417184079562262
3.69050000000005e-07,1.20731928616273,0.75,0.00296340144380295,0.417184079577152
3.69150000000005e-07,1.20731929016561,0.75,0.00296340146329096,0.417184079591272
3.69250000000005e-07,1.20731929412866,0.75,0.00296340144381958,0.417184079605872
3.69350000000005e-07,1.20731929805228,0.75,0.00296340146327924,0.417184079619706
3.69450000000005e-07,1.20731930193687,0.75,0.00296340144383614,0.417184079634023
3.69550000000005e-07,1.20731930578281,0.75,0.0029634014632675,0.417184079647578
3.69650000000005e-07,1.20731930959049,0.75,0.00296340144385262,0.417184079661618
3.69750000000005e-07,1.20731931336029,0.75,0.00296340146325572,0.417184079674898
3.69850000000005e-07,1.20731931709257,0.75,0.00296340144386905,0.417184079688665
3.69950000000006e-07,1.20731932078773,0.75,0.00296340146324392,0.417184079701678
3.70050000000006e-07,1.20731932444613,0.75,0.0029634014438854,0.417184079715178
3.70150000000006e-07,1.20731932806813,0.75,0.0029634014632321,0.417184079727926
3.70250000000005e-07,1.20731933165409,0.75,0.00296340144390169,0.417184079741165
3.70350000000005e-07,1.20731933520438,0.75,0.00296340146322025,0.417184079753655
3.70450000000005e-07,1.20731933871935,0.75,0.00296340144391792,0.417184079766638
3.70550000000005e-07,1.20731934219934,0.75,0.00296340146320838,0.417184079778875
3.70650000000006e-07,1.20731934564472,0.75,0.00296340144393408,0.417184079791606
3.70750000000006e-07,1.20731934905582,0.75,0.00296340146319648,0.417184079803596
3.70850000000006e-07,1.20731935243298,0.75,0.00296340144395018,0.41718407981608
3.70950000000005e-07,1.20731935577654,0.75,0.00296340146318456,0.417184079827827
3.71050000000005e-07,1.20731935908684,0.75,0.00296340144396622,0.41718407984007
3.71150000000005e-07,1.2073193623642,0.75,0.00296340146317263,0.417184079851579
3.71250000000006e-07,1.20731936560896,0.75,0.00296340144398219,0.417184079863585
3.71350000000006e-07,1.20731936882143,0.75,0.00296340146316067,0.417184079874859
3.71450000000006e-07,1.20731937200195,0.75,0.00296340144399811,0.417184079886634
3.71550000000006e-07,1.20731937515082,0.75,0.00296340146314869,0.41718407989768
3.71650000000006e-07,1.20731937826837,0.75,0.00296340144401397,0.417184079909226
3.71750000000006e-07,1.2073193813549,0.75,0.0029634014631367,0.417184079920048
3.71850000000006e-07,1.20731938441072,0.75,0.00296340144402976,0.417184079931372
3.71950000000006e-07,1.20731938743614,0.75,0.00296340146312469,0.417184079941974
3.72050000000006e-07,1.20731939043146,0.75,0.00296340144404551,0.417184079953079
3.72150000000006e-07,1.20731939339698,0.75,0.00296340146311266,0.417184079963465
3.72250000000006e-07,1.207319396333,0.75,0.00296340144406119,0.417184079974356
3.72350000000006e-07,1.2073193992398,0.75,0.00296340146310062,0.417184079984531
3.72450000000006e-07,1.20731940211769,0.75,0.00296340144407682,0.417184079995212
3.72550000000006e-07,1.20731940496695,0.75,0.00296340146308855,0.41718408000518
3.72650000000006e-07,1.20731940778786,0.75,0.00296340144409239,0.417184080015655
3.72750000000006e-07,1.2073194105807,0.75,0.00296340146307648,0.41718408002542
3.72850000000006e-07,1.20731941334576,0.75,0.00296340144410791,0.417184080035693
3.72950000000006e-07,1.20731941608331,0.75,0.00296340146306439,0.417184080045259
3.73050000000006e-07,1.20731941879362,0.75,0.00296340144412337,0.417184080055335
3.73150000000006e-07,1.20731942147697,0.75,0.00296340146305228,0.417184080064706
3.73250000000006e-07,1.20731942413362,0.75,0.00296340144413878,0.417184080074587
3.73350000000006e-07,1.20731942676384,0.75,0.00296340146304017,0.417184080083767
3.73450000000006e-07,1.2073194293679,0.75,0.00296340144415414,0.417184080093459
3.73550000000006e-07,1.20731943194604,0.75,0.00296340146302804,0.417184080102451
3.73650000000006e-07,1.20731943449854,0.75,0.00296340144416944,0.417184080111957
3.73750000000006e-07,1.20731943702565,0.75,0.0029634014630159,0.417184080120766
3.73850000000006e-07,1.20731943952761,0.75,0.0029634014441847,0.417184080130088
3.73950000000006e-07,1.20731944200468,0.75,0.00296340146300374,0.417184080138717
3.74050000000006e-07,1.2073194444571,0.75,0.0029634014441999,0.417184080147861
3.74150000000006e-07,1.20731944688513,0.75,0.00296340146299158,0.417184080156313
3.74250000000006e-07,1.207319449289,0.75,0.00296340144421505,0.417184080165281
3.74350000000006e-07,1.20731945166895,0.75,0.00296340146297941,0.417184080173562
3.74450000000006e-07,1.20731945402523,0.75,0.00296340144423015,0.417184080182357
3.74550000000006e-07,1.20731945635806,0.75,0.00296340146296723,0.417184080190467
3.74650000000006e-07,1.20731945866769,0.75,0.00296340144424521,0.417184080199095
3.74750000000006e-07,1.20731946095434,0.75,0.00296340146295504,0.417184080207039
3.74850000000006e-07,1.20731946321823,0.75,0.00296340144426022,0.417184080215501
3.74950000000006e-07,1.20731946545961,0.75,0.00296340146294284,0.417184080223283
3.75050000000006e-07,1.20731946767868,0.75,0.00296340144427518,0.417184080231582
3.75150000000006e-07,1.20731946987568,0.75,0.00296340146293063,0.417184080239205
3.75250000000006e-07,1.20731947205082,0.75,0.00296340144429008,0.417184080247346
3.75350000000006e-07,1.20731947420432,0.75,0.00296340146291841,0.417184080254811
3.75450000000006e-07,1.2073194763364,0.75,0.00296340144430495,0.417184080262797
3.75550000000006e-07,1.20731947844726,0.75,0.00296340146290619,0.417184080270109
3.75650000000006e-07,1.20731948053713,0.75,0.00296340144431977,0.417184080277942
3.75750000000006e-07,1.2073194826062,0.75,0.00296340146289397,0.417184080285104
3.75850000000006e-07,1.20731948465468,0.75,0.00296340144433455,0.417184080292787
3.75950000000006e-07,1.20731948668279,0.75,0.00296340146288173,0.417184080299802
3.76050000000006e-07,1.20731948869072,0.75,0.00296340144434927,0.417184080307338
3.76150000000006e-07,1.20731949067867,0.75,0.00296340146286949,0.417184080314209
3.76250000000006e-07,1.20731949264685,0.75,0.00296340144436396,0.417184080321601
3.76350000000006e-07,1.20731949459544,0.75,0.00296340146285725,0.417184080328331
3.76450000000006e-07,1.20731949652465,0.75,0.00296340144437861,0.417184080335582
3.76550000000006e-07,1.20731949843466,0.75,0.002963401462845,0.417184080342173
3.76650000000006e-07,1.20731950032567,0.75,0.0029634014443932,0.417184080349286
3.76750000000006e-07,1.20731950219787,0.75,0.00296340146283275,0.417184080355741
3.76850000000006e-07,1.20731950405144,0.75,0.00296340144440776,0.417184080362719
3.76950000000006e-07,1.20731950588658,0.75,0.00296340146282049,0.41718408036904
3.77050000000006e-07,1.20731950770345,0.75,0.00296340144442227,0.417184080375886
3.77150000000006e-07,1.20731950950225,0.75,0.00296340146280823,0.417184080382076
3.77250000000006e-07,1.20731951128315,0.75,0.00296340144443674,0.417184080388792
3.77350000000006e-07,1.20731951304633,0.75,0.00296340146279598,0.417184080394854
3.77450000000006e-07,1.20731951479197,0.75,0.00296340144445117,0.417184080401442
3.77550000000006e-07,1.20731951652025,0.75,0.00296340146278371,0.417184080407379
3.77650000000006e-07,1.20731951823133,0.75,0.00296340144446556,0.417184080413842
3.77750000000006e-07,1.20731951992539,0.75,0.00296340146277145,0.417184080419656
3.77850000000006e-07,1.20731952160259,0.75,0.00296340144447991,0.417184080425997
3.77950000000006e-07,1.20731952326311,0.75,0.00296340146275918,0.417184080431691
3.78050000000006e-07,1.2073195249071,0.75,0.00296340144449422,0.417184080437911
3.78150000000006e-07,1.20731952653475,0.75,0.00296340146274691,0.417184080443486
3.78250000000006e-07,1.20731952814619,0.75,0.00296340144450849,0.417184080449589
3.78350000000006e-07,1.20731952974161,0.75,0.00296340146273464,0.417184080455049
3.78450000000006e-07,1.20731953132115,0.75,0.00296340144452272,0.417184080461036
3.78550000000006e-07,1.20731953288498,0.75,0.00296340146272238,0.417184080466382
3.78650000000006e-07,1.20731953443325,0.75,0.00296340144453691,0.417184080472256
3.78750000000006e-07,1.20731953596612,0.75,0.0029634014627101,0.417184080477491
3.78850000000006e-07,1.20731953748374,0.75,0.00296340144455106,0.417184080483254
3.78950000000006e-07,1.20731953898625,0.75,0.00296340146269784,0.41718408048838
3.79050000000006e-07,1.20731954047382,0.75,0.00296340144456518,0.417184080494034
3.79150000000006e-07,1.20731954194659,0.75,0.00296340146268557,0.417184080499053
3.79250000000006e-07,1.20731954340471,0.75,0.00296340144457926,0.4171840805046
3.79350000000006e-07,1.20731954484832,0.75,0.0029634014626733,0.417184080509516
3.79450000000006e-07,1.20731954627757,0.75,0.0029634014445933,0.417184080514958
3.79550000000006e-07,1.2073195476926,0.75,0.00296340146266104,0.41718408051977
3.79650000000006e-07,1.20731954909355,0.75,0.0029634014446073,0.417184080525111
3.79750000000006e-07,1.20731955048056,0.75,0.00296340146264878,0.417184080529822
3.79850000000006e-07,1.20731955185378,0.75,0.00296340144462127,0.417184080535062
3.79950000000006e-07,1.20731955321333,0.75,0.00296340146263651,0.417184080539675
3.80050000000006e-07,1.20731955455935,0.75,0.0029634014446352,0.417184080544816
3.80150000000006e-07,1.20731955589199,0.75,0.00296340146262425,0.417184080549333
3.80250000000006e-07,1.20731955721137,0.75,0.0029634014446491,0.417184080554378
3.80350000000006e-07,1.20731955851762,0.75,0.00296340146261199,0.4171840805588
3.80450000000006e-07,1.20731955981087,0.75,0.00296340144466296,0.41718408056375
3.80550000000006e-07,1.20731956109126,0.75,0.00296340146259974,0.417184080568079
3.80650000000006e-07,1.20731956235891,0.75,0.00296340144467679,0.417184080572937
3.80750000000006e-07,1.20731956361395,0.75,0.00296340146258749,0.417184080577175
3.80850000000006e-07,1.2073195648565,0.75,0.00296340144469058,0.417184080581942
3.80950000000006e-07,1.20731956608669,0.75,0.00296340146257525,0.41718408058609
3.81050000000006e-07,1.20731956730464,0.75,0.00296340144470434,0.417184080590768
3.81150000000006e-07,1.20731956851047,0.75,0.002963401462563,0.417184080594829
3.81250000000006e-07,1.20731956970431,0.75,0.00296340144471806,0.417184080599419
3.81350000000006e-07,1.20731957088627,0.75,0.00296340146255076,0.417184080603395
3.81450000000006e-07,1.20731957205647,0.75,0.00296340144473175,0.417184080607899
3.81550000000006e-07,1.20731957321503,0.75,0.00296340146253853,0.417184080611791
3.81650000000006e-07,1.20731957436206,0.75,0.00296340144474541,0.417184080616212
3.81750000000006e-07,1.20731957549768,0.75,0.0029634014625263,0.417184080620021
3.81850000000006e-07,1.20731957662201,0.75,0.00296340144475903,0.41718408062436
3.81950000000006e-07,1.20731957773514,0.75,0.00296340146251407,0.417184080628088
3.82050000000006e-07,1.20731957883721,0.75,0.00296340144477262,0.417184080632346
3.82150000000006e-07,1.2073195799283,0.75,0.00296340146250185,0.417184080635996
3.82250000000006e-07,1.20731958100855,0.75,0.00296340144478618,0.417184080640174
3.82350000000006e-07,1.20731958207804,0.75,0.00296340146248964,0.417184080643747
3.82450000000006e-07,1.2073195831369,0.75,0.00296340144479971,0.417184080647848
3.82550000000006e-07,1.20731958418522,0.75,0.00296340146247743,0.417184080651344
3.82650000000006e-07,1.20731958522311,0.75,0.0029634014448132,0.417184080655369
3.82750000000006e-07,1.20731958625067,0.75,0.00296340146246523,0.417184080658791
3.82850000000006e-07,1.20731958726802,0.75,0.00296340144482667,0.417184080662741
3.82950000000006e-07,1.20731958827524,0.75,0.00296340146245303,0.417184080666091
3.83050000000006e-07,1.20731958927244,0.75,0.0029634014448401,0.417184080669968
3.83150000000006e-07,1.20731959025972,0.75,0.00296340146244083,0.417184080673246
3.83250000000007e-07,1.20731959123717,0.75,0.0029634014448535,0.417184080677051
3.83350000000007e-07,1.2073195922049,0.75,0.00296340146242865,0.417184080680259
3.83450000000007e-07,1.20731959316301,0.75,0.00296340144486687,0.417184080683995
3.83550000000006e-07,1.20731959411158,0.75,0.00296340146241647,0.417184080687133
3.83650000000006e-07,1.20731959505072,0.75,0.00296340144488022,0.417184080690801
3.83750000000006e-07,1.20731959598051,0.75,0.0029634014624043,0.417184080693872
3.83850000000006e-07,1.20731959690105,0.75,0.00296340144489353,0.417184080697472
3.83950000000007e-07,1.20731959781243,0.75,0.00296340146239214,0.417184080700477
3.84050000000007e-07,1.20731959871475,0.75,0.00296340144490681,0.417184080704011
3.84150000000007e-07,1.20731959960809,0.75,0.00296340146237998,0.417184080706951
3.84250000000006e-07,1.20731960049254,0.75,0.00296340144492006,0.41718408071042
3.84350000000006e-07,1.20731960136819,0.75,0.00296340146236783,0.417184080713297
3.84450000000006e-07,1.20731960223513,0.75,0.00296340144493328,0.417184080716702
3.84550000000007e-07,1.20731960309345,0.75,0.00296340146235569,0.417184080719518
3.84650000000007e-07,1.20731960394322,0.75,0.00296340144494647,0.417184080722861
3.84750000000007e-07,1.20731960478455,0.75,0.00296340146234356,0.417184080725615
3.84850000000007e-07,1.2073196056175,0.75,0.00296340144495964,0.417184080728897
3.84950000000007e-07,1.20731960644216,0.75,0.00296340146233143,0.417184080731591
3.85050000000007e-07,1.20731960725862,0.75,0.00296340144497277,0.417184080734813
3.85150000000007e-07,1.20731960806696,0.75,0.00296340146231931,0.41718408073745
3.85250000000007e-07,1.20731960886726,0.75,0.00296340144498588,0.417184080740613
3.85350000000007e-07,1.20731960965959,0.75,0.0029634014623072,0.417184080743192
3.85450000000007e-07,1.20731961044404,0.75,0.00296340144499896,0.417184080746298
3.85550000000007e-07,1.20731961122068,0.75,0.0029634014622951,0.417184080748821
3.85650000000007e-07,1.2073196119896,0.75,0.00296340144501201,0.41718408075187
3.85750000000007e-07,1.20731961275087,0.75,0.00296340146228301,0.417184080754338
3.85850000000007e-07,1.20731961350457,0.75,0.00296340144502504,0.417184080757331
3.85950000000007e-07,1.20731961425077,0.75,0.00296340146227093,0.417184080759746
3.86050000000007e-07,1.20731961498954,0.75,0.00296340144503803,0.417184080762686
3.86150000000007e-07,1.20731961572096,0.75,0.00296340146225886,0.417184080765047
3.86250000000007e-07,1.20731961644511,0.75,0.002963401445051,0.417184080767933
3.86350000000007e-07,1.20731961716205,0.75,0.00296340146224679,0.417184080770242
3.86450000000007e-07,1.20731961787186,0.75,0.00296340144506394,0.417184080773077
3.86550000000007e-07,1.20731961857461,0.75,0.00296340146223473,0.417184080775335
3.86650000000007e-07,1.20731961927037,0.75,0.00296340144507686,0.417184080778119
3.86750000000007e-07,1.2073196199592,0.75,0.00296340146222269,0.417184080780328
3.86850000000007e-07,1.20731962064118,0.75,0.00296340144508974,0.417184080783061
3.86950000000007e-07,1.20731962131638,0.75,0.00296340146221065,0.417184080785221
3.87050000000007e-07,1.20731962198485,0.75,0.00296340144510261,0.417184080787906
3.87150000000007e-07,1.20731962264668,0.75,0.00296340146219863,0.417184080790018
3.87250000000007e-07,1.20731962330192,0.75,0.00296340144511544,0.417184080792654
3.87350000000007e-07,1.20731962395065,0.75,0.00296340146218661,0.417184080794719
3.87450000000007e-07,1.20731962459292,0.75,0.00296340144512825,0.417184080797308
3.87550000000007e-07,1.2073196252288,0.75,0.0029634014621746,0.417184080799328
3.87650000000007e-07,1.20731962585835,0.75,0.00296340144514103,0.41718408080187
3.87750000000007e-07,1.20731962648165,0.75,0.00296340146216261,0.417184080803845
3.87850000000007e-07,1.20731962709873,0.75,0.00296340144515379,0.417184080806342
3.87950000000007e-07,1.20731962770969,0.75,0.00296340146215062,0.417184080808272
3.88050000000007e-07,1.20731962831456,0.75,0.00296340144516652,0.417184080810725
3.88150000000007e-07,1.20731962891341,0.75,0.00296340146213865,0.417184080812612
3.88250000000007e-07,1.20731962950631,0.75,0.00296340144517922,0.417184080815022
3.88350000000007e-07,1.20731963009331,0.75,0.00296340146212668,0.417184080816867
3.88450000000007e-07,1.20731963067447,0.75,0.00296340144519191,0.417184080819234
3.88550000000007e-07,1.20731963124984,0.75,0.00296340146211473,0.417184080821037
3.88650000000007e-07,1.20731963181949,0.75,0.00296340144520457,0.417184080823362
3.88750000000007e-07,1.20731963238348,0.75,0.00296340146210279,0.417184080825124
3.88850000000007e-07,1.20731963294185,0.75,0.00296340144521719,0.417184080827408
3.88950000000007e-07,1.20731963349467,0.75,0.00296340146209085,0.417184080829131
3.89050000000007e-07,1.20731963404199,0.75,0.0029634014452298,0.417184080831374
3.89150000000007e-07,1.20731963458386,0.75,0.00296340146207893,0.417184080833058
3.89250000000007e-07,1.20731963512034,0.75,0.00296340144524238,0.417184080835262
3.89350000000007e-07,1.20731963565149,0.75,0.00296340146206702,0.417184080836907
3.89450000000007e-07,1.20731963617735,0.75,0.00296340144525494,0.417184080839072
3.89550000000007e-07,1.20731963669798,0.75,0.00296340146205513,0.417184080840681
3.89650000000007e-07,1.20731963721343,0.75,0.00296340144526747,0.417184080842808
3.89750000000007e-07,1.20731963772375,0.75,0.00296340146204324,0.417184080844379
3.89850000000007e-07,1.20731963822899,0.75,0.00296340144527998,0.417184080846469
3.89950000000007e-07,1.20731963872921,0.75,0.00296340146203136,0.417184080848004
3.90050000000007e-07,1.20731963922445,0.75,0.00296340144529247,0.417184080850058
3.90150000000007e-07,1.20731963971476,0.75,0.0029634014620195,0.417184080851558
3.90250000000007e-07,1.2073196402002,0.75,0.00296340144530493,0.417184080853576
3.90350000000007e-07,1.20731964068081,0.75,0.00296340146200765,0.417184080855041
3.90450000000007e-07,1.20731964115663,0.75,0.00296340144531737,0.417184080857024
3.90550000000007e-07,1.20731964162772,0.75,0.0029634014619958,0.417184080858455
3.90650000000007e-07,1.20731964209413,0.75,0.00296340144532978,0.417184080860404
3.90750000000007e-07,1.20731964255589,0.75,0.00296340146198398,0.417184080861801
3.90850000000007e-07,1.20731964301306,0.75,0.00296340144534217,0.417184080863716
3.90950000000007e-07,1.20731964346568,0.75,0.00296340146197216,0.417184080865082
3.91050000000007e-07,1.2073196439138,0.75,0.00296340144535454,0.417184080866964
3.91150000000007e-07,1.20731964435746,0.75,0.00296340146196035,0.417184080868297
3.91250000000007e-07,1.2073196447967,0.75,0.00296340144536688,0.417184080870147
3.91350000000007e-07,1.20731964523158,0.75,0.00296340146194856,0.417184080871449
3.91450000000007e-07,1.20731964566213,0.75,0.0029634014453792,0.417184080873267
3.91550000000007e-07,1.20731964608839,0.75,0.00296340146193678,0.417184080874539
3.91650000000007e-07,1.20731964651042,0.75,0.0029634014453915,0.417184080876325
3.91750000000007e-07,1.20731964692825,0.75,0.00296340146192501,0.417184080877567
3.91850000000007e-07,1.20731964734191,0.75,0.00296340144540378,0.417184080879323
3.91950000000007e-07,1.20731964775147,0.75,0.00296340146191325,0.417184080880535
3.92050000000007e-07,1.20731964815695,0.75,0.00296340144541603,0.417184080882261
3.92150000000007e-07,1.20731964855839,0.75,0.00296340146190151,0.417184080883444
3.92250000000007e-07,1.20731964895585,0.75,0.00296340144542827,0.417184080885141
3.92350000000007e-07,1.20731964934934,0.75,0.00296340146188978,0.417184080886296
3.92450000000007e-07,1.20731964973892,0.75,0.00296340144544047,0.417184080887965
3.92550000000007e-07,1.20731965012463,0.75,0.00296340146187806,0.417184080889092
3.92650000000007e-07,1.2073196505065,0.75,0.00296340144545266,0.417184080890732
3.92750000000007e-07,1.20731965088457,0.75,0.00296340146186635,0.417184080891832
3.92850000000007e-07,1.20731965125888,0.75,0.00296340144546482,0.417184080893444
3.92950000000007e-07,1.20731965162946,0.75,0.00296340146185466,0.417184080894517
3.93050000000007e-07,1.20731965199636,0.75,0.00296340144547697,0.417184080896103
3.93150000000007e-07,1.20731965235961,0.75,0.00296340146184298,0.417184080897151
3.93250000000007e-07,1.20731965271924,0.75,0.00296340144548909,0.417184080898709
3.93350000000007e-07,1.2073196530753,0.75,0.00296340146183131,0.417184080899731
3.93450000000007e-07,1.20731965342781,0.75,0.00296340144550119,0.417184080901263
3.93550000000007e-07,1.20731965377682,0.75,0.00296340146181966,0.41718408090226
3.93650000000007e-07,1.20731965412235,0.75,0.00296340144551327,0.417184080903767
3.93750000000007e-07,1.20731965446445,0.75,0.00296340146180802,0.41718408090474
3.93850000000007e-07,1.20731965480314,0.75,0.00296340144552532,0.417184080906222
3.93950000000007e-07,1.20731965513847,0.75,0.00296340146179639,0.41718408090717
3.94050000000007e-07,1.20731965547045,0.75,0.00296340144553736,0.417184080908627
3.94150000000007e-07,1.20731965579914,0.75,0.00296340146178477,0.417184080909552
3.94250000000007e-07,1.20731965612455,0.75,0.00296340144554937,0.417184080910986
3.94350000000007e-07,1.20731965644673,0.75,0.00296340146177317,0.417184080911887
3.94450000000007e-07,1.2073196567657,0.75,0.00296340144556136,0.417184080913297
3.94550000000007e-07,1.2073196570815,0.75,0.00296340146176158,0.417184080914176
3.94650000000007e-07,1.20731965739415,0.75,0.00296340144557333,0.417184080915563
3.94750000000007e-07,1.2073196577037,0.75,0.00296340146175,0.41718408091642
3.94850000000007e-07,1.20731965801017,0.75,0.00296340144558528,0.417184080917783
3.94950000000007e-07,1.20731965831358,0.75,0.00296340146173844,0.417184080918619
3.95050000000007e-07,1.20731965861398,0.75,0.00296340144559721,0.41718408091996
3.95150000000007e-07,1.20731965891139,0.75,0.00296340146172689,0.417184080920774
3.95250000000007e-07,1.20731965920584,0.75,0.00296340144560912,0.417184080922094
3.95350000000007e-07,1.20731965949736,0.75,0.00296340146171535,0.417184080922887
3.95450000000007e-07,1.20731965978598,0.75,0.00296340144562101,0.417184080924185
3.95550000000007e-07,1.20731966007173,0.75,0.00296340146170383,0.417184080924958
3.95650000000007e-07,1.20731966035464,0.75,0.00296340144563287,0.417184080926236
3.95750000000007e-07,1.20731966063473,0.75,0.00296340146169232,0.417184080926988
3.95850000000007e-07,1.20731966091204,0.75,0.00296340144564472,0.417184080928245
3.95950000000007e-07,1.20731966118659,0.75,0.00296340146168082,0.417184080928978
3.96050000000007e-07,1.2073196614584,0.75,0.00296340144565655,0.417184080930215
3.96150000000007e-07,1.20731966172751,0.75,0.00296340146166934,0.417184080930928
3.96250000000007e-07,1.20731966199395,0.75,0.00296340144566835,0.417184080932145
3.96350000000007e-07,1.20731966225773,0.75,0.00296340146165788,0.41718408093284
3.96450000000007e-07,1.20731966251889,0.75,0.00296340144568014,0.417184080934038
3.96550000000008e-07,1.20731966277745,0.75,0.00296340146164642,0.417184080934714
3.96650000000008e-07,1.20731966303344,0.75,0.0029634014456919,0.417184080935893
3.96750000000008e-07,1.20731966328688,0.75,0.00296340146163498,0.417184080936551
3.96850000000007e-07,1.2073196635378,0.75,0.00296340144570365,0.417184080937711
3.96950000000007e-07,1.20731966378622,0.75,0.00296340146162355,0.417184080938352
3.97050000000007e-07,1.20731966403217,0.75,0.00296340144571537,0.417184080939493
3.97150000000007e-07,1.20731966427568,0.75,0.00296340146161214,0.417184080940116
3.97250000000008e-07,1.20731966451676,0.75,0.00296340144572708,0.41718408094124
3.97350000000008e-07,1.20731966475544,0.75,0.00296340146160074,0.417184080941846
3.97450000000008e-07,1.20731966499175,0.75,0.00296340144573877,0.417184080942953
3.97550000000007e-07,1.20731966522571,0.75,0.00296340146158935,0.417184080943542
3.97650000000007e-07,1.20731966545734,0.75,0.00296340144575044,0.417184080944631
3.97750000000007e-07,1.20731966568667,0.75,0.00296340146157798,0.417184080945204
3.97850000000007e-07,1.20731966591371,0.75,0.00296340144576208,0.417184080946276
3.97950000000008e-07,1.2073196661385,0.75,0.00296340146156662,0.417184080946833
3.98050000000008e-07,1.20731966636105,0.75,0.00296340144577371,0.417184080947889
3.98150000000008e-07,1.20731966658138,0.75,0.00296340146155527,0.41718408094843
3.98250000000008e-07,1.20731966679953,0.75,0.00296340144578532,0.41718408094947
3.98350000000008e-07,1.2073196670155,0.75,0.00296340146154395,0.417184080949995
3.98450000000008e-07,1.20731966722932,0.75,0.00296340144579691,0.417184080951019
3.98550000000008e-07,1.20731966744102,0.75,0.00296340146153263,0.41718408095153
3.98650000000008e-07,1.20731966765061,0.75,0.00296340144580848,0.417184080952538
3.98750000000008e-07,1.20731966785812,0.75,0.00296340146152133,0.417184080953034
3.98850000000008e-07,1.20731966806356,0.75,0.00296340144582003,0.417184080954026
3.98950000000008e-07,1.20731966826696,0.75,0.00296340146151004,0.417184080954508
3.99050000000008e-07,1.20731966846833,0.75,0.00296340144583156,0.417184080955485
3.99150000000008e-07,1.2073196686677,0.75,0.00296340146149877,0.417184080955953
3.99250000000008e-07,1.20731966886509,0.75,0.00296340144584307,0.417184080956916
3.99350000000008e-07,1.20731966906051,0.75,0.0029634014614875,0.417184080957369
3.99450000000008e-07,1.20731966925399,0.75,0.00296340144585457,0.417184080958318
3.99550000000008e-07,1.20731966944555,0.75,0.00296340146147626,0.417184080958758
3.99650000000008e-07,1.20731966963519,0.75,0.00296340144586604,0.417184080959692
3.99750000000008e-07,1.20731966982295,0.75,0.00296340146146503,0.417184080960119
3.99850000000008e-07,1.20731967000885,0.75,0.0029634014458775,0.417184080961039
3.99950000000008e-07,1.20731967019289,0.75,0.00296340146145381,0.417184080961453
4e-07,1.20731967028423,0.75,0.00296340144589456,0.417184080962031
