frequency_Hz,Zout_real_ohm,Zout_imag_ohm,E_real,E_imag,X_real,X_imag,VIN_current_real_A,VIN_current_imag_A
1,9999.38218348184,-0.000628367836519164,0.00308857901660625,-1.94111781166375e-10,36.0474783830723,-2.26551675692472e-06,2.84738682777949e-21,4.53058291355014e-14
1.02329299228075,9999.38218348184,-0.000643004403684679,0.00308857901660625,-1.98633225386686e-10,36.0474783830723,-2.31828742125568e-06,2.98158003471199e-21,4.63611374638278e-14
1.0471285480509,9999.38218348184,-0.000657981900296197,0.00308857901660625,-2.0325998757232e-10,36.0474783830723,-2.37228727226356e-06,3.12209757264552e-21,4.74410270808997e-14
1.07151930523761,9999.38218348184,-0.000673308267620672,0.00308857901660625,-2.07994520893828e-10,36.0474783830723,-2.42754494138413e-06,3.26923749811753e-21,4.85460705584861e-14
1.09647819614319,9999.38218348183,-0.000688991631900928,0.00308857901660625,-2.12839335663447e-10,36.0474783830723,-2.48408972696497e-06,3.42331191463737e-21,4.96768538052658e-14
1.12201845430196,9999.38218348183,-0.0007050403086643,0.00308857901660625,-2.17797000666096e-10,36.0474783830723,-2.54195160979986e-06,3.58464763469957e-21,5.0833976377484e-14
1.14815362149688,9999.38218348183,-0.000721462807131638,0.00308857901660625,-2.22870144521383e-10,36.0474783830723,-2.60116126902498e-06,3.75358687299705e-21,5.20180517968448e-14
1.17489755493953,9999.38218348182,-0.000738267834729007,0.00308857901660625,-2.2806145707733e-10,36.0474783830723,-2.66175009838538e-06,3.93048797230432e-21,5.32297078758086e-14
1.20226443461741,9999.38218348182,-0.000755464301704478,0.00308857901660624,-2.3337369083657e-10,36.0474783830723,-2.72375022288036e-06,4.11572616357054e-21,5.44695870504666e-14
1.23026877081238,9999.38218348182,-0.000773061325852466,0.00308857901660624,-2.38809662415757e-10,36.0474783830723,-2.78719451579662e-06,4.30969436183472e-21,5.57383467211689e-14
1.25892541179417,9999.38218348182,-0.000791068237348097,0.00308857901660624,-2.44372254038977e-10,36.0474783830723,-2.85211661613803e-06,4.51280399965114e-21,5.70366596010871e-14
1.28824955169313,9999.38218348181,-0.000809494583694195,0.00308857901660624,-2.50064415065937e-10,36.0474783830723,-2.91855094646154e-06,4.72548589979299e-21,5.83652140728952e-14
1.31825673855641,9999.38218348181,-0.000828350134783496,0.00308857901660624,-2.55889163555759e-10,36.0474783830722,-2.98653273112846e-06,4.94819118908523e-21,5.97247145537597e-14
1.34896288259165,9999.38218348181,-0.00084764488807877,0.00308857901660624,-2.61849587867192e-10,36.0474783830722,-3.05609801498085e-06,5.18139225530507e-21,6.11158818688307e-14
1.38038426460288,9999.3821834818,-0.000867389073913609,0.00308857901660624,-2.67948848296101e-10,36.0474783830722,-3.12728368245303e-06,5.42558374917977e-21,6.25394536334328e-14
1.41253754462275,9999.3821834818,-0.000887593160916689,0.00308857901660624,-2.74190178751099e-10,36.0474783830722,-3.20012747712813e-06,5.68128363360717e-21,6.39961846441589e-14
1.44543977074593,9999.3821834818,-0.000908267861562371,0.00308857901660624,-2.80576888468207e-10,36.0474783830722,-3.2746680217503e-06,5.94903428232441e-21,6.5486847279073e-14
1.47910838816821,9999.38218348179,-0.0009294241378506,0.00308857901660624,-2.87112363765455e-10,36.0474783830722,-3.35094483870297e-06,6.22940363035538e-21,6.70122319072353e-14
1.51356124843621,9999.38218348179,-0.0009510732071191,0.00308857901660623,-2.93800069838352e-10,36.0474783830722,-3.42899837096411e-06,6.52298637867703e-21,6.85731473077666e-14
1.54881661891248,9999.38218348178,-0.000973226547990957,0.00308857901660623,-3.00643552597182e-10,36.0474783830721,-3.50887000354969e-06,6.83040525565987e-21,7.01704210986734e-14
1.58489319246111,9999.38218348178,-0.000995895906460735,0.00308857901660623,-3.07646440547086e-10,36.0474783830721,-3.59060208545654e-06,7.15231233795835e-21,7.18049001756621e-14
1.62181009735893,9999.38218348178,-0.00101909330212236,0.00308857901660623,-3.14812446711951e-10,36.0474783830721,-3.67423795211634e-06,7.48939043365286e-21,7.3477451161174e-14
1.65958690743756,9999.38218348177,-0.00104283103454206,0.00308857901660623,-3.22145370603098e-10,36.0474783830721,-3.75982194837264e-06,7.84235453057721e-21,7.51889608638807e-14
1.69824365246174,9999.38218348177,-0.00106712168977978,0.00308857901660623,-3.29649100233836e-10,36.0474783830721,-3.84739945199309e-06,8.2119533129037e-21,7.6940336748881e-14
1.73780082874937,9999.38218348176,-0.00109197814706245,0.00308857901660622,-3.3732761418094e-10,36.047478383072,-3.93701689772934e-06,8.59897074920262e-21,7.87325074188512e-14
1.77827941003892,9999.38218348176,-0.00111741358561272,0.00308857901660622,-3.45184983694142e-10,36.047478383072,-4.02872180193734e-06,9.00422775534469e-21,8.05664231064029e-14
1.81970085860998,9999.38218348175,-0.00114344149163681,0.00308857901660622,-3.53225374854762e-10,36.047478383072,-4.12256278777117e-06,9.42858393577369e-21,8.24430561779082e-14
1.86208713666287,9999.38218348174,-0.001170075665475,0.00308857901660622,-3.6145305078462e-10,36.047478383072,-4.21858961096365e-06,9.87293940684273e-21,8.4363401649062e-14
1.90546071796325,9999.38218348174,-0.00119733022891881,0.00308857901660622,-3.69872373906401e-10,36.047478383072,-4.31685318620749e-06,1.03382367060817e-20,8.63284777124517e-14
1.94984459975804,9999.38218348173,-0.00122521963269852,0.00308857901660621,-3.78487808256667e-10,36.0474783830719,-4.41740561415097e-06,1.08254627914459e-20,8.8339326277417e-14
1.99526231496888,9999.38218348172,-0.0012537586641452,0.00308857901660621,-3.87303921852748e-10,36.0474783830719,-4.52030020902234e-06,1.13356511347857e-20,9.03970135224838e-14
2.04173794466953,9999.38218348172,-0.00128296245503106,0.00308857901660621,-3.9632538911477e-10,36.0474783830719,-4.62559152689779e-06,1.18698839139797e-20,9.25026304606662e-14
2.08929613085404,9999.38218348171,-0.0013128464895926,0.00308857901660621,-4.05556993344087e-10,36.0474783830719,-4.73333539462773e-06,1.24292943083783e-20,9.46572935179359e-14
2.13796208950223,9999.3821834817,-0.00134342661274049,0.00308857901660621,-4.15003629259456e-10,36.0474783830718,-4.84358893943702e-06,1.30150689024295e-20,9.68621451251662e-14
2.18776162394955,9999.38218348169,-0.00137471903846081,0.0030885790166062,-4.24670305592281e-10,36.0474783830718,-4.95641061921446e-06,1.36284502025834e-20,9.91183543238639e-14
2.23872113856834,9999.38218348168,-0.00140674035841188,0.0030885790166062,-4.34562147742307e-10,36.0474783830718,-5.07186025350807e-06,1.42707392728151e-20,1.01427117386011e-13
2.29086765276777,9999.38218348167,-0.0014395075507214,0.0030885790166062,-4.44684400495176e-10,36.0474783830717,-5.18999905524209e-06,1.49432984943558e-20,1.03789658448342e-13
2.34422881531992,9999.38218348166,-0.00147303798898843,0.00308857901660619,-4.55042430803281e-10,36.0474783830717,-5.31088966317296e-06,1.5647554455486e-20,1.06207230161401e-13
2.39883291901949,9999.38218348165,-0.0015073494514952,0.00308857901660619,-4.65641730631398e-10,36.0474783830717,-5.43459617510118e-06,1.63850009775204e-20,1.08681114353711e-13
2.45470891568503,9999.38218348164,-0.00154246013063327,0.00308857901660619,-4.76487919868591e-10,36.0474783830716,-5.56118418185682e-06,1.71572022834035e-20,1.11212622711415e-13
2.51188643150958,9999.38218348163,-0.00157838864254948,0.00308857901660618,-4.87586749307962e-10,36.0474783830716,-5.69072080207666e-06,1.79657963156358e-20,1.13803097473755e-13
2.57039578276886,9999.38218348162,-0.00161515403701642,0.00308857901660618,-4.9894410369579e-10,36.0474783830715,-5.82327471779135e-06,1.88124982105699e-20,1.16453912144737e-13
2.63026799189538,9999.38218348161,-0.00165277580753287,0.00308857901660618,-5.10566004851703e-10,36.0474783830715,-5.95891621084156e-06,1.96991039364442e-20,1.19166472221388e-13
2.69153480392691,9999.38218348159,-0.00169127390165955,0.00308857901660617,-5.22458614861529e-10,36.0474783830715,-6.09771720014235e-06,2.06274941028726e-20,1.21942215938965e-13
2.75422870333816,9999.38218348158,-0.00173066873159554,0.00308857901660617,-5.34628239344511e-10,36.0474783830714,-6.23975127981548e-06,2.15996379498694e-20,1.24782615033529e-13
2.81838293126445,9999.38218348157,-0.00177098118500113,0.00308857901660616,-5.47081330796635e-10,36.0474783830714,-6.38509375821004e-06,2.26175975248718e-20,1.27689175522277e-13
2.8840315031266,9999.38218348155,-0.00181223263607272,0.00308857901660616,-5.59824492011825e-10,36.0474783830713,-6.53382169783191e-06,2.36835320566186e-20,1.30663438502053e-13
2.95120922666638,9999.38218348154,-0.00185444495687569,0.00308857901660615,-5.72864479582833e-10,36.0474783830712,-6.68601395620332e-06,2.4799702535164e-20,1.33706980966458e-13
3.01995172040201,9999.38218348152,-0.00189764052894128,0.00308857901660615,-5.86208207483673e-10,36.0474783830712,-6.84175122767417e-06,2.59684765077404e-20,1.36821416641993e-13
3.09029543251359,9999.3821834815,-0.00194184225513355,0.00308857901660614,-5.99862750735504e-10,36.0474783830711,-7.00111608620721e-06,2.71923331006441e-20,1.40008396843676e-13
3.16227766016837,9999.38218348148,-0.00198707357179282,0.00308857901660614,-6.13835349157897e-10,36.0474783830711,-7.16419302915988e-06,2.84738682777938e-20,1.43269611350596e-13
3.23593656929628,9999.38218348147,-0.00203335846116187,0.00308857901660613,-6.28133411207485e-10,36.047478383071,-7.33106852208592e-06,2.98158003471187e-20,1.46606789301852e-13
3.3113112148259,9999.38218348145,-0.00208072146410172,0.00308857901660613,-6.42764517906023e-10,36.0474783830709,-7.50183104458053e-06,3.12209757264538e-20,1.50021700113366e-13
3.38844156139202,9999.38218348143,-0.00212918769310343,0.00308857901660612,-6.57736426859949e-10,36.0474783830709,-7.67657113719345e-06,3.26923749811739e-20,1.53516154416052e-13
3.46736850452531,9999.3821834814,-0.00217878284560316,0.00308857901660612,-6.73057076373567e-10,36.0474783830708,-7.85538144943474e-06,3.42331191463721e-20,1.57092005015836e-13
3.54813389233575,9999.38218348138,-0.00222953321760723,0.00308857901660611,-6.88734589658042e-10,36.0474783830707,-8.03835678889879e-06,3.5846476346994e-20,1.60751147876038e-13
3.63078054770101,9999.38218348136,-0.00228146571763464,0.0030885790166061,-7.04777279138434e-10,36.0474783830706,-8.22559417153254e-06,3.75358687299687e-20,1.64495523122636e-13
3.71535229097172,9999.38218348134,-0.0023346078809843,0.00308857901660609,-7.21193650861054e-10,36.0474783830705,-8.41719287307464e-06,3.93048797230411e-20,1.6832711607295e-13
3.8018939632056,9999.38218348131,-0.00238898788433465,0.00308857901660609,-7.37992409003488e-10,36.0474783830704,-8.61325448169276e-06,4.11572616357032e-20,1.72247958288278e-13
3.8904514499428,9999.38218348128,-0.00244463456068326,0.00308857901660608,-7.55182460489659e-10,36.0474783830703,-8.81388295184698e-06,4.30969436183448e-20,1.76260128651062e-13
3.98107170553497,9999.38218348125,-0.00250157741463452,0.00308857901660607,-7.72772919712403e-10,36.0474783830702,-9.0191846594078e-06,4.51280399965087e-20,1.80365754467136e-13
4.07380277804112,9999.38218348122,-0.0025598466380433,0.00308857901660606,-7.90773113366038e-10,36.0474783830701,-9.22926845805805e-06,4.7254858997927e-20,1.8456701259365e-13
4.16869383470335,9999.38218348119,-0.00261947312602315,0.00308857901660605,-8.09192585391498e-10,36.04747838307,-9.44424573700857e-06,4.94819118908491e-20,1.88866130593276e-13
4.26579518801592,9999.38218348116,-0.00268048849332724,0.00308857901660604,-8.28041102036663e-10,36.0474783830699,-9.66423048005823e-06,5.18139225530471e-20,1.9326538791528e-13
4.36515832240165,9999.38218348113,-0.00274292509111095,0.00308857901660603,-8.47328657034548e-10,36.0474783830698,-9.88933932602962e-06,5.42558374917939e-20,1.97767117104127e-13
4.46683592150962,9999.38218348109,-0.00280681602408488,0.00308857901660602,-8.67065476902112e-10,36.0474783830696,-1.01196916306126e-05,5.68128363360674e-20,2.0237370503622e-13
4.57088189614874,9999.38218348105,-0.00287219516806737,0.00308857901660601,-8.87262026362498e-10,36.0474783830695,-1.0355409529648e-05,5.94903428232395e-20,2.07087594185455e-13
4.67735141287197,9999.38218348102,-0.00293909718794597,0.00308857901660599,-9.07929013893562e-10,36.0474783830694,-1.05966180038861e-05,6.22940363035488e-20,2.11911283918256e-13
4.78630092322637,9999.38218348098,-0.00300755755605717,0.00308857901660598,-9.29077397405654e-10,36.0474783830692,-1.08434449452527e-05,6.52298637867648e-20,2.16847331818768e-13
4.89778819368445,9999.38218348093,-0.00307761257099433,0.00308857901660597,-9.50718390051643e-10,36.0474783830691,-1.10960212246592e-05,6.83040525565927e-20,2.21898355044924e-13
5.01187233627271,9999.38218348089,-0.00314929937685363,0.00308857901660596,-9.72863466172283e-10,36.0474783830689,-1.13544807613922e-05,7.15231233795769e-20,2.27067031716096e-13
5.12861383991364,9999.38218348084,-0.00322265598292845,0.00308857901660594,-9.95524367380057e-10,36.0474783830687,-1.16189605941192e-05,7.48939043365213e-20,2.32356102333072e-13
5.24807460249771,9999.38218348079,-0.00329772128386232,0.00308857901660593,-1.01871310878474e-09,36.0474783830686,-1.18896009535484e-05,7.84235453057641e-20,2.37768371231101e-13
5.37031796370252,9999.38218348074,-0.00337453508027138,0.00308857901660591,-1.04244198536396e-09,36.0474783830684,-1.21665453367805e-05,8.21195331290284e-20,2.43306708066793e-13
5.49540873857623,9999.38218348069,-0.00345313809984726,0.00308857901660589,-1.06672357848217e-09,36.0474783830682,-1.24499405833935e-05,8.59897074920167e-20,2.48974049339647e-13
5.62341325190348,9999.38218348063,-0.00353357201895136,0.00308857901660588,-1.09157076256145e-09,36.047478383068,-1.27399369532983e-05,9.00422775534365e-20,2.54773399949022e-13
5.75439937337156,9999.38218348057,-0.00361587948471226,0.00308857901660586,-1.11699671190768e-09,36.0474783830678,-1.30366882064087e-05,9.42858393577255e-20,2.60707834787375e-13
5.88843655355588,9999.38218348051,-0.00370010413763778,0.00308857901660584,-1.14301490769577e-09,36.0474783830675,-1.33403516841671e-05,9.87293940684149e-20,2.66780500370608e-13
6.02559586074356,9999.38218348045,-0.00378629063475374,0.00308857901660582,-1.1696391451175e-09,36.0474783830673,-1.36510883929688e-05,1.03382367060804e-19,2.72994616506394e-13
6.16595001861481,9999.38218348038,-0.00387448467328172,0.0030885790166058,-1.19688354069599e-09,36.0474783830671,-1.39690630895301e-05,1.08254627914444e-19,2.79353478001363e-13
6.30957344480192,9999.38218348031,-0.00396473301486834,0.00308857901660578,-1.22476253977037e-09,36.0474783830668,-1.42944443682438e-05,1.13356511347841e-19,2.85860456408049e-13
6.45654229034654,9999.38218348023,-0.00405708351037889,0.00308857901660575,-1.25329092415499e-09,36.0474783830665,-1.46274047505708e-05,1.18698839139779e-19,2.92519001812532e-13
6.60693448007594,9999.38218348016,-0.00415158512526849,0.00308857901660573,-1.28248381997686e-09,36.0474783830663,-1.49681207765132e-05,1.24292943083763e-19,2.99332644663723e-13
6.7608297539198,9999.38218348007,-0.00424828796554423,0.0030885790166057,-1.31235670569576e-09,36.047478383066,-1.53167730982178e-05,1.30150689024273e-19,3.0630499764525e-13
6.91830970918935,9999.38218347999,-0.00434724330433203,0.00308857901660568,-1.34292542031112e-09,36.0474783830657,-1.56735465757605e-05,1.3628450202581e-19,3.13439757590955e-13
7.07945784384136,9999.3821834799,-0.00444850360906236,0.00308857901660565,-1.37420617176004e-09,36.0474783830653,-1.60386303751616e-05,1.42707392728125e-19,3.20740707444999e-13
7.24435960074988,9999.38218347981,-0.00455212256928911,0.00308857901660562,-1.406215545511e-09,36.047478383065,-1.6412218068684e-05,1.4943298494353e-19,3.28211718267636e-13
7.41310241300916,9999.38218347971,-0.00465815512515657,0.00308857901660559,-1.43897051335765e-09,36.0474783830647,-1.67945077374677e-05,1.56475544554829e-19,3.35856751287694e-13
7.58577575029182,9999.38218347961,-0.00476665749652935,0.00308857901660556,-1.47248844241751e-09,36.0474783830643,-1.71857020765555e-05,1.6385000977517e-19,3.43679860002874e-13
7.7624711662869,9999.3821834795,-0.00487768721280095,0.00308857901660553,-1.50678710434022e-09,36.0474783830639,-1.75860085023638e-05,1.71572022833998e-19,3.51685192328968e-13
7.94328234724279,9999.38218347939,-0.0049913031433966,0.00308857901660549,-1.54188468473034e-09,36.0474783830635,-1.79956392626584e-05,1.79657963156318e-19,3.59876992799138e-13
8.12830516164097,9999.38218347927,-0.00510756552898658,0.00308857901660546,-1.57779979278956e-09,36.0474783830631,-1.84148115490906e-05,1.88124982105655e-19,3.68259604814425e-13
8.31763771102669,9999.38218347915,-0.00522653601342665,0.00308857901660542,-1.61455147118356e-09,36.0474783830626,-1.88437476123548e-05,1.96991039364393e-19,3.76837472946676e-13
8.51138038202374,9999.38218347902,-0.00534827767644241,0.00308857901660538,-1.6521592061387e-09,36.0474783830622,-1.92826748800297e-05,2.06274941028672e-19,3.85615145295117e-13
8.70963589956078,9999.38218347889,-0.00547285506707504,0.00308857901660534,-1.69064293777384e-09,36.0474783830617,-1.97318260771622e-05,2.15996379498635e-19,3.94597275897813e-13
8.91250938133743,9999.38218347874,-0.00560033423790602,0.00308857901660529,-1.7300230706729e-09,36.0474783830612,-2.01914393496624e-05,2.26175975248654e-19,4.03788627199302e-13
9.12010839355907,9999.38218347859,-0.00573078278007912,0.00308857901660525,-1.77032048470358e-09,36.0474783830606,-2.06617583905711e-05,2.36835320566115e-19,4.13194072575705e-13
9.33254300796988,9999.38218347844,-0.00586426985913809,0.0030885790166052,-1.81155654608821e-09,36.0474783830601,-2.11430325692692e-05,2.47997025351562e-19,4.22818598918658e-13
9.54992586021433,9999.38218347828,-0.00600086625169916,0.00308857901660515,-1.85375311873236e-09,36.0474783830595,-2.16355170636965e-05,2.59684765077319e-19,4.32667309279422e-13
9.77237220955808,9999.38218347811,-0.00614064438297772,0.0030885790166051,-1.89693257581739e-09,36.0474783830589,-2.2139472995651e-05,2.71923331006348e-19,4.42745425574595e-13
9.99999999999997,9999.38218347793,-0.00628367836518917,0.00308857901660504,-1.94111781166298e-09,36.0474783830582,-2.26551675692382e-05,2.84738682777836e-19,4.53058291354835e-13
10.2329299228075,9999.38218347774,-0.00643004403684414,0.00308857901660498,-1.98633225386604e-09,36.0474783830576,-2.31828742125473e-05,2.98158003471075e-19,4.63611374638087e-13
10.471285480509,9999.38218347755,-0.00657981900295913,0.00308857901660492,-2.03259987572232e-09,36.0474783830569,-2.37228727226254e-05,3.12209757264416e-19,4.74410270808792e-13
10.715193052376,9999.38218347734,-0.00673308267620368,0.00308857901660486,-2.07994520893734e-09,36.0474783830561,-2.42754494138303e-05,3.26923749811605e-19,4.85460705584642e-13
10.9647819614318,9999.38218347713,-0.00688991631900603,0.0030885790166048,-2.12839335663346e-09,36.0474783830554,-2.4840897269638e-05,3.42331191463574e-19,4.96768538052424e-13
11.2201845430196,9999.38218347691,-0.00705040308663952,0.00308857901660473,-2.17797000665989e-09,36.0474783830546,-2.54195160979861e-05,3.58464763469779e-19,5.08339763774589e-13
11.4815362149688,9999.38218347667,-0.00721462807131265,0.00308857901660465,-2.22870144521268e-09,36.0474783830537,-2.60116126902364e-05,3.7535868729951e-19,5.20180517968179e-13
11.7489755493953,9999.38218347643,-0.00738267834728606,0.00308857901660458,-2.28061457077206e-09,36.0474783830528,-2.66175009838393e-05,3.93048797230217e-19,5.32297078757797e-13
12.0226443461741,9999.38218347617,-0.00755464301704049,0.0030885790166045,-2.33373690836437e-09,36.0474783830519,-2.72375022287882e-05,4.1157261635682e-19,5.44695870504356e-13
12.3026877081238,9999.3821834759,-0.00773061325852006,0.00308857901660442,-2.38809662415615e-09,36.0474783830509,-2.78719451579496e-05,4.30969436183215e-19,5.57383467211358e-13
12.5892541179416,9999.38218347562,-0.00791068237347604,0.00308857901660433,-2.44372254038825e-09,36.0474783830499,-2.85211661613625e-05,4.51280399964832e-19,5.70366596010516e-13
12.8824955169313,9999.38218347533,-0.00809494583693668,0.00308857901660424,-2.50064415065774e-09,36.0474783830488,-2.91855094645964e-05,4.72548589978989e-19,5.83652140728572e-13
13.182567385564,9999.38218347502,-0.00828350134782931,0.00308857901660414,-2.55889163555585e-09,36.0474783830478,-2.98653273112642e-05,4.94819118908184e-19,5.97247145537189e-13
13.4896288259165,9999.38218347469,-0.00847644888078164,0.00308857901660404,-2.61849587867005e-09,36.0474783830466,-3.05609801497867e-05,5.18139225530135e-19,6.1115881868787e-13
13.8038426460288,9999.38218347436,-0.0086738907391296,0.00308857901660394,-2.67948848295901e-09,36.0474783830454,-3.12728368245069e-05,5.42558374917569e-19,6.2539453633386e-13
14.1253754462275,9999.382183474,-0.00887593160915993,0.00308857901660383,-2.74190178750884e-09,36.0474783830441,-3.20012747712562e-05,5.6812836336027e-19,6.39961846441088e-13
14.4543977074592,9999.38218347363,-0.00908267861561626,0.00308857901660371,-2.80576888467977e-09,36.0474783830427,-3.27466802174762e-05,5.94903428231951e-19,6.54868472790193e-13
14.791083881682,9999.38218347324,-0.00929424137849802,0.00308857901660359,-2.87112363765208e-09,36.0474783830413,-3.35094483870009e-05,6.22940363035001e-19,6.70122319071778e-13
15.135612484362,9999.38218347283,-0.00951073207118245,0.00308857901660347,-2.93800069838088e-09,36.0474783830399,-3.42899837096102e-05,6.52298637867114e-19,6.8573147307705e-13
15.4881661891248,9999.38218347241,-0.00973226547990041,0.00308857901660334,-3.00643552596899e-09,36.0474783830383,-3.50887000354639e-05,6.83040525565342e-19,7.01704210986074e-13
15.8489319246111,9999.38218347196,-0.00995895906459753,0.0030885790166032,-3.07646440546783e-09,36.0474783830367,-3.590602085453e-05,7.15231233795128e-19,7.18049001755913e-13
16.2181009735892,9999.38218347149,-0.0101909330212131,0.00308857901660305,-3.14812446711626e-09,36.047478383035,-3.67423795211255e-05,7.4893904336451e-19,7.34774511610982e-13
16.5958690743755,9999.382183471,-0.0104283103454094,0.0030885790166029,-3.2214537060275e-09,36.0474783830333,-3.75982194836857e-05,7.84235453056871e-19,7.51889608637995e-13
16.9824365246174,9999.38218347049,-0.0106712168977857,0.00308857901660274,-3.29649100233463e-09,36.0474783830314,-3.84739945198874e-05,8.21195331289439e-19,7.69403367487939e-13
17.3780082874937,9999.38218346995,-0.0109197814706115,0.00308857901660258,-3.37327614180541e-09,36.0474783830295,-3.93701689772467e-05,8.59897074919241e-19,7.8732507418758e-13
17.7827941003892,9999.38218346939,-0.0111741358561134,0.0030885790166024,-3.45184983693714e-09,36.0474783830275,-4.02872180193235e-05,9.0042277553335e-19,8.0566423106303e-13
18.1970085860998,9999.3821834688,-0.0114344149163533,0.00308857901660222,-3.53225374854303e-09,36.0474783830253,-4.12256278776582e-05,9.42858393576143e-19,8.24430561778012e-13
18.6208713666286,9999.38218346819,-0.0117007566547341,0.00308857901660203,-3.61453050784129e-09,36.0474783830231,-4.21858961095791e-05,9.87293940682929e-19,8.43634016489474e-13
19.0546071796324,9999.38218346754,-0.011973302289171,0.00308857901660183,-3.69872373905874e-09,36.0474783830208,-4.31685318620135e-05,1.0338236706067e-18,8.63284777123289e-13
19.4984459975804,9999.38218346687,-0.012252196326967,0.00308857901660162,-3.78487808256103e-09,36.0474783830184,-4.41740561414439e-05,1.08254627914297e-18,8.83393262772854e-13
19.9526231496887,9999.38218346616,-0.0125375866414324,0.00308857901660141,-3.87303921852144e-09,36.0474783830158,-4.52030020901529e-05,1.1335651134768e-18,9.03970135223429e-13
20.4173794466952,9999.38218346542,-0.0128296245502897,0.00308857901660118,-3.96325389114123e-09,36.0474783830131,-4.62559152689024e-05,1.18698839139603e-18,9.25026304605152e-13
20.8929613085403,9999.38218346464,-0.0131284648959035,0.00308857901660094,-4.05556993343393e-09,36.0474783830103,-4.73333539461964e-05,1.2429294308357e-18,9.46572935177741e-13
21.3796208950222,9999.38218346383,-0.0134342661273808,0.00308857901660069,-4.15003629258713e-09,36.0474783830074,-4.84358893942835e-05,1.30150689024061e-18,9.68621451249928e-13
21.8776162394954,9999.38218346298,-0.0137471903845823,0.00308857901660042,-4.24670305591485e-09,36.0474783830043,-4.95641061920517e-05,1.36284502025578e-18,9.91183543236781e-13
22.3872113856833,9999.38218346209,-0.0140674035840912,0.00308857901660015,-4.34562147741454e-09,36.0474783830011,-5.07186025349812e-05,1.4270739272787e-18,1.01427117385812e-12
22.9086765276776,9999.38218346116,-0.0143950755071844,0.00308857901659986,-4.44684400494263e-09,36.0474783829978,-5.18999905523143e-05,1.49432984943251e-18,1.03789658448129e-12
23.4422881531991,9999.38218346018,-0.0147303798898527,0.00308857901659956,-4.55042430802303e-09,36.0474783829942,-5.31088966316153e-05,1.56475544554523e-18,1.06207230161173e-12
23.9883291901948,9999.38218345916,-0.015073494514918,0.00308857901659924,-4.65641730630349e-09,36.0474783829906,-5.43459617508894e-05,1.63850009774834e-18,1.08681114353466e-12
24.5470891568502,9999.38218345808,-0.0154246013062964,0.00308857901659891,-4.76487919867467e-09,36.0474783829867,-5.5611841818437e-05,1.7157202283363e-18,1.11212622711153e-12
25.1188643150957,9999.38218345696,-0.0157838864254559,0.00308857901659857,-4.87586749306758e-09,36.0474783829827,-5.6907208020626e-05,1.79657963155914e-18,1.13803097473474e-12
25.7039578276885,9999.38218345579,-0.0161515403701224,0.0030885790165982,-4.989441036945e-09,36.0474783829784,-5.82327471777629e-05,1.88124982105212e-18,1.16453912144435e-12
26.3026799189537,9999.38218345456,-0.0165277580752839,0.00308857901659782,-5.10566004850321e-09,36.047478382974,-5.95891621082543e-05,1.96991039363908e-18,1.19166472221065e-12
26.915348039269,9999.38218345327,-0.0169127390165475,0.00308857901659742,-5.22458614860048e-09,36.0474783829694,-6.09771720012506e-05,2.0627494102814e-18,1.21942215938619e-12
27.5422870333815,9999.38218345193,-0.017306687315904,0.00308857901659701,-5.34628239342924e-09,36.0474783829645,-6.23975127979696e-05,2.15996379498052e-18,1.24782615033159e-12
28.1838293126444,9999.38218345051,-0.0177098118499563,0.00308857901659657,-5.47081330794935e-09,36.0474783829594,-6.38509375819019e-05,2.26175975248015e-18,1.2768917552188e-12
28.8403150312659,9999.38218344904,-0.0181223263606682,0.00308857901659612,-5.59824492010003e-09,36.0474783829541,-6.53382169781064e-05,2.36835320565415e-18,1.30663438501628e-12
29.5120922666637,9999.38218344749,-0.0185444495686937,0.00308857901659564,-5.72864479580881e-09,36.0474783829485,-6.68601395618053e-05,2.47997025350794e-18,1.33706980966002e-12
30.19951720402,9999.38218344587,-0.0189764052893451,0.00308857901659514,-5.86208207481581e-09,36.0474783829426,-6.84175122764975e-05,2.59684765076477e-18,1.36821416641504e-12
30.9029543251358,9999.38218344417,-0.019418422551263,0.00308857901659461,-5.99862750733263e-09,36.0474783829365,-7.00111608618105e-05,2.71923331005424e-18,1.40008396843153e-12
31.6227766016837,9999.38218344239,-0.0198707357178504,0.00308857901659406,-6.13835349155495e-09,36.0474783829301,-7.16419302913185e-05,2.84738682776823e-18,1.43269611350036e-12
32.3593656929627,9999.38218344053,-0.0203335846115354,0.00308857901659349,-6.28133411204911e-09,36.0474783829234,-7.33106852205589e-05,2.98158003469965e-18,1.46606789301251e-12
33.113112148259,9999.38218343858,-0.0208072146409279,0.00308857901659289,-6.42764517903266e-09,36.0474783829164,-7.50183104454836e-05,3.12209757263198e-18,1.50021700112722e-12
33.8844156139201,9999.38218343654,-0.0212918769309387,0.00308857901659226,-6.57736426856995e-09,36.047478382909,-7.67657113715898e-05,3.2692374981027e-18,1.53516154415362e-12
34.673685045253,9999.38218343441,-0.0217878284559292,0.0030885790165916,-6.73057076370402e-09,36.0474783829013,-7.8553814493978e-05,3.4233119146211e-18,1.57092005015097e-12
35.4813389233574,9999.38218343217,-0.0222953321759625,0.00308857901659091,-6.88734589654651e-09,36.0474783828933,-8.0383567888592e-05,3.58464763468174e-18,1.60751147875246e-12
36.30780547701,9999.38218342983,-0.0228146571762287,0.00308857901659018,-7.047772791348e-09,36.0474783828848,-8.22559417149012e-05,3.7535868729775e-18,1.64495523121788e-12
37.1535229097171,9999.38218342737,-0.023346078809717,0.00308857901658942,-7.2119365085716e-09,36.047478382876,-8.41719287302919e-05,3.93048797228288e-18,1.68327116072041e-12
38.0189396320559,9999.3821834248,-0.0238898788432114,0.00308857901658863,-7.37992408999315e-09,36.0474783828667,-8.61325448164407e-05,4.11572616354704e-18,1.72247958287304e-12
38.9045144994279,9999.38218342211,-0.0244463456066879,0.0030885790165878,-7.55182460485189e-09,36.047478382857,-8.8138829517948e-05,4.30969436180895e-18,1.76260128650019e-12
39.8107170553495,9999.3821834193,-0.0250157741461901,0.00308857901658693,-7.72772919707613e-09,36.0474783828468,-9.01918465935189e-05,4.51280399962289e-18,1.80365754466017e-12
40.7380277804111,9999.38218341635,-0.0255984663802669,0.00308857901658602,-7.90773113360905e-09,36.0474783828362,-9.22926845799815e-05,4.72548589976201e-18,1.84567012592452e-12
41.6869383470333,9999.38218341326,-0.0261947312600535,0.00308857901658506,-8.09192585385999e-09,36.0474783828251,-9.44424573694439e-05,4.94819118905126e-18,1.88866130591992e-12
42.6579518801591,9999.38218341003,-0.0268048849330817,0.00308857901658407,-8.2804110203077e-09,36.0474783828134,-9.66423047998945e-05,5.18139225526783e-18,1.93265387913905e-12
43.6515832240164,9999.38218340664,-0.0274292509109051,0.00308857901658302,-8.47328657028233e-09,36.0474783828012,-9.88933932595593e-05,5.42558374913894e-18,1.97767117102653e-12
44.6683592150961,9999.38218340309,-0.0280681602406298,0.00308857901658192,-8.67065476895346e-09,36.0474783827884,-0.000101196916305336,5.6812836335624e-18,2.0237370503464e-12
45.7088189614873,9999.38218339938,-0.0287219516804391,0.00308857901658078,-8.87262026355248e-09,36.047478382775,-0.000103554095295634,5.94903428227532e-18,2.07087594183763e-12
46.7735141287196,9999.38218339549,-0.0293909718792083,0.00308857901657958,-9.07929013885794e-09,36.047478382761,-0.000105966180037954,6.22940363030156e-18,2.11911283916443e-12
47.8630092322636,9999.38218339142,-0.0300755755603023,0.00308857901657832,-9.29077397397331e-09,36.0474783827463,-0.000108434449451555,6.52298637861802e-18,2.16847331816825e-12
48.9778819368444,9999.38218338716,-0.0307761257096545,0.003088579016577,-9.50718390042724e-09,36.047478382731,-0.000110960212245551,6.83040525559517e-18,2.21898355042842e-12
50.118723362727,9999.38218338269,-0.031492993768227,0.00308857901657562,-9.72863466162726e-09,36.0474783827149,-0.000113544807612806,7.15231233788741e-18,2.27067031713865e-12
51.2861383991362,9999.38218337802,-0.0322265598289531,0.00308857901657418,-9.95524367369817e-09,36.047478382698,-0.000116189605939997,7.48939043357508e-18,2.32356102330682e-12
52.480746024977,9999.38218337312,-0.032977212838268,0.00308857901657266,-1.01871310877377e-08,36.0474783826804,-0.000118896009534203,7.84235453049193e-18,2.3776837122854e-12
53.703179637025,9999.382183368,-0.0337453508023332,0.00308857901657108,-1.0424419853522e-08,36.0474783826619,-0.000121665453366433,8.2119533128102e-18,2.43306708064049e-12
54.9540873857622,9999.38218336263,-0.0345313809980648,0.00308857901656942,-1.06672357846957e-08,36.0474783826425,-0.000124499405832465,8.5989707491001e-18,2.48974049336707e-12
56.2341325190346,9999.38218335701,-0.0353357201890766,0.00308857901656769,-1.09157076254795e-08,36.0474783826223,-0.000127399369531408,9.00422775523228e-18,2.54773399945872e-12
57.5439937337154,9999.38218335113,-0.0361587948466544,0.00308857901656587,-1.11699671189322e-08,36.0474783826011,-0.000130366882062399,9.42858393565044e-18,2.60707834783999e-12
58.8843655355586,9999.38218334496,-0.0370010413758761,0.00308857901656397,-1.14301490768027e-08,36.0474783825788,-0.000133403516839862,9.8729394067076e-18,2.6678050036699e-12
60.2559586074355,9999.38218333851,-0.0378629063469998,0.00308857901656197,-1.1696391451009e-08,36.0474783825556,-0.00013651088392775,1.03382367059336e-17,2.72994616502518e-12
61.6595001861479,9999.38218333175,-0.0387448467322412,0.00308857901655989,-1.19688354067819e-08,36.0474783825312,-0.000139690630893224,1.08254627912834e-17,2.7935347799721e-12
63.095734448019,9999.38218332468,-0.0396473301480663,0.0030885790165577,-1.2247625397513e-08,36.0474783825057,-0.000142944443680212,1.13356511346076e-17,2.85860456403598e-12
64.5654229034652,9999.38218331727,-0.0405708351031276,0.00308857901655541,-1.25329092413456e-08,36.047478382479,-0.000146274047503324,1.18698839137844e-17,2.92519001807763e-12
66.0693448007593,9999.38218330951,-0.0415158512519763,0.00308857901655302,-1.28248381995497e-08,36.047478382451,-0.000149681207762577,1.24292943081641e-17,2.99332644658613e-12
67.6082975391978,9999.38218330139,-0.042482879654683,0.00308857901655051,-1.31235670567231e-08,36.0474783824217,-0.000153167730979441,1.30150689021947e-17,3.06304997639775e-12
69.1830970918933,9999.38218329288,-0.0434724330425068,0.00308857901654788,-1.34292542028599e-08,36.0474783823911,-0.000156735465754672,1.36284502023259e-17,3.13439757585088e-12
70.7945784384134,9999.38218328398,-0.0444850360897519,0.00308857901654513,-1.37420617173311e-08,36.047478382359,-0.000160386303748473,1.42707392725328e-17,3.20740707438713e-12
72.4435960074986,9999.38218327465,-0.0455212256919571,0.00308857901654225,-1.40621554548215e-08,36.0474783823253,-0.000164122180683472,1.49432984940463e-17,3.28211718260901e-12
74.1310241300914,9999.38218326488,-0.0465815512505648,0.00308857901653923,-1.43897051332673e-08,36.0474783822901,-0.000167945077371069,1.56475544551466e-17,3.35856751280477e-12
75.857757502918,9999.38218325465,-0.047666574964221,0.00308857901653607,-1.47248844238438e-08,36.0474783822532,-0.000171857020761688,1.63850009771483e-17,3.43679859995141e-12
77.6247116628688,9999.38218324395,-0.0487768721268603,0.00308857901653276,-1.50678710430472e-08,36.0474783822146,-0.000175860085019495,1.71572022829955e-17,3.51685192320681e-12
79.4328234724277,9999.38218323273,-0.0499130314327346,0.0030885790165293,-1.5418846846923e-08,36.0474783821742,-0.000179956392622145,1.79657963151885e-17,3.59876992790259e-12
81.2830516164095,9999.38218322099,-0.0510756552885464,0.00308857901652567,-1.5777997927488e-08,36.0474783821319,-0.000184148115486149,1.88124982100795e-17,3.68259604804911e-12
83.1763771102667,9999.3821832087,-0.0522653601328527,0.00308857901652187,-1.61455147113989e-08,36.0474783820875,-0.000188437476118451,1.96991039359064e-17,3.76837472936482e-12
85.1138038202372,9999.38218319582,-0.0534827767629092,0.00308857901651789,-1.6521592060919e-08,36.0474783820411,-0.000192826748794835,2.06274941022829e-17,3.85615145284194e-12
87.0963589956076,9999.38218318234,-0.0547285506691272,0.00308857901651373,-1.6906429377237e-08,36.0474783819925,-0.00019731826076577,2.15996379492229e-17,3.94597275886108e-12
89.1250938133741,9999.38218316822,-0.0560033423773209,0.00308857901650937,-1.73002307061917e-08,36.0474783819416,-0.000201914393490354,2.26175975241629e-17,4.0378862718676e-12
91.2010839355905,9999.38218315344,-0.0573078277989276,0.0030885790165048,-1.77032048464601e-08,36.0474783818883,-0.000206617583898992,2.36835320558413e-17,4.13194072562267e-12
93.3254300796986,9999.38218313796,-0.058642698589384,0.00308857901650002,-1.81155654602653e-08,36.0474783818325,-0.000211430325685492,2.47997025343117e-17,4.22818598904258e-12
95.4992586021431,9999.38218312175,-0.0600086625148519,0.00308857901649501,-1.85375311866627e-08,36.0474783817741,-0.000216355170629251,2.59684765068059e-17,4.32667309263993e-12
97.7237220955805,9999.38218310478,-0.0614064438274845,0.00308857901648977,-1.89693257574656e-08,36.0474783817129,-0.000221394729948244,2.71923330996194e-17,4.42745425558062e-12
99.9999999999995,9999.38218308701,-0.0628367836494349,0.00308857901648428,-1.94111781158709e-08,36.0474783816488,-0.000226551675683525,2.84738682766703e-17,4.5305829133712e-12
102.329299228075,9999.3821830684,-0.064300440365809,0.00308857901647853,-1.98633225378473e-08,36.0474783815817,-0.000231828742115982,2.98158003458868e-17,4.63611374619104e-12
104.712854805089,9999.38218304891,-0.0657981900267706,0.00308857901647251,-2.03259987563518e-08,36.0474783815115,-0.000237228727216084,3.12209757251031e-17,4.74410270788452e-12
107.15193052376,9999.38218302851,-0.0673308267590144,0.00308857901646621,-2.07994520884397e-08,36.0474783814379,-0.000242754494127406,3.26923749796929e-17,4.85460705562847e-12
109.647819614318,9999.38218300714,-0.0688991631868217,0.00308857901645961,-2.12839335653342e-08,36.0474783813608,-0.000248408972684703,3.42331191447482e-17,4.9676853802907e-12
112.201845430196,9999.38218298477,-0.070504030862925,0.0030885790164527,-2.17797000655269e-08,36.0474783812802,-0.000254195160967349,3.58464763452134e-17,5.08339763749565e-12
114.815362149688,9999.38218296134,-0.0721462807094081,0.00308857901644546,-2.22870144509781e-08,36.0474783811957,-0.000260116126888957,3.75358687280163e-17,5.20180517941366e-12
117.489755493952,9999.38218293681,-0.0738267834688763,0.00308857901643788,-2.28061457064898e-08,36.0474783811073,-0.000266175009824028,3.93048797209005e-17,5.32297078729066e-12
120.226443461741,9999.38218291112,-0.0755464301661357,0.00308857901642994,-2.33373690823249e-08,36.0474783810147,-0.000272375022272489,4.1157261633356e-17,5.44695870473571e-12
123.026877081237,9999.38218288422,-0.0773061325806261,0.00308857901642164,-2.38809662401484e-08,36.0474783809177,-0.000278719451563003,4.30969436157711e-17,5.57383467178371e-12
125.892541179416,9999.38218285605,-0.0791068237298587,0.00308857901641293,-2.44372254023682e-08,36.0474783808161,-0.000285211661595953,4.51280399936868e-17,5.7036659597517e-12
128.824955169313,9999.38218282656,-0.0809494583641145,0.00308857901640382,-2.50064415049549e-08,36.0474783807098,-0.000291855094627027,4.72548589948328e-17,5.83652140690698e-12
131.82567385564,9999.38218279567,-0.0828350134726652,0.00308857901639428,-2.55889163538199e-08,36.0474783805984,-0.000298653273092351,4.94819118874564e-17,5.97247145496607e-12
134.896288259164,9999.38218276333,-0.084764488801786,0.00308857901638429,-2.61849587848376e-08,36.0474783804818,-0.000305609801476124,5.18139225493272e-17,6.11158818644385e-12
138.038426460288,9999.38218272947,-0.0867389073848343,0.00308857901637383,-2.6794884827594e-08,36.0474783803597,-0.000312728368221772,5.4255837487715e-17,6.25394536287265e-12
141.253754462275,9999.38218269401,-0.0887593160846755,0.00308857901636288,-2.74190178729496e-08,36.0474783802319,-0.000320012747687599,5.68128363315951e-17,6.3996184639116e-12
144.543977074592,9999.38218265688,-0.0908267861487436,0.00308857901635141,-2.80576888445058e-08,36.047478380098,-0.000327466802148013,5.94903428183356e-17,6.54868472736695e-12
147.91083881682,9999.382182618,-0.0929424137770306,0.0030885790163394,-2.87112363740651e-08,36.0474783799578,-0.000335094483841347,6.22940362981718e-17,6.70122319014454e-12
151.35612484362,9999.38218257728,-0.0951073207033064,0.00308857901632682,-2.93800069811775e-08,36.047478379811,-0.000342899837065391,6.52298637808691e-17,6.85731473015626e-12
154.881661891247,9999.38218253465,-0.0973226547898768,0.00308857901631365,-3.00643552568704e-08,36.0474783796573,-0.000350887000321731,6.83040525501282e-17,7.01704210920257e-12
158.48931924611,9999.38218249001,-0.0995895906361953,0.00308857901629986,-3.07646440516571e-08,36.0474783794964,-0.000359060208510039,7.15231233724888e-17,7.1804900168539e-12
162.181009735892,9999.38218244326,-0.101909330201651,0.00308857901628542,-3.14812446679254e-08,36.0474783793279,-0.000367423795173472,7.48939043287494e-17,7.34774511535415e-12
165.958690743755,9999.38218239431,-0.104283103442865,0.0030885790162703,-3.22145370568062e-08,36.0474783791514,-0.000375982194796373,7.84235452972425e-17,7.51889608557023e-12
169.824365246173,9999.38218234306,-0.106712168965825,0.00308857901625446,-3.29649100196295e-08,36.0474783789666,-0.000384739945155493,8.21195331196845e-17,7.69403367401177e-12
173.780082874937,9999.38218228939,-0.109197814693223,0.00308857901623788,-3.37327614140714e-08,36.0474783787731,-0.000393701689725985,8.59897074817714e-17,7.87325074094612e-12
177.827941003891,9999.38218223319,-0.111741358547319,0.00308857901622052,-3.45184983651039e-08,36.0474783785705,-0.000402872180143428,9.00422775422028e-17,8.05664230963414e-12
181.970085860997,9999.38218217434,-0.11434414914873,0.00308857901620234,-3.53225374808576e-08,36.0474783783583,-0.000412256278723213,9.4285839345408e-17,8.24430561671272e-12
186.208713666285,9999.38218211272,-0.11700756653148,0.00308857901618331,-3.61453050735131e-08,36.0474783781361,-0.000421858961038605,9.87293940549091e-17,8.43634016375099e-12
190.546071796324,9999.38218204819,-0.119733022874715,0.00308857901616338,-3.69872373853372e-08,36.0474783779035,-0.000431685318558859,1.03382367045995e-16,8.63284777000734e-12
194.984459975803,9999.38218198062,-0.122521963251459,0.0030885790161425,-3.78487808199846e-08,36.0474783776598,-0.00044174056134878,1.08254627898206e-16,8.83393262641534e-12
199.526231496887,9999.38218190987,-0.125375866394811,0.00308857901612065,-3.87303921791864e-08,36.0474783774048,-0.000452030020831175,1.13356511330037e-16,9.03970135082717e-12
204.173794466952,9999.38218183578,-0.128296245481987,0.00308857901609776,-3.96325389049531e-08,36.0474783771377,-0.000462559152613637,1.18698839120258e-16,9.25026304454377e-12
208.929613085403,9999.38218175821,-0.13128464893663,0.00308857901607379,-4.05556993274182e-08,36.047478376858,-0.000473333539381187,1.24292943062358e-16,9.46572935016182e-12
213.796208950222,9999.38218167697,-0.134342661249801,0.0030885790160487,-4.15003629184552e-08,36.0474783765651,-0.00048435889385628,1.30150689000803e-16,9.68621451076815e-12
218.776162394954,9999.38218159191,-0.1374719038201,0.00308857901602242,-4.2467030551202e-08,36.0474783762584,-0.000495641061827773,1.36284502000076e-16,9.91183543051288e-12
223.872113856832,9999.38218150284,-0.140674035813349,0.00308857901599491,-4.34562147656306e-08,36.0474783759373,-0.000507186025250434,1.42707392699908e-16,1.01427117365936e-11
229.086765276776,9999.38218140957,-0.143950755042309,0.00308857901596609,-4.44684400403025e-08,36.047478375601,-0.000518999905416657,1.4943298491259e-16,1.03789658426831e-11
234.422881531991,9999.3821813119,-0.147303798866879,0.00308857901593593,-4.5504243070454e-08,36.0474783752489,-0.000531088966202052,1.56475544520905e-16,1.06207230138352e-11
239.883291901947,9999.38218120964,-0.15073494511527,0.00308857901590433,-4.65641730525594e-08,36.0474783748801,-0.000543459617386632,1.63850009737973e-16,1.08681114329013e-11
245.470891568501,9999.38218110255,-0.154246013026628,0.00308857901587125,-4.76487919755221e-08,36.047478374494,-0.000556118418053365,1.71572022793212e-16,1.11212622684952e-11
251.188643150956,9999.38218099041,-0.157838864215624,0.00308857901583661,-4.87586749186484e-08,36.0474783740898,-0.000569072080065886,1.79657963111597e-16,1.13803097445398e-11
257.039578276885,9999.382180873,-0.161515403659505,0.00308857901580034,-4.98944103565624e-08,36.0474783736664,-0.000582327471627215,1.88124982056619e-16,1.16453912114352e-11
263.026799189536,9999.38218075004,-0.165277580708136,0.00308857901576236,-5.10566004712228e-08,36.0474783732231,-0.000595891620921372,1.96991039310627e-16,1.1916647218883e-11
269.15348039269,9999.3821806213,-0.169127390117575,0.00308857901572259,-5.22458614712078e-08,36.0474783727589,-0.000609771719839808,2.06274940969719e-16,1.21942215904079e-11
275.422870333815,9999.38218048648,-0.173066873107714,0.00308857901568094,-5.34628239184372e-08,36.0474783722729,-0.000623975127794646,2.15996379433995e-16,1.24782614996148e-11
281.838293126443,9999.38218034531,-0.177098118444566,0.00308857901563733,-5.47081330625043e-08,36.0474783717639,-0.000638509375620735,2.26175975177777e-16,1.27689175482223e-11
288.403150312659,9999.38218019749,-0.181223263547753,0.00308857901559167,-5.59824491827961e-08,36.0474783712309,-0.000653382169568599,2.36835320488401e-16,1.30663438459134e-11
295.120922666636,9999.3821800427,-0.185444495623793,0.00308857901554385,-5.72864479385819e-08,36.0474783706729,-0.000668601395390393,2.4799702526635e-16,1.33706980920469e-11
301.9951720402,9999.38217988062,-0.189764052825791,0.00308857901549378,-5.86208207272569e-08,36.0474783700885,-0.000684175122521033,2.59684764983885e-16,1.36821416592715e-11
309.029543251357,9999.3821797109,-0.19418422544013,0.00308857901544135,-5.99862750509302e-08,36.0474783694766,-0.000700111608356716,2.719233309039e-16,1.40008396790874e-11
316.227766016836,9999.38217953318,-0.19870735710082,0.00308857901538645,-6.13835348915517e-08,36.0474783688358,-0.000716419302633102,2.84738682665504e-16,1.43269611294018e-11
323.593656929626,9999.38217934708,-0.203335846032114,0.00308857901532896,-6.2813341094777e-08,36.0474783681649,-0.000733106851905475,2.98158003347906e-16,1.46606789241228e-11
331.131121482589,9999.38217915221,-0.208072146320086,0.00308857901526877,-6.42764517627734e-08,36.0474783674623,-0.000750183104133257,3.12209757129364e-16,1.50021700048406e-11
338.8441561392,9999.38217894816,-0.212918769213815,0.00308857901520573,-6.57736426561758e-08,36.0474783667266,-0.00076765711337132,3.26923749663523e-16,1.53516154346446e-11
346.736850452529,9999.38217873449,-0.217878284456884,0.00308857901513973,-6.73057076054049e-08,36.0474783659563,-0.000785538144570559,3.42331191301206e-16,1.57092004941251e-11
354.813389233573,9999.38217851075,-0.222953321649893,0.00308857901507061,-6.88734589315673e-08,36.0474783651496,-0.000803835678490293,3.58464763291746e-16,1.60751147796119e-11
363.078054770099,9999.38217827647,-0.228146571644708,0.00308857901499824,-7.04777278771578e-08,36.0474783643049,-0.00082255941672509,3.75358687104301e-16,1.64495523037002e-11
371.53522909717,9999.38217803115,-0.23346078797118,0.00308857901492245,-7.21193650467962e-08,36.0474783634204,-0.000841719286848678,3.93048797016175e-16,1.68327115981191e-11
380.189396320558,9999.38217777426,-0.238898788297115,0.0030885790148431,-7.37992408582282e-08,36.0474783624943,-0.000861325447677679,4.11572616122127e-16,1.72247958189957e-11
389.045144994278,9999.38217750527,-0.244463455922224,0.00308857901476,-7.55182460038329e-08,36.0474783615244,-0.000881388294657942,4.30969435925879e-16,1.76260128545709e-11
398.107170553494,9999.3821772236,-0.250157741306901,0.00308857901467299,-7.72772919228795e-08,36.0474783605089,-0.000901918465376351,4.51280399682669e-16,1.80365754354248e-11
407.38027780411,9999.38217692866,-0.255984663636583,0.00308857901458188,-7.90773112847842e-08,36.0474783594455,-0.000922926845201009,4.72548589669605e-16,1.84567012472689e-11
416.869383470332,9999.38217661982,-0.261947312422571,0.00308857901448647,-8.09192584836243e-08,36.047478358332,-0.000944424573052807,4.94819118568951e-16,1.88866130463663e-11
426.579518801589,9999.38217629642,-0.268048849140125,0.00308857901438657,-8.28041101441696e-08,36.047478357166,-0.000966423047311425,5.18139225158173e-16,1.93265387776398e-11
436.515832240163,9999.38217595778,-0.274292508904721,0.00308857901428196,-8.47328656397029e-08,36.0474783559451,-0.000988933931858901,5.42558374509722e-16,1.97767116955312e-11
446.68359215096,9999.38217560318,-0.280681602187354,0.00308857901417242,-8.67065476218998e-08,36.0474783546666,-0.00101196916226398,5.68128362913074e-16,2.02373704876761e-11
457.088189614872,9999.38217523186,-0.287219516569788,0.00308857901405771,-8.87262025630529e-08,36.0474783533279,-0.0010355409521105,5.94903427741611e-16,2.07087594014593e-11
467.735141287195,9999.38217484305,-0.293909718540702,0.00308857901393761,-9.07929013109244e-08,36.0474783519261,-0.00105966179947321,6.22940362497354e-16,2.11911283735174e-11
478.630092322635,9999.38217443592,-0.300755755333664,0.00308857901381184,-9.29077396565241e-08,36.0474783504582,-0.0010843444935444,6.52298637277596e-16,2.16847331622592e-11
489.778819368442,9999.3821740096,-0.307761256807922,0.00308857901368014,-9.50718389151125e-08,36.0474783489211,-0.0011096021214149,6.83040524918948e-16,2.21898354834717e-11
501.187233627268,9999.38217356318,-0.314929937373004,0.00308857901354223,-9.7286346520736e-08,36.0474783473116,-0.00113544807501304,7.15231233086372e-16,2.27067031490856e-11
512.861383991361,9999.38217309573,-0.322265597958146,0.00308857901339783,-9.95524366346124e-08,36.0474783456263,-0.0011618960582052,7.48939042587375e-16,2.32356102091722e-11
524.807460249769,9999.38217260624,-0.329772128027595,0.00308857901324662,-1.01871310767686e-07,36.0474783438615,-0.00118896009406181,7.84235452204759e-16,2.3776837097249e-11
537.031796370249,9999.38217209369,-0.337453507642853,0.00308857901308829,-1.04244198417685e-07,36.0474783420135,-0.00121665453229255,8.21195330355117e-16,2.43306707789687e-11
549.54087385762,9999.38217155698,-0.345313809572956,0.00308857901292249,-1.06672357721016e-07,36.0474783400785,-0.00124499405685476,8.59897073894778e-16,2.48974049042723e-11
562.341325190345,9999.38217099498,-0.353357201453917,0.00308857901274888,-1.09157076119846e-07,36.0474783380522,-0.00127399369373906,9.00422774410049e-16,2.54773399630862e-11
575.439937337152,9999.38217040649,-0.361587947998452,0.00308857901256709,-1.11699671044721e-07,36.0474783359305,-0.00130366881893633,9.42858392344467e-16,2.6070783444646e-11
588.843655355584,9999.38216979026,-0.370010413257191,0.00308857901237673,-1.14301490613085e-07,36.0474783337087,-0.00133403516659026,9.87293939332424e-16,2.66780500005311e-11
602.559586074353,9999.382169145,-0.378629062932556,0.0030885790121774,-1.16963914344066e-07,36.0474783313823,-0.00136510883733981,1.0338236691259e-15,2.72994616114972e-11
616.595001861477,9999.38216846932,-0.387448466746533,0.00308857901196867,-1.19688353889922e-07,36.0474783289462,-0.00139690630685597,1.08254627751931e-15,2.79353477581947e-11
630.957344480188,9999.3821677618,-0.396473300863597,0.00308857901175011,-1.2247625378451e-07,36.0474783263953,-0.00142944443457736,1.13356511169649e-15,2.85860455958636e-11
645.65422903465,9999.38216702094,-0.405708350370078,0.00308857901152124,-1.25329092209203e-07,36.0474783237242,-0.00146274047264936,1.18698838944396e-15,2.92519001330978e-11
660.693448007591,9999.38216624516,-0.415158511811277,0.00308857901128159,-1.28248381776636e-07,36.0474783209272,-0.0014968120750714,1.2429294286953e-15,2.99332644147728e-11
676.082975391976,9999.38216543281,-0.424828795787674,0.00308857901103065,-1.31235670332716e-07,36.0474783179984,-0.00153167730705734,1.30150688789371e-15,3.06304997092352e-11
691.830970918931,9999.38216458219,-0.434724329611617,0.00308857901076788,-1.34292541777312e-07,36.0474783149316,-0.0015673546546139,1.36284501768245e-15,3.13439756998514e-11
707.945784384132,9999.38216369147,-0.44485036002589,0.00308857901049272,-1.37420616904053e-07,36.0474783117202,-0.00160386303434216,1.42707392445711e-15,3.20740706810188e-11
724.435960074984,9999.38216275878,-0.455212255985604,0.0030885790102046,-1.40621554259699e-07,36.0474783083574,-0.0016412218034674,1.49432984633868e-15,3.28211717587423e-11
741.310241300911,9999.38216178213,-0.465815511504884,0.0030885790099029,-1.43897051023523e-07,36.0474783048362,-0.00167945077010253,1.56475544215292e-15,3.35856750558833e-11
758.577575029177,9999.38216075945,-0.476665748569873,0.00308857900958698,-1.47248843907178e-07,36.0474783011491,-0.00171857020375067,1.63850009402875e-15,3.43679859221885e-11
776.247116628685,9999.38215968858,-0.487768720119574,0.00308857900925617,-1.50678710075521e-07,36.0474782972881,-0.00175860084605224,1.71572022425785e-15,3.51685191492123e-11
794.328234724275,9999.38215856723,-0.499130313096139,0.00308857900890977,-1.54188468088893e-07,36.0474782932452,-0.00179956392178245,1.79657962708721e-15,3.59876991902443e-11
812.830516164092,9999.38215739304,-0.510756551566201,0.00308857900854705,-1.57779978867341e-07,36.0474782890118,-0.00184148115010502,1.88124981614875e-15,3.68259603853599e-11
831.763771102664,9999.38215616351,-0.522653599914912,0.00308857900816723,-1.61455146677303e-07,36.0474782845789,-0.00188437475608786,1.96991038826264e-15,3.76837471917133e-11
851.138038202369,9999.38215487604,-0.534827766114376,0.00308857900776951,-1.65215920141273e-07,36.047478279937,-0.00192826748248719,2.06274940438625e-15,3.85615144191941e-11
870.963589956073,9999.38215352789,-0.547285505068224,0.00308857900735305,-1.69064293270988e-07,36.0474782750764,-0.00197318260180596,2.15996378851662e-15,3.94597274715739e-11
891.250938133738,9999.3821521162,-0.560033422034083,0.00308857900691696,-1.73002306524676e-07,36.0474782699867,-0.00201914392863329,2.26175974539262e-15,4.03788625932687e-11
912.010839355902,9999.38215063798,-0.573078276125768,0.00308857900646031,-1.77032047888937e-07,36.0474782646571,-0.00206617583227123,2.36835319788283e-15,4.13194071218503e-11
933.254300796983,9999.38214909009,-0.586426983897056,0.00308857900598215,-1.81155653985817e-07,36.0474782590764,-0.00211430324965572,2.47997024498686e-15,4.2281859746439e-11
954.992586021428,9999.38214746926,-0.600086623008926,0.00308857900548145,-1.85375311205676e-07,36.0474782532326,-0.00216355169857842,2.59684764142159e-15,4.32667307721146e-11
977.237220955802,9999.38214577204,-0.61406443598223,0.00308857900495715,-1.89693256866435e-07,36.0474782471135,-0.00221394729121664,2.71923329980965e-15,4.42745423904872e-11
999.999999999991,9999.38214399483,-0.628367834037768,0.00308857900440815,-1.94111780399836e-07,36.0474782407059,-0.0022655167479783,2.84738681653526e-15,4.53058289565695e-11
1023.29299228075,9999.38214213386,-0.643004401025816,0.00308857900383327,-1.98633224565326e-07,36.0474782339964,-0.00231828741166942,2.98158002238294e-15,4.63611372720988e-11
1047.12854805089,9999.38214018519,-0.657981897447174,0.0030885790032313,-2.03259986692216e-07,36.0474782269706,-0.0023722872619917,3.12209755912699e-15,4.74410268754584e-11
1071.5193052376,9999.38213814468,-0.673308264567889,0.00308857900260095,-2.0799451995078e-07,36.0474782196138,-0.00242754493037762,3.26923748329477e-15,4.85460703383518e-11
1096.47819614317,9999.382136008,-0.688991628629813,0.0030885790019409,-2.12839334652953e-07,36.0474782119102,-0.00248408971517129,3.42331189838453e-15,4.96768535693877e-11
1122.01845430195,9999.38213377062,-0.705040305159238,0.00308857900124975,-2.17796999583332e-07,36.0474782038436,-0.00254195159716271,3.58464761687869e-15,5.08339761247361e-11
1148.15362149687,9999.3821314278,-0.721462803375896,0.00308857900052602,-2.22870143361181e-07,36.0474781953968,-0.00260116125548403,3.75358685345685e-15,5.20180515260205e-11
1174.89755493952,9999.38212897457,-0.738267830704656,0.00308857899976818,-2.28061455834151e-07,36.0474781865519,-0.00266175008387599,3.93048795087892e-15,5.32297075856152e-11
1202.2644346174,9999.38212640572,-0.755464297392309,0.00308857899897462,-2.33373689504479e-07,36.0474781772902,-0.00272375020733327,4.11572614007806e-15,5.44695867395188e-11
1230.26877081237,9999.38212371581,-0.773061321231894,0.00308857899814367,-2.38809660988397e-07,36.0474781675919,-0.00278719449913761,4.30969433607573e-15,5.57383463879824e-11
1258.92541179416,9999.38212089912,-0.791068232397065,0.00308857899727355,-2.44372252509532e-07,36.0474781574367,-0.00285211659828758,4.51280397140697e-15,5.70366592440713e-11
1288.24955169312,9999.38211794968,-0.80949457838907,0.00308857899636243,-2.50064413427108e-07,36.0474781468028,-0.00291855092733445,4.72548586882387e-15,5.83652136903459e-11
1318.2567385564,9999.38211486125,-0.828350129098953,0.00308857899540837,-2.55889161799722e-07,36.0474781356677,-0.00298653271063341,4.94819115512828e-15,5.97247141438508e-11
1348.96288259164,9999.38211162726,-0.847644881987672,0.00308857899440934,-2.61849585985565e-07,36.0474781240079,-0.00305609799302001,5.18139221807201e-15,6.11158814296053e-11
1380.38426460287,9999.38210824085,-0.86738906738688,0.00308857899336323,-2.67948846279901e-07,36.0474781117985,-0.00312728365892156,5.42558370835454e-15,6.25394531627944e-11
1412.53754462274,9999.38210469485,-0.887593153923173,0.00308857899226783,-2.74190176590702e-07,36.0474780990138,-0.00320012745191371,5.6812835888432e-15,6.39961841398608e-11
1445.43977074591,9999.38210098173,-0.908267854068684,0.00308857899112079,-2.805768861533e-07,36.0474780856265,-0.00327466799473257,5.9490342332417e-15,6.54868467387079e-11
1479.10838816819,9999.38209709362,-0.92942412982097,0.0030885789899197,-2.87112361284987e-07,36.0474780716083,-0.00335094480975295,6.22940357653726e-15,6.70122313282237e-11
1513.56124843619,9999.38209302227,-0.951073198515197,0.003088578988662,-2.93800067180484e-07,36.0474780569295,-0.0034289983399436,6.52298631966664e-15,6.85731466873445e-11
1548.81661891247,9999.38208875904,-0.973226538771709,0.00308857898734502,-3.00643549749225e-07,36.0474780415588,-0.00350886997031062,6.83040519095627e-15,7.01704204338792e-11
1584.8931924611,9999.38208429489,-0.995895896582133,0.00308857898596598,-3.07646437495446e-07,36.0474780254638,-0.00359060204984024,7.15231226701227e-15,7.18048994633222e-11
1621.81009735892,9999.38207962035,-1.01909329153725,0.00308857898452195,-3.14812443442059e-07,36.0474780086102,-0.00367423791395278,7.48939035586204e-15,7.34774503978882e-11
1659.58690743755,9999.3820747255,-1.04283102319991,0.00308857898300987,-3.22145367099346e-07,36.0474779909624,-0.00375982190747965,7.84235444528128e-15,7.51889600460053e-11
1698.24365246173,9999.38206959997,-1.06712167762645,0.00308857898142652,-3.29649096479498e-07,36.0474779724828,-0.00384739940817547,8.21195321937858e-15,7.69403358725117e-11
1737.80082874936,9999.38206423289,-1.09197813403992,0.00308857897976855,-3.37327610158095e-07,36.0474779531323,-0.00393701685077792,8.59897064665437e-15,7.87325064798046e-11
1778.27941003891,9999.38205861285,-1.11741357165883,0.00308857897803244,-3.45184979383586e-07,36.0474779328698,-0.00402872175162799,9.00422764290278e-15,8.05664221001964e-11
1819.70085860997,9999.38205272796,-1.14344147668495,0.00308857897621451,-3.53225370235917e-07,36.0474779116524,-0.00412256273386373,9.42858381248359e-15,8.24430550997386e-11
1862.08713666285,9999.38204656572,-1.17007564945379,0.00308857897431091,-3.61453045835439e-07,36.0474778894351,-0.00421858955320079,9.87293927165784e-15,8.43634004937824e-11
1905.46071796323,9999.38204011306,-1.19733021175177,0.00308857897231759,-3.69872368603258e-07,36.0474778661707,-0.00431685312431347,1.03382365578545e-14,8.63284764745474e-11
1949.84459975803,9999.38203335629,-1.22521961430371,0.00308857897023033,-3.78487802574247e-07,36.0474778418098,-0.00441740554783033,1.08254626289179e-14,8.83393249509786e-11
1995.26231496886,9999.38202628109,-1.2537586444348,0.0030885789680447,-3.87303915763926e-07,36.0474778163009,-0.00452030013795851,1.13356509565774e-14,9.03970121011796e-11
2041.73794466951,9999.38201887245,-1.28296243391099,0.00308857896575606,-3.9632538259048e-07,36.0474777895898,-0.00462559145075152,1.18698837185781e-14,9.25026289377113e-11
2089.29613085402,9999.38201111464,-1.31284646696203,0.00308857896335957,-4.05556986353184e-07,36.0474777616198,-0.00473333531303554,1.24292940941247e-14,9.46572918860604e-11
2137.96208950221,9999.38200299123,-1.34342658849141,0.00308857896085012,-4.15003621768569e-07,36.0474777323317,-0.0048435888520094,1.30150686675051e-14,9.686214337658e-11
2187.76162394953,9999.38199448496,-1.37471901247745,0.00308857895822242,-4.24670297565651e-07,36.0474777016632,-0.00495641052553409,1.3628449944994e-14,9.91183524502201e-11
2238.72113856832,9999.38198557781,-1.40674033057022,0.00308857895547087,-4.34562139141619e-07,36.0474776695494,-0.00507186015312774,1.42707389903739e-14,1.01427115378365e-10
2290.86765276775,9999.38197625088,-1.43950752088851,0.00308857895258965,-4.44684391279373e-07,36.047477635922,-0.00518999894768264,1.49432981846652e-14,1.03789656297111e-10
2344.2288153199,9999.38196648438,-1.47303795702192,0.00308857894957264,-4.5504242092837e-07,36.0474776007099,-0.00531088954792093,1.5647554115917e-14,1.06207227856316e-10
2398.83291901947,9999.38195625761,-1.50734941724247,0.00308857894641344,-4.6564172005024e-07,36.0474775638383,-0.00543459605160641,1.63850006051905e-14,1.08681111883768e-10
2454.70891568501,9999.38194554886,-1.54246009393081,0.00308857894310536,-4.76487908530676e-07,36.047477525229,-0.00556118404952979,1.71572018751518e-14,1.11212620064824e-10
2511.88643150955,9999.38193433542,-1.57838860322209,0.00308857893964137,-4.87586737159168e-07,36.0474774848001,-0.00569072066028569,1.79657958679968e-14,1.1380309463788e-10
2570.39578276884,9999.38192259351,-1.61515399487635,0.00308857893601412,-4.98944090678123e-07,36.0474774424658,-0.0058232745658596,1.88124977197436e-14,1.16453909106043e-10
2630.26799189535,9999.38191029822,-1.65277576237897,0.00308857893221593,-5.10565990903022e-07,36.0474773981364,-0.00595891604804376,1.96991033982638e-14,1.19166468965368e-10
2691.53480392689,9999.38189742347,-1.69127385327628,0.00308857892823874,-5.22458599915247e-07,36.0474773517178,-0.00609771702570136,2.06274935127695e-14,1.21942212450078e-10
2754.22870333814,9999.38188394196,-1.73066867975193,0.00308857892407411,-5.34628223329282e-07,36.0474773031115,-0.0062397510928986,2.15996373028343e-14,1.24782611295119e-10
2818.38293126442,9999.38186982507,-1.77098112944971,0.0030885789197132,-5.47081313636009e-07,36.0474772522145,-0.00638509355792499,2.2617596815412e-14,1.27689171516499e-10
2884.03150312657,9999.38185504289,-1.8122325765483,0.00308857891514678,-5.59824473623883e-07,36.0474771989189,-0.00653382148322262,2.36835312787113e-14,1.30663434209784e-10
2951.20922666635,9999.38183956403,-1.85444489309413,0.00308857891036514,-5.72864459879798e-07,36.0474771431114,-0.00668601372624533,2.47997016822056e-14,1.33706976367209e-10
3019.95172040198,9999.38182335568,-1.8976404605981,0.00308857890535815,-5.86208186371491e-07,36.0474770846738,-0.00684175098126974,2.59684755724902e-14,1.36821411713808e-10
3090.29543251356,9999.38180638346,-1.94184218190252,0.00308857890011518,-5.99862728113394e-07,36.0474770234822,-0.00700111582218011,2.71923320751626e-14,1.40008391563032e-10
3162.27766016834,9999.38178861136,-1.98707349332435,0.00308857889462513,-6.13835324917869e-07,36.0474769594067,-0.00716419274624976,2.84738671533758e-14,1.43269605692284e-10
3235.93656929625,9999.38177000169,-2.0333583770814,0.00308857888887634,-6.28133385233827e-07,36.0474768923114,-0.00733106821894226,2.98157991142189e-14,1.46606783238861e-10
3311.31121482588,9999.38175051497,-2.08072137400787,0.00308857888285661,-6.42764490074748e-07,36.047476822054,-0.00750183071975626,3.12209743746061e-14,1.50021693616755e-10
3388.44156139199,9999.38173010987,-2.12918759656614,0.00308857887655318,-6.57736397038201e-07,36.0474767484855,-0.00767657078913797,3.26923734989024e-14,1.53516147454807e-10
3467.36850452528,9999.3817087431,-2.17878274216159,0.00308857886995269,-6.73057044418989e-07,36.0474766714498,-0.00785538107648658,3.42331175210938e-14,1.57091997556728e-10
3548.13389233572,9999.38168636935,-2.22953310676759,0.00308857886304111,-6.88734555418095e-07,36.0474765907835,-0.00803835638927763,3.58464745649118e-14,1.6075113988346e-10
3630.78054770097,9999.38166294116,-2.28146559886782,0.00308857885580381,-7.0477724244967e-07,36.0474765063155,-0.00822559374333076,3.75358667759544e-14,1.64495514558435e-10
3715.35229097168,9999.38163840884,-2.33460775372336,0.00308857884822543,-7.21193611548336e-07,36.0474764178667,-0.00841719241424817,3.93048775805071e-14,1.68327106896243e-10
3801.89396320557,9999.38161272034,-2.3889877479721,0.00308857884028988,-7.37992366879151e-07,36.0474763252494,-0.00861325399005135,4.11572592864614e-14,1.72247948455259e-10
3890.45144994276,9999.38158582118,-2.44463441456816,0.00308857883198035,-7.5518241535262e-07,36.0474762282672,-0.00881388242504372,4.30969410424524e-14,1.76260118114793e-10
3981.07170553493,9999.3815576543,-2.50157725806937,0.0030885788232792,-7.72772871347195e-07,36.0474761267143,-0.00901918409492794,4.5128037172099e-14,1.8036574317732e-10
4073.80277804108,9999.38152815995,-2.55984647028072,0.00308857881416798,-7.90773061541784e-07,36.0474760203754,-0.009229267853207,4.72548559010233e-14,1.84567000496395e-10
4168.69383470331,9999.38149727558,-2.6194729462623,0.00308857880462735,-8.0919252986081e-07,36.047475909025,-0.009444245088899,4.94819084951618e-14,1.88866117630833e-10
4265.79518801588,9999.38146493568,-2.68048830071003,0.0030885787946371,-8.2804104253446e-07,36.0474757924267,-0.00966422978559631,5.18139188297501e-14,1.93265374025772e-10
4365.15832240161,9999.38143107165,-2.74292488471789,0.00308857878417601,-8.47328593276788e-07,36.0474756703334,-0.00988933858190028,5.42558334092799e-14,1.97767102221252e-10
4466.83592150958,9999.38139561165,-2.80681580293073,0.00308857877322191,-8.67065408584443e-07,36.0474755424859,-0.0101196908332636,5.681283185968e-14,2.02373689088932e-10
4570.8818961487,9999.38135848047,-2.87219493109644,0.00308857876175156,-8.87261953158797e-07,36.0474754086132,-0.0103554086752732,5.94903379149783e-14,2.07087577097628e-10
4677.35141287193,9999.38131959935,-2.93909693402704,0.00308857874974063,-9.07928935454384e-07,36.0474752684312,-0.010596617088407,6.22940309217475e-14,2.1191126560832e-10
4786.30092322633,9999.38127888583,-3.00755728397814,0.00308857873716364,-9.29077313356561e-07,36.0474751216427,-0.0108434439642992,6.52298578857371e-14,2.16847312199318e-10
4897.78819368441,9999.38123625353,-3.07761227945639,0.00308857872399392,-9.50718299991418e-07,36.0474749679363,-0.0110960201735486,6.83040460862446e-14,2.21898334022304e-10
5011.87233627267,9999.38119161204,-3.14929906446511,0.00308857871020353,-9.72863369671014e-07,36.0474748069859,-0.0113544796351069,7.15231162849814e-14,2.27067009189954e-10
5128.61383991359,9999.38114486666,-3.22265564819812,0.00308857869576321,-9.95524263977085e-07,36.0474746384502,-0.0116189593872828,7.48938965574521e-14,2.32356078195876e-10
5248.07460249767,9999.38109591824,-3.29772092519231,0.00308857868064235,-1.01871299798646e-06,36.0474744619716,-0.0118895996603999,7.84235367761845e-14,2.3776834536763e-10
5370.31796370247,9999.38104466295,-3.37453469594955,0.00308857866480886,-1.04244186664146e-06,36.0474742771758,-0.012166543951147,8.21195237765303e-14,2.43306680353585e-10
5495.40873857618,9999.38099099207,-3.453137688039,0.00308857864822916,-1.06672345126873e-06,36.0474740836709,-0.0124499390986604,8.59896972372067e-14,2.4897401964441e-10
5623.41325190343,9999.38093479177,-3.53357157769086,0.00308857863086808,-1.09157062624979e-06,36.0474738810464,-0.0127399353623781,9.0042266309261e-14,2.54773368130002e-10
5754.3993733715,9999.38087594282,-3.61587901189312,0.0030885786126888,-1.11699656584711e-06,36.0474736688724,-0.013036686501707,9.42858270287325e-14,2.60707800692681e-10
5888.43655355582,9999.38081432042,-3.70010363100295,0.00308857859365276,-1.14301475118904e-06,36.0474734466991,-0.0133403498575464,9.8729380549943e-14,2.66780463837485e-10
6025.59586074351,9999.38074979383,-3.78629009188474,0.00308857857371958,-1.16963897741753e-06,36.047473214055,-0.0136510864357095,1.03382352238094e-13,2.72994577360449e-10
6165.95001861475,9999.3806822262,-3.87448409158712,0.00308857855284698,-1.19688336100223e-06,36.0474729704467,-0.0139690609922889,1.08254611661666e-13,2.79353436055727e-10
6309.57344480186,9999.38061147422,-3.96473239157135,0.00308857853099068,-1.22476234722504e-06,36.0474727153576,-0.0142944421210094,1.13356493527025e-13,2.8586041146249e-10
6456.54229034648,9999.38053738779,-4.05708284250414,0.00308857850810433,-1.25329071783896e-06,36.0474724482465,-0.0146274023426158,1.18698819599643e-13,2.92518953652499e-10
6606.93448007588,9999.38045980978,-4.15158440962781,0.00308857848413937,-1.28248359890525e-06,36.0474721685468,-0.014968118196343,1.24292921658431e-13,2.99332593059318e-10
6760.82975391974,9999.38037857563,-4.24828719872143,0.00308857845904499,-1.31235646881327e-06,36.0474718756652,-0.0153167703335156,1.30150665531863e-13,3.06304942350135e-10
6918.30970918928,9999.38029351304,-4.34724248266661,0.00308857843276794,-1.34292516648695e-06,36.0474715689806,-0.0156735436133288,1.36284476266895e-13,3.13439698341172e-10
7079.45784384129,9999.38020444157,-4.44850272863201,0.00308857840525249,-1.37420589978255e-06,36.0474712478425,-0.0160386272008589,1.42707364484037e-13,3.20740643957714e-10
7244.35960074981,9999.38011117229,-4.552121625891,0.00308857837644028,-1.40621525408187e-06,36.0474709115695,-0.0164122146673573,1.49432953974503e-13,3.28211650239785e-10
7413.10241300908,9999.38001350737,-4.65815411428729,0.0030885783462702,-1.43897020108572e-06,36.0474705594485,-0.0167945040928806,1.56475510597967e-13,3.35856678394539e-10
7585.77575029174,9999.37991123964,-4.76665641336341,0.00308857831467824,-1.47248810781211e-06,36.0474701907325,-0.01718569817131,1.63849972542212e-13,3.43679781896452e-10
7762.47116628682,9999.37980415219,-4.87768605216776,0.0030885782815974,-1.50678674580408e-06,36.0474698046395,-0.017586004317818,1.71571982008871e-13,3.5168510863643e-10
7943.28234724272,9999.37969201787,-4.99130189975574,0.00308857824695751,-1.54188430055195e-06,36.0474694003506,-0.0179956347788369,1.79657918392458e-13,3.59876903120969e-10
8128.30516164089,9999.37957459882,-5.10756419640141,0.00308857821068509,-1.577799381135e-06,36.047468977008,-0.0184148067445893,1.88124933023059e-13,3.68259508722537e-10
8317.63771102661,9999.37945164598,-5.22653458553593,0.0030885781727032,-1.61455103008776e-06,36.047468533714,-0.018843742464239,1.96990985546398e-13,3.76837369982365e-10
8511.38038202366,9999.37932289856,-5.34827614642996,0.00308857813293129,-1.65215873349604e-06,36.0474680695281,-0.0192826693637243,2.06274882018415e-13,3.85615034966871e-10
8709.6358995607,9999.37918808346,-5.47285342763719,0.00308857809128498,-1.69064243132812e-06,36.0474675834659,-0.0197318201663346,2.15996314795176e-13,3.94597157678969e-10
8912.50938133734,9999.37904691472,-5.60033248121675,0.00308857804767595,-1.73002252800653e-06,36.0474670744963,-0.0201914330160966,2.26175904302723e-13,4.0378850052553e-10
9120.10839355898,9999.37889909292,-5.73078089775269,0.00308857800201168,-1.77031990322611e-06,36.0474665415397,-0.0206617516040332,2.3683524277545e-13,4.13193936842316e-10
9332.54300796979,9999.37874430449,-5.86426784218901,0.00308857795419533,-1.81155592302388e-06,36.0474659834656,-0.0211430252973629,2.47996940055795e-13,4.22818453477714e-10
9549.92586021424,9999.37858222111,-6.00086409049931,0.00308857790412546,-1.85375245110692e-06,36.0474653990904,-0.0216355092717087,2.59684671552372e-13,4.32667153436645e-10
9772.37220955798,9999.37841249898,-6.14064206721041,0.00308857785169588,-1.89693186044385e-06,36.0474647871744,-0.0221394646463858,2.71923228458284e-13,4.42745258586054e-10
9999.99999999987,9999.3782347781,-6.28367588379983,0.00308857779679536,-1.94111704512644e-06,36.0474641464197,-0.0226551586228395,2.84738570336123e-13,4.53058112423393e-10
10232.9299228074,9999.3780486815,-6.43004137798762,0.00308857773930747,-1.98633143250735e-06,36.0474634754672,-0.0231828646263085,2.98157880181191e-13,4.63611182909596e-10
10471.2854805089,9999.37785381445,-6.57981615394309,0.00308857767911026,-2.03259899562064e-06,36.0474627728937,-0.0237228624507857,3.12209622079749e-13,4.74410065368017e-10
10715.1930523759,9999.3776497636,-6.73307962342806,0.00308857761607604,-2.07994426589142e-06,36.047462037209,-0.024275438407356,3.26923601584569e-13,4.8546048545089e-10
10964.7819614317,9999.37743609614,-6.88991304789809,0.00308857755007112,-2.12839234614158e-06,36.0474612668525,-0.0248408854759886,3.42331028935865e-13,4.96768302174864e-10
11220.1845430195,9999.37721235886,-7.05039958158429,0.00308857748095548,-2.17796892389835e-06,36.0474604601904,-0.0254195034608634,3.58464585261693e-13,5.08339511027236e-10
11481.5362149687,9999.37697807717,-7.2146243155784,0.00308857740858253,-2.22870028501282e-06,36.0474596155114,-0.0260115991493157,3.75358491898235e-13,5.20180247144517e-10
11748.9755493951,9999.37673275414,-7.38267432294441,0.00308857733279875,-2.28061332759555e-06,36.047458731024,-0.0266174864744818,3.93048582976986e-13,5.32296788565023e-10
12022.644346174,9999.3764758694,-7.55463870488084,0.00308857725344339,-2.33373557627677e-06,36.047457804852,-0.0272374866817319,4.11572381432829e-13,5.44695559557205e-10
12302.6877081237,9999.37620687807,-7.73060863795787,0.00308857717034813,-2.38809519679861e-06,36.0474568350309,-0.0278719284989792,4.30969178594188e-13,5.57383134025491e-10
12589.2541179415,9999.37592520959,-7.9106774224546,0.00308857708333672,-2.44372101094713e-06,36.0474558195036,-0.0285211483109546,4.51280117524089e-13,5.70366238995438e-10
12882.4955169312,9999.37563026649,-8.09494053182178,0.00308857699222459,-2.50064251183211e-06,36.0474547561161,-0.0291854903375403,4.72548280288883e-13,5.83651758180035e-10
13182.5673855639,9999.37532142318,-8.28349566329646,0.00308857689681849,-2.5588898795226e-06,36.0474536426127,-0.029865306816255,4.94818779339746e-13,5.9724673562906e-10
13489.6288259164,9999.37499802455,-8.47644278969516,0.00308857679691604,-2.61849399704659e-06,36.0474524766316,-0.0305609581889894,5.18138853200759e-13,6.11158379463411e-10
13803.8426460287,9999.37465938463,-8.67388421241306,0.00308857669230534,-2.67948646676321e-06,36.0474512556996,-0.0312728132930894,5.42557966666541e-13,6.25394065696389e-10
14125.3754462274,9999.37430478513,-8.87592461565742,0.0030885765827645,-2.7418996271162e-06,36.0474499772269,-0.032001249556889,5.68127915721935e-13,6.39961342143969e-10
14454.3977074591,9999.3739334739,-9.08267112194359,0.00308857646806117,-2.80576656977743e-06,36.0474486385017,-0.032746653199796,5.94902937406296e-13,6.54867932426115e-10
14791.0838816819,9999.37354466334,-9.2942333488834,0.00308857634795204,-2.87112115718964e-06,36.0474472366845,-0.0335094194370361,6.22939824855394e-13,6.7012174006126e-10
15135.6124843619,9999.37313752873,-9.51072346729573,0.00308857622218236,-2.9379980405176e-06,36.0474457688018,-0.0342899526891654,6.52298047764934e-13,6.85730852656127e-10
15488.1661891246,9999.3727112065,-9.73225626067008,0.00308857609048534,-3.0064326780173e-06,36.04744423174,-0.0350886667964598,6.83039878531196e-13,7.01703546193107e-10
15848.9319246109,9999.37226479236,-9.9589491860147,0.00308857595258165,-3.07646135383275e-06,36.0474426222389,-0.0359059852382971,7.15230524336327e-13,7.18048289417447e-10
16218.1009735891,9999.37179733941,-10.1909224361214,0.00308857580817877,-3.14812119723051e-06,36.0474409368845,-0.0367423413576461,7.48938265458442e-13,7.347737483266e-10
16595.8690743754,9999.37130785612,-10.4282990032798,0.0030885756569704,-3.22145020228196e-06,36.0474391721019,-0.0375981785907828,7.8423460009987e-13,7.51888790764085e-10
16982.4365246172,9999.37079530426,-10.6712047444756,0.00308857549863582,-3.29648724800385e-06,36.0474373241479,-0.0384739507023547,8.21194396040733e-13,7.69402491120301e-10
17378.0082874935,9999.37025859662,-10.9197684481058,0.00308857533283918,-3.37327211896771e-06,36.0474353891027,-0.0393701220259171,8.59896049439484e-13,7.87324135142787e-10
17782.794100389,9999.36969659479,-11.1741219022479,0.0030885751592288,-3.45184552638913e-06,36.0474333628619,-0.0402871677100702,9.00421651117219e-13,8.05663224858463e-10
18197.0085860996,9999.36910810671,-11.4343999645178,0.00308857497743644,-3.53224912970789e-06,36.0474312411275,-0.0412255739703253,9.42857160678445e-13,8.24429483610458e-10
18620.8713666284,9999.3684918841,-11.7007406335548,0.00308857478707649,-3.61452555867057e-06,36.0474290193991,-0.0421858383468349,9.8729258883757e-13,8.43632861212196e-10
19054.6071796322,9999.36784661991,-11.9732851221692,0.00308857458774518,-3.69871843592713e-06,36.0474266929642,-0.0431684699681219,1.03382218833784e-12,8.63283539221463e-10
19498.4459975802,9999.36717094543,-12.2521779321944,0.00308857437901971,-3.7848724001535e-06,36.0474242568881,-0.0441739898209486,1.08254465386759e-12,8.8339193633724e-10
19952.6231496885,9999.3664634275,-12.5375669310799,0.00308857416045733,-3.87303312971251e-06,36.0474217060036,-0.045202931026467,1.13356333139791e-12,9.03968713922162e-10
20417.379446695,9999.36572256538,-12.829603430268,0.00308857393159446,-3.9632473668654e-06,36.0474190349001,-0.0462558391227966,1.18698643738553e-12,9.25024781653519e-10
20892.9613085401,9999.36494678762,-13.1284422653943,0.00308857369194565,-4.05556294254697e-06,36.0474162379117,-0.0473332723541805,1.24292728830596e-12,9.46571303305793e-10
21379.620895022,9999.36413444872,-13.4342418783553,0.00308857344100257,-4.1500288017174e-06,36.0474133091058,-0.0484358019668703,1.30150454100366e-12,9.68619702667774e-10
21877.6162394952,9999.3632838256,-13.7471644012856,0.00308857317823297,-4.24669502930401e-06,36.04741024227,-0.0495640125118987,1.3628424443689e-12,9.91181669597406e-10
22387.2113856831,9999.362393114,-14.0673757424896,0.00308857290307945,-4.34561287674684e-06,36.0474070308993,-0.0507185021548977,1.42707110287516e-12,1.01426916621753e-09
22908.6765276774,9999.36146042463,-14.3950456743736,0.00308857261495841,-4.446834789162e-06,36.0474036681819,-0.051899882993127,1.49432675253589e-12,1.03789443325585e-09
23442.2881531989,9999.36048377915,-14.7303479234231,0.00308857231325869,-4.55041443313715e-06,36.0474001469853,-0.053108781379881,1.56475204986595e-12,1.06206999653236e-09
23988.3291901946,9999.35946110599,-15.0734602622751,0.00308857199734037,-4.65640672517371e-06,36.0473964598405,-0.0543458382564437,1.63849637446044e-12,1.08680867359787e-09
24547.08915685,9999.35839023596,-15.4245646039321,0.00308857166653335,-4.76486786079107e-06,36.0473925989267,-0.0556117094917687,1.71571614583273e-12,1.11212358052687e-09
25118.8643150954,9999.35726889761,-15.7838470981685,0.00308857132013595,-4.87585534430778e-06,36.0473885560545,-0.0569070662300622,1.7965751551835e-12,1.1380281388685e-09
25703.9578276883,9999.3560947125,-16.1514982301797,0.00308857095741343,-4.98942801931587e-06,36.0473843226486,-0.0582325952464543,1.88124491280441e-12,1.16453608275929e-09
26302.6799189534,9999.35486519003,-16.5277129215273,0.00308857057759641,-5.105646099864e-06,36.0473798897295,-0.0595889993109441,1.96990501185315e-12,1.19166146620134e-09
26915.3480392688,9999.35357772229,-16.9126906334319,0.00308857017987926,-5.22457120236621e-06,36.0473752478946,-0.0609769975608124,2.06274350927123e-12,1.21941867050981e-09
27542.2870333813,9999.35222957841,-17.3066354724686,0.0030885697634184,-5.34626637825285e-06,36.0473703872979,-0.0623973258816976,2.15995732465241e-12,1.24782241193369e-09
28183.8293126441,9999.35081789886,-17.7097562987222,0.00308856932733046,-5.47079614738109e-06,36.0473652976299,-0.0638507372975364,2.26175265790745e-12,1.27688774945385e-09
28840.3150312656,9999.34933968933,-18.1222668364573,0.00308856887069046,-5.59822653222258e-06,36.0473599680946,-0.065338002369574,2.36834542661103e-12,1.30663009276244e-09
29512.0922666634,9999.3477918144,-18.5443857873625,0.00308856839252982,-5.72862509284618e-06,36.0473543873879,-0.0668599096046554,2.47996172395809e-12,1.33706521042788e-09
30199.5172040197,9999.34617099088,-18.9763369464284,0.00308856789183433,-5.86206096271442e-06,36.0473485436723,-0.0684172658730119,2.59683829830086e-12,1.36820923824981e-09
30902.9543251354,9999.34447378087,-19.4183493205208,0.00308856736754196,-5.99860488531225e-06,36.047342424553,-0.0700108968357636,2.71922305528322e-12,1.40007868780824e-09
31622.7766016833,9999.34269658443,-19.8706572497104,0.00308856681854064,-6.13832925162771e-06,36.0473360170507,-0.0716416473823626,2.8473755836374e-12,1.43269045521157e-09
32359.3656929623,9999.34083563198,-20.3335005314242,0.00308856624366589,-6.28130813850395e-06,36.0473293075745,-0.0733103820782074,2.98156770575766e-12,1.46606183004797e-09
33113.1121482586,9999.33888697629,-20.8071245474831,0.00308856564169836,-6.42761734788302e-06,36.0473222818932,-0.075017985622665,3.12208405421855e-12,1.50021050454494e-09
33884.4156139197,9999.33684648409,-21.2917803940931,0.00308856501136123,-6.57733444696191e-06,36.0473149251046,-0.07676536331774,3.26922267546015e-12,1.53515458294171e-09
34673.6850452526,9999.33470982736,-21.7877250148575,0.0030885643513175,-6.73053880928212e-06,36.0473072216045,-0.0785534415476385,3.42329566192022e-12,1.57091259107961e-09
35481.338923357,9999.33247247407,-22.2952213368821,0.00308856366016717,-6.88731165677422e-06,36.0472991550531,-0.0803831682694788,3.58462981395358e-12,1.60750348621528e-09
36307.8054770096,9999.33012967865,-22.8145384100421,0.00308856293644426,-7.04773610277958e-06,36.0472907083408,-0.0822555135154071,3.75356733294222e-12,1.644946667062e-09
37153.5229097167,9999.32767647186,-23.3459515494864,0.00308856217861371,-7.21189719607192e-06,36.0472818635514,-0.08417146990638,3.9304665470655e-12,1.68326198406431e-09
38018.9396320555,9999.32510765028,-23.8897424814527,0.0030885613850681,-7.37988196590163e-06,36.0472726019245,-0.0861320531778877,4.11570267126937e-12,1.7224697499114e-09
38904.5144994275,9999.32241776528,-24.4461994924702,0.00308856055412427,-7.55177946808675e-06,36.0472629038158,-0.0881383027178891,4.30966860304565e-12,1.7625907502948e-09
39810.7170553491,9999.31960111147,-25.0156175820292,0.00308855968401974,-7.72768083217454e-06,36.0472527486548,-0.0901912821172448,4.51277575570852e-12,1.80364625491587e-09
40738.0277804107,9999.31665171454,-25.5982986187954,0.00308855877290898,-7.90767930969859e-06,36.047242114902,-0.0922920797329349,4.72545493093487e-12,1.84565802874912e-09
41686.9383470329,9999.31356331869,-26.1945515004537,0.00308855781885947,-8.09187032355661e-06,36.0472309800026,-0.094441809264357,4.94815723241804e-12,1.88864834356694e-09
42657.9518801586,9999.31032937327,-26.8046923172625,0.00308855681984762,-8.28035151853486e-06,36.0472193203389,-0.0966416103430068,5.18135502257193e-12,1.93263998973209e-09
43651.5832240159,9999.30694301894,-27.4290445194063,0.00308855577375449,-8.47322281300563e-06,36.0472071111803,-0.0988926491358494,5.42554292431354e-12,1.97765628826388e-09
44668.3592150956,9999.30339707311,-28.0679390882328,0.00308855467836126,-8.67058645182485e-06,36.0471943266307,-0.101196118962698,5.68123887004736e-12,2.02372110318456e-09
45708.8189614868,9999.2996840147,-28.7217147114643,0.00308855353134457,-8.87254706045749e-06,36.0471809395734,-0.103553240927922,5.94898520007534e-12,2.0708588541522e-09
46773.5141287191,9999.29579596818,-29.3907179624758,0.00308855233027157,-9.07921170035895e-06,36.0471669216143,-0.105965264566813,6.22934981276039e-12,2.11909452938673e-09
47863.0092322631,9999.29172468692,-30.0753034837323,0.00308855107259474,-9.29068992564159e-06,36.0471522430208,-0.108433468506953,6.52292736888159e-12,2.16845369889596e-09
48977.8819368439,9999.28746153564,-30.7758341744816,0.00308854975564653,-9.50709384105563e-06,36.0471368726593,-0.110959161144921,6.8303405527334e-12,2.21896252800836e-09
50118.7233627264,9999.28299747213,-31.4926813828005,0.00308854837663366,-9.72853816131506e-06,36.047120777929,-0.113543681338693,7.15224139264194e-12,2.27064779121978e-09
51286.1383991357,9999.27832302805,-32.2262251020945,0.00308854693263124,-9.95514027179902e-06,36.0471039246929,-0.116188399116105,7.48931264369666e-12,2.32353688636116e-09
52480.7460249764,9999.2734282889,-32.9768541721526,0.00308854542057652,-1.01870202906608e-05,36.0470862772051,-0.118894716399738,7.84226923562813e-12,2.37765784909482e-09
53703.1796370244,9999.26830287294,-33.7449664848635,0.00308854383726245,-1.0424301132376e-05,36.0470677980353,-0.1216640677486,8.21185978889974e-12,2.4330393677467e-09
54954.0873857616,9999.26293590919,-34.5309691946976,0.00308854217933083,-1.06671085727641e-05,36.0470484479894,-0.124497921117004,8.59886820222652e-12,2.4897107984823e-09
56234.132519034,9999.25731601441,-35.3352789340668,0.0030885404432652,-1.09155713155155e-05,36.0470281860263,-0.127397778631023,9.00411531488452e-12,2.54770218083431e-09
57543.9937337148,9999.25143126892,-36.1583220336711,0.00308853862538342,-1.11698210602603e-05,36.0470069691706,-0.130365177382927,9.42846064733333e-12,2.60704425358974e-09
58884.365535558,9999.24526919134,-37.0005347479489,0.00308853672182979,-1.14299925722125e-05,36.046984752422,-0.133401690244025,9.87280422383936e-12,2.66776847104508e-09
60255.9586074348,9999.23881671213,-37.8623634857456,0.00308853472856697,-1.16962237534275e-05,36.0469614886597,-0.136508926696311,1.03380884809617e-11,2.72990701963767e-09
61659.5001861472,9999.23206014588,-38.7442650463204,0.00308853264136732,-1.19686557157073e-05,36.0469371285423,-0.139688533683369,1.08253002659435e-11,2.79349283496201e-09
63095.7344480183,9999.22498516225,-39.6467068608135,0.003088530455804,-1.22474328551939e-05,36.0469116204032,-0.142942196480955,1.13354729292422e-11,2.85855961917972e-09
64565.4229034645,9999.21757675564,-40.5701672392984,0.00308852816724157,-1.25327029286864e-05,36.0468849101412,-0.146271639587721,1.18696885156315e-11,2.92514185883216e-09
66069.3448007586,9999.20981921336,-41.5151356235453,0.00308852577082615,-1.28246171317239e-05,36.0468569411058,-0.149678627636526,1.24290800585162e-11,2.99327484306492e-09
67608.2975391971,9999.20169608227,-42.4821128456267,0.00308852326147514,-1.31233301784724e-05,36.0468276539768,-0.153164966326812,1.3014833982318e-11,3.06299468227347e-09
69183.0970918925,9999.19319013396,-43.4716113924985,0.00308852063386643,-1.34290003834572e-05,36.046796986639,-0.156732503378528,1.36281926180224e-11,3.13433832717965e-09
70794.5784384127,9999.18428332816,-44.4841556766901,0.00308851788242712,-1.37417897451835e-05,36.04676487405,-0.160383129508074,1.4270456837212e-11,3.20734358834865e-09
72443.5960074979,9999.17495677454,-45.5202823132447,0.00308851500132173,-1.40618640316866e-05,36.0467312481027,-0.164118779426777,1.4942988810164e-11,3.28204915615662e-09
74131.0241300906,9999.16519069264,-46.5805404030497,0.00308851198443979,-1.43893928680573e-05,36.0466960374804,-0.167941432862417,1.56472148938537e-11,3.35849462121896e-09
75857.7575029172,9999.15496436993,-47.6654918227017,0.0030885088253829,-1.47245498259851e-05,36.0466591675064,-0.171853115604304,1.63846286559751e-11,3.4367204952899e-09
77624.7116628679,9999.1442561179,-48.7757115210551,0.00308850551745117,-1.50675125153661e-05,36.0466205599849,-0.175855900572449,1.71567940413844e-11,3.51676823264381e-09
79432.8234724269,9999.13304322607,-49.9117878226031,0.00308850205362901,-1.54184626780221e-05,36.0465801330356,-0.179951908911382,1.79653486876651e-11,3.59868025194923e-09
81283.0516164086,9999.12130191389,-51.074322737847,0.00308849842657027,-1.57775862835775e-05,36.04653780092,-0.184143311109148,1.88120073968364e-11,3.6824999586467e-09
83176.3771102658,9999.10900728027,-52.2639322808088,0.00308849462858265,-1.61450736275443e-05,36.0464934738599,-0.188432328142076,1.96985657705488e-11,3.76827176784171e-09
85113.8038202363,9999.09613325082,-53.481246793849,0.00308849065161139,-1.65211194316621e-05,36.0464470578466,-0.192821232645868,2.06269040164621e-11,3.85604112772428e-09
87096.3589956067,9999.08265252259,-54.726911279953,0.00308848648722223,-1.69059229465467e-05,36.0463984544421,-0.19731235011363,2.15989909338588e-11,3.94585454352704e-09
89125.0938133731,9999.06853650616,-56.001585742652,0.00308848212658349,-1.72996880566964e-05,36.0463475605701,-0.20190806012142,2.26168880869253e-11,4.03775960203382e-09
91201.0839355895,9999.0537552651,-57.3059455337501,0.00308847756044738,-1.77026233879095e-05,36.0462942682979,-0.206610797581945,2.36827541745286e-11,4.13180499665103e-09
93325.4300796976,9999.03827745245,-58.6406817090307,0.00308847277913037,-1.81149424171675e-05,36.0462384646072,-0.211423054027021,2.47988496057334e-11,4.22804055305432e-09
95499.258602142,9999.02207024431,-60.0065013921199,0.00308846777249269,-1.85368635850375e-05,36.0461800311547,-0.216347378919447,2.59675412907329e-11,4.32651725542342e-09
97723.7220955795,9999.00509927031,-61.4041281466865,0.00308846252991685,-1.89686104106503e-05,36.0461188440215,-0.221386380994938,2.71913076573271e-11,4.42728727327808e-09
99999.9999999984,9998.98732854068,-62.8343023571651,0.00308845704028509,-1.94104116093106e-05,36.0460547734501,-0.22654272963478,2.84727439035537e-11,4.53040398892839e-09
102329.299228074,9998.96872037007,-64.2977816181879,0.00308845129195588,-1.98625012127988e-05,36.0459876835698,-0.231819156269885,2.98145674975746e-11,4.63592202555319e-09
104712.854805088,9998.94923529763,-65.7953411329186,0.00308844527273918,-2.03251186924215e-05,36.0459174321085,-0.237218455816951,3.12196239364439e-11,4.74389727592018e-09
107151.930523759,9998.92883200341,-67.3277741204825,0.00308843896987069,-2.07985090848728e-05,36.0458438700913,-0.242743488147401,3.26908927759268e-11,4.85438693176194e-09
109647.819614317,9998.9074672208,-68.895892232692,0.00308843236998473,-2.12829231209664e-05,36.0457668415248,-0.248397179589853,3.42314939441091e-11,4.96744951382216e-09
112201.845430195,9998.88509564487,-70.5005259802704,0.00308842545908595,-2.17786173573023e-05,36.0456861830666,-0.254182524466822,3.58446943521354e-11,5.08314490258662e-09
114815.362149686,9998.86166983634,-72.1425251687798,0.00308841822251969,-2.22858543109316e-05,36.0456017236792,-0.260102586666415,3.75339148160383e-11,5.20153436971399e-09
117489.755493951,9998.83714012112,-73.8227593444638,0.00308841064494091,-2.2804902597083e-05,36.0455132842677,-0.266160501249771,3.93027373042753e-11,5.32268061018131e-09
120226.443461739,9998.81145448503,-75.5421182502178,0.0030884027102817,-2.33360370700187e-05,36.0454206773003,-0.272359476095017,4.11549125262741e-11,5.44664777515984e-09
123026.877081236,9998.78455846365,-77.3015122919058,0.00308839440171721,-2.38795389670867e-05,36.0453237064108,-0.278702793578528,4.3094367878004e-11,5.57350150563679e-09
125892.541179415,9998.75639502691,-79.1018730152438,0.00308838570163005,-2.44356960560366e-05,36.0452221659833,-0.285193812294277,4.51252157613412e-11,5.70330896679897e-09
128824.955169311,9998.72690445834,-80.944153593476,0.00308837659157294,-2.50048027856694e-05,36.045115840716,-0.291835968812107,4.72517622947786e-11,5.83613888319452e-09
131825.673855639,9998.69602422855,-82.8293293260714,0.00308836705222967,-2.55871604398927e-05,36.0450045051654,-0.298632779475729,4.94785164338537e-11,5.97206157468935e-09
134896.288259163,9998.6636888628,-84.7583981486739,0.00308835706337415,-2.61830772952509e-05,36.044887923269,-0.305587842241296,5.1810199520526e-11,6.11114899323485e-09
138038.426460286,9998.62982980236,-86.7323811545436,0.00308834660382763,-2.67928687820064e-05,36.0447658478454,-0.312704838557405,5.42517552816348e-11,6.25347476046412e-09
141253.754462273,9998.59437525936,-88.7523231277253,0.00308833565141378,-2.74168576488423e-05,36.0446380200704,-0.319987535287387,5.68083602975079e-11,6.39911420613385e-09
144543.97707459,9998.55725006471,-90.819293088193,0.00308832418291182,-2.80553741312659e-05,36.0445041689296,-0.327439786674765,5.94854349627771e-11,6.54814440742952e-09
147910.838816818,9998.51837550903,-92.9343848492121,0.0030883121740073,-2.87087561237857e-05,36.0443640106442,-0.33506553635277,6.22886549624849e-11,6.7006442291516e-09
151356.124843618,9998.47766917599,-95.0987175871741,0.00308829959924063,-2.93773493559412e-05,36.0442172480705,-0.342868819398824,6.52239632876448e-11,6.85669436480102e-09
154881.661891246,9998.43504476781,-97.3134364241547,0.00308828643195321,-3.00615075722636e-05,36.0440635700705,-0.350853764434889,6.82975828155425e-11,7.01637737858195e-09
158489.319246109,9998.39041192269,-99.5797130234552,0.00308827264423098,-3.0761592716247e-05,36.043902650854,-0.359024595774637,7.1516029481248e-11,7.17977774834069e-09
162181.00973589,9998.34367602347,-101.898746198384,0.00308825820684535,-3.14779751184098e-05,36.0437341492882,-0.367385635618348,7.48861260680366e-11,7.34698190945925e-09
165958.690743753,9998.29473799746,-104.271762534547,0.00308824308919136,-3.22110336885285e-05,36.0435577081767,-0.375941306296513,7.84150166457117e-11,7.51807829972275e-09
169824.365246172,9998.24349410681,-106.700017025906,0.0030882272592229,-3.29611561121265e-05,36.043372953503,-0.384696132563084,8.21101816871674e-11,7.69315740517978e-09
173780.082874935,9998.18983572898,-109.184793724885,0.00308821068338494,-3.37287390512992e-05,36.0431794936395,-0.393654743939355,8.5979453894943e-11,7.87231180701516e-09
177827.941003889,9998.13364912702,-111.727406406779,0.00308819332654248,-3.45141883499618e-05,36.0429769185193,-0.402821877109443,9.00310347709944e-11,8.05563622945465e-09
181970.085860995,9998.07481520892,-114.329199248765,0.00308817515190633,-3.53179192436032e-05,36.042764798768,-0.412202378368365,9.42735119644547e-11,8.24322758872147e-09
186208.713666284,9998.01320927582,-116.991547523762,0.00308815612095522,-3.61403565736307e-05,36.0425426847965,-0.421801206123703,9.87158774337653e-11,8.43518504306444e-09
190546.071796322,9997.94870075825,-119.715858309444,0.00308813619335438,-3.69819350063932e-05,36.0423101058497,-0.431623433451863,1.03367546461251e-10,8.63161004387786e-09
194984.459975801,9997.88115294011,-122.503571212666,0.00308811532687026,-3.78430992569682e-05,36.0420665690117,-0.441674250709936,1.08238377559971e-10,8.83260638793337e-09
199526.231496885,9997.81042266964,-125.356159109602,0.00308809347728124,-3.87243043177996e-05,36.041811558163,-0.451958968204179,1.13338693314537e-10,9.03828027074394e-09
204173.79446695,9997.73636005684,-128.275128901863,0.00308807059828417,-3.96260156922731e-05,36.0415445328906,-0.462483018916118,1.18679302199492e-10,9.24874034108041e-09
208929.6130854,9997.6588081567,-131.262022288882,0.00308804664139648,-4.05487096333187e-05,36.041264927345,-0.473251961287318,1.24271521420887e-10,9.46409775666098e-09
213796.20895022,9997.57760263762,-134.318416556854,0.00308802155585381,-4.14928733871238e-05,36.0409721490452,-0.48427148206382,1.30127200828788e-10,9.68446624103407e-09
218776.162394952,9997.49257143422,-137.445925384511,0.00308799528850271,-4.24590054420489e-05,36.0406655776268,-0.495547399201272,1.36258747950639e-10,9.90996214167486e-09
223872.11385683,9997.40353438391,-140.646199666005,0.00308796778368838,-4.34476157828292e-05,36.0403445635319,-0.507085664831772,1.42679154197731e-10,1.01407044893159e-08
229086.765276773,9997.31030284648,-143.9209283512,0.00308793898313718,-4.4459226150151e-05,36.0400084266372,-0.518892368293436,1.49402022299409e-10,1.03768150585323e-08
234422.881531988,9997.21267930577,-147.271839303633,0.00308790882583354,-4.54943703056888e-05,36.0396564548181,-0.530973739223693,1.56441595022175e-10,1.06184184296007e-08
239883.291901945,9997.1104569528,-150.700700176426,0.00308787724789122,-4.65535943026873e-05,36.0392879024458,-0.543336150717307,1.63812785233474e-10,1.08656420516534e-08
245470.891568499,9997.00341924929,-154.209319306429,0.00308784418241847,-4.76374567621748e-05,36.0389019888133,-0.555986122550116,1.71531207372677e-10,1.11186163071463e-08
251188.643150954,9996.89133947086,-157.799546626859,0.00308780955937688,-4.87465291548897e-05,36.0384978964887,-0.568930324469448,1.79613210394659e-10,1.137747457766e-08
257039.578276882,9996.77398022875,-161.473274598691,0.00308777330543369,-4.98813960890021e-05,36.0380747695909,-0.582175579552178,1.88075912254344e-10,1.1642353311054e-08
263026.799189534,9996.65109296928,-165.232439161081,0.00308773534380712,-5.10426556037106e-05,36.0376317119847,-0.59572886763136,1.9693723600374e-10,1.1913392089992e-08
269153.480392687,9996.52241744981,-169.07902070105,0.0030876955941045,-5.22309194687937e-05,36.0371677853915,-0.609597328792338,2.06215947576202e-10,1.21907337018564e-08
275422.870333812,9996.38768119034,-173.01504504269,0.00308765397215288,-5.34468134901883e-05,36.0366820074122,-0.623788266939228,2.15931695336133e-10,1.24745242100704e-08
281838.29312644,9996.24659889936,-177.042584456121,0.00308761038982165,-5.46909778216717e-05,36.036173349457,-0.638309153432606,2.26105051475819e-10,1.27649130268442e-08
288403.150312656,9996.09887187301,-181.163758686429,0.00308756475483693,-5.59640672827146e-05,36.0356407345793,-0.653167630799239,2.36757555344865e-10,1.3062052987361e-08
295120.922666633,9995.94418736614,-185.380736002793,0.00308751697058727,-5.72667516825721e-05,36.0350830352081,-0.668371516514618,2.47911758801519e-10,1.33661004254197e-08
301995.172040196,9995.78221793404,-189.695734268014,0.00308746693592034,-5.85997161506757e-05,36.0344990707746,-0.683928806859023,2.59591273679251e-10,1.36772152505478e-08
309029.543251354,9995.61262074352,-194.111022028622,0.00308741454493007,-5.99636614733833e-05,36.0338876052282,-0.699847680847796,2.71820821466136e-10,1.39955610265984e-08
316227.766016832,9995.43503685186,-198.62891962574,0.00308735968673395,-6.13593044371405e-05,36.0332473444373,-0.716136504236454,2.84626285299007e-10,1.4321305051843e-08
323593.656929623,9995.24909045215,-203.251800326856,0.00308730224523986,-6.27873781781018e-05,36.0325769334679,-0.732803833601176,2.98034764378914e-10,1.46546184405727e-08
331131.121482585,9995.05438808359,-207.982091478638,0.00308724209890216,-6.42486325382512e-05,36.031874953737,-0.749858420495163,3.12074630919193e-10,1.49956762062161e-08
338844.156139197,9994.850517805,-212.822275680906,0.00308717912046633,-6.57438344280583e-05,36.0311399200321,-0.767309215681269,3.26775589742443e-10,1.53446573459822e-08
346736.850452526,9994.6370483299,-217.774891981842,0.00308711317670182,-6.72737681956977e-05,36.0303702773934,-0.785165373441226,3.4216874064789e-10,1.5701744927035e-08
354813.389233569,9994.41352812145,-222.842537094515,0.00308704412812249,-6.8839236002848e-05,36.0295643978505,-0.803436255961677,3.58286643675998e-10,1.60671261742048e-08
363078.054770095,9994.17948444534,-228.027866634734,0.00308697182869395,-7.04410582070846e-05,36.0287205770074,-0.822131437797151,3.75163387402861e-10,1.64409925592368e-08
371535.229097166,9993.93442237879,-233.333596380244,0.00308689612552751,-7.2080073750862e-05,36.0278370304701,-0.841260710409959,3.928346604027e-10,1.68235398915791e-08
380189.396320554,9993.67782377355,-238.762503551226,0.00308681685855977,-7.37571405570793e-05,36.0269118901074,-0.860834086786905,4.11337826022955e-10,1.72149684107058e-08
389045.144994274,9993.40914617091,-244.317428112027,0.00308673386021752,-7.54731359312027e-05,36.0259432001392,-0.88086180613255,4.30712000622746e-10,1.76154828799715e-08
398107.17055349,9993.12782166651,-250.00127409401,0.003086646955067,-7.72289569699127e-05,36.0249289130436,-0.901354338638605,4.5099813543212e-10,1.8025292681988e-08
407380.277804106,9992.83325572263,-255.817010939358,0.00308655595944702,-7.90255209762244e-05,36.023866885275,-0.922322390328884,4.72239102196322e-10,1.84446119155115e-08
416869.383470328,9992.52482592561,-261.767674865627,0.00308646068108513,-8.08637658810175e-05,36.0227548727837,-0.943776907979065,4.94479782776484e-10,1.88736594938262e-08
426579.518801585,9992.20188068594,-267.856370250785,0.00308636091869606,-8.27446506708945e-05,36.0215905263295,-0.965729084110306,5.17767162885527e-10,1.93126592446049e-08
436515.832240158,9991.86373787845,-274.086271038415,0.00308625646156159,-8.46691558222674e-05,36.020371386579,-0.988190362055555,5.42150430145749e-10,1.97618400112219e-08
446683.592150955,9991.50968341979,-280.460622162688,0.00308614708909122,-8.66382837415539e-05,36.0190948789768,-1.01117244109717,5.67681076662581e-10,2.02214357554936e-08
457088.189614867,9991.13896978053,-286.982740992674,0.00308603257036243,-8.86530592113432e-05,36.017758308381,-1.0346872816742,5.94413006317244e-10,2.06916856618107e-08
467735.14128719,9990.75081442888,-293.656018795433,0.00308591266364,-9.07145298423675e-05,36.0163588534523,-1.05874711065745,6.22402646989674e-10,2.1172834242626e-08
478630.09232263,9990.34439820298,-300.483922217302,0.00308578711587315,-9.28237665310917e-05,36.0148935607853,-1.08336442669007,6.51709067931935e-10,2.16651314452528e-08
489778.819368438,9989.91886360857,-307.469994782664,0.00308565566216967,-9.49818639227052e-05,36.0133593387709,-1.10855200559126,6.82394102521613e-10,2.21688327599249e-08
501187.233627263,9989.47331303871,-314.61785840942,0.003085518025246,-9.71899408792726e-05,36.0117529511781,-1.13432290582013,7.14522476634188e-10,2.26841993290592e-08
512861.383991356,9989.00680691225,-321.931214940264,0.0030853739148521,-9.94491409527655e-05,36.0100710104418,-1.16069047399653,7.48161942883291e-10,2.32114980576581e-08
524807.460249763,9988.51836172715,-329.413847688755,0.00308522302717019,-0.000101760632862668,36.0083099706447,-1.18766835047531,7.83383420987937e-10,2.3751001724779e-08
537031.796370243,9988.00694802522,-337.069622999078,0.00308506504418594,-0.000104125610977807,36.0064661201793,-1.21527047496986,8.20261144536395e-10,2.43029890959896e-08
549540.873857615,9987.47148826425,-344.902491818229,0.00308489963303121,-0.000106545295802024,36.0045355740759,-1.24351109222042,8.58872814427231e-10,2.48677450367191e-08
562341.325190339,9986.91085459342,-352.916491279243,0.00308472644529679,-0.000109020934463257,36.0025142659824,-1.27240475770232,8.99299759279281e-10,2.54455606264057e-08
575439.937337147,9986.32386652799,-361.115746293937,0.00308454511631412,-0.000111553801205559,36.00039793978,-1.30196634336842,9.41627103113904e-10,2.60367332733288e-08
588843.655355579,9985.7092885186,-369.504471153457,0.00308435526440439,-0.000114145197883534,35.9981821408205,-1.3322110434197,9.85943940624738e-10,2.66415668300046e-08
602559.586074347,9985.06582741095,-378.086971134778,0.00308415649009379,-0.000116796454458604,35.9958622067665,-1.36315438009737,1.03234352036246e-09,2.72603717090095e-08
616595.001861471,9984.39212979097,-386.867644111093,0.00308394837529341,-0.000119508929496483,35.9934332580201,-1.39481220948895,1.0809234361746e-09,2.78934649990844e-08
630957.344480182,9983.68677921051,-395.850982163859,0.00308373048244224,-0.00012228401066516,35.9908901877208,-1.42720072734032,1.13178582725335e-09,2.85411705813573e-08
645654.229034644,9982.94829328875,-405.041573194011,0.0030835023536117,-0.000125123115232626,35.9882276512941,-1.46033647486485,1.18503758715754e-09,2.92038192455058e-08
660693.448007584,9982.17512068373,-414.444102529686,0.00308326350957014,-0.000128027690563526,35.9854400555331,-1.49423634453979,1.24079058218847e-09,2.98817488056672e-08
676082.97539197,9981.36563792885,-424.063354527497,0.00308301344880558,-0.000130999214613809,35.9825215471931,-1.52891758587959,1.29916187951304e-09,3.05753042158833e-08
691830.970918924,9980.51814612841,-433.904214164165,0.00308275164650491,-0.000134039196422413,35.979466001077,-1.56439781117433,1.36027398544169e-09,3.12848376848492e-08
707945.784384125,9979.63086750657,-443.971668615042,0.00308247755348783,-0.000137149176598886,35.9762670075935,-1.60069500118091,1.42425509428305e-09,3.20107087897161e-08
724435.960074977,9978.70194180354,-454.270808815726,0.00308219059509357,-0.000140330727805798,35.9729178597639,-1.63782751075335,1.49123934821154e-09,3.2753284588675e-08
741310.241300904,9977.72942251282,-464.806831002676,0.00308189017001852,-0.000143585455234655,35.9694115396555,-1.67581407439724,1.5613671085991e-09,3.35129397320244e-08
758577.57502917,9976.71127295295,-475.585038228376,0.00308157564910273,-0.000146914997073954,35.9657407042189,-1.71467381173261,1.63478523927678e-09,3.42900565714037e-08
776247.116628678,9975.64536216721,-486.610841846225,0.00308124637406329,-0.00015032102496789,35.9618976705048,-1.75442623284745,1.71164740220728e-09,3.50850252668415e-08
794328.234724267,9974.52946064426,-497.889762959946,0.00308090165617236,-0.000153805244464096,35.9578744002352,-1.79509124352347,1.79211436606404e-09,3.58982438912457e-08
812830.516164085,9973.36123585279,-509.427433831868,0.00308054077487776,-0.000157369395448685,35.953662483704,-1.83668915031352,1.87635432822792e-09,3.6730118531927e-08
831763.771102656,9972.13824758272,-521.229599244005,0.00308016297636381,-0.000161015252566701,35.9492531229802,-1.87924066544878,1.96454325072719e-09,3.75810633887184e-08
851138.038202361,9970.85794308563,-533.302117805358,0.00307976747205012,-0.00016474462562597,35.9446371143869,-1.92276691155215,2.05686521066151e-09,3.84515008682153e-08
870963.589956065,9969.51765200654,-545.650963198355,0.00307935343702596,-0.000168559359982136,35.9398048302291,-1.96728942613215,2.15351276566491e-09,3.93418616736275e-08
891250.938133729,9968.1145810993,-558.282225356805,0.00307892000841777,-0.000172461336902555,35.9347461997397,-2.01283016582988,2.25468733497737e-09,4.02525848896912e-08
912010.839355893,9966.64580871742,-571.202111567147,0.00307846628368729,-0.000176452473906481,35.9294506892172,-2.05941151038951,2.36059959670818e-09,4.11841180620489e-08
933254.300796974,9965.10827907205,-584.416947484161,0.00307799131885779,-0.000180534725078836,35.9239072813236,-2.10705626632031,2.47146990188769e-09,4.21369172704618e-08
954992.586021419,9963.49879624875,-597.933178051636,0.00307749412666571,-0.000184710081354616,35.918104453512,-2.15578767021602,2.58752870591654e-09,4.31114471951667e-08
977237.220955793,9961.8140179743,-611.757368317807,0.00307697367463522,-0.000188980570770793,35.9120301555538,-2.20562939169479,2.70901701803362e-09,4.4108181175644e-08
999999.999999982,9960.05044912499,-625.896204134581,0.00307642888307276,-0.000193348258682317,35.9056717861334,-2.25660553592026,2.83618686943441e-09,4.5127601261007e-08
1023292.99228074,9958.20443496723,-640.356492728836,0.00307585862297901,-0.000197815247938592,35.8990161684777,-2.30874064566121,2.96930180068135e-09,4.61701982511624e-08
1047128.54805088,9956.2721541217,-655.145163133163,0.00307526171387543,-0.000202383679016546,35.8920495249896,-2.36205970284465,3.10863736905621e-09,4.72364717278381e-08
1071519.30523759,9954.24961124186,-670.269266462589,0.00307463692154249,-0.000207055730106109,35.8847574508503,-2.41658812955345,3.25448167651104e-09,4.83269300745008e-08
1096478.19614316,9952.13262939752,-685.735976022808,0.00307398295566691,-0.000211833617143652,35.8771248865601,-2.4723517884166,3.4071359188793e-09,4.94420904841256e-08
1122018.45430194,9949.91684215449,-701.552587234483,0.00307329846739491,-0.000216719593788599,35.8691360893811,-2.52937698233627,3.56691495701169e-09,5.05824789536996e-08
1148153.62149686,9947.59768534086,-717.72651735709,0.00307258204678872,-0.000221715951338118,35.8607746036524,-2.58769045349215,3.73414791050176e-09,5.17486302642712e-08
1174897.55493951,9945.17038849089,-734.265304994643,0.00307183222018343,-0.000226825018574437,35.8520232299415,-2.6473193815594,3.90917877466371e-09,5.29410879452696e-08
1202264.43461739,9942.62996595724,-751.176609364462,0.00307104744744152,-0.000232049161538951,35.8428639930003,-2.70829138107228,4.09236706142022e-09,5.41604042217362e-08
1230268.77081236,9939.97120768276,-768.468209308861,0.00307022611910204,-0.00023739078322692,35.8332781084937,-2.77063449786086,4.28408846474884e-09,5.54071399430178e-08
1258925.41179414,9937.18866962274,-786.148002028315,0.00306936655342196,-0.000242852323196129,35.8232459484683,-2.83437720448361,4.48473555132305e-09,5.66818644913747e-08
1288249.55169311,9934.27666380923,-804.224001513264,0.00306846699330688,-0.000248436257082445,35.8127470055299,-2.89954839457341,4.69471847696743e-09,5.79851556688563e-08
1318256.73855638,9931.22924804918,-822.704336650215,0.00306752560312864,-0.000254145096014769,35.8017598557015,-2.96617737600929,4.91446572952411e-09,5.93175995606905e-08
1348962.88259163,9928.04021524821,-841.597248976274,0.00306654046542729,-0.000259981385921375,35.790262119931,-3.03429386282065,5.14442489870104e-09,6.06797903733193e-08
1380384.26460286,9924.70308235296,-860.911090054581,0.00306550957749521,-0.000265947706719149,35.778230424224,-3.10392796572461,5.38506347343905e-09,6.20723302450984e-08
1412537.54462273,9921.21107890477,-880.654318441439,0.00306443084784118,-0.000272046671376688,35.7656403583755,-3.17511018119135,5.63686966729522e-09,6.34958290275514e-08
1445439.7707459,9917.55713519865,-900.835496214093,0.00306330209253254,-0.000278280924841683,35.752466433278,-3.2478713789253,5.90035327229266e-09,6.49509040349432e-08
1479108.38816818,9913.73387004202,-921.463285026287,0.00306212103141366,-0.000284653142822425,35.7386820367869,-3.32224278764396,6.17604654163194e-09,6.64381797598002e-08
1513561.24843618,9909.73357810853,-942.546441656733,0.00306088528419937,-0.000291166030412662,35.7242593881261,-3.3982559790282,6.46450510159498e-09,6.79582875518623e-08
1548816.61891245,9905.54821688363,-964.093813013592,0.00305959236644224,-0.000297822320548414,35.7091694908213,-3.47594284971158,6.76630889289844e-09,6.95118652578091e-08
1584893.19246108,9901.16939319917,-986.114330555955,0.00305823968537298,-0.000304624772284686,35.6933820841523,-3.55533560116743,7.08206314166907e-09,7.10995568189441e-08
1621810.0973589,9896.58834935629,-1008.61700409111,0.00305682453561353,-0.000311576168879356,35.6768655931201,-3.6364667173456,7.41239936011697e-09,7.27220118238654e-08
1659586.90743753,9891.79594883687,-1031.61091490405,0.00305534409476318,-0.000318679315670789,35.659587076931,-3.71936893990163,7.75797637687344e-09,7.4379885012986e-08
1698243.65246171,9886.78266160576,-1055.10520817347,0.0030537954188582,-0.000325937037735014,35.6415121760057,-3.80407524085321,8.11948139683703e-09,7.60738357315966e-08
1737800.82874934,9881.5385490079,-1079.10908462576,0.00305217543770632,-0.000333352177307543,35.6226050575268,-3.89061879248974,8.49763109023279e-09,7.78045273279877e-08
1778279.41003889,9876.05324826659,-1103.63179137646,0.00305048095009808,-0.000340927590954154,35.6028283595491,-3.97903293435197,8.89317271043458e-09,7.95726264929708e-08
1819700.85860995,9870.31595659145,-1128.68261190567,0.0030487086188975,-0.000348666146474152,35.5821431337029,-4.06935113708934,9.30688523992758e-09,8.13788025369517e-08
1862087.13666283,9864.3154149075,-1154.27085511152,0.00304685496601579,-0.00035657071951883,35.5605087865299,-4.16160696299342,9.73958056359565e-09,8.32237266005229e-08
1905460.71796321,9858.03989121955,-1180.40584338313,0.00304491636727236,-0.000364644189907052,35.5378830195061,-4.25583402299627,1.01921046683045e-08,8.5108070794351e-08
1949844.59975801,9851.47716362944,-1207.09689963192,0.00304288904714861,-0.00037288943761901,35.5142217678118,-4.35206592991288,1.06653388675166e-08,8.70325072639433e-08
1995262.31496884,9844.61450302736,-1234.3533332171,0.00304076907344102,-0.000381309338448436,35.4894791379268,-4.45033624769722,1.11602010494115e-08,8.89977071746839e-08
2041737.94466949,9837.43865548225,-1262.18442469906,0.00303855235182132,-0.000389906759292686,35.4636073441408,-4.55067843647194,1.16776469467027e-08,9.10043396123383e-08
2089296.130854,9829.93582436081,-1290.59940935116,0.00303623462031277,-0.000398684553059307,35.4365566440856,-4.65312579308184,1.22186714260226e-08,9.3053070394032e-08
2137962.08950219,9822.09165220941,-1319.60745935819,0.00303381144369324,-0.000407645553166893,35.4082752734117,-4.75771138691235,1.27843097944091e-08,9.51445607845244e-08
2187761.62394951,9813.89120243827,-1349.21766462724,0.00303127820783717,-0.00041679256761727,35.3787093797528,-4.86446799070477,1.33756391200466e-08,9.7279466112415e-08
2238721.1385683,9805.3189408531,-1379.43901213392,0.00302863011401047,-0.000426128372615273,35.3478029561399,-4.9734280060915,1.39937795640083e-08,9.94584342807449e-08
2290867.65276773,9796.35871708549,-1410.28036372524,0.00302586217313406,-0.000435655705711713,35.3154977740503,-5.0846233835662,1.46398957193e-08,1.01682104166295e-07
2344228.81531988,9786.99374597999,-1441.75043229764,0.0030229692000341,-0.000445377258444455,35.2817333163009,-5.19808553659644,1.53151979530245e-08,1.03951103901725e-07
2398832.91901944,9777.20658900319,-1473.85775626746,0.00301994580769898,-0.000455295668451967,35.2464467100202,-5.31384524957928,1.60209437469613e-08,1.06266049034577e-07
2454708.91568498,9766.97913574783,-1506.61067224902,0.00301678640156569,-0.000465413511033198,35.2095726599634,-5.43193257933502,1.67584390312966e-08,1.08627540557024e-07
2511886.43150953,9756.2925856133,-1540.01728585455,0.00301348517386063,-0.000475733290127249,35.1710433824633,-5.55237674982914,1.7529039505628e-08,1.11036162800191e-07
2570395.78276881,9745.12742975314,-1574.0854405291,0.00301003609802297,-0.000486257428686048,35.1307885403438,-5.67520603980992,1.83341519407196e-08,1.13492481186776e-07
2630267.99189533,9733.46343338962,-1608.8226843334,0.00300643292324138,-0.000496988258413081,35.0887351791568,-5.80044766304713,1.91752354537858e-08,1.15997039835692e-07
2691534.80392686,9721.27961860602,-1644.23623458738,0.00300266916913827,-0.000507928008841298,35.0448076651417,-5.92812764085811,2.00538027493337e-08,1.1855035901245e-07
2754228.70333811,9708.55424773785,-1680.33294028826,0.00299873812063914,-0.000519078795723496,34.9989276253441,-6.05827066660969,2.09714213168046e-08,1.21152932419056e-07
2818382.9312644,9695.26480749657,-1717.11924221801,0.00299463282306818,-0.00053044260870897,34.9510138903753,-6.19089996188995,2.19297145754085e-08,1.23805224317294e-07
2884031.50312655,9681.38799397105,-1754.60113065776,0.00299034607751497,-0.000542021298280875,34.9009824403366,-6.32603712405156,2.29303629556569e-08,1.26507666479445e-07
2951209.22666633,9666.89969866559,-1792.78410062939,0.00298587043652144,-0.000553816561929721,34.848746354481,-6.46370196483997,2.39751049061538e-08,1.29260654960685e-07
3019951.72040196,9651.7749957467,-1831.67310458899,0.00298119820014225,-0.000565829929539702,34.7942157652326,-6.60391233983438,2.50657378132209e-08,1.32064546687741e-07
3090295.43251353,9635.98813068543,-1871.27250250201,0.00297632141243618,-0.000578062747966216,34.7372978172376,-6.74668396844891,2.62041188198925e-08,1.34919655858744e-07
3162277.66016832,9619.51251049685,-1911.58600923669,0.00297123185845105,-0.000590516164784916,34.6778966321741,-6.89203024426463,2.73921655297402e-08,1.37826250149691e-07
3235936.56929622,9602.32069579393,-1952.61663921987,0.00296592106176895,-0.000603191111195136,34.6159132801025,-7.03996203549203,2.86318565798642e-08,1.4078454672351e-07
3311311.21482584,9584.38439488895,-1994.36664830949,0.00296038028268417,-0.000616088284063443,34.5512457581994,-7.19048747539783,2.99252320662354e-08,1.4379470803841e-07
3388441.56139196,9565.67446019222,-2036.83747284854,0.00295460051709068,-0.000629208127096555,34.4837889777732,-7.34361174257036,3.12743938033811e-08,1.46856837452985e-07
3467368.50452525,9546.16088717452,-2080.02966587887,0.00294857249616158,-0.000642550811136873,34.4134347605232,-7.49933683094491,3.2681505399204e-08,1.49970974626524e-07
3548133.89233568,9525.8128161767,-2123.94283050815,0.00294228668690818,-0.000656116213578577,34.3400718450643,-7.65766130956487,3.41487921244919e-08,1.53137090714019e-07
3630780.54770094,9504.59853736696,-2168.57555044037,0.00293573329371132,-0.000669903896907522,34.2635859047997,-7.81858007211666,3.56785405554521e-08,1.56355083356653e-07
3715352.29097165,9482.48549916319,-2213.92531770027,0.00292890226092316,-0.000683913086374267,34.1838595782867,-7.98208407634728,3.72730979663799e-08,1.59624771469921e-07
3801893.96320554,9459.44032045455,-2259.9884576038,0.00292178327664261,-0.00069814264681639,34.1007725133006,-8.14816007355298,3.89348714483699e-08,1.62945889833178e-07
3890451.44994273,9435.42880697241,-2306.76005105181,0.00291436577777255,-0.000712591058653897,34.0142014258585,-8.31679032841694,4.06663267288185e-08,1.66318083486155e-07
3981071.70553489,9410.41597217615,-2354.23385425154,0.00290663895647176,-0.000727256393090057,33.9240201755208,-8.48795232957338,4.24699866653567e-08,1.69740901939997e-07
4073802.77804105,9384.36606303385,-2402.40221600134,0.0028985917681189,-0.00074213628655945,33.8300998583407,-8.66161849138569,4.43484293868272e-08,1.73213793212577e-07
4168693.83470327,9357.24259109021,-2451.25599270725,0.00289021294090988,-0.000757227914475401,33.7323089188769,-8.83775584754754,4.63042860529898e-08,1.76736097700262e-07
4265795.18801584,9329.00836922579,-2500.78446133738,0.00288149098721329,-0.000772527964340323,33.630513282725,-9.01632573724846,4.83402382038402e-08,1.80307041900961e-07
4365158.32240157,9299.62555451996,-2550.97523055964,0.00287241421681139,-0.000788032608294921,33.5245765110556,-9.19728348479014,5.04590146687852e-08,1.83925732006187e-07
4466835.92150954,9269.05569763676,-2601.81415035218,0.00286297075215609,-0.000803737475195542,33.4143599786702,-9.38057807369579,5.26633880054616e-08,1.87591147382967e-07
4570881.89614866,9237.25979915569,-2653.2852204221,0.00285314854577034,-0.000819637622323438,33.2997230770958,-9.56615181652326,5.49561704377574e-08,1.91302133969827e-07
4677351.41287189,9204.19837326918,-2705.37049781841,0.00284293539992521,-0.000835727506845053,33.1805234442401,-9.75394002177256,5.73402092626247e-08,1.95057397614662e-07
4786300.92322629,9169.83151926399,-2758.05000417762,0.00283231898872146,-0.000852000957158902,33.0566172221102,-9.94387065946955,5.98183816956041e-08,1.98855497386119e-07
4897788.19368436,9134.11900119405,-2811.30163309705,0.00282128688270167,-0.000868451144281848,32.9278593440653,-10.1358640272096,6.23935891256603e-08,2.02694838894182e-07
5011872.33627262,9097.02033613802,-2865.10105818918,0.00280982657611424,-0.000885070553445769,32.7941038530197,-10.3298324186569,6.50687507509894e-08,2.0657366765986e-07
5128613.83991355,9058.49489141348,-2919.42164243158,0.00279792551694422,-0.000901850956094485,32.6552042519398,-10.5256797967145,6.78467965689604e-08,2.10490062578305e-07
5248074.60249762,9018.5019910927,-2974.23434949029,0.00278557113981759,-0.000918783382490258,32.5110138878752,-10.7233014738102,7.07306596953301e-08,2.14441929524215e-07
5370317.96370242,8977.00103212985,-3029.50765775869,0.00277275090187457,-0.000935858095159195,32.3613863706438,-10.9225838019719,7.37232679903817e-08,2.18426995153061e-07
5495408.73857613,8933.95161036693,-3085.20747791953,0.00275945232169468,-0.000953064563424973,32.2061760271333,-11.1234038756063,7.68275349727179e-08,2.22442800956351e-07
5623413.25190338,8889.31365663414,-3141.29707490303,0.00274566302134005,-0.000970391439300586,32.045238391998,-11.3256292501262,8.00463500051418e-08,2.26486697633894e-07
5754399.37337145,8843.04758310036,-3197.73699517847,0.00273137077156521,-0.000987826535027678,31.8784307353097,-11.529117679808,8.33825677414213e-08,2.30555839850651e-07
5888436.55355577,8795.11443995859,-3254.48500037944,0.00271656354021944,-0.00100535680257244,31.7056126274722,-11.7337168784841,8.6838996827794e-08,2.346471814503e-07
6025595.86074345,8745.4760824515,-3311.49600832262,0.00270122954384333,-0.00102296831540545,31.5266465414142,-11.9392643068923,9.04183878588615e-08,2.3875747120194e-07
6165950.0186147,8694.09534815103,-3368.72204253521,0.00268535730243299,-0.00104064625291004,31.3413984917537,-12.1455869907016,9.4123420594066e-08,2.4288324916034e-07
6309573.4448018,8640.93624430479,-3426.11219145607,0.00266893569731402,-0.00105837488777885,31.1497387102561,-12.3525013734165,9.79566904482567e-08,2.47020843723751e-07
6456542.29034642,8585.96414494983,-3483.61257851775,0.00265195403203278,-0.00107613757677182,30.9515423565081,-12.5598132085105,1.01920694277941e-07,2.51166369476331e-07
6606934.48007582,8529.1459973715,-3541.16634435052,0.00263440209613444,-0.00109391675521871,30.7466902622843,-12.7673174952645,1.0601781549366e-07,2.55315725904666e-07
6760829.75391968,8470.45053735239,-3598.71364237221,0.00261627023165647,-0.0011116939356568,30.5350697076056,-12.9747984628666,1.10250308538527e-07,2.59464597079538e-07
6918309.70918922,8409.84851251368,-3656.19164903831,0.002597549402122,-0.00112944971099721,30.3165752259737,-13.1820296073677,1.14620282783214e-07,2.63608452394822e-07
7079457.84384123,8347.31291289992,-3713.53459002286,0.00257823126377066,-0.00114716376261262,30.0911094357214,-13.388773786074,1.19129685898631e-07,2.67742548455145e-07
7244359.60074975,8282.81920779938,-3770.67378358099,0.00255830823871585,-0.00116481487373252,29.8585838938445,-13.5947833738865,1.23780286778957e-07,2.71861932202488e-07
7413102.41300902,8216.34558762713,-3827.53770230564,0.00253777358966582,-0.00118238094852081,29.6189199680865,-13.7998004859581,1.28573658099598e-07,2.75961445369188e-07
7585775.75029168,8147.87320952857,-3884.05205443372,0.00251662149579412,-0.00119983903719237,29.3720497224377,-14.0035572708355,1.33511158606874e-07,2.80035730340616e-07
7762471.16628676,8077.3864451898,-3940.13988577761,0.00249484712929177,-0.00121716536750118,29.1179168105904,-14.2057762779621,1.38593915248562e-07,2.84079237505146e-07
7943282.34724265,8004.87312916994,-3995.72170325627,0.00247244673208062,-0.00123433538290082,28.8564773712758,-14.4061709030576,1.43822805266809e-07,2.88086234161643e-07
8128305.16164082,7930.32480590272,-4050.71562087432,0.00244941769211569,-0.00125132378763954,28.5877009188033,-14.6044459144306,1.49198438386998e-07,2.92050815045654e-07
8317637.71102654,7853.73697335292,-4105.03752884714,0.00242575861865411,-0.00126810459900536,28.3115712215398,-14.8002980627419,1.54721139247837e-07,2.95966914524643e-07
8511380.38202359,7775.10932116168,-4158.60128639385,0.00240146941582161,-0.00128465120688258,28.0280871605175,-14.9934167761004,1.60390930228844e-07,2.99828320499891e-07
8709635.89956062,7694.44596097621,-4211.31893851953,0.00237655135376463,-0.00130093644071894,27.7372635598654,-15.1834849416494,1.66207514841418e-07,3.03628690038242e-07
8912509.38133727,7611.75564653874,-4263.10095688189,0.00235100713663896,-0.00131693264393272,27.4391319803172,-15.3701797739869,1.72170261858358e-07,3.07361566740554e-07
9120108.3935589,7527.05198101014,-4313.85650458887,0.00232484096665494,-0.0013326117557125,27.133741466696,-15.553173769867,1.78278190363885e-07,3.11020399835789e-07
9332543.00796971,7440.35360892967,-4363.49372450212,0.00229805860337659,-0.00134794540007826,26.8211592400055,-15.7321357476484,1.84529955911548e-07,3.14598564970093e-07
9549925.86021416,7351.68439016775,-4411.92005033161,0.00227066741745807,-0.00136290498198287,26.5014713245994,-15.9067319689153,1.90923837980591e-07,3.18089386639319e-07
9772372.2095579,7261.07355321766,-4459.04253949956,0.00224267643799769,-0.00137746179013858,26.174783100859,-16.076627338584,1.97457728922187e-07,3.21486162191315e-07
9999999.99999979,7168.55582519749,-4504.76822643336,0.00221409639269738,-0.00139158710615416,25.8412197739024,-16.2414866786653,2.04129124585074e-07,3.2478218730133e-07
10232929.9228073,7074.17153599916,-4549.00449462019,0.00218493974003576,-0.00140525231946796,25.5009267490827,-16.4009760696698,2.1093511680544e-07,3.27970782800303e-07
10471285.4805088,6977.96669412914,-4591.65946542695,0.00215522069269648,-0.00141842904745985,25.1540699054246,-16.5547642524589,2.17872387938085e-07,3.31045322712085e-07
10715193.0523758,6879.99303193766,-4632.64240136257,0.00212495523154012,-0.00143108926002477,24.8008357586935,-16.702524082166,2.24937207594979e-07,3.33999263332076e-07
10964781.9614316,6780.3080181304,-4671.86412114282,0.00209416110946924,-0.00144320540779212,24.4414315065051,-16.8439340246713,2.32125431743047e-07,3.36826173156933e-07
11220184.5430194,6678.97483569938,-4709.23742361707,0.00206285784461096,-0.00145475055308277,24.0760849487577,-16.9786796850266,2.39432504295556e-07,3.39519763453293e-07
11481536.2149686,6576.06232369698,-4744.67751733756,0.00203106670233004,-0.0014656985026092,23.705044277704,-17.106455356224,2.46853461310758e-07,3.42073919233374e-07
11748975.549395,6471.64488160637,-4778.10245230391,0.00199881066568764,-0.00147602394084745,23.3285777331686,-17.226965575807,2.54382937887673e-07,3.44482730387409e-07
12022644.3461739,6365.80233543081,-4809.4335502029,0.00196611439407431,-0.00148570256294439,22.9469731197463,-17.3399266770569,2.62015177822309e-07,3.46740522707576e-07
12302687.7081235,6258.61976502778,-4838.59582929464,0.0019330041698711,-0.00149471120597106,22.5605371842727,-17.4450683208767,2.69744046058487e-07,3.48841888525875e-07
12589254.1179414,6150.18729264768,-4865.51841997596,0.00189950783312611,-0.00150302797729619,22.1695948534222,-17.542134994063,2.77563043936185e-07,3.50781716679728e-07
12882495.5169311,6040.59983309333,-4890.13496698553,0.00186565470437523,-0.00151063237883302,21.7744883329329,-17.6308874594161,2.85465327207375e-07,3.52555221514311e-07
13182567.3855638,5929.95680638889,-4912.38401420721,0.00183147549588145,-0.00151750542591062,21.3755760716635,-17.7111041431093,2.93443726755295e-07,3.54157970630061e-07
13489628.8259162,5818.36181432654,-4932.20936808206,0.00179700221171552,-0.00152362975953698,20.9732315954152,-17.7825824449347,3.01490771918458e-07,3.55585911087639e-07
13803842.6460286,5705.92228273803,-4949.56043575622,0.00176226803724856,-0.00152898975085773,20.5678422171777,-17.8451399574609,3.09598716286232e-07,3.56835393791111e-07
14125375.4462272,5592.74907180594,-4964.39253427296,0.00172730721877159,-0.00153357159666999,20.1598076321459,-17.8986155807934,3.17759565799045e-07,3.57903195783129e-07
14454397.707459,5478.95605717746,-4976.66716736119,0.00169215493409568,-0.00153736340492628,19.7495384074678,-17.9428705205085,3.25965108954017e-07,3.58786540203504e-07
14791083.8816817,5364.65968506195,-4986.35226667708,0.00165684715511517,-0.00154035526925745,19.3374543781938,-17.9777891574246,3.34206948886592e-07,3.59483113684502e-07
15135612.4843617,5249.97850487384,-4993.42239471621,0.00162142050343447,-0.00154253933165522,18.9239829622678,-18.0032797791825,3.42476537071362e-07,3.59991080982213e-07
15488166.1891245,5135.03268331572,-4997.8589070256,0.00158591210026133,-0.00154390983258171,18.509557408603,-18.0192751650834,3.50765208361239e-07,3.60309096673054e-07
15848931.9246108,5019.94350407578,-4999.65007180088,0.0015503594118563,-0.00154446314791477,18.094614993291,-18.0257330172854,3.59064217063956e-07,3.60436313777321e-07
16218100.9735889,4904.83285753221,-4998.7911454456,0.0015148000918951,-0.00154419781228928,17.6795951797836,-18.0226362332242,3.67364773739164e-07,3.60372389207193e-07
16595869.0743752,4789.82272501048,-4995.28440318941,0.0014792718221484,-0.00154311452855559,17.2649377594332,-18.0099930160043,3.75658082388316e-07,3.6011748597404e-07
16982436.5246171,4675.03466222272,-4989.13912439746,0.00144381215290879,-0.00154121616324132,16.8510809890867,-17.9878368214335,3.83935377703532e-07,3.5967227212854e-07
17378008.2874934,4560.58928653151,-4980.37153274764,0.00140845834459934,-0.00153850772807133,16.4384597424661,-17.9562261423377,3.92187962040682e-07,3.59037916446319e-07
17782794.1003888,4446.60577262118,-4969.00469199183,0.00137324721197922,-0.00153499634776684,16.027503691863,-17.915244132739,4.0040724178622e-07,3.58216080910781e-07
18197008.5860994,4333.20136103079,-4955.06835854395,0.00133821497232258,-0.00153069121450776,15.6186355362032,-17.8649980763763,4.08584762796554e-07,3.57208910082715e-07
18620871.3666283,4220.49088380727,-4938.59879264009,0.00130339709888597,-0.00152560352959742,15.2122692908374,-17.8056187058628,4.16712244602907e-07,3.5601901748257e-07
19054607.179632,4108.58631127808,-4919.63853028581,0.00126882818090002,-0.00151974643301378,14.8088086534759,-17.7372593804644,4.24781613093252e-07,3.54649469145076e-07
19498445.99758,3997.59632362823,-4898.23611863356,0.00123454179122344,-0.00151313492166378,14.4086454595524,-17.6600951320302,4.32785031405629e-07,3.53103764536844e-07
19952623.1496884,3887.62591060126,-4874.44581781286,0.00120057036268494,-0.00150578575727441,14.0121582389864,-17.574321589971,4.40714928793448e-07,3.51385815054861e-07
20417379.4466949,3778.7760022383,-4848.32727256063,0.0011669450740133,-0.00149771736495465,13.6197108848506,-17.4801537973559,4.48564027252669e-07,3.4949992034729e-07
20892961.3085399,3671.14313313029,-4819.94515726464,0.00113369574612004,-0.00148894972354432,13.2316514428654,-17.3778249311519,4.56325365732361e-07,3.47450742717084e-07
21379620.8950218,3564.81914219675,-4789.36879823623,0.00110085074935684,-0.00147950424892874,12.8483110289825,-17.2675849403668,4.63992321783463e-07,3.45243279883606e-07
21877616.2394951,3459.89090952854,-4756.67177716833,0.0010684369222225,-0.00146940367154127,12.4700028805972,-17.1496991163566,4.71558630534885e-07,3.42882836387508e-07
22387211.3856829,3356.44013135158,-4721.93151981027,0.00103647950184603,-0.00145867190929907,12.0970215452034,-17.0244466098345,4.79018400920736e-07,3.40374993929597e-07
22908676.5276772,3254.54313369262,-4685.22887390456,0.00100500206642534,-0.00144733393722179,11.7296422085837,-16.8921189091644,4.86366129116758e-07,3.37725580935359e-07
23442288.1531987,3154.27072486505,-4646.64768038463,0.00097402648965804,-0.00143541565496837,11.368120162963,-16.7530182943576,4.93596709177483e-07,3.34940641633529e-07
23988329.1901944,3055.68808645042,-4606.27434173049,0.000943572907064011,-0.00142294375349604,11.0126904139519,-16.6074562808228,5.00705440897484e-07,3.32026404929692e-07
24547089.1568498,2958.85470203616,-4564.197391227,0.000913659693971532,-0.00140994558199799,10.6635674236191,-16.4557520663701,5.07688034950045e-07,3.28989253344958e-07
25118864.3150952,2863.82432258856,-4520.50706667127,0.000884303454820474,-0.00139644901621553,10.3209449856464,-16.2982309942563,5.14540615384095e-07,3.25835692275442e-07
25703957.8276881,2770.64496699608,-4475.2948918397,0.000855519023330131,-0.00138248232914729,9.98499622728771,-16.1352230442064,5.21259719585021e-07,3.22572319811266e-07
26302679.9189532,2679.35895601567,-4428.6532687561,0.000827319472985733,-0.00136807406509502,9.65587373175906,-15.9670613623777,5.27842295826816e-07,3.19205797334401e-07
26915348.0392686,2590.00297759645,-4380.67508350892,0.000799716137217869,-0.00135325291789494,9.33370977375682,-15.7940808401733,5.34285698561622e-07,3.15742821093509e-07
27542287.033381,2502.60818134182,-4331.45332805332,0.00077271863858315,-0.00133804761408695,9.0186166600308,-15.6166167506878,5.40587681608127e-07,3.12190094931413e-07
28183829.3126439,2417.20029970275,-4281.08074010999,0.000746334926202583,-0.00132248680167432,8.71068716633487,-15.4350034503989,5.46746389412377e-07,3.08554304317507e-07
28840315.0312654,2333.79979337242,-4229.64946294393,0.000720571320676014,-0.00130659894502442,8.40999506163239,-15.249573152534,5.52760346563459e-07,3.04842091813655e-07
29512092.2666632,2252.42201827162,-4177.25072647777,0.000695432565666329,-0.00129041222636014,8.11659571014537,-15.0606547773567,5.58628445752279e-07,3.01060034078509e-07
30199517.2040195,2173.0774114756,-4123.97455087237,0.00067092188533488,-0.00127395445419168,7.83052674169477,-14.8685728834564,5.64349934364487e-07,2.97214620491891e-07
30902954.3251352,2095.77169343117,-4069.90947339587,0.00064704104680925,-0.00125725297894252,7.55180878077399,-14.673646683002,5.69924399898719e-07,2.93312233458478e-07
31622776.6016831,2020.50608384653,-4015.14229910602,0.000623790426874697,-0.00124033461593163,7.28044622491783,-14.4761891428529,5.75351754398908e-07,2.89359130428612e-07
32359365.6929621,1947.27752869998,-3959.75787559262,0.000601169082100373,-0.00122322557578819,7.01642806315942,-14.2765061724148,5.80632218084821e-07,2.85361427654059e-07
33113112.1482584,1876.07893590468,-3903.83889176951,0.000579174821639542,-0.00120595140229555,6.75972872569583,-14.074895898205,5.8576630235841e-07,2.81325085677933e-07
33884415.6139195,1806.89941728052,-3847.46570047185,0.00055780428197812,-0.00118853691758908,6.51030895629296,-13.8716480242448,5.90754792355365e-07,2.7725589654118e-07
34673685.0452524,1739.72453461637,-3790.71616440434,0.000537053002946838,-0.00117100617456727,6.26811669943853,-13.6670432766412,5.95598729201703e-07,2.73159472672858e-07
35481338.9233568,1674.53654775402,-3733.66552480144,0.000516915504357884,-0.00115338241631906,6.03308799478327,-13.4613529300547,6.00299392124589e-07,2.69041237418145e-07
36307805.4770093,1611.31466278297,-3676.38629200131,0.000497385362675828,-0.00113568804232058,5.80514787198244,-13.2548384131744,6.04858280555146e-07,2.64906417146492e-07
37153522.9097164,1550.03527860185,-3618.94815700074,0.000478455287183958,-0.00111794458111317,5.58421123964809,-13.0477509898387,6.09277096349059e-07,2.60760034872683e-07
38018939.6320553,1490.67223027238,-3561.41792294813,0.000460117195159784,-0.00110017266914059,5.37018376273715,-12.8403315120396,6.1355772623846e-07,2.56606905315593e-07
38904514.4994272,1433.19702776337,-3503.85945544489,0.000442362285626462,-0.00108239203539644,5.16296272331875,-12.6328102407401,6.17702224616234e-07,2.52451631313159e-07
39810717.0553488,1377.57908885272,-3446.33365046029,0.000425181111299548,-0.00106462149151257,4.96243786027904,-12.4254067301935,6.21712796741591e-07,2.48298601507443e-07
40738027.7804104,1323.78596512216,-3388.89841862045,0.000408563648399995,-0.00104687892690574,4.76849218412226,-12.2183297713,6.25591782443714e-07,2.44151989210371e-07
41686938.3470326,1271.78356014061,-3331.60868460581,0.000392499364054096,-0.00102918130859148,4.58100276360883,-12.0117773894333,6.29341640388677e-07,2.40015752358916e-07
42657951.8801583,1221.53633908618,-3274.51640038232,0.000376977281048722,-0.0010115446852714,4.39984148152644,-11.805936892145,6.32964932963719e-07,2.35893634467792e-07
43651583.2240156,1173.00752920275,-3217.67057099728,0.000361986039755205,-0.0009939841953019,4.22487575741581,-11.6009849621688,6.36464311822435e-07,2.3178916648813e-07
44668359.2150953,1126.15931062314,-3161.11729168941,0.000347513957077343,-0.000976514078157971,4.05596923556452,-11.3970877912169,6.39842504124618e-07,2.27705669482001e-07
45708818.9614865,1080.9529972176,-3104.899795093,0.000333549082318072,-0.00095914768901525,3.89298243703788,-11.1944012501697,6.43102299495369e-07,2.23646258024768e-07
46773514.1287188,1037.34920724192,-3049.0585073552,0.000320079249895107,-0.000941897516085458,3.73577337493351,-10.9930710914013,6.46246537719758e-07,2.19613844250132e-07
47863009.2322628,995.308023664895,-2993.63111203326,0.000307092128868379,-0.000924775200355146,3.58419813242588,-10.7932331791545,6.49278097181686e-07,2.15611142456149e-07
48977881.9368435,954.789144149277,-2938.65262069163,0.000294575269271287,-0.000907791557394156,3.43811140350734,-10.5950137440713,6.52199884048838e-07,2.11640674194326e-07
50118723.3627261,915.752020744264,-2884.15544917745,0.000282516145263699,-0.000890956600918213,3.29736699663543,-10.3985296581968,6.55014822199528e-07,2.07704773768157e-07
51286138.3991353,878.155989421404,-2830.16949861474,0.000270902195147448,-0.000874279567809166,3.16181830176142,-10.203888726995,6.57725843881919e-07,2.03805594071869e-07
52480746.0249761,841.96038964955,-2776.72224022128,0.000259720858304729,-0.000857768944316154,3.03131872144578,-10.0111899951483,6.60335881091533e-07,1.99945112704792e-07
53703179.6370241,807.124674259022,-2723.83880311786,0.000248959609136713,-0.000841432493181111,2.90572206696229,-9.82052406314395,6.62847857648993e-07,1.9612513830146e-07
54954087.3857612,773.608509890847,-2671.54206436452,0.000238605988093748,-0.000825277281452262,2.78488292045766,-9.63197341189145,6.65264681956663e-07,1.92347317022264e-07
56234132.5190336,741.371868364451,-2619.85274052365,0.00022864762990014,-0.000809309708769256,2.66865696436849,-9.44561273284349,6.67589240410163e-07,1.88613139154152e-07
57543993.7337144,710.375109327124,-2568.78948011328,0.000219072289085752,-0.000793535535923318,2.55690127940563,-9.26150926132724,6.6982439143854e-07,1.84923945775493e-07
58884365.5355576,680.579054571671,-2518.36895637592,0.000209867862943787,-0.000777959913514849,2.44947461249886,-9.07972311101284,6.71972960145242e-07,1.81280935443637e-07
60255958.6074344,651.945054425419,-2468.60595984771,0.000201022412039296,-0.000762587410549365,2.34623761615589,-8.90030760766218,6.74037733520824e-07,1.77685170868038e-07
61659500.1861468,624.435046624996,-2419.51349026981,0.000192524178396441,-0.00074742204283024,2.2470530607293,-8.72330962050624,6.76021456197492e-07,1.741375855359e-07
63095734.4480179,598.011608097509,-2371.10284743811,0.000184361601494435,-0.000732467301023463,2.15178602110843,-8.54876988979434,6.77926826715169e-07,1.70638990261213e-07
64565422.9034641,572.638000070551,-2323.38372063813,0.00017652333220267,-0.000717726178285358,2.06030403935894,-8.3767233492427,6.79756494268607e-07,1.67190079631725e-07
66069344.8007581,548.278206931535,-2276.36427635998,0.000168998244784916,-0.000703201197358992,1.97247726482621,-8.20719944228196,6.81513055905231e-07,1.63791438331843e-07
67608297.5391967,524.896969251551,-2230.05124403283,0.000161775447100864,-0.000688894437058761,1.88817857319949,-8.04022243116401,6.83199054143779e-07,1.6044354732266e-07
69183097.0918921,502.45981138093,-2184.44999955929,0.000154844289130787,-0.000674807558075361,1.80728366600499,-7.87581169813679,6.84816974984366e-07,1.57146789863298e-07
70794578.4384122,480.933064013279,-2139.56464646837,0.000148194369945895,-0.000660941828045085,1.72967115195818,-7.71398203803311,6.86369246281366e-07,1.53901457360463e-07
72443596.0074974,460.283882102537,-2095.39809454025,0.000141815543243164,-0.000647298145838141,1.65522261156191,-7.55474394174427,6.87858236451386e-07,1.50707755035647e-07
74131024.1300901,440.48025850371,-2051.95213578775,0.000135697921559161,-0.000633877065030404,1.58382264628677,-7.39810387016358,6.89286253489605e-07,1.47565807401664e-07
75857757.5029167,421.491033693031,-2009.22751770807,0.000129831879272732,-0.000620678816531926,1.51535891361608,-7.24406451828809,6.90655544268808e-07,1.44475663542292e-07
77624711.6628674,403.285901907338,-1967.2240137441,0.000124208054501549,-0.000607703330353436,1.44972214918084,-7.09262506925973,6.91968294096644e-07,1.4143730219064e-07
79432823.4724264,385.83541402603,-1925.94049091761,0.000118817349992387,-0.000594950256499198,1.3868061771503,-6.94378143820988,6.93226626507755e-07,1.38450636603521e-07
81283051.6164081,369.110977502069,-1885.37497461718,0.000113650933099806,-0.000582418984980919,1.32650790998321,-6.7975265058458,6.94432603268707e-07,1.35515519230594e-07
83176377.1102652,353.084853631465,-1845.52471054173,0.00010870023494266,-0.000570108664952999,1.26872733858326,-6.65385034178167,6.95588224574833e-07,1.32631746178338e-07
85113803.8202357,337.730152433679,-1806.38622381645,0.000103956948822575,-0.000558018222974264,1.2133675138408,-6.51274041767505,6.96695429419351e-07,1.29799061470065e-07
87096358.9956061,323.020825398465,-1767.95537531148,9.9413027983355e-05,-0.000546146380405626,1.16033452048241,-6.37418181027831,6.97756096116325e-07,1.27017161104155e-07
89125093.8133725,308.931656338162,-1730.22741520585,9.50606827851125e-05,-0.00053449166995674,1.10953744408969,-6.2381573945579,6.98772042960248e-07,1.24285696913592e-07
91201083.9355889,295.438250568178,-1693.19703384903,9.08923773619752e-05,-0.000523052451397853,1.06088833209065,-6.10464802707048,6.99745029006163e-07,1.2160428023055e-07
93325430.079697,282.517022622763,-1656.85840998096,8.69008258273082e-05,-0.000511826926455675,1.01430214947011,-5.97363271981553,7.00676754955406e-07,1.18972485360448e-07
95499258.6021414,270.145182697936,-1621.20525637869,8.30789880857427e-05,-0.000500813152914258,0.969696729891068,-5.84508880480946,7.01568864133137e-07,1.16389852870349e-07
97723722.0955788,258.300721998896,-1586.23086300317,7.9420065306782e-05,-0.000490009057943651,0.926992722866292,-5.71899208964703,7.0242294354485e-07,1.13855892697039e-07
99999999.9999977,246.962397155274,-1551.92813772439,7.59174951104511e-05,-0.000479412450680499,0.886113537569055,-5.59531700433191,7.03240525000112e-07,1.11370087080401e-07
102329299.228073,236.109713854308,-1518.28964470678,7.25649465113501e-05,-0.000469021034085809,0.846985283824211,-5.4740367396711,7.04023086292681e-07,1.08931893327988e-07
104712854.805088,225.722909829408,-1485.30764053884,6.93563146635803e-05,-0.00045883241610593,0.809536710775182,-5.35512337753677,7.04772052427114e-07,1.06540746416875e-07
107151930.523758,215.782937329649,-1452.97410819313,6.62857154453206e-05,-0.000448844120163257,0.773699143679493,-5.23854801330551,7.05488796882791e-07,1.04196061438956e-07
109647819.614316,206.271445184488,-1421.28078890339,6.33474799183624e-05,-0.000439053595003539,0.739406419244906,-5.12428087078807,7.06174642907131e-07,1.0189723589598e-07
112201845.430194,197.170760567422,-1390.21921204607,6.05361486946448e-05,-0.000429458223926705,0.706594819880154,-5.01229140996419,7.06830864830509e-07,9.96436518505992e-08
114815362.149686,188.463870552421,-1359.78072311322,5.78464662387713e-05,-0.000420055333428083,0.675203007198491,-4.90254842783594,7.0745868939611e-07,9.74346779396972e-08
117489755.49395,180.134403547669,-1329.95650986295,5.52733751326311e-05,-0.000410842201276652,0.645171955078954,-4.79502015271066,7.08059297098632e-07,9.52696712562171e-08
120226443.461738,172.166610682579,-1300.73762673264,5.28120103255805e-05,-0.000401816064056622,0.616444882559104,-4.6896743322201,7.08633823526346e-07,9.3147979105625e-08
123026877.081235,164.545347215974,-1272.11501759839,5.0457693391165e-05,-0.000392974124198159,0.588967186804102,-4.58647831537754,7.0918336070163e-07,9.10689406430358e-08
125892541.179414,157.256054025909,-1244.07953696267,4.82059268090624e-05,-0.000384313556522549,0.562686376370144,-4.48539912896754,7.09708958415606e-07,8.90318883968976e-08
128824955.16931,150.284739234741,-1216.62196964995,4.60523882888045e-05,-0.000375831514326447,0.537552004955491,-4.38640354855653,7.10211625553027e-07,8.70361496849915e-08
131825673.855638,143.617960016673,-1189.73304908781,4.39929251498681e-05,-0.000367525135029185,0.513515605809423,-4.28945816440359,7.10692331403989e-07,8.50810479283371e-08
134896288.259162,137.242804629186,-1163.40347424893,4.20235487709283e-05,-0.000359391545406382,0.490530626948366,-4.19452944254292,7.11152006959501e-07,8.31659038684274e-08
138038426.460285,131.146874704368,-1137.62392532655,4.0140429119398e-05,-0.000351427866432309,0.468552367309082,-4.10158378130009,7.11591546188303e-07,8.12900366930351e-08
141253754.462272,125.318267831264,-1112.38507821356,3.83398893708661e-05,-0.000343631217752706,0.447537913951075,-4.01058756349516,7.12011807292695e-07,7.94527650756478e-08
144543977.074589,119.745560455829,-1087.67761785294,3.66184006266517e-05,-0.000335998721808894,0.427446080404124,-3.92150720457595,7.12413613941458e-07,7.76534081333983e-08
147910838.816817,114.417791121014,-1063.49225052411,3.49725767364254e-05,-0.000328527507633224,0.408237346242076,-3.83430919691554,7.12797756478232e-07,7.5891286308165e-08
151356124.843617,109.324444065728,-1039.81971512768,3.33991692316961e-05,-0.000321214714335076,0.389873797950583,-3.74896015049796,7.13164993104021e-07,7.41657221753243e-08
154881661.891244,104.455433198073,-1016.65079352784,3.18950623749151e-05,-0.000314057494295784,0.372319071144216,-3.66542683020692,7.13516051032692e-07,7.24760411844424e-08
158489319.246108,99.801086455165,-993.976320009481,3.04572683280009e-05,-0.000307053016090062,0.355538294177366,-3.58367618992221,7.13851627618592e-07,7.08215723360055e-08
162181009.735889,95.3521305590763,-971.787189904121,2.90829224432335e-05,-0.000300198467150674,0.339498033183355,-3.5036754036197,7.14172391455591e-07,6.92016487980959e-08
165958690.743752,91.0996761759704,-950.074367436385,2.77692786786992e-05,-0.000293491056192328,0.324166238567181,-3.42539189366099,7.14478983447047e-07,6.76156084667374e-08
169824365.24617,87.035203483238,-928.828892840203,2.65137051397731e-05,-0.00028692801540996,0.309512192969292,-3.34879335645007,7.14772017846334e-07,6.60627944734527e-08
173780082.874933,83.1505481474588,-908.041888791399,2.53136797475123e-05,-0.000280506602465853,0.295506460710543,-3.2738477856254,7.15052083267737e-07,6.45425556433973e-08
177827941.003888,79.4378877142303,-887.704566201031,2.41667860342794e-05,-0.00027422410227928,0.282120838722101,-3.20052349294712,7.1531974366764e-07,6.30542469072635e-08
181970085.860994,75.8897284093184,-867.808229411463,2.30707090664302e-05,-0.000268077828631639,0.269328308958324,-3.12878912703093,7.15575539296041e-07,6.159722966998e-08
186208713.666282,72.4988923491931,-848.344280834985,2.2023231493466e-05,-0.000262065125599388,0.257102992285643,-3.05861369007217,7.15819987618534e-07,6.01708721390752e-08
190546071.79632,69.258505157778,-829.304225072598,2.10222297226711e-05,-0.000256183368826394,0.245420103836006,-2.98996655269562,7.16053584208988e-07,5.87745496154121e-08
194984459.9758,66.1619839851708,-810.679672548529,2.00656702179245e-05,-0.000250429966646678,0.23425590980958,-2.92281746705933,7.16276803613226e-07,5.74076447488573e-08
199526231.496883,63.2030259231516,-792.462342694053,1.91516059210859e-05,-0.000244802361067947,0.223587685708044,-2.85713657833355,7.16490100184085e-07,5.6069547761302e-08
204173794.466948,60.3755968114941,-774.644066712301,1.82781727941055e-05,-0.000239298028625674,0.213393675976874,-2.79289443466893,7.1669390888827e-07,5.47596566393145e-08
208929613.085399,57.6739204283967,-757.216789953879,1.74435864797945e-05,-0.000233914481116956,0.203653055032533,-2.73006199576149,7.16888646085502e-07,5.34773772985731e-08
213796208.950218,55.0924680577704,-740.172573931436,1.66461390790112e-05,-0.000228649266222846,0.194345889648388,-2.66861064011596,7.17074710280481e-07,5.22221237221036e-08
218776162.39495,52.6259484256244,-723.503597999604,1.58841960418678e-05,-0.0002234999680273,0.185453102671362,-2.60851217110256,7.17252482848204e-07,5.09933180742233e-08
223872113.856829,50.2692979973886,-707.202160725182,1.5156193170435e-05,-0.000218464207440442,0.176956438039913,-2.54973882189699,7.17422328733251e-07,4.97903907919815e-08
229086765.276772,48.0176716276843,-691.26068097093,1.44606337303227e-05,-0.000213539642533368,0.168838427072732,-2.49226325938796,7.17584597123633e-07,4.86127806557773e-08
234422881.531987,45.8664335537954,-675.671698714891,1.37960856684355e-05,-0.000208723968791232,0.161082355996611,-2.43605858713107,7.1773962209984e-07,4.74599348407309e-08
239883291.901943,43.8111487238995,-660.427875625826,1.31611789341399e-05,-0.000204014919291009,0.153672234681261,-2.38109834742346,7.17887723259731e-07,4.63313089502895e-08
245470891.568497,41.8475744509778,-645.521995414043,1.25546029010376e-05,-0.000199410264809864,0.146592766548327,-2.32735652256863,7.18029206319911e-07,4.52263670334532e-08
251188643.150952,39.9716523832336,-630.946963975681,1.19751038865146e-05,-0.000194907813869719,0.139829319621549,-2.27480753539663,7.18164363694282e-07,4.41445815869194e-08
257039578.27688,38.179500781804,-616.695809347378,1.14214827662156e-05,-0.000190505412723246,0.133367898684831,-2.2234262491005,7.18293475050391e-07,4.30854335433621e-08
263026799.189532,36.4674070965437,-602.761681487134,1.08925926805984e-05,-0.000186200945286167,0.127195118514983,-2.1731879664462,7.18416807844278e-07,4.20484122469817e-08
269153480.392685,34.8318208306894,-589.137851896172,1.03873368307272e-05,-0.000181992333020439,0.121298178155994,-2.12406842840921,7.18534617834459e-07,4.1033015417388e-08
275422870.33381,33.2693466852684,-575.817713095616,9.90466636048314e-06,-0.000177877534772584,0.115664836201889,-2.07604381228765,7.18647149575721e-07,4.00387491028082e-08
281838293.126438,31.776737974206,-562.794777970885,9.44357832239716e-06,-0.000173854546571162,0.110283387055573,-2.02909072933855,7.18754636893357e-07,3.90651276235466e-08
288403150.312653,30.3508903011898,-550.062678995865,9.00311372434361e-06,-0.000169921401387099,0.105142638131399,-1.9831862219806,7.18857303338509e-07,3.81116735065576e-08
295120922.666631,28.9888354894794,-537.615167348057,8.58235565437227e-06,-0.00016607616886034,0.100231887969721,-1.93830776060387,7.18955362625244e-07,3.71779174119395e-08
301995172.040194,27.6877357559942,-525.446111925194,8.18042748100146e-06,-0.000162316954996062,0.0955409052321576,-1.89443324002423,7.1904901904997e-07,3.62633980520947e-08
309029543.251351,26.4448781211737,-513.549498273042,7.7964911263443e-06,-0.000158641901833453,0.0910599085469096,-1.8515409756176,7.19138467893835e-07,3.53676621042577e-08
316227766.01683,25.2576690462711,-501.919427433469,7.42974540949294e-06,-0.000155049187089857,0.0867795471740715,-1.80960969916673,7.19223895808686e-07,3.44902641170353e-08
323593656.92962,24.1236292899296,-490.550114721205,7.0794244576417e-06,-0.00015153702378289,0.082690882461538,-1.76861855445085,7.19305481187175e-07,3.36307664115646e-08
331131121.482583,23.0403889760723,-479.435888437111,6.74479618248874e-06,-0.000148103659832952,0.0787853700627875,-1.72854709260644,7.19383394517603e-07,3.27887389778451e-08
338844156.139194,22.005682865341,-468.571188525258,6.42516081951616e-06,-0.000144747377648364,0.075054842888533,-1.68937526728539,7.19457798724038e-07,3.19637593667662e-08
346736850.452523,21.0173458225108,-457.950565180522,6.11984952781047e-06,-0.000141466493695239,0.0714914947649523,-1.65108342963475,7.19528849492261e-07,3.11554125783083e-08
354813389.233567,20.0733084725203,-447.568677412992,5.82822304814877e-06,-0.000138259358053992,0.0680878647719466,-1.61365232312079,7.19596695582078e-07,3.03632909463644e-08
363078054.770092,19.1715930379577,-437.420291574937,5.54967041713929e-06,-0.000135124353964298,0.0648368222356233,-1.57706307821808,7.19661479126496e-07,2.95869940205915e-08
371535229.097163,18.3103093510532,-427.500279855735,5.28360773526965e-06,-0.000132059897360145,0.0617315523499436,-1.54129720698296,7.19723335918265e-07,2.8826128445675e-08
380189396.320552,17.4876510334369,-417.80361874968,5.02947698678007e-06,-0.000129064436396515,0.0587655424032318,-1.50633659752941,7.19782395684289e-07,2.80803078383536e-08
389045144.994271,16.7018918371278,-408.325387501273,4.78674490934334e-06,-0.000126136450969103,0.0559325685859873,-1.47216350842351,7.19838782348344e-07,2.73491526625309e-08
398107170.553487,15.9513821404269,-399.060766532202,4.55490191159678e-06,-0.000123274452228379,0.0532266833571871,-1.43876056301208,7.19892614282585e-07,2.66322901027704e-08
407380277.804102,15.2345455925912,-390.005035853906,4.33346103663488e-06,-0.000120476982089208,0.0506422033470053,-1.40611074369926,7.1994400454826e-07,2.59293539364473e-08
416869383.470325,14.5498759013689,-381.153573469321,4.12195696963378e-06,-0.000117742612737109,0.0481736977746021,-1.374197386184,7.19993061126073e-07,2.52399844048093e-08
426579518.801582,13.8959337576742,-372.501853767072,3.91994508784018e-06,-0.0001150699461322,0.0458159773603587,-1.34300417367051,7.20039887136588e-07,2.45638280831766e-08
436515832.240155,13.2713438918778,-364.045445911172,3.72700055121819e-06,-0.00011245761351174,0.0435640837126366,-1.31251513106233,7.20084581051088e-07,2.39005377504919e-08
446683592.150952,12.67479225638,-355.780012228973,3.54271743210679e-06,-0.000109904274892138,0.0414132791698393,-1.28271461915017,7.20127236893254e-07,2.32497722584125e-08
457088189.614864,12.1050233293238,-347.701306599932,3.36670788229916e-06,-0.000107408618571211,0.0393590370792316,-1.25358732880269,7.2016794443204e-07,2.26111964001215e-08
467735141.287186,11.5608375344891,-339.805172847493,3.19860133601213e-06,-0.000104969360631411,0.037397032494638,-1.22511827516851,7.20206789366102e-07,2.19844807790161e-08
478630092.322626,11.0410887725904,-332.087543136228,3.03804374726948e-06,-0.000102585244444662,0.0355231332757944,-1.19729279189714,7.20243853500111e-07,2.13693016774188e-08
489778819.368434,10.5446820593737,-324.544436376143,2.88469686027762e-06,-0.000100255040179426,0.0337333915727585,-1.17009652538582,7.20279214913291e-07,2.07653409254425e-08
501187233.62726,10.0705712660844,-317.171956635923,2.73823751142469e-06,-9.79775443105194e-05,0.0320240356794039,-1.14351542905847,7.20312948120481e-07,2.01722857701272e-08
512861383.991352,9.6177569580402,-309.966291566692,2.59835696158592e-06,-9.57515791321845e-05,0.0303914622406244,-1.11753575768269,7.20345124226051e-07,1.95898287449552e-08
524807460.249759,9.18528432720701,-302.923710837733,2.464760257468e-06,-9.35759922748498e-05,0.028832228798459,-1.09214406172974,7.20375811070928e-07,1.90176675398386e-08
537031796.370239,8.77224121483443,-296.040564585468,2.33716562077403e-06,-9.1449656225989e-05,0.027343046662915,-1.06732718178244,7.2040507337305e-07,1.84555048716654e-08
549540873.85761,8.37775622035726,-289.313281876852,2.21530386401739e-06,-8.93714678554328e-05,0.0259207740938171,-1.04307224299495,7.20432972861484e-07,1.79030483554772e-08
562341325.190335,8.00099689291989,-282.738369188235,2.09891783185909e-06,-8.73403479454585e-05,0.0245624097805455,-1.01936664960835,7.20459568404491e-07,1.73600103763468e-08
575439937.337142,7.64116800202226,-276.312408900623,1.98776186688689e-06,-8.53552407259436e-05,0.0232650866070385,-0.996198079525391,7.20484916131768e-07,1.68261079620109e-08
588843655.355574,7.29750988392518,-270.032057812155,1.88160129879766e-06,-8.34151134148398e-05,0.0220260656899397,-0.973554478947201,7.20509069551116e-07,1.63010626563097e-08
602559586.074342,6.96929686058677,-263.894045668532,1.78021195598571e-06,-8.15189557641914e-05,0.0208427306782485,-0.951424057074826,7.20532079659751e-07,1.57846003934751e-08
616595001.861466,6.65583572803107,-257.89517371204,1.68337969857975e-06,-7.96657796118966e-05,0.0197125823033031,-0.929795280877735,7.2055399505049e-07,1.52764513733036e-08
630957344.480177,6.35646431117515,-252.032313249715,1.59089997200992e-06,-7.78546184393833e-05,0.0186332331683726,-0.908656869931371,7.20574862013003e-07,1.47763499372445e-08
645654229.034639,6.07055008226149,-246.302404241136,1.50257738022341e-06,-7.60845269353467e-05,0.0176024027675728,-0.887997791325447,7.20594724630344e-07,1.42840344454259e-08
660693448.007579,5.79748884015876,-240.702453906253,1.41822527770341e-06,-7.43545805656767e-05,0.0166179127242385,-0.86780725464449,7.20613624870945e-07,1.3799247154639e-08
676082975.391964,5.53670344790664,-235.22953535359,1.33766537948033e-06,-7.26638751496797e-05,0.0156776822392878,-0.848074707021838,7.20631602676262e-07,1.33217340972932e-08
691830970.918918,5.28764262598787,-229.88078622912,1.26072738835827e-06,-7.10115264426827e-05,0.0147797237405086,-0.828789828268144,7.20648696044237e-07,1.28512449613515e-08
707945784.38412,5.0497797989152,-224.653407386017,1.18724863861117e-06,-6.93966697250908e-05,0.0139221387240655,-0.809942526075172,7.20664941108748e-07,1.23875329712521e-08
724435960.074971,4.82261199282115,-219.544661575478,1.11707375543458e-06,-6.78184593979516e-05,0.0131031137798949,-0.791522931295563,7.20680372215215e-07,1.19303547698156e-08
741310241.300898,4.60565878183458,-214.551872158751,1.05005432946847e-06,-6.62760685850672e-05,0.0123209167929955,-0.773521393299006,7.20695021992493e-07,1.14794703011368e-08
758577575.029164,4.39846128112115,-209.67242184043,9.86048605735275e-07,-6.47686887416808e-05,0.0115738933129635,-0.755928475405144,7.20708921421216e-07,1.1034642694454e-08
776247116.628671,4.20058118455378,-204.903751423093,9.24921186364902e-07,-6.32955292697521e-05,0.0108604630844366,-0.738734950393375,7.20722099898718e-07,1.0595638148988e-08
794328234.724261,4.01159984506504,-200.243358583276,8.66542746504882e-07,-6.18558171398252e-05,0.0101791167314258,-0.721931796089611,7.20734585300668e-07,1.01622258197382e-08
812830516.164078,3.83111739581565,-195.688796668768,8.10789762839328e-07,-6.04487965194825e-05,0.00952841258880541,-0.705510191029882,7.20746404039539e-07,9.73417770422065e-09
831763771.102649,3.65875191039249,-191.237673517179,7.57544254164778e-07,-5.90737284083679e-05,0.00890697367452327,-0.689461510200628,7.20757581120036e-07,9.31126853013329e-09
851138038.202354,3.49413860032561,-186.887650295684,7.06693533494536e-07,-5.77298902797556e-05,0.00831348479636058,-0.673777320855385,7.20768140191582e-07,8.89327564392678e-09
870963589.956058,3.33692904828645,-182.636440361872,6.58129971185579e-07,-5.64165757286328e-05,0.0077466897873392,-0.658449378407478,7.20778103597994e-07,8.47997890026152e-09
891250938.133722,3.18679047539968,-178.481808145534,6.11750768603787e-07,-5.51330941262544e-05,0.00720538886412351,-0.643469622398278,7.20787492424417e-07,8.07116055232685e-09
912010839.355886,3.04340504116835,-174.421568051275,5.67457741864018e-07,-5.38787702811286e-05,0.00668843610300774,-0.628830172540494,7.20796326541639e-07,7.66660514299805e-09
933254300.796966,2.90646917457615,-170.453583381766,5.25157115201421e-07,-5.2652944106378e-05,0.00619473702831126,-0.614523324835881,7.20804624647867e-07,7.26609939680437e-09
954992586.021411,2.77569293499295,-166.575765281458,4.84759323549515e-07,-5.14549702934225e-05,0.00572324630822805,-0.600541547766737,7.20812404308047e-07,6.86943211268057e-09
977237220.955785,2.65079940156853,-162.786071700568,4.46178823918885e-07,-5.02842179919228e-05,0.0052729655533896,-0.586877478560456,7.20819681990813e-07,6.47639405747253e-09
999999999.999973,2.53152408985665,-159.082506379115,4.09333915187875e-07,-4.91400704959175e-05,0.00484294121360607,-0.573523919526387,7.20826473103136e-07,6.08677786016639e-09
1023292992.28073,2.41761439446601,-155.463117850791,3.74146565933527e-07,-4.80219249360889e-05,0.00443226256844655,-0.560473834464195,7.20832792022756e-07,5.70037790680998e-09
1047128548.05087,2.30882905658675,-151.925998466438,3.40542249947126e-07,-4.69291919780811e-05,0.00404005980750794,-0.547720345142889,7.20838652128443e-07,5.31699023609356e-09
1071519305.23758,2.20493765529127,-148.469283436873,3.0844978909419e-07,-4.58612955267995e-05,0.00366550219640222,-0.535256727849641,7.20844065828173e-07,4.93641243555654e-09
1096478196.14316,2.10572012155631,-145.091149894833,2.77801203193543e-07,-4.48176724366126e-05,0.00330779632466475,-0.523076410007497,7.20849044585255e-07,4.55844353838583e-09
1122018454.30193,2.01096627399866,-141.789815975765,2.485315666043e-07,-4.37977722273763e-05,0.00296618443195193,-0.511172966861047,7.20853598942481e-07,4.18288392077047e-09
1148153621.49685,1.92047537536143,-138.563539917211,2.20578871223197e-07,-4.28010568062017e-05,0.00263994280905524,-0.49954011822912,7.20857738544335e-07,3.80953519977691e-09
1174897554.9395,1.83405570882956,-135.410619176507,1.938838956077e-07,-4.18270001948808e-05,0.00232838027041029,-0.488171725323526,7.20861472157316e-07,3.43820013170825e-09
1202264434.61738,1.75152417329373,-132.32938956654,1.68390079952792e-07,-4.08750882628882e-05,0.00203083669492546,-0.477061787632867,7.20864807688417e-07,3.06868251091057e-09
1230268770.81235,1.67270589672046,-129.31822440927,1.44043406661285e-07,-3.99448184658729e-05,0.00174668163209335,-0.466204439870427,7.20867752201782e-07,2.70078706898871e-09
1258925411.79413,1.59743386682313,-126.375533706758,1.20792286258901e-07,-3.90356995895541e-05,0.0014753129704823,-0.455593948985133,7.20870311933607e-07,2.33431937439344e-09
1288249551.6931,1.52554857826409,-123.499763329394,9.85874484163275e-08,-3.81472514989344e-05,0.0012161556658322,-0.445224711234578,7.20872492305278e-07,1.96908573234177e-09
1318256738.55637,1.45689769565183,-120.689394221079,7.73818378508982e-08,-3.72790048927443e-05,0.000968660526101349,-0.435091249319094,7.2087429793481e-07,1.60489308503153e-09
1348962882.59162,1.3913357316297,-117.942941621035,5.71305148905717e-08,-3.64305010630285e-05,0.000732303050927846,-0.425188209575849,7.20875732646578e-07,1.24154891211121e-09
1380384264.60285,1.32872373938362,-115.258954302004,3.77905604924701e-08,-3.56012916597895e-05,0.00050658232308102,-0.415510359231953,7.20876799479383e-07,8.78861131365787e-10
1412537544.62272,1.26892901892586,-112.636013824516,1.93209855173997e-08,-3.47909384605985e-05,0.000291019949585132,-0.406052583715549,7.20877500692862e-07,5.16637999579011e-10
1445439770.74589,1.21182483654057,-110.07273380697,1.68264407055428e-09,-3.39990131450878e-05,8.51590503002696e-05,-0.39680988402387,7.20877837772251e-07,1.54688013532409e-10
1479108388.16817,1.15729015680356,-107.567759211226,-1.51618492730051e-08,-3.32250970742369e-05,-0.000111436708156842,-0.387777374147255,7.2087781143152e-07,-2.07180188898701e-10
1513561248.43617,1.10520938661527,-105.119765643448,-3.12481985314725e-08,-3.24687810743666e-05,-0.00029918403517565,-0.378950278548099,7.20877421614876e-07,-5.69157927592149e-10
1548816618.91244,1.0554721307102,-102.7274586699,-4.66105018337253e-08,-3.17296652257536e-05,-0.000478480897532163,-0.37032392969374,7.20876667496648e-07,-9.31436579008821e-10
1584893192.46107,1.00797295813035,-100.389573147431,-6.12813235494072e-08,-3.10073586557813e-05,-0.000649707361235048,-0.361893765642289,7.20875547479543e-07,-1.29420767504539e-09
1621810097.35889,0.962611179172652,-98.1048725683652,-7.52917631830006e-08,-3.03014793365412e-05,-0.000813226395603674,-0.353655327680394,7.20874059191278e-07,-1.6576630019499e-09
1659586907.43752,0.919290632342071,-95.872148419535,-8.8671521176502e-08,-2.96116538868007e-05,-0.000969384641265968,-0.345604258011979,7.20872199479579e-07,-2.02199469934015e-09
1698243652.4617,0.877919480863193,-93.6902195551751,-1.01448961758887e-07,-2.89375173782537e-05,-0.00111851314368883,-0.337736297496957,7.20869964405533e-07,-2.3873953593645e-09
1737800828.74933,0.838410018322565,-91.5579315834183,-1.13651172974413e-07,-2.82787131459721e-05,-0.00126092805378233,-0.33004728343898,7.2086734923528e-07,-2.754058126045e-09
1778279410.03887,0.800678483033377,-89.4741562661259,-1.2530402401594e-07,-2.76348926029755e-05,-0.00139693129705029,-0.322533147421248,7.20864348430032e-07,-3.12217679484211e-09
1819700858.60993,0.764644880732096,-87.4377909317909,-1.36432219983816e-07,-2.70057150588389e-05,-0.0015268112126943,-0.315189913189454,7.20860955634399e-07,-3.4919459124804e-09
1862087136.66282,0.730232815234079,-85.4477579012557,-1.47059354185533e-07,-2.63908475422585e-05,-0.00165084316401564,-0.308013694580914,7.20857163662984e-07,-3.8635608770742e-09
1905460717.96319,0.697369326691809,-83.5030039259901,-1.57207958086206e-07,-2.57899646274967e-05,-0.00176929012139955,-0.301000693498981,7.20852964485243e-07,-4.2372180385919e-09
1949844599.75799,0.665984737115243,-81.602499638677,-1.66899549015025e-07,-2.52027482646285e-05,-0.00188240321910932,-0.294147197931824,7.20848349208557e-07,-4.61311479969725e-09
1995262314.96882,0.636012502828978,-79.7452390158575,-1.76154675728154e-07,-2.46288876135125e-05,-0.00199042228706244,-0.287449580014675,7.20843308059489e-07,-4.9914497170056e-09
2041737944.66947,0.607389073555414,-77.9302388523912,-1.84992961924049e-07,-2.40680788814116e-05,-0.00209357635870932,-0.280904294134673,7.20837830363195e-07,-5.37242260279252e-09
2089296130.85398,0.580053757826975,-76.1565382474905,-1.93433147802897e-07,-2.35200251641874e-05,-0.00219208415608463,-0.274507875077425,7.2083190452093e-07,-5.7562346271919e-09
2137962089.50217,0.553948594443702,-74.4231981020907,-2.01493129757774e-07,-2.29844362909968e-05,-0.00228615455305373,-0.268256936214425,7.20825517985621e-07,-6.14308842091969e-09
2187761623.94949,0.529018229705189,-72.7293006273229,-2.09189998281209e-07,-2.24610286724168e-05,-0.0023759870177309,-0.262148167730505,7.2081865723544e-07,-6.53318817855939e-09
2238721138.56828,0.505209800157947,-71.0739488638588,-2.16540074167112e-07,-2.19495251519279e-05,-0.00246177203500251,-0.25617833489047,7.20811307745337e-07,-6.92673976244389e-09
2290867652.76771,0.48247282061084,-69.4562662119022,-2.23558943084408e-07,-2.14496548606849e-05,-0.00254369151004633,-0.250344276344104,7.20803453956457e-07,-7.32395080716837e-09
2344228815.31986,0.460759077182297,-67.8753959716024,-2.30261488595371e-07,-2.09611530755069e-05,-0.00262191915369869,-0.244642902468756,7.20795079243404e-07,-7.7250308247674e-09
2398832919.01942,0.440022525153573,-66.3305008936735,-2.36661923688306e-07,-2.04837610800192e-05,-0.00269662085048254,-0.239071193748702,7.20786165879254e-07,-8.13019131058869e-09
2454708915.68496,0.420219191412421,-64.8207627400018,-2.4277382089118e-07,-2.001722602888e-05,-0.00276795501007362,-0.233626199190519,7.20776694998268e-07,-8.53964584989513e-09
2511886431.50951,0.401307081281173,-63.3453818540316,-2.4861014102977e-07,-1.9561300815027e-05,-0.00283607290294676,-0.228305034773693,7.20766646556223e-07,-8.95361022522515e-09
2570395782.76879,0.383246089532473,-61.9035767407209,-2.54183260691065e-07,-1.91157439398793e-05,-0.00290111898091116,-0.223104881935736,7.20755999288275e-07,-9.37230252454057e-09
2630267991.89531,0.365997915404683,-60.4945836558637,-2.59504998449951e-07,-1.86803193864321e-05,-0.00296323118321179,-0.218022986091056,7.20744730664266e-07,-9.79594325018967e-09
2691534803.92684,0.349525981437417,-59.1176562045782,-2.64586639914571e-07,-1.82547964951827e-05,-0.00302254122884371,-0.213056655182863,7.20732816841399e-07,-1.02247554287115e-08
2754228703.33809,0.333795355955692,-57.7720649487646,-2.69438961643302e-07,-1.78389498428254e-05,-0.00307917489569687,-0.208203258267413,7.20720232614165e-07,-1.06589647215063e-08
2818382931.26437,0.318772679038861,-56.4570970233399,-2.74072253983887e-07,-1.7432559123658e-05,-0.00313325228712154,-0.203460224129877,7.20706951361432e-07,-1.10987995363941e-08
2884031503.12652,0.304426091817851,-55.17205576106,-2.78496342883015e-07,-1.70354090336396e-05,-0.00318488808647778,-0.198825039931176,7.20692944990586e-07,-1.1544491140084e-08
2951209226.6663,0.290725168951212,-53.916260325744,-2.82720610712444e-07,-1.66472891570436e-05,-0.00323419180020721,-0.194295249885082,7.2067818387861e-07,-1.19962737715708e-08
3019951720.40193,0.277640854137216,-52.6890453537182,-2.86754016155728e-07,-1.62679938556487e-05,-0.0032812679899409,-0.189868453964962,7.2066263680998e-07,-1.24543847564773e-08
3090295432.5135,0.26514539852562,-51.4897606033016,-2.90605113197584e-07,-1.58973221604137e-05,-0.0033262164941346,-0.185542306639496,7.20646270911256e-07,-1.29190646223555e-08
3162277660.16829,0.253212301898829,-50.317770612158,-2.94282069256078e-07,-1.55350776655808e-05,-0.00336913263969974,-0.181314515636747,7.20629051582234e-07,-1.33905572149586e-08
3235936569.29619,0.241816256498041,-49.1724543623425,-2.97792682495995e-07,-1.51810684251564e-05,-0.00341010744407821,-0.177182840735975,7.20610942423519e-07,-1.38691098154917e-08
3311311214.82582,0.23093309337553,-48.0532049528751,-3.01144398360008e-07,-1.48351068517146e-05,-0.0034492278081883,-0.173145092586563,7.20591905160375e-07,-1.43549732588474e-08
3388441561.39193,0.220539731159566,-46.9594292796759,-3.04344325352643e-07,-1.44970096174754e-05,-0.00348657670065018,-0.16919913155349,7.20571899562706e-07,-1.48484020528277e-08
3467368504.52522,0.210614127123533,-45.8905477227006,-3.07399250110441e-07,-1.41665975576062e-05,-0.0035222333336808,-0.165342866588748,7.2055088336099e-07,-1.53496544983515e-08
3548133892.33565,0.201135230455722,-44.8459938401187,-3.10315651790212e-07,-1.38436955756968e-05,-0.00355627333103046,-0.161574254128143,7.20528812158018e-07,-1.58589928106404e-08
3630780547.70091,0.192082937630863,-43.825214069378,-3.13099715805836e-07,-1.35281325513633e-05,-0.00358876888831665,-0.157891297012916,7.20505639336255e-07,-1.63766832413753e-08
3715352290.97162,0.183438049788951,-42.8276674350052,-3.15757346942717e-07,-1.32197412499296e-05,-0.00361978892609454,-0.154292043435639,7.20481315960636e-07,-1.69029962018071e-08
3801893963.2055,0.175182232031131,-41.8528252629928,-3.18294181877622e-07,-1.29183582341447e-05,-0.00364939923598831,-0.150774585909856,7.20455790676608e-07,-1.74382063868034e-08
3890451449.94269,0.167297974546467,-40.900170901627,-3.20715601130461e-07,-1.26238237778878e-05,-0.00367766262019274,-0.147337060262928,7.20429009603215e-07,-1.79825928998058e-08
3981071705.53486,0.159768555487287,-39.9691994486142,-3.23026740473285e-07,-1.23359817818195e-05,-0.00370463902464051,-0.143977644651587,7.20400916221027e-07,-1.85364393786674e-08
4073802778.04101,0.152578005514503,-39.0594174843663,-3.25232501820697e-07,-1.20546796909333e-05,-0.00373038566611737,-0.140694558599686,7.20371451254676e-07,-1.91000341223335e-08
4168693834.70323,0.145711073937808,-38.170342811308,-3.27337563624729e-07,-1.17797684139689e-05,-0.00375495715359442,-0.137486062057649,7.20340552549785e-07,-1.96736702183209e-08
4265795188.0158,0.139153196379059,-37.3015041990725,-3.29346390796223e-07,-1.15111022446418e-05,-0.00377840560403458,-0.134350454483146,7.20308154944038e-07,-2.02576456709468e-08
4365158322.40153,0.132890463890353,-36.4524411354546,-3.31263244173739e-07,-1.1248538784652e-05,-0.00380078075291875,-0.131286073942528,7.20274190132163e-07,-2.08522635302468e-08
4466835921.5095,0.126909593461379,-35.622703582993,-3.33092189560053e-07,-1.09919388684314e-05,-0.00382213005972583,-0.128291296232534,7.20238586524544e-07,-2.14578320215144e-08
4570881896.14862,0.121197899853583,-34.8118517410561,-3.34837106345411e-07,-1.07411664895895e-05,-0.00384249880859019,-0.125364534021849,7.20201269099207e-07,-2.20746646753882e-08
4677351412.87185,0.115743268701476,-34.0194558133086,-3.36501695735813e-07,-1.04960887290226e-05,-0.00386193020435013,-0.122504236012053,7.20162159246891e-07,-2.27030804583979e-08
4786300923.22624,0.110534130824099,-33.2450957804394,-3.38089488603787e-07,-1.02565756846461e-05,-0.00388046546419093,-0.119708886117534,7.20121174608921e-07,-2.33434039038738e-08
4897788193.68432,0.105559437692229,-32.4883611780316,-3.39603852978291e-07,-1.00225004027165e-05,-0.00389814390507677,-0.116977002663931,7.20078228907558e-07,-2.3995965243112e-08
5011872336.27258,0.100808637999335,-31.7488508794617,-3.41048001189657e-07,-9.79373881070596e-06,-0.0039150030271573,-0.114307137604721,7.20033231768536e-07,-2.46611005366754e-08
5128613839.9135,0.0962716552866547,-31.0261728837133,-3.42424996684704e-07,-9.57016965169458e-06,-0.00393107859332552,-0.111697875755504,7.19986088535427e-07,-2.53391518056965e-08
5248074602.49757,0.0919388665749748,-30.3199441079969,-3.43737760526532e-07,-9.35167442024801e-06,-0.00394640470509609,-0.109147834045633,7.19936700075509e-07,-2.60304671630369e-08
5370317963.70237,0.0878010819578351,-29.6297901850668,-3.44989077592753e-07,-9.13813729974555e-06,-0.00396101387496508,-0.106655660786762,7.19884962576784e-07,-2.67354009441397e-08
5495408738.57609,0.0838495251129127,-28.9553452651306,-3.4618160248536e-07,-8.9294451011271e-06,-0.00397493709540486,-0.104220034957966,7.19830767335754e-07,-2.7454313837398e-08
5623413251.90333,0.0800758146902863,-28.2962518222477,-3.47317865164773e-07,-8.72548720302707e-06,-0.0039882039046408,-0.10183966550704,7.19774000535603e-07,-2.81875730138438e-08
5754399373.3714,0.0764719465381353,-27.6521604651157,-3.48400276320049e-07,-8.52615549326414e-06,-0.00400084244934956,-0.0995132906676288,7.19714543014354e-07,-2.89355522559446e-08
5888436553.55572,0.0730302767282057,-27.0227297521472,-3.49431132486676e-07,-8.33134431165663e-06,-0.00401287954441227,-0.0972396772918176,7.19652270022619e-07,-2.96986320852724e-08
6025595860.7434,0.0697435053450622,-26.407626010739,-3.50412620922834e-07,-8.14095039413366e-06,-0.00402434072984991,-0.0950176201978597,7.19587050970494e-07,-3.04771998887929e-08
6165950018.61464,0.066604661004771,-25.8065231606401,-3.51346824254532e-07,-7.95487281811329e-06,-0.00403525032506199,-0.0928459415326805,7.19518749163172e-07,-3.12716500434954e-08
6309573444.80175,0.063607086070196,-25.2191025413272,-3.52235724899487e-07,-7.77301294911908e-06,-0.00404563148048424,-0.0907234901488403,7.19447221524806e-07,-3.20823840390642e-08
6456542290.34637,0.0607444225315718,-24.6450527432948,-3.53081209279215e-07,-7.59527438860755e-06,-0.00405550622677532,-0.0886491409956282,7.19372318310163e-07,-3.29098105982624e-08
6606934480.07577,0.0580105985224225,-24.0840694431749,-3.53885071828298e-07,-7.4215629229793e-06,-0.00406489552163776,-0.0866217945239706,7.19293882803571e-07,-3.37543457946737e-08
6760829753.91962,0.0553998154422428,-23.5358552425968,-3.54649018809421e-07,-7.25178647374751e-06,-0.00407381929437298,-0.0846403761048471,7.19211751004672e-07,-3.46164131674179e-08
6918309709.18916,0.0529065356586444,-23.0001195107059,-3.55374671942328e-07,-7.08585504883773e-06,-0.00408229648826598,-0.0827038354609105,7.19125751300443e-07,-3.54964438324237e-08
7079457843.84117,0.0505254707628954,-22.4765782302552,-3.56063571854477e-07,-6.92368069499392e-06,-0.00409034510089024,-0.0808111461110171,7.19035704122984e-07,-3.63948765898081e-08
7244359600.74969,0.0482515703539568,-21.9649538471928,-3.56717181360811e-07,-6.76517745126599e-06,-0.00409798222241962,-0.078961304827379,7.18941421592494e-07,-3.7312158026878e-08
7413102413.00896,0.0460800113272355,-21.4649751236629,-3.57336888579689e-07,-6.61026130355463e-06,-0.00410522407202942,-0.0771533311050558,7.188427071449e-07,-3.82487426162281e-08
7585775750.29161,0.0440061876453477,-20.976376994346,-3.57924009891703e-07,-6.45885014019007e-06,-0.0041120860324652,-0.0753862666435138,7.18739355143553e-07,-3.92050928083709e-08
7762471166.28669,0.042025700569203,-20.4989004260605,-3.58479792747763e-07,-6.31086370852167e-06,-0.00411858268285398,-0.0736591748399808,7.18631150474402e-07,-4.01816791182895e-08
7943282347.24258,0.040134349328699,-20.0322922805539,-3.59005418332557e-07,-6.16622357249589e-06,-0.00412472782982895,-0.0719711402943373,7.18517868124047e-07,-4.1178980205258e-08
8128305161.64075,0.0383281222132465,-19.5763051804106,-3.59502004089153e-07,-6.02485307120084e-06,-0.00413053453703526,-0.0703212683252872,7.18399272740058e-07,-4.21974829452256e-08
8317637711.02647,0.036603188063233,-19.1306973780048,-3.59970606110275e-07,-5.88667727835585e-06,-0.00413601515308141,-0.068708684497558,7.18275118172936e-07,-4.32376824950058e-08
8511380382.02351,0.0349558881443859,-18.6952326274324,-3.60412221401488e-07,-5.75162296272541e-06,-0.00414118133799739,-0.067132534159888,7.18145146999075e-07,-4.43000823474594e-08
8709635899.56055,0.0333827283878057,-18.269680059351,-3.60827790021283e-07,-5.61961854943686e-06,-0.0041460440882579,-0.0655919819935611,7.18009090024081e-07,-4.53851943767979e-08
8912509381.33719,0.0318803719792145,-17.8538140586647,-3.61218197102799e-07,-5.49059408218224e-06,-0.00415061376042609,-0.0640862115712592,7.17866665765809e-07,-4.64935388730725e-08
9120108393.55883,0.0304456322817067,-17.4474141449887,-3.61584274761708e-07,-5.36448118628468e-06,-0.00415490009347051,-0.0626144249260044,7.17717579916435e-07,-4.76256445648467e-08
9332543007.96963,0.0290754660769958,-17.0502648558297,-3.6192680389455e-07,-5.2412130326106e-06,-0.0041589122298055,-0.0611758421299712,7.17561524782927e-07,-4.87820486289799e-08
9549925860.21408,0.0277669671108233,-16.6621556324222,-3.62246515871597e-07,-5.12072430230928e-06,-0.00416265873510272,-0.0597697008829536,7.17398178705233e-07,-4.99632966863735e-08
9772372209.55782,0.0265173599288452,-16.2828807081588,-3.62544094128138e-07,-5.00295115236173e-06,-0.00416614761691918,-0.0583952561102774,7.17227205451525e-07,-5.11699427824537e-08
9999999999.9997,0.0253239939899236,-15.9122389995576,-3.62820175657878e-07,-4.88783118192156e-06,-0.00416938634218501,-0.0570517795699529,7.17048253589855e-07,-5.24025493510783e-08
10232929922.8072,0.0241843380443405,-15.5500339997069,-3.63075352411966e-07,-4.77530339943065e-06,-0.0041723818535921,-0.0557385594688705,7.16860955835545e-07,-5.36616871604693e-08
10471285480.5087,0.0230959747650125,-15.1960736741338,-3.63310172607011e-07,-4.66530819049316e-06,-0.00417514058492273,-0.0544549000878437,7.16664928373689e-07,-5.49479352396769e-08
10715193052.3757,0.0220565956203213,-14.8501703590389,-3.63525141945271e-07,-4.55778728649163e-06,-0.00417766847535556,-0.0532001214153131,7.16459770156135e-07,-5.62618807839838e-08
10964781961.4315,0.0210639959776874,-14.5121406618456,-3.63720724750059e-07,-4.45268373392956e-06,-0.00417997098278453,-0.0519735587895247,7.16245062172331e-07,-5.76041190375525e-08
11220184543.0193,0.0201160704275026,-14.1818053640102,-3.63897345019273e-07,-4.34994186448508e-06,-0.00418205309618457,-0.050774562549008,7.16020366693457e-07,-5.89752531515119e-08
11481536214.9685,0.0192108083175062,-13.858989326042,-3.64055387399832e-07,-4.24950726576097e-06,-0.00418391934705677,-0.0496024976911768,7.15785226489294e-07,-6.03758940155612e-08
11748975549.3949,0.0183462894881331,-13.543521394684,-3.64195198085661e-07,-4.15132675271655e-06,-0.0041855738199838,-0.0484567435388864,7.15539164017303e-07,-6.18066600610516e-08
12022644346.1738,0.0175206801997915,-13.2352343122029,-3.64317085641793e-07,-4.05534833976733e-06,-0.00418702016232562,-0.0473366934147818,7.15281680583444e-07,-6.32681770333768e-08
12302687708.1234,0.0167322292434308,-12.9339646277433,-3.6442132175702e-07,-3.96152121353901e-06,-0.00418826159308398,-0.0462417543232795,7.15012255474308e-07,-6.47610777313741e-08
12589254117.9413,0.0159792642261538,-12.6395526106976,-3.6450814192746e-07,-3.86979570626244e-06,-0.00418930091096319,-0.0451713466400266,7.14730345060213e-07,-6.62860017112959e-08
12882495516.931,0.0152601880239937,-12.3518421660457,-3.64577746073319e-07,-3.78012326979679e-06,-0.00419014050165411,-0.0441249038086895,7.14435381868946e-07,-6.78435949527717e-08
13182567385.5637,0.0145734753943337,-12.0706807516208,-3.64630299091068e-07,-3.69245645026861e-06,-0.00419078234436679,-0.0431018720449254,7.1412677362995e-07,-6.94345094840255e-08
13489628825.9161,0.0139176697407858,-11.7959192972567,-3.6466593134317e-07,-3.60674886331462e-06,-0.00419122801763727,-0.0421017100473976,7.13803902288833e-07,-7.10594029634613e-08
13803842646.0284,0.0132913800236659,-11.5274121257746,-3.64684739087489e-07,-3.5229551699168e-06,-0.00419147870443294,-0.0411238887156977,7.13466122992163e-07,-7.2718938214567e-08
14125375446.2271,0.0126932778095144,-11.2650168757666,-3.6468678484843e-07,-3.44103105281825e-06,-0.0041915351965807,-0.0401678908750436,7.13112763042655e-07,-7.44137827109159e-08
14454397707.4588,0.0121220944534039,-11.0085944261361,-3.64672097731877e-07,-3.36093319350931e-06,-0.00419139789854172,-0.039233211007626,7.12743120824964e-07,-7.61446080078789e-08
14791083881.6816,0.0115766184080587,-10.7580088223546,-3.64640673685955e-07,-3.28261924977322e-06,-0.00419106683055677,-0.0383193549904816,7.12356464702467e-07,-7.79120891174774e-08
15135612484.3616,0.0110556926540784,-10.5131272043964,-3.64592475709655e-07,-3.20604783378123e-06,-0.00419054163118557,-0.0374258398397733,7.11952031885547e-07,-7.97169038226269e-08
15488166189.1243,0.0105582122458163,-10.2738197363121,-3.64527434011387e-07,-3.13117849072754e-06,-0.00418982155926426,-0.0365521934613641,7.11529027272116e-07,-8.1559731926836e-08
15848931924.6107,0.0100831219677068,-10.0399595374049,-3.64445446119528e-07,-3.05797167799464e-06,-0.00418890549530518,-0.0356979544075759,7.11086622261295e-07,-8.34412544352365e-08
16218100973.5888,0.00962941409607183,-9.81142261497262,-3.64346376947102e-07,-2.98638874483992e-06,-0.00418779194236366,-0.0348626716400256,7.1062395354137e-07,-8.5362152662626e-08
16595869074.3751,0.00919612626165848,-9.58808779857942,-3.64230058812776e-07,-2.91639191259512e-06,-0.00418647902639714,-0.0340459042984382,7.10140121853449e-07,-8.73231072640157e-08
16982436524.6169,0.00878233940837576,-9.36983667582365,-3.64096291420434e-07,-2.84794425537009e-06,-0.00418496449614296,-0.0332472214753396,7.0963419073246e-07,-8.93247971829797e-08
17378008287.4932,0.00838717584389966,-9.15655352956662,-3.63944841799671e-07,-2.781009681253e-06,-0.00418324572254203,-0.0324662019965351,7.09105185227466e-07,-9.13678985129109e-08
17782794100.3887,0.00800979737801288,-8.94812527658983,-3.63775444209685e-07,-2.71555291399938e-06,-0.00418131969773693,-0.0317024342072844,7.08552090603577e-07,-9.34530832661006e-08
18197008586.0993,0.00764940354473058,-8.74444140764781,-3.63587800009151e-07,-2.65153947520264e-06,-0.0041791830336744,-0.0309555157640872,7.07973851028137e-07,-9.55810180453708e-08
18620871366.6281,0.00730522990444121,-8.54539392888507,-3.63381577494805e-07,-2.58893566693906e-06,-0.00417683196034396,-0.0302250534319971,7.07369368244194e-07,-9.77523626128136e-08
19054607179.6319,0.00697654642246145,-8.350877304586,-3.63156411711671e-07,-2.52770855488069e-06,-0.00417426232368619,-0.0295106628873862,7.06737500234757e-07,-9.99677683500193e-08
19498445997.5799,0.0066626559205663,-8.16078840122746,-3.62911904237999e-07,-2.46782595186963e-06,-0.00417146958320657,-0.0288119685260848,7.06077059881756e-07,-1.02227876604018e-07
19952623149.6882,0.0063628925982099,-7.97502643280446,-3.62647622948236e-07,-2.40925640194777e-06,-0.00416844880933289,-0.0281286032768243,7.05386813624144e-07,-1.04533316913017e-07
20417379446.6947,0.0060766206203008,-7.79349290739996,-3.6236310175758e-07,-2.35196916483598e-06,-0.00416519468055735,-0.0274602084199159,7.04665480120123e-07,-1.06884705105891e-07
20892961308.5398,0.00580323276853631,-7.6160915749705,-3.62057840351898e-07,-2.29593420085739e-06,-0.00416170148040698,-0.0268064334110988,7.03911728919061e-07,-1.09282641269267e-07
21379620895.0217,0.00554214915343541,-7.44272837631994,-3.61731303907112e-07,-2.24112215629925e-06,-0.00415796309428964,-0.0261669357104952,7.03124179149275e-07,-1.11727707575998e-07
21877616239.4949,0.00529281598433853,-7.27331139323453,-3.61382922802438e-07,-2.18750434920848e-06,-0.0041539730062662,-0.0255413806166125,7.0230139822857e-07,-1.1422046596873e-07
22387211385.6827,0.00505470439476535,-7.10775079975253,-3.61012092332208e-07,-2.13505275561576e-06,-0.00414972429580333,-0.0249294411053347,7.01441900605098e-07,-1.16761455692284e-07
22908676527.677,0.00482730932063924,-6.94595881454289,-3.60618172421361e-07,-2.08373999618362e-06,-0.00414520963456564,-0.0243307976738464,7.00544146536912e-07,-1.19351190668605e-07
23442288153.1985,0.00461014842899903,-6.78784965436763,-3.60200487350089e-07,-2.03353932327384e-06,-0.00414042128331014,-0.0237451381894366,6.99606540919378e-07,-1.21990156708082e-07
23988329190.1942,0.00440276109492601,-6.63333948860326,-3.59758325493525e-07,-1.98442460842967e-06,-0.00413535108895104,-0.023172157743128,6.98627432170485e-07,-1.24678808551202e-07
24547089156.8495,0.00420470742451605,-6.4823463947972,-3.59290939082815e-07,-1.93637033026857e-06,-0.0041299904818676,-0.0226115585080806,6.97605111185027e-07,-1.27417566734672e-07
25118864315.095,0.00401556732182485,-6.33479031523564,-3.58797543994368e-07,-1.88935156278088e-06,-0.0041243304735336,-0.0220630496027173,6.96537810369558e-07,-1.30206814276422e-07
25703957827.6879,0.00383493959780705,-6.1905930144998,-3.582773195746e-07,-1.84334396403025e-06,-0.0041183616545522,-0.0215263469585213,6.95423702771078e-07,-1.33046893174213e-07
26302679918.953,0.00366244111935941,-6.04967803798814,-3.57729408507968e-07,-1.79832376525125e-06,-0.00411207419318632,-0.0210011731924504,6.94260901313421e-07,-1.35938100713047e-07
26915348039.2683,0.00349770599666322,-5.91197067138255,-3.5715291673668e-07,-1.75426776033964e-06,-0.00410545783448065,-0.0204872574839175,6.93047458156457e-07,-1.3888068557704e-07
27542287033.3808,0.00334038480710221,-5.77739790103704,-3.56546913440988e-07,-1.71115329573059e-06,-0.00409850190007795,-0.019984335456279,6.91781364194332e-07,-1.41874843762096e-07
28183829312.6437,0.00319014385411,-5.64588837526789,-3.55910431089574e-07,-1.66895826065985e-06,-0.00409119528883903,-0.0194921490627753,6.90460548710148e-07,-1.44920714286434e-07
28840315031.2652,0.00304666445937507,-5.51737236652483,-3.5524246557014e-07,-1.62766107780259e-06,-0.00408352647838254,-0.0190104464768602,6.89082879205692e-07,-1.4801837469692e-07
29512092266.6629,0.00290964228690203,-5.39178173442316,-3.54541976410902e-07,-1.58724069428438e-06,-0.0040754835276679,-0.0185389819868534,6.87646161426029e-07,-1.51167836370133e-07
30199517204.0192,0.00277878669749561,-5.26904988961727,-3.53807887104331e-07,-1.54767657305795e-06,-0.00406705408075145,-0.0180775158948452,6.86148139600013e-07,-1.54369039608307e-07
30902954325.1349,0.00265382013229825,-5.14911175849627,-3.53039085545057e-07,-1.50894868463941e-06,-0.00405822537185321,-0.0176258144197756,6.84586496918995e-07,-1.57621848531566e-07
31622776601.6828,0.00253447752407367,-5.03190374868325,-3.52234424594514e-07,-1.47103749919631e-06,-0.00404898423187857,-0.0171836496046032,6.8295885627721e-07,-1.60926045769425e-07
32359365692.9618,0.00242050573498803,-4.91736371531972,-3.51392722785443e-07,-1.43392397897968e-06,-0.00403931709654598,-0.0167507992274695,6.81262781298531e-07,-1.64281326956161e-07
33113112148.2581,0.00231166301969603,-4.8054309281174,-3.5051276517998e-07,-1.39758957109115e-06,-0.00402921001627828,-0.0163270467167562,6.79495777675384e-07,-1.67687295036608e-07
33884415613.9192,0.00220771851259329,-4.69604603915992,-3.49593304395581e-07,-1.3620162005752e-06,-0.00401864866802157,-0.0159121810699218,6.77655294846717e-07,-1.71143454390969e-07
34673685045.2521,0.0021084517381475,-4.58915105143735,-3.48633061813509e-07,-1.32718626382569e-06,-0.00400761836916106,-0.0155059967759898,6.75738728042886e-07,-1.74649204789587e-07
35481338923.3565,0.00201365214326983,-4.48468928809693,-3.47630728985082e-07,-1.29308262229465e-06,-0.00399610409370835,-0.015108293741549,6.73743420726181e-07,-1.78203835191146e-07
36307805477.009,0.00192311865073468,-4.38260536239357,-3.46584969251197e-07,-1.2596885964896e-06,-0.00398409049093876,-0.0147188772201113,6.71666667456455e-07,-1.81806517400528e-07
37153522909.7161,0.00183665923270082,-4.28284514832444,-3.45494419590945e-07,-1.22698796024494e-06,-0.00397156190666046,-0.0143375577446535,6.69505717211856e-07,-1.85456299605594e-07
38018939632.0549,0.00175409050342914,-4.18535575193176,-3.44357692715301e-07,-1.19496493525064e-06,-0.00395850240729898,-0.0139641510631558,6.67257777195034e-07,-1.89152099815362e-07
38904514499.4268,0.00167523733033345,-4.09008548325889,-3.43173379421882e-07,-1.16360418582021e-06,-0.00394489580698122,-0.013598478076925,6.64920017155267e-07,-1.92892699225568e-07
39810717055.3485,0.0015999324625392,-3.99698382894467,-3.41940051226718e-07,-1.1328908138781e-06,-0.00393072569780202,-0.0132403647814751,6.62489574256805e-07,-1.96676735541294e-07
40738027780.41,0.00152801617616251,-3.90600142544152,-3.40656263288647e-07,-1.10281035414456e-06,-0.00391597548345292,-0.0128896422097109,6.59963558523213e-07,-2.00502696290274e-07
41686938347.0322,0.00145933593555696,-3.81709003284315,-3.39320557641546e-07,-1.07334876949402e-06,-0.00390062841638789,-0.0125461463771412,6.57339058886648e-07,-2.04368912164651e-07
42657951880.1579,0.00139374606980989,-3.73020250930796,-3.3793146674891e-07,-1.04449244646113e-06,-0.00388466763869274,-0.0122097182288194,6.54613149869705e-07,-2.08273550433251e-07
43651583224.0152,0.00133110746380186,-3.64529278606461,-3.36487517394381e-07,-1.01622819086593e-06,-0.00386807622681493,-0.0118802035876876,6.51782898925763e-07,-2.12214608470952e-07
44668359215.0949,0.00127128726317414,-3.56231584298648,-3.34987234920685e-07,-9.8854322352787e-07,-0.00385083724029656,-0.011557453103972,6.48845374461512e-07,-2.16189907456302e-07
45708818961.4861,0.00121415859257841,-3.48122768472208,-3.33429147827971e-07,-9.61425176035625e-07,-0.0038329337746372,-0.0112413222052501,6.45797654562549e-07,-2.20197086293267e-07
46773514128.7184,0.00115960028661096,-3.40198531736877,-3.31811792740785e-07,-9.34862086537519e-07,-0.00381434901839265,-0.0109316710467854,6.42636836439559e-07,-2.24233595817665e-07
47863009232.2623,0.00110749663286083,-3.32454672567744,-3.30133719750833e-07,-9.08842395515037e-07,-0.00379506631459178,-0.0106283644616965,6.39360046608561e-07,-2.28296693353572e-07
48977881936.8431,0.00105773712652664,-3.248870850776,-3.28393498140231e-07,-8.83354941499516e-07,-0.00377506922652568,-0.0103312719105019,6.35964451814006e-07,-2.32383437689563e-07
50118723362.7256,0.00101021623608169,-3.17491756839998,-3.26589722487159e-07,-8.58388956689982e-07,-0.00375434160793089,-0.0100402674295569,6.32447270698071e-07,-2.36490684549075e-07
51286138399.1349,0.000964833179490096,-3.10264766761856,-3.24721019152592e-07,-8.33934062428004e-07,-0.0037328676775518,-0.0097552295778739,6.28805786213366e-07,-2.40615082633362e-07
52480746024.9756,0.000921491710499194,-3.0320228300449,-3.22786053143256e-07,-8.09980264483552e-07,-0.00371063209802624,-0.00947604138179836,6.25037358769303e-07,-2.44753070319271e-07
53703179637.0236,0.000880099914554839,-2.96300560951967,-3.20783535341915e-07,-7.86517948104196e-07,-0.00368762005899217,-0.00920259027698998,6.21139440094705e-07,-2.48900873097469e-07
54954087385.7607,0.000840570013906402,-2.89555941225696,-3.18712230091747e-07,-7.63537872778648e-07,-0.00366381736426334,-0.00893476804714709,6.17109587790774e-07,-2.53054501839438e-07
56234132519.0331,0.000802818181487914,-2.8296484774422,-3.16570963116774e-07,-7.41031166664644e-07,-0.00363921052286659,-0.00867247075889798,6.12945480539273e-07,-2.57209751983688e-07
57543993733.7139,0.000766764363180314,-2.76523785827163,-3.14358629755177e-07,-7.18989320630612e-07,-0.00361378684367464,-0.00841559869227814,6.08644933920901e-07,-2.61362203732787e-07
58884365535.557,0.000732332108077485,-2.70229340342338,-3.12074203476848e-07,-6.97404181860517e-07,-0.00358753453330496,-0.00816405626621084,6.0420591678819e-07,-2.65507223353133e-07
60255958607.4339,0.000699448406395701,-2.64078173895036,-3.09716744650713e-07,-6.76267946971746e-07,-0.00356044279688889,-0.00791775195841471,5.99626568126077e-07,-2.69639965668523e-07
61659500186.1463,0.000668043534682302,-2.58067025058518,-3.07285409521333e-07,-6.55573154597085e-07,-0.00353250194124548,-0.00767659821917478,5.94905214321617e-07,-2.7375537783652e-07
63095734448.0173,0.000638050907994823,-2.521927066448,-3.04779459348046e-07,-6.35312677383617e-07,-0.00350370347992295,-0.00744051137843475,5.90040386752226e-07,-2.77848204493185e-07
64565422903.4635,0.000609406938736552,-2.46452104014788,-3.0219826965351e-07,-6.15479713364028e-07,-0.00347404023949713,-0.0072094115456982,5.85030839589519e-07,-2.81912994346831e-07
66069344800.7575,0.000582050901848589,-2.40842173426883,-2.99541339522157e-07,-5.96067776659206e-07,-0.00344350646644317,-0.00698322250226573,5.79875567703466e-07,-2.85944108294971e-07
67608297539.196,0.000555924806071879,-2.35359940423173,-2.96808300882685e-07,-5.77070687475327e-07,-0.00341209793382338,-0.00676187158538463,5.74573824539302e-07,-2.89935729130399e-07
69183097091.8914,0.000530973271005569,-2.30002498252365,-2.93998927702563e-07,-5.5848256136382e-07,-0.00337981204696369,-0.00654528956394727,5.69125139827734e-07,-2.93881872892446e-07
70794578438.4115,0.000507143409700256,-2.24767006328609,-2.91113145016686e-07,-5.40297797718751e-07,-0.00334664794722361,-0.00633341050544517,5.63529336977652e-07,-2.97776401907644e-07
72443596007.4967,0.000484384716536441,-2.19650688725405,-2.88151037706844e-07,-5.22511067493244e-07,-0.00331260661290214,-0.00612617163396713,5.57786549990052e-07,-3.01613039550484e-07
74131024130.0894,0.000462648960149648,-2.14650832703797,-2.85112858943861e-07,-5.05117300124567e-07,-0.00327769095626658,-0.00592351317912152,5.51897239722504e-07,-3.05385386739557e-07
75857757502.9159,0.000441890081174374,-2.09764787274057,-2.81999038200086e-07,-4.88111669666417e-07,-0.00324190591564323,-0.00572537821586584,5.45862209325515e-07,-3.09086940167239e-07
77624711662.8667,0.000422064094589234,-2.04989961790128,-2.78810188736705e-07,-4.71489580136718e-07,-0.00320525854147213,-0.00553171249533828,5.39682618665837e-07,-3.127111122423e-07
79432823472.4256,0.000403128996455422,-2.00323824576045,-2.75547114468071e-07,-4.55246650099743e-07,-0.00316775807520181,-0.00534246426690737,5.33359997547462e-07,-3.16251252704591e-07
81283051616.4073,0.000385044674849906,-1.95763901583628,-2.72210816104217e-07,-4.39378696512592e-07,-0.0031294160198882,-0.00515758409178428,5.26896257539016e-07,-3.1970067184938e-07
83176377110.2644,0.000367772824803733,-1.91307775080733,-2.6880249647294e-07,-4.23881717877769e-07,-0.00309024620136438,-0.00497702464867715,5.20293702216705e-07,-3.23052665276345e-07
85113803820.2349,0.000351276867064283,-1.86953082369359,-2.65323564924548e-07,-4.087518767557e-07,-0.00305026481886745,-0.00480074053210597,5.13555035635261e-07,-3.26300540054912e-07
87096358995.6053,0.000335521870508485,-1.82697514532931,-2.61775640725538e-07,-3.9398548170337e-07,-0.00300949048404523,-0.00462868804413806,5.06683368845501e-07,-3.29437642173915e-07
89125093813.3717,0.000320474478041811,-1.78538815212108,-2.58160555352334e-07,-3.79578968717517e-07,-0.00296794424732166,-0.00446082498044528,4.99682224286523e-07,-3.32457385119866e-07
91201083935.588,0.000306102835825274,-1.74474779408447,-2.5448035360271e-07,-3.65528882272914e-07,-0.00292564961067379,-0.0042971104117231,4.92555537893078e-07,-3.35353279404876e-07
93325430079.6961,0.000292376525679827,-1.70503252315306,-2.50737293450698e-07,-3.51831856057861e-07,-0.00288263252596809,-0.00413750446164481,4.85307658774563e-07,-3.38118962842895e-07
95499258602.1405,0.000279266500524355,-1.66622128175355,-2.46933844580692e-07,-3.38484593519885e-07,-0.00283892137811687,-0.00398196808264923,4.77943346341161e-07,-3.40748231352038e-07
97723722095.5779,0.000266745022709991,-1.62829349164095,-2.43072685547925e-07,-3.25483848344557e-07,-0.00279454695244789,-0.00383046283097398,4.70467764774918e-07,-3.43235070041632e-07
99999999999.9967,0.000254785605119747,-1.59122904298788,-2.39156699525561e-07,-3.12826404998982e-07,-0.00274954238583018,-0.00368295064244612,4.62886474768723e-07,-3.45573684326012e-07
102329299228.072,0.000243362954908392,-1.55500828372229,-2.35188968613018e-07,-3.00509059478711e-07,-0.0027039431012645,-0.00353939361062436,4.55205422484099e-07,-3.47758530793222e-07
104712854805.087,0.000232452919763283,-1.51961200910784,-2.31172766695824e-07,-2.88528600402305e-07,-0.00265778672582681,-0.00339975376895001,4.47430925708907e-07,-3.49784347546318e-07
107151930523.757,0.000222032436572288,-1.48502145156143,-2.27111550863896e-07,-2.76881790601297e-07,-0.00261111299204388,-0.00326399287860461,4.39569657228239e-07,-3.51646183728161e-07
109647819614.315,0.000212079482390209,-1.45121827070252,-2.23008951412469e-07,-2.65565349354782e-07,-0.00256396362297986,-0.00313207222378868,4.31628625455332e-07,-3.53339427937888e-07
112201845430.193,0.000202573027600106,-1.41818454362905,-2.18868760467733e-07,-2.54575935417031e-07,-0.00251638220151675,-0.0030039524161271,4.23615152403734e-07,-3.54859835248841e-07
114815362149.684,0.000193492991170725,-1.38590275541453,-2.14694919297113e-07,-2.43910130983426e-07,-0.00246841402451771,-0.00287959320987041,4.15536849116607e-07,-3.56203552543885e-07
117489755493.949,0.000184820197915815,-1.35435578982154,-2.10491504381795e-07,-2.33564426734477e-07,-0.00242010594276534,-0.00275895332949818,4.0740158870324e-07,-3.57367141894755e-07
120226443461.737,0.000176536337665475,-1.32352692022664,-2.06262712346277e-07,-2.23535208089809e-07,-0.00237150618776379,-0.00264199031123979,3.99217477165975e-07,-3.58347601727411e-07
123026877081.234,0.000168623926263889,-1.29339980075173,-2.02012843855855e-07,-2.13818742793809e-07,-0.00232266418667968,-0.00252866035991095,3.90992822232067e-07,-3.59142385535169e-07
125892541179.413,0.000161066268311748,-1.26395845759739,-1.97746286607932e-07,-2.04411169942229e-07,-0.00227363036686846,-0.00241891822232192,3.8273610043388e-07,-3.5974941792536e-07
128824955169.309,0.000153847421575495,-1.23518728057343,-1.93467497556355e-07,-1.95308490544682e-07,-0.00222445595158612,-0.00231271707834799,3.74455922706643e-07,-3.60167107813219e-07
131825673855.636,0.000146952162989123,-1.2070710148222,-1.89180984519458e-07,-1.86506559701737e-07,-0.00217519274861794,-0.00221000845056682,3.66160998795142e-07,-3.6039435860801e-07
134896288259.161,0.000140365956177729,-1.17959475273036,-1.84891287331801e-07,-1.78001080457717e-07,-0.002125892933663,-0.0021107421331644,3.57860100778748e-07,-3.60430575270644e-07
138038426460.284,0.000134074920435285,-1.15274392602466,-1.80602958706536e-07,-1.69787599371383e-07,-0.00207660883039283,-0.00201486614059436,3.49562026037629e-07,-3.6027566815861e-07
141253754462.271,0.000128065801092217,-1.12650429804771,-1.76320544979774e-07,-1.6186150382703e-07,-0.00202739268915406,-0.0019223266762492,3.41275559991568e-07,-3.59930053612145e-07
144543977074.588,0.000122325941211341,-1.10086195620952,-1.72048566910152e-07,-1.54218021088367e-07,-0.0019782964663052,-0.00183306812117045,3.33009438946317e-07,-3.5939465127463e-07
147910838816.816,0.000116843254553518,-1.07580330461084,-1.67791500705896e-07,-1.46852219077313e-07,-0.00192937160616799,-0.00174703304259236,3.24772313380756e-07,-3.58670878179337e-07
151356124843.616,0.000111606199757051,-1.05131505683443,-1.63553759448235e-07,-1.39759008839989e-07,-0.00188066882753378,-0.00166416222188501,3.16572712001354e-07,-3.57760639673218e-07
154881661891.243,0.000106603755677385,-1.02738422890044,-1.59339675073894e-07,-1.32933148642907e-07,-0.00183223791659516,-0.00158439470124219,3.08419006878679e-07,-3.56666317285608e-07
158489319246.106,0.000101825397836066,-1.00399813238202,-1.55153481070937e-07,-1.26369249624308e-07,-0.0017841275280759,-0.00150766784825061,3.00319379964316e-07,-3.55390753684859e-07
162181009735.888,9.72610759301768e-05,-0.981144367677744,-1.50999296031502e-07,-1.20061782908761e-07,-0.00173638499620875,-0.00143391743728476,2.92281791265772e-07,-3.5393723489837e-07
165958690743.751,9.29011923556452e-05,-0.958810817437127,-1.46881108192271e-07,-1.14005088078141e-07,-0.00168905615706498,-0.00136307774649862,2.84313948932423e-07,-3.52309470000666e-07
169824365246.169,8.87365816998318e-05,-0.936985640135741,-1.42802761079108e-07,-1.08193382878919e-07,-0.00164218518357361,-0.00129508166903414,2.76423281477686e-07,-3.50511568499638e-07
173780082874.932,8.4758491160774e-05,-0.915657263796626,-1.38767940356523e-07,-1.02620774034727e-07,-0.00159581443438748,-0.0012298608369404,2.68616912332068e-07,-3.48548015672388e-07
177827941003.886,8.09585618522743e-05,-0.894814379854583,-1.34780161965795e-07,-9.72812690243948e-08,-0.00154998431755918,-0.00116734575619646,2.60901636889203e-07,-3.46423646119049e-07
181970085860.992,7.7328810955783e-05,-0.874445937160132,-1.30842761618037e-07,-9.21687886793063e-08,-0.00150473316978914,-0.00110746595115823,2.53283902173097e-07,-3.44143615815365e-07
186208713666.281,7.38616146816808e-05,-0.854541136119947,-1.26958885690662e-07,-8.72771804499049e-08,-0.00146009715180223,-0.00105015011670299,2.45769789220229e-07,-3.41713372952558e-07
190546071796.318,7.05496920041444e-05,-0.835089422970668,-1.23131483557789e-07,-8.26002321895455e-08,-0.00141611016020436,-0.000995326276327154,2.38364998235599e-07,-3.39138627856244e-07
194984459975.798,6.73860891352903e-05,-0.816080484183049,-1.19363301367616e-07,-7.8131686304534e-08,-0.00137280375596852,-0.000942921944459582,2.31074836547886e-07,-3.36425322274946e-07
199526231496.881,6.43641647057217e-05,-0.797504240993484,-1.15656877262867e-07,-7.38652541219827e-08,-0.00133020710950557,-0.00089286429128526,2.23904209356153e-07,-3.33579598323423e-07
204173794466.946,6.14775756199837e-05,-0.779350844059999,-1.12014538024396e-07,-6.9794630331901e-08,-0.00128834696209088,-0.000845080308428971,2.16857613229571e-07,-3.30607767356771e-07
208929613085.397,5.87202635567399e-05,-0.761610668239899,-1.08438397103156e-07,-6.59135073665054e-08,-0.00124724760324698,-0.000799496973924186,2.09939132292853e-07,-3.27516279038624e-07
213796208950.216,5.60864420847485e-05,-0.744274307486273,-1.04930353992189e-07,-6.22155895878826e-08,-0.00120693086352667,-0.00075604141498594,2.03152437003865e-07,-3.24311690851052e-07
218776162394.948,5.35705843669197e-05,-0.727332569860685,-1.01492094878239e-07,-5.86946071645948e-08,-0.00116741612200238,-0.000714641067215239,1.96500785406587e-07,-3.21000638275494e-07
223872113856.827,5.11674114259008e-05,-0.710776472659378,-9.81250945021081e-08,-5.5344329528352e-08,-0.00112872032764716,-0.000675223828983553,1.89987026722308e-07,-3.17589805853734e-07
229086765276.77,4.8871880945749e-05,-0.694597237650425,-9.48306191480764e-08,-5.21585783132172e-08,-0.00109085803369168,-0.000637718209876346,1.83613607124932e-07,-3.14085899316014e-07
234422881531.984,4.66791765853295e-05,-0.678786286419301,-9.16097306756052e-08,-4.91312396917133e-08,-0.0010538414439598,-0.000602053472211346,1.77382577532532e-07,-3.10495618940418e-07
239883291901.941,4.45846977801092e-05,-0.663335235820392,-8.84632915010957e-08,-4.62562760344097e-08,-0.00101768047012282,-0.000568159764787632,1.71295603236757e-07,-3.06825634284037e-07
245470891568.495,4.25840500100166e-05,-0.648235893532065,-8.53919704337076e-08,-4.35277368318681e-08,-0.00098238279876913,-0.000535968248162932,1.65353975184397e-07,-3.03082560402717e-07
251188643150.95,4.06730355119977e-05,-0.633480253712896,-8.23962492670123e-08,-4.09397688299861e-08,-0.000947953967160433,-0.000505411210896337,1.59558622721126e-07,-2.99272935652666e-07
257039578276.878,3.88476444168294e-05,-0.619060492756797,-7.94764300275111e-08,-3.84866253416328e-08,-0.000914397446537037,-0.000476422176329837,1.53910127605976e-07,-2.95403201144318e-07
263026799189.529,3.7104046290643e-05,-0.604968965144761,-7.6632642781656e-08,-3.61626747088281e-08,-0.000881714731841853,-0.000448935999612646,1.48408739106287e-07,-2.91479681896907e-07
269153480392.683,3.54385820624758e-05,-0.591198199391041,-7.3864853904832e-08,-3.39624079004656e-08,-0.000849905436753537,-0.000422888954795795,1.43054389986389e-07,-2.87508569721458e-07
275422870333.807,3.38477563199978e-05,-0.577740894081611,-7.11728747186677e-08,-3.18804452405784e-08,-0.000818967392952684,-0.000398218811939423,1.37846713208913e-07,-2.83495907840571e-07
281838293126.436,3.23282299563635e-05,-0.564589914002806,-6.85563704068702e-08,-2.99115422713337e-08,-0.000788896752588984,-0.000374864904280729,1.32785059175024e-07,-2.7944757723566e-07
288403150312.651,3.08768131519093e-05,-0.551738286358084,-6.6014869124387e-08,-2.80505947632379e-08,-0.000759688092970211,-0.000352768185605947,1.27868513338767e-07,-2.7536928469627e-07
295120922666.629,2.94904586751577e-05,-0.53917919707092,-6.35477712199369e-08,-2.62926428924044e-08,-0.000731334522554088,-0.000331871278054368,1.23095914040888e-07,-2.71266552531874e-07
301995172040.192,2.81662554883051e-05,-0.526905987171854,-6.11543584976685e-08,-2.46328746111704e-08,-0.000703827787389818,-0.000312118510656421,1.1846587041851e-07,-2.67144709894151e-07
309029543251.349,2.69014226430523e-05,-0.514912149267783,-5.88338034497734e-08,-2.30666282438382e-08,-0.000677158377225769,-0.000293455948970866,1.13976780258799e-07,-2.63008885647129e-07
316227766016.827,2.56933034532969e-05,-0.503191324091634,-5.65851783981624e-08,-2.15893943438862e-08,-0.000651315630572037,-0.000275831416238739,1.09626847676911e-07,-2.58864002713773e-07
323593656929.617,2.45393599318352e-05,-0.491737297130568,-5.44074644897064e-08,-2.01968168526827e-08,-0.000626287838080032,-0.000259194506513993,1.05414100510867e-07,-2.54714773820512e-07
331131121482.58,2.34371674788266e-05,-0.480543995330954,-5.22995604959251e-08,-1.88846936025698e-08,-0.000602062343674631,-0.000243496590263434,1.0133640733834e-07,-2.5056569855571e-07
338844156139.191,2.23844098103494e-05,-0.46960548387834,-5.0260291374304e-08,-1.76489762092425e-08,-0.000578625642946773,-0.000228690812952142,9.73914940325454e-08,-2.46421061654148e-07
346736850452.52,2.13788741159337e-05,-0.458915963050725,-4.82884165545432e-08,-1.6485769399671e-08,-0.000555963478384744,-0.000214732087145811,9.35769597862316e-08,-2.42284932417047e-07
354813389233.563,2.04184464344795e-05,-0.448469765143469,-4.63826379189247e-08,-1.53913298224772e-08,-0.000534060931090047,-0.000201577078669039,8.98902925441769e-08,-2.38161165175906e-07
363078054770.089,1.95011072384779e-05,-0.438261351464201,-4.45416074515848e-08,-1.43620643877504e-08,-0.000512902508688073,-0.000189184187359476,8.63288837954206e-08,-2.34053400708291e-07
371535229097.16,1.86249272169298e-05,-0.428285309396131,-4.27639345367391e-08,-1.33945281828324e-08,-0.000492472229204265,-0.000177513522952484,8.28900426866266e-08,-2.29965068514646e-07
380189396320.548,1.77880632478186e-05,-0.418536349528213,-4.10481928908114e-08,-1.24854220096983e-08,-0.000472753700732832,-0.000166526876620604,7.95710094274705e-08,-2.25899389866922e-07
389045144994.268,1.69887545514271e-05,-0.409009302850643,-3.93929271179353e-08,-1.16315895882646e-08,-0.000453730196776975,-0.000156187688677231,7.63689679676737e-08,-2.21859381542399e-07
398107170553.484,1.62253190162068e-05,-0.399699118014186,-3.77966588824197e-08,-1.08300144683435e-08,-0.000435384727186969,-0.000146461012935375,7.32810579332852e-08,-2.17847860159158e-07
407380277804.099,1.54961496893025e-05,-0.390600858651897,-3.62578926954936e-08,-1.00778166910833e-08,-0.000417700104665259,-0.000137313478190784,7.03043858170146e-08,-2.13867447033367e-07
416869383470.321,1.47997114242125e-05,-0.381709700761814,-3.47751213169733e-08,-9.37224923865636e-09,-0.000400659006845944,-0.000128713247274817,6.74360354238528e-08,-2.09920573482554e-07
426579518801.578,1.41345376784212e-05,-0.373020930149216,-3.33468307754313e-08,-8.71069430871921e-09,-0.0003842440339898,-0.000120629974096778,6.46730775789014e-08,-2.06009486503378e-07
436515832240.151,1.34992274541816e-05,-0.364529939927115,-3.19715050130117e-08,-8.09065944783133e-09,-0.000368437762365449,-0.000113034759068518,6.2012579109291e-08,-2.02136254756999e-07
446683592150.948,1.28924423759508e-05,-0.356232228073645,-3.06476301632399e-08,-7.50977357561627e-09,-0.000353222793412625,-0.000105900103276505,5.94516111163305e-08,-1.98302774799743e-07
457088189614.859,1.23129038982839e-05,-0.348123395045044,-2.93736984720424e-08,-6.96578292901751e-09,-0.000338581798804931,-9.91998617386453e-05,5.69872565576405e-08,-1.94510777501543e-07
467735141287.182,1.17593906382897e-05,-0.34019914144298,-2.81482118737386e-08,-6.45654695357867e-09,-0.000324497561547271,-9.2909196055274e-05,5.4616617162021e-08,-1.90761834599303e-07
478630092322.622,1.12307358270222e-05,-0.332455265734973,-2.69696852350253e-08,-5.98003416628685e-09,-0.0003109530132576,-8.700452673626e-05,5.23368197022293e-08,-1.8705736533698e-07
489778819368.43,1.07258248744521e-05,-0.32488766202671,-2.58366492809587e-08,-5.53431801218397e-09,-0.00029793126779394,-8.1463485459359e-05,5.01450216527558e-08,-1.83398643148721e-07
501187233627.255,1.02435930429059e-05,-0.317492317885061,-2.474765321768e-08,-5.11757273469288e-09,-0.000285415651396124,-7.62648674889887e-05,4.80384162611123e-08,-1.7978680234577e-07
512861383991.347,9.78302322410516e-06,-0.31026531221066,-2.37012670671493e-08,-4.72806927743747e-09,-0.000273389729517734,-7.13885844596969e-05,4.60142370621595e-08,-1.76222844772061e-07
524807460249.755,9.34314381515577e-06,-0.303202813158905,-2.26960837294782e-08,-4.3641712332718e-09,-0.000261837330527367,-6.6815617704868e-05,4.40697618656188e-08,-1.72707646397425e-07
537031796370.234,8.92302668906107e-06,-0.296301076108284,-2.17307207885952e-08,-4.02433085428022e-09,-0.000250742566460073,-6.25279722887695e-05,4.22023162472021e-08,-1.69241963821153e-07
549540873857.606,8.52178525552876e-06,-0.289556441674948,-2.08038220769755e-08,-3.7070851346748e-09,-0.000240089850999781,-5.85086318789478e-05,4.0409276573784e-08,-1.65826440662174e-07
562341325190.33,8.1385726080403e-06,-0.282965333772479,-1.99140590150307e-08,-3.41105197680264e-09,-0.000229863914871908,-5.47415145762842e-05,3.86880725927755e-08,-1.624616138155e-07
575439937337.137,7.7725797533342e-06,-0.276524257715819,-1.90601317405e-08,-3.13492644888363e-09,-0.000220049818822506,-5.12114298017308e-05,3.70361896153736e-08,-1.59147919557615e-07
588843655355.569,7.42303391963016e-06,-0.270229798368365,-1.8240770042845e-08,-2.87747714163058e-09,-0.000210632964356323,-4.79040363218654e-05,3.54511703226963e-08,-1.55885699486407e-07
602559586074.337,7.08919694008836e-06,-0.264078618331234,-1.74547341172195e-08,-2.63754262955513e-09,-0.000201599102401285,-4.48058014799115e-05,3.39306162229901e-08,-1.52675206283803e-07
616595001861.461,6.77036370815683e-06,-0.258067456173751,-1.67008151521046e-08,-2.41402804153285e-09,-0.00019293434006129,-4.19039616847305e-05,3.24721887871542e-08,-1.4951660929171e-07
630957344480.172,6.46586070161103e-06,-0.252193124704213,-1.59778357641555e-08,-2.20590174408424e-09,-0.000184625145613024,-3.91864841974657e-05,3.10736102887854e-08,-1.46409999893996e-07
645654229034.633,6.17504457223419e-06,-0.246452509280016,-1.52846502932324e-08,-2.01219213982174e-09,-0.000176658351895891,-3.66420302439435e-05,2.97326643738305e-08,-1.43355396699244e-07
660693448007.573,5.89730079822369e-06,-0.240842566156244,-1.46201449699837e-08,-1.83198458260942e-09,-0.000169021158237169,-3.42599194705655e-05,2.84471963837647e-08,-1.40352750520729e-07
676082975391.958,5.63204239653988e-06,-0.235360320871857,-1.39832379677245e-08,-1.66441841017809e-09,-0.000161701131047389,-3.20300957521749e-05,2.7215113455011e-08,-1.37401949151681e-07
691830970918.913,5.37870869253811e-06,-0.230002866672605,-1.33728793497235e-08,-1.50868409422592e-09,-0.000154686203213627,-2.99430943522038e-05,2.60343844160898e-08,-1.34502821935248e-07
707945784384.113,5.13676414434378e-06,-0.224767362969842,-1.27880509223745e-08,-1.36402050740966e-09,-0.000147964672411116,-2.79900104282154e-05,2.49030395027601e-08,-1.31655144129815e-07
724435960074.965,4.90569721954315e-06,-0.219651033834428,-1.22277660040945e-08,-1.22971230608548e-09,-0.000141525198446299,-2.61624688696895e-05,2.38191699101899e-08,-1.28858641071401e-07
741310241300.892,4.68501932187099e-06,-0.214651166524905,-1.16910691191703e-08,-1.10508742718806e-09,-0.00013535679973729,-2.44525954494894e-05,2.27809271999868e-08,-1.26112992135765e-07
758577575029.157,4.47426376567916e-06,-0.20976511004918,-1.11770356251602e-08,-9.89514697233074e-10,-0.000129448849030669,-2.28529892658119e-05,2.17865225787364e-08,-1.23417834503661e-07
776247116628.665,4.27298479606854e-06,-0.204990273758946,-1.06847712818646e-08,-8.82401551087868e-10,-0.0001237910684467,-2.13566964475179e-05,2.08342260635454e-08,-1.2077276673333e-07
794328234724.254,4.08075665266058e-06,-0.2003241259761,-1.02134117693013e-08,-7.83191857871771e-10,-0.000118373523938437,-1.99571850924768e-05,1.99223655489737e-08,-1.181773521449e-07
812830516164.071,3.89717267507455e-06,-0.195764192650425,-9.76212216156926e-09,-6.91363851114898e-10,-0.000113186619243826,-1.86483214058946e-05,1.90493257886622e-08,-1.15631122021798e-07
831763771102.642,3.72184444826191e-06,-0.191308056047827,-9.330096362948e-09,-6.0642816011903e-10,-0.000108221089403753,-1.74243470034607e-05,1.82135473039386e-08,-1.13133578634672e-07
851138038202.347,3.55440098593124e-06,-0.186953353468429,-8.91655651207713e-09,-5.27925939319961e-10,-0.000103467993913196,-1.62798573424968e-05,1.74135252306995e-08,-1.10684198093587e-07
870963589956.05,3.39448795037501e-06,-0.182697775993849,-8.52075235957355e-09,-4.55427092344014e-10,-9.89187095670728e-05,-1.52097812430634e-05,1.66478081149314e-08,-1.08282433034492e-07
891250938133.714,3.24176690708405e-06,-0.17853906726299,-8.14196062398832e-09,-3.88528587377678e-10,-9.45649230570991e-05,-1.42093614601357e-05,1.59149966663518e-08,-1.05927715146099e-07
912010839355.878,3.09591461260718e-06,-0.174475022275697,-7.77948433057247e-09,-3.26852860424741e-10,-9.03986233710388e-05,-1.32741362674455e-05,1.52137424788128e-08,-1.03619457543407e-07
933254300796.958,2.95662233418104e-06,-0.170503486223644,-7.43265213691446e-09,-2.70046303006381e-10,-8.64120940410283e-05,-1.23999220133736e-05,1.45427467253242e-08,-1.0135705699416e-07
954992586021.402,2.82359519972058e-06,-0.166622353347834,-7.10081764913011e-09,-2.17777830862988e-10,-8.25979052832822e-05,-1.15827966093139e-05,1.39007588348151e-08,-9.91398960045198e-08
977237220955.776,2.69655157682279e-06,-0.162829565822109,-6.78335873192864e-09,-1.69737530239192e-10,-7.89489060673773e-05,-1.0819083911192e-05,1.3286575157062e-08,-9.69673447701979e-08
999999999999.965,2.57522247949566e-06,-0.159123112662066,-6.47967681554529e-09,-1.25635378372807e-10,-7.54582161494839e-05,-1.01053389552755e-05,1.26990376215655e-08,-9.48387629992436e-08
1023292992280.72,2.45935100138107e-06,-0.155501028658817,-6.18919620222018e-09,-8.52000348617534e-11,-7.2119218100343e-05,-9.43833401002307e-06,1.21370323955598e-08,-9.27535016125565e-08
1047128548050.86,2.34869177429491e-06,-0.151961393337016,-5.91136337461525e-09,-4.81777006481993e-11,-6.892554935548e-05,-8.81504540647594e-06,1.15994885457794e-08,-9.07109043281032e-08
1071519305237.57,2.2430104509593e-06,-0.148502329936598,-5.64564630829423e-09,-1.43310414342043e-11,-6.58710943120755e-05,-8.23264111055083e-06,1.10853767080927e-08,-8.87103091346646e-08
1096478196143.15,2.14208321085174e-06,-0.145122004417711,-5.39153379014364e-09,1.6561827573822e-11,-6.29499764940826e-05,-7.68846900155578e-06,1.05937077686352e-08,-8.67510496607924e-08
1122018454301.92,2.04569628814324e-06,-0.141818624488282,-5.14853474438582e-09,4.47082986050835e-11,-6.01565508045639e-05,-7.18004582227481e-06,1.01235315596353e-08,-8.48324564444853e-08
1148153621496.84,1.953645520743e-06,-0.138590438653728,-4.91617756762578e-09,7.03021728675818e-11,-5.74853958818237e-05,-6.70504676705545e-06,9.67393557272002e-09,-8.29538581089235e-08
1174897554939.49,1.86573591951056e-06,-0.135435735288296,-4.69400947418166e-09,9.35245095152092e-11,-5.49313065737016e-05,-6.26129567546119e-06,9.24404369212041e-09,-8.1114582449412e-08
1202264434617.37,1.78178125673784e-06,-0.132352841727539,-4.48159585277338e-09,1.14544424758704e-10,-5.24892865423806e-05,-5.84675580020956e-06,8.83301494985226e-09,-7.93139574365006e-08
1230268770812.34,1.70160367304298e-06,-0.129340123381454,-4.27851963548329e-09,1.33519843738102e-10,-5.01545410102176e-05,-5.45952111929334e-06,8.4400423046422e-09,-7.75513121400539e-08
1258925411794.12,1.6250333018562e-06,-0.126395982867802,-4.08438067975687e-09,1.50598207671212e-10,-4.79224696554276e-05,-5.09780816336817e-06,8.06435144608369e-09,-7.58259775788519e-08
1288249551693.09,1.55190791071379e-06,-0.123518859165162,-3.89879516407859e-09,1.65917138689531e-10,-4.57886596649265e-05,-4.75994833067576e-06,7.70519962525234e-09,-7.41372875001106e-08
1318256738556.36,1.48207255861113e-06,-0.120707226785258,-3.7213949978378e-09,1.7960506467047e-10,-4.37488789502567e-05,-4.44438066295099e-06,7.36187451277697e-09,-7.24845790931175e-08
1348962882591.6,1.41537926869889e-06,-0.117959594964127,-3.55182724579081e-09,1.91781806273394e-10,-4.17990695312711e-05,-4.14964505692714e-06,7.03369308515265e-09,-7.08671936409894e-08
1380384264602.83,1.35168671563819e-06,-0.115274506871705,-3.38975356742704e-09,2.0255912828717e-10,-3.99353410911207e-05,-3.87437588720106e-06,6.72000053989239e-09,-6.92844771143702e-08
1412537544622.7,1.29085992696075e-06,-0.112650538839394,-3.2348496714594e-09,2.1204125729908e-10,-3.81539647050862e-05,-3.61729601734514e-06,6.42016923994401e-09,-6.77357807107048e-08
1445439770745.88,1.23276999780911e-06,-0.110086299605218,-3.08680478557959e-09,2.20325367599433e-10,-3.645136674488e-05,-3.37721117725168e-06,6.1335976876461e-09,-6.62204613425463e-08
1479108388168.15,1.17729381845976e-06,-0.107580429576163,-2.94532114154887e-09,2.27502037143132e-10,-3.4824122959241e-05,-3.15300468576465e-06,5.85970952836063e-09,-6.47378820781769e-08
1513561248436.15,1.12431381405829e-06,-0.105131600107301,-2.81011347563199e-09,2.33655675299219e-10,-3.32689527309227e-05,-2.94363249869249e-06,5.59795258379897e-09,-6.32874125376571e-08
1548816618912.43,1.07371769602135e-06,-0.102738512797332,-2.68090854432641e-09,2.38864924031933e-10,-3.17827135095364e-05,-2.74811856330006e-06,5.34779791495044e-09,-6.18684292472519e-08
1584893192461.06,1.02539822458405e-06,-0.100399898800151,-2.55744465528977e-09,2.43203034072452e-10,-3.03623954191511e-05,-2.565550461349e-06,5.10873891442798e-09,-6.04803159550242e-08
1621810097358.87,9.79252981994814e-07,-0.0981145181520972,-2.43947121332574e-09,2.46738217559073e-10,-2.90051160390564e-05,-2.39507532369052e-06,4.88029042796268e-09,-5.91224639102354e-08
1659586907437.5,9.35184155881794e-07,-0.0958811591145062,-2.32674828125059e-09,2.49533978545361e-10,-2.77081153556654e-05,-2.23589600031442e-06,4.66198790470609e-09,-5.77942721090454e-08
1698243652461.68,8.9309833233601e-07,-0.0936986375312338,-2.21904615543041e-09,2.51649422700672e-10,-2.64687508831611e-05,-2.08726747062116e-06,4.45338657593693e-09,-5.64951475088637e-08
1737800828749.31,8.52906298276745e-07,-0.0915657962008024,-2.11614495575075e-09,2.53139547455427e-10,-2.52844929501685e-05,-1.94849347951118e-06,4.2540606617144e-09,-5.52245052135704e-08
1778279410038.86,8.14522852683922e-07,-0.0894815042628387,-2.01783422975658e-09,2.54055513774676e-10,-2.41529201494627e-05,-1.81892338567715e-06,4.06360260497457e-09,-5.39817686316947e-08
1819700858609.92,7.77866626300775e-07,-0.087444656598478,-1.92391257068017e-09,2.54444900677584e-10,-2.30717149474899e-05,-1.69794920924081e-06,3.88162233252742e-09,-5.276636960952e-08
1862087136662.8,7.42859909427715e-07,-0.0854541732444176,-1.83418724905794e-09,2.5435194355769e-10,-2.20386594502912e-05,-1.5850028665975e-06,3.7077465423799e-09,-5.15777485409623e-08
1905460717963.18,7.09428487445229e-07,-0.0835089988203064,-1.74847385762318e-09,2.53817757298892e-10,-2.10516313222572e-05,-1.47955358101898e-06,3.54161801678409e-09,-5.0415354455963e-08
1949844599757.98,6.77501483719744e-07,-0.0816081019691703,-1.6665959691509e-09,2.52880545125083e-10,-2.01085998540206e-05,-1.38110545821903e-06,3.38289496038836e-09,-4.92786450890273e-08
1995262314968.81,6.4701120956186e-07,-0.0797504748105735,-1.58838480692214e-09,2.51575794067128e-10,-1.92076221756951e-05,-1.28919521670859e-06,3.2312503628533e-09,-4.81670869294402e-08
2041737944669.46,6.17893020921042e-07,-0.0779351324062287,-1.51367892746904e-09,2.49936457879354e-10,-1.83468396115979e-05,-1.20339006335772e-06,3.08637138528211e-09,-4.70801552545981e-08
2089296130853.96,5.90085181515012e-07,-0.0761611122377704,-1.44232391525738e-09,2.47993128188775e-10,-1.7524474172545e-05,-1.1232857051421e-06,2.94795876980697e-09,-4.60173341478009e-08
2137962089502.15,5.63528732105492e-07,-0.0744274736964158,-1.37417208896066e-09,2.45774194613873e-10,-1.67388251817791e-05,-1.04850448858336e-06,2.81572627166807e-09,-4.49781165017666e-08
2187761623949.47,5.38167365644863e-07,-0.0727332975842429,-1.30908221897886e-09,2.43305994545741e-10,-1.5988266030579e-05,-9.7869365889553e-07,2.68940011312021e-09,-4.39620040090487e-08
2238721138568.26,5.13947308030565e-07,-0.07107768562682,-1.24691925585523e-09,2.40612953242728e-10,-1.52712410596056e-05,-9.13523731326452e-07,2.56871845850264e-09,-4.29685071404592e-08
2290867652767.69,4.90817204215856e-07,-0.0694597599969295,-1.18755406924597e-09,2.37717714850242e-10,-1.45862625620569e-05,-8.52686967633446e-07,2.45343090981109e-09,-4.19971451125291e-08
2344228815319.84,4.6872800943675e-07,-0.0678786628491333,-1.13086319710033e-09,2.34641264920037e-10,-1.39319079047367e-05,-7.95895951058287e-07,2.3432980221162e-09,-4.10474458449695e-08
2398832919019.4,4.4763288532569e-07,-0.0663335558649323,-1.07672860471212e-09,2.31403044968008e-10,-1.33068167631823e-05,-7.4288225356878e-07,2.23809083817927e-09,-4.01189459090336e-08
2454708915684.94,4.27487100692791e-07,-0.0648236198082795,-1.02503745330816e-09,2.28021059576098e-10,-1.27096884670477e-05,-6.93395189513785e-07,2.13759044162526e-09,-3.92111904676162e-08
2511886431509.49,4.08247936765257e-07,-0.0633480540912106,-9.75681877843928e-10,2.24511976512437e-10,-1.21392794519988e-05,-6.472006501967e-07,2.04158752804248e-09,-3.8323733207875e-08
2570395782768.77,3.89874596684974e-07,-0.0619060763493626,-9.28558773682759e-10,2.20891220313991e-10,-1.15944008144382e-05,-6.04080014210054e-07,1.94988199338948e-09,-3.74561362670992e-08
2630267991895.29,3.7232811907319e-07,-0.0604969220271542,-8.83569591840853e-10,2.171730597479e-10,-1.10739159654541e-05,-5.6382912869209e-07,1.86228253910178e-09,-3.66079701525056e-08
2691534803926.82,3.55571295479786e-07,-0.0591198439724085,-8.40620142487164e-10,2.13370689541155e-10,-1.05767383804586e-05,-5.26257356965927e-07,1.7786062933035e-09,-3.57788136555908e-08
2754228703338.06,3.39568591542772e-07,-0.0577741120402039,-7.99620406394231e-10,2.09496306743178e-10,-1.01018294410621e-05,-4.91186688304122e-07,1.69867844754274e-09,-3.49682537616265e-08
2818382931264.35,3.24286071691481e-07,-0.0564590127057421,-7.60484354043412e-10,2.05561182062307e-10,-9.64819636581371e-06,-4.58450905826974e-07,1.6223319084831e-09,-3.41758855548419e-08
2884031503126.5,3.09691327234365e-07,-0.0551738486860276,-7.23129772095593e-10,2.01575726494876e-10,-9.21489022652146e-06,-4.27894808792776e-07,1.54940696399824e-09,-3.3401312119798e-08
2951209226666.28,2.95753407679436e-07,-0.05391793857016,-6.87478096946297e-10,1.97549553544637e-10,-8.80100404695328e-06,-3.99373485773118e-07,1.47975096313099e-09,-3.26441444394227e-08
3019951720401.9,2.82442755142203e-07,-0.052690616458041,-6.53454255092168e-10,1.93491537310474e-10,-8.40567098080798e-06,-3.72751635427157e-07,1.4132180093933e-09,-3.19040012901395e-08
3090295432513.48,2.69731141702448e-07,-0.0514912316073056,-6.20986510043958e-10,1.89409866701797e-10,-8.02806256593401e-06,-3.47902931796283e-07,1.34966866689828e-09,-3.11805091344937e-08
3162277660168.26,2.57591609577419e-07,-0.0503191480882905,-5.9000631552942e-10,1.85312096023461e-10,-7.6673870518631e-06,-3.24709431235494e-07,1.28896967883069e-09,-3.04733020116452e-08
3235936569296.16,2.45998413984927e-07,-0.0491737444468557,-5.60448174737921e-10,1.8120519215563e-10,-7.32288779781487e-06,-3.03061018280842e-07,1.23099369777709e-09,-2.97820214260728e-08
3311311214825.79,2.34926968575528e-07,-0.0480544133748818,-5.32249505366931e-10,1.77095578538544e-10,-6.9938417384174e-06,-2.82854887924129e-07,1.17561902745194e-09,-2.91063162348066e-08
3388441561391.9,2.24353793318369e-07,-0.0469605613882673,-5.05350510239067e-10,1.72989176157645e-10,-6.67955791447666e-06,-2.6399506192729e-07,1.12272937537081e-09,-2.84458425334803e-08
3467368504525.19,2.14256464730483e-07,-0.0458916085122558,-4.79694053266809e-10,1.68891441710949e-10,-6.37937606621508e-06,-2.46391936960193e-07,1.07221361603644e-09,-2.78002635414737e-08
3548133892335.62,2.04613568344222e-07,-0.0448469879739258,-4.55225540550452e-10,1.64807403127831e-10,-6.0926652864855e-06,-2.29961862487528e-07,1.0239655642179e-09,-2.71692494863914e-08
3630780547700.88,1.95404653312264e-07,-0.0438261459016807,-4.31892806403348e-10,1.60741692596548e-10,-5.81882273155169e-06,-2.14626746463539e-07,9.77883757917668e-10,-2.65524774881068e-08
3715352290971.59,1.86610189054152e-07,-0.0428285410315785,-4.09646004106838e-10,1.56698577246769e-10,-5.5572723871095e-06,-2.00313687018136e-07,9.33871250634963e-10,-2.59496314425793e-08
3801893963205.47,1.78211523852606e-07,-0.0418536444203469,-3.88437501205682e-10,1.52681987623116e-10,-5.30746388730511e-06,-1.86954628434907e-07,8.91835412548052e-10,-2.53604019056372e-08
3890451449942.66,1.70190845311984e-07,-0.0409009391649309,-3.68221779163019e-10,1.4869554407626e-10,-5.06887138458611e-06,-1.74486039831165e-07,8.51687740251246e-10,-2.47844859768984e-08
3981071705534.82,1.62531142595196e-07,-0.0399699201284236,-3.4895533720212e-10,1.44742581189307e-10,-4.84099246829994e-06,-1.62848615052886e-07,8.13343674695806e-10,-2.42215871839933e-08
4073802778040.98,1.55216170359136e-07,-0.0390600936722368,-3.30596600170256e-10,1.40826170349235e-10,-4.62334713003021e-06,-1.51986992393605e-07,7.76722426996706e-10,-2.36714153672315e-08
4168693834703.2,1.48230414312281e-07,-0.0381709773943668,-3.13105830267944e-10,1.36949140565769e-10,-4.41547677373594e-06,-1.41849492836497e-07,7.41746811779816e-10,-2.31336865648466e-08
4265795188015.77,1.41559058321531e-07,-0.0373020998736188,-2.96445042494671e-10,1.33114097633452e-10,-4.21694326883125e-06,-1.32387875603239e-07,7.08343087756268e-10,-2.26081228989398e-08
4365158322401.5,1.35187952998647e-07,-0.0364530004196533,-2.80577923669769e-10,1.29323441726682e-10,-4.02732804441345e-06,-1.23557109872309e-07,6.76440805222679e-10,-2.20944524622307e-08
4466835921509.46,1.29103585699772e-07,-0.0356232288287222,-2.65469754894573e-10,1.25579383512152e-10,-3.84623122291585e-06,-1.15315161603356e-07,6.45972660197421e-10,-2.15924092057129e-08
4570881896148.58,1.23293051874487e-07,-0.0348123451449646,-2.51087337329174e-10,1.21883958858424e-10,-3.67327079152804e-06,-1.07622794473536e-07,6.16874354914372e-10,-2.11017328273052e-08
4677351412871.81,1.17744027703744e-07,-0.0340199194271369,-2.37398921163998e-10,1.18239042218249e-10,-3.50808180979102e-06,-1.00443383996528e-07,5.89084464406417e-10,-2.06221686615752e-08
4786300923226.2,1.1244474396871e-07,-0.0332455315206518,-2.24374137673098e-10,1.14646358755754e-10,-3.35031565183641e-06,-9.37427439556057e-08,5.6254430892151e-10,-2.01534675706086e-08
4897788193684.28,1.07383961095172e-07,-0.0324887708348075,-2.11983934242353e-10,1.11107495287617e-10,-3.19963928179986e-06,-8.74889643388987e-08,5.37197831924279e-10,-1.96953858360868e-08
5011872336272.53,1.02550945320648e-07,-0.0317492361250865,-2.00200512271721e-10,1.07623910104939e-10,-3.05573456099699e-06,-8.16522600180826e-08,5.12991483446016e-10,-1.92476850526275e-08
5128613839913.46,9.79354459337142e-08,-0.0310265352804111,-1.88997267856274e-10,1.04196941740539e-10,-2.91829758550645e-06,-7.62048294614011e-08,4.89874108555387e-10,-1.88101320224404e-08
5248074602497.53,9.35276735373211e-08,-0.0303202851152406,-1.78348735155857e-10,1.00827816744922e-10,-2.78703805285948e-06,-7.11207228183999e-08,4.67796840731415e-10,-1.83824986513387e-08
5370317963702.32,8.93182792900603e-08,-0.0296301111664015,-1.68230532367947e-10,9.75176565330435e-11,-2.66167865658785e-06,-6.63757187572005e-08,4.46712999929098e-10,-1.79645618461448e-08
5495408738576.04,8.52983350813881e-08,-0.0289556474945421,-1.58619310222458e-10,9.42674833632656e-11,-2.54195450743277e-06,-6.19472094757838e-08,4.26577995136626e-10,-1.75561034135235e-08
5623413251903.28,8.14593145988057e-08,-0.0282965364901068,-1.49492702920955e-10,9.10782255094412e-11,-2.42761258006649e-06,-5.78140933467533e-08,4.07349231231335e-10,-1.71569099602679e-08
5754399373371.35,7.77930752468774e-08,-0.0276524286837267,-1.40829281445943e-10,8.79507216868605e-11,-2.31841118422527e-06,-5.39566746905798e-08,3.88986019949496e-10,-1.6766772795063e-08
5888436553555.67,7.42918408797711e-08,-0.0270229825609264,-1.32608509168503e-10,8.48857247927637e-11,-2.21411945919803e-06,-5.03565702055476e-08,3.71449494792651e-10,-1.63854878317447e-08
6025595860743.35,7.09481853107299e-08,-0.0264078643810488,-1.24810699684689e-10,8.18839050221981e-11,-2.11451689065875e-06,-4.6996621613675e-08,3.54702529700515e-10,-1.60128554940694e-08
6165950018614.59,6.77550165635272e-08,-0.025806748000301,-1.17416976812642e-10,7.894585242012e-11,-2.01939284887254e-06,-4.38608141109131e-08,3.38709661327559e-10,-1.56486806220057e-08
6309573444801.69,6.470556183253e-08,-0.0252193146988288,-1.1040923668343e-10,7.60720789307259e-11,-1.92854614734635e-06,-4.09342002370578e-08,3.23437014767108e-10,-1.52927723795574e-08
6456542290346.31,6.17933531194929e-08,-0.0246452530117274,-1.03770111859142e-10,7.32630200049832e-11,-1.84178462103361e-06,-3.82028288061705e-08,3.08852232573333e-10,-1.49449441641218e-08
6606934480075.71,5.9012213516642e-08,-0.0240842585638981,-9.74829374118311e-11,7.05190358271423e-11,-1.75892472324014e-06,-3.56536785620028e-08,2.94924406937714e-10,-1.46050135173871e-08
6760829753919.56,5.63562441069752e-08,-0.0235360339086655,-9.15317188965323e-11,6.78404122205907e-11,-1.67979114041434e-06,-3.32745962450689e-08,2.81624014882587e-10,-1.42728020377688e-08
6918309709189.1,5.38198114540108e-08,-0.0230002883700665,-8.59011021507934e-11,6.5227361292685e-11,-1.60421642403931e-06,-3.10542387787056e-08,2.68922856340096e-10,-1.39481352943836e-08
7079457843841.11,5.13975356544683e-08,-0.0224767378887304,-8.05763448521077e-11,6.26800218771256e-11,-1.5320406388779e-06,-2.89820193007997e-08,2.56793994990409e-10,-1.36308427425561e-08
7244359600749.62,4.90842789285555e-08,-0.0219651048712671,-7.55432897632712e-11,6.01984598309658e-11,-1.46311102685354e-06,-2.70480567859294e-08,2.4521170173832e-10,-1.33207576408527e-08
7413102413008.89,4.68751347236746e-08,-0.0214651180430832,-7.07883395941832e-11,5.77826682414447e-11,-1.39728168588021e-06,-2.52431290195514e-08,2.34151400712457e-10,-1.30177169696351e-08
7585775750291.55,4.47654173084502e-08,-0.0209765123045487,-6.62984334069853e-11,5.54325675954756e-11,-1.33441326298445e-06,-2.3558628701634e-08,2.23589617676153e-10,-1.27215613511246e-08
7762471166286.62,4.27506518350179e-08,-0.0204990285904376,-6.20610244897992e-11,5.31480059617887e-11,-1.27437266109054e-06,-2.1986522471873e-08,2.13503930743718e-10,-1.24321349709657e-08
7943282347242.51,4.08265648485061e-08,-0.0200324137325683,-5.80640596227677e-11,5.09287592324406e-11,-1.21703275886685e-06,-2.05193126623921e-08,2.03872923300317e-10,-1.21492855012774e-08
8128305161640.68,3.89890752235915e-08,-0.0195764203255704,-5.42959596586892e-11,4.87745314666558e-11,-1.16227214305743e-06,-1.91500015966823e-08,1.94676139027944e-10,-1.18728640251803e-08
8317637711026.39,3.72342855089116e-08,-0.019130806595707,-5.07456013393757e-11,4.66849553758037e-11,-1.10997485274787e-06,-1.78720582655504e-08,1.8589403894413e-10,-1.16027249627826e-08
8511380382023.44,3.55584736609844e-08,-0.0186953362726833,-4.74023002680068e-11,4.46595929837741e-11,-1.06003013503811e-06,-1.66793872220608e-08,1.77507960363929e-10,-1.13387259986128e-08
8709635899560.47,3.395808515011e-08,-0.0182697784643727,-4.42557949572851e-11,4.26979364921468e-11,-1.01233221161784e-06,-1.55662995479327e-08,1.69500077699584e-10,-1.10807280104809e-08
8912509381337.11,3.24297254215151e-08,-0.0178539075343951,-4.12962318731753e-11,4.0799409374431e-11,-9.66780055762102e-07,-1.45274857536406e-08,1.61853365015866e-10,-1.08285949997522e-08
9120108393558.75,3.09701526957583e-08,-0.0174475029824813,-3.85141513944703e-11,3.89633677183408e-11,-9.23277179285644e-07,-1.35579904836057e-08,1.5455156026262e-10,-1.05821940230162e-08
9332543007969.55,2.95762710931298e-08,-0.0170503493275607,-3.59004746094245e-11,3.71891018296637e-11,-8.81731429014551e-07,-1.26531889064005e-08,1.4757913110942e-10,-1.03413951251317e-08
9549925860213.99,2.82451240674659e-08,-0.0166622359935108,-3.34464908722287e-11,3.54758381058552e-11,-8.42054792353204e-07,-1.1808764677858e-08,1.40921242310447e-10,-1.01060712736303e-08
9772372209557.73,2.69738881354585e-08,-0.0162829571975067,-3.11438460441948e-11,3.38227411821348e-11,-8.0416321154284e-07,-1.10206893724247e-08,1.34563724530853e-10,-9.87609829445752e-09
9999999999999.61,2.57598668881597e-08,-0.0159123118409123,-2.89845313471512e-11,3.22289163476637e-11,-7.67976406225774e-07,-1.02852032850416e-08,1.28493044568844e-10,-9.65135480903427e-09
10232929922807.1,2.46004852719857e-08,-0.0155501034026552,-2.6960872759708e-11,3.06934122244312e-11,-7.33417703946192e-07,-9.5987975123341e-09,1.22696276910617e-10,-9.43172217261587e-09
10471285480508.6,2.34932841270921e-08,-0.0151961398350287,-2.50655208906905e-11,2.92152236968452e-11,-7.00413878234676e-07,-8.95819722794784e-09,1.17161076558032e-10,-9.2170844139303e-09
10715193052375.7,2.24359149715395e-08,-0.0148502334618657,-2.32914412681166e-11,2.77932950757839e-11,-6.68894993939068e-07,-8.36034607252998e-09,1.11875653071595e-10,-9.0073281760742e-09
10964781961431.4,2.14261350201887e-08,-0.0145122008790298,-2.16319049865482e-11,2.64265234770823e-11,-6.38794259479154e-07,-7.80239158413808e-09,1.06828745773856e-10,-8.80234265864585e-09
11220184543019.2,2.04618024277634e-08,-0.0141818628571727,-2.00804796604067e-11,2.51137623911481e-11,-6.10047885716834e-07,-7.28167159979354e-09,1.02009600060825e-10,-8.60201956109449e-09
11481536214968.4,1.9540871745992e-08,-0.0138590442467038,-1.86310206358434e-11,2.3853825417667e-11,-5.8259495114703e-07,-6.79570156350289e-09,9.74079447713335e-11,-8.40625302726464e-09
11748975549394.8,1.86613895851964e-08,-0.0135435738849241,-1.72776624189043e-11,2.26454901371903e-11,-5.563772731276e-07,-6.34216268037191e-09,9.30139705665736e-11,-8.21493959111456e-09
12022644346173.7,1.78214904711257e-08,-0.0132352845052732,-1.60148102829622e-11,2.14875020898119e-11,-5.3133928487894e-07,-5.91889086045289e-09,8.88183092742046e-11,-8.02797812358758e-09
12302687708123.3,1.70193928882502e-08,-0.0129340126486422,-1.48371320236118e-11,2.03785788301341e-11,-5.07427917995887e-07,-5.52386639971506e-09,8.48120141535125e-11,-7.8452697806154e-09
12589254117941.2,1.62533955011241e-08,-0.012639598576706,-1.37395498343709e-11,1.93174140272834e-11,-4.84592490225908e-07,-5.15520434902858e-09,8.09865410401077e-11,-7.66671795223235e-09
12882495516930.8,1.55218735458038e-08,-0.0123518861872274,-1.2717232281522e-11,1.83026815788346e-11,-4.62784598278431e-07,-4.81114552532023e-09,7.7333730330561e-11,-7.49222821277953e-09
13182567385563.6,1.48232753836683e-08,-0.0120707229312901,-1.17655863612038e-11,1.73330397081132e-11,-4.4195801544063e-07,-4.49004812211016e-09,7.38457897692086e-11,-7.32170827217851e-09
13489628825916,1.41561192103349e-08,-0.011795959732415,-1.08802496263606e-11,1.64071350154108e-11,-4.220685937849e-07,-4.19037987948713e-09,7.05152780011104e-11,-7.15506792825352e-09
13803842646028.3,1.35189899126884e-08,-0.0115274509075177,-1.00570823753284e-11,1.55236064551332e-11,-4.03074170762808e-07,-3.91071077623894e-09,6.73350888568138e-11,-6.99221902008227e-09
14125375446227,1.29105360673608e-08,-0.011265054089666,-9.29215989764487e-12,1.46810892127377e-11,-3.849344799894e-07,-3.64970620933665e-09,6.42984363361724e-11,-6.83307538235476e-09
14454397707458.7,1.23294670742932e-08,-0.0110086301525942,-8.58176477608077e-12,1.38782184574491e-11,-3.67611066030476e-07,-3.40612062828884e-09,6.13988402599878e-11,-6.67755280072051e-09
14791083881681.5,1.17745504193037e-08,-0.0107580431369376,-7.92237924688827e-12,1.31136329491159e-11,-3.51067203013747e-07,-3.1787915940453e-09,5.86301125596911e-11,-6.52556896810442e-09
15135612484361.5,1.12446090598528e-08,-0.0105131601781439,-7.31067762283186e-12,1.23859784801124e-11,-3.35267816892775e-07,-2.96663423414888e-09,5.59863441766592e-11,-6.37704344197173e-09
15488166189124.2,1.0738518928464e-08,-0.0102738514360276,-6.74351878571272e-12,1.16939111358532e-11,-3.20179411200199e-07,-2.76863606771926e-09,5.34618925440743e-11,-6.23189760252329e-09
15848931924610.5,1.02552065485044e-08,-0.0100399900259265,-6.21793875682242e-12,1.10361003602062e-11,-3.05769996134034e-07,-2.58385217561234e-09,5.10513696254781e-11,-6.09005461180187e-09
16218100973588.7,9.79364675726777e-09,-0.0098114519514257,-5.73114335508264e-12,1.04112318148159e-11,-2.92009020827777e-07,-2.41140069274129e-09,4.87496304853631e-11,-5.95143937369142e-09
16595869074374.9,9.35286053153176e-09,-0.00958811603861365,-5.28050095356417e-12,9.81801002403229e-12,-2.78867308661724e-07,-2.25045860107883e-09,4.65517623682658e-11,-5.81597849479066e-09
16982436524616.8,8.93191291097788e-09,-0.00936986387183349,-4.86353534565765e-12,9.25516079974188e-12,-2.6631699547924e-07,-2.10025780329146e-09,4.44530742639007e-11,-5.68360024614341e-09
17378008287493.1,8.52991101506917e-09,-0.00915657973089787,-4.47791873242084e-12,8.72143344287441e-12,-2.54331470577821e-07,-1.96008145829253e-09,4.24490869368884e-11,-5.55423452580781e-09
17782794100388.5,8.14600214918017e-09,-0.00894815052973247,-4.12146484258527e-12,8.21560272068995e-12,-2.42885320350571e-07,-1.82926056124808e-09,4.05355234005989e-11,-5.42781282224723e-09
18197008586099.1,7.77937199596215e-09,-0.00874446575641624,-3.79212219640512e-12,7.73647062110271e-12,-2.31954274459294e-07,-1.70717075173321e-09,3.87082998155502e-11,-5.30426817852586e-09
18620871366627.9,7.42924288810788e-09,-0.00854541741458658,-3.48796752400869e-12,7.28286788725861e-12,-2.21515154425683e-07,-1.59322933482392e-09,3.69635167936746e-11,-5.18353515729229e-09
19054607179631.7,7.09487215885233e-09,-0.00835089996617823,-3.20719934820408e-12,6.85365533733824e-12,-2.11545824532187e-07,-1.48689250092267e-09,3.52974510905942e-11,-5.06554980653473e-09
19498445997579.7,6.77555056671097e-09,-0.00816081027546556,-2.94813174083174e-12,6.4477249760983e-12,-2.02025144928941e-07,-1.38765273106355e-09,3.37065476688398e-11,-4.95024962609171e-09
19952623149688,6.47060079111456e-09,-0.00797504755437864,-2.70918826077977e-12,6.06400090599144e-12,-1.92932926847823e-07,-1.29503637532567e-09,3.21874121156934e-11,-4.83757353490258e-09
20417379446694.5,6.17937599574979e-09,-0.00779351330906414,-2.48889608071718e-12,5.70144004681746e-12,-1.84249889829084e-07,-1.20860139280883e-09,3.07368034000573e-11,-4.72746183898232e-09
20892961308539.6,5.90125845655857e-09,-0.0076161112876625,-2.28588030848313e-12,5.35903267376524e-12,-1.7595762087026e-07,-1.12793524239489e-09,2.93516269534259e-11,-4.61985620010533e-09
21379620895021.5,5.63565825148604e-09,-0.00744274742927398,-2.09885850792493e-12,5.03580278441203e-12,-1.68038535411082e-07,-1.05265291423697e-09,2.80289280606936e-11,-4.51469960518347e-09
21877616239494.7,5.38201200919833e-09,-0.0072733298140863,-1.92663542282632e-12,4.73080830576655e-12,-1.60475840071999e-07,-9.82395092589201e-10,2.67658855471462e-11,-4.41193633632367e-09
22387211385682.5,5.13978171411604e-09,-0.00710776861463756,-1.76809790643255e-12,4.44314115278855e-12,-1.53253497067573e-07,-9.16826441215797e-10,2.55598057485777e-11,-4.31151194155065e-09
22908676527676.8,4.90845356522894e-09,-0.00694597604818851,-1.62221005797659e-12,4.17192715000355e-12,-1.46356190219578e-07,-8.55634003202263e-10,2.4408116752038e-11,-4.21337320618088e-09
23442288153198.3,4.68753688627143e-09,-0.00678786633017898,-1.4880085665563e-12,3.91632582787394e-12,-1.3976929249796e-07,-7.98525707537063e-10,2.33083628952555e-11,-4.11746812483373e-09
23988329190193.9,4.47656308494732e-09,-0.0066333556287438,-1.3645982617179e-12,3.67553010550179e-12,-1.33478835021057e-07,-7.45228975340905e-10,2.22581995132961e-11,-4.0237458740665e-09
24547089156849.3,4.27508465899629e-09,-0.006482362020264,-1.25114786917506e-12,3.44876587104114e-12,-1.27471477449543e-07,-6.95489419095877e-10,2.1255387921512e-11,-3.93215678561987e-09
25118864315094.8,4.08267424699395e-09,-0.00633480544592986,-1.14688596924221e-12,3.23529147090339e-12,-1.21734479711511e-07,-6.49069628670035e-10,2.02977906243051e-11,-3.84265232026074e-09
25703957827687.6,3.89892372187229e-09,-0.00619060766929263,-1.05109715479017e-12,3.03439711846497e-12,-1.16255674998881e-07,-6.05748038346841e-10,1.93833667396839e-11,-3.75518504220982e-09
26302679918952.8,3.72344332523771e-09,-0.00604969223478256,-9.6311838484339e-13,2.84540423254487e-12,-1.11023443978047e-07,-5.65317869455089e-10,1.85101676300208e-11,-3.66970859414127e-09
26915348039268.1,3.55586084065063e-09,-0.00591198442717114,-8.82335529332776e-13,2.66766471542612e-12,-1.06026690160196e-07,-5.27586143555413e-10,1.76763327298362e-11,-3.58617767274211e-09
27542287033380.6,3.39582080411303e-09,-0.00577741123195609,-8.08180099994357e-13,2.50056017966113e-12,-1.01254816379204e-07,-4.9237276147594e-10,1.68800855618287e-11,-3.50454800481944e-09
28183829312643.4,3.24298375008954e-09,-0.00564590129664809,-7.40126161960715e-13,2.34350113233832e-12,-9.66977023273417e-08,-4.59509643803615e-10,1.61197299327515e-11,-3.4247763239435e-09
28840315031264.9,3.09702549146254e-09,-0.0055173848929388,-6.77687420225677e-13,2.19592612490649e-12,-9.23456831012568e-08,-4.28839928730832e-10,1.53936463011019e-11,-3.34682034761504e-09
29512092266662.7,2.95763643189444e-09,-0.00539179387972992,-6.20414474869464e-13,2.05730087606393e-12,-8.81895287128247e-08,-4.00217223430515e-10,1.47002883089365e-11,-3.27063875494563e-09
30199517204018.9,2.82452090913814e-09,-0.00526906166700393,-5.67892238706817e-13,1.92711737462782e-12,-8.42204245215161e-08,-3.73504905388071e-10,1.4038179470463e-11,-3.19619116483976e-09
30902954325134.7,2.69739656790327e-09,-0.00514912318051715,-5.19737510859752e-13,1.80489296871509e-12,-8.04299525468551e-08,-3.48575470356915e-10,1.34059100103764e-11,-3.12343811466765e-09
31622776601682.5,2.57599376094762e-09,-0.00503191482729653,-4.75596699654187e-13,1.69016944699248e-12,-7.68100736214124e-08,-3.25309923826623e-10,1.28021338452195e-11,-3.05234103941833e-09
32359365692961.5,2.4600549771237e-09,-0.00491737446192182,-4.35143688190563e-13,1.58251211719726e-12,-7.33531103465509e-08,-3.03597213100316e-10,1.22255657013381e-11,-2.98286225132219e-09
33113112148257.8,2.34933429516721e-09,-0.00480544135357522,-3.9807783593724e-13,1.48150888659424e-12,-7.00517308148376e-08,-2.8333369727158e-10,1.16749783632868e-11,-2.9149649199329e-09
33884415613918.9,2.24359686206871e-09,-0.00469605615384114,-3.64122109736673e-13,1.3867693485227e-12,-6.68989330646543e-08,-2.64422652571994e-10,1.11492000468104e-11,-2.8486130526585e-09
34673685045251.8,2.14261839492243e-09,-0.00458916086523883,-3.33021337692989e-13,1.29792387870099e-12,-6.38880302340919e-08,-2.46773810729076e-10,1.06471118907855e-11,-2.78377147573185e-09
35481338923356.1,2.04618470519517e-09,-0.00448469881047139,-3.04540579520604e-13,1.21462274449857e-12,-6.10126363826855e-08,-2.30302928131911e-10,1.01676455627564e-11,-2.72040581561068e-09
36307805477008.7,1.95409124440658e-09,-0.00438261460237471,-2.78463607072271e-13,1.1365352299558e-12,-5.82666529509638e-08,-2.1493138374869e-10,9.70978097293607e-12,-2.65848248079778e-09
37153522909715.8,1.86614267025698e-09,-0.00428285411455045,-2.5459148892704e-13,1.06334877893213e-12,-5.56442558291344e-08,-2.00585803877567e-10,9.27254409177088e-12,-2.59796864407204e-09
38018939632054.6,1.78215243228255e-09,-0.00418536445266751,-2.32741273099885e-13,9.94768158393235e-13,-5.31398830075133e-08,-1.87197711940217e-10,8.8550048663882e-12,-2.53883222512124e-09
38904514499426.5,1.70194237615886e-09,-0.00409009392641676,-2.12744762131488e-13,9.30514643506212e-13,-5.07482227825402e-08,-1.74703201646996e-10,8.45627523145168e-12,-2.48104187356762e-09
39810717055348.1,1.6253423658137e-09,-0.00399699202210417,-1.94447375025388e-13,8.70325225900006e-13,-4.84642024933931e-08,-1.63042631974061e-10,8.07550721015155e-12,-2.42456695237761e-09
40738027780409.6,1.55218992254741e-09,-0.00390600937586775,-1.77707090717336e-13,8.13951846163543e-13,-4.62829777653417e-08,-1.52160342496909e-10,7.7118911012476e-12,-2.36937752164698e-09
41686938347031.9,1.48232988039542e-09,-0.00381709774750418,-1.62393467985335e-13,7.61160651396334e-13,-4.41999222370499e-08,-1.42004387721886e-10,7.36465374826576e-12,-2.31544432275324e-09
42657951880157.5,1.41561405700192e-09,-0.00373020999489126,-1.48386736936238e-13,7.11731278394253e-13,-4.22106177500607e-08,-1.32526289147878e-10,7.03305688712451e-12,-2.26273876286702e-09
43651583224014.8,1.35190093930655e-09,-0.00364530004899247,-1.35576957433435e-13,6.65456162845269e-13,-4.0310844979678e-08,-1.23680803874988e-10,6.71639556863485e-12,-2.21123289981431e-09
44668359215094.5,1.2910553833775e-09,-0.00356232288943061,-1.23863240058501e-13,6.2213987472503e-13,-3.84965744873915e-08,-1.15425708655942e-10,6.41399665247785e-12,-2.16089942728186e-09
45708818961485.6,1.23294832775424e-09,-0.00348123452061736,-1.13153025425814e-13,5.81598479918581e-13,-3.6763958175883e-08,-1.07721598359673e-10,6.12521736941691e-12,-2.11171166035801e-09
46773514128717.9,1.17745651969186e-09,-0.00340199194842626,-1.03361417891856e-13,5.43658927951064e-13,-3.51093211285089e-08,-1.00531697885272e-10,5.84944394864855e-12,-2.06364352140131e-09
47863009232261.9,1.12446225372641e-09,-0.00332455315739666,-9.44105699189158e-14,5.08158465585153e-13,-3.35291538159609e-08,-9.38216866287043e-11,5.58609030733522e-12,-2.01666952622982e-09
48977881936842.6,1.07385312200673e-09,-0.00324887708845655,-8.62291135653358e-14,4.74944075935117e-13,-3.20201046535918e-08,-8.75595346645601e-11,5.33459679949787e-12,-1.97076477062361e-09
50118723362725.2,1.02552177586307e-09,-0.0031749236171525,-7.87516357804197e-14,4.43871942655127e-13,-3.05789728936294e-08,-8.17153498610292e-11,5.09442902157342e-12,-1.92590491713361e-09
51286138399134.4,9.79365698106885e-10,-0.00310265353237514,-7.19181943811219e-14,4.14806938681522e-13,-2.92027018372152e-08,-7.62612351984515e-11,4.86507667206476e-12,-1.88206618218985e-09
52480746024975.1,9.35286985578801e-10,-0.00303202851556894,-6.56738717791347e-14,3.87622138943867e-13,-2.78883723518799e-08,-7.11711556104864e-11,4.6460524628275e-12,-1.83922532350241e-09
53703179637023.1,8.93192141483462e-10,-0.00296301112041516,-5.9968363710685e-14,3.62198356406494e-13,-2.66331966807152e-08,-6.64208137123893e-11,4.43689107964916e-12,-1.79735962774831e-09
54954087385760.2,8.5299187707084e-10,-0.00289556475297735,-5.47556003970026e-14,3.38423700759772e-13,-2.54345125301187e-08,-6.19875338232865e-11,4.23714818988292e-12,-1.75644689853813e-09
56234132519032.6,8.14600922243318e-10,-0.00282965365229875,-4.99933977309234e-14,3.16193159047301e-13,-2.428977742358e-08,-5.78501537289281e-11,4.04639949499991e-12,-1.7164654446559e-09
57543993733713.4,7.77937844686826e-10,-0.00276524287144135,-4.56431362443893e-14,2.95408197490786e-13,-2.31965633095385e-08,-5.39889236683288e-11,3.86423982602091e-12,-1.6773940685661e-09
58884365535556.5,7.42924877142402e-10,-0.00270229825895658,-4.16694657627523e-14,2.7597638375728e-13,-2.21525514118822e-08,-5.0385412062186e-11,3.69028227988121e-12,-1.63921205518181e-09
60255958607433.3,7.09487752451776e-10,-0.00264078644077773,-3.80400337948756e-14,2.57811028903203e-13,-2.1155527312171e-08,-4.70224175331357e-11,3.52415739487072e-12,-1.60189916088802e-09
61659500186145.7,6.77555546027116e-10,-0.0025806748025246,-3.47252358431942e-14,2.40830848224945e-13,-2.02033762531586e-08,-4.38838867979348e-11,3.36551236337631e-12,-1.5654356028144e-09
63095734448016.8,6.47060525410774e-10,-0.00252193147221094,-3.1697985945354e-14,2.24959640246428e-13,-1.92940786536565e-08,-4.09548380396785e-11,3.21401028023351e-12,-1.52980204835185e-09
64565422903462.9,6.17938006605952e-10,-0.00246452530334545,-2.89335058789989e-14,2.10125983078872e-13,-1.84257058252311e-08,-3.82212893943198e-11,3.06932942507221e-12,-1.49497960490735e-09
66069344800756.9,5.90126216873527e-10,-0.00240842585841755,-2.64091315739873e-14,1.96262947396681e-13,-1.7596415881652e-08,-3.56701922101594e-11,2.93116257711422e-12,-1.46094980989164e-09
67608297539195.4,5.63566163704026e-10,-0.00235360339275898,-2.41041353820534e-14,1.83307825285241e-13,-1.68044498324203e-08,-3.32893687617598e-11,2.79921636095096e-12,-1.42769462093458e-09
69183097091890.8,5.38201509686819e-10,-0.00230002883877279,-2.19995629529702e-14,1.71201874230906e-13,-1.60481278520924e-08,-3.10674541209912e-11,2.67321062189623e-12,-1.3951964063229e-09
70794578438410.9,5.13978453011117e-10,-0.00224767379052133,-2.00780835589172e-14,1.59890075540242e-13,-1.53258457174911e-08,-2.89938419077606e-11,2.55287782957326e-12,-1.36343793565539e-09
72443596007496,4.9084561334529e-10,-0.00219651048866501,-1.83238527953091e-14,1.4932090649416e-13,-1.46360714052477e-08,-2.70586336614905e-11,2.43796250845616e-12,-1.33240237071055e-09
74131024130088.7,4.68753922852466e-10,-0.00214651180574396,-1.67223866670925e-14,1.39446125562562e-13,-1.3977341842463e-08,-2.52525915916935e-11,2.32822069414389e-12,-1.30207325652198e-09
75857757502915.2,4.47656522111215e-10,-0.00209765123179471,-1.52604461447822e-14,1.30220570026294e-13,-1.33482598035954e-08,-2.3567094482119e-11,2.22341941420096e-12,-1.27243451265662e-09
77624711662866,4.27508660720569e-10,-0.00204990286029419,-1.39259313445721e-14,1.21601965375149e-13,-1.27474909469976e-08,-2.19940965379973e-11,2.12333619245149e-12,-1.24347042469143e-09
79432823472424.9,4.08267602378546e-10,-0.00200324137442382,-1.27077845520151e-14,1.13550745873234e-13,-1.21737609848167e-08,-2.05260889799533e-11,2.02775857566447e-12,-1.21516563588386e-09
81283051616406.6,3.89892534232839e-10,-0.00195764203364615,-1.15959013693039e-14,1.06029885705934e-13,-1.16258529802581e-08,-1.91560642012734e-11,1.93648368161598e-12,-1.18750513903182e-09
83176377110263.7,3.72344480311385e-10,-0.00191308066058713,-1.05810493223818e-14,9.90047401457973e-14,-1.11026047664808e-08,-1.78774823174407e-11,1.84931776756042e-12,-1.1604742685188e-09
85113803820234.1,3.55586218849196e-10,-0.00186953362821692,-9.65479331622316e-15,9.24428961977705e-14,-1.06029064816509e-08,-1.66842399482754e-11,1.76607581818664e-12,-1.13405869253989e-09
87096358995604.5,3.39582203336093e-10,-0.00182697784732256,-8.80942737492357e-15,8.63140322071815e-14,-1.01256982149268e-08,-1.55706410836687e-11,1.68658115217722e-12,-1.1082444055047e-09
89125093813370.9,3.24298487117867e-10,-0.00178539075426572,-8.03791214795032e-15,8.05897859365667e-14,-9.6699677583842e-09,-1.45313698938486e-11,1.61066504652867e-12,-1.08301772061308e-09
91201083935587.2,3.0970265139095e-10,-0.0017447502990192,-7.33381770528488e-15,7.52436306398055e-14,-9.23474846011227e-09,-1.35614653543927e-11,1.53816637782908e-12,-1.05836526259974e-09
93325430079695.2,2.95763736437847e-10,-0.00170503493347569,-6.69127118244139e-15,7.02507586839239e-14,-8.8191171739303e-09,-1.26562975648671e-11,1.46893127972599e-12,-1.03427396064391e-09
95499258602139.6,2.82452175957484e-10,-0.00166622360002268,-6.10490887169599e-15,6.55879722903339e-14,-8.42219230137509e-09,-1.18115456480555e-11,1.4028128158521e-12,-1.01073104144037e-09
97723722095577,2.69739734351176e-10,-0.00162829572037744,-5.56983238850329e-15,6.12335809880991e-14,-8.04313192180769e-09,-1.10231771242824e-11,1.33967066750977e-12,-9.87724022428084e-10
99999999999995.8,2.57599446831185e-10,-0.00159123118467617,-5.08156857220047e-15,5.71673053920353e-14,-7.68113200667362e-09,-1.02874286623814e-11,1.27937083544689e-12,-9.65240705172893e-10
