frequency_Hz,output_V_sqrtHz,input_V_sqrtHz,M1_V_sqrtHz,M2_V_sqrtHz,RE_V_sqrtHz,RL_V_sqrtHz
1,2.45546560712575e-08,6.31387641624862e-09,2.04406494804935e-08,7.49821555508217e-11,4.40058874023811e-09,1.28740118070856e-08
1.02329299228075,2.45546560712575e-08,6.31387641624862e-09,2.04406494804935e-08,7.49821555508217e-11,4.40058874023811e-09,1.28740118070856e-08
1.0471285480509,2.45546560712575e-08,6.31387641624862e-09,2.04406494804935e-08,7.49821555508217e-11,4.40058874023811e-09,1.28740118070856e-08
1.07151930523761,2.45546560712575e-08,6.31387641624862e-09,2.04406494804935e-08,7.49821555508217e-11,4.40058874023811e-09,1.28740118070856e-08
1.09647819614319,2.45546560712575e-08,6.31387641624862e-09,2.04406494804935e-08,7.49821555508255e-11,4.40058874023811e-09,1.28740118070856e-08
1.12201845430196,2.45546560712575e-08,6.31387641624862e-09,2.04406494804935e-08,7.49821555508255e-11,4.40058874023811e-09,1.28740118070856e-08
1.14815362149688,2.45546560712575e-08,6.31387641624862e-09,2.04406494804935e-08,7.49821555508255e-11,4.40058874023811e-09,1.28740118070856e-08
1.17489755493953,2.45546560712575e-08,6.31387641624862e-09,2.04406494804935e-08,7.49821555508217e-11,4.40058874023811e-09,1.28740118070856e-08
1.20226443461741,2.45546560712575e-08,6.31387641624862e-09,2.04406494804935e-08,7.49821555508217e-11,4.40058874023811e-09,1.28740118070856e-08
1.23026877081238,2.45546560712575e-08,6.31387641624862e-09,2.04406494804935e-08,7.49821555508217e-11,4.40058874023811e-09,1.28740118070856e-08
1.25892541179417,2.45546560712575e-08,6.31387641624862e-09,2.04406494804935e-08,7.49821555508217e-11,4.40058874023811e-09,1.28740118070856e-08
1.28824955169313,2.45546560712575e-08,6.31387641624862e-09,2.04406494804935e-08,7.49821555508217e-11,4.40058874023811e-09,1.28740118070856e-08
1.31825673855641,2.45546560712575e-08,6.31387641624862e-09,2.04406494804935e-08,7.49821555508218e-11,4.40058874023811e-09,1.28740118070856e-08
1.34896288259165,2.45546560712575e-08,6.31387641624862e-09,2.04406494804935e-08,7.49821555508218e-11,4.40058874023811e-09,1.28740118070856e-08
1.38038426460288,2.45546560712575e-08,6.31387641624862e-09,2.04406494804935e-08,7.49821555508218e-11,4.4005887402381e-09,1.28740118070856e-08
1.41253754462275,2.45546560712575e-08,6.31387641624862e-09,2.04406494804935e-08,7.49821555508218e-11,4.4005887402381e-09,1.28740118070856e-08
1.44543977074593,2.45546560712574e-08,6.31387641624862e-09,2.04406494804935e-08,7.49821555508218e-11,4.4005887402381e-09,1.28740118070856e-08
1.47910838816821,2.45546560712574e-08,6.31387641624862e-09,2.04406494804935e-08,7.49821555508218e-11,4.4005887402381e-09,1.28740118070856e-08
1.51356124843621,2.45546560712574e-08,6.31387641624862e-09,2.04406494804935e-08,7.49821555508218e-11,4.4005887402381e-09,1.28740118070856e-08
1.54881661891248,2.45546560712574e-08,6.31387641624862e-09,2.04406494804935e-08,7.49821555508219e-11,4.4005887402381e-09,1.28740118070856e-08
1.58489319246111,2.45546560712574e-08,6.31387641624862e-09,2.04406494804935e-08,7.49821555508219e-11,4.4005887402381e-09,1.28740118070856e-08
1.62181009735893,2.45546560712574e-08,6.31387641624862e-09,2.04406494804935e-08,7.49821555508219e-11,4.4005887402381e-09,1.28740118070856e-08
1.65958690743756,2.45546560712574e-08,6.31387641624862e-09,2.04406494804935e-08,7.49821555508219e-11,4.4005887402381e-09,1.28740118070856e-08
1.69824365246174,2.45546560712574e-08,6.31387641624862e-09,2.04406494804935e-08,7.49821555508219e-11,4.4005887402381e-09,1.28740118070856e-08
1.73780082874937,2.45546560712574e-08,6.31387641624862e-09,2.04406494804935e-08,7.49821555508219e-11,4.40058874023809e-09,1.28740118070856e-08
1.77827941003892,2.45546560712574e-08,6.31387641624862e-09,2.04406494804934e-08,7.4982155550822e-11,4.40058874023809e-09,1.28740118070856e-08
1.81970085860998,2.45546560712574e-08,6.31387641624862e-09,2.04406494804934e-08,7.4982155550822e-11,4.40058874023809e-09,1.28740118070856e-08
1.86208713666287,2.45546560712574e-08,6.31387641624862e-09,2.04406494804934e-08,7.4982155550822e-11,4.40058874023809e-09,1.28740118070856e-08
1.90546071796325,2.45546560712574e-08,6.31387641624862e-09,2.04406494804934e-08,7.4982155550822e-11,4.40058874023809e-09,1.28740118070856e-08
1.94984459975804,2.45546560712574e-08,6.31387641624862e-09,2.04406494804934e-08,7.4982155550822e-11,4.40058874023809e-09,1.28740118070856e-08
1.99526231496888,2.45546560712574e-08,6.31387641624862e-09,2.04406494804934e-08,7.49821555508221e-11,4.40058874023809e-09,1.28740118070856e-08
2.04173794466953,2.45546560712574e-08,6.31387641624862e-09,2.04406494804934e-08,7.49821555508183e-11,4.40058874023809e-09,1.28740118070856e-08
2.08929613085404,2.45546560712573e-08,6.31387641624862e-09,2.04406494804934e-08,7.49821555508183e-11,4.40058874023808e-09,1.28740118070856e-08
2.13796208950223,2.45546560712573e-08,6.31387641624862e-09,2.04406494804934e-08,7.49821555508183e-11,4.40058874023808e-09,1.28740118070856e-08
2.18776162394955,2.45546560712573e-08,6.31387641624862e-09,2.04406494804934e-08,7.49821555508222e-11,4.40058874023808e-09,1.28740118070855e-08
2.23872113856834,2.45546560712573e-08,6.31387641624862e-09,2.04406494804934e-08,7.49821555508222e-11,4.40058874023808e-09,1.28740118070855e-08
2.29086765276777,2.45546560712573e-08,6.31387641624862e-09,2.04406494804934e-08,7.49821555508222e-11,4.40058874023807e-09,1.28740118070855e-08
2.34422881531992,2.45546560712573e-08,6.31387641624862e-09,2.04406494804934e-08,7.49821555508223e-11,4.40058874023807e-09,1.28740118070855e-08
2.39883291901949,2.45546560712573e-08,6.31387641624862e-09,2.04406494804933e-08,7.49821555508223e-11,4.40058874023807e-09,1.28740118070855e-08
2.45470891568503,2.45546560712572e-08,6.31387641624862e-09,2.04406494804933e-08,7.49821555508224e-11,4.40058874023807e-09,1.28740118070855e-08
2.51188643150958,2.45546560712572e-08,6.31387641624862e-09,2.04406494804933e-08,7.49821555508224e-11,4.40058874023806e-09,1.28740118070855e-08
2.57039578276886,2.45546560712572e-08,6.31387641624862e-09,2.04406494804933e-08,7.49821555508224e-11,4.40058874023806e-09,1.28740118070855e-08
2.63026799189538,2.45546560712572e-08,6.31387641624862e-09,2.04406494804933e-08,7.49821555508186e-11,4.40058874023806e-09,1.28740118070855e-08
2.69153480392691,2.45546560712572e-08,6.31387641624862e-09,2.04406494804933e-08,7.49821555508187e-11,4.40058874023806e-09,1.28740118070855e-08
2.75422870333816,2.45546560712572e-08,6.31387641624862e-09,2.04406494804933e-08,7.49821555508187e-11,4.40058874023806e-09,1.28740118070855e-08
2.81838293126445,2.45546560712572e-08,6.31387641624862e-09,2.04406494804933e-08,7.49821555508188e-11,4.40058874023805e-09,1.28740118070855e-08
2.8840315031266,2.45546560712571e-08,6.31387641624862e-09,2.04406494804932e-08,7.49821555508227e-11,4.40058874023805e-09,1.28740118070854e-08
2.95120922666638,2.45546560712571e-08,6.31387641624862e-09,2.04406494804932e-08,7.49821555508227e-11,4.40058874023804e-09,1.28740118070854e-08
3.01995172040201,2.45546560712571e-08,6.31387641624862e-09,2.04406494804932e-08,7.49821555508228e-11,4.40058874023804e-09,1.28740118070854e-08
3.09029543251359,2.45546560712571e-08,6.31387641624862e-09,2.04406494804932e-08,7.4982155550819e-11,4.40058874023804e-09,1.28740118070854e-08
3.16227766016837,2.45546560712571e-08,6.31387641624862e-09,2.04406494804932e-08,7.49821555508191e-11,4.40058874023803e-09,1.28740118070854e-08
3.23593656929628,2.4554656071257e-08,6.31387641624862e-09,2.04406494804932e-08,7.49821555508191e-11,4.40058874023803e-09,1.28740118070854e-08
3.3113112148259,2.4554656071257e-08,6.31387641624862e-09,2.04406494804931e-08,7.49821555508192e-11,4.40058874023803e-09,1.28740118070854e-08
3.38844156139202,2.4554656071257e-08,6.31387641624862e-09,2.04406494804931e-08,7.49821555508193e-11,4.40058874023802e-09,1.28740118070854e-08
3.46736850452531,2.4554656071257e-08,6.31387641624862e-09,2.04406494804931e-08,7.49821555508232e-11,4.40058874023802e-09,1.28740118070854e-08
3.54813389233575,2.45546560712569e-08,6.31387641624862e-09,2.04406494804931e-08,7.49821555508194e-11,4.40058874023801e-09,1.28740118070853e-08
3.63078054770101,2.45546560712569e-08,6.31387641624862e-09,2.0440649480493e-08,7.49821555508195e-11,4.40058874023801e-09,1.28740118070853e-08
3.71535229097172,2.45546560712569e-08,6.31387641624862e-09,2.0440649480493e-08,7.49821555508196e-11,4.400588740238e-09,1.28740118070853e-08
3.8018939632056,2.45546560712568e-08,6.31387641624862e-09,2.0440649480493e-08,7.49821555508197e-11,4.400588740238e-09,1.28740118070853e-08
3.8904514499428,2.45546560712568e-08,6.31387641624862e-09,2.0440649480493e-08,7.49821555508159e-11,4.40058874023799e-09,1.28740118070853e-08
3.98107170553497,2.45546560712568e-08,6.31387641624862e-09,2.04406494804929e-08,7.49821555508199e-11,4.40058874023798e-09,1.28740118070853e-08
4.07380277804112,2.45546560712567e-08,6.31387641624862e-09,2.04406494804929e-08,7.498215555082e-11,4.40058874023798e-09,1.28740118070852e-08
4.16869383470335,2.45546560712567e-08,6.31387641624862e-09,2.04406494804929e-08,7.49821555508201e-11,4.40058874023797e-09,1.28740118070852e-08
4.26579518801592,2.45546560712567e-08,6.31387641624862e-09,2.04406494804928e-08,7.49821555508164e-11,4.40058874023796e-09,1.28740118070852e-08
4.36515832240165,2.45546560712566e-08,6.31387641624862e-09,2.04406494804928e-08,7.49821555508203e-11,4.40058874023795e-09,1.28740118070852e-08
4.46683592150962,2.45546560712566e-08,6.31387641624862e-09,2.04406494804928e-08,7.49821555508204e-11,4.40058874023795e-09,1.28740118070852e-08
4.57088189614874,2.45546560712565e-08,6.31387641624862e-09,2.04406494804927e-08,7.49821555508167e-11,4.40058874023794e-09,1.28740118070851e-08
4.67735141287197,2.45546560712565e-08,6.31387641624862e-09,2.04406494804927e-08,7.49821555508169e-11,4.40058874023793e-09,1.28740118070851e-08
4.78630092322637,2.45546560712564e-08,6.31387641624862e-09,2.04406494804927e-08,7.49821555508209e-11,4.40058874023792e-09,1.28740118070851e-08
4.89778819368445,2.45546560712564e-08,6.31387641624862e-09,2.04406494804926e-08,7.49821555508172e-11,4.40058874023791e-09,1.28740118070851e-08
5.01187233627271,2.45546560712563e-08,6.31387641624862e-09,2.04406494804926e-08,7.49821555508173e-11,4.4005887402379e-09,1.2874011807085e-08
5.12861383991364,2.45546560712563e-08,6.31387641624862e-09,2.04406494804925e-08,7.49821555508175e-11,4.40058874023789e-09,1.2874011807085e-08
5.24807460249771,2.45546560712562e-08,6.31387641624862e-09,2.04406494804925e-08,7.49821555508176e-11,4.40058874023788e-09,1.2874011807085e-08
5.37031796370252,2.45546560712562e-08,6.31387641624862e-09,2.04406494804924e-08,7.4982155550814e-11,4.40058874023787e-09,1.28740118070849e-08
5.49540873857623,2.45546560712561e-08,6.31387641624862e-09,2.04406494804924e-08,7.4982155550818e-11,4.40058874023786e-09,1.28740118070849e-08
5.62341325190348,2.4554656071256e-08,6.31387641624862e-09,2.04406494804923e-08,7.49821555508144e-11,4.40058874023785e-09,1.28740118070849e-08
5.75439937337156,2.45546560712559e-08,6.31387641624862e-09,2.04406494804922e-08,7.49821555508184e-11,4.40058874023783e-09,1.28740118070848e-08
5.88843655355588,2.45546560712559e-08,6.31387641624862e-09,2.04406494804922e-08,7.49821555508148e-11,4.40058874023782e-09,1.28740118070848e-08
6.02559586074356,2.45546560712558e-08,6.31387641624862e-09,2.04406494804921e-08,7.49821555508189e-11,4.40058874023781e-09,1.28740118070847e-08
6.16595001861481,2.45546560712557e-08,6.31387641624862e-09,2.04406494804921e-08,7.49821555508153e-11,4.40058874023779e-09,1.28740118070847e-08
6.30957344480192,2.45546560712556e-08,6.31387641624862e-09,2.0440649480492e-08,7.49821555508155e-11,4.40058874023777e-09,1.28740118070847e-08
6.45654229034654,2.45546560712555e-08,6.31387641624862e-09,2.04406494804919e-08,7.49821555508158e-11,4.40058874023776e-09,1.28740118070846e-08
6.60693448007594,2.45546560712554e-08,6.31387641624862e-09,2.04406494804918e-08,7.49821555508161e-11,4.40058874023774e-09,1.28740118070846e-08
6.7608297539198,2.45546560712553e-08,6.31387641624862e-09,2.04406494804917e-08,7.49821555508125e-11,4.40058874023772e-09,1.28740118070845e-08
6.91830970918935,2.45546560712552e-08,6.31387641624862e-09,2.04406494804916e-08,7.49821555508166e-11,4.4005887402377e-09,1.28740118070845e-08
7.07945784384136,2.45546560712551e-08,6.31387641624862e-09,2.04406494804916e-08,7.4982155550817e-11,4.40058874023768e-09,1.28740118070844e-08
7.24435960074988,2.4554656071255e-08,6.31387641624862e-09,2.04406494804915e-08,7.49821555508134e-11,4.40058874023766e-09,1.28740118070843e-08
7.41310241300916,2.45546560712549e-08,6.31387641624862e-09,2.04406494804914e-08,7.49821555508138e-11,4.40058874023764e-09,1.28740118070843e-08
7.58577575029182,2.45546560712548e-08,6.31387641624862e-09,2.04406494804913e-08,7.49821555508141e-11,4.40058874023762e-09,1.28740118070842e-08
7.7624711662869,2.45546560712546e-08,6.31387641624862e-09,2.04406494804912e-08,7.49821555508107e-11,4.4005887402376e-09,1.28740118070841e-08
7.94328234724279,2.45546560712545e-08,6.31387641624862e-09,2.0440649480491e-08,7.49821555508111e-11,4.40058874023757e-09,1.28740118070841e-08
8.12830516164097,2.45546560712543e-08,6.31387641624862e-09,2.04406494804909e-08,7.49821555508115e-11,4.40058874023755e-09,1.2874011807084e-08
8.31763771102669,2.45546560712542e-08,6.31387641624862e-09,2.04406494804908e-08,7.49821555508119e-11,4.40058874023752e-09,1.28740118070839e-08
8.51138038202374,2.4554656071254e-08,6.31387641624862e-09,2.04406494804907e-08,7.49821555508124e-11,4.40058874023749e-09,1.28740118070838e-08
8.70963589956078,2.45546560712539e-08,6.31387641624862e-09,2.04406494804905e-08,7.4982155550809e-11,4.40058874023746e-09,1.28740118070837e-08
8.91250938133743,2.45546560712537e-08,6.31387641624862e-09,2.04406494804904e-08,7.49821555508095e-11,4.40058874023743e-09,1.28740118070836e-08
9.12010839355907,2.45546560712535e-08,6.31387641624862e-09,2.04406494804902e-08,7.498215555081e-11,4.4005887402374e-09,1.28740118070836e-08
9.33254300796988,2.45546560712533e-08,6.31387641624862e-09,2.04406494804901e-08,7.49821555508067e-11,4.40058874023736e-09,1.28740118070835e-08
9.54992586021433,2.45546560712531e-08,6.31387641624862e-09,2.04406494804899e-08,7.49821555508073e-11,4.40058874023733e-09,1.28740118070833e-08
9.77237220955808,2.45546560712529e-08,6.31387641624862e-09,2.04406494804897e-08,7.49821555508079e-11,4.40058874023729e-09,1.28740118070832e-08
9.99999999999997,2.45546560712527e-08,6.31387641624862e-09,2.04406494804895e-08,7.49821555508085e-11,4.40058874023725e-09,1.28740118070831e-08
10.2329299228075,2.45546560712525e-08,6.31387641624862e-09,2.04406494804894e-08,7.49821555508053e-11,4.40058874023721e-09,1.2874011807083e-08
10.471285480509,2.45546560712522e-08,6.31387641624862e-09,2.04406494804891e-08,7.4982155550806e-11,4.40058874023717e-09,1.28740118070829e-08
10.715193052376,2.4554656071252e-08,6.31387641624862e-09,2.04406494804889e-08,7.49821555508029e-11,4.40058874023712e-09,1.28740118070827e-08
10.9647819614318,2.45546560712517e-08,6.31387641624862e-09,2.04406494804887e-08,7.49821555508036e-11,4.40058874023708e-09,1.28740118070826e-08
11.2201845430196,2.45546560712514e-08,6.31387641624862e-09,2.04406494804885e-08,7.49821555508006e-11,4.40058874023703e-09,1.28740118070825e-08
11.4815362149688,2.45546560712512e-08,6.31387641624862e-09,2.04406494804883e-08,7.49821555508014e-11,4.40058874023697e-09,1.28740118070823e-08
11.7489755493953,2.45546560712508e-08,6.31387641624862e-09,2.0440649480488e-08,7.49821555508023e-11,4.40058874023692e-09,1.28740118070822e-08
12.0226443461741,2.45546560712505e-08,6.31387641624862e-09,2.04406494804877e-08,7.49821555507993e-11,4.40058874023686e-09,1.2874011807082e-08
12.3026877081238,2.45546560712502e-08,6.31387641624862e-09,2.04406494804875e-08,7.49821555508003e-11,4.40058874023681e-09,1.28740118070818e-08
12.5892541179416,2.45546560712499e-08,6.31387641624862e-09,2.04406494804872e-08,7.49821555507974e-11,4.40058874023674e-09,1.28740118070816e-08
12.8824955169313,2.45546560712495e-08,6.31387641624862e-09,2.04406494804869e-08,7.49821555507946e-11,4.40058874023668e-09,1.28740118070814e-08
13.182567385564,2.45546560712491e-08,6.31387641624862e-09,2.04406494804866e-08,7.49821555507957e-11,4.40058874023661e-09,1.28740118070813e-08
13.4896288259165,2.45546560712487e-08,6.31387641624862e-09,2.04406494804862e-08,7.4982155550793e-11,4.40058874023654e-09,1.2874011807081e-08
13.8038426460288,2.45546560712483e-08,6.31387641624862e-09,2.04406494804859e-08,7.49821555507942e-11,4.40058874023647e-09,1.28740118070808e-08
14.1253754462275,2.45546560712479e-08,6.31387641624862e-09,2.04406494804855e-08,7.49821555507916e-11,4.40058874023639e-09,1.28740118070806e-08
14.4543977074592,2.45546560712474e-08,6.31387641624862e-09,2.04406494804852e-08,7.49821555507929e-11,4.40058874023631e-09,1.28740118070804e-08
14.791083881682,2.45546560712469e-08,6.31387641624862e-09,2.04406494804848e-08,7.49821555507904e-11,4.40058874023622e-09,1.28740118070801e-08
15.135612484362,2.45546560712464e-08,6.31387641624862e-09,2.04406494804843e-08,7.4982155550788e-11,4.40058874023613e-09,1.28740118070798e-08
15.4881661891248,2.45546560712459e-08,6.31387641624862e-09,2.04406494804839e-08,7.49821555507895e-11,4.40058874023604e-09,1.28740118070796e-08
15.8489319246111,2.45546560712454e-08,6.31387641624862e-09,2.04406494804834e-08,7.49821555507834e-11,4.40058874023594e-09,1.28740118070793e-08
16.2181009735892,2.45546560712448e-08,6.31387641624862e-09,2.0440649480483e-08,7.4982155550785e-11,4.40058874023583e-09,1.2874011807079e-08
16.5958690743755,2.45546560712442e-08,6.31387641624862e-09,2.04406494804825e-08,7.49821555507829e-11,4.40058874023573e-09,1.28740118070787e-08
16.9824365246174,2.45546560712436e-08,6.31387641624862e-09,2.04406494804819e-08,7.49821555507809e-11,4.40058874023561e-09,1.28740118070783e-08
17.3780082874937,2.45546560712429e-08,6.31387641624862e-09,2.04406494804814e-08,7.49821555507789e-11,4.4005887402355e-09,1.2874011807078e-08
17.7827941003892,2.45546560712422e-08,6.31387641624862e-09,2.04406494804808e-08,7.49821555507771e-11,4.40058874023537e-09,1.28740118070776e-08
18.1970085860998,2.45546560712415e-08,6.31387641624862e-09,2.04406494804802e-08,7.49821555507715e-11,4.40058874023524e-09,1.28740118070773e-08
18.6208713666286,2.45546560712407e-08,6.31387641624862e-09,2.04406494804796e-08,7.49821555507736e-11,4.40058874023511e-09,1.28740118070768e-08
19.0546071796324,2.45546560712399e-08,6.31387641624862e-09,2.04406494804789e-08,7.49821555507682e-11,4.40058874023497e-09,1.28740118070764e-08
19.4984459975804,2.45546560712391e-08,6.31387641624862e-09,2.04406494804782e-08,7.49821555507629e-11,4.40058874023482e-09,1.2874011807076e-08
19.9526231496887,2.45546560712383e-08,6.31387641624862e-09,2.04406494804775e-08,7.49821555507615e-11,4.40058874023466e-09,1.28740118070755e-08
20.4173794466952,2.45546560712373e-08,6.31387641624862e-09,2.04406494804768e-08,7.49821555507603e-11,4.4005887402345e-09,1.28740118070751e-08
20.8929613085403,2.45546560712364e-08,6.31387641624862e-09,2.0440649480476e-08,7.49821555507592e-11,4.40058874023433e-09,1.28740118070746e-08
21.3796208950222,2.45546560712354e-08,6.31387641624862e-09,2.04406494804751e-08,7.49821555507505e-11,4.40058874023415e-09,1.2874011807074e-08
21.8776162394954,2.45546560712343e-08,6.31387641624862e-09,2.04406494804743e-08,7.49821555507535e-11,4.40058874023396e-09,1.28740118070735e-08
22.3872113856833,2.45546560712333e-08,6.31387641624862e-09,2.04406494804734e-08,7.49821555507451e-11,4.40058874023377e-09,1.28740118070729e-08
22.9086765276776,2.45546560712321e-08,6.31387641624862e-09,2.04406494804724e-08,7.49821555507446e-11,4.40058874023356e-09,1.28740118070723e-08
23.4422881531991,2.45546560712309e-08,6.31387641624862e-09,2.04406494804714e-08,7.49821555507403e-11,4.40058874023334e-09,1.28740118070717e-08
23.9883291901948,2.45546560712297e-08,6.31387641624862e-09,2.04406494804704e-08,7.49821555507324e-11,4.40058874023312e-09,1.2874011807071e-08
24.5470891568502,2.45546560712283e-08,6.31387641624862e-09,2.04406494804693e-08,7.49821555507323e-11,4.40058874023289e-09,1.28740118070703e-08
25.1188643150957,2.4554656071227e-08,6.31387641624862e-09,2.04406494804681e-08,7.49821555507286e-11,4.40058874023264e-09,1.28740118070696e-08
25.7039578276885,2.45546560712255e-08,6.31387641624862e-09,2.04406494804669e-08,7.4982155550725e-11,4.40058874023238e-09,1.28740118070689e-08
26.3026799189537,2.4554656071224e-08,6.31387641624862e-09,2.04406494804657e-08,7.49821555507217e-11,4.40058874023211e-09,1.28740118070681e-08
26.915348039269,2.45546560712224e-08,6.31387641624862e-09,2.04406494804643e-08,7.49821555507147e-11,4.40058874023183e-09,1.28740118070672e-08
27.5422870333815,2.45546560712208e-08,6.31387641624862e-09,2.0440649480463e-08,7.49821555507117e-11,4.40058874023153e-09,1.28740118070664e-08
28.1838293126444,2.4554656071219e-08,6.31387641624862e-09,2.04406494804615e-08,7.49821555507052e-11,4.40058874023122e-09,1.28740118070655e-08
28.8403150312659,2.45546560712172e-08,6.31387641624862e-09,2.044064948046e-08,7.49821555506988e-11,4.40058874023089e-09,1.28740118070645e-08
29.5120922666637,2.45546560712153e-08,6.31387641624862e-09,2.04406494804584e-08,7.49821555506927e-11,4.40058874023055e-09,1.28740118070635e-08
30.19951720402,2.45546560712133e-08,6.31387641624862e-09,2.04406494804568e-08,7.49821555506869e-11,4.4005887402302e-09,1.28740118070625e-08
30.9029543251358,2.45546560712113e-08,6.31387641624862e-09,2.0440649480455e-08,7.49821555506775e-11,4.40058874022982e-09,1.28740118070614e-08
31.6227766016837,2.45546560712091e-08,6.31387641624862e-09,2.04406494804532e-08,7.49821555506761e-11,4.40058874022943e-09,1.28740118070603e-08
32.3593656929627,2.45546560712068e-08,6.31387641624862e-09,2.04406494804513e-08,7.49821555506673e-11,4.40058874022902e-09,1.28740118070591e-08
33.113112148259,2.45546560712044e-08,6.31387641624862e-09,2.04406494804493e-08,7.49821555506587e-11,4.40058874022859e-09,1.28740118070578e-08
33.8844156139201,2.45546560712019e-08,6.31387641624862e-09,2.04406494804472e-08,7.49821555506544e-11,4.40058874022814e-09,1.28740118070565e-08
34.673685045253,2.45546560711993e-08,6.31387641624862e-09,2.0440649480445e-08,7.49821555506427e-11,4.40058874022767e-09,1.28740118070551e-08
35.4813389233574,2.45546560711965e-08,6.31387641624862e-09,2.04406494804428e-08,7.49821555506352e-11,4.40058874022718e-09,1.28740118070537e-08
36.30780547701,2.45546560711936e-08,6.31387641624862e-09,2.04406494804404e-08,7.49821555506281e-11,4.40058874022666e-09,1.28740118070522e-08
37.1535229097171,2.45546560711906e-08,6.31387641624862e-09,2.04406494804379e-08,7.49821555506213e-11,4.40058874022613e-09,1.28740118070506e-08
38.0189396320559,2.45546560711875e-08,6.31387641624862e-09,2.04406494804352e-08,7.49821555506073e-11,4.40058874022556e-09,1.28740118070489e-08
38.9045144994279,2.45546560711842e-08,6.31387641624862e-09,2.04406494804325e-08,7.49821555505976e-11,4.40058874022497e-09,1.28740118070472e-08
39.8107170553495,2.45546560711807e-08,6.31387641624862e-09,2.04406494804296e-08,7.49821555505844e-11,4.40058874022435e-09,1.28740118070454e-08
40.7380277804111,2.45546560711771e-08,6.31387641624862e-09,2.04406494804266e-08,7.49821555505756e-11,4.4005887402237e-09,1.28740118070435e-08
41.6869383470333,2.45546560711733e-08,6.31387641624862e-09,2.04406494804234e-08,7.49821555505634e-11,4.40058874022302e-09,1.28740118070415e-08
42.6579518801591,2.45546560711693e-08,6.31387641624862e-09,2.04406494804201e-08,7.49821555505556e-11,4.40058874022231e-09,1.28740118070394e-08
43.6515832240164,2.45546560711652e-08,6.31387641624862e-09,2.04406494804167e-08,7.49821555505406e-11,4.40058874022157e-09,1.28740118070372e-08
44.6683592150961,2.45546560711608e-08,6.31387641624862e-09,2.04406494804131e-08,7.49821555505262e-11,4.40058874022078e-09,1.28740118070349e-08
45.7088189614873,2.45546560711563e-08,6.31387641624862e-09,2.04406494804092e-08,7.49821555505123e-11,4.40058874021997e-09,1.28740118070325e-08
46.7735141287196,2.45546560711515e-08,6.31387641624862e-09,2.04406494804053e-08,7.49821555504991e-11,4.40058874021911e-09,1.287401180703e-08
47.8630092322636,2.45546560711465e-08,6.31387641624862e-09,2.04406494804011e-08,7.49821555504827e-11,4.40058874021821e-09,1.28740118070274e-08
48.9778819368444,2.45546560711412e-08,6.31387641624862e-09,2.04406494803968e-08,7.49821555504669e-11,4.40058874021728e-09,1.28740118070247e-08
50.118723362727,2.45546560711358e-08,6.31387641624862e-09,2.04406494803922e-08,7.49821555504519e-11,4.4005887402163e-09,1.28740118070218e-08
51.2861383991362,2.455465607113e-08,6.31387641624862e-09,2.04406494803874e-08,7.49821555504376e-11,4.40058874021527e-09,1.28740118070188e-08
52.480746024977,2.4554656071124e-08,6.31387641624862e-09,2.04406494803824e-08,7.49821555504126e-11,4.40058874021419e-09,1.28740118070157e-08
53.703179637025,2.45546560711177e-08,6.31387641624862e-09,2.04406494803772e-08,7.49821555503922e-11,4.40058874021306e-09,1.28740118070123e-08
54.9540873857622,2.45546560711111e-08,6.31387641624862e-09,2.04406494803717e-08,7.49821555503765e-11,4.40058874021188e-09,1.28740118070089e-08
56.2341325190346,2.45546560711042e-08,6.31387641624862e-09,2.0440649480366e-08,7.4982155550354e-11,4.40058874021064e-09,1.28740118070053e-08
57.5439937337154,2.4554656071097e-08,6.31387641624862e-09,2.04406494803599e-08,7.49821555503324e-11,4.40058874020935e-09,1.28740118070015e-08
58.8843655355586,2.45546560710894e-08,6.31387641624862e-09,2.04406494803536e-08,7.49821555503118e-11,4.40058874020799e-09,1.28740118069975e-08
60.2559586074355,2.45546560710815e-08,6.31387641624862e-09,2.0440649480347e-08,7.49821555502846e-11,4.40058874020657e-09,1.28740118069934e-08
61.6595001861479,2.45546560710732e-08,6.31387641624862e-09,2.04406494803401e-08,7.49821555502622e-11,4.40058874020509e-09,1.2874011806989e-08
63.095734448019,2.45546560710645e-08,6.31387641624862e-09,2.04406494803329e-08,7.49821555502295e-11,4.40058874020353e-09,1.28740118069845e-08
64.5654229034652,2.45546560710554e-08,6.31387641624862e-09,2.04406494803253e-08,7.49821555502056e-11,4.4005887402019e-09,1.28740118069797e-08
66.0693448007593,2.45546560710459e-08,6.31387641624862e-09,2.04406494803174e-08,7.49821555501753e-11,4.40058874020019e-09,1.28740118069747e-08
67.6082975391978,2.45546560710359e-08,6.31387641624862e-09,2.04406494803091e-08,7.49821555501462e-11,4.4005887401984e-09,1.28740118069695e-08
69.1830970918933,2.45546560710255e-08,6.31387641624862e-09,2.04406494803004e-08,7.49821555501146e-11,4.40058874019653e-09,1.2874011806964e-08
70.7945784384134,2.45546560710146e-08,6.31387641624862e-09,2.04406494802913e-08,7.49821555500806e-11,4.40058874019457e-09,1.28740118069583e-08
72.4435960074986,2.45546560710031e-08,6.31387641624862e-09,2.04406494802818e-08,7.49821555500443e-11,4.40058874019252e-09,1.28740118069523e-08
74.1310241300914,2.45546560709911e-08,6.31387641624862e-09,2.04406494802718e-08,7.49821555500057e-11,4.40058874019037e-09,1.2874011806946e-08
75.857757502918,2.45546560709786e-08,6.31387641624862e-09,2.04406494802613e-08,7.49821555499725e-11,4.40058874018812e-09,1.28740118069394e-08
77.6247116628688,2.45546560709654e-08,6.31387641624862e-09,2.04406494802504e-08,7.49821555499294e-11,4.40058874018577e-09,1.28740118069325e-08
79.4328234724277,2.45546560709516e-08,6.31387641624862e-09,2.04406494802389e-08,7.49821555498882e-11,4.4005887401833e-09,1.28740118069253e-08
81.2830516164095,2.45546560709372e-08,6.31387641624862e-09,2.04406494802269e-08,7.4982155549845e-11,4.40058874018071e-09,1.28740118069177e-08
83.1763771102667,2.45546560709221e-08,6.31387641624862e-09,2.04406494802144e-08,7.49821555497998e-11,4.40058874017801e-09,1.28740118069098e-08
85.1138038202372,2.45546560709063e-08,6.31387641624862e-09,2.04406494802012e-08,7.49821555497529e-11,4.40058874017518e-09,1.28740118069015e-08
87.0963589956076,2.45546560708898e-08,6.31387641624862e-09,2.04406494801874e-08,7.49821555497043e-11,4.40058874017221e-09,1.28740118068928e-08
89.1250938133741,2.45546560708724e-08,6.31387641624862e-09,2.0440649480173e-08,7.49821555496464e-11,4.4005887401691e-09,1.28740118068837e-08
91.2010839355905,2.45546560708543e-08,6.31387641624862e-09,2.04406494801579e-08,7.49821555495908e-11,4.40058874016585e-09,1.28740118068742e-08
93.3254300796986,2.45546560708353e-08,6.31387641624862e-09,2.04406494801421e-08,7.49821555495299e-11,4.40058874016244e-09,1.28740118068643e-08
95.4992586021431,2.45546560708154e-08,6.31387641624862e-09,2.04406494801255e-08,7.49821555494717e-11,4.40058874015888e-09,1.28740118068538e-08
97.7237220955805,2.45546560707945e-08,6.31387641624862e-09,2.04406494801081e-08,7.49821555494123e-11,4.40058874015514e-09,1.28740118068429e-08
99.9999999999995,2.45546560707727e-08,6.31387641624862e-09,2.044064948009e-08,7.49821555493442e-11,4.40058874015123e-09,1.28740118068315e-08
102.329299228075,2.45546560707499e-08,6.31387641624862e-09,2.0440649480071e-08,7.49821555492713e-11,4.40058874014714e-09,1.28740118068195e-08
104.712854805089,2.45546560707259e-08,6.31387641624862e-09,2.0440649480051e-08,7.49821555492015e-11,4.40058874014285e-09,1.28740118068069e-08
107.15193052376,2.45546560707009e-08,6.31387641624862e-09,2.04406494800302e-08,7.49821555491235e-11,4.40058874013836e-09,1.28740118067938e-08
109.647819614318,2.45546560706747e-08,6.31387641624862e-09,2.04406494800084e-08,7.49821555490449e-11,4.40058874013366e-09,1.287401180678e-08
112.201845430196,2.45546560706472e-08,6.31387641624862e-09,2.04406494799855e-08,7.49821555489622e-11,4.40058874012873e-09,1.28740118067656e-08
114.815362149688,2.45546560706184e-08,6.31387641624862e-09,2.04406494799615e-08,7.49821555488718e-11,4.40058874012358e-09,1.28740118067506e-08
117.489755493952,2.45546560705883e-08,6.31387641624862e-09,2.04406494799365e-08,7.49821555487775e-11,4.40058874011818e-09,1.28740118067348e-08
120.226443461741,2.45546560705568e-08,6.31387641624862e-09,2.04406494799102e-08,7.49821555486834e-11,4.40058874011253e-09,1.28740118067182e-08
123.026877081237,2.45546560705237e-08,6.31387641624862e-09,2.04406494798827e-08,7.49821555485859e-11,4.40058874010661e-09,1.28740118067009e-08
125.892541179416,2.45546560704891e-08,6.31387641624862e-09,2.04406494798539e-08,7.49821555484813e-11,4.40058874010041e-09,1.28740118066828e-08
128.824955169313,2.45546560704529e-08,6.31387641624862e-09,2.04406494798238e-08,7.49821555483699e-11,4.40058874009392e-09,1.28740118066638e-08
131.82567385564,2.4554656070415e-08,6.31387641624862e-09,2.04406494797922e-08,7.49821555482557e-11,4.40058874008713e-09,1.28740118066439e-08
134.896288259164,2.45546560703753e-08,6.31387641624862e-09,2.04406494797592e-08,7.49821555481312e-11,4.40058874008001e-09,1.28740118066231e-08
138.038426460288,2.45546560703337e-08,6.31387641624862e-09,2.04406494797245e-08,7.49821555480045e-11,4.40058874007256e-09,1.28740118066013e-08
141.253754462275,2.45546560702902e-08,6.31387641624862e-09,2.04406494796883e-08,7.49821555478679e-11,4.40058874006476e-09,1.28740118065785e-08
144.543977074592,2.45546560702446e-08,6.31387641624862e-09,2.04406494796504e-08,7.49821555477334e-11,4.40058874005658e-09,1.28740118065546e-08
147.91083881682,2.45546560701969e-08,6.31387641624862e-09,2.04406494796106e-08,7.49821555475859e-11,4.40058874004803e-09,1.28740118065296e-08
151.35612484362,2.45546560701469e-08,6.31387641624862e-09,2.0440649479569e-08,7.49821555474332e-11,4.40058874003907e-09,1.28740118065033e-08
154.881661891247,2.45546560700945e-08,6.31387641624862e-09,2.04406494795254e-08,7.49821555472758e-11,4.40058874002969e-09,1.28740118064759e-08
158.48931924611,2.45546560700397e-08,6.31387641624862e-09,2.04406494794798e-08,7.49821555471101e-11,4.40058874001987e-09,1.28740118064472e-08
162.181009735892,2.45546560699823e-08,6.31387641624862e-09,2.0440649479432e-08,7.49821555469364e-11,4.40058874000958e-09,1.28740118064171e-08
165.958690743755,2.45546560699222e-08,6.31387641624862e-09,2.0440649479382e-08,7.49821555467512e-11,4.40058873999881e-09,1.28740118063856e-08
169.824365246173,2.45546560698593e-08,6.31387641624862e-09,2.04406494793296e-08,7.49821555465588e-11,4.40058873998753e-09,1.28740118063526e-08
173.780082874937,2.45546560697934e-08,6.31387641624862e-09,2.04406494792747e-08,7.49821555463595e-11,4.40058873997572e-09,1.2874011806318e-08
177.827941003891,2.45546560697244e-08,6.31387641624862e-09,2.04406494792173e-08,7.49821555461461e-11,4.40058873996335e-09,1.28740118062818e-08
181.970085860997,2.45546560696521e-08,6.31387641624862e-09,2.04406494791571e-08,7.49821555459266e-11,4.40058873995041e-09,1.2874011806244e-08
186.208713666285,2.45546560695765e-08,6.31387641624862e-09,2.04406494790942e-08,7.49821555456938e-11,4.40058873993685e-09,1.28740118062043e-08
190.546071796324,2.45546560694973e-08,6.31387641624862e-09,2.04406494790282e-08,7.49821555454521e-11,4.40058873992265e-09,1.28740118061627e-08
194.984459975803,2.45546560694143e-08,6.31387641624862e-09,2.04406494789591e-08,7.49821555451979e-11,4.40058873990778e-09,1.28740118061192e-08
199.526231496887,2.45546560693274e-08,6.31387641624862e-09,2.04406494788868e-08,7.49821555449319e-11,4.40058873989221e-09,1.28740118060737e-08
204.173794466952,2.45546560692364e-08,6.31387641624862e-09,2.04406494788111e-08,7.49821555446585e-11,4.40058873987591e-09,1.2874011806026e-08
208.929613085403,2.45546560691412e-08,6.31387641624862e-09,2.04406494787318e-08,7.49821555443665e-11,4.40058873985884e-09,1.28740118059761e-08
213.796208950222,2.45546560690415e-08,6.31387641624862e-09,2.04406494786488e-08,7.49821555440644e-11,4.40058873984096e-09,1.28740118059238e-08
218.776162394954,2.4554656068937e-08,6.31387641624862e-09,2.04406494785619e-08,7.49821555437412e-11,4.40058873982225e-09,1.2874011805869e-08
223.872113856832,2.45546560688277e-08,6.31387641624862e-09,2.04406494784708e-08,7.4982155543409e-11,4.40058873980265e-09,1.28740118058117e-08
229.086765276776,2.45546560687131e-08,6.31387641624862e-09,2.04406494783755e-08,7.49821555430608e-11,4.40058873978212e-09,1.28740118057516e-08
234.422881531991,2.45546560685932e-08,6.31387641624862e-09,2.04406494782757e-08,7.49821555426935e-11,4.40058873976063e-09,1.28740118056888e-08
239.883291901947,2.45546560684677e-08,6.31387641624862e-09,2.04406494781711e-08,7.49821555423117e-11,4.40058873973813e-09,1.28740118056229e-08
245.470891568501,2.45546560683362e-08,6.31387641624862e-09,2.04406494780617e-08,7.49821555419123e-11,4.40058873971457e-09,1.2874011805554e-08
251.188643150956,2.45546560681985e-08,6.31387641624862e-09,2.04406494779471e-08,7.49821555414883e-11,4.40058873968989e-09,1.28740118054818e-08
257.039578276885,2.45546560680543e-08,6.31387641624862e-09,2.0440649477827e-08,7.49821555410522e-11,4.40058873966405e-09,1.28740118054062e-08
263.026799189536,2.45546560679034e-08,6.31387641624862e-09,2.04406494777014e-08,7.49821555405894e-11,4.400588739637e-09,1.28740118053271e-08
269.15348039269,2.45546560677453e-08,6.31387641624862e-09,2.04406494775698e-08,7.49821555401086e-11,4.40058873960867e-09,1.28740118052442e-08
275.422870333815,2.45546560675798e-08,6.31387641624862e-09,2.0440649477432e-08,7.49821555396031e-11,4.400588739579e-09,1.28740118051574e-08
281.838293126443,2.45546560674064e-08,6.31387641624862e-09,2.04406494772877e-08,7.49821555390738e-11,4.40058873954794e-09,1.28740118050665e-08
288.403150312659,2.45546560672249e-08,6.31387641624862e-09,2.04406494771366e-08,7.49821555385217e-11,4.40058873951541e-09,1.28740118049714e-08
295.120922666636,2.45546560670349e-08,6.31387641624862e-09,2.04406494769784e-08,7.49821555379443e-11,4.40058873948135e-09,1.28740118048717e-08
301.9951720402,2.45546560668359e-08,6.31387641624862e-09,2.04406494768127e-08,7.4982155537331e-11,4.40058873944569e-09,1.28740118047674e-08
309.029543251357,2.45546560666275e-08,6.31387641624862e-09,2.04406494766393e-08,7.49821555366985e-11,4.40058873940834e-09,1.28740118046581e-08
316.227766016836,2.45546560664093e-08,6.31387641624862e-09,2.04406494764576e-08,7.49821555360326e-11,4.40058873936924e-09,1.28740118045437e-08
323.593656929626,2.45546560661808e-08,6.31387641624862e-09,2.04406494762674e-08,7.49821555353386e-11,4.40058873932829e-09,1.28740118044239e-08
331.131121482589,2.45546560659415e-08,6.31387641624862e-09,2.04406494760682e-08,7.49821555346063e-11,4.40058873928541e-09,1.28740118042985e-08
338.8441561392,2.4554656065691e-08,6.31387641624862e-09,2.04406494758597e-08,7.49821555338409e-11,4.40058873924051e-09,1.28740118041671e-08
346.736850452529,2.45546560654287e-08,6.31387641624862e-09,2.04406494756413e-08,7.4982155533044e-11,4.40058873919349e-09,1.28740118040296e-08
354.813389233573,2.45546560651539e-08,6.31387641624862e-09,2.04406494754126e-08,7.49821555322058e-11,4.40058873914426e-09,1.28740118038856e-08
363.078054770099,2.45546560648663e-08,6.31387641624862e-09,2.04406494751731e-08,7.49821555313277e-11,4.40058873909271e-09,1.28740118037347e-08
371.53522909717,2.45546560645651e-08,6.31387641624862e-09,2.04406494749224e-08,7.49821555304079e-11,4.40058873903873e-09,1.28740118035768e-08
380.189396320558,2.45546560642497e-08,6.31387641624862e-09,2.04406494746598e-08,7.4982155529448e-11,4.4005887389822e-09,1.28740118034114e-08
389.045144994278,2.45546560639194e-08,6.31387641624862e-09,2.04406494743849e-08,7.49821555284385e-11,4.40058873892301e-09,1.28740118032383e-08
398.107170553494,2.45546560635736e-08,6.31387641624862e-09,2.0440649474097e-08,7.49821555273813e-11,4.40058873886103e-09,1.2874011803057e-08
407.38027780411,2.45546560632114e-08,6.31387641624862e-09,2.04406494737956e-08,7.49821555262787e-11,4.40058873879613e-09,1.28740118028671e-08
416.869383470332,2.45546560628322e-08,6.31387641624862e-09,2.04406494734799e-08,7.49821555251212e-11,4.40058873872817e-09,1.28740118026683e-08
426.579518801589,2.45546560624352e-08,6.31387641624862e-09,2.04406494731494e-08,7.49821555239111e-11,4.40058873865701e-09,1.28740118024601e-08
436.515832240163,2.45546560620194e-08,6.31387641624862e-09,2.04406494728032e-08,7.49821555226432e-11,4.40058873858249e-09,1.28740118022421e-08
446.68359215096,2.4554656061584e-08,6.31387641624862e-09,2.04406494724408e-08,7.49821555213124e-11,4.40058873850447e-09,1.28740118020138e-08
457.088189614872,2.45546560611281e-08,6.31387641624862e-09,2.04406494720613e-08,7.49821555199251e-11,4.40058873842276e-09,1.28740118017748e-08
467.735141287195,2.45546560606507e-08,6.31387641624862e-09,2.04406494716639e-08,7.49821555184648e-11,4.40058873833721e-09,1.28740118015245e-08
478.630092322635,2.45546560601508e-08,6.31387641624862e-09,2.04406494712477e-08,7.49821555169423e-11,4.40058873824762e-09,1.28740118012624e-08
489.778819368442,2.45546560596274e-08,6.31387641624862e-09,2.0440649470812e-08,7.49821555153488e-11,4.40058873815381e-09,1.2874011800988e-08
501.187233627268,2.45546560590793e-08,6.31387641624862e-09,2.04406494703557e-08,7.49821555136762e-11,4.40058873805558e-09,1.28740118007006e-08
512.861383991361,2.45546560585053e-08,6.31387641624862e-09,2.04406494698779e-08,7.49821555119201e-11,4.40058873795272e-09,1.28740118003997e-08
524.807460249769,2.45546560579044e-08,6.31387641624862e-09,2.04406494693776e-08,7.49821555100878e-11,4.40058873784501e-09,1.28740118000846e-08
537.031796370249,2.4554656057275e-08,6.31387641624862e-09,2.04406494688538e-08,7.49821555081714e-11,4.40058873773223e-09,1.28740117997546e-08
549.54087385762,2.4554656056616e-08,6.31387641624862e-09,2.04406494683052e-08,7.49821555061594e-11,4.40058873761413e-09,1.28740117994091e-08
562.341325190345,2.4554656055926e-08,6.31387641624862e-09,2.04406494677308e-08,7.49821555040597e-11,4.40058873749046e-09,1.28740117990473e-08
575.439937337152,2.45546560552035e-08,6.31387641624862e-09,2.04406494671293e-08,7.49821555018533e-11,4.40058873736097e-09,1.28740117986685e-08
588.843655355584,2.45546560544469e-08,6.31387641624862e-09,2.04406494664994e-08,7.49821554995408e-11,4.40058873722538e-09,1.28740117982718e-08
602.559586074353,2.45546560536546e-08,6.31387641624862e-09,2.04406494658399e-08,7.49821554971268e-11,4.40058873708339e-09,1.28740117978564e-08
616.595001861477,2.4554656052825e-08,6.31387641624862e-09,2.04406494651493e-08,7.4982155494597e-11,4.40058873693471e-09,1.28740117974215e-08
630.957344480188,2.45546560519563e-08,6.31387641624862e-09,2.04406494644262e-08,7.49821554919448e-11,4.40058873677903e-09,1.2874011796966e-08
645.65422903465,2.45546560510467e-08,6.31387641624862e-09,2.04406494636689e-08,7.49821554891755e-11,4.400588736616e-09,1.28740117964891e-08
660.693448007591,2.45546560500942e-08,6.31387641624862e-09,2.0440649462876e-08,7.49821554862677e-11,4.4005887364453e-09,1.28740117959897e-08
676.082975391976,2.45546560490967e-08,6.31387641624862e-09,2.04406494620457e-08,7.49821554832234e-11,4.40058873626655e-09,1.28740117954667e-08
691.830970918931,2.45546560480523e-08,6.31387641624862e-09,2.04406494611763e-08,7.49821554800372e-11,4.40058873607937e-09,1.28740117949192e-08
707.945784384132,2.45546560469587e-08,6.31387641624862e-09,2.04406494602659e-08,7.49821554767e-11,4.40058873588338e-09,1.28740117943458e-08
724.435960074984,2.45546560458135e-08,6.31387641624862e-09,2.04406494593126e-08,7.49821554732107e-11,4.40058873567815e-09,1.28740117937454e-08
741.310241300911,2.45546560446144e-08,6.31387641624862e-09,2.04406494583144e-08,7.49821554695533e-11,4.40058873546324e-09,1.28740117931167e-08
758.577575029177,2.45546560433588e-08,6.31387641624862e-09,2.04406494572691e-08,7.49821554657197e-11,4.40058873523821e-09,1.28740117924583e-08
776.247116628685,2.45546560420439e-08,6.31387641624862e-09,2.04406494561745e-08,7.49821554617136e-11,4.40058873500257e-09,1.28740117917689e-08
794.328234724275,2.45546560406671e-08,6.31387641624862e-09,2.04406494550284e-08,7.49821554575124e-11,4.40058873475583e-09,1.28740117910471e-08
812.830516164092,2.45546560392255e-08,6.31387641624862e-09,2.04406494538283e-08,7.49821554531167e-11,4.40058873449745e-09,1.28740117902912e-08
831.763771102664,2.45546560377158e-08,6.31387641624862e-09,2.04406494525716e-08,7.49821554485083e-11,4.4005887342269e-09,1.28740117894997e-08
851.138038202369,2.45546560361351e-08,6.31387641624862e-09,2.04406494512557e-08,7.4982155443685e-11,4.40058873394361e-09,1.28740117886709e-08
870.963589956073,2.45546560344798e-08,6.31387641624862e-09,2.04406494498777e-08,7.49821554386371e-11,4.40058873364695e-09,1.28740117878031e-08
891.250938133738,2.45546560327465e-08,6.31387641624862e-09,2.04406494484349e-08,7.49821554333516e-11,4.40058873333632e-09,1.28740117868943e-08
912.010839355902,2.45546560309315e-08,6.31387641624862e-09,2.0440649446924e-08,7.49821554278161e-11,4.40058873301105e-09,1.28740117859427e-08
933.254300796983,2.4554656029031e-08,6.31387641624862e-09,2.04406494453419e-08,7.49821554220184e-11,4.40058873267045e-09,1.28740117849463e-08
954.992586021428,2.45546560270409e-08,6.31387641624862e-09,2.04406494436852e-08,7.4982155415947e-11,4.40058873231379e-09,1.28740117839029e-08
977.237220955802,2.45546560249571e-08,6.31387641624862e-09,2.04406494419505e-08,7.4982155409595e-11,4.40058873194033e-09,1.28740117828103e-08
999.999999999991,2.4554656022775e-08,6.31387641624862e-09,2.0440649440134e-08,7.49821554029364e-11,4.40058873154927e-09,1.28740117816663e-08
1023.29299228075,2.45546560204901e-08,6.31387641624862e-09,2.04406494382319e-08,7.49821553959692e-11,4.40058873113978e-09,1.28740117804683e-08
1047.12854805089,2.45546560180975e-08,6.31387641624862e-09,2.04406494362402e-08,7.49821553886765e-11,4.40058873071098e-09,1.28740117792138e-08
1071.5193052376,2.45546560155921e-08,6.31387641624862e-09,2.04406494341546e-08,7.49821553810345e-11,4.40058873026198e-09,1.28740117779003e-08
1096.47819614317,2.45546560129687e-08,6.31387641624862e-09,2.04406494319707e-08,7.49821553730276e-11,4.40058872979182e-09,1.28740117765248e-08
1122.01845430195,2.45546560102216e-08,6.31387641624862e-09,2.04406494296839e-08,7.49821553646449e-11,4.40058872929951e-09,1.28740117750845e-08
1148.15362149687,2.45546560073451e-08,6.31387641624862e-09,2.04406494272893e-08,7.49821553558761e-11,4.40058872878398e-09,1.28740117735763e-08
1174.89755493952,2.4554656004333e-08,6.31387641624862e-09,2.04406494247819e-08,7.49821553466889e-11,4.40058872824417e-09,1.28740117719971e-08
1202.2644346174,2.45546560011789e-08,6.31387641624862e-09,2.04406494221563e-08,7.4982155337067e-11,4.40058872767891e-09,1.28740117703434e-08
1230.26877081237,2.45546559978762e-08,6.31387641624862e-09,2.04406494194069e-08,7.49821553269948e-11,4.40058872708701e-09,1.28740117686118e-08
1258.92541179416,2.45546559944179e-08,6.31387641624862e-09,2.0440649416528e-08,7.49821553164426e-11,4.40058872646722e-09,1.28740117667986e-08
1288.24955169312,2.45546559907965e-08,6.31387641624862e-09,2.04406494135134e-08,7.49821553053967e-11,4.40058872581822e-09,1.28740117648999e-08
1318.2567385564,2.45546559870045e-08,6.31387641624862e-09,2.04406494103567e-08,7.49821552938293e-11,4.40058872513863e-09,1.28740117629118e-08
1348.96288259164,2.45546559830338e-08,6.31387641624862e-09,2.04406494070513e-08,7.49821552817173e-11,4.40058872442701e-09,1.28740117608299e-08
1380.38426460287,2.4554655978876e-08,6.31387641624862e-09,2.04406494035901e-08,7.49821552690348e-11,4.40058872368185e-09,1.287401175865e-08
1412.53754462274,2.45546559745221e-08,6.31387641624862e-09,2.04406493999657e-08,7.49821552557533e-11,4.40058872290158e-09,1.28740117563673e-08
1445.43977074591,2.45546559699631e-08,6.31387641624862e-09,2.04406493961705e-08,7.49821552418494e-11,4.40058872208454e-09,1.2874011753977e-08
1479.10838816819,2.45546559651893e-08,6.31387641624862e-09,2.04406493921965e-08,7.49821552272854e-11,4.40058872122899e-09,1.28740117514741e-08
1513.56124843619,2.45546559601905e-08,6.31387641624862e-09,2.04406493880352e-08,7.49821552120365e-11,4.40058872033311e-09,1.28740117488532e-08
1548.81661891247,2.4554655954956e-08,6.31387641624862e-09,2.04406493836778e-08,7.49821551960755e-11,4.40058871939502e-09,1.28740117461088e-08
1584.8931924611,2.45546559494749e-08,6.31387641624862e-09,2.0440649379115e-08,7.49821551793496e-11,4.40058871841271e-09,1.2874011743235e-08
1621.81009735892,2.45546559437355e-08,6.31387641624862e-09,2.04406493743372e-08,7.49821551618461e-11,4.40058871738411e-09,1.28740117402258e-08
1659.58690743755,2.45546559377255e-08,6.31387641624862e-09,2.04406493693342e-08,7.49821551435115e-11,4.40058871630704e-09,1.28740117370748e-08
1698.24365246173,2.45546559314324e-08,6.31387641624862e-09,2.04406493640954e-08,7.49821551243169e-11,4.4005887151792e-09,1.28740117337753e-08
1737.80082874936,2.45546559248426e-08,6.31387641624862e-09,2.04406493586097e-08,7.49821551042162e-11,4.40058871399821e-09,1.28740117303203e-08
1778.27941003891,2.45546559179423e-08,6.31387641624862e-09,2.04406493528655e-08,7.49821550831685e-11,4.40058871276156e-09,1.28740117267024e-08
1819.70085860997,2.45546559107167e-08,6.31387641624862e-09,2.04406493468506e-08,7.49821550611276e-11,4.40058871146663e-09,1.28740117229141e-08
1862.08713666285,2.45546559031507e-08,6.31387641624862e-09,2.04406493405522e-08,7.49821550380489e-11,4.40058871011067e-09,1.28740117189472e-08
1905.46071796323,2.45546558952281e-08,6.31387641624862e-09,2.04406493339569e-08,7.49821550138862e-11,4.40058870869081e-09,1.28740117147934e-08
1949.84459975803,2.45546558869321e-08,6.31387641624862e-09,2.04406493270509e-08,7.498215498858e-11,4.40058870720403e-09,1.28740117104438e-08
1995.26231496886,2.45546558782451e-08,6.31387641624862e-09,2.04406493198193e-08,7.49821549620809e-11,4.40058870564718e-09,1.28740117058892e-08
2041.73794466951,2.45546558691487e-08,6.31387641624862e-09,2.0440649312247e-08,7.49821549343303e-11,4.40058870401696e-09,1.28740117011199e-08
2089.29613085402,2.45546558596236e-08,6.31387641624862e-09,2.04406493043178e-08,7.49821549052758e-11,4.40058870230991e-09,1.28740116961259e-08
2137.96208950221,2.45546558496496e-08,6.31387641624862e-09,2.04406492960149e-08,7.49821548748561e-11,4.40058870052241e-09,1.28740116908965e-08
2187.76162394953,2.45546558392055e-08,6.31387641624862e-09,2.04406492873207e-08,7.49821548429976e-11,4.40058869865067e-09,1.28740116854207e-08
2238.72113856832,2.45546558282692e-08,6.31387641624862e-09,2.04406492782167e-08,7.49821548096405e-11,4.40058869669071e-09,1.28740116796868e-08
2290.86765276775,2.45546558168175e-08,6.31387641624862e-09,2.04406492686837e-08,7.49821547747132e-11,4.40058869463838e-09,1.28740116736827e-08
2344.2288153199,2.45546558048261e-08,6.31387641624862e-09,2.04406492587014e-08,7.49821547381353e-11,4.40058869248933e-09,1.28740116673956e-08
2398.83291901947,2.45546557922696e-08,6.31387641624862e-09,2.04406492482486e-08,7.49821546998375e-11,4.400588690239e-09,1.28740116608122e-08
2454.70891568501,2.45546557791213e-08,6.31387641624862e-09,2.04406492373033e-08,7.49821546597309e-11,4.40058868788262e-09,1.28740116539186e-08
2511.88643150955,2.45546557653534e-08,6.31387641624862e-09,2.04406492258421e-08,7.49821546177341e-11,4.40058868541518e-09,1.28740116467e-08
2570.39578276884,2.45546557509365e-08,6.31387641624862e-09,2.04406492138407e-08,7.49821545737539e-11,4.40058868283145e-09,1.28740116391413e-08
2630.26799189535,2.45546557358403e-08,6.31387641624862e-09,2.04406492012738e-08,7.4982154527709e-11,4.40058868012596e-09,1.28740116312263e-08
2691.53480392689,2.45546557200325e-08,6.31387641624862e-09,2.04406491881145e-08,7.49821544794912e-11,4.40058867729296e-09,1.28740116229383e-08
2754.22870333814,2.45546557034798e-08,6.31387641624862e-09,2.04406491743351e-08,7.49821544290006e-11,4.40058867432645e-09,1.28740116142597e-08
2818.38293126442,2.4554655686147e-08,6.31387641624862e-09,2.04406491599063e-08,7.49821543761305e-11,4.40058867122013e-09,1.28740116051721e-08
2884.03150312657,2.45546556679973e-08,6.31387641624862e-09,2.04406491447975e-08,7.4982154320767e-11,4.40058866796741e-09,1.28740115956562e-08
2951.20922666635,2.45546556489922e-08,6.31387641624862e-09,2.04406491289766e-08,7.49821542627976e-11,4.40058866456139e-09,1.28740115856919e-08
3019.95172040198,2.45546556290915e-08,6.31387641624862e-09,2.04406491124102e-08,7.49821542020996e-11,4.40058866099486e-09,1.28740115752579e-08
3090.29543251356,2.45546556082528e-08,6.31387641624862e-09,2.04406490950629e-08,7.49821541385327e-11,4.40058865726024e-09,1.28740115643322e-08
3162.27766016834,2.45546555864321e-08,6.31387641624862e-09,2.04406490768981e-08,7.49821540719738e-11,4.40058865334961e-09,1.28740115528916e-08
3235.93656929625,2.4554655563583e-08,6.31387641624862e-09,2.04406490578773e-08,7.49821540022749e-11,4.40058864925468e-09,1.28740115409118e-08
3311.31121482588,2.4554655539657e-08,6.31387641624862e-09,2.044064903796e-08,7.49821539292982e-11,4.40058864496677e-09,1.28740115283674e-08
3388.44156139199,2.45546555146035e-08,6.31387641624862e-09,2.0440649017104e-08,7.49821538528742e-11,4.40058864047677e-09,1.28740115152318e-08
3467.36850452528,2.45546554883692e-08,6.31387641624862e-09,2.04406489952651e-08,7.49821537728514e-11,4.40058863577516e-09,1.28740115014771e-08
3548.13389233572,2.45546554608985e-08,6.31387641624862e-09,2.0440648972397e-08,7.4982153689059e-11,4.40058863085197e-09,1.28740114870743e-08
3630.78054770097,2.45546554321331e-08,6.31387641624862e-09,2.04406489484512e-08,7.49821536013217e-11,4.40058862569676e-09,1.28740114719926e-08
3715.35229097168,2.45546554020121e-08,6.31387641624862e-09,2.04406489233768e-08,7.49821535094419e-11,4.40058862029859e-09,1.28740114562001e-08
3801.89396320557,2.45546553704716e-08,6.31387641624862e-09,2.04406488971207e-08,7.49821534132336e-11,4.40058861464602e-09,1.28740114396634e-08
3890.45144994276,2.45546553374445e-08,6.31387641624862e-09,2.04406488696272e-08,7.49821533124928e-11,4.40058860872704e-09,1.28740114223473e-08
3981.07170553493,2.4554655302861e-08,6.31387641624863e-09,2.04406488408379e-08,7.49821532070013e-11,4.40058860252912e-09,1.28740114042152e-08
4073.80277804108,2.45546552666476e-08,6.31387641624862e-09,2.04406488106919e-08,7.4982153096539e-11,4.40058859603909e-09,1.28740113852285e-08
4168.69383470331,2.45546552287275e-08,6.31387641624863e-09,2.04406487791251e-08,7.49821529808764e-11,4.4005885892432e-09,1.2874011365347e-08
4265.79518801588,2.45546551890203e-08,6.31387641624863e-09,2.04406487460706e-08,7.49821528597559e-11,4.40058858212703e-09,1.28740113445285e-08
4365.15832240161,2.45546551474417e-08,6.31387641624862e-09,2.04406487114584e-08,7.4982152732931e-11,4.40058857467549e-09,1.28740113227288e-08
4466.83592150958,2.45546551039036e-08,6.31387641624863e-09,2.04406486752148e-08,7.49821526001278e-11,4.40058856687276e-09,1.28740112999018e-08
4570.8818961487,2.45546550583136e-08,6.31387641624863e-09,2.04406486372632e-08,7.49821524610615e-11,4.4005885587023e-09,1.28740112759989e-08
4677.35141287193,2.45546550105751e-08,6.31387641624863e-09,2.0440648597523e-08,7.49821523154481e-11,4.40058855014678e-09,1.28740112509696e-08
4786.30092322633,2.45546549605867e-08,6.31387641624863e-09,2.04406485559099e-08,7.49821521629746e-11,4.40058854118806e-09,1.28740112247607e-08
4897.78819368441,2.45546549082423e-08,6.31387641624863e-09,2.04406485123356e-08,7.49821520033069e-11,4.40058853180711e-09,1.28740111973165e-08
5011.87233627267,2.45546548534311e-08,6.31387641624863e-09,2.04406484667077e-08,7.49821518361137e-11,4.40058852198407e-09,1.2874011168579e-08
5128.61383991359,2.45546547960368e-08,6.31387641624863e-09,2.04406484189295e-08,7.4982151661048e-11,4.40058851169807e-09,1.28740111384871e-08
5248.07460249767,2.45546547359375e-08,6.31387641624863e-09,2.04406483688995e-08,7.49821514777286e-11,4.40058850092731e-09,1.2874011106977e-08
5370.31796370247,2.45546546730058e-08,6.31387641624863e-09,2.04406483165117e-08,7.49821512857676e-11,4.40058848964894e-09,1.28740110739819e-08
5495.40873857618,2.45546546071082e-08,6.31387641624863e-09,2.04406482616549e-08,7.49821510847675e-11,4.40058847783904e-09,1.28740110394318e-08
5623.41325190343,2.4554654538105e-08,6.31387641624863e-09,2.04406482042128e-08,7.49821508742872e-11,4.40058846547255e-09,1.28740110032534e-08
5754.3993733715,2.45546544658497e-08,6.31387641624863e-09,2.04406481440636e-08,7.49821506538892e-11,4.40058845252325e-09,1.287401096537e-08
5888.43655355582,2.45546543901892e-08,6.31387641624863e-09,2.04406480810796e-08,7.49821504231059e-11,4.40058843896367e-09,1.28740109257011e-08
6025.59586074351,2.45546543109629e-08,6.31387641624863e-09,2.04406480151272e-08,7.49821501814402e-11,4.40058842476504e-09,1.28740108841628e-08
6165.95001861475,2.45546542280028e-08,6.31387641624863e-09,2.04406479460667e-08,7.49821499283901e-11,4.40058840989725e-09,1.28740108406668e-08
6309.57344480186,2.45546541411329e-08,6.31387641624863e-09,2.04406478737513e-08,7.49821496634108e-11,4.40058839432877e-09,1.28740107951209e-08
6456.54229034648,2.45546540501689e-08,6.31387641624863e-09,2.04406477980279e-08,7.49821493859465e-11,4.40058837802657e-09,1.28740107474284e-08
6606.93448007588,2.45546539549179e-08,6.31387641624863e-09,2.04406477187358e-08,7.4982149095405e-11,4.40058836095606e-09,1.28740106974883e-08
6760.82975391974,2.45546538551779e-08,6.31387641624863e-09,2.04406476357067e-08,7.49821487911704e-11,4.40058834308105e-09,1.28740106451946e-08
6918.30970918928,2.45546537507373e-08,6.31387641624863e-09,2.04406475487646e-08,7.49821484725998e-11,4.40058832436362e-09,1.28740105904364e-08
7079.45784384129,2.45546536413746e-08,6.31387641624863e-09,2.0440647457725e-08,7.4982148139014e-11,4.40058830476406e-09,1.28740105330975e-08
7244.35960074981,2.45546535268578e-08,6.31387641624863e-09,2.04406473623949e-08,7.49821477897058e-11,4.40058828424081e-09,1.28740104730563e-08
7413.10241300908,2.45546534069439e-08,6.31387641624863e-09,2.0440647262572e-08,7.49821474239379e-11,4.40058826275032e-09,1.28740104101854e-08
7585.77575029174,2.45546532813787e-08,6.31387641624863e-09,2.04406471580446e-08,7.49821470409252e-11,4.40058824024702e-09,1.28740103443515e-08
7762.47116628682,2.45546531498958e-08,6.31387641624863e-09,2.04406470485909e-08,7.4982146639867e-11,4.40058821668316e-09,1.2874010275415e-08
7943.28234724272,2.45546530122163e-08,6.31387641624863e-09,2.04406469339789e-08,7.49821462199062e-11,4.40058819200879e-09,1.28740102032296e-08
8128.30516164089,2.45546528680481e-08,6.31387641624863e-09,2.04406468139654e-08,7.49821457801543e-11,4.40058816617154e-09,1.28740101276422e-08
8317.63771102661,2.45546527170855e-08,6.31387641624863e-09,2.04406466882958e-08,7.49821453196776e-11,4.40058813911662e-09,1.28740100484925e-08
8511.38038202366,2.45546525590083e-08,6.31387641624863e-09,2.04406465567036e-08,7.49821448374994e-11,4.40058811078664e-09,1.28740099656126e-08
8709.6358995607,2.45546523934812e-08,6.31387641624863e-09,2.04406464189097e-08,7.49821443325975e-11,4.40058808112151e-09,1.28740098788267e-08
8912.50938133734,2.45546522201529e-08,6.31387641624863e-09,2.04406462746217e-08,7.49821438038955e-11,4.40058805005831e-09,1.28740097879506e-08
9120.10839355898,2.4554652038656e-08,6.31387641624863e-09,2.04406461235337e-08,7.49821432502794e-11,4.40058801753115e-09,1.28740096927917e-08
9332.54300796979,2.45546518486054e-08,6.31387641624863e-09,2.04406459653251e-08,7.49821426705739e-11,4.40058798347102e-09,1.28740095931482e-08
9549.92586021424,2.4554651649598e-08,6.31387641624863e-09,2.04406457996603e-08,7.49821420635439e-11,4.4005879478057e-09,1.28740094888085e-08
9772.37220955798,2.45546514412116e-08,6.31387641624864e-09,2.04406456261881e-08,7.49821414279088e-11,4.40058791045952e-09,1.28740093795515e-08
9999.99999999987,2.45546512230044e-08,6.31387641624863e-09,2.04406454445403e-08,7.49821407623225e-11,4.40058787135327e-09,1.28740092651454e-08
10232.9299228074,2.45546509945133e-08,6.31387641624864e-09,2.04406452543317e-08,7.49821400653597e-11,4.400587830404e-09,1.28740091453475e-08
10471.2854805089,2.45546507552538e-08,6.31387641624864e-09,2.04406450551589e-08,7.49821393355503e-11,4.40058778752486e-09,1.28740090199037e-08
10715.1930523759,2.45546505047184e-08,6.31387641624864e-09,2.04406448465994e-08,7.49821385713475e-11,4.40058774262488e-09,1.28740088885479e-08
10964.7819614317,2.45546502423755e-08,6.31387641624864e-09,2.04406446282108e-08,7.49821377711345e-11,4.40058769560883e-09,1.28740087510015e-08
11220.1845430195,2.45546499676689e-08,6.31387641624864e-09,2.04406443995298e-08,7.49821369332013e-11,4.40058764637699e-09,1.28740086069727e-08
11481.5362149687,2.45546496800157e-08,6.31387641624864e-09,2.04406441600715e-08,7.49821360557784e-11,4.40058759482492e-09,1.28740084561561e-08
11748.9755493951,2.45546493788059e-08,6.31387641624864e-09,2.04406439093278e-08,7.49821351370097e-11,4.40058754084328e-09,1.28740082982317e-08
12022.644346174,2.45546490634005e-08,6.31387641624864e-09,2.04406436467669e-08,7.49821341749333e-11,4.40058748431757e-09,1.28740081328646e-08
12302.6877081237,2.45546487331305e-08,6.31387641624864e-09,2.0440643371832e-08,7.49821331675198e-11,4.40058742512789e-09,1.2874007959704e-08
12589.2541179415,2.45546483872954e-08,6.31387641624864e-09,2.04406430839398e-08,7.49821321126305e-11,4.40058736314868e-09,1.28740077783826e-08
12882.4955169312,2.45546480251616e-08,6.31387641624864e-09,2.04406427824796e-08,7.49821310080213e-11,4.40058729824848e-09,1.28740075885157e-08
13182.5673855639,2.4554647645961e-08,6.31387641624865e-09,2.04406424668121e-08,7.49821298513551e-11,4.40058723028964e-09,1.28740073897008e-08
13489.6288259164,2.45546472488892e-08,6.31387641624865e-09,2.04406421362677e-08,7.49821286401718e-11,4.400587159128e-09,1.28740071815159e-08
13803.8426460287,2.4554646833104e-08,6.31387641624865e-09,2.04406417901452e-08,7.49821273719125e-11,4.40058708461262e-09,1.28740069635197e-08
14125.3754462274,2.45546463977235e-08,6.31387641624865e-09,2.04406414277104e-08,7.49821260438898e-11,4.40058700658544e-09,1.28740067352496e-08
14454.3977074591,2.45546459418242e-08,6.31387641624865e-09,2.04406410481947e-08,7.49821246532705e-11,4.40058692488095e-09,1.28740064962214e-08
14791.0838816819,2.4554645464439e-08,6.31387641624865e-09,2.0440640650793e-08,7.49821231971153e-11,4.40058683932586e-09,1.28740062459283e-08
15135.6124843619,2.45546449645554e-08,6.31387641624866e-09,2.04406402346623e-08,7.49821216723312e-11,4.40058674973869e-09,1.28740059838392e-08
15488.1661891246,2.45546444411131e-08,6.31387641624866e-09,2.044063979892e-08,7.49821200756892e-11,4.40058665592941e-09,1.28740057093982e-08
15848.9319246109,2.45546438930016e-08,6.31387641624866e-09,2.04406393426418e-08,7.4982118403796e-11,4.40058655769904e-09,1.28740054220233e-08
16218.1009735891,2.45546433190586e-08,6.31387641624866e-09,2.04406388648599e-08,7.49821166531125e-11,4.40058645483922e-09,1.28740051211048e-08
16595.8690743754,2.45546427180664e-08,6.31387641624866e-09,2.04406383645609e-08,7.49821148199259e-11,4.40058634713177e-09,1.28740048060045e-08
16982.4365246172,2.45546420887505e-08,6.31387641624866e-09,2.04406378406836e-08,7.49821129003344e-11,4.40058623434824e-09,1.2874004476054e-08
17378.0082874935,2.45546414297758e-08,6.31387641624867e-09,2.04406372921168e-08,7.49821108902818e-11,4.4005861162494e-09,1.28740041305534e-08
17782.794100389,2.45546407397447e-08,6.31387641624867e-09,2.04406367176968e-08,7.49821087855001e-11,4.40058599258473e-09,1.28740037687699e-08
18197.0085860996,2.45546400171934e-08,6.31387641624867e-09,2.04406361162053e-08,7.49821065815144e-11,4.40058586309195e-09,1.28740033899362e-08
18620.8713666284,2.45546392605895e-08,6.31387641624867e-09,2.04406354863665e-08,7.49821042736669e-11,4.40058572749636e-09,1.28740029932485e-08
19054.6071796322,2.45546384683279e-08,6.31387641624867e-09,2.04406348268443e-08,7.49821018570533e-11,4.40058558551037e-09,1.28740025778656e-08
19498.4459975802,2.45546376387284e-08,6.31387641624868e-09,2.04406341362398e-08,7.49820993265481e-11,4.4005854368328e-09,1.28740021429064e-08
19952.6231496885,2.45546367700311e-08,6.31387641624868e-09,2.04406334130883e-08,7.49820966767839e-11,4.40058528114829e-09,1.28740016874482e-08
20417.379446695,2.45546358603934e-08,6.31387641624868e-09,2.04406326558557e-08,7.49820939021391e-11,4.40058511812661e-09,1.2874001210525e-08
20892.9613085401,2.4554634907886e-08,6.31387641624868e-09,2.0440631862936e-08,7.49820909967258e-11,4.40058494742197e-09,1.28740007111251e-08
21379.620895022,2.45546339104883e-08,6.31387641624869e-09,2.04406310326472e-08,7.49820879543983e-11,4.4005847686723e-09,1.28740001881893e-08
21877.6162394952,2.45546328660849e-08,6.31387641624869e-09,2.04406301632283e-08,7.49820847686763e-11,4.40058458149843e-09,1.28739996406083e-08
22387.2113856831,2.45546317724605e-08,6.31387641624869e-09,2.04406292528349e-08,7.49820814328157e-11,4.40058438550336e-09,1.28739990672208e-08
22908.6765276774,2.45546306272952e-08,6.3138764162487e-09,2.04406282995362e-08,7.4982077939753e-11,4.40058418027135e-09,1.28739984668104e-08
23442.2881531989,2.45546294281602e-08,6.3138764162487e-09,2.04406273013101e-08,7.49820742820617e-11,4.40058396536709e-09,1.28739978381036e-08
23988.3291901946,2.45546281725118e-08,6.3138764162487e-09,2.04406262560392e-08,7.49820704519899e-11,4.40058374033473e-09,1.28739971797669e-08
24547.08915685,2.45546268576868e-08,6.31387641624871e-09,2.04406251615063e-08,7.49820664414145e-11,4.40058350469697e-09,1.28739964904038e-08
25118.8643150954,2.45546254808962e-08,6.31387641624871e-09,2.04406240153899e-08,7.49820622418229e-11,4.40058325795397e-09,1.28739957685522e-08
25703.9578276883,2.45546240392197e-08,6.31387641624871e-09,2.04406228152589e-08,7.49820578443143e-11,4.40058299958239e-09,1.28739950126809e-08
26302.6799189534,2.45546225295993e-08,6.31387641624872e-09,2.04406215585677e-08,7.49820532395561e-11,4.40058272903417e-09,1.28739942211866e-08
26915.3480392688,2.45546209488331e-08,6.31387641624872e-09,2.04406202426506e-08,7.49820484177832e-11,4.40058244573546e-09,1.28739933923905e-08
27542.2870333813,2.45546192935679e-08,6.31387641624873e-09,2.04406188647167e-08,7.49820433687716e-11,4.40058214908536e-09,1.28739925245346e-08
28183.8293126441,2.45546175602929e-08,6.31387641624874e-09,2.04406174218429e-08,7.49820380818047e-11,4.40058183845463e-09,1.28739916157781e-08
28840.3150312656,2.45546157453315e-08,6.31387641624874e-09,2.0440615910969e-08,7.49820325456755e-11,4.4005815131844e-09,1.28739906641934e-08
29512.0922666634,2.45546138448341e-08,6.31387641624875e-09,2.04406143288901e-08,7.49820267486397e-11,4.40058117258473e-09,1.28739896677622e-08
30199.5172040197,2.45546118547694e-08,6.31387641624875e-09,2.04406126722506e-08,7.49820206783895e-11,4.40058081593318e-09,1.28739886243708e-08
30902.9543251354,2.45546097709164e-08,6.31387641624876e-09,2.04406109375364e-08,7.49820143220662e-11,4.40058044247325e-09,1.28739875318062e-08
31622.7766016833,2.4554607588855e-08,6.31387641624876e-09,2.04406091210682e-08,7.49820076661858e-11,4.40058005141279e-09,1.28739863877509e-08
32359.3656929623,2.45546053039569e-08,6.31387641624877e-09,2.0440607218993e-08,7.49820006966166e-11,4.40057964192234e-09,1.28739851897783e-08
33113.1121482586,2.45546029113755e-08,6.31387641624878e-09,2.04406052272763e-08,7.49819933985874e-11,4.40057921313332e-09,1.28739839353473e-08
33884.4156139197,2.4554600406036e-08,6.31387641624879e-09,2.04406031416935e-08,7.49819857566097e-11,4.40057876413623e-09,1.28739826217972e-08
34673.6850452526,2.45545977826242e-08,6.31387641624879e-09,2.04406009578209e-08,7.49819777544892e-11,4.40057829397871e-09,1.28739812463418e-08
35481.338923357,2.45545950355758e-08,6.3138764162488e-09,2.04405986710263e-08,7.49819693752391e-11,4.4005778016635e-09,1.28739798060637e-08
36307.8054770096,2.4554592159064e-08,6.31387641624881e-09,2.04405962764592e-08,7.49819606010794e-11,4.40057728614638e-09,1.28739782979079e-08
37153.5229097167,2.45545891469874e-08,6.31387641624882e-09,2.04405937690406e-08,7.49819514134219e-11,4.40057674633387e-09,1.28739767186755e-08
38018.9396320555,2.45545859929572e-08,6.31387641624883e-09,2.0440591143452e-08,7.49819417927658e-11,4.400576181081e-09,1.28739750650168e-08
38904.5144994275,2.45545826902835e-08,6.31387641624884e-09,2.04405883941242e-08,7.4981931718705e-11,4.40057558918881e-09,1.28739733334241e-08
39810.7170553491,2.4554579231961e-08,6.31387641624885e-09,2.04405855152258e-08,7.49819211698735e-11,4.40057496940186e-09,1.28739715202249e-08
40738.0277804107,2.45545756106543e-08,6.31387641624886e-09,2.04405825006505e-08,7.49819101238989e-11,4.40057432040553e-09,1.28739696215729e-08
41686.9383470329,2.45545718186824e-08,6.31387641624887e-09,2.0440579344004e-08,7.4981898557336e-11,4.40057364082326e-09,1.28739676334412e-08
42657.9518801586,2.45545678480023e-08,6.31387641624888e-09,2.04405760385908e-08,7.49818864456709e-11,4.4005729292136e-09,1.28739655516127e-08
43651.5832240159,2.45545636901918e-08,6.31387641624889e-09,2.04405725774001e-08,7.49818737632049e-11,4.40057218406717e-09,1.28739633716717e-08
44668.3592150956,2.4554559336432e-08,6.31387641624891e-09,2.04405689530904e-08,7.49818604830477e-11,4.40057140380348e-09,1.28739610889945e-08
45708.8189614868,2.45545547774884e-08,6.31387641624892e-09,2.04405651579743e-08,7.49818465770177e-11,4.40057058676755e-09,1.28739586987393e-08
46773.5141287191,2.45545500036911e-08,6.31387641624893e-09,2.04405611840022e-08,7.49818320156248e-11,4.40056973122638e-09,1.28739561958362e-08
47863.0092322631,2.45545450049146e-08,6.31387641624895e-09,2.0440557022745e-08,7.49818167679794e-11,4.40056883536534e-09,1.28739535749766e-08
48977.8819368439,2.45545397705563e-08,6.31387641624896e-09,2.04405526653765e-08,7.49818008017541e-11,4.40056789728425e-09,1.28739508306013e-08
50118.7233627264,2.45545342895139e-08,6.31387641624898e-09,2.04405481026545e-08,7.49817840830633e-11,4.4005669149934e-09,1.28739479568895e-08
51286.1383991357,2.45545285501618e-08,6.313876416249e-09,2.04405433249014e-08,7.49817665764699e-11,4.40056588640932e-09,1.28739449477459e-08
52480.7460249764,2.45545225403267e-08,6.31387641624901e-09,2.04405383219833e-08,7.49817482448245e-11,4.40056480935034e-09,1.2873941796788e-08
53703.1796370244,2.45545162472616e-08,6.31387641624903e-09,2.04405330832888e-08,7.49817290492479e-11,4.40056368153198e-09,1.28739384973325e-08
54954.0873857616,2.45545096576186e-08,6.31387641624905e-09,2.04405275977066e-08,7.49817089490275e-11,4.4005625005621e-09,1.28739350423812e-08
56234.132519034,2.4554502757421e-08,6.31387641624907e-09,2.04405218536016e-08,7.49816879015332e-11,4.40056126393585e-09,1.2873931424606e-08
57543.9937337148,2.45544955320334e-08,6.31387641624909e-09,2.04405158387905e-08,7.49816658621143e-11,4.40055996903032e-09,1.28739276363336e-08
58884.365535558,2.45544879661305e-08,6.31387641624912e-09,2.04405095405158e-08,7.49816427840305e-11,4.400558613099e-09,1.2873923669529e-08
60255.9586074348,2.45544800436652e-08,6.31387641624914e-09,2.04405029454187e-08,7.49816186183378e-11,4.40055719326594e-09,1.28739195157786e-08
61659.5001861472,2.45544717478337e-08,6.31387641624916e-09,2.04404960395112e-08,7.49815933137745e-11,4.40055570651969e-09,1.28739151662723e-08
63095.7344480183,2.45544630610408e-08,6.31387641624919e-09,2.04404888081457e-08,7.49815668166675e-11,4.40055414970686e-09,1.28739106117848e-08
64565.4229034645,2.45544539648619e-08,6.31387641624922e-09,2.04404812359847e-08,7.49815390708274e-11,4.40055251952547e-09,1.28739058426561e-08
66069.3448007586,2.4554444440004e-08,6.31387641624924e-09,2.04404733069678e-08,7.49815100173958e-11,4.40055081251794e-09,1.28739008487709e-08
67608.2975391971,2.45544344662653e-08,6.31387641624927e-09,2.04404650042777e-08,7.49814795947586e-11,4.40054902506375e-09,1.28738956195374e-08
69183.0970918925,2.45544240224919e-08,6.3138764162493e-09,2.04404563103048e-08,7.49814477383803e-11,4.40054715337178e-09,1.28738901438646e-08
70794.5784384127,2.45544130865328e-08,6.31387641624934e-09,2.04404472066094e-08,7.49814143807025e-11,4.40054519347225e-09,1.28738844101388e-08
72443.5960074979,2.45544016351935e-08,6.31387641624937e-09,2.04404376738831e-08,7.49813794509743e-11,4.4005431412083e-09,1.2873878406199e-08
74131.0241300906,2.45543896441864e-08,6.3138764162494e-09,2.04404276919075e-08,7.49813428751092e-11,4.40054099222721e-09,1.28738721193112e-08
75857.7575029172,2.45543770880794e-08,6.31387641624944e-09,2.04404172395116e-08,7.49813045755367e-11,4.40053874197113e-09,1.28738655361414e-08
77624.7116628679,2.45543639402419e-08,6.31387641624948e-09,2.04404062945267e-08,7.49812644710259e-11,4.40053638566745e-09,1.28738586427272e-08
79432.8234724269,2.45543501727886e-08,6.31387641624952e-09,2.04403948337393e-08,7.49812224765136e-11,4.40053391831866e-09,1.28738514244482e-08
81283.0516164086,2.455433575652e-08,6.31387641624957e-09,2.04403828328424e-08,7.4981178502935e-11,4.40053133469175e-09,1.28738438659953e-08
83176.3771102658,2.45543206608608e-08,6.31387641624961e-09,2.04403702663832e-08,7.49811324570359e-11,4.40052862930713e-09,1.28738359513377e-08
85113.8038202363,2.45543048537949e-08,6.31387641624965e-09,2.04403571077099e-08,7.49810842411439e-11,4.40052579642701e-09,1.28738276636895e-08
87096.3589956067,2.45542883017977e-08,6.3138764162497e-09,2.04403433289147e-08,7.4981033753009e-11,4.40052283004323e-09,1.28738189854735e-08
89125.0938133731,2.45542709697648e-08,6.31387641624975e-09,2.04403289007747e-08,7.49809808855457e-11,4.40051972386452e-09,1.28738098982847e-08
91201.0839355895,2.45542528209377e-08,6.31387641624981e-09,2.04403137926902e-08,7.49809255266394e-11,4.40051647130317e-09,1.28738003828505e-08
93325.4300796976,2.45542338168258e-08,6.31387641624986e-09,2.04402979726195e-08,7.49808675588852e-11,4.40051306546105e-09,1.28737904189903e-08
95499.258602142,2.45542139171251e-08,6.31387641624992e-09,2.04402814070112e-08,7.49808068593372e-11,4.40050949911501e-09,1.28737799855726e-08
97723.7220955795,2.45541930796322e-08,6.31387641624999e-09,2.04402640607331e-08,7.49807432992618e-11,4.40050576470156e-09,1.28737690604703e-08
99999.9999999984,2.45541712601553e-08,6.31387641625005e-09,2.04402458969973e-08,7.49806767438707e-11,4.40050185430081e-09,1.28737576205136e-08
102329.299228074,2.45541484124206e-08,6.31387641625012e-09,2.0440226877283e-08,7.49806070520018e-11,4.40049775961973e-09,1.2873745641441e-08
104712.854805088,2.45541244879736e-08,6.31387641625018e-09,2.0440206961254e-08,7.49805340758771e-11,4.40049347197452e-09,1.2873733097848e-08
107151.930523759,2.45540994360771e-08,6.31387641625026e-09,2.04401861066739e-08,7.49804576607169e-11,4.40048898227225e-09,1.28737199631329e-08
109647.819614317,2.45540732036034e-08,6.31387641625034e-09,2.04401642693162e-08,7.49803776444673e-11,4.40048428099156e-09,1.28737062094409e-08
112201.845430195,2.45540457349213e-08,6.31387641625042e-09,2.04401414028705e-08,7.4980293857454e-11,4.40047935816249e-09,1.28736918076046e-08
114815.362149686,2.45540169717789e-08,6.3138764162505e-09,2.04401174588447e-08,7.49802061219709e-11,4.40047420334534e-09,1.28736767270825e-08
117489.755493951,2.45539868531798e-08,6.31387641625059e-09,2.04400923864618e-08,7.4980114251976e-11,4.40046880560856e-09,1.2873660935894e-08
120226.443461739,2.45539553152536e-08,6.31387641625068e-09,2.04400661325529e-08,7.4980018052651e-11,4.40046315350557e-09,1.28736444005521e-08
123026.877081236,2.45539222911209e-08,6.31387641625078e-09,2.04400386414438e-08,7.49799173199779e-11,4.40045723505052e-09,1.28736270859918e-08
125892.541179415,2.45538877107517e-08,6.31387641625088e-09,2.04400098548375e-08,7.49798118403609e-11,4.40045103769287e-09,1.28736089554962e-08
128824.955169311,2.45538515008165e-08,6.31387641625099e-09,2.04399797116906e-08,7.49797013901212e-11,4.40044454829081e-09,1.28735899706189e-08
131825.673855639,2.45538135845312e-08,6.3138764162511e-09,2.04399481480839e-08,7.49795857350462e-11,4.40043775308343e-09,1.28735700911018e-08
134896.288259163,2.45537738814948e-08,6.31387641625122e-09,2.0439915097087e-08,7.49794646298874e-11,4.40043063766153e-09,1.28735492747907e-08
138038.426460286,2.45537323075184e-08,6.31387641625134e-09,2.04398804886164e-08,7.49793378178482e-11,4.40042318693712e-09,1.28735274775454e-08
141253.754462273,2.45536887744471e-08,6.31387641625147e-09,2.04398442492873e-08,7.49792050300381e-11,4.40041538511146e-09,1.28735046531461e-08
144543.97707459,2.45536431899736e-08,6.3138764162516e-09,2.04398063022578e-08,7.49790659848811e-11,4.40040721564155e-09,1.28734807531962e-08
147910.838816818,2.45535954574421e-08,6.31387641625174e-09,2.04397665670664e-08,7.49789203875647e-11,4.40039866120516e-09,1.2873455727019e-08
151356.124843618,2.45535454756441e-08,6.31387641625189e-09,2.04397249594615e-08,7.49787679293655e-11,4.40038970366407e-09,1.28734295215508e-08
154881.661891246,2.45534931386037e-08,6.31387641625204e-09,2.04396813912229e-08,7.49786082870325e-11,4.40038032402571e-09,1.28734020812285e-08
158489.319246109,2.45534383353532e-08,6.3138764162522e-09,2.04396357699751e-08,7.49784411220812e-11,4.40037050240289e-09,1.28733733478718e-08
162181.00973589,2.45533809496984e-08,6.31387641625237e-09,2.04395879989916e-08,7.49782660800896e-11,4.40036021797174e-09,1.28733432605598e-08
165958.690743753,2.45533208599724e-08,6.31387641625255e-09,2.043953797699e-08,7.49780827899345e-11,4.40034944892757e-09,1.28733117555026e-08
169824.365246172,2.45532579387776e-08,6.31387641625273e-09,2.04394855979177e-08,7.49778908630335e-11,4.40033817243872e-09,1.28732787659058e-08
173780.082874935,2.45531920527167e-08,6.31387641625293e-09,2.04394307507273e-08,7.49776898924644e-11,4.40032636459825e-09,1.28732442218289e-08
177827.941003889,2.45531230621099e-08,6.31387641625313e-09,2.04393733191418e-08,7.4977479452193e-11,4.40031400037328e-09,1.2873208050038e-08
181970.085860995,2.45530508206993e-08,6.31387641625334e-09,2.04393131814078e-08,7.49772590960673e-11,4.40030105355204e-09,1.28731701738498e-08
186208.713666284,2.45529751753393e-08,6.31387641625357e-09,2.04392502100388e-08,7.49770283569688e-11,4.40028749668841e-09,1.28731305129703e-08
190546.071796322,2.45528959656728e-08,6.3138764162538e-09,2.04391842715443e-08,7.49767867457534e-11,4.40027330104377e-09,1.28730889833239e-08
194984.459975801,2.45528130237913e-08,6.31387641625404e-09,2.04391152261484e-08,7.49765337502689e-11,4.40025843652626e-09,1.28730454968764e-08
199526.231496885,2.45527261738802e-08,6.3138764162543e-09,2.04390429274931e-08,7.49762688342153e-11,4.40024287162708e-09,1.28729999614481e-08
204173.79446695,2.45526352318468e-08,6.31387641625457e-09,2.04389672223295e-08,7.49759914360712e-11,4.40022657335383e-09,1.28729522805192e-08
208929.6130854,2.45525400049304e-08,6.31387641625485e-09,2.0438887950193e-08,7.49757009678591e-11,4.40020950716074e-09,1.28729023530251e-08
213796.20895022,2.45524402912953e-08,6.31387641625514e-09,2.04388049430645e-08,7.49753968139242e-11,4.40019163687557e-09,1.28728500731433e-08
218776.162394952,2.45523358796034e-08,6.31387641625545e-09,2.04387180250144e-08,7.49750783296291e-11,4.40017292462317e-09,1.28727953300693e-08
223872.11385683,2.45522265485679e-08,6.31387641625577e-09,2.04386270118314e-08,7.49747448399876e-11,4.40015333074535e-09,1.28727380077823e-08
229086.765276773,2.45521120664847e-08,6.3138764162561e-09,2.04385317106323e-08,7.4974395638245e-11,4.40013281371706e-09,1.28726779847999e-08
234422.881531988,2.45519921907436e-08,6.31387641625646e-09,2.04384319194549e-08,7.49740299843647e-11,4.40011133005862e-09,1.28726151339213e-08
239883.291901945,2.45518666673148e-08,6.31387641625683e-09,2.04383274268308e-08,7.49736471034915e-11,4.40008883424382e-09,1.28725493219588e-08
245470.891568499,2.45517352302125e-08,6.31387641625721e-09,2.04382180113388e-08,7.4973246184291e-11,4.40006527860375e-09,1.28724804094559e-08
251188.643150954,2.45515976009329e-08,6.31387641625762e-09,2.04381034411369e-08,7.49728263772643e-11,4.40004061322602e-09,1.28724082503931e-08
257039.578276882,2.45514534878659e-08,6.31387641625804e-09,2.04379834734729e-08,7.49723867929e-11,4.40001478584944e-09,1.2872332691879e-08
263026.799189534,2.45513025856792e-08,6.31387641625849e-09,2.04378578541712e-08,7.49719264998694e-11,4.39998774175356e-09,1.28722535738279e-08
269153.480392687,2.45511445746737e-08,6.31387641625895e-09,2.04377263170968e-08,7.49714445229965e-11,4.39995942364316e-09,1.28721707286215e-08
275422.870333812,2.45509791201089e-08,6.31387641625944e-09,2.04375885835931e-08,7.49709398412292e-11,4.39992977152736e-09,1.28720839807552e-08
281838.29312644,2.45508058714959e-08,6.31387641625995e-09,2.04374443618939e-08,7.49704113854849e-11,4.39989872259292e-09,1.28719931464677e-08
288403.150312656,2.45506244618583e-08,6.31387641626048e-09,2.04372933465078e-08,7.49698580363788e-11,4.39986621107178e-09,1.28718980333531e-08
295120.922666633,2.4550434506958e-08,6.31387641626104e-09,2.04371352175737e-08,7.49692786218922e-11,4.39983216810228e-09,1.28717984399553e-08
301995.172040196,2.45502356044847e-08,6.31387641626163e-09,2.04369696401866e-08,7.49686719148565e-11,4.39979652158399e-09,1.28716941553429e-08
309029.543251354,2.45500273332081e-08,6.31387641626224e-09,2.04367962636909e-08,7.49680366304123e-11,4.39975919602564e-09,1.28715849586648e-08
316227.766016832,2.45498092520897e-08,6.31387641626288e-09,2.04366147209419e-08,7.49673714232668e-11,4.39972011238607e-09,1.28714706186844e-08
323593.656929623,2.45495808993537e-08,6.31387641626356e-09,2.04364246275321e-08,7.49666748848841e-11,4.39967918790763e-09,1.28713508932926e-08
331131.121482585,2.45493417915145e-08,6.31387641626426e-09,2.04362255809811e-08,7.49659455405013e-11,4.39963633594191e-09,1.28712255289976e-08
338844.156139197,2.4549091422358e-08,6.313876416265e-09,2.04360171598887e-08,7.4965181846021e-11,4.39959146576725e-09,1.28710942603915e-08
346736.850452526,2.45488292618768e-08,6.31387641626577e-09,2.04357989230474e-08,7.49643821847831e-11,4.39954448239779e-09,1.28709568095911e-08
354813.389233569,2.45485547551545e-08,6.31387641626658e-09,2.04355704085142e-08,7.49635448641389e-11,4.3994952863836e-09,1.28708128856536e-08
363078.054770095,2.45482673211986e-08,6.31387641626742e-09,2.04353311326389e-08,7.49626681119116e-11,4.39944377360149e-09,1.28706621839646e-08
371535.229097166,2.45479663517189e-08,6.31387641626831e-09,2.04350805890471e-08,7.49617500726318e-11,4.39938983503609e-09,1.28705043855974e-08
380189.396320554,2.45476512098491e-08,6.31387641626923e-09,2.04348182475763e-08,7.49607888037082e-11,4.39933335655072e-09,1.28703391566428e-08
389045.144994274,2.45473212288089e-08,6.31387641627021e-09,2.04345435531617e-08,7.49597822712647e-11,4.39927421864765e-09,1.28701661475078e-08
398107.17055349,2.45469757105038e-08,6.31387641627122e-09,2.0434255924671e-08,7.49587283459312e-11,4.39921229621712e-09,1.28699849921811e-08
407380.277804106,2.45466139240599e-08,6.31387641627229e-09,2.04339547536845e-08,7.49576247983431e-11,4.39914745827479e-09,1.28697953074657e-08
416869.383470328,2.4546235104291e-08,6.3138764162734e-09,2.04336394032189e-08,7.49564692944713e-11,4.399079567687e-09,1.28695966921739e-08
426579.518801585,2.45458384500936e-08,6.31387641627457e-09,2.04333092063917e-08,7.49552593907446e-11,4.39900848088315e-09,1.28693887262873e-08
436515.832240158,2.4545423122769e-08,6.31387641627579e-09,2.04329634650236e-08,7.4953992528892e-11,4.39893404755496e-09,1.28691709700758e-08
446683.592150955,2.45449882442664e-08,6.31387641627707e-09,2.04326014481767e-08,7.49526660306306e-11,4.39885611034158e-09,1.28689429631771e-08
457088.189614867,2.45445328953447e-08,6.31387641627841e-09,2.04322223906242e-08,7.49512770920225e-11,4.39877450450028e-09,1.2868704223633e-08
467735.14128719,2.45440561136504e-08,6.31387641627982e-09,2.043182549125e-08,7.49498227776403e-11,4.39868905756186e-09,1.28684542468814e-08
478630.09232263,2.45435568917057e-08,6.31387641628129e-09,2.04314099113737e-08,7.49483000143987e-11,4.39859958897008e-09,1.28681925047012e-08
489778.819368438,2.45430341748037e-08,6.31387641628283e-09,2.04309747729995e-08,7.49467055851537e-11,4.39850590970456e-09,1.28679184441097e-08
501187.233627263,2.45424868588073e-08,6.31387641628444e-09,2.04305191569825e-08,7.49450361220028e-11,4.39840782188616e-09,1.28676314862072e-08
512861.383991356,2.45419137878459e-08,6.31387641628613e-09,2.04300421011124e-08,7.49432880992174e-11,4.39830511836432e-09,1.28673310249708e-08
524807.460249763,2.45413137519064e-08,6.3138764162879e-09,2.04295425981076e-08,7.49414578259503e-11,4.39819758228525e-09,1.28670164259901e-08
537031.796370243,2.45406854843137e-08,6.31387641628975e-09,2.04290195935178e-08,7.49395414384857e-11,4.39808498664042e-09,1.28666870251472e-08
549540.873857615,2.45400276590952e-08,6.31387641629169e-09,2.04284719835303e-08,7.4937534892266e-11,4.39796709379425e-09,1.28663421272342e-08
562341.325190339,2.45393388882245e-08,6.31387641629372e-09,2.04278986126755e-08,7.49354339534384e-11,4.3978436549901e-09,1.28659810045087e-08
575439.937337147,2.4538617718739e-08,6.31387641629584e-09,2.04272982714271e-08,7.49332341900757e-11,4.39771440983376e-09,1.28656028951821e-08
588843.655355579,2.45378626297259e-08,6.31387641629807e-09,2.04266696936934e-08,7.49309309629916e-11,4.39757908575319e-09,1.28652070018394e-08
602559.586074347,2.45370720291699e-08,6.3138764163004e-09,2.04260115541931e-08,7.49285194161183e-11,4.39743739743368e-09,1.28647924897865e-08
616595.001861471,2.45362442506577e-08,6.31387641630284e-09,2.0425322465712e-08,7.49259944664551e-11,4.39728904622723e-09,1.28643584853228e-08
630957.344480182,2.45353775499327e-08,6.31387641630539e-09,2.04246009762345e-08,7.49233507935539e-11,4.39713371953501e-09,1.28639040739339e-08
645654.229034644,2.45344701012926e-08,6.31387641630807e-09,2.04238455659455e-08,7.49205828285446e-11,4.39697109016184e-09,1.28634282984038e-08
660693.448007584,2.45335199938238e-08,6.31387641631087e-09,2.04230546440951e-08,7.49176847426304e-11,4.39680081564132e-09,1.286293015684e-08
676082.97539197,2.45325252274655e-08,6.3138764163138e-09,2.04222265457224e-08,7.49146504351086e-11,4.39662253753044e-09,1.28624086006103e-08
691830.970918924,2.45314837088959e-08,6.31387641631687e-09,2.04213595282308e-08,7.49114735207918e-11,4.39643588067226e-09,1.28618625321853e-08
707945.784384125,2.45303932472324e-08,6.31387641632009e-09,2.04204517678089e-08,7.49081473169174e-11,4.39624045242546e-09,1.28612908028851e-08
724435.960074977,2.45292515495391e-08,6.31387641632346e-09,2.04195013556904e-08,7.49046648294321e-11,4.39603584185908e-09,1.28606922105227e-08
741310.241300904,2.45280562161321e-08,6.31387641632699e-09,2.04185062942462e-08,7.4901018738674e-11,4.39582161891125e-09,1.28600654969433e-08
758577.57502917,2.45268047356751e-08,6.31387641633068e-09,2.04174644929012e-08,7.48972013844126e-11,4.39559733351011e-09,1.28594093454526e-08
776247.116628678,2.45254944800547e-08,6.31387641633455e-09,2.04163737638692e-08,7.48932047502184e-11,4.39536251465558e-09,1.28587223781304e-08
794328.234724267,2.45241226990292e-08,6.3138764163386e-09,2.04152318176971e-08,7.48890204471556e-11,4.3951166694601e-09,1.28580031530241e-08
812830.516164085,2.45226865146378e-08,6.31387641634284e-09,2.04140362586117e-08,7.48846396966881e-11,4.39485928214692e-09,1.28572501612183e-08
831763.771102656,2.45211829153636e-08,6.31387641634728e-09,2.04127845796603e-08,7.48800533129159e-11,4.39458981300383e-09,1.28564618237741e-08
851138.038202361,2.45196087500381e-08,6.31387641635193e-09,2.04114741576365e-08,7.48752516839743e-11,4.3943076972908e-09,1.28556364885329e-08
870963.589956065,2.45179607214775e-08,6.3138764163568e-09,2.04101022477826e-08,7.48702247526004e-11,4.39401234409952e-09,1.28547724267806e-08
891250.938133729,2.45162353798397e-08,6.3138764163619e-09,2.04086659782598e-08,7.48649619959096e-11,4.3937031351629e-09,1.28538678297643e-08
912010.839355893,2.45144291156918e-08,6.31387641636723e-09,2.04071623443772e-08,7.48594524042164e-11,4.39337942361255e-09,1.28529208050573e-08
933254.300796974,2.45125381527744e-08,6.31387641637282e-09,2.04055882025682e-08,7.48536844589721e-11,4.39304053268216e-09,1.28519293727661e-08
954992.586021419,2.45105585404536e-08,6.31387641637867e-09,2.04039402641071e-08,7.48476461097461e-11,4.39268575435463e-09,1.28508914615723e-08
977237.220955793,2.45084861458456e-08,6.31387641638481e-09,2.04022150885539e-08,7.48413247502111e-11,4.39231434795084e-09,1.28498049046041e-08
999999.999999982,2.45063166456044e-08,6.31387641639123e-09,2.04004090769166e-08,7.48347071930829e-11,4.39192553865771e-09,1.284866743513e-08
1023292.99228074,2.45040455173565e-08,6.31387641639795e-09,2.03985184645224e-08,7.4827779644007e-11,4.39151851599328e-09,1.28474766820689e-08
1047128.54805088,2.45016680307724e-08,6.31387641640498e-09,2.03965393135839e-08,7.48205276743096e-11,4.39109243220649e-09,1.28462301653076e-08
1071519.30523759,2.44991792382591e-08,6.31387641641235e-09,2.0394467505452e-08,7.4812936192614e-11,4.39064640060922e-09,1.28449252908221e-08
1096478.19614316,2.4496573965261e-08,6.31387641642007e-09,2.03922987325414e-08,7.48049894152664e-11,4.39017949383799e-09,1.28435593455917e-08
1122018.45430194,2.44938468001551e-08,6.31387641642815e-09,2.03900284899185e-08,7.47966708355002e-11,4.38969074204302e-09,1.28421294923013e-08
1148153.62149686,2.44909920837256e-08,6.31387641643661e-09,2.03876520665401e-08,7.47879631913451e-11,4.38917913100193e-09,1.28406327638226e-08
1174897.55493951,2.44880038982033e-08,6.31387641644547e-09,2.03851645361286e-08,7.47788484321889e-11,4.38864360015542e-09,1.2839066057468e-08
1202264.43461739,2.4484876055856e-08,6.31387641645475e-09,2.03825607476747e-08,7.47693076839818e-11,4.38808304056246e-09,1.2837426129008e-08
1230268.77081236,2.44816020871134e-08,6.31387641646446e-09,2.03798353155513e-08,7.47593212130005e-11,4.38749629277218e-09,1.28357095864454e-08
1258925.41179414,2.44781752282133e-08,6.31387641647463e-09,2.03769826092296e-08,7.4748868388188e-11,4.3868821446097e-09,1.28339128835382e-08
1288249.55169311,2.44745884083517e-08,6.31387641648529e-09,2.03739967425826e-08,7.47379276419562e-11,4.38623932887339e-09,1.28320323130622e-08
1318256.73855638,2.44708342363236e-08,6.31387641649644e-09,2.03708715627636e-08,7.47264764294226e-11,4.38556652094054e-09,1.28300639998069e-08
1348962.88259163,2.44669049866376e-08,6.31387641650812e-09,2.03676006386476e-08,7.47144911860794e-11,4.38486233627904e-09,1.28280038932955e-08
1380384.26460286,2.44627925850909e-08,6.31387641652035e-09,2.03641772488228e-08,7.47019472837776e-11,4.38412532786203e-09,1.28258477602214e-08
1412537.54462273,2.44584885937879e-08,6.31387641653315e-09,2.03605943691197e-08,7.4688818985064e-11,4.38335398348306e-09,1.28235911765942e-08
1445439.7707459,2.44539841955889e-08,6.31387641654656e-09,2.03568446596649e-08,7.46750793957037e-11,4.38254672296908e-09,1.28212295195855e-08
1479108.38816818,2.44492701779741e-08,6.3138764165606e-09,2.03529204514491e-08,7.46607004155085e-11,4.38170189528856e-09,1.2818757959069e-08
1513561.24843618,2.4444336916309e-08,6.31387641657531e-09,2.03488137323956e-08,7.46456526872499e-11,4.38081777555237e-09,1.28161714488466e-08
1548816.61891245,2.4439174356497e-08,6.3138764165907e-09,2.03445161329201e-08,7.46299055438145e-11,4.37989256190492e-09,1.28134647175533e-08
1584893.19246108,2.4433771997008e-08,6.31387641660683e-09,2.03400189109697e-08,7.4613426953319e-11,4.3789243723033e-09,1.28106322592343e-08
1621810.0973589,2.44281188702693e-08,6.31387641662371e-09,2.03353129365321e-08,7.45961834623905e-11,4.37791124118231e-09,1.28076683235888e-08
1659586.90743753,2.44222035234088e-08,6.31387641664138e-09,2.03303886756051e-08,7.45781401374672e-11,4.37685111600331e-09,1.28045669058732e-08
1698243.65246171,2.44160139983407e-08,6.31387641665989e-09,2.03252361736185e-08,7.45592605039632e-11,4.3757418536852e-09,1.28013217364606e-08
1737800.82874934,2.4409537811184e-08,6.31387641667927e-09,2.03198450383015e-08,7.45395064836043e-11,4.37458121691602e-09,1.27979262700491e-08
1778279.41003889,2.44027619310088e-08,6.31387641669957e-09,2.03142044219893e-08,7.45188383295492e-11,4.37336687034375e-09,1.27943736745193e-08
1819700.85860995,2.43956727579024e-08,6.31387641672082e-09,2.03083030033648e-08,7.44972145594936e-11,4.37209637664562e-09,1.27906568194339e-08
1862087.13666283,2.43882561003551e-08,6.31387641674308e-09,2.03021289686326e-08,7.44745918867073e-11,4.3707671924751e-09,1.2786768264181e-08
1905460.71796321,2.43804971519616e-08,6.31387641676638e-09,2.02956699921243e-08,7.44509251490052e-11,4.36937666428651e-09,1.27827002457589e-08
1949844.59975801,2.43723804674418e-08,6.31387641679078e-09,2.02889132163373e-08,7.44261672355616e-11,4.36792202403757e-09,1.27784446662038e-08
1995262.31496884,2.43638899379845e-08,6.31387641681634e-09,2.02818452314086e-08,7.44002690117559e-11,4.36640038477052e-09,1.27739930796622e-08
2041737.94466949,2.43550087659215e-08,6.31387641684309e-09,2.0274452054033e-08,7.43731792419243e-11,4.36480873607341e-09,1.27693366791128e-08
2089296.130854,2.4345719438744e-08,6.31387641687111e-09,2.02667191058324e-08,7.43448445101047e-11,4.36314393942333e-09,1.27644662827433e-08
2137962.08950219,2.4336003702476e-08,6.31387641690045e-09,2.02586311911907e-08,7.43152091388654e-11,4.36140272341459e-09,1.27593723199899e-08
2187761.62394951,2.4325842534425e-08,6.31387641693116e-09,2.02501724745694e-08,7.42842151061565e-11,4.35958167887507e-09,1.27540448172505e-08
2238721.1385683,2.43152161153334e-08,6.31387641696333e-09,2.02413264573257e-08,7.42518019604242e-11,4.35767725387548e-09,1.27484733832838e-08
2290867.65276773,2.43041038009624e-08,6.31387641699701e-09,2.02320759540568e-08,7.42179067339472e-11,4.35568574863658e-09,1.27426471943107e-08
2344228.81531988,2.42924840931425e-08,6.31387641703228e-09,2.02224030685009e-08,7.41824638545306e-11,4.35360331034107e-09,1.2736554978836e-08
2398832.91901944,2.42803346103347e-08,6.31387641706922e-09,2.02122891690306e-08,7.41454050557591e-11,4.35142592785764e-09,1.27301850022136e-08
2454708.91568498,2.42676320577505e-08,6.31387641710789e-09,2.02017148637794e-08,7.41066592858829e-11,4.34914942638595e-09,1.27235250509806e-08
2511886.43150953,2.42543521970886e-08,6.31387641714839e-09,2.01906599754487e-08,7.40661526155162e-11,4.34676946203309e-09,1.27165624169901e-08
2570395.78276881,2.4240469815955e-08,6.31387641719079e-09,2.01791035158514e-08,7.40238081444007e-11,4.34428151633304e-09,1.27092838813781e-08
2630267.99189533,2.42259586970394e-08,6.31387641723519e-09,2.01670236602525e-08,7.39795459074263e-11,4.34168089072265e-09,1.27016756984028e-08
2691534.80392686,2.42107915871343e-08,6.31387641728169e-09,2.01543977215793e-08,7.3933282780161e-11,4.33896270098932e-09,1.26937235792013e-08
2754228.70333811,2.41949401660916e-08,6.31387641733038e-09,2.01412021245789e-08,7.38849323841893e-11,4.33612187170764e-09,1.26854126755134e-08
2818382.9312644,2.41783750158243e-08,6.31387641738136e-09,2.01274123800133e-08,7.38344049926345e-11,4.33315313068381e-09,1.26767275634293e-08
2884031.50312655,2.41610655894713e-08,6.31387641743474e-09,2.01130030589908e-08,7.3781607436116e-11,4.33005100342964e-09,1.26676522272229e-08
2951209.22666633,2.41429801808593e-08,6.31387641749064e-09,2.00979477675443e-08,7.37264430096695e-11,4.32680980768955e-09,1.265817004334e-08
3019951.72040196,2.41240858944079e-08,6.31387641754918e-09,2.00822191215785e-08,7.36688113809993e-11,4.3234236480471e-09,1.26482637646205e-08
3090295.43251353,2.41043486156392e-08,6.31387641761047e-09,2.0065788722321e-08,7.36086085006063e-11,4.31988641063987e-09,1.26379155048357e-08
3162277.66016832,2.40837329824705e-08,6.31387641767465e-09,2.00486271324239e-08,7.35457265142442e-11,4.31619175801455e-09,1.26271067236375e-08
3235936.56929622,2.40622023574834e-08,6.31387641774186e-09,2.00307038528798e-08,7.34800536784464e-11,4.31233312415728e-09,1.26158182120191e-08
3311311.21482584,2.4039718801383e-08,6.31387641781223e-09,2.00119873009274e-08,7.34114742796237e-11,4.30830370973693e-09,1.26040300783995e-08
3388441.56139196,2.40162430478767e-08,6.31387641788593e-09,1.99924447891394e-08,7.33398685575202e-11,4.3040964776031e-09,1.25917217354524e-08
3467368.50452525,2.39917344802242e-08,6.31387641796309e-09,1.99720425059012e-08,7.32651126338016e-11,4.29970414858347e-09,1.25788718878116e-08
3548133.89233568,2.39661511097286e-08,6.31387641804389e-09,1.99507454975063e-08,7.31870784465156e-11,4.29511919762908e-09,1.25654585207937e-08
3630780.54770094,2.39394495564619e-08,6.3138764181285e-09,1.992851765211e-08,7.31056336914059e-11,4.29033385035994e-09,1.25514588902924e-08
3715352.29097165,2.39115850325358e-08,6.3138764182171e-09,1.99053216858045e-08,7.30206417710113e-11,4.28534008006704e-09,1.25368495140077e-08
3801893.96320554,2.38825113282566e-08,6.31387641830986e-09,1.98811191310924e-08,7.29319617525637e-11,4.28012960523096e-09,1.25216061641867e-08
3890451.44994273,2.38521808015208e-08,6.31387641840701e-09,1.98558703280594e-08,7.28394483357265e-11,4.2746938876214e-09,1.25057038620633e-08
3981071.70553489,2.38205443708322e-08,6.31387641850873e-09,1.98295344185615e-08,7.27429518314982e-11,4.26902413104583e-09,1.2489116874198e-08
4073802.77804105,2.37875515123467e-08,6.31387641861525e-09,1.98020693437646e-08,7.26423181533227e-11,4.26311128081977e-09,1.24718187109277e-08
4168693.83470327,2.37531502613699e-08,6.31387641872678e-09,1.97734318453914e-08,7.25373888217975e-11,4.25694602403524e-09,1.24537821271513e-08
4265795.18801584,2.37172872187579e-08,6.31387641884357e-09,1.97435774710498e-08,7.24280009844225e-11,4.25051879070782e-09,1.24349791256852e-08
4365158.32240157,2.36799075626909e-08,6.31387641896587e-09,1.97124605840336e-08,7.23139874516548e-11,4.24381975588674e-09,1.24153809634369e-08
4466835.92150954,2.36409550663121e-08,6.31387641909393e-09,1.96800343780067e-08,7.21951767509388e-11,4.23683884281608e-09,1.23949581606524e-08
4570881.89614866,2.36003721217421e-08,6.31387641922803e-09,1.96462508969931e-08,7.20713932001805e-11,4.22956572723838e-09,1.23736805135073e-08
4677351.41287189,2.35580997709949e-08,6.31387641936844e-09,1.96110610611142e-08,7.19424570022499e-11,4.22198984293549e-09,1.23515171103161e-08
4786300.92322629,2.351407774434e-08,6.31387641951547e-09,1.95744146985224e-08,7.18081843622594e-11,4.21410038860349e-09,1.23284363516452e-08
4897788.19368436,2.34682445066626e-08,6.31387641966943e-09,1.95362605839947e-08,7.1668387629234e-11,4.20588633616131e-09,1.23044059746198e-08
5011872.33627262,2.3420537312386e-08,6.31387641983065e-09,1.94965464846529e-08,7.15228754639279e-11,4.19733644059367e-09,1.22793930817197e-08
5128613.83991355,2.33708922695235e-08,6.31387641999947e-09,1.94552192132835e-08,7.13714530344901e-11,4.18843925143014e-09,1.22533641743616e-08
5248074.60249762,2.33192444134252e-08,6.31387642017624e-09,1.94122246897295e-08,7.12139222417112e-11,4.17918312596188e-09,1.22262851915646e-08
5370317.96370242,2.32655277907838e-08,6.31387642036134e-09,1.93675080108206e-08,7.10500819756134e-11,4.1695562442967e-09,1.21981215539946e-08
5495408.73857613,2.32096755544467e-08,6.31387642055517e-09,1.93210135293005e-08,7.08797284050115e-11,4.15954662635102e-09,1.21688382136742e-08
5623413.25190338,2.31516200695683e-08,6.31387642075813e-09,1.92726849421938e-08,7.0702655301664e-11,4.14914215087399e-09,1.21383997096383e-08
5754399.37337145,2.30912930316069e-08,6.31387642097066e-09,1.9222465389033e-08,7.05186544005877e-11,4.13833057659446e-09,1.21067702298e-08
5888436.55355577,2.30286255966384e-08,6.3138764211932e-09,1.91702975603389e-08,7.03275157979776e-11,4.12709956557528e-09,1.20739136792741e-08
6025595.86074345,2.29635485244156e-08,6.31387642142623e-09,1.91161238167113e-08,7.01290283879897e-11,4.11543670885184e-09,1.20397937553832e-08
6165950.0186147,2.28959923345491e-08,6.31387642167025e-09,1.90598863188422e-08,6.99229803396056e-11,4.10332955442218e-09,1.20043740295431e-08
6309573.4448018,2.2825887476122e-08,6.31387642192576e-09,1.90015271687126e-08,6.97091596144856e-11,4.09076563764467e-09,1.19676180361922e-08
6456542.29034642,2.27531645109784e-08,6.31387642219332e-09,1.89409885621719e-08,6.94873545265112e-11,4.07773251408626e-09,1.19294893688893e-08
6606934.48007582,2.26777543108377e-08,6.31387642247348e-09,1.88782129530269e-08,6.92573543435957e-11,4.06421779484851e-09,1.18899517836612e-08
6760829.75391968,2.25995882682919e-08,6.31387642276685e-09,1.88131432286875e-08,6.90189499317663e-11,4.05020918438175e-09,1.1848969309628e-08
6918309.70918922,2.25185985216326e-08,6.31387642307404e-09,1.87457228973247e-08,6.87719344415808e-11,4.03569452077762e-09,1.18065063668806e-08
7079457.84384123,2.24347181933331e-08,6.31387642339571e-09,1.86758962863968e-08,6.85161040360398e-11,4.0206618185089e-09,1.17625278915161e-08
7244359.60074975,2.23478816418768e-08,6.31387642373255e-09,1.8603608752285e-08,6.82512586593988e-11,4.00509931356127e-09,1.17169994676726e-08
7413102.41300902,2.22580247264809e-08,6.31387642408525e-09,1.85288069006642e-08,6.79772028452234e-11,3.98899551087599e-09,1.16698874663228e-08
7585775.75029168,2.2165085084105e-08,6.31387642445458e-09,1.84514388170997e-08,6.7693746561947e-11,3.97233923399429e-09,1.16211591905104e-08
7762471.16628676,2.20690024179695e-08,6.31387642484132e-09,1.83714543072266e-08,6.74007060935802e-11,3.95511967676455e-09,1.15707830266199e-08
7943282.34724265,2.19697187966346e-08,6.31387642524628e-09,1.82888051457189e-08,6.70979049526196e-11,3.93732645694199e-09,1.15187286011843e-08
8128305.16164082,2.18671789625061e-08,6.31387642567032e-09,1.82034453331072e-08,6.67851748217152e-11,3.91894967147792e-09,1.14649669426341e-08
8317637.71102654,2.17613306484474e-08,6.31387642611435e-09,1.8115331359344e-08,6.64623565200771e-11,3.89997995326168e-09,1.14094706472977e-08
8511380.38202359,2.16521249009862e-08,6.31387642657931e-09,1.80244224728583e-08,6.61293009899858e-11,3.88040852904448e-09,1.13522140488583e-08
8709635.89956062,2.15395164084095e-08,6.31387642706618e-09,1.79306809536807e-08,6.57858702982573e-11,3.86022727823926e-09,1.12931733903744e-08
8912509.38133727,2.1423463831854e-08,6.313876427576e-09,1.78340723890606e-08,6.54319386467398e-11,3.83942879225744e-09,1.12323269978704e-08
9120108.3935589,2.13039301373089e-08,6.31387642810984e-09,1.77345659498443e-08,6.50673933857154e-11,3.81800643400916e-09,1.11696554544061e-08
9332543.00796971,2.11808829262773e-08,6.31387642866884e-09,1.7632134665735e-08,6.46921360230632e-11,3.7959543971631e-09,1.1105141773442e-08
9549925.86021416,2.10542947626725e-08,6.31387642925419e-09,1.752675569742e-08,6.43060832220448e-11,3.77326776473152e-09,1.10387715702316e-08
9772372.2095579,2.09241434933807e-08,6.31387642986712e-09,1.74184106034244e-08,6.39091677796306e-11,3.74994256652029e-09,1.09705332298922e-08
9999999.99999979,2.07904125597921e-08,6.31387643050895e-09,1.73070855994471e-08,6.35013395773382e-11,3.72597583496026e-09,1.09004180707409e-08
10232929.9228073,2.06530912974986e-08,6.31387643118101e-09,1.71927718078452e-08,6.30825664959028e-11,3.70136565881788e-09,1.08284205014262e-08
10471285.4805088,2.05121752212787e-08,6.31387643188475e-09,1.70754654948713e-08,6.26528352850393e-11,3.67611123426908e-09,1.07545381703451e-08
10715193.0523758,2.03676662924455e-08,6.31387643262166e-09,1.69551682932292e-08,6.22121523793629e-11,3.65021291281232e-09,1.06787721058148e-08
10964781.9614316,2.02195731656241e-08,6.3138764333933e-09,1.68318874075044e-08,6.17605446515321e-11,3.62367224549511e-09,1.06011268454572e-08
11220184.5430194,2.00679114120514e-08,6.3138764342013e-09,1.67056358000514e-08,6.12980600937184e-11,3.59649202293285e-09,1.05216105532751e-08
11481536.2149686,1.99127037165575e-08,6.31387643504739e-09,1.6576432354972e-08,6.08247684187326e-11,3.56867631061111e-09,1.04402351229305e-08
11748975.549395,1.97539800455011e-08,6.31387643593335e-09,1.64443020179136e-08,6.03407615725035e-11,3.5402304789823e-09,1.03570162657917e-08
12022644.3461739,1.95917777830786e-08,6.31387643686106e-09,1.6309275909541e-08,5.98461541500481e-11,3.51116122789455e-09,1.02719735824018e-08
12302687.7081235,1.94261418336294e-08,6.31387643783249e-09,1.61713914107005e-08,5.93410837076139e-11,3.48147660492634e-09,1.0185130616116e-08
12589254.1179414,1.92571246877905e-08,6.31387643884971e-09,1.60306922174907e-08,5.88257109645307e-11,3.45118601724256e-09,1.00965148877874e-08
12882495.5169311,1.90847864506409e-08,6.31387643991486e-09,1.58872283646917e-08,5.8300219889002e-11,3.42030023663837e-09,1.00061579105227e-08
13182567.3855638,1.89091948302886e-08,6.31387644103022e-09,1.5741056216264e-08,5.77648176632021e-11,3.3888313974939e-09,9.91409518369836e-09
13489628.8259162,1.87304250857104e-08,6.31387644219814e-09,1.55922384219276e-08,5.72197345240246e-11,3.35679298742617e-09,9.82036616561316e-09
13803842.6460286,1.85485599330353e-08,6.3138764434211e-09,1.54408438391474e-08,5.66652234769362e-11,3.32419983049372e-09,9.72501422435255e-09
14125375.4462272,1.83636894098746e-08,6.31387644470171e-09,1.52869474201935e-08,5.61015598818914e-11,3.29106806288227e-09,9.62808656665677e-09
14454397.707459,1.81759106977274e-08,6.31387644604266e-09,1.51306300643021e-08,5.5529040911183e-11,3.25741510107696e-09,9.529634144808e-09
14791083.8816817,1.79853279029315e-08,6.31387644744681e-09,1.49719784353271e-08,5.49479848808797e-11,3.22325960260529e-09,9.42971154178304e-09
15135612.4843617,1.77920517970773e-08,6.31387644891713e-09,1.48110847456461e-08,5.43587304585097e-11,3.18862141951503e-09,9.32837683515209e-09
15488166.1891245,1.75961995182422e-08,6.31387645045675e-09,1.46480465074515e-08,5.37616357511656e-11,3.15352154483073e-09,9.22569144043605e-09
15848931.9246108,1.73978942348399e-08,6.31387645206893e-09,1.448296625292e-08,5.31570772795375e-11,3.11798205231e-09,9.12171993486235e-09
16218100.9735889,1.71972647742895e-08,6.31387645375709e-09,1.43159512250964e-08,5.25454488446196e-11,3.08202602989514e-09,9.0165298626764e-09
16595869.0743752,1.6994445219104e-08,6.31387645552481e-09,1.41471130416554e-08,5.19271602949062e-11,3.04567750732567e-09,8.91019152337046e-09
16982436.5246171,1.678957447335e-08,6.31387645737584e-09,1.39765673339991e-08,5.13026362032979e-11,3.00896137844097e-09,8.80277774437854e-09
17378008.2874934,1.65827958027529e-08,6.31387645931411e-09,1.38044333644142e-08,5.0672314463489e-11,2.97190331875971e-09,8.69436363995325e-09
17782794.1003888,1.63742563519919e-08,6.31387646134372e-09,1.36308336242428e-08,5.00366448168051e-11,2.93452969897136e-09,8.58502635808359e-09
18197008.5860994,1.61641066429568e-08,6.31387646346899e-09,1.34558934162033e-08,4.9396087320957e-11,2.89686749501583e-09,8.47484481743096e-09
18620871.3666283,1.59525000579099e-08,6.31387646569441e-09,1.32797404241457e-08,4.87511107727224e-11,2.85894419545765e-09,8.36389943635058e-09
19054607.179632,1.57395923116112e-08,6.31387646802472e-09,1.31025042736197e-08,4.81021910969865e-11,2.82078770688243e-09,8.25227185612679e-09
19498445.99758,1.55255409165288e-08,6.31387647046485e-09,1.29243160866863e-08,4.74498097146804e-11,2.78242625805395e-09,8.14004466058275e-09
19952623.1496884,1.53105046452588e-08,6.31387647301999e-09,1.27453080344066e-08,4.67944519022588e-11,2.74388830357111e-09,8.02730109422692e-09
20417379.4466949,1.50946429942275e-08,6.31387647569554e-09,1.25656128903979e-08,4.61366051550811e-11,2.70520242775489e-09,7.91412478107225e-09
20892961.3085399,1.48781156526472e-08,6.31387647849719e-09,1.23853635887627e-08,4.54767575668605e-11,2.6663972494765e-09,7.80059944620927e-09
21379620.8950218,1.46610819805394e-08,6.31387648143087e-09,1.22046927895676e-08,4.48153962368141e-11,2.62750132861097e-09,7.68680864213386e-09
21877616.2394951,1.44437004994451e-08,6.31387648450281e-09,1.20237324548809e-08,4.41530057155574e-11,2.58854307476405e-09,7.57283548172616e-09
22387211.3856829,1.42261283991962e-08,6.31387648771954e-09,1.18426134381837e-08,4.34900665000389e-11,2.54955065887791e-09,7.45876237965118e-09
22908676.5276772,1.40085210638549e-08,6.31387649108786e-09,1.1661465089734e-08,4.28270535869939e-11,2.51055192827169e-09,7.34467080380824e-09
23442288.1531987,1.37910316196167e-08,6.31387649461492e-09,1.14804148802176e-08,4.21644350934606e-11,2.47157432561862e-09,7.23064103829682e-09
23988329.1901944,1.35738105071543e-08,6.31387649830821e-09,1.12995880447427e-08,4.15026709519035e-11,2.43264481230305e-09,7.11675195919605e-09
24547089.1568498,1.33570050805314e-08,6.31387650217556e-09,1.11191072489538e-08,4.0842211686464e-11,2.39378979653942e-09,7.00308082427522e-09
25118864.3150952,1.31407592344672e-08,6.31387650622517e-09,1.09390922787468e-08,4.01834972757311e-11,2.35503506657208e-09,6.88970307756873e-09
25703957.8276881,1.2925213061377e-08,6.31387651046564e-09,1.07596597547695e-08,3.95269561064442e-11,2.31640572921141e-09,6.77669216956188e-09
26302679.9189532,1.27105025392571e-08,6.31387651490595e-09,1.05809228726008e-08,3.8873004021313e-11,2.27792615389782e-09,6.66411939354936e-09
26915348.0392686,1.24967592511418e-08,6.31387651955552e-09,1.04029911692108e-08,3.82220434632391e-11,2.23961992242395e-09,6.55205373854623e-09
27542287.033381,1.22841101365226e-08,6.31387652442422e-09,1.02259703160282e-08,3.75744627171051e-11,2.2015097843849e-09,6.44056175895686e-09
28183829.3126439,1.20726772748037e-08,6.31387652952239e-09,1.00499619386773e-08,3.69306352493125e-11,2.16361761837014e-09,6.32970746104092e-09
28840315.0312654,1.18625777005737e-08,6.31387653486081e-09,9.87506346319974e-09,3.62909191445053e-11,2.12596439885709e-09,6.21955220606e-09
29512092.2666632,1.1653923250196e-08,6.31387654045083e-09,9.7013679883475e-09,3.56556566378213e-11,2.08857016871769e-09,6.11015462984503e-09
30199517.2040195,1.14468204389748e-08,6.3138765463043e-09,9.52896418332974e-09,3.50251737405212e-11,2.05145401720467e-09,6.00157057839449e-09
30902954.3251352,1.12413703679325e-08,6.31387655243364e-09,9.35793621020849e-09,3.43997799559772e-11,2.01463406324436e-09,5.89385305899743e-09
31622776.6016831,1.10376686590376e-08,6.31387655885184e-09,9.18836366997954e-09,3.37797680825083e-11,1.97812744382873e-09,5.78705220627395e-09
32359365.6929621,1.08358054175631e-08,6.31387656557252e-09,9.02032157123683e-09,3.31654140990295e-11,1.94195030726922e-09,5.68121526243927e-09
33113112.1482584,1.06358652201116e-08,6.31387657260994e-09,8.85388032020431e-09,3.25569771290338e-11,1.90611781105076e-09,5.57638657102556e-09
33884415.6139195,1.04379271267399e-08,6.31387657997902e-09,8.68910573082872e-09,3.19546994781508e-11,1.87064412400458e-09,5.4726075832386e-09
34673685.0452524,1.02420647155278e-08,6.3138765876954e-09,8.52605905355707e-09,3.13588067401662e-11,1.83554243250364e-09,5.36991687608255e-09
35481338.9233568,1.00483461378828e-08,6.31387659577544e-09,8.36479702137481e-09,3.07695079663999e-11,1.80082495037398e-09,5.26835018135587e-09
36307805.4770093,9.85683419283259e-09,6.31387660423627e-09,8.20537191165153e-09,3.01869958929578e-11,1.76650293220926e-09,5.16794042460328e-09
37153522.9097164,9.66758641854984e-09,6.31387661309586e-09,8.04783162233066e-09,2.96114472206437e-11,1.73258668977334e-09,5.06871777310178e-09
38018939.6320553,9.48065519935445e-09,6.31387662237298e-09,7.89221976100443e-09,2.90430229420676e-11,1.69908561117688e-09,4.97070969196229e-09
38904514.4994272,9.29608788646758e-09,6.31387663208733e-09,7.73857574543609e-09,2.84818687107367e-11,1.66600818251839e-09,4.8739410074409e-09
39810717.0553488,9.11392693082756e-09,6.31387664225949e-09,7.58693491412316e-09,2.79281152469678e-11,1.63336201168697e-09,4.77843397657427e-09
40738027.7804104,8.93421002633178e-09,6.31387665291105e-09,7.4373286455399e-09,2.73818787755851e-11,1.60115385403355e-09,4.68420836228143e-09
41686938.3470326,8.75697026193154e-09,6.31387666406461e-09,7.2897844847494e-09,2.6843261490672e-11,1.56938963962872e-09,4.59128151310707e-09
42657951.8801583,8.58223628107955e-09,6.31387667574382e-09,7.14432627613657e-09,2.63123520427216e-11,1.53807450183832e-09,4.49966844682001e-09
43651583.2240156,8.4100324471096e-09,6.31387668797345e-09,7.00097430107915e-09,2.57892260439144e-11,1.5072128069621e-09,4.40938193712169e-09
44668359.2150953,8.24037901321269e-09,6.31387670077944e-09,6.85974541944537e-09,2.52739465873855e-11,1.47680818469618e-09,4.32043260276477e-09
45708818.9614865,8.07329229576331e-09,6.31387671418897e-09,6.72065321388016e-09,2.47665647767395e-11,1.4468635591959e-09,4.23282899842808e-09
46773514.1287188,7.90878484984023e-09,6.31387672823046e-09,6.5837081359184e-09,2.4267120262231e-11,1.41738118053197e-09,4.14657770674228e-09
47863009.2322628,7.74686564587879e-09,6.31387674293371e-09,6.44891765304005e-09,2.37756417803822e-11,1.38836265634941e-09,4.06168343090864e-09
48977881.9368435,7.58754024648344e-09,6.31387675832991e-09,6.31628639585856e-09,2.32921476940986e-11,1.35980898355517e-09,3.97814908740189e-09
50118723.3627261,7.43081098251996e-09,6.3138767744517e-09,6.18581630470984e-09,2.28166465305496e-11,1.33172057987668e-09,3.89597589829547e-09
51286138.3991353,7.27667712769583e-09,6.31387679133329e-09,6.05750677498251e-09,2.23491375144268e-11,1.3040973151495e-09,3.815163482794e-09
52480746.0249761,7.12513507092281e-09,6.31387680901048e-09,5.93135480060207e-09,2.18896110944171e-11,1.27693854220741e-09,3.73570994760305e-09
53703179.6370241,6.97617848583852e-09,6.31387682752078e-09,5.80735511514995e-09,2.14380494609804e-11,1.25024312726344e-09,3.65761197580932e-09
54954087.3857612,6.8297984969424e-09,6.31387684690344e-09,5.6855003301643e-09,2.09944270537779e-11,1.22400947968407e-09,3.5808649139858e-09
56234132.5190336,6.685983841876e-09,6.31387686719957e-09,5.56578107023099e-09,2.05587110573e-11,1.19823558107248e-09,3.50546285727532e-09
57543993.7337144,6.54472102944757e-09,6.31387688845224e-09,5.44818610453204e-09,2.01308618834901e-11,1.17291901358912e-09,3.43139873224291e-09
58884365.5355576,6.40599449306622e-09,6.3138769107065e-09,5.33270247457262e-09,1.9710833640328e-11,1.1480569874495e-09,3.35866437732135e-09
60255958.6074344,6.26978673931192e-09,6.31387693400958e-09,5.21931561785895e-09,1.92985745855338e-11,1.1236463675504e-09,3.28725062070646e-09
61659500.1861468,6.13607849142334e-09,6.3138769584109e-09,5.10800948734548e-09,1.88940275647255e-11,1.09968369918516e-09,3.2171473555878e-09
63095734.4480179,6.0048488275371e-09,6.31387698396222e-09,4.99876666651282e-09,1.84971304335343e-11,1.07616523281836e-09,3.14834361262756e-09
64565422.9034641,5.87607531355866e-09,6.31387701071774e-09,4.89156847997684e-09,1.81078164632899e-11,1.05308694789844e-09,3.08082762962477e-09
66069344.8007581,5.7497341305876e-09,6.3138770387342e-09,4.78639509956449e-09,1.77260147300426e-11,1.03044457569436e-09,3.01458691832444e-09
67608297.5391967,5.62580019685795e-09,6.31387706807104e-09,4.6832256458236e-09,1.73516504868014e-11,1.00823362114923e-09,2.94960832835086e-09
69183097.0918921,5.50424728418831e-09,6.31387709879048e-09,4.58203828496245e-09,1.69846455189785e-11,9.86449383750083e-10,2.88587810826244e-09
70794578.4384122,5.3850481289668e-09,6.31387713095768e-09,4.4828103212397e-09,1.66249184830872e-11,9.65086977418134e-10,2.82338196374119e-09
72443596.0074974,5.26817453772228e-09,6.31387716464088e-09,4.38551828484771e-09,1.62723852288744e-11,9.4414134942884e-10,2.76210511294364e-09
74131024.1300901,5.15359748735621e-09,6.31387719991152e-09,4.29013801535108e-09,1.59269591050951e-11,9.2360729837507e-10,2.70203233905253e-09
75857757.5029167,5.04128722013002e-09,6.3138772368444e-09,4.19664474075934e-09,1.55885512492114e-11,9.03479491190357e-10,2.64314804007865e-09
77624711.6628674,4.93121333351922e-09,6.31387727551789e-09,4.10501315232648e-09,1.52570708613713e-11,8.83752479252198e-10,2.58543627597136e-09
79432823.4724264,4.82334486506029e-09,6.31387731601399e-09,4.01521747518218e-09,1.49324254630152e-11,8.64420713587978e-10,2.52888081310388e-09
81283051.6164081,4.71765037232793e-09,6.31387735841862e-09,3.92723153490925e-09,1.46145211405601e-11,8.45478559208183e-10,2.47346516620536e-09
83176377.1102652,4.61409800819016e-09,6.31387740282172e-09,3.84102882019014e-09,1.43032627745823e-11,8.26920308593311e-10,2.41917263781713e-09
85113803.8202357,4.51265559149588e-09,6.31387744931747e-09,3.75658254165119e-09,1.3998554254962e-11,8.0874019436223e-10,2.36598635535421e-09
87096358.9956061,4.41329067335575e-09,6.3138774980045e-09,3.67386568703839e-09,1.37002986825123e-11,7.90932401150761e-10,2.31388930585642e-09
89125093.8133725,4.31597059918079e-09,6.31387754898607e-09,3.59285107286184e-09,1.34083985575298e-11,7.73491076730005e-10,2.2628643685152e-09
91201083.9355889,4.22066256664629e-09,6.31387760237033e-09,3.51351139264802e-09,1.31227559558279e-11,7.56410342394393e-10,2.2128943450641e-09
93325430.079697,4.12733367974931e-09,6.31387765827052e-09,3.43581926194027e-09,1.28432726927253e-11,7.39684302649666e-10,2.16396198812118e-09
95499258.6021414,4.03595099912884e-09,6.31387771680519e-09,3.35974726018803e-09,1.25698504755075e-11,7.2330705423105e-10,2.11605002757182e-09
97723722.0955788,3.94648158881642e-09,6.31387777809852e-09,3.28526796966466e-09,1.23023910448784e-11,7.0727269448172e-10,2.06914119508013e-09
99999999.9999977,3.85889255958362e-09,6.31387784228052e-09,3.21235401155221e-09,1.20407963058828e-11,6.91575329121356e-10,2.02321824681601e-09
102329299.228073,3.77315110905012e-09,6.31387790948731e-09,3.14097807932968e-09,1.17849684488094e-11,6.76209079434168e-10,1.97826398448388e-09
104712854.805088,3.68922455871348e-09,6.31387797986147e-09,3.07111296959857e-09,1.15348100605445e-11,6.61168088905209e-10,1.93426127473732e-09
107151930.523758,3.60708038805763e-09,6.31387805355225e-09,3.00273161047667e-09,1.12902242268648e-11,6.46446529333172e-10,1.8911930670622e-09
109647819.614316,3.52668626589342e-09,6.31387813071598e-09,2.93580708768768e-09,1.10511146261083e-11,6.32038606447121e-10,1.84904241020858e-09
112201845.430194,3.44801007908031e-09,6.31387821151631e-09,2.8703126684707e-09,1.08173856146865e-11,6.17938565053865e-10,1.80779246724939e-09
114815362.149686,3.37101995877319e-09,6.31387829612464e-09,2.80622182342953e-09,1.05889423048673e-11,6.04140693741824e-10,1.76742652934176e-09
117489755.49395,3.29568430433399e-09,6.31387838472044e-09,2.74350824643801e-09,1.0365690635236e-11,5.90639329166361e-10,1.7279280282638e-09
120226443.461738,3.22197180504242e-09,6.31387847749163e-09,2.68214587271323e-09,1.01475374342511e-11,5.77428859940697e-10,1.68928054779758e-09
123026877.081235,3.14985145973513e-09,6.31387857463499e-09,2.62210889516423e-09,9.93439047726453e-12,5.64503730155567e-10,1.65146783402596e-09
125892541.179414,3.07929259449753e-09,6.31387867635657e-09,2.56337177911967e-09,9.72615853739874e-12,5.5185844254987e-10,1.61447380460838e-09
128824955.16931,3.01026487852713e-09,6.31387878287213e-09,2.50590927553331e-09,9.52275143061486e-12,5.39487561353637e-10,1.57828255709805e-09
131825673.855638,2.94273833828231e-09,6.31387889440762e-09,2.44969643276222e-09,9.32408005531877e-12,5.27385714823714e-10,1.54287837636011e-09
134896288.259162,2.87668337002506e-09,6.31387901119961e-09,2.39470860700806e-09,9.13005642684053e-12,5.15547597491621e-10,1.50824574114781e-09
138038426.460285,2.8120707508614e-09,6.31387913349583e-09,2.34092147150772e-09,8.94059370708157e-12,5.03967972142174e-10,1.47436932989104e-09
141253754.462272,2.74887164837812e-09,6.31387926155569e-09,2.28831102455548e-09,8.75560622962194e-12,4.92641671540541e-10,1.44123402574884e-09
144543977.074589,2.68705762896957e-09,6.31387939565081e-09,2.23685359643462e-09,8.57500952059356e-12,4.81563599924529e-10,1.40882492097511e-09
147910838.816817,2.62660066494355e-09,6.31387953606564e-09,2.18652585533283e-09,8.39872031554961e-12,4.70728734278077e-10,1.3771273206443e-09
151356124.843617,2.56747314049076e-09,6.31387968309801e-09,2.13730481231145e-09,8.22665657261399e-12,4.60132125401077e-10,1.34612674578113e-09
154881661.891244,2.50964785659778e-09,6.3138798370598e-09,2.08916782539532e-09,8.05873748213483e-12,4.49768898789856e-10,1.31580893593651e-09
158489319.246108,2.45309803497927e-09,6.31387999827757e-09,2.04209260284612e-09,7.89488347307527e-12,4.39634255341882e-10,1.28615985124916e-09
162181009.735889,2.39779732110072e-09,6.3138801670933e-09,1.99605720567868e-09,7.73501621636189e-12,4.29723471897496e-10,1.25716567403047e-09
165958690.743752,2.34371978635952e-09,6.31388034386505e-09,1.95104004947666e-09,7.57905862538935e-12,4.20031901630785e-10,1.22881280990801e-09
169824365.24617,2.29083992948772e-09,6.31388052896779e-09,1.90701990556018e-09,7.42693485388567e-12,4.10554974300983e-10,1.20108788856102e-09
173780082.874933,2.23913267723663e-09,6.31388072279414e-09,1.8639759015558e-09,7.27857029131951e-12,4.01288196375155e-10,1.1739777640793e-09
177827941.003888,2.1885733843996e-09,6.31388092575523e-09,1.82188752141541e-09,7.13389155603079e-12,3.92227151032283e-10,1.14746951497523e-09
181970085.860994,2.13913783322608e-09,6.31388113828157e-09,1.78073460492852e-09,6.99282648624829e-12,3.83367498058253e-10,1.12155044387648e-09
186208713.666282,2.09080223227687e-09,6.31388136082395e-09,1.7404973467692e-09,6.85530412916185e-12,3.74704973640686e-10,1.09620807692589e-09
190546071.79632,2.04354321476719e-09,6.31388159385442e-09,1.70115629511684e-09,6.72125472820545e-12,3.66235390072003e-10,1.07143016291268e-09
194984459.9758,1.99733783644168e-09,6.31388183786725e-09,1.66269234988711e-09,6.59060970868885e-12,3.57954635368573e-10,1.04720467215834e-09
199526231.496883,1.95216357302227e-09,6.31388209338004e-09,1.62508676060746e-09,6.46330166193526e-12,3.49858672813338e-10,1.02351979517855e-09
204173794.466948,1.90799831726751e-09,6.31388236093475e-09,1.58832112396911e-09,6.33926432805113e-12,3.41943540428795e-10,1.0003639411414e-09
208929613.085399,1.86482037567935e-09,6.3138826410989e-09,1.55237738108557e-09,6.21843257746555e-12,3.34205350386789e-10,9.77725736140716e-10
213796208.950218,1.82260846489103e-09,6.31388293446675e-09,1.51723781448573e-09,6.10074239137148e-12,3.26640288361166e-10,9.55594021302241e-10
218776162.39495,1.78134170776744e-09,6.31388324166058e-09,1.48288504486758e-09,5.98613084118346e-12,3.19244612828895e-10,9.33957850739085e-10
223872113.856829,1.74099962924745e-09,6.31388356333197e-09,1.44930202763708e-09,5.87453606714764e-12,3.12014654324938e-10,9.12806489371814e-10
229086765.276772,1.7015621519553e-09,6.31388390016323e-09,1.41647204925486e-09,5.76589725620936e-12,3.04946814655744e-10,8.92129410627531e-10
234422881.531987,1.66300959160672e-09,6.31388425286882e-09,1.38437872341202e-09,5.66015461926789e-12,2.98037566075945e-10,8.71916294031292e-10
239883291.901943,1.62532265223337e-09,6.31388462219687e-09,1.35300598705464e-09,5.55724936792033e-12,2.91283450432497e-10,8.52157022702275e-10
245470891.568497,1.58848242124762e-09,6.31388500893077e-09,1.32233809627545e-09,5.45712369081765e-12,2.8468107828021e-10,8.32841680766258e-10
251188643.150952,1.55247036436822e-09,6.31388541389083e-09,1.29235962208964e-09,5.35972072973684e-12,2.78227127972334e-10,8.1396055069512e-10
257039578.27688,1.5172683204257e-09,6.31388583793601e-09,1.26305544611057e-09,5.26498455548082e-12,2.71918344729609e-10,7.95504110583334e-10
263026799.189532,1.48285849606522e-09,6.31388628196576e-09,1.23441075614017e-09,5.17286014371176e-12,2.6575153969093e-10,7.77463031370675e-10
269153480.392685,1.44922346036318e-09,6.31388674692193e-09,1.20641104168743e-09,5.08329335082639e-12,2.59723588948542e-10,7.59828174019679e-10
275422870.33381,1.41634613937255e-09,6.31388723379073e-09,1.17904208942763e-09,4.99623088997433e-12,2.53831432570481e-10,7.42590586655784e-10
281838293.126438,1.38420981061099e-09,6.31388774360487e-09,1.15228997861395e-09,4.91162030732003e-12,2.4807207361275e-10,7.2574150167743e-10
288403150.312653,1.3527980975045e-09,6.31388827744572e-09,1.12614107645203e-09,4.82940995865632e-12,2.42442577123531e-10,7.09272332842884e-10
295120922.666631,1.32209496379856e-09,6.31388883644562e-09,1.10058203344752e-09,4.74954898645258e-12,2.36940069141568e-10,6.93174672339992e-10
301995172.040194,1.29208470794767e-09,6.31388942179026e-09,1.0755997787355e-09,4.67198729744769e-12,2.31561735690672e-10,6.77440287844593e-10
309029543.251351,1.26275195749317e-09,6.31389003472124e-09,1.05118151540038e-09,4.59667554086586e-12,2.26304821772141e-10,6.62061119572843e-10
316227766.01683,1.23408166343879e-09,6.31389067653863e-09,1.02731471579368e-09,4.52356508735178e-12,2.21166630356761e-10,6.47029277332292e-10
323593656.92962,1.2060590946322e-09,6.3138913486038e-09,1.00398711685695e-09,4.45260800870333e-12,2.16144521377882e-10,6.32337037576126e-10
331131121.482583,1.1786698321603e-09,6.31389205234228e-09,9.81186715456101e-10,4.38375705848029e-12,2.1123591072697e-10,6.17976840464642e-10
338844156.139194,1.15189976376543e-09,6.31389278924676e-09,9.58901763733072e-10,4.31696565356586e-12,2.06438269252884e-10,6.03941286937635e-10
346736850.452523,1.12573507828875e-09,6.3138935608803e-09,9.3712076448022e-10,4.25218785674268e-12,2.01749121766049e-10,5.90223135801076e-10
354813389.233567,1.10016226014677e-09,6.3138943688796e-09,9.15832466542241e-10,4.18937836034741e-12,1.97166046048547e-10,5.76815300831152e-10
363078054.770092,1.07516808384624e-09,6.31389521495852e-09,8.95025860250069e-10,4.1284924710551e-12,1.92686671871106e-10,5.63710847898437e-10
371535229.097163,1.05073960854233e-09,6.31389610091166e-09,8.74690172890727e-10,4.06948609583932e-12,1.88308680017815e-10,5.50902992114707e-10
380189396.320552,1.0268641726442e-09,6.31389702861822e-09,8.5481486421675e-10,4.01231572914499e-12,1.84029801319372e-10,5.38385095004682e-10
389045144.994271,1.00352938847212e-09,6.31389800004596e-09,8.35389621998403e-10,3.95693844130146e-12,1.79847815695531e-10,5.26150661704719e-10
398107170.553487,9.80723136969378e-10,6.31389901725535e-09,8.1640435762159e-10,3.90331186819578e-12,1.75760551207397e-10,5.14193338190283e-10
407380277.804102,9.58433562472237e-10,6.31390008240399e-09,7.97849201734051e-10,3.85139420221611e-12,1.71765883120112e-10,5.02506908533831e-10
416869383.470325,9.36649067540642e-10,6.31390119775116e-09,7.79714499942123e-10,3.80114418446265e-12,1.67861732976427e-10,4.91085292194543e-10
426579518.801582,9.1535830785209e-10,6.3139023656626e-09,7.61990808560098e-10,3.75252109821873e-12,1.64046067681597e-10,4.79922541341185e-10
436515832.240155,8.94550187160811e-10,6.31390358861554e-09,7.44668890413948e-10,3.70548476366154e-12,1.6031689859998e-10,4.69012838209203e-10
446683592.150952,8.74213852324113e-10,6.31390486920398e-09,7.27739710700946e-10,3.65999553378102e-12,1.56672280663677e-10,4.58350492493031e-10
457088189.614864,8.54338688397459e-10,6.31390621014413e-09,7.1119443290652e-10,3.61601429147021e-12,1.53110311493476e-10,4.47929938774447e-10
467735141.287186,8.34914313799658e-10,6.31390761428023e-09,6.95024414779458e-10,3.57350244773637e-12,1.49629130532382e-10,4.37745733987671e-10
478630092.322626,8.15930575549268e-10,6.31390908459057e-09,6.7922120436641e-10,3.53242194097621e-12,1.4622691819189e-10,4.27792554921818e-10
489778819.368434,7.97377544573181e-10,6.31391062419375e-09,6.63776536106457e-10,3.49273523725126e-12,1.42901895011205e-10,4.18065195761185e-10
501187233.62726,7.79245511088094e-10,6.3139122363554e-09,6.48682326986372e-10,3.45440533148757e-12,1.39652320829524e-10,4.08558565663752e-10
512861383.991352,7.6152498005546e-10,6.31391392449501e-09,6.33930672757043e-10,3.41739574952228e-12,1.36476493971479e-10,3.99267686378219e-10
524807460.249759,7.44206666710326e-10,6.31391569219321e-09,6.19513844211394e-10,3.38167055091086e-12,1.33372750445828e-10,3.90187689899765e-10
537031796.370239,7.27281492164319e-10,6.31391754319941e-09,6.05424283524045e-10,3.34719433240386e-12,1.30339463157438e-10,3.81313816164701e-10
549540873.85761,7.10740579082918e-10,6.31391948143968e-09,5.91654600652804e-10,3.31393223200045e-12,1.2737504113257e-10,3.72641410784055e-10
562341325.190335,6.94575247437022e-10,6.31392151102512e-09,5.78197569802002e-10,3.28184993347939e-12,1.24477928757486e-10,3.64165922816125e-10
575439937.337142,6.78777010328712e-10,6.31392363626058e-09,5.65046125947599e-10,3.25091367131092e-12,1.21646605030354e-10,3.5588290257792e-10
588843655.355574,6.63337569891012e-10,6.31392586165378e-09,5.52193361423884e-10,3.22109023584862e-12,1.18879582826412e-10,3.47787999495405e-10
602559586.074342,6.48248813261336e-10,6.31392819192484e-09,5.39632522571518e-10,3.19234697870143e-12,1.16175408176335e-10,3.39876959992377e-10
616595001.861466,6.33502808628263e-10,6.31393063201635e-09,5.27357006446616e-10,3.16465181819068e-12,1.13532659557749e-10,3.32145625417791e-10
630957344.480177,6.1909180135117e-10,6.31393318710381e-09,5.1536035759048e-10,3.13797324479343e-12,1.10949947199797e-10,3.24589930011278e-10
645654229.034639,6.05008210152195e-10,6.31393586260662e-09,5.03636264859544e-10,3.11228032648389e-12,1.08425912400672e-10,3.17205898906595e-10
660693448.007579,5.91244623379958e-10,6.31393866419956e-09,4.92178558315052e-10,3.08754271388176e-12,1.05959226858008e-10,3.09989646172687e-10
676082975.391964,5.77793795344373e-10,6.31394159782485e-09,4.80981206171917e-10,3.06373064512773e-12,1.03548592012007e-10,3.02937372892036e-10
691830970.918918,5.64648642721882e-10,6.31394466970472e-09,4.70038311806196e-10,3.0408149504067e-12,1.01192738401197e-10,2.96045365275913e-10
707945784.38412,5.51802241030337e-10,6.31394788635463e-09,4.59344110820556e-10,3.01876705605033e-12,9.88904250306616e-11,2.89309992816169e-10
724435960.074971,5.39247821172793e-10,6.31395125459707e-09,4.48892968167088e-10,2.99755898815314e-12,9.66404387526249e-11,2.82727706473135e-10
741310241.300898,5.26978766049356e-10,6.31395478157603e-09,4.38679375326787e-10,2.9771633756458e-12,9.4441593659231e-11,2.7629503689922e-10
758577575.029164,5.14988607236263e-10,6.31395847477218e-09,4.2869794754499e-10,2.9575534527772e-12,9.22927304873729e-11,2.70008592697748e-10
776247116.628671,5.03271021731316e-10,6.31396234201867e-09,4.18943421122053e-10,2.93870306096022e-12,9.01927160354125e-11,2.63865058716586e-10
794328234.724261,4.91819828764768e-10,6.3139663915178e-09,4.09410650758513e-10,2.92058664995036e-12,8.81404425916309e-11,2.57861194376099e-10
812830516.164078,4.80628986674751e-10,6.31397063185838e-09,4.00094606953976e-10,2.90317927832709e-12,8.61348273742445e-11,2.51993832030922e-10
831763771.102649,4.696925898463e-10,6.31397507203396e-09,3.90990373458944e-10,2.88645661326002e-12,8.41748119828197e-11,2.46259875365104e-10
851138038.202354,4.5900486571304e-10,6.31397972146187e-09,3.82093144778811e-10,2.87039492954592e-12,8.22593618609164e-11,2.40656297820081e-10
870963589.956058,4.48560171820565e-10,6.31398459000325e-09,3.73398223729205e-10,2.85497110791101e-12,8.0387465769788e-11,2.35180141055008e-10
891250938.133722,4.38352992950539e-10,6.31398968798386e-09,3.64901019041882e-10,2.84016263257993e-12,7.85581352729637e-11,2.29828513438927e-10
912010839.355886,4.28377938304559e-10,6.31399502621609e-09,3.56597043020369e-10,2.82594758811623e-12,7.67704042315399e-11,2.24598588574259e-10
933254300.796966,4.18629738746775e-10,6.31400061602179e-09,3.48481909244516e-10,2.81230465554743e-12,7.50233283100028e-11,2.19487603851115e-10
954992586.021411,4.09103244104305e-10,6.31400646925631e-09,3.40551330323161e-10,2.79921310779238e-12,7.33159844924079e-11,2.14492859031899e-10
977237220.955785,3.99793420524451e-10,6.31401259833366e-09,3.32801115694074e-10,2.78665280441045e-12,7.1647470608739e-11,2.09611714865696e-10
999999999.999973,3.90695347887735e-10,6.31401901625278e-09,3.25227169470371e-10,2.77460418570099e-12,7.00169048712701e-11,2.04841591731926e-10
1023292992.28073,3.81804217275764e-10,6.31402573662514e-09,3.1782548833257e-10,2.76304826618015e-12,6.84234254207552e-11,2.00179968312745e-10
1047128548.05087,3.73115328492967e-10,6.31403277370357e-09,3.10592159465487e-10,2.75196662746807e-12,6.68661898822697e-11,1.95624380293689e-10
1071519305.23758,3.646240876412e-10,6.3140401424125e-09,3.03523358539147e-10,2.74134141062143e-12,6.5344374930529e-11,1.91172419092041e-10
1096478196.14316,3.56326004746278e-10,6.31404785837956e-09,2.96615347732915e-10,2.7311553079478e-12,6.38571758645111e-11,1.8682173061242e-10
1122018454.30193,3.48216691435448e-10,6.31405593796875e-09,2.89864473802036e-10,2.72139155433933e-12,6.24038061912097e-11,1.82570014029076e-10
1148153621.49685,3.40291858664869e-10,6.31406439831511e-09,2.832671661858e-10,2.71203391816638e-12,6.09834972183478e-11,1.78415020594411e-10
1174897554.9395,3.32547314496132e-10,6.31407325736102e-09,2.7681993515653e-10,2.70306669176969e-12,5.9595497655881e-11,1.74354552473206e-10
1202264434.61738,3.24978961920904e-10,6.31408253389429e-09,2.70519370008627e-10,2.6944746815923e-12,5.82390732261235e-11,1.70386461602079e-10
1230268770.81235,3.17582796732739e-10,6.31409224758791e-09,2.64362137286882e-10,2.68624319799059e-12,5.69135062823288e-11,1.66508648573677e-10
1258925411.79413,3.10354905445167e-10,6.3141024190418e-09,2.58344979053311e-10,2.6783580447645e-12,5.56180954355622e-11,1.6271906154513e-10
1288249551.6931,3.03291463255134e-10,6.31411306982646e-09,2.52464711191732e-10,2.67080550844594e-12,5.43521551897015e-11,1.59015695170276e-10
1318256738.55637,2.963887320509e-10,6.31412422252865e-09,2.46718221749366e-10,2.66357234738315e-12,5.31150155844045e-11,1.55396589555207e-10
1348962882.59162,2.89643058463516e-10,6.31413590079932e-09,2.41102469314697e-10,2.65664578065834e-12,5.19060218458863e-11,1.51859829236655e-10
1380384264.60285,2.83050871960995e-10,6.31414812940366e-09,2.35614481430881e-10,2.65001347687394e-12,5.07245340453476e-11,1.48403542182764e-10
1412537544.62272,2.76608682984324e-10,6.31416093427365e-09,2.30251353043985e-10,2.64366354284135e-12,4.95699267649022e-11,1.45025898815801e-10
1445439770.74589,2.70313081124466e-10,6.31417434256295e-09,2.25010244985338e-10,2.63758451220531e-12,4.84415887708485e-11,1.41725111056359e-10
1479108388.16817,2.64160733339512e-10,6.31418838270448e-09,2.19888382487314e-10,2.63176533403379e-12,4.73389226941371e-11,1.38499431388605e-10
1513561248.43617,2.58148382211164e-10,6.31420308447063e-09,2.14883053731844e-10,2.62619536140327e-12,4.62613447178865e-11,1.35347151946154e-10
1548816618.91244,2.52272844239724e-10,6.31421847903636e-09,2.09991608430991e-10,2.62086434000574e-12,4.52082842718005e-11,1.32266603618134e-10
1584893192.46107,2.46531008176814e-10,6.31423459904524e-09,2.05211456438924e-10,2.61576239680344e-12,4.41791837333447e-11,1.29256155175027e-10
1621810097.35889,2.40919833395016e-10,6.31425147867858e-09,2.00540066394628e-10,2.61088002875438e-12,4.31734981355417e-11,1.2631421241387e-10
1659586907.43752,2.3543634829368e-10,6.31426915372789e-09,1.95974964394719e-10,2.60620809163048e-12,4.2190694881246e-11,1.23439217322421e-10
1698243652.4617,2.3007764874012e-10,6.31428766167065e-09,1.91513732695723e-10,2.60173778894776e-12,4.12302534637622e-11,1.20629647261876e-10
1737800828.74933,2.24840896545477e-10,6.31430704174969e-09,1.87154008445195e-10,2.5974606610272e-12,4.02916651936739e-11,1.17884014167762e-10
1778279410.03887,2.1972331797449e-10,6.31432733505631e-09,1.82893482441082e-10,2.59336857420182e-12,3.93744329317501e-11,1.15200863768611e-10
1819700858.60993,2.14722202288471e-10,6.31434858461732e-09,1.78729897918713e-10,2.58945371018512e-12,3.84780708278018e-11,1.12578774822037e-10
1862087136.66282,2.09834900320768e-10,6.31437083548614e-09,1.74661049364834e-10,2.58570855561359e-12,3.76021040653604e-11,1.10016358367857e-10
1905460717.96319,2.05058823084029e-10,6.31439413483815e-09,1.70684781358117e-10,2.58212589177458e-12,3.67460686120548e-11,1.07512256997871e-10
1949844599.75799,2.00391440408582e-10,6.31441853207066e-09,1.66798987435561e-10,2.57869878452971e-12,3.59095109755633e-11,1.05065144141968e-10
1995262314.96882,1.95830279611252e-10,6.31444407890742e-09,1.63001608984243e-10,2.57542057444217e-12,3.50919879650227e-11,1.02673723370182e-10
2041737944.66947,1.91372924193977e-10,6.31447082950812e-09,1.59290634157854e-10,2.57228486711512e-12,3.42930664577748e-11,1.00336727710382e-10
2089296130.85398,1.87017012571562e-10,6.31449884058308e-09,1.55664096817509e-10,2.56928552374722e-12,3.35123231713358e-11,9.80529189812236e-11
2137962089.50217,1.82760236827959e-10,6.31452817151317e-09,1.52120075496282e-10,2.56641665190996e-12,3.27493444404754e-11,9.58210871400719e-11
2187761623.94949,1.78600341500424e-10,6.31455888447561e-09,1.48656692386957e-10,2.56367259655051e-12,3.20037259992948e-11,9.36400496455314e-11
2238721138.56828,1.74535122390976e-10,6.31459104457542e-09,1.45272112352504e-10,2.56104793122291e-12,3.12750727681945e-11,9.15086508342929e-11
2290867652.76771,1.70562425404541e-10,6.31462471998321e-09,1.4196454195876e-10,2.55853744954911e-12,3.05629986456244e-11,8.94257613119719e-11
2344228815.31986,1.66680145413208e-10,6.31465998207941e-09,1.3873222852885e-10,2.55613615691098e-12,2.98671263045137e-11,8.73902773576361e-11
2398832919.01942,1.6288622514602e-10,6.31469690560525e-09,1.35573459218859e-10,2.55383926237329e-12,2.9187086993276e-11,8.54011203417218e-11
2454708915.68496,1.59178654103743e-10,6.3147355688208e-09,1.32486560114295e-10,2.55164217083701e-12,2.85225203412905e-11,8.34572361570464e-11
2511886431.50951,1.55555467498061e-10,6.31477605367052e-09,1.29469895346887e-10,2.54954047542182e-12,2.78730741687602e-11,8.15575946626272e-11
2570395782.76879,1.52014745214666e-10,6.31481844595646e-09,1.26521866231266e-10,2.54752995007581e-12,2.72384043008513e-11,7.97011891400273e-11
2630267991.89531,1.48554610799704e-10,6.31486283551971e-09,1.23640910421086e-10,2.54560654241004e-12,2.66181743860191e-11,7.78870357619493e-11
2691534803.92684,1.45173230469076e-10,6.31490931643026e-09,1.20825501084178e-10,2.54376636675526e-12,2.60120557184276e-11,7.61141730728098e-11
2754228703.33809,1.41868812140078e-10,6.3149579871858e-09,1.1807414609628e-10,2.54200569743718e-12,2.54197270643733e-11,7.43816614810267e-11
2818382931.26437,1.38639604484888e-10,6.31500895091987e-09,1.15385387252969e-10,2.54032096226698e-12,2.48408744926234e-11,7.26885827627622e-11
2884031503.12652,1.35483896005419e-10,6.31506231561972e-09,1.12757799499364e-10,2.53870873624293e-12,2.4275191208582e-11,7.1034039576866e-11
2951209226.6663,1.3240001412906e-10,6.31511819435442e-09,1.10189990177218e-10,2.53716573545884e-12,2.37223773921998e-11,6.94171549907716e-11
3019951720.40193,1.29386324324844e-10,6.31517670551362e-09,1.07680598289015e-10,2.53568881121484e-12,2.31821400395434e-11,6.78370720171006e-11
3090295432.5135,1.26441229239583e-10,6.31523797305752e-09,1.05228293778679e-10,2.53427494432594e-12,2.26541928079432e-11,6.62929531607387e-11
3162277660.16829,1.23563167853533e-10,6.31530212677853e-09,1.02831776828546e-10,2.53292123962324e-12,2.213825586464e-11,6.47839799761484e-11
3235936569.29619,1.20750614655147e-10,6.31536930257521e-09,1.00489777172215e-10,2.53162492064302e-12,2.16340557388522e-11,6.33093526346913e-11
3311311214.82582,1.18002078834496e-10,6.31543964273896e-09,9.82010534229415e-11,2.53038332449832e-12,2.11413251771876e-11,6.18682895017365e-11
3388441561.39193,1.15316103494936e-10,6.3155132962542e-09,9.59643924172142e-11,2.52919389692806e-12,2.06598030023249e-11,6.04600267233363e-11
3467368504.52522,1.12691264882613e-10,6.31559041911255e-09,9.37786085731812e-11,2.52805418751819e-12,2.01892339748917e-11,5.90838178222555e-11
3548133892.33565,1.10126171633416e-10,6.31567117464166e-09,9.1642543263592e-11,2.52696184508968e-12,1.97293686584674e-11,5.77389333031449e-11
3630780547.70091,1.0761946403697e-10,6.31575573384947e-09,8.95550642029302e-11,2.52591461324792e-12,1.92799632876416e-11,5.64246602666546e-11
3715352290.97162,1.05169813317306e-10,6.31584427578456e-09,8.75150648484187e-11,2.5249103260882e-12,1.88407796390587e-11,5.51403020322864e-11
3801893963.2055,1.02775920929827e-10,6.31593698791321e-09,8.55214638145873e-11,2.52394690405196e-12,1.84115849053823e-11,5.38851777697895e-11
3890451449.94269,1.00436517874194e-10,6.31603406651419e-09,8.35732043010964e-11,2.52302234992837e-12,1.79921515721136e-11,5.26586221389079e-11
3981071705.53486,9.81503640227878e-11,6.31613571709189e-09,8.16692535335214e-11,2.52213474499609e-12,1.75822572972001e-11,5.14599849372917e-11
4073802778.04101,9.59162474643995e-11,6.31624215480872e-09,7.98086022168048e-11,2.52128224529981e-12,1.71816847933715e-11,5.02886307563898e-11
4168693834.70323,9.37329838627892e-11,6.31635360493767e-09,7.79902640010923e-11,2.52046307805648e-12,1.67902217131412e-11,4.91439386451426e-11
4265795188.0158,9.1599415829796e-11,6.31647030333599e-09,7.62132749596735e-11,2.51967553818607e-12,1.64076605364145e-11,4.80253017813022e-11
4365158322.40153,8.95144123126645e-11,6.3165924969408e-09,7.44766930787558e-11,2.51891798496166e-12,1.6033798460644e-11,4.69321271502048e-11
4466835921.5095,8.74768679952673e-11,6.31672044428788e-09,7.27795977588039e-11,2.51818883877407e-12,1.56684372934746e-11,4.58638352308315e-11
4570881896.14862,8.54857027129131e-11,6.31685441605453e-09,7.11210893271848e-11,2.51748657800598e-12,1.5311383347823e-11,4.48198596889897e-11
4677351412.87185,8.35398608804321e-11,6.31699469562761e-09,6.95002885618647e-11,2.51680973601058e-12,1.4962447339336e-11,4.37996470774571e-11
4786300923.22624,8.16383109332402e-11,6.31714157969806e-09,6.79163362259066e-11,2.5161568981903e-12,1.46214442861744e-11,4.28026565429298e-11
4897788193.68432,7.97800447810894e-11,6.31729537888285e-09,6.63683926125256e-11,2.51552669917057e-12,1.42881934110697e-11,4.18283595396222e-11
5011872336.27258,7.79640772742171e-11,6.31745641837594e-09,6.4855637100466e-11,2.51491782006427e-12,1.39625180456029e-11,4.08762395493677e-11
5128613839.9135,7.61894456816162e-11,6.31762503862924e-09,6.33772677194633e-11,2.51432898582226e-12,1.36442455366545e-11,3.99457918080736e-11
5248074602.49757,7.44552091811494e-11,6.3178015960652e-09,6.19325007255665e-11,2.51375896266559e-12,1.3333207154977e-11,3.9036523038387e-11
5370317963.70237,7.2760448361244e-11,6.31798646382229e-09,6.05205701860974e-11,2.51320655559496e-12,1.3029238005843e-11,3.81479511884311e-11
5495408738.57609,7.11042647339011e-11,6.31818003253493e-09,5.91407275740283e-11,2.51267060597333e-12,1.27321769417196e-11,3.72796051764753e-11
5623413251.90333,6.94857802587672e-11,6.31838271114948e-09,5.77922413715662e-11,2.51214998917739e-12,1.2441866476926e-11,3.64310246414033e-11
5754399373.3714,6.79041368780156e-11,6.31859492777778e-09,5.64743966827356e-11,2.51164361231377e-12,1.21581527042279e-11,3.56017596988505e-11
5888436553.55572,6.63584960617941e-11,6.31881713059008e-09,5.5186494854756e-11,2.51115041199614e-12,1.1880885213325e-11,3.47913707028806e-11
6025595860.7434,6.48480383639997e-11,6.31904978874898e-09,5.39278531080156e-11,2.51066935217903e-12,1.160991701119e-11,3.39994280130766e-11
6165950018.61464,6.33719629881464e-11,6.31929339338637e-09,5.26978041744476e-11,2.51019942204472e-12,1.13451044442152e-11,3.32255117669237e-11
6309573444.80175,6.19294873630979e-11,6.3195484586252e-09,5.14956959441179e-11,2.5097396339393e-12,1.10863071221287e-11,3.24692116573646e-11
6456542290.34637,6.05198467284414e-11,6.3198155226481e-09,5.03208911198396e-11,2.50928902135416e-12,1.08333878436368e-11,3.17301267154095e-11
6606934480.07577,5.91422937292844e-11,6.32009514881484e-09,4.91727668796331e-11,2.50884663694937e-12,1.05862125237569e-11,3.10078650976866e-11
6760829753.91962,5.77960980202609e-11,6.32038792683109e-09,4.80507145468535e-11,2.50841155061521e-12,1.03446501228002e-11,3.03020438788211e-11
6918309709.18916,5.64805458785387e-11,6.32069447397031e-09,4.69541392678133e-11,2.50798284756853e-12,1.01085725769682e-11,2.96122888485335e-11
7079457843.84117,5.51949398256225e-11,6.3210154363515e-09,4.58824596967294e-11,2.50755962648018e-12,9.87785473052659e-12,2.893823431335e-11
7244359600.74969,5.39385982577552e-11,6.32135149027508e-09,4.4835107687832e-11,2.50714099763044e-12,9.65237426952015e-12,2.82795229028202e-11
7413102413.00896,5.27108550847213e-11,6.32170334361937e-09,4.38115279944695e-11,2.50672608108883e-12,9.43201165699435e-12,2.76358053801408e-11
7585775750.29161,5.15110593768616e-11,6.32207173730059e-09,4.28111779750559e-11,2.50631400491507e-12,9.21665006968978e-12,2.70067404570842e-11
7762471166.28669,5.03385750201139e-11,6.32245744679873e-09,4.18335273057025e-11,2.50590390337804e-12,9.00617533617587e-12,2.63919946131353e-11
7943282347.24258,4.91927803788968e-11,6.3228612837526e-09,4.08780576993866e-11,2.50549491518933e-12,8.80047587639164e-12,2.57912419187407e-11
8128305161.64075,4.80730679666596e-11,6.3232840976266e-09,3.99442626315066e-11,2.50508618174841e-12,8.59944264256159e-12,2.52041638625765e-11
8317637711.02647,4.69788441239225e-11,6.32372677745258e-09,3.90316470716824e-11,2.50467684539613e-12,8.402969061456e-12,2.4630449182745e-11
8511380382.02351,4.59095287036392e-11,6.32419025364992e-09,3.8139727221659e-11,2.50426604767356e-12,8.21095097796518e-12,2.40697937018088e-11
8709635899.56055,4.48645547637144e-11,6.32467549992699e-09,3.72680302591764e-11,2.50385292758311e-12,8.02328659995819e-12,2.35219001655777e-11
8912509381.33719,4.38433682665139e-11,6.32518353526769e-09,3.64160940876717e-11,2.50343661984883e-12,7.83987644439721e-12,2.29864780855612e-11
9120108393.55883,4.28454277852091e-11,6.32571542600638e-09,3.5583467091683e-11,2.50301625317308e-12,7.66062328467926e-12,2.24632435850048e-11
9332543007.96963,4.18702042167996e-11,6.32627228799506e-09,3.47697078978263e-11,2.50259094848642e-12,7.48543209917794e-12,2.19519192484277e-11
9549925860.21408,4.09171805016635e-11,6.32685528886651e-09,3.3974385141221e-11,2.50215981718796e-12,7.31421002095804e-12,2.14522339745831e-11
9772372209.55782,3.9985851349486e-11,6.32746565039737e-09,3.31970772372432e-11,2.50172195937326e-12,7.14686628863705e-12,2.09639228327628e-11
9999999999.9997,3.9075722971422e-11,6.32810465097524e-09,3.24373721584852e-11,2.50127646204688e-12,6.98331219836783e-12,2.04867269223705e-11
10232929922.8072,3.81863128183512e-11,6.328773628174e-09,3.16948672168084e-11,2.50082239731684e-12,6.82346105691739e-12,2.00203932356901e-11
10471285480.5087,3.73171493250862e-11,6.32947398144167e-09,3.09691688503731e-11,2.50035882056822e-12,6.66722813581752e-12,1.95646745237745e-11
10715193052.3757,3.64677716604e-11,6.33020717490533e-09,3.02598924155374e-11,2.49988476861312e-12,6.51453062656338e-12,1.91193291653865e-11
10964781961.4315,3.56377294827385e-11,6.33097474029765e-09,2.95666619835147e-11,2.49939925781431e-12,6.36528759683673e-12,1.86841210389204e-11
11220184543.0193,3.48265827014913e-11,6.33177828000978e-09,2.88891101416871e-11,2.49890128218e-12,6.21941994773138e-12,1.82588193972383e-11
11481536214.9685,3.40339012436916e-11,6.33261947027555e-09,2.82268777994695e-11,2.49838981142702e-12,6.07685037195849e-12,1.78431987453526e-11
11748975549.3949,3.3259264826024e-11,6.33350006449185e-09,2.75796139986263e-11,2.49786378900996e-12,5.93750331301036e-12,1.74370387208929e-11
12022644346.1738,3.25022627320191e-11,6.33442189668036e-09,2.69469757279423e-11,2.49732213011381e-12,5.80130492526155e-12,1.70401239772915e-11
12302687708.1234,3.17624935943149e-11,6.335386885096e-09,2.63286277421519e-11,2.49676371960759e-12,5.66818303498694e-12,1.66522440696269e-11
12589254117.9413,3.10395651818732e-11,6.33639703598724e-09,2.57242423850353e-11,2.49618740995676e-12,5.53806710227675e-12,1.62731933430647e-11
12882495516.931,3.03330941920352e-11,6.33745444751393e-09,2.51334994165902e-11,2.49559201909211e-12,5.41088818382899e-12,1.59027708238371e-11
13182567385.5637,2.96427060473077e-11,6.33856131382811e-09,2.45560858441913e-11,2.49497632823302e-12,5.28657889660045e-12,1.55407801127027e-11
13489628825.9161,2.89680346967721e-11,6.33971992932357e-09,2.3991695757652e-11,2.49433907966297e-12,5.16507338229776e-12,1.51870292808305e-11
13803842646.0284,2.83087224220109e-11,6.3409326930598e-09,2.34400301681047e-11,2.49367897445554e-12,5.04630727269058e-12,1.48413307680529e-11
14125375446.2271,2.76644196474486e-11,6.34220211336627e-09,2.29007968506183e-11,2.49299467014899e-12,4.93021765572926e-12,1.45035012834348e-11
14454397707.4588,2.70347847550067e-11,6.34353081263283e-09,2.23737101904741e-11,2.49228477836787e-12,4.81674304245024e-12,1.41733617081038e-11
14791083881.6816,2.6419483902975e-11,6.34492153229219e-09,2.18584910330226e-11,2.4915478623902e-12,4.70582333465235e-12,1.38507370002929e-11
15135612484.3616,2.58181908490022e-11,6.3463771380005e-09,2.1354866537048e-11,2.49078243465898e-12,4.59739979332806e-12,1.35354561025431e-11
15488166189.1243,2.52305867771135e-11,6.34790062502173e-09,2.08625700315649e-11,2.48998695423701e-12,4.49141500783401e-12,1.32273518510183e-11
15848931924.6107,2.46563601286614e-11,6.34949512382217e-09,2.03813408759796e-11,2.48915982420422e-12,4.38781286578556e-12,1.29262608868837e-11
16218100973.5888,2.40952064371224e-11,6.3511639058805e-09,1.99109243235455e-11,2.48829938899692e-12,4.28653852366066e-12,1.26320235697008e-11
16595869074.3751,2.35468281666498e-11,6.35291038971953e-09,1.94510713880462e-11,2.487403931689e-12,4.18753837809866e-12,1.23444838927932e-11
16982436524.6169,2.30109345542992e-11,6.35473814716513e-09,1.90015387136425e-11,2.48647167121483e-12,4.09076003788012e-12,1.20634894005389e-11
17378008287.4932,2.24872414558407e-11,6.35665090983794e-09,1.85620884478197e-11,2.48550075953468e-12,3.99615229657419e-12,1.17888911075443e-11
17782794100.3887,2.19754711950779e-11,6.35865257588315e-09,1.81324881173746e-11,2.48448927874341e-12,3.90366510584038e-12,1.15205434196578e-11
18197008586.0993,2.14753524165931e-11,6.36074721694345e-09,1.77125105073839e-11,2.4834352381237e-12,3.81324954937208e-12,1.12583040567815e-11
18620871366.6281,2.09866199418396e-11,6.36293908537997e-09,1.73019335430956e-11,2.48233657114586e-12,3.7248578174696e-12,1.10020339774384e-11
19054607179.6319,2.05090146285069e-11,6.36523262174568e-09,1.69005401746895e-11,2.48119113241639e-12,3.63844318223061e-12,1.07515973050573e-11
19498445997.5799,2.00422832330821e-11,6.3676324625151e-09,1.65081182648521e-11,2.47999669457848e-12,3.55395997334674e-12,1.05068612559352e-11
19952623149.6882,1.95861782765355e-11,6.37014344807416e-09,1.6124460479115e-11,2.47875094516784e-12,3.47136355449493e-12,1.02676960688387e-11
20417379446.6947,1.91404579130593e-11,6.37277063097297e-09,1.57493641789059e-11,2.47745148342841e-12,3.39061030031289e-12,1.00339749362085e-11
20892961308.5398,1.87048858017889e-11,6.37551928444391e-09,1.53826313172643e-11,2.47609581709297e-12,3.31165757394819e-12,9.80557393692844e-12
21379620895.0217,1.82792309814397e-11,6.37839491118679e-09,1.50240683371742e-11,2.47468135913458e-12,3.2344637051708e-12,9.58237197062553e-12
21877616239.4949,1.78632677477922e-11,6.38140325242158e-09,1.46734860724696e-11,2.47320542449574e-12,3.15898796903946e-12,9.36425069346522e-12
22387211385.6827,1.74567755339604e-11,6.38455029720898e-09,1.43306996512676e-11,2.47166522680315e-12,3.08519056511232e-12,9.15109445540754e-12
22908676527.677,1.705953879338e-11,6.38784229203718e-09,1.39955284018877e-11,2.47005787507689e-12,3.01303259719271e-12,8.94279023889161e-12
23442288153.1985,1.66713468854548e-11,6.39128575067282e-09,1.36677957612157e-11,2.4683803704442e-12,2.94247605360122e-12,8.73922759891551e-12
23988329190.1942,1.62919939637994e-11,6.39488746427226e-09,1.33473291854717e-11,2.46662960286895e-12,2.87348378796555e-12,8.54029860447999e-12
24547089156.8495,1.59212788670204e-11,6.39865451174806e-09,1.30339600633453e-11,2.46480234790964e-12,2.80601950051969e-12,8.345897781365e-12
25118864315.095,1.55590050119762e-11,6.40259427038395e-09,1.27275236314584e-11,2.46289526351971e-12,2.74004771990447e-12,8.15592205620845e-12
25703957827.6879,1.52049802894613e-11,6.40671442668977e-09,1.24278588921208e-11,2.46090488690576e-12,2.67553378546152e-12,7.97027070185802e-12
26302679918.953,1.48590169622566e-11,6.41102298748578e-09,1.21348085333414e-11,2.45882763146079e-12,2.61244383001307e-12,7.78884528396649e-12
26915348039.2683,1.45209315654951e-11,6.4155282912039e-09,1.18482188510614e-11,2.45665978379115e-12,2.5507447631199e-12,7.61154960880286e-12
27542287033.3808,1.41905448092869e-11,6.42023901939062e-09,1.15679396735748e-11,2.45439750085783e-12,2.49040425481036e-12,7.43828967225116e-12
28183829312.6437,1.38676814835539e-11,6.4251642083943e-09,1.12938242881025e-11,2.45203680725438e-12,2.43139071977286e-12,7.26897360997013e-12
28840315031.2652,1.35521703650233e-11,6.43031326121629e-09,1.10257293694857e-11,2.44957359264604e-12,2.37367330200496e-12,7.10351164868731e-12
29512092266.6629,1.32438441263306e-11,6.43569595950252e-09,1.07635149109679e-11,2.44700360939622e-12,2.31722185991167e-12,6.94181605860173e-12
30199517204.0192,1.29425392471832e-11,6.44132247564901e-09,1.05070441570291e-11,2.44432247040912e-12,2.26200695184596e-12,6.78380110686996e-12
30902954325.1349,1.26480959275394e-11,6.44720338499085e-09,1.02561835382413e-11,2.44152564721895e-12,2.20799982208423e-12,6.62938301215083e-12
31622776601.6828,1.2360358002755e-11,6.45334967804073e-09,1.00108026081101e-11,2.43860846835899e-12,2.15517238722944e-12,6.47847990018482e-12
32359365692.9618,1.20791728606541e-11,6.45977277273883e-09,9.77077398186807e-12,2.4355661180455e-12,2.10349722303447e-12,6.33101176038449e-12
33113112148.2581,1.18043913604791e-11,6.46648452667146e-09,9.53597327718539e-12,2.43239363521426e-12,2.05294755163814e-12,6.186900403413e-12
33884415613.9192,1.15358677536791e-11,6.47349724921114e-09,9.30627905675932e-12,2.42908591294954e-12,2.00349722920589e-12,6.04606941972809e-12
34673685045.2521,1.12734596064929e-11,6.48082371352589e-09,9.08157277274613e-12,2.42563769834792e-12,1.95512073396703e-12,5.90844413906984e-12
35481338923.3565,1.10170277242873e-11,6.48847716839995e-09,8.86173871299465e-12,2.4220435928614e-12,1.90779315463985e-12,5.77395159087038e-12
36307805477.009,1.07664360776109e-11,6.49647134980283e-09,8.6466639490397e-12,2.41829805316668e-12,1.8614901792357e-12,5.64252046556483e-12
37153522909.7161,1.05215517299247e-11,6.50482049213728e-09,8.43623828581099e-12,2.41439539260974e-12,1.81618808423238e-12,5.51408107678284e-12
38018939632.0549,1.02822447669711e-11,6.51353933909068e-09,8.23035421301028e-12,2.41032978327646e-12,1.77186372410663e-12,5.38856532440071e-12
38904514499.4268,1.00483882277461e-11,6.52264315400789e-09,8.0289068581065e-12,2.40609525874237e-12,1.72849452121503e-12,5.2659066584345e-12
39810717055.3485,9.81985803703753e-12,6.53214772969636e-09,7.83179394089499e-12,2.40168571755598e-12,1.68605845601164e-12,5.14604004375504e-12
40738027780.41,9.59653293949466e-12,6.54206939756755e-09,7.63891572956316e-12,2.39709492751153e-12,1.64453405758993e-12,5.02890192560601e-12
41686938347.0322,9.37829443519639e-12,6.55242503601113e-09,7.45017499820072e-12,2.39231653076815e-12,1.60390039453575e-12,4.91443019590695e-12
42657951880.1579,9.16502671668345e-12,6.56323207789074e-09,7.26547698568784e-12,2.38734404987307e-12,1.56413706607692e-12,4.80256416032329e-12
43651583224.0152,8.95661660742345e-12,6.57450851704242e-09,7.08472935588998e-12,2.38217089474665e-12,1.5252241935142e-12,4.69324450608588e-12
44668359215.0949,8.75295350167708e-12,6.5862729136488e-09,6.90784215908237e-12,2.37679037068688e-12,1.48714241191694e-12,4.58641327054303e-12
45708818961.4861,8.55392930573519e-12,6.59854439835397e-09,6.73472779452202e-12,2.37119568745008e-12,1.4498728620658e-12,4.48201381042842e-12
46773514128.7184,8.3594383804971e-12,6.61134267497606e-09,6.5653009740789e-12,2.36537996946289e-12,1.41339718262353e-12,4.37999077182843e-12
47863009232.2623,8.16937748536135e-12,6.62468802166624e-09,6.39947868683193e-12,2.35933626721874e-12,1.37769750251341e-12,4.28029006083318e-12
48977881936.8431,7.98364572340094e-12,6.63860129035504e-09,6.23718016452927e-12,2.3530575699085e-12,1.34275643348379e-12,4.18285881485556e-12
50118723362.7256,7.80214448779591e-12,6.65310390431895e-09,6.0783268478056e-12,2.34653681933149e-12,1.30855706283564e-12,4.08764537460313e-12
51286138399.1349,7.62477740949675e-12,6.66821785369291e-09,5.92284235304314e-12,2.33976692512789e-12,1.27508294628861e-12,3.99459925668796e-12
52480746024.9756,7.45145030609301e-12,6.68396568874694e-09,5.77065243975619e-12,2.33274078136789e-12,1.24231810095982e-12,3.90367112685999e-12
53703179637.0236,7.28207113186214e-12,6.70037051073884e-09,5.62168497837319e-12,2.32545128452572e-12,1.21024699842827e-12,3.81481277384962e-12
54954087385.7607,7.1165499289742e-12,6.71745596014856e-09,5.47586991828387e-12,2.31789135285878e-12,1.17885455785621e-12,3.72797708380573e-12
56234132519.0331,6.95479877982889e-12,6.7352462020951e-09,5.33313925601368e-12,2.31005394720271e-12,1.148126139138e-12,3.64311801531552e-12
57543993733.7139,6.79673176050172e-12,6.75376590873192e-09,5.19342700338248e-12,2.30193209318261e-12,1.1180475360455e-12,3.560190574993e-12
58884365535.557,6.64226489527708e-12,6.7730402384143e-09,5.05666915550004e-12,2.29351890482909e-12,1.08860496933826e-12,3.47915079362312e-12
60255958607.4339,6.49131611224609e-12,6.79309481142966e-09,4.92280365844722e-12,2.28480760957453e-12,1.05978507980618e-12,3.39995570284892e-12
61659500186.1463,6.34380519994794e-12,6.81395568208174e-09,4.79177037648917e-12,2.27579157459107e-12,1.03157492121116e-12,3.32256331238937e-12
63095734448.0173,6.19965376503372e-12,6.83564930692034e-09,4.66351105866539e-12,2.2664643344161e-12,1.00396195309478e-12,3.24693258777577e-12
64565422903.4635,6.0587851909322e-12,6.85820250891158e-09,4.53796930460145e-12,2.25681961979498e-12,9.76934033418176e-13,3.1730234285949e-12
66069344800.7575,5.92112459749734e-12,6.88164243734835e-09,4.4150905293884e-12,2.246851387653e-12,9.50479411001334e-13,3.1007966472275e-12
67608297539.196,5.78659880161754e-12,6.90599652330795e-09,4.29482192737934e-12,2.2365538520904e-12,9.24586717729082e-13,3.03021394807062e-12
69183097091.8914,5.65513627876715e-12,6.93129243047319e-09,4.17711243475744e-12,2.22592151627545e-12,8.99244960492597e-13,2.96123790723303e-12
70794578438.4115,5.52666712548059e-12,6.95755800114583e-09,4.06191269073663e-12,2.21494920509102e-12,8.74443512836482e-13,2.89383195269272e-12
72443596007.4967,5.40112302272977e-12,6.98482119729536e-09,3.94917499726561e-12,2.20363209837064e-12,8.50172106283544e-13,2.82796034490615e-12
74131024130.0894,5.27843720018567e-12,7.01311003650455e-09,3.83885327711698e-12,2.19196576454026e-12,8.26420821311872e-13,2.76358815785886e-12
75857757502.9159,5.15854440134465e-12,7.04245252269382e-09,3.73090303025738e-12,2.17994619446305e-12,8.03180077961739e-13,2.70068126054742e-12
77624711662.8667,5.04138084950042e-12,7.07287657153027e-09,3.62528128841036e-12,2.16756983526561e-12,7.80440626053376e-13,2.63920629888292e-12
79432823472.4256,4.92688421454219e-12,7.10440993045495e-09,3.52194656774264e-12,2.15483362390704e-12,7.5819353500063e-13,2.57913067800639e-12
81283051616.4073,4.81499358055966e-12,7.13708009329244e-09,3.42085881962481e-12,2.14173502023589e-12,7.36430183210029e-13,2.52042254500675e-12
83176377110.2644,4.70564941423527e-12,7.17091420944104e-09,3.32197937944127e-12,2.128272039266e-12,7.15142247059768e-13,2.46305077203223e-12
85113803820.2349,4.59879353400385e-12,7.20593898767957e-09,3.22527091344892e-12,2.11444328239051e-12,6.94321689458544e-13,2.40698493978609e-12
87096358995.6053,4.49436907995989e-12,7.24218059466769e-09,3.13069736371151e-12,2.10024796724354e-12,6.73960747990019e-13,2.35219532139817e-12
89125093813.3717,4.39232048449218e-12,7.27966454826112e-09,3.03822389116514e-12,2.08568595591336e-12,6.54051922654874e-13,2.29865286666348e-12
91201083935.588,4.29259344362556e-12,7.31841560581101e-09,2.94781681690053e-12,2.07075778120756e-12,6.34587963228858e-13,2.24632918663961e-12
93325430079.6961,4.19513488904918e-12,7.35845764766701e-09,2.85944356177832e-12,2.05546467067163e-12,6.15561856261899e-13,2.19519653859473e-12
95499258602.1405,4.09989296081075e-12,7.39981355615756e-09,2.77307258452531e-12,2.03980856806739e-12,5.96966811750084e-13,2.14522781129825e-12
97723722095.5779,4.00681698065593e-12,7.44250509037705e-09,2.6886733184904e-12,2.02379215202637e-12,5.78796249519041e-13,2.09639651064623e-12
99999999999.9967,3.91585742599194e-12,7.48655275716762e-09,2.60621610727005e-12,2.00741885160694e-12,5.61043785363864e-13,2.04867674561411e-12
102329299228.072,3.82696590445475e-12,7.53197567874438e-09,2.52567213944244e-12,1.99069285850141e-12,5.43703216997083e-13,2.00204321452907e-12
104712854805.087,3.74009512905894e-12,7.5787914574737e-09,2.44701338267727e-12,1.97361913566179e-12,5.26768509862173e-13,1.956471191655e-12
107151930523.757,3.65519889390966e-12,7.62701603837778e-09,2.37021251751376e-12,1.95620342213921e-12,5.1023378287558e-13,1.91193651408272e-12
109647819614.315,3.57223205045634e-12,7.67666357000112e-09,2.29524287112203e-12,1.93845223396257e-12,4.94093294165125e-13,1.86841556891865e-12
112201845430.193,3.49115048426819e-12,7.72774626433765e-09,2.22207835138219e-12,1.92037286091618e-12,4.78341426876777e-13,1.82588528076512e-12
114815362149.684,3.41191109231182e-12,7.78027425657917e-09,2.15069338163074e-12,1.90197335911406e-12,4.62972675125064e-13,1.78432309948565e-12
117489755493.949,3.33447176071211e-12,7.83425546550575e-09,2.08106283643486e-12,1.88326253930883e-12,4.47981630164764e-13,1.74370698824866e-12
120226443461.737,3.25879134297793e-12,7.88969545539688e-09,2.01316197876112e-12,1.86424995091606e-12,4.33362966862798e-13,1.70401541184341e-12
123026877081.234,3.18482963867508e-12,7.94659730039642e-09,1.94696639890645e-12,1.84494586177926e-12,4.19111430549509e-13,1.66522732526187e-12
125892541179.413,3.11254737252988e-12,8.00496145231505e-09,1.88245195555488e-12,1.82536123374623e-12,4.05221824327623e-13,1.62732216254044e-12
128824955169.309,3.04190617394747e-12,8.06478561289924e-09,1.81959471931399e-12,1.80550769417258e-12,3.91688996915088e-13,1.59027982585571e-12
131825673855.636,2.97286855693025e-12,8.1260646116353e-09,1.7583709190706e-12,1.7853975035134e-12,3.78507831094884e-13,1.55408067486837e-12
134896288259.161,2.90539790038263e-12,8.18879029018947e-09,1.69875689148476e-12,1.76504351920714e-12,3.65673232840526e-13,1.51870551630975e-12
138038426460.284,2.8394584287897e-12,8.2529513946099e-09,1.64072903391657e-12,1.74445915609716e-12,3.53180121180673e-13,1.48413559380525e-12
141253754462.271,2.77501519325846e-12,8.31853347643204e-09,1.58426376105088e-12,1.72365834367441e-12,3.41023418859902e-13,1.45035257792955e-12
144543977074.588,2.71203405291133e-12,8.38551880383493e-09,1.52933746545139e-12,1.70265548045926e-12,3.29198043845511e-13,1.41733855648807e-12
147910838816.816,2.65048165662308e-12,8.45388628399139e-09,1.4759264822387e-12,1.68146538587095e-12,3.17698901722231e-13,1.38507602501968e-12
151356124843.616,2.59032542509337e-12,8.52361139773833e-09,1.42400705804701e-12,1.66010324995846e-12,3.06520879008177e-13,1.35354787751556e-12
154881661891.243,2.53153353324801e-12,8.59466614766503e-09,1.37355532437217e-12,1.63858458138696e-12,2.95658837416283e-13,1.32273739734937e-12
158489319246.106,2.4740748929635e-12,8.66701902067481e-09,1.32454727538023e-12,1.61692515408874e-12,2.85107609076126e-13,1.29262824841374e-12
162181009735.888,2.41791913611017e-12,8.74063496601989e-09,1.27695875020156e-12,1.59514095299679e-12,2.74861992721551e-13,1.26320446645865e-12
165958690743.751,2.36303659791005e-12,8.81547538973903e-09,1.23076541969175e-12,1.57324811928217e-12,2.64916750840021e-13,1.23445045062682e-12
169824365246.169,2.30939830060667e-12,8.8914981663424e-09,1.18594277759711e-12,1.55126289551429e-12,2.55266607770335e-13,1.20635095518189e-12
173780082874.932,2.25697593744454e-12,8.96865766848904e-09,1.14246613602117e-12,1.52920157115502e-12,2.45906248726411e-13,1.17889108142477e-12
177827941003.886,2.20574185695669e-12,9.04690481528723e-09,1.10031062504939e-12,1.50708042878454e-12,2.36830319716367e-13,1.15205626979407e-12
181970085860.992,2.15566904755907e-12,9.12618713971987e-09,1.05945119635272e-12,1.48491569143877e-12,2.28033428318305e-13,1.12583229214627e-12
186208713666.281,2.10673112245108e-12,9.20644887555393e-09,1.01986263055754e-12,1.46272347141564e-12,2.19510145267059e-13,1.10020524421167e-12
190546071796.318,2.05890230482177e-12,9.28763106393772e-09,9.81519548140548e-13,1.44051972088146e-12,2.11255006799895e-13,1.07516153822202e-12
194984459975.798,2.01215741336106e-12,9.36967167972236e-09,9.44396423581761e-13,1.4183201845788e-12,2.03262517703744e-13,1.05068789570593e-12
199526231496.881,1.96647184807601e-12,9.45250577736612e-09,9.08467602488264e-13,1.39614035490542e-12,1.95527155002085e-13,1.02677134044834e-12
204173794466.946,1.92182157641131e-12,9.53606565609444e-09,8.73707321385133e-13,1.37399542959927e-12,1.88043372216111e-13,1.0033991916102e-12
208929613085.397,1.87818311967371e-12,9.62028104379596e-09,8.40089729858283e-13,1.35190027222949e-12,1.80805604132307e-13,9.80559057004778e-13
213796208950.216,1.83553353975941e-12,9.70507929893845e-09,8.07588914726885e-13,1.32986937565688e-12,1.73808272007038e-13,9.58238826527024e-13
218776162394.948,1.79385042618346e-12,9.79038562959141e-09,7.76178925920244e-13,1.30791682859127e-12,1.6704578913814e-13,9.36426665732476e-13
223872113856.827,1.75311188340951e-12,9.8761233284457e-09,7.45833803735396e-13,1.28605628533728e-12,1.60512566733817e-13,9.15111009562349e-13
229086765276.77,1.71329651847838e-12,9.96221402253003e-09,7.16527607156938e-13,1.26430093878552e-12,1.54203020010266e-13,8.94280556211459e-13
234422881531.984,1.67438342893289e-12,1.00485779361405e-08,6.88234442929391e-13,1.24266349667263e-12,1.4811157445135e-13,8.73924261135721e-13
239883291901.941,1.63635219103646e-12,1.01351341653277e-08,6.60928495084337e-13,1.2211561611028e-12,1.4223267216621e-13,8.54031331196066e-13
245470891568.495,1.59918284828239e-12,1.02218009621292e-08,6.34584054639271e-13,1.19979061129355e-12,1.3656077828386e-13,8.34591218935661e-13
251188643150.95,1.56285590019006e-12,1.03084960265929e-08,6.09175549202091e-13,1.17857798948264e-12,1.31090387327493e-13,8.15593616987395e-13
257039578276.878,1.5273522913843e-12,1.03951368045222e-08,5.84677572234132e-13,1.15752888990837e-12,1.25816029515279e-13,7.97028452608678e-13
263026799189.529,1.49265340095343e-12,1.04816407887723e-08,5.61064911744957e-13,1.13665335075478e-12,1.20732276938832e-13,7.78885882340639e-13
269153480392.683,1.45874103208119e-12,1.05679258218606e-08,5.38312578213603e-13,1.11596084893485e-12,1.15833749575148e-13,7.61156286788914e-13
275422870333.807,1.42559740194757e-12,1.06539103976106e-08,5.16395831553065e-13,1.09546029756925e-12,1.11115121092541e-13,7.43830265523231e-13
281838293126.436,1.39320513189296e-12,1.0739513959532e-08,4.95290206957153e-13,1.07516004600576e-12,1.06571124415974e-13,7.26898632093107e-13
288403150312.651,1.36154723784013e-12,1.08246571936592e-08,4.74971539491207e-13,1.05506788221476e-12,1.02196557021931e-13,7.10352409157009e-13
295120922666.629,1.33060712096798e-12,1.09092623136134e-08,4.55415987310125e-13,1.03519103738874e-12,9.79862859377542e-14,6.94182823722387e-13
301995172040.192,1.30036855863102e-12,1.09932533357281e-08,4.36600053408488e-13,1.01553619256929e-12,9.39352524249306e-14,6.78381302494074e-13
309029543251.349,1.27081569551837e-12,1.10765563421863e-08,4.18500605828084e-13,9.96109487122583e-13,9.00384763302555e-14,6.62939467328566e-13
316227766016.827,1.24193303504588e-12,1.11590997302418e-08,4.01094896267568e-13,9.76916528883987e-13,8.62910600929672e-14,6.47849130791784e-13
323593656929.617,1.21370543097494e-12,1.12408144457595e-08,3.84360577057283e-13,9.57962405794062e-13,8.26881923998899e-14,6.33102291817961e-13
331131121482.58,1.18611807925168e-12,1.13216341994839e-08,3.68275716479195e-13,9.39251698851467e-13,7.92251514842705e-14,6.18691131467348e-13
338844156139.191,1.15915651005989e-12,1.14014956646439e-08,3.52818812427473e-13,9.20788496212953e-13,7.5897308067345e-14,6.04608008780492e-13
346736850452.52,1.13280658008156e-12,1.14803386547161e-08,3.37968804419374e-13,9.02576408276567e-13,7.27001279447114e-14,5.90845456726886e-13
354813389233.563,1.10705446495837e-12,1.15581062803902e-08,3.23705083978708e-13,8.84618583591155e-13,6.96291742223088e-14,5.77396178245844e-13
363078054770.089,1.08188665194827e-12,1.16347450850199e-08,3.10007503425411e-13,8.66917725443055e-13,6.66801092092147e-14,5.64253042377502e-13
371535229097.16,1.05728993277064e-12,1.17102051580717e-08,2.96856383114438e-13,8.49476108979268e-13,6.38486959765698e-14,5.51409080481892e-13
380189396320.548,1.03325139663437e-12,1.17844402263274e-08,2.84232517175597e-13,8.32295598735325e-13,6.11307995937393e-14,5.38857482544078e-13
389045144994.268,1.00975842344286e-12,1.18574077228253e-08,2.7211717781293e-13,8.15377666445249e-13,5.85223880543308e-14,5.26591593563414e-13
398107170553.484,9.86798677170214e-13,1.19290688337513e-08,2.6049211822799e-13,7.98723409020397e-13,5.60195329059234e-14,5.14604910024979e-13
407380277804.099,9.64360099403283e-13,1.19993885237059e-08,2.4933957423594e-13,7.82333566593368e-13,5.36184095983453e-14,5.02891076451347e-13
416869383470.321,9.42430903044103e-13,1.20683355399703e-08,2.38642264646812e-13,7.66208540532508e-13,5.13152975660787e-14,4.91443882032844e-13
426579518801.578,9.20999566167638e-13,1.21358823965816e-08,2.28383390486733e-13,7.50348411341699e-13,4.91065800608924e-14,4.80257257334518e-13
436515832240.151,9.00054826029879e-13,1.22020053391883e-08,2.18546633135392e-13,7.34752956369046e-13,4.69887437511315e-14,4.69325271078062e-13
446683592150.948,8.7958567322152e-13,1.22666842918013e-08,2.0911615145674e-13,7.19421667256683e-13,4.49583781042334e-14,4.58642126996996e-13
457088189614.859,8.5958134596266e-13,1.23299027866792e-08,2.00076577999827e-13,7.04353767072122e-13,4.3012174569033e-14,4.48202160763433e-13
467735141287.182,8.40031324534122e-13,1.23916478786834e-08,1.91413014345963e-13,6.89548227069445e-13,4.11469255742605e-14,4.37999836984805e-13
478630092322.622,8.20925325841213e-13,1.2451910045518e-08,1.83111025677148e-13,6.75003783035939e-13,3.93595233593629e-14,4.28029746268946e-13
489778819368.43,8.02253298105873e-13,1.25106830753213e-08,1.75156634638904e-13,6.60718951186776e-13,3.76469586534037e-14,4.18286602355992e-13
501187233627.255,7.84005415683392e-13,1.25679639431118e-08,1.67536314568535e-13,6.46692043576691e-13,3.60063192173239e-14,4.08765239315558e-13
512861383991.347,7.66172073999996e-13,1.26237526776004e-08,1.60236982157282e-13,6.32921183003648e-13,3.44347882643134e-14,3.99460608807724e-13
524807460249.755,7.48743884607782e-13,1.26780522198765e-08,1.53245989612113e-13,6.19404317384899e-13,3.29296427724428e-14,3.90367777406362e-13
537031796370.234,7.31711670353652e-13,1.27308682754492e-08,1.46551116379887e-13,6.0613923359089e-13,3.14882517030656e-14,3.81481923983395e-13
549540873857.606,7.15066460659015e-13,1.27822091610857e-08,1.401405604935e-13,5.93123570726998e-13,3.01080741378241e-14,3.72798337152602e-13
562341325190.33,6.98799486907188e-13,1.28320856478329e-08,1.34002929596381e-13,5.80354832857189e-13,2.87866573463958e-14,3.64312412771596e-13
575439937337.137,6.82902177935556e-13,1.2880510801544e-08,1.2812723169839e-13,5.67830401167372e-13,2.75216347964055e-14,3.56019651500683e-13
588843655355.569,6.67366155629665e-13,1.29274998221531e-08,1.22502865712879e-13,5.55547545569479e-13,2.63107241162099e-14,3.4791565641727e-13
602559586074.337,6.52183230616569e-13,1.29730698828594e-08,1.17119611821286e-13,5.43503435750225e-13,2.51517250205494e-14,3.39996130684583e-13
616595001861.461,6.37345398054829e-13,1.30172399702896e-08,1.11967621708431e-13,5.31695151670984e-13,2.4042517208351e-14,3.32256875273457e-13
630957344480.172,6.22844833518705e-13,1.30600307266148e-08,1.07037408708383e-13,5.20119693527464e-13,2.29810582412753e-14,3.24693786735974e-13
645654229034.633,6.08673888974151e-13,1.31014642945007e-08,1.02319837897678e-13,5.0877399117971e-13,2.19653814109211e-14,3.17302855029783e-13
660693448007.573,5.94825088844334e-13,1.31415641656716e-08,9.78061161695941e-14,4.97654913064575e-13,2.09935936019478e-14,3.10080161391947e-13
676082975391.958,5.8129112616248e-13,1.31803550337746e-08,9.3487782320263e-14,4.86759274604139e-13,2.00638731577418e-14,3.03021876261179e-13
691830970918.913,5.68064858809943e-13,1.32178626521298e-08,8.9356697174585e-14,4.76083846124629e-13,1.91744677546494e-14,2.96124257247388e-13
707945784384.113,5.55139305837444e-13,1.32541136968683e-08,8.54050337772239e-14,4.65625360301285e-13,1.83236922902172e-14,2.8938364714742e-13
724435960074.965,5.42507643867534e-13,1.32891356358615e-08,8.16252676714138e-14,4.5538051914529e-13,1.75099267903362e-14,2.82796472005994e-13
741310241300.892,5.3016320357637e-13,1.33229566037719e-08,7.80101672858901e-14,4.45346000549354e-13,1.67316143396629e-14,2.76359239220749e-13
758577575029.157,5.18099466252992e-13,1.33556052834682e-08,7.45527844479853e-14,4.35518464408938e-13,1.59872590392e-14,2.70068535690446e-13
776247116628.665,5.06310060434303e-13,1.33871107939797e-08,7.12464450387933e-14,4.25894558336235e-13,1.52754239944644e-14,2.63921026005308e-13
794328234724.254,4.94788758614061e-13,1.3417502585097e-08,6.8084739804308e-14,4.16470922984156e-13,1.45947293372334e-14,2.5791345067856e-13
812830516164.071,4.83529474024208e-13,1.34468103386635e-08,6.50615153345782e-14,4.07244196997506e-13,1.39438502834649e-14,2.52042624418221e-13
831763771102.642,4.72526257486913e-13,1.34750638765475e-08,6.21708652211907e-14,3.98211021608416e-13,1.33215152296094e-14,2.46305434438231e-13
851138038202.347,4.61773294335784e-13,1.35022930752378e-08,5.94071214017913e-14,3.89368044892874e-13,1.27265038891915e-14,2.40698838808031e-13
870963589956.05,4.51264901404708e-13,1.35285277869599e-08,5.67648456988737e-14,3.80711925704955e-13,1.21576454712168e-14,2.35219864839696e-13
891250938133.714,4.40995524082844e-13,1.35537977671738e-08,5.42388215587069e-14,3.72239337304956e-13,1.16138169016674e-14,2.29865607511796e-13
912010839355.878,4.30959733434326e-13,1.35781326082823e-08,5.18240459950232e-14,3.63946970697308e-13,1.10939410890836e-14,2.24633227929121e-13
933254300796.958,4.21152223381272e-13,1.36015616793516e-08,4.95157217409525e-14,3.55831537693673e-13,1.05969852349807e-14,2.19519951817477e-13
954992586021.402,4.11567807948729e-13,1.36241140716247e-08,4.73092496116504e-14,3.47889773716199e-13,1.01219591896279e-14,2.14523068052738e-13
977237220955.776,4.02201418570216e-13,1.3645818549589e-08,4.5200221079128e-14,3.40118440355398e-13,9.66791385351567e-15,2.09639927223381e-13
999999999999.965,3.93048101452569e-13,1.3666703507348e-08,4.31844110599418e-14,3.32514327696634e-13,9.23393962465217e-15,2.04867940225744e-13
1023292992280.72,3.84103014998806e-13,1.36867969300345e-08,4.1257770915639e-14,3.25074256428669e-13,8.81916489166629e-15,2.00204576891256e-13
1047128548050.86,3.75361427287771e-13,1.37061263600002e-08,3.94164216651687e-14,3.17795079747208e-13,8.4227545725483e-15,1.9564736464492e-13
1071519305237.57,3.66818713609351e-13,1.37247188675078e-08,3.76566474078603e-14,3.10673685065841e-13,8.04390869872622e-15,1.91193887194325e-13
1096478196143.15,3.58470354054061e-13,1.37426010256569e-08,3.59748889550288e-14,3.03706995546259e-13,7.68186104406061e-15,1.86841783248505e-13
1122018454301.92,3.50311931155854e-13,1.37597988892699e-08,3.43677376677902e-14,2.96891971459105e-13,7.33587779823749e-15,1.82588745265959e-13
1148153621496.84,3.42339127587005e-13,1.37763379774743e-08,3.28319294982553e-14,2.90225611386268e-13,7.00525628394933e-15,1.78432518231168e-13
1174897554939.49,3.34547723903963e-13,1.37922432597173e-08,3.13643392309016e-14,2.83704953274968e-13,6.68932371717568e-15,1.74370898458964e-13
1202264434617.37,3.26933596343082e-13,1.3807539144957e-08,2.99619749206173e-14,2.77327075353415e-13,6.38743600980805e-15,1.70401732426109e-13
1230268770812.34,3.19492714665163e-13,1.38222494737849e-08,2.86219725236398e-14,2.71089096917404e-13,6.09897661380588e-15,1.66522915629478e-13
1258925411794.12,3.12221140047769e-13,1.38363975132371e-08,2.73415907173896e-14,2.64988178996664e-13,5.82335540602236e-15,1.62732391470225e-13
1288249551693.09,3.05115023024283e-13,1.38500059540666e-08,2.61182059050122e-14,2.59021524909375e-13,5.56000761279858e-15,1.59028150163358e-13
1318256738556.36,2.9817060146871e-13,1.38630969102562e-08,2.49493074002922e-14,2.5318638071277e-13,5.30839277339225e-15,1.55408227672122e-13
1348962882591.6,2.91384198625254e-13,1.38756919205602e-08,2.38324927884832e-14,2.4748003555734e-13,5.06799374128118e-15,1.5187070466665e-13
1380384264602.83,2.84752221181689e-13,1.38878119518771e-08,2.27654634585056e-14,2.41899821951736e-13,4.83831572236244e-15,1.48413705506312e-13
1412537544622.7,2.78271157385599e-13,1.38994774042628e-08,2.1746020301903e-14,2.36443115945044e-13,4.61888534905408e-15,1.45035397245227e-13
1445439770745.88,2.71937575202561e-13,1.39107081174053e-08,2.07720595739016e-14,2.31107337232747e-13,4.40924978929729e-15,1.41733988660419e-13
1479108388168.15,2.65748120515367e-13,1.39215233783926e-08,1.98415689119025e-14,2.25889949192315e-13,4.20897588945239e-15,1.38507729302085e-13
1513561248436.15,2.59699515363395e-13,1.39319419306141e-08,1.89526235067281e-14,2.20788458853993e-13,4.01764935008181e-15,1.35354908565492e-13
1548816618912.43,2.5378855622127e-13,1.39419819836467e-08,1.81033824219647e-14,2.15800416812058e-13,3.83487393361579e-15,1.3227385478399e-13
1584893192461.06,2.48012112315966e-13,1.39516612239867e-08,1.72920850567679e-14,2.10923417081458e-13,3.66027070290329e-15,1.29262934342678e-13
1621810097358.87,2.42367123981505e-13,1.39609968264946e-08,1.65170477475407e-14,2.06155096904467e-13,3.49347728965917e-15,1.2632055081224e-13
1659586907437.5,2.36850601050449e-13,1.39700054664333e-08,1.57766605039496e-14,2.01493136511688e-13,3.33414719183031e-15,1.23445144102504e-13
1698243652461.68,2.31459621281387e-13,1.39787033319827e-08,1.5069383874802e-14,1.96935258841465e-13,3.18194909891658e-15,1.20635189635256e-13
1737800828749.31,2.26191328821617e-13,1.3987106137127e-08,1.43937459393857e-14,1.9247922922151e-13,3.03656624429828e-15,1.17889197535901e-13
1778279410038.86,2.21042932704281e-13,1.39952291348133e-08,1.3748339419944e-14,1.88122855016289e-13,2.89769578363801e-15,1.15205711843506e-13
1819700858609.92,2.16011705379182e-13,1.40030871302902e-08,1.31318189110488e-14,1.83863985243496e-13,2.76504819844333e-15,1.12583309738832e-13
1862087136662.8,2.11094981276561e-13,1.401069449454e-08,1.25428982217214e-14,1.79700510162702e-13,2.63834672389596e-15,1.10020600789945e-13
1905460717963.18,2.06290155403096e-13,1.4018065177724e-08,1.1980347826246e-14,1.7563036083908e-13,2.51732680007294e-15,1.07516226214984e-13
1949844599757.98,2.01594681969437e-13,1.40252127225653e-08,1.14429924197169e-14,1.71651508684894e-13,2.40173554570658e-15,1.05068858161727e-13
1995262314968.81,1.97006073048577e-13,1.40321502775999e-08,1.09297085744606e-14,1.67761964981257e-13,2.29133125365085e-15,1.02677199003538e-13
2041737944669.46,1.92521897264369e-13,1.40388906102302e-08,1.04394224935774e-14,1.63959780382488e-13,2.1858829072442e-15,1.00339980651358e-13
2089296130853.96,1.88139778509555e-13,1.40454461195183e-08,9.97110785794642e-15,1.60243044405248e-13,2.08516971678055e-15,9.80559638813448e-14
2137962089502.15,1.83857394692623e-13,1.40518288486639e-08,9.52378376314657e-15,1.56609884904441e-13,1.9889806753226e-15,9.58239376778209e-14
2187761623949.47,1.79672476512889e-13,1.40580504971092e-08,9.09651274284622e-15,1.53058467537778e-13,1.89711413311401e-15,9.36427185911798e-14
2238721138568.26,1.75582806263155e-13,1.40641224322229e-08,8.68839887532092e-15,1.49586995220707e-13,1.80937738986924e-15,9.15111501104055e-14
2290867652767.69,1.71586216659349e-13,1.40700557005127e-08,8.29858596986125e-15,1.4619370757332e-13,1.72558630424211e-15,8.94281020498762e-14
2344228815319.84,1.67680589696544e-13,1.40758610383216e-08,7.9262558299362e-15,1.42876880360716e-13,1.64556491979635e-15,8.73924699501258e-14
2398832919019.4,1.63863855530777e-13,1.40815488819653e-08,7.57062659007916e-15,1.39634824928188e-13,1.569145106823e-15,8.54031744922461e-14
2454708915684.94,1.60133991386087e-13,1.40871293772683e-08,7.23095112356435e-15,1.36465887632492e-13,1.49616621937144e-15,8.34591609256177e-14
2511886431509.49,1.56489020486219e-13,1.40926123884617e-08,6.90651551804057e-15,1.33368449270354e-13,1.42647476688181e-15,8.15593985086689e-14
2570395782768.77,1.5292701101045e-13,1.40980075064052e-08,6.59663761638658e-15,1.303409245053e-13,1.3599240998277e-15,7.97028799623629e-14
2630267991895.29,1.49446075072987e-13,1.41033240560987e-08,6.30066562014791e-15,1.27381761293768e-13,1.29637410879846e-15,7.78886209361262e-14
2691534803926.82,1.46044367725428e-13,1.41085711034517e-08,6.01797675300857e-15,1.24489440311423e-13,1.23569093647052e-15,7.61156594859333e-14
2754228703338.06,1.42720085981761e-13,1.411375746128e-08,5.74797598184265e-15,1.21662474380484e-13,1.177746701937e-15,7.43830555642719e-14
2818382931264.35,1.39471467865402e-13,1.41188916945022e-08,5.49009479297996e-15,1.18899407898825e-13,1.12241923688394e-15,7.26898905217178e-14
2884031503126.5,1.36296791477782e-13,1.41239821245108e-08,5.24379002140721e-15,1.16198816271536e-13,1.06959183312039e-15,7.10352666198554e-14
2951209226666.28,1.33194374088005e-13,1.41290368326949e-08,5.00854273071092e-15,1.13559305345564e-13,1.01915300098793e-15,6.94183065552852e-14
3019951720401.9,1.30162571243088e-13,1.41340636630959e-08,4.78385714165075e-15,1.10979510848016e-13,9.70996238193032e-16,6.78381529944666e-14
3090295432513.48,1.27199775898351e-13,1.41390702241795e-08,4.56925960733212e-15,1.0845809782862e-13,9.25019808622929e-16,6.62939681191486e-14
3162277660168.26,1.24304417567485e-13,1.41440638897121e-08,4.36429763302476e-15,1.05993760106826e-13,8.81126530722939e-16,6.47849331821477e-14
3235936569296.16,1.21474961491856e-13,1.4149051798734e-08,4.16853893874944e-15,1.03585219723955e-13,8.39223575029185e-16,6.33102480732381e-14
3311311214825.79,1.18709907828633e-13,1.4154040854625e-08,3.98157056282784e-15,1.01231226400776e-13,7.99222270466978e-16,6.18691308949225e-14
3388441561391.9,1.16007790857302e-13,1.41590377232648e-08,3.80299800466174e-15,9.89305570008493e-14,7.61037919040507e-16,6.04608175478604e-14
3467368504525.19,1.1336717820415e-13,1.41640488302969e-08,3.6324444050757e-15,9.66820149999263e-14,7.24589618554584e-16,5.90845613257326e-14
3548133892335.62,1.1078667008433e-13,1.41690803575077e-08,3.46954976262392e-15,9.44844299616796e-14,6.89800093023848e-16,5.7739632519328e-14
3630780547700.88,1.08264898561106e-13,1.41741382383432e-08,3.31397018432563e-15,9.23366570199885e-14,6.5659553043901e-16,5.64253180296424e-14
3715352290971.59,1.0580052682188e-13,1.41792281525913e-08,3.16537716935501e-15,9.02375763679857e-14,6.24905427573488e-16,5.5140920989784e-14
3801893963205.47,1.03392248470649e-13,1.41843555202656e-08,3.02345692427138e-15,8.81860927540411e-14,5.94662441527198e-16,5.3885760395486e-14
3890451449942.66,1.01038786836491e-13,1.4189525494736e-08,2.88790970843254e-15,8.61811349848299e-14,5.65802247717137e-16,5.26591707440287e-14
3981071705534.82,9.87388942977478e-14,1.41947429551593e-08,2.75844920828939e-15,8.42216554356149e-14,5.38263404037016e-16,5.14605016813821e-14
4073802778040.98,9.64913516215313e-14,1.42000124982746e-08,2.63480193931362e-15,8.23066295678452e-14,5.11987220920342e-16,5.0289117657379e-14
4168693834703.2,9.42949673182168e-14,1.42053384296361e-08,2.51670667436087e-15,8.04350554541582e-14,4.86917637053125e-16,4.91443975887387e-14
4265795188015.77,9.21485770105843e-14,1.42107247543661e-08,2.40391389732183e-15,7.86059533108516e-14,4.63001100493796e-16,4.80257345297602e-14
4365158322401.5,9.00510428172756e-14,1.42161751675245e-08,2.29618528096066e-15,7.68183650378743e-14,4.40186454968959e-16,4.69325353505119e-14
4466835921509.46,8.80012527502461e-14,1.42216930441967e-08,2.19329318788621e-15,7.50713537663722e-14,4.18424831124265e-16,4.58642204223463e-14
4570881896148.58,8.59981201258936e-14,1.42272814294159e-08,2.09502019364509e-15,7.33640034138074e-14,3.9766954251998e-16,4.48202233105734e-14
4677351412871.81,8.40405829895569e-14,1.42329430280435e-08,2.00115863096821e-15,7.16954182466603e-14,3.77875986170767e-16,4.37999904741295e-14
4786300923226.2,8.2127603553081e-14,1.42386801947422e-08,1.91151015424274e-15,7.00647224507079e-14,3.59001547438773e-16,4.28029809720828e-14
4897788193684.28,8.02581676451542e-14,1.42444949241833e-08,1.82588532332059e-15,6.84710597088635e-14,3.41005509098281e-16,4.18286661768192e-14
5011872336272.53,7.84312841741283e-14,1.42503888416386e-08,1.74410320581192e-15,6.69135927865528e-14,3.23848964399049e-16,4.08765294937572e-14
5128613839913.46,7.66459846030398e-14,1.42563631941142e-08,1.66599099704842e-15,6.53915031245912e-14,3.07494733963891e-16,3.99460660874426e-14
5248074602497.53,7.49013224365551e-14,1.42624188421866e-08,1.59138365693542e-15,6.39039904395197e-14,2.91907286364114e-16,3.90367826138782e-14
5370317963702.32,7.31963727195725e-14,1.42685562527065e-08,1.52012356294544e-15,6.24502723313496e-14,2.77052662224127e-16,3.81481969589465e-14
5495408738576.04,7.15302315472132e-14,1.42747754925368e-08,1.45206017853763e-15,6.10295838986588e-14,2.62898401713798e-16,3.72798379827862e-14
5623413251903.28,6.9902015585948e-14,1.42810762234892e-08,1.38704973631829e-15,5.96411773609763e-14,2.49413475294051e-16,3.64312452699878e-14
5754399373371.35,6.83108616056036e-14,1.42874576986235e-08,1.32495493528729e-15,5.82843216883876e-14,2.36568217587621e-16,3.56019688854755e-14
5888436553555.67,6.67559260220054e-14,1.42939187600645e-08,1.26564465154358e-15,5.69583022382873e-14,2.24334264253012e-16,3.47915691359455e-14
6025595860743.35,6.52363844500129e-14,1.43004578384857e-08,1.20899366184999e-15,5.56624203992002e-14,2.12684491745287e-16,3.39996163367349e-14
6165950018614.59,6.37514312667148e-14,1.43070729543984e-08,1.15488237948443e-15,5.43959932415911e-14,2.01592959852592e-16,3.32256905839973e-14
6309573444801.69,6.23002791845518e-14,1.43137617213677e-08,1.10319660182895e-15,5.31583531755782e-14,1.91034856902106e-16,3.24693815320643e-14
6456542290346.31,6.08821588341431e-14,1.4320521351265e-08,1.05382726917319e-15,5.19488476154604e-14,1.80986447533517e-16,3.17302881758748e-14
6606934480075.71,5.94963183565961e-14,1.43273486616437e-08,1.00667023423136e-15,5.07668386509714e-14,1.71425022942099e-16,3.10080186383568e-14
6760829753919.56,5.81420230050842e-14,1.43342400853059e-08,9.61626041894851e-16,4.9611702725165e-14,1.62328853497081e-16,3.03021899626491e-14
6918309709189.1,5.68185547554836e-14,1.43411916821025e-08,9.18599718763608e-16,4.84828303188382e-14,1.53677143644196e-16,2.96124279090525e-14
7079457843841.11,5.55252119258613e-14,1.43481991529848e-08,8.77500572020418e-16,4.73796256413972e-14,1.45449989004155e-16,2.8938366756603e-14
7244359600749.62,5.42613088046168e-14,1.4355257856297e-08,8.38241997231845e-16,4.63015063280665e-14,1.37628335581301e-16,2.8279649109162e-14
7413102413008.89,5.30261752870778e-14,1.43623628262713e-08,8.00741294678676e-16,4.5247903143345e-14,1.30193940998904e-16,2.76359257059194e-14
7585775750291.55,5.18191565203607e-14,1.43695087936597e-08,7.64919493836933e-16,4.42182596906084e-14,1.23129337679458e-16,2.70068552362119e-14
7762471166286.62,5.06396125563065e-14,1.43766902084048e-08,7.30701185647946e-16,4.32120321277586e-14,1.16417797890041e-16,2.63921041585551e-14
7943282347242.51,4.948691801231e-14,1.4383901264224e-08,6.98014362232728e-16,4.22286888888197e-14,1.10043300574224e-16,2.57913465237952e-14
8128305161640.68,4.83604617398627e-14,1.43911359249566e-08,6.66790263721793e-16,4.12677104113808e-14,1.03990499893347e-16,2.52042638022869e-14
8317637711026.39,4.7259646500634e-14,1.43983879524918e-08,6.36963231886864e-16,4.03285888697844e-14,9.82446954011144e-17,2.46305447150046e-14
8511380382023.44,4.618388864992e-14,1.44056509360762e-08,6.08470570275404e-16,3.94108279139599e-14,9.2791803776546e-17,2.40698850684981e-14
8709635899560.47,4.51326178272922e-14,1.44129183227755e-08,5.81252410562793e-16,3.85139424138038e-14,8.76183320413723e-17,2.35219875936054e-14
8912509381337.11,4.41052766542831e-14,1.44201834488473e-08,5.55251584850116e-16,3.76374582090046e-14,8.27113521889666e-17,2.29865617878365e-14
9120108393558.75,4.31013204389479e-14,1.4427439571767e-08,5.3041350364806e-16,3.67809118642149e-14,7.80584771529894e-17,2.24633237613452e-14
9332543007969.55,4.21202168871475e-14,1.4434679902638e-08,5.06686039299311e-16,3.5943850429472e-14,7.36478380450507e-17,2.1951996086407e-14
9549925860213.99,4.1161445820399e-14,1.44418976387097e-08,4.84019414603082e-16,3.51258312057678e-14,6.94680625919341e-17,2.14523076503233e-14
9772372209557.73,4.02244989001444e-14,1.44490859957258e-08,4.62366096416116e-16,3.43264215156732e-14,6.55082547042963e-17,2.09639935116737e-14
9999999999999.61,3.9308879358293e-14,1.44562382398252e-08,4.41680694014556e-16,3.35451984789186e-14,6.1757975110273e-17,2.04867947598408e-14
10232929922807.1,3.84141017338934e-14,1.44633477187244e-08,4.21919862010697e-16,3.27817487928365e-14,5.82072229891101e-17,2.00204583777323e-14
10471285480508.6,3.75396916157963e-14,1.44704078919217e-08,4.03042207627596e-16,3.20356685175719e-14,5.48464185418049e-17,1.95647371076276e-14
10715193052375.7,3.66851853911727e-14,1.44774123596757e-08,3.85008202143132e-16,3.13065628659669e-14,5.16663864377897e-17,1.91193893200794e-14
10964781961431.4,3.58501299997533e-14,1.44843548905287e-08,3.67780096323132e-16,3.05940459980274e-14,4.86583400789161e-17,1.86841788857976e-14
11220184543019.2,3.50340826936598e-14,1.44912294471675e-08,3.51321839670845e-16,2.98977408198814e-14,4.5813866624404e-17,1.82588750504509e-14
11481536214968.4,3.42366108027003e-14,1.4498030210436e-08,3.35599003327302e-16,2.92172787871389e-14,4.31249127229773e-17,1.78432523123181e-14
11748975549394.8,3.34572915050057e-14,1.45047516013403e-08,3.20578706463907e-16,2.85522997125643e-14,4.05837709011175e-17,1.74370903027233e-14
12022644346173.7,3.26957116028842e-14,1.4511388300916e-08,3.06229546015173e-16,2.79024515779751e-14,3.81830665591885e-17,1.70401736691944e-14
12302687708123.3,3.19514673037768e-14,1.45179352678512e-08,2.92521529605679e-16,2.72673903502803e-14,3.59157455301152e-17,1.66522919612798e-14
12589254117941.2,3.12241640061963e-14,1.45243877537947e-08,2.79426011531197e-16,2.66467798015727e-14,3.37750621582868e-17,1.62732395189648e-14
12882495516930.8,3.05134160905378e-14,1.45307413162999e-08,2.66915631659619e-16,2.60402913331941e-14,3.17545678593916e-17,1.59028153636286e-14
13182567385563.6,2.98188467146488e-14,1.45369918293902e-08,2.5496425712263e-16,2.54476038036884e-14,2.98481001249336e-17,1.55408230914817e-14
13489628825916,2.91400876140519e-14,1.45431354917539e-08,2.43546926674273e-16,2.48684033605642e-14,2.80497719382086e-17,1.5187070769431e-14
13803842646028.3,2.84767789067132e-14,1.45491688326051e-08,2.32639797597476e-16,2.43023832757854e-14,2.63539615714926e-17,1.48413708333138e-14
14125375446227,2.7828568902253e-14,1.45550887152705e-08,2.22220095044385e-16,2.37492437849135e-14,2.4755302737104e-17,1.45035399884489e-14
14454397707458.7,2.7195113915499e-14,1.4560892338583e-08,2.12266063700911e-16,2.32086919298231e-14,2.32486750677996e-17,1.41733991124516e-14
14791083881681.5,2.65760780842818e-14,1.45665772361829e-08,2.02756921670371e-16,2.2680441404916e-14,2.18291949046517e-17,1.38507731602602e-14
15135612484361.5,2.59711331913771e-14,1.45721412738446e-08,1.93672816475335e-16,2.21642124067598e-14,2.04922063730919e-17,1.3535491071325e-14
15488166189124.2,2.53799584904997e-14,1.45775826449587e-08,1.84994783080967e-16,2.16597314870778e-14,1.9233272730191e-17,1.322738567891e-14
15848931924610.5,2.4802240536258e-14,1.45828998643147e-08,1.76704703847152e-16,2.11667314090181e-14,1.80481679684595e-17,1.29262936214584e-14
16218100973588.7,2.42376730179774e-14,1.45880917603326e-08,1.68785270320572e-16,2.06849510066334e-14,1.69328686634857e-17,1.26320552559766e-14
16595869074374.9,2.36859565973065e-14,1.45931574659029e-08,1.61219946781684e-16,2.02141350475007e-14,1.588354605458e-17,1.2344514573389e-14
16982436524616.8,2.31467987495183e-14,1.45980964079936e-08,1.53992935465185e-16,1.97540340984144e-14,1.48965583492534e-17,1.20635191158201e-14
17378008287493.1,2.26199136084236e-14,1.46029082961872e-08,1.47089143376094e-16,1.9304404394086e-14,1.3968443243837e-17,1.17889198957594e-14
17782794100388.5,2.21050218148135e-14,1.46075931103065e-08,1.40494150626997e-16,1.88650077087856e-14,1.30959106538373e-17,1.15205713170661e-14
18197008586099.1,2.16018503683517e-14,1.46121510872869e-08,1.34194180225328e-16,1.84356112308609e-14,1.22758356487373e-17,1.12583310977722e-14
18620871366627.9,2.11101324828368e-14,1.46165827074483e-08,1.28176069242735e-16,1.80159874400723e-14,1.15052515868977e-17,1.10020601946426e-14
19054607179631.7,2.06296074447594e-14,1.46208886803106e-08,1.22427241301699e-16,1.76059139876806e-14,1.0781343446996e-17,1.07516227294527e-14
19498445997579.7,2.01600204750775e-14,1.46250699300926e-08,1.16935680317546e-16,1.72051735792296e-14,1.01014413530718e-17,1.05068859169439e-14
19952623149688,1.9701122594139e-14,1.4629127581023e-08,1.11689905436857e-16,1.68135538599633e-14,9.46301429074862e-18,1.0267719994419e-14
20417379446694.5,1.92526704896772e-14,1.46330629425848e-08,1.06678947116059e-16,1.64308473028197e-14,8.86366401256976e-18,1.00339981529404e-14
20892961308539.6,1.88144263878111e-14,1.46368774948021e-08,1.01892324286636e-16,1.60568510989455e-14,8.30111913064805e-18,9.80559647009441e-15
21379620895021.5,1.83861579269824e-14,1.46405728736713e-08,9.73200225559381e-17,1.56913670506762e-14,7.77322939499016e-18,9.58239384428573e-15
21877616239494.7,1.79676380347604e-14,1.46441508568241e-08,9.29524733950274e-17,1.53342014669262e-14,7.27796015593277e-18,9.36427193052797e-15
22387211385682.5,1.7558644807452e-14,1.46476133495042e-08,8.87805342673279e-17,1.4985165060937e-14,6.8133870091304e-18,9.1511150776955e-15
22908676527676.8,1.71589613924509e-14,1.46509623709253e-08,8.47954696540869e-17,1.46440728503311e-14,6.37769062147753e-18,8.94281026720369e-15
23442288153198.3,1.67683758732649e-14,1.46542000410695e-08,8.09889329347983e-17,1.43107440594194e-14,5.96915173624012e-18,8.73924705308496e-15
23988329190193.9,1.63866811571606e-14,1.46573285679769e-08,7.73529490827681e-17,1.39850020237147e-14,5.58614635552569e-18,8.54031750342888e-15
24547089156849.3,1.60136748653638e-14,1.46603502355665e-08,7.3879898137954e-17,1.36666740965991e-14,5.2271410980456e-18,8.34591614315527e-15
25118864315094.8,1.5649159225761e-14,1.466326739202e-08,7.05624994210535e-17,1.33555915581005e-14,4.89068872992746e-18,8.15593989808984e-15
25703957827687.6,1.52929409680412e-14,1.46660824387537e-08,6.73937964545824e-17,1.30515895257295e-14,4.57542386612682e-18,7.97028804031297e-15
26302679918952.8,1.49448312212259e-14,1.46687978199948e-08,6.43671425583516e-17,1.27545068673313e-14,4.28005883977299e-18,7.78886213475241e-15
26915348039268.1,1.460464541353e-14,1.46714160129721e-08,6.14761870883452e-17,1.24641861159077e-14,4.00337973656961e-18,7.61156598699172e-15
27542287033380.6,1.42722031745036e-14,1.46739395187262e-08,5.87148622895092e-17,1.21804733863655e-14,3.74424259116115e-18,7.43830559226666e-15
28183829312643.4,1.3947328239399e-14,1.46763708535375e-08,5.60773707343926e-17,1.19032182941478e-14,3.50156974217681e-18,7.2689890856227e-15
28840315031264.9,1.36298483557168e-14,1.4678712540966e-08,5.35581733209413e-17,1.16322738757071e-14,3.27434634247604e-18,7.10352669320694e-15
29512092266662.7,1.33195951918772e-14,1.46809671044933e-08,5.11519778040342e-17,1.13674965107773e-14,3.06161702094798e-18,6.94183068466887e-15
30199517204018.9,1.3016404247971e-14,1.46831370607534e-08,4.88537278365713e-17,1.11087458464063e-14,2.86248269206282e-18,6.78381532664455e-15
30902954325134.7,1.2720114768542e-14,1.46852249133351e-08,4.6658592497082e-17,1.08558847227082e-14,2.67609750923709e-18,6.62939683729966e-15
31622776601682.5,1.24305696573541e-14,1.46872331471377e-08,4.45619562819199e-17,1.06087791002979e-14,2.50166595795917e-18,6.47849334190726e-15
32359365692961.5,1.21476153940991e-14,1.46891642232583e-08,4.25594095411505e-17,1.03672979893687e-14,2.33844008452504e-18,6.33102482943672e-15
33113112148257.8,1.18711019529997e-14,1.46910205743894e-08,4.06467393382247e-17,1.0131313380378e-14,2.18571685615864e-18,6.18691311013081e-15
33884415613918.9,1.16008827232655e-14,1.46928046007007e-08,3.88199207144664e-17,9.90070017630357e-15,2.04283564823492e-18,6.04608177404849e-15
34673685045251.8,1.13368144313601e-14,1.46945186661834e-08,3.70751083402903e-17,9.67533612643485e-15,1.90917585428703e-18,5.9084561505513e-15
35481338923356.1,1.10787570650362e-14,1.46961650954287e-08,3.54086285359062e-17,9.45510176166659e-15,1.78415461446065e-18,5.77396326871202e-15
36307805477008.7,1.08265737991013e-14,1.46977461708186e-08,3.38169716450661e-17,9.23988033125901e-15,1.66722465807717e-18,5.64253181862452e-15
37153522909715.8,1.05801309228721e-14,1.46992641301001e-08,3.22967847461674e-17,9.02955774103255e-15,1.55787225598342e-18,5.51409211359433e-15
38018939632054.6,1.03392977692806e-14,1.47007211643209e-08,3.08448646857439e-17,8.8240224929647e-15,1.45561527839552e-18,5.38857605318978e-15
38904514499426.5,1.01039466455935e-14,1.47021194160994e-08,2.94581514200642e-17,8.62316562615719e-15,1.36000135398924e-18,5.26591708713428e-15
39810717055348.1,9.87395276570927e-15,1.47034609782065e-08,2.81337216512014e-17,8.4268806591428e-15,1.27060612604602e-18,5.14605018002048e-15
40738027780409.6,9.64919418399542e-15,1.4704747892435e-08,2.6868782744558e-17,8.23506353350142e-15,1.18703160153221e-18,5.02891177682765e-15
41686938347031.9,9.42955173063242e-15,1.4705982148734e-08,2.56606669154189e-17,8.04761255875599e-15,1.10890458906712e-18,4.91443976922393e-15
42657951880157.5,9.21490894842902e-15,1.47071656845869e-08,2.45068256726603e-17,7.86442835851928e-15,1.03587522182276e-18,4.80257346263572e-15
43651583224014.8,9.00515203107582e-15,1.47083003846115e-08,2.34048245082764e-17,7.68541381786339e-15,9.67615561492234e-19,4.69325354406655e-15
44668359215094.5,8.80016976280438e-15,1.47093880803632e-08,2.23523378218931e-17,7.51047403188422e-15,9.03818279565044e-19,4.58642205064861e-15
45708818961485.6,8.59985345941982e-15,1.47104305503216e-08,2.13471440699166e-17,7.33951625543404e-15,8.44195412253392e-19,4.48202233891004e-15
46773514128717.9,8.40409691067554e-15,1.4711429520043e-08,2.03871211294292e-17,7.17244985399569e-15,7.8847718552395e-19,4.37999905474181e-15
47863009232261.9,8.21279632395977e-15,1.47123866624622e-08,1.94702418673776e-17,7.00918625567255e-15,7.3641090680325e-19,4.28029810404822e-15
48977881936842.6,8.02585026926385e-15,1.47133035983275e-08,1.85945699060215e-17,6.84963890426915e-15,6.87759920040797e-19,4.18286662406555e-15
50118723362725.2,7.84315962540316e-15,1.47141818967542e-08,1.77582555760055e-17,6.69372321343765e-15,6.4230262093154e-19,4.08765295533347e-15
51286138399134.4,7.66462752746221e-15,1.47150230758829e-08,1.69595320487986e-17,6.54135652186615e-15,5.99831529217769e-19,3.99460661430453e-15
52480746024975.1,7.49015931543602e-15,1.47158286036299e-08,1.61967116406098e-17,6.39245804948516e-15,5.60152415109046e-19,3.90367826657713e-15
53703179637023.1,7.31966248404048e-15,1.47165998985165e-08,1.54681822802325e-17,6.24694885466925e-15,5.23083476976916e-19,3.81481970073774e-15
54954087385760.2,7.15304663366521e-15,1.47173383305691e-08,1.47724041336033e-17,6.10475179241129e-15,4.88454567598311e-19,3.72798380279858e-15
56234132519032.6,6.99022342244281e-15,1.47180452222762e-08,1.41079063781762e-17,5.96579147344728e-15,4.56106466337328e-19,3.64312453121717e-15
57543993733713.4,6.83110651940915e-15,1.47187218495962e-08,1.34732841205143e-17,5.82999422431023e-15,4.25890194768993e-19,3.56019689248448e-15
58884365535556.5,6.67561155872987e-15,1.47193694430052e-08,1.28671954507924e-17,5.69728804829203e-15,3.97666373360372e-19,3.4791569172688e-15
60255958607433.3,6.52365609496868e-15,1.47199891885786e-08,1.22883586281765e-17,5.56760258729266e-15,3.71304616933681e-19,3.39996163710258e-15
61659500186145.7,6.37515955937405e-15,1.47205822290978e-08,1.17355493913114e-17,5.44086908453679e-15,3.46682966742643e-19,3.32256906160002e-15
63095734448016.8,6.23004321716076e-15,1.47211496651772e-08,1.12075983884015e-17,5.31702034813791e-15,3.23687357096971e-19,3.24693815619318e-15
64565422903462.9,6.08823012576391e-15,1.47216925564037e-08,1.07033887216066e-17,5.19599071549091e-15,3.02211114570441e-19,3.17302882037493e-15
66069344800756.9,5.94964509404318e-15,1.4722211922486e-08,1.02218536007103e-17,5.07771601847423e-15,2.82154487925402e-19,3.10080186643713e-15
67608297539195.4,5.81421464241561e-15,1.47227087444056e-08,9.76197410123368e-18,4.9621335494433e-15,2.63424206980614e-19,3.03021899869277e-15
69183097091890.8,5.68186696389601e-15,1.47231839655684e-08,9.3227770223836e-18,4.84918202799715e-15,2.45933068740044e-19,2.9612427931711e-15
70794578438410.9,5.55253188602407e-15,1.47236384929514e-08,8.90333284042075e-18,4.73880156850092e-15,2.29599549187523e-19,2.89383667777496e-15
72443596007496,5.42614083365814e-15,1.47240731982412e-08,8.50275375323052e-18,4.63093364834679e-15,2.14347439236097e-19,2.82796491288973e-15
74131024130088.7,5.30262679261592e-15,1.47244889189619e-08,8.12019181206111e-18,4.52552107693685e-15,2.00105503401373e-19,2.76359257243378e-15
75857757502915.2,5.18192427414281e-15,1.47248864595894e-08,7.75483713657151e-18,4.42250796537133e-15,1.86807159845271e-19,2.70068552534013e-15
77624711662866,5.06396928018901e-15,1.47252665926501e-08,7.40591620950032e-18,4.32183969682625e-15,1.74390180510386e-19,2.63921041745974e-15
79432823472424.9,4.94869926947702e-15,1.47256300598016e-08,7.07269024742803e-18,4.22346289760485e-15,1.62796410135605e-19,2.57913465387669e-15
81283051616406.6,4.83605312434155e-15,1.47259775728941e-08,6.75445364426025e-18,4.12732540884751e-15,1.51971503010931e-19,2.52042638162595e-15
83176377110263.7,4.72597111832419e-15,1.47263098150112e-08,6.45053248420696e-18,4.03337625888502e-15,1.41864676393535e-19,2.46305447280447e-15
85113803820234.1,4.61839488450576e-15,1.47266274414884e-08,6.16028312117473e-18,3.94156563622096e-15,1.32428479568137e-19,2.4069885080668e-15
87096358995604.5,4.51326738455953e-15,1.47269310809084e-08,5.88309082162407e-18,3.85184486312848e-15,1.23618577592862e-19,2.35219876049632e-15
89125093813370.9,4.41053287850873e-15,1.47272213360732e-08,5.61836846807343e-18,3.76416636984781e-15,1.15393548826901e-19,2.29865617984363e-15
91201083935587.2,4.31013689517262e-15,1.4727498784951e-08,5.36555532055586e-18,3.67848366937078e-15,1.07714695388706e-19,2.24633237712376e-15
93325430079695.2,4.21202620328522e-15,1.47277639815991e-08,5.12411583345204e-18,3.59475133279886e-15,1.00545865743127e-19,2.19519960956392e-15
95499258602139.6,4.11614878327141e-15,1.47280174570608e-08,4.89353852523775e-18,3.51292496526201e-15,9.38532886630328e-20,2.14523076589394e-15
97723722095577,4.02245379966555e-15,1.47282597202373e-08,4.67333489879148e-18,3.4329611823852e-15,8.76054178555377e-20,2.09639935197148e-15
99999999999995.8,3.9308915741579e-15,1.47284912587342e-08,4.46303841001223e-18,3.3548175872905e-15,8.17727865852206e-20,2.04867947673453e-15
