 v-sweep                v(out)                 v(xdut.e)              v(xdut.x)              i(VDD)                 margin1                margin2                @m.xdut.m1[gm]         @m.xdut.m2[gm]        
 4.500000000000001e-01  1.799999968360946e+00 -6.450588689856607e-190  6.669526852730892e-01 -3.163905389850369e-12  6.669526852730892e-01  1.133002964969008e+00  0.000000000000000e+00  6.109940609825401e-08 
 4.505000000000001e-01  1.799998268445428e+00  8.499616466628851e-09  6.665647968885215e-01 -1.731554571764420e-10  6.660647989203186e-01  1.132934907427330e+00  6.799836397551275e-07  6.873557436564582e-07 
 4.510000000000001e-01  1.799993169055107e+00  3.399661064082213e-08  6.661416274089910e-01 -6.830944893120115e-10  6.651416355357351e-01  1.132857403989741e+00  1.359921710191935e-06  1.370605055737647e-06 
 4.515000000000001e-01  1.799984670746003e+00  7.648819895653459e-08  6.657179360785326e-01 -1.532925399734975e-09  6.642179543627087e-01  1.132776401109596e+00  2.039814184742020e-06  2.054728841629149e-06 
 4.520000000000001e-01  1.799972774074664e+00  1.359715986190322e-07  6.652941418919820e-01 -2.722592533637314e-09  6.632941743954093e-01  1.132691971014233e+00  2.719661070355398e-06  2.739050437020940e-06 
 4.525000000000001e-01  1.799957479597513e+00  2.124440275165600e-07  6.648703290768656e-01 -4.252040248733545e-09  6.623703798606977e-01  1.132604128665746e+00  3.399462374023694e-06  3.423433654613395e-06 
 4.530000000000001e-01  1.799938787870821e+00  3.059027042809456e-07  6.644465257792070e-01 -6.121212917862802e-09  6.614465989039318e-01  1.132512879432809e+00  4.079218102746158e-06  4.107832849935990e-06 
 4.535000000000001e-01  1.799916699450718e+00  4.163448482708522e-07  6.640227439900548e-01 -8.330054928202798e-09  6.605228435154948e-01  1.132418225920474e+00  4.758928263510398e-06  4.792228460606524e-06 
 4.540000000000001e-01  1.799891214893186e+00  5.437676795717205e-07  6.635989896722549e-01 -1.087851068135113e-08  6.595991196575672e-01  1.132320169702459e+00  5.438592863298160e-06  5.476610656782161e-06 
 4.545000000000001e-01  1.799862334754063e+00  6.881684189950866e-07  6.631752661097765e-01 -1.376652459375897e-08  6.586754306134525e-01  1.132218711894077e+00  6.118211909084535e-06  6.160973933721607e-06 
 4.550000000000001e-01  1.799830059589041e+00  8.495442880779976e-07  6.627515752470179e-01 -1.699404109594500e-08  6.577517783268839e-01  1.132113853381345e+00  6.797785407838256e-06  6.845314949494086e-06 
 4.555000000000001e-01  1.799794389953667e+00  1.027892509082573e-06  6.623279182976433e-01 -2.056100463328149e-08  6.568281640108600e-01  1.132005594925125e+00  7.477313366521979e-06  7.529631542021173e-06 
 4.560000000000001e-01  1.799755326403345e+00  1.223210304995495e-06  6.619042960490387e-01 -2.446735966553349e-08  6.559045884521013e-01  1.131893937213209e+00  8.156795792091972e-06  8.213922237537079e-06 
 4.565000000000001e-01  1.799712869493332e+00  1.435494899527373e-06  6.614807090262622e-01 -2.871305066683171e-08  6.549810521750008e-01  1.131778880888359e+00  8.836232691498050e-06  8.898185985893182e-06 
 4.570000000000001e-01  1.799667019778741e+00  1.664743517112226e-06  6.610571575857396e-01 -3.329802212588941e-08  6.540575555353187e-01  1.131660426564340e+00  9.515624071683419e-06  9.582422009287696e-06 
 4.575000000000001e-01  1.799617777814541e+00  1.910953382906943e-06  6.606336419714829e-01 -3.822221854586682e-08  6.531340987764021e-01  1.131538574835533e+00  1.019496993958551e-05  1.026662971150156e-05 
 4.580000000000001e-01  1.799565144155557e+00  2.174121722790914e-06  6.602101623502269e-01 -4.348558444428985e-08  6.522106820643200e-01  1.131413326282949e+00  1.087427030213501e-05  1.095080862117055e-05 
 4.585000000000001e-01  1.799509119356467e+00  2.454245763365446e-06  6.597867188341702e-01 -4.908806435326694e-08  6.512873055106060e-01  1.131284681478113e+00  1.155352516625644e-05  1.163495835507050e-05 
 4.590000000000001e-01  1.799449703971808e+00  2.751322731952627e-06  6.593633114961309e-01 -5.502960281916379e-08  6.503639691874132e-01  1.131152640985667e+00  1.223273453886777e-05  1.231907859364833e-05 
 4.595000000000001e-01  1.799386898555970e+00  3.065349856595915e-06  6.589399403799199e-01 -6.131014440298281e-08  6.494406731378869e-01  1.131017205365132e+00  1.291189842688124e-05  1.300316906427438e-05 
 4.600000000000001e-01  1.799320703663202e+00  3.396324366058760e-06  6.585166055076009e-01 -6.792963367979396e-08  6.485174173834259e-01  1.130878375172160e+00  1.359101683720201e-05  1.368722952952099e-05 
 4.605000000000001e-01  1.799251119847606e+00  3.744243489824325e-06  6.580933068846770e-01 -7.488801523941233e-08  6.475942019288681e-01  1.130736150959418e+00  1.427008977672955e-05  1.437125977878917e-05 
 4.610000000000001e-01  1.799178147663142e+00  4.109104458094796e-06  6.576700445038617e-01 -8.218523368582896e-08  6.466710267662614e-01  1.130590533277230e+00  1.494911725235661e-05  1.505525962221952e-05 
 4.615000000000001e-01  1.799101787663625e+00  4.490904501791320e-06  6.572468183478676e-01 -8.982123363748189e-08  6.457478918776541e-01  1.130441522674060e+00  1.562809927096973e-05  1.573922888618995e-05 
 4.620000000000001e-01  1.799022040402729e+00  4.889640852552809e-06  6.568236283914962e-01 -9.779595972714771e-08  6.448247972371823e-01  1.130289119696865e+00  1.630703583944936e-05  1.642316740994251e-05 
 4.625000000000001e-01  1.798938906433981e+00  5.305310742736254e-06  6.564004746032277e-01 -1.061093566019145e-07  6.439017428126610e-01  1.130133324891368e+00  1.698592696466942e-05  1.710707504301540e-05 
 4.630000000000001e-01  1.798852386310767e+00  5.737911405414939e-06  6.559773569464447e-01 -1.147613689233445e-07  6.429787285668077e-01  1.129974138802269e+00  1.766477265349762e-05  1.779095164326752e-05 
 4.635000000000001e-01  1.798762480586328e+00  6.187440074379350e-06  6.555542753803796e-01 -1.237519413672028e-07  6.420557544581902e-01  1.129811561973407e+00  1.834357291279553e-05  1.847479707534898e-05 
 4.640000000000001e-01  1.798669189813764e+00  6.653893984135726e-06  6.551312298608644e-01 -1.330810186235933e-07  6.411328204419752e-01  1.129645594947885e+00  1.902232774941818e-05  1.915861120949040e-05 
 4.645000000000001e-01  1.798572514546030e+00  7.137270369905628e-06  6.547082203409214e-01 -1.427485453969854e-07  6.402099264705201e-01  1.129476238268175e+00  1.970103717021458e-05  1.984239392054920e-05 
 4.650000000000001e-01  1.798472455335939e+00  7.637566467626080e-06  6.542852467712389e-01 -1.527544664060789e-07  6.392870724938484e-01  1.129303492476201e+00  2.037970118202727e-05  2.052614508724076e-05 
 4.655000000000001e-01  1.798369012736161e+00  8.154779513947786e-06  6.538623091005522e-01 -1.630987263839118e-07  6.383642584600304e-01  1.129127358113396e+00  2.105831979169262e-05  2.120986459152444e-05 
 4.660000000000001e-01  1.798262187299223e+00  8.688906746235636e-06  6.534394072759542e-01 -1.737812700777525e-07  6.374414843154941e-01  1.128947835720766e+00  2.173689300604078e-05  2.189355231810054e-05 
 4.665000000000001e-01  1.798151979577508e+00  9.239945402568430e-06  6.530165412431489e-01 -1.848020422492351e-07  6.365187500052788e-01  1.128764925838924e+00  2.241542083189550e-05  2.257720815400218e-05 
 4.670000000000001e-01  1.798038390123258e+00  9.807892721736908e-06  6.525937109466621e-01 -1.961609876741696e-07  6.355960554732453e-01  1.128578629008131e+00  2.309390327607455e-05  2.326083198825410e-05 
 4.675000000000001e-01  1.797921419488574e+00  1.039274594324470e-05  6.521709163300136e-01 -2.078580511425689e-07  6.346734006622485e-01  1.128388945768329e+00  2.377234034538924e-05  2.394442371159505e-05 
 4.680000000000001e-01  1.797801068225412e+00  1.099450230730687e-05  6.517481573358628e-01 -2.198931774587847e-07  6.337507855142835e-01  1.128195876659156e+00  2.445073204664450e-05  2.462798321624222e-05 
 4.685000000000001e-01  1.797677336885587e+00  1.161315905485020e-05  6.513254339061274e-01 -2.322663114413175e-07  6.328282099706030e-01  1.127999422219976e+00  2.512907838663943e-05  2.531151039569971e-05 
 4.690000000000001e-01  1.797550226020771e+00  1.224871342751198e-05  6.509027459820879e-01 -2.449773979229519e-07  6.319056739718225e-01  1.127799582989891e+00  2.580737937216655e-05  2.599500514458988e-05 
 4.695000000000001e-01  1.797419736182494e+00  1.290116266763955e-05  6.504800935044724e-01 -2.580263817505946e-07  6.309831774580059e-01  1.127596359507760e+00  2.648563501001240e-05  2.667846735851546e-05 
 4.700000000000001e-01  1.797285867922145e+00  1.357050401829010e-05  6.500574764135300e-01 -2.714132077854636e-07  6.300607203687369e-01  1.127389752312209e+00  2.716384530695722e-05  2.736189693394238e-05 
 4.705000000000001e-01  1.797148621790972e+00  1.425673472322984e-05  6.496348946490936e-01 -2.851378209027631e-07  6.291383026431846e-01  1.127179761941641e+00  2.784201026977484e-05  2.804529376809636e-05 
 4.710000000000001e-01  1.797007998340079e+00  1.495985202693409e-05  6.492123481506334e-01 -2.992001659920900e-07  6.282159242201542e-01  1.126966388934248e+00  2.852012990523306e-05  2.872865775887830e-05 
 4.715000000000001e-01  1.796863998120429e+00  1.567985317458579e-05  6.487898368573030e-01 -3.136001879571360e-07  6.272935850381343e-01  1.126749633828016e+00  2.919820422009360e-05  2.941198880478879e-05 
 4.720000000000001e-01  1.796716621682844e+00  1.641673541207606e-05  6.483673607079794e-01 -3.283378317156061e-07  6.263712850353380e-01  1.126529497160735e+00  2.987623322111166e-05  3.009528680486270e-05 
 4.725000000000001e-01  1.796565869578004e+00  1.717049598600213e-05  6.479449196412966e-01 -3.434130421995437e-07  6.254490241497344e-01  1.126305979470004e+00  3.055421691503660e-05  3.077855165861626e-05 
 4.730000000000001e-01  1.796411742356450e+00  1.794113214366885e-05  6.475225135956771e-01 -3.588257643550056e-07  6.245268023190815e-01  1.126079081293233e+00  3.123215530861124e-05  3.146178326599571e-05 
 4.735000000000001e-01  1.796254240568578e+00  1.872864113308644e-05  6.471001425093572e-01 -3.745759431421705e-07  6.236046194809510e-01  1.125848803167653e+00  3.191004840857251e-05  3.214498152733497e-05 
 4.740000000000001e-01  1.796093364764645e+00  1.953302020297122e-05  6.466778063204094e-01 -3.906635235354742e-07  6.226824755727511e-01  1.125615145630317e+00  3.258789622165090e-05  3.282814634332131e-05 
 4.745000000000001e-01  1.795929115494768e+00  2.035426660274391e-05  6.462555049667635e-01 -4.070884505232302e-07  6.217603705317473e-01  1.125378109218101e+00  3.326569875457091e-05  3.351127761495985e-05 
 4.750000000000001e-01  1.795761493308920e+00  2.119237758253023e-05  6.458332383862236e-01 -4.238506691079552e-07  6.208383042950787e-01  1.125137694467714e+00  3.394345601405084e-05  3.419437524354627e-05 
 4.755000000000001e-01  1.795590498756937e+00  2.204735039315957e-05  6.454110065164841e-01 -4.409501243063147e-07  6.199162767997759e-01  1.124893901915694e+00  3.462116800680266e-05  3.487743913064153e-05 
 4.760000000000001e-01  1.795416132388512e+00  2.291918228616495e-05  6.449888092951429e-01 -4.583867611487977e-07  6.189942879827721e-01  1.124646732098415e+00  3.529883473953243e-05  3.556046917804910e-05 
 4.765000000000001e-01  1.795238394753197e+00  2.380787051378219e-05  6.445666466597136e-01 -4.761605246803404e-07  6.180723377809165e-01  1.124396185552085e+00  3.597645621893979e-05  3.624346528779631e-05 
 4.770000000000001e-01  1.795057286400405e+00  2.471341232895016e-05  6.441445185476380e-01 -4.942713599595397e-07  6.171504261309868e-01  1.124142262812754e+00  3.665403245171842e-05  3.692642736211390e-05 
 4.775000000000001e-01  1.794872807879406e+00  2.563580498530836e-05  6.437224248962922e-01 -5.127192120593584e-07  6.162285529696946e-01  1.123884964416306e+00  3.733156344455577e-05  3.760935530342522e-05 
 4.780000000000001e-01  1.794684959739335e+00  2.657504573719878e-05  6.433003656429996e-01 -5.315040260665013e-07  6.153067182336991e-01  1.123624290898475e+00  3.800904920413314e-05  3.829224901432588e-05 
 4.785000000000001e-01  1.794493742529181e+00  2.753113183966425e-05  6.428783407250358e-01 -5.506257470818494e-07  6.143849218596116e-01  1.123360242794830e+00  3.868648973712577e-05  3.897510839757570e-05 
 4.790000000000001e-01  1.794299156797796e+00  2.850406054844725e-05  6.424563500796352e-01 -5.700843202203511e-07  6.134631637840021e-01  1.123092820640790e+00  3.936388505020270e-05  3.965793335608762e-05 
 4.795000000000001e-01  1.794101203093893e+00  2.949382911999084e-05  6.420343936439991e-01 -5.898796906107242e-07  6.125414439434080e-01  1.122822024971616e+00  4.004123515002669e-05  4.034072379291454e-05 
 4.800000000000001e-01  1.793899881966041e+00  3.050043481143714e-05  6.416124713552999e-01 -6.100118033958895e-07  6.116197622743373e-01  1.122547856322418e+00  4.071854004325450e-05  4.102347961124245e-05 
 4.805000000000001e-01  1.793695193962674e+00  3.152387488062717e-05  6.411905831506867e-01 -6.304806037326185e-07  6.106981187132752e-01  1.122270315228152e+00  4.139579973653702e-05  4.170620071438159e-05 
 4.810000000000001e-01  1.793487139632082e+00  3.256414658610046e-05  6.407687289672901e-01 -6.512860367917503e-07  6.097765131966877e-01  1.121989402223622e+00  4.207301423651858e-05  4.238888700575775e-05 
 4.815000000000001e-01  1.793275719522420e+00  3.362124718709346e-05  6.403469087422244e-01 -6.724280477580287e-07  6.088549456610255e-01  1.121705117843483e+00  4.275018354983773e-05  4.307153838890997e-05 
 4.820000000000001e-01  1.793060934181699e+00  3.469517394354092e-05  6.399251224125939e-01 -6.939065818300756e-07  6.079334160427283e-01  1.121417462622240e+00  4.342730768312655e-05  4.375415476747863e-05 
 4.825000000000001e-01  1.792842784157794e+00  3.578592411607443e-05  6.395033699154956e-01 -7.157215842205802e-07  6.070119242782293e-01  1.121126437094245e+00  4.410438664301157e-05  4.443673604520213e-05 
 4.830000000000001e-01  1.792621269998438e+00  3.689349496602099e-05  6.390816511880195e-01 -7.378730001561908e-07  6.060904703039545e-01  1.120832041793704e+00  4.478142043611258e-05  4.511928212591554e-05 
 4.835000000000001e-01  1.792396392251229e+00  3.801788375540424e-05  6.386599661672561e-01 -7.603607748770812e-07  6.051690540563301e-01  1.120534277254677e+00  4.545840906904373e-05  4.580179291353957e-05 
 4.840000000000001e-01  1.792168151463621e+00  3.915908774694261e-05  6.382383147902942e-01 -7.831848536379263e-07  6.042476754717814e-01  1.120233144011070e+00  4.613535254841299e-05  4.648426831208199e-05 
 4.845000000000001e-01  1.791936548182932e+00  4.031710420404865e-05  6.378166969942278e-01 -8.063451817068182e-07  6.033263344867379e-01  1.119928642596649e+00  4.681225088082205e-05  4.716670822562844e-05 
 4.850000000000001e-01  1.791701582956341e+00  4.149193039083124e-05  6.373951127161536e-01 -8.298417043659434e-07  6.024050310376325e-01  1.119620773545028e+00  4.748910407286669e-05  4.784911255834498e-05 
 4.855000000000001e-01  1.791463256330886e+00  4.268356357209067e-05  6.369735618931761e-01 -8.536743669113934e-07  6.014837650609060e-01  1.119309537389677e+00  4.816591213113670e-05  4.853148121447019e-05 
 4.860000000000001e-01  1.791221568853471e+00  4.389200101332157e-05  6.365520444624085e-01 -8.778431146529207e-07  6.005625364930074e-01  1.118994934663919e+00  4.884267506221543e-05  4.921381409831398e-05 
 4.865000000000001e-01  1.790976521070856e+00  4.511723998071153e-05  6.361305603609737e-01 -9.023478929143724e-07  5.996413452703958e-01  1.118676965900933e+00  4.951939287268064e-05  4.989611111425495e-05 
 4.870000000000001e-01  1.790728113529666e+00  4.635927774113943e-05  6.357091095260060e-01 -9.271886470334190e-07  5.987201913295417e-01  1.118355631633750e+00  5.019606556910361e-05  5.057837216673834e-05 
 4.875000000000001e-01  1.790476346776387e+00  4.761811156217697e-05  6.352876918946535e-01 -9.523653223612839e-07  5.977990746069293e-01  1.118030932395259e+00  5.087269315804979e-05  5.126059716027143e-05 
 4.880000000000001e-01  1.790221221357367e+00  4.889373871208603e-05  6.348663074040785e-01 -9.778778642633118e-07  5.968779950390571e-01  1.117702868718203e+00  5.154927564607850e-05  5.194278599942388e-05 
 4.885000000000001e-01  1.789962737818813e+00  5.018615645981974e-05  6.344449559914567e-01 -1.003726218118671e-06  5.959569525624371e-01  1.117371441135180e+00  5.222581303974323e-05  5.262493858882683e-05 
 4.890000000000001e-01  1.789700896706800e+00  5.149536207502164e-05  6.340236375939833e-01 -1.029910329319975e-06  5.950359471136006e-01  1.117036650178648e+00  5.290230534559073e-05  5.330705483316510e-05 
 4.895000000000001e-01  1.789435698567259e+00  5.282135282802420e-05  6.336023521488682e-01 -1.056430143274147e-06  5.941149786290938e-01  1.116698496380915e+00  5.357875257016273e-05  5.398913463718373e-05 
 4.900000000000001e-01  1.789167143945986e+00  5.416412598984979e-05  6.331810995933408e-01 -1.083285605401392e-06  5.931940470454824e-01  1.116356980274150e+00  5.425515471999412e-05  5.467117790568017e-05 
 4.905000000000001e-01  1.788895233388639e+00  5.552367883220889e-05  6.327598798646489e-01 -1.110476661136120e-06  5.922731522993503e-01  1.116012102390378e+00  5.493151180161393e-05  5.535318454350579e-05 
 4.910000000000001e-01  1.788619967440737e+00  5.690000862750127e-05  6.323386929000610e-01 -1.138003255926238e-06  5.913522943273026e-01  1.115663863261478e+00  5.560782382154546e-05  5.603515445556300e-05 
 4.915000000000001e-01  1.788341346647665e+00  5.829311264881262e-05  6.319175386368648e-01 -1.165865335233475e-06  5.904314730659634e-01  1.115312263419191e+00  5.628409078630567e-05  5.671708754680590e-05 
 4.920000000000001e-01  1.788059371554667e+00  5.970298816991743e-05  6.314964170123704e-01 -1.194062844533277e-06  5.895106884519787e-01  1.114957303395112e+00  5.696031270240559e-05  5.739898372223726e-05 
 4.925000000000001e-01  1.787774042706851e+00  6.112963246527601e-05  6.310753279639085e-01 -1.222595729314941e-06  5.885899404220163e-01  1.114598983720695e+00  5.763648957635029e-05  5.808084288690832e-05 
 4.930000000000001e-01  1.787485360649187e+00  6.257304281003441e-05  6.306542714288331e-01 -1.251463935081316e-06  5.876692289127659e-01  1.114237304927250e+00  5.831262141463887e-05  5.876266494591740e-05 
 4.935000000000001e-01  1.787193325926509e+00  6.403321648002613e-05  6.302332473445196e-01 -1.280667407349101e-06  5.867485538609396e-01  1.113872267545947e+00  5.898870822376410e-05  5.944444980441067e-05 
 4.940000000000001e-01  1.786897939083514e+00  6.551015075176768e-05  6.298122556483677e-01 -1.310206091648602e-06  5.858279152032739e-01  1.113503872107813e+00  5.966475001021315e-05  6.012619736757846e-05 
 4.945000000000001e-01  1.786599200664761e+00  6.700384290246157e-05  6.293912962778010e-01 -1.340079933523922e-06  5.849073128765283e-01  1.113132119143734e+00  6.034074678046704e-05  6.080790754065512e-05 
 4.950000000000001e-01  1.786297111214673e+00  6.851429020999456e-05  6.289703691702659e-01 -1.370288878532690e-06  5.839867468174861e-01  1.112757009184454e+00  6.101669854100064e-05  6.148958022892103e-05 
 4.955000000000001e-01  1.785991671277535e+00  7.004148995293577e-05  6.285494742632347e-01 -1.400832872246465e-06  5.830662169629559e-01  1.112378542760575e+00  6.169260529828314e-05  6.217121533769799e-05 
 4.960000000000001e-01  1.785682881397499e+00  7.158543941053915e-05  6.281286114942031e-01 -1.431711860250116e-06  5.821457232497702e-01  1.111996720402559e+00  6.236846705877738e-05  6.285281277235143e-05 
 4.965000000000001e-01  1.785370742118575e+00  7.314613586274012e-05  6.277077808006929e-01 -1.462925788142471e-06  5.812252656147872e-01  1.111611542640727e+00  6.304428382894058e-05  6.353437243828803e-05 
 4.970000000000001e-01  1.785055253984641e+00  7.472357659015699e-05  6.272869821202508e-01 -1.494474601535938e-06  5.803048439948904e-01  1.111223010005256e+00  6.372005561522367e-05  6.421589424095656e-05 
 4.975000000000001e-01  1.784736417539436e+00  7.631775887408958e-05  6.268662153904488e-01 -1.526358246056367e-06  5.793844583269879e-01  1.110831123026187e+00  6.439578242407190e-05  6.489737808584644e-05 
 4.980000000000001e-01  1.784414233326564e+00  7.792867999651796e-05  6.264454805488857e-01 -1.558576667343544e-06  5.784641085480156e-01  1.110435882233416e+00  6.507146426192417e-05  6.557882387848646e-05 
 4.985000000000001e-01  1.784088701889493e+00  7.955633724010511e-05  6.260247775331855e-01 -1.591129811050668e-06  5.775437945949342e-01  1.110037288156701e+00  6.574710113521382e-05  6.626023152444673e-05 
 4.990000000000001e-01  1.783759823771556e+00  8.120072788819203e-05  6.256041062809997e-01 -1.624017622844437e-06  5.766235164047315e-01  1.109635341325660e+00  6.642269305036801e-05  6.694160092933426e-05 
 4.995000000000001e-01  1.783427599515946e+00  8.286184922479970e-05  6.251834667300055e-01 -1.657240048405376e-06  5.757032739144217e-01  1.109230042269769e+00  6.709824001380805e-05  6.762293199879701e-05 
 5.000000000000001e-01  1.783092029665725e+00  8.453969853462962e-05  6.247628588179066e-01 -1.690797033427504e-06  5.747830670610452e-01  1.108821391518364e+00  6.777374203194906e-05  6.830422463852068e-05 
 5.005000000000001e-01  1.782753114763816e+00  8.623427310306115e-05  6.243422824824341e-01 -1.724688523618449e-06  5.738628957816698e-01  1.108409389600642e+00  6.844919911120044e-05  6.898547875422950e-05 
 5.010000000000000e-01  1.782410855353008e+00  8.794557021615096e-05  6.239217376613466e-01 -1.758914464699228e-06  5.729427600133910e-01  1.107994037045659e+00  6.912461125796557e-05  6.966669425168367e-05 
 5.014999999999999e-01  1.782065251975953e+00  8.967358716063596e-05  6.235012242924284e-01 -1.793474802404710e-06  5.720226596933295e-01  1.107575334382332e+00  6.979997847864212e-05  7.034787103668384e-05 
 5.019999999999999e-01  1.781716305175170e+00  9.141832122392711e-05  6.230807423134929e-01 -1.828369482483044e-06  5.711025947586359e-01  1.107153282139439e+00  7.047530077962121e-05  7.102900901506399e-05 
 5.024999999999998e-01  1.781364015493040e+00  9.317976969411375e-05  6.226602916623801e-01 -1.863598450696014e-06  5.701825651464870e-01  1.106727880845618e+00  7.115057816728885e-05  7.171010809269669e-05 
 5.029999999999998e-01  1.781008383471810e+00  9.495792985996337e-05  6.222398722769573e-01 -1.899161652819037e-06  5.692625707940868e-01  1.106299131029364e+00  7.182581064802459e-05  7.239116817549146e-05 
 5.034999999999997e-01  1.780649409653592e+00  9.675279901091486e-05  6.218194840951208e-01 -1.935059034640756e-06  5.683426116386685e-01  1.105867033219040e+00  7.250099822820196e-05  7.307218916939146e-05 
 5.039999999999997e-01  1.780287094580363e+00  9.856437443708583e-05  6.213991270547922e-01 -1.971290541963642e-06  5.674226876174908e-01  1.105431587942863e+00  7.317614091418885e-05  7.375317098037951e-05 
 5.044999999999996e-01  1.779921438793965e+00  1.003926534292683e-04  6.209788010939236e-01 -2.007856120603551e-06  5.665027986678425e-01  1.104992795728914e+00  7.385123871234740e-05  7.443411351447019e-05 
 5.049999999999996e-01  1.779552442836103e+00  1.022376332789260e-04  6.205585061504938e-01 -2.044755716389650e-06  5.655829447270395e-01  1.104550657105135e+00  7.452629162903353e-05  7.511501667771475e-05 
 5.054999999999995e-01  1.779180107248352e+00  1.040993112781991e-04  6.201382421625098e-01 -2.081989275164848e-06  5.646631257324256e-01  1.104105172599328e+00  7.520129967059707e-05  7.579588037619977e-05 
 5.059999999999995e-01  1.778804432572147e+00  1.059776847199017e-04  6.197180090680063e-01 -2.119556742785335e-06  5.637433416213726e-01  1.103656342739158e+00  7.587626284338255e-05  7.647670451604697e-05 
 5.064999999999994e-01  1.778425419348792e+00  1.078727508975165e-04  6.192978068050469e-01 -2.157458065120800e-06  5.628235923312811e-01  1.103204168052149e+00  7.655118115372796e-05  7.715748900341176e-05 
 5.069999999999993e-01  1.778043068119455e+00  1.097845071052030e-04  6.188776353117226e-01 -2.195693188054539e-06  5.619038777995792e-01  1.102748649065687e+00  7.722605460796586e-05  7.783823374448473e-05 
 5.074999999999993e-01  1.777657379425170e+00  1.117129506377907e-04  6.184574945261534e-01 -2.234262057483047e-06  5.609841979637238e-01  1.102289786307022e+00  7.790088321242268e-05  7.851893864548992e-05 
 5.079999999999992e-01  1.777268353806838e+00  1.136580787907798e-04  6.180373843864875e-01 -2.273164619316209e-06  5.600645527612003e-01  1.101827580303263e+00  7.857566697341926e-05  7.919960361268564e-05 
 5.084999999999992e-01  1.776875991805223e+00  1.156198888603421e-04  6.176173048309008e-01 -2.312400819477680e-06  5.591449421295217e-01  1.101362031581380e+00  7.925040589727014e-05  7.988022855236435e-05 
 5.089999999999991e-01  1.776480293960958e+00  1.175983781433209e-04  6.171972557975984e-01 -2.351970603904207e-06  5.582253660062302e-01  1.100893140668207e+00  7.992509999028420e-05  8.056081337085160e-05 
 5.094999999999991e-01  1.776081260814540e+00  1.195935439372271e-04  6.167772372248124e-01 -2.391873918546007e-06  5.573058243288949e-01  1.100420908090441e+00  8.059974925876445e-05  8.124135797450849e-05 
 5.099999999999990e-01  1.775678892906333e+00  1.216053835402421e-04  6.163572490508057e-01 -2.432110709366743e-06  5.563863170351159e-01  1.099945334374637e+00  8.127435370900808e-05  8.192186226972526e-05 
 5.104999999999990e-01  1.775273190776566e+00  1.236338942512164e-04  6.159372912138672e-01 -2.472680922343439e-06  5.554668440625194e-01  1.099466420047214e+00  8.194891334730624e-05  8.260232616292961e-05 
 5.109999999999989e-01  1.774864154965336e+00  1.256790733696690e-04  6.155173636523164e-01 -2.513584503466428e-06  5.545474053487622e-01  1.098984165634455e+00  8.262342817994420e-05  8.328274956057921e-05 
 5.114999999999988e-01  1.774451786012606e+00  1.277409181957855e-04  6.150974663044995e-01 -2.554821398739407e-06  5.536280008315275e-01  1.098498571662504e+00  8.329789821320181e-05  8.396313236916674e-05 
 5.119999999999988e-01  1.774036084458204e+00  1.298194260304207e-04  6.146775991087920e-01 -2.596391554179569e-06  5.527086304485282e-01  1.098009638657364e+00  8.397232345335265e-05  8.464347449521674e-05 
 5.124999999999987e-01  1.773617050841827e+00  1.319145941750964e-04  6.142577620035977e-01 -2.638294915817310e-06  5.517892941375053e-01  1.097517367144907e+00  8.464670390666450e-05  8.532377584528675e-05 
 5.129999999999987e-01  1.773194685703037e+00  1.340264199319990e-04  6.138379549273496e-01 -2.680531429696305e-06  5.508699918362290e-01  1.097021757650863e+00  8.532103957939925e-05  8.600403632596581e-05 
 5.134999999999986e-01  1.772768989581264e+00  1.361549006039823e-04  6.134181778185084e-01 -2.723101041873620e-06  5.499507234824974e-01  1.096522810700826e+00  8.599533047781318e-05  8.668425584387622e-05 
 5.139999999999986e-01  1.772339963015803e+00  1.383000334945644e-04  6.129984306155640e-01 -2.766003698419738e-06  5.490314890141379e-01  1.096020526820251e+00  8.666957660815671e-05  8.736443430567188e-05 
 5.144999999999985e-01  1.771907606545817e+00  1.404618159079313e-04  6.125787132570338e-01 -2.809239345418288e-06  5.481122883690051e-01  1.095514906534460e+00  8.734377797667423e-05  8.804457161804027e-05 
 5.149999999999985e-01  1.771471920710338e+00  1.426402451489299e-04  6.121590256814650e-01 -2.852807928966207e-06  5.471931214849833e-01  1.095005950368634e+00  8.801793458960404e-05  8.872466768769901e-05 
 5.154999999999984e-01  1.771032906048262e+00  1.448353185230738e-04  6.117393678274325e-01 -2.896709395173823e-06  5.462739882999852e-01  1.094493658847819e+00  8.869204645317973e-05  8.940472242139832e-05 
 5.159999999999983e-01  1.770590563098354e+00  1.470470333365389e-04  6.113197396335399e-01 -2.940943690164555e-06  5.453548887519517e-01  1.093978032496923e+00  8.936611357362761e-05  9.008473572592135e-05 
 5.164999999999983e-01  1.770144892399247e+00  1.492753868961645e-04  6.109001410384193e-01 -2.985510760075265e-06  5.444358227788523e-01  1.093459071840719e+00  9.004013595716925e-05  9.076470750808127e-05 
 5.169999999999982e-01  1.769695894489440e+00  1.515203765094524e-04  6.104805719807315e-01 -3.030410551056018e-06  5.435167903186853e-01  1.092936777403840e+00  9.071411361001984e-05  9.144463767472369e-05 
 5.174999999999982e-01  1.769243569907300e+00  1.537819994845667e-04  6.100610323991654e-01 -3.075643009269995e-06  5.425977913094769e-01  1.092411149710786e+00  9.138804653838910e-05  9.212452613272598e-05 
 5.179999999999981e-01  1.768787919191062e+00  1.560602531303330e-04  6.096415222324389e-01 -3.121208080893823e-06  5.416788256892828e-01  1.091882189285919e+00  9.206193474848067e-05  9.280437278899585e-05 
 5.184999999999981e-01  1.768328942878828e+00  1.583551347562384e-04  6.092220414192975e-01 -3.167105712117193e-06  5.407598933961857e-01  1.091349896653463e+00  9.273577824649257e-05  9.348417755047457e-05 
 5.189999999999980e-01  1.767866641508570e+00  1.606666416724309e-04  6.088025898985163e-01 -3.213335849143050e-06  5.398409943682987e-01  1.090814272337508e+00  9.340957703861692e-05  9.416394032413157e-05 
 5.194999999999980e-01  1.767401015618125e+00  1.629947711897174e-04  6.083831676088979e-01 -3.259898438187539e-06  5.389221285437613e-01  1.090275316862008e+00  9.408333113104030e-05  9.484366101696978e-05 
 5.199999999999979e-01  1.766932065745199e+00  1.653395206195664e-04  6.079637744892735e-01 -3.306793425480060e-06  5.380032958607429e-01  1.089733030750778e+00  9.475704052994304e-05  9.552333953602256e-05 
 5.204999999999979e-01  1.766459792427369e+00  1.677008872741047e-04  6.075444104785030e-01 -3.354020757263078e-06  5.370844962574406e-01  1.089187414527500e+00  9.543070524150015e-05  9.620297578835376e-05 
 5.209999999999978e-01  1.765984196202077e+00  1.700788684661166e-04  6.071250755154747e-01 -3.401580379792338e-06  5.361657296720805e-01  1.088638468715718e+00  9.610432527188056e-05  9.688256968105867e-05 
 5.214999999999977e-01  1.765505277606632e+00  1.724734615090475e-04  6.067057695391045e-01 -3.449472239336760e-06  5.352469960429161e-01  1.088086193838841e+00  9.677790062724749e-05  9.756212112126360e-05 
 5.219999999999977e-01  1.765023037178217e+00  1.748846637169987e-04  6.062864924883373e-01 -3.497696282178274e-06  5.343282953082300e-01  1.087530590420142e+00  9.745143131375857e-05  9.824163001612499e-05 
 5.224999999999976e-01  1.764537475453878e+00  1.773124724047288e-04  6.058672443021462e-01 -3.546252454612170e-06  5.334096274063331e-01  1.086971658982757e+00  9.812491733756517e-05  9.892109627283046e-05 
 5.229999999999976e-01  1.764048592970532e+00  1.797568848876552e-04  6.054480249195321e-01 -3.595140702946753e-06  5.324909922755637e-01  1.086409400049689e+00  9.879835870481338e-05  9.960051979859864e-05 
 5.234999999999975e-01  1.763556390264965e+00  1.822178984818484e-04  6.050288342795248e-01 -3.644360973503470e-06  5.315723898542896e-01  1.085843814143803e+00  9.947175542164372e-05  1.002799005006772e-04 
 5.239999999999975e-01  1.763060867873831e+00  1.846955105040378e-04  6.046096723211820e-01 -3.693913212616861e-06  5.306538200809060e-01  1.085274901787829e+00  1.001451074941902e-04  1.009592382863462e-04 
 5.244999999999974e-01  1.762562026333655e+00  1.871897182716069e-04  6.041905389835900e-01 -3.743797366634506e-06  5.297352828938371e-01  1.084702663504364e+00  1.008184149285817e-04  1.016385330629138e-04 
 5.249999999999974e-01  1.762059866180827e+00  1.897005191025950e-04  6.037714342058621e-01 -3.794013381917317e-06  5.288167782315342e-01  1.084127099815866e+00  1.014916777309409e-04  1.023177847377211e-04 
 5.254999999999973e-01  1.761554387951608e+00  1.922279103156935e-04  6.033523579271411e-01 -3.844561204839218e-06  5.278983060324776e-01  1.083548211244659e+00  1.021648959073853e-04  1.029969932181374e-04 
 5.259999999999972e-01  1.761045592182129e+00  1.947718892302523e-04  6.029333100865966e-01 -3.895440781787063e-06  5.269798662351747e-01  1.082965998312933e+00  1.028380694640262e-04  1.036761584115643e-04 
 5.264999999999972e-01  1.760533479408392e+00  1.973324531662707e-04  6.025142906234275e-01 -3.946652059160822e-06  5.260614587781625e-01  1.082380461542744e+00  1.035111984069693e-04  1.043552802254313e-04 
 5.269999999999971e-01  1.760018050166264e+00  1.999095994444024e-04  6.020952994768602e-01 -3.998194983373588e-06  5.251430836000051e-01  1.081791601456009e+00  1.041842827423143e-04  1.050343585671988e-04 
 5.274999999999971e-01  1.759499304991484e+00  2.025033253859550e-04  6.016763365861487e-01 -4.050069500851597e-06  5.242247406392944e-01  1.081199418574513e+00  1.048573224761558e-04  1.057133933443583e-04 
 5.279999999999970e-01  1.758977244419661e+00  2.051136283128864e-04  6.012574018905759e-01 -4.102275558033906e-06  5.233064298346513e-01  1.080603913419906e+00  1.055303176145823e-04  1.063923844644295e-04 
 5.284999999999970e-01  1.758451868986272e+00  2.077405055478072e-04  6.008384953294519e-01 -4.154813101372773e-06  5.223881511247237e-01  1.080005086513702e+00  1.062032681636763e-04  1.070713318349632e-04 
 5.289999999999969e-01  1.757923179226667e+00  2.103839544139780e-04  6.004196168421145e-01 -4.207682077333330e-06  5.214699044481874e-01  1.079402938377283e+00  1.068761741295151e-04  1.077502353635401e-04 
 5.294999999999969e-01  1.757391175676060e+00  2.130439722353135e-04  6.000007663679303e-01 -4.260882432394019e-06  5.205516897437470e-01  1.078797469531892e+00  1.075490355181700e-04  1.084290949577697e-04 
 5.299999999999968e-01  1.756855858869540e+00  2.157205563363738e-04  5.995819438462927e-01 -4.314414113045965e-06  5.196335069501339e-01  1.078188680498642e+00  1.082218523357067e-04  1.091079105252929e-04 
 5.304999999999968e-01  1.756317229342065e+00  2.184137040423720e-04  5.991631492166233e-01 -4.368277065793468e-06  5.187153560061075e-01  1.077576571798510e+00  1.088946245881849e-04  1.097866819737793e-04 
 5.309999999999967e-01  1.755775287628463e+00  2.211234126791696e-04  5.987443824183726e-01 -4.422471237153702e-06  5.177972368504566e-01  1.076961143952336e+00  1.095673522816590e-04  1.104654092109264e-04 
 5.314999999999966e-01  1.755230034263431e+00  2.238496795732771e-04  5.983256433910171e-01 -4.476996573656879e-06  5.168791494219958e-01  1.076342397480831e+00  1.102400354221778e-04  1.111440921444641e-04 
 5.319999999999966e-01  1.754681469781538e+00  2.265925020518539e-04  5.979069320740613e-01 -4.531853021846221e-06  5.159610936595673e-01  1.075720332904567e+00  1.109126740157836e-04  1.118227306821516e-04 
 5.324999999999965e-01  1.754129594717222e+00  2.293518774427062e-04  5.974882484070385e-01 -4.587040528277825e-06  5.150430695020428e-01  1.075094950743985e+00  1.115852680685138e-04  1.125013247317751e-04 
 5.329999999999965e-01  1.753574409604792e+00  2.321278030742885e-04  5.970695923295084e-01 -4.642559039520799e-06  5.141250768883199e-01  1.074466251519390e+00  1.122578175864000e-04  1.131798742011528e-04 
 5.334999999999964e-01  1.753015914978428e+00  2.349202762757005e-04  5.966509637810590e-01 -4.698408502157205e-06  5.132071157573249e-01  1.073834235750955e+00  1.129303225754678e-04  1.138583789981309e-04 
 5.339999999999964e-01  1.752454111372181e+00  2.377292943766918e-04  5.962323627013051e-01 -4.754588862781930e-06  5.122891860480108e-01  1.073198903958718e+00  1.136027830417372e-04  1.145368390305862e-04 
 5.344999999999963e-01  1.751888999319972e+00  2.405548547076557e-04  5.958137890298904e-01 -4.811100068002839e-06  5.113712876993591e-01  1.072560256662583e+00  1.142751989912229e-04  1.152152542064221e-04 
 5.349999999999963e-01  1.751320579355593e+00  2.433969545996302e-04  5.953952427064845e-01 -4.867942064440704e-06  5.104534206503780e-01  1.071918294382322e+00  1.149475704299334e-04  1.158936244335745e-04 
 5.354999999999962e-01  1.750748852012707e+00  2.462555913843014e-04  5.949767236707854e-01 -4.925114798729304e-06  5.095355848401034e-01  1.071273017637570e+00  1.156198973638721e-04  1.165719496200063e-04 
 5.359999999999961e-01  1.750173817824848e+00  2.491307623939970e-04  5.945582318625174e-01 -4.982618217515240e-06  5.086177802075982e-01  1.070624426947831e+00  1.162921797990358e-04  1.172502296737116e-04 
 5.364999999999961e-01  1.749595477325422e+00  2.520224649616908e-04  5.941397672214344e-01 -5.040452267457798e-06  5.077000066919540e-01  1.069972522832478e+00  1.169644177414168e-04  1.179284645027100e-04 
 5.369999999999960e-01  1.749013831047705e+00  2.549306964209993e-04  5.937213296873147e-01 -5.098616895229518e-06  5.067822642322879e-01  1.069317305810744e+00  1.176366111970010e-04  1.186066540150543e-04 
 5.374999999999960e-01  1.748428879524845e+00  2.578554541061831e-04  5.933029191999666e-01 -5.157112047515436e-06  5.058645527677461e-01  1.068658776401736e+00  1.183087601717689e-04  1.192847981188227e-04 
 5.379999999999959e-01  1.747840623289863e+00  2.607967353521450e-04  5.928845356992234e-01 -5.215937671013734e-06  5.049468722375003e-01  1.067996935124423e+00  1.189808646716952e-04  1.199628967221256e-04 
 5.384999999999959e-01  1.747249062875648e+00  2.637545374944298e-04  5.924661791249474e-01 -5.275093712435198e-06  5.040292225807513e-01  1.067331782497642e+00  1.196529247027492e-04  1.206409497330990e-04 
 5.389999999999958e-01  1.746654198814963e+00  2.667288578692246e-04  5.920478494170266e-01 -5.334580118503731e-06  5.031116037367254e-01  1.066663319040097e+00  1.203249402708941e-04  1.213189570599108e-04 
 5.394999999999958e-01  1.746056031640443e+00  2.697196938133572e-04  5.916295465153770e-01 -5.394396835955680e-06  5.021940156446767e-01  1.065991545270361e+00  1.209969113820880e-04  1.219969186107555e-04 
 5.399999999999957e-01  1.745454561884593e+00  2.727270426643002e-04  5.912112703599417e-01 -5.454543811540672e-06  5.012764582438869e-01  1.065316461706870e+00  1.216688380422831e-04  1.226748342938573e-04 
 5.404999999999957e-01  1.744849790079792e+00  2.757509017601586e-04  5.907930208906896e-01 -5.515020992020829e-06  5.003589314736632e-01  1.064638068867931e+00  1.223407202574261e-04  1.233527040174702e-04 
 5.409999999999956e-01  1.744241716758290e+00  2.787912684396861e-04  5.903747980476192e-01 -5.575828324171013e-06  4.994414352733425e-01  1.063956367271718e+00  1.230125580334576e-04  1.240305276898735e-04 
 5.414999999999955e-01  1.743630342452208e+00  2.818481400422702e-04  5.899566017707530e-01 -5.636965754779151e-06  4.985239695822860e-01  1.063271357436271e+00  1.236843513763132e-04  1.247083052193788e-04 
 5.419999999999955e-01  1.743015667693542e+00  2.849215139079395e-04  5.895384320001422e-01 -5.698433230645801e-06  4.976065343398830e-01  1.062583039879496e+00  1.243561002919226e-04  1.253860365143246e-04 
 5.424999999999954e-01  1.742397693014157e+00  2.880113873773609e-04  5.891202886758641e-01 -5.760230698584258e-06  4.966891294855494e-01  1.061891415119170e+00  1.250278047862098e-04  1.260637214830787e-04 
 5.429999999999954e-01  1.741776418945794e+00  2.911177577918415e-04  5.887021717380235e-01 -5.822358105420642e-06  4.957717549587287e-01  1.061196483672935e+00  1.256994648650932e-04  1.267413600340359e-04 
 5.434999999999953e-01  1.741151846020062e+00  2.942406224933217e-04  5.882840811267520e-01 -5.884815397993808e-06  4.948544106988907e-01  1.060498246058302e+00  1.263710805344862e-04  1.274189520756203e-04 
 5.439999999999953e-01  1.740523974768446e+00  2.973799788243835e-04  5.878660167822067e-01 -5.947602523155381e-06  4.939370966455313e-01  1.059796702792649e+00  1.270426518002954e-04  1.280964975162857e-04 
 5.444999999999952e-01  1.739892805722304e+00  3.005358241282412e-04  5.874479786445731e-01 -6.010719427769641e-06  4.930198127381743e-01  1.059091854393224e+00  1.277141786684229e-04  1.287739962645122e-04 
 5.449999999999952e-01  1.739258339412862e+00  3.037081557487516e-04  5.870299666540622e-01 -6.074166058713773e-06  4.921025589163694e-01  1.058383701377138e+00  1.283856611447646e-04  1.294514482288096e-04 
 5.454999999999951e-01  1.738620576371227e+00  3.068969710303996e-04  5.866119807509123e-01 -6.137942362877347e-06  4.911853351196935e-01  1.057672244261377e+00  1.290570992352112e-04  1.301288533177150e-04 
 5.459999999999950e-01  1.737979517128369e+00  3.101022673183143e-04  5.861940208753870e-01 -6.202048287163133e-06  4.902681412877489e-01  1.056957483562786e+00  1.297284929456472e-04  1.308062114397960e-04 
 5.464999999999950e-01  1.737335162215139e+00  3.133240419582513e-04  5.857760869677791e-01 -6.266483778486073e-06  4.893509773601668e-01  1.056239419798089e+00  1.303998422819521e-04  1.314835225036444e-04 
 5.469999999999949e-01  1.736687512162258e+00  3.165622922966073e-04  5.853581789684047e-01 -6.331248783774225e-06  4.884338432766022e-01  1.055518053483868e+00  1.310711472499997e-04  1.321607864178845e-04 
 5.474999999999949e-01  1.736036567500320e+00  3.198170156804082e-04  5.849402968176091e-01 -6.396343249968011e-06  4.875167389767388e-01  1.054793385136581e+00  1.317424078556579e-04  1.328380030911654e-04 
 5.479999999999948e-01  1.735382328759793e+00  3.230882094573149e-04  5.845224404557624e-01 -6.461767124020724e-06  4.865996644002856e-01  1.054065415272550e+00  1.324136241047894e-04  1.335151724321661e-04 
 5.484999999999948e-01  1.734724796471017e+00  3.263758709756257e-04  5.841046098232610e-01 -6.527520352898262e-06  4.856826194869775e-01  1.053334144407966e+00  1.330847960032514e-04  1.341922943495940e-04 
 5.489999999999947e-01  1.734063971164208e+00  3.296799975842629e-04  5.836868048605287e-01 -6.593602883579156e-06  4.847656041765773e-01  1.052599573058890e+00  1.337559235568948e-04  1.348693687521830e-04 
 5.494999999999947e-01  1.733399853369454e+00  3.330005866327892e-04  5.832690255080150e-01 -6.660014663054591e-06  4.838486184088729e-01  1.051861701741252e+00  1.344270067715659e-04  1.355463955486960e-04 
 5.499999999999946e-01  1.732732443616715e+00  3.363376354713962e-04  5.828512717061953e-01 -6.726755638328496e-06  4.829316621236788e-01  1.051120530970847e+00  1.350980456531048e-04  1.362233746479237e-04 
 5.504999999999945e-01  1.732061742435829e+00  3.396911414509041e-04  5.824335433955722e-01 -6.793825756417103e-06  4.820147352608361e-01  1.050376061263345e+00  1.357690402073461e-04  1.369003059586842e-04 
 5.509999999999945e-01  1.731387750356504e+00  3.430611019227678e-04  5.820158405166735e-01 -6.861224964349572e-06  4.810978377602116e-01  1.049628293134278e+00  1.364399904401192e-04  1.375771893898239e-04 
 5.514999999999944e-01  1.730710467908323e+00  3.464475142390685e-04  5.815981630100540e-01 -6.928953209167643e-06  4.801809695616987e-01  1.048877227099052e+00  1.371108963572475e-04  1.382540248502169e-04 
 5.519999999999944e-01  1.730029895620744e+00  3.498503757525236e-04  5.811805108162934e-01 -6.997010437925576e-06  4.792641306052162e-01  1.048122863672940e+00  1.377817579645492e-04  1.389308122487655e-04 
 5.524999999999943e-01  1.729346034023098e+00  3.532696838164728e-04  5.807628838759983e-01 -7.065396597690155e-06  4.783473208307092e-01  1.047365203371083e+00  1.384525752678369e-04  1.396075514944000e-04 
 5.529999999999943e-01  1.728658883644591e+00  3.567054357848909e-04  5.803452821298009e-01 -7.134111635540848e-06  4.774305401781491e-01  1.046604246708493e+00  1.391233482729173e-04  1.402842424960775e-04 
 5.534999999999942e-01  1.727968445014302e+00  3.601576290123757e-04  5.799277055183604e-01 -7.203155498569809e-06  4.765137885875339e-01  1.045839994200051e+00  1.397940769855920e-04  1.409608851627823e-04 
 5.539999999999942e-01  1.727274718661186e+00  3.636262608541589e-04  5.795101539823606e-01 -7.272528133881389e-06  4.755970659988863e-01  1.045072446360507e+00  1.404647614116570e-04  1.416374794035274e-04 
 5.544999999999941e-01  1.726577705114071e+00  3.671113286660945e-04  5.790926274625116e-01 -7.342229488592868e-06  4.746803723522551e-01  1.044301603704480e+00  1.411354015569027e-04  1.423140251273540e-04 
 5.549999999999941e-01  1.725877404901661e+00  3.706128298046677e-04  5.786751258995494e-01 -7.412259509833859e-06  4.737637075877156e-01  1.043527466746458e+00  1.418059974271136e-04  1.429905222433296e-04 
 5.554999999999940e-01  1.725173818552534e+00  3.741307616269879e-04  5.782576492342361e-01 -7.482618144746605e-06  4.728470716453687e-01  1.042750036000802e+00  1.424765490280694e-04  1.436669706605494e-04 
 5.559999999999939e-01  1.724466946595143e+00  3.776651214907913e-04  5.778401974073591e-01 -7.553305340485738e-06  4.719304644653408e-01  1.041969311981738e+00  1.431470563655436e-04  1.443433702881365e-04 
 5.564999999999939e-01  1.723756789557813e+00  3.812159067544419e-04  5.774227703597313e-01 -7.624321044218682e-06  4.710138859877837e-01  1.041185295203363e+00  1.438175194453049e-04  1.450197210352420e-04 
 5.569999999999938e-01  1.723043347968749e+00  3.847831147769260e-04  5.770053680321922e-01 -7.695665203125032e-06  4.700973361528759e-01  1.040397986179646e+00  1.444879382731156e-04  1.456960228110428e-04 
 5.574999999999938e-01  1.722326622356029e+00  3.883667429178582e-04  5.765879903656058e-01 -7.767337764397149e-06  4.691808149008207e-01  1.039607385424423e+00  1.451583128547332e-04  1.463722755247447e-04 
 5.579999999999937e-01  1.721606613247602e+00  3.919667885374745e-04  5.761706373008625e-01 -7.839338675239753e-06  4.682643221718473e-01  1.038813493451402e+00  1.458286431959095e-04  1.470484790855799e-04 
 5.584999999999937e-01  1.720883321171299e+00  3.955832489966370e-04  5.757533087788779e-01 -7.911667882870089e-06  4.673478579062104e-01  1.038016310774160e+00  1.464989293023906e-04  1.477246334028086e-04 
 5.589999999999936e-01  1.720156746654823e+00  3.992161216568301e-04  5.753360047405932e-01 -7.984325334517732e-06  4.664314220441904e-01  1.037215837906145e+00  1.471691711799175e-04  1.484007383857178e-04 
 5.594999999999936e-01  1.719426890225750e+00  4.028654038801619e-04  5.749187251269749e-01 -8.057310977424998e-06  4.655150145260929e-01  1.036412075360674e+00  1.478393688342252e-04  1.490767939436218e-04 
 5.599999999999935e-01  1.718693752411535e+00  4.065310930293645e-04  5.745014698790148e-01 -8.130624758846455e-06  4.645986352922487e-01  1.035605023650934e+00  1.485095222710436e-04  1.497527999858626e-04 
 5.604999999999934e-01  1.717957333739508e+00  4.102131864677891e-04  5.740842389377306e-01 -8.204266626049138e-06  4.636822842830147e-01  1.034794683289983e+00  1.491796314960968e-04  1.504287564218087e-04 
 5.609999999999934e-01  1.717217634736874e+00  4.139116815594122e-04  5.736670322441649e-01 -8.278236526312578e-06  4.627659614387727e-01  1.033981054790750e+00  1.498496965151038e-04  1.511046631608558e-04 
 5.614999999999933e-01  1.716474655930713e+00  4.176265756688280e-04  5.732498497393855e-01 -8.352534406928721e-06  4.618496666999296e-01  1.033164138666033e+00  1.505197173337780e-04  1.517805201124274e-04 
 5.619999999999933e-01  1.715728397847981e+00  4.213578661612575e-04  5.728326913644853e-01 -8.427160215201924e-06  4.609334000069176e-01  1.032343935428502e+00  1.511896939578268e-04  1.524563271859738e-04 
 5.624999999999932e-01  1.714978861015512e+00  4.251055504025348e-04  5.724155570605837e-01 -8.502113898448799e-06  4.600171613001952e-01  1.031520445590697e+00  1.518596263929529e-04  1.531320842909708e-04 
 5.629999999999932e-01  1.714226045960013e+00  4.288696257591189e-04  5.719984467688233e-01 -8.577395403998697e-06  4.591009505202444e-01  1.030693669665028e+00  1.525295146448530e-04  1.538077913369239e-04 
 5.634999999999931e-01  1.713469953208071e+00  4.326500895980875e-04  5.715813604303731e-01 -8.653004679192919e-06  4.581847676075732e-01  1.029863608163777e+00  1.531993587192188e-04  1.544834482333633e-04 
 5.639999999999931e-01  1.712710583286144e+00  4.364469392871356e-04  5.711642979864269e-01 -8.728941671385618e-06  4.572686125027148e-01  1.029030261599095e+00  1.538691586217361e-04  1.551590548898473e-04 
 5.644999999999930e-01  1.711947936720569e+00  4.402601721945786e-04  5.707472593782033e-01 -8.805206327943061e-06  4.563524851462272e-01  1.028193630483006e+00  1.545389143580852e-04  1.558346112159608e-04 
 5.649999999999930e-01  1.711182014037562e+00  4.440897856893516e-04  5.703302445469459e-01 -8.881798596243820e-06  4.554363854786933e-01  1.027353715327404e+00  1.552086259339413e-04  1.565101171213156e-04 
 5.654999999999929e-01  1.710412815763210e+00  4.479357771410042e-04  5.699132534339241e-01 -8.958718423678964e-06  4.545203134407215e-01  1.026510516644055e+00  1.558782933549739e-04  1.571855725155494e-04 
 5.659999999999928e-01  1.709640342423481e+00  4.517981439197054e-04  5.694962859804305e-01 -9.035965757651920e-06  4.536042689729440e-01  1.025664034944592e+00  1.565479166268471e-04  1.578609773083288e-04 
 5.664999999999928e-01  1.708864594544216e+00  4.556768833962377e-04  5.690793421277843e-01 -9.113540545578342e-06  4.526882520160195e-01  1.024814270740525e+00  1.572174957552197e-04  1.585363314093448e-04 
 5.669999999999927e-01  1.708085572651137e+00  4.595719929420076e-04  5.686624218173285e-01 -9.191442734886242e-06  4.517722625106300e-01  1.023961224543232e+00  1.578870307457448e-04  1.592116347283166e-04 
 5.674999999999927e-01  1.707303277269840e+00  4.634834699290305e-04  5.682455249904305e-01 -9.269672273016019e-06  4.508563003974825e-01  1.023104896863963e+00  1.585565216040703e-04  1.598868871749907e-04 
 5.679999999999926e-01  1.706517708925797e+00  4.674113117299393e-04  5.678286515884843e-01 -9.348229107420297e-06  4.499403656173104e-01  1.022245288213840e+00  1.592259683358386e-04  1.605620886591369e-04 
 5.684999999999926e-01  1.705728868144359e+00  4.713555157179833e-04  5.674118015529064e-01 -9.427113185564060e-06  4.490244581108697e-01  1.021382399103856e+00  1.598953709466862e-04  1.612372390905558e-04 
 5.689999999999925e-01  1.704936755450754e+00  4.753160792670237e-04  5.669949748251393e-01 -9.506324454924597e-06  4.481085778189421e-01  1.020516230044874e+00  1.605647294422451e-04  1.619123383790718e-04 
 5.694999999999925e-01  1.704141371370085e+00  4.792929997515422e-04  5.665781713466498e-01 -9.585862862991450e-06  4.471927246823342e-01  1.019646781547632e+00  1.612340438281409e-04  1.625873864345369e-04 
 5.699999999999924e-01  1.703342716427336e+00  4.832862745466254e-04  5.661613910589287e-01 -9.665728357266437e-06  4.462768986418760e-01  1.018774054122737e+00  1.619033141099946e-04  1.632623831668296e-04 
 5.704999999999923e-01  1.702540791147364e+00  4.872959010279830e-04  5.657446339034924e-01 -9.745920885263575e-06  4.453610996384235e-01  1.017898048280669e+00  1.625725402934212e-04  1.639373284858543e-04 
 5.709999999999923e-01  1.701735596054906e+00  4.913218765719271e-04  5.653278998218803e-01 -9.826440394509431e-06  4.444453276128556e-01  1.017018764531778e+00  1.632417223840306e-04  1.646122223015436e-04 
 5.714999999999922e-01  1.700927131674576e+00  4.953641985553910e-04  5.649111887556577e-01 -9.907286832542362e-06  4.435295825060772e-01  1.016136203386289e+00  1.639108603874272e-04  1.652870645238537e-04 
 5.719999999999922e-01  1.700115398530866e+00  4.994228643559157e-04  5.644945006464140e-01 -9.988460146913411e-06  4.426138642590172e-01  1.015250365354297e+00  1.645799543092096e-04  1.659618550627686e-04 
 5.724999999999921e-01  1.699300397148145e+00  5.034978713516558e-04  5.640778354357622e-01 -1.006996028518546e-05  4.416981728126280e-01  1.014361250945770e+00  1.652490041549718e-04  1.666365938282997e-04 
 5.729999999999921e-01  1.698482128050661e+00  5.075892169213756e-04  5.636611930653400e-01 -1.015178719493390e-05  4.407825081078872e-01  1.013468860670548e+00  1.659180099303017e-04  1.673112807304828e-04 
 5.734999999999920e-01  1.697660591762536e+00  5.116968984444510e-04  5.632445734768096e-01 -1.023394082374639e-05  4.398668700857963e-01  1.012573195038340e+00  1.665869716407821e-04  1.679859156793817e-04 
 5.739999999999920e-01  1.696835788807777e+00  5.158209133008651e-04  5.628279766118570e-01 -1.031642111922230e-05  4.389512586873812e-01  1.011674254558735e+00  1.672558892919905e-04  1.686604985850852e-04 
 5.744999999999919e-01  1.696007719710262e+00  5.199612588712174e-04  5.624114024121931e-01 -1.039922802897382e-05  4.380356738536922e-01  1.010772039741186e+00  1.679247628894985e-04  1.693350293577083e-04 
 5.749999999999919e-01  1.695176384993750e+00  5.241179325367117e-04  5.619948508195519e-01 -1.048236150062501e-05  4.371201155258032e-01  1.009866551095022e+00  1.685935924388729e-04  1.700095079073936e-04 
 5.754999999999918e-01  1.694341785181879e+00  5.282909316791611e-04  5.615783217756929e-01 -1.056582148181210e-05  4.362045836448130e-01  1.008957789129447e+00  1.692623779456749e-04  1.706839341443074e-04 
 5.759999999999917e-01  1.693503920798164e+00  5.324802536809886e-04  5.611618152223981e-01 -1.064960792018354e-05  4.352890781518435e-01  1.008045754353534e+00  1.699311194154602e-04  1.713583079786449e-04 
 5.764999999999917e-01  1.692662792365999e+00  5.366858959252265e-04  5.607453311014744e-01 -1.073372076340005e-05  4.343735989880414e-01  1.007130447276228e+00  1.705998168537792e-04  1.720326293206254e-04 
 5.769999999999916e-01  1.691818400408658e+00  5.409078557955103e-04  5.603288693547530e-01 -1.081815995913419e-05  4.334581460945776e-01  1.006211868406353e+00  1.712684702661769e-04  1.727068980804944e-04 
 5.774999999999916e-01  1.690970745449289e+00  5.451461306760871e-04  5.599124299240881e-01 -1.090292545507111e-05  4.325427194126458e-01  1.005290018252596e+00  1.719370796581930e-04  1.733811141685247e-04 
 5.779999999999915e-01  1.690119828010923e+00  5.494007179518114e-04  5.594960127513583e-01 -1.098801719890766e-05  4.316273188834646e-01  1.004364897323526e+00  1.726056450353618e-04  1.740552774950139e-04 
 5.784999999999915e-01  1.689265648616469e+00  5.536716150081354e-04  5.590796177784664e-01 -1.107343513835304e-05  4.307119444482764e-01  1.003436506127581e+00  1.732741664032122e-04  1.747293879702856e-04 
 5.789999999999914e-01  1.688408207788714e+00  5.579588192311308e-04  5.586632449473381e-01 -1.115917922112861e-05  4.297965960483468e-01  1.002504845173071e+00  1.739426437672677e-04  1.754034455046901e-04 
 5.794999999999914e-01  1.687547506050321e+00  5.622623280074635e-04  5.582468941999239e-01 -1.124524939496784e-05  4.288812736249661e-01  1.001569914968180e+00  1.746110771330465e-04  1.760774500086026e-04 
 5.799999999999913e-01  1.686683543923838e+00  5.665821387244108e-04  5.578305654781972e-01 -1.133164560761615e-05  4.279659771194475e-01  1.000631716020967e+00  1.752794665060613e-04  1.767514013924249e-04 
 5.804999999999912e-01  1.685816321931690e+00  5.709182487698500e-04  5.574142587241557e-01 -1.141836780683102e-05  4.270507064731285e-01  9.996902488393630e-01  1.759478118918198e-04  1.774252995665839e-04 
 5.809999999999912e-01  1.684945840596176e+00  5.752706555322674e-04  5.569979738798203e-01 -1.150541594038238e-05  4.261354616273699e-01  9.987455139311697e-01  1.766161132958239e-04  1.780991444415329e-04 
 5.814999999999911e-01  1.684072100439482e+00  5.796393564007487e-04  5.565817108872354e-01 -1.159278995605176e-05  4.252202425235559e-01  9.977975118040667e-01  1.772843707235706e-04  1.787729359277513e-04 
 5.819999999999911e-01  1.683195101983669e+00  5.840243487649879e-04  5.561654696884696e-01 -1.168048980163306e-05  4.243050491030952e-01  9.968462429656045e-01  1.779525841805508e-04  1.794466739357432e-04 
 5.824999999999910e-01  1.682314845750678e+00  5.884256300152749e-04  5.557492502256145e-01 -1.176851542493223e-05  4.233898813074191e-01  9.958917079232070e-01  1.786207536722512e-04  1.801203583760385e-04 
 5.829999999999910e-01  1.681431332262330e+00  5.928431975425073e-04  5.553330524407855e-01 -1.185686677376702e-05  4.224747390779829e-01  9.949339071841734e-01  1.792888792041521e-04  1.807939891591934e-04 
 5.834999999999909e-01  1.680544562040324e+00  5.972770487381837e-04  5.549168762761212e-01 -1.194554379596756e-05  4.215596223562653e-01  9.939728412556745e-01  1.799569607817291e-04  1.814675661957891e-04 
 5.839999999999909e-01  1.679654535606242e+00  6.017271809944042e-04  5.545007216737834e-01 -1.203454643937575e-05  4.206445310837680e-01  9.930085106447566e-01  1.806249984104521e-04  1.821410893964331e-04 
 5.844999999999908e-01  1.678761253481543e+00  6.061935917038697e-04  5.540845885759575e-01 -1.212387465184567e-05  4.197294652020164e-01  9.920409158583381e-01  1.812929920957858e-04  1.828145586717584e-04 
 5.849999999999907e-01  1.677864716187567e+00  6.106762782598809e-04  5.536684769248530e-01 -1.221352838124329e-05  4.188144246525597e-01  9.910700574032134e-01  1.819609418431899e-04  1.834879739324218e-04 
 5.854999999999907e-01  1.676964924245532e+00  6.151752380563412e-04  5.532523866627010e-01 -1.230350757544675e-05  4.178994093769695e-01  9.900959357860479e-01  1.826288476581182e-04  1.841613350891080e-04 
 5.859999999999906e-01  1.676061878176540e+00  6.196904684877511e-04  5.528363177317571e-01 -1.239381218234596e-05  4.169844193168410e-01  9.891185515133849e-01  1.832967095460195e-04  1.848346420525261e-04 
 5.864999999999906e-01  1.675155578501570e+00  6.242219669492118e-04  5.524202700743001e-01 -1.248444214984297e-05  4.160694544137932e-01  9.881379050916389e-01  1.839645275123373e-04  1.855078947334098e-04 
 5.869999999999905e-01  1.674246025741481e+00  6.287697308364228e-04  5.520042436326308e-01 -1.257539742585191e-05  4.151545146094671e-01  9.871539970270985e-01  1.846323015625096e-04  1.861810930425199e-04 
 5.874999999999905e-01  1.673333220417013e+00  6.333337575456858e-04  5.515882383490743e-01 -1.266667795829862e-05  4.142395998455277e-01  9.861668278259282e-01  1.853000317019694e-04  1.868542368906415e-04 
 5.879999999999904e-01  1.672417163048789e+00  6.379140444738953e-04  5.511722541659786e-01 -1.275828369512114e-05  4.133247100636630e-01  9.851763979941662e-01  1.859677179361441e-04  1.875273261885844e-04 
 5.884999999999904e-01  1.671497854157308e+00  6.425105890185463e-04  5.507562910257143e-01 -1.285021458426918e-05  4.124098452055839e-01  9.841827080377257e-01  1.866353602704557e-04  1.882003608471851e-04 
 5.889999999999903e-01  1.670575294262953e+00  6.471233885777300e-04  5.503403488706753e-01 -1.294247057370473e-05  4.114950052130243e-01  9.831857584623928e-01  1.873029587103213e-04  1.888733407773043e-04 
 5.894999999999903e-01  1.669649483885983e+00  6.517524405501356e-04  5.499244276432779e-01 -1.303505161140165e-05  4.105801900277407e-01  9.821855497738272e-01  1.879705132611526e-04  1.895462658898294e-04 
 5.899999999999902e-01  1.668720423546546e+00  6.563977423350466e-04  5.495085272859619e-01 -1.312795764534539e-05  4.096653995915132e-01  9.811820824775683e-01  1.886380239283555e-04  1.902191360956712e-04 
 5.904999999999901e-01  1.667788113764661e+00  6.610592913323494e-04  5.490926477411898e-01 -1.322118862353387e-05  4.087506338461441e-01  9.801753570790229e-01  1.893054907173316e-04  1.908919513057669e-04 
 5.909999999999901e-01  1.666852555060238e+00  6.657370849425140e-04  5.486767889514476e-01 -1.331474449397624e-05  4.078358927334598e-01  9.791653740834818e-01  1.899729136334758e-04  1.915647114310771e-04 
 5.914999999999900e-01  1.665913747953057e+00  6.704311205666149e-04  5.482609508592425e-01 -1.340862520469427e-05  4.069211761953078e-01  9.781521339961003e-01  1.906402926821793e-04  1.922374163825898e-04 
 5.919999999999900e-01  1.664971692962788e+00  6.751413956063189e-04  5.478451334071058e-01 -1.350283070372112e-05  4.060064841735594e-01  9.771356373219159e-01  1.913076278688269e-04  1.929100660713170e-04 
 5.924999999999899e-01  1.664026390608979e+00  6.798679074638857e-04  5.474293365375910e-01 -1.359736093910208e-05  4.050918166101085e-01  9.761158845658382e-01  1.919749191987983e-04  1.935826604082956e-04 
 5.929999999999899e-01  1.663077841411058e+00  6.846106535421714e-04  5.470135601932744e-01 -1.369221585889420e-05  4.041771734468717e-01  9.750928762326526e-01  1.926421666774682e-04  1.942551993045875e-04 
 5.934999999999898e-01  1.662126045888335e+00  6.893696312446218e-04  5.465978043167544e-01 -1.378739541116648e-05  4.032625546257875e-01  9.740666128270187e-01  1.933093703102060e-04  1.949276826712805e-04 
 5.939999999999898e-01  1.661171004560003e+00  6.941448379752783e-04  5.461820688506529e-01 -1.388289954399970e-05  4.023479600888181e-01  9.730370948534719e-01  1.939765301023759e-04  1.956001104194858e-04 
 5.944999999999897e-01  1.660212717945136e+00  6.989362711387743e-04  5.457663537376137e-01 -1.397872820548641e-05  4.014333897779477e-01  9.720043228164247e-01  1.946436460593360e-04  1.962724824603407e-04 
 5.949999999999896e-01  1.659251186562685e+00  7.037439281403381e-04  5.453506589203034e-01 -1.407488134373144e-05  4.005188436351831e-01  9.709682972201595e-01  1.953107181864407e-04  1.969447987050065e-04 
 5.954999999999896e-01  1.658286410931491e+00  7.085678063857818e-04  5.449349843414111e-01 -1.417135890685082e-05  3.996043216025538e-01  9.699290185688408e-01  1.959777464890377e-04  1.976170590646700e-04 
 5.959999999999895e-01  1.657318391570271e+00  7.134079032815193e-04  5.445193299436477e-01 -1.426816084297287e-05  3.986898236221111e-01  9.688864873665040e-01  1.966447309724697e-04  1.982892634505431e-04 
 5.964999999999895e-01  1.656347128997624e+00  7.182642162345465e-04  5.441036956697470e-01 -1.436528710023759e-05  3.977753496359292e-01  9.678407041170612e-01  1.973116716420749e-04  1.989614117738619e-04 
 5.969999999999894e-01  1.655372623732032e+00  7.231367426524550e-04  5.436880814624654e-01 -1.446273762679677e-05  3.968608995861046e-01  9.667916693242998e-01  1.979785685031858e-04  1.996335039458872e-04 
 5.974999999999894e-01  1.654394876291861e+00  7.280254799434232e-04  5.432724872645810e-01 -1.456051237081393e-05  3.959464734147561e-01  9.657393834918847e-01  1.986454215611293e-04  2.003055398779048e-04 
 5.979999999999893e-01  1.653413887195355e+00  7.329304255162230e-04  5.428569130188945e-01 -1.465861128046453e-05  3.950320710640247e-01  9.646838471233539e-01  1.993122308212274e-04  2.009775194812252e-04 
 5.984999999999893e-01  1.652429656960642e+00  7.378515767802120e-04  5.424413586682288e-01 -1.475703430393573e-05  3.941176924760737e-01  9.636250607221227e-01  1.999789962887972e-04  2.016494426671832e-04 
 5.989999999999892e-01  1.651442186105736e+00  7.427889311453356e-04  5.420258241554291e-01 -1.485578138942642e-05  3.932033375930887e-01  9.625630247914828e-01  2.006457179691498e-04  2.023213093471386e-04 
 5.994999999999892e-01  1.650451475148525e+00  7.477424860221330e-04  5.416103094233617e-01 -1.495485248514743e-05  3.922890063572766e-01  9.614977398345989e-01  2.013123958675915e-04  2.029931194324770e-04 
 5.999999999999891e-01  1.649457524606788e+00  7.527122388217247e-04  5.411948144149173e-01 -1.505424753932118e-05  3.913746987108686e-01  9.604292063545153e-01  2.019790299894234e-04  2.036648728346049e-04 
 6.004999999999890e-01  1.648460334998182e+00  7.576981869558238e-04  5.407793390730068e-01 -1.515396650018182e-05  3.904604145961158e-01  9.593574248541515e-01  2.026456203399411e-04  2.043365694649565e-04 
 6.009999999999890e-01  1.647459906840245e+00  7.627003278367274e-04  5.403638833405625e-01 -1.525400931597551e-05  3.895461539552913e-01  9.582823958362994e-01  2.033121669244354e-04  2.050082092349914e-04 
 6.014999999999889e-01  1.646456240650403e+00  7.677186588773199e-04  5.399484471605414e-01 -1.535437593495971e-05  3.886319167306925e-01  9.572041198036338e-01  2.039786697481913e-04  2.056797920561894e-04 
 6.019999999999889e-01  1.645449336945960e+00  7.727531774910757e-04  5.395330304759192e-01 -1.545506630540395e-05  3.877177028646356e-01  9.561225972587000e-01  2.046451288164894e-04  2.063513178400599e-04 
 6.024999999999888e-01  1.644439196244107e+00  7.778038810920445e-04  5.391176332296965e-01 -1.555608037558933e-05  3.868035122994620e-01  9.550378287039226e-01  2.053115441346041e-04  2.070227864981316e-04 
 6.029999999999888e-01  1.643425819061911e+00  7.828707670948762e-04  5.387022553648932e-01 -1.565741809380887e-05  3.858893449775319e-01  9.539498146416000e-01  2.059779157078053e-04  2.076941979419623e-04 
 6.034999999999887e-01  1.642409205916332e+00  7.879538329147920e-04  5.382868968245532e-01 -1.575907940836677e-05  3.849752008412298e-01  9.528585555739121e-01  2.066442435413573e-04  2.083655520831303e-04 
 6.039999999999887e-01  1.641389357324203e+00  7.930530759676087e-04  5.378715575517403e-01 -1.586106426757969e-05  3.840610798329602e-01  9.517640520029083e-01  2.073105276405194e-04  2.090368488332411e-04 
 6.044999999999886e-01  1.640366273802249e+00  7.981684936697177e-04  5.374562374895415e-01 -1.596337261977512e-05  3.831469818951507e-01  9.506663044305220e-01  2.079767680105453e-04  2.097080881039227e-04 
 6.049999999999885e-01  1.639339955867070e+00  8.033000834381010e-04  5.370409365810643e-01 -1.606600441329299e-05  3.822329069702494e-01  9.495653133585565e-01  2.086429646566845e-04  2.103792698068286e-04 
 6.054999999999885e-01  1.638310404035157e+00  8.084478426903204e-04  5.366256547694395e-01 -1.616895959648430e-05  3.813188550007277e-01  9.484610792886978e-01  2.093091175841801e-04  2.110503938536343e-04 
 6.059999999999884e-01  1.637277618822879e+00  8.136117688445208e-04  5.362103919978173e-01 -1.627223811771208e-05  3.804048259290767e-01  9.473536027225046e-01  2.099752267982706e-04  2.117214601560431e-04 
 6.064999999999884e-01  1.636241600746491e+00  8.187918593194298e-04  5.357951482093718e-01 -1.637583992535090e-05  3.794908196978109e-01  9.462428841614136e-01  2.106412923041893e-04  2.123924686257786e-04 
 6.069999999999883e-01  1.635202350322130e+00  8.239881115343602e-04  5.353799233472970e-01 -1.647976496778694e-05  3.785768362494651e-01  9.451289241067388e-01  2.113073141071641e-04  2.130634191745912e-04 
 6.074999999999883e-01  1.634159868065820e+00  8.292005229092021e-04  5.349647173548089e-01 -1.658401319341800e-05  3.776628755265961e-01  9.440117230596718e-01  2.119732922124180e-04  2.137343117142548e-04 
 6.079999999999882e-01  1.633114154493464e+00  8.344290908644276e-04  5.345495301751448e-01 -1.668858455065362e-05  3.767489374717818e-01  9.428912815212797e-01  2.126392266251685e-04  2.144051461565671e-04 
 6.084999999999882e-01  1.632065210120852e+00  8.396738128210892e-04  5.341343617515645e-01 -1.679347898791476e-05  3.758350220276227e-01  9.417675999925085e-01  2.133051173506280e-04  2.150759224133490e-04 
 6.089999999999881e-01  1.631013035463657e+00  8.449346862008254e-04  5.337192120273474e-01 -1.689869645363432e-05  3.749211291367391e-01  9.406406789741786e-01  2.139709643940040e-04  2.157466403964475e-04 
 6.094999999999881e-01  1.629957631037438e+00  8.502117084258430e-04  5.333040809457958e-01 -1.700423689625621e-05  3.740072587417740e-01  9.395105189669934e-01  2.146367677604985e-04  2.164173000177316e-04 
 6.099999999999880e-01  1.628898997357634e+00  8.555048769189407e-04  5.328889684502329e-01 -1.711010026423656e-05  3.730934107853914e-01  9.383771204715272e-01  2.153025274553082e-04  2.170879011890945e-04 
 6.104999999999879e-01  1.627837134939571e+00  8.608141891034891e-04  5.324738744840021e-01 -1.721628650604284e-05  3.721795852102754e-01  9.372404839882340e-01  2.159682434836252e-04  2.177584438224556e-04 
 6.109999999999879e-01  1.626772044298460e+00  8.661396424034391e-04  5.320587989904697e-01 -1.732279557015395e-05  3.712657819591333e-01  9.361006100174474e-01  2.166339158506357e-04  2.184289278297549e-04 
 6.114999999999878e-01  1.625703725949395e+00  8.714812342433207e-04  5.316437419130223e-01 -1.742962740506043e-05  3.703520009746925e-01  9.349574990593769e-01  2.172995445615213e-04  2.190993531229580e-04 
 6.119999999999878e-01  1.624632180407354e+00  8.768389620482414e-04  5.312287031950679e-01 -1.753678195926455e-05  3.694382421997017e-01  9.338111516141093e-01  2.179651296214583e-04  2.197697196140540e-04 
 6.124999999999877e-01  1.623557408187200e+00  8.822128232438849e-04  5.308136827800350e-01 -1.764425918127994e-05  3.685245055769305e-01  9.326615681816092e-01  2.186306710356177e-04  2.204400272150566e-04 
 6.129999999999877e-01  1.622479409803680e+00  8.876028152565130e-04  5.303986806113737e-01 -1.775205901963196e-05  3.676107910491695e-01  9.315087492617177e-01  2.192961688091654e-04  2.211102758380028e-04 
 6.134999999999876e-01  1.621398185771428e+00  8.930089355129637e-04  5.299836966325558e-01 -1.786018142285715e-05  3.666970985592318e-01  9.303526953541587e-01  2.199616229472622e-04  2.217804653949518e-04 
 6.139999999999876e-01  1.620313736604959e+00  8.984311814406523e-04  5.295687307870730e-01 -1.796862633950409e-05  3.657834280499497e-01  9.291934069585266e-01  2.206270334550636e-04  2.224505957979886e-04 
 6.144999999999875e-01  1.619226062818677e+00  9.038695504675697e-04  5.291537830184382e-01 -1.807739371813228e-05  3.648697794641773e-01  9.280308845743012e-01  2.212924003377200e-04  2.231206669592214e-04 
 6.149999999999874e-01  1.618135164926868e+00  9.093240400222777e-04  5.287388532701857e-01 -1.818648350731321e-05  3.639561527447895e-01  9.268651287008352e-01  2.219577236003771e-04  2.237906787907811e-04 
 6.154999999999874e-01  1.617041043443704e+00  9.147946475339193e-04  5.283239414858706e-01 -1.829589565562956e-05  3.630425478346828e-01  9.256961398373619e-01  2.226230032481747e-04  2.244606312048229e-04 
 6.159999999999873e-01  1.615943698883241e+00  9.202813704322125e-04  5.279090476090680e-01 -1.840563011167587e-05  3.621289646767729e-01  9.245239184829895e-01  2.232882392862479e-04  2.251305241135263e-04 
 6.164999999999873e-01  1.614843131759423e+00  9.257842061474401e-04  5.274941715833752e-01 -1.851568682405762e-05  3.612154032139982e-01  9.233484651367103e-01  2.239534317197266e-04  2.258003574290925e-04 
 6.169999999999872e-01  1.613739342586078e+00  9.313031521104699e-04  5.270793133524094e-01 -1.862606574139222e-05  3.603018633893169e-01  9.221697802973901e-01  2.246185805537356e-04  2.264701310637474e-04 
 6.174999999999872e-01  1.612632331876915e+00  9.368382057527365e-04  5.266644728598079e-01 -1.873676681230849e-05  3.593883451457073e-01  9.209878644637727e-01  2.252836857933943e-04  2.271398449297419e-04 
 6.179999999999871e-01  1.611522100145534e+00  9.423893645062484e-04  5.262496500492307e-01 -1.884778998544653e-05  3.584748484261705e-01  9.198027181344832e-01  2.259487474438173e-04  2.278094989393465e-04 
 6.184999999999871e-01  1.610408647905420e+00  9.479566258035895e-04  5.258348448643559e-01 -1.895913520945798e-05  3.575613731737255e-01  9.186143418080243e-01  2.266137655101141e-04  2.284790930048597e-04 
 6.189999999999870e-01  1.609291975669942e+00  9.535399870779106e-04  5.254200572488847e-01 -1.907080243300580e-05  3.566479193314148e-01  9.174227359827775e-01  2.272787399973886e-04  2.291486270385993e-04 
 6.194999999999869e-01  1.608172083952354e+00  9.591394457629374e-04  5.250052871465374e-01 -1.918279160476453e-05  3.557344868422995e-01  9.162279011570023e-01  2.279436709107401e-04  2.298181009529088e-04 
 6.199999999999869e-01  1.607048973265797e+00  9.647549992929693e-04  5.245905345010548e-01 -1.929510267342023e-05  3.548210756494615e-01  9.150298378288358e-01  2.286085582552628e-04  2.304875146601550e-04 
 6.204999999999868e-01  1.605922644123297e+00  9.703866451028668e-04  5.241757992561988e-01 -1.940773558767021e-05  3.539076856960042e-01  9.138285464962954e-01  2.292734020360451e-04  2.311568680727270e-04 
 6.209999999999868e-01  1.604793097037769e+00  9.760343806280758e-04  5.237610813557516e-01 -1.952069029622310e-05  3.529943169250505e-01  9.126240276572787e-01  2.299382022581709e-04  2.318261611030382e-04 
 6.214999999999867e-01  1.603660332522008e+00  9.816982033045980e-04  5.233463807435160e-01 -1.963396674779918e-05  3.520809692797444e-01  9.114162818095585e-01  2.306029589267189e-04  2.324953936635240e-04 
 6.219999999999867e-01  1.602524351088701e+00  9.873781105690148e-04  5.229316973633147e-01 -1.974756489112991e-05  3.511676427032498e-01  9.102053094507898e-01  2.312676720467628e-04  2.331645656666445e-04 
 6.224999999999866e-01  1.601385153250416e+00  9.930740998584692e-04  5.225170311589907e-01 -1.986148467495832e-05  3.502543371387510e-01  9.089911110785044e-01  2.319323416233707e-04  2.338336770248825e-04 
 6.229999999999866e-01  1.600242739519614e+00  9.987861686106788e-04  5.221023820744085e-01 -1.997572604803857e-05  3.493410525294535e-01  9.077736871901155e-01  2.325969676616060e-04  2.345027276507427e-04 
 6.234999999999865e-01  1.599097110408634e+00  1.004514314263927e-03  5.216877500534511e-01 -2.009028895913655e-05  3.484277888185815e-01  9.065530382829126e-01  2.332615501665272e-04  2.351717174567551e-04 
 6.239999999999865e-01  1.597948266429708e+00  1.010258534257065e-03  5.212731350400233e-01 -2.020517335702914e-05  3.475145459493810e-01  9.053291648540666e-01  2.339260891431871e-04  2.358406463554711e-04 
 6.244999999999864e-01  1.596796208094953e+00  1.016018826029512e-03  5.208585369780492e-01 -2.032037919050467e-05  3.466013238651175e-01  9.041020674006282e-01  2.345905845966336e-04  2.365095142594658e-04 
 6.249999999999863e-01  1.595640935916369e+00  1.021795187021256e-03  5.204439558114731e-01 -2.043590640836310e-05  3.456881225090763e-01  9.028717464195237e-01  2.352550365319100e-04  2.371783210813380e-04 
 6.254999999999863e-01  1.594482450405847e+00  1.027587614672843e-03  5.200293914842603e-01 -2.055175495941521e-05  3.447749418245641e-01  9.016382024075642e-01  2.359194449540541e-04  2.378470667337077e-04 
 6.259999999999862e-01  1.593320752075165e+00  1.033396106425404e-03  5.196148439403949e-01 -2.066792479248349e-05  3.438617817549063e-01  9.004014358614368e-01  2.365838098680983e-04  2.385157511292198e-04 
 6.264999999999862e-01  1.592155841435982e+00  1.039220659720614e-03  5.192003131238823e-01 -2.078441585640179e-05  3.429486422434493e-01  8.991614472777072e-01  2.372481312790706e-04  2.391843741805407e-04 
 6.269999999999861e-01  1.590987718999851e+00  1.045061272000730e-03  5.187857989787469e-01 -2.090122810001490e-05  3.420355232335592e-01  8.979182371528249e-01  2.379124091919934e-04  2.398529358003608e-04 
 6.274999999999861e-01  1.589816385278205e+00  1.050917940708569e-03  5.183713014490329e-01 -2.101836147217943e-05  3.411224246686212e-01  8.966718059831132e-01  2.385766436118844e-04  2.405214359013941e-04 
 6.279999999999860e-01  1.588641840782373e+00  1.056790663287502e-03  5.179568204788063e-01 -2.113581592176264e-05  3.402093464920429e-01  8.954221542647822e-01  2.392408345437559e-04  2.411898743963743e-04 
 6.284999999999860e-01  1.587464086023563e+00  1.062679437181485e-03  5.175423560121512e-01 -2.125359139764369e-05  3.392962886472494e-01  8.941692824939158e-01  2.399049819926151e-04  2.418582511980609e-04 
 6.289999999999859e-01  1.586283121512873e+00  1.068584259835021e-03  5.171279079931717e-01 -2.137168784871262e-05  3.383832510776863e-01  8.929131911664810e-01  2.405690859634646e-04  2.425265662192358e-04 
 6.294999999999858e-01  1.585098947761290e+00  1.074505128693184e-03  5.167134763659924e-01 -2.149010522387100e-05  3.374702337268197e-01  8.916538807783231e-01  2.412331464613014e-04  2.431948193727027e-04 
 6.299999999999858e-01  1.583911565279685e+00  1.080442041201610e-03  5.162990610747573e-01 -2.160884347203142e-05  3.365572365381349e-01  8.903913518251686e-01  2.418971634911179e-04  2.438630105712889e-04 
 6.304999999999857e-01  1.582720974578821e+00  1.086394994806496e-03  5.158846620636311e-01 -2.172790254211784e-05  3.356442594551379e-01  8.891256048026245e-01  2.425611370579009e-04  2.445311397278424e-04 
 6.309999999999857e-01  1.581527176169344e+00  1.092363986954598e-03  5.154702792767967e-01 -2.184728238306558e-05  3.347313024213530e-01  8.878566402061753e-01  2.432250671666326e-04  2.451992067552372e-04 
 6.314999999999856e-01  1.580330170561789e+00  1.098349015093249e-03  5.150559126584566e-01 -2.196698294382106e-05  3.338183653803242e-01  8.865844585311877e-01  2.438889538222899e-04  2.458672115663688e-04 
 6.319999999999856e-01  1.579129958266581e+00  1.104350076670325e-03  5.146415621528349e-01 -2.208700417334188e-05  3.329054482756171e-01  8.853090602729090e-01  2.445527970298447e-04  2.465351540741535e-04 
 6.324999999999855e-01  1.577926539794030e+00  1.110367169134272e-03  5.142272277041735e-01 -2.220734602059697e-05  3.319925510508150e-01  8.840304459264666e-01  2.452165967942639e-04  2.472030341915319e-04 
 6.329999999999855e-01  1.576719915654335e+00  1.116400289934095e-03  5.138129092567350e-01 -2.232800843456645e-05  3.310796736495218e-01  8.827486159868669e-01  2.458803531205094e-04  2.478708518314665e-04 
 6.334999999999854e-01  1.575510086357584e+00  1.122449436519361e-03  5.133986067548003e-01 -2.244899136424159e-05  3.301668160153604e-01  8.814635709489987e-01  2.465440660135378e-04  2.485386069069432e-04 
 6.339999999999854e-01  1.574297052413750e+00  1.128514606340195e-03  5.129843201426713e-01 -2.257029475862497e-05  3.292539780919735e-01  8.801753113076292e-01  2.472077354783010e-04  2.492062993309693e-04 
 6.344999999999853e-01  1.573080814332697e+00  1.134595796847281e-03  5.125700493646678e-01 -2.269191856673028e-05  3.283411598230229e-01  8.788838375574083e-01  2.478713615197456e-04  2.498739290165758e-04 
 6.349999999999852e-01  1.571861372624177e+00  1.140693005491864e-03  5.121557943651303e-01 -2.281386273758230e-05  3.274283611521904e-01  8.775891501928655e-01  2.485349441428132e-04  2.505414958768149e-04 
 6.354999999999852e-01  1.570638727797828e+00  1.146806229725746e-03  5.117415550884181e-01 -2.293612722021720e-05  3.265155820231769e-01  8.762912497084110e-01  2.491984833524405e-04  2.512089998247616e-04 
 6.359999999999851e-01  1.569412880363178e+00  1.152935467001289e-03  5.113273314789095e-01 -2.305871196368219e-05  3.256028223797023e-01  8.749901365983350e-01  2.498619791535591e-04  2.518764407735144e-04 
 6.364999999999851e-01  1.568183830829643e+00  1.159080714771410e-03  5.109131234810032e-01 -2.318161691703562e-05  3.246900821655068e-01  8.736858113568104e-01  2.505254315510953e-04  2.525438186361921e-04 
 6.369999999999850e-01  1.566951579706531e+00  1.165241970489588e-03  5.104989310391164e-01 -2.330484202934692e-05  3.237773613243493e-01  8.723782744778907e-01  2.511888405499708e-04  2.532111333259374e-04 
 6.374999999999850e-01  1.565716127503031e+00  1.171419231609853e-03  5.100847540976849e-01 -2.342838724969683e-05  3.228646598000071e-01  8.710675264555088e-01  2.518522061551021e-04  2.538783847559155e-04 
 6.379999999999849e-01  1.564477474728227e+00  1.177612495586797e-03  5.096705926011651e-01 -2.355225252717729e-05  3.219519775362780e-01  8.697535677834782e-01  2.525155283714010e-04  2.545455728393128e-04 
 6.384999999999849e-01  1.563235621891090e+00  1.183821759875564e-03  5.092564464940319e-01 -2.367643781089098e-05  3.210393144769790e-01  8.684363989554971e-01  2.531788072037732e-04  2.552126974893383e-04 
 6.389999999999848e-01  1.561990569500479e+00  1.190047021931858e-03  5.088423157207791e-01 -2.380094304995208e-05  3.201266705659451e-01  8.671160204651414e-01  2.538420426571206e-04  2.558797586192234e-04 
 6.394999999999847e-01  1.560742318065144e+00  1.196288279211933e-03  5.084282002259203e-01 -2.392576819348560e-05  3.192140457470317e-01  8.657924328058701e-01  2.545052347363397e-04  2.565467561422212e-04 
 6.399999999999847e-01  1.559490868093719e+00  1.202545529172607e-03  5.080140999539866e-01 -2.405091319062806e-05  3.183014399641118e-01  8.644656364710211e-01  2.551683834463215e-04  2.572136899716088e-04 
 6.404999999999846e-01  1.558236220094735e+00  1.208818769271243e-03  5.076000148495303e-01 -2.417637799052649e-05  3.173888531610790e-01  8.631356319538175e-01  2.558314887919528e-04  2.578805600206827e-04 
 6.409999999999846e-01  1.556978374576605e+00  1.215107996965761e-03  5.071859448571214e-01 -2.430216254233948e-05  3.164762852818452e-01  8.618024197473602e-01  2.564945507781146e-04  2.585473662027627e-04 
 6.414999999999845e-01  1.555717332047635e+00  1.221413209714640e-03  5.067718899213488e-01 -2.442826679523651e-05  3.155637362703410e-01  8.604660003446333e-01  2.571575694096836e-04  2.592141084311914e-04 
 6.419999999999845e-01  1.554453093016017e+00  1.227734404976907e-03  5.063578499868202e-01 -2.455469069839822e-05  3.146512060705158e-01  8.591263742385015e-01  2.578205446915312e-04  2.598807866193332e-04 
 6.424999999999844e-01  1.553185657989839e+00  1.234071580212142e-03  5.059438249981630e-01 -2.468143420101610e-05  3.137386946263386e-01  8.577835419217131e-01  2.584834766285236e-04  2.605474006805733e-04 
 6.429999999999844e-01  1.551915027477071e+00  1.240424732880480e-03  5.055298149000234e-01 -2.480849725229289e-05  3.128262018817975e-01  8.564375038868958e-01  2.591463652255222e-04  2.612139505283197e-04 
 6.434999999999843e-01  1.550641201985576e+00  1.246793860442608e-03  5.051158196370649e-01 -2.493587980144233e-05  3.119137277808978e-01  8.550882606265600e-01  2.598092104873834e-04  2.618804360760033e-04 
 6.439999999999843e-01  1.549364182023107e+00  1.253178960359762e-03  5.047018391539716e-01 -2.506358179768921e-05  3.110012722676654e-01  8.537358126330975e-01  2.604720124189584e-04  2.625468572370749e-04 
 6.444999999999842e-01  1.548083968097307e+00  1.259580030093736e-03  5.042878733954452e-01 -2.519160319026923e-05  3.100888352861436e-01  8.523801603987831e-01  2.611347710250940e-04  2.632132139250093e-04 
 6.449999999999841e-01  1.546800560715706e+00  1.265997067106866e-03  5.038739223062065e-01 -2.531994392842936e-05  3.091764167803951e-01  8.510213044157714e-01  2.617974863106314e-04  2.638795060533015e-04 
 6.454999999999841e-01  1.545513960385727e+00  1.272430068862047e-03  5.034599858309952e-01 -2.544860396142725e-05  3.082640166945014e-01  8.496592451761016e-01  2.624601582804070e-04  2.645457335354692e-04 
 6.459999999999840e-01  1.544224167614680e+00  1.278879032822722e-03  5.030460639145686e-01 -2.557758323853200e-05  3.073516349725618e-01  8.482939831716910e-01  2.631227869392522e-04  2.652118962850523e-04 
 6.464999999999840e-01  1.542931182909769e+00  1.285343956452873e-03  5.026321565017040e-01 -2.570688170902303e-05  3.064392715586952e-01  8.469255188943459e-01  2.637853722919937e-04  2.658779942156116e-04 
 6.469999999999839e-01  1.541635006778084e+00  1.291824837217053e-03  5.022182635371968e-01 -2.583649932219153e-05  3.055269263970389e-01  8.455538528357465e-01  2.644479143434529e-04  2.665440272407287e-04 
 6.474999999999839e-01  1.540335639726609e+00  1.298321672580343e-03  5.018043849658601e-01 -2.596643602733909e-05  3.046145994317481e-01  8.441789854874613e-01  2.651104130984461e-04  2.672099952740096e-04 
 6.479999999999838e-01  1.539033082262213e+00  1.304834460008389e-03  5.013905207325261e-01 -2.609669177377870e-05  3.037022906069965e-01  8.428009173409365e-01  2.657728685617851e-04  2.678758982290805e-04 
 6.484999999999838e-01  1.537727334891662e+00  1.311363196967373e-03  5.009766707820457e-01 -2.622726651083375e-05  3.027899998669772e-01  8.414196488875064e-01  2.664352807382763e-04  2.685417360195889e-04 
 6.489999999999837e-01  1.536418398121607e+00  1.317907880924028e-03  5.005628350592877e-01 -2.635816018783926e-05  3.018777271559010e-01  8.400351806183819e-01  2.670976496327215e-04  2.692075085592049e-04 
 6.494999999999836e-01  1.535106272458592e+00  1.324468509345644e-03  5.001490135091394e-01 -2.648937275414080e-05  3.009654724179969e-01  8.386475130246597e-01  2.677599752499171e-04  2.698732157616192e-04 
 6.499999999999836e-01  1.533790958409051e+00  1.331045079700044e-03  4.997352060765070e-01 -2.662090415909488e-05  3.000532355975130e-01  8.372566465973175e-01  2.684222575946551e-04  2.705388575405449e-04 
 6.504999999999835e-01  1.532472456479310e+00  1.337637589455605e-03  4.993214127063142e-01 -2.675275435206899e-05  2.991410166387151e-01  8.358625818272181e-01  2.690844966717219e-04  2.712044338097161e-04 
 6.509999999999835e-01  1.531150767175582e+00  1.344246036081253e-03  4.989076333435030e-01 -2.688492328244179e-05  2.982288154858873e-01  8.344653192051023e-01  2.697466924858993e-04  2.718699444828892e-04 
 6.514999999999834e-01  1.529825891003976e+00  1.350870417046450e-03  4.984938679330347e-01 -2.701741089960232e-05  2.973166320833323e-01  8.330648592215999e-01  2.704088450419646e-04  2.725353894738404e-04 
 6.519999999999834e-01  1.528497828470488e+00  1.357510729821217e-03  4.980801164198874e-01 -2.715021715295115e-05  2.964044663753710e-01  8.316612023672171e-01  2.710709543446890e-04  2.732007686963697e-04 
 6.524999999999833e-01  1.527166580081006e+00  1.364166971876109e-03  4.976663787490580e-01 -2.728334199189933e-05  2.954923183063417e-01  8.302543491323467e-01  2.717330203988397e-04  2.738660820642970e-04 
 6.529999999999833e-01  1.525832146341309e+00  1.370839140682230e-03  4.972526548655616e-01 -2.741678536586907e-05  2.945801878206019e-01  8.288443000072631e-01  2.723950432091786e-04  2.745313294914644e-04 
 6.534999999999832e-01  1.524494527757069e+00  1.377527233711227e-03  4.968389447144319e-01 -2.755054722429311e-05  2.936680748625269e-01  8.274310554821256e-01  2.730570227804631e-04  2.751965108917334e-04 
 6.539999999999832e-01  1.523153724833846e+00  1.384231248435295e-03  4.964252482407195e-01 -2.768462751661540e-05  2.927559793765099e-01  8.260146160469742e-01  2.737189591174446e-04  2.758616261789896e-04 
 6.544999999999831e-01  1.521809738077093e+00  1.390951182327165e-03  4.960115653894932e-01 -2.781902619229063e-05  2.918439013069613e-01  8.245949821917331e-01  2.743808522248709e-04  2.765266752671392e-04 
 6.549999999999830e-01  1.520462567992155e+00  1.397687032860121e-03  4.955978961058407e-01 -2.795374320078446e-05  2.909318405983111e-01  8.231721544062083e-01  2.750427021074836e-04  2.771916580701085e-04 
 6.554999999999830e-01  1.519112215084268e+00  1.404438797507980e-03  4.951842403348670e-01 -2.808877849157321e-05  2.900197971950063e-01  8.217461331800912e-01  2.757045087700204e-04  2.778565745018460e-04 
 6.559999999999829e-01  1.517758679858558e+00  1.411206473745107e-03  4.947705980216954e-01 -2.822413201414414e-05  2.891077710415125e-01  8.203169190029554e-01  2.763662722172133e-04  2.785214244763206e-04 
 6.564999999999829e-01  1.516401962820045e+00  1.417990059046409e-03  4.943569691114661e-01 -2.835980371799549e-05  2.881957620823118e-01  8.188845123642572e-01  2.770279924537901e-04  2.791862079075240e-04 
 6.569999999999828e-01  1.515042064473638e+00  1.424789550887333e-03  4.939433535493387e-01 -2.849579355263614e-05  2.872837702619060e-01  8.174489137533369e-01  2.776896694844729e-04  2.798509247094674e-04 
 6.574999999999828e-01  1.513678985324141e+00  1.431604946743868e-03  4.935297512804890e-01 -2.863210146758583e-05  2.863717955248130e-01  8.160101236594188e-01  2.783513033139795e-04  2.805155747961844e-04 
 6.579999999999827e-01  1.512312725876247e+00  1.438436244092540e-03  4.931161622501119e-01 -2.876872741237521e-05  2.854598378155699e-01  8.145681425716095e-01  2.790128939470224e-04  2.811801580817288e-04 
 6.584999999999827e-01  1.510943286634544e+00  1.445283440410421e-03  4.927025864034195e-01 -2.890567133654554e-05  2.845478970787309e-01  8.131229709789012e-01  2.796744413883096e-04  2.818446744801755e-04 
 6.589999999999826e-01  1.509570668103507e+00  1.452146533175125e-03  4.922890236856410e-01 -2.904293318964929e-05  2.836359732588676e-01  8.116746093701653e-01  2.803359456425432e-04  2.825091239056220e-04 
 6.594999999999825e-01  1.508194870787509e+00  1.459025519864793e-03  4.918754740420244e-01 -2.918051292124908e-05  2.827240663005698e-01  8.102230582341642e-01  2.809974067144219e-04  2.831735062721849e-04 
 6.599999999999825e-01  1.506815895190809e+00  1.465920397958121e-03  4.914619374178343e-01 -2.931841048091905e-05  2.818121761484448e-01  8.087683180595356e-01  2.816588246086380e-04  2.838378214940029e-04 
 6.604999999999824e-01  1.505433741817564e+00  1.472831164934332e-03  4.910484137583539e-01 -2.945662581824355e-05  2.809003027471176e-01  8.073103893348077e-01  2.823201993298799e-04  2.845020694852351e-04 
 6.609999999999824e-01  1.504048411171821e+00  1.479757818273195e-03  4.906349030088833e-01 -2.959515888281786e-05  2.799884460412308e-01  8.058492725483900e-01  2.829815308828308e-04  2.851662501600618e-04 
 6.614999999999823e-01  1.502659903757518e+00  1.486700355455011e-03  4.902214051147402e-01 -2.973400962424819e-05  2.790766059754443e-01  8.043849681885754e-01  2.836428192721685e-04  2.858303634326848e-04 
 6.619999999999823e-01  1.501268220078486e+00  1.493658773960624e-03  4.898079200212599e-01 -2.987317799215132e-05  2.781647824944354e-01  8.029174767435414e-01  2.843040645025670e-04  2.864944092173257e-04 
 6.624999999999822e-01  1.499873360638452e+00  1.500633071271415e-03  4.893944476737953e-01 -3.001266393615478e-05  2.772529755428997e-01  8.014467987013504e-01  2.849652665786940e-04  2.871583874282278e-04 
 6.629999999999822e-01  1.498475325941029e+00  1.507623244869296e-03  4.889809880177163e-01 -3.015246740589706e-05  2.763411850655491e-01  7.999729345499460e-01  2.856264255052137e-04  2.878222979796552e-04 
 6.634999999999821e-01  1.497074116489730e+00  1.514629292236720e-03  4.885675409984109e-01 -3.029258835102693e-05  2.754294110071139e-01  7.984958847771617e-01  2.862875412867843e-04  2.884861407858917e-04 
 6.639999999999820e-01  1.495669732787955e+00  1.521651210856676e-03  4.881541065612838e-01 -3.043302672120444e-05  2.745176533123413e-01  7.970156498707081e-01  2.869486139280597e-04  2.891499157612436e-04 
 6.644999999999820e-01  1.494262175339000e+00  1.528688998212691e-03  4.877406846517572e-01 -3.057378246609991e-05  2.736059119259957e-01  7.955322303181855e-01  2.876096434336887e-04  2.898136228200369e-04 
 6.649999999999819e-01  1.492851444646054e+00  1.535742651788824e-03  4.873272752152709e-01 -3.071485553539458e-05  2.726941867928592e-01  7.940456266070763e-01  2.882706298083154e-04  2.904772618766183e-04 
 6.654999999999819e-01  1.491437541212195e+00  1.542812169069666e-03  4.869138781972813e-01 -3.085624587878047e-05  2.717824778577308e-01  7.925558392247465e-01  2.889315730565786e-04  2.911408328453559e-04 
 6.659999999999818e-01  1.490020465540400e+00  1.549897547540352e-03  4.865004935432627e-01 -3.099795344595993e-05  2.708707850654267e-01  7.910628686584498e-01  2.895924731831129e-04  2.918043356406381e-04 
 6.664999999999818e-01  1.488600218133535e+00  1.556998784686538e-03  4.860871211987065e-01 -3.113997818664644e-05  2.699591083607811e-01  7.895667153953209e-01  2.902533301925472e-04  2.924677701768733e-04 
 6.669999999999817e-01  1.487176799494362e+00  1.564115877994429e-03  4.856737611091210e-01 -3.128232005056379e-05  2.690474476886445e-01  7.880673799223817e-01  2.909141440895061e-04  2.931311363684912e-04 
 6.674999999999817e-01  1.485750210125532e+00  1.571248824950753e-03  4.852604132200312e-01 -3.142497898744675e-05  2.681358029938845e-01  7.865648627265359e-01  2.915749148786092e-04  2.937944341299424e-04 
 6.679999999999816e-01  1.484320450529595e+00  1.578397623042773e-03  4.848470774769806e-01 -3.156795494704039e-05  2.672241742213867e-01  7.850591642945763e-01  2.922356425644712e-04  2.944576633756970e-04 
 6.684999999999816e-01  1.482887521208990e+00  1.585562269758284e-03  4.844337538255281e-01 -3.171124787910089e-05  2.663125613160525e-01  7.835502851131750e-01  2.928963271517018e-04  2.951208240202470e-04 
 6.689999999999815e-01  1.481451422666054e+00  1.592742762585619e-03  4.840204422112507e-01 -3.185485773339451e-05  2.654009642228017e-01  7.820382256688952e-01  2.935569686449060e-04  2.957839159781035e-04 
 6.694999999999814e-01  1.480012155403011e+00  1.599939099013635e-03  4.836071425797421e-01 -3.199878445969885e-05  2.644893828865702e-01  7.805229864481773e-01  2.942175670486837e-04  2.964469391637989e-04 
 6.699999999999814e-01  1.478569719921984e+00  1.607151276531725e-03  4.831938548766126e-01 -3.214302800780156e-05  2.635778172523106e-01  7.790045679373531e-01  2.948781223676303e-04  2.971098934918866e-04 
 6.704999999999813e-01  1.477124116724990e+00  1.614379292629815e-03  4.827805790474901e-01 -3.228758832750096e-05  2.626662672649935e-01  7.774829706226384e-01  2.955386346063362e-04  2.977727788769386e-04 
 6.709999999999813e-01  1.475675346313936e+00  1.621623144798354e-03  4.823673150380188e-01 -3.243246536860633e-05  2.617547328696055e-01  7.759581949901311e-01  2.961991037693867e-04  2.984355952335490e-04 
 6.714999999999812e-01  1.474223409190627e+00  1.628882830528328e-03  4.819540627938603e-01 -3.257765908093728e-05  2.608432140111508e-01  7.744302415258169e-01  2.968595298613625e-04  2.990983424763310e-04 
 6.719999999999812e-01  1.472768305856758e+00  1.636158347311256e-03  4.815408222606920e-01 -3.272316941432414e-05  2.599317106346493e-01  7.728991107155649e-01  2.975199128868393e-04  2.997610205199202e-04 
 6.724999999999811e-01  1.471310036813921e+00  1.643449692639176e-03  4.811275933842091e-01 -3.286899631860788e-05  2.590202226851386e-01  7.713648030451299e-01  2.981802528503879e-04  3.004236292789703e-04 
 6.729999999999811e-01  1.469848602563604e+00  1.650756864004663e-03  4.807143761101237e-01 -3.301513974363955e-05  2.581087501076735e-01  7.698273190001567e-01  2.988405497565748e-04  3.010861686681550e-04 
 6.734999999999810e-01  1.468384003607182e+00  1.658079858900823e-03  4.803011703841631e-01 -3.316159963928173e-05  2.571972928473240e-01  7.682866590661650e-01  2.995008036099605e-04  3.017486386021717e-04 
 6.739999999999809e-01  1.466916240445932e+00  1.665418674821277e-03  4.798879761520731e-01 -3.330837595540674e-05  2.562858508491780e-01  7.667428237285698e-01  3.001610144151021e-04  3.024110389957337e-04 
 6.744999999999809e-01  1.465445313581021e+00  1.672773309260193e-03  4.794747933596152e-01 -3.345546864189780e-05  2.553744240583400e-01  7.651958134726670e-01  3.008211821765506e-04  3.030733697635771e-04 
 6.749999999999808e-01  1.463971223513514e+00  1.680143759712251e-03  4.790616219525676e-01 -3.360287764864853e-05  2.544630124199306e-01  7.636456287836400e-01  3.014813068988530e-04  3.037356308204576e-04 
 6.754999999999808e-01  1.462493970744366e+00  1.687530023672666e-03  4.786484618767255e-01 -3.375060292556330e-05  2.535516158790876e-01  7.620922701465560e-01  3.021413885865509e-04  3.043978220811505e-04 
 6.759999999999807e-01  1.461013555774431e+00  1.694932098637178e-03  4.782353130778998e-01 -3.389864442255688e-05  2.526402343809647e-01  7.605357380463685e-01  3.028014272441813e-04  3.050599434604522e-04 
 6.764999999999807e-01  1.459529979104453e+00  1.702349982102055e-03  4.778221755019188e-01 -3.404700208955465e-05  2.517288678707327e-01  7.589760329679168e-01  3.034614228762764e-04  3.057219948731784e-04 
 6.769999999999806e-01  1.458043241235075e+00  1.709783671564089e-03  4.774090490946267e-01 -3.419567587649246e-05  2.508175162935785e-01  7.574131553959259e-01  3.041213754873636e-04  3.063839762341651e-04 
 6.774999999999806e-01  1.456553342666832e+00  1.717233164520599e-03  4.769959338018839e-01 -3.434466573331679e-05  2.499061795947051e-01  7.558471058150056e-01  3.047812850819653e-04  3.070458874582693e-04 
 6.779999999999805e-01  1.455060283900157e+00  1.724698458469428e-03  4.765828295695684e-01 -3.449397160998428e-05  2.489948577193332e-01  7.542778847096552e-01  3.054411516645990e-04  3.077077284603658e-04 
 6.784999999999805e-01  1.453564065435376e+00  1.732179550908949e-03  4.761697363435740e-01 -3.464359345646236e-05  2.480835506126994e-01  7.527054925642568e-01  3.061009752397779e-04  3.083694991553505e-04 
 6.789999999999804e-01  1.452064687772709e+00  1.739676439338049e-03  4.757566540698099e-01 -3.479353122272906e-05  2.471722582200553e-01  7.511299298630777e-01  3.067607558120099e-04  3.090311994581405e-04 
 6.794999999999803e-01  1.450562151412273e+00  1.747189121256150e-03  4.753435826942031e-01 -3.494378485877263e-05  2.462609804866708e-01  7.495511970902738e-01  3.074204933857980e-04  3.096928292836709e-04 
 6.799999999999803e-01  1.449056456854080e+00  1.754717594163193e-03  4.749305221626955e-01 -3.509435431459196e-05  2.453497173578307e-01  7.479692947298853e-01  3.080801879656406e-04  3.103543885468983e-04 
 6.804999999999802e-01  1.447547604598037e+00  1.762261855559646e-03  4.745174724212469e-01 -3.524523954019629e-05  2.444384687788370e-01  7.463842232658406e-01  3.087398395560316e-04  3.110158771627970e-04 
 6.809999999999802e-01  1.446035595143946e+00  1.769821902946491e-03  4.741044334158317e-01 -3.539644048560533e-05  2.435272346950075e-01  7.447959831819526e-01  3.093994481614592e-04  3.116772950463634e-04 
 6.814999999999801e-01  1.444520428991504e+00  1.777397733825243e-03  4.736914050924413e-01 -3.554795710084953e-05  2.426160150516760e-01  7.432045749619194e-01  3.100590137864077e-04  3.123386421126129e-04 
 6.819999999999801e-01  1.443002106640306e+00  1.784989345697936e-03  4.732783873970834e-01 -3.569978933596935e-05  2.417048097941930e-01  7.416099990893290e-01  3.107185364353560e-04  3.129999182765799e-04 
 6.824999999999800e-01  1.441480628589840e+00  1.792596736067123e-03  4.728653802757808e-01 -3.585193714101596e-05  2.407936188679240e-01  7.400122560476528e-01  3.113780161127786e-04  3.136611234533203e-04 
 6.829999999999800e-01  1.439955995339490e+00  1.800219902435882e-03  4.724523836745739e-01 -3.600440046605096e-05  2.398824422182523e-01  7.384113463202493e-01  3.120374528231448e-04  3.143222575579075e-04 
 6.834999999999799e-01  1.438428207388537e+00  1.807858842307812e-03  4.720393975395181e-01 -3.615717926114622e-05  2.389712797905764e-01  7.368072703903649e-01  3.126968465709192e-04  3.149833205054361e-04 
 6.839999999999798e-01  1.436897265236159e+00  1.815513553187031e-03  4.716264218166850e-01 -3.631027347638404e-05  2.380601315303100e-01  7.352000287411320e-01  3.133561973605623e-04  3.156443122110203e-04 
 6.844999999999798e-01  1.435363169381426e+00  1.823184032578177e-03  4.712134564521624e-01 -3.646368306185738e-05  2.371489973828846e-01  7.335896218555678e-01  3.140155051965281e-04  3.163052325897935e-04 
 6.849999999999797e-01  1.433825920323306e+00  1.830870277986410e-03  4.708005013920540e-01 -3.661740796766932e-05  2.362378772937462e-01  7.319760502165782e-01  3.146747700832678e-04  3.169660815569087e-04 
 6.854999999999797e-01  1.432285518560664e+00  1.838572286917412e-03  4.703875565824789e-01 -3.677144814393359e-05  2.353267712083567e-01  7.303593143069543e-01  3.153339920252267e-04  3.176268590275395e-04 
 6.859999999999796e-01  1.430741964592259e+00  1.846290056877380e-03  4.699746219695730e-01 -3.692580354077400e-05  2.344156790721952e-01  7.287394146093763e-01  3.159931710268453e-04  3.182875649168773e-04 
 6.864999999999796e-01  1.429195258916750e+00  1.854023585373026e-03  4.695616974994878e-01 -3.708047410832491e-05  2.335046008307557e-01  7.271163516064097e-01  3.166523070925597e-04  3.189481991401341e-04 
 6.869999999999795e-01  1.427645402032689e+00  1.861772869911594e-03  4.691487831183903e-01 -3.723545979673104e-05  2.325935364295486e-01  7.254901257805076e-01  3.173114002268006e-04  3.196087616125409e-04 
 6.874999999999795e-01  1.426092394438524e+00  1.869537908000831e-03  4.687358787724629e-01 -3.739076055614757e-05  2.316824858140987e-01  7.238607376140080e-01  3.179704504339950e-04  3.202692522493498e-04 
 6.879999999999794e-01  1.424536236632600e+00  1.877318697149015e-03  4.683229844079043e-01 -3.754637633673994e-05  2.307714489299481e-01  7.222281875891376e-01  3.186294577185638e-04  3.209296709658310e-04 
 6.884999999999794e-01  1.422976929113162e+00  1.885115234864930e-03  4.679100999709301e-01 -3.770230708868369e-05  2.298604257226547e-01  7.205924761880130e-01  3.192884220849243e-04  3.215900176772724e-04 
 6.889999999999793e-01  1.421414472378347e+00  1.892927518657888e-03  4.674972254077689e-01 -3.785855276216529e-05  2.289494161377907e-01  7.189536038926316e-01  3.199473435374880e-04  3.222502922989852e-04 
 6.894999999999792e-01  1.419848866926190e+00  1.900755546037707e-03  4.670843606646677e-01 -3.801511330738091e-05  2.280384201209458e-01  7.173115711848841e-01  3.206062220806622e-04  3.229104947462963e-04 
 6.899999999999792e-01  1.418280113254623e+00  1.908599314514730e-03  4.666715056878871e-01 -3.817198867453759e-05  2.271274376177235e-01  7.156663785465431e-01  3.212650577188497e-04  3.235706249345549e-04 
 6.904999999999791e-01  1.416708211861477e+00  1.916458821599808e-03  4.662586604237045e-01 -3.832917881385227e-05  2.262164685737442e-01  7.140180264592737e-01  3.219238504564476e-04  3.242306827791276e-04 
 6.909999999999791e-01  1.415133163244476e+00  1.924334064804313e-03  4.658458248184124e-01 -3.848668367555235e-05  2.253055129346433e-01  7.123665154046254e-01  3.225826002978493e-04  3.248906681954003e-04 
 6.914999999999790e-01  1.413554967901243e+00  1.932225041640133e-03  4.654329988183188e-01 -3.864450320987560e-05  2.243945706460721e-01  7.107118458640354e-01  3.232413072474425e-04  3.255505810987795e-04 
 6.919999999999790e-01  1.411973626329299e+00  1.940131749619667e-03  4.650201823697476e-01 -3.880263736707001e-05  2.234836416536973e-01  7.090540183188290e-01  3.238999713096106e-04  3.262104214046895e-04 
 6.924999999999789e-01  1.410389139026059e+00  1.948054186255833e-03  4.646073754190376e-01 -3.896108609739409e-05  2.225727259032007e-01  7.073930332502167e-01  3.245585924887325e-04  3.268701890285749e-04 
 6.929999999999789e-01  1.408801506488839e+00  1.955992349062055e-03  4.641945779125435e-01 -3.911984935111603e-05  2.216618233402801e-01  7.057288911393024e-01  3.252171707891817e-04  3.275298838858989e-04 
 6.934999999999788e-01  1.407210729214849e+00  1.963946235552280e-03  4.637817897966350e-01 -3.927892707851502e-05  2.207509339106483e-01  7.040615924670702e-01  3.258757062153273e-04  3.281895058921443e-04 
 6.939999999999787e-01  1.405616807701199e+00  1.971915843240963e-03  4.633690110176976e-01 -3.943831922988001e-05  2.198400575600337e-01  7.023911377143977e-01  3.265341987715336e-04  3.288490549628123e-04 
 6.944999999999787e-01  1.404019742444896e+00  1.979901169643072e-03  4.629562415221323e-01 -3.959802575551036e-05  2.189291942341807e-01  7.007175273620487e-01  3.271926484621602e-04  3.295085310134227e-04 
 6.949999999999786e-01  1.402419533942840e+00  1.987902212274091e-03  4.625434812563543e-01 -3.975804660571596e-05  2.180183438788472e-01  6.990407618906709e-01  3.278510552915618e-04  3.301679339595172e-04 
 6.954999999999786e-01  1.400816182691836e+00  1.995918968650009e-03  4.621307301667956e-01 -3.991838173081632e-05  2.171075064398086e-01  6.973608417808075e-01  3.285094192640882e-04  3.308272637166530e-04 
 6.959999999999785e-01  1.399209689188581e+00  2.003951436287337e-03  4.617179881999021e-01 -4.007903108114183e-05  2.161966818628536e-01  6.956777675128820e-01  3.291677403840853e-04  3.314865202004088e-04 
 6.964999999999785e-01  1.397600053929673e+00  2.011999612703091e-03  4.613052553021358e-01 -4.023999460703269e-05  2.152858700937878e-01  6.939915395672115e-01  3.298260186558930e-04  3.321457033263812e-04 
 6.969999999999784e-01  1.395987277411604e+00  2.020063495414798e-03  4.608925314199735e-01 -4.040127225883957e-05  2.143750710784308e-01  6.923021584239970e-01  3.304842540838471e-04  3.328048130101861e-04 
 6.974999999999784e-01  1.394371360130768e+00  2.028143081940493e-03  4.604798164999077e-01 -4.056286398692311e-05  2.134642847626183e-01  6.906096245633313e-01  3.311424466722790e-04  3.334638491674574e-04 
 6.979999999999783e-01  1.392752302583455e+00  2.036238369798733e-03  4.600671104884447e-01 -4.072476974165443e-05  2.125535110921996e-01  6.889139384651919e-01  3.318005964255150e-04  3.341228117138501e-04 
 6.984999999999782e-01  1.391130105265853e+00  2.044349356508573e-03  4.596544133321074e-01 -4.088698947341459e-05  2.116427500130411e-01  6.872151006094477e-01  3.324587033478763e-04  3.347817005650356e-04 
 6.989999999999782e-01  1.389504768674048e+00  2.052476039589578e-03  4.592417249774330e-01 -4.104952313259508e-05  2.107320014710230e-01  6.855131114758530e-01  3.331167674436797e-04  3.354405156367058e-04 
 6.994999999999781e-01  1.387876293304026e+00  2.060618416561833e-03  4.588290453709736e-01 -4.121237066959736e-05  2.098212654120405e-01  6.838079715440528e-01  3.337747887172377e-04  3.360992568445711e-04 
 6.999999999999781e-01  1.386244679651667e+00  2.068776484945919e-03  4.584163744592971e-01 -4.137553203483320e-05  2.089105417820051e-01  6.820996812935791e-01  3.344327671728571e-04  3.367579241043592e-04 
 7.004999999999780e-01  1.384609928212754e+00  2.076950242262934e-03  4.580037121889850e-01 -4.153900717872457e-05  2.079998305268410e-01  6.803882412038517e-01  3.350907028148410e-04  3.374165173318196e-04 
 7.009999999999780e-01  1.382972039482966e+00  2.085139686034481e-03  4.575910585066353e-01 -4.170279605170338e-05  2.070891315924898e-01  6.786736517541815e-01  3.357485956474870e-04  3.380750364427175e-04 
 7.014999999999779e-01  1.381331013957880e+00  2.093344813782668e-03  4.571784133588600e-01 -4.186689860421195e-05  2.061784449249064e-01  6.769559134237652e-01  3.364064456750884e-04  3.387334813528386e-04 
 7.019999999999779e-01  1.379686852132973e+00  2.101565623030115e-03  4.567657766922858e-01 -4.203131478670258e-05  2.052677704700611e-01  6.752350266916900e-01  3.370642529019334e-04  3.393918519779869e-04 
 7.024999999999778e-01  1.378039554503621e+00  2.109802111299947e-03  4.563531484535547e-01 -4.219604454963789e-05  2.043571081739391e-01  6.735109920369300e-01  3.377220173323057e-04  3.400501482339848e-04 
 7.029999999999778e-01  1.376389121565096e+00  2.118054276115799e-03  4.559405285893234e-01 -4.236108784349039e-05  2.034464579825403e-01  6.717838099383497e-01  3.383797389704846e-04  3.407083700366736e-04 
 7.034999999999777e-01  1.374735553812570e+00  2.126322115001804e-03  4.555279170462632e-01 -4.252644461874292e-05  2.025358198418793e-01  6.700534808747007e-01  3.390374178207440e-04  3.413665173019134e-04 
 7.039999999999776e-01  1.373078851741115e+00  2.134605625482611e-03  4.551153137710605e-01 -4.269211482588845e-05  2.016251936979857e-01  6.683200053246241e-01  3.396950538873536e-04  3.420245899455819e-04 
 7.044999999999776e-01  1.371419015845702e+00  2.142904805083366e-03  4.547027187104160e-01 -4.285809841542972e-05  2.007145794969037e-01  6.665833837666520e-01  3.403526471745783e-04  3.426825878835769e-04 
 7.049999999999775e-01  1.369756046621200e+00  2.151219651329720e-03  4.542901318110453e-01 -4.302439533787993e-05  1.998039771846921e-01  6.648436166792028e-01  3.410101976866781e-04  3.433405110318137e-04 
 7.054999999999775e-01  1.368089944562375e+00  2.159550161747839e-03  4.538775530196787e-01 -4.319100554376240e-05  1.988933867074247e-01  6.631007045405829e-01  3.416677054279082e-04  3.439983593062260e-04 
 7.059999999999774e-01  1.366420710163898e+00  2.167896333864382e-03  4.534649822830614e-01 -4.335792898361017e-05  1.979828080111898e-01  6.613546478289919e-01  3.423251704025197e-04  3.446561326227660e-04 
 7.064999999999774e-01  1.364748343920332e+00  2.176258165206523e-03  4.530524195479522e-01 -4.352516560796678e-05  1.970722410420898e-01  6.596054470225142e-01  3.429825926147582e-04  3.453138308974054e-04 
 7.069999999999773e-01  1.363072846326143e+00  2.184635653301926e-03  4.526398647611253e-01 -4.369271536738560e-05  1.961616857462421e-01  6.578531025991255e-01  3.436399720688651e-04  3.459714540461336e-04 
 7.074999999999773e-01  1.361394217875699e+00  2.193028795678769e-03  4.522273178693694e-01 -4.386057821243009e-05  1.952511420697787e-01  6.560976150366908e-01  3.442973087690772e-04  3.466290019849578e-04 
 7.079999999999772e-01  1.359712459063261e+00  2.201437589865727e-03  4.518147788194876e-01 -4.402875409367389e-05  1.943406099588463e-01  6.543389848129630e-01  3.449546027196261e-04  3.472864746299043e-04 
 7.084999999999771e-01  1.358027570382995e+00  2.209862033391987e-03  4.514022475582973e-01 -4.419724296170048e-05  1.934300893596059e-01  6.525772124055864e-01  3.456118539247388e-04  3.479438718970173e-04 
 7.089999999999771e-01  1.356339552328965e+00  2.218302123787218e-03  4.509897240326304e-01 -4.436604476710349e-05  1.925195802182323e-01  6.508122982920936e-01  3.462690623886382e-04  3.486011937023599e-04 
 7.094999999999770e-01  1.354648405395131e+00  2.226757858581621e-03  4.505772081893328e-01 -4.453515946048684e-05  1.916090824809151e-01  6.490442429499037e-01  3.469262281155418e-04  3.492584399620142e-04 
 7.099999999999770e-01  1.352954130075359e+00  2.235229235305867e-03  4.501646999752661e-01 -4.470458699246403e-05  1.906985960938593e-01  6.472730468563310e-01  3.475833511096628e-04  3.499156105920777e-04 
 7.104999999999769e-01  1.351256726863412e+00  2.243716251491151e-03  4.497521993373049e-01 -4.487432731365871e-05  1.897881210032831e-01  6.454987104885764e-01  3.482404313752096e-04  3.505727055086690e-04 
 7.109999999999769e-01  1.349556196252952e+00  2.252218904669155e-03  4.493397062223385e-01 -4.504438037470474e-05  1.888776571554192e-01  6.437212343237293e-01  3.488974689163855e-04  3.512297246279237e-04 
 7.114999999999768e-01  1.347852538737539e+00  2.260737192372071e-03  4.489272205772707e-01 -4.521474612624601e-05  1.879672044965147e-01  6.419406188387686e-01  3.495544637373901e-04  3.518866678659961e-04 
 7.119999999999768e-01  1.346145754810638e+00  2.269271112132585e-03  4.485147423490190e-01 -4.538542451893612e-05  1.870567629728306e-01  6.401568645105653e-01  3.502114158424174e-04  3.525435351390584e-04 
 7.124999999999767e-01  1.344435844965611e+00  2.277820661483886e-03  4.481022714845162e-01 -4.555641550343885e-05  1.861463325306433e-01  6.383699718158787e-01  3.508683252356573e-04  3.532003263633001e-04 
 7.129999999999767e-01  1.342722809695720e+00  2.286385837959653e-03  4.476898079307084e-01 -4.572771903042788e-05  1.852359131162428e-01  6.365799412313583e-01  3.515251919212941e-04  3.538570414549299e-04 
 7.134999999999766e-01  1.341006649494130e+00  2.294966639094080e-03  4.472773516345557e-01 -4.589933505058693e-05  1.843255046759319e-01  6.347867732335434e-01  3.521820159035089e-04  3.545136803301753e-04 
 7.139999999999765e-01  1.339287364853903e+00  2.303563062421846e-03  4.468649025430333e-01 -4.607126351460967e-05  1.834151071560299e-01  6.329904682988625e-01  3.528387971864767e-04  3.551702429052789e-04 
 7.144999999999765e-01  1.337564956268000e+00  2.312175105478137e-03  4.464524606031293e-01 -4.624350437319990e-05  1.825047205028683e-01  6.311910269036334e-01  3.534955357743688e-04  3.558267290965052e-04 
 7.149999999999764e-01  1.335839424229289e+00  2.320802765798629e-03  4.460400257618471e-01 -4.641605757707107e-05  1.815943446627941e-01  6.293884495240665e-01  3.541522316713514e-04  3.564831388201331e-04 
 7.154999999999764e-01  1.334110769230533e+00  2.329446040919502e-03  4.456275979662033e-01 -4.658892307694658e-05  1.806839795821673e-01  6.275827366362614e-01  3.548088848815858e-04  3.571394719924619e-04 
 7.159999999999763e-01  1.332378991764398e+00  2.338104928377420e-03  4.452151771632287e-01 -4.676210082356008e-05  1.797736252073625e-01  6.257738887162065e-01  3.554654954092291e-04  3.577957285298079e-04 
 7.164999999999763e-01  1.330644092323448e+00  2.346779425709573e-03  4.448027632999679e-01 -4.693559076765516e-05  1.788632814847678e-01  6.239619062397790e-01  3.561220632584334e-04  3.584519083485059e-04 
 7.169999999999762e-01  1.328906071400151e+00  2.355469530453612e-03  4.443903563234800e-01 -4.710939285998484e-05  1.779529483607858e-01  6.221467896827513e-01  3.567785884333466e-04  3.591080113649075e-04 
 7.174999999999762e-01  1.327164929486873e+00  2.364175240147710e-03  4.439779561808375e-01 -4.728350705131265e-05  1.770426257818328e-01  6.203285395207808e-01  3.574350709381113e-04  3.597640374953834e-04 
 7.179999999999761e-01  1.325420667075884e+00  2.372896552330515e-03  4.435655628191271e-01 -4.745793329241155e-05  1.761323136943390e-01  6.185071562294193e-01  3.580915107768659e-04  3.604199866563212e-04 
 7.184999999999760e-01  1.323673284659351e+00  2.381633464541196e-03  4.431531761854491e-01 -4.763267153406480e-05  1.752220120447485e-01  6.166826402841060e-01  3.587479079537438e-04  3.610758587641267e-04 
 7.189999999999760e-01  1.321922782729347e+00  2.390385974319389e-03  4.427407962269180e-01 -4.780772172706518e-05  1.743117207795190e-01  6.148549921601730e-01  3.594042624728742e-04  3.617316537352236e-04 
 7.194999999999759e-01  1.320169161777841e+00  2.399154079205244e-03  4.423284228906614e-01 -4.798308382221588e-05  1.734014398451221e-01  6.130242123328391e-01  3.600605743383813e-04  3.623873714860535e-04 
 7.199999999999759e-01  1.318412422296708e+00  2.407937776739393e-03  4.419160561238218e-01 -4.815875777032915e-05  1.724911691880442e-01  6.111903012772204e-01  3.607168435543845e-04  3.630430119330746e-04 
 7.204999999999758e-01  1.316652564777718e+00  2.416737064462973e-03  4.415036958735546e-01 -4.833474352222811e-05  1.715809087547838e-01  6.093532594683149e-01  3.613730701249990e-04  3.636985749927644e-04 
 7.209999999999758e-01  1.314889589712550e+00  2.425551939917605e-03  4.410913420870286e-01 -4.851104102874496e-05  1.706706584918538e-01  6.075130873810179e-01  3.620292540543350e-04  3.643540605816174e-04 
 7.214999999999757e-01  1.313123497592776e+00  2.434382400645412e-03  4.406789947114269e-01 -4.868765024072233e-05  1.697604183457810e-01  6.056697854901111e-01  3.626853953464980e-04  3.650094686161457e-04 
 7.219999999999757e-01  1.311354288909879e+00  2.443228444188997e-03  4.402666536939467e-01 -4.886457110901202e-05  1.688501882631061e-01  6.038233542702728e-01  3.633414940055893e-04  3.656647990128785e-04 
 7.224999999999756e-01  1.309581964155236e+00  2.452090068091467e-03  4.398543189817977e-01 -4.904180358447638e-05  1.679399681903827e-01  6.019737941960652e-01  3.639975500357052e-04  3.663200516883637e-04 
 7.229999999999756e-01  1.307806523820126e+00  2.460967269896417e-03  4.394419905222039e-01 -4.921934761798732e-05  1.670297580741784e-01  6.001211057419442e-01  3.646535634409372e-04  3.669752265591659e-04 
 7.234999999999755e-01  1.306027968395735e+00  2.469860047147930e-03  4.390296682624028e-01 -4.939720316042646e-05  1.661195578610744e-01  5.982652893822582e-01  3.653095342253729e-04  3.676303235418676e-04 
 7.239999999999754e-01  1.304246298373146e+00  2.478768397390588e-03  4.386173521496452e-01 -4.957537016268531e-05  1.652093674976657e-01  5.964063455912449e-01  3.659654623930941e-04  3.682853425530688e-04 
 7.244999999999754e-01  1.302461514243345e+00  2.487692318169459e-03  4.382050421311952e-01 -4.975384857566545e-05  1.642991869305596e-01  5.945442748430316e-01  3.666213479481790e-04  3.689402835093879e-04 
 7.249999999999753e-01  1.300673616497222e+00  2.496631807030099e-03  4.377927381543313e-01 -4.993263835027776e-05  1.633890161063787e-01  5.926790776116411e-01  3.672771908947008e-04  3.695951463274581e-04 
 7.254999999999753e-01  1.298882605625564e+00  2.505586861518564e-03  4.373804401663443e-01 -5.011173943744358e-05  1.624788549717574e-01  5.908107543709807e-01  3.679329912367277e-04  3.702499309239340e-04 
 7.259999999999752e-01  1.297088482119065e+00  2.514557479181384e-03  4.369681481145393e-01 -5.029115178809340e-05  1.615687034733448e-01  5.889393055948560e-01  3.685887489783241e-04  3.709046372154835e-04 
 7.264999999999752e-01  1.295291246468321e+00  2.523543657565589e-03  4.365558619462347e-01 -5.047087535316785e-05  1.606585615578030e-01  5.870647317569593e-01  3.692444641235489e-04  3.715592651187943e-04 
 7.269999999999751e-01  1.293490899163827e+00  2.532545394218699e-03  4.361435816087617e-01 -5.065091008361720e-05  1.597484291718068e-01  5.851870333308762e-01  3.699001366764570e-04  3.722138145505712e-04 
 7.274999999999751e-01  1.291687440695982e+00  2.541562686688719e-03  4.357313070494648e-01 -5.083125593040178e-05  1.588383062620451e-01  5.833062107900808e-01  3.705557666410981e-04  3.728682854275365e-04 
 7.279999999999750e-01  1.289880871555084e+00  2.550595532524151e-03  4.353190382157026e-01 -5.101191284449151e-05  1.579281927752199e-01  5.814222646079398e-01  3.712113540215178e-04  3.735226776664291e-04 
 7.284999999999749e-01  1.288071192231341e+00  2.559643929273966e-03  4.349067750548460e-01 -5.119288077686586e-05  1.570180886580461e-01  5.795351952577141e-01  3.718668988217568e-04  3.741769911840057e-04 
 7.289999999999749e-01  1.286258403214858e+00  2.568707874487637e-03  4.344945175142803e-01 -5.137415967851417e-05  1.561079938572527e-01  5.776450032125545e-01  3.725224010458514e-04  3.748312258970399e-04 
 7.294999999999748e-01  1.284442504995640e+00  2.577787365715129e-03  4.340822655414028e-01 -5.155574950043589e-05  1.551979083195812e-01  5.757516889454994e-01  3.731778606978330e-04  3.754853817223226e-04 
 7.299999999999748e-01  1.282623498063604e+00  2.586882400506875e-03  4.336700190836247e-01 -5.173765019363957e-05  1.542878319917865e-01  5.738552529294857e-01  3.738332777817286e-04  3.761394585766625e-04 
 7.304999999999747e-01  1.280801382908558e+00  2.595992976413815e-03  4.332577780883703e-01 -5.191986170914408e-05  1.533777648206366e-01  5.719556956373358e-01  3.744886523015605e-04  3.767934563768841e-04 
 7.309999999999747e-01  1.278976160020223e+00  2.605119090987363e-03  4.328455425030764e-01 -5.210238399797767e-05  1.524677067529127e-01  5.700530175417668e-01  3.751439842613461e-04  3.774473750398320e-04 
 7.314999999999746e-01  1.277147829888214e+00  2.614260741779426e-03  4.324333122751939e-01 -5.228521701117848e-05  1.515576577354091e-01  5.681472191153867e-01  3.757992736650990e-04  3.781012144823637e-04 
 7.319999999999746e-01  1.275316393002058e+00  2.623417926342383e-03  4.320210873521862e-01 -5.246836069979410e-05  1.506476177149334e-01  5.662383008306969e-01  3.764545205168273e-04  3.787549746213572e-04 
 7.324999999999745e-01  1.273481849851178e+00  2.632590642229115e-03  4.316088676815295e-01 -5.265181501488213e-05  1.497375866383058e-01  5.643262631600884e-01  3.771097248205348e-04  3.794086553737061e-04 
 7.329999999999744e-01  1.271644200924903e+00  2.641778886992976e-03  4.311966532107137e-01 -5.283557990750962e-05  1.488275644523602e-01  5.624111065758458e-01  3.777648865802209e-04  3.800622566563211e-04 
 7.334999999999744e-01  1.269803446712462e+00  2.650982658187815e-03  4.307844438872406e-01 -5.301965532875371e-05  1.479175511039420e-01  5.604928315501417e-01  3.784200057998803e-04  3.807157783861311e-04 
 7.339999999999743e-01  1.267959587702993e+00  2.660201953367952e-03  4.303722396586260e-01 -5.320404122970064e-05  1.470075465399112e-01  5.585714385550470e-01  3.790750824835032e-04  3.813692204800804e-04 
 7.344999999999743e-01  1.266112624385532e+00  2.669436770088202e-03  4.299600404723986e-01 -5.338873756144670e-05  1.460975507071406e-01  5.566469280625206e-01  3.797301166350744e-04  3.820225828551306e-04 
 7.349999999999742e-01  1.264262557249021e+00  2.678687105903859e-03  4.295478462760987e-01 -5.357374427509786e-05  1.451875635525144e-01  5.547193005444130e-01  3.803851082585755e-04  3.826758654282620e-04 
 7.354999999999742e-01  1.262409386782303e+00  2.687952958370700e-03  4.291356570172812e-01 -5.375906132176964e-05  1.442775850229313e-01  5.527885564724681e-01  3.810400573579825e-04  3.833290681164691e-04 
 7.359999999999741e-01  1.260553113474129e+00  2.697234325044975e-03  4.287234726435128e-01 -5.394468865258699e-05  1.433676150653026e-01  5.508546963183246e-01  3.816949639372667e-04  3.839821908367650e-04 
 7.364999999999741e-01  1.258693737813150e+00  2.706531203483439e-03  4.283112931023733e-01 -5.413062621868495e-05  1.424576536265514e-01  5.489177205535087e-01  3.823498280003957e-04  3.846352335061792e-04 
 7.369999999999740e-01  1.256831260287917e+00  2.715843591243309e-03  4.278991183414547e-01 -5.431687397120823e-05  1.415477006536143e-01  5.469776296494383e-01  3.830046495513315e-04  3.852881960417592e-04 
 7.374999999999740e-01  1.254965681386894e+00  2.725171485882296e-03  4.274869483083627e-01 -5.450343186131054e-05  1.406377560934406e-01  5.450344240774301e-01  3.836594285940324e-04  3.859410783605672e-04 
 7.379999999999739e-01  1.253097001598442e+00  2.734514884958572e-03  4.270747829507154e-01 -5.469029984015569e-05  1.397278198929929e-01  5.430881043086884e-01  3.843141651324512e-04  3.865938803796832e-04 
 7.384999999999738e-01  1.251225221410828e+00  2.743873786030820e-03  4.266626222161430e-01 -5.487747785891712e-05  1.388178919992453e-01  5.411386708143104e-01  3.849688591705371e-04  3.872466020162046e-04 
 7.389999999999738e-01  1.249350341312220e+00  2.753248186658183e-03  4.262504660522889e-01 -5.506496586877788e-05  1.379079723591853e-01  5.391861240652844e-01  3.856235107122337e-04  3.878992431872452e-04 
 7.394999999999737e-01  1.247472361790697e+00  2.762638084400282e-03  4.258383144068093e-01 -5.525276382093024e-05  1.369980609198128e-01  5.372304645324963e-01  3.862781197614813e-04  3.885518038099348e-04 
 7.399999999999737e-01  1.245591283334234e+00  2.772043476817232e-03  4.254261672273729e-01 -5.544087166657651e-05  1.360881576281412e-01  5.352716926867200e-01  3.869326863222139e-04  3.892042838014202e-04 
 7.404999999999736e-01  1.243707106430713e+00  2.781464361469620e-03  4.250140244616601e-01 -5.562928935692857e-05  1.351782624311949e-01  5.333098089986213e-01  3.875872103983626e-04  3.898566830788661e-04 
 7.409999999999736e-01  1.241819831567924e+00  2.790900735918513e-03  4.246018860573652e-01 -5.581801684320753e-05  1.342683752760119e-01  5.313448139387631e-01  3.882416919938530e-04  3.905090015594518e-04 
 7.414999999999735e-01  1.239929459233555e+00  2.800352597725451e-03  4.241897519621942e-01 -5.600705407664437e-05  1.333584961096429e-01  5.293767079775977e-01  3.888961311126061e-04  3.911612391603746e-04 
 7.419999999999735e-01  1.238035989915204e+00  2.809819944452453e-03  4.237776221238656e-01 -5.619640100847946e-05  1.324486248791502e-01  5.274054915854719e-01  3.895505277585389e-04  3.918133957988483e-04 
 7.424999999999734e-01  1.236139424100370e+00  2.819302773662031e-03  4.233654964901112e-01 -5.638605758996295e-05  1.315387615316098e-01  5.254311652326237e-01  3.902048819355633e-04  3.924654713921020e-04 
 7.429999999999733e-01  1.234239762276455e+00  2.828801082917159e-03  4.229533750086737e-01 -5.657602377235439e-05  1.306289060141085e-01  5.234537293891841e-01  3.908591936475869e-04  3.931174658573838e-04 
 7.434999999999733e-01  1.232337004930770e+00  2.838314869781296e-03  4.225412576273098e-01 -5.676629950692290e-05  1.297190582737473e-01  5.214731845251781e-01  3.915134628985124e-04  3.937693791119558e-04 
 7.439999999999732e-01  1.230431152550527e+00  2.847844131818369e-03  4.221291442937872e-01 -5.695688474494721e-05  1.288092182576383e-01  5.194895311105230e-01  3.921676896922383e-04  3.944212110730983e-04 
 7.444999999999732e-01  1.228522205622847e+00  2.857388866592790e-03  4.217170349558874e-01 -5.714777943771526e-05  1.278993859129068e-01  5.175027696150313e-01  3.928218740326584e-04  3.950729616581065e-04 
 7.449999999999731e-01  1.226610164634749e+00  2.866949071669447e-03  4.213049295614031e-01 -5.733898353652502e-05  1.269895611866898e-01  5.155129005084043e-01  3.934760159236622e-04  3.957246307842931e-04 
 7.454999999999731e-01  1.224695030073162e+00  2.876524744613704e-03  4.208928280581390e-01 -5.753049699268377e-05  1.260797440261366e-01  5.135199242602382e-01  3.941301153691338e-04  3.963762183689886e-04 
 7.459999999999730e-01  1.222776802424920e+00  2.886115882991390e-03  4.204807303939140e-01 -5.772231975750792e-05  1.251699343784098e-01  5.115238413400262e-01  3.947841723729539e-04  3.970277243295359e-04 
 7.464999999999730e-01  1.220855482176760e+00  2.895722484368822e-03  4.200686365165570e-01 -5.791445178232396e-05  1.242601321906829e-01  5.095246522171493e-01  3.954381869389977e-04  3.976791485832981e-04 
 7.469999999999729e-01  1.218931069815322e+00  2.905344546312792e-03  4.196565463739101e-01 -5.810689301846770e-05  1.233503374101419e-01  5.075223573608827e-01  3.960921590711365e-04  3.983304910476532e-04 
 7.474999999999729e-01  1.217003565827156e+00  2.914982066390557e-03  4.192444599138280e-01 -5.829964341728429e-05  1.224405499839862e-01  5.055169572403975e-01  3.967460887732365e-04  3.989817516399948e-04 
 7.479999999999728e-01  1.215072970698715e+00  2.924635042169847e-03  4.188323770841766e-01 -5.849270293012842e-05  1.215307698594259e-01  5.035084523247565e-01  3.973999760491595e-04  3.996329302777344e-04 
 7.484999999999727e-01  1.213139284916357e+00  2.934303471218880e-03  4.184202978328349e-01 -5.868607150836420e-05  1.206209969836839e-01  5.014968430829174e-01  3.980538209027632e-04  4.002840268782980e-04 
 7.489999999999727e-01  1.211202508966344e+00  2.943987351106339e-03  4.180082221076932e-01 -5.887974910336551e-05  1.197112313039950e-01  4.994821299837278e-01  3.987076233379003e-04  4.009350413591291e-04 
 7.494999999999726e-01  1.209262643334847e+00  2.953686679401377e-03  4.175961498566545e-01 -5.907373566651517e-05  1.188014727676067e-01  4.974643134959338e-01  3.993613833584188e-04  4.015859736376868e-04 
 7.499999999999726e-01  1.207319688507938e+00  2.963401453673624e-03  4.171840810276330e-01 -5.926803114920609e-05  1.178917213217773e-01  4.954433940881695e-01  4.000151009681627e-04  4.022368236314468e-04 
 7.504999999999725e-01  1.205373644971598e+00  2.973131671493178e-03  4.167720155685561e-01 -5.946263550284014e-05  1.169819769137787e-01  4.934193722289667e-01  4.006687761709709e-04  4.028875912579003e-04 
 7.509999999999725e-01  1.203424513211712e+00  2.982877330430615e-03  4.163599534273620e-01 -5.965754867882869e-05  1.160722394908931e-01  4.913922483867507e-01  4.013224089706782e-04  4.035382764345559e-04 
 7.514999999999724e-01  1.201472293714071e+00  2.992638428056978e-03  4.159478945520017e-01 -5.985277062859278e-05  1.151625090004162e-01  4.893620230298378e-01  4.019759993711148e-04  4.041888790789367e-04 
 7.519999999999724e-01  1.199516986964373e+00  3.002414961943789e-03  4.155358388904376e-01 -6.004830130356260e-05  1.142527853896547e-01  4.873286966264410e-01  4.026295473761057e-04  4.048393991085831e-04 
 7.524999999999723e-01  1.197558593448218e+00  3.012206929663024e-03  4.151237863906447e-01 -6.024414065517807e-05  1.133430686059279e-01  4.852922696446642e-01  4.032830529894724e-04  4.054898364410502e-04 
 7.529999999999722e-01  1.195597113651117e+00  3.022014328787152e-03  4.147117370006090e-01 -6.044028863488822e-05  1.124333585965662e-01  4.832527425525077e-01  4.039365162150312e-04  4.061401909939110e-04 
 7.534999999999722e-01  1.193632548058484e+00  3.031837156889092e-03  4.142996906683293e-01 -6.063674519415150e-05  1.115236553089126e-01  4.812101158178661e-01  4.045899370565941e-04  4.067904626847525e-04 
 7.539999999999721e-01  1.191664897155638e+00  3.041675411542249e-03  4.138876473418150e-01 -6.083351028443610e-05  1.106139586903210e-01  4.791643899085237e-01  4.052433155179684e-04  4.074406514311801e-04 
 7.544999999999721e-01  1.189694161427807e+00  3.051529090320486e-03  4.134756069690887e-01 -6.103058385721923e-05  1.097042686881588e-01  4.771155652921635e-01  4.058966516029569e-04  4.080907571508118e-04 
 7.549999999999720e-01  1.187720341360122e+00  3.061398190798136e-03  4.130635694981832e-01 -6.122796586398775e-05  1.087945852498026e-01  4.750636424363591e-01  4.065499453153580e-04  4.087407797612859e-04 
 7.554999999999720e-01  1.185743437437623e+00  3.071282710550013e-03  4.126515348771448e-01 -6.142565625623756e-05  1.078849083226435e-01  4.730086218085818e-01  4.072031966589655e-04  4.093907191802522e-04 
 7.559999999999719e-01  1.183763450145257e+00  3.081182647151388e-03  4.122395030540302e-01 -6.162365498547419e-05  1.069752378540826e-01  4.709505038761947e-01  4.078564056375687e-04  4.100405753253789e-04 
 7.564999999999719e-01  1.181780379967872e+00  3.091097998177995e-03  4.118274739769082e-01 -6.182196200321270e-05  1.060655737915330e-01  4.688892891064531e-01  4.085095722549525e-04  4.106903481143497e-04 
 7.569999999999718e-01  1.179794227390229e+00  3.101028761206058e-03  4.114154475938596e-01 -6.202057726097698e-05  1.051559160824203e-01  4.668249779665117e-01  4.091626965148968e-04  4.113400374648635e-04 
 7.574999999999718e-01  1.177804992896993e+00  3.110974933812240e-03  4.110034238529764e-01 -6.221950071030064e-05  1.042462646741805e-01  4.647575709234160e-01  4.098157784211776e-04  4.119896432946354e-04 
 7.579999999999717e-01  1.175812676972731e+00  3.120936513573692e-03  4.105914027023621e-01 -6.241873230272680e-05  1.033366195142618e-01  4.626870684441040e-01  4.104688179775660e-04  4.126391655213967e-04 
 7.584999999999716e-01  1.173817280101926e+00  3.130913498068027e-03  4.101793840901324e-01 -6.261827198980731e-05  1.024269805501244e-01  4.606134709954144e-01  4.111218151878287e-04  4.132886040628933e-04 
 7.589999999999716e-01  1.171818802768957e+00  3.140905884873321e-03  4.097673679644133e-01 -6.281811972310421e-05  1.015173477292389e-01  4.585367790440711e-01  4.117747700557275e-04  4.139379588368892e-04 
 7.594999999999715e-01  1.169817245458120e+00  3.150913671568115e-03  4.093553542733441e-01 -6.301827545418794e-05  1.006077209990890e-01  4.564569930567026e-01  4.124276825850206e-04  4.145872297611605e-04 
 7.599999999999715e-01  1.167812608653611e+00  3.160936855731420e-03  4.089433429650744e-01 -6.321873913463878e-05  9.969810030716869e-02  4.543741134998257e-01  4.130805527794610e-04  4.152364167535019e-04 
 7.604999999999714e-01  1.165804892839535e+00  3.170975434942712e-03  4.085313339877651e-01 -6.341951071604642e-05  9.878848560098369e-02  4.522881408398510e-01  4.137333806427971e-04  4.158855197317230e-04 
 7.609999999999714e-01  1.163794098499905e+00  3.181029406781925e-03  4.081193272895901e-01 -6.362059015000944e-05  9.787887682805224e-02  4.501990755430886e-01  4.143861661787731e-04  4.165345386136472e-04 
 7.614999999999713e-01  1.161780226118641e+00  3.191098768829470e-03  4.077073228187328e-01 -6.382197738813580e-05  9.696927393590249e-02  4.481069180757413e-01  4.150389093911285e-04  4.171834733171163e-04 
 7.619999999999713e-01  1.159763276179566e+00  3.201183518666216e-03  4.072953205233887e-01 -6.402367238204327e-05  9.605967687207406e-02  4.460116689039015e-01  4.156916102835987e-04  4.178323237599871e-04 
 7.624999999999712e-01  1.157743249166415e+00  3.211283653873489e-03  4.068833203517652e-01 -6.422567508335836e-05  9.515008558411947e-02  4.439133284935626e-01  4.163442688599138e-04  4.184810898601300e-04 
 7.629999999999711e-01  1.155720145562831e+00  3.221399172033090e-03  4.064713222520805e-01 -6.442798544371677e-05  9.424050001960127e-02  4.418118973106129e-01  4.169968851238003e-04  4.191297715354326e-04 
 7.634999999999711e-01  1.153693965852359e+00  3.231530070727275e-03  4.060593261725642e-01 -6.463060341476398e-05  9.333092012609351e-02  4.397073758208303e-01  4.176494590789798e-04  4.197783687037977e-04 
 7.639999999999710e-01  1.151664710518456e+00  3.241676347538772e-03  4.056473320614569e-01 -6.483352894815427e-05  9.242134585118161e-02  4.375997644898926e-01  4.183019907291692e-04  4.204268812831441e-04 
 7.644999999999710e-01  1.149632380044485e+00  3.251838000050762e-03  4.052353398670113e-01 -6.503676199555137e-05  9.151177714246261e-02  4.354890637833706e-01  4.189544800780812e-04  4.210753091914042e-04 
 7.649999999999709e-01  1.147596974913718e+00  3.262015025846890e-03  4.048233495374907e-01 -6.524030250862808e-05  9.060221394754470e-02  4.333752741667312e-01  4.196069271294237e-04  4.217236523465275e-04 
 7.654999999999709e-01  1.145558495609330e+00  3.272207422511266e-03  4.044113610211694e-01 -6.544415043906689e-05  8.969265621404665e-02  4.312583961053322e-01  4.202593318869005e-04  4.223719106664790e-04 
 7.659999999999708e-01  1.143516942614408e+00  3.282415187628465e-03  4.039993742663333e-01 -6.564830573855910e-05  8.878310388959931e-02  4.291384300644312e-01  4.209116943542105e-04  4.230200840692379e-04 
 7.664999999999708e-01  1.141472316411946e+00  3.292638318783518e-03  4.035873892212795e-01 -6.585276835880526e-05  8.787355692184401e-02  4.270153765091796e-01  4.215640145350485e-04  4.236681724727995e-04 
 7.669999999999707e-01  1.139424617484848e+00  3.302876813561911e-03  4.031754058343162e-01 -6.605753825151513e-05  8.696401525843372e-02  4.248892359046248e-01  4.222162924331048e-04  4.243161757951738e-04 
 7.674999999999707e-01  1.137373846315918e+00  3.313130669549607e-03  4.027634240537622e-01 -6.626261536840806e-05  8.605447884703221e-02  4.227600087157055e-01  4.228685280520644e-04  4.249640939543872e-04 
 7.679999999999706e-01  1.135320003387878e+00  3.323399884333012e-03  4.023514438279476e-01 -6.646799966121210e-05  8.514494763531394e-02  4.206276954072604e-01  4.235207213956090e-04  4.256119268684810e-04 
 7.684999999999705e-01  1.133263089183352e+00  3.333684455498998e-03  4.019394651052145e-01 -6.667369108166470e-05  8.423542157096564e-02  4.184922964440214e-01  4.241728724674154e-04  4.262596744555104e-04 
 7.689999999999705e-01  1.131203104184872e+00  3.343984380634902e-03  4.015274878339142e-01 -6.687968958151265e-05  8.332590060168360e-02  4.163538122906151e-01  4.248249812711551e-04  4.269073366335482e-04 
 7.694999999999704e-01  1.129140048874882e+00  3.354299657328517e-03  4.011155119624109e-01 -6.708599511251175e-05  8.241638467517653e-02  4.142122434115643e-01  4.254770478104962e-04  4.275549133206794e-04 
 7.699999999999704e-01  1.127073923735730e+00  3.364630283168087e-03  4.007035374390787e-01 -6.729260762642694e-05  8.150687373916349e-02  4.120675902712878e-01  4.261290720891019e-04  4.282024044350069e-04 
 7.704999999999703e-01  1.125004729249674e+00  3.374976255742328e-03  4.002915642123018e-01 -6.749952707503254e-05  8.059736774137316e-02  4.099198533340979e-01  4.267810541106309e-04  4.288498098946484e-04 
 7.709999999999703e-01  1.122932465898882e+00  3.385337572640404e-03  3.998795922304776e-01 -6.770675341011170e-05  7.968786662954769e-02  4.077690330642058e-01  4.274329938787376e-04  4.294971296177346e-04 
 7.714999999999702e-01  1.120857134165429e+00  3.395714231451941e-03  3.994676214420128e-01 -6.791428658345700e-05  7.877837035143859e-02  4.056151299257155e-01  4.280848913970715e-04  4.301443635224133e-04 
 7.719999999999702e-01  1.118778734531297e+00  3.406106229767016e-03  3.990556517953247e-01 -6.812212654687016e-05  7.786887885480809e-02  4.034581443826266e-01  4.287367466692780e-04  4.307915115268472e-04 
 7.724999999999701e-01  1.116697267478381e+00  3.416513565176173e-03  3.986436832388428e-01 -6.833027325216180e-05  7.695939208743019e-02  4.012980768988370e-01  4.293885596989982e-04  4.314385735492126e-04 
 7.729999999999700e-01  1.114612733488477e+00  3.426936235270413e-03  3.982317157210058e-01 -6.853872665115217e-05  7.604990999708866e-02  3.991349279381348e-01  4.300403304898678e-04  4.320855495077033e-04 
 7.734999999999700e-01  1.112525133043302e+00  3.437374237641173e-03  3.978197491902655e-01 -6.874748669566968e-05  7.514043253157965e-02  3.969686979642145e-01  4.306920590455197e-04  4.327324393205241e-04 
 7.739999999999699e-01  1.110434466624467e+00  3.447827569880380e-03  3.974077835950812e-01 -6.895655333755318e-05  7.423095963870774e-02  3.947993874406522e-01  4.313437453695804e-04  4.333792429059005e-04 
 7.744999999999699e-01  1.108340734713504e+00  3.458296229580377e-03  3.969958188839259e-01 -6.916592652864949e-05  7.332149126629051e-02  3.926269968309321e-01  4.319953894656732e-04  4.340259601820673e-04 
 7.749999999999698e-01  1.106243937791846e+00  3.468780214334002e-03  3.965838550052816e-01 -6.937560622081529e-05  7.241202736215485e-02  3.904515265984259e-01  4.326469913374166e-04  4.346725910672777e-04 
 7.754999999999698e-01  1.104144076340839e+00  3.479279521734520e-03  3.961718919076416e-01 -6.958559236591600e-05  7.150256787413872e-02  3.882729772064057e-01  4.332985509884248e-04  4.353191354797989e-04 
 7.759999999999697e-01  1.102041150841738e+00  3.489794149375666e-03  3.957599295395099e-01 -6.979588491582605e-05  7.059311275009106e-02  3.860913491180400e-01  4.339500684223072e-04  4.359655933379124e-04 
 7.764999999999697e-01  1.099935161775707e+00  3.500324094851614e-03  3.953479678494012e-01 -7.000648382242916e-05  6.968366193787151e-02  3.839066427963915e-01  4.346015436426689e-04  4.366119645599144e-04 
 7.769999999999696e-01  1.097826109623816e+00  3.510869355757011e-03  3.949360067858402e-01 -7.021738903761825e-05  6.877421538534961e-02  3.817188587044172e-01  4.352529766531103e-04  4.372582490641177e-04 
 7.774999999999695e-01  1.095713994867049e+00  3.521429929686941e-03  3.945240462973624e-01 -7.042860051329503e-05  6.786477304040556e-02  3.795279973049739e-01  4.359043674572282e-04  4.379044467688483e-04 
 7.779999999999695e-01  1.093598817986297e+00  3.532005814236950e-03  3.941120863325148e-01 -7.064011820137020e-05  6.695533485093136e-02  3.773340590608147e-01  4.365557160586138e-04  4.385505575924469e-04 
 7.784999999999694e-01  1.091480579462359e+00  3.542597007003039e-03  3.937001268398532e-01 -7.085194205376405e-05  6.604590076482775e-02  3.751370444345840e-01  4.372070224608547e-04  4.391965814532701e-04 
 7.789999999999694e-01  1.089359279775947e+00  3.553203505581650e-03  3.932881677679462e-01 -7.106407202240519e-05  6.513647073000822e-02  3.729369538888290e-01  4.378582866675333e-04  4.398425182696872e-04 
 7.794999999999693e-01  1.087234919407680e+00  3.563825307569693e-03  3.928762090653702e-01 -7.127650805923192e-05  6.422704469439405e-02  3.707337878859880e-01  4.385095086822283e-04  4.404883679600850e-04 
 7.799999999999693e-01  1.085107498838085e+00  3.574462410564519e-03  3.924642506807141e-01 -7.148925011619138e-05  6.331762260591883e-02  3.685275468883964e-01  4.391606885085137e-04  4.411341304428629e-04 
 7.804999999999692e-01  1.082977018547603e+00  3.585114812163933e-03  3.920522925625762e-01 -7.170229814523959e-05  6.240820441252620e-02  3.663182313582884e-01  4.398118261499588e-04  4.417798056364356e-04 
 7.809999999999692e-01  1.080843479016585e+00  3.595782509966187e-03  3.916403346595663e-01 -7.191565209834139e-05  6.149879006217068e-02  3.641058417577964e-01  4.404629216101287e-04  4.424253934592314e-04 
 7.814999999999691e-01  1.078706880725286e+00  3.606465501569997e-03  3.912283769203027e-01 -7.212931192747129e-05  6.058937950281540e-02  3.618903785489423e-01  4.411139748925840e-04  4.430708938296957e-04 
 7.819999999999691e-01  1.076567224153875e+00  3.617163784574517e-03  3.908164192934160e-01 -7.234327758461241e-05  5.967997268243636e-02  3.596718421936493e-01  4.417649860008806e-04  4.437163066662859e-04 
 7.824999999999690e-01  1.074424509782430e+00  3.627877356579355e-03  3.904044617275458e-01 -7.255754902175691e-05  5.877056954901744e-02  3.574502331537364e-01  4.424159549385707e-04  4.443616318874755e-04 
 7.829999999999689e-01  1.072278738090941e+00  3.638606215184565e-03  3.899925041713428e-01 -7.277212619090579e-05  5.786117005055491e-02  3.552255518909205e-01  4.430668817092012e-04  4.450068694117514e-04 
 7.834999999999689e-01  1.070129909559305e+00  3.649350357990666e-03  3.895805465734675e-01 -7.298700904406936e-05  5.695177413505398e-02  3.529977988668125e-01  4.437177663163149e-04  4.456520191576159e-04 
 7.839999999999688e-01  1.067978024667331e+00  3.660109782598604e-03  3.891685888825907e-01 -7.320219753326680e-05  5.604238175053045e-02  3.507669745429208e-01  4.443686087634504e-04  4.462970810435860e-04 
 7.844999999999688e-01  1.065823083894740e+00  3.670884486609789e-03  3.887566310473942e-01 -7.341769161052589e-05  5.513299284501133e-02  3.485330793806547e-01  4.450194090541413e-04  4.469420549881908e-04 
 7.849999999999687e-01  1.063665087721158e+00  3.681674467626075e-03  3.883446730165689e-01 -7.363349122788407e-05  5.422360736653231e-02  3.462961138413129e-01  4.456701671919173e-04  4.475869409099770e-04 
 7.854999999999687e-01  1.061504036626123e+00  3.692479723249772e-03  3.879327147388154e-01 -7.384959633738760e-05  5.331422526313911e-02  3.440560783860925e-01  4.463208831803036e-04  4.482317387275055e-04 
 7.859999999999686e-01  1.059339931089090e+00  3.703300251083618e-03  3.875207561628466e-01 -7.406600689109087e-05  5.240484648288940e-02  3.418129734760960e-01  4.469715570228210e-04  4.488764483593484e-04 
 7.864999999999686e-01  1.057172771589417e+00  3.714136048730820e-03  3.871087972373840e-01 -7.428272284105819e-05  5.149547097385021e-02  3.395667995723127e-01  4.476221887229851e-04  4.495210697240947e-04 
 7.869999999999685e-01  1.055002558606375e+00  3.724987113795011e-03  3.866968379111593e-01 -7.449974413936243e-05  5.058609868409802e-02  3.373175571356333e-01  4.482727782843083e-04  4.501656027403472e-04 
 7.874999999999684e-01  1.052829292619144e+00  3.735853443880295e-03  3.862848781329146e-01 -7.471707073808551e-05  4.967672956171998e-02  3.350652466268436e-01  4.489233257102974e-04  4.508100473267229e-04 
 7.879999999999684e-01  1.050652974106818e+00  3.746735036591209e-03  3.858729178514015e-01 -7.493470258931813e-05  4.876736355481270e-02  3.328098685066285e-01  4.495738310044559e-04  4.514544034018539e-04 
 7.884999999999683e-01  1.048473603548401e+00  3.757631889532728e-03  3.854609570153827e-01 -7.515263964515974e-05  4.785800061148426e-02  3.305514232355716e-01  4.502242941702819e-04  4.520986708843848e-04 
 7.889999999999683e-01  1.046291181422807e+00  3.768544000310291e-03  3.850489955736301e-01 -7.537088185771918e-05  4.694864067985127e-02  3.282899112741490e-01  4.508747152112698e-04  4.527428496929752e-04 
 7.894999999999682e-01  1.044105708208859e+00  3.779471366529770e-03  3.846370334749257e-01 -7.558942917911401e-05  4.603928370804106e-02  3.260253330827354e-01  4.515250941309088e-04  4.533869397462999e-04 
 7.899999999999682e-01  1.041917184385294e+00  3.790413985797492e-03  3.842250706680609e-01 -7.580828156147050e-05  4.512992964419021e-02  3.237576891216051e-01  4.521754309326846e-04  4.540309409630470e-04 
 7.904999999999681e-01  1.039725610430758e+00  3.801371855720215e-03  3.838131071018382e-01 -7.602743895692407e-05  4.422057843644611e-02  3.214869798509270e-01  4.528257256200777e-04  4.546748532619187e-04 
 7.909999999999681e-01  1.037530986823812e+00  3.812344973905146e-03  3.834011427250694e-01 -7.624690131761869e-05  4.331123003296572e-02  3.192132057307708e-01  4.534759781965650e-04  4.553186765616312e-04 
 7.914999999999680e-01  1.035333314042921e+00  3.823333337959945e-03  3.829891774865757e-01 -7.646666859570777e-05  4.240188438191561e-02  3.169363672210976e-01  4.541261886656180e-04  4.559624107809158e-04 
 7.919999999999680e-01  1.033132592566467e+00  3.834336945492717e-03  3.825772113351888e-01 -7.668674074335319e-05  4.149254143147241e-02  3.146564647817702e-01  4.547763570307043e-04  4.566060558385167e-04 
 7.924999999999679e-01  1.030928822872742e+00  3.845355794111986e-03  3.821652442197503e-01 -7.690711771272566e-05  4.058320112982278e-02  3.123734988725495e-01  4.554264832952875e-04  4.572496116531924e-04 
 7.929999999999678e-01  1.028722005439949e+00  3.856389881426755e-03  3.817532760891110e-01 -7.712779945600499e-05  3.967386342516310e-02  3.100874699530911e-01  4.560765674628256e-04  4.578930781437162e-04 
 7.934999999999678e-01  1.026512140746205e+00  3.867439205046429e-03  3.813413068921327e-01 -7.734878592537942e-05  3.876452826569993e-02  3.077983784829524e-01  4.567266095367738e-04  4.585364552288735e-04 
 7.939999999999677e-01  1.024299229269532e+00  3.878503762580903e-03  3.809293365776849e-01 -7.757007707304671e-05  3.785519559964817e-02  3.055062249215819e-01  4.573766095205813e-04  4.591797428274668e-04 
 7.944999999999677e-01  1.022083271487869e+00  3.889583551640470e-03  3.805173650946487e-01 -7.779167285121295e-05  3.694586537523409e-02  3.032110097283304e-01  4.580265674176942e-04  4.598229408583096e-04 
 7.949999999999676e-01  1.019864267879066e+00  3.900678569835890e-03  3.801053923919139e-01 -7.801357321209332e-05  3.603653754069264e-02  3.009127333624442e-01  4.586764832315533e-04  4.604660492402313e-04 
 7.954999999999676e-01  1.017642218920885e+00  3.911788814778356e-03  3.796934184183808e-01 -7.823577810791139e-05  3.512721204426933e-02  2.986113962830717e-01  4.593263569655955e-04  4.611090678920734e-04 
 7.959999999999675e-01  1.015417125090998e+00  3.922914284079504e-03  3.792814431229587e-01 -7.845828749090010e-05  3.421788883421878e-02  2.963069989492532e-01  4.599761886232528e-04  4.617519967326928e-04 
 7.964999999999675e-01  1.013188986866987e+00  3.934054975351418e-03  3.788694664545659e-01 -7.868110131330121e-05  3.330856785880432e-02  2.939995418199269e-01  4.606259782079536e-04  4.623948356809608e-04 
 7.969999999999674e-01  1.010957804726354e+00  3.945210886206601e-03  3.784574883621326e-01 -7.890421952736452e-05  3.239924906630159e-02  2.916890253539367e-01  4.612757257231210e-04  4.630375846557595e-04 
 7.974999999999673e-01  1.008723579146502e+00  3.956382014258024e-03  3.780455087945956e-01 -7.912764208534967e-05  3.148993240499276e-02  2.893754500100135e-01  4.619254311721740e-04  4.636802435759884e-04 
 7.979999999999673e-01  1.006486310604756e+00  3.967568357119072e-03  3.776335277009038e-01 -7.935136893952432e-05  3.058061782317156e-02  2.870588162467945e-01  4.625750945585279e-04  4.643228123605582e-04 
 7.984999999999672e-01  1.004245999578346e+00  3.978769912403591e-03  3.772215450300139e-01 -7.957540004216531e-05  2.967130526914030e-02  2.847391245228100e-01  4.632247158855926e-04  4.649652909283953e-04 
 7.989999999999672e-01  1.002002646544417e+00  3.989986677725852e-03  3.768095607308929e-01 -7.979973534555817e-05  2.876199469121110e-02  2.824163752964902e-01  4.638742951567742e-04  4.656076791984384e-04 
 7.994999999999671e-01  9.997562519800299e-01  4.001218650700564e-03  3.763975747525183e-01 -8.002437480199690e-05  2.785268603770685e-02  2.800905690261661e-01  4.645238323754741e-04  4.662499770896389e-04 
 7.999999999999671e-01  9.975068163621488e-01  4.012465828942888e-03  3.759855870438741e-01 -8.024931836378501e-05  2.694337925695689e-02  2.777617061700584e-01  4.651733275450896e-04  4.668921845209662e-04 
 8.004999999999670e-01  9.952543401676608e-01  4.023728210068406e-03  3.755735975539573e-01 -8.047456598323381e-05  2.603407429730320e-02  2.754297871862971e-01  4.658227806690134e-04  4.675343014113980e-04 
 8.009999999999670e-01  9.929988238733560e-01  4.035005791693154e-03  3.751616062317714e-01 -8.070011761266429e-05  2.512477110709516e-02  2.730948125328998e-01  4.664721917506335e-04  4.681763276799300e-04 
 8.014999999999669e-01  9.907402679559428e-01  4.046298571433593e-03  3.747496130263310e-01 -8.092597320440560e-05  2.421546963469223e-02  2.707567826677888e-01  4.671215607933344e-04  4.688182632455688e-04 
 8.019999999999669e-01  9.884786728920404e-01  4.057606546906629e-03  3.743376178866593e-01 -8.115213271079584e-05  2.330616982846312e-02  2.684156980487823e-01  4.677708878004954e-04  4.694601080273362e-04 
 8.024999999999668e-01  9.862140391581831e-01  4.068929715729596e-03  3.739256207617896e-01 -8.137859608418157e-05  2.239687163678644e-02  2.660715591335998e-01  4.684201727754920e-04  4.701018619442657e-04 
 8.029999999999667e-01  9.839463672308135e-01  4.080268075520272e-03  3.735136216007640e-01 -8.160536327691853e-05  2.148757500804971e-02  2.637243663798546e-01  4.690694157216946e-04  4.707435249154057e-04 
 8.034999999999667e-01  9.816756575862912e-01  4.091621623896867e-03  3.731016203526337e-01 -8.183243424137077e-05  2.057827989064925e-02  2.613741202450619e-01  4.697186166424700e-04  4.713850968598185e-04 
 8.039999999999666e-01  9.794019107008839e-01  4.102990358478035e-03  3.726896169664591e-01 -8.205980892991149e-05  1.966898623299118e-02  2.590208211866314e-01  4.703677755411801e-04  4.720265776965794e-04 
 8.044999999999666e-01  9.771251270507773e-01  4.114374276882854e-03  3.722776113913107e-01 -8.228748729492215e-05  1.875969398349120e-02  2.566644696618759e-01  4.710168924211826e-04  4.726679673447765e-04 
 8.049999999999665e-01  9.748453071120655e-01  4.125773376730840e-03  3.718656035762673e-01 -8.251546928879332e-05  1.785040309057340e-02  2.543050661280022e-01  4.716659672858308e-04  4.733092657235124e-04 
 8.054999999999665e-01  9.725624513607607e-01  4.137187655641949e-03  3.714535934704176e-01 -8.274375486392381e-05  1.694111350267202e-02  2.519426110421205e-01  4.723150001384735e-04  4.739504727519022e-04 
 8.059999999999664e-01  9.702765602727839e-01  4.148617111236567e-03  3.710415810228588e-01 -8.297234397272150e-05  1.603182516822976e-02  2.495771048612353e-01  4.729639909824556e-04  4.745915883490750e-04 
 8.064999999999664e-01  9.679876343239733e-01  4.160061741135514e-03  3.706295661826982e-01 -8.320123656760255e-05  1.512253803569902e-02  2.472085480422539e-01  4.736129398211172e-04  4.752326124341729e-04 
 8.069999999999663e-01  9.656956739900735e-01  4.171521542960046e-03  3.702175488990511e-01 -8.343043260099252e-05  1.421325205354096e-02  2.448369410419753e-01  4.742618466577936e-04  4.758735449263518e-04 
 8.074999999999662e-01  9.634006797467519e-01  4.182996514331851e-03  3.698055291210428e-01 -8.365993202532468e-05  1.330396717022592e-02  2.424622843171065e-01  4.749107114958169e-04  4.765143857447806e-04 
 8.079999999999662e-01  9.611026520695809e-01  4.194486652873041e-03  3.693935067978073e-01 -8.388973479304178e-05  1.239468333423355e-02  2.400845783242451e-01  4.755595343385138e-04  4.771551348086412e-04 
 8.084999999999661e-01  9.588015914340494e-01  4.205991956206190e-03  3.689814818784872e-01 -8.411984085659494e-05  1.148540049405183e-02  2.377038235198903e-01  4.762083151892071e-04  4.777957920371303e-04 
 8.089999999999661e-01  9.564974983155634e-01  4.217512421954264e-03  3.685694543122357e-01 -8.435025016844354e-05  1.057611859817942e-02  2.353200203604437e-01  4.768570540512153e-04  4.784363573494550e-04 
 8.094999999999660e-01  9.541903731894351e-01  4.229048047740692e-03  3.681574240482129e-01 -8.458096268105637e-05  9.666837595122046e-03  2.329331693021988e-01  4.775057509278519e-04  4.790768306648384e-04 
 8.099999999999660e-01  9.518802165308994e-01  4.240598831189322e-03  3.677453910355896e-01 -8.481197834690994e-05  8.757557433395791e-03  2.305432708013562e-01  4.781544058224270e-04  4.797172119025157e-04 
 8.104999999999659e-01  9.495670288150954e-01  4.252164769924435e-03  3.673333552235447e-01 -8.504329711849034e-05  7.848278061524994e-03  2.281503253140065e-01  4.788030187382456e-04  4.803575009817351e-04 
 8.109999999999659e-01  9.472508105170837e-01  4.263745861570742e-03  3.669213165612666e-01 -8.527491894829151e-05  6.938999428043879e-03  2.257543332961470e-01  4.794515896786085e-04  4.809976978217575e-04 
 8.114999999999658e-01  9.449315621118323e-01  4.275342103753389e-03  3.665092749979513e-01 -8.550684378881665e-05  6.029721481493722e-03  2.233552952036671e-01  4.801001186468124e-04  4.816378023418592e-04 
 8.119999999999657e-01  9.426092840742309e-01  4.286953494097944e-03  3.660972304828063e-01 -8.573907159257678e-05  5.120444170427452e-03  2.209532114923641e-01  4.807486056461495e-04  4.822778144613256e-04 
 8.124999999999657e-01  9.402839768790755e-01  4.298580030230419e-03  3.656851829650448e-01 -8.597160231209233e-05  4.211167443404051e-03  2.185480826179249e-01  4.813970506799074e-04  4.829177340994602e-04 
 8.129999999999656e-01  9.379556410010819e-01  4.310221709777241e-03  3.652731323938914e-01 -8.620443589989169e-05  3.301891248993549e-03  2.161399090359432e-01  4.820454537513696e-04  4.835575611755749e-04 
 8.134999999999656e-01  9.356242769148758e-01  4.321878530365269e-03  3.648610787185784e-01 -8.643757230851229e-05  2.392615535773635e-03  2.137286912019064e-01  4.826938148638154e-04  4.841972956089970e-04 
 8.139999999999655e-01  9.332898850949986e-01  4.333550489621809e-03  3.644490218883465e-01 -8.667101149050002e-05  1.483340252330712e-03  2.113144295712027e-01  4.833421340205192e-04  4.848369373190681e-04 
 8.144999999999655e-01  9.309524660159066e-01  4.345237585174566e-03  3.640369618524466e-01 -8.690475339840920e-05  5.740653472612878e-04  2.088971245991212e-01  4.839904112247517e-04  4.854764862251386e-04 
 8.149999999999654e-01  9.286127513861584e-01  4.356936158480715e-03  3.636250272199186e-01 -8.713872486138403e-05 -3.350814423339066e-04  2.064775329254964e-01  4.841870638654479e-04  4.861157426025717e-04 
 8.154999999999654e-01  9.262786052996138e-01  4.368606889070410e-03  3.632145992665872e-01 -8.737213947003849e-05 -1.242728210894384e-03  2.040637865662124e-01  4.836121410198386e-04  4.867525633586746e-04 
 8.159999999999653e-01  9.239521095691665e-01  4.380239367879055e-03  3.628060374470276e-01 -8.760478904308323e-05 -2.148517984172649e-03  2.016580372288350e-01  4.830398262146785e-04  4.873863918079499e-04 
 8.164999999999653e-01  9.216331978525498e-01  4.391833926617984e-03  3.623993228918969e-01 -8.783668021474489e-05 -3.052469552238868e-03  1.992602151096500e-01  4.824700931065810e-04  4.880172583886272e-04 
 8.169999999999652e-01  9.193218048175816e-01  4.403390891948120e-03  3.619944370370548e-01 -8.806781951824172e-05 -3.954601401167324e-03  1.968702514707454e-01  4.819029157781351e-04  4.886451930462696e-04 
 8.174999999999651e-01  9.170178661373725e-01  4.414910585503906e-03  3.615913616240093e-01 -8.829821338626263e-05 -4.854931712584609e-03  1.944880786353899e-01  4.813382687383992e-04  4.892702252331626e-04 
 8.179999999999651e-01  9.147213184603757e-01  4.426393324043090e-03  3.611900786896330e-01 -8.852786815396229e-05 -5.753478373918819e-03  1.921136299561644e-01  4.807761269086122e-04  4.898923839248635e-04 
 8.184999999999650e-01  9.124320993891917e-01  4.437839419552658e-03  3.607905705595389e-01 -8.875679006108070e-05 -6.650258984996937e-03  1.897468397925600e-01  4.802164656129522e-04  4.905116976308872e-04 
 8.189999999999650e-01  9.101501474599779e-01  4.449249179351842e-03  3.603928198416463e-01 -8.898498525400208e-05 -7.545290864455434e-03  1.873876434892140e-01  4.796592605695590e-04  4.911281944050926e-04 
 8.194999999999649e-01  9.078754021224236e-01  4.460622906192199e-03  3.599968094199288e-01 -8.921245978775751e-05 -8.438591055967781e-03  1.850359773547436e-01  4.791044878818115e-04  4.917419018557704e-04 
 8.199999999999649e-01  9.056078037202900e-01  4.471960898354925e-03  3.596025224483413e-01 -8.943921962797086e-05 -9.330176334294504e-03  1.826917786411789e-01  4.785521240298544e-04  4.923528471554456e-04 
 8.204999999999648e-01  9.033472934724738e-01  4.483263449745542e-03  3.592099423449140e-01 -8.966527065275249e-05 -1.022006321116620e-02  1.803549855239479e-01  4.780021458623580e-04  4.929610570504080e-04 
 8.209999999999648e-01  9.010938134546075e-01  4.494530849985891e-03  3.588190527860152e-01 -8.989061865453912e-05 -1.110826794099956e-02  1.780255370824320e-01  4.774545305885136e-04  4.935665578699701e-04 
 8.214999999999647e-01  8.988473065811419e-01  4.505763384503722e-03  3.584298377007690e-01 -9.011526934188568e-05 -1.199480652645674e-02  1.757033732810287e-01  4.769092557702456e-04  4.941693755354774e-04 
 8.219999999999646e-01  8.966077165879300e-01  4.516961334619774e-03  3.580422812656313e-01 -9.033922834120687e-05 -1.287969472385048e-02  1.733884349507455e-01  4.763662993146417e-04  4.947695355690631e-04 
 8.224999999999646e-01  8.943749880152633e-01  4.528124977632590e-03  3.576563678991111e-01 -9.056250119847354e-05 -1.376294804840078e-02  1.710806637712751e-01  4.758256394665906e-04  4.953670631021634e-04 
 8.229999999999645e-01  8.921490661913788e-01  4.539254586901008e-03  3.572720822566374e-01 -9.078509338086200e-05 -1.464458177934974e-02  1.687800022535640e-01  4.752872548016175e-04  4.959619828838062e-04 
 8.234999999999645e-01  8.899298972163809e-01  4.550350431924487e-03  3.568894092255634e-01 -9.100701027836177e-05 -1.552461096493690e-02  1.664863937228237e-01  4.747511242189155e-04  4.965543192886710e-04 
 8.239999999999644e-01  8.877174279466148e-01  4.561412778421312e-03  3.565083339203075e-01 -9.122825720533840e-05 -1.640305042724077e-02  1.641997823020173e-01  4.742172269345652e-04  4.971440963249312e-04 
 8.244999999999644e-01  8.855116059794296e-01  4.572441888404756e-03  3.561288416776218e-01 -9.144883940205691e-05 -1.727991476689084e-02  1.619201128957595e-01  4.736855424749331e-04  4.977313376418914e-04 
 8.249999999999643e-01  8.833123796383442e-01  4.583438020257205e-03  3.557509180519892e-01 -9.166876203616544e-05 -1.815521836765416e-02  1.596473311746421e-01  4.731560506702495e-04  4.983160665374151e-04 
 8.254999999999643e-01  8.811196979586032e-01  4.594401428802451e-03  3.553745488111384e-01 -9.188803020413955e-05 -1.902897540090170e-02  1.573813835599724e-01  4.726287316483510e-04  4.988983059651627e-04 
 8.259999999999642e-01  8.789335106730995e-01  4.605332365376037e-03  3.549997199316813e-01 -9.210664893268991e-05 -1.990119982995503e-02  1.551222172088985e-01  4.721035658285926e-04  4.994780785416345e-04 
 8.264999999999642e-01  8.767537681986591e-01  4.616231077893835e-03  3.546264175948608e-01 -9.232462318013395e-05 -2.077190541432228e-02  1.528697799999189e-01  4.715805339159151e-04  5.000554065530313e-04 
 8.269999999999641e-01  8.745804216226726e-01  4.627097810918899e-03  3.542546281824104e-01 -9.254195783773261e-05 -2.164110571382183e-02  1.506240205187585e-01  4.710596168950689e-04  5.006303119619378e-04 
 8.274999999999640e-01  8.724134226900692e-01  4.637932805726579e-03  3.538843382725216e-01 -9.275865773099296e-05 -2.250881409259942e-02  1.483848880446063e-01  4.705407960249859e-04  5.012028164138310e-04 
 8.279999999999640e-01  8.702527237906167e-01  4.648736300368044e-03  3.535155346359123e-01 -9.297472762093820e-05 -2.337504372304555e-02  1.461523325366976e-01  4.700240528332949e-04  5.017729412434260e-04 
 8.284999999999639e-01  8.680982779465414e-01  4.659508529732159e-03  3.531482042320011e-01 -9.319017220534573e-05 -2.423980758960503e-02  1.439263046212367e-01  4.695093691109827e-04  5.023407074808493e-04 
 8.289999999999639e-01  8.659500388004535e-01  4.670249725605887e-03  3.527823342051699e-01 -9.340499611995451e-05 -2.510311849250102e-02  1.417067555786389e-01  4.689967269071804e-04  5.029061358576728e-04 
 8.294999999999638e-01  8.638079606035701e-01  4.680960116733146e-03  3.524179118811305e-01 -9.361920393964286e-05 -2.596498905135397e-02  1.394936373310913e-01  4.684861085240924e-04  5.034692468127761e-04 
 8.299999999999638e-01  8.616719982042298e-01  4.691639928872237e-03  3.520549247633755e-01 -9.383280017957689e-05 -2.682543170871682e-02  1.372869024304192e-01  4.679774965120452e-04  5.040300604980764e-04 
 8.304999999999637e-01  8.595421070366911e-01  4.702289384851878e-03  3.516933605297213e-01 -9.404578929633075e-05 -2.768445873351899e-02  1.350865040462534e-01  4.674708736646633e-04  5.045885967841073e-04 
 8.309999999999637e-01  8.574182431102007e-01  4.712908704625839e-03  3.513332070289360e-01 -9.425817568897979e-05 -2.854208222442495e-02  1.328923959544833e-01  4.669662230141644e-04  5.051448752654616e-04 
 8.314999999999636e-01  8.553003629983191e-01  4.723498105326308e-03  3.509744522774498e-01 -9.446996370016794e-05 -2.939831411311145e-02  1.307045325259818e-01  4.664635278267692e-04  5.056989152661004e-04 
 8.319999999999635e-01  8.531884238285218e-01  4.734057801315936e-03  3.506170844561485e-01 -9.468115761714768e-05 -3.025316616746176e-02  1.285228687156209e-01  4.659627715982266e-04  5.062507358445293e-04 
 8.324999999999635e-01  8.510823832720255e-01  4.744588004238622e-03  3.502610919072424e-01 -9.489176167279731e-05 -3.110664999468410e-02  1.263473600515274e-01  4.654639380494461e-04  5.068003557988511e-04 
 8.329999999999634e-01  8.489821995338752e-01  4.755088923069151e-03  3.499064631312139e-01 -9.510178004661234e-05 -3.195877704435218e-02  1.241779626246110e-01  4.649670111222372e-04  5.073477936716939e-04 
 8.334999999999634e-01  8.468878313432575e-01  4.765560764161593e-03  3.495531867838367e-01 -9.531121686567411e-05 -3.280955861137524e-02  1.220146330783349e-01  4.644719749751517e-04  5.078930677550206e-04 
 8.339999999999633e-01  8.447992379440409e-01  4.776003731296612e-03  3.492012516732690e-01 -9.552007620559577e-05 -3.365900583889259e-02  1.198573285987250e-01  4.639788139794256e-04  5.084361960948223e-04 
 8.344999999999633e-01  8.427163790855444e-01  4.786418025727606e-03  3.488506467572143e-01 -9.572836209144543e-05 -3.450712972110209e-02  1.177060069046202e-01  4.634875127150195e-04  5.089771964956989e-04 
 8.349999999999632e-01  8.406392150135118e-01  4.796803846225876e-03  3.485013611401501e-01 -9.593607849864869e-05 -3.535394110602152e-02  1.155606262381397e-01  4.629980559667503e-04  5.095160865253352e-04 
 8.354999999999632e-01  8.385677064613007e-01  4.807161389124620e-03  3.481533840706234e-01 -9.614322935386979e-05 -3.619945069818076e-02  1.134211453553803e-01  4.625104287205179e-04  5.100528835188632e-04 
 8.359999999999631e-01  8.365018146412760e-01  4.817490848362015e-03  3.478067049386077e-01 -9.634981853587226e-05 -3.704366906125617e-02  1.112875235173252e-01  4.620246161596175e-04  5.105876045831297e-04 
 8.364999999999631e-01  8.344415012363980e-01  4.827792415523282e-03  3.474613132729253e-01 -9.655584987636006e-05 -3.788660662063742e-02  1.091597204809627e-01  4.615406036611417e-04  5.111202666008567e-04 
 8.369999999999630e-01  8.323867283919962e-01  4.838066279881762e-03  3.471171987387250e-01 -9.676132716080023e-05 -3.872827366594034e-02  1.070376964905991e-01  4.610583767924622e-04  5.116508862347128e-04 
 8.374999999999629e-01  8.303374587077430e-01  4.848312628439102e-03  3.467743511350233e-01 -9.696625412922556e-05 -3.956868035345584e-02  1.049214122693833e-01  4.605779213077979e-04  5.121794799312815e-04 
 8.379999999999629e-01  8.282936552297946e-01  4.858531645964523e-03  3.464327603922969e-01 -9.717063447702039e-05 -4.040783670854786e-02  1.028108290110085e-01  4.600992231448561e-04  5.127060639249470e-04 
 8.384999999999628e-01  8.262552814431181e-01  4.868723515033177e-03  3.460924165701368e-01 -9.737447185568805e-05 -4.124575262799079e-02  1.007059083716098e-01  4.596222684215581e-04  5.132306542416828e-04 
 8.389999999999628e-01  8.242223012639892e-01  4.878888416063708e-03  3.457533098549503e-01 -9.757776987360094e-05 -4.208243788225796e-02  9.860661246184360e-02  4.591470434328340e-04  5.137532667027580e-04 
 8.394999999999627e-01  8.221946790326502e-01  4.889026527354911e-03  3.454154305577177e-01 -9.778053209673484e-05 -4.291790211775592e-02  9.651290383913536e-02  4.586735346474913e-04  5.142739169283603e-04 
 8.399999999999627e-01  8.201723795061278e-01  4.899138025121631e-03  3.450787691118002e-01 -9.798276204938708e-05 -4.375215485900896e-02  9.442474550009677e-02  4.582017287051556e-04  5.147926203411336e-04 
 8.404999999999626e-01  8.181553678512276e-01  4.909223083529863e-03  3.447433160707952e-01 -9.818446321487711e-05 -4.458520551079442e-02  9.234210087312883e-02  4.577316124132796e-04  5.153093921696408e-04 
 8.409999999999626e-01  8.161436096376566e-01  4.919281874731076e-03  3.444090621064421e-01 -9.838563903623419e-05 -4.541706336022883e-02  9.026493381116213e-02  4.572631727442192e-04  5.158242474517422e-04 
 8.414999999999625e-01  8.141370708313136e-01  4.929314568895759e-03  3.440759980065716e-01 -9.858629291686850e-05 -4.624773757881162e-02  8.819320858457180e-02  4.567963968323723e-04  5.163372010379082e-04 
 8.419999999999624e-01  8.121357177877204e-01  4.939321334246320e-03  3.437441146731043e-01 -9.878642822122782e-05 -4.707723722441715e-02  8.612688987424455e-02  4.563312719713863e-04  5.168482675944479e-04 
 8.424999999999624e-01  8.101395172455877e-01  4.949302337089204e-03  3.434134031200901e-01 -9.898604827544108e-05 -4.790557124324862e-02  8.406594276478507e-02  4.558677856114217e-04  5.173574616066749e-04 
 8.429999999999623e-01  8.081484363205280e-01  4.959257741846359e-03  3.430838544717910e-01 -9.918515636794705e-05 -4.873274847174758e-02  8.201033273787955e-02  4.554059253564777e-04  5.178647973820018e-04 
 8.434999999999623e-01  8.061624424988943e-01  4.969187711086009e-03  3.427554599608086e-01 -9.938375575011042e-05 -4.955877763845856e-02  7.996002566579236e-02  4.549456789617782e-04  5.183702890529620e-04 
 8.439999999999622e-01  8.041815036317626e-01  4.979092405552788e-03  3.424282109262489e-01 -9.958184963682360e-05 -5.038366736585814e-02  7.791498780501221e-02  4.544870343312107e-04  5.188739505801745e-04 
 8.444999999999622e-01  8.022055879290215e-01  4.988971984197248e-03  3.421020988119290e-01 -9.977944120709771e-05 -5.120742617214019e-02  7.587518579001645e-02  4.540299795148254e-04  5.193757957552347e-04 
 8.449999999999621e-01  8.002346639536053e-01  4.998826604204721e-03  3.417771151646199e-01 -9.997653360463932e-05 -5.203006247296643e-02  7.384058662718035e-02  4.535745027063811e-04  5.198758382035549e-04 
 8.454999999999621e-01  7.982687006158380e-01  5.008656421023602e-03  3.414532516323318e-01 -1.001731299384161e-04 -5.285158458317474e-02  7.181115768880991e-02  4.531205922409538e-04  5.203740913871296e-04 
 8.459999999999620e-01  7.963076671678925e-01  5.018461588393005e-03  3.411304999626289e-01 -1.003692332832106e-04 -5.367200071845718e-02  6.978686670729239e-02  4.526682365925846e-04  5.208705686072572e-04 
 8.464999999999619e-01  7.943515331983774e-01  5.028242258369904e-03  3.408088520009871e-01 -1.005648466801621e-04 -5.449131899699644e-02  6.776768176938308e-02  4.522174243719882e-04  5.213652830071897e-04 
 8.469999999999619e-01  7.924002686270207e-01  5.037998581355669e-03  3.404882996891815e-01 -1.007599731372978e-04 -5.530954744107169e-02  6.575357131059484e-02  4.517681443243011e-04  5.218582475747370e-04 
 8.474999999999618e-01  7.904538436994651e-01  5.047730706122068e-03  3.401688350637097e-01 -1.009546156300533e-04 -5.612669397862874e-02  6.374450410970411e-02  4.513203853268842e-04  5.223494751448119e-04 
 8.479999999999618e-01  7.885122289821836e-01  5.057438779836748e-03  3.398504502542479e-01 -1.011487771017815e-04 -5.694276644481827e-02  6.174044928338651e-02  4.508741363871658e-04  5.228389784019205e-04 
 8.484999999999617e-01  7.865753953574832e-01  5.067122948088194e-03  3.395331374821393e-01 -1.013424604642515e-04 -5.775777258350145e-02  5.974137628094212e-02  4.504293866405332e-04  5.233267698826055e-04 
 8.489999999999617e-01  7.846433140186064e-01  5.076783354910172e-03  3.392168890589132e-01 -1.015356685981392e-04 -5.857172004872502e-02  5.774725487912763e-02  4.499861253482661e-04  5.238128619778341e-04 
 8.494999999999616e-01  7.827159564649528e-01  5.086420142805687e-03  3.389016973848354e-01 -1.017284043535046e-04 -5.938461640616460e-02  5.575805517711313e-02  4.495443418955134e-04  5.242972669353388e-04 
 8.499999999999616e-01  7.807932944973770e-01  5.096033452770483e-03  3.385875549474879e-01 -1.019206705502622e-04 -6.019646913454041e-02  5.377374759151993e-02  4.491040257893111e-04  5.247799968619105e-04 
 8.504999999999615e-01  7.788753002135834e-01  5.105623424316030e-03  3.382744543203783e-01 -1.021124699786415e-04 -6.100728562700131e-02  5.179430285156111e-02  4.486651666566425e-04  5.252610637256439e-04 
 8.509999999999615e-01  7.769619460036176e-01  5.115190195492106e-03  3.379623881615759e-01 -1.023038053996381e-04 -6.181707319248408e-02  4.981969199428449e-02  4.482277542425334e-04  5.257404793581374e-04 
 8.514999999999614e-01  7.750532045454506e-01  5.124733902908856e-03  3.376513492123779e-01 -1.024946795454548e-04 -6.262583905704155e-02  4.784988635991255e-02  4.477917784081924e-04  5.262182554566475e-04 
 8.519999999999613e-01  7.731490488006331e-01  5.134254681758523e-03  3.373413302960003e-01 -1.026850951199365e-04 -6.343359036514667e-02  4.588485758725724e-02  4.473572291291825e-04  5.266944035862022e-04 
 8.524999999999613e-01  7.712494520100525e-01  5.143752665836678e-03  3.370323243162963e-01 -1.028750547989946e-04 -6.424033418096897e-02  4.392457760924340e-02  4.469240964936335e-04  5.271689351816694e-04 
 8.529999999999612e-01  7.693543876897710e-01  5.153227987563017e-03  3.367243242565003e-01 -1.030645612310227e-04 -6.504607748962532e-02  4.196901864851688e-02  4.464923707004892e-04  5.276418615497840e-04 
 8.534999999999612e-01  7.674638296269239e-01  5.162680778001860e-03  3.364173231779961e-01 -1.032536170373075e-04 -6.585082719840757e-02  4.001815321311730e-02  4.460620420577878e-04  5.281131938711384e-04 
 8.539999999999611e-01  7.655777518757274e-01  5.172111166882123e-03  3.361113142191101e-01 -1.034422248124271e-04 -6.665459013798397e-02  3.807195409226655e-02  4.456331009809777e-04  5.285829432021278e-04 
 8.544999999999611e-01  7.636961287535443e-01  5.181519282617005e-03  3.358062905939287e-01 -1.036303871246454e-04 -6.745737306357680e-02  3.613039435221699e-02  4.452055379912687e-04  5.290511204768616e-04 
 8.549999999999610e-01  7.618189348370227e-01  5.190905252323262e-03  3.355022455911381e-01 -1.038181065162976e-04 -6.825918265611919e-02  3.419344733217872e-02  4.447793437140103e-04  5.295177365090351e-04 
 8.554999999999610e-01  7.599461449583236e-01  5.200269201840082e-03  3.351991725728872e-01 -1.040053855041675e-04 -6.906002552338608e-02  3.226108664033939e-02  4.443545088771067e-04  5.299828019937660e-04 
 8.559999999999609e-01  7.580777342014076e-01  5.209611255747678e-03  3.348970649736731e-01 -1.041922265798591e-04 -6.985990820110577e-02  3.033328614994707e-02  4.439310243094609e-04  5.304463275093923e-04 
 8.564999999999608e-01  7.562136778983943e-01  5.218931537385449e-03  3.345959162992470e-01 -1.043786322101604e-04 -7.065883715404842e-02  2.841001999546927e-02  4.435088809394481e-04  5.309083235192402e-04 
 8.569999999999608e-01  7.543539516259926e-01  5.228230168869854e-03  3.342957201255433e-01 -1.045646048374006e-04 -7.145681877709348e-02  2.649126256882783e-02  4.430880697934202e-04  5.313688003733517e-04 
 8.574999999999607e-01  7.524985312019968e-01  5.237507271111920e-03  3.339964700976259e-01 -1.047501468798002e-04 -7.225385939627926e-02  2.457698851570267e-02  4.426685819942360e-04  5.318277683101864e-04 
 8.579999999999607e-01  7.506473926818447e-01  5.246762963834455e-03  3.336981599286591e-01 -1.049352607318154e-04 -7.304996526982749e-02  2.266717273190105e-02  4.422504087598254e-04  5.322852374582816e-04 
 8.584999999999606e-01  7.488005123552526e-01  5.255997365588893e-03  3.334007833988944e-01 -1.051199487644746e-04 -7.384514258915226e-02  2.076179035980824e-02  4.418335414017746e-04  5.327412178378895e-04 
 8.589999999999606e-01  7.469578667428873e-01  5.265210593771887e-03  3.331043343546778e-01 -1.053042133257111e-04 -7.463939747984971e-02  1.886081678487689e-02  4.414179713239409e-04  5.331957193625790e-04 
 8.594999999999605e-01  7.451194325931281e-01  5.274402764641552e-03  3.328088067074778e-01 -1.054880567406870e-04 -7.543273600266553e-02  1.696422763221223e-02  4.410036900210961e-04  5.336487518408047e-04 
 8.599999999999605e-01  7.432851868788689e-01  5.283573993333421e-03  3.325141944329272e-01 -1.056714813121130e-04 -7.622516415444880e-02  1.507199876319876e-02  4.405906890775897e-04  5.341003249774543e-04 
 8.604999999999604e-01  7.414551067943842e-01  5.292724393876115e-03  3.322204915698880e-01 -1.058544893205614e-04 -7.701668786908483e-02  1.318410627219480e-02  4.401789601660437e-04  5.345504483753577e-04 
 8.609999999999604e-01  7.396291697522555e-01  5.301854079206741e-03  3.319276922195298e-01 -1.060370830247743e-04 -7.780731301841143e-02  1.130052648329116e-02  4.397684950460655e-04  5.349991315367755e-04 
 8.614999999999603e-01  7.378073533803452e-01  5.310963161185969e-03  3.316357905444281e-01 -1.062192646619653e-04 -7.859704541311807e-02  9.421235947119688e-03  4.393592855629912e-04  5.354463838648534e-04 
 8.619999999999602e-01  7.359896355188373e-01  5.320051750612899e-03  3.313447807676768e-01 -1.064010364481161e-04 -7.938589080362973e-02  7.546211437731543e-03  4.389513236466445e-04  5.358922146650566e-04 
 8.624999999999602e-01  7.341759942173181e-01  5.329119957239588e-03  3.310546571720196e-01 -1.065824005782680e-04 -8.017385488097156e-02  5.675429949519251e-03  4.385446013101276e-04  5.363366331465710e-04 
 8.629999999999601e-01  7.323664077319192e-01  5.338167889785398e-03  3.307654140989960e-01 -1.067633592268079e-04 -8.096094327761999e-02  3.808868694203715e-03  4.381391106486265e-04  5.367796484236825e-04 
 8.634999999999601e-01  7.305608545225012e-01  5.347195655951012e-03  3.304770459481017e-01 -1.069439145477497e-04 -8.174716156833817e-02  1.946505097864148e-03  4.377348438382411e-04  5.372212695171312e-04 
 8.639999999999600e-01  7.287593132498985e-01  5.356203362432258e-03  3.301895471759670e-01 -1.071240686750100e-04 -8.253251527099553e-02  8.831679803272818e-05  4.373317931348362e-04  5.376615053554397e-04 
 8.644999999999600e-01  7.269648345616122e-01  5.365175755991765e-03  3.299001621303440e-01 -1.073035165438386e-04 -8.331976367007571e-02 -1.763188560326312e-03  4.369262334610432e-04  5.357259774054091e-04 
 8.649999999999599e-01  7.251811131827364e-01  5.374094363004191e-03  3.296056642839825e-01 -1.074818886817262e-04 -8.411213769185460e-02 -3.604952371745573e-03  4.365138043319747e-04  5.336931292958634e-04 
 8.654999999999599e-01  7.234081686943773e-01  5.382959085563997e-03  3.293061755925610e-01 -1.076591831305621e-04 -8.490951540372504e-02 -5.436931449558813e-03  4.360946720170190e-04  5.316819793744281e-04 
 8.659999999999598e-01  7.216460092617474e-01  5.391769882845118e-03  3.290018239908363e-01 -1.078353990738251e-04 -8.571176888041004e-02 -7.259092837807568e-03  4.356690108287794e-04  5.296923586102972e-04 
 8.664999999999597e-01  7.198946398584505e-01  5.400526729979500e-03  3.286927364683870e-01 -1.080105360141548e-04 -8.651877113801182e-02 -9.071406950896144e-03  4.352369937663119e-04  5.277240950220585e-04 
 8.669999999999597e-01  7.181540621846410e-01  5.409229618466373e-03  3.283790389830602e-01 -1.081845937815357e-04 -8.733039622046829e-02 -1.087384767205535e-02  4.347987923965653e-04  5.257770136839129e-04 
 8.674999999999596e-01  7.164242747304699e-01  5.417878555854971e-03  3.280608563886420e-01 -1.083575725269529e-04 -8.814651927195749e-02 -1.266639230374977e-02  4.343545767561752e-04  5.238509369106833e-04 
 8.679999999999596e-01  7.147052728429520e-01  5.426473565410198e-03  3.277383123664403e-01 -1.085294727157046e-04 -8.896701660539519e-02 -1.444902151392763e-02  4.339045152586257e-04  5.219456844420330e-04 
 8.684999999999595e-01  7.129970487955868e-01  5.435014685764549e-03  3.274115293607567e-01 -1.087002951204412e-04 -8.979176576704540e-02 -1.622171927878147e-02  4.334487746067464e-04  5.200610736250201e-04 
 8.689999999999595e-01  7.112995918604123e-01  5.443501970557829e-03  3.270806285182359e-01 -1.088700408139586e-04 -9.062064559725741e-02 -1.798447282234478e-02  4.329875197105247e-04  5.181969195945715e-04 
 8.694999999999594e-01  7.096128883822662e-01  5.451935488065836e-03  3.267457296310706e-01 -1.090387111617732e-04 -9.145353628734931e-02 -1.973727255315344e-02  4.325209136101988e-04  5.163530354516028e-04 
 8.699999999999594e-01  7.079369218549774e-01  5.460315320819404e-03  3.264069510840366e-01 -1.092063078145021e-04 -9.229031943266319e-02 -2.148011199825095e-02  4.320491174045987e-04  5.145292324384469e-04 
 8.704999999999593e-01  7.062716729992264e-01  5.468641565215134e-03  3.260644098053093e-01 -1.093728327000772e-04 -9.313087808184189e-02 -2.321298773481117e-02  4.315722901846639e-04  5.127253201113061e-04 
 8.709999999999593e-01  7.046171198418339e-01  5.476914331118897e-03  3.257182212210122e-01 -1.095382880158164e-04 -9.397509678237498e-02 -2.493589931962414e-02  4.310905889720666e-04  5.109411065094720e-04 
 8.714999999999592e-01  7.029732377962468e-01  5.485133741463461e-03  3.253684992134379e-01 -1.097026762203752e-04 -9.482286162247372e-02 -2.664884921669008e-02  4.306041686628598e-04  5.091763983210863e-04 
 8.719999999999591e-01  7.013399997439591e-01  5.493299931841335e-03  3.250153560828666e-01 -1.098660000256039e-04 -9.567406026934910e-02 -2.835184272319402e-02  4.301131819760462e-04  5.074310010451895e-04 
 8.724999999999591e-01  6.997173761166863e-01  5.501413050093941e-03  3.246589025129073e-01 -1.100282623883312e-04 -9.652858200396924e-02 -3.004488789406123e-02  4.296177794069595e-04  5.057047191499187e-04 
 8.729999999999590e-01  6.981053349790537e-01  5.509473255898147e-03  3.242992475392804e-01 -1.101894665020945e-04 -9.738631775237494e-02 -3.172799546534244e-02  4.291181091853492e-04  5.039973562266459e-04 
 8.734999999999590e-01  6.965038421115894e-01  5.517480720351292e-03  3.239364985219399e-01 -1.103496157888409e-04 -9.824716011365603e-02 -3.340117877666077e-02  4.286143172380273e-04  5.023087151399108e-04 
 8.739999999999589e-01  6.949128610938667e-01  5.525435625555503e-03  3.235707611204566e-01 -1.105087138906132e-04 -9.911100338466788e-02 -3.506445369288935e-02  4.281065471559678e-04  5.006385981730536e-04 
 8.744999999999589e-01  6.933323533875660e-01  5.533338164202380e-03  3.232021392725430e-01 -1.106667646612432e-04 -9.997774358160494e-02 -3.671783852531002e-02  4.275949401656920e-04  4.989868071693976e-04 
 8.749999999999588e-01  6.917622784193129e-01  5.541188539158767e-03  3.228307351756302e-01 -1.108237721580685e-04 -1.008472784585230e-01 -3.836135395241591e-02  4.270796351048198e-04  4.973531436689170e-04 
 8.754999999999588e-01  6.902025936631321e-01  5.548986963054559e-03  3.224566492713833e-01 -1.109797406336866e-04 -1.017195075229213e-01 -3.999502294053692e-02  4.265607684016275e-04  4.957374090403284e-04 
 8.759999999999587e-01  6.886532547223360e-01  5.556733657873165e-03  3.220799802330415e-01 -1.111346745277662e-04 -1.025943320485008e-01 -4.161887066449294e-02  4.260384740584572e-04  4.941394046085182e-04 
 8.764999999999586e-01  6.871142154107446e-01  5.564428854545483e-03  3.217008249554791e-01 -1.112885784589254e-04 -1.034716550851990e-01 -4.323292442839460e-02  4.255128836388323e-04  4.925589317773145e-04 
 8.769999999999586e-01  6.855854278330827e-01  5.572072792547887e-03  3.213192785478681e-01 -1.114414572166916e-04 -1.043513814666237e-01 -4.483721358677140e-02  4.249841262581188e-04  4.909957921475560e-04 
 8.774999999999585e-01  6.840668424644250e-01  5.579665719504988e-03  3.209354343288285e-01 -1.115933157535573e-04 -1.052334178149978e-01 -4.643176946617550e-02  4.244523285775720e-04  4.894497876304438e-04 
 8.779999999999585e-01  6.825584082286082e-01  5.587207890797604e-03  3.205493838239553e-01 -1.117441591771390e-04 -1.061176725437241e-01 -4.801662528736256e-02  4.239176148016191e-04  4.879207205562206e-04 
 8.784999999999584e-01  6.810600725754730e-01  5.594699569176523e-03  3.201612167656022e-01 -1.118939927424525e-04 -1.070040558576953e-01 -4.959181608821350e-02  4.233801066782112e-04  4.864083937781562e-04 
 8.789999999999584e-01  6.795717815568646e-01  5.602141024382512e-03  3.197710210948143e-01 -1.120428218443134e-04 -1.078924797514508e-01 -5.115737864748227e-02  4.228399235020975e-04  4.849126107718967e-04 
 8.794999999999583e-01  6.780934799013041e-01  5.609532532772961e-03  3.193788829652893e-01 -1.121906520098694e-04 -1.087828580053046e-01 -5.271335140948630e-02  4.222971821208556e-04  4.834331757302186e-04 
 8.799999999999583e-01  6.766251110872505e-01  5.616874376955565e-03  3.189848867492653e-01 -1.123374888912748e-04 -1.096751061795446e-01 -5.425977440983493e-02  4.217519969435401e-04  4.819698936532282e-04 
 8.804999999999582e-01  6.751666174148903e-01  5.624166845429387e-03  3.185891150452134e-01 -1.124833382585108e-04 -1.105691416068263e-01 -5.579668920228420e-02  4.212044799517799e-04  4.805225704340838e-04 
 8.809999999999581e-01  6.737179400763944e-01  5.631410232233576e-03  3.181916486872374e-01 -1.126282059923604e-04 -1.114648833828558e-01 -5.732413878679454e-02  4.206547407131938e-04  4.790910129403000e-04 
 8.814999999999581e-01  6.722790192245848e-01  5.638604836604002e-03  3.177925667560670e-01 -1.127720980775414e-04 -1.123622523554781e-01 -5.884216753887384e-02  4.201028863969650e-04  4.776750290907056e-04 
 8.819999999999580e-01  6.708497940399932e-01  5.645750962638019e-03  3.173919465915476e-01 -1.129150205960005e-04 -1.132611711122689e-01 -6.035082114023776e-02  4.195490217914435e-04  4.762744279281765e-04 
 8.824999999999580e-01  6.694302027962270e-01  5.652848918967572e-03  3.169898638065159e-01 -1.130569797203771e-04 -1.141615639667345e-01 -6.185014651089665e-02  4.189932493236282e-04  4.748890196881689e-04 
 8.829999999999579e-01  6.680201829236668e-01  5.659899018440759e-03  3.165863923019764e-01 -1.131979817076331e-04 -1.150633569432130e-01 -6.334019174265865e-02  4.184356690804048e-04  4.735186158632166e-04 
 8.834999999999579e-01  6.666196710714265e-01  5.666901577812007e-03  3.161816042834698e-01 -1.133380328928572e-04 -1.159664777605786e-01 -6.482100603414015e-02  4.178763788313993e-04  4.721630292634389e-04 
 8.839999999999578e-01  6.652286031675869e-01  5.673856917440907e-03  3.157755702785492e-01 -1.134771396832411e-04 -1.168708558148376e-01 -6.629263962728682e-02  4.173154740533242e-04  4.708220740731976e-04 
 8.844999999999578e-01  6.638469144776725e-01  5.680765360999830e-03  3.153683591552741e-01 -1.136153085522326e-04 -1.177764221607036e-01 -6.775514374545522e-02  4.167530479557026e-04  4.694955659039815e-04 
 8.849999999999577e-01  6.624745396613776e-01  5.687627235190307e-03  3.149600381416320e-01 -1.137525460338621e-04 -1.186831094922438e-01 -6.920857053306284e-02  4.161891915078378e-04  4.681833218436550e-04 
 8.854999999999577e-01  6.611114128275214e-01  5.694442869468233e-03  3.145506728458086e-01 -1.138888587172477e-04 -1.195908521226741e-01 -7.065297299684553e-02  4.156239934669285e-04  4.668851605021507e-04 
 8.859999999999576e-01  6.597574675872586e-01  5.701212595777837e-03  3.141403272772254e-01 -1.140242532412740e-04 -1.204995859633847e-01 -7.208840494870755e-02  4.150575404072158e-04  4.656009020537545e-04 
 8.864999999999575e-01  6.584126371055223e-01  5.707936748294444e-03  3.137290638682682e-01 -1.141587362894476e-04 -1.214092485022729e-01 -7.351492095020651e-02  4.144899167500554e-04  4.643303682760565e-04 
 8.869999999999575e-01  6.570768541507339e-01  5.714615663175949e-03  3.133169434966344e-01 -1.142923145849265e-04 -1.223197787814548e-01 -7.493257625864563e-02  4.139212047948205e-04  4.630733825857162e-04 
 8.874999999999574e-01  6.557500511427784e-01  5.721249678322932e-03  3.129040255082289e-01 -1.144249948857220e-04 -1.232311173744275e-01 -7.634142677479655e-02  4.133514847505374e-04  4.618297700711357e-04 
 8.879999999999574e-01  6.544321601992601e-01  5.727839133147346e-03  3.124903677405401e-01 -1.145567839800738e-04 -1.241432063627462e-01 -7.774152899224418e-02  4.127808347681612e-04  4.605993575221555e-04 
 8.884999999999573e-01  6.531231131800770e-01  5.734384368349716e-03  3.120760265464376e-01 -1.146876886819921e-04 -1.250559893122815e-01 -7.913293994832921e-02  4.122093309734121e-04  4.593819734569046e-04 
 8.889999999999573e-01  6.518228417303089e-01  5.740885725704649e-03  3.116610568183265e-01 -1.148177158269689e-04 -1.259694112491146e-01 -8.051571717670591e-02  4.116370475000828e-04  4.581774481458903e-04 
 8.894999999999572e-01  6.505312773214572e-01  5.747343547854611e-03  3.112455120126015e-01 -1.149468722678541e-04 -1.268834186351335e-01 -8.188991866148743e-02  4.110640565237419e-04  4.569856136334563e-04 
 8.899999999999572e-01  6.492483512910718e-01  5.753758178111872e-03  3.108294441743539e-01 -1.150751648708926e-04 -1.277979593433727e-01 -8.325560279295163e-02  4.104904282957659e-04  4.558063037567203e-04 
 8.904999999999571e-01  6.479739948807710e-01  5.760129960268329e-03  3.104129039622698e-01 -1.152026005119227e-04 -1.287129826331595e-01 -8.461282832481548e-02  4.099162311776199e-04  4.546393541620852e-04 
 8.909999999999570e-01  6.467081392727002e-01  5.766459238413258e-03  3.099959406736789e-01 -1.153291860727298e-04 -1.296284391251097e-01 -8.596165433303754e-02  4.093415316753291e-04  4.534846023194441e-04 
 8.914999999999570e-01  6.454507156244665e-01  5.772746356758622e-03  3.095786022697096e-01 -1.154549284375532e-04 -1.305442807760137e-01 -8.730214017612126e-02  4.087663944740814e-04  4.523418875341851e-04 
 8.919999999999569e-01  6.442016551025481e-01  5.778991659472025e-03  3.091609354004990e-01 -1.155798344897450e-04 -1.314604608536656e-01 -8.863434545693005e-02  4.081908824728928e-04  4.512110509570709e-04 
 8.924999999999569e-01  6.429608889142655e-01  5.785195490516857e-03  3.087429854304311e-01 -1.157039111085733e-04 -1.323769339116642e-01 -8.995832998593267e-02  4.076150568192968e-04  4.500919355921445e-04 
 8.929999999999568e-01  6.417283483382955e-01  5.791358193499756e-03  3.083247964633538e-01 -1.158271651661703e-04 -1.332936557642311e-01 -9.127415374590586e-02  4.070389769439940e-04  4.489843863027022e-04 
 8.934999999999568e-01  6.405039647537940e-01  5.797480111524925e-03  3.079064113677473e-01 -1.159496035246204e-04 -1.342105834610777e-01 -9.258187685803476e-02  4.064627005954211e-04  4.478882498154644e-04 
 8.939999999999567e-01  6.392876696681616e-01  5.803561587055356e-03  3.074878718018104e-01 -1.160712330331837e-04 -1.351276752623521e-01 -9.388155954938426e-02  4.058862838741968e-04  4.468033747230345e-04 
 8.944999999999567e-01  6.380793947434765e-01  5.809602961780660e-03  3.070692182384326e-01 -1.161920605256522e-04 -1.360448906136972e-01 -9.517326212172128e-02  4.053097812674014e-04  4.457296114847214e-04 
 8.949999999999566e-01  6.368790718216362e-01  5.815604576491357e-03  3.066504899900263e-01 -1.163120928178362e-04 -1.369621901214502e-01 -9.645704492165258e-02  4.047332456826509e-04  4.446668124258208e-04 
 8.954999999999566e-01  6.356866329482529e-01  5.821566770959390e-03  3.062317252331921e-01 -1.164313367051745e-04 -1.378795355280040e-01 -9.773296831203737e-02  4.041567284819358e-04  4.436148317354494e-04 
 8.959999999999565e-01  6.345020103953152e-01  5.827489883824789e-03  3.058129610331926e-01 -1.165497989604683e-04 -1.387968896873615e-01 -9.900109264466983e-02  4.035802795151854e-04  4.425735254629867e-04 
 8.964999999999564e-01  6.333251366826979e-01  5.833374252488218e-03  3.053942333682209e-01 -1.166674863317300e-04 -1.397142165408922e-01 -1.002614782341477e-01  4.030039471535433e-04  4.415427515132486e-04 
 8.969999999999564e-01  6.321559445984899e-01  5.839220213009196e-03  3.049755771534268e-01 -1.167844055401508e-04 -1.406314810933303e-01 -1.015141853329681e-01  4.024277783223002e-04  4.405223696404104e-04 
 8.974999999999563e-01  6.309943672182530e-01  5.845028100009934e-03  3.045570262647035e-01 -1.169005632781745e-04 -1.415486493890108e-01 -1.027592741077366e-01  4.018518185334934e-04  4.395122414408191e-04 
 8.979999999999563e-01  6.298403379231786e-01  5.850798246584465e-03  3.041386135622028e-01 -1.170159662076820e-04 -1.424656884883762e-01 -1.039968046165258e-01  4.012761119181217e-04  4.385122303447031e-04 
 8.984999999999562e-01  6.286937904172269e-01  5.856530984213007e-03  3.037203709135698e-01 -1.171306209582771e-04 -1.433825664447612e-01 -1.052268367873056e-01  4.007007012579743e-04  4.375222016068990e-04 
 8.989999999999562e-01  6.275546587432526e-01  5.862226642681272e-03  3.033023292168837e-01 -1.172445341256746e-04 -1.442992522814725e-01 -1.064494303974391e-01  4.001256280170443e-04  4.365420222966229e-04 
 8.994999999999561e-01  6.264228772981735e-01  5.867885550004666e-03  3.028845184232930e-01 -1.173577122701825e-04 -1.452157159691708e-01 -1.076646450541926e-01  3.995509323725200e-04  4.355715612863788e-04 
 8.999999999999561e-01  6.252983808472016e-01  5.873508032357138e-03  3.024669675593317e-01 -1.174701619152797e-04 -1.461319284035709e-01 -1.088725401762424e-01  3.989766532453334e-04  4.346106892400443e-04 
 9.004999999999560e-01  6.241811045371786e-01  5.879094414004474e-03  3.020497047489119e-01 -1.175818895462820e-04 -1.470478613834665e-01 -1.100731749761377e-01  3.984028283302560e-04  4.336592786002042e-04 
 9.009999999999559e-01  6.230709839090453e-01  5.884645017241983e-03  3.016327572349800e-01 -1.176929016090953e-04 -1.479634875890877e-01 -1.112666084436905e-01  3.978294941255316e-04  4.327172035747820e-04 
 9.014999999999559e-01  6.219679549094715e-01  5.890160162336299e-03  3.012161514008293e-01 -1.178032045090527e-04 -1.488787805608018e-01 -1.124528993302706e-01  3.972566859620307e-04  4.317843401230184e-04 
 9.019999999999558e-01  6.208719539016940e-01  5.895640167471249e-03  3.007999127910702e-01 -1.179128046098304e-04 -1.497937146781581e-01 -1.136321061339566e-01  3.966844380319316e-04  4.308605659408608e-04 
 9.024999999999558e-01  6.197829176755810e-01  5.901085348697491e-03  3.003840661322442e-01 -1.180217082324417e-04 -1.507082651392829e-01 -1.148042870855243e-01  3.961127834169089e-04  4.299457604458040e-04 
 9.029999999999557e-01  6.187007834569522e-01  5.906496019885937e-03  2.999686353530814e-01 -1.181299216543046e-04 -1.516224079406355e-01 -1.159695001352496e-01  3.955417541158294e-04  4.290398047612241e-04 
 9.034999999999557e-01  6.176254889161894e-01  5.911872492684666e-03  2.995536436043980e-01 -1.182374511083809e-04 -1.525361198571195e-01 -1.171278029404869e-01  3.949713810719496e-04  4.281425817002574e-04 
 9.039999999999556e-01  6.165569721761692e-01  5.917215076479296e-03  2.991391132786335e-01 -1.183443027823829e-04 -1.534493784225556e-01 -1.182792528539911e-01  3.944016941996168e-04  4.272539757492649e-04 
 9.044999999999556e-01  6.154951718195393e-01  5.922524078356596e-03  2.987250660290217e-01 -1.184504828180459e-04 -1.543621619105194e-01 -1.194239069129683e-01  3.938327224104643e-04  4.263738730509251e-04 
 9.049999999999555e-01  6.144400268953665e-01  5.927799803071222e-03  2.983115227883974e-01 -1.185559973104632e-04 -1.552744493155419e-01 -1.205618218288206e-01  3.932644936391053e-04  4.255021613869819e-04 
 9.054999999999555e-01  6.133914769251887e-01  5.933042553015489e-03  2.978985037876382e-01 -1.186608523074810e-04 -1.561862203346754e-01 -1.216930539775560e-01  3.926970348683215e-04  4.246387301607010e-04 
 9.059999999999554e-01  6.123494619084884e-01  5.938252628192003e-03  2.974860285737402e-01 -1.187650538091510e-04 -1.570974553494244e-01 -1.228176593908465e-01  3.921303721537496e-04  4.237834703790515e-04 
 9.064999999999553e-01  6.113139223276175e-01  5.943430326188985e-03  2.970741160275308e-01 -1.188686077672381e-04 -1.580081354080384e-01 -1.239356937477026e-01  3.915645306480664e-04  4.229362746346564e-04 
 9.069999999999553e-01  6.102847991522035e-01  5.948575942158316e-03  2.966627843810163e-01 -1.189715200847795e-04 -1.589182422081687e-01 -1.250472123667355e-01  3.909995346246735e-04  4.220970370875484e-04 
 9.074999999999552e-01  6.092620338430423e-01  5.953689768795999e-03  2.962520512343719e-01 -1.190737966156956e-04 -1.598277580798854e-01 -1.261522701989995e-01  3.904354075008853e-04  4.212656534467346e-04 
 9.079999999999552e-01  6.082455683555278e-01  5.958772096325071e-03  2.958419335725694e-01 -1.191754431644470e-04 -1.607366659690503e-01 -1.272509218213677e-01  3.898721718606245e-04  4.204420209516355e-04 
 9.084999999999551e-01  6.072353451426105e-01  5.963823212480790e-03  2.954324477816505e-01 -1.192764654857388e-04 -1.616449494210508e-01 -1.283432214304435e-01  3.893098494766250e-04  4.196260383533876e-04 
 9.089999999999551e-01  6.062313071573303e-01  5.968843402497952e-03  2.950236096646464e-01 -1.193768692842668e-04 -1.625525925648803e-01 -1.294292228369659e-01  3.887484613321526e-04  4.188176058960599e-04 
 9.094999999999550e-01  6.052333978549268e-01  5.973832949100354e-03  2.946154344571454e-01 -1.194766602145071e-04 -1.634595800975744e-01 -1.305089794607044e-01  3.881880276422386e-04  4.180166252977909e-04 
 9.099999999999550e-01  6.042415611945667e-01  5.978792132492167e-03  2.942079368425194e-01 -1.195758438805432e-04 -1.643658972689865e-01 -1.315825443258005e-01  3.876285678744474e-04  4.172229997318845e-04 
 9.104999999999549e-01  6.032557416406853e-01  5.983721230351227e-03  2.938011309668019e-01 -1.196744258359313e-04 -1.652715298669113e-01 -1.326499700565610e-01  3.870701007691638e-04  4.164366338078709e-04 
 9.109999999999548e-01  6.022758841639694e-01  5.988620517824090e-03  2.933950304532300e-01 -1.197724115836029e-04 -1.661764642025434e-01 -1.337113088736740e-01  3.865126443594197e-04  4.156574335525489e-04 
 9.114999999999548e-01  6.013019342420134e-01  5.993490267522783e-03  2.929896484164533e-01 -1.198698065757985e-04 -1.670806870962698e-01 -1.347666125908151e-01  3.859562159902640e-04  4.148853063910528e-04 
 9.119999999999547e-01  6.003338378596432e-01  5.998330749523191e-03  2.925849974764121e-01 -1.199666162140355e-04 -1.679841858637920e-01 -1.358159326116481e-01  3.854008323376772e-04  4.141201611279306e-04 
 9.124999999999547e-01  5.993715415089368e-01  6.003142231364916e-03  2.921810897718911e-01 -1.200628458491061e-04 -1.688869483025716e-01 -1.368593199271904e-01  3.848465094270420e-04  4.133619079282640e-04 
 9.129999999999546e-01  5.984149921889547e-01  6.007924978052654e-03  2.917779369737508e-01 -1.201585007811044e-04 -1.697889626785994e-01 -1.378968251135304e-01  3.842932626511719e-04  4.126104582988474e-04 
 9.134999999999546e-01  5.974641374052035e-01  6.012679252058882e-03  2.913755502978490e-01 -1.202535862594795e-04 -1.706902177134731e-01 -1.389284983298701e-01  3.837411067879134e-04  4.118657250694345e-04 
 9.139999999999545e-01  5.965189251688306e-01  6.017405313327857e-03  2.909739405176458e-01 -1.203481074831168e-04 -1.715907025717907e-01 -1.399543893168975e-01  3.831900560173168e-04  4.111276223740663e-04 
 9.144999999999545e-01  5.955793039955806e-01  6.022103419280866e-03  2.905731179765099e-01 -1.204420696004418e-04 -1.724904068488436e-01 -1.409745473954528e-01  3.826401239383940e-04  4.103960656324904e-04 
 9.149999999999544e-01  5.946452229045114e-01  6.026773824822610e-03  2.901730925997177e-01 -1.205354777095487e-04 -1.733893205586158e-01 -1.419890214654940e-01  3.820913235854599e-04  4.096709715316853e-04 
 9.154999999999544e-01  5.937166314165105e-01  6.031416782348662e-03  2.897738739061678e-01 -1.206283368583488e-04 -1.742874341220674e-01 -1.429978600053173e-01  3.815436674440789e-04  4.089522580075102e-04 
 9.159999999999543e-01  5.927934795525815e-01  6.036032541754006e-03  2.893754710197965e-01 -1.207206520447417e-04 -1.751847383557171e-01 -1.440011110710634e-01  3.809971674666056e-04  4.082398442264601e-04 
 9.164999999999542e-01  5.918757178319551e-01  6.040621350442484e-03  2.889778926807171e-01 -1.208124282168043e-04 -1.760812244605009e-01 -1.449988222964514e-01  3.804518350873457e-04  4.075336505675715e-04 
 9.169999999999542e-01  5.909632972700114e-01  6.045183453337198e-03  2.885811472560763e-01 -1.209036702729987e-04 -1.769768840109128e-01 -1.459910408927566e-01  3.799076812373300e-04  4.068335986044622e-04 
 9.174999999999541e-01  5.900561693760289e-01  6.049719092891761e-03  2.881852427506395e-01 -1.209943830623969e-04 -1.778717089444171e-01 -1.469778136490122e-01  3.793647163587157e-04  4.061396110875195e-04 
 9.179999999999541e-01  5.891542861507785e-01  6.054228509102321e-03  2.877901868171099e-01 -1.210845713849220e-04 -1.787656915511263e-01 -1.479591869324172e-01  3.788229504188261e-04  4.054516119262460e-04 
 9.184999999999540e-01  5.882576000839630e-01  6.058711939520360e-03  2.873959867661819e-01 -1.211742399916035e-04 -1.796588244637448e-01 -1.489352066889499e-01  3.782823929238245e-04  4.047695261717686e-04 
 9.189999999999540e-01  5.873660641515168e-01  6.063169619266211e-03  2.870026495763415e-01 -1.212633935848482e-04 -1.805511006477648e-01 -1.499059184441692e-01  3.777430529320425e-04  4.040932799995108e-04 
 9.194999999999539e-01  5.864796318127762e-01  6.067601781043190e-03  2.866101819034131e-01 -1.213520368187222e-04 -1.814425133919168e-01 -1.508713673041929e-01  3.772049390669621e-04  4.034228006920419e-04 
 9.199999999999539e-01  5.855982570075271e-01  6.072008655152381e-03  2.862185900898623e-01 -1.214401742992471e-04 -1.823330562988627e-01 -1.518315979568465e-01  3.766680595298622e-04  4.027580166221025e-04 
 9.204999999999538e-01  5.847218941529337e-01  6.076390469507948e-03  2.858278801738538e-01 -1.215278105847064e-04 -1.832227232761342e-01 -1.527866546729772e-01  3.761324221121333e-04  4.020988572358077e-04 
 9.209999999999537e-01  5.838504981403700e-01  6.080747449653033e-03  2.854380578980803e-01 -1.216149501859628e-04 -1.841115085273008e-01 -1.537365813079095e-01  3.755980342072756e-04  4.014452530360408e-04 
 9.214999999999537e-01  5.829840243321471e-01  6.085079818776080e-03  2.850491287183546e-01 -1.217015975667851e-04 -1.849994065433733e-01 -1.546814213030482e-01  3.750649028225760e-04  4.007971355660330e-04 
 9.219999999999536e-01  5.821224285581508e-01  6.089387797727663e-03  2.846610978119815e-01 -1.217877571441847e-04 -1.858864120944273e-01 -1.556212176876167e-01  3.745330345904824e-04  4.001544373931305e-04 
 9.224999999999536e-01  5.812656671123987e-01  6.093671605037700e-03  2.842739700859066e-01 -1.218734332887600e-04 -1.867725202214515e-01 -1.565560130805153e-01  3.740024357796749e-04  3.995170920927633e-04 
 9.229999999999535e-01  5.804136967495162e-01  6.097931456933050e-03  2.838877501846511e-01 -1.219586303250482e-04 -1.876577262284079e-01 -1.574858496923034e-01  3.734731123058420e-04  3.988850342326011e-04 
 9.234999999999535e-01  5.795664746811489e-01  6.102167567355507e-03  2.835024424980378e-01 -1.220433525318849e-04 -1.885420256745017e-01 -1.584107693272845e-01  3.729450697421746e-04  3.982581993569158e-04 
 9.239999999999534e-01  5.787239585722987e-01  6.106380147980045e-03  2.831180511687093e-01 -1.221276041427699e-04 -1.894254143666587e-01 -1.593308133857080e-01  3.724183133295736e-04  3.976365239711287e-04 
 9.244999999999534e-01  5.778861065376186e-01  6.110569408233410e-03  2.827345800994489e-01 -1.222113893462380e-04 -1.903078883521998e-01 -1.602460228660493e-01  3.718928479865898e-04  3.970199455265777e-04 
 9.249999999999533e-01  5.770528771376376e-01  6.114735555312965e-03  2.823520329603031e-01 -1.222947122862361e-04 -1.911894439117146e-01 -1.611564383673983e-01  3.713686783190914e-04  3.964084024054662e-04 
 9.254999999999532e-01  5.762242293749492e-01  6.118878794205725e-03  2.819704131955154e-01 -1.223775770625049e-04 -1.920700775521222e-01 -1.620621000919212e-01  3.708458086296752e-04  3.958018339060250e-04 
 9.259999999999532e-01  5.754001226903556e-01  6.122999327707702e-03  2.815897240302733e-01 -1.224599877309643e-04 -1.929497859999202e-01 -1.629630478474004e-01  3.703242429268219e-04  3.952001802278750e-04 
 9.264999999999531e-01  5.745805169589687e-01  6.127097356443323e-03  2.812099684772725e-01 -1.225419483041030e-04 -1.938285661946159e-01 -1.638593210498551e-01  3.698039849338021e-04  3.946033824575864e-04 
 9.269999999999531e-01  5.737653724862851e-01  6.131173078885117e-03  2.808311493431049e-01 -1.226234627513713e-04 -1.947064152823329e-01 -1.647509587262199e-01  3.692850380973424e-04  3.940113825544470e-04 
 9.274999999999530e-01  5.729546500042261e-01  6.135226691373468e-03  2.804532692344732e-01 -1.227045349995772e-04 -1.955833306095928e-01 -1.656379995170935e-01  3.687674055960536e-04  3.934241233364257e-04 
 9.279999999999530e-01  5.721483106671600e-01  6.139258388136550e-03  2.800763305642375e-01 -1.227851689332838e-04 -1.964593097172628e-01 -1.665204816795348e-01  3.682510903486312e-04  3.928415484663466e-04 
 9.284999999999529e-01  5.713463160478945e-01  6.143268361310314e-03  2.797003355572967e-01 -1.228653683952104e-04 -1.973343503346703e-01 -1.673984430899236e-01  3.677360950218300e-04  3.922636024382502e-04 
 9.289999999999529e-01  5.705486281336608e-01  6.147256800958606e-03  2.793252862563097e-01 -1.229451371866338e-04 -1.982084503738766e-01 -1.682719212468584e-01  3.672224220382193e-04  3.916902305639701e-04 
 9.294999999999528e-01  5.697552093220778e-01  6.151223895093349e-03  2.789511845272613e-01 -1.230244790677920e-04 -1.990816079241062e-01 -1.691409532741047e-01  3.667100735837272e-04  3.911213789598966e-04 
 9.299999999999528e-01  5.689660224171073e-01  6.155169829694718e-03  2.785780320648735e-01 -1.231033977582891e-04 -1.999538212463305e-01 -1.700055759235813e-01  3.661990516149748e-04  3.905569945339441e-04 
 9.304999999999527e-01  5.681810306250044e-01  6.159094788731447e-03  2.782058303978718e-01 -1.231818969374994e-04 -2.008250887679974e-01 -1.708658255783813e-01  3.656893578664109e-04  3.899970249727141e-04 
 9.309999999999526e-01  5.674001975502629e-01  6.162998954181068e-03  2.778345808941041e-01 -1.232599802449735e-04 -2.016954090779064e-01 -1.717217382558236e-01  3.651809938572471e-04  3.894414187288571e-04 
 9.314999999999526e-01  5.666234871915524e-01  6.166882506050229e-03  2.774642847655185e-01 -1.233376512808446e-04 -2.025647809212268e-01 -1.725733496105429e-01  3.646739608982006e-04  3.888901250086183e-04 
 9.319999999999525e-01  5.658508639376699e-01  6.170745622394955e-03  2.770949430730074e-01 -1.234149136062328e-04 -2.034332031946486e-01 -1.734206949375880e-01  3.641682600980537e-04  3.883430937595928e-04 
 9.324999999999525e-01  5.650822925634812e-01  6.174588479340914e-03  2.767265567311135e-01 -1.234917707436517e-04 -2.043006749416717e-01 -1.742638091755598e-01  3.636638923700264e-04  3.878002756586542e-04 
 9.329999999999524e-01  5.643177382258773e-01  6.178411251103660e-03  2.763591265126082e-01 -1.235682261774121e-04 -2.051671953480222e-01 -1.751027269097564e-01  3.631608584379749e-04  3.872616221000855e-04 
 9.334999999999524e-01  5.635571664597344e-01  6.182214110008800e-03  2.759926530529423e-01 -1.236442833540264e-04 -2.060327637371975e-01 -1.759374823753407e-01  3.626591588424145e-04  3.867270851838917e-04 
 9.339999999999523e-01  5.628005431738866e-01  6.185997226512179e-03  2.756271368545739e-01 -1.237199456826112e-04 -2.068973795661335e-01 -1.767681094605189e-01  3.621587939463785e-04  3.861966177042986e-04 
 9.344999999999523e-01  5.620478346471086e-01  6.189760769219908e-03  2.752625782911750e-01 -1.237952165352890e-04 -2.077610424209926e-01 -1.775946417097322e-01  3.616597639411082e-04  3.856701731384372e-04 
 9.349999999999522e-01  5.612990075241159e-01  6.193504904908430e-03  2.748989776117220e-01 -1.238700992475882e-04 -2.086237520130694e-01 -1.784171123268526e-01  3.611620688515885e-04  3.851477056352114e-04 
 9.354999999999521e-01  5.605540288115753e-01  6.197229798544399e-03  2.745363349444716e-01 -1.239445971188423e-04 -2.094855081748091e-01 -1.792355541783921e-01  3.606657085419237e-04  3.846291700043407e-04 
 9.359999999999521e-01  5.598128658741405e-01  6.200935613304562e-03  2.741746503008270e-01 -1.240187134125858e-04 -2.103463108559372e-01 -1.800499997967069e-01  3.601706827205672e-04  3.841145217055877e-04 
 9.364999999999520e-01  5.590754864304950e-01  6.204622510595489e-03  2.738139235790933e-01 -1.240924513569503e-04 -2.112061601196995e-01 -1.808604813832161e-01  3.596769909453986e-04  3.836037168381527e-04 
 9.369999999999520e-01  5.583418585494292e-01  6.208290650073243e-03  2.734541545681309e-01 -1.241658141450569e-04 -2.120650561392029e-01 -1.816670308116056e-01  3.591846326286627e-04  3.830967121302539e-04 
 9.374999999999519e-01  5.576119506459272e-01  6.211940189662889e-03  2.730953429509053e-01 -1.242388049354071e-04 -2.129229991938624e-01 -1.824696796310429e-01  3.586936070417667e-04  3.825934649288673e-04 
 9.379999999999519e-01  5.568857314772840e-01  6.215571285577963e-03  2.727374883079364e-01 -1.243114268522714e-04 -2.137799896659463e-01 -1.832684590693804e-01  3.582039133199424e-04  3.820939331896460e-04 
 9.384999999999518e-01  5.561631701392453e-01  6.219184092339740e-03  2.723805901206542e-01 -1.243836829860753e-04 -2.146360280372159e-01 -1.840634000363548e-01  3.577155504667782e-04  3.815980754670020e-04 
 9.389999999999518e-01  5.554442360621656e-01  6.222778762796441e-03  2.720246477746543e-01 -1.244555763937832e-04 -2.154911148856660e-01 -1.848545331267865e-01  3.572285173586185e-04  3.811058509043509e-04 
 9.394999999999517e-01  5.547288990072039e-01  6.226355448142283e-03  2.716696605628696e-01 -1.245271100992794e-04 -2.163452508823480e-01 -1.856418886237595e-01  3.567428127488456e-04  3.806172192245266e-04 
 9.399999999999517e-01  5.540171290625363e-01  6.229914297936385e-03  2.713156276886445e-01 -1.245982870937462e-04 -2.171984367882916e-01 -1.864254965018008e-01  3.562584352720319e-04  3.801321407203513e-04 
 9.404999999999516e-01  5.533088966396011e-01  6.233455460121551e-03  2.709625482687291e-01 -1.246691103360397e-04 -2.180506734515058e-01 -1.872053864300455e-01  3.557753834479810e-04  3.796505762453641e-04 
 9.409999999999515e-01  5.526041724693725e-01  6.236979081042912e-03  2.706104213361843e-01 -1.247395827530626e-04 -2.189019618040697e-01 -1.879815877753882e-01  3.552936556856485e-04  3.791724872047111e-04 
 9.414999999999515e-01  5.519029275986631e-01  6.240485305466406e-03  2.702592458432085e-01 -1.248097072401335e-04 -2.197523028593013e-01 -1.887541296056228e-01  3.548132502869584e-04  3.786978355461837e-04 
 9.419999999999514e-01  5.512051333864540e-01  6.243974276597133e-03  2.699090206638803e-01 -1.248794866613544e-04 -2.206016977090100e-01 -1.895230406925690e-01  3.543341654505008e-04  3.782265837514116e-04 
 9.424999999999514e-01  5.505107615002592e-01  6.247446136097535e-03  2.695597445968272e-01 -1.249489238499739e-04 -2.214501475208246e-01 -1.902883495151810e-01  3.538563992751332e-04  3.777586948272058e-04 
 9.429999999999513e-01  5.498197839125155e-01  6.250901024105408e-03  2.692114163678150e-01 -1.250180216087483e-04 -2.222976535355980e-01 -1.910500842626444e-01  3.533799497634727e-04  3.772941322970449e-04 
 9.434999999999513e-01  5.491321728970140e-01  6.254339079251803e-03  2.688640346322687e-01 -1.250867827102984e-04 -2.231442170648839e-01 -1.918082728374451e-01  3.529048148252939e-04  3.768328601927160e-04 
 9.439999999999512e-01  5.484479010253521e-01  6.257760438678753e-03  2.685175979777167e-01 -1.251552098974646e-04 -2.239898394884866e-01 -1.925629428584339e-01  3.524309922808241e-04  3.763748430460877e-04 
 9.444999999999512e-01  5.477669411634236e-01  6.261165238056771e-03  2.681721049261675e-01 -1.252233058836575e-04 -2.248345222520814e-01 -1.933141216638643e-01  3.519584798639468e-04  3.759200458810298e-04 
 9.449999999999511e-01  5.470892664679412e-01  6.264553611602303e-03  2.678275539364195e-01 -1.252910733532057e-04 -2.256782668649003e-01 -1.940618363144122e-01  3.514872752253133e-04  3.754684342054705e-04 
 9.454999999999510e-01  5.464148503829949e-01  6.267925692094899e-03  2.674839434063051e-01 -1.253585149617003e-04 -2.265210748974835e-01 -1.948061135961718e-01  3.510173759353659e-04  3.750199740035934e-04 
 9.459999999999510e-01  5.457436666366328e-01  6.271281610894313e-03  2.671412716748668e-01 -1.254256333363365e-04 -2.273629479794994e-01 -1.955469800236426e-01  3.505487794872692e-04  3.745746317281586e-04 
 9.464999999999509e-01  5.450756892374929e-01  6.274621497957371e-03  2.667995370244794e-01 -1.254924310762505e-04 -2.282038877976185e-01 -1.962844618426762e-01  3.500814832997668e-04  3.741323742929706e-04 
 9.469999999999509e-01  5.444108924714499e-01  6.277945481854690e-03  2.664587376829008e-01 -1.255589107528548e-04 -2.290438960934583e-01 -1.970185850334209e-01  3.496154847199427e-04  3.736931690654628e-04 
 9.474999999999508e-01  5.437492508983096e-01  6.281253689787238e-03  2.661188718252736e-01 -1.256250749101689e-04 -2.298829746615782e-01 -1.977493753132300e-01  3.491507810259149e-04  3.732569838594176e-04 
 9.479999999999508e-01  5.430907393485326e-01  6.284546247602728e-03  2.657799375760646e-01 -1.256909260651466e-04 -2.307211253475360e-01 -1.984768581395513e-01  3.486873694294444e-04  3.728237869278117e-04 
 9.484999999999507e-01  5.424353329199896e-01  6.287823279811803e-03  2.654419330109486e-01 -1.257564667080009e-04 -2.315583500459997e-01 -1.992010587127965e-01  3.482252470784707e-04  3.723935469557814e-04 
 9.489999999999507e-01  5.417830069747532e-01  6.291084909604096e-03  2.651048561586402e-01 -1.258216993025245e-04 -2.323946506989126e-01 -1.999220019791844e-01  3.477644110595740e-04  3.719662330537117e-04 
 9.494999999999506e-01  5.411337371359259e-01  6.294331258864101e-03  2.647687050026707e-01 -1.258866262864072e-04 -2.332300292937118e-01 -2.006397126335588e-01  3.473048584003656e-04  3.715418147504477e-04 
 9.499999999999506e-01  5.404874992844996e-01  6.297562448186854e-03  2.644334774831160e-01 -1.259512500715499e-04 -2.340644878615978e-01 -2.013542151221836e-01  3.468465860718091e-04  3.711202619866203e-04 
 9.504999999999505e-01  5.398442695562493e-01  6.300778596893488e-03  2.640991714982737e-01 -1.260155730443749e-04 -2.348980284758523e-01 -2.020655336455142e-01  3.463895909904750e-04  3.707015451080877e-04 
 9.509999999999504e-01  5.392040243386623e-01  6.303979823046566e-03  2.637657849062909e-01 -1.260795975661336e-04 -2.357306532502078e-01 -2.027736921609431e-01  3.459338700207280e-04  3.702856348594928e-04 
 9.514999999999504e-01  5.385667402678993e-01  6.307166243465280e-03  2.634333155267466e-01 -1.261433259732099e-04 -2.365623643372607e-01 -2.034787143855225e-01  3.454794199768518e-04  3.698725023779288e-04 
 9.519999999999503e-01  5.379323942257953e-01  6.310337973740471e-03  2.631017611421887e-01 -1.262067605774203e-04 -2.373931639269318e-01 -2.041806237986555e-01  3.450262376251129e-04  3.694621191867210e-04 
 9.524999999999503e-01  5.373009633368852e-01  6.313495128249448e-03  2.627711194996228e-01 -1.262699036663113e-04 -2.382230542449728e-01 -2.048794436447723e-01  3.445743196857595e-04  3.690544571893090e-04 
 9.529999999999502e-01  5.366724249654725e-01  6.316637820170713e-03  2.624413883119638e-01 -1.263327575034526e-04 -2.390520375515120e-01 -2.055751969359709e-01  3.441236628349702e-04  3.686494886632408e-04 
 9.534999999999502e-01  5.360467567127229e-01  6.319766161498416e-03  2.621125652594394e-01 -1.263953243287275e-04 -2.398801161396469e-01 -2.062679064546420e-01  3.436742637067357e-04  3.682471862542647e-04 
 9.539999999999501e-01  5.354239364138048e-01  6.322880263056742e-03  2.617846479909582e-01 -1.264576063586193e-04 -2.407072923340731e-01 -2.069575947560537e-01  3.432261188946954e-04  3.678475229705381e-04 
 9.544999999999501e-01  5.348039421350443e-01  6.325980234514043e-03  2.614576341254334e-01 -1.265196057864954e-04 -2.415335684897570e-01 -2.076442841709305e-01  3.427792249539107e-04  3.674504721769141e-04 
 9.549999999999500e-01  5.341867521711320e-01  6.329066184396877e-03  2.611315212530709e-01 -1.265813247828866e-04 -2.423589469906442e-01 -2.083279968079884e-01  3.423335784025930e-04  3.670560075893503e-04 
 9.554999999999499e-01  5.335723450423494e-01  6.332138220103829e-03  2.608063069366180e-01 -1.266427654957649e-04 -2.431834302484075e-01 -2.090087545564564e-01  3.418891757237774e-04  3.666641032693979e-04 
 9.559999999999499e-01  5.329606994918384e-01  6.335196447919196e-03  2.604819887125785e-01 -1.267039300508160e-04 -2.440070207012289e-01 -2.096865790885628e-01  3.414460133669491e-04  3.662747336187970e-04 
 9.564999999999498e-01  5.323517944828947e-01  6.338240973026507e-03  2.601585640923882e-01 -1.267648205517103e-04 -2.448297208126210e-01 -2.103614918620055e-01  3.410040877496190e-04  3.658878733741590e-04 
 9.569999999999498e-01  5.317456091962991e-01  6.341271899521850e-03  2.598360305635586e-01 -1.268254390803699e-04 -2.456515330702790e-01 -2.110335141223894e-01  3.405633952588547e-04  3.655034976017434e-04 
 9.574999999999497e-01  5.311421230276816e-01  6.344289330427082e-03  2.595143855907878e-01 -1.268857876972317e-04 -2.464724599849681e-01 -2.117026669056381e-01  3.401239322527669e-04  3.651215816923287e-04 
 9.579999999999497e-01  5.305413155849110e-01  6.347293367702851e-03  2.591936266170351e-01 -1.269458684415087e-04 -2.472925040894448e-01 -2.123689710403880e-01  3.396856950619484e-04  3.647421013561629e-04 
 9.584999999999496e-01  5.299431666855280e-01  6.350284112261465e-03  2.588737510645691e-01 -1.270056833314470e-04 -2.481116679374064e-01 -2.130324471503435e-01  3.392486799908749e-04  3.643650326180155e-04 
 9.589999999999496e-01  5.293476563541964e-01  6.353261663979606e-03  2.585547563359801e-01 -1.270652343645802e-04 -2.489299541024746e-01 -2.136931156566196e-01  3.388128833192591e-04  3.639903518122995e-04 
 9.594999999999495e-01  5.287547648201941e-01  6.356226121710881e-03  2.582366398151653e-01 -1.271245235179804e-04 -2.497473651772089e-01 -2.143509967800533e-01  3.383783013033682e-04  3.636180355782879e-04 
 9.599999999999494e-01  5.281644725149353e-01  6.359177583298225e-03  2.579193988682846e-01 -1.271835527485063e-04 -2.505639037721460e-01 -2.150061105434863e-01  3.379449301772999e-04  3.632480608554122e-04 
 9.604999999999494e-01  5.275767600695181e-01  6.362116145586138e-03  2.576030308446869e-01 -1.272423239930480e-04 -2.513795725148719e-01 -2.156584767740304e-01  3.375127661542215e-04  3.628804048786376e-04 
 9.609999999999493e-01  5.269916083123077e-01  6.365041904432805e-03  2.572875330778109e-01 -1.273008391687690e-04 -2.521943740491177e-01 -2.163081151053015e-01  3.370818054275703e-04  3.625150451739197e-04 
 9.614999999999493e-01  5.264089982665479e-01  6.367954954722009e-03  2.569729028860564e-01 -1.273591001733450e-04 -2.530083110338857e-01 -2.169550449796305e-01  3.366520441722193e-04  3.621519595537442e-04 
 9.619999999999492e-01  5.258289111480019e-01  6.370855390374932e-03  2.566591375736328e-01 -1.274171088851996e-04 -2.538213861425976e-01 -2.175992856502503e-01  3.362234785456071e-04  3.617911261127354e-04 
 9.624999999999492e-01  5.252513283626253e-01  6.373743304361798e-03  2.563462344313797e-01 -1.274748671637373e-04 -2.546336020622718e-01 -2.182408561834561e-01  3.357961046888338e-04  3.614325232233479e-04 
 9.629999999999491e-01  5.246762315042637e-01  6.376618788713378e-03  2.560341907375637e-01 -1.275323768495734e-04 -2.554449614927234e-01 -2.188797754607452e-01  3.353699187277230e-04  3.610761295316254e-04 
 9.634999999999491e-01  5.241036023523845e-01  6.379481934532338e-03  2.557230037586521e-01 -1.275896397647614e-04 -2.562554671457880e-01 -2.195160621809267e-01  3.349449167738527e-04  3.607219239530378e-04 
 9.639999999999490e-01  5.235334228698375e-01  6.382332832004432e-03  2.554126707500628e-01 -1.276466577130161e-04 -2.570651217445686e-01 -2.201497348622099e-01  3.345210949255546e-04  3.603698856683906e-04 
 9.644999999999490e-01  5.229656752006367e-01  6.385171570409582e-03  2.551031889568908e-01 -1.277034324799361e-04 -2.578739280227074e-01 -2.207808118442713e-01  3.340984492688814e-04  3.600199941197953e-04 
 9.649999999999489e-01  5.224003416677815e-01  6.387998238132805e-03  2.547945556146143e-01 -1.277599658332217e-04 -2.586818887236766e-01 -2.214093112902916e-01  3.336769758785475e-04  3.596722290067217e-04 
 9.654999999999488e-01  5.218374047710957e-01  6.390812922674976e-03  2.544867679497786e-01 -1.278162595228902e-04 -2.594890066000916e-01 -2.220352511889746e-01  3.332566708188375e-04  3.593265702821067e-04 
 9.659999999999488e-01  5.212768471851017e-01  6.393615710663485e-03  2.541798231806592e-01 -1.278723152814896e-04 -2.602952844130459e-01 -2.226586493565385e-01  3.328375301444891e-04  3.589829981485379e-04 
 9.664999999999487e-01  5.207186517569160e-01  6.396406687862754e-03  2.538737185179046e-01 -1.279281348243082e-04 -2.611007249314655e-01 -2.232795234386877e-01  3.324195499015475e-04  3.586414930544954e-04 
 9.669999999999487e-01  5.201628015041759e-01  6.399185939184592e-03  2.535684511651602e-01 -1.279837198495822e-04 -2.619053309314829e-01 -2.238978909125584e-01  3.320027261281950e-04  3.583020356906616e-04 
 9.674999999999486e-01  5.196092796129932e-01  6.401953548698446e-03  2.532640183196728e-01 -1.280390720387005e-04 -2.627091051958292e-01 -2.245137690886405e-01  3.315870548555522e-04  3.579646069862969e-04 
 9.679999999999486e-01  5.190580694359300e-01  6.404709599641501e-03  2.529604171728763e-01 -1.280941930564068e-04 -2.635120505132477e-01 -2.251271751126809e-01  3.311725321084574e-04  3.576291881056681e-04 
 9.684999999999485e-01  5.185091544900058e-01  6.407454174428669e-03  2.526576449109597e-01 -1.281490845509992e-04 -2.643141696779215e-01 -2.257381259675597e-01  3.307591539062192e-04  3.572957604445466e-04 
 9.689999999999485e-01  5.179625184547255e-01  6.410187354662415e-03  2.523556987154169e-01 -1.282037481545273e-04 -2.651154654889231e-01 -2.263466384751487e-01  3.303469162633461e-04  3.569643056267595e-04 
 9.694999999999484e-01  5.174181451701393e-01  6.412909221142502e-03  2.520545757635814e-01 -1.282581854829859e-04 -2.659159407496760e-01 -2.269527292981407e-01  3.299358151902552e-04  3.566348055008049e-04 
 9.699999999999483e-01  5.168760186349212e-01  6.415619853875554e-03  2.517542732291420e-01 -1.283123981365077e-04 -2.667155982674376e-01 -2.275564149418647e-01  3.295258466939549e-04  3.563072421365193e-04 
 9.704999999999483e-01  5.163361230044753e-01  6.418319332084551e-03  2.514547882826436e-01 -1.283663876995523e-04 -2.675144408527960e-01 -2.281577117560756e-01  3.291170067787091e-04  3.559815978218031e-04 
 9.709999999999482e-01  5.157984425890685e-01  6.421007734218160e-03  2.511561180919727e-01 -1.284201557410930e-04 -2.683124713191823e-01 -2.287566359367210e-01  3.287092914466790e-04  3.556578550594034e-04 
 9.714999999999482e-01  5.152629618519862e-01  6.423685137959960e-03  2.508582598228281e-01 -1.284737038148012e-04 -2.691096924823970e-01 -2.293532035276877e-01  3.283026966985459e-04  3.553359965637492e-04 
 9.719999999999481e-01  5.147296654077089e-01  6.426351620237542e-03  2.505612106391740e-01 -1.285270334592289e-04 -2.699061071601562e-01 -2.299474304225306e-01  3.278972185341098e-04  3.550160052578385e-04 
 9.724999999999481e-01  5.141985380201191e-01  6.429007257231499e-03  2.502649677036822e-01 -1.285801461979879e-04 -2.707017181716451e-01 -2.305393323661740e-01  3.274928529528748e-04  3.546978642701819e-04 
 9.729999999999480e-01  5.136695646007248e-01  6.431652124384290e-03  2.499695281781592e-01 -1.286330435399273e-04 -2.714965283370910e-01 -2.311289249565990e-01  3.270895959546112e-04  3.543815569317915e-04 
 9.734999999999480e-01  5.131427302069137e-01  6.434286296408979e-03  2.496748892239591e-01 -1.286857269793084e-04 -2.722905404773471e-01 -2.317162236465030e-01  3.266874435399026e-04  3.540670667732283e-04 
 9.739999999999479e-01  5.126180200402194e-01  6.436909847297893e-03  2.493810480023821e-01 -1.287381979959779e-04 -2.730837574134922e-01 -2.323012437449500e-01  3.262863917106692e-04  3.537543775216891e-04 
 9.744999999999479e-01  5.120954194446258e-01  6.439522850331130e-03  2.490880016750655e-01 -1.287904580555372e-04 -2.738761819664378e-01 -2.328840004189846e-01  3.258864364706843e-04  3.534434730981529e-04 
 9.749999999999478e-01  5.115749139048754e-01  6.442125378084963e-03  2.487957474043540e-01 -1.288425086095123e-04 -2.746678169565553e-01 -2.334645086952458e-01  3.254875738260621e-04  3.531343376145637e-04 
 9.754999999999477e-01  5.110564890448177e-01  6.444717502440153e-03  2.485042823536659e-01 -1.288943510955181e-04 -2.754586652033083e-01 -2.340427834615418e-01  3.250897997857396e-04  3.528269553710716e-04 
 9.759999999999477e-01  5.105401306257643e-01  6.447299294590141e-03  2.482136036878416e-01 -1.289459869374234e-04 -2.762487295249023e-01 -2.346188394684209e-01  3.246931103619341e-04  3.525213108533096e-04 
 9.764999999999476e-01  5.100258245448764e-01  6.449870825049112e-03  2.479237085734849e-01 -1.289974175455122e-04 -2.770380127379410e-01 -2.351926913307129e-01  3.242975015705928e-04  3.522173887297227e-04 
 9.769999999999476e-01  5.095135568335671e-01  6.452432163660022e-03  2.476345941792901e-01 -1.290486443166431e-04 -2.778265176570975e-01 -2.357643535290573e-01  3.239029694318215e-04  3.519151738489380e-04 
 9.774999999999475e-01  5.090033136559273e-01  6.454983379602397e-03  2.473462576763598e-01 -1.290996686344071e-04 -2.786142470947947e-01 -2.363338404114103e-01  3.235095099703025e-04  3.516146512371792e-04 
 9.779999999999475e-01  5.084950813071725e-01  6.457524541400177e-03  2.470586962385123e-01 -1.291504918692826e-04 -2.794012038608956e-01 -2.369011661945325e-01  3.231171192156973e-04  3.513158060957244e-04 
 9.784999999999474e-01  5.079888462121070e-01  6.460055716929329e-03  2.467719070425776e-01 -1.292011153787891e-04 -2.801873907624067e-01 -2.374663449654623e-01  3.227257932030335e-04  3.510186237984033e-04 
 9.789999999999474e-01  5.074845949236132e-01  6.462576973425449e-03  2.464858872686849e-01 -1.292515405076385e-04 -2.809728106031871e-01 -2.380293906829647e-01  3.223355279730832e-04  3.507230898891395e-04 
 9.794999999999473e-01  5.069823141211564e-01  6.465088377491207e-03  2.462006341005394e-01 -1.293017685878842e-04 -2.817574661836707e-01 -2.385903171789684e-01  3.219463195727228e-04  3.504291900795309e-04 
 9.799999999999472e-01  5.064819906093109e-01  6.467589995103742e-03  2.459161447256906e-01 -1.293518009390687e-04 -2.825413603005965e-01 -2.391491381599818e-01  3.215581640552853e-04  3.501369102464689e-04 
 9.804999999999472e-01  5.059836113163063e-01  6.470081891621892e-03  2.456324163357900e-01 -1.294016388683692e-04 -2.833244957467488e-01 -2.397058672084914e-01  3.211710574808956e-04  3.498462364298000e-04 
 9.809999999999471e-01  5.054871632925900e-01  6.472564131793427e-03  2.453494461268415e-01 -1.294512836707408e-04 -2.841068753107044e-01 -2.402605177843460e-01  3.207849959167979e-04  3.495571548300198e-04 
 9.814999999999471e-01  5.049926337094156e-01  6.475036779762092e-03  2.450672312994437e-01 -1.295007366290583e-04 -2.848885017765899e-01 -2.408131032261163e-01  3.203999754376709e-04  3.492696518060153e-04 
 9.819999999999470e-01  5.045000098574365e-01  6.477499899074599e-03  2.447857690590199e-01 -1.295499990142562e-04 -2.856693779238493e-01 -2.413636367524506e-01  3.200159921259275e-04  3.489837138728288e-04 
 9.824999999999470e-01  5.040092791453347e-01  6.479953552687559e-03  2.445050566160460e-01 -1.295990720854663e-04 -2.864495065270146e-01 -2.419121314633986e-01  3.196330420720107e-04  3.486993276994729e-04 
 9.829999999999469e-01  5.035204290984536e-01  6.482397802974244e-03  2.442250911862643e-01 -1.296479570901545e-04 -2.872288903554902e-01 -2.424586003417306e-01  3.192511213746724e-04  3.484164801067725e-04 
 9.834999999999469e-01  5.030334473574570e-01  6.484832711731341e-03  2.439458699908954e-01 -1.296966552642541e-04 -2.880075321733391e-01 -2.430030562542329e-01  3.188702261412468e-04  3.481351580652425e-04 
 9.839999999999468e-01  5.025483216770007e-01  6.487258340185571e-03  2.436673902568374e-01 -1.297451678322997e-04 -2.887854347390839e-01 -2.435455119529940e-01  3.184903524879091e-04  3.478553486930034e-04 
 9.844999999999468e-01  5.020650399244261e-01  6.489674749000219e-03  2.433896492168613e-01 -1.297934960075572e-04 -2.895626008055072e-01 -2.440859800766666e-01  3.181114965399297e-04  3.475770392537283e-04 
 9.849999999999467e-01  5.015835900784679e-01  6.492081998281628e-03  2.431126441097988e-01 -1.298416409921530e-04 -2.903390331194641e-01 -2.446244731517200e-01  3.177336544319151e-04  3.473002171546232e-04 
 9.854999999999466e-01  5.011039602279783e-01  6.494480147585528e-03  2.428363721807217e-01 -1.298896039772020e-04 -2.911147344217007e-01 -2.451610035936763e-01  3.173568223080404e-04  3.470248699444389e-04 
 9.859999999999466e-01  5.006261385706696e-01  6.496869255923362e-03  2.425608306811162e-01 -1.299373861429328e-04 -2.918897074466784e-01 -2.456955837083286e-01  3.169809963222742e-04  3.467509853115165e-04 
 9.864999999999465e-01  5.001501134118731e-01  6.499249381768473e-03  2.422860168690501e-01 -1.299849886588125e-04 -2.926639549224052e-01 -2.462282256929466e-01  3.166061726385930e-04  3.464785510818645e-04 
 9.869999999999465e-01  4.996758731633129e-01  6.501620583062242e-03  2.420119280093336e-01 -1.300324126836685e-04 -2.934374795702731e-01 -2.467589416374661e-01  3.162323474311893e-04  3.462075552172650e-04 
 9.874999999999464e-01  4.992034063418960e-01  6.503982917220126e-03  2.417385613736743e-01 -1.300796593658102e-04 -2.942102841049024e-01 -2.472877435256645e-01  3.158595168846691e-04  3.459379858134096e-04 
 9.879999999999464e-01  4.987327015685218e-01  6.506336441137651e-03  2.414659142408267e-01 -1.301267298431476e-04 -2.949823712339902e-01 -2.478146432363182e-01  3.154876771942444e-04  3.456698310980701e-04 
 9.884999999999463e-01  4.982637475668995e-01  6.508681211196248e-03  2.411939838967339e-01 -1.301736252433098e-04 -2.957537436581671e-01 -2.483396525443541e-01  3.151168245659144e-04  3.454030794292915e-04 
 9.889999999999463e-01  4.977965331623891e-01  6.511017283269132e-03  2.409227676346669e-01 -1.302203466837609e-04 -2.965244040708575e-01 -2.488627831219757e-01  3.147469552166428e-04  3.451377192936187e-04 
 9.894999999999462e-01  4.973310472808513e-01  6.513344712726996e-03  2.406522627553551e-01 -1.302668952719147e-04 -2.972943551581464e-01 -2.493840465397857e-01  3.143780653745245e-04  3.448737393043478e-04 
 9.899999999999461e-01  4.968672789475171e-01  6.515663554443683e-03  2.403824665671143e-01 -1.303132721052481e-04 -2.980635995986515e-01 -2.499034542678856e-01  3.140101512789489e-04  3.446111281998097e-04 
 9.904999999999461e-01  4.964052172858679e-01  6.517973862801791e-03  2.401133763859676e-01 -1.303594782714130e-04 -2.988321400633995e-01 -2.504210176769696e-01  3.136432091807529e-04  3.443498748416748e-04 
 9.909999999999460e-01  4.959448515165341e-01  6.520275691698166e-03  2.398449895357628e-01 -1.304055148483464e-04 -2.995999792157086e-01 -2.509367480393975e-01  3.132772353423697e-04  3.440899682132913e-04 
 9.914999999999460e-01  4.954861709562043e-01  6.522569094549372e-03  2.395773033482834e-01 -1.304513829043794e-04 -3.003671197110755e-01 -2.514506565302622e-01  3.129122260379686e-04  3.438313974180427e-04 
 9.919999999999459e-01  4.950291650165503e-01  6.524854124297038e-03  2.393103151633554e-01 -1.304970834983448e-04 -3.011335641970675e-01 -2.519627542284380e-01  3.125481775535913e-04  3.435741516777362e-04 
 9.924999999999459e-01  4.945738232031688e-01  6.527130833413198e-03  2.390440223289517e-01 -1.305426176796829e-04 -3.018993153132170e-01 -2.524730521176159e-01  3.121850861872814e-04  3.433182203310155e-04 
 9.929999999999458e-01  4.941201351145300e-01  6.529399273905491e-03  2.387784222012875e-01 -1.305879864885468e-04 -3.026643756909242e-01 -2.529815610873327e-01  3.118229482492051e-04  3.430635928317955e-04 
 9.934999999999458e-01  4.936680904409468e-01  6.531659497322352e-03  2.385135121449162e-01 -1.306331909559051e-04 -3.034287479533613e-01 -2.534882919339784e-01  3.114617600617710e-04  3.428102587477246e-04 
 9.939999999999457e-01  4.932176789635537e-01  6.533911554758113e-03  2.382492895328173e-01 -1.306782321036444e-04 -3.041924347153819e-01 -2.539932553617977e-01  3.111015179597396e-04  3.425582077586715e-04 
 9.944999999999456e-01  4.927688905532999e-01  6.536155496858029e-03  2.379857517464836e-01 -1.307231109446698e-04 -3.049554385834338e-01 -2.544964619838763e-01  3.107422182903320e-04  3.423074296552320e-04 
 9.949999999999456e-01  4.923217151699534e-01  6.538391373823261e-03  2.377228961760004e-01 -1.307678284830045e-04 -3.057177621554774e-01 -2.549979223231162e-01  3.103838574133281e-04  3.420579143372620e-04 
 9.954999999999455e-01  4.918761428611222e-01  6.540619235415769e-03  2.374607202201255e-01 -1.308123857138876e-04 -3.064794080209059e-01 -2.554976468131975e-01  3.100264317011646e-04  3.418096518124329e-04 
 9.959999999999455e-01  4.914321637612820e-01  6.542839130963174e-03  2.371992212863610e-01 -1.308567836238716e-04 -3.072403787604711e-01 -2.559956457995314e-01  3.096699375390245e-04  3.415626321948064e-04 
 9.964999999999454e-01  4.909897680908241e-01  6.545051109363519e-03  2.369383967910250e-01 -1.309010231909174e-04 -3.080006769462116e-01 -2.564919295401960e-01  3.093143713249243e-04  3.413168457034379e-04 
 9.969999999999454e-01  4.905489461551082e-01  6.547255219090015e-03  2.366782441593182e-01 -1.309451053844890e-04 -3.087603051413841e-01 -2.569865082068669e-01  3.089597294697952e-04  3.410722826609937e-04 
 9.974999999999453e-01  4.901096883435307e-01  6.549451508195667e-03  2.364187608253857e-01 -1.309890311656468e-04 -3.095192659004015e-01 -2.574793918857339e-01  3.086060083975586e-04  3.408289334923941e-04 
 9.979999999999453e-01  4.896719851286062e-01  6.551640024317917e-03  2.361599442323793e-01 -1.310328014871392e-04 -3.102775617687684e-01 -2.579705905784020e-01  3.082532045452006e-04  3.405867887234772e-04 
 9.984999999999452e-01  4.892358270650575e-01  6.553820814683144e-03  2.359017918325125e-01 -1.310764172934941e-04 -3.110351952830262e-01 -2.584601142027907e-01  3.079013143628390e-04  3.403458389796817e-04 
 9.989999999999452e-01  4.888012047889195e-01  6.555993926111170e-03  2.356443010871144e-01 -1.311198795211079e-04 -3.117921689706971e-01 -2.589479725940136e-01  3.075503343137869e-04  3.401060749847490e-04 
 9.994999999999451e-01  4.883681090166549e-01  6.558159405019687e-03  2.353874694666812e-01 -1.311631890983343e-04 -3.125484853502322e-01 -2.594341755052504e-01  3.072002608746139e-04  3.398674875594496e-04 
 9.999999999999450e-01  4.879365305442797e-01  6.560317297428617e-03  2.351312944509231e-01 -1.312063469455719e-04 -3.133041469309634e-01 -2.599187326086093e-01  3.068510905352022e-04  3.396300676203243e-04 
 1.000499999999945e+00  4.875064602464997e-01  6.562467648964439e-03  2.348757735288091e-01 -1.312493539753498e-04 -3.140591562130571e-01 -2.604016534959783e-01  3.065028197987978e-04  3.393938061784455e-04 
 1.000999999999945e+00  4.870778890758578e-01  6.564610504864425e-03  2.346209041986089e-01 -1.312922110924140e-04 -3.148135156874720e-01 -2.608829476798672e-01  3.061554451820591e-04  3.391586943381978e-04 
 1.001499999999945e+00  4.866508080618964e-01  6.566745909980867e-03  2.343666839679328e-01 -1.313349191938102e-04 -3.155672278359182e-01 -2.613626245942335e-01  3.058089632151043e-04  3.389247232960791e-04 
 1.001999999999945e+00  4.862252083103237e-01  6.568873908785229e-03  2.341131103537678e-01 -1.313774791689674e-04 -3.163202951308191e-01 -2.618406935953062e-01  3.054633704415501e-04  3.386918843395168e-04 
 1.002499999999945e+00  4.858010810021953e-01  6.570994545372231e-03  2.338601808825116e-01 -1.314198918997803e-04 -3.170727200352776e-01 -2.623171639623961e-01  3.051186634185512e-04  3.384601688457029e-04 
 1.002999999999945e+00  4.853784173931043e-01  6.573107863463911e-03  2.336078930900052e-01 -1.314621582606894e-04 -3.178245050030422e-01 -2.627920448986935e-01  3.047748387168363e-04  3.382295682804465e-04 
 1.003499999999945e+00  4.849572088123821e-01  6.575213906413611e-03  2.333562445215610e-01 -1.315042791187616e-04 -3.185756524784773e-01 -2.632653455320614e-01  3.044318929207381e-04  3.380000741970443e-04 
 1.003999999999945e+00  4.845374466623092e-01  6.577312717209929e-03  2.331052327319904e-01 -1.315462553337689e-04 -3.193261648965356e-01 -2.637370749158164e-01  3.040898226282230e-04  3.377716782351680e-04 
 1.004499999999945e+00  4.841191224173378e-01  6.579404338480610e-03  2.328548552856292e-01 -1.315880877582660e-04 -3.200760446827313e-01 -2.642072420294962e-01  3.037486244509183e-04  3.375443721197676e-04 
 1.004999999999945e+00  4.837022276233166e-01  6.581488812496396e-03  2.326051097563578e-01 -1.316297772376682e-04 -3.208252942531188e-01 -2.646758557796307e-01  3.034082950141316e-04  3.373181476599888e-04 
 1.005499999999945e+00  4.832867538967394e-01  6.583566181174831e-03  2.323559937276247e-01 -1.316713246103259e-04 -3.215739160142687e-01 -2.651429250004834e-01  3.030688309568753e-04  3.370929967481150e-04 
 1.005999999999944e+00  4.828726929239875e-01  6.585636486084006e-03  2.321075047924625e-01 -1.317127307076011e-04 -3.223219123632505e-01 -2.656084584548058e-01  3.027302289318808e-04  3.368689113585122e-04 
 1.006499999999944e+00  4.824600364605939e-01  6.587699768446259e-03  2.318596405535053e-01 -1.317539963539404e-04 -3.230692856876151e-01 -2.660724648345651e-01  3.023924856056149e-04  3.366458835466032e-04 
 1.006999999999944e+00  4.820487763305085e-01  6.589756069141837e-03  2.316123986230028e-01 -1.317951223669490e-04 -3.238160383653785e-01 -2.665349527616740e-01  3.020555976582917e-04  3.364239054478446e-04 
 1.007499999999944e+00  4.816389044253777e-01  6.591805428712515e-03  2.313657766228334e-01 -1.318361095574620e-04 -3.245621727650096e-01 -2.669959307887069e-01  3.017195617838828e-04  3.362029692767286e-04 
 1.007999999999944e+00  4.812304127038304e-01  6.593847887365147e-03  2.311197721845141e-01 -1.318769587296168e-04 -3.253076912454170e-01 -2.674554073996077e-01  3.013843746901250e-04  3.359830673257945e-04 
 1.008499999999944e+00  4.808232931907711e-01  6.595883484975205e-03  2.308743829492097e-01 -1.319176706809227e-04 -3.260525961559418e-01 -2.679133910103940e-01  3.010500330985232e-04  3.357641919646531e-04 
 1.008999999999944e+00  4.804175379766891e-01  6.597912261090249e-03  2.306296065677407e-01 -1.319582462023309e-04 -3.267968898363475e-01 -2.683698899698423e-01  3.007165337443571e-04  3.355463356390338e-04 
 1.009499999999944e+00  4.800131392169679e-01  6.599934254933363e-03  2.303854407005889e-01 -1.319986860783030e-04 -3.275405746168122e-01 -2.688249125601760e-01  3.003838733766797e-04  3.353294908698355e-04 
 1.009999999999944e+00  4.796100891312070e-01  6.601949505406546e-03  2.301418830179000e-01 -1.320389910868791e-04 -3.282836528179280e-01 -2.692784669977401e-01  3.000520487583156e-04  3.351136502521983e-04 
 1.010499999999944e+00  4.792083800025513e-01  6.603958051094072e-03  2.298989311994881e-01 -1.320791619997447e-04 -3.290261267506935e-01 -2.697305614336687e-01  2.997210566658592e-04  3.348988064545839e-04 
 1.010999999999944e+00  4.788080041770320e-01  6.605959930265791e-03  2.296565829348357e-01 -1.321191995822966e-04 -3.297679987165144e-01 -2.701812039545415e-01  2.993908938896691e-04  3.346849522178754e-04 
 1.011499999999944e+00  4.784089540629097e-01  6.607955180880404e-03  2.294148359230928e-01 -1.321591045937088e-04 -3.305092710072021e-01 -2.706304025830382e-01  2.990615572338595e-04  3.344720803544850e-04 
 1.011999999999944e+00  4.780112221300298e-01  6.609943840588675e-03  2.291736878730755e-01 -1.321988777869968e-04 -3.312499459049760e-01 -2.710781652785820e-01  2.987330435162928e-04  3.342601837474757e-04 
 1.012499999999944e+00  4.776148009091854e-01  6.611925946736642e-03  2.289331365032630e-01 -1.322385199090813e-04 -3.319900256824648e-01 -2.715244999379735e-01  2.984053495685681e-04  3.340492553496980e-04 
 1.012999999999944e+00  4.772196829914874e-01  6.613901536368758e-03  2.286931795417931e-01 -1.322780317008511e-04 -3.327295126027102e-01 -2.719694143960203e-01  2.980784722360090e-04  3.338392881829364e-04 
 1.013499999999944e+00  4.768258610277410e-01  6.615870646230985e-03  2.284538147264554e-01 -1.323174138972257e-04 -3.334684089191734e-01 -2.724129164261584e-01  2.977524083776489e-04  3.336302753370699e-04 
 1.013999999999944e+00  4.764333277278333e-01  6.617833312773899e-03  2.282150398046854e-01 -1.323566672272165e-04 -3.342067168757400e-01 -2.728550137410655e-01  2.974271548662162e-04  3.334222099692440e-04 
 1.014499999999944e+00  4.760420758601241e-01  6.619789572155701e-03  2.279768525335552e-01 -1.323957924139874e-04 -3.349444387067286e-01 -2.732957139932669e-01  2.971027085881153e-04  3.332150853030545e-04 
 1.014999999999944e+00  4.756520982508489e-01  6.621739460245214e-03  2.277392506797652e-01 -1.324347901749149e-04 -3.356815766368987e-01 -2.737350247757339e-01  2.967790664434100e-04  3.330088946277438e-04 
 1.015499999999943e+00  4.752633877835236e-01  6.623683012624846e-03  2.275022320196321e-01 -1.324736612216475e-04 -3.364181328814611e-01 -2.741729536224795e-01  2.964562253458008e-04  3.328036312974070e-04 
 1.015999999999943e+00  4.748759373983624e-01  6.625620264593545e-03  2.272657943390790e-01 -1.325124062601636e-04 -3.371541096460884e-01 -2.746095080091384e-01  2.961341822226054e-04  3.325992887302116e-04 
 1.016499999999943e+00  4.744897400916980e-01  6.627551251169639e-03  2.270299354336212e-01 -1.325510259908300e-04 -3.378895091269273e-01 -2.750446953535492e-01  2.958129340147346e-04  3.323958604076256e-04 
 1.016999999999943e+00  4.741047889154107e-01  6.629476007093720e-03  2.267946531083532e-01 -1.325895211084587e-04 -3.386243335106115e-01 -2.754785230163245e-01  2.954924776766672e-04  3.321933398736596e-04 
 1.017499999999943e+00  4.737210769763671e-01  6.631394566831470e-03  2.265599451779344e-01 -1.326278923023631e-04 -3.393585849742756e-01 -2.759109983014142e-01  2.951728101764267e-04  3.319917207341190e-04 
 1.017999999999943e+00  4.733385974358590e-01  6.633306964576428e-03  2.263258094665728e-01 -1.326661402564139e-04 -3.400922656855704e-01 -2.763421284566661e-01  2.948539284955521e-04  3.317909966558629e-04 
 1.018499999999943e+00  4.729573435090556e-01  6.635213234252741e-03  2.260922438080084e-01 -1.327042656490943e-04 -3.408253778026785e-01 -2.767719206743761e-01  2.945358296290710e-04  3.315911613660793e-04 
 1.018999999999943e+00  4.725773084644581e-01  6.637113409517906e-03  2.258592460454963e-01 -1.327422691535540e-04 -3.415579234743309e-01 -2.772003820918347e-01  2.942185105854699e-04  3.313922086515665e-04 
 1.019499999999943e+00  4.721984856233648e-01  6.639007523765428e-03  2.256268140317886e-01 -1.327801514376633e-04 -3.422899048398250e-01 -2.776275197918625e-01  2.939019683866655e-04  3.311941323580269e-04 
 1.019999999999943e+00  4.718208683593387e-01  6.640895610127512e-03  2.253949456291149e-01 -1.328179131640659e-04 -3.430213240290425e-01 -2.780533408033458e-01  2.935862000679715e-04  3.309969263893695e-04 
 1.020499999999943e+00  4.714444500976824e-01  6.642777701477623e-03  2.251636387091621e-01 -1.328555549902316e-04 -3.437521831624692e-01 -2.784778521017628e-01  2.932712026780677e-04  3.308005847070212e-04 
 1.020999999999943e+00  4.710692243149214e-01  6.644653830433138e-03  2.249328911530545e-01 -1.328930775685077e-04 -3.444824843512154e-01 -2.789010606097023e-01  2.929569732789653e-04  3.306051013292509e-04 
 1.021499999999943e+00  4.706951845382925e-01  6.646524029357884e-03  2.247027008513321e-01 -1.329304815461705e-04 -3.452122296970350e-01 -2.793229731973780e-01  2.926435089459743e-04  3.304104703304999e-04 
 1.021999999999943e+00  4.703223243452368e-01  6.648388330364650e-03  2.244730657039287e-01 -1.329677675654761e-04 -3.459414212923484e-01 -2.797435966831377e-01  2.923308067676680e-04  3.302166858407235e-04 
 1.022499999999943e+00  4.699506373629000e-01  6.650246765317703e-03  2.242439836201485e-01 -1.330049362637098e-04 -3.466700612202649e-01 -2.801629378339649e-01  2.920188638458459e-04  3.300237420447405e-04 
 1.022999999999943e+00  4.695801172676407e-01  6.652099365835256e-03  2.240154525186437e-01 -1.330419882732357e-04 -3.473981515546043e-01 -2.805810033659754e-01  2.917076772954981e-04  3.298316331815942e-04 
 1.023499999999943e+00  4.692107577845391e-01  6.653946163291914e-03  2.237874703273897e-01 -1.330789242215459e-04 -3.481256943599210e-01 -2.809977999449083e-01  2.913972442447673e-04  3.296403535439169e-04 
 1.023999999999943e+00  4.688425526869172e-01  6.655787188821056e-03  2.235600349836601e-01 -1.331157447313081e-04 -3.488526916915292e-01 -2.814133341866110e-01  2.910875618349098e-04  3.294498974773103e-04 
 1.024499999999942e+00  4.684754957958629e-01  6.657622473317247e-03  2.233331444340027e-01 -1.331524504204135e-04 -3.495791455955247e-01 -2.818276126575185e-01  2.907786272202583e-04  3.292602593797291e-04 
 1.024999999999942e+00  4.681095809797567e-01  6.659452047438589e-03  2.231067966342123e-01 -1.331890419020241e-04 -3.503050581088140e-01 -2.822406418751284e-01  2.904704375681784e-04  3.290714337008755e-04 
 1.025499999999942e+00  4.677448021538101e-01  6.661275941609030e-03  2.228809895493058e-01 -1.332255197846188e-04 -3.510304312591362e-01 -2.826524283084665e-01  2.901629900590329e-04  3.288834149416011e-04 
 1.025999999999942e+00  4.673811532796007e-01  6.663094186020660e-03  2.226557211534927e-01 -1.332618846720398e-04 -3.517552670650932e-01 -2.830629783785560e-01  2.898562818861353e-04  3.286961976533163e-04 
 1.026499999999942e+00  4.670186283646244e-01  6.664906810636030e-03  2.224309894301516e-01 -1.332981371635374e-04 -3.524795675361729e-01 -2.834722984588682e-01  2.895503102557130e-04  3.285097764374121e-04 
 1.026999999999942e+00  4.666572214618409e-01  6.666713845190320e-03  2.222067923717987e-01 -1.333342778538157e-04 -3.532033346727798e-01 -2.838803948757807e-01  2.892450723868615e-04  3.283241459446818e-04 
 1.027499999999942e+00  4.662969266692326e-01  6.668515319193629e-03  2.219831279800610e-01 -1.333703073330766e-04 -3.539265704662604e-01 -2.842872739090228e-01  2.889405655115019e-04  3.281393008747595e-04 
 1.027999999999942e+00  4.659377381293657e-01  6.670311261933114e-03  2.217599942656479e-01 -1.334062261870633e-04 -3.546492768989327e-01 -2.846929417921180e-01  2.886367868743386e-04  3.279552359755589e-04 
 1.028499999999942e+00  4.655796500289577e-01  6.672101702475206e-03  2.215373892483213e-01 -1.334420349971040e-04 -3.553714559441142e-01 -2.850974047128210e-01  2.883337337328146e-04  3.277719460427257e-04 
 1.028999999999942e+00  4.652226565984474e-01  6.673886669667697e-03  2.213153109568660e-01 -1.334777343401551e-04 -3.560931095661520e-01 -2.855006688135512e-01  2.880314033570659e-04  3.275894259190922e-04 
 1.029499999999942e+00  4.648667521115716e-01  6.675666192141909e-03  2.210937574290598e-01 -1.335133247888426e-04 -3.568142397204513e-01 -2.859027401918208e-01  2.877297930298780e-04  3.274076704941417e-04 
 1.029999999999942e+00  4.645119308849496e-01  6.677440298314751e-03  2.208727267116434e-01 -1.335488069115048e-04 -3.575348483535062e-01 -2.863036249006550e-01  2.874289000466392e-04  3.272266747034831e-04 
 1.030499999999942e+00  4.641581872776653e-01  6.679209016390793e-03  2.206522168602888e-01 -1.335841812722333e-04 -3.582549374029293e-01 -2.867033289490131e-01  2.871287217152946e-04  3.270464335283252e-04 
 1.030999999999942e+00  4.638055156908630e-01  6.680972374364325e-03  2.204322259395695e-01 -1.336194484309135e-04 -3.589745087974821e-01 -2.871018583021989e-01  2.868292553563015e-04  3.268669419949661e-04 
 1.031499999999942e+00  4.634539105673399e-01  6.682730400021356e-03  2.202127520229281e-01 -1.336546089432658e-04 -3.596935644571065e-01 -2.874992188822707e-01  2.865304983025801e-04  3.266881951742836e-04 
 1.031999999999942e+00  4.631033663911472e-01  6.684483120941624e-03  2.199937931926439e-01 -1.336896633608851e-04 -3.604121062929573e-01 -2.878954165684475e-01  2.862324478994671e-04  3.265101881812349e-04 
 1.032499999999942e+00  4.627538776871989e-01  6.686230564500573e-03  2.197753475398034e-01 -1.337246122312799e-04 -3.611301362074298e-01 -2.882904571975027e-01  2.859351015046698e-04  3.263329161743642e-04 
 1.032999999999942e+00  4.624054390208765e-01  6.687972757871287e-03  2.195574131642652e-01 -1.337594560979122e-04 -3.618476560941963e-01 -2.886843465641651e-01  2.856384564882160e-04  3.261563743553132e-04 
 1.033499999999941e+00  4.620580449976470e-01  6.689709728026433e-03  2.193399881746290e-01 -1.337941955002351e-04 -3.625646678382353e-01 -2.890770904215066e-01  2.853425102324069e-04  3.259805579683419e-04 
 1.033999999999941e+00  4.617116902626807e-01  6.691441501740167e-03  2.191230706882022e-01 -1.338288309737317e-04 -3.632811733158650e-01 -2.894686944813276e-01  2.850472601317688e-04  3.258054622998533e-04 
 1.034499999999941e+00  4.613663695004725e-01  6.693168105590001e-03  2.189066588309670e-01 -1.338633630499526e-04 -3.639971743947753e-01 -2.898591644145425e-01  2.847527035930034e-04  3.256310826779249e-04 
 1.034999999999941e+00  4.610220774344734e-01  6.694889565958690e-03  2.186907507375471e-01 -1.338977922565525e-04 -3.647126729340615e-01 -2.902485058515519e-01  2.844588380349400e-04  3.254574144718496e-04 
 1.035499999999941e+00  4.606788088267169e-01  6.696605909036066e-03  2.184753445511737e-01 -1.339321191173281e-04 -3.654276707842569e-01 -2.906367243826231e-01  2.841656608884846e-04  3.252844530916738e-04 
 1.035999999999941e+00  4.603365584774607e-01  6.698317160820838e-03  2.182604384236534e-01 -1.339663441522537e-04 -3.661421697873655e-01 -2.910238255582510e-01  2.838731695965727e-04  3.251121939877554e-04 
 1.036499999999941e+00  4.599953212248209e-01  6.700023347122427e-03  2.180460305153316e-01 -1.340004678775177e-04 -3.668561717768967e-01 -2.914098148895320e-01  2.835813616141168e-04  3.249406326503120e-04 
 1.036999999999941e+00  4.596550919444207e-01  6.701724493562720e-03  2.178321189950606e-01 -1.340344908055577e-04 -3.675696785778985e-01 -2.917946978485183e-01  2.832902344079582e-04  3.247697646089895e-04 
 1.037499999999941e+00  4.593158655490362e-01  6.703420625577834e-03  2.176187020401645e-01 -1.340684134450962e-04 -3.682826920069907e-01 -2.921784798685790e-01  2.829997854568168e-04  3.245995854324251e-04 
 1.037999999999941e+00  4.589776369882495e-01  6.705111768419863e-03  2.174057778364049e-01 -1.341022363011748e-04 -3.689952138724000e-01 -2.925611663447521e-01  2.827100122512399e-04  3.244300907278226e-04 
 1.038499999999941e+00  4.586404012481046e-01  6.706797947158585e-03  2.171933445779462e-01 -1.341359598751893e-04 -3.697072459739930e-01 -2.929427626340931e-01  2.824209122935525e-04  3.242612761405320e-04 
 1.038999999999941e+00  4.583041533507654e-01  6.708479186683175e-03  2.169814004673205e-01 -1.341695846649233e-04 -3.704187901033128e-01 -2.933232740560239e-01  2.821324830978055e-04  3.240931373536298e-04 
 1.039499999999941e+00  4.579688883541846e-01  6.710155511703885e-03  2.167699437153940e-01 -1.342031111645813e-04 -3.711298480436091e-01 -2.937027058926683e-01  2.818447221897274e-04  3.239256700875154e-04 
 1.039999999999941e+00  4.576346013517644e-01  6.711826946753688e-03  2.165589725413301e-01 -1.342365398648234e-04 -3.718404215698788e-01 -2.940810633891977e-01  2.815576271066697e-04  3.237588700994995e-04 
 1.040499999999941e+00  4.573012874720332e-01  6.713493516189949e-03  2.163484851725562e-01 -1.342698712527965e-04 -3.725505124488950e-01 -2.944583517541593e-01  2.812711953975590e-04  3.235927331834085e-04 
 1.040999999999941e+00  4.569689418783190e-01  6.715155244196023e-03  2.161384798447273e-01 -1.343031058121679e-04 -3.732601224392454e-01 -2.948345761598090e-01  2.809854246228447e-04  3.234272551691882e-04 
 1.041499999999941e+00  4.566375597684276e-01  6.716812154782901e-03  2.159289548016915e-01 -1.343362440231571e-04 -3.739692532913653e-01 -2.952097417424382e-01  2.807003123544479e-04  3.232624319225161e-04 
 1.041999999999941e+00  4.563071363743240e-01  6.718464271790735e-03  2.157199082954535e-01 -1.343692863625674e-04 -3.746779067475744e-01 -2.955838536026992e-01  2.804158561757094e-04  3.230982593444145e-04 
 1.042499999999940e+00  4.559776669618195e-01  6.720111618890480e-03  2.155113385861400e-01 -1.344022333038179e-04 -3.753860845421104e-01 -2.959569168059224e-01  2.801320536813392e-04  3.229347333708718e-04 
 1.042999999999940e+00  4.556491468302613e-01  6.721754219585400e-03  2.153032439419646e-01 -1.344350853169737e-04 -3.760937884011643e-01 -2.963289363824332e-01  2.798489024773647e-04  3.227718499724699e-04 
 1.043499999999940e+00  4.553215713122243e-01  6.723392097212616e-03  2.150956226391912e-01 -1.344678428687774e-04 -3.768010200429163e-01 -2.966999173278668e-01  2.795664001810798e-04  3.226096051540120e-04 
 1.043999999999940e+00  4.549949357732072e-01  6.725025274944651e-03  2.148884729620988e-01 -1.345005064226791e-04 -3.775077811775701e-01 -2.970698646034760e-01  2.792845444209924e-04  3.224479949541578e-04 
 1.044499999999940e+00  4.546692356113310e-01  6.726653775790879e-03  2.146817932029453e-01 -1.345330764388667e-04 -3.782140735073906e-01 -2.974387831364403e-01  2.790033328367726e-04  3.222870154450632e-04 
 1.044999999999940e+00  4.543444662570449e-01  6.728277622599058e-03  2.144755816619332e-01 -1.345655533742953e-04 -3.789198987267351e-01 -2.978066778201651e-01  2.787227630792034e-04  3.221266627320251e-04 
 1.045499999999940e+00  4.540206231728297e-01  6.729896838056798e-03  2.142698366471722e-01 -1.345979376827168e-04 -3.796252585220933e-01 -2.981735535145842e-01  2.784428328101262e-04  3.219669329531303e-04 
 1.045999999999940e+00  4.536977018529079e-01  6.731511444692979e-03  2.140645564746445e-01 -1.346302298147090e-04 -3.803301545721189e-01 -2.985394150464558e-01  2.781635397023911e-04  3.218078222789065e-04 
 1.046499999999940e+00  4.533756978229558e-01  6.733121464879214e-03  2.138597394681682e-01 -1.346624302177042e-04 -3.810345885476683e-01 -2.989042672096556e-01  2.778848814398045e-04  3.216493269119814e-04 
 1.046999999999940e+00  4.530546066398197e-01  6.734726920831277e-03  2.136553839593619e-01 -1.346945393360178e-04 -3.817385621118333e-01 -2.992681147654677e-01  2.776068557170778e-04  3.214914430867441e-04 
 1.047499999999940e+00  4.527344238912351e-01  6.736327834610496e-03  2.134514882876091e-01 -1.347265576108763e-04 -3.824420769199788e-01 -2.996309624428702e-01  2.773294602397760e-04  3.213341670690117e-04 
 1.047999999999940e+00  4.524151451955487e-01  6.737924228125138e-03  2.132480508000223e-01 -1.347584854804449e-04 -3.831451346197762e-01 -2.999928149388205e-01  2.770526927242659e-04  3.211774951556991e-04 
 1.048499999999940e+00  4.520967662014400e-01  6.739516123131792e-03  2.130450698514060e-01 -1.347903233798558e-04 -3.838477368512416e-01 -3.003536769185379e-01  2.767765508976642e-04  3.210214236744919e-04 
 1.048999999999940e+00  4.517792825876539e-01  6.741103541236747e-03  2.128425438042225e-01 -1.348220717412344e-04 -3.845498852467689e-01 -3.007135530157783e-01  2.765010324977868e-04  3.208659489835270e-04 
 1.049499999999940e+00  4.514626900627288e-01  6.742686503897303e-03  2.126404710285550e-01 -1.348537309937269e-04 -3.852515814311664e-01 -3.010724478331119e-01  2.762261352730968e-04  3.207110674710747e-04 
 1.049999999999940e+00  4.511469843647319e-01  6.744265032423138e-03  2.124388499020732e-01 -1.348853015635266e-04 -3.859528270216914e-01 -3.014303659421932e-01  2.759518569826548e-04  3.205567755552240e-04 
