frequency_Hz,OUT_real,OUT_imag,E_real,E_imag,X_real,X_imag,VIN_current_real_A,VIN_current_imag_A
1,0.999938218348183,-6.28367836519163e-08,3.08857901660624e-07,-1.94111781166374e-14,0.00360474783830723,-2.26551675692471e-10,2.84738682777948e-25,4.53058291355013e-18
1.02329299228075,0.999938218348182,-6.43004403684678e-08,3.08857901660624e-07,-1.98633225386686e-14,0.00360474783830723,-2.31828742125568e-10,2.98158003471199e-25,4.63611374638277e-18
1.0471285480509,0.999938218348182,-6.57981900296196e-08,3.08857901660624e-07,-2.03259987572319e-14,0.00360474783830723,-2.37228727226356e-10,3.12209757264551e-25,4.74410270808996e-18
1.07151930523761,0.999938218348182,-6.73308267620671e-08,3.08857901660624e-07,-2.07994520893828e-14,0.00360474783830723,-2.42754494138412e-10,3.26923749811753e-25,4.8546070558486e-18
1.09647819614319,0.999938218348182,-6.88991631900927e-08,3.08857901660624e-07,-2.12839335663447e-14,0.00360474783830723,-2.48408972696496e-10,3.42331191463736e-25,4.96768538052658e-18
1.12201845430196,0.999938218348182,-7.05040308664299e-08,3.08857901660624e-07,-2.17797000666096e-14,0.00360474783830723,-2.54195160979986e-10,3.58464763469957e-25,5.0833976377484e-18
1.14815362149688,0.999938218348181,-7.21462807131637e-08,3.08857901660624e-07,-2.22870144521383e-14,0.00360474783830723,-2.60116126902498e-10,3.75358687299705e-25,5.20180517968448e-18
1.17489755493953,0.999938218348181,-7.38267834729006e-08,3.08857901660624e-07,-2.2806145707733e-14,0.00360474783830722,-2.66175009838537e-10,3.93048797230432e-25,5.32297078758085e-18
1.20226443461741,0.999938218348181,-7.55464301704477e-08,3.08857901660624e-07,-2.33373690836569e-14,0.00360474783830722,-2.72375022288036e-10,4.11572616357054e-25,5.44695870504665e-18
1.23026877081238,0.99993821834818,-7.73061325852464e-08,3.08857901660624e-07,-2.38809662415757e-14,0.00360474783830722,-2.78719451579661e-10,4.30969436183472e-25,5.57383467211688e-18
1.25892541179417,0.99993821834818,-7.91068237348095e-08,3.08857901660624e-07,-2.44372254038976e-14,0.00360474783830722,-2.85211661613802e-10,4.51280399965113e-25,5.7036659601087e-18
1.28824955169313,0.99993821834818,-8.09494583694194e-08,3.08857901660624e-07,-2.50064415065937e-14,0.00360474783830722,-2.91855094646154e-10,4.72548589979298e-25,5.83652140728951e-18
1.31825673855641,0.99993821834818,-8.28350134783495e-08,3.08857901660624e-07,-2.55889163555759e-14,0.00360474783830722,-2.98653273112845e-10,4.94819118908522e-25,5.97247145537596e-18
1.34896288259165,0.999938218348179,-8.47644888078768e-08,3.08857901660623e-07,-2.61849587867192e-14,0.00360474783830722,-3.05609801498085e-10,5.18139225530506e-25,6.11158818688306e-18
1.38038426460288,0.999938218348179,-8.67389073913608e-08,3.08857901660623e-07,-2.67948848296101e-14,0.00360474783830722,-3.12728368245302e-10,5.42558374917976e-25,6.25394536334327e-18
1.41253754462275,0.999938218348179,-8.87593160916688e-08,3.08857901660623e-07,-2.74190178751099e-14,0.00360474783830722,-3.20012747712813e-10,5.68128363360716e-25,6.39961846441588e-18
1.44543977074593,0.999938218348178,-9.08267861562369e-08,3.08857901660623e-07,-2.80576888468206e-14,0.00360474783830721,-3.2746680217503e-10,5.9490342823244e-25,6.54868472790729e-18
1.47910838816821,0.999938218348178,-9.29424137850598e-08,3.08857901660623e-07,-2.87112363765454e-14,0.00360474783830721,-3.35094483870296e-10,6.22940363035537e-25,6.70122319072352e-18
1.51356124843621,0.999938218348177,-9.51073207119099e-08,3.08857901660623e-07,-2.93800069838352e-14,0.00360474783830721,-3.4289983709641e-10,6.52298637867702e-25,6.85731473077665e-18
1.54881661891248,0.999938218348177,-9.73226547990955e-08,3.08857901660623e-07,-3.00643552597182e-14,0.00360474783830721,-3.50887000354968e-10,6.83040525565986e-25,7.01704210986733e-18
1.58489319246111,0.999938218348177,-9.95895906460733e-08,3.08857901660623e-07,-3.07646440547086e-14,0.00360474783830721,-3.59060208545653e-10,7.15231233795834e-25,7.18049001756619e-18
1.62181009735893,0.999938218348176,-1.01909330212236e-07,3.08857901660623e-07,-3.14812446711951e-14,0.00360474783830721,-3.67423795211633e-10,7.48939043365285e-25,7.34774511611739e-18
1.65958690743756,0.999938218348176,-1.04283103454206e-07,3.08857901660622e-07,-3.22145370603097e-14,0.0036047478383072,-3.75982194837263e-10,7.8423545305772e-25,7.51889608638806e-18
1.69824365246174,0.999938218348175,-1.06712168977978e-07,3.08857901660622e-07,-3.29649100233836e-14,0.0036047478383072,-3.84739945199308e-10,8.21195331290369e-25,7.69403367488809e-18
1.73780082874937,0.999938218348175,-1.09197814706245e-07,3.08857901660622e-07,-3.3732761418094e-14,0.0036047478383072,-3.93701689772933e-10,8.59897074920261e-25,7.87325074188511e-18
1.77827941003892,0.999938218348174,-1.11741358561272e-07,3.08857901660622e-07,-3.45184983694142e-14,0.0036047478383072,-4.02872180193734e-10,9.00422775534468e-25,8.05664231064028e-18
1.81970085860998,0.999938218348174,-1.14344149163681e-07,3.08857901660622e-07,-3.53225374854761e-14,0.0036047478383072,-4.12256278777117e-10,9.42858393577368e-25,8.24430561779081e-18
1.86208713666287,0.999938218348173,-1.170075665475e-07,3.08857901660622e-07,-3.61453050784619e-14,0.00360474783830719,-4.21858961096364e-10,9.87293940684272e-25,8.43634016490619e-18
1.90546071796325,0.999938218348172,-1.1973302289188e-07,3.08857901660621e-07,-3.698723739064e-14,0.00360474783830719,-4.31685318620748e-10,1.03382367060817e-24,8.63284777124516e-18
1.94984459975804,0.999938218348171,-1.22521963269852e-07,3.08857901660621e-07,-3.78487808256666e-14,0.00360474783830719,-4.41740561415096e-10,1.08254627914459e-24,8.83393262774169e-18
1.99526231496888,0.999938218348171,-1.2537586641452e-07,3.08857901660621e-07,-3.87303921852748e-14,0.00360474783830719,-4.52030020902233e-10,1.13356511347857e-24,9.03970135224837e-18
2.04173794466953,0.99993821834817,-1.28296245503106e-07,3.08857901660621e-07,-3.96325389114769e-14,0.00360474783830718,-4.62559152689778e-10,1.18698839139797e-24,9.25026304606661e-18
2.08929613085404,0.999938218348169,-1.31284648959259e-07,3.0885790166062e-07,-4.05556993344086e-14,0.00360474783830718,-4.73333539462773e-10,1.24292943083783e-24,9.46572935179358e-18
2.13796208950223,0.999938218348168,-1.34342661274049e-07,3.0885790166062e-07,-4.15003629259455e-14,0.00360474783830718,-4.84358893943701e-10,1.30150689024294e-24,9.6862145125166e-18
2.18776162394955,0.999938218348168,-1.37471903846081e-07,3.0885790166062e-07,-4.24670305592281e-14,0.00360474783830718,-4.95641061921446e-10,1.36284502025833e-24,9.91183543238637e-18
2.23872113856834,0.999938218348167,-1.40674035841188e-07,3.0885790166062e-07,-4.34562147742307e-14,0.00360474783830717,-5.07186025350806e-10,1.42707392728151e-24,1.0142711738601e-17
2.29086765276777,0.999938218348166,-1.43950755072139e-07,3.08857901660619e-07,-4.44684400495176e-14,0.00360474783830717,-5.18999905524208e-10,1.49432984943558e-24,1.03789658448342e-17
2.34422881531992,0.999938218348165,-1.47303798898843e-07,3.08857901660619e-07,-4.55042430803281e-14,0.00360474783830717,-5.31088966317295e-10,1.56475544554859e-24,1.06207230161401e-17
2.39883291901949,0.999938218348164,-1.5073494514952e-07,3.08857901660619e-07,-4.65641730631397e-14,0.00360474783830716,-5.43459617510117e-10,1.63850009775204e-24,1.08681114353711e-17
2.45470891568503,0.999938218348163,-1.54246013063327e-07,3.08857901660618e-07,-4.7648791986859e-14,0.00360474783830716,-5.56118418185681e-10,1.71572022834035e-24,1.11212622711415e-17
2.51188643150958,0.999938218348162,-1.57838864254948e-07,3.08857901660618e-07,-4.87586749307962e-14,0.00360474783830715,-5.69072080207665e-10,1.79657963156358e-24,1.13803097473755e-17
2.57039578276886,0.99993821834816,-1.61515403701641e-07,3.08857901660618e-07,-4.98944103695789e-14,0.00360474783830715,-5.82327471779134e-10,1.88124982105699e-24,1.16453912144737e-17
2.63026799189538,0.999938218348159,-1.65277580753286e-07,3.08857901660617e-07,-5.10566004851703e-14,0.00360474783830714,-5.95891621084156e-10,1.96991039364442e-24,1.19166472221387e-17
2.69153480392691,0.999938218348158,-1.69127390165954e-07,3.08857901660617e-07,-5.22458614861528e-14,0.00360474783830714,-6.09771720014234e-10,2.06274941028725e-24,1.21942215938965e-17
2.75422870333816,0.999938218348157,-1.73066873159554e-07,3.08857901660616e-07,-5.34628239344511e-14,0.00360474783830713,-6.23975127981547e-10,2.15996379498694e-24,1.24782615033529e-17
2.81838293126445,0.999938218348155,-1.77098118500113e-07,3.08857901660616e-07,-5.47081330796635e-14,0.00360474783830713,-6.38509375821003e-10,2.26175975248718e-24,1.27689175522277e-17
2.8840315031266,0.999938218348154,-1.81223263607272e-07,3.08857901660616e-07,-5.59824492011824e-14,0.00360474783830712,-6.5338216978319e-10,2.36835320566186e-24,1.30663438502053e-17
2.95120922666638,0.999938218348152,-1.85444495687569e-07,3.08857901660615e-07,-5.72864479582832e-14,0.00360474783830712,-6.68601395620331e-10,2.47997025351639e-24,1.33706980966458e-17
3.01995172040201,0.99993821834815,-1.89764052894128e-07,3.08857901660615e-07,-5.86208207483672e-14,0.00360474783830711,-6.84175122767416e-10,2.59684765077404e-24,1.36821416641992e-17
3.09029543251359,0.999938218348149,-1.94184225513355e-07,3.08857901660614e-07,-5.99862750735503e-14,0.00360474783830711,-7.0011160862072e-10,2.7192333100644e-24,1.40008396843676e-17
3.16227766016837,0.999938218348147,-1.98707357179281e-07,3.08857901660614e-07,-6.13835349157896e-14,0.0036047478383071,-7.16419302915987e-10,2.84738682777937e-24,1.43269611350596e-17
3.23593656929628,0.999938218348145,-2.03335846116187e-07,3.08857901660613e-07,-6.28133411207484e-14,0.00360474783830709,-7.33106852208591e-10,2.98158003471187e-24,1.46606789301852e-17
3.3113112148259,0.999938218348143,-2.08072146410171e-07,3.08857901660612e-07,-6.42764517906022e-14,0.00360474783830709,-7.50183104458052e-10,3.12209757264538e-24,1.50021700113366e-17
3.38844156139202,0.999938218348141,-2.12918769310343e-07,3.08857901660612e-07,-6.57736426859948e-14,0.00360474783830708,-7.67657113719344e-10,3.26923749811739e-24,1.53516154416052e-17
3.46736850452531,0.999938218348139,-2.17878284560316e-07,3.08857901660611e-07,-6.73057076373566e-14,0.00360474783830707,-7.85538144943473e-10,3.42331191463721e-24,1.57092005015836e-17
3.54813389233575,0.999938218348137,-2.22953321760723e-07,3.0885790166061e-07,-6.88734589658041e-14,0.00360474783830706,-8.03835678889878e-10,3.5846476346994e-24,1.60751147876037e-17
3.63078054770101,0.999938218348134,-2.28146571763463e-07,3.0885790166061e-07,-7.04777279138433e-14,0.00360474783830706,-8.22559417153252e-10,3.75358687299686e-24,1.64495523122636e-17
3.71535229097172,0.999938218348132,-2.3346078809843e-07,3.08857901660609e-07,-7.21193650861053e-14,0.00360474783830705,-8.41719287307463e-10,3.93048797230411e-24,1.6832711607295e-17
3.8018939632056,0.99993821834813,-2.38898788433465e-07,3.08857901660608e-07,-7.37992409003487e-14,0.00360474783830704,-8.61325448169275e-10,4.11572616357032e-24,1.72247958288278e-17
3.8904514499428,0.999938218348127,-2.44463456068326e-07,3.08857901660607e-07,-7.55182460489658e-14,0.00360474783830703,-8.81388295184697e-10,4.30969436183447e-24,1.76260128651062e-17
3.98107170553497,0.999938218348124,-2.50157741463452e-07,3.08857901660606e-07,-7.72772919712402e-14,0.00360474783830702,-9.01918465940778e-10,4.51280399965086e-24,1.80365754467135e-17
4.07380277804112,0.999938218348121,-2.5598466380433e-07,3.08857901660605e-07,-7.90773113366037e-14,0.00360474783830701,-9.22926845805804e-10,4.72548589979269e-24,1.8456701259365e-17
4.16869383470335,0.999938218348118,-2.61947312602315e-07,3.08857901660605e-07,-8.09192585391497e-14,0.003604747838307,-9.44424573700856e-10,4.9481911890849e-24,1.88866130593275e-17
4.26579518801592,0.999938218348115,-2.68048849332724e-07,3.08857901660604e-07,-8.28041102036662e-14,0.00360474783830698,-9.66423048005821e-10,5.18139225530471e-24,1.9326538791528e-17
4.36515832240165,0.999938218348111,-2.74292509111095e-07,3.08857901660603e-07,-8.47328657034546e-14,0.00360474783830697,-9.88933932602961e-10,5.42558374917938e-24,1.97767117104127e-17
4.46683592150962,0.999938218348108,-2.80681602408487e-07,3.08857901660601e-07,-8.67065476902111e-14,0.00360474783830696,-1.01196916306125e-09,5.68128363360673e-24,2.02373705036219e-17
4.57088189614874,0.999938218348104,-2.87219516806737e-07,3.088579016606e-07,-8.87262026362497e-14,0.00360474783830694,-1.0355409529648e-09,5.94903428232394e-24,2.07087594185455e-17
4.67735141287197,0.9999382183481,-2.93909718794597e-07,3.08857901660599e-07,-9.07929013893561e-14,0.00360474783830693,-1.05966180038861e-09,6.22940363035487e-24,2.11911283918256e-17
4.78630092322637,0.999938218348096,-3.00755755605717e-07,3.08857901660598e-07,-9.29077397405653e-14,0.00360474783830692,-1.08434449452526e-09,6.52298637867647e-24,2.16847331818768e-17
4.89778819368445,0.999938218348092,-3.07761257099432e-07,3.08857901660596e-07,-9.50718390051642e-14,0.0036047478383069,-1.10960212246591e-09,6.83040525565926e-24,2.21898355044923e-17
5.01187233627271,0.999938218348087,-3.14929937685363e-07,3.08857901660595e-07,-9.72863466172281e-14,0.00360474783830689,-1.13544807613922e-09,7.15231233795768e-24,2.27067031716096e-17
5.12861383991364,0.999938218348083,-3.22265598292845e-07,3.08857901660594e-07,-9.95524367380055e-14,0.00360474783830687,-1.16189605941192e-09,7.48939043365212e-24,2.32356102333071e-17
5.24807460249771,0.999938218348078,-3.29772128386231e-07,3.08857901660592e-07,-1.01871310878474e-13,0.00360474783830685,-1.18896009535483e-09,7.8423545305764e-24,2.37768371231101e-17
5.37031796370252,0.999938218348073,-3.37453508027138e-07,3.08857901660591e-07,-1.04244198536396e-13,0.00360474783830683,-1.21665453367805e-09,8.21195331290282e-24,2.43306708066793e-17
5.49540873857623,0.999938218348067,-3.45313809984725e-07,3.08857901660589e-07,-1.06672357848217e-13,0.00360474783830681,-1.24499405833935e-09,8.59897074920166e-24,2.48974049339647e-17
5.62341325190348,0.999938218348062,-3.53357201895135e-07,3.08857901660587e-07,-1.09157076256144e-13,0.00360474783830679,-1.27399369532983e-09,9.00422775534364e-24,2.54773399949022e-17
5.75439937337156,0.999938218348056,-3.61587948471226e-07,3.08857901660585e-07,-1.11699671190768e-13,0.00360474783830677,-1.30366882064087e-09,9.42858393577254e-24,2.60707834787374e-17
5.88843655355588,0.99993821834805,-3.70010413763777e-07,3.08857901660584e-07,-1.14301490769577e-13,0.00360474783830675,-1.33403516841671e-09,9.87293940684147e-24,2.66780500370607e-17
6.02559586074356,0.999938218348043,-3.78629063475373e-07,3.08857901660581e-07,-1.1696391451175e-13,0.00360474783830673,-1.36510883929688e-09,1.03382367060804e-23,2.72994616506394e-17
6.16595001861481,0.999938218348036,-3.87448467328171e-07,3.08857901660579e-07,-1.19688354069598e-13,0.0036047478383067,-1.39690630895301e-09,1.08254627914444e-23,2.79353478001363e-17
6.30957344480192,0.999938218348029,-3.96473301486834e-07,3.08857901660577e-07,-1.22476253977037e-13,0.00360474783830668,-1.42944443682437e-09,1.13356511347841e-23,2.85860456408048e-17
6.45654229034654,0.999938218348022,-4.05708351037889e-07,3.08857901660575e-07,-1.25329092415499e-13,0.00360474783830665,-1.46274047505708e-09,1.18698839139779e-23,2.92519001812532e-17
6.60693448007594,0.999938218348014,-4.15158512526848e-07,3.08857901660573e-07,-1.28248381997686e-13,0.00360474783830662,-1.49681207765132e-09,1.24292943083763e-23,2.99332644663723e-17
6.7608297539198,0.999938218348006,-4.24828796554422e-07,3.0885790166057e-07,-1.31235670569576e-13,0.00360474783830659,-1.53167730982178e-09,1.30150689024273e-23,3.0630499764525e-17
6.91830970918935,0.999938218347997,-4.34724330433203e-07,3.08857901660567e-07,-1.34292542031112e-13,0.00360474783830656,-1.56735465757605e-09,1.3628450202581e-23,3.13439757590954e-17
7.07945784384136,0.999938218347989,-4.44850360906235e-07,3.08857901660565e-07,-1.37420617176004e-13,0.00360474783830653,-1.60386303751616e-09,1.42707392728125e-23,3.20740707444999e-17
7.24435960074988,0.999938218347979,-4.55212256928911e-07,3.08857901660562e-07,-1.406215545511e-13,0.0036047478383065,-1.64122180686839e-09,1.4943298494353e-23,3.28211718267636e-17
7.41310241300916,0.999938218347969,-4.65815512515656e-07,3.08857901660559e-07,-1.43897051335765e-13,0.00360474783830646,-1.67945077374677e-09,1.56475544554829e-23,3.35856751287694e-17
7.58577575029182,0.999938218347959,-4.76665749652934e-07,3.08857901660556e-07,-1.47248844241751e-13,0.00360474783830642,-1.71857020765554e-09,1.6385000977517e-23,3.43679860002874e-17
7.7624711662869,0.999938218347948,-4.87768721280094e-07,3.08857901660552e-07,-1.50678710434022e-13,0.00360474783830638,-1.75860085023638e-09,1.71572022833997e-23,3.51685192328967e-17
7.94328234724279,0.999938218347937,-4.99130314339659e-07,3.08857901660549e-07,-1.54188468473034e-13,0.00360474783830634,-1.79956392626584e-09,1.79657963156317e-23,3.59876992799138e-17
8.12830516164097,0.999938218347926,-5.10756552898657e-07,3.08857901660545e-07,-1.57779979278956e-13,0.0036047478383063,-1.84148115490905e-09,1.88124982105654e-23,3.68259604814425e-17
8.31763771102669,0.999938218347913,-5.22653601342664e-07,3.08857901660541e-07,-1.61455147118356e-13,0.00360474783830626,-1.88437476123548e-09,1.96991039364393e-23,3.76837472946676e-17
8.51138038202374,0.999938218347901,-5.3482776764424e-07,3.08857901660537e-07,-1.6521592061387e-13,0.00360474783830621,-1.92826748800296e-09,2.06274941028672e-23,3.85615145295117e-17
8.70963589956078,0.999938218347887,-5.47285506707503e-07,3.08857901660533e-07,-1.69064293777384e-13,0.00360474783830616,-1.97318260771622e-09,2.15996379498635e-23,3.94597275897813e-17
8.91250938133743,0.999938218347873,-5.60033423790601e-07,3.08857901660529e-07,-1.73002307067289e-13,0.00360474783830611,-2.01914393496624e-09,2.26175975248654e-23,4.03788627199301e-17
9.12010839355907,0.999938218347858,-5.73078278007911e-07,3.08857901660524e-07,-1.77032048470358e-13,0.00360474783830606,-2.06617583905711e-09,2.36835320566115e-23,4.13194072575705e-17
9.33254300796988,0.999938218347842,-5.86426985913808e-07,3.0885790166052e-07,-1.81155654608821e-13,0.003604747838306,-2.11430325692691e-09,2.47997025351562e-23,4.22818598918657e-17
9.54992586021433,0.999938218347826,-6.00086625169915e-07,3.08857901660514e-07,-1.85375311873236e-13,0.00360474783830594,-2.16355170636965e-09,2.59684765077319e-23,4.32667309279422e-17
9.77237220955808,0.999938218347809,-6.14064438297771e-07,3.08857901660509e-07,-1.89693257581739e-13,0.00360474783830588,-2.2139472995651e-09,2.71923331006347e-23,4.42745425574594e-17
9.99999999999997,0.999938218347792,-6.28367836518916e-07,3.08857901660504e-07,-1.94111781166298e-13,0.00360474783830582,-2.26551675692382e-09,2.84738682777835e-23,4.53058291354835e-17
10.2329299228075,0.999938218347773,-6.43004403684413e-07,3.08857901660498e-07,-1.98633225386604e-13,0.00360474783830575,-2.31828742125472e-09,2.98158003471075e-23,4.63611374638086e-17
10.471285480509,0.999938218347754,-6.57981900295912e-07,3.08857901660492e-07,-2.03259987572232e-13,0.00360474783830568,-2.37228727226253e-09,3.12209757264415e-23,4.74410270808791e-17
10.715193052376,0.999938218347733,-6.73308267620367e-07,3.08857901660486e-07,-2.07994520893734e-13,0.00360474783830561,-2.42754494138303e-09,3.26923749811604e-23,4.85460705584641e-17
10.9647819614318,0.999938218347712,-6.88991631900602e-07,3.08857901660479e-07,-2.12839335663346e-13,0.00360474783830553,-2.48408972696379e-09,3.42331191463574e-23,4.96768538052423e-17
11.2201845430196,0.999938218347689,-7.05040308663951e-07,3.08857901660472e-07,-2.17797000665988e-13,0.00360474783830545,-2.5419516097986e-09,3.58464763469778e-23,5.08339763774588e-17
11.4815362149688,0.999938218347666,-7.21462807131263e-07,3.08857901660465e-07,-2.22870144521267e-13,0.00360474783830537,-2.60116126902363e-09,3.75358687299509e-23,5.20180517968178e-17
11.7489755493953,0.999938218347642,-7.38267834728605e-07,3.08857901660457e-07,-2.28061457077206e-13,0.00360474783830528,-2.66175009838393e-09,3.93048797230217e-23,5.32297078757796e-17
12.0226443461741,0.999938218347616,-7.55464301704048e-07,3.08857901660449e-07,-2.33373690836437e-13,0.00360474783830518,-2.72375022287881e-09,4.11572616356819e-23,5.44695870504355e-17
12.3026877081238,0.999938218347589,-7.73061325852005e-07,3.08857901660441e-07,-2.38809662415615e-13,0.00360474783830509,-2.78719451579496e-09,4.30969436183214e-23,5.57383467211357e-17
12.5892541179416,0.999938218347561,-7.91068237347603e-07,3.08857901660432e-07,-2.44372254038824e-13,0.00360474783830499,-2.85211661613625e-09,4.51280399964831e-23,5.70366596010515e-17
12.8824955169313,0.999938218347531,-8.09494583693667e-07,3.08857901660423e-07,-2.50064415065774e-13,0.00360474783830488,-2.91855094645963e-09,4.72548589978989e-23,5.83652140728571e-17
13.182567385564,0.9999382183475,-8.2835013478293e-07,3.08857901660414e-07,-2.55889163555584e-13,0.00360474783830477,-2.98653273112641e-09,4.94819118908183e-23,5.97247145537189e-17
13.4896288259165,0.999938218347468,-8.47644888078163e-07,3.08857901660404e-07,-2.61849587867005e-13,0.00360474783830465,-3.05609801497866e-09,5.18139225530134e-23,6.11158818687869e-17
13.8038426460288,0.999938218347434,-8.67389073912958e-07,3.08857901660393e-07,-2.679488482959e-13,0.00360474783830453,-3.12728368245068e-09,5.42558374917569e-23,6.25394536333859e-17
14.1253754462275,0.999938218347399,-8.87593160915992e-07,3.08857901660382e-07,-2.74190178750884e-13,0.0036047478383044,-3.20012747712562e-09,5.68128363360269e-23,6.39961846441087e-17
14.4543977074592,0.999938218347362,-9.08267861561625e-07,3.08857901660371e-07,-2.80576888467976e-13,0.00360474783830427,-3.27466802174761e-09,5.9490342823195e-23,6.54868472790192e-17
14.791083881682,0.999938218347323,-9.29424137849801e-07,3.08857901660359e-07,-2.87112363765208e-13,0.00360474783830413,-3.35094483870008e-09,6.22940363035e-23,6.70122319071777e-17
15.135612484362,0.999938218347282,-9.51073207118244e-07,3.08857901660346e-07,-2.93800069838088e-13,0.00360474783830398,-3.42899837096102e-09,6.52298637867114e-23,6.85731473077049e-17
15.4881661891248,0.999938218347239,-9.7322654799004e-07,3.08857901660333e-07,-3.00643552596899e-13,0.00360474783830383,-3.50887000354638e-09,6.83040525565341e-23,7.01704210986073e-17
15.8489319246111,0.999938218347195,-9.95895906459752e-07,3.08857901660319e-07,-3.07646440546783e-13,0.00360474783830367,-3.590602085453e-09,7.15231233795127e-23,7.18049001755912e-17
16.2181009735892,0.999938218347148,-1.01909330212131e-06,3.08857901660305e-07,-3.14812446711626e-13,0.0036047478383035,-3.67423795211254e-09,7.48939043364509e-23,7.34774511610981e-17
16.5958690743755,0.999938218347099,-1.04283103454094e-06,3.0885790166029e-07,-3.22145370602749e-13,0.00360474783830332,-3.75982194836857e-09,7.8423545305687e-23,7.51889608637994e-17
16.9824365246174,0.999938218347048,-1.06712168977857e-06,3.08857901660274e-07,-3.29649100233463e-13,0.00360474783830314,-3.84739945198873e-09,8.21195331289438e-23,7.69403367487938e-17
17.3780082874937,0.999938218346994,-1.09197814706115e-06,3.08857901660257e-07,-3.3732761418054e-13,0.00360474783830294,-3.93701689772467e-09,8.5989707491924e-23,7.87325074187579e-17
17.7827941003892,0.999938218346938,-1.11741358561134e-06,3.0885790166024e-07,-3.45184983693714e-13,0.00360474783830274,-4.02872180193234e-09,9.00422775533349e-23,8.05664231063029e-17
18.1970085860998,0.999938218346879,-1.14344149163532e-06,3.08857901660222e-07,-3.53225374854303e-13,0.00360474783830253,-4.12256278776582e-09,9.42858393576141e-23,8.24430561778011e-17
18.6208713666286,0.999938218346817,-1.17007566547341e-06,3.08857901660203e-07,-3.61453050784128e-13,0.00360474783830231,-4.21858961095791e-09,9.87293940682927e-23,8.43634016489472e-17
19.0546071796324,0.999938218346753,-1.1973302289171e-06,3.08857901660183e-07,-3.69872373905874e-13,0.00360474783830207,-4.31685318620134e-09,1.0338236706067e-22,8.63284777123288e-17
19.4984459975804,0.999938218346685,-1.2252196326967e-06,3.08857901660162e-07,-3.78487808256102e-13,0.00360474783830183,-4.41740561414438e-09,1.08254627914297e-22,8.83393262772853e-17
19.9526231496887,0.999938218346614,-1.25375866414324e-06,3.0885790166014e-07,-3.87303921852144e-13,0.00360474783830158,-4.52030020901529e-09,1.1335651134768e-22,9.03970135223427e-17
20.4173794466952,0.99993821834654,-1.28296245502896e-06,3.08857901660117e-07,-3.96325389114122e-13,0.00360474783830131,-4.62559152689023e-09,1.18698839139603e-22,9.2502630460515e-17
20.8929613085403,0.999938218346463,-1.31284648959035e-06,3.08857901660093e-07,-4.05556993343393e-13,0.00360474783830103,-4.73333539461963e-09,1.2429294308357e-22,9.46572935177739e-17
21.3796208950222,0.999938218346382,-1.34342661273808e-06,3.08857901660068e-07,-4.15003629258713e-13,0.00360474783830073,-4.84358893942834e-09,1.30150689024061e-22,9.68621451249926e-17
21.8776162394954,0.999938218346297,-1.37471903845823e-06,3.08857901660042e-07,-4.24670305591485e-13,0.00360474783830043,-4.95641061920517e-09,1.36284502025578e-22,9.9118354323678e-17
22.3872113856833,0.999938218346207,-1.40674035840912e-06,3.08857901660014e-07,-4.34562147741454e-13,0.00360474783830011,-5.07186025349811e-09,1.4270739272787e-22,1.01427117385811e-16
22.9086765276776,0.999938218346114,-1.43950755071844e-06,3.08857901659986e-07,-4.44684400494262e-13,0.00360474783829977,-5.18999905523142e-09,1.4943298494325e-22,1.03789658448129e-16
23.4422881531991,0.999938218346016,-1.47303798898526e-06,3.08857901659955e-07,-4.55042430802302e-13,0.00360474783829942,-5.31088966316152e-09,1.56475544554522e-22,1.06207230161173e-16
23.9883291901948,0.999938218345914,-1.5073494514918e-06,3.08857901659924e-07,-4.65641730630348e-13,0.00360474783829905,-5.43459617508893e-09,1.63850009774834e-22,1.08681114353466e-16
24.5470891568502,0.999938218345807,-1.54246013062963e-06,3.08857901659891e-07,-4.76487919867467e-13,0.00360474783829866,-5.5611841818437e-09,1.71572022833629e-22,1.11212622711153e-16
25.1188643150957,0.999938218345695,-1.57838864254558e-06,3.08857901659856e-07,-4.87586749306758e-13,0.00360474783829826,-5.6907208020626e-09,1.79657963155914e-22,1.13803097473473e-16
25.7039578276885,0.999938218345578,-1.61515403701224e-06,3.0885790165982e-07,-4.98944103694499e-13,0.00360474783829784,-5.82327471777628e-09,1.88124982105212e-22,1.16453912144435e-16
26.3026799189537,0.999938218345455,-1.65277580752839e-06,3.08857901659782e-07,-5.1056600485032e-13,0.00360474783829739,-5.95891621082542e-09,1.96991039363908e-22,1.19166472221065e-16
26.915348039269,0.999938218345326,-1.69127390165475e-06,3.08857901659742e-07,-5.22458614860047e-13,0.00360474783829693,-6.09771720012506e-09,2.0627494102814e-22,1.21942215938619e-16
27.5422870333815,0.999938218345191,-1.7306687315904e-06,3.088579016597e-07,-5.34628239342923e-13,0.00360474783829644,-6.23975127979695e-09,2.15996379498052e-22,1.24782615033158e-16
28.1838293126444,0.99993821834505,-1.77098118499563e-06,3.08857901659657e-07,-5.47081330794934e-13,0.00360474783829593,-6.38509375819018e-09,2.26175975248014e-22,1.2768917552188e-16
28.8403150312659,0.999938218344902,-1.81223263606682e-06,3.08857901659611e-07,-5.59824492010002e-13,0.0036047478382954,-6.53382169781063e-09,2.36835320565414e-22,1.30663438501628e-16
29.5120922666637,0.999938218344747,-1.85444495686937e-06,3.08857901659563e-07,-5.7286447958088e-13,0.00360474783829484,-6.68601395618052e-09,2.47997025350793e-22,1.33706980966002e-16
30.19951720402,0.999938218344585,-1.89764052893451e-06,3.08857901659513e-07,-5.8620820748158e-13,0.00360474783829426,-6.84175122764974e-09,2.59684765076476e-22,1.36821416641504e-16
30.9029543251358,0.999938218344416,-1.94184225512629e-06,3.08857901659461e-07,-5.99862750733262e-13,0.00360474783829365,-7.00111608618104e-09,2.71923331005423e-22,1.40008396843153e-16
31.6227766016837,0.999938218344238,-1.98707357178504e-06,3.08857901659406e-07,-6.13835349155494e-13,0.00360474783829301,-7.16419302913184e-09,2.84738682776822e-22,1.43269611350036e-16
32.3593656929627,0.999938218344052,-2.03335846115354e-06,3.08857901659348e-07,-6.2813341120491e-13,0.00360474783829234,-7.33106852205588e-09,2.98158003469964e-22,1.46606789301251e-16
33.113112148259,0.999938218343857,-2.08072146409279e-06,3.08857901659288e-07,-6.42764517903265e-13,0.00360474783829163,-7.50183104454835e-09,3.12209757263198e-22,1.50021700112722e-16
33.8844156139201,0.999938218343653,-2.12918769309387e-06,3.08857901659225e-07,-6.57736426856994e-13,0.0036047478382909,-7.67657113715896e-09,3.2692374981027e-22,1.53516154415362e-16
34.673685045253,0.999938218343439,-2.17878284559291e-06,3.08857901659159e-07,-6.73057076370401e-13,0.00360474783829013,-7.85538144939779e-09,3.4233119146211e-22,1.57092005015097e-16
35.4813389233574,0.999938218343215,-2.22953321759625e-06,3.0885790165909e-07,-6.8873458965465e-13,0.00360474783828932,-8.03835678885919e-09,3.58464763468173e-22,1.60751147875246e-16
36.30780547701,0.999938218342981,-2.28146571762287e-06,3.08857901659018e-07,-7.04777279134798e-13,0.00360474783828847,-8.22559417149011e-09,3.7535868729775e-22,1.64495523121787e-16
37.1535229097171,0.999938218342736,-2.33460788097169e-06,3.08857901658942e-07,-7.2119365085716e-13,0.00360474783828759,-8.41719287302918e-09,3.93048797228288e-22,1.68327116072041e-16
38.0189396320559,0.999938218342479,-2.38898788432114e-06,3.08857901658862e-07,-7.37992408999314e-13,0.00360474783828666,-8.61325448164405e-09,4.11572616354704e-22,1.72247958287304e-16
38.9045144994279,0.99993821834221,-2.44463456066879e-06,3.08857901658779e-07,-7.55182460485187e-13,0.00360474783828569,-8.81388295179479e-09,4.30969436180895e-22,1.76260128650018e-16
39.8107170553495,0.999938218341928,-2.50157741461901e-06,3.08857901658693e-07,-7.72772919707612e-13,0.00360474783828468,-9.01918465935188e-09,4.51280399962288e-22,1.80365754466017e-16
40.7380277804111,0.999938218341633,-2.55984663802668e-06,3.08857901658601e-07,-7.90773113360904e-13,0.00360474783828362,-9.22926845799813e-09,4.72548589976201e-22,1.84567012592452e-16
41.6869383470333,0.999938218341324,-2.61947312600534e-06,3.08857901658506e-07,-8.09192585385998e-13,0.0036047478382825,-9.44424573694437e-09,4.94819118905126e-22,1.88866130591992e-16
42.6579518801591,0.999938218341001,-2.68048849330816e-06,3.08857901658406e-07,-8.28041102030769e-13,0.00360474783828134,-9.66423047998944e-09,5.18139225526782e-22,1.93265387913904e-16
43.6515832240164,0.999938218340662,-2.74292509109051e-06,3.08857901658301e-07,-8.47328657028232e-13,0.00360474783828012,-9.88933932595591e-09,5.42558374913893e-22,1.97767117102653e-16
44.6683592150961,0.999938218340308,-2.80681602406297e-06,3.08857901658192e-07,-8.67065476895345e-13,0.00360474783827884,-1.01196916305336e-08,5.68128363356239e-22,2.0237370503464e-16
45.7088189614873,0.999938218339936,-2.8721951680439e-06,3.08857901658077e-07,-8.87262026355247e-13,0.0036047478382775,-1.03554095295633e-08,5.94903428227531e-22,2.07087594183763e-16
46.7735141287196,0.999938218339548,-2.93909718792082e-06,3.08857901657957e-07,-9.07929013885793e-13,0.0036047478382761,-1.05966180037954e-08,6.22940363030155e-22,2.11911283916442e-16
47.8630092322636,0.99993821833914,-3.00755755603023e-06,3.08857901657831e-07,-9.29077397397329e-13,0.00360474783827463,-1.08434449451555e-08,6.52298637861801e-22,2.16847331816825e-16
48.9778819368444,0.999938218338714,-3.07761257096545e-06,3.088579016577e-07,-9.50718390042723e-13,0.00360474783827309,-1.10960212245551e-08,6.83040525559516e-22,2.21898355042841e-16
50.118723362727,0.999938218338268,-3.14929937682269e-06,3.08857901657562e-07,-9.72863466162725e-13,0.00360474783827148,-1.13544807612806e-08,7.1523123378874e-22,2.27067031713865e-16
51.2861383991362,0.9999382183378,-3.2226559828953e-06,3.08857901657417e-07,-9.95524367369816e-13,0.0036047478382698,-1.16189605939997e-08,7.48939043357507e-22,2.32356102330681e-16
52.480746024977,0.999938218337311,-3.29772128382679e-06,3.08857901657266e-07,-1.01871310877376e-12,0.00360474783826803,-1.18896009534203e-08,7.84235453049192e-22,2.37768371228539e-16
53.703179637025,0.999938218336798,-3.37453508023332e-06,3.08857901657108e-07,-1.0424419853522e-12,0.00360474783826618,-1.21665453366433e-08,8.21195331281019e-22,2.43306708064049e-16
54.9540873857622,0.999938218336262,-3.45313809980648e-06,3.08857901656942e-07,-1.06672357846957e-12,0.00360474783826425,-1.24499405832465e-08,8.59897074910009e-22,2.48974049336707e-16
56.2341325190346,0.9999382183357,-3.53357201890766e-06,3.08857901656768e-07,-1.09157076254795e-12,0.00360474783826222,-1.27399369531407e-08,9.00422775523227e-22,2.54773399945871e-16
57.5439937337154,0.999938218335111,-3.61587948466544e-06,3.08857901656587e-07,-1.11699671189322e-12,0.0036047478382601,-1.30366882062399e-08,9.42858393565043e-22,2.60707834783998e-16
58.8843655355586,0.999938218334495,-3.7001041375876e-06,3.08857901656396e-07,-1.14301490768027e-12,0.00360474783825788,-1.33403516839862e-08,9.87293940670759e-22,2.6678050036699e-16
60.2559586074355,0.99993821833385,-3.78629063469998e-06,3.08857901656197e-07,-1.1696391451009e-12,0.00360474783825555,-1.3651088392775e-08,1.03382367059335e-21,2.72994616502518e-16
61.6595001861479,0.999938218333174,-3.87448467322412e-06,3.08857901655988e-07,-1.19688354067819e-12,0.00360474783825312,-1.39690630893224e-08,1.08254627912834e-21,2.79353477997209e-16
63.095734448019,0.999938218332466,-3.96473301480662e-06,3.0885790165577e-07,-1.2247625397513e-12,0.00360474783825057,-1.42944443680212e-08,1.13356511346076e-21,2.85860456403598e-16
64.5654229034652,0.999938218331725,-4.05708351031276e-06,3.08857901655541e-07,-1.25329092413456e-12,0.00360474783824789,-1.46274047503324e-08,1.18698839137844e-21,2.92519001807763e-16
66.0693448007593,0.99993821833095,-4.15158512519762e-06,3.08857901655301e-07,-1.28248381995497e-12,0.0036047478382451,-1.49681207762577e-08,1.24292943081641e-21,2.99332644658613e-16
67.6082975391978,0.999938218330137,-4.24828796546829e-06,3.0885790165505e-07,-1.31235670567231e-12,0.00360474783824217,-1.5316773097944e-08,1.30150689021947e-21,3.06304997639775e-16
69.1830970918933,0.999938218329287,-4.34724330425067e-06,3.08857901654787e-07,-1.34292542028598e-12,0.0036047478382391,-1.56735465754672e-08,1.36284502023259e-21,3.13439757585088e-16
70.7945784384134,0.999938218328396,-4.44850360897518e-06,3.08857901654512e-07,-1.37420617173311e-12,0.00360474783823589,-1.60386303748473e-08,1.42707392725328e-21,3.20740707438713e-16
72.4435960074986,0.999938218327463,-4.5521225691957e-06,3.08857901654224e-07,-1.40621554548214e-12,0.00360474783823253,-1.64122180683472e-08,1.49432984940463e-21,3.282117182609e-16
74.1310241300914,0.999938218326487,-4.65815512505647e-06,3.08857901653922e-07,-1.43897051332673e-12,0.00360474783822901,-1.67945077371068e-08,1.56475544551466e-21,3.35856751280476e-16
75.857757502918,0.999938218325464,-4.76665749642209e-06,3.08857901653606e-07,-1.47248844238438e-12,0.00360474783822532,-1.71857020761687e-08,1.63850009771483e-21,3.4367985999514e-16
77.6247116628688,0.999938218324393,-4.87768721268603e-06,3.08857901653276e-07,-1.50678710430472e-12,0.00360474783822146,-1.75860085019495e-08,1.71572022829955e-21,3.51685192320681e-16
79.4328234724277,0.999938218323272,-4.99130314327346e-06,3.08857901652929e-07,-1.5418846846923e-12,0.00360474783821742,-1.79956392622145e-08,1.79657963151885e-21,3.59876992790259e-16
81.2830516164095,0.999938218322098,-5.10756552885463e-06,3.08857901652567e-07,-1.5777997927488e-12,0.00360474783821318,-1.84148115486148e-08,1.88124982100794e-21,3.68259604804911e-16
83.1763771102667,0.999938218320868,-5.22653601328526e-06,3.08857901652187e-07,-1.61455147113989e-12,0.00360474783820875,-1.88437476118451e-08,1.96991039359064e-21,3.76837472936481e-16
85.1138038202372,0.999938218319581,-5.34827767629091e-06,3.08857901651789e-07,-1.6521592060919e-12,0.00360474783820411,-1.92826748794835e-08,2.06274941022829e-21,3.85615145284193e-16
87.0963589956076,0.999938218318232,-5.47285506691271e-06,3.08857901651373e-07,-1.6906429377237e-12,0.00360474783819925,-1.97318260765769e-08,2.15996379492228e-21,3.94597275886108e-16
89.1250938133741,0.999938218316821,-5.60033423773208e-06,3.08857901650936e-07,-1.73002307061916e-12,0.00360474783819416,-2.01914393490353e-08,2.26175975241629e-21,4.03788627186759e-16
91.2010839355905,0.999938218315343,-5.73078277989275e-06,3.0885790165048e-07,-1.77032048464601e-12,0.00360474783818883,-2.06617583898992e-08,2.36835320558413e-21,4.13194072562266e-16
93.3254300796986,0.999938218313795,-5.86426985893839e-06,3.08857901650002e-07,-1.81155654602652e-12,0.00360474783818325,-2.11430325685492e-08,2.47997025343116e-21,4.22818598904258e-16
95.4992586021431,0.999938218312174,-6.00086625148518e-06,3.08857901649501e-07,-1.85375311866626e-12,0.0036047478381774,-2.16355170629251e-08,2.59684765068059e-21,4.32667309263992e-16
97.7237220955805,0.999938218310477,-6.14064438274844e-06,3.08857901648977e-07,-1.89693257574656e-12,0.00360474783817128,-2.21394729948243e-08,2.71923330996194e-21,4.42745425558061e-16
99.9999999999995,0.999938218308699,-6.28367836494348e-06,3.08857901648428e-07,-1.94111781158709e-12,0.00360474783816488,-2.26551675683525e-08,2.84738682766702e-21,4.53058291337119e-16
102.329299228075,0.999938218306838,-6.43004403658089e-06,3.08857901647853e-07,-1.98633225378472e-12,0.00360474783815817,-2.31828742115981e-08,2.98158003458868e-21,4.63611374619104e-16
104.712854805089,0.99993821830489,-6.57981900267705e-06,3.08857901647251e-07,-2.03259987563518e-12,0.00360474783815114,-2.37228727216084e-08,3.12209757251031e-21,4.74410270788452e-16
107.15193052376,0.999938218302849,-6.73308267590143e-06,3.0885790164662e-07,-2.07994520884397e-12,0.00360474783814378,-2.42754494127405e-08,3.26923749796928e-21,4.85460705562847e-16
109.647819614318,0.999938218300713,-6.88991631868215e-06,3.0885790164596e-07,-2.12839335653341e-12,0.00360474783813608,-2.48408972684703e-08,3.42331191447482e-21,4.9676853802907e-16
112.201845430196,0.999938218298475,-7.05040308629249e-06,3.08857901645269e-07,-2.17797000655268e-12,0.00360474783812801,-2.54195160967349e-08,3.58464763452134e-21,5.08339763749565e-16
114.815362149688,0.999938218296132,-7.2146280709408e-06,3.08857901644546e-07,-2.22870144509781e-12,0.00360474783811957,-2.60116126888957e-08,3.75358687280163e-21,5.20180517941365e-16
117.489755493952,0.999938218293679,-7.38267834688762e-06,3.08857901643788e-07,-2.28061457064898e-12,0.00360474783811072,-2.66175009824028e-08,3.93048797209004e-21,5.32297078729066e-16
120.226443461741,0.99993821829111,-7.55464301661355e-06,3.08857901642994e-07,-2.33373690823249e-12,0.00360474783810146,-2.72375022272489e-08,4.11572616333559e-21,5.4469587047357e-16
123.026877081237,0.99993821828842,-7.73061325806259e-06,3.08857901642163e-07,-2.38809662401483e-12,0.00360474783809176,-2.78719451563003e-08,4.30969436157711e-21,5.5738346717837e-16
125.892541179416,0.999938218285604,-7.91068237298586e-06,3.08857901641293e-07,-2.44372254023682e-12,0.00360474783808161,-2.85211661595952e-08,4.51280399936867e-21,5.70366595975169e-16
128.824955169313,0.999938218282654,-8.09494583641144e-06,3.08857901640382e-07,-2.50064415049549e-12,0.00360474783807097,-2.91855094627027e-08,4.72548589948327e-21,5.83652140690697e-16
131.82567385564,0.999938218279566,-8.28350134726651e-06,3.08857901639428e-07,-2.55889163538199e-12,0.00360474783805984,-2.98653273092351e-08,4.94819118874563e-21,5.97247145496606e-16
134.896288259164,0.999938218276332,-8.47644888017859e-06,3.08857901638429e-07,-2.61849587848376e-12,0.00360474783804818,-3.05609801476124e-08,5.18139225493271e-21,6.11158818644384e-16
138.038426460288,0.999938218272946,-8.67389073848342e-06,3.08857901637383e-07,-2.67948848275939e-12,0.00360474783803597,-3.12728368221771e-08,5.42558374877149e-21,6.25394536287264e-16
141.253754462275,0.999938218269399,-8.87593160846754e-06,3.08857901636287e-07,-2.74190178729495e-12,0.00360474783802318,-3.20012747687599e-08,5.6812836331595e-21,6.39961846391159e-16
144.543977074592,0.999938218265686,-9.08267861487435e-06,3.0885790163514e-07,-2.80576888445058e-12,0.0036047478380098,-3.27466802148013e-08,5.94903428183356e-21,6.54868472736694e-16
147.91083881682,0.999938218261798,-9.29424137770305e-06,3.08857901633939e-07,-2.8711236374065e-12,0.00360474783799578,-3.35094483841347e-08,6.22940362981717e-21,6.70122319014453e-16
151.35612484362,0.999938218257727,-9.51073207033063e-06,3.08857901632682e-07,-2.93800069811774e-12,0.0036047478379811,-3.42899837065391e-08,6.5229863780869e-21,6.85731473015625e-16
154.881661891247,0.999938218253464,-9.73226547898767e-06,3.08857901631365e-07,-3.00643552568703e-12,0.00360474783796573,-3.50887000321731e-08,6.83040525501281e-21,7.01704210920256e-16
158.48931924611,0.999938218249,-9.95895906361952e-06,3.08857901629986e-07,-3.07646440516571e-12,0.00360474783794963,-3.59060208510039e-08,7.15231233724887e-21,7.18049001685389e-16
162.181009735892,0.999938218244325,-1.01909330201651e-05,3.08857901628541e-07,-3.14812446679253e-12,0.00360474783793278,-3.67423795173471e-08,7.48939043287493e-21,7.34774511535414e-16
165.958690743755,0.99993821823943,-1.04283103442865e-05,3.08857901627029e-07,-3.22145370568062e-12,0.00360474783791513,-3.75982194796372e-08,7.84235452972424e-21,7.51889608557022e-16
169.824365246173,0.999938218234305,-1.06712168965825e-05,3.08857901625446e-07,-3.29649100196294e-12,0.00360474783789665,-3.84739945155493e-08,8.21195331196844e-21,7.69403367401176e-16
173.780082874937,0.999938218228937,-1.09197814693223e-05,3.08857901623788e-07,-3.37327614140713e-12,0.0036047478378773,-3.93701689725984e-08,8.59897074817713e-21,7.87325074094611e-16
177.827941003891,0.999938218223317,-1.11741358547319e-05,3.08857901622052e-07,-3.45184983651038e-12,0.00360474783785704,-4.02872180143427e-08,9.00422775422027e-21,8.05664230963413e-16
181.970085860997,0.999938218217433,-1.1434414914873e-05,3.08857901620234e-07,-3.53225374808575e-12,0.00360474783783582,-4.12256278723212e-08,9.42858393454079e-21,8.2443056167127e-16
186.208713666285,0.99993821821127,-1.17007566531479e-05,3.0885790161833e-07,-3.6145305073513e-12,0.00360474783781361,-4.21858961038604e-08,9.87293940549089e-21,8.43634016375097e-16
190.546071796324,0.999938218204818,-1.19733022874714e-05,3.08857901616337e-07,-3.69872373853372e-12,0.00360474783779034,-4.31685318558858e-08,1.03382367045995e-20,8.63284777000733e-16
194.984459975803,0.999938218198061,-1.22521963251459e-05,3.0885790161425e-07,-3.78487808199845e-12,0.00360474783776598,-4.41740561348779e-08,1.08254627898206e-20,8.83393262641533e-16
199.526231496887,0.999938218190986,-1.25375866394811e-05,3.08857901612064e-07,-3.87303921791863e-12,0.00360474783774047,-4.52030020831174e-08,1.13356511330037e-20,9.03970135082716e-16
204.173794466952,0.999938218183577,-1.28296245481987e-05,3.08857901609776e-07,-3.9632538904953e-12,0.00360474783771376,-4.62559152613637e-08,1.18698839120257e-20,9.25026304454375e-16
208.929613085403,0.999938218175819,-1.3128464893663e-05,3.08857901607379e-07,-4.05556993274182e-12,0.00360474783768579,-4.73333539381186e-08,1.24292943062358e-20,9.46572935016181e-16
213.796208950222,0.999938218167696,-1.34342661249801e-05,3.0885790160487e-07,-4.15003629184552e-12,0.0036047478376565,-4.84358893856279e-08,1.30150689000803e-20,9.68621451076814e-16
218.776162394954,0.99993821815919,-1.374719038201e-05,3.08857901602242e-07,-4.2467030551202e-12,0.00360474783762583,-4.95641061827772e-08,1.36284502000076e-20,9.91183543051286e-16
223.872113856832,0.999938218150282,-1.40674035813348e-05,3.0885790159949e-07,-4.34562147656306e-12,0.00360474783759372,-5.07186025250433e-08,1.42707392699908e-20,1.01427117365935e-15
229.086765276776,0.999938218140956,-1.43950755042309e-05,3.08857901596609e-07,-4.44684400403024e-12,0.00360474783756009,-5.18999905416657e-08,1.4943298491259e-20,1.03789658426831e-15
234.422881531991,0.999938218131189,-1.47303798866879e-05,3.08857901593592e-07,-4.55042430704539e-12,0.00360474783752488,-5.31088966202052e-08,1.56475544520904e-20,1.06207230138352e-15
239.883291901947,0.999938218120962,-1.5073494511527e-05,3.08857901590433e-07,-4.65641730525593e-12,0.00360474783748801,-5.43459617386632e-08,1.63850009737973e-20,1.08681114329013e-15
245.470891568501,0.999938218110253,-1.54246013026627e-05,3.08857901587125e-07,-4.7648791975522e-12,0.0036047478374494,-5.56118418053364e-08,1.71572022793212e-20,1.11212622684951e-15
251.188643150956,0.99993821809904,-1.57838864215624e-05,3.08857901583661e-07,-4.87586749186483e-12,0.00360474783740897,-5.69072080065885e-08,1.79657963111597e-20,1.13803097445398e-15
257.039578276885,0.999938218087298,-1.61515403659505e-05,3.08857901580034e-07,-4.98944103565623e-12,0.00360474783736664,-5.82327471627214e-08,1.88124982056619e-20,1.16453912114352e-15
263.026799189536,0.999938218075003,-1.65277580708136e-05,3.08857901576235e-07,-5.10566004712227e-12,0.00360474783732231,-5.95891620921371e-08,1.96991039310627e-20,1.1916647218883e-15
269.15348039269,0.999938218062128,-1.69127390117575e-05,3.08857901572258e-07,-5.22458614712077e-12,0.00360474783727589,-6.09771719839807e-08,2.06274940969719e-20,1.21942215904079e-15
275.422870333815,0.999938218048647,-1.73066873107714e-05,3.08857901568094e-07,-5.34628239184371e-12,0.00360474783722728,-6.23975127794646e-08,2.15996379433994e-20,1.24782614996148e-15
281.838293126443,0.99993821803453,-1.77098118444566e-05,3.08857901563733e-07,-5.47081330625042e-12,0.00360474783717638,-6.38509375620734e-08,2.26175975177777e-20,1.27689175482223e-15
288.403150312659,0.999938218019747,-1.81223263547753e-05,3.08857901559166e-07,-5.5982449182796e-12,0.00360474783712309,-6.53382169568598e-08,2.368353204884e-20,1.30663438459134e-15
295.120922666636,0.999938218004269,-1.85444495623793e-05,3.08857901554385e-07,-5.72864479385818e-12,0.00360474783706728,-6.68601395390392e-08,2.47997025266349e-20,1.33706980920469e-15
301.9951720402,0.99993821798806,-1.8976405282579e-05,3.08857901549378e-07,-5.86208207272568e-12,0.00360474783700884,-6.84175122521032e-08,2.59684764983885e-20,1.36821416592715e-15
309.029543251357,0.999938217971088,-1.9418422544013e-05,3.08857901544135e-07,-5.99862750509301e-12,0.00360474783694765,-7.00111608356715e-08,2.71923330903899e-20,1.40008396790874e-15
316.227766016836,0.999938217953316,-1.9870735710082e-05,3.08857901538645e-07,-6.13835348915516e-12,0.00360474783688358,-7.16419302633101e-08,2.84738682665504e-20,1.43269611294018e-15
323.593656929626,0.999938217934706,-2.03335846032114e-05,3.08857901532896e-07,-6.28133410947769e-12,0.00360474783681648,-7.33106851905473e-08,2.98158003347905e-20,1.46606789241227e-15
331.131121482589,0.99993821791522,-2.08072146320085e-05,3.08857901526876e-07,-6.42764517627733e-12,0.00360474783674622,-7.50183104133256e-08,3.12209757129363e-20,1.50021700048405e-15
338.8441561392,0.999938217894814,-2.12918769213814e-05,3.08857901520573e-07,-6.57736426561757e-12,0.00360474783667265,-7.67657113371319e-08,3.26923749663523e-20,1.53516154346445e-15
346.736850452529,0.999938217873448,-2.17878284456884e-05,3.08857901513972e-07,-6.73057076054049e-12,0.00360474783659562,-7.85538144570558e-08,3.42331191301205e-20,1.57092004941251e-15
354.813389233573,0.999938217851074,-2.22953321649893e-05,3.08857901507061e-07,-6.88734589315672e-12,0.00360474783651495,-8.03835678490292e-08,3.58464763291745e-20,1.60751147796118e-15
363.078054770099,0.999938217827646,-2.28146571644707e-05,3.08857901499823e-07,-7.04777278771577e-12,0.00360474783643049,-8.22559416725089e-08,3.753586871043e-20,1.64495523037001e-15
371.53522909717,0.999938217803114,-2.3346078797118e-05,3.08857901492245e-07,-7.21193650467961e-12,0.00360474783634204,-8.41719286848677e-08,3.93048797016174e-20,1.68327115981191e-15
380.189396320558,0.999938217777425,-2.38898788297114e-05,3.08857901484309e-07,-7.37992408582281e-12,0.00360474783624942,-8.61325447677678e-08,4.11572616122126e-20,1.72247958189957e-15
389.045144994278,0.999938217750526,-2.44463455922224e-05,3.08857901476e-07,-7.55182460038328e-12,0.00360474783615244,-8.81388294657941e-08,4.30969435925879e-20,1.76260128545709e-15
398.107170553494,0.999938217722359,-2.501577413069e-05,3.08857901467299e-07,-7.72772919228794e-12,0.00360474783605088,-9.01918465376349e-08,4.51280399682669e-20,1.80365754354247e-15
407.38027780411,0.999938217692865,-2.55984663636582e-05,3.08857901458187e-07,-7.90773112847841e-12,0.00360474783594455,-9.22926845201008e-08,4.72548589669604e-20,1.84567012472689e-15
416.869383470332,0.99993821766198,-2.6194731242257e-05,3.08857901448647e-07,-8.09192584836241e-12,0.00360474783583319,-9.44424573052806e-08,4.9481911856895e-20,1.88866130463663e-15
426.579518801589,0.99993821762964,-2.68048849140124e-05,3.08857901438656e-07,-8.28041101441695e-12,0.0036047478357166,-9.66423047311423e-08,5.18139225158173e-20,1.93265387776397e-15
436.515832240163,0.999938217595776,-2.74292508904721e-05,3.08857901428196e-07,-8.47328656397027e-12,0.0036047478355945,-9.889339318589e-08,5.42558374509721e-20,1.97767116955311e-15
446.68359215096,0.999938217560316,-2.80681602187354e-05,3.08857901417241e-07,-8.67065476218997e-12,0.00360474783546666,-1.01196916226398e-07,5.68128362913073e-20,2.02373704876761e-15
457.088189614872,0.999938217523185,-2.87219516569788e-05,3.08857901405771e-07,-8.87262025630527e-12,0.00360474783533278,-1.0355409521105e-07,5.9490342774161e-20,2.07087594014592e-15
467.735141287195,0.999938217484304,-2.93909718540702e-05,3.0885790139376e-07,-9.07929013109242e-12,0.0036047478351926,-1.05966179947321e-07,6.22940362497353e-20,2.11911283735173e-15
478.630092322635,0.99993821744359,-3.00755755333663e-05,3.08857901381183e-07,-9.2907739656524e-12,0.00360474783504581,-1.0843444935444e-07,6.52298637277596e-20,2.16847331622591e-15
489.778819368442,0.999938217400958,-3.07761256807921e-05,3.08857901368013e-07,-9.50718389151123e-12,0.00360474783489211,-1.1096021214149e-07,6.83040524918947e-20,2.21898354834717e-15
501.187233627268,0.999938217356316,-3.14929937373003e-05,3.08857901354223e-07,-9.72863465207359e-12,0.00360474783473116,-1.13544807501304e-07,7.1523123308637e-20,2.27067031490855e-15
512.861383991361,0.999938217309571,-3.22265597958146e-05,3.08857901339783e-07,-9.95524366346122e-12,0.00360474783456262,-1.16189605820519e-07,7.48939042587374e-20,2.32356102091722e-15
524.807460249769,0.999938217260623,-3.29772128027595e-05,3.08857901324662e-07,-1.01871310767686e-11,0.00360474783438614,-1.18896009406181e-07,7.84235452204758e-20,2.3776837097249e-15
537.031796370249,0.999938217209367,-3.37453507642852e-05,3.08857901308828e-07,-1.04244198417684e-11,0.00360474783420134,-1.21665453229255e-07,8.21195330355116e-20,2.43306707789687e-15
549.54087385762,0.999938217155697,-3.45313809572956e-05,3.08857901292249e-07,-1.06672357721015e-11,0.00360474783400784,-1.24499405685476e-07,8.59897073894777e-20,2.48974049042723e-15
562.341325190345,0.999938217099496,-3.53357201453917e-05,3.08857901274887e-07,-1.09157076119846e-11,0.00360474783380522,-1.27399369373906e-07,9.00422774410048e-20,2.54773399630862e-15
575.439937337152,0.999938217040647,-3.61587947998451e-05,3.08857901256708e-07,-1.11699671044721e-11,0.00360474783359304,-1.30366881893633e-07,9.42858392344466e-20,2.6070783444646e-15
588.843655355584,0.999938216979025,-3.7001041325719e-05,3.08857901237672e-07,-1.14301490613085e-11,0.00360474783337087,-1.33403516659026e-07,9.87293939332423e-20,2.66780500005311e-15
602.559586074353,0.999938216914498,-3.78629062932556e-05,3.08857901217739e-07,-1.16963914344066e-11,0.00360474783313822,-1.36510883733981e-07,1.0338236691259e-19,2.72994616114972e-15
616.595001861477,0.999938216846931,-3.87448466746532e-05,3.08857901196866e-07,-1.19688353889922e-11,0.00360474783289462,-1.39690630685596e-07,1.08254627751931e-19,2.79353477581946e-15
630.957344480188,0.999938216776179,-3.96473300863596e-05,3.0885790117501e-07,-1.2247625378451e-11,0.00360474783263953,-1.42944443457735e-07,1.13356511169649e-19,2.85860455958636e-15
645.65422903465,0.999938216702092,-4.05708350370078e-05,3.08857901152124e-07,-1.25329092209202e-11,0.00360474783237242,-1.46274047264936e-07,1.18698838944396e-19,2.92519001330977e-15
660.693448007591,0.999938216624514,-4.15158511811276e-05,3.08857901128159e-07,-1.28248381776635e-11,0.00360474783209272,-1.4968120750714e-07,1.2429294286953e-19,2.99332644147728e-15
676.082975391976,0.99993821654328,-4.24828795787673e-05,3.08857901103064e-07,-1.31235670332716e-11,0.00360474783179983,-1.53167730705734e-07,1.30150688789371e-19,3.06304997092352e-15
691.830970918931,0.999938216458217,-4.34724329611616e-05,3.08857901076787e-07,-1.34292541777312e-11,0.00360474783149315,-1.5673546546139e-07,1.36284501768245e-19,3.13439756998513e-15
707.945784384132,0.999938216369146,-4.4485036002589e-05,3.08857901049272e-07,-1.37420616904053e-11,0.00360474783117201,-1.60386303434216e-07,1.4270739244571e-19,3.20740706810187e-15
724.435960074984,0.999938216275876,-4.55212255985603e-05,3.0885790102046e-07,-1.40621554259699e-11,0.00360474783083574,-1.6412218034674e-07,1.49432984633868e-19,3.28211717587423e-15
741.310241300911,0.999938216178211,-4.65815511504884e-05,3.08857900990289e-07,-1.43897051023523e-11,0.00360474783048362,-1.67945077010253e-07,1.56475544215292e-19,3.35856750558832e-15
758.577575029177,0.999938216075944,-4.76665748569872e-05,3.08857900958697e-07,-1.47248843907177e-11,0.0036047478301149,-1.71857020375067e-07,1.63850009402875e-19,3.43679859221885e-15
776.247116628685,0.999938215968856,-4.87768720119573e-05,3.08857900925617e-07,-1.5067871007552e-11,0.00360474782972881,-1.75860084605223e-07,1.71572022425784e-19,3.51685191492123e-15
794.328234724275,0.999938215856722,-4.99130313096138e-05,3.08857900890977e-07,-1.54188468088893e-11,0.00360474782932452,-1.79956392178245e-07,1.79657962708721e-19,3.59876991902442e-15
812.830516164092,0.999938215739303,-5.10756551566201e-05,3.08857900854704e-07,-1.57779978867341e-11,0.00360474782890118,-1.84148115010502e-07,1.88124981614875e-19,3.68259603853598e-15
831.763771102664,0.99993821561635,-5.22653599914911e-05,3.08857900816722e-07,-1.61455146677303e-11,0.00360474782845788,-1.88437475608786e-07,1.96991038826264e-19,3.76837471917132e-15
851.138038202369,0.999938215487602,-5.34827766114375e-05,3.0885790077695e-07,-1.65215920141273e-11,0.0036047478279937,-1.92826748248719e-07,2.06274940438625e-19,3.85615144191941e-15
870.963589956073,0.999938215352787,-5.47285505068224e-05,3.08857900735304e-07,-1.69064293270987e-11,0.00360474782750763,-1.97318260180596e-07,2.15996378851662e-19,3.94597274715738e-15
891.250938133738,0.999938215211618,-5.60033422034082e-05,3.08857900691695e-07,-1.73002306524676e-11,0.00360474782699866,-2.01914392863329e-07,2.26175974539262e-19,4.03788625932686e-15
912.010839355902,0.999938215063796,-5.73078276125768e-05,3.08857900646031e-07,-1.77032047888937e-11,0.00360474782646571,-2.06617583227123e-07,2.36835319788283e-19,4.13194071218502e-15
933.254300796983,0.999938214909008,-5.86426983897055e-05,3.08857900598215e-07,-1.81155653985817e-11,0.00360474782590763,-2.11430324965571e-07,2.47997024498685e-19,4.22818597464389e-15
954.992586021428,0.999938214746924,-6.00086623008925e-05,3.08857900548144e-07,-1.85375311205676e-11,0.00360474782532326,-2.16355169857842e-07,2.59684764142159e-19,4.32667307721145e-15
977.237220955802,0.999938214577202,-6.14064435982229e-05,3.08857900495715e-07,-1.89693256866435e-11,0.00360474782471134,-2.21394729121664e-07,2.71923329980964e-19,4.42745423904871e-15
999.999999999991,0.999938214399481,-6.28367834037768e-05,3.08857900440814e-07,-1.94111780399836e-11,0.00360474782407058,-2.26551674797829e-07,2.84738681653526e-19,4.53058289565694e-15
1023.29299228075,0.999938214213384,-6.43004401025815e-05,3.08857900383326e-07,-1.98633224565325e-11,0.00360474782339963,-2.31828741166942e-07,2.98158002238294e-19,4.63611372720987e-15
1047.12854805089,0.999938214018517,-6.57981897447173e-05,3.08857900323129e-07,-2.03259986692215e-11,0.00360474782269706,-2.37228726199169e-07,3.12209755912698e-19,4.74410268754583e-15
1071.5193052376,0.999938213814466,-6.73308264567888e-05,3.08857900260095e-07,-2.07994519950779e-11,0.00360474782196137,-2.42754493037762e-07,3.26923748329476e-19,4.85460703383518e-15
1096.47819614317,0.999938213600799,-6.88991628629812e-05,3.0885790019409e-07,-2.12839334652952e-11,0.00360474782119101,-2.48408971517129e-07,3.42331189838453e-19,4.96768535693877e-15
1122.01845430195,0.999938213377061,-7.05040305159237e-05,3.08857900124974e-07,-2.17796999583332e-11,0.00360474782038435,-2.54195159716271e-07,3.58464761687869e-19,5.08339761247361e-15
1148.15362149687,0.999938213142779,-7.21462803375895e-05,3.08857900052601e-07,-2.2287014336118e-11,0.00360474781953967,-2.60116125548403e-07,3.75358685345684e-19,5.20180515260205e-15
1174.89755493952,0.999938212897456,-7.38267830704655e-05,3.08857899976817e-07,-2.28061455834151e-11,0.00360474781865518,-2.66175008387598e-07,3.93048795087891e-19,5.32297075856151e-15
1202.2644346174,0.999938212640571,-7.55464297392308e-05,3.08857899897462e-07,-2.33373689504479e-11,0.00360474781772901,-2.72375020733327e-07,4.11572614007805e-19,5.44695867395187e-15
1230.26877081237,0.999938212371579,-7.73061321231893e-05,3.08857899814367e-07,-2.38809660988396e-11,0.00360474781675919,-2.78719449913761e-07,4.30969433607572e-19,5.57383463879823e-15
1258.92541179416,0.99993821208991,-7.91068232397064e-05,3.08857899727355e-07,-2.44372252509532e-11,0.00360474781574366,-2.85211659828758e-07,4.51280397140696e-19,5.70366592440712e-15
1288.24955169312,0.999938211794967,-8.09494578389069e-05,3.08857899636243e-07,-2.50064413427108e-11,0.00360474781468027,-2.91855092733444e-07,4.72548586882387e-19,5.83652136903458e-15
1318.2567385564,0.999938211486123,-8.28350129098951e-05,3.08857899540836e-07,-2.55889161799722e-11,0.00360474781356677,-2.9865327106334e-07,4.94819115512827e-19,5.97247141438507e-15
1348.96288259164,0.999938211162724,-8.4764488198767e-05,3.08857899440934e-07,-2.61849585985565e-11,0.00360474781240078,-3.05609799302001e-07,5.18139221807201e-19,6.11158814296052e-15
1380.38426460287,0.999938210824084,-8.67389067386878e-05,3.08857899336323e-07,-2.67948846279901e-11,0.00360474781117985,-3.12728365892156e-07,5.42558370835453e-19,6.25394531627943e-15
1412.53754462274,0.999938210469484,-8.87593153923171e-05,3.08857899226782e-07,-2.74190176590702e-11,0.00360474780990137,-3.20012745191371e-07,5.68128358884319e-19,6.39961841398607e-15
1445.43977074591,0.999938210098172,-9.08267854068682e-05,3.08857899112078e-07,-2.805768861533e-11,0.00360474780856265,-3.27466799473257e-07,5.94903423324169e-19,6.54868467387078e-15
1479.10838816819,0.999938209709361,-9.29424129820968e-05,3.08857898991969e-07,-2.87112361284987e-11,0.00360474780716083,-3.35094480975294e-07,6.22940357653725e-19,6.70122313282236e-15
1513.56124843619,0.999938209302225,-9.51073198515196e-05,3.08857898866199e-07,-2.93800067180484e-11,0.00360474780569294,-3.4289983399436e-07,6.52298631966663e-19,6.85731466873444e-15
1548.81661891247,0.999938208875902,-9.73226538771708e-05,3.08857898734502e-07,-3.00643549749224e-11,0.00360474780415588,-3.50886997031062e-07,6.83040519095626e-19,7.01704204338791e-15
1584.8931924611,0.999938208429487,-9.95895896582132e-05,3.08857898596598e-07,-3.07646437495445e-11,0.00360474780254637,-3.59060204984023e-07,7.15231226701226e-19,7.18048994633221e-15
1621.81009735892,0.999938207962033,-0.000101909329153725,3.08857898452195e-07,-3.14812443442059e-11,0.00360474780086102,-3.67423791395278e-07,7.48939035586202e-19,7.34774503978881e-15
1659.58690743755,0.999938207472549,-0.000104283102319991,3.08857898300986e-07,-3.22145367099345e-11,0.00360474779909623,-3.75982190747965e-07,7.84235444528127e-19,7.51889600460051e-15
1698.24365246173,0.999938206959996,-0.000106712167762645,3.08857898142651e-07,-3.29649096479498e-11,0.00360474779724827,-3.84739940817546e-07,8.21195321937857e-19,7.69403358725115e-15
1737.80082874936,0.999938206423287,-0.000109197813403991,3.08857897976854e-07,-3.37327610158094e-11,0.00360474779531322,-3.93701685077791e-07,8.59897064665436e-19,7.87325064798045e-15
1778.27941003891,0.999938205861284,-0.000111741357165883,3.08857897803243e-07,-3.45184979383585e-11,0.00360474779328698,-4.02872175162799e-07,9.00422764290277e-19,8.05664221001962e-15
1819.70085860997,0.999938205272794,-0.000114344147668494,3.08857897621451e-07,-3.53225370235917e-11,0.00360474779116524,-4.12256273386373e-07,9.42858381248358e-19,8.24430550997385e-15
1862.08713666285,0.99993820465657,-0.000117007564945379,3.0885789743109e-07,-3.61453045835439e-11,0.0036047477889435,-4.21858955320078e-07,9.87293927165782e-19,8.43634004937823e-15
1905.46071796323,0.999938204011304,-0.000119733021175177,3.08857897231758e-07,-3.69872368603258e-11,0.00360474778661706,-4.31685312431347e-07,1.03382365578544e-18,8.63284764745472e-15
1949.84459975803,0.999938203335628,-0.000122521961430371,3.08857897023032e-07,-3.78487802574247e-11,0.00360474778418098,-4.41740554783033e-07,1.08254626289179e-18,8.83393249509785e-15
1995.26231496886,0.999938202628108,-0.00012537586444348,3.08857896804469e-07,-3.87303915763926e-11,0.00360474778163009,-4.5203001379585e-07,1.13356509565774e-18,9.03970121011794e-15
2041.73794466951,0.999938201887243,-0.000128296243391099,3.08857896575606e-07,-3.96325382590479e-11,0.00360474777895897,-4.62559145075151e-07,1.18698837185781e-18,9.25026289377112e-15
2089.29613085402,0.999938201111463,-0.000131284646696203,3.08857896335956e-07,-4.05556986353184e-11,0.00360474777616198,-4.73333531303553e-07,1.24292940941247e-18,9.46572918860602e-15
2137.96208950221,0.999938200299121,-0.000134342658849141,3.08857896085012e-07,-4.15003621768568e-11,0.00360474777323316,-4.84358885200939e-07,1.30150686675051e-18,9.68621433765799e-15
2187.76162394953,0.999938199448495,-0.000137471901247745,3.08857895822242e-07,-4.24670297565651e-11,0.00360474777016631,-4.95641052553408e-07,1.36284499449939e-18,9.911835245022e-15
2238.72113856832,0.99993819855778,-0.000140674033057021,3.08857895547087e-07,-4.34562139141618e-11,0.00360474776695493,-5.07186015312774e-07,1.42707389903739e-18,1.01427115378365e-14
2290.86765276775,0.999938197625087,-0.000143950752088851,3.08857895258965e-07,-4.44684391279372e-11,0.0036047477635922,-5.18999894768263e-07,1.49432981846652e-18,1.03789656297111e-14
2344.2288153199,0.999938196648437,-0.000147303795702192,3.08857894957264e-07,-4.5504242092837e-11,0.00360474776007099,-5.31088954792092e-07,1.5647554115917e-18,1.06207227856316e-14
2398.83291901947,0.99993819562576,-0.000150734941724246,3.08857894641344e-07,-4.65641720050239e-11,0.00360474775638383,-5.4345960516064e-07,1.63850006051904e-18,1.08681111883767e-14
2454.70891568501,0.999938194554885,-0.000154246009393081,3.08857894310536e-07,-4.76487908530676e-11,0.00360474775252289,-5.56118404952978e-07,1.71572018751518e-18,1.11212620064824e-14
2511.88643150955,0.999938193433541,-0.000157838860322208,3.08857893964136e-07,-4.87586737159167e-11,0.00360474774848,-5.69072066028568e-07,1.79657958679968e-18,1.1380309463788e-14
2570.39578276884,0.99993819225935,-0.000161515399487635,3.08857893601412e-07,-4.98944090678122e-11,0.00360474774424658,-5.82327456585959e-07,1.88124977197435e-18,1.16453909106043e-14
2630.26799189535,0.999938191029821,-0.000165277576237897,3.08857893221593e-07,-5.10565990903021e-11,0.00360474773981363,-5.95891604804376e-07,1.96991033982638e-18,1.19166468965368e-14
2691.53480392689,0.999938189742346,-0.000169127385327627,3.08857892823874e-07,-5.22458599915247e-11,0.00360474773517177,-6.09771702570135e-07,2.06274935127695e-18,1.21942212450077e-14
2754.22870333814,0.999938188394194,-0.000173066867975193,3.0885789240741e-07,-5.34628223329282e-11,0.00360474773031115,-6.23975109289859e-07,2.15996373028343e-18,1.24782611295119e-14
2818.38293126442,0.999938186982506,-0.000177098112944971,3.0885789197132e-07,-5.47081313636008e-11,0.00360474772522145,-6.38509355792498e-07,2.26175968154119e-18,1.27689171516499e-14
2884.03150312657,0.999938185504287,-0.00018122325765483,3.08857891514677e-07,-5.59824473623882e-11,0.00360474771989188,-6.53382148322261e-07,2.36835312787113e-18,1.30663434209784e-14
2951.20922666635,0.999938183956402,-0.000185444489309413,3.08857891036513e-07,-5.72864459879797e-11,0.00360474771431114,-6.68601372624532e-07,2.47997016822056e-18,1.33706976367209e-14
3019.95172040198,0.999938182335567,-0.00018976404605981,3.08857890535814e-07,-5.8620818637149e-11,0.00360474770846738,-6.84175098126973e-07,2.59684755724902e-18,1.36821411713808e-14
3090.29543251356,0.999938180638345,-0.000194184218190252,3.08857890011518e-07,-5.99862728113393e-11,0.00360474770234822,-7.0011158221801e-07,2.71923320751626e-18,1.40008391563032e-14
3162.27766016834,0.999938178861135,-0.000198707349332435,3.08857889462512e-07,-6.13835324917868e-11,0.00360474769594066,-7.16419274624974e-07,2.84738671533757e-18,1.43269605692284e-14
3235.93656929625,0.999938177000167,-0.00020333583770814,3.08857888887633e-07,-6.28133385233826e-11,0.00360474768923113,-7.33106821894225e-07,2.98157991142189e-18,1.46606783238861e-14
3311.31121482588,0.999938175051495,-0.000208072137400787,3.0885788828566e-07,-6.42764490074747e-11,0.00360474768220539,-7.50183071975624e-07,3.12209743746061e-18,1.50021693616754e-14
3388.44156139199,0.999938173010985,-0.000212918759656613,3.08857887655318e-07,-6.577363970382e-11,0.00360474767484854,-7.67657078913796e-07,3.26923734989024e-18,1.53516147454807e-14
3467.36850452528,0.999938170874309,-0.000217878274216158,3.08857886995268e-07,-6.73057044418988e-11,0.00360474766714497,-7.85538107648657e-07,3.42331175210937e-18,1.57091997556728e-14
3548.13389233572,0.999938168636934,-0.000222953310676758,3.08857886304111e-07,-6.88734555418094e-11,0.00360474765907834,-8.03835638927762e-07,3.58464745649117e-18,1.60751139883459e-14
3630.78054770097,0.999938166294115,-0.000228146559886782,3.08857885580381e-07,-7.04777242449669e-11,0.00360474765063154,-8.22559374333075e-07,3.75358667759543e-18,1.64495514558434e-14
3715.35229097168,0.999938163840882,-0.000233460775372336,3.08857884822542e-07,-7.21193611548335e-11,0.00360474764178666,-8.41719241424816e-07,3.93048775805071e-18,1.68327106896242e-14
3801.89396320557,0.999938161272032,-0.000238898774797209,3.08857884028988e-07,-7.37992366879151e-11,0.00360474763252493,-8.61325399005134e-07,4.11572592864614e-18,1.72247948455259e-14
3890.45144994276,0.999938158582116,-0.000244463441456816,3.08857883198034e-07,-7.55182415352619e-11,0.00360474762282671,-8.81388242504371e-07,4.30969410424523e-18,1.76260118114793e-14
3981.07170553493,0.999938155765428,-0.000250157725806936,3.0885788232792e-07,-7.72772871347194e-11,0.00360474761267143,-9.01918409492793e-07,4.51280371720989e-18,1.80365743177319e-14
4073.80277804108,0.999938152815994,-0.000255984647028071,3.08857881416797e-07,-7.90773061541783e-11,0.00360474760203754,-9.22926785320698e-07,4.72548559010233e-18,1.84567000496395e-14
4168.69383470331,0.999938149727557,-0.00026194729462623,3.08857880462735e-07,-8.09192529860809e-11,0.00360474759090249,-9.44424508889898e-07,4.94819084951617e-18,1.88866117630833e-14
4265.79518801588,0.999938146493567,-0.000268048830071002,3.08857879463709e-07,-8.28041042534459e-11,0.00360474757924267,-9.6642297855963e-07,5.18139188297501e-18,1.93265374025772e-14
4365.15832240161,0.999938143107163,-0.000274292488471789,3.08857878417601e-07,-8.47328593276787e-11,0.00360474756703333,-9.88933858190026e-07,5.42558334092798e-18,1.97767102221251e-14
4466.83592150958,0.999938139561163,-0.000280681580293073,3.08857877322191e-07,-8.67065408584441e-11,0.00360474755424859,-1.01196908332636e-06,5.68128318596799e-18,2.02373689088931e-14
4570.8818961487,0.999938135848045,-0.000287219493109643,3.08857876175156e-07,-8.87261953158796e-11,0.00360474754086131,-1.03554086752732e-06,5.94903379149782e-18,2.07087577097628e-14
4677.35141287193,0.999938131959934,-0.000293909693402704,3.08857874974063e-07,-9.07928935454383e-11,0.00360474752684312,-1.0596617088407e-06,6.22940309217474e-18,2.11911265608319e-14
4786.30092322633,0.999938127888581,-0.000300755728397814,3.08857873716364e-07,-9.2907731335656e-11,0.00360474751216427,-1.08434439642992e-06,6.5229857885737e-18,2.16847312199317e-14
4897.78819368441,0.999938123625352,-0.000307761227945639,3.08857872399392e-07,-9.50718299991417e-11,0.00360474749679363,-1.10960201735486e-06,6.83040460862445e-18,2.21898334022304e-14
5011.87233627267,0.999938119161203,-0.000314929906446511,3.08857871020352e-07,-9.72863369671013e-11,0.00360474748069859,-1.13544796351069e-06,7.15231162849813e-18,2.27067009189954e-14
5128.61383991359,0.999938114486665,-0.000322265564819812,3.08857869576321e-07,-9.95524263977083e-11,0.00360474746384501,-1.16189593872828e-06,7.4893896557452e-18,2.32356078195875e-14
5248.07460249767,0.999938109591822,-0.00032977209251923,3.08857868064234e-07,-1.01871299798646e-10,0.00360474744619715,-1.18895996603998e-06,7.84235367761844e-18,2.37768345367629e-14
5370.31796370247,0.999938104466294,-0.000337453469594954,3.08857866480885e-07,-1.04244186664146e-10,0.00360474742771758,-1.2166543951147e-06,8.21195237765302e-18,2.43306680353584e-14
5495.40873857618,0.999938099099206,-0.000345313768803899,3.08857864822915e-07,-1.06672345126872e-10,0.00360474740836708,-1.24499390986604e-06,8.59896972372066e-18,2.48974019644409e-14
5623.41325190343,0.999938093479175,-0.000353357157769086,3.08857863086808e-07,-1.09157062624979e-10,0.00360474738810463,-1.27399353623781e-06,9.00422663092609e-18,2.54773368130002e-14
5754.3993733715,0.999938087594281,-0.000361587901189312,3.0885786126888e-07,-1.11699656584711e-10,0.00360474736688724,-1.3036686501707e-06,9.42858270287323e-18,2.60707800692681e-14
5888.43655355582,0.99993808143204,-0.000370010363100294,3.08857859365276e-07,-1.14301475118904e-10,0.0036047473446699,-1.33403498575464e-06,9.87293805499428e-18,2.66780463837485e-14
6025.59586074351,0.999938074979382,-0.000378629009188474,3.08857857371958e-07,-1.16963897741753e-10,0.00360474732140549,-1.36510864357095e-06,1.03382352238094e-17,2.72994577360448e-14
6165.95001861475,0.999938068222619,-0.000387448409158711,3.08857855284697e-07,-1.19688336100223e-10,0.00360474729704467,-1.39690609922889e-06,1.08254611661666e-17,2.79353436055727e-14
6309.57344480186,0.99993806114742,-0.000396473239157135,3.08857853099068e-07,-1.22476234722504e-10,0.00360474727153575,-1.42944421210094e-06,1.13356493527025e-17,2.8586041146249e-14
6456.54229034648,0.999938053738778,-0.000405708284250413,3.08857850810432e-07,-1.25329071783895e-10,0.00360474724482464,-1.46274023426158e-06,1.18698819599643e-17,2.92518953652499e-14
6606.93448007588,0.999938045980976,-0.00041515844096278,3.08857848413937e-07,-1.28248359890525e-10,0.00360474721685467,-1.4968118196343e-06,1.2429292165843e-17,2.99332593059318e-14
6760.82975391974,0.999938037857562,-0.000424828719872142,3.08857845904498e-07,-1.31235646881326e-10,0.00360474718756652,-1.53167703335156e-06,1.30150665531863e-17,3.06304942350135e-14
6918.30970918928,0.999938029351302,-0.00043472424826666,3.08857843276794e-07,-1.34292516648695e-10,0.00360474715689806,-1.56735436133288e-06,1.36284476266895e-17,3.13439698341172e-14
7079.45784384129,0.999938020444155,-0.0004448502728632,3.08857840525249e-07,-1.37420589978255e-10,0.00360474712478424,-1.60386272008588e-06,1.42707364484037e-17,3.20740643957714e-14
7244.35960074981,0.999938011117227,-0.0004552121625891,3.08857837644028e-07,-1.40621525408187e-10,0.00360474709115694,-1.64122146673573e-06,1.49432953974503e-17,3.28211650239785e-14
7413.10241300908,0.999938001350735,-0.000465815411428728,3.08857834627019e-07,-1.43897020108571e-10,0.00360474705594484,-1.67945040928806e-06,1.56475510597967e-17,3.35856678394539e-14
7585.77575029174,0.999937991123963,-0.000476665641336341,3.08857831467823e-07,-1.47248810781211e-10,0.00360474701907325,-1.718569817131e-06,1.63849972542212e-17,3.43679781896452e-14
7762.47116628682,0.999937980415218,-0.000487768605216775,3.08857828159739e-07,-1.50678674580408e-10,0.00360474698046395,-1.7586004317818e-06,1.71571982008871e-17,3.5168510863643e-14
7943.28234724272,0.999937969201785,-0.000499130189975574,3.0885782469575e-07,-1.54188430055195e-10,0.00360474694003505,-1.79956347788369e-06,1.79657918392458e-17,3.59876903120969e-14
8128.30516164089,0.99993795745988,-0.00051075641964014,3.08857821068508e-07,-1.577799381135e-10,0.0036047468977008,-1.84148067445893e-06,1.88124933023059e-17,3.68259508722537e-14
8317.63771102661,0.999937945164596,-0.000522653458553593,3.0885781727032e-07,-1.61455103008776e-10,0.00360474685337139,-1.8843742464239e-06,1.96990985546398e-17,3.76837369982364e-14
8511.38038202366,0.999937932289854,-0.000534827614642996,3.08857813293128e-07,-1.65215873349604e-10,0.00360474680695281,-1.92826693637242e-06,2.06274882018414e-17,3.85615034966871e-14
8709.6358995607,0.999937918808344,-0.000547285342763718,3.08857809128498e-07,-1.69064243132812e-10,0.00360474675834659,-1.97318201663346e-06,2.15996314795176e-17,3.94597157678969e-14
8912.50938133734,0.999937904691471,-0.000560033248121674,3.08857804767594e-07,-1.73002252800653e-10,0.00360474670744963,-2.01914330160966e-06,2.26175904302722e-17,4.0378850052553e-14
9120.10839355898,0.99993788990929,-0.000573078089775268,3.08857800201168e-07,-1.7703199032261e-10,0.00360474665415397,-2.06617516040332e-06,2.3683524277545e-17,4.13193936842315e-14
9332.54300796979,0.999937874430447,-0.0005864267842189,3.08857795419532e-07,-1.81155592302388e-10,0.00360474659834656,-2.11430252973629e-06,2.47996940055795e-17,4.22818453477713e-14
9549.92586021424,0.999937858222109,-0.000600086409049931,3.08857790412546e-07,-1.85375245110692e-10,0.00360474653990903,-2.16355092717087e-06,2.59684671552372e-17,4.32667153436645e-14
9772.37220955798,0.999937841249896,-0.00061406420672104,3.08857785169587e-07,-1.89693186044385e-10,0.00360474647871743,-2.21394646463857e-06,2.71923228458284e-17,4.42745258586053e-14
9999.99999999987,0.999937823477809,-0.000628367588379982,3.08857779679536e-07,-1.94111704512643e-10,0.00360474641464197,-2.26551586228395e-06,2.84738570336122e-17,4.53058112423393e-14
10232.9299228074,0.999937804868149,-0.000643004137798761,3.08857773930747e-07,-1.98633143250735e-10,0.00360474634754672,-2.31828646263085e-06,2.98157880181191e-17,4.63611182909595e-14
10471.2854805089,0.999937785381443,-0.000657981615394308,3.08857767911026e-07,-2.03259899562064e-10,0.00360474627728937,-2.37228624507857e-06,3.12209622079749e-17,4.74410065368016e-14
10715.1930523759,0.999937764976359,-0.000673307962342805,3.08857761607604e-07,-2.07994426589142e-10,0.00360474620372089,-2.4275438407356e-06,3.26923601584568e-17,4.85460485450889e-14
10964.7819614317,0.999937743609613,-0.000688991304789808,3.08857755007112e-07,-2.12839234614158e-10,0.00360474612668525,-2.48408854759885e-06,3.42331028935864e-17,4.96768302174863e-14
11220.1845430195,0.999937721235884,-0.000705039958158428,3.08857748095548e-07,-2.17796892389835e-10,0.00360474604601903,-2.54195034608633e-06,3.58464585261693e-17,5.08339511027235e-14
11481.5362149687,0.999937697807716,-0.000721462431557839,3.08857740858253e-07,-2.22870028501282e-10,0.00360474596155113,-2.60115991493157e-06,3.75358491898234e-17,5.20180247144517e-14
11748.9755493951,0.999937673275412,-0.00073826743229444,3.08857733279874e-07,-2.28061332759555e-10,0.00360474587310239,-2.66174864744818e-06,3.93048582976985e-17,5.32296788565022e-14
12022.644346174,0.999937647586938,-0.000755463870488083,3.08857725344338e-07,-2.33373557627677e-10,0.00360474578048519,-2.72374866817319e-06,4.11572381432828e-17,5.44695559557204e-14
12302.6877081237,0.999937620687806,-0.000773060863795786,3.08857717034813e-07,-2.38809519679861e-10,0.00360474568350309,-2.78719284989791e-06,4.30969178594188e-17,5.5738313402549e-14
12589.2541179415,0.999937592520957,-0.000791067742245459,3.08857708333672e-07,-2.44372101094713e-10,0.00360474558195036,-2.85211483109546e-06,4.51280117524088e-17,5.70366238995437e-14
12882.4955169312,0.999937563026648,-0.000809494053182177,3.08857699222459e-07,-2.5006425118321e-10,0.0036047454756116,-2.91854903375402e-06,4.72548280288882e-17,5.83651758180034e-14
13182.5673855639,0.999937532142317,-0.000828349566329645,3.08857689681849e-07,-2.5588898795226e-10,0.00360474536426127,-2.98653068162549e-06,4.94818779339745e-17,5.97246735629059e-14
13489.6288259164,0.999937499802454,-0.000847644278969514,3.08857679691604e-07,-2.61849399704659e-10,0.00360474524766315,-3.05609581889893e-06,5.18138853200759e-17,6.1115837946341e-14
13803.8426460287,0.999937465938462,-0.000867388421241305,3.08857669230534e-07,-2.67948646676321e-10,0.00360474512556995,-3.12728132930893e-06,5.4255796666654e-17,6.25394065696388e-14
14125.3754462274,0.999937430478512,-0.00088759246156574,3.0885765827645e-07,-2.7418996271162e-10,0.00360474499772268,-3.2001249556889e-06,5.68127915721934e-17,6.39961342143969e-14
14454.3977074591,0.999937393347389,-0.000908267112194357,3.08857646806117e-07,-2.80576656977743e-10,0.00360474486385017,-3.2746653199796e-06,5.94902937406295e-17,6.54867932426114e-14
14791.0838816819,0.999937354466333,-0.000929423334888338,3.08857634795204e-07,-2.87112115718963e-10,0.00360474472366844,-3.35094194370361e-06,6.22939824855393e-17,6.70121740061259e-14
15135.6124843619,0.999937313752872,-0.000951072346729571,3.08857622218235e-07,-2.9379980405176e-10,0.00360474457688017,-3.42899526891653e-06,6.52298047764933e-17,6.85730852656126e-14
15488.1661891246,0.999937271120649,-0.000973225626067007,3.08857609048534e-07,-3.00643267801729e-10,0.003604744423174,-3.50886667964597e-06,6.83039878531195e-17,7.01703546193106e-14
15848.9319246109,0.999937226479234,-0.000995894918601469,3.08857595258164e-07,-3.07646135383274e-10,0.00360474426222388,-3.5905985238297e-06,7.15230524336326e-17,7.18048289417446e-14
16218.1009735891,0.999937179733939,-0.00101909224361213,3.08857580817876e-07,-3.14812119723051e-10,0.00360474409368844,-3.6742341357646e-06,7.48938265458441e-17,7.34773748326599e-14
16595.8690743754,0.999937130785611,-0.00104282990032798,3.0885756569704e-07,-3.22145020228196e-10,0.00360474391721019,-3.75981785907828e-06,7.84234600099869e-17,7.51888790764084e-14
16982.4365246172,0.999937079530424,-0.00106712047444756,3.08857549863582e-07,-3.29648724800384e-10,0.00360474373241479,-3.84739507023546e-06,8.21194396040733e-17,7.694024911203e-14
17378.0082874935,0.999937025859661,-0.00109197684481058,3.08857533283918e-07,-3.3732721189677e-10,0.00360474353891027,-3.93701220259171e-06,8.59896049439483e-17,7.87324135142786e-14
17782.794100389,0.999936969659478,-0.00111741219022478,3.0885751592288e-07,-3.45184552638912e-10,0.00360474333628618,-4.02871677100702e-06,9.00421651117218e-17,8.05663224858462e-14
18197.0085860996,0.999936910810669,-0.00114343999645178,3.08857497743644e-07,-3.53224912970789e-10,0.00360474312411274,-4.12255739703253e-06,9.42857160678444e-17,8.24429483610457e-14
18620.8713666284,0.999936849188409,-0.00117007406335548,3.08857478707649e-07,-3.61452555867057e-10,0.00360474290193991,-4.21858383468348e-06,9.87292588837569e-17,8.43632861212195e-14
19054.6071796322,0.999936784661989,-0.00119732851221692,3.08857458774518e-07,-3.69871843592712e-10,0.00360474266929642,-4.31684699681218e-06,1.03382218833783e-16,8.63283539221462e-14
19498.4459975802,0.999936717094542,-0.00122521779321944,3.0885743790197e-07,-3.7848724001535e-10,0.00360474242568881,-4.41739898209485e-06,1.08254465386759e-16,8.83391936337239e-14
19952.6231496885,0.999936646342748,-0.00125375669310799,3.08857416045732e-07,-3.87303312971251e-10,0.00360474217060036,-4.52029310264669e-06,1.13356333139791e-16,9.03968713922161e-14
20417.379446695,0.999936572256537,-0.00128296034302679,3.08857393159445e-07,-3.96324736686539e-10,0.00360474190349,-4.62558391227966e-06,1.18698643738553e-16,9.25024781653518e-14
20892.9613085401,0.999936494678761,-0.00131284422653943,3.08857369194564e-07,-4.05556294254697e-10,0.00360474162379117,-4.73332723541804e-06,1.24292728830596e-16,9.46571303305791e-14
21379.620895022,0.99993641344487,-0.00134342418783553,3.08857344100257e-07,-4.1500288017174e-10,0.00360474133091057,-4.84358019668702e-06,1.30150454100366e-16,9.68619702667772e-14
21877.6162394952,0.999936328382558,-0.00137471644012856,3.08857317823296e-07,-4.246695029304e-10,0.003604741024227,-4.95640125118987e-06,1.3628424443689e-16,9.91181669597405e-14
22387.2113856831,0.999936239311399,-0.00140673757424896,3.08857290307945e-07,-4.34561287674683e-10,0.00360474070308993,-5.07185021548976e-06,1.42707110287516e-16,1.01426916621753e-13
22908.6765276774,0.999936146042462,-0.00143950456743735,3.0885726149584e-07,-4.446834789162e-10,0.00360474036681819,-5.18998829931269e-06,1.49432675253589e-16,1.03789443325585e-13
23442.2881531989,0.999936048377914,-0.0014730347923423,3.08857231325869e-07,-4.55041443313714e-10,0.00360474001469852,-5.3108781379881e-06,1.56475204986595e-16,1.06206999653236e-13
23988.3291901946,0.999935946110597,-0.00150734602622751,3.08857199734037e-07,-4.65640672517371e-10,0.00360473964598404,-5.43458382564437e-06,1.63849637446043e-16,1.08680867359787e-13
24547.08915685,0.999935839023594,-0.00154245646039321,3.08857166653335e-07,-4.76486786079106e-10,0.00360473925989266,-5.56117094917686e-06,1.71571614583273e-16,1.11212358052687e-13
25118.8643150954,0.99993572688976,-0.00157838470981684,3.08857132013595e-07,-4.87585534430777e-10,0.00360473885560545,-5.69070662300621e-06,1.7965751551835e-16,1.13802813886849e-13
25703.9578276883,0.999935609471248,-0.00161514982301797,3.08857095741342e-07,-4.98942801931586e-10,0.00360473843226486,-5.82325952464542e-06,1.88124491280441e-16,1.16453608275929e-13
26302.6799189534,0.999935486519002,-0.00165277129215273,3.0885705775964e-07,-5.105646099864e-10,0.00360473798897295,-5.9588999310944e-06,1.96990501185314e-16,1.19166146620133e-13
26915.3480392688,0.999935357772227,-0.00169126906334318,3.08857017987926e-07,-5.22457120236621e-10,0.00360473752478945,-6.09769975608123e-06,2.06274350927122e-16,1.2194186705098e-13
27542.2870333813,0.99993522295784,-0.00173066354724685,3.08856976341839e-07,-5.34626637825284e-10,0.00360473703872979,-6.23973258816976e-06,2.1599573246524e-16,1.24782241193369e-13
28183.8293126441,0.999935081789885,-0.00177097562987222,3.08856932733045e-07,-5.47079614738108e-10,0.00360473652976298,-6.38507372975363e-06,2.26175265790745e-16,1.27688774945385e-13
28840.3150312656,0.999934933968931,-0.00181222668364573,3.08856887069045e-07,-5.59822653222257e-10,0.00360473599680946,-6.53380023695739e-06,2.36834542661102e-16,1.30663009276244e-13
29512.0922666634,0.999934779181438,-0.00185443857873624,3.08856839252982e-07,-5.72862509284617e-10,0.00360473543873878,-6.68599096046553e-06,2.47996172395809e-16,1.33706521042788e-13
30199.5172040197,0.999934617099087,-0.00189763369464284,3.08856789183432e-07,-5.86206096271441e-10,0.00360473485436723,-6.84172658730118e-06,2.59683829830085e-16,1.36820923824981e-13
30902.9543251354,0.999934447378085,-0.00194183493205208,3.08856736754195e-07,-5.99860488531224e-10,0.00360473424245529,-7.00108968357635e-06,2.71922305528322e-16,1.40007868780824e-13
31622.7766016833,0.999934269658441,-0.00198706572497104,3.08856681854063e-07,-6.1383292516277e-10,0.00360473360170506,-7.16416473823625e-06,2.8473755836374e-16,1.43269045521157e-13
32359.3656929623,0.999934083563197,-0.00203335005314242,3.08856624366589e-07,-6.28130813850394e-10,0.00360473293075745,-7.33103820782073e-06,2.98156770575766e-16,1.46606183004797e-13
33113.1121482586,0.999933888697627,-0.00208071245474831,3.08856564169836e-07,-6.42761734788301e-10,0.00360473222818931,-7.50179856226649e-06,3.12208405421855e-16,1.50021050454494e-13
33884.4156139197,0.999933684648408,-0.0021291780394093,3.08856501136123e-07,-6.5773344469619e-10,0.00360473149251045,-7.67653633177399e-06,3.26922267546015e-16,1.5351545829417e-13
34673.6850452526,0.999933470982735,-0.00217877250148575,3.0885643513175e-07,-6.73053880928211e-10,0.00360473072216044,-7.85534415476384e-06,3.42329566192021e-16,1.5709125910796e-13
35481.338923357,0.999933247247406,-0.00222952213368821,3.08856366016717e-07,-6.88731165677421e-10,0.0036047299155053,-8.03831682694787e-06,3.58462981395357e-16,1.60750348621528e-13
36307.8054770096,0.999933012967864,-0.00228145384100421,3.08856293644426e-07,-7.04773610277958e-10,0.00360472907083407,-8.2255513515407e-06,3.75356733294221e-16,1.644946667062e-13
37153.5229097167,0.999932767647184,-0.00233459515494864,3.0885621786137e-07,-7.21189719607191e-10,0.00360472818635513,-8.41714699063799e-06,3.93046654706549e-16,1.68326198406431e-13
38018.9396320555,0.999932510765026,-0.00238897424814526,3.08856138506809e-07,-7.37988196590162e-10,0.00360472726019245,-8.61320531778876e-06,4.11570267126937e-16,1.7224697499114e-13
38904.5144994275,0.999932241776527,-0.00244461994924702,3.08856055412426e-07,-7.55177946808673e-10,0.00360472629038157,-8.8138302717889e-06,4.30966860304564e-16,1.76259075029479e-13
39810.7170553491,0.999931960111145,-0.00250156175820292,3.08855968401974e-07,-7.72768083217452e-10,0.00360472527486548,-9.01912821172447e-06,4.51277575570851e-16,1.80364625491587e-13
40738.0277804107,0.999931665171453,-0.00255982986187954,3.08855877290898e-07,-7.90767930969858e-10,0.0036047242114902,-9.22920797329348e-06,4.72545493093487e-16,1.84565802874912e-13
41686.9383470329,0.999931356331868,-0.00261945515004536,3.08855781885947e-07,-8.0918703235566e-10,0.00360472309800026,-9.44418092643568e-06,4.94815723241803e-16,1.88864834356694e-13
42657.9518801586,0.999931032937326,-0.00268046923172624,3.08855681984762e-07,-8.28035151853484e-10,0.00360472193203389,-9.66416103430066e-06,5.18135502257193e-16,1.93263998973208e-13
43651.5832240159,0.999930694301893,-0.00274290445194063,3.08855577375448e-07,-8.47322281300561e-10,0.00360472071111803,-9.88926491358492e-06,5.42554292431353e-16,1.97765628826387e-13
44668.3592150956,0.99993033970731,-0.00280679390882327,3.08855467836125e-07,-8.67058645182484e-10,0.00360471943266306,-1.01196118962698e-05,5.68123887004736e-16,2.02372110318456e-13
45708.8189614868,0.999929968401468,-0.00287217147114643,3.08855353134457e-07,-8.87254706045747e-10,0.00360471809395734,-1.03553240927922e-05,5.94898520007533e-16,2.07085885415219e-13
46773.5141287191,0.999929579596817,-0.00293907179624758,3.08855233027157e-07,-9.07921170035894e-10,0.00360471669216142,-1.05965264566813e-05,6.22934981276038e-16,2.11909452938672e-13
47863.0092322631,0.999929172468691,-0.00300753034837323,3.08855107259474e-07,-9.29068992564158e-10,0.00360471522430207,-1.08433468506953e-05,6.52292736888158e-16,2.16845369889595e-13
48977.8819368439,0.999928746153563,-0.00307758341744816,3.08854975564652e-07,-9.50709384105562e-10,0.00360471368726592,-1.10959161144921e-05,6.83034055273339e-16,2.21896252800836e-13
50118.7233627264,0.999928299747211,-0.00314926813828005,3.08854837663365e-07,-9.72853816131504e-10,0.0036047120777929,-1.13543681338692e-05,7.15224139264193e-16,2.27064779121978e-13
51286.1383991357,0.999927832302804,-0.00322262251020944,3.08854693263123e-07,-9.95514027179901e-10,0.00360471039246928,-1.16188399116105e-05,7.48931264369665e-16,2.32353688636116e-13
52480.7460249764,0.999927342828889,-0.00329768541721525,3.08854542057652e-07,-1.01870202906607e-09,0.0036047086277205,-1.18894716399738e-05,7.84226923562812e-16,2.37765784909482e-13
53703.1796370244,0.999926830287292,-0.00337449664848634,3.08854383726245e-07,-1.0424301132376e-09,0.00360470677980353,-1.216640677486e-05,8.21185978889973e-16,2.43303936774669e-13
54954.0873857616,0.999926293590917,-0.00345309691946976,3.08854217933083e-07,-1.06671085727641e-09,0.00360470484479894,-1.24497921117004e-05,8.59886820222651e-16,2.4897107984823e-13
56234.132519034,0.999925731601439,-0.00353352789340667,3.0885404432652e-07,-1.09155713155155e-09,0.00360470281860262,-1.27397778631022e-05,9.00411531488451e-16,2.54770218083431e-13
57543.9937337148,0.99992514312689,-0.00361583220336711,3.08853862538341e-07,-1.11698210602603e-09,0.00360470069691705,-1.30365177382927e-05,9.42846064733331e-16,2.60704425358973e-13
58884.365535558,0.999924526919133,-0.00370005347479489,3.08853672182979e-07,-1.14299925722125e-09,0.0036046984752422,-1.33401690244024e-05,9.87280422383934e-16,2.66776847104507e-13
60255.9586074348,0.999923881671212,-0.00378623634857456,3.08853472856696e-07,-1.16962237534275e-09,0.00360469614886597,-1.3650892669631e-05,1.03380884809617e-15,2.72990701963766e-13
61659.5001861472,0.999923206014586,-0.00387442650463203,3.08853264136731e-07,-1.19686557157073e-09,0.00360469371285423,-1.39688533683368e-05,1.08253002659435e-15,2.79349283496201e-13
63095.7344480183,0.999922498516223,-0.00396467068608134,3.088530455804e-07,-1.22474328551938e-09,0.00360469116204031,-1.42942196480955e-05,1.13354729292421e-15,2.85855961917972e-13
64565.4229034645,0.999921757675563,-0.00405701672392983,3.08852816724156e-07,-1.25327029286864e-09,0.00360468849101412,-1.46271639587721e-05,1.18696885156315e-15,2.92514185883216e-13
66069.3448007586,0.999920981921334,-0.00415151356235452,3.08852577082615e-07,-1.28246171317239e-09,0.00360468569411057,-1.49678627636525e-05,1.24290800585162e-15,2.99327484306491e-13
67608.2975391971,0.999920169608226,-0.00424821128456267,3.08852326147514e-07,-1.31233301784724e-09,0.00360468276539768,-1.53164966326812e-05,1.3014833982318e-15,3.06299468227347e-13
69183.0970918925,0.999919319013394,-0.00434716113924984,3.08852063386642e-07,-1.34290003834572e-09,0.0036046796986639,-1.56732503378528e-05,1.36281926180224e-15,3.13433832717965e-13
70794.5784384127,0.999918428332815,-0.00444841556766901,3.08851788242712e-07,-1.37417897451834e-09,0.003604676487405,-1.60383129508073e-05,1.4270456837212e-15,3.20734358834865e-13
72443.5960074979,0.999917495677453,-0.00455202823132447,3.08851500132173e-07,-1.40618640316865e-09,0.00360467312481026,-1.64118779426776e-05,1.4942988810164e-15,3.28204915615661e-13
74131.0241300906,0.999916519069263,-0.00465805404030496,3.08851198443978e-07,-1.43893928680572e-09,0.00360466960374804,-1.67941432862417e-05,1.56472148938537e-15,3.35849462121895e-13
75857.7575029172,0.999915496436992,-0.00476654918227016,3.08850882538289e-07,-1.47245498259851e-09,0.00360466591675064,-1.71853115604303e-05,1.63846286559751e-15,3.4367204952899e-13
77624.7116628679,0.999914425611788,-0.0048775711521055,3.08850551745116e-07,-1.50675125153661e-09,0.00360466205599849,-1.75855900572449e-05,1.71567940413844e-15,3.51676823264381e-13
79432.8234724269,0.999913304322606,-0.0049911787822603,3.088502053629e-07,-1.5418462678022e-09,0.00360465801330355,-1.79951908911381e-05,1.79653486876651e-15,3.59868025194922e-13
81283.0516164086,0.999912130191388,-0.0051074322737847,3.08849842657026e-07,-1.57775862835775e-09,0.003604653780092,-1.84143311109148e-05,1.88120073968364e-15,3.6824999586467e-13
83176.3771102658,0.999910900728025,-0.00522639322808087,3.08849462858264e-07,-1.61450736275442e-09,0.00360464934738598,-1.88432328142075e-05,1.96985657705488e-15,3.76827176784171e-13
85113.8038202363,0.99990961332508,-0.0053481246793849,3.08849065161139e-07,-1.65211194316621e-09,0.00360464470578465,-1.92821232645867e-05,2.06269040164621e-15,3.85604112772427e-13
87096.3589956067,0.999908265252257,-0.00547269112799529,3.08848648722223e-07,-1.69059229465467e-09,0.0036046398454442,-1.9731235011363e-05,2.15989909338588e-15,3.94585454352703e-13
89125.0938133731,0.999906853650615,-0.00560015857426519,3.08848212658349e-07,-1.72996880566964e-09,0.00360463475605701,-2.0190806012142e-05,2.26168880869252e-15,4.03775960203382e-13
91201.0839355895,0.999905375526509,-0.005730594553375,3.08847756044738e-07,-1.77026233879094e-09,0.00360462942682979,-2.06610797581945e-05,2.36827541745286e-15,4.13180499665102e-13
93325.4300796976,0.999903827745243,-0.00586406817090307,3.08847277913036e-07,-1.81149424171675e-09,0.00360462384646071,-2.1142305402702e-05,2.47988496057334e-15,4.22804055305431e-13
95499.258602142,0.99990220702443,-0.00600065013921198,3.08846777249269e-07,-1.85368635850375e-09,0.00360461800311546,-2.16347378919447e-05,2.59675412907329e-15,4.32651725542342e-13
97723.7220955795,0.999900509927029,-0.00614041281466864,3.08846252991685e-07,-1.89686104106502e-09,0.00360461188440214,-2.21386380994938e-05,2.71913076573271e-15,4.42728727327807e-13
99999.9999999984,0.999898732854066,-0.0062834302357165,3.08845704028509e-07,-1.94104116093105e-09,0.003604605477345,-2.26542729634779e-05,2.84727439035537e-15,4.53040398892838e-13
102329.299228074,0.999896872037005,-0.00642977816181878,3.08845129195588e-07,-1.98625012127987e-09,0.00360459876835697,-2.31819156269885e-05,2.98145674975746e-15,4.63592202555318e-13
104712.854805088,0.999894923529761,-0.00657953411329185,3.08844527273918e-07,-2.03251186924215e-09,0.00360459174321084,-2.3721845581695e-05,3.12196239364439e-15,4.74389727592017e-13
107151.930523759,0.999892883200339,-0.00673277741204824,3.08843896987069e-07,-2.07985090848728e-09,0.00360458438700912,-2.42743488147401e-05,3.26908927759268e-15,4.85438693176194e-13
109647.819614317,0.999890746722079,-0.00688958922326919,3.08843236998472e-07,-2.12829231209663e-09,0.00360457668415247,-2.48397179589853e-05,3.42314939441091e-15,4.96744951382215e-13
112201.845430195,0.999888509564485,-0.00705005259802703,3.08842545908594e-07,-2.17786173573023e-09,0.00360456861830665,-2.54182524466822e-05,3.58446943521353e-15,5.08314490258662e-13
114815.362149686,0.999886166983633,-0.00721425251687797,3.08841822251968e-07,-2.22858543109316e-09,0.00360456017236792,-2.60102586666415e-05,3.75339148160383e-15,5.20153436971398e-13
117489.755493951,0.99988371401211,-0.00738227593444637,3.08841064494091e-07,-2.28049025970829e-09,0.00360455132842677,-2.6616050124977e-05,3.93027373042753e-15,5.3226806101813e-13
120226.443461739,0.999881145448502,-0.00755421182502177,3.08840271028169e-07,-2.33360370700187e-09,0.00360454206773002,-2.72359476095017e-05,4.11549125262741e-15,5.44664777515983e-13
123026.877081236,0.999878455846363,-0.00773015122919056,3.08839440171721e-07,-2.38795389670867e-09,0.00360453237064108,-2.78702793578527e-05,4.3094367878004e-15,5.57350150563678e-13
125892.541179415,0.99987563950269,-0.00791018730152437,3.08838570163005e-07,-2.44356960560365e-09,0.00360452221659833,-2.85193812294277e-05,4.51252157613412e-15,5.70330896679896e-13
128824.955169311,0.999872690445833,-0.00809441535934759,3.08837659157294e-07,-2.50048027856694e-09,0.00360451158407159,-2.91835968812107e-05,4.72517622947785e-15,5.83613888319452e-13
131825.673855639,0.999869602422853,-0.00828293293260712,3.08836705222967e-07,-2.55871604398926e-09,0.00360450045051653,-2.98632779475729e-05,4.94785164338536e-15,5.97206157468934e-13
134896.288259163,0.999866368886278,-0.00847583981486738,3.08835706337415e-07,-2.61830772952509e-09,0.0036044887923269,-3.05587842241296e-05,5.18101995205259e-15,6.11114899323484e-13
138038.426460286,0.999862982980235,-0.00867323811545434,3.08834660382762e-07,-2.67928687820063e-09,0.00360447658478453,-3.12704838557405e-05,5.42517552816348e-15,6.25347476046411e-13
141253.754462273,0.999859437525934,-0.00887523231277252,3.08833565141377e-07,-2.74168576488422e-09,0.00360446380200703,-3.19987535287386e-05,5.68083602975078e-15,6.39911420613384e-13
144543.97707459,0.99985572500647,-0.00908192930881929,3.08832418291182e-07,-2.80553741312659e-09,0.00360445041689295,-3.27439786674764e-05,5.9485434962777e-15,6.54814440742951e-13
147910.838816818,0.999851837550902,-0.0092934384849212,3.0883121740073e-07,-2.87087561237857e-09,0.00360443640106441,-3.3506553635277e-05,6.22886549624848e-15,6.70064422915159e-13
151356.124843618,0.999847766917597,-0.00950987175871739,3.08829959924063e-07,-2.93773493559412e-09,0.00360442172480704,-3.42868819398823e-05,6.52239632876447e-15,6.85669436480101e-13
154881.661891246,0.99984350447678,-0.00973134364241546,3.08828643195321e-07,-3.00615075722636e-09,0.00360440635700705,-3.50853764434889e-05,6.82975828155424e-15,7.01637737858194e-13
158489.319246109,0.999839041192267,-0.0099579713023455,3.08827264423097e-07,-3.0761592716247e-09,0.00360439026508539,-3.59024595774637e-05,7.15160294812479e-15,7.17977774834068e-13
162181.00973589,0.999834367602345,-0.0101898746198384,3.08825820684535e-07,-3.14779751184097e-09,0.00360437341492881,-3.67385635618347e-05,7.48861260680365e-15,7.34698190945924e-13
165958.690743753,0.999829473799745,-0.0104271762534547,3.08824308919136e-07,-3.22110336885285e-09,0.00360435577081766,-3.75941306296512e-05,7.84150166457116e-15,7.51807829972274e-13
169824.365246172,0.999824349410679,-0.0106700017025906,3.0882272592229e-07,-3.29611561121264e-09,0.00360433729535029,-3.84696132563083e-05,8.21101816871673e-15,7.69315740517977e-13
173780.082874935,0.999818983572897,-0.0109184793724884,3.08821068338493e-07,-3.37287390512991e-09,0.00360431794936395,-3.93654743939355e-05,8.59794538949428e-15,7.87231180701514e-13
177827.941003889,0.9998133649127,-0.0111727406406779,3.08819332654248e-07,-3.45141883499618e-09,0.00360429769185192,-4.02821877109443e-05,9.00310347709942e-15,8.05563622945464e-13
181970.085860995,0.999807481520891,-0.0114329199248765,3.08817515190633e-07,-3.53179192436032e-09,0.00360427647987679,-4.12202378368365e-05,9.42735119644546e-15,8.24322758872146e-13
186208.713666284,0.999801320927581,-0.0116991547523762,3.08815612095521e-07,-3.61403565736306e-09,0.00360425426847964,-4.21801206123702e-05,9.87158774337652e-15,8.43518504306443e-13
190546.071796322,0.999794870075824,-0.0119715858309443,3.08813619335438e-07,-3.69819350063932e-09,0.00360423101058497,-4.31623433451862e-05,1.0336754646125e-14,8.63161004387785e-13
194984.459975801,0.99978811529401,-0.0122503571212665,3.08811532687026e-07,-3.78430992569682e-09,0.00360420665690116,-4.41674250709936e-05,1.08238377559971e-14,8.83260638793336e-13
199526.231496885,0.999781042266963,-0.0125356159109602,3.08809347728124e-07,-3.87243043177995e-09,0.0036041811558163,-4.51958968204179e-05,1.13338693314537e-14,9.03828027074393e-13
204173.79446695,0.999773636005682,-0.0128275128901863,3.08807059828416e-07,-3.96260156922731e-09,0.00360415445328905,-4.62483018916117e-05,1.18679302199492e-14,9.24874034108039e-13
208929.6130854,0.999765880815668,-0.0131262022288882,3.08804664139648e-07,-4.05487096333186e-09,0.00360412649273449,-4.73251961287318e-05,1.24271521420887e-14,9.46409775666097e-13
213796.20895022,0.99975776026376,-0.0134318416556854,3.08802155585381e-07,-4.14928733871237e-09,0.00360409721490451,-4.8427148206382e-05,1.30127200828788e-14,9.68446624103406e-13
218776.162394952,0.99974925714342,-0.013744592538451,3.0879952885027e-07,-4.24590054420488e-09,0.00360406655776267,-4.95547399201271e-05,1.36258747950639e-14,9.90996214167485e-13
223872.11385683,0.99974035343839,-0.0140646199666005,3.08796778368838e-07,-4.34476157828291e-09,0.00360403445635319,-5.07085664831771e-05,1.42679154197731e-14,1.01407044893159e-12
229086.765276773,0.999731030284647,-0.01439209283512,3.08793898313717e-07,-4.4459226150151e-09,0.00360400084266372,-5.18892368293435e-05,1.49402022299409e-14,1.03768150585323e-12
234422.881531988,0.999721267930576,-0.0147271839303633,3.08790882583354e-07,-4.54943703056887e-09,0.00360396564548181,-5.30973739223692e-05,1.56441595022175e-14,1.06184184296006e-12
239883.291901945,0.999711045695278,-0.0150700700176426,3.08787724789122e-07,-4.65535943026872e-09,0.00360392879024457,-5.43336150717306e-05,1.63812785233474e-14,1.08656420516534e-12
245470.891568499,0.999700341924928,-0.0154209319306429,3.08784418241846e-07,-4.76374567621748e-09,0.00360389019888132,-5.55986122550116e-05,1.71531207372677e-14,1.11186163071463e-12
251188.643150954,0.999689133947085,-0.0157799546626858,3.08780955937688e-07,-4.87465291548897e-09,0.00360384978964886,-5.68930324469447e-05,1.79613210394658e-14,1.137747457766e-12
257039.578276882,0.999677398022874,-0.0161473274598691,3.08777330543369e-07,-4.9881396089002e-09,0.00360380747695909,-5.82175579552177e-05,1.88075912254344e-14,1.1642353311054e-12
263026.799189534,0.999665109296926,-0.0165232439161081,3.08773534380711e-07,-5.10426556037106e-09,0.00360376317119846,-5.95728867631359e-05,1.9693723600374e-14,1.1913392089992e-12
269153.480392687,0.99965224174498,-0.016907902070105,3.0876955941045e-07,-5.22309194687936e-09,0.00360371677853914,-6.09597328792337e-05,2.06215947576202e-14,1.21907337018564e-12
275422.870333812,0.999638768119033,-0.017301504504269,3.08765397215288e-07,-5.34468134901882e-09,0.00360366820074121,-6.23788266939227e-05,2.15931695336132e-14,1.24745242100704e-12
281838.29312644,0.999624659889935,-0.0177042584456121,3.08761038982165e-07,-5.46909778216716e-09,0.00360361733494569,-6.38309153432604e-05,2.26105051475819e-14,1.27649130268442e-12
288403.150312656,0.9996098871873,-0.0181163758686428,3.08756475483692e-07,-5.59640672827145e-09,0.00360356407345792,-6.53167630799238e-05,2.36757555344865e-14,1.30620529873609e-12
295120.922666633,0.999594418736612,-0.0185380736002792,3.08751697058726e-07,-5.7266751682572e-09,0.0036035083035208,-6.68371516514617e-05,2.47911758801519e-14,1.33661004254197e-12
301995.172040196,0.999578221793403,-0.0189695734268014,3.08746693592033e-07,-5.85997161506756e-09,0.00360344990707745,-6.83928806859022e-05,2.59591273679251e-14,1.36772152505478e-12
309029.543251354,0.999561262074351,-0.0194111022028622,3.08741454493007e-07,-5.99636614733832e-09,0.00360338876052281,-6.99847680847795e-05,2.71820821466135e-14,1.39955610265984e-12
316227.766016832,0.999543503685184,-0.019862891962574,3.08735968673395e-07,-6.13593044371404e-09,0.00360332473444372,-7.16136504236453e-05,2.84626285299006e-14,1.4321305051843e-12
323593.656929623,0.999524909045213,-0.0203251800326856,3.08730224523986e-07,-6.27873781781017e-09,0.00360325769334679,-7.32803833601175e-05,2.98034764378914e-14,1.46546184405727e-12
331131.121482585,0.999505438808358,-0.0207982091478638,3.08724209890215e-07,-6.42486325382511e-09,0.00360318749537369,-7.49858420495162e-05,3.12074630919192e-14,1.49956762062161e-12
338844.156139197,0.999485051780499,-0.0212822275680905,3.08717912046632e-07,-6.57438344280582e-09,0.00360311399200321,-7.67309215681268e-05,3.26775589742443e-14,1.53446573459821e-12
346736.850452526,0.999463704832989,-0.0217774891981842,3.08711317670182e-07,-6.72737681956976e-09,0.00360303702773934,-7.85165373441225e-05,3.42168740647889e-14,1.5701744927035e-12
354813.389233569,0.999441352812144,-0.0222842537094515,3.08704412812249e-07,-6.88392360028479e-09,0.00360295643978504,-8.03436255961676e-05,3.58286643675998e-14,1.60671261742047e-12
363078.054770095,0.999417948444533,-0.0228027866634734,3.08697182869395e-07,-7.04410582070845e-09,0.00360287205770074,-8.2213143779715e-05,3.75163387402861e-14,1.64409925592368e-12
371535.229097166,0.999393442237878,-0.0233333596380243,3.0868961255275e-07,-7.20800737508619e-09,0.00360278370304701,-8.41260710409957e-05,3.928346604027e-14,1.6823539891579e-12
380189.396320554,0.999367782377353,-0.0238762503551225,3.08681685855977e-07,-7.37571405570791e-09,0.00360269118901073,-8.60834086786904e-05,4.11337826022954e-14,1.72149684107058e-12
389045.144994274,0.999340914617089,-0.0244317428112026,3.08673386021752e-07,-7.54731359312026e-09,0.00360259432001391,-8.80861806132549e-05,4.30712000622746e-14,1.76154828799715e-12
398107.17055349,0.99931278216665,-0.025000127409401,3.08664695506699e-07,-7.72289569699126e-09,0.00360249289130436,-9.01354338638604e-05,4.5099813543212e-14,1.8025292681988e-12
407380.277804106,0.999283325572262,-0.0255817010939358,3.08655595944701e-07,-7.90255209762243e-09,0.00360238668852749,-9.22322390328882e-05,4.72239102196321e-14,1.84446119155114e-12
416869.383470328,0.999252482592559,-0.0261767674865627,3.08646068108513e-07,-8.08637658810174e-09,0.00360227548727836,-9.43776907979063e-05,4.94479782776483e-14,1.88736594938262e-12
426579.518801585,0.999220188068592,-0.0267856370250785,3.08636091869606e-07,-8.27446506708944e-09,0.00360215905263294,-9.65729084110304e-05,5.17767162885526e-14,1.93126592446048e-12
436515.832240158,0.999186373787843,-0.0274086271038414,3.08625646156159e-07,-8.46691558222673e-09,0.0036020371386579,-9.88190362055554e-05,5.42150430145748e-14,1.97618400112219e-12
446683.592150955,0.999150968341977,-0.0280460622162688,3.08614708909121e-07,-8.66382837415538e-09,0.00360190948789768,-0.000101117244109717,5.6768107666258e-14,2.02214357554936e-12
457088.189614867,0.999113896978051,-0.0286982740992674,3.08603257036242e-07,-8.86530592113431e-09,0.0036017758308381,-0.00010346872816742,5.94413006317243e-14,2.06916856618107e-12
467735.14128719,0.999075081442887,-0.0293656018795433,3.08591266363999e-07,-9.07145298423674e-09,0.00360163588534523,-0.000105874711065745,6.22402646989673e-14,2.11728342426259e-12
478630.09232263,0.999034439820297,-0.0300483922217302,3.08578711587314e-07,-9.28237665310915e-09,0.00360148935607852,-0.000108336442669007,6.51709067931934e-14,2.16651314452528e-12
489778.819368438,0.998991886360855,-0.0307469994782664,3.08565566216967e-07,-9.49818639227051e-09,0.00360133593387708,-0.000110855200559126,6.82394102521612e-14,2.21688327599249e-12
501187.233627263,0.99894733130387,-0.031461785840942,3.08551802524599e-07,-9.71899408792724e-09,0.0036011752951178,-0.000113432290582012,7.14522476634187e-14,2.26841993290592e-12
512861.383991356,0.998900680691224,-0.0321931214940263,3.0853739148521e-07,-9.94491409527654e-09,0.00360100710104417,-0.000116069047399653,7.4816194288329e-14,2.32114980576581e-12
524807.460249763,0.998851836172713,-0.0329413847688754,3.08522302717018e-07,-1.01760632862668e-08,0.00360083099706446,-0.000118766835047531,7.83383420987936e-14,2.3751001724779e-12
537031.796370243,0.99880069480252,-0.0337069622999077,3.08506504418594e-07,-1.04125610977807e-08,0.00360064661201792,-0.000121527047496985,8.20261144536394e-14,2.43029890959895e-12
549540.873857615,0.998747148826423,-0.0344902491818228,3.0848996330312e-07,-1.06545295802024e-08,0.00360045355740759,-0.000124351109222041,8.5887281442723e-14,2.4867745036719e-12
562341.325190339,0.998691085459341,-0.0352916491279243,3.08472644529679e-07,-1.09020934463257e-08,0.00360025142659823,-0.000127240475770232,8.9929975927928e-14,2.54455606264056e-12
575439.937337147,0.998632386652797,-0.0361115746293937,3.08454511631412e-07,-1.11553801205559e-08,0.003600039793978,-0.000130196634336842,9.41627103113902e-14,2.60367332733288e-12
588843.655355579,0.998570928851858,-0.0369504471153457,3.08435526440438e-07,-1.14145197883534e-08,0.00359981821408204,-0.00013322110434197,9.85943940624737e-14,2.66415668300045e-12
602559.586074347,0.998506582741094,-0.0378086971134777,3.08415649009378e-07,-1.16796454458604e-08,0.00359958622067664,-0.000136315438009737,1.03234352036246e-13,2.72603717090094e-12
616595.001861471,0.998439212979095,-0.0386867644111093,3.08394837529341e-07,-1.19508929496483e-08,0.00359934332580201,-0.000139481220948894,1.0809234361746e-13,2.78934649990844e-12
630957.344480182,0.99836867792105,-0.0395850982163858,3.08373048244224e-07,-1.22284010665159e-08,0.00359908901877208,-0.000142720072734032,1.13178582725335e-13,2.85411705813572e-12
645654.229034644,0.998294829328873,-0.040504157319401,3.0835023536117e-07,-1.25123115232626e-08,0.0035988227651294,-0.000146033647486484,1.18503758715754e-13,2.92038192455057e-12
660693.448007584,0.998217512068372,-0.0414444102529686,3.08326350957014e-07,-1.28027690563526e-08,0.00359854400555331,-0.000149423634453979,1.24079058218847e-13,2.98817488056672e-12
676082.97539197,0.998136563792884,-0.0424063354527496,3.08301344880557e-07,-1.30999214613809e-08,0.0035982521547193,-0.000152891758587959,1.29916187951303e-13,3.05753042158833e-12
691830.970918924,0.99805181461284,-0.0433904214164165,3.08275164650491e-07,-1.34039196422413e-08,0.00359794660010769,-0.000156439781117432,1.36027398544169e-13,3.12848376848492e-12
707945.784384125,0.997963086750655,-0.0443971668615041,3.08247755348783e-07,-1.37149176598886e-08,0.00359762670075935,-0.000160069500118091,1.42425509428304e-13,3.20107087897161e-12
724435.960074977,0.997870194180352,-0.0454270808815725,3.08219059509357e-07,-1.40330727805798e-08,0.00359729178597638,-0.000163782751075334,1.49123934821154e-13,3.27532845886749e-12
741310.241300904,0.99777294225128,-0.0464806831002675,3.08189017001851e-07,-1.43585455234654e-08,0.00359694115396554,-0.000167581407439724,1.56136710859909e-13,3.35129397320244e-12
758577.57502917,0.997671127295294,-0.0475585038228375,3.08157564910272e-07,-1.46914997073953e-08,0.00359657407042188,-0.000171467381173261,1.63478523927678e-13,3.42900565714037e-12
776247.116628678,0.997564536216719,-0.0486610841846224,3.08124637406329e-07,-1.5032102496789e-08,0.00359618976705047,-0.000175442623284745,1.71164740220728e-13,3.50850252668415e-12
794328.234724267,0.997452946064425,-0.0497889762959945,3.08090165617236e-07,-1.53805244464096e-08,0.00359578744002352,-0.000179509124352347,1.79211436606404e-13,3.58982438912457e-12
812830.516164085,0.997336123585278,-0.0509427433831867,3.08054077487776e-07,-1.57369395448685e-08,0.0035953662483704,-0.000183668915031351,1.87635432822792e-13,3.6730118531927e-12
831763.771102656,0.997213824758271,-0.0521229599244004,3.08016297636381e-07,-1.61015252566701e-08,0.00359492531229801,-0.000187924066544878,1.96454325072719e-13,3.75810633887183e-12
851138.038202361,0.997085794308562,-0.0533302117805357,3.07976747205011e-07,-1.64744625625969e-08,0.00359446371143869,-0.000192276691155215,2.05686521066151e-13,3.84515008682152e-12
870963.589956065,0.996951765200653,-0.0545650963198354,3.07935343702595e-07,-1.68559359982136e-08,0.00359398048302291,-0.000196728942613214,2.15351276566491e-13,3.93418616736275e-12
891250.938133729,0.996811458109929,-0.0558282225356804,3.07892000841777e-07,-1.72461336902555e-08,0.00359347461997396,-0.000201283016582987,2.25468733497736e-13,4.02525848896911e-12
912010.839355893,0.996664580871741,-0.0571202111567146,3.07846628368729e-07,-1.76452473906481e-08,0.00359294506892172,-0.000205941151038951,2.36059959670818e-13,4.11841180620489e-12
933254.300796974,0.996510827907204,-0.058441694748416,3.07799131885779e-07,-1.80534725078835e-08,0.00359239072813236,-0.000210705626632031,2.47146990188768e-13,4.21369172704618e-12
954992.586021419,0.996349879624873,-0.0597933178051636,3.07749412666571e-07,-1.84710081354616e-08,0.0035918104453512,-0.000215578767021602,2.58752870591653e-13,4.31114471951666e-12
977237.220955793,0.996181401797429,-0.0611757368317806,3.07697367463521e-07,-1.88980570770793e-08,0.00359120301555538,-0.000220562939169479,2.70901701803362e-13,4.4108181175644e-12
999999.999999982,0.996005044912498,-0.062589620413458,3.07642888307275e-07,-1.93348258682316e-08,0.00359056717861333,-0.000225660553592026,2.8361868694344e-13,4.51276012610069e-12
1023292.99228074,0.995820443496721,-0.0640356492728835,3.07585862297901e-07,-1.97815247938591e-08,0.00358990161684776,-0.000230874064566121,2.96930180068134e-13,4.61701982511624e-12
1047128.54805088,0.995627215412168,-0.0655145163133162,3.07526171387542e-07,-2.02383679016545e-08,0.00358920495249895,-0.000236205970284465,3.10863736905621e-13,4.7236471727838e-12
1071519.30523759,0.995424961124184,-0.0670269266462588,3.07463692154248e-07,-2.07055730106109e-08,0.00358847574508503,-0.000241658812955345,3.25448167651104e-13,4.83269300745008e-12
1096478.19614316,0.995213262939751,-0.0685735976022807,3.07398295566691e-07,-2.11833617143652e-08,0.003587712488656,-0.00024723517884166,3.40713591887929e-13,4.94420904841255e-12
1122018.45430194,0.994991684215448,-0.0701552587234482,3.07329846739491e-07,-2.16719593788598e-08,0.0035869136089381,-0.000252937698233627,3.56691495701169e-13,5.05824789536995e-12
1148153.62149686,0.994759768534085,-0.0717726517357089,3.07258204678871e-07,-2.21715951338118e-08,0.00358607746036524,-0.000258769045349215,3.73414791050175e-13,5.17486302642711e-12
1174897.55493951,0.994517038849087,-0.0734265304994642,3.07183222018343e-07,-2.26825018574437e-08,0.00358520232299414,-0.00026473193815594,3.9091787746637e-13,5.29410879452695e-12
1202264.43461739,0.994262996595723,-0.0751176609364461,3.07104744744152e-07,-2.3204916153895e-08,0.00358428639930002,-0.000270829138107228,4.09236706142022e-13,5.41604042217361e-12
1230268.77081236,0.993997120768275,-0.076846820930886,3.07022611910204e-07,-2.3739078322692e-08,0.00358332781084937,-0.000277063449786086,4.28408846474883e-13,5.54071399430177e-12
1258925.41179414,0.993718866962272,-0.0786148002028314,3.06936655342195e-07,-2.42852323196129e-08,0.00358232459484682,-0.000283437720448361,4.48473555132305e-13,5.66818644913746e-12
1288249.55169311,0.993427666380922,-0.0804224001513263,3.06846699330688e-07,-2.48436257082445e-08,0.00358127470055299,-0.00028995483945734,4.69471847696742e-13,5.79851556688562e-12
1318256.73855638,0.993122924804916,-0.0822704336650214,3.06752560312863e-07,-2.54145096014769e-08,0.00358017598557014,-0.000296617737600929,4.9144657295241e-13,5.93175995606904e-12
1348962.88259163,0.99280402152482,-0.0841597248976273,3.06654046542728e-07,-2.59981385921375e-08,0.00357902621199309,-0.000303429386282064,5.14442489870103e-13,6.06797903733192e-12
1380384.26460286,0.992470308235295,-0.086091109005458,3.0655095774952e-07,-2.65947706719148e-08,0.00357782304242239,-0.000310392796572461,5.38506347343904e-13,6.20723302450983e-12
1412537.54462273,0.992121107890476,-0.0880654318441438,3.06443084784118e-07,-2.72046671376687e-08,0.00357656403583755,-0.000317511018119134,5.63686966729521e-13,6.34958290275513e-12
1445439.7707459,0.991755713519864,-0.0900835496214091,3.06330209253254e-07,-2.78280924841682e-08,0.0035752466433278,-0.00032478713789253,5.90035327229265e-13,6.49509040349432e-12
1479108.38816818,0.9913733870042,-0.0921463285026286,3.06212103141366e-07,-2.84653142822424e-08,0.00357386820367869,-0.000332224278764395,6.17604654163193e-13,6.64381797598001e-12
1513561.24843618,0.990973357810852,-0.0942546441656732,3.06088528419937e-07,-2.91166030412662e-08,0.0035724259388126,-0.00033982559790282,6.46450510159497e-13,6.79582875518622e-12
1548816.61891245,0.990554821688362,-0.0964093813013591,3.05959236644224e-07,-2.97822320548413e-08,0.00357091694908213,-0.000347594284971157,6.76630889289843e-13,6.9511865257809e-12
1584893.19246108,0.990116939319916,-0.0986114330555953,3.05823968537298e-07,-3.04624772284685e-08,0.00356933820841523,-0.000355533560116742,7.08206314166906e-13,7.1099556818944e-12
1621810.0973589,0.989658834935628,-0.10086170040911,3.05682453561353e-07,-3.11576168879355e-08,0.003567686559312,-0.000363646671734559,7.41239936011696e-13,7.27220118238653e-12
1659586.90743753,0.989179594883686,-0.103161091490405,3.05534409476318e-07,-3.18679315670789e-08,0.0035659587076931,-0.000371936893990163,7.75797637687343e-13,7.4379885012986e-12
1698243.65246171,0.988678266160574,-0.105510520817347,3.05379541885819e-07,-3.25937037735013e-08,0.00356415121760056,-0.00038040752408532,8.11948139683702e-13,7.60738357315965e-12
1737800.82874934,0.988153854900788,-0.107910908462576,3.05217543770632e-07,-3.33352177307543e-08,0.00356226050575267,-0.000389061879248974,8.49763109023278e-13,7.78045273279876e-12
1778279.41003889,0.987605324826658,-0.110363179137646,3.05048095009808e-07,-3.40927590954154e-08,0.00356028283595491,-0.000397903293435197,8.89317271043456e-13,7.95726264929707e-12
1819700.85860995,0.987031595659144,-0.112868261190567,3.0487086188975e-07,-3.48666146474151e-08,0.00355821431337028,-0.000406935113708933,9.30688523992756e-13,8.13788025369515e-12
1862087.13666283,0.986431541490749,-0.115427085511152,3.04685496601579e-07,-3.5657071951883e-08,0.00355605087865298,-0.000416160696299341,9.73958056359563e-13,8.32237266005228e-12
1905460.71796321,0.985803989121953,-0.118040584338313,3.04491636727235e-07,-3.64644189907052e-08,0.00355378830195061,-0.000425583402299626,1.01921046683045e-12,8.51080707943509e-12
1949844.59975801,0.985147716362943,-0.120709689963192,3.0428890471486e-07,-3.7288943761901e-08,0.00355142217678118,-0.000435206592991287,1.06653388675166e-12,8.70325072639432e-12
1995262.31496884,0.984461450302735,-0.12343533332171,3.04076907344102e-07,-3.81309338448435e-08,0.00354894791379267,-0.000445033624769722,1.11602010494115e-12,8.89977071746838e-12
2041737.94466949,0.983743865548224,-0.126218442469906,3.03855235182132e-07,-3.89906759292686e-08,0.00354636073441408,-0.000455067843647194,1.16776469467027e-12,9.10043396123381e-12
2089296.130854,0.98299358243608,-0.129059940935115,3.03623462031277e-07,-3.98684553059306e-08,0.00354365566440855,-0.000465312579308183,1.22186714260226e-12,9.30530703940318e-12
2137962.08950219,0.98220916522094,-0.131960745935819,3.03381144369323e-07,-4.07645553166893e-08,0.00354082752734116,-0.000475771138691234,1.27843097944091e-12,9.51445607845242e-12
2187761.62394951,0.981389120243826,-0.134921766462724,3.03127820783717e-07,-4.1679256761727e-08,0.00353787093797527,-0.000486446799070476,1.33756391200466e-12,9.72794661124148e-12
2238721.1385683,0.980531894085309,-0.137943901213392,3.02863011401047e-07,-4.26128372615273e-08,0.00353478029561398,-0.000497342800609149,1.39937795640083e-12,9.94584342807447e-12
2290867.65276773,0.979635871708548,-0.141028036372524,3.02586217313406e-07,-4.35655705711712e-08,0.00353154977740503,-0.00050846233835662,1.46398957193e-12,1.01682104166294e-11
2344228.81531988,0.978699374597997,-0.144175043229764,3.0229692000341e-07,-4.45377258444454e-08,0.00352817333163008,-0.000519808553659643,1.53151979530244e-12,1.03951103901725e-11
2398832.91901944,0.977720658900318,-0.147385775626746,3.01994580769898e-07,-4.55295668451967e-08,0.00352464467100202,-0.000531384524957927,1.60209437469613e-12,1.06266049034577e-11
2454708.91568498,0.976697913574782,-0.150661067224902,3.01678640156568e-07,-4.65413511033197e-08,0.00352095726599634,-0.000543193257933501,1.67584390312966e-12,1.08627540557024e-11
2511886.43150953,0.975629258561329,-0.154001728585454,3.01348517386062e-07,-4.75733290127248e-08,0.00351710433824633,-0.000555237674982913,1.75290395056279e-12,1.11036162800191e-11
2570395.78276881,0.974512742975312,-0.15740854405291,3.01003609802297e-07,-4.86257428686047e-08,0.00351307885403437,-0.000567520603980991,1.83341519407196e-12,1.13492481186776e-11
2630267.99189533,0.973346343338961,-0.16088226843334,3.00643292324138e-07,-4.96988258413081e-08,0.00350887351791568,-0.000580044766304712,1.91752354537858e-12,1.15997039835692e-11
2691534.80392686,0.9721279618606,-0.164423623458738,3.00266916913826e-07,-5.07928008841297e-08,0.00350448076651417,-0.00059281276408581,2.00538027493337e-12,1.1855035901245e-11
2754228.70333811,0.970855424773783,-0.168033294028825,2.99873812063914e-07,-5.19078795723495e-08,0.00349989276253441,-0.000605827066660968,2.09714213168045e-12,1.21152932419055e-11
2818382.9312644,0.969526480749655,-0.1717119242218,2.99463282306818e-07,-5.30442608708969e-08,0.00349510138903752,-0.000619089996188994,2.19297145754085e-12,1.23805224317294e-11
2884031.50312655,0.968138799397104,-0.175460113065776,2.99034607751497e-07,-5.42021298280875e-08,0.00349009824403365,-0.000632603712405156,2.29303629556568e-12,1.26507666479445e-11
2951209.22666633,0.966689969866558,-0.179278410062939,2.98587043652144e-07,-5.5381656192972e-08,0.00348487463544809,-0.000646370196483996,2.39751049061537e-12,1.29260654960685e-11
3019951.72040196,0.965177499574669,-0.183167310458899,2.98119820014224e-07,-5.65829929539701e-08,0.00347942157652325,-0.000660391233983437,2.50657378132208e-12,1.32064546687741e-11
3090295.43251353,0.963598813068541,-0.187127250250201,2.97632141243618e-07,-5.78062747966215e-08,0.00347372978172376,-0.00067466839684489,2.62041188198924e-12,1.34919655858744e-11
3162277.66016832,0.961951251049684,-0.191158600923668,2.97123185845104e-07,-5.90516164784915e-08,0.00346778966321741,-0.000689203024426462,2.73921655297401e-12,1.3782625014969e-11
3235936.56929622,0.960232069579392,-0.195261663921987,2.96592106176894e-07,-6.03191111195135e-08,0.00346159132801025,-0.000703996203549202,2.86318565798642e-12,1.4078454672351e-11
3311311.21482584,0.958438439488894,-0.199436664830949,2.96038028268417e-07,-6.16088284063442e-08,0.00345512457581994,-0.000719048747539782,2.99252320662353e-12,1.4379470803841e-11
3388441.56139196,0.956567446019221,-0.203683747284854,2.95460051709067e-07,-6.29208127096554e-08,0.00344837889777732,-0.000734361174257035,3.12743938033811e-12,1.46856837452985e-11
3467368.50452525,0.954616088717451,-0.208002966587887,2.94857249616158e-07,-6.42550811136872e-08,0.00344134347605232,-0.00074993368309449,3.2681505399204e-12,1.49970974626524e-11
3548133.89233568,0.952581281617669,-0.212394283050814,2.94228668690818e-07,-6.56116213578576e-08,0.00343400718450643,-0.000765766130956485,3.41487921244918e-12,1.53137090714019e-11
3630780.54770094,0.950459853736694,-0.216857555044037,2.93573329371132e-07,-6.69903896907521e-08,0.00342635859047996,-0.000781858007211665,3.5678540555452e-12,1.56355083356653e-11
3715352.29097165,0.948248549916317,-0.221392531770027,2.92890226092315e-07,-6.83913086374266e-08,0.00341838595782866,-0.000798208407634726,3.72730979663798e-12,1.59624771469921e-11
3801893.96320554,0.945944032045454,-0.22599884576038,2.9217832766426e-07,-6.9814264681639e-08,0.00341007725133006,-0.000814816007355297,3.89348714483699e-12,1.62945889833178e-11
3890451.44994273,0.943542880697239,-0.23067600510518,2.91436577777255e-07,-7.12591058653896e-08,0.00340142014258585,-0.000831679032841693,4.06663267288185e-12,1.66318083486155e-11
3981071.70553489,0.941041597217614,-0.235423385425153,2.90663895647176e-07,-7.27256393090056e-08,0.00339240201755207,-0.000848795232957337,4.24699866653567e-12,1.69740901939997e-11
4073802.77804105,0.938436606303384,-0.240240221600133,2.89859176811889e-07,-7.42136286559449e-08,0.00338300998583406,-0.000866161849138568,4.43484293868272e-12,1.73213793212577e-11
4168693.83470327,0.93572425910902,-0.245125599270725,2.89021294090988e-07,-7.572279144754e-08,0.00337323089188768,-0.000883775584754753,4.63042860529898e-12,1.76736097700261e-11
4265795.18801584,0.932900836922577,-0.250078446133738,2.88149098721329e-07,-7.72527964340322e-08,0.00336305132827249,-0.000901632573724845,4.83402382038402e-12,1.80307041900961e-11
4365158.32240157,0.929962555451994,-0.255097523055964,2.87241421681139e-07,-7.88032608294919e-08,0.00335245765110556,-0.000919728348479013,5.04590146687851e-12,1.83925732006187e-11
4466835.92150954,0.926905569763675,-0.260181415035217,2.86297075215609e-07,-8.03737475195541e-08,0.00334143599786702,-0.000938057807369578,5.26633880054615e-12,1.87591147382967e-11
4570881.89614866,0.923725979915567,-0.26532852204221,2.85314854577034e-07,-8.19637622323436e-08,0.00332997230770958,-0.000956615181652324,5.49561704377573e-12,1.91302133969827e-11
4677351.41287189,0.920419837326917,-0.270537049781841,2.84293539992521e-07,-8.35727506845052e-08,0.00331805234442401,-0.000975394002177254,5.73402092626246e-12,1.95057397614662e-11
4786300.92322629,0.916983151926398,-0.275805000417761,2.83231898872145e-07,-8.52000957158901e-08,0.00330566172221102,-0.000994387065946954,5.9818381695604e-12,1.98855497386119e-11
4897788.19368436,0.913411900119404,-0.281130163309705,2.82128688270167e-07,-8.68451144281846e-08,0.00329278593440652,-0.00101358640272096,6.23935891256602e-12,2.02694838894182e-11
5011872.33627262,0.909702033613801,-0.286510105818918,2.80982657611424e-07,-8.85070553445768e-08,0.00327941038530197,-0.00103298324186568,6.50687507509893e-12,2.0657366765986e-11
5128613.83991355,0.905849489141347,-0.291942164243158,2.79792551694422e-07,-9.01850956094483e-08,0.00326552042519398,-0.00105256797967145,6.78467965689604e-12,2.10490062578305e-11
5248074.60249762,0.901850199109269,-0.297423434949029,2.78557113981759e-07,-9.18783382490257e-08,0.00325110138878752,-0.00107233014738101,7.073065969533e-12,2.14441929524215e-11
5370317.96370242,0.897700103212984,-0.302950765775868,2.77275090187457e-07,-9.35858095159193e-08,0.00323613863706437,-0.00109225838019719,7.37232679903816e-12,2.18426995153061e-11
5495408.73857613,0.893395161036691,-0.308520747791952,2.75945232169467e-07,-9.53064563424972e-08,0.00322061760271333,-0.00111234038756063,7.68275349727178e-12,2.22442800956351e-11
5623413.25190338,0.888931365663413,-0.314129707490302,2.74566302134004e-07,-9.70391439300585e-08,0.00320452383919979,-0.00113256292501262,8.00463500051417e-12,2.26486697633894e-11
5754399.37337145,0.884304758310035,-0.319773699517847,2.73137077156521e-07,-9.87826535027676e-08,0.00318784307353097,-0.00115291176798079,8.33825677414212e-12,2.3055583985065e-11
5888436.55355577,0.879511443995858,-0.325448500037944,2.71656354021944e-07,-1.00535680257243e-07,0.00317056126274721,-0.00117337168784841,8.68389968277939e-12,2.346471814503e-11
6025595.86074345,0.874547608245149,-0.331149600832261,2.70122954384333e-07,-1.02296831540545e-07,0.00315266465414142,-0.00119392643068923,9.04183878588614e-12,2.3875747120194e-11
6165950.0186147,0.869409534815102,-0.33687220425352,2.68535730243298e-07,-1.04064625291004e-07,0.00313413984917537,-0.00121455869907016,9.41234205940659e-12,2.42883249160339e-11
6309573.4448018,0.864093624430478,-0.342611219145606,2.66893569731402e-07,-1.05837488777885e-07,0.0031149738710256,-0.00123525013734165,9.79566904482565e-12,2.47020843723751e-11
6456542.29034642,0.858596414494982,-0.348361257851774,2.65195403203277e-07,-1.07613757677181e-07,0.0030951542356508,-0.00125598132085105,1.0192069427794e-11,2.51166369476331e-11
6606934.48007582,0.852914599737149,-0.354116634435051,2.63440209613443e-07,-1.09391675521871e-07,0.00307466902622842,-0.00127673174952644,1.0601781549366e-11,2.55315725904666e-11
6760829.75391968,0.847045053735238,-0.359871364237221,2.61627023165647e-07,-1.1116939356568e-07,0.00305350697076055,-0.00129747984628666,1.10250308538527e-11,2.59464597079537e-11
6918309.70918922,0.840984851251367,-0.365619164903831,2.59754940212199e-07,-1.12944971099721e-07,0.00303165752259736,-0.00131820296073677,1.14620282783214e-11,2.63608452394822e-11
7079457.84384123,0.83473129128999,-0.371353459002286,2.57823126377065e-07,-1.14716376261261e-07,0.00300911094357214,-0.0013388773786074,1.19129685898631e-11,2.67742548455144e-11
7244359.60074975,0.828281920779937,-0.377067378358099,2.55830823871584e-07,-1.16481487373252e-07,0.00298585838938444,-0.00135947833738864,1.23780286778956e-11,2.71861932202488e-11
7413102.41300902,0.821634558762711,-0.382753770230563,2.53777358966581e-07,-1.18238094852081e-07,0.00296189199680864,-0.00137998004859581,1.28573658099598e-11,2.75961445369187e-11
7585775.75029168,0.814787320952856,-0.388405205443371,2.51662149579412e-07,-1.19983903719237e-07,0.00293720497224377,-0.00140035572708354,1.33511158606874e-11,2.80035730340615e-11
7762471.16628676,0.807738644518979,-0.394013988577761,2.49484712929177e-07,-1.21716536750117e-07,0.00291179168105904,-0.0014205776277962,1.38593915248562e-11,2.84079237505146e-11
7943282.34724265,0.800487312916993,-0.399572170325626,2.47244673208062e-07,-1.23433538290082e-07,0.00288564773712757,-0.00144061709030576,1.43822805266809e-11,2.88086234161643e-11
8128305.16164082,0.79303248059027,-0.405071562087432,2.44941769211569e-07,-1.25132378763954e-07,0.00285877009188033,-0.00146044459144305,1.49198438386998e-11,2.92050815045654e-11
8317637.71102654,0.78537369733529,-0.410503752884714,2.42575861865411e-07,-1.26810459900535e-07,0.00283115712215397,-0.00148002980627418,1.54721139247837e-11,2.95966914524643e-11
8511380.38202359,0.777510932116167,-0.415860128639384,2.40146941582161e-07,-1.28465120688258e-07,0.00280280871605175,-0.00149934167761004,1.60390930228844e-11,2.99828320499891e-11
8709635.89956062,0.76944459609762,-0.421131893851952,2.37655135376463e-07,-1.30093644071894e-07,0.00277372635598654,-0.00151834849416493,1.66207514841418e-11,3.03628690038241e-11
8912509.38133727,0.761175564653872,-0.426310095688189,2.35100713663896e-07,-1.31693264393272e-07,0.00274391319803172,-0.00153701797739869,1.72170261858357e-11,3.07361566740553e-11
9120108.3935589,0.752705198101013,-0.431385650458886,2.32484096665494e-07,-1.3326117557125e-07,0.00271337414666959,-0.0015553173769867,1.78278190363885e-11,3.11020399835788e-11
9332543.00796971,0.744035360892966,-0.436349372450211,2.29805860337659e-07,-1.34794540007826e-07,0.00268211592400054,-0.00157321357476484,1.84529955911548e-11,3.14598564970093e-11
9549925.86021416,0.735168439016774,-0.44119200503316,2.27066741745807e-07,-1.36290498198287e-07,0.00265014713245993,-0.00159067319689152,1.90923837980591e-11,3.18089386639319e-11
9772372.2095579,0.726107355321765,-0.445904253949956,2.24267643799769e-07,-1.37746179013857e-07,0.0026174783100859,-0.00160766273385839,1.97457728922186e-11,3.21486162191315e-11
9999999.99999979,0.716855582519748,-0.450476822643335,2.21409639269738e-07,-1.39158710615416e-07,0.00258412197739024,-0.00162414866786652,2.04129124585074e-11,3.24782187301329e-11
10232929.9228073,0.707417153599915,-0.454900449462018,2.18493974003576e-07,-1.40525231946795e-07,0.00255009267490827,-0.00164009760696698,2.10935116805439e-11,3.27970782800302e-11
10471285.4805088,0.697796669412913,-0.459165946542694,2.15522069269648e-07,-1.41842904745985e-07,0.00251540699054246,-0.00165547642524589,2.17872387938084e-11,3.31045322712085e-11
10715193.0523758,0.687999303193765,-0.463264240136256,2.12495523154011e-07,-1.43108926002477e-07,0.00248008357586935,-0.0016702524082166,2.24937207594979e-11,3.33999263332075e-11
10964781.9614316,0.678030801813039,-0.467186412114282,2.09416110946924e-07,-1.44320540779212e-07,0.00244414315065051,-0.00168439340246713,2.32125431743046e-11,3.36826173156932e-11
11220184.5430194,0.667897483569937,-0.470923742361706,2.06285784461095e-07,-1.45475055308277e-07,0.00240760849487577,-0.00169786796850266,2.39432504295555e-11,3.39519763453293e-11
11481536.2149686,0.657606232369697,-0.474467751733755,2.03106670233004e-07,-1.4656985026092e-07,0.0023705044277704,-0.0017106455356224,2.46853461310758e-11,3.42073919233374e-11
11748975.549395,0.647164488160636,-0.477810245230391,1.99881066568764e-07,-1.47602394084745e-07,0.00233285777331686,-0.0017226965575807,2.54382937887673e-11,3.44482730387408e-11
12022644.3461739,0.63658023354308,-0.48094335502029,1.96611439407431e-07,-1.48570256294438e-07,0.00229469731197463,-0.00173399266770569,2.62015177822308e-11,3.46740522707576e-11
12302687.7081235,0.625861976502777,-0.483859582929463,1.9330041698711e-07,-1.49471120597106e-07,0.00225605371842727,-0.00174450683208767,2.69744046058487e-11,3.48841888525875e-11
12589254.1179414,0.615018729264767,-0.486551841997596,1.8995078331261e-07,-1.50302797729618e-07,0.00221695948534222,-0.0017542134994063,2.77563043936185e-11,3.50781716679727e-11
12882495.5169311,0.604059983309332,-0.489013496698552,1.86565470437523e-07,-1.51063237883302e-07,0.00217744883329328,-0.0017630887459416,2.85465327207375e-11,3.5255522151431e-11
13182567.3855638,0.592995680638888,-0.49123840142072,1.83147549588145e-07,-1.51750542591062e-07,0.00213755760716635,-0.00177111041431093,2.93443726755295e-11,3.5415797063006e-11
13489628.8259162,0.581836181432653,-0.493220936808205,1.79700221171552e-07,-1.52362975953697e-07,0.00209732315954152,-0.00177825824449347,3.01490771918458e-11,3.55585911087638e-11
13803842.6460286,0.570592228273802,-0.494956043575621,1.76226803724856e-07,-1.52898975085773e-07,0.00205678422171777,-0.00178451399574608,3.09598716286231e-11,3.5683539379111e-11
14125375.4462272,0.559274907180593,-0.496439253427295,1.72730721877159e-07,-1.53357159666999e-07,0.00201598076321459,-0.00178986155807934,3.17759565799044e-11,3.57903195783128e-11
14454397.707459,0.547895605717745,-0.497666716736118,1.69215493409568e-07,-1.53736340492627e-07,0.00197495384074678,-0.00179428705205084,3.25965108954017e-11,3.58786540203504e-11
14791083.8816817,0.536465968506194,-0.498635226667707,1.65684715511517e-07,-1.54035526925745e-07,0.00193374543781938,-0.00179777891574246,3.34206948886591e-11,3.59483113684501e-11
15135612.4843617,0.524997850487383,-0.49934223947162,1.62142050343446e-07,-1.54253933165521e-07,0.00189239829622678,-0.00180032797791825,3.42476537071361e-11,3.59991080982213e-11
15488166.1891245,0.513503268331571,-0.49978589070256,1.58591210026133e-07,-1.54390983258171e-07,0.00185095574086029,-0.00180192751650834,3.50765208361238e-11,3.60309096673054e-11
15848931.9246108,0.501994350407577,-0.499965007180087,1.55035941185629e-07,-1.54446314791477e-07,0.0018094614993291,-0.00180257330172853,3.59064217063955e-11,3.6043631377732e-11
16218100.9735889,0.49048328575322,-0.49987911454456,1.5148000918951e-07,-1.54419781228928e-07,0.00176795951797836,-0.00180226362332241,3.67364773739163e-11,3.60372389207192e-11
16595869.0743752,0.478982272501047,-0.49952844031894,1.47927182214839e-07,-1.54311452855558e-07,0.00172649377594332,-0.00180099930160043,3.75658082388316e-11,3.60117485974039e-11
16982436.5246171,0.467503466222271,-0.498913912439745,1.44381215290878e-07,-1.54121616324132e-07,0.00168510809890866,-0.00179878368214335,3.83935377703532e-11,3.59672272128539e-11
17378008.2874934,0.456058928653151,-0.498037153274763,1.40845834459934e-07,-1.53850772807133e-07,0.00164384597424661,-0.00179562261423377,3.92187962040682e-11,3.59037916446319e-11
17782794.1003888,0.444660577262117,-0.496900469199182,1.37324721197922e-07,-1.53499634776684e-07,0.00160275036918629,-0.0017915244132739,4.0040724178622e-11,3.5821608091078e-11
18197008.5860994,0.433320136103079,-0.495506835854394,1.33821497232258e-07,-1.53069121450776e-07,0.00156186355362031,-0.00178649980763763,4.08584762796554e-11,3.57208910082715e-11
18620871.3666283,0.422049088380726,-0.493859879264008,1.30339709888597e-07,-1.52560352959742e-07,0.00152122692908374,-0.00178056187058628,4.16712244602907e-11,3.56019017482569e-11
19054607.179632,0.410858631127808,-0.491963853028581,1.26882818090002e-07,-1.51974643301378e-07,0.00148088086534759,-0.00177372593804644,4.24781613093252e-11,3.54649469145076e-11
19498445.99758,0.399759632362822,-0.489823611863356,1.23454179122344e-07,-1.51313492166378e-07,0.00144086454595524,-0.00176600951320301,4.32785031405628e-11,3.53103764536843e-11
19952623.1496884,0.388762591060126,-0.487444581781285,1.20057036268494e-07,-1.50578575727441e-07,0.00140121582389864,-0.00175743215899709,4.40714928793447e-11,3.5138581505486e-11
20417379.4466949,0.377877600223829,-0.484832727256063,1.1669450740133e-07,-1.49771736495465e-07,0.00136197108848505,-0.00174801537973558,4.48564027252669e-11,3.4949992034729e-11
20892961.3085399,0.367114313313028,-0.481994515726463,1.13369574612004e-07,-1.48894972354432e-07,0.00132316514428654,-0.00173778249311519,4.56325365732361e-11,3.47450742717084e-11
21379620.8950218,0.356481914219674,-0.478936879823623,1.10085074935684e-07,-1.47950424892874e-07,0.00128483110289825,-0.00172675849403667,4.63992321783462e-11,3.45243279883606e-11
21877616.2394951,0.345989090952854,-0.475667177716833,1.0684369222225e-07,-1.46940367154127e-07,0.00124700028805972,-0.00171496991163566,4.71558630534884e-11,3.42882836387508e-11
22387211.3856829,0.335644013135158,-0.472193151981026,1.03647950184603e-07,-1.45867190929907e-07,0.00120970215452033,-0.00170244466098345,4.79018400920735e-11,3.40374993929596e-11
22908676.5276772,0.325454313369261,-0.468522887390455,1.00500206642534e-07,-1.44733393722178e-07,0.00117296422085837,-0.00168921189091644,4.86366129116757e-11,3.37725580935359e-11
23442288.1531987,0.315427072486505,-0.464664768038462,9.74026489658039e-08,-1.43541565496837e-07,0.00113681201629629,-0.00167530182943576,4.93596709177482e-11,3.34940641633529e-11
23988329.1901944,0.305568808645042,-0.460627434173048,9.4357290706401e-08,-1.42294375349604e-07,0.00110126904139519,-0.00166074562808228,5.00705440897483e-11,3.32026404929692e-11
24547089.1568498,0.295885470203616,-0.456419739122699,9.13659693971531e-08,-1.40994558199799e-07,0.00106635674236191,-0.001645575206637,5.07688034950045e-11,3.28989253344957e-11
25118864.3150952,0.286382432258856,-0.452050706667126,8.84303454820473e-08,-1.39644901621553e-07,0.00103209449856464,-0.00162982309942562,5.14540615384094e-11,3.25835692275441e-11
25703957.8276881,0.277064496699608,-0.447529489183969,8.5551902333013e-08,-1.38248232914729e-07,0.000998499622728769,-0.00161352230442064,5.2125971958502e-11,3.22572319811265e-11
26302679.9189532,0.267935895601566,-0.442865326875609,8.27319472985732e-08,-1.36807406509502e-07,0.000965587373175905,-0.00159670613623777,5.27842295826815e-11,3.19205797334401e-11
26915348.0392686,0.259000297759645,-0.438067508350891,7.99716137217867e-08,-1.35325291789494e-07,0.000933370977375681,-0.00157940808401733,5.34285698561621e-11,3.15742821093508e-11
27542287.033381,0.250260818134182,-0.433145332805331,7.72718638583149e-08,-1.33804761408695e-07,0.000901861666003079,-0.00156166167506877,5.40587681608126e-11,3.12190094931413e-11
28183829.3126439,0.241720029970275,-0.428108074010998,7.46334926202582e-08,-1.32248680167432e-07,0.000871068716633486,-0.00154350034503989,5.46746389412376e-11,3.08554304317507e-11
28840315.0312654,0.233379979337241,-0.422964946294393,7.20571320676013e-08,-1.30659894502442e-07,0.000840999506163238,-0.0015249573152534,5.52760346563458e-11,3.04842091813655e-11
29512092.2666632,0.225242201827162,-0.417725072647776,6.95432565666328e-08,-1.29041222636014e-07,0.000811659571014536,-0.00150606547773567,5.58628445752278e-11,3.01060034078508e-11
30199517.2040195,0.21730774114756,-0.412397455087236,6.70921885334879e-08,-1.27395445419168e-07,0.000783052674169475,-0.00148685728834564,5.64349934364486e-11,2.97214620491891e-11
30902954.3251352,0.209577169343117,-0.406990947339586,6.47041046809249e-08,-1.25725297894252e-07,0.000755180878077397,-0.0014673646683002,5.69924399898718e-11,2.93312233458477e-11
31622776.6016831,0.202050608384653,-0.401514229910602,6.23790426874696e-08,-1.24033461593163e-07,0.000728044622491781,-0.00144761891428529,5.75351754398907e-11,2.89359130428612e-11
32359365.6929621,0.194727752869997,-0.395975787559262,6.01169082100372e-08,-1.22322557578818e-07,0.000701642806315941,-0.00142765061724147,5.8063221808482e-11,2.85361427654059e-11
33113112.1482584,0.187607893590468,-0.39038388917695,5.79174821639541e-08,-1.20595140229555e-07,0.000675972872569582,-0.0014074895898205,5.85766302358409e-11,2.81325085677932e-11
33884415.6139195,0.180689941728051,-0.384746570047185,5.57804281978119e-08,-1.18853691758908e-07,0.000651030895629295,-0.00138716480242448,5.90754792355364e-11,2.77255896541179e-11
34673685.0452524,0.173972453461637,-0.379071616440434,5.37053002946837e-08,-1.17100617456727e-07,0.000626811669943852,-0.00136670432766412,5.95598729201702e-11,2.73159472672858e-11
35481338.9233568,0.167453654775402,-0.373366552480144,5.16915504357883e-08,-1.15338241631906e-07,0.000603308799478326,-0.00134613529300547,6.00299392124588e-11,2.69041237418145e-11
36307805.4770093,0.161131466278296,-0.367638629200131,4.97385362675827e-08,-1.13568804232058e-07,0.000580514787198243,-0.00132548384131744,6.04858280555145e-11,2.64906417146491e-11
37153522.9097164,0.155003527860184,-0.361894815700073,4.78455287183957e-08,-1.11794458111317e-07,0.000558421123964809,-0.00130477509898386,6.09277096349058e-11,2.60760034872683e-11
38018939.6320553,0.149067223027238,-0.356141792294813,4.60117195159783e-08,-1.10017266914059e-07,0.000537018376273714,-0.00128403315120396,6.13557726238459e-11,2.56606905315592e-11
38904514.4994272,0.143319702776336,-0.350385945544489,4.42362285626461e-08,-1.08239203539644e-07,0.000516296272331874,-0.001263281024074,6.17702224616233e-11,2.52451631313159e-11
39810717.0553488,0.137757908885272,-0.344633365046029,4.25181111299547e-08,-1.06462149151257e-07,0.000496243786027903,-0.00124254067301935,6.2171279674159e-11,2.48298601507443e-11
40738027.7804104,0.132378596512216,-0.338889841862045,4.08563648399994e-08,-1.04687892690574e-07,0.000476849218412225,-0.00122183297712999,6.25591782443713e-11,2.4415198921037e-11
41686938.3470326,0.12717835601406,-0.33316086846058,3.92499364054095e-08,-1.02918130859148e-07,0.000458100276360882,-0.00120117773894332,6.29341640388676e-11,2.40015752358916e-11
42657951.8801583,0.122153633908618,-0.327451640038231,3.76977281048722e-08,-1.0115446852714e-07,0.000439984148152644,-0.0011805936892145,6.32964932963718e-11,2.35893634467791e-11
43651583.2240156,0.117300752920275,-0.321767057099727,3.61986039755204e-08,-9.93984195301899e-08,0.00042248757574158,-0.00116009849621688,6.36464311822434e-11,2.3178916648813e-11
44668359.2150953,0.112615931062314,-0.316111729168941,3.47513957077342e-08,-9.7651407815797e-08,0.000405596923556452,-0.00113970877912169,6.39842504124617e-11,2.27705669482001e-11
45708818.9614865,0.10809529972176,-0.310489979509299,3.33549082318071e-08,-9.59147689015249e-08,0.000389298243703787,-0.00111944012501696,6.43102299495368e-11,2.23646258024767e-11
46773514.1287188,0.103734920724192,-0.30490585073552,3.20079249895107e-08,-9.41897516085457e-08,0.000373577337493351,-0.00109930710914013,6.46246537719757e-11,2.19613844250132e-11
47863009.2322628,0.0995308023664894,-0.299363111203326,3.07092128868379e-08,-9.24775200355144e-08,0.000358419813242587,-0.00107932331791545,6.49278097181685e-11,2.15611142456149e-11
48977881.9368435,0.0954789144149275,-0.293865262069162,2.94575269271286e-08,-9.07791557394155e-08,0.000343811140350734,-0.00105950137440713,6.52199884048837e-11,2.11640674194326e-11
50118723.3627261,0.0915752020744262,-0.288415544917745,2.82516145263699e-08,-8.90956600918212e-08,0.000329736699663543,-0.00103985296581968,6.55014822199527e-11,2.07704773768157e-11
51286138.3991353,0.0878155989421402,-0.283016949861473,2.70902195147447e-08,-8.74279567809165e-08,0.000316181830176142,-0.0010203888726995,6.57725843881918e-11,2.03805594071869e-11
52480746.0249761,0.0841960389649549,-0.277672224022127,2.59720858304728e-08,-8.57768944316152e-08,0.000303131872144578,-0.00100111899951483,6.60335881091532e-11,1.99945112704791e-11
53703179.6370241,0.0807124674259021,-0.272383880311786,2.48959609136713e-08,-8.4143249318111e-08,0.000290572206696229,-0.000982052406314394,6.62847857648992e-11,1.9612513830146e-11
54954087.3857612,0.0773608509890846,-0.267154206436452,2.38605988093748e-08,-8.25277281452261e-08,0.000278488292045766,-0.000963197341189144,6.65264681956662e-11,1.92347317022264e-11
56234132.5190336,0.0741371868364449,-0.261985274052364,2.2864762990014e-08,-8.09309708769255e-08,0.000266865696436849,-0.000944561273284347,6.67589240410162e-11,1.88613139154152e-11
57543993.7337144,0.0710375109327123,-0.256878948011327,2.19072289085752e-08,-7.93535535923317e-08,0.000255690127940562,-0.000926150926132723,6.69824391438539e-11,1.84923945775493e-11
58884365.5355576,0.068057905457167,-0.251836895637592,2.09867862943786e-08,-7.77959913514848e-08,0.000244947461249886,-0.000907972311101282,6.71972960145241e-11,1.81280935443637e-11
60255958.6074344,0.0651945054425418,-0.24686059598477,2.01022412039295e-08,-7.62587410549364e-08,0.000234623761615588,-0.000890030760766217,6.74037733520823e-11,1.77685170868038e-11
61659500.1861468,0.0624435046624995,-0.241951349026981,1.9252417839644e-08,-7.47422042830239e-08,0.000224705306072929,-0.000872330962050623,6.76021456197491e-11,1.741375855359e-11
63095734.4480179,0.0598011608097508,-0.237110284743811,1.84361601494435e-08,-7.32467301023462e-08,0.000215178602110843,-0.000854876988979433,6.77926826715168e-11,1.70638990261213e-11
64565422.9034641,0.057263800007055,-0.232338372063812,1.7652333220267e-08,-7.17726178285357e-08,0.000206030403935894,-0.000837672334924268,6.79756494268605e-11,1.67190079631725e-11
66069344.8007581,0.0548278206931534,-0.227636427635998,1.68998244784916e-08,-7.03201197358991e-08,0.00019724772648262,-0.000820719944228195,6.8151305590523e-11,1.63791438331842e-11
67608297.5391967,0.0524896969251551,-0.223005124403282,1.61775447100864e-08,-6.8889443705876e-08,0.000188817857319949,-0.000804022243116399,6.83199054143778e-11,1.6044354732266e-11
69183097.0918921,0.0502459811380929,-0.218444999955928,1.54844289130787e-08,-6.7480755807536e-08,0.000180728366600499,-0.000787581169813677,6.84816974984365e-11,1.57146789863298e-11
70794578.4384122,0.0480933064013279,-0.213956464646836,1.48194369945895e-08,-6.60941828045084e-08,0.000172967115195818,-0.00077139820380331,6.86369246281365e-11,1.53901457360463e-11
72443596.0074974,0.0460283882102536,-0.209539809454025,1.41815543243164e-08,-6.4729814583814e-08,0.000165522261156191,-0.000755474394174426,6.87858236451385e-11,1.50707755035647e-11
74131024.1300901,0.044048025850371,-0.205195213578775,1.3569792155916e-08,-6.33877065030402e-08,0.000158382264628677,-0.000739810387016357,6.89286253489604e-11,1.47565807401664e-11
75857757.5029167,0.042149103369303,-0.200922751770807,1.29831879272731e-08,-6.20678816531925e-08,0.000151535891361608,-0.000724406451828808,6.90655544268807e-11,1.44475663542292e-11
77624711.6628674,0.0403285901907338,-0.19672240137441,1.24208054501549e-08,-6.07703330353435e-08,0.000144972214918084,-0.000709262506925971,6.91968294096643e-11,1.4143730219064e-11
79432823.4724264,0.038583541402603,-0.192594049091761,1.18817349992387e-08,-5.94950256499197e-08,0.00013868061771503,-0.000694378143820987,6.93226626507754e-11,1.38450636603521e-11
81283051.6164081,0.0369110977502068,-0.188537497461717,1.13650933099806e-08,-5.82418984980918e-08,0.000132650790998321,-0.000679752650584579,6.94432603268706e-11,1.35515519230593e-11
83176377.1102652,0.0353084853631465,-0.184552471054173,1.08700234942659e-08,-5.70108664952998e-08,0.000126872733858326,-0.000665385034178166,6.95588224574832e-11,1.32631746178338e-11
85113803.8202357,0.0337730152433678,-0.180638622381645,1.03956948822575e-08,-5.58018222974263e-08,0.00012133675138408,-0.000651274041767504,6.96695429419349e-11,1.29799061470065e-11
87096358.9956061,0.0323020825398465,-0.176795537531148,9.94130279833548e-09,-5.46146380405625e-08,0.000116033452048241,-0.00063741818102783,6.97756096116324e-11,1.27017161104155e-11
89125093.8133725,0.0308931656338161,-0.173022741520585,9.50606827851124e-09,-5.34491669956739e-08,0.000110953744408969,-0.000623815739455789,6.98772042960247e-11,1.24285696913591e-11
91201083.9355889,0.0295438250568177,-0.169319703384902,9.0892377361975e-09,-5.23052451397852e-08,0.000106088833209065,-0.000610464802707048,6.99745029006162e-11,1.2160428023055e-11
93325430.079697,0.0282517022622763,-0.165685840998095,8.6900825827308e-09,-5.11826926455674e-08,0.000101430214947011,-0.000597363271981552,7.00676754955405e-11,1.18972485360447e-11
95499258.6021414,0.0270145182697936,-0.162120525637869,8.30789880857426e-09,-5.00813152914257e-08,9.69696729891066e-05,-0.000584508880480945,7.01568864133136e-11,1.16389852870349e-11
97723722.0955788,0.0258300721998895,-0.158623086300317,7.94200653067819e-09,-4.9000905794365e-08,9.2699272286629e-05,-0.000571899208964702,7.02422943544849e-11,1.13855892697039e-11
99999999.9999977,0.0246962397155273,-0.155192813772439,7.5917495110451e-09,-4.79412450680498e-08,8.86113537569054e-05,-0.000559531700433191,7.0324052500011e-11,1.113700870804e-11
102329299.228073,0.0236109713854308,-0.151828964470678,7.25649465113499e-09,-4.69021034085809e-08,8.46985283824209e-05,-0.000547403673967109,7.0402308629268e-11,1.08931893327988e-11
104712854.805088,0.0225722909829408,-0.148530764053884,6.93563146635802e-09,-4.58832416105929e-08,8.09536710775181e-05,-0.000535512337753676,7.04772052427113e-11,1.06540746416875e-11
107151930.523758,0.0215782937329649,-0.145297410819313,6.62857154453205e-09,-4.48844120163256e-08,7.73699143679491e-05,-0.000523854801330551,7.0548879688279e-11,1.04196061438955e-11
109647819.614316,0.0206271445184487,-0.142128078890338,6.33474799183623e-09,-4.39053595003538e-08,7.39406419244904e-05,-0.000512428087078807,7.0617464290713e-11,1.01897235895979e-11
112201845.430194,0.0197170760567422,-0.139021921204606,6.05361486946447e-09,-4.29458223926704e-08,7.06594819880153e-05,-0.000501229140996418,7.06830864830508e-11,9.9643651850599e-12
114815362.149686,0.0188463870552421,-0.135978072311321,5.78464662387712e-09,-4.20055333428082e-08,6.7520300719849e-05,-0.000490254842783593,7.07458689396109e-11,9.74346779396971e-12
117489755.49395,0.0180134403547668,-0.132995650986295,5.5273375132631e-09,-4.10842201276652e-08,6.45171955078953e-05,-0.000479502015271065,7.08059297098631e-11,9.52696712562169e-12
120226443.461738,0.0172166610682579,-0.130073762673264,5.28120103255805e-09,-4.01816064056622e-08,6.16444882559103e-05,-0.00046896743322201,7.08633823526345e-11,9.31479791056249e-12
123026877.081235,0.0164545347215974,-0.127211501759839,5.04576933911649e-09,-3.92974124198159e-08,5.88967186804101e-05,-0.000458647831537753,7.09183360701629e-11,9.10689406430356e-12
125892541.179414,0.0157256054025909,-0.124407953696267,4.82059268090624e-09,-3.84313556522548e-08,5.62686376370144e-05,-0.000448539912896753,7.09708958415605e-11,8.90318883968974e-12
128824955.16931,0.0150284739234741,-0.121662196964995,4.60523882888044e-09,-3.75831514326446e-08,5.37552004955491e-05,-0.000438640354855652,7.10211625553026e-11,8.70361496849914e-12
131825673.855638,0.0143617960016673,-0.118973304908781,4.39929251498681e-09,-3.67525135029185e-08,5.13515605809422e-05,-0.000428945816440358,7.10692331403988e-11,8.5081047928337e-12
134896288.259162,0.0137242804629186,-0.116340347424893,4.20235487709283e-09,-3.59391545406382e-08,4.90530626948365e-05,-0.000419452944254291,7.111520069595e-11,8.31659038684273e-12
138038426.460285,0.0131146874704368,-0.113762392532654,4.01404291193979e-09,-3.51427866432308e-08,4.68552367309081e-05,-0.000410158378130009,7.11591546188302e-11,8.12900366930349e-12
141253754.462272,0.0125318267831264,-0.111238507821356,3.83398893708661e-09,-3.43631217752706e-08,4.47537913951075e-05,-0.000401058756349516,7.12011807292694e-11,7.94527650756477e-12
144543977.074589,0.0119745560455829,-0.108767761785294,3.66184006266517e-09,-3.35998721808893e-08,4.27446080404123e-05,-0.000392150720457595,7.12413613941457e-11,7.76534081333982e-12
147910838.816817,0.0114417791121014,-0.106349225052411,3.49725767364253e-09,-3.28527507633223e-08,4.08237346242075e-05,-0.000383430919691553,7.12797756478231e-11,7.5891286308165e-12
151356124.843617,0.0109324444065728,-0.103981971512768,3.3399169231696e-09,-3.21214714335075e-08,3.89873797950582e-05,-0.000374896015049796,7.1316499310402e-11,7.41657221753242e-12
154881661.891244,0.0104455433198073,-0.101665079352784,3.18950623749151e-09,-3.14057494295784e-08,3.72319071144215e-05,-0.000366542683020691,7.13516051032691e-11,7.24760411844423e-12
158489319.246108,0.00998010864551649,-0.099397632000948,3.04572683280009e-09,-3.07053016090061e-08,3.55538294177366e-05,-0.000358367618992221,7.1385162761859e-11,7.08215723360055e-12
162181009.735889,0.00953521305590761,-0.097178718990412,2.90829224432335e-09,-3.00198467150674e-08,3.39498033183354e-05,-0.00035036754036197,7.1417239145559e-11,6.92016487980959e-12
165958690.743752,0.00910996761759703,-0.0950074367436384,2.77692786786991e-09,-2.93491056192328e-08,3.2416623856718e-05,-0.000342539189366098,7.14478983447046e-11,6.76156084667373e-12
169824365.24617,0.00870352034832378,-0.0928828892840201,2.65137051397731e-09,-2.86928015409959e-08,3.09512192969291e-05,-0.000334879335645007,7.14772017846333e-11,6.60627944734526e-12
173780082.874933,0.00831505481474587,-0.0908041888791398,2.53136797475123e-09,-2.80506602465853e-08,2.95506460710543e-05,-0.00032738477856254,7.15052083267736e-11,6.45425556433973e-12
177827941.003888,0.00794378877142302,-0.088770456620103,2.41667860342793e-09,-2.7422410227928e-08,2.82120838722101e-05,-0.000320052349294711,7.15319743667639e-11,6.30542469072634e-12
181970085.860994,0.00758897284093183,-0.0867808229411462,2.30707090664302e-09,-2.68077828631639e-08,2.69328308958324e-05,-0.000312878912703092,7.1557553929604e-11,6.15972296699799e-12
186208713.666282,0.00724988923491929,-0.0848344280834984,2.2023231493466e-09,-2.62065125599388e-08,2.57102992285643e-05,-0.000305861369007216,7.15819987618533e-11,6.01708721390751e-12
190546071.79632,0.00692585051577779,-0.0829304225072597,2.10222297226711e-09,-2.56183368826393e-08,2.45420103836006e-05,-0.000298996655269561,7.16053584208987e-11,5.8774549615412e-12
194984459.9758,0.00661619839851707,-0.0810679672548527,2.00656702179244e-09,-2.50429966646678e-08,2.3425590980958e-05,-0.000292281746705932,7.16276803613225e-11,5.74076447488572e-12
199526231.496883,0.00632030259231515,-0.0792462342694052,1.91516059210858e-09,-2.44802361067947e-08,2.23587685708044e-05,-0.000285713657833355,7.16490100184084e-11,5.60695477613019e-12
204173794.466948,0.0060375596811494,-0.07746440667123,1.82781727941055e-09,-2.39298028625673e-08,2.13393675976874e-05,-0.000279289443466892,7.16693908888269e-11,5.47596566393144e-12
208929613.085399,0.00576739204283966,-0.0757216789953878,1.74435864797944e-09,-2.33914481116956e-08,2.03653055032533e-05,-0.000273006199576149,7.16888646085501e-11,5.3477377298573e-12
213796208.950218,0.00550924680577703,-0.0740172573931435,1.66461390790112e-09,-2.28649266222846e-08,1.94345889648388e-05,-0.000266861064011596,7.1707471028048e-11,5.22221237221035e-12
218776162.39495,0.00526259484256243,-0.0723503597999603,1.58841960418678e-09,-2.23499968027299e-08,1.85453102671362e-05,-0.000260851217110255,7.17252482848203e-11,5.09933180742232e-12
223872113.856829,0.00502692979973885,-0.0707202160725181,1.5156193170435e-09,-2.18464207440442e-08,1.76956438039913e-05,-0.000254973882189699,7.1742232873325e-11,4.97903907919814e-12
229086765.276772,0.00480176716276842,-0.0691260680970929,1.44606337303227e-09,-2.13539642533368e-08,1.68838427072732e-05,-0.000249226325938796,7.17584597123632e-11,4.86127806557772e-12
234422881.531987,0.00458664335537953,-0.067567169871489,1.37960856684355e-09,-2.08723968791232e-08,1.61082355996611e-05,-0.000243605858713106,7.17739622099839e-11,4.74599348407308e-12
239883291.901943,0.00438111487238994,-0.0660427875625825,1.31611789341398e-09,-2.04014919291009e-08,1.53672234681261e-05,-0.000238109834742345,7.1788772325973e-11,4.63313089502895e-12
245470891.568497,0.00418475744509777,-0.0645521995414042,1.25546029010376e-09,-1.99410264809864e-08,1.46592766548327e-05,-0.000232735652256863,7.1802920631991e-11,4.52263670334531e-12
251188643.150952,0.00399716523832336,-0.063094696397568,1.19751038865146e-09,-1.94907813869719e-08,1.39829319621549e-05,-0.000227480753539663,7.18164363694281e-11,4.41445815869193e-12
257039578.27688,0.00381795007818039,-0.0616695809347377,1.14214827662156e-09,-1.90505412723246e-08,1.3336789868483e-05,-0.000222342624910049,7.1829347505039e-11,4.30854335433621e-12
263026799.189532,0.00364674070965437,-0.0602761681487133,1.08925926805983e-09,-1.86200945286167e-08,1.27195118514983e-05,-0.00021731879664462,7.18416807844277e-11,4.20484122469817e-12
269153480.392685,0.00348318208306893,-0.0589137851896171,1.03873368307272e-09,-1.81992333020439e-08,1.21298178155994e-05,-0.000212406842840921,7.18534617834458e-11,4.10330154173879e-12
275422870.33381,0.00332693466852683,-0.0575817713095615,9.90466636048312e-10,-1.77877534772584e-08,1.15664836201889e-05,-0.000207604381228764,7.1864714957572e-11,4.00387491028082e-12
281838293.126438,0.00317767379742059,-0.0562794777970884,9.44357832239714e-10,-1.73854546571162e-08,1.10283387055573e-05,-0.000202909072933855,7.18754636893356e-11,3.90651276235465e-12
288403150.312653,0.00303508903011898,-0.0550062678995864,9.0031137243436e-10,-1.69921401387099e-08,1.05142638131399e-05,-0.00019831862219806,7.18857303338509e-11,3.81116735065576e-12
295120922.666631,0.00289888354894793,-0.0537615167348056,8.58235565437226e-10,-1.6607616886034e-08,1.00231887969721e-05,-0.000193830776060387,7.18955362625243e-11,3.71779174119394e-12
301995172.040194,0.00276877357559942,-0.0525446111925193,8.18042748100144e-10,-1.62316954996062e-08,9.55409052321574e-06,-0.000189443324002423,7.19049019049969e-11,3.62633980520947e-12
309029543.251351,0.00264448781211736,-0.0513549498273041,7.79649112634429e-10,-1.58641901833453e-08,9.10599085469094e-06,-0.000185154097561759,7.19138467893834e-11,3.53676621042576e-12
316227766.01683,0.00252576690462711,-0.0501919427433469,7.42974540949292e-10,-1.55049187089856e-08,8.67795471740713e-06,-0.000180960969916673,7.19223895808685e-11,3.44902641170353e-12
323593656.92962,0.00241236292899295,-0.0490550114721204,7.07942445764169e-10,-1.5153702378289e-08,8.26908824615379e-06,-0.000176861855445085,7.19305481187174e-11,3.36307664115645e-12
331131121.482583,0.00230403889760723,-0.0479435888437111,6.74479618248873e-10,-1.48103659832951e-08,7.87853700627874e-06,-0.000172854709260644,7.19383394517602e-11,3.2788738977845e-12
338844156.139194,0.0022005682865341,-0.0468571188525257,6.42516081951615e-10,-1.44747377648364e-08,7.50548428885329e-06,-0.000168937526728538,7.19457798724036e-11,3.19637593667661e-12
346736850.452523,0.00210173458225107,-0.0457950565180522,6.11984952781046e-10,-1.41466493695239e-08,7.14914947649522e-06,-0.000165108342963475,7.1952884949226e-11,3.11554125783083e-12
354813389.233567,0.00200733084725203,-0.0447568677412991,5.82822304814876e-10,-1.38259358053992e-08,6.80878647719465e-06,-0.000161365232312079,7.19596695582077e-11,3.03632909463643e-12
363078054.770092,0.00191715930379577,-0.0437420291574936,5.54967041713928e-10,-1.35124353964297e-08,6.48368222356232e-06,-0.000157706307821807,7.19661479126495e-11,2.95869940205915e-12
371535229.097163,0.00183103093510532,-0.0427500279855734,5.28360773526964e-10,-1.32059897360145e-08,6.17315523499435e-06,-0.000154129720698296,7.19723335918264e-11,2.8826128445675e-12
380189396.320552,0.00174876510334369,-0.041780361874968,5.02947698678007e-10,-1.29064436396515e-08,5.87655424032317e-06,-0.000150633659752941,7.19782395684288e-11,2.80803078383535e-12
389045144.994271,0.00167018918371278,-0.0408325387501273,4.78674490934334e-10,-1.26136450969102e-08,5.59325685859872e-06,-0.000147216350842351,7.19838782348343e-11,2.73491526625309e-12
398107170.553487,0.00159513821404269,-0.0399060766532201,4.55490191159677e-10,-1.23274452228379e-08,5.3226683357187e-06,-0.000143876056301208,7.19892614282584e-11,2.66322901027704e-12
407380277.804102,0.00152345455925912,-0.0390005035853906,4.33346103663488e-10,-1.20476982089207e-08,5.06422033470052e-06,-0.000140611074369925,7.19944004548259e-11,2.59293539364473e-12
416869383.470325,0.00145498759013689,-0.038115357346932,4.12195696963377e-10,-1.17742612737109e-08,4.81736977746021e-06,-0.0001374197386184,7.19993061126072e-11,2.52399844048093e-12
426579518.801582,0.00138959337576742,-0.0372501853767071,3.91994508784018e-10,-1.150699461322e-08,4.58159773603587e-06,-0.000134300417367051,7.20039887136587e-11,2.45638280831766e-12
436515832.240155,0.00132713438918778,-0.0364045445911171,3.72700055121819e-10,-1.1245761351174e-08,4.35640837126365e-06,-0.000131251513106233,7.20084581051087e-11,2.39005377504919e-12
446683592.150952,0.001267479225638,-0.0355780012228973,3.54271743210678e-10,-1.09904274892137e-08,4.14132791698393e-06,-0.000128271461915017,7.20127236893253e-11,2.32497722584125e-12
457088189.614864,0.00121050233293238,-0.0347701306599931,3.36670788229916e-10,-1.07408618571211e-08,3.93590370792315e-06,-0.000125358732880269,7.20167944432039e-11,2.26111964001215e-12
467735141.287186,0.00115608375344891,-0.0339805172847492,3.19860133601213e-10,-1.04969360631411e-08,3.73970324946379e-06,-0.000122511827516851,7.20206789366101e-11,2.19844807790161e-12
478630092.322626,0.00110410887725904,-0.0332087543136227,3.03804374726948e-10,-1.02585244444662e-08,3.55231332757943e-06,-0.000119729279189714,7.2024385350011e-11,2.13693016774188e-12
489778819.368434,0.00105446820593737,-0.0324544436376142,2.88469686027762e-10,-1.00255040179426e-08,3.37333915727585e-06,-0.000117009652538582,7.2027921491329e-11,2.07653409254424e-12
501187233.62726,0.00100705712660844,-0.0317171956635922,2.73823751142469e-10,-9.79775443105193e-09,3.20240356794038e-06,-0.000114351542905847,7.2031294812048e-11,2.01722857701272e-12
512861383.991352,0.000961775695804018,-0.0309966291566691,2.59835696158591e-10,-9.57515791321844e-09,3.03914622406244e-06,-0.000111753575768269,7.2034512422605e-11,1.95898287449552e-12
524807460.249759,0.0009185284327207,-0.0302923710837733,2.464760257468e-10,-9.35759922748497e-09,2.8832228798459e-06,-0.000109214406172974,7.20375811070927e-11,1.90176675398386e-12
537031796.370239,0.000877224121483442,-0.0296040564585468,2.33716562077402e-10,-9.14496562259889e-09,2.73430466629149e-06,-0.000106732718178244,7.20405073373049e-11,1.84555048716653e-12
549540873.85761,0.000837775622035724,-0.0289313281876852,2.21530386401739e-10,-8.93714678554327e-09,2.59207740938171e-06,-0.000104307224299494,7.20432972861483e-11,1.79030483554772e-12
562341325.190335,0.000800099689291988,-0.0282738369188235,2.09891783185909e-10,-8.73403479454584e-09,2.45624097805455e-06,-0.000101936664960835,7.2045956840449e-11,1.73600103763468e-12
575439937.337142,0.000764116800202225,-0.0276312408900623,1.98776186688689e-10,-8.53552407259435e-09,2.32650866070385e-06,-9.96198079525389e-05,7.20484916131767e-11,1.68261079620109e-12
588843655.355574,0.000729750988392517,-0.0270032057812155,1.88160129879766e-10,-8.34151134148397e-09,2.20260656899396e-06,-9.73554478947199e-05,7.20509069551115e-11,1.63010626563097e-12
602559586.074342,0.000696929686058676,-0.0263894045668532,1.78021195598571e-10,-8.15189557641913e-09,2.08427306782485e-06,-9.51424057074824e-05,7.2053207965975e-11,1.57846003934751e-12
616595001.861466,0.000665583572803106,-0.025789517371204,1.68337969857975e-10,-7.96657796118965e-09,1.97125823033031e-06,-9.29795280877734e-05,7.20553995050489e-11,1.52764513733036e-12
630957344.480177,0.000635646431117514,-0.0252032313249715,1.59089997200991e-10,-7.78546184393832e-09,1.86332331683726e-06,-9.08656869931369e-05,7.20574862013002e-11,1.47763499372445e-12
645654229.034639,0.000607055008226148,-0.0246302404241136,1.50257738022341e-10,-7.60845269353466e-09,1.76024027675728e-06,-8.87997791325446e-05,7.20594724630343e-11,1.42840344454259e-12
660693448.007579,0.000579748884015875,-0.0240702453906252,1.41822527770341e-10,-7.43545805656766e-09,1.66179127242384e-06,-8.67807254644488e-05,7.20613624870944e-11,1.3799247154639e-12
676082975.391964,0.000553670344790664,-0.023522953535359,1.33766537948033e-10,-7.26638751496796e-09,1.56776822392878e-06,-8.48074707021837e-05,7.20631602676261e-11,1.33217340972931e-12
691830970.918918,0.000528764262598787,-0.022988078622912,1.26072738835827e-10,-7.10115264426826e-09,1.47797237405086e-06,-8.28789828268143e-05,7.20648696044236e-11,1.28512449613515e-12
707945784.38412,0.000504977979891519,-0.0224653407386016,1.18724863861117e-10,-6.93966697250907e-09,1.39221387240655e-06,-8.09942526075171e-05,7.20664941108747e-11,1.23875329712521e-12
724435960.074971,0.000482261199282115,-0.0219544661575478,1.11707375543458e-10,-6.78184593979515e-09,1.31031137798949e-06,-7.91522931295562e-05,7.20680372215213e-11,1.19303547698156e-12
741310241.300898,0.000460565878183458,-0.0214551872158751,1.05005432946847e-10,-6.62760685850671e-09,1.23209167929955e-06,-7.73521393299006e-05,7.20695021992492e-11,1.14794703011368e-12
758577575.029164,0.000439846128112114,-0.020967242184043,9.86048605735274e-11,-6.47686887416807e-09,1.15738933129635e-06,-7.55928475405143e-05,7.20708921421215e-11,1.10346426944539e-12
776247116.628671,0.000420058118455378,-0.0204903751423092,9.249211863649e-11,-6.3295529269752e-09,1.08604630844366e-06,-7.38734950393374e-05,7.20722099898717e-11,1.0595638148988e-12
794328234.724261,0.000401159984506504,-0.0200243358583275,8.66542746504881e-11,-6.18558171398252e-09,1.01791167314258e-06,-7.2193179608961e-05,7.20734585300666e-11,1.01622258197381e-12
812830516.164078,0.000383111739581565,-0.0195688796668768,8.10789762839326e-11,-6.04487965194824e-09,9.5284125888054e-07,-7.05510191029881e-05,7.20746404039538e-11,9.73417770422063e-13
831763771.102649,0.000365875191039249,-0.0191237673517178,7.57544254164777e-11,-5.90737284083678e-09,8.90697367452326e-07,-6.89461510200627e-05,7.20757581120035e-11,9.31126853013328e-13
851138038.202354,0.000349413860032561,-0.0186887650295684,7.06693533494535e-11,-5.77298902797556e-09,8.31348479636056e-07,-6.73777320855384e-05,7.20768140191581e-11,8.89327564392676e-13
870963589.956058,0.000333692904828644,-0.0182636440361871,6.58129971185578e-11,-5.64165757286327e-09,7.74668978733919e-07,-6.58449378407477e-05,7.20778103597993e-11,8.4799789002615e-13
891250938.133722,0.000318679047539968,-0.0178481808145534,6.11750768603786e-11,-5.51330941262543e-09,7.2053888641235e-07,-6.43469622398278e-05,7.20787492424416e-11,8.07116055232684e-13
912010839.355886,0.000304340504116834,-0.0174421568051275,5.67457741864017e-11,-5.38787702811285e-09,6.68843610300773e-07,-6.28830172540493e-05,7.20796326541638e-11,7.66660514299803e-13
933254300.796966,0.000290646917457615,-0.0170453583381765,5.2515711520142e-11,-5.26529441063779e-09,6.19473702831125e-07,-6.1452332483588e-05,7.20804624647866e-11,7.26609939680436e-13
954992586.021411,0.000277569293499295,-0.0166575765281457,4.84759323549514e-11,-5.14549702934225e-09,5.72324630822804e-07,-6.00541547766736e-05,7.20812404308046e-11,6.86943211268056e-13
977237220.955785,0.000265079940156852,-0.0162786071700568,4.46178823918884e-11,-5.02842179919227e-09,5.2729655533896e-07,-5.86877478560455e-05,7.20819681990811e-11,6.47639405747252e-13
999999999.999973,0.000253152408985664,-0.0159082506379114,4.09333915187875e-11,-4.91400704959175e-09,4.84294121360607e-07,-5.73523919526386e-05,7.20826473103135e-11,6.08677786016638e-13
1023292992.28073,0.000241761439446601,-0.0155463117850791,3.74146565933527e-11,-4.80219249360888e-09,4.43226256844654e-07,-5.60473834464194e-05,7.20832792022754e-11,5.70037790680998e-13
1047128548.05087,0.000230882905658674,-0.0151925998466438,3.40542249947125e-11,-4.6929191978081e-09,4.04005980750794e-07,-5.47720345142888e-05,7.20838652128442e-11,5.31699023609355e-13
1071519305.23758,0.000220493765529127,-0.0148469283436873,3.0844978909419e-11,-4.58612955267995e-09,3.66550219640222e-07,-5.35256727849641e-05,7.20844065828172e-11,4.93641243555653e-13
1096478196.14316,0.000210572012155631,-0.0145091149894833,2.77801203193543e-11,-4.48176724366125e-09,3.30779632466474e-07,-5.23076410007496e-05,7.20849044585254e-11,4.55844353838583e-13
1122018454.30193,0.000201096627399866,-0.0141789815975765,2.485315666043e-11,-4.37977722273763e-09,2.96618443195193e-07,-5.11172966861046e-05,7.2085359894248e-11,4.18288392077047e-13
1148153621.49685,0.000192047537536143,-0.0138563539917211,2.20578871223197e-11,-4.28010568062017e-09,2.63994280905523e-07,-4.99540118229119e-05,7.20857738544334e-11,3.80953519977691e-13
1174897554.9395,0.000183405570882955,-0.0135410619176507,1.938838956077e-11,-4.18270001948807e-09,2.32838027041029e-07,-4.88171725323525e-05,7.20861472157315e-11,3.43820013170824e-13
1202264434.61738,0.000175152417329373,-0.0132329389566539,1.68390079952792e-11,-4.08750882628881e-09,2.03083669492545e-07,-4.77061787632866e-05,7.20864807688416e-11,3.06868251091057e-13
1230268770.81235,0.000167270589672046,-0.012931822440927,1.44043406661285e-11,-3.99448184658728e-09,1.74668163209334e-07,-4.66204439870426e-05,7.20867752201781e-11,2.70078706898871e-13
1258925411.79413,0.000159743386682313,-0.0126375533706757,1.20792286258901e-11,-3.9035699589554e-09,1.4753129704823e-07,-4.55593948985132e-05,7.20870311933606e-11,2.33431937439344e-13
1288249551.6931,0.000152554857826409,-0.0123499763329394,9.85874484163274e-12,-3.81472514989344e-09,1.2161556658322e-07,-4.45224711234577e-05,7.20872492305277e-11,1.96908573234177e-13
1318256738.55637,0.000145689769565183,-0.0120689394221079,7.73818378508981e-12,-3.72790048927442e-09,9.68660526101347e-08,-4.35091249319093e-05,7.20874297934809e-11,1.60489308503153e-13
1348962882.59162,0.00013913357316297,-0.0117942941621035,5.71305148905716e-12,-3.64305010630284e-09,7.32303050927845e-08,-4.25188209575849e-05,7.20875732646577e-11,1.2415489121112e-13
1380384264.60285,0.000132872373938362,-0.0115258954302004,3.77905604924701e-12,-3.56012916597894e-09,5.0658232308102e-08,-4.15510359231953e-05,7.20876799479382e-11,8.78861131365786e-14
1412537544.62272,0.000126892901892586,-0.0112636013824516,1.93209855173997e-12,-3.47909384605984e-09,2.91019949585132e-08,-4.06052583715548e-05,7.20877500692861e-11,5.16637999579011e-14
1445439770.74589,0.000121182483654056,-0.0110072733806969,1.68264407055423e-13,-3.39990131450877e-09,8.51590503002689e-09,-3.96809884023869e-05,7.2087783777225e-11,1.54688013532408e-14
1479108388.16817,0.000115729015680356,-0.0107567759211225,-1.51618492730051e-12,-3.32250970742368e-09,-1.11436708156841e-08,-3.87777374147255e-05,7.20877811431519e-11,-2.071801888987e-14
1513561248.43617,0.000110520938661527,-0.0105119765643448,-3.12481985314725e-12,-3.24687810743665e-09,-2.99184035175649e-08,-3.78950278548098e-05,7.20877421614875e-11,-5.69157927592148e-14
1548816618.91244,0.000105547213071019,-0.01027274586699,-4.66105018337252e-12,-3.17296652257535e-09,-4.78480897532163e-08,-3.70323929693739e-05,7.20876667496647e-11,-9.3143657900882e-14
1584893192.46107,0.000100797295813035,-0.0100389573147431,-6.12813235494072e-12,-3.10073586557812e-09,-6.49707361235048e-08,-3.61893765642288e-05,7.20875547479542e-11,-1.29420767504539e-13
1621810097.35889,9.6261117917265e-05,-0.0098104872568365,-7.52917631830004e-12,-3.03014793365412e-09,-8.13226395603673e-08,-3.53655327680394e-05,7.20874059191277e-11,-1.6576630019499e-13
1659586907.43752,9.19290632342069e-05,-0.00958721484195349,-8.86715211765019e-12,-2.96116538868006e-09,-9.69384641265966e-08,-3.45604258011978e-05,7.20872199479578e-11,-2.02199469934015e-13
1698243652.4617,8.77919480863192e-05,-0.0093690219555175,-1.01448961758887e-11,-2.89375173782537e-09,-1.11851314368883e-07,-3.37736297496957e-05,7.20869964405532e-11,-2.3873953593645e-13
1737800828.74933,8.38410018322564e-05,-0.00915579315834182,-1.13651172974413e-11,-2.82787131459721e-09,-1.26092805378233e-07,-3.30047283438979e-05,7.20867349235279e-11,-2.754058126045e-13
1778279410.03887,8.00678483033376e-05,-0.00894741562661258,-1.2530402401594e-11,-2.76348926029755e-09,-1.39693129705029e-07,-3.22533147421248e-05,7.20864348430031e-11,-3.12217679484211e-13
1819700858.60993,7.64644880732095e-05,-0.00874377909317908,-1.36432219983816e-11,-2.70057150588389e-09,-1.5268112126943e-07,-3.15189913189454e-05,7.20860955634398e-11,-3.4919459124804e-13
1862087136.66282,7.30232815234078e-05,-0.00854477579012556,-1.47059354185533e-11,-2.63908475422585e-09,-1.65084316401563e-07,-3.08013694580914e-05,7.20857163662983e-11,-3.8635608770742e-13
1905460717.96319,6.97369326691808e-05,-0.008350300392599,-1.57207958086206e-11,-2.57899646274967e-09,-1.76929012139955e-07,-3.01000693498981e-05,7.20852964485242e-11,-4.23721803859189e-13
1949844599.75799,6.65984737115242e-05,-0.00816024996386769,-1.66899549015025e-11,-2.52027482646285e-09,-1.88240321910932e-07,-2.94147197931823e-05,7.20848349208556e-11,-4.61311479969725e-13
1995262314.96882,6.36012502828977e-05,-0.00797452390158574,-1.76154675728154e-11,-2.46288876135125e-09,-1.99042228706244e-07,-2.87449580014674e-05,7.20843308059488e-11,-4.99144971700559e-13
2041737944.66947,6.07389073555413e-05,-0.00779302388523911,-1.84992961924049e-11,-2.40680788814116e-09,-2.09357635870931e-07,-2.80904294134673e-05,7.20837830363194e-11,-5.37242260279252e-13
2089296130.85398,5.80053757826974e-05,-0.00761565382474904,-1.93433147802897e-11,-2.35200251641874e-09,-2.19208415608463e-07,-2.74507875077424e-05,7.20831904520929e-11,-5.75623462719189e-13
2137962089.50217,5.53948594443701e-05,-0.00744231981020906,-2.01493129757773e-11,-2.29844362909967e-09,-2.28615455305372e-07,-2.68256936214424e-05,7.2082551798562e-11,-6.14308842091969e-13
2187761623.94949,5.29018229705188e-05,-0.00727293006273228,-2.09189998281209e-11,-2.24610286724168e-09,-2.3759870177309e-07,-2.62148167730505e-05,7.20818657235439e-11,-6.53318817855938e-13
2238721138.56828,5.05209800157947e-05,-0.00710739488638587,-2.16540074167111e-11,-2.19495251519279e-09,-2.4617720350025e-07,-2.56178334890469e-05,7.20811307745336e-11,-6.92673976244388e-13
2290867652.76771,4.8247282061084e-05,-0.00694562662119021,-2.23558943084408e-11,-2.14496548606849e-09,-2.54369151004633e-07,-2.50344276344103e-05,7.20803453956456e-11,-7.32395080716836e-13
2344228815.31986,4.60759077182296e-05,-0.00678753959716023,-2.3026148859537e-11,-2.09611530755069e-09,-2.62191915369869e-07,-2.44642902468755e-05,7.20795079243403e-11,-7.72503082476739e-13
2398832919.01942,4.40022525153573e-05,-0.00663305008936734,-2.36661923688305e-11,-2.04837610800192e-09,-2.69662085048253e-07,-2.39071193748702e-05,7.20786165879253e-11,-8.13019131058868e-13
2454708915.68496,4.20219191412421e-05,-0.00648207627400017,-2.4277382089118e-11,-2.001722602888e-09,-2.76795501007361e-07,-2.33626199190518e-05,7.20776694998267e-11,-8.53964584989512e-13
2511886431.50951,4.01307081281173e-05,-0.00633453818540315,-2.48610141029769e-11,-1.9561300815027e-09,-2.83607290294676e-07,-2.28305034773692e-05,7.20766646556222e-11,-8.95361022522513e-13
2570395782.76879,3.83246089532473e-05,-0.00619035767407208,-2.54183260691064e-11,-1.91157439398792e-09,-2.90111898091115e-07,-2.23104881935736e-05,7.20755999288274e-11,-9.37230252454056e-13
2630267991.89531,3.65997915404683e-05,-0.00604945836558636,-2.59504998449951e-11,-1.86803193864321e-09,-2.96323118321179e-07,-2.18022986091056e-05,7.20744730664265e-11,-9.79594325018966e-13
2691534803.92684,3.49525981437417e-05,-0.00591176562045781,-2.64586639914571e-11,-1.82547964951827e-09,-3.02254122884371e-07,-2.13056655182863e-05,7.20732816841398e-11,-1.02247554287115e-12
2754228703.33809,3.33795355955692e-05,-0.00577720649487645,-2.69438961643302e-11,-1.78389498428254e-09,-3.07917489569686e-07,-2.08203258267412e-05,7.20720232614164e-11,-1.06589647215063e-12
2818382931.26437,3.18772679038861e-05,-0.00564570970233398,-2.74072253983887e-11,-1.7432559123658e-09,-3.13325228712153e-07,-2.03460224129877e-05,7.20706951361431e-11,-1.10987995363941e-12
2884031503.12652,3.04426091817851e-05,-0.00551720557610599,-2.78496342883014e-11,-1.70354090336396e-09,-3.18488808647778e-07,-1.98825039931176e-05,7.20692944990585e-11,-1.1544491140084e-12
2951209226.6663,2.90725168951211e-05,-0.00539162603257439,-2.82720610712443e-11,-1.66472891570436e-09,-3.2341918002072e-07,-1.94295249885082e-05,7.20678183878609e-11,-1.19962737715708e-12
3019951720.40193,2.77640854137215e-05,-0.00526890453537181,-2.86754016155728e-11,-1.62679938556487e-09,-3.2812679899409e-07,-1.89868453964962e-05,7.20662636809979e-11,-1.24543847564773e-12
3090295432.5135,2.6514539852562e-05,-0.00514897606033015,-2.90605113197583e-11,-1.58973221604136e-09,-3.3262164941346e-07,-1.85542306639495e-05,7.20646270911255e-11,-1.29190646223555e-12
3162277660.16829,2.53212301898829e-05,-0.00503177706121579,-2.94282069256078e-11,-1.55350776655808e-09,-3.36913263969974e-07,-1.81314515636747e-05,7.20629051582233e-11,-1.33905572149586e-12
3235936569.29619,2.4181625649804e-05,-0.00491724543623424,-2.97792682495994e-11,-1.51810684251563e-09,-3.4101074440782e-07,-1.77182840735975e-05,7.20610942423518e-11,-1.38691098154917e-12
3311311214.82582,2.3093309337553e-05,-0.0048053204952875,-3.01144398360007e-11,-1.48351068517145e-09,-3.44922780818829e-07,-1.73145092586563e-05,7.20591905160374e-11,-1.43549732588474e-12
3388441561.39193,2.20539731159565e-05,-0.00469594292796758,-3.04344325352642e-11,-1.44970096174754e-09,-3.48657670065018e-07,-1.6919913155349e-05,7.20571899562705e-11,-1.48484020528277e-12
3467368504.52522,2.10614127123533e-05,-0.00458905477227005,-3.07399250110441e-11,-1.41665975576061e-09,-3.5222333336808e-07,-1.65342866588748e-05,7.20550883360989e-11,-1.53496544983514e-12
3548133892.33565,2.01135230455722e-05,-0.00448459938401186,-3.10315651790211e-11,-1.38436955756968e-09,-3.55627333103046e-07,-1.61574254128143e-05,7.20528812158017e-11,-1.58589928106404e-12
3630780547.70091,1.92082937630863e-05,-0.00438252140693779,-3.13099715805836e-11,-1.35281325513633e-09,-3.58876888831664e-07,-1.57891297012916e-05,7.20505639336254e-11,-1.63766832413753e-12
3715352290.97162,1.83438049788951e-05,-0.00428276674350051,-3.15757346942716e-11,-1.32197412499296e-09,-3.61978892609453e-07,-1.54292043435639e-05,7.20481315960635e-11,-1.69029962018071e-12
3801893963.2055,1.75182232031131e-05,-0.00418528252629927,-3.18294181877621e-11,-1.29183582341447e-09,-3.64939923598831e-07,-1.50774585909856e-05,7.20455790676607e-11,-1.74382063868033e-12
3890451449.94269,1.67297974546467e-05,-0.00409001709016269,-3.2071560113046e-11,-1.26238237778878e-09,-3.67766262019274e-07,-1.47337060262928e-05,7.20429009603214e-11,-1.79825928998057e-12
3981071705.53486,1.59768555487287e-05,-0.00399691994486142,-3.23026740473285e-11,-1.23359817818195e-09,-3.70463902464051e-07,-1.43977644651587e-05,7.20400916221026e-11,-1.85364393786674e-12
4073802778.04101,1.52578005514503e-05,-0.00390594174843663,-3.25232501820697e-11,-1.20546796909333e-09,-3.73038566611737e-07,-1.40694558599686e-05,7.20371451254675e-11,-1.91000341223334e-12
4168693834.70323,1.45711073937807e-05,-0.0038170342811308,-3.27337563624728e-11,-1.17797684139689e-09,-3.75495715359441e-07,-1.37486062057648e-05,7.20340552549783e-11,-1.96736702183208e-12
4265795188.0158,1.39153196379058e-05,-0.00373015041990725,-3.29346390796222e-11,-1.15111022446417e-09,-3.77840560403457e-07,-1.34350454483146e-05,7.20308154944037e-11,-2.02576456709468e-12
4365158322.40153,1.32890463890352e-05,-0.00364524411354546,-3.31263244173738e-11,-1.1248538784652e-09,-3.80078075291875e-07,-1.31286073942528e-05,7.20274190132162e-11,-2.08522635302467e-12
4466835921.5095,1.26909593461378e-05,-0.0035622703582993,-3.33092189560052e-11,-1.09919388684313e-09,-3.82213005972582e-07,-1.28291296232533e-05,7.20238586524544e-11,-2.14578320215143e-12
4570881896.14862,1.21197899853582e-05,-0.0034811851741056,-3.3483710634541e-11,-1.07411664895895e-09,-3.84249880859018e-07,-1.25364534021848e-05,7.20201269099206e-11,-2.20746646753882e-12
4677351412.87185,1.15743268701475e-05,-0.00340194558133086,-3.36501695735813e-11,-1.04960887290225e-09,-3.86193020435013e-07,-1.22504236012053e-05,7.2016215924689e-11,-2.27030804583979e-12
4786300923.22624,1.10534130824099e-05,-0.00332450957804393,-3.38089488603786e-11,-1.02565756846461e-09,-3.88046546419092e-07,-1.19708886117533e-05,7.2012117460892e-11,-2.33434039038738e-12
4897788193.68432,1.05559437692229e-05,-0.00324883611780316,-3.39603852978291e-11,-1.00225004027165e-09,-3.89814390507677e-07,-1.16977002663931e-05,7.20078228907557e-11,-2.3995965243112e-12
5011872336.27258,1.00808637999335e-05,-0.00317488508794616,-3.41048001189656e-11,-9.79373881070595e-10,-3.9150030271573e-07,-1.14307137604721e-05,7.20033231768536e-11,-2.46611005366753e-12
5128613839.9135,9.62716552866546e-06,-0.00310261728837133,-3.42424996684704e-11,-9.57016965169456e-10,-3.93107859332552e-07,-1.11697875755504e-05,7.19986088535426e-11,-2.53391518056965e-12
5248074602.49757,9.19388665749746e-06,-0.00303199441079968,-3.43737760526532e-11,-9.35167442024799e-10,-3.94640470509609e-07,-1.09147834045633e-05,7.19936700075508e-11,-2.60304671630369e-12
5370317963.70237,8.7801081957835e-06,-0.00296297901850668,-3.44989077592753e-11,-9.13813729974554e-10,-3.96101387496507e-07,-1.06655660786762e-05,7.19884962576783e-11,-2.67354009441397e-12
5495408738.57609,8.38495251129126e-06,-0.00289553452651306,-3.46181602485359e-11,-8.92944510112709e-10,-3.97493709540485e-07,-1.04220034957966e-05,7.19830767335753e-11,-2.74543138373979e-12
5623413251.90333,8.00758146902861e-06,-0.00282962518222477,-3.47317865164772e-11,-8.72548720302706e-10,-3.9882039046408e-07,-1.0183966550704e-05,7.19774000535602e-11,-2.81875730138438e-12
5754399373.3714,7.64719465381352e-06,-0.00276521604651157,-3.48400276320049e-11,-8.52615549326413e-10,-4.00084244934956e-07,-9.95132906676286e-06,7.19714543014353e-11,-2.89355522559446e-12
5888436553.55572,7.30302767282056e-06,-0.00270227297521472,-3.49431132486675e-11,-8.33134431165662e-10,-4.01287954441227e-07,-9.72396772918175e-06,7.19652270022618e-11,-2.96986320852724e-12
6025595860.7434,6.97435053450621e-06,-0.00264076260107389,-3.50412620922834e-11,-8.14095039413365e-10,-4.0243407298499e-07,-9.50176201978595e-06,7.19587050970493e-11,-3.04771998887928e-12
6165950018.61464,6.66046610047709e-06,-0.00258065231606401,-3.51346824254531e-11,-7.95487281811328e-10,-4.03525032506199e-07,-9.28459415326803e-06,7.19518749163171e-11,-3.12716500434953e-12
6309573444.80175,6.36070860701959e-06,-0.00252191025413271,-3.52235724899487e-11,-7.77301294911907e-10,-4.04563148048423e-07,-9.07234901488402e-06,7.19447221524805e-11,-3.20823840390642e-12
6456542290.34637,6.07444225315717e-06,-0.00246450527432948,-3.53081209279214e-11,-7.59527438860753e-10,-4.05550622677532e-07,-8.86491409956281e-06,7.19372318310162e-11,-3.29098105982624e-12
6606934480.07577,5.80105985224224e-06,-0.00240840694431748,-3.53885071828297e-11,-7.42156292297929e-10,-4.06489552163775e-07,-8.66217945239705e-06,7.1929388280357e-11,-3.37543457946737e-12
6760829753.91962,5.53998154422427e-06,-0.00235358552425968,-3.54649018809421e-11,-7.2517864737475e-10,-4.07381929437297e-07,-8.4640376104847e-06,7.19211751004671e-11,-3.46164131674179e-12
6918309709.18916,5.29065356586443e-06,-0.00230001195107059,-3.55374671942328e-11,-7.08585504883772e-10,-4.08229648826597e-07,-8.27038354609104e-06,7.19125751300442e-11,-3.54964438324236e-12
7079457843.84117,5.05254707628953e-06,-0.00224765782302552,-3.56063571854476e-11,-6.92368069499391e-10,-4.09034510089023e-07,-8.0811146111017e-06,7.19035704122983e-11,-3.6394876589808e-12
7244359600.74969,4.82515703539567e-06,-0.00219649538471928,-3.5671718136081e-11,-6.76517745126598e-10,-4.09798222241962e-07,-7.89613048273789e-06,7.18941421592493e-11,-3.73121580268779e-12
7413102413.00896,4.60800113272355e-06,-0.00214649751236629,-3.57336888579689e-11,-6.61026130355462e-10,-4.10522407202941e-07,-7.71533311050557e-06,7.18842707144899e-11,-3.8248742616228e-12
7585775750.29161,4.40061876453477e-06,-0.0020976376994346,-3.57924009891702e-11,-6.45885014019006e-10,-4.11208603246519e-07,-7.53862666435137e-06,7.18739355143552e-11,-3.92050928083708e-12
7762471166.28669,4.20257005692029e-06,-0.00204989004260604,-3.58479792747763e-11,-6.31086370852166e-10,-4.11858268285398e-07,-7.36591748399807e-06,7.18631150474401e-11,-4.01816791182894e-12
7943282347.24258,4.01343493286989e-06,-0.00200322922805539,-3.59005418332556e-11,-6.16622357249588e-10,-4.12472782982894e-07,-7.19711402943372e-06,7.18517868124046e-11,-4.11789802052579e-12
8128305161.64075,3.83281222132465e-06,-0.00195763051804105,-3.59502004089152e-11,-6.02485307120083e-10,-4.13053453703525e-07,-7.03212683252871e-06,7.18399272740057e-11,-4.21974829452255e-12
8317637711.02647,3.66031880632329e-06,-0.00191306973780048,-3.59970606110274e-11,-5.88667727835584e-10,-4.1360151530814e-07,-6.87086844975579e-06,7.18275118172935e-11,-4.32376824950057e-12
8511380382.02351,3.49558881443859e-06,-0.00186952326274324,-3.60412221401488e-11,-5.7516229627254e-10,-4.14118133799738e-07,-6.71325341598879e-06,7.18145146999074e-11,-4.43000823474593e-12
8709635899.56055,3.33827283878057e-06,-0.0018269680059351,-3.60827790021283e-11,-5.61961854943685e-10,-4.14604408825789e-07,-6.5591981993561e-06,7.1800909002408e-11,-4.53851943767978e-12
8912509381.33719,3.18803719792144e-06,-0.00178538140586647,-3.61218197102799e-11,-5.49059408218223e-10,-4.15061376042608e-07,-6.40862115712591e-06,7.17866665765807e-11,-4.64935388730724e-12
9120108393.55883,3.04456322817067e-06,-0.00174474141449887,-3.61584274761708e-11,-5.36448118628467e-10,-4.1549000934705e-07,-6.26144249260043e-06,7.17717579916434e-11,-4.76256445648466e-12
9332543007.96963,2.90754660769957e-06,-0.00170502648558297,-3.6192680389455e-11,-5.2412130326106e-10,-4.15891222980549e-07,-6.11758421299711e-06,7.17561524782926e-11,-4.87820486289798e-12
9549925860.21408,2.77669671108232e-06,-0.00166621556324222,-3.62246515871597e-11,-5.12072430230927e-10,-4.16265873510272e-07,-5.97697008829536e-06,7.17398178705232e-11,-4.99632966863735e-12
9772372209.55782,2.65173599288452e-06,-0.00162828807081588,-3.62544094128138e-11,-5.00295115236173e-10,-4.16614761691918e-07,-5.83952561102773e-06,7.17227205451524e-11,-5.11699427824536e-12
9999999999.9997,2.53239939899236e-06,-0.00159122389995576,-3.62820175657877e-11,-4.88783118192155e-10,-4.16938634218501e-07,-5.70517795699528e-06,7.17048253589854e-11,-5.24025493510782e-12
10232929922.8072,2.41843380443405e-06,-0.00155500339997069,-3.63075352411965e-11,-4.77530339943065e-10,-4.17238185359209e-07,-5.57385594688704e-06,7.16860955835544e-11,-5.36616871604692e-12
10471285480.5087,2.30959747650125e-06,-0.00151960736741338,-3.6331017260701e-11,-4.66530819049315e-10,-4.17514058492272e-07,-5.44549000878436e-06,7.16664928373688e-11,-5.49479352396768e-12
10715193052.3757,2.20565956203213e-06,-0.00148501703590389,-3.63525141945271e-11,-4.55778728649163e-10,-4.17766847535556e-07,-5.3200121415313e-06,7.16459770156134e-11,-5.62618807839837e-12
10964781961.4315,2.10639959776873e-06,-0.00145121406618456,-3.63720724750058e-11,-4.45268373392955e-10,-4.17997098278452e-07,-5.19735587895246e-06,7.1624506217233e-11,-5.76041190375524e-12
11220184543.0193,2.01160704275026e-06,-0.00141818053640101,-3.63897345019273e-11,-4.34994186448507e-10,-4.18205309618457e-07,-5.07745625490079e-06,7.16020366693456e-11,-5.89752531515118e-12
11481536214.9685,1.92108083175061e-06,-0.0013858989326042,-3.64055387399831e-11,-4.24950726576096e-10,-4.18391934705676e-07,-4.96024976911768e-06,7.15785226489293e-11,-6.03758940155611e-12
11748975549.3949,1.83462894881331e-06,-0.0013543521394684,-3.6419519808566e-11,-4.15132675271654e-10,-4.18557381998379e-07,-4.84567435388863e-06,7.15539164017302e-11,-6.18066600610515e-12
12022644346.1738,1.75206801997915e-06,-0.00132352343122028,-3.64317085641792e-11,-4.05534833976732e-10,-4.18702016232562e-07,-4.73366934147818e-06,7.15281680583443e-11,-6.32681770333768e-12
12302687708.1234,1.67322292434308e-06,-0.00129339646277433,-3.6442132175702e-11,-3.96152121353901e-10,-4.18826159308397e-07,-4.62417543232794e-06,7.15012255474307e-11,-6.4761077731374e-12
12589254117.9413,1.59792642261538e-06,-0.00126395526106976,-3.64508141927459e-11,-3.86979570626244e-10,-4.18930091096319e-07,-4.51713466400266e-06,7.14730345060212e-11,-6.62860017112958e-12
12882495516.931,1.52601880239937e-06,-0.00123518421660457,-3.64577746073318e-11,-3.78012326979679e-10,-4.1901405016541e-07,-4.41249038086894e-06,7.14435381868945e-11,-6.78435949527716e-12
13182567385.5637,1.45734753943337e-06,-0.00120706807516208,-3.64630299091067e-11,-3.6924564502686e-10,-4.19078234436678e-07,-4.31018720449254e-06,7.14126773629949e-11,-6.94345094840253e-12
13489628825.9161,1.39176697407858e-06,-0.00117959192972567,-3.6466593134317e-11,-3.60674886331462e-10,-4.19122801763726e-07,-4.21017100473975e-06,7.13803902288832e-11,-7.10594029634612e-12
13803842646.0284,1.32913800236659e-06,-0.00115274121257746,-3.64684739087488e-11,-3.52295516991679e-10,-4.19147870443294e-07,-4.11238887156977e-06,7.13466122992162e-11,-7.27189382145669e-12
14125375446.2271,1.26932778095144e-06,-0.00112650168757666,-3.64686784848429e-11,-3.44103105281824e-10,-4.19153519658069e-07,-4.01678908750435e-06,7.13112763042653e-11,-7.44137827109157e-12
14454397707.4588,1.21220944534039e-06,-0.00110085944261361,-3.64672097731876e-11,-3.36093319350931e-10,-4.19139789854171e-07,-3.9233211007626e-06,7.12743120824963e-11,-7.61446080078788e-12
14791083881.6816,1.15766184080587e-06,-0.00107580088223546,-3.64640673685954e-11,-3.28261924977322e-10,-4.19106683055677e-07,-3.83193549904816e-06,7.12356464702466e-11,-7.79120891174773e-12
15135612484.3616,1.10556926540784e-06,-0.00105131272043964,-3.64592475709655e-11,-3.20604783378122e-10,-4.19054163118556e-07,-3.74258398397732e-06,7.11952031885546e-11,-7.97169038226267e-12
15488166189.1243,1.05582122458163e-06,-0.00102738197363121,-3.64527434011387e-11,-3.13117849072753e-10,-4.18982155926425e-07,-3.6552193461364e-06,7.11529027272115e-11,-8.15597319268359e-12
15848931924.6107,1.00831219677068e-06,-0.00100399595374049,-3.64445446119528e-11,-3.05797167799463e-10,-4.18890549530518e-07,-3.56979544075759e-06,7.11086622261294e-11,-8.34412544352364e-12
16218100973.5888,9.62941409607181e-07,-0.000981142261497261,-3.64346376947101e-11,-2.98638874483991e-10,-4.18779194236366e-07,-3.48626716400256e-06,7.10623953541369e-11,-8.53621526626259e-12
16595869074.3751,9.19612626165847e-07,-0.000958808779857941,-3.64230058812776e-11,-2.91639191259512e-10,-4.18647902639713e-07,-3.40459042984381e-06,7.10140121853448e-11,-8.73231072640156e-12
16982436524.6169,8.78233940837575e-07,-0.000936983667582363,-3.64096291420433e-11,-2.84794425537008e-10,-4.18496449614295e-07,-3.32472214753395e-06,7.09634190732459e-11,-8.93247971829795e-12
17378008287.4932,8.38717584389964e-07,-0.000915655352956661,-3.6394484179967e-11,-2.78100968125299e-10,-4.18324572254202e-07,-3.2466201996535e-06,7.09105185227464e-11,-9.13678985129108e-12
17782794100.3887,8.00979737801287e-07,-0.000894812527658982,-3.63775444209685e-11,-2.71555291399938e-10,-4.18131969773692e-07,-3.17024342072844e-06,7.08552090603576e-11,-9.34530832661004e-12
18197008586.0993,7.64940354473057e-07,-0.00087444414076478,-3.6358780000915e-11,-2.65153947520264e-10,-4.1791830336744e-07,-3.09555157640871e-06,7.07973851028136e-11,-9.55810180453706e-12
18620871366.6281,7.3052299044412e-07,-0.000854539392888506,-3.63381577494804e-11,-2.58893566693906e-10,-4.17683196034395e-07,-3.0225053431997e-06,7.07369368244193e-11,-9.77523626128134e-12
19054607179.6319,6.97654642246144e-07,-0.000835087730458599,-3.6315641171167e-11,-2.52770855488068e-10,-4.17426232368619e-07,-2.95106628873862e-06,7.06737500234756e-11,-9.99677683500191e-12
19498445997.5799,6.66265592056629e-07,-0.000816078840122745,-3.62911904237998e-11,-2.46782595186963e-10,-4.17146958320656e-07,-2.88119685260847e-06,7.06077059881755e-11,-1.02227876604018e-11
19952623149.6882,6.36289259820989e-07,-0.000797502643280445,-3.62647622948235e-11,-2.40925640194777e-10,-4.16844880933289e-07,-2.81286032768242e-06,7.05386813624143e-11,-1.04533316913017e-11
20417379446.6947,6.07662062030079e-07,-0.000779349290739995,-3.62363101757579e-11,-2.35196916483598e-10,-4.16519468055734e-07,-2.74602084199159e-06,7.04665480120122e-11,-1.06884705105891e-11
20892961308.5398,5.80323276853631e-07,-0.000761609157497049,-3.62057840351897e-11,-2.29593420085738e-10,-4.16170148040698e-07,-2.68064334110988e-06,7.0391172891906e-11,-1.09282641269267e-11
21379620895.0217,5.5421491534354e-07,-0.000744272837631993,-3.61731303907111e-11,-2.24112215629925e-10,-4.15796309428964e-07,-2.61669357104951e-06,7.03124179149274e-11,-1.11727707575998e-11
21877616239.4949,5.29281598433852e-07,-0.000727331139323452,-3.61382922802438e-11,-2.18750434920848e-10,-4.1539730062662e-07,-2.55413806166125e-06,7.02301398228569e-11,-1.1422046596873e-11
22387211385.6827,5.05470439476534e-07,-0.000710775079975252,-3.61012092332208e-11,-2.13505275561576e-10,-4.14972429580333e-07,-2.49294411053346e-06,7.01441900605097e-11,-1.16761455692284e-11
22908676527.677,4.82730932063923e-07,-0.000694595881454288,-3.60618172421361e-11,-2.08373999618362e-10,-4.14520963456563e-07,-2.43307976738464e-06,7.00544146536911e-11,-1.19351190668605e-11
23442288153.1985,4.61014842899903e-07,-0.000678784965436762,-3.60200487350088e-11,-2.03353932327384e-10,-4.14042128331014e-07,-2.37451381894366e-06,6.99606540919377e-11,-1.21990156708082e-11
23988329190.1942,4.402761094926e-07,-0.000663333948860325,-3.59758325493524e-11,-1.98442460842967e-10,-4.13535108895103e-07,-2.3172157743128e-06,6.98627432170484e-11,-1.24678808551202e-11
24547089156.8495,4.20470742451604e-07,-0.000648234639479719,-3.59290939082814e-11,-1.93637033026857e-10,-4.1299904818676e-07,-2.26115585080805e-06,6.97605111185026e-11,-1.27417566734672e-11
25118864315.095,4.01556732182485e-07,-0.000633479031523563,-3.58797543994368e-11,-1.88935156278088e-10,-4.12433047353359e-07,-2.20630496027173e-06,6.96537810369557e-11,-1.30206814276421e-11
25703957827.6879,3.83493959780705e-07,-0.000619059301449979,-3.582773195746e-11,-1.84334396403025e-10,-4.11836165455219e-07,-2.15263469585212e-06,6.95423702771077e-11,-1.33046893174212e-11
26302679918.953,3.6624411193594e-07,-0.000604967803798813,-3.57729408507967e-11,-1.79832376525124e-10,-4.11207419318631e-07,-2.10011731924504e-06,6.9426090131342e-11,-1.35938100713046e-11
26915348039.2683,3.49770599666321e-07,-0.000591197067138254,-3.5715291673668e-11,-1.75426776033963e-10,-4.10545783448064e-07,-2.04872574839174e-06,6.93047458156456e-11,-1.3888068557704e-11
27542287033.3808,3.3403848071022e-07,-0.000577739790103703,-3.56546913440988e-11,-1.71115329573059e-10,-4.09850190007794e-07,-1.99843354562789e-06,6.91781364194331e-11,-1.41874843762095e-11
28183829312.6437,3.19014385411e-07,-0.000564588837526788,-3.55910431089574e-11,-1.66895826065984e-10,-4.09119528883902e-07,-1.94921490627753e-06,6.90460548710147e-11,-1.44920714286434e-11
28840315031.2652,3.04666445937507e-07,-0.000551737236652482,-3.55242465570139e-11,-1.62766107780259e-10,-4.08352647838254e-07,-1.90104464768602e-06,6.89082879205691e-11,-1.4801837469692e-11
29512092266.6629,2.90964228690202e-07,-0.000539178173442315,-3.54541976410901e-11,-1.58724069428437e-10,-4.0754835276679e-07,-1.85389819868534e-06,6.87646161426028e-11,-1.51167836370133e-11
30199517204.0192,2.77878669749561e-07,-0.000526904988961726,-3.5380788710433e-11,-1.54767657305795e-10,-4.06705408075145e-07,-1.80775158948451e-06,6.86148139600012e-11,-1.54369039608306e-11
30902954325.1349,2.65382013229824e-07,-0.000514911175849626,-3.53039085545056e-11,-1.50894868463941e-10,-4.0582253718532e-07,-1.76258144197756e-06,6.84586496918994e-11,-1.57621848531566e-11
31622776601.6828,2.53447752407366e-07,-0.000503190374868324,-3.52234424594514e-11,-1.47103749919631e-10,-4.04898423187856e-07,-1.71836496046032e-06,6.82958856277209e-11,-1.60926045769424e-11
32359365692.9618,2.42050573498803e-07,-0.000491736371531971,-3.51392722785442e-11,-1.43392397897968e-10,-4.03931709654597e-07,-1.67507992274694e-06,6.8126278129853e-11,-1.6428132695616e-11
33113112148.2581,2.31166301969603e-07,-0.00048054309281174,-3.5051276517998e-11,-1.39758957109115e-10,-4.02921001627827e-07,-1.63270467167562e-06,6.79495777675383e-11,-1.67687295036607e-11
33884415613.9192,2.20771851259329e-07,-0.000469604603915991,-3.4959330439558e-11,-1.36201620057519e-10,-4.01864866802156e-07,-1.59121810699218e-06,6.77655294846716e-11,-1.71143454390968e-11
34673685045.2521,2.1084517381475e-07,-0.000458915105143735,-3.48633061813508e-11,-1.32718626382569e-10,-4.00761836916105e-07,-1.55059967759898e-06,6.75738728042885e-11,-1.74649204789587e-11
35481338923.3565,2.01365214326982e-07,-0.000448468928809692,-3.47630728985082e-11,-1.29308262229464e-10,-3.99610409370834e-07,-1.5108293741549e-06,6.7374342072618e-11,-1.78203835191146e-11
36307805477.009,1.92311865073468e-07,-0.000438260536239357,-3.46584969251196e-11,-1.25968859648959e-10,-3.98409049093876e-07,-1.47188772201112e-06,6.71666667456454e-11,-1.81806517400528e-11
37153522909.7161,1.83665923270081e-07,-0.000428284514832443,-3.45494419590945e-11,-1.22698796024494e-10,-3.97156190666046e-07,-1.43375577446535e-06,6.69505717211855e-11,-1.85456299605594e-11
38018939632.0549,1.75409050342914e-07,-0.000418535575193175,-3.443576927153e-11,-1.19496493525064e-10,-3.95850240729897e-07,-1.39641510631558e-06,6.67257777195033e-11,-1.89152099815362e-11
38904514499.4268,1.67523733033344e-07,-0.000409008548325888,-3.43173379421882e-11,-1.1636041858202e-10,-3.94489580698121e-07,-1.3598478076925e-06,6.64920017155266e-11,-1.92892699225568e-11
39810717055.3485,1.5999324625392e-07,-0.000399698382894467,-3.41940051226718e-11,-1.1328908138781e-10,-3.93072569780202e-07,-1.32403647814751e-06,6.62489574256804e-11,-1.96676735541294e-11
40738027780.41,1.5280161761625e-07,-0.000390600142544151,-3.40656263288646e-11,-1.10281035414455e-10,-3.91597548345292e-07,-1.28896422097109e-06,6.59963558523212e-11,-2.00502696290273e-11
41686938347.0322,1.45933593555696e-07,-0.000381709003284314,-3.39320557641546e-11,-1.07334876949402e-10,-3.90062841638788e-07,-1.25461463771412e-06,6.57339058886647e-11,-2.04368912164651e-11
42657951880.1579,1.39374606980988e-07,-0.000373020250930795,-3.3793146674891e-11,-1.04449244646113e-10,-3.88466763869273e-07,-1.22097182288193e-06,6.54613149869704e-11,-2.08273550433251e-11
43651583224.0152,1.33110746380186e-07,-0.00036452927860646,-3.3648751739438e-11,-1.01622819086593e-10,-3.86807622681492e-07,-1.18802035876876e-06,6.51782898925762e-11,-2.12214608470952e-11
44668359215.0949,1.27128726317414e-07,-0.000356231584298647,-3.34987234920684e-11,-9.88543223527869e-11,-3.85083724029655e-07,-1.1557453103972e-06,6.48845374461511e-11,-2.16189907456301e-11
45708818961.4861,1.21415859257841e-07,-0.000348122768472207,-3.3342914782797e-11,-9.61425176035623e-11,-3.83293377463719e-07,-1.124132220525e-06,6.45797654562548e-11,-2.20197086293266e-11
46773514128.7184,1.15960028661096e-07,-0.000340198531736877,-3.31811792740785e-11,-9.34862086537518e-11,-3.81434901839264e-07,-1.09316710467854e-06,6.42636836439558e-11,-2.24233595817664e-11
47863009232.2623,1.10749663286082e-07,-0.000332454672567744,-3.30133719750832e-11,-9.08842395515036e-11,-3.79506631459177e-07,-1.06283644616965e-06,6.3936004660856e-11,-2.28296693353572e-11
48977881936.8431,1.05773712652664e-07,-0.0003248870850776,-3.28393498140231e-11,-8.83354941499515e-11,-3.77506922652568e-07,-1.03312719105019e-06,6.35964451814005e-11,-2.32383437689562e-11
50118723362.7256,1.01021623608169e-07,-0.000317491756839998,-3.26589722487159e-11,-8.5838895668998e-11,-3.75434160793089e-07,-1.00402674295569e-06,6.3244727069807e-11,-2.36490684549075e-11
51286138399.1349,9.64833179490095e-08,-0.000310264766761855,-3.24721019152592e-11,-8.33934062428003e-11,-3.7328676775518e-07,-9.75522957787389e-07,6.28805786213365e-11,-2.40615082633361e-11
52480746024.9756,9.21491710499192e-08,-0.00030320228300449,-3.22786053143256e-11,-8.09980264483551e-11,-3.71063209802623e-07,-9.47604138179834e-07,6.25037358769302e-11,-2.44753070319271e-11
53703179637.0236,8.80099914554838e-08,-0.000296300560951967,-3.20783535341915e-11,-7.86517948104195e-11,-3.68762005899216e-07,-9.20259027698997e-07,6.21139440094704e-11,-2.48900873097468e-11
54954087385.7607,8.40570013906401e-08,-0.000289555941225696,-3.18712230091747e-11,-7.63537872778647e-11,-3.66381736426333e-07,-8.93476804714708e-07,6.17109587790773e-11,-2.53054501839438e-11
56234132519.0331,8.02818181487912e-08,-0.00028296484774422,-3.16570963116773e-11,-7.41031166664643e-11,-3.63921052286659e-07,-8.67247075889797e-07,6.12945480539272e-11,-2.57209751983688e-11
57543993733.7139,7.66764363180313e-08,-0.000276523785827162,-3.14358629755176e-11,-7.18989320630612e-11,-3.61378684367464e-07,-8.41559869227813e-07,6.086449339209e-11,-2.61362203732787e-11
58884365535.557,7.32332108077484e-08,-0.000270229340342338,-3.12074203476848e-11,-6.97404181860515e-11,-3.58753453330496e-07,-8.16405626621082e-07,6.04205916788189e-11,-2.65507223353132e-11
60255958607.4339,6.994484063957e-08,-0.000264078173895035,-3.09716744650712e-11,-6.76267946971745e-11,-3.56044279688888e-07,-7.9177519584147e-07,5.99626568126076e-11,-2.69639965668522e-11
61659500186.1463,6.68043534682301e-08,-0.000258067025058518,-3.07285409521333e-11,-6.55573154597084e-11,-3.53250194124548e-07,-7.67659821917477e-07,5.94905214321616e-11,-2.7375537783652e-11
63095734448.0173,6.38050907994822e-08,-0.0002521927066448,-3.04779459348046e-11,-6.35312677383616e-11,-3.50370347992295e-07,-7.44051137843474e-07,5.90040386752225e-11,-2.77848204493185e-11
64565422903.4635,6.09406938736551e-08,-0.000246452104014788,-3.02198269653509e-11,-6.15479713364027e-11,-3.47404023949713e-07,-7.20941154569819e-07,5.85030839589518e-11,-2.81912994346831e-11
66069344800.7575,5.82050901848588e-08,-0.000240842173426882,-2.99541339522157e-11,-5.96067776659205e-11,-3.44350646644317e-07,-6.98322250226572e-07,5.79875567703465e-11,-2.85944108294971e-11
67608297539.196,5.55924806071878e-08,-0.000235359940423172,-2.96808300882685e-11,-5.77070687475326e-11,-3.41209793382337e-07,-6.76187158538462e-07,5.74573824539301e-11,-2.89935729130399e-11
69183097091.8914,5.30973271005568e-08,-0.000230002498252365,-2.93998927702563e-11,-5.58482561363819e-11,-3.37981204696368e-07,-6.54528956394726e-07,5.69125139827733e-11,-2.93881872892446e-11
70794578438.4115,5.07143409700255e-08,-0.000224767006328609,-2.91113145016686e-11,-5.4029779771875e-11,-3.3466479472236e-07,-6.33341050544516e-07,5.63529336977651e-11,-2.97776401907643e-11
72443596007.4967,4.84384716536441e-08,-0.000219650688725405,-2.88151037706844e-11,-5.22511067493243e-11,-3.31260661290214e-07,-6.12617163396712e-07,5.57786549990051e-11,-3.01613039550483e-11
74131024130.0894,4.62648960149648e-08,-0.000214650832703796,-2.8511285894386e-11,-5.05117300124566e-11,-3.27769095626658e-07,-5.92351317912152e-07,5.51897239722503e-11,-3.05385386739557e-11
75857757502.9159,4.41890081174373e-08,-0.000209764787274057,-2.81999038200085e-11,-4.88111669666416e-11,-3.24190591564323e-07,-5.72537821586583e-07,5.45862209325515e-11,-3.09086940167239e-11
77624711662.8667,4.22064094589234e-08,-0.000204989961790128,-2.78810188736704e-11,-4.71489580136717e-11,-3.20525854147213e-07,-5.53171249533827e-07,5.39682618665836e-11,-3.12711112242299e-11
79432823472.4256,4.03128996455421e-08,-0.000200323824576044,-2.75547114468071e-11,-4.55246650099742e-11,-3.16775807520181e-07,-5.34246426690737e-07,5.33359997547461e-11,-3.16251252704591e-11
81283051616.4073,3.85044674849905e-08,-0.000195763901583628,-2.72210816104216e-11,-4.39378696512592e-11,-3.12941601988819e-07,-5.15758409178428e-07,5.26896257539015e-11,-3.1970067184938e-11
83176377110.2644,3.67772824803733e-08,-0.000191307775080733,-2.6880249647294e-11,-4.23881717877768e-11,-3.09024620136438e-07,-4.97702464867714e-07,5.20293702216705e-11,-3.23052665276345e-11
85113803820.2349,3.51276867064282e-08,-0.000186953082369358,-2.65323564924548e-11,-4.08751876755699e-11,-3.05026481886744e-07,-4.80074053210596e-07,5.1355503563526e-11,-3.26300540054912e-11
87096358995.6053,3.35521870508484e-08,-0.00018269751453293,-2.61775640725538e-11,-3.93985481703369e-11,-3.00949048404523e-07,-4.62868804413805e-07,5.066833688455e-11,-3.29437642173914e-11
89125093813.3717,3.2047447804181e-08,-0.000178538815212107,-2.58160555352334e-11,-3.79578968717516e-11,-2.96794424732165e-07,-4.46082498044527e-07,4.99682224286522e-11,-3.32457385119866e-11
91201083935.588,3.06102835825274e-08,-0.000174474779408447,-2.5448035360271e-11,-3.65528882272914e-11,-2.92564961067379e-07,-4.29711041172309e-07,4.92555537893077e-11,-3.35353279404875e-11
93325430079.6961,2.92376525679827e-08,-0.000170503252315306,-2.50737293450698e-11,-3.5183185605786e-11,-2.88263252596809e-07,-4.1375044616448e-07,4.85307658774562e-11,-3.38118962842895e-11
95499258602.1405,2.79266500524354e-08,-0.000166622128175355,-2.46933844580691e-11,-3.38484593519884e-11,-2.83892137811687e-07,-3.98196808264922e-07,4.77943346341161e-11,-3.40748231352037e-11
97723722095.5779,2.6674502270999e-08,-0.000162829349164094,-2.43072685547925e-11,-3.25483848344556e-11,-2.79454695244788e-07,-3.83046283097397e-07,4.70467764774917e-11,-3.43235070041631e-11
99999999999.9967,2.54785605119747e-08,-0.000159122904298787,-2.39156699525561e-11,-3.12826404998981e-11,-2.74954238583017e-07,-3.68295064244611e-07,4.62886474768722e-11,-3.45573684326011e-11
102329299228.072,2.43362954908392e-08,-0.000155500828372229,-2.35188968613017e-11,-3.00509059478711e-11,-2.7039431012645e-07,-3.53939361062436e-07,4.55205422484098e-11,-3.47758530793221e-11
104712854805.087,2.32452919763283e-08,-0.000151961200910784,-2.31172766695824e-11,-2.88528600402304e-11,-2.6577867258268e-07,-3.39975376895001e-07,4.47430925708906e-11,-3.49784347546317e-11
107151930523.757,2.22032436572288e-08,-0.000148502145156142,-2.27111550863896e-11,-2.76881790601297e-11,-2.61111299204387e-07,-3.2639928786046e-07,4.39569657228239e-11,-3.51646183728161e-11
109647819614.315,2.12079482390208e-08,-0.000145121827070252,-2.23008951412468e-11,-2.65565349354782e-11,-2.56396362297986e-07,-3.13207222378867e-07,4.31628625455332e-11,-3.53339427937888e-11
112201845430.193,2.02573027600105e-08,-0.000141818454362905,-2.18868760467733e-11,-2.54575935417031e-11,-2.51638220151675e-07,-3.00395241612709e-07,4.23615152403734e-11,-3.54859835248841e-11
114815362149.684,1.93492991170725e-08,-0.000138590275541452,-2.14694919297113e-11,-2.43910130983426e-11,-2.46841402451771e-07,-2.87959320987041e-07,4.15536849116606e-11,-3.56203552543884e-11
117489755493.949,1.84820197915815e-08,-0.000135435578982154,-2.10491504381795e-11,-2.33564426734477e-11,-2.42010594276534e-07,-2.75895332949818e-07,4.07401588703239e-11,-3.57367141894754e-11
120226443461.737,1.76536337665475e-08,-0.000132352692022663,-2.06262712346277e-11,-2.23535208089809e-11,-2.37150618776379e-07,-2.64199031123978e-07,3.99217477165974e-11,-3.58347601727411e-11
123026877081.234,1.68623926263889e-08,-0.000129339980075173,-2.02012843855855e-11,-2.13818742793808e-11,-2.32266418667968e-07,-2.52866035991094e-07,3.90992822232066e-11,-3.59142385535168e-11
125892541179.413,1.61066268311748e-08,-0.000126395845759739,-1.97746286607932e-11,-2.04411169942229e-11,-2.27363036686846e-07,-2.41891822232192e-07,3.8273610043388e-11,-3.59749417925359e-11
128824955169.309,1.53847421575495e-08,-0.000123518728057343,-1.93467497556354e-11,-1.95308490544682e-11,-2.22445595158611e-07,-2.31271707834799e-07,3.74455922706643e-11,-3.60167107813219e-11
131825673855.636,1.46952162989123e-08,-0.00012070710148222,-1.89180984519457e-11,-1.86506559701736e-11,-2.17519274861794e-07,-2.21000845056682e-07,3.66160998795141e-11,-3.60394358608009e-11
134896288259.161,1.40365956177729e-08,-0.000117959475273036,-1.84891287331801e-11,-1.78001080457716e-11,-2.12589293366299e-07,-2.1107421331644e-07,3.57860100778747e-11,-3.60430575270643e-11
138038426460.284,1.34074920435285e-08,-0.000115274392602466,-1.80602958706536e-11,-1.69787599371382e-11,-2.07660883039282e-07,-2.01486614059436e-07,3.49562026037628e-11,-3.60275668158609e-11
141253754462.271,1.28065801092217e-08,-0.000112650429804771,-1.76320544979774e-11,-1.6186150382703e-11,-2.02739268915406e-07,-1.9223266762492e-07,3.41275559991567e-11,-3.59930053612145e-11
144543977074.588,1.22325941211341e-08,-0.000110086195620952,-1.72048566910151e-11,-1.54218021088366e-11,-1.9782964663052e-07,-1.83306812117045e-07,3.33009438946316e-11,-3.5939465127463e-11
147910838816.816,1.16843254553518e-08,-0.000107580330461083,-1.67791500705895e-11,-1.46852219077313e-11,-1.92937160616799e-07,-1.74703304259235e-07,3.24772313380756e-11,-3.58670878179337e-11
151356124843.616,1.1160619975705e-08,-0.000105131505683443,-1.63553759448235e-11,-1.39759008839989e-11,-1.88066882753377e-07,-1.66416222188501e-07,3.16572712001354e-11,-3.57760639673217e-11
154881661891.243,1.06603755677385e-08,-0.000102738422890044,-1.59339675073894e-11,-1.32933148642907e-11,-1.83223791659516e-07,-1.58439470124219e-07,3.08419006878679e-11,-3.56666317285607e-11
158489319246.106,1.01825397836065e-08,-0.000100399813238201,-1.55153481070937e-11,-1.26369249624308e-11,-1.7841275280759e-07,-1.5076678482506e-07,3.00319379964316e-11,-3.55390753684859e-11
162181009735.888,9.72610759301766e-09,-9.81144367677743e-05,-1.50999296031502e-11,-1.20061782908761e-11,-1.73638499620875e-07,-1.43391743728476e-07,2.92281791265771e-11,-3.5393723489837e-11
165958690743.751,9.29011923556451e-09,-9.58810817437126e-05,-1.46881108192271e-11,-1.1400508807814e-11,-1.68905615706497e-07,-1.36307774649862e-07,2.84313948932422e-11,-3.52309470000666e-11
169824365246.169,8.87365816998316e-09,-9.3698564013574e-05,-1.42802761079108e-11,-1.08193382878919e-11,-1.6421851835736e-07,-1.29508166903414e-07,2.76423281477686e-11,-3.50511568499638e-11
173780082874.932,8.47584911607739e-09,-9.15657263796625e-05,-1.38767940356523e-11,-1.02620774034727e-11,-1.59581443438747e-07,-1.2298608369404e-07,2.68616912332068e-11,-3.48548015672387e-11
177827941003.886,8.09585618522742e-09,-8.94814379854582e-05,-1.34780161965794e-11,-9.72812690243946e-12,-1.54998431755918e-07,-1.16734575619646e-07,2.60901636889203e-11,-3.46423646119048e-11
181970085860.992,7.73288109557829e-09,-8.74445937160131e-05,-1.30842761618037e-11,-9.21687886793061e-12,-1.50473316978914e-07,-1.10746595115823e-07,2.53283902173096e-11,-3.44143615815364e-11
186208713666.281,7.38616146816807e-09,-8.54541136119946e-05,-1.26958885690662e-11,-8.72771804499047e-12,-1.46009715180223e-07,-1.05015011670299e-07,2.45769789220228e-11,-3.41713372952558e-11
190546071796.318,7.05496920041443e-09,-8.35089422970666e-05,-1.23131483557789e-11,-8.26002321895454e-12,-1.41611016020436e-07,-9.95326276327152e-08,2.38364998235599e-11,-3.39138627856243e-11
194984459975.798,6.73860891352902e-09,-8.16080484183048e-05,-1.19363301367615e-11,-7.81316863045338e-12,-1.37280375596852e-07,-9.42921944459581e-08,2.31074836547886e-11,-3.36425322274945e-11
199526231496.881,6.43641647057216e-09,-7.97504240993483e-05,-1.15656877262866e-11,-7.38652541219826e-12,-1.33020710950557e-07,-8.92864291285259e-08,2.23904209356152e-11,-3.33579598323423e-11
204173794466.946,6.14775756199836e-09,-7.79350844059998e-05,-1.12014538024396e-11,-6.97946303319009e-12,-1.28834696209088e-07,-8.4508030842897e-08,2.16857613229571e-11,-3.30607767356771e-11
208929613085.397,5.87202635567398e-09,-7.61610668239898e-05,-1.08438397103156e-11,-6.59135073665053e-12,-1.24724760324697e-07,-7.99496973924185e-08,2.09939132292852e-11,-3.27516279038624e-11
213796208950.216,5.60864420847484e-09,-7.44274307486272e-05,-1.04930353992189e-11,-6.22155895878825e-12,-1.20693086352667e-07,-7.56041414985939e-08,2.03152437003865e-11,-3.24311690851052e-11
218776162394.948,5.35705843669196e-09,-7.27332569860684e-05,-1.01492094878239e-11,-5.86946071645947e-12,-1.16741612200238e-07,-7.14641067215238e-08,1.96500785406587e-11,-3.21000638275494e-11
223872113856.827,5.11674114259007e-09,-7.10776472659377e-05,-9.81250945021079e-12,-5.53443295283519e-12,-1.12872032764716e-07,-6.75223828983552e-08,1.89987026722307e-11,-3.17589805853733e-11
229086765276.77,4.88718809457489e-09,-6.94597237650424e-05,-9.48306191480762e-12,-5.21585783132171e-12,-1.09085803369168e-07,-6.37718209876345e-08,1.83613607124931e-11,-3.14085899316014e-11
234422881531.984,4.66791765853294e-09,-6.787862864193e-05,-9.16097306756051e-12,-4.91312396917132e-12,-1.0538414439598e-07,-6.02053472211346e-08,1.77382577532532e-11,-3.10495618940418e-11
239883291901.941,4.45846977801092e-09,-6.63335235820391e-05,-8.84632915010956e-12,-4.62562760344097e-12,-1.01768047012282e-07,-5.68159764787632e-08,1.71295603236757e-11,-3.06825634284036e-11
245470891568.495,4.25840500100166e-09,-6.48235893532064e-05,-8.53919704337075e-12,-4.3527736831868e-12,-9.82382798769129e-08,-5.35968248162931e-08,1.65353975184397e-11,-3.03082560402716e-11
251188643150.95,4.06730355119977e-09,-6.33480253712895e-05,-8.23962492670121e-12,-4.09397688299861e-12,-9.47953967160432e-08,-5.05411210896337e-08,1.59558622721125e-11,-2.99272935652666e-11
257039578276.878,3.88476444168293e-09,-6.19060492756796e-05,-7.9476430027511e-12,-3.84866253416327e-12,-9.14397446537036e-08,-4.76422176329836e-08,1.53910127605976e-11,-2.95403201144318e-11
263026799189.529,3.71040462906429e-09,-6.0496896514476e-05,-7.66326427816559e-12,-3.61626747088281e-12,-8.81714731841852e-08,-4.48935999612645e-08,1.48408739106287e-11,-2.91479681896907e-11
269153480392.683,3.54385820624757e-09,-5.9119819939104e-05,-7.38648539048319e-12,-3.39624079004656e-12,-8.49905436753536e-08,-4.22888954795795e-08,1.43054389986389e-11,-2.87508569721457e-11
275422870333.807,3.38477563199977e-09,-5.77740894081611e-05,-7.11728747186677e-12,-3.18804452405784e-12,-8.18967392952683e-08,-3.98218811939422e-08,1.37846713208913e-11,-2.83495907840571e-11
281838293126.436,3.23282299563634e-09,-5.64589914002805e-05,-6.85563704068702e-12,-2.99115422713337e-12,-7.88896752588983e-08,-3.74864904280728e-08,1.32785059175024e-11,-2.7944757723566e-11
288403150312.651,3.08768131519092e-09,-5.51738286358083e-05,-6.6014869124387e-12,-2.80505947632379e-12,-7.5968809297021e-08,-3.52768185605946e-08,1.27868513338767e-11,-2.75369284696269e-11
295120922666.629,2.94904586751577e-09,-5.3917919707092e-05,-6.35477712199368e-12,-2.62926428924043e-12,-7.31334522554087e-08,-3.31871278054368e-08,1.23095914040888e-11,-2.71266552531873e-11
301995172040.192,2.8166255488305e-09,-5.26905987171853e-05,-6.11543584976684e-12,-2.46328746111704e-12,-7.03827787389817e-08,-3.12118510656421e-08,1.1846587041851e-11,-2.67144709894151e-11
309029543251.349,2.69014226430522e-09,-5.14912149267783e-05,-5.88338034497733e-12,-2.30666282438381e-12,-6.77158377225768e-08,-2.93455948970866e-08,1.13976780258799e-11,-2.63008885647129e-11
316227766016.827,2.56933034532968e-09,-5.03191324091633e-05,-5.65851783981623e-12,-2.15893943438862e-12,-6.51315630572036e-08,-2.75831416238739e-08,1.09626847676911e-11,-2.58864002713773e-11
323593656929.617,2.45393599318352e-09,-4.91737297130567e-05,-5.44074644897064e-12,-2.01968168526827e-12,-6.26287838080031e-08,-2.59194506513993e-08,1.05414100510867e-11,-2.54714773820512e-11
331131121482.58,2.34371674788265e-09,-4.80543995330954e-05,-5.2299560495925e-12,-1.88846936025697e-12,-6.0206234367463e-08,-2.43496590263433e-08,1.0133640733834e-11,-2.5056569855571e-11
338844156139.191,2.23844098103494e-09,-4.69605483878339e-05,-5.02602913743039e-12,-1.76489762092425e-12,-5.78625642946772e-08,-2.28690812952142e-08,9.73914940325453e-12,-2.46421061654147e-11
346736850452.52,2.13788741159336e-09,-4.58915963050724e-05,-4.82884165545431e-12,-1.6485769399671e-12,-5.55963478384743e-08,-2.14732087145811e-08,9.35769597862314e-12,-2.42284932417047e-11
354813389233.563,2.04184464344795e-09,-4.48469765143469e-05,-4.63826379189247e-12,-1.53913298224772e-12,-5.34060931090047e-08,-2.01577078669039e-08,8.98902925441768e-12,-2.38161165175905e-11
363078054770.089,1.95011072384779e-09,-4.38261351464201e-05,-4.45416074515848e-12,-1.43620643877503e-12,-5.12902508688072e-08,-1.89184187359476e-08,8.63288837954204e-12,-2.34053400708291e-11
371535229097.16,1.86249272169298e-09,-4.2828530939613e-05,-4.2763934536739e-12,-1.33945281828324e-12,-4.92472229204264e-08,-1.77513522952484e-08,8.28900426866265e-12,-2.29965068514645e-11
380189396320.548,1.77880632478186e-09,-4.18536349528213e-05,-4.10481928908113e-12,-1.24854220096983e-12,-4.72753700732831e-08,-1.66526876620603e-08,7.95710094274704e-12,-2.25899389866922e-11
389045144994.268,1.69887545514271e-09,-4.09009302850643e-05,-3.93929271179353e-12,-1.16315895882646e-12,-4.53730196776974e-08,-1.56187688677231e-08,7.63689679676736e-12,-2.21859381542398e-11
398107170553.484,1.62253190162067e-09,-3.99699118014185e-05,-3.77966588824197e-12,-1.08300144683435e-12,-4.35384727186968e-08,-1.46461012935375e-08,7.32810579332851e-12,-2.17847860159157e-11
407380277804.099,1.54961496893024e-09,-3.90600858651897e-05,-3.62578926954936e-12,-1.00778166910832e-12,-4.17700104665258e-08,-1.37313478190783e-08,7.03043858170145e-12,-2.13867447033367e-11
416869383470.321,1.47997114242125e-09,-3.81709700761814e-05,-3.47751213169733e-12,-9.37224923865635e-13,-4.00659006845944e-08,-1.28713247274816e-08,6.74360354238527e-12,-2.09920573482553e-11
426579518801.578,1.41345376784212e-09,-3.73020930149215e-05,-3.33468307754313e-12,-8.7106943087192e-13,-3.84244033989799e-08,-1.20629974096778e-08,6.46730775789013e-12,-2.06009486503378e-11
436515832240.151,1.34992274541816e-09,-3.64529939927115e-05,-3.19715050130116e-12,-8.09065944783131e-13,-3.68437762365448e-08,-1.13034759068518e-08,6.20125791092909e-12,-2.02136254756999e-11
446683592150.948,1.28924423759507e-09,-3.56232228073645e-05,-3.06476301632399e-12,-7.50977357561626e-13,-3.53222793412625e-08,-1.05900103276505e-08,5.94516111163304e-12,-1.98302774799742e-11
457088189614.859,1.23129038982839e-09,-3.48123395045043e-05,-2.93736984720424e-12,-6.9657829290175e-13,-3.3858179880493e-08,-9.91998617386452e-09,5.69872565576404e-12,-1.94510777501543e-11
467735141287.182,1.17593906382897e-09,-3.40199141442979e-05,-2.81482118737385e-12,-6.45654695357867e-13,-3.2449756154727e-08,-9.29091960552739e-09,5.46166171620209e-12,-1.90761834599303e-11
478630092322.622,1.12307358270222e-09,-3.32455265734973e-05,-2.69696852350252e-12,-5.98003416628684e-13,-3.109530132576e-08,-8.70045267362599e-09,5.23368197022293e-12,-1.87057365336979e-11
489778819368.43,1.0725824874452e-09,-3.24887662026709e-05,-2.58366492809587e-12,-5.53431801218397e-13,-2.97931267793939e-08,-8.14634854593589e-09,5.01450216527557e-12,-1.83398643148721e-11
501187233627.255,1.02435930429059e-09,-3.17492317885061e-05,-2.47476532176799e-12,-5.11757273469287e-13,-2.85415651396123e-08,-7.62648674889886e-09,4.80384162611122e-12,-1.7978680234577e-11
512861383991.347,9.78302322410514e-10,-3.1026531221066e-05,-2.37012670671492e-12,-4.72806927743746e-13,-2.73389729517734e-08,-7.13885844596968e-09,4.60142370621595e-12,-1.76222844772061e-11
524807460249.755,9.34314381515576e-10,-3.03202813158905e-05,-2.26960837294782e-12,-4.3641712332718e-13,-2.61837330527366e-08,-6.68156177048679e-09,4.40697618656187e-12,-1.72707646397425e-11
537031796370.234,8.92302668906106e-10,-2.96301076108283e-05,-2.17307207885952e-12,-4.02433085428022e-13,-2.50742566460072e-08,-6.25279722887694e-09,4.2202316247202e-12,-1.69241963821153e-11
549540873857.606,8.52178525552875e-10,-2.89556441674948e-05,-2.08038220769755e-12,-3.7070851346748e-13,-2.40089850999781e-08,-5.85086318789477e-09,4.04092765737839e-12,-1.65826440662174e-11
562341325190.33,8.13857260804029e-10,-2.82965333772478e-05,-1.99140590150306e-12,-3.41105197680263e-13,-2.29863914871908e-08,-5.47415145762841e-09,3.86880725927754e-12,-1.624616138155e-11
575439937337.137,7.77257975333419e-10,-2.76524257715818e-05,-1.90601317405e-12,-3.13492644888363e-13,-2.20049818822506e-08,-5.12114298017307e-09,3.70361896153735e-12,-1.59147919557615e-11
588843655355.569,7.42303391963015e-10,-2.70229798368364e-05,-1.82407700428449e-12,-2.87747714163057e-13,-2.10632964356323e-08,-4.79040363218653e-09,3.54511703226962e-12,-1.55885699486406e-11
602559586074.337,7.08919694008835e-10,-2.64078618331233e-05,-1.74547341172195e-12,-2.63754262955513e-13,-2.01599102401285e-08,-4.48058014799114e-09,3.393061622299e-12,-1.52675206283803e-11
616595001861.461,6.77036370815682e-10,-2.58067456173751e-05,-1.67008151521046e-12,-2.41402804153284e-13,-1.92934340061289e-08,-4.19039616847305e-09,3.24721887871542e-12,-1.49516609291709e-11
630957344480.172,6.46586070161102e-10,-2.52193124704213e-05,-1.59778357641555e-12,-2.20590174408424e-13,-1.84625145613024e-08,-3.91864841974656e-09,3.10736102887854e-12,-1.46409999893996e-11
645654229034.633,6.17504457223419e-10,-2.46452509280016e-05,-1.52846502932324e-12,-2.01219213982174e-13,-1.76658351895891e-08,-3.66420302439434e-09,2.97326643738304e-12,-1.43355396699244e-11
660693448007.573,5.89730079822368e-10,-2.40842566156244e-05,-1.46201449699837e-12,-1.83198458260942e-13,-1.69021158237169e-08,-3.42599194705654e-09,2.84471963837646e-12,-1.40352750520729e-11
676082975391.958,5.63204239653987e-10,-2.35360320871857e-05,-1.39832379677244e-12,-1.66441841017808e-13,-1.61701131047389e-08,-3.20300957521749e-09,2.72151134550109e-12,-1.37401949151681e-11
691830970918.913,5.3787086925381e-10,-2.30002866672604e-05,-1.33728793497235e-12,-1.50868409422592e-13,-1.54686203213627e-08,-2.99430943522038e-09,2.60343844160897e-12,-1.34502821935247e-11
707945784384.113,5.13676414434377e-10,-2.24767362969842e-05,-1.27880509223745e-12,-1.36402050740966e-13,-1.47964672411116e-08,-2.79900104282153e-09,2.490303950276e-12,-1.31655144129814e-11
724435960074.965,4.90569721954315e-10,-2.19651033834428e-05,-1.22277660040945e-12,-1.22971230608548e-13,-1.41525198446298e-08,-2.61624688696895e-09,2.38191699101899e-12,-1.28858641071401e-11
741310241300.892,4.68501932187098e-10,-2.14651166524905e-05,-1.16910691191703e-12,-1.10508742718806e-13,-1.3535679973729e-08,-2.44525954494894e-09,2.27809271999868e-12,-1.26112992135765e-11
758577575029.157,4.47426376567916e-10,-2.09765110049179e-05,-1.11770356251602e-12,-9.89514697233072e-14,-1.29448849030669e-08,-2.28529892658119e-09,2.17865225787363e-12,-1.23417834503661e-11
776247116628.665,4.27298479606854e-10,-2.04990273758945e-05,-1.06847712818645e-12,-8.82401551087867e-14,-1.237910684467e-08,-2.13566964475178e-09,2.08342260635454e-12,-1.2077276673333e-11
794328234724.254,4.08075665266058e-10,-2.003241259761e-05,-1.02134117693013e-12,-7.8319185787177e-14,-1.18373523938437e-08,-1.99571850924768e-09,1.99223655489737e-12,-1.18177352144899e-11
812830516164.071,3.89717267507454e-10,-1.95764192650425e-05,-9.76212216156924e-13,-6.91363851114897e-14,-1.13186619243826e-08,-1.86483214058946e-09,1.90493257886622e-12,-1.15631122021798e-11
831763771102.642,3.7218444482619e-10,-1.91308056047827e-05,-9.33009636294798e-13,-6.06428160119029e-14,-1.08221089403753e-08,-1.74243470034607e-09,1.82135473039386e-12,-1.13133578634672e-11
851138038202.347,3.55440098593124e-10,-1.86953353468428e-05,-8.91655651207712e-13,-5.2792593931996e-14,-1.03467993913196e-08,-1.62798573424967e-09,1.74135252306995e-12,-1.10684198093587e-11
870963589956.05,3.394487950375e-10,-1.82697775993848e-05,-8.52075235957354e-13,-4.55427092344013e-14,-9.89187095670726e-09,-1.52097812430634e-09,1.66478081149313e-12,-1.08282433034492e-11
891250938133.714,3.24176690708404e-10,-1.7853906726299e-05,-8.1419606239883e-13,-3.88528587377677e-14,-9.4564923057099e-09,-1.42093614601357e-09,1.59149966663518e-12,-1.05927715146098e-11
912010839355.878,3.09591461260718e-10,-1.74475022275697e-05,-7.77948433057246e-13,-3.2685286042474e-14,-9.03986233710387e-09,-1.32741362674454e-09,1.52137424788128e-12,-1.03619457543407e-11
933254300796.958,2.95662233418104e-10,-1.70503486223644e-05,-7.43265213691445e-13,-2.7004630300638e-14,-8.64120940410282e-09,-1.23999220133736e-09,1.45427467253242e-12,-1.0135705699416e-11
954992586021.402,2.82359519972058e-10,-1.66622353347834e-05,-7.10081764913009e-13,-2.17777830862988e-14,-8.2597905283282e-09,-1.15827966093138e-09,1.39007588348151e-12,-9.91398960045196e-12
977237220955.776,2.69655157682279e-10,-1.62829565822109e-05,-6.78335873192863e-13,-1.69737530239191e-14,-7.89489060673771e-09,-1.0819083911192e-09,1.3286575157062e-12,-9.69673447701978e-12
999999999999.965,2.57522247949565e-10,-1.59123112662066e-05,-6.47967681554529e-13,-1.25635378372807e-14,-7.54582161494838e-09,-1.01053389552754e-09,1.26990376215654e-12,-9.48387629992435e-12
1023292992280.72,2.45935100138106e-10,-1.55501028658817e-05,-6.18919620222017e-13,-8.52000348617532e-15,-7.21192181003429e-09,-9.43833401002305e-10,1.21370323955598e-12,-9.27535016125563e-12
1047128548050.86,2.3486917742949e-10,-1.51961393337016e-05,-5.91136337461525e-13,-4.81777006481991e-15,-6.89255493554799e-09,-8.81504540647593e-10,1.15994885457794e-12,-9.0710904328103e-12
1071519305237.57,2.2430104509593e-10,-1.48502329936598e-05,-5.64564630829422e-13,-1.4331041434204e-15,-6.58710943120754e-09,-8.23264111055082e-10,1.10853767080927e-12,-8.87103091346645e-12
1096478196143.15,2.14208321085174e-10,-1.45122004417711e-05,-5.39153379014363e-13,1.65618275738219e-15,-6.29499764940825e-09,-7.68846900155577e-10,1.05937077686352e-12,-8.67510496607923e-12
1122018454301.92,2.04569628814324e-10,-1.41818624488282e-05,-5.14853474438582e-13,4.47082986050833e-15,-6.01565508045638e-09,-7.1800458222748e-10,1.01235315596352e-12,-8.48324564444852e-12
1148153621496.84,1.95364552074299e-10,-1.38590438653728e-05,-4.91617756762577e-13,7.03021728675817e-15,-5.74853958818236e-09,-6.70504676705544e-10,9.67393557272e-13,-8.29538581089234e-12
1174897554939.49,1.86573591951056e-10,-1.35435735288296e-05,-4.69400947418165e-13,9.35245095152091e-15,-5.49313065737015e-09,-6.26129567546119e-10,9.24404369212039e-13,-8.11145824494119e-12
1202264434617.37,1.78178125673784e-10,-1.32352841727539e-05,-4.48159585277337e-13,1.14544424758704e-14,-5.24892865423805e-09,-5.84675580020955e-10,8.83301494985224e-13,-7.93139574365005e-12
1230268770812.34,1.70160367304297e-10,-1.29340123381454e-05,-4.27851963548328e-13,1.33519843738101e-14,-5.01545410102176e-09,-5.45952111929333e-10,8.44004230464219e-13,-7.75513121400538e-12
1258925411794.12,1.6250333018562e-10,-1.26395982867802e-05,-4.08438067975686e-13,1.50598207671212e-14,-4.79224696554276e-09,-5.09780816336816e-10,8.06435144608368e-13,-7.58259775788518e-12
1288249551693.09,1.55190791071379e-10,-1.23518859165162e-05,-3.89879516407859e-13,1.6591713868953e-14,-4.57886596649264e-09,-4.75994833067575e-10,7.70519962525233e-13,-7.41372875001105e-12
1318256738556.36,1.48207255861113e-10,-1.20707226785258e-05,-3.7213949978378e-13,1.7960506467047e-14,-4.37488789502567e-09,-4.44438066295098e-10,7.36187451277696e-13,-7.24845790931174e-12
1348962882591.6,1.41537926869889e-10,-1.17959594964127e-05,-3.5518272457908e-13,1.91781806273394e-14,-4.1799069531271e-09,-4.14964505692714e-10,7.03369308515264e-13,-7.08671936409893e-12
1380384264602.83,1.35168671563819e-10,-1.15274506871705e-05,-3.38975356742703e-13,2.02559128287169e-14,-3.99353410911206e-09,-3.87437588720105e-10,6.72000053989238e-13,-6.92844771143701e-12
1412537544622.7,1.29085992696075e-10,-1.12650538839394e-05,-3.2348496714594e-13,2.1204125729908e-14,-3.81539647050862e-09,-3.61729601734514e-10,6.420169239944e-13,-6.77357807107047e-12
1445439770745.88,1.23276999780911e-10,-1.10086299605218e-05,-3.08680478557959e-13,2.20325367599432e-14,-3.64513667448799e-09,-3.37721117725167e-10,6.13359768764609e-13,-6.62204613425462e-12
1479108388168.15,1.17729381845976e-10,-1.07580429576163e-05,-2.94532114154886e-13,2.27502037143132e-14,-3.48241229592409e-09,-3.15300468576465e-10,5.85970952836062e-13,-6.47378820781768e-12
1513561248436.15,1.12431381405828e-10,-1.05131600107301e-05,-2.81011347563198e-13,2.33655675299219e-14,-3.32689527309227e-09,-2.94363249869248e-10,5.59795258379896e-13,-6.3287412537657e-12
1548816618912.43,1.07371769602135e-10,-1.02738512797332e-05,-2.6809085443264e-13,2.38864924031933e-14,-3.17827135095364e-09,-2.74811856330006e-10,5.34779791495043e-13,-6.18684292472518e-12
1584893192461.06,1.02539822458404e-10,-1.00399898800151e-05,-2.55744465528977e-13,2.43203034072452e-14,-3.03623954191511e-09,-2.56555046134899e-10,5.10873891442797e-13,-6.04803159550241e-12
1621810097358.87,9.79252981994813e-11,-9.81145181520971e-06,-2.43947121332573e-13,2.46738217559072e-14,-2.90051160390564e-09,-2.39507532369052e-10,4.88029042796267e-13,-5.91224639102353e-12
1659586907437.5,9.35184155881792e-11,-9.58811591145061e-06,-2.32674828125058e-13,2.49533978545361e-14,-2.77081153556653e-09,-2.23589600031442e-10,4.66198790470608e-13,-5.77942721090453e-12
1698243652461.68,8.93098332336009e-11,-9.36986375312337e-06,-2.2190461554304e-13,2.51649422700671e-14,-2.6468750883161e-09,-2.08726747062115e-10,4.45338657593692e-13,-5.64951475088636e-12
1737800828749.31,8.52906298276744e-11,-9.15657962008023e-06,-2.11614495575075e-13,2.53139547455426e-14,-2.52844929501685e-09,-1.94849347951117e-10,4.2540606617144e-13,-5.52245052135703e-12
1778279410038.86,8.14522852683921e-11,-8.94815042628385e-06,-2.01783422975658e-13,2.54055513774676e-14,-2.41529201494626e-09,-1.81892338567715e-10,4.06360260497457e-13,-5.39817686316946e-12
1819700858609.92,7.77866626300773e-11,-8.74446565984779e-06,-1.92391257068017e-13,2.54444900677584e-14,-2.30717149474898e-09,-1.69794920924081e-10,3.88162233252741e-13,-5.27663696095199e-12
1862087136662.8,7.42859909427714e-11,-8.54541732444175e-06,-1.83418724905794e-13,2.5435194355769e-14,-2.20386594502911e-09,-1.5850028665975e-10,3.70774654237989e-13,-5.15777485409622e-12
1905460717963.18,7.09428487445228e-11,-8.35089988203063e-06,-1.74847385762318e-13,2.53817757298892e-14,-2.10516313222572e-09,-1.47955358101898e-10,3.54161801678408e-13,-5.04153544559629e-12
1949844599757.98,6.77501483719744e-11,-8.16081019691701e-06,-1.6665959691509e-13,2.52880545125083e-14,-2.01085998540206e-09,-1.38110545821903e-10,3.38289496038836e-13,-4.92786450890272e-12
1995262314968.81,6.47011209561859e-11,-7.97504748105734e-06,-1.58838480692214e-13,2.51575794067128e-14,-1.92076221756951e-09,-1.28919521670859e-10,3.2312503628533e-13,-4.81670869294402e-12
2041737944669.46,6.17893020921041e-11,-7.79351324062286e-06,-1.51367892746904e-13,2.49936457879354e-14,-1.83468396115979e-09,-1.20339006335772e-10,3.08637138528211e-13,-4.70801552545981e-12
2089296130853.96,5.90085181515011e-11,-7.61611122377703e-06,-1.44232391525738e-13,2.47993128188775e-14,-1.7524474172545e-09,-1.1232857051421e-10,2.94795876980697e-13,-4.60173341478008e-12
2137962089502.15,5.63528732105492e-11,-7.44274736964157e-06,-1.37417208896065e-13,2.45774194613873e-14,-1.6738825181779e-09,-1.04850448858336e-10,2.81572627166807e-13,-4.49781165017665e-12
2187761623949.47,5.38167365644862e-11,-7.27332975842428e-06,-1.30908221897886e-13,2.43305994545741e-14,-1.59882660305789e-09,-9.78693658895528e-11,2.68940011312021e-13,-4.39620040090486e-12
2238721138568.26,5.13947308030564e-11,-7.10776856268199e-06,-1.24691925585523e-13,2.40612953242728e-14,-1.52712410596055e-09,-9.13523731326451e-11,2.56871845850263e-13,-4.29685071404592e-12
2290867652767.69,4.90817204215856e-11,-6.94597599969294e-06,-1.18755406924597e-13,2.37717714850241e-14,-1.45862625620569e-09,-8.52686967633445e-11,2.45343090981109e-13,-4.1997145112529e-12
2344228815319.84,4.6872800943675e-11,-6.78786628491332e-06,-1.13086319710032e-13,2.34641264920037e-14,-1.39319079047367e-09,-7.95895951058285e-11,2.3432980221162e-13,-4.10474458449695e-12
2398832919019.4,4.4763288532569e-11,-6.63335558649322e-06,-1.07672860471212e-13,2.31403044968007e-14,-1.33068167631822e-09,-7.42882253568779e-11,2.23809083817926e-13,-4.01189459090335e-12
2454708915684.94,4.2748710069279e-11,-6.48236198082794e-06,-1.02503745330816e-13,2.28021059576097e-14,-1.27096884670477e-09,-6.93395189513784e-11,2.13759044162526e-13,-3.92111904676162e-12
2511886431509.49,4.08247936765256e-11,-6.33480540912105e-06,-9.75681877843927e-14,2.24511976512437e-14,-1.21392794519988e-09,-6.47200650196699e-11,2.04158752804248e-13,-3.83237332078749e-12
2570395782768.77,3.89874596684973e-11,-6.19060763493625e-06,-9.28558773682757e-14,2.20891220313991e-14,-1.15944008144382e-09,-6.04080014210054e-11,1.94988199338948e-13,-3.74561362670992e-12
2630267991895.29,3.7232811907319e-11,-6.04969220271541e-06,-8.83569591840852e-14,2.171730597479e-14,-1.10739159654541e-09,-5.63829128692089e-11,1.86228253910178e-13,-3.66079701525056e-12
2691534803926.82,3.55571295479785e-11,-5.91198439724084e-06,-8.40620142487163e-14,2.13370689541155e-14,-1.05767383804586e-09,-5.26257356965926e-11,1.77860629330349e-13,-3.57788136555907e-12
2754228703338.06,3.39568591542771e-11,-5.77741120402039e-06,-7.99620406394229e-14,2.09496306743178e-14,-1.01018294410621e-09,-4.91186688304121e-11,1.69867844754274e-13,-3.49682537616264e-12
2818382931264.35,3.24286071691481e-11,-5.6459012705742e-06,-7.60484354043411e-14,2.05561182062306e-14,-9.6481963658137e-10,-4.58450905826973e-11,1.6223319084831e-13,-3.41758855548418e-12
2884031503126.5,3.09691327234365e-11,-5.51738486860276e-06,-7.23129772095592e-14,2.01575726494876e-14,-9.21489022652145e-10,-4.27894808792776e-11,1.54940696399824e-13,-3.3401312119798e-12
2951209226666.28,2.95753407679436e-11,-5.391793857016e-06,-6.87478096946295e-14,1.97549553544637e-14,-8.80100404695327e-10,-3.99373485773117e-11,1.47975096313099e-13,-3.26441444394226e-12
3019951720401.9,2.82442755142202e-11,-5.26906164580409e-06,-6.53454255092167e-14,1.93491537310473e-14,-8.40567098080797e-10,-3.72751635427157e-11,1.41321800939329e-13,-3.19040012901394e-12
3090295432513.48,2.69731141702447e-11,-5.14912316073055e-06,-6.20986510043957e-14,1.89409866701796e-14,-8.028062565934e-10,-3.47902931796283e-11,1.34966866689828e-13,-3.11805091344937e-12
3162277660168.26,2.57591609577419e-11,-5.03191480882904e-06,-5.90006315529419e-14,1.8531209602346e-14,-7.66738705186308e-10,-3.24709431235494e-11,1.28896967883069e-13,-3.04733020116452e-12
3235936569296.16,2.45998413984927e-11,-4.91737444468556e-06,-5.6044817473792e-14,1.8120519215563e-14,-7.32288779781486e-10,-3.03061018280841e-11,1.23099369777708e-13,-2.97820214260728e-12
3311311214825.79,2.34926968575527e-11,-4.80544133748817e-06,-5.3224950536693e-14,1.77095578538544e-14,-6.99384173841739e-10,-2.82854887924129e-11,1.17561902745194e-13,-2.91063162348065e-12
3388441561391.9,2.24353793318368e-11,-4.69605613882672e-06,-5.05350510239067e-14,1.72989176157645e-14,-6.67955791447665e-10,-2.6399506192729e-11,1.12272937537081e-13,-2.84458425334803e-12
3467368504525.19,2.14256464730483e-11,-4.58916085122557e-06,-4.79694053266808e-14,1.68891441710949e-14,-6.37937606621507e-10,-2.46391936960193e-11,1.07221361603644e-13,-2.78002635414737e-12
3548133892335.62,2.04613568344222e-11,-4.48469879739258e-06,-4.55225540550451e-14,1.6480740312783e-14,-6.0926652864855e-10,-2.29961862487528e-11,1.0239655642179e-13,-2.71692494863913e-12
3630780547700.88,1.95404653312263e-11,-4.38261459016807e-06,-4.31892806403347e-14,1.60741692596548e-14,-5.81882273155168e-10,-2.14626746463539e-11,9.77883757917667e-14,-2.65524774881067e-12
3715352290971.59,1.86610189054152e-11,-4.28285410315785e-06,-4.09646004106837e-14,1.56698577246768e-14,-5.55727238710949e-10,-2.00313687018136e-11,9.33871250634962e-14,-2.59496314425793e-12
3801893963205.47,1.78211523852606e-11,-4.18536444203469e-06,-3.88437501205681e-14,1.52681987623116e-14,-5.3074638873051e-10,-1.86954628434906e-11,8.9183541254805e-14,-2.53604019056371e-12
3890451449942.66,1.70190845311984e-11,-4.09009391649308e-06,-3.68221779163018e-14,1.4869554407626e-14,-5.0688713845861e-10,-1.74486039831165e-11,8.51687740251244e-14,-2.47844859768983e-12
3981071705534.82,1.62531142595195e-11,-3.99699201284236e-06,-3.4895533720212e-14,1.44742581189307e-14,-4.84099246829993e-10,-1.62848615052886e-11,8.13343674695805e-14,-2.42215871839933e-12
4073802778040.98,1.55216170359136e-11,-3.90600936722368e-06,-3.30596600170255e-14,1.40826170349235e-14,-4.6233471300302e-10,-1.51986992393605e-11,7.76722426996705e-14,-2.36714153672314e-12
4168693834703.2,1.48230414312281e-11,-3.81709773943667e-06,-3.13105830267943e-14,1.36949140565769e-14,-4.41547677373593e-10,-1.41849492836497e-11,7.41746811779815e-14,-2.31336865648465e-12
4265795188015.77,1.41559058321531e-11,-3.73020998736187e-06,-2.9644504249467e-14,1.33114097633452e-14,-4.21694326883124e-10,-1.32387875603239e-11,7.08343087756267e-14,-2.26081228989398e-12
4365158322401.5,1.35187952998647e-11,-3.64530004196532e-06,-2.80577923669768e-14,1.29323441726681e-14,-4.02732804441345e-10,-1.23557109872309e-11,6.76440805222678e-14,-2.20944524622307e-12
4466835921509.46,1.29103585699772e-11,-3.56232288287221e-06,-2.65469754894573e-14,1.25579383512152e-14,-3.84623122291584e-10,-1.15315161603356e-11,6.4597266019742e-14,-2.15924092057129e-12
4570881896148.58,1.23293051874486e-11,-3.48123451449646e-06,-2.51087337329174e-14,1.21883958858424e-14,-3.67327079152804e-10,-1.07622794473536e-11,6.16874354914371e-14,-2.11017328273052e-12
4677351412871.81,1.17744027703744e-11,-3.40199194271368e-06,-2.37398921163998e-14,1.18239042218249e-14,-3.50808180979102e-10,-1.00443383996528e-11,5.89084464406416e-14,-2.06221686615751e-12
4786300923226.2,1.1244474396871e-11,-3.32455315206518e-06,-2.24374137673098e-14,1.14646358755753e-14,-3.3503156518364e-10,-9.37427439556056e-12,5.62544308921509e-14,-2.01534675706086e-12
4897788193684.28,1.07383961095171e-11,-3.24887708348074e-06,-2.11983934242352e-14,1.11107495287617e-14,-3.19963928179985e-10,-8.74889643388986e-12,5.37197831924279e-14,-1.96953858360867e-12
5011872336272.53,1.02550945320648e-11,-3.17492361250865e-06,-2.00200512271721e-14,1.07623910104939e-14,-3.05573456099698e-10,-8.16522600180825e-12,5.12991483446015e-14,-1.92476850526275e-12
5128613839913.46,9.7935445933714e-12,-3.10265352804111e-06,-1.88997267856273e-14,1.04196941740539e-14,-2.91829758550644e-10,-7.6204829461401e-12,4.89874108555386e-14,-1.88101320224404e-12
5248074602497.53,9.3527673537321e-12,-3.03202851152406e-06,-1.78348735155856e-14,1.00827816744922e-14,-2.78703805285947e-10,-7.11207228183998e-12,4.67796840731414e-14,-1.83824986513387e-12
5370317963702.32,8.93182792900602e-12,-2.96301111664015e-06,-1.68230532367947e-14,9.75176565330433e-15,-2.66167865658784e-10,-6.63757187572004e-12,4.46712999929097e-14,-1.79645618461448e-12
5495408738576.04,8.52983350813879e-12,-2.89556474945421e-06,-1.58619310222458e-14,9.42674833632655e-15,-2.54195450743276e-10,-6.19472094757837e-12,4.26577995136625e-14,-1.75561034135235e-12
5623413251903.28,8.14593145988056e-12,-2.82965364901067e-06,-1.49492702920955e-14,9.1078225509441e-15,-2.42761258006649e-10,-5.78140933467532e-12,4.07349231231334e-14,-1.71569099602679e-12
5754399373371.35,7.77930752468773e-12,-2.76524286837266e-06,-1.40829281445943e-14,8.79507216868604e-15,-2.31841118422527e-10,-5.39566746905797e-12,3.88986019949496e-14,-1.6766772795063e-12
5888436553555.67,7.4291840879771e-12,-2.70229825609264e-06,-1.32608509168503e-14,8.48857247927636e-15,-2.21411945919803e-10,-5.03565702055475e-12,3.7144949479265e-14,-1.63854878317447e-12
6025595860743.35,7.09481853107298e-12,-2.64078643810488e-06,-1.24810699684688e-14,8.1883905022198e-15,-2.11451689065874e-10,-4.6996621613675e-12,3.54702529700515e-14,-1.60128554940693e-12
6165950018614.59,6.77550165635271e-12,-2.5806748000301e-06,-1.17416976812642e-14,7.89458524201199e-15,-2.01939284887253e-10,-4.3860814110913e-12,3.38709661327558e-14,-1.56486806220057e-12
6309573444801.69,6.47055618325299e-12,-2.52193146988288e-06,-1.1040923668343e-14,7.60720789307258e-15,-1.92854614734634e-10,-4.09342002370577e-12,3.23437014767108e-14,-1.52927723795574e-12
6456542290346.31,6.17933531194928e-12,-2.46452530117273e-06,-1.03770111859142e-14,7.32630200049831e-15,-1.8417846210336e-10,-3.82028288061705e-12,3.08852232573333e-14,-1.49449441641218e-12
6606934480075.71,5.90122135166419e-12,-2.40842585638981e-06,-9.7482937411831e-15,7.05190358271422e-15,-1.75892472324014e-10,-3.56536785620028e-12,2.94924406937714e-14,-1.4605013517387e-12
6760829753919.56,5.63562441069751e-12,-2.35360339086655e-06,-9.15317188965321e-15,6.78404122205906e-15,-1.67979114041434e-10,-3.32745962450689e-12,2.81624014882586e-14,-1.42728020377687e-12
6918309709189.1,5.38198114540107e-12,-2.30002883700664e-06,-8.59011021507933e-15,6.52273612926849e-15,-1.6042164240393e-10,-3.10542387787056e-12,2.68922856340096e-14,-1.39481352943836e-12
7079457843841.11,5.13975356544683e-12,-2.24767378887303e-06,-8.05763448521076e-15,6.26800218771256e-15,-1.5320406388779e-10,-2.89820193007996e-12,2.56793994990409e-14,-1.36308427425561e-12
7244359600749.62,4.90842789285555e-12,-2.1965104871267e-06,-7.5543289763271e-15,6.01984598309657e-15,-1.46311102685354e-10,-2.70480567859294e-12,2.4521170173832e-14,-1.33207576408527e-12
7413102413008.89,4.68751347236745e-12,-2.14651180430831e-06,-7.07883395941831e-15,5.77826682414446e-15,-1.39728168588021e-10,-2.52431290195514e-12,2.34151400712457e-14,-1.30177169696351e-12
7585775750291.55,4.47654173084501e-12,-2.09765123045486e-06,-6.62984334069852e-15,5.54325675954756e-15,-1.33441326298445e-10,-2.35586287016339e-12,2.23589617676153e-14,-1.27215613511246e-12
7762471166286.62,4.27506518350178e-12,-2.04990285904376e-06,-6.20610244897991e-15,5.31480059617886e-15,-1.27437266109054e-10,-2.1986522471873e-12,2.13503930743718e-14,-1.24321349709656e-12
7943282347242.51,4.0826564848506e-12,-2.00324137325683e-06,-5.80640596227676e-15,5.09287592324405e-15,-1.21703275886685e-10,-2.05193126623921e-12,2.03872923300316e-14,-1.21492855012774e-12
8128305161640.68,3.89890752235915e-12,-1.95764203255704e-06,-5.42959596586891e-15,4.87745314666557e-15,-1.16227214305743e-10,-1.91500015966823e-12,1.94676139027944e-14,-1.18728640251803e-12
8317637711026.39,3.72342855089115e-12,-1.9130806595707e-06,-5.07456013393756e-15,4.66849553758037e-15,-1.10997485274787e-10,-1.78720582655503e-12,1.85894038944129e-14,-1.16027249627826e-12
8511380382023.44,3.55584736609844e-12,-1.86953362726832e-06,-4.74023002680067e-15,4.4659592983774e-15,-1.06003013503811e-10,-1.66793872220608e-12,1.77507960363929e-14,-1.13387259986128e-12
8709635899560.47,3.39580851501099e-12,-1.82697784643727e-06,-4.4255794957285e-15,4.26979364921467e-15,-1.01233221161784e-10,-1.55662995479327e-12,1.69500077699584e-14,-1.10807280104809e-12
8912509381337.11,3.2429725421515e-12,-1.78539075343951e-06,-4.12962318731752e-15,4.0799409374431e-15,-9.66780055762101e-11,-1.45274857536406e-12,1.61853365015865e-14,-1.08285949997521e-12
9120108393558.75,3.09701526957583e-12,-1.74475029824812e-06,-3.85141513944702e-15,3.89633677183408e-15,-9.23277179285642e-11,-1.35579904836057e-12,1.54551560262619e-14,-1.05821940230161e-12
9332543007969.55,2.95762710931297e-12,-1.70503493275607e-06,-3.59004746094244e-15,3.71891018296636e-15,-8.81731429014549e-11,-1.26531889064004e-12,1.4757913110942e-14,-1.03413951251317e-12
9549925860213.99,2.82451240674659e-12,-1.66622359935108e-06,-3.34464908722287e-15,3.54758381058551e-15,-8.42054792353203e-11,-1.1808764677858e-12,1.40921242310447e-14,-1.01060712736303e-12
9772372209557.73,2.69738881354585e-12,-1.62829571975067e-06,-3.11438460441948e-15,3.38227411821348e-15,-8.04163211542839e-11,-1.10206893724247e-12,1.34563724530853e-14,-9.87609829445751e-13
9999999999999.61,2.57598668881597e-12,-1.59123118409123e-06,-2.89845313471512e-15,3.22289163476637e-15,-7.67976406225773e-11,-1.02852032850416e-12,1.28493044568844e-14,-9.65135480903426e-13
10232929922807.1,2.46004852719857e-12,-1.55501034026552e-06,-2.6960872759708e-15,3.06934122244312e-15,-7.33417703946191e-11,-9.59879751233408e-13,1.22696276910617e-14,-9.43172217261585e-13
10471285480508.6,2.34932841270921e-12,-1.51961398350287e-06,-2.50655208906904e-15,2.92152236968451e-15,-7.00413878234675e-11,-8.95819722794782e-13,1.17161076558032e-14,-9.21708441393029e-13
10715193052375.7,2.24359149715395e-12,-1.48502334618657e-06,-2.32914412681166e-15,2.77932950757839e-15,-6.68894993939067e-11,-8.36034607252997e-13,1.11875653071594e-14,-9.00732817607419e-13
10964781961431.4,2.14261350201887e-12,-1.45122008790298e-06,-2.16319049865481e-15,2.64265234770822e-15,-6.38794259479153e-11,-7.80239158413807e-13,1.06828745773856e-14,-8.80234265864584e-13
11220184543019.2,2.04618024277634e-12,-1.41818628571727e-06,-2.00804796604067e-15,2.51137623911481e-15,-6.10047885716833e-11,-7.28167159979352e-13,1.02009600060825e-14,-8.60201956109448e-13
11481536214968.4,1.9540871745992e-12,-1.38590442467038e-06,-1.86310206358434e-15,2.38538254176669e-15,-5.82594951147029e-11,-6.79570156350288e-13,9.74079447713333e-15,-8.40625302726463e-13
11748975549394.8,1.86613895851964e-12,-1.35435738849241e-06,-1.72776624189043e-15,2.26454901371903e-15,-5.563772731276e-11,-6.3421626803719e-13,9.30139705665735e-15,-8.21493959111455e-13
12022644346173.7,1.78214904711257e-12,-1.32352845052732e-06,-1.60148102829622e-15,2.14875020898119e-15,-5.31339284878939e-11,-5.91889086045288e-13,8.88183092742045e-15,-8.02797812358756e-13
12302687708123.3,1.70193928882501e-12,-1.29340126486422e-06,-1.48371320236118e-15,2.03785788301341e-15,-5.07427917995887e-11,-5.52386639971506e-13,8.48120141535124e-15,-7.84526978061539e-13
12589254117941.2,1.62533955011241e-12,-1.26395985767059e-06,-1.37395498343709e-15,1.93174140272833e-15,-4.84592490225907e-11,-5.15520434902858e-13,8.09865410401076e-15,-7.66671795223233e-13
12882495516930.8,1.55218735458037e-12,-1.23518861872274e-06,-1.2717232281522e-15,1.83026815788346e-15,-4.6278459827843e-11,-4.81114552532023e-13,7.73337303305609e-15,-7.49222821277952e-13
13182567385563.6,1.48232753836683e-12,-1.20707229312901e-06,-1.17655863612038e-15,1.73330397081132e-15,-4.4195801544063e-11,-4.49004812211015e-13,7.38457897692085e-15,-7.32170827217849e-13
13489628825916,1.41561192103349e-12,-1.1795959732415e-06,-1.08802496263605e-15,1.64071350154108e-15,-4.220685937849e-11,-4.19037987948712e-13,7.05152780011103e-15,-7.15506792825351e-13
13803842646028.3,1.35189899126884e-12,-1.15274509075177e-06,-1.00570823753284e-15,1.55236064551332e-15,-4.03074170762807e-11,-3.91071077623894e-13,6.73350888568137e-15,-6.99221902008226e-13
14125375446227,1.29105360673608e-12,-1.12650540896659e-06,-9.29215989764486e-16,1.46810892127377e-15,-3.849344799894e-11,-3.64970620933665e-13,6.42984363361723e-15,-6.83307538235475e-13
14454397707458.7,1.23294670742932e-12,-1.10086301525942e-06,-8.58176477608076e-16,1.38782184574491e-15,-3.67611066030476e-11,-3.40612062828884e-13,6.13988402599878e-15,-6.6775528007205e-13
14791083881681.5,1.17745504193037e-12,-1.07580431369376e-06,-7.92237924688826e-16,1.31136329491159e-15,-3.51067203013747e-11,-3.1787915940453e-13,5.8630112559691e-15,-6.52556896810441e-13
15135612484361.5,1.12446090598527e-12,-1.05131601781439e-06,-7.31067762283185e-16,1.23859784801124e-15,-3.35267816892774e-11,-2.96663423414888e-13,5.59863441766592e-15,-6.37704344197172e-13
15488166189124.2,1.0738518928464e-12,-1.02738514360276e-06,-6.74351878571271e-16,1.16939111358532e-15,-3.20179411200199e-11,-2.76863606771925e-13,5.34618925440743e-15,-6.23189760252328e-13
15848931924610.5,1.02552065485044e-12,-1.00399900259264e-06,-6.21793875682241e-16,1.10361003602062e-15,-3.05769996134034e-11,-2.58385217561233e-13,5.10513696254781e-15,-6.09005461180186e-13
16218100973588.7,9.79364675726775e-13,-9.81145195142569e-07,-5.73114335508263e-16,1.04112318148159e-15,-2.92009020827777e-11,-2.41140069274129e-13,4.8749630485363e-15,-5.95143937369141e-13
16595869074374.9,9.35286053153175e-13,-9.58811603861363e-07,-5.28050095356416e-16,9.81801002403228e-16,-2.78867308661723e-11,-2.25045860107883e-13,4.65517623682657e-15,-5.81597849479065e-13
16982436524616.8,8.93191291097787e-13,-9.36986387183348e-07,-4.86353534565764e-16,9.25516079974187e-16,-2.6631699547924e-11,-2.10025780329145e-13,4.44530742639006e-15,-5.6836002461434e-13
17378008287493.1,8.52991101506916e-13,-9.15657973089786e-07,-4.47791873242083e-16,8.7214334428744e-16,-2.54331470577821e-11,-1.96008145829253e-13,4.24490869368884e-15,-5.5542345258078e-13
17782794100388.5,8.14600214918016e-13,-8.94815052973245e-07,-4.12146484258526e-16,8.21560272068994e-16,-2.42885320350571e-11,-1.82926056124807e-13,4.05355234005989e-15,-5.42781282224723e-13
18197008586099.1,7.77937199596214e-13,-8.74446575641622e-07,-3.79212219640512e-16,7.7364706211027e-16,-2.31954274459293e-11,-1.70717075173321e-13,3.87082998155502e-15,-5.30426817852585e-13
18620871366627.9,7.42924288810787e-13,-8.54541741458657e-07,-3.48796752400868e-16,7.2828678872586e-16,-2.21515154425683e-11,-1.59322933482392e-13,3.69635167936745e-15,-5.18353515729229e-13
19054607179631.7,7.09487215885232e-13,-8.35089996617822e-07,-3.20719934820408e-16,6.85365533733823e-16,-2.11545824532187e-11,-1.48689250092267e-13,3.52974510905942e-15,-5.06554980653473e-13
19498445997579.7,6.77555056671096e-13,-8.16081027546555e-07,-2.94813174083174e-16,6.4477249760983e-16,-2.02025144928941e-11,-1.38765273106355e-13,3.37065476688397e-15,-4.9502496260917e-13
19952623149688,6.47060079111455e-13,-7.97504755437863e-07,-2.70918826077977e-16,6.06400090599143e-16,-1.92932926847822e-11,-1.29503637532567e-13,3.21874121156934e-15,-4.83757353490257e-13
20417379446694.5,6.17937599574978e-13,-7.79351330906413e-07,-2.48889608071718e-16,5.70144004681745e-16,-1.84249889829084e-11,-1.20860139280883e-13,3.07368034000572e-15,-4.72746183898231e-13
20892961308539.6,5.90125845655856e-13,-7.61611128766249e-07,-2.28588030848313e-16,5.35903267376523e-16,-1.75957620870259e-11,-1.12793524239489e-13,2.93516269534259e-15,-4.61985620010532e-13
21379620895021.5,5.63565825148603e-13,-7.44274742927397e-07,-2.09885850792493e-16,5.03580278441203e-16,-1.68038535411082e-11,-1.05265291423697e-13,2.80289280606936e-15,-4.51469960518347e-13
21877616239494.7,5.38201200919833e-13,-7.27332981408629e-07,-1.92663542282631e-16,4.73080830576654e-16,-1.60475840071998e-11,-9.82395092589199e-14,2.67658855471461e-15,-4.41193633632366e-13
22387211385682.5,5.13978171411604e-13,-7.10776861463755e-07,-1.76809790643255e-16,4.44314115278855e-16,-1.53253497067572e-11,-9.16826441215796e-14,2.55598057485777e-15,-4.31151194155065e-13
22908676527676.8,4.90845356522893e-13,-6.9459760481885e-07,-1.62221005797659e-16,4.17192715000355e-16,-1.46356190219578e-11,-8.55634003202262e-14,2.4408116752038e-15,-4.21337320618087e-13
23442288153198.3,4.68753688627142e-13,-6.78786633017897e-07,-1.4880085665563e-16,3.91632582787394e-16,-1.3976929249796e-11,-7.98525707537062e-14,2.33083628952555e-15,-4.11746812483372e-13
23988329190193.9,4.47656308494732e-13,-6.63335562874379e-07,-1.36459826171789e-16,3.67553010550179e-16,-1.33478835021057e-11,-7.45228975340904e-14,2.22581995132961e-15,-4.0237458740665e-13
24547089156849.3,4.27508465899628e-13,-6.48236202026399e-07,-1.25114786917505e-16,3.44876587104113e-16,-1.27471477449543e-11,-6.95489419095876e-14,2.1255387921512e-15,-3.93215678561986e-13
25118864315094.8,4.08267424699395e-13,-6.33480544592985e-07,-1.14688596924221e-16,3.23529147090338e-16,-1.21734479711511e-11,-6.49069628670034e-14,2.02977906243051e-15,-3.84265232026073e-13
25703957827687.6,3.89892372187229e-13,-6.19060766929262e-07,-1.05109715479017e-16,3.03439711846496e-16,-1.16255674998881e-11,-6.0574803834684e-14,1.93833667396839e-15,-3.75518504220981e-13
26302679918952.8,3.72344332523771e-13,-6.04969223478255e-07,-9.63118384843388e-17,2.84540423254486e-16,-1.11023443978047e-11,-5.65317869455088e-14,1.85101676300207e-15,-3.66970859414126e-13
26915348039268.1,3.55586084065062e-13,-5.91198442717114e-07,-8.82335529332775e-17,2.66766471542612e-16,-1.06026690160196e-11,-5.27586143555412e-14,1.76763327298362e-15,-3.58617767274211e-13
27542287033380.6,3.39582080411303e-13,-5.77741123195608e-07,-8.08180099994356e-17,2.50056017966113e-16,-1.01254816379203e-11,-4.92372761475939e-14,1.68800855618287e-15,-3.50454800481944e-13
28183829312643.4,3.24298375008953e-13,-5.64590129664809e-07,-7.40126161960714e-17,2.34350113233831e-16,-9.66977023273416e-12,-4.59509643803615e-14,1.61197299327515e-15,-3.4247763239435e-13
28840315031264.9,3.09702549146254e-13,-5.51738489293879e-07,-6.77687420225676e-17,2.19592612490649e-16,-9.23456831012567e-12,-4.28839928730832e-14,1.53936463011018e-15,-3.34682034761503e-13
29512092266662.7,2.95763643189443e-13,-5.39179387972991e-07,-6.20414474869463e-17,2.05730087606393e-16,-8.81895287128246e-12,-4.00217223430515e-14,1.47002883089365e-15,-3.27063875494563e-13
30199517204018.9,2.82452090913814e-13,-5.26906166700392e-07,-5.67892238706816e-17,1.92711737462782e-16,-8.42204245215159e-12,-3.7350490538807e-14,1.4038179470463e-15,-3.19619116483975e-13
30902954325134.7,2.69739656790327e-13,-5.14912318051714e-07,-5.19737510859751e-17,1.80489296871509e-16,-8.0429952546855e-12,-3.48575470356915e-14,1.34059100103764e-15,-3.12343811466765e-13
31622776601682.5,2.57599376094762e-13,-5.03191482729652e-07,-4.75596699654186e-17,1.69016944699248e-16,-7.68100736214123e-12,-3.25309923826623e-14,1.28021338452195e-15,-3.05234103941832e-13
32359365692961.5,2.4600549771237e-13,-4.91737446192181e-07,-4.35143688190563e-17,1.58251211719726e-16,-7.33531103465508e-12,-3.03597213100316e-14,1.2225565701338e-15,-2.98286225132219e-13
33113112148257.8,2.3493342951672e-13,-4.80544135357522e-07,-3.9807783593724e-17,1.48150888659424e-16,-7.00517308148375e-12,-2.8333369727158e-14,1.16749783632868e-15,-2.91496491993289e-13
33884415613918.9,2.24359686206871e-13,-4.69605615384113e-07,-3.64122109736672e-17,1.3867693485227e-16,-6.68989330646542e-12,-2.64422652571993e-14,1.11492000468104e-15,-2.8486130526585e-13
34673685045251.8,2.14261839492243e-13,-4.58916086523882e-07,-3.33021337692988e-17,1.29792387870099e-16,-6.38880302340918e-12,-2.46773810729076e-14,1.06471118907855e-15,-2.78377147573185e-13
35481338923356.1,2.04618470519517e-13,-4.48469881047138e-07,-3.04540579520603e-17,1.21462274449857e-16,-6.10126363826855e-12,-2.3030292813191e-14,1.01676455627564e-15,-2.72040581561068e-13
36307805477008.7,1.95409124440658e-13,-4.38261460237471e-07,-2.7846360707227e-17,1.13653522995579e-16,-5.82666529509637e-12,-2.1493138374869e-14,9.70978097293606e-16,-2.65848248079778e-13
37153522909715.8,1.86614267025698e-13,-4.28285411455044e-07,-2.5459148892704e-17,1.06334877893213e-16,-5.56442558291343e-12,-2.00585803877567e-14,9.27254409177087e-16,-2.59796864407204e-13
38018939632054.6,1.78215243228254e-13,-4.1853644526675e-07,-2.32741273099885e-17,9.94768158393234e-17,-5.31398830075132e-12,-1.87197711940217e-14,8.85500486638819e-16,-2.53883222512123e-13
38904514499426.5,1.70194237615885e-13,-4.09009392641676e-07,-2.12744762131487e-17,9.3051464350621e-17,-5.07482227825401e-12,-1.74703201646995e-14,8.45627523145166e-16,-2.48104187356762e-13
39810717055348.1,1.62534236581369e-13,-3.99699202210416e-07,-1.94447375025388e-17,8.70325225900005e-17,-4.8464202493393e-12,-1.6304263197406e-14,8.07550721015154e-16,-2.42456695237761e-13
40738027780409.6,1.55218992254741e-13,-3.90600937586774e-07,-1.77707090717335e-17,8.13951846163542e-17,-4.62829777653417e-12,-1.52160342496909e-14,7.71189110124759e-16,-2.36937752164697e-13
41686938347031.9,1.48232988039542e-13,-3.81709774750417e-07,-1.62393467985335e-17,7.61160651396333e-17,-4.41999222370498e-12,-1.42004387721886e-14,7.36465374826575e-16,-2.31544432275324e-13
42657951880157.5,1.41561405700191e-13,-3.73020999489125e-07,-1.48386736936238e-17,7.11731278394252e-17,-4.22106177500606e-12,-1.32526289147878e-14,7.0330568871245e-16,-2.26273876286702e-13
43651583224014.8,1.35190093930654e-13,-3.64530004899247e-07,-1.35576957433435e-17,6.65456162845268e-17,-4.0310844979678e-12,-1.23680803874988e-14,6.71639556863484e-16,-2.2112328998143e-13
44668359215094.5,1.2910553833775e-13,-3.5623228894306e-07,-1.23863240058501e-17,6.22139874725029e-17,-3.84965744873914e-12,-1.15425708655942e-14,6.41399665247784e-16,-2.16089942728186e-13
45708818961485.6,1.23294832775424e-13,-3.48123452061735e-07,-1.13153025425814e-17,5.8159847991858e-17,-3.6763958175883e-12,-1.07721598359673e-14,6.1252173694169e-16,-2.111711660358e-13
46773514128717.9,1.17745651969185e-13,-3.40199194842626e-07,-1.03361417891856e-17,5.43658927951063e-17,-3.51093211285088e-12,-1.00531697885272e-14,5.84944394864854e-16,-2.06364352140131e-13
47863009232261.9,1.12446225372641e-13,-3.32455315739666e-07,-9.44105699189157e-18,5.08158465585152e-17,-3.35291538159608e-12,-9.38216866287041e-15,5.58609030733521e-16,-2.01666952622982e-13
48977881936842.6,1.07385312200673e-13,-3.24887708845655e-07,-8.62291135653357e-18,4.74944075935116e-17,-3.20201046535918e-12,-8.755953466456e-15,5.33459679949787e-16,-1.97076477062361e-13
50118723362725.2,1.02552177586307e-13,-3.17492361715249e-07,-7.87516357804196e-18,4.43871942655126e-17,-3.05789728936294e-12,-8.17153498610291e-15,5.09442902157342e-16,-1.9259049171336e-13
51286138399134.4,9.79365698106884e-14,-3.10265353237514e-07,-7.19181943811218e-18,4.14806938681522e-17,-2.92027018372152e-12,-7.62612351984514e-15,4.86507667206476e-16,-1.88206618218985e-13
52480746024975.1,9.352869855788e-14,-3.03202851556893e-07,-6.56738717791347e-18,3.87622138943866e-17,-2.78883723518799e-12,-7.11711556104864e-15,4.64605246282749e-16,-1.83922532350241e-13
53703179637023.1,8.93192141483461e-14,-2.96301112041516e-07,-5.9968363710685e-18,3.62198356406494e-17,-2.66331966807152e-12,-6.64208137123892e-15,4.43689107964915e-16,-1.7973596277483e-13
54954087385760.2,8.52991877070839e-14,-2.89556475297735e-07,-5.47556003970025e-18,3.38423700759771e-17,-2.54345125301187e-12,-6.19875338232864e-15,4.23714818988291e-16,-1.75644689853813e-13
56234132519032.6,8.14600922243317e-14,-2.82965365229875e-07,-4.99933977309233e-18,3.16193159047301e-17,-2.428977742358e-12,-5.78501537289281e-15,4.0463994949999e-16,-1.71646544465589e-13
57543993733713.4,7.77937844686825e-14,-2.76524287144135e-07,-4.56431362443892e-18,2.95408197490786e-17,-2.31965633095385e-12,-5.39889236683287e-15,3.86423982602091e-16,-1.6773940685661e-13
58884365535556.5,7.42924877142401e-14,-2.70229825895658e-07,-4.16694657627523e-18,2.7597638375728e-17,-2.21525514118821e-12,-5.03854120621859e-15,3.6902822798812e-16,-1.63921205518181e-13
60255958607433.3,7.09487752451775e-14,-2.64078644077772e-07,-3.80400337948755e-18,2.57811028903202e-17,-2.11555273121709e-12,-4.70224175331357e-15,3.52415739487071e-16,-1.60189916088802e-13
61659500186145.7,6.77555546027115e-14,-2.5806748025246e-07,-3.47252358431941e-18,2.40830848224944e-17,-2.02033762531586e-12,-4.38838867979347e-15,3.36551236337631e-16,-1.5654356028144e-13
63095734448016.8,6.47060525410773e-14,-2.52193147221093e-07,-3.1697985945354e-18,2.24959640246428e-17,-1.92940786536565e-12,-4.09548380396785e-15,3.21401028023351e-16,-1.52980204835185e-13
64565422903462.9,6.17938006605951e-14,-2.46452530334544e-07,-2.89335058789989e-18,2.10125983078872e-17,-1.84257058252311e-12,-3.82212893943197e-15,3.0693294250722e-16,-1.49497960490734e-13
66069344800756.9,5.90126216873526e-14,-2.40842585841754e-07,-2.64091315739872e-18,1.96262947396681e-17,-1.7596415881652e-12,-3.56701922101594e-15,2.93116257711422e-16,-1.46094980989164e-13
67608297539195.4,5.63566163704025e-14,-2.35360339275897e-07,-2.41041353820534e-18,1.83307825285241e-17,-1.68044498324202e-12,-3.32893687617598e-15,2.79921636095096e-16,-1.42769462093458e-13
69183097091890.8,5.38201509686819e-14,-2.30002883877279e-07,-2.19995629529701e-18,1.71201874230905e-17,-1.60481278520924e-12,-3.10674541209912e-15,2.67321062189622e-16,-1.3951964063229e-13
70794578438410.9,5.13978453011116e-14,-2.24767379052132e-07,-2.00780835589171e-18,1.59890075540241e-17,-1.53258457174911e-12,-2.89938419077606e-15,2.55287782957326e-16,-1.36343793565538e-13
72443596007496,4.90845613345289e-14,-2.196510488665e-07,-1.83238527953091e-18,1.49320906494159e-17,-1.46360714052477e-12,-2.70586336614905e-15,2.43796250845615e-16,-1.33240237071055e-13
74131024130088.7,4.68753922852466e-14,-2.14651180574396e-07,-1.67223866670925e-18,1.39446125562561e-17,-1.3977341842463e-12,-2.52525915916934e-15,2.32822069414389e-16,-1.30207325652198e-13
75857757502915.2,4.47656522111214e-14,-2.09765123179471e-07,-1.52604461447822e-18,1.30220570026294e-17,-1.33482598035954e-12,-2.35670944821189e-15,2.22341941420096e-16,-1.27243451265662e-13
77624711662866,4.27508660720568e-14,-2.04990286029419e-07,-1.39259313445721e-18,1.21601965375149e-17,-1.27474909469976e-12,-2.19940965379973e-15,2.12333619245148e-16,-1.24347042469143e-13
79432823472424.9,4.08267602378545e-14,-2.00324137442381e-07,-1.2707784552015e-18,1.13550745873234e-17,-1.21737609848166e-12,-2.05260889799533e-15,2.02775857566446e-16,-1.21516563588385e-13
81283051616406.6,3.89892534232839e-14,-1.95764203364615e-07,-1.15959013693039e-18,1.06029885705934e-17,-1.16258529802581e-12,-1.91560642012734e-15,1.93648368161598e-16,-1.18750513903182e-13
83176377110263.7,3.72344480311385e-14,-1.91308066058712e-07,-1.05810493223817e-18,9.90047401457971e-18,-1.11026047664808e-12,-1.78774823174407e-15,1.84931776756042e-16,-1.1604742685188e-13
85113803820234.1,3.55586218849196e-14,-1.86953362821692e-07,-9.65479331622315e-19,9.24428961977704e-18,-1.06029064816509e-12,-1.66842399482754e-15,1.76607581818664e-16,-1.13405869253989e-13
87096358995604.5,3.39582203336092e-14,-1.82697784732256e-07,-8.80942737492356e-19,8.63140322071814e-18,-1.01256982149268e-12,-1.55706410836687e-15,1.68658115217722e-16,-1.1082444055047e-13
89125093813370.9,3.24298487117867e-14,-1.78539075426572e-07,-8.0379121479503e-19,8.05897859365666e-18,-9.66996775838418e-13,-1.45313698938486e-15,1.61066504652867e-16,-1.08301772061308e-13
91201083935587.2,3.0970265139095e-14,-1.7447502990192e-07,-7.33381770528487e-19,7.52436306398054e-18,-9.23474846011226e-13,-1.35614653543927e-15,1.53816637782907e-16,-1.05836526259974e-13
93325430079695.2,2.95763736437846e-14,-1.70503493347568e-07,-6.69127118244138e-19,7.02507586839238e-18,-8.81911717393029e-13,-1.26562975648671e-15,1.46893127972599e-16,-1.03427396064391e-13
95499258602139.6,2.82452175957484e-14,-1.66622360002267e-07,-6.10490887169598e-19,6.55879722903338e-18,-8.42219230137508e-13,-1.18115456480554e-15,1.4028128158521e-16,-1.01073104144037e-13
97723722095577,2.69739734351176e-14,-1.62829572037744e-07,-5.56983238850328e-19,6.1233580988099e-18,-8.04313192180768e-13,-1.10231771242824e-15,1.33967066750977e-16,-9.87724022428082e-14
99999999999995.8,2.57599446831185e-14,-1.59123118467617e-07,-5.08156857220046e-19,5.71673053920352e-18,-7.68113200667361e-13,-1.02874286623813e-15,1.27937083544689e-16,-9.65240705172892e-14
