frequency_Hz,output_V_sqrtHz,input_V_sqrtHz,M1_total,M2_total,RE_thermal,RL_thermal,M1_flicker,M2_flicker,M1_channel,M2_channel
1,5.00569595173307e-06,1.28714267163181e-06,5.00564396957043e-06,1.83113554614458e-08,4.40058874023811e-09,1.28740118070856e-08,5.00560223449143e-06,1.83112019406638e-08,2.04406494804935e-08,7.49821555508217e-11
1.02329299228075,4.94839761074838e-06,1.27240922788967e-06,4.94834579787252e-06,1.8101750643785e-08,4.40058874023811e-09,1.28740118070856e-08,4.94830357952819e-06,1.81015953453313e-08,2.04406494804935e-08,7.49821555508217e-11
1.0471285480509,4.89175517450668e-06,1.25784444061237e-06,4.89170352405008e-06,1.78945451935642e-08,4.40058874023811e-09,1.28740118070856e-08,4.8916608168446e-06,1.78943880968549e-08,2.04406494804935e-08,7.49821555508217e-11
1.07151930523761,4.83576113511439e-06,1.2434463792531e-06,4.83570964023104e-06,1.76897116459255e-08,4.40058874023811e-09,1.28740118070856e-08,4.83566643850382e-06,1.76895527301382e-08,2.04406494804935e-08,7.49821555508217e-11
1.09647819614319,4.7804080706222e-06,1.22921313536445e-06,4.78035672448674e-06,1.74872228504047e-08,4.40058874023811e-09,1.28740118070856e-08,4.78031302251165e-06,1.74870620944761e-08,2.04406494804935e-08,7.49821555508255e-11
1.12201845430196,4.72568864404138e-06,1.21514282234533e-06,4.72563743984816e-06,1.72870519673295e-08,4.40058874023811e-09,1.28740118070856e-08,4.72559323183275e-06,1.72868893499524e-08,2.04406494804935e-08,7.49821555508255e-11
1.14815362149688,4.67159560237118e-06,1.20123357519101e-06,4.67154453333338e-06,1.7089172464267e-08,4.40058874023811e-09,1.28740118070856e-08,4.67149981341815e-06,1.70890079638875e-08,2.04406494804935e-08,7.49821555508255e-11
1.17489755493953,4.61812177563751e-06,1.18748355024582e-06,4.61807083498623e-06,1.68935581125027e-08,4.40058874023811e-09,1.28740118070856e-08,4.61802559724383e-06,1.68933917073172e-08,2.04406494804935e-08,7.49821555508217e-11
1.20226443461741,4.56526007594253e-06,1.17389092495885e-06,4.56520925692589e-06,1.67001829835677e-08,4.40058874023811e-09,1.28740118070856e-08,4.56516349536034e-06,1.67000146515203e-08,2.04406494804935e-08,7.49821555508217e-11
1.23026877081238,4.51300349652519e-06,1.16045389764234e-06,4.51295279240745e-06,1.65090214457973e-08,4.40058874023811e-09,1.28740118070856e-08,4.51290650095335e-06,1.65088511645767e-08,2.04406494804935e-08,7.49821555508217e-11
1.25892541179417,4.46134511083247e-06,1.14717068723287e-06,4.46129451489313e-06,1.63200481609366e-08,4.40058874023811e-09,1.28740118070856e-08,4.46124768741485e-06,1.63198759079731e-08,2.04406494804935e-08,7.49821555508217e-11
1.28824955169313,4.41027807160129e-06,1.13403953305528e-06,4.4102275771342e-06,1.61332380807814e-08,4.40058874023811e-09,1.28740118070856e-08,4.41018020742507e-06,1.6133063833244e-08,2.04406494804935e-08,7.49821555508217e-11
1.31825673855641,4.35979560995089e-06,1.1210586945893e-06,4.35974521026335e-06,1.59485664438579e-08,4.40058874023811e-09,1.28740118070856e-08,4.35969729204483e-06,1.59483901786513e-08,2.04406494804935e-08,7.49821555508218e-11
1.34896288259165,4.30989103448564e-06,1.10822645123886e-06,4.30984072289752e-06,1.57660087721407e-08,4.40058874023811e-09,1.28740118070856e-08,4.30979224981839e-06,1.57658304659021e-08,2.04406494804935e-08,7.49821555508218e-11
1.38038426460288,4.2605577304081e-06,1.09554110210397e-06,4.26050750025097e-06,1.55855408678079e-08,4.4005887402381e-09,1.28740118070856e-08,4.26045846588646e-06,1.55853604969041e-08,2.04406494804935e-08,7.49821555508218e-11
1.41253754462275,4.21178915864222e-06,1.08300096575537e-06,4.21173900325846e-06,1.54071388100344e-08,4.4005887402381e-09,1.28740118070856e-08,4.21168940110941e-06,1.54069563505586e-08,2.04406494804935e-08,7.49821555508218e-11
1.44543977074593,4.16357885496662e-06,1.07060438001154e-06,4.16352876770852e-06,1.52307789518206e-08,4.4005887402381e-09,1.28740118070856e-08,4.16347859120054e-06,1.52305943795891e-08,2.04406494804935e-08,7.49821555508218e-11
1.47910838816821,4.11592042915775e-06,1.05834970171847e-06,4.11587040338664e-06,1.50564379168582e-08,4.4005887402381e-09,1.28740118070856e-08,4.1158196458692e-06,1.50562512074074e-08,2.04406494804935e-08,7.49821555508218e-11
1.51356124843621,4.06880756414286e-06,1.04623530653183e-06,4.06875759322824e-06,1.4884092596432e-08,4.4005887402381e-09,1.28740118070856e-08,4.06870624797383e-06,1.48839037250148e-08,2.04406494804935e-08,7.49821555508218e-11
1.54881661891248,4.0222340151627e-06,1.03425958870163e-06,4.02218409248135e-06,1.47137201463562e-08,4.4005887402381e-09,1.28740118070856e-08,4.02213215268455e-06,1.47135290879393e-08,2.04406494804935e-08,7.49821555508219e-11
1.58489319246111,3.97619360894377e-06,1.02242096085946e-06,3.97614372787889e-06,1.45452979839472e-08,4.4005887402381e-09,1.28740118070856e-08,3.97609118665548e-06,1.45451047132073e-08,2.04406494804935e-08,7.49821555508219e-11
1.62181009735893,3.93068024288008e-06,1.010717853808e-06,3.93063039682037e-06,1.43788037850296e-08,4.4005887402381e-09,1.28740118070856e-08,3.93057724720646e-06,1.43786082763503e-08,2.04406494804935e-08,7.49821555508219e-11
1.65958690743756,3.88568788422423e-06,9.99148716313095e-07,3.88563806656307e-06,1.42142154809777e-08,4.4005887402381e-09,1.28740118070856e-08,3.8855843015141e-06,1.4214017708446e-08,2.04406494804935e-08,7.49821555508219e-11
1.69824365246174,3.84121056928778e-06,9.8771201489808e-07,3.84116077342231e-06,1.40515112557901e-08,4.4005887402381e-09,1.28740118070856e-08,3.84110638581218e-06,1.40513111931928e-08,2.04406494804935e-08,7.49821555508219e-11
1.73780082874937,3.79724240265078e-06,9.76406233640569e-07,3.79719262198106e-06,1.38906695431979e-08,4.40058874023809e-09,1.28740118070856e-08,3.79713760460116e-06,1.38904671640184e-08,2.04406494804935e-08,7.49821555508219e-11
1.77827941003892,3.75377755638033e-06,9.65229873971495e-07,3.75372778430845e-06,1.37316690238062e-08,4.40058874023809e-09,1.28740118070856e-08,3.75367212986671e-06,1.3731464301221e-08,2.04406494804934e-08,7.4982155550822e-11
1.81970085860998,3.71081026925813e-06,9.5418145447648e-07,3.71076049918732e-06,1.35744886222684e-08,4.40058874023809e-09,1.28740118070856e-08,3.71070420030724e-06,1.35742815291433e-08,2.04406494804934e-08,7.4982155550822e-11
1.86208713666287,3.66833484601676e-06,9.43259510699479e-07,3.66828507135055e-06,1.34191075044923e-08,4.40058874023809e-09,1.28740118070856e-08,3.66822812057022e-06,1.34188980133792e-08,2.04406494804934e-08,7.4982155550822e-11
1.90546071796325,3.62634565658485e-06,9.32462594948668e-07,3.62629587072617e-06,1.32655050748792e-08,4.40058874023809e-09,1.28740118070856e-08,3.6262382604973e-06,1.32652931580118e-08,2.04406494804934e-08,7.4982155550822e-11
1.94984459975804,3.58483713534079e-06,9.21789276104548e-07,3.58478733169109e-06,1.31136609735933e-08,4.40058874023809e-09,1.28740118070856e-08,3.584729054378e-06,1.31134466028841e-08,2.04406494804934e-08,7.4982155550822e-11
1.99526231496888,3.54380378037501e-06,9.1123813943026e-07,3.54375395233343e-06,1.29635550738634e-08,4.40058874023809e-09,1.28740118070856e-08,3.54369500021201e-06,1.29633382208996e-08,2.04406494804934e-08,7.49821555508221e-11
2.04173794466953,3.50324015276072e-06,9.00807786384055e-07,3.50319029372316e-06,1.28151674793142e-08,4.40058874023809e-09,1.28740118070856e-08,3.5031306589799e-06,1.28149481153542e-08,2.04406494804934e-08,7.49821555508183e-11
2.08929613085404,3.46314087583298e-06,8.90496834433926e-07,3.46309097919126e-06,1.26684785213322e-08,4.40058874023808e-09,1.28740118070856e-08,3.46303065392218e-06,1.26682566173016e-08,2.04406494804934e-08,7.49821555508183e-11
2.13796208950223,3.42350063447602e-06,8.80303916874349e-07,3.42345069361701e-06,1.25234687564541e-08,4.40058874023808e-09,1.28740118070856e-08,3.42338966982662e-06,1.25232442829417e-08,2.04406494804934e-08,7.49821555508183e-11
2.18776162394955,3.38431417441876e-06,8.70227682645134e-07,3.38426418272346e-06,1.23801189637933e-08,4.40058874023808e-09,1.28740118070855e-08,3.38420245232369e-06,1.23798918910475e-08,2.04406494804934e-08,7.49821555508222e-11
2.23872113856834,3.34557630153831e-06,8.60266796152335e-07,3.34552625238103e-06,1.22384101424885e-08,4.40058874023808e-09,1.28740118070855e-08,3.34546380719019e-06,1.22381804404133e-08,2.04406494804934e-08,7.49821555508222e-11
2.29086765276777,3.30728188117154e-06,8.50419937091226e-07,3.30723176791898e-06,1.20983235091897e-08,4.40058874023807e-09,1.28740118070855e-08,3.30716859966064e-06,1.20980911473406e-08,2.04406494804934e-08,7.49821555508222e-11
2.34422881531992,3.26942583743446e-06,8.40685800271294e-07,3.26937565344487e-06,1.19598404955652e-08,4.40058874023807e-09,1.28740118070855e-08,3.26931175374678e-06,1.19596054431453e-08,2.04406494804934e-08,7.49821555508223e-11
2.39883291901949,3.23200315254943e-06,8.31063095443233e-07,3.23195289117169e-06,1.18229427458415e-08,4.40058874023807e-09,1.28740118070855e-08,3.23188825156468e-06,1.18227049716973e-08,2.04406494804933e-08,7.49821555508223e-11
2.45470891568503,3.19500886618006e-06,8.2155054712793e-07,3.19495852075281e-06,1.168761211437e-08,4.40058874023807e-09,1.28740118070855e-08,3.19489313266967e-06,1.16873715869873e-08,2.04406494804933e-08,7.49821555508224e-11
2.51188643150958,3.15843807477371e-06,8.12146894447396e-07,3.1583876386245e-06,1.15538306632221e-08,4.40058874023806e-09,1.28740118070855e-08,3.1583214933988e-06,1.15535873507219e-08,2.04406494804933e-08,7.49821555508224e-11
2.57039578276886,3.12228593091155e-06,8.0285089095764e-07,3.1222353973559e-06,1.14215806598112e-08,4.40058874023806e-09,1.28740118070855e-08,3.12216848622091e-06,1.14213345299454e-08,2.04406494804933e-08,7.49821555508224e-11
2.63026799189538,3.086547642666e-06,7.93661304483456e-07,3.08649700500657e-06,1.1290844574542e-08,4.40058874023806e-09,1.28740118070855e-08,3.08642931909405e-06,1.12905955946891e-08,2.04406494804933e-08,7.49821555508186e-11
2.69153480392691,3.05121847296561e-06,7.84576916955095e-07,3.05116772449129e-06,1.11616050784889e-08,4.40058874023806e-09,1.28740118070855e-08,3.05109925483033e-06,1.11613532156499e-08,2.04406494804933e-08,7.49821555508187e-11
2.75422870333816,3.01629373896715e-06,7.75596524246816e-07,3.01624287295217e-06,1.10338450410962e-08,4.40058874023806e-09,1.28740118070855e-08,3.016173610468e-06,1.10335902618899e-08,2.04406494804933e-08,7.49821555508187e-11
2.81838293126445,2.9817688114349e-06,7.66718936017277e-07,2.98171782113793e-06,1.09075475279091e-08,4.40058874023805e-09,1.28740118070855e-08,2.98164775665073e-06,1.09072897985679e-08,2.04406494804933e-08,7.49821555508188e-11
2.8840315031266,2.94763911412704e-06,7.57942975551758e-07,2.94758799279032e-06,1.07826957983295e-08,4.40058874023805e-09,1.28740118070854e-08,2.947517117014e-06,1.0782435084695e-08,2.04406494804932e-08,7.49821555508227e-11
2.95120922666638,2.91390012318911e-06,7.4926747960619e-07,2.91384886403754e-06,1.06592733033946e-08,4.40058874023804e-09,1.28740118070854e-08,2.91377716757848e-06,1.06590095709128e-08,2.04406494804932e-08,7.49821555508227e-11
3.01995172040201,2.88054736655433e-06,7.40691298252964e-07,2.88049596279458e-06,1.05372636835869e-08,4.40058874023804e-09,1.28740118070854e-08,2.88042343615044e-06,1.05369968973037e-08,2.04406494804932e-08,7.49821555508228e-11
3.09029543251359,2.84757642335087e-06,7.32213294728514e-07,2.84752486817047e-06,1.04166507666628e-08,4.40058874023804e-09,1.28740118070854e-08,2.84745150172888e-06,1.04163808912196e-08,2.04406494804932e-08,7.4982155550819e-11
3.16227766016837,2.81498292331585e-06,7.23832345282638e-07,2.81493120988231e-06,1.02974185655117e-08,4.40058874023803e-09,1.28740118070854e-08,2.81485699391964e-06,1.02971455651406e-08,2.04406494804932e-08,7.49821555508191e-11
3.23593656929628,2.78276254621607e-06,7.15547339029544e-07,2.78271066767594e-06,1.01795512760339e-08,4.40058874023803e-09,1.28740118070854e-08,2.78263559235598e-06,1.01792751145527e-08,2.04406494804932e-08,7.49821555508191e-11
3.3113112148259,2.75091102127537e-06,7.07357177800611e-07,2.75085897075338e-06,1.00630332750476e-08,4.40058874023803e-09,1.28740118070854e-08,2.75078302612605e-06,1.00627539158555e-08,2.04406494804931e-08,7.49821555508192e-11
3.38844156139202,2.71942412660855e-06,6.99260775998816e-07,2.71937189720665e-06,9.94784911821794e-09,4.40058874023802e-09,1.28740118070854e-08,2.71929507320668e-06,9.94756652429017e-09,2.04406494804931e-08,7.49821555508193e-11
3.46736850452531,2.68829768866172e-06,6.91257060454851e-07,2.68824527345822e-06,9.83398353800998e-09,4.40058874023802e-09,1.28740118070854e-08,2.68816755990383e-06,9.83369767189332e-09,2.04406494804931e-08,7.49821555508232e-11
3.54813389233575,2.65752758165919e-06,6.83344970284867e-07,2.65747497370779e-06,9.72142144166277e-09,4.40058874023801e-09,1.28740118070853e-08,2.65739636029932e-06,9.72113226547039e-09,2.04406494804931e-08,7.49821555508194e-11
3.63078054770101,2.62710972705651e-06,6.75523456749861e-07,2.62705691938542e-06,9.61014790919371e-09,4.40058874023801e-09,1.28740118070853e-08,2.62697739570397e-06,9.60985538460019e-09,2.0440649480493e-08,7.49821555508195e-11
3.71535229097172,2.5970400929999e-06,6.67791483116662e-07,2.5969870786109e-06,9.50014819141594e-09,4.400588740238e-09,1.28740118070853e-08,2.59690663411699e-06,9.49985227965217e-09,2.0440649480493e-08,7.49821555508196e-11
3.8018939632056,2.56731469379185e-06,6.60148024520516e-07,2.56726146565938e-06,9.39140770798586e-09,4.400588740238e-09,1.28740118070853e-08,2.56718008969148e-06,9.39110836983394e-09,2.0440649480493e-08,7.49821555508197e-11
3.8904514499428,2.53792958936279e-06,6.5259206782924e-07,2.53787614043299e-06,9.28391204546951e-09,4.40058874023799e-09,1.28740118070853e-08,2.53779382220619e-06,9.28360924125756e-09,2.0440649480493e-08,7.49821555508159e-11
3.98107170553497,2.50888088474887e-06,6.45122611508933e-07,2.50882720793867e-06,9.17764695543451e-09,4.40058874023798e-09,1.28740118070853e-08,2.50874393654318e-06,9.1773406450314e-09,2.04406494804929e-08,7.49821555508199e-11
4.07380277804112,2.48016472957564e-06,6.37738665491225e-07,2.48011081777183e-06,9.07259835255668e-09,4.40058874023798e-09,1.28740118070852e-08,2.48002658217159e-06,9.07228849536671e-09,2.04406494804929e-08,7.498215555082e-11
4.16869383470335,2.45177731754774e-06,6.30439251042041e-07,2.45172316360601e-06,8.96875231275777e-09,4.40058874023797e-09,1.28740118070852e-08,2.45163795263719e-06,8.96843886771532e-09,2.04406494804929e-08,7.49821555508201e-11
4.26579518801592,2.42371488594433e-06,6.23223400631873e-07,2.42366048268834e-06,8.86609507135704e-09,4.40058874023796e-09,1.28740118070852e-08,2.42357428505789e-06,8.86577799692111e-09,2.04406494804928e-08,7.49821555508164e-11
4.36515832240165,2.3959737151204e-06,6.16090157807536e-07,2.3959190553408e-06,8.76461302124948e-09,4.40058874023795e-09,1.28740118070852e-08,2.39583185962495e-06,8.76429227539822e-09,2.04406494804928e-08,7.49821555508203e-11
4.46683592150962,2.36855012801367e-06,6.0903857706539e-07,2.3684952044672e-06,8.66429271109772e-09,4.40058874023795e-09,1.28740118070852e-08,2.36840699910993e-06,8.66396825132283e-09,2.04406494804928e-08,7.49821555508204e-11
4.57088189614874,2.34144048965725e-06,6.02067723726013e-07,2.34138529506574e-06,8.56512084355309e-09,4.40058874023794e-09,1.28740118070851e-08,2.34129606837727e-06,8.56479262685423e-09,2.04406494804927e-08,7.49821555508167e-11
4.67735141287197,2.31464120669783e-06,5.95176673810314e-07,2.31458573374723e-06,8.46708427349263e-09,4.40058874023793e-09,1.28740118070851e-08,2.31449547390247e-06,8.46675225637169e-09,2.04406494804927e-08,7.49821555508169e-11
4.78630092322637,2.28814872691933e-06,5.88364513917056e-07,2.2880929682588e-06,8.37017000627492e-09,4.40058874023792e-09,1.28740118070851e-08,2.28800166329576e-06,8.3698341447303e-09,2.04406494804927e-08,7.49821555508209e-11
4.89778819368445,2.26195953877213e-06,5.81630341101789e-07,2.261903487013e-06,8.27436519601728e-09,4.40058874023791e-09,1.28740118070851e-08,2.26181112483125e-06,8.27402544553804e-09,2.04406494804926e-08,7.49821555508172e-11
5.01187233627271,2.23607017090756e-06,5.74973262757165e-07,2.23601381862239e-06,8.17965714389693e-09,4.4005887402379e-09,1.2874011807085e-08,2.23592038698141e-06,8.17931345945691e-09,2.04406494804926e-08,7.49821555508173e-11
5.12861383991364,2.2104771917178e-06,5.6839239649462e-07,2.21042053143941e-06,8.08603329646344e-09,4.40058874023789e-09,1.2874011807085e-08,2.21032601795701e-06,8.0856856325153e-09,2.04406494804925e-08,7.49821555508175e-11
5.24807460249771,2.18517720888104e-06,5.61886870027423e-07,2.18512023310148e-06,7.99348124397698e-09,4.40058874023788e-09,1.2874011807085e-08,2.18502462525215e-06,7.99312955444616e-09,2.04406494804925e-08,7.49821555508176e-11
5.37031796370252,2.1601668689118e-06,5.55455821055045e-07,2.16010957008139e-06,7.90198871876257e-09,4.40058874023787e-09,1.28740118070849e-08,2.16001285519462e-06,7.90163295704121e-09,2.04406494804924e-08,7.4982155550814e-11
5.49540873857623,2.13544285671643e-06,5.49098397148869e-07,2.13538522724277e-06,7.811543593586e-09,4.40058874023786e-09,1.28740118070849e-08,2.13528739250141e-06,7.81118371252677e-09,2.04406494804924e-08,7.4982155550818e-11
5.62341325190348,2.11100189515375e-06,5.42813755639201e-07,2.11094392740067e-06,7.722133880042e-09,4.40058874023785e-09,1.28740118070849e-08,2.11084495983921e-06,7.72176983195184e-09,2.04406494804923e-08,7.49821555508144e-11
5.75439937337156,2.08684074460058e-06,5.36601063503569e-07,2.0867824308872e-06,7.63374772697117e-09,4.40058874023783e-09,1.28740118070848e-08,2.08668231739005e-06,7.63337946360499e-09,2.04406494804922e-08,7.49821555508184e-11
5.88843655355588,2.06295620252242e-06,5.30459497256316e-07,2.06289753512206e-06,7.54637341888275e-09,4.40058874023782e-09,1.28740118070848e-08,2.06279626242184e-06,7.54600089143707e-09,2.04406494804922e-08,7.49821555508148e-11
6.02559586074356,2.0393451030489e-06,5.24388242839438e-07,2.03928607418812e-06,7.45999937440808e-09,4.40058874023781e-09,1.28740118070847e-08,2.03918362886387e-06,7.45962253351454e-09,2.04406494804921e-08,7.49821555508189e-11
6.16595001861481,2.01600431655416e-06,5.1838649551469e-07,2.0159449184117e-06,7.37461414475924e-09,4.40058874023779e-09,1.28740118070847e-08,2.01584128688714e-06,7.37423294047808e-09,2.04406494804921e-08,7.49821555508153e-11
6.30957344480192,1.99293074924204e-06,5.12453459756913e-07,1.9928709739478e-06,7.29020641221731e-09,4.40058874023777e-09,1.28740118070847e-08,1.9927661424895e-06,7.28982079403077e-09,2.0440649480492e-08,7.49821555508155e-11
6.45654229034654,1.97012134273598e-06,5.06588349148591e-07,1.97006118236997e-06,7.20676498862803e-09,4.40058874023776e-09,1.28740118070846e-08,1.96995513708555e-06,7.20637490543364e-09,2.04406494804919e-08,7.49821555508158e-11
6.60693448007594,1.94757307367363e-06,5.00790386275611e-07,1.94751252026493e-06,7.1242788139207e-09,4.40058874023774e-09,1.28740118070846e-08,1.94740524710125e-06,7.12388421402456e-09,2.04406494804918e-08,7.49821555508161e-11
6.7608297539198,1.92528295330614e-06,4.95058802624217e-07,1.92522199883186e-06,7.04273695464146e-09,4.40058874023772e-09,1.28740118070845e-08,1.9251134835731e-06,7.04233778575136e-09,2.04406494804917e-08,7.49821555508125e-11
6.91830970918935,1.90324802710196e-06,4.89392838479145e-07,1.90318666348615e-06,6.96212860250584e-09,4.4005887402377e-09,1.28740118070845e-08,1.90307689175197e-06,6.96172481172438e-09,2.04406494804916e-08,7.49821555508166e-11
7.07945784384136,1.88146537435525e-06,4.83791742822924e-07,1.88140359346787e-06,6.8824430729626e-09,4.40058874023768e-09,1.28740118070844e-08,1.88129255071151e-06,6.88203460678016e-09,2.04406494804916e-08,7.4982155550817e-11
7.24435960074988,1.85993210779875e-06,4.78254773236328e-07,1.85986990145457e-06,6.80366980378067e-09,4.40058874023766e-09,1.28740118070843e-08,1.85975757296091e-06,6.80325660806836e-09,2.04406494804915e-08,7.49821555508134e-11
7.41310241300916,1.83864537322103e-06,4.72781195799972e-07,1.83858273317856e-06,6.7257983536488e-09,4.40058874023764e-09,1.28740118070843e-08,1.83846910406217e-06,6.72538037365128e-09,2.04406494804914e-08,7.49821555508138e-11
7.58577575029182,1.81760234908823e-06,4.67370284997026e-07,1.81753926704863e-06,6.6488184007898e-09,4.40058874023762e-09,1.28740118070842e-08,1.81742432225182e-06,6.64839558111804e-09,2.04406494804913e-08,7.49821555508141e-11
7.7624711662869,1.79680024617002e-06,4.62021323617055e-07,1.796736713776e-06,6.57271974159347e-09,4.4005887402376e-09,1.28740118070841e-08,1.79662043806682e-06,6.57229202621746e-09,2.04406494804912e-08,7.49821555508107e-11
7.94328234724279,1.77623630716991e-06,4.5673360266095e-07,1.77617231600464e-06,6.49749228926516e-09,4.40058874023757e-09,1.28740118070841e-08,1.77605469397485e-06,6.49705962150642e-09,2.0440649480491e-08,7.49821555508111e-11
8.12830516164097,1.75590780635975e-06,4.51506421246949e-07,1.75584334794574e-06,6.42312607248667e-09,4.40058874023755e-09,1.2874011807084e-08,1.75572436400881e-06,6.42268839501085e-09,2.04406494804909e-08,7.49821555508115e-11
8.31763771102669,1.7358120492185e-06,4.4633908651774e-07,1.73574711501648e-06,6.34961123409599e-09,4.40058874023752e-09,1.28740118070839e-08,1.73562675340548e-06,6.34916848890522e-09,2.04406494804908e-08,7.49821555508119e-11
8.51138038202374,1.71594637207499e-06,4.41230913548623e-07,1.71588095348279e-06,6.27693802978036e-09,4.40058874023749e-09,1.28740118070838e-08,1.71575919824835e-06,6.27649015820561e-09,2.04406494804907e-08,7.49821555508124e-11
8.70963589956078,1.69630814175491e-06,4.36181225256719e-07,1.69624223010633e-06,6.20509682678437e-09,4.40058874023746e-09,1.28740118070837e-08,1.69611906511451e-06,6.2046437694777e-09,2.04406494804905e-08,7.4982155550809e-11
8.91250938133743,1.67689475523177e-06,4.31189352311229e-07,1.67682834179542e-06,6.13407810263443e-09,4.40058874023743e-09,1.28740118070836e-08,1.67670375072557e-06,6.13361979956111e-09,2.04406494804904e-08,7.49821555508095e-11
9.12010839355907,1.65770363928186e-06,4.26254633044712e-07,1.65763671526003e-06,6.06387244387463e-09,4.4005887402374e-09,1.28740118070836e-08,1.65751068160264e-06,6.06340883430526e-09,2.04406494804902e-08,7.498215555081e-11
9.33254300796988,1.6387322501432e-06,4.21376413365381e-07,1.63866480667067e-06,5.99447054482001e-09,4.40058874023736e-09,1.28740118070835e-08,1.63853731372521e-06,5.99400156732242e-09,2.04406494804901e-08,7.49821555508067e-11
9.54992586021433,1.61997807317834e-06,4.16554046670407e-07,1.61991010132124e-06,5.92586320632397e-09,4.40058874023733e-09,1.28740118070833e-08,1.61978113219391e-06,5.92538879875516e-09,2.04406494804899e-08,7.49821555508073e-11
9.77237220955808,1.60143862254103e-06,4.11786893760209e-07,1.60137011329567e-06,5.85804133455712e-09,4.40058874023729e-09,1.28740118070832e-08,1.6012396508972e-06,5.85756143405503e-09,2.04406494804897e-08,7.49821555508079e-11
9.99999999999997,1.5831114408468e-06,4.0707432275373e-07,1.58304238513843e-06,5.79099593980312e-09,4.40058874023725e-09,1.28740118070831e-08,1.58291041218181e-06,5.79051048277828e-09,2.04406494804895e-08,7.49821555508085e-11
10.2329299228075,1.56499409884713e-06,4.02415709004681e-07,1.56492448752882e-06,5.72471813526647e-09,4.40058874023721e-09,1.2874011807083e-08,1.564790986527e-06,5.72422705739367e-09,2.04406494804894e-08,7.49821555508053e-11
10.471285480509,1.54708419510755e-06,3.97810435018746e-07,1.54701401895892e-06,5.65919913589582e-09,4.40058874023717e-09,1.28740118070829e-08,1.54687897222254e-06,5.65870237210555e-09,2.04406494804891e-08,7.4982155550806e-11
10.715193052376,1.52937935568927e-06,3.93257890371733e-07,1.52930860541532e-06,5.59443025721739e-09,4.40058874023712e-09,1.28740118070827e-08,1.52917199505032e-06,5.59392774168727e-09,2.04406494804889e-08,7.49821555508029e-11
10.9647819614318,1.51187723383455e-06,3.88757471628662e-07,1.51180590006441e-06,5.53040291418624e-09,4.40058874023708e-09,1.28740118070826e-08,1.5116677079697e-06,5.52989458033231e-09,2.04406494804887e-08,7.49821555508036e-11
11.2201845430196,1.49457550965563e-06,3.84308582263783e-07,1.49450358294132e-06,5.46710862004598e-09,4.40058874023703e-09,1.28740118070825e-08,1.4943637908064e-06,5.46659440051391e-09,2.04406494804885e-08,7.49821555508006e-11
11.4815362149688,1.4774718898272e-06,3.79910632581502e-07,1.47739936064243e-06,5.40453898520619e-09,4.40058874023697e-09,1.28740118070823e-08,1.47725794994492e-06,5.40401881186238e-09,2.04406494804883e-08,7.49821555508014e-11
11.7489755493953,1.46056410728249e-06,3.75563039638223e-07,1.46049096602134e-06,5.34268571612835e-09,4.40058874023692e-09,1.28740118070822e-08,1.4603479180246e-06,5.34215952005093e-09,2.0440649480488e-08,7.49821555508023e-11
12.0226443461741,1.4438499209127e-06,3.71265227165075e-07,1.44377615788843e-06,5.28154061422743e-09,4.40058874023686e-09,1.2874011807082e-08,1.44363145363901e-06,5.28100832569717e-09,2.04406494804877e-08,7.49821555507993e-11
12.3026877081238,1.42732711526999e-06,3.67016625491531e-07,1.42725272071371e-06,5.22109557478599e-09,4.40058874023681e-09,1.28740118070818e-08,1.42710634103892e-06,5.22055712327706e-09,2.04406494804875e-08,7.49821555508003e-11
12.5892541179416,1.41099350027382e-06,3.62816671469896e-07,1.41091846433321e-06,5.161342585878e-09,4.40058874023674e-09,1.28740118070816e-08,1.41077038983855e-06,5.16079790004867e-09,2.04406494804872e-08,7.49821555507974e-11
12.8824955169313,1.39484691092061e-06,3.58664808400663e-07,1.39477122365867e-06,5.10227372730872e-09,4.40058874023668e-09,1.28740118070814e-08,1.39462143472525e-06,5.10172273499195e-09,2.04406494804869e-08,7.49821555507946e-11
13.182567385564,1.37888520699684e-06,3.54560485958725e-07,1.37880885839053e-06,5.04388116956412e-09,4.40058874023661e-09,1.28740118070813e-08,1.37865733517253e-06,5.04332379775803e-09,2.04406494804866e-08,7.49821555507957e-11
13.4896288259165,1.36310627279532e-06,3.50503160120429e-07,1.36302925273427e-06,4.98615717277229e-09,4.40058874023654e-09,1.2874011807081e-08,1.36287597515627e-06,4.98559334763051e-09,2.04406494804862e-08,7.4982155550793e-11
13.8038426460288,1.34750801683477e-06,3.46492293091461e-07,1.34743031511993e-06,4.92909408567936e-09,4.40058874023647e-09,1.28740118070808e-08,1.3472752628743e-06,4.92852373250126e-09,2.04406494804859e-08,7.49821555507942e-11
14.1253754462275,1.33208837158258e-06,3.42527353235572e-07,1.33200997792492e-06,4.87268434463323e-09,4.40058874023639e-09,1.28740118070806e-08,1.33185313046911e-06,4.87210738785412e-09,2.04406494804855e-08,7.49821555507916e-11
14.4543977074592,1.31684529318079e-06,3.38607815004098e-07,1.3167661971999e-06,4.8169204725831e-09,4.40058874023631e-09,1.28740118070804e-08,1.31660753375374e-06,4.81633683576421e-09,2.04406494804852e-08,7.49821555507929e-11
14.791083881682,1.30177676117515e-06,3.3473315886631e-07,1.30169695239792e-06,4.76179507808638e-09,4.40058874023622e-09,1.28740118070801e-08,1.30153645194088e-06,4.76120468390476e-09,2.04406494804848e-08,7.49821555507904e-11
15.135612484362,1.28688077824732e-06,3.30902871240542e-07,1.28680024610653e-06,4.70730085433066e-09,4.40058874023613e-09,1.28740118070798e-08,1.28663788737494e-06,4.70670362456901e-09,2.04406494804843e-08,7.4982155550788e-11
15.4881661891248,1.27215536995014e-06,3.2711644442612e-07,1.27207410378309e-06,4.65343057816447e-09,4.40058874023604e-09,1.28740118070796e-08,1.27190986526734e-06,4.65282643370082e-09,2.04406494804839e-08,7.49821555507895e-11
15.8489319246111,1.25759858444588e-06,3.23373376536069e-07,1.257516573493e-06,4.60017710913895e-09,4.40058874023594e-09,1.28740118070793e-08,1.25735043343469e-06,4.59956596993618e-09,2.04406494804834e-08,7.49821555507834e-11
16.2181009735892,1.24320849224758e-06,3.19673171430581e-07,1.24312572565099e-06,4.54753338856394e-09,4.40058874023583e-09,1.2874011807079e-08,1.24295766204007e-06,4.54691517365926e-09,2.0440649480483e-08,7.4982155550785e-11
16.5958690743755,1.22898318596325e-06,3.1601533865126e-07,1.22889965276537e-06,4.49549243856908e-09,4.40058874023573e-09,1.28740118070787e-08,1.22872964333724e-06,4.49486706606332e-09,2.04406494804825e-08,7.49821555507829e-11
16.9824365246174,1.21492078004307e-06,3.12399393356105e-07,1.21483646918515e-06,4.44404736118148e-09,4.40058874023561e-09,1.28740118070783e-08,1.21466449141771e-06,4.44341474822833e-09,2.04406494804819e-08,7.49821555507809e-11
17.3780082874937,1.20101941052945e-06,3.08824856255251e-07,1.20093431085014e-06,4.39319133741025e-09,4.4005887402355e-09,1.2874011807078e-08,1.20076034196084e-06,4.39255140020529e-09,2.04406494804814e-08,7.49821555507789e-11
17.7827941003892,1.18727723480998e-06,3.05291253547433e-07,1.18719133504387e-06,4.34291762634284e-09,4.40058874023537e-09,1.28740118070776e-08,1.18701535198668e-06,4.3422702801125e-09,2.04406494804808e-08,7.49821555507771e-11
18.1970085860998,1.17369243137318e-06,3.01798116857188e-07,1.17360572014931e-06,4.29321956425134e-09,4.40058874023524e-09,1.28740118070773e-08,1.1734276996117e-06,4.29256472324174e-09,2.04406494804802e-08,7.49821555507715e-11
18.6208713666286,1.16026319956705e-06,2.98344983172773e-07,1.16017566540743e-06,4.24409056371032e-09,4.40058874023511e-09,1.28740118070768e-08,1.15999558380728e-06,4.24342814117595e-09,2.04406494804796e-08,7.49821555507736e-11
19.0546071796324,1.14698775936041e-06,2.94931394784788e-07,1.14689939067852e-06,4.19552411272125e-09,4.40058874023497e-09,1.28740118070764e-08,1.14671722416103e-06,4.19485402091352e-09,2.04406494804789e-08,7.49821555507682e-11
19.4984459975804,1.13386435110697e-06,2.91556899225511e-07,1.13377513620623e-06,4.14751377385215e-09,4.40058874023482e-09,1.2874011807076e-08,1.13359086064077e-06,4.14683592400787e-09,2.04406494804782e-08,7.49821555507629e-11
19.9526231496887,1.12089123531205e-06,2.88221049208922e-07,1.1208011623843e-06,4.10005318338283e-09,4.40058874023466e-09,1.28740118070755e-08,1.12061475336121e-06,4.09936748571248e-09,2.04406494804775e-08,7.49821555507615e-11
20.4173794466952,1.10806669240204e-06,2.84923402571417e-07,1.10797574952599e-06,4.05313605046116e-09,4.4005887402345e-09,1.28740118070751e-08,1.10778718235341e-06,4.05244241413704e-09,2.04406494804768e-08,7.49821555507603e-11
20.8929613085403,1.09538902249647e-06,2.81663522213197e-07,1.09529719763615e-06,4.00675615626984e-09,4.40058874023433e-09,1.28740118070746e-08,1.09510644733671e-06,4.00605448941414e-09,2.0440649480476e-08,7.49821555507592e-11
21.3796208950222,1.08285654518268e-06,2.78440976040331e-07,1.08276382618586e-06,3.96090735320153e-09,4.40058874023415e-09,1.2874011807074e-08,1.08257086749342e-06,3.96019756287422e-09,2.04406494804751e-08,7.49821555507505e-11
21.8776162394954,1.0704675992931e-06,2.75255336907483e-07,1.07037397388969e-06,3.91558356404576e-09,4.40058874023396e-09,1.28740118070735e-08,1.07017878124603e-06,3.91486555623233e-09,2.04406494804743e-08,7.49821555507535e-11
22.3872113856833,1.05822054268502e-06,2.72106182561294e-07,1.0581259984855e-06,3.87077878117981e-09,4.40058874023377e-09,1.28740118070729e-08,1.0579285460369e-06,3.8700524607789e-09,2.04406494804734e-08,7.49821555507451e-11
22.9086765276776,1.04611375202299e-06,2.68993095584412e-07,1.04601827651675e-06,3.82648706577677e-09,4.40058874023356e-09,1.28740118070723e-08,1.04581853811065e-06,3.82575233658765e-09,2.04406494804724e-08,7.49821555507446e-11
23.4422881531991,1.03414562256357e-06,2.65915663340162e-07,1.03404920311733e-06,3.78270254701462e-09,4.40058874023334e-09,1.28740118070717e-08,1.03384715229883e-06,3.78195931172452e-09,2.04406494804714e-08,7.49821555507403e-11
23.9883291901948,1.02231456794271e-06,2.62873477917855e-07,1.0222171917988e-06,3.73941942130019e-09,4.40058874023312e-09,1.2874011807071e-08,1.02201280180722e-06,3.73866758147151e-09,2.04406494804704e-08,7.49821555507324e-11
24.5470891568502,1.0106190199654e-06,2.59866136078713e-07,1.01052067424015e-06,3.69663195149992e-09,4.40058874023289e-09,1.28740118070703e-08,1.01031391800548e-06,3.69587140755723e-09,2.04406494804693e-08,7.49821555507323e-11
25.1188643150957,9.99057428397822e-07,2.56893239202426e-07,9.98958100079883e-07,3.65433446617763e-09,4.40058874023264e-09,1.28740118070696e-08,9.98748950219236e-07,3.65356511739461e-09,2.04406494804681e-08,7.49821555507286e-11
25.7039578276885,9.87628260761913e-07,2.53954393234312e-07,9.87527936710534e-07,3.61252135884474e-09,4.40058874023238e-09,1.28740118070689e-08,9.87316365524537e-07,3.61174310333091e-09,2.04406494804669e-08,7.4982155550725e-11
26.3026799189537,9.76330002132181e-07,2.51049208633084e-07,9.76228669075511e-07,3.57118708721615e-09,4.40058874023211e-09,1.28740118070681e-08,9.76014648544663e-07,3.57039982190347e-09,2.04406494804657e-08,7.49821555507217e-11
26.915348039269,9.65161154934926e-07,2.48177300319219e-07,9.65058799468285e-07,3.53032617247562e-09,4.40058874023183e-09,1.28740118070672e-08,9.64842301249269e-07,3.52952979310493e-09,2.04406494804643e-08,7.49821555507147e-11
27.5422870333815,9.54120238749731e-07,2.45338287623913e-07,9.54016847333863e-07,3.4899331985503e-09,4.40058874023153e-09,1.28740118070664e-08,9.53797842755823e-07,3.48912759965761e-09,2.0440649480463e-08,7.49821555507117e-11
28.1838293126444,9.43205790113232e-07,2.42531794238624e-07,9.43101349072547e-07,3.45000281139153e-09,4.40058874023122e-09,1.28740118070655e-08,9.42879809133314e-07,3.44918788629416e-09,2.04406494804615e-08,7.49821555507052e-11
28.8403150312659,9.32416362325136e-07,2.39757448165193e-07,9.32310857845928e-07,3.41052971826646e-09,4.40058874023089e-09,1.28740118070645e-08,9.32086753208213e-07,3.40970535904903e-09,2.044064948046e-08,7.49821555506988e-11
29.5120922666637,9.2175052525646e-07,2.37014881666534e-07,9.21643943385114e-07,3.37150868705579e-09,4.40058874023055e-09,1.28740118070635e-08,9.21417244372646e-07,3.370674784556e-09,2.04406494804584e-08,7.49821555506927e-11
30.19951720402,9.11206865159965e-07,2.34303731217892e-07,9.11099191801143e-07,3.33293454556037e-09,4.4005887402302e-09,1.28740118070625e-08,9.10869868394774e-07,3.33209098935468e-09,2.04406494804568e-08,7.49821555506869e-11
30.9029543251358,9.00783984482765e-07,2.31623637458655e-07,9.00675205397577e-07,3.29480218081552e-09,4.40058874022982e-09,1.28740118070614e-08,9.00443227231336e-07,3.29394885920466e-09,2.0440649480455e-08,7.49821555506775e-11
31.6227766016837,8.90480501681079e-07,2.28974245144724e-07,8.90370602485232e-07,3.25710653841413e-09,4.40058874022943e-09,1.28740118070603e-08,8.90135938842339e-07,3.2562433384084e-09,2.04406494804532e-08,7.49821555506761e-11
32.3593656929627,8.80295051037108e-07,2.26355203101422e-07,8.80184017199044e-07,3.21984262183485e-09,4.40058874022902e-09,1.28740118070591e-08,8.79946637007872e-07,3.21896942913928e-09,2.04406494804513e-08,7.49821555506673e-11
33.113112148259,8.70226282478005e-07,2.23766164176947e-07,8.70114099317014e-07,3.18300549178197e-09,4.40058874022859e-09,1.28740118070578e-08,8.69873971147014e-07,3.18212219078136e-09,2.04406494804493e-08,7.49821555506587e-11
33.8844156139201,8.6027286139692e-07,2.21206785196355e-07,8.60159514081241e-07,3.14659026552956e-09,4.40058874022814e-09,1.28740118070565e-08,8.59916606138813e-07,3.14569673927325e-09,2.04406494804472e-08,7.49821555506544e-11
34.673685045253,8.50433468476106e-07,2.18676726916076e-07,8.50318942021003e-07,3.11059211627377e-09,4.40058874022767e-09,1.28740118070551e-08,8.50073222145325e-07,3.10968824646033e-09,2.0440649480445e-08,7.49821555506427e-11
35.4813389233574,8.40706799512029e-07,2.1617565397894e-07,8.40591078777853e-07,3.07500627249467e-09,4.40058874022718e-09,1.28740118070537e-08,8.40342514436663e-07,3.07409193945636e-09,2.04406494804428e-08,7.49821555506352e-11
36.30780547701,8.31091565242503e-07,2.13703234869732e-07,8.30974634932734e-07,3.03982801732217e-09,4.40058874022666e-09,1.28740118070522e-08,8.30723193218058e-07,3.03890310000924e-09,2.04406494804404e-08,7.49821555506281e-11
37.1535229097171,8.21586491175793e-07,2.11259141871245e-07,8.21468335835062e-07,3.00505268791157e-09,4.40058874022613e-09,1.28740118070506e-08,8.21213983458905e-07,3.00411706387643e-09,2.04406494804379e-08,7.49821555506213e-11
38.0189396320559,8.12190317421679e-07,2.08843051020841e-07,8.12070921433771e-07,2.97067567482511e-09,4.40058874022556e-09,1.28740118070489e-08,8.11813624723749e-07,2.96972922020621e-09,2.04406494804352e-08,7.49821555506073e-11
38.9045144994279,8.02901798524456e-07,2.06454642067511e-07,8.02781146110296e-07,2.93669242142195e-09,4.40058874022497e-09,1.28740118070472e-08,8.02520871005221e-07,2.9357350109276e-09,2.04406494804325e-08,7.49821555505976e-11
39.8107170553495,7.93719703297849e-07,2.04093598429423e-07,7.93597778513462e-07,2.90309842325276e-09,4.40058874022435e-09,1.28740118070454e-08,7.93334490558881e-07,2.9021299301447e-09,2.04406494804296e-08,7.49821555505844e-11
40.7380277804111,7.84642814661811e-07,2.01759607151959e-07,7.8451960139627e-07,2.86988922746396e-09,4.4005887402237e-09,1.28740118070435e-08,7.84253265739952e-07,2.86890952354073e-09,2.04406494804266e-08,7.49821555505756e-11
41.6869383470333,7.75669929481202e-07,1.99452358866233e-07,7.7554541145455e-07,2.83706043220631e-09,4.40058874022302e-09,1.28740118070415e-08,7.75275992841921e-07,2.83606938778649e-09,2.04406494804234e-08,7.49821555505634e-11
42.6579518801591,7.66799858406307e-07,1.97171547748085e-07,7.66674019167463e-07,2.80460768605261e-09,4.40058874022231e-09,1.28740118070394e-08,7.66401481936988e-07,2.80360516995785e-09,2.04406494804201e-08,7.49821555505556e-11
43.6515832240164,7.58031425715191e-07,1.94916871477538e-07,7.57904248639829e-07,2.77252668741965e-09,4.40058874022157e-09,1.28740118070372e-08,7.57628556718345e-07,2.77151256695747e-09,2.04406494804167e-08,7.49821555505406e-11
44.6683592150961,7.49363469157842e-07,1.92688031198731e-07,7.49234937446259e-07,2.74081318399943e-09,4.40058874022078e-09,1.28740118070349e-08,7.48956054344257e-07,2.73978732494588e-09,2.04406494804131e-08,7.49821555505262e-11
45.7088189614873,7.40794839802127e-07,1.904847314803e-07,7.40664936477077e-07,2.70946297219451e-09,4.40058874021997e-09,1.28740118070325e-08,7.40382825283928e-07,2.70842523877661e-09,2.04406494804092e-08,7.49821555505123e-11
46.7735141287196,7.32324401881484e-07,1.88306680276221e-07,7.32193109786007e-07,2.67847189656113e-09,4.40058874021911e-09,1.287401180703e-08,7.31907733165133e-07,2.6774221514391e-09,2.04406494804053e-08,7.49821555504991e-11
47.8630092322636,7.2395103264438e-07,1.86153588887094e-07,7.23818334439597e-07,2.64783584925825e-09,4.40058874021821e-09,1.28740118070274e-08,7.2352965462359e-07,2.64677395350758e-09,2.04406494804011e-08,7.49821555504827e-11
48.9778819368444,7.15673622205487e-07,1.84025171921882e-07,7.15539500368374e-07,2.61755076950346e-09,4.40058874021728e-09,1.28740118070247e-08,7.15247479154063e-07,2.61647658259675e-09,2.04406494803968e-08,7.49821555504669e-11
50.118723362727,7.07491073398557e-07,1.81921147260074e-07,7.07355510219709e-07,2.58761264303433e-09,4.4005887402163e-09,1.28740118070218e-08,7.07060108963166e-07,2.58652602282291e-09,2.04406494803922e-08,7.49821555504519e-11
51.2861383991362,6.99402301630996e-07,1.79841236014295e-07,6.99265279212351e-07,2.55801750157641e-09,4.40058874021527e-09,1.28740118070188e-08,6.98966458823846e-07,2.5569183042718e-09,2.04406494803874e-08,7.49821555504376e-11
52.480746024977,6.9140623474009e-07,1.77785162493334e-07,6.91267734992651e-07,2.52876142231687e-09,4.40058874021419e-09,1.28740118070157e-08,6.90965455931546e-07,2.52764950247202e-09,2.04406494803824e-08,7.49821555504126e-11
53.703179637025,6.8350181285089e-07,1.757526541656e-07,6.83361817492405e-07,2.49984052738584e-09,4.40058874021306e-09,1.28740118070123e-08,6.83056039761998e-07,2.49871573787611e-09,2.04406494803772e-08,7.49821555503922e-11
54.9540873857622,6.7568798823572e-07,1.73743441623002e-07,6.75546478788354e-07,2.47125098334092e-09,4.40058874021188e-09,1.28740118070089e-08,6.75237161930655e-07,2.47011317534491e-09,2.04406494803717e-08,7.49821555503765e-11
56.2341325190346,6.67963725175294e-07,1.71757258545231e-07,6.67820682963272e-07,2.44298900065922e-09,4.40058874021064e-09,1.28740118070053e-08,6.6750778605373e-07,2.44183802363935e-09,2.0440649480366e-08,7.4982155550354e-11
57.5439937337154,6.60327999821427e-07,1.69793841664461e-07,6.60183405968654e-07,2.41505083323604e-09,4.40058874020935e-09,1.28740118070015e-08,6.59866887610822e-07,2.41388653491897e-09,2.04406494803599e-08,7.49821555503324e-11
58.8843655355586,6.5277980006132e-07,1.67852930730452e-07,6.52633635488979e-07,2.38743277788747e-09,4.40058874020799e-09,1.28740118069975e-08,6.5231345380912e-07,2.38625500424421e-09,2.04406494803536e-08,7.49821555503118e-11
60.2559586074355,6.45318125383398e-07,1.65934268476054e-07,6.45170370807524e-07,2.36013117385951e-09,4.40058874020657e-09,1.28740118069934e-08,6.44846483449153e-07,2.35893976908536e-09,2.0440649480347e-08,7.49821555502846e-11
61.6595001861479,6.37941986744683e-07,1.64037600583098e-07,6.37792622673716e-07,2.33314240234366e-09,4.40058874020509e-09,1.2874011806989e-08,6.3746498679209e-07,2.33193720883796e-09,2.04406494803401e-08,7.49821555502622e-11
63.095734448019,6.30650406439698e-07,1.62162675648692e-07,6.30499413172007e-07,2.30646288599584e-09,4.40058874020353e-09,1.28740118069845e-08,6.30167985428542e-07,2.30524374434143e-09,2.04406494803329e-08,7.49821555502295e-11
64.5654229034652,6.23442417970857e-07,1.60309245151892e-07,6.23289775592244e-07,2.28008908846405e-09,4.4005887402019e-09,1.28740118069797e-08,6.22954512148883e-07,2.27885583740654e-09,2.04406494803253e-08,7.49821555502056e-11
66.0693448007593,6.16317065920354e-07,1.58477063420759e-07,6.16162754301536e-07,2.25401751391755e-09,4.40058874020019e-09,1.28740118069747e-08,6.15823610815043e-07,2.25276999034435e-09,2.04406494803174e-08,7.49821555501753e-11
67.6082975391978,6.09273405823517e-07,1.56665887599796e-07,6.09117404617574e-07,2.2282447065852e-09,4.4005887401984e-09,1.28740118069695e-08,6.08774336233774e-07,2.22698274550433e-09,2.04406494803091e-08,7.49821555501462e-11
69.1830970918933,6.02310504043605e-07,1.54875477617753e-07,6.02152792683416e-07,2.20276725029634e-09,4.40058874019653e-09,1.2874011806964e-08,6.01805754031365e-07,2.20149068481499e-09,2.04406494803004e-08,7.49821555501146e-11
70.7945784384134,5.95427437648055e-07,1.53105596155803e-07,5.95267995343699e-07,2.17758176802845e-09,4.40058874019457e-09,1.28740118069583e-08,5.94916940529794e-07,2.17629042933129e-09,2.04406494802913e-08,7.49821555500806e-11
72.4435960074986,5.88623294286134e-07,1.51356008616087e-07,5.88462100022273e-07,2.15268492145938e-09,4.40058874019252e-09,1.28740118069523e-08,5.88106982624291e-07,2.15137863878668e-09,2.04406494802818e-08,7.49821555500443e-11
74.1310241300914,5.81897172068001e-07,1.49626483090611e-07,5.81734204601235e-07,2.12807341052484e-09,4.40058874019037e-09,1.2874011806946e-08,5.81374977662314e-07,2.12675201115031e-09,2.04406494802718e-08,7.49821555500057e-11
75.857757502918,5.75248179445153e-07,1.47916790330509e-07,5.75083417301346e-07,2.10374397298119e-09,4.40058874018812e-09,1.28740118069394e-08,5.74720033323895e-07,2.10240728218958e-09,2.04406494802613e-08,7.49821555499725e-11
77.6247116628688,5.6867543509224e-07,1.46226703715653e-07,5.68508856563828e-07,2.07969338397215e-09,4.40058874018577e-09,1.28740118069325e-08,5.68141267503371e-07,2.0783412250366e-09,2.04406494802504e-08,7.49821555499294e-11
79.4328234724277,5.62178067790237e-07,1.44555999224608e-07,5.62009650933507e-07,2.05591845560273e-09,4.4005887401833e-09,1.28740118069253e-08,5.61637808192459e-07,2.05455064976189e-09,2.04406494802389e-08,7.49821555498882e-11
81.2830516164095,5.55755216310954e-07,1.4290445540494e-07,5.55584938943295e-07,2.03241603651547e-09,4.40058874018071e-09,1.28740118069177e-08,5.55208793364669e-07,2.03103240295037e-09,2.04406494802269e-08,7.4982155549845e-11
83.1763771102667,5.49406029302873e-07,1.41271853343859e-07,5.49233869000002e-07,2.00918301147327e-09,4.40058874017801e-09,1.28740118069098e-08,5.48853370861051e-07,2.0077833672839e-09,2.04406494802144e-08,7.49821555497998e-11
85.1138038202372,5.43129665178286e-07,1.39657976639199e-07,5.4295559927145e-07,1.98621630094629e-09,4.40058874017518e-09,1.28740118069015e-08,5.42570698277235e-07,1.98480046112799e-09,2.04406494802012e-08,7.49821555497529e-11
87.0963589956076,5.36925292001736e-07,1.38062611370729e-07,5.36749297574884e-07,1.96351286070382e-09,4.40058874017221e-09,1.28740118068928e-08,5.36359942851775e-07,1.96208063812332e-09,2.04406494801874e-08,7.49821555497043e-11
89.1250938133741,5.30792087379731e-07,1.364855460718e-07,5.30614141266665e-07,1.94106968141048e-09,4.4005887401691e-09,1.28740118068837e-08,5.30220281355767e-07,1.93962088678177e-09,2.0440649480173e-08,7.49821555496464e-11
91.2010839355905,5.24729238351724e-07,1.34926571701307e-07,5.24549317133217e-07,1.91888378822805e-09,4.40058874016585e-09,1.28740118068742e-08,5.24150899983729e-07,1.91741823008794e-09,2.04406494801579e-08,7.49821555495908e-11
93.3254300796986,5.18735941282343e-07,1.3338548161598e-07,5.18554021283234e-07,1.89695224042011e-09,4.40058874016244e-09,1.28740118068643e-08,5.18150994245734e-07,1.89546972510352e-09,2.04406494801421e-08,7.49821555495299e-11
95.4992586021431,5.12811401754859e-07,1.31862071542991e-07,5.1262745904112e-07,1.87527213096316e-09,4.40058874015888e-09,1.28740118068538e-08,5.12219768860775e-07,1.87377246257817e-09,2.04406494801255e-08,7.49821555494717e-11
97.7237220955805,5.06954834465869e-07,1.30356139552872e-07,5.06768844841645e-07,1.85384058616052e-09,4.40058874015514e-09,1.28740118068429e-08,5.06356437651351e-07,1.85232356656313e-09,2.04406494801081e-08,7.49821555494123e-11
99.9999999999995,5.01165463121196e-07,1.28867486032748e-07,5.00977402125816e-07,1.83265476526169e-09,4.40058874015123e-09,1.28740118068315e-08,5.00560223439262e-07,1.8311201940303e-09,2.044064948009e-08,7.49821555493442e-11
102.329299228075,4.9544252033297e-07,1.27395913659873e-07,4.95252363237935e-07,1.81171186008607e-09,4.40058874014714e-09,1.28740118068195e-08,4.94830357942591e-07,1.81015953449571e-09,2.0440649480071e-08,7.49821555492713e-11
104.712854805089,4.89785247517904e-07,1.25941227375471e-07,4.89592969323841e-07,1.79100909465057e-09,4.40058874014285e-09,1.28740118068069e-08,4.89166081673872e-07,1.78943880964683e-09,2.0440649480051e-08,7.49821555492015e-11
107.15193052376,4.84192894796723e-07,1.2450323435888e-07,4.83998470230318e-07,1.77054372480108e-09,4.40058874013836e-09,1.28740118067938e-08,4.83566643839422e-07,1.76895527297376e-09,2.04406494800302e-08,7.49821555491235e-11
109.647819614318,4.78664720894755e-07,1.23081744001987e-07,4.78468124405652e-07,1.75031303784957e-09,4.40058874013366e-09,1.287401180678e-08,4.78031302239819e-07,1.74870620940609e-09,2.04406494800084e-08,7.49821555490449e-11
112.201845430196,4.73199993043657e-07,1.21676567883959e-07,4.73001198801334e-07,1.73031435221385e-09,4.40058874012873e-09,1.28740118067656e-08,4.72559323171531e-07,1.72868893495229e-09,2.04406494799855e-08,7.49821555489622e-11
114.815362149688,4.67797986884273e-07,1.20287519746262e-07,4.67596968774887e-07,1.71054501706231e-09,4.40058874012358e-09,1.28740118067506e-08,4.67149981329658e-07,1.70890079634423e-09,2.04406494799615e-08,7.49821555488718e-11
117.489755493952,4.62457986370598e-07,1.18914415467974e-07,4.62254717993804e-07,1.69100241196271e-09,4.40058874011818e-09,1.28740118067348e-08,4.61802559711799e-07,1.68933917068567e-09,2.04406494799365e-08,7.49821555487775e-11
120.226443461741,4.57179283674851e-07,1.17557073041367e-07,4.5697373834059e-07,1.67168394653463e-09,4.40058874011253e-09,1.28740118067182e-08,4.56516349523008e-07,1.67000146510441e-09,2.04406494799102e-08,7.49821555486834e-11
123.026877081237,4.51961179093635e-07,1.16215312547783e-07,4.51753329818895e-07,1.65258706010595e-09,4.40058874010661e-09,1.28740118067009e-08,4.51290650081851e-07,1.65088511640844e-09,2.04406494798827e-08,7.49821555485859e-11
125.892541179416,4.4680298095517e-07,1.14888956133778e-07,4.4659280046072e-07,1.63370922137351e-09,4.40058874010041e-09,1.28740118066828e-08,4.46124768727527e-07,1.63198759074637e-09,2.04406494798539e-08,7.49821555484813e-11
128.824955169313,4.41704005527591e-07,1.13577827987544e-07,4.41491466234683e-07,1.61504792806769e-09,4.40058874009392e-09,1.28740118066638e-08,4.41018020728058e-07,1.61330638327165e-09,2.04406494798238e-08,7.49821555483699e-11
131.82567385564,4.36663576928301e-07,1.12281754315599e-07,4.3644865095535e-07,1.59660070662066e-09,4.40058874008713e-09,1.28740118066439e-08,4.35969729189526e-07,1.59483901781055e-09,2.04406494797922e-08,7.49821555482557e-11
134.896288259164,4.31681027034359e-07,1.11000563319744e-07,4.31463686193585e-07,1.57836511183817e-09,4.40058874008001e-09,1.28740118066231e-08,4.30979224966357e-07,1.57658304653364e-09,2.04406494797592e-08,7.49821555481312e-11
138.038426460288,4.26755695393899e-07,1.09734085174287e-07,4.26535911187948e-07,1.56033872657596e-09,4.40058874007256e-09,1.28740118066013e-08,4.2604584657262e-07,1.55853604963186e-09,2.04406494797245e-08,7.49821555480045e-11
141.253754462275,4.21886929138566e-07,1.08482152003527e-07,4.21664672757099e-07,1.54251916141867e-09,4.40058874006476e-09,1.28740118065785e-08,4.21168940094352e-07,1.54069563499517e-09,2.04406494796883e-08,7.49821555478679e-11
144.543977074592,4.1707408289695e-07,1.07244597859494e-07,4.16849325213203e-07,1.52490405436382e-09,4.40058874005658e-09,1.28740118065546e-08,4.16347859102881e-07,1.52305943789618e-09,2.04406494796504e-08,7.49821555477334e-11
147.91083881682,4.12316518709021e-07,1.06021258699949e-07,4.12089230276338e-07,1.5074910705077e-09,4.40058874004803e-09,1.28740118065296e-08,4.11581964569144e-07,1.50562512067576e-09,2.04406494796106e-08,7.49821555475859e-11
151.35612484362,4.07613605941538e-07,1.0481197236663e-07,4.07383756989875e-07,1.49027790173693e-09,4.40058874003907e-09,1.28740118065033e-08,4.06870624778982e-07,1.48839037243422e-09,2.0440649479569e-08,7.49821555474332e-11
154.881661891247,4.02964721204436e-07,1.03616578563753e-07,4.02732281636835e-07,1.47326226642174e-09,4.40058874002969e-09,1.28740118064759e-08,4.02213215249407e-07,1.47135290872435e-09,2.04406494795254e-08,7.49821555472758e-11
158.48931924611,3.98369248268166e-07,1.0243491883676e-07,3.98134187657199e-07,1.45644190911368e-09,4.40058874001987e-09,1.28740118064472e-08,3.97609118645831e-07,1.45451047124873e-09,2.04406494794798e-08,7.49821555471101e-11
162.181009735892,3.93826577981986e-07,1.01266836551303e-07,3.93588865566173e-07,1.43981460024668e-09,4.40058874000958e-09,1.28740118064171e-08,3.93057724700236e-07,1.43786082756053e-09,2.0440649479432e-08,7.49821555469364e-11
165.958690743755,3.89336108193185e-07,1.0011217687248e-07,3.89095712873386e-07,1.42337813584137e-09,4.40058873999881e-09,1.28740118063856e-08,3.88558430130282e-07,1.42140177076744e-09,2.0440649479382e-08,7.49821555467512e-11
169.824365246173,3.84897243667244e-07,9.89707867443013e-08,3.84654134003012e-07,1.40713033721307e-09,4.40058873998753e-09,1.28740118063526e-08,3.84110638559348e-07,1.4051311192394e-09,2.04406494793296e-08,7.49821555465588e-11
173.780082874937,3.80509396008897e-07,9.78425148693927e-08,3.80263540214816e-07,1.39106905068278e-09,4.40058873997572e-09,1.2874011806318e-08,3.79713760437477e-07,1.38904671631918e-09,2.04406494792747e-08,7.49821555463595e-11
177.827941003891,3.76171983584117e-07,9.67272116889347e-08,3.75923349526097e-07,1.37519214729152e-09,4.40058873996335e-09,1.28740118062818e-08,3.75367212963237e-07,1.37314643003648e-09,2.04406494792173e-08,7.49821555461461e-11
181.970085860997,3.71884431442974e-07,9.56247293628286e-08,3.71632986634536e-07,1.35949752251858e-09,4.40058873995041e-09,1.2874011806244e-08,3.71070420006466e-07,1.35742815282571e-09,2.04406494791571e-08,7.49821555459266e-11
186.208713666285,3.67646171243403e-07,9.45349217500915e-08,3.67391882841914e-07,1.34398309600184e-09,4.40058873993685e-09,1.28740118062043e-08,3.66822812031912e-07,1.34188980124615e-09,2.04406494790942e-08,7.49821555456938e-11
190.546071796324,3.63456641175822e-07,9.34576443894759e-08,3.63199475978722e-07,1.32864681126256e-09,4.40058873992265e-09,1.28740118061627e-08,3.62623826023737e-07,1.32652931570619e-09,2.04406494790282e-08,7.49821555454521e-11
194.984459975803,3.59315285888637e-07,9.23927544803118e-08,3.59055210329622e-07,1.31348663543227e-09,4.40058873990778e-09,1.28740118061192e-08,3.58472905410894e-07,1.31134466019006e-09,2.04406494789591e-08,7.49821555451979e-11
199.526231496887,3.55221556414581e-07,9.13401108635681e-08,3.54958536559772e-07,1.29850055898353e-09,4.40058873989221e-09,1.28740118060737e-08,3.54369499993349e-07,1.29633382198813e-09,2.04406494788868e-08,7.49821555449319e-11
204.173794466952,3.51174910097918e-07,9.0299574003132e-08,3.5090891164199e-07,1.28368659546344e-09,4.40058873987591e-09,1.2874011806026e-08,3.5031306586916e-07,1.28149481143015e-09,2.04406494788111e-08,7.49821555446585e-11
208.929613085403,3.47174810522463e-07,8.92710059673023e-08,3.46905798784756e-07,1.26904278122999e-09,4.40058873985884e-09,1.28740118059761e-08,3.46303065362375e-07,1.26682566162116e-09,2.04406494787318e-08,7.49821555443665e-11
213.796208950222,3.43220727440443e-07,8.82542704104958e-08,3.4294866736104e-07,1.25456717519224e-09,4.40058873984096e-09,1.28740118059238e-08,3.42338966951769e-07,1.25232442818137e-09,2.04406494786488e-08,7.49821555440644e-11
218.776162394954,3.39312136702165e-07,8.72492325551629e-08,3.39036992837948e-07,1.24025785855231e-09,4.40058873982225e-09,1.2874011805869e-08,3.38420245200391e-07,1.23798918898784e-09,2.04406494785619e-08,7.49821555437412e-11
223.872113856832,3.35448520186495e-07,8.6255759173911e-08,3.35170256707167e-07,1.22611293455169e-09,4.40058873980265e-09,1.28740118058117e-08,3.34546380685917e-07,1.22381804392034e-09,2.04406494784708e-08,7.4982155543409e-11
229.086765276776,3.31629365732131e-07,8.52737185718329e-08,3.31347946416221e-07,1.21213052821901e-09,4.40058873978212e-09,1.28740118057516e-08,3.30716859931799e-07,1.20980911460884e-09,2.04406494783755e-08,7.49821555430608e-11
234.422881531991,3.27854167069669e-07,8.43029805690378e-08,3.27569555300505e-07,1.19830878612185e-09,4.40058873976063e-09,1.28740118056888e-08,3.26931175339209e-07,1.19596054418488e-09,2.04406494782757e-08,7.49821555426935e-11
239.883291901947,3.24122423754443e-07,8.33434164833827e-08,3.23834582516098e-07,1.18464587612098e-09,4.40058873973813e-09,1.28740118056229e-08,3.23188825119753e-07,1.18227049703554e-09,2.04406494781711e-08,7.49821555423117e-11
245.470891568501,3.2043364110014e-07,8.23948991134021e-08,3.20142532973359e-07,1.17113998712719e-09,4.40058873971457e-09,1.2874011805554e-08,3.19489313228961e-07,1.16873715855985e-09,2.04406494780617e-08,7.49821555419123e-11
251.188643150956,3.16787330113172e-07,8.14573027214331e-08,3.16492917271268e-07,1.15778932886122e-09,4.40058873968989e-09,1.28740118054818e-08,3.15832149300539e-07,1.15535873492837e-09,2.04406494779471e-08,7.49821555414883e-11
257.039578276885,3.13183007427805e-07,8.05305030169343e-08,3.12885251632536e-07,1.1445921316167e-09,4.40058873966405e-09,1.28740118054062e-08,3.12216848581366e-07,1.14213345284572e-09,2.0440649477827e-08,7.49821555410522e-11
263.026799189536,3.0962019524203e-07,7.96143771399959e-08,3.09319057839445e-07,1.13154664602474e-09,4.400588739637e-09,1.28740118053271e-08,3.08642931867249e-07,1.12905955931488e-09,2.04406494777014e-08,7.49821555405894e-11
269.15348039269,3.06098421254169e-07,7.8708803645039e-08,3.05793863170434e-07,1.11865114282271e-09,4.40058873960867e-09,1.28740118052442e-08,3.05109925439396e-07,1.11613532140557e-09,2.04406494775698e-08,7.49821555401086e-11
275.422870333815,3.02617218600205e-07,7.78136624847019e-08,3.02309200337413e-07,1.10590391262437e-09,4.400588739579e-09,1.28740118051574e-08,3.01617361001629e-07,1.10335902602396e-09,2.0440649477432e-08,7.49821555396031e-11
281.838293126443,2.99176125791842e-07,7.69288349939108e-08,2.98864607423786e-07,1.09330326569348e-09,4.40058873954794e-09,1.28740118050665e-08,2.98164775618315e-07,1.09072897968595e-09,2.04406494772877e-08,7.49821555390738e-11
288.403150312659,2.95774686655256e-07,7.60542038741333e-08,2.95459627823193e-07,1.0808475317196e-09,4.40058873951541e-09,1.28740118049714e-08,2.94751711652998e-07,1.07824350829261e-09,2.04406494771366e-08,7.49821555385217e-11
295.120922666636,2.92412450270572e-07,7.51896531778131e-08,2.92093810178956e-07,1.06853505959652e-09,4.40058873948135e-09,1.28740118048717e-08,2.91377716707746e-07,1.06590095690821e-09,2.04406494769784e-08,7.49821555379443e-11
301.9951720402,2.89088970912011e-07,7.43350682929821e-08,2.88766708324217e-07,1.05636421720322e-09,4.40058873944569e-09,1.28740118047674e-08,2.88042343563181e-07,1.05369968954078e-09,2.04406494768127e-08,7.4982155537331e-11
309.029543251357,2.85803807988743e-07,7.34903359280494e-08,2.85477881222757e-07,1.04433339118786e-09,4.40058873940834e-09,1.28740118046581e-08,2.84745150119203e-07,1.04163808892581e-09,2.04406494766393e-08,7.49821555366985e-11
316.227766016836,2.82556525986402e-07,7.2655344096765e-08,2.82226892910503e-07,1.03244098675304e-09,4.40058873936924e-09,1.28740118045437e-08,2.81485699336391e-07,1.029714556311e-09,2.04406494764576e-08,7.49821555360326e-11
323.593656929626,2.79346694409287e-07,7.1829982103355e-08,2.79013312437705e-07,1.02068542744491e-09,4.40058873932829e-09,1.28740118044239e-08,2.78263559178073e-07,1.01792751124512e-09,2.04406494762674e-08,7.49821555353386e-11
331.131121482589,2.76173887723209e-07,7.10141405278282e-08,2.75836713811768e-07,1.00906515494361e-09,4.40058873928541e-09,1.28740118042985e-08,2.75078302553058e-07,1.00627539136797e-09,2.04406494760682e-08,7.49821555346063e-11
338.8441561392,2.73037685299007e-07,7.02077112114499e-08,2.72696675940747e-07,9.97578628856975e-10,4.40058873924051e-09,1.28740118041671e-08,2.71929507259028e-07,9.94756652203774e-10,2.04406494758597e-08,7.49821555338409e-11
346.736850452529,2.69937671356702e-07,6.94105872423833e-08,2.69592782577492e-07,9.86224326515934e-10,4.40058873919349e-09,1.28740118040296e-08,2.68816755926577e-07,9.83369766956167e-10,2.04406494756413e-08,7.4982155533044e-11
354.813389233573,2.66873434910296e-07,6.86226629414944e-08,2.66524622264424e-07,9.75000742772424e-10,4.40058873914426e-09,1.28740118038856e-08,2.65739635963884e-07,9.72113226305723e-10,2.04406494754126e-08,7.49821555322058e-11
363.078054770099,2.638445697132e-07,6.78438338483204e-08,2.63491788278956e-07,9.63906389800012e-10,4.40058873909271e-09,1.28740118037347e-08,2.62697739502028e-07,9.60985538210211e-10,2.04406494751731e-08,7.49821555313277e-11
371.53522909717,2.6085067420429e-07,6.7073996707198e-08,2.60493878579531e-07,9.52939796896306e-10,4.40058873903873e-09,1.28740118035768e-08,2.59690663340927e-07,9.49985227706614e-10,2.04406494749224e-08,7.49821555304079e-11
380.189396320558,2.57891351454574e-07,6.63130494535509e-08,2.57530495752281e-07,9.4209951028793e-10,4.4005887389822e-09,1.28740118034114e-08,2.56718008895889e-07,9.39110836715728e-10,2.04406494746598e-08,7.4982155529448e-11
389.045144994278,2.54966209114485e-07,6.55608912003347e-08,2.54601246958304e-07,9.31384092937444e-10,4.40058873892301e-09,1.28740118032383e-08,2.53779382144785e-07,9.28360923848701e-10,2.04406494743849e-08,7.49821555284385e-11
398.107170553494,2.52074859361754e-07,6.48174222246361e-08,2.51705743881538e-07,9.20792124352964e-10,4.40058873886103e-09,1.2874011803057e-08,2.5087439357582e-07,9.17734064216269e-10,2.0440649474097e-08,7.49821555273813e-11
407.38027780411,2.49216918849906e-07,6.40825439544262e-08,2.48843602677231e-07,9.10322200399525e-10,4.40058873879613e-09,1.28740118028671e-08,2.48002658135902e-07,9.07228849239741e-10,2.04406494737956e-08,7.49821555262787e-11
416.869383470332,2.4639200865732e-07,6.33561589554652e-08,2.46014443921014e-07,8.99972933112615e-10,4.40058873872817e-09,1.28740118026683e-08,2.45163795179607e-07,8.96843886464155e-10,2.04406494734799e-08,7.49821555251212e-11
426.579518801589,2.43599754236892e-07,6.26381709183565e-08,2.43217892558544e-07,8.8974295051427e-10,4.40058873865701e-09,1.28740118024601e-08,2.42357428418721e-07,8.86577799373989e-10,2.04406494731494e-08,7.49821555239111e-11
436.515832240163,2.40839785366263e-07,6.19284846457495e-08,2.40453577855733e-07,8.79630896430756e-10,4.40058873858249e-09,1.28740118022421e-08,2.39583185872367e-07,8.76429227210476e-10,2.04406494728032e-08,7.49821555226432e-11
446.68359215096,2.38111736098617e-07,6.12270060396883e-08,2.37721133349545e-07,8.69635430312679e-10,4.40058873850447e-09,1.28740118020138e-08,2.36840699817698e-07,8.66396824791329e-10,2.04406494724408e-08,7.49821555213124e-11
457.088189614872,2.35415244714046e-07,6.05336420891054e-08,2.35020196799353e-07,8.59755227057185e-10,4.40058873842276e-09,1.28740118017748e-08,2.34129606741153e-07,8.56479262332567e-10,2.04406494720613e-08,7.49821555199251e-11
467.735141287195,2.32749953671465e-07,5.98483008574577e-08,2.32350410138865e-07,8.49988976831673e-10,4.40058873833721e-09,1.28740118015245e-08,2.31449547290279e-07,8.46675225271862e-10,2.04406494716639e-08,7.49821555184648e-11
478.630092322635,2.30115509561082e-07,5.91708914705045e-08,2.29711419428585e-07,8.40335384900495e-10,4.40058873824762e-09,1.28740118012624e-08,2.28800166226095e-07,8.36983414094865e-10,2.04406494712477e-08,7.49821555169423e-11
489.778819368442,2.27511563057407e-07,5.85013241042245e-08,2.27102874808833e-07,8.30793171452548e-10,4.40058873815381e-09,1.2874011800988e-08,2.26181112376007e-07,8.27402544162426e-10,2.0440649470812e-08,7.49821555153488e-11
501.187233627268,2.24937768872798e-07,5.78395099728713e-08,2.24524430453295e-07,8.21361071431587e-10,4.40058873805558e-09,1.28740118007006e-08,2.23592038587259e-07,8.17931345540546e-10,2.04406494703557e-08,7.49821555136762e-11
512.861383991361,2.22393785711538e-07,5.71853613171645e-08,2.21975744523107e-07,8.12037834368297e-10,4.40058873795272e-09,1.28740118003997e-08,2.21032601680922e-07,8.08568562832083e-10,2.04406494698779e-08,7.49821555119201e-11
524.807460249769,2.19879276224439e-07,5.65387913926166e-08,2.19456479121468e-07,8.02822224214337e-10,4.40058873784501e-09,1.28740118000846e-08,2.18502462406402e-07,7.99312955010437e-10,2.04406494693776e-08,7.49821555100878e-11
537.031796370249,2.17393906963957e-07,5.58997144579918e-08,2.16966300248766e-07,7.93713019177905e-10,4.40058873773223e-09,1.28740117997546e-08,2.16001285396474e-07,7.90163295254755e-10,2.04406494688538e-08,7.49821555081714e-11
549.54087385762,2.14937348339822e-07,5.52680457638974e-08,2.14504877758228e-07,7.84709011561607e-10,4.40058873761413e-09,1.28740117994091e-08,2.13528739122831e-07,7.81118370787453e-10,2.04406494683052e-08,7.49821555061594e-11
562.341325190345,2.12509274575178e-07,5.46437015415045e-08,2.12071885312064e-07,7.75809007602301e-10,4.40058873749046e-09,1.28740117990473e-08,2.11084495852137e-07,7.72176982713699e-10,2.04406494677308e-08,7.49821555040597e-11
575.439937337152,2.10109363663214e-07,5.40265989913977e-08,2.09667000338131e-07,7.67011827312041e-10,4.40058873736097e-09,1.28740117986685e-08,2.08668231602589e-07,7.63337945862023e-10,2.04406494671293e-08,7.49821555018533e-11
588.843655355584,2.07737297324298e-07,5.34166562725515e-08,2.07289903987074e-07,7.58316304321813e-10,4.40058873722538e-09,1.28740117982718e-08,2.06279626100974e-07,7.54600088627702e-10,2.04406494664994e-08,7.49821554995408e-11
602.559586074353,2.05392760963589e-07,5.28137924914318e-08,2.04940281089968e-07,7.49721285726406e-10,4.40058873708339e-09,1.28740117978564e-08,2.03918362740215e-07,7.45962252817299e-10,2.04406494658399e-08,7.49821554971268e-11
616.595001861477,2.03075443629138e-07,5.22179276912221e-08,2.0261782011645e-07,7.41225631931003e-10,4.40058873693471e-09,1.28740117974215e-08,2.01584128537405e-07,7.37423293494923e-10,2.04406494651493e-08,7.4982155494597e-11
630.957344480188,2.00785037970468e-07,5.16289828411715e-08,2.00322213133313e-07,7.32828216500017e-10,4.40058873677903e-09,1.2874011796966e-08,1.99276614092324e-07,7.28982078830733e-10,2.04406494644262e-08,7.49821554919448e-11
645.65422903465,1.9852124019761e-07,5.10468798260641e-08,1.98053155763589e-07,7.24527926007421e-10,4.400588736616e-09,1.28740117964891e-08,1.96995513546426e-07,7.20637489950954e-10,2.04406494636689e-08,7.49821554891755e-11
660.693448007591,1.96283750040623e-07,5.04715414358075e-08,1.95810347146093e-07,7.16323659888388e-10,4.4005887364453e-09,1.28740117959897e-08,1.94740524542298e-07,7.12388420789199e-10,2.0440649462876e-08,7.49821554862677e-11
676.082975391976,1.9407227070956e-07,4.990289135514e-08,1.93593489895429e-07,7.08214330293475e-10,4.40058873626655e-09,1.28740117954667e-08,1.92511348183584e-07,7.0423377794034e-10,2.04406494620457e-08,7.49821554832234e-11
691.830970918931,1.91886508854891e-07,4.9340854153454e-08,1.91402290062455e-07,7.00198861943692e-10,4.40058873607937e-09,1.28740117949192e-08,1.90307688995367e-07,6.96172480515288e-10,2.04406494611763e-08,7.49821554800372e-11
707.945784384132,1.89726174528378e-07,4.87853552747348e-08,1.89236457095199e-07,6.92276191987573e-10,4.40058873588338e-09,1.28740117943458e-08,1.88129254885001e-07,6.88203459997756e-10,2.04406494602659e-08,7.49821554767e-11
724.435960074984,1.87590981144389e-07,4.82363210276136e-08,1.87095703800223e-07,6.84445269859929e-10,4.40058873567815e-09,1.28740117937454e-08,1.85975757103399e-07,6.80325660102735e-10,2.04406494593126e-08,7.49821554732107e-11
741.310241300911,1.85480645441648e-07,4.76936785755323e-08,1.84979746304421e-07,6.76705057141914e-10,4.40058873546324e-09,1.28740117931167e-08,1.83846910206754e-07,6.72538036636279e-10,2.04406494583144e-08,7.49821554695533e-11
758.577575029177,1.83394887445424e-07,4.71573559270205e-08,1.82888304017261e-07,6.69054527423096e-10,4.40058873523821e-09,1.28740117924583e-08,1.81742432018709e-07,6.64839557357304e-10,2.04406494572691e-08,7.49821554657197e-11
776.247116628685,1.81333430430141e-07,4.66272819260809e-08,1.80821099593455e-07,6.61492666164923e-10,4.40058873500257e-09,1.28740117917689e-08,1.79662043592953e-07,6.57229201840799e-10,2.04406494561745e-08,7.49821554617136e-11
794.328234724275,1.79296000882411e-07,4.61033862426848e-08,1.78777858896054e-07,6.54018470565384e-10,4.40058873475583e-09,1.28740117910471e-08,1.77605469176245e-07,6.49705961342229e-10,2.04406494550284e-08,7.49821554575124e-11
812.830516164092,1.77282328464486e-07,4.55855993633729e-08,1.76758310959961e-07,6.46630949425981e-10,4.40058873449745e-09,1.28740117902912e-08,1.75572436171866e-07,6.4226883866427e-10,2.04406494538283e-08,7.49821554531167e-11
831.763771102664,1.75292145978114e-07,4.50738525819636e-08,1.74762187955865e-07,6.39329123019409e-10,4.4005887342269e-09,1.28740117894997e-08,1.73562675103485e-07,6.34916848024261e-10,2.04406494525716e-08,7.49821554485083e-11
851.138038202369,1.73325189328816e-07,4.45680779903643e-08,1.7278922515458e-07,6.32112022959416e-10,4.40058873394361e-09,1.28740117886709e-08,1.71575919579441e-07,6.27649014923838e-10,2.04406494512557e-08,7.4982155443685e-11
870.963589956073,1.71381197490547e-07,4.40682084694874e-08,1.70839160891796e-07,6.24978692071639e-10,4.40058873364695e-09,1.28740117878031e-08,1.69611906257433e-07,6.20464376019569e-10,2.04406494498777e-08,7.49821554386371e-11
891.250938133738,1.69459912470766e-07,4.35741776802666e-08,1.68911736533225e-07,6.17928184266146e-10,4.40058873333632e-09,1.28740117868943e-08,1.67670374809613e-07,6.13361978995296e-10,2.04406494484349e-08,7.49821554333516e-11
912.010839355902,1.67561079275892e-07,4.30859200547753e-08,1.67006696440145e-07,6.10959564411423e-10,4.40058873301105e-09,1.28740117859427e-08,1.6575106788808e-07,6.06340882435941e-10,2.0440649446924e-08,7.49821554278161e-11
933.254300796983,1.65684445877148e-07,4.26033707874436e-08,1.65123787935337e-07,6.04071908209758e-10,4.40058873267045e-09,1.28740117849463e-08,1.63853731090771e-07,5.99400155702722e-10,2.04406494453419e-08,7.49821554220184e-11
954.992586021428,1.63829763176783e-07,4.21264658263732e-08,1.63262761269407e-07,5.97264302074044e-10,4.40058873231379e-09,1.28740117839029e-08,1.6197811292774e-07,5.92538878809799e-10,2.04406494436852e-08,7.4982155415947e-11
977.237220955802,1.61996784974681e-07,4.16551418647505e-08,1.61423369587491e-07,5.90535843006001e-10,4.40058873194033e-09,1.28740117828103e-08,1.6012396478782e-07,5.85756142302357e-10,2.04406494419505e-08,7.4982155409595e-11
999.999999999991,1.60185267935328e-07,4.11893363323537e-08,1.59605368896335e-07,5.83885638475579e-10,4.40058873154927e-09,1.28740117816663e-08,1.58291040905671e-07,5.79051047135884e-10,2.0440649440134e-08,7.49821554029364e-11
1023.29299228075,1.58394971555158e-07,4.07289873871555e-08,1.57808518031755e-07,5.77312806302229e-10,4.40058873113978e-09,1.28740117804683e-08,1.56479098329208e-07,5.72422704557331e-10,2.04406494382319e-08,7.49821553959692e-11
1047.12854805089,1.56625658130256e-07,4.02740339070189e-08,1.56032578626453e-07,5.7081647453689e-10,4.40058873071098e-09,1.28740117792138e-08,1.54687896887393e-07,5.65870235987008e-10,2.04406494362402e-08,7.49821553886765e-11
1071.5193052376,1.54877092724422e-07,3.98244154814848e-08,1.54277315078209e-07,5.64395781345675e-10,4.40058873026198e-09,1.28740117779003e-08,1.52917199158404e-07,5.59392772902197e-10,2.04406494341546e-08,7.49821553810345e-11
1096.47819614317,1.53149043137586e-07,3.93800724036507e-08,1.52542494518427e-07,5.5804987489492e-10,4.40058872979182e-09,1.28740117765248e-08,1.51166770438161e-07,5.52989456722143e-10,2.04406494319707e-08,7.49821553730276e-11
1122.01845430195,1.5144127987457e-07,3.8940945662139e-08,1.50827886781035e-07,5.51777913237388e-10,4.40058872929951e-09,1.28740117750845e-08,1.49436378709221e-07,5.4665943869422e-10,2.04406494296839e-08,7.49821553646449e-11
1148.15362149687,1.49753576114204e-07,3.85069769331539e-08,1.4913326437174e-07,5.45579064199757e-10,4.40058872878398e-09,1.28740117735763e-08,1.47725794610021e-07,5.40401879781399e-10,2.04406494272893e-08,7.49821553558761e-11
1174.89755493952,1.4808570767877e-07,3.80781085726259e-08,1.47458402437623e-07,5.39452505271232e-10,4.40058872824417e-09,1.28740117719971e-08,1.46034791404477e-07,5.34215950550874e-10,2.04406494247819e-08,7.49821553466889e-11
1202.2644346174,1.46437453003789e-07,3.76542836084425e-08,1.45803078737084e-07,5.3339742349387e-10,4.40058872767891e-09,1.28740117703434e-08,1.44363144951933e-07,5.28100831064397e-10,2.04406494221563e-08,7.4982155337067e-11
1230.26877081237,1.44808593108135e-07,3.72354457327636e-08,1.44167073610119e-07,5.27413015353729e-10,4.40058872708701e-09,1.28740117686118e-08,1.42710633677446e-07,5.22055710769484e-10,2.04406494194069e-08,7.49821553269948e-11
1258.92541179416,1.43198911564482e-07,3.68215392944213e-08,1.42550169948933e-07,5.2149848667326e-10,4.40058872646722e-09,1.28740117667986e-08,1.41077038542423e-07,5.16079788391874e-10,2.0440649416528e-08,7.49821553164426e-11
1288.24955169312,1.41608194470064e-07,3.64125092914031e-08,1.40952153168883e-07,5.15653052505216e-10,4.40058872581822e-09,1.28740117648999e-08,1.3946214301558e-07,5.1017227182953e-10,2.04406494135134e-08,7.49821553053967e-11
1318.2567385564,1.4003623041776e-07,3.60083013634154e-08,1.39372811179747e-07,5.09875937027326e-10,4.40058872513863e-09,1.28740117629118e-08,1.37865733044249e-07,5.0433237804744e-10,2.04406494103567e-08,7.49821552938293e-11
1348.96288259164,1.38482810467492e-07,3.56088617845297e-08,1.37811934357311e-07,5.04166373438499e-10,4.40058872442701e-09,1.28740117608299e-08,1.36287597026001e-07,4.98559332973957e-10,2.04406494070513e-08,7.49821552817173e-11
1380.38426460287,1.36947728117931e-07,3.52141374559063e-08,1.36269315515277e-07,4.98523603855989e-10,4.40058872368185e-09,1.287401175865e-08,1.34727525780598e-07,4.92852371398143e-10,2.04406494035901e-08,7.49821552690348e-11
1412.53754462274,1.35430779278506e-07,3.48240758985983e-08,1.34744749877486e-07,4.9294687921377e-10,4.40058872290158e-09,1.28740117563673e-08,1.33185312522267e-07,4.87210736868347e-10,2.04406493999657e-08,7.49821552557533e-11
1445.43977074591,1.33931762241721e-07,3.44386252464318e-08,1.33238035050445e-07,4.87435459162092e-10,4.40058872208454e-09,1.2874011753977e-08,1.31660752832294e-07,4.81633681591982e-10,2.04406493961705e-08,7.49821552418494e-11
1479.10838816819,1.32450477655764e-07,3.40577342389633e-08,1.31748970996162e-07,4.81988611967975e-10,4.40058872122899e-09,1.28740117514741e-08,1.30153644631922e-07,4.7612046633629e-10,2.04406493921965e-08,7.49821552272854e-11
1513.56124843619,1.30986728497407e-07,3.3681352214512e-08,1.30277360005285e-07,4.76605614417108e-10,4.40058872033311e-09,1.28740117488532e-08,1.28663788155573e-07,4.70670360330526e-10,2.04406493880352e-08,7.49821552120365e-11
1548.81661891247,1.29540320045204e-07,3.33094291032665e-08,1.28823006670539e-07,4.71285751716562e-10,4.40058871939502e-09,1.28740117461088e-08,1.27190985924362e-07,4.65282641168996e-10,2.04406493836778e-08,7.49821551960755e-11
1584.8931924611,1.28111059852959e-07,3.29419154204647e-08,1.2738571786045e-07,4.66028317398536e-10,4.40058871841271e-09,1.2874011743235e-08,1.25735042719929e-07,4.59956594715165e-10,2.0440649379115e-08,7.49821551793496e-11
1621.81009735892,1.26698757723493e-07,3.25787622596459e-08,1.25965302693368e-07,4.60832613225716e-10,4.40058871738411e-09,1.28740117402258e-08,1.24295765558555e-07,4.54691515007403e-10,2.04406493743372e-08,7.49821551618461e-11
1659.58690743755,1.25303225682671e-07,3.22199212859742e-08,1.24561572511771e-07,4.55697949096768e-10,4.40058871630704e-09,1.28740117370748e-08,1.22872963665589e-07,4.49486704164912e-10,2.04406493693342e-08,7.49821551435115e-11
1698.24365246173,1.23924277953715e-07,3.18653447296321e-08,1.23174340856854e-07,4.50623642953774e-10,4.4005887151792e-09,1.28740117337753e-08,1.21466448450157e-07,4.44341472295625e-10,2.04406493640954e-08,7.49821551243169e-11
1737.80082874936,1.22561730931775e-07,3.15149853792832e-08,1.21803423443396e-07,4.45609020690028e-10,4.40058871399821e-09,1.28740117303203e-08,1.20076033480165e-07,4.39255137404508e-10,2.04406493586097e-08,7.49821551042162e-11
1778.27941003891,1.21215403158775e-07,3.11687965756026e-08,1.20448638134905e-07,4.40653416059227e-10,4.40058871276156e-09,1.28740117267024e-08,1.1870153445759e-07,4.34227025303296e-10,2.04406493528655e-08,7.49821550831685e-11
1819.70085860997,1.19885115298514e-07,3.08267322048757e-08,1.19109804919026e-07,4.35756170585461e-10,4.40058871146663e-09,1.28740117229141e-08,1.17342769194048e-07,4.29256469521071e-10,2.04406493468506e-08,7.49821550611276e-11
1862.08713666285,1.18570690112024e-07,3.04887466926617e-08,1.17786745883234e-07,4.30916633474287e-10,4.40058871011067e-09,1.28740117189472e-08,1.15999557586648e-07,4.24342811215959e-10,2.04406493405522e-08,7.49821550380489e-11
1905.46071796323,1.17271952433188e-07,3.01547949975236e-08,1.16479285190769e-07,4.26134161524705e-10,4.40058870869081e-09,1.28740117147934e-08,1.14671721594118e-07,4.19485399087783e-10,2.04406493339569e-08,7.49821550138862e-11
1949.84459975803,1.159887291446e-07,2.98248326048214e-08,1.15187249056855e-07,4.2140811904205e-10,4.40058870720403e-09,1.28740117104438e-08,1.13359085213204e-07,4.14683589291675e-10,2.04406493270509e-08,7.498215498858e-11
1995.26231496886,1.14720849153677e-07,2.94988155205695e-08,1.13910465725158e-07,4.16737877752014e-10,4.40058870564718e-09,1.28740117058892e-08,1.12061474455347e-07,4.09936745352859e-10,2.04406493198193e-08,7.49821549620809e-11
2041.73794466951,1.1346814336901e-07,2.91767002653557e-08,1.12648765444507e-07,4.12122816715363e-10,4.40058870401696e-09,1.28740117011199e-08,1.10778717323615e-07,4.05244238082183e-10,2.0440649312247e-08,7.49821549343303e-11
2089.29613085402,1.12230444676955e-07,2.88584438683223e-08,1.11401980445868e-07,4.07562322243762e-10,4.40058870230991e-09,1.28740116961259e-08,1.09510643789905e-07,4.00605445492806e-10,2.04406493043178e-08,7.49821549052758e-11
2137.96208950221,1.11007587918459e-07,2.85440038612068e-08,1.10169944919555e-07,4.03055787816332e-10,4.40058870052241e-09,1.28740116908965e-08,1.08257085772411e-07,3.96019752717673e-10,2.04406492960149e-08,7.49821548748561e-11
2187.76162394953,1.09799409866119e-07,2.82333382724429e-08,1.08952494992694e-07,3.98602613997162e-10,4.40058869865067e-09,1.28740116854207e-08,1.07017877113339e-07,3.91486551927996e-10,2.04406492873207e-08,7.49821548429976e-11
2238.72113856832,1.08605749201466e-07,2.79264056213196e-08,1.07749468706924e-07,3.9420220835387e-10,4.40058869669071e-09,1.28740116796868e-08,1.05792853556889e-07,3.87005242252829e-10,2.04406492782167e-08,7.49821548096405e-11
2290.86765276775,1.07426446492474e-07,2.76231649121985e-08,1.06560705996333e-07,3.89853985376731e-10,4.40058869463838e-09,1.28740116736827e-08,1.04581852727476e-07,3.82575229699286e-10,2.04406492686837e-08,7.49821547747132e-11
2344.2288153199,1.06261344171293e-07,2.73235756287872e-08,1.0538604866563e-07,3.85557366398834e-10,4.40058869248933e-09,1.28740116673956e-08,1.03384714108215e-07,3.78195927073826e-10,2.04406492587014e-08,7.49821547381353e-11
2398.83291901947,1.05110286512196e-07,2.70275977284692e-08,1.04225340368546e-07,3.81311779517152e-10,4.400588690239e-09,1.28740116608122e-08,1.02201279019636e-07,3.73866753904525e-10,2.04406492482486e-08,7.49821546998375e-11
2454.70891568501,1.0397311960974e-07,2.67351916366887e-08,1.03078426586465e-07,3.77116659514189e-10,4.40058868788262e-09,1.28740116539186e-08,1.01031390598659e-07,3.69587136363977e-10,2.04406492373033e-08,7.49821546597309e-11
2511.88643150955,1.02849691357139e-07,2.64463182413888e-08,1.0194515460727e-07,3.72971447780737e-10,4.40058868541518e-09,1.28740116467e-08,9.98748937777976e-08,3.65356507193372e-10,2.04406492258421e-08,7.49821546177341e-11
2570.39578276884,1.01739851424844e-07,2.61609388875045e-08,1.00825373504424e-07,3.68875592239203e-10,4.40058868283145e-09,1.28740116391413e-08,9.87316352646064e-08,3.61174305627215e-10,2.04406492138407e-08,7.49821545737539e-11
2630.26799189535,1.00643451239326e-07,2.58790153715061e-08,9.97189341162507e-08,3.64828547267951e-10,4.40058868012596e-09,1.28740116312263e-08,9.76014635213612e-08,3.57039977319104e-10,2.04406492012738e-08,7.4982154527709e-11
2691.53480392689,9.95603439620603e-08,2.5600509935996e-08,9.86256890254459e-08,3.60829773626105e-10,4.40058867729296e-09,1.28740116229383e-08,9.64842287449736e-08,3.52952974268074e-10,2.04406491881145e-08,7.49821544794912e-11
2754.22870333814,9.84903844687053e-08,2.5325385264355e-08,9.75454925387881e-08,3.56878738379505e-10,4.40058867432645e-09,1.28740116142597e-08,9.53797828471344e-08,3.48912754746129e-10,2.04406491743351e-08,7.49821544290006e-11
2818.38293126442,9.74334293284795e-08,2.50536044754389e-08,9.64782006670622e-08,3.52974914827157e-10,4.40058867122013e-09,1.28740116051721e-08,9.42879794346848e-08,3.4491878322636e-10,2.04406491599063e-08,7.49821543761305e-11
2884.03150312657,9.63893367837261e-08,2.47851311183241e-08,9.54236711051867e-08,3.4911778242852e-10,4.40058866796741e-09,1.28740115956562e-08,9.32086737902118e-08,3.40970530311967e-10,2.04406491447975e-08,7.4982154320767e-11
2951.20922666635,9.53579667296662e-08,2.45199291671016e-08,9.4381763212542e-08,3.45306826731557e-10,4.40058866456139e-09,1.28740115856919e-08,9.21417228528662e-08,3.37067472666122e-10,2.04406491289766e-08,7.49821542627976e-11
3019.95172040198,9.4339180694336e-08,2.42579630157177e-08,9.33523379934984e-08,3.41541539301427e-10,4.40058866099486e-09,1.28740115752579e-08,9.10869851993998e-08,3.33209092942556e-10,2.04406491124102e-08,7.49821542020996e-11
3090.29543251356,9.33328418187061e-08,2.39991974728625e-08,9.23352580781384e-08,3.37821417649913e-10,4.40058865726024e-09,1.28740115643322e-08,9.00443210254202e-08,3.29394879716947e-10,2.04406490950629e-08,7.49821541385327e-11
3162.27766016834,9.23388148369782e-08,2.37435977569034e-08,9.13303877031721e-08,3.34145965165735e-10,4.40058865334961e-09,1.28740115528916e-08,8.90135921268591e-08,3.25624327419293e-10,2.04406490768981e-08,7.49821540719738e-11
3235.93656929625,9.13569660570581e-08,2.34911294908637e-08,9.03375926930422e-08,3.30514691045218e-10,4.40058864925468e-09,1.28740115409118e-08,8.79946618816545e-08,3.21896936266711e-10,2.04406490578773e-08,7.49821540022749e-11
3311.31121482588,9.03871633412002e-08,2.32417586974461e-08,8.93567404412149e-08,3.26927110223982e-10,4.40058864496677e-09,1.28740115283674e-08,8.69873952316403e-08,3.18212212197343e-10,2.044064903796e-08,7.49821539292982e-11
3388.44156139199,8.94292760868219e-08,2.2995451794099e-08,8.83876998916553e-08,3.23382743308967e-10,4.40058864047677e-09,1.28740115152318e-08,8.59916586646454e-08,3.14569666804695e-10,2.0440649017104e-08,7.49821538528742e-11
3467.36850452528,8.84831752074848e-08,2.27521755881267e-08,8.74303415204829e-08,3.19881116511514e-10,4.40058863577516e-09,1.28740115014771e-08,8.50073201967962e-08,3.1096881727311e-10,2.04406489952651e-08,7.49821537728514e-11
3548.13389233572,8.75487331140396e-08,2.25118972718403e-08,8.64845373178051e-08,3.16421761580721e-10,4.40058863085197e-09,1.28740114870743e-08,8.40342493550223e-08,3.07409186313612e-10,2.0440648972397e-08,7.4982153689059e-11
3630.78054770097,8.66258236959318e-08,2.22745844177517e-08,8.55501607697261e-08,3.13004215737667e-10,4.40058862569676e-09,1.28740114719926e-08,8.30723171597625e-08,3.03890302100708e-10,2.04406489484512e-08,7.49821536013217e-11
3715.35229097168,8.57143223026664e-08,2.20402049738068e-08,8.46270868405273e-08,3.09628021610117e-10,4.40058862029859e-09,1.28740114562001e-08,8.21213961078682e-08,3.00411698209776e-10,2.04406489233768e-08,7.49821535094419e-11
3801.89396320557,8.4814105725428e-08,2.18087272586597e-08,8.37151919550175e-08,3.06292727168075e-10,4.40058861464602e-09,1.28740114396634e-08,8.11813601557036e-08,2.9697291355538e-10,2.04406488971207e-08,7.49821534132336e-11
3890.45144994276,8.3925052178854e-08,2.15801199569861e-08,8.28143539810501e-08,3.02997885659669e-10,4.40058860872704e-09,1.28740114223473e-08,8.0252084702438e-08,2.93573492330033e-10,2.04406488696272e-08,7.49821533124928e-11
3981.07170553493,8.30470412829592e-08,2.13543521148353e-08,8.19244522122035e-08,2.99743055547787e-10,4.40058860252912e-09,1.28740114042152e-08,7.93334465735302e-08,2.90212983943802e-10,2.04406488408379e-08,7.49821532070013e-11
4073.80277804108,8.21799540452078e-08,2.11313931350206e-08,8.10453673506231e-08,2.96527800447321e-10,4.40058859603909e-09,1.28740113852285e-08,7.84253240044018e-08,2.86890942964628e-10,2.04406488106919e-08,7.4982153096539e-11
4168.69383470331,8.13236728427318e-08,2.09112127725465e-08,8.01769814900221e-08,2.93351689062923e-10,4.4005885892432e-09,1.2874011365347e-08,7.75275966242976e-08,2.83606929059256e-10,2.04406487791251e-08,7.49821529808764e-11
4265.79518801588,8.04780814046933e-08,2.06937811300743e-08,7.93191780988378e-08,2.90214295127282e-10,4.40058858212703e-09,1.28740113445285e-08,7.66401454403298e-08,2.80360506934806e-10,2.04406487460706e-08,7.49821528597559e-11
4365.15832240161,7.96430647947868e-08,2.04790686534222e-08,7.84718420035414e-08,2.8711519734019e-10,4.40058857467549e-09,1.28740113227288e-08,7.57628528217062e-08,2.77151246281216e-10,2.04406487114584e-08,7.4982152732931e-11
4466.83592150958,7.88185093938828e-08,2.02670461271025e-08,7.76348593720987e-08,2.84053979307852e-10,4.40058856687276e-09,1.28740112999018e-08,7.48956024841377e-08,2.73978721714072e-10,2.04406486752148e-08,7.49821526001278e-11
4570.8818961487,7.80043028828062e-08,2.00576846698937e-08,7.68081176975791e-08,2.81030229482958e-10,4.4005885587023e-09,1.28740112759989e-08,7.40382794744253e-08,2.70842512718277e-10,2.04406486372632e-08,7.49821524610615e-11
4677.35141287193,7.72003342252518e-08,1.98509557304472e-08,7.599150578191e-08,2.78043541105261e-10,4.40058855014678e-09,1.28740112509696e-08,7.31907701552227e-08,2.67742203592366e-10,2.0440648597523e-08,7.49821523154481e-11
4786.30092322633,7.64064936508313e-08,1.96468310829283e-08,7.51849137197749e-08,2.75093512142526e-10,4.40058854118806e-09,1.28740112247607e-08,7.23529621899738e-08,2.6467738339329e-10,2.04406485559099e-08,7.49821521629746e-11
4897.78819368441,7.56226726382528e-08,1.94452828226912e-08,7.43882328826524e-08,2.72179745232136e-10,4.40058853180711e-09,1.28740111973165e-08,7.15247445280225e-08,2.61647645881983e-10,2.04406485123356e-08,7.49821520033069e-11
5011.87233627267,7.48487638986292e-08,1.92462833619866e-08,7.36013559029933e-08,2.69301847623264e-10,4.40058852198407e-09,1.2874011168579e-08,7.07060073898927e-08,2.586525894696e-10,2.04406484667077e-08,7.49821518361137e-11
5128.61383991359,7.40846613589147e-08,1.90498054257035e-08,7.28241766585346e-08,2.66459431119379e-10,4.40058851169807e-09,1.28740111384871e-08,6.98966422527375e-08,2.55691817164224e-10,2.04406484189295e-08,7.4982151661048e-11
5248.07460249767,7.33302601454675e-08,1.88558220471418e-08,7.20565902567468e-08,2.63652112021255e-10,4.40058850092731e-09,1.2874011106977e-08,6.90965418359538e-08,2.5276493651818e-10,2.04406483688995e-08,7.49821514777286e-11
5370.31796370247,7.25854565677377e-08,1.86643065638185e-08,7.12984930194138e-08,2.60879511070615e-10,4.40058848964894e-09,1.28740110739819e-08,6.83056000869627e-08,2.49871559576118e-10,2.04406483165117e-08,7.49821512857676e-11
5495.40873857618,7.18501481020779e-08,1.84752326133048e-08,7.05497824673409e-08,2.58141253394146e-10,4.40058847783904e-09,1.28740110394318e-08,6.75237121671522e-08,2.47011302823578e-10,2.04406482616549e-08,7.49821510847675e-11
5623.41325190343,7.11242333756767e-08,1.82885741290949e-08,6.98103573051917e-08,2.55436968447869e-10,4.40058846547255e-09,1.28740110032534e-08,6.67507744379804e-08,2.44183787136049e-10,2.04406482042128e-08,7.49821508742872e-11
5754.3993733715,7.04076121506128e-08,1.81043053365056e-08,6.90801174064494e-08,2.52766289962254e-10,4.40058845252325e-09,1.287401096537e-08,6.59866844472385e-08,2.4138863772887e-10,2.04406481440636e-08,7.49821506538892e-11
5888.43655355582,6.97001853080293e-08,1.79224007486075e-08,6.83589637985017e-08,2.50128855887492e-10,4.40058843896367e-09,1.28740109257011e-08,6.52313409154704e-08,2.38625484107445e-10,2.04406480810796e-08,7.49821504231059e-11
6025.59586074351,6.90018548324266e-08,1.77428351621858e-08,6.76467986478469e-08,2.47524308339351e-10,4.40058842476504e-09,1.28740108841628e-08,6.44846437225485e-08,2.35893960018144e-10,2.04406480151272e-08,7.49821501814402e-11
6165.95001861475,6.83125237960737e-08,1.75655836537322e-08,6.69435252454193e-08,2.44952293545525e-10,4.40058840989725e-09,1.28740108406668e-08,6.37464938944022e-08,2.33193703399834e-10,2.04406479460667e-08,7.49821499283901e-11
6309.57344480186,6.76320963435368e-08,1.73906215754669e-08,6.62490479920325e-08,2.42412461792224e-10,4.40058839432877e-09,1.28740107951209e-08,6.3016793589899e-08,2.30524356335768e-10,2.04406478737513e-08,7.49821496634108e-11
6456.54229034648,6.6960477676325e-08,1.721792455139e-08,6.55632723839379e-08,2.39904467371402e-10,4.40058837802657e-09,1.28740107474284e-08,6.22954460878755e-08,2.27885565006254e-10,2.04406477980279e-08,7.49821493859465e-11
6606.93448007588,6.62975740376516e-08,1.7047468473364e-08,6.48861049984974e-08,2.37427968528225e-10,4.40058836095606e-09,1.28740106974883e-08,6.15823557743172e-08,2.25276979641672e-10,2.04406477187358e-08,7.4982149095405e-11
6760.82975391974,6.56432926973123e-08,1.68792294972249e-08,6.42174534799691e-08,2.34982627409071e-10,4.40058834308105e-09,1.28740106451946e-08,6.08774281296842e-08,2.22698254476161e-10,2.04406476357067e-08,7.49821487911704e-11
6918.30970918928,6.49975419366783e-08,1.67131840389238e-08,6.3557226525402e-08,2.32568110009878e-10,4.40058832436362e-09,1.28740105904364e-08,6.01805697163831e-08,2.20149047701778e-10,2.04406475487646e-08,7.49821484725998e-11
7079.45784384129,6.43602310338051e-08,1.65493087706981e-08,6.2905333870642e-08,2.30184086124881e-10,4.40058830476406e-09,1.28740105330975e-08,5.94916881663811e-08,2.17629021423168e-10,2.0440647457725e-08,7.4982148139014e-11
7244.35960074981,6.37312702486579e-08,1.63875806172722e-08,6.22616862764439e-08,2.27830229295791e-10,4.40058828424081e-09,1.28740104730563e-08,5.88106921689631e-08,2.15137841612803e-10,2.04406473623949e-08,7.49821477897058e-11
7413.10241300908,6.31105708084512e-08,1.62279767520882e-08,6.16261955146909e-08,2.25506216761336e-10,4.40058826275032e-09,1.28740104101854e-08,5.81374914586278e-08,2.12675178066707e-10,2.0440647262572e-08,7.49821474239379e-11
7585.77575029174,6.2498044893106e-08,1.60704745935665e-08,6.09987743547186e-08,2.23211729407136e-10,4.40058824024702e-09,1.28740103443515e-08,5.74719968031231e-08,2.10240704360638e-10,2.04406471580446e-08,7.49821470409252e-11
7762.47116628682,6.18936056208224e-08,1.5915051801396e-08,6.03793365497425e-08,2.20946451716107e-10,4.40058821668316e-09,1.2874010275415e-08,5.68141199916182e-08,2.07834097806918e-10,2.04406470485909e-08,7.4982146639867e-11
7943.28234724272,6.129716703377e-08,1.57616862728553e-08,5.97677968233891e-08,2.18710071719031e-10,4.40058819200879e-09,1.28740102032296e-08,5.6163773823011e-08,2.05455039411547e-10,2.04406469339789e-08,7.49821462199062e-11
8128.30516164089,6.07086440838957e-08,1.56103561391626e-08,5.91640708563279e-08,2.1650228094568e-10,4.40058816617154e-09,1.28740101276422e-08,5.55208720943692e-08,2.03103213831997e-10,2.04406468139654e-08,7.49821457801543e-11
8317.63771102661,6.01279526188504e-08,1.5461039761858e-08,5.85680752730041e-08,2.14322774376209e-10,4.40058813911662e-09,1.28740100484925e-08,5.48853295895045e-08,2.00778309335381e-10,2.04406466882958e-08,7.49821453196776e-11
8511.38038202366,5.95550093680349e-08,1.53137157292153e-08,5.79797276284716e-08,2.12171250392945e-10,4.40058811078664e-09,1.28740099656126e-08,5.42570620676762e-08,1.98480017757139e-10,2.04406465567036e-08,7.49821448374994e-11
8709.6358995607,5.89897319287674e-08,1.51683628526851e-08,5.73989463953238e-08,2.10047410732545e-10,4.40058808112151e-09,1.28740098788267e-08,5.36359862524254e-08,1.96208034460192e-10,2.04406464189097e-08,7.49821443325975e-11
8912.50938133734,5.84320387525719e-08,1.50249601633695e-08,5.68256509507243e-08,2.07950960438475e-10,4.40058805005831e-09,1.28740097879506e-08,5.30220198205364e-08,1.93962058294544e-10,2.04406462746217e-08,7.49821438038955e-11
9120.10839355898,5.78818491315911e-08,1.48834869085287e-08,5.6259761563534e-08,2.05881607813937e-10,4.40058801753115e-09,1.28740096927917e-08,5.24150813911241e-08,1.91741791557413e-10,2.04406461235337e-08,7.49821432502794e-11
9332.54300796979,5.73390831851233e-08,1.47439225481191e-08,5.57011993815356e-08,2.03839064375027e-10,4.40058798347102e-09,1.28740095931482e-08,5.18150905148473e-08,1.89546939953712e-10,2.04406459653251e-08,7.49821426705739e-11
9549.92586021424,5.68036618462873e-08,1.46062467513648e-08,5.51498864187555e-08,2.01823044804324e-10,4.4005879478057e-09,1.28740094888085e-08,5.12219676632444e-08,1.87377212557052e-10,2.04406457996603e-08,7.49821420635439e-11
9772.37220955798,5.62755068488143e-08,1.44704393933614e-08,5.46057455428815e-08,1.99833266904869e-10,4.40058791045952e-09,1.28740093795515e-08,5.06356342181919e-08,1.85232321771222e-10,2.04406456261881e-08,7.49821414279088e-11
9999.99999999987,5.57545407139717e-08,1.43364805517139e-08,5.40687004627772e-08,1.97869451554397e-10,4.40058787135327e-09,1.28740092651454e-08,5.00560124614828e-08,1.8311198329202e-10,2.04406454445403e-08,7.49821407623225e-11
10232.9299228074,5.52406867376184e-08,1.42043505032086e-08,5.35386757160923e-08,1.9593132265995e-10,4.400587830404e-09,1.28740091453475e-08,4.94830255645253e-08,1.81015916069544e-10,2.04406452543317e-08,7.49821400653597e-11
10471.2854805089,5.47338689773954e-08,1.40740297205195e-08,5.30155966569698e-08,1.94018607112964e-10,4.40058778752486e-09,1.28740090199037e-08,4.89165975781586e-08,1.78943842271029e-10,2.04406450551589e-08,7.49821393355503e-11
10715.1930523759,5.42340122400537e-08,1.39454988689501e-08,5.24993894438482e-08,1.92131034744535e-10,4.40058774262488e-09,1.28740088885479e-08,4.83566534225853e-08,1.76895487243945e-10,2.04406448465994e-08,7.49821385713475e-11
10964.7819614317,5.3741042068922e-08,1.38187388032112e-08,5.19899810273623e-08,1.90268338281145e-10,4.40058769560883e-09,1.28740087510015e-08,4.78031188774194e-08,1.74870579479622e-10,2.04406446282108e-08,7.49821377711345e-11
11220.1845430195,5.32548847315159e-08,1.36937305642349e-08,5.14872991383393e-08,1.88430253300667e-10,4.40058764637699e-09,1.28740086069727e-08,4.72559205718479e-08,1.72868850577205e-10,2.04406443995298e-08,7.49821369332013e-11
11481.5362149687,5.27754672072928e-08,1.3570455376027e-08,5.09912722758932e-08,1.8661651818887e-10,4.40058759482492e-09,1.28740084561561e-08,4.67149859749054e-08,1.7089003520817e-10,2.04406441600715e-08,7.49821360557784e-11
11748.9755493951,5.23027171755547e-08,1.34488946425558e-08,5.05018296956171e-08,1.84826874096135e-10,4.40058754084328e-09,1.28740082982317e-08,4.6180243385859e-08,1.68933871081094e-10,2.04406439093278e-08,7.49821351370097e-11
12022.644346174,5.18365630035015e-08,1.33290299446808e-08,5.00189013978746e-08,1.83061064894553e-10,4.40058748431757e-09,1.28740081328646e-08,4.56516219247048e-08,1.67000098906857e-10,2.04406436467669e-08,7.49821341749333e-11
12302.6877081237,5.13769337344376e-08,1.32108430371212e-08,4.95424181161899e-08,1.81318837135531e-10,4.40058742512789e-09,1.2874007959704e-08,4.51290515227714e-08,1.65088462364362e-10,2.0440643371832e-08,7.49821331675198e-11
12589.2541179415,5.09237590761368e-08,1.30943158454635e-08,4.90723113057396e-08,1.79599940007572e-10,4.40058736314868e-09,1.28740077783826e-08,4.46124629134327e-08,1.63198708066478e-10,2.04406430839398e-08,7.49821321126305e-11
12882.4955169312,5.04769693893661e-08,1.29794304632117e-08,4.86085131319458e-08,1.77904125294545e-10,4.40058729824848e-09,1.28740075885157e-08,4.41017876229253e-08,1.61330585526468e-10,2.04406427824796e-08,7.49821310080213e-11
13182.5673855639,5.00364956765733e-08,1.28661691488784e-08,4.81509564591711e-08,1.76231147334347e-10,4.40058723028964e-09,1.28740073897008e-08,4.35969579612724e-08,1.59483847124825e-10,2.04406424668121e-08,7.49821298513551e-11
13489.6288259164,4.96022695707417e-08,1.27545143231199e-08,4.76995748395195e-08,1.74580762977852e-10,4.400587159128e-09,1.28740071815159e-08,4.30979070133105e-08,1.57658248076393e-10,2.04406421362677e-08,7.49821286401718e-11
13803.8426460287,4.91742233244146e-08,1.26444485659139e-08,4.72543025017409e-08,1.72952731548376e-10,4.40058708461262e-09,1.28740069635197e-08,4.26045686298196e-08,1.55853546397979e-10,2.04406417901452e-08,7.49821273719125e-11
14125.3754462274,4.87522897988937e-08,1.25359546137831e-08,4.68150743402443e-08,1.71346814801412e-10,4.40058700658544e-09,1.28740067352496e-08,4.21168774187542e-08,1.54069502876227e-10,2.04406414277104e-08,7.49821260438898e-11
14454.3977074591,4.8336402453615e-08,1.24290153570632e-08,4.63818259042185e-08,1.69762776884791e-10,4.40058692488095e-09,1.28740064962214e-08,4.16347687365751e-08,1.52305881035883e-10,2.04406410481947e-08,7.49821246532705e-11
14791.0838816819,4.79264953357042e-08,1.23236138372184e-08,4.59544933868643e-08,1.68200384299386e-10,4.40058683932586e-09,1.28740062459283e-08,4.11581786796805e-08,1.50562447108547e-10,2.0440640650793e-08,7.49821231971153e-11
15135.6124843619,4.75225030697182e-08,1.22197332442037e-08,4.55330136147379e-08,1.66659405860031e-10,4.40058674973869e-09,1.28740059838392e-08,4.06870440759342e-08,1.4883897000159e-10,2.04406402346623e-08,7.49821216723312e-11
15488.1661891246,4.71243608475726e-08,1.21173569138757e-08,4.511732403721e-08,1.65139612657002e-10,4.40058665592941e-09,1.28740057093982e-08,4.02213024762925e-08,1.47135221267579e-10,2.044063979892e-08,7.49821200756892e-11
15848.9319246109,4.67320044186621e-08,1.20164683254524e-08,4.47073627160397e-08,1.63640778017835e-10,4.40058655769904e-09,1.28740054220233e-08,3.97608921465248e-08,1.45450975073946e-10,2.04406393426418e-08,7.4982118403796e-11
16218.1009735891,4.63453700801744e-08,1.1917051099024e-08,4.43030683150684e-08,1.62162677469681e-10,4.40058645483922e-09,1.28740051211048e-08,3.93057520590307e-08,1.437860081731e-10,2.04406388648599e-08,7.49821166531125e-11
16595.8690743754,4.5964394667604e-08,1.18190889931134e-08,4.39043800900336e-08,1.60705088702001e-10,4.40058634713177e-09,1.28740048060045e-08,3.88558218847496e-08,1.421400998728e-10,2.04406383645609e-08,7.49821148199259e-11
16982.4365246172,4.55890155454665e-08,1.17225659022898e-08,4.35112378785065e-08,1.5926779152975e-10,4.40058623434824e-09,1.2874004476054e-08,3.84110419851635e-08,1.40513032006877e-10,2.04406378406836e-08,7.49821129003344e-11
17378.0082874935,4.52191705982191e-08,1.16274658548344e-08,4.31235820899544e-08,1.57850567857129e-10,4.4005861162494e-09,1.28740041305534e-08,3.7971353404391e-08,1.38904588906399e-10,2.04406372921168e-08,7.49821108902818e-11
17782.794100389,4.48547982213889e-08,1.15337730104605e-08,4.27413536959322e-08,1.56453201641613e-10,4.40058599258473e-09,1.28740037687699e-08,3.75366978613719e-08,1.37314557370989e-10,2.04406367176968e-08,7.49821087855001e-11
18197.0085860996,4.44958373129145e-08,1.1441471658087e-08,4.23644942204044e-08,1.55075478858595e-10,4.40058586309195e-09,1.28740033899362e-08,3.71070177421409e-08,1.35742726640586e-10,2.04406361162053e-08,7.49821065815144e-11
18620.8713666284,4.41422272647005e-08,1.13505462136686e-08,4.19929457302001e-08,1.53717187466566e-10,4.40058572749636e-09,1.28740029932485e-08,3.66822560921902e-08,1.3418888836757e-10,2.04406354863665e-08,7.49821042736669e-11
19054.6071796322,4.3793907954392e-08,1.12609812180806e-08,4.16266508256046e-08,1.52378117372608e-10,4.40058558551037e-09,1.28740025778656e-08,3.6262356608919e-08,1.32652836589041e-10,2.04406348268443e-08,7.49821018570533e-11
19498.4459975802,4.34508197373687e-08,1.11727613350621e-08,4.12655526310902e-08,1.51058060398592e-10,4.4005854368328e-09,1.28740021429064e-08,3.58472636341697e-08,1.31134367699578e-10,2.04406341362398e-08,7.49820993265481e-11
19952.6231496885,4.31129034389637e-08,1.10858713492154e-08,4.09095947861882e-08,1.497568102478e-10,4.40058528114829e-09,1.28740016874482e-08,3.54369221468493e-08,1.29633280424237e-10,2.04406334130883e-08,7.49820966767839e-11
20417.379446695,4.27801003469077e-08,1.10002961640648e-08,4.05587214365061e-08,1.48474162472102e-10,4.40058511812661e-09,1.2874001210525e-08,3.50312777556352e-08,1.28149375791858e-10,2.04406326558557e-08,7.49820939021391e-11
20892.9613085401,4.24523522040027e-08,1.09160208001729e-08,4.02128772248923e-08,1.47209914439677e-10,4.40058494742197e-09,1.28740007111251e-08,3.46302766917647e-08,1.26682457108693e-10,2.0440631862936e-08,7.49820909967258e-11
21379.620895022,4.21296012010263e-08,1.08330303933182e-08,3.98720072827513e-08,1.45963865303329e-10,4.4005847686723e-09,1.28740001881893e-08,3.42338658019066e-08,1.25232329932359e-10,2.04406310326472e-08,7.49820879543983e-11
21877.6162394952,4.18117899698692e-08,1.07513101927307e-08,3.95360572215126e-08,1.44735815969207e-10,4.40058458149843e-09,1.28739996406083e-08,3.38419925411144e-08,1.23798802045962e-10,2.04406301632283e-08,7.49820847686763e-11
22387.2113856831,4.14988615769076e-08,1.06708455593896e-08,3.92049731242559e-08,1.43525569066388e-10,4.40058438550336e-09,1.28739990672208e-08,3.34546049658605e-08,1.22381683432747e-10,2.04406292528349e-08,7.49820814328157e-11
22908.6765276774,4.11907595166126e-08,1.05916219643806e-08,3.88787015374956e-08,1.42332928916801e-10,4.40058418027135e-09,1.28739984668104e-08,3.30716517271494e-08,1.20980786250841e-10,2.04406282995362e-08,7.4982077939753e-11
23442.2881531989,4.08874277053962e-08,1.05136249873154e-08,3.85571894631282e-08,1.41157701505778e-10,4.40058396536709e-09,1.28739978381036e-08,3.26930820637104e-08,1.19595924808305e-10,2.04406273013101e-08,7.49820742820617e-11
23988.3291901946,4.05888104756982e-08,1.04368403148124e-08,3.82403843505444e-08,1.39999694453373e-10,4.40058374033473e-09,1.28739971797669e-08,3.23188457952675e-08,1.18226915538597e-10,2.04406262560392e-08,7.49820704519899e-11
24547.08915685,4.02948525703115e-08,1.03612537390388e-08,3.79282340889095e-08,1.38858716986132e-10,4.40058350469697e-09,1.28739964904038e-08,3.19488933158868e-08,1.16873576976192e-10,2.04406251615063e-08,7.49820664414145e-11
25118.8643150954,4.00054991369487e-08,1.0286851156315e-08,3.76206869996152e-08,1.3773457990956e-10,4.40058325795397e-09,1.28739957685522e-08,3.15831755873992e-08,1.15535729732522e-10,2.04406240153899e-08,7.49820622418229e-11
25703.9578276883,3.97206957230496e-08,1.02136185657813e-08,3.73176918289046e-08,1.36627095581254e-10,4.40058299958239e-09,1.28739950126809e-08,3.12216441328994e-08,1.14213196472216e-10,2.04406228152589e-08,7.49820578443143e-11
26302.6799189534,3.94403882708287e-08,1.01415420681257e-08,3.70191977406737e-08,1.35536077884613e-10,4.40058272903417e-09,1.28739942211866e-08,3.08642510303185e-08,1.12905801889559e-10,2.04406215585677e-08,7.49820532395561e-11
26915.3480392688,3.91645231125651e-08,1.00706078643745e-08,3.67251543094521e-08,1.34461342203282e-10,4.40058244573546e-09,1.28739933923905e-08,3.05109489060699e-08,1.11613372685271e-10,2.04406202426506e-08,7.49820484177832e-11
27542.2870333813,3.889304696613e-08,1.00008022547443e-08,3.64355115135655e-08,1.33402705396218e-10,4.40058214908536e-09,1.28739925245346e-08,3.01616909287685e-08,1.10335737543525e-10,2.04406188647167e-08,7.49820433687716e-11
28183.8293126441,3.86259069307558e-08,9.93211163755581e-09,3.61502197284818e-08,1.32359985773429e-10,4.40058183845463e-09,1.28739916157781e-08,2.98164308030214e-08,1.09072727109214e-10,2.04406174218429e-08,7.49820380818047e-11
28840.3150312656,3.83630504830409e-08,9.86452250820842e-09,3.58692297203429e-08,1.31333003072456e-10,4.4005815131844e-09,1.28739906641934e-08,2.94751227632892e-08,1.0782417396553e-10,2.0440615910969e-08,7.49820325456755e-11
29512.0922666634,3.81044254731926e-08,9.79802145821627e-09,3.55924926396864e-08,1.30321578435467e-10,4.40058117258473e-09,1.28739896677622e-08,2.91377215678182e-08,1.06589912611738e-10,2.04406143288901e-08,7.49820267486397e-11
30199.5172040197,3.78499801215034e-08,9.73259517430431e-09,3.53199600153563e-08,1.29325534387089e-10,4.40058081593318e-09,1.28739886243708e-08,2.88041824926416e-08,1.05369779441222e-10,2.04406126722506e-08,7.49820206783895e-11
30902.9543251354,3.75996630150599e-08,9.66823043756426e-09,3.50515837486068e-08,1.28344694813016e-10,4.40058044247325e-09,1.28739875318062e-08,2.84744613256487e-08,1.04163612719854e-10,2.04406109375364e-08,7.49820143220662e-11
31622.7766016833,3.73534231046813e-08,9.6049141226698e-09,3.47873161073993e-08,1.2737888493918e-10,4.40058005141279e-09,1.28739863877509e-08,2.8148514360723e-08,1.02971252564474e-10,2.04406091210682e-08,7.49820076661858e-11
32359.3656929623,3.71112097020852e-08,9.54263319715014e-09,3.4527109720896e-08,1.26427931311734e-10,4.40057964192234e-09,1.28739851897783e-08,2.78262983919465e-08,1.01792540921706e-10,2.0440607218993e-08,7.49820006966166e-11
33113.1121482586,3.68729724772758e-08,9.48137472072116e-09,3.42709175741491e-08,1.25491661777818e-10,4.40057921313332e-09,1.28739839353473e-08,2.75077707078703e-08,1.00627321547046e-10,2.04406052272763e-08,7.49819933985874e-11
33884.4156139197,3.66386614561538e-08,9.42112584467338e-09,3.40186930029888e-08,1.24569905466894e-10,4.40057876413623e-09,1.28739826217972e-08,2.71928890858509e-08,9.94754399840814e-11,2.04406031416935e-08,7.49819857566097e-11
34673.6850452526,3.64082270183409e-08,9.36187381131546e-09,3.37703896891097e-08,1.23662492772978e-10,4.40057829397871e-09,1.28739812463418e-08,2.6881611786451e-08,9.83367435440695e-11,2.04406009578209e-08,7.49819777544892e-11
35481.338923357,3.61816198952171e-08,9.3036059534725e-09,3.35259616553572e-08,1.22769255337435e-10,4.4005778016635e-09,1.28739798060637e-08,2.65738975479044e-08,9.72110812856179e-11,2.04405986710263e-08,7.49819693752391e-11
36307.8054770096,3.59587911681652e-08,9.24630969403765e-09,3.32853632612132e-08,1.2189002603266e-10,4.40057728614638e-09,1.28739782979079e-08,2.6269705580644e-08,9.60983039947151e-11,2.04405962764592e-08,7.49819606010794e-11
37153.5229097167,3.57396922670179e-08,9.18997254557606e-09,3.30485491984827e-08,1.21024638946466e-10,4.40057674633387e-09,1.28739767186755e-08,2.59689955618924e-08,9.49982641649708e-11,2.04405937690406e-08,7.49819514134219e-11
38018.9396320555,3.55242749687018e-08,9.13458210997968e-09,3.28154744871807e-08,1.20172929367065e-10,4.400576181081e-09,1.28739750650168e-08,2.56717276303143e-08,9.39108159779692e-11,2.0440591143452e-08,7.49819417927658e-11
38904.5144994275,3.53124913960743e-08,9.08012607817156e-09,3.25860944716186e-08,1.19334733768975e-10,4.40057558918881e-09,1.28739733334241e-08,2.53778623807296e-08,9.2835815283993e-11,2.04405883941242e-08,7.4981931718705e-11
39810.7170553491,3.51042940169456e-08,9.02659222985827e-09,3.23603648166904e-08,1.18509889799546e-10,4.40057496940186e-09,1.28739715202249e-08,2.50873608588874e-08,9.177311958289e-11,2.04405855152258e-08,7.49819211698735e-11
40738.0277804107,3.48996356432817e-08,8.97396843332871e-09,3.21382415043575e-08,1.17698236266244e-10,4.40057432040553e-09,1.28739696215729e-08,2.48001845562994e-08,9.07225880051716e-11,2.04405825006505e-08,7.49819101238989e-11
41686.9383470329,3.46984694305811e-08,8.9222426452979e-09,3.19196808303313e-08,1.16899613124625e-10,4.40057364082326e-09,1.28739676334412e-08,2.45162954051321e-08,8.96840812933057e-11,2.0440579344004e-08,7.4981898557336e-11
42657.9518801586,3.4500748877418e-08,8.87140291079394e-09,3.1704639400952e-08,1.16113861467142e-10,4.4005729292136e-09,1.28739655516127e-08,2.42356557731576e-08,8.865746178331e-11,2.04405760385908e-08,7.49818864456709e-11
43651.5832240159,3.4306427825148e-08,8.82143736308655e-09,3.14930741302622e-08,1.15340823512483e-10,4.40057218406717e-09,1.28739633716717e-08,2.39582284587618e-08,8.76425933864149e-11,2.04405725774001e-08,7.49818737632049e-11
44668.3592150956,3.4115460457765e-08,8.77233422365516e-09,3.12849422372728e-08,1.14580342595785e-10,4.40057140380348e-09,1.28739610889945e-08,2.36839766860098e-08,8.66393415710679e-11,2.04405689530904e-08,7.49818604830477e-11
45708.8189614868,3.39278013019067e-08,8.72408180219505e-09,3.10802012434211e-08,1.13832263159409e-10,4.40057058676755e-09,1.28739586987393e-08,2.34128640997671e-08,8.56475733450377e-11,2.04405651579743e-08,7.49818465770177e-11
46773.5141287191,3.37434052269976e-08,8.67666849665928e-09,3.08788089702149e-08,1.13096430744535e-10,4.40056973122638e-09,1.28739561958362e-08,2.3144854760877e-08,8.46671572378213e-11,2.04405611840022e-08,7.49818320156248e-11
47863.0092322631,3.35622274455244e-08,8.63008279333486e-09,3.06807235370642e-08,1.12372691983318e-10,4.40056883536534e-09,1.28739535749766e-08,2.28799131413928e-08,8.36979632831693e-11,2.0440557022745e-08,7.49818167679794e-11
48977.8819368439,3.33842235134344e-08,8.58431326695081e-09,3.0485903359294e-08,1.11660894591808e-10,4.40056789728425e-09,1.28739508306013e-08,2.2618004119864e-08,8.27398630018741e-11,2.04405526653765e-08,7.49818008017541e-11
50118.7233627264,3.32093493306506e-08,8.53934858081642e-09,3.02943071463373e-08,1.10960887363397e-10,4.4005669149934e-09,1.28739479568895e-08,2.2359092976677e-08,8.17927293846664e-11,2.04405481026545e-08,7.49817840830633e-11
51286.1383991357,3.30375611416941e-08,8.49517748698752e-09,3.01058939001029e-08,1.10272520163102e-10,4.40056588640932e-09,1.28739449477459e-08,2.21031453894481e-08,8.08564368754497e-11,2.04405433249014e-08,7.49817665764699e-11
52480.7460249764,3.28688155364072e-08,8.45178882645866e-09,2.99206229135161e-08,1.09595643922239e-10,4.40056480935034e-09,1.2873941796788e-08,2.18501274284695e-08,7.99308613545476e-11,2.04405383219833e-08,7.49817482448245e-11
53703.1796370244,3.27030694507674e-08,8.40917152937933e-09,2.9738453769226e-08,1.08930110633913e-10,4.40056368153198e-09,1.28739384973325e-08,2.16000055522069e-08,7.90158801222998e-11,2.04405330832888e-08,7.49817290492479e-11
54954.0873857616,3.25402801677854e-08,8.36731461529185e-09,2.95593463384776e-08,1.08275773348996e-10,4.4005625005621e-09,1.28739350423812e-08,2.13527466028487e-08,7.81113718827573e-11,2.04405275977066e-08,7.49817089490275e-11
56234.132519034,3.23804053184792e-08,8.32620719338911e-09,2.93832607801415e-08,1.07632486172708e-10,4.40056126393585e-09,1.2873931424606e-08,2.11083178019054e-08,7.72172167275874e-11,2.04405218536016e-08,7.49816879015332e-11
57543.9937337148,3.2223402882914e-08,8.28583846278985e-09,2.92101575398985e-08,1.07000104261743e-10,4.40055996903032e-09,1.28739276363336e-08,2.08666867458599e-08,7.63332961201474e-11,2.04405158387905e-08,7.49816658621143e-11
58884.365535558,3.20692311913024e-08,8.24619771282948e-09,2.90399973495729e-08,1.06378483821989e-10,4.400558613099e-09,1.2873923669529e-08,2.06278214018661e-08,7.54594928797783e-11,2.04405095405158e-08,7.49816427840305e-11
60255.9586074348,3.19178489251544e-08,8.20727432336434e-09,2.88727412266096e-08,1.05767482106715e-10,4.40055719326594e-09,1.28739195157786e-08,2.03916901034978e-08,7.45956911662353e-11,2.04405029454187e-08,7.49816186183378e-11
61659.5001861472,3.17692151184706e-08,8.16905776508728e-09,2.87083504736891e-08,1.05166957415261e-10,4.40055570651969e-09,1.28739151662723e-08,2.01582615465445e-08,7.37417764643016e-11,2.04404960395112e-08,7.49815933137745e-11
63095.7344480183,3.16232891589693e-08,8.13153759985257e-09,2.85467866784761e-08,1.04576769092256e-10,4.40055414970686e-09,1.28739106117848e-08,1.99275047848568e-08,7.28976355686015e-11,2.04404888081457e-08,7.49815668166675e-11
64565.4229034645,3.14800307893408e-08,8.094703481008e-09,2.83880117134933e-08,1.03996777527276e-10,4.40055251952547e-09,1.28739058426561e-08,1.96993892262372e-08,7.20631565685801e-11,2.04404812359847e-08,7.49815390708274e-11
66069.3448007586,3.13394001085198e-08,8.05854515373225e-09,2.82319877361171e-08,1.03426844154885e-10,4.40055081251794e-09,1.28739008487709e-08,1.94738846283786e-08,7.12382288336123e-11,2.04404733069678e-08,7.49815100173958e-11
67608.2975391971,3.12013575729686e-08,8.0230524553755e-09,2.80786771886871e-08,1.02866831455192e-10,4.40054902506375e-09,1.28738956195374e-08,1.92509610948491e-08,7.04227429983499e-11,2.04404650042777e-08,7.49814795947586e-11
69183.0970918925,3.10658639979633e-08,7.9882153158013e-09,2.79280427987242e-08,1.02316602954691e-10,4.40054715337178e-09,1.28738901438646e-08,1.90305890711216e-08,6.96165909481667e-11,2.04404563103048e-08,7.49814477383803e-11
70794.5784384127,3.09328805588763e-08,7.95402375772789e-09,2.77800475792501e-08,1.01776023227573e-10,4.40054519347225e-09,1.28738844101388e-08,1.88127393406492e-08,6.88196658048329e-11,2.04404472066094e-08,7.49814143807025e-11
72443.5960074979,3.0802368792446e-08,7.92046789706702e-09,2.76346548292017e-08,1.01244957897294e-10,4.4005431412083e-09,1.2873878406199e-08,1.8597383020985e-08,6.80318619122962e-11,2.04404376738831e-08,7.49813794509743e-11
74131.0241300906,3.06742905980285e-08,7.88753794325845e-09,2.74918281339346e-08,1.00723273638501e-10,4.40054099222721e-09,1.28738721193112e-08,1.83844915599452e-08,6.72530748226546e-11,2.04404276919075e-08,7.49813428751092e-11
75857.7575029172,3.05486082388229e-08,7.85522419959847e-09,2.73515313658075e-08,1.00210838179265e-10,4.40053874197113e-09,1.28738655361414e-08,1.81740367318168e-08,6.64832012822889e-11,2.04404172395116e-08,7.49813045755367e-11
77624.7116628679,3.04252843430644e-08,7.82351706356057e-09,2.72137286848423e-08,9.97075203035456e-11,4.40053638566745e-09,1.28738586427272e-08,1.79659906336078e-08,6.57221392181358e-11,2.04404062945267e-08,7.49812644710259e-11
79432.8234724269,3.03042819051777e-08,7.7924070271068e-09,2.70783845394514e-08,9.92131898539215e-11,4.40053391831866e-09,1.28738514244482e-08,1.77603256813394e-08,6.49697877241248e-11,2.04403948337393e-08,7.49812224765136e-11
81283.0516164086,3.01855642868856e-08,7.76188467698805e-09,2.69454636672265e-08,9.87277177345486e-11,4.40053133469175e-09,1.28738438659953e-08,1.75570146063808e-08,6.42260470477804e-11,2.04403828328424e-08,7.4981178502935e-11
83176.3771102658,3.00690952182654e-08,7.73194069503181e-09,2.6814931095782e-08,9.82509759143021e-11,4.40052862930713e-09,1.28738359513377e-08,1.73560304518255e-08,6.34908185769659e-11,2.04403702663832e-08,7.49811324570359e-11
85113.8038202363,2.99548387987486e-08,7.702565858416e-09,2.66867521436447e-08,9.77828374300408e-11,4.40052579642701e-09,1.28738276636895e-08,1.71573465689079e-08,6.27640048267498e-11,2.04403571077099e-08,7.49810842411439e-11
87096.3589956067,2.98427594980575e-08,7.67375103992738e-09,2.65608924211851e-08,9.73231763901191e-11,4.40052283004323e-09,1.28738189854735e-08,1.69609366134616e-08,6.20455094264875e-11,2.04403433289147e-08,7.4981033753009e-11
89125.0938133731,2.97328221570734e-08,7.64548720820327e-09,2.64373178315815e-08,9.68718679778987e-11,4.40051972386452e-09,1.28738098982847e-08,1.6766774542416e-08,6.13352371069752e-11,2.04403289007747e-08,7.49809808855457e-11
91201.0839355895,2.9624991988632e-08,7.61776542795531e-09,2.63159945718108e-08,9.64287884554507e-11,4.40051647130317e-09,1.28738003828505e-08,1.65748346103343e-08,6.0633093687809e-11,2.04403137926902e-08,7.49809255266394e-11
93325.4300796976,2.9519234578241e-08,7.59057686017414e-09,2.61968891336604e-08,9.59938151672508e-11,4.40051306546105e-09,1.28737904189903e-08,1.63850913659893e-08,5.99389860648411e-11,2.04402979726195e-08,7.49808675588852e-11
95499.258602142,2.94155158847149e-08,7.56391276231383e-09,2.60799683047515e-08,9.55668265439468e-11,4.40050949911501e-09,1.28737799855726e-08,1.61975196489782e-08,5.92528221977957e-11,2.04402814070112e-08,7.49808068593372e-11
97723.7220955795,2.93138022407235e-08,7.53776448845504e-09,2.59651991695718e-08,9.51477021061655e-11,4.40050576470156e-09,1.28737690604703e-08,1.60120945863756e-08,5.8574511098035e-11,2.04402640607331e-08,7.49807432992618e-11
99999.9999999984,2.92140603532506e-08,7.51212348944607e-09,2.58525491105062e-08,9.47363224683051e-11,4.40050185430081e-09,1.28737576205136e-08,1.58287915894241e-08,5.7903962816459e-11,2.04402458969973e-08,7.49806767438707e-11
102329.299228074,2.9116257303958e-08,7.48698131302074e-09,2.57419858088631e-08,9.43325693422502e-11,4.40049775961973e-09,1.2873745641441e-08,1.56475863502621e-08,5.72410884315081e-11,2.0440226877283e-08,7.49806070520018e-11
104712.854805088,2.90203605494525e-08,7.46232960389242e-09,2.56334772458877e-08,9.39363255411522e-11,4.40049347197452e-09,1.2873733097848e-08,1.54684548386885e-08,5.65858000373728e-11,2.0440206961254e-08,7.49805340758771e-11
107151.930523759,2.89263379214527e-08,7.43816010382356e-09,2.5526991703758e-08,9.35474749829744e-11,4.40048898227225e-09,1.28737199631329e-08,1.52913732989638e-08,5.59380107322353e-11,2.04401861066739e-08,7.49804576607169e-11
109647.819614317,2.8834157626853e-08,7.41446465166988e-09,2.54224977665556e-08,9.31659026941054e-11,4.40048428099156e-09,1.28737062094409e-08,1.51163182466465e-08,5.52976346067405e-11,2.04401642693162e-08,7.49803776444673e-11
112201.845430195,2.87437882476817e-08,7.39123518339879e-09,2.53199643212082e-08,9.2791494812784e-11,4.40047935816249e-09,1.28736918076046e-08,1.49432664654658e-08,5.46645867325525e-11,2.04401414028705e-08,7.4980293857454e-11
114815.362149686,2.86551987409521e-08,7.36846373208156e-09,2.52193605583951e-08,9.24241385923307e-11,4.40047420334534e-09,1.28736767270825e-08,1.4772195004229e-08,5.40387831510028e-11,2.04401174588447e-08,7.49802061219709e-11
117489.755493951,2.85683584384032e-08,7.34614242785866e-09,2.51206559734137e-08,9.20637224043797e-11,4.40046880560856e-09,1.2873660935894e-08,1.46030811737629e-08,5.3420140861957e-11,2.04400923864618e-08,7.4980114251976e-11
120226.443461739,2.84832370461306e-08,7.32426349787812e-09,2.50238203669992e-08,9.17101357417915e-11,4.40046315350557e-09,1.28736444005521e-08,1.44359025438907e-08,5.28085778127187e-11,2.04400661325529e-08,7.4980018052651e-11
123026.877081236,2.83998046441036e-08,7.3028192662065e-09,2.49288238460942e-08,9.13632692214199e-11,4.40045723505052e-09,1.28736270859918e-08,1.42706369404411e-08,5.22040128870849e-11,2.04400386414438e-08,7.49799173199779e-11
125892.541179415,2.83180316855692e-08,7.28180215371227e-09,2.48356368245623e-08,9.1023014586751e-11,4.40045103769287e-09,1.28736089554962e-08,1.41072624422919e-08,5.16063658945673e-11,2.04400098548375e-08,7.49798118403609e-11
128824.955169311,2.82378889963422e-08,7.26120467792151e-09,2.47442300238421e-08,9.06892647101887e-11,4.40044454829081e-09,1.28735899706189e-08,1.39457573784462e-08,5.10155575596596e-11,2.04399797116906e-08,7.49797013901212e-11
131825.673855639,2.81593477739792e-08,7.24101945284579e-09,2.46545744735374e-08,9.03619135951931e-11,4.40043775308343e-09,1.28735700911018e-08,1.37861003251407e-08,5.04315095112769e-11,2.04399481480839e-08,7.49795857350462e-11
134896.288259163,2.80823795868377e-08,7.22123918878227e-09,2.45666415119382e-08,9.00408563781299e-11,4.40043063766153e-09,1.28735492747907e-08,1.36282701029866e-08,4.98541442722918e-11,2.0439915097087e-08,7.49794646298874e-11
138038.426460286,2.80069563730197e-08,7.201856692086e-09,2.44804027864702e-08,8.97259893298687e-11,4.40042318693712e-09,1.28735274775454e-08,1.34722457741424e-08,4.92833852491965e-11,2.04398804886164e-08,7.49793378178482e-11
141253.754462273,2.79330504391994e-08,7.18286486491459e-09,2.43958302540688e-08,8.94172098570897e-11,4.40041538511146e-09,1.28735046531461e-08,1.33180066395169e-08,4.8719156721872e-11,2.04398442492873e-08,7.49792050300381e-11
144543.97707459,2.78606344593354e-08,7.16425670494537e-09,2.43128961814732e-08,8.91144165032732e-11,4.40040721564155e-09,1.28734807531962e-08,1.31655322360047e-08,4.81613838334582e-11,2.04398063022578e-08,7.49790659848811e-11
147910.838816818,2.77896814732684e-08,7.1460253050653e-09,2.42315731454392e-08,8.88175089494664e-11,4.40039866120516e-09,1.2873455727019e-08,1.30148023337508e-08,4.76099925803793e-11,2.04397665670664e-08,7.49789203875647e-11
151356.124843618,2.77201648852046e-08,7.12816385303378e-09,2.41518340328661e-08,8.85263880146214e-11,4.40038970366407e-09,1.28734295215508e-08,1.28657969334463e-08,4.70649098024172e-11,2.04397249594615e-08,7.49787679293655e-11
154881.661891246,2.76520584620851e-08,7.11066563111885e-09,2.40736520408363e-08,8.8240955655714e-11,4.40038032402571e-09,1.28734020812285e-08,1.27184962636531e-08,4.65260631729509e-11,2.04396813912229e-08,7.49786082870325e-11
158489.319246109,2.75853363318431e-08,7.09352401570702e-09,2.39970006765647e-08,8.79611149674581e-11,4.40037050240289e-09,1.28733733478718e-08,1.2572880778159e-08,4.59933811892645e-11,2.04396357699751e-08,7.49784411220812e-11
162181.00973589,2.75199729815504e-08,7.07673247688716e-09,2.39218537572549e-08,8.76867701817228e-11,4.40036021797174e-09,1.28733432605598e-08,1.24289311533602e-08,4.54667931629839e-11,2.04395879989916e-08,7.49782660800896e-11
165958.690743753,2.74559432554521e-08,7.06028457800891e-09,2.38481854098619e-08,8.74178266665685e-11,4.40034944892757e-09,1.28733117555026e-08,1.22866282856743e-08,4.49462292106017e-11,2.043953797699e-08,7.49780827899345e-11
169824.365246172,2.73932223528942e-08,7.04417397521614e-09,2.37759700707577e-08,8.71541909249783e-11,4.40033817243872e-09,1.28732787659058e-08,1.21459532889799e-08,4.44316202441302e-11,2.04394855979177e-08,7.49778908630335e-11
173780.082874935,2.73317858261428e-08,7.02839441695587e-09,2.37051824852998e-08,8.68957705931289e-11,4.40032636459825e-09,1.28732442218289e-08,1.2006887492085e-08,4.39228979618049e-11,2.04394307507273e-08,7.49776898924644e-11
177827.941003889,2.72716095780982e-08,7.01293974346336e-09,2.36357977072998e-08,8.6642474438469e-11,4.40031400037328e-09,1.2873208050038e-08,1.18694124362225e-08,4.34199948389762e-11,2.04393733191418e-08,7.4977479452193e-11
181970.085860995,2.72126698599047e-08,6.99780388622382e-09,2.35677910983921e-08,8.63942123572038e-11,4.40030105355204e-09,1.28731701738498e-08,1.17335098725733e-08,4.29228441189865e-11,2.04393131814078e-08,7.49772590960673e-11
186208.713666284,2.71549432684583e-08,6.98298086741143e-09,2.3501138327301e-08,8.61508953716397e-11,4.40028749668841e-09,1.28731305129703e-08,1.15991617598155e-08,4.24313798042617e-11,2.04392502100388e-08,7.49770283569688e-11
190546.071796322,2.70984067438141e-08,6.96846479930631e-09,2.3435815369006e-08,8.59124356269615e-11,4.40027330104377e-09,1.28730889833239e-08,1.14663502617003e-08,4.19455366474029e-11,2.04391842715443e-08,7.49767867457534e-11
194984.459975801,2.70430375664951e-08,6.95424988369012e-09,2.33717985038039e-08,8.56787463877752e-11,4.40025843652626e-09,1.28730454968764e-08,1.13350577446541e-08,4.14652501424444e-11,2.04391152261484e-08,7.49765337502689e-11
199526.231496885,2.69888133547048e-08,6.94033041122088e-09,2.33090643162682e-08,8.54497420341478e-11,4.40024287162708e-09,1.28729999614481e-08,1.12052667754063e-08,4.09904565161438e-11,2.04390429274931e-08,7.49762688342153e-11
204173.79446695,2.69357120614448e-08,6.92670076078787e-09,2.32475896941047e-08,8.52253380574024e-11,4.40022657335383e-09,1.28729522805192e-08,1.1076960118642e-08,4.05210927194306e-11,2.04389672223295e-08,7.49759914360712e-11
208929.6130854,2.68837119715406e-08,6.91335539884723e-09,2.31873518269038e-08,8.50054510554103e-11,4.40020950716074e-09,1.28729023530251e-08,1.09501207346802e-08,4.00570964188859e-11,2.0438887950193e-08,7.49757009678591e-11
213796.20895022,2.68327916985764e-08,6.900288878739e-09,2.31283282047893e-08,8.47899987275839e-11,4.40019163687557e-09,1.28728500731433e-08,1.08247317771764e-08,3.95984059883512e-11,2.04388049430645e-08,7.49753968139242e-11
218776.162394952,2.67829301817419e-08,6.88749583998636e-09,2.30704966169633e-08,8.45788998694614e-11,4.40017292462317e-09,1.28727953300693e-08,1.07007765908492e-08,3.91449605006105e-11,2.04387180250144e-08,7.49750783296291e-11
223872.11385683,2.67341066825928e-08,6.8749710075779e-09,2.30138351501493e-08,8.43720743669149e-11,4.40015333074535e-09,1.28727380077823e-08,1.05782387092315e-08,3.86966997191617e-11,2.04386270118314e-08,7.49747448399876e-11
229086.765276773,2.66863007817267e-08,6.86270919123357e-09,2.29583221869309e-08,8.41694431899952e-11,4.40013281371706e-09,1.28726779847999e-08,1.04571018524445e-08,3.82535640900786e-11,2.04385317106323e-08,7.4974395638245e-11
234422.881531988,2.66394923753774e-08,6.85070528465515e-09,2.29039364039898e-08,8.39709283863732e-11,4.40011133005862e-09,1.28726151339213e-08,1.0337349924996e-08,3.78154947339446e-11,2.04384319194549e-08,7.49740299843647e-11
239883.291901945,2.65936616719281e-08,6.83895426476198e-09,2.28506567702417e-08,8.37764530744618e-11,4.40008883424382e-09,1.28725493219588e-08,1.02189670136001e-08,3.73824334378946e-11,2.04383274268308e-08,7.49736471034915e-11
245470.891568499,2.65487891883472e-08,6.8274511909128e-09,2.27984625448712e-08,8.35859414361143e-11,4.40006527860375e-09,1.28724804094559e-08,1.01019373850209e-08,3.69543226477124e-11,2.04382180113388e-08,7.4973246184291e-11
251188.643150954,2.6504855746547e-08,6.81619120411434e-09,2.27473332752672e-08,8.33993187090145e-11,4.40004061322602e-09,1.28724082503931e-08,9.9862454839377e-09,3.65311054600371e-11,2.04381034411369e-08,7.49728263772643e-11
257039.578276882,2.64618424696682e-08,6.8051695262176e-09,2.26972487948582e-08,8.32165111786125e-11,4.40001478584944e-09,1.2872332691879e-08,9.87187593083221e-09,3.61127256146076e-11,2.04379834734729e-08,7.49723867929e-11
263026.799189534,2.64197307782916e-08,6.7943814591025e-09,2.26481892208502e-08,8.30374461698446e-11,4.39998774175356e-09,1.28722535738279e-08,9.7588135198972e-09,3.5699127486649e-11,2.04378578541712e-08,7.49719264998694e-11
269153.480392687,2.63785023865785e-08,6.7838223838516e-09,2.26001349518664e-08,8.28620520383435e-11,4.39995942364316e-09,1.28721707286215e-08,9.64704321696661e-09,3.52902560792692e-11,2.04377263170968e-08,7.49714445229965e-11
275422.870333812,2.6338139298342e-08,6.77348775991383e-09,2.25530666654911e-08,8.26902581614018e-11,4.39992977152736e-09,1.28720839807552e-08,9.53655015746631e-09,3.48860570159778e-11,2.04375885835931e-08,7.49709398412292e-11
281838.29312644,2.62986238030502e-08,6.76337312425883e-09,2.25069653157179e-08,8.25219949285542e-11,4.39989872259292e-09,1.28719931464677e-08,9.42731964438554e-09,3.44864765332656e-11,2.04374443618939e-08,7.49704113854849e-11
288403.150312656,2.62599384717627e-08,6.75347409052272e-09,2.24618121303031e-08,8.23571937317977e-11,4.39986621107178e-09,1.28718980333531e-08,9.31933714626845e-09,3.40914614732498e-11,2.04372933465078e-08,7.49698580363788e-11
295120.922666633,2.62220661530021e-08,6.74378634814604e-09,2.24175886080265e-08,8.21957869555213e-11,4.39983216810228e-09,1.28717984399553e-08,9.21258829522561e-09,3.37009592764144e-11,2.04371352175737e-08,7.49692786218922e-11
301995.172040196,2.61849899685619e-08,6.73430566150449e-09,2.23742765158592e-08,8.2037707966017e-11,4.39979652158399e-09,1.28716941553429e-08,9.10705888496497e-09,3.33149179743865e-11,2.04369696401866e-08,7.49686719148565e-11
309029.543251354,2.6148693309251e-08,6.72502786903332e-09,2.23318578860397e-08,8.18828911007589e-11,4.39975919602564e-09,1.28715849586648e-08,9.00273486884213e-09,3.29332861828257e-11,2.04367962636909e-08,7.49680366304123e-11
316227.766016832,2.61131598305766e-08,6.71594888234606e-09,2.22903150130607e-08,8.17312716572623e-11,4.39972011238607e-09,1.28714706186844e-08,8.89960235792936e-09,3.2556013094345e-11,2.04366147209419e-08,7.49673714232668e-11
323593.656929623,2.60783734483659e-08,6.70706468534809e-09,2.22496304505651e-08,8.1582785881683e-11,4.39967918790763e-09,1.28713508932926e-08,8.79764761910332e-09,3.21830484715266e-11,2.04364246275321e-08,7.49666748848841e-11
331131.121482585,2.6044318334328e-08,6.69837133334594e-09,2.22097870081539e-08,8.14373709570479e-11,4.39963633594191e-09,1.28712255289976e-08,8.69685707315087e-09,3.18143426399859e-11,2.04362255809811e-08,7.49659455405013e-11
338844.156139197,2.60109789115548e-08,6.68986495215298e-09,2.21707677481066e-08,8.12949649911811e-11,4.39959146576725e-09,1.28710942603915e-08,8.59721729289283e-09,3.1449846481507e-11,2.04360171598887e-08,7.4965181846021e-11
346736.850452526,2.59783398499645e-08,6.6815417371919e-09,2.21325559820139e-08,8.11555070043404e-11,4.39954448239779e-09,1.28709568095911e-08,8.49871500132527e-09,3.10895114272536e-11,2.04357989230474e-08,7.49643821847831e-11
354813.389233569,2.59463860616836e-08,6.67339795259489e-09,2.20951352673246e-08,8.10189369164895e-11,4.3994952863836e-09,1.28708128856536e-08,8.40133706977808e-09,3.07332894510224e-11,2.04355704085142e-08,7.49635448641389e-11
363078.054770095,2.5915102696372e-08,6.66542993030198e-09,2.20584894038062e-08,8.08851955343045e-11,4.39944377360149e-09,1.28706621839646e-08,8.30507051609034e-09,3.03811330625778e-11,2.04353311326389e-08,7.49626681119116e-11
371535.229097166,2.58844751364877e-08,6.65763406915821e-09,2.20226024299212e-08,8.07542245378096e-11,4.39938983503609e-09,1.28705043855974e-08,8.20990250280234e-09,3.00329953010225e-11,2.04350805890471e-08,7.49617500726318e-11
380189.396320554,2.58544889924926e-08,6.65000683401005e-09,2.1987458619117e-08,8.06259664668181e-11,4.39933335655072e-09,1.28703391566428e-08,8.11582033536381e-09,2.96888297282722e-11,2.04348182475763e-08,7.49607888037082e-11
389045.144994274,2.58251300979985e-08,6.64254475480191e-09,2.19530424760331e-08,8.05003647069043e-11,4.39927421864765e-09,1.28701661475078e-08,8.02281146035805e-09,2.93485904225262e-11,2.04345435531617e-08,7.49597822712647e-11
398107.17055349,2.57963845048522e-08,6.635244425673e-09,2.19193387326229e-08,8.03773634752207e-11,4.39921229621712e-09,1.28699849921811e-08,7.9308634637416e-09,2.90122319718533e-11,2.0434255924671e-08,7.49587283459312e-11
407380.277804106,2.57682384781606e-08,6.62810250405521e-09,2.18863323441913e-08,8.02569078059102e-11,4.39914745827479e-09,1.28697953074657e-08,7.83996406909923e-09,2.86797094677961e-11,2.04339547536845e-08,7.49576247983431e-11
416869.383470328,2.57406784912519e-08,6.62111570977256e-09,2.18540084853482e-08,8.01389435352522e-11,4.399079567687e-09,1.28695966921739e-08,7.75010113591375e-09,2.83509784990453e-11,2.04336394032189e-08,7.49564692944713e-11
426579.518801585,2.57136912205749e-08,6.61428082414253e-09,2.18223525458779e-08,8.00234172865099e-11,4.39900848088315e-09,1.28693887262873e-08,7.66126265785049e-09,2.80259951451699e-11,2.04333092063917e-08,7.49552593907446e-11
436515.832240158,2.56872635405324e-08,6.60759468907994e-09,2.17913501265228e-08,7.99102764544127e-11,4.39893404755496e-09,1.28691709700758e-08,7.57343676105592e-09,2.77047159703806e-11,2.04329634650236e-08,7.4953992528892e-11
446683.592150955,2.56613825182486e-08,6.6010542062037e-09,2.1760987034682e-08,7.97994691894156e-11,4.39885611034158e-09,1.28689429631771e-08,7.48661170247027e-09,2.7387098017374e-11,2.04326014481767e-08,7.49526660306306e-11
457088.189614867,2.56360354082682e-08,6.59465633594695e-09,2.17312492800246e-08,7.96909443815576e-11,4.39877450450028e-09,1.2868704223633e-08,7.40077586815364e-09,2.70730988011969e-11,2.04322223906242e-08,7.49512770920225e-11
467735.14128719,2.56112096471847e-08,6.58839809667089e-09,2.1702123070015e-08,7.95846516440741e-11,4.39868905756186e-09,1.28684542468814e-08,7.31591777162549e-09,2.67626763031827e-11,2.043182549125e-08,7.49498227776403e-11
478630.09232263,2.55868928481968e-08,6.58227656378289e-09,2.16735948053507e-08,7.94805412966238e-11,4.39859958897008e-09,1.28681925047012e-08,7.23202605221682e-09,2.64557889649128e-11,2.04314099113737e-08,7.49483000143987e-11
489778.819368438,2.55630727955886e-08,6.57628886885903e-09,2.16456510753112e-08,7.93785643482439e-11,4.39850590970456e-09,1.28679184441097e-08,7.14908947343516e-09,2.61523956822428e-11,2.04309747729995e-08,7.49467055851537e-11
501187.233627263,2.55397374391327e-08,6.57043219877161e-09,2.16182786530164e-08,7.92786724799725e-11,4.39840782188616e-09,1.28676314862072e-08,7.06709692134157e-09,2.58524557993714e-11,2.04305191569825e-08,7.49450361220028e-11
512861.383991356,2.55168748884115e-08,6.56470379482195e-09,2.15914644905921e-08,7.91808180270728e-11,4.39830511836432e-09,1.28673310249708e-08,6.98603740293974e-09,2.55559291029327e-11,2.04300421011124e-08,7.49432880992174e-11
524807.460249763,2.5494473407055e-08,6.55910095187871e-09,2.15651957142422e-08,7.90849539610192e-11,4.39819758228525e-09,1.28670164259901e-08,6.90590004457644e-09,2.52627758161655e-11,2.04295425981076e-08,7.49414578259503e-11
537031.796370243,2.547252140689e-08,6.55362101752213e-09,2.15394596192253e-08,7.89910338710063e-11,4.39808498664042e-09,1.28666870251472e-08,6.82667409035337e-09,2.49729565930817e-11,2.04290195935178e-08,7.49395414384857e-11
549540.873857615,2.54510074419984e-08,6.54826139119449e-09,2.15142436647314e-08,7.88990119452368e-11,4.39796709379425e-09,1.28663421272342e-08,6.74834890054979e-09,2.46864325127189e-11,2.04284719835303e-08,7.4937534892266e-11
562341.325190339,2.54299202026794e-08,6.54301952335707e-09,2.148953546866e-08,7.88088429517238e-11,4.3978436549901e-09,1.28659810045087e-08,6.67091395005567e-09,2.44031650733944e-11,2.04278986126755e-08,7.49354339534384e-11
575439.937337147,2.54092485093114e-08,6.53789291465377e-09,2.14653228022931e-08,7.87204822187782e-11,4.39771440983376e-09,1.28656028951821e-08,6.59435882681516e-09,2.41231161870156e-11,2.04272982714271e-08,7.49332341900757e-11
588843.655355579,2.53889813061103e-08,6.53287911508178e-09,2.14415935848626e-08,7.86338856151039e-11,4.39757908575319e-09,1.28652070018394e-08,6.51867323027977e-09,2.38462481734261e-11,2.04266696936934e-08,7.49309309629916e-11
602559.586074347,2.5369107654777e-08,6.5279757231695e-09,2.14183358780076e-08,7.85490095294732e-11,4.39743739743368e-09,1.28647924897865e-08,6.44384696987118e-09,2.35725237547798e-11,2.04260115541931e-08,7.49285194161183e-11
616595.001861471,2.53496167280308e-08,6.52318038516183e-09,2.13955378801193e-08,7.84658108500006e-11,4.39728904622723e-09,1.28643584853228e-08,6.36986996345318e-09,2.33019060499527e-11,2.0425322465712e-08,7.49259944664551e-11
630957.344480182,2.53304978030226e-08,6.51849079421316e-09,2.13731879205682e-08,7.83842469429828e-11,4.39713371953501e-09,1.28639040739339e-08,6.29673223581251e-09,2.3034358568985e-11,2.04246009762345e-08,7.49233507935539e-11
645654.229034644,2.53117402546216e-08,6.51390468958821e-09,2.13512744538109e-08,7.83042756313154e-11,4.39697109016184e-09,1.28634282984038e-08,6.22442391714811e-09,2.27698452075591e-11,2.04238455659455e-08,7.49205828285446e-11
660693.448007584,2.529333354857e-08,6.50941985587085e-09,2.13297860533722e-08,7.82258551724206e-11,4.39680081564132e-09,1.286293015684e-08,6.15293524156864e-09,2.25083302414988e-11,2.04230546440951e-08,7.49176847426304e-11
676082.97539197,2.52752672344989e-08,6.50503412218109e-09,2.13087114056969e-08,7.81489442357475e-11,4.39662253753044e-09,1.28624086006103e-08,6.08225654559779e-09,2.22497783213104e-11,2.04222265457224e-08,7.49146504351086e-11
691830.970918924,2.5257530938799e-08,6.50074536140048e-09,2.12880393038672e-08,7.80735018797213e-11,4.39643588067226e-09,1.28618625321853e-08,6.01237826668706e-09,2.19941544667338e-11,2.04213595282308e-08,7.49114735207918e-11
707945.784384125,2.5240114357338e-08,6.49655148940586e-09,2.1267758641181e-08,7.7999487528239e-11,4.39624045242546e-09,1.28612908028851e-08,5.94329094173579e-09,2.17414240613374e-11,2.04204517678089e-08,7.49081473169174e-11
724435.960074977,2.52230072480194e-08,6.49245046431178e-09,2.12478584045845e-08,7.79268609465976e-11,4.39603584185908e-09,1.28606922105227e-08,5.87498520561797e-09,2.14915528471257e-11,2.04195013556904e-08,7.49046648294321e-11
741310.241300904,2.52061994231713e-08,6.48844028572162e-09,2.12283276679545e-08,7.78555822168848e-11,4.39582161891125e-09,1.28600654969433e-08,5.80745178971556e-09,2.12445069191761e-11,2.04185062942462e-08,7.4901018738674e-11
758577.57502917,2.51896807417616e-08,6.48451899398751e-09,2.12091555852234e-08,7.77856117127945e-11,4.39559733351011e-09,1.28594093454526e-08,5.74068152045807e-09,2.10002527202977e-11,2.04174644929012e-08,7.48972013844126e-11
776247.116628678,2.51734411014268e-08,6.48068466947911e-09,2.11903313833413e-08,7.77169100738431e-11,4.39536251465558e-09,1.28587223781304e-08,5.67466531786798e-09,2.07587570357109e-11,2.04163737638692e-08,7.48932047502184e-11
794328.234724267,2.51574704303083e-08,6.47693543186143e-09,2.11718443550685e-08,7.76494381789851e-11,4.3951166694601e-09,1.28580031530241e-08,5.60939419411167e-09,2.05199869877528e-11,2.04152318176971e-08,7.48890204471556e-11
812830.516164085,2.51417586786866e-08,6.47326943938168e-09,2.115368385159e-08,7.7583157119517e-11,4.39485928214692e-09,1.28572501612183e-08,5.54485925205574e-09,2.0283910030585e-11,2.04140362586117e-08,7.48846396966881e-11
831763.771102656,2.5126295810402e-08,6.46968488816519e-09,2.11358392749475e-08,7.75180281713959e-11,4.39458981300383e-09,1.28564618237741e-08,5.48105168382822e-09,2.00504939449432e-11,2.04127845796603e-08,7.48800533129159e-11
851138.038202361,2.51110717940545e-08,6.46618001152055e-09,2.11183000702779e-08,7.74540127668038e-11,4.3943076972908e-09,1.28556364885329e-08,5.41796276938439e-09,1.98197068328902e-11,2.04114741576365e-08,7.48752516839743e-11
870963.589956065,2.50960765939706e-08,6.46275307925392e-09,2.11010557178527e-08,7.73910724649647e-11,4.39401234409952e-09,1.28547724267806e-08,5.35558387507716e-09,1.95915171125804e-11,2.04101022477826e-08,7.48702247526004e-11
891250.938133729,2.50813001609269e-08,6.45940239699256e-09,2.10840957249098e-08,7.7329168922264e-11,4.3937031351629e-09,1.28538678297643e-08,5.29390645223142e-09,1.93658935130567e-11,2.04086659782598e-08,7.48649619959096e-11
912010.839355893,2.50667324226197e-08,6.45612630551767e-09,2.1067409617267e-08,7.72682638615008e-11,4.39337942361255e-09,1.28529208050573e-08,5.23292203572233e-09,1.91428050690427e-11,2.04071623443772e-08,7.48594524042164e-11
933254.300796974,2.50523632738684e-08,6.45292318010647e-09,2.10509869307115e-08,7.72083190403533e-11,4.39304053268216e-09,1.28519293727661e-08,5.17262224255719e-09,1.89222211157577e-11,2.04055882025682e-08,7.48536844589721e-11
954992.586021419,2.50381825665425e-08,6.44979142988355e-09,2.10348172021529e-08,7.71492962189838e-11,4.39268575435463e-09,1.28508914615723e-08,5.11299877046075e-09,1.87041112837449e-11,2.04039402641071e-08,7.48476461097461e-11
977237.220955793,2.50241800991973e-08,6.44672949718152e-09,2.1018889960532e-08,7.70911571267449e-11,4.39231434795084e-09,1.28498049046041e-08,5.05404339646364e-09,1.84884454937103e-11,2.04022150885539e-08,7.48413247502111e-11
999999.999999982,2.50103456064084e-08,6.44373585691099e-09,2.10031947174755e-08,7.70338634279406e-11,4.39192553865771e-09,1.284866743513e-08,4.9957479754938e-09,1.82751939513691e-11,2.04004090769166e-08,7.48347071930829e-11
1023292.99228074,2.49966687477907e-08,6.44080901593973e-09,2.09877209576848e-08,7.69773766866368e-11,4.39151851599328e-09,1.28474766820689e-08,4.93810443897068e-09,1.80643271423077e-11,2.03985184645224e-08,7.4827779644007e-11
1047128.54805088,2.49831390966889e-08,6.43794751248113e-09,2.09724581290498e-08,7.69216583304369e-11,4.39109243220649e-09,1.28462301653076e-08,4.88110479340213e-09,1.78558158268485e-11,2.03965393135839e-08,7.48205276743096e-11
1071519.30523759,2.49697461285259e-08,6.43514991549188e-09,2.09573956324767e-08,7.68666696132289e-11,4.39064640060922e-09,1.28449252908221e-08,4.8247411189838e-09,1.76496310349299e-11,2.0394467505452e-08,7.4812936192614e-11
1096478.19614316,2.4956479208795e-08,6.43241482407885e-09,2.09425228114174e-08,7.68123715768485e-11,4.39017949383799e-09,1.28435593455917e-08,4.76900556820089e-09,1.74457440609948e-11,2.03922987325414e-08,7.48049894152664e-11
1122018.45430194,2.49433275806829e-08,6.42974086691511e-09,2.09278289410913e-08,7.67587250115851e-11,4.38969074204302e-09,1.28421294923013e-08,4.71389036443232e-09,1.72441264588836e-11,2.03900284899185e-08,7.47966708355002e-11
1148153.62149686,2.49302803523064e-08,6.42712670166506e-09,2.09133032173848e-08,7.6705690415542e-11,4.38917913100193e-09,1.28406327638226e-08,4.65938780055718e-09,1.70447500367408e-11,2.03876520665401e-08,7.47879631913451e-11
1174897.55493951,2.49173264835515e-08,6.42457101441864e-09,2.08989347454201e-08,7.66532279527579e-11,4.38864360015542e-09,1.2839066057468e-08,4.60549023756348e-09,1.68475868519259e-11,2.03851645361286e-08,7.47788484321889e-11
1202264.43461739,2.49044547724965e-08,6.4220725191346e-09,2.08847125277785e-08,7.66012974100802e-11,4.38808304056246e-09,1.2837426129008e-08,4.55219010315925e-09,1.6652609205936e-11,2.03825607476747e-08,7.47693076839818e-11
1230268.77081236,2.48916538414067e-08,6.41962995709264e-09,2.08706254523667e-08,7.65498581527076e-11,4.38749629277218e-09,1.28357095864454e-08,4.49947989038606e-09,1.64597896393322e-11,2.03798353155513e-08,7.47593212130005e-11
1258925.41179414,2.4878912122284e-08,6.41724209635456e-09,2.08566622799147e-08,7.64988690784202e-11,4.3868821446097e-09,1.28339128835382e-08,4.44735215623512e-09,1.62691009266841e-11,2.03769826092296e-08,7.4748868388188e-11
1288249.55169311,2.48662178419557e-08,6.41490773123416e-09,2.08428116310909e-08,7.64482885703835e-11,4.38623932887339e-09,1.28320323130622e-08,4.39579952026613e-09,1.60805160715181e-11,2.03739967425826e-08,7.47379276419562e-11
1318256.73855638,2.48535590066883e-08,6.41262568177599e-09,2.08290619732244e-08,7.63980744484967e-11,4.38556652094054e-09,1.28300639998069e-08,4.34481466322909e-09,1.58940083012747e-11,2.03708715627636e-08,7.47264764294226e-11
1348962.88259163,2.484092338631e-08,6.41039479324278e-09,2.08154016066184e-08,7.63481839192872e-11,4.38486233627904e-09,1.28280038932955e-08,4.29439032568944e-09,1.57095510622856e-11,2.03676006386476e-08,7.47144911860794e-11
1380384.26460286,2.48282984978261e-08,6.40821393561145e-09,2.08018186504463e-08,7.62985735242308e-11,4.38412532786203e-09,1.28258477602214e-08,4.24451930665686e-09,1.55271180147561e-11,2.03641772488228e-08,7.47019472837776e-11
1412537.54462273,2.48156715885135e-08,6.40608200307777e-09,2.07883010282143e-08,7.62491990865387e-11,4.38335398348306e-09,1.28235911765942e-08,4.19519446221822e-09,1.53466830277734e-11,2.03605943691197e-08,7.4688818985064e-11
1445439.7707459,2.48030296184775e-08,6.40399791356943e-09,2.07748364527808e-08,7.62000156562394e-11,4.38254672296908e-09,1.28212295195855e-08,4.14640870417512e-09,1.51682201743148e-11,2.03568446596649e-08,7.46750793957037e-11
1479108.38816818,2.47903592426575e-08,6.40196060826754e-09,2.07614124109194e-08,7.61509774536829e-11,4.38170189528856e-09,1.2818757959069e-08,4.09815499868676e-09,1.4991703726295e-11,2.03529204514491e-08,7.46607004155085e-11
1513561.24843618,2.47776467922672e-08,6.39996905113641e-09,2.07480161474142e-08,7.61020378112372e-11,4.38081777555237e-09,1.28161714488466e-08,4.05042636491879e-09,1.4817108149617e-11,2.03488137323956e-08,7.46456526872499e-11
1548816.61891245,2.47648782556544e-08,6.39802222846159e-09,2.07346346486761e-08,7.60531491133444e-11,4.37989256190492e-09,1.28134647175533e-08,4.00321587369897e-09,1.46444080992688e-11,2.03445161329201e-08,7.46299055438145e-11
1584893.19246108,2.47520392585691e-08,6.39611914839605e-09,2.07212546258692e-08,7.60042627346435e-11,4.3789243723033e-09,1.28106322592343e-08,3.9565166461805e-09,1.4473578414423e-11,2.03400189109697e-08,7.4613426953319e-11
1621810.0973589,2.47391150438262e-08,6.39425884051437e-09,2.0707862497538e-08,7.59553289763736e-11,4.37791124118231e-09,1.28076683235888e-08,3.91032185251422e-09,1.43045941135888e-11,2.03353129365321e-08,7.45961834623905e-11
1659586.90743753,2.47260904503519e-08,6.39244035537495e-09,2.06944443717249e-08,7.59062970009087e-11,4.37685111600331e-09,1.28045669058732e-08,3.86462471053072e-09,1.41374303898005e-11,2.03303886756051e-08,7.45781401374672e-11
1698243.65246171,2.47129498916041e-08,6.39066276409004e-09,2.06809860275714e-08,7.58571147642648e-11,4.3757418536852e-09,1.28013217364606e-08,3.81941848443374e-09,1.39720626058215e-11,2.03252361736185e-08,7.45592605039632e-11
1737800.82874934,2.46996773333572e-08,6.38892515790355e-09,2.06674728963941e-08,7.58077289468939e-11,4.37458121691602e-09,1.27979262700491e-08,3.77469648350631e-09,1.38084662894344e-11,2.03198450383015e-08,7.45395064836043e-11
1778279.41003889,2.46862562708445e-08,6.38722664777658e-09,2.06538900422301e-08,7.57580848823693e-11,4.37336687034375e-09,1.27943736745193e-08,3.7304520608313e-09,1.36466171287531e-11,2.03142044219893e-08,7.45188383295492e-11
1819700.85860995,2.46726697052525e-08,6.38556636398047e-09,2.06402221418487e-08,7.57081264841659e-11,4.37209637664562e-09,1.27906568194339e-08,3.6866786120281e-09,1.34864909676031e-11,2.03083030033648e-08,7.44972145594936e-11
1862087.13666283,2.46589001195633e-08,6.38394345569737e-09,2.06264534642239e-08,7.56577961704832e-11,4.3707671924751e-09,1.2786768264181e-08,3.64336957400749e-09,1.33280638009721e-11,2.03021289686326e-08,7.44745918867073e-11
1905460.71796321,2.46449294537437e-08,6.38235709062822e-09,2.06125678494689e-08,7.56070347871113e-11,4.36937666428651e-09,1.27827002457589e-08,3.60051842374689e-09,1.31713117705368e-11,2.02956699921243e-08,7.44509251490052e-11
1949844.59975801,2.46307390792834e-08,6.38080645460799e-09,2.05985486872331e-08,7.55557815282472e-11,4.36792202403757e-09,1.27784446662038e-08,3.55811867708829e-09,1.30162111602588e-11,2.02889132163373e-08,7.44261672355616e-11
1995262.31496884,2.46163097730845e-08,6.37929075122808e-09,2.05843788945648e-08,7.55039738554536e-11,4.36640038477052e-09,1.27739930796622e-08,3.51616388756167e-09,1.28627383920913e-11,2.02818452314086e-08,7.44002690117559e-11
2041737.94466949,2.46016216907113e-08,6.37780920146593e-09,2.05700408932465e-08,7.54515474146286e-11,4.36480873607341e-09,1.27693366791128e-08,3.47464764523653e-09,1.27108700217783e-11,2.0274452054033e-08,7.43731792419243e-11
2089296.130854,2.45866543390107e-08,6.37636104332148e-09,2.05555165866108e-08,7.53984359510768e-11,4.36314393942333e-09,1.27644662827433e-08,3.43356357560487e-09,1.25605827347693e-11,2.02667191058324e-08,7.43448445101047e-11
2137962.08950219,2.45713865481182e-08,6.37494553146061e-09,2.0540787335852e-08,7.53445712227715e-11,4.36140272341459e-09,1.27593723199899e-08,3.39290533849886e-09,1.24118533422685e-11,2.02586311911907e-08,7.43152091388654e-11
2187761.62394951,2.45557964428688e-08,6.37356193686537e-09,2.05258339358459e-08,7.52898829117435e-11,4.35958167887507e-09,1.27540448172505e-08,3.35266662704702e-09,1.22646587774104e-11,2.02501724745694e-08,7.42842151061565e-11
2238721.1385683,2.45398614136379e-08,6.37220954649088e-09,2.05106365905019e-08,7.52342985338402e-11,4.35767725387548e-09,1.27484733832838e-08,3.31284116667268e-09,1.21189760916063e-11,2.02413264573257e-08,7.42518019604242e-11
2290867.65276773,2.45235580866401e-08,6.37088766292885e-09,2.04951748876697e-08,7.51777433468107e-11,4.35568574863658e-09,1.27426471943107e-08,3.27342271413929e-09,1.19747824510532e-11,2.02320759540568e-08,7.42179067339472e-11
2344228.81531988,2.45068622937245e-08,6.36959560407756e-09,2.04794277736312e-08,7.51201402568526e-11,4.35360331034107e-09,1.2736554978836e-08,3.23440505664695e-09,1.18320551334277e-11,2.02224030685009e-08,7.41824638545306e-11
2398832.91901944,2.44897490417051e-08,6.36833270281828e-09,2.04633735272132e-08,7.50614097238223e-11,4.35142592785764e-09,1.27301850022136e-08,3.1957820109854e-09,1.16907715247941e-11,2.02122891690306e-08,7.41454050557591e-11
2454708.91568498,2.4472192481279e-08,6.36709830669796e-09,2.0446989733561e-08,7.50014696651805e-11,4.34914942638595e-09,1.27235250509806e-08,3.15754742274864e-09,1.15509091167343e-11,2.02017148637794e-08,7.41066592858829e-11
2511886.43150953,2.44541658755866e-08,6.36589177761815e-09,2.04302532576216e-08,7.49402353588533e-11,4.34676946203309e-09,1.27165624169901e-08,3.11969516561702e-09,1.14124455037207e-11,2.01906599754487e-08,7.40661526155162e-11
2570395.78276881,2.44356415684817e-08,6.36471249152995e-09,2.04131402173899e-08,7.48776193452603e-11,4.34428151633304e-09,1.27092838813781e-08,3.08221914071298e-09,1.12753583807638e-11,2.01791035158514e-08,7.40238081444007e-11
2630267.99189533,2.44165909525841e-08,6.36355983813508e-09,2.03956259569811e-08,7.4813531328701e-11,4.34168089072265e-09,1.27016756984028e-08,3.04511327603692e-09,1.11396255413516e-11,2.01670236602525e-08,7.39795459074263e-11
2691534.80392686,2.43969844372007e-08,6.36243322059274e-09,2.0377685019599e-08,7.47478780783516e-11,4.33896270098932e-09,1.26937235792013e-08,3.00837152599034e-09,1.10052248757058e-11,2.01543977215793e-08,7.3933282780161e-11
2754228.70333811,2.43767914162096e-08,6.36133205523236e-09,2.03592911204805e-08,7.46805633291701e-11,4.33612187170764e-09,1.26854126755134e-08,2.9719878709936e-09,1.08721343693845e-11,2.01412021245789e-08,7.38849323841893e-11
2818382.9312644,2.43559802360142e-08,6.36025577127204e-09,2.03404171199033e-08,7.46114876830862e-11,4.33315313068381e-09,1.26767275634293e-08,2.93595631720618e-09,1.07403321022652e-11,2.01274123800133e-08,7.38344049926345e-11
2884031.50312655,2.43345181636862e-08,6.3592038105426e-09,2.03210349963587e-08,7.4540548510724e-11,4.33005100342964e-09,1.26676522272229e-08,2.90027089635805e-09,1.0609796247924e-11,2.01130030589908e-08,7.3781607436116e-11
2951209.22666633,2.43123713554302e-08,6.35817562721712e-09,2.03011158199969e-08,7.44676398541868e-11,4.32680980768955e-09,1.265817004334e-08,2.86492566570066e-09,1.04805050734609e-11,2.00979477675443e-08,7.37264430096695e-11
3019951.72040196,2.42895048255161e-08,6.35717068754605e-09,2.02806297264691e-08,7.43926523312729e-11,4.3234236480471e-09,1.26482637646205e-08,2.82991470808725e-09,1.03524369397931e-11,2.00822191215785e-08,7.36688113809993e-11
3090295.43251353,2.42658824158404e-08,6.35618846959747e-09,2.02595458912993e-08,7.43154730416628e-11,4.31988641063987e-09,1.26379155048357e-08,2.79523213219198e-09,1.02255703024613e-11,2.0065788722321e-08,7.36086085006063e-11
3162277.66016832,2.4241466766295e-08,6.35522846300274e-09,2.0237832504934e-08,7.4235985475533e-11,4.31619175801455e-09,1.26271067236375e-08,2.76087207287844e-09,1.00998837129713e-11,2.00486271324239e-08,7.35457265142442e-11
3235936.56929622,2.42162192861362e-08,6.35429016870724e-09,2.02154567486318e-08,7.41540694253364e-11,4.31233312415728e-09,1.26158182120191e-08,2.7268286917281e-09,9.97535582073358e-12,2.00307038528798e-08,7.34800536784464e-11
3311311.21482584,2.41901001265672e-08,6.35337309872621e-09,2.01923847713696e-08,7.40696009012487e-11,4.30830370973693e-09,1.26040300783995e-08,2.69309617774012e-09,9.85196537561986e-12,2.00119873009274e-08,7.34114742796237e-11
3388441.56139196,2.41630681547647e-08,6.35247677590552e-09,2.0168581667956e-08,7.39824520510686e-11,4.3040964776031e-09,1.25917217354524e-08,2.65966874821397e-09,9.7296912311914e-12,1.99924447891394e-08,7.33398685575202e-11
3467368.50452525,2.41350809295988e-08,6.35160073368737e-09,2.0144011458563e-08,7.38924910853443e-11,4.29970414858347e-09,1.25788718878116e-08,2.62654064982721e-09,9.60851234864392e-12,1.99720425059012e-08,7.32651126338016e-11
3548133.89233568,2.41060946793179e-08,6.35074451588076e-09,2.0118637069898e-08,7.37995822084656e-11,4.29511919762908e-09,1.25654585207937e-08,2.59370615992055e-09,9.48840780150348e-12,1.99507454975063e-08,7.31870784465156e-11
3630780.54770094,2.40760642814903e-08,6.34990767643673e-09,2.00924203182614e-08,7.37035855567026e-11,4.29033385035994e-09,1.25514588902924e-08,2.56115958800338e-09,9.3693567811321e-12,1.992851765211e-08,7.31056336914059e-11
3715352.29097165,2.40449432455138e-08,6.34908977922816e-09,2.00653218947487e-08,7.36043571441211e-11,4.28534008006704e-09,1.25368495140077e-08,2.52889527749253e-09,9.25133860308754e-12,1.99053216858045e-08,7.30206417710113e-11
3801893.96320554,2.40126836980318e-08,6.34829039783412e-09,2.00373013528786e-08,7.35017488173886e-11,4.28012960523096e-09,1.25216061641867e-08,2.49690760769771e-09,9.13433271438445e-12,1.98811191310924e-08,7.29319617525637e-11
3890451.44994273,2.39792363716112e-08,6.34750911532878e-09,2.00083170989417e-08,7.33956082205087e-11,4.2746938876214e-09,1.25057038620633e-08,2.46519099606719e-09,9.01831870169944e-12,1.98558703280594e-08,7.28394483357265e-11
3981071.70553489,2.3944550597065e-08,6.34674552407453e-09,1.99783263853909e-08,7.32857787708115e-11,4.26902413104583e-09,1.2489116874198e-08,2.43373990070697e-09,8.90327630059011e-12,1.98295344185615e-08,7.27429518314982e-11
4073802.77804105,2.39085742998223e-08,6.34599922551957e-09,1.99472853076066e-08,7.31720996472375e-11,4.26311128081977e-09,1.24718187109277e-08,2.40254882318727e-09,8.78918540575294e-12,1.98020693437646e-08,7.26423181533227e-11
4168693.83470327,2.38712540007729e-08,6.34526982999957e-09,1.99151488043928e-08,7.3054405792305e-11,4.25694602403524e-09,1.24537821271513e-08,2.37161231164941e-09,8.67602608238005e-12,1.97734318453914e-08,7.25373888217975e-11
4265795.18801584,2.38325348220348e-08,6.34455695654362e-09,1.98818706625781e-08,7.29325279292033e-11,4.25051879070782e-09,1.24349791256852e-08,2.3409249642263e-09,8.56377857867129e-12,1.97435774710498e-08,7.24280009844225e-11
4365158.32240157,2.3792360498116e-08,6.34386023268407e-09,1.98474035261125e-08,7.28062925952741e-11,4.24381975588674e-09,1.24153809634369e-08,2.31048143278912e-09,8.45242333952686e-12,1.97124605840336e-08,7.23139874516548e-11
4466835.92150954,2.37506733929598e-08,6.3431792942705e-09,1.98116989100683e-08,7.26755221935504e-11,4.23683884281608e-09,1.23949581606524e-08,2.28027642703219e-09,8.34194102148528e-12,1.96800343780067e-08,7.21951767509388e-11
4570881.89614866,2.3707414523385e-08,6.34251378528753e-09,1.97747072199702e-08,7.25400350638171e-11,4.22956572723838e-09,1.23736805135073e-08,2.25030471890735e-09,8.23231250893666e-12,1.96462508969931e-08,7.20713932001805e-11
4677351.41287189,2.36625235894469e-08,6.34186335767645e-09,1.97363777768914e-08,7.23996455747775e-11,4.22198984293549e-09,1.23515171103161e-08,2.22056114741811e-09,8.12351893164657e-12,1.96110610611142e-08,7.19424570022499e-11
4786300.92322629,2.36159390122612e-08,6.34122767116064e-09,1.96966588487691e-08,7.22541642390687e-11,4.21410038860349e-09,1.23284363516452e-08,2.19104062378263e-09,8.01554168363399e-12,1.95744146985224e-08,7.18081843622594e-11
4897788.19368436,2.35675979798438e-08,6.3406063930747e-09,1.96554976883972e-08,7.21033978527412e-11,4.20588633616131e-09,1.23044059746198e-08,2.16173813697317e-09,7.90836244342284e-12,1.95362605839947e-08,7.1668387629234e-11
5011872.33627262,2.35174365015297e-08,6.33999919819711e-09,1.96128405785652e-08,7.19471496609524e-11,4.19733644059367e-09,1.22793930817197e-08,2.13264875963795e-09,7.80196319569256e-12,1.94965464846529e-08,7.15228754639279e-11
5128613.83991355,2.34653894715355e-08,6.33940576858654e-09,1.95686328848148e-08,7.17852195515738e-11,4.18843925143014e-09,1.22533641743616e-08,2.10376765440928e-09,7.69632625433946e-12,1.94552192132835e-08,7.13714530344901e-11
5248074.60249762,2.34113907422336e-08,6.33882579342155e-09,1.95228191162841e-08,7.16174042784409e-11,4.17918312596188e-09,1.22262851915646e-08,2.07509008059979e-09,7.59143428695483e-12,1.94122246897295e-08,7.12139222417112e-11
5370317.96370242,2.33553732076972e-08,6.33825896884374e-09,1.94753429951073e-08,7.14434977160023e-11,4.1695562442967e-09,1.21981215539946e-08,2.04661140128557e-09,7.48727034072171e-12,1.93675080108206e-08,7.10500819756134e-11
5495408.73857613,2.3297268898066e-08,6.33770499780426e-09,1.94261475348243e-08,7.12632911469941e-11,4.15954662635102e-09,1.21688382136742e-08,2.01832709077262e-09,7.38381786971062e-12,1.93210135293005e-08,7.08797284050115e-11
5623413.25190338,2.32370090852623e-08,6.33716358991354e-09,1.93751751282444e-08,7.10765735847501e-11,4.14914215087399e-09,1.21383997096383e-08,1.99023274243923e-09,7.28106076354795e-12,1.92726849421938e-08,7.0702655301664e-11
5754399.37337145,2.31745244005631e-08,6.33663446129426e-09,1.93223676451806e-08,7.08831321317196e-11,4.13833057659446e-09,1.21067702298e-08,1.96232407694375e-09,7.17898337742083e-12,1.9222465389033e-08,7.05186544005877e-11
5888436.55355577,2.31097449644978e-08,6.33611733443748e-09,1.92676665404484e-08,7.06827523756269e-11,4.12709956557528e-09,1.20739136792741e-08,1.93459695078288e-09,7.07757056336494e-12,1.91702975603389e-08,7.03275157979776e-11
6025595.86074345,2.30426005294993e-08,6.33561193806182e-09,1.92110129724823e-08,7.04752188245256e-11,4.11543670885184e-09,1.20397937553832e-08,1.90704736518158e-09,6.97680770276043e-12,1.91161238167113e-08,7.01290283879897e-11
6165950.0186147,2.29730206356824e-08,6.33511800697569e-09,1.9152347932883e-08,7.02603153819577e-11,4.10332955442218e-09,1.20043740295431e-08,1.87967147529075e-09,6.87668073995665e-12,1.90598863188422e-08,6.99229803396056e-11
6309573.4448018,2.29009347800617e-08,6.33463528194247e-09,1.90916123871522e-08,7.00378258631218e-11,4.09076563764467e-09,1.19676180361922e-08,1.85246559966419e-09,6.77717621691612e-12,1.90015271687126e-08,6.97091596144856e-11
6456542.29034642,2.28262725994454e-08,6.33416350954859e-09,1.90287474268127e-08,6.9807534552739e-11,4.07773251408626e-09,1.19294893688893e-08,1.82542622998062e-09,6.67828130875037e-12,1.89409885621719e-08,6.94873545265112e-11
6606934.48007582,2.27489640671566e-08,6.33370244207443e-09,1.896369443304e-08,6.95692268051933e-11,4.06421779484851e-09,1.18899517836612e-08,1.79855004097136e-09,6.5799838600143e-12,1.88782129530269e-08,6.92573543435957e-11
6760829.75391968,2.26689397036377e-08,6.33325183736806e-09,1.88963952518489e-08,6.93226896869357e-11,4.05020918438175e-09,1.1848969309628e-08,1.77183390050809e-09,6.48227242157613e-12,1.88131432286875e-08,6.90189499317663e-11
6918309.70918922,2.25861308008809e-08,6.33281145872168e-09,1.88267923807892e-08,6.90677126612145e-11,4.03569452077762e-09,1.18065063668806e-08,1.74527487979931e-09,6.38513628789677e-12,1.87457228973247e-08,6.87719344415808e-11
7079457.84384123,2.25004696605103e-08,6.33238107475065e-09,1.8754829167003e-08,6.88040883142772e-11,4.0206618185089e-09,1.17625278915161e-08,1.71887026363775e-09,6.28856553447859e-12,1.86758962863968e-08,6.85161040360398e-11
7244359.60074975,2.24118898452047e-08,6.33196045927534e-09,1.86804500163852e-08,6.85316131224447e-11,4.00509931356127e-09,1.17169994676726e-08,1.69261756063498e-09,6.19255105528244e-12,1.8603608752285e-08,6.82512586593988e-11
7413102.41300902,2.23203264430061e-08,6.33154939120531e-09,1.86036006134668e-08,6.82500882583909e-11,3.98899551087599e-09,1.16698874663228e-08,1.66651451337282e-09,6.09708459983076e-12,1.85288069006642e-08,6.79772028452234e-11
7585775.75029168,2.22257163439036e-08,6.33114765442617e-09,1.85242281515132e-08,6.79593204348772e-11,3.97233923399429e-09,1.16211591905104e-08,1.64055910839545e-09,6.00215880972884e-12,1.84514388170997e-08,6.7693746561947e-11
7762471.16628676,2.21279985279152e-08,6.3307550376888e-09,1.84422815721882e-08,6.76591227835849e-11,3.95511967676455e-09,1.15707830266199e-08,1.61474958595989e-09,5.90776725430479e-12,1.83714543072266e-08,6.74007060935802e-11
7943282.34724265,2.20271143637153e-08,6.33037133450108e-09,1.8357711813992e-08,6.7349315766082e-11,3.93732645694199e-09,1.15187286011843e-08,1.58908444945681e-09,5.81390446504214e-12,1.82888051457189e-08,6.70979049526196e-11
8128305.16164082,2.19230079166734e-08,6.32999634302185e-09,1.82704720685264e-08,6.70297281134769e-11,3.91894967147792e-09,1.14649669426341e-08,1.56356247440879e-09,5.72056596846611e-12,1.82034453331072e-08,6.67851748217152e-11
8317637.71102654,2.18156262649809e-08,6.32962986595727e-09,1.81805180434868e-08,6.67001977907319e-11,3.89997995326168e-09,1.14094706472977e-08,1.538182716948e-09,5.62774831712733e-12,1.8115331359344e-08,6.64623565200771e-11
8511380.38202359,2.17049198223527e-08,6.32927171045946e-09,1.8087808231119e-08,6.63605729809917e-11,3.88040852904448e-09,1.13522140488583e-08,1.51294452167177e-09,5.53544911830918e-12,1.80244224728583e-08,6.61293009899858e-11
8709635.89956062,2.15908426655961e-08,6.32892168802725e-09,1.79923041807201e-08,6.60107130847724e-11,3.86022727823926e-09,1.12931733903744e-08,1.48784752877108e-09,5.44366706008027e-12,1.79306809536807e-08,6.57858702982573e-11
8912509.38133727,2.14733528651518e-08,6.3285796144092e-09,1.78939707736047e-08,6.56504897280812e-11,3.83942879225744e-09,1.12323269978704e-08,1.46289168032503e-09,5.35240193428905e-12,1.78340723890606e-08,6.54319386467398e-11
9120108.3935589,2.13524128165247e-08,6.3282453095087e-09,1.77927764988019e-08,6.52797877733358e-11,3.81800643400916e-09,1.11696554544061e-08,1.43807722565324e-09,5.26165465612443e-12,1.77345659498443e-08,6.50673933857154e-11
9332543.00796971,2.12279895703462e-08,6.32791859729115e-09,1.7688693727605e-08,6.48985063259321e-11,3.7959543971631e-09,1.1105141773442e-08,1.41340472561845e-09,5.17142727982708e-12,1.7632134665735e-08,6.46921360230632e-11
9549925.86021416,2.11000551586473e-08,6.32759930569318e-09,1.75816989849557e-08,6.45065597293235e-11,3.77326776473152e-09,1.10387715702316e-08,1.38887505577308e-09,5.08172301018389e-12,1.752675569742e-08,6.43060832220448e-11
9772372.2095579,2.09685869147714e-08,6.32728726653386e-09,1.74717732155241e-08,6.41038785405225e-11,3.74994256652029e-09,1.09705332298922e-08,1.3644894082467e-09,4.99254620940924e-12,1.74184106034244e-08,6.39091677796306e-11
9999999.99999979,2.0833567784229e-08,6.32698231542787e-09,1.73589020422386e-08,6.36904104779991e-11,3.72597583496026e-09,1.09004180707409e-08,1.34024929227595e-09,4.90390239906991e-12,1.73070855994471e-08,6.35013395773382e-11
10232929.9228073,2.06949866236931e-08,6.32668429170055e-09,1.72430760149326e-08,6.32661213332958e-11,3.70136565881788e-09,1.08284205014262e-08,1.31615653328487e-09,4.81579825670679e-12,1.71927718078452e-08,6.30825664959028e-11
10471285.4805088,2.05528384852552e-08,6.32639303830485e-09,1.71242908467131e-08,6.28309958376199e-11,3.67611123426908e-09,1.07545381703451e-08,1.29221327043157e-09,4.72824160684964e-12,1.70754654948713e-08,6.26528352850393e-11
10715193.0523758,2.04071248830217e-08,6.3261084017401e-09,1.70025476356171e-08,6.23850384744873e-11,3.65021291281232e-09,1.06787721058148e-08,1.26842195254704e-09,4.64124140615307e-12,1.69551682932292e-08,6.22121523793629e-11
10964781.9614316,2.02578540391144e-08,6.32583023197256e-09,1.68778530691161e-08,6.19282742294838e-11,3.62367224549511e-09,1.06011268454572e-08,1.24478533240316e-09,4.55480772242512e-12,1.68318874075044e-08,6.17605446515321e-11
11220184.5430194,2.01050411061729e-08,6.32555838235771e-09,1.67502196090496e-08,6.14607492682596e-11,3.59649202293285e-09,1.05216105532751e-08,1.22130645926029e-09,4.46895170736541e-12,1.67056358000514e-08,6.12980600937184e-11
11481536.2149686,1.99487083635191e-08,6.32529270956432e-09,1.66196656546272e-08,6.09825315340933e-11,3.56867631061111e-09,1.04402351229305e-08,1.19798866965953e-09,4.38368556288448e-12,1.6576432354972e-08,6.08247684187326e-11
11748975.549395,1.97888853842585e-08,6.32503307350011e-09,1.64862156812298e-08,6.04937112567354e-11,3.5402304789823e-09,1.03570162657917e-08,1.17483557644053e-09,4.29902250093725e-12,1.64443020179136e-08,6.03407615725035e-11
12022644.3461739,1.96256091707425e-08,6.32477933723908e-09,1.63499003528678e-08,5.9994401364681e-11,3.51116122789455e-09,1.02719735824018e-08,1.15185105598361e-09,4.21497669686549e-12,1.6309275909541e-08,5.98461541500481e-11
12302687.7081235,1.94589242560147e-08,6.32453136695051e-09,1.62107566063184e-08,5.94847377935689e-11,3.48147660492634e-09,1.0185130616116e-08,1.12903923369283e-09,4.13156323630737e-12,1.61713914107005e-08,5.93410837076139e-11
12589254.1179414,1.92888827691017e-08,6.32428903182943e-09,1.60688277051622e-08,5.896487968426e-11,3.45118601724256e-09,1.00965148877874e-08,1.10640446775629e-09,4.04879805581148e-12,1.60306922174907e-08,5.88257109645307e-11
12882495.5169311,1.91155444622892e-08,6.3240522040287e-09,1.59241632621736e-08,5.84350094648422e-11,3.42030023663837e-09,1.00061579105227e-08,1.08395133123952e-09,3.96669787735386e-12,1.58872283646917e-08,5.8300219889002e-11
13182567.3855638,1.89389766988439e-08,6.3238207585926e-09,1.57768192287838e-08,5.78953328119484e-11,3.3888313974939e-09,9.91409518369836e-09,1.06168459258757e-09,3.88528013704044e-12,1.5741056216264e-08,5.77648176632021e-11
13489628.8259162,1.87592543999933e-08,6.3235945733918e-09,1.56268578506301e-08,5.73460784877518e-11,3.35679298742617e-09,9.82036616561316e-09,1.03960919463154e-09,3.80456290834315e-12,1.55922384219276e-08,5.72197345240246e-11
13803842.6460286,1.85764599503605e-08,6.32337352905993e-09,1.54743475885253e-08,5.67874980501133e-11,3.32419983049372e-09,9.72501422435255e-09,1.01773023221442e-09,3.72456482028426e-12,1.54408438391474e-08,5.66652234769362e-11
14125375.4462272,1.83906830614608e-08,6.32315750893136e-09,1.53193630045205e-08,5.6219865434858e-11,3.29106806288227e-09,9.62808656665677e-09,9.9605292856956e-10,3.64530497106815e-12,1.52869474201935e-08,5.61015598818914e-11
14454397.707459,1.82020205932949e-08,6.32294639898059e-09,1.51619846130924e-08,5.56434764100774e-11,3.25741510107696e-09,9.529634144808e-09,9.74582610602467e-10,3.5668028376968e-12,1.51306300643021e-08,5.5529040911183e-11
14791083.8816817,1.80105763345128e-08,6.32274008776276e-09,1.50022986978523e-08,5.50586479041289e-11,3.22325960260529e-09,9.42971154178304e-09,9.53324683242357e-10,3.4890781821918e-12,1.49719784353271e-08,5.49479848808797e-11
15135612.4843617,1.78164607420702e-08,6.32253846635566e-09,1.48403970945451e-08,5.4465717210013e-11,3.18862141951503e-09,9.32837683515209e-09,9.32284603043737e-10,3.41215095507282e-12,1.48110847456461e-08,5.43587304585097e-11
15488166.1891245,1.76197906417411e-08,6.32234142830293e-09,1.4676376941476e-08,5.38650410703243e-11,3.15352154483073e-09,9.22569144043605e-09,9.11467851230012e-10,3.33604119679628e-12,1.46480465074515e-08,5.37616357511656e-11
15848931.9246108,1.74206888912833e-08,6.32214886955857e-09,1.45103403988608e-08,5.32569946482999e-11,3.11798205231e-09,9.12171993486235e-09,8.90879906380467e-10,3.26076893789267e-12,1.448296625292e-08,5.31570772795375e-11
16218100.9735889,1.72192840084686e-08,6.32196068843264e-09,1.43423943389438e-08,5.26419703917318e-11,3.08202602989514e-09,9.0165298626764e-09,8.70526216968584e-10,3.18635409856309e-12,1.43159512250964e-08,5.25454488446196e-11
16595869.0743752,1.70157097665768e-08,6.32177678553824e-09,1.41726500090492e-08,5.20203767975725e-11,3.04567750732567e-09,8.91019152337046e-09,8.50412173963602e-10,3.11281638850312e-12,1.41471130416554e-08,5.19271602949062e-11
16982436.5246171,1.68101047603139e-08,6.32159706373963e-09,1.4001222670028e-08,5.1392637086471e-11,3.00896137844097e-09,8.80277774437854e-09,8.30543083708184e-10,3.04017520774454e-12,1.39765673339991e-08,5.13026362032979e-11
17378008.2874934,1.66026119454262e-08,6.32142142810148e-09,1.38282312128293e-08,5.07591877970215e-11,2.97190331875971e-09,8.69436363995325e-09,8.10924141283178e-10,2.96844954927321e-12,1.38044333644142e-08,5.0672314463489e-11
17782794.1003888,1.63933781555616e-08,6.32124978583931e-09,1.36537977561506e-08,5.0120477310704e-11,2.93452969897136e-09,8.58502635808359e-09,7.91560404565579e-10,2.89765790418528e-12,1.36308336242428e-08,5.00366448168051e-11
18197008.5860994,1.61825536001487e-08,6.321082046271e-09,1.34780472283069e-08,4.94769643189918e-11,2.89686749501583e-09,8.47484481743096e-09,7.72456769178197e-10,2.82781817010499e-12,1.34558934162033e-08,4.9396087320957e-11
18620871.3666283,1.59702913472394e-08,6.32091812076941e-09,1.33011069366046e-08,4.88291162446411e-11,2.85894419545765e-09,8.36389943635058e-09,7.53617944519183e-10,2.75894756355032e-12,1.32797404241457e-08,4.87511107727224e-11
19054607.179632,1.57567467953741e-08,6.32075792271601e-09,1.31231061275982e-08,4.81774076295981e-11,2.82078770688243e-09,8.25227185612679e-09,7.35048431046786e-10,2.69106253689021e-12,1.31025042736197e-08,4.81021910969865e-11
19498445.99758,1.55420771385912e-08,6.32060136745563e-09,1.29441755416625e-08,4.7522318502062e-11,2.78242625805395e-09,8.14004466058275e-09,7.16752498979665e-10,2.62417870047715e-12,1.29243160866863e-08,4.74498097146804e-11
19952623.1496884,1.53264408287036e-08,6.32044837225213e-09,1.27644469653103e-08,4.6864332735342e-11,2.74388830357111e-09,8.02730109422692e-09,6.98734168556162e-10,2.55831075048241e-12,1.27453080344066e-08,4.67944519022588e-11
20417379.4466949,1.51099970389165e-08,6.32029885624512e-09,1.25840527846483e-08,4.6203936410871e-11,2.70520242775489e-09,7.91412478107225e-09,6.80997191977334e-10,2.49347240288626e-12,1.25656128903979e-08,4.61366051550811e-11
20892961.3085399,1.48929051327531e-08,6.32015274040764e-09,1.24031255432718e-08,4.55416161975291e-11,2.6663972494765e-09,7.80059944620927e-09,6.63545037138793e-10,2.42967633400981e-12,1.23853635887627e-08,4.54767575668605e-11
21379620.8950218,1.46753241421019e-08,6.32000994750477e-09,1.2221797507773e-08,4.48778577589044e-11,2.62750132861097e-09,7.68680864213386e-09,6.46380873235633e-10,2.36693412789597e-12,1.22046927895676e-08,4.48153962368141e-11
21877616.2394951,1.44574122580024e-08,6.3198704020532e-09,1.20402002438713e-08,4.421314419952e-11,2.58854307476405e-09,7.57283548172616e-09,6.29507558303589e-10,2.30525623077036e-12,1.20237324548809e-08,4.41530057155574e-11
22387211.3856829,1.42393263375397e-08,6.31973403028168e-09,1.1858464205972e-08,4.35479545603137e-11,2.54955065887791e-09,7.45876237965118e-09,6.12927628738182e-10,2.24465191273422e-12,1.18426134381837e-08,4.34900665000389e-11
22908676.5276772,1.40212214299513e-08,6.31960076009236e-09,1.16767183427347e-08,4.28827623728301e-11,2.51055192827169e-09,7.34467080380824e-09,5.96643290812511e-10,2.1851292367652e-12,1.1661465089734e-08,4.28270535869939e-11
23442288.1531987,1.38032503247403e-08,6.31947052102299e-09,1.14950897209751e-08,4.22180342806561e-11,2.47157432561862e-09,7.23064103829682e-09,5.80656414193764e-10,2.12669503502616e-12,1.14804148802176e-08,4.21644350934606e-11
23988329.1901944,1.35855631242639e-08,6.31934324421001e-09,1.13137031699567e-08,4.15542287356259e-11,2.43264481230305e-09,7.11675195919605e-09,5.64968527438844e-10,2.06935489241009e-12,1.12995880447427e-08,4.15026709519035e-11
24547089.1568498,1.33683068429272e-08,6.31921886235242e-09,1.11326809478413e-08,4.08917947752973e-11,2.39378979653942e-09,7.00308082427522e-09,5.49580815430913e-10,2.013113137182e-12,1.11191072489538e-08,4.0842211686464e-11
25118864.3150952,1.3151625034756e-08,6.3190973096765e-09,1.0952142431774e-08,4.02311708870752e-11,2.35503506657208e-09,6.88970307756873e-09,5.34494118701537e-10,1.95797283851368e-12,1.09390922787468e-08,4.01834972757311e-11
25703957.8276881,1.29356574507688e-08,6.31897852190128e-09,1.07722038327854e-08,3.95727839633739e-11,2.31640572921141e-09,6.77669216956188e-09,5.1970893456743e-10,1.90393581065481e-12,1.07596597547695e-08,3.95269561064442e-11
26302679.9189532,1.27205397272161e-08,6.31886243620483e-09,1.05929779363943e-08,3.89170483509856e-11,2.27792615389782e-09,6.66411939354936e-09,5.05225419997e-10,1.85100262342637e-12,1.05809228726008e-08,3.8873004021313e-11
26915348.0392686,1.2506403105405e-08,6.3187489911913e-09,1.04145738695128e-08,3.82643649969206e-11,2.23961992242395e-09,6.55205373854623e-09,4.91043396109799e-10,1.7991726186854e-12,1.04029911692108e-08,3.82220434632391e-11
27542287.033381,1.22933741834999e-08,6.31863812685866e-09,1.02370968939713e-08,3.76151206918675e-11,2.2015097843849e-09,6.44056175895686e-09,4.77162354201864e-10,1.74844393236857e-12,1.02259703160282e-08,3.75744627171051e-11
28183829.3126439,1.20815747003665e-08,6.31852978456724e-09,1.00606482267232e-08,3.69696874114354e-11,2.16361761837014e-09,6.32970746104092e-09,4.63581463181731e-10,1.69881352169103e-12,1.00499619386773e-08,3.69306352493125e-11
28840315.0312654,1.18711213512362e-08,6.3184239070089e-09,9.88532488653943e-09,3.63284217546009e-11,2.12596439885709e-09,6.21955220606e-09,4.50299578295584e-10,1.65027719706149e-12,9.87506346319974e-09,3.62909191445053e-11
29512092.2666632,1.16621256346899e-08,6.31832043817697e-09,9.71121956677452e-09,3.56916644776839e-11,2.08857016871769e-09,6.11015462984503e-09,4.37315251015583e-10,1.60282965824635e-12,9.7013679883475e-09,3.56556566378213e-11
30199517.2040195,1.14546937302141e-08,6.3182193233368e-09,9.53842053358272e-09,3.50597401216878e-11,2.05145401720467e-09,6.00157057839449e-09,4.24626739962775e-10,1.55646453431819e-12,9.52896418332974e-09,3.50251737405212e-11
30902954.3251352,1.12489264053618e-08,6.31812050899703e-09,9.36701154877581e-09,3.44329567299732e-11,2.01463406324436e-09,5.89385305899743e-09,4.12232022735004e-10,1.51117442691149e-12,9.35793621020849e-09,3.43997799559772e-11
31622776.6016831,1.1044918951357e-08,6.31802394288145e-09,9.19707181635548e-09,3.38116056527382e-11,1.97812744382873e-09,5.78705220627395e-09,4.00128808510874e-10,1.46695095631533e-12,9.18836366997954e-09,3.37797680825083e-11
32359365.6929621,1.08427611458155e-08,6.31792957390157e-09,9.02867595161516e-09,3.31959614342636e-11,1.94195030726922e-09,5.68121526243927e-09,3.88314551302811e-10,1.42378480993898e-12,9.02032157123683e-09,3.31654140990295e-11
33113112.1482584,1.06425372411204e-08,6.31783735212975e-09,8.86189397159295e-09,3.25862817784285e-11,1.90611781105076e-09,5.57638657102556e-09,3.76786463735559e-10,1.3816657926974e-12,8.85388032020431e-09,3.25569771290338e-11
33884415.6139195,1.04443259768809e-08,6.31774722877295e-09,8.69679130556638e-09,3.1982807587735e-11,1.87064412400458e-09,5.4726075832386e-09,3.65541531230842e-10,1.34058287888203e-12,8.68910573082872e-09,3.19546994781508e-11
34673685.0452524,1.02482006148181e-08,6.31765915614708e-09,8.53342882421106e-09,3.13857630707173e-11,1.83554243250364e-09,5.36991687608255e-09,3.54576526484267e-10,1.30052426509738e-12,8.52605905355707e-09,3.13588067401662e-11
35481338.9233568,1.00542289943668e-08,6.31757308765194e-09,8.37186288599727e-09,3.07953559126257e-11,1.80082495037398e-09,5.26835018135587e-09,3.43888024126629e-10,1.26147742387419e-12,8.36479702137481e-09,3.07695079663999e-11
36307805.4770093,9.86247360724737e-09,6.31748897774672e-09,8.21214539937028e-09,3.02117775038986e-11,1.76650293220926e-09,5.16794042460328e-09,3.33472415468578e-10,1.22342915758319e-12,8.20537191165153e-09,3.01869958929578e-11
37153522.9097164,9.67299168924632e-09,6.31740678192605e-09,8.05432389924945e-09,2.96352032212023e-11,1.73258668977334e-09,5.06871777310178e-09,3.23325923234763e-10,1.18636565231254e-12,8.04783162233066e-09,2.96114472206437e-11
38018939.6320553,9.4858353274553e-09,6.31732645669657e-09,7.89844163638716e-09,2.90657927555732e-11,1.69908561117688e-09,4.97070969196229e-09,3.1344461620116e-10,1.1502725313887e-12,7.89221976100443e-09,2.90430229420676e-11
38904514.4994272,9.30105158123885e-09,6.31724795955409e-09,7.74453767814853e-09,2.8503690482449e-11,1.66600818251839e-09,4.8739410074409e-09,3.03824423657007e-10,1.11513490825602e-12,7.73857574543609e-09,2.84818687107367e-11
39810717.0553488,9.11868261524248e-09,6.31717124896121e-09,7.59264701930604e-09,2.79490258684229e-11,1.63336201168697e-09,4.77843397657427e-09,2.94461149620616e-10,1.08093743845598e-12,7.58693491412316e-09,2.79281152469678e-11
40738027.7804104,8.93876584280482e-09,6.3170962843255e-09,7.44280070148695e-09,2.74019139096889e-11,1.60115385403355e-09,4.68420836228143e-09,2.85350486746093e-10,1.0476643704745e-12,7.4373286455399e-09,2.73818787755851e-11
41686938.3470326,8.76133407820097e-09,6.31702302597811e-09,7.29502593996431e-09,2.68624555974454e-11,1.56938963962872e-09,4.59128151310707e-09,2.76488029865707e-10,1.01529959525779e-12,7.2897844847494e-09,2.6843261490672e-11
42657951.8801583,8.5864156962173e-09,6.31695143515293e-09,7.14934625654325e-09,2.63307384056045e-11,1.53807450183832e-09,4.49966844682001e-09,2.6786928912006e-10,9.83826694219107e-13,7.14432627613657e-09,2.63123520427216e-11
43651583.2240156,8.41403479763755e-09,6.31688147396618e-09,7.00578161736037e-09,2.58068367965367e-11,1.5072128069621e-09,4.40938193712169e-09,2.59489702635454e-10,9.53228985590307e-13,7.00097430107915e-09,2.57892260439144e-11
44668359.2150953,8.24421137930528e-09,6.31681310539652e-09,6.86434857448536e-09,2.52908127407178e-11,1.47680818469618e-09,4.32043260276477e-09,2.51344648714661e-10,9.23489568992428e-13,6.85974541944537e-09,2.52739465873855e-11
45708818.9614865,8.07696150751695e-09,6.3167462932655e-09,6.72506041028801e-09,2.47827162465369e-11,1.4468635591959e-09,4.23282899842808e-09,2.43429457513819e-10,8.94591368127978e-13,6.72065321388016e-09,2.47665647767395e-11
46773514.1287188,7.91229749359098e-09,6.31668100221863e-09,6.58792728360976e-09,2.42825858966897e-11,1.41738118053197e-09,4.14657770674228e-09,2.3573942218422e-10,8.66517171515242e-13,6.5837081359184e-09,2.4267120262231e-11
47863009.2322628,7.75022807055054e-09,6.31661719770668e-09,6.45295637685581e-09,2.37904493879304e-11,1.38836265634941e-09,4.06168343090864e-09,2.28269809463438e-10,8.3924967120844e-13,6.44891765304005e-09,2.37756417803822e-11
48977881.9368435,7.59075856994972e-09,6.31655484596759e-09,6.32015204320035e-09,2.33063240712483e-11,1.35980898355517e-09,3.97814908740189e-09,2.21015869705393e-10,8.12771499466647e-13,6.31628639585856e-09,2.32921476940986e-11
50118723.3627261,7.43389109796367e-09,6.31649391400866e-09,6.18951595317328e-09,2.28302174897396e-11,1.33172057987668e-09,3.89597589829547e-09,2.13972846343745e-10,7.87065263349359e-13,6.18581630470984e-09,2.28166465305496e-11
51286138.3991353,7.27962470995192e-09,6.31643436958922e-09,6.0610472399704e-09,2.23621279117924e-11,1.3040973151495e-09,3.815163482794e-09,2.07135984787249e-10,7.62113577234878e-13,6.05750677498251e-09,2.23491375144268e-11
52480746.0249761,7.12795558279021e-09,6.31637618120369e-09,5.93474264290088e-09,2.19020448574254e-11,1.27693854220741e-09,3.73570994760305e-09,2.00500540749605e-10,7.37899093270403e-13,5.93135480060207e-09,2.18896110944171e-11
53703179.6370241,6.97887718434846e-09,6.31631931806499e-09,5.81059664845425e-09,2.14499496158756e-11,1.25024312726344e-09,3.65761197580932e-09,1.940617880197e-10,7.14404529775329e-13,5.80735511514995e-09,2.14380494609804e-11
54954087.3857612,6.83238043957129e-09,6.31626375008834e-09,5.6886016285349e-09,2.10058157527844e-11,1.22400947968407e-09,3.5808649139858e-09,1.87815025681178e-10,6.91612697630623e-13,5.6855003301643e-09,2.09944270537779e-11
56234132.5190336,6.68845389269219e-09,6.31620944787551e-09,5.56874797547394e-09,2.0569609605536e-11,1.19823558107248e-09,3.50546285727532e-09,1.81755584792855e-10,6.69506524695972e-13,5.56578107023099e-09,2.05587110573e-11
57543993.7337144,6.54708386518206e-09,6.31615638269929e-09,5.45102423348644e-09,2.01412907655495e-11,1.17291901358912e-09,3.43139873224291e-09,1.75878834543706e-10,6.48069078305595e-13,5.44818610453204e-09,2.01308618834901e-11
58884365.5355576,6.40825460909852e-09,6.31610452648846e-09,5.33541722629692e-09,1.97208125464907e-11,1.1480569874495e-09,3.35866437732135e-09,1.70180187898058e-10,6.27283585899294e-13,5.33270247457262e-09,1.9710833640328e-11
60255958.6074344,6.27194845556314e-09,6.316053851813e-09,5.2219121807059e-09,1.93081224375701e-11,1.1236463675504e-09,3.28725062070646e-09,1.64655106748128e-10,6.0713345385152e-13,5.21931561785895e-09,1.92985745855338e-11
61659500.1861468,6.13814595814939e-09,6.31600433186972e-09,5.11049284591736e-09,1.89031625412637e-11,1.09968369918516e-09,3.2171473555878e-09,1.59299106592302e-10,5.8760228456569e-13,5.10800948734548e-09,1.88940275647255e-11
63095734.4480179,6.00682603101585e-09,6.31595594046815e-09,5.00114160848957e-09,1.85058699949641e-11,1.07616523281836e-09,3.14834361262756e-09,1.54107760758512e-10,5.68673891904968e-13,4.99876666651282e-09,1.84971304335343e-11
64565422.9034641,5.87796608166567e-09,6.31590865201681e-09,4.89383960281045e-09,1.81161773761785e-11,1.05308694789844e-09,3.08082762962477e-09,1.49076704192784e-10,5.50332315032275e-13,4.89156847997684e-09,1.81078164632899e-11
66069344.8007581,5.75154213825575e-09,6.31586244150979e-09,4.78856681703414e-09,1.77340130910418e-11,1.03044457569436e-09,3.01458691832444e-09,1.44201636833483e-10,5.32561830734792e-13,4.78639509956449e-09,1.77260147300426e-11
67608297.5391967,5.62752897141706e-09,6.31581728451363e-09,4.68530219444689e-09,1.73593017460305e-11,1.00823362114923e-09,2.94960832835086e-09,1.39478326592104e-10,5.15346964309211e-13,4.6832256458236e-09,1.73516504868014e-11
69183097.0918921,5.50590021058161e-09,6.31577315715448e-09,4.58402373025878e-09,1.69919645028673e-11,9.86449383750083e-10,2.88587810826244e-09,1.34902611961521e-10,4.98672499084471e-13,4.58203828496245e-09,1.69846455189785e-11
70794578.4384122,5.38662845484156e-09,6.31573003610563e-09,4.48470856384272e-09,1.66319194166681e-11,9.65086977418134e-10,2.82338196374119e-09,1.30470404272561e-10,4.82523484657504e-13,4.4828103212397e-09,1.66249184830872e-11
72443596.0074974,5.26968537839261e-09,6.31568789857529e-09,4.38733306646433e-09,1.62790817575156e-11,9.4414134942884e-10,2.76210511294364e-09,1.26177689619572e-10,4.66885243918384e-13,4.38551828484771e-09,1.62723852288744e-11
74131024.1300901,5.15504183063666e-09,6.31564672229461e-09,4.29187292456545e-09,1.59333643156675e-11,9.2360729837507e-10,2.70203233905253e-09,1.22020530475328e-10,4.51743378938743e-13,4.29013801535108e-09,1.59269591050951e-11
75857757.5029167,5.04266793103892e-09,6.31560648550606e-09,4.19830321868049e-09,1.55946776906852e-11,9.03479491190357e-10,2.64314804007865e-09,1.17995067015206e-10,4.37083775796305e-13,4.19664474075934e-09,1.55885512492114e-11
77624711.6628674,4.93253315885139e-09,6.31556716695207e-09,4.10659849807916e-09,1.52629305648407e-11,8.83752479252198e-10,2.58543627597136e-09,1.14097518170065e-10,4.22892608407051e-13,4.10501315232648e-09,1.52570708613713e-11
79432823.4724264,4.82460643782894e-09,6.31552874586389e-09,4.01673285124072e-09,1.49380299611508e-11,8.64420713587978e-10,2.52888081310388e-09,1.10324182426665e-10,4.0915634143309e-13,4.01521747518218e-09,1.49324254630152e-11
81283051.6164081,4.71885621607624e-09,6.31549120195076e-09,3.928679972275e-09,1.46198814864897e-11,8.45478559208183e-10,2.47346516620536e-09,1.06671438393867e-10,3.9586173233376e-13,3.92723153490925e-09,1.46145211405601e-11
83176377.1102652,4.61525054117307e-09,6.31545451538931e-09,3.84241322341304e-09,1.43083895602041e-11,8.26920308593311e-10,2.41917263781713e-09,1.0313574515215e-10,3.82995832623462e-13,3.84102882019014e-09,1.43032627745823e-11
85113803.8202357,4.51375713073319e-09,6.31541866681324e-09,3.75790569369693e-09,1.40034576286942e-11,8.0874019436223e-10,2.36598635535421e-09,9.97136424032897e-11,3.7054598839771e-13,3.75658254165119e-09,1.3998554254962e-11
87096358.9956061,4.41434343855778e-09,6.31538363730322e-09,3.6751302540026e-09,1.3704988366484e-11,7.90932401150761e-10,2.31388930585642e-09,9.64017504363055e-11,3.58499840187244e-13,3.67386568703839e-09,1.37002986825123e-11
89125093.8133725,4.31697671654818e-09,6.31534940837706e-09,3.59405960853308e-09,1.34128838642216e-11,7.73491076730005e-10,2.2628643685152e-09,9.3196769925046e-11,3.46845322194826e-13,3.59285107286184e-09,1.34083985575298e-11
91201083.9355889,4.22162407254561e-09,6.31531596198009e-09,3.51466634292178e-09,1.31270458041678e-11,7.56410342394393e-10,2.2128943450641e-09,9.00954815720141e-11,3.35570660969575e-13,3.51351139264802e-09,1.31227559558279e-11
93325430.079697,4.12825252426655e-09,6.3152832804758e-09,3.43692296908631e-09,1.28473756236504e-11,7.39684302649666e-10,2.16396198812118e-09,8.70947456122925e-11,3.24664373568577e-13,3.43581926194027e-09,1.28432726927253e-11
95499258.6021414,4.03682904950286e-09,6.31525134663668e-09,3.36080196697362e-09,1.25737746669996e-11,7.2330705423105e-10,2.11605002757182e-09,8.41915011906748e-11,3.14115265253897e-13,3.35974726018803e-09,1.25698504755075e-11
97723722.0955788,3.94732063275463e-09,6.31522014363529e-09,3.28627582333638e-09,1.23061443264838e-11,7.0727269448172e-10,2.06914119508013e-09,8.13827656243678e-11,3.03912426770483e-13,3.28526796966466e-09,1.23023910448784e-11
99999999.9999977,3.8596943084623e-09,6.31518965503561e-09,3.21331706767935e-09,1.20443861727271e-11,6.91575329121356e-10,2.02321824681601e-09,7.86656335629076e-11,2.9404523124703e-13,3.21235401155221e-09,1.20407963058828e-11
102329299.228073,3.77391720100194e-09,6.31515986478448e-09,3.14189830551207e-09,1.1788402075118e-11,6.76209079434168e-10,1.97826398448388e-09,7.60372760562183e-11,2.84503330760154e-13,3.14097807932968e-09,1.17849684488094e-11
104712854.805088,3.68995656160477e-09,6.31513075720341e-09,3.07199224904209e-09,1.15380943126803e-11,6.61168088905209e-10,1.93426127473732e-09,7.34949395410602e-11,2.75276652599021e-13,3.07111296959857e-09,1.15348100605445e-11
107151930.523758,3.60777980235801e-09,6.31510231698042e-09,3.0035717454396e-09,1.12933656758945e-11,6.46446529333172e-10,1.8911930670622e-09,7.10359447554409e-11,2.66355395265805e-13,3.00273161047667e-09,1.12902242268648e-11
109647819.614316,3.52735452744073e-09,6.31507452916229e-09,2.93660980280114e-09,1.10541195599099e-11,6.32038606447121e-10,1.84904241020858e-09,6.86576855899234e-11,2.57730024244154e-13,2.93580708768768e-09,1.10511146261083e-11
112201845.430194,3.44864856174325e-09,6.31504737914678e-09,2.87107961393651e-09,1.0820260049609e-11,6.17938565053865e-10,1.80779246724939e-09,6.63576278841489e-11,2.49391267566455e-13,2.8703126684707e-09,1.08173856146865e-11
114815362.149686,3.37162997701484e-09,6.31502085267526e-09,2.8069545780988e-09,1.05916919969561e-11,6.04140693741824e-10,1.76742652934176e-09,6.4133308176295e-11,2.41330111208084e-13,2.80622182342953e-09,1.05889423048673e-11
117489755.49395,3.29626711567868e-09,6.3149949358254e-09,2.7442083207739e-09,1.03683210910351e-11,5.90639329166361e-10,1.7279280282638e-09,6.19823324126319e-11,2.33537794334582e-13,2.74350824643801e-09,1.0365690635236e-11
120226443.461738,3.222528612449e-09,6.31496961500408e-09,2.68281471164115e-09,1.01500539211948e-11,5.77428859940697e-10,1.68928054779758e-09,5.99023746237947e-11,2.26005804426343e-13,2.68214587271323e-09,1.01475374342511e-11
123026877.081235,3.15038341387931e-09,6.31494487694053e-09,2.62274788081293e-09,9.93679803367155e-12,5.64503730155567e-10,1.65146783402596e-09,5.78911755738826e-11,2.18725872302763e-13,2.62210889516423e-09,9.93439047726453e-12
125892541.179414,3.07980079596607e-09,6.3149207086796e-09,2.56398223345647e-09,9.72846198207976e-12,5.5185844254987e-10,1.61447380460838e-09,5.59465413880096e-11,2.11689967066948e-13,2.56337177911967e-09,9.72615853739874e-12
128824955.16931,3.01075037992673e-09,6.31489709757521e-09,2.50649246289687e-09,9.52495537210643e-12,5.39487561353637e-10,1.57828255709805e-09,5.40663421634742e-11,2.04890290989431e-13,2.50590927553331e-09,9.52275143061486e-12
131825673.855638,2.94320214626583e-09,6.31487403128408e-09,2.45025356229609e-09,9.3261889007553e-12,5.27385714823714e-10,1.54287837636011e-09,5.22485105692816e-11,1.98319274348437e-13,2.44969643276222e-09,9.32408005531877e-12
134896288.259162,2.87712644723787e-09,6.31485149775946e-09,2.39524083499823e-09,9.1320743904762e-12,5.15547597491621e-10,1.50824574114781e-09,5.04910404383475e-11,1.91969570242785e-13,2.39470860700806e-09,9.13005642684053e-12
138038426.460285,2.81249401781043e-09,6.3148294852452e-09,2.34142990362746e-09,8.9425248184738e-12,5.03967972142174e-10,1.47436932989104e-09,4.87919853563273e-11,1.85834049391626e-13,2.34092147150772e-09,8.94059370708157e-12
141253754.462272,2.74927598522632e-09,6.3148079822699e-09,2.28879671802045e-09,8.75745434148791e-12,4.92641671540541e-10,1.44123402574884e-09,4.71494572506585e-11,1.79905794934149e-13,2.28831102455548e-09,8.75560622962194e-12
144543977.074589,2.68744387725822e-09,6.31478697764124e-09,2.23731756207151e-09,8.57677831635101e-12,4.81563599924529e-10,1.40882492097511e-09,4.55616249830666e-11,1.74178097241758e-13,2.23685359643462e-09,8.57500952059356e-12
147910838.816817,2.62696962924505e-09,6.31476646044052e-09,2.18696905956441e-09,8.40041331655299e-12,4.70728734278077e-10,1.3771273206443e-09,4.40267129484707e-11,1.68644448752829e-13,2.18652585533283e-09,8.39872031554961e-12
151356124.843617,2.56782558999436e-09,6.3147464200173e-09,2.13772817906106e-09,8.22827714509668e-12,4.60132125401077e-10,1.34612674578113e-09,4.25429996829352e-11,1.63298538840427e-13,2.13730481231145e-09,8.22665657261399e-12
154881661.891244,2.50998452663058e-09,6.31472684598426e-09,2.0895722379137e-09,8.06028884386804e-12,4.49768898789856e-10,1.31580893593651e-09,4.11088164830359e-11,1.58134248721474e-13,2.08916782539532e-09,8.05873748213483e-12
158489319.246108,2.45341962846484e-09,6.31470772821219e-09,2.04247890546332e-09,7.8963686997539e-12,4.39634255341882e-10,1.28615985124916e-09,3.97225460387615e-11,1.53145646415326e-13,2.04209260284612e-09,7.89488347307527e-12
162181009.735889,2.39810450995777e-09,6.31468905682514e-09,1.99642620548392e-09,7.73643824772738e-12,4.29723471897496e-10,1.25716567403047e-09,3.83826210818318e-11,1.48326981758885e-13,1.99605720567868e-09,7.73501621636189e-12
165958690.743752,2.34401321284267e-09,6.31467082219574e-09,1.95139251792866e-09,7.58042027109933e-12,4.20031901630785e-10,1.22881280990801e-09,3.70875230510966e-11,1.43672681484355e-13,1.95104004947666e-09,7.57905862538935e-12
169824365.24617,2.29112020747265e-09,6.3146530149407e-09,1.90735658003075e-09,7.42823879913983e-12,4.10554974300983e-10,1.20108788856102e-09,3.58357807764795e-11,1.39177344365335e-13,1.90701990556018e-09,7.42693485388567e-12
173780082.874933,2.23940039345165e-09,6.31463562591639e-09,1.86429748680906e-09,7.27981910225104e-12,4.01288196375155e-10,1.1739777640793e-09,3.46259691827418e-11,1.3483573643605e-13,1.8639759015558e-09,7.27857029131951e-12
177827941.003888,2.18882909960577e-09,6.31461864621467e-09,1.82219469102518e-09,7.13508768487231e-12,3.92227151032283e-10,1.14746951497523e-09,3.34567080141719e-11,1.30642786288032e-13,1.82188752141541e-09,7.13389155603079e-12
181970085.860994,2.13938208334777e-09,6.3146020671588e-09,1.78102800263619e-09,6.99397227628093e-12,3.83367498058253e-10,1.12155044387648e-09,3.23266605811454e-11,1.26593580447882e-13,1.78073460492852e-09,6.99282648624829e-12
186208713.666282,2.09103552948473e-09,6.31458588029954e-09,1.74077758778454e-09,6.856401819456e-12,3.74704973640686e-10,1.09620807692589e-09,3.12345325293577e-11,1.22683358839385e-13,1.7404973467692e-09,6.85530412916185e-12
190546071.79632,2.0437660485154e-09,6.31457007741138e-09,1.70142396736377e-09,6.72230645816134e-12,3.66235390072003e-10,1.07143016291268e-09,3.01790706323959e-11,1.1890751033276e-13,1.70115629511684e-09,6.72125472820545e-12
194984459.9758,1.99755067446126e-09,6.31455465048899e-09,1.6629480151968e-09,6.59161752238477e-12,3.57954635368573e-10,1.04720467215834e-09,2.91590616081957e-11,1.15261568383112e-13,1.66269234988711e-09,6.59060970868885e-12
199526231.496883,1.95236686227218e-09,6.31453959174368e-09,1.62533095586069e-09,6.46426751229119e-12,3.49858672813338e-10,1.02351979517855e-09,2.81733309598166e-11,1.11741206760295e-13,1.62508676060746e-09,6.46330166193526e-12
204173794.466948,1.90819248484529e-09,6.31452489360018e-09,1.58855436218999e-09,6.34019008081515e-12,3.41943540428795e-10,1.0003639411414e-09,2.72207418408671e-11,1.08342235371501e-13,1.58832112396911e-09,6.33926432805113e-12
208929613.085399,1.86500582969282e-09,6.31451054869344e-09,1.55260015248862e-09,6.2193200150301e-12,3.34205350386789e-10,9.77725736140716e-10,2.63001939458191e-11,1.0506059617789e-13,1.55237738108557e-09,6.21843257746555e-12
213796208.950218,1.82278559529269e-09,6.31449654986565e-09,1.51745058747805e-09,6.10159321642648e-12,3.26640288361166e-10,9.55594021302241e-10,2.54106224253666e-11,1.0189235920627e-13,1.51723781448573e-09,6.10074239137148e-12
218776162.39495,1.78151088715313e-09,6.31448289016342e-09,1.48308826700811e-09,5.98694668021281e-12,3.19244612828895e-10,9.33957850739085e-10,2.45509968269068e-11,9.88337186562844e-14,1.48288504486758e-09,5.98613084118346e-12
223872113.856829,1.74116121362058e-09,6.31446956283503e-09,1.44949612655457e-09,5.87531847377569e-12,3.12014654324938e-10,9.12806489371814e-10,2.37203200601541e-11,9.58809891037886e-14,1.44930202763708e-09,5.87453606714764e-12
229086765.276772,1.70171648145822e-09,6.31445656132795e-09,1.41665743352631e-09,5.7666477144034e-12,3.04946814655744e-10,8.92129410627531e-10,2.2917627387834e-11,9.30306018003745e-14,1.41647204925486e-09,5.76589725620936e-12
234422881.531987,1.66315699122047e-09,6.31444387928642e-09,1.38455578340317e-09,5.66087454640266e-12,2.98037566075945e-10,8.71916294031292e-10,2.21419854413486e-11,9.02791010692659e-14,1.38437872341202e-09,5.66015461926789e-12
239883291.901943,1.62546343244721e-09,6.31443151054923e-09,1.35317509572415e-09,5.55794011771035e-12,2.91283450432497e-10,8.52157022702275e-10,2.13924912612565e-11,8.76231407972018e-14,1.35300598705464e-09,5.55724936792033e-12
245470891.568497,1.5886168786995e-09,6.31441944914766e-09,1.32249960994417e-09,5.45778655612282e-12,2.8468107828021e-10,8.32841680766258e-10,2.06682713623638e-11,8.50594810221333e-14,1.32233809627545e-09,5.45712369081765e-12
251188643.150952,1.55259878245742e-09,6.31440768930354e-09,1.29251388117654e-09,5.36035694524672e-12,2.78227127972334e-10,8.1396055069512e-10,1.99684808231837e-11,8.2584984616131e-14,1.29235962208964e-09,5.35972072973684e-12
257039578.27688,1.51739096989892e-09,6.31439622542752e-09,1.26320277583666e-09,5.26559530028265e-12,2.71918344729609e-10,7.95504110583334e-10,1.92923023994881e-11,8.01966140629088e-14,1.26305544611057e-09,5.26498455548082e-12
263026799.189532,1.48297563557708e-09,6.31438505211747e-09,1.23455146720172e-09,5.1734465437471e-12,2.6575153969093e-10,7.77463031370675e-10,1.86389456616433e-11,7.78914283291738e-14,1.23441075614017e-09,5.17286014371176e-12
269153480.392685,1.44933533701228e-09,6.31437416415702e-09,1.20654543089989e-09,5.08385648124127e-12,2.59723588948542e-10,7.59828174019679e-10,1.80076461553941e-11,7.56665798289646e-14,1.20641104168743e-09,5.08329335082639e-12
275422870.33381,1.41645298921414e-09,6.31436355651436e-09,1.17917044034139e-09,4.99677177736728e-12,2.53831432570481e-10,7.42590586655784e-10,1.73976645857384e-11,7.35193114799338e-14,1.17904208942763e-09,4.99623088997433e-12
281838293.126438,1.38431185914715e-09,6.31435322434106e-09,1.15241256210316e-09,4.91213993189252e-12,2.4807207361275e-10,7.2574150167743e-10,1.68082860235149e-11,7.14469538504572e-14,1.15228997861395e-09,4.91162030732003e-12
288403150.312653,1.35289556015294e-09,6.31434316297123e-09,1.12625815127768e-09,4.82990925626965e-12,2.42442577123531e-10,7.09272332842884e-10,1.62388191343071e-11,6.94469223964853e-14,1.12614107645203e-09,4.82940995865632e-12
295120922.666631,1.32218804634083e-09,6.31433336792071e-09,1.10069384679575e-09,4.75002885059536e-12,2.36940069141568e-10,6.93174672339992e-10,1.56885954292541e-11,6.75167147866318e-14,1.10058203344752e-09,4.74954898645258e-12
301995172.040194,1.29217360695763e-09,6.31432383488652e-09,1.07570656673235e-09,4.67244858111778e-12,2.31561735690672e-10,6.77440287844593e-10,1.51569685373483e-11,6.56539083143353e-14,1.0755997787355e-09,4.67198729744769e-12
309029543.251351,1.26283686074673e-09,6.31431455974645e-09,1.05128350360389e-09,4.59711905837034e-12,2.26304821772141e-10,6.62061119572843e-10,1.46433134987855e-11,6.38561573954238e-14,1.05118151540038e-09,4.59667554086586e-12
316227766.01683,1.23416275030556e-09,6.31430553855889e-09,1.02741211966432e-09,4.52399161602868e-12,2.21166630356761e-10,6.47029277332292e-10,1.41470260789319e-11,6.21211911496467e-14,1.02731471579368e-09,4.52356508735178e-12
323593656.92962,1.20613653644987e-09,6.31429676756276e-09,1.00408014220736e-09,4.45301829056842e-12,2.16144521377882e-10,6.32337037576126e-10,1.36675221024613e-11,6.04468110644458e-14,1.00398711685695e-09,4.45260800870333e-12
331131121.482583,1.17874379259258e-09,6.31428824317773e-09,9.81275558880987e-10,4.38415180180222e-12,2.1123591072697e-10,6.17976840464642e-10,1.32042368072148e-11,5.88308887392344e-14,9.81186715456101e-10,4.38375705848029e-12
338844156.139194,1.15197039914413e-09,6.31427996200456e-09,9.58986613020129e-10,4.31734553437275e-12,2.06438269252884e-10,6.03941286937635e-10,1.27566242173322e-11,5.72713637084197e-14,9.58901763733072e-10,4.31696565356586e-12
346736850.452523,1.12580253794081e-09,6.31427192082567e-09,9.37201799002912e-10,4.25255352026324e-12,2.01749121766049e-10,5.90223135801076e-10,1.23241565352025e-11,5.57662413411974e-14,9.3712076448022e-10,4.25218785674268e-12
354813389.233567,1.10022668670676e-09,6.31426411660597e-09,9.15909857635218e-10,4.18973042238931e-12,1.97166046048547e-10,5.76815300831152e-10,1.19063235517829e-11,5.43135908161979e-14,9.15832466542241e-10,4.18937836034741e-12
363078054.770092,1.07522961355511e-09,6.3142565464938e-09,8.95099771567966e-10,4.1288315193235e-12,1.92686671871106e-10,5.63710847898437e-10,1.15026320748334e-11,5.29115431689094e-14,8.95025860250069e-10,4.1284924710551e-12
371535229.097163,1.05079837153288e-09,6.31424920782218e-09,8.74760760751087e-10,4.06981269119802e-12,1.88308680017815e-10,5.50902992114707e-10,1.11126053746219e-11,5.1558289409766e-14,8.74690172890727e-10,4.06948609583932e-12
380189396.320552,1.02692029321392e-09,6.31424209811022e-09,8.54882277927749e-10,4.01263040682281e-12,1.84029801319372e-10,5.38385095004682e-10,1.07357826466513e-11,5.02520787107172e-14,8.5481486421675e-10,4.01231572914499e-12
389045144.994271,1.00358298534393e-09,6.31423521506485e-09,8.35454004172037e-10,3.95724171204627e-12,1.79847815695531e-10,5.26150661704719e-10,1.03717184909704e-11,4.89912166580202e-14,8.35389621998403e-10,3.95693844130146e-12
398107170.553487,9.80774323540776e-10,6.31422855658268e-09,8.16465844472977e-10,3.90360421937828e-12,1.75760551207397e-10,5.14193338190283e-10,1.00199824076296e-11,4.77740635689624e-14,8.1640435762159e-10,3.90331186819578e-12
407380277.804102,9.58482447053444e-10,6.31422212075219e-09,7.97907923367432e-10,3.85167609888582e-12,1.71765883120112e-10,5.02506908533831e-10,9.68015830785206e-12,4.65990328701688e-14,7.97849201734051e-10,3.85139420221611e-12
416869383.470325,9.36695753582101e-10,6.31421590585615e-09,7.79770580624168e-10,3.80141607035797e-12,1.67861732976427e-10,4.91085292194543e-10,9.3518440404936e-12,4.54645895350663e-14,7.79714499942123e-10,3.80114418446265e-12
426579518.801582,9.15402894161887e-10,6.31420991037432e-09,7.62044366981057e-10,3.75278339673316e-12,1.64046067681597e-10,4.79922541341185e-10,9.03465093337249e-12,4.43692485781146e-14,7.61990808560098e-10,3.75252109821873e-12
436515832.240155,8.94592768112417e-10,6.31420413298635e-09,7.44720039937185e-10,3.70573787876798e-12,1.6031689859998e-10,4.69012838209203e-10,8.72820334905673e-12,4.33115736033407e-14,7.44668890413948e-10,3.70548476366154e-12
446683592.150952,8.7425451805488e-10,6.31419857257509e-09,7.27788559601374e-10,3.66023985091589e-12,1.56672280663677e-10,4.58350492493031e-10,8.43213825470298e-12,4.2290175404694e-14,7.27739710700946e-10,3.65999553378102e-12
457088189.614864,8.54377524998283e-10,6.3141932282301e-09,7.11241084598415e-10,3.61625017837917e-12,1.53110311493476e-10,4.47929938774447e-10,8.14610480554907e-12,4.13037106157807e-14,7.1119443290652e-10,3.61601429147021e-12
467735141.287186,8.34951403496182e-10,6.31418809925148e-09,6.95068968034127e-10,3.57373025528332e-12,1.49629130532382e-10,4.37745733987671e-10,7.86976394166912e-12,4.03508804064948e-14,6.95024414779458e-10,3.57350244773637e-12
478630092.322626,8.15965996875026e-10,6.31418318515401e-09,6.79263753520157e-10,3.53264200391703e-12,1.4622691819189e-10,4.27792554921818e-10,7.60278799760848e-12,3.94304292241087e-14,6.7922120436641e-10,3.53242194097621e-12
489778819.368434,7.97411372535006e-10,6.31417848567169e-09,6.63817171259281e-10,3.49294787497391e-12,1.42901895011205e-10,4.18065195761185e-10,7.34486032452316e-12,3.85411435764328e-14,6.63776536106457e-10,3.49273523725126e-12
501187233.62726,7.79277817324155e-10,6.31417400076248e-09,6.48721134191795e-10,3.45461084871996e-12,1.39652320829524e-10,4.08558565663752e-10,7.09567492445666e-12,3.76818508546443e-14,6.48682326986372e-10,3.45440533148757e-12
512861383.991352,7.6155583298625e-10,6.31416973061356e-09,6.33967734203471e-10,3.41759443700914e-12,1.36476493971479e-10,3.99267686378219e-10,6.85493609639521e-12,3.68514181934987e-14,6.33930672757043e-10,3.41739574952228e-12
524807460.249759,7.44236131682901e-10,6.31416567564678e-09,6.19549238395384e-10,3.38186268606117e-12,1.33372750445828e-10,3.90187689899765e-10,6.62235809375036e-12,3.60487513666729e-14,6.19513844211394e-10,3.38167055091086e-12
537031796.370239,7.27309631590103e-10,6.31416183652466e-09,6.05458085415833e-10,3.3473801799098e-12,1.30339463157438e-10,3.81313816164701e-10,6.39766479292636e-12,3.52727937150602e-14,6.05424283524045e-10,3.34719433240386e-12
549540873.85761,7.10767452569348e-10,6.31415821415664e-09,5.91686881854433e-10,3.31411204442927e-12,1.2737504113257e-10,3.72641410784055e-10,6.18058937263755e-12,3.4522525105958e-14,5.91654600652804e-10,3.31393223200045e-12
562341325.190335,6.9460091191331e-10,6.31415480970587e-09,5.78228398698393e-10,3.2820239518392e-12,1.24477928757486e-10,3.64165922816125e-10,5.97087400364958e-12,3.37969609211366e-14,5.78197569802002e-10,3.28184993347939e-12
575439937.337142,6.7880152016599e-10,6.3141516245963e-09,5.65075567850863e-10,3.25108212559152e-12,1.21646605030354e-10,3.5588290257792e-10,5.76826954862602e-12,3.30951510719364e-14,5.65046125947599e-10,3.25091367131092e-12
588843655.355574,6.63360977017097e-10,6.31414866052036e-09,5.52221478711181e-10,3.22125334553849e-12,1.18879582826412e-10,3.47787999495405e-10,5.57253527177026e-12,3.2416179039613e-14,5.52193361423884e-10,3.22109023584862e-12
602559586.074342,6.48271167270366e-10,6.31414591944693e-09,5.39659374816752e-10,3.19250495328163e-12,1.16175408176335e-10,3.39876959992377e-10,5.38343855796049e-12,3.17591609392703e-14,5.39632522571518e-10,3.19234697870143e-12
616595001.861466,6.33524156885427e-10,6.31414340363e-09,5.27382650546236e-10,3.16480485760692e-12,1.13532659557749e-10,3.32145625417791e-10,5.20075464108353e-12,3.11232446058856e-14,5.27357006446616e-10,3.16465181819068e-12
630957344.480177,6.19112189092751e-10,6.31414111561764e-09,5.15384847883652e-10,3.13812153990697e-12,1.10949947199797e-10,3.24589930011278e-10,5.02426634128106e-12,3.05076087009862e-14,5.1536035759048e-10,3.13797324479343e-12
645654229.034639,6.05027680581136e-10,6.31413905826164e-09,5.03659653242946e-10,3.11242405950217e-12,1.08425912400672e-10,3.17205898906595e-10,4.85376381082963e-12,2.99114618387422e-14,5.03636264859544e-10,3.11228032648389e-12
660693448.007579,5.91263217757144e-10,6.31413723472759e-09,4.92200894352521e-10,3.08768205876974e-12,1.05959226858008e-10,3.09989646172687e-10,4.6890442883834e-12,2.93340417302923e-14,4.92178558315052e-10,3.08754271388176e-12
676082975.391964,5.77811553075832e-10,6.31413564850564e-09,4.81002537199196e-10,3.06386576800054e-12,1.03548592012007e-10,3.02937372892036e-10,4.52991186131599e-12,2.87746143453112e-14,4.80981206171917e-10,3.06373064512773e-12
691830970.918918,5.64665601442071e-10,6.31413430342177e-09,4.7005868303098e-10,3.04094600990443e-12,1.01192738401197e-10,2.96045365275913e-10,4.37617723590541e-12,2.8232473089897e-14,4.70038311806196e-10,3.0408149504067e-12
707945784.38412,5.51818436681706e-10,6.31413320364971e-09,4.5936356541806e-10,3.0188942036958e-12,9.88904250306616e-11,2.89309992816169e-10,4.22765751511309e-12,2.77069380000241e-14,4.59344110820556e-10,3.01876705605033e-12
724435960.074971,5.39263288081775e-10,6.31413235372354e-09,4.48911547371333e-10,2.99768236869318e-12,9.66404387526249e-11,2.82727706473135e-10,4.08417598371526e-12,2.71973549498826e-14,4.48892968167088e-10,2.99755898815314e-12
741310241.300898,5.26993536998955e-10,6.31413175855092e-09,4.3869711851779e-10,2.9772831273768e-12,9.4441593659231e-11,2.7629503689922e-10,3.94556190055177e-12,2.67030948745573e-14,4.38679375326787e-10,2.9771633756458e-12
758577575.029164,5.15002713535388e-10,6.31413142342707e-09,4.28714892332047e-10,2.95766970785561e-12,9.22927304873729e-11,2.70008592697748e-10,3.81165029766453e-12,2.62235530066075e-14,4.2869794754499e-10,2.9575534527772e-12
776247116.628671,5.03284493281004e-10,6.31413135404946e-09,4.18959603423292e-10,2.93881594569851e-12,9.01927160354125e-11,2.63865058716586e-10,3.68228178610417e-12,2.57581481261658e-14,4.18943421122053e-10,2.93870306096022e-12
794328234.724261,4.9183269412144e-10,6.3141315565333e-09,4.09426104876873e-10,2.92069628509925e-12,8.81404425916309e-11,2.57861194376099e-10,3.55730236819019e-12,2.53063218243239e-14,4.09410650758513e-10,2.92058664995036e-12
812830516.164078,4.80641273110627e-10,6.31413203742785e-09,4.00109365649779e-10,2.90328577934433e-12,8.61348273742445e-11,2.51993832030922e-10,3.43656325601627e-12,2.48675377795881e-14,4.00094606953976e-10,2.90317927832709e-12
831763771.102649,4.69704323407107e-10,6.31413280373347e-09,3.91004468019219e-10,2.88656009056658e-12,8.41748119828197e-11,2.46259875365104e-10,3.31992069599864e-12,2.4441281047307e-14,3.90990373458944e-10,2.88645661326002e-12
851138038.202354,4.59016071273128e-10,6.31413386291973e-09,3.82106605083495e-10,2.87049548876991e-12,8.22593618609164e-11,2.40656297820081e-10,3.20723579927147e-12,2.4027057362001e-14,3.82093144778811e-10,2.87039492954592e-12
870963589.956058,4.48570873135551e-10,6.3141352229443e-09,3.73411078314382e-10,2.85506885011997e-12,8.0387465769788e-11,2.35180141055008e-10,3.09837437773922e-12,2.3624392452596e-14,3.73398223729205e-10,2.85497110791101e-12
891250938.133722,4.38363212707592e-10,6.31413689227283e-09,3.64913295160186e-10,2.84025765450193e-12,7.85581352729637e-11,2.29828513438927e-10,2.99320678560178e-12,2.32328313706073e-14,3.64901019041882e-10,2.84016263257993e-12
912010839.355886,4.28387698170418e-10,6.3141388798999e-09,3.56608766698667e-10,2.82603998235032e-12,7.67704042315399e-11,2.24598588574259e-10,2.89160776617364e-12,2.28519378313374e-14,3.56597043020369e-10,2.82594758811623e-12
933254300.796966,4.18639059413623e-10,6.31414119537097e-09,3.48493105339008e-10,2.81239451076378e-12,7.50233283100028e-11,2.19487603851115e-10,2.79345630382416e-12,2.24812935681979e-14,3.48481909244516e-10,2.81230465554743e-12
954992586.021411,4.09112145333577e-10,6.3141438488054e-09,3.40562022572003e-10,2.79930050892276e-12,7.33159844924079e-11,2.14492859031899e-10,2.69863548087113e-12,2.21204977002868e-14,3.40551330323161e-10,2.79921310779238e-12
977237220.955785,3.99801921188675e-10,6.31414685092074e-09,3.32811326767643e-10,2.78673783282926e-12,7.1647470608739e-11,2.09611714865696e-10,2.60703233926507e-12,2.1769166113337e-14,3.32801115694074e-10,2.78665280441045e-12
999999999.999973,3.90703466010495e-10,6.31415021305807e-09,3.25236921019265e-10,2.77468691939745e-12,7.00169048712701e-11,2.04841591731926e-10,2.51853774690698e-12,2.14269308542025e-14,3.25227169470371e-10,2.77460418570099e-12
1023292992.28073,3.81811970069871e-10,6.31415394720876e-09,3.17834801033463e-10,2.76312877992191e-12,6.84234254207552e-11,2.00179968312745e-10,2.43304626844689e-12,2.1093439539007e-14,3.1782548833257e-10,2.76304826618015e-12
1047128548.05087,3.73122732396911e-10,6.3141580660424e-09,3.10601053064912e-10,2.7520449929567e-12,6.68661898822697e-11,1.95624380293689e-10,2.35045604041569e-12,2.07683547751004e-14,3.10592159465487e-10,2.75196662746807e-12
1071519305.23758,3.64631158353968e-10,6.31416258293621e-09,3.03531851895323e-10,2.74141769664016e-12,6.5344374930529e-11,1.91172419092041e-10,2.27066865054713e-12,2.04513535969523e-14,3.03523358539147e-10,2.74134141062143e-12
1096478196.14316,3.56332757260603e-10,6.31416751200585e-09,2.96623458855687e-10,2.73122958050182e-12,6.38571758645111e-11,1.8682173061242e-10,2.19358902115148e-12,2.01421269160949e-14,2.96615347732915e-10,2.7311553079478e-12
1122018454.30193,3.48223140069572e-10,6.31417286813776e-09,2.89872219891029e-10,2.72146387678906e-12,6.24038061912097e-11,1.82570014029076e-10,2.11912529640699e-12,1.98403789852086e-14,2.89864473802036e-10,2.72139155433933e-12
1148153621.49685,3.40298017092872e-10,6.31417866702303e-09,2.83274563666849e-10,2.71210435135398e-12,6.09834972183478e-11,1.78415020594411e-10,2.04718873343916e-12,1.95458268764367e-14,2.832671661858e-10,2.71203391816638e-12
1174897554.9395,3.32553195776904e-10,6.31418492519299e-09,2.76826999716482e-10,2.70313529413919e-12,5.9595497655881e-11,1.74354552473206e-10,1.97769359706224e-12,1.92581999739746e-14,2.7681993515653e-10,2.70306669176969e-12
1202264434.61738,3.24984578525807e-10,6.3141916600565e-09,2.70526116628573e-10,2.69454150930362e-12,5.82390732261235e-11,1.70386461602079e-10,1.91055705806149e-12,1.89772394809709e-14,2.70519370008627e-10,2.6944746815923e-12
1230268770.81235,3.17588160572034e-10,6.314198889939e-09,2.64368580273899e-10,2.68630830502773e-12,5.69135062823288e-11,1.66508648573677e-10,1.84569909489842e-12,1.87026979407433e-14,2.64362137286882e-10,2.68624319799059e-12
1258925411.79413,3.1036002789325e-10,6.31420663412352e-09,2.58351132070775e-10,2.67842148303822e-12,5.56180954355622e-11,1.6271906154513e-10,1.78304239872513e-12,1.84343387722897e-14,2.58344979053311e-10,2.6783580447645e-12
1288249551.6931,3.03296355174637e-10,6.31421491289365e-09,2.52470587288272e-10,2.67086732789119e-12,5.43521551897015e-11,1.59015695170276e-10,1.72251228159766e-12,1.81719358200502e-14,2.52464711191732e-10,2.67080550844594e-12
1318256738.55637,2.9639340381571e-10,6.31422374757856e-09,2.46723833386511e-10,2.66363259605147e-12,5.31150155844045e-11,1.55396589555207e-10,1.66403658778162e-12,1.79152729178446e-14,2.46718221749366e-10,2.66357234738315e-12
1348962882.59162,2.89647519980759e-10,6.31423316060019e-09,2.41107828393286e-10,2.65670450480557e-12,5.19060218458863e-11,1.51859829236655e-10,1.60754560804709e-12,1.76641434668931e-14,2.41102469314697e-10,2.65664578065834e-12
1380384264.60285,2.83055132692028e-10,6.31424317552274e-09,2.35619599316284e-10,2.65007072104334e-12,5.07245340453476e-11,1.48403542182764e-10,1.55297199685281e-12,1.7418350027793e-14,2.35614481430881e-10,2.65001347687394e-12
1412537544.62272,2.76612751964792e-10,6.3142538171045e-09,2.30256240590185e-10,2.64371934994255e-12,4.95699267649022e-11,1.45025898815801e-10,1.50025069232339e-12,1.71777039263072e-14,2.30251353043985e-10,2.64366354284135e-12
1445439770.74589,2.70316966983449e-10,6.3142651113522e-09,2.25014912557943e-10,2.63763892358907e-12,4.84415887708485e-11,1.41725111056359e-10,1.44931883892587e-12,1.69420248727984e-14,2.25010244985338e-10,2.63758451220531e-12
1479108388.16817,2.64164444317816e-10,6.3142770855779e-09,2.19892839985518e-10,2.631818389563e-12,4.73389226941371e-11,1.38499431388605e-10,1.40011571275559e-12,1.67111405951145e-14,2.19888382487314e-10,2.63176533403379e-12
1513561248.43617,2.58151926178783e-10,6.31428976845866e-09,2.14887310609412e-10,2.62624709952024e-12,4.62613447178865e-11,1.35347151946154e-10,1.35258264934382e-12,1.64848864847196e-14,2.14883053731844e-10,2.62619536140327e-12
1548816618.91244,2.52276228712529e-10,6.31430319009906e-09,2.09995673716299e-10,2.62091479779605e-12,4.52082842718005e-11,1.32266603618134e-10,1.30666297390279e-12,1.62631052558402e-14,2.09991608430991e-10,2.62086434000574e-12
1584893192.46107,2.46534240332477e-10,6.31431738209662e-09,2.05215338754092e-10,2.61581161005647e-12,4.41791837333447e-11,1.29256155175027e-10,1.26230193392634e-12,1.6045646617384e-14,2.05211456438924e-10,2.61576239680344e-12
1621810097.35889,2.4092292008823e-10,6.31433237761045e-09,2.00543773973802e-10,2.61092803202079e-12,4.31734981355417e-11,1.2631421241387e-10,1.21944663406724e-12,1.58323669573714e-14,2.00540066394628e-10,2.61088002875438e-12
1659586907.43752,2.35439296070686e-10,6.31434821143311e-09,1.9597850510152e-10,2.60625491827664e-12,4.2190694881246e-11,1.23439217322421e-10,1.1780459732147e-12,1.56231290396071e-14,1.95974964394719e-10,2.60620809163048e-12
1698243652.4617,2.30080463852587e-10,6.31436492006587e-09,1.9151711403992e-10,2.60178347120748e-12,4.12302534637622e-11,1.20629647261876e-10,1.13805058369836e-12,1.54178017123078e-14,1.91513732695723e-10,2.60173778894776e-12
1737800828.74933,2.24843584963754e-10,6.31438254179758e-09,1.87157237598626e-10,2.59750523005074e-12,4.02916651936739e-11,1.17884014167762e-10,1.09941277254712e-12,1.52162596283947e-14,1.87154008445195e-10,2.5974606610272e-12
1778279410.03887,2.19725885400263e-10,6.31440111678728e-09,1.82896566252855e-10,2.59341206010244e-12,3.93744329317501e-11,1.15200863768611e-10,1.06208646473384e-12,1.50183829771451e-14,1.82893482441082e-10,2.59336857420182e-12
1819700858.60993,2.14724654166849e-10,6.31442068715074e-09,1.78732842929728e-10,2.58949614208327e-12,3.84780708278018e-11,1.12578774822037e-10,1.02602714833924e-12,1.48240572268982e-14,1.78729897918713e-10,2.58945371018512e-12
1862087136.66282,2.0983724185183e-10,6.31444129705105e-09,1.74663861821649e-10,2.58574996167878e-12,3.76021040653604e-11,1.10016358367857e-10,9.91191821570248e-13,1.46331728784997e-14,1.74661049364834e-10,2.58570855561359e-12
1905460717.96319,2.05061059233849e-10,6.31446299279359e-09,1.70687467226193e-10,2.5821662992652e-12,3.67460686120548e-11,1.07512256997871e-10,9.57538941570504e-13,1.44456252291678e-14,1.70684781358117e-10,2.58212589177458e-12
1949844599.75799,2.00393575919754e-10,6.31448582292543e-09,1.6680155241191e-10,2.57873821983081e-12,3.59095109755633e-11,1.05065144141968e-10,9.25028374962695e-13,1.42613141464624e-14,1.66798987435561e-10,2.57869878452971e-12
1995262314.96882,1.95832319012948e-10,6.31450983833945e-09,1.63004058509502e-10,2.57545906310135e-12,3.50919879650227e-11,1.02673723370182e-10,8.93621350064326e-13,1.40801438520342e-14,1.63001608984243e-10,2.57542057444217e-12
2041737944.66947,1.9137487181155e-10,6.31453509238339e-09,1.59292973427828e-10,2.57232243387663e-12,3.42930664577748e-11,1.00336727710382e-10,8.63280410720602e-13,1.39020227148359e-14,1.59290634157854e-10,2.57228486711512e-12
2089296130.85398,1.87018872535719e-10,6.31456164097407e-09,1.55666330794183e-10,2.56932219258433e-12,3.35123231713358e-11,9.80529189812236e-11,8.3396937169989e-13,1.37268630534725e-14,1.55664096817509e-10,2.56928552374722e-12
2137962089.50217,1.82762013083515e-10,6.31458954271701e-09,1.5212220891834e-10,2.56645244605572e-12,3.27493444404754e-11,9.58210871400719e-11,8.05653275599094e-13,1.35545809473759e-14,1.52120075496282e-10,2.56641665190996e-12
2187761623.94949,1.78602037814669e-10,6.31461885903163e-09,1.48658729779834e-10,2.56370753852706e-12,3.20037259992948e-11,9.36400496455314e-11,7.78298351208016e-13,1.33850960564864e-14,1.48656692386957e-10,2.56367259655051e-12
2238721138.56828,1.74536742361663e-10,6.31464965428246e-09,1.45274058037981e-10,2.56108204286927e-12,3.12750727681945e-11,9.15086508342929e-11,7.51871973283489e-13,1.32183314491331e-14,1.45272112352504e-10,2.56104793122291e-12
2290867652.76771,1.70563972467515e-10,6.31468199591648e-09,1.41966400064126e-10,2.55857075204766e-12,3.05629986456244e-11,8.94257613119719e-11,7.26342623685699e-13,1.3054213437803e-14,1.4196454195876e-10,2.55853744954911e-12
2344228815.31986,1.6668162284969e-10,6.31471595460696e-09,1.38734002995655e-10,2.55616867081264e-12,2.98671263045137e-11,8.73902773576361e-11,7.0167985383073e-13,1.28926714225008e-14,1.3873222852885e-10,2.55613615691098e-12
2398832919.01942,1.62887636089568e-10,6.31475160440405e-09,1.3557515381127e-10,2.55387100762146e-12,2.9187086993276e-11,8.54011203417218e-11,6.77854248414887e-13,1.27336377414012e-14,1.35573459218859e-10,2.55383926237329e-12
2454708915.68496,1.59180001546893e-10,6.3147890228925e-09,1.32488178427083e-10,2.55167316679043e-12,2.85225203412905e-11,8.34572361570464e-11,6.54837390367844e-13,1.25770475285059e-14,1.32486560114295e-10,2.55164217083701e-12
2511886431.50951,1.55556754298676e-10,6.3148282913568e-09,1.29471440813044e-10,2.54957074087629e-12,2.78730741687602e-11,8.15575946626272e-11,6.32601826993114e-13,1.24228385780201e-14,1.29469895346887e-10,2.54954047542182e-12
2570395782.76879,1.52015974101994e-10,6.3148694949541e-09,1.26523342129286e-10,2.54755950328485e-12,2.72384043008513e-11,7.97011891400273e-11,6.11121037255725e-13,1.2270951215174e-14,1.26521866231266e-10,2.54752995007581e-12
2630267991.89531,1.48555784380168e-10,6.31491272289523e-09,1.23642319881923e-10,2.5456354011047e-12,2.66181743860191e-11,7.78870357619493e-11,5.90369400178331e-13,1.212132817322e-14,1.23640910421086e-10,2.54560654241004e-12
2691534803.92684,1.45174351231797e-10,6.31495806863427e-09,1.20826847097877e-10,2.54379454816287e-12,2.60120557184276e-11,7.61141730728098e-11,5.70322164308291e-13,1.19739144763431e-14,1.20825501084178e-10,2.54376636675526e-12
2754228703.33809,1.41869882462159e-10,6.31500563006707e-09,1.18075431518325e-10,2.54203321829933e-12,2.54197270643733e-11,7.43816614810267e-11,5.50955418219511e-13,1.18286573282313e-14,1.1807414609628e-10,2.54200569743718e-12
2818382931.26437,1.38640626636451e-10,6.31505550973899e-09,1.15386614810333e-10,2.54034783885665e-12,2.48408744926234e-11,7.26885827627622e-11,5.32246062014062e-13,1.16855060060595e-14,1.15385387252969e-10,2.54032096226698e-12
2884031503.12652,1.35484872154421e-10,6.31510781506252e-09,1.12758971796296e-10,2.53873498438082e-12,2.4275191208582e-11,7.1034039576866e-11,5.1417177978975e-13,1.15444117596477e-14,1.12757799499364e-10,2.53870873624293e-12
2951209226.6663,1.3240094634589e-10,6.31516265854503e-09,1.10191109700764e-10,2.53719137052897e-12,2.37223773921998e-11,6.94171549907716e-11,4.96711013040987e-13,1.14053277155643e-14,1.10189990177218e-10,2.53716573545884e-12
3019951720.40193,1.29387214586714e-10,6.31522015802728e-09,1.07681667414293e-10,2.53571384817952e-12,2.31821400395434e-11,6.78370720171006e-11,4.79842934961353e-13,1.12682087859491e-14,1.07680598289015e-10,2.53568881121484e-12
3090295432.5135,1.26442079434722e-10,6.31528043693309e-09,1.05229314773915e-10,2.53429939773996e-12,2.26541928079432e-11,6.62929531607387e-11,4.63547425617381e-13,1.11330115818444e-14,1.05228293778679e-10,2.53427494432594e-12
3162277660.16829,1.23563979785189e-10,6.31534362453068e-09,1.02832751859886e-10,2.53294512364755e-12,2.213825586464e-11,6.47839799761484e-11,4.47805047964039e-13,1.09996943308228e-14,1.02831776828546e-10,2.53292123962324e-12
3235936569.29619,1.20751390045413e-10,6.31540985620637e-09,1.00490708308317e-10,2.53164824905775e-12,2.16340557388522e-11,6.33093526346913e-11,4.32597024673453e-13,1.08682167987162e-14,1.00489777172215e-10,2.53162492064302e-12
3311311214.82582,1.18002819327964e-10,6.31547927375099e-09,9.82019426393631e-11,2.53040611071526e-12,2.11413251771876e-11,6.18682895017365e-11,4.17905215749325e-13,1.07385402152507e-14,9.82010534229415e-11,2.53038332449832e-12
3388441561.39193,1.15316810662181e-10,6.31555202565977e-09,9.59652416006038e-11,2.52921615400262e-12,2.06598030023249e-11,6.04600267233363e-11,4.03712096900453e-13,1.06106272034041e-14,9.59643924172142e-11,2.52919389692806e-12
3467368504.52522,1.12691940223527e-10,6.3156282674463e-09,9.3779419525278e-11,2.52807592816084e-12,2.01892339748917e-11,5.90838178222555e-11,3.90000738647638e-13,1.04844417123093e-14,9.37786085731812e-11,2.52805418751819e-12
3548133892.33565,1.10126816580386e-10,6.31570816197108e-09,9.16433177050472e-11,2.52698308167692e-12,1.97293686584674e-11,5.77389333031449e-11,3.76754786139165e-13,1.03599489535324e-14,9.1642543263592e-11,2.52696184508968e-12
3630780547.70091,1.07620079957919e-10,6.31579187978556e-09,8.95558037769565e-11,2.5259353578328e-12,1.92799632876416e-11,5.64246602666546e-11,3.63958439650835e-13,1.02371153405626e-14,8.95550642029302e-11,2.52591461324792e-12
3715352290.97162,1.05170401518594e-10,6.31587959949218e-09,8.75157711242754e-11,2.5249305904104e-12,1.88407796390587e-11,5.51403020322864e-11,3.51596435747382e-13,1.01159084313583e-14,8.75150648484187e-11,2.5249103260882e-12
3801893963.2055,1.02776482659019e-10,6.31597150812129e-09,8.55221382909083e-11,2.52396669954749e-12,1.84115849053823e-11,5.38851777697895e-11,3.39654029082855e-13,9.99629687379865e-15,8.55214638145873e-11,2.52394690405196e-12
3890451449.94269,1.00437054322706e-10,6.31606780152564e-09,8.35738484090685e-11,2.52304168773885e-12,1.79921515721136e-11,5.26586221389079e-11,3.28116974818331e-13,9.87825035389852e-15,8.35732043010964e-11,2.52302234992837e-12
3981071705.53486,9.81508763284185e-11,6.31616868479328e-09,8.166986863992e-11,2.52215363597768e-12,1.75822572972001e-11,5.14599849372917e-11,3.16971511636035e-13,9.76173954664877e-15,8.16692535335214e-11,2.52213474499609e-12
4073802778.04101,9.5916736713738e-11,6.31627437267981e-09,7.98091896268924e-11,2.52130070003179e-12,1.71816847933715e-11,5.02886307563898e-11,3.0620434532966e-13,9.6467360693518e-15,7.98086022168048e-11,2.52128224529981e-12
4168693834.70323,9.37334510935221e-11,6.31638509006065e-09,7.79908249613872e-11,2.52048110684951e-12,1.67902217131412e-11,4.91439386451426e-11,2.9580263295136e-13,9.53321243732701e-15,7.79902640010923e-11,2.52046307805648e-12
4265795188.0158,9.15998620329078e-11,6.31650107240454e-09,7.62138106605931e-11,2.51969315109009e-12,1.64076605364145e-11,4.80253017813022e-11,2.8575396749656e-13,9.42114202186677e-15,7.62132749596735e-11,2.51967553818607e-12
4365158322.40153,8.95148384345393e-11,6.31662256626894e-09,7.44772046571418e-11,2.51893519177353e-12,1.6033798460644e-11,4.69321271502048e-11,2.76046363108338e-13,9.31049901032912e-15,7.44766930787558e-11,2.51891798496166e-12
4466835921.5095,8.74772749396963e-11,6.31674982981863e-09,7.27800863003331e-11,2.51820564904495e-12,1.56684372934746e-11,4.58638352308315e-11,2.66668240783781e-13,9.20125836825861e-15,7.27795977588039e-11,2.51818883877407e-12
4570881896.14862,8.54860913430112e-11,6.31688313336834e-09,7.11215558686721e-11,2.51750300104836e-12,1.5311383347823e-11,4.48198596889897e-11,2.57608414565299e-13,9.09339580343158e-15,7.11210893271848e-11,2.51748657800598e-12
4677351412.87185,8.35402320204687e-11,6.31702275995066e-09,6.95007340934621e-11,2.51682578090514e-12,1.4962447339336e-11,4.37996470774571e-11,2.48856078200452e-13,8.98688773172721e-15,6.95002885618647e-11,2.51680973601058e-12
4786300923.22624,8.16386653703876e-11,6.31716900591028e-09,6.79167616932028e-11,2.51617257379244e-12,1.46214442861744e-11,4.28026565429298e-11,2.40400792254406e-13,8.88171124473059e-15,6.79163362259066e-11,2.5161568981903e-12
4897788193.68432,7.97803832670918e-11,6.31732218152585e-09,6.63687989185524e-11,2.51554201411677e-12,1.42881934110697e-11,4.18283595396222e-11,2.32232471659679e-13,8.77784407897806e-15,6.63683926125256e-11,2.51552669917057e-12
5011872336.27258,7.79644005269858e-11,6.31748261166071e-09,6.48560251076127e-11,2.51493278277819e-12,1.39625180456029e-11,4.08762395493677e-11,2.24341373688346e-13,8.67526458675963e-15,6.4855637100466e-11,2.51491782006427e-12
5128613839.9135,7.61897543867516e-11,6.31765063644368e-09,6.33776382513065e-11,2.51434360452065e-12,1.36442455366545e-11,3.99457918080736e-11,2.16718086332377e-13,8.57395170839773e-15,6.33772677194633e-11,2.51432898582226e-12
5248074602.49757,7.44555039933957e-11,6.31782661198148e-09,6.19328545686165e-11,2.51377324536396e-12,1.3333207154977e-11,3.9036523038387e-11,2.09353517078273e-13,8.47388494592482e-15,6.19325007255665e-11,2.51375896266559e-12
5370317963.70237,7.27607299058774e-11,6.31801091110405e-09,6.05209080914667e-11,2.5132205101131e-12,1.3029238005843e-11,3.81479511884311e-11,2.02238882062623e-13,8.37504433808687e-15,6.05205701860974e-11,2.51320655559496e-12
5495408738.57609,7.11045336080565e-11,6.31820392414433e-09,5.91410502590244e-11,2.51268423994061e-12,1.27321769417196e-11,3.72796051764753e-11,1.95365695595673e-13,8.27741043660289e-15,5.91407275740283e-11,2.51267060597333e-12
5623413251.90333,6.94860370327044e-11,6.31840605975403e-09,5.77925495212131e-11,2.5121633100379e-12,1.2441866476926e-11,3.64310246414033e-11,1.88725760040413e-13,8.18096428361434e-15,5.77922413715662e-11,2.51214998917739e-12
5754399373.3714,6.79043820963289e-11,6.3186177457571e-09,5.6474690951227e-11,2.51165662733128e-12,1.21581527042279e-11,3.56017596988505e-11,1.82311156035146e-13,8.08568739026156e-15,5.64743966827356e-11,2.51164361231377e-12
5888436553.55572,6.63587302445676e-11,6.31883943004243e-09,5.51867758668424e-11,2.5111631282589e-12,1.1880885213325e-11,3.47913707028806e-11,1.76114233047857e-13,7.99156171632738e-15,5.5186494854756e-11,2.51115041199614e-12
6025595860.7434,6.484826200791e-11,6.31907158149768e-09,5.39281214603297e-11,2.51068177660443e-12,1.160991701119e-11,3.39994280130766e-11,1.70127600251166e-13,7.89856965089141e-15,5.39278531080156e-11,2.51066935217903e-12
6165950018.61464,6.33721765675166e-11,6.31931469098611e-09,5.26980604367699e-11,2.51021156138378e-12,1.13451044442152e-11,3.32255117669237e-11,1.64344117706957e-13,7.80669399394086e-15,5.26978041744476e-11,2.51019942204472e-12
6309573444.80175,6.19296913309031e-11,6.31956927236812e-09,5.14959406605849e-11,2.50975149478099e-12,1.10863071221287e-11,3.24692116573646e-11,1.58756887850206e-13,7.71591793888711e-15,5.14956959441179e-11,2.5097396339393e-12
6456542290.34637,6.05200415172699e-11,6.31983586356977e-09,5.03211248100981e-11,2.50930061012967e-12,1.08333878436368e-11,3.17301267154095e-11,1.53359247261835e-13,7.62622505593929e-15,5.03208911198396e-11,2.50928902135416e-12
6606934480.07577,5.9142479752255e-11,6.32011502770015e-09,4.91729900399424e-11,2.50885795993615e-12,1.05862125237569e-11,3.10078650976866e-11,1.48144758720808e-13,7.53759927628908e-15,4.91727668796331e-11,2.50884663694937e-12
6760829753.91962,5.77962756718993e-11,6.32040735421994e-09,4.8050927651138e-11,2.50842261394098e-12,1.03446501228002e-11,3.03020438788211e-11,1.43107203525987e-13,7.45002487706293e-15,4.80507145468535e-11,2.50841155061521e-12
6918309709.18916,5.64807155356142e-11,6.32071346016321e-09,4.69543427686676e-11,2.50799365721504e-12,1.01085725769682e-11,2.96122888485335e-11,1.38240574078594e-13,7.36348646700048e-15,4.69541392678133e-11,2.50798284756853e-12
7079457843.84117,5.51951018479471e-11,6.32103399141504e-09,4.58826540263784e-11,2.50757018828702e-12,9.87785473052659e-12,2.893823431335e-11,1.33539066716441e-13,7.2779689728199e-15,4.58824596967294e-11,2.50755962648018e-12
7244359600.74969,5.39387529889471e-11,6.32136962404722e-09,4.48352932590476e-11,2.50715131729858e-12,9.65237426952015e-12,2.82795229028202e-11,1.28997074791397e-13,7.19345762623297e-15,4.4835107687832e-11,2.50714099763044e-12
7413102413.00896,5.27110028529333e-11,6.32172106571472e-09,4.38117052014461e-11,2.50673616418414e-12,9.43201165699435e-12,2.76358053801408e-11,1.24609181981815e-13,7.10993795157475e-15,4.38115279944695e-11,2.50672608108883e-12
7585775750.29161,5.15112004954774e-11,6.32208905711546e-09,4.28113471942466e-11,2.50632385687175e-12,9.21665006968978e-12,2.70067404570842e-11,1.20370155831981e-13,7.02739575401439e-15,4.28111779750559e-11,2.50631400491507e-12
7762471166.28669,5.03387097884126e-11,6.32247437351614e-09,4.18336888966175e-11,2.50591352950188e-12,9.00617533617587e-12,2.63919946131353e-11,1.1627494151085e-13,6.94581710831554e-15,4.18335273057025e-11,2.50590390337804e-12
7943282347.24258,4.91929090826882e-11,6.32287782634713e-09,4.08782120053558e-11,2.50550432066094e-12,8.80047587639164e-12,2.57912419187407e-11,1.12318655782655e-13,6.86518834811638e-15,4.08780576993866e-11,2.50549491518933e-12
8128305161.64075,4.80731908788897e-11,6.32330026486914e-09,3.99444099804078e-11,2.50509537162631e-12,8.59944264256159e-12,2.52041638625765e-11,1.08496581182186e-13,6.785496055701e-15,3.99442626315066e-11,2.50508618174841e-12
8317637711.02647,4.69789615052529e-11,6.32374257791502e-09,3.90317877766367e-11,2.50468582461978e-12,8.402969061456e-12,2.4630449182745e-11,1.04804160387801e-13,6.70672705223524e-15,3.90316470716824e-11,2.50467684539613e-12
8511380382.02351,4.59096408029999e-11,6.32420569570964e-09,3.81398615816951e-11,2.50427482106631e-12,8.21095097796518e-12,2.40697937018088e-11,1.01236990785458e-13,6.62886838844165e-15,3.8139727221659e-11,2.50426604767356e-12
8709635899.56055,4.48646618188317e-11,6.32469059177135e-09,3.72681585598646e-11,2.50386149985502e-12,8.02328659995819e-12,2.35219001655777e-11,9.77908192172916e-14,6.5519073356896e-15,3.72680302591764e-11,2.50385292758311e-12
8912509381.33719,4.3843470504415e-11,6.32519828489834e-09,3.641621660173e-11,2.5034449955995e-12,7.83987644439721e-12,2.29864780855612e-11,9.44615369084653e-14,6.47583137747779e-15,3.64160940876717e-11,2.50343661984883e-12
9120108393.55883,4.2845525422703e-11,6.32572984124351e-09,3.55835840795552e-11,2.50302443689429e-12,7.66062328467926e-12,2.24632435850048e-11,9.12451745662596e-14,6.4006282012877e-15,3.5583467091683e-11,2.50301625317308e-12
9332543007.96963,4.18702974609376e-11,6.32628637648154e-09,3.47698196082344e-11,2.50259894456479e-12,7.48543209917794e-12,2.19519192484277e-11,8.8137897645547e-14,6.32628569078781e-15,3.47697078978263e-11,2.50259094848642e-12
9549925860.21408,4.09172695501779e-11,6.32686905807195e-09,3.39744918116934e-11,2.50216762990749e-12,7.31421002095804e-12,2.14522339745831e-11,8.51360017750109e-14,6.25279191836932e-15,3.3974385141221e-11,2.50215981718796e-12
9772372209.55782,3.99859363912099e-11,6.32747910762208e-09,3.31971790946175e-11,2.50172959291781e-12,7.14686628863705e-12,2.09639228327628e-11,8.22359083386547e-14,6.18013513799546e-15,3.31970772372432e-11,2.50172195937326e-12
9999999999.9997,3.90758041866895e-11,6.32811780335408e-09,3.24374694193903e-11,2.50128392050259e-12,6.98331219836783e-12,2.04867269223705e-11,7.9434160207333e-14,6.10830377834719e-15,3.24373721584852e-11,2.50127646204688e-12
10232929922.8072,3.81863903793801e-11,6.32878648268018e-09,3.16949600881233e-11,2.50082968467448e-12,6.82346105691739e-12,2.00203932356901e-11,7.67274176152153e-14,6.03728643624935e-15,3.16948672168084e-11,2.50082239731684e-12
10471285480.5087,3.73172233963433e-11,6.32948654489046e-09,3.09692575296662e-11,2.50036594072548e-12,6.66722813581752e-12,1.95646745237745e-11,7.41124541762648e-14,5.96707187036216e-15,3.09691688503731e-11,2.50035882056822e-12
10715193052.3757,3.64678423989498e-11,6.33021945395764e-09,3.02599770914851e-11,2.49989172537683e-12,6.51453062656338e-12,1.91193291653865e-11,7.15861530359844e-14,5.89764899512377e-15,3.02598924155374e-11,2.49988476861312e-12
10964781961.4315,3.56377970385766e-11,6.33098674146356e-09,2.95667428363021e-11,2.49940605490262e-12,6.36528759683673e-12,1.86841210389204e-11,6.91455031538387e-14,5.8290068749305e-15,2.95666619835147e-11,2.49939925781431e-12
11220184543.0193,3.48266472178622e-11,6.33179000965203e-09,2.88891873433897e-11,2.49890792322448e-12,6.21941994773138e-12,1.82588193972383e-11,6.67875957119213e-14,5.76113471854237e-15,2.88891101416871e-11,2.49890128218e-12
11481536214.9685,3.40339628573928e-11,6.33263093461287e-09,2.82269515144186e-11,2.49839629997473e-12,6.07685037195849e-12,1.78431987453526e-11,6.45096206455847e-14,5.69402187370197e-15,2.82268777994695e-11,2.49838981142702e-12
11748975549.3949,3.32593236676962e-11,6.33351126960226e-09,2.75796843837573e-11,2.49787012852545e-12,5.93750331301036e-12,1.74370387208929e-11,6.23088632918954e-14,5.6276578219559e-15,2.75796139986263e-11,2.49786378900996e-12
12022644346.1738,3.2502318926423e-11,6.33443284850441e-09,2.69470429331277e-11,2.49732832398107e-12,5.80130492526155e-12,1.70401239772915e-11,6.01827011519181e-14,5.56203217366832e-15,2.69469757279423e-11,2.49732213011381e-12
12302687708.1234,3.17625472605963e-11,6.33539758943992e-09,2.63286919105191e-11,2.49676977113194e-12,5.66818303498694e-12,1.66522440696269e-11,5.8128600762969e-14,5.49713466321727e-15,2.63286277421519e-11,2.49676371960759e-12
12589254117.9413,3.10396164338152e-11,6.33640749852599e-09,2.57243036532704e-11,2.49619332236673e-12,5.53806710227675e-12,1.62731933430647e-11,5.6144114677108e-14,5.43295514436476e-15,2.57242423850353e-11,2.49618740995676e-12
12882495516.931,3.03331431382999e-11,6.33746467379421e-09,2.51335579152275e-11,2.49559779554123e-12,5.41088818382899e-12,1.59027708238371e-11,5.42268785422668e-14,5.36948358579252e-15,2.51334994165902e-11,2.49559201909211e-12
13182567385.5637,2.96427527916665e-11,6.33857130927132e-09,2.45561416978906e-11,2.49498197180157e-12,5.28657889660045e-12,1.55407801127027e-11,5.23746082825338e-14,5.3067100667958e-15,2.45560858441913e-11,2.49497632823302e-12
13489628825.9161,2.89680793383261e-11,6.33972969922866e-09,2.39917490854629e-11,2.49434459335973e-12,5.16507338229776e-12,1.51870292808305e-11,5.05850973742319e-14,5.24462477312845e-15,2.3991695757652e-11,2.49433907966297e-12
13803842646.0284,2.83087650554008e-11,6.3409422426061e-09,2.34400810837191e-11,2.49368436121943e-12,5.04630727269058e-12,1.48413307680529e-11,4.88562142145427e-14,5.18321799299278e-15,2.34400301681047e-11,2.49367897445554e-12
14125375446.2271,2.76644603630554e-11,6.34221144761621e-09,2.29008454626114e-11,2.49299993285074e-12,4.93021765572926e-12,1.45035012834348e-11,4.71858995795381e-14,5.12248011316877e-15,2.29007968506183e-11,2.49299467014899e-12
14454397707.4588,2.70348236391436e-11,6.34353993653461e-09,2.23737566025348e-11,2.49228991981155e-12,4.81674304245024e-12,1.41733617081038e-11,4.557216416859e-14,5.06240161527733e-15,2.23737101904741e-11,2.49228477836787e-12
14791083881.6816,2.64195210380705e-11,6.34493045068244e-09,2.18585353441737e-11,2.49155288531484e-12,4.70582333465235e-12,1.38507370002929e-11,4.40130862322286e-14,5.00297307217317e-15,2.18584910330226e-11,2.4915478623902e-12
15135612484.3616,2.5818226313775e-11,6.3463858556068e-09,2.13549088418557e-11,2.49078734174005e-12,4.59739979332806e-12,1.35354561025431e-11,4.25068092806208e-14,4.94418514446355e-15,2.1354866537048e-11,2.49078243465898e-12
15488166189.1243,2.52306206467391e-11,6.34790914646513e-09,2.08626104203399e-11,2.48999174808789e-12,4.49141500783401e-12,1.32273518510183e-11,4.10515398699385e-14,4.88602857714922e-15,2.08625700315649e-11,2.48998695423701e-12
15848931924.6107,2.46563924749318e-11,6.34950345361964e-09,2.03813794349684e-11,2.48916450737764e-12,4.38781286578556e-12,1.29262608868837e-11,3.96455454639735e-14,4.82849419638521e-15,2.03813408759796e-11,2.48915982420422e-12
16218100973.5888,2.40952373285985e-11,6.35117204844732e-09,1.99109611351133e-11,2.48830396398641e-12,4.28653852366066e-12,1.26320235697008e-11,3.82871523684527e-14,4.77157290635892e-15,1.99109243235455e-11,2.48829938899692e-12
16595869074.3751,2.35468576688067e-11,6.35291834937159e-09,1.94511065308518e-11,2.48740840093019e-12,4.18753837809866e-12,1.23444838927932e-11,3.69747437355884e-14,4.71525568628423e-15,1.94510713880462e-11,2.487403931689e-12
16982436524.6169,2.3010962729665e-11,6.35474592812126e-09,1.90015722628049e-11,2.48647603708685e-12,4.09076003788012e-12,1.20634894005389e-11,3.57067576364842e-14,4.65953358751038e-15,1.90015387136425e-11,2.48647167121483e-12
17378008287.4932,2.24872683641293e-11,6.35665851622212e-09,1.85621204750776e-11,2.48550502436144e-12,3.99615229657419e-12,1.17888911075443e-11,3.44816851990989e-14,4.60439773074535e-15,1.85620884478197e-11,2.48550075953468e-12
17782794100.3887,2.19754968933156e-11,6.35866001172667e-09,1.81325186912386e-11,2.48449344479486e-12,3.90366510584038e-12,1.15205434196578e-11,3.32980688095466e-14,4.54983930339384e-15,1.81324881173746e-11,2.48448927874341e-12
18197008586.0993,2.14753769592393e-11,6.36075448618708e-09,1.77125396932817e-11,2.48343930761711e-12,3.81324954937208e-12,1.12583040567815e-11,3.21545003745888e-14,4.49584955701066e-15,1.77125105073839e-11,2.4834352381237e-12
18620871366.6281,2.09866433809028e-11,6.36294619187602e-09,1.73019614035108e-11,2.48234054624701e-12,3.7248578174696e-12,1.10020339774384e-11,3.1049619643245e-14,4.44241980487088e-15,1.73019335430956e-11,2.48233657114586e-12
19054607179.6319,2.05090370136547e-11,6.36523956926002e-09,1.69005667692941e-11,2.48119501524077e-12,3.63844318223061e-12,1.07515973050573e-11,2.99821125855205e-14,4.38954141965881e-15,1.69005401746895e-11,2.48119113241639e-12
19498445997.5799,2.00423046117466e-11,6.36763925472916e-09,1.65081436506332e-11,2.48000048719242e-12,3.55395997334674e-12,1.05068612559352e-11,2.89507098263179e-14,4.33720583127835e-15,1.65081182648521e-11,2.47999669457848e-12
19952623149.6882,1.95861986940139e-11,6.37015008858688e-09,1.61244847104956e-11,2.47875464958967e-12,3.47136355449493e-12,1.02676960688387e-11,2.79541851326621e-14,4.2854045247881e-15,1.6124460479115e-11,2.47875094516784e-12
20417379446.6947,1.914047741261e-11,6.37277712330268e-09,1.57493873078604e-11,2.47745510162956e-12,3.39061030031289e-12,1.00339749362085e-11,2.69913539524352e-14,4.23412903846514e-15,1.57493641789059e-11,2.47745148342841e-12
20892961308.5398,1.87049044247233e-11,6.37552563203022e-09,1.53826533934284e-11,2.47609935099905e-12,3.31165757394819e-12,9.80557393692844e-12,2.60610720028768e-14,4.18337096200202e-15,1.53826313172643e-11,2.47609581709297e-12
21379620895.0217,1.82792487672097e-11,6.37840111739234e-09,1.50240894079507e-11,2.47468481062641e-12,3.2344637051708e-12,9.58237197062553e-12,2.51622339071638e-14,4.13312193484237e-15,1.50240683371742e-11,2.47468135913458e-12
21877616239.4949,1.78632847340741e-11,6.38140932053388e-09,1.46735061831285e-11,2.47320879541042e-12,3.15898796903946e-12,9.36425069346522e-12,2.42937718774439e-14,4.083373644661e-15,1.46734860724696e-11,2.47320542449574e-12
22387211385.6827,1.74567917567347e-11,6.38455623044208e-09,1.43307188450425e-11,2.47166851893503e-12,3.08519056511232e-12,9.15109445540754e-12,2.34546544427473e-14,4.03411782599531e-15,1.43306996512676e-11,2.47166522680315e-12
22908676527.677,1.70595542870076e-11,6.38784809353339e-09,1.39955467200672e-11,2.47006109017858e-12,3.01303259719271e-12,8.94279023889161e-12,2.26438852202583e-14,3.98534625903529e-15,1.39955284018877e-11,2.47005787507689e-12
23442288153.1985,1.66713616827501e-11,6.39129142350437e-09,1.3667813243231e-11,2.46838351022749e-12,2.94247605360122e-12,8.73922759891551e-12,2.18605017284778e-14,3.93705076858038e-15,1.36677957612157e-11,2.4683803704442e-12
23988329190.1942,1.62920080960998e-11,6.39489301144287e-09,1.33473458689804e-11,2.46663266900581e-12,2.87348378796555e-12,8.54029860447999e-12,2.11035742408571e-14,3.88922322317193e-15,1.33473291854717e-11,2.46662960286895e-12
24547089156.8495,1.59212923642526e-11,6.39865993619457e-09,1.30339759843113e-11,2.46480534203309e-12,2.80601950051969e-12,8.345897781365e-12,2.03722046785316e-14,3.84185553441098e-15,1.30339600633453e-11,2.46480234790964e-12
25118864315.095,1.55590179027201e-11,6.40259957497781e-09,1.27275388242279e-11,2.46289818722472e-12,2.74004771990447e-12,8.15592205620845e-12,1.96655255408287e-14,3.79493965647171e-15,1.27275236314584e-11,2.46289526351971e-12
25703957827.6879,1.52049926010101e-11,6.40671961423858e-09,1.24278733894952e-11,2.46090774175017e-12,2.67553378546152e-12,7.97027070185802e-12,1.89826988722689e-14,3.74846758582152e-15,1.24278588921208e-11,2.46090488690576e-12
26302679918.953,1.48590287206752e-11,6.41102806073473e-09,1.21348223666471e-11,2.45883041896611e-12,2.61244383001307e-12,7.78884528396649e-12,1.83229152648207e-14,3.70243136115981e-15,1.21348085333414e-11,2.45882763146079e-12
26915348039.2683,1.45209427956751e-11,6.4155332528372e-09,1.18482320502161e-11,2.45666250544346e-12,2.5507447631199e-12,7.61154960880286e-12,1.76853928942125e-14,3.65682306358773e-15,1.18482188510614e-11,2.45665978379115e-12
27542287033.3808,1.41905555349994e-11,6.42024387203292e-09,1.1567952267151e-11,2.45440015810853e-12,2.49040425481036e-12,7.43828967225116e-12,1.70693765891438e-14,3.61163481702235e-15,1.15679396735748e-11,2.45439750085783e-12
28183829312.6437,1.38676917275e-11,6.42516895461206e-09,1.12938363033878e-11,2.45203940152108e-12,2.43139071977286e-12,7.26897360997013e-12,1.64741369322753e-14,3.56685878886915e-15,1.12938242881025e-11,2.45203680725438e-12
28840315031.2652,1.35521801488823e-11,6.43031790351908e-09,1.10257408325413e-11,2.44957612531328e-12,2.37367330200496e-12,7.10351164868731e-12,1.58989693919155e-14,3.52248719096733e-15,1.10257293694857e-11,2.44957359264604e-12
29512092266.6629,1.32438534708058e-11,6.43570050034435e-09,1.07635258466831e-11,2.44700608181627e-12,2.31722185991167e-12,6.94181605860173e-12,1.53431934833572e-14,3.47851228082314e-15,1.07635149109679e-11,2.44700360939622e-12
30199517204.0192,1.2942548172046e-11,6.4413269174296e-09,1.05070545891746e-11,2.44432488390272e-12,2.26200695184596e-12,6.78380110686996e-12,1.48061519588488e-14,3.434926363147e-15,1.05070441570291e-11,2.44432247040912e-12
30902954325.1349,1.26481044516712e-11,6.44720773005685e-09,1.02561934895195e-11,2.44152800307607e-12,2.20799982208423e-12,6.62938301215083e-12,1.42872100252209e-14,3.39172179171058e-15,1.02561835382413e-11,2.44152564721895e-12
31622776601.6828,1.23603661441873e-11,6.45335392868695e-09,1.00108121002031e-11,2.43861076783953e-12,2.15517238722944e-12,6.47847990018482e-12,1.37857545882187e-14,3.34889097154038e-15,1.00108026081101e-11,2.43860846835899e-12
32359365692.9618,1.20791806366064e-11,6.4597769312094e-09,9.77078303548385e-12,2.43556836238002e-12,2.10349722303447e-12,6.33101176038449e-12,1.3301193522622e-14,3.30642636146486e-15,9.77077398186807e-12,2.4355661180455e-12
33113112148.2581,1.1804398787396e-11,6.46648859516101e-09,9.5359819121015e-12,2.43239582560466e-12,2.05294755163814e-12,6.186900403413e-12,1.2832954967261e-14,3.2643204770321e-15,9.53597327718539e-12,2.43239363521426e-12
33884415613.9192,1.15358748472647e-11,6.47350122986589e-09,9.30628729186493e-12,2.42908805056977e-12,2.00349722920589e-12,6.04606941972809e-12,1.23804866440682e-14,3.22256589381525e-15,9.30627905675932e-12,2.42908591294954e-12
34673685045.2521,1.12734663817444e-11,6.48082760844475e-09,9.08158062608204e-12,2.4256397843446e-12,1.95512073396703e-12,5.90844413906984e-12,1.19432552003301e-14,3.18115525112283e-15,9.08157277274613e-12,2.42563769834792e-12
35481338923.3565,1.10170341955266e-11,6.48848097963561e-09,8.86174620179154e-12,2.42204562835452e-12,1.90779315463985e-12,5.77395159087038e-12,1.15207455733289e-14,3.14008125613078e-15,8.86173871299465e-12,2.4220435928614e-12
36307805477.009,1.07664422585153e-11,6.49647507936277e-09,8.64667108975463e-12,2.41830003925023e-12,1.8614901792357e-12,5.64252046556483e-12,1.11124603765908e-14,3.09933668845271e-15,8.6466639490397e-12,2.41829805316668e-12
37153522909.7161,1.05215576335556e-11,6.5048241419848e-09,8.4362450941623e-12,2.41439733035234e-12,1.81618808423238e-12,5.51408107678284e-12,1.0717919306978e-14,3.0589144051641e-15,8.43623828581099e-12,2.41439539260974e-12
38018939632.0549,1.02822504058019e-11,6.5135429111459e-09,8.23036070401088e-12,2.41033167372197e-12,1.77186372410663e-12,5.38856532440071e-12,1.03366585718875e-14,3.01880734629541e-15,8.23035421301028e-12,2.41032978327646e-12
38904514499.4268,1.00483936136885e-11,6.52264665014867e-09,8.02891304609569e-12,2.40609710291052e-12,1.72849452121503e-12,5.2659066584345e-12,9.96823033583981e-15,2.97900854080794e-15,8.0289068581065e-12,2.40609525874237e-12
39810717055.3485,9.81986318146679e-12,6.53215115175926e-09,7.83179983956883e-12,2.40168751644296e-12,1.68605845601164e-12,5.14604004375504e-12,9.61220218576068e-15,2.93951111306472e-15,7.83179394089499e-12,2.40168571755598e-12
40738027780.41,9.59653785327402e-12,6.54207274734874e-09,7.63892135200347e-12,2.39709668209058e-12,1.64453405758993e-12,5.02890192560601e-12,9.26815661428228e-15,2.90030828980712e-15,7.63891572956316e-12,2.39709492751153e-12
41686938347.0322,9.37829912869988e-12,6.55242831526729e-09,7.45018035690279e-12,2.39231824199014e-12,1.60390039453575e-12,4.91443019590695e-12,8.93569052040583e-15,2.86139340764585e-15,7.45017499820072e-12,2.39231653076815e-12
42657951880.1579,9.16503119981793e-12,6.56323528833986e-09,7.26548209258689e-12,2.38734571866705e-12,1.56413706607692e-12,4.80256416032329e-12,8.61441472688895e-15,2.82275992107232e-15,7.26547698568784e-12,2.38734404987307e-12
43651583224.0152,8.95662088964967e-12,6.57451166036472e-09,7.08473422238641e-12,2.38217252202045e-12,1.5252241935142e-12,4.69324450608588e-12,8.30395351373758e-15,2.7844014109939e-15,7.08472935588998e-12,2.38217089474665e-12
44668359215.0949,8.75295759202972e-12,6.58627599148747e-09,6.90784679606591e-12,2.37679195732762e-12,1.48714241191694e-12,4.58641327054303e-12,8.0039441672003e-15,2.74631159379306e-15,6.90784215908237e-12,2.37679037068688e-12
45708818961.4861,8.55393321284206e-12,6.598547412316e-09,6.73473221239473e-12,2.37119723432473e-12,1.4498728620658e-12,4.48201381042842e-12,7.71403654367918e-15,2.70848433090693e-15,6.73472779452202e-12,2.37119568745008e-12
46773514128.7184,8.35944211259744e-12,6.61134562663299e-09,6.56530518277721e-12,2.3653814774188e-12,1.41339718262353e-12,4.37999077182843e-12,7.43389264798795e-15,2.67091363891958e-15,6.5653009740789e-12,2.36537996946289e-12
47863009232.2623,8.16938105032331e-12,6.62469091255491e-09,6.39948269584762e-12,2.35933773708417e-12,1.37769750251341e-12,4.28029006083318e-12,7.16318622540392e-15,2.63359370015498e-15,6.39947868683193e-12,2.35933626721874e-12
48977881936.8431,7.98364912873829e-12,6.63860412197829e-09,6.23718398292953e-12,2.35305900249313e-12,1.34275643348379e-12,4.18285881485556e-12,6.90160236697592e-15,2.59651887375315e-15,6.23718016452927e-12,2.3530575699085e-12
50118723362.7256,7.80214774068397e-12,6.65310667814636e-09,6.0783304842522e-12,2.34653821542693e-12,1.30855706283564e-12,4.08764537460313e-12,6.64883712756554e-15,2.55968370720709e-15,6.0783268478056e-12,2.34653681933149e-12
51286138399.1349,7.62478051678763e-12,6.66822057116143e-09,5.9228458158107e-12,2.3397682855082e-12,1.27508294628861e-12,3.99459925668796e-12,6.4045971561143e-15,2.52308294833157e-15,5.92284235304314e-12,2.33976692512789e-12
52480746024.9756,7.45145327433017e-12,6.68396835126155e-09,5.77065573674967e-12,2.33274210679004e-12,1.24231810095982e-12,3.90367112685999e-12,6.16859933764446e-15,2.48671155762879e-15,5.77065243975619e-12,2.33274078136789e-12
53703179637.0236,7.28207396729425e-12,6.70037311967321e-09,5.62168811714453e-12,2.3254525757301e-12,1.21024699842827e-12,3.81481277384962e-12,5.94057044651609e-15,2.45056472100888e-15,5.62168497837319e-12,2.32545128452572e-12
54954087385.7607,7.11655263756844e-12,6.71745851684565e-09,5.47587290604793e-12,2.31789261056968e-12,1.17885455785621e-12,3.72797708380573e-12,5.72024681047845e-15,2.41463786281613e-15,5.47586991828387e-12,2.31789135285878e-12
56234132519.0331,6.95480136728359e-12,6.73524870786773e-09,5.33314209966342e-12,2.31005517212876e-12,1.148126139138e-12,3.64311801531552e-12,5.50737398506876e-15,2.37892665910398e-15,5.33313925601368e-12,2.31005394720271e-12
57543993733.7139,6.79673423225848e-12,6.75376836486336e-09,5.19342970950349e-12,2.3019332860173e-12,1.1180475360455e-12,3.560190574993e-12,5.30170643792742e-15,2.34342705109414e-15,5.19342700338248e-12,2.30193209318261e-12
58884365535.557,6.64226725653233e-12,6.77304264615881e-09,5.05667173038437e-12,2.29352006625117e-12,1.08860496933826e-12,3.47915079362312e-12,5.10300724261442e-15,2.30813525874694e-15,5.05666915550004e-12,2.29351890482909e-12
60255958607.4339,6.49131836796211e-12,6.79309717201302e-09,4.9228061081066e-12,2.28480874024851e-12,1.05978507980618e-12,3.39995570284892e-12,4.91104778152832e-15,2.27304779436176e-15,4.92280365844722e-12,2.28480760957453e-12
61659500186.1463,6.34380735486341e-12,6.81395799670176e-09,4.79177270666764e-12,2.2757926751676e-12,1.03157492121116e-12,3.32256331238937e-12,4.72560745754601e-15,2.238161476118e-15,4.79177037648917e-12,2.27579157459107e-12
63095734448.0173,6.1996558236738e-12,6.83565157674736e-09,4.66351327485137e-12,2.26646540553246e-12,1.00396195309478e-12,3.24693258777577e-12,4.54647341401904e-15,2.20347344145884e-15,4.66351105866539e-12,2.2664643344161e-12
64565422903.4635,6.05878715761813e-12,6.85820473508893e-09,4.53797141203917e-12,2.25682066207548e-12,9.76934033418176e-13,3.1730234285949e-12,4.37344026278034e-15,2.16898116021207e-15,4.53796930460145e-12,2.25681961979498e-12
66069344800.7575,5.92112647635562e-12,6.8816446209928e-09,4.41509253308891e-12,2.24685240170941e-12,9.50479411001334e-13,3.1007966472275e-12,4.20630981983419e-15,2.13468244733415e-15,4.4150905293884e-12,2.246851387653e-12
67608297539.196,5.78660059658871e-12,6.90599866551014e-09,4.29482383213099e-12,2.23655483852235e-12,9.24586717729082e-13,3.03021394807062e-12,4.0448908484216e-15,2.10057547515697e-15,4.29482192737934e-12,2.2365538520904e-12
69183097091.8914,5.65513799361419e-12,6.93129453229809e-09,4.17711424513586e-12,2.22592247567082e-12,8.99244960492597e-13,2.96123790723303e-12,3.88899880917366e-15,2.06665878500974e-15,4.17711243475744e-12,2.22592151627545e-12
70794578438.4115,5.52666876379686e-12,6.95756006363309e-09,4.06191441111426e-12,2.21495013802637e-12,8.74443512836482e-13,2.89383195269272e-12,3.73845561708626e-15,2.0329312980828e-15,4.06191269073663e-12,2.21494920509102e-12
72443596007.4967,5.40112458794673e-12,6.98482322145969e-09,3.94917663182078e-12,2.20363300541153e-12,8.50172106283544e-13,2.82796034490615e-12,3.59308940507115e-15,1.99939232539563e-15,3.94917499726561e-12,2.20363209837064e-12
74131024130.0894,5.27843869558011e-12,7.01311202333614e-09,3.83885482984261e-12,2.19196664624169e-12,8.26420821311872e-13,2.76358815785886e-12,3.45273429386053e-15,1.96604157672749e-15,3.83885327711698e-12,2.19196576454026e-12
75857757502.9159,5.15854583004572e-12,7.04245447315865e-09,3.73090450496922e-12,2.17994705136978e-12,8.03180077961739e-13,2.70068126054742e-12,3.31723016806505e-15,1.93287916836716e-15,3.73090303025738e-12,2.17994619446305e-12
77624711662.8667,5.04138221449624e-12,7.07287848657047e-09,3.62528268875496e-12,2.16757066791253e-12,7.80440626053376e-13,2.63920629888292e-12,3.18642245820795e-15,1.89990562953773e-15,3.62528128841036e-12,2.16756983526561e-12
79432823472.4256,4.92688551868624e-12,7.1044118109891e-09,3.52194789720479e-12,2.15483443281951e-12,7.5819353500063e-13,2.57913067800639e-12,3.06016192858161e-15,1.86712190735354e-15,3.52194656774264e-12,2.15483362390704e-12
81283051616.4073,4.81499482657686e-12,7.13708194021588e-09,3.42086008153476e-12,2.14173580593005e-12,7.36430183210029e-13,2.52042254500675e-12,2.93830447079587e-15,1.83452937016942e-15,3.42085881962481e-12,2.14173502023589e-12
83176377110.2644,4.70565060472774e-12,7.17091602362621e-09,3.3219805769816e-12,2.12827280224912e-12,7.15142247059768e-13,2.46305077203223e-12,2.82071090291073e-15,1.8021298091876e-15,3.32197937944127e-12,2.128272039266e-12
85113803820.2349,4.59879467145651e-12,7.20594076997626e-09,3.22527204966104e-12,2.11444402316127e-12,6.94321689458544e-13,2.40698493978609e-12,2.7072467740688e-15,1.76992543819506e-15,3.22527091344892e-12,2.11444328239051e-12
87096358995.6053,4.4943701667457e-12,7.24218234590329e-09,3.1306984415019e-12,2.10024868629233e-12,6.73960747990019e-13,2.35219532139817e-12,2.59778217456497e-15,1.73791889131352e-15,3.13069736371151e-12,2.10024796724354e-12
89125093813.3717,4.39232152287725e-12,7.27966626924094e-09,3.03822491331129e-12,2.08568665372259e-12,6.54051922654874e-13,2.29865286666348e-12,2.49219155131194e-15,1.70611321865617e-15,3.03822389116514e-12,2.08568595591336e-12
91201083935.588,4.29259443577391e-12,7.31841729731851e-09,2.94781778605658e-12,2.07075845825188e-12,6.34587963228858e-13,2.24632918663961e-12,2.39035352868025e-15,1.67451187979949e-15,2.94781681690053e-12,2.07075778120756e-12
93325430079.6961,4.19513583702743e-12,7.35845931046403e-09,2.85944448048051e-12,2.0554653274182e-12,6.15561856261899e-13,2.19519653859473e-12,2.29215073470985e-15,1.64311873499471e-15,2.85944356177832e-12,2.05546467067163e-12
95499258602.1405,4.09989386659247e-12,7.3998151909846e-09,2.77307345519708e-12,2.03980920497613e-12,5.96966811750084e-13,2.14522781129825e-12,2.19746963270696e-15,1.61193803406221e-15,2.77307258452531e-12,2.03980856806739e-12
97723722095.5779,4.00681784612586e-12,7.44250669795344e-09,2.68867414344731e-12,2.02379276955018e-12,5.78796249519041e-13,2.09639651064623e-12,2.10620035825451e-15,1.5809744029325e-15,2.6886733184904e-12,2.02379215202637e-12
99999999999.9967,3.91585825295003e-12,7.48655433819182e-09,2.60621688872447e-12,2.0074194501919e-12,5.61043785363864e-13,2.04867674561411e-12,2.01823656167649e-15,1.55023282782e-15,2.60621610727005e-12,2.00741885160694e-12
102329299228.072,3.82696669461996e-12,7.53197723389416e-09,2.52567287950802e-12,1.99069343858698e-12,5.43703216997083e-13,2.00204321452907e-12,1.93347525600608e-15,1.51971863703936e-15,2.52567213944244e-12,1.99069285850141e-12
104712854805.087,3.74009588407295e-12,7.57879298740637e-09,2.44701408337317e-12,1.97361969768099e-12,5.26768509862173e-13,1.956471191655e-12,1.85181667051418e-15,1.48943748049963e-15,2.44701338267727e-12,1.97361913566179e-12
107151930523.757,3.65519961534032e-12,7.6270175437304e-09,2.37021318076874e-12,1.95620396651879e-12,5.1023378287558e-13,1.91193651408272e-12,1.77316410985837e-15,1.45939530693728e-15,2.37021251751376e-12,1.95620342213921e-12
109647819614.315,3.57223273980106e-12,7.67666505139073e-09,2.29524349877832e-12,1.93845276112313e-12,4.94093294165125e-13,1.86841556891865e-12,1.69742381891279e-15,1.42959833897546e-15,2.29524287112203e-12,1.93845223396257e-12
112201845430.193,3.49115114295708e-12,7.7277477223615e-09,2.22207894519916e-12,1.92037337127235e-12,4.78341426876777e-13,1.82588528076512e-12,1.62450485333649e-15,1.4000530461239e-15,2.22207835138219e-12,1.92037286091618e-12
114815362149.684,3.4119117217108e-12,7.7802756918149e-09,2.15069394328846e-12,1.90197385307458e-12,4.62972675125064e-13,1.78432309948565e-12,1.55431895593177e-15,1.37076611585938e-15,2.15069338163074e-12,1.90197335911406e-12
117489755493.949,3.33447236212578e-12,7.83425687851167e-09,2.08106336753746e-12,1.88326301727668e-12,4.47981630164764e-13,1.74370698824866e-12,1.48678043883442e-15,1.34174442295244e-15,2.08106283643486e-12,1.88326253930883e-12
120226443461.737,3.25879191765235e-12,7.88969684671215e-09,2.01316248084e-12,1.86425041328851e-12,4.33362966862798e-13,1.70401541184341e-12,1.42180607156539e-15,1.3129949972295e-15,2.01316197876112e-12,1.86424995091606e-12
123026877081.234,3.18483018780042e-12,7.94659867054129e-09,1.94696687342337e-12,1.844946308948e-12,4.19111430549509e-13,1.66522732526187e-12,1.35931497495788e-15,1.28452498998204e-15,1.94696639890645e-12,1.84494586177926e-12
125892541179.413,3.11254789724298e-12,8.00496280179111e-09,1.88245240390484e-12,1.8253616660974e-12,4.05221824327623e-13,1.62732216254044e-12,1.29922852095561e-15,1.25634163925389e-15,1.88245195555488e-12,1.82536123374623e-12
128824955169.309,3.04190667533424e-12,8.06478694218967e-09,1.81959514282812e-12,1.80550811208681e-12,3.91688996915088e-13,1.59027982585571e-12,1.24147023825769e-15,1.22845223425504e-15,1.81959471931399e-12,1.80550769417258e-12
131825673855.636,2.97286903602796e-12,8.12606592120511e-09,1.75837131901879e-12,1.78539790736587e-12,3.78507831094884e-13,1.55408067486837e-12,1.18596572376284e-15,1.20086407916443e-15,1.7583709190706e-12,1.7853975035134e-12
134896288259.161,2.90539835818213e-12,8.18879158048576e-09,1.69875726907823e-12,1.76504390936758e-12,3.65673232840526e-13,1.51870551630975e-12,1.13264255974154e-15,1.17358445659469e-15,1.69875689148476e-12,1.76504351920714e-12
138038426460.284,2.83945886623755e-12,8.25295266606215e-09,1.64072939031034e-12,1.7444595329299e-12,3.53180121180673e-13,1.48413559380525e-12,1.08143023663988e-15,1.14662059099914e-15,1.64072903391657e-12,1.74445915609716e-12
141253754462.271,2.77501561125888e-12,8.31853472945238e-09,1.58426409734613e-12,1.72365870753834e-12,3.41023418859902e-13,1.45035257792955e-12,1.03226008139262e-15,1.11997961230443e-15,1.58426376105088e-12,1.72365834367441e-12
144543977074.588,2.71203445232816e-12,8.38552003881845e-09,1.5293377826977e-12,1.70265583170786e-12,3.29198043845511e-13,1.41733855648807e-12,9.85065191097534e-16,1.09366852005165e-15,1.52933746545139e-12,1.70265548045926e-12
147910838816.816,2.6504820382816e-12,8.45388750131643e-09,1.47592678143621e-12,1.68146572485226e-12,3.17698901722231e-13,1.38507602501968e-12,9.39780371877402e-16,1.06769414832436e-15,1.4759264822387e-12,1.68146538587095e-12
151356124843.616,2.59032578978203e-12,8.52361259776683e-09,1.42400734014851e-12,1.66010357701507e-12,3.06520879008177e-13,1.35354787751556e-12,8.96342082731717e-16,1.04206313173352e-15,1.42400705804701e-12,1.66010324995846e-12
154881661891.243,2.53153388172008e-12,8.59466733074284e-09,1.37355559028507e-12,1.63858489685595e-12,2.95658837416283e-13,1.32273739734937e-12,8.54688384157013e-16,1.0167818727174e-15,1.37355532437217e-12,1.63858458138696e-12
158489319246.106,2.47407522593872e-12,8.66702018713205e-09,1.32454752596848e-12,1.61692545830172e-12,2.85107609076126e-13,1.29262824841374e-12,8.14758891293653e-16,9.9185651039913e-16,1.32454727538023e-12,1.61692515408874e-12
162181009735.888,2.41791945427621e-12,8.74063611617134e-09,1.2769589862875e-12,1.59514124627979e-12,2.74861992721551e-13,1.26320446645865e-12,7.7649473133799e-16,9.67292891225844e-16,1.27695875020156e-12,1.59514095299679e-12
165958690743.751,2.36303690192396e-12,8.81547652388447e-09,1.23076564205783e-12,1.57324840195564e-12,2.64916750840021e-13,1.23445045062682e-12,7.39838504942644e-16,9.43096541592256e-16,1.23076541969175e-12,1.57324811928217e-12
169824365246.169,2.30939859109629e-12,8.89149928476703e-09,1.18594298698762e-12,1.55126316789305e-12,2.55266607770335e-13,1.20635095518189e-12,7.04734251314289e-16,9.19272642627556e-16,1.18594277759711e-12,1.55126289551429e-12
173780082874.932,2.25697621500979e-12,8.96865877146388e-09,1.14246633314384e-12,1.52920183354821e-12,2.45906248726411e-13,1.17889108142477e-12,6.71127416708274e-16,8.95826007299067e-16,1.14246613602117e-12,1.52920157115502e-12
177827941003.886,2.20574212217083e-12,9.04690590306957e-09,1.10031081057701e-12,1.50708068149561e-12,2.36830319716367e-13,1.15205626979407e-12,6.38964826012459e-16,8.72761059958965e-16,1.10031062504939e-12,1.50708042878454e-12
181970085860.992,2.1556693009699e-12,9.1261882125537e-09,1.05945137092457e-12,1.4849159347654e-12,2.28033428318305e-13,1.12583229214627e-12,6.08194657109222e-16,8.50081818432427e-16,1.05945119635272e-12,1.48491569143877e-12
186208713666.281,2.1067313645821e-12,9.20644993367037e-09,1.0198627947809e-12,1.46272370564971e-12,2.19510145267059e-13,1.10020524421167e-12,5.78766417704394e-16,8.27791878717172e-16,1.01986263055754e-12,1.46272347141564e-12
190546071796.318,2.05890253617324e-12,9.28763210755553e-09,9.81519702592077e-13,1.44051994630903e-12,2.11255006799895e-13,1.07516153822202e-12,5.50630924315016e-16,8.05894402335968e-16,9.81519548140548e-13,1.44051972088146e-12
194984459975.798,2.01215763441107e-12,9.36967270904838e-09,9.44396568808838e-13,1.41832040148008e-12,2.03262517703744e-13,1.05068789570593e-12,5.23740283114075e-16,7.84392106355909e-16,9.44396423581761e-13,1.4183201845788e-12
199526231496.881,1.96647205928145e-12,9.45250679259579e-09,9.08467739010284e-13,1.39614056355471e-12,1.95527155002085e-13,1.02677134044834e-12,4.98047872339558e-16,7.63287256061328e-16,9.08467602488264e-13,1.39614035490542e-12
204173794466.946,1.92182177820882e-12,9.53606665741232e-09,8.73707449694759e-13,1.37399563026496e-12,1.88043372216111e-13,1.0033991916102e-12,4.73508325987017e-16,7.42581660241714e-16,8.73707321385133e-13,1.37399542959927e-12
208929613085.397,1.87818331248061e-12,9.62028203137621e-09,8.40089850422641e-13,1.35190046517403e-12,1.80805604132307e-13,9.80559057004778e-13,4.50077518519118e-16,7.22276669032141e-16,8.40089729858283e-13,1.35190027222949e-12
213796208950.216,1.83553372397453e-12,9.70508027294537e-09,8.07589027988725e-13,1.32986956113676e-12,1.73808272007038e-13,9.58238826527024e-13,4.27712550341942e-16,7.02373174221822e-16,8.07588914726885e-13,1.32986937565688e-12
218776162394.948,1.79385060218798e-12,9.79038659017996e-09,7.7617903229905e-13,1.30791700685704e-12,1.6704578913814e-13,9.36426665732476e-13,4.06371733815826e-16,6.82871611926765e-16,7.76178925920244e-13,1.30791682859127e-12
223872113856.827,1.75311205156776e-12,9.87612427576208e-09,7.45833903628459e-13,1.28605645663352e-12,1.60512566733817e-13,9.15111009562349e-13,3.86014579587958e-16,6.63771967505186e-16,7.45833803735396e-13,1.28605628533728e-12
229086765276.77,1.71329667913856e-12,9.96221495671217e-09,7.16527700940386e-13,1.26430110335083e-12,1.54203020010266e-13,8.94280556211459e-13,3.66601783054245e-16,6.45073782579554e-16,7.16527607156938e-13,1.26430093878552e-12
234422881531.984,1.67438358242778e-12,1.00485788573186e-08,6.88234530959182e-13,1.2426636547397e-12,1.4811157445135e-13,8.73924261135721e-13,3.48095210779047e-16,6.26776164016919e-16,6.88234442929391e-13,1.24266349667263e-12
239883291901.941,1.63635233768416e-12,1.01351350736249e-08,6.60928577697214e-13,1.22115631289835e-12,1.4223267216621e-13,8.54031331196066e-13,3.30457886722608e-16,6.08877794709478e-16,6.60928495084337e-13,1.2211561611028e-12
245470891568.495,1.59918298838691e-12,1.02218018576619e-08,6.34584132153677e-13,1.19979075703843e-12,1.3656077828386e-13,8.34591218935661e-13,3.1365397814732e-16,5.91376945990213e-16,6.34584054639271e-13,1.19979061129355e-12
251188643150.95,1.56285603404198e-12,1.03084969094715e-08,6.09175621919054e-13,1.17857812939181e-12,1.31090387327493e-13,8.15593616987395e-13,2.97648781094841e-16,5.74271491513701e-16,6.09175549202091e-13,1.17857798948264e-12
257039578276.878,1.52735241926135e-12,1.03951376748515e-08,5.8467764043811e-13,1.15752902419095e-12,1.25816029515279e-13,7.97028452608678e-13,2.82408705346449e-16,5.5755892242984e-16,5.84677572234132e-13,1.15752888990837e-12
263026799189.529,1.49265352312106e-12,1.04816416466521e-08,5.61064975704651e-13,1.13665347961411e-12,1.20732276938832e-13,7.78885882340639e-13,2.6790125879847e-16,5.41236363677977e-16,5.61064911744957e-13,1.13665335075478e-12
269153480392.683,1.45874114879313e-12,1.05679266673864e-08,5.38312638182739e-13,1.11596097256854e-12,1.15833749575148e-13,7.61156286788914e-13,2.54095031203112e-16,5.25300591230703e-16,5.38312578213603e-13,1.11596084893485e-12
275422870333.807,1.42559751344631e-12,1.06539112308736e-08,5.16395887771144e-13,1.09546041616919e-12,1.11115121092541e-13,7.43830265523231e-13,2.40959677242244e-16,5.09748050120143e-16,5.16395831553065e-13,1.09546029756925e-12
281838293126.436,1.39320523841028e-12,1.07395147806202e-08,4.95290259650163e-13,1.07516015975826e-12,1.06571124415974e-13,7.26898632093107e-13,2.28465898917622e-16,4.94574873084681e-16,4.95290206957153e-13,1.07516004600576e-12
288403150312.651,1.36154733959756e-12,1.08246580026575e-08,4.74971588872318e-13,1.05506799130056e-12,1.02196557021931e-13,7.10352409157009e-13,2.16585427255567e-16,4.79776899680593e-16,4.74971539491207e-13,1.05506788221476e-12
295120922666.629,1.33060721817726e-12,1.09092631106041e-08,4.55416033580343e-13,1.03519114198311e-12,9.79862859377542e-14,6.94182823722387e-13,2.0529100333711e-16,4.65349695710687e-16,4.55415987310125e-13,1.03519103738874e-12
301995172040.192,1.30036865149451e-12,1.09932541207917e-08,4.36600096757286e-13,1.01553629284211e-12,9.39352524249306e-14,6.78381302494074e-13,1.94556358676163e-16,4.51288572830677e-16,4.36600053408488e-13,1.01553619256929e-12
309029543251.349,1.2708157842295e-12,1.10765571154014e-08,4.18500646434005e-13,9.96109583238413e-13,9.00384763302555e-14,6.62939467328566e-13,1.84356194978265e-16,4.37588608203298e-16,4.18500605828084e-13,9.96109487122583e-13
316227766016.827,1.2419331197895e-12,1.11591004916859e-08,4.01094934298802e-13,9.76916621002158e-13,8.62910600929672e-14,6.47849130791784e-13,1.74666163320996e-16,4.24244664080066e-16,4.01094896267568e-13,9.76916528883987e-13
323593656929.617,1.21370551192773e-12,1.12408151955092e-08,3.84360612672215e-13,9.57962494068774e-13,8.26881923998899e-14,6.33102291817961e-13,1.654628428042e-16,4.11251407200764e-16,3.84360577057283e-13,9.57962405794062e-13
331131121482.58,1.18611815658248e-12,1.13216349376153e-08,3.68275749826931e-13,9.39251783431886e-13,7.92251514842705e-14,6.18691131467348e-13,1.56723718723898e-16,3.98603327911147e-16,3.68275716479195e-13,9.39251698851467e-13
338844156139.191,1.15915658393009e-12,1.14014963912333e-08,3.52818843648344e-13,9.20788577243306e-13,7.5897308067345e-14,6.04608008780492e-13,1.48427160328139e-16,3.86294758909764e-16,3.52818812427473e-13,9.20788496212953e-13
346736850452.52,1.13280665064539e-12,1.14803393698397e-08,3.37968833645408e-13,9.02576485896243e-13,7.27001279447114e-14,5.90845456726886e-13,1.40552398216228e-16,3.74319893545125e-16,3.37968804419374e-13,9.02576408276567e-13
354813389233.563,1.10705453236324e-12,1.15581069841248e-08,3.23705111334091e-13,8.8461865793481e-13,6.96291742223088e-14,5.77396178245844e-13,1.33079501444839e-16,3.62672803594518e-16,3.23705083978708e-13,8.84618583591155e-13
363078054770.089,1.08188671633503e-12,1.16347457774432e-08,3.10007529026915e-13,8.66917796640716e-13,6.66801092092147e-14,5.64253042377502e-13,1.25989354405568e-16,3.51347456465571e-16,3.10007503425411e-13,8.66917725443055e-13
371535229097.16,1.05728999427391e-12,1.17102058392623e-08,2.96856407071837e-13,8.49476177156445e-13,6.38486959765698e-14,5.51409080481892e-13,1.19263633538611e-16,3.40337731771018e-16,2.96856383114438e-13,8.49476108979268e-13
380189396320.548,1.03325145538281e-12,1.17844408963651e-08,2.84232539592058e-13,8.32295664013115e-13,6.11307995937393e-14,5.38857482544078e-13,1.12884783946585e-16,3.29637437236003e-16,2.84232517175597e-13,8.32295598735325e-13
389045144994.268,1.00975847955941e-12,1.18574083817916e-08,2.72117198785384e-13,8.15377728940449e-13,5.85223880543308e-14,5.26591593563414e-13,1.0683599597115e-16,3.19240323905669e-16,2.7211717781293e-13,8.15377666445249e-13
398107170553.484,9.86798730772357e-13,1.19290694817291e-08,2.60492137847487e-13,7.98723468845611e-13,5.60195329059234e-14,5.14604910024979e-13,1.01101181793107e-16,3.09140100628551e-16,2.6049211822799e-13,7.98723409020397e-13
407380277804.099,9.64360150603295e-13,1.199938916078e-08,2.49339592587986e-13,7.82333623857122e-13,5.36184095983453e-14,5.02891076451347e-13,9.56649521141668e-17,2.99330447798536e-16,2.4933957423594e-13,7.82333566593368e-13
416869383470.321,9.4243095194927e-13,1.20683361662273e-08,2.38642281811687e-13,7.66208595339358e-13,5.13152975660787e-14,4.91443882032844e-13,9.05125929757256e-17,2.89805030344785e-16,2.38642264646812e-13,7.66208540532508e-13
426579518801.578,9.20999612880482e-13,1.21358830121102e-08,2.28383406539792e-13,7.50348463792342e-13,4.91065800608924e-14,4.80257257334518e-13,8.56300427667383e-17,2.80557509965008e-16,2.28383390486733e-13,7.50348411341699e-13
436515832240.151,9.00054870648365e-13,1.22020059440792e-08,2.18546648147352e-13,7.34753006560433e-13,4.69887437511315e-14,4.69325271078062e-13,8.10038694693411e-17,2.71581556602945e-16,2.18546633135392e-13,7.34752956369046e-13
446683592150.948,8.79585715839258e-13,1.22666848861474e-08,2.09116165493952e-13,7.19421715282124e-13,4.49583781042334e-14,4.58642126996996e-13,7.6621248187234e-17,2.62870859175705e-16,2.0911615145674e-13,7.19421667256683e-13
457088189614.859,8.59581386669096e-13,1.23299033705755e-08,2.00076591124531e-13,7.04353813021401e-13,4.3012174569033e-14,4.48202160763433e-13,7.24699389980872e-17,2.54419135560915e-16,2.00076577999827e-13,7.04353767072122e-13
467735141287.182,8.40031363414726e-13,1.23916484522272e-08,1.91413026616534e-13,6.8954827102892e-13,4.11469255742605e-14,4.37999836984805e-13,6.85382651674351e-17,2.46220141857342e-16,1.91413014345963e-13,6.89548227069445e-13
478630092322.622,8.20925362977649e-13,1.24519106088086e-08,1.83111037148319e-13,6.75003825088656e-13,3.93595233593629e-14,4.28029746268946e-13,6.48150917577205e-17,2.38267680935872e-16,1.83111025677148e-13,6.75003783035939e-13
489778819368.43,8.02253333576171e-13,1.25106836284604e-08,1.75156645361992e-13,6.60718991412569e-13,3.76469586534037e-14,4.18286602355992e-13,6.12898046623886e-17,2.30555610300449e-16,1.75156634638904e-13,6.60718951186776e-13
501187233627.255,7.84005449562108e-13,1.25679644862031e-08,1.67536324591639e-13,6.46692082052288e-13,3.60063192173239e-14,4.08765239315558e-13,5.79522900912465e-17,2.23077849280846e-16,1.67536314568535e-13,6.46692043576691e-13
512861383991.347,7.66172106358363e-13,1.26237532107496e-08,1.60236991525479e-13,6.32921219802772e-13,3.44347882643134e-14,3.99460608807724e-13,5.47929145297266e-17,2.15828385580997e-16,1.60236982157282e-13,6.32921183003648e-13
524807460249.755,7.4874391551386e-13,1.26780527431914e-08,1.53245998367642e-13,6.19404352578368e-13,3.29296427724428e-14,3.90367777406362e-13,5.18025051912562e-17,2.08801281208082e-16,1.53245989612113e-13,6.19404317384899e-13
537031796370.234,7.31711699872466e-13,1.27308687890397e-08,1.46551124562319e-13,6.06139267246716e-13,3.14882517030656e-14,3.81481923983395e-13,4.89723309786434e-17,2.01990677808651e-16,1.46551116379887e-13,6.0613923359089e-13
549540873857.606,7.15066488852693e-13,1.27822096650633e-08,1.40140568139903e-13,5.93123602910481e-13,3.01080741378241e-14,3.72798337152602e-13,4.62940839672787e-17,1.95390801438895e-16,1.401405604935e-13,5.93123570726998e-13
562341325190.33,6.98799513835085e-13,1.28320861423111e-08,1.34002936741469e-13,5.80354863631013e-13,2.87866573463958e-14,3.64312412771596e-13,4.37598614200167e-17,1.88995966796646e-16,1.34002929596381e-13,5.80354832857189e-13
575439937337.137,6.82902203654378e-13,1.28805112866377e-08,1.28127238374673e-13,5.67830430591696e-13,2.75216347964055e-14,3.56019651500683e-13,4.13621483408559e-17,1.82800580942955e-16,1.2812723169839e-13,5.67830401167372e-13
588843655355.569,6.67366180193589e-13,1.2927500297979e-08,1.22502871950795e-13,5.55547573702028e-13,2.63107241162099e-14,3.4791565641727e-13,3.90938005719872e-17,1.76799146541108e-16,1.22502865712879e-13,5.55547545569479e-13
602559586074.337,6.52183254077352e-13,1.29730703495356e-08,1.17119617649331e-13,5.43503462646377e-13,2.51517250205494e-14,3.39996130684583e-13,3.69480284364258e-17,1.70986264640786e-16,1.17119611821286e-13,5.43503435750225e-13
616595001861.461,6.37345420461918e-13,1.30172404279354e-08,1.11967627153279e-13,5.31695177383854e-13,2.4042517208351e-14,3.32256875273457e-13,3.49183809262798e-17,1.65356637034689e-16,1.11967621708431e-13,5.31695151670984e-13
630957344480.172,6.22844854919338e-13,1.30600311753509e-08,1.07037413794998e-13,5.20119718107989e-13,2.29810582412753e-14,3.24693786735974e-13,3.29987304347415e-17,1.59905068214502e-16,1.07037408708383e-13,5.20119693527464e-13
645654229034.633,6.08673909413454e-13,1.31014647344486e-08,1.02319842649423e-13,5.08774014676728e-13,2.19653814109211e-14,3.17302855029783e-13,3.11832580281042e-17,1.54626466952422e-16,1.02319837897678e-13,5.0877399117971e-13
660693448007.573,5.94825108365416e-13,1.3141564596954e-08,9.78061206083299e-14,4.97654935524906e-13,2.09935936019478e-14,3.10080161391947e-13,2.94664392525069e-17,1.49515847533767e-16,9.78061161695941e-14,4.97654913064575e-13
676082975391.958,5.81291144806525e-13,1.31803554565148e-08,9.34877864664429e-14,4.86759296072659e-13,2.00638731577418e-14,3.03021876261179e-13,2.78430304686805e-17,1.44568330665378e-16,9.3487782320263e-14,4.86759274604139e-13
691830970918.913,5.68064876616292e-13,1.3217863066452e-08,8.93567010473433e-14,4.76083866644343e-13,1.91744677546494e-14,2.96124257247388e-13,2.63080557067084e-17,1.39779144083658e-16,8.9356697174585e-14,4.76083846124629e-13
707945784384.113,5.55139322843679e-13,1.32541141028971e-08,8.54050373944591e-14,4.65625379913403e-13,1.83236922902172e-14,2.8938364714742e-13,2.48567940317063e-17,1.35143622885158e-16,8.54050337772239e-14,4.65625360301285e-13
724435960074.965,5.42507660109554e-13,1.32891360337221e-08,8.1625271049867e-14,4.55380537889291e-13,1.75099267903362e-14,2.82796472005994e-13,2.34847674103721e-17,1.30657209601679e-16,8.16252676714138e-14,4.5538051914529e-13
741310241300.892,5.3016321908847e-13,1.33229569935897e-08,7.8010170441218e-14,4.45346018463059e-13,1.67316143396629e-14,2.76359239220749e-13,2.21877290675332e-17,1.26315454040855e-16,7.80101672858901e-14,4.45346000549354e-13
758577575029.157,5.1809948106793e-13,1.33556056653687e-08,7.45527873948293e-14,4.3551848152857e-13,1.59872590392e-14,2.70068535690446e-13,2.09616523211317e-17,1.22114012912199e-16,7.45527844479853e-14,4.35518464408938e-13
776247116628.665,5.06310074583371e-13,1.33871111680886e-08,7.12464477908443e-14,4.25894574696485e-13,1.52754239944644e-14,2.63921026005308e-13,1.98027198835142e-17,1.18048649257563e-16,7.12464450387933e-14,4.25894558336235e-13
794328234724.254,4.94788772127151e-13,1.34175029515401e-08,6.80847423743669e-14,4.16470938618244e-13,1.45947293372334e-14,2.5791345067856e-13,1.87073136164355e-17,1.14115231703995e-16,6.8084739804308e-14,4.16470922984156e-13
812830516164.071,4.83529486929871e-13,1.34468106975662e-08,6.50615177346126e-14,4.07244211937237e-13,1.39438502834649e-14,2.52042624418221e-13,1.76720047268222e-17,1.10309733555955e-16,6.50615153345782e-14,4.07244196997506e-13
831763771102.642,4.72526269812423e-13,1.34750642280349e-08,6.21708674623886e-14,3.98211035884238e-13,1.33215152296094e-14,2.46305434438231e-13,1.66935443900784e-17,1.06628231742886e-16,6.21708652211907e-14,3.98211021608416e-13
851138038202.347,4.61773306107192e-13,1.35022934194348e-08,5.94071234946109e-14,3.89368058533936e-13,1.27265038891915e-14,2.40698838808031e-13,1.57688547875307e-17,1.03066905637182e-16,5.94071214017913e-14,3.89368044892874e-13
870963589956.05,4.51264912646898e-13,1.35285281239909e-08,5.67648476530905e-14,3.80711938739154e-13,1.21576454712168e-14,2.35219864839696e-13,1.48950205445033e-17,9.96220357566519e-17,5.67648456988737e-14,3.80711925704955e-13
891250938133.714,4.40995534819585e-13,1.35537980971627e-08,5.42388233834576e-14,3.72239349758992e-13,1.16138169016674e-14,2.29865607511796e-13,1.40692805554728e-17,9.62900023646911e-17,5.42388215587069e-14,3.72239337304956e-13
912010839355.878,4.30959743688321e-13,1.35781329313522e-08,5.18240476988467e-14,3.63946982596732e-13,1.10939410890836e-14,2.24633227929121e-13,1.32890201827776e-17,9.30672839804905e-17,5.18240459950232e-14,3.63946970697308e-13
933254300796.958,4.21152233174205e-13,1.36015619956249e-08,4.95157233318287e-14,3.55831549062936e-13,1.05969852349807e-14,2.19519951817477e-13,1.25517638154283e-17,8.99504558107662e-17,4.95157217409525e-14,3.55831537693673e-13
954992586021.402,4.11567817301314e-13,1.3624114381223e-08,4.73092510970364e-14,3.47889784578692e-13,1.01219591896279e-14,2.14523068052738e-13,1.18551677746924e-17,8.69361881137019e-17,4.73092496116504e-14,3.47889773716199e-13
977237220955.776,4.02201427502236e-13,1.36458188526331e-08,4.52002224659919e-14,3.40118450733502e-13,9.66791385351567e-15,2.09639927223381e-13,1.11970135532895e-17,8.40212445050131e-17,4.5200221079128e-14,3.40118440355398e-13
999999999999.965,3.93048109982922e-13,1.36667038039575e-08,4.31844123547943e-14,3.32514337611759e-13,9.23393962465217e-15,2.04867940225744e-13,1.05752013752366e-17,8.12024802153142e-17,4.31844110599418e-14,3.32514327696634e-13
1023292992280.72,3.84103023145539e-13,1.36867972203282e-08,4.12577721245631e-14,3.25074265901296e-13,8.81916489166629e-15,2.00204576891256e-13,9.987744063614e-18,7.8476840307265e-17,4.1257770915639e-14,3.25074256428669e-13
1047128548050.86,3.75361435068124e-13,1.37061266440957e-08,3.94164227938478e-14,3.17795088796926e-13,8.4227545725483e-15,1.9564736464492e-13,9.43276120378335e-18,7.5841357860314e-17,3.94164216651687e-14,3.17795079747208e-13
1071519305237.57,3.66818721039788e-13,1.37247191455217e-08,3.76566484616039e-14,3.10673693711385e-13,8.04390869872622e-15,1.91193887194325e-13,8.90847358986994e-18,7.32931521302259e-17,3.76566474078603e-14,3.10673685065841e-13
1096478196143.15,3.58470361150309e-13,1.37426012977042e-08,3.59748899387969e-14,3.03707003805548e-13,7.68186104406061e-15,1.86841783248505e-13,8.4131979426216e-18,7.08294266899859e-17,3.59748889550288e-14,3.03706995546259e-13
1122018454301.92,3.50311937932934e-13,1.37597991554648e-08,3.43677385862164e-14,2.96891979349274e-13,7.33587779823749e-15,1.82588745265959e-13,7.94534188707172e-18,6.84474675581177e-17,3.43677376677902e-14,2.96891971459105e-13
1148153621496.84,3.42339134059263e-13,1.37763382379296e-08,3.28319303556676e-14,2.90225618923703e-13,7.00525628394933e-15,1.78432518231168e-13,7.50339917876021e-18,6.61446413199247e-17,3.28319294982553e-14,2.90225611386268e-13
1174897554939.49,3.34547730085101e-13,1.37922435145442e-08,3.13643400313428e-14,2.83704960475337e-13,6.68932371717568e-15,1.74370898458964e-13,7.08594516760178e-18,6.3918393246668e-17,3.13643392309016e-14,2.83704953274968e-13
1202264434617.37,3.26933602246187e-13,1.38075393942657e-08,2.99619756678635e-14,2.77327082231699e-13,6.38743600980805e-15,1.70401732426109e-13,6.69163248883244e-18,6.17662454172357e-17,2.99619749206173e-14,2.77327075353415e-13
1230268770812.34,3.19492720302735e-13,1.38222497176838e-08,2.86219732212179e-14,2.71089103487926e-13,6.09897661380588e-15,1.66522915629478e-13,6.31918697081077e-18,5.96857948464238e-17,2.86219725236398e-14,2.71089096917404e-13
1258925411794.12,3.12221145431745e-13,1.38363977518334e-08,2.73415913685936e-14,2.64988185273118e-13,5.82335540602236e-15,1.62732391470225e-13,5.96740374979783e-18,5.76747116235443e-17,2.73415907173896e-14,2.64988178996664e-13
1288249551693.09,3.05115028166065e-13,1.38500061874662e-08,2.61182065129185e-14,2.59021530904852e-13,5.56000761279858e-15,1.59028150163358e-13,5.63514358218711e-18,5.57307370646992e-17,2.61182059050122e-14,2.59021524909375e-13
1318256738556.36,2.98170606379188e-13,1.38630971385632e-08,2.49493079677738e-14,2.53186386439783e-13,5.30839277339225e-15,1.55408227672122e-13,5.321329345002e-18,5.38516818817116e-17,2.49493074002922e-14,2.5318638071277e-13
1348962882591.6,2.91384203314828e-13,1.38756921438773e-08,2.38324933182232e-14,2.47480041027853e-13,5.06799374128118e-15,1.5187070466665e-13,5.02494271582115e-18,5.20354243703753e-17,2.38324927884832e-14,2.4748003555734e-13
1380384264602.83,2.84752225660292e-13,1.38878121703056e-08,2.27654639530096e-14,2.41899827177182e-13,4.83831572236244e-15,1.48413705506312e-13,4.74502102363135e-18,5.02799086203847e-17,2.27654634585056e-14,2.41899821951736e-13
1412537544622.7,2.78271161662718e-13,1.38994776179023e-08,2.17460207635107e-14,2.36443120936354e-13,4.61888534905408e-15,1.45035397245227e-13,4.48065426244104e-18,4.85831427490283e-17,2.1746020301903e-14,2.36443115945044e-13
1445439770745.88,2.71937579287258e-13,1.39107083263541e-08,2.0772060004798e-14,2.31107342000367e-13,4.40924978929729e-15,1.41733988660419e-13,4.23098225981591e-18,4.69431971604658e-17,2.07720595739016e-14,2.31107337232747e-13
1479108388168.15,2.65748124416294e-13,1.39215235827472e-08,1.98415693141277e-14,2.25889953746228e-13,4.20897588945239e-15,1.38507729302085e-13,3.99519199281851e-18,4.53582028321772e-17,1.98415689119025e-14,2.25889949192315e-13
1513561248436.15,2.59699519088817e-13,1.39319421304696e-08,1.89526238821872e-14,2.20788463203742e-13,4.01764935008181e-15,1.35354908565492e-13,3.77251504414819e-18,4.38263496299456e-17,1.89526235067281e-14,2.20788458853993e-13
1548816618912.43,2.53788559779081e-13,1.39419821790966e-08,1.81033827724365e-14,2.15800420966762e-13,3.83487393361579e-15,1.3227385478399e-13,3.56222519158291e-18,4.23458846525371e-17,1.81033824219647e-14,2.15800416812058e-13
1584893192461.06,2.48012115713704e-13,1.39516614151228e-08,1.72920853839132e-14,2.10923421049833e-13,3.66027070290329e-15,1.29262934342678e-13,3.36363612412247e-18,4.09151106070561e-17,1.72920850567679e-14,2.10923417081458e-13
1621810097358.87,2.42367127226369e-13,1.39609970134075e-08,1.65170480529103e-14,2.0615510069484e-13,3.49347728965917e-15,1.2632055081224e-13,3.17609927852156e-18,3.95323842157795e-17,1.65170477475407e-14,2.06155096904467e-13
1659586907437.5,2.36850604149317e-13,1.39700056492118e-08,1.57766607889913e-14,2.01493140132017e-13,3.33414719183031e-15,1.23445144102504e-13,2.99900179018114e-18,3.81961146551236e-17,1.57766605039496e-14,2.01493136511688e-13
1698243652461.68,2.31459624240824e-13,1.39787035107141e-08,1.50693841408676e-14,1.96935262299356e-13,3.18194909891658e-15,1.20635189635256e-13,2.83176455263792e-18,3.69047620272516e-17,1.5069383874802e-14,1.96935258841465e-13
1737800828749.31,2.26191331647895e-13,1.3987106311897e-08,1.43937461877374e-14,1.92479232524229e-13,3.03656624429828e-15,1.17889197535901e-13,2.67384038015402e-18,3.56568358646993e-17,1.43937459393857e-14,1.9247922922151e-13
1778279410038.86,2.2104293540339e-13,1.39952293057062e-08,1.37483396517601e-14,1.88122858170781e-13,2.89769578363801e-15,1.15205711843506e-13,2.52471226816158e-18,3.44508936682827e-17,1.3748339419944e-14,1.88122855016289e-13
1819700858609.92,2.16011707956844e-13,1.40030872973886e-08,1.31318191274293e-14,1.83863988256395e-13,2.76504819844333e-15,1.12583309738832e-13,2.38389174656143e-18,3.32855394784414e-17,1.31318189110488e-14,1.83863985243496e-13
1862087136662.8,2.11094983738237e-13,1.40106946579252e-08,1.25428984236934e-14,1.79700513040347e-13,2.63834672389596e-15,1.10020600789945e-13,2.25091732110944e-18,3.21594224800745e-17,1.25428982217214e-14,1.79700510162702e-13
1905460717963.18,2.06290157754005e-13,1.40180653374757e-08,1.19803480147683e-14,1.75630363587527e-13,2.51732680007294e-15,1.07516226214984e-13,2.12535299835057e-18,3.10712356408417e-17,1.1980347826246e-14,1.7563036083908e-13
1949844599757.98,2.01594684214562e-13,1.40252128787616e-08,1.14429925956845e-14,1.71651511309932e-13,2.40173554570658e-15,1.05068858161727e-13,2.00678688977728e-18,3.00197143828206e-17,1.14429924197169e-14,1.71651508684894e-13
1995262314968.81,1.97006075192676e-13,1.40321504303177e-08,1.09297087387093e-14,1.67761967488413e-13,2.29133125365085e-15,1.02677199003538e-13,1.89482989109778e-18,2.9003635287342e-17,1.09297085744606e-14,1.67761964981257e-13
2041737944669.46,1.92521899311988e-13,1.40388907595446e-08,1.04394226468872e-14,1.63959782777046e-13,2.1858829072442e-15,1.00339980651358e-13,1.78911443269919e-18,2.80218148327636e-17,1.04394224935774e-14,1.63959780382488e-13
2089296130853.96,1.88139780465034e-13,1.40454462655033e-08,9.97110800104546e-15,1.60243046692252e-13,2.08516971678055e-15,9.80559638813448e-14,1.68929329758263e-18,2.70731081648827e-17,9.97110785794642e-15,1.60243044405248e-13
2137962089502.15,1.83857396560108e-13,1.40518289913918e-08,9.52378389671469e-15,1.56609887088714e-13,1.9889806753226e-15,9.58239376778209e-14,1.59503850323018e-18,2.61564078996436e-17,9.52378376314657e-15,1.56609884904441e-13
2187761623949.47,1.79672478296339e-13,1.4058050636651e-08,9.09651286751802e-15,1.53058469623926e-13,1.89711413311401e-15,9.36427185911798e-14,1.50604024403981e-18,2.52706429577477e-17,9.09651274284622e-15,1.53058467537778e-13
2238721138568.26,1.7558280796635e-13,1.40641225686483e-08,8.68839899168878e-15,1.49586997213131e-13,1.80937738986924e-15,9.15111501104055e-14,1.42200589113164e-18,2.44147774307379e-17,8.68839887532092e-15,1.49586995220707e-13
2290867652767.69,1.715862182859e-13,1.40700558338897e-08,8.29858607847815e-15,1.46193709476222e-13,1.72558630424211e-15,8.94281020498762e-14,1.34265904648973e-18,2.35878094780955e-17,8.29858596986125e-15,1.4619370757332e-13
2344228815319.84,1.676805912499e-13,1.40758611687173e-08,7.92625593131832e-15,1.42876882178113e-13,1.64556491979635e-15,8.73924699501258e-14,1.26773864855636e-18,2.27887702548574e-17,7.9262558299362e-15,1.42876880360716e-13
2398832919019.4,1.63863857014231e-13,1.4081549009445e-08,7.57062668470835e-15,1.39634826663916e-13,1.569145106823e-15,8.54031744922461e-14,1.1969981265424e-18,2.20167228692386e-17,7.57062659007916e-15,1.39634824928188e-13
2454708915684.94,1.60133992802784e-13,1.40871295018963e-08,7.23095121189038e-15,1.36465889290215e-13,1.49616621937144e-15,8.34591609256177e-14,1.13020460085638e-18,2.12707613697233e-17,7.23095112356435e-15,1.36465887632492e-13
2511886431509.49,1.56489021839163e-13,1.4092612510301e-08,6.90651560048328e-15,1.33368450853573e-13,1.42647476688181e-15,8.15593985086689e-14,1.06713812718801e-18,2.05500097610688e-17,6.90651551804057e-15,1.33368449270354e-13
2570395782768.77,1.52927012302509e-13,1.40980076255173e-08,6.59663769333787e-15,1.30340926017358e-13,1.3599240998277e-15,7.97028799623629e-14,1.00759098190871e-18,1.9853621048656e-17,6.59663761638658e-15,1.303409245053e-13
2630267991895.29,1.49446076306901e-13,1.4103324172544e-08,6.30066569197358e-15,1.27381762737861e-13,1.29637410879846e-15,7.78886209361262e-14,9.51366986572064e-19,1.91807763106042e-17,6.30066562014791e-15,1.27381761293768e-13
2691534803926.82,1.46044368903814e-13,1.41085712172893e-08,6.01797682005008e-15,1.24489441690601e-13,1.23569093647052e-15,7.61156594859333e-14,8.9828086941237e-19,1.85306837970626e-17,6.01797675300857e-15,1.24489440311423e-13
2754228703338.06,1.42720087107116e-13,1.41137575725677e-08,5.74797604441871e-15,1.21662475697662e-13,1.177746701937e-15,7.43830555642719e-14,8.48157661848405e-19,1.7902578056084e-17,5.74797598184265e-15,1.21662474380484e-13
2818382931264.35,1.39471468940113e-13,1.41188918032967e-08,5.49009485138807e-15,1.18899409156787e-13,1.12241923688394e-15,7.26898905217178e-14,8.00832128103878e-19,1.72957190854789e-17,5.49009479297996e-15,1.18899407898825e-13
2884031503126.5,1.36296792504129e-13,1.41239822308677e-08,5.24379007592504e-15,1.16198817472941e-13,1.06959183312039e-15,7.10352666198554e-14,7.56148226154712e-19,1.67093915100511e-17,5.24379002140721e-15,1.16198816271536e-13
2951209226666.28,1.33194375068163e-13,1.41290369366684e-08,5.00854278159767e-15,1.13559306492953e-13,1.01915300098793e-15,6.94183065552852e-14,7.13958598307454e-19,1.61429037836097e-17,5.00854273071092e-15,1.13559305345564e-13
3019951720401.9,1.30162572179136e-13,1.41340637647393e-08,4.78385718914834e-15,1.10979511943814e-13,9.70996238193032e-16,6.78381529944666e-14,6.74124089802367e-19,1.55955874151583e-17,4.78385714165075e-15,1.10979510848016e-13
3090295432513.48,1.27199776792274e-13,1.41390703235447e-08,4.56925965166634e-15,1.08458098875146e-13,9.25019808622929e-16,6.62939681191486e-14,6.36513293919723e-19,1.50667962186605e-17,4.56925960733212e-15,1.0845809782862e-13
3162277660168.26,1.24304418421178e-13,1.41440639868502e-08,4.36429767440639e-15,1.05993761106293e-13,8.81126530722939e-16,6.47849331821477e-14,6.01002122148345e-19,1.45559055857882e-17,4.36429763302476e-15,1.05993760106826e-13
3235936569296.16,1.21474962307129e-13,1.41490518936947e-08,4.16853897737521e-15,1.03585220678477e-13,8.39223575029185e-16,6.33102480732381e-14,5.67473398052045e-19,1.40623117810599e-17,4.16853893874944e-15,1.03585219723955e-13
3311311214825.79,1.18709908607216e-13,1.41540409474571e-08,3.98157059888136e-15,1.01231227312372e-13,7.99222270466978e-16,6.18691308949225e-14,5.35816473542206e-19,1.35854312587864e-17,3.98157056282784e-15,1.01231226400776e-13
3388441561391.9,1.16007791600846e-13,1.41590378140161e-08,3.8029980383144e-15,9.89305578714486e-14,7.61037919040507e-16,6.04608175478604e-14,5.05926866333711e-19,1.31247000012431e-17,3.80299800466174e-15,9.89305570008493e-14
3467368504525.19,1.13367178914231e-13,1.41640489190142e-08,3.63244443648746e-15,9.66820158313714e-14,7.24589618554584e-16,5.90845613257326e-14,4.77705917426811e-19,1.26795728775006e-17,3.6324444050757e-15,9.66820149999263e-14
3548133892335.62,1.10786670762455e-13,1.41690804442365e-08,3.46954979194409e-15,9.44844307557301e-14,6.89800093023848e-16,5.7739632519328e-14,4.51060467519544e-19,1.22495230223485e-17,3.46954976262392e-15,9.44844299616796e-14
3630780547700.88,1.08264899208711e-13,1.41741383231283e-08,3.31397021169356e-15,9.23366577783251e-14,6.5659553043901e-16,5.64253180296424e-14,4.25902551314163e-19,1.18340412347593e-17,3.31397018432563e-15,9.23366570199885e-14
3715352290971.59,1.0580052744034e-13,1.41792282354764e-08,3.16537719490076e-15,9.02375770922137e-14,6.24905427573488e-16,5.5140920989784e-14,4.02149108736751e-19,1.1432635395347e-17,3.16537716935501e-15,9.02375763679857e-14
3801893963205.47,1.03392249061275e-13,1.41843556012936e-08,3.02345694811637e-15,8.81860934456936e-14,5.94662441527198e-16,5.3885760395486e-14,3.79721712142107e-19,1.10448299022845e-17,3.02345692427138e-15,8.81860927540411e-14
3890451449942.66,1.01038787400537e-13,1.41895255739485e-08,2.88790973069006e-15,8.61811356453714e-14,5.65802247717137e-16,5.26591707440287e-14,3.58546308626037e-19,1.06701651251548e-17,2.88790970843254e-15,8.61811349848299e-14
3981071705534.82,9.87388948364086e-14,1.41947430325973e-08,2.75844922906522e-15,8.42216560664439e-14,5.38263404037016e-16,5.14605016813821e-14,3.38552976614693e-19,1.03081968762188e-17,2.75844920828939e-15,8.42216554356149e-14
4073802778040.98,9.64913521359495e-14,1.42000125739783e-08,2.63480195870645e-15,8.23066301702975e-14,5.11987220920342e-16,5.0289117657379e-14,3.19675695945527e-19,9.95849589859675e-18,2.63480193931362e-15,8.23066295678452e-14
4168693834703.2,9.42949678094836e-14,1.42053385036444e-08,2.51670669246285e-15,8.04350560295097e-14,4.86917637053125e-16,4.91443975887387e-14,3.01852130697061e-19,9.62064737086679e-18,2.51670667436087e-15,8.04350554541582e-14
4265795188015.77,9.21485774797414e-14,1.42107248267173e-08,2.40391391421893e-15,7.86059538603207e-14,4.63001100493796e-16,4.80257345297602e-14,2.85023424065003e-19,9.29425042759765e-18,2.40391389732183e-15,7.86059533108516e-14
4365158322401.5,9.00510432653181e-14,1.4216175238256e-08,2.29618529673315e-15,7.68183655626249e-14,4.40186454968959e-16,4.69325353505119e-14,2.6913400462043e-19,8.97891769534237e-18,2.29618528096066e-15,7.68183650378743e-14
4466835921509.46,8.80012531781243e-14,1.42216931133451e-08,2.19329320260899e-15,7.50713542675157e-14,4.18424831124265e-16,4.58642204223463e-14,2.5413140332196e-19,8.67427484363068e-18,2.19329318788621e-15,7.50713537663722e-14
4570881896148.58,8.59981205345149e-14,1.4227281497017e-08,2.09502020738809e-15,7.33640038924054e-14,3.9766954251998e-16,4.48202233105734e-14,2.39966080688063e-19,8.3799601505088e-18,2.09502019364509e-15,7.33640034138074e-14
4677351412871.81,8.40405833797879e-14,1.42329430941322e-08,2.00115864379668e-15,7.16954187037267e-14,3.77875986170767e-16,4.37999904741295e-14,2.26591263568071e-19,8.09562408218632e-18,2.00115863096821e-15,7.16954182466603e-14
4786300923226.2,8.21276039257493e-14,1.42386802593527e-08,1.91151016621759e-15,7.00647228872109e-14,3.59001547438773e-16,4.28029809720828e-14,2.1396279098118e-19,7.82092888636058e-18,1.91151015424274e-15,7.00647224507079e-14
4897788193684.28,8.02581680010502e-14,1.42444949873489e-08,1.82588533449866e-15,6.8471060125728e-14,3.41005509098281e-16,4.18286661768192e-14,2.02038968521716e-19,7.55554819879978e-18,1.82588532332059e-15,6.84710597088635e-14
5011872336272.53,7.84312845140069e-14,1.4250388903392e-08,1.74410321624627e-15,6.6913593184662e-14,3.23848964399049e-16,4.08765294937572e-14,1.90780430856476e-19,7.29916666277693e-18,1.74410320581192e-15,6.69135927865528e-14
5128613839913.46,7.66459849276218e-14,1.42563632544873e-08,1.66599100678857e-15,6.53915035047886e-14,3.07494733963891e-16,3.99460660874426e-14,1.80150011865944e-19,7.0514795609571e-18,1.66599099704842e-15,6.53915031245912e-14
5248074602497.53,7.4901322746529e-14,1.42624189012106e-08,1.5913836660276e-15,6.3903990802611e-14,2.91907286364114e-16,3.90367826138782e-14,1.70112622005785e-19,6.8121924593512e-18,1.59138365693542e-15,6.39039904395197e-14
5370317963702.32,7.31963730155956e-14,1.42685563104119e-08,1.52012357143279e-15,6.24502726781042e-14,2.77052662224127e-16,3.81481969589465e-14,1.60635132488333e-19,6.58102086295975e-18,1.52012356294544e-15,6.24502723313496e-14
5495408738576.04,7.15302318299135e-14,1.42747755489533e-08,1.45206018646042e-15,6.10295842298115e-14,2.62898401713798e-16,3.72798379827862e-14,1.5168626590578e-19,6.35768988274033e-18,1.45206017853763e-15,6.10295838986588e-14
5623413251903.28,6.9902015855925e-14,1.42810762786459e-08,1.38704974371409e-15,5.96411776772288e-14,2.49413475294051e-16,3.64312452699878e-14,1.43236492937664e-19,6.14193391354274e-18,1.38704973631829e-15,5.96411773609763e-14
5754399373371.35,6.83108618634299e-14,1.42874577525488e-08,1.32495494219119e-15,5.82843219904104e-14,2.36568217587621e-16,3.56019688854755e-14,1.35257934804924e-19,5.93349632266522e-18,1.32495493528729e-15,5.82843216883876e-14
5888436553555.67,6.67559262682279e-14,1.42939188127861e-08,1.26564465798831e-15,5.69583025267203e-14,2.24334264253012e-16,3.47915691359455e-14,1.27724271151459e-19,5.73212914869577e-18,1.26564465154358e-15,5.69583022382873e-14
6025595860743.35,6.52363846851538e-14,1.43004578900309e-08,1.20899366786612e-15,5.56624206746547e-14,2.12684491745287e-16,3.39996163367349e-14,1.20610653051782e-19,5.53759281031107e-18,1.20899366184999e-15,5.56624203992002e-14
6165950018614.59,6.37514314912728e-14,1.43070730047936e-08,1.15488238510048e-15,5.43959935046511e-14,2.01592959852592e-16,3.32256905839973e-14,1.13893620859994e-19,5.34965582471589e-18,1.15488237948443e-15,5.43959932415911e-14
6309573444801.69,6.23002793990032e-14,1.43137617706389e-08,1.10319660707154e-15,5.31583534268011e-14,1.91034856902106e-16,3.24693815320643e-14,1.07551026631142e-19,5.16809453541448e-18,1.10319660182895e-15,5.31583531755782e-14
6456542290346.31,6.08821590389428e-14,1.43205213994374e-08,1.05382727406717e-15,5.19488478553789e-14,1.80986447533517e-16,3.17302881758748e-14,1.01561960860876e-19,4.99269284901458e-18,1.05382726917319e-15,5.19488476154604e-14
6606934480075.71,5.94963185521784e-14,1.4327348708742e-08,1.00667023879993e-15,5.07668388800941e-14,1.71425022942099e-16,3.10080186383568e-14,9.59066833034732e-20,4.82324198077362e-18,1.00667023423136e-15,5.07668386509714e-14
6760829753919.56,5.81420231918641e-14,1.43342401313543e-08,9.61626046159659e-16,4.96117029439774e-14,1.62328853497081e-16,3.03021899626491e-14,9.05665576416069e-20,4.65954020860518e-18,9.61626041894851e-16,4.9611702725165e-14
6918309709189.1,5.68185549338571e-14,1.43411917271246e-08,9.18599722744859e-16,4.84828305278043e-14,1.53677143644196e-16,2.96124279090525e-14,8.55239897938345e-20,4.50139263527226e-18,9.18599718763608e-16,4.84828303188382e-14
7079457843841.11,5.55252120962068e-14,1.43481991970036e-08,8.77500575736974e-16,4.73796258409599e-14,1.45449989004155e-16,2.8938366756603e-14,8.07623696577099e-20,4.34861095850208e-18,8.77500572020418e-16,4.73796256413972e-14
7244359600749.62,5.42613089672956e-14,1.43552578993349e-08,8.38242000701312e-16,4.6301506518649e-14,1.37628335581301e-16,2.8279649109162e-14,7.62660160976619e-20,4.20101324876523e-18,8.38241997231845e-16,4.63015063280665e-14
7413102413008.89,5.3026175442435e-14,1.43623628683504e-08,8.00741297917487e-16,4.52479033253513e-14,1.30193940998904e-16,2.76359257059194e-14,7.20201249974239e-20,4.05842373446984e-18,8.00741294678676e-16,4.5247903143345e-14
7585775750291.55,5.18191566687257e-14,1.43695088348015e-08,7.64919496860426e-16,4.42182598644243e-14,1.23129337679458e-16,2.70068552362119e-14,6.80107202068419e-20,3.9206725943288e-18,7.64919493836933e-16,4.42182596906084e-14
7762471166286.62,5.0639612697994e-14,1.43766902486302e-08,7.30701188470441e-16,4.32120322937526e-14,1.16417797890041e-16,2.63921041585551e-14,6.42246072223746e-20,3.78759575666606e-18,7.30701185647946e-16,4.32120321277586e-14
7943282347242.51,4.94869181476206e-14,1.43839013035535e-08,6.98014364867588e-16,4.22286890473438e-14,1.10043300574224e-16,2.57913465237952e-14,6.06493294495619e-20,3.65903470543458e-18,6.98014362232728e-16,4.22286888888197e-14
8128305161640.68,4.83604618690834e-14,1.43911359634102e-08,6.66790266181496e-16,4.12677105627712e-14,1.03990499893347e-16,2.52042638022869e-14,5.72731269041905e-20,3.53483629272619e-18,6.66790263721793e-16,4.12677104113808e-14
8317637711026.39,4.72596466240389e-14,1.43983879900891e-08,6.36963234183053e-16,4.03285890143619e-14,9.82446954011144e-17,2.46305447150046e-14,5.40848972168734e-20,3.41485255756002e-18,6.36963231886864e-16,4.03285888697844e-14
8511380382023.44,4.61838887677708e-14,1.44056509728362e-08,6.0847057241895e-16,3.94108280520312e-14,9.2791803776546e-17,2.40698850684981e-14,5.10741588132944e-20,3.2989405507432e-18,6.08470570275404e-16,3.94108279139599e-14
8709635899560.47,4.5132617939839e-14,1.44129183587168e-08,5.81252412563843e-16,3.85139425456616e-14,8.76183320413723e-17,2.35219875936054e-14,4.82310161494769e-20,3.18696216560364e-18,5.81252410562793e-16,3.85139424138038e-14
8912509381337.11,4.41052767617644e-14,1.44201834839882e-08,5.55251586718143e-16,3.76374583349285e-14,8.27113521889666e-17,2.29865617878365e-14,4.55461268881456e-20,3.07878397440145e-18,5.55251584850116e-16,3.76374582090046e-14
9120108393558.75,4.31013205415918e-14,1.44274396061253e-08,5.30413505391905e-16,3.67809119844719e-14,7.80584771529894e-17,2.24633237613452e-14,4.30106709085779e-20,2.97427707023126e-18,5.3041350364806e-16,3.67809118642149e-14
9332543007969.55,4.21202169851717e-14,1.4434679936231e-08,5.06686040927227e-16,3.59438505443171e-14,7.36478380450507e-17,2.1951996086407e-14,4.0616321048311e-20,2.87331691423405e-18,5.06686039299311e-16,3.5943850429472e-14
9549925860213.99,4.11614459140114e-14,1.44418976715545e-08,4.84019416122776e-16,3.51258313154445e-14,6.94680625919341e-17,2.14523076503233e-14,3.83552154806991e-20,2.77578318794256e-18,4.84019414603082e-16,3.51258312057678e-14
9772372209557.73,4.02244989895436e-14,1.4449086027839e-08,4.62366097834779e-16,3.43264216204141e-14,6.55082547042963e-17,2.09639935116737e-14,3.62199316376281e-20,2.68155965059024e-18,4.62366096416116e-16,3.43264215156732e-14
9999999999999.61,3.93088794436686e-14,1.44562382712229e-08,4.41680695338903e-16,3.35451985789458e-14,6.1757975110273e-17,2.04867947598408e-14,3.42034615917007e-20,2.59053400121897e-18,4.41680694014556e-16,3.35451984789186e-14
10232929922807.1,3.84141018154265e-14,1.44633477494225e-08,4.21919863246995e-16,3.27817488883621e-14,5.82072229891101e-17,2.00204583777323e-14,3.22991888169329e-20,2.50259774542617e-18,4.21919862010697e-16,3.27817487928365e-14
10471285480508.6,3.75396916936597e-14,1.44704079219357e-08,4.03042208781697e-16,3.20356686087985e-14,5.48464185418049e-17,1.95647371076276e-14,3.05008662514558e-20,2.41764606659705e-18,4.03042207627596e-16,3.20356685175719e-14
10715193052375.7,3.66851854655317e-14,1.44774123890207e-08,3.85008203220498e-16,3.1306562953088e-14,5.16663864377897e-17,1.91193893200794e-14,2.88025955899263e-20,2.33557770147269e-18,3.85008202143132e-16,3.13065628659669e-14
10964781961431.4,3.58501300707657e-14,1.44843549192195e-08,3.67780097328862e-16,3.05940460812277e-14,4.86583400789161e-17,1.86841788857976e-14,2.71988077373157e-20,2.25629481990957e-18,3.67780096323132e-16,3.05940459980274e-14
11220184543019.2,3.50340827614761e-14,1.44912294752185e-08,3.513218406097e-16,2.98977408993374e-14,4.5813866624404e-17,1.82588750504509e-14,2.5684244359493e-20,2.17970290869076e-18,3.51321839670845e-16,2.98977408198814e-14
11481536214968.4,3.42366108674643e-14,1.44980302378613e-08,3.35599004203726e-16,2.92172788630189e-14,4.31249127229773e-17,1.78432523123181e-14,2.42539404695577e-20,2.10571065925353e-18,3.35599003327302e-16,2.92172787871389e-14
11748975549394.8,3.34572915668549e-14,1.45047516281539e-08,3.20578707282047e-16,2.85522997850294e-14,4.05837709011175e-17,1.74370903027233e-14,2.29032079922157e-20,2.03422985920273e-18,3.20578706463907e-16,2.85522997125643e-14
12022644346173.7,3.26957116619498e-14,1.45113883271311e-08,3.06229546778904e-16,2.7902451647179e-14,3.81830665591885e-17,1.70401736691944e-14,2.16276202516516e-20,1.96517528748319e-18,3.06229546015173e-16,2.79024515779751e-14
12302687708123.3,3.1951467360184e-14,1.45179352934812e-08,2.92521530318616e-16,2.72673904163696e-14,3.59157455301152e-17,1.66522919612798e-14,2.04229973313314e-20,1.89846461308907e-18,2.92521529605679e-16,2.72673903502803e-14
12589254117941.2,3.12241640600648e-14,1.45243877788524e-08,2.79426012196715e-16,2.66467798646877e-14,3.37750621582868e-17,1.62732395189648e-14,1.92853922569935e-20,1.83401829719145e-18,2.79426011531197e-16,2.66467798015727e-14
12882495516930.8,3.05134161419818e-14,1.4530741340798e-08,2.6691563228087e-16,2.60402913934686e-14,3.17545678593916e-17,1.59028153636286e-14,1.82110779567497e-20,1.77175949856999e-18,2.66915631659619e-16,2.60402913331941e-14
13182567385563.6,2.98188467637774e-14,1.45369918533409e-08,2.54964257702556e-16,2.54476038612503e-14,2.98481001249336e-17,1.55408230914817e-14,1.71965349547478e-20,1.71161398223767e-18,2.5496425712263e-16,2.54476038036884e-14
13489628825916,2.91400876609694e-14,1.45431355151693e-08,2.4354692721562e-16,2.48684034155355e-14,2.80497719382086e-17,1.5187070769431e-14,1.62384397572294e-20,1.65351003115183e-18,2.43546926674273e-16,2.48684033605642e-14
13803842646028.3,2.84767789515191e-14,1.4549168855497e-08,2.32639798102809e-16,2.43023833282827e-14,2.63539615714926e-17,1.48413708333138e-14,1.53336538920836e-20,1.59737836090768e-18,2.32639797597476e-16,2.43023832757854e-14
14125375446227,2.78285689450423e-14,1.45550887376504e-08,2.22220095516097e-16,2.37492438350481e-14,2.4755302737104e-17,1.45035399884489e-14,1.44792135651348e-20,1.54315203731438e-18,2.22220095044385e-16,2.37492437849135e-14
14454397707458.7,2.71951139563625e-14,1.45608923604622e-08,2.12266064141237e-16,2.32086919777013e-14,2.32486750677996e-17,1.41733991124516e-14,1.36723198984303e-20,1.49076639675679e-18,2.12266063700911e-16,2.32086919298231e-14
14791083881681.5,2.65760781233061e-14,1.45665772575725e-08,2.02756922081397e-16,2.26804414506394e-14,2.18291949046517e-17,1.38507731602602e-14,1.29103297177158e-20,1.44015896924928e-18,2.02756921670371e-16,2.2680441404916e-14
15135612484361.5,2.5971133228645e-14,1.45721412947552e-08,1.93672816859008e-16,2.21642124504255e-14,2.04922063730919e-17,1.3535491071325e-14,1.21907468581022e-20,1.39126940409116e-18,1.93672816475335e-16,2.21642124067598e-14
15488166189124.2,2.53799585260903e-14,1.4577582665401e-08,1.84994783439107e-16,2.16597315287783e-14,1.9233272730191e-17,1.322738567891e-14,1.15112139586529e-20,1.34403939803619e-18,1.84994783080967e-16,2.16597314870778e-14
15848931924610.5,2.48022405702467e-14,1.45828998842989e-08,1.76704704181455e-16,2.11667314488418e-14,1.80481679684595e-17,1.29262936214584e-14,1.0869504718248e-20,1.29841262589154e-18,1.76704703847152e-16,2.11667314090181e-14
16218100973588.7,2.42376730504364e-14,1.45880917798689e-08,1.68785270632625e-16,2.06849510446648e-14,1.69328686634857e-17,1.26320552559766e-14,1.02635165866318e-20,1.25433467346454e-18,1.68785270320572e-16,2.06849510066334e-14
16595869074374.9,2.36859566283046e-14,1.45931574850011e-08,1.61219947072965e-16,2.02141350838205e-14,1.588354605458e-17,1.2344514573389e-14,9.69126386600683e-21,1.21175297277807e-18,1.61219946781684e-16,2.02141350475007e-14
16982436524616.8,2.31467987791212e-14,1.45980964266634e-08,1.53992935737076e-16,1.97540341330996e-14,1.48965583492534e-17,1.20635191158201e-14,9.15087119992692e-21,1.17061673947819e-18,1.53992935465185e-16,1.97540340984144e-14
17378008287493.1,2.26199136366942e-14,1.46029083144381e-08,1.47089143629883e-16,1.93044044272101e-14,1.3968443243837e-17,1.17889198957594e-14,8.64056742754975e-21,1.13087691236015e-18,1.47089143376094e-16,1.9304404394086e-14
17782794100388.5,2.21050218418117e-14,1.46075931281476e-08,1.4049415086389e-16,1.88650077404189e-14,1.30959106538373e-17,1.15205713170661e-14,8.15867978254942e-21,1.09248609494136e-18,1.40494150626997e-16,1.88650077087856e-14
18197008586099.1,2.16018503941348e-14,1.46121511047273e-08,1.34194180446448e-16,1.84356112610706e-14,1.22758356487373e-17,1.12583310977722e-14,7.7036284171626e-21,1.05539849901234e-18,1.34194180225328e-16,1.84356112308609e-14
18620871366627.9,2.11101325074595e-14,1.46165827244969e-08,1.2817606944913e-16,1.80159874689223e-14,1.15052515868977e-17,1.10020601946426e-14,7.27392123295011e-21,1.01956989009884e-18,1.28176069242735e-16,1.80159874400723e-14
19054607179631.7,2.06296074682738e-14,1.46208886969761e-08,1.2242724149435e-16,1.76059140152321e-14,1.0781343446996e-17,1.07516227294527e-14,6.86814900090397e-21,9.8495753477074e-19,1.22427241301699e-16,1.76059139876806e-14
19498445997579.7,2.01600204975337e-14,1.46250699463834e-08,1.16935680497367e-16,1.72051736055412e-14,1.01014413530718e-17,1.05068859169439e-14,6.48498075451963e-21,9.51520149735358e-19,1.16935680317546e-16,1.72051735792296e-14
19952623149688,1.97011226155845e-14,1.46291275969474e-08,1.11689905604702e-16,1.68135538850907e-14,9.46301429074862e-18,1.0267719994419e-14,6.12315944038873e-21,9.19217852654948e-19,1.11689905436857e-16,1.68135538599633e-14
20417379446694.5,1.92526705101574e-14,1.46330629581509e-08,1.06678947272724e-16,1.64308473268162e-14,8.86366401256976e-18,1.00339981529404e-14,5.78149781175022e-21,8.8801211463014e-19,1.06678947116059e-16,1.64308473028197e-14
20892961308539.6,1.88144264073696e-14,1.46368775100179e-08,1.01892324432866e-16,1.6056851121862e-14,8.30111913064805e-18,9.80559647009441e-15,5.45887455127095e-21,8.57865714293071e-19,1.01892324286636e-16,1.60568510989455e-14
21379620895021.5,1.83861579456606e-14,1.46405728885444e-08,9.73200226924264e-17,1.56913670725613e-14,7.77322939499016e-18,9.58239384428573e-15,5.1542306101134e-21,8.28742693455841e-19,9.73200225559381e-17,1.56913670506762e-14
21877616239494.7,1.7967638052598e-14,1.46441508713622e-08,9.2952473522423e-17,1.53342014878263e-14,7.27796015593277e-18,9.36427193052797e-15,4.86656575108923e-21,8.00608314261705e-19,9.29524733950274e-17,1.53342014669262e-14
22387211385682.5,1.75586448244867e-14,1.46476133637148e-08,8.87805343862359e-17,1.49851650808965e-14,6.8133870091304e-18,9.1511150776955e-15,4.59493528439686e-21,7.73429017788247e-19,8.87805342673279e-17,1.4985165060937e-14
22908676527676.8,1.71589614087189e-14,1.46509623848156e-08,8.47954697650723e-17,1.46440728693923e-14,6.37769062147753e-18,8.94281026720369e-15,4.33844698510016e-21,7.4717238405343e-19,8.47954696540869e-17,1.46440728503311e-14
23442288153198.3,1.67683758888008e-14,1.46542000546466e-08,8.09889330383885e-17,1.43107440776228e-14,5.96915173624012e-18,8.73924705308496e-15,4.09625818212663e-21,7.21807093377091e-19,8.09889329347983e-17,1.43107440594194e-14
23988329190193.9,1.63866811719972e-14,1.46573285812478e-08,7.73529491794556e-17,1.39850020410987e-14,5.58614635552569e-18,8.54031750342888e-15,3.86757300914849e-21,6.97302889052058e-19,7.73529490827681e-17,1.39850020237147e-14
24547089156849.3,1.60136748795327e-14,1.46603502485379e-08,7.38798982281982e-17,1.36666741132007e-14,5.2271410980456e-18,8.34591614315527e-15,3.65163980826159e-21,6.7363054128058e-19,7.3879898137954e-17,1.36666740965991e-14
25118864315094.8,1.56491592392921e-14,1.46632674046987e-08,7.05624995052836e-17,1.33555915739549e-14,4.89068872992746e-18,8.15593989808984e-15,3.44774867789621e-21,6.50761812333263e-19,7.05624994210535e-17,1.33555915581005e-14
25703957827687.6,1.52929409809634e-14,1.46660824511462e-08,6.73937965331989e-17,1.30515895408704e-14,4.57542386612682e-18,7.97028804031297e-15,3.25522915688294e-21,6.28669422889173e-19,6.73937964545824e-17,1.30515895257295e-14
26302679918952.8,1.49448312335664e-14,1.46687978321074e-08,6.43671426317282e-17,1.27545068817908e-14,4.28005883977299e-18,7.78886213475241e-15,3.07344803705737e-21,6.07327019517099e-19,6.43671425583516e-17,1.27545068673313e-14
26915348039268.1,1.46046454253152e-14,1.46714160248111e-08,6.14761871568309e-17,1.24641861297164e-14,4.00337973656961e-18,7.61156598699172e-15,2.90180729722112e-21,5.86709143259388e-19,6.14761870883452e-17,1.24641861159077e-14
27542287033380.6,1.42722031857583e-14,1.46739395302977e-08,5.87148623534299e-17,1.21804733995526e-14,3.74424259116115e-18,7.43830559226666e-15,2.73974215168488e-21,5.66791199281015e-19,5.87148622895092e-17,1.21804733863655e-14
28183829312643.4,1.39473282501472e-14,1.46763708648475e-08,5.60773707940523e-17,1.19032183067415e-14,3.50156974217681e-18,7.2689890856227e-15,2.58671920700385e-21,5.47549427547824e-19,5.60773707343926e-17,1.19032182941478e-14
28840315031264.9,1.36298483659812e-14,1.46787125520203e-08,5.35581733766238e-17,1.1632273887734e-14,3.27434634247604e-18,7.10352669320694e-15,2.44223472087817e-21,5.28960874499103e-19,5.35581733209413e-17,1.16322738757071e-14
29512092266662.7,1.33195952016796e-14,1.46809671152977e-08,5.11519778560046e-17,1.13674965222629e-14,3.06161702094798e-18,6.94183068466887e-15,2.30581295753171e-21,5.11003365680812e-19,5.11519778040342e-17,1.13674965107773e-14
30199517204018.9,1.30164042573323e-14,1.46831370713134e-08,4.88537278850768e-17,1.11087458573749e-14,2.86248269206282e-18,6.78381532664455e-15,2.17700463420393e-21,4.93655479306946e-19,4.88537278365713e-17,1.11087458464063e-14
30902954325134.7,1.27201147774819e-14,1.46852249236562e-08,4.66585925423535e-17,1.08558847331832e-14,2.67609750923709e-18,6.62939683729966e-15,2.05538545369204e-21,4.76896520717583e-19,4.6658592497082e-17,1.08558847227082e-14
31622776601682.5,1.24305696658917e-14,1.46872331572252e-08,4.45619563241729e-17,1.06087791103014e-14,2.50166595795917e-18,6.47849334190726e-15,1.94055471816541e-21,4.60706497703243e-19,4.45619562819199e-17,1.06087791002979e-14
32359365692961.5,1.21476154022525e-14,1.46891642331175e-08,4.25594095805862e-17,1.0367297998922e-14,2.33844008452504e-18,6.33102482943672e-15,1.83213401974299e-21,4.45066096666229e-19,4.25594095411505e-17,1.03672979893687e-14
33113112148257.8,1.18711019607861e-14,1.46910205840253e-08,4.06467393750308e-17,1.01313133895014e-14,2.18571685615864e-18,6.18691311013081e-15,1.72976600357723e-21,4.29956659590569e-19,4.06467393382247e-17,1.0131313380378e-14
33884415613918.9,1.16008827307015e-14,1.46928046101185e-08,3.88199207488181e-17,9.90070018501629e-15,2.04283564823492e-18,6.04608177404849e-15,1.63311319942618e-21,4.15360161793174e-19,3.88199207144664e-17,9.90070017630357e-15
34673685045251.8,1.13368144384613e-14,1.46945186753878e-08,3.70751083723512e-17,9.67533613475544e-15,1.90917585428703e-18,5.9084561505513e-15,1.54185691792079e-21,4.01259190429743e-19,3.70751083402903e-17,9.67533612643485e-15
35481338923356.1,1.10787570718178e-14,1.46961651044247e-08,3.5408628565829e-17,9.4551017696127e-15,1.78415461446065e-18,5.77396326871202e-15,1.45569620794521e-21,3.87636923729824e-19,3.54086285359062e-17,9.45510176166659e-15
36307805477008.7,1.08265738055777e-14,1.46977461796107e-08,3.38169716729934e-17,9.23988033884748e-15,1.66722465807717e-18,5.64253181862452e-15,1.37434687174867e-21,3.74477110936333e-19,3.38169716450661e-17,9.23988033125901e-15
37153522909715.8,1.05801309290571e-14,1.4699264138693e-08,3.22967847722321e-17,9.02955774827948e-15,1.55787225598342e-18,5.51409211359433e-15,1.29754053459495e-21,3.61764052925645e-19,3.22967847461674e-17,9.02955774103255e-15
38018939632054.6,1.03392977751872e-14,1.47007211727191e-08,3.08448647100702e-17,8.82402249988547e-15,1.45561527839552e-18,5.38857605318978e-15,1.22502376593342e-21,3.49482583485189e-19,3.08448646857439e-17,8.8240224929647e-15
38904514499426.5,1.01039466512343e-14,1.47021194243072e-08,2.9458151442768e-17,8.62316563276648e-15,1.36000135398924e-18,5.26591708713428e-15,1.15655724924323e-21,3.37618051226267e-19,2.94581514200642e-17,8.62316562615719e-15
39810717055348.1,9.87395277109612e-15,1.47034609862282e-08,2.81337216723908e-17,8.42688066545462e-15,1.27060612604602e-18,5.14605018002048e-15,1.09191499786006e-21,3.26156302110544e-19,2.81337216512014e-17,8.4268806591428e-15
40738027780409.6,9.64919418913983e-15,1.47047479002748e-08,2.68687827643341e-17,8.23506353952917e-15,1.18703160153221e-18,5.02891177682765e-15,1.03088361424402e-21,3.15083662569424e-19,2.6868782744558e-17,8.23506353350142e-15
41686938347031.9,9.42955173554529e-15,1.47059821563959e-08,2.56606669338759e-17,8.04761256451244e-15,1.10890458906712e-18,4.91443976922393e-15,9.73261590288054e-22,3.04386923196193e-19,2.56606669154189e-17,8.04761255875599e-15
42657951880157.5,9.21490895312077e-15,1.4707165692075e-08,2.45068256898861e-17,7.86442836401665e-15,1.03587522182276e-18,4.80257346263572e-15,9.18858646399163e-22,2.94053322991524e-19,2.45068256726603e-17,7.86442835851928e-15
43651583224014.8,9.00515203555641e-15,1.47083003919297e-08,2.34048245243532e-17,7.68541382311334e-15,9.67615561492234e-19,4.69325354406655e-15,8.67495107209796e-22,2.84070534143557e-19,2.34048245082764e-17,7.68541381786339e-15
44668359215094.5,8.80016976708332e-15,1.47093880875154e-08,2.23523378368974e-17,7.51047403689788e-15,9.03818279565044e-19,4.58642205064861e-15,8.19001311895542e-22,2.74426647324458e-19,2.23523378218931e-17,7.51047403188422e-15
45708818961485.6,8.59985346350617e-15,1.47104305573115e-08,2.134714408392e-17,7.33951626022205e-15,8.44195412253392e-19,4.48202233891004e-15,7.73217057186763e-22,2.65110157485907e-19,2.13471440699166e-17,7.33951625543404e-15
46773514128717.9,8.40409691457797e-15,1.47114295268743e-08,2.03871211424984e-17,7.17244985856821e-15,7.8847718552395e-19,4.37999905474181e-15,7.29991071267463e-22,2.56109950136619e-19,2.03871211294292e-17,7.17244985399569e-15
47863009232261.9,8.21279632768657e-15,1.47123866691384e-08,1.94702418795749e-17,7.00918626003927e-15,7.3641090680325e-19,4.28029810404822e-15,6.89180516854363e-22,2.47415288085544e-19,1.94702418673776e-17,7.00918625567255e-15
48977881936842.6,8.02585027282291e-15,1.47133036048521e-08,1.85945699174051e-17,6.84963890843933e-15,6.87759920040797e-19,4.18286662406555e-15,6.506505218433e-22,2.39015798634941e-19,1.85945699060215e-17,6.84963890426915e-15
50118723362725.2,7.84315962880204e-15,1.47141819031307e-08,1.77582555866296e-17,6.69372321742015e-15,6.4230262093154e-19,4.08765295533347e-15,6.14273735998994e-22,2.30901461208076e-19,1.77582555760055e-17,6.69372321343765e-15
51286138399134.4,7.66462753070812e-15,1.47150230821146e-08,1.69595320587139e-17,6.54135652566941e-15,5.99831529217769e-19,3.99460661430453e-15,5.79929912248259e-22,2.23062595396806e-19,1.69595320487986e-17,6.54135652186615e-15
52480746024975.1,7.49015931853583e-15,1.471582860972e-08,1.61967116498636e-17,6.39245805311724e-15,5.60152415109046e-19,3.90367826657713e-15,5.47505511216101e-22,2.15489849414789e-19,1.61967116406098e-17,6.39245804948516e-15
53703179637023.1,7.31966248700077e-15,1.47165999044684e-08,1.54681822888689e-17,6.24694885813786e-15,5.23083476976916e-19,3.81481970073774e-15,5.16893327719131e-22,2.08174188942583e-19,1.54681822802325e-17,6.24694885466925e-15
54954087385760.2,7.15304663649227e-15,1.47173383363858e-08,1.47724041416635e-17,6.10475179572379e-15,4.88454567598311e-19,3.72798380279858e-15,4.87992138001565e-22,2.0110688635131e-19,1.47724041336033e-17,6.10475179241129e-15
56234132519032.6,6.99022342514263e-15,1.47180452279607e-08,1.41079063856986e-17,5.96579147661069e-15,4.56106466337328e-19,3.64312453121717e-15,4.60706366566061e-22,1.94279510292079e-19,1.41079063781762e-17,5.96579147344728e-15
57543993733713.4,6.83110652198747e-15,1.47187218551516e-08,1.34732841275348e-17,5.82999422733127e-15,4.25890194768993e-19,3.56019689248448e-15,4.34945771514872e-22,1.87683915638722e-19,1.34732841205143e-17,5.82999422431023e-15
58884365535556.5,6.67561156119214e-15,1.47193694484344e-08,1.28671954573445e-17,5.6972880511771e-15,3.97666373360372e-19,3.4791569172688e-15,4.10625147376596e-22,1.81312233771883e-19,1.28671954507924e-17,5.69728804829203e-15
60255958607433.3,6.52365609732013e-15,1.47199891938844e-08,1.22883586342913e-17,5.56760259004788e-15,3.71304616933681e-19,3.39996163710258e-15,3.87664044450277e-22,1.75156863192867e-19,1.22883586281765e-17,5.56760258729266e-15
61659500186145.7,6.37515956161967e-15,1.47205822342831e-08,1.17355493970182e-17,5.440869087168e-15,3.46682966742643e-19,3.32256906160002e-15,3.65986503752026e-22,1.69210460456059e-19,1.17355493913114e-17,5.44086908453679e-15
63095734448016.8,6.23004321930531e-15,1.47211496702446e-08,1.12075983937275e-17,5.3170203506507e-15,3.23687357096971e-19,3.24693815619318e-15,3.4552080669974e-22,1.63465931409112e-19,1.12075983884015e-17,5.31702034813791e-15
64565422903462.9,6.08823012781194e-15,1.4721692561356e-08,1.07033887265773e-17,5.1959907178906e-15,3.02211114570441e-19,3.17302882037493e-15,3.26199238719214e-22,1.57916422730453e-19,1.07033887216066e-17,5.19599071549091e-15
66069344800756.9,5.94964509599903e-15,1.47222119273257e-08,1.02218536053493e-17,5.07771602076593e-15,2.82154487925402e-19,3.10080186643713e-15,3.07957865999985e-22,1.52555313754021e-19,1.02218536007103e-17,5.07771601847423e-15
67608297539195.4,5.81421464428343e-15,1.47227087491353e-08,9.76197410556311e-18,4.96213355163185e-15,2.63424206980614e-19,3.03021899869277e-15,2.90736324671816e-22,1.47376208571494e-19,9.76197410123368e-18,4.9621335494433e-15
69183097091890.8,5.68186696567977e-15,1.47231839701906e-08,9.32277702642413e-18,4.8491820300872e-15,2.45933068740044e-19,2.9612427931711e-15,2.74477621713001e-22,1.42372928402588e-19,9.3227770223836e-18,4.84918202799715e-15
70794578438410.9,5.55253188772754e-15,1.47236384974685e-08,8.90333284419166e-18,4.7388015704969e-15,2.29599549187523e-19,2.89383667777496e-15,2.59127946939686e-22,1.37539504224319e-19,8.90333284042075e-18,4.73880156850092e-15
72443596007496,5.42614083528494e-15,1.47240732026556e-08,8.5027537567498e-18,4.63093365025294e-15,2.14347439236097e-19,2.82796491288973e-15,2.44636495461343e-22,1.32870169650465e-19,8.50275375323052e-18,4.63093364834679e-15
74131024130088.7,5.3026267941695e-15,1.47244889232759e-08,8.12019181534553e-18,4.52552107875721e-15,2.00105503401373e-19,2.76359257243378e-15,2.30955300021516e-22,1.28359354052713e-19,8.12019181206111e-18,4.52552107693685e-15
75857757502915.2,5.18192427562647e-15,1.47248864638054e-08,7.75483713963676e-18,4.42250796710976e-15,1.86807159845271e-19,2.70068552534013e-15,2.18039072675046e-22,1.240016759153e-19,7.75483713657151e-18,4.42250796537133e-15
77624711662866,5.0639692816059e-15,1.47252665967702e-08,7.40591621236102e-18,4.32183969848643e-15,1.74390180510386e-19,2.63921041745974e-15,2.05845055283332e-22,1.19791936415227e-19,7.40591620950032e-18,4.32183969682625e-15
79432823472424.9,4.94869927083014e-15,1.4725630063828e-08,7.07269025009783e-18,4.22346289919032e-15,1.62796410135605e-19,2.57913465387669e-15,1.94332878337841e-22,1.15725113220387e-19,7.07269024742803e-18,4.22346289760485e-15
81283051616406.6,4.83605312563377e-15,1.47259775768289e-08,6.75445364675188e-18,4.12732541036161e-15,1.51971503010931e-19,2.52042638162595e-15,1.83464427649183e-22,1.11796354498203e-19,6.75445364426025e-18,4.12732540884751e-15
83176377110263.7,4.72597111955824e-15,1.47263098188566e-08,6.45053248653231e-18,4.03337626033098e-15,1.41864676393535e-19,2.46305447280447e-15,1.73203718464656e-22,1.08000973127651e-19,6.45053248420696e-18,4.03337625888502e-15
85113803820234.1,4.61839488568428e-15,1.47266274452463e-08,6.1602831233449e-18,3.94156563760184e-15,1.32428479568137e-19,2.4069885080668e-15,1.63516776601386e-22,1.04334441107748e-19,6.16028312117473e-18,3.94156563622096e-15
87096358995604.5,4.513267385685e-15,1.47269310845809e-08,5.88309082364941e-18,3.85184486444721e-15,1.23618577592862e-19,2.35219876049632e-15,1.54371526205008e-22,1.00792384155847e-19,5.88309082162407e-18,3.85184486312848e-15
89125093813370.9,4.41053287958354e-15,1.47272213396621e-08,5.61836846996361e-18,3.76416637110719e-15,1.15393548826901e-19,2.29865617984363e-15,1.45737683765472e-22,9.73705764892871e-20,5.61836846807343e-18,3.76416636984781e-15
91201083935587.2,4.31013689619907e-15,1.47274987884583e-08,5.36555532231989e-18,3.67848367057347e-15,1.07714695388706e-19,2.24633237712376e-15,1.37586658041952e-22,9.40649357841901e-20,5.36555532055586e-18,3.67848366937078e-15
93325430079695.2,4.21202620426547e-15,1.47277639850266e-08,5.12411583509835e-18,3.59475133394743e-15,1.00545865743127e-19,2.19519960956392e-15,1.29891455568127e-22,9.08715183053792e-20,5.12411583345204e-18,3.59475133279886e-15
95499258602139.6,4.11614878420754e-15,1.47280174604104e-08,4.89353852677419e-18,3.51292496635888e-15,9.38532886630328e-20,2.14523076589394e-15,1.2262659142733e-22,8.77865142016154e-20,4.89353852523775e-18,3.51292496526201e-15
97723722095577,4.02245380055954e-15,1.47282597235107e-08,4.67333490022538e-18,3.43296118343271e-15,8.76054178555377e-20,2.09639935197148e-15,1.15768005004277e-22,8.48062429605426e-20,4.67333489879148e-18,3.4329611823852e-15
99999999999995.8,3.93089157501165e-15,1.47284912619332e-08,4.46303841135044e-18,3.35481758829086e-15,8.17727865852206e-20,2.04867947673453e-15,1.0929298043635e-22,8.1927149017917e-20,4.46303841001223e-18,3.3548175872905e-15
