 time                   v(out)                 v(vin)                 v(xdut.e)              v(xdut.x)             
 0.000000000000000e+00  1.207319688507828e+00  7.500000000000001e-01  2.963401453674172e-03  4.171840810276100e-01 
 1.000000000000001e-12  1.207319688507828e+00  7.500000000000001e-01  2.963401453674172e-03  4.171840810276099e-01 
 2.000000000000002e-12  1.207319688507828e+00  7.500000000000001e-01  2.963401453674170e-03  4.171840810276101e-01 
 4.000000000000004e-12  1.207319688507828e+00  7.500000000000001e-01  2.963401453674170e-03  4.171840810276103e-01 
 8.000000000000008e-12  1.207319688507828e+00  7.500000000000001e-01  2.963401453674172e-03  4.171840810276101e-01 
 1.600000000000002e-11  1.207319688507827e+00  7.500000000000001e-01  2.963401453674169e-03  4.171840810276100e-01 
 3.200000000000003e-11  1.207319688507827e+00  7.500000000000001e-01  2.963401453674170e-03  4.171840810276103e-01 
 6.400000000000006e-11  1.207319688507827e+00  7.500000000000001e-01  2.963401453674170e-03  4.171840810276100e-01 
 1.280000000000001e-10  1.207319688507826e+00  7.500000000000001e-01  2.963401453674171e-03  4.171840810276105e-01 
 2.280000000000002e-10  1.207319688507825e+00  7.500000000000001e-01  2.963401453674171e-03  4.171840810276102e-01 
 3.280000000000004e-10  1.207319688507825e+00  7.500000000000001e-01  2.963401453674173e-03  4.171840810276103e-01 
 4.280000000000005e-10  1.207319688507825e+00  7.500000000000001e-01  2.963401453674173e-03  4.171840810276100e-01 
 5.280000000000006e-10  1.207319688507825e+00  7.500000000000001e-01  2.963401453674173e-03  4.171840810276102e-01 
 6.280000000000006e-10  1.207319688507825e+00  7.500000000000001e-01  2.963401453674173e-03  4.171840810276103e-01 
 7.280000000000007e-10  1.207319688507825e+00  7.500000000000001e-01  2.963401453674173e-03  4.171840810276102e-01 
 8.280000000000008e-10  1.207319688507825e+00  7.500000000000001e-01  2.963401453674173e-03  4.171840810276101e-01 
 9.280000000000008e-10  1.207319688507825e+00  7.500000000000001e-01  2.963401453674173e-03  4.171840810276105e-01 
 1.028000000000001e-09  1.207319688507825e+00  7.500000000000001e-01  2.963401453674173e-03  4.171840810276101e-01 
 1.128000000000001e-09  1.207319688507825e+00  7.500000000000001e-01  2.963401453674173e-03  4.171840810276103e-01 
 1.228000000000001e-09  1.207319688507825e+00  7.500000000000001e-01  2.963401453674173e-03  4.171840810276099e-01 
 1.328000000000001e-09  1.207319688507825e+00  7.500000000000001e-01  2.963401453674173e-03  4.171840810276102e-01 
 1.428000000000001e-09  1.207319688507825e+00  7.500000000000001e-01  2.963401453674173e-03  4.171840810276101e-01 
 1.528000000000001e-09  1.207319688507825e+00  7.500000000000001e-01  2.963401453674173e-03  4.171840810276102e-01 
 1.628000000000001e-09  1.207319688507825e+00  7.500000000000001e-01  2.963401453674173e-03  4.171840810276101e-01 
 1.728000000000001e-09  1.207319688507825e+00  7.500000000000001e-01  2.963401453674173e-03  4.171840810276105e-01 
 1.828000000000002e-09  1.207319688507825e+00  7.500000000000001e-01  2.963401453674173e-03  4.171840810276101e-01 
 1.928000000000002e-09  1.207319688507825e+00  7.500000000000001e-01  2.963401453674173e-03  4.171840810276101e-01 
 2.028000000000002e-09  1.207319688507825e+00  7.500000000000001e-01  2.963401453674173e-03  4.171840810276101e-01 
 2.128000000000002e-09  1.207319688507825e+00  7.500000000000001e-01  2.963401453674173e-03  4.171840810276105e-01 
 2.228000000000002e-09  1.207319688507825e+00  7.500000000000001e-01  2.963401453674173e-03  4.171840810276101e-01 
 2.328000000000002e-09  1.207319688507825e+00  7.500000000000001e-01  2.963401453674173e-03  4.171840810276101e-01 
 2.428000000000002e-09  1.207319688507825e+00  7.500000000000001e-01  2.963401453674173e-03  4.171840810276101e-01 
 2.528000000000002e-09  1.207319688507825e+00  7.500000000000001e-01  2.963401453674173e-03  4.171840810276105e-01 
 2.628000000000002e-09  1.207319688507825e+00  7.500000000000001e-01  2.963401453674173e-03  4.171840810276101e-01 
 2.728000000000002e-09  1.207319688507825e+00  7.500000000000001e-01  2.963401453674173e-03  4.171840810276101e-01 
 2.828000000000002e-09  1.207319688507825e+00  7.500000000000001e-01  2.963401453674173e-03  4.171840810276101e-01 
 2.928000000000002e-09  1.207319688507825e+00  7.500000000000001e-01  2.963401453674173e-03  4.171840810276105e-01 
 3.028000000000002e-09  1.207319688507825e+00  7.500000000000001e-01  2.963401453674173e-03  4.171840810276101e-01 
 3.128000000000002e-09  1.207319688507825e+00  7.500000000000001e-01  2.963401453674173e-03  4.171840810276101e-01 
 3.228000000000003e-09  1.207319688507825e+00  7.500000000000001e-01  2.963401453674173e-03  4.171840810276101e-01 
 3.328000000000003e-09  1.207319688507825e+00  7.500000000000001e-01  2.963401453674173e-03  4.171840810276103e-01 
 3.428000000000003e-09  1.207319688507825e+00  7.500000000000001e-01  2.963401453674173e-03  4.171840810276101e-01 
 3.528000000000003e-09  1.207319688507825e+00  7.500000000000001e-01  2.963401453674173e-03  4.171840810276100e-01 
 3.628000000000003e-09  1.207319688507825e+00  7.500000000000001e-01  2.963401453674173e-03  4.171840810276100e-01 
 3.728000000000003e-09  1.207319688507825e+00  7.500000000000001e-01  2.963401453674173e-03  4.171840810276102e-01 
 3.828000000000003e-09  1.207319688507825e+00  7.500000000000001e-01  2.963401453674173e-03  4.171840810276103e-01 
 3.928000000000003e-09  1.207319688507825e+00  7.500000000000001e-01  2.963401453674173e-03  4.171840810276100e-01 
 4.028000000000003e-09  1.207319688507825e+00  7.500000000000001e-01  2.963401453674173e-03  4.171840810276100e-01 
 4.128000000000003e-09  1.207319688507825e+00  7.500000000000001e-01  2.963401453674173e-03  4.171840810276102e-01 
 4.228000000000003e-09  1.207319688507825e+00  7.500000000000001e-01  2.963401453674173e-03  4.171840810276103e-01 
 4.328000000000003e-09  1.207319688507825e+00  7.500000000000001e-01  2.963401453674173e-03  4.171840810276102e-01 
 4.428000000000003e-09  1.207319688507825e+00  7.500000000000001e-01  2.963401453674173e-03  4.171840810276101e-01 
 4.528000000000003e-09  1.207319688507825e+00  7.500000000000001e-01  2.963401453674173e-03  4.171840810276103e-01 
 4.628000000000003e-09  1.207319688507825e+00  7.500000000000001e-01  2.963401453674173e-03  4.171840810276101e-01 
 4.728000000000004e-09  1.207319688507825e+00  7.500000000000001e-01  2.963401453674173e-03  4.171840810276100e-01 
 4.828000000000004e-09  1.207319688507825e+00  7.500000000000001e-01  2.963401453674173e-03  4.171840810276100e-01 
 4.928000000000004e-09  1.207319688507825e+00  7.500000000000001e-01  2.963401453674173e-03  4.171840810276102e-01 
 5.028000000000004e-09  1.207319688507825e+00  7.500000000000001e-01  2.963401453674173e-03  4.171840810276103e-01 
 5.128000000000004e-09  1.207319688507825e+00  7.500000000000001e-01  2.963401453674173e-03  4.171840810276102e-01 
 5.228000000000004e-09  1.207319688507825e+00  7.500000000000001e-01  2.963401453674173e-03  4.171840810276101e-01 
 5.328000000000004e-09  1.207319688507825e+00  7.500000000000001e-01  2.963401453674173e-03  4.171840810276103e-01 
 5.428000000000004e-09  1.207319688507825e+00  7.500000000000001e-01  2.963401453674173e-03  4.171840810276101e-01 
 5.528000000000004e-09  1.207319688507825e+00  7.500000000000001e-01  2.963401453674173e-03  4.171840810276100e-01 
 5.628000000000004e-09  1.207319688507825e+00  7.500000000000001e-01  2.963401453674173e-03  4.171840810276100e-01 
 5.728000000000004e-09  1.207319688507825e+00  7.500000000000001e-01  2.963401453674173e-03  4.171840810276102e-01 
 5.828000000000004e-09  1.207319688507825e+00  7.500000000000001e-01  2.963401453674173e-03  4.171840810276103e-01 
 5.928000000000004e-09  1.207319688507825e+00  7.500000000000001e-01  2.963401453674173e-03  4.171840810276102e-01 
 6.028000000000004e-09  1.207319688507825e+00  7.500000000000001e-01  2.963401453674173e-03  4.171840810276101e-01 
 6.128000000000004e-09  1.207319688507825e+00  7.500000000000001e-01  2.963401453674173e-03  4.171840810276103e-01 
 6.228000000000005e-09  1.207319688507825e+00  7.500000000000001e-01  2.963401453674173e-03  4.171840810276101e-01 
 6.328000000000005e-09  1.207319688507825e+00  7.500000000000001e-01  2.963401453674173e-03  4.171840810276100e-01 
 6.428000000000005e-09  1.207319688507825e+00  7.500000000000001e-01  2.963401453674173e-03  4.171840810276100e-01 
 6.528000000000005e-09  1.207319688507825e+00  7.500000000000001e-01  2.963401453674173e-03  4.171840810276102e-01 
 6.628000000000005e-09  1.207319688507825e+00  7.500000000000001e-01  2.963401453674173e-03  4.171840810276103e-01 
 6.728000000000005e-09  1.207319688507825e+00  7.500000000000001e-01  2.963401453674173e-03  4.171840810276102e-01 
 6.828000000000005e-09  1.207319688507825e+00  7.500000000000001e-01  2.963401453674173e-03  4.171840810276101e-01 
 6.928000000000005e-09  1.207319688507825e+00  7.500000000000001e-01  2.963401453674173e-03  4.171840810276103e-01 
 7.028000000000005e-09  1.207319688507825e+00  7.500000000000001e-01  2.963401453674173e-03  4.171840810276101e-01 
 7.128000000000005e-09  1.207319688507825e+00  7.500000000000001e-01  2.963401453674173e-03  4.171840810276100e-01 
 7.228000000000005e-09  1.207319688507825e+00  7.500000000000001e-01  2.963401453674173e-03  4.171840810276100e-01 
 7.328000000000005e-09  1.207319688507825e+00  7.500000000000001e-01  2.963401453674173e-03  4.171840810276102e-01 
 7.428000000000005e-09  1.207319688507825e+00  7.500000000000001e-01  2.963401453674173e-03  4.171840810276103e-01 
 7.528000000000006e-09  1.207319688507825e+00  7.500000000000001e-01  2.963401453674173e-03  4.171840810276102e-01 
 7.628000000000007e-09  1.207319688507825e+00  7.500000000000001e-01  2.963401453674173e-03  4.171840810276101e-01 
 7.728000000000008e-09  1.207319688507825e+00  7.500000000000001e-01  2.963401453674173e-03  4.171840810276103e-01 
 7.828000000000009e-09  1.207319688507825e+00  7.500000000000001e-01  2.963401453674173e-03  4.171840810276101e-01 
 7.928000000000010e-09  1.207319688507825e+00  7.500000000000001e-01  2.963401453674173e-03  4.171840810276100e-01 
 8.028000000000011e-09  1.207319688507825e+00  7.500000000000001e-01  2.963401453674173e-03  4.171840810276100e-01 
 8.128000000000012e-09  1.207319688507825e+00  7.500000000000001e-01  2.963401453674173e-03  4.171840810276102e-01 
 8.228000000000013e-09  1.207319688507825e+00  7.500000000000001e-01  2.963401453674173e-03  4.171840810276103e-01 
 8.328000000000013e-09  1.207319688507825e+00  7.500000000000001e-01  2.963401453674173e-03  4.171840810276102e-01 
 8.428000000000014e-09  1.207319688507825e+00  7.500000000000001e-01  2.963401453674173e-03  4.171840810276101e-01 
 8.528000000000015e-09  1.207319688507825e+00  7.500000000000001e-01  2.963401453674173e-03  4.171840810276103e-01 
 8.628000000000016e-09  1.207319688507825e+00  7.500000000000001e-01  2.963401453674173e-03  4.171840810276101e-01 
 8.728000000000017e-09  1.207319688507825e+00  7.500000000000001e-01  2.963401453674173e-03  4.171840810276100e-01 
 8.828000000000018e-09  1.207319688507825e+00  7.500000000000001e-01  2.963401453674173e-03  4.171840810276100e-01 
 8.928000000000019e-09  1.207319688507825e+00  7.500000000000001e-01  2.963401453674173e-03  4.171840810276102e-01 
 9.028000000000020e-09  1.207319688507825e+00  7.500000000000001e-01  2.963401453674173e-03  4.171840810276103e-01 
 9.128000000000021e-09  1.207319688507825e+00  7.500000000000001e-01  2.963401453674173e-03  4.171840810276102e-01 
 9.228000000000021e-09  1.207319688507825e+00  7.500000000000001e-01  2.963401453674173e-03  4.171840810276101e-01 
 9.328000000000022e-09  1.207319688507825e+00  7.500000000000001e-01  2.963401453674173e-03  4.171840810276103e-01 
 9.428000000000023e-09  1.207319688507825e+00  7.500000000000001e-01  2.963401453674173e-03  4.171840810276101e-01 
 9.528000000000024e-09  1.207319688507825e+00  7.500000000000001e-01  2.963401453674173e-03  4.171840810276100e-01 
 9.628000000000025e-09  1.207319688507825e+00  7.500000000000001e-01  2.963401453674173e-03  4.171840810276100e-01 
 9.728000000000026e-09  1.207319688507825e+00  7.500000000000001e-01  2.963401453674173e-03  4.171840810276100e-01 
 9.828000000000027e-09  1.207319688507825e+00  7.500000000000001e-01  2.963401453674173e-03  4.171840810276102e-01 
 9.928000000000028e-09  1.207319688507825e+00  7.500000000000001e-01  2.963401453674173e-03  4.171840810276103e-01 
 1.002800000000003e-08  1.207319688507825e+00  7.500000000000001e-01  2.963401453674173e-03  4.171840810276100e-01 
 1.012800000000003e-08  1.207319688507825e+00  7.500000000000001e-01  2.963401453674173e-03  4.171840810276100e-01 
 1.022800000000003e-08  1.207319688507825e+00  7.500000000000001e-01  2.963401453674173e-03  4.171840810276102e-01 
 1.032800000000003e-08  1.207319688507825e+00  7.500000000000001e-01  2.963401453674173e-03  4.171840810276103e-01 
 1.042800000000003e-08  1.207319688507825e+00  7.500000000000001e-01  2.963401453674173e-03  4.171840810276100e-01 
 1.052800000000003e-08  1.207319688507825e+00  7.500000000000001e-01  2.963401453674173e-03  4.171840810276100e-01 
 1.062800000000003e-08  1.207319688507825e+00  7.500000000000001e-01  2.963401453674173e-03  4.171840810276102e-01 
 1.072800000000003e-08  1.207319688507825e+00  7.500000000000001e-01  2.963401453674173e-03  4.171840810276103e-01 
 1.082800000000004e-08  1.207319688507825e+00  7.500000000000001e-01  2.963401453674173e-03  4.171840810276102e-01 
 1.092800000000004e-08  1.207319688507825e+00  7.500000000000001e-01  2.963401453674173e-03  4.171840810276101e-01 
 1.102800000000004e-08  1.207319688507825e+00  7.500000000000001e-01  2.963401453674173e-03  4.171840810276103e-01 
 1.112800000000004e-08  1.207319688507825e+00  7.500000000000001e-01  2.963401453674173e-03  4.171840810276101e-01 
 1.122800000000004e-08  1.207319688507825e+00  7.500000000000001e-01  2.963401453674173e-03  4.171840810276100e-01 
 1.132800000000004e-08  1.207319688507825e+00  7.500000000000001e-01  2.963401453674173e-03  4.171840810276100e-01 
 1.142800000000004e-08  1.207319688507825e+00  7.500000000000001e-01  2.963401453674173e-03  4.171840810276102e-01 
 1.152800000000004e-08  1.207319688507825e+00  7.500000000000001e-01  2.963401453674173e-03  4.171840810276103e-01 
 1.162800000000004e-08  1.207319688507825e+00  7.500000000000001e-01  2.963401453674173e-03  4.171840810276102e-01 
 1.172800000000004e-08  1.207319688507825e+00  7.500000000000001e-01  2.963401453674173e-03  4.171840810276101e-01 
 1.182800000000004e-08  1.207319688507825e+00  7.500000000000001e-01  2.963401453674173e-03  4.171840810276103e-01 
 1.192800000000005e-08  1.207319688507825e+00  7.500000000000001e-01  2.963401453674173e-03  4.171840810276101e-01 
 1.202800000000005e-08  1.207319688507825e+00  7.500000000000001e-01  2.963401453674173e-03  4.171840810276100e-01 
 1.212800000000005e-08  1.207319688507825e+00  7.500000000000001e-01  2.963401453674173e-03  4.171840810276100e-01 
 1.222800000000005e-08  1.207319688507825e+00  7.500000000000001e-01  2.963401453674173e-03  4.171840810276102e-01 
 1.232800000000005e-08  1.207319688507825e+00  7.500000000000001e-01  2.963401453674173e-03  4.171840810276103e-01 
 1.242800000000005e-08  1.207319688507825e+00  7.500000000000001e-01  2.963401453674173e-03  4.171840810276102e-01 
 1.252800000000005e-08  1.207319688507825e+00  7.500000000000001e-01  2.963401453674173e-03  4.171840810276101e-01 
 1.262800000000005e-08  1.207319688507825e+00  7.500000000000001e-01  2.963401453674173e-03  4.171840810276103e-01 
 1.272800000000005e-08  1.207319688507825e+00  7.500000000000001e-01  2.963401453674173e-03  4.171840810276101e-01 
 1.282800000000005e-08  1.207319688507825e+00  7.500000000000001e-01  2.963401453674173e-03  4.171840810276100e-01 
 1.292800000000005e-08  1.207319688507825e+00  7.500000000000001e-01  2.963401453674173e-03  4.171840810276100e-01 
 1.302800000000006e-08  1.207319688507825e+00  7.500000000000001e-01  2.963401453674173e-03  4.171840810276102e-01 
 1.312800000000006e-08  1.207319688507825e+00  7.500000000000001e-01  2.963401453674173e-03  4.171840810276103e-01 
 1.322800000000006e-08  1.207319688507825e+00  7.500000000000001e-01  2.963401453674173e-03  4.171840810276102e-01 
 1.332800000000006e-08  1.207319688507825e+00  7.500000000000001e-01  2.963401453674173e-03  4.171840810276101e-01 
 1.342800000000006e-08  1.207319688507825e+00  7.500000000000001e-01  2.963401453674173e-03  4.171840810276103e-01 
 1.352800000000006e-08  1.207319688507825e+00  7.500000000000001e-01  2.963401453674173e-03  4.171840810276101e-01 
 1.362800000000006e-08  1.207319688507825e+00  7.500000000000001e-01  2.963401453674173e-03  4.171840810276100e-01 
 1.372800000000006e-08  1.207319688507825e+00  7.500000000000001e-01  2.963401453674173e-03  4.171840810276100e-01 
 1.382800000000006e-08  1.207319688507825e+00  7.500000000000001e-01  2.963401453674173e-03  4.171840810276102e-01 
 1.392800000000006e-08  1.207319688507825e+00  7.500000000000001e-01  2.963401453674173e-03  4.171840810276103e-01 
 1.402800000000006e-08  1.207319688507825e+00  7.500000000000001e-01  2.963401453674173e-03  4.171840810276102e-01 
 1.412800000000007e-08  1.207319688507825e+00  7.500000000000001e-01  2.963401453674173e-03  4.171840810276101e-01 
 1.422800000000007e-08  1.207319688507825e+00  7.500000000000001e-01  2.963401453674173e-03  4.171840810276103e-01 
 1.432800000000007e-08  1.207319688507825e+00  7.500000000000001e-01  2.963401453674173e-03  4.171840810276101e-01 
 1.442800000000007e-08  1.207319688507825e+00  7.500000000000001e-01  2.963401453674173e-03  4.171840810276100e-01 
 1.452800000000007e-08  1.207319688507825e+00  7.500000000000001e-01  2.963401453674173e-03  4.171840810276100e-01 
 1.462800000000007e-08  1.207319688507825e+00  7.500000000000001e-01  2.963401453674173e-03  4.171840810276102e-01 
 1.472800000000007e-08  1.207319688507825e+00  7.500000000000001e-01  2.963401453674173e-03  4.171840810276103e-01 
 1.482800000000007e-08  1.207319688507825e+00  7.500000000000001e-01  2.963401453674173e-03  4.171840810276102e-01 
 1.492800000000007e-08  1.207319688507825e+00  7.500000000000001e-01  2.963401453674173e-03  4.171840810276101e-01 
 1.502800000000007e-08  1.207319688507825e+00  7.500000000000001e-01  2.963401453674173e-03  4.171840810276103e-01 
 1.512800000000007e-08  1.207319688507825e+00  7.500000000000001e-01  2.963401453674173e-03  4.171840810276101e-01 
 1.522800000000008e-08  1.207319688507825e+00  7.500000000000001e-01  2.963401453674173e-03  4.171840810276100e-01 
 1.532800000000008e-08  1.207319688507825e+00  7.500000000000001e-01  2.963401453674173e-03  4.171840810276100e-01 
 1.542800000000008e-08  1.207319688507825e+00  7.500000000000001e-01  2.963401453674173e-03  4.171840810276102e-01 
 1.552800000000008e-08  1.207319688507825e+00  7.500000000000001e-01  2.963401453674173e-03  4.171840810276103e-01 
 1.562800000000008e-08  1.207319688507825e+00  7.500000000000001e-01  2.963401453674173e-03  4.171840810276102e-01 
 1.572800000000008e-08  1.207319688507825e+00  7.500000000000001e-01  2.963401453674173e-03  4.171840810276101e-01 
 1.582800000000008e-08  1.207319688507825e+00  7.500000000000001e-01  2.963401453674173e-03  4.171840810276103e-01 
 1.592800000000008e-08  1.207319688507825e+00  7.500000000000001e-01  2.963401453674173e-03  4.171840810276101e-01 
 1.602800000000008e-08  1.207319688507825e+00  7.500000000000001e-01  2.963401453674173e-03  4.171840810276100e-01 
 1.612800000000008e-08  1.207319688507825e+00  7.500000000000001e-01  2.963401453674173e-03  4.171840810276100e-01 
 1.622800000000008e-08  1.207319688507825e+00  7.500000000000001e-01  2.963401453674173e-03  4.171840810276102e-01 
 1.632800000000009e-08  1.207319688507825e+00  7.500000000000001e-01  2.963401453674173e-03  4.171840810276103e-01 
 1.642800000000009e-08  1.207319688507825e+00  7.500000000000001e-01  2.963401453674173e-03  4.171840810276102e-01 
 1.652800000000009e-08  1.207319688507825e+00  7.500000000000001e-01  2.963401453674173e-03  4.171840810276101e-01 
 1.662800000000009e-08  1.207319688507825e+00  7.500000000000001e-01  2.963401453674173e-03  4.171840810276103e-01 
 1.672800000000009e-08  1.207319688507825e+00  7.500000000000001e-01  2.963401453674173e-03  4.171840810276101e-01 
 1.682800000000009e-08  1.207319688507825e+00  7.500000000000001e-01  2.963401453674173e-03  4.171840810276100e-01 
 1.692800000000009e-08  1.207319688507825e+00  7.500000000000001e-01  2.963401453674173e-03  4.171840810276100e-01 
 1.702800000000009e-08  1.207319688507825e+00  7.500000000000001e-01  2.963401453674173e-03  4.171840810276102e-01 
 1.712800000000009e-08  1.207319688507825e+00  7.500000000000001e-01  2.963401453674173e-03  4.171840810276103e-01 
 1.722800000000009e-08  1.207319688507825e+00  7.500000000000001e-01  2.963401453674173e-03  4.171840810276102e-01 
 1.732800000000009e-08  1.207319688507825e+00  7.500000000000001e-01  2.963401453674173e-03  4.171840810276101e-01 
 1.742800000000009e-08  1.207319688507825e+00  7.500000000000001e-01  2.963401453674173e-03  4.171840810276103e-01 
 1.752800000000010e-08  1.207319688507825e+00  7.500000000000001e-01  2.963401453674173e-03  4.171840810276101e-01 
 1.762800000000010e-08  1.207319688507825e+00  7.500000000000001e-01  2.963401453674173e-03  4.171840810276100e-01 
 1.772800000000010e-08  1.207319688507825e+00  7.500000000000001e-01  2.963401453674173e-03  4.171840810276100e-01 
 1.782800000000010e-08  1.207319688507825e+00  7.500000000000001e-01  2.963401453674173e-03  4.171840810276102e-01 
 1.792800000000010e-08  1.207319688507825e+00  7.500000000000001e-01  2.963401453674173e-03  4.171840810276103e-01 
 1.802800000000010e-08  1.207319688507825e+00  7.500000000000001e-01  2.963401453674173e-03  4.171840810276102e-01 
 1.812800000000010e-08  1.207319688507825e+00  7.500000000000001e-01  2.963401453674173e-03  4.171840810276101e-01 
 1.822800000000010e-08  1.207319688507825e+00  7.500000000000001e-01  2.963401453674173e-03  4.171840810276103e-01 
 1.832800000000010e-08  1.207319688507825e+00  7.500000000000001e-01  2.963401453674173e-03  4.171840810276101e-01 
 1.842800000000010e-08  1.207319688507825e+00  7.500000000000001e-01  2.963401453674173e-03  4.171840810276100e-01 
 1.852800000000010e-08  1.207319688507825e+00  7.500000000000001e-01  2.963401453674173e-03  4.171840810276100e-01 
 1.862800000000011e-08  1.207319688507825e+00  7.500000000000001e-01  2.963401453674173e-03  4.171840810276102e-01 
 1.872800000000011e-08  1.207319688507825e+00  7.500000000000001e-01  2.963401453674173e-03  4.171840810276103e-01 
 1.882800000000011e-08  1.207319688507825e+00  7.500000000000001e-01  2.963401453674173e-03  4.171840810276102e-01 
 1.892800000000011e-08  1.207319688507825e+00  7.500000000000001e-01  2.963401453674173e-03  4.171840810276101e-01 
 1.902800000000011e-08  1.207319688507825e+00  7.500000000000001e-01  2.963401453674173e-03  4.171840810276103e-01 
 1.912800000000011e-08  1.207319688507825e+00  7.500000000000001e-01  2.963401453674173e-03  4.171840810276101e-01 
 1.922800000000011e-08  1.207319688507825e+00  7.500000000000001e-01  2.963401453674173e-03  4.171840810276100e-01 
 1.932800000000011e-08  1.207319688507825e+00  7.500000000000001e-01  2.963401453674173e-03  4.171840810276100e-01 
 1.942800000000011e-08  1.207319688507825e+00  7.500000000000001e-01  2.963401453674173e-03  4.171840810276102e-01 
 1.952800000000011e-08  1.207319688507825e+00  7.500000000000001e-01  2.963401453674173e-03  4.171840810276103e-01 
 1.962800000000011e-08  1.207319688507825e+00  7.500000000000001e-01  2.963401453674173e-03  4.171840810276102e-01 
 1.972800000000012e-08  1.207319688507825e+00  7.500000000000001e-01  2.963401453674173e-03  4.171840810276101e-01 
 1.982800000000012e-08  1.207319688507825e+00  7.500000000000001e-01  2.963401453674173e-03  4.171840810276103e-01 
 1.992800000000012e-08  1.207319688507825e+00  7.500000000000001e-01  2.963401453674173e-03  4.171840810276101e-01 
 2.002800000000012e-08  1.207319688507825e+00  7.500000000000001e-01  2.963401453674173e-03  4.171840810276100e-01 
 2.012800000000012e-08  1.207319688507825e+00  7.500000000000001e-01  2.963401453674173e-03  4.171840810276100e-01 
 2.022800000000012e-08  1.207319688507825e+00  7.500000000000001e-01  2.963401453674173e-03  4.171840810276102e-01 
 2.032800000000012e-08  1.207319688507825e+00  7.500000000000001e-01  2.963401453674173e-03  4.171840810276103e-01 
 2.042800000000012e-08  1.207319688507825e+00  7.500000000000001e-01  2.963401453674173e-03  4.171840810276102e-01 
 2.052800000000012e-08  1.207319688507825e+00  7.500000000000001e-01  2.963401453674173e-03  4.171840810276101e-01 
 2.062800000000012e-08  1.207319688507825e+00  7.500000000000001e-01  2.963401453674173e-03  4.171840810276103e-01 
 2.072800000000012e-08  1.207319688507825e+00  7.500000000000001e-01  2.963401453674173e-03  4.171840810276101e-01 
 2.082800000000013e-08  1.207319688507825e+00  7.500000000000001e-01  2.963401453674173e-03  4.171840810276100e-01 
 2.092800000000013e-08  1.207319688507825e+00  7.500000000000001e-01  2.963401453674173e-03  4.171840810276100e-01 
 2.102800000000013e-08  1.207319688507825e+00  7.500000000000001e-01  2.963401453674173e-03  4.171840810276102e-01 
 2.112800000000013e-08  1.207319688507825e+00  7.500000000000001e-01  2.963401453674173e-03  4.171840810276103e-01 
 2.122800000000013e-08  1.207319688507825e+00  7.500000000000001e-01  2.963401453674173e-03  4.171840810276102e-01 
 2.132800000000013e-08  1.207319688507825e+00  7.500000000000001e-01  2.963401453674173e-03  4.171840810276101e-01 
 2.142800000000013e-08  1.207319688507825e+00  7.500000000000001e-01  2.963401453674173e-03  4.171840810276103e-01 
 2.152800000000013e-08  1.207319688507825e+00  7.500000000000001e-01  2.963401453674173e-03  4.171840810276101e-01 
 2.162800000000013e-08  1.207319688507825e+00  7.500000000000001e-01  2.963401453674173e-03  4.171840810276100e-01 
 2.172800000000013e-08  1.207319688507825e+00  7.500000000000001e-01  2.963401453674173e-03  4.171840810276100e-01 
 2.182800000000013e-08  1.207319688507825e+00  7.500000000000001e-01  2.963401453674173e-03  4.171840810276100e-01 
 2.192800000000014e-08  1.207319688507825e+00  7.500000000000001e-01  2.963401453674173e-03  4.171840810276102e-01 
 2.202800000000014e-08  1.207319688507825e+00  7.500000000000001e-01  2.963401453674173e-03  4.171840810276106e-01 
 2.212800000000014e-08  1.207319688507825e+00  7.500000000000001e-01  2.963401453674173e-03  4.171840810276100e-01 
 2.222800000000014e-08  1.207319688507825e+00  7.500000000000001e-01  2.963401453674173e-03  4.171840810276101e-01 
 2.232800000000014e-08  1.207319688507825e+00  7.500000000000001e-01  2.963401453674173e-03  4.171840810276103e-01 
 2.242800000000014e-08  1.207319688507825e+00  7.500000000000001e-01  2.963401453674173e-03  4.171840810276100e-01 
 2.252800000000014e-08  1.207319688507825e+00  7.500000000000001e-01  2.963401453674173e-03  4.171840810276100e-01 
 2.262800000000014e-08  1.207319688507825e+00  7.500000000000001e-01  2.963401453674173e-03  4.171840810276100e-01 
 2.272800000000014e-08  1.207319688507825e+00  7.500000000000001e-01  2.963401453674173e-03  4.171840810276102e-01 
 2.282800000000014e-08  1.207319688507825e+00  7.500000000000001e-01  2.963401453674173e-03  4.171840810276103e-01 
 2.292800000000014e-08  1.207319688507825e+00  7.500000000000001e-01  2.963401453674173e-03  4.171840810276100e-01 
 2.302800000000015e-08  1.207319688507825e+00  7.500000000000001e-01  2.963401453674173e-03  4.171840810276100e-01 
 2.312800000000015e-08  1.207319688507825e+00  7.500000000000001e-01  2.963401453674173e-03  4.171840810276102e-01 
 2.322800000000015e-08  1.207319688507825e+00  7.500000000000001e-01  2.963401453674173e-03  4.171840810276103e-01 
 2.332800000000015e-08  1.207319688507825e+00  7.500000000000001e-01  2.963401453674173e-03  4.171840810276100e-01 
 2.342800000000015e-08  1.207319688507825e+00  7.500000000000001e-01  2.963401453674173e-03  4.171840810276100e-01 
 2.352800000000015e-08  1.207319688507825e+00  7.500000000000001e-01  2.963401453674173e-03  4.171840810276102e-01 
 2.362800000000015e-08  1.207319688507825e+00  7.500000000000001e-01  2.963401453674173e-03  4.171840810276103e-01 
 2.372800000000015e-08  1.207319688507825e+00  7.500000000000001e-01  2.963401453674173e-03  4.171840810276102e-01 
 2.382800000000015e-08  1.207319688507825e+00  7.500000000000001e-01  2.963401453674173e-03  4.171840810276101e-01 
 2.392800000000015e-08  1.207319688507825e+00  7.500000000000001e-01  2.963401453674173e-03  4.171840810276103e-01 
 2.402800000000015e-08  1.207319688507825e+00  7.500000000000001e-01  2.963401453674173e-03  4.171840810276101e-01 
 2.412800000000015e-08  1.207319688507825e+00  7.500000000000001e-01  2.963401453674173e-03  4.171840810276100e-01 
 2.422800000000016e-08  1.207319688507825e+00  7.500000000000001e-01  2.963401453674173e-03  4.171840810276100e-01 
 2.432800000000016e-08  1.207319688507825e+00  7.500000000000001e-01  2.963401453674173e-03  4.171840810276102e-01 
 2.442800000000016e-08  1.207319688507825e+00  7.500000000000001e-01  2.963401453674173e-03  4.171840810276103e-01 
 2.452800000000016e-08  1.207319688507825e+00  7.500000000000001e-01  2.963401453674173e-03  4.171840810276102e-01 
 2.462800000000016e-08  1.207319688507825e+00  7.500000000000001e-01  2.963401453674173e-03  4.171840810276101e-01 
 2.472800000000016e-08  1.207319688507825e+00  7.500000000000001e-01  2.963401453674173e-03  4.171840810276103e-01 
 2.482800000000016e-08  1.207319688507825e+00  7.500000000000001e-01  2.963401453674173e-03  4.171840810276101e-01 
 2.492800000000016e-08  1.207319688507825e+00  7.500000000000001e-01  2.963401453674173e-03  4.171840810276100e-01 
 2.502800000000016e-08  1.207319688507825e+00  7.500000000000001e-01  2.963401453674173e-03  4.171840810276100e-01 
 2.512800000000016e-08  1.207319688507825e+00  7.500000000000001e-01  2.963401453674173e-03  4.171840810276102e-01 
 2.522800000000016e-08  1.207319688507825e+00  7.500000000000001e-01  2.963401453674173e-03  4.171840810276103e-01 
 2.532800000000017e-08  1.207319688507825e+00  7.500000000000001e-01  2.963401453674173e-03  4.171840810276102e-01 
 2.542800000000017e-08  1.207319688507825e+00  7.500000000000001e-01  2.963401453674173e-03  4.171840810276101e-01 
 2.552800000000017e-08  1.207319688507825e+00  7.500000000000001e-01  2.963401453674173e-03  4.171840810276103e-01 
 2.562800000000017e-08  1.207319688507825e+00  7.500000000000001e-01  2.963401453674173e-03  4.171840810276101e-01 
 2.572800000000017e-08  1.207319688507825e+00  7.500000000000001e-01  2.963401453674173e-03  4.171840810276100e-01 
 2.582800000000017e-08  1.207319688507825e+00  7.500000000000001e-01  2.963401453674173e-03  4.171840810276100e-01 
 2.592800000000017e-08  1.207319688507825e+00  7.500000000000001e-01  2.963401453674173e-03  4.171840810276102e-01 
 2.602800000000017e-08  1.207319688507825e+00  7.500000000000001e-01  2.963401453674173e-03  4.171840810276103e-01 
 2.612800000000017e-08  1.207319688507825e+00  7.500000000000001e-01  2.963401453674173e-03  4.171840810276102e-01 
 2.622800000000017e-08  1.207319688507825e+00  7.500000000000001e-01  2.963401453674173e-03  4.171840810276101e-01 
 2.632800000000017e-08  1.207319688507825e+00  7.500000000000001e-01  2.963401453674173e-03  4.171840810276103e-01 
 2.642800000000018e-08  1.207319688507825e+00  7.500000000000001e-01  2.963401453674173e-03  4.171840810276101e-01 
 2.652800000000018e-08  1.207319688507825e+00  7.500000000000001e-01  2.963401453674173e-03  4.171840810276100e-01 
 2.662800000000018e-08  1.207319688507825e+00  7.500000000000001e-01  2.963401453674173e-03  4.171840810276100e-01 
 2.672800000000018e-08  1.207319688507825e+00  7.500000000000001e-01  2.963401453674173e-03  4.171840810276102e-01 
 2.682800000000018e-08  1.207319688507825e+00  7.500000000000001e-01  2.963401453674173e-03  4.171840810276103e-01 
 2.692800000000018e-08  1.207319688507825e+00  7.500000000000001e-01  2.963401453674173e-03  4.171840810276102e-01 
 2.702800000000018e-08  1.207319688507825e+00  7.500000000000001e-01  2.963401453674173e-03  4.171840810276101e-01 
 2.712800000000018e-08  1.207319688507825e+00  7.500000000000001e-01  2.963401453674173e-03  4.171840810276103e-01 
 2.722800000000018e-08  1.207319688507825e+00  7.500000000000001e-01  2.963401453674173e-03  4.171840810276101e-01 
 2.732800000000018e-08  1.207319688507825e+00  7.500000000000001e-01  2.963401453674173e-03  4.171840810276100e-01 
 2.742800000000018e-08  1.207319688507825e+00  7.500000000000001e-01  2.963401453674173e-03  4.171840810276100e-01 
 2.752800000000019e-08  1.207319688507825e+00  7.500000000000001e-01  2.963401453674173e-03  4.171840810276102e-01 
 2.762800000000019e-08  1.207319688507825e+00  7.500000000000001e-01  2.963401453674173e-03  4.171840810276103e-01 
 2.772800000000019e-08  1.207319688507825e+00  7.500000000000001e-01  2.963401453674173e-03  4.171840810276102e-01 
 2.782800000000019e-08  1.207319688507825e+00  7.500000000000001e-01  2.963401453674173e-03  4.171840810276101e-01 
 2.792800000000019e-08  1.207319688507825e+00  7.500000000000001e-01  2.963401453674173e-03  4.171840810276103e-01 
 2.802800000000019e-08  1.207319688507825e+00  7.500000000000001e-01  2.963401453674173e-03  4.171840810276101e-01 
 2.812800000000019e-08  1.207319688507825e+00  7.500000000000001e-01  2.963401453674173e-03  4.171840810276100e-01 
 2.822800000000019e-08  1.207319688507825e+00  7.500000000000001e-01  2.963401453674173e-03  4.171840810276100e-01 
 2.832800000000019e-08  1.207319688507825e+00  7.500000000000001e-01  2.963401453674173e-03  4.171840810276102e-01 
 2.842800000000019e-08  1.207319688507825e+00  7.500000000000001e-01  2.963401453674173e-03  4.171840810276103e-01 
 2.852800000000019e-08  1.207319688507825e+00  7.500000000000001e-01  2.963401453674173e-03  4.171840810276102e-01 
 2.862800000000020e-08  1.207319688507825e+00  7.500000000000001e-01  2.963401453674173e-03  4.171840810276101e-01 
 2.872800000000020e-08  1.207319688507825e+00  7.500000000000001e-01  2.963401453674173e-03  4.171840810276103e-01 
 2.882800000000020e-08  1.207319688507825e+00  7.500000000000001e-01  2.963401453674173e-03  4.171840810276101e-01 
 2.892800000000020e-08  1.207319688507825e+00  7.500000000000001e-01  2.963401453674173e-03  4.171840810276100e-01 
 2.902800000000020e-08  1.207319688507825e+00  7.500000000000001e-01  2.963401453674173e-03  4.171840810276100e-01 
 2.912800000000020e-08  1.207319688507825e+00  7.500000000000001e-01  2.963401453674173e-03  4.171840810276102e-01 
 2.922800000000020e-08  1.207319688507825e+00  7.500000000000001e-01  2.963401453674173e-03  4.171840810276103e-01 
 2.932800000000020e-08  1.207319688507825e+00  7.500000000000001e-01  2.963401453674173e-03  4.171840810276102e-01 
 2.942800000000020e-08  1.207319688507825e+00  7.500000000000001e-01  2.963401453674173e-03  4.171840810276101e-01 
 2.952800000000020e-08  1.207319688507825e+00  7.500000000000001e-01  2.963401453674173e-03  4.171840810276103e-01 
 2.962800000000020e-08  1.207319688507825e+00  7.500000000000001e-01  2.963401453674173e-03  4.171840810276101e-01 
 2.972800000000021e-08  1.207319688507825e+00  7.500000000000001e-01  2.963401453674173e-03  4.171840810276100e-01 
 2.982800000000021e-08  1.207319688507825e+00  7.500000000000001e-01  2.963401453674173e-03  4.171840810276100e-01 
 2.992800000000021e-08  1.207319688507825e+00  7.500000000000001e-01  2.963401453674173e-03  4.171840810276102e-01 
 3.002800000000021e-08  1.207319688507825e+00  7.500000000000001e-01  2.963401453674173e-03  4.171840810276103e-01 
 3.012800000000021e-08  1.207319688507825e+00  7.500000000000001e-01  2.963401453674173e-03  4.171840810276102e-01 
 3.022800000000021e-08  1.207319688507825e+00  7.500000000000001e-01  2.963401453674173e-03  4.171840810276101e-01 
 3.032800000000021e-08  1.207319688507825e+00  7.500000000000001e-01  2.963401453674173e-03  4.171840810276103e-01 
 3.042800000000021e-08  1.207319688507825e+00  7.500000000000001e-01  2.963401453674173e-03  4.171840810276101e-01 
 3.052800000000021e-08  1.207319688507825e+00  7.500000000000001e-01  2.963401453674173e-03  4.171840810276100e-01 
 3.062800000000021e-08  1.207319688507825e+00  7.500000000000001e-01  2.963401453674173e-03  4.171840810276100e-01 
 3.072800000000021e-08  1.207319688507825e+00  7.500000000000001e-01  2.963401453674173e-03  4.171840810276102e-01 
 3.082800000000021e-08  1.207319688507825e+00  7.500000000000001e-01  2.963401453674173e-03  4.171840810276103e-01 
 3.092800000000022e-08  1.207319688507825e+00  7.500000000000001e-01  2.963401453674173e-03  4.171840810276102e-01 
 3.102800000000022e-08  1.207319688507825e+00  7.500000000000001e-01  2.963401453674173e-03  4.171840810276101e-01 
 3.112800000000022e-08  1.207319688507825e+00  7.500000000000001e-01  2.963401453674173e-03  4.171840810276103e-01 
 3.122800000000022e-08  1.207319688507825e+00  7.500000000000001e-01  2.963401453674173e-03  4.171840810276101e-01 
 3.132800000000022e-08  1.207319688507825e+00  7.500000000000001e-01  2.963401453674173e-03  4.171840810276100e-01 
 3.142800000000022e-08  1.207319688507825e+00  7.500000000000001e-01  2.963401453674173e-03  4.171840810276100e-01 
 3.152800000000022e-08  1.207319688507825e+00  7.500000000000001e-01  2.963401453674173e-03  4.171840810276102e-01 
 3.162800000000022e-08  1.207319688507825e+00  7.500000000000001e-01  2.963401453674173e-03  4.171840810276103e-01 
 3.172800000000022e-08  1.207319688507825e+00  7.500000000000001e-01  2.963401453674173e-03  4.171840810276102e-01 
 3.182800000000022e-08  1.207319688507825e+00  7.500000000000001e-01  2.963401453674173e-03  4.171840810276101e-01 
 3.192800000000022e-08  1.207319688507825e+00  7.500000000000001e-01  2.963401453674173e-03  4.171840810276103e-01 
 3.202800000000023e-08  1.207319688507825e+00  7.500000000000001e-01  2.963401453674173e-03  4.171840810276101e-01 
 3.212800000000023e-08  1.207319688507825e+00  7.500000000000001e-01  2.963401453674173e-03  4.171840810276100e-01 
 3.222800000000023e-08  1.207319688507825e+00  7.500000000000001e-01  2.963401453674173e-03  4.171840810276100e-01 
 3.232800000000023e-08  1.207319688507825e+00  7.500000000000001e-01  2.963401453674173e-03  4.171840810276102e-01 
 3.242800000000023e-08  1.207319688507825e+00  7.500000000000001e-01  2.963401453674173e-03  4.171840810276103e-01 
 3.252800000000023e-08  1.207319688507825e+00  7.500000000000001e-01  2.963401453674173e-03  4.171840810276102e-01 
 3.262800000000023e-08  1.207319688507825e+00  7.500000000000001e-01  2.963401453674173e-03  4.171840810276101e-01 
 3.272800000000023e-08  1.207319688507825e+00  7.500000000000001e-01  2.963401453674173e-03  4.171840810276103e-01 
 3.282800000000023e-08  1.207319688507825e+00  7.500000000000001e-01  2.963401453674173e-03  4.171840810276101e-01 
 3.292800000000023e-08  1.207319688507825e+00  7.500000000000001e-01  2.963401453674173e-03  4.171840810276100e-01 
 3.302800000000023e-08  1.207319688507825e+00  7.500000000000001e-01  2.963401453674173e-03  4.171840810276100e-01 
 3.312800000000024e-08  1.207319688507825e+00  7.500000000000001e-01  2.963401453674173e-03  4.171840810276102e-01 
 3.322800000000024e-08  1.207319688507825e+00  7.500000000000001e-01  2.963401453674173e-03  4.171840810276103e-01 
 3.332800000000024e-08  1.207319688507825e+00  7.500000000000001e-01  2.963401453674173e-03  4.171840810276102e-01 
 3.342800000000024e-08  1.207319688507825e+00  7.500000000000001e-01  2.963401453674173e-03  4.171840810276101e-01 
 3.352800000000024e-08  1.207319688507825e+00  7.500000000000001e-01  2.963401453674173e-03  4.171840810276103e-01 
 3.362800000000024e-08  1.207319688507825e+00  7.500000000000001e-01  2.963401453674173e-03  4.171840810276101e-01 
 3.372800000000024e-08  1.207319688507825e+00  7.500000000000001e-01  2.963401453674173e-03  4.171840810276100e-01 
 3.382800000000024e-08  1.207319688507825e+00  7.500000000000001e-01  2.963401453674173e-03  4.171840810276100e-01 
 3.392800000000024e-08  1.207319688507825e+00  7.500000000000001e-01  2.963401453674173e-03  4.171840810276102e-01 
 3.402800000000024e-08  1.207319688507825e+00  7.500000000000001e-01  2.963401453674173e-03  4.171840810276103e-01 
 3.412800000000024e-08  1.207319688507825e+00  7.500000000000001e-01  2.963401453674173e-03  4.171840810276102e-01 
 3.422800000000025e-08  1.207319688507825e+00  7.500000000000001e-01  2.963401453674173e-03  4.171840810276101e-01 
 3.432800000000025e-08  1.207319688507825e+00  7.500000000000001e-01  2.963401453674173e-03  4.171840810276103e-01 
 3.442800000000025e-08  1.207319688507825e+00  7.500000000000001e-01  2.963401453674173e-03  4.171840810276101e-01 
 3.452800000000025e-08  1.207319688507825e+00  7.500000000000001e-01  2.963401453674173e-03  4.171840810276100e-01 
 3.462800000000025e-08  1.207319688507825e+00  7.500000000000001e-01  2.963401453674173e-03  4.171840810276100e-01 
 3.472800000000025e-08  1.207319688507825e+00  7.500000000000001e-01  2.963401453674173e-03  4.171840810276102e-01 
 3.482800000000025e-08  1.207319688507825e+00  7.500000000000001e-01  2.963401453674173e-03  4.171840810276103e-01 
 3.492800000000025e-08  1.207319688507825e+00  7.500000000000001e-01  2.963401453674173e-03  4.171840810276102e-01 
 3.502800000000025e-08  1.207319688507825e+00  7.500000000000001e-01  2.963401453674173e-03  4.171840810276101e-01 
 3.512800000000025e-08  1.207319688507825e+00  7.500000000000001e-01  2.963401453674173e-03  4.171840810276103e-01 
 3.522800000000025e-08  1.207319688507825e+00  7.500000000000001e-01  2.963401453674173e-03  4.171840810276101e-01 
 3.532800000000026e-08  1.207319688507825e+00  7.500000000000001e-01  2.963401453674173e-03  4.171840810276100e-01 
 3.542800000000026e-08  1.207319688507825e+00  7.500000000000001e-01  2.963401453674173e-03  4.171840810276100e-01 
 3.552800000000026e-08  1.207319688507825e+00  7.500000000000001e-01  2.963401453674173e-03  4.171840810276100e-01 
 3.562800000000026e-08  1.207319688507825e+00  7.500000000000001e-01  2.963401453674173e-03  4.171840810276102e-01 
 3.572800000000026e-08  1.207319688507825e+00  7.500000000000001e-01  2.963401453674173e-03  4.171840810276106e-01 
 3.582800000000026e-08  1.207319688507825e+00  7.500000000000001e-01  2.963401453674173e-03  4.171840810276100e-01 
 3.592800000000026e-08  1.207319688507825e+00  7.500000000000001e-01  2.963401453674173e-03  4.171840810276101e-01 
 3.602800000000026e-08  1.207319688507825e+00  7.500000000000001e-01  2.963401453674173e-03  4.171840810276103e-01 
 3.612800000000026e-08  1.207319688507825e+00  7.500000000000001e-01  2.963401453674173e-03  4.171840810276100e-01 
 3.622800000000026e-08  1.207319688507825e+00  7.500000000000001e-01  2.963401453674173e-03  4.171840810276100e-01 
 3.632800000000026e-08  1.207319688507825e+00  7.500000000000001e-01  2.963401453674173e-03  4.171840810276100e-01 
 3.642800000000027e-08  1.207319688507825e+00  7.500000000000001e-01  2.963401453674173e-03  4.171840810276102e-01 
 3.652800000000027e-08  1.207319688507825e+00  7.500000000000001e-01  2.963401453674173e-03  4.171840810276103e-01 
 3.662800000000027e-08  1.207319688507825e+00  7.500000000000001e-01  2.963401453674173e-03  4.171840810276100e-01 
 3.672800000000027e-08  1.207319688507825e+00  7.500000000000001e-01  2.963401453674173e-03  4.171840810276100e-01 
 3.682800000000027e-08  1.207319688507825e+00  7.500000000000001e-01  2.963401453674173e-03  4.171840810276102e-01 
 3.692800000000027e-08  1.207319688507825e+00  7.500000000000001e-01  2.963401453674173e-03  4.171840810276103e-01 
 3.702800000000027e-08  1.207319688507825e+00  7.500000000000001e-01  2.963401453674173e-03  4.171840810276100e-01 
 3.712800000000027e-08  1.207319688507825e+00  7.500000000000001e-01  2.963401453674173e-03  4.171840810276100e-01 
 3.722800000000027e-08  1.207319688507825e+00  7.500000000000001e-01  2.963401453674173e-03  4.171840810276102e-01 
 3.732800000000027e-08  1.207319688507825e+00  7.500000000000001e-01  2.963401453674173e-03  4.171840810276103e-01 
 3.742800000000027e-08  1.207319688507825e+00  7.500000000000001e-01  2.963401453674173e-03  4.171840810276102e-01 
 3.752800000000027e-08  1.207319688507825e+00  7.500000000000001e-01  2.963401453674173e-03  4.171840810276101e-01 
 3.762800000000028e-08  1.207319688507825e+00  7.500000000000001e-01  2.963401453674173e-03  4.171840810276103e-01 
 3.772800000000028e-08  1.207319688507825e+00  7.500000000000001e-01  2.963401453674173e-03  4.171840810276101e-01 
 3.782800000000028e-08  1.207319688507825e+00  7.500000000000001e-01  2.963401453674173e-03  4.171840810276100e-01 
 3.792800000000028e-08  1.207319688507825e+00  7.500000000000001e-01  2.963401453674173e-03  4.171840810276100e-01 
 3.802800000000028e-08  1.207319688507825e+00  7.500000000000001e-01  2.963401453674173e-03  4.171840810276102e-01 
 3.812800000000028e-08  1.207319688507825e+00  7.500000000000001e-01  2.963401453674173e-03  4.171840810276103e-01 
 3.822800000000028e-08  1.207319688507825e+00  7.500000000000001e-01  2.963401453674173e-03  4.171840810276102e-01 
 3.832800000000028e-08  1.207319688507825e+00  7.500000000000001e-01  2.963401453674173e-03  4.171840810276101e-01 
 3.842800000000028e-08  1.207319688507825e+00  7.500000000000001e-01  2.963401453674173e-03  4.171840810276103e-01 
 3.852800000000028e-08  1.207319688507825e+00  7.500000000000001e-01  2.963401453674173e-03  4.171840810276101e-01 
 3.862800000000028e-08  1.207319688507825e+00  7.500000000000001e-01  2.963401453674173e-03  4.171840810276100e-01 
 3.872800000000029e-08  1.207319688507825e+00  7.500000000000001e-01  2.963401453674173e-03  4.171840810276100e-01 
 3.882800000000029e-08  1.207319688507825e+00  7.500000000000001e-01  2.963401453674173e-03  4.171840810276102e-01 
 3.892800000000029e-08  1.207319688507825e+00  7.500000000000001e-01  2.963401453674173e-03  4.171840810276103e-01 
 3.902800000000029e-08  1.207319688507825e+00  7.500000000000001e-01  2.963401453674173e-03  4.171840810276102e-01 
 3.912800000000029e-08  1.207319688507825e+00  7.500000000000001e-01  2.963401453674173e-03  4.171840810276101e-01 
 3.922800000000029e-08  1.207319688507825e+00  7.500000000000001e-01  2.963401453674173e-03  4.171840810276103e-01 
 3.932800000000029e-08  1.207319688507825e+00  7.500000000000001e-01  2.963401453674173e-03  4.171840810276101e-01 
 3.942800000000029e-08  1.207319688507825e+00  7.500000000000001e-01  2.963401453674173e-03  4.171840810276100e-01 
 3.952800000000029e-08  1.207319688507825e+00  7.500000000000001e-01  2.963401453674173e-03  4.171840810276100e-01 
 3.962800000000029e-08  1.207319688507825e+00  7.500000000000001e-01  2.963401453674173e-03  4.171840810276102e-01 
 3.972800000000029e-08  1.207319688507825e+00  7.500000000000001e-01  2.963401453674173e-03  4.171840810276103e-01 
 3.982800000000030e-08  1.207319688507825e+00  7.500000000000001e-01  2.963401453674173e-03  4.171840810276102e-01 
 3.992800000000030e-08  1.207319688507825e+00  7.500000000000001e-01  2.963401453674173e-03  4.171840810276101e-01 
 4.002800000000030e-08  1.207319688507825e+00  7.500000000000001e-01  2.963401453674173e-03  4.171840810276103e-01 
 4.012800000000030e-08  1.207319688507825e+00  7.500000000000001e-01  2.963401453674173e-03  4.171840810276101e-01 
 4.022800000000030e-08  1.207319688507825e+00  7.500000000000001e-01  2.963401453674173e-03  4.171840810276100e-01 
 4.032800000000030e-08  1.207319688507825e+00  7.500000000000001e-01  2.963401453674173e-03  4.171840810276100e-01 
 4.042800000000030e-08  1.207319688507825e+00  7.500000000000001e-01  2.963401453674173e-03  4.171840810276102e-01 
 4.052800000000030e-08  1.207319688507825e+00  7.500000000000001e-01  2.963401453674173e-03  4.171840810276103e-01 
 4.062800000000030e-08  1.207319688507825e+00  7.500000000000001e-01  2.963401453674173e-03  4.171840810276102e-01 
 4.072800000000030e-08  1.207319688507825e+00  7.500000000000001e-01  2.963401453674173e-03  4.171840810276101e-01 
 4.082800000000030e-08  1.207319688507825e+00  7.500000000000001e-01  2.963401453674173e-03  4.171840810276103e-01 
 4.092800000000031e-08  1.207319688507825e+00  7.500000000000001e-01  2.963401453674173e-03  4.171840810276101e-01 
 4.102800000000031e-08  1.207319688507825e+00  7.500000000000001e-01  2.963401453674173e-03  4.171840810276100e-01 
 4.112800000000031e-08  1.207319688507825e+00  7.500000000000001e-01  2.963401453674173e-03  4.171840810276100e-01 
 4.122800000000031e-08  1.207319688507825e+00  7.500000000000001e-01  2.963401453674173e-03  4.171840810276102e-01 
 4.132800000000031e-08  1.207319688507825e+00  7.500000000000001e-01  2.963401453674173e-03  4.171840810276103e-01 
 4.142800000000031e-08  1.207319688507825e+00  7.500000000000001e-01  2.963401453674173e-03  4.171840810276102e-01 
 4.152800000000031e-08  1.207319688507825e+00  7.500000000000001e-01  2.963401453674173e-03  4.171840810276101e-01 
 4.162800000000031e-08  1.207319688507825e+00  7.500000000000001e-01  2.963401453674173e-03  4.171840810276103e-01 
 4.172800000000031e-08  1.207319688507825e+00  7.500000000000001e-01  2.963401453674173e-03  4.171840810276101e-01 
 4.182800000000031e-08  1.207319688507825e+00  7.500000000000001e-01  2.963401453674173e-03  4.171840810276100e-01 
 4.192800000000031e-08  1.207319688507825e+00  7.500000000000001e-01  2.963401453674173e-03  4.171840810276100e-01 
 4.202800000000032e-08  1.207319688507825e+00  7.500000000000001e-01  2.963401453674173e-03  4.171840810276102e-01 
 4.212800000000032e-08  1.207319688507825e+00  7.500000000000001e-01  2.963401453674173e-03  4.171840810276103e-01 
 4.222800000000032e-08  1.207319688507825e+00  7.500000000000001e-01  2.963401453674173e-03  4.171840810276102e-01 
 4.232800000000032e-08  1.207319688507825e+00  7.500000000000001e-01  2.963401453674173e-03  4.171840810276101e-01 
 4.242800000000032e-08  1.207319688507825e+00  7.500000000000001e-01  2.963401453674173e-03  4.171840810276103e-01 
 4.252800000000032e-08  1.207319688507825e+00  7.500000000000001e-01  2.963401453674173e-03  4.171840810276101e-01 
 4.262800000000032e-08  1.207319688507825e+00  7.500000000000001e-01  2.963401453674173e-03  4.171840810276100e-01 
 4.272800000000032e-08  1.207319688507825e+00  7.500000000000001e-01  2.963401453674173e-03  4.171840810276100e-01 
 4.282800000000032e-08  1.207319688507825e+00  7.500000000000001e-01  2.963401453674173e-03  4.171840810276102e-01 
 4.292800000000032e-08  1.207319688507825e+00  7.500000000000001e-01  2.963401453674173e-03  4.171840810276103e-01 
 4.302800000000032e-08  1.207319688507825e+00  7.500000000000001e-01  2.963401453674173e-03  4.171840810276102e-01 
 4.312800000000033e-08  1.207319688507825e+00  7.500000000000001e-01  2.963401453674173e-03  4.171840810276101e-01 
 4.322800000000033e-08  1.207319688507825e+00  7.500000000000001e-01  2.963401453674173e-03  4.171840810276103e-01 
 4.332800000000033e-08  1.207319688507825e+00  7.500000000000001e-01  2.963401453674173e-03  4.171840810276101e-01 
 4.342800000000033e-08  1.207319688507825e+00  7.500000000000001e-01  2.963401453674173e-03  4.171840810276100e-01 
 4.352800000000033e-08  1.207319688507825e+00  7.500000000000001e-01  2.963401453674173e-03  4.171840810276100e-01 
 4.362800000000033e-08  1.207319688507825e+00  7.500000000000001e-01  2.963401453674173e-03  4.171840810276102e-01 
 4.372800000000033e-08  1.207319688507825e+00  7.500000000000001e-01  2.963401453674173e-03  4.171840810276103e-01 
 4.382800000000033e-08  1.207319688507825e+00  7.500000000000001e-01  2.963401453674173e-03  4.171840810276102e-01 
 4.392800000000033e-08  1.207319688507825e+00  7.500000000000001e-01  2.963401453674173e-03  4.171840810276101e-01 
 4.402800000000033e-08  1.207319688507825e+00  7.500000000000001e-01  2.963401453674173e-03  4.171840810276103e-01 
 4.412800000000033e-08  1.207319688507825e+00  7.500000000000001e-01  2.963401453674173e-03  4.171840810276101e-01 
 4.422800000000033e-08  1.207319688507825e+00  7.500000000000001e-01  2.963401453674173e-03  4.171840810276100e-01 
 4.432800000000034e-08  1.207319688507825e+00  7.500000000000001e-01  2.963401453674173e-03  4.171840810276100e-01 
 4.442800000000034e-08  1.207319688507825e+00  7.500000000000001e-01  2.963401453674173e-03  4.171840810276102e-01 
 4.452800000000034e-08  1.207319688507825e+00  7.500000000000001e-01  2.963401453674173e-03  4.171840810276103e-01 
 4.462800000000034e-08  1.207319688507825e+00  7.500000000000001e-01  2.963401453674173e-03  4.171840810276102e-01 
 4.472800000000034e-08  1.207319688507825e+00  7.500000000000001e-01  2.963401453674173e-03  4.171840810276101e-01 
 4.482800000000034e-08  1.207319688507825e+00  7.500000000000001e-01  2.963401453674173e-03  4.171840810276103e-01 
 4.492800000000034e-08  1.207319688507825e+00  7.500000000000001e-01  2.963401453674173e-03  4.171840810276101e-01 
 4.502800000000034e-08  1.207319688507825e+00  7.500000000000001e-01  2.963401453674173e-03  4.171840810276100e-01 
 4.512800000000034e-08  1.207319688507825e+00  7.500000000000001e-01  2.963401453674173e-03  4.171840810276100e-01 
 4.522800000000034e-08  1.207319688507825e+00  7.500000000000001e-01  2.963401453674173e-03  4.171840810276102e-01 
 4.532800000000034e-08  1.207319688507825e+00  7.500000000000001e-01  2.963401453674173e-03  4.171840810276103e-01 
 4.542800000000035e-08  1.207319688507825e+00  7.500000000000001e-01  2.963401453674173e-03  4.171840810276102e-01 
 4.552800000000035e-08  1.207319688507825e+00  7.500000000000001e-01  2.963401453674173e-03  4.171840810276101e-01 
 4.562800000000035e-08  1.207319688507825e+00  7.500000000000001e-01  2.963401453674173e-03  4.171840810276103e-01 
 4.572800000000035e-08  1.207319688507825e+00  7.500000000000001e-01  2.963401453674173e-03  4.171840810276101e-01 
 4.582800000000035e-08  1.207319688507825e+00  7.500000000000001e-01  2.963401453674173e-03  4.171840810276100e-01 
 4.592800000000035e-08  1.207319688507825e+00  7.500000000000001e-01  2.963401453674173e-03  4.171840810276100e-01 
 4.602800000000035e-08  1.207319688507825e+00  7.500000000000001e-01  2.963401453674173e-03  4.171840810276102e-01 
 4.612800000000035e-08  1.207319688507825e+00  7.500000000000001e-01  2.963401453674173e-03  4.171840810276103e-01 
 4.622800000000035e-08  1.207319688507825e+00  7.500000000000001e-01  2.963401453674173e-03  4.171840810276102e-01 
 4.632800000000035e-08  1.207319688507825e+00  7.500000000000001e-01  2.963401453674173e-03  4.171840810276101e-01 
 4.642800000000035e-08  1.207319688507825e+00  7.500000000000001e-01  2.963401453674173e-03  4.171840810276103e-01 
 4.652800000000036e-08  1.207319688507825e+00  7.500000000000001e-01  2.963401453674173e-03  4.171840810276101e-01 
 4.662800000000036e-08  1.207319688507825e+00  7.500000000000001e-01  2.963401453674173e-03  4.171840810276100e-01 
 4.672800000000036e-08  1.207319688507825e+00  7.500000000000001e-01  2.963401453674173e-03  4.171840810276100e-01 
 4.682800000000036e-08  1.207319688507825e+00  7.500000000000001e-01  2.963401453674173e-03  4.171840810276102e-01 
 4.692800000000036e-08  1.207319688507825e+00  7.500000000000001e-01  2.963401453674173e-03  4.171840810276103e-01 
 4.702800000000036e-08  1.207319688507825e+00  7.500000000000001e-01  2.963401453674173e-03  4.171840810276102e-01 
 4.712800000000036e-08  1.207319688507825e+00  7.500000000000001e-01  2.963401453674173e-03  4.171840810276101e-01 
 4.722800000000036e-08  1.207319688507825e+00  7.500000000000001e-01  2.963401453674173e-03  4.171840810276103e-01 
 4.732800000000036e-08  1.207319688507825e+00  7.500000000000001e-01  2.963401453674173e-03  4.171840810276101e-01 
 4.742800000000036e-08  1.207319688507825e+00  7.500000000000001e-01  2.963401453674173e-03  4.171840810276100e-01 
 4.752800000000036e-08  1.207319688507825e+00  7.500000000000001e-01  2.963401453674173e-03  4.171840810276100e-01 
 4.762800000000037e-08  1.207319688507825e+00  7.500000000000001e-01  2.963401453674173e-03  4.171840810276102e-01 
 4.772800000000037e-08  1.207319688507825e+00  7.500000000000001e-01  2.963401453674173e-03  4.171840810276103e-01 
 4.782800000000037e-08  1.207319688507825e+00  7.500000000000001e-01  2.963401453674173e-03  4.171840810276102e-01 
 4.792800000000037e-08  1.207319688507825e+00  7.500000000000001e-01  2.963401453674173e-03  4.171840810276101e-01 
 4.802800000000037e-08  1.207319688507825e+00  7.500000000000001e-01  2.963401453674173e-03  4.171840810276103e-01 
 4.812800000000037e-08  1.207319688507825e+00  7.500000000000001e-01  2.963401453674173e-03  4.171840810276101e-01 
 4.822800000000037e-08  1.207319688507825e+00  7.500000000000001e-01  2.963401453674173e-03  4.171840810276100e-01 
 4.832800000000037e-08  1.207319688507825e+00  7.500000000000001e-01  2.963401453674173e-03  4.171840810276100e-01 
 4.842800000000037e-08  1.207319688507825e+00  7.500000000000001e-01  2.963401453674173e-03  4.171840810276102e-01 
 4.852800000000037e-08  1.207319688507825e+00  7.500000000000001e-01  2.963401453674173e-03  4.171840810276103e-01 
 4.862800000000037e-08  1.207319688507825e+00  7.500000000000001e-01  2.963401453674173e-03  4.171840810276102e-01 
 4.872800000000038e-08  1.207319688507825e+00  7.500000000000001e-01  2.963401453674173e-03  4.171840810276101e-01 
 4.882800000000038e-08  1.207319688507825e+00  7.500000000000001e-01  2.963401453674173e-03  4.171840810276103e-01 
 4.892800000000038e-08  1.207319688507825e+00  7.500000000000001e-01  2.963401453674173e-03  4.171840810276101e-01 
 4.902800000000038e-08  1.207319688507825e+00  7.500000000000001e-01  2.963401453674173e-03  4.171840810276100e-01 
 4.912800000000038e-08  1.207319688507825e+00  7.500000000000001e-01  2.963401453674173e-03  4.171840810276100e-01 
 4.922800000000038e-08  1.207319688507825e+00  7.500000000000001e-01  2.963401453674173e-03  4.171840810276100e-01 
 4.932800000000038e-08  1.207319688507825e+00  7.500000000000001e-01  2.963401453674173e-03  4.171840810276102e-01 
 4.942800000000038e-08  1.207319688507825e+00  7.500000000000001e-01  2.963401453674173e-03  4.171840810276106e-01 
 4.952800000000038e-08  1.207319688507825e+00  7.500000000000001e-01  2.963401453674173e-03  4.171840810276100e-01 
 4.962800000000038e-08  1.207319688507825e+00  7.500000000000001e-01  2.963401453674173e-03  4.171840810276101e-01 
 4.972800000000038e-08  1.207319688507825e+00  7.500000000000001e-01  2.963401453674173e-03  4.171840810276103e-01 
 4.982800000000039e-08  1.207319688507825e+00  7.500000000000001e-01  2.963401453674173e-03  4.171840810276100e-01 
 4.992800000000039e-08  1.207319688507825e+00  7.500000000000001e-01  2.963401453674173e-03  4.171840810276100e-01 
 5.002800000000039e-08  1.207319688507825e+00  7.500000000000001e-01  2.963401453674173e-03  4.171840810276100e-01 
 5.012800000000039e-08  1.207319688507825e+00  7.500000000000001e-01  2.963401453674173e-03  4.171840810276102e-01 
 5.022800000000039e-08  1.207319688507825e+00  7.500000000000001e-01  2.963401453674173e-03  4.171840810276103e-01 
 5.032800000000039e-08  1.207319688507825e+00  7.500000000000001e-01  2.963401453674173e-03  4.171840810276100e-01 
 5.042800000000039e-08  1.207319688507825e+00  7.500000000000001e-01  2.963401453674173e-03  4.171840810276100e-01 
 5.052800000000039e-08  1.207319688507825e+00  7.500000000000001e-01  2.963401453674173e-03  4.171840810276102e-01 
 5.062800000000039e-08  1.207319688507825e+00  7.500000000000001e-01  2.963401453674173e-03  4.171840810276103e-01 
 5.072800000000039e-08  1.207319688507825e+00  7.500000000000001e-01  2.963401453674173e-03  4.171840810276102e-01 
 5.082800000000039e-08  1.207319688507825e+00  7.500000000000001e-01  2.963401453674173e-03  4.171840810276101e-01 
 5.092800000000039e-08  1.207319688507825e+00  7.500000000000001e-01  2.963401453674173e-03  4.171840810276103e-01 
 5.102800000000040e-08  1.207319688507825e+00  7.500000000000001e-01  2.963401453674173e-03  4.171840810276101e-01 
 5.112800000000040e-08  1.207319688507825e+00  7.500000000000001e-01  2.963401453674173e-03  4.171840810276100e-01 
 5.122800000000040e-08  1.207319688507825e+00  7.500000000000001e-01  2.963401453674173e-03  4.171840810276100e-01 
 5.132800000000040e-08  1.207319688507825e+00  7.500000000000001e-01  2.963401453674173e-03  4.171840810276102e-01 
 5.142800000000040e-08  1.207319688507825e+00  7.500000000000001e-01  2.963401453674173e-03  4.171840810276103e-01 
 5.152800000000040e-08  1.207319688507825e+00  7.500000000000001e-01  2.963401453674173e-03  4.171840810276102e-01 
 5.162800000000040e-08  1.207319688507825e+00  7.500000000000001e-01  2.963401453674173e-03  4.171840810276101e-01 
 5.172800000000040e-08  1.207319688507825e+00  7.500000000000001e-01  2.963401453674173e-03  4.171840810276103e-01 
 5.182800000000040e-08  1.207319688507825e+00  7.500000000000001e-01  2.963401453674173e-03  4.171840810276101e-01 
 5.192800000000040e-08  1.207319688507825e+00  7.500000000000001e-01  2.963401453674173e-03  4.171840810276100e-01 
 5.202800000000040e-08  1.207319688507825e+00  7.500000000000001e-01  2.963401453674173e-03  4.171840810276100e-01 
 5.212800000000041e-08  1.207319688507825e+00  7.500000000000001e-01  2.963401453674173e-03  4.171840810276102e-01 
 5.222800000000041e-08  1.207319688507825e+00  7.500000000000001e-01  2.963401453674173e-03  4.171840810276103e-01 
 5.232800000000041e-08  1.207319688507825e+00  7.500000000000001e-01  2.963401453674173e-03  4.171840810276102e-01 
 5.242800000000041e-08  1.207319688507825e+00  7.500000000000001e-01  2.963401453674173e-03  4.171840810276101e-01 
 5.252800000000041e-08  1.207319688507825e+00  7.500000000000001e-01  2.963401453674173e-03  4.171840810276103e-01 
 5.262800000000041e-08  1.207319688507825e+00  7.500000000000001e-01  2.963401453674173e-03  4.171840810276101e-01 
 5.272800000000041e-08  1.207319688507825e+00  7.500000000000001e-01  2.963401453674173e-03  4.171840810276100e-01 
 5.282800000000041e-08  1.207319688507825e+00  7.500000000000001e-01  2.963401453674173e-03  4.171840810276100e-01 
 5.292800000000041e-08  1.207319688507825e+00  7.500000000000001e-01  2.963401453674173e-03  4.171840810276102e-01 
 5.302800000000041e-08  1.207319688507825e+00  7.500000000000001e-01  2.963401453674173e-03  4.171840810276103e-01 
 5.312800000000041e-08  1.207319688507825e+00  7.500000000000001e-01  2.963401453674173e-03  4.171840810276102e-01 
 5.322800000000042e-08  1.207319688507825e+00  7.500000000000001e-01  2.963401453674173e-03  4.171840810276101e-01 
 5.332800000000042e-08  1.207319688507825e+00  7.500000000000001e-01  2.963401453674173e-03  4.171840810276103e-01 
 5.342800000000042e-08  1.207319688507825e+00  7.500000000000001e-01  2.963401453674173e-03  4.171840810276101e-01 
 5.352800000000042e-08  1.207319688507825e+00  7.500000000000001e-01  2.963401453674173e-03  4.171840810276100e-01 
 5.362800000000042e-08  1.207319688507825e+00  7.500000000000001e-01  2.963401453674173e-03  4.171840810276100e-01 
 5.372800000000042e-08  1.207319688507825e+00  7.500000000000001e-01  2.963401453674173e-03  4.171840810276102e-01 
 5.382800000000042e-08  1.207319688507825e+00  7.500000000000001e-01  2.963401453674173e-03  4.171840810276103e-01 
 5.392800000000042e-08  1.207319688507825e+00  7.500000000000001e-01  2.963401453674173e-03  4.171840810276102e-01 
 5.402800000000042e-08  1.207319688507825e+00  7.500000000000001e-01  2.963401453674173e-03  4.171840810276101e-01 
 5.412800000000042e-08  1.207319688507825e+00  7.500000000000001e-01  2.963401453674173e-03  4.171840810276103e-01 
 5.422800000000042e-08  1.207319688507825e+00  7.500000000000001e-01  2.963401453674173e-03  4.171840810276101e-01 
 5.432800000000043e-08  1.207319688507825e+00  7.500000000000001e-01  2.963401453674173e-03  4.171840810276100e-01 
 5.442800000000043e-08  1.207319688507825e+00  7.500000000000001e-01  2.963401453674173e-03  4.171840810276100e-01 
 5.452800000000043e-08  1.207319688507825e+00  7.500000000000001e-01  2.963401453674173e-03  4.171840810276102e-01 
 5.462800000000043e-08  1.207319688507825e+00  7.500000000000001e-01  2.963401453674173e-03  4.171840810276103e-01 
 5.472800000000043e-08  1.207319688507825e+00  7.500000000000001e-01  2.963401453674173e-03  4.171840810276102e-01 
 5.482800000000043e-08  1.207319688507825e+00  7.500000000000001e-01  2.963401453674173e-03  4.171840810276101e-01 
 5.492800000000043e-08  1.207319688507825e+00  7.500000000000001e-01  2.963401453674173e-03  4.171840810276103e-01 
 5.502800000000043e-08  1.207319688507825e+00  7.500000000000001e-01  2.963401453674173e-03  4.171840810276101e-01 
 5.512800000000043e-08  1.207319688507825e+00  7.500000000000001e-01  2.963401453674173e-03  4.171840810276100e-01 
 5.522800000000043e-08  1.207319688507825e+00  7.500000000000001e-01  2.963401453674173e-03  4.171840810276100e-01 
 5.532800000000043e-08  1.207319688507825e+00  7.500000000000001e-01  2.963401453674173e-03  4.171840810276102e-01 
 5.542800000000044e-08  1.207319688507825e+00  7.500000000000001e-01  2.963401453674173e-03  4.171840810276103e-01 
 5.552800000000044e-08  1.207319688507825e+00  7.500000000000001e-01  2.963401453674173e-03  4.171840810276102e-01 
 5.562800000000044e-08  1.207319688507825e+00  7.500000000000001e-01  2.963401453674173e-03  4.171840810276101e-01 
 5.572800000000044e-08  1.207319688507825e+00  7.500000000000001e-01  2.963401453674173e-03  4.171840810276103e-01 
 5.582800000000044e-08  1.207319688507825e+00  7.500000000000001e-01  2.963401453674173e-03  4.171840810276101e-01 
 5.592800000000044e-08  1.207319688507825e+00  7.500000000000001e-01  2.963401453674173e-03  4.171840810276100e-01 
 5.602800000000044e-08  1.207319688507825e+00  7.500000000000001e-01  2.963401453674173e-03  4.171840810276100e-01 
 5.612800000000044e-08  1.207319688507825e+00  7.500000000000001e-01  2.963401453674173e-03  4.171840810276102e-01 
 5.622800000000044e-08  1.207319688507825e+00  7.500000000000001e-01  2.963401453674173e-03  4.171840810276103e-01 
 5.632800000000044e-08  1.207319688507825e+00  7.500000000000001e-01  2.963401453674173e-03  4.171840810276102e-01 
 5.642800000000044e-08  1.207319688507825e+00  7.500000000000001e-01  2.963401453674173e-03  4.171840810276101e-01 
 5.652800000000045e-08  1.207319688507825e+00  7.500000000000001e-01  2.963401453674173e-03  4.171840810276103e-01 
 5.662800000000045e-08  1.207319688507825e+00  7.500000000000001e-01  2.963401453674173e-03  4.171840810276101e-01 
 5.672800000000045e-08  1.207319688507825e+00  7.500000000000001e-01  2.963401453674173e-03  4.171840810276100e-01 
 5.682800000000045e-08  1.207319688507825e+00  7.500000000000001e-01  2.963401453674173e-03  4.171840810276100e-01 
 5.692800000000045e-08  1.207319688507825e+00  7.500000000000001e-01  2.963401453674173e-03  4.171840810276102e-01 
 5.702800000000045e-08  1.207319688507825e+00  7.500000000000001e-01  2.963401453674173e-03  4.171840810276103e-01 
 5.712800000000045e-08  1.207319688507825e+00  7.500000000000001e-01  2.963401453674173e-03  4.171840810276102e-01 
 5.722800000000045e-08  1.207319688507825e+00  7.500000000000001e-01  2.963401453674173e-03  4.171840810276101e-01 
 5.732800000000045e-08  1.207319688507825e+00  7.500000000000001e-01  2.963401453674173e-03  4.171840810276103e-01 
 5.742800000000045e-08  1.207319688507825e+00  7.500000000000001e-01  2.963401453674173e-03  4.171840810276101e-01 
 5.752800000000045e-08  1.207319688507825e+00  7.500000000000001e-01  2.963401453674173e-03  4.171840810276100e-01 
 5.762800000000045e-08  1.207319688507825e+00  7.500000000000001e-01  2.963401453674173e-03  4.171840810276100e-01 
 5.772800000000046e-08  1.207319688507825e+00  7.500000000000001e-01  2.963401453674173e-03  4.171840810276102e-01 
 5.782800000000046e-08  1.207319688507825e+00  7.500000000000001e-01  2.963401453674173e-03  4.171840810276103e-01 
 5.792800000000046e-08  1.207319688507825e+00  7.500000000000001e-01  2.963401453674173e-03  4.171840810276102e-01 
 5.802800000000046e-08  1.207319688507825e+00  7.500000000000001e-01  2.963401453674173e-03  4.171840810276101e-01 
 5.812800000000046e-08  1.207319688507825e+00  7.500000000000001e-01  2.963401453674173e-03  4.171840810276103e-01 
 5.822800000000046e-08  1.207319688507825e+00  7.500000000000001e-01  2.963401453674173e-03  4.171840810276101e-01 
 5.832800000000046e-08  1.207319688507825e+00  7.500000000000001e-01  2.963401453674173e-03  4.171840810276100e-01 
 5.842800000000046e-08  1.207319688507825e+00  7.500000000000001e-01  2.963401453674173e-03  4.171840810276100e-01 
 5.852800000000046e-08  1.207319688507825e+00  7.500000000000001e-01  2.963401453674173e-03  4.171840810276102e-01 
 5.862800000000046e-08  1.207319688507825e+00  7.500000000000001e-01  2.963401453674173e-03  4.171840810276103e-01 
 5.872800000000046e-08  1.207319688507825e+00  7.500000000000001e-01  2.963401453674173e-03  4.171840810276102e-01 
 5.882800000000047e-08  1.207319688507825e+00  7.500000000000001e-01  2.963401453674173e-03  4.171840810276101e-01 
 5.892800000000047e-08  1.207319688507825e+00  7.500000000000001e-01  2.963401453674173e-03  4.171840810276103e-01 
 5.902800000000047e-08  1.207319688507825e+00  7.500000000000001e-01  2.963401453674173e-03  4.171840810276101e-01 
 5.912800000000047e-08  1.207319688507825e+00  7.500000000000001e-01  2.963401453674173e-03  4.171840810276100e-01 
 5.922800000000047e-08  1.207319688507825e+00  7.500000000000001e-01  2.963401453674173e-03  4.171840810276100e-01 
 5.932800000000047e-08  1.207319688507825e+00  7.500000000000001e-01  2.963401453674173e-03  4.171840810276102e-01 
 5.942800000000047e-08  1.207319688507825e+00  7.500000000000001e-01  2.963401453674173e-03  4.171840810276103e-01 
 5.952800000000047e-08  1.207319688507825e+00  7.500000000000001e-01  2.963401453674173e-03  4.171840810276102e-01 
 5.962800000000047e-08  1.207319688507825e+00  7.500000000000001e-01  2.963401453674173e-03  4.171840810276101e-01 
 5.972800000000047e-08  1.207319688507825e+00  7.500000000000001e-01  2.963401453674173e-03  4.171840810276103e-01 
 5.982800000000046e-08  1.207319688507825e+00  7.500000000000001e-01  2.963401453674173e-03  4.171840810276101e-01 
 5.992800000000046e-08  1.207319688507825e+00  7.500000000000001e-01  2.963401453674173e-03  4.171840810276100e-01 
 6.002800000000045e-08  1.207319688507825e+00  7.500000000000001e-01  2.963401453674173e-03  4.171840810276100e-01 
 6.012800000000044e-08  1.207319688507825e+00  7.500000000000001e-01  2.963401453674173e-03  4.171840810276102e-01 
 6.022800000000044e-08  1.207319688507825e+00  7.500000000000001e-01  2.963401453674173e-03  4.171840810276103e-01 
 6.032800000000043e-08  1.207319688507825e+00  7.500000000000001e-01  2.963401453674173e-03  4.171840810276102e-01 
 6.042800000000043e-08  1.207319688507825e+00  7.500000000000001e-01  2.963401453674173e-03  4.171840810276101e-01 
 6.052800000000042e-08  1.207319688507825e+00  7.500000000000001e-01  2.963401453674173e-03  4.171840810276103e-01 
 6.062800000000042e-08  1.207319688507825e+00  7.500000000000001e-01  2.963401453674173e-03  4.171840810276101e-01 
 6.072800000000041e-08  1.207319688507825e+00  7.500000000000001e-01  2.963401453674173e-03  4.171840810276100e-01 
 6.082800000000040e-08  1.207319688507825e+00  7.500000000000001e-01  2.963401453674173e-03  4.171840810276100e-01 
 6.092800000000040e-08  1.207319688507825e+00  7.500000000000001e-01  2.963401453674173e-03  4.171840810276102e-01 
 6.102800000000039e-08  1.207319688507825e+00  7.500000000000001e-01  2.963401453674173e-03  4.171840810276103e-01 
 6.112800000000039e-08  1.207319688507825e+00  7.500000000000001e-01  2.963401453674173e-03  4.171840810276102e-01 
 6.122800000000038e-08  1.207319688507825e+00  7.500000000000001e-01  2.963401453674173e-03  4.171840810276101e-01 
 6.132800000000038e-08  1.207319688507825e+00  7.500000000000001e-01  2.963401453674173e-03  4.171840810276103e-01 
 6.142800000000037e-08  1.207319688507825e+00  7.500000000000001e-01  2.963401453674173e-03  4.171840810276101e-01 
 6.152800000000036e-08  1.207319688507825e+00  7.500000000000001e-01  2.963401453674173e-03  4.171840810276100e-01 
 6.162800000000036e-08  1.207319688507825e+00  7.500000000000001e-01  2.963401453674173e-03  4.171840810276100e-01 
 6.172800000000035e-08  1.207319688507825e+00  7.500000000000001e-01  2.963401453674173e-03  4.171840810276102e-01 
 6.182800000000035e-08  1.207319688507825e+00  7.500000000000001e-01  2.963401453674173e-03  4.171840810276103e-01 
 6.192800000000034e-08  1.207319688507825e+00  7.500000000000001e-01  2.963401453674173e-03  4.171840810276102e-01 
 6.202800000000034e-08  1.207319688507825e+00  7.500000000000001e-01  2.963401453674173e-03  4.171840810276101e-01 
 6.212800000000033e-08  1.207319688507825e+00  7.500000000000001e-01  2.963401453674173e-03  4.171840810276103e-01 
 6.222800000000032e-08  1.207319688507825e+00  7.500000000000001e-01  2.963401453674173e-03  4.171840810276101e-01 
 6.232800000000032e-08  1.207319688507825e+00  7.500000000000001e-01  2.963401453674173e-03  4.171840810276100e-01 
 6.242800000000031e-08  1.207319688507825e+00  7.500000000000001e-01  2.963401453674173e-03  4.171840810276100e-01 
 6.252800000000031e-08  1.207319688507825e+00  7.500000000000001e-01  2.963401453674173e-03  4.171840810276100e-01 
 6.262800000000030e-08  1.207319688507825e+00  7.500000000000001e-01  2.963401453674173e-03  4.171840810276102e-01 
 6.272800000000030e-08  1.207319688507825e+00  7.500000000000001e-01  2.963401453674173e-03  4.171840810276103e-01 
 6.282800000000029e-08  1.207319688507825e+00  7.500000000000001e-01  2.963401453674173e-03  4.171840810276100e-01 
 6.292800000000028e-08  1.207319688507825e+00  7.500000000000001e-01  2.963401453674173e-03  4.171840810276100e-01 
 6.302800000000028e-08  1.207319688507825e+00  7.500000000000001e-01  2.963401453674173e-03  4.171840810276102e-01 
 6.312800000000027e-08  1.207319688507825e+00  7.500000000000001e-01  2.963401453674173e-03  4.171840810276103e-01 
 6.322800000000027e-08  1.207319688507825e+00  7.500000000000001e-01  2.963401453674173e-03  4.171840810276100e-01 
 6.332800000000026e-08  1.207319688507825e+00  7.500000000000001e-01  2.963401453674173e-03  4.171840810276100e-01 
 6.342800000000026e-08  1.207319688507825e+00  7.500000000000001e-01  2.963401453674173e-03  4.171840810276102e-01 
 6.352800000000025e-08  1.207319688507825e+00  7.500000000000001e-01  2.963401453674173e-03  4.171840810276103e-01 
 6.362800000000024e-08  1.207319688507825e+00  7.500000000000001e-01  2.963401453674173e-03  4.171840810276102e-01 
 6.372800000000024e-08  1.207319688507825e+00  7.500000000000001e-01  2.963401453674173e-03  4.171840810276101e-01 
 6.382800000000023e-08  1.207319688507825e+00  7.500000000000001e-01  2.963401453674173e-03  4.171840810276103e-01 
 6.392800000000023e-08  1.207319688507825e+00  7.500000000000001e-01  2.963401453674173e-03  4.171840810276101e-01 
 6.402800000000022e-08  1.207319688507825e+00  7.500000000000001e-01  2.963401453674173e-03  4.171840810276100e-01 
 6.412800000000022e-08  1.207319688507825e+00  7.500000000000001e-01  2.963401453674173e-03  4.171840810276100e-01 
 6.422800000000021e-08  1.207319688507825e+00  7.500000000000001e-01  2.963401453674173e-03  4.171840810276102e-01 
 6.432800000000020e-08  1.207319688507825e+00  7.500000000000001e-01  2.963401453674173e-03  4.171840810276103e-01 
 6.442800000000020e-08  1.207319688507825e+00  7.500000000000001e-01  2.963401453674173e-03  4.171840810276102e-01 
 6.452800000000019e-08  1.207319688507825e+00  7.500000000000001e-01  2.963401453674173e-03  4.171840810276101e-01 
 6.462800000000019e-08  1.207319688507825e+00  7.500000000000001e-01  2.963401453674173e-03  4.171840810276103e-01 
 6.472800000000018e-08  1.207319688507825e+00  7.500000000000001e-01  2.963401453674173e-03  4.171840810276101e-01 
 6.482800000000018e-08  1.207319688507825e+00  7.500000000000001e-01  2.963401453674173e-03  4.171840810276100e-01 
 6.492800000000017e-08  1.207319688507825e+00  7.500000000000001e-01  2.963401453674173e-03  4.171840810276100e-01 
 6.502800000000016e-08  1.207319688507825e+00  7.500000000000001e-01  2.963401453674173e-03  4.171840810276102e-01 
 6.512800000000016e-08  1.207319688507825e+00  7.500000000000001e-01  2.963401453674173e-03  4.171840810276103e-01 
 6.522800000000015e-08  1.207319688507825e+00  7.500000000000001e-01  2.963401453674173e-03  4.171840810276102e-01 
 6.532800000000015e-08  1.207319688507825e+00  7.500000000000001e-01  2.963401453674173e-03  4.171840810276101e-01 
 6.542800000000014e-08  1.207319688507825e+00  7.500000000000001e-01  2.963401453674173e-03  4.171840810276103e-01 
 6.552800000000014e-08  1.207319688507825e+00  7.500000000000001e-01  2.963401453674173e-03  4.171840810276101e-01 
 6.562800000000013e-08  1.207319688507825e+00  7.500000000000001e-01  2.963401453674173e-03  4.171840810276100e-01 
 6.572800000000012e-08  1.207319688507825e+00  7.500000000000001e-01  2.963401453674173e-03  4.171840810276100e-01 
 6.582800000000012e-08  1.207319688507825e+00  7.500000000000001e-01  2.963401453674173e-03  4.171840810276102e-01 
 6.592800000000011e-08  1.207319688507825e+00  7.500000000000001e-01  2.963401453674173e-03  4.171840810276103e-01 
 6.602800000000011e-08  1.207319688507825e+00  7.500000000000001e-01  2.963401453674173e-03  4.171840810276102e-01 
 6.612800000000010e-08  1.207319688507825e+00  7.500000000000001e-01  2.963401453674173e-03  4.171840810276101e-01 
 6.622800000000010e-08  1.207319688507825e+00  7.500000000000001e-01  2.963401453674173e-03  4.171840810276103e-01 
 6.632800000000009e-08  1.207319688507825e+00  7.500000000000001e-01  2.963401453674173e-03  4.171840810276101e-01 
 6.642800000000008e-08  1.207319688507825e+00  7.500000000000001e-01  2.963401453674173e-03  4.171840810276100e-01 
 6.652800000000008e-08  1.207319688507825e+00  7.500000000000001e-01  2.963401453674173e-03  4.171840810276100e-01 
 6.662800000000007e-08  1.207319688507825e+00  7.500000000000001e-01  2.963401453674173e-03  4.171840810276102e-01 
 6.672800000000007e-08  1.207319688507825e+00  7.500000000000001e-01  2.963401453674173e-03  4.171840810276103e-01 
 6.682800000000006e-08  1.207319688507825e+00  7.500000000000001e-01  2.963401453674173e-03  4.171840810276102e-01 
 6.692800000000006e-08  1.207319688507825e+00  7.500000000000001e-01  2.963401453674173e-03  4.171840810276101e-01 
 6.702800000000005e-08  1.207319688507825e+00  7.500000000000001e-01  2.963401453674173e-03  4.171840810276103e-01 
 6.712800000000004e-08  1.207319688507825e+00  7.500000000000001e-01  2.963401453674173e-03  4.171840810276101e-01 
 6.722800000000004e-08  1.207319688507825e+00  7.500000000000001e-01  2.963401453674173e-03  4.171840810276100e-01 
 6.732800000000003e-08  1.207319688507825e+00  7.500000000000001e-01  2.963401453674173e-03  4.171840810276100e-01 
 6.742800000000003e-08  1.207319688507825e+00  7.500000000000001e-01  2.963401453674173e-03  4.171840810276102e-01 
 6.752800000000002e-08  1.207319688507825e+00  7.500000000000001e-01  2.963401453674173e-03  4.171840810276103e-01 
 6.762800000000002e-08  1.207319688507825e+00  7.500000000000001e-01  2.963401453674173e-03  4.171840810276102e-01 
 6.772800000000001e-08  1.207319688507825e+00  7.500000000000001e-01  2.963401453674173e-03  4.171840810276101e-01 
 6.782800000000000e-08  1.207319688507825e+00  7.500000000000001e-01  2.963401453674173e-03  4.171840810276103e-01 
 6.792800000000000e-08  1.207319688507825e+00  7.500000000000001e-01  2.963401453674173e-03  4.171840810276101e-01 
 6.802799999999999e-08  1.207319688507825e+00  7.500000000000001e-01  2.963401453674173e-03  4.171840810276100e-01 
 6.812799999999999e-08  1.207319688507825e+00  7.500000000000001e-01  2.963401453674173e-03  4.171840810276100e-01 
 6.822799999999998e-08  1.207319688507825e+00  7.500000000000001e-01  2.963401453674173e-03  4.171840810276102e-01 
 6.832799999999997e-08  1.207319688507825e+00  7.500000000000001e-01  2.963401453674173e-03  4.171840810276103e-01 
 6.842799999999997e-08  1.207319688507825e+00  7.500000000000001e-01  2.963401453674173e-03  4.171840810276102e-01 
 6.852799999999996e-08  1.207319688507825e+00  7.500000000000001e-01  2.963401453674173e-03  4.171840810276101e-01 
 6.862799999999996e-08  1.207319688507825e+00  7.500000000000001e-01  2.963401453674173e-03  4.171840810276103e-01 
 6.872799999999995e-08  1.207319688507825e+00  7.500000000000001e-01  2.963401453674173e-03  4.171840810276101e-01 
 6.882799999999995e-08  1.207319688507825e+00  7.500000000000001e-01  2.963401453674173e-03  4.171840810276100e-01 
 6.892799999999994e-08  1.207319688507825e+00  7.500000000000001e-01  2.963401453674173e-03  4.171840810276100e-01 
 6.902799999999993e-08  1.207319688507825e+00  7.500000000000001e-01  2.963401453674173e-03  4.171840810276102e-01 
 6.912799999999993e-08  1.207319688507825e+00  7.500000000000001e-01  2.963401453674173e-03  4.171840810276103e-01 
 6.922799999999992e-08  1.207319688507825e+00  7.500000000000001e-01  2.963401453674173e-03  4.171840810276102e-01 
 6.932799999999992e-08  1.207319688507825e+00  7.500000000000001e-01  2.963401453674173e-03  4.171840810276101e-01 
 6.942799999999991e-08  1.207319688507825e+00  7.500000000000001e-01  2.963401453674173e-03  4.171840810276103e-01 
 6.952799999999991e-08  1.207319688507825e+00  7.500000000000001e-01  2.963401453674173e-03  4.171840810276101e-01 
 6.962799999999990e-08  1.207319688507825e+00  7.500000000000001e-01  2.963401453674173e-03  4.171840810276100e-01 
 6.972799999999989e-08  1.207319688507825e+00  7.500000000000001e-01  2.963401453674173e-03  4.171840810276100e-01 
 6.982799999999989e-08  1.207319688507825e+00  7.500000000000001e-01  2.963401453674173e-03  4.171840810276102e-01 
 6.992799999999988e-08  1.207319688507825e+00  7.500000000000001e-01  2.963401453674173e-03  4.171840810276103e-01 
 7.002799999999988e-08  1.207319688507825e+00  7.500000000000001e-01  2.963401453674173e-03  4.171840810276102e-01 
 7.012799999999987e-08  1.207319688507825e+00  7.500000000000001e-01  2.963401453674173e-03  4.171840810276101e-01 
 7.022799999999987e-08  1.207319688507825e+00  7.500000000000001e-01  2.963401453674173e-03  4.171840810276103e-01 
 7.032799999999986e-08  1.207319688507825e+00  7.500000000000001e-01  2.963401453674173e-03  4.171840810276101e-01 
 7.042799999999985e-08  1.207319688507825e+00  7.500000000000001e-01  2.963401453674173e-03  4.171840810276100e-01 
 7.052799999999985e-08  1.207319688507825e+00  7.500000000000001e-01  2.963401453674173e-03  4.171840810276100e-01 
 7.062799999999984e-08  1.207319688507825e+00  7.500000000000001e-01  2.963401453674173e-03  4.171840810276102e-01 
 7.072799999999984e-08  1.207319688507825e+00  7.500000000000001e-01  2.963401453674173e-03  4.171840810276103e-01 
 7.082799999999983e-08  1.207319688507825e+00  7.500000000000001e-01  2.963401453674173e-03  4.171840810276102e-01 
 7.092799999999983e-08  1.207319688507825e+00  7.500000000000001e-01  2.963401453674173e-03  4.171840810276101e-01 
 7.102799999999982e-08  1.207319688507825e+00  7.500000000000001e-01  2.963401453674173e-03  4.171840810276103e-01 
 7.112799999999981e-08  1.207319688507825e+00  7.500000000000001e-01  2.963401453674173e-03  4.171840810276101e-01 
 7.122799999999981e-08  1.207319688507825e+00  7.500000000000001e-01  2.963401453674173e-03  4.171840810276100e-01 
 7.132799999999980e-08  1.207319688507825e+00  7.500000000000001e-01  2.963401453674173e-03  4.171840810276100e-01 
 7.142799999999980e-08  1.207319688507825e+00  7.500000000000001e-01  2.963401453674173e-03  4.171840810276102e-01 
 7.152799999999979e-08  1.207319688507825e+00  7.500000000000001e-01  2.963401453674173e-03  4.171840810276103e-01 
 7.162799999999979e-08  1.207319688507825e+00  7.500000000000001e-01  2.963401453674173e-03  4.171840810276102e-01 
 7.172799999999978e-08  1.207319688507825e+00  7.500000000000001e-01  2.963401453674173e-03  4.171840810276101e-01 
 7.182799999999977e-08  1.207319688507825e+00  7.500000000000001e-01  2.963401453674173e-03  4.171840810276103e-01 
 7.192799999999977e-08  1.207319688507825e+00  7.500000000000001e-01  2.963401453674173e-03  4.171840810276101e-01 
 7.202799999999976e-08  1.207319688507825e+00  7.500000000000001e-01  2.963401453674173e-03  4.171840810276100e-01 
 7.212799999999976e-08  1.207319688507825e+00  7.500000000000001e-01  2.963401453674173e-03  4.171840810276100e-01 
 7.222799999999975e-08  1.207319688507825e+00  7.500000000000001e-01  2.963401453674173e-03  4.171840810276102e-01 
 7.232799999999975e-08  1.207319688507825e+00  7.500000000000001e-01  2.963401453674173e-03  4.171840810276103e-01 
 7.242799999999974e-08  1.207319688507825e+00  7.500000000000001e-01  2.963401453674173e-03  4.171840810276102e-01 
 7.252799999999973e-08  1.207319688507825e+00  7.500000000000001e-01  2.963401453674173e-03  4.171840810276101e-01 
 7.262799999999973e-08  1.207319688507825e+00  7.500000000000001e-01  2.963401453674173e-03  4.171840810276103e-01 
 7.272799999999972e-08  1.207319688507825e+00  7.500000000000001e-01  2.963401453674173e-03  4.171840810276101e-01 
 7.282799999999972e-08  1.207319688507825e+00  7.500000000000001e-01  2.963401453674173e-03  4.171840810276100e-01 
 7.292799999999971e-08  1.207319688507825e+00  7.500000000000001e-01  2.963401453674173e-03  4.171840810276100e-01 
 7.302799999999971e-08  1.207319688507825e+00  7.500000000000001e-01  2.963401453674173e-03  4.171840810276102e-01 
 7.312799999999970e-08  1.207319688507825e+00  7.500000000000001e-01  2.963401453674173e-03  4.171840810276103e-01 
 7.322799999999969e-08  1.207319688507825e+00  7.500000000000001e-01  2.963401453674173e-03  4.171840810276102e-01 
 7.332799999999969e-08  1.207319688507825e+00  7.500000000000001e-01  2.963401453674173e-03  4.171840810276101e-01 
 7.342799999999968e-08  1.207319688507825e+00  7.500000000000001e-01  2.963401453674173e-03  4.171840810276103e-01 
 7.352799999999968e-08  1.207319688507825e+00  7.500000000000001e-01  2.963401453674173e-03  4.171840810276101e-01 
 7.362799999999967e-08  1.207319688507825e+00  7.500000000000001e-01  2.963401453674173e-03  4.171840810276100e-01 
 7.372799999999967e-08  1.207319688507825e+00  7.500000000000001e-01  2.963401453674173e-03  4.171840810276100e-01 
 7.382799999999966e-08  1.207319688507825e+00  7.500000000000001e-01  2.963401453674173e-03  4.171840810276102e-01 
 7.392799999999965e-08  1.207319688507825e+00  7.500000000000001e-01  2.963401453674173e-03  4.171840810276103e-01 
 7.402799999999965e-08  1.207319688507825e+00  7.500000000000001e-01  2.963401453674173e-03  4.171840810276102e-01 
 7.412799999999964e-08  1.207319688507825e+00  7.500000000000001e-01  2.963401453674173e-03  4.171840810276101e-01 
 7.422799999999964e-08  1.207319688507825e+00  7.500000000000001e-01  2.963401453674173e-03  4.171840810276103e-01 
 7.432799999999963e-08  1.207319688507825e+00  7.500000000000001e-01  2.963401453674173e-03  4.171840810276101e-01 
 7.442799999999963e-08  1.207319688507825e+00  7.500000000000001e-01  2.963401453674173e-03  4.171840810276100e-01 
 7.452799999999962e-08  1.207319688507825e+00  7.500000000000001e-01  2.963401453674173e-03  4.171840810276100e-01 
 7.462799999999961e-08  1.207319688507825e+00  7.500000000000001e-01  2.963401453674173e-03  4.171840810276102e-01 
 7.472799999999961e-08  1.207319688507825e+00  7.500000000000001e-01  2.963401453674173e-03  4.171840810276103e-01 
 7.482799999999960e-08  1.207319688507825e+00  7.500000000000001e-01  2.963401453674173e-03  4.171840810276102e-01 
 7.492799999999960e-08  1.207319688507825e+00  7.500000000000001e-01  2.963401453674173e-03  4.171840810276101e-01 
 7.502799999999959e-08  1.207319688507825e+00  7.500000000000001e-01  2.963401453674173e-03  4.171840810276103e-01 
 7.512799999999959e-08  1.207319688507825e+00  7.500000000000001e-01  2.963401453674173e-03  4.171840810276101e-01 
 7.522799999999958e-08  1.207319688507825e+00  7.500000000000001e-01  2.963401453674173e-03  4.171840810276100e-01 
 7.532799999999957e-08  1.207319688507825e+00  7.500000000000001e-01  2.963401453674173e-03  4.171840810276100e-01 
 7.542799999999957e-08  1.207319688507825e+00  7.500000000000001e-01  2.963401453674173e-03  4.171840810276100e-01 
 7.552799999999956e-08  1.207319688507825e+00  7.500000000000001e-01  2.963401453674173e-03  4.171840810276102e-01 
 7.562799999999956e-08  1.207319688507825e+00  7.500000000000001e-01  2.963401453674173e-03  4.171840810276106e-01 
 7.572799999999955e-08  1.207319688507825e+00  7.500000000000001e-01  2.963401453674173e-03  4.171840810276100e-01 
 7.582799999999955e-08  1.207319688507825e+00  7.500000000000001e-01  2.963401453674173e-03  4.171840810276101e-01 
 7.592799999999954e-08  1.207319688507825e+00  7.500000000000001e-01  2.963401453674173e-03  4.171840810276103e-01 
 7.602799999999953e-08  1.207319688507825e+00  7.500000000000001e-01  2.963401453674173e-03  4.171840810276100e-01 
 7.612799999999953e-08  1.207319688507825e+00  7.500000000000001e-01  2.963401453674173e-03  4.171840810276100e-01 
 7.622799999999952e-08  1.207319688507825e+00  7.500000000000001e-01  2.963401453674173e-03  4.171840810276100e-01 
 7.632799999999952e-08  1.207319688507825e+00  7.500000000000001e-01  2.963401453674173e-03  4.171840810276102e-01 
 7.642799999999951e-08  1.207319688507825e+00  7.500000000000001e-01  2.963401453674173e-03  4.171840810276103e-01 
 7.652799999999951e-08  1.207319688507825e+00  7.500000000000001e-01  2.963401453674173e-03  4.171840810276100e-01 
 7.662799999999950e-08  1.207319688507825e+00  7.500000000000001e-01  2.963401453674173e-03  4.171840810276100e-01 
 7.672799999999949e-08  1.207319688507825e+00  7.500000000000001e-01  2.963401453674173e-03  4.171840810276102e-01 
 7.682799999999949e-08  1.207319688507825e+00  7.500000000000001e-01  2.963401453674173e-03  4.171840810276103e-01 
 7.692799999999948e-08  1.207319688507825e+00  7.500000000000001e-01  2.963401453674173e-03  4.171840810276102e-01 
 7.702799999999948e-08  1.207319688507825e+00  7.500000000000001e-01  2.963401453674173e-03  4.171840810276101e-01 
 7.712799999999947e-08  1.207319688507825e+00  7.500000000000001e-01  2.963401453674173e-03  4.171840810276103e-01 
 7.722799999999947e-08  1.207319688507825e+00  7.500000000000001e-01  2.963401453674173e-03  4.171840810276101e-01 
 7.732799999999946e-08  1.207319688507825e+00  7.500000000000001e-01  2.963401453674173e-03  4.171840810276100e-01 
 7.742799999999945e-08  1.207319688507825e+00  7.500000000000001e-01  2.963401453674173e-03  4.171840810276100e-01 
 7.752799999999945e-08  1.207319688507825e+00  7.500000000000001e-01  2.963401453674173e-03  4.171840810276102e-01 
 7.762799999999944e-08  1.207319688507825e+00  7.500000000000001e-01  2.963401453674173e-03  4.171840810276103e-01 
 7.772799999999944e-08  1.207319688507825e+00  7.500000000000001e-01  2.963401453674173e-03  4.171840810276102e-01 
 7.782799999999943e-08  1.207319688507825e+00  7.500000000000001e-01  2.963401453674173e-03  4.171840810276101e-01 
 7.792799999999943e-08  1.207319688507825e+00  7.500000000000001e-01  2.963401453674173e-03  4.171840810276103e-01 
 7.802799999999942e-08  1.207319688507825e+00  7.500000000000001e-01  2.963401453674173e-03  4.171840810276101e-01 
 7.812799999999941e-08  1.207319688507825e+00  7.500000000000001e-01  2.963401453674173e-03  4.171840810276100e-01 
 7.822799999999941e-08  1.207319688507825e+00  7.500000000000001e-01  2.963401453674173e-03  4.171840810276100e-01 
 7.832799999999940e-08  1.207319688507825e+00  7.500000000000001e-01  2.963401453674173e-03  4.171840810276102e-01 
 7.842799999999940e-08  1.207319688507825e+00  7.500000000000001e-01  2.963401453674173e-03  4.171840810276103e-01 
 7.852799999999939e-08  1.207319688507825e+00  7.500000000000001e-01  2.963401453674173e-03  4.171840810276102e-01 
 7.862799999999939e-08  1.207319688507825e+00  7.500000000000001e-01  2.963401453674173e-03  4.171840810276101e-01 
 7.872799999999938e-08  1.207319688507825e+00  7.500000000000001e-01  2.963401453674173e-03  4.171840810276103e-01 
 7.882799999999937e-08  1.207319688507825e+00  7.500000000000001e-01  2.963401453674173e-03  4.171840810276101e-01 
 7.892799999999937e-08  1.207319688507825e+00  7.500000000000001e-01  2.963401453674173e-03  4.171840810276100e-01 
 7.902799999999936e-08  1.207319688507825e+00  7.500000000000001e-01  2.963401453674173e-03  4.171840810276100e-01 
 7.912799999999936e-08  1.207319688507825e+00  7.500000000000001e-01  2.963401453674173e-03  4.171840810276102e-01 
 7.922799999999935e-08  1.207319688507825e+00  7.500000000000001e-01  2.963401453674173e-03  4.171840810276103e-01 
 7.932799999999935e-08  1.207319688507825e+00  7.500000000000001e-01  2.963401453674173e-03  4.171840810276102e-01 
 7.942799999999934e-08  1.207319688507825e+00  7.500000000000001e-01  2.963401453674173e-03  4.171840810276101e-01 
 7.952799999999933e-08  1.207319688507825e+00  7.500000000000001e-01  2.963401453674173e-03  4.171840810276103e-01 
 7.962799999999933e-08  1.207319688507825e+00  7.500000000000001e-01  2.963401453674173e-03  4.171840810276101e-01 
 7.972799999999932e-08  1.207319688507825e+00  7.500000000000001e-01  2.963401453674173e-03  4.171840810276100e-01 
 7.982799999999932e-08  1.207319688507825e+00  7.500000000000001e-01  2.963401453674173e-03  4.171840810276100e-01 
 7.992799999999931e-08  1.207319688507825e+00  7.500000000000001e-01  2.963401453674173e-03  4.171840810276102e-01 
 8.002799999999931e-08  1.207319688507825e+00  7.500000000000001e-01  2.963401453674173e-03  4.171840810276103e-01 
 8.012799999999930e-08  1.207319688507825e+00  7.500000000000001e-01  2.963401453674173e-03  4.171840810276102e-01 
 8.022799999999929e-08  1.207319688507825e+00  7.500000000000001e-01  2.963401453674173e-03  4.171840810276101e-01 
 8.032799999999929e-08  1.207319688507825e+00  7.500000000000001e-01  2.963401453674173e-03  4.171840810276103e-01 
 8.042799999999928e-08  1.207319688507825e+00  7.500000000000001e-01  2.963401453674173e-03  4.171840810276101e-01 
 8.052799999999928e-08  1.207319688507825e+00  7.500000000000001e-01  2.963401453674173e-03  4.171840810276100e-01 
 8.062799999999927e-08  1.207319688507825e+00  7.500000000000001e-01  2.963401453674173e-03  4.171840810276100e-01 
 8.072799999999927e-08  1.207319688507825e+00  7.500000000000001e-01  2.963401453674173e-03  4.171840810276102e-01 
 8.082799999999926e-08  1.207319688507825e+00  7.500000000000001e-01  2.963401453674173e-03  4.171840810276103e-01 
 8.092799999999925e-08  1.207319688507825e+00  7.500000000000001e-01  2.963401453674173e-03  4.171840810276102e-01 
 8.102799999999925e-08  1.207319688507825e+00  7.500000000000001e-01  2.963401453674173e-03  4.171840810276101e-01 
 8.112799999999924e-08  1.207319688507825e+00  7.500000000000001e-01  2.963401453674173e-03  4.171840810276103e-01 
 8.122799999999924e-08  1.207319688507825e+00  7.500000000000001e-01  2.963401453674173e-03  4.171840810276101e-01 
 8.132799999999923e-08  1.207319688507825e+00  7.500000000000001e-01  2.963401453674173e-03  4.171840810276100e-01 
 8.142799999999923e-08  1.207319688507825e+00  7.500000000000001e-01  2.963401453674173e-03  4.171840810276100e-01 
 8.152799999999922e-08  1.207319688507825e+00  7.500000000000001e-01  2.963401453674173e-03  4.171840810276102e-01 
 8.162799999999921e-08  1.207319688507825e+00  7.500000000000001e-01  2.963401453674173e-03  4.171840810276103e-01 
 8.172799999999921e-08  1.207319688507825e+00  7.500000000000001e-01  2.963401453674173e-03  4.171840810276102e-01 
 8.182799999999920e-08  1.207319688507825e+00  7.500000000000001e-01  2.963401453674173e-03  4.171840810276101e-01 
 8.192799999999920e-08  1.207319688507825e+00  7.500000000000001e-01  2.963401453674173e-03  4.171840810276103e-01 
 8.202799999999919e-08  1.207319688507825e+00  7.500000000000001e-01  2.963401453674173e-03  4.171840810276101e-01 
 8.212799999999919e-08  1.207319688507825e+00  7.500000000000001e-01  2.963401453674173e-03  4.171840810276100e-01 
 8.222799999999918e-08  1.207319688507825e+00  7.500000000000001e-01  2.963401453674173e-03  4.171840810276100e-01 
 8.232799999999917e-08  1.207319688507825e+00  7.500000000000001e-01  2.963401453674173e-03  4.171840810276102e-01 
 8.242799999999917e-08  1.207319688507825e+00  7.500000000000001e-01  2.963401453674173e-03  4.171840810276103e-01 
 8.252799999999916e-08  1.207319688507825e+00  7.500000000000001e-01  2.963401453674173e-03  4.171840810276102e-01 
 8.262799999999916e-08  1.207319688507825e+00  7.500000000000001e-01  2.963401453674173e-03  4.171840810276101e-01 
 8.272799999999915e-08  1.207319688507825e+00  7.500000000000001e-01  2.963401453674173e-03  4.171840810276103e-01 
 8.282799999999915e-08  1.207319688507825e+00  7.500000000000001e-01  2.963401453674173e-03  4.171840810276101e-01 
 8.292799999999914e-08  1.207319688507825e+00  7.500000000000001e-01  2.963401453674173e-03  4.171840810276100e-01 
 8.302799999999913e-08  1.207319688507825e+00  7.500000000000001e-01  2.963401453674173e-03  4.171840810276100e-01 
 8.312799999999913e-08  1.207319688507825e+00  7.500000000000001e-01  2.963401453674173e-03  4.171840810276102e-01 
 8.322799999999912e-08  1.207319688507825e+00  7.500000000000001e-01  2.963401453674173e-03  4.171840810276103e-01 
 8.332799999999912e-08  1.207319688507825e+00  7.500000000000001e-01  2.963401453674173e-03  4.171840810276102e-01 
 8.342799999999911e-08  1.207319688507825e+00  7.500000000000001e-01  2.963401453674173e-03  4.171840810276101e-01 
 8.352799999999911e-08  1.207319688507825e+00  7.500000000000001e-01  2.963401453674173e-03  4.171840810276103e-01 
 8.362799999999910e-08  1.207319688507825e+00  7.500000000000001e-01  2.963401453674173e-03  4.171840810276101e-01 
 8.372799999999909e-08  1.207319688507825e+00  7.500000000000001e-01  2.963401453674173e-03  4.171840810276100e-01 
 8.382799999999909e-08  1.207319688507825e+00  7.500000000000001e-01  2.963401453674173e-03  4.171840810276100e-01 
 8.392799999999908e-08  1.207319688507825e+00  7.500000000000001e-01  2.963401453674173e-03  4.171840810276102e-01 
 8.402799999999908e-08  1.207319688507825e+00  7.500000000000001e-01  2.963401453674173e-03  4.171840810276103e-01 
 8.412799999999907e-08  1.207319688507825e+00  7.500000000000001e-01  2.963401453674173e-03  4.171840810276102e-01 
 8.422799999999907e-08  1.207319688507825e+00  7.500000000000001e-01  2.963401453674173e-03  4.171840810276101e-01 
 8.432799999999906e-08  1.207319688507825e+00  7.500000000000001e-01  2.963401453674173e-03  4.171840810276103e-01 
 8.442799999999905e-08  1.207319688507825e+00  7.500000000000001e-01  2.963401453674173e-03  4.171840810276101e-01 
 8.452799999999905e-08  1.207319688507825e+00  7.500000000000001e-01  2.963401453674173e-03  4.171840810276100e-01 
 8.462799999999904e-08  1.207319688507825e+00  7.500000000000001e-01  2.963401453674173e-03  4.171840810276100e-01 
 8.472799999999904e-08  1.207319688507825e+00  7.500000000000001e-01  2.963401453674173e-03  4.171840810276102e-01 
 8.482799999999903e-08  1.207319688507825e+00  7.500000000000001e-01  2.963401453674173e-03  4.171840810276103e-01 
 8.492799999999903e-08  1.207319688507825e+00  7.500000000000001e-01  2.963401453674173e-03  4.171840810276102e-01 
 8.502799999999902e-08  1.207319688507825e+00  7.500000000000001e-01  2.963401453674173e-03  4.171840810276101e-01 
 8.512799999999901e-08  1.207319688507825e+00  7.500000000000001e-01  2.963401453674173e-03  4.171840810276103e-01 
 8.522799999999901e-08  1.207319688507825e+00  7.500000000000001e-01  2.963401453674173e-03  4.171840810276101e-01 
 8.532799999999900e-08  1.207319688507825e+00  7.500000000000001e-01  2.963401453674173e-03  4.171840810276100e-01 
 8.542799999999900e-08  1.207319688507825e+00  7.500000000000001e-01  2.963401453674173e-03  4.171840810276100e-01 
 8.552799999999899e-08  1.207319688507825e+00  7.500000000000001e-01  2.963401453674173e-03  4.171840810276102e-01 
 8.562799999999899e-08  1.207319688507825e+00  7.500000000000001e-01  2.963401453674173e-03  4.171840810276103e-01 
 8.572799999999898e-08  1.207319688507825e+00  7.500000000000001e-01  2.963401453674173e-03  4.171840810276102e-01 
 8.582799999999897e-08  1.207319688507825e+00  7.500000000000001e-01  2.963401453674173e-03  4.171840810276101e-01 
 8.592799999999897e-08  1.207319688507825e+00  7.500000000000001e-01  2.963401453674173e-03  4.171840810276103e-01 
 8.602799999999896e-08  1.207319688507825e+00  7.500000000000001e-01  2.963401453674173e-03  4.171840810276101e-01 
 8.612799999999896e-08  1.207319688507825e+00  7.500000000000001e-01  2.963401453674173e-03  4.171840810276100e-01 
 8.622799999999895e-08  1.207319688507825e+00  7.500000000000001e-01  2.963401453674173e-03  4.171840810276100e-01 
 8.632799999999895e-08  1.207319688507825e+00  7.500000000000001e-01  2.963401453674173e-03  4.171840810276102e-01 
 8.642799999999894e-08  1.207319688507825e+00  7.500000000000001e-01  2.963401453674173e-03  4.171840810276103e-01 
 8.652799999999893e-08  1.207319688507825e+00  7.500000000000001e-01  2.963401453674173e-03  4.171840810276102e-01 
 8.662799999999893e-08  1.207319688507825e+00  7.500000000000001e-01  2.963401453674173e-03  4.171840810276101e-01 
 8.672799999999892e-08  1.207319688507825e+00  7.500000000000001e-01  2.963401453674173e-03  4.171840810276103e-01 
 8.682799999999892e-08  1.207319688507825e+00  7.500000000000001e-01  2.963401453674173e-03  4.171840810276101e-01 
 8.692799999999891e-08  1.207319688507825e+00  7.500000000000001e-01  2.963401453674173e-03  4.171840810276100e-01 
 8.702799999999890e-08  1.207319688507825e+00  7.500000000000001e-01  2.963401453674173e-03  4.171840810276100e-01 
 8.712799999999890e-08  1.207319688507825e+00  7.500000000000001e-01  2.963401453674173e-03  4.171840810276102e-01 
 8.722799999999889e-08  1.207319688507825e+00  7.500000000000001e-01  2.963401453674173e-03  4.171840810276103e-01 
 8.732799999999889e-08  1.207319688507825e+00  7.500000000000001e-01  2.963401453674173e-03  4.171840810276102e-01 
 8.742799999999888e-08  1.207319688507825e+00  7.500000000000001e-01  2.963401453674173e-03  4.171840810276101e-01 
 8.752799999999888e-08  1.207319688507825e+00  7.500000000000001e-01  2.963401453674173e-03  4.171840810276103e-01 
 8.762799999999887e-08  1.207319688507825e+00  7.500000000000001e-01  2.963401453674173e-03  4.171840810276101e-01 
 8.772799999999886e-08  1.207319688507825e+00  7.500000000000001e-01  2.963401453674173e-03  4.171840810276100e-01 
 8.782799999999886e-08  1.207319688507825e+00  7.500000000000001e-01  2.963401453674173e-03  4.171840810276100e-01 
 8.792799999999885e-08  1.207319688507825e+00  7.500000000000001e-01  2.963401453674173e-03  4.171840810276102e-01 
 8.802799999999885e-08  1.207319688507825e+00  7.500000000000001e-01  2.963401453674173e-03  4.171840810276103e-01 
 8.812799999999884e-08  1.207319688507825e+00  7.500000000000001e-01  2.963401453674173e-03  4.171840810276102e-01 
 8.822799999999884e-08  1.207319688507825e+00  7.500000000000001e-01  2.963401453674173e-03  4.171840810276101e-01 
 8.832799999999883e-08  1.207319688507825e+00  7.500000000000001e-01  2.963401453674173e-03  4.171840810276103e-01 
 8.842799999999882e-08  1.207319688507825e+00  7.500000000000001e-01  2.963401453674173e-03  4.171840810276101e-01 
 8.852799999999882e-08  1.207319688507825e+00  7.500000000000001e-01  2.963401453674173e-03  4.171840810276100e-01 
 8.862799999999881e-08  1.207319688507825e+00  7.500000000000001e-01  2.963401453674173e-03  4.171840810276100e-01 
 8.872799999999881e-08  1.207319688507825e+00  7.500000000000001e-01  2.963401453674173e-03  4.171840810276100e-01 
 8.882799999999880e-08  1.207319688507825e+00  7.500000000000001e-01  2.963401453674173e-03  4.171840810276102e-01 
 8.892799999999880e-08  1.207319688507825e+00  7.500000000000001e-01  2.963401453674173e-03  4.171840810276103e-01 
 8.902799999999879e-08  1.207319688507825e+00  7.500000000000001e-01  2.963401453674173e-03  4.171840810276100e-01 
 8.912799999999878e-08  1.207319688507825e+00  7.500000000000001e-01  2.963401453674173e-03  4.171840810276100e-01 
 8.922799999999878e-08  1.207319688507825e+00  7.500000000000001e-01  2.963401453674173e-03  4.171840810276102e-01 
 8.932799999999877e-08  1.207319688507825e+00  7.500000000000001e-01  2.963401453674173e-03  4.171840810276103e-01 
 8.942799999999877e-08  1.207319688507825e+00  7.500000000000001e-01  2.963401453674173e-03  4.171840810276100e-01 
 8.952799999999876e-08  1.207319688507825e+00  7.500000000000001e-01  2.963401453674173e-03  4.171840810276100e-01 
 8.962799999999876e-08  1.207319688507825e+00  7.500000000000001e-01  2.963401453674173e-03  4.171840810276102e-01 
 8.972799999999875e-08  1.207319688507825e+00  7.500000000000001e-01  2.963401453674173e-03  4.171840810276103e-01 
 8.982799999999874e-08  1.207319688507825e+00  7.500000000000001e-01  2.963401453674173e-03  4.171840810276102e-01 
 8.992799999999874e-08  1.207319688507825e+00  7.500000000000001e-01  2.963401453674173e-03  4.171840810276101e-01 
 9.002799999999873e-08  1.207319688507825e+00  7.500000000000001e-01  2.963401453674173e-03  4.171840810276103e-01 
 9.012799999999873e-08  1.207319688507825e+00  7.500000000000001e-01  2.963401453674173e-03  4.171840810276101e-01 
 9.022799999999872e-08  1.207319688507825e+00  7.500000000000001e-01  2.963401453674173e-03  4.171840810276100e-01 
 9.032799999999872e-08  1.207319688507825e+00  7.500000000000001e-01  2.963401453674173e-03  4.171840810276100e-01 
 9.042799999999871e-08  1.207319688507825e+00  7.500000000000001e-01  2.963401453674173e-03  4.171840810276102e-01 
 9.052799999999870e-08  1.207319688507825e+00  7.500000000000001e-01  2.963401453674173e-03  4.171840810276103e-01 
 9.062799999999870e-08  1.207319688507825e+00  7.500000000000001e-01  2.963401453674173e-03  4.171840810276102e-01 
 9.072799999999869e-08  1.207319688507825e+00  7.500000000000001e-01  2.963401453674173e-03  4.171840810276101e-01 
 9.082799999999869e-08  1.207319688507825e+00  7.500000000000001e-01  2.963401453674173e-03  4.171840810276103e-01 
 9.092799999999868e-08  1.207319688507825e+00  7.500000000000001e-01  2.963401453674173e-03  4.171840810276101e-01 
 9.102799999999868e-08  1.207319688507825e+00  7.500000000000001e-01  2.963401453674173e-03  4.171840810276100e-01 
 9.112799999999867e-08  1.207319688507825e+00  7.500000000000001e-01  2.963401453674173e-03  4.171840810276100e-01 
 9.122799999999866e-08  1.207319688507825e+00  7.500000000000001e-01  2.963401453674173e-03  4.171840810276102e-01 
 9.132799999999866e-08  1.207319688507825e+00  7.500000000000001e-01  2.963401453674173e-03  4.171840810276103e-01 
 9.142799999999865e-08  1.207319688507825e+00  7.500000000000001e-01  2.963401453674173e-03  4.171840810276102e-01 
 9.152799999999865e-08  1.207319688507825e+00  7.500000000000001e-01  2.963401453674173e-03  4.171840810276101e-01 
 9.162799999999864e-08  1.207319688507825e+00  7.500000000000001e-01  2.963401453674173e-03  4.171840810276103e-01 
 9.172799999999864e-08  1.207319688507825e+00  7.500000000000001e-01  2.963401453674173e-03  4.171840810276101e-01 
 9.182799999999863e-08  1.207319688507825e+00  7.500000000000001e-01  2.963401453674173e-03  4.171840810276100e-01 
 9.192799999999862e-08  1.207319688507825e+00  7.500000000000001e-01  2.963401453674173e-03  4.171840810276100e-01 
 9.202799999999862e-08  1.207319688507825e+00  7.500000000000001e-01  2.963401453674173e-03  4.171840810276102e-01 
 9.212799999999861e-08  1.207319688507825e+00  7.500000000000001e-01  2.963401453674173e-03  4.171840810276103e-01 
 9.222799999999861e-08  1.207319688507825e+00  7.500000000000001e-01  2.963401453674173e-03  4.171840810276102e-01 
 9.232799999999860e-08  1.207319688507825e+00  7.500000000000001e-01  2.963401453674173e-03  4.171840810276101e-01 
 9.242799999999860e-08  1.207319688507825e+00  7.500000000000001e-01  2.963401453674173e-03  4.171840810276103e-01 
 9.252799999999859e-08  1.207319688507825e+00  7.500000000000001e-01  2.963401453674173e-03  4.171840810276101e-01 
 9.262799999999858e-08  1.207319688507825e+00  7.500000000000001e-01  2.963401453674173e-03  4.171840810276100e-01 
 9.272799999999858e-08  1.207319688507825e+00  7.500000000000001e-01  2.963401453674173e-03  4.171840810276100e-01 
 9.282799999999857e-08  1.207319688507825e+00  7.500000000000001e-01  2.963401453674173e-03  4.171840810276102e-01 
 9.292799999999857e-08  1.207319688507825e+00  7.500000000000001e-01  2.963401453674173e-03  4.171840810276103e-01 
 9.302799999999856e-08  1.207319688507825e+00  7.500000000000001e-01  2.963401453674173e-03  4.171840810276102e-01 
 9.312799999999856e-08  1.207319688507825e+00  7.500000000000001e-01  2.963401453674173e-03  4.171840810276101e-01 
 9.322799999999855e-08  1.207319688507825e+00  7.500000000000001e-01  2.963401453674173e-03  4.171840810276103e-01 
 9.332799999999854e-08  1.207319688507825e+00  7.500000000000001e-01  2.963401453674173e-03  4.171840810276101e-01 
 9.342799999999854e-08  1.207319688507825e+00  7.500000000000001e-01  2.963401453674173e-03  4.171840810276100e-01 
 9.352799999999853e-08  1.207319688507825e+00  7.500000000000001e-01  2.963401453674173e-03  4.171840810276100e-01 
 9.362799999999853e-08  1.207319688507825e+00  7.500000000000001e-01  2.963401453674173e-03  4.171840810276102e-01 
 9.372799999999852e-08  1.207319688507825e+00  7.500000000000001e-01  2.963401453674173e-03  4.171840810276103e-01 
 9.382799999999852e-08  1.207319688507825e+00  7.500000000000001e-01  2.963401453674173e-03  4.171840810276102e-01 
 9.392799999999851e-08  1.207319688507825e+00  7.500000000000001e-01  2.963401453674173e-03  4.171840810276101e-01 
 9.402799999999850e-08  1.207319688507825e+00  7.500000000000001e-01  2.963401453674173e-03  4.171840810276103e-01 
 9.412799999999850e-08  1.207319688507825e+00  7.500000000000001e-01  2.963401453674173e-03  4.171840810276101e-01 
 9.422799999999849e-08  1.207319688507825e+00  7.500000000000001e-01  2.963401453674173e-03  4.171840810276100e-01 
 9.432799999999849e-08  1.207319688507825e+00  7.500000000000001e-01  2.963401453674173e-03  4.171840810276100e-01 
 9.442799999999848e-08  1.207319688507825e+00  7.500000000000001e-01  2.963401453674173e-03  4.171840810276102e-01 
 9.452799999999848e-08  1.207319688507825e+00  7.500000000000001e-01  2.963401453674173e-03  4.171840810276103e-01 
 9.462799999999847e-08  1.207319688507825e+00  7.500000000000001e-01  2.963401453674173e-03  4.171840810276102e-01 
 9.472799999999846e-08  1.207319688507825e+00  7.500000000000001e-01  2.963401453674173e-03  4.171840810276101e-01 
 9.482799999999846e-08  1.207319688507825e+00  7.500000000000001e-01  2.963401453674173e-03  4.171840810276103e-01 
 9.492799999999845e-08  1.207319688507825e+00  7.500000000000001e-01  2.963401453674173e-03  4.171840810276101e-01 
 9.502799999999845e-08  1.207319688507825e+00  7.500000000000001e-01  2.963401453674173e-03  4.171840810276100e-01 
 9.512799999999844e-08  1.207319688507825e+00  7.500000000000001e-01  2.963401453674173e-03  4.171840810276100e-01 
 9.522799999999844e-08  1.207319688507825e+00  7.500000000000001e-01  2.963401453674173e-03  4.171840810276102e-01 
 9.532799999999843e-08  1.207319688507825e+00  7.500000000000001e-01  2.963401453674173e-03  4.171840810276103e-01 
 9.542799999999842e-08  1.207319688507825e+00  7.500000000000001e-01  2.963401453674173e-03  4.171840810276102e-01 
 9.552799999999842e-08  1.207319688507825e+00  7.500000000000001e-01  2.963401453674173e-03  4.171840810276101e-01 
 9.562799999999841e-08  1.207319688507825e+00  7.500000000000001e-01  2.963401453674173e-03  4.171840810276103e-01 
 9.572799999999841e-08  1.207319688507825e+00  7.500000000000001e-01  2.963401453674173e-03  4.171840810276101e-01 
 9.582799999999840e-08  1.207319688507825e+00  7.500000000000001e-01  2.963401453674173e-03  4.171840810276100e-01 
 9.592799999999840e-08  1.207319688507825e+00  7.500000000000001e-01  2.963401453674173e-03  4.171840810276100e-01 
 9.602799999999839e-08  1.207319688507825e+00  7.500000000000001e-01  2.963401453674173e-03  4.171840810276102e-01 
 9.612799999999838e-08  1.207319688507825e+00  7.500000000000001e-01  2.963401453674173e-03  4.171840810276103e-01 
 9.622799999999838e-08  1.207319688507825e+00  7.500000000000001e-01  2.963401453674173e-03  4.171840810276102e-01 
 9.632799999999837e-08  1.207319688507825e+00  7.500000000000001e-01  2.963401453674173e-03  4.171840810276101e-01 
 9.642799999999837e-08  1.207319688507825e+00  7.500000000000001e-01  2.963401453674173e-03  4.171840810276103e-01 
 9.652799999999836e-08  1.207319688507825e+00  7.500000000000001e-01  2.963401453674173e-03  4.171840810276101e-01 
 9.662799999999836e-08  1.207319688507825e+00  7.500000000000001e-01  2.963401453674173e-03  4.171840810276100e-01 
 9.672799999999835e-08  1.207319688507825e+00  7.500000000000001e-01  2.963401453674173e-03  4.171840810276100e-01 
 9.682799999999834e-08  1.207319688507825e+00  7.500000000000001e-01  2.963401453674173e-03  4.171840810276102e-01 
 9.692799999999834e-08  1.207319688507825e+00  7.500000000000001e-01  2.963401453674173e-03  4.171840810276103e-01 
 9.702799999999833e-08  1.207319688507825e+00  7.500000000000001e-01  2.963401453674173e-03  4.171840810276102e-01 
 9.712799999999833e-08  1.207319688507825e+00  7.500000000000001e-01  2.963401453674173e-03  4.171840810276101e-01 
 9.722799999999832e-08  1.207319688507825e+00  7.500000000000001e-01  2.963401453674173e-03  4.171840810276103e-01 
 9.732799999999832e-08  1.207319688507825e+00  7.500000000000001e-01  2.963401453674173e-03  4.171840810276101e-01 
 9.742799999999831e-08  1.207319688507825e+00  7.500000000000001e-01  2.963401453674173e-03  4.171840810276100e-01 
 9.752799999999830e-08  1.207319688507825e+00  7.500000000000001e-01  2.963401453674173e-03  4.171840810276100e-01 
 9.762799999999830e-08  1.207319688507825e+00  7.500000000000001e-01  2.963401453674173e-03  4.171840810276102e-01 
 9.772799999999829e-08  1.207319688507825e+00  7.500000000000001e-01  2.963401453674173e-03  4.171840810276103e-01 
 9.782799999999829e-08  1.207319688507825e+00  7.500000000000001e-01  2.963401453674173e-03  4.171840810276102e-01 
 9.792799999999828e-08  1.207319688507825e+00  7.500000000000001e-01  2.963401453674173e-03  4.171840810276101e-01 
 9.802799999999828e-08  1.207319688507825e+00  7.500000000000001e-01  2.963401453674173e-03  4.171840810276103e-01 
 9.812799999999827e-08  1.207319688507825e+00  7.500000000000001e-01  2.963401453674173e-03  4.171840810276101e-01 
 9.822799999999826e-08  1.207319688507825e+00  7.500000000000001e-01  2.963401453674173e-03  4.171840810276100e-01 
 9.832799999999826e-08  1.207319688507825e+00  7.500000000000001e-01  2.963401453674173e-03  4.171840810276100e-01 
 9.842799999999825e-08  1.207319688507825e+00  7.500000000000001e-01  2.963401453674173e-03  4.171840810276102e-01 
 9.852799999999825e-08  1.207319688507825e+00  7.500000000000001e-01  2.963401453674173e-03  4.171840810276103e-01 
 9.862799999999824e-08  1.207319688507825e+00  7.500000000000001e-01  2.963401453674173e-03  4.171840810276102e-01 
 9.872799999999824e-08  1.207319688507825e+00  7.500000000000001e-01  2.963401453674173e-03  4.171840810276101e-01 
 9.882799999999823e-08  1.207319688507825e+00  7.500000000000001e-01  2.963401453674173e-03  4.171840810276103e-01 
 9.892799999999822e-08  1.207319688507825e+00  7.500000000000001e-01  2.963401453674173e-03  4.171840810276101e-01 
 9.902799999999822e-08  1.207319688507825e+00  7.500000000000001e-01  2.963401453674173e-03  4.171840810276100e-01 
 9.912799999999821e-08  1.207319688507825e+00  7.500000000000001e-01  2.963401453674173e-03  4.171840810276100e-01 
 9.922799999999821e-08  1.207319688507825e+00  7.500000000000001e-01  2.963401453674173e-03  4.171840810276102e-01 
 9.932799999999820e-08  1.207319688507825e+00  7.500000000000001e-01  2.963401453674173e-03  4.171840810276103e-01 
 9.942799999999820e-08  1.207319688507825e+00  7.500000000000001e-01  2.963401453674173e-03  4.171840810276102e-01 
 9.952799999999819e-08  1.207319688507825e+00  7.500000000000001e-01  2.963401453674173e-03  4.171840810276101e-01 
 9.962799999999818e-08  1.207319688507825e+00  7.500000000000001e-01  2.963401453674173e-03  4.171840810276103e-01 
 9.972799999999818e-08  1.207319688507825e+00  7.500000000000001e-01  2.963401453674173e-03  4.171840810276101e-01 
 9.982799999999817e-08  1.207319688507825e+00  7.500000000000001e-01  2.963401453674173e-03  4.171840810276100e-01 
 9.992799999999817e-08  1.207319688507825e+00  7.500000000000001e-01  2.963401453674173e-03  4.171840810276100e-01 
 1.000000000000001e-07  1.207319688507825e+00  7.500000000000001e-01  2.963401453674171e-03  4.171840810276103e-01 
 1.000100000000001e-07  1.207319672077167e+00  7.500050000000001e-01  2.963507635503292e-03  4.171806544139859e-01 
 1.000300000000001e-07  1.207319601037482e+00  7.500150000000001e-01  2.963702148185890e-03  4.171726856179484e-01 
 1.000700000000001e-07  1.207319226740533e+00  7.500350000000002e-01  2.964091061042363e-03  4.171563717504599e-01 
 1.001500000000001e-07  1.207317552792867e+00  7.500750000000003e-01  2.964869085132351e-03  4.171240621619104e-01 
 1.002000000000001e-07  1.207315883013633e+00  7.501000000000003e-01  2.965355334399654e-03  4.171037102889986e-01 
 1.002100000000001e-07  1.207315498629292e+00  7.501000000000003e-01  2.965346402230595e-03  4.171031247998516e-01 
 1.002300000000001e-07  1.207314730033117e+00  7.501000000000003e-01  2.965346359721911e-03  4.171029979270083e-01 
 1.002700000000001e-07  1.207313197242102e+00  7.501000000000003e-01  2.965346400384537e-03  4.171030956151983e-01 
 1.003500000000001e-07  1.207310150148602e+00  7.501000000000003e-01  2.965346359127501e-03  4.171029903441387e-01 
 1.004500000000001e-07  1.207306375268599e+00  7.501000000000003e-01  2.965346397820118e-03  4.171030660875605e-01 
 1.005500000000001e-07  1.207302638043448e+00  7.501000000000003e-01  2.965346357189180e-03  4.171029673998976e-01 
 1.006500000000001e-07  1.207298937904934e+00  7.501000000000003e-01  2.965346395152656e-03  4.171030353086488e-01 
 1.007500000000001e-07  1.207295274668692e+00  7.501000000000003e-01  2.965346355264048e-03  4.171029446157102e-01 
 1.008500000000000e-07  1.207291647791552e+00  7.501000000000003e-01  2.965346392562000e-03  4.171030054195302e-01 
 1.009500000000000e-07  1.207288057079645e+00  7.501000000000003e-01  2.965346353354176e-03  4.171029220151909e-01 
 1.010500000000000e-07  1.207284502013097e+00  7.501000000000003e-01  2.965346390044408e-03  4.171029763771754e-01 
 1.011500000000000e-07  1.207280982389918e+00  7.501000000000003e-01  2.965346351461368e-03  4.171028996189563e-01 
 1.012500000000000e-07  1.207277497711933e+00  7.501000000000003e-01  2.965346387596423e-03  4.171029481416925e-01 
 1.013500000000000e-07  1.207274047770273e+00  7.501000000000003e-01  2.965346349587212e-03  4.171028774450163e-01 
 1.014500000000000e-07  1.207270632087000e+00  7.501000000000003e-01  2.965346385214839e-03  4.171029206760773e-01 
 1.015500000000000e-07  1.207267250447488e+00  7.501000000000003e-01  2.965346347733077e-03  4.171028555090236e-01 
 1.016500000000000e-07  1.207263902392692e+00  7.501000000000003e-01  2.965346382896676e-03  4.171028939459654e-01 
 1.017500000000000e-07  1.207260587703245e+00  7.501000000000003e-01  2.965346345900158e-03  4.171028338245023e-01 
 1.018500000000000e-07  1.207257305937765e+00  7.501000000000003e-01  2.965346380639161e-03  4.171028679194076e-01 
 1.019500000000000e-07  1.207254056873050e+00  7.501000000000003e-01  2.965346344089480e-03  4.171028124030542e-01 
 1.020500000000000e-07  1.207250840084256e+00  7.501000000000003e-01  2.965346378439723e-03  4.171028425666626e-01 
 1.021500000000000e-07  1.207247655345162e+00  7.501000000000003e-01  2.965346342301904e-03  4.171027912545497e-01 
 1.022500000000000e-07  1.207244502246427e+00  7.501000000000003e-01  2.965346376295957e-03  4.171028178600135e-01 
 1.023500000000000e-07  1.207241380559550e+00  7.501000000000003e-01  2.965346340538182e-03  4.171027703872935e-01 
 1.024500000000000e-07  1.207238289889740e+00  7.501000000000003e-01  2.965346374205625e-03  4.171027937735953e-01 
 1.025499999999999e-07  1.207235230006870e+00  7.501000000000003e-01  2.965346338798911e-03  4.171027498081858e-01 
 1.026499999999999e-07  1.207232200529831e+00  7.501000000000003e-01  2.965346372166636e-03  4.171027702832405e-01 
 1.027499999999999e-07  1.207229201227460e+00  7.501000000000003e-01  2.965346337084606e-03  4.171027295228559e-01 
 1.028499999999999e-07  1.207226231731524e+00  7.501000000000003e-01  2.965346370177026e-03  4.171027473663388e-01 
 1.029499999999999e-07  1.207223291810355e+00  7.501000000000003e-01  2.965346335395663e-03  4.171027095357965e-01 
 1.030499999999999e-07  1.207220381107858e+00  7.501000000000003e-01  2.965346368234974e-03  4.171027250017080e-01 
 1.031499999999999e-07  1.207217499392328e+00  7.501000000000003e-01  2.965346333732395e-03  4.171026898504752e-01 
 1.032499999999999e-07  1.207214646319128e+00  7.501000000000003e-01  2.965346366338746e-03  4.171027031694753e-01 
 1.033499999999999e-07  1.207211821656939e+00  7.501000000000003e-01  2.965346332095040e-03  4.171026704694407e-01 
 1.034499999999999e-07  1.207209025071954e+00  7.501000000000003e-01  2.965346364486740e-03  4.171026818509736e-01 
 1.035499999999999e-07  1.207206256333611e+00  7.501000000000003e-01  2.965346330483751e-03  4.171026513944189e-01 
 1.036499999999999e-07  1.207203515118359e+00  7.501000000000003e-01  2.965346362677434e-03  4.171026610286423e-01 
 1.037499999999999e-07  1.207200801196724e+00  7.501000000000003e-01  2.965346328898636e-03  4.171026326263980e-01 
 1.038499999999999e-07  1.207198114254874e+00  7.501000000000003e-01  2.965346360909397e-03  4.171026406859371e-01 
 1.039499999999999e-07  1.207195454064720e+00  7.501000000000003e-01  2.965346327339724e-03  4.171026141657089e-01 
 1.040499999999999e-07  1.207192820321655e+00  7.501000000000003e-01  2.965346359181281e-03  4.171026208072522e-01 
 1.041499999999999e-07  1.207190212799234e+00  7.501000000000003e-01  2.965346325807007e-03  4.171025960120929e-01 
 1.042499999999999e-07  1.207187631201622e+00  7.501000000000003e-01  2.965346357491812e-03  4.171026013778441e-01 
 1.043499999999998e-07  1.207185075304241e+00  7.501000000000003e-01  2.965346324300430e-03  4.171025781647686e-01 
 1.044499999999998e-07  1.207182544819608e+00  7.501000000000003e-01  2.965346355839788e-03  4.171025823837665e-01 
 1.045499999999998e-07  1.207180039525214e+00  7.501000000000003e-01  2.965346322819891e-03  4.171025606224910e-01 
 1.046499999999998e-07  1.207177559141532e+00  7.501000000000003e-01  2.965346354224064e-03  4.171025638118059e-01 
 1.047499999999998e-07  1.207175103448300e+00  7.501000000000003e-01  2.965346321365251e-03  4.171025433836005e-01 
 1.048499999999998e-07  1.207172672173584e+00  7.501000000000003e-01  2.965346352643563e-03  4.171025456494271e-01 
 1.049499999999998e-07  1.207170265099521e+00  7.501000000000003e-01  2.965346319936350e-03  4.171025264460745e-01 
 1.050499999999998e-07  1.207167881961432e+00  7.501000000000003e-01  2.965346351097253e-03  4.171025278847226e-01 
 1.051499999999998e-07  1.207165522543981e+00  7.501000000000003e-01  2.965346318532993e-03  4.171025098075686e-01 
 1.052499999999998e-07  1.207163186589434e+00  7.501000000000003e-01  2.965346349584161e-03  4.171025105063657e-01 
 1.053499999999998e-07  1.207160873885093e+00  7.501000000000003e-01  2.965346317154959e-03  4.171024934654571e-01 
 1.054499999999998e-07  1.207158584179876e+00  7.501000000000003e-01  2.965346348103355e-03  4.171024935035659e-01 
 1.055499999999998e-07  1.207156317263818e+00  7.501000000000003e-01  2.965346315802006e-03  4.171024774168663e-01 
 1.056499999999998e-07  1.207154072892219e+00  7.501000000000003e-01  2.965346346653944e-03  4.171024768660317e-01 
 1.057499999999998e-07  1.207151850857927e+00  7.501000000000003e-01  2.965346314473873e-03  4.171024616587086e-01 
 1.058499999999998e-07  1.207149650922368e+00  7.501000000000003e-01  2.965346345235086e-03  4.171024605839348e-01 
 1.059499999999998e-07  1.207147472881268e+00  7.501000000000003e-01  2.965346313170284e-03  4.171024461877108e-01 
 1.060499999999997e-07  1.207145316501942e+00  7.501000000000003e-01  2.965346343845968e-03  4.171024446478765e-01 
 1.061499999999997e-07  1.207143181583052e+00  7.501000000000003e-01  2.965346311890954e-03  4.171024310004385e-01 
 1.062499999999997e-07  1.207141067897576e+00  7.501000000000003e-01  2.965346342485819e-03  4.171024290488584e-01 
 1.063499999999997e-07  1.207138975247153e+00  7.501000000000003e-01  2.965346310635574e-03  4.171024160933226e-01 
 1.064499999999997e-07  1.207136903410220e+00  7.501000000000003e-01  2.965346341153890e-03  4.171024137782551e-01 
 1.065499999999997e-07  1.207134852191424e+00  7.501000000000003e-01  2.965346309403834e-03  4.171024014626785e-01 
 1.066499999999997e-07  1.207132821374464e+00  7.501000000000003e-01  2.965346339849472e-03  4.171023988277890e-01 
 1.067499999999997e-07  1.207130810767020e+00  7.501000000000003e-01  2.965346308195411e-03  4.171023871047251e-01 
 1.068499999999997e-07  1.207128820157870e+00  7.501000000000003e-01  2.965346338571879e-03  4.171023841895079e-01 
 1.069499999999997e-07  1.207126849357743e+00  7.501000000000003e-01  2.965346307009979e-03  4.171023730156034e-01 
 1.070499999999997e-07  1.207124898160322e+00  7.501000000000003e-01  2.965346337320452e-03  4.171023698557629e-01 
 1.071499999999997e-07  1.207122966379393e+00  7.501000000000003e-01  2.965346305847203e-03  4.171023591913909e-01 
 1.072499999999997e-07  1.207121053813384e+00  7.501000000000003e-01  2.965346336094564e-03  4.171023558191886e-01 
 1.073499999999997e-07  1.207119160279137e+00  7.501000000000003e-01  2.965346304706745e-03  4.171023456281155e-01 
 1.074499999999997e-07  1.207117285579670e+00  7.501000000000003e-01  2.965346334893597e-03  4.171023420726893e-01 
 1.075499999999997e-07  1.207115429534883e+00  7.501000000000003e-01  2.965346303588264e-03  4.171023323217686e-01 
 1.076499999999997e-07  1.207113591952236e+00  7.501000000000003e-01  2.965346333716962e-03  4.171023286094176e-01 
 1.077499999999997e-07  1.207111772654678e+00  7.501000000000003e-01  2.965346302491411e-03  4.171023192683159e-01 
 1.078499999999996e-07  1.207109971453974e+00  7.501000000000003e-01  2.965346332564092e-03  4.171023154227624e-01 
 1.079499999999996e-07  1.207108188176105e+00  7.501000000000003e-01  2.965346301415850e-03  4.171023064637078e-01 
 1.080499999999996e-07  1.207106422637016e+00  7.501000000000003e-01  2.965346331434441e-03  4.171023025063338e-01 
 1.081499999999996e-07  1.207104674665703e+00  7.501000000000003e-01  2.965346300361227e-03  4.171022939038875e-01 
 1.082499999999996e-07  1.207102944082164e+00  7.501000000000003e-01  2.965346330327473e-03  4.171022898539531e-01 
 1.083499999999996e-07  1.207101230718391e+00  7.501000000000003e-01  2.965346299327200e-03  4.171022815847998e-01 
 1.084499999999996e-07  1.207099534398318e+00  7.501000000000003e-01  2.965346329242679e-03  4.171022774596372e-01 
 1.085499999999996e-07  1.207097854956908e+00  7.501000000000003e-01  2.965346298313419e-03  4.171022695023986e-01 
 1.086499999999996e-07  1.207096192221919e+00  7.501000000000003e-01  2.965346328179554e-03  4.171022653175909e-01 
 1.087499999999996e-07  1.207094546031258e+00  7.501000000000003e-01  2.965346297319540e-03  4.171022576526516e-01 
 1.088499999999996e-07  1.207092916216403e+00  7.501000000000003e-01  2.965346327137620e-03  4.171022534221961e-01 
 1.089499999999996e-07  1.207091302618176e+00  7.501000000000003e-01  2.965346296345228e-03  4.171022460315483e-01 
 1.090499999999996e-07  1.207089705071671e+00  7.501000000000003e-01  2.965346326116406e-03  4.171022417680013e-01 
 1.091499999999996e-07  1.207088123420596e+00  7.501000000000003e-01  2.965346295390132e-03  4.171022346351020e-01 
 1.092499999999996e-07  1.207086557503562e+00  7.501000000000003e-01  2.965346325115459e-03  4.171022303497160e-01 
 1.093499999999996e-07  1.207085007167130e+00  7.501000000000003e-01  2.965346294453919e-03  4.171022234593575e-01 
 1.094499999999996e-07  1.207083472253339e+00  7.501000000000003e-01  2.965346324134338e-03  4.171022191621999e-01 
 1.095499999999995e-07  1.207081952611565e+00  7.501000000000003e-01  2.965346293536251e-03  4.171022125003924e-01 
 1.096499999999995e-07  1.207080448087186e+00  7.501000000000003e-01  2.965346323172615e-03  4.171022082004576e-01 
 1.097499999999995e-07  1.207078958532359e+00  7.501000000000003e-01  2.965346292636799e-03  4.171022017543213e-01 
 1.098499999999995e-07  1.207077483795715e+00  7.501000000000003e-01  2.965346322229864e-03  4.171021974596317e-01 
 1.099499999999995e-07  1.207076023732156e+00  7.501000000000003e-01  2.965346291755233e-03  4.171021912172995e-01 
 1.100499999999995e-07  1.207074578193484e+00  7.501000000000003e-01  2.965346321305696e-03  4.171021869349956e-01 
 1.101499999999995e-07  1.207073147037307e+00  7.501000000000003e-01  2.965346290891224e-03  4.171021808855236e-01 
 1.102499999999995e-07  1.207071730118519e+00  7.501000000000003e-01  2.965346320399699e-03  4.171021766219480e-01 
 1.103499999999995e-07  1.207070327297398e+00  7.501000000000003e-01  2.965346290044458e-03  4.171021707552370e-01 
 1.104499999999995e-07  1.207068938431854e+00  7.501000000000003e-01  2.965346319511502e-03  4.171021665160087e-01 
 1.105499999999995e-07  1.207067563384794e+00  7.501000000000003e-01  2.965346289214609e-03  4.171021608227279e-01 
 1.106499999999995e-07  1.207066202017070e+00  7.501000000000003e-01  2.965346318640716e-03  4.171021566128115e-01 
 1.107499999999995e-07  1.207064854194182e+00  7.501000000000003e-01  2.965346288401368e-03  4.171021510843332e-01 
 1.108499999999995e-07  1.207063519779855e+00  7.501000000000003e-01  2.965346317786987e-03  4.171021469081013e-01 
 1.109499999999995e-07  1.207062198642137e+00  7.501000000000003e-01  2.965346287604422e-03  4.171021415364405e-01 
 1.110499999999995e-07  1.207060890647561e+00  7.501000000000003e-01  2.965346316949955e-03  4.171021373977294e-01 
 1.111499999999995e-07  1.207059595666684e+00  7.501000000000003e-01  2.965346286823469e-03  4.171021321754865e-01 
 1.112499999999995e-07  1.207058313568778e+00  7.501000000000003e-01  2.965346316129271e-03  4.171021280776491e-01 
 1.113499999999994e-07  1.207057044226870e+00  7.501000000000003e-01  2.965346286058209e-03  4.171021229979605e-01 
 1.114499999999994e-07  1.207055787512911e+00  7.501000000000003e-01  2.965346315324597e-03  4.171021189439112e-01 
 1.115499999999994e-07  1.207054543302355e+00  7.501000000000003e-01  2.965346285308345e-03  4.171021140004039e-01 
 1.116499999999994e-07  1.207053311469770e+00  7.501000000000003e-01  2.965346314535607e-03  4.171021099926612e-01 
 1.117499999999994e-07  1.207052091893000e+00  7.501000000000003e-01  2.965346284573585e-03  4.171021051794107e-01 
 1.118499999999994e-07  1.207050884449168e+00  7.501000000000003e-01  2.965346313761971e-03  4.171021012201374e-01 
 1.119499999999994e-07  1.207049689018466e+00  7.501000000000003e-01  2.965346283853643e-03  4.171020965316278e-01 
 1.120499999999994e-07  1.207048505480519e+00  7.501000000000003e-01  2.965346313003378e-03  4.171020926226637e-01 
 1.121499999999994e-07  1.207047333717826e+00  7.501000000000003e-01  2.965346283148235e-03  4.171020880537559e-01 
 1.122499999999994e-07  1.207046173612456e+00  7.501000000000003e-01  2.965346312259521e-03  4.171020841966510e-01 
 1.123499999999994e-07  1.207045025049176e+00  7.501000000000003e-01  2.965346282457084e-03  4.171020797425499e-01 
 1.124499999999994e-07  1.207043887912446e+00  7.501000000000003e-01  2.965346311530094e-03  4.171020759385919e-01 
 1.125499999999994e-07  1.207042762089261e+00  7.501000000000003e-01  2.965346281779910e-03  4.171020715948169e-01 
 1.126499999999994e-07  1.207041647466420e+00  7.501000000000003e-01  2.965346310814805e-03  4.171020678450590e-01 
 1.127499999999994e-07  1.207040543933107e+00  7.501000000000003e-01  2.965346281116454e-03  4.171020636074181e-01 
 1.128499999999994e-07  1.207039451378407e+00  7.501000000000003e-01  2.965346310113374e-03  4.171020599127011e-01 
 1.129499999999994e-07  1.207038369693654e+00  7.501000000000003e-01  2.965346280466448e-03  4.171020557772678e-01 
 1.130499999999993e-07  1.207037298770172e+00  7.501000000000003e-01  2.965346309425505e-03  4.171020521382427e-01 
 1.131499999999993e-07  1.207036238501407e+00  7.501000000000003e-01  2.965346279829630e-03  4.171020481013344e-01 
 1.132499999999993e-07  1.207035188780872e+00  7.501000000000003e-01  2.965346308750933e-03  4.171020445184807e-01 
 1.133499999999993e-07  1.207034149504086e+00  7.501000000000003e-01  2.965346279205748e-03  4.171020405766371e-01 
 1.134499999999993e-07  1.207033120566705e+00  7.501000000000003e-01  2.965346308089390e-03  4.171020370502819e-01 
 1.135499999999993e-07  1.207032101866284e+00  7.501000000000003e-01  2.965346278594550e-03  4.171020332002489e-01 
 1.136499999999993e-07  1.207031093300575e+00  7.501000000000003e-01  2.965346307440610e-03  4.171020297305824e-01 
 1.137499999999993e-07  1.207030094769133e+00  7.501000000000003e-01  2.965346277995790e-03  4.171020259692942e-01 
 1.138499999999993e-07  1.207029106171764e+00  7.501000000000003e-01  2.965346306804339e-03  4.171020225563837e-01 
 1.139499999999993e-07  1.207028127409981e+00  7.501000000000003e-01  2.965346277409221e-03  4.171020188809489e-01 
 1.140499999999993e-07  1.207027158385602e+00  7.501000000000003e-01  2.965346306180318e-03  4.171020155247530e-01 
 1.141499999999993e-07  1.207026199002065e+00  7.501000000000003e-01  2.965346276834609e-03  4.171020119324398e-01 
 1.142499999999993e-07  1.207025249163156e+00  7.501000000000003e-01  2.965346305568309e-03  4.171020086328193e-01 
 1.143499999999993e-07  1.207024308774201e+00  7.501000000000003e-01  2.965346276271724e-03  4.171020051210435e-01 
 1.144499999999993e-07  1.207023377740912e+00  7.501000000000003e-01  2.965346304968070e-03  4.171020018777732e-01 
 1.145499999999993e-07  1.207022455970471e+00  7.501000000000003e-01  2.965346275720333e-03  4.171019984440877e-01 
 1.146499999999993e-07  1.207021543370473e+00  7.501000000000003e-01  2.965346304379358e-03  4.171019952568650e-01 
 1.147499999999993e-07  1.207020639849922e+00  7.501000000000003e-01  2.965346275180215e-03  4.171019918989483e-01 
 1.148499999999992e-07  1.207019745318261e+00  7.501000000000003e-01  2.965346303801949e-03  4.171019887674032e-01 
 1.149499999999992e-07  1.207018859686276e+00  7.501000000000003e-01  2.965346274651144e-03  4.171019854830491e-01 
 1.150499999999992e-07  1.207017982865220e+00  7.501000000000003e-01  2.965346303235615e-03  4.171019824067523e-01 
 1.151499999999992e-07  1.207017114767631e+00  7.501000000000003e-01  2.965346274132906e-03  4.171019791938634e-01 
 1.152499999999992e-07  1.207016255306532e+00  7.501000000000003e-01  2.965346302680133e-03  4.171019761723321e-01 
 1.153499999999992e-07  1.207015404396180e+00  7.501000000000003e-01  2.965346273625289e-03  4.171019730289102e-01 
 1.154499999999992e-07  1.207014561951333e+00  7.501000000000003e-01  2.965346302135290e-03  4.171019700616174e-01 
 1.155499999999992e-07  1.207013727887932e+00  7.501000000000003e-01  2.965346273128079e-03  4.171019669857564e-01 
 1.156499999999992e-07  1.207012902122435e+00  7.501000000000003e-01  2.965346301600871e-03  4.171019640721330e-01 
 1.157499999999992e-07  1.207012084572437e+00  7.501000000000003e-01  2.965346272641084e-03  4.171019610620134e-01 
 1.158499999999992e-07  1.207011275156061e+00  7.501000000000003e-01  2.965346301076671e-03  4.171019582014569e-01 
 1.159499999999992e-07  1.207010473792521e+00  7.501000000000003e-01  2.965346272164092e-03  4.171019552553386e-01 
 1.160499999999992e-07  1.207009680401574e+00  7.501000000000003e-01  2.965346300562480e-03  4.171019524472167e-01 
 1.161499999999992e-07  1.207008894904021e+00  7.501000000000003e-01  2.965346271696910e-03  4.171019495634337e-01 
 1.162499999999992e-07  1.207008117221218e+00  7.501000000000003e-01  2.965346300058108e-03  4.171019468070883e-01 
 1.163499999999992e-07  1.207007347275526e+00  7.501000000000003e-01  2.965346271239343e-03  4.171019439840439e-01 
 1.164499999999992e-07  1.207006584989867e+00  7.501000000000003e-01  2.965346299563351e-03  4.171019412787960e-01 
 1.165499999999991e-07  1.207005830288131e+00  7.501000000000003e-01  2.965346270791202e-03  4.171019385149579e-01 
 1.166499999999991e-07  1.207005083094770e+00  7.501000000000003e-01  2.965346299078024e-03  4.171019358601096e-01 
 1.167499999999991e-07  1.207004343335176e+00  7.501000000000003e-01  2.965346270352305e-03  4.171019331540059e-01 
 1.168499999999991e-07  1.207003610935306e+00  7.501000000000003e-01  2.965346298601937e-03  4.171019305488456e-01 
 1.169499999999991e-07  1.207002885822020e+00  7.501000000000003e-01  2.965346269922465e-03  4.171019278990609e-01 
 1.170499999999991e-07  1.207002167922747e+00  7.501000000000003e-01  2.965346298134909e-03  4.171019253428647e-01 
 1.171499999999991e-07  1.207001457165790e+00  7.501000000000003e-01  2.965346269501498e-03  4.171019227480359e-01 
 1.172499999999991e-07  1.207000753480021e+00  7.501000000000003e-01  2.965346297676754e-03  4.171019202400708e-01 
 1.173499999999991e-07  1.207000056795157e+00  7.501000000000003e-01  2.965346269089244e-03  4.171019176988838e-01 
 1.174499999999991e-07  1.206999367041481e+00  7.501000000000003e-01  2.965346297227304e-03  4.171019152384099e-01 
 1.175499999999991e-07  1.206998684150099e+00  7.501000000000003e-01  2.965346268685518e-03  4.171019127495988e-01 
 1.176499999999991e-07  1.206998008052680e+00  7.501000000000003e-01  2.965346296786381e-03  4.171019103358714e-01 
 1.177499999999991e-07  1.206997338681687e+00  7.501000000000003e-01  2.965346268290156e-03  4.171019078982124e-01 
 1.178499999999991e-07  1.206996675970147e+00  7.501000000000003e-01  2.965346296353816e-03  4.171019055304829e-01 
 1.179499999999991e-07  1.206996019851858e+00  7.501000000000003e-01  2.965346267902995e-03  4.171019031427938e-01 
 1.180499999999991e-07  1.206995370261173e+00  7.501000000000003e-01  2.965346295929447e-03  4.171019008203141e-01 
 1.181499999999991e-07  1.206994727133199e+00  7.501000000000003e-01  2.965346267523865e-03  4.171018984814512e-01 
 1.182499999999991e-07  1.206994090403594e+00  7.501000000000003e-01  2.965346295513109e-03  4.171018962034721e-01 
 1.183499999999990e-07  1.206993460008744e+00  7.501000000000003e-01  2.965346267152614e-03  4.171018939123287e-01 
 1.184499999999990e-07  1.206992835885585e+00  7.501000000000003e-01  2.965346295104644e-03  4.171018916781027e-01 
 1.185499999999990e-07  1.206992217971759e+00  7.501000000000003e-01  2.965346266789084e-03  4.171018894336065e-01 
 1.186499999999990e-07  1.206991606205453e+00  7.501000000000003e-01  2.965346294703894e-03  4.171018872423889e-01 
 1.187499999999990e-07  1.206991000525543e+00  7.501000000000003e-01  2.965346266433118e-03  4.171018850435008e-01 
 1.188499999999990e-07  1.206990400871441e+00  7.501000000000003e-01  2.965346294310708e-03  4.171018828945504e-01 
 1.189499999999990e-07  1.206989807183230e+00  7.501000000000003e-01  2.965346266084574e-03  4.171018807402620e-01 
 1.190499999999990e-07  1.206989219401526e+00  7.501000000000003e-01  2.965346293924936e-03  4.171018786328424e-01 
 1.191499999999990e-07  1.206988637467594e+00  7.501000000000003e-01  2.965346265743301e-03  4.171018765221746e-01 
 1.192499999999990e-07  1.206988061323228e+00  7.501000000000003e-01  2.965346293546433e-03  4.171018744555554e-01 
 1.193499999999990e-07  1.206987490910856e+00  7.501000000000003e-01  2.965346265409150e-03  4.171018723875576e-01 
 1.194499999999990e-07  1.206986926173424e+00  7.501000000000003e-01  2.965346293175054e-03  4.171018703610136e-01 
 1.195499999999990e-07  1.206986367054498e+00  7.501000000000003e-01  2.965346265081993e-03  4.171018683347619e-01 
 1.196499999999990e-07  1.206985813498157e+00  7.501000000000003e-01  2.965346292810657e-03  4.171018663475756e-01 
 1.197499999999990e-07  1.206985265449082e+00  7.501000000000003e-01  2.965346264761677e-03  4.171018643621710e-01 
 1.198499999999991e-07  1.206984722852461e+00  7.501000000000003e-01  2.965346292453107e-03  4.171018624136315e-01 
 1.199499999999991e-07  1.206984185654068e+00  7.501000000000003e-01  2.965346264448072e-03  4.171018604682006e-01 
 1.200499999999991e-07  1.206983653800178e+00  7.501000000000003e-01  2.965346292102266e-03  4.171018585576051e-01 
 1.201499999999991e-07  1.206983127237637e+00  7.501000000000003e-01  2.965346264141045e-03  4.171018566512962e-01 
 1.202499999999991e-07  1.206982605913785e+00  7.501000000000003e-01  2.965346291758004e-03  4.171018547779506e-01 
 1.203499999999991e-07  1.206982089776519e+00  7.501000000000003e-01  2.965346263840467e-03  4.171018529099354e-01 
 1.204499999999991e-07  1.206981578774223e+00  7.501000000000003e-01  2.965346291420182e-03  4.171018510731537e-01 
 1.205499999999991e-07  1.206981072855826e+00  7.501000000000003e-01  2.965346263546208e-03  4.171018492426247e-01 
 1.206499999999991e-07  1.206980571970733e+00  7.501000000000003e-01  2.965346291088688e-03  4.171018474417297e-01 
 1.207499999999991e-07  1.206980076068883e+00  7.501000000000003e-01  2.965346263258142e-03  4.171018456478998e-01 
 1.208499999999991e-07  1.206979585100685e+00  7.501000000000003e-01  2.965346290763383e-03  4.171018438822243e-01 
 1.209499999999991e-07  1.206979099017067e+00  7.501000000000003e-01  2.965346262976148e-03  4.171018421243262e-01 
 1.210499999999991e-07  1.206978617769422e+00  7.501000000000003e-01  2.965346290444161e-03  4.171018403932112e-01 
 1.211499999999991e-07  1.206978141309648e+00  7.501000000000003e-01  2.965346262700107e-03  4.171018386704964e-01 
 1.212499999999992e-07  1.206977669590100e+00  7.501000000000003e-01  2.965346290130886e-03  4.171018369732933e-01 
 1.213499999999992e-07  1.206977202563631e+00  7.501000000000003e-01  2.965346262429897e-03  4.171018352850318e-01 
 1.214499999999992e-07  1.206976740183538e+00  7.501000000000003e-01  2.965346289823446e-03  4.171018336211011e-01 
 1.215499999999992e-07  1.206976282403605e+00  7.501000000000003e-01  2.965346262165401e-03  4.171018319665797e-01 
 1.216499999999992e-07  1.206975829178056e+00  7.501000000000003e-01  2.965346289521727e-03  4.171018303352920e-01 
 1.217499999999992e-07  1.206975380461589e+00  7.501000000000003e-01  2.965346261906508e-03  4.171018287138153e-01 
 1.218499999999992e-07  1.206974936209336e+00  7.501000000000003e-01  2.965346289225618e-03  4.171018271145510e-01 
 1.219499999999992e-07  1.206974496376890e+00  7.501000000000003e-01  2.965346261653106e-03  4.171018255254390e-01 
 1.220499999999992e-07  1.206974060920272e+00  7.501000000000003e-01  2.965346288935002e-03  4.171018239575880e-01 
 1.221499999999992e-07  1.206973629795955e+00  7.501000000000003e-01  2.965346261405085e-03  4.171018224001776e-01 
 1.222499999999992e-07  1.206973202960831e+00  7.501000000000003e-01  2.965346288649780e-03  4.171018208631397e-01 
 1.223499999999992e-07  1.206972780372233e+00  7.501000000000003e-01  2.965346261162343e-03  4.171018193367813e-01 
 1.224499999999992e-07  1.206972361987907e+00  7.501000000000003e-01  2.965346288369837e-03  4.171018178299667e-01 
 1.225499999999993e-07  1.206971947766032e+00  7.501000000000003e-01  2.965346260924767e-03  4.171018163340275e-01 
 1.226499999999993e-07  1.206971537665189e+00  7.501000000000003e-01  2.965346288095075e-03  4.171018148568558e-01 
 1.227499999999993e-07  1.206971131644386e+00  7.501000000000003e-01  2.965346260692263e-03  4.171018133907162e-01 
 1.228499999999993e-07  1.206970729663025e+00  7.501000000000003e-01  2.965346287825387e-03  4.171018119426169e-01 
 1.229499999999993e-07  1.206970331680923e+00  7.501000000000003e-01  2.965346260464721e-03  4.171018105056702e-01 
 1.230499999999993e-07  1.206969937658286e+00  7.501000000000003e-01  2.965346287560676e-03  4.171018090860834e-01 
 1.231499999999993e-07  1.206969547555728e+00  7.501000000000003e-01  2.965346260242051e-03  4.171018076777378e-01 
 1.232499999999993e-07  1.206969161334245e+00  7.501000000000003e-01  2.965346287300840e-03  4.171018062861121e-01 
 1.233499999999993e-07  1.206968778955228e+00  7.501000000000003e-01  2.965346260024150e-03  4.171018049057884e-01 
 1.234499999999993e-07  1.206968400380444e+00  7.501000000000003e-01  2.965346287045794e-03  4.171018035415825e-01 
 1.235499999999993e-07  1.206968025572049e+00  7.501000000000003e-01  2.965346259810927e-03  4.171018021887142e-01 
 1.236499999999993e-07  1.206967654492569e+00  7.501000000000003e-01  2.965346286795433e-03  4.171018008513970e-01 
 1.237499999999993e-07  1.206967287104909e+00  7.501000000000003e-01  2.965346259602286e-03  4.171017995254294e-01 
 1.238499999999994e-07  1.206966923372336e+00  7.501000000000003e-01  2.965346286549664e-03  4.171017982144787e-01 
 1.239499999999994e-07  1.206966563258489e+00  7.501000000000003e-01  2.965346259398136e-03  4.171017969148694e-01 
 1.240499999999994e-07  1.206966206727364e+00  7.501000000000003e-01  2.965346286308403e-03  4.171017956297719e-01 
 1.241499999999994e-07  1.206965853743318e+00  7.501000000000003e-01  2.965346259198390e-03  4.171017943559909e-01 
 1.242499999999994e-07  1.206965504271060e+00  7.501000000000003e-01  2.965346286071558e-03  4.171017930962437e-01 
 1.243499999999994e-07  1.206965158275654e+00  7.501000000000003e-01  2.965346259002958e-03  4.171017918477705e-01 
 1.244499999999994e-07  1.206964815722508e+00  7.501000000000003e-01  2.965346285839043e-03  4.171017906128796e-01 
 1.245499999999994e-07  1.206964476577376e+00  7.501000000000003e-01  2.965346258811755e-03  4.171017893892064e-01 
 1.246499999999994e-07  1.206964140806351e+00  7.501000000000003e-01  2.965346285610771e-03  4.171017881786868e-01 
 1.247499999999994e-07  1.206963808375866e+00  7.501000000000003e-01  2.965346258624695e-03  4.171017869793155e-01 
 1.248499999999994e-07  1.206963479252685e+00  7.501000000000003e-01  2.965346285386660e-03  4.171017857926906e-01 
 1.249499999999994e-07  1.206963153403905e+00  7.501000000000003e-01  2.965346258441695e-03  4.171017846171344e-01 
 1.250499999999994e-07  1.206962830796948e+00  7.501000000000003e-01  2.965346285166627e-03  4.171017834539369e-01 
 1.251499999999994e-07  1.206962511399565e+00  7.501000000000003e-01  2.965346258262682e-03  4.171017823017186e-01 
 1.252499999999995e-07  1.206962195179820e+00  7.501000000000003e-01  2.965346284950595e-03  4.171017811614903e-01 
 1.253499999999995e-07  1.206961882106103e+00  7.501000000000003e-01  2.965346258087569e-03  4.171017800321425e-01 
 1.254499999999995e-07  1.206961572147111e+00  7.501000000000003e-01  2.965346284738480e-03  4.171017789144335e-01 
 1.255499999999995e-07  1.206961265271860e+00  7.501000000000003e-01  2.965346257916277e-03  4.171017778074989e-01 
 1.256499999999995e-07  1.206960961449666e+00  7.501000000000003e-01  2.965346284530211e-03  4.171017767118677e-01 
 1.257499999999995e-07  1.206960660650158e+00  7.501000000000003e-01  2.965346257748735e-03  4.171017756268988e-01 
 1.258499999999995e-07  1.206960362843262e+00  7.501000000000003e-01  2.965346284325706e-03  4.171017745529115e-01 
 1.259499999999995e-07  1.206960067999206e+00  7.501000000000003e-01  2.965346257584868e-03  4.171017734894693e-01 
 1.260499999999995e-07  1.206959776088511e+00  7.501000000000003e-01  2.965346284124893e-03  4.171017724367017e-01 
 1.261499999999995e-07  1.206959487081996e+00  7.501000000000003e-01  2.965346257424599e-03  4.171017713943568e-01 
 1.262499999999995e-07  1.206959200950766e+00  7.501000000000003e-01  2.965346283927707e-03  4.171017703623920e-01 
 1.263499999999995e-07  1.206958917666217e+00  7.501000000000003e-01  2.965346257267857e-03  4.171017693407228e-01 
 1.264499999999995e-07  1.206958637200025e+00  7.501000000000003e-01  2.965346283734063e-03  4.171017683291519e-01 
 1.265499999999996e-07  1.206958359524153e+00  7.501000000000003e-01  2.965346257114575e-03  4.171017673277475e-01 
 1.266499999999996e-07  1.206958084610839e+00  7.501000000000003e-01  2.965346283543905e-03  4.171017663361695e-01 
 1.267499999999996e-07  1.206957812432600e+00  7.501000000000003e-01  2.965346256964682e-03  4.171017653546250e-01 
 1.268499999999996e-07  1.206957542962225e+00  7.501000000000003e-01  2.965346283357156e-03  4.171017643826462e-01 
 1.269499999999996e-07  1.206957276172772e+00  7.501000000000003e-01  2.965346256818109e-03  4.171017634205663e-01 
 1.270499999999996e-07  1.206957012037570e+00  7.501000000000003e-01  2.965346283173747e-03  4.171017624678018e-01 
 1.271499999999996e-07  1.206956750530213e+00  7.501000000000003e-01  2.965346256674792e-03  4.171017615247991e-01 
 1.272499999999996e-07  1.206956491624557e+00  7.501000000000003e-01  2.965346282993624e-03  4.171017605908691e-01 
 1.273499999999996e-07  1.206956235294717e+00  7.501000000000003e-01  2.965346256534662e-03  4.171017596665641e-01 
 1.274499999999996e-07  1.206955981515067e+00  7.501000000000003e-01  2.965346282816710e-03  4.171017587510990e-01 
 1.275499999999996e-07  1.206955730260235e+00  7.501000000000003e-01  2.965346256397664e-03  4.171017578451190e-01 
 1.276499999999996e-07  1.206955481505102e+00  7.501000000000003e-01  2.965346282642946e-03  4.171017569477542e-01 
 1.277499999999996e-07  1.206955235224800e+00  7.501000000000003e-01  2.965346256263721e-03  4.171017560597357e-01 
 1.278499999999997e-07  1.206954991394706e+00  7.501000000000003e-01  2.965346282472269e-03  4.171017551801141e-01 
 1.279499999999997e-07  1.206954749990444e+00  7.501000000000003e-01  2.965346256132789e-03  4.171017543096999e-01 
 1.280499999999997e-07  1.206954510987879e+00  7.501000000000003e-01  2.965346282304630e-03  4.171017534474720e-01 
 1.281499999999997e-07  1.206954274363118e+00  7.501000000000003e-01  2.965346256004794e-03  4.171017525943114e-01 
 1.282499999999997e-07  1.206954040092503e+00  7.501000000000003e-01  2.965346282139952e-03  4.171017517491344e-01 
 1.283499999999997e-07  1.206953808152614e+00  7.501000000000003e-01  2.965346255879686e-03  4.171017509128855e-01 
 1.284499999999997e-07  1.206953578520263e+00  7.501000000000003e-01  2.965346281978188e-03  4.171017500844229e-01 
 1.285499999999997e-07  1.206953351172491e+00  7.501000000000003e-01  2.965346255757405e-03  4.171017492647488e-01 
 1.286499999999997e-07  1.206953126086572e+00  7.501000000000003e-01  2.965346281819274e-03  4.171017484526702e-01 
 1.287499999999997e-07  1.206952903240000e+00  7.501000000000003e-01  2.965346255637895e-03  4.171017476492432e-01 
 1.288499999999997e-07  1.206952682610498e+00  7.501000000000003e-01  2.965346281663163e-03  4.171017468532249e-01 
 1.289499999999997e-07  1.206952464176009e+00  7.501000000000003e-01  2.965346255521097e-03  4.171017460657211e-01 
 1.290499999999997e-07  1.206952247914693e+00  7.501000000000003e-01  2.965346281509790e-03  4.171017452854470e-01 
 1.291499999999998e-07  1.206952033804932e+00  7.501000000000003e-01  2.965346255406961e-03  4.171017445135507e-01 
 1.292499999999998e-07  1.206951821825319e+00  7.501000000000003e-01  2.965346281359109e-03  4.171017437487096e-01 
 1.293499999999998e-07  1.206951611954661e+00  7.501000000000003e-01  2.965346255295432e-03  4.171017429921112e-01 
 1.294499999999998e-07  1.206951404171978e+00  7.501000000000003e-01  2.965346281211060e-03  4.171017422423984e-01 
 1.295499999999998e-07  1.206951198456495e+00  7.501000000000003e-01  2.965346255186457e-03  4.171017415007936e-01 
 1.296499999999998e-07  1.206950994787647e+00  7.501000000000003e-01  2.965346281065597e-03  4.171017407659097e-01 
 1.297499999999998e-07  1.206950793145072e+00  7.501000000000003e-01  2.965346255079989e-03  4.171017400390019e-01 
 1.298499999999998e-07  1.206950593508612e+00  7.501000000000003e-01  2.965346280922670e-03  4.171017393186544e-01 
 1.299499999999998e-07  1.206950395858306e+00  7.501000000000003e-01  2.965346254975971e-03  4.171017386061520e-01 
 1.300499999999998e-07  1.206950200174396e+00  7.501000000000003e-01  2.965346280782225e-03  4.171017379000531e-01 
 1.301499999999998e-07  1.206950006437318e+00  7.501000000000003e-01  2.965346254874359e-03  4.171017372016695e-01 
 1.302499999999998e-07  1.206949814627703e+00  7.501000000000003e-01  2.965346280644217e-03  4.171017365095386e-01 
 1.303499999999998e-07  1.206949624726375e+00  7.501000000000003e-01  2.965346254775104e-03  4.171017358249948e-01 
 1.304499999999998e-07  1.206949436714349e+00  7.501000000000003e-01  2.965346280508598e-03  4.171017351465546e-01 
 1.305499999999999e-07  1.206949250572828e+00  7.501000000000003e-01  2.965346254678159e-03  4.171017344755760e-01 
 1.306499999999999e-07  1.206949066283203e+00  7.501000000000003e-01  2.965346280375316e-03  4.171017338105560e-01 
 1.307499999999999e-07  1.206948883827051e+00  7.501000000000003e-01  2.965346254583476e-03  4.171017331528734e-01 
 1.308499999999999e-07  1.206948703186130e+00  7.501000000000003e-01  2.965346280244331e-03  4.171017325010090e-01 
 1.309499999999999e-07  1.206948524342380e+00  7.501000000000003e-01  2.965346254491013e-03  4.171017318563585e-01 
 1.310499999999999e-07  1.206948347277921e+00  7.501000000000003e-01  2.965346280115594e-03  4.171017312173894e-01 
 1.311499999999999e-07  1.206948171975052e+00  7.501000000000003e-01  2.965346254400724e-03  4.171017305855131e-01 
 1.312499999999999e-07  1.206947998416247e+00  7.501000000000003e-01  2.965346279989067e-03  4.171017299591836e-01 
 1.313499999999999e-07  1.206947826584155e+00  7.501000000000003e-01  2.965346254312566e-03  4.171017293398282e-01 
 1.314499999999999e-07  1.206947656461596e+00  7.501000000000003e-01  2.965346279864701e-03  4.171017287258899e-01 
 1.315499999999999e-07  1.206947488031562e+00  7.501000000000003e-01  2.965346254226490e-03  4.171017281188065e-01 
 1.316499999999999e-07  1.206947321277216e+00  7.501000000000003e-01  2.965346279742454e-03  4.171017275170131e-01 
 1.317499999999999e-07  1.206947156181885e+00  7.501000000000003e-01  2.965346254142461e-03  4.171017269219593e-01 
 1.318500000000000e-07  1.206946992729064e+00  7.501000000000003e-01  2.965346279622293e-03  4.171017263320707e-01 
 1.319500000000000e-07  1.206946830902413e+00  7.501000000000003e-01  2.965346254060442e-03  4.171017257488080e-01 
 1.320500000000000e-07  1.206946670685753e+00  7.501000000000003e-01  2.965346279504158e-03  4.171017251705891e-01 
 1.321500000000000e-07  1.206946512063066e+00  7.501000000000003e-01  2.965346253980382e-03  4.171017245988834e-01 
 1.322500000000000e-07  1.206946355018494e+00  7.501000000000003e-01  2.965346279388030e-03  4.171017240321030e-01 
 1.323500000000000e-07  1.206946199536337e+00  7.501000000000003e-01  2.965346253902247e-03  4.171017234717258e-01 
 1.324500000000000e-07  1.206946045601050e+00  7.501000000000003e-01  2.965346279273863e-03  4.171017229161579e-01 
 1.325500000000000e-07  1.206945893197244e+00  7.501000000000003e-01  2.965346253826003e-03  4.171017223668845e-01 
 1.326500000000000e-07  1.206945742309682e+00  7.501000000000003e-01  2.965346279161614e-03  4.171017218223069e-01 
 1.327500000000000e-07  1.206945592923279e+00  7.501000000000003e-01  2.965346253751604e-03  4.171017212839179e-01 
 1.328500000000000e-07  1.206945445023101e+00  7.501000000000003e-01  2.965346279051248e-03  4.171017207501131e-01 
 1.329500000000000e-07  1.206945298594362e+00  7.501000000000003e-01  2.965346253679020e-03  4.171017202223923e-01 
 1.330500000000000e-07  1.206945153622422e+00  7.501000000000003e-01  2.965346278942729e-03  4.171017196991473e-01 
 1.331500000000001e-07  1.206945010092787e+00  7.501000000000003e-01  2.965346253608206e-03  4.171017191818832e-01 
 1.332500000000001e-07  1.206944867991108e+00  7.501000000000003e-01  2.965346278836023e-03  4.171017186689894e-01 
 1.333500000000001e-07  1.206944727303179e+00  7.501000000000003e-01  2.965346253539138e-03  4.171017181619749e-01 
 1.334500000000001e-07  1.206944588014935e+00  7.501000000000003e-01  2.965346278731089e-03  4.171017176592274e-01 
 1.335500000000001e-07  1.206944450112450e+00  7.501000000000003e-01  2.965346253471768e-03  4.171017171622601e-01 
 1.336500000000001e-07  1.206944313581938e+00  7.501000000000003e-01  2.965346278627898e-03  4.171017166694574e-01 
 1.337500000000001e-07  1.206944178409749e+00  7.501000000000003e-01  2.965346253406069e-03  4.171017161823374e-01 
 1.338500000000001e-07  1.206944044582369e+00  7.501000000000003e-01  2.965346278526414e-03  4.171017156992837e-01 
 1.339500000000001e-07  1.206943912086420e+00  7.501000000000003e-01  2.965346253342012e-03  4.171017152218163e-01 
 1.340500000000001e-07  1.206943780908654e+00  7.501000000000003e-01  2.965346278426603e-03  4.171017147483183e-01 
 1.341500000000001e-07  1.206943651035958e+00  7.501000000000003e-01  2.965346253279555e-03  4.171017142803125e-01 
 1.342500000000001e-07  1.206943522455347e+00  7.501000000000003e-01  2.965346278328433e-03  4.171017138161806e-01 
 1.343500000000001e-07  1.206943395153967e+00  7.501000000000003e-01  2.965346253218672e-03  4.171017133574488e-01 
 1.344500000000001e-07  1.206943269119090e+00  7.501000000000003e-01  2.965346278231870e-03  4.171017129024983e-01 
 1.345500000000002e-07  1.206943144338117e+00  7.501000000000003e-01  2.965346253159323e-03  4.171017124528568e-01 
 1.346500000000002e-07  1.206943020798573e+00  7.501000000000003e-01  2.965346278136885e-03  4.171017120069060e-01 
 1.347500000000002e-07  1.206942898488105e+00  7.501000000000003e-01  2.965346253101490e-03  4.171017115661744e-01 
 1.348500000000002e-07  1.206942777394488e+00  7.501000000000003e-01  2.965346278043452e-03  4.171017111290447e-01 
 1.349500000000002e-07  1.206942657505614e+00  7.501000000000003e-01  2.965346253045134e-03  4.171017106970475e-01 
 1.350500000000002e-07  1.206942538809497e+00  7.501000000000003e-01  2.965346277951532e-03  4.171017102685646e-01 
 1.351500000000002e-07  1.206942421294272e+00  7.501000000000003e-01  2.965346252990225e-03  4.171017098451280e-01 
 1.352500000000002e-07  1.206942304948190e+00  7.501000000000003e-01  2.965346277861095e-03  4.171017094251208e-01 
 1.353500000000002e-07  1.206942189759619e+00  7.501000000000003e-01  2.965346252936735e-03  4.171017090100749e-01 
 1.354500000000002e-07  1.206942075717042e+00  7.501000000000003e-01  2.965346277772118e-03  4.171017085983759e-01 
 1.355500000000002e-07  1.206941962809060e+00  7.501000000000003e-01  2.965346252884637e-03  4.171017081915553e-01 
 1.356500000000002e-07  1.206941851024383e+00  7.501000000000003e-01  2.965346277684572e-03  4.171017077879998e-01 
 1.357500000000002e-07  1.206941740351837e+00  7.501000000000003e-01  2.965346252833906e-03  4.171017073892414e-01 
 1.358500000000003e-07  1.206941630780357e+00  7.501000000000003e-01  2.965346277598430e-03  4.171017069936677e-01 
 1.359500000000003e-07  1.206941522298987e+00  7.501000000000003e-01  2.965346252784507e-03  4.171017066028119e-01 
 1.360500000000003e-07  1.206941414896884e+00  7.501000000000003e-01  2.965346277513661e-03  4.171017062150627e-01 
 1.361500000000003e-07  1.206941308563309e+00  7.501000000000003e-01  2.965346252736416e-03  4.171017058319529e-01 
 1.362500000000003e-07  1.206941203287632e+00  7.501000000000003e-01  2.965346277430239e-03  4.171017054518730e-01 
 1.363500000000003e-07  1.206941099059328e+00  7.501000000000003e-01  2.965346252689612e-03  4.171017050763562e-01 
 1.364500000000003e-07  1.206940995867977e+00  7.501000000000003e-01  2.965346277348139e-03  4.171017047037935e-01 
 1.365500000000003e-07  1.206940893703263e+00  7.501000000000003e-01  2.965346252644058e-03  4.171017043357190e-01 
 1.366500000000003e-07  1.206940792554971e+00  7.501000000000003e-01  2.965346277267332e-03  4.171017039705253e-01 
 1.367500000000003e-07  1.206940692412989e+00  7.501000000000003e-01  2.965346252599738e-03  4.171017036097456e-01 
 1.368500000000003e-07  1.206940593267306e+00  7.501000000000003e-01  2.965346277187802e-03  4.171017032517746e-01 
 1.369500000000003e-07  1.206940495108010e+00  7.501000000000003e-01  2.965346252556625e-03  4.171017028981456e-01 
 1.370500000000003e-07  1.206940397925286e+00  7.501000000000003e-01  2.965346277109514e-03  4.171017025472544e-01 
 1.371500000000004e-07  1.206940301709420e+00  7.501000000000003e-01  2.965346252514694e-03  4.171017022006341e-01 
 1.372500000000004e-07  1.206940206450793e+00  7.501000000000003e-01  2.965346277032450e-03  4.171017018566830e-01 
 1.373500000000004e-07  1.206940112139880e+00  7.501000000000003e-01  2.965346252473920e-03  4.171017015169326e-01 
 1.374500000000004e-07  1.206940018767253e+00  7.501000000000003e-01  2.965346276956582e-03  4.171017011797838e-01 
 1.375500000000004e-07  1.206939926323578e+00  7.501000000000003e-01  2.965346252434285e-03  4.171017008467673e-01 
 1.376500000000004e-07  1.206939834799612e+00  7.501000000000003e-01  2.965346276881886e-03  4.171017005162865e-01 
 1.377500000000004e-07  1.206939744186205e+00  7.501000000000003e-01  2.965346252395755e-03  4.171017001898706e-01 
 1.378500000000004e-07  1.206939654474298e+00  7.501000000000003e-01  2.965346276808349e-03  4.171016998659255e-01 
 1.379500000000004e-07  1.206939565654923e+00  7.501000000000003e-01  2.965346252358319e-03  4.171016995459794e-01 
 1.380500000000004e-07  1.206939477719199e+00  7.501000000000003e-01  2.965346276735939e-03  4.171016992284409e-01 
 1.381500000000004e-07  1.206939390658335e+00  7.501000000000003e-01  2.965346252321946e-03  4.171016989148370e-01 
 1.382500000000004e-07  1.206939304463627e+00  7.501000000000003e-01  2.965346276664638e-03  4.171016986035778e-01 
 1.383500000000004e-07  1.206939219126459e+00  7.501000000000003e-01  2.965346252286620e-03  4.171016982961898e-01 
 1.384500000000004e-07  1.206939134638299e+00  7.501000000000003e-01  2.965346276594422e-03  4.171016979910856e-01 
 1.385500000000005e-07  1.206939050990700e+00  7.501000000000003e-01  2.965346252252321e-03  4.171016976897912e-01 
 1.386500000000005e-07  1.206938968175299e+00  7.501000000000003e-01  2.965346276525271e-03  4.171016973907209e-01 
 1.387500000000005e-07  1.206938886183817e+00  7.501000000000003e-01  2.965346252219023e-03  4.171016970953986e-01 
 1.388500000000005e-07  1.206938805008056e+00  7.501000000000003e-01  2.965346276457166e-03  4.171016968022421e-01 
 1.389500000000005e-07  1.206938724639903e+00  7.501000000000003e-01  2.965346252186713e-03  4.171016965127741e-01 
 1.390500000000005e-07  1.206938645071320e+00  7.501000000000003e-01  2.965346276390082e-03  4.171016962254144e-01 
 1.391500000000005e-07  1.206938566294355e+00  7.501000000000003e-01  2.965346252155359e-03  4.171016959416849e-01 
 1.392500000000005e-07  1.206938488301131e+00  7.501000000000003e-01  2.965346276324006e-03  4.171016956600080e-01 
 1.393500000000005e-07  1.206938411083850e+00  7.501000000000003e-01  2.965346252124954e-03  4.171016953819027e-01 
 1.394500000000005e-07  1.206938334634793e+00  7.501000000000003e-01  2.965346276258917e-03  4.171016951057948e-01 
 1.395500000000005e-07  1.206938258946317e+00  7.501000000000003e-01  2.965346252095468e-03  4.171016948332032e-01 
 1.396500000000005e-07  1.206938184010855e+00  7.501000000000003e-01  2.965346276194791e-03  4.171016945625547e-01 
 1.397500000000005e-07  1.206938109820916e+00  7.501000000000003e-01  2.965346252066895e-03  4.171016942953673e-01 
 1.398500000000006e-07  1.206938036369082e+00  7.501000000000003e-01  2.965346276131614e-03  4.171016940300705e-01 
 1.399500000000006e-07  1.206937963648010e+00  7.501000000000003e-01  2.965346252039206e-03  4.171016937681801e-01 
 1.400500000000006e-07  1.206937891650431e+00  7.501000000000003e-01  2.965346276069367e-03  4.171016935081285e-01 
 1.401500000000006e-07  1.206937820369145e+00  7.501000000000003e-01  2.965346252012386e-03  4.171016932514304e-01 
 1.402500000000006e-07  1.206937749797027e+00  7.501000000000003e-01  2.965346276008030e-03  4.171016929965202e-01 
 1.403500000000006e-07  1.206937679927021e+00  7.501000000000003e-01  2.965346251986419e-03  4.171016927449114e-01 
 1.404500000000006e-07  1.206937610752141e+00  7.501000000000003e-01  2.965346275947586e-03  4.171016924950413e-01 
 1.405500000000006e-07  1.206937542265473e+00  7.501000000000003e-01  2.965346251961288e-03  4.171016922484211e-01 
 1.406500000000006e-07  1.206937474460169e+00  7.501000000000003e-01  2.965346275888022e-03  4.171016920034907e-01 
 1.407500000000006e-07  1.206937407329451e+00  7.501000000000003e-01  2.965346251936970e-03  4.171016917617605e-01 
 1.408500000000006e-07  1.206937340866608e+00  7.501000000000003e-01  2.965346275829315e-03  4.171016915216727e-01 
 1.409500000000006e-07  1.206937275064993e+00  7.501000000000003e-01  2.965346251913455e-03  4.171016912847353e-01 
 1.410500000000006e-07  1.206937209918029e+00  7.501000000000003e-01  2.965346275771454e-03  4.171016910493941e-01 
 1.411500000000007e-07  1.206937145419204e+00  7.501000000000003e-01  2.965346251890727e-03  4.171016908171545e-01 
 1.412500000000007e-07  1.206937081562069e+00  7.501000000000003e-01  2.965346275714417e-03  4.171016905864657e-01 
 1.413500000000007e-07  1.206937018340239e+00  7.501000000000003e-01  2.965346251868765e-03  4.171016903588317e-01 
 1.414500000000007e-07  1.206936955747394e+00  7.501000000000003e-01  2.965346275658190e-03  4.171016901327028e-01 
 1.415500000000007e-07  1.206936893777277e+00  7.501000000000003e-01  2.965346251847556e-03  4.171016899095824e-01 
 1.416500000000007e-07  1.206936832423692e+00  7.501000000000003e-01  2.965346275602763e-03  4.171016896879237e-01 
 1.417500000000007e-07  1.206936771680505e+00  7.501000000000003e-01  2.965346251827084e-03  4.171016894692279e-01 
 1.418500000000007e-07  1.206936711541644e+00  7.501000000000003e-01  2.965346275548113e-03  4.171016892519508e-01 
 1.419500000000007e-07  1.206936652001096e+00  7.501000000000003e-01  2.965346251807334e-03  4.171016890375921e-01 
 1.420500000000007e-07  1.206936593052909e+00  7.501000000000003e-01  2.965346275494230e-03  4.171016888246095e-01 
 1.421500000000007e-07  1.206936534691189e+00  7.501000000000003e-01  2.965346251788293e-03  4.171016886145021e-01 
 1.422500000000007e-07  1.206936476910102e+00  7.501000000000003e-01  2.965346275441096e-03  4.171016884057294e-01 
 1.423500000000007e-07  1.206936419703870e+00  7.501000000000003e-01  2.965346251769946e-03  4.171016881997884e-01 
 1.424500000000007e-07  1.206936363066775e+00  7.501000000000003e-01  2.965346275388698e-03  4.171016879951424e-01 
 1.425500000000008e-07  1.206936306993155e+00  7.501000000000003e-01  2.965346251752275e-03  4.171016877932858e-01 
 1.426500000000008e-07  1.206936251477404e+00  7.501000000000003e-01  2.965346275337022e-03  4.171016875926840e-01 
 1.427500000000008e-07  1.206936196513971e+00  7.501000000000003e-01  2.965346251735272e-03  4.171016873948313e-01 
 1.428500000000008e-07  1.206936142097362e+00  7.501000000000003e-01  2.965346275286053e-03  4.171016871981944e-01 
 1.429500000000008e-07  1.206936088222136e+00  7.501000000000003e-01  2.965346251718918e-03  4.171016870042655e-01 
 1.430500000000008e-07  1.206936034882907e+00  7.501000000000003e-01  2.965346275235783e-03  4.171016868115152e-01 
 1.431500000000008e-07  1.206935982074342e+00  7.501000000000003e-01  2.965346251703201e-03  4.171016866214328e-01 
 1.432500000000008e-07  1.206935929791163e+00  7.501000000000003e-01  2.965346275186189e-03  4.171016864324915e-01 
 1.433500000000008e-07  1.206935878028142e+00  7.501000000000003e-01  2.965346251688113e-03  4.171016862461795e-01 
 1.434500000000008e-07  1.206935826780104e+00  7.501000000000003e-01  2.965346275137266e-03  4.171016860609722e-01 
 1.435500000000008e-07  1.206935776041925e+00  7.501000000000003e-01  2.965346251673636e-03  4.171016858783557e-01 
 1.436500000000008e-07  1.206935725808533e+00  7.501000000000003e-01  2.965346275089001e-03  4.171016856968084e-01 
 1.437500000000008e-07  1.206935676074906e+00  7.501000000000003e-01  2.965346251659757e-03  4.171016855178143e-01 
 1.438500000000009e-07  1.206935626836073e+00  7.501000000000003e-01  2.965346275041371e-03  4.171016853398545e-01 
 1.439500000000009e-07  1.206935578087110e+00  7.501000000000003e-01  2.965346251646466e-03  4.171016851644113e-01 
 1.440500000000009e-07  1.206935529823143e+00  7.501000000000003e-01  2.965346274994377e-03  4.171016849899679e-01 
 1.441500000000009e-07  1.206935482039347e+00  7.501000000000003e-01  2.965346251633750e-03  4.171016848180053e-01 
 1.442500000000009e-07  1.206935434730946e+00  7.501000000000003e-01  2.965346274948002e-03  4.171016846470088e-01 
 1.443500000000009e-07  1.206935387893211e+00  7.501000000000003e-01  2.965346251621598e-03  4.171016844784577e-01 
 1.444500000000009e-07  1.206935341521457e+00  7.501000000000003e-01  2.965346274902234e-03  4.171016843108395e-01 
 1.445500000000009e-07  1.206935295611049e+00  7.501000000000003e-01  2.965346251609999e-03  4.171016841456322e-01 
 1.446500000000009e-07  1.206935250157397e+00  7.501000000000003e-01  2.965346274857061e-03  4.171016839813264e-01 
 1.447500000000009e-07  1.206935205155957e+00  7.501000000000003e-01  2.965346251598934e-03  4.171016838193966e-01 
 1.448500000000009e-07  1.206935160602230e+00  7.501000000000003e-01  2.965346274812469e-03  4.171016836583368e-01 
 1.449500000000009e-07  1.206935116491763e+00  7.501000000000003e-01  2.965346251588407e-03  4.171016834996202e-01 
 1.450500000000009e-07  1.206935072820144e+00  7.501000000000003e-01  2.965346274768455e-03  4.171016833417422e-01 
 1.451500000000010e-07  1.206935029583008e+00  7.501000000000003e-01  2.965346251578389e-03  4.171016831861749e-01 
 1.452500000000010e-07  1.206934986776033e+00  7.501000000000003e-01  2.965346274725000e-03  4.171016830314158e-01 
 1.453500000000010e-07  1.206934944394938e+00  7.501000000000003e-01  2.965346251568885e-03  4.171016828789353e-01 
 1.454500000000010e-07  1.206934902435486e+00  7.501000000000003e-01  2.965346274682093e-03  4.171016827272335e-01 
 1.455500000000010e-07  1.206934860893483e+00  7.501000000000003e-01  2.965346251559879e-03  4.171016825777785e-01 
 1.456500000000010e-07  1.206934819764776e+00  7.501000000000003e-01  2.965346274639729e-03  4.171016824290736e-01 
 1.457500000000010e-07  1.206934779045253e+00  7.501000000000003e-01  2.965346251551357e-03  4.171016822825845e-01 
 1.458500000000010e-07  1.206934738730842e+00  7.501000000000003e-01  2.965346274597898e-03  4.171016821368170e-01 
 1.459500000000010e-07  1.206934698817514e+00  7.501000000000003e-01  2.965346251543312e-03  4.171016819932348e-01 
 1.460500000000010e-07  1.206934659301279e+00  7.501000000000003e-01  2.965346274556587e-03  4.171016818503464e-01 
 1.461500000000010e-07  1.206934620178185e+00  7.501000000000003e-01  2.965346251535737e-03  4.171016817096141e-01 
 1.462500000000010e-07  1.206934581444320e+00  7.501000000000003e-01  2.965346274515786e-03  4.171016815695477e-01 
 1.463500000000010e-07  1.206934543095814e+00  7.501000000000003e-01  2.965346251528613e-03  4.171016814316083e-01 
 1.464500000000010e-07  1.206934505128831e+00  7.501000000000003e-01  2.965346274475483e-03  4.171016812943085e-01 
 1.465500000000011e-07  1.206934467539577e+00  7.501000000000003e-01  2.965346251521940e-03  4.171016811591071e-01 
 1.466500000000011e-07  1.206934430324293e+00  7.501000000000003e-01  2.965346274435678e-03  4.171016810245188e-01 
 1.467500000000011e-07  1.206934393479259e+00  7.501000000000003e-01  2.965346251515706e-03  4.171016808920008e-01 
 1.468500000000011e-07  1.206934357000790e+00  7.501000000000003e-01  2.965346274396351e-03  4.171016807600706e-01 
 1.469500000000011e-07  1.206934320885241e+00  7.501000000000003e-01  2.965346251509901e-03  4.171016806301830e-01 
 1.470500000000011e-07  1.206934285129001e+00  7.501000000000003e-01  2.965346274357497e-03  4.171016805008579e-01 
 1.471500000000011e-07  1.206934249728494e+00  7.501000000000003e-01  2.965346251504514e-03  4.171016803735489e-01 
 1.472500000000011e-07  1.206934214680182e+00  7.501000000000003e-01  2.965346274319108e-03  4.171016802467774e-01 
 1.473500000000011e-07  1.206934179980562e+00  7.501000000000003e-01  2.965346251499540e-03  4.171016801219954e-01 
 1.474500000000011e-07  1.206934145626163e+00  7.501000000000003e-01  2.965346274281174e-03  4.171016799977277e-01 
 1.475500000000011e-07  1.206934111613551e+00  7.501000000000003e-01  2.965346251494970e-03  4.171016798754228e-01 
 1.476500000000011e-07  1.206934077939326e+00  7.501000000000003e-01  2.965346274243683e-03  4.171016797536086e-01 
 1.477500000000011e-07  1.206934044600121e+00  7.501000000000003e-01  2.965346251490792e-03  4.171016796337317e-01 
 1.478500000000012e-07  1.206934011592603e+00  7.501000000000003e-01  2.965346274206639e-03  4.171016795143229e-01 
 1.479500000000012e-07  1.206933978913472e+00  7.501000000000003e-01  2.965346251487003e-03  4.171016793968265e-01 
 1.480500000000012e-07  1.206933946559462e+00  7.501000000000003e-01  2.965346274170020e-03  4.171016792797746e-01 
 1.481500000000012e-07  1.206933914527337e+00  7.501000000000003e-01  2.965346251483585e-03  4.171016791646112e-01 
 1.482500000000012e-07  1.206933882813895e+00  7.501000000000003e-01  2.965346274133821e-03  4.171016790498699e-01 
 1.483500000000012e-07  1.206933851415966e+00  7.501000000000003e-01  2.965346251480544e-03  4.171016789369931e-01 
 1.484500000000012e-07  1.206933820330411e+00  7.501000000000003e-01  2.965346274098040e-03  4.171016788245174e-01 
 1.485500000000012e-07  1.206933789554121e+00  7.501000000000003e-01  2.965346251477871e-03  4.171016787138819e-01 
 1.486500000000012e-07  1.206933759084020e+00  7.501000000000003e-01  2.965346274062665e-03  4.171016786036261e-01 
 1.487500000000012e-07  1.206933728917061e+00  7.501000000000003e-01  2.965346251475544e-03  4.171016784951881e-01 
 1.488500000000012e-07  1.206933699050230e+00  7.501000000000003e-01  2.965346274027686e-03  4.171016783871087e-01 
 1.489500000000012e-07  1.206933669480539e+00  7.501000000000003e-01  2.965346251473565e-03  4.171016782808237e-01 
 1.490500000000012e-07  1.206933640205034e+00  7.501000000000003e-01  2.965346273993101e-03  4.171016781748776e-01 
 1.491500000000013e-07  1.206933611220787e+00  7.501000000000003e-01  2.965346251471930e-03  4.171016780707040e-01 
 1.492500000000013e-07  1.206933582524900e+00  7.501000000000003e-01  2.965346273958900e-03  4.171016779668487e-01 
 1.493500000000013e-07  1.206933554114504e+00  7.501000000000003e-01  2.965346251470625e-03  4.171016778647444e-01 
 1.494500000000013e-07  1.206933525986759e+00  7.501000000000003e-01  2.965346273925077e-03  4.171016777629389e-01 
 1.495500000000013e-07  1.206933498138853e+00  7.501000000000003e-01  2.965346251469645e-03  4.171016776628624e-01 
 1.496500000000013e-07  1.206933470568002e+00  7.501000000000003e-01  2.965346273891621e-03  4.171016775630653e-01 
 1.497500000000013e-07  1.206933443271449e+00  7.501000000000003e-01  2.965346251468986e-03  4.171016774649772e-01 
 1.498500000000013e-07  1.206933416246466e+00  7.501000000000003e-01  2.965346273858529e-03  4.171016773671497e-01 
 1.499500000000013e-07  1.206933389490351e+00  7.501000000000003e-01  2.965346251468636e-03  4.171016772710102e-01 
 1.500500000000013e-07  1.206933363000430e+00  7.501000000000003e-01  2.965346273825797e-03  4.171016771751128e-01 
 1.501500000000013e-07  1.206933336774052e+00  7.501000000000003e-01  2.965346251468595e-03  4.171016770808834e-01 
 1.502500000000013e-07  1.206933310808597e+00  7.501000000000003e-01  2.965346273793409e-03  4.171016769868779e-01 
 1.503500000000013e-07  1.206933285101468e+00  7.501000000000003e-01  2.965346251468851e-03  4.171016768945205e-01 
 1.504500000000014e-07  1.206933259650097e+00  7.501000000000003e-01  2.965346273761367e-03  4.171016768023701e-01 
 1.505500000000014e-07  1.206933234451937e+00  7.501000000000003e-01  2.965346251469400e-03  4.171016767118476e-01 
 1.506500000000014e-07  1.206933209504470e+00  7.501000000000003e-01  2.965346273729661e-03  4.171016766215153e-01 
 1.507500000000014e-07  1.206933184805202e+00  7.501000000000003e-01  2.965346251470238e-03  4.171016765327916e-01 
 1.508500000000014e-07  1.206933160351664e+00  7.501000000000003e-01  2.965346273698286e-03  4.171016764442407e-01 
 1.509500000000014e-07  1.206933136141410e+00  7.501000000000003e-01  2.965346251471356e-03  4.171016763572806e-01 
 1.510500000000014e-07  1.206933112172021e+00  7.501000000000003e-01  2.965346273667235e-03  4.171016762704763e-01 
 1.511500000000014e-07  1.206933088441100e+00  7.501000000000003e-01  2.965346251472746e-03  4.171016761852440e-01 
 1.512500000000014e-07  1.206933064946275e+00  7.501000000000003e-01  2.965346273636500e-03  4.171016761001520e-01 
 1.513500000000014e-07  1.206933041685197e+00  7.501000000000003e-01  2.965346251474407e-03  4.171016760166141e-01 
 1.514500000000014e-07  1.206933018655540e+00  7.501000000000003e-01  2.965346273606085e-03  4.171016759332001e-01 
 1.515500000000014e-07  1.206932995855002e+00  7.501000000000003e-01  2.965346251476329e-03  4.171016758513227e-01 
 1.516500000000014e-07  1.206932973281304e+00  7.501000000000003e-01  2.965346273575969e-03  4.171016757695539e-01 
 1.517500000000014e-07  1.206932950932188e+00  7.501000000000003e-01  2.965346251478509e-03  4.171016756893035e-01 
 1.518500000000015e-07  1.206932928805420e+00  7.501000000000003e-01  2.965346273546155e-03  4.171016756091473e-01 
 1.519500000000015e-07  1.206932906898788e+00  7.501000000000003e-01  2.965346251480939e-03  4.171016755304924e-01 
 1.520500000000015e-07  1.206932885210102e+00  7.501000000000003e-01  2.965346273516641e-03  4.171016754519169e-01 
 1.521500000000015e-07  1.206932863737194e+00  7.501000000000003e-01  2.965346251483618e-03  4.171016753748256e-01 
 1.522500000000015e-07  1.206932842477917e+00  7.501000000000003e-01  2.965346273487414e-03  4.171016752977993e-01 
 1.523500000000015e-07  1.206932821430146e+00  7.501000000000003e-01  2.965346251486535e-03  4.171016752222407e-01 
 1.524500000000015e-07  1.206932800591776e+00  7.501000000000003e-01  2.965346273458476e-03  4.171016751467324e-01 
 1.525500000000015e-07  1.206932779960724e+00  7.501000000000003e-01  2.965346251489690e-03  4.171016750726769e-01 
 1.526500000000015e-07  1.206932759534927e+00  7.501000000000003e-01  2.965346273429812e-03  4.171016749986577e-01 
 1.527500000000015e-07  1.206932739312343e+00  7.501000000000003e-01  2.965346251493076e-03  4.171016749260741e-01 
 1.528500000000015e-07  1.206932719290952e+00  7.501000000000003e-01  2.965346273401425e-03  4.171016748535135e-01 
 1.529500000000015e-07  1.206932699468751e+00  7.501000000000003e-01  2.965346251496687e-03  4.171016747823743e-01 
 1.530500000000015e-07  1.206932679843757e+00  7.501000000000003e-01  2.965346273373309e-03  4.171016747112436e-01 
 1.531500000000016e-07  1.206932660414010e+00  7.501000000000003e-01  2.965346251500517e-03  4.171016746415190e-01 
 1.532500000000016e-07  1.206932641177567e+00  7.501000000000003e-01  2.965346273345455e-03  4.171016745717905e-01 
 1.533500000000016e-07  1.206932622132505e+00  7.501000000000003e-01  2.965346251504566e-03  4.171016745034526e-01 
 1.534500000000016e-07  1.206932603276918e+00  7.501000000000003e-01  2.965346273317861e-03  4.171016744350982e-01 
 1.535500000000016e-07  1.206932584608924e+00  7.501000000000003e-01  2.965346251508826e-03  4.171016743681197e-01 
 1.536500000000016e-07  1.206932566126656e+00  7.501000000000003e-01  2.965346273290525e-03  4.171016743011121e-01 
 1.537500000000016e-07  1.206932547828265e+00  7.501000000000003e-01  2.965346251513286e-03  4.171016742354663e-01 
 1.538500000000016e-07  1.206932529711922e+00  7.501000000000003e-01  2.965346273263438e-03  4.171016741697791e-01 
 1.539500000000016e-07  1.206932511775815e+00  7.501000000000003e-01  2.965346251517960e-03  4.171016741054394e-01 
 1.540500000000016e-07  1.206932494018153e+00  7.501000000000003e-01  2.965346273236596e-03  4.171016740410460e-01 
 1.541500000000016e-07  1.206932476437160e+00  7.501000000000003e-01  2.965346251522822e-03  4.171016739779868e-01 
 1.542500000000016e-07  1.206932459031076e+00  7.501000000000003e-01  2.965346273209994e-03  4.171016739148618e-01 
 1.543500000000016e-07  1.206932441798165e+00  7.501000000000003e-01  2.965346251527883e-03  4.171016738530577e-01 
 1.544500000000017e-07  1.206932424736701e+00  7.501000000000003e-01  2.965346273183633e-03  4.171016737911762e-01 
 1.545500000000017e-07  1.206932407844979e+00  7.501000000000003e-01  2.965346251533131e-03  4.171016737306016e-01 
 1.546500000000017e-07  1.206932391121310e+00  7.501000000000003e-01  2.965346273157506e-03  4.171016736699393e-01 
 1.547500000000017e-07  1.206932374564023e+00  7.501000000000003e-01  2.965346251538564e-03  4.171016736105703e-01 
 1.548500000000017e-07  1.206932358171462e+00  7.501000000000003e-01  2.965346273131606e-03  4.171016735511024e-01 
 1.549500000000017e-07  1.206932341941988e+00  7.501000000000003e-01  2.965346251544177e-03  4.171016734929152e-01 
 1.550500000000017e-07  1.206932325873978e+00  7.501000000000003e-01  2.965346273105925e-03  4.171016734346187e-01 
 1.551500000000017e-07  1.206932309965827e+00  7.501000000000003e-01  2.965346251549966e-03  4.171016733775899e-01 
 1.552500000000017e-07  1.206932294215944e+00  7.501000000000003e-01  2.965346273080473e-03  4.171016733204411e-01 
 1.553500000000017e-07  1.206932278622754e+00  7.501000000000003e-01  2.965346251555930e-03  4.171016732645476e-01 
 1.554500000000017e-07  1.206932263184699e+00  7.501000000000003e-01  2.965346273055232e-03  4.171016732085241e-01 
 1.555500000000017e-07  1.206932247900235e+00  7.501000000000003e-01  2.965346251562060e-03  4.171016731537436e-01 
 1.556500000000017e-07  1.206932232767834e+00  7.501000000000003e-01  2.965346273030202e-03  4.171016730988225e-01 
 1.557500000000017e-07  1.206932217785983e+00  7.501000000000003e-01  2.965346251568358e-03  4.171016730451333e-01 
 1.558500000000018e-07  1.206932202953185e+00  7.501000000000003e-01  2.965346273005388e-03  4.171016729912935e-01 
 1.559500000000018e-07  1.206932188267956e+00  7.501000000000003e-01  2.965346251574819e-03  4.171016729386731e-01 
 1.560500000000018e-07  1.206932173728828e+00  7.501000000000003e-01  2.965346272980775e-03  4.171016728858932e-01 
 1.561500000000018e-07  1.206932159334348e+00  7.501000000000003e-01  2.965346251581441e-03  4.171016728343211e-01 
 1.562500000000018e-07  1.206932145083077e+00  7.501000000000003e-01  2.965346272956360e-03  4.171016727825795e-01 
 1.563500000000018e-07  1.206932130973590e+00  7.501000000000003e-01  2.965346251588211e-03  4.171016727320351e-01 
 1.564500000000018e-07  1.206932117004476e+00  7.501000000000003e-01  2.965346272932150e-03  4.171016726813116e-01 
 1.565500000000018e-07  1.206932103174339e+00  7.501000000000003e-01  2.965346251595136e-03  4.171016726317738e-01 
 1.566500000000018e-07  1.206932089481796e+00  7.501000000000003e-01  2.965346272908132e-03  4.171016725820484e-01 
 1.567500000000018e-07  1.206932075925478e+00  7.501000000000003e-01  2.965346251602207e-03  4.171016725334981e-01 
 1.568500000000018e-07  1.206932062504030e+00  7.501000000000003e-01  2.965346272884303e-03  4.171016724847504e-01 
 1.569500000000018e-07  1.206932049216110e+00  7.501000000000003e-01  2.965346251609420e-03  4.171016724371677e-01 
 1.570500000000018e-07  1.206932036060389e+00  7.501000000000003e-01  2.965346272860666e-03  4.171016723893793e-01 
 1.571500000000019e-07  1.206932023035554e+00  7.501000000000003e-01  2.965346251616776e-03  4.171016723427443e-01 
 1.572500000000019e-07  1.206932010140300e+00  7.501000000000003e-01  2.965346272837207e-03  4.171016722958962e-01 
 1.573500000000019e-07  1.206931997373339e+00  7.501000000000003e-01  2.965346251624271e-03  4.171016722501910e-01 
 1.574500000000019e-07  1.206931984733396e+00  7.501000000000003e-01  2.965346272813934e-03  4.171016722042639e-01 
 1.575500000000019e-07  1.206931972219206e+00  7.501000000000003e-01  2.965346251631899e-03  4.171016721594700e-01 
 1.576500000000019e-07  1.206931959829518e+00  7.501000000000003e-01  2.965346272790837e-03  4.171016721144457e-01 
 1.577500000000019e-07  1.206931947563093e+00  7.501000000000003e-01  2.965346251639659e-03  4.171016720705447e-01 
 1.578500000000019e-07  1.206931935418705e+00  7.501000000000003e-01  2.965346272767913e-03  4.171016720264059e-01 
 1.579500000000019e-07  1.206931923395139e+00  7.501000000000003e-01  2.965346251647551e-03  4.171016719833801e-01 
 1.580500000000019e-07  1.206931911491194e+00  7.501000000000003e-01  2.965346272745166e-03  4.171016719401092e-01 
 1.581500000000019e-07  1.206931899705680e+00  7.501000000000003e-01  2.965346251655563e-03  4.171016718979418e-01 
 1.582500000000019e-07  1.206931888037418e+00  7.501000000000003e-01  2.965346272722583e-03  4.171016718555213e-01 
 1.583500000000019e-07  1.206931876485242e+00  7.501000000000003e-01  2.965346251663699e-03  4.171016718141946e-01 
 1.584500000000020e-07  1.206931865047997e+00  7.501000000000003e-01  2.965346272700166e-03  4.171016717726079e-01 
 1.585500000000020e-07  1.206931853724540e+00  7.501000000000003e-01  2.965346251671960e-03  4.171016717321055e-01 
 1.586500000000020e-07  1.206931842513738e+00  7.501000000000003e-01  2.965346272677919e-03  4.171016716913361e-01 
 1.587500000000020e-07  1.206931831414471e+00  7.501000000000003e-01  2.965346251680334e-03  4.171016716516417e-01 
 1.588500000000020e-07  1.206931820425629e+00  7.501000000000003e-01  2.965346272655823e-03  4.171016716116731e-01 
 1.589500000000020e-07  1.206931809546114e+00  7.501000000000003e-01  2.965346251688821e-03  4.171016715727711e-01 
 1.590500000000020e-07  1.206931798774838e+00  7.501000000000003e-01  2.965346272633890e-03  4.171016715335875e-01 
 1.591500000000020e-07  1.206931788110723e+00  7.501000000000003e-01  2.965346251697426e-03  4.171016714954621e-01 
 1.592500000000020e-07  1.206931777552704e+00  7.501000000000003e-01  2.965346272612115e-03  4.171016714570480e-01 
 1.593500000000020e-07  1.206931767099725e+00  7.501000000000003e-01  2.965346251706132e-03  4.171016714196836e-01 
 1.594500000000020e-07  1.206931756750742e+00  7.501000000000003e-01  2.965346272590481e-03  4.171016713820240e-01 
 1.595500000000020e-07  1.206931746504720e+00  7.501000000000003e-01  2.965346251714945e-03  4.171016713454053e-01 
 1.596500000000020e-07  1.206931736360633e+00  7.501000000000003e-01  2.965346272569004e-03  4.171016713084854e-01 
 1.597500000000020e-07  1.206931726317468e+00  7.501000000000003e-01  2.965346251723868e-03  4.171016712725979e-01 
 1.598500000000021e-07  1.206931716374221e+00  7.501000000000003e-01  2.965346272547672e-03  4.171016712364023e-01 
 1.599500000000021e-07  1.206931706529898e+00  7.501000000000003e-01  2.965346251732889e-03  4.171016712012315e-01 
 1.600500000000021e-07  1.206931696783516e+00  7.501000000000003e-01  2.965346272526484e-03  4.171016711657467e-01 
 1.601500000000021e-07  1.206931687134098e+00  7.501000000000003e-01  2.965346251742010e-03  4.171016711312783e-01 
 1.602500000000021e-07  1.206931677580682e+00  7.501000000000003e-01  2.965346272505441e-03  4.171016710964902e-01 
 1.603500000000021e-07  1.206931668122311e+00  7.501000000000003e-01  2.965346251751229e-03  4.171016710627103e-01 
 1.604500000000021e-07  1.206931658758040e+00  7.501000000000003e-01  2.965346272484537e-03  4.171016710286045e-01 
 1.605500000000021e-07  1.206931649486932e+00  7.501000000000003e-01  2.965346251760538e-03  4.171016709954997e-01 
 1.606500000000021e-07  1.206931640308062e+00  7.501000000000003e-01  2.965346272463763e-03  4.171016709620630e-01 
 1.607500000000021e-07  1.206931631220511e+00  7.501000000000003e-01  2.965346251769944e-03  4.171016709296199e-01 
 1.608500000000021e-07  1.206931622223371e+00  7.501000000000003e-01  2.965346272443129e-03  4.171016708968389e-01 
 1.609500000000021e-07  1.206931613315742e+00  7.501000000000003e-01  2.965346251779438e-03  4.171016708650440e-01 
 1.610500000000021e-07  1.206931604496734e+00  7.501000000000003e-01  2.965346272422630e-03  4.171016708329065e-01 
 1.611500000000022e-07  1.206931595765465e+00  7.501000000000003e-01  2.965346251789021e-03  4.171016708017471e-01 
 1.612500000000022e-07  1.206931587121062e+00  7.501000000000003e-01  2.965346272402262e-03  4.171016707702396e-01 
 1.613500000000022e-07  1.206931578562661e+00  7.501000000000003e-01  2.965346251798690e-03  4.171016707397031e-01 
 1.614500000000022e-07  1.206931570089406e+00  7.501000000000003e-01  2.965346272382016e-03  4.171016707088135e-01 
 1.615500000000022e-07  1.206931561700451e+00  7.501000000000003e-01  2.965346251808440e-03  4.171016706788876e-01 
 1.616500000000022e-07  1.206931553394956e+00  7.501000000000003e-01  2.965346272361902e-03  4.171016706486033e-01 
 1.617500000000022e-07  1.206931545172091e+00  7.501000000000003e-01  2.965346251818273e-03  4.171016706192762e-01 
 1.618500000000022e-07  1.206931537031035e+00  7.501000000000003e-01  2.965346272341908e-03  4.171016705895856e-01 
 1.619500000000022e-07  1.206931528970973e+00  7.501000000000003e-01  2.965346251828186e-03  4.171016705608451e-01 
 1.620500000000022e-07  1.206931520991099e+00  7.501000000000003e-01  2.965346272322038e-03  4.171016705317362e-01 
 1.621500000000022e-07  1.206931513090616e+00  7.501000000000003e-01  2.965346251838174e-03  4.171016705035708e-01 
 1.622500000000022e-07  1.206931505268734e+00  7.501000000000003e-01  2.965346272302286e-03  4.171016704750320e-01 
 1.623500000000022e-07  1.206931497524671e+00  7.501000000000003e-01  2.965346251848241e-03  4.171016704474304e-01 
 1.624500000000023e-07  1.206931489857652e+00  7.501000000000003e-01  2.965346272282653e-03  4.171016704194508e-01 
 1.625500000000023e-07  1.206931482266910e+00  7.501000000000003e-01  2.965346251858378e-03  4.171016703924014e-01 
 1.626500000000023e-07  1.206931474751688e+00  7.501000000000003e-01  2.965346272263134e-03  4.171016703649696e-01 
 1.627500000000023e-07  1.206931467311235e+00  7.501000000000003e-01  2.965346251868587e-03  4.171016703384621e-01 
 1.628500000000023e-07  1.206931459944806e+00  7.501000000000003e-01  2.965346272243731e-03  4.171016703115674e-01 
 1.629500000000023e-07  1.206931452651664e+00  7.501000000000003e-01  2.965346251878871e-03  4.171016702855903e-01 
 1.630500000000023e-07  1.206931445431080e+00  7.501000000000003e-01  2.965346272224442e-03  4.171016702592224e-01 
 1.631500000000023e-07  1.206931438282333e+00  7.501000000000003e-01  2.965346251889217e-03  4.171016702337659e-01 
 1.632500000000023e-07  1.206931431204708e+00  7.501000000000003e-01  2.965346272205262e-03  4.171016702079141e-01 
 1.633500000000023e-07  1.206931424197497e+00  7.501000000000003e-01  2.965346251899635e-03  4.171016701829673e-01 
 1.634500000000023e-07  1.206931417260000e+00  7.501000000000003e-01  2.965346272186188e-03  4.171016701576212e-01 
 1.635500000000023e-07  1.206931410391523e+00  7.501000000000003e-01  2.965346251910114e-03  4.171016701331743e-01 
 1.636500000000023e-07  1.206931403591380e+00  7.501000000000003e-01  2.965346272167224e-03  4.171016701083244e-01 
 1.637500000000023e-07  1.206931396858890e+00  7.501000000000003e-01  2.965346251920656e-03  4.171016700843675e-01 
 1.638500000000024e-07  1.206931390193381e+00  7.501000000000003e-01  2.965346272148367e-03  4.171016700600031e-01 
 1.639500000000024e-07  1.206931383594187e+00  7.501000000000003e-01  2.965346251931261e-03  4.171016700365265e-01 
 1.640500000000024e-07  1.206931377060646e+00  7.501000000000003e-01  2.965346272129606e-03  4.171016700126391e-01 
 1.641500000000024e-07  1.206931370592107e+00  7.501000000000003e-01  2.965346251941926e-03  4.171016699896328e-01 
 1.642500000000024e-07  1.206931364187922e+00  7.501000000000003e-01  2.965346272110953e-03  4.171016699662123e-01 
 1.643500000000024e-07  1.206931357847452e+00  7.501000000000003e-01  2.965346251952649e-03  4.171016699436683e-01 
 1.644500000000024e-07  1.206931351570062e+00  7.501000000000003e-01  2.965346272092401e-03  4.171016699207049e-01 
 1.645500000000024e-07  1.206931345355125e+00  7.501000000000003e-01  2.965346251963426e-03  4.171016698986132e-01 
 1.646500000000024e-07  1.206931339202020e+00  7.501000000000003e-01  2.965346272073942e-03  4.171016698760988e-01 
 1.647500000000024e-07  1.206931333110130e+00  7.501000000000003e-01  2.965346251974261e-03  4.171016698544500e-01 
 1.648500000000024e-07  1.206931327078849e+00  7.501000000000003e-01  2.965346272055583e-03  4.171016698323753e-01 
 1.649500000000024e-07  1.206931321107572e+00  7.501000000000003e-01  2.965346251985152e-03  4.171016698111613e-01 
 1.650500000000024e-07  1.206931315195702e+00  7.501000000000003e-01  2.965346272037321e-03  4.171016697895180e-01 
 1.651500000000025e-07  1.206931309342649e+00  7.501000000000003e-01  2.965346251996092e-03  4.171016697687296e-01 
 1.652500000000025e-07  1.206931303547827e+00  7.501000000000003e-01  2.965346272019153e-03  4.171016697475087e-01 
 1.653500000000025e-07  1.206931297810657e+00  7.501000000000003e-01  2.965346252007082e-03  4.171016697271381e-01 
 1.654500000000025e-07  1.206931292130565e+00  7.501000000000003e-01  2.965346272001074e-03  4.171016697063318e-01 
 1.655500000000025e-07  1.206931286506983e+00  7.501000000000003e-01  2.965346252018122e-03  4.171016696863700e-01 
 1.656500000000025e-07  1.206931280939350e+00  7.501000000000003e-01  2.965346271983086e-03  4.171016696659695e-01 
 1.657500000000025e-07  1.206931275427108e+00  7.501000000000003e-01  2.965346252029213e-03  4.171016696464089e-01 
 1.658500000000025e-07  1.206931269969707e+00  7.501000000000003e-01  2.965346271965191e-03  4.171016696264068e-01 
 1.659500000000025e-07  1.206931264566601e+00  7.501000000000003e-01  2.965346252040348e-03  4.171016696072397e-01 
 1.660500000000025e-07  1.206931259217249e+00  7.501000000000003e-01  2.965346271947381e-03  4.171016695876275e-01 
 1.661500000000025e-07  1.206931253921118e+00  7.501000000000003e-01  2.965346252051528e-03  4.171016695688450e-01 
 1.662500000000025e-07  1.206931248677677e+00  7.501000000000003e-01  2.965346271929661e-03  4.171016695496155e-01 
 1.663500000000025e-07  1.206931243486402e+00  7.501000000000003e-01  2.965346252062756e-03  4.171016695312111e-01 
 1.664500000000026e-07  1.206931238346775e+00  7.501000000000003e-01  2.965346271912024e-03  4.171016695123559e-01 
 1.665500000000026e-07  1.206931233258280e+00  7.501000000000003e-01  2.965346252074022e-03  4.171016694943220e-01 
 1.666500000000026e-07  1.206931228220411e+00  7.501000000000003e-01  2.965346271894472e-03  4.171016694758349e-01 
 1.667500000000026e-07  1.206931223232663e+00  7.501000000000003e-01  2.965346252085332e-03  4.171016694581635e-01 
 1.668500000000026e-07  1.206931218294537e+00  7.501000000000003e-01  2.965346271877003e-03  4.171016694400362e-01 
 1.669500000000026e-07  1.206931213405541e+00  7.501000000000003e-01  2.965346252096681e-03  4.171016694227206e-01 
 1.670500000000026e-07  1.206931208565184e+00  7.501000000000003e-01  2.965346271859620e-03  4.171016694049463e-01 
 1.671500000000026e-07  1.206931203772983e+00  7.501000000000003e-01  2.965346252108070e-03  4.171016693879798e-01 
 1.672500000000026e-07  1.206931199028458e+00  7.501000000000003e-01  2.965346271842311e-03  4.171016693705518e-01 
 1.673500000000026e-07  1.206931194331136e+00  7.501000000000003e-01  2.965346252119500e-03  4.171016693539264e-01 
 1.674500000000026e-07  1.206931189680548e+00  7.501000000000003e-01  2.965346271825085e-03  4.171016693368377e-01 
 1.675500000000026e-07  1.206931185076227e+00  7.501000000000003e-01  2.965346252130964e-03  4.171016693205477e-01 
 1.676500000000026e-07  1.206931180517715e+00  7.501000000000003e-01  2.965346271807934e-03  4.171016693037912e-01 
 1.677500000000027e-07  1.206931176004554e+00  7.501000000000003e-01  2.965346252142463e-03  4.171016692878294e-01 
 1.678500000000027e-07  1.206931171536294e+00  7.501000000000003e-01  2.965346271790866e-03  4.171016692713990e-01 
 1.679500000000027e-07  1.206931167112488e+00  7.501000000000003e-01  2.965346252154000e-03  4.171016692557592e-01 
 1.680500000000027e-07  1.206931162732694e+00  7.501000000000003e-01  2.965346271773868e-03  4.171016692396482e-01 
 1.681500000000027e-07  1.206931158396474e+00  7.501000000000003e-01  2.965346252165569e-03  4.171016692243236e-01 
 1.682500000000027e-07  1.206931154103394e+00  7.501000000000003e-01  2.965346271756945e-03  4.171016692085260e-01 
 1.683500000000027e-07  1.206931149853026e+00  7.501000000000003e-01  2.965346252177171e-03  4.171016691935105e-01 
 1.684500000000027e-07  1.206931145644944e+00  7.501000000000003e-01  2.965346271740098e-03  4.171016691780197e-01 
 1.685500000000027e-07  1.206931141478728e+00  7.501000000000003e-01  2.965346252188801e-03  4.171016691633078e-01 
 1.686500000000027e-07  1.206931137353961e+00  7.501000000000003e-01  2.965346271723318e-03  4.171016691481181e-01 
 1.687500000000027e-07  1.206931133270231e+00  7.501000000000003e-01  2.965346252200465e-03  4.171016691337025e-01 
 1.688500000000027e-07  1.206931129227129e+00  7.501000000000003e-01  2.965346271706619e-03  4.171016691188080e-01 
 1.689500000000027e-07  1.206931125224251e+00  7.501000000000003e-01  2.965346252212162e-03  4.171016691046838e-01 
 1.690500000000027e-07  1.206931121261198e+00  7.501000000000003e-01  2.965346271689982e-03  4.171016690900781e-01 
 1.691500000000028e-07  1.206931117337572e+00  7.501000000000003e-01  2.965346252223880e-03  4.171016690762394e-01 
 1.692500000000028e-07  1.206931113452981e+00  7.501000000000003e-01  2.965346271673415e-03  4.171016690619173e-01 
 1.693500000000028e-07  1.206931109607039e+00  7.501000000000003e-01  2.965346252235633e-03  4.171016690483581e-01 
 1.694500000000028e-07  1.206931105799358e+00  7.501000000000003e-01  2.965346271656920e-03  4.171016690343140e-01 
 1.695500000000028e-07  1.206931102029560e+00  7.501000000000003e-01  2.965346252247407e-03  4.171016690210292e-01 
 1.696500000000028e-07  1.206931098297267e+00  7.501000000000003e-01  2.965346271640493e-03  4.171016690072570e-01 
 1.697500000000028e-07  1.206931094602107e+00  7.501000000000003e-01  2.965346252259209e-03  4.171016689942410e-01 
 1.698500000000028e-07  1.206931090943709e+00  7.501000000000003e-01  2.965346271624125e-03  4.171016689807359e-01 
 1.699500000000028e-07  1.206931087321707e+00  7.501000000000003e-01  2.965346252271036e-03  4.171016689679831e-01 
 1.700500000000028e-07  1.206931083735741e+00  7.501000000000003e-01  2.965346271607830e-03  4.171016689547400e-01 
 1.701500000000028e-07  1.206931080185450e+00  7.501000000000003e-01  2.965346252282891e-03  4.171016689422453e-01 
 1.702500000000028e-07  1.206931076670481e+00  7.501000000000003e-01  2.965346271591601e-03  4.171016689292587e-01 
 1.703500000000028e-07  1.206931073190482e+00  7.501000000000003e-01  2.965346252294762e-03  4.171016689170173e-01 
 1.704500000000029e-07  1.206931069745104e+00  7.501000000000003e-01  2.965346271575431e-03  4.171016689042819e-01 
 1.705500000000029e-07  1.206931066334004e+00  7.501000000000003e-01  2.965346252306661e-03  4.171016688922884e-01 
 1.706500000000029e-07  1.206931062956841e+00  7.501000000000003e-01  2.965346271559326e-03  4.171016688797995e-01 
 1.707500000000029e-07  1.206931059613277e+00  7.501000000000003e-01  2.965346252318579e-03  4.171016688680491e-01 
 1.708500000000029e-07  1.206931056302978e+00  7.501000000000003e-01  2.965346271543279e-03  4.171016688558019e-01 
 1.709500000000029e-07  1.206931053025613e+00  7.501000000000003e-01  2.965346252330519e-03  4.171016688442898e-01 
 1.710500000000029e-07  1.206931049780853e+00  7.501000000000003e-01  2.965346271527297e-03  4.171016688322796e-01 
 1.711500000000029e-07  1.206931046568374e+00  7.501000000000003e-01  2.965346252342478e-03  4.171016688210007e-01 
 1.712500000000029e-07  1.206931043387857e+00  7.501000000000003e-01  2.965346271511377e-03  4.171016688092227e-01 
 1.713500000000029e-07  1.206931040238982e+00  7.501000000000003e-01  2.965346252354457e-03  4.171016687981729e-01 
 1.714500000000029e-07  1.206931037121435e+00  7.501000000000003e-01  2.965346271495508e-03  4.171016687866223e-01 
 1.715500000000029e-07  1.206931034034904e+00  7.501000000000003e-01  2.965346252366455e-03  4.171016687757970e-01 
 1.716500000000029e-07  1.206931030979080e+00  7.501000000000003e-01  2.965346271479704e-03  4.171016687644697e-01 
 1.717500000000030e-07  1.206931027953658e+00  7.501000000000003e-01  2.965346252378467e-03  4.171016687538643e-01 
 1.718500000000030e-07  1.206931024958336e+00  7.501000000000003e-01  2.965346271463956e-03  4.171016687427555e-01 
 1.719500000000030e-07  1.206931021992814e+00  7.501000000000003e-01  2.965346252390499e-03  4.171016687323660e-01 
 1.720500000000030e-07  1.206931019056796e+00  7.501000000000003e-01  2.965346271448269e-03  4.171016687214711e-01 
 1.721500000000030e-07  1.206931016149987e+00  7.501000000000003e-01  2.965346252402548e-03  4.171016687112927e-01 
 1.722500000000030e-07  1.206931013272098e+00  7.501000000000003e-01  2.965346271432636e-03  4.171016687006082e-01 
 1.723500000000030e-07  1.206931010422841e+00  7.501000000000003e-01  2.965346252414611e-03  4.171016686906368e-01 
 1.724500000000030e-07  1.206931007601930e+00  7.501000000000003e-01  2.965346271417058e-03  4.171016686801586e-01 
 1.725500000000030e-07  1.206931004809085e+00  7.501000000000003e-01  2.965346252426690e-03  4.171016686703902e-01 
 1.726500000000030e-07  1.206931002044026e+00  7.501000000000003e-01  2.965346271401535e-03  4.171016686601136e-01 
 1.727500000000030e-07  1.206930999306475e+00  7.501000000000003e-01  2.965346252438783e-03  4.171016686505447e-01 
 1.728500000000030e-07  1.206930996596159e+00  7.501000000000003e-01  2.965346271386064e-03  4.171016686404653e-01 
 1.729500000000030e-07  1.206930993912808e+00  7.501000000000003e-01  2.965346252450893e-03  4.171016686310912e-01 
 1.730500000000030e-07  1.206930991256154e+00  7.501000000000003e-01  2.965346271370651e-03  4.171016686212064e-01 
 1.731500000000031e-07  1.206930988625931e+00  7.501000000000003e-01  2.965346252463013e-03  4.171016686120236e-01 
 1.732500000000031e-07  1.206930986021874e+00  7.501000000000003e-01  2.965346271355287e-03  4.171016686023288e-01 
 1.733500000000031e-07  1.206930983443725e+00  7.501000000000003e-01  2.965346252475139e-03  4.171016685933331e-01 
 1.734500000000031e-07  1.206930980891227e+00  7.501000000000003e-01  2.965346271339975e-03  4.171016685838247e-01 
 1.735500000000031e-07  1.206930978364122e+00  7.501000000000003e-01  2.965346252487286e-03  4.171016685750129e-01 
 1.736500000000031e-07  1.206930975862158e+00  7.501000000000003e-01  2.965346271324714e-03  4.171016685656874e-01 
 1.737500000000031e-07  1.206930973385088e+00  7.501000000000003e-01  2.965346252499440e-03  4.171016685570552e-01 
 1.738500000000031e-07  1.206930970932661e+00  7.501000000000003e-01  2.965346271309505e-03  4.171016685479086e-01 
 1.739500000000031e-07  1.206930968504632e+00  7.501000000000003e-01  2.965346252511607e-03  4.171016685394530e-01 
 1.740500000000031e-07  1.206930966100760e+00  7.501000000000003e-01  2.965346271294349e-03  4.171016685304821e-01 
 1.741500000000031e-07  1.206930963720804e+00  7.501000000000003e-01  2.965346252523782e-03  4.171016685221997e-01 
 1.742500000000031e-07  1.206930961364526e+00  7.501000000000003e-01  2.965346271279240e-03  4.171016685134005e-01 
 1.743500000000031e-07  1.206930959031690e+00  7.501000000000003e-01  2.965346252535968e-03  4.171016685052872e-01 
 1.744500000000032e-07  1.206930956722062e+00  7.501000000000003e-01  2.965346271264179e-03  4.171016684966571e-01 
 1.745500000000032e-07  1.206930954435413e+00  7.501000000000003e-01  2.965346252548163e-03  4.171016684887102e-01 
 1.746500000000032e-07  1.206930952171514e+00  7.501000000000003e-01  2.965346271249163e-03  4.171016684802454e-01 
 1.747500000000032e-07  1.206930949930138e+00  7.501000000000003e-01  2.965346252560364e-03  4.171016684724613e-01 
 1.748500000000032e-07  1.206930947711061e+00  7.501000000000003e-01  2.965346271234198e-03  4.171016684641585e-01 
 1.749500000000032e-07  1.206930945514062e+00  7.501000000000003e-01  2.965346252572573e-03  4.171016684565342e-01 
 1.750500000000032e-07  1.206930943338919e+00  7.501000000000003e-01  2.965346271219278e-03  4.171016684483903e-01 
 1.751500000000032e-07  1.206930941185417e+00  7.501000000000003e-01  2.965346252584791e-03  4.171016684409223e-01 
 1.752500000000032e-07  1.206930939053339e+00  7.501000000000003e-01  2.965346271204411e-03  4.171016684329340e-01 
 1.753500000000032e-07  1.206930936942474e+00  7.501000000000003e-01  2.965346252597016e-03  4.171016684256192e-01 
 1.754500000000032e-07  1.206930934852609e+00  7.501000000000003e-01  2.965346271189588e-03  4.171016684177840e-01 
 1.755500000000032e-07  1.206930932783536e+00  7.501000000000003e-01  2.965346252609247e-03  4.171016684106196e-01 
 1.756500000000032e-07  1.206930930735048e+00  7.501000000000003e-01  2.965346271174807e-03  4.171016684029338e-01 
 1.757500000000033e-07  1.206930928706940e+00  7.501000000000003e-01  2.965346252621483e-03  4.171016683959168e-01 
 1.758500000000033e-07  1.206930926699010e+00  7.501000000000003e-01  2.965346271160070e-03  4.171016683883774e-01 
 1.759500000000033e-07  1.206930924711056e+00  7.501000000000003e-01  2.965346252633726e-03  4.171016683815048e-01 
 1.760500000000033e-07  1.206930922742881e+00  7.501000000000003e-01  2.965346271145379e-03  4.171016683741098e-01 
 1.761500000000033e-07  1.206930920794286e+00  7.501000000000003e-01  2.965346252645970e-03  4.171016683673783e-01 
 1.762500000000033e-07  1.206930918865078e+00  7.501000000000003e-01  2.965346271130730e-03  4.171016683601241e-01 
 1.763500000000033e-07  1.206930916955063e+00  7.501000000000003e-01  2.965346252658221e-03  4.171016683535317e-01 
 1.764500000000033e-07  1.206930915064050e+00  7.501000000000003e-01  2.965346271116128e-03  4.171016683464157e-01 
 1.765500000000033e-07  1.206930913191851e+00  7.501000000000003e-01  2.965346252670482e-03  4.171016683399590e-01 
 1.766500000000033e-07  1.206930911338278e+00  7.501000000000003e-01  2.965346271101567e-03  4.171016683329785e-01 
 1.767500000000033e-07  1.206930909503146e+00  7.501000000000003e-01  2.965346252682736e-03  4.171016683266551e-01 
 1.768500000000033e-07  1.206930907686272e+00  7.501000000000003e-01  2.965346271087050e-03  4.171016683198075e-01 
 1.769500000000033e-07  1.206930905887473e+00  7.501000000000003e-01  2.965346252694997e-03  4.171016683136148e-01 
 1.770500000000033e-07  1.206930904106571e+00  7.501000000000003e-01  2.965346271072575e-03  4.171016683068969e-01 
 1.771500000000034e-07  1.206930902343386e+00  7.501000000000003e-01  2.965346252707263e-03  4.171016683008323e-01 
 1.772500000000034e-07  1.206930900597743e+00  7.501000000000003e-01  2.965346271058138e-03  4.171016682942421e-01 
 1.773500000000034e-07  1.206930898869467e+00  7.501000000000003e-01  2.965346252719530e-03  4.171016682883033e-01 
 1.774500000000034e-07  1.206930897158385e+00  7.501000000000003e-01  2.965346271043740e-03  4.171016682818383e-01 
 1.775500000000034e-07  1.206930895464327e+00  7.501000000000003e-01  2.965346252731798e-03  4.171016682760221e-01 
 1.776500000000034e-07  1.206930893787123e+00  7.501000000000003e-01  2.965346271029389e-03  4.171016682696795e-01 
 1.777500000000034e-07  1.206930892126605e+00  7.501000000000003e-01  2.965346252744068e-03  4.171016682639840e-01 
 1.778500000000034e-07  1.206930890482608e+00  7.501000000000003e-01  2.965346271015071e-03  4.171016682577616e-01 
 1.779500000000034e-07  1.206930888854966e+00  7.501000000000003e-01  2.965346252756340e-03  4.171016682521841e-01 
 1.780500000000034e-07  1.206930887243518e+00  7.501000000000003e-01  2.965346271000798e-03  4.171016682460798e-01 
 1.781500000000034e-07  1.206930885648101e+00  7.501000000000003e-01  2.965346252768610e-03  4.171016682406183e-01 
 1.782500000000034e-07  1.206930884068557e+00  7.501000000000003e-01  2.965346270986565e-03  4.171016682346294e-01 
 1.783500000000034e-07  1.206930882504728e+00  7.501000000000003e-01  2.965346252780883e-03  4.171016682292809e-01 
 1.784500000000035e-07  1.206930880956457e+00  7.501000000000003e-01  2.965346270972368e-03  4.171016682234052e-01 
 1.785500000000035e-07  1.206930879423590e+00  7.501000000000003e-01  2.965346252793157e-03  4.171016682181683e-01 
 1.786500000000035e-07  1.206930877905972e+00  7.501000000000003e-01  2.965346270958207e-03  4.171016682124038e-01 
 1.787500000000035e-07  1.206930876403454e+00  7.501000000000003e-01  2.965346252805425e-03  4.171016682072757e-01 
 1.788500000000035e-07  1.206930874915884e+00  7.501000000000003e-01  2.965346270944084e-03  4.171016682016196e-01 
 1.789500000000035e-07  1.206930873443113e+00  7.501000000000003e-01  2.965346252817701e-03  4.171016681965987e-01 
 1.790500000000035e-07  1.206930871984995e+00  7.501000000000003e-01  2.965346270930003e-03  4.171016681910498e-01 
 1.791500000000035e-07  1.206930870541383e+00  7.501000000000003e-01  2.965346252829968e-03  4.171016681861334e-01 
 1.792500000000035e-07  1.206930869112134e+00  7.501000000000003e-01  2.965346270915959e-03  4.171016681806884e-01 
 1.793500000000035e-07  1.206930867697104e+00  7.501000000000003e-01  2.965346252842236e-03  4.171016681758746e-01 
 1.794500000000035e-07  1.206930866296152e+00  7.501000000000003e-01  2.965346270901947e-03  4.171016681705325e-01 
 1.795500000000035e-07  1.206930864909137e+00  7.501000000000003e-01  2.965346252854505e-03  4.171016681658198e-01 
 1.796500000000035e-07  1.206930863535923e+00  7.501000000000003e-01  2.965346270887973e-03  4.171016681605777e-01 
 1.797500000000036e-07  1.206930862176370e+00  7.501000000000003e-01  2.965346252866768e-03  4.171016681559634e-01 
 1.798500000000036e-07  1.206930860830343e+00  7.501000000000003e-01  2.965346270874037e-03  4.171016681508199e-01 
 1.799500000000036e-07  1.206930859497708e+00  7.501000000000003e-01  2.965346252879030e-03  4.171016681463022e-01 
 1.800500000000036e-07  1.206930858178330e+00  7.501000000000003e-01  2.965346270860136e-03  4.171016681412555e-01 
 1.801500000000036e-07  1.206930856872079e+00  7.501000000000003e-01  2.965346252891294e-03  4.171016681368325e-01 
 1.802500000000036e-07  1.206930855578824e+00  7.501000000000003e-01  2.965346270846269e-03  4.171016681318803e-01 
 1.803500000000036e-07  1.206930854298435e+00  7.501000000000003e-01  2.965346252903548e-03  4.171016681275504e-01 
 1.804500000000036e-07  1.206930853030785e+00  7.501000000000003e-01  2.965346270832436e-03  4.171016681226909e-01 
 1.805500000000036e-07  1.206930851775746e+00  7.501000000000003e-01  2.965346252915800e-03  4.171016681184518e-01 
 1.806500000000036e-07  1.206930850533193e+00  7.501000000000003e-01  2.965346270818642e-03  4.171016681136830e-01 
 1.807500000000036e-07  1.206930849303002e+00  7.501000000000003e-01  2.965346252928056e-03  4.171016681095329e-01 
 1.808500000000036e-07  1.206930848085050e+00  7.501000000000003e-01  2.965346270804881e-03  4.171016681048539e-01 
 1.809500000000036e-07  1.206930846879215e+00  7.501000000000003e-01  2.965346252940300e-03  4.171016681007914e-01 
 1.810500000000036e-07  1.206930845685377e+00  7.501000000000003e-01  2.965346270791151e-03  4.171016680961994e-01 
 1.811500000000037e-07  1.206930844503417e+00  7.501000000000003e-01  2.965346252952543e-03  4.171016680922226e-01 
 1.812500000000037e-07  1.206930843333216e+00  7.501000000000003e-01  2.965346270777457e-03  4.171016680877160e-01 
 1.813500000000037e-07  1.206930842174656e+00  7.501000000000003e-01  2.965346252964779e-03  4.171016680838235e-01 
 1.814500000000037e-07  1.206930841027623e+00  7.501000000000003e-01  2.965346270763792e-03  4.171016680794009e-01 
 1.815500000000037e-07  1.206930839892002e+00  7.501000000000003e-01  2.965346252977016e-03  4.171016680755905e-01 
 1.816500000000037e-07  1.206930838767679e+00  7.501000000000003e-01  2.965346270750167e-03  4.171016680712502e-01 
 1.817500000000037e-07  1.206930837654542e+00  7.501000000000003e-01  2.965346252989244e-03  4.171016680675207e-01 
 1.818500000000037e-07  1.206930836552479e+00  7.501000000000003e-01  2.965346270736570e-03  4.171016680632613e-01 
 1.819500000000037e-07  1.206930835461380e+00  7.501000000000003e-01  2.965346253001469e-03  4.171016680596109e-01 
 1.820500000000037e-07  1.206930834381137e+00  7.501000000000003e-01  2.965346270723004e-03  4.171016680554305e-01 
 1.821500000000037e-07  1.206930833311641e+00  7.501000000000003e-01  2.965346253013684e-03  4.171016680518572e-01 
 1.822500000000037e-07  1.206930832252785e+00  7.501000000000003e-01  2.965346270709469e-03  4.171016680477547e-01 
 1.823500000000037e-07  1.206930831204464e+00  7.501000000000003e-01  2.965346253025898e-03  4.171016680442574e-01 
 1.824500000000038e-07  1.206930830166571e+00  7.501000000000003e-01  2.965346270695970e-03  4.171016680402308e-01 
 1.825500000000038e-07  1.206930829139005e+00  7.501000000000003e-01  2.965346253038105e-03  4.171016680368078e-01 
 1.826500000000038e-07  1.206930828121662e+00  7.501000000000003e-01  2.965346270682505e-03  4.171016680328558e-01 
 1.827500000000038e-07  1.206930827114441e+00  7.501000000000003e-01  2.965346253050306e-03  4.171016680295057e-01 
 1.828500000000038e-07  1.206930826117240e+00  7.501000000000003e-01  2.965346270669066e-03  4.171016680256268e-01 
 1.829500000000038e-07  1.206930825129961e+00  7.501000000000003e-01  2.965346253062500e-03  4.171016680223484e-01 
 1.830500000000038e-07  1.206930824152503e+00  7.501000000000003e-01  2.965346270655658e-03  4.171016680185408e-01 
 1.831500000000038e-07  1.206930823184770e+00  7.501000000000003e-01  2.965346253074688e-03  4.171016680153324e-01 
 1.832500000000038e-07  1.206930822226664e+00  7.501000000000003e-01  2.965346270642284e-03  4.171016680115956e-01 
 1.833500000000038e-07  1.206930821278091e+00  7.501000000000003e-01  2.965346253086871e-03  4.171016680084557e-01 
 1.834500000000038e-07  1.206930820338956e+00  7.501000000000003e-01  2.965346270628939e-03  4.171016680047873e-01 
 1.835500000000038e-07  1.206930819409164e+00  7.501000000000003e-01  2.965346253099045e-03  4.171016680017149e-01 
 1.836500000000038e-07  1.206930818488622e+00  7.501000000000003e-01  2.965346270615622e-03  4.171016679981140e-01 
 1.837500000000039e-07  1.206930817577239e+00  7.501000000000003e-01  2.965346253111211e-03  4.171016679951079e-01 
 1.838500000000039e-07  1.206930816674922e+00  7.501000000000003e-01  2.965346270602336e-03  4.171016679915731e-01 
 1.839500000000039e-07  1.206930815781582e+00  7.501000000000003e-01  2.965346253123373e-03  4.171016679886315e-01 
 1.840500000000039e-07  1.206930814897130e+00  7.501000000000003e-01  2.965346270589082e-03  4.171016679851615e-01 
 1.841500000000039e-07  1.206930814021478e+00  7.501000000000003e-01  2.965346253135526e-03  4.171016679822832e-01 
 1.842500000000039e-07  1.206930813154536e+00  7.501000000000003e-01  2.965346270575854e-03  4.171016679788769e-01 
 1.843500000000039e-07  1.206930812296220e+00  7.501000000000003e-01  2.965346253147670e-03  4.171016679760606e-01 
 1.844500000000039e-07  1.206930811446444e+00  7.501000000000003e-01  2.965346270562660e-03  4.171016679727166e-01 
 1.845500000000039e-07  1.206930810605122e+00  7.501000000000003e-01  2.965346253159810e-03  4.171016679699616e-01 
 1.846500000000039e-07  1.206930809772170e+00  7.501000000000003e-01  2.965346270549487e-03  4.171016679666782e-01 
 1.847500000000039e-07  1.206930808947505e+00  7.501000000000003e-01  2.965346253171938e-03  4.171016679639828e-01 
 1.848500000000039e-07  1.206930808131044e+00  7.501000000000003e-01  2.965346270536347e-03  4.171016679607598e-01 
 1.849500000000039e-07  1.206930807322707e+00  7.501000000000003e-01  2.965346253184059e-03  4.171016679581227e-01 
 1.850500000000039e-07  1.206930806522411e+00  7.501000000000003e-01  2.965346270523236e-03  4.171016679549582e-01 
 1.851500000000040e-07  1.206930805730078e+00  7.501000000000003e-01  2.965346253196171e-03  4.171016679523785e-01 
 1.852500000000040e-07  1.206930804945627e+00  7.501000000000003e-01  2.965346270510156e-03  4.171016679492714e-01 
 1.853500000000040e-07  1.206930804168981e+00  7.501000000000003e-01  2.965346253208279e-03  4.171016679467479e-01 
 1.854500000000040e-07  1.206930803400061e+00  7.501000000000003e-01  2.965346270497099e-03  4.171016679436976e-01 
 1.855500000000040e-07  1.206930802638792e+00  7.501000000000003e-01  2.965346253220372e-03  4.171016679412288e-01 
 1.856500000000040e-07  1.206930801885096e+00  7.501000000000003e-01  2.965346270484071e-03  4.171016679382338e-01 
 1.857500000000040e-07  1.206930801138898e+00  7.501000000000003e-01  2.965346253232459e-03  4.171016679358192e-01 
 1.858500000000040e-07  1.206930800400125e+00  7.501000000000003e-01  2.965346270471068e-03  4.171016679328785e-01 
 1.859500000000040e-07  1.206930799668702e+00  7.501000000000003e-01  2.965346253244539e-03  4.171016679305165e-01 
 1.860500000000040e-07  1.206930798944555e+00  7.501000000000003e-01  2.965346270458097e-03  4.171016679276290e-01 
 1.861500000000040e-07  1.206930798227612e+00  7.501000000000003e-01  2.965346253256601e-03  4.171016679253190e-01 
 1.862500000000040e-07  1.206930797517802e+00  7.501000000000003e-01  2.965346270445149e-03  4.171016679224835e-01 
 1.863500000000040e-07  1.206930796815054e+00  7.501000000000003e-01  2.965346253268664e-03  4.171016679202242e-01 
 1.864500000000041e-07  1.206930796119297e+00  7.501000000000003e-01  2.965346270432231e-03  4.171016679174400e-01 
 1.865500000000041e-07  1.206930795430463e+00  7.501000000000003e-01  2.965346253280711e-03  4.171016679152305e-01 
 1.866500000000041e-07  1.206930794748482e+00  7.501000000000003e-01  2.965346270419336e-03  4.171016679124961e-01 
 1.867500000000041e-07  1.206930794073285e+00  7.501000000000003e-01  2.965346253292751e-03  4.171016679103356e-01 
 1.868500000000041e-07  1.206930793404807e+00  7.501000000000003e-01  2.965346270406472e-03  4.171016679076500e-01 
 1.869500000000041e-07  1.206930792742978e+00  7.501000000000003e-01  2.965346253304780e-03  4.171016679055375e-01 
 1.870500000000041e-07  1.206930792087734e+00  7.501000000000003e-01  2.965346270393634e-03  4.171016679029001e-01 
 1.871500000000041e-07  1.206930791439009e+00  7.501000000000003e-01  2.965346253316802e-03  4.171016679008342e-01 
 1.872500000000041e-07  1.206930790796738e+00  7.501000000000003e-01  2.965346270380819e-03  4.171016678982441e-01 
 1.873500000000041e-07  1.206930790160857e+00  7.501000000000003e-01  2.965346253328810e-03  4.171016678962240e-01 
 1.874500000000041e-07  1.206930789531302e+00  7.501000000000003e-01  2.965346270368032e-03  4.171016678936807e-01 
 1.875500000000041e-07  1.206930788908011e+00  7.501000000000003e-01  2.965346253340808e-03  4.171016678917057e-01 
 1.876500000000041e-07  1.206930788290921e+00  7.501000000000003e-01  2.965346270355269e-03  4.171016678892069e-01 
 1.877500000000042e-07  1.206930787679970e+00  7.501000000000003e-01  2.965346253352799e-03  4.171016678872763e-01 
 1.878500000000042e-07  1.206930787075097e+00  7.501000000000003e-01  2.965346270342533e-03  4.171016678848222e-01 
 1.879500000000042e-07  1.206930786476242e+00  7.501000000000003e-01  2.965346253364779e-03  4.171016678829347e-01 
 1.880500000000042e-07  1.206930785883345e+00  7.501000000000003e-01  2.965346270329823e-03  4.171016678805244e-01 
 1.881500000000042e-07  1.206930785296346e+00  7.501000000000003e-01  2.965346253376748e-03  4.171016678786792e-01 
 1.882500000000042e-07  1.206930784715188e+00  7.501000000000003e-01  2.965346270317141e-03  4.171016678763113e-01 
 1.883500000000042e-07  1.206930784139812e+00  7.501000000000003e-01  2.965346253388703e-03  4.171016678745079e-01 
 1.884500000000042e-07  1.206930783570160e+00  7.501000000000003e-01  2.965346270304478e-03  4.171016678721820e-01 
 1.885500000000042e-07  1.206930783006176e+00  7.501000000000003e-01  2.965346253400652e-03  4.171016678704191e-01 
 1.886500000000042e-07  1.206930782447802e+00  7.501000000000003e-01  2.965346270291845e-03  4.171016678681341e-01 
 1.887500000000042e-07  1.206930781894983e+00  7.501000000000003e-01  2.965346253412589e-03  4.171016678664114e-01 
 1.888500000000042e-07  1.206930781347665e+00  7.501000000000003e-01  2.965346270279233e-03  4.171016678641667e-01 
 1.889500000000042e-07  1.206930780805792e+00  7.501000000000003e-01  2.965346253424511e-03  4.171016678624828e-01 
 1.890500000000043e-07  1.206930780269309e+00  7.501000000000003e-01  2.965346270266647e-03  4.171016678602780e-01 
 1.891500000000043e-07  1.206930779738164e+00  7.501000000000003e-01  2.965346253436424e-03  4.171016678586319e-01 
 1.892500000000043e-07  1.206930779212303e+00  7.501000000000003e-01  2.965346270254085e-03  4.171016678564661e-01 
 1.893500000000043e-07  1.206930778691674e+00  7.501000000000003e-01  2.965346253448328e-03  4.171016678548574e-01 
 1.894500000000043e-07  1.206930778176225e+00  7.501000000000003e-01  2.965346270241549e-03  4.171016678527292e-01 
 1.895500000000043e-07  1.206930777665904e+00  7.501000000000003e-01  2.965346253460219e-03  4.171016678511580e-01 
 1.896500000000043e-07  1.206930777160659e+00  7.501000000000003e-01  2.965346270229034e-03  4.171016678490669e-01 
 1.897500000000043e-07  1.206930776660442e+00  7.501000000000003e-01  2.965346253472098e-03  4.171016678475314e-01 
 1.898500000000043e-07  1.206930776165201e+00  7.501000000000003e-01  2.965346270216547e-03  4.171016678454767e-01 
 1.899500000000043e-07  1.206930775674887e+00  7.501000000000003e-01  2.965346253483967e-03  4.171016678439766e-01 
 1.900500000000043e-07  1.206930775189452e+00  7.501000000000003e-01  2.965346270204079e-03  4.171016678419577e-01 
 1.901500000000043e-07  1.206930774708846e+00  7.501000000000003e-01  2.965346253495823e-03  4.171016678404923e-01 
 1.902500000000043e-07  1.206930774233021e+00  7.501000000000003e-01  2.965346270191638e-03  4.171016678385083e-01 
 1.903500000000043e-07  1.206930773761930e+00  7.501000000000003e-01  2.965346253507664e-03  4.171016678370769e-01 
 1.904500000000044e-07  1.206930773295526e+00  7.501000000000003e-01  2.965346270179221e-03  4.171016678351275e-01 
 1.905500000000044e-07  1.206930772833762e+00  7.501000000000003e-01  2.965346253519498e-03  4.171016678337290e-01 
 1.906500000000044e-07  1.206930772376592e+00  7.501000000000003e-01  2.965346270166825e-03  4.171016678318133e-01 
 1.907500000000044e-07  1.206930771923970e+00  7.501000000000003e-01  2.965346253531324e-03  4.171016678304478e-01 
 1.908500000000044e-07  1.206930771475851e+00  7.501000000000003e-01  2.965346270154451e-03  4.171016678285648e-01 
 1.909500000000044e-07  1.206930771032191e+00  7.501000000000003e-01  2.965346253543128e-03  4.171016678272315e-01 
 1.910500000000044e-07  1.206930770592945e+00  7.501000000000003e-01  2.965346270142103e-03  4.171016678253811e-01 
 1.911500000000044e-07  1.206930770158068e+00  7.501000000000003e-01  2.965346253554928e-03  4.171016678240786e-01 
 1.912500000000044e-07  1.206930769727519e+00  7.501000000000003e-01  2.965346270129776e-03  4.171016678222599e-01 
 1.913500000000044e-07  1.206930769301252e+00  7.501000000000003e-01  2.965346253566711e-03  4.171016678209881e-01 
 1.914500000000044e-07  1.206930768879227e+00  7.501000000000003e-01  2.965346270117474e-03  4.171016678192004e-01 
 1.915500000000044e-07  1.206930768461400e+00  7.501000000000003e-01  2.965346253578481e-03  4.171016678179589e-01 
 1.916500000000044e-07  1.206930768047730e+00  7.501000000000003e-01  2.965346270105195e-03  4.171016678162020e-01 
 1.917500000000045e-07  1.206930767638176e+00  7.501000000000003e-01  2.965346253590243e-03  4.171016678149896e-01 
 1.918500000000045e-07  1.206930767232696e+00  7.501000000000003e-01  2.965346270092936e-03  4.171016678132627e-01 
 1.919500000000045e-07  1.206930766831250e+00  7.501000000000003e-01  2.965346253601991e-03  4.171016678120790e-01 
 1.920500000000045e-07  1.206930766433798e+00  7.501000000000003e-01  2.965346270080698e-03  4.171016678103816e-01 
 1.921500000000045e-07  1.206930766040301e+00  7.501000000000003e-01  2.965346253613724e-03  4.171016678092263e-01 
 1.922500000000045e-07  1.206930765650719e+00  7.501000000000003e-01  2.965346270068487e-03  4.171016678075574e-01 
 1.923500000000045e-07  1.206930765265011e+00  7.501000000000003e-01  2.965346253625447e-03  4.171016678064299e-01 
 1.924500000000045e-07  1.206930764883142e+00  7.501000000000003e-01  2.965346270056298e-03  4.171016678047892e-01 
 1.925500000000045e-07  1.206930764505072e+00  7.501000000000003e-01  2.965346253637159e-03  4.171016678036890e-01 
 1.926500000000045e-07  1.206930764130763e+00  7.501000000000003e-01  2.965346270044130e-03  4.171016678020760e-01 
 1.927500000000045e-07  1.206930763760178e+00  7.501000000000003e-01  2.965346253648852e-03  4.171016678010022e-01 
 1.928500000000045e-07  1.206930763393279e+00  7.501000000000003e-01  2.965346270031985e-03  4.171016677994163e-01 
 1.929500000000045e-07  1.206930763030031e+00  7.501000000000003e-01  2.965346253660539e-03  4.171016677983691e-01 
 1.930500000000046e-07  1.206930762670398e+00  7.501000000000003e-01  2.965346270019854e-03  4.171016677968097e-01 
 1.931500000000046e-07  1.206930762314341e+00  7.501000000000003e-01  2.965346253672209e-03  4.171016677957871e-01 
 1.932500000000046e-07  1.206930761961827e+00  7.501000000000003e-01  2.965346270007752e-03  4.171016677942542e-01 
 1.933500000000046e-07  1.206930761612821e+00  7.501000000000003e-01  2.965346253683871e-03  4.171016677932572e-01 
 1.934500000000046e-07  1.206930761267287e+00  7.501000000000003e-01  2.965346269995671e-03  4.171016677917493e-01 
 1.935500000000046e-07  1.206930760925190e+00  7.501000000000003e-01  2.965346253695512e-03  4.171016677907770e-01 
 1.936500000000046e-07  1.206930760586497e+00  7.501000000000003e-01  2.965346269983611e-03  4.171016677892945e-01 
 1.937500000000046e-07  1.206930760251174e+00  7.501000000000003e-01  2.965346253707145e-03  4.171016677883460e-01 
 1.938500000000046e-07  1.206930759919186e+00  7.501000000000003e-01  2.965346269971571e-03  4.171016677868876e-01 
 1.939500000000046e-07  1.206930759590502e+00  7.501000000000003e-01  2.965346253718768e-03  4.171016677859629e-01 
 1.940500000000046e-07  1.206930759265087e+00  7.501000000000003e-01  2.965346269959557e-03  4.171016677845290e-01 
 1.941500000000046e-07  1.206930758942910e+00  7.501000000000003e-01  2.965346253730371e-03  4.171016677836273e-01 
 1.942500000000046e-07  1.206930758623939e+00  7.501000000000003e-01  2.965346269947561e-03  4.171016677822166e-01 
 1.943500000000046e-07  1.206930758308141e+00  7.501000000000003e-01  2.965346253741966e-03  4.171016677813375e-01 
 1.944500000000047e-07  1.206930757995485e+00  7.501000000000003e-01  2.965346269935585e-03  4.171016677799502e-01 
 1.945500000000047e-07  1.206930757685939e+00  7.501000000000003e-01  2.965346253753545e-03  4.171016677790934e-01 
 1.946500000000047e-07  1.206930757379473e+00  7.501000000000003e-01  2.965346269923633e-03  4.171016677777287e-01 
 1.947500000000047e-07  1.206930757076056e+00  7.501000000000003e-01  2.965346253765112e-03  4.171016677768934e-01 
 1.948500000000047e-07  1.206930756775657e+00  7.501000000000003e-01  2.965346269911697e-03  4.171016677755509e-01 
 1.949500000000047e-07  1.206930756478247e+00  7.501000000000003e-01  2.965346253776664e-03  4.171016677747372e-01 
 1.950500000000047e-07  1.206930756183796e+00  7.501000000000003e-01  2.965346269899786e-03  4.171016677734167e-01 
 1.951500000000047e-07  1.206930755892274e+00  7.501000000000003e-01  2.965346253788207e-03  4.171016677726236e-01 
 1.952500000000047e-07  1.206930755603653e+00  7.501000000000003e-01  2.965346269887891e-03  4.171016677713242e-01 
 1.953500000000047e-07  1.206930755317902e+00  7.501000000000003e-01  2.965346253799732e-03  4.171016677705519e-01 
 1.954500000000047e-07  1.206930755034995e+00  7.501000000000003e-01  2.965346269876022e-03  4.171016677692738e-01 
 1.955500000000047e-07  1.206930754754902e+00  7.501000000000003e-01  2.965346253811242e-03  4.171016677685213e-01 
 1.956500000000047e-07  1.206930754477596e+00  7.501000000000003e-01  2.965346269864172e-03  4.171016677672636e-01 
 1.957500000000048e-07  1.206930754203049e+00  7.501000000000003e-01  2.965346253822744e-03  4.171016677665307e-01 
 1.958500000000048e-07  1.206930753931234e+00  7.501000000000003e-01  2.965346269852340e-03  4.171016677652934e-01 
 1.959500000000048e-07  1.206930753662123e+00  7.501000000000003e-01  2.965346253834229e-03  4.171016677645794e-01 
 1.960500000000048e-07  1.206930753395689e+00  7.501000000000003e-01  2.965346269840531e-03  4.171016677633622e-01 
 1.961500000000048e-07  1.206930753131906e+00  7.501000000000003e-01  2.965346253845699e-03  4.171016677626672e-01 
 1.962500000000048e-07  1.206930752870747e+00  7.501000000000003e-01  2.965346269828744e-03  4.171016677614688e-01 
 1.963500000000048e-07  1.206930752612186e+00  7.501000000000003e-01  2.965346253857161e-03  4.171016677607927e-01 
 1.964500000000048e-07  1.206930752356198e+00  7.501000000000003e-01  2.965346269816970e-03  4.171016677596134e-01 
 1.965500000000048e-07  1.206930752102757e+00  7.501000000000003e-01  2.965346253868606e-03  4.171016677589552e-01 
 1.966500000000048e-07  1.206930751851837e+00  7.501000000000003e-01  2.965346269805223e-03  4.171016677577946e-01 
 1.967500000000048e-07  1.206930751603413e+00  7.501000000000003e-01  2.965346253880034e-03  4.171016677571541e-01 
 1.968500000000048e-07  1.206930751357461e+00  7.501000000000003e-01  2.965346269793492e-03  4.171016677560119e-01 
 1.969500000000048e-07  1.206930751113956e+00  7.501000000000003e-01  2.965346253891452e-03  4.171016677553883e-01 
 1.970500000000049e-07  1.206930750872874e+00  7.501000000000003e-01  2.965346269781780e-03  4.171016677542642e-01 
 1.971500000000049e-07  1.206930750634190e+00  7.501000000000003e-01  2.965346253902855e-03  4.171016677536579e-01 
 1.972500000000049e-07  1.206930750397881e+00  7.501000000000003e-01  2.965346269770091e-03  4.171016677525511e-01 
 1.973500000000049e-07  1.206930750163923e+00  7.501000000000003e-01  2.965346253914245e-03  4.171016677519615e-01 
 1.974500000000049e-07  1.206930749932293e+00  7.501000000000003e-01  2.965346269758420e-03  4.171016677508723e-01 
 1.975500000000049e-07  1.206930749702966e+00  7.501000000000003e-01  2.965346253925620e-03  4.171016677502992e-01 
 1.976500000000049e-07  1.206930749475921e+00  7.501000000000003e-01  2.965346269746769e-03  4.171016677492263e-01 
 1.977500000000049e-07  1.206930749251135e+00  7.501000000000003e-01  2.965346253936983e-03  4.171016677486690e-01 
 1.978500000000049e-07  1.206930749028585e+00  7.501000000000003e-01  2.965346269735136e-03  4.171016677476134e-01 
 1.979500000000049e-07  1.206930748808249e+00  7.501000000000003e-01  2.965346253948331e-03  4.171016677470718e-01 
 1.980500000000049e-07  1.206930748590106e+00  7.501000000000003e-01  2.965346269723526e-03  4.171016677460322e-01 
 1.981500000000049e-07  1.206930748374132e+00  7.501000000000003e-01  2.965346253959666e-03  4.171016677455059e-01 
 1.982500000000049e-07  1.206930748160307e+00  7.501000000000003e-01  2.965346269711930e-03  4.171016677444822e-01 
 1.983500000000049e-07  1.206930747948610e+00  7.501000000000003e-01  2.965346253970985e-03  4.171016677439711e-01 
 1.984500000000050e-07  1.206930747739019e+00  7.501000000000003e-01  2.965346269700359e-03  4.171016677429629e-01 
 1.985500000000050e-07  1.206930747531513e+00  7.501000000000003e-01  2.965346253982290e-03  4.171016677424665e-01 
 1.986500000000050e-07  1.206930747326072e+00  7.501000000000003e-01  2.965346269688806e-03  4.171016677414738e-01 
 1.987500000000050e-07  1.206930747122675e+00  7.501000000000003e-01  2.965346253993579e-03  4.171016677409921e-01 
 1.988500000000050e-07  1.206930746921301e+00  7.501000000000003e-01  2.965346269677272e-03  4.171016677400138e-01 
 1.989500000000050e-07  1.206930746721930e+00  7.501000000000003e-01  2.965346254004858e-03  4.171016677395463e-01 
 1.990500000000050e-07  1.206930746524544e+00  7.501000000000003e-01  2.965346269665758e-03  4.171016677385835e-01 
 1.991500000000050e-07  1.206930746329121e+00  7.501000000000003e-01  2.965346254016126e-03  4.171016677381292e-01 
 1.992500000000050e-07  1.206930746135642e+00  7.501000000000003e-01  2.965346269654257e-03  4.171016677371811e-01 
 1.993500000000050e-07  1.206930745944088e+00  7.501000000000003e-01  2.965346254027374e-03  4.171016677367404e-01 
 1.994500000000050e-07  1.206930745754440e+00  7.501000000000003e-01  2.965346269642780e-03  4.171016677358061e-01 
 1.995500000000050e-07  1.206930745566678e+00  7.501000000000003e-01  2.965346254038608e-03  4.171016677353790e-01 
 1.996500000000050e-07  1.206930745380784e+00  7.501000000000003e-01  2.965346269631318e-03  4.171016677344587e-01 
 1.997500000000051e-07  1.206930745196741e+00  7.501000000000003e-01  2.965346254049829e-03  4.171016677340449e-01 
 1.998500000000051e-07  1.206930745014528e+00  7.501000000000003e-01  2.965346269619883e-03  4.171016677331379e-01 
 1.999500000000051e-07  1.206930744834128e+00  7.501000000000003e-01  2.965346254061035e-03  4.171016677327372e-01 
 2.000500000000051e-07  1.206930744655522e+00  7.501000000000003e-01  2.965346269608459e-03  4.171016677318432e-01 
 2.001500000000051e-07  1.206930744478694e+00  7.501000000000003e-01  2.965346254072229e-03  4.171016677314547e-01 
 2.002500000000051e-07  1.206930744303625e+00  7.501000000000003e-01  2.965346269597059e-03  4.171016677305746e-01 
 2.003500000000051e-07  1.206930744130297e+00  7.501000000000003e-01  2.965346254083407e-03  4.171016677301981e-01 
 2.004500000000051e-07  1.206930743958694e+00  7.501000000000003e-01  2.965346269585672e-03  4.171016677293305e-01 
 2.005500000000051e-07  1.206930743788798e+00  7.501000000000003e-01  2.965346254094569e-03  4.171016677289663e-01 
 2.006500000000051e-07  1.206930743620592e+00  7.501000000000003e-01  2.965346269574306e-03  4.171016677281115e-01 
 2.007500000000051e-07  1.206930743454060e+00  7.501000000000003e-01  2.965346254105720e-03  4.171016677277587e-01 
 2.008500000000051e-07  1.206930743289185e+00  7.501000000000003e-01  2.965346269562957e-03  4.171016677269165e-01 
 2.009500000000051e-07  1.206930743125950e+00  7.501000000000003e-01  2.965346254116856e-03  4.171016677265753e-01 
 2.010500000000052e-07  1.206930742964340e+00  7.501000000000003e-01  2.965346269551629e-03  4.171016677257448e-01 
 2.011500000000052e-07  1.206930742804337e+00  7.501000000000003e-01  2.965346254127976e-03  4.171016677254152e-01 
 2.012500000000052e-07  1.206930742645925e+00  7.501000000000003e-01  2.965346269540316e-03  4.171016677245967e-01 
 2.013500000000052e-07  1.206930742489090e+00  7.501000000000003e-01  2.965346254139082e-03  4.171016677242780e-01 
 2.014500000000052e-07  1.206930742333815e+00  7.501000000000003e-01  2.965346269529026e-03  4.171016677234715e-01 
 2.015500000000052e-07  1.206930742180086e+00  7.501000000000003e-01  2.965346254150175e-03  4.171016677231638e-01 
 2.016500000000052e-07  1.206930742027885e+00  7.501000000000003e-01  2.965346269517751e-03  4.171016677223680e-01 
 2.017500000000052e-07  1.206930741877199e+00  7.501000000000003e-01  2.965346254161253e-03  4.171016677220709e-01 
 2.018500000000052e-07  1.206930741728011e+00  7.501000000000003e-01  2.965346269506494e-03  4.171016677212866e-01 
 2.019500000000052e-07  1.206930741580309e+00  7.501000000000003e-01  2.965346254172317e-03  4.171016677210000e-01 
 2.020500000000052e-07  1.206930741434076e+00  7.501000000000003e-01  2.965346269495257e-03  4.171016677202268e-01 
 2.021500000000052e-07  1.206930741289297e+00  7.501000000000003e-01  2.965346254183367e-03  4.171016677199501e-01 
 2.022500000000052e-07  1.206930741145959e+00  7.501000000000003e-01  2.965346269484035e-03  4.171016677191879e-01 
 2.023500000000052e-07  1.206930741004047e+00  7.501000000000003e-01  2.965346254194402e-03  4.171016677189209e-01 
 2.024500000000053e-07  1.206930740863547e+00  7.501000000000003e-01  2.965346269472834e-03  4.171016677181693e-01 
 2.025500000000053e-07  1.206930740724444e+00  7.501000000000003e-01  2.965346254205422e-03  4.171016677179125e-01 
 2.026500000000053e-07  1.206930740586726e+00  7.501000000000003e-01  2.965346269461647e-03  4.171016677171711e-01 
 2.027500000000053e-07  1.206930740450378e+00  7.501000000000003e-01  2.965346254216429e-03  4.171016677169240e-01 
 2.028500000000053e-07  1.206930740315386e+00  7.501000000000003e-01  2.965346269450480e-03  4.171016677161928e-01 
 2.029500000000053e-07  1.206930740181737e+00  7.501000000000003e-01  2.965346254227417e-03  4.171016677159548e-01 
 2.030500000000053e-07  1.206930740049418e+00  7.501000000000003e-01  2.965346269439333e-03  4.171016677152339e-01 
 2.031500000000053e-07  1.206930739918415e+00  7.501000000000003e-01  2.965346254238399e-03  4.171016677150050e-01 
 2.032500000000053e-07  1.206930739788716e+00  7.501000000000003e-01  2.965346269428204e-03  4.171016677142934e-01 
 2.033500000000053e-07  1.206930739660306e+00  7.501000000000003e-01  2.965346254249361e-03  4.171016677140738e-01 
 2.034500000000053e-07  1.206930739533174e+00  7.501000000000003e-01  2.965346269417087e-03  4.171016677133722e-01 
 2.035500000000053e-07  1.206930739407307e+00  7.501000000000003e-01  2.965346254260311e-03  4.171016677131615e-01 
 2.036500000000053e-07  1.206930739282692e+00  7.501000000000003e-01  2.965346269405990e-03  4.171016677124689e-01 
 2.037500000000054e-07  1.206930739159318e+00  7.501000000000003e-01  2.965346254271242e-03  4.171016677122667e-01 
 2.038500000000054e-07  1.206930739037170e+00  7.501000000000003e-01  2.965346269394914e-03  4.171016677115839e-01 
 2.039500000000054e-07  1.206930738916238e+00  7.501000000000003e-01  2.965346254282161e-03  4.171016677113898e-01 
 2.040500000000054e-07  1.206930738796509e+00  7.501000000000003e-01  2.965346269383854e-03  4.171016677107159e-01 
 2.041500000000054e-07  1.206930738677971e+00  7.501000000000003e-01  2.965346254293069e-03  4.171016677105303e-01 
 2.042500000000054e-07  1.206930738560612e+00  7.501000000000003e-01  2.965346269372809e-03  4.171016677098652e-01 
 2.043500000000054e-07  1.206930738444421e+00  7.501000000000003e-01  2.965346254303956e-03  4.171016677096878e-01 
 2.044500000000054e-07  1.206930738329386e+00  7.501000000000003e-01  2.965346269361786e-03  4.171016677090314e-01 
 2.045500000000054e-07  1.206930738215495e+00  7.501000000000003e-01  2.965346254314832e-03  4.171016677088620e-01 
 2.046500000000054e-07  1.206930738102737e+00  7.501000000000003e-01  2.965346269350774e-03  4.171016677082143e-01 
 2.047500000000054e-07  1.206930737991101e+00  7.501000000000003e-01  2.965346254325696e-03  4.171016677080529e-01 
 2.048500000000054e-07  1.206930737880576e+00  7.501000000000003e-01  2.965346269339783e-03  4.171016677074134e-01 
 2.049500000000054e-07  1.206930737771150e+00  7.501000000000003e-01  2.965346254336539e-03  4.171016677072591e-01 
 2.050500000000055e-07  1.206930737662814e+00  7.501000000000003e-01  2.965346269328810e-03  4.171016677066279e-01 
 2.051500000000055e-07  1.206930737555555e+00  7.501000000000003e-01  2.965346254347372e-03  4.171016677064813e-01 
 2.052500000000055e-07  1.206930737449363e+00  7.501000000000003e-01  2.965346269317851e-03  4.171016677058584e-01 
 2.053500000000055e-07  1.206930737344228e+00  7.501000000000003e-01  2.965346254358186e-03  4.171016677057192e-01 
 2.054500000000055e-07  1.206930737240139e+00  7.501000000000003e-01  2.965346269306915e-03  4.171016677051041e-01 
 2.055500000000055e-07  1.206930737137086e+00  7.501000000000003e-01  2.965346254368993e-03  4.171016677049717e-01 
 2.056500000000055e-07  1.206930737035058e+00  7.501000000000003e-01  2.965346269295989e-03  4.171016677043644e-01 
 2.057500000000055e-07  1.206930736934045e+00  7.501000000000003e-01  2.965346254379783e-03  4.171016677042391e-01 
 2.058500000000055e-07  1.206930736834036e+00  7.501000000000003e-01  2.965346269285088e-03  4.171016677036396e-01 
 2.059500000000055e-07  1.206930736735023e+00  7.501000000000003e-01  2.965346254390554e-03  4.171016677035213e-01 
 2.060500000000055e-07  1.206930736636995e+00  7.501000000000003e-01  2.965346269274197e-03  4.171016677029293e-01 
 2.061500000000055e-07  1.206930736539941e+00  7.501000000000003e-01  2.965346254401314e-03  4.171016677028176e-01 
 2.062500000000055e-07  1.206930736443854e+00  7.501000000000003e-01  2.965346269263327e-03  4.171016677022326e-01 
 2.063500000000056e-07  1.206930736348722e+00  7.501000000000003e-01  2.965346254412060e-03  4.171016677021276e-01 
 2.064500000000056e-07  1.206930736254537e+00  7.501000000000003e-01  2.965346269252470e-03  4.171016677015502e-01 
 2.065500000000056e-07  1.206930736161288e+00  7.501000000000003e-01  2.965346254422790e-03  4.171016677014517e-01 
 2.066500000000056e-07  1.206930736068968e+00  7.501000000000003e-01  2.965346269241631e-03  4.171016677008811e-01 
 2.067500000000056e-07  1.206930735977566e+00  7.501000000000003e-01  2.965346254433504e-03  4.171016677007888e-01 
 2.068500000000056e-07  1.206930735887074e+00  7.501000000000003e-01  2.965346269230811e-03  4.171016677002252e-01 
 2.069500000000056e-07  1.206930735797481e+00  7.501000000000003e-01  2.965346254444208e-03  4.171016677001395e-01 
 2.070500000000056e-07  1.206930735708780e+00  7.501000000000003e-01  2.965346269220008e-03  4.171016676995822e-01 
 2.071500000000056e-07  1.206930735620962e+00  7.501000000000003e-01  2.965346254454893e-03  4.171016676995025e-01 
 2.072500000000056e-07  1.206930735534018e+00  7.501000000000003e-01  2.965346269209217e-03  4.171016676989522e-01 
 2.073500000000056e-07  1.206930735447938e+00  7.501000000000003e-01  2.965346254465566e-03  4.171016676988781e-01 
 2.074500000000056e-07  1.206930735362715e+00  7.501000000000003e-01  2.965346269198448e-03  4.171016676983344e-01 
 2.075500000000056e-07  1.206930735278339e+00  7.501000000000003e-01  2.965346254476224e-03  4.171016676982664e-01 
 2.076500000000056e-07  1.206930735194803e+00  7.501000000000003e-01  2.965346269187693e-03  4.171016676977289e-01 
 2.077500000000057e-07  1.206930735112098e+00  7.501000000000003e-01  2.965346254486868e-03  4.171016676976663e-01 
 2.078500000000057e-07  1.206930735030216e+00  7.501000000000003e-01  2.965346269176953e-03  4.171016676971356e-01 
 2.079500000000057e-07  1.206930734949148e+00  7.501000000000003e-01  2.965346254497499e-03  4.171016676970786e-01 
 2.080500000000057e-07  1.206930734868887e+00  7.501000000000003e-01  2.965346269166234e-03  4.171016676965538e-01 
 2.081500000000057e-07  1.206930734789424e+00  7.501000000000003e-01  2.965346254508113e-03  4.171016676965025e-01 
 2.082500000000057e-07  1.206930734710752e+00  7.501000000000003e-01  2.965346269155527e-03  4.171016676959838e-01 
 2.083500000000057e-07  1.206930734632862e+00  7.501000000000003e-01  2.965346254518711e-03  4.171016676959379e-01 
 2.084500000000057e-07  1.206930734555748e+00  7.501000000000003e-01  2.965346269144842e-03  4.171016676954251e-01 
 2.085500000000057e-07  1.206930734479401e+00  7.501000000000003e-01  2.965346254529298e-03  4.171016676953840e-01 
 2.086500000000057e-07  1.206930734403813e+00  7.501000000000003e-01  2.965346269134169e-03  4.171016676948773e-01 
 2.087500000000057e-07  1.206930734328977e+00  7.501000000000003e-01  2.965346254539867e-03  4.171016676948413e-01 
 2.088500000000057e-07  1.206930734254886e+00  7.501000000000003e-01  2.965346269123515e-03  4.171016676943402e-01 
 2.089500000000057e-07  1.206930734181531e+00  7.501000000000003e-01  2.965346254550424e-03  4.171016676943095e-01 
 2.090500000000058e-07  1.206930734108907e+00  7.501000000000003e-01  2.965346269112875e-03  4.171016676938139e-01 
 2.091500000000058e-07  1.206930734037005e+00  7.501000000000003e-01  2.965346254560962e-03  4.171016676937877e-01 
 2.092500000000058e-07  1.206930733965819e+00  7.501000000000003e-01  2.965346269102252e-03  4.171016676932981e-01 
 2.093500000000058e-07  1.206930733895341e+00  7.501000000000003e-01  2.965346254571492e-03  4.171016676932769e-01 
 2.094500000000058e-07  1.206930733825563e+00  7.501000000000003e-01  2.965346269091643e-03  4.171016676927924e-01 
 2.095500000000058e-07  1.206930733756481e+00  7.501000000000003e-01  2.965346254582006e-03  4.171016676927759e-01 
 2.096500000000058e-07  1.206930733688085e+00  7.501000000000003e-01  2.965346269081054e-03  4.171016676922969e-01 
 2.097500000000058e-07  1.206930733620370e+00  7.501000000000003e-01  2.965346254592503e-03  4.171016676922849e-01 
 2.098500000000058e-07  1.206930733553329e+00  7.501000000000003e-01  2.965346269070481e-03  4.171016676918108e-01 
 2.099500000000058e-07  1.206930733486954e+00  7.501000000000003e-01  2.965346254602984e-03  4.171016676918037e-01 
 2.100500000000058e-07  1.206930733421240e+00  7.501000000000003e-01  2.965346269059922e-03  4.171016676913347e-01 
 2.101500000000058e-07  1.206930733356180e+00  7.501000000000003e-01  2.965346254613456e-03  4.171016676913316e-01 
 2.102500000000058e-07  1.206930733291766e+00  7.501000000000003e-01  2.965346269049379e-03  4.171016676908677e-01 
 2.103500000000059e-07  1.206930733227994e+00  7.501000000000003e-01  2.965346254623910e-03  4.171016676908690e-01 
 2.104500000000059e-07  1.206930733164856e+00  7.501000000000003e-01  2.965346269038854e-03  4.171016676904105e-01 
 2.105500000000059e-07  1.206930733102347e+00  7.501000000000003e-01  2.965346254634355e-03  4.171016676904157e-01 
 2.106500000000059e-07  1.206930733040460e+00  7.501000000000003e-01  2.965346269028342e-03  4.171016676899619e-01 
 2.107500000000059e-07  1.206930732979187e+00  7.501000000000003e-01  2.965346254644778e-03  4.171016676899715e-01 
 2.108500000000059e-07  1.206930732918525e+00  7.501000000000003e-01  2.965346269017847e-03  4.171016676895222e-01 
 2.109500000000059e-07  1.206930732858466e+00  7.501000000000003e-01  2.965346254655186e-03  4.171016676895360e-01 
 2.110500000000059e-07  1.206930732799004e+00  7.501000000000003e-01  2.965346269007369e-03  4.171016676890912e-01 
 2.111500000000059e-07  1.206930732740135e+00  7.501000000000003e-01  2.965346254665585e-03  4.171016676891086e-01 
 2.112500000000059e-07  1.206930732681851e+00  7.501000000000003e-01  2.965346268996910e-03  4.171016676886688e-01 
 2.113500000000059e-07  1.206930732624147e+00  7.501000000000003e-01  2.965346254675969e-03  4.171016676886905e-01 
 2.114500000000059e-07  1.206930732567017e+00  7.501000000000003e-01  2.965346268986461e-03  4.171016676882549e-01 
 2.115500000000059e-07  1.206930732510455e+00  7.501000000000003e-01  2.965346254686337e-03  4.171016676882803e-01 
 2.116500000000059e-07  1.206930732454456e+00  7.501000000000003e-01  2.965346268976030e-03  4.171016676878491e-01 
 2.117500000000060e-07  1.206930732399014e+00  7.501000000000003e-01  2.965346254696691e-03  4.171016676878781e-01 
 2.118500000000060e-07  1.206930732344124e+00  7.501000000000003e-01  2.965346268965615e-03  4.171016676874515e-01 
 2.119500000000060e-07  1.206930732289779e+00  7.501000000000003e-01  2.965346254707029e-03  4.171016676874841e-01 
 2.120500000000060e-07  1.206930732235976e+00  7.501000000000003e-01  2.965346268955219e-03  4.171016676870615e-01 
 2.121500000000060e-07  1.206930732182707e+00  7.501000000000003e-01  2.965346254717355e-03  4.171016676870977e-01 
 2.122500000000060e-07  1.206930732129969e+00  7.501000000000003e-01  2.965346268944835e-03  4.171016676866793e-01 
 2.123500000000060e-07  1.206930732077755e+00  7.501000000000003e-01  2.965346254727665e-03  4.171016676867189e-01 
 2.124500000000060e-07  1.206930732026061e+00  7.501000000000003e-01  2.965346268934464e-03  4.171016676863050e-01 
 2.125500000000060e-07  1.206930731974881e+00  7.501000000000003e-01  2.965346254737963e-03  4.171016676863479e-01 
 2.126500000000060e-07  1.206930731924211e+00  7.501000000000003e-01  2.965346268924115e-03  4.171016676859376e-01 
 2.127500000000060e-07  1.206930731874044e+00  7.501000000000003e-01  2.965346254748240e-03  4.171016676859839e-01 
 2.128500000000060e-07  1.206930731824377e+00  7.501000000000003e-01  2.965346268913777e-03  4.171016676855775e-01 
 2.129500000000060e-07  1.206930731775204e+00  7.501000000000003e-01  2.965346254758510e-03  4.171016676856272e-01 
 2.130500000000061e-07  1.206930731726521e+00  7.501000000000003e-01  2.965346268903457e-03  4.171016676852250e-01 
 2.131500000000061e-07  1.206930731678321e+00  7.501000000000003e-01  2.965346254768762e-03  4.171016676852778e-01 
 2.132500000000061e-07  1.206930731630601e+00  7.501000000000003e-01  2.965346268893154e-03  4.171016676848791e-01 
 2.133500000000061e-07  1.206930731583355e+00  7.501000000000003e-01  2.965346254778998e-03  4.171016676849350e-01 
 2.134500000000061e-07  1.206930731536580e+00  7.501000000000003e-01  2.965346268882866e-03  4.171016676845404e-01 
 2.135500000000061e-07  1.206930731490270e+00  7.501000000000003e-01  2.965346254789226e-03  4.171016676845992e-01 
 2.136500000000061e-07  1.206930731444421e+00  7.501000000000003e-01  2.965346268872592e-03  4.171016676842079e-01 
 2.137500000000061e-07  1.206930731399028e+00  7.501000000000003e-01  2.965346254799437e-03  4.171016676842702e-01 
 2.138500000000061e-07  1.206930731354086e+00  7.501000000000003e-01  2.965346268862333e-03  4.171016676838821e-01 
 2.139500000000061e-07  1.206930731309591e+00  7.501000000000003e-01  2.965346254809632e-03  4.171016676839474e-01 
 2.140500000000061e-07  1.206930731265540e+00  7.501000000000003e-01  2.965346268852089e-03  4.171016676835634e-01 
 2.141500000000061e-07  1.206930731221926e+00  7.501000000000003e-01  2.965346254819810e-03  4.171016676836309e-01 
 2.142500000000061e-07  1.206930731178746e+00  7.501000000000003e-01  2.965346268841858e-03  4.171016676832505e-01 
 2.143500000000062e-07  1.206930731135996e+00  7.501000000000003e-01  2.965346254829981e-03  4.171016676833209e-01 
 2.144500000000062e-07  1.206930731093671e+00  7.501000000000003e-01  2.965346268831647e-03  4.171016676829438e-01 
 2.145500000000062e-07  1.206930731051768e+00  7.501000000000003e-01  2.965346254840134e-03  4.171016676830168e-01 
 2.146500000000062e-07  1.206930731010281e+00  7.501000000000003e-01  2.965346268821451e-03  4.171016676826432e-01 
 2.147500000000062e-07  1.206930730969208e+00  7.501000000000003e-01  2.965346254850271e-03  4.171016676827189e-01 
 2.148500000000062e-07  1.206930730928542e+00  7.501000000000003e-01  2.965346268811269e-03  4.171016676823482e-01 
 2.149500000000062e-07  1.206930730888281e+00  7.501000000000003e-01  2.965346254860393e-03  4.171016676824272e-01 
 2.150500000000062e-07  1.206930730848421e+00  7.501000000000003e-01  2.965346268801102e-03  4.171016676820597e-01 
 2.151500000000062e-07  1.206930730808957e+00  7.501000000000003e-01  2.965346254870503e-03  4.171016676821409e-01 
 2.152500000000062e-07  1.206930730769886e+00  7.501000000000003e-01  2.965346268790950e-03  4.171016676817766e-01 
 2.153500000000062e-07  1.206930730731203e+00  7.501000000000003e-01  2.965346254880599e-03  4.171016676818600e-01 
 2.154500000000062e-07  1.206930730692906e+00  7.501000000000003e-01  2.965346268780815e-03  4.171016676814990e-01 
 2.155500000000062e-07  1.206930730654989e+00  7.501000000000003e-01  2.965346254890680e-03  4.171016676815851e-01 
 2.156500000000062e-07  1.206930730617449e+00  7.501000000000003e-01  2.965346268770693e-03  4.171016676812273e-01 
 2.157500000000063e-07  1.206930730580282e+00  7.501000000000003e-01  2.965346254900749e-03  4.171016676813156e-01 
 2.158500000000063e-07  1.206930730543486e+00  7.501000000000003e-01  2.965346268760591e-03  4.171016676809605e-01 
 2.159500000000063e-07  1.206930730507057e+00  7.501000000000003e-01  2.965346254910801e-03  4.171016676810511e-01 
 2.160500000000063e-07  1.206930730470989e+00  7.501000000000003e-01  2.965346268750494e-03  4.171016676806992e-01 
 2.161500000000063e-07  1.206930730435280e+00  7.501000000000003e-01  2.965346254920841e-03  4.171016676807921e-01 
 2.162500000000063e-07  1.206930730399927e+00  7.501000000000003e-01  2.965346268740424e-03  4.171016676804427e-01 
 2.163500000000063e-07  1.206930730364925e+00  7.501000000000003e-01  2.965346254930863e-03  4.171016676805382e-01 
 2.164500000000063e-07  1.206930730330272e+00  7.501000000000003e-01  2.965346268730360e-03  4.171016676801922e-01 
 2.165500000000063e-07  1.206930730295963e+00  7.501000000000003e-01  2.965346254940873e-03  4.171016676802893e-01 
 2.166500000000063e-07  1.206930730261996e+00  7.501000000000003e-01  2.965346268720317e-03  4.171016676799461e-01 
 2.167500000000063e-07  1.206930730228366e+00  7.501000000000003e-01  2.965346254950872e-03  4.171016676800457e-01 
 2.168500000000063e-07  1.206930730195071e+00  7.501000000000003e-01  2.965346268710286e-03  4.171016676797049e-01 
 2.169500000000063e-07  1.206930730162108e+00  7.501000000000003e-01  2.965346254960853e-03  4.171016676798064e-01 
 2.170500000000064e-07  1.206930730129472e+00  7.501000000000003e-01  2.965346268700268e-03  4.171016676794683e-01 
 2.171500000000064e-07  1.206930730097162e+00  7.501000000000003e-01  2.965346254970823e-03  4.171016676795720e-01 
 2.172500000000064e-07  1.206930730065172e+00  7.501000000000003e-01  2.965346268690271e-03  4.171016676792363e-01 
 2.173500000000064e-07  1.206930730033501e+00  7.501000000000003e-01  2.965346254980776e-03  4.171016676793424e-01 
 2.174500000000064e-07  1.206930730002145e+00  7.501000000000003e-01  2.965346268680283e-03  4.171016676790094e-01 
 2.175500000000064e-07  1.206930729971100e+00  7.501000000000003e-01  2.965346254990714e-03  4.171016676791170e-01 
 2.176500000000064e-07  1.206930729940365e+00  7.501000000000003e-01  2.965346268670311e-03  4.171016676787870e-01 
 2.177500000000064e-07  1.206930729909935e+00  7.501000000000003e-01  2.965346255000641e-03  4.171016676788963e-01 
 2.178500000000064e-07  1.206930729879809e+00  7.501000000000003e-01  2.965346268660355e-03  4.171016676785686e-01 
 2.179500000000064e-07  1.206930729849981e+00  7.501000000000003e-01  2.965346255010554e-03  4.171016676786798e-01 
 2.180500000000064e-07  1.206930729820451e+00  7.501000000000003e-01  2.965346268650413e-03  4.171016676783544e-01 
 2.181500000000064e-07  1.206930729791214e+00  7.501000000000003e-01  2.965346255020451e-03  4.171016676784675e-01 
 2.182500000000064e-07  1.206930729762269e+00  7.501000000000003e-01  2.965346268640490e-03  4.171016676781445e-01 
 2.183500000000065e-07  1.206930729733611e+00  7.501000000000003e-01  2.965346255030333e-03  4.171016676782596e-01 
 2.184500000000065e-07  1.206930729705238e+00  7.501000000000003e-01  2.965346268630577e-03  4.171016676779394e-01 
 2.185500000000065e-07  1.206930729677148e+00  7.501000000000003e-01  2.965346255040204e-03  4.171016676780558e-01 
 2.186500000000065e-07  1.206930729649337e+00  7.501000000000003e-01  2.965346268620681e-03  4.171016676777378e-01 
 2.187500000000065e-07  1.206930729621803e+00  7.501000000000003e-01  2.965346255050061e-03  4.171016676778562e-01 
 2.188500000000065e-07  1.206930729594543e+00  7.501000000000003e-01  2.965346268610796e-03  4.171016676775406e-01 
 2.189500000000065e-07  1.206930729567554e+00  7.501000000000003e-01  2.965346255059900e-03  4.171016676776604e-01 
 2.190500000000065e-07  1.206930729540833e+00  7.501000000000003e-01  2.965346268600932e-03  4.171016676773469e-01 
 2.191500000000065e-07  1.206930729514379e+00  7.501000000000003e-01  2.965346255069726e-03  4.171016676774685e-01 
 2.192500000000065e-07  1.206930729488187e+00  7.501000000000003e-01  2.965346268591077e-03  4.171016676771573e-01 
 2.193500000000065e-07  1.206930729462257e+00  7.501000000000003e-01  2.965346255079542e-03  4.171016676772806e-01 
 2.194500000000065e-07  1.206930729436584e+00  7.501000000000003e-01  2.965346268581235e-03  4.171016676769713e-01 
 2.195500000000065e-07  1.206930729411167e+00  7.501000000000003e-01  2.965346255089340e-03  4.171016676770959e-01 
 2.196500000000065e-07  1.206930729386002e+00  7.501000000000003e-01  2.965346268571414e-03  4.171016676767890e-01 
 2.197500000000066e-07  1.206930729361088e+00  7.501000000000003e-01  2.965346255099126e-03  4.171016676769150e-01 
 2.198500000000066e-07  1.206930729336422e+00  7.501000000000003e-01  2.965346268561605e-03  4.171016676766103e-01 
 2.199500000000066e-07  1.206930729312001e+00  7.501000000000003e-01  2.965346255108897e-03  4.171016676767378e-01 
 2.200500000000066e-07  1.206930729287823e+00  7.501000000000003e-01  2.965346268551808e-03  4.171016676764350e-01 
 2.201500000000066e-07  1.206930729263886e+00  7.501000000000003e-01  2.965346255118654e-03  4.171016676765644e-01 
 2.202500000000066e-07  1.206930729240187e+00  7.501000000000003e-01  2.965346268542030e-03  4.171016676762635e-01 
 2.203500000000066e-07  1.206930729216723e+00  7.501000000000003e-01  2.965346255128397e-03  4.171016676763939e-01 
 2.204500000000066e-07  1.206930729193493e+00  7.501000000000003e-01  2.965346268532267e-03  4.171016676760952e-01 
 2.205500000000066e-07  1.206930729170494e+00  7.501000000000003e-01  2.965346255138128e-03  4.171016676762271e-01 
 2.206500000000066e-07  1.206930729147724e+00  7.501000000000003e-01  2.965346268522514e-03  4.171016676759303e-01 
 2.207500000000066e-07  1.206930729125181e+00  7.501000000000003e-01  2.965346255147843e-03  4.171016676760633e-01 
 2.208500000000066e-07  1.206930729102862e+00  7.501000000000003e-01  2.965346268512777e-03  4.171016676757688e-01 
 2.209500000000066e-07  1.206930729080764e+00  7.501000000000003e-01  2.965346255157548e-03  4.171016676759031e-01 
 2.210500000000067e-07  1.206930729058887e+00  7.501000000000003e-01  2.965346268503051e-03  4.171016676756105e-01 
 2.211500000000067e-07  1.206930729037227e+00  7.501000000000003e-01  2.965346255167237e-03  4.171016676757461e-01 
 2.212500000000067e-07  1.206930729015783e+00  7.501000000000003e-01  2.965346268493346e-03  4.171016676754548e-01 
 2.213500000000067e-07  1.206930728994552e+00  7.501000000000003e-01  2.965346255176912e-03  4.171016676755915e-01 
 2.214500000000067e-07  1.206930728973532e+00  7.501000000000003e-01  2.965346268483654e-03  4.171016676753029e-01 
 2.215500000000067e-07  1.206930728952722e+00  7.501000000000003e-01  2.965346255186570e-03  4.171016676754408e-01 
 2.216500000000067e-07  1.206930728932118e+00  7.501000000000003e-01  2.965346268473972e-03  4.171016676751535e-01 
 2.217500000000067e-07  1.206930728911720e+00  7.501000000000003e-01  2.965346255196216e-03  4.171016676752929e-01 
 2.218500000000067e-07  1.206930728891524e+00  7.501000000000003e-01  2.965346268464308e-03  4.171016676750072e-01 
 2.219500000000067e-07  1.206930728871529e+00  7.501000000000003e-01  2.965346255205848e-03  4.171016676751478e-01 
 2.220500000000067e-07  1.206930728851734e+00  7.501000000000003e-01  2.965346268454657e-03  4.171016676748638e-01 
 2.221500000000067e-07  1.206930728832135e+00  7.501000000000003e-01  2.965346255215469e-03  4.171016676750054e-01 
 2.222500000000067e-07  1.206930728812731e+00  7.501000000000003e-01  2.965346268445022e-03  4.171016676747235e-01 
 2.223500000000068e-07  1.206930728793520e+00  7.501000000000003e-01  2.965346255225078e-03  4.171016676748662e-01 
 2.224500000000068e-07  1.206930728774501e+00  7.501000000000003e-01  2.965346268435398e-03  4.171016676745857e-01 
 2.225500000000068e-07  1.206930728755671e+00  7.501000000000003e-01  2.965346255234666e-03  4.171016676747295e-01 
 2.226500000000068e-07  1.206930728737028e+00  7.501000000000003e-01  2.965346268425791e-03  4.171016676744506e-01 
 2.227500000000068e-07  1.206930728718571e+00  7.501000000000003e-01  2.965346255244243e-03  4.171016676745956e-01 
 2.228500000000068e-07  1.206930728700297e+00  7.501000000000003e-01  2.965346268416194e-03  4.171016676743183e-01 
 2.229500000000068e-07  1.206930728682204e+00  7.501000000000003e-01  2.965346255253807e-03  4.171016676744643e-01 
 2.230500000000068e-07  1.206930728664292e+00  7.501000000000003e-01  2.965346268406616e-03  4.171016676741887e-01 
 2.231500000000068e-07  1.206930728646558e+00  7.501000000000003e-01  2.965346255263358e-03  4.171016676743354e-01 
 2.232500000000068e-07  1.206930728629000e+00  7.501000000000003e-01  2.965346268397051e-03  4.171016676740614e-01 
 2.233500000000068e-07  1.206930728611617e+00  7.501000000000003e-01  2.965346255272895e-03  4.171016676742093e-01 
 2.234500000000068e-07  1.206930728594407e+00  7.501000000000003e-01  2.965346268387502e-03  4.171016676739367e-01 
 2.235500000000068e-07  1.206930728577368e+00  7.501000000000003e-01  2.965346255282420e-03  4.171016676740858e-01 
 2.236500000000068e-07  1.206930728560499e+00  7.501000000000003e-01  2.965346268377964e-03  4.171016676738147e-01 
 2.237500000000069e-07  1.206930728543798e+00  7.501000000000003e-01  2.965346255291926e-03  4.171016676739643e-01 
 2.238500000000069e-07  1.206930728527262e+00  7.501000000000003e-01  2.965346268368440e-03  4.171016676736951e-01 
 2.239500000000069e-07  1.206930728510892e+00  7.501000000000003e-01  2.965346255301426e-03  4.171016676738454e-01 
 2.240500000000069e-07  1.206930728494684e+00  7.501000000000003e-01  2.965346268358929e-03  4.171016676735780e-01 
 2.241500000000069e-07  1.206930728478637e+00  7.501000000000003e-01  2.965346255310912e-03  4.171016676737290e-01 
 2.242500000000069e-07  1.206930728462751e+00  7.501000000000003e-01  2.965346268349434e-03  4.171016676734627e-01 
 2.243500000000069e-07  1.206930728447022e+00  7.501000000000003e-01  2.965346255320375e-03  4.171016676736150e-01 
 2.244500000000069e-07  1.206930728431450e+00  7.501000000000003e-01  2.965346268339955e-03  4.171016676733498e-01 
 2.245500000000069e-07  1.206930728416032e+00  7.501000000000003e-01  2.965346255329833e-03  4.171016676735028e-01 
 2.246500000000069e-07  1.206930728400768e+00  7.501000000000003e-01  2.965346268330487e-03  4.171016676732398e-01 
 2.247500000000069e-07  1.206930728385656e+00  7.501000000000003e-01  2.965346255339274e-03  4.171016676733931e-01 
 2.248500000000069e-07  1.206930728370694e+00  7.501000000000003e-01  2.965346268321034e-03  4.171016676731311e-01 
 2.249500000000069e-07  1.206930728355881e+00  7.501000000000003e-01  2.965346255348700e-03  4.171016676732858e-01 
 2.250500000000070e-07  1.206930728341216e+00  7.501000000000003e-01  2.965346268311590e-03  4.171016676730252e-01 
 2.251500000000070e-07  1.206930728326696e+00  7.501000000000003e-01  2.965346255358117e-03  4.171016676731805e-01 
 2.252500000000070e-07  1.206930728312321e+00  7.501000000000003e-01  2.965346268302168e-03  4.171016676729210e-01 
 2.253500000000070e-07  1.206930728298088e+00  7.501000000000003e-01  2.965346255367519e-03  4.171016676730769e-01 
 2.254500000000070e-07  1.206930728283997e+00  7.501000000000003e-01  2.965346268292753e-03  4.171016676728192e-01 
 2.255500000000070e-07  1.206930728270047e+00  7.501000000000003e-01  2.965346255376904e-03  4.171016676729754e-01 
 2.256500000000070e-07  1.206930728256235e+00  7.501000000000003e-01  2.965346268283356e-03  4.171016676727187e-01 
 2.257500000000070e-07  1.206930728242561e+00  7.501000000000003e-01  2.965346255386277e-03  4.171016676728766e-01 
 2.258500000000070e-07  1.206930728229023e+00  7.501000000000003e-01  2.965346268273974e-03  4.171016676726209e-01 
 2.259500000000070e-07  1.206930728215619e+00  7.501000000000003e-01  2.965346255395636e-03  4.171016676727791e-01 
 2.260500000000070e-07  1.206930728202349e+00  7.501000000000003e-01  2.965346268264602e-03  4.171016676725248e-01 
 2.261500000000070e-07  1.206930728189210e+00  7.501000000000003e-01  2.965346255404984e-03  4.171016676726835e-01 
 2.262500000000070e-07  1.206930728176203e+00  7.501000000000003e-01  2.965346268255249e-03  4.171016676724308e-01 
 2.263500000000071e-07  1.206930728163325e+00  7.501000000000003e-01  2.965346255414319e-03  4.171016676725903e-01 
 2.264500000000071e-07  1.206930728150575e+00  7.501000000000003e-01  2.965346268245904e-03  4.171016676723387e-01 
 2.265500000000071e-07  1.206930728137952e+00  7.501000000000003e-01  2.965346255423641e-03  4.171016676724984e-01 
 2.266500000000071e-07  1.206930728125454e+00  7.501000000000003e-01  2.965346268236575e-03  4.171016676722479e-01 
 2.267500000000071e-07  1.206930728113081e+00  7.501000000000003e-01  2.965346255432947e-03  4.171016676724086e-01 
 2.268500000000071e-07  1.206930728100831e+00  7.501000000000003e-01  2.965346268227261e-03  4.171016676721593e-01 
 2.269500000000071e-07  1.206930728088703e+00  7.501000000000003e-01  2.965346255442240e-03  4.171016676723205e-01 
 2.270500000000071e-07  1.206930728076695e+00  7.501000000000003e-01  2.965346268217956e-03  4.171016676720725e-01 
 2.271500000000071e-07  1.206930728064807e+00  7.501000000000003e-01  2.965346255451520e-03  4.171016676722345e-01 
 2.272500000000071e-07  1.206930728053037e+00  7.501000000000003e-01  2.965346268208671e-03  4.171016676719871e-01 
 2.273500000000071e-07  1.206930728041385e+00  7.501000000000003e-01  2.965346255460787e-03  4.171016676721495e-01 
 2.274500000000071e-07  1.206930728029848e+00  7.501000000000003e-01  2.965346268199394e-03  4.171016676719036e-01 
 2.275500000000071e-07  1.206930728018426e+00  7.501000000000003e-01  2.965346255470041e-03  4.171016676720665e-01 
 2.276500000000072e-07  1.206930728007118e+00  7.501000000000003e-01  2.965346268190134e-03  4.171016676718218e-01 
 2.277500000000072e-07  1.206930727995922e+00  7.501000000000003e-01  2.965346255479278e-03  4.171016676719856e-01 
 2.278500000000072e-07  1.206930727984838e+00  7.501000000000003e-01  2.965346268180886e-03  4.171016676717418e-01 
 2.279500000000072e-07  1.206930727973863e+00  7.501000000000003e-01  2.965346255488506e-03  4.171016676719057e-01 
 2.280500000000072e-07  1.206930727962998e+00  7.501000000000003e-01  2.965346268171653e-03  4.171016676716632e-01 
 2.281500000000072e-07  1.206930727952242e+00  7.501000000000003e-01  2.965346255497721e-03  4.171016676718272e-01 
 2.282500000000072e-07  1.206930727941592e+00  7.501000000000003e-01  2.965346268162433e-03  4.171016676715860e-01 
 2.283500000000072e-07  1.206930727931048e+00  7.501000000000003e-01  2.965346255506920e-03  4.171016676717508e-01 
 2.284500000000072e-07  1.206930727920609e+00  7.501000000000003e-01  2.965346268153227e-03  4.171016676715105e-01 
 2.285500000000072e-07  1.206930727910273e+00  7.501000000000003e-01  2.965346255516108e-03  4.171016676716758e-01 
 2.286500000000072e-07  1.206930727900041e+00  7.501000000000003e-01  2.965346268144031e-03  4.171016676714367e-01 
 2.287500000000072e-07  1.206930727889911e+00  7.501000000000003e-01  2.965346255525281e-03  4.171016676716023e-01 
 2.288500000000072e-07  1.206930727879881e+00  7.501000000000003e-01  2.965346268134855e-03  4.171016676713640e-01 
 2.289500000000072e-07  1.206930727869951e+00  7.501000000000003e-01  2.965346255534442e-03  4.171016676715302e-01 
 2.290500000000073e-07  1.206930727860121e+00  7.501000000000003e-01  2.965346268125688e-03  4.171016676712930e-01 
 2.291500000000073e-07  1.206930727850387e+00  7.501000000000003e-01  2.965346255543590e-03  4.171016676714596e-01 
 2.292500000000073e-07  1.206930727840750e+00  7.501000000000003e-01  2.965346268116533e-03  4.171016676712232e-01 
 2.293500000000073e-07  1.206930727831210e+00  7.501000000000003e-01  2.965346255552722e-03  4.171016676713902e-01 
 2.294500000000073e-07  1.206930727821764e+00  7.501000000000003e-01  2.965346268107396e-03  4.171016676711549e-01 
 2.295500000000073e-07  1.206930727812412e+00  7.501000000000003e-01  2.965346255561845e-03  4.171016676713226e-01 
 2.296500000000073e-07  1.206930727803154e+00  7.501000000000003e-01  2.965346268098270e-03  4.171016676710878e-01 
 2.297500000000073e-07  1.206930727793988e+00  7.501000000000003e-01  2.965346255570952e-03  4.171016676712556e-01 
 2.298500000000073e-07  1.206930727784912e+00  7.501000000000003e-01  2.965346268089157e-03  4.171016676710224e-01 
 2.299500000000073e-07  1.206930727775927e+00  7.501000000000003e-01  2.965346255580046e-03  4.171016676711904e-01 
 2.300500000000073e-07  1.206930727767031e+00  7.501000000000003e-01  2.965346268080057e-03  4.171016676709579e-01 
 2.301500000000073e-07  1.206930727758224e+00  7.501000000000003e-01  2.965346255589127e-03  4.171016676711263e-01 
 2.302500000000073e-07  1.206930727749505e+00  7.501000000000003e-01  2.965346268070971e-03  4.171016676708948e-01 
 2.303500000000074e-07  1.206930727740872e+00  7.501000000000003e-01  2.965346255598197e-03  4.171016676710638e-01 
 2.304500000000074e-07  1.206930727732325e+00  7.501000000000003e-01  2.965346268061898e-03  4.171016676708325e-01 
 2.305500000000074e-07  1.206930727723863e+00  7.501000000000003e-01  2.965346255607253e-03  4.171016676710023e-01 
 2.306500000000074e-07  1.206930727715485e+00  7.501000000000003e-01  2.965346268052836e-03  4.171016676707725e-01 
 2.307500000000074e-07  1.206930727707191e+00  7.501000000000003e-01  2.965346255616296e-03  4.171016676709420e-01 
 2.308500000000074e-07  1.206930727698979e+00  7.501000000000003e-01  2.965346268043794e-03  4.171016676707128e-01 
 2.309500000000074e-07  1.206930727690849e+00  7.501000000000003e-01  2.965346255625325e-03  4.171016676708830e-01 
 2.310500000000074e-07  1.206930727682800e+00  7.501000000000003e-01  2.965346268034763e-03  4.171016676706548e-01 
 2.311500000000074e-07  1.206930727674830e+00  7.501000000000003e-01  2.965346255634341e-03  4.171016676708248e-01 
 2.312500000000074e-07  1.206930727666941e+00  7.501000000000003e-01  2.965346268025743e-03  4.171016676705981e-01 
 2.313500000000074e-07  1.206930727659129e+00  7.501000000000003e-01  2.965346255643342e-03  4.171016676707682e-01 
 2.314500000000074e-07  1.206930727651394e+00  7.501000000000003e-01  2.965346268016736e-03  4.171016676705417e-01 
 2.315500000000074e-07  1.206930727643737e+00  7.501000000000003e-01  2.965346255652332e-03  4.171016676707123e-01 
 2.316500000000075e-07  1.206930727636156e+00  7.501000000000003e-01  2.965346268007743e-03  4.171016676704871e-01 
 2.317500000000075e-07  1.206930727628651e+00  7.501000000000003e-01  2.965346255661310e-03  4.171016676706582e-01 
 2.318500000000075e-07  1.206930727621221e+00  7.501000000000003e-01  2.965346267998763e-03  4.171016676704332e-01 
 2.319500000000075e-07  1.206930727613865e+00  7.501000000000003e-01  2.965346255670276e-03  4.171016676706045e-01 
 2.320500000000075e-07  1.206930727606581e+00  7.501000000000003e-01  2.965346267989797e-03  4.171016676703806e-01 
 2.321500000000075e-07  1.206930727599371e+00  7.501000000000003e-01  2.965346255679228e-03  4.171016676705520e-01 
 2.322500000000075e-07  1.206930727592232e+00  7.501000000000003e-01  2.965346267980841e-03  4.171016676703291e-01 
 2.323500000000075e-07  1.206930727585163e+00  7.501000000000003e-01  2.965346255688167e-03  4.171016676705006e-01 
 2.324500000000075e-07  1.206930727578166e+00  7.501000000000003e-01  2.965346267971904e-03  4.171016676702785e-01 
 2.325500000000075e-07  1.206930727571238e+00  7.501000000000003e-01  2.965346255697091e-03  4.171016676704504e-01 
 2.326500000000075e-07  1.206930727564378e+00  7.501000000000003e-01  2.965346267962972e-03  4.171016676702289e-01 
 2.327500000000075e-07  1.206930727557587e+00  7.501000000000003e-01  2.965346255706001e-03  4.171016676704007e-01 
 2.328500000000075e-07  1.206930727550863e+00  7.501000000000003e-01  2.965346267954059e-03  4.171016676701802e-01 
 2.329500000000075e-07  1.206930727544207e+00  7.501000000000003e-01  2.965346255714906e-03  4.171016676703525e-01 
 2.330500000000076e-07  1.206930727537617e+00  7.501000000000003e-01  2.965346267945157e-03  4.171016676701326e-01 
 2.331500000000076e-07  1.206930727531092e+00  7.501000000000003e-01  2.965346255723790e-03  4.171016676703050e-01 
 2.332500000000076e-07  1.206930727524632e+00  7.501000000000003e-01  2.965346267936267e-03  4.171016676700858e-01 
 2.333500000000076e-07  1.206930727518236e+00  7.501000000000003e-01  2.965346255732664e-03  4.171016676702585e-01 
 2.334500000000076e-07  1.206930727511904e+00  7.501000000000003e-01  2.965346267927394e-03  4.171016676700399e-01 
 2.335500000000076e-07  1.206930727505635e+00  7.501000000000003e-01  2.965346255741525e-03  4.171016676702131e-01 
 2.336500000000076e-07  1.206930727499428e+00  7.501000000000003e-01  2.965346267918531e-03  4.171016676699953e-01 
 2.337500000000076e-07  1.206930727493283e+00  7.501000000000003e-01  2.965346255750374e-03  4.171016676701680e-01 
 2.338500000000076e-07  1.206930727487199e+00  7.501000000000003e-01  2.965346267909682e-03  4.171016676699514e-01 
 2.339500000000076e-07  1.206930727481176e+00  7.501000000000003e-01  2.965346255759211e-03  4.171016676701242e-01 
 2.340500000000076e-07  1.206930727475213e+00  7.501000000000003e-01  2.965346267900846e-03  4.171016676699081e-01 
 2.341500000000076e-07  1.206930727469309e+00  7.501000000000003e-01  2.965346255768032e-03  4.171016676700816e-01 
 2.342500000000076e-07  1.206930727463464e+00  7.501000000000003e-01  2.965346267892021e-03  4.171016676698659e-01 
 2.343500000000077e-07  1.206930727457677e+00  7.501000000000003e-01  2.965346255776839e-03  4.171016676700394e-01 
 2.344500000000077e-07  1.206930727451947e+00  7.501000000000003e-01  2.965346267883211e-03  4.171016676698245e-01 
 2.345500000000077e-07  1.206930727446275e+00  7.501000000000003e-01  2.965346255785639e-03  4.171016676699981e-01 
 2.346500000000077e-07  1.206930727440658e+00  7.501000000000003e-01  2.965346267874412e-03  4.171016676697839e-01 
 2.347500000000077e-07  1.206930727435099e+00  7.501000000000003e-01  2.965346255794426e-03  4.171016676699579e-01 
 2.348500000000077e-07  1.206930727429594e+00  7.501000000000003e-01  2.965346267865627e-03  4.171016676697443e-01 
 2.349500000000077e-07  1.206930727424144e+00  7.501000000000003e-01  2.965346255803197e-03  4.171016676699181e-01 
 2.350500000000077e-07  1.206930727418748e+00  7.501000000000003e-01  2.965346267856851e-03  4.171016676697051e-01 
 2.351500000000077e-07  1.206930727413405e+00  7.501000000000003e-01  2.965346255811958e-03  4.171016676698793e-01 
 2.352500000000077e-07  1.206930727408116e+00  7.501000000000003e-01  2.965346267848090e-03  4.171016676696672e-01 
 2.353500000000077e-07  1.206930727402880e+00  7.501000000000003e-01  2.965346255820702e-03  4.171016676698411e-01 
 2.354500000000077e-07  1.206930727397696e+00  7.501000000000003e-01  2.965346267839349e-03  4.171016676696295e-01 
 2.355500000000077e-07  1.206930727392563e+00  7.501000000000003e-01  2.965346255829436e-03  4.171016676698037e-01 
 2.356500000000078e-07  1.206930727387482e+00  7.501000000000003e-01  2.965346267830615e-03  4.171016676695931e-01 
 2.357500000000078e-07  1.206930727382450e+00  7.501000000000003e-01  2.965346255838158e-03  4.171016676697671e-01 
 2.358500000000078e-07  1.206930727377469e+00  7.501000000000003e-01  2.965346267821890e-03  4.171016676695573e-01 
 2.359500000000078e-07  1.206930727372537e+00  7.501000000000003e-01  2.965346255846868e-03  4.171016676697312e-01 
 2.360500000000078e-07  1.206930727367655e+00  7.501000000000003e-01  2.965346267813182e-03  4.171016676695217e-01 
 2.361500000000078e-07  1.206930727362821e+00  7.501000000000003e-01  2.965346255855563e-03  4.171016676696957e-01 
 2.362500000000078e-07  1.206930727358035e+00  7.501000000000003e-01  2.965346267804489e-03  4.171016676694873e-01 
 2.363500000000078e-07  1.206930727353297e+00  7.501000000000003e-01  2.965346255864244e-03  4.171016676696614e-01 
 2.364500000000078e-07  1.206930727348607e+00  7.501000000000003e-01  2.965346267795807e-03  4.171016676694532e-01 
 2.365500000000078e-07  1.206930727343963e+00  7.501000000000003e-01  2.965346255872915e-03  4.171016676696279e-01 
 2.366500000000078e-07  1.206930727339365e+00  7.501000000000003e-01  2.965346267787136e-03  4.171016676694202e-01 
 2.367500000000078e-07  1.206930727334813e+00  7.501000000000003e-01  2.965346255881576e-03  4.171016676695944e-01 
 2.368500000000078e-07  1.206930727330305e+00  7.501000000000003e-01  2.965346267778480e-03  4.171016676693873e-01 
 2.369500000000078e-07  1.206930727325843e+00  7.501000000000003e-01  2.965346255890220e-03  4.171016676695621e-01 
 2.370500000000079e-07  1.206930727321425e+00  7.501000000000003e-01  2.965346267769830e-03  4.171016676693559e-01 
 2.371500000000079e-07  1.206930727317052e+00  7.501000000000003e-01  2.965346255898857e-03  4.171016676695303e-01 
 2.372500000000079e-07  1.206930727312721e+00  7.501000000000003e-01  2.965346267761201e-03  4.171016676693241e-01 
 2.373500000000079e-07  1.206930727308434e+00  7.501000000000003e-01  2.965346255907478e-03  4.171016676694990e-01 
 2.374500000000079e-07  1.206930727304190e+00  7.501000000000003e-01  2.965346267752581e-03  4.171016676692941e-01 
 2.375500000000079e-07  1.206930727299987e+00  7.501000000000003e-01  2.965346255916083e-03  4.171016676694684e-01 
 2.376500000000079e-07  1.206930727295827e+00  7.501000000000003e-01  2.965346267743970e-03  4.171016676692637e-01 
 2.377500000000079e-07  1.206930727291707e+00  7.501000000000003e-01  2.965346255924678e-03  4.171016676694383e-01 
 2.378500000000079e-07  1.206930727287628e+00  7.501000000000003e-01  2.965346267735379e-03  4.171016676692343e-01 
 2.379500000000079e-07  1.206930727283591e+00  7.501000000000003e-01  2.965346255933262e-03  4.171016676694093e-01 
 2.380500000000079e-07  1.206930727279593e+00  7.501000000000003e-01  2.965346267726798e-03  4.171016676692054e-01 
 2.381500000000079e-07  1.206930727275635e+00  7.501000000000003e-01  2.965346255941833e-03  4.171016676693803e-01 
 2.382500000000079e-07  1.206930727271716e+00  7.501000000000003e-01  2.965346267718228e-03  4.171016676691772e-01 
 2.383500000000080e-07  1.206930727267836e+00  7.501000000000003e-01  2.965346255950391e-03  4.171016676693521e-01 
 2.384500000000080e-07  1.206930727263995e+00  7.501000000000003e-01  2.965346267709668e-03  4.171016676691496e-01 
 2.385500000000080e-07  1.206930727260193e+00  7.501000000000003e-01  2.965346255958938e-03  4.171016676693242e-01 
 2.386500000000080e-07  1.206930727256428e+00  7.501000000000003e-01  2.965346267701126e-03  4.171016676691225e-01 
 2.387500000000080e-07  1.206930727252701e+00  7.501000000000003e-01  2.965346255967472e-03  4.171016676692972e-01 
 2.388500000000080e-07  1.206930727249012e+00  7.501000000000003e-01  2.965346267692593e-03  4.171016676690961e-01 
 2.389500000000080e-07  1.206930727245358e+00  7.501000000000003e-01  2.965346255975996e-03  4.171016676692704e-01 
 2.390500000000080e-07  1.206930727241742e+00  7.501000000000003e-01  2.965346267684072e-03  4.171016676690695e-01 
 2.391500000000080e-07  1.206930727238160e+00  7.501000000000003e-01  2.965346255984503e-03  4.171016676692442e-01 
 2.392500000000080e-07  1.206930727234615e+00  7.501000000000003e-01  2.965346267675563e-03  4.171016676690441e-01 
 2.393500000000080e-07  1.206930727231105e+00  7.501000000000003e-01  2.965346255993001e-03  4.171016676692185e-01 
 2.394500000000080e-07  1.206930727227630e+00  7.501000000000003e-01  2.965346267667070e-03  4.171016676690192e-01 
 2.395500000000080e-07  1.206930727224189e+00  7.501000000000003e-01  2.965346256001488e-03  4.171016676691938e-01 
 2.396500000000081e-07  1.206930727220783e+00  7.501000000000003e-01  2.965346267658587e-03  4.171016676689945e-01 
 2.397500000000081e-07  1.206930727217410e+00  7.501000000000003e-01  2.965346256009956e-03  4.171016676691690e-01 
 2.398500000000081e-07  1.206930727214071e+00  7.501000000000003e-01  2.965346267650117e-03  4.171016676689703e-01 
 2.399500000000081e-07  1.206930727210765e+00  7.501000000000003e-01  2.965346256018418e-03  4.171016676691450e-01 
 2.400500000000081e-07  1.206930727207492e+00  7.501000000000003e-01  2.965346267641656e-03  4.171016676689469e-01 
 2.401500000000081e-07  1.206930727204251e+00  7.501000000000003e-01  2.965346256026866e-03  4.171016676691214e-01 
 2.402500000000081e-07  1.206930727201043e+00  7.501000000000003e-01  2.965346267633212e-03  4.171016676689237e-01 
 2.403500000000081e-07  1.206930727197866e+00  7.501000000000003e-01  2.965346256035300e-03  4.171016676690983e-01 
 2.404500000000081e-07  1.206930727194722e+00  7.501000000000003e-01  2.965346267624780e-03  4.171016676689012e-01 
 2.405500000000081e-07  1.206930727191609e+00  7.501000000000003e-01  2.965346256043721e-03  4.171016676690755e-01 
 2.406500000000081e-07  1.206930727188527e+00  7.501000000000003e-01  2.965346267616358e-03  4.171016676688787e-01 
 2.407500000000081e-07  1.206930727185476e+00  7.501000000000003e-01  2.965346256052136e-03  4.171016676690534e-01 
 2.408500000000081e-07  1.206930727182455e+00  7.501000000000003e-01  2.965346267607949e-03  4.171016676688571e-01 
 2.409500000000081e-07  1.206930727179464e+00  7.501000000000003e-01  2.965346256060533e-03  4.171016676690313e-01 
 2.410500000000082e-07  1.206930727176502e+00  7.501000000000003e-01  2.965346267599552e-03  4.171016676688360e-01 
 2.411500000000082e-07  1.206930727173570e+00  7.501000000000003e-01  2.965346256068920e-03  4.171016676690101e-01 
 2.412500000000082e-07  1.206930727170668e+00  7.501000000000003e-01  2.965346267591169e-03  4.171016676688146e-01 
 2.413500000000082e-07  1.206930727167793e+00  7.501000000000003e-01  2.965346256077295e-03  4.171016676689893e-01 
 2.414500000000082e-07  1.206930727164948e+00  7.501000000000003e-01  2.965346267582800e-03  4.171016676687945e-01 
 2.415500000000082e-07  1.206930727162131e+00  7.501000000000003e-01  2.965346256085656e-03  4.171016676689684e-01 
 2.416500000000082e-07  1.206930727159342e+00  7.501000000000003e-01  2.965346267574439e-03  4.171016676687744e-01 
 2.417500000000082e-07  1.206930727156581e+00  7.501000000000003e-01  2.965346256094009e-03  4.171016676689484e-01 
 2.418500000000082e-07  1.206930727153846e+00  7.501000000000003e-01  2.965346267566091e-03  4.171016676687546e-01 
 2.419500000000082e-07  1.206930727151140e+00  7.501000000000003e-01  2.965346256102344e-03  4.171016676689288e-01 
 2.420500000000082e-07  1.206930727148460e+00  7.501000000000003e-01  2.965346267557752e-03  4.171016676687352e-01 
 2.421500000000082e-07  1.206930727145807e+00  7.501000000000003e-01  2.965346256110668e-03  4.171016676689093e-01 
 2.422500000000082e-07  1.206930727143180e+00  7.501000000000003e-01  2.965346267549433e-03  4.171016676687162e-01 
 2.423500000000083e-07  1.206930727140579e+00  7.501000000000003e-01  2.965346256118986e-03  4.171016676688902e-01 
 2.424500000000083e-07  1.206930727138004e+00  7.501000000000003e-01  2.965346267541123e-03  4.171016676686976e-01 
 2.425500000000083e-07  1.206930727135455e+00  7.501000000000003e-01  2.965346256127288e-03  4.171016676688717e-01 
 2.426500000000083e-07  1.206930727132931e+00  7.501000000000003e-01  2.965346267532823e-03  4.171016676686797e-01 
 2.427500000000083e-07  1.206930727130433e+00  7.501000000000003e-01  2.965346256135577e-03  4.171016676688534e-01 
 2.428500000000083e-07  1.206930727127959e+00  7.501000000000003e-01  2.965346267524536e-03  4.171016676686617e-01 
 2.429500000000083e-07  1.206930727125510e+00  7.501000000000003e-01  2.965346256143853e-03  4.171016676688357e-01 
 2.430500000000083e-07  1.206930727123085e+00  7.501000000000003e-01  2.965346267516263e-03  4.171016676686443e-01 
 2.431500000000083e-07  1.206930727120684e+00  7.501000000000003e-01  2.965346256152120e-03  4.171016676688179e-01 
 2.432500000000083e-07  1.206930727118307e+00  7.501000000000003e-01  2.965346267507997e-03  4.171016676686274e-01 
 2.433500000000083e-07  1.206930727115954e+00  7.501000000000003e-01  2.965346256160373e-03  4.171016676688006e-01 
 2.434500000000083e-07  1.206930727113624e+00  7.501000000000003e-01  2.965346267499747e-03  4.171016676686106e-01 
 2.435500000000083e-07  1.206930727111318e+00  7.501000000000003e-01  2.965346256168614e-03  4.171016676687840e-01 
 2.436500000000084e-07  1.206930727109034e+00  7.501000000000003e-01  2.965346267491508e-03  4.171016676685944e-01 
 2.437500000000084e-07  1.206930727106774e+00  7.501000000000003e-01  2.965346256176845e-03  4.171016676687675e-01 
 2.438500000000084e-07  1.206930727104536e+00  7.501000000000003e-01  2.965346267483282e-03  4.171016676685780e-01 
 2.439500000000084e-07  1.206930727102319e+00  7.501000000000003e-01  2.965346256185063e-03  4.171016676687512e-01 
 2.440500000000084e-07  1.206930727100125e+00  7.501000000000003e-01  2.965346267475067e-03  4.171016676685624e-01 
 2.441500000000084e-07  1.206930727097953e+00  7.501000000000003e-01  2.965346256193270e-03  4.171016676687352e-01 
 2.442500000000084e-07  1.206930727095802e+00  7.501000000000003e-01  2.965346267466866e-03  4.171016676685468e-01 
 2.443500000000084e-07  1.206930727093673e+00  7.501000000000003e-01  2.965346256201464e-03  4.171016676687199e-01 
 2.444500000000084e-07  1.206930727091565e+00  7.501000000000003e-01  2.965346267458672e-03  4.171016676685315e-01 
 2.445500000000084e-07  1.206930727089477e+00  7.501000000000003e-01  2.965346256209645e-03  4.171016676687048e-01 
 2.446500000000084e-07  1.206930727087410e+00  7.501000000000003e-01  2.965346267450493e-03  4.171016676685168e-01 
 2.447500000000084e-07  1.206930727085365e+00  7.501000000000003e-01  2.965346256217815e-03  4.171016676686895e-01 
 2.448500000000084e-07  1.206930727083340e+00  7.501000000000003e-01  2.965346267442329e-03  4.171016676685024e-01 
 2.449500000000085e-07  1.206930727081334e+00  7.501000000000003e-01  2.965346256225976e-03  4.171016676686748e-01 
 2.450500000000085e-07  1.206930727079349e+00  7.501000000000003e-01  2.965346267434172e-03  4.171016676684879e-01 
 2.451500000000085e-07  1.206930727077383e+00  7.501000000000003e-01  2.965346256234124e-03  4.171016676686605e-01 
 2.452500000000085e-07  1.206930727075437e+00  7.501000000000003e-01  2.965346267426031e-03  4.171016676684741e-01 
 2.453500000000085e-07  1.206930727073511e+00  7.501000000000003e-01  2.965346256242258e-03  4.171016676686463e-01 
 2.454500000000085e-07  1.206930727071603e+00  7.501000000000003e-01  2.965346267417895e-03  4.171016676684603e-01 
 2.455500000000085e-07  1.206930727069714e+00  7.501000000000003e-01  2.965346256250378e-03  4.171016676686328e-01 
 2.456500000000085e-07  1.206930727067845e+00  7.501000000000003e-01  2.965346267409781e-03  4.171016676684470e-01 
 2.457500000000085e-07  1.206930727065994e+00  7.501000000000003e-01  2.965346256258496e-03  4.171016676686188e-01 
 2.458500000000085e-07  1.206930727064161e+00  7.501000000000003e-01  2.965346267401669e-03  4.171016676684337e-01 
 2.459500000000085e-07  1.206930727062347e+00  7.501000000000003e-01  2.965346256266589e-03  4.171016676686060e-01 
 2.460500000000085e-07  1.206930727060551e+00  7.501000000000003e-01  2.965346267393573e-03  4.171016676684208e-01 
 2.461500000000085e-07  1.206930727058773e+00  7.501000000000003e-01  2.965346256274680e-03  4.171016676685927e-01 
 2.462500000000085e-07  1.206930727057012e+00  7.501000000000003e-01  2.965346267385490e-03  4.171016676684083e-01 
 2.463500000000086e-07  1.206930727055269e+00  7.501000000000003e-01  2.965346256282753e-03  4.171016676685799e-01 
 2.464500000000086e-07  1.206930727053543e+00  7.501000000000003e-01  2.965346267377418e-03  4.171016676683958e-01 
 2.465500000000086e-07  1.206930727051833e+00  7.501000000000003e-01  2.965346256290820e-03  4.171016676685673e-01 
 2.466500000000086e-07  1.206930727050142e+00  7.501000000000003e-01  2.965346267369359e-03  4.171016676683837e-01 
 2.467500000000086e-07  1.206930727048467e+00  7.501000000000003e-01  2.965346256298872e-03  4.171016676685550e-01 
 2.468500000000086e-07  1.206930727046809e+00  7.501000000000003e-01  2.965346267361311e-03  4.171016676683717e-01 
 2.469500000000086e-07  1.206930727045167e+00  7.501000000000003e-01  2.965346256306910e-03  4.171016676685431e-01 
 2.470500000000086e-07  1.206930727043542e+00  7.501000000000003e-01  2.965346267353273e-03  4.171016676683604e-01 
 2.471500000000086e-07  1.206930727041932e+00  7.501000000000003e-01  2.965346256314943e-03  4.171016676685312e-01 
 2.472500000000086e-07  1.206930727040339e+00  7.501000000000003e-01  2.965346267345243e-03  4.171016676683484e-01 
 2.473500000000086e-07  1.206930727038761e+00  7.501000000000003e-01  2.965346256322960e-03  4.171016676685195e-01 
 2.474500000000086e-07  1.206930727037200e+00  7.501000000000003e-01  2.965346267337232e-03  4.171016676683377e-01 
 2.475500000000086e-07  1.206930727035654e+00  7.501000000000003e-01  2.965346256330965e-03  4.171016676685087e-01 
 2.476500000000087e-07  1.206930727034123e+00  7.501000000000003e-01  2.965346267329229e-03  4.171016676683264e-01 
 2.477500000000087e-07  1.206930727032608e+00  7.501000000000003e-01  2.965346256338961e-03  4.171016676684973e-01 
 2.478500000000087e-07  1.206930727031107e+00  7.501000000000003e-01  2.965346267321239e-03  4.171016676683159e-01 
 2.479500000000087e-07  1.206930727029622e+00  7.501000000000003e-01  2.965346256346946e-03  4.171016676684863e-01 
 2.480500000000087e-07  1.206930727028152e+00  7.501000000000003e-01  2.965346267313262e-03  4.171016676683054e-01 
 2.481500000000087e-07  1.206930727026696e+00  7.501000000000003e-01  2.965346256354916e-03  4.171016676684759e-01 
 2.482500000000087e-07  1.206930727025254e+00  7.501000000000003e-01  2.965346267305293e-03  4.171016676682947e-01 
 2.483500000000087e-07  1.206930727023827e+00  7.501000000000003e-01  2.965346256362875e-03  4.171016676684651e-01 
 2.484500000000087e-07  1.206930727022414e+00  7.501000000000003e-01  2.965346267297338e-03  4.171016676682849e-01 
 2.485500000000087e-07  1.206930727021015e+00  7.501000000000003e-01  2.965346256370824e-03  4.171016676684550e-01 
 2.486500000000087e-07  1.206930727019630e+00  7.501000000000003e-01  2.965346267289393e-03  4.171016676682748e-01 
 2.487500000000087e-07  1.206930727018259e+00  7.501000000000003e-01  2.965346256378760e-03  4.171016676684449e-01 
 2.488500000000087e-07  1.206930727016901e+00  7.501000000000003e-01  2.965346267281461e-03  4.171016676682653e-01 
 2.489500000000088e-07  1.206930727015557e+00  7.501000000000003e-01  2.965346256386684e-03  4.171016676684353e-01 
 2.490500000000088e-07  1.206930727014226e+00  7.501000000000003e-01  2.965346267273537e-03  4.171016676682558e-01 
 2.491500000000088e-07  1.206930727012908e+00  7.501000000000003e-01  2.965346256394596e-03  4.171016676684252e-01 
 2.492500000000088e-07  1.206930727011604e+00  7.501000000000003e-01  2.965346267265632e-03  4.171016676682464e-01 
 2.493500000000088e-07  1.206930727010312e+00  7.501000000000003e-01  2.965346256402500e-03  4.171016676684158e-01 
 2.494500000000088e-07  1.206930727009033e+00  7.501000000000003e-01  2.965346267257732e-03  4.171016676682373e-01 
 2.495500000000088e-07  1.206930727007767e+00  7.501000000000003e-01  2.965346256410390e-03  4.171016676684067e-01 
 2.496500000000088e-07  1.206930727006514e+00  7.501000000000003e-01  2.965346267249847e-03  4.171016676682284e-01 
 2.497500000000088e-07  1.206930727005273e+00  7.501000000000003e-01  2.965346256418271e-03  4.171016676683975e-01 
 2.498500000000088e-07  1.206930727004044e+00  7.501000000000003e-01  2.965346267241969e-03  4.171016676682193e-01 
 2.499500000000088e-07  1.206930727002827e+00  7.501000000000003e-01  2.965346256426134e-03  4.171016676683885e-01 
 2.500500000000088e-07  1.206930727001623e+00  7.501000000000003e-01  2.965346267234108e-03  4.171016676682107e-01 
 2.501500000000088e-07  1.206930727000431e+00  7.501000000000003e-01  2.965346256433991e-03  4.171016676683800e-01 
 2.502500000000088e-07  1.206930726999250e+00  7.501000000000003e-01  2.965346267226256e-03  4.171016676682023e-01 
 2.503500000000089e-07  1.206930726998082e+00  7.501000000000003e-01  2.965346256441839e-03  4.171016676683713e-01 
 2.504500000000089e-07  1.206930726996924e+00  7.501000000000003e-01  2.965346267218415e-03  4.171016676681942e-01 
 2.505500000000089e-07  1.206930726995778e+00  7.501000000000003e-01  2.965346256449674e-03  4.171016676683625e-01 
 2.506500000000089e-07  1.206930726994644e+00  7.501000000000003e-01  2.965346267210585e-03  4.171016676681861e-01 
 2.507500000000089e-07  1.206930726993521e+00  7.501000000000003e-01  2.965346256457493e-03  4.171016676683544e-01 
 2.508500000000089e-07  1.206930726992410e+00  7.501000000000003e-01  2.965346267202771e-03  4.171016676681780e-01 
 2.509500000000089e-07  1.206930726991309e+00  7.501000000000003e-01  2.965346256465305e-03  4.171016676683464e-01 
 2.510500000000089e-07  1.206930726990220e+00  7.501000000000003e-01  2.965346267194960e-03  4.171016676681703e-01 
 2.511500000000089e-07  1.206930726989141e+00  7.501000000000003e-01  2.965346256473105e-03  4.171016676683383e-01 
 2.512500000000089e-07  1.206930726988073e+00  7.501000000000003e-01  2.965346267187169e-03  4.171016676681627e-01 
 2.513500000000089e-07  1.206930726987016e+00  7.501000000000003e-01  2.965346256480893e-03  4.171016676683305e-01 
 2.514500000000089e-07  1.206930726985969e+00  7.501000000000003e-01  2.965346267179383e-03  4.171016676681555e-01 
 2.515500000000089e-07  1.206930726984933e+00  7.501000000000003e-01  2.965346256488670e-03  4.171016676683230e-01 
 2.516500000000090e-07  1.206930726983907e+00  7.501000000000003e-01  2.965346267171613e-03  4.171016676681480e-01 
 2.517500000000090e-07  1.206930726982892e+00  7.501000000000003e-01  2.965346256496434e-03  4.171016676683158e-01 
 2.518500000000090e-07  1.206930726981886e+00  7.501000000000003e-01  2.965346267163847e-03  4.171016676681409e-01 
 2.519500000000090e-07  1.206930726980890e+00  7.501000000000003e-01  2.965346256504187e-03  4.171016676683081e-01 
 2.520500000000090e-07  1.206930726979905e+00  7.501000000000003e-01  2.965346267156101e-03  4.171016676681337e-01 
 2.521500000000090e-07  1.206930726978929e+00  7.501000000000003e-01  2.965346256511929e-03  4.171016676683010e-01 
 2.522500000000090e-07  1.206930726977962e+00  7.501000000000003e-01  2.965346267148362e-03  4.171016676681268e-01 
 2.523500000000090e-07  1.206930726977005e+00  7.501000000000003e-01  2.965346256519662e-03  4.171016676682939e-01 
 2.524500000000090e-07  1.206930726976058e+00  7.501000000000003e-01  2.965346267140634e-03  4.171016676681200e-01 
 2.525500000000090e-07  1.206930726975120e+00  7.501000000000003e-01  2.965346256527386e-03  4.171016676682869e-01 
 2.526500000000090e-07  1.206930726974191e+00  7.501000000000003e-01  2.965346267132917e-03  4.171016676681136e-01 
 2.527500000000090e-07  1.206930726973272e+00  7.501000000000003e-01  2.965346256535094e-03  4.171016676682802e-01 
 2.528500000000090e-07  1.206930726972361e+00  7.501000000000003e-01  2.965346267125213e-03  4.171016676681072e-01 
 2.529500000000091e-07  1.206930726971460e+00  7.501000000000003e-01  2.965346256542792e-03  4.171016676682736e-01 
 2.530500000000091e-07  1.206930726970568e+00  7.501000000000003e-01  2.965346267117519e-03  4.171016676681004e-01 
 2.531500000000091e-07  1.206930726969684e+00  7.501000000000003e-01  2.965346256550479e-03  4.171016676682670e-01 
 2.532500000000091e-07  1.206930726968809e+00  7.501000000000003e-01  2.965346267109836e-03  4.171016676680943e-01 
 2.533500000000091e-07  1.206930726967943e+00  7.501000000000003e-01  2.965346256558154e-03  4.171016676682605e-01 
 2.534500000000091e-07  1.206930726967086e+00  7.501000000000003e-01  2.965346267102166e-03  4.171016676680883e-01 
 2.535500000000091e-07  1.206930726966238e+00  7.501000000000003e-01  2.965346256565817e-03  4.171016676682544e-01 
 2.536500000000091e-07  1.206930726965398e+00  7.501000000000003e-01  2.965346267094505e-03  4.171016676680825e-01 
 2.537500000000091e-07  1.206930726964566e+00  7.501000000000003e-01  2.965346256573472e-03  4.171016676682483e-01 
 2.538500000000091e-07  1.206930726963743e+00  7.501000000000003e-01  2.965346267086856e-03  4.171016676680768e-01 
 2.539500000000091e-07  1.206930726962927e+00  7.501000000000003e-01  2.965346256581115e-03  4.171016676682421e-01 
 2.540500000000091e-07  1.206930726962120e+00  7.501000000000003e-01  2.965346267079218e-03  4.171016676680708e-01 
 2.541500000000091e-07  1.206930726961321e+00  7.501000000000003e-01  2.965346256588746e-03  4.171016676682360e-01 
 2.542500000000091e-07  1.206930726960529e+00  7.501000000000003e-01  2.965346267071593e-03  4.171016676680649e-01 
 2.543500000000092e-07  1.206930726959745e+00  7.501000000000003e-01  2.965346256596365e-03  4.171016676682304e-01 
 2.544500000000092e-07  1.206930726958969e+00  7.501000000000003e-01  2.965346267063977e-03  4.171016676680599e-01 
 2.545500000000092e-07  1.206930726958201e+00  7.501000000000003e-01  2.965346256603973e-03  4.171016676682248e-01 
 2.546500000000092e-07  1.206930726957441e+00  7.501000000000003e-01  2.965346267056370e-03  4.171016676680543e-01 
 2.547500000000092e-07  1.206930726956688e+00  7.501000000000003e-01  2.965346256611570e-03  4.171016676682192e-01 
 2.548500000000092e-07  1.206930726955943e+00  7.501000000000003e-01  2.965346267048777e-03  4.171016676680490e-01 
 2.549500000000092e-07  1.206930726955205e+00  7.501000000000003e-01  2.965346256619159e-03  4.171016676682135e-01 
 2.550500000000092e-07  1.206930726954474e+00  7.501000000000003e-01  2.965346267041198e-03  4.171016676680439e-01 
 2.551500000000092e-07  1.206930726953751e+00  7.501000000000003e-01  2.965346256626733e-03  4.171016676682081e-01 
 2.552500000000092e-07  1.206930726953035e+00  7.501000000000003e-01  2.965346267033626e-03  4.171016676680390e-01 
 2.553500000000092e-07  1.206930726952326e+00  7.501000000000003e-01  2.965346256634302e-03  4.171016676682033e-01 
 2.554500000000092e-07  1.206930726951624e+00  7.501000000000003e-01  2.965346267026064e-03  4.171016676680339e-01 
 2.555500000000092e-07  1.206930726950930e+00  7.501000000000003e-01  2.965346256641854e-03  4.171016676681977e-01 
 2.556500000000093e-07  1.206930726950242e+00  7.501000000000003e-01  2.965346267018516e-03  4.171016676680292e-01 
 2.557500000000093e-07  1.206930726949561e+00  7.501000000000003e-01  2.965346256649399e-03  4.171016676681926e-01 
 2.558500000000093e-07  1.206930726948886e+00  7.501000000000003e-01  2.965346267010976e-03  4.171016676680240e-01 
 2.559500000000093e-07  1.206930726948219e+00  7.501000000000003e-01  2.965346256656930e-03  4.171016676681879e-01 
 2.560500000000093e-07  1.206930726947558e+00  7.501000000000003e-01  2.965346267003452e-03  4.171016676680195e-01 
 2.561500000000093e-07  1.206930726946903e+00  7.501000000000003e-01  2.965346256664448e-03  4.171016676681829e-01 
 2.562500000000093e-07  1.206930726946255e+00  7.501000000000003e-01  2.965346266995933e-03  4.171016676680148e-01 
 2.563500000000093e-07  1.206930726945614e+00  7.501000000000003e-01  2.965346256671963e-03  4.171016676681782e-01 
 2.564500000000093e-07  1.206930726944978e+00  7.501000000000003e-01  2.965346266988425e-03  4.171016676680105e-01 
 2.565500000000093e-07  1.206930726944349e+00  7.501000000000003e-01  2.965346256679458e-03  4.171016676681739e-01 
 2.566500000000093e-07  1.206930726943727e+00  7.501000000000003e-01  2.965346266980935e-03  4.171016676680061e-01 
 2.567500000000093e-07  1.206930726943110e+00  7.501000000000003e-01  2.965346256686948e-03  4.171016676681692e-01 
 2.568500000000093e-07  1.206930726942500e+00  7.501000000000003e-01  2.965346266973450e-03  4.171016676680018e-01 
 2.569500000000094e-07  1.206930726941896e+00  7.501000000000003e-01  2.965346256694425e-03  4.171016676681646e-01 
 2.570500000000094e-07  1.206930726941298e+00  7.501000000000003e-01  2.965346266965976e-03  4.171016676679977e-01 
 2.571500000000094e-07  1.206930726940706e+00  7.501000000000003e-01  2.965346256701893e-03  4.171016676681603e-01 
 2.572500000000094e-07  1.206930726940120e+00  7.501000000000003e-01  2.965346266958515e-03  4.171016676679933e-01 
 2.573500000000094e-07  1.206930726939540e+00  7.501000000000003e-01  2.965346256709348e-03  4.171016676681555e-01 
 2.574500000000094e-07  1.206930726938965e+00  7.501000000000003e-01  2.965346266951063e-03  4.171016676679897e-01 
 2.575500000000094e-07  1.206930726938396e+00  7.501000000000003e-01  2.965346256716795e-03  4.171016676681515e-01 
 2.576500000000094e-07  1.206930726937833e+00  7.501000000000003e-01  2.965346266943623e-03  4.171016676679856e-01 
 2.577500000000094e-07  1.206930726937275e+00  7.501000000000003e-01  2.965346256724228e-03  4.171016676681472e-01 
 2.578500000000094e-07  1.206930726936723e+00  7.501000000000003e-01  2.965346266936194e-03  4.171016676679817e-01 
 2.579500000000094e-07  1.206930726936177e+00  7.501000000000003e-01  2.965346256731652e-03  4.171016676681429e-01 
 2.580500000000094e-07  1.206930726935636e+00  7.501000000000003e-01  2.965346266928776e-03  4.171016676679777e-01 
 2.581500000000094e-07  1.206930726935100e+00  7.501000000000003e-01  2.965346256739065e-03  4.171016676681397e-01 
 2.582500000000094e-07  1.206930726934569e+00  7.501000000000003e-01  2.965346266921368e-03  4.171016676679742e-01 
 2.583500000000095e-07  1.206930726934044e+00  7.501000000000003e-01  2.965346256746467e-03  4.171016676681353e-01 
 2.584500000000095e-07  1.206930726933524e+00  7.501000000000003e-01  2.965346266913968e-03  4.171016676679701e-01 
 2.585500000000095e-07  1.206930726933009e+00  7.501000000000003e-01  2.965346256753858e-03  4.171016676681314e-01 
 2.586500000000095e-07  1.206930726932500e+00  7.501000000000003e-01  2.965346266906584e-03  4.171016676679667e-01 
 2.587500000000095e-07  1.206930726931995e+00  7.501000000000003e-01  2.965346256761236e-03  4.171016676681277e-01 
 2.588500000000095e-07  1.206930726931496e+00  7.501000000000003e-01  2.965346266899210e-03  4.171016676679634e-01 
 2.589500000000095e-07  1.206930726931001e+00  7.501000000000003e-01  2.965346256768606e-03  4.171016676681238e-01 
 2.590500000000095e-07  1.206930726930511e+00  7.501000000000003e-01  2.965346266891840e-03  4.171016676679600e-01 
 2.591500000000095e-07  1.206930726930026e+00  7.501000000000003e-01  2.965346256775966e-03  4.171016676681205e-01 
 2.592500000000095e-07  1.206930726929546e+00  7.501000000000003e-01  2.965346266884487e-03  4.171016676679564e-01 
 2.593500000000095e-07  1.206930726929071e+00  7.501000000000003e-01  2.965346256783315e-03  4.171016676681166e-01 
 2.594500000000095e-07  1.206930726928600e+00  7.501000000000003e-01  2.965346266877145e-03  4.171016676679533e-01 
 2.595500000000095e-07  1.206930726928135e+00  7.501000000000003e-01  2.965346256790650e-03  4.171016676681134e-01 
 2.596500000000096e-07  1.206930726927674e+00  7.501000000000003e-01  2.965346266869809e-03  4.171016676679499e-01 
 2.597500000000096e-07  1.206930726927217e+00  7.501000000000003e-01  2.965346256797976e-03  4.171016676681099e-01 
 2.598500000000096e-07  1.206930726926765e+00  7.501000000000003e-01  2.965346266862489e-03  4.171016676679469e-01 
 2.599500000000096e-07  1.206930726926318e+00  7.501000000000003e-01  2.965346256805296e-03  4.171016676681064e-01 
 2.600500000000096e-07  1.206930726925875e+00  7.501000000000003e-01  2.965346266855178e-03  4.171016676679438e-01 
 2.601500000000096e-07  1.206930726925436e+00  7.501000000000003e-01  2.965346256812600e-03  4.171016676681034e-01 
 2.602500000000096e-07  1.206930726925002e+00  7.501000000000003e-01  2.965346266847874e-03  4.171016676679408e-01 
 2.603500000000096e-07  1.206930726924572e+00  7.501000000000003e-01  2.965346256819898e-03  4.171016676680996e-01 
 2.604500000000096e-07  1.206930726924147e+00  7.501000000000003e-01  2.965346266840585e-03  4.171016676679379e-01 
 2.605500000000096e-07  1.206930726923725e+00  7.501000000000003e-01  2.965346256827180e-03  4.171016676680966e-01 
 2.606500000000096e-07  1.206930726923308e+00  7.501000000000003e-01  2.965346266833310e-03  4.171016676679350e-01 
 2.607500000000096e-07  1.206930726922894e+00  7.501000000000003e-01  2.965346256834455e-03  4.171016676680935e-01 
 2.608500000000096e-07  1.206930726922485e+00  7.501000000000003e-01  2.965346266826039e-03  4.171016676679318e-01 
 2.609500000000097e-07  1.206930726922080e+00  7.501000000000003e-01  2.965346256841716e-03  4.171016676680905e-01 
 2.610500000000097e-07  1.206930726921679e+00  7.501000000000003e-01  2.965346266818780e-03  4.171016676679294e-01 
 2.611500000000097e-07  1.206930726921283e+00  7.501000000000003e-01  2.965346256848968e-03  4.171016676680878e-01 
 2.612500000000097e-07  1.206930726920890e+00  7.501000000000003e-01  2.965346266811530e-03  4.171016676679267e-01 
 2.613500000000097e-07  1.206930726920501e+00  7.501000000000003e-01  2.965346256856211e-03  4.171016676680846e-01 
 2.614500000000097e-07  1.206930726920117e+00  7.501000000000003e-01  2.965346266804295e-03  4.171016676679239e-01 
 2.615500000000097e-07  1.206930726919736e+00  7.501000000000003e-01  2.965346256863441e-03  4.171016676680820e-01 
 2.616500000000097e-07  1.206930726919359e+00  7.501000000000003e-01  2.965346266797066e-03  4.171016676679211e-01 
 2.617500000000097e-07  1.206930726918985e+00  7.501000000000003e-01  2.965346256870666e-03  4.171016676680792e-01 
 2.618500000000097e-07  1.206930726918615e+00  7.501000000000003e-01  2.965346266789852e-03  4.171016676679186e-01 
 2.619500000000097e-07  1.206930726918249e+00  7.501000000000003e-01  2.965346256877875e-03  4.171016676680764e-01 
 2.620500000000097e-07  1.206930726917886e+00  7.501000000000003e-01  2.965346266782645e-03  4.171016676679162e-01 
 2.621500000000097e-07  1.206930726917528e+00  7.501000000000003e-01  2.965346256885073e-03  4.171016676680737e-01 
 2.622500000000097e-07  1.206930726917172e+00  7.501000000000003e-01  2.965346266775449e-03  4.171016676679138e-01 
 2.623500000000098e-07  1.206930726916820e+00  7.501000000000003e-01  2.965346256892266e-03  4.171016676680711e-01 
 2.624500000000098e-07  1.206930726916472e+00  7.501000000000003e-01  2.965346266768266e-03  4.171016676679112e-01 
 2.625500000000098e-07  1.206930726916127e+00  7.501000000000003e-01  2.965346256899446e-03  4.171016676680683e-01 
 2.626500000000098e-07  1.206930726915785e+00  7.501000000000003e-01  2.965346266761087e-03  4.171016676679087e-01 
 2.627500000000098e-07  1.206930726915447e+00  7.501000000000003e-01  2.965346256906613e-03  4.171016676680657e-01 
 2.628500000000098e-07  1.206930726915113e+00  7.501000000000003e-01  2.965346266753926e-03  4.171016676679067e-01 
 2.629500000000098e-07  1.206930726914781e+00  7.501000000000003e-01  2.965346256913772e-03  4.171016676680631e-01 
 2.630500000000098e-07  1.206930726914453e+00  7.501000000000003e-01  2.965346266746775e-03  4.171016676679041e-01 
 2.631500000000098e-07  1.206930726914129e+00  7.501000000000003e-01  2.965346256920921e-03  4.171016676680604e-01 
 2.632500000000098e-07  1.206930726913807e+00  7.501000000000003e-01  2.965346266739628e-03  4.171016676679021e-01 
 2.633500000000098e-07  1.206930726913488e+00  7.501000000000003e-01  2.965346256928058e-03  4.171016676680582e-01 
 2.634500000000098e-07  1.206930726913173e+00  7.501000000000003e-01  2.965346266732496e-03  4.171016676678998e-01 
 2.635500000000098e-07  1.206930726912861e+00  7.501000000000003e-01  2.965346256935185e-03  4.171016676680561e-01 
 2.636500000000099e-07  1.206930726912552e+00  7.501000000000003e-01  2.965346266725374e-03  4.171016676678977e-01 
 2.637500000000099e-07  1.206930726912246e+00  7.501000000000003e-01  2.965346256942301e-03  4.171016676680535e-01 
 2.638500000000099e-07  1.206930726911943e+00  7.501000000000003e-01  2.965346266718262e-03  4.171016676678955e-01 
 2.639500000000099e-07  1.206930726911643e+00  7.501000000000003e-01  2.965346256949407e-03  4.171016676680513e-01 
 2.640500000000099e-07  1.206930726911346e+00  7.501000000000003e-01  2.965346266711164e-03  4.171016676678937e-01 
 2.641500000000099e-07  1.206930726911052e+00  7.501000000000003e-01  2.965346256956505e-03  4.171016676680486e-01 
 2.642500000000099e-07  1.206930726910761e+00  7.501000000000003e-01  2.965346266704066e-03  4.171016676678915e-01 
 2.643500000000099e-07  1.206930726910472e+00  7.501000000000003e-01  2.965346256963591e-03  4.171016676680471e-01 
 2.644500000000099e-07  1.206930726910187e+00  7.501000000000003e-01  2.965346266696985e-03  4.171016676678897e-01 
 2.645500000000099e-07  1.206930726909904e+00  7.501000000000003e-01  2.965346256970665e-03  4.171016676680446e-01 
 2.646500000000099e-07  1.206930726909624e+00  7.501000000000003e-01  2.965346266689916e-03  4.171016676678879e-01 
 2.647500000000099e-07  1.206930726909347e+00  7.501000000000003e-01  2.965346256977734e-03  4.171016676680426e-01 
 2.648500000000099e-07  1.206930726909073e+00  7.501000000000003e-01  2.965346266682855e-03  4.171016676678860e-01 
 2.649500000000100e-07  1.206930726908802e+00  7.501000000000003e-01  2.965346256984787e-03  4.171016676680402e-01 
 2.650500000000100e-07  1.206930726908534e+00  7.501000000000003e-01  2.965346266675806e-03  4.171016676678840e-01 
 2.651500000000100e-07  1.206930726908268e+00  7.501000000000003e-01  2.965346256991832e-03  4.171016676680383e-01 
 2.652500000000100e-07  1.206930726908005e+00  7.501000000000003e-01  2.965346266668766e-03  4.171016676678822e-01 
 2.653500000000100e-07  1.206930726907744e+00  7.501000000000003e-01  2.965346256998869e-03  4.171016676680361e-01 
 2.654500000000100e-07  1.206930726907485e+00  7.501000000000003e-01  2.965346266661735e-03  4.171016676678803e-01 
 2.655500000000100e-07  1.206930726907230e+00  7.501000000000003e-01  2.965346257005890e-03  4.171016676680345e-01 
 2.656500000000100e-07  1.206930726906977e+00  7.501000000000003e-01  2.965346266654715e-03  4.171016676678787e-01 
 2.657500000000100e-07  1.206930726906726e+00  7.501000000000003e-01  2.965346257012904e-03  4.171016676680327e-01 
 2.658500000000100e-07  1.206930726906478e+00  7.501000000000003e-01  2.965346266647707e-03  4.171016676678770e-01 
 2.659500000000100e-07  1.206930726906233e+00  7.501000000000003e-01  2.965346257019907e-03  4.171016676680309e-01 
 2.660500000000100e-07  1.206930726905989e+00  7.501000000000003e-01  2.965346266640709e-03  4.171016676678752e-01 
 2.661500000000100e-07  1.206930726905749e+00  7.501000000000003e-01  2.965346257026902e-03  4.171016676680288e-01 
 2.662500000000101e-07  1.206930726905510e+00  7.501000000000003e-01  2.965346266633716e-03  4.171016676678738e-01 
 2.663500000000101e-07  1.206930726905274e+00  7.501000000000003e-01  2.965346257033889e-03  4.171016676680269e-01 
 2.664500000000101e-07  1.206930726905040e+00  7.501000000000003e-01  2.965346266626742e-03  4.171016676678724e-01 
 2.665500000000101e-07  1.206930726904808e+00  7.501000000000003e-01  2.965346257040861e-03  4.171016676680253e-01 
 2.666500000000101e-07  1.206930726904580e+00  7.501000000000003e-01  2.965346266619770e-03  4.171016676678707e-01 
 2.667500000000101e-07  1.206930726904353e+00  7.501000000000003e-01  2.965346257047823e-03  4.171016676680234e-01 
 2.668500000000101e-07  1.206930726904129e+00  7.501000000000003e-01  2.965346266612812e-03  4.171016676678694e-01 
 2.669500000000101e-07  1.206930726903907e+00  7.501000000000003e-01  2.965346257054776e-03  4.171016676680215e-01 
 2.670500000000101e-07  1.206930726903687e+00  7.501000000000003e-01  2.965346266605863e-03  4.171016676678678e-01 
 2.671500000000101e-07  1.206930726903469e+00  7.501000000000003e-01  2.965346257061721e-03  4.171016676680200e-01 
 2.672500000000101e-07  1.206930726903254e+00  7.501000000000003e-01  2.965346266598925e-03  4.171016676678662e-01 
 2.673500000000101e-07  1.206930726903041e+00  7.501000000000003e-01  2.965346257068652e-03  4.171016676680180e-01 
 2.674500000000101e-07  1.206930726902829e+00  7.501000000000003e-01  2.965346266591996e-03  4.171016676678648e-01 
 2.675500000000101e-07  1.206930726902620e+00  7.501000000000003e-01  2.965346257075573e-03  4.171016676680167e-01 
 2.676500000000102e-07  1.206930726902413e+00  7.501000000000003e-01  2.965346266585078e-03  4.171016676678637e-01 
 2.677500000000102e-07  1.206930726902208e+00  7.501000000000003e-01  2.965346257082489e-03  4.171016676680153e-01 
 2.678500000000102e-07  1.206930726902004e+00  7.501000000000003e-01  2.965346266578169e-03  4.171016676678621e-01 
 2.679500000000102e-07  1.206930726901803e+00  7.501000000000003e-01  2.965346257089389e-03  4.171016676680135e-01 
 2.680500000000102e-07  1.206930726901604e+00  7.501000000000003e-01  2.965346266571275e-03  4.171016676678604e-01 
 2.681500000000102e-07  1.206930726901408e+00  7.501000000000003e-01  2.965346257096286e-03  4.171016676680120e-01 
 2.682500000000102e-07  1.206930726901213e+00  7.501000000000003e-01  2.965346266564385e-03  4.171016676678595e-01 
 2.683500000000102e-07  1.206930726901020e+00  7.501000000000003e-01  2.965346257103167e-03  4.171016676680104e-01 
 2.684500000000102e-07  1.206930726900829e+00  7.501000000000003e-01  2.965346266557506e-03  4.171016676678583e-01 
 2.685500000000102e-07  1.206930726900640e+00  7.501000000000003e-01  2.965346257110041e-03  4.171016676680090e-01 
 2.686500000000102e-07  1.206930726900453e+00  7.501000000000003e-01  2.965346266550638e-03  4.171016676678572e-01 
 2.687500000000102e-07  1.206930726900267e+00  7.501000000000003e-01  2.965346257116907e-03  4.171016676680073e-01 
 2.688500000000102e-07  1.206930726900084e+00  7.501000000000003e-01  2.965346266543780e-03  4.171016676678558e-01 
 2.689500000000103e-07  1.206930726899902e+00  7.501000000000003e-01  2.965346257123756e-03  4.171016676680060e-01 
 2.690500000000103e-07  1.206930726899722e+00  7.501000000000003e-01  2.965346266536936e-03  4.171016676678541e-01 
 2.691500000000103e-07  1.206930726899544e+00  7.501000000000003e-01  2.965346257130597e-03  4.171016676680045e-01 
 2.692500000000103e-07  1.206930726899367e+00  7.501000000000003e-01  2.965346266530096e-03  4.171016676678534e-01 
 2.693500000000103e-07  1.206930726899193e+00  7.501000000000003e-01  2.965346257137434e-03  4.171016676680035e-01 
 2.694500000000103e-07  1.206930726899019e+00  7.501000000000003e-01  2.965346266523265e-03  4.171016676678521e-01 
 2.695500000000103e-07  1.206930726898848e+00  7.501000000000003e-01  2.965346257144257e-03  4.171016676680021e-01 
 2.696500000000103e-07  1.206930726898678e+00  7.501000000000003e-01  2.965346266516447e-03  4.171016676678511e-01 
 2.697500000000103e-07  1.206930726898510e+00  7.501000000000003e-01  2.965346257151069e-03  4.171016676680008e-01 
 2.698500000000103e-07  1.206930726898344e+00  7.501000000000003e-01  2.965346266509639e-03  4.171016676678498e-01 
 2.699500000000103e-07  1.206930726898179e+00  7.501000000000003e-01  2.965346257157872e-03  4.171016676679992e-01 
 2.700500000000103e-07  1.206930726898016e+00  7.501000000000003e-01  2.965346266502840e-03  4.171016676678488e-01 
 2.701500000000103e-07  1.206930726897855e+00  7.501000000000003e-01  2.965346257164666e-03  4.171016676679980e-01 
 2.702500000000104e-07  1.206930726897695e+00  7.501000000000003e-01  2.965346266496054e-03  4.171016676678478e-01 
 2.703500000000104e-07  1.206930726897537e+00  7.501000000000003e-01  2.965346257171449e-03  4.171016676679970e-01 
 2.704500000000104e-07  1.206930726897380e+00  7.501000000000003e-01  2.965346266489272e-03  4.171016676678471e-01 
 2.705500000000104e-07  1.206930726897225e+00  7.501000000000003e-01  2.965346257178222e-03  4.171016676679955e-01 
 2.706500000000104e-07  1.206930726897071e+00  7.501000000000003e-01  2.965346266482502e-03  4.171016676678461e-01 
 2.707500000000104e-07  1.206930726896919e+00  7.501000000000003e-01  2.965346257184984e-03  4.171016676679943e-01 
 2.708500000000104e-07  1.206930726896768e+00  7.501000000000003e-01  2.965346266475747e-03  4.171016676678449e-01 
 2.709500000000104e-07  1.206930726896619e+00  7.501000000000003e-01  2.965346257191739e-03  4.171016676679933e-01 
 2.710500000000104e-07  1.206930726896471e+00  7.501000000000003e-01  2.965346266468995e-03  4.171016676678438e-01 
 2.711500000000104e-07  1.206930726896325e+00  7.501000000000003e-01  2.965346257198483e-03  4.171016676679919e-01 
 2.712500000000104e-07  1.206930726896181e+00  7.501000000000003e-01  2.965346266462259e-03  4.171016676678428e-01 
 2.713500000000104e-07  1.206930726896037e+00  7.501000000000003e-01  2.965346257205216e-03  4.171016676679909e-01 
 2.714500000000104e-07  1.206930726895896e+00  7.501000000000003e-01  2.965346266455526e-03  4.171016676678421e-01 
 2.715500000000104e-07  1.206930726895756e+00  7.501000000000003e-01  2.965346257211942e-03  4.171016676679898e-01 
 2.716500000000105e-07  1.206930726895617e+00  7.501000000000003e-01  2.965346266448808e-03  4.171016676678410e-01 
 2.717500000000105e-07  1.206930726895479e+00  7.501000000000003e-01  2.965346257218656e-03  4.171016676679887e-01 
 2.718500000000105e-07  1.206930726895343e+00  7.501000000000003e-01  2.965346266442101e-03  4.171016676678403e-01 
 2.719500000000105e-07  1.206930726895208e+00  7.501000000000003e-01  2.965346257225363e-03  4.171016676679877e-01 
 2.720500000000105e-07  1.206930726895075e+00  7.501000000000003e-01  2.965346266435397e-03  4.171016676678394e-01 
 2.721500000000105e-07  1.206930726894942e+00  7.501000000000003e-01  2.965346257232060e-03  4.171016676679865e-01 
 2.722500000000105e-07  1.206930726894812e+00  7.501000000000003e-01  2.965346266428708e-03  4.171016676678387e-01 
 2.723500000000105e-07  1.206930726894682e+00  7.501000000000003e-01  2.965346257238743e-03  4.171016676679855e-01 
 2.724500000000105e-07  1.206930726894554e+00  7.501000000000003e-01  2.965346266422028e-03  4.171016676678377e-01 
 2.725500000000105e-07  1.206930726894427e+00  7.501000000000003e-01  2.965346257245420e-03  4.171016676679844e-01 
 2.726500000000105e-07  1.206930726894301e+00  7.501000000000003e-01  2.965346266415357e-03  4.171016676678370e-01 
 2.727500000000105e-07  1.206930726894176e+00  7.501000000000003e-01  2.965346257252085e-03  4.171016676679835e-01 
 2.728500000000105e-07  1.206930726894053e+00  7.501000000000003e-01  2.965346266408693e-03  4.171016676678363e-01 
 2.729500000000106e-07  1.206930726893932e+00  7.501000000000003e-01  2.965346257258744e-03  4.171016676679823e-01 
 2.730500000000106e-07  1.206930726893811e+00  7.501000000000003e-01  2.965346266402044e-03  4.171016676678354e-01 
 2.731500000000106e-07  1.206930726893691e+00  7.501000000000003e-01  2.965346257265388e-03  4.171016676679812e-01 
 2.732500000000106e-07  1.206930726893572e+00  7.501000000000003e-01  2.965346266395398e-03  4.171016676678344e-01 
 2.733500000000106e-07  1.206930726893455e+00  7.501000000000003e-01  2.965346257272026e-03  4.171016676679804e-01 
 2.734500000000106e-07  1.206930726893338e+00  7.501000000000003e-01  2.965346266388767e-03  4.171016676678337e-01 
 2.735500000000106e-07  1.206930726893223e+00  7.501000000000003e-01  2.965346257278654e-03  4.171016676679795e-01 
 2.736500000000106e-07  1.206930726893110e+00  7.501000000000003e-01  2.965346266382145e-03  4.171016676678331e-01 
 2.737500000000106e-07  1.206930726892997e+00  7.501000000000003e-01  2.965346257285271e-03  4.171016676679786e-01 
 2.738500000000106e-07  1.206930726892885e+00  7.501000000000003e-01  2.965346266375530e-03  4.171016676678326e-01 
 2.739500000000106e-07  1.206930726892774e+00  7.501000000000003e-01  2.965346257291882e-03  4.171016676679779e-01 
 2.740500000000106e-07  1.206930726892665e+00  7.501000000000003e-01  2.965346266368926e-03  4.171016676678317e-01 
 2.741500000000106e-07  1.206930726892556e+00  7.501000000000003e-01  2.965346257298480e-03  4.171016676679767e-01 
 2.742500000000107e-07  1.206930726892449e+00  7.501000000000003e-01  2.965346266362333e-03  4.171016676678311e-01 
 2.743500000000107e-07  1.206930726892343e+00  7.501000000000003e-01  2.965346257305066e-03  4.171016676679760e-01 
 2.744500000000107e-07  1.206930726892238e+00  7.501000000000003e-01  2.965346266355748e-03  4.171016676678305e-01 
 2.745500000000107e-07  1.206930726892133e+00  7.501000000000003e-01  2.965346257311644e-03  4.171016676679754e-01 
 2.746500000000107e-07  1.206930726892030e+00  7.501000000000003e-01  2.965346266349173e-03  4.171016676678297e-01 
 2.747500000000107e-07  1.206930726891928e+00  7.501000000000003e-01  2.965346257318218e-03  4.171016676679742e-01 
 2.748500000000107e-07  1.206930726891827e+00  7.501000000000003e-01  2.965346266342606e-03  4.171016676678293e-01 
 2.749500000000107e-07  1.206930726891727e+00  7.501000000000003e-01  2.965346257324777e-03  4.171016676679735e-01 
 2.750500000000107e-07  1.206930726891628e+00  7.501000000000003e-01  2.965346266336055e-03  4.171016676678284e-01 
 2.751500000000107e-07  1.206930726891530e+00  7.501000000000003e-01  2.965346257331328e-03  4.171016676679725e-01 
 2.752500000000107e-07  1.206930726891434e+00  7.501000000000003e-01  2.965346266329506e-03  4.171016676678280e-01 
 2.753500000000107e-07  1.206930726891338e+00  7.501000000000003e-01  2.965346257337871e-03  4.171016676679715e-01 
 2.754500000000107e-07  1.206930726891243e+00  7.501000000000003e-01  2.965346266322972e-03  4.171016676678272e-01 
 2.755500000000107e-07  1.206930726891149e+00  7.501000000000003e-01  2.965346257344403e-03  4.171016676679711e-01 
 2.756500000000108e-07  1.206930726891056e+00  7.501000000000003e-01  2.965346266316444e-03  4.171016676678269e-01 
 2.757500000000108e-07  1.206930726890963e+00  7.501000000000003e-01  2.965346257350922e-03  4.171016676679704e-01 
 2.758500000000108e-07  1.206930726890872e+00  7.501000000000003e-01  2.965346266309925e-03  4.171016676678261e-01 
 2.759500000000108e-07  1.206930726890781e+00  7.501000000000003e-01  2.965346257357439e-03  4.171016676679692e-01 
 2.760500000000108e-07  1.206930726890692e+00  7.501000000000003e-01  2.965346266303419e-03  4.171016676678259e-01 
 2.761500000000108e-07  1.206930726890603e+00  7.501000000000003e-01  2.965346257363940e-03  4.171016676679689e-01 
 2.762500000000108e-07  1.206930726890515e+00  7.501000000000003e-01  2.965346266296920e-03  4.171016676678252e-01 
 2.763500000000108e-07  1.206930726890428e+00  7.501000000000003e-01  2.965346257370432e-03  4.171016676679681e-01 
 2.764500000000108e-07  1.206930726890342e+00  7.501000000000003e-01  2.965346266290431e-03  4.171016676678247e-01 
 2.765500000000108e-07  1.206930726890256e+00  7.501000000000003e-01  2.965346257376917e-03  4.171016676679672e-01 
 2.766500000000108e-07  1.206930726890172e+00  7.501000000000003e-01  2.965346266283951e-03  4.171016676678239e-01 
 2.767500000000108e-07  1.206930726890088e+00  7.501000000000003e-01  2.965346257383391e-03  4.171016676679668e-01 
 2.768500000000108e-07  1.206930726890006e+00  7.501000000000003e-01  2.965346266277479e-03  4.171016676678234e-01 
 2.769500000000109e-07  1.206930726889924e+00  7.501000000000003e-01  2.965346257389857e-03  4.171016676679656e-01 
 2.770500000000109e-07  1.206930726889843e+00  7.501000000000003e-01  2.965346266271015e-03  4.171016676678234e-01 
 2.771500000000109e-07  1.206930726889762e+00  7.501000000000003e-01  2.965346257396313e-03  4.171016676679651e-01 
 2.772500000000109e-07  1.206930726889683e+00  7.501000000000003e-01  2.965346266264564e-03  4.171016676678226e-01 
 2.773500000000109e-07  1.206930726889604e+00  7.501000000000003e-01  2.965346257402761e-03  4.171016676679645e-01 
 2.774500000000109e-07  1.206930726889527e+00  7.501000000000003e-01  2.965346266258122e-03  4.171016676678221e-01 
 2.775500000000109e-07  1.206930726889449e+00  7.501000000000003e-01  2.965346257409201e-03  4.171016676679637e-01 
 2.776500000000109e-07  1.206930726889373e+00  7.501000000000003e-01  2.965346266251693e-03  4.171016676678220e-01 
 2.777500000000109e-07  1.206930726889297e+00  7.501000000000003e-01  2.965346257415625e-03  4.171016676679634e-01 
 2.778500000000109e-07  1.206930726889222e+00  7.501000000000003e-01  2.965346266245269e-03  4.171016676678211e-01 
 2.779500000000109e-07  1.206930726889149e+00  7.501000000000003e-01  2.965346257422047e-03  4.171016676679625e-01 
 2.780500000000109e-07  1.206930726889076e+00  7.501000000000003e-01  2.965346266238853e-03  4.171016676678210e-01 
 2.781500000000109e-07  1.206930726889003e+00  7.501000000000003e-01  2.965346257428455e-03  4.171016676679618e-01 
 2.782500000000110e-07  1.206930726888932e+00  7.501000000000003e-01  2.965346266232447e-03  4.171016676678205e-01 
 2.783500000000110e-07  1.206930726888860e+00  7.501000000000003e-01  2.965346257434855e-03  4.171016676679615e-01 
 2.784500000000110e-07  1.206930726888790e+00  7.501000000000003e-01  2.965346266226054e-03  4.171016676678202e-01 
 2.785500000000110e-07  1.206930726888721e+00  7.501000000000003e-01  2.965346257441247e-03  4.171016676679605e-01 
 2.786500000000110e-07  1.206930726888652e+00  7.501000000000003e-01  2.965346266219668e-03  4.171016676678196e-01 
 2.787500000000110e-07  1.206930726888583e+00  7.501000000000003e-01  2.965346257447626e-03  4.171016676679600e-01 
 2.788500000000110e-07  1.206930726888516e+00  7.501000000000003e-01  2.965346266213290e-03  4.171016676678193e-01 
 2.789500000000110e-07  1.206930726888449e+00  7.501000000000003e-01  2.965346257454001e-03  4.171016676679597e-01 
 2.790500000000110e-07  1.206930726888383e+00  7.501000000000003e-01  2.965346266206922e-03  4.171016676678191e-01 
 2.791500000000110e-07  1.206930726888318e+00  7.501000000000003e-01  2.965346257460361e-03  4.171016676679590e-01 
 2.792500000000110e-07  1.206930726888253e+00  7.501000000000003e-01  2.965346266200564e-03  4.171016676678188e-01 
 2.793500000000110e-07  1.206930726888188e+00  7.501000000000003e-01  2.965346257466717e-03  4.171016676679584e-01 
 2.794500000000110e-07  1.206930726888124e+00  7.501000000000003e-01  2.965346266194214e-03  4.171016676678183e-01 
 2.795500000000110e-07  1.206930726888062e+00  7.501000000000003e-01  2.965346257473061e-03  4.171016676679578e-01 
 2.796500000000111e-07  1.206930726887999e+00  7.501000000000003e-01  2.965346266187874e-03  4.171016676678178e-01 
 2.797500000000111e-07  1.206930726887937e+00  7.501000000000003e-01  2.965346257479397e-03  4.171016676679572e-01 
 2.798500000000111e-07  1.206930726887876e+00  7.501000000000003e-01  2.965346266181543e-03  4.171016676678174e-01 
 2.799500000000111e-07  1.206930726887816e+00  7.501000000000003e-01  2.965346257485721e-03  4.171016676679569e-01 
 2.800500000000111e-07  1.206930726887755e+00  7.501000000000003e-01  2.965346266175222e-03  4.171016676678170e-01 
 2.801500000000111e-07  1.206930726887696e+00  7.501000000000003e-01  2.965346257492040e-03  4.171016676679563e-01 
 2.802500000000111e-07  1.206930726887637e+00  7.501000000000003e-01  2.965346266168912e-03  4.171016676678169e-01 
 2.803500000000111e-07  1.206930726887579e+00  7.501000000000003e-01  2.965346257498350e-03  4.171016676679556e-01 
 2.804500000000111e-07  1.206930726887521e+00  7.501000000000003e-01  2.965346266162606e-03  4.171016676678165e-01 
 2.805500000000111e-07  1.206930726887464e+00  7.501000000000003e-01  2.965346257504647e-03  4.171016676679549e-01 
 2.806500000000111e-07  1.206930726887407e+00  7.501000000000003e-01  2.965346266156312e-03  4.171016676678160e-01 
 2.807500000000111e-07  1.206930726887351e+00  7.501000000000003e-01  2.965346257510933e-03  4.171016676679548e-01 
 2.808500000000111e-07  1.206930726887296e+00  7.501000000000003e-01  2.965346266150028e-03  4.171016676678160e-01 
 2.809500000000112e-07  1.206930726887241e+00  7.501000000000003e-01  2.965346257517217e-03  4.171016676679542e-01 
 2.810500000000112e-07  1.206930726887187e+00  7.501000000000003e-01  2.965346266143751e-03  4.171016676678158e-01 
 2.811500000000112e-07  1.206930726887133e+00  7.501000000000003e-01  2.965346257523490e-03  4.171016676679531e-01 
 2.812500000000112e-07  1.206930726887080e+00  7.501000000000003e-01  2.965346266137486e-03  4.171016676678155e-01 
 2.813500000000112e-07  1.206930726887027e+00  7.501000000000003e-01  2.965346257529746e-03  4.171016676679532e-01 
 2.814500000000112e-07  1.206930726886975e+00  7.501000000000003e-01  2.965346266131226e-03  4.171016676678150e-01 
 2.815500000000112e-07  1.206930726886923e+00  7.501000000000003e-01  2.965346257536004e-03  4.171016676679528e-01 
 2.816500000000112e-07  1.206930726886871e+00  7.501000000000003e-01  2.965346266124979e-03  4.171016676678149e-01 
 2.817500000000112e-07  1.206930726886821e+00  7.501000000000003e-01  2.965346257542245e-03  4.171016676679523e-01 
 2.818500000000112e-07  1.206930726886770e+00  7.501000000000003e-01  2.965346266118743e-03  4.171016676678144e-01 
 2.819500000000112e-07  1.206930726886721e+00  7.501000000000003e-01  2.965346257548481e-03  4.171016676679520e-01 
 2.820500000000112e-07  1.206930726886671e+00  7.501000000000003e-01  2.965346266112509e-03  4.171016676678140e-01 
 2.821500000000112e-07  1.206930726886623e+00  7.501000000000003e-01  2.965346257554704e-03  4.171016676679513e-01 
 2.822500000000113e-07  1.206930726886575e+00  7.501000000000003e-01  2.965346266106288e-03  4.171016676678138e-01 
 2.823500000000113e-07  1.206930726886527e+00  7.501000000000003e-01  2.965346257560922e-03  4.171016676679510e-01 
 2.824500000000113e-07  1.206930726886480e+00  7.501000000000003e-01  2.965346266100076e-03  4.171016676678139e-01 
 2.825500000000113e-07  1.206930726886433e+00  7.501000000000003e-01  2.965346257567129e-03  4.171016676679505e-01 
 2.826500000000113e-07  1.206930726886387e+00  7.501000000000003e-01  2.965346266093872e-03  4.171016676678136e-01 
 2.827500000000113e-07  1.206930726886341e+00  7.501000000000003e-01  2.965346257573326e-03  4.171016676679503e-01 
 2.828500000000113e-07  1.206930726886296e+00  7.501000000000003e-01  2.965346266087676e-03  4.171016676678134e-01 
 2.829500000000113e-07  1.206930726886251e+00  7.501000000000003e-01  2.965346257579520e-03  4.171016676679496e-01 
 2.830500000000113e-07  1.206930726886206e+00  7.501000000000003e-01  2.965346266081493e-03  4.171016676678133e-01 
 2.831500000000113e-07  1.206930726886162e+00  7.501000000000003e-01  2.965346257585699e-03  4.171016676679490e-01 
 2.832500000000113e-07  1.206930726886119e+00  7.501000000000003e-01  2.965346266075317e-03  4.171016676678131e-01 
 2.833500000000113e-07  1.206930726886076e+00  7.501000000000003e-01  2.965346257591866e-03  4.171016676679490e-01 
 2.834500000000113e-07  1.206930726886033e+00  7.501000000000003e-01  2.965346266069153e-03  4.171016676678124e-01 
 2.835500000000114e-07  1.206930726885991e+00  7.501000000000003e-01  2.965346257598031e-03  4.171016676679484e-01 
 2.836500000000114e-07  1.206930726885949e+00  7.501000000000003e-01  2.965346266062993e-03  4.171016676678124e-01 
 2.837500000000114e-07  1.206930726885907e+00  7.501000000000003e-01  2.965346257604188e-03  4.171016676679475e-01 
 2.838500000000114e-07  1.206930726885866e+00  7.501000000000003e-01  2.965346266056841e-03  4.171016676678120e-01 
 2.839500000000114e-07  1.206930726885825e+00  7.501000000000003e-01  2.965346257610332e-03  4.171016676679475e-01 
 2.840500000000114e-07  1.206930726885785e+00  7.501000000000003e-01  2.965346266050703e-03  4.171016676678119e-01 
 2.841500000000114e-07  1.206930726885745e+00  7.501000000000003e-01  2.965346257616467e-03  4.171016676679469e-01 
 2.842500000000114e-07  1.206930726885705e+00  7.501000000000003e-01  2.965346266044572e-03  4.171016676678120e-01 
 2.843500000000114e-07  1.206930726885666e+00  7.501000000000003e-01  2.965346257622596e-03  4.171016676679472e-01 
 2.844500000000114e-07  1.206930726885628e+00  7.501000000000003e-01  2.965346266038449e-03  4.171016676678119e-01 
 2.845500000000114e-07  1.206930726885589e+00  7.501000000000003e-01  2.965346257628713e-03  4.171016676679461e-01 
 2.846500000000114e-07  1.206930726885551e+00  7.501000000000003e-01  2.965346266032334e-03  4.171016676678115e-01 
 2.847500000000114e-07  1.206930726885514e+00  7.501000000000003e-01  2.965346257634823e-03  4.171016676679459e-01 
 2.848500000000114e-07  1.206930726885477e+00  7.501000000000003e-01  2.965346266026230e-03  4.171016676678114e-01 
 2.849500000000115e-07  1.206930726885440e+00  7.501000000000003e-01  2.965346257640922e-03  4.171016676679458e-01 
 2.850500000000115e-07  1.206930726885404e+00  7.501000000000003e-01  2.965346266020134e-03  4.171016676678111e-01 
 2.851500000000115e-07  1.206930726885368e+00  7.501000000000003e-01  2.965346257647012e-03  4.171016676679455e-01 
 2.852500000000115e-07  1.206930726885332e+00  7.501000000000003e-01  2.965346266014046e-03  4.171016676678110e-01 
 2.853500000000115e-07  1.206930726885296e+00  7.501000000000003e-01  2.965346257653098e-03  4.171016676679447e-01 
 2.854500000000115e-07  1.206930726885262e+00  7.501000000000003e-01  2.965346266007968e-03  4.171016676678108e-01 
 2.855500000000115e-07  1.206930726885228e+00  7.501000000000003e-01  2.965346257659171e-03  4.171016676679447e-01 
 2.856500000000115e-07  1.206930726885194e+00  7.501000000000003e-01  2.965346266001900e-03  4.171016676678106e-01 
 2.857500000000115e-07  1.206930726885160e+00  7.501000000000003e-01  2.965346257665232e-03  4.171016676679443e-01 
 2.858500000000115e-07  1.206930726885126e+00  7.501000000000003e-01  2.965346265995841e-03  4.171016676678106e-01 
 2.859500000000115e-07  1.206930726885093e+00  7.501000000000003e-01  2.965346257671289e-03  4.171016676679440e-01 
 2.860500000000115e-07  1.206930726885060e+00  7.501000000000003e-01  2.965346265989787e-03  4.171016676678106e-01 
 2.861500000000115e-07  1.206930726885028e+00  7.501000000000003e-01  2.965346257677338e-03  4.171016676679434e-01 
 2.862500000000116e-07  1.206930726884996e+00  7.501000000000003e-01  2.965346265983741e-03  4.171016676678103e-01 
 2.863500000000116e-07  1.206930726884964e+00  7.501000000000003e-01  2.965346257683376e-03  4.171016676679435e-01 
 2.864500000000116e-07  1.206930726884933e+00  7.501000000000003e-01  2.965346265977711e-03  4.171016676678100e-01 
 2.865500000000116e-07  1.206930726884901e+00  7.501000000000003e-01  2.965346257689406e-03  4.171016676679428e-01 
 2.866500000000116e-07  1.206930726884871e+00  7.501000000000003e-01  2.965346265971684e-03  4.171016676678099e-01 
 2.867500000000116e-07  1.206930726884840e+00  7.501000000000003e-01  2.965346257695426e-03  4.171016676679426e-01 
 2.868500000000116e-07  1.206930726884809e+00  7.501000000000003e-01  2.965346265965669e-03  4.171016676678099e-01 
 2.869500000000116e-07  1.206930726884779e+00  7.501000000000003e-01  2.965346257701437e-03  4.171016676679423e-01 
 2.870500000000116e-07  1.206930726884749e+00  7.501000000000003e-01  2.965346265959660e-03  4.171016676678100e-01 
 2.871500000000116e-07  1.206930726884719e+00  7.501000000000003e-01  2.965346257707444e-03  4.171016676679420e-01 
 2.872500000000116e-07  1.206930726884690e+00  7.501000000000003e-01  2.965346265953662e-03  4.171016676678099e-01 
 2.873500000000116e-07  1.206930726884662e+00  7.501000000000003e-01  2.965346257713437e-03  4.171016676679415e-01 
 2.874500000000116e-07  1.206930726884633e+00  7.501000000000003e-01  2.965346265947671e-03  4.171016676678094e-01 
 2.875500000000117e-07  1.206930726884605e+00  7.501000000000003e-01  2.965346257719425e-03  4.171016676679414e-01 
 2.876500000000117e-07  1.206930726884577e+00  7.501000000000003e-01  2.965346265941689e-03  4.171016676678095e-01 
 2.877500000000117e-07  1.206930726884549e+00  7.501000000000003e-01  2.965346257725399e-03  4.171016676679411e-01 
 2.878500000000117e-07  1.206930726884522e+00  7.501000000000003e-01  2.965346265935716e-03  4.171016676678092e-01 
 2.879500000000117e-07  1.206930726884495e+00  7.501000000000003e-01  2.965346257731366e-03  4.171016676679408e-01 
 2.880500000000117e-07  1.206930726884468e+00  7.501000000000003e-01  2.965346265929750e-03  4.171016676678092e-01 
 2.881500000000117e-07  1.206930726884441e+00  7.501000000000003e-01  2.965346257737330e-03  4.171016676679405e-01 
 2.882500000000117e-07  1.206930726884415e+00  7.501000000000003e-01  2.965346265923796e-03  4.171016676678094e-01 
 2.883500000000117e-07  1.206930726884389e+00  7.501000000000003e-01  2.965346257743281e-03  4.171016676679403e-01 
 2.884500000000117e-07  1.206930726884363e+00  7.501000000000003e-01  2.965346265917851e-03  4.171016676678089e-01 
 2.885500000000117e-07  1.206930726884337e+00  7.501000000000003e-01  2.965346257749224e-03  4.171016676679399e-01 
 2.886500000000117e-07  1.206930726884311e+00  7.501000000000003e-01  2.965346265911913e-03  4.171016676678088e-01 
 2.887500000000117e-07  1.206930726884286e+00  7.501000000000003e-01  2.965346257755159e-03  4.171016676679395e-01 
 2.888500000000117e-07  1.206930726884262e+00  7.501000000000003e-01  2.965346265905980e-03  4.171016676678090e-01 
 2.889500000000118e-07  1.206930726884237e+00  7.501000000000003e-01  2.965346257761083e-03  4.171016676679393e-01 
 2.890500000000118e-07  1.206930726884213e+00  7.501000000000003e-01  2.965346265900061e-03  4.171016676678090e-01 
 2.891500000000118e-07  1.206930726884188e+00  7.501000000000003e-01  2.965346257766997e-03  4.171016676679392e-01 
 2.892500000000118e-07  1.206930726884165e+00  7.501000000000003e-01  2.965346265894150e-03  4.171016676678087e-01 
 2.893500000000118e-07  1.206930726884141e+00  7.501000000000003e-01  2.965346257772905e-03  4.171016676679389e-01 
 2.894500000000118e-07  1.206930726884117e+00  7.501000000000003e-01  2.965346265888242e-03  4.171016676678088e-01 
 2.895500000000118e-07  1.206930726884094e+00  7.501000000000003e-01  2.965346257778806e-03  4.171016676679386e-01 
 2.896500000000118e-07  1.206930726884071e+00  7.501000000000003e-01  2.965346265882349e-03  4.171016676678084e-01 
 2.897500000000118e-07  1.206930726884049e+00  7.501000000000003e-01  2.965346257784696e-03  4.171016676679384e-01 
 2.898500000000118e-07  1.206930726884026e+00  7.501000000000003e-01  2.965346265876462e-03  4.171016676678083e-01 
 2.899500000000118e-07  1.206930726884003e+00  7.501000000000003e-01  2.965346257790579e-03  4.171016676679383e-01 
 2.900500000000118e-07  1.206930726883981e+00  7.501000000000003e-01  2.965346265870585e-03  4.171016676678085e-01 
 2.901500000000118e-07  1.206930726883959e+00  7.501000000000003e-01  2.965346257796452e-03  4.171016676679378e-01 
 2.902500000000119e-07  1.206930726883938e+00  7.501000000000003e-01  2.965346265864713e-03  4.171016676678082e-01 
 2.903500000000119e-07  1.206930726883916e+00  7.501000000000003e-01  2.965346257802319e-03  4.171016676679379e-01 
 2.904500000000119e-07  1.206930726883895e+00  7.501000000000003e-01  2.965346265858853e-03  4.171016676678084e-01 
 2.905500000000119e-07  1.206930726883874e+00  7.501000000000003e-01  2.965346257808177e-03  4.171016676679374e-01 
 2.906500000000119e-07  1.206930726883853e+00  7.501000000000003e-01  2.965346265853000e-03  4.171016676678084e-01 
 2.907500000000119e-07  1.206930726883833e+00  7.501000000000003e-01  2.965346257814025e-03  4.171016676679372e-01 
 2.908500000000119e-07  1.206930726883813e+00  7.501000000000003e-01  2.965346265847154e-03  4.171016676678083e-01 
 2.909500000000119e-07  1.206930726883793e+00  7.501000000000003e-01  2.965346257819865e-03  4.171016676679368e-01 
 2.910500000000119e-07  1.206930726883773e+00  7.501000000000003e-01  2.965346265841319e-03  4.171016676678084e-01 
 2.911500000000119e-07  1.206930726883753e+00  7.501000000000003e-01  2.965346257825694e-03  4.171016676679369e-01 
 2.912500000000119e-07  1.206930726883733e+00  7.501000000000003e-01  2.965346265835495e-03  4.171016676678080e-01 
 2.913500000000119e-07  1.206930726883714e+00  7.501000000000003e-01  2.965346257831520e-03  4.171016676679363e-01 
 2.914500000000119e-07  1.206930726883695e+00  7.501000000000003e-01  2.965346265829676e-03  4.171016676678077e-01 
 2.915500000000120e-07  1.206930726883676e+00  7.501000000000003e-01  2.965346257837331e-03  4.171016676679364e-01 
 2.916500000000120e-07  1.206930726883657e+00  7.501000000000003e-01  2.965346265823863e-03  4.171016676678079e-01 
 2.917500000000120e-07  1.206930726883638e+00  7.501000000000003e-01  2.965346257843139e-03  4.171016676679358e-01 
 2.918500000000120e-07  1.206930726883620e+00  7.501000000000003e-01  2.965346265818063e-03  4.171016676678081e-01 
 2.919500000000120e-07  1.206930726883602e+00  7.501000000000003e-01  2.965346257848937e-03  4.171016676679358e-01 
 2.920500000000120e-07  1.206930726883584e+00  7.501000000000003e-01  2.965346265812271e-03  4.171016676678082e-01 
 2.921500000000120e-07  1.206930726883566e+00  7.501000000000003e-01  2.965346257854723e-03  4.171016676679355e-01 
 2.922500000000120e-07  1.206930726883548e+00  7.501000000000003e-01  2.965346265806487e-03  4.171016676678078e-01 
 2.923500000000120e-07  1.206930726883531e+00  7.501000000000003e-01  2.965346257860505e-03  4.171016676679351e-01 
 2.924500000000120e-07  1.206930726883514e+00  7.501000000000003e-01  2.965346265800710e-03  4.171016676678077e-01 
 2.925500000000120e-07  1.206930726883496e+00  7.501000000000003e-01  2.965346257866279e-03  4.171016676679349e-01 
 2.926500000000120e-07  1.206930726883479e+00  7.501000000000003e-01  2.965346265794941e-03  4.171016676678080e-01 
 2.927500000000120e-07  1.206930726883463e+00  7.501000000000003e-01  2.965346257872043e-03  4.171016676679345e-01 
 2.928500000000120e-07  1.206930726883446e+00  7.501000000000003e-01  2.965346265789181e-03  4.171016676678079e-01 
 2.929500000000121e-07  1.206930726883430e+00  7.501000000000003e-01  2.965346257877797e-03  4.171016676679345e-01 
 2.930500000000121e-07  1.206930726883414e+00  7.501000000000003e-01  2.965346265783428e-03  4.171016676678077e-01 
 2.931500000000121e-07  1.206930726883398e+00  7.501000000000003e-01  2.965346257883545e-03  4.171016676679343e-01 
 2.932500000000121e-07  1.206930726883382e+00  7.501000000000003e-01  2.965346265777686e-03  4.171016676678076e-01 
 2.933500000000121e-07  1.206930726883366e+00  7.501000000000003e-01  2.965346257889282e-03  4.171016676679343e-01 
 2.934500000000121e-07  1.206930726883350e+00  7.501000000000003e-01  2.965346265771952e-03  4.171016676678078e-01 
 2.935500000000121e-07  1.206930726883334e+00  7.501000000000003e-01  2.965346257895013e-03  4.171016676679343e-01 
 2.936500000000121e-07  1.206930726883319e+00  7.501000000000003e-01  2.965346265766229e-03  4.171016676678077e-01 
 2.937500000000121e-07  1.206930726883304e+00  7.501000000000003e-01  2.965346257900736e-03  4.171016676679340e-01 
 2.938500000000121e-07  1.206930726883288e+00  7.501000000000003e-01  2.965346265760508e-03  4.171016676678075e-01 
 2.939500000000121e-07  1.206930726883273e+00  7.501000000000003e-01  2.965346257906450e-03  4.171016676679338e-01 
 2.940500000000121e-07  1.206930726883258e+00  7.501000000000003e-01  2.965346265754797e-03  4.171016676678075e-01 
 2.941500000000121e-07  1.206930726883244e+00  7.501000000000003e-01  2.965346257912152e-03  4.171016676679335e-01 
 2.942500000000122e-07  1.206930726883229e+00  7.501000000000003e-01  2.965346265749098e-03  4.171016676678077e-01 
 2.943500000000122e-07  1.206930726883215e+00  7.501000000000003e-01  2.965346257917849e-03  4.171016676679332e-01 
 2.944500000000122e-07  1.206930726883201e+00  7.501000000000003e-01  2.965346265743401e-03  4.171016676678076e-01 
 2.945500000000122e-07  1.206930726883187e+00  7.501000000000003e-01  2.965346257923540e-03  4.171016676679329e-01 
 2.946500000000122e-07  1.206930726883173e+00  7.501000000000003e-01  2.965346265737719e-03  4.171016676678077e-01 
 2.947500000000122e-07  1.206930726883159e+00  7.501000000000003e-01  2.965346257929222e-03  4.171016676679326e-01 
 2.948500000000122e-07  1.206930726883146e+00  7.501000000000003e-01  2.965346265732044e-03  4.171016676678072e-01 
 2.949500000000122e-07  1.206930726883132e+00  7.501000000000003e-01  2.965346257934892e-03  4.171016676679326e-01 
 2.950500000000122e-07  1.206930726883119e+00  7.501000000000003e-01  2.965346265726373e-03  4.171016676678078e-01 
 2.951500000000122e-07  1.206930726883106e+00  7.501000000000003e-01  2.965346257940558e-03  4.171016676679324e-01 
 2.952500000000122e-07  1.206930726883092e+00  7.501000000000003e-01  2.965346265720716e-03  4.171016676678076e-01 
 2.953500000000122e-07  1.206930726883079e+00  7.501000000000003e-01  2.965346257946215e-03  4.171016676679323e-01 
 2.954500000000122e-07  1.206930726883066e+00  7.501000000000003e-01  2.965346265715060e-03  4.171016676678079e-01 
 2.955500000000123e-07  1.206930726883053e+00  7.501000000000003e-01  2.965346257951862e-03  4.171016676679322e-01 
 2.956500000000123e-07  1.206930726883041e+00  7.501000000000003e-01  2.965346265709422e-03  4.171016676678075e-01 
 2.957500000000123e-07  1.206930726883028e+00  7.501000000000003e-01  2.965346257957501e-03  4.171016676679318e-01 
 2.958500000000123e-07  1.206930726883015e+00  7.501000000000003e-01  2.965346265703783e-03  4.171016676678076e-01 
 2.959500000000123e-07  1.206930726883003e+00  7.501000000000003e-01  2.965346257963132e-03  4.171016676679318e-01 
 2.960500000000123e-07  1.206930726882991e+00  7.501000000000003e-01  2.965346265698157e-03  4.171016676678079e-01 
 2.961500000000123e-07  1.206930726882979e+00  7.501000000000003e-01  2.965346257968756e-03  4.171016676679316e-01 
 2.962500000000123e-07  1.206930726882967e+00  7.501000000000003e-01  2.965346265692539e-03  4.171016676678077e-01 
 2.963500000000123e-07  1.206930726882955e+00  7.501000000000003e-01  2.965346257974370e-03  4.171016676679312e-01 
 2.964500000000123e-07  1.206930726882944e+00  7.501000000000003e-01  2.965346265686927e-03  4.171016676678078e-01 
 2.965500000000123e-07  1.206930726882933e+00  7.501000000000003e-01  2.965346257979974e-03  4.171016676679312e-01 
 2.966500000000123e-07  1.206930726882921e+00  7.501000000000003e-01  2.965346265681322e-03  4.171016676678077e-01 
 2.967500000000123e-07  1.206930726882910e+00  7.501000000000003e-01  2.965346257985577e-03  4.171016676679309e-01 
 2.968500000000123e-07  1.206930726882899e+00  7.501000000000003e-01  2.965346265675731e-03  4.171016676678075e-01 
 2.969500000000124e-07  1.206930726882888e+00  7.501000000000003e-01  2.965346257991166e-03  4.171016676679307e-01 
 2.970500000000124e-07  1.206930726882877e+00  7.501000000000003e-01  2.965346265670145e-03  4.171016676678079e-01 
 2.971500000000124e-07  1.206930726882866e+00  7.501000000000003e-01  2.965346257996749e-03  4.171016676679308e-01 
 2.972500000000124e-07  1.206930726882855e+00  7.501000000000003e-01  2.965346265664564e-03  4.171016676678079e-01 
 2.973500000000124e-07  1.206930726882844e+00  7.501000000000003e-01  2.965346258002325e-03  4.171016676679306e-01 
 2.974500000000124e-07  1.206930726882833e+00  7.501000000000003e-01  2.965346265658994e-03  4.171016676678075e-01 
 2.975500000000124e-07  1.206930726882823e+00  7.501000000000003e-01  2.965346258007889e-03  4.171016676679302e-01 
 2.976500000000124e-07  1.206930726882812e+00  7.501000000000003e-01  2.965346265653429e-03  4.171016676678075e-01 
 2.977500000000124e-07  1.206930726882802e+00  7.501000000000003e-01  2.965346258013446e-03  4.171016676679301e-01 
 2.978500000000124e-07  1.206930726882791e+00  7.501000000000003e-01  2.965346265647878e-03  4.171016676678075e-01 
 2.979500000000124e-07  1.206930726882781e+00  7.501000000000003e-01  2.965346258018997e-03  4.171016676679303e-01 
 2.980500000000124e-07  1.206930726882771e+00  7.501000000000003e-01  2.965346265642331e-03  4.171016676678074e-01 
 2.981500000000124e-07  1.206930726882762e+00  7.501000000000003e-01  2.965346258024536e-03  4.171016676679297e-01 
 2.982500000000125e-07  1.206930726882752e+00  7.501000000000003e-01  2.965346265636792e-03  4.171016676678078e-01 
 2.983500000000125e-07  1.206930726882743e+00  7.501000000000003e-01  2.965346258030075e-03  4.171016676679298e-01 
 2.984500000000125e-07  1.206930726882733e+00  7.501000000000003e-01  2.965346265631268e-03  4.171016676678080e-01 
 2.985500000000125e-07  1.206930726882724e+00  7.501000000000003e-01  2.965346258035600e-03  4.171016676679296e-01 
 2.986500000000125e-07  1.206930726882715e+00  7.501000000000003e-01  2.965346265625742e-03  4.171016676678080e-01 
 2.987500000000125e-07  1.206930726882705e+00  7.501000000000003e-01  2.965346258041117e-03  4.171016676679294e-01 
 2.988500000000125e-07  1.206930726882696e+00  7.501000000000003e-01  2.965346265620227e-03  4.171016676678078e-01 
 2.989500000000125e-07  1.206930726882687e+00  7.501000000000003e-01  2.965346258046624e-03  4.171016676679293e-01 
 2.990500000000125e-07  1.206930726882679e+00  7.501000000000003e-01  2.965346265614724e-03  4.171016676678079e-01 
 2.991500000000125e-07  1.206930726882670e+00  7.501000000000003e-01  2.965346258052127e-03  4.171016676679293e-01 
 2.992500000000125e-07  1.206930726882661e+00  7.501000000000003e-01  2.965346265609224e-03  4.171016676678079e-01 
 2.993500000000125e-07  1.206930726882653e+00  7.501000000000003e-01  2.965346258057621e-03  4.171016676679289e-01 
 2.994500000000125e-07  1.206930726882644e+00  7.501000000000003e-01  2.965346265603734e-03  4.171016676678082e-01 
 2.995500000000126e-07  1.206930726882636e+00  7.501000000000003e-01  2.965346258063107e-03  4.171016676679287e-01 
 2.996500000000126e-07  1.206930726882627e+00  7.501000000000003e-01  2.965346265598254e-03  4.171016676678077e-01 
 2.997500000000126e-07  1.206930726882619e+00  7.501000000000003e-01  2.965346258068584e-03  4.171016676679288e-01 
 2.998500000000126e-07  1.206930726882610e+00  7.501000000000003e-01  2.965346265592781e-03  4.171016676678079e-01 
 2.999500000000126e-07  1.206930726882602e+00  7.501000000000003e-01  2.965346258074055e-03  4.171016676679284e-01 
 3.000500000000126e-07  1.206930726882594e+00  7.501000000000003e-01  2.965346265587314e-03  4.171016676678079e-01 
 3.001500000000126e-07  1.206930726882586e+00  7.501000000000003e-01  2.965346258079516e-03  4.171016676679283e-01 
 3.002000000000002e-07  1.206930726882582e+00  7.501000000000003e-01  2.965346265579130e-03  4.171016676678080e-01 
 3.002100000000002e-07  1.206930743319322e+00  7.500950000000003e-01  2.965240049223329e-03  4.171050944171547e-01 
 3.002300000000002e-07  1.206930814380922e+00  7.500850000000002e-01  2.965045488603297e-03  4.171130631476792e-01 
 3.002700000000002e-07  1.206931188765393e+00  7.500650000000002e-01  2.964656513955020e-03  4.171293768119838e-01 
 3.003500000000002e-07  1.206932862916318e+00  7.500250000000002e-01  2.963878514517226e-03  4.171616864698874e-01 
 3.004000000000002e-07  1.206934532751528e+00  7.500000000000001e-01  2.963392381125515e-03  4.171820386057420e-01 
 3.004100000000002e-07  1.206934917135660e+00  7.500000000000001e-01  2.963401311853360e-03  4.171826243015828e-01 
 3.004300000000003e-07  1.206935685731310e+00  7.500000000000001e-01  2.963401355893549e-03  4.171827512392857e-01 
 3.004700000000003e-07  1.206937218520773e+00  7.500000000000001e-01  2.963401315241521e-03  4.171826534881056e-01 
 3.005500000000002e-07  1.206940265611086e+00  7.500000000000001e-01  2.963401356486765e-03  4.171827588129045e-01 
 3.006500000000002e-07  1.206944040487214e+00  7.500000000000001e-01  2.963401317804078e-03  4.171826830132876e-01 
 3.007500000000003e-07  1.206947777708474e+00  7.500000000000001e-01  2.963401358422803e-03  4.171827817453965e-01 
 3.008500000000003e-07  1.206951477843191e+00  7.500000000000001e-01  2.963401320469428e-03  4.171827137877431e-01 
 3.009500000000003e-07  1.206955141075627e+00  7.500000000000001e-01  2.963401360345700e-03  4.171828045182217e-01 
 3.010500000000003e-07  1.206958767949047e+00  7.500000000000001e-01  2.963401323058002e-03  4.171827436720608e-01 
 3.011500000000003e-07  1.206962358657230e+00  7.500000000000001e-01  2.963401362253393e-03  4.171828271079357e-01 
 3.012500000000003e-07  1.206965913720132e+00  7.500000000000001e-01  2.963401325573533e-03  4.171827727093606e-01 
 3.013500000000003e-07  1.206969433339668e+00  7.500000000000001e-01  2.963401364144080e-03  4.171828494938711e-01 
 3.014500000000003e-07  1.206972918014081e+00  7.500000000000001e-01  2.963401328019484e-03  4.171828009395780e-01 
 3.015500000000003e-07  1.206976367952176e+00  7.500000000000001e-01  2.963401366016168e-03  4.171828716579742e-01 
 3.016500000000003e-07  1.206979783631950e+00  7.500000000000001e-01  2.963401330399060e-03  4.171828283997558e-01 
 3.017500000000003e-07  1.206983165267974e+00  7.500000000000001e-01  2.963401367868281e-03  4.171828935845521e-01 
 3.018500000000003e-07  1.206986513319342e+00  7.500000000000001e-01  2.963401332715247e-03  4.171828551242932e-01 
 3.019500000000003e-07  1.206989828005376e+00  7.500000000000001e-01  2.963401369699224e-03  4.171829152600456e-01 
 3.020500000000004e-07  1.206993109767498e+00  7.500000000000001e-01  2.963401334970816e-03  4.171828811451689e-01 
 3.021500000000004e-07  1.206996358828872e+00  7.500000000000001e-01  2.963401371507974e-03  4.171829366728196e-01 
 3.022500000000004e-07  1.206999575614378e+00  7.500000000000001e-01  2.963401337168339e-03  4.171829064921513e-01 
 3.023500000000004e-07  1.207002760350201e+00  7.500000000000001e-01  2.963401373293659e-03  4.171829578129772e-01 
 3.024500000000004e-07  1.207005913445714e+00  7.500000000000001e-01  2.963401339310220e-03  4.171829311929797e-01 
 3.025500000000004e-07  1.207009035129391e+00  7.500000000000001e-01  2.963401375055540e-03  4.171829786721853e-01 
 3.026500000000004e-07  1.207012125796046e+00  7.500000000000001e-01  2.963401341398698e-03  4.171829552735407e-01 
 3.027500000000004e-07  1.207015185675784e+00  7.500000000000001e-01  2.963401376793004e-03  4.171829992435244e-01 
 3.028500000000004e-07  1.207018215149734e+00  7.500000000000001e-01  2.963401343435867e-03  4.171829787580188e-01 
 3.029500000000004e-07  1.207021214449039e+00  7.500000000000001e-01  2.963401378505539e-03  4.171830195213412e-01 
 3.030500000000004e-07  1.207024183941948e+00  7.500000000000001e-01  2.963401345423685e-03  4.171830016690404e-01 
 3.031500000000004e-07  1.207027123860116e+00  7.500000000000001e-01  2.963401380192757e-03  4.171830395011267e-01 
 3.032500000000004e-07  1.207030034559650e+00  7.500000000000001e-01  2.963401347363984e-03  4.171830240278020e-01 
 3.033500000000004e-07  1.207032916272243e+00  7.500000000000001e-01  2.963401381854326e-03  4.171830591793962e-01 
 3.034500000000005e-07  1.207035769342540e+00  7.500000000000001e-01  2.963401349258480e-03  4.171830458541871e-01 
 3.035500000000005e-07  1.207038594001854e+00  7.500000000000001e-01  2.963401383490023e-03  4.171830785535860e-01 
 3.036500000000005e-07  1.207041390583998e+00  7.500000000000001e-01  2.963401351108791e-03  4.171830671668736e-01 
 3.037500000000005e-07  1.207044159319526e+00  7.500000000000001e-01  2.963401385099686e-03  4.171830976219569e-01 
 3.038500000000005e-07  1.207046900531996e+00  7.500000000000001e-01  2.963401352916434e-03  4.171830879834315e-01 
 3.039500000000005e-07  1.207049614450876e+00  7.500000000000001e-01  2.963401386683211e-03  4.171831163835088e-01 
 3.040500000000005e-07  1.207052301390002e+00  7.500000000000001e-01  2.963401354682839e-03  4.171831083204116e-01 
 3.041500000000005e-07  1.207054961577459e+00  7.500000000000001e-01  2.963401388240561e-03  4.171831348379009e-01 
 3.042500000000005e-07  1.207057595317855e+00  7.500000000000001e-01  2.963401356409353e-03  4.171831281934273e-01 
 3.043500000000005e-07  1.207060202837635e+00  7.500000000000001e-01  2.963401389771743e-03  4.171831529853811e-01 
 3.044500000000005e-07  1.207062784432634e+00  7.500000000000001e-01  2.963401358097249e-03  4.171831476172266e-01 
 3.045500000000005e-07  1.207065340327430e+00  7.500000000000001e-01  2.963401391276827e-03  4.171831708267219e-01 
 3.046500000000005e-07  1.207067870809505e+00  7.500000000000001e-01  2.963401359747734e-03  4.171831666057618e-01 
 3.047500000000006e-07  1.207070376101369e+00  7.500000000000001e-01  2.963401392755897e-03  4.171831883631616e-01 
 3.048500000000006e-07  1.207072856482546e+00  7.500000000000001e-01  2.963401361361941e-03  4.171831851722493e-01 
 3.049500000000006e-07  1.207075312173301e+00  7.500000000000001e-01  2.963401394209094e-03  4.171832055963522e-01 
 3.050500000000006e-07  1.207077743445563e+00  7.500000000000001e-01  2.963401362940963e-03  4.171832033292278e-01 
 3.051500000000006e-07  1.207080150517201e+00  7.500000000000001e-01  2.963401395636577e-03  4.171832225283092e-01 
 3.052500000000006e-07  1.207082533652888e+00  7.500000000000001e-01  2.963401364485814e-03  4.171832210886071e-01 
 3.053500000000006e-07  1.207084893067966e+00  7.500000000000001e-01  2.963401397038551e-03  4.171832391613715e-01 
 3.054500000000006e-07  1.207087229020161e+00  7.500000000000001e-01  2.963401365997482e-03  4.171832384617170e-01 
 3.055500000000006e-07  1.207089541722178e+00  7.500000000000001e-01  2.963401398415226e-03  4.171832554981603e-01 
 3.056500000000006e-07  1.207091831425092e+00  7.500000000000001e-01  2.963401367476891e-03  4.171832554593488e-01 
 3.057500000000006e-07  1.207094098338874e+00  7.500000000000001e-01  2.963401399766848e-03  4.171832715415437e-01 
 3.058500000000006e-07  1.207096342708219e+00  7.500000000000001e-01  2.963401368924929e-03  4.171832720917953e-01 
 3.059500000000006e-07  1.207098564740283e+00  7.500000000000001e-01  2.963401401093671e-03  4.171832872946046e-01 
 3.060500000000007e-07  1.207100764673636e+00  7.500000000000001e-01  2.963401370342444e-03  4.171832883688865e-01 
 3.061500000000007e-07  1.207102942712554e+00  7.500000000000001e-01  2.963401402395975e-03  4.171833027606132e-01 
 3.062500000000007e-07  1.207105099089720e+00  7.500000000000001e-01  2.963401371730243e-03  4.171833043000206e-01 
 3.063500000000007e-07  1.207107234006475e+00  7.500000000000001e-01  2.963401403674043e-03  4.171833179429988e-01 
 3.064500000000007e-07  1.207109347689836e+00  7.500000000000001e-01  2.963401373089104e-03  4.171833198941971e-01 
 3.065500000000007e-07  1.207111440338169e+00  7.500000000000001e-01  2.963401404928195e-03  4.171833328453281e-01 
 3.066500000000007e-07  1.207113512173031e+00  7.500000000000001e-01  2.963401374419763e-03  4.171833351600411e-01 
 3.067500000000007e-07  1.207115563389781e+00  7.500000000000001e-01  2.963401406158725e-03  4.171833474712824e-01 
 3.068500000000007e-07  1.207117594204713e+00  7.500000000000001e-01  2.963401375722939e-03  4.171833501058304e-01 
 3.069500000000007e-07  1.207119604810153e+00  7.500000000000001e-01  2.963401407365959e-03  4.171833618246396e-01 
 3.070500000000007e-07  1.207121595417318e+00  7.500000000000001e-01  2.963401376999316e-03  4.171833647395171e-01 
 3.071500000000007e-07  1.207123566215483e+00  7.500000000000001e-01  2.963401408550226e-03  4.171833759092561e-01 
 3.072500000000007e-07  1.207125517410960e+00  7.500000000000001e-01  2.963401378249547e-03  4.171833790687488e-01 
 3.073500000000008e-07  1.207127449189968e+00  7.500000000000001e-01  2.963401409711858e-03  4.171833897290523e-01 
 3.074500000000008e-07  1.207129361754075e+00  7.500000000000001e-01  2.963401379474265e-03  4.171833931008905e-01 
 3.075500000000008e-07  1.207131255286440e+00  7.500000000000001e-01  2.963401410851196e-03  4.171834032879971e-01 
 3.076500000000008e-07  1.207133129984044e+00  7.500000000000001e-01  2.963401380674090e-03  4.171834068430382e-01 
 3.077500000000008e-07  1.207134986026989e+00  7.500000000000001e-01  2.963401411968581e-03  4.171834165900979e-01 
 3.078500000000008e-07  1.207136823607812e+00  7.500000000000001e-01  2.963401381849596e-03  4.171834203020378e-01 
 3.079500000000008e-07  1.207138642903568e+00  7.500000000000001e-01  2.963401413064354e-03  4.171834296393858e-01 
 3.080500000000008e-07  1.207140444102487e+00  7.500000000000001e-01  2.963401383001365e-03  4.171834334844995e-01 
 3.081500000000008e-07  1.207142227378590e+00  7.500000000000001e-01  2.963401414138859e-03  4.171834424399097e-01 
 3.082500000000008e-07  1.207143992915931e+00  7.500000000000001e-01  2.963401384129935e-03  4.171834463968120e-01 
 3.083500000000008e-07  1.207145740885517e+00  7.500000000000001e-01  2.963401415192448e-03  4.171834549957235e-01 
 3.084500000000008e-07  1.207147471467344e+00  7.500000000000001e-01  2.963401385235846e-03  4.171834590451535e-01 
 3.085500000000008e-07  1.207149184829426e+00  7.500000000000001e-01  2.963401416225460e-03  4.171834673108809e-01 
 3.086500000000008e-07  1.207150881147824e+00  7.500000000000001e-01  2.963401386319604e-03  4.171834714355058e-01 
 3.087500000000009e-07  1.207152560587578e+00  7.500000000000001e-01  2.963401417238240e-03  4.171834793894270e-01 
 3.088500000000009e-07  1.207154223320928e+00  7.500000000000001e-01  2.963401387381709e-03  4.171834835736635e-01 
 3.089500000000009e-07  1.207155869509967e+00  7.500000000000001e-01  2.963401418231141e-03  4.171834912353916e-01 
 3.090500000000009e-07  1.207157499323217e+00  7.500000000000001e-01  2.963401388422649e-03  4.171834954652431e-01 
 3.091500000000009e-07  1.207159112919855e+00  7.500000000000001e-01  2.963401419204498e-03  4.171835028527846e-01 
 3.092500000000009e-07  1.207160710464788e+00  7.500000000000001e-01  2.963401389442883e-03  4.171835071156954e-01 
 3.093500000000009e-07  1.207162292114309e+00  7.500000000000001e-01  2.963401420158650e-03  4.171835142455900e-01 
 3.094500000000009e-07  1.207163858029804e+00  7.500000000000001e-01  2.963401390442871e-03  4.171835185303089e-01 
 3.095500000000009e-07  1.207165408364714e+00  7.500000000000001e-01  2.963401421093943e-03  4.171835254177627e-01 
 3.096500000000009e-07  1.207166943276998e+00  7.500000000000001e-01  2.963401391423051e-03  4.171835297142235e-01 
 3.097500000000009e-07  1.207168462917282e+00  7.500000000000001e-01  2.963401422010705e-03  4.171835363732235e-01 
 3.098500000000009e-07  1.207169967440187e+00  7.500000000000001e-01  2.963401392383858e-03  4.171835406724329e-01 
 3.099500000000009e-07  1.207171456993555e+00  7.500000000000001e-01  2.963401422909272e-03  4.171835471158561e-01 
 3.100500000000010e-07  1.207172931728756e+00  7.500000000000001e-01  2.963401393325700e-03  4.171835514097941e-01 
 3.101500000000010e-07  1.207174391790886e+00  7.500000000000001e-01  2.963401423789971e-03  4.171835576495042e-01 
 3.102500000000010e-07  1.207175837328145e+00  7.500000000000001e-01  2.963401394248988e-03  4.171835619310322e-01 
 3.103500000000010e-07  1.207177268482924e+00  7.500000000000001e-01  2.963401424653125e-03  4.171835679779697e-01 
 3.104500000000010e-07  1.207178685400328e+00  7.500000000000001e-01  2.963401395154115e-03  4.171835722407465e-01 
 3.105500000000010e-07  1.207180088220081e+00  7.500000000000001e-01  2.963401425499055e-03  4.171835781050085e-01 
 3.106500000000010e-07  1.207181477084271e+00  7.500000000000001e-01  2.963401396041463e-03  4.171835823434176e-01 
 3.107500000000010e-07  1.207182852129991e+00  7.500000000000001e-01  2.963401426328084e-03  4.171835880343312e-01 
 3.108500000000010e-07  1.207184213496388e+00  7.500000000000001e-01  2.963401396911414e-03  4.171835922434093e-01 
 3.109500000000010e-07  1.207185561317964e+00  7.500000000000001e-01  2.963401427140524e-03  4.171835977695990e-01 
 3.110500000000010e-07  1.207186895730993e+00  7.500000000000001e-01  2.963401397764327e-03  4.171836019449757e-01 
 3.111500000000010e-07  1.207188216867426e+00  7.500000000000001e-01  2.963401427936679e-03  4.171836073144241e-01 
 3.112500000000010e-07  1.207189524860731e+00  7.500000000000001e-01  2.963401398600557e-03  4.171836114522647e-01 
 3.113500000000011e-07  1.207190819840351e+00  7.500000000000001e-01  2.963401428716858e-03  4.171836166723684e-01 
 3.114500000000011e-07  1.207192101937012e+00  7.500000000000001e-01  2.963401399420453e-03  4.171836207693220e-01 
 3.115500000000011e-07  1.207193371277690e+00  7.500000000000001e-01  2.963401429481360e-03  4.171836258469414e-01 
 3.116500000000011e-07  1.207194627990430e+00  7.500000000000001e-01  2.963401400224354e-03  4.171836299000958e-01 
 3.117500000000011e-07  1.207195872199781e+00  7.500000000000001e-01  2.963401430230482e-03  4.171836348416004e-01 
 3.118500000000011e-07  1.207197104031172e+00  7.500000000000001e-01  2.963401401012593e-03  4.171836388484385e-01 
 3.119500000000011e-07  1.207198323606763e+00  7.500000000000001e-01  2.963401430964509e-03  4.171836436597517e-01 
 3.120500000000011e-07  1.207199531049427e+00  7.500000000000001e-01  2.963401401785489e-03  4.171836476181119e-01 
 3.121500000000011e-07  1.207200726478974e+00  7.500000000000001e-01  2.963401431683741e-03  4.171836523047458e-01 
 3.122500000000011e-07  1.207201910015778e+00  7.500000000000001e-01  2.963401402543352e-03  4.171836562127903e-01 
 3.123500000000011e-07  1.207203081777341e+00  7.500000000000001e-01  2.963401432388450e-03  4.171836607798817e-01 
 3.124500000000011e-07  1.207204241881591e+00  7.500000000000001e-01  2.963401403286501e-03  4.171836646360622e-01 
 3.125500000000011e-07  1.207205390443764e+00  7.500000000000001e-01  2.963401433078917e-03  4.171836690884037e-01 
 3.126500000000011e-07  1.207206527579398e+00  7.500000000000001e-01  2.963401404015228e-03  4.171836728914333e-01 
 3.127500000000012e-07  1.207207653401499e+00  7.500000000000001e-01  2.963401433755414e-03  4.171836772335040e-01 
 3.128500000000012e-07  1.207208768023267e+00  7.500000000000001e-01  2.963401404729834e-03  4.171836809823312e-01 
 3.129500000000012e-07  1.207209871555520e+00  7.500000000000001e-01  2.963401434418207e-03  4.171836852183196e-01 
 3.130500000000012e-07  1.207210964109170e+00  7.500000000000001e-01  2.963401405430597e-03  4.171836889121050e-01 
 3.131500000000012e-07  1.207212045792884e+00  7.500000000000001e-01  2.963401435067570e-03  4.171836930459356e-01 
 3.132500000000012e-07  1.207213116715338e+00  7.500000000000001e-01  2.963401406117808e-03  4.171836966840295e-01 
 3.133500000000012e-07  1.207214176983086e+00  7.500000000000001e-01  2.963401435703750e-03  4.171837007193832e-01 
 3.134500000000012e-07  1.207215226702615e+00  7.500000000000001e-01  2.963401406791731e-03  4.171837043013068e-01 
 3.135500000000012e-07  1.207216265978405e+00  7.500000000000001e-01  2.963401436327011e-03  4.171837082416419e-01 
 3.136500000000012e-07  1.207217294914801e+00  7.500000000000001e-01  2.963401407452646e-03  4.171837117670693e-01 
 3.137500000000012e-07  1.207218313614248e+00  7.500000000000001e-01  2.963401436937606e-03  4.171837156156379e-01 
 3.138500000000012e-07  1.207219322178992e+00  7.500000000000001e-01  2.963401408100807e-03  4.171837190843801e-01 
 3.139500000000012e-07  1.207220320709480e+00  7.500000000000001e-01  2.963401437535768e-03  4.171837228442465e-01 
 3.140500000000013e-07  1.207221309305906e+00  7.500000000000001e-01  2.963401408736469e-03  4.171837262562366e-01 
 3.141500000000013e-07  1.207222288066754e+00  7.500000000000001e-01  2.963401438121749e-03  4.171837299302901e-01 
 3.142500000000013e-07  1.207223257090209e+00  7.500000000000001e-01  2.963401409359895e-03  4.171837332855707e-01 
 3.143500000000013e-07  1.207224216472830e+00  7.500000000000001e-01  2.963401438695786e-03  4.171837368765420e-01 
 3.144500000000013e-07  1.207225166310835e+00  7.500000000000001e-01  2.963401409971319e-03  4.171837401752526e-01 
 3.145500000000013e-07  1.207226106698894e+00  7.500000000000001e-01  2.963401439258107e-03  4.171837436857232e-01 
 3.146500000000013e-07  1.207227037731297e+00  7.500000000000001e-01  2.963401410570988e-03  4.171837469280907e-01 
 3.147500000000013e-07  1.207227959500862e+00  7.500000000000001e-01  2.963401439808941e-03  4.171837503605073e-01 
 3.148500000000013e-07  1.207228872099992e+00  7.500000000000001e-01  2.963401411159135e-03  4.171837535468337e-01 
 3.149500000000013e-07  1.207229775619685e+00  7.500000000000001e-01  2.963401440348525e-03  4.171837569035164e-01 
 3.150500000000013e-07  1.207230670150497e+00  7.500000000000001e-01  2.963401411735996e-03  4.171837600341727e-01 
 3.151500000000013e-07  1.207231555781642e+00  7.500000000000001e-01  2.963401440877065e-03  4.171837633173257e-01 
 3.152500000000013e-07  1.207232432601867e+00  7.500000000000001e-01  2.963401412301787e-03  4.171837663927422e-01 
 3.153500000000014e-07  1.207233300698634e+00  7.500000000000001e-01  2.963401441394783e-03  4.171837696044623e-01 
 3.154500000000014e-07  1.207234160158918e+00  7.500000000000001e-01  2.963401412856742e-03  4.171837726251214e-01 
 3.155500000000014e-07  1.207235011068466e+00  7.500000000000001e-01  2.963401441901888e-03  4.171837757674051e-01 
 3.156500000000014e-07  1.207235853512516e+00  7.500000000000001e-01  2.963401413401063e-03  4.171837787338355e-01 
 3.157500000000014e-07  1.207236687575130e+00  7.500000000000001e-01  2.963401442398599e-03  4.171837818085876e-01 
 3.158500000000014e-07  1.207237513339846e+00  7.500000000000001e-01  2.963401413934977e-03  4.171837847213576e-01 
 3.159500000000014e-07  1.207238330889072e+00  7.500000000000001e-01  2.963401442885104e-03  4.171837877303970e-01 
 3.160500000000014e-07  1.207239140304684e+00  7.500000000000001e-01  2.963401414458677e-03  4.171837905901099e-01 
 3.161500000000014e-07  1.207239941667468e+00  7.500000000000001e-01  2.963401443361620e-03  4.171837935351754e-01 
 3.162500000000014e-07  1.207240735057668e+00  7.500000000000001e-01  2.963401414972376e-03  4.171837963424641e-01 
 3.163500000000014e-07  1.207241520554480e+00  7.500000000000001e-01  2.963401443828333e-03  4.171837992252205e-01 
 3.164500000000014e-07  1.207242298236552e+00  7.500000000000001e-01  2.963401415476271e-03  4.171838019807431e-01 
 3.165500000000014e-07  1.207243068181519e+00  7.500000000000001e-01  2.963401444285438e-03  4.171838048027865e-01 
 3.166500000000014e-07  1.207243830466462e+00  7.500000000000001e-01  2.963401415970554e-03  4.171838075072221e-01 
 3.167500000000015e-07  1.207244585167490e+00  7.500000000000001e-01  2.963401444733128e-03  4.171838102700840e-01 
 3.168500000000015e-07  1.207245332360150e+00  7.500000000000001e-01  2.963401416455418e-03  4.171838129241309e-01 
 3.169500000000015e-07  1.207246072119049e+00  7.500000000000001e-01  2.963401445171582e-03  4.171838156292815e-01 
 3.170500000000015e-07  1.207246804518234e+00  7.500000000000001e-01  2.963401416931060e-03  4.171838182336511e-01 
 3.171500000000015e-07  1.207247529630841e+00  7.500000000000001e-01  2.963401445600991e-03  4.171838208825062e-01 
 3.172500000000015e-07  1.207248247529442e+00  7.500000000000001e-01  2.963401417397644e-03  4.171838234379229e-01 
 3.173500000000015e-07  1.207248958285734e+00  7.500000000000001e-01  2.963401446021527e-03  4.171838260318446e-01 
 3.174500000000015e-07  1.207249661970846e+00  7.500000000000001e-01  2.963401417855361e-03  4.171838285390409e-01 
 3.175500000000015e-07  1.207250358655060e+00  7.500000000000001e-01  2.963401446433366e-03  4.171838310793417e-01 
 3.176500000000015e-07  1.207251048408091e+00  7.500000000000001e-01  2.963401418304388e-03  4.171838335390582e-01 
 3.177500000000015e-07  1.207251731298835e+00  7.500000000000001e-01  2.963401446836684e-03  4.171838360270048e-01 
 3.178500000000015e-07  1.207252407395625e+00  7.500000000000001e-01  2.963401418744892e-03  4.171838384399861e-01 
 3.179500000000015e-07  1.207253076765993e+00  7.500000000000001e-01  2.963401447231646e-03  4.171838408768003e-01 
 3.180500000000016e-07  1.207253739476916e+00  7.500000000000001e-01  2.963401419177048e-03  4.171838432437946e-01 
 3.181500000000016e-07  1.207254395594596e+00  7.500000000000001e-01  2.963401447618418e-03  4.171838456306586e-01 
 3.182500000000016e-07  1.207255045184676e+00  7.500000000000001e-01  2.963401419601018e-03  4.171838479524148e-01 
 3.183500000000016e-07  1.207255688312053e+00  7.500000000000001e-01  2.963401447997164e-03  4.171838502904714e-01 
 3.184500000000016e-07  1.207256325041066e+00  7.500000000000001e-01  2.963401420016957e-03  4.171838525677387e-01 
 3.185500000000016e-07  1.207256955435331e+00  7.500000000000001e-01  2.963401448368034e-03  4.171838548580936e-01 
 3.186500000000016e-07  1.207257579557912e+00  7.500000000000001e-01  2.963401420425039e-03  4.171838570916194e-01 
 3.187500000000016e-07  1.207258197471166e+00  7.500000000000001e-01  2.963401448731197e-03  4.171838593353449e-01 
 3.188500000000016e-07  1.207258809236905e+00  7.500000000000001e-01  2.963401420825411e-03  4.171838615258733e-01 
 3.189500000000016e-07  1.207259414916254e+00  7.500000000000001e-01  2.963401449086800e-03  4.171838637240080e-01 
 3.190500000000016e-07  1.207260014569801e+00  7.500000000000001e-01  2.963401421218223e-03  4.171838658722805e-01 
 3.191500000000016e-07  1.207260608257462e+00  7.500000000000001e-01  2.963401449434989e-03  4.171838680258330e-01 
 3.192500000000016e-07  1.207261196038624e+00  7.500000000000001e-01  2.963401421603627e-03  4.171838701325855e-01 
 3.193500000000017e-07  1.207261777972018e+00  7.500000000000001e-01  2.963401449775914e-03  4.171838722425329e-01 
 3.194500000000017e-07  1.207262354115852e+00  7.500000000000001e-01  2.963401421981776e-03  4.171838743084967e-01 
 3.195500000000017e-07  1.207262924527699e+00  7.500000000000001e-01  2.963401450109721e-03  4.171838763757900e-01 
 3.196500000000017e-07  1.207263489264611e+00  7.500000000000001e-01  2.963401422352806e-03  4.171838784016896e-01 
 3.197500000000017e-07  1.207264048383022e+00  7.500000000000001e-01  2.963401450436552e-03  4.171838804272522e-01 
 3.198500000000017e-07  1.207264601938853e+00  7.500000000000001e-01  2.963401422716857e-03  4.171838824138051e-01 
 3.199500000000017e-07  1.207265149987424e+00  7.500000000000001e-01  2.963401450756538e-03  4.171838843985357e-01 
 3.200500000000017e-07  1.207265692583547e+00  7.500000000000001e-01  2.963401423074072e-03  4.171838863464525e-01 
 3.201500000000017e-07  1.207266229781446e+00  7.500000000000001e-01  2.963401451069822e-03  4.171838882912242e-01 
 3.202500000000017e-07  1.207266761634849e+00  7.500000000000001e-01  2.963401423424584e-03  4.171838902012078e-01 
 3.203500000000017e-07  1.207267288196908e+00  7.500000000000001e-01  2.963401451376536e-03  4.171838921068713e-01 
 3.204500000000017e-07  1.207267809520282e+00  7.500000000000001e-01  2.963401423768521e-03  4.171838939796158e-01 
 3.205500000000017e-07  1.207268325657075e+00  7.500000000000001e-01  2.963401451676805e-03  4.171838958470001e-01 
 3.206500000000017e-07  1.207268836658902e+00  7.500000000000001e-01  2.963401424106021e-03  4.171838976831913e-01 
 3.207500000000018e-07  1.207269342576836e+00  7.500000000000001e-01  2.963401451970763e-03  4.171838995131024e-01 
 3.208500000000018e-07  1.207269843461472e+00  7.500000000000001e-01  2.963401424437201e-03  4.171839013134171e-01 
 3.209500000000018e-07  1.207270339362869e+00  7.500000000000001e-01  2.963401452258534e-03  4.171839031066419e-01 
 3.210500000000018e-07  1.207270830330619e+00  7.500000000000001e-01  2.963401424762202e-03  4.171839048717476e-01 
 3.211500000000018e-07  1.207271316413793e+00  7.500000000000001e-01  2.963401452540237e-03  4.171839066290539e-01 
 3.212500000000018e-07  1.207271797660999e+00  7.500000000000001e-01  2.963401425081130e-03  4.171839083596092e-01 
 3.213500000000018e-07  1.207272274120338e+00  7.500000000000001e-01  2.963401452815997e-03  4.171839100817446e-01 
 3.214500000000018e-07  1.207272745839456e+00  7.500000000000001e-01  2.963401425394111e-03  4.171839117783985e-01 
 3.215500000000018e-07  1.207273212865501e+00  7.500000000000001e-01  2.963401453085930e-03  4.171839134660925e-01 
 3.216500000000018e-07  1.207273675245174e+00  7.500000000000001e-01  2.963401425701260e-03  4.171839151294836e-01 
 3.217500000000018e-07  1.207274133024691e+00  7.500000000000001e-01  2.963401453350153e-03  4.171839167834491e-01 
 3.218500000000018e-07  1.207274586249828e+00  7.500000000000001e-01  2.963401426002695e-03  4.171839184142074e-01 
 3.219500000000018e-07  1.207275034965887e+00  7.500000000000001e-01  2.963401453608779e-03  4.171839200351398e-01 
 3.220500000000019e-07  1.207275479217738e+00  7.500000000000001e-01  2.963401426298529e-03  4.171839216338847e-01 
 3.221500000000019e-07  1.207275919049784e+00  7.500000000000001e-01  2.963401453861916e-03  4.171839232224633e-01 
 3.222500000000019e-07  1.207276354506007e+00  7.500000000000001e-01  2.963401426588870e-03  4.171839247898045e-01 
 3.223500000000019e-07  1.207276785629934e+00  7.500000000000001e-01  2.963401454109680e-03  4.171839263466930e-01 
 3.224500000000019e-07  1.207277212464672e+00  7.500000000000001e-01  2.963401426873828e-03  4.171839278832304e-01 
 3.225500000000019e-07  1.207277635052887e+00  7.500000000000001e-01  2.963401454352174e-03  4.171839294090773e-01 
 3.226500000000019e-07  1.207278053436834e+00  7.500000000000001e-01  2.963401427153510e-03  4.171839309154003e-01 
 3.227500000000019e-07  1.207278467658335e+00  7.500000000000001e-01  2.963401454589499e-03  4.171839324108389e-01 
 3.228500000000019e-07  1.207278877758807e+00  7.500000000000001e-01  2.963401427428018e-03  4.171839338875283e-01 
 3.229500000000019e-07  1.207279283779244e+00  7.500000000000001e-01  2.963401454821767e-03  4.171839353531782e-01 
 3.230500000000019e-07  1.207279685760242e+00  7.500000000000001e-01  2.963401427697451e-03  4.171839368008041e-01 
 3.231500000000019e-07  1.207280083741986e+00  7.500000000000001e-01  2.963401455049069e-03  4.171839382372700e-01 
 3.232500000000019e-07  1.207280477764268e+00  7.500000000000001e-01  2.963401427961918e-03  4.171839396563925e-01 
 3.233500000000020e-07  1.207280867866475e+00  7.500000000000001e-01  2.963401455271506e-03  4.171839410642676e-01 
 3.234500000000020e-07  1.207281254087611e+00  7.500000000000001e-01  2.963401428221506e-03  4.171839424554374e-01 
 3.235500000000020e-07  1.207281636466286e+00  7.500000000000001e-01  2.963401455489185e-03  4.171839438353000e-01 
 3.236500000000020e-07  1.207282015040730e+00  7.500000000000001e-01  2.963401428476321e-03  4.171839451990588e-01 
 3.237500000000020e-07  1.207282389848788e+00  7.500000000000001e-01  2.963401455702184e-03  4.171839465514757e-01 
 3.238500000000020e-07  1.207282760927935e+00  7.500000000000001e-01  2.963401428726450e-03  4.171839478883544e-01 
 3.239500000000020e-07  1.207283128315265e+00  7.500000000000001e-01  2.963401455910605e-03  4.171839492138794e-01 
 3.240500000000020e-07  1.207283492047512e+00  7.500000000000001e-01  2.963401428971989e-03  4.171839505244000e-01 
 3.241500000000020e-07  1.207283852161036e+00  7.500000000000001e-01  2.963401456114545e-03  4.171839518235751e-01 
 3.242500000000020e-07  1.207284208691842e+00  7.500000000000001e-01  2.963401429213028e-03  4.171839531082506e-01 
 3.243500000000020e-07  1.207284561675573e+00  7.500000000000001e-01  2.963401456314083e-03  4.171839543816073e-01 
 3.244500000000020e-07  1.207284911147518e+00  7.500000000000001e-01  2.963401429449652e-03  4.171839556409400e-01 
 3.245500000000020e-07  1.207285257142615e+00  7.500000000000001e-01  2.963401456509310e-03  4.171839568889970e-01 
 3.246500000000021e-07  1.207285599695456e+00  7.500000000000001e-01  2.963401429681954e-03  4.171839581234820e-01 
 3.247500000000021e-07  1.207285938840286e+00  7.500000000000001e-01  2.963401456700312e-03  4.171839593467470e-01 
 3.248500000000021e-07  1.207286274611012e+00  7.500000000000001e-01  2.963401429910015e-03  4.171839605568686e-01 
 3.249500000000021e-07  1.207286607041201e+00  7.500000000000001e-01  2.963401456887174e-03  4.171839617558402e-01 
 3.250500000000021e-07  1.207286936164089e+00  7.500000000000001e-01  2.963401430133915e-03  4.171839629420745e-01 
 3.251500000000021e-07  1.207287262012579e+00  7.500000000000001e-01  2.963401457069980e-03  4.171839641172389e-01 
 3.252500000000021e-07  1.207287584619249e+00  7.500000000000001e-01  2.963401430353745e-03  4.171839652800532e-01 
 3.253500000000021e-07  1.207287904016349e+00  7.500000000000001e-01  2.963401457248806e-03  4.171839664318880e-01 
 3.254500000000021e-07  1.207288220235813e+00  7.500000000000001e-01  2.963401430569580e-03  4.171839675717402e-01 
 3.255500000000021e-07  1.207288533309253e+00  7.500000000000001e-01  2.963401457423733e-03  4.171839687007115e-01 
 3.256500000000021e-07  1.207288843267970e+00  7.500000000000001e-01  2.963401430781497e-03  4.171839698180526e-01 
 3.257500000000021e-07  1.207289150142950e+00  7.500000000000001e-01  2.963401457594847e-03  4.171839709246183e-01 
 3.258500000000021e-07  1.207289453964875e+00  7.500000000000001e-01  2.963401430989578e-03  4.171839720198882e-01 
 3.259500000000021e-07  1.207289754764117e+00  7.500000000000001e-01  2.963401457762208e-03  4.171839731044958e-01 
 3.260500000000022e-07  1.207290052570750e+00  7.500000000000001e-01  2.963401431193892e-03  4.171839741781285e-01 
 3.261500000000022e-07  1.207290347414547e+00  7.500000000000001e-01  2.963401457925904e-03  4.171839752412166e-01 
 3.262500000000022e-07  1.207290639324984e+00  7.500000000000001e-01  2.963401431394522e-03  4.171839762936365e-01 
 3.263500000000022e-07  1.207290928331244e+00  7.500000000000001e-01  2.963401458086000e-03  4.171839773356348e-01 
 3.264500000000022e-07  1.207291214462221e+00  7.500000000000001e-01  2.963401431591529e-03  4.171839783672586e-01 
 3.265500000000022e-07  1.207291497746521e+00  7.500000000000001e-01  2.963401458242577e-03  4.171839793885874e-01 
 3.266500000000022e-07  1.207291778212466e+00  7.500000000000001e-01  2.963401431784991e-03  4.171839803998241e-01 
 3.267500000000022e-07  1.207292055888094e+00  7.500000000000001e-01  2.963401458395696e-03  4.171839814008956e-01 
 3.268500000000022e-07  1.207292330801167e+00  7.500000000000001e-01  2.963401431974978e-03  4.171839823921454e-01 
 3.269500000000022e-07  1.207292602979167e+00  7.500000000000001e-01  2.963401458545428e-03  4.171839833733635e-01 
 3.270500000000022e-07  1.207292872449307e+00  7.500000000000001e-01  2.963401432161558e-03  4.171839843450208e-01 
 3.271500000000022e-07  1.207293139238526e+00  7.500000000000001e-01  2.963401458691846e-03  4.171839853067805e-01 
 3.272500000000022e-07  1.207293403373496e+00  7.500000000000001e-01  2.963401432344795e-03  4.171839862592303e-01 
 3.273500000000023e-07  1.207293664880624e+00  7.500000000000001e-01  2.963401458835013e-03  4.171839872019191e-01 
 3.274500000000023e-07  1.207293923786054e+00  7.500000000000001e-01  2.963401432524758e-03  4.171839881355395e-01 
 3.275500000000023e-07  1.207294180115670e+00  7.500000000000001e-01  2.963401458974989e-03  4.171839890595370e-01 
 3.276500000000023e-07  1.207294433895099e+00  7.500000000000001e-01  2.963401432701515e-03  4.171839899746993e-01 
 3.277500000000023e-07  1.207294685149711e+00  7.500000000000001e-01  2.963401459111845e-03  4.171839908803777e-01 
 3.278500000000023e-07  1.207294933904627e+00  7.500000000000001e-01  2.963401432875116e-03  4.171839917774455e-01 
 3.279500000000023e-07  1.207295180184715e+00  7.500000000000001e-01  2.963401459245636e-03  4.171839926651688e-01 
 3.280500000000023e-07  1.207295424014597e+00  7.500000000000001e-01  2.963401433045632e-03  4.171839935444985e-01 
 3.281500000000023e-07  1.207295665418648e+00  7.500000000000001e-01  2.963401459376429e-03  4.171839944146238e-01 
 3.282500000000023e-07  1.207295904421005e+00  7.500000000000001e-01  2.963401433213126e-03  4.171839952765657e-01 
 3.283500000000023e-07  1.207296141045561e+00  7.500000000000001e-01  2.963401459504286e-03  4.171839961294422e-01 
 3.284500000000023e-07  1.207296375315972e+00  7.500000000000001e-01  2.963401433377655e-03  4.171839969743392e-01 
 3.285500000000023e-07  1.207296607255660e+00  7.500000000000001e-01  2.963401459629255e-03  4.171839978103103e-01 
 3.286500000000024e-07  1.207296836887812e+00  7.500000000000001e-01  2.963401433539271e-03  4.171839986384983e-01 
 3.287500000000024e-07  1.207297064235386e+00  7.500000000000001e-01  2.963401459751406e-03  4.171839994578998e-01 
 3.288500000000024e-07  1.207297289321111e+00  7.500000000000001e-01  2.963401433698041e-03  4.171840002697088e-01 
 3.289500000000024e-07  1.207297512167489e+00  7.500000000000001e-01  2.963401459870788e-03  4.171840010728694e-01 
 3.290500000000024e-07  1.207297732796800e+00  7.500000000000001e-01  2.963401433854011e-03  4.171840018686228e-01 
 3.291500000000024e-07  1.207297951231101e+00  7.500000000000001e-01  2.963401459987459e-03  4.171840026558646e-01 
 3.292500000000024e-07  1.207298167492229e+00  7.500000000000001e-01  2.963401434007246e-03  4.171840034358799e-01 
 3.293500000000024e-07  1.207298381601806e+00  7.500000000000001e-01  2.963401460101471e-03  4.171840042075197e-01 
 3.294500000000024e-07  1.207298593581236e+00  7.500000000000001e-01  2.963401434157795e-03  4.171840049721068e-01 
 3.295500000000024e-07  1.207298803451713e+00  7.500000000000001e-01  2.963401460212876e-03  4.171840057284540e-01 
 3.296500000000024e-07  1.207299011234217e+00  7.500000000000001e-01  2.963401434305708e-03  4.171840064779176e-01 
 3.297500000000024e-07  1.207299216949523e+00  7.500000000000001e-01  2.963401460321733e-03  4.171840072192757e-01 
 3.298500000000024e-07  1.207299420618196e+00  7.500000000000001e-01  2.963401434451039e-03  4.171840079539156e-01 
 3.299500000000024e-07  1.207299622260597e+00  7.500000000000001e-01  2.963401460428081e-03  4.171840086805816e-01 
 3.300500000000025e-07  1.207299821896886e+00  7.500000000000001e-01  2.963401434593841e-03  4.171840094006898e-01 
 3.301500000000025e-07  1.207300019547022e+00  7.500000000000001e-01  2.963401460531985e-03  4.171840101129559e-01 
 3.302500000000025e-07  1.207300215230764e+00  7.500000000000001e-01  2.963401434734158e-03  4.171840108188200e-01 
 3.303500000000025e-07  1.207300408967676e+00  7.500000000000001e-01  2.963401460633482e-03  4.171840115169710e-01 
 3.304500000000025e-07  1.207300600777127e+00  7.500000000000001e-01  2.963401434872045e-03  4.171840122088724e-01 
 3.305500000000025e-07  1.207300790678292e+00  7.500000000000001e-01  2.963401460732628e-03  4.171840128931884e-01 
 3.306500000000025e-07  1.207300978690157e+00  7.500000000000001e-01  2.963401435007543e-03  4.171840135714035e-01 
 3.307500000000025e-07  1.207301164831518e+00  7.500000000000001e-01  2.963401460829468e-03  4.171840142421587e-01 
 3.308500000000025e-07  1.207301349120985e+00  7.500000000000001e-01  2.963401435140705e-03  4.171840149069574e-01 
 3.309500000000025e-07  1.207301531576982e+00  7.500000000000001e-01  2.963401460924044e-03  4.171840155644216e-01 
 3.310500000000025e-07  1.207301712217750e+00  7.500000000000001e-01  2.963401435271577e-03  4.171840162160689e-01 
 3.311500000000025e-07  1.207301891061348e+00  7.500000000000001e-01  2.963401461016404e-03  4.171840168605055e-01 
 3.312500000000025e-07  1.207302068125655e+00  7.500000000000001e-01  2.963401435400196e-03  4.171840174992621e-01 
 3.313500000000026e-07  1.207302243428375e+00  7.500000000000001e-01  2.963401461106590e-03  4.171840181309283e-01 
 3.314500000000026e-07  1.207302416987033e+00  7.500000000000001e-01  2.963401435526614e-03  4.171840187570489e-01 
 3.315500000000026e-07  1.207302588818979e+00  7.500000000000001e-01  2.963401461194655e-03  4.171840193761984e-01 
 3.316500000000026e-07  1.207302758941394e+00  7.500000000000001e-01  2.963401435650867e-03  4.171840199899330e-01 
 3.317500000000026e-07  1.207302927371285e+00  7.500000000000001e-01  2.963401461280630e-03  4.171840205968144e-01 
 3.318500000000026e-07  1.207303094125489e+00  7.500000000000001e-01  2.963401435773010e-03  4.171840211984077e-01 
 3.319500000000026e-07  1.207303259220679e+00  7.500000000000001e-01  2.963401461364561e-03  4.171840217932634e-01 
 3.320500000000026e-07  1.207303422673361e+00  7.500000000000001e-01  2.963401435893068e-03  4.171840223829558e-01 
 3.321500000000026e-07  1.207303584499876e+00  7.500000000000001e-01  2.963401461446493e-03  4.171840229660244e-01 
 3.322500000000026e-07  1.207303744716400e+00  7.500000000000001e-01  2.963401436011092e-03  4.171840235440517e-01 
 3.323500000000026e-07  1.207303903338953e+00  7.500000000000001e-01  2.963401461526461e-03  4.171840241155667e-01 
 3.324500000000026e-07  1.207304060383393e+00  7.500000000000001e-01  2.963401436127120e-03  4.171840246821586e-01 
 3.325500000000026e-07  1.207304215865418e+00  7.500000000000001e-01  2.963401461604504e-03  4.171840252423493e-01 
 3.326500000000027e-07  1.207304369800575e+00  7.500000000000001e-01  2.963401436241188e-03  4.171840257977326e-01 
 3.327500000000027e-07  1.207304522204253e+00  7.500000000000001e-01  2.963401461680663e-03  4.171840263468228e-01 
 3.328500000000027e-07  1.207304673091688e+00  7.500000000000001e-01  2.963401436353338e-03  4.171840268912193e-01 
 3.329500000000027e-07  1.207304822477964e+00  7.500000000000001e-01  2.963401461754975e-03  4.171840274294295e-01 
 3.330500000000027e-07  1.207304970378018e+00  7.500000000000001e-01  2.963401436463610e-03  4.171840279630565e-01 
 3.331500000000027e-07  1.207305116806635e+00  7.500000000000001e-01  2.963401461827476e-03  4.171840284906020e-01 
 3.332500000000027e-07  1.207305261778454e+00  7.500000000000001e-01  2.963401436572030e-03  4.171840290136726e-01 
 3.333500000000027e-07  1.207305405307968e+00  7.500000000000001e-01  2.963401461898211e-03  4.171840295307643e-01 
 3.334500000000027e-07  1.207305547409527e+00  7.500000000000001e-01  2.963401436678648e-03  4.171840300434874e-01 
 3.335500000000027e-07  1.207305688097338e+00  7.500000000000001e-01  2.963401461967201e-03  4.171840305503331e-01 
 3.336500000000027e-07  1.207305827385465e+00  7.500000000000001e-01  2.963401436783490e-03  4.171840310529134e-01 
 3.337500000000027e-07  1.207305965287834e+00  7.500000000000001e-01  2.963401462034486e-03  4.171840315497160e-01 
 3.338500000000027e-07  1.207306101818232e+00  7.500000000000001e-01  2.963401436886592e-03  4.171840320423540e-01 
 3.339500000000027e-07  1.207306236990308e+00  7.500000000000001e-01  2.963401462100108e-03  4.171840325293120e-01 
 3.340500000000028e-07  1.207306370817576e+00  7.500000000000001e-01  2.963401436987989e-03  4.171840330122048e-01 
 3.341500000000028e-07  1.207306503313415e+00  7.500000000000001e-01  2.963401462164095e-03  4.171840334895132e-01 
 3.342500000000028e-07  1.207306634491071e+00  7.500000000000001e-01  2.963401437087712e-03  4.171840339628535e-01 
 3.343500000000028e-07  1.207306764363660e+00  7.500000000000001e-01  2.963401462226477e-03  4.171840344307040e-01 
 3.344500000000028e-07  1.207306892944164e+00  7.500000000000001e-01  2.963401437185796e-03  4.171840348946810e-01 
 3.345500000000028e-07  1.207307020245438e+00  7.500000000000001e-01  2.963401462287292e-03  4.171840353532604e-01 
 3.346500000000028e-07  1.207307146280210e+00  7.500000000000001e-01  2.963401437282276e-03  4.171840358080592e-01 
 3.347500000000028e-07  1.207307271061080e+00  7.500000000000001e-01  2.963401462346563e-03  4.171840362575515e-01 
 3.348500000000028e-07  1.207307394600522e+00  7.500000000000001e-01  2.963401437377179e-03  4.171840367033534e-01 
 3.349500000000028e-07  1.207307516910887e+00  7.500000000000001e-01  2.963401462404331e-03  4.171840371439383e-01 
 3.350500000000028e-07  1.207307638004404e+00  7.500000000000001e-01  2.963401437470534e-03  4.171840375809224e-01 
 3.351500000000028e-07  1.207307757893179e+00  7.500000000000001e-01  2.963401462460622e-03  4.171840380127759e-01 
 3.352500000000028e-07  1.207307876589197e+00  7.500000000000001e-01  2.963401437562380e-03  4.171840384411158e-01 
 3.353500000000029e-07  1.207307994104324e+00  7.500000000000001e-01  2.963401462515463e-03  4.171840388644119e-01 
 3.354500000000029e-07  1.207308110450311e+00  7.500000000000001e-01  2.963401437652737e-03  4.171840392842789e-01 
 3.355500000000029e-07  1.207308225638787e+00  7.500000000000001e-01  2.963401462568886e-03  4.171840396991862e-01 
 3.356500000000029e-07  1.207308339681270e+00  7.500000000000001e-01  2.963401437741636e-03  4.171840401107486e-01 
 3.357500000000029e-07  1.207308452589160e+00  7.500000000000001e-01  2.963401462620919e-03  4.171840405174335e-01 
 3.358500000000029e-07  1.207308564373745e+00  7.500000000000001e-01  2.963401437829108e-03  4.171840409208546e-01 
 3.359500000000029e-07  1.207308675046200e+00  7.500000000000001e-01  2.963401462671592e-03  4.171840413194806e-01 
 3.360500000000029e-07  1.207308784617591e+00  7.500000000000001e-01  2.963401437915184e-03  4.171840417149220e-01 
 3.361500000000029e-07  1.207308893098872e+00  7.500000000000001e-01  2.963401462720936e-03  4.171840421056475e-01 
 3.362500000000029e-07  1.207309000500887e+00  7.500000000000001e-01  2.963401437999876e-03  4.171840424932676e-01 
 3.363500000000029e-07  1.207309106834375e+00  7.500000000000001e-01  2.963401462768960e-03  4.171840428762502e-01 
 3.364500000000029e-07  1.207309212109965e+00  7.500000000000001e-01  2.963401438083230e-03  4.171840432562031e-01 
 3.365500000000029e-07  1.207309316338183e+00  7.500000000000001e-01  2.963401462815711e-03  4.171840436315952e-01 
 3.366500000000030e-07  1.207309419529450e+00  7.500000000000001e-01  2.963401438165259e-03  4.171840440040337e-01 
 3.367500000000030e-07  1.207309521694081e+00  7.500000000000001e-01  2.963401462861204e-03  4.171840443719856e-01 
 3.368500000000030e-07  1.207309622842290e+00  7.500000000000001e-01  2.963401438245996e-03  4.171840447370575e-01 
 3.369500000000030e-07  1.207309722984190e+00  7.500000000000001e-01  2.963401462905470e-03  4.171840450977170e-01 
 3.370500000000030e-07  1.207309822129792e+00  7.500000000000001e-01  2.963401438325463e-03  4.171840454555688e-01 
 3.371500000000030e-07  1.207309920289008e+00  7.500000000000001e-01  2.963401462948526e-03  4.171840458090804e-01 
 3.372500000000030e-07  1.207310017471652e+00  7.500000000000001e-01  2.963401438403686e-03  4.171840461598544e-01 
 3.373500000000030e-07  1.207310113687440e+00  7.500000000000001e-01  2.963401462990405e-03  4.171840465063592e-01 
 3.374500000000030e-07  1.207310208945990e+00  7.500000000000001e-01  2.963401438480688e-03  4.171840468501958e-01 
 3.375500000000030e-07  1.207310303256826e+00  7.500000000000001e-01  2.963401463031128e-03  4.171840471898332e-01 
 3.376500000000030e-07  1.207310396629376e+00  7.500000000000001e-01  2.963401438556494e-03  4.171840475268692e-01 
 3.377500000000030e-07  1.207310489072976e+00  7.500000000000001e-01  2.963401463070716e-03  4.171840478597746e-01 
 3.378500000000030e-07  1.207310580596868e+00  7.500000000000001e-01  2.963401438631121e-03  4.171840481901455e-01 
 3.379500000000030e-07  1.207310671210201e+00  7.500000000000001e-01  2.963401463109193e-03  4.171840485164526e-01 
 3.380500000000031e-07  1.207310760922035e+00  7.500000000000001e-01  2.963401438704602e-03  4.171840488402898e-01 
 3.381500000000031e-07  1.207310849741339e+00  7.500000000000001e-01  2.963401463146584e-03  4.171840491601293e-01 
 3.382500000000031e-07  1.207310937676991e+00  7.500000000000001e-01  2.963401438776950e-03  4.171840494775619e-01 
 3.383500000000031e-07  1.207311024737785e+00  7.500000000000001e-01  2.963401463182908e-03  4.171840497910617e-01 
 3.384500000000031e-07  1.207311110932422e+00  7.500000000000001e-01  2.963401438848198e-03  4.171840501022170e-01 
 3.385500000000031e-07  1.207311196269521e+00  7.500000000000001e-01  2.963401463218186e-03  4.171840504095027e-01 
 3.386500000000031e-07  1.207311280757613e+00  7.500000000000001e-01  2.963401438918353e-03  4.171840507145045e-01 
 3.387500000000031e-07  1.207311364405145e+00  7.500000000000001e-01  2.963401463252441e-03  4.171840510156986e-01 
 3.388500000000031e-07  1.207311447220479e+00  7.500000000000001e-01  2.963401438987448e-03  4.171840513146694e-01 
 3.389500000000031e-07  1.207311529211895e+00  7.500000000000001e-01  2.963401463285694e-03  4.171840516098932e-01 
 3.390500000000031e-07  1.207311610387590e+00  7.500000000000001e-01  2.963401439055500e-03  4.171840519029520e-01 
 3.391500000000031e-07  1.207311690755679e+00  7.500000000000001e-01  2.963401463317964e-03  4.171840521923237e-01 
 3.392500000000031e-07  1.207311770324198e+00  7.500000000000001e-01  2.963401439122528e-03  4.171840524795873e-01 
 3.393500000000032e-07  1.207311849101101e+00  7.500000000000001e-01  2.963401463349270e-03  4.171840527632225e-01 
 3.394500000000032e-07  1.207311927094263e+00  7.500000000000001e-01  2.963401439188548e-03  4.171840530448059e-01 
 3.395500000000032e-07  1.207312004311483e+00  7.500000000000001e-01  2.963401463379635e-03  4.171840533228183e-01 
 3.396500000000032e-07  1.207312080760479e+00  7.500000000000001e-01  2.963401439253586e-03  4.171840535988339e-01 
 3.397500000000032e-07  1.207312156448894e+00  7.500000000000001e-01  2.963401463409078e-03  4.171840538713347e-01 
 3.398500000000032e-07  1.207312231384296e+00  7.500000000000001e-01  2.963401439317664e-03  4.171840541418928e-01 
 3.399500000000032e-07  1.207312305574176e+00  7.500000000000001e-01  2.963401463437616e-03  4.171840544089912e-01 
 3.400500000000032e-07  1.207312379025952e+00  7.500000000000001e-01  2.963401439380787e-03  4.171840546741998e-01 
 3.401500000000032e-07  1.207312451746966e+00  7.500000000000001e-01  2.963401463465264e-03  4.171840549360030e-01 
 3.402500000000032e-07  1.207312523744489e+00  7.500000000000001e-01  2.963401439442984e-03  4.171840551959678e-01 
 3.403500000000032e-07  1.207312595025718e+00  7.500000000000001e-01  2.963401463492047e-03  4.171840554525807e-01 
 3.404500000000032e-07  1.207312665597780e+00  7.500000000000001e-01  2.963401439504271e-03  4.171840557074056e-01 
 3.405500000000032e-07  1.207312735467731e+00  7.500000000000001e-01  2.963401463517975e-03  4.171840559589303e-01 
 3.406500000000033e-07  1.207312804642555e+00  7.500000000000001e-01  2.963401439564667e-03  4.171840562087172e-01 
 3.407500000000033e-07  1.207312873129168e+00  7.500000000000001e-01  2.963401463543071e-03  4.171840564552554e-01 
 3.408500000000033e-07  1.207312940934418e+00  7.500000000000001e-01  2.963401439624187e-03  4.171840567001034e-01 
 3.409500000000033e-07  1.207313008065082e+00  7.500000000000001e-01  2.963401463567349e-03  4.171840569417537e-01 
 3.410500000000033e-07  1.207313074527873e+00  7.500000000000001e-01  2.963401439682845e-03  4.171840571817612e-01 
 3.411500000000033e-07  1.207313140329435e+00  7.500000000000001e-01  2.963401463590830e-03  4.171840574186197e-01 
 3.412500000000033e-07  1.207313205476346e+00  7.500000000000001e-01  2.963401439740663e-03  4.171840576538823e-01 
 3.413500000000033e-07  1.207313269975121e+00  7.500000000000001e-01  2.963401463613528e-03  4.171840578860446e-01 
 3.414500000000033e-07  1.207313333832206e+00  7.500000000000001e-01  2.963401439797655e-03  4.171840581166569e-01 
 3.415500000000033e-07  1.207313397053986e+00  7.500000000000001e-01  2.963401463635453e-03  4.171840583442150e-01 
 3.416500000000033e-07  1.207313459646781e+00  7.500000000000001e-01  2.963401439853836e-03  4.171840585702682e-01 
 3.417500000000033e-07  1.207313521616850e+00  7.500000000000001e-01  2.963401463656634e-03  4.171840587933139e-01 
 3.418500000000033e-07  1.207313582970387e+00  7.500000000000001e-01  2.963401439909220e-03  4.171840590148987e-01 
 3.419500000000033e-07  1.207313643713526e+00  7.500000000000001e-01  2.963401463677074e-03  4.171840592335213e-01 
 3.420500000000034e-07  1.207313703852339e+00  7.500000000000001e-01  2.963401439963832e-03  4.171840594507262e-01 
 3.421500000000034e-07  1.207313763392841e+00  7.500000000000001e-01  2.963401463696792e-03  4.171840596650139e-01 
 3.422500000000034e-07  1.207313822340982e+00  7.500000000000001e-01  2.963401440017675e-03  4.171840598779251e-01 
 3.423500000000034e-07  1.207313880702656e+00  7.500000000000001e-01  2.963401463715806e-03  4.171840600879626e-01 
 3.424500000000034e-07  1.207313938483698e+00  7.500000000000001e-01  2.963401440070764e-03  4.171840602966658e-01 
 3.425500000000034e-07  1.207313995689885e+00  7.500000000000001e-01  2.963401463734121e-03  4.171840605025381e-01 
 3.426500000000034e-07  1.207314052326935e+00  7.500000000000001e-01  2.963401440123123e-03  4.171840607071156e-01 
 3.427500000000034e-07  1.207314108400511e+00  7.500000000000001e-01  2.963401463751764e-03  4.171840609089051e-01 
 3.428500000000034e-07  1.207314163916219e+00  7.500000000000001e-01  2.963401440174757e-03  4.171840611094395e-01 
 3.429500000000034e-07  1.207314218879609e+00  7.500000000000001e-01  2.963401463768737e-03  4.171840613072267e-01 
 3.430500000000034e-07  1.207314273296176e+00  7.500000000000001e-01  2.963401440225690e-03  4.171840615037979e-01 
 3.431500000000034e-07  1.207314327171360e+00  7.500000000000001e-01  2.963401463785065e-03  4.171840616976620e-01 
 3.432500000000034e-07  1.207314380510548e+00  7.500000000000001e-01  2.963401440275924e-03  4.171840618903483e-01 
 3.433500000000035e-07  1.207314433319072e+00  7.500000000000001e-01  2.963401463800750e-03  4.171840620803673e-01 
 3.434500000000035e-07  1.207314485602210e+00  7.500000000000001e-01  2.963401440325478e-03  4.171840622692454e-01 
 3.435500000000035e-07  1.207314537365191e+00  7.500000000000001e-01  2.963401463815815e-03  4.171840624554956e-01 
 3.436500000000035e-07  1.207314588613190e+00  7.500000000000001e-01  2.963401440374362e-03  4.171840626406410e-01 
 3.437500000000035e-07  1.207314639351329e+00  7.500000000000001e-01  2.963401463830271e-03  4.171840628231967e-01 
 3.438500000000035e-07  1.207314689584682e+00  7.500000000000001e-01  2.963401440422596e-03  4.171840630046832e-01 
 3.439500000000035e-07  1.207314739318269e+00  7.500000000000001e-01  2.963401463844123e-03  4.171840631836177e-01 
 3.440500000000035e-07  1.207314788557065e+00  7.500000000000001e-01  2.963401440470184e-03  4.171840633615179e-01 
 3.441500000000035e-07  1.207314837305990e+00  7.500000000000001e-01  2.963401463857387e-03  4.171840635369027e-01 
 3.442500000000035e-07  1.207314885569920e+00  7.500000000000001e-01  2.963401440517147e-03  4.171840637112879e-01 
 3.443500000000035e-07  1.207314933353678e+00  7.500000000000001e-01  2.963401463870077e-03  4.171840638831933e-01 
 3.444500000000035e-07  1.207314980662042e+00  7.500000000000001e-01  2.963401440563484e-03  4.171840640541326e-01 
 3.445500000000035e-07  1.207315027499742e+00  7.500000000000001e-01  2.963401463882212e-03  4.171840642226278e-01 
 3.446500000000036e-07  1.207315073871460e+00  7.500000000000001e-01  2.963401440609220e-03  4.171840643901896e-01 
 3.447500000000036e-07  1.207315119781832e+00  7.500000000000001e-01  2.963401463893790e-03  4.171840645553418e-01 
 3.448500000000036e-07  1.207315165235449e+00  7.500000000000001e-01  2.963401440654364e-03  4.171840647195930e-01 
 3.449500000000036e-07  1.207315210236853e+00  7.500000000000001e-01  2.963401463904822e-03  4.171840648814686e-01 
 3.450500000000036e-07  1.207315254790546e+00  7.500000000000001e-01  2.963401440698919e-03  4.171840650424747e-01 
 3.451500000000036e-07  1.207315298900979e+00  7.500000000000001e-01  2.963401463915334e-03  4.171840652011385e-01 
 3.452500000000036e-07  1.207315342572564e+00  7.500000000000001e-01  2.963401440742904e-03  4.171840653589636e-01 
 3.453500000000036e-07  1.207315385809667e+00  7.500000000000001e-01  2.963401463925328e-03  4.171840655144796e-01 
 3.454500000000036e-07  1.207315428616610e+00  7.500000000000001e-01  2.963401440786329e-03  4.171840656691866e-01 
 3.455500000000036e-07  1.207315470997673e+00  7.500000000000001e-01  2.963401463934812e-03  4.171840658216163e-01 
 3.456500000000036e-07  1.207315512957092e+00  7.500000000000001e-01  2.963401440829198e-03  4.171840659732676e-01 
 3.457500000000036e-07  1.207315554499064e+00  7.500000000000001e-01  2.963401463943801e-03  4.171840661226728e-01 
 3.458500000000036e-07  1.207315595627740e+00  7.500000000000001e-01  2.963401440871529e-03  4.171840662713277e-01 
 3.459500000000037e-07  1.207315636347233e+00  7.500000000000001e-01  2.963401463952303e-03  4.171840664177681e-01 
 3.460500000000037e-07  1.207315676661612e+00  7.500000000000001e-01  2.963401440913335e-03  4.171840665634873e-01 
 3.461500000000037e-07  1.207315716574910e+00  7.500000000000001e-01  2.963401463960329e-03  4.171840667070214e-01 
 3.462500000000037e-07  1.207315756091115e+00  7.500000000000001e-01  2.963401440954619e-03  4.171840668498620e-01 
 3.463500000000037e-07  1.207315795214180e+00  7.500000000000001e-01  2.963401463967888e-03  4.171840669905476e-01 
 3.464500000000037e-07  1.207315833948014e+00  7.500000000000001e-01  2.963401440995393e-03  4.171840671305670e-01 
 3.465500000000037e-07  1.207315872296491e+00  7.500000000000001e-01  2.963401463974989e-03  4.171840672684603e-01 
 3.466500000000037e-07  1.207315910263444e+00  7.500000000000001e-01  2.963401441035663e-03  4.171840674057142e-01 
 3.467500000000037e-07  1.207315947852669e+00  7.500000000000001e-01  2.963401463981648e-03  4.171840675408710e-01 
 3.468500000000037e-07  1.207315985067925e+00  7.500000000000001e-01  2.963401441075440e-03  4.171840676754143e-01 
 3.469500000000037e-07  1.207316021912931e+00  7.500000000000001e-01  2.963401463987863e-03  4.171840678078881e-01 
 3.470500000000037e-07  1.207316058391371e+00  7.500000000000001e-01  2.963401441114741e-03  4.171840679397744e-01 
 3.471500000000037e-07  1.207316094506892e+00  7.500000000000001e-01  2.963401463993654e-03  4.171840680696186e-01 
 3.472500000000037e-07  1.207316130263105e+00  7.500000000000001e-01  2.963401441153564e-03  4.171840681989003e-01 
 3.473500000000038e-07  1.207316165663585e+00  7.500000000000001e-01  2.963401463999023e-03  4.171840683261671e-01 
 3.474500000000038e-07  1.207316200711870e+00  7.500000000000001e-01  2.963401441191930e-03  4.171840684528962e-01 
 3.475500000000038e-07  1.207316235411465e+00  7.500000000000001e-01  2.963401464003981e-03  4.171840685776361e-01 
 3.476500000000038e-07  1.207316269765838e+00  7.500000000000001e-01  2.963401441229839e-03  4.171840687018626e-01 
 3.477500000000038e-07  1.207316303778425e+00  7.500000000000001e-01  2.963401464008534e-03  4.171840688241268e-01 
 3.478500000000038e-07  1.207316337452625e+00  7.500000000000001e-01  2.963401441267298e-03  4.171840689459003e-01 
 3.479500000000038e-07  1.207316370791804e+00  7.500000000000001e-01  2.963401464012697e-03  4.171840690657370e-01 
 3.480500000000038e-07  1.207316403799298e+00  7.500000000000001e-01  2.963401441304323e-03  4.171840691851066e-01 
 3.481500000000038e-07  1.207316436478404e+00  7.500000000000001e-01  2.963401464016472e-03  4.171840693025639e-01 
 3.482500000000038e-07  1.207316468832391e+00  7.500000000000001e-01  2.963401441340917e-03  4.171840694195762e-01 
 3.483500000000038e-07  1.207316500864492e+00  7.500000000000001e-01  2.963401464019871e-03  4.171840695347015e-01 
 3.484500000000038e-07  1.207316532577911e+00  7.500000000000001e-01  2.963401441377087e-03  4.171840696494044e-01 
 3.485500000000038e-07  1.207316563975817e+00  7.500000000000001e-01  2.963401464022899e-03  4.171840697622434e-01 
 3.486500000000039e-07  1.207316595061350e+00  7.500000000000001e-01  2.963401441412846e-03  4.171840698746818e-01 
 3.487500000000039e-07  1.207316625837617e+00  7.500000000000001e-01  2.963401464025564e-03  4.171840699852802e-01 
 3.488500000000039e-07  1.207316656307695e+00  7.500000000000001e-01  2.963401441448197e-03  4.171840700954991e-01 
 3.489500000000039e-07  1.207316686474630e+00  7.500000000000001e-01  2.963401464027876e-03  4.171840702039009e-01 
 3.490500000000039e-07  1.207316716341439e+00  7.500000000000001e-01  2.963401441483148e-03  4.171840703119444e-01 
 3.491500000000039e-07  1.207316745911107e+00  7.500000000000001e-01  2.963401464029842e-03  4.171840704181934e-01 
 3.492500000000039e-07  1.207316775186591e+00  7.500000000000001e-01  2.963401441517713e-03  4.171840705241043e-01 
 3.493500000000039e-07  1.207316804170817e+00  7.500000000000001e-01  2.963401464031470e-03  4.171840706282434e-01 
 3.494500000000039e-07  1.207316832866683e+00  7.500000000000001e-01  2.963401441551892e-03  4.171840707320641e-01 
 3.495500000000039e-07  1.207316861277058e+00  7.500000000000001e-01  2.963401464032758e-03  4.171840708341345e-01 
 3.496500000000039e-07  1.207316889404782e+00  7.500000000000001e-01  2.963401441585693e-03  4.171840709359060e-01 
 3.497500000000039e-07  1.207316917252667e+00  7.500000000000001e-01  2.963401464033727e-03  4.171840710359492e-01 
 3.498500000000039e-07  1.207316944823497e+00  7.500000000000001e-01  2.963401441619125e-03  4.171840711357122e-01 
 3.499500000000040e-07  1.207316972120029e+00  7.500000000000001e-01  2.963401464034376e-03  4.171840712337681e-01 
 3.500500000000040e-07  1.207316999144992e+00  7.500000000000001e-01  2.963401441652192e-03  4.171840713315627e-01 
 3.501500000000040e-07  1.207317025901087e+00  7.500000000000001e-01  2.963401464034713e-03  4.171840714276706e-01 
 3.502500000000040e-07  1.207317052390989e+00  7.500000000000001e-01  2.963401441684910e-03  4.171840715235358e-01 
 3.503500000000040e-07  1.207317078617348e+00  7.500000000000001e-01  2.963401464034743e-03  4.171840716177342e-01 
 3.504500000000040e-07  1.207317104582783e+00  7.500000000000001e-01  2.963401441717275e-03  4.171840717117076e-01 
 3.505500000000040e-07  1.207317130289893e+00  7.500000000000001e-01  2.963401464034474e-03  4.171840718040344e-01 
 3.506500000000040e-07  1.207317155741246e+00  7.500000000000001e-01  2.963401441749297e-03  4.171840718961540e-01 
 3.507500000000040e-07  1.207317180939386e+00  7.500000000000001e-01  2.963401464033915e-03  4.171840719866466e-01 
 3.508500000000040e-07  1.207317205886834e+00  7.500000000000001e-01  2.963401441780980e-03  4.171840720769487e-01 
 3.509500000000040e-07  1.207317230586084e+00  7.500000000000001e-01  2.963401464033068e-03  4.171840721656426e-01 
 3.510500000000040e-07  1.207317255039605e+00  7.500000000000001e-01  2.963401441812335e-03  4.171840722541641e-01 
 3.511500000000040e-07  1.207317279249840e+00  7.500000000000001e-01  2.963401464031941e-03  4.171840723410952e-01 
 3.512500000000040e-07  1.207317303219211e+00  7.500000000000001e-01  2.963401441843367e-03  4.171840724278703e-01 
 3.513500000000041e-07  1.207317326950114e+00  7.500000000000001e-01  2.963401464030542e-03  4.171840725130740e-01 
 3.514500000000041e-07  1.207317350444922e+00  7.500000000000001e-01  2.963401441874078e-03  4.171840725981378e-01 
 3.515500000000041e-07  1.207317373705983e+00  7.500000000000001e-01  2.963401464028872e-03  4.171840726816481e-01 
 3.516500000000041e-07  1.207317396735623e+00  7.500000000000001e-01  2.963401441904481e-03  4.171840727650340e-01 
 3.517500000000041e-07  1.207317419536144e+00  7.500000000000001e-01  2.963401464026938e-03  4.171840728468845e-01 
 3.518500000000041e-07  1.207317442109827e+00  7.500000000000001e-01  2.963401441934577e-03  4.171840729286257e-01 
 3.519500000000041e-07  1.207317464458927e+00  7.500000000000001e-01  2.963401464024757e-03  4.171840730088490e-01 
 3.520500000000041e-07  1.207317486585678e+00  7.500000000000001e-01  2.963401441964368e-03  4.171840730889784e-01 
 3.521500000000041e-07  1.207317508492294e+00  7.500000000000001e-01  2.963401464022314e-03  4.171840731676074e-01 
 3.522500000000041e-07  1.207317530180964e+00  7.500000000000001e-01  2.963401441993863e-03  4.171840732461565e-01 
 3.523500000000041e-07  1.207317551653857e+00  7.500000000000001e-01  2.963401464019627e-03  4.171840733232222e-01 
 3.524500000000041e-07  1.207317572913118e+00  7.500000000000001e-01  2.963401442023073e-03  4.171840734002232e-01 
 3.525500000000041e-07  1.207317593960875e+00  7.500000000000001e-01  2.963401464016702e-03  4.171840734757560e-01 
 3.526500000000042e-07  1.207317614799230e+00  7.500000000000001e-01  2.963401442051995e-03  4.171840735512390e-01 
 3.527500000000042e-07  1.207317635430267e+00  7.500000000000001e-01  2.963401464013538e-03  4.171840736252703e-01 
 3.528500000000042e-07  1.207317655856050e+00  7.500000000000001e-01  2.963401442080640e-03  4.171840736992650e-01 
 3.529500000000042e-07  1.207317676078619e+00  7.500000000000001e-01  2.963401464010147e-03  4.171840737718238e-01 
 3.530500000000042e-07  1.207317696099996e+00  7.500000000000001e-01  2.963401442109010e-03  4.171840738443600e-01 
 3.531500000000042e-07  1.207317715922183e+00  7.500000000000001e-01  2.963401464006530e-03  4.171840739154762e-01 
 3.532500000000042e-07  1.207317735547162e+00  7.500000000000001e-01  2.963401442137109e-03  4.171840739865827e-01 
 3.533500000000042e-07  1.207317754976895e+00  7.500000000000001e-01  2.963401464002692e-03  4.171840740562841e-01 
 3.534500000000042e-07  1.207317774213324e+00  7.500000000000001e-01  2.963401442164944e-03  4.171840741259895e-01 
 3.535500000000042e-07  1.207317793258373e+00  7.500000000000001e-01  2.963401463998636e-03  4.171840741943045e-01 
 3.536500000000042e-07  1.207317812113945e+00  7.500000000000001e-01  2.963401442192519e-03  4.171840742626360e-01 
 3.537500000000042e-07  1.207317830781925e+00  7.500000000000001e-01  2.963401463994373e-03  4.171840743295924e-01 
 3.538500000000042e-07  1.207317849264181e+00  7.500000000000001e-01  2.963401442219841e-03  4.171840743965771e-01 
 3.539500000000043e-07  1.207317867562559e+00  7.500000000000001e-01  2.963401463989902e-03  4.171840744622013e-01 
 3.540500000000043e-07  1.207317885678889e+00  7.500000000000001e-01  2.963401442246915e-03  4.171840745278662e-01 
 3.541500000000043e-07  1.207317903614982e+00  7.500000000000001e-01  2.963401463985228e-03  4.171840745921851e-01 
 3.542500000000043e-07  1.207317921372632e+00  7.500000000000001e-01  2.963401442273739e-03  4.171840746565565e-01 
 3.543500000000043e-07  1.207317938953614e+00  7.500000000000001e-01  2.963401463980357e-03  4.171840747195949e-01 
 3.544500000000043e-07  1.207317956359685e+00  7.500000000000001e-01  2.963401442300322e-03  4.171840747826983e-01 
 3.545500000000043e-07  1.207317973592585e+00  7.500000000000001e-01  2.963401463975291e-03  4.171840748444825e-01 
 3.546500000000043e-07  1.207317990654037e+00  7.500000000000001e-01  2.963401442326671e-03  4.171840749063433e-01 
 3.547500000000043e-07  1.207318007545748e+00  7.500000000000001e-01  2.963401463970041e-03  4.171840749668974e-01 
 3.548500000000043e-07  1.207318024269405e+00  7.500000000000001e-01  2.963401442352786e-03  4.171840750275396e-01 
 3.549500000000043e-07  1.207318040826681e+00  7.500000000000001e-01  2.963401463964602e-03  4.171840750868888e-01 
 3.550500000000043e-07  1.207318057219231e+00  7.500000000000001e-01  2.963401442378669e-03  4.171840751463368e-01 
 3.551500000000043e-07  1.207318073448694e+00  7.500000000000001e-01  2.963401463958984e-03  4.171840752045046e-01 
 3.552500000000043e-07  1.207318089516692e+00  7.500000000000001e-01  2.963401442404331e-03  4.171840752627815e-01 
 3.553500000000044e-07  1.207318105424831e+00  7.500000000000001e-01  2.963401463953185e-03  4.171840753197917e-01 
 3.554500000000044e-07  1.207318121174703e+00  7.500000000000001e-01  2.963401442429775e-03  4.171840753769212e-01 
 3.555500000000044e-07  1.207318136767881e+00  7.500000000000001e-01  2.963401463947220e-03  4.171840754327959e-01 
 3.556500000000044e-07  1.207318152205926e+00  7.500000000000001e-01  2.963401442454999e-03  4.171840754888006e-01 
 3.557500000000044e-07  1.207318167490379e+00  7.500000000000001e-01  2.963401463941083e-03  4.171840755435630e-01 
 3.558500000000044e-07  1.207318182622769e+00  7.500000000000001e-01  2.963401442480010e-03  4.171840755984653e-01 
 3.559500000000044e-07  1.207318197604610e+00  7.500000000000001e-01  2.963401463934781e-03  4.171840756521372e-01 
 3.560500000000044e-07  1.207318212437397e+00  7.500000000000001e-01  2.963401442504814e-03  4.171840757059589e-01 
 3.561500000000044e-07  1.207318227122616e+00  7.500000000000001e-01  2.963401463928317e-03  4.171840757585614e-01 
 3.562500000000044e-07  1.207318241661734e+00  7.500000000000001e-01  2.963401442529414e-03  4.171840758113241e-01 
 3.563500000000044e-07  1.207318256056203e+00  7.500000000000001e-01  2.963401463921697e-03  4.171840758628790e-01 
 3.564500000000044e-07  1.207318270307465e+00  7.500000000000001e-01  2.963401442553813e-03  4.171840759146028e-01 
 3.565500000000044e-07  1.207318284416942e+00  7.500000000000001e-01  2.963401463914918e-03  4.171840759651309e-01 
 3.566500000000045e-07  1.207318298386046e+00  7.500000000000001e-01  2.963401442578015e-03  4.171840760158370e-01 
 3.567500000000045e-07  1.207318312216173e+00  7.500000000000001e-01  2.963401463907994e-03  4.171840760653584e-01 
 3.568500000000045e-07  1.207318325908706e+00  7.500000000000001e-01  2.963401442602015e-03  4.171840761150672e-01 
 3.569500000000045e-07  1.207318339465014e+00  7.500000000000001e-01  2.963401463900919e-03  4.171840761636019e-01 
 3.570500000000045e-07  1.207318352886453e+00  7.500000000000001e-01  2.963401442625830e-03  4.171840762123327e-01 
 3.571500000000045e-07  1.207318366174364e+00  7.500000000000001e-01  2.963401463893701e-03  4.171840762598999e-01 
 3.572500000000045e-07  1.207318379330075e+00  7.500000000000001e-01  2.963401442649457e-03  4.171840763076723e-01 
 3.573500000000045e-07  1.207318392354902e+00  7.500000000000001e-01  2.963401463886340e-03  4.171840763542913e-01 
 3.574500000000045e-07  1.207318405250146e+00  7.500000000000001e-01  2.963401442672900e-03  4.171840764011243e-01 
 3.575500000000045e-07  1.207318418017098e+00  7.500000000000001e-01  2.963401463878843e-03  4.171840764468142e-01 
 3.576500000000045e-07  1.207318430657033e+00  7.500000000000001e-01  2.963401442696163e-03  4.171840764927260e-01 
 3.577500000000045e-07  1.207318443171216e+00  7.500000000000001e-01  2.963401463871212e-03  4.171840765375051e-01 
 3.578500000000045e-07  1.207318455560896e+00  7.500000000000001e-01  2.963401442719248e-03  4.171840765825140e-01 
 3.579500000000046e-07  1.207318467827312e+00  7.500000000000001e-01  2.963401463863447e-03  4.171840766264007e-01 
 3.580500000000046e-07  1.207318479971692e+00  7.500000000000001e-01  2.963401442742157e-03  4.171840766705244e-01 
 3.581500000000046e-07  1.207318491995249e+00  7.500000000000001e-01  2.963401463855556e-03  4.171840767135353e-01 
 3.582500000000046e-07  1.207318503899186e+00  7.500000000000001e-01  2.963401442764895e-03  4.171840767567923e-01 
 3.583500000000046e-07  1.207318515684692e+00  7.500000000000001e-01  2.963401463847542e-03  4.171840767989455e-01 
 3.584500000000046e-07  1.207318527352946e+00  7.500000000000001e-01  2.963401442787463e-03  4.171840768413523e-01 
 3.585500000000046e-07  1.207318538905113e+00  7.500000000000001e-01  2.963401463839403e-03  4.171840768826651e-01 
 3.586500000000046e-07  1.207318550342350e+00  7.500000000000001e-01  2.963401442809868e-03  4.171840769242376e-01 
 3.587500000000046e-07  1.207318561665800e+00  7.500000000000001e-01  2.963401463831141e-03  4.171840769647266e-01 
 3.588500000000046e-07  1.207318572876594e+00  7.500000000000001e-01  2.963401442832104e-03  4.171840770054827e-01 
 3.589500000000046e-07  1.207318583975854e+00  7.500000000000001e-01  2.963401463822766e-03  4.171840770451634e-01 
 3.590500000000046e-07  1.207318594964688e+00  7.500000000000001e-01  2.963401442854187e-03  4.171840770851187e-01 
 3.591500000000046e-07  1.207318605844196e+00  7.500000000000001e-01  2.963401463814273e-03  4.171840771240078e-01 
 3.592500000000046e-07  1.207318616615466e+00  7.500000000000001e-01  2.963401442876109e-03  4.171840771631782e-01 
 3.593500000000047e-07  1.207318627279574e+00  7.500000000000001e-01  2.963401463805672e-03  4.171840772012912e-01 
 3.594500000000047e-07  1.207318637837586e+00  7.500000000000001e-01  2.963401442897879e-03  4.171840772396923e-01 
 3.595500000000047e-07  1.207318648290558e+00  7.500000000000001e-01  2.963401463796960e-03  4.171840772770444e-01 
 3.596500000000047e-07  1.207318658639534e+00  7.500000000000001e-01  2.963401442919495e-03  4.171840773146915e-01 
 3.597500000000047e-07  1.207318668885550e+00  7.500000000000001e-01  2.963401463788144e-03  4.171840773512979e-01 
 3.598500000000047e-07  1.207318679029629e+00  7.500000000000001e-01  2.963401442940963e-03  4.171840773882054e-01 
 3.599500000000047e-07  1.207318689072787e+00  7.500000000000001e-01  2.963401463779221e-03  4.171840774240811e-01 
 3.600500000000047e-07  1.207318699016027e+00  7.500000000000001e-01  2.963401442962281e-03  4.171840774602642e-01 
 3.601500000000047e-07  1.207318708860343e+00  7.500000000000001e-01  2.963401463770200e-03  4.171840774954234e-01 
 3.602500000000047e-07  1.207318718606719e+00  7.500000000000001e-01  2.963401442983459e-03  4.171840775308963e-01 
 3.603500000000047e-07  1.207318728256130e+00  7.500000000000001e-01  2.963401463761079e-03  4.171840775653533e-01 
 3.604500000000047e-07  1.207318737809541e+00  7.500000000000001e-01  2.963401443004494e-03  4.171840776001296e-01 
 3.605500000000047e-07  1.207318747267906e+00  7.500000000000001e-01  2.963401463751859e-03  4.171840776338986e-01 
 3.606500000000048e-07  1.207318756632171e+00  7.500000000000001e-01  2.963401443025388e-03  4.171840776679926e-01 
 3.607500000000048e-07  1.207318765903272e+00  7.500000000000001e-01  2.963401463742548e-03  4.171840777010868e-01 
 3.608500000000048e-07  1.207318775082136e+00  7.500000000000001e-01  2.963401443046148e-03  4.171840777345119e-01 
 3.609500000000048e-07  1.207318784169680e+00  7.500000000000001e-01  2.963401463733141e-03  4.171840777669446e-01 
 3.610500000000048e-07  1.207318793166813e+00  7.500000000000001e-01  2.963401443066771e-03  4.171840777997141e-01 
 3.611500000000048e-07  1.207318802074436e+00  7.500000000000001e-01  2.963401463723645e-03  4.171840778314986e-01 
 3.612500000000048e-07  1.207318810893438e+00  7.500000000000001e-01  2.963401443087263e-03  4.171840778636254e-01 
 3.613500000000048e-07  1.207318819624701e+00  7.500000000000001e-01  2.963401463714064e-03  4.171840778947744e-01 
 3.614500000000048e-07  1.207318828269098e+00  7.500000000000001e-01  2.963401443107621e-03  4.171840779262713e-01 
 3.615500000000048e-07  1.207318836827493e+00  7.500000000000001e-01  2.963401463704393e-03  4.171840779567977e-01 
 3.616500000000048e-07  1.207318845300742e+00  7.500000000000001e-01  2.963401443127856e-03  4.171840779876769e-01 
 3.617500000000048e-07  1.207318853689691e+00  7.500000000000001e-01  2.963401463694646e-03  4.171840780175929e-01 
 3.618500000000048e-07  1.207318861995181e+00  7.500000000000001e-01  2.963401443147963e-03  4.171840780478667e-01 
 3.619500000000049e-07  1.207318870218040e+00  7.500000000000001e-01  2.963401463684810e-03  4.171840780771845e-01 
 3.620500000000049e-07  1.207318878359091e+00  7.500000000000001e-01  2.963401443167944e-03  4.171840781068653e-01 
 3.621500000000049e-07  1.207318886419147e+00  7.500000000000001e-01  2.963401463674901e-03  4.171840781355962e-01 
 3.622500000000049e-07  1.207318894399015e+00  7.500000000000001e-01  2.963401443187806e-03  4.171840781646953e-01 
 3.623500000000049e-07  1.207318902299493e+00  7.500000000000001e-01  2.963401463664911e-03  4.171840781928512e-01 
 3.624500000000049e-07  1.207318910121371e+00  7.500000000000001e-01  2.963401443207547e-03  4.171840782213803e-01 
 3.625500000000049e-07  1.207318917865429e+00  7.500000000000001e-01  2.963401463654844e-03  4.171840782489730e-01 
 3.626500000000049e-07  1.207318925532443e+00  7.500000000000001e-01  2.963401443227172e-03  4.171840782769430e-01 
 3.627500000000049e-07  1.207318933123178e+00  7.500000000000001e-01  2.963401463644706e-03  4.171840783039836e-01 
 3.628500000000049e-07  1.207318940638395e+00  7.500000000000001e-01  2.963401443246680e-03  4.171840783314059e-01 
 3.629500000000049e-07  1.207318948078843e+00  7.500000000000001e-01  2.963401463634498e-03  4.171840783579048e-01 
 3.630500000000049e-07  1.207318955445268e+00  7.500000000000001e-01  2.963401443266073e-03  4.171840783847904e-01 
 3.631500000000049e-07  1.207318962738406e+00  7.500000000000001e-01  2.963401463624213e-03  4.171840784107586e-01 
 3.632500000000050e-07  1.207318969958985e+00  7.500000000000001e-01  2.963401443285352e-03  4.171840784371179e-01 
 3.633500000000050e-07  1.207318977107727e+00  7.500000000000001e-01  2.963401463613866e-03  4.171840784625663e-01 
 3.634500000000050e-07  1.207318984185347e+00  7.500000000000001e-01  2.963401443304528e-03  4.171840784884090e-01 
 3.635500000000050e-07  1.207318991192553e+00  7.500000000000001e-01  2.963401463603451e-03  4.171840785133474e-01 
 3.636500000000050e-07  1.207318998130045e+00  7.500000000000001e-01  2.963401443323587e-03  4.171840785386852e-01 
 3.637500000000050e-07  1.207319004998518e+00  7.500000000000001e-01  2.963401463592970e-03  4.171840785631240e-01 
 3.638500000000050e-07  1.207319011798657e+00  7.500000000000001e-01  2.963401443342545e-03  4.171840785879657e-01 
 3.639500000000050e-07  1.207319018531142e+00  7.500000000000001e-01  2.963401463582429e-03  4.171840786119146e-01 
 3.640500000000050e-07  1.207319025196647e+00  7.500000000000001e-01  2.963401443361395e-03  4.171840786362709e-01 
 3.641500000000050e-07  1.207319031795838e+00  7.500000000000001e-01  2.963401463571829e-03  4.171840786597397e-01 
 3.642500000000050e-07  1.207319038329374e+00  7.500000000000001e-01  2.963401443380145e-03  4.171840786836191e-01 
 3.643500000000050e-07  1.207319044797909e+00  7.500000000000001e-01  2.963401463561162e-03  4.171840787066173e-01 
 3.644500000000050e-07  1.207319051202089e+00  7.500000000000001e-01  2.963401443398786e-03  4.171840787300305e-01 
 3.645500000000050e-07  1.207319057542555e+00  7.500000000000001e-01  2.963401463550438e-03  4.171840787525670e-01 
 3.646500000000051e-07  1.207319063819940e+00  7.500000000000001e-01  2.963401443417335e-03  4.171840787755224e-01 
 3.647500000000051e-07  1.207319070034873e+00  7.500000000000001e-01  2.963401463539660e-03  4.171840787976071e-01 
 3.648500000000051e-07  1.207319076187974e+00  7.500000000000001e-01  2.963401443435783e-03  4.171840788201138e-01 
 3.649500000000051e-07  1.207319082279860e+00  7.500000000000001e-01  2.963401463528829e-03  4.171840788417553e-01 
 3.650500000000051e-07  1.207319088311137e+00  7.500000000000001e-01  2.963401443454132e-03  4.171840788638224e-01 
 3.651500000000051e-07  1.207319094282410e+00  7.500000000000001e-01  2.963401463517940e-03  4.171840788850294e-01 
 3.652500000000051e-07  1.207319100194276e+00  7.500000000000001e-01  2.963401443472389e-03  4.171840789066656e-01 
 3.653500000000051e-07  1.207319106047326e+00  7.500000000000001e-01  2.963401463507001e-03  4.171840789274473e-01 
 3.654500000000051e-07  1.207319111842144e+00  7.500000000000001e-01  2.963401443490551e-03  4.171840789486608e-01 
 3.655500000000051e-07  1.207319117579310e+00  7.500000000000001e-01  2.963401463496008e-03  4.171840789690250e-01 
 3.656500000000051e-07  1.207319123259398e+00  7.500000000000001e-01  2.963401443508619e-03  4.171840789898241e-01 
 3.657500000000051e-07  1.207319128882977e+00  7.500000000000001e-01  2.963401463484970e-03  4.171840790097789e-01 
 3.658500000000051e-07  1.207319134450606e+00  7.500000000000001e-01  2.963401443526599e-03  4.171840790301727e-01 
 3.659500000000052e-07  1.207319139962844e+00  7.500000000000001e-01  2.963401463473883e-03  4.171840790497267e-01 
 3.660500000000052e-07  1.207319145420242e+00  7.500000000000001e-01  2.963401443544485e-03  4.171840790697222e-01 
 3.661500000000052e-07  1.207319150823345e+00  7.500000000000001e-01  2.963401463462751e-03  4.171840790888834e-01 
 3.662500000000052e-07  1.207319156172693e+00  7.500000000000001e-01  2.963401443562286e-03  4.171840791084893e-01 
 3.663500000000052e-07  1.207319161468820e+00  7.500000000000001e-01  2.963401463451570e-03  4.171840791272650e-01 
 3.664500000000052e-07  1.207319166712258e+00  7.500000000000001e-01  2.963401443580001e-03  4.171840791464880e-01 
 3.665500000000052e-07  1.207319171903529e+00  7.500000000000001e-01  2.963401463440349e-03  4.171840791648864e-01 
 3.666500000000052e-07  1.207319177043154e+00  7.500000000000001e-01  2.963401443597629e-03  4.171840791837351e-01 
 3.667500000000052e-07  1.207319182131644e+00  7.500000000000001e-01  2.963401463429080e-03  4.171840792017632e-01 
 3.668500000000052e-07  1.207319187169510e+00  7.500000000000001e-01  2.963401443615173e-03  4.171840792202441e-01 
 3.669500000000052e-07  1.207319192157255e+00  7.500000000000001e-01  2.963401463417770e-03  4.171840792379097e-01 
 3.670500000000052e-07  1.207319197095378e+00  7.500000000000001e-01  2.963401443632632e-03  4.171840792560308e-01 
 3.671500000000052e-07  1.207319201984373e+00  7.500000000000001e-01  2.963401463406422e-03  4.171840792733406e-01 
 3.672500000000053e-07  1.207319206824726e+00  7.500000000000001e-01  2.963401443650014e-03  4.171840792911089e-01 
 3.673500000000053e-07  1.207319211616924e+00  7.500000000000001e-01  2.963401463395034e-03  4.171840793080701e-01 
 3.674500000000053e-07  1.207319216361445e+00  7.500000000000001e-01  2.963401443667308e-03  4.171840793254921e-01 
 3.675500000000053e-07  1.207319221058764e+00  7.500000000000001e-01  2.963401463383607e-03  4.171840793421119e-01 
 3.676500000000053e-07  1.207319225709350e+00  7.500000000000001e-01  2.963401443684528e-03  4.171840793591948e-01 
 3.677500000000053e-07  1.207319230313667e+00  7.500000000000001e-01  2.963401463372148e-03  4.171840793754796e-01 
 3.678500000000053e-07  1.207319234872176e+00  7.500000000000001e-01  2.963401443701675e-03  4.171840793922301e-01 
 3.679500000000053e-07  1.207319239385335e+00  7.500000000000001e-01  2.963401463360649e-03  4.171840794081867e-01 
 3.680500000000053e-07  1.207319243853592e+00  7.500000000000001e-01  2.963401443718740e-03  4.171840794246113e-01 
 3.681500000000053e-07  1.207319248277396e+00  7.500000000000001e-01  2.963401463349117e-03  4.171840794402463e-01 
 3.682500000000053e-07  1.207319252657187e+00  7.500000000000001e-01  2.963401443735728e-03  4.171840794563518e-01 
 3.683500000000053e-07  1.207319256993404e+00  7.500000000000001e-01  2.963401463337548e-03  4.171840794716715e-01 
 3.684500000000053e-07  1.207319261286481e+00  7.500000000000001e-01  2.963401443752640e-03  4.171840794874638e-01 
 3.685500000000053e-07  1.207319265536847e+00  7.500000000000001e-01  2.963401463325948e-03  4.171840795024743e-01 
 3.686500000000054e-07  1.207319269744926e+00  7.500000000000001e-01  2.963401443769481e-03  4.171840795179595e-01 
 3.687500000000054e-07  1.207319273911140e+00  7.500000000000001e-01  2.963401463314315e-03  4.171840795326671e-01 
 3.688500000000054e-07  1.207319278035905e+00  7.500000000000001e-01  2.963401443786249e-03  4.171840795478515e-01 
 3.689500000000054e-07  1.207319282119633e+00  7.500000000000001e-01  2.963401463302657e-03  4.171840795622621e-01 
 3.690500000000054e-07  1.207319286162732e+00  7.500000000000001e-01  2.963401443802948e-03  4.171840795771518e-01 
 3.691500000000054e-07  1.207319290165608e+00  7.500000000000001e-01  2.963401463290963e-03  4.171840795912715e-01 
 3.692500000000054e-07  1.207319294128659e+00  7.500000000000001e-01  2.963401443819576e-03  4.171840796058717e-01 
 3.693500000000054e-07  1.207319298052283e+00  7.500000000000001e-01  2.963401463279244e-03  4.171840796197065e-01 
 3.694500000000054e-07  1.207319301936871e+00  7.500000000000001e-01  2.963401443836135e-03  4.171840796340235e-01 
 3.695500000000054e-07  1.207319305782812e+00  7.500000000000001e-01  2.963401463267495e-03  4.171840796475779e-01 
 3.696500000000054e-07  1.207319309590490e+00  7.500000000000001e-01  2.963401443852623e-03  4.171840796616175e-01 
 3.697500000000054e-07  1.207319313360285e+00  7.500000000000001e-01  2.963401463255721e-03  4.171840796748981e-01 
 3.698500000000054e-07  1.207319317092575e+00  7.500000000000001e-01  2.963401443869046e-03  4.171840796886654e-01 
 3.699500000000055e-07  1.207319320787734e+00  7.500000000000001e-01  2.963401463243922e-03  4.171840797016776e-01 
 3.700500000000055e-07  1.207319324446129e+00  7.500000000000001e-01  2.963401443885402e-03  4.171840797151776e-01 
 3.701500000000055e-07  1.207319328068128e+00  7.500000000000001e-01  2.963401463232098e-03  4.171840797279264e-01 
 3.702500000000055e-07  1.207319331654093e+00  7.500000000000001e-01  2.963401443901690e-03  4.171840797411649e-01 
 3.703500000000055e-07  1.207319335204382e+00  7.500000000000001e-01  2.963401463220249e-03  4.171840797536554e-01 
 3.704500000000055e-07  1.207319338719348e+00  7.500000000000001e-01  2.963401443917917e-03  4.171840797666377e-01 
 3.705500000000055e-07  1.207319342199345e+00  7.500000000000001e-01  2.963401463208378e-03  4.171840797788753e-01 
 3.706500000000055e-07  1.207319345644720e+00  7.500000000000001e-01  2.963401443934080e-03  4.171840797916065e-01 
 3.707500000000055e-07  1.207319349055817e+00  7.500000000000001e-01  2.963401463196482e-03  4.171840798035960e-01 
 3.708500000000055e-07  1.207319352432978e+00  7.500000000000001e-01  2.963401443950180e-03  4.171840798160804e-01 
 3.709500000000055e-07  1.207319355776540e+00  7.500000000000001e-01  2.963401463184563e-03  4.171840798278271e-01 
 3.710500000000055e-07  1.207319359086837e+00  7.500000000000001e-01  2.963401443966217e-03  4.171840798400703e-01 
 3.711500000000055e-07  1.207319362364201e+00  7.500000000000001e-01  2.963401463172628e-03  4.171840798515786e-01 
 3.712500000000056e-07  1.207319365608959e+00  7.500000000000001e-01  2.963401443982193e-03  4.171840798635847e-01 
 3.713500000000056e-07  1.207319368821435e+00  7.500000000000001e-01  2.963401463160672e-03  4.171840798748594e-01 
 3.714500000000056e-07  1.207319372001950e+00  7.500000000000001e-01  2.963401443998106e-03  4.171840798866340e-01 
 3.715500000000056e-07  1.207319375150823e+00  7.500000000000001e-01  2.963401463148694e-03  4.171840798976796e-01 
 3.716500000000056e-07  1.207319378268368e+00  7.500000000000001e-01  2.963401444013967e-03  4.171840799092262e-01 
 3.717500000000056e-07  1.207319381354898e+00  7.500000000000001e-01  2.963401463136702e-03  4.171840799200481e-01 
 3.718500000000056e-07  1.207319384410720e+00  7.500000000000001e-01  2.963401444029765e-03  4.171840799313717e-01 
 3.719500000000056e-07  1.207319387436139e+00  7.500000000000001e-01  2.963401463124693e-03  4.171840799419738e-01 
 3.720500000000056e-07  1.207319390431460e+00  7.500000000000001e-01  2.963401444045506e-03  4.171840799530789e-01 
 3.721500000000056e-07  1.207319393396980e+00  7.500000000000001e-01  2.963401463112659e-03  4.171840799634652e-01 
 3.722500000000056e-07  1.207319396332996e+00  7.500000000000001e-01  2.963401444061188e-03  4.171840799743559e-01 
 3.723500000000056e-07  1.207319399239803e+00  7.500000000000001e-01  2.963401463100616e-03  4.171840799845310e-01 
 3.724500000000056e-07  1.207319402117691e+00  7.500000000000001e-01  2.963401444076817e-03  4.171840799952121e-01 
 3.725500000000056e-07  1.207319404966946e+00  7.500000000000001e-01  2.963401463088552e-03  4.171840800051799e-01 
 3.726500000000057e-07  1.207319407787855e+00  7.500000000000001e-01  2.963401444092386e-03  4.171840800156550e-01 
 3.727500000000057e-07  1.207319410580698e+00  7.500000000000001e-01  2.963401463076479e-03  4.171840800254197e-01 
 3.728500000000057e-07  1.207319413345757e+00  7.500000000000001e-01  2.963401444107908e-03  4.171840800356931e-01 
 3.729500000000057e-07  1.207319416083307e+00  7.500000000000001e-01  2.963401463064387e-03  4.171840800452591e-01 
 3.730500000000057e-07  1.207319418793620e+00  7.500000000000001e-01  2.963401444123367e-03  4.171840800553346e-01 
 3.731500000000057e-07  1.207319421476969e+00  7.500000000000001e-01  2.963401463052285e-03  4.171840800647059e-01 
 3.732500000000057e-07  1.207319424133622e+00  7.500000000000001e-01  2.963401444138780e-03  4.171840800745871e-01 
 3.733500000000057e-07  1.207319426763844e+00  7.500000000000001e-01  2.963401463040167e-03  4.171840800837674e-01 
 3.734500000000057e-07  1.207319429367898e+00  7.500000000000001e-01  2.963401444154136e-03  4.171840800934589e-01 
 3.735500000000057e-07  1.207319431946045e+00  7.500000000000001e-01  2.963401463028039e-03  4.171840801024514e-01 
 3.736500000000057e-07  1.207319434498542e+00  7.500000000000001e-01  2.963401444169438e-03  4.171840801119565e-01 
 3.737500000000057e-07  1.207319437025645e+00  7.500000000000001e-01  2.963401463015896e-03  4.171840801207656e-01 
 3.738500000000057e-07  1.207319439527606e+00  7.500000000000001e-01  2.963401444184695e-03  4.171840801300880e-01 
 3.739500000000058e-07  1.207319442004676e+00  7.500000000000001e-01  2.963401463003743e-03  4.171840801387172e-01 
 3.740500000000058e-07  1.207319444457101e+00  7.500000000000001e-01  2.963401444199897e-03  4.171840801478605e-01 
 3.741500000000058e-07  1.207319446885127e+00  7.500000000000001e-01  2.963401462991580e-03  4.171840801563133e-01 
 3.742500000000058e-07  1.207319449288998e+00  7.500000000000001e-01  2.963401444215052e-03  4.171840801652813e-01 
 3.743500000000058e-07  1.207319451668953e+00  7.500000000000001e-01  2.963401462979411e-03  4.171840801735615e-01 
 3.744500000000058e-07  1.207319454025230e+00  7.500000000000001e-01  2.963401444230154e-03  4.171840801823572e-01 
 3.745500000000058e-07  1.207319456358064e+00  7.500000000000001e-01  2.963401462967226e-03  4.171840801904675e-01 
 3.746500000000058e-07  1.207319458667689e+00  7.500000000000001e-01  2.963401444245209e-03  4.171840801990950e-01 
 3.747500000000058e-07  1.207319460954337e+00  7.500000000000001e-01  2.963401462955035e-03  4.171840802070391e-01 
 3.748500000000058e-07  1.207319463218234e+00  7.500000000000001e-01  2.963401444260215e-03  4.171840802155012e-01 
 3.749500000000058e-07  1.207319465459609e+00  7.500000000000001e-01  2.963401462942835e-03  4.171840802232825e-01 
 3.750500000000058e-07  1.207319467678684e+00  7.500000000000001e-01  2.963401444275177e-03  4.171840802315825e-01 
 3.751500000000058e-07  1.207319469875682e+00  7.500000000000001e-01  2.963401462930629e-03  4.171840802392045e-01 
 3.752500000000059e-07  1.207319472050823e+00  7.500000000000001e-01  2.963401444290084e-03  4.171840802473457e-01 
 3.753500000000059e-07  1.207319474204324e+00  7.500000000000001e-01  2.963401462918413e-03  4.171840802548111e-01 
 3.754500000000059e-07  1.207319476336399e+00  7.500000000000001e-01  2.963401444304953e-03  4.171840802627967e-01 
 3.755500000000059e-07  1.207319478447263e+00  7.500000000000001e-01  2.963401462906193e-03  4.171840802701090e-01 
 3.756500000000059e-07  1.207319480537126e+00  7.500000000000001e-01  2.963401444319772e-03  4.171840802779418e-01 
 3.757500000000059e-07  1.207319482606197e+00  7.500000000000001e-01  2.963401462893968e-03  4.171840802851039e-01 
 3.758500000000059e-07  1.207319484654684e+00  7.500000000000001e-01  2.963401444334548e-03  4.171840802927872e-01 
 3.759500000000059e-07  1.207319486682791e+00  7.500000000000001e-01  2.963401462881731e-03  4.171840802998018e-01 
 3.760500000000059e-07  1.207319488690720e+00  7.500000000000001e-01  2.963401444349275e-03  4.171840803073383e-01 
 3.761500000000059e-07  1.207319490678673e+00  7.500000000000001e-01  2.963401462869489e-03  4.171840803142091e-01 
 3.762500000000059e-07  1.207319492646847e+00  7.500000000000001e-01  2.963401444363962e-03  4.171840803216015e-01 
 3.763500000000059e-07  1.207319494595441e+00  7.500000000000001e-01  2.963401462857252e-03  4.171840803283306e-01 
 3.764500000000059e-07  1.207319496524648e+00  7.500000000000001e-01  2.963401444378605e-03  4.171840803355822e-01 
 3.765500000000059e-07  1.207319498434662e+00  7.500000000000001e-01  2.963401462845002e-03  4.171840803421729e-01 
 3.766500000000060e-07  1.207319500325674e+00  7.500000000000001e-01  2.963401444393201e-03  4.171840803492863e-01 
 3.767500000000060e-07  1.207319502197872e+00  7.500000000000001e-01  2.963401462832748e-03  4.171840803557408e-01 
 3.768500000000060e-07  1.207319504051444e+00  7.500000000000001e-01  2.963401444407761e-03  4.171840803627189e-01 
 3.769500000000060e-07  1.207319505886575e+00  7.500000000000001e-01  2.963401462820494e-03  4.171840803690401e-01 
 3.770500000000060e-07  1.207319507703448e+00  7.500000000000001e-01  2.963401444422270e-03  4.171840803758857e-01 
 3.771500000000060e-07  1.207319509502246e+00  7.500000000000001e-01  2.963401462808235e-03  4.171840803820762e-01 
 3.772500000000060e-07  1.207319511283147e+00  7.500000000000001e-01  2.963401444436743e-03  4.171840803887917e-01 
 3.773500000000060e-07  1.207319513046331e+00  7.500000000000001e-01  2.963401462795976e-03  4.171840803948542e-01 
 3.774500000000060e-07  1.207319514791973e+00  7.500000000000001e-01  2.963401444451171e-03  4.171840804014422e-01 
 3.775500000000060e-07  1.207319516520248e+00  7.500000000000001e-01  2.963401462783711e-03  4.171840804073794e-01 
 3.776500000000060e-07  1.207319518231329e+00  7.500000000000001e-01  2.963401444465563e-03  4.171840804138424e-01 
 3.777500000000060e-07  1.207319519925387e+00  7.500000000000001e-01  2.963401462771447e-03  4.171840804196565e-01 
 3.778500000000060e-07  1.207319521602590e+00  7.500000000000001e-01  2.963401444479910e-03  4.171840804259968e-01 
 3.779500000000061e-07  1.207319523263108e+00  7.500000000000001e-01  2.963401462759179e-03  4.171840804316906e-01 
 3.780500000000061e-07  1.207319524907104e+00  7.500000000000001e-01  2.963401444494219e-03  4.171840804379108e-01 
 3.781500000000061e-07  1.207319526534746e+00  7.500000000000001e-01  2.963401462746911e-03  4.171840804434864e-01 
 3.782500000000061e-07  1.207319528146193e+00  7.500000000000001e-01  2.963401444508490e-03  4.171840804495886e-01 
 3.783500000000061e-07  1.207319529741609e+00  7.500000000000001e-01  2.963401462734642e-03  4.171840804550488e-01 
 3.784500000000061e-07  1.207319531321153e+00  7.500000000000001e-01  2.963401444522717e-03  4.171840804610357e-01 
 3.785500000000061e-07  1.207319532884982e+00  7.500000000000001e-01  2.963401462722376e-03  4.171840804663821e-01 
 3.786500000000061e-07  1.207319534433252e+00  7.500000000000001e-01  2.963401444536910e-03  4.171840804722557e-01 
 3.787500000000061e-07  1.207319535966119e+00  7.500000000000001e-01  2.963401462710104e-03  4.171840804774908e-01 
 3.788500000000061e-07  1.207319537483736e+00  7.500000000000001e-01  2.963401444551065e-03  4.171840804832537e-01 
 3.789500000000061e-07  1.207319538986253e+00  7.500000000000001e-01  2.963401462697837e-03  4.171840804883800e-01 
 3.790500000000061e-07  1.207319540473823e+00  7.500000000000001e-01  2.963401444565182e-03  4.171840804940339e-01 
 3.791500000000061e-07  1.207319541946593e+00  7.500000000000001e-01  2.963401462685569e-03  4.171840804990531e-01 
 3.792500000000062e-07  1.207319543404711e+00  7.500000000000001e-01  2.963401444579258e-03  4.171840805046003e-01 
 3.793500000000062e-07  1.207319544848321e+00  7.500000000000001e-01  2.963401462673301e-03  4.171840805095156e-01 
 3.794500000000062e-07  1.207319546277570e+00  7.500000000000001e-01  2.963401444593300e-03  4.171840805149581e-01 
 3.795500000000062e-07  1.207319547692599e+00  7.500000000000001e-01  2.963401462661037e-03  4.171840805197702e-01 
 3.796500000000062e-07  1.207319549093550e+00  7.500000000000001e-01  2.963401444607300e-03  4.171840805251107e-01 
 3.797500000000062e-07  1.207319550480563e+00  7.500000000000001e-01  2.963401462648777e-03  4.171840805298223e-01 
 3.798500000000062e-07  1.207319551853777e+00  7.500000000000001e-01  2.963401444621273e-03  4.171840805350622e-01 
 3.799500000000062e-07  1.207319553213329e+00  7.500000000000001e-01  2.963401462636514e-03  4.171840805396751e-01 
 3.800500000000062e-07  1.207319554559355e+00  7.500000000000001e-01  2.963401444635204e-03  4.171840805448165e-01 
 3.801500000000062e-07  1.207319555891990e+00  7.500000000000001e-01  2.963401462624253e-03  4.171840805493330e-01 
 3.802500000000062e-07  1.207319557211367e+00  7.500000000000001e-01  2.963401444649099e-03  4.171840805543779e-01 
 3.803500000000062e-07  1.207319558517618e+00  7.500000000000001e-01  2.963401462611994e-03  4.171840805587997e-01 
 3.804500000000062e-07  1.207319559810873e+00  7.500000000000001e-01  2.963401444662960e-03  4.171840805637499e-01 
 3.805500000000062e-07  1.207319561091261e+00  7.500000000000001e-01  2.963401462599744e-03  4.171840805680789e-01 
 3.806500000000063e-07  1.207319562358911e+00  7.500000000000001e-01  2.963401444676787e-03  4.171840805729367e-01 
 3.807500000000063e-07  1.207319563613949e+00  7.500000000000001e-01  2.963401462587492e-03  4.171840805771746e-01 
 3.808500000000063e-07  1.207319564856500e+00  7.500000000000001e-01  2.963401444690578e-03  4.171840805819415e-01 
 3.809500000000063e-07  1.207319566086690e+00  7.500000000000001e-01  2.963401462575245e-03  4.171840805860898e-01 
 3.810500000000063e-07  1.207319567304642e+00  7.500000000000001e-01  2.963401444704335e-03  4.171840805907678e-01 
 3.811500000000063e-07  1.207319568510475e+00  7.500000000000001e-01  2.963401462563003e-03  4.171840805948289e-01 
 3.812500000000063e-07  1.207319569704312e+00  7.500000000000001e-01  2.963401444718060e-03  4.171840805994191e-01 
 3.813500000000063e-07  1.207319570886272e+00  7.500000000000001e-01  2.963401462550764e-03  4.171840806033948e-01 
 3.814500000000063e-07  1.207319572056473e+00  7.500000000000001e-01  2.963401444731751e-03  4.171840806078993e-01 
 3.815500000000063e-07  1.207319573215031e+00  7.500000000000001e-01  2.963401462538530e-03  4.171840806117907e-01 
 3.816500000000063e-07  1.207319574362064e+00  7.500000000000001e-01  2.963401444745410e-03  4.171840806162116e-01 
 3.817500000000063e-07  1.207319575497684e+00  7.500000000000001e-01  2.963401462526295e-03  4.171840806200211e-01 
 3.818500000000063e-07  1.207319576622007e+00  7.500000000000001e-01  2.963401444759032e-03  4.171840806243596e-01 
 3.819500000000064e-07  1.207319577735144e+00  7.500000000000001e-01  2.963401462514074e-03  4.171840806280883e-01 
 3.820500000000064e-07  1.207319578837206e+00  7.500000000000001e-01  2.963401444772623e-03  4.171840806323460e-01 
 3.821500000000064e-07  1.207319579928303e+00  7.500000000000001e-01  2.963401462501851e-03  4.171840806359958e-01 
 3.822500000000064e-07  1.207319581008546e+00  7.500000000000001e-01  2.963401444786184e-03  4.171840806401743e-01 
 3.823500000000064e-07  1.207319582078041e+00  7.500000000000001e-01  2.963401462489640e-03  4.171840806437466e-01 
 3.824500000000064e-07  1.207319583136896e+00  7.500000000000001e-01  2.963401444799707e-03  4.171840806478478e-01 
 3.825500000000064e-07  1.207319584185217e+00  7.500000000000001e-01  2.963401462477428e-03  4.171840806513440e-01 
 3.826500000000064e-07  1.207319585223108e+00  7.500000000000001e-01  2.963401444813203e-03  4.171840806553690e-01 
 3.827500000000064e-07  1.207319586250674e+00  7.500000000000001e-01  2.963401462465226e-03  4.171840806587910e-01 
 3.828500000000064e-07  1.207319587268016e+00  7.500000000000001e-01  2.963401444826669e-03  4.171840806627415e-01 
 3.829500000000064e-07  1.207319588275237e+00  7.500000000000001e-01  2.963401462453030e-03  4.171840806660906e-01 
 3.830500000000064e-07  1.207319589272437e+00  7.500000000000001e-01  2.963401444840100e-03  4.171840806699683e-01 
 3.831500000000064e-07  1.207319590259716e+00  7.500000000000001e-01  2.963401462440834e-03  4.171840806732456e-01 
 3.832500000000065e-07  1.207319591237173e+00  7.500000000000001e-01  2.963401444853503e-03  4.171840806770515e-01 
 3.833500000000065e-07  1.207319592204905e+00  7.500000000000001e-01  2.963401462428649e-03  4.171840806802589e-01 
 3.834500000000065e-07  1.207319593163010e+00  7.500000000000001e-01  2.963401444866873e-03  4.171840806839947e-01 
 3.835500000000065e-07  1.207319594111582e+00  7.500000000000001e-01  2.963401462416470e-03  4.171840806871335e-01 
 3.836500000000065e-07  1.207319595050717e+00  7.500000000000001e-01  2.963401444880216e-03  4.171840806908006e-01 
 3.837500000000065e-07  1.207319595980509e+00  7.500000000000001e-01  2.963401462404301e-03  4.171840806938722e-01 
 3.838500000000065e-07  1.207319596901051e+00  7.500000000000001e-01  2.963401444893526e-03  4.171840806974716e-01 
 3.839500000000065e-07  1.207319597812434e+00  7.500000000000001e-01  2.963401462392137e-03  4.171840807004769e-01 
 3.840500000000065e-07  1.207319598714750e+00  7.500000000000001e-01  2.963401444906807e-03  4.171840807040106e-01 
 3.841500000000065e-07  1.207319599608089e+00  7.500000000000001e-01  2.963401462379980e-03  4.171840807069512e-01 
 3.842500000000065e-07  1.207319600492540e+00  7.500000000000001e-01  2.963401444920058e-03  4.171840807104198e-01 
 3.843500000000065e-07  1.207319601368192e+00  7.500000000000001e-01  2.963401462367831e-03  4.171840807132973e-01 
 3.844500000000065e-07  1.207319602235132e+00  7.500000000000001e-01  2.963401444933283e-03  4.171840807167022e-01 
 3.845500000000066e-07  1.207319603093448e+00  7.500000000000001e-01  2.963401462355689e-03  4.171840807195176e-01 
 3.846500000000066e-07  1.207319603943224e+00  7.500000000000001e-01  2.963401444946474e-03  4.171840807228606e-01 
 3.847500000000066e-07  1.207319604784546e+00  7.500000000000001e-01  2.963401462343557e-03  4.171840807256151e-01 
 3.848500000000066e-07  1.207319605617497e+00  7.500000000000001e-01  2.963401444959637e-03  4.171840807288968e-01 
 3.849500000000066e-07  1.207319606442162e+00  7.500000000000001e-01  2.963401462331430e-03  4.171840807315913e-01 
 3.850500000000066e-07  1.207319607258622e+00  7.500000000000001e-01  2.963401444972775e-03  4.171840807348134e-01 
 3.851500000000066e-07  1.207319608066960e+00  7.500000000000001e-01  2.963401462319312e-03  4.171840807374498e-01 
 3.852500000000066e-07  1.207319608867255e+00  7.500000000000001e-01  2.963401444985883e-03  4.171840807406130e-01 
 3.853500000000066e-07  1.207319609659589e+00  7.500000000000001e-01  2.963401462307203e-03  4.171840807431920e-01 
 3.854500000000066e-07  1.207319610444039e+00  7.500000000000001e-01  2.963401444998960e-03  4.171840807462978e-01 
 3.855500000000066e-07  1.207319611220685e+00  7.500000000000001e-01  2.963401462295102e-03  4.171840807488207e-01 
 3.856500000000066e-07  1.207319611989604e+00  7.500000000000001e-01  2.963401445012013e-03  4.171840807518701e-01 
 3.857500000000066e-07  1.207319612750873e+00  7.500000000000001e-01  2.963401462283011e-03  4.171840807543379e-01 
 3.858500000000066e-07  1.207319613504569e+00  7.500000000000001e-01  2.963401445025037e-03  4.171840807573314e-01 
 3.859500000000067e-07  1.207319614250766e+00  7.500000000000001e-01  2.963401462270931e-03  4.171840807597457e-01 
 3.860500000000067e-07  1.207319614989539e+00  7.500000000000001e-01  2.963401445038028e-03  4.171840807626856e-01 
 3.861500000000067e-07  1.207319615720962e+00  7.500000000000001e-01  2.963401462258856e-03  4.171840807650468e-01 
 3.862500000000067e-07  1.207319616445109e+00  7.500000000000001e-01  2.963401445050997e-03  4.171840807679332e-01 
 3.863500000000067e-07  1.207319617162051e+00  7.500000000000001e-01  2.963401462246790e-03  4.171840807702424e-01 
 3.864500000000067e-07  1.207319617871861e+00  7.500000000000001e-01  2.963401445063940e-03  4.171840807730769e-01 
 3.865500000000067e-07  1.207319618574608e+00  7.500000000000001e-01  2.963401462234735e-03  4.171840807753354e-01 
 3.866500000000067e-07  1.207319619270365e+00  7.500000000000001e-01  2.963401445076855e-03  4.171840807781190e-01 
 3.867500000000067e-07  1.207319619959199e+00  7.500000000000001e-01  2.963401462222692e-03  4.171840807803276e-01 
 3.868500000000067e-07  1.207319620641179e+00  7.500000000000001e-01  2.963401445089741e-03  4.171840807830613e-01 
 3.869500000000067e-07  1.207319621316375e+00  7.500000000000001e-01  2.963401462210655e-03  4.171840807852212e-01 
 3.870500000000067e-07  1.207319621984853e+00  7.500000000000001e-01  2.963401445102605e-03  4.171840807879056e-01 
 3.871500000000067e-07  1.207319622646681e+00  7.500000000000001e-01  2.963401462198628e-03  4.171840807900176e-01 
 3.872500000000068e-07  1.207319623301925e+00  7.500000000000001e-01  2.963401445115440e-03  4.171840807926539e-01 
 3.873500000000068e-07  1.207319623950649e+00  7.500000000000001e-01  2.963401462186611e-03  4.171840807947189e-01 
 3.874500000000068e-07  1.207319624592920e+00  7.500000000000001e-01  2.963401445128246e-03  4.171840807973083e-01 
 3.875500000000068e-07  1.207319625228800e+00  7.500000000000001e-01  2.963401462174604e-03  4.171840807993276e-01 
 3.876500000000068e-07  1.207319625858355e+00  7.500000000000001e-01  2.963401445141032e-03  4.171840808018702e-01 
 3.877500000000068e-07  1.207319626481645e+00  7.500000000000001e-01  2.963401462162610e-03  4.171840808038448e-01 
 3.878500000000068e-07  1.207319627098735e+00  7.500000000000001e-01  2.963401445153788e-03  4.171840808063422e-01 
 3.879500000000068e-07  1.207319627709686e+00  7.500000000000001e-01  2.963401462150623e-03  4.171840808082724e-01 
 3.880500000000068e-07  1.207319628314559e+00  7.500000000000001e-01  2.963401445166521e-03  4.171840808107254e-01 
 3.881500000000068e-07  1.207319628913414e+00  7.500000000000001e-01  2.963401462138648e-03  4.171840808126123e-01 
 3.882500000000068e-07  1.207319629506310e+00  7.500000000000001e-01  2.963401445179224e-03  4.171840808150222e-01 
 3.883500000000068e-07  1.207319630093308e+00  7.500000000000001e-01  2.963401462126683e-03  4.171840808168667e-01 
 3.884500000000068e-07  1.207319630674466e+00  7.500000000000001e-01  2.963401445191909e-03  4.171840808192336e-01 
 3.885500000000069e-07  1.207319631249841e+00  7.500000000000001e-01  2.963401462114728e-03  4.171840808210367e-01 
 3.886500000000069e-07  1.207319631819493e+00  7.500000000000001e-01  2.963401445204565e-03  4.171840808233616e-01 
 3.887500000000069e-07  1.207319632383477e+00  7.500000000000001e-01  2.963401462102787e-03  4.171840808251241e-01 
 3.888500000000069e-07  1.207319632941851e+00  7.500000000000001e-01  2.963401445217193e-03  4.171840808274082e-01 
 3.889500000000069e-07  1.207319633494669e+00  7.500000000000001e-01  2.963401462090852e-03  4.171840808291307e-01 
 3.890500000000069e-07  1.207319634041988e+00  7.500000000000001e-01  2.963401445229802e-03  4.171840808313741e-01 
 3.891500000000069e-07  1.207319634583861e+00  7.500000000000001e-01  2.963401462078932e-03  4.171840808330576e-01 
 3.892500000000069e-07  1.207319635120344e+00  7.500000000000001e-01  2.963401445242382e-03  4.171840808352619e-01 
 3.893500000000069e-07  1.207319635651488e+00  7.500000000000001e-01  2.963401462067021e-03  4.171840808369073e-01 
 3.894500000000069e-07  1.207319636177348e+00  7.500000000000001e-01  2.963401445254941e-03  4.171840808390725e-01 
 3.895500000000069e-07  1.207319636697977e+00  7.500000000000001e-01  2.963401462055125e-03  4.171840808406806e-01 
 3.896500000000069e-07  1.207319637213426e+00  7.500000000000001e-01  2.963401445267472e-03  4.171840808428079e-01 
 3.897500000000069e-07  1.207319637723747e+00  7.500000000000001e-01  2.963401462043236e-03  4.171840808443791e-01 
 3.898500000000069e-07  1.207319638228991e+00  7.500000000000001e-01  2.963401445279984e-03  4.171840808464694e-01 
 3.899500000000070e-07  1.207319638729208e+00  7.500000000000001e-01  2.963401462031362e-03  4.171840808480042e-01 
 3.900500000000070e-07  1.207319639224449e+00  7.500000000000001e-01  2.963401445292468e-03  4.171840808500579e-01 
 3.901500000000070e-07  1.207319639714763e+00  7.500000000000001e-01  2.963401462019498e-03  4.171840808515577e-01 
 3.902500000000070e-07  1.207319640200198e+00  7.500000000000001e-01  2.963401445304929e-03  4.171840808535759e-01 
 3.903500000000070e-07  1.207319640680805e+00  7.500000000000001e-01  2.963401462007647e-03  4.171840808550408e-01 
 3.904500000000070e-07  1.207319641156630e+00  7.500000000000001e-01  2.963401445317367e-03  4.171840808570242e-01 
 3.905500000000070e-07  1.207319641627721e+00  7.500000000000001e-01  2.963401461995802e-03  4.171840808584551e-01 
 3.906500000000070e-07  1.207319642094125e+00  7.500000000000001e-01  2.963401445329781e-03  4.171840808604039e-01 
 3.907500000000070e-07  1.207319642555889e+00  7.500000000000001e-01  2.963401461983977e-03  4.171840808618015e-01 
 3.908500000000070e-07  1.207319643013058e+00  7.500000000000001e-01  2.963401445342174e-03  4.171840808637165e-01 
 3.909500000000070e-07  1.207319643465680e+00  7.500000000000001e-01  2.963401461972161e-03  4.171840808650820e-01 
 3.910500000000070e-07  1.207319643913797e+00  7.500000000000001e-01  2.963401445354540e-03  4.171840808669640e-01 
 3.911500000000070e-07  1.207319644357457e+00  7.500000000000001e-01  2.963401461960353e-03  4.171840808682972e-01 
 3.912500000000071e-07  1.207319644796703e+00  7.500000000000001e-01  2.963401445366882e-03  4.171840808701469e-01 
 3.913500000000071e-07  1.207319645231578e+00  7.500000000000001e-01  2.963401461948559e-03  4.171840808714491e-01 
 3.914500000000071e-07  1.207319645662127e+00  7.500000000000001e-01  2.963401445379205e-03  4.171840808732670e-01 
 3.915500000000071e-07  1.207319646088393e+00  7.500000000000001e-01  2.963401461936778e-03  4.171840808745385e-01 
 3.916500000000071e-07  1.207319646510419e+00  7.500000000000001e-01  2.963401445391503e-03  4.171840808763254e-01 
 3.917500000000071e-07  1.207319646928245e+00  7.500000000000001e-01  2.963401461925007e-03  4.171840808775668e-01 
 3.918500000000071e-07  1.207319647341915e+00  7.500000000000001e-01  2.963401445403779e-03  4.171840808793233e-01 
 3.919500000000071e-07  1.207319647751469e+00  7.500000000000001e-01  2.963401461913252e-03  4.171840808805349e-01 
 3.920500000000071e-07  1.207319648156949e+00  7.500000000000001e-01  2.963401445416033e-03  4.171840808822614e-01 
 3.921500000000071e-07  1.207319648558394e+00  7.500000000000001e-01  2.963401461901510e-03  4.171840808834444e-01 
 3.922500000000071e-07  1.207319648955845e+00  7.500000000000001e-01  2.963401445428265e-03  4.171840808851414e-01 
 3.923500000000071e-07  1.207319649349343e+00  7.500000000000001e-01  2.963401461889779e-03  4.171840808862960e-01 
 3.924500000000071e-07  1.207319649738925e+00  7.500000000000001e-01  2.963401445440471e-03  4.171840808879649e-01 
 3.925500000000072e-07  1.207319650124631e+00  7.500000000000001e-01  2.963401461878058e-03  4.171840808890916e-01 
 3.926500000000072e-07  1.207319650506501e+00  7.500000000000001e-01  2.963401445452660e-03  4.171840808907321e-01 
 3.927500000000072e-07  1.207319650884571e+00  7.500000000000001e-01  2.963401461866354e-03  4.171840808918319e-01 
 3.928500000000072e-07  1.207319651258880e+00  7.500000000000001e-01  2.963401445464825e-03  4.171840808934443e-01 
 3.929500000000072e-07  1.207319651629464e+00  7.500000000000001e-01  2.963401461854660e-03  4.171840808945175e-01 
 3.930500000000072e-07  1.207319651996362e+00  7.500000000000001e-01  2.963401445476968e-03  4.171840808961030e-01 
 3.931500000000072e-07  1.207319652359610e+00  7.500000000000001e-01  2.963401461842978e-03  4.171840808971506e-01 
 3.932500000000072e-07  1.207319652719244e+00  7.500000000000001e-01  2.963401445489090e-03  4.171840808987092e-01 
 3.933500000000072e-07  1.207319653075300e+00  7.500000000000001e-01  2.963401461831310e-03  4.171840808997308e-01 
 3.934500000000072e-07  1.207319653427813e+00  7.500000000000001e-01  2.963401445501187e-03  4.171840809012634e-01 
 3.935500000000072e-07  1.207319653776820e+00  7.500000000000001e-01  2.963401461819657e-03  4.171840809022602e-01 
 3.936500000000072e-07  1.207319654122354e+00  7.500000000000001e-01  2.963401445513266e-03  4.171840809037674e-01 
 3.937500000000072e-07  1.207319654464450e+00  7.500000000000001e-01  2.963401461808018e-03  4.171840809047399e-01 
 3.938500000000072e-07  1.207319654803143e+00  7.500000000000001e-01  2.963401445525323e-03  4.171840809062217e-01 
 3.939500000000073e-07  1.207319655138466e+00  7.500000000000001e-01  2.963401461796388e-03  4.171840809071700e-01 
 3.940500000000073e-07  1.207319655470453e+00  7.500000000000001e-01  2.963401445537356e-03  4.171840809086273e-01 
 3.941500000000073e-07  1.207319655799137e+00  7.500000000000001e-01  2.963401461784769e-03  4.171840809095523e-01 
 3.942500000000073e-07  1.207319656124551e+00  7.500000000000001e-01  2.963401445549367e-03  4.171840809109857e-01 
 3.943500000000073e-07  1.207319656446728e+00  7.500000000000001e-01  2.963401461773168e-03  4.171840809118874e-01 
 3.944500000000073e-07  1.207319656765699e+00  7.500000000000001e-01  2.963401445561360e-03  4.171840809132972e-01 
 3.945500000000073e-07  1.207319657081497e+00  7.500000000000001e-01  2.963401461761577e-03  4.171840809141761e-01 
 3.946500000000073e-07  1.207319657394153e+00  7.500000000000001e-01  2.963401445573329e-03  4.171840809155628e-01 
 3.947500000000073e-07  1.207319657703699e+00  7.500000000000001e-01  2.963401461750002e-03  4.171840809164196e-01 
 3.948500000000073e-07  1.207319658010165e+00  7.500000000000001e-01  2.963401445585282e-03  4.171840809177833e-01 
 3.949500000000073e-07  1.207319658313582e+00  7.500000000000001e-01  2.963401461738440e-03  4.171840809186185e-01 
 3.950500000000073e-07  1.207319658613981e+00  7.500000000000001e-01  2.963401445597212e-03  4.171840809199602e-01 
 3.951500000000073e-07  1.207319658911391e+00  7.500000000000001e-01  2.963401461726893e-03  4.171840809207739e-01 
 3.952500000000074e-07  1.207319659205842e+00  7.500000000000001e-01  2.963401445609120e-03  4.171840809220938e-01 
 3.953500000000074e-07  1.207319659497364e+00  7.500000000000001e-01  2.963401461715353e-03  4.171840809228867e-01 
 3.954500000000074e-07  1.207319659785985e+00  7.500000000000001e-01  2.963401445621007e-03  4.171840809241854e-01 
 3.955500000000074e-07  1.207319660071734e+00  7.500000000000001e-01  2.963401461703832e-03  4.171840809249578e-01 
 3.956500000000074e-07  1.207319660354641e+00  7.500000000000001e-01  2.963401445632873e-03  4.171840809262358e-01 
 3.957500000000074e-07  1.207319660634733e+00  7.500000000000001e-01  2.963401461692320e-03  4.171840809269881e-01 
 3.958500000000074e-07  1.207319660912038e+00  7.500000000000001e-01  2.963401445644721e-03  4.171840809282449e-01 
 3.959500000000074e-07  1.207319661186585e+00  7.500000000000001e-01  2.963401461680822e-03  4.171840809289780e-01 
 3.960500000000074e-07  1.207319661458401e+00  7.500000000000001e-01  2.963401445656549e-03  4.171840809302146e-01 
 3.961500000000074e-07  1.207319661727512e+00  7.500000000000001e-01  2.963401461669343e-03  4.171840809309281e-01 
 3.962500000000074e-07  1.207319661993945e+00  7.500000000000001e-01  2.963401445668354e-03  4.171840809321452e-01 
 3.963500000000074e-07  1.207319662257729e+00  7.500000000000001e-01  2.963401461657875e-03  4.171840809328399e-01 
 3.964500000000074e-07  1.207319662518887e+00  7.500000000000001e-01  2.963401445680138e-03  4.171840809340380e-01 
 3.965500000000075e-07  1.207319662777447e+00  7.500000000000001e-01  2.963401461646418e-03  4.171840809347141e-01 
 3.966500000000075e-07  1.207319663033436e+00  7.500000000000001e-01  2.963401445691904e-03  4.171840809358930e-01 
 3.967500000000075e-07  1.207319663286877e+00  7.500000000000001e-01  2.963401461634979e-03  4.171840809365508e-01 
 3.968500000000075e-07  1.207319663537797e+00  7.500000000000001e-01  2.963401445703652e-03  4.171840809377109e-01 
 3.969500000000075e-07  1.207319663786220e+00  7.500000000000001e-01  2.963401461623552e-03  4.171840809383515e-01 
 3.970500000000075e-07  1.207319664032173e+00  7.500000000000001e-01  2.963401445715374e-03  4.171840809394931e-01 
 3.971500000000075e-07  1.207319664275678e+00  7.500000000000001e-01  2.963401461612139e-03  4.171840809401165e-01 
 3.972500000000075e-07  1.207319664516760e+00  7.500000000000001e-01  2.963401445727084e-03  4.171840809412401e-01 
 3.973500000000075e-07  1.207319664755444e+00  7.500000000000001e-01  2.963401461600739e-03  4.171840809418463e-01 
 3.974500000000075e-07  1.207319664991753e+00  7.500000000000001e-01  2.963401445738769e-03  4.171840809429525e-01 
 3.975500000000075e-07  1.207319665225711e+00  7.500000000000001e-01  2.963401461589351e-03  4.171840809435418e-01 
 3.976500000000075e-07  1.207319665457342e+00  7.500000000000001e-01  2.963401445750436e-03  4.171840809446309e-01 
 3.977500000000075e-07  1.207319665686669e+00  7.500000000000001e-01  2.963401461577979e-03  4.171840809452040e-01 
 3.978500000000075e-07  1.207319665913714e+00  7.500000000000001e-01  2.963401445762084e-03  4.171840809462762e-01 
 3.979500000000076e-07  1.207319666138499e+00  7.500000000000001e-01  2.963401461566621e-03  4.171840809468334e-01 
 3.980500000000076e-07  1.207319666361049e+00  7.500000000000001e-01  2.963401445773711e-03  4.171840809478887e-01 
 3.981500000000076e-07  1.207319666581384e+00  7.500000000000001e-01  2.963401461555275e-03  4.171840809484303e-01 
 3.982500000000076e-07  1.207319666799528e+00  7.500000000000001e-01  2.963401445785319e-03  4.171840809494696e-01 
 3.983500000000076e-07  1.207319667015501e+00  7.500000000000001e-01  2.963401461543949e-03  4.171840809499955e-01 
 3.984500000000076e-07  1.207319667229325e+00  7.500000000000001e-01  2.963401445796906e-03  4.171840809510189e-01 
 3.985500000000076e-07  1.207319667441023e+00  7.500000000000001e-01  2.963401461532632e-03  4.171840809515299e-01 
 3.986500000000076e-07  1.207319667650614e+00  7.500000000000001e-01  2.963401445808480e-03  4.171840809525375e-01 
 3.987500000000076e-07  1.207319667858120e+00  7.500000000000001e-01  2.963401461521332e-03  4.171840809530337e-01 
 3.988500000000076e-07  1.207319668063561e+00  7.500000000000001e-01  2.963401445820027e-03  4.171840809540263e-01 
 3.989500000000076e-07  1.207319668266958e+00  7.500000000000001e-01  2.963401461510042e-03  4.171840809545080e-01 
 3.990500000000076e-07  1.207319668468332e+00  7.500000000000001e-01  2.963401445831560e-03  4.171840809554853e-01 
 3.991500000000076e-07  1.207319668667703e+00  7.500000000000001e-01  2.963401461498765e-03  4.171840809559531e-01 
 3.992500000000077e-07  1.207319668865090e+00  7.500000000000001e-01  2.963401445843071e-03  4.171840809569158e-01 
 3.993500000000077e-07  1.207319669060513e+00  7.500000000000001e-01  2.963401461487505e-03  4.171840809573695e-01 
 3.994500000000077e-07  1.207319669253992e+00  7.500000000000001e-01  2.963401445854566e-03  4.171840809583177e-01 
 3.995500000000077e-07  1.207319669445546e+00  7.500000000000001e-01  2.963401461476261e-03  4.171840809587579e-01 
 3.996500000000077e-07  1.207319669635194e+00  7.500000000000001e-01  2.963401445866041e-03  4.171840809596922e-01 
 3.997500000000077e-07  1.207319669822955e+00  7.500000000000001e-01  2.963401461465029e-03  4.171840809601188e-01 
 3.998500000000077e-07  1.207319670008848e+00  7.500000000000001e-01  2.963401445877495e-03  4.171840809610388e-01 
 3.999500000000077e-07  1.207319670192892e+00  7.500000000000001e-01  2.963401461453812e-03  4.171840809614531e-01 
 4.000000000000003e-07  1.207319670284225e+00  7.500000000000001e-01  2.963401445894558e-03  4.171840809620314e-01 
