frequency_Hz,output_V_sqrtHz,input_V_sqrtHz,M1_total_output_V_sqrtHz,M2_total_output_V_sqrtHz,M3_total_output_V_sqrtHz,M4_total_output_V_sqrtHz,M5_total_output_V_sqrtHz,M1_flicker_output_V_sqrtHz,M2_flicker_output_V_sqrtHz,M3_flicker_output_V_sqrtHz,M4_flicker_output_V_sqrtHz,M5_flicker_output_V_sqrtHz,M1_thermal_output_V_sqrtHz,M2_thermal_output_V_sqrtHz,M3_thermal_output_V_sqrtHz,M4_thermal_output_V_sqrtHz,M5_thermal_output_V_sqrtHz
1.000000000e+00,1.055825470e-04,5.050471530e-07,6.676779020e-05,6.676840510e-05,3.331500720e-05,3.349344740e-05,1.259358920e-07,6.675208500e-05,6.675269970e-05,3.328704950e-05,3.346533990e-05,1.258530010e-07,1.448087570e-06,1.448100900e-06,1.364566970e-06,1.371875800e-06,4.568496980e-09
1.029200530e+00,1.040750550e-04,4.978361650e-07,6.581425740e-05,6.581486350e-05,3.283980350e-05,3.301569830e-05,1.241388930e-07,6.579832450e-05,6.579893050e-05,3.281144080e-05,3.298718380e-05,1.240548000e-07,1.448087570e-06,1.448100900e-06,1.364566970e-06,1.371875800e-06,4.568496980e-09
1.059253730e+00,1.025891180e-04,4.907282830e-07,6.487435530e-05,6.487495270e-05,3.237140110e-05,3.254478720e-05,1.223676030e-07,6.485819160e-05,6.485878890e-05,3.234262770e-05,3.251585960e-05,1.222822930e-07,1.448087570e-06,1.448100900e-06,1.364566970e-06,1.371875800e-06,4.568496980e-09
1.090184490e+00,1.011244280e-04,4.837220360e-07,6.394788920e-05,6.394847820e-05,3.190970310e-05,3.208061630e-05,1.206216580e-07,6.393149130e-05,6.393208010e-05,3.188051300e-05,3.205126980e-05,1.205351120e-07,1.448087570e-06,1.448100900e-06,1.364566970e-06,1.371875800e-06,4.568496980e-09
1.122018450e+00,9.968068230e-05,4.768159710e-07,6.303466740e-05,6.303524790e-05,3.145461390e-05,3.162308950e-05,1.189006940e-07,6.301803180e-05,6.301861220e-05,3.142500110e-05,3.159331810e-05,1.188128940e-07,1.448087570e-06,1.448100900e-06,1.364566970e-06,1.371875800e-06,4.568496980e-09
1.154781980e+00,9.825758090e-05,4.700086600e-07,6.213450060e-05,6.213507280e-05,3.100603920e-05,3.117211220e-05,1.172043550e-07,6.211762390e-05,6.211819600e-05,3.097599760e-05,3.114190960e-05,1.171152840e-07,1.448087570e-06,1.448100900e-06,1.364566970e-06,1.371875800e-06,4.568496980e-09
1.188502230e+00,9.685482960e-05,4.632986910e-07,6.124720240e-05,6.124776640e-05,3.056388610e-05,3.072759090e-05,1.155322900e-07,6.123008120e-05,6.123064510e-05,3.053340940e-05,3.069695090e-05,1.154419290e-07,1.448087570e-06,1.448100900e-06,1.364566970e-06,1.371875800e-06,4.568496980e-09
1.223207120e+00,9.547213770e-05,4.566846750e-07,6.037258900e-05,6.037314500e-05,3.012806310e-05,3.028943350e-05,1.138841530e-07,6.035521970e-05,6.035577550e-05,3.009714510e-05,3.025834990e-05,1.137924830e-07,1.448087570e-06,1.448100900e-06,1.364566970e-06,1.371875800e-06,4.568496980e-09
1.258925410e+00,9.410921890e-05,4.501652430e-07,5.951047930e-05,5.951102740e-05,2.969847980e-05,2.985754930e-05,1.122596030e-07,5.949285830e-05,5.949340620e-05,2.966711410e-05,2.982601560e-05,1.121666050e-07,1.448087570e-06,1.448100900e-06,1.364566970e-06,1.371875800e-06,4.568496980e-09
1.295686700e+00,9.276579100e-05,4.437390440e-07,5.866069480e-05,5.866123500e-05,2.927504730e-05,2.943184880e-05,1.106583020e-07,5.864281850e-05,5.864335850e-05,2.924322740e-05,2.939985850e-05,1.105639570e-07,1.448087570e-06,1.448100900e-06,1.364566970e-06,1.371875800e-06,4.568496980e-09
1.333521430e+00,9.144157570e-05,4.374047480e-07,5.782305950e-05,5.782359200e-05,2.885767790e-05,2.901224390e-05,1.090799200e-07,5.780492410e-05,5.780545640e-05,2.882539730e-05,2.897979040e-05,1.089842080e-07,1.448087570e-06,1.448100900e-06,1.364566970e-06,1.371875800e-06,4.568496980e-09
1.372460960e+00,9.013629870e-05,4.311610410e-07,5.699739980e-05,5.699792470e-05,2.844628510e-05,2.859864760e-05,1.075241290e-07,5.697900160e-05,5.697952630e-05,2.841353710e-05,2.856572430e-05,1.074270310e-07,1.448087570e-06,1.448100900e-06,1.364566970e-06,1.371875800e-06,4.568496980e-09
1.412537540e+00,8.884968970e-05,4.250066320e-07,5.618354470e-05,5.618406220e-05,2.804078380e-05,2.819097440e-05,1.059906070e-07,5.616488000e-05,5.616539720e-05,2.800756170e-05,2.815757440e-05,1.058921030e-07,1.448087570e-06,1.448100900e-06,1.364566970e-06,1.371875800e-06,4.568496980e-09
1.453784390e+00,8.758148240e-05,4.189402460e-07,5.538132580e-05,5.538183590e-05,2.764109000e-05,2.778913980e-05,1.044790360e-07,5.536239060e-05,5.536290050e-05,2.760738690e-05,2.775525620e-05,1.043791060e-07,1.448087570e-06,1.448100900e-06,1.364566970e-06,1.371875800e-06,4.568496980e-09
1.496235660e+00,8.633141390e-05,4.129606260e-07,5.459057690e-05,5.459107960e-05,2.724712080e-05,2.739306040e-05,1.029891040e-07,5.457136730e-05,5.457186980e-05,2.721292980e-05,2.735868630e-05,1.028877270e-07,1.448087570e-06,1.448100900e-06,1.364566970e-06,1.371875800e-06,4.568496980e-09
1.539926530e+00,8.509922530e-05,4.070665330e-07,5.381113410e-05,5.381162970e-05,2.685879470e-05,2.700265440e-05,1.015205020e-07,5.379164620e-05,5.379214160e-05,2.682410880e-05,2.696778270e-05,1.014176570e-07,1.448087570e-06,1.448100900e-06,1.364566970e-06,1.371875800e-06,4.568496980e-09
1.584893190e+00,8.388466160e-05,4.012567480e-07,5.304283610e-05,5.304332460e-05,2.647603130e-05,2.661784090e-05,1.000729260e-07,5.302306580e-05,5.302355410e-05,2.644084320e-05,2.658246430e-05,9.996859170e-08,1.448087570e-06,1.448100900e-06,1.364566970e-06,1.371875800e-06,4.568496980e-09
1.631172910e+00,8.268747110e-05,3.955300660e-07,5.228552380e-05,5.228600530e-05,2.609875130e-05,2.623854010e-05,9.864607550e-08,5.226546700e-05,5.226594830e-05,2.606305390e-05,2.620265150e-05,9.854023060e-08,1.448087570e-06,1.448100900e-06,1.364566970e-06,1.371875800e-06,4.568496980e-09
1.678804020e+00,8.150740600e-05,3.898853020e-07,5.153904020e-05,5.153951490e-05,2.572687650e-05,2.586467350e-05,9.723965550e-08,5.151869280e-05,5.151916730e-05,2.569066240e-05,2.582826540e-05,9.713227800e-08,1.448087570e-06,1.448100900e-06,1.364566970e-06,1.371875800e-06,4.568496980e-09
1.727825980e+00,8.034422170e-05,3.843212870e-07,5.080323090e-05,5.080369870e-05,2.536033000e-05,2.549616370e-05,9.585337460e-08,5.078258860e-05,5.078305630e-05,2.532359160e-05,2.545922860e-05,9.574444240e-08,1.448087570e-06,1.448100900e-06,1.364566970e-06,1.371875800e-06,4.568496980e-09
1.778279410e+00,7.919767740e-05,3.788368670e-07,5.007794330e-05,5.007840450e-05,2.499903570e-05,2.513293430e-05,9.448694560e-08,5.005700200e-05,5.005746300e-05,2.496176560e-05,2.509546460e-05,9.437643630e-08,1.448087570e-06,1.448100900e-06,1.364566970e-06,1.371875800e-06,4.568496980e-09
1.830206110e+00,7.806753560e-05,3.734309090e-07,4.936302730e-05,4.936348190e-05,2.464291900e-05,2.477491010e-05,9.314008570e-08,4.934178260e-05,4.934223700e-05,2.460510950e-05,2.473689810e-05,9.302797640e-08,1.448087570e-06,1.448100900e-06,1.364566970e-06,1.371875800e-06,4.568496980e-09
1.883649090e+00,7.695356220e-05,3.681022910e-07,4.865833480e-05,4.865878290e-05,2.429190590e-05,2.442201700e-05,9.181251580e-08,4.863678230e-05,4.863723020e-05,2.425354920e-05,2.438345480e-05,9.169878350e-08,1.448087570e-06,1.448100900e-06,1.364566970e-06,1.371875800e-06,4.568496980e-09
1.938652640e+00,7.585552670e-05,3.628499100e-07,4.796371990e-05,4.796416160e-05,2.394592390e-05,2.407418180e-05,9.050396100e-08,4.794185510e-05,4.794229660e-05,2.390701210e-05,2.403506160e-05,9.038858220e-08,1.448087570e-06,1.448100900e-06,1.364566970e-06,1.371875800e-06,4.568496980e-09
1.995262310e+00,7.477320140e-05,3.576726790e-07,4.727903870e-05,4.727947420e-05,2.360490120e-05,2.373133260e-05,8.921415020e-08,4.725685710e-05,4.725729230e-05,2.356542630e-05,2.369164630e-05,8.909710120e-08,1.448087570e-06,1.448100900e-06,1.364566970e-06,1.371875800e-06,4.568496980e-09
2.053525030e+00,7.370636230e-05,3.525695240e-07,4.660414950e-05,4.660457860e-05,2.326876730e-05,2.339339830e-05,8.794281640e-08,4.658164650e-05,4.658207550e-05,2.322872120e-05,2.335313770e-05,8.782407300e-08,1.448087570e-06,1.448100900e-06,1.364566970e-06,1.371875800e-06,4.568496980e-09
2.113489040e+00,7.265478850e-05,3.475393900e-07,4.593891230e-05,4.593933540e-05,2.293745250e-05,2.306030890e-05,8.668969620e-08,4.591608330e-05,4.591650620e-05,2.289682690e-05,2.301946580e-05,8.656923390e-08,1.448087570e-06,1.448100900e-06,1.364566970e-06,1.371875800e-06,4.568496980e-09
2.175204030e+00,7.161826200e-05,3.425812340e-07,4.528318950e-05,4.528360650e-05,2.261088820e-05,2.273199550e-05,8.545453000e-08,4.526002970e-05,4.526044660e-05,2.256967480e-05,2.269056130e-05,8.533232410e-08,1.448087570e-06,1.448100900e-06,1.364566970e-06,1.371875800e-06,4.568496980e-09
2.238721140e+00,7.059656830e-05,3.376940300e-07,4.463684520e-05,4.463725630e-05,2.228900670e-05,2.240838990e-05,8.423706210e-08,4.461335000e-05,4.461376080e-05,2.224719700e-05,2.236635640e-05,8.411308740e-08,1.448087570e-06,1.448100900e-06,1.364566970e-06,1.371875800e-06,4.568496980e-09
2.304092980e+00,6.958949580e-05,3.328767640e-07,4.399974570e-05,4.400015090e-05,2.197174140e-05,2.208942530e-05,8.303704030e-08,4.397591000e-05,4.397631500e-05,2.192932690e-05,2.204678360e-05,8.291127130e-08,1.448087570e-06,1.448100900e-06,1.364566970e-06,1.371875800e-06,4.568496980e-09
2.371373710e+00,6.859683580e-05,3.281284410e-07,4.337175880e-05,4.337215820e-05,2.165902660e-05,2.177503560e-05,8.185421610e-08,4.334757780e-05,4.334797700e-05,2.161599850e-05,2.173177700e-05,8.172662680e-08,1.448087570e-06,1.448100900e-06,1.364566970e-06,1.371875800e-06,4.568496980e-09
2.440619070e+00,6.761838280e-05,3.234480750e-07,4.275275460e-05,4.275314830e-05,2.135079750e-05,2.146515560e-05,8.068834450e-08,4.272822330e-05,4.272861680e-05,2.130714700e-05,2.142127120e-05,8.055890870e-08,1.448087570e-06,1.448100900e-06,1.364566970e-06,1.371875800e-06,4.568496980e-09
2.511886430e+00,6.665393410e-05,3.188346990e-07,4.214260490e-05,4.214299300e-05,2.104699030e-05,2.115972110e-05,7.953918390e-08,4.211771830e-05,4.211810610e-05,2.100270830e-05,2.111520200e-05,7.940787500e-08,1.448087570e-06,1.448100900e-06,1.364566970e-06,1.371875800e-06,4.568496980e-09
2.585234840e+00,6.570329000e-05,3.142873560e-07,4.154118330e-05,4.154156590e-05,2.074754200e-05,2.085866890e-05,7.840649650e-08,4.151593610e-05,4.151631850e-05,2.070261960e-05,2.081350590e-05,7.827328740e-08,1.448087570e-06,1.448100900e-06,1.364566970e-06,1.371875800e-06,4.568496980e-09
2.660725060e+00,6.476625360e-05,3.098051040e-07,4.094836520e-05,4.094874230e-05,2.045239070e-05,2.056193670e-05,7.729004750e-08,4.092275230e-05,4.092312920e-05,2.040681850e-05,2.051612040e-05,7.715491090e-08,1.448087570e-06,1.448100900e-06,1.364566970e-06,1.371875800e-06,4.568496980e-09
2.738419630e+00,6.384263090e-05,3.053870150e-07,4.036402790e-05,4.036439960e-05,2.016147510e-05,2.026946300e-05,7.618960580e-08,4.033804400e-05,4.033841550e-05,2.011524380e-05,2.022298410e-05,7.605251390e-08,1.448087570e-06,1.448100900e-06,1.364566970e-06,1.371875800e-06,4.568496980e-09
2.818382930e+00,6.293223040e-05,3.010321750e-07,3.978805030e-05,3.978841680e-05,1.987473500e-05,1.998118710e-05,7.510494350e-08,3.976169000e-05,3.976205620e-05,1.982783520e-05,1.993403610e-05,7.496586810e-08,1.448087570e-06,1.448100900e-06,1.364566970e-06,1.371875800e-06,4.568496980e-09
2.900681200e+00,6.203486380e-05,2.967396810e-07,3.922031320e-05,3.922067440e-05,1.959211120e-05,1.969704940e-05,7.403583590e-08,3.919357100e-05,3.919393200e-05,1.954453320e-05,1.964921660e-05,7.389474830e-08,1.448087570e-06,1.448100900e-06,1.364566970e-06,1.371875800e-06,4.568496980e-09
2.985382620e+00,6.115034510e-05,2.925086430e-07,3.866069890e-05,3.866105500e-05,1.931354490e-05,1.941699110e-05,7.298206150e-08,3.863356940e-05,3.863392520e-05,1.926527890e-05,1.936846660e-05,7.283893280e-08,1.448087570e-06,1.448100900e-06,1.364566970e-06,1.371875800e-06,4.568496980e-09
3.072557370e+00,6.027849100e-05,2.883381870e-07,3.810909160e-05,3.810944260e-05,1.903897850e-05,1.914095410e-05,7.194340210e-08,3.808156910e-05,3.808191980e-05,1.899001470e-05,1.909172810e-05,7.179820290e-08,1.448087570e-06,1.448100900e-06,1.364566970e-06,1.371875800e-06,4.568496980e-09
3.162277660e+00,5.941912120e-05,2.842274480e-07,3.756537710e-05,3.756572300e-05,1.876835520e-05,1.886888130e-05,7.091964260e-08,3.753745590e-05,3.753780160e-05,1.871868350e-05,1.881894360e-05,7.077234310e-08,1.448087570e-06,1.448100900e-06,1.364566970e-06,1.371875800e-06,4.568496980e-09
3.254617830e+00,5.857205750e-05,2.801755750e-07,3.702944260e-05,3.702978360e-05,1.850161880e-05,1.860071620e-05,6.991057100e-08,3.700111700e-05,3.700145780e-05,1.845122910e-05,1.855005660e-05,6.976114080e-08,1.448087570e-06,1.448100900e-06,1.364566970e-06,1.371875800e-06,4.568496980e-09
3.349654390e+00,5.773712460e-05,2.761817280e-07,3.650117720e-05,3.650151340e-05,1.823871420e-05,1.833640350e-05,6.891597820e-08,3.647244140e-05,3.647277730e-05,1.818759610e-05,1.828501160e-05,6.876438670e-08,1.448087570e-06,1.448100900e-06,1.364566970e-06,1.371875800e-06,4.568496980e-09
3.447466070e+00,5.691414940e-05,2.722450810e-07,3.598047160e-05,3.598080290e-05,1.797958690e-05,1.807588820e-05,6.793565820e-08,3.595131950e-05,3.595165060e-05,1.792772990e-05,1.802375350e-05,6.778187440e-08,1.448087570e-06,1.448100900e-06,1.364566970e-06,1.371875800e-06,4.568496980e-09
3.548133890e+00,5.610296170e-05,2.683648180e-07,3.546721780e-05,3.546754440e-05,1.772418310e-05,1.781911650e-05,6.696940810e-08,3.543764350e-05,3.543796990e-05,1.767157680e-05,1.776622840e-05,6.681340020e-08,1.448087570e-06,1.448100900e-06,1.364566970e-06,1.371875800e-06,4.568496980e-09
3.651741270e+00,5.530339320e-05,2.645401350e-07,3.496130950e-05,3.496163150e-05,1.747245010e-05,1.756603520e-05,6.601702760e-08,3.493130700e-05,3.493162860e-05,1.741908350e-05,1.751238270e-05,6.585876370e-08,1.448087570e-06,1.448100900e-06,1.364566970e-06,1.371875800e-06,4.568496980e-09
3.758374040e+00,5.451527860e-05,2.607702400e-07,3.446264200e-05,3.446295940e-05,1.722433570e-05,1.731659180e-05,6.507831950e-08,3.443220500e-05,3.443252210e-05,1.717019790e-05,1.726216410e-05,6.491776720e-08,1.448087570e-06,1.448100900e-06,1.364566970e-06,1.371875800e-06,4.568496980e-09
3.868120550e+00,5.373845440e-05,2.570543530e-07,3.397111210e-05,3.397142490e-05,1.697978840e-05,1.707073470e-05,6.415308930e-08,3.394023420e-05,3.394054680e-05,1.692486840e-05,1.701552060e-05,6.399021570e-08,1.448087570e-06,1.448100900e-06,1.364566970e-06,1.371875800e-06,4.568496980e-09
3.981071710e+00,5.297275990e-05,2.533917040e-07,3.348661780e-05,3.348692620e-05,1.673875770e-05,1.682841290e-05,6.324114560e-08,3.345529280e-05,3.345560090e-05,1.668304420e-05,1.677240110e-05,6.307591720e-08,1.448087570e-06,1.448100900e-06,1.364566970e-06,1.371875800e-06,4.568496980e-09
4.097321100e+00,5.221803640e-05,2.497815340e-07,3.300905890e-05,3.300936290e-05,1.650119350e-05,1.658957640e-05,6.234229920e-08,3.297728020e-05,3.297758390e-05,1.644467520e-05,1.653275540e-05,6.217468220e-08,1.448087570e-06,1.448100900e-06,1.364566970e-06,1.371875800e-06,4.568496980e-09
4.216965030e+00,5.147412770e-05,2.462230960e-07,3.253833640e-05,3.253863610e-05,1.626704670e-05,1.635417550e-05,6.145636420e-08,3.250609760e-05,3.250639700e-05,1.620971210e-05,1.629653370e-05,6.128632420e-08,1.448087570e-06,1.448100900e-06,1.364566970e-06,1.371875800e-06,4.568496980e-09
4.340102640e+00,5.074087960e-05,2.427156520e-07,3.207435290e-05,3.207464830e-05,1.603626880e-05,1.612216150e-05,6.058315690e-08,3.204164730e-05,3.204194230e-05,1.597810610e-05,1.606368720e-05,6.041065910e-08,1.448087570e-06,1.448100900e-06,1.364566970e-06,1.371875800e-06,4.568496980e-09
4.466835920e+00,5.001814030e-05,2.392584760e-07,3.161701230e-05,3.161730350e-05,1.580881200e-05,1.589348640e-05,5.972249650e-08,3.158383300e-05,3.158412390e-05,1.574980940e-05,1.583416770e-05,5.954750560e-08,1.448087570e-06,1.448100900e-06,1.364566970e-06,1.371875800e-06,4.568496980e-09
4.597269890e+00,4.930576010e-05,2.358508520e-07,3.116621980e-05,3.116650680e-05,1.558462920e-05,1.566810280e-05,5.887420480e-08,3.113256010e-05,3.113284680e-05,1.552477450e-05,1.560792750e-05,5.869668500e-08,1.448087570e-06,1.448100900e-06,1.364566970e-06,1.371875800e-06,4.568496980e-09
4.731512590e+00,4.860359150e-05,2.324920750e-07,3.072188200e-05,3.072216500e-05,1.536367390e-05,1.544596400e-05,5.803810600e-08,3.068773500e-05,3.068801760e-05,1.530295500e-05,1.538491990e-05,5.785802090e-08,1.448087570e-06,1.448100900e-06,1.364566970e-06,1.371875800e-06,4.568496980e-09
4.869675250e+00,4.791148900e-05,2.291814480e-07,3.028390700e-05,3.028418590e-05,1.514590030e-05,1.522702400e-05,5.721402700e-08,3.024926560e-05,3.024954420e-05,1.508430490e-05,1.516509870e-05,5.703133980e-08,1.448087570e-06,1.448100900e-06,1.364566970e-06,1.371875800e-06,4.568496980e-09
5.011872340e+00,4.722930920e-05,2.259182870e-07,2.985220410e-05,2.985247900e-05,1.493126340e-05,1.501123750e-05,5.640179700e-08,2.981706110e-05,2.981733570e-05,1.486877880e-05,1.494841820e-05,5.621647030e-08,1.448087570e-06,1.448100900e-06,1.364566970e-06,1.371875800e-06,4.568496980e-09
5.158221650e+00,4.655691100e-05,2.227019140e-07,2.942668380e-05,2.942695480e-05,1.471971870e-05,1.479855970e-05,5.560124780e-08,2.939103200e-05,2.939130260e-05,1.465633220e-05,1.473483370e-05,5.541324380e-08,1.448087570e-06,1.448100900e-06,1.364566970e-06,1.371875800e-06,4.568496980e-09
5.308844440e+00,4.589415500e-05,2.195316640e-07,2.900725790e-05,2.900752510e-05,1.451122230e-05,1.458894660e-05,5.481221360e-08,2.897109000e-05,2.897135680e-05,1.444692110e-05,1.452430100e-05,5.462149390e-08,1.448087570e-06,1.448100900e-06,1.364566970e-06,1.371875800e-06,4.568496980e-09
5.463865500e+00,4.524090390e-05,2.164068810e-07,2.859383970e-05,2.859410300e-05,1.430573110e-05,1.438235470e-05,5.403453100e-08,2.855714820e-05,2.855741120e-05,1.424050210e-05,1.431677630e-05,5.384105660e-08,1.448087570e-06,1.448100900e-06,1.364566970e-06,1.371875800e-06,4.568496980e-09
5.623413250e+00,4.459702250e-05,2.133269170e-07,2.818634350e-05,2.818660310e-05,1.410320250e-05,1.417874140e-05,5.326803880e-08,2.814912080e-05,2.814938000e-05,1.403703240e-05,1.411221680e-05,5.307177020e-08,1.448087570e-06,1.448100900e-06,1.364566970e-06,1.371875800e-06,4.568496980e-09
5.787619880e+00,4.396237740e-05,2.102911340e-07,2.778468490e-05,2.778494080e-05,1.390359450e-05,1.397806430e-05,5.251257840e-08,2.774692340e-05,2.774717890e-05,1.383646990e-05,1.391058010e-05,5.231347550e-08,1.448087570e-06,1.448100900e-06,1.364566970e-06,1.371875800e-06,4.568496980e-09
5.956621440e+00,4.333683720e-05,2.072989030e-07,2.738878070e-05,2.738903290e-05,1.370686590e-05,1.378028190e-05,5.176799310e-08,2.735047260e-05,2.735072450e-05,1.363877300e-05,1.371182430e-05,5.156601540e-08,1.448087570e-06,1.448100900e-06,1.364566970e-06,1.371875800e-06,4.568496980e-09
6.130557920e+00,4.272027220e-05,2.043496050e-07,2.699854890e-05,2.699879760e-05,1.351297570e-05,1.358535330e-05,5.103412880e-08,2.695968630e-05,2.695993460e-05,1.344390090e-05,1.351590840e-05,5.082923510e-08,1.448087570e-06,1.448100900e-06,1.364566970e-06,1.371875800e-06,4.568496980e-09
6.309573440e+00,4.211255480e-05,2.014426290e-07,2.661390870e-05,2.661415380e-05,1.332188400e-05,1.339323800e-05,5.031083340e-08,2.657448370e-05,2.657472840e-05,1.325181310e-05,1.332279180e-05,5.010298190e-08,1.448087570e-06,1.448100900e-06,1.364566970e-06,1.371875790e-06,4.568496980e-09
6.493816320e+00,4.151355910e-05,1.985773730e-07,2.623478050e-05,2.623502210e-05,1.313355100e-05,1.320389630e-05,4.959795720e-08,2.619478480e-05,2.619502600e-05,1.306246990e-05,1.313243440e-05,4.938710550e-08,1.448087570e-06,1.448100900e-06,1.364566970e-06,1.371875790e-06,4.568496980e-09
6.683439180e+00,4.092316110e-05,1.957532430e-07,2.586108570e-05,2.586132380e-05,1.294793780e-05,1.301728890e-05,4.889535240e-08,2.582051110e-05,2.582074890e-05,1.287583200e-05,1.294479690e-05,4.868145770e-08,1.448087570e-06,1.448100900e-06,1.364566970e-06,1.371875790e-06,4.568496980e-09
6.878599120e+00,4.034123840e-05,1.929696540e-07,2.549274680e-05,2.549298160e-05,1.276500580e-05,1.283337710e-05,4.820287350e-08,2.545158510e-05,2.545181950e-05,1.269186080e-05,1.275984030e-05,4.798589220e-08,1.448087570e-06,1.448100900e-06,1.364566970e-06,1.371875790e-06,4.568496980e-09
7.079457840e+00,3.976767060e-05,1.902260300e-07,2.512968770e-05,2.512991920e-05,1.258471730e-05,1.265212290e-05,4.752037700e-08,2.508793030e-05,2.508816140e-05,1.251051830e-05,1.257752650e-05,4.730026500e-08,1.448087570e-06,1.448100900e-06,1.364566970e-06,1.371875790e-06,4.568496980e-09
7.286181750e+00,3.920233880e-05,1.875218030e-07,2.477183310e-05,2.477206130e-05,1.240703490e-05,1.247348880e-05,4.684772160e-08,2.472947150e-05,2.472969920e-05,1.233176670e-05,1.239781750e-05,4.662443410e-08,1.448087570e-06,1.448100900e-06,1.364566970e-06,1.371875790e-06,4.568496980e-09
7.498942090e+00,3.864512600e-05,1.848564120e-07,2.441910900e-05,2.441933390e-05,1.223192160e-05,1.229743760e-05,4.618476790e-08,2.437613430e-05,2.437635880e-05,1.215556920e-05,1.222067630e-05,4.595825960e-08,1.448087570e-06,1.448100900e-06,1.364566970e-06,1.371875790e-06,4.568496980e-09
7.717915160e+00,3.809591660e-05,1.822293050e-07,2.407144220e-05,2.407166380e-05,1.205934130e-05,1.212393290e-05,4.553137860e-08,2.402784570e-05,2.402806700e-05,1.198188930e-05,1.204606600e-05,4.530160340e-08,1.448087570e-06,1.448100900e-06,1.364566970e-06,1.371875790e-06,4.568496980e-09
7.943282350e+00,3.755459710e-05,1.796399390e-07,2.372876070e-05,2.372897920e-05,1.188925820e-05,1.195293890e-05,4.488741830e-08,2.368453350e-05,2.368475160e-05,1.181069080e-05,1.187395070e-05,4.465432960e-08,1.448087570e-06,1.448100900e-06,1.364566970e-06,1.371875790e-06,4.568496980e-09
8.175230380e+00,3.702105520e-05,1.770877760e-07,2.339099360e-05,2.339120900e-05,1.172163710e-05,1.178441990e-05,4.425275350e-08,2.334612650e-05,2.334634150e-05,1.164193850e-05,1.170429450e-05,4.401630410e-08,1.448087570e-06,1.448100900e-06,1.364566970e-06,1.371875790e-06,4.568496980e-09
8.413951420e+00,3.649518040e-05,1.745722890e-07,2.305807090e-05,2.305828320e-05,1.155644310e-05,1.161834110e-05,4.362725290e-08,2.301255470e-05,2.301276670e-05,1.147559730e-05,1.153706230e-05,4.338739480e-08,1.448087570e-06,1.448100900e-06,1.364566970e-06,1.371875790e-06,4.568496980e-09
8.659643230e+00,3.597686380e-05,1.720929560e-07,2.272992370e-05,2.273013300e-05,1.139364210e-05,1.145466820e-05,4.301078670e-08,2.268374910e-05,2.268395800e-05,1.131163290e-05,1.137221970e-05,4.276747140e-08,1.448087570e-06,1.448100900e-06,1.364566970e-06,1.371875790e-06,4.568496980e-09
8.912509380e+00,3.546599810e-05,1.696492640e-07,2.240648390e-05,2.240669030e-05,1.123320040e-05,1.129336710e-05,4.240322740e-08,2.235964140e-05,2.235984730e-05,1.115001110e-05,1.120973230e-05,4.215640550e-08,1.448087570e-06,1.448100900e-06,1.364566970e-06,1.371875790e-06,4.568496980e-09
9.172759350e+00,3.496247740e-05,1.672407060e-07,2.208768470e-05,2.208788810e-05,1.107508470e-05,1.113440450e-05,4.180444890e-08,2.204016460e-05,2.204036760e-05,1.099069870e-05,1.104956650e-05,4.155407060e-08,1.448087570e-06,1.448100900e-06,1.364566970e-06,1.371875790e-06,4.568496980e-09
9.440608760e+00,3.446619750e-05,1.648667830e-07,2.177345990e-05,2.177366050e-05,1.091926210e-05,1.097774730e-05,4.121432730e-08,2.172525260e-05,2.172545270e-05,1.083366250e-05,1.089168920e-05,4.096034200e-08,1.448087570e-06,1.448100900e-06,1.364566970e-06,1.371875790e-06,4.568496980e-09
9.716279520e+00,3.397705550e-05,1.625270050e-07,2.146374460e-05,2.146394220e-05,1.076570050e-05,1.082336320e-05,4.063274030e-08,2.141484000e-05,2.141503720e-05,1.067887000e-05,1.073606760e-05,4.037509650e-08,1.448087570e-06,1.448100900e-06,1.364566970e-06,1.371875790e-06,4.568496980e-09
1.000000000e+01,3.349495010e-05,1.602208850e-07,2.115847440e-05,2.115866930e-05,1.061436800e-05,1.067122020e-05,4.005956730e-08,2.110886270e-05,2.110905710e-05,1.052628930e-05,1.058266970e-05,3.979821310e-08,1.448087570e-06,1.448100900e-06,1.364566970e-06,1.371875790e-06,4.568496980e-09
1.029200530e+01,3.301978150e-05,1.579479480e-07,2.085758630e-05,2.085777840e-05,1.046523330e-05,1.052128660e-05,3.949468960e-08,2.080725710e-05,2.080744880e-05,1.037588860e-05,1.043146340e-05,3.922957230e-08,1.448087570e-06,1.448100900e-06,1.364566970e-06,1.371875790e-06,4.568496970e-09
1.059253730e+01,3.255145120e-05,1.557077200e-07,2.056101790e-05,2.056120730e-05,1.031826530e-05,1.037353150e-05,3.893799020e-08,2.050996100e-05,2.051014990e-05,1.022763690e-05,1.028241760e-05,3.866905630e-08,1.448087570e-06,1.448100900e-06,1.364566970e-06,1.371875790e-06,4.568496970e-09
1.090184490e+01,3.208986220e-05,1.534997400e-07,2.026870780e-05,2.026889440e-05,1.017343370e-05,1.022792410e-05,3.838935360e-08,2.021691260e-05,2.021709880e-05,1.008150340e-05,1.013550140e-05,3.811654900e-08,1.448087570e-06,1.448100900e-06,1.364566970e-06,1.371875790e-06,4.568496970e-09
1.122018450e+01,3.163491890e-05,1.513235490e-07,1.998059530e-05,1.998077930e-05,1.003070840e-05,1.008443440e-05,3.784866620e-08,1.992805140e-05,1.992823490e-05,9.937457870e-06,9.990684380e-06,3.757193600e-08,1.448087570e-06,1.448100900e-06,1.364566970e-06,1.371875790e-06,4.568496970e-09
1.154781980e+01,3.118652710e-05,1.491786960e-07,1.969662090e-05,1.969680230e-05,9.890059910e-06,9.943032550e-06,3.731581600e-08,1.964331740e-05,1.964349830e-05,9.795470490e-06,9.847936490e-06,3.703510440e-08,1.448087570e-06,1.448100900e-06,1.364566970e-06,1.371875790e-06,4.568496970e-09
1.188502230e+01,3.074459390e-05,1.470647380e-07,1.941672580e-05,1.941690460e-05,9.751458960e-06,9.803689230e-06,3.679069240e-08,1.936265170e-05,1.936283010e-05,9.655511830e-06,9.707228200e-06,3.650594320e-08,1.448087560e-06,1.448100900e-06,1.364566970e-06,1.371875790e-06,4.568496970e-09
1.223207120e+01,3.030902770e-05,1.449812360e-07,1.914085190e-05,1.914102810e-05,9.614876840e-06,9.666375550e-06,3.627318680e-08,1.908599620e-05,1.908617200e-05,9.517552920e-06,9.568530360e-06,3.598434260e-08,1.448087560e-06,1.448100900e-06,1.364566970e-06,1.371875790e-06,4.568496970e-09
1.258925410e+01,2.987973830e-05,1.429277580e-07,1.886894210e-05,1.886911580e-05,9.480285240e-06,9.531063060e-06,3.576319170e-08,1.881329360e-05,1.881346690e-05,9.381565180e-06,9.431814240e-06,3.547019480e-08,1.448087560e-06,1.448100900e-06,1.364566970e-06,1.371875790e-06,4.568496970e-09
1.295686700e+01,2.945663670e-05,1.409038800e-07,1.860094010e-05,1.860111140e-05,9.347656250e-06,9.397723700e-06,3.526060150e-08,1.854448740e-05,1.854465820e-05,9.247520450e-06,9.297051550e-06,3.496339310e-08,1.448087560e-06,1.448100900e-06,1.364566970e-06,1.371875790e-06,4.568496970e-09
1.333521430e+01,2.903963540e-05,1.389091820e-07,1.833679040e-05,1.833695920e-05,9.216962370e-06,9.266329790e-06,3.476531210e-08,1.827952200e-05,1.827969030e-05,9.115390960e-06,9.164214350e-06,3.446383270e-08,1.448087560e-06,1.448100900e-06,1.364566970e-06,1.371875790e-06,4.568496970e-09
1.372460960e+01,2.862864800e-05,1.369432500e-07,1.807643820e-05,1.807660470e-05,9.088176480e-06,9.136854110e-06,3.427722080e-08,1.801834230e-05,1.801850830e-05,8.985149350e-06,9.033275150e-06,3.397141000e-08,1.448087560e-06,1.448100900e-06,1.364566970e-06,1.371875790e-06,4.568496970e-09
1.412537540e+01,2.822358920e-05,1.350056780e-07,1.781982970e-05,1.781999380e-05,8.961271880e-06,9.009269790e-06,3.379622630e-08,1.776089450e-05,1.776105800e-05,8.856768640e-06,8.904206810e-06,3.348602310e-08,1.448087560e-06,1.448100900e-06,1.364566970e-06,1.371875790e-06,4.568496970e-09
1.453784390e+01,2.782437520e-05,1.330960640e-07,1.756691160e-05,1.756707340e-05,8.836222250e-06,8.883550370e-06,3.332222890e-08,1.750712500e-05,1.750728630e-05,8.730222250e-06,8.776982620e-06,3.300757150e-08,1.448087560e-06,1.448100900e-06,1.364566970e-06,1.371875790e-06,4.568496970e-09
1.496235660e+01,2.743092330e-05,1.312140130e-07,1.731763170e-05,1.731779120e-05,8.713001630e-06,8.759669760e-06,3.285513050e-08,1.725698150e-05,1.725714040e-05,8.605483970e-06,8.651576220e-06,3.253595600e-08,1.448087560e-06,1.448100900e-06,1.364566970e-06,1.371875790e-06,4.568496970e-09
1.539926530e+01,2.704315190e-05,1.293591340e-07,1.707193820e-05,1.707209550e-05,8.591584460e-06,8.637602270e-06,3.239483410e-08,1.701041200e-05,1.701056870e-05,8.482527960e-06,8.527961640e-06,3.207107910e-08,1.448087560e-06,1.448100900e-06,1.364566970e-06,1.371875790e-06,4.568496970e-09
1.584893190e+01,2.666098070e-05,1.275310440e-07,1.682978030e-05,1.682993530e-05,8.471945560e-06,8.517322570e-06,3.194124430e-08,1.676736560e-05,1.676752000e-05,8.361328760e-06,8.406113280e-06,3.161284430e-08,1.448087560e-06,1.448100900e-06,1.364566970e-06,1.371875790e-06,4.568496960e-09
1.631172910e+01,2.628433060e-05,1.257293630e-07,1.659110780e-05,1.659126060e-05,8.354060090e-06,8.398805690e-06,3.149426710e-08,1.652779180e-05,1.652794400e-05,8.241861260e-06,8.286005900e-06,3.116115690e-08,1.448087560e-06,1.448100900e-06,1.364566970e-06,1.371875790e-06,4.568496960e-09
1.678804020e+01,2.591312350e-05,1.239537180e-07,1.635587130e-05,1.635602190e-05,8.237903600e-06,8.282027040e-06,3.105380970e-08,1.629164110e-05,1.629179110e-05,8.124100730e-06,8.167614620e-06,3.071592310e-08,1.448087560e-06,1.448100900e-06,1.364566970e-06,1.371875790e-06,4.568496960e-09
1.727825980e+01,2.554728250e-05,1.222037420e-07,1.612402200e-05,1.612417050e-05,8.123451960e-06,8.166962380e-06,3.061978090e-08,1.605886450e-05,1.605901240e-05,8.008022770e-06,8.050914930e-06,3.027705100e-08,1.448087560e-06,1.448100900e-06,1.364566960e-06,1.371875790e-06,4.568496960e-09
1.778279410e+01,2.518673180e-05,1.204790710e-07,1.589551190e-05,1.589565830e-05,8.010681420e-06,8.053587820e-06,3.019209050e-08,1.582941380e-05,1.582955960e-05,7.893603340e-06,7.935882660e-06,2.984444950e-08,1.448087560e-06,1.448100900e-06,1.364566960e-06,1.371875790e-06,4.568496960e-09
1.830206110e+01,2.483139660e-05,1.187793490e-07,1.567029370e-05,1.567043800e-05,7.899568560e-06,7.941879830e-06,2.977064990e-08,1.560324160e-05,1.560338530e-05,7.780818760e-06,7.822493980e-06,2.941802900e-08,1.448087560e-06,1.448100900e-06,1.364566960e-06,1.371875790e-06,4.568496960e-09
1.883649090e+01,2.448120340e-05,1.171042230e-07,1.544832070e-05,1.544846300e-05,7.790090330e-06,7.831815210e-06,2.935537160e-08,1.538030090e-05,1.538044260e-05,7.669645640e-06,7.710725410e-06,2.899770130e-08,1.448087560e-06,1.448100900e-06,1.364566960e-06,1.371875790e-06,4.568496960e-09
1.938652640e+01,2.413607960e-05,1.154533460e-07,1.522954700e-05,1.522968730e-05,7.682223970e-06,7.723371100e-06,2.894616960e-08,1.516054560e-05,1.516068530e-05,7.560060980e-06,7.600553800e-06,2.858337920e-08,1.448087560e-06,1.448100900e-06,1.364566960e-06,1.371875790e-06,4.568496950e-09
1.995262310e+01,2.379595370e-05,1.138263760e-07,1.501392720e-05,1.501406540e-05,7.575947080e-06,7.616524980e-06,2.854295880e-08,1.494393030e-05,1.494406790e-05,7.452042080e-06,7.491956330e-06,2.817497710e-08,1.448087560e-06,1.448100890e-06,1.364566960e-06,1.371875790e-06,4.568496950e-09
2.053525030e+01,2.346075510e-05,1.122229760e-07,1.480141660e-05,1.480155290e-05,7.471237590e-06,7.511254650e-06,2.814565570e-08,1.473040990e-05,1.473054560e-05,7.345566560e-06,7.384910510e-06,2.777241020e-08,1.448087560e-06,1.448100890e-06,1.364566960e-06,1.371875790e-06,4.568496950e-09
2.113489040e+01,2.313041450e-05,1.106428130e-07,1.459197130e-05,1.459210560e-05,7.368073740e-06,7.407538240e-06,2.775417770e-08,1.451994030e-05,1.452007410e-05,7.240612380e-06,7.279394180e-06,2.737559520e-08,1.448087560e-06,1.448100890e-06,1.364566960e-06,1.371875790e-06,4.568496950e-09
2.175204030e+01,2.280486330e-05,1.090855610e-07,1.438554770e-05,1.438568020e-05,7.266434080e-06,7.305354190e-06,2.736844360e-08,1.431247800e-05,1.431260980e-05,7.137157790e-06,7.175385470e-06,2.698445000e-08,1.448087560e-06,1.448100890e-06,1.364566960e-06,1.371875790e-06,4.568496950e-09
2.238721140e+01,2.248403420e-05,1.075508960e-07,1.418210330e-05,1.418223390e-05,7.166297500e-06,7.204681260e-06,2.698837340e-08,1.410797990e-05,1.410810980e-05,7.035181360e-06,7.072862850e-06,2.659889350e-08,1.448087560e-06,1.448100890e-06,1.364566960e-06,1.371875780e-06,4.568496950e-09
2.304092980e+01,2.216786050e-05,1.060385000e-07,1.398159580e-05,1.398172450e-05,7.067643170e-06,7.105498520e-06,2.661388820e-08,1.390640370e-05,1.390653170e-05,6.934661990e-06,6.971805080e-06,2.621884590e-08,1.448087560e-06,1.448100890e-06,1.364566960e-06,1.371875780e-06,4.568496940e-09
2.371373710e+01,2.185627680e-05,1.045480600e-07,1.378398360e-05,1.378411060e-05,6.970450580e-06,7.007785350e-06,2.624491010e-08,1.370770760e-05,1.370783380e-05,6.835578850e-06,6.872191230e-06,2.584422840e-08,1.448087550e-06,1.448100890e-06,1.364566960e-06,1.371875780e-06,4.568496940e-09
2.440619070e+01,2.154921840e-05,1.030792660e-07,1.358922590e-05,1.358935110e-05,6.874699510e-06,6.911521420e-06,2.588136260e-08,1.351185050e-05,1.351197490e-05,6.737911420e-06,6.774000680e-06,2.547496350e-08,1.448087550e-06,1.448100890e-06,1.364566960e-06,1.371875780e-06,4.568496940e-09
2.511886430e+01,2.124662180e-05,1.016318160e-07,1.339728230e-05,1.339740570e-05,6.780370040e-06,6.816686710e-06,2.552317010e-08,1.331879180e-05,1.331891450e-05,6.641639470e-06,6.677213080e-06,2.511097470e-08,1.448087550e-06,1.448100890e-06,1.364566960e-06,1.371875780e-06,4.568496940e-09
2.585234840e+01,2.094842420e-05,1.002054070e-07,1.320811300e-05,1.320823460e-05,6.687442540e-06,6.723261480e-06,2.517025830e-08,1.312849160e-05,1.312861250e-05,6.546743060e-06,6.581808400e-06,2.475218650e-08,1.448087550e-06,1.448100890e-06,1.364566960e-06,1.371875780e-06,4.568496930e-09
2.660725060e+01,2.065456380e-05,9.879974520e-08,1.302167880e-05,1.302179870e-05,6.595897670e-06,6.631226280e-06,2.482255380e-08,1.294091040e-05,1.294102960e-05,6.453202550e-06,6.487766860e-06,2.439852480e-08,1.448087550e-06,1.448100890e-06,1.364566960e-06,1.371875780e-06,4.568496930e-09
2.738419630e+01,2.036497970e-05,9.741453860e-08,1.283794110e-05,1.283805940e-05,6.505716370e-06,6.540561950e-06,2.447998440e-08,1.275600940e-05,1.275612680e-05,6.360998540e-06,6.395069000e-06,2.404991630e-08,1.448087550e-06,1.448100890e-06,1.364566950e-06,1.371875780e-06,4.568496930e-09
2.818382930e+01,2.007961170e-05,9.604950000e-08,1.265686190e-05,1.265697840e-05,6.416879850e-06,6.451249610e-06,2.414247890e-08,1.257375020e-05,1.257386600e-05,6.270111960e-06,6.303695620e-06,2.370628870e-08,1.448087550e-06,1.448100890e-06,1.364566950e-06,1.371875780e-06,4.568496920e-09
2.900681200e+01,1.979840090e-05,9.470434640e-08,1.247840350e-05,1.247851840e-05,6.329369600e-06,6.363270650e-06,2.380996710e-08,1.239409520e-05,1.239420940e-05,6.180523980e-06,6.213627780e-06,2.336757090e-08,1.448087550e-06,1.448100880e-06,1.364566950e-06,1.371875780e-06,4.568496920e-09
2.985382620e+01,1.952128870e-05,9.337879880e-08,1.230252910e-05,1.230264240e-05,6.243167400e-06,6.276606730e-06,2.348237980e-08,1.221700720e-05,1.221711970e-05,6.092216030e-06,6.124846850e-06,2.303369270e-08,1.448087550e-06,1.448100880e-06,1.364566950e-06,1.371875780e-06,4.568496920e-09
3.072557370e+01,1.924821790e-05,9.207258250e-08,1.212920210e-05,1.212931380e-05,6.158255250e-06,6.191239790e-06,2.315964900e-08,1.204244930e-05,1.204256030e-05,6.005169840e-06,6.037334430e-06,2.270458500e-08,1.448087550e-06,1.448100880e-06,1.364566950e-06,1.371875770e-06,4.568496910e-09
3.162277660e+01,1.897913170e-05,9.078542650e-08,1.195838670e-05,1.195849680e-05,6.074615470e-06,6.107152010e-06,2.284170750e-08,1.187038560e-05,1.187049490e-05,5.919367370e-06,5.951072390e-06,2.238017960e-08,1.448087540e-06,1.448100880e-06,1.364566950e-06,1.371875770e-06,4.568496910e-09
3.254617830e+01,1.871397430e-05,8.951706380e-08,1.179004740e-05,1.179015600e-05,5.992230580e-06,6.024325860e-06,2.252848920e-08,1.170078040e-05,1.170088810e-05,5.834790860e-06,5.866042870e-06,2.206040930e-08,1.448087540e-06,1.448100880e-06,1.364566950e-06,1.371875770e-06,4.568496900e-09
3.349654390e+01,1.845269080e-05,8.826723130e-08,1.162414950e-05,1.162425650e-05,5.911083400e-06,5.942744050e-06,2.221992880e-08,1.153359850e-05,1.153370470e-05,5.751422780e-06,5.782228260e-06,2.174520800e-08,1.448087540e-06,1.448100880e-06,1.364566950e-06,1.371875770e-06,4.568496900e-09
3.447466070e+01,1.819522690e-05,8.703566990e-08,1.146065840e-05,1.146076390e-05,5.831156980e-06,5.862389530e-06,2.191596210e-08,1.136880520e-05,1.136890990e-05,5.669245880e-06,5.699611200e-06,2.143451030e-08,1.448087540e-06,1.448100880e-06,1.364566940e-06,1.371875770e-06,4.568496890e-09
3.548133890e+01,1.794152930e-05,8.582212400e-08,1.129954030e-05,1.129964430e-05,5.752434630e-06,5.783245530e-06,2.161652590e-08,1.120636660e-05,1.120646980e-05,5.588243120e-06,5.618174590e-06,2.112825190e-08,1.448087540e-06,1.448100870e-06,1.364566940e-06,1.371875770e-06,4.568496890e-09
3.651741270e+01,1.769154520e-05,8.462634180e-08,1.114076180e-05,1.114086440e-05,5.674899880e-06,5.705295490e-06,2.132155770e-08,1.104624890e-05,1.104635060e-05,5.508397750e-06,5.537901550e-06,2.082636930e-08,1.448087540e-06,1.448100870e-06,1.364566940e-06,1.371875770e-06,4.568496880e-09
3.758374040e+01,1.744522290e-05,8.344807510e-08,1.098429000e-05,1.098439110e-05,5.598536530e-06,5.628523120e-06,2.103099600e-08,1.088841900e-05,1.088851930e-05,5.429693210e-06,5.458775450e-06,2.052880000e-08,1.448087530e-06,1.448100870e-06,1.364566940e-06,1.371875760e-06,4.568496880e-09
3.868120550e+01,1.720251110e-05,8.228707960e-08,1.083009240e-05,1.083019220e-05,5.523328590e-06,5.552912360e-06,2.074478040e-08,1.073284420e-05,1.073294300e-05,5.352113200e-06,5.380779920e-06,2.023548250e-08,1.448087530e-06,1.448100870e-06,1.364566940e-06,1.371875760e-06,4.568496870e-09
3.981071710e+01,1.696335960e-05,8.114311420e-08,1.067813720e-05,1.067823550e-05,5.449260320e-06,5.478447370e-06,2.046285110e-08,1.057949220e-05,1.057958970e-05,5.275641670e-06,5.303898800e-06,1.994635590e-08,1.448087530e-06,1.448100870e-06,1.364566940e-06,1.371875760e-06,4.568496860e-09
4.097321100e+01,1.672771870e-05,8.001594150e-08,1.052839270e-05,1.052848970e-05,5.376316200e-06,5.405112550e-06,2.018514930e-08,1.042833140e-05,1.042842740e-05,5.200262770e-06,5.228116160e-06,1.966136030e-08,1.448087530e-06,1.448100860e-06,1.364566930e-06,1.371875760e-06,4.568496860e-09
4.216965030e+01,1.649553940e-05,7.890532750e-08,1.038082800e-05,1.038092360e-05,5.304480940e-06,5.332892530e-06,1.991161710e-08,1.027933030e-05,1.027942500e-05,5.125960900e-06,5.153416310e-06,1.938043680e-08,1.448087530e-06,1.448100860e-06,1.364566930e-06,1.371875760e-06,4.568496850e-09
4.340102640e+01,1.626677360e-05,7.781104150e-08,1.023541240e-05,1.023550670e-05,5.233739470e-06,5.261772160e-06,1.964219730e-08,1.013245820e-05,1.013255150e-05,5.052720650e-06,5.079783780e-06,1.910352720e-08,1.448087520e-06,1.448100860e-06,1.364566930e-06,1.371875750e-06,4.568496840e-09
4.466835920e+01,1.604137380e-05,7.673285640e-08,1.009211580e-05,1.009220880e-05,5.164076950e-06,5.191736520e-06,1.937683370e-08,9.987684630e-06,9.987776610e-06,4.980526870e-06,5.007203310e-06,1.883057410e-08,1.448087520e-06,1.448100860e-06,1.364566930e-06,1.371875750e-06,4.568496830e-09
4.597269890e+01,1.581929310e-05,7.567054830e-08,9.950908530e-06,9.951000170e-06,5.095478740e-06,5.122770890e-06,1.911547080e-08,9.844979590e-06,9.845070250e-06,4.909364600e-06,4.935659890e-06,1.856152090e-08,1.448087520e-06,1.448100850e-06,1.364566920e-06,1.371875750e-06,4.568496820e-09
4.731512590e+01,1.560048550e-05,7.462389640e-08,9.811761230e-06,9.811851590e-06,5.027930430e-06,5.054860770e-06,1.885805390e-08,9.704313520e-06,9.704402890e-06,4.839219100e-06,4.865138680e-06,1.829631200e-08,1.448087510e-06,1.448100850e-06,1.364566920e-06,1.371875750e-06,4.568496810e-09
4.869675250e+01,1.538490540e-05,7.359268340e-08,9.674645070e-06,9.674734170e-06,4.961417790e-06,4.987991880e-06,1.860452930e-08,9.565657310e-06,9.565745400e-06,4.770075850e-06,4.795625080e-06,1.803489250e-08,1.448087510e-06,1.448100850e-06,1.364566920e-06,1.371875740e-06,4.568496800e-09
5.011872340e+01,1.517250810e-05,7.257669490e-08,9.539531610e-06,9.539619460e-06,4.895926820e-06,4.922150130e-06,1.835484380e-08,9.428982230e-06,9.429069060e-06,4.701920520e-06,4.727104710e-06,1.777720810e-08,1.448087510e-06,1.448100840e-06,1.364566920e-06,1.371875740e-06,4.568496790e-09
5.158221650e+01,1.496324940e-05,7.157571980e-08,9.406392820e-06,9.406479450e-06,4.831443720e-06,4.857321660e-06,1.810894520e-08,9.294259970e-06,9.294345570e-06,4.634739000e-06,4.659563350e-06,1.752320550e-08,1.448087500e-06,1.448100840e-06,1.364566910e-06,1.371875740e-06,4.568496780e-09
5.308844440e+01,1.475708580e-05,7.058955010e-08,9.275201080e-06,9.275286500e-06,4.767954900e-06,4.793492770e-06,1.786678190e-08,9.161462640e-06,9.161547010e-06,4.568517380e-06,4.592987040e-06,1.727283220e-08,1.448087500e-06,1.448100840e-06,1.364566910e-06,1.371875730e-06,4.568496770e-09
5.463865500e+01,1.455397450e-05,6.961798060e-08,9.145929180e-06,9.146013410e-06,4.705446930e-06,4.730650000e-06,1.762830320e-08,9.030562730e-06,9.030645900e-06,4.503241940e-06,4.527361970e-06,1.702603620e-08,1.448087500e-06,1.448100830e-06,1.364566900e-06,1.371875730e-06,4.568496760e-09
5.623413250e+01,1.435387320e-05,6.866080950e-08,9.018550300e-06,9.018633350e-06,4.643906600e-06,4.668780060e-06,1.739345890e-08,8.901533130e-06,8.901615110e-06,4.438899160e-06,4.462674560e-06,1.678276650e-08,1.448087490e-06,1.448100830e-06,1.364566900e-06,1.371875720e-06,4.568496740e-09
5.787619880e+01,1.415674030e-05,6.771783740e-08,8.893037990e-06,8.893119890e-06,4.583320910e-06,4.607869860e-06,1.716219990e-08,8.774347110e-06,8.774427920e-06,4.375475710e-06,4.398911410e-06,1.654297260e-08,1.448087490e-06,1.448100820e-06,1.364566900e-06,1.371875720e-06,4.568496730e-09
5.956621440e+01,1.396253480e-05,6.678886840e-08,8.769366210e-06,8.769446970e-06,4.523676990e-06,4.547906480e-06,1.693447740e-08,8.648978340e-06,8.649058000e-06,4.312958470e-06,4.336059320e-06,1.630660490e-08,1.448087480e-06,1.448100820e-06,1.364566890e-06,1.371875720e-06,4.568496720e-09
6.130557920e+01,1.377121630e-05,6.587370900e-08,8.647509300e-06,8.647588940e-06,4.464962220e-06,4.488877220e-06,1.671024370e-08,8.525400860e-06,8.525479370e-06,4.251334480e-06,4.274105260e-06,1.607361450e-08,1.448087480e-06,1.448100810e-06,1.364566890e-06,1.371875710e-06,4.568496700e-09
6.309573440e+01,1.358274490e-05,6.497216870e-08,8.527441950e-06,8.527520490e-06,4.407164110e-06,4.430769540e-06,1.648945140e-08,8.403589050e-06,8.403666440e-06,4.190590970e-06,4.213036400e-06,1.584395300e-08,1.448087470e-06,1.448100810e-06,1.364566880e-06,1.371875710e-06,4.568496680e-09
6.493816320e+01,1.339708140e-05,6.408405980e-08,8.409139250e-06,8.409216690e-06,4.350270370e-06,4.373571070e-06,1.627205420e-08,8.283517710e-06,8.283593990e-06,4.130715380e-06,4.152840100e-06,1.561757300e-08,1.448087470e-06,1.448100800e-06,1.364566880e-06,1.371875700e-06,4.568496670e-09
6.683439180e+01,1.321418710e-05,6.320919730e-08,8.292576620e-06,8.292652990e-06,4.294268890e-06,4.317269630e-06,1.605800610e-08,8.165161950e-06,8.165237150e-06,4.071695290e-06,4.093503900e-06,1.539442750e-08,1.448087460e-06,1.448100800e-06,1.364566870e-06,1.371875690e-06,4.568496650e-09
6.878599120e+01,1.303402400e-05,6.234739900e-08,8.177729860e-06,8.177805170e-06,4.239147720e-06,4.261853220e-06,1.584726190e-08,8.048497270e-06,8.048571390e-06,4.013518490e-06,4.035015490e-06,1.517447030e-08,1.448087460e-06,1.448100790e-06,1.364566870e-06,1.371875690e-06,4.568496630e-09
7.079457840e+01,1.285655440e-05,6.149848520e-08,8.064575110e-06,8.064649380e-06,4.184895080e-06,4.207310010e-06,1.563977720e-08,7.933499510e-06,7.933572570e-06,3.956172920e-06,3.977362770e-06,1.495765590e-08,1.448087450e-06,1.448100780e-06,1.364566860e-06,1.371875680e-06,4.568496610e-09
7.286181750e+01,1.268174140e-05,6.066227890e-08,7.953088870e-06,7.953162120e-06,4.131499380e-06,4.153628310e-06,1.543550810e-08,7.820144840e-06,7.820216860e-06,3.899646710e-06,3.920533800e-06,1.474393940e-08,1.448087440e-06,1.448100780e-06,1.364566850e-06,1.371875680e-06,4.568496580e-09
7.498942090e+01,1.250954840e-05,5.983860560e-08,7.843247980e-06,7.843320210e-06,4.078949170e-06,4.100796630e-06,1.523441120e-08,7.708409800e-06,7.708480790e-06,3.843928150e-06,3.864516800e-06,1.453327640e-08,1.448087430e-06,1.448100770e-06,1.364566850e-06,1.371875670e-06,4.568496560e-09
7.717915160e+01,1.233993970e-05,5.902729360e-08,7.735029600e-06,7.735100840e-06,4.027233150e-06,4.048803610e-06,1.503644400e-08,7.598271240e-06,7.598341210e-06,3.789005700e-06,3.809300180e-06,1.432562350e-08,1.448087430e-06,1.448100760e-06,1.364566840e-06,1.371875660e-06,4.568496530e-09
7.943282350e+01,1.217287970e-05,5.822817350e-08,7.628411250e-06,7.628481500e-06,3.976340220e-06,3.997638090e-06,1.484156440e-08,7.489706340e-06,7.489775310e-06,3.734867990e-06,3.754872500e-06,1.412093740e-08,1.448087420e-06,1.448100750e-06,1.364566830e-06,1.371875650e-06,4.568496510e-09
8.175230380e+01,1.200833360e-05,5.744107830e-08,7.523370760e-06,7.523440040e-06,3.926259400e-06,3.947289030e-06,1.464973110e-08,7.382692630e-06,7.382760620e-06,3.681503800e-06,3.701222490e-06,1.391917600e-08,1.448087410e-06,1.448100740e-06,1.364566820e-06,1.371875640e-06,4.568496480e-09
8.413951420e+01,1.184626700e-05,5.666584360e-08,7.419886280e-06,7.419954620e-06,3.876979880e-06,3.897745560e-06,1.446090310e-08,7.277207940e-06,7.277274950e-06,3.628902090e-06,3.648339030e-06,1.372029730e-08,1.448087400e-06,1.448100740e-06,1.364566810e-06,1.371875640e-06,4.568496450e-09
8.659643230e+01,1.168664600e-05,5.590230740e-08,7.317936300e-06,7.318003700e-06,3.828490990e-06,3.848996950e-06,1.427504030e-08,7.173230420e-06,7.173296480e-06,3.577051950e-06,3.596211180e-06,1.352426030e-08,1.448087390e-06,1.448100730e-06,1.364566800e-06,1.371875630e-06,4.568496420e-09
8.912509380e+01,1.152943720e-05,5.515030990e-08,7.217499600e-06,7.217566070e-06,3.780782210e-06,3.801032650e-06,1.409210300e-08,7.070738540e-06,7.070803660e-06,3.525942650e-06,3.544828130e-06,1.333102420e-08,1.448087380e-06,1.448100710e-06,1.364566790e-06,1.371875620e-06,4.568496380e-09
9.172759350e+01,1.137460780e-05,5.440969380e-08,7.118555290e-06,7.118620850e-06,3.733843180e-06,3.753842200e-06,1.391205200e-08,6.969711070e-06,6.969775260e-06,3.475563610e-06,3.494179250e-06,1.314054910e-08,1.448087370e-06,1.448100700e-06,1.364566780e-06,1.371875610e-06,4.568496350e-09
9.440608760e+01,1.122212520e-05,5.368030400e-08,7.021082770e-06,7.021147430e-06,3.687663670e-06,3.707415340e-06,1.373484880e-08,6.870127090e-06,6.870190360e-06,3.425904380e-06,3.444254040e-06,1.295279550e-08,1.448087360e-06,1.448100690e-06,1.364566770e-06,1.371875590e-06,4.568496310e-09
9.716279520e+01,1.107195770e-05,5.296198770e-08,6.925061740e-06,6.925125520e-06,3.642233580e-06,3.661741920e-06,1.356045540e-08,6.771965980e-06,6.772028340e-06,3.376954690e-06,3.395042170e-06,1.276772460e-08,1.448087340e-06,1.448100680e-06,1.364566760e-06,1.371875580e-06,4.568496270e-09
1.000000000e+02,1.092407360e-05,5.225459430e-08,6.830472220e-06,6.830535120e-06,3.597542960e-06,3.616811940e-06,1.338883430e-08,6.675207400e-06,6.675268870e-06,3.328704400e-06,3.346533440e-06,1.258529800e-08,1.448087330e-06,1.448100670e-06,1.364566750e-06,1.371875570e-06,4.568496230e-09
1.029200530e+02,1.077844200e-05,5.155797550e-08,6.737294480e-06,6.737356520e-06,3.553582010e-06,3.572615520e-06,1.321994850e-08,6.579831310e-06,6.579891900e-06,3.281143510e-06,3.298717800e-06,1.240547790e-08,1.448087320e-06,1.448100650e-06,1.364566730e-06,1.371875560e-06,4.568496190e-09
1.059253730e+02,1.063503220e-05,5.087198480e-08,6.645509120e-06,6.645570320e-06,3.510341030e-06,3.529142940e-06,1.305376170e-08,6.485817960e-06,6.485877690e-06,3.234262170e-06,3.251585360e-06,1.222822710e-08,1.448087300e-06,1.448100640e-06,1.364566720e-06,1.371875540e-06,4.568496140e-09
1.090184490e+02,1.049381430e-05,5.019647840e-08,6.555096990e-06,6.555157360e-06,3.467810460e-06,3.486384570e-06,1.289023780e-08,6.393147880e-06,6.393206750e-06,3.188050680e-06,3.205126350e-06,1.205350880e-08,1.448087280e-06,1.448100620e-06,1.364566700e-06,1.371875530e-06,4.568496090e-09
1.122018450e+02,1.035475830e-05,4.953131400e-08,6.466039250e-06,6.466098800e-06,3.425980890e-06,3.444330960e-06,1.272934150e-08,6.301801870e-06,6.301859910e-06,3.142499460e-06,3.159331150e-06,1.188128690e-08,1.448087270e-06,1.448100600e-06,1.364566690e-06,1.371875510e-06,4.568496040e-09
1.154781980e+02,1.021783520e-05,4.887635180e-08,6.378317310e-06,6.378376050e-06,3.384843010e-06,3.402972740e-06,1.257103780e-08,6.211761030e-06,6.211818230e-06,3.097599080e-06,3.114190280e-06,1.171152580e-08,1.448087250e-06,1.448100590e-06,1.364566670e-06,1.371875490e-06,4.568495980e-09
1.188502230e+02,1.008301610e-05,4.823145370e-08,6.291912870e-06,6.291970810e-06,3.344387650e-06,3.362300690e-06,1.241529230e-08,6.123006690e-06,6.123063080e-06,3.053340230e-06,3.069694380e-06,1.154419020e-08,1.448087230e-06,1.448100570e-06,1.364566650e-06,1.371875480e-06,4.568495920e-09
1.223207120e+02,9.950272470e-06,4.759648400e-08,6.206807880e-06,6.206865040e-06,3.304605730e-06,3.322305690e-06,1.226207090e-08,6.035520480e-06,6.035576060e-06,3.009713760e-06,3.025834240e-06,1.137924550e-08,1.448087210e-06,1.448100550e-06,1.364566640e-06,1.371875460e-06,4.568495860e-09
1.258925410e+02,9.819576400e-06,4.697130850e-08,6.122984560e-06,6.123040950e-06,3.265488330e-06,3.282978770e-06,1.211134020e-08,5.949284280e-06,5.949339070e-06,2.966710630e-06,2.982600780e-06,1.121665760e-08,1.448087190e-06,1.448100530e-06,1.364566620e-06,1.371875440e-06,4.568495790e-09
1.295686700e+02,9.690900270e-06,4.635579530e-08,6.040425400e-06,6.040481030e-06,3.227026610e-06,3.244311050e-06,1.196306700e-08,5.864280230e-06,5.864334230e-06,2.924321930e-06,2.939985040e-06,1.105639270e-08,1.448087170e-06,1.448100500e-06,1.364566590e-06,1.371875420e-06,4.568495720e-09
1.333521430e+02,9.564216870e-06,4.574981410e-08,5.959113130e-06,5.959168010e-06,3.189211870e-06,3.206293760e-06,1.181721880e-08,5.780490710e-06,5.780543950e-06,2.882538880e-06,2.897978190e-06,1.089841770e-08,1.448087140e-06,1.448100480e-06,1.364566570e-06,1.371875390e-06,4.568495640e-09
1.372460960e+02,9.439499370e-06,4.515323680e-08,5.879030730e-06,5.879084880e-06,3.152035500e-06,3.168918270e-06,1.167376330e-08,5.697898390e-06,5.697950860e-06,2.841352830e-06,2.856571540e-06,1.074269980e-08,1.448087120e-06,1.448100450e-06,1.364566550e-06,1.371875370e-06,4.568495570e-09
1.412537540e+02,9.316721360e-06,4.456593700e-08,5.800161460e-06,5.800214870e-06,3.115489010e-06,3.132176030e-06,1.153266890e-08,5.616486150e-06,5.616537870e-06,2.800755250e-06,2.815756510e-06,1.058920680e-08,1.448087090e-06,1.448100430e-06,1.364566520e-06,1.371875340e-06,4.568495480e-09
1.453784390e+02,9.195856780e-06,4.398778990e-08,5.722488770e-06,5.722541470e-06,3.079564010e-06,3.096058620e-06,1.139390420e-08,5.536237130e-06,5.536288120e-06,2.760737730e-06,2.775524650e-06,1.043790700e-08,1.448087060e-06,1.448100400e-06,1.364566500e-06,1.371875320e-06,4.568495390e-09
1.496235660e+02,9.076879950e-06,4.341867280e-08,5.645996400e-06,5.646048400e-06,3.044252230e-06,3.060557700e-06,1.125743820e-08,5.457134710e-06,5.457184970e-06,2.721291980e-06,2.735867620e-06,1.028876890e-08,1.448087030e-06,1.448100370e-06,1.364566470e-06,1.371875290e-06,4.568495300e-09
1.539926530e+02,8.959765570e-06,4.285846460e-08,5.570668300e-06,5.570719600e-06,3.009545490e-06,3.025665060e-06,1.112324050e-08,5.379162520e-06,5.379212050e-06,2.682409830e-06,2.696777220e-06,1.014176180e-08,1.448087000e-06,1.448100340e-06,1.364566440e-06,1.371875260e-06,4.568495200e-09
1.584893190e+02,8.844488690e-06,4.230704590e-08,5.496488670e-06,5.496539290e-06,2.975435700e-06,2.991372580e-06,1.099128100e-08,5.302304390e-06,5.302353220e-06,2.644083230e-06,2.658245330e-06,9.996855040e-09,1.448086970e-06,1.448100300e-06,1.364566410e-06,1.371875230e-06,4.568495090e-09
1.631172910e+02,8.731024700e-06,4.176429930e-08,5.423441910e-06,5.423491860e-06,2.941914890e-06,2.957672220e-06,1.086152990e-08,5.226544410e-06,5.226592540e-06,2.606304240e-06,2.620264000e-06,9.854018740e-09,1.448086930e-06,1.448100270e-06,1.364566370e-06,1.371875190e-06,4.568494980e-09
1.678804020e+02,8.619349370e-06,4.123010850e-08,5.351512690e-06,5.351561980e-06,2.908975160e-06,2.924556070e-06,1.073395790e-08,5.151866890e-06,5.151914330e-06,2.569065040e-06,2.582825340e-06,9.713223290e-09,1.448086900e-06,1.448100230e-06,1.364566340e-06,1.371875160e-06,4.568494860e-09
1.727825980e+02,8.509438800e-06,4.070435940e-08,5.280685870e-06,5.280734500e-06,2.876608730e-06,2.892016280e-06,1.060853600e-08,5.078256360e-06,5.078303130e-06,2.532357920e-06,2.545921600e-06,9.574439530e-09,1.448086860e-06,1.448100190e-06,1.364566300e-06,1.371875120e-06,4.568494740e-09
1.778279410e+02,8.401269410e-06,4.018693920e-08,5.210946530e-06,5.210994520e-06,2.844807910e-06,2.860045120e-06,1.048523570e-08,5.005697590e-06,5.005743690e-06,2.496175260e-06,2.509545150e-06,9.437638720e-09,1.448086810e-06,1.448100150e-06,1.364566260e-06,1.371875080e-06,4.568494600e-09
1.830206110e+02,8.294817990e-06,3.967773680e-08,5.142279990e-06,5.142327350e-06,2.813565070e-06,2.828634940e-06,1.036402870e-08,4.934175530e-06,4.934220970e-06,2.460509590e-06,2.473688440e-06,9.302792510e-09,1.448086770e-06,1.448100100e-06,1.364566220e-06,1.371875040e-06,4.568494460e-09
1.883649090e+02,8.190061620e-06,3.917664260e-08,5.074671750e-06,5.074718490e-06,2.782872700e-06,2.797778180e-06,1.024488710e-08,4.863675380e-06,4.863720180e-06,2.425353500e-06,2.438344060e-06,9.169872990e-09,1.448086720e-06,1.448100060e-06,1.364566170e-06,1.371874990e-06,4.568494310e-09
1.938652640e+02,8.086977710e-06,3.868354860e-08,5.008107550e-06,5.008153670e-06,2.752723360e-06,2.767467360e-06,1.012778330e-08,4.794182540e-06,4.794226690e-06,2.390699730e-06,2.403504670e-06,9.038852620e-09,1.448086670e-06,1.448100010e-06,1.364566130e-06,1.371874950e-06,4.568494150e-09
1.995262310e+02,7.985544010e-06,3.819834830e-08,4.942573320e-06,4.942618840e-06,2.723109710e-06,2.737695090e-06,1.001269030e-08,4.725682610e-06,4.725726130e-06,2.356541090e-06,2.369163070e-06,8.909704270e-09,1.448086620e-06,1.448099950e-06,1.364566080e-06,1.371874900e-06,4.568493990e-09
2.053525030e+02,7.885738540e-06,3.772093660e-08,4.878055190e-06,4.878100110e-06,2.694024470e-06,2.708454060e-06,9.899581120e-09,4.658161410e-06,4.658204310e-06,2.322870510e-06,2.335312150e-06,8.782401190e-09,1.448086560e-06,1.448099900e-06,1.364566020e-06,1.371874840e-06,4.568493810e-09
2.113489040e+02,7.787539660e-06,3.725120990e-08,4.814539490e-06,4.814583830e-06,2.665460450e-06,2.679737050e-06,9.788429200e-09,4.591604950e-06,4.591647240e-06,2.289681010e-06,2.301944880e-06,8.656917020e-09,1.448086500e-06,1.448099840e-06,1.364565970e-06,1.371874790e-06,4.568493620e-09
2.175204030e+02,7.690925990e-06,3.678906600e-08,4.752012770e-06,4.752056530e-06,2.637410540e-06,2.651536910e-06,9.679208340e-09,4.525999450e-06,4.526041130e-06,2.256965720e-06,2.269054370e-06,8.533225760e-09,1.448086440e-06,1.448099780e-06,1.364565910e-06,1.371874730e-06,4.568493420e-09
2.238721140e+02,7.595876490e-06,3.633440430e-08,4.690461730e-06,4.690504920e-06,2.609867720e-06,2.623846560e-06,9.571892610e-09,4.461331310e-06,4.461372400e-06,2.224717870e-06,2.236633790e-06,8.411301800e-09,1.448086370e-06,1.448099710e-06,1.364565840e-06,1.371874660e-06,4.568493210e-09
2.304092980e+02,7.502370360e-06,3.588712530e-08,4.629873290e-06,4.629915930e-06,2.582825030e-06,2.596659020e-06,9.466456410e-09,4.397587150e-06,4.397627650e-06,2.192930770e-06,2.204676430e-06,8.291119880e-09,1.448086300e-06,1.448099640e-06,1.364565780e-06,1.371874600e-06,4.568492990e-09
2.371373710e+02,7.410387120e-06,3.544713100e-08,4.570234560e-06,4.570276650e-06,2.556275580e-06,2.569967370e-06,9.362874430e-09,4.334753770e-06,4.334793690e-06,2.161597850e-06,2.173175690e-06,8.172655110e-09,1.448086230e-06,1.448099560e-06,1.364565710e-06,1.371874520e-06,4.568492750e-09
2.440619070e+02,7.319906560e-06,3.501432470e-08,4.511532820e-06,4.511574360e-06,2.530212550e-06,2.543764750e-06,9.261121640e-09,4.272818140e-06,4.272857490e-06,2.130712610e-06,2.142125020e-06,8.055882960e-09,1.448086150e-06,1.448099480e-06,1.364565630e-06,1.371874450e-06,4.568492500e-09
2.511886430e+02,7.230908720e-06,3.458861100e-08,4.453755520e-06,4.453796540e-06,2.504629220e-06,2.518044390e-06,9.161173300e-09,4.211767450e-06,4.211806230e-06,2.100268650e-06,2.111518000e-06,7.940779250e-09,1.448086060e-06,1.448099400e-06,1.364565550e-06,1.371874370e-06,4.568492230e-09
2.585234840e+02,7.143373930e-06,3.416989580e-08,4.396890330e-06,4.396930820e-06,2.479518910e-06,2.492799590e-06,9.063004970e-09,4.151589040e-06,4.151627270e-06,2.070259680e-06,2.081348300e-06,7.827320120e-09,1.448085970e-06,1.448099310e-06,1.364565470e-06,1.371874280e-06,4.568491950e-09
2.660725060e+02,7.057282780e-06,3.375808620e-08,4.340925040e-06,4.340965020e-06,2.454875020e-06,2.468023700e-06,8.966592440e-09,4.092270460e-06,4.092308140e-06,2.040679470e-06,2.051609650e-06,7.715482090e-09,1.448085880e-06,1.448099210e-06,1.364565380e-06,1.371874200e-06,4.568491650e-09
2.738419630e+02,6.972616100e-06,3.335309060e-08,4.285847660e-06,4.285887130e-06,2.430691010e-06,2.443710150e-06,8.871911800e-09,4.033799410e-06,4.033836560e-06,2.011521900e-06,2.022295910e-06,7.605242000e-09,1.448085780e-06,1.448099110e-06,1.364565290e-06,1.371874100e-06,4.568491340e-09
2.818382930e+02,6.889355000e-06,3.295481850e-08,4.231646330e-06,4.231685300e-06,2.406960400e-06,2.419852440e-06,8.778939380e-09,3.976163800e-06,3.976200410e-06,1.982780930e-06,1.993401000e-06,7.496577000e-09,1.448085670e-06,1.448099010e-06,1.364565190e-06,1.371874000e-06,4.568491000e-09
2.900681200e+02,6.807480820e-06,3.256318080e-08,4.178309380e-06,4.178347860e-06,2.383676790e-06,2.396444120e-06,8.687651790e-09,3.919351670e-06,3.919387760e-06,1.954450610e-06,1.964918940e-06,7.389464590e-09,1.448085560e-06,1.448098900e-06,1.364565080e-06,1.371873890e-06,4.568490650e-09
2.985382620e+02,6.726975130e-06,3.217808920e-08,4.125825310e-06,4.125863300e-06,2.360833830e-06,2.373478810e-06,8.598025870e-09,3.863351270e-06,3.863386850e-06,1.926525060e-06,1.936843820e-06,7.283882590e-09,1.448085440e-06,1.448098780e-06,1.364564970e-06,1.371873780e-06,4.568490270e-09
3.072557370e+02,6.647819770e-06,3.179945700e-08,4.074182740e-06,4.074220270e-06,2.338425240e-06,2.350950190e-06,8.510038710e-09,3.808150990e-06,3.808186060e-06,1.898998520e-06,1.909169840e-06,7.179809130e-09,1.448085320e-06,1.448098650e-06,1.364564850e-06,1.371873660e-06,4.568489880e-09
3.162277660e+02,6.569996780e-06,3.142719820e-08,4.023370500e-06,4.023407560e-06,2.316444790e-06,2.328852010e-06,8.423667630e-09,3.753739400e-06,3.753773970e-06,1.871865270e-06,1.881891260e-06,7.077222650e-09,1.448085180e-06,1.448098520e-06,1.364564720e-06,1.371873530e-06,4.568489460e-09
3.254617830e+02,6.493488460e-06,3.106122810e-08,3.973377540e-06,3.973414130e-06,2.294886310e-06,2.307178070e-06,8.338890200e-09,3.700105240e-06,3.700139320e-06,1.845119690e-06,1.855002430e-06,6.976101910e-09,1.448085040e-06,1.448098380e-06,1.364564590e-06,1.371873400e-06,4.568489010e-09
3.349654390e+02,6.418277300e-06,3.070146300e-08,3.924192970e-06,3.924229110e-06,2.273743700e-06,2.285922210e-06,8.255684200e-09,3.647237400e-06,3.647270980e-06,1.818756250e-06,1.828497780e-06,6.876425960e-09,1.448084890e-06,1.448098230e-06,1.364564450e-06,1.371873260e-06,4.568488540e-09
3.447466070e+02,6.344346040e-06,3.034782040e-08,3.875806050e-06,3.875841740e-06,2.253010910e-06,2.265078370e-06,8.174027650e-09,3.595124910e-06,3.595158020e-06,1.792769480e-06,1.802371820e-06,6.778174170e-09,1.448084730e-06,1.448098070e-06,1.364564300e-06,1.371873110e-06,4.568488040e-09
3.548133890e+02,6.271677620e-06,3.000021860e-08,3.828206180e-06,3.828241440e-06,2.232681930e-06,2.244640500e-06,8.093898780e-09,3.543757000e-06,3.543789640e-06,1.767154010e-06,1.776619150e-06,6.681326170e-09,1.448084560e-06,1.448097900e-06,1.364564140e-06,1.371872950e-06,4.568487510e-09
3.651741270e+02,6.200255190e-06,2.965857700e-08,3.781382920e-06,3.781417750e-06,2.212750820e-06,2.224602650e-06,8.015276040e-09,3.493123020e-06,3.493155190e-06,1.741904520e-06,1.751234420e-06,6.585861910e-09,1.448084390e-06,1.448097720e-06,1.364563970e-06,1.371872780e-06,4.568486950e-09
3.758374040e+02,6.130062100e-06,2.932281610e-08,3.735325960e-06,3.735360360e-06,2.193211710e-06,2.204958880e-06,7.938138090e-09,3.443212480e-06,3.443244190e-06,1.717015800e-06,1.726212390e-06,6.491761610e-09,1.448084200e-06,1.448097530e-06,1.364563790e-06,1.371872600e-06,4.568486350e-09
3.868120550e+02,6.061081910e-06,2.899285720e-08,3.690025130e-06,3.690059110e-06,2.174058740e-06,2.185703330e-06,7.862463800e-09,3.394015050e-06,3.394046310e-06,1.692482670e-06,1.701547860e-06,6.399005800e-09,1.448084000e-06,1.448097330e-06,1.364563610e-06,1.371872410e-06,4.568485720e-09
3.981071710e+02,5.993298390e-06,2.866862250e-08,3.645470390e-06,3.645503960e-06,2.155286150e-06,2.166830190e-06,7.788232220e-09,3.345520540e-06,3.345551350e-06,1.668300070e-06,1.677235730e-06,6.307575250e-09,1.448083790e-06,1.448097120e-06,1.364563410e-06,1.371872210e-06,4.568485050e-09
4.097321100e+02,5.926695470e-06,2.835003540e-08,3.601651840e-06,3.601685010e-06,2.136888200e-06,2.148333700e-06,7.715422640e-09,3.297718900e-06,3.297749270e-06,1.644462980e-06,1.653270960e-06,6.217451020e-09,1.448083560e-06,1.448096900e-06,1.364563200e-06,1.371872000e-06,4.568484350e-09
4.216965030e+02,5.861257300e-06,2.803702000e-08,3.558559710e-06,3.558592480e-06,2.118859210e-06,2.130208140e-06,7.644014500e-09,3.250600230e-06,3.250630170e-06,1.620966460e-06,1.629648600e-06,6.128614460e-09,1.448083320e-06,1.448096660e-06,1.364562970e-06,1.371871780e-06,4.568483600e-09
4.340102640e+02,5.796968200e-06,2.772950120e-08,3.516184360e-06,3.516216740e-06,2.101193560e-06,2.112447860e-06,7.573987460e-09,3.204154780e-06,3.204184290e-06,1.597805650e-06,1.606363740e-06,6.041047160e-09,1.448083070e-06,1.448096410e-06,1.364562740e-06,1.371871540e-06,4.568482800e-09
4.466835920e+02,5.733812670e-06,2.742740500e-08,3.474516270e-06,3.474548270e-06,2.083885650e-06,2.095047250e-06,7.505321350e-09,3.158372920e-06,3.158402000e-06,1.574975760e-06,1.583411560e-06,5.954730990e-09,1.448082810e-06,1.448096140e-06,1.364562480e-06,1.371871280e-06,4.568481960e-09
4.597269890e+02,5.671775390e-06,2.713065810e-08,3.433546050e-06,3.433577670e-06,2.066929970e-06,2.078000760e-06,7.437996210e-09,3.113245170e-06,3.113273840e-06,1.552472050e-06,1.560787320e-06,5.869648060e-09,1.448082520e-06,1.448095860e-06,1.364562220e-06,1.371871020e-06,4.568481070e-09
4.731512590e+02,5.610841210e-06,2.683918800e-08,3.393264420e-06,3.393295670e-06,2.050321030e-06,2.061302850e-06,7.371992240e-09,3.068762180e-06,3.068790440e-06,1.530289860e-06,1.538486320e-06,5.785780750e-09,1.448082230e-06,1.448095560e-06,1.364561940e-06,1.371870730e-06,4.568480130e-09
4.869675250e+02,5.550995160e-06,2.655292310e-08,3.353662230e-06,3.353693120e-06,2.034053400e-06,2.044948090e-06,7.307289830e-09,3.024914740e-06,3.024942600e-06,1.508424590e-06,1.516503940e-06,5.703111700e-09,1.448081910e-06,1.448095240e-06,1.364561640e-06,1.371870430e-06,4.568479130e-09
5.011872340e+02,5.492222420e-06,2.627179250e-08,3.314730450e-06,3.314760980e-06,2.018121690e-06,2.028931050e-06,7.243869530e-09,2.981693770e-06,2.981721230e-06,1.486871730e-06,1.494835630e-06,5.621623770e-09,1.448081570e-06,1.448094910e-06,1.364561320e-06,1.371870120e-06,4.568478080e-09
5.158221650e+02,5.434508340e-06,2.599572630e-08,3.276460140e-06,3.276490320e-06,2.002520560e-06,2.013246360e-06,7.181712080e-09,2.939090310e-06,2.939117380e-06,1.465626800e-06,1.473476910e-06,5.541300090e-09,1.448081220e-06,1.448094550e-06,1.364560990e-06,1.371869780e-06,4.568476960e-09
5.308844440e+02,5.377838440e-06,2.572465510e-08,3.238842490e-06,3.238872320e-06,1.987244730e-06,1.997888710e-06,7.120798390e-09,2.897095540e-06,2.897122220e-06,1.444685400e-06,1.452423350e-06,5.462124030e-09,1.448080840e-06,1.448094180e-06,1.364560630e-06,1.371869420e-06,4.568475770e-09
5.463865500e+02,5.322198370e-06,2.545851020e-08,3.201868810e-06,3.201898290e-06,1.972288960e-06,1.982852830e-06,7.061109540e-09,2.855700770e-06,2.855727070e-06,1.424043200e-06,1.431670590e-06,5.384079180e-09,1.448080440e-06,1.448093780e-06,1.364560260e-06,1.371869050e-06,4.568474510e-09
5.623413250e+02,5.267573950e-06,2.519722400e-08,3.165530470e-06,3.165559630e-06,1.957648040e-06,1.968133500e-06,7.002626770e-09,2.814897410e-06,2.814923340e-06,1.403695920e-06,1.411214330e-06,5.307149380e-09,1.448080020e-06,1.448093360e-06,1.364559860e-06,1.371868650e-06,4.568473180e-09
5.787619880e+02,5.213951140e-06,2.494072910e-08,3.129819010e-06,3.129847830e-06,1.943316830e-06,1.953725530e-06,6.945331490e-09,2.774677020e-06,2.774702570e-06,1.383639350e-06,1.391050330e-06,5.231318680e-09,1.448079570e-06,1.448092910e-06,1.364559440e-06,1.371868220e-06,4.568471770e-09
5.956621440e+02,5.161316050e-06,2.468895930e-08,3.094726020e-06,3.094754520e-06,1.929290230e-06,1.939623790e-06,6.889205270e-09,2.735031270e-06,2.735056450e-06,1.363869330e-06,1.371174410e-06,5.156571400e-09,1.448079100e-06,1.448092440e-06,1.364558990e-06,1.371867770e-06,4.568470280e-09
6.130557920e+02,5.109654930e-06,2.444184880e-08,3.060243200e-06,3.060271390e-06,1.915563170e-06,1.925823210e-06,6.834229850e-09,2.695951930e-06,2.695976760e-06,1.344381760e-06,1.351582470e-06,5.082892030e-09,1.448078600e-06,1.448091930e-06,1.364558520e-06,1.371867300e-06,4.568468690e-09
6.309573440e+02,5.058954160e-06,2.419933240e-08,3.026362380e-06,3.026390250e-06,1.902130660e-06,1.912318750e-06,6.780387130e-09,2.657430930e-06,2.657455400e-06,1.325172610e-06,1.332270440e-06,5.010265330e-09,1.448078070e-06,1.448091400e-06,1.364558020e-06,1.371866790e-06,4.568467020e-09
6.493816320e+02,5.009200280e-06,2.396134580e-08,2.993075440e-06,2.993103010e-06,1.888987720e-06,1.899105420e-06,6.727659150e-09,2.619460280e-06,2.619484400e-06,1.306237910e-06,1.313234310e-06,4.938676240e-09,1.448077500e-06,1.448090840e-06,1.364557490e-06,1.371866260e-06,4.568465240e-09
6.683439180e+02,4.960379950e-06,2.372782510e-08,2.960374390e-06,2.960401650e-06,1.876129440e-06,1.886178270e-06,6.676028150e-09,2.582032110e-06,2.582055880e-06,1.287573720e-06,1.294470160e-06,4.868109940e-09,1.448076910e-06,1.448090240e-06,1.364556930e-06,1.371865700e-06,4.568463360e-09
6.878599120e+02,4.912479940e-06,2.349870710e-08,2.928251310e-06,2.928278280e-06,1.863550960e-06,1.873532420e-06,6.625476490e-09,2.545138660e-06,2.545162100e-06,1.269176190e-06,1.275974080e-06,4.798551810e-09,1.448076280e-06,1.448089610e-06,1.364556330e-06,1.371865100e-06,4.568461370e-09
7.079457840e+02,4.865487180e-06,2.327392940e-08,2.896698380e-06,2.896725050e-06,1.851247440e-06,1.861163000e-06,6.575986710e-09,2.508772310e-06,2.508795420e-06,1.251041490e-06,1.257742260e-06,4.729987450e-09,1.448075610e-06,1.448088940e-06,1.364555700e-06,1.371864460e-06,4.568459260e-09
7.286181750e+02,4.819388720e-06,2.305342980e-08,2.865707850e-06,2.865734250e-06,1.839214110e-06,1.849065210e-06,6.527541490e-09,2.472925510e-06,2.472948290e-06,1.233165890e-06,1.239770910e-06,4.662402630e-09,1.448074900e-06,1.448088230e-06,1.364555030e-06,1.371863790e-06,4.568457020e-09
7.498942090e+02,4.774171700e-06,2.283714720e-08,2.835272100e-06,2.835298210e-06,1.827446240e-06,1.837234310e-06,6.480123670e-09,2.437590850e-06,2.437613290e-06,1.215545660e-06,1.222056300e-06,4.595783380e-09,1.448074150e-06,1.448087480e-06,1.364554330e-06,1.371863080e-06,4.568454650e-09
7.717915160e+02,4.729823440e-06,2.262502060e-08,2.805383540e-06,2.805409370e-06,1.815939140e-06,1.825665590e-06,6.433716260e-09,2.402760990e-06,2.402783110e-06,1.198177160e-06,1.204594780e-06,4.530115890e-09,1.448073350e-06,1.448086690e-06,1.364553580e-06,1.371862330e-06,4.568452150e-09
7.943282350e+02,4.686331320e-06,2.241698990e-08,2.776034690e-06,2.776060260e-06,1.804688190e-06,1.814354370e-06,6.388302410e-09,2.368428720e-06,2.368450530e-06,1.181056800e-06,1.187382720e-06,4.465386550e-09,1.448072510e-06,1.448085850e-06,1.364552780e-06,1.371861530e-06,4.568449490e-09
8.175230380e+02,4.643682870e-06,2.221299550e-08,2.747218150e-06,2.747243450e-06,1.793688790e-06,1.803296050e-06,6.343865440e-09,2.334586940e-06,2.334608440e-06,1.164181030e-06,1.170416560e-06,4.401581950e-09,1.448071620e-06,1.448084950e-06,1.364551940e-06,1.371860690e-06,4.568446680e-09
8.413951420e+02,4.601865720e-06,2.201297810e-08,2.718926600e-06,2.718951640e-06,1.782936390e-06,1.792486070e-06,6.300388800e-09,2.301228630e-06,2.301249820e-06,1.147546350e-06,1.153692780e-06,4.338688880e-09,1.448070670e-06,1.448084010e-06,1.364551050e-06,1.371859790e-06,4.568443700e-09
8.659643230e+02,4.560867620e-06,2.181687920e-08,2.691152790e-06,2.691177570e-06,1.772426520e-06,1.781919900e-06,6.257856110e-09,2.268346880e-06,2.268367770e-06,1.131149310e-06,1.137207910e-06,4.276694310e-09,1.448069670e-06,1.448083010e-06,1.364550110e-06,1.371858840e-06,4.568440540e-09
8.912509380e+02,4.520676440e-06,2.162464080e-08,2.663889540e-06,2.663914070e-06,1.762154710e-06,1.771593070e-06,6.216251170e-09,2.235934870e-06,2.235955470e-06,1.114986520e-06,1.120958550e-06,4.215585390e-09,1.448068610e-06,1.448081950e-06,1.364549110e-06,1.371857840e-06,4.568437190e-09
9.172759350e+02,4.481280140e-06,2.143620530e-08,2.637129750e-06,2.637154040e-06,1.752116560e-06,1.761501160e-06,6.175557880e-09,2.203985910e-06,2.204006200e-06,1.099054630e-06,1.104941330e-06,4.155349460e-09,1.448067490e-06,1.448080820e-06,1.364548050e-06,1.371856770e-06,4.568433650e-09
9.440608760e+02,4.442666790e-06,2.125151580e-08,2.610866400e-06,2.610890450e-06,1.742307740e-06,1.751639800e-06,6.135760360e-09,2.172493350e-06,2.172513360e-06,1.083350340e-06,1.089152920e-06,4.095974050e-09,1.448066300e-06,1.448079630e-06,1.364546930e-06,1.371855650e-06,4.568429900e-09
9.716279520e+02,4.404824580e-06,2.107051580e-08,2.585092530e-06,2.585116340e-06,1.732723940e-06,1.742004670e-06,6.096842830e-09,2.141450690e-06,2.141470410e-06,1.067870390e-06,1.073590060e-06,4.037446860e-09,1.448065040e-06,1.448078370e-06,1.364545740e-06,1.371854450e-06,4.568425920e-09
1.000000000e+03,4.367741790e-06,2.089314920e-08,2.559801260e-06,2.559824830e-06,1.723360900e-06,1.732591480e-06,6.058789710e-09,2.110851480e-06,2.110870920e-06,1.052611580e-06,1.058249530e-06,3.979755750e-09,1.448063700e-06,1.448077040e-06,1.364544480e-06,1.371853190e-06,4.568421710e-09
1.029200530e+03,4.331406810e-06,2.071936060e-08,2.534985750e-06,2.535009100e-06,1.714214420e-06,1.723396010e-06,6.021585550e-09,2.080689400e-06,2.080708560e-06,1.037570750e-06,1.043128130e-06,3.922888770e-09,1.448062290e-06,1.448075620e-06,1.364543150e-06,1.371851850e-06,4.568417250e-09
1.059253730e+03,4.295808140e-06,2.054909500e-08,2.510639260e-06,2.510662380e-06,1.705280340e-06,1.714414080e-06,5.985215070e-09,2.050958180e-06,2.050977070e-06,1.022744780e-06,1.028222750e-06,3.866834150e-09,1.448060790e-06,1.448074130e-06,1.364541740e-06,1.371850430e-06,4.568412530e-09
1.090184490e+03,4.260934360e-06,2.038229780e-08,2.486755100e-06,2.486778000e-06,1.696554560e-06,1.705641560e-06,5.949663140e-09,2.021651670e-06,2.021670290e-06,1.008130590e-06,1.013530290e-06,3.811580270e-09,1.448059200e-06,1.448072540e-06,1.364540240e-06,1.371848930e-06,4.568407520e-09
1.122018450e+03,4.226774180e-06,2.021891510e-08,2.463326640e-06,2.463349330e-06,1.688033020e-06,1.697074380e-06,5.914914800e-09,1.992763800e-06,1.992782150e-06,9.937251720e-07,9.990477120e-07,3.757115670e-09,1.448057520e-06,1.448070860e-06,1.364538660e-06,1.371847330e-06,4.568402220e-09
1.154781980e+03,4.193316370e-06,2.005889320e-08,2.440347320e-06,2.440369790e-06,1.679711710e-06,1.688708500e-06,5.880955240e-09,1.964288580e-06,1.964306660e-06,9.795255240e-07,9.847720090e-07,3.703429080e-09,1.448055740e-06,1.448069080e-06,1.364536980e-06,1.371845650e-06,4.568396610e-09
1.188502230e+03,4.160549830e-06,1.990217910e-08,2.417810640e-06,2.417832900e-06,1.671586680e-06,1.680539940e-06,5.847769820e-09,1.936220100e-06,1.936237940e-06,9.655287090e-07,9.707002250e-07,3.650509370e-09,1.448053860e-06,1.448067190e-06,1.364535210e-06,1.371843860e-06,4.568390660e-09
1.223207120e+03,4.128463560e-06,1.974872020e-08,2.395710140e-06,2.395732210e-06,1.663654010e-06,1.672564790e-06,5.815344050e-09,1.908552570e-06,1.908570140e-06,9.517318260e-07,9.568294440e-07,3.598345560e-09,1.448051860e-06,1.448065200e-06,1.364533320e-06,1.371841970e-06,4.568384360e-09
1.258925410e+03,4.097046630e-06,1.959846430e-08,2.374039460e-06,2.374061330e-06,1.655909850e-06,1.664779150e-06,5.783663620e-09,1.881280230e-06,1.881297560e-06,9.381320170e-07,9.431567920e-07,3.546926860e-09,1.448049750e-06,1.448063080e-06,1.364531330e-06,1.371839960e-06,4.568377690e-09
1.295686700e+03,4.066288220e-06,1.945135970e-08,2.352792270e-06,2.352813930e-06,1.648350390e-06,1.657179200e-06,5.752714360e-09,1.854397440e-06,1.854414520e-06,9.247264620e-07,9.296794350e-07,3.496242610e-09,1.448047500e-06,1.448060840e-06,1.364529220e-06,1.371837840e-06,4.568370620e-09
1.333521430e+03,4.036177620e-06,1.930735530e-08,2.331962290e-06,2.331983760e-06,1.640971880e-06,1.649761170e-06,5.722482280e-09,1.827898630e-06,1.827915460e-06,9.115123850e-07,9.163945810e-07,3.446282300e-09,1.448045130e-06,1.448058470e-06,1.364526980e-06,1.371835590e-06,4.568363130e-09
1.372460960e+03,4.006704190e-06,1.916640030e-08,2.311543310e-06,2.311564600e-06,1.633770600e-06,1.642521320e-06,5.692953540e-09,1.801778300e-06,1.801794900e-06,8.984870450e-07,9.032994760e-07,3.397035580e-09,1.448042620e-06,1.448055950e-06,1.364524610e-06,1.371833210e-06,4.568355200e-09
1.412537540e+03,3.977857410e-06,1.902844430e-08,2.291529180e-06,2.291550290e-06,1.626742910e-06,1.635455990e-06,5.664114480e-09,1.776031050e-06,1.776047410e-06,8.856477440e-07,8.903914060e-07,3.348492240e-09,1.448039950e-06,1.448053290e-06,1.364522100e-06,1.371830690e-06,4.568346800e-09
1.453784390e+03,3.949626840e-06,1.889343760e-08,2.271913800e-06,2.271934720e-06,1.619885190e-06,1.628561540e-06,5.635951590e-09,1.750651530e-06,1.750667660e-06,8.729918210e-07,8.776676950e-07,3.300642230e-09,1.448037130e-06,1.448050470e-06,1.364519440e-06,1.371828010e-06,4.568337900e-09
1.496235660e+03,3.922002140e-06,1.876133080e-08,2.252691120e-06,2.252711860e-06,1.613193890e-06,1.621834400e-06,5.608451540e-09,1.725634490e-06,1.725650380e-06,8.605166510e-07,8.651257070e-07,3.253475610e-09,1.448034140e-06,1.448047480e-06,1.364516630e-06,1.371825180e-06,4.568328480e-09
1.539926530e+03,3.894973070e-06,1.863207500e-08,2.233855130e-06,2.233875710e-06,1.606665510e-06,1.615271050e-06,5.581601150e-09,1.700974730e-06,1.700990400e-06,8.482196500e-07,8.527628410e-07,3.206982620e-09,1.448030980e-06,1.448044310e-06,1.364513640e-06,1.371822180e-06,4.568318490e-09
1.584893190e+03,3.868529470e-06,1.850562170e-08,2.215399910e-06,2.215420310e-06,1.600296590e-06,1.608868020e-06,5.555387420e-09,1.676667160e-06,1.676682600e-06,8.360982670e-07,8.405765340e-07,3.161153620e-09,1.448027620e-06,1.448040960e-06,1.364510490e-06,1.371819010e-06,4.568307920e-09
1.631172910e+03,3.842661280e-06,1.838192290e-08,2.197319550e-06,2.197339790e-06,1.594083730e-06,1.602621880e-06,5.529797520e-09,1.652706720e-06,1.652721940e-06,8.241499910e-07,8.285642610e-07,3.115979100e-09,1.448024070e-06,1.448037410e-06,1.364507140e-06,1.371815640e-06,4.568296720e-09
1.678804020e+03,3.817358560e-06,1.826093110e-08,2.179608220e-06,2.179628290e-06,1.588023580e-06,1.596529270e-06,5.504818780e-09,1.629088450e-06,1.629103450e-06,8.123723440e-07,8.167235310e-07,3.071449700e-09,1.448020310e-06,1.448033650e-06,1.364503590e-06,1.371812080e-06,4.568284850e-09
1.727825980e+03,3.792611420e-06,1.814259920e-08,2.162260120e-06,2.162280040e-06,1.582112830e-06,1.590586860e-06,5.480438680e-09,1.605807450e-06,1.605822240e-06,8.007628830e-07,8.050518890e-07,3.027556200e-09,1.448016330e-06,1.448029660e-06,1.364499840e-06,1.371808300e-06,4.568272280e-09
1.778279410e+03,3.768410110e-06,1.802688070e-08,2.145269530e-06,2.145289290e-06,1.576348230e-06,1.584791390e-06,5.456644910e-09,1.582858900e-06,1.582873480e-06,7.893192030e-07,7.935469140e-07,2.984289480e-09,1.448012100e-06,1.448025440e-06,1.364495860e-06,1.371804300e-06,4.568258970e-09
1.830206110e+03,3.744744940e-06,1.791372940e-08,2.128630740e-06,2.128650350e-06,1.570726590e-06,1.579139640e-06,5.433425290e-09,1.560238040e-06,1.560252410e-06,7.780389300e-07,7.822062220e-07,2.941640570e-09,1.448007630e-06,1.448020970e-06,1.364491650e-06,1.371800070e-06,4.568244870e-09
1.883649090e+03,3.721606340e-06,1.780309950e-08,2.112338130e-06,2.112357580e-06,1.565244750e-06,1.573628440e-06,5.410767830e-09,1.537940170e-06,1.537954330e-06,7.669197240e-07,7.710274600e-07,2.899600640e-09,1.448002900e-06,1.448016230e-06,1.364487180e-06,1.371795580e-06,4.568229930e-09
1.938652640e+03,3.698984830e-06,1.769494600e-08,2.096386090e-06,2.096405400e-06,1.559899610e-06,1.568254670e-06,5.388660710e-09,1.515960680e-06,1.515974640e-06,7.559592800e-07,7.600083100e-07,2.858160960e-09,1.447997880e-06,1.448011220e-06,1.364482460e-06,1.371790830e-06,4.568214110e-09
1.995262310e+03,3.676871020e-06,1.758922400e-08,2.080769090e-06,2.080788250e-06,1.554688130e-06,1.563015270e-06,5.367092250e-09,1.494295000e-06,1.494308760e-06,7.451553240e-07,7.491464870e-07,2.817312930e-09,1.447992570e-06,1.448005900e-06,1.364477450e-06,1.371785790e-06,4.568197350e-09
2.053525030e+03,3.655255610e-06,1.748588930e-08,2.065481640e-06,2.065500660e-06,1.549607280e-06,1.557907210e-06,5.346050970e-09,1.472938640e-06,1.472952200e-06,7.345056160e-07,7.384397370e-07,2.777048100e-09,1.447986940e-06,1.448000270e-06,1.364472150e-06,1.371780460e-06,4.568179600e-09
2.113489040e+03,3.634129420e-06,1.738489810e-08,2.050518290e-06,2.050537170e-06,1.544654140e-06,1.552927540e-06,5.325525540e-09,1.451887170e-06,1.451900540e-06,7.240079460e-07,7.278858400e-07,2.737358090e-09,1.447980980e-06,1.447994310e-06,1.364466530e-06,1.371774810e-06,4.568160790e-09
2.175204030e+03,3.613483350e-06,1.728620710e-08,2.035873640e-06,2.035892390e-06,1.539825790e-06,1.548073320e-06,5.305504820e-09,1.431136220e-06,1.431149400e-06,7.136601360e-07,7.174826060e-07,2.698234680e-09,1.447974660e-06,1.447988000e-06,1.364460580e-06,1.371768830e-06,4.568140870e-09
2.238721140e+03,3.593308410e-06,1.718977350e-08,2.021542350e-06,2.021560970e-06,1.535119370e-06,1.543341700e-06,5.285977820e-09,1.410681480e-06,1.410694470e-06,7.034600390e-07,7.072278760e-07,2.659669750e-09,1.447967970e-06,1.447981310e-06,1.364454270e-06,1.371762490e-06,4.568119770e-09
2.304092980e+03,3.573595680e-06,1.709555490e-08,2.007519130e-06,2.007537610e-06,1.530532090e-06,1.538729850e-06,5.266933700e-09,1.390518720e-06,1.390531530e-06,6.934055390e-07,6.971195230e-07,2.621655300e-09,1.447960890e-06,1.447974220e-06,1.364447600e-06,1.371755780e-06,4.568097430e-09
2.371373710e+03,3.554336380e-06,1.700350930e-08,1.993798700e-06,1.993817070e-06,1.526061190e-06,1.534235000e-06,5.248361830e-09,1.370643750e-06,1.370656370e-06,6.834945490e-07,6.871554480e-07,2.584183440e-09,1.447953380e-06,1.447966720e-06,1.364440520e-06,1.371748670e-06,4.568073750e-09
2.440619070e+03,3.535521790e-06,1.691359550e-08,1.980375890e-06,1.980394130e-06,1.521703940e-06,1.529854420e-06,5.230251710e-09,1.351052440e-06,1.351064880e-06,6.737250130e-07,6.773335840e-07,2.547246390e-09,1.447945430e-06,1.447958770e-06,1.364433030e-06,1.371741140e-06,4.568048680e-09
2.511886430e+03,3.517143320e-06,1.682577250e-08,1.967245520e-06,1.967263640e-06,1.517457700e-06,1.525585430e-06,5.212593010e-09,1.331740720e-06,1.331752980e-06,6.640949010e-07,6.676518920e-07,2.510836480e-09,1.447937010e-06,1.447950340e-06,1.364425100e-06,1.371733160e-06,4.568022120e-09
2.585234840e+03,3.499192450e-06,1.673999990e-08,1.954402490e-06,1.954420490e-06,1.513319850e-06,1.521425420e-06,5.195375590e-09,1.312704590e-06,1.312716680e-06,6.546022140e-07,6.581083610e-07,2.474946160e-09,1.447928090e-06,1.447941420e-06,1.364416690e-06,1.371724710e-06,4.567993990e-09
2.660725060e+03,3.481660780e-06,1.665623780e-08,1.941841740e-06,1.941859630e-06,1.509287810e-06,1.517371780e-06,5.178589450e-09,1.293940090e-06,1.293952010e-06,6.452449830e-07,6.487010110e-07,2.439567970e-09,1.447918640e-06,1.447931980e-06,1.364407790e-06,1.371715760e-06,4.567964190e-09
2.738419630e+03,3.464540010e-06,1.657444670e-08,1.929558270e-06,1.929576040e-06,1.505359070e-06,1.513422000e-06,5.162224750e-09,1.275443330e-06,1.275455080e-06,6.360212620e-07,6.394278870e-07,2.404694560e-09,1.447908630e-06,1.447921970e-06,1.364398360e-06,1.371706280e-06,4.567932630e-09
2.818382930e+03,3.447821930e-06,1.649458780e-08,1.917547100e-06,1.917564760e-06,1.501531140e-06,1.509573570e-06,5.146271830e-09,1.257210470e-06,1.257222050e-06,6.269291380e-07,6.302870640e-07,2.370318700e-09,1.447898030e-06,1.447911370e-06,1.364388370e-06,1.371696240e-06,4.567899190e-09
2.900681200e+03,3.431498430e-06,1.641662250e-08,1.905803320e-06,1.905820870e-06,1.497801590e-06,1.505824040e-06,5.130721170e-09,1.239237710e-06,1.239249120e-06,6.179667200e-07,6.212766420e-07,2.336433240e-09,1.447886810e-06,1.447900140e-06,1.364377790e-06,1.371685600e-06,4.567863780e-09
2.985382620e+03,3.415561510e-06,1.634051290e-08,1.894322070e-06,1.894339520e-06,1.494168040e-06,1.502171030e-06,5.115563430e-09,1.221521330e-06,1.221532570e-06,6.091321460e-07,6.123947490e-07,2.303031140e-09,1.447874910e-06,1.447888250e-06,1.364366580e-06,1.371674330e-06,4.567826270e-09
3.072557370e+03,3.400003260e-06,1.626622160e-08,1.883098530e-06,1.883115870e-06,1.490628140e-06,1.498612170e-06,5.100789410e-09,1.204057630e-06,1.204068720e-06,6.004235820e-07,6.036395400e-07,2.270105450e-09,1.447862320e-06,1.447875650e-06,1.364354710e-06,1.371662400e-06,4.567786530e-09
3.162277660e+03,3.384815860e-06,1.619371170e-08,1.872127920e-06,1.872145160e-06,1.487179590e-06,1.495145140e-06,5.086390070e-09,1.186843000e-06,1.186853930e-06,5.918392150e-07,5.950091950e-07,2.237649340e-09,1.447848970e-06,1.447862310e-06,1.364342140e-06,1.371649760e-06,4.567744450e-09
3.254617830e+03,3.369991630e-06,1.612294660e-08,1.861405530e-06,1.861422670e-06,1.483820120e-06,1.491767680e-06,5.072356530e-09,1.169873850e-06,1.169884620e-06,5.833772630e-07,5.865019190e-07,2.205656060e-09,1.447834840e-06,1.447848170e-06,1.364328820e-06,1.371636370e-06,4.567699870e-09
3.349654390e+03,3.355522950e-06,1.605389060e-08,1.850926680e-06,1.850943720e-06,1.480547530e-06,1.488477560e-06,5.058680060e-09,1.153146650e-06,1.153157270e-06,5.750359650e-07,5.781159430e-07,2.174118950e-09,1.447819870e-06,1.447833200e-06,1.364314710e-06,1.371622180e-06,4.567652650e-09
3.447466070e+03,3.341402310e-06,1.598650810e-08,1.840686740e-06,1.840703700e-06,1.477359640e-06,1.485272590e-06,5.045352080e-09,1.136657930e-06,1.136668390e-06,5.668135860e-07,5.698495240e-07,2.143031460e-09,1.447804010e-06,1.447817340e-06,1.364299770e-06,1.371607160e-06,4.567602630e-09
3.548133890e+03,3.327622320e-06,1.592076420e-08,1.830681150e-06,1.830698010e-06,1.474254310e-06,1.482150630e-06,5.032364170e-09,1.120404250e-06,1.120414560e-06,5.587084150e-07,5.617009410e-07,2.112387110e-09,1.447787210e-06,1.447800550e-06,1.364283940e-06,1.371591250e-06,4.567549660e-09
3.651741270e+03,3.314175650e-06,1.585662440e-08,1.820905380e-06,1.820922150e-06,1.471229450e-06,1.479109570e-06,5.019708050e-09,1.104382230e-06,1.104392400e-06,5.507187660e-07,5.536684980e-07,2.082179540e-09,1.447769420e-06,1.447782750e-06,1.364267170e-06,1.371574390e-06,4.567493540e-09
3.758374040e+03,3.301055120e-06,1.579405500e-08,1.811354940e-06,1.811371620e-06,1.468283000e-06,1.476147340e-06,5.007375570e-09,1.088588540e-06,1.088598560e-06,5.428429760e-07,5.457505240e-07,2.052402440e-09,1.447750580e-06,1.447763910e-06,1.364249420e-06,1.371556540e-06,4.567434110e-09
3.868120550e+03,3.288253600e-06,1.573302250e-08,1.802025420e-06,1.802042010e-06,1.465412950e-06,1.473261920e-06,4.995358750e-09,1.073019880e-06,1.073029760e-06,5.350794040e-07,5.379453690e-07,2.023049630e-09,1.447730610e-06,1.447743950e-06,1.364230610e-06,1.371537630e-06,4.567371150e-09
3.981071710e+03,3.275764100e-06,1.567349390e-08,1.792912420e-06,1.792928930e-06,1.462617320e-06,1.470451320e-06,4.983649730e-09,1.057673020e-06,1.057682760e-06,5.274264340e-07,5.302514090e-07,1.994114980e-09,1.447709470e-06,1.447722800e-06,1.364210680e-06,1.371517600e-06,4.567304470e-09
4.097321100e+03,3.263579690e-06,1.561543690e-08,1.784011620e-06,1.784028040e-06,1.459894170e-06,1.467713580e-06,4.972240810e-09,1.042544760e-06,1.042554360e-06,5.198824710e-07,5.226670390e-07,1.965592470e-09,1.447687080e-06,1.447700410e-06,1.364189580e-06,1.371496380e-06,4.567233830e-09
4.216965030e+03,3.251693570e-06,1.555881960e-08,1.775318730e-06,1.775335080e-06,1.457241600e-06,1.465046800e-06,4.961124400e-09,1.027631930e-06,1.027641400e-06,5.124459420e-07,5.151906790e-07,1.937476150e-09,1.447663360e-06,1.447676690e-06,1.364167230e-06,1.371473910e-06,4.567159020e-09
4.340102640e+03,3.240099010e-06,1.550361070e-08,1.766829530e-06,1.766845800e-06,1.454657730e-06,1.462449090e-06,4.950293080e-09,1.012931450e-06,1.012940780e-06,5.051152970e-07,5.078207700e-07,1.909760160e-09,1.447638230e-06,1.447651570e-06,1.364143550e-06,1.371450110e-06,4.567079780e-09
4.466835920e+03,3.228789400e-06,1.544977910e-08,1.758539820e-06,1.758556020e-06,1.452140720e-06,1.459918610e-06,4.939739530e-09,9.984402290e-07,9.984494240e-07,4.978890070e-07,5.005557750e-07,1.882438720e-09,1.447611620e-06,1.447624950e-06,1.364118480e-06,1.371424900e-06,4.566995850e-09
4.597269890e+03,3.217758210e-06,1.539729460e-08,1.750445480e-06,1.750461600e-06,1.449688790e-06,1.457453540e-06,4.929456570e-09,9.841552530e-07,9.841643160e-07,4.907655630e-07,4.933941770e-07,1.855506130e-09,1.447583440e-06,1.447596770e-06,1.364091920e-06,1.371398200e-06,4.566906940e-09
4.731512590e+03,3.206999000e-06,1.534612720e-08,1.742542410e-06,1.742558450e-06,1.447300160e-06,1.455052120e-06,4.919437140e-09,9.700735380e-07,9.700824710e-07,4.837434790e-07,4.863344820e-07,1.828956770e-09,1.447553580e-06,1.447566910e-06,1.364063780e-06,1.371369910e-06,4.566812780e-09
4.869675250e+03,3.196505450e-06,1.529624760e-08,1.734826570e-06,1.734842550e-06,1.444973100e-06,1.452712590e-06,4.909674330e-09,9.561921420e-07,9.562009480e-07,4.768212880e-07,4.793752140e-07,1.802785080e-09,1.447521960e-06,1.447535290e-06,1.364033980e-06,1.371339950e-06,4.566713040e-09
5.011872340e+03,3.186271310e-06,1.524762700e-08,1.727293980e-06,1.727309890e-06,1.442705890e-06,1.450433240e-06,4.900161320e-09,9.425081650e-07,9.425168450e-07,4.699975430e-07,4.725149200e-07,1.776985600e-09,1.447488460e-06,1.447501790e-06,1.364002420e-06,1.371308220e-06,4.566607400e-09
5.158221650e+03,3.176290410e-06,1.520023680e-08,1.719940690e-06,1.719956530e-06,1.440496880e-06,1.448212400e-06,4.890891430e-09,9.290187450e-07,9.290273010e-07,4.632708170e-07,4.657521650e-07,1.751552940e-09,1.447452990e-06,1.447466320e-06,1.363968990e-06,1.371274610e-06,4.566495510e-09
5.308844440e+03,3.166556700e-06,1.515404920e-08,1.712762810e-06,1.712778580e-06,1.438344410e-06,1.446048400e-06,4.881858070e-09,9.157210610e-07,9.157294950e-07,4.566397030e-07,4.590855340e-07,1.726481770e-09,1.447415410e-06,1.447428740e-06,1.363933580e-06,1.371239020e-06,4.566377000e-09
5.463865500e+03,3.157064210e-06,1.510903680e-08,1.705756490e-06,1.705772190e-06,1.436246870e-06,1.443939620e-06,4.873054780e-09,9.026123290e-07,9.026206420e-07,4.501028140e-07,4.525136310e-07,1.701766840e-09,1.447375610e-06,1.447388940e-06,1.363896080e-06,1.371201310e-06,4.566251480e-09
5.623413250e+03,3.147807030e-06,1.506517270e-08,1.698917920e-06,1.698933560e-06,1.434202660e-06,1.441884470e-06,4.864475220e-09,8.896898030e-07,8.896979960e-07,4.436587790e-07,4.460350810e-07,1.677402990e-09,1.447333460e-06,1.447346790e-06,1.363856360e-06,1.371161380e-06,4.566118530e-09
5.787619880e+03,3.138779380e-06,1.502243050e-08,1.692243360e-06,1.692258940e-06,1.432210240e-06,1.439881370e-06,4.856113130e-09,8.769507740e-07,8.769588500e-07,4.373062480e-07,4.396485250e-07,1.653385100e-09,1.447288820e-06,1.447302140e-06,1.363814290e-06,1.371119080e-06,4.565977710e-09
5.956621440e+03,3.129975530e-06,1.498078410e-08,1.685729090e-06,1.685744610e-06,1.430268050e-06,1.437928780e-06,4.847962360e-09,8.643925710e-07,8.644005320e-07,4.310438890e-07,4.333526240e-07,1.629708130e-09,1.447241530e-06,1.447254860e-06,1.363769730e-06,1.371074280e-06,4.565828560e-09
6.130557920e+03,3.121389860e-06,1.494020810e-08,1.679371450e-06,1.679386920e-06,1.428374600e-06,1.436025180e-06,4.840016870e-09,8.520125580e-07,8.520204040e-07,4.248703870e-07,4.271460560e-07,1.606367120e-09,1.447191440e-06,1.447204770e-06,1.363722530e-06,1.371026830e-06,4.565670600e-09
6.309573440e+03,3.113016790e-06,1.490067750e-08,1.673166830e-06,1.673182240e-06,1.426528380e-06,1.434169080e-06,4.832270710e-09,8.398081340e-07,8.398158680e-07,4.187844460e-07,4.210275180e-07,1.583357170e-09,1.447138400e-06,1.447151720e-06,1.363672540e-06,1.370976580e-06,4.565503290e-09
6.493816320e+03,3.104850870e-06,1.486216770e-08,1.667111650e-06,1.667127000e-06,1.424727940e-06,1.432358990e-06,4.824718000e-09,8.277767330e-07,8.277843570e-07,4.127847860e-07,4.149957220e-07,1.560673420e-09,1.447082210e-06,1.447095540e-06,1.363619600e-06,1.370923350e-06,4.565326090e-09
6.683439180e+03,3.096886700e-06,1.482465470e-08,1.661202380e-06,1.661217680e-06,1.422971820e-06,1.430593470e-06,4.817352980e-09,8.159158250e-07,8.159233390e-07,4.068701440e-07,4.090494010e-07,1.538311120e-09,1.447022710e-06,1.447036030e-06,1.363563530e-06,1.370866980e-06,4.565138400e-09
6.878599120e+03,3.089118950e-06,1.478811490e-08,1.655435540e-06,1.655450780e-06,1.421258610e-06,1.428871080e-06,4.810169960e-09,8.042229100e-07,8.042303170e-07,4.010392760e-07,4.031873020e-07,1.516265560e-09,1.446959680e-06,1.446973010e-06,1.363504140e-06,1.370807270e-06,4.564939630e-09
7.079457840e+03,3.081542370e-06,1.475252520e-08,1.649807670e-06,1.649822870e-06,1.419586900e-06,1.427190410e-06,4.803163320e-09,7.926955250e-07,7.927028250e-07,3.952909510e-07,3.974081880e-07,1.494532080e-09,1.446892940e-06,1.446906260e-06,1.363441240e-06,1.370744040e-06,4.564729100e-09
7.286181750e+03,3.074151780e-06,1.471786270e-08,1.644315390e-06,1.644330530e-06,1.417955290e-06,1.425550070e-06,4.796327540e-09,7.813312350e-07,7.813384310e-07,3.896239570e-07,3.917108410e-07,1.473106100e-09,1.446822240e-06,1.446835570e-06,1.363374630e-06,1.370677060e-06,4.564506130e-09
7.498942090e+03,3.066942090e-06,1.468410530e-08,1.638955320e-06,1.638970410e-06,1.416362410e-06,1.423948660e-06,4.789657130e-09,7.701276420e-07,7.701347350e-07,3.840370970e-07,3.860940570e-07,1.451983090e-09,1.446747370e-06,1.446760690e-06,1.363304070e-06,1.370606130e-06,4.564269990e-09
7.717915160e+03,3.059908240e-06,1.465123120e-08,1.633724140e-06,1.633739190e-06,1.414806920e-06,1.422384830e-06,4.783146710e-09,7.590823750e-07,7.590893660e-07,3.785291890e-07,3.805566480e-07,1.431158590e-09,1.446668080e-06,1.446681400e-06,1.363229350e-06,1.370531010e-06,4.564019890e-09
7.943282350e+03,3.053045250e-06,1.461921900e-08,1.628618570e-06,1.628633570e-06,1.413287450e-06,1.420857230e-06,4.776790950e-09,7.481930960e-07,7.481999860e-07,3.730990670e-07,3.750974410e-07,1.410628180e-09,1.446584100e-06,1.446597420e-06,1.363150220e-06,1.370451450e-06,4.563755020e-09
8.175230380e+03,3.046348200e-06,1.458804770e-08,1.623635360e-06,1.623650320e-06,1.411802690e-06,1.419364520e-06,4.770584560e-09,7.374574950e-07,7.374642870e-07,3.677455790e-07,3.697152790e-07,1.390387520e-09,1.446495160e-06,1.446508480e-06,1.363066410e-06,1.370367190e-06,4.563474510e-09
8.413951420e+03,3.039812240e-06,1.455769690e-08,1.618771310e-06,1.618786210e-06,1.410351310e-06,1.417905360e-06,4.764522320e-09,7.268732950e-07,7.268799890e-07,3.624675890e-07,3.644090200e-07,1.370432300e-09,1.446400970e-06,1.446414290e-06,1.362977650e-06,1.370277960e-06,4.563177430e-09
8.659643230e+03,3.033432560e-06,1.452814650e-08,1.614023220e-06,1.614038080e-06,1.408932000e-06,1.416478450e-06,4.758599050e-09,7.164382430e-07,7.164448410e-07,3.572639760e-07,3.591775350e-07,1.350758290e-09,1.446301210e-06,1.446314530e-06,1.362883650e-06,1.370183460e-06,4.562862810e-09
8.912509380e+03,3.027204410e-06,1.449937680e-08,1.609387970e-06,1.609402790e-06,1.407543460e-06,1.415082470e-06,4.752809630e-09,7.061501200e-07,7.061566240e-07,3.521336300e-07,3.540197100e-07,1.331361300e-09,1.446195570e-06,1.446208890e-06,1.362784100e-06,1.370083370e-06,4.562529610e-09
9.172759350e+03,3.021123080e-06,1.447136860e-08,1.604862430e-06,1.604877210e-06,1.406184390e-06,1.413716130e-06,4.747148960e-09,6.960067310e-07,6.960131410e-07,3.470754590e-07,3.489344470e-07,1.312237180e-09,1.446083700e-06,1.446097010e-06,1.362678680e-06,1.369977390e-06,4.562176760e-09
9.440608760e+03,3.015183910e-06,1.444410300e-08,1.600443540e-06,1.600458280e-06,1.404853510e-06,1.412378110e-06,4.741611970e-09,6.860059100e-07,6.860122280e-07,3.420883810e-07,3.439206570e-07,1.293381860e-09,1.445965220e-06,1.445978540e-06,1.362567030e-06,1.369865150e-06,4.561803090e-09
9.716279520e+03,3.009382300e-06,1.441756160e-08,1.596128240e-06,1.596142940e-06,1.403549520e-06,1.411067140e-06,4.736193630e-09,6.761455160e-07,6.761517430e-07,3.371713300e-07,3.389772700e-07,1.274791300e-09,1.445839760e-06,1.445853070e-06,1.362448810e-06,1.369746290e-06,4.561407370e-09
1.000000000e+04,3.003713650e-06,1.439172640e-08,1.591913510e-06,1.591928170e-06,1.402271140e-06,1.409781910e-06,4.730888920e-09,6.664234370e-07,6.664295740e-07,3.323232510e-07,3.341032240e-07,1.256461520e-09,1.445706890e-06,1.445720210e-06,1.362323610e-06,1.369620410e-06,4.560988320e-09
1.029200530e+04,2.998173430e-06,1.436657960e-08,1.587796350e-06,1.587810970e-06,1.401017090e-06,1.408521140e-06,4.725692860e-09,6.568375830e-07,6.568436320e-07,3.275431040e-07,3.292974740e-07,1.238388570e-09,1.445566200e-06,1.445579510e-06,1.362191030e-06,1.369487120e-06,4.560544560e-09
1.059253730e+04,2.992757140e-06,1.434210410e-08,1.583773790e-06,1.583788370e-06,1.399786070e-06,1.407283530e-06,4.720600440e-09,6.473858930e-07,6.473918550e-07,3.228298600e-07,3.245589850e-07,1.220568580e-09,1.445417210e-06,1.445430520e-06,1.362050630e-06,1.369345980e-06,4.560074660e-09
1.090184490e+04,2.987460280e-06,1.431828290e-08,1.579842870e-06,1.579857420e-06,1.398576800e-06,1.406067790e-06,4.715606690e-09,6.380663280e-07,6.380722040e-07,3.181825020e-07,3.198867350e-07,1.202997690e-09,1.445259450e-06,1.445272760e-06,1.361901960e-06,1.369196520e-06,4.559577060e-09
1.122018450e+04,2.982278390e-06,1.429509960e-08,1.576000680e-06,1.576015190e-06,1.397387980e-06,1.404872600e-06,4.710706610e-09,6.288768720e-07,6.288826640e-07,3.136000260e-07,3.152797140e-07,1.185672110e-09,1.445092390e-06,1.445105700e-06,1.361744540e-06,1.369038250e-06,4.559050160e-09
1.154781980e+04,2.977207040e-06,1.427253790e-08,1.572244280e-06,1.572258760e-06,1.396218320e-06,1.403696670e-06,4.705895200e-09,6.198155370e-07,6.198212450e-07,3.090814380e-07,3.107369250e-07,1.168588080e-09,1.444915500e-06,1.444928800e-06,1.361577850e-06,1.368870670e-06,4.558492240e-09
1.188502230e+04,2.972241800e-06,1.425058220e-08,1.568570800e-06,1.568585250e-06,1.395066480e-06,1.402538670e-06,4.701167450e-09,6.108803530e-07,6.108859790e-07,3.046257590e-07,3.062573800e-07,1.151741900e-09,1.444728190e-06,1.444741500e-06,1.361401350e-06,1.368693220e-06,4.557901490e-09
1.223207120e+04,2.967378260e-06,1.422921690e-08,1.564977340e-06,1.564991750e-06,1.393931160e-06,1.401397270e-06,4.696518310e-09,6.020693740e-07,6.020749190e-07,3.002320160e-07,3.018401040e-07,1.135129890e-09,1.444529870e-06,1.444543170e-06,1.361214470e-06,1.368505340e-06,4.557275980e-09
1.258925410e+04,2.962611990e-06,1.420842710e-08,1.561461030e-06,1.561475410e-06,1.392811020e-06,1.400271120e-06,4.691942700e-09,5.933806780e-07,5.933861420e-07,2.958992520e-07,2.974841320e-07,1.118748440e-09,1.444319880e-06,1.444333190e-06,1.361016590e-06,1.368306400e-06,4.556613680e-09
1.295686700e+04,2.957938590e-06,1.418819790e-08,1.558019010e-06,1.558033360e-06,1.391704700e-06,1.399158870e-06,4.687435520e-09,5.848123600e-07,5.848177460e-07,2.916265160e-07,2.931885110e-07,1.102593940e-09,1.444097560e-06,1.444110860e-06,1.360807090e-06,1.368095780e-06,4.555912460e-09
1.333521430e+04,2.953353640e-06,1.416851500e-08,1.554648430e-06,1.554662750e-06,1.390610820e-06,1.398059140e-06,4.682991600e-09,5.763625410e-07,5.763678490e-07,2.874128710e-07,2.889522980e-07,1.086662860e-09,1.443862170e-06,1.443875460e-06,1.360585280e-06,1.367872770e-06,4.555170040e-09
1.372460960e+04,2.948852720e-06,1.414936430e-08,1.551346420e-06,1.551360710e-06,1.389528000e-06,1.396970520e-06,4.678605710e-09,5.680293560e-07,5.680345880e-07,2.832573890e-07,2.847745580e-07,1.070951690e-09,1.443612960e-06,1.443626250e-06,1.360350440e-06,1.367636680e-06,4.554384030e-09
1.412537540e+04,2.944431370e-06,1.413073210e-08,1.548110140e-06,1.548124390e-06,1.388454820e-06,1.395891590e-06,4.674272580e-09,5.598109660e-07,5.598161210e-07,2.791591500e-07,2.806543680e-07,1.055456940e-09,1.443349120e-06,1.443362410e-06,1.360101820e-06,1.367386730e-06,4.553551880e-09
1.453784390e+04,2.940085140e-06,1.411260490e-08,1.544936720e-06,1.544950950e-06,1.387389840e-06,1.394820900e-06,4.669986830e-09,5.517055460e-07,5.517106270e-07,2.751172460e-07,2.765908150e-07,1.040175190e-09,1.443069810e-06,1.443083100e-06,1.359838620e-06,1.367122110e-06,4.552670930e-09
1.496235660e+04,2.935809530e-06,1.409496980e-08,1.541823310e-06,1.541837510e-06,1.386331580e-06,1.393756980e-06,4.665743030e-09,5.437112930e-07,5.437163000e-07,2.711307780e-07,2.725829940e-07,1.025103040e-09,1.442774120e-06,1.442787410e-06,1.359559980e-06,1.366841990e-06,4.551738330e-09
1.539926530e+04,2.931600000e-06,1.407781380e-08,1.538767040e-06,1.538781210e-06,1.385278540e-06,1.392698300e-06,4.661535640e-09,5.358264190e-07,5.358313540e-07,2.671988530e-07,2.686300100e-07,1.010237100e-09,1.442461110e-06,1.442474390e-06,1.359265030e-06,1.366545450e-06,4.550751100e-09
1.584893190e+04,2.927451990e-06,1.406112450e-08,1.535765020e-06,1.535779170e-06,1.384229190e-06,1.391643330e-06,4.657359020e-09,5.280491570e-07,5.280540200e-07,2.633205900e-07,2.647309750e-07,9.955740600e-10,1.442129780e-06,1.442143060e-06,1.358952800e-06,1.366231560e-06,4.549706070e-09
1.631172910e+04,2.923360880e-06,1.404488980e-08,1.532814360e-06,1.532828480e-06,1.383181950e-06,1.390590480e-06,4.653207400e-09,5.203777550e-07,5.203825470e-07,2.594951170e-07,2.608850110e-07,9.811106040e-10,1.441779060e-06,1.441792340e-06,1.358622310e-06,1.365899300e-06,4.548599910e-09
1.678804020e+04,2.919322000e-06,1.402909760e-08,1.529912140e-06,1.529926220e-06,1.382135200e-06,1.389538120e-06,4.649074910e-09,5.128104770e-07,5.128152000e-07,2.557215660e-07,2.570912490e-07,9.668434650e-10,1.441407840e-06,1.441421110e-06,1.358272500e-06,1.365547620e-06,4.547429080e-09
1.727825980e+04,2.915330600e-06,1.401373650e-08,1.527055410e-06,1.527069470e-06,1.381087290e-06,1.388484600e-06,4.644955510e-09,5.053456040e-07,5.053502570e-07,2.519990820e-07,2.533488260e-07,9.527694000e-10,1.441014930e-06,1.441028210e-06,1.357902260e-06,1.365175390e-06,4.546189860e-09
1.778279410e+04,2.911381900e-06,1.399879500e-08,1.524241210e-06,1.524255250e-06,1.380036490e-06,1.387428180e-06,4.640843060e-09,4.979814310e-07,4.979860170e-07,2.483268130e-07,2.496568890e-07,9.388851960e-10,1.440599100e-06,1.440612370e-06,1.357510410e-06,1.364781440e-06,4.544878310e-09
1.830206110e+04,2.907470990e-06,1.398426220e-08,1.521466550e-06,1.521480560e-06,1.378981070e-06,1.386367090e-06,4.636731200e-09,4.907162710e-07,4.907207900e-07,2.447039190e-07,2.460145900e-07,9.251876700e-10,1.440159020e-06,1.440172280e-06,1.357095710e-06,1.364364520e-06,4.543490290e-09
1.883649090e+04,2.903592910e-06,1.397012720e-08,1.518728380e-06,1.518742370e-06,1.377919190e-06,1.385299530e-06,4.632613450e-09,4.835484470e-07,4.835529010e-07,2.411295630e-07,2.424210890e-07,9.116736640e-10,1.439693300e-06,1.439706560e-06,1.356656850e-06,1.363923310e-06,4.542021410e-09
1.938652640e+04,2.899742610e-06,1.395637960e-08,1.516023640e-06,1.516037600e-06,1.376848980e-06,1.384223590e-06,4.628483110e-09,4.764763010e-07,4.764806890e-07,2.376029180e-07,2.388755550e-07,8.983400470e-10,1.439200480e-06,1.439213730e-06,1.356192460e-06,1.363456430e-06,4.540467050e-09
1.995262310e+04,2.895914910e-06,1.394300900e-08,1.513349210e-06,1.513363140e-06,1.375768520e-06,1.383137340e-06,4.624333280e-09,4.694981830e-07,4.695025070e-07,2.341231630e-07,2.353771610e-07,8.851837130e-10,1.438679010e-06,1.438692250e-06,1.355701060e-06,1.362962400e-06,4.538822330e-09
2.053525030e+04,2.892104530e-06,1.393000550e-08,1.510701920e-06,1.510715830e-06,1.374675790e-06,1.382038760e-06,4.620156870e-09,4.626124600e-07,4.626167200e-07,2.306894810e-07,2.319250880e-07,8.722015810e-10,1.438127250e-06,1.438140500e-06,1.355181130e-06,1.362439680e-06,4.537082100e-09
2.113489040e+04,2.888306080e-06,1.391735920e-08,1.508078550e-06,1.508092440e-06,1.373568730e-06,1.380925760e-06,4.615946540e-09,4.558175100e-07,4.558217080e-07,2.273010650e-07,2.285185230e-07,8.593905930e-10,1.437543500e-06,1.437556740e-06,1.354631050e-06,1.361886650e-06,4.535240930e-09
2.175204030e+04,2.884514030e-06,1.390506080e-08,1.505475820e-06,1.505489690e-06,1.372445170e-06,1.379796190e-06,4.611694720e-09,4.491117220e-07,4.491158580e-07,2.239571110e-07,2.251566590e-07,8.467477130e-10,1.436925930e-06,1.436939160e-06,1.354049090e-06,1.361301580e-06,4.533293110e-09
2.238721140e+04,2.880722710e-06,1.389310080e-08,1.502890400e-06,1.502904240e-06,1.371302890e-06,1.378647790e-06,4.607393550e-09,4.424934990e-07,4.424975740e-07,2.206568230e-07,2.218386940e-07,8.342699290e-10,1.436272630e-06,1.436285860e-06,1.353433480e-06,1.360682670e-06,4.531232620e-09
2.304092980e+04,2.876926290e-06,1.388147040e-08,1.500318880e-06,1.500332690e-06,1.370139570e-06,1.377478250e-06,4.603034940e-09,4.359612530e-07,4.359652680e-07,2.173994090e-07,2.185638320e-07,8.219542470e-10,1.435581600e-06,1.435594820e-06,1.352782300e-06,1.360028000e-06,4.529053090e-09
2.371373710e+04,2.873118800e-06,1.387016050e-08,1.497757760e-06,1.497771550e-06,1.368952820e-06,1.376285130e-06,4.598610480e-09,4.295134060e-07,4.295173620e-07,2.141840820e-07,2.153312830e-07,8.097976940e-10,1.434850700e-06,1.434863910e-06,1.352093560e-06,1.359335570e-06,4.526747850e-09
2.440619070e+04,2.869294080e-06,1.385916270e-08,1.495203480e-06,1.495217250e-06,1.367740120e-06,1.375065940e-06,4.594111470e-09,4.231483940e-07,4.231522900e-07,2.110100610e-07,2.121402620e-07,7.977973180e-10,1.434077710e-06,1.434090920e-06,1.351365160e-06,1.358603270e-06,4.524309850e-09
2.511886430e+04,2.865445810e-06,1.384846860e-08,1.492652400e-06,1.492666150e-06,1.366498880e-06,1.373818050e-06,4.589528850e-09,4.168646580e-07,4.168684970e-07,2.078765700e-07,2.089899880e-07,7.859501830e-10,1.433260280e-06,1.433273480e-06,1.350594870e-06,1.357828860e-06,4.521731680e-09
2.585234840e+04,2.861567440e-06,1.383806990e-08,1.490100770e-06,1.490114490e-06,1.365226390e-06,1.372538750e-06,4.584853260e-09,4.106606520e-07,4.106644340e-07,2.047828390e-07,2.058796860e-07,7.742533730e-10,1.432395940e-06,1.432409130e-06,1.349780380e-06,1.357010010e-06,4.519005550e-09
2.660725060e+04,2.857652260e-06,1.382795880e-08,1.487544760e-06,1.487558460e-06,1.363919840e-06,1.371225200e-06,4.580074960e-09,4.045348380e-07,4.045385640e-07,2.017280980e-07,2.028085840e-07,7.627039890e-10,1.431482090e-06,1.431495270e-06,1.348919240e-06,1.356144250e-06,4.516123250e-09
2.738419630e+04,2.853693310e-06,1.381812750e-08,1.484980420e-06,1.484994090e-06,1.362576300e-06,1.369874470e-06,4.575183830e-09,3.984856870e-07,3.984893570e-07,1.987115880e-07,1.997759170e-07,7.512991480e-10,1.430515990e-06,1.430529170e-06,1.348008860e-06,1.355229000e-06,4.513076180e-09
2.818382930e+04,2.849683400e-06,1.380856840e-08,1.482403700e-06,1.482417360e-06,1.361192730e-06,1.368483480e-06,4.570169350e-09,3.925116790e-07,3.925152940e-07,1.957325480e-07,1.967809210e-07,7.400359840e-10,1.429494780e-06,1.429507940e-06,1.347046550e-06,1.354261530e-06,4.509855280e-09
2.900681200e+04,2.845615140e-06,1.379927420e-08,1.479810450e-06,1.479824080e-06,1.359765930e-06,1.367049040e-06,4.565020610e-09,3.866113010e-07,3.866148620e-07,1.927902260e-07,1.938228390e-07,7.289116460e-10,1.428415440e-06,1.428428590e-06,1.346029460e-06,1.353239000e-06,4.506451040e-09
2.985382620e+04,2.841480860e-06,1.379023770e-08,1.477196360e-06,1.477209970e-06,1.358292600e-06,1.365567820e-06,4.559726240e-09,3.807830510e-07,3.807865580e-07,1.898838700e-07,1.909009170e-07,7.179233000e-10,1.427274800e-06,1.427287950e-06,1.344954610e-06,1.352158390e-06,4.502853490e-09
3.072557370e+04,2.837272610e-06,1.378145190e-08,1.474557040e-06,1.474570620e-06,1.356769310e-06,1.364036370e-06,4.554274430e-09,3.750254310e-07,3.750288850e-07,1.870127370e-07,1.880144050e-07,7.070681240e-10,1.426069560e-06,1.426082690e-06,1.343818880e-06,1.351016580e-06,4.499052150e-09
3.162277660e+04,2.832982210e-06,1.377291000e-08,1.471887920e-06,1.471901480e-06,1.355192450e-06,1.362451060e-06,4.548652890e-09,3.693369550e-07,3.693403570e-07,1.841760820e-07,1.851625570e-07,6.963433160e-10,1.424796220e-06,1.424809340e-06,1.342618990e-06,1.349810260e-06,4.495036050e-09
3.254617830e+04,2.828601150e-06,1.376460540e-08,1.469184330e-06,1.469197860e-06,1.353558290e-06,1.360808150e-06,4.542848860e-09,3.637161430e-07,3.637194920e-07,1.813731700e-07,1.823446320e-07,6.857460840e-10,1.423451150e-06,1.423464260e-06,1.341351490e-06,1.348535970e-06,4.490793700e-09
3.349654390e+04,2.824120660e-06,1.375653150e-08,1.466441430e-06,1.466454940e-06,1.351862950e-06,1.359103730e-06,4.536849050e-09,3.581615220e-07,3.581648210e-07,1.786032650e-07,1.795598910e-07,6.752736550e-10,1.422030520e-06,1.422043620e-06,1.340012800e-06,1.347190110e-06,4.486313050e-09
3.447466070e+04,2.819531640e-06,1.374868220e-08,1.463654240e-06,1.463667720e-06,1.350102370e-06,1.357333720e-06,4.530639660e-09,3.526716300e-07,3.526748780e-07,1.758656380e-07,1.768076000e-07,6.649232690e-10,1.420530340e-06,1.420543430e-06,1.338599150e-06,1.345768890e-06,4.481581510e-09
3.548133890e+04,2.814824680e-06,1.374105140e-08,1.460817620e-06,1.460831070e-06,1.348272340e-06,1.355493890e-06,4.524206360e-09,3.472450100e-07,3.472482080e-07,1.731595630e-07,1.740870310e-07,6.546921810e-10,1.418946440e-06,1.418959510e-06,1.337106600e-06,1.344268350e-06,4.476585900e-09
3.651741270e+04,2.809990020e-06,1.373363290e-08,1.457926250e-06,1.457939680e-06,1.346368480e-06,1.353579830e-06,4.517534230e-09,3.418802160e-07,3.418833640e-07,1.704843180e-07,1.713974570e-07,6.445776640e-10,1.417274460e-06,1.417287510e-06,1.335531050e-06,1.342684350e-06,4.471312470e-09
3.758374040e+04,2.805017600e-06,1.372642110e-08,1.454974690e-06,1.454988090e-06,1.344386240e-06,1.351586970e-06,4.510607820e-09,3.365758090e-07,3.365789090e-07,1.678391860e-07,1.687381580e-07,6.345770070e-10,1.415509830e-06,1.415522860e-06,1.333868200e-06,1.341012600e-06,4.465746850e-09
3.868120550e+04,2.799896980e-06,1.371941030e-08,1.451957280e-06,1.451970650e-06,1.342320890e-06,1.349510560e-06,4.503411050e-09,3.313303610e-07,3.313334120e-07,1.652234550e-07,1.661084170e-07,6.246875160e-10,1.413647810e-06,1.413660830e-06,1.332113570e-06,1.339248570e-06,4.459874060e-09
3.981071710e+04,2.794617370e-06,1.371259500e-08,1.448868200e-06,1.448881540e-06,1.340167510e-06,1.347345650e-06,4.495927290e-09,3.261424520e-07,3.261454560e-07,1.626364170e-07,1.635075220e-07,6.149065150e-10,1.411683450e-06,1.411696450e-06,1.330262510e-06,1.337387600e-06,4.453678500e-09
4.097321100e+04,2.789167630e-06,1.370596970e-08,1.445701460e-06,1.445714770e-06,1.337921020e-06,1.345087120e-06,4.488139260e-09,3.210106750e-07,3.210136310e-07,1.600773700e-07,1.609347680e-07,6.052313500e-10,1.409611600e-06,1.409624580e-06,1.328310160e-06,1.335424790e-06,4.447143910e-09
4.216965030e+04,2.783536240e-06,1.369952940e-08,1.442450880e-06,1.442464160e-06,1.335576120e-06,1.342729670e-06,4.480029080e-09,3.159336300e-07,3.159365400e-07,1.575456170e-07,1.583894540e-07,5.956593860e-10,1.407426900e-06,1.407439860e-06,1.326251470e-06,1.333355070e-06,4.440253420e-09
4.340102640e+04,2.777711330e-06,1.369326890e-08,1.439110100e-06,1.439123350e-06,1.333127360e-06,1.340267790e-06,4.471578240e-09,3.109099340e-07,3.109127980e-07,1.550404660e-07,1.558708860e-07,5.861880100e-10,1.405123800e-06,1.405136740e-06,1.324081200e-06,1.331173180e-06,4.432989470e-09
4.466835920e+04,2.771680620e-06,1.368718330e-08,1.435672560e-06,1.435685780e-06,1.330569080e-06,1.337695810e-06,4.462767630e-09,3.059382140e-07,3.059410320e-07,1.525612340e-07,1.533783750e-07,5.768146380e-10,1.402696510e-06,1.402709430e-06,1.321793910e-06,1.328873640e-06,4.425333860e-09
4.597269890e+04,2.765431480e-06,1.368126780e-08,1.432131530e-06,1.432144720e-06,1.327895430e-06,1.335007830e-06,4.453577470e-09,3.010171130e-07,3.010198850e-07,1.501072440e-07,1.509112410e-07,5.675367080e-10,1.400139070e-06,1.400151970e-06,1.319383980e-06,1.326450800e-06,4.417267750e-09
4.731512590e+04,2.758950900e-06,1.367551760e-08,1.428480100e-06,1.428493250e-06,1.325100370e-06,1.332197800e-06,4.443987390e-09,2.961452870e-07,2.961480150e-07,1.476778270e-07,1.484688110e-07,5.583516910e-10,1.397445300e-06,1.397458170e-06,1.316845570e-06,1.323898790e-06,4.408771630e-09
4.869675250e+04,2.752225520e-06,1.366992830e-08,1.424711140e-06,1.424724260e-06,1.322177680e-06,1.329259470e-06,4.433976380e-09,2.913214130e-07,2.913240960e-07,1.452723210e-07,1.460504210e-07,5.492570880e-10,1.394608790e-06,1.394621630e-06,1.314172660e-06,1.321211570e-06,4.399825360e-09
5.011872340e+04,2.745241570e-06,1.366449530e-08,1.420817390e-06,1.420830470e-06,1.319120970e-06,1.326186380e-06,4.423522840e-09,2.865441840e-07,2.865468230e-07,1.428900750e-07,1.436554160e-07,5.402504390e-10,1.391622970e-06,1.391635780e-06,1.311359050e-06,1.318382890e-06,4.390408150e-09
5.158221650e+04,2.737984990e-06,1.365921450e-08,1.416791370e-06,1.416804420e-06,1.315923640e-06,1.322971930e-06,4.412604570e-09,2.818123140e-07,2.818149090e-07,1.405304480e-07,1.412831510e-07,5.313293180e-10,1.388481050e-06,1.388493830e-06,1.308398340e-06,1.315406320e-06,4.380498630e-09
5.308844440e+04,2.730441320e-06,1.365408150e-08,1.412625470e-06,1.412638480e-06,1.312578950e-06,1.319609320e-06,4.401198790e-09,2.771245400e-07,2.771270920e-07,1.381928110e-07,1.389329930e-07,5.224913450e-10,1.385176060e-06,1.385188810e-06,1.305283970e-06,1.312275270e-06,4.370074780e-09
5.463865500e+04,2.722595830e-06,1.364909220e-08,1.408311890e-06,1.408324860e-06,1.309079980e-06,1.316091610e-06,4.389282210e-09,2.724796250e-07,2.724821340e-07,1.358765460e-07,1.366043210e-07,5.137341860e-10,1.381700840e-06,1.381713570e-06,1.302009200e-06,1.308982960e-06,4.359114080e-09
5.623413250e+04,2.714433440e-06,1.364424280e-08,1.403842680e-06,1.403855610e-06,1.305419650e-06,1.312411680e-06,4.376831010e-09,2.678763570e-07,2.678788240e-07,1.335810490e-07,1.342965290e-07,5.050555580e-10,1.378048090e-06,1.378060780e-06,1.298567120e-06,1.305522440e-06,4.347593420e-09
5.787619880e+04,2.705938820e-06,1.363952940e-08,1.399209790e-06,1.399222670e-06,1.301590760e-06,1.308562280e-06,4.363820880e-09,2.633135540e-07,2.633159790e-07,1.313057310e-07,1.320090240e-07,4.964532330e-10,1.374210320e-06,1.374222970e-06,1.294950700e-06,1.301886650e-06,4.335489230e-09
5.956621440e+04,2.697096390e-06,1.363494810e-08,1.394405000e-06,1.394417840e-06,1.297585970e-06,1.304536030e-06,4.350227130e-09,2.587900690e-07,2.587924520e-07,1.290500190e-07,1.297412300e-07,4.879250470e-10,1.370179910e-06,1.370192530e-06,1.291152750e-06,1.298068360e-06,4.322777490e-09
6.130557920e+04,2.687890330e-06,1.363049530e-08,1.389420000e-06,1.389432800e-06,1.293397810e-06,1.300325450e-06,4.336024670e-09,2.543047870e-07,2.543071290e-07,1.268133580e-07,1.274925890e-07,4.794689010e-10,1.365949130e-06,1.365961710e-06,1.287165990e-06,1.294060240e-06,4.309433780e-09
6.309573440e+04,2.678304670e-06,1.362616740e-08,1.384246420e-06,1.384259170e-06,1.289018760e-06,1.295922940e-06,4.321188110e-09,2.498566340e-07,2.498589350e-07,1.245952110e-07,1.252625620e-07,4.710827670e-10,1.361510120e-06,1.361522660e-06,1.282983010e-06,1.289854860e-06,4.295433360e-09
6.493816320e+04,2.668323290e-06,1.362196100e-08,1.378875790e-06,1.378888490e-06,1.284441190e-06,1.291320850e-06,4.305691850e-09,2.454445760e-07,2.454468360e-07,1.223950650e-07,1.230506310e-07,4.627646990e-10,1.356854970e-06,1.356867460e-06,1.278596350e-06,1.285444700e-06,4.280751230e-09
6.683439180e+04,2.657929980e-06,1.361787280e-08,1.373299620e-06,1.373312270e-06,1.279657440e-06,1.286511480e-06,4.289510100e-09,2.410676260e-07,2.410698460e-07,1.202124250e-07,1.208563010e-07,4.545128340e-10,1.351975690e-06,1.351988140e-06,1.273998490e-06,1.280822210e-06,4.265362230e-09
6.878599120e+04,2.647108530e-06,1.361389930e-08,1.367509420e-06,1.367522010e-06,1.274659830e-06,1.281487100e-06,4.272617030e-09,2.367248450e-07,2.367270250e-07,1.180468240e-07,1.186791010e-07,4.463254030e-10,1.346864270e-06,1.346876670e-06,1.269181880e-06,1.275979800e-06,4.249241100e-09
7.079457840e+04,2.635842740e-06,1.361003750e-08,1.361496690e-06,1.361509230e-06,1.269440690e-06,1.276240000e-06,4.254986850e-09,2.324153470e-07,2.324174870e-07,1.158978200e-07,1.165185860e-07,4.382007340e-10,1.341512710e-06,1.341525060e-06,1.264138980e-06,1.270909890e-06,4.232362610e-09
7.286181750e+04,2.624116490e-06,1.360628410e-08,1.355253020e-06,1.355265510e-06,1.263992380e-06,1.270762510e-06,4.236593910e-09,2.281383010e-07,2.281404020e-07,1.137649990e-07,1.143743420e-07,4.301372630e-10,1.335913050e-06,1.335925350e-06,1.258862280e-06,1.265604940e-06,4.214701630e-09
7.498942090e+04,2.611913880e-06,1.360263630e-08,1.348770080e-06,1.348782500e-06,1.258307350e-06,1.265047030e-06,4.217412810e-09,2.238929370e-07,2.238949990e-07,1.116479780e-07,1.122459810e-07,4.221335400e-10,1.330057400e-06,1.330069650e-06,1.253344370e-06,1.260057470e-06,4.196233320e-09
7.717915160e+04,2.599219230e-06,1.359909100e-08,1.342039670e-06,1.342052030e-06,1.252378160e-06,1.259086090e-06,4.197418560e-09,2.196785520e-07,2.196805750e-07,1.095464030e-07,1.101331500e-07,4.141882340e-10,1.323938000e-06,1.323950190e-06,1.247577910e-06,1.254260130e-06,4.176933160e-09
7.943282350e+04,2.586017200e-06,1.359564550e-08,1.335053780e-06,1.335066080e-06,1.246197540e-06,1.252872360e-06,4.176586700e-09,2.154945070e-07,2.154964910e-07,1.074599590e-07,1.080355310e-07,4.063001460e-10,1.317547240e-06,1.317559370e-06,1.241555750e-06,1.248205700e-06,4.156777190e-09
8.175230380e+04,2.572292880e-06,1.359229680e-08,1.327804610e-06,1.327816840e-06,1.239758410e-06,1.246398740e-06,4.154893440e-09,2.113402380e-07,2.113421840e-07,1.053883630e-07,1.059528390e-07,3.984682100e-10,1.310877720e-06,1.310889790e-06,1.235270900e-06,1.241887200e-06,4.135742090e-09
8.413951420e+04,2.558031890e-06,1.358904240e-08,1.320284650e-06,1.320296810e-06,1.233053930e-06,1.239658360e-06,4.132315850e-09,2.072152560e-07,2.072171650e-07,1.033313710e-07,1.038848300e-07,3.906915060e-10,1.303922310e-06,1.303934320e-06,1.228716660e-06,1.235297850e-06,4.113805340e-09
8.659643230e+04,2.543220480e-06,1.358587960e-08,1.312486710e-06,1.312498790e-06,1.226077590e-06,1.232644640e-06,4.108831970e-09,2.031191530e-07,2.031210240e-07,1.012887810e-07,1.018312990e-07,3.829692640e-10,1.296674190e-06,1.296686130e-06,1.221886590e-06,1.228431200e-06,4.090945450e-09
8.912509380e+04,2.527845610e-06,1.358280580e-08,1.304403970e-06,1.304415980e-06,1.218823180e-06,1.225351380e-06,4.084421030e-09,1.990516040e-07,1.990534370e-07,9.926042900e-08,9.979208270e-08,3.753008700e-10,1.289126900e-06,1.289138770e-06,1.214774600e-06,1.221281110e-06,4.067142040e-09
9.172759350e+04,2.511895100e-06,1.357981850e-08,1.296030060e-06,1.296042000e-06,1.211284950e-06,1.217772770e-06,4.059063600e-09,1.950123700e-07,1.950141660e-07,9.724619700e-08,9.776706220e-08,3.676858760e-10,1.281274400e-06,1.281286200e-06,1.207375000e-06,1.213841880e-06,4.042376090e-09
9.440608760e+04,2.495357720e-06,1.357691540e-08,1.287359110e-06,1.287370970e-06,1.203457550e-06,1.209903450e-06,4.032741810e-09,1.910013030e-07,1.910030620e-07,9.524601090e-08,9.575616280e-08,3.601240020e-10,1.273111140e-06,1.273122870e-06,1.199682570e-06,1.206108250e-06,4.016630080e-09
9.716279520e+04,2.478223320e-06,1.357409400e-08,1.278385790e-06,1.278397560e-06,1.195336180e-06,1.201738580e-06,4.005439470e-09,1.870183470e-07,1.870200690e-07,9.325984290e-08,9.375935660e-08,3.526151430e-10,1.264632110e-06,1.264643750e-06,1.191692570e-06,1.198075460e-06,3.989888210e-09
1.000000000e+05,2.460482900e-06,1.357135210e-08,1.269105380e-06,1.269117070e-06,1.186916610e-06,1.193273910e-06,3.977142330e-09,1.830635410e-07,1.830652270e-07,9.128771250e-08,9.177666320e-08,3.451593730e-10,1.255832880e-06,1.255844440e-06,1.183400850e-06,1.189739330e-06,3.962136560e-09
1.029200530e+05,2.442128780e-06,1.356868750e-08,1.259513850e-06,1.259525450e-06,1.178195200e-06,1.184505790e-06,3.947838210e-09,1.791370210e-07,1.791386710e-07,8.932968760e-08,8.980815080e-08,3.377569480e-10,1.246709700e-06,1.246721180e-06,1.174803870e-06,1.181096300e-06,3.933363290e-09
1.059253730e+05,2.423154710e-06,1.356609800e-08,1.249607890e-06,1.249619400e-06,1.169169030e-06,1.175431270e-06,3.917517220e-09,1.752390220e-07,1.752406360e-07,8.738588460e-08,8.785393650e-08,3.304083090e-10,1.237259540e-06,1.237270930e-06,1.165898760e-06,1.172143490e-06,3.903558830e-09
1.090184490e+05,2.403555940e-06,1.356358150e-08,1.239384970e-06,1.239396380e-06,1.159835880e-06,1.166048140e-06,3.886171940e-09,1.713698750e-07,1.713714530e-07,8.545646940e-08,8.591418710e-08,3.231140840e-10,1.227480130e-06,1.227491430e-06,1.156683390e-06,1.162878760e-06,3.872716060e-09
1.122018450e+05,2.383329340e-06,1.356113590e-08,1.228843400e-06,1.228854720e-06,1.150194350e-06,1.156354970e-06,3.853797570e-09,1.675300120e-07,1.675315540e-07,8.354165690e-08,8.398911860e-08,3.158750830e-10,1.217370040e-06,1.217381250e-06,1.147156420e-06,1.153300760e-06,3.840830470e-09
1.154781980e+05,2.362473550e-06,1.355875930e-08,1.217982410e-06,1.217993630e-06,1.140243850e-06,1.146351170e-06,3.820392110e-09,1.637199600e-07,1.637214680e-07,8.164171070e-08,8.207899600e-08,3.086923050e-10,1.206928720e-06,1.206939830e-06,1.137317310e-06,1.143408950e-06,3.807900330e-09
1.188502230e+05,2.340988990e-06,1.355644970e-08,1.206802130e-06,1.206813250e-06,1.129984670e-06,1.136037040e-06,3.785956500e-09,1.599403460e-07,1.599418190e-07,7.975694240e-08,8.018413260e-08,3.015669280e-10,1.196156540e-06,1.196167560e-06,1.127166440e-06,1.133203710e-06,3.773926860e-09
1.223207120e+05,2.318878020e-06,1.355420530e-08,1.195303710e-06,1.195314720e-06,1.119418030e-06,1.125413800e-06,3.750494770e-09,1.561918870e-07,1.561933250e-07,7.788771050e-08,7.830488880e-08,2.945003050e-10,1.185054880e-06,1.185065790e-06,1.116705080e-06,1.122686320e-06,3.738914360e-09
1.258925410e+05,2.296144970e-06,1.355202420e-08,1.183489300e-06,1.183500200e-06,1.108546110e-06,1.114483650e-06,3.714014160e-09,1.524753940e-07,1.524767980e-07,7.603441850e-08,7.644167030e-08,2.874939640e-10,1.173626080e-06,1.173636890e-06,1.105935460e-06,1.111859020e-06,3.702870290e-09
1.295686700e+05,2.272796210e-06,1.354990460e-08,1.171362110e-06,1.171372900e-06,1.097372050e-06,1.103249740e-06,3.676525210e-09,1.487917610e-07,1.487931310e-07,7.419751320e-08,7.459492630e-08,2.805495930e-10,1.161873570e-06,1.161884270e-06,1.094860790e-06,1.100725030e-06,3.665805440e-09
1.333521430e+05,2.248840190e-06,1.354784490e-08,1.158926420e-06,1.158937090e-06,1.085900040e-06,1.091716290e-06,3.638041830e-09,1.451419670e-07,1.451433040e-07,7.237748220e-08,7.276514690e-08,2.736690350e-10,1.149801830e-06,1.149812420e-06,1.083485300e-06,1.089288610e-06,3.627733950e-09
1.372460960e+05,2.224287500e-06,1.354584330e-08,1.146187600e-06,1.146198150e-06,1.074135260e-06,1.079888500e-06,3.598581380e-09,1.415270650e-07,1.415283690e-07,7.057485060e-08,7.095286020e-08,2.668542770e-10,1.137416410e-06,1.137426890e-06,1.071814240e-06,1.077555040e-06,3.588673400e-09
1.412537540e+05,2.199150860e-06,1.354389820e-08,1.133152130e-06,1.133162570e-06,1.062083950e-06,1.067772630e-06,3.558164680e-09,1.379481780e-07,1.379494480e-07,6.879017830e-08,6.915862890e-08,2.601074340e-10,1.124723990e-06,1.124734350e-06,1.059853870e-06,1.065530610e-06,3.548644810e-09
1.453784390e+05,2.173445130e-06,1.354200800e-08,1.119827600e-06,1.119837910e-06,1.049753350e-06,1.055375990e-06,3.516815980e-09,1.344064900e-07,1.344077280e-07,6.702405610e-08,6.738304710e-08,2.534307390e-10,1.111732320e-06,1.111742560e-06,1.047611510e-06,1.053222670e-06,3.507672660e-09
1.496235660e+05,2.147187280e-06,1.354017120e-08,1.106222660e-06,1.106232850e-06,1.037151760e-06,1.042706900e-06,3.474563010e-09,1.309032400e-07,1.309044450e-07,6.527710130e-08,6.562673540e-08,2.468265270e-10,1.098450230e-06,1.098460350e-06,1.035095490e-06,1.040639610e-06,3.465784870e-09
1.539926530e+05,2.120396360e-06,1.353838630e-08,1.092347050e-06,1.092357110e-06,1.024288460e-06,1.029774700e-06,3.431436820e-09,1.274397100e-07,1.274408830e-07,6.354995390e-08,6.389033710e-08,2.402972170e-10,1.084887650e-06,1.084897640e-06,1.022315140e-06,1.027790820e-06,3.423012690e-09
1.584893190e+05,2.093093450e-06,1.353665180e-08,1.078211560e-06,1.078221490e-06,1.011173730e-06,1.016589730e-06,3.387471780e-09,1.240172190e-07,1.240183610e-07,6.184327130e-08,6.217451330e-08,2.338452950e-10,1.071055510e-06,1.071065370e-06,1.009280790e-06,1.014686650e-06,3.379390690e-09
1.631172910e+05,2.065301610e-06,1.353496630e-08,1.063827970e-06,1.063837760e-06,9.978187810e-07,1.003163250e-06,3.342705420e-09,1.206371120e-07,1.206382230e-07,6.015772410e-08,6.047993800e-08,2.274732940e-10,1.056965770e-06,1.056975500e-06,9.960036980e-07,1.001338450e-06,3.334956590e-09
1.678804020e+05,2.037045710e-06,1.353332840e-08,1.049209020e-06,1.049218680e-06,9.842357350e-07,9.895074510e-07,3.297178280e-09,1.173007480e-07,1.173018280e-07,5.849399010e-08,5.880729280e-08,2.211837790e-10,1.042631330e-06,1.042640930e-06,9.824960230e-07,9.877584210e-07,3.289751110e-09
1.727825980e+05,2.008352430e-06,1.353173680e-08,1.034368350e-06,1.034377870e-06,9.704375580e-07,9.756353690e-07,3.250933740e-09,1.140094920e-07,1.140105420e-07,5.685274990e-08,5.715726190e-08,2.149793210e-10,1.028066010e-06,1.028075480e-06,9.687707770e-07,9.739596610e-07,3.243817820e-09
1.778279410e+05,1.979250030e-06,1.353019020e-08,1.019320450e-06,1.019329840e-06,9.564380080e-07,9.615608350e-07,3.204017820e-09,1.107647030e-07,1.107657230e-07,5.523468130e-08,5.553052660e-08,2.088624830e-10,1.013284450e-06,1.013293780e-06,9.548417630e-07,9.599560410e-07,3.197202950e-09
1.830206110e+05,1.949768300e-06,1.352868730e-08,1.004080580e-06,1.004089820e-06,9.422515630e-07,9.472984060e-07,3.156478990e-09,1.075677230e-07,1.075687130e-07,5.364045350e-08,5.392775990e-08,2.028357950e-10,9.983020550e-07,9.983112470e-07,9.407235030e-07,9.457621620e-07,3.149955120e-09
1.883649090e+05,1.919938350e-06,1.352722680e-08,9.886646610e-07,9.886737640e-07,9.278933520e-07,9.328632910e-07,3.108367860e-09,1.044198680e-07,1.044208290e-07,5.207072260e-08,5.234962140e-08,1.969017370e-10,9.831349360e-07,9.831439890e-07,9.264311700e-07,9.313932770e-07,3.102125150e-09
1.938652640e+05,1.889792480e-06,1.352580770e-08,9.730892440e-07,9.730982040e-07,9.133790750e-07,9.182712730e-07,3.059736960e-09,1.013224160e-07,1.013233490e-07,5.052612610e-08,5.079675180e-08,1.910627190e-10,9.677997960e-07,9.678087070e-07,9.119805070e-07,9.168652140e-07,3.053765760e-09
1.995262310e+05,1.859363980e-06,1.352442860e-08,9.573713890e-07,9.573802040e-07,8.987249170e-07,9.035386260e-07,3.010640460e-09,9.827659810e-08,9.827750300e-08,4.900727790e-08,4.926976840e-08,1.853210610e-10,9.523138590e-07,9.523226270e-07,8.973877440e-07,9.021942900e-07,3.004931290e-09
2.053525030e+05,1.828686980e-06,1.352308860e-08,9.415285760e-07,9.415372450e-07,8.839474640e-07,8.886820220e-07,2.961133840e-09,9.528358880e-08,9.528446620e-08,4.751476350e-08,4.776925990e-08,1.796789780e-10,9.366947720e-07,9.367033970e-07,8.826695120e-07,8.873972250e-07,2.955677430e-09
2.113489040e+05,1.797796230e-06,1.352178650e-08,9.255786170e-07,9.255871390e-07,8.690636130e-07,8.737184510e-07,2.911273660e-09,9.234449710e-08,9.234534740e-08,4.604913600e-08,4.629578230e-08,1.741385590e-10,9.209605150e-07,9.209689940e-07,8.678427510e-07,8.724910500e-07,2.906060920e-09
2.175204030e+05,1.766726960e-06,1.352052110e-08,9.095395540e-07,9.095479290e-07,8.540904780e-07,8.586651180e-07,2.861117180e-09,8.946035820e-08,8.946118180e-08,4.461091160e-08,4.484985450e-08,1.687017570e-10,9.051292980e-07,9.051376310e-07,8.529246220e-07,8.574930180e-07,2.856139220e-09
2.238721140e+05,1.735514640e-06,1.351929160e-08,8.934295670e-07,8.934377930e-07,8.390453060e-07,8.435393620e-07,2.810722110e-09,8.663212620e-08,8.663292380e-08,4.320056620e-08,4.343195510e-08,1.633703690e-10,8.892194700e-07,8.892276570e-07,8.379324170e-07,8.424205130e-07,2.805970230e-09
2.304092980e+05,1.704194820e-06,1.351809680e-08,8.772668710e-07,8.772749480e-07,8.239453780e-07,8.283585570e-07,2.760146290e-09,8.386066770e-08,8.386143990e-08,4.181853180e-08,4.204251840e-08,1.581460310e-10,8.732494210e-07,8.732574610e-07,8.228834640e-07,8.272909550e-07,2.755611980e-09
2.371373710e+05,1.672802970e-06,1.351693590e-08,8.610696290e-07,8.610775570e-07,8.088079270e-07,8.131400280e-07,2.709447380e-09,8.114675630e-08,8.114750350e-08,4.046519430e-08,4.068193210e-08,1.530301990e-10,8.572374870e-07,8.572453800e-07,8.077950430e-07,8.121217180e-07,2.705122330e-09
2.440619070e+05,1.641374240e-06,1.351580780e-08,8.448558580e-07,8.448636360e-07,7.936500510e-07,7.979009640e-07,2.658682580e-09,7.849106750e-08,7.849179010e-08,3.914089040e-08,3.935053510e-08,1.480241460e-10,8.412018620e-07,8.412096070e-07,7.926842960e-07,7.969300360e-07,2.654558700e-09
2.511886430e+05,1.609943360e-06,1.351471160e-08,8.286433430e-07,8.286509720e-07,7.784886260e-07,7.826583320e-07,2.607908370e-09,7.589417500e-08,7.589487370e-08,3.784590630e-08,3.804861480e-08,1.431289560e-10,8.251605080e-07,8.251681050e-07,7.775681500e-07,7.817329260e-07,2.603977760e-09
2.585234840e+05,1.578544430e-06,1.351364640e-08,8.124495510e-07,8.124570310e-07,7.633402360e-07,7.674288060e-07,2.557180250e-09,7.335654840e-08,7.335722380e-08,3.658047610e-08,3.677640690e-08,1.383455120e-10,8.091310710e-07,8.091385200e-07,7.624632350e-07,7.665471070e-07,2.553435210e-09
2.660725060e+05,1.547210800e-06,1.351261130e-08,7.962915610e-07,7.962988920e-07,7.482210950e-07,7.522286840e-07,2.506552470e-09,7.087855100e-08,7.087920360e-08,3.534478110e-08,3.553409320e-08,1.336744990e-10,7.931308100e-07,7.931381120e-07,7.473858130e-07,7.513889280e-07,2.502985500e-09
2.738419630e+05,1.515974910e-06,1.351160560e-08,7.801859870e-07,7.801931690e-07,7.331469800e-07,7.370738300e-07,2.456077830e-09,6.846043920e-08,6.846106940e-08,3.413894890e-08,3.432180250e-08,1.291164010e-10,7.771765190e-07,7.771836740e-07,7.323517100e-07,7.362743000e-07,2.452681640e-09
2.818382930e+05,1.484868170e-06,1.351062830e-08,7.641489140e-07,7.641559490e-07,7.181331730e-07,7.219796080e-07,2.405807450e-09,6.610236210e-08,6.610297070e-08,3.296305420e-08,3.313960950e-08,1.246714990e-10,7.612844680e-07,7.612914760e-07,7.173762550e-07,7.212186350e-07,2.402574970e-09
2.900681200e+05,1.453920870e-06,1.350967870e-08,7.481958460e-07,7.482027330e-07,7.031944060e-07,7.069608260e-07,2.355790630e-09,6.380436320e-08,6.380495050e-08,3.181711830e-08,3.198753580e-08,1.203398740e-10,7.454703390e-07,7.454772020e-07,7.024742300e-07,7.062367930e-07,2.352714990e-09
2.985382620e+05,1.423162050e-06,1.350875590e-08,7.323416480e-07,7.323483890e-07,6.883448110e-07,6.920316940e-07,2.306074670e-09,6.156638120e-08,6.156694800e-08,3.070111100e-08,3.086555100e-08,1.161214110e-10,7.297491830e-07,7.297559000e-07,6.876598140e-07,6.913430290e-07,2.303149190e-09
3.072557370e+05,1.392619440e-06,1.350785930e-08,7.166005080e-07,7.166071040e-07,6.735978800e-07,6.772057770e-07,2.256704700e-09,5.938825330e-08,5.938880000e-08,2.961495090e-08,2.977357330e-08,1.120158020e-10,7.141353680e-07,7.141419410e-07,6.729465490e-07,6.765509580e-07,2.253922930e-09
3.162277660e+05,1.362319360e-06,1.350698800e-08,7.009859000e-07,7.009923530e-07,6.589664320e-07,6.624959610e-07,2.207723620e-09,5.726971760e-08,5.727024480e-08,2.855850750e-08,2.871147140e-08,1.080225550e-10,6.986425490e-07,6.986489800e-07,6.583473020e-07,6.618735150e-07,2.205079300e-09
3.254617830e+05,1.332286710e-06,1.350614140e-08,6.855105540e-07,6.855168640e-07,6.444625860e-07,6.479144300e-07,2.159171980e-09,5.521041750e-08,5.521092570e-08,2.753160280e-08,2.767906650e-08,1.041409960e-10,6.832836380e-07,6.832899270e-07,6.438742390e-07,6.473229320e-07,2.156659060e-09
3.349654390e+05,1.302544890e-06,1.350531880e-08,6.701864340e-07,6.701926030e-07,6.300977360e-07,6.334726400e-07,2.111087900e-09,5.320990520e-08,5.321039490e-08,2.653401370e-08,2.667613410e-08,1.003702810e-10,6.680707770e-07,6.680769260e-07,6.295388020e-07,6.329107130e-07,2.108700530e-09
3.447466070e+05,1.273115760e-06,1.350451950e-08,6.550247230e-07,6.550307520e-07,6.158825410e-07,6.191813070e-07,2.063507050e-09,5.126764690e-08,5.126811880e-08,2.556547400e-08,2.570240680e-08,9.670940420e-11,6.530153260e-07,6.530213370e-07,6.153516970e-07,6.186476190e-07,2.061239590e-09
3.548133890e+05,1.244019660e-06,1.350374280e-08,6.400358140e-07,6.400417050e-07,6.018269130e-07,6.050503950e-07,2.016462600e-09,4.938302760e-08,4.938348220e-08,2.462567690e-08,2.475757600e-08,9.315720600e-11,6.381278550e-07,6.381337290e-07,6.013228820e-07,6.045436650e-07,2.014309600e-09
3.651741270e+05,1.215275380e-06,1.350298810e-08,6.252293060e-07,6.252350610e-07,5.879400150e-07,5.910891180e-07,1.969985210e-09,4.755535660e-08,4.755579430e-08,2.371427800e-08,2.384129550e-08,8.971238390e-11,6.234181370e-07,6.234238750e-07,5.874615690e-07,5.906081080e-07,1.967941420e-09
3.758374040e+05,1.186900180e-06,1.350225480e-08,6.106140080e-07,6.106196280e-07,5.742302640e-07,5.773059350e-07,1.924103030e-09,4.578387260e-08,4.578429400e-08,2.283089770e-08,2.295318370e-08,8.637350300e-11,6.088951500e-07,6.089007540e-07,5.737762160e-07,5.768494560e-07,1.922163390e-09
3.868120550e+05,1.158909780e-06,1.350154220e-08,5.961979440e-07,5.962034300e-07,5.607053350e-07,5.637085650e-07,1.878841760e-09,4.406774980e-08,4.406815530e-08,2.197512420e-08,2.209282660e-08,8.313900600e-11,5.945670870e-07,5.945725590e-07,5.602745460e-07,5.632754680e-07,1.877001400e-09
3.981071710e+05,1.131318390e-06,1.350084990e-08,5.819883650e-07,5.819937210e-07,5.473721740e-07,5.503039890e-07,1.834224620e-09,4.240610320e-08,4.240649340e-08,2.114651620e-08,2.125978040e-08,8.000722490e-11,5.804413660e-07,5.804467080e-07,5.469635460e-07,5.498931740e-07,1.832478870e-09
4.097321100e+05,1.104138760e-06,1.350017710e-08,5.679917680e-07,5.679969950e-07,5.342370100e-07,5.370984720e-07,1.790272480e-09,4.079799460e-08,4.079837000e-08,2.034460580e-08,2.045357490e-08,7.697639090e-11,5.665246440e-07,5.665298570e-07,5.338494920e-07,5.367088780e-07,1.788616830e-09
4.216965030e+05,1.077382190e-06,1.349952340e-08,5.542139110e-07,5.542190100e-07,5.213053780e-07,5.240975770e-07,1.747003840e-09,3.924243840e-08,3.924279950e-08,1.956890160e-08,1.967371590e-08,7.404464590e-11,5.528228380e-07,5.528279240e-07,5.209379570e-07,5.237281880e-07,1.745433990e-09
4.340102640e+05,1.051058610e-06,1.349888820e-08,5.406598370e-07,5.406648110e-07,5.085821360e-07,5.113061870e-07,1.704434970e-09,3.773840700e-08,3.773875420e-08,1.881889100e-08,1.891968810e-08,7.121005230e-11,5.393411460e-07,5.393461080e-07,5.082338420e-07,5.109560280e-07,1.702946770e-09
4.466835920e+05,1.025176590e-06,1.349827100e-08,5.273339000e-07,5.273387510e-07,4.960714880e-07,4.987285310e-07,1.662579940e-09,3.628483600e-08,3.628516980e-08,1.809404340e-08,1.819095810e-08,6.847060400e-11,5.260840730e-07,5.260889140e-07,4.957413910e-07,4.983966660e-07,1.661169420e-09
4.597269890e+05,9.997433890e-07,1.349767130e-08,5.142397900e-07,5.142445210e-07,4.837770120e-07,4.863682040e-07,1.621450730e-09,3.488063020e-08,3.488095110e-08,1.739381250e-08,1.748697680e-08,6.582423610e-11,5.130554580e-07,5.130601780e-07,4.834642200e-07,4.860537370e-07,1.620114080e-09
4.731512590e+05,9.747650650e-07,1.349708860e-08,5.013805650e-07,5.013851770e-07,4.717016850e-07,4.742282000e-07,1.581057300e-09,3.352466810e-08,3.352497650e-08,1.671763920e-08,1.680718180e-08,6.326883450e-11,5.002585000e-07,5.002631030e-07,4.714053460e-07,4.739302740e-07,1.579790880e-09
4.869675250e+05,9.502464740e-07,1.349652240e-08,4.887586760e-07,4.887631720e-07,4.598479120e-07,4.623109370e-07,1.541407700e-09,3.221580720e-08,3.221610360e-08,1.606495380e-08,1.615100040e-08,6.080224530e-11,4.876957910e-07,4.877002780e-07,4.595672090e-07,4.620287310e-07,1.540208040e-09
5.011872340e+05,9.261913640e-07,1.349597220e-08,4.763760020e-07,4.763803840e-07,4.482175570e-07,4.506182880e-07,1.502508190e-09,3.095288840e-08,3.095317310e-08,1.543517810e-08,1.551785160e-08,5.842228330e-11,4.753693450e-07,4.753737170e-07,4.479517090e-07,4.503510160e-07,1.501371940e-09
5.158221650e+05,9.026024210e-07,1.349543760e-08,4.642338810e-07,4.642381510e-07,4.368119670e-07,4.391516080e-07,1.464363280e-09,2.973474050e-08,2.973501400e-08,1.482772810e-08,1.490714800e-08,5.612674060e-11,4.632806300e-07,4.632848910e-07,4.365602280e-07,4.388985210e-07,1.463287260e-09
5.308844440e+05,8.794813400e-07,1.349491820e-08,4.523331410e-07,4.523373010e-07,4.256320080e-07,4.279117680e-07,1.426975870e-09,2.856018420e-08,2.856044680e-08,1.424201590e-08,1.431829860e-08,5.391339420e-11,4.514305990e-07,4.514347510e-07,4.253936660e-07,4.276721500e-07,1.425957040e-09
5.463865500e+05,8.568288800e-07,1.349441340e-08,4.406741300e-07,4.406781820e-07,4.146780920e-07,4.168991820e-07,1.390347370e-09,2.742803620e-08,2.742828840e-08,1.367745120e-08,1.375071010e-08,5.178001340e-11,4.398197260e-07,4.398237710e-07,4.144524660e-07,4.166723480e-07,1.389382830e-09
5.623413250e+05,8.346449300e-07,1.349392300e-08,4.292567510e-07,4.292606980e-07,4.039502070e-07,4.061138380e-07,1.354477740e-09,2.633711260e-08,2.633735480e-08,1.313344380e-08,1.320378890e-08,4.972436620e-11,4.284480300e-07,4.284519700e-07,4.037366500e-07,4.058991370e-07,1.353564710e-09
5.787619880e+05,8.129285670e-07,1.349344650e-08,4.180804910e-07,4.180843360e-07,3.934479480e-07,3.955553270e-07,1.319365640e-09,2.528623230e-08,2.528646480e-08,1.260940470e-08,1.267694300e-08,4.774422610e-11,4.173151130e-07,4.173189500e-07,3.932458400e-07,3.953521370e-07,1.318501490e-09
5.956621440e+05,7.916781170e-07,1.349298350e-08,4.071444540e-07,4.071481970e-07,3.831705430e-07,3.852228760e-07,1.285008520e-09,2.427421990e-08,2.427444300e-08,1.210474770e-08,1.216958300e-08,4.583737740e-11,4.064201870e-07,4.064239240e-07,3.829792950e-07,3.850306030e-07,1.284190730e-09
6.130557920e+05,7.708912120e-07,1.349253360e-08,3.964473850e-07,3.964510290e-07,3.731168830e-07,3.751153670e-07,1.251402670e-09,2.329990860e-08,2.330012270e-08,1.161889100e-08,1.168112390e-08,4.400162050e-11,3.957621040e-07,3.957657430e-07,3.729359330e-07,3.749334470e-07,1.250628840e-09
6.309573440e+05,7.505648460e-07,1.349209650e-08,3.859877050e-07,3.859912530e-07,3.632855480e-07,3.652313750e-07,1.218543370e-09,2.236214260e-08,2.236234810e-08,1.115125820e-08,1.121098640e-08,4.223477660e-11,3.853393870e-07,3.853429290e-07,3.631143610e-07,3.650592700e-07,1.217811220e-09
6.493816320e+05,7.306954290e-07,1.349167170e-08,3.757635370e-07,3.757669910e-07,3.536748350e-07,3.555691850e-07,1.186424940e-09,2.145977950e-08,2.145997680e-08,1.070127970e-08,1.075859780e-08,4.053469220e-11,3.751502550e-07,3.751537030e-07,3.535129020e-07,3.554063850e-07,1.185732290e-09
6.683439180e+05,7.112788390e-07,1.349125900e-08,3.657727300e-07,3.657760920e-07,3.442827810e-07,3.461268270e-07,1.155040840e-09,2.059169230e-08,2.059188150e-08,1.026839340e-08,1.032339290e-08,3.889924240e-11,3.651926510e-07,3.651960070e-07,3.441296170e-07,3.459728420e-07,1.154385630e-09
6.878599120e+05,6.923104740e-07,1.349085800e-08,3.560128880e-07,3.560161590e-07,3.351071890e-07,3.369020890e-07,1.124383740e-09,1.975677080e-08,1.975695240e-08,9.852045760e-09,9.904815250e-09,3.732633500e-11,3.554642690e-07,3.554675350e-07,3.349623340e-07,3.367564580e-07,1.123764010e-09
7.079457840e+05,6.737852950e-07,1.349046830e-08,3.464813930e-07,3.464845760e-07,3.261456490e-07,3.278925500e-07,1.094445620e-09,1.895392390e-08,1.895409800e-08,9.451692630e-09,9.502317780e-09,3.581391260e-11,3.459625760e-07,3.459657550e-07,3.260086650e-07,3.277548330e-07,1.093859490e-09
7.286181750e+05,6.556978740e-07,1.349008970e-08,3.371754260e-07,3.371785230e-07,3.173955620e-07,3.190955970e-07,1.065217800e-09,1.818208020e-08,1.818224720e-08,9.066799780e-09,9.115363400e-09,3.435995580e-11,3.366848380e-07,3.366879300e-07,3.172660340e-07,3.189653750e-07,1.064663500e-09
7.498942090e+05,6.380424390e-07,1.348972190e-08,3.280919940e-07,3.280950080e-07,3.088541610e-07,3.105084470e-07,1.036691070e-09,1.744018960e-08,1.744034980e-08,8.696843580e-09,8.743425670e-09,3.296248510e-11,3.276281370e-07,3.276311470e-07,3.087316920e-07,3.103853220e-07,1.036166900e-09
7.717915160e+05,6.208129080e-07,1.348936440e-08,3.192279460e-07,3.192308780e-07,3.005185260e-07,3.021281670e-07,1.008855680e-09,1.672722440e-08,1.672737800e-08,8.341311470e-09,8.385989280e-09,3.161956300e-11,3.187894000e-07,3.187923280e-07,3.004027420e-07,3.020117620e-07,1.008360050e-09
7.943282350e+05,6.040029320e-07,1.348901710e-08,3.105799950e-07,3.105828460e-07,2.923856090e-07,2.939516890e-07,9.817014810e-10,1.604217960e-08,1.604232690e-08,7.999702350e-09,8.042550460e-09,3.032929510e-11,3.101654100e-07,3.101682580e-07,2.922761530e-07,2.938416460e-07,9.812328630e-10
8.175230380e+05,5.876059280e-07,1.348867970e-08,3.021447330e-07,3.021475060e-07,2.844522470e-07,2.859758350e-07,9.552179210e-10,1.538407400e-08,1.538421520e-08,7.671526940e-09,7.712617300e-09,2.908983200e-11,3.017528290e-07,3.017555990e-07,2.843487790e-07,2.858718130e-07,9.547748730e-10
8.413951420e+05,5.716151140e-07,1.348835180e-08,2.939186520e-07,2.939213500e-07,2.767151770e-07,2.781973240e-07,9.293941310e-10,1.475195070e-08,1.475208610e-08,7.356308040e-09,7.395710050e-09,2.789936960e-11,2.935482140e-07,2.935509090e-07,2.766173780e-07,2.780990020e-07,9.289752830e-10
8.659643230e+05,5.560235390e-07,1.348803320e-08,2.858981600e-07,2.859007830e-07,2.691710550e-07,2.706127960e-07,9.042189670e-10,1.414487730e-08,1.414500710e-08,7.053580690e-09,7.091361250e-09,2.675615050e-11,2.855480350e-07,2.855506550e-07,2.690786210e-07,2.705198660e-07,9.038230190e-10
8.912509380e+05,5.408241110e-07,1.348772360e-08,2.780795900e-07,2.780821420e-07,2.618164690e-07,2.632188180e-07,8.796810560e-10,1.356194630e-08,1.356207080e-08,6.762892340e-09,6.799115940e-09,2.565846380e-11,2.777486850e-07,2.777512330e-07,2.617291100e-07,2.631309910e-07,8.793067740e-10
9.172759350e+05,5.260096270e-07,1.348742280e-08,2.704592210e-07,2.704617020e-07,2.546479490e-07,2.560119030e-07,8.557688380e-10,1.300227520e-08,1.300239450e-08,6.483802920e-09,6.518531680e-09,2.460464600e-11,2.701464990e-07,2.701489770e-07,2.545653910e-07,2.559289030e-07,8.554150550e-10
9.440608760e+05,5.115727910e-07,1.348713060e-08,2.630332860e-07,2.630356980e-07,2.476619820e-07,2.489885190e-07,8.324706130e-10,1.246500650e-08,1.246512080e-08,6.215884860e-09,6.249178620e-09,2.359308090e-11,2.627377650e-07,2.627401740e-07,2.475839660e-07,2.489100850e-07,8.321362200e-10
9.716279520e+05,4.975062440e-07,1.348684660e-08,2.557979840e-07,2.558003290e-07,2.408550220e-07,2.421451000e-07,8.097745690e-10,1.194930800e-08,1.194941750e-08,5.958723090e-09,5.990639460e-09,2.262219950e-11,2.555187320e-07,2.555210750e-07,2.407813010e-07,2.420709850e-07,8.094585160e-10
1.000000000e+06,4.838025830e-07,1.348657070e-08,2.487494930e-07,2.487517730e-07,2.342235000e-07,2.354780590e-07,7.876688230e-10,1.145437210e-08,1.145447710e-08,5.711914980e-09,5.742509420e-09,2.169047980e-11,2.484856290e-07,2.484879060e-07,2.341538420e-07,2.354080290e-07,7.873701150e-10
1.029200530e+06,4.704543760e-07,1.348630260e-08,2.418839790e-07,2.418861950e-07,2.277638340e-07,2.289837950e-07,7.661414490e-10,1.097941620e-08,1.097951680e-08,5.475070270e-09,5.504396140e-09,2.079644650e-11,2.416346660e-07,2.416368800e-07,2.276980180e-07,2.289176270e-07,7.658591440e-10
1.059253730e+06,4.574541850e-07,1.348604210e-08,2.351976030e-07,2.351997580e-07,2.214724370e-07,2.226587020e-07,7.451805080e-10,1.052368240e-08,1.052377880e-08,5.247810910e-09,5.275919560e-09,1.993867070e-11,2.349620490e-07,2.349642020e-07,2.214102550e-07,2.225961860e-07,7.449137120e-10
1.090184490e+06,4.447945790e-07,1.348578900e-08,2.286865320e-07,2.286886260e-07,2.153457260e-07,2.164991760e-07,7.247740720e-10,1.008643660e-08,1.008652900e-08,5.029770950e-09,5.056711760e-09,1.911576900e-11,2.284639880e-07,2.284660800e-07,2.152869780e-07,2.164401130e-07,7.245219410e-10
1.122018450e+06,4.324681500e-07,1.348554310e-08,2.223469450e-07,2.223489800e-07,2.093801260e-07,2.105016240e-07,7.049102520e-10,9.666969010e-09,9.667057510e-09,4.820596380e-09,4.846416830e-09,1.832640320e-11,2.221367000e-07,2.221387340e-07,2.093246260e-07,2.104458270e-07,7.046719850e-10
1.154781980e+06,4.204675240e-07,1.348530410e-08,2.161750390e-07,2.161770170e-07,2.035720810e-07,2.046624700e-07,6.855772140e-10,9.264593130e-09,9.264677920e-09,4.619944880e-09,4.644690620e-09,1.756927940e-11,2.159764220e-07,2.159783980e-07,2.035196500e-07,2.046097590e-07,6.853520540e-10
1.188502230e+06,4.087853760e-07,1.348507200e-08,2.101670370e-07,2.101689590e-07,1.979180540e-07,1.989781610e-07,6.667632030e-10,8.878645630e-09,8.878726850e-09,4.427485670e-09,4.451200570e-09,1.684314720e-11,2.099794110e-07,2.099813320e-07,1.978685260e-07,1.989283670e-07,6.665504310e-10
1.223207120e+06,3.974144380e-07,1.348484640e-08,2.043191910e-07,2.043210590e-07,1.924145380e-07,1.934451680e-07,6.484565560e-10,8.508485800e-09,8.508563600e-09,4.242899240e-09,4.265625480e-09,1.614679900e-11,2.041419540e-07,2.041438210e-07,1.923677530e-07,1.933981320e-07,6.482554940e-10
1.258925410e+06,3.863475100e-07,1.348462720e-08,1.986277910e-07,1.986296070e-07,1.870580580e-07,1.880599990e-07,6.306457230e-10,8.153495100e-09,8.153569620e-09,4.065877150e-09,4.087655250e-09,1.547906870e-11,1.984603740e-07,1.984621880e-07,1.870138650e-07,1.880155690e-07,6.304557290e-10
1.295686700e+06,3.755774670e-07,1.348441420e-08,1.930891640e-07,1.930909280e-07,1.818451750e-07,1.828191950e-07,6.133192760e-10,7.813076670e-09,7.813148050e-09,3.896121780e-09,3.916990650e-09,1.483883130e-11,1.929310270e-07,1.929327900e-07,1.818034320e-07,1.827772290e-07,6.131397420e-10
1.333521430e+06,3.650972700e-07,1.348420730e-08,1.876996820e-07,1.877013960e-07,1.767724880e-07,1.777193390e-07,5.964659250e-10,7.486654790e-09,7.486723160e-09,3.733346010e-09,3.753343040e-09,1.422500180e-11,1.875503150e-07,1.875520280e-07,1.767330600e-07,1.776797000e-07,5.962962760e-10
1.372460960e+06,3.548999680e-07,1.348400620e-08,1.824557640e-07,1.824574290e-07,1.718366410e-07,1.727570570e-07,5.800745240e-10,7.173674380e-09,7.173739860e-09,3.577273070e-09,3.596434160e-09,1.363653360e-11,1.823146840e-07,1.823163480e-07,1.717994020e-07,1.727196170e-07,5.799142170e-10
1.412537540e+06,3.449787080e-07,1.348381090e-08,1.773538770e-07,1.773554950e-07,1.670343250e-07,1.679290200e-07,5.641340890e-10,6.873600450e-09,6.873663150e-09,3.427636150e-09,3.445995770e-09,1.307241850e-11,1.772206290e-07,1.772222460e-07,1.669991530e-07,1.678936590e-07,5.639826080e-10
1.453784390e+06,3.353267360e-07,1.348362110e-08,1.723905430e-07,1.723921150e-07,1.623622780e-07,1.632319490e-07,5.486337950e-10,6.585917540e-09,6.585977590e-09,3.284178230e-09,3.301769480e-09,1.253168480e-11,1.722646950e-07,1.722662650e-07,1.623290590e-07,1.631985520e-07,5.484906540e-10
1.496235660e+06,3.259374060e-07,1.348343670e-08,1.675623370e-07,1.675638640e-07,1.578172880e-07,1.586626170e-07,5.335629930e-10,6.310129220e-09,6.310186710e-09,3.146651740e-09,3.163506390e-09,1.201339680e-11,1.674434810e-07,1.674450060e-07,1.577859150e-07,1.586310760e-07,5.334277330e-10
1.539926530e+06,3.168041780e-07,1.348325750e-08,1.628658920e-07,1.628673750e-07,1.533961970e-07,1.542178470e-07,5.189112110e-10,6.045757480e-09,6.045812530e-09,3.014818320e-09,3.030966860e-09,1.151665350e-11,1.627536400e-07,1.627551220e-07,1.533665680e-07,1.541880590e-07,5.187833960e-10
1.584893190e+06,3.079206280e-07,1.348308340e-08,1.582978960e-07,1.582993370e-07,1.490959010e-07,1.498945180e-07,5.046681610e-10,5.792342230e-09,5.792394940e-09,2.888448540e-09,2.903920240e-09,1.104058760e-11,1.581918860e-07,1.581933250e-07,1.490679190e-07,1.498663870e-07,5.045473790e-10
1.631172910e+06,2.992804430e-07,1.348291420e-08,1.538551010e-07,1.538565000e-07,1.449133490e-07,1.456895650e-07,4.908237390e-10,5.549440740e-09,5.549491200e-09,2.767321630e-09,2.782144560e-09,1.058436450e-11,1.537549860e-07,1.537563840e-07,1.448869240e-07,1.456629980e-07,4.907096030e-10
1.678804020e+06,2.908774300e-07,1.348274990e-08,1.495343150e-07,1.495356740e-07,1.408455480e-07,1.415999780e-07,4.773680360e-10,5.316627090e-09,5.316675400e-09,2.651225180e-09,2.665426290e-09,1.014718150e-11,1.494397700e-07,1.494411280e-07,1.408205930e-07,1.415748900e-07,4.772601770e-10
1.727825980e+06,2.827055130e-07,1.348259020e-08,1.453324100e-07,1.453337290e-07,1.368895630e-07,1.376228050e-07,4.642913340e-10,5.093491650e-09,5.093537890e-09,2.539954940e-09,2.553560080e-09,9.728266420e-12,1.452431260e-07,1.452444450e-07,1.368659970e-07,1.375991130e-07,4.641894050e-10
1.778279410e+06,2.747587350e-07,1.348243500e-08,1.412463190e-07,1.412476000e-07,1.330425140e-07,1.337551520e-07,4.515841100e-10,4.879640510e-09,4.879684770e-09,2.433314470e-09,2.446348440e-09,9.326876690e-12,1.411620050e-07,1.411632850e-07,1.330202600e-07,1.337327790e-07,4.514877830e-10
1.830206110e+06,2.670312600e-07,1.348228430e-08,1.372730360e-07,1.372742800e-07,1.293015810e-07,1.299941830e-07,4.392370390e-10,4.674695030e-09,4.674737400e-09,2.331114950e-09,2.343601540e-09,8.942298560e-12,1.371934170e-07,1.371946610e-07,1.292805660e-07,1.299730550e-07,4.391460030e-10
1.883649090e+06,2.595173740e-07,1.348213780e-08,1.334096200e-07,1.334108280e-07,1.256640000e-07,1.263371200e-07,4.272409910e-10,4.478291260e-09,4.478331810e-09,2.233174910e-09,2.245136920e-09,8.573845990e-12,1.333344350e-07,1.333356430e-07,1.256441560e-07,1.263171700e-07,4.271549530e-10
1.938652640e+06,2.522114820e-07,1.348199550e-08,1.296531900e-07,1.296543630e-07,1.221270690e-07,1.227812460e-07,4.155870350e-10,4.290079480e-09,4.290118280e-09,2.139319930e-09,2.150779260e-09,8.220859690e-12,1.295821940e-07,1.295833660e-07,1.221083300e-07,1.227624070e-07,4.155057180e-10
1.995262310e+06,2.451081100e-07,1.348185720e-08,1.260009290e-07,1.260020670e-07,1.186881400e-07,1.193238990e-07,4.042664370e-10,4.109723670e-09,4.109760810e-09,2.049382470e-09,2.060360090e-09,7.882706250e-12,1.259338880e-07,1.259350260e-07,1.186704450e-07,1.193061090e-07,4.041895780e-10
2.053525030e+06,2.382019070e-07,1.348172290e-08,1.224500800e-07,1.224511850e-07,1.153446260e-07,1.159624780e-07,3.932706580e-10,3.936901090e-09,3.936936620e-09,1.963201580e-09,1.973717620e-09,7.558777190e-12,1.223867760e-07,1.223878800e-07,1.153279170e-07,1.159456800e-07,3.931980110e-10
2.113489040e+06,2.314876380e-07,1.348159240e-08,1.189979500e-07,1.189990230e-07,1.120939960e-07,1.126944390e-07,3.825913570e-10,3.771301730e-09,3.771335730e-09,1.880622670e-09,1.890696420e-09,7.248488090e-12,1.189381750e-07,1.189392470e-07,1.120782190e-07,1.126785770e-07,3.825226870e-10
2.175204030e+06,2.249601900e-07,1.348146560e-08,1.156419080e-07,1.156429490e-07,1.089337780e-07,1.095172960e-07,3.722203850e-10,3.612627920e-09,3.612660450e-09,1.801497310e-09,1.811147250e-09,6.951277720e-12,1.155854650e-07,1.155865060e-07,1.089188810e-07,1.095023190e-07,3.721554710e-10
2.238721140e+06,2.186145660e-07,1.348134240e-08,1.123793800e-07,1.123803900e-07,1.058615560e-07,1.064286200e-07,3.621497850e-10,3.460593850e-09,3.460624960e-09,1.725682950e-09,1.734926840e-09,6.666607190e-12,1.123260850e-07,1.123270950e-07,1.058474900e-07,1.064144780e-07,3.620884190e-10
2.304092980e+06,2.124458870e-07,1.348122260e-08,1.092078560e-07,1.092088360e-07,1.028749700e-07,1.034260390e-07,3.523717920e-10,3.314925130e-09,3.314954890e-09,1.653042790e-09,1.661897620e-09,6.393959150e-12,1.091575330e-07,1.091585130e-07,1.028616890e-07,1.034126860e-07,3.523137760e-10
2.371373710e+06,2.064493900e-07,1.348110630e-08,1.061248840e-07,1.061258360e-07,9.997171710e-08,1.005072370e-07,3.428788280e-10,3.175358380e-09,3.175386850e-09,1.583445480e-09,1.591927550e-09,6.132836970e-12,1.060773690e-07,1.060783200e-07,9.995917630e-08,1.004946290e-07,3.428239760e-10
2.440619070e+06,2.006204240e-07,1.348099340e-08,1.031280720e-07,1.031289950e-07,9.714954770e-08,9.766995360e-08,3.336635000e-10,3.041640850e-09,3.041668060e-09,1.516764980e-09,1.524889910e-09,5.882763960e-12,1.030832070e-07,1.030841300e-07,9.713770660e-08,9.765804910e-08,3.336116370e-10
2.511886430e+06,1.949544520e-07,1.348088360e-08,1.002150830e-07,1.002159780e-07,9.440626780e-08,9.491198190e-08,3.247186000e-10,2.913529940e-09,2.913555970e-09,1.452880310e-09,1.460663080e-09,5.643282650e-12,1.001727220e-07,1.001736170e-07,9.439508740e-08,9.490074170e-08,3.246695590e-10
2.585234840e+06,1.894470490e-07,1.348077690e-08,9.738364130e-08,9.738450970e-08,9.173973650e-08,9.223117010e-08,3.160370990e-10,2.790792910e-09,2.790817790e-09,1.391675420e-09,1.399130380e-09,5.413954030e-12,9.734364420e-08,9.734451230e-08,9.172918010e-08,9.222055720e-08,3.159907230e-10
2.660725060e+06,1.840938960e-07,1.348067330e-08,9.463152450e-08,9.463236670e-08,8.914786580e-08,8.962541880e-08,3.076121440e-10,2.673206430e-09,2.673230230e-09,1.333038950e-09,1.340179850e-09,5.194356860e-12,9.459375980e-08,9.459460170e-08,8.913789870e-08,8.961539830e-08,3.075682850e-10
2.738419630e+06,1.788907850e-07,1.348057270e-08,9.195656680e-08,9.195738360e-08,8.662861960e-08,8.709268090e-08,2.994370590e-10,2.560556280e-09,2.560579020e-09,1.276864050e-09,1.283704090e-09,4.984086960e-12,9.192091020e-08,9.192172660e-08,8.661920890e-08,8.708321980e-08,2.993955760e-10
2.818382930e+06,1.738336120e-07,1.348047490e-08,8.935665660e-08,8.935744850e-08,8.418001270e-08,8.463096090e-08,2.915053360e-10,2.452636940e-09,2.452658680e-09,1.223048250e-09,1.229600060e-09,4.782756590e-12,8.932299070e-08,8.932378230e-08,8.417112740e-08,8.462202800e-08,2.914660980e-10
2.900681200e+06,1.689183770e-07,1.348037990e-08,8.682973580e-08,8.683050360e-08,8.180011010e-08,8.223831320e-08,2.838106380e-10,2.349251300e-09,2.349272070e-09,1.171493250e-09,1.177768940e-09,4.589993780e-12,8.679794950e-08,8.679871700e-08,8.179172100e-08,8.222987910e-08,2.837735190e-10
2.985382620e+06,1.641411810e-07,1.348028760e-08,8.437379880e-08,8.437454300e-08,7.948702610e-08,7.991284200e-08,2.763467870e-10,2.250210300e-09,2.250230150e-09,1.122104790e-09,1.128115960e-09,4.405441710e-12,8.434378740e-08,8.434453130e-08,7.947910550e-08,7.990487890e-08,2.763116700e-10
3.072557370e+06,1.594982270e-07,1.348019790e-08,8.198689130e-08,8.198761260e-08,7.723892320e-08,7.765270000e-08,2.691077720e-10,2.155332650e-09,2.155351610e-09,1.074792450e-09,1.080550220e-09,4.228758130e-12,8.195855590e-08,8.195927690e-08,7.723144490e-08,7.764518160e-08,2.690745450e-10
3.162277660e+06,1.549858140e-07,1.348011080e-08,7.966710980e-08,7.966780860e-08,7.505401120e-08,7.545608740e-08,2.620877350e-10,2.064444480e-09,2.064462590e-09,1.029469530e-09,1.034984560e-09,4.059614770e-12,7.964035690e-08,7.964105550e-08,7.504695050e-08,7.544898900e-08,2.620562920e-10
3.254617830e+06,1.506003380e-07,1.348002620e-08,7.741259990e-08,7.741327700e-08,7.293054630e-08,7.332125110e-08,2.552809720e-10,1.977379080e-09,1.977396380e-09,9.860528990e-10,9.913353990e-10,3.897696780e-12,7.738734130e-08,7.738801810e-08,7.292388000e-08,7.331454920e-08,2.552512150e-10
3.349654390e+06,1.463382880e-07,1.347994400e-08,7.522155580e-08,7.522221160e-08,7.086683010e-08,7.124648370e-08,2.486819310e-10,1.893976620e-09,1.893993140e-09,9.444628520e-10,9.495226060e-10,3.742702200e-12,7.519770810e-08,7.519836380e-08,7.086053630e-08,7.124015610e-08,2.486537660e-10
3.447466070e+06,1.421962460e-07,1.347986410e-08,7.309221900e-08,7.309285420e-08,6.886120880e-08,6.923012230e-08,2.422852050e-10,1.814083840e-09,1.814099610e-09,9.046229690e-10,9.094693490e-10,3.594341450e-12,7.306970360e-08,7.307033860e-08,6.885526660e-08,6.922414830e-08,2.422585420e-10
3.548133890e+06,1.381708850e-07,1.347978660e-08,7.102287760e-08,7.102349260e-08,6.691207210e-08,6.727054810e-08,2.360855290e-10,1.737553830e-09,1.737568880e-09,8.664599840e-10,8.711019740e-10,3.452336820e-12,7.100162000e-08,7.100223480e-08,6.690646190e-08,6.726490790e-08,2.360602860e-10
3.651741270e+06,1.342589630e-07,1.347971120e-08,6.901186470e-08,6.901246000e-08,6.501785200e-08,6.536618490e-08,2.300777780e-10,1.664245740e-09,1.664260090e-09,8.299036640e-10,8.343498690e-10,3.316421980e-12,6.899179480e-08,6.899239000e-08,6.501255530e-08,6.536085970e-08,2.300538750e-10
3.758374040e+06,1.304573280e-07,1.347963800e-08,6.705755790e-08,6.705813400e-08,6.317702250e-08,6.351549810e-08,2.242569620e-10,1.594024550e-09,1.594038250e-09,7.948866850e-10,7.991453500e-10,3.186341530e-12,6.703860940e-08,6.703918540e-08,6.317202170e-08,6.351047050e-08,2.242343250e-10
3.868120550e+06,1.267629080e-07,1.347956700e-08,6.515837810e-08,6.515893550e-08,6.138809790e-08,6.171699440e-08,2.186182220e-10,1.526760870e-09,1.526773930e-09,7.613445110e-10,7.654235350e-10,3.061850570e-12,6.514048840e-08,6.514104570e-08,6.138337660e-08,6.171224780e-08,2.185967800e-10
3.981071710e+06,1.231727170e-07,1.347949790e-08,6.331278850e-08,6.331332770e-08,5.964963250e-08,5.996922030e-08,2.131568270e-10,1.462330640e-09,1.462343090e-09,7.292152860e-10,7.331222380e-10,2.942714230e-12,6.329589850e-08,6.329643760e-08,5.964517500e-08,5.996473890e-08,2.131365130e-10
4.097321100e+06,1.196838460e-07,1.347943090e-08,6.151929350e-08,6.151981500e-08,5.796021930e-08,5.827076110e-08,2.078681690e-10,1.400614970e-09,1.400626840e-09,6.984397240e-10,7.021818540e-10,2.828707270e-12,6.150334750e-08,6.150386880e-08,5.795601090e-08,5.826653020e-08,2.078489220e-10
4.216965030e+06,1.162934660e-07,1.347936580e-08,5.977643820e-08,5.977694220e-08,5.631848910e-08,5.662024040e-08,2.027477620e-10,1.341499920e-09,1.341511230e-09,6.689610030e-10,6.725452590e-10,2.719613740e-12,5.976138330e-08,5.976188720e-08,5.631451590e-08,5.661624590e-08,2.027295210e-10
4.340102640e+06,1.129988260e-07,1.347930250e-08,5.808280650e-08,5.808329360e-08,5.472310980e-08,5.501631890e-08,1.977912340e-10,1.284876290e-09,1.284887060e-09,6.407246680e-10,6.441577030e-10,2.615226490e-12,5.806859310e-08,5.806908010e-08,5.471935870e-08,5.501254780e-08,1.977739440e-10
4.466835920e+06,1.097972460e-07,1.347924110e-08,5.643702120e-08,5.643749170e-08,5.317278520e-08,5.345769370e-08,1.929943290e-10,1.230639410e-09,1.230649670e-09,6.136785310e-10,6.169667200e-10,2.515346910e-12,5.642360220e-08,5.642407260e-08,5.316924380e-08,5.345413330e-08,1.929779360e-10
4.597269890e+06,1.066861210e-07,1.347918150e-08,5.483774220e-08,5.483819660e-08,5.166625470e-08,5.194309700e-08,1.883528960e-10,1.178689000e-09,1.178698770e-09,5.877725790e-10,5.909220300e-10,2.419784500e-12,5.482507330e-08,5.482552760e-08,5.166291120e-08,5.193973570e-08,1.883373510e-10
4.731512590e+06,1.036629180e-07,1.347912350e-08,5.328366630e-08,5.328410490e-08,5.020229150e-08,5.047129590e-08,1.838628910e-10,1.128928950e-09,1.128938250e-09,5.629588870e-10,5.659754510e-10,2.328356580e-12,5.327170550e-08,5.327214400e-08,5.019913490e-08,5.046812240e-08,1.838481480e-10
4.869675250e+06,1.007251700e-07,1.347906730e-08,5.177352560e-08,5.177394870e-08,4.877970260e-08,4.904109070e-08,1.795203740e-10,1.081267170e-09,1.081276010e-09,5.391915300e-10,5.420808100e-10,2.240887940e-12,5.176223340e-08,5.176265650e-08,4.877672250e-08,4.903809460e-08,1.795063880e-10
5.011872340e+06,9.787048100e-08,1.347901270e-08,5.030608700e-08,5.030649510e-08,4.739732760e-08,4.765131490e-08,1.753215000e-10,1.035615400e-09,1.035623810e-09,5.164265020e-10,5.191938690e-10,2.157210530e-12,5.029542610e-08,5.029583410e-08,4.739451410e-08,4.764848630e-08,1.753082280e-10
5.158221650e+06,9.509651830e-08,1.347895970e-08,4.888015140e-08,4.888054470e-08,4.605403780e-08,4.630083380e-08,1.712625200e-10,9.918891000e-10,9.918970810e-10,4.946216370e-10,4.972722330e-10,2.077163180e-12,4.887008650e-08,4.887047970e-08,4.605138160e-08,4.629816340e-08,1.712499230e-10
5.308844440e+06,9.240101430e-08,1.347890830e-08,4.749455250e-08,4.749493140e-08,4.474873570e-08,4.498854390e-08,1.673397750e-10,9.500072340e-10,9.500148130e-10,4.737365330e-10,4.762752840e-10,2.000591290e-12,4.748505030e-08,4.748542910e-08,4.474622800e-08,4.498602270e-08,1.673278160e-10
5.463865500e+06,8.978176380e-08,1.347885830e-08,4.614815620e-08,4.614852100e-08,4.348035370e-08,4.371337200e-08,1.635496940e-10,9.098921780e-10,9.098993700e-10,4.537324770e-10,4.561641030e-10,1.927346550e-12,4.613918530e-08,4.613955000e-08,4.347798620e-08,4.371099180e-08,1.635383370e-10
5.623413250e+06,8.723662210e-08,1.347880980e-08,4.483985980e-08,4.484021070e-08,4.224785390e-08,4.247427450e-08,1.598887910e-10,8.714695520e-10,8.714763730e-10,4.345723810e-10,4.369014030e-10,1.857286700e-12,4.483139040e-08,4.483174130e-08,4.224561880e-08,4.247202740e-08,1.598780040e-10
5.787619880e+06,8.476350420e-08,1.347876280e-08,4.356859080e-08,4.356892830e-08,4.105022690e-08,4.127023680e-08,1.563536610e-10,8.346680950e-10,8.346745600e-10,4.162207070e-10,4.184514550e-10,1.790275280e-12,4.356059500e-08,4.356093240e-08,4.104811670e-08,4.126811540e-08,1.563434110e-10
5.956621440e+06,8.236038230e-08,1.347871710e-08,4.233330670e-08,4.233363090e-08,3.988649130e-08,4.010027210e-08,1.529409740e-10,7.994195300e-10,7.994256530e-10,3.986434100e-10,4.007800310e-10,1.726181360e-12,4.232575800e-08,4.232608210e-08,3.988449910e-08,4.009826930e-08,1.529312330e-10
6.130557920e+06,8.002528520e-08,1.347867280e-08,4.113299380e-08,4.113330500e-08,3.875569290e-08,3.896342110e-08,1.496474780e-10,7.656584460e-10,7.656642400e-10,3.818078690e-10,3.838543380e-10,1.664879310e-12,4.112586710e-08,4.112617830e-08,3.875381210e-08,3.896153030e-08,1.496382170e-10
6.309573440e+06,7.775629620e-08,1.347862990e-08,3.996666640e-08,3.996696500e-08,3.765690380e-08,3.785875110e-08,1.464699910e-10,7.333221760e-10,7.333276540e-10,3.656828360e-10,3.676429570e-10,1.606248630e-12,3.995993830e-08,3.996023670e-08,3.765512820e-08,3.785696590e-08,1.464611830e-10
6.493816320e+06,7.555155190e-08,1.347858820e-08,3.883336650e-08,3.883365250e-08,3.658922200e-08,3.678535500e-08,1.434053980e-10,7.023506810e-10,7.023558550e-10,3.502383710e-10,3.521157900e-10,1.550173670e-12,3.882701450e-08,3.882730050e-08,3.658754570e-08,3.678366970e-08,1.433970190e-10
6.683439180e+06,7.340924070e-08,1.347854780e-08,3.773216240e-08,3.773243620e-08,3.555177060e-08,3.574235140e-08,1.404506510e-10,6.726864450e-10,6.726913270e-10,3.354457920e-10,3.372440020e-10,1.496543460e-12,3.772616560e-08,3.772643940e-08,3.555018800e-08,3.574076040e-08,1.404426780e-10
6.878599120e+06,7.132760160e-08,1.347850850e-08,3.666214860e-08,3.666241040e-08,3.454369700e-08,3.472888320e-08,1.376027670e-10,6.442743680e-10,6.442789690e-10,3.212776230e-10,3.229999680e-10,1.445251540e-12,3.665648720e-08,3.665674890e-08,3.454220300e-08,3.472738110e-08,1.375951770e-10
7.079457840e+06,6.930492240e-08,1.347847050e-08,3.562244480e-08,3.562269490e-08,3.356417250e-08,3.374411700e-08,1.348588190e-10,6.170616630e-10,6.170659940e-10,3.077075410e-10,3.093572250e-10,1.396195740e-12,3.561710000e-08,3.561735000e-08,3.356276200e-08,3.374269900e-08,1.348515910e-10
7.286181750e+06,6.733953900e-08,1.347843370e-08,3.461219540e-08,3.461243380e-08,3.261239150e-08,3.278724300e-08,1.322159410e-10,5.909977640e-10,5.910018360e-10,2.947103300e-10,2.962904220e-10,1.349277990e-12,3.460714940e-08,3.460738780e-08,3.261105980e-08,3.278590430e-08,1.322090560e-10
7.498942090e+06,6.542983360e-08,1.347839800e-08,3.363056840e-08,3.363079550e-08,3.168757060e-08,3.185747380e-08,1.296713230e-10,5.660342300e-10,5.660380520e-10,2.822618350e-10,2.837752730e-10,1.304404230e-12,3.362580460e-08,3.362603160e-08,3.168631350e-08,3.185620990e-08,1.296647620e-10
7.717915160e+06,6.357423370e-08,1.347836340e-08,3.267675540e-08,3.267697120e-08,3.078894880e-08,3.095404410e-08,1.272222050e-10,5.421246560e-10,5.421282370e-10,2.703389150e-10,2.717885150e-10,1.261484160e-12,3.267225800e-08,3.267247380e-08,3.078776190e-08,3.095285090e-08,1.272159510e-10
7.943282350e+06,6.177121080e-08,1.347832980e-08,3.174997030e-08,3.175017520e-08,2.991578590e-08,3.007620980e-08,1.248658830e-10,5.192245910e-10,5.192279410e-10,2.589194020e-10,2.603078620e-10,1.220431130e-12,3.174572450e-08,3.174592930e-08,2.991466540e-08,3.007508330e-08,1.248599180e-10
8.175230380e+06,6.001927910e-08,1.347829740e-08,3.084944950e-08,3.084964350e-08,2.906736280e-08,2.922324800e-08,1.225996990e-10,4.972914530e-10,4.972945800e-10,2.479820650e-10,2.493119660e-10,1.181162030e-12,3.084544110e-08,3.084563500e-08,2.906630490e-08,2.922218450e-08,1.225940090e-10
8.413951420e+06,5.831699470e-08,1.347826600e-08,2.997445030e-08,2.997463360e-08,2.824298020e-08,2.839445560e-08,1.204210440e-10,4.762844520e-10,4.762873650e-10,2.375065610e-10,2.387803780e-10,1.143597070e-12,2.997066610e-08,2.997084930e-08,2.824198150e-08,2.839345160e-08,1.204156140e-10
8.659643230e+06,5.666295400e-08,1.347823550e-08,2.912425120e-08,2.912442390e-08,2.744195870e-08,2.758914970e-08,1.183273570e-10,4.561645170e-10,4.561672230e-10,2.274734070e-10,2.286935100e-10,1.107659730e-12,2.912067860e-08,2.912085130e-08,2.744101590e-08,2.758820180e-08,1.183221720e-10
8.912509380e+06,5.505579280e-08,1.347820610e-08,2.829815070e-08,2.829831300e-08,2.666363790e-08,2.680666610e-08,1.163161200e-10,4.368942200e-10,4.368967270e-10,2.178639390e-10,2.190325970e-10,1.073276570e-12,2.829477790e-08,2.829494020e-08,2.666274780e-08,2.680577120e-08,1.163111680e-10
9.172759350e+06,5.349418520e-08,1.347817770e-08,2.749546720e-08,2.749561930e-08,2.590737580e-08,2.604635960e-08,1.143848600e-10,4.184377090e-10,4.184400240e-10,2.086602790e-10,2.097796670e-10,1.040377170e-12,2.749228300e-08,2.749243510e-08,2.590653550e-08,2.604551480e-08,1.143801290e-10
9.440608760e+06,5.197684260e-08,1.347815020e-08,2.671553810e-08,2.671568010e-08,2.517254850e-08,2.530760290e-08,1.125311470e-10,4.007606440e-10,4.007627740e-10,1.998453030e-10,2.009175020e-10,1.008893960e-12,2.671253210e-08,2.671267400e-08,2.517175520e-08,2.530680530e-08,1.125266240e-10
9.716279520e+06,5.050251280e-08,1.347812360e-08,2.595771970e-08,2.595785170e-08,2.445854980e-08,2.458978650e-08,1.107525920e-10,3.838301310e-10,3.838320820e-10,1.914026080e-10,1.924296120e-10,9.787621610e-13,2.595488170e-08,2.595501370e-08,2.445780080e-08,2.458903350e-08,1.107482670e-10
1.000000000e+07,4.906997840e-08,1.347809800e-08,2.522138610e-08,2.522150810e-08,2.376479020e-08,2.389231780e-08,1.090468490e-10,3.676146610e-10,3.676164400e-10,1.833164800e-10,1.843002010e-10,9.499196560e-13,2.521870690e-08,2.521882890e-08,2.376408320e-08,2.389160700e-08,1.090427120e-10
1.029200530e+07,4.767805680e-08,1.347807320e-08,2.450592910e-08,2.450604140e-08,2.309069710e-08,2.321462120e-08,1.074116120e-10,3.520840530e-10,3.520856660e-10,1.755718710e-10,1.765141370e-10,9.223068950e-13,2.450339980e-08,2.450351200e-08,2.309002960e-08,2.321395010e-08,1.074076520e-10
1.059253730e+07,4.632559820e-08,1.347804940e-08,2.381075790e-08,2.381086040e-08,2.243571390e-08,2.255613700e-08,1.058446160e-10,3.372094000e-10,3.372108520e-10,1.681543640e-10,1.690569280e-10,8.958668080e-13,2.380837000e-08,2.380847250e-08,2.243508380e-08,2.255550350e-08,1.058408240e-10
1.090184490e+07,4.501148550e-08,1.347802640e-08,2.313529790e-08,2.313539080e-08,2.179929970e-08,2.191632150e-08,1.043436350e-10,3.229630110e-10,3.229643080e-10,1.610501510e-10,1.619146920e-10,8.705447090e-13,2.313304360e-08,2.313313650e-08,2.179870480e-08,2.191572340e-08,1.043400040e-10
1.122018450e+07,4.373463290e-08,1.347800430e-08,2.247899110e-08,2.247907440e-08,2.118092880e-08,2.129464610e-08,1.029064860e-10,3.093183640e-10,3.093195110e-10,1.542460070e-10,1.550741320e-10,8.462882170e-13,2.247686280e-08,2.247694620e-08,2.118036720e-08,2.129408150e-08,1.029030060e-10
1.154781980e+07,4.249398550e-08,1.347798300e-08,2.184129500e-08,2.184136880e-08,2.058009030e-08,2.069059730e-08,1.015310230e-10,2.962500550e-10,2.962510570e-10,1.477292640e-10,1.485225120e-10,8.230471700e-13,2.183928570e-08,2.183935960e-08,2.057956010e-08,2.069006430e-08,1.015276870e-10
1.188502230e+07,4.128851770e-08,1.347796250e-08,2.122168240e-08,2.122174680e-08,1.999628780e-08,2.010367600e-08,1.002151430e-10,2.837337520e-10,2.837346130e-10,1.414877870e-10,1.422476330e-10,8.007735470e-13,2.121978560e-08,2.121985000e-08,1.999578720e-08,2.010317270e-08,1.002119440e-10
1.223207120e+07,4.011723340e-08,1.347794290e-08,2.061964120e-08,2.061969620e-08,1.942903880e-08,1.953339700e-08,9.895678170e-11,2.717461460e-10,2.717468720e-10,1.355099540e-10,1.362378120e-10,7.794213950e-13,2.061785040e-08,2.061790550e-08,1.942856620e-08,1.953292190e-08,9.895371220e-11
1.258925410e+07,3.897916400e-08,1.347792410e-08,2.003467340e-08,2.003471920e-08,1.887787440e-08,1.897928910e-08,9.775391610e-11,2.602649160e-10,2.602655110e-10,1.297846330e-10,1.304818550e-10,7.589467520e-13,2.003298290e-08,2.003302860e-08,1.887742830e-08,1.897884060e-08,9.775096980e-11
1.295686700e+07,3.787336870e-08,1.347790610e-08,1.946629550e-08,1.946633200e-08,1.834233910e-08,1.844089420e-08,9.660456450e-11,2.492686800e-10,2.492691460e-10,1.243011630e-10,1.249690450e-10,7.393075830e-13,1.946469950e-08,1.946473600e-08,1.834191790e-08,1.844047070e-08,9.660173550e-11
1.333521430e+07,3.679893310e-08,1.347788890e-08,1.891403730e-08,1.891406450e-08,1.782199010e-08,1.791776720e-08,9.550678670e-11,2.387369560e-10,2.387373000e-10,1.190493300e-10,1.196891120e-10,7.204637060e-13,1.891253060e-08,1.891255780e-08,1.782159250e-08,1.791736740e-08,9.550406920e-11
1.372460960e+07,3.575496860e-08,1.347787240e-08,1.837744200e-08,1.837746000e-08,1.731639710e-08,1.740947550e-08,9.445868420e-11,2.286501310e-10,2.286503550e-10,1.140193520e-10,1.146322240e-10,7.023767330e-13,1.837601960e-08,1.837603750e-08,1.731602170e-08,1.740909810e-08,9.445607280e-11
1.412537540e+07,3.474061190e-08,1.347785680e-08,1.785606580e-08,1.785607460e-08,1.682514210e-08,1.691559890e-08,9.345840090e-11,2.189894160e-10,2.189895230e-10,1.092018610e-10,1.097889620e-10,6.850100000e-13,1.785472290e-08,1.785473170e-08,1.682478770e-08,1.691524260e-08,9.345589040e-11
1.453784390e+07,3.375502370e-08,1.347784200e-08,1.734947730e-08,1.734947680e-08,1.634781880e-08,1.643572880e-08,9.250412330e-11,2.097368150e-10,2.097368090e-10,1.045878830e-10,1.051503020e-10,6.683285100e-13,1.734820950e-08,1.734820900e-08,1.634748420e-08,1.643539250e-08,9.250170900e-11
1.496235660e+07,3.279738890e-08,1.347782790e-08,1.685725730e-08,1.685724770e-08,1.588403230e-08,1.596946850e-08,9.159408110e-11,2.008750930e-10,2.008749770e-10,1.001688230e-10,1.007076060e-10,6.522988730e-13,1.685606050e-08,1.685605080e-08,1.588371650e-08,1.596915090e-08,9.159175830e-11
1.539926530e+07,3.186691510e-08,1.347781470e-08,1.637899870e-08,1.637897980e-08,1.543339910e-08,1.551643200e-08,9.072654730e-11,1.923877410e-10,1.923875190e-10,9.593644960e-11,9.645259560e-11,6.368892440e-13,1.637786870e-08,1.637784980e-08,1.543310090e-08,1.551613230e-08,9.072431190e-11
1.584893190e+07,3.096283250e-08,1.347780220e-08,1.591430550e-08,1.591427740e-08,1.499554630e-08,1.507624480e-08,8.989983910e-11,1.842589490e-10,1.842586230e-10,9.188287700e-11,9.237734480e-11,6.220692710e-13,1.591323880e-08,1.591321070e-08,1.499526480e-08,1.507596180e-08,8.989768680e-11
1.631172910e+07,3.008439290e-08,1.347779050e-08,1.546279330e-08,1.546275590e-08,1.457011170e-08,1.464854260e-08,8.911231720e-11,1.764735710e-10,1.764731450e-10,8.800055390e-11,8.847426110e-11,6.078100360e-13,1.546178620e-08,1.546174880e-08,1.456984590e-08,1.464827550e-08,8.911024440e-11
1.678804020e+07,2.923086940e-08,1.347777960e-08,1.502408830e-08,1.502404170e-08,1.415674330e-08,1.423297160e-08,8.836238730e-11,1.690171040e-10,1.690165790e-10,8.428224700e-11,8.473607270e-11,5.940840010e-13,1.502313760e-08,1.502309090e-08,1.415649240e-08,1.423271930e-08,8.836039020e-11
1.727825980e+07,2.840155570e-08,1.347776950e-08,1.459782750e-08,1.459777150e-08,1.375509900e-08,1.382918780e-08,8.764849910e-11,1.618756530e-10,1.618750320e-10,8.072102860e-11,8.115581460e-11,5.808649590e-13,1.459693000e-08,1.459687400e-08,1.375486210e-08,1.382894960e-08,8.764657430e-11
1.778279410e+07,2.759576540e-08,1.347776020e-08,1.418365800e-08,1.418359260e-08,1.336484640e-08,1.343685710e-08,8.696914710e-11,1.550359140e-10,1.550352000e-10,7.731026350e-11,7.772681620e-11,5.681279770e-13,1.418281070e-08,1.418274530e-08,1.336462280e-08,1.343663230e-08,8.696729150e-11
1.830206110e+07,2.681283150e-08,1.347775170e-08,1.378123690e-08,1.378116210e-08,1.298566270e-08,1.305565490e-08,8.632287060e-11,1.484851420e-10,1.484843360e-10,7.404359640e-11,7.444268810e-11,5.558493500e-13,1.378043700e-08,1.378036220e-08,1.298545160e-08,1.305544260e-08,8.632108100e-11
1.883649090e+07,2.605210600e-08,1.347774400e-08,1.339023120e-08,1.339014690e-08,1.261723400e-08,1.268526560e-08,8.570825330e-11,1.422111310e-10,1.422102360e-10,7.091494040e-11,7.129731090e-11,5.440065490e-13,1.338947600e-08,1.338939170e-08,1.261703470e-08,1.268506520e-08,8.570652680e-11
1.938652640e+07,2.531295910e-08,1.347773710e-08,1.301031710e-08,1.301022320e-08,1.225925520e-08,1.232538260e-08,8.512392350e-11,1.362021900e-10,1.362012070e-10,6.791846590e-11,6.828482360e-11,5.325781740e-13,1.300960410e-08,1.300951020e-08,1.225906710e-08,1.232519350e-08,8.512225740e-11
1.995262310e+07,2.459477900e-08,1.347773110e-08,1.264118000e-08,1.264107650e-08,1.191143020e-08,1.197570820e-08,8.456855360e-11,1.304471210e-10,1.304460530e-10,6.504858900e-11,6.539961260e-11,5.215439060e-13,1.264050690e-08,1.264040340e-08,1.191125260e-08,1.197552960e-08,8.456694540e-11
2.053525030e+07,2.389697100e-08,1.347772600e-08,1.228251430e-08,1.228240110e-08,1.157347100e-08,1.163595280e-08,8.404086020e-11,1.249352010e-10,1.249340490e-10,6.229996200e-11,6.263630130e-11,5.108844640e-13,1.228187890e-08,1.228176570e-08,1.157330330e-08,1.163578420e-08,8.403930740e-11
2.113489040e+07,2.321895760e-08,1.347772170e-08,1.193402310e-08,1.193390010e-08,1.124509780e-08,1.130583520e-08,8.353960340e-11,1.196561580e-10,1.196549240e-10,5.966746260e-11,5.998974040e-11,5.005815560e-13,1.193342320e-08,1.193330020e-08,1.124493950e-08,1.130567600e-08,8.353810360e-11
2.175204030e+07,2.256017720e-08,1.347771830e-08,1.159541780e-08,1.159528480e-08,1.092603880e-08,1.098508210e-08,8.306358650e-11,1.146001540e-10,1.145988390e-10,5.714618530e-11,5.745499770e-11,4.906178390e-13,1.159485150e-08,1.159471850e-08,1.092588940e-08,1.098493180e-08,8.306213760e-11
2.238721140e+07,2.192008450e-08,1.347771580e-08,1.126641800e-08,1.126627500e-08,1.061602990e-08,1.067342790e-08,8.261165540e-11,1.097577660e-10,1.097563730e-10,5.473143130e-11,5.502734950e-11,4.809768750e-13,1.126588330e-08,1.126574030e-08,1.061588880e-08,1.067328600e-08,8.261025530e-11
2.304092980e+07,2.129814940e-08,1.347771430e-08,1.094675120e-08,1.094659810e-08,1.031481430e-08,1.037061460e-08,8.218269820e-11,1.051199710e-10,1.051185010e-10,5.241870060e-11,5.270227150e-11,4.716430900e-13,1.094624650e-08,1.094609330e-08,1.031468110e-08,1.037048070e-08,8.218134480e-11
2.371373710e+07,2.069385690e-08,1.347771370e-08,1.063615280e-08,1.063598940e-08,1.002214270e-08,1.007639160e-08,8.177564420e-11,1.006781250e-10,1.006765790e-10,5.020368300e-11,5.047543070e-11,4.626017340e-13,1.063567630e-08,1.063551290e-08,1.002201690e-08,1.007626510e-08,8.177433570e-11
2.440619070e+07,2.010670670e-08,1.347771410e-08,1.033436550e-08,1.033419160e-08,9.737772740e-09,9.790515100e-09,8.138946350e-11,9.642395070e-11,9.642232880e-11,4.808225050e-11,4.834267670e-11,4.538388450e-13,1.033391560e-08,1.033374180e-08,9.737654030e-09,9.790395750e-09,8.138819810e-11
2.511886430e+07,1.953621250e-08,1.347771550e-08,1.004113930e-08,1.004095490e-08,9.461468980e-09,9.512748510e-09,8.102316610e-11,9.234951840e-11,9.234782260e-11,4.605044930e-11,4.630003480e-11,4.453412070e-13,1.004071470e-08,1.004053030e-08,9.461356910e-09,9.512635840e-09,8.102194220e-11
2.585234840e+07,1.898190190e-08,1.347771800e-08,9.756231520e-09,9.756036430e-09,9.193002620e-09,9.242861800e-09,8.067580120e-11,8.844723490e-11,8.844546630e-11,4.410449280e-11,4.434369790e-11,4.370963150e-13,9.755830600e-09,9.755635510e-09,9.192896820e-09,9.242755420e-09,8.067461710e-11
2.660725060e+07,1.844331580e-08,1.347772150e-08,9.479406070e-09,9.479200100e-09,8.932151350e-09,8.980631470e-09,8.034645600e-11,8.470982730e-11,8.470798680e-11,4.224075410e-11,4.247001990e-11,4.290923420e-13,9.479027570e-09,9.478821610e-09,8.932051470e-09,8.980531050e-09,8.034531020e-11
2.738419630e+07,1.792000820e-08,1.347772620e-08,9.210433690e-09,9.210216690e-09,8.678699150e-09,8.725840380e-09,8.003425520e-11,8.113032980e-11,8.112841830e-11,4.045575970e-11,4.067550860e-11,4.213181050e-13,9.210076370e-09,9.209859370e-09,8.678604860e-09,8.725745570e-09,8.003314620e-11
2.818382930e+07,1.741154570e-08,1.347773200e-08,8.949091620e-09,8.948863400e-09,8.432436140e-09,8.478277520e-09,7.973835970e-11,7.770207080e-11,7.770008920e-11,3.874618280e-11,3.895681920e-11,4.137630290e-13,8.948754280e-09,8.948526070e-09,8.432347130e-09,8.478188020e-09,7.973728620e-11
2.900681200e+07,1.691750720e-08,1.347773900e-08,8.695163390e-09,8.694923760e-09,8.193158390e-09,8.237737890e-09,7.945796590e-11,7.441866080e-11,7.441660990e-11,3.710883690e-11,3.731074850e-11,4.064171200e-13,8.694844920e-09,8.694605300e-09,8.193074350e-09,8.237653400e-09,7.945692650e-11
2.985382620e+07,1.643748340e-08,1.347774730e-08,8.448438660e-09,8.448187430e-09,7.960667710e-09,8.004022280e-09,7.919230440e-11,7.127397980e-11,7.127186030e-11,3.554067030e-11,3.573422820e-11,3.992709310e-13,8.448138010e-09,8.447886780e-09,7.960588380e-09,8.003942510e-09,7.919129790e-11
3.072557370e+07,1.597107690e-08,1.347775690e-08,8.208713080e-09,8.208450040e-09,7.734771590e-09,7.776937120e-09,7.894063950e-11,6.826216670e-11,6.825997930e-11,3.403876030e-11,3.422432000e-11,3.923155380e-13,8.208429250e-09,8.208166210e-09,7.734696690e-09,7.776861810e-09,7.893966460e-11
3.162277660e+07,1.551790120e-08,1.347776780e-08,7.975788080e-09,7.975513000e-09,7.515282920e-09,7.556294350e-09,7.870226750e-11,6.537760780e-11,6.537535300e-11,3.260030730e-11,3.277820950e-11,3.855425060e-13,7.975520130e-09,7.975245060e-09,7.515212210e-09,7.556223250e-09,7.870132320e-11
3.254617830e+07,1.507758110e-08,1.347778020e-08,7.749470720e-09,7.749183380e-09,7.302019920e-09,7.341911220e-09,7.847651620e-11,6.261492640e-11,6.261260480e-11,3.122263050e-11,3.139320130e-11,3.789438680e-13,7.749217750e-09,7.748930420e-09,7.301953160e-09,7.341844100e-09,7.847560130e-11
3.349654390e+07,1.464975190e-08,1.347779400e-08,7.529573510e-09,7.529273680e-09,7.094805960e-09,7.133610180e-09,7.826274360e-11,5.996897320e-11,5.996658520e-11,2.990316180e-11,3.006671370e-11,3.725120970e-13,7.529334700e-09,7.529034880e-09,7.094742940e-09,7.133546820e-09,7.826185700e-11
3.447466070e+07,1.423405910e-08,1.347780940e-08,7.315914320e-09,7.315601750e-09,6.893469420e-09,6.931218700e-09,7.806033670e-11,5.743481640e-11,5.743236250e-11,2.863944200e-11,2.879627420e-11,3.662400820e-13,7.315688870e-09,7.315376300e-09,6.893409930e-09,6.931158890e-09,7.805947760e-11
3.548133890e+07,1.383015840e-08,1.347782630e-08,7.108316160e-09,7.107990580e-09,6.697843540e-09,6.734569160e-09,7.786871110e-11,5.500773230e-11,5.500521280e-11,2.742911550e-11,2.757951480e-11,3.601211050e-13,7.108103310e-09,7.107777750e-09,6.697787380e-09,6.734512690e-09,7.786787840e-11
3.651741270e+07,1.343771530e-08,1.347784500e-08,6.906607040e-09,6.906268190e-09,6.507766290e-09,6.543498660e-09,7.768730920e-11,5.268319700e-11,5.268061230e-11,2.626992640e-11,2.641416740e-11,3.541488190e-13,6.906406100e-09,6.906067260e-09,6.507713270e-09,6.543445350e-09,7.768650190e-11
3.758374040e+07,1.305640470e-08,1.347786540e-08,6.710619880e-09,6.710267480e-09,6.323080220e-09,6.357848950e-09,7.751559950e-11,5.045687770e-11,5.045422800e-11,2.515971400e-11,2.529805980e-11,3.483172290e-13,6.710430180e-09,6.710077790e-09,6.323030170e-09,6.357798620e-09,7.751481690e-11
3.868120550e+07,1.268591070e-08,1.347788770e-08,6.520192320e-09,6.519826070e-09,6.143632370e-09,6.177466260e-09,7.735307570e-11,4.832462440e-11,4.832191000e-11,2.409640900e-11,2.422911150e-11,3.426206690e-13,6.520013240e-09,6.519647000e-09,6.143585110e-09,6.177418740e-09,7.735231690e-11
3.981071710e+07,1.232592650e-08,1.347791190e-08,6.335166610e-09,6.334786220e-09,5.969274090e-09,6.002201170e-09,7.719925560e-11,4.628246280e-11,4.627968380e-11,2.307802940e-11,2.320532990e-11,3.370537820e-13,6.334997540e-09,6.334617160e-09,5.969229480e-09,6.002156310e-09,7.719851980e-11
4.097321100e+07,1.197615380e-08,1.347793820e-08,6.155389470e-09,6.154994610e-09,5.799860960e-09,5.831908510e-09,7.705368010e-11,4.432658620e-11,4.432374280e-11,2.210267690e-11,2.222480680e-11,3.316115100e-13,6.155229860e-09,6.154835020e-09,5.799818850e-09,5.831866160e-09,7.705296660e-11
4.216965030e+07,1.163630290e-08,1.347796660e-08,5.980711960e-09,5.980302320e-09,5.635252660e-09,5.666447210e-09,7.691591240e-11,4.245334890e-11,4.245044120e-11,2.116853360e-11,2.128571430e-11,3.262890650e-13,5.980561290e-09,5.980151660e-09,5.635212900e-09,5.666407230e-09,7.691522030e-11
4.340102640e+07,1.130609220e-08,1.347799730e-08,5.810989390e-09,5.810564630e-09,5.475312820e-09,5.505680220e-09,7.678553650e-11,4.065925920e-11,4.065628710e-11,2.027385820e-11,2.038630200e-11,3.210819250e-13,5.810847140e-09,5.810422390e-09,5.475275280e-09,5.505642480e-09,7.678486520e-11
4.466835920e+07,1.098524820e-08,1.347803040e-08,5.646081150e-09,5.645640900e-09,5.319908960e-09,5.349474380e-09,7.666215720e-11,3.894097270e-11,3.893793640e-11,1.941698320e-11,1.952489310e-11,3.159858090e-13,5.645946860e-09,5.645506630e-09,5.319873530e-09,5.349438750e-09,7.666150600e-11
4.597269890e+07,1.067350520e-08,1.347806590e-08,5.485850610e-09,5.485394530e-09,5.168912360e-09,5.197700280e-09,7.654539840e-11,3.729528670e-11,3.729218610e-11,1.859631120e-11,1.869988210e-11,3.109966670e-13,5.485723830e-09,5.485267760e-09,5.168878910e-09,5.197666640e-09,7.654476660e-11
4.731512590e+07,1.037060480e-08,1.347810410e-08,5.330165040e-09,5.329692740e-09,5.022197940e-09,5.050232200e-09,7.643490270e-11,3.571913350e-11,3.571596840e-11,1.781031250e-11,1.790973090e-11,3.061106690e-13,5.330045360e-09,5.329573070e-09,5.022166360e-09,5.050200440e-09,7.643428980e-11
4.869675250e+07,1.007629620e-08,1.347814510e-08,5.178895460e-09,5.178406550e-09,4.879644150e-09,4.906947980e-09,7.633033040e-11,3.420957500e-11,3.420634550e-11,1.705752220e-11,1.715296680e-11,3.013241850e-13,5.178782470e-09,5.178293570e-09,4.879614330e-09,4.906918000e-09,7.632973560e-11
5.011872340e+07,9.790335470e-09,1.347818890e-08,5.031916540e-09,5.031410630e-09,4.741132910e-09,4.767728930e-09,7.623135850e-11,3.276379750e-11,3.276050340e-11,1.633653690e-11,1.642817890e-11,2.966337780e-13,5.031809880e-09,5.031303970e-09,4.741104770e-09,4.767700620e-09,7.623078140e-11
5.158221650e+07,9.512485810e-09,1.347823590e-08,4.889106530e-09,4.888583180e-09,4.606549490e-09,4.632459720e-09,7.613768040e-11,3.137910590e-11,3.137574700e-11,1.564601280e-11,1.573401620e-11,2.920361930e-13,4.889005830e-09,4.888482500e-09,4.606522920e-09,4.632433000e-09,7.613712030e-11
5.308844440e+07,9.242517020e-09,1.347828610e-08,4.750347110e-09,4.749805900e-09,4.475782390e-09,4.501028290e-09,7.604900460e-11,3.005291920e-11,3.004949520e-11,1.498466280e-11,1.506918470e-11,2.875283430e-13,4.750252040e-09,4.749710850e-09,4.475757300e-09,4.501003070e-09,7.604846100e-11
5.463865500e+07,8.980205430e-09,1.347833980e-08,4.615523310e-09,4.614963800e-09,4.348723280e-09,4.373325780e-09,7.596505420e-11,2.878276520e-11,2.877927600e-11,1.435125410e-11,1.443244500e-11,2.831073000e-13,4.615433570e-09,4.614874060e-09,4.348699600e-09,4.373301960e-09,7.596452660e-11
5.623413250e+07,8.725333740e-09,1.347839700e-08,4.484523460e-09,4.483945170e-09,4.225266920e-09,4.249246380e-09,7.588556630e-11,2.756627630e-11,2.756272160e-11,1.374460610e-11,1.382261020e-11,2.787702860e-13,4.484438730e-09,4.483860460e-09,4.225244560e-09,4.249223900e-09,7.588505420e-11
5.787619880e+07,8.477690800e-09,1.347845810e-08,4.357239000e-09,4.356641470e-09,4.105311020e-09,4.128687320e-09,7.581029110e-11,2.640118500e-11,2.639756440e-11,1.316358790e-11,1.323854350e-11,2.745146640e-13,4.357159020e-09,4.356561500e-09,4.105289920e-09,4.128666100e-09,7.580979400e-11
5.956621440e+07,8.237071460e-09,1.347852320e-08,4.233564500e-09,4.232947230e-09,3.988756230e-09,4.011548710e-09,7.573899130e-11,2.528531940e-11,2.528163270e-11,1.260711670e-11,1.267915610e-11,2.703379290e-13,4.233488990e-09,4.232871730e-09,3.988736300e-09,4.011528680e-09,7.573850890e-11
6.130557920e+07,8.003276370e-09,1.347859260e-08,4.113397480e-09,4.112759960e-09,3.875505970e-09,3.897733530e-09,7.567144170e-11,2.421659960e-11,2.421284640e-11,1.207415510e-11,1.214340510e-11,2.662377000e-13,4.113326200e-09,4.112688690e-09,3.875487160e-09,3.897714610e-09,7.567097340e-11
6.309573440e+07,7.776111850e-09,1.347866650e-08,3.996638400e-09,3.995980110e-09,3.765466440e-09,3.787147470e-09,7.560742820e-11,2.319303340e-11,2.318921330e-11,1.156370970e-11,1.163029190e-11,2.622117120e-13,3.996571100e-09,3.995912820e-09,3.765448680e-09,3.787129620e-09,7.560697350e-11
6.493816320e+07,7.555389690e-09,1.347874520e-08,3.883190520e-09,3.882510910e-09,3.658546470e-09,3.679698940e-09,7.554674730e-11,2.221271290e-11,2.220882540e-11,1.107482910e-11,1.113886000e-11,2.582578100e-13,3.883126990e-09,3.882447390e-09,3.658529710e-09,3.679682080e-09,7.554630590e-11
6.683439180e+07,7.340927050e-09,1.347882880e-08,3.772959850e-09,3.772258360e-09,3.554657490e-09,3.575298910e-09,7.548920580e-11,2.127381070e-11,2.126985530e-11,1.060660200e-11,1.066819310e-11,2.543739430e-13,3.772899870e-09,3.772198400e-09,3.554641660e-09,3.575283000e-09,7.548877720e-11
6.878599120e+07,7.132546240e-09,1.347891780e-08,3.665855070e-09,3.665131120e-09,3.453713430e-09,3.473860900e-09,7.543462000e-11,2.037457660e-11,2.037055300e-11,1.015815570e-11,1.021741400e-11,2.505581550e-13,3.665798440e-09,3.665074510e-09,3.453698490e-09,3.473845880e-09,7.543420390e-11
7.079457840e+07,6.930074640e-09,1.347901250e-08,3.561787430e-09,3.561040440e-09,3.355630680e-09,3.375300880e-09,7.538281530e-11,1.951333450e-11,1.950924210e-11,9.728654430e-12,9.785682330e-12,2.468085820e-13,3.561733980e-09,3.560987000e-09,3.355616570e-09,3.375286690e-09,7.538241120e-11
7.286181750e+07,6.733344500e-09,1.347911300e-08,3.460670730e-09,3.459900070e-09,3.260327970e-09,3.279537180e-09,7.533362560e-11,1.868847900e-11,1.868431730e-11,9.317297490e-12,9.372193180e-12,2.431234440e-13,3.460620270e-09,3.459849620e-09,3.260314650e-09,3.279523790e-09,7.533323320e-11
7.498942090e+07,6.542192840e-09,1.347921990e-08,3.362421190e-09,3.361626230e-09,3.167726350e-09,3.186490490e-09,7.528689290e-11,1.789847260e-11,1.789424090e-11,8.923318200e-12,8.976175790e-12,2.395010430e-13,3.362373550e-09,3.361578600e-09,3.167713780e-09,3.186477840e-09,7.528651190e-11
7.717915160e+07,6.356461290e-09,1.347933340e-08,3.266957410e-09,3.266137490e-09,3.077749110e-09,3.096083710e-09,7.524246680e-11,1.714184260e-11,1.713754050e-11,8.545982250e-12,8.596891900e-12,2.359397540e-13,3.266912440e-09,3.266092530e-09,3.077737250e-09,3.096071770e-09,7.524209690e-11
7.943282350e+07,6.175995990e-09,1.347945390e-08,3.174200300e-09,3.173354750e-09,2.990321710e-09,3.008241940e-09,7.520020420e-11,1.641717880e-11,1.641280560e-11,8.184586320e-12,8.233634440e-12,2.324380250e-13,3.174157840e-09,3.173312310e-09,2.990310510e-09,3.008230670e-09,7.519984490e-11
8.175230380e+07,6.000647420e-09,1.347958190e-08,3.084073010e-09,3.083201140e-09,2.905371720e-09,2.922892420e-09,7.515996850e-11,1.572313040e-11,1.571868540e-11,7.838456820e-12,7.885726250e-12,2.289943700e-13,3.084032930e-09,3.083161070e-09,2.905361150e-09,2.922881780e-09,7.515961970e-11
8.413951420e+07,5.830270320e-09,1.347971780e-08,2.996500870e-09,2.995601950e-09,2.822828760e-09,2.839964440e-09,7.512162970e-11,1.505840360e-11,1.505388630e-11,7.506948640e-12,7.552518750e-12,2.256073660e-13,2.996463030e-09,2.995564130e-09,2.822818780e-09,2.839954400e-09,7.512129100e-11
8.659643230e+07,5.664723530e-09,1.347986190e-08,2.911411320e-09,2.910484630e-09,2.742624460e-09,2.759389290e-09,7.508506370e-11,1.442175950e-11,1.441716910e-11,7.189443900e-12,7.233390780e-12,2.222756470e-13,2.911375600e-09,2.910448930e-09,2.742615040e-09,2.759379810e-09,7.508473470e-11
8.912509380e+07,5.503869900e-09,1.348001490e-08,2.828733880e-09,2.827778660e-09,2.664692370e-09,2.681100220e-09,7.505015170e-11,1.381201130e-11,1.380734720e-11,6.885350830e-12,6.927747420e-12,2.189979040e-13,2.828700160e-09,2.827744950e-09,2.664683470e-09,2.681091270e-09,7.504983220e-11
9.172759350e+07,5.347576170e-09,1.348017730e-08,2.748400050e-09,2.747415500e-09,2.588967920e-09,2.605032380e-09,7.501678060e-11,1.322802260e-11,1.322328390e-11,6.594102690e-12,6.635018880e-12,2.157728790e-13,2.748368220e-09,2.747383680e-09,2.588959520e-09,2.605023930e-09,7.501647020e-11
9.440608760e+07,5.195712850e-09,1.348034950e-08,2.670343270e-09,2.669328590e-09,2.515388380e-09,2.531122740e-09,7.498484170e-11,1.266870480e-11,1.266389090e-11,6.315156660e-12,6.354659470e-12,2.125993660e-13,2.670313220e-09,2.669298540e-09,2.515380450e-09,2.531114760e-09,7.498454030e-11
9.716279520e+07,5.048154140e-09,1.348053210e-08,2.594498870e-09,2.593453220e-09,2.443892800e-09,2.459310070e-09,7.495423120e-11,1.213301530e-11,1.212812540e-11,6.047992850e-12,6.086146540e-12,2.094762010e-13,2.594470500e-09,2.593424860e-09,2.443885320e-09,2.459302540e-09,7.495393850e-11
1.000000000e+08,4.904777780e-09,1.348072590e-08,2.520804010e-09,2.519726550e-09,2.374421950e-09,2.389534880e-09,7.492484930e-11,1.161995580e-11,1.161498910e-11,5.792113360e-12,5.828979510e-12,2.064022670e-13,2.520777230e-09,2.519699770e-09,2.374414890e-09,2.389527770e-09,7.492456500e-11
1.029200530e+08,4.765464990e-09,1.348093130e-08,2.449197640e-09,2.448087480e-09,2.306918280e-09,2.321739370e-09,7.489660020e-11,1.112856990e-11,1.112352560e-11,5.547041320e-12,5.582678990e-12,2.033764840e-13,2.449172360e-09,2.448062210e-09,2.306911610e-09,2.321732660e-09,7.489632410e-11
1.059253730e+08,4.630100350e-09,1.348114910e-08,2.379620440e-09,2.378476670e-09,2.241325860e-09,2.255867360e-09,7.486939180e-11,1.065794180e-11,1.065281900e-11,5.312320010e-12,5.346785810e-12,2.003978150e-13,2.379596580e-09,2.378452810e-09,2.241319560e-09,2.255861020e-09,7.486912360e-11
1.090184490e+08,4.498571730e-09,1.348138000e-08,2.312014770e-09,2.310836450e-09,2.177590350e-09,2.191864280e-09,7.484313510e-11,1.020719430e-11,1.020199220e-11,5.087511980e-12,5.120860210e-12,1.974652560e-13,2.311992230e-09,2.310813930e-09,2.177584410e-09,2.191858300e-09,7.484287460e-11
1.122018450e+08,4.370770160e-09,1.348162480e-08,2.246324600e-09,2.245110780e-09,2.115658960e-09,2.129677110e-09,7.481774440e-11,9.775487190e-12,9.770204910e-12,4.872198310e-12,4.904481020e-12,1.945778380e-13,2.246303330e-09,2.245089520e-09,2.115653350e-09,2.129671470e-09,7.481749140e-11
1.154781980e+08,4.246589750e-09,1.348188440e-08,2.182495530e-09,2.181245210e-09,2.055480380e-09,2.069254340e-09,7.479313660e-11,9.362015950e-12,9.356652580e-12,4.665977750e-12,4.697244880e-12,1.917346260e-13,2.182475450e-09,2.181225140e-09,2.055475090e-09,2.069249010e-09,7.479289090e-11
1.188502230e+08,4.125927630e-09,1.348215950e-08,2.120474660e-09,2.119186830e-09,1.997004760e-09,2.010545890e-09,7.476923120e-11,8.966009920e-12,8.960564550e-12,4.468466000e-12,4.498765430e-12,1.889347140e-13,2.120455710e-09,2.119167880e-09,1.996999760e-09,2.010540860e-09,7.476899250e-11
1.223207120e+08,4.008683840e-09,1.348245100e-08,2.060210630e-09,2.058884220e-09,1.940183650e-09,1.953503140e-09,7.474595000e-11,8.586731060e-12,8.581202760e-12,4.279295030e-12,4.308672670e-12,1.861772240e-13,2.060192730e-09,2.058866340e-09,1.940178930e-09,1.953498380e-09,7.474571820e-11
1.258925410e+08,3.894761240e-09,1.348276000e-08,2.001653490e-09,2.000287440e-09,1.884969980e-09,1.898078810e-09,7.472321680e-11,8.223472480e-12,8.217860290e-12,4.098112320e-12,4.126612240e-12,1.834613070e-13,2.001636600e-09,2.000270560e-09,1.884965520e-09,1.898074330e-09,7.472299150e-11
1.295686700e+08,3.784065460e-09,1.348308750e-08,1.944754750e-09,1.943347940e-09,1.831318010e-09,1.844227010e-09,7.470095700e-11,7.875557180e-12,7.869860140e-12,3.924580270e-12,3.952244720e-12,1.807861370e-13,1.944738800e-09,1.943332010e-09,1.831313810e-09,1.844222780e-09,7.470073820e-11
1.333521430e+08,3.676504800e-09,1.348343460e-08,1.889467250e-09,1.888018550e-09,1.779183310e-09,1.791903110e-09,7.467909780e-11,7.542336760e-12,7.536553870e-12,3.758375540e-12,3.785245050e-12,1.781509160e-13,1.889452200e-09,1.888003510e-09,1.779179340e-09,1.791899110e-09,7.467888530e-11
1.372460960e+08,3.571990140e-09,1.348380230e-08,1.835745210e-09,1.834253440e-09,1.728522680e-09,1.741063760e-09,7.465756760e-11,7.223190210e-12,7.217320470e-12,3.599188450e-12,3.625301920e-12,1.755548640e-13,1.835731000e-09,1.834239240e-09,1.728518930e-09,1.741059990e-09,7.465736120e-11
1.412537540e+08,3.470434910e-09,1.348419200e-08,1.783544110e-09,1.782008060e-09,1.679294150e-09,1.691666850e-09,7.463629600e-11,6.917522770e-12,6.911565160e-12,3.446722400e-12,3.472117150e-12,1.729972280e-13,1.783530690e-09,1.781994650e-09,1.679290620e-09,1.691663290e-09,7.463609550e-11
1.453784390e+08,3.371754970e-09,1.348460480e-08,1.732820710e-09,1.731239130e-09,1.631456950e-09,1.643671450e-09,7.461521330e-11,6.624764810e-12,6.618718280e-12,3.300693340e-12,3.325405170e-12,1.704772700e-13,1.732808040e-09,1.731226480e-09,1.631453610e-09,1.643668080e-09,7.461501850e-11
1.496235660e+08,3.275868580e-09,1.348504230e-08,1.683532980e-09,1.681904610e-09,1.584971460e-09,1.597037790e-09,7.459425040e-11,6.344370770e-12,6.338234260e-12,3.160829190e-12,3.184892480e-12,1.679942760e-13,1.683521030e-09,1.681892670e-09,1.584968300e-09,1.597034610e-09,7.459406130e-11
1.539926530e+08,3.182696300e-09,1.348550570e-08,1.635640110e-09,1.633963620e-09,1.539799150e-09,1.551727240e-09,7.457333900e-11,6.075818130e-12,6.069590570e-12,3.026869400e-12,3.050317120e-12,1.655475470e-13,1.635628820e-09,1.633952350e-09,1.539796180e-09,1.551724250e-09,7.457315520e-11
1.584893190e+08,3.092160950e-09,1.348599680e-08,1.589102410e-09,1.587376460e-09,1.495902630e-09,1.507702270e-09,7.455241050e-11,5.818606460e-12,5.812286770e-12,2.898564420e-12,2.921428220e-12,1.631364030e-13,1.589091760e-09,1.587365820e-09,1.495899820e-09,1.507699440e-09,7.455223210e-11
1.631172910e+08,3.004187540e-09,1.348651690e-08,1.543881330e-09,1.542104530e-09,1.453245520e-09,1.464926400e-09,7.453139680e-11,5.572256470e-12,5.565843540e-12,2.775675220e-12,2.797985510e-12,1.607601790e-13,1.543871270e-09,1.542094480e-09,1.453242870e-09,1.464923730e-09,7.453122340e-11
1.678804020e+08,2.918703190e-09,1.348706800e-08,1.499939420e-09,1.498110340e-09,1.411792510e-09,1.423364190e-09,7.451022920e-11,5.336309120e-12,5.329801830e-12,2.657972900e-12,2.679758840e-12,1.584182280e-13,1.499929920e-09,1.498100860e-09,1.411790000e-09,1.423361670e-09,7.451006080e-11
1.727825980e+08,2.835637090e-09,1.348765180e-08,1.457240260e-09,1.455357440e-09,1.371509240e-09,1.382981210e-09,7.448883880e-11,5.110324780e-12,5.103722000e-12,2.545238220e-12,2.566527830e-12,1.561099130e-13,1.457231300e-09,1.455348490e-09,1.371506880e-09,1.382978830e-09,7.448867530e-11
1.778279410e+08,2.754920430e-09,1.348827010e-08,1.415748510e-09,1.413810440e-09,1.332362370e-09,1.343744000e-09,7.446715600e-11,4.893882380e-12,4.887182970e-12,2.437261210e-12,2.458081380e-12,1.538346160e-13,1.415740050e-09,1.413801990e-09,1.332360140e-09,1.343741750e-09,7.446699710e-11
1.830206110e+08,2.676486350e-09,1.348892520e-08,1.375429780e-09,1.373434910e-09,1.294319460e-09,1.305620050e-09,7.444511030e-11,4.686578660e-12,4.679781450e-12,2.333840770e-12,2.354217330e-12,1.515917300e-13,1.375421790e-09,1.373426940e-09,1.294317360e-09,1.305617930e-09,7.444495590e-11
1.883649090e+08,2.600269890e-09,1.348961900e-08,1.336250670e-09,1.334197430e-09,1.257349020e-09,1.268577790e-09,7.442263010e-11,4.488027380e-12,4.481131210e-12,2.234784280e-12,2.254742040e-12,1.493806590e-13,1.336243140e-09,1.334189910e-09,1.257347030e-09,1.268575780e-09,7.442248020e-11
1.938652640e+08,2.526207930e-09,1.349035390e-08,1.298178750e-09,1.296065500e-09,1.221420420e-09,1.232586510e-09,7.439964270e-11,4.297858630e-12,4.290862310e-12,2.139907280e-12,2.159470070e-12,1.472008210e-13,1.298171640e-09,1.296058390e-09,1.221418550e-09,1.232584620e-09,7.439949710e-11
1.995262310e+08,2.454239110e-09,1.349113230e-08,1.261182470e-09,1.259007540e-09,1.186503920e-09,1.197616400e-09,7.437607370e-11,4.115718130e-12,4.108620480e-12,2.049033100e-12,2.068223810e-12,1.450516440e-13,1.261175760e-09,1.259000830e-09,1.186502150e-09,1.197614620e-09,7.437593230e-11
2.053525030e+08,2.384303830e-09,1.349195670e-08,1.225231200e-09,1.222992860e-09,1.152570590e-09,1.163638500e-09,7.435184710e-11,3.941266580e-12,3.934066390e-12,1.961992540e-12,1.980833160e-12,1.429325660e-13,1.225224860e-09,1.222986530e-09,1.152568920e-09,1.163636810e-09,7.435170970e-11
2.113489040e+08,2.316344180e-09,1.349282990e-08,1.190295160e-09,1.187991650e-09,1.119592360e-09,1.130624640e-09,7.432688490e-11,3.774179010e-12,3.766875070e-12,1.878623540e-12,1.897135200e-12,1.408430380e-13,1.190289180e-09,1.187985680e-09,1.119590780e-09,1.130623050e-09,7.432675140e-11
2.175204030e+08,2.250303870e-09,1.349375470e-08,1.156345420e-09,1.153974940e-09,1.087541900e-09,1.098547490e-09,7.430110680e-11,3.614144170e-12,3.606735260e-12,1.798770900e-12,1.816973900e-12,1.387825160e-13,1.156339770e-09,1.153969300e-09,1.087540420e-09,1.098545990e-09,7.430097720e-11
2.238721140e+08,2.186128220e-09,1.349473410e-08,1.123353860e-09,1.120914550e-09,1.056392700e-09,1.067380460e-09,7.427443030e-11,3.460863990e-12,3.453348890e-12,1.722285950e-12,1.740199810e-12,1.367504690e-13,1.123348530e-09,1.120909230e-09,1.056391290e-09,1.067379040e-09,7.427430450e-11
2.304092980e+08,2.123764090e-09,1.349577140e-08,1.091293170e-09,1.088783130e-09,1.026118960e-09,1.037097730e-09,7.424677020e-11,3.314052970e-12,3.306430450e-12,1.649026350e-12,1.666669810e-12,1.347463730e-13,1.091288140e-09,1.088778110e-09,1.026117630e-09,1.037096390e-09,7.424664790e-11
2.371373710e+08,2.063159830e-09,1.349686980e-08,1.060136800e-09,1.057554080e-09,9.966956190e-10,1.007674210e-09,7.421803830e-11,3.173437700e-12,3.165706510e-12,1.578855740e-12,1.596246820e-12,1.327697100e-13,1.060132060e-09,1.057549340e-09,9.966943680e-10,1.007672950e-09,7.421791950e-11
2.440619070e+08,2.004265270e-09,1.349803310e-08,1.029858960e-09,1.027201550e-09,9.680983360e-10,9.790855320e-10,7.418814320e-11,3.038756290e-12,3.030915210e-12,1.511643530e-12,1.528799560e-12,1.308199740e-13,1.029854480e-09,1.027197080e-09,9.680971550e-10,9.790843380e-10,7.418802780e-11
2.511886430e+08,1.947031650e-09,1.349926490e-08,1.000434580e-09,9.977004360e-10,9.403034420e-10,9.513080040e-10,7.415699030e-11,2.909757970e-12,2.901805740e-12,1.447264660e-12,1.464202290e-12,1.288966620e-13,1.000430340e-09,9.976962160e-10,9.403023280e-10,9.513068770e-10,7.415687830e-11
2.585234840e+08,1.891411590e-09,1.350056930e-08,9.718392920e-10,9.690263220e-10,9.132879400e-10,9.243186130e-10,7.412448130e-11,2.786202510e-12,2.778137900e-12,1.385599340e-12,1.402334590e-12,1.269992810e-13,9.718352980e-10,9.690223390e-10,9.132868890e-10,9.243175500e-10,7.412437250e-11
2.660725060e+08,1.837359070e-09,1.350195050e-08,9.440494410e-10,9.411554900e-10,8.870294810e-10,8.980950010e-10,7.409051390e-11,2.667859870e-12,2.659681640e-12,1.326532870e-12,1.343081110e-12,1.251273420e-13,9.440456710e-10,9.411517320e-10,8.870284890e-10,8.980939970e-10,7.409040820e-11
2.738419630e+08,1.784829330e-09,1.350341310e-08,9.170420230e-10,9.140648910e-10,8.615063450e-10,8.726154400e-10,7.405498160e-11,2.554509740e-12,2.546216650e-12,1.269955360e-12,1.286331390e-12,1.232803640e-13,9.170384650e-10,9.140613440e-10,8.615054090e-10,8.726144920e-10,7.405487900e-11
2.818382930e+08,1.733778910e-09,1.350496160e-08,8.907946900e-10,8.877321230e-10,8.366974260e-10,8.478588220e-10,7.401777350e-11,2.445941090e-12,2.437531900e-12,1.215761600e-12,1.231979640e-12,1.214578710e-13,8.907913320e-10,8.877287760e-10,8.366965420e-10,8.478579270e-10,7.401767390e-11
2.900681200e+08,1.684165560e-09,1.350660130e-08,8.652857230e-10,8.621354180e-10,8.125822100e-10,8.238046350e-10,7.397877400e-11,2.341951830e-12,2.333425320e-12,1.163850800e-12,1.179924540e-12,1.196593920e-13,8.652825540e-10,8.621322600e-10,8.125813770e-10,8.238037900e-10,7.397867720e-11
2.985382620e+08,1.635948250e-09,1.350833720e-08,8.404940210e-10,8.372536200e-10,7.891407660e-10,8.004329520e-10,7.393786240e-11,2.242348410e-12,2.233703360e-12,1.114126470e-12,1.130069030e-12,1.178844630e-13,8.404910300e-10,8.372506400e-10,7.891399790e-10,8.004321540e-10,7.393776840e-11
3.072557370e+08,1.589087090e-09,1.351017520e-08,8.163990760e-10,8.130661710e-10,7.663537200e-10,7.777244080e-10,7.389491260e-11,2.146945460e-12,2.138180680e-12,1.066496160e-12,1.082320180e-12,1.161326230e-13,8.163962530e-10,8.130633600e-10,7.663529780e-10,7.777236550e-10,7.389482140e-11
3.162277660e+08,1.543543330e-09,1.351212100e-08,7.929809640e-10,7.895530930e-10,7.442022490e-10,7.556601910e-10,7.384979300e-11,2.055565470e-12,2.046679740e-12,1.020871350e-12,1.036588960e-12,1.144034160e-13,7.929783000e-10,7.895504400e-10,7.442015480e-10,7.556594800e-10,7.384970440e-11
3.254617830e+08,1.499279300e-09,1.351418090e-08,7.702203220e-10,7.666949710e-10,7.226680570e-10,7.342220200e-10,7.380236610e-11,1.968038390e-12,1.959030540e-12,9.771672610e-13,9.927901370e-13,1.126963920e-13,7.702178070e-10,7.666924680e-10,7.226673960e-10,7.342213480e-10,7.380228000e-11
3.349654390e+08,1.456258410e-09,1.351636150e-08,7.480983360e-10,7.444729390e-10,7.017333670e-10,7.133921330e-10,7.375248790e-11,1.884201400e-12,1.875070270e-12,9.353027000e-13,9.508420420e-13,1.110111020e-13,7.480959630e-10,7.444705780e-10,7.017327440e-10,7.133914990e-10,7.375240430e-11
3.447466070e+08,1.414445120e-09,1.351866980e-08,7.265967250e-10,7.228686640e-10,6.813809040e-10,6.931532730e-10,7.370000810e-11,1.803898540e-12,1.794643000e-12,8.951999090e-13,9.106664770e-13,1.093471050e-13,7.265944850e-10,7.228664360e-10,6.813803160e-10,6.931526750e-10,7.369992700e-11
3.548133890e+08,1.373804870e-09,1.352111330e-08,7.056977250e-10,7.018643310e-10,6.615938790e-10,6.734886730e-10,7.364476940e-11,1.726980470e-12,1.717599410e-12,8.567844200e-13,8.721885440e-13,1.077039610e-13,7.056956120e-10,7.018622300e-10,6.615933240e-10,6.734881090e-10,7.364469070e-11
3.651741270e+08,1.334304100e-09,1.352369960e-08,6.853840780e-10,6.814426300e-10,6.423559800e-10,6.543820400e-10,7.358660750e-11,1.653304160e-12,1.643796480e-12,8.199849160e-13,8.353365110e-13,1.060812340e-13,6.853820840e-10,6.814406470e-10,6.423554560e-10,6.543815070e-10,7.358653100e-11
3.758374040e+08,1.295910200e-09,1.352643700e-08,6.656390130e-10,6.615867400e-10,6.236513550e-10,6.358175450e-10,7.352535020e-11,1.582732610e-12,1.573097260e-12,7.847331020e-13,8.000416750e-13,1.044784920e-13,6.656371310e-10,6.615848700e-10,6.236508610e-10,6.358170420e-10,7.352527600e-11
3.868120550e+08,1.258591480e-09,1.352933420e-08,6.464462350e-10,6.422803180e-10,6.054646020e-10,6.177798060e-10,7.346081790e-11,1.515134640e-12,1.505370600e-12,7.509635700e-13,7.662382370e-13,1.028953070e-13,6.464444590e-10,6.422785540e-10,6.054641360e-10,6.177793310e-10,7.346074580e-11
3.981071710e+08,1.222317140e-09,1.353240030e-08,6.277899130e-10,6.235074850e-10,5.877807550e-10,6.002538790e-10,7.339282250e-11,1.450384610e-12,1.440490910e-12,7.186136860e-13,7.338631780e-13,1.013312520e-13,6.277882370e-10,6.235058210e-10,5.877803160e-10,6.002534310e-10,7.339275250e-11
4.097321100e+08,1.187057290e-09,1.353564510e-08,6.096546660e-10,6.052528130e-10,5.705852750e-10,5.832252450e-10,7.332116750e-11,1.388362210e-12,1.378337910e-12,6.876234680e-13,7.028561430e-13,9.978590520e-14,6.096530850e-10,6.052512440e-10,5.705848610e-10,5.832248210e-10,7.332109960e-11
4.216965030e+08,1.152782860e-09,1.353907870e-08,5.920255500e-10,5.875013160e-10,5.538640340e-10,5.666797930e-10,7.324564780e-11,1.328952220e-12,1.318796420e-12,6.579354760e-13,6.731593260e-13,9.825884740e-14,5.920240590e-10,5.874998350e-10,5.538636430e-10,5.666793940e-10,7.324558190e-11
4.340102640e+08,1.119465630e-09,1.354271190e-08,5.748880490e-10,5.702384320e-10,5.376033080e-10,5.506038170e-10,7.316604900e-11,1.272044270e-12,1.261756150e-12,6.294947050e-13,6.447173630e-13,9.674966180e-14,5.748866410e-10,5.702370360e-10,5.376029400e-10,5.506034400e-10,7.316598500e-11
4.466835920e+08,1.087078160e-09,1.354655600e-08,5.582280590e-10,5.534500190e-10,5.217897660e-10,5.349839970e-10,7.308214720e-11,1.217532710e-12,1.207111490e-12,6.022484820e-13,6.174772310e-13,9.525793480e-14,5.582267310e-10,5.534487020e-10,5.217894180e-10,5.349836410e-10,7.308208510e-11
4.597269890e+08,1.055593820e-09,1.355062310e-08,5.420318800e-10,5.371223400e-10,5.064104560e-10,5.198073910e-10,7.299370920e-11,1.165316340e-12,1.154761300e-12,5.761463690e-13,5.913881470e-13,9.378325590e-14,5.420306270e-10,5.371210980e-10,5.064101280e-10,5.198070550e-10,7.299364890e-11
4.731512590e+08,1.024986740e-09,1.355492580e-08,5.262862040e-10,5.212420530e-10,4.914528000e-10,5.050614260e-10,7.290049140e-11,1.115298250e-12,1.104608750e-12,5.511400700e-13,5.664014730e-13,9.232521740e-14,5.262850230e-10,5.212408820e-10,4.914524910e-10,5.050611090e-10,7.290043290e-11
4.869675250e+08,9.952317900e-10,1.355947730e-08,5.109781080e-10,5.057962020e-10,4.769045820e-10,4.907338840e-10,7.280224020e-11,1.067385640e-12,1.056561120e-12,5.271833390e-13,5.424706260e-13,9.088341480e-14,5.109769930e-10,5.057950980e-10,4.769042910e-10,4.907335840e-10,7.280218350e-11
5.011872340e+08,9.663045510e-10,1.356429160e-08,4.960950360e-10,4.907722060e-10,4.627539390e-10,4.768128930e-10,7.269869170e-11,1.021489650e-12,1.010529620e-12,5.042318940e-13,5.195509920e-13,8.945744660e-14,4.960939840e-10,4.907711660e-10,4.627536640e-10,4.768126100e-10,7.269863660e-11
5.158221650e+08,9.381813250e-10,1.356938360e-08,4.816247980e-10,4.761578520e-10,4.489893510e-10,4.632869200e-10,7.258957100e-11,9.775251840e-13,9.664292500e-13,4.822433370e-13,4.975998430e-13,8.804691470e-14,4.816238060e-10,4.761568720e-10,4.489890920e-10,4.632866520e-10,7.258951760e-11
5.308844440e+08,9.108390950e-10,1.357476870e-08,4.675555540e-10,4.619412840e-10,4.355996340e-10,4.501447570e-10,7.247459270e-11,9.354107600e-13,9.241786210e-13,4.611770740e-13,4.765762540e-13,8.665142420e-14,4.675546190e-10,4.619403590e-10,4.355993900e-10,4.501445050e-10,7.247454090e-11
5.463865500e+08,8.842555100e-10,1.358046330e-08,4.538758100e-10,4.481109930e-10,4.225739340e-10,4.373755160e-10,7.235346030e-11,8.950683540e-13,8.836998130e-13,4.409942370e-13,4.564410310e-13,8.527058380e-14,4.538749280e-10,4.481101210e-10,4.225737030e-10,4.373752780e-10,7.235341010e-11
5.623413250e+08,8.584088750e-10,1.358648460e-08,4.405744050e-10,4.346558120e-10,4.099017120e-10,4.249686160e-10,7.222586630e-11,8.564232580e-13,8.449182310e-13,4.216576160e-13,4.371566360e-13,8.390400640e-14,4.405735730e-10,4.346549910e-10,4.099014960e-10,4.249683920e-10,7.222581760e-11
5.787619880e+08,8.332781250e-10,1.359285060e-08,4.276405050e-10,4.215649090e-10,3.975727460e-10,4.129137780e-10,7.209149210e-11,8.194039370e-13,8.077624600e-13,4.031315880e-13,4.186871170e-13,8.255130850e-14,4.276397200e-10,4.215641350e-10,3.975725420e-10,4.129135660e-10,7.209144480e-11
5.956621440e+08,8.088428170e-10,1.359958040e-08,4.150635940e-10,4.088277730e-10,3.855771160e-10,4.012010120e-10,7.195000790e-11,7.839419000e-13,7.721641360e-13,3.853820470e-13,4.009980390e-13,8.121211130e-14,4.150628530e-10,4.088270440e-10,3.855769230e-10,4.012008120e-10,7.194996210e-11
6.130557920e+08,7.850831100e-10,1.360669390e-08,4.028334650e-10,3.964342140e-10,3.739051980e-10,3.898206140e-10,7.180107300e-11,7.499715680e-13,7.380578200e-13,3.683763490e-13,3.840564260e-13,7.988604080e-14,4.028327670e-10,3.964335270e-10,3.739050170e-10,3.898204250e-10,7.180102860e-11
6.309573440e+08,7.619797510e-10,1.361421200e-08,3.909402160e-10,3.843743520e-10,3.625476640e-10,3.787631530e-10,7.164433590e-11,7.174301560e-13,7.053808730e-13,3.520832400e-13,3.678306930e-13,7.857272810e-14,3.909395580e-10,3.843737040e-10,3.625474930e-10,3.787629750e-10,7.164429290e-11
6.493816320e+08,7.395140620e-10,1.362215680e-08,3.793742390e-10,3.726386100e-10,3.514954660e-10,3.680194680e-10,7.147943430e-11,6.862575520e-13,6.740733400e-13,3.364728100e-13,3.522905880e-13,7.727181000e-14,3.793736180e-10,3.726380010e-10,3.514953050e-10,3.680192990e-10,7.147939260e-11
6.683439180e+08,7.176679240e-10,1.363055120e-08,3.681262130e-10,3.612177120e-10,3.407398370e-10,3.575806540e-10,7.130599560e-11,6.563962060e-13,6.440778400e-13,3.215164250e-13,3.374071390e-13,7.598292940e-14,3.681256270e-10,3.612171380e-10,3.407396850e-10,3.575804950e-10,7.130595510e-11
6.878599120e+08,6.964237670e-10,1.363941950e-08,3.571870990e-10,3.501026710e-10,3.302722820e-10,3.474380640e-10,7.112363700e-11,6.277910260e-13,6.153394560e-13,3.071866840e-13,3.231526000e-13,7.470573610e-14,3.571865470e-10,3.501021300e-10,3.302721390e-10,3.474379130e-10,7.112359780e-11
7.079457840e+08,6.757645530e-10,1.364878700e-08,3.465481330e-10,3.392847880e-10,3.200845730e-10,3.375832900e-10,7.093196660e-11,6.003892690e-13,5.878056370e-13,2.934573600e-13,3.095003930e-13,7.343988700e-14,3.465476130e-10,3.392842790e-10,3.200844380e-10,3.375831480e-10,7.093192860e-11
7.286181750e+08,6.556737660e-10,1.365868010e-08,3.362008190e-10,3.287556440e-10,3.101687440e-10,3.280081680e-10,7.073058330e-11,5.741404480e-13,5.614260940e-13,2.803033580e-13,2.964250670e-13,7.218504730e-14,3.362003290e-10,3.287551640e-10,3.101686170e-10,3.280080340e-10,7.073054650e-11
7.498942090e+08,6.361353970e-10,1.366912660e-08,3.261369230e-10,3.185070940e-10,3.005170840e-10,3.187047610e-10,7.051907800e-11,5.489962320e-13,5.361527080e-13,2.677006590e-13,2.839022440e-13,7.094089080e-14,3.261364600e-10,3.185066420e-10,3.005169650e-10,3.187046340e-10,7.051904230e-11
7.717915160e+08,6.171339390e-10,1.368015550e-08,3.163484660e-10,3.085312640e-10,2.911221360e-10,3.096653600e-10,7.029703400e-11,5.249103600e-13,5.119394420e-13,2.556262840e-13,2.719085760e-13,6.970710080e-14,3.163480300e-10,3.085308390e-10,2.911220240e-10,3.096652410e-10,7.029699950e-11
7.943282350e+08,5.986543670e-10,1.369179700e-08,3.068277200e-10,2.988205470e-10,2.819766860e-10,3.008824740e-10,7.006402860e-11,5.018385530e-13,4.887422510e-13,2.440582460e-13,2.604217030e-13,6.848337090e-14,3.068273100e-10,2.988201470e-10,2.819765800e-10,3.008823610e-10,7.006399510e-11
8.175230380e+08,5.806821330e-10,1.370408270e-08,2.975672020e-10,2.893675920e-10,2.730737640e-10,2.923488230e-10,6.981963340e-11,4.797384270e-13,4.665190000e-13,2.329755070e-13,2.494202090e-13,6.726940630e-14,2.975668150e-10,2.893672160e-10,2.730736650e-10,2.923487170e-10,6.981960100e-11
8.413951420e+08,5.632031520e-10,1.371704540e-08,2.885596660e-10,2.801653090e-10,2.644066380e-10,2.840573350e-10,6.956341640e-11,4.585694190e-13,4.452293850e-13,2.223579420e-13,2.388835810e-13,6.606492390e-14,2.885593020e-10,2.801649550e-10,2.644065440e-10,2.840572350e-10,6.956338500e-11
8.659643230e+08,5.462037920e-10,1.373071950e-08,2.797981020e-10,2.712068550e-10,2.559688050e-10,2.760011380e-10,6.929494270e-11,4.382927040e-13,4.248348540e-13,2.121862990e-13,2.287921760e-13,6.486965400e-14,2.797977590e-10,2.712065220e-10,2.559687170e-10,2.760010430e-10,6.929491230e-11
8.912509380e+08,5.296708670e-10,1.374514060e-08,2.712757260e-10,2.624856370e-10,2.477539950e-10,2.681735540e-10,6.901377660e-11,4.188711280e-13,4.052985370e-13,2.024421630e-13,2.191271790e-13,6.368334120e-14,2.712754020e-10,2.624853240e-10,2.477539130e-10,2.681734640e-10,6.901374720e-11
9.172759350e+08,5.135916210e-10,1.376034580e-08,2.629859770e-10,2.539953010e-10,2.397561590e-10,2.605680950e-10,6.871948300e-11,4.002691310e-13,3.865851700e-13,1.931079170e-13,2.098705710e-13,6.250574500e-14,2.629856720e-10,2.539950070e-10,2.397560820e-10,2.605680110e-10,6.871945460e-11
9.440608760e+08,4.979537210e-10,1.377637340e-08,2.549225130e-10,2.457297360e-10,2.319694690e-10,2.531784570e-10,6.841162950e-11,3.824526830e-13,3.686610330e-13,1.841667140e-13,2.010050920e-13,6.133664150e-14,2.549222260e-10,2.457294600e-10,2.319693960e-10,2.531783770e-10,6.841160200e-11
9.716279520e+08,4.827452470e-10,1.379326350e-08,2.470792040e-10,2.376830620e-10,2.243883120e-10,2.459985150e-10,6.808978820e-11,3.653892180e-13,3.514938810e-13,1.756024390e-13,1.925142130e-13,6.017582400e-14,2.470789340e-10,2.376828020e-10,2.243882430e-10,2.459984390e-10,6.808976160e-11
1.000000000e+09,4.679546840e-10,1.381105720e-08,2.394501270e-10,2.298496280e-10,2.170072860e-10,2.390223160e-10,6.775353840e-11,3.490475710e-13,3.350528790e-13,1.673996830e-13,1.843821040e-13,5.902310440e-14,2.394498720e-10,2.298493840e-10,2.170072210e-10,2.390222440e-10,6.775351270e-11
1.029200530e+09,4.535709050e-10,1.382979710e-08,2.320295610e-10,2.222240110e-10,2.098211950e-10,2.322440760e-10,6.740246840e-11,3.333979150e-13,3.193085470e-13,1.595437070e-13,1.765936030e-13,5.787831420e-14,2.320293210e-10,2.222237820e-10,2.098211350e-10,2.322440090e-10,6.740244360e-11
1.059253730e+09,4.395831700e-10,1.384952740e-08,2.248119830e-10,2.148010070e-10,2.028250480e-10,2.256581780e-10,6.703617860e-11,3.184117100e-13,3.042326970e-13,1.520204150e-13,1.691341880e-13,5.674130570e-14,2.248117580e-10,2.148007920e-10,2.028249910e-10,2.256581150e-10,6.703615460e-11
1.090184490e+09,4.259811080e-10,1.387029330e-08,2.177920620e-10,2.075756290e-10,1.960140490e-10,2.192591600e-10,6.665428380e-11,3.040616400e-13,2.897983780e-13,1.448163270e-13,1.619899510e-13,5.561195290e-14,2.177918500e-10,2.075754270e-10,1.960139960e-10,2.192591010e-10,6.665426060e-11
1.122018450e+09,4.127547130e-10,1.389214140e-08,2.109646520e-10,2.005431020e-10,1.893835960e-10,2.130417180e-10,6.625641610e-11,2.903215630e-13,2.759798190e-13,1.379185520e-13,1.551475730e-13,5.449015270e-14,2.109644520e-10,2.005429120e-10,1.893835460e-10,2.130416610e-10,6.625639360e-11
1.154781980e+09,3.998943260e-10,1.391511980e-08,2.043247900e-10,1.936988540e-10,1.829292740e-10,2.070006950e-10,6.584222790e-11,2.771664580e-13,2.627523830e-13,1.313147610e-13,1.485942960e-13,5.337582580e-14,2.043246020e-10,1.936986760e-10,1.829292270e-10,2.070006420e-10,6.584220630e-11
1.188502230e+09,3.873906340e-10,1.393927720e-08,1.978676860e-10,1.870385200e-10,1.766468520e-10,2.011310830e-10,6.541139510e-11,2.645723760e-13,2.500925070e-13,1.249931580e-13,1.423179010e-13,5.226891740e-14,1.978675100e-10,1.870383530e-10,1.766468080e-10,2.011310330e-10,6.541137420e-11
1.223207120e+09,3.752346480e-10,1.396466400e-08,1.915887230e-10,1.805579260e-10,1.705322750e-10,1.954280150e-10,6.496361970e-11,2.525163920e-13,2.379776610e-13,1.189424630e-13,1.363066870e-13,5.116939860e-14,1.915885570e-10,1.805577700e-10,1.705322340e-10,1.954279670e-10,6.496359960e-11
1.258925410e+09,3.634177030e-10,1.399133110e-08,1.854834450e-10,1.742530910e-10,1.645816600e-10,1.898867610e-10,6.449863350e-11,2.409765580e-13,2.263862960e-13,1.131518820e-13,1.305494450e-13,5.007726650e-14,1.854832890e-10,1.742529430e-10,1.645816220e-10,1.898867170e-10,6.449861400e-11
1.295686700e+09,3.519314360e-10,1.401933050e-08,1.795475560e-10,1.681202140e-10,1.587912900e-10,1.845027280e-10,6.401620060e-11,2.299318600e-13,2.152977980e-13,1.076110890e-13,1.250354430e-13,4.899254500e-14,1.795474090e-10,1.681200760e-10,1.587912540e-10,1.845026850e-10,6.401618190e-11
1.333521430e+09,3.407677800e-10,1.404871480e-08,1.737769100e-10,1.621556750e-10,1.531576070e-10,1.792714480e-10,6.351612140e-11,2.193621710e-13,2.046924470e-13,1.023101970e-13,1.197543990e-13,4.791528530e-14,1.737767720e-10,1.621555460e-10,1.531575730e-10,1.792714080e-10,6.351610330e-11
1.372460960e+09,3.299189520e-10,1.407953720e-08,1.681675090e-10,1.563560240e-10,1.476772050e-10,1.741885850e-10,6.299823480e-11,2.092482160e-13,1.945513690e-13,9.723974610e-14,1.146964680e-13,4.684556620e-14,1.681673780e-10,1.563559030e-10,1.476771730e-10,1.741885470e-10,6.299821740e-11
1.412537540e+09,3.193774350e-10,1.411185140e-08,1.627154900e-10,1.507179710e-10,1.423468240e-10,1.692499230e-10,6.246242190e-11,1.995715270e-13,1.848564980e-13,9.239067420e-14,1.098522190e-13,4.578349420e-14,1.627153670e-10,1.507178580e-10,1.423467940e-10,1.692498870e-10,6.246240510e-11
1.453784390e+09,3.091359730e-10,1.414571100e-08,1.574171250e-10,1.452383860e-10,1.371633420e-10,1.644513660e-10,6.190860830e-11,1.903144080e-13,1.755905370e-13,8.775430200e-14,1.052126220e-13,4.472920300e-14,1.574170100e-10,1.452382800e-10,1.371633140e-10,1.644513320e-10,6.190859220e-11
1.496235660e+09,2.991875500e-10,1.418116990e-08,1.522688110e-10,1.399142830e-10,1.321237690e-10,1.597889340e-10,6.133676720e-11,1.814598960e-13,1.667369120e-13,8.332231230e-14,1.007690260e-13,4.368285390e-14,1.522687030e-10,1.399141840e-10,1.321237430e-10,1.597889030e-10,6.133675160e-11
1.539926530e+09,2.895253820e-10,1.421828150e-08,1.472670620e-10,1.347428190e-10,1.272252360e-10,1.552587610e-10,6.074692140e-11,1.729917260e-13,1.582797440e-13,7.908673160e-14,9.651314760e-14,4.264463460e-14,1.472669600e-10,1.347427260e-10,1.272252120e-10,1.552587310e-10,6.074690640e-11
1.584893190e+09,2.801429000e-10,1.425709860e-08,1.424085040e-10,1.297212790e-10,1.224649910e-10,1.508570900e-10,6.013914600e-11,1.648943000e-13,1.502038070e-13,7.503991230e-14,9.243705280e-14,4.161475910e-14,1.424084090e-10,1.297211920e-10,1.224649680e-10,1.508570620e-10,6.013913170e-11
1.631172910e+09,2.710337380e-10,1.429767340e-08,1.376898660e-10,1.248470700e-10,1.178403850e-10,1.465802700e-10,5.951357010e-11,1.571526490e-13,1.424944930e-13,7.117451540e-14,8.853314320e-14,4.059346600e-14,1.376897770e-10,1.248469880e-10,1.178403630e-10,1.465802430e-10,5.951355620e-11
1.678804020e+09,2.621917170e-10,1.434005650e-08,1.331079750e-10,1.201177130e-10,1.133488700e-10,1.424247530e-10,5.887037790e-11,1.497524070e-13,1.351377830e-13,6.748349440e-14,8.479414110e-14,3.958101780e-14,1.331078910e-10,1.201176370e-10,1.133488500e-10,1.424247280e-10,5.887036460e-11
1.727825980e+09,2.536108330e-10,1.438429750e-08,1.286597460e-10,1.155308330e-10,1.089879850e-10,1.383870960e-10,5.820981050e-11,1.426797810e-13,1.281202120e-13,6.396007930e-14,8.121307710e-14,3.857769920e-14,1.286596670e-10,1.155307620e-10,1.089879660e-10,1.383870720e-10,5.820979770e-11
1.778279410e+09,2.452852440e-10,1.443044360e-08,1.243421770e-10,1.110841460e-10,1.047553500e-10,1.344639470e-10,5.753216640e-11,1.359215180e-13,1.214288360e-13,6.059776190e-14,7.778327600e-14,3.758381550e-14,1.243421020e-10,1.110840800e-10,1.047553320e-10,1.344639250e-10,5.753215410e-11
1.830206110e+09,2.372092530e-10,1.447854010e-08,1.201523390e-10,1.067754550e-10,1.006486550e-10,1.306520560e-10,5.683780170e-11,1.294648840e-13,1.150512090e-13,5.739028120e-14,7.449834500e-14,3.659969060e-14,1.201522690e-10,1.067753930e-10,1.006486390e-10,1.306520350e-10,5.683778990e-11
1.883649090e+09,2.293772950e-10,1.452862950e-08,1.160873740e-10,1.026026340e-10,9.666565510e-11,1.269482610e-10,5.612712990e-11,1.232976360e-13,1.089753510e-13,5.433161020e-14,7.135216150e-14,3.562566490e-14,1.160873080e-10,1.026025770e-10,9.666563990e-11,1.269482410e-10,5.612711860e-11
1.938652640e+09,2.217839280e-10,1.458075100e-08,1.121444820e-10,9.856362590e-11,9.280415620e-11,1.233494910e-10,5.540062150e-11,1.174079980e-13,1.031897220e-13,5.141594300e-14,6.833886200e-14,3.466209300e-14,1.121444210e-10,9.856357190e-11,9.280414190e-11,1.233494720e-10,5.540061060e-11
1.995262310e+09,2.144238140e-10,1.463494050e-08,1.083209210e-10,9.465642480e-11,8.906201080e-11,1.198527640e-10,5.465880260e-11,1.117846380e-13,9.768319940e-14,4.863768300e-14,6.545283070e-14,3.370934100e-14,1.083208630e-10,9.465637440e-11,8.906199750e-11,1.198527460e-10,5.465879220e-11
2.053525030e+09,2.072917140e-10,1.469122970e-08,1.046139950e-10,9.087907200e-11,8.543710840e-11,1.164551790e-10,5.390225350e-11,1.064166470e-13,9.244505150e-14,4.599143120e-14,6.268868950e-14,3.276778410e-14,1.046139410e-10,9.087902500e-11,8.543709600e-11,1.164551620e-10,5.390224350e-11
2.113489040e+09,2.003824710e-10,1.474964570e-08,1.010210500e-10,8.722964480e-11,8.192736710e-11,1.131539220e-10,5.313160640e-11,1.012935220e-13,8.746491840e-14,4.347197620e-14,6.004128750e-14,3.183780370e-14,1.010210000e-10,8.722960090e-11,8.192735560e-11,1.131539060e-10,5.313159680e-11
2.175204030e+09,1.936910020e-10,1.481021070e-08,9.753947290e-11,8.370624750e-11,7.853072700e-11,1.099462560e-10,5.234754290e-11,9.640514280e-14,8.273279020e-14,4.107428430e-14,5.750569190e-14,3.091978440e-14,9.753942530e-11,8.370620660e-11,7.853071630e-11,1.099462410e-10,5.234753380e-11
2.238721140e+09,1.872122880e-10,1.487294150e-08,9.416667890e-11,8.030700300e-11,7.524514250e-11,1.068295240e-10,5.155079110e-11,9.174175790e-14,7.823898770e-14,3.879349050e-14,5.507717840e-14,3.001411160e-14,9.416663420e-11,8.030696490e-11,7.524513250e-11,1.068295100e-10,5.155078240e-11
2.304092980e+09,1.809413670e-10,1.493784890e-08,9.090011300e-11,7.703004430e-11,7.206857610e-11,1.038011440e-10,5.074212200e-11,8.729396760e-14,7.397414550e-14,3.662489020e-14,5.275122240e-14,2.912116770e-14,9.090007110e-11,7.703000870e-11,7.206856680e-11,1.038011300e-10,5.074211370e-11
2.371373710e+09,1.748733220e-10,1.500493710e-08,8.773724410e-11,7.387350620e-11,6.899899250e-11,1.008586050e-10,4.992234580e-11,8.305270920e-14,6.992919480e-14,3.456393190e-14,5.052349090e-14,2.824133010e-14,8.773720480e-11,7.387347310e-11,6.899898380e-11,1.008585930e-10,4.992233780e-11
2.440619070e+09,1.690032800e-10,1.507420370e-08,8.467556140e-11,7.083551830e-11,6.603435350e-11,9.799947260e-11,4.909230770e-11,7.900924390e-14,6.609534850e-14,3.260621020e-14,4.838983390e-14,2.737496750e-14,8.467552460e-11,7.083548750e-11,6.603434550e-11,9.799946070e-11,4.909230010e-11
2.511886430e+09,1.633264010e-10,1.514563860e-08,8.171257270e-11,6.791419760e-11,6.317261350e-11,9.522137770e-11,4.825288370e-11,7.515514380e-14,6.246408750e-14,3.074745960e-14,4.634627720e-14,2.652243780e-14,8.171253810e-11,6.791416890e-11,6.317260610e-11,9.522136640e-11,4.825287640e-11
2.585234840e+09,1.578378810e-10,1.521922430e-08,7.884580120e-11,6.510764160e-11,6.041171550e-11,9.252202030e-11,4.740497580e-11,7.148228090e-14,5.902714740e-14,2.898354910e-14,4.438901450e-14,2.568408490e-14,7.884576880e-11,6.510761490e-11,6.041170850e-11,9.252200970e-11,4.740496890e-11
2.660725060e+09,1.525329400e-10,1.529493510e-08,7.607278500e-11,6.241392220e-11,5.774958820e-11,8.989916600e-11,4.654950730e-11,6.798281640e-14,5.577650690e-14,2.731047720e-14,4.251440060e-14,2.486023660e-14,7.607275470e-11,6.241389730e-11,5.774958170e-11,8.989915590e-11,4.654950060e-11
2.738419630e+09,1.474068280e-10,1.537273680e-08,7.339107590e-11,5.983107970e-11,5.518414370e-11,8.735064380e-11,4.568741780e-11,6.464919120e-14,5.270437670e-14,2.572436760e-14,4.071894420e-14,2.405120190e-14,7.339104740e-11,5.983105650e-11,5.518413770e-11,8.735063430e-11,4.568741150e-11
2.818382930e+09,1.424548180e-10,1.545258660e-08,7.079823870e-11,5.735711720e-11,5.271327610e-11,8.487434470e-11,4.481965870e-11,6.147411700e-14,4.980319000e-14,2.422146510e-14,3.899930200e-14,2.325726910e-14,7.079821200e-11,5.735709550e-11,5.271327050e-11,8.487433580e-11,4.481965260e-11
2.900681200e+09,1.376722100e-10,1.553443270e-08,6.829185200e-11,5.498999520e-11,5.033486050e-11,8.246822000e-11,4.394718770e-11,5.845056880e-14,4.706559280e-14,2.279813240e-14,3.735227190e-14,2.247870370e-14,6.829182700e-11,5.498997510e-11,5.033485530e-11,8.246821160e-11,4.394718190e-11
2.985382620e+09,1.330543310e-10,1.561821430e-08,6.586950900e-11,5.272762710e-11,4.804675280e-11,8.013027930e-11,4.307096440e-11,5.557177670e-14,4.448443530e-14,2.145084700e-14,3.577478720e-14,2.171574700e-14,6.586948560e-11,5.272760830e-11,4.804674800e-11,8.013027130e-11,4.307095900e-11
3.072557370e+09,1.285965360e-10,1.570386130e-08,6.352881830e-11,5.056787390e-11,4.584679060e-11,7.785858870e-11,4.219194570e-11,5.283121970e-14,4.205276480e-14,2.017619860e-14,3.426391090e-14,2.096861430e-14,6.352879630e-11,5.056785640e-11,4.584678620e-11,7.785858120e-11,4.219194050e-11
3.162277660e+09,1.242942110e-10,1.579129460e-08,6.126740580e-11,4.850854040e-11,4.373279390e-11,7.565126980e-11,4.131108100e-11,5.022261890e-14,3.976381750e-14,1.897088660e-14,3.281683000e-14,2.023749430e-14,6.126738520e-11,4.850852410e-11,4.373278980e-11,7.565126270e-11,4.131107600e-11
3.254617830e+09,1.201427780e-10,1.588042570e-08,5.908291690e-11,4.654737060e-11,4.170256720e-11,7.350649760e-11,4.042930790e-11,4.773993200e-14,3.761101220e-14,1.783171840e-14,3.143085080e-14,1.952254750e-14,5.908289760e-11,4.654735540e-11,4.170256340e-11,7.350649080e-11,4.042930320e-11
3.349654390e+09,1.161376960e-10,1.597115740e-08,5.697301860e-11,4.468204390e-11,3.975390160e-11,7.142249890e-11,3.954754860e-11,4.537734720e-14,3.558794440e-14,1.675560700e-14,3.010339300e-14,1.882390630e-14,5.697300060e-11,4.468202970e-11,3.975389800e-11,7.142249250e-11,3.954754410e-11
3.447466070e+09,1.122744700e-10,1.606338360e-08,5.493540230e-11,4.291017140e-11,3.788457730e-11,6.939755120e-11,3.866670600e-11,4.312927780e-14,3.368837980e-14,1.573956970e-14,2.883198580e-14,1.814167410e-14,5.493538540e-11,4.291015810e-11,3.788457400e-11,6.939754520e-11,3.866670180e-11
3.548133890e+09,1.085486510e-10,1.615698990e-08,5.296778640e-11,4.122929290e-11,3.609236710e-11,6.742998110e-11,3.778766020e-11,4.099035730e-14,3.190625020e-14,1.478072630e-14,2.761426240e-14,1.747592560e-14,5.296777060e-11,4.122928050e-11,3.609236410e-11,6.742997540e-11,3.778765620e-11
3.651741270e+09,1.049558420e-10,1.625185360e-08,5.106791950e-11,3.963687400e-11,3.437503940e-11,6.551816260e-11,3.691126560e-11,3.895543410e-14,3.023564790e-14,1.387629790e-14,2.644795640e-14,1.682670670e-14,5.106790460e-11,3.963686250e-11,3.437503660e-11,6.551815730e-11,3.691126180e-11
3.758374040e+09,1.014917050e-10,1.634784470e-08,4.923358300e-11,3.813030390e-11,3.273036180e-11,6.366051610e-11,3.603834850e-11,3.701956660e-14,2.867082260e-14,1.302360510e-14,2.533089690e-14,1.619403480e-14,4.923356900e-11,3.813029310e-11,3.273035920e-11,6.366051110e-11,3.603834490e-11
3.868120550e+09,9.815196730e-11,1.644482610e-08,4.746259440e-11,3.670689420e-11,3.115610520e-11,6.185550690e-11,3.516970440e-11,3.517801780e-14,2.720617770e-14,1.222006660e-14,2.426100480e-14,1.557789980e-14,4.746258140e-11,3.670688410e-11,3.115610280e-11,6.185550220e-11,3.516970100e-11
3.981071710e+09,9.493242190e-11,1.654265420e-08,4.575281050e-11,3.536387830e-11,2.965004730e-11,6.010164400e-11,3.430609650e-11,3.342625110e-14,2.583626800e-14,1.146319830e-14,2.323628880e-14,1.497826450e-14,4.575279830e-11,3.536386880e-11,2.965004510e-11,6.010163950e-11,3.430609320e-11
4.097321100e+09,9.182893630e-11,1.664117970e-08,4.410212960e-11,3.409841220e-11,2.820997700e-11,5.839747850e-11,3.344825380e-11,3.175992430e-14,2.455579810e-14,1.075061100e-14,2.225484170e-14,1.439506540e-14,4.410211820e-11,3.409840340e-11,2.820997490e-11,5.839747430e-11,3.344825070e-11
4.216965030e+09,8.883745610e-11,1.674024850e-08,4.250849500e-11,3.290757690e-11,2.683369790e-11,5.674160310e-11,3.259687060e-11,3.017488540e-14,2.335962170e-14,1.008000950e-14,2.131483710e-14,1.382821430e-14,4.250848430e-11,3.290756860e-11,2.683369600e-11,5.674159910e-11,3.259686760e-11
4.340102640e+09,8.595400930e-11,1.683970210e-08,4.096989710e-11,3.178838160e-11,2.551903270e-11,5.513265000e-11,3.175260480e-11,2.866716700e-14,2.224274190e-14,9.449190920e-15,2.041452520e-14,1.327759910e-14,4.096988700e-11,3.178837390e-11,2.551903090e-11,5.513264620e-11,3.175260200e-11
4.466835920e+09,8.317471050e-11,1.693937870e-08,3.948437600e-11,3.073776960e-11,2.426382630e-11,5.356929050e-11,3.091607830e-11,2.723298120e-14,2.120031220e-14,8.856042760e-15,1.955223060e-14,1.274308540e-14,3.948436660e-11,3.073776230e-11,2.426382460e-11,5.356928690e-11,3.091607570e-11
4.597269890e+09,8.049576480e-11,1.703911390e-08,3.805002370e-11,2.975262490e-11,2.306595010e-11,5.205023350e-11,3.008787620e-11,2.586871410e-14,2.022763910e-14,8.298541420e-15,1.872634840e-14,1.222451760e-14,3.805001490e-11,2.975261810e-11,2.306594860e-11,5.205023010e-11,3.008787370e-11
4.731512590e+09,7.791347050e-11,1.713874170e-08,3.666498600e-11,2.882978210e-11,2.192330520e-11,5.057422450e-11,2.926854720e-11,2.457092100e-14,1.932018470e-14,7.774750280e-15,1.793534150e-14,1.172172050e-14,3.666497780e-11,2.882977570e-11,2.192330380e-11,5.057422130e-11,2.926854480e-11
4.869675250e+09,7.542422250e-11,1.723809510e-08,3.532746400e-11,2.796603670e-11,2.083382560e-11,4.914004470e-11,2.845860400e-11,2.333632040e-14,1.847357030e-14,7.282817790e-15,1.717773770e-14,1.123450110e-14,3.532745630e-11,2.796603060e-11,2.083382430e-11,4.914004170e-11,2.845860180e-11
5.011872340e+09,7.302451430e-11,1.733700720e-08,3.403571580e-11,2.715815780e-11,1.979548130e-11,4.774650970e-11,2.765852370e-11,2.216178850e-14,1.768358140e-14,6.820975450e-15,1.645212690e-14,1.076264940e-14,3.403570860e-11,2.715815210e-11,1.979548020e-11,4.774650680e-11,2.765852160e-11
5.158221650e+09,7.071093960e-11,1.743531180e-08,3.278805710e-11,2.640290280e-11,1.880628110e-11,4.639246860e-11,2.686874880e-11,2.104435420e-14,1.694617150e-14,6.387535760e-15,1.575715850e-14,1.030594080e-14,3.278805040e-11,2.640289740e-11,1.880628000e-11,4.639246590e-11,2.686874690e-11
5.308844440e+09,6.848019440e-11,1.753284420e-08,3.158286270e-11,2.569703220e-11,1.786427490e-11,4.507680330e-11,2.608968820e-11,1.998119310e-14,1.625746740e-14,5.980890000e-15,1.509153900e-14,9.864136870e-15,3.158285640e-11,2.569702710e-11,1.786427390e-11,4.507680080e-11,2.608968630e-11
5.463865500e+09,6.632907720e-11,1.762944210e-08,3.041856650e-11,2.503732620e-11,1.696755620e-11,4.379842720e-11,2.532171790e-11,1.896962160e-14,1.561377340e-14,5.599506070e-15,1.445402950e-14,9.436987250e-15,3.041856050e-11,2.503732130e-11,1.696755530e-11,4.379842490e-11,2.532171620e-11
5.623413250e+09,6.425448970e-11,1.772494580e-08,2.929366160e-11,2.442060120e-11,1.611426400e-11,4.255628460e-11,2.456518280e-11,1.800709220e-14,1.501157570e-14,5.241926140e-15,1.384344330e-14,9.024230980e-15,2.929365610e-11,2.442059660e-11,1.611426310e-11,4.255628230e-11,2.456518110e-11
5.787619880e+09,6.225343700e-11,1.781919940e-08,2.820670110e-11,2.384372690e-11,1.530258420e-11,4.134934950e-11,2.382039740e-11,1.709118700e-14,1.444754540e-14,4.906764360e-15,1.325864390e-14,8.625597860e-15,2.820669600e-11,2.384372250e-11,1.530258340e-11,4.134934730e-11,2.382039590e-11
5.956621440e+09,6.032302720e-11,1.791205080e-08,2.715629690e-11,2.330364200e-11,1.453075140e-11,4.017662500e-11,2.308764780e-11,1.621961280e-14,1.391854160e-14,4.592704450e-15,1.269854250e-14,8.240809850e-15,2.715629210e-11,2.330363790e-11,1.453075070e-11,4.017662300e-11,2.308764630e-11
6.130557920e+09,5.846047050e-11,1.800335230e-08,2.614111980e-11,2.279737030e-11,1.379704990e-11,3.903714250e-11,2.236719240e-11,1.539019500e-14,1.342161220e-14,4.298497320e-15,1.216209650e-14,7.869582250e-15,2.614111520e-11,2.279736630e-11,1.379704920e-11,3.903714060e-11,2.236719100e-11
6.309573440e+09,5.666307830e-11,1.809296090e-08,2.515989810e-11,2.232203410e-11,1.309981440e-11,3.792996070e-11,2.165926380e-11,1.460087270e-14,1.295399440e-14,4.022958630e-15,1.164830730e-14,7.511624960e-15,2.515989390e-11,2.232203040e-11,1.309981370e-11,3.792995890e-11,2.165926250e-11
6.493816320e+09,5.492826190e-11,1.818073890e-08,2.421141740e-11,2.187486790e-11,1.243743070e-11,3.685416490e-11,2.096406990e-11,1.384969320e-14,1.251311330e-14,3.764966370e-15,1.115621820e-14,7.166643560e-15,2.421141340e-11,2.187486430e-11,1.243743020e-11,3.685416320e-11,2.096406860e-11
6.683439180e+09,5.325353080e-11,1.826655340e-08,2.329451860e-11,2.145322810e-11,1.180833660e-11,3.580886640e-11,2.028179530e-11,1.313480660e-14,1.209657970e-14,3.523458410e-15,1.068491320e-14,6.834340340e-15,2.329451490e-11,2.145322470e-11,1.180833600e-11,3.580886480e-11,2.028179410e-11
6.878599120e+09,5.163649090e-11,1.835027710e-08,2.240809730e-11,2.105460310e-11,1.121102110e-11,3.479320150e-11,1.961260270e-11,1.245446060e-14,1.170218620e-14,3.297430100e-15,1.023351470e-14,6.514415260e-15,2.240809380e-11,2.105459990e-11,1.121102060e-11,3.479320000e-11,1.961260160e-11
7.079457840e+09,5.007484230e-11,1.843178770e-08,2.155110130e-11,2.067661960e-11,1.064402550e-11,3.380633100e-11,1.895663400e-11,1.180699590e-14,1.132790200e-14,3.085931880e-15,9.801182300e-15,6.206566800e-15,2.155109810e-11,2.067661650e-11,1.064402510e-11,3.380632960e-11,1.895663300e-11
7.286181750e+09,4.856637760e-11,1.851096850e-08,2.072252980e-11,2.031704780e-11,1.010594230e-11,3.284743940e-11,1.831401140e-11,1.119084090e-14,1.097186740e-14,2.888066860e-15,9.387110890e-15,5.910492760e-15,2.072252680e-11,2.031704480e-11,1.010594190e-11,3.284743800e-11,1.831401040e-11
7.498942090e+09,4.710897870e-11,1.858770750e-08,1.992143090e-11,1.997380430e-11,9.595415310e-12,3.191573420e-11,1.768483860e-11,1.060450690e-14,1.063238610e-14,2.702988550e-15,8.990529470e-15,5.625890950e-15,1.992142810e-11,1.997380150e-11,9.595414930e-12,3.191573300e-11,1.768483770e-11
7.717915160e+09,4.570061500e-11,1.866189780e-08,1.914689990e-11,1.964495380e-11,9.111138990e-12,3.101044550e-11,1.706920160e-11,1.004658390e-14,1.030791820e-14,2.529898520e-15,8.610699530e-15,5.352459850e-15,1.914689720e-11,1.964495110e-11,9.111138640e-12,3.101044430e-11,1.706920080e-11
7.943282350e+09,4.433934080e-11,1.873343710e-08,1.839807710e-11,1.932870840e-11,8.651857790e-12,3.013082490e-11,1.646716980e-11,9.515736020e-15,9.997071220e-15,2.368044190e-15,8.246913740e-15,5.089899110e-15,1.839807460e-11,1.932870580e-11,8.651857460e-12,3.013082380e-11,1.646716900e-11
8.175230380e+09,4.302329230e-11,1.880222760e-08,1.767414570e-11,1.902342580e-11,8.216365340e-12,2.927614540e-11,1.587879650e-11,9.010696980e-15,9.698591810e-15,2.216716590e-15,7.898494610e-15,4.837910100e-15,1.767414340e-11,1.902342330e-11,8.216365040e-12,2.927614440e-11,1.587879570e-11
8.413951420e+09,4.175068540e-11,1.886817520e-08,1.697432980e-11,1.872760620e-11,7.803503600e-12,2.844570040e-11,1.530411980e-11,8.530266310e-15,9.411356500e-15,2.075248300e-15,7.564793250e-15,4.596196290e-15,1.697432760e-11,1.872760390e-11,7.803503320e-12,2.844569940e-11,1.530411910e-11
8.659643230e+09,4.051981250e-11,1.893118970e-08,1.629789140e-11,1.843988870e-11,7.412161820e-12,2.763880340e-11,1.474316290e-11,8.073305290e-15,9.134362690e-15,1.943011290e-15,7.245188150e-15,4.364463620e-15,1.629788940e-11,1.843988640e-11,7.412161560e-12,2.763880250e-11,1.474316230e-11
8.912509380e+09,3.932904050e-11,1.899118410e-08,1.564412890e-11,1.815904540e-11,7.041275480e-12,2.685478720e-11,1.419593510e-11,7.638733230e-15,8.866719540e-15,1.819414990e-15,6.939084030e-15,4.142420850e-15,1.564412700e-11,1.815904320e-11,7.041275240e-12,2.685478630e-11,1.419593450e-11
9.172759350e+09,3.817680740e-11,1.904807430e-08,1.501237430e-11,1.788397640e-11,6.689825180e-12,2.609300350e-11,1.366243160e-11,7.225523940e-15,8.607639080e-15,1.703904310e-15,6.645910750e-15,3.929779780e-15,1.501237260e-11,1.788397440e-11,6.689824960e-12,2.609300270e-11,1.366243100e-11
9.440608760e+09,3.706162020e-11,1.910177860e-08,1.440199110e-11,1.761370370e-11,6.356835410e-12,2.535282240e-11,1.314263400e-11,6.832702310e-15,8.356427450e-15,1.595957790e-15,6.365122220e-15,3.726255490e-15,1.440198950e-11,1.761370170e-11,6.356835210e-12,2.535282160e-11,1.314263350e-11
9.716279520e+09,3.598205200e-11,1.915221740e-08,1.381237170e-11,1.734736400e-11,6.041373340e-12,2.463363180e-11,1.263651100e-11,6.459341130e-15,8.112476550e-15,1.495085770e-15,6.096195390e-15,3.531566550e-15,1.381237020e-11,1.734736210e-11,6.041373150e-12,2.463363100e-11,1.263651050e-11
1.000000000e+10,3.493673940e-11,1.919931270e-08,1.324293560e-11,1.708420280e-11,5.742547500e-12,2.393483680e-11,1.214401790e-11,6.104558080e-15,7.875256020e-15,1.400828700e-15,5.838629320e-15,3.345435140e-15,1.324293420e-11,1.708420100e-11,5.742547330e-12,2.393483610e-11,1.214401750e-11
1.029200530e+10,3.392438010e-11,1.924298790e-08,1.269312650e-11,1.682356670e-11,5.459506550e-12,2.325585950e-11,1.166509730e-11,5.767512890e-15,7.644305580e-15,1.312755440e-15,5.591944190e-15,3.167587220e-15,1.269312520e-11,1.682356500e-11,5.459506390e-12,2.325585880e-11,1.166509690e-11
1.059253730e+10,3.294373020e-11,1.928316730e-08,1.216241090e-11,1.656489720e-11,5.191437920e-12,2.259613820e-11,1.119967900e-11,5.447404680e-15,7.419227890e-15,1.230461700e-15,5.355680440e-15,2.997752630e-15,1.216240970e-11,1.656489550e-11,5.191437770e-12,2.259613760e-11,1.119967860e-11
1.090184490e+10,3.199360190e-11,1.931977580e-08,1.165027560e-11,1.630772330e-11,4.937566510e-12,2.195512720e-11,1.074768020e-11,5.143469490e-15,7.199681780e-15,1.153568510e-15,5.129397930e-15,2.835665180e-15,1.165027450e-11,1.630772170e-11,4.937566370e-12,2.195512660e-11,1.074767980e-11
1.122018450e+10,3.107286120e-11,1.935273850e-08,1.115622570e-11,1.605165500e-11,4.697153350e-12,2.133229620e-11,1.030900530e-11,4.854977950e-15,6.985375980e-15,1.081720780e-15,4.912675060e-15,2.681062760e-15,1.115622470e-11,1.605165350e-11,4.697153230e-12,2.133229560e-11,1.030900500e-11
1.154781980e+10,3.018042520e-11,1.938198060e-08,1.067978290e-11,1.579637680e-11,4.469494330e-12,2.072712990e-11,9.883546560e-12,4.581233170e-15,6.776063280e-15,1.014585910e-15,4.705108080e-15,2.533687390e-15,1.067978200e-11,1.579637530e-11,4.469494210e-12,2.072712940e-11,9.883546230e-12
1.188502230e+10,2.931526040e-11,1.940742720e-08,1.022048370e-11,1.554164070e-11,4.253918820e-12,2.013912760e-11,9.471183730e-12,4.321568690e-15,6.571535170e-15,9.518524530e-16,4.506310250e-15,2.393285330e-15,1.022048280e-11,1.554163930e-11,4.253918720e-12,2.013912710e-11,9.471183430e-12
1.223207120e+10,2.847637970e-11,1.942900260e-08,9.777877560e-12,1.528726090e-11,4.049788470e-12,1.956780270e-11,9.071784440e-12,4.075346750e-15,6.371616830e-15,8.932289200e-16,4.315911160e-15,2.259607150e-15,9.777876710e-12,1.528725960e-11,4.049788380e-12,1.956780220e-11,9.071784160e-12
1.258925410e+10,2.766284100e-11,1.944663080e-08,9.351525760e-12,1.503310710e-11,3.856495870e-12,1.901268260e-11,8.685204290e-12,3.841956540e-15,6.176162650e-15,8.384425440e-16,4.133556070e-15,2.132407770e-15,9.351524970e-12,1.503310580e-11,3.856495780e-12,1.901268210e-11,8.685204030e-12
1.295686700e+10,2.687374490e-11,1.946023500e-08,8.940999750e-12,1.477909890e-11,3.673463340e-12,1.847330770e-11,8.311287110e-12,3.620812680e-15,5.985052030e-15,7.872381750e-16,3.958905180e-15,2.011446590e-15,8.940999020e-12,1.477909770e-11,3.673463250e-12,1.847330730e-11,8.311286870e-12
1.333521430e+10,2.610823230e-11,1.946973730e-08,8.545880020e-12,1.452520080e-11,3.500141680e-12,1.794923180e-11,7.949865220e-12,3.411353820e-15,5.798185680e-15,7.393772110e-16,3.791633060e-15,1.896487500e-15,8.545879340e-12,1.452519960e-11,3.500141600e-12,1.794923140e-11,7.949864990e-12
1.372460960e+10,2.536548280e-11,1.947505920e-08,8.165754970e-12,1.427141640e-11,3.336009030e-12,1.744002100e-11,7.600759750e-12,3.213041390e-15,5.615482180e-15,6.946365870e-16,3.631428030e-15,1.787299050e-15,8.165754330e-12,1.427141530e-11,3.336008960e-12,1.744002070e-11,7.600759540e-12
1.412537540e+10,2.464471290e-11,1.947612100e-08,7.800219990e-12,1.401778400e-11,3.180569660e-12,1.694525400e-11,7.263781060e-12,3.025358390e-15,5.436874910e-15,6.528078210e-16,3.477991540e-15,1.683654460e-15,7.800219410e-12,1.401778290e-11,3.180569590e-12,1.694525370e-11,7.263780860e-12
1.453784390e+10,2.394517380e-11,1.947284210e-08,7.448876660e-12,1.376437180e-11,3.033352860e-12,1.646452130e-11,6.938729110e-12,2.847808360e-15,5.262309340e-15,6.136961110e-16,3.331037680e-15,1.585331740e-15,7.448876110e-12,1.376437080e-11,3.033352800e-12,1.646452090e-11,6.938728930e-12
1.496235660e+10,2.326614990e-11,1.946514100e-08,7.111332010e-12,1.351127360e-11,2.893911860e-12,1.599742480e-11,6.625394040e-12,2.679914470e-15,5.091740560e-15,5.771194850e-16,3.190292590e-15,1.492113750e-15,7.111331500e-12,1.351127260e-11,2.893911800e-12,1.599742450e-11,6.625393870e-12
1.539926530e+10,2.260695700e-11,1.945293550e-08,6.787198020e-12,1.325860460e-11,2.761822730e-12,1.554357800e-11,6.323556650e-12,2.521218590e-15,4.925131130e-15,5.429079960e-16,3.055494000e-15,1.403788350e-15,6.787197550e-12,1.325860370e-11,2.761822680e-12,1.554357770e-11,6.323556490e-12
1.584893190e+10,2.196694060e-11,1.943614260e-08,6.476091190e-12,1.300649780e-11,2.636683400e-12,1.510260510e-11,6.032989050e-12,2.371280540e-15,4.762449170e-15,5.109029650e-16,2.926390690e-15,1.320148420e-15,6.476090760e-12,1.300649700e-11,2.636683350e-12,1.510260490e-11,6.032988910e-12
1.631172910e+10,2.134547480e-11,1.941467880e-08,6.177632200e-12,1.275510070e-11,2.518112640e-12,1.467414120e-11,5.753455320e-12,2.229677390e-15,4.603666700e-15,4.809562710e-16,2.802742060e-15,1.240991960e-15,6.177631800e-12,1.275509990e-11,2.518112600e-12,1.467414090e-11,5.753455190e-12
1.678804020e+10,2.074195980e-11,1.938846010e-08,5.891445720e-12,1.250457160e-11,2.405749110e-12,1.425783140e-11,5.484712170e-12,2.096002820e-15,4.448758190e-15,4.529296720e-16,2.684317690e-15,1.166122200e-15,5.891445350e-12,1.250457080e-11,2.405749070e-12,1.425783110e-11,5.484712050e-12
1.727825980e+10,2.015582160e-11,1.935740290e-08,5.617160290e-12,1.225507710e-11,2.299250450e-12,1.385333110e-11,5.226509710e-12,1.969866530e-15,4.297699340e-15,4.266941800e-16,2.570896860e-15,1.095347660e-15,5.617159950e-12,1.225507630e-11,2.299250410e-12,1.385333090e-11,5.226509600e-12
1.778279410e+10,1.958650980e-11,1.932142330e-08,5.354408310e-12,1.200678910e-11,2.198292370e-12,1.346030550e-11,4.978592190e-12,1.850893670e-15,4.150466060e-15,4.021294610e-16,2.462268190e-15,1.028482190e-15,5.354407990e-12,1.200678840e-11,2.198292330e-12,1.346030520e-11,4.978592080e-12
1.830206110e+10,1.903349670e-11,1.928043850e-08,5.102826060e-12,1.175988280e-11,2.102567820e-12,1.307842900e-11,4.740698800e-12,1.738724400e-15,4.007033530e-15,3.791232800e-16,2.358229230e-15,9.653450780e-16,5.102825770e-12,1.175988210e-11,2.102567790e-12,1.307842880e-11,4.740698710e-12
1.883649090e+10,1.849627610e-11,1.923436610e-08,4.862053860e-12,1.151453390e-11,2.011786180e-12,1.270738560e-11,4.512564490e-12,1.633013410e-15,3.867375570e-15,3.575709760e-16,2.258586080e-15,9.057610580e-16,4.862053590e-12,1.151453330e-11,2.011786150e-12,1.270738540e-11,4.512564400e-12
1.938652640e+10,1.797436170e-11,1.918312560e-08,4.631736190e-12,1.127091750e-11,1.925672440e-12,1.234686790e-11,4.293920740e-12,1.533429460e-15,3.731464020e-15,3.373749660e-16,2.163153020e-15,8.495603730e-16,4.631735940e-12,1.127091690e-11,1.925672410e-12,1.234686770e-11,4.293920650e-12
1.995262310e+10,1.746728650e-11,1.912663810e-08,4.411521950e-12,1.102920560e-11,1.843966450e-12,1.199657750e-11,4.084496380e-12,1.439655000e-15,3.599268300e-15,3.184442820e-16,2.071752180e-15,7.965787920e-16,4.411521710e-12,1.102920500e-11,1.843966430e-12,1.199657740e-11,4.084496310e-12
2.053525030e+10,1.697460150e-11,1.906482720e-08,4.201064660e-12,1.078956610e-11,1.766422250e-12,1.165622440e-11,3.884018430e-12,1.351385810e-15,3.470755090e-15,3.006941410e-16,1.984213220e-15,7.466576280e-16,4.201064450e-12,1.078956560e-11,1.766422220e-12,1.165622420e-11,3.884018360e-12
2.113489040e+10,1.649587450e-11,1.899761940e-08,4.000022790e-12,1.055216140e-11,1.692807300e-12,1.132552660e-11,3.692212840e-12,1.268330550e-15,3.345888110e-15,2.840455330e-16,1.900372960e-15,6.996437390e-16,4.000022590e-12,1.055216090e-11,1.692807280e-12,1.132552640e-11,3.692212770e-12
2.175204030e+10,1.603068980e-11,1.892494490e-08,3.808059990e-12,1.031714730e-11,1.622901880e-12,1.100421030e-11,3.508805250e-12,1.190210480e-15,3.224627980e-15,2.684248400e-16,1.820075150e-15,6.553895130e-16,3.808059800e-12,1.031714680e-11,1.622901850e-12,1.100421010e-11,3.508805190e-12
2.238721140e+10,1.557864670e-11,1.884673800e-08,3.624845430e-12,1.008467200e-11,1.556498390e-12,1.069200940e-11,3.333521780e-12,1.116759050e-15,3.106932130e-15,2.537634780e-16,1.743170120e-15,6.137528500e-16,3.624845260e-12,1.008467150e-11,1.556498370e-12,1.069200920e-11,3.333521720e-12
2.304092980e+10,1.513935890e-11,1.876293810e-08,3.450054090e-12,9.854875750e-12,1.493400820e-12,1.038866540e-11,3.166089700e-12,1.047721590e-15,2.992754850e-15,2.399975600e-16,1.669514510e-15,5.745971130e-16,3.450053930e-12,9.854875290e-12,1.493400800e-12,1.038866530e-11,3.166089650e-12
2.371373710e+10,1.471245380e-11,1.867349020e-08,3.283367030e-12,9.627889860e-12,1.433424090e-12,1.009392710e-11,3.006238090e-12,9.828549370e-16,2.882047300e-15,2.270675840e-16,1.598971060e-15,5.377910850e-16,3.283366880e-12,9.627889430e-12,1.433424070e-12,1.009392690e-11,3.006238040e-12
2.440619070e+10,1.429757190e-11,1.857834570e-08,3.124471700e-12,9.403836500e-12,1.376393540e-12,9.807550320e-12,2.853698510e-12,9.219271120e-16,2.774757670e-15,2.149181370e-16,1.531408260e-15,5.032089000e-16,3.124471570e-12,9.403836090e-12,1.376393520e-12,9.807550200e-12,2.853698470e-12
2.511886430e+10,1.389436570e-11,1.847746340e-08,2.973062190e-12,9.182828330e-12,1.322144380e-12,9.529297960e-12,2.708205560e-12,8.647169770e-16,2.670831300e-15,2.034976150e-16,1.466700190e-15,4.707299710e-16,2.973062070e-12,9.182827940e-12,1.322144360e-12,9.529297850e-12,2.708205520e-12
2.585234840e+10,1.350249950e-11,1.837081000e-08,2.828839480e-12,8.964968360e-12,1.270521170e-12,9.258939550e-12,2.569497410e-12,8.110138980e-16,2.570210850e-15,1.927579710e-16,1.404726220e-15,4.402388950e-16,2.828839360e-12,8.964967990e-12,1.270521150e-12,9.258939450e-12,2.569497370e-12
2.660725060e+10,1.312164880e-11,1.825836110e-08,2.691511650e-12,8.750349860e-12,1.221377360e-12,8.996251170e-12,2.437316340e-12,7.606174010e-16,2.472836540e-15,1.826544710e-16,1.345370850e-15,4.116253620e-16,2.691511540e-12,8.750349510e-12,1.221377350e-12,8.996251070e-12,2.437316310e-12
2.738419630e+10,1.275149940e-11,1.814010200e-08,2.560794110e-12,8.539056360e-12,1.174574800e-12,8.741015260e-12,2.311409160e-12,7.133368420e-16,2.378646330e-15,1.731454640e-16,1.288523430e-15,3.847840460e-16,2.560794010e-12,8.539056030e-12,1.174574780e-12,8.741015160e-12,2.311409130e-12
2.818382930e+10,1.239174730e-11,1.801602840e-08,2.436409730e-12,8.331161790e-12,1.129983290e-12,8.493020400e-12,2.191527620e-12,6.689910660e-16,2.287576160e-15,1.641921780e-16,1.234078000e-15,3.596144830e-16,2.436409630e-12,8.331161480e-12,1.129983280e-12,8.493020310e-12,2.191527590e-12
2.900681200e+10,1.204209800e-11,1.788614730e-08,2.318089000e-12,8.126730620e-12,1.087480180e-12,8.252061210e-12,2.077428750e-12,6.274080700e-16,2.199560230e-15,1.557585130e-16,1.181933070e-15,3.360209570e-16,2.318088920e-12,8.126730320e-12,1.087480170e-12,8.252061130e-12,2.077428730e-12
2.985382620e+10,1.170226630e-11,1.775047780e-08,2.205570170e-12,7.925818090e-12,1.046949940e-12,8.017938110e-12,1.968875220e-12,5.884246720e-16,2.114531190e-15,1.478108650e-16,1.131991440e-15,3.139123620e-16,2.205570090e-12,7.925817810e-12,1.046949930e-12,8.017938030e-12,1.968875190e-12
3.072557370e+10,1.137197570e-11,1.760905150e-08,2.098599280e-12,7.728470510e-12,1.008283780e-12,7.790457160e-12,1.865635520e-12,5.518861750e-16,2.032420420e-15,1.403179480e-16,1.084160010e-15,2.932020670e-16,2.098599210e-12,7.728470240e-12,1.008283770e-12,7.790457090e-12,1.865635500e-12
3.162277660e+10,1.105095780e-11,1.746191370e-08,1.996930270e-12,7.534725540e-12,9.713792920e-13,7.569429960e-12,1.767484280e-12,5.176460400e-16,1.953158250e-15,1.332506340e-16,1.038349640e-15,2.738077810e-16,1.996930200e-12,7.534725290e-12,9.713792820e-13,7.569429890e-12,1.767484260e-12
3.254617830e+10,1.073895260e-11,1.730912330e-08,1.900324970e-12,7.344612620e-12,9.361400640e-13,7.354673430e-12,1.674202370e-12,4.855655550e-16,1.876674230e-15,1.265818020e-16,9.944749220e-16,2.556514020e-16,1.900324910e-12,7.344612380e-12,9.361400550e-13,7.354673360e-12,1.674202350e-12
3.349654390e+10,1.043570760e-11,1.715075400e-08,1.808553130e-12,7.158153250e-12,9.024753810e-13,7.146009680e-12,1.585577090e-12,4.555135160e-16,1.802897300e-15,1.202862000e-16,9.524540710e-16,2.386588750e-16,1.808553070e-12,7.158153020e-12,9.024753730e-13,7.146009610e-12,1.585577070e-12
3.447466070e+10,1.014097780e-11,1.698689400e-08,1.721392380e-12,6.975361470e-12,8.702998860e-13,6.943265860e-12,1.501402250e-12,4.273659070e-16,1.731756050e-15,1.143403110e-16,9.122087580e-16,2.227600420e-16,1.721392330e-12,6.975361250e-12,8.702998790e-13,6.943265800e-12,1.501402240e-12
3.548133890e+10,9.854525260e-12,1.681764700e-08,1.638628210e-12,6.796244230e-12,8.395332760e-13,6.746274050e-12,1.421478260e-12,4.010055870e-16,1.663178930e-15,1.087222310e-16,8.736639630e-16,2.078884920e-16,1.638628160e-12,6.796244020e-12,8.395332690e-13,6.746274000e-12,1.421478240e-12
3.651741270e+10,9.576118920e-12,1.664313180e-08,1.560053860e-12,6.620801820e-12,8.101000130e-13,6.554871070e-12,1.345612140e-12,3.763219850e-16,1.597094400e-15,1.034115580e-16,8.367478330e-16,1.939814150e-16,1.560053820e-12,6.620801630e-12,8.101000070e-13,6.554871020e-12,1.345612120e-12
3.758374040e+10,9.305534320e-12,1.646348280e-08,1.485470300e-12,6.449028290e-12,7.819290530e-13,6.368898370e-12,1.273617550e-12,3.532107970e-16,1.533431150e-15,9.838928230e-17,8.013915550e-16,1.809794490e-16,1.485470260e-12,6.449028110e-12,7.819290470e-13,6.368898320e-12,1.273617530e-12
3.868120550e+10,9.042553400e-12,1.627884970e-08,1.414686040e-12,6.280911890e-12,7.549535760e-13,6.188201890e-12,1.205314770e-12,3.315736940e-16,1.472118260e-15,9.363768960e-17,7.675292180e-16,1.688265340e-16,1.414686010e-12,6.280911720e-12,7.549535700e-13,6.188201840e-12,1.205314750e-12
3.981071710e+10,8.786964260e-12,1.608939740e-08,1.347517100e-12,6.116435460e-12,7.291107450e-13,6.012631960e-12,1.140530650e-12,3.113180380e-16,1.413085360e-15,8.914026920e-17,7.350977010e-16,1.574697680e-16,1.347517070e-12,6.116435300e-12,7.291107390e-13,6.012631920e-12,1.140530640e-12
4.097321100e+10,8.538560940e-12,1.589530570e-08,1.283786810e-12,5.955576850e-12,7.043414650e-13,5.842043150e-12,1.079098560e-12,2.923566030e-16,1.356262740e-15,8.488162770e-17,7.040365460e-16,1.468592620e-16,1.283786770e-12,5.955576690e-12,7.043414590e-13,5.842043110e-12,1.079098550e-12
4.216965030e+10,8.297143260e-12,1.569676850e-08,1.223325660e-12,5.798309310e-12,6.805901610e-13,5.676294130e-12,1.020858300e-12,2.746073050e-16,1.301581530e-15,8.084740960e-17,6.742878510e-16,1.369479990e-16,1.223325630e-12,5.798309160e-12,6.805901560e-13,5.676294090e-12,1.020858290e-12
4.340102640e+10,8.062516620e-12,1.549399390e-08,1.165971210e-12,5.644601920e-12,6.578045690e-13,5.515247620e-12,9.656559680e-13,2.579929430e-16,1.248973770e-15,7.702422360e-17,6.457961610e-16,1.276916970e-16,1.165971180e-12,5.644601780e-12,6.578045650e-13,5.515247580e-12,9.656559600e-13
4.466835920e+10,7.834491830e-12,1.528720270e-08,1.111567850e-12,5.494419910e-12,6.359355330e-13,5.358770190e-12,9.133439110e-13,2.424409500e-16,1.198372530e-15,7.339957330e-17,6.185083630e-16,1.190486750e-16,1.111567820e-12,5.494419770e-12,6.359355280e-13,5.358770150e-12,9.133439030e-13
4.597269890e+10,7.612884940e-12,1.507662800e-08,1.059966640e-12,5.347725040e-12,6.149368130e-13,5.206732230e-12,8.637805370e-13,2.278831420e-16,1.149712010e-15,6.996179380e-17,5.923735890e-16,1.109797250e-16,1.059966620e-12,5.347724920e-12,6.149368090e-13,5.206732200e-12,8.637805300e-13
4.731512590e+10,7.397517080e-12,1.486251410e-08,1.011025170e-12,5.204475990e-12,5.947649140e-13,5.059007790e-12,8.168302060e-13,2.142554940e-16,1.102927610e-15,6.669999240e-17,5.673431190e-16,1.034479810e-16,1.011025150e-12,5.204475870e-12,5.947649100e-13,5.059007760e-12,8.168301990e-13
4.869675250e+10,7.188214320e-12,1.464511550e-08,9.646073090e-13,5.064628590e-12,5.753789080e-13,4.915474490e-12,7.723630700e-13,2.014979110e-16,1.057955990e-15,6.360399300e-17,5.433702920e-16,9.641880150e-17,9.646072880e-13,5.064628480e-12,5.753789050e-13,4.915474460e-12,7.723630640e-13
5.011872340e+10,6.984807530e-12,1.442469550e-08,9.205830650e-13,4.928136220e-12,5.567402820e-13,4.776013440e-12,7.302549270e-13,1.895540130e-16,1.014735150e-15,6.066428580e-17,5.204104200e-16,8.985965030e-17,9.205830460e-13,4.928136120e-12,5.567402790e-13,4.776013410e-12,7.302549210e-13
5.158221650e+10,6.787132220e-12,1.420152520e-08,8.788283730e-13,4.794950080e-12,5.388127850e-13,4.640509100e-12,6.903870480e-13,1.783709280e-16,9.732044610e-16,5.787197930e-17,4.984207020e-16,8.373998220e-17,8.788283550e-13,4.794949980e-12,5.388127820e-13,4.640509070e-12,6.903870430e-13
5.308844440e+10,6.595028430e-12,1.397588180e-08,8.392248980e-13,4.665019440e-12,5.215622840e-13,4.508849210e-12,6.526460230e-13,1.678990970e-16,9.333047130e-16,5.521875650e-17,4.773601440e-16,7.803113510e-17,8.392248810e-13,4.665019340e-12,5.215622810e-13,4.508849190e-12,6.526460190e-13
5.463865500e+10,6.408340610e-12,1.374804790e-08,8.016598490e-13,4.538291920e-12,5.049566360e-13,4.380924720e-12,6.169235820e-13,1.580920870e-16,8.949781440e-16,5.269683450e-17,4.571894860e-16,7.270622570e-17,8.016598330e-13,4.538291840e-12,5.049566330e-13,4.380924690e-12,6.169235780e-13
5.623413250e+10,6.226917460e-12,1.351830930e-08,7.660257770e-13,4.414713760e-12,4.889655590e-13,4.256629640e-12,5.831164300e-13,1.489064070e-16,8.581684660e-16,5.029892630e-17,4.378711270e-16,6.774004910e-17,7.660257630e-13,4.414713680e-12,4.889655570e-13,4.256629620e-12,5.831164260e-13
5.787619880e+10,6.050611840e-12,1.328695410e-08,7.322203900e-13,4.294229990e-12,4.735605170e-13,4.135861000e-12,5.511260690e-13,1.403013400e-16,8.228208780e-16,4.801820600e-17,4.193690530e-16,6.310898330e-17,7.322203760e-13,4.294229910e-12,4.735605150e-13,4.135860980e-12,5.511260660e-13
5.956621440e+10,5.879280670e-12,1.305427130e-08,7.001463550e-13,4.176784690e-12,4.587146080e-13,4.018518770e-12,5.208586330e-13,1.322387800e-16,7.888820800e-16,4.584827650e-17,4.016487740e-16,5.879089830e-17,7.001463420e-13,4.176784620e-12,4.587146060e-13,4.018518750e-12,5.208586300e-13
6.130557920e+10,5.712784780e-12,1.282054900e-08,6.697111130e-13,4.062321170e-12,4.444024600e-13,3.904505720e-12,4.922247100e-13,1.246830760e-16,7.563002760e-16,4.378313940e-17,3.846772550e-16,5.476506920e-17,6.697111010e-13,4.062321100e-12,4.444024580e-13,3.904505700e-12,4.922247070e-13
6.309573440e+10,5.550988840e-12,1.258607340e-08,6.408266930e-13,3.950782150e-12,4.306001360e-13,3.793727410e-12,4.651391740e-13,1.176008870e-16,7.250251730e-16,4.181716690e-17,3.684228580e-16,5.101209340e-17,6.408266820e-13,3.950782090e-12,4.306001340e-13,3.793727400e-12,4.651391710e-13
6.493816320e+10,5.393761230e-12,1.235112730e-08,6.134095270e-13,3.842109930e-12,4.172850400e-13,3.686092070e-12,4.395210160e-13,1.109610400e-16,6.950079770e-16,3.994507670e-17,3.528552820e-16,4.751381210e-17,6.134095170e-13,3.842109860e-12,4.172850380e-13,3.686092050e-12,4.395210140e-13
6.683439180e+10,5.240973960e-12,1.211598900e-08,5.873802760e-13,3.736246530e-12,4.044358360e-13,3.581510520e-12,4.152931810e-13,1.047344030e-16,6.662013790e-16,3.816190750e-17,3.379455060e-16,4.425323560e-17,5.873802670e-13,3.736246470e-12,4.044358340e-13,3.581510510e-12,4.152931790e-13
6.878599120e+10,5.092502570e-12,1.188093110e-08,5.626636500e-13,3.633133860e-12,3.920323620e-13,3.479896130e-12,3.923824010e-13,9.889375390e-17,6.385595480e-16,3.646299720e-17,3.236657350e-16,4.121447290e-17,5.626636410e-13,3.633133810e-12,3.920323600e-13,3.479896120e-12,3.923823990e-13
7.079457840e+10,4.948226020e-12,1.164621920e-08,5.391882380e-13,3.532713840e-12,3.800555620e-13,3.381164710e-12,3.707190400e-13,9.341366540e-17,6.120381070e-16,3.484396240e-17,3.099893490e-16,3.838266470e-17,5.391882300e-13,3.532713790e-12,3.800555600e-13,3.381164700e-12,3.707190380e-13
7.286181750e+10,4.808026600e-12,1.141211100e-08,5.168863450e-13,3.434928500e-12,3.684874110e-13,3.285234480e-12,3.502369360e-13,8.827039360e-17,5.865941190e-16,3.330067980e-17,2.968908530e-16,3.574391960e-17,5.168863380e-13,3.434928450e-12,3.684874090e-13,3.285234470e-12,3.502369340e-13
7.498942090e+10,4.671789860e-12,1.117885580e-08,4.956938260e-13,3.339720090e-12,3.573108510e-13,3.192025960e-12,3.308732490e-13,8.344177110e-17,5.621860600e-16,3.182926790e-17,2.843458270e-16,3.328525480e-17,4.956938190e-13,3.339720040e-12,3.573108500e-13,3.192025950e-12,3.308732470e-13
7.717915160e+10,4.539404520e-12,1.094669280e-08,4.755499310e-13,3.247031200e-12,3.465097340e-13,3.101461930e-12,3.125683170e-13,7.890710810e-17,5.387737970e-16,3.042607160e-17,2.723308860e-16,3.099453920e-17,4.755499250e-13,3.247031160e-12,3.465097320e-13,3.101461910e-12,3.125683160e-13
7.943282350e+10,4.410762360e-12,1.071585160e-08,4.563971500e-13,3.156804840e-12,3.360687560e-13,3.013467360e-12,2.952655100e-13,7.464709790e-17,5.163185620e-16,2.908764650e-17,2.608236310e-16,2.886044010e-17,4.563971440e-13,3.156804800e-12,3.360687550e-13,3.013467350e-12,2.952655090e-13
8.175230380e+10,4.285758170e-12,1.048655040e-08,4.381810660e-13,3.068984490e-12,3.259734140e-13,2.927969350e-12,2.789110940e-13,7.064372840e-17,4.947829190e-16,2.781074520e-17,2.498026100e-16,2.687237300e-17,4.381810610e-13,3.068984450e-12,3.259734130e-13,2.927969340e-12,2.789110930e-13
8.413951420e+10,4.164289630e-12,1.025899630e-08,4.208502120e-13,2.983514210e-12,3.162099490e-13,2.844897080e-12,2.634540950e-13,6.688019880e-17,4.741307410e-16,2.659230450e-17,2.392472780e-16,2.502045380e-17,4.208502070e-13,2.983514170e-12,3.162099480e-13,2.844897070e-12,2.634540930e-13
8.659643230e+10,4.046257290e-12,1.003338490e-08,4.043559320e-13,2.900338660e-12,3.067653020e-13,2.764181730e-12,2.488461710e-13,6.334084060e-17,4.543271760e-16,2.542943320e-17,2.291379570e-16,2.329545470e-17,4.043559270e-13,2.900338620e-12,3.067653010e-13,2.764181720e-12,2.488461700e-13
8.912509380e+10,3.931564430e-12,9.809899630e-09,3.886522430e-13,2.819403200e-12,2.976270720e-13,2.685756410e-12,2.350414890e-13,6.001104410e-17,4.353386170e-16,2.431940120e-17,2.194558010e-16,2.168876180e-17,3.886522380e-13,2.819403160e-12,2.976270710e-13,2.685756400e-12,2.350414880e-13
9.172759350e+10,3.820117030e-12,9.588711810e-09,3.736957120e-13,2.740653910e-12,2.887834740e-13,2.609556170e-12,2.219966030e-13,5.687718840e-17,4.171326660e-16,2.325962890e-17,2.101827620e-16,2.019233580e-17,3.736957080e-13,2.740653880e-12,2.887834730e-13,2.609556160e-12,2.219966020e-13
9.440608760e+10,3.711823680e-12,9.369980580e-09,3.594453260e-13,2.664037630e-12,2.802233010e-13,2.535517870e-12,2.096703400e-13,5.392657600e-17,3.996781080e-16,2.224767800e-17,2.013015510e-16,1.879867460e-17,3.594453220e-13,2.664037600e-12,2.802233000e-13,2.535517860e-12,2.096703390e-13
9.716279520e+10,3.606595530e-12,9.153852850e-09,3.458623740e-13,2.589502030e-12,2.719358890e-13,2.463580180e-12,1.980236890e-13,5.114737190e-17,3.829448740e-16,2.128124210e-17,1.927956120e-16,1.750077890e-17,3.458623700e-13,2.589502000e-12,2.719358880e-13,2.463580170e-12,1.980236880e-13
1.000000000e+11,3.504346170e-12,8.940463410e-09,3.329103280e-13,2.516995580e-12,2.639110860e-13,2.393683490e-12,1.870196950e-13,4.852854550e-17,3.669040090e-16,2.035813920e-17,1.846490890e-16,1.629211910e-17,3.329103250e-13,2.516995550e-12,2.639110850e-13,2.393683480e-12,1.870196950e-13
