frequency_Hz,output_V_sqrtHz,input_V_sqrtHz,M1_output_V_sqrtHz,M2_output_V_sqrtHz,M3_output_V_sqrtHz,M4_output_V_sqrtHz,M5_output_V_sqrtHz
1.000000000e+00,2.817456460e-06,1.347711720e-08,1.448087570e-06,1.448100900e-06,1.364566970e-06,1.371875800e-06,4.568496980e-09
1.029200530e+00,2.817456460e-06,1.347711720e-08,1.448087570e-06,1.448100900e-06,1.364566970e-06,1.371875800e-06,4.568496980e-09
1.059253730e+00,2.817456460e-06,1.347711720e-08,1.448087570e-06,1.448100900e-06,1.364566970e-06,1.371875800e-06,4.568496980e-09
1.090184490e+00,2.817456460e-06,1.347711720e-08,1.448087570e-06,1.448100900e-06,1.364566970e-06,1.371875800e-06,4.568496980e-09
1.122018450e+00,2.817456460e-06,1.347711720e-08,1.448087570e-06,1.448100900e-06,1.364566970e-06,1.371875800e-06,4.568496980e-09
1.154781980e+00,2.817456460e-06,1.347711720e-08,1.448087570e-06,1.448100900e-06,1.364566970e-06,1.371875800e-06,4.568496980e-09
1.188502230e+00,2.817456460e-06,1.347711720e-08,1.448087570e-06,1.448100900e-06,1.364566970e-06,1.371875800e-06,4.568496980e-09
1.223207120e+00,2.817456460e-06,1.347711720e-08,1.448087570e-06,1.448100900e-06,1.364566970e-06,1.371875800e-06,4.568496980e-09
1.258925410e+00,2.817456460e-06,1.347711720e-08,1.448087570e-06,1.448100900e-06,1.364566970e-06,1.371875800e-06,4.568496980e-09
1.295686700e+00,2.817456460e-06,1.347711720e-08,1.448087570e-06,1.448100900e-06,1.364566970e-06,1.371875800e-06,4.568496980e-09
1.333521430e+00,2.817456460e-06,1.347711720e-08,1.448087570e-06,1.448100900e-06,1.364566970e-06,1.371875800e-06,4.568496980e-09
1.372460960e+00,2.817456460e-06,1.347711720e-08,1.448087570e-06,1.448100900e-06,1.364566970e-06,1.371875800e-06,4.568496980e-09
1.412537540e+00,2.817456460e-06,1.347711720e-08,1.448087570e-06,1.448100900e-06,1.364566970e-06,1.371875800e-06,4.568496980e-09
1.453784390e+00,2.817456460e-06,1.347711720e-08,1.448087570e-06,1.448100900e-06,1.364566970e-06,1.371875800e-06,4.568496980e-09
1.496235660e+00,2.817456460e-06,1.347711720e-08,1.448087570e-06,1.448100900e-06,1.364566970e-06,1.371875800e-06,4.568496980e-09
1.539926530e+00,2.817456460e-06,1.347711720e-08,1.448087570e-06,1.448100900e-06,1.364566970e-06,1.371875800e-06,4.568496980e-09
1.584893190e+00,2.817456460e-06,1.347711720e-08,1.448087570e-06,1.448100900e-06,1.364566970e-06,1.371875800e-06,4.568496980e-09
1.631172910e+00,2.817456460e-06,1.347711720e-08,1.448087570e-06,1.448100900e-06,1.364566970e-06,1.371875800e-06,4.568496980e-09
1.678804020e+00,2.817456460e-06,1.347711720e-08,1.448087570e-06,1.448100900e-06,1.364566970e-06,1.371875800e-06,4.568496980e-09
1.727825980e+00,2.817456460e-06,1.347711720e-08,1.448087570e-06,1.448100900e-06,1.364566970e-06,1.371875800e-06,4.568496980e-09
1.778279410e+00,2.817456460e-06,1.347711720e-08,1.448087570e-06,1.448100900e-06,1.364566970e-06,1.371875800e-06,4.568496980e-09
1.830206110e+00,2.817456460e-06,1.347711720e-08,1.448087570e-06,1.448100900e-06,1.364566970e-06,1.371875800e-06,4.568496980e-09
1.883649090e+00,2.817456460e-06,1.347711720e-08,1.448087570e-06,1.448100900e-06,1.364566970e-06,1.371875800e-06,4.568496980e-09
1.938652640e+00,2.817456460e-06,1.347711720e-08,1.448087570e-06,1.448100900e-06,1.364566970e-06,1.371875800e-06,4.568496980e-09
1.995262310e+00,2.817456460e-06,1.347711720e-08,1.448087570e-06,1.448100900e-06,1.364566970e-06,1.371875800e-06,4.568496980e-09
2.053525030e+00,2.817456460e-06,1.347711720e-08,1.448087570e-06,1.448100900e-06,1.364566970e-06,1.371875800e-06,4.568496980e-09
2.113489040e+00,2.817456460e-06,1.347711720e-08,1.448087570e-06,1.448100900e-06,1.364566970e-06,1.371875800e-06,4.568496980e-09
2.175204030e+00,2.817456460e-06,1.347711720e-08,1.448087570e-06,1.448100900e-06,1.364566970e-06,1.371875800e-06,4.568496980e-09
2.238721140e+00,2.817456460e-06,1.347711720e-08,1.448087570e-06,1.448100900e-06,1.364566970e-06,1.371875800e-06,4.568496980e-09
2.304092980e+00,2.817456460e-06,1.347711720e-08,1.448087570e-06,1.448100900e-06,1.364566970e-06,1.371875800e-06,4.568496980e-09
2.371373710e+00,2.817456460e-06,1.347711720e-08,1.448087570e-06,1.448100900e-06,1.364566970e-06,1.371875800e-06,4.568496980e-09
2.440619070e+00,2.817456460e-06,1.347711720e-08,1.448087570e-06,1.448100900e-06,1.364566970e-06,1.371875800e-06,4.568496980e-09
2.511886430e+00,2.817456460e-06,1.347711720e-08,1.448087570e-06,1.448100900e-06,1.364566970e-06,1.371875800e-06,4.568496980e-09
2.585234840e+00,2.817456460e-06,1.347711720e-08,1.448087570e-06,1.448100900e-06,1.364566970e-06,1.371875800e-06,4.568496980e-09
2.660725060e+00,2.817456460e-06,1.347711720e-08,1.448087570e-06,1.448100900e-06,1.364566970e-06,1.371875800e-06,4.568496980e-09
2.738419630e+00,2.817456460e-06,1.347711720e-08,1.448087570e-06,1.448100900e-06,1.364566970e-06,1.371875800e-06,4.568496980e-09
2.818382930e+00,2.817456460e-06,1.347711720e-08,1.448087570e-06,1.448100900e-06,1.364566970e-06,1.371875800e-06,4.568496980e-09
2.900681200e+00,2.817456460e-06,1.347711720e-08,1.448087570e-06,1.448100900e-06,1.364566970e-06,1.371875800e-06,4.568496980e-09
2.985382620e+00,2.817456460e-06,1.347711720e-08,1.448087570e-06,1.448100900e-06,1.364566970e-06,1.371875800e-06,4.568496980e-09
3.072557370e+00,2.817456460e-06,1.347711720e-08,1.448087570e-06,1.448100900e-06,1.364566970e-06,1.371875800e-06,4.568496980e-09
3.162277660e+00,2.817456460e-06,1.347711720e-08,1.448087570e-06,1.448100900e-06,1.364566970e-06,1.371875800e-06,4.568496980e-09
3.254617830e+00,2.817456460e-06,1.347711720e-08,1.448087570e-06,1.448100900e-06,1.364566970e-06,1.371875800e-06,4.568496980e-09
3.349654390e+00,2.817456460e-06,1.347711720e-08,1.448087570e-06,1.448100900e-06,1.364566970e-06,1.371875800e-06,4.568496980e-09
3.447466070e+00,2.817456460e-06,1.347711720e-08,1.448087570e-06,1.448100900e-06,1.364566970e-06,1.371875800e-06,4.568496980e-09
3.548133890e+00,2.817456460e-06,1.347711720e-08,1.448087570e-06,1.448100900e-06,1.364566970e-06,1.371875800e-06,4.568496980e-09
3.651741270e+00,2.817456460e-06,1.347711720e-08,1.448087570e-06,1.448100900e-06,1.364566970e-06,1.371875800e-06,4.568496980e-09
3.758374040e+00,2.817456460e-06,1.347711720e-08,1.448087570e-06,1.448100900e-06,1.364566970e-06,1.371875800e-06,4.568496980e-09
3.868120550e+00,2.817456460e-06,1.347711720e-08,1.448087570e-06,1.448100900e-06,1.364566970e-06,1.371875800e-06,4.568496980e-09
3.981071710e+00,2.817456460e-06,1.347711720e-08,1.448087570e-06,1.448100900e-06,1.364566970e-06,1.371875800e-06,4.568496980e-09
4.097321100e+00,2.817456460e-06,1.347711720e-08,1.448087570e-06,1.448100900e-06,1.364566970e-06,1.371875800e-06,4.568496980e-09
4.216965030e+00,2.817456460e-06,1.347711720e-08,1.448087570e-06,1.448100900e-06,1.364566970e-06,1.371875800e-06,4.568496980e-09
4.340102640e+00,2.817456460e-06,1.347711720e-08,1.448087570e-06,1.448100900e-06,1.364566970e-06,1.371875800e-06,4.568496980e-09
4.466835920e+00,2.817456460e-06,1.347711720e-08,1.448087570e-06,1.448100900e-06,1.364566970e-06,1.371875800e-06,4.568496980e-09
4.597269890e+00,2.817456460e-06,1.347711720e-08,1.448087570e-06,1.448100900e-06,1.364566970e-06,1.371875800e-06,4.568496980e-09
4.731512590e+00,2.817456460e-06,1.347711720e-08,1.448087570e-06,1.448100900e-06,1.364566970e-06,1.371875800e-06,4.568496980e-09
4.869675250e+00,2.817456460e-06,1.347711720e-08,1.448087570e-06,1.448100900e-06,1.364566970e-06,1.371875800e-06,4.568496980e-09
5.011872340e+00,2.817456460e-06,1.347711720e-08,1.448087570e-06,1.448100900e-06,1.364566970e-06,1.371875800e-06,4.568496980e-09
5.158221650e+00,2.817456460e-06,1.347711720e-08,1.448087570e-06,1.448100900e-06,1.364566970e-06,1.371875800e-06,4.568496980e-09
5.308844440e+00,2.817456460e-06,1.347711720e-08,1.448087570e-06,1.448100900e-06,1.364566970e-06,1.371875800e-06,4.568496980e-09
5.463865500e+00,2.817456460e-06,1.347711720e-08,1.448087570e-06,1.448100900e-06,1.364566970e-06,1.371875800e-06,4.568496980e-09
5.623413250e+00,2.817456460e-06,1.347711720e-08,1.448087570e-06,1.448100900e-06,1.364566970e-06,1.371875800e-06,4.568496980e-09
5.787619880e+00,2.817456460e-06,1.347711720e-08,1.448087570e-06,1.448100900e-06,1.364566970e-06,1.371875800e-06,4.568496980e-09
5.956621440e+00,2.817456460e-06,1.347711720e-08,1.448087570e-06,1.448100900e-06,1.364566970e-06,1.371875800e-06,4.568496980e-09
6.130557920e+00,2.817456460e-06,1.347711720e-08,1.448087570e-06,1.448100900e-06,1.364566970e-06,1.371875800e-06,4.568496980e-09
6.309573440e+00,2.817456460e-06,1.347711720e-08,1.448087570e-06,1.448100900e-06,1.364566970e-06,1.371875790e-06,4.568496980e-09
6.493816320e+00,2.817456460e-06,1.347711720e-08,1.448087570e-06,1.448100900e-06,1.364566970e-06,1.371875790e-06,4.568496980e-09
6.683439180e+00,2.817456460e-06,1.347711720e-08,1.448087570e-06,1.448100900e-06,1.364566970e-06,1.371875790e-06,4.568496980e-09
6.878599120e+00,2.817456460e-06,1.347711720e-08,1.448087570e-06,1.448100900e-06,1.364566970e-06,1.371875790e-06,4.568496980e-09
7.079457840e+00,2.817456460e-06,1.347711720e-08,1.448087570e-06,1.448100900e-06,1.364566970e-06,1.371875790e-06,4.568496980e-09
7.286181750e+00,2.817456460e-06,1.347711720e-08,1.448087570e-06,1.448100900e-06,1.364566970e-06,1.371875790e-06,4.568496980e-09
7.498942090e+00,2.817456460e-06,1.347711720e-08,1.448087570e-06,1.448100900e-06,1.364566970e-06,1.371875790e-06,4.568496980e-09
7.717915160e+00,2.817456460e-06,1.347711720e-08,1.448087570e-06,1.448100900e-06,1.364566970e-06,1.371875790e-06,4.568496980e-09
7.943282350e+00,2.817456460e-06,1.347711720e-08,1.448087570e-06,1.448100900e-06,1.364566970e-06,1.371875790e-06,4.568496980e-09
8.175230380e+00,2.817456460e-06,1.347711720e-08,1.448087570e-06,1.448100900e-06,1.364566970e-06,1.371875790e-06,4.568496980e-09
8.413951420e+00,2.817456460e-06,1.347711720e-08,1.448087570e-06,1.448100900e-06,1.364566970e-06,1.371875790e-06,4.568496980e-09
8.659643230e+00,2.817456460e-06,1.347711720e-08,1.448087570e-06,1.448100900e-06,1.364566970e-06,1.371875790e-06,4.568496980e-09
8.912509380e+00,2.817456460e-06,1.347711720e-08,1.448087570e-06,1.448100900e-06,1.364566970e-06,1.371875790e-06,4.568496980e-09
9.172759350e+00,2.817456460e-06,1.347711720e-08,1.448087570e-06,1.448100900e-06,1.364566970e-06,1.371875790e-06,4.568496980e-09
9.440608760e+00,2.817456460e-06,1.347711720e-08,1.448087570e-06,1.448100900e-06,1.364566970e-06,1.371875790e-06,4.568496980e-09
9.716279520e+00,2.817456460e-06,1.347711720e-08,1.448087570e-06,1.448100900e-06,1.364566970e-06,1.371875790e-06,4.568496980e-09
1.000000000e+01,2.817456460e-06,1.347711720e-08,1.448087570e-06,1.448100900e-06,1.364566970e-06,1.371875790e-06,4.568496980e-09
1.029200530e+01,2.817456460e-06,1.347711720e-08,1.448087570e-06,1.448100900e-06,1.364566970e-06,1.371875790e-06,4.568496970e-09
1.059253730e+01,2.817456460e-06,1.347711720e-08,1.448087570e-06,1.448100900e-06,1.364566970e-06,1.371875790e-06,4.568496970e-09
1.090184490e+01,2.817456460e-06,1.347711720e-08,1.448087570e-06,1.448100900e-06,1.364566970e-06,1.371875790e-06,4.568496970e-09
1.122018450e+01,2.817456460e-06,1.347711720e-08,1.448087570e-06,1.448100900e-06,1.364566970e-06,1.371875790e-06,4.568496970e-09
1.154781980e+01,2.817456460e-06,1.347711720e-08,1.448087570e-06,1.448100900e-06,1.364566970e-06,1.371875790e-06,4.568496970e-09
1.188502230e+01,2.817456460e-06,1.347711720e-08,1.448087560e-06,1.448100900e-06,1.364566970e-06,1.371875790e-06,4.568496970e-09
1.223207120e+01,2.817456460e-06,1.347711720e-08,1.448087560e-06,1.448100900e-06,1.364566970e-06,1.371875790e-06,4.568496970e-09
1.258925410e+01,2.817456460e-06,1.347711720e-08,1.448087560e-06,1.448100900e-06,1.364566970e-06,1.371875790e-06,4.568496970e-09
1.295686700e+01,2.817456460e-06,1.347711720e-08,1.448087560e-06,1.448100900e-06,1.364566970e-06,1.371875790e-06,4.568496970e-09
1.333521430e+01,2.817456460e-06,1.347711720e-08,1.448087560e-06,1.448100900e-06,1.364566970e-06,1.371875790e-06,4.568496970e-09
1.372460960e+01,2.817456450e-06,1.347711720e-08,1.448087560e-06,1.448100900e-06,1.364566970e-06,1.371875790e-06,4.568496970e-09
1.412537540e+01,2.817456450e-06,1.347711720e-08,1.448087560e-06,1.448100900e-06,1.364566970e-06,1.371875790e-06,4.568496970e-09
1.453784390e+01,2.817456450e-06,1.347711720e-08,1.448087560e-06,1.448100900e-06,1.364566970e-06,1.371875790e-06,4.568496970e-09
1.496235660e+01,2.817456450e-06,1.347711720e-08,1.448087560e-06,1.448100900e-06,1.364566970e-06,1.371875790e-06,4.568496970e-09
1.539926530e+01,2.817456450e-06,1.347711720e-08,1.448087560e-06,1.448100900e-06,1.364566970e-06,1.371875790e-06,4.568496970e-09
1.584893190e+01,2.817456450e-06,1.347711720e-08,1.448087560e-06,1.448100900e-06,1.364566970e-06,1.371875790e-06,4.568496960e-09
1.631172910e+01,2.817456450e-06,1.347711720e-08,1.448087560e-06,1.448100900e-06,1.364566970e-06,1.371875790e-06,4.568496960e-09
1.678804020e+01,2.817456450e-06,1.347711720e-08,1.448087560e-06,1.448100900e-06,1.364566970e-06,1.371875790e-06,4.568496960e-09
1.727825980e+01,2.817456450e-06,1.347711720e-08,1.448087560e-06,1.448100900e-06,1.364566960e-06,1.371875790e-06,4.568496960e-09
1.778279410e+01,2.817456450e-06,1.347711720e-08,1.448087560e-06,1.448100900e-06,1.364566960e-06,1.371875790e-06,4.568496960e-09
1.830206110e+01,2.817456450e-06,1.347711720e-08,1.448087560e-06,1.448100900e-06,1.364566960e-06,1.371875790e-06,4.568496960e-09
1.883649090e+01,2.817456450e-06,1.347711720e-08,1.448087560e-06,1.448100900e-06,1.364566960e-06,1.371875790e-06,4.568496960e-09
1.938652640e+01,2.817456450e-06,1.347711720e-08,1.448087560e-06,1.448100900e-06,1.364566960e-06,1.371875790e-06,4.568496950e-09
1.995262310e+01,2.817456450e-06,1.347711720e-08,1.448087560e-06,1.448100890e-06,1.364566960e-06,1.371875790e-06,4.568496950e-09
2.053525030e+01,2.817456440e-06,1.347711720e-08,1.448087560e-06,1.448100890e-06,1.364566960e-06,1.371875790e-06,4.568496950e-09
2.113489040e+01,2.817456440e-06,1.347711720e-08,1.448087560e-06,1.448100890e-06,1.364566960e-06,1.371875790e-06,4.568496950e-09
2.175204030e+01,2.817456440e-06,1.347711720e-08,1.448087560e-06,1.448100890e-06,1.364566960e-06,1.371875790e-06,4.568496950e-09
2.238721140e+01,2.817456440e-06,1.347711720e-08,1.448087560e-06,1.448100890e-06,1.364566960e-06,1.371875780e-06,4.568496950e-09
2.304092980e+01,2.817456440e-06,1.347711720e-08,1.448087560e-06,1.448100890e-06,1.364566960e-06,1.371875780e-06,4.568496940e-09
2.371373710e+01,2.817456440e-06,1.347711720e-08,1.448087550e-06,1.448100890e-06,1.364566960e-06,1.371875780e-06,4.568496940e-09
2.440619070e+01,2.817456440e-06,1.347711720e-08,1.448087550e-06,1.448100890e-06,1.364566960e-06,1.371875780e-06,4.568496940e-09
2.511886430e+01,2.817456430e-06,1.347711720e-08,1.448087550e-06,1.448100890e-06,1.364566960e-06,1.371875780e-06,4.568496940e-09
2.585234840e+01,2.817456430e-06,1.347711720e-08,1.448087550e-06,1.448100890e-06,1.364566960e-06,1.371875780e-06,4.568496930e-09
2.660725060e+01,2.817456430e-06,1.347711720e-08,1.448087550e-06,1.448100890e-06,1.364566960e-06,1.371875780e-06,4.568496930e-09
2.738419630e+01,2.817456430e-06,1.347711720e-08,1.448087550e-06,1.448100890e-06,1.364566950e-06,1.371875780e-06,4.568496930e-09
2.818382930e+01,2.817456430e-06,1.347711720e-08,1.448087550e-06,1.448100890e-06,1.364566950e-06,1.371875780e-06,4.568496920e-09
2.900681200e+01,2.817456420e-06,1.347711720e-08,1.448087550e-06,1.448100880e-06,1.364566950e-06,1.371875780e-06,4.568496920e-09
2.985382620e+01,2.817456420e-06,1.347711720e-08,1.448087550e-06,1.448100880e-06,1.364566950e-06,1.371875780e-06,4.568496920e-09
3.072557370e+01,2.817456420e-06,1.347711720e-08,1.448087550e-06,1.448100880e-06,1.364566950e-06,1.371875770e-06,4.568496910e-09
3.162277660e+01,2.817456420e-06,1.347711720e-08,1.448087540e-06,1.448100880e-06,1.364566950e-06,1.371875770e-06,4.568496910e-09
3.254617830e+01,2.817456410e-06,1.347711720e-08,1.448087540e-06,1.448100880e-06,1.364566950e-06,1.371875770e-06,4.568496900e-09
3.349654390e+01,2.817456410e-06,1.347711720e-08,1.448087540e-06,1.448100880e-06,1.364566950e-06,1.371875770e-06,4.568496900e-09
3.447466070e+01,2.817456410e-06,1.347711720e-08,1.448087540e-06,1.448100880e-06,1.364566940e-06,1.371875770e-06,4.568496890e-09
3.548133890e+01,2.817456410e-06,1.347711720e-08,1.448087540e-06,1.448100870e-06,1.364566940e-06,1.371875770e-06,4.568496890e-09
3.651741270e+01,2.817456400e-06,1.347711720e-08,1.448087540e-06,1.448100870e-06,1.364566940e-06,1.371875770e-06,4.568496880e-09
3.758374040e+01,2.817456400e-06,1.347711720e-08,1.448087530e-06,1.448100870e-06,1.364566940e-06,1.371875760e-06,4.568496880e-09
3.868120550e+01,2.817456390e-06,1.347711720e-08,1.448087530e-06,1.448100870e-06,1.364566940e-06,1.371875760e-06,4.568496870e-09
3.981071710e+01,2.817456390e-06,1.347711720e-08,1.448087530e-06,1.448100870e-06,1.364566940e-06,1.371875760e-06,4.568496860e-09
4.097321100e+01,2.817456390e-06,1.347711720e-08,1.448087530e-06,1.448100860e-06,1.364566930e-06,1.371875760e-06,4.568496860e-09
4.216965030e+01,2.817456380e-06,1.347711720e-08,1.448087530e-06,1.448100860e-06,1.364566930e-06,1.371875760e-06,4.568496850e-09
4.340102640e+01,2.817456380e-06,1.347711720e-08,1.448087520e-06,1.448100860e-06,1.364566930e-06,1.371875750e-06,4.568496840e-09
4.466835920e+01,2.817456370e-06,1.347711720e-08,1.448087520e-06,1.448100860e-06,1.364566930e-06,1.371875750e-06,4.568496830e-09
4.597269890e+01,2.817456370e-06,1.347711720e-08,1.448087520e-06,1.448100850e-06,1.364566920e-06,1.371875750e-06,4.568496820e-09
4.731512590e+01,2.817456360e-06,1.347711720e-08,1.448087510e-06,1.448100850e-06,1.364566920e-06,1.371875750e-06,4.568496810e-09
4.869675250e+01,2.817456350e-06,1.347711720e-08,1.448087510e-06,1.448100850e-06,1.364566920e-06,1.371875740e-06,4.568496800e-09
5.011872340e+01,2.817456350e-06,1.347711720e-08,1.448087510e-06,1.448100840e-06,1.364566920e-06,1.371875740e-06,4.568496790e-09
5.158221650e+01,2.817456340e-06,1.347711720e-08,1.448087500e-06,1.448100840e-06,1.364566910e-06,1.371875740e-06,4.568496780e-09
5.308844440e+01,2.817456330e-06,1.347711720e-08,1.448087500e-06,1.448100840e-06,1.364566910e-06,1.371875730e-06,4.568496770e-09
5.463865500e+01,2.817456330e-06,1.347711720e-08,1.448087500e-06,1.448100830e-06,1.364566900e-06,1.371875730e-06,4.568496760e-09
5.623413250e+01,2.817456320e-06,1.347711720e-08,1.448087490e-06,1.448100830e-06,1.364566900e-06,1.371875720e-06,4.568496740e-09
5.787619880e+01,2.817456310e-06,1.347711720e-08,1.448087490e-06,1.448100820e-06,1.364566900e-06,1.371875720e-06,4.568496730e-09
5.956621440e+01,2.817456300e-06,1.347711720e-08,1.448087480e-06,1.448100820e-06,1.364566890e-06,1.371875720e-06,4.568496720e-09
6.130557920e+01,2.817456290e-06,1.347711720e-08,1.448087480e-06,1.448100810e-06,1.364566890e-06,1.371875710e-06,4.568496700e-09
6.309573440e+01,2.817456280e-06,1.347711720e-08,1.448087470e-06,1.448100810e-06,1.364566880e-06,1.371875710e-06,4.568496680e-09
6.493816320e+01,2.817456270e-06,1.347711720e-08,1.448087470e-06,1.448100800e-06,1.364566880e-06,1.371875700e-06,4.568496670e-09
6.683439180e+01,2.817456260e-06,1.347711720e-08,1.448087460e-06,1.448100800e-06,1.364566870e-06,1.371875690e-06,4.568496650e-09
6.878599120e+01,2.817456240e-06,1.347711720e-08,1.448087460e-06,1.448100790e-06,1.364566870e-06,1.371875690e-06,4.568496630e-09
7.079457840e+01,2.817456230e-06,1.347711720e-08,1.448087450e-06,1.448100780e-06,1.364566860e-06,1.371875680e-06,4.568496610e-09
7.286181750e+01,2.817456220e-06,1.347711720e-08,1.448087440e-06,1.448100780e-06,1.364566850e-06,1.371875680e-06,4.568496580e-09
7.498942090e+01,2.817456200e-06,1.347711720e-08,1.448087430e-06,1.448100770e-06,1.364566850e-06,1.371875670e-06,4.568496560e-09
7.717915160e+01,2.817456190e-06,1.347711720e-08,1.448087430e-06,1.448100760e-06,1.364566840e-06,1.371875660e-06,4.568496530e-09
7.943282350e+01,2.817456170e-06,1.347711720e-08,1.448087420e-06,1.448100750e-06,1.364566830e-06,1.371875650e-06,4.568496510e-09
8.175230380e+01,2.817456150e-06,1.347711720e-08,1.448087410e-06,1.448100740e-06,1.364566820e-06,1.371875640e-06,4.568496480e-09
8.413951420e+01,2.817456130e-06,1.347711720e-08,1.448087400e-06,1.448100740e-06,1.364566810e-06,1.371875640e-06,4.568496450e-09
8.659643230e+01,2.817456120e-06,1.347711720e-08,1.448087390e-06,1.448100730e-06,1.364566800e-06,1.371875630e-06,4.568496420e-09
8.912509380e+01,2.817456090e-06,1.347711720e-08,1.448087380e-06,1.448100710e-06,1.364566790e-06,1.371875620e-06,4.568496380e-09
9.172759350e+01,2.817456070e-06,1.347711720e-08,1.448087370e-06,1.448100700e-06,1.364566780e-06,1.371875610e-06,4.568496350e-09
9.440608760e+01,2.817456050e-06,1.347711720e-08,1.448087360e-06,1.448100690e-06,1.364566770e-06,1.371875590e-06,4.568496310e-09
9.716279520e+01,2.817456030e-06,1.347711720e-08,1.448087340e-06,1.448100680e-06,1.364566760e-06,1.371875580e-06,4.568496270e-09
1.000000000e+02,2.817456000e-06,1.347711720e-08,1.448087330e-06,1.448100670e-06,1.364566750e-06,1.371875570e-06,4.568496230e-09
1.029200530e+02,2.817455970e-06,1.347711720e-08,1.448087320e-06,1.448100650e-06,1.364566730e-06,1.371875560e-06,4.568496190e-09
1.059253730e+02,2.817455940e-06,1.347711720e-08,1.448087300e-06,1.448100640e-06,1.364566720e-06,1.371875540e-06,4.568496140e-09
1.090184490e+02,2.817455910e-06,1.347711720e-08,1.448087280e-06,1.448100620e-06,1.364566700e-06,1.371875530e-06,4.568496090e-09
1.122018450e+02,2.817455880e-06,1.347711720e-08,1.448087270e-06,1.448100600e-06,1.364566690e-06,1.371875510e-06,4.568496040e-09
1.154781980e+02,2.817455840e-06,1.347711720e-08,1.448087250e-06,1.448100590e-06,1.364566670e-06,1.371875490e-06,4.568495980e-09
1.188502230e+02,2.817455810e-06,1.347711720e-08,1.448087230e-06,1.448100570e-06,1.364566650e-06,1.371875480e-06,4.568495920e-09
1.223207120e+02,2.817455770e-06,1.347711720e-08,1.448087210e-06,1.448100550e-06,1.364566640e-06,1.371875460e-06,4.568495860e-09
1.258925410e+02,2.817455730e-06,1.347711720e-08,1.448087190e-06,1.448100530e-06,1.364566620e-06,1.371875440e-06,4.568495790e-09
1.295686700e+02,2.817455680e-06,1.347711720e-08,1.448087170e-06,1.448100500e-06,1.364566590e-06,1.371875420e-06,4.568495720e-09
1.333521430e+02,2.817455640e-06,1.347711720e-08,1.448087140e-06,1.448100480e-06,1.364566570e-06,1.371875390e-06,4.568495640e-09
1.372460960e+02,2.817455590e-06,1.347711720e-08,1.448087120e-06,1.448100450e-06,1.364566550e-06,1.371875370e-06,4.568495570e-09
1.412537540e+02,2.817455540e-06,1.347711720e-08,1.448087090e-06,1.448100430e-06,1.364566520e-06,1.371875340e-06,4.568495480e-09
1.453784390e+02,2.817455480e-06,1.347711720e-08,1.448087060e-06,1.448100400e-06,1.364566500e-06,1.371875320e-06,4.568495390e-09
1.496235660e+02,2.817455420e-06,1.347711720e-08,1.448087030e-06,1.448100370e-06,1.364566470e-06,1.371875290e-06,4.568495300e-09
1.539926530e+02,2.817455360e-06,1.347711720e-08,1.448087000e-06,1.448100340e-06,1.364566440e-06,1.371875260e-06,4.568495200e-09
1.584893190e+02,2.817455300e-06,1.347711720e-08,1.448086970e-06,1.448100300e-06,1.364566410e-06,1.371875230e-06,4.568495090e-09
1.631172910e+02,2.817455230e-06,1.347711720e-08,1.448086930e-06,1.448100270e-06,1.364566370e-06,1.371875190e-06,4.568494980e-09
1.678804020e+02,2.817455160e-06,1.347711720e-08,1.448086900e-06,1.448100230e-06,1.364566340e-06,1.371875160e-06,4.568494860e-09
1.727825980e+02,2.817455080e-06,1.347711720e-08,1.448086860e-06,1.448100190e-06,1.364566300e-06,1.371875120e-06,4.568494740e-09
1.778279410e+02,2.817455000e-06,1.347711720e-08,1.448086810e-06,1.448100150e-06,1.364566260e-06,1.371875080e-06,4.568494600e-09
1.830206110e+02,2.817454910e-06,1.347711720e-08,1.448086770e-06,1.448100100e-06,1.364566220e-06,1.371875040e-06,4.568494460e-09
1.883649090e+02,2.817454820e-06,1.347711720e-08,1.448086720e-06,1.448100060e-06,1.364566170e-06,1.371874990e-06,4.568494310e-09
1.938652640e+02,2.817454720e-06,1.347711720e-08,1.448086670e-06,1.448100010e-06,1.364566130e-06,1.371874950e-06,4.568494150e-09
1.995262310e+02,2.817454620e-06,1.347711720e-08,1.448086620e-06,1.448099950e-06,1.364566080e-06,1.371874900e-06,4.568493990e-09
2.053525030e+02,2.817454510e-06,1.347711720e-08,1.448086560e-06,1.448099900e-06,1.364566020e-06,1.371874840e-06,4.568493810e-09
2.113489040e+02,2.817454390e-06,1.347711720e-08,1.448086500e-06,1.448099840e-06,1.364565970e-06,1.371874790e-06,4.568493620e-09
2.175204030e+02,2.817454270e-06,1.347711720e-08,1.448086440e-06,1.448099780e-06,1.364565910e-06,1.371874730e-06,4.568493420e-09
2.238721140e+02,2.817454140e-06,1.347711720e-08,1.448086370e-06,1.448099710e-06,1.364565840e-06,1.371874660e-06,4.568493210e-09
2.304092980e+02,2.817454000e-06,1.347711720e-08,1.448086300e-06,1.448099640e-06,1.364565780e-06,1.371874600e-06,4.568492990e-09
2.371373710e+02,2.817453850e-06,1.347711720e-08,1.448086230e-06,1.448099560e-06,1.364565710e-06,1.371874520e-06,4.568492750e-09
2.440619070e+02,2.817453700e-06,1.347711720e-08,1.448086150e-06,1.448099480e-06,1.364565630e-06,1.371874450e-06,4.568492500e-09
2.511886430e+02,2.817453530e-06,1.347711720e-08,1.448086060e-06,1.448099400e-06,1.364565550e-06,1.371874370e-06,4.568492230e-09
2.585234840e+02,2.817453360e-06,1.347711720e-08,1.448085970e-06,1.448099310e-06,1.364565470e-06,1.371874280e-06,4.568491950e-09
2.660725060e+02,2.817453180e-06,1.347711720e-08,1.448085880e-06,1.448099210e-06,1.364565380e-06,1.371874200e-06,4.568491650e-09
2.738419630e+02,2.817452980e-06,1.347711720e-08,1.448085780e-06,1.448099110e-06,1.364565290e-06,1.371874100e-06,4.568491340e-09
2.818382930e+02,2.817452780e-06,1.347711720e-08,1.448085670e-06,1.448099010e-06,1.364565190e-06,1.371874000e-06,4.568491000e-09
2.900681200e+02,2.817452560e-06,1.347711720e-08,1.448085560e-06,1.448098900e-06,1.364565080e-06,1.371873890e-06,4.568490650e-09
2.985382620e+02,2.817452330e-06,1.347711720e-08,1.448085440e-06,1.448098780e-06,1.364564970e-06,1.371873780e-06,4.568490270e-09
3.072557370e+02,2.817452080e-06,1.347711720e-08,1.448085320e-06,1.448098650e-06,1.364564850e-06,1.371873660e-06,4.568489880e-09
3.162277660e+02,2.817451820e-06,1.347711720e-08,1.448085180e-06,1.448098520e-06,1.364564720e-06,1.371873530e-06,4.568489460e-09
3.254617830e+02,2.817451550e-06,1.347711720e-08,1.448085040e-06,1.448098380e-06,1.364564590e-06,1.371873400e-06,4.568489010e-09
3.349654390e+02,2.817451250e-06,1.347711720e-08,1.448084890e-06,1.448098230e-06,1.364564450e-06,1.371873260e-06,4.568488540e-09
3.447466070e+02,2.817450950e-06,1.347711720e-08,1.448084730e-06,1.448098070e-06,1.364564300e-06,1.371873110e-06,4.568488040e-09
3.548133890e+02,2.817450620e-06,1.347711720e-08,1.448084560e-06,1.448097900e-06,1.364564140e-06,1.371872950e-06,4.568487510e-09
3.651741270e+02,2.817450270e-06,1.347711720e-08,1.448084390e-06,1.448097720e-06,1.364563970e-06,1.371872780e-06,4.568486950e-09
3.758374040e+02,2.817449900e-06,1.347711720e-08,1.448084200e-06,1.448097530e-06,1.364563790e-06,1.371872600e-06,4.568486350e-09
3.868120550e+02,2.817449520e-06,1.347711720e-08,1.448084000e-06,1.448097330e-06,1.364563610e-06,1.371872410e-06,4.568485720e-09
3.981071710e+02,2.817449100e-06,1.347711720e-08,1.448083790e-06,1.448097120e-06,1.364563410e-06,1.371872210e-06,4.568485050e-09
4.097321100e+02,2.817448670e-06,1.347711720e-08,1.448083560e-06,1.448096900e-06,1.364563200e-06,1.371872000e-06,4.568484350e-09
4.216965030e+02,2.817448210e-06,1.347711720e-08,1.448083320e-06,1.448096660e-06,1.364562970e-06,1.371871780e-06,4.568483600e-09
4.340102640e+02,2.817447720e-06,1.347711720e-08,1.448083070e-06,1.448096410e-06,1.364562740e-06,1.371871540e-06,4.568482800e-09
4.466835920e+02,2.817447200e-06,1.347711720e-08,1.448082810e-06,1.448096140e-06,1.364562480e-06,1.371871280e-06,4.568481960e-09
4.597269890e+02,2.817446650e-06,1.347711720e-08,1.448082520e-06,1.448095860e-06,1.364562220e-06,1.371871020e-06,4.568481070e-09
4.731512590e+02,2.817446070e-06,1.347711720e-08,1.448082230e-06,1.448095560e-06,1.364561940e-06,1.371870730e-06,4.568480130e-09
4.869675250e+02,2.817445450e-06,1.347711720e-08,1.448081910e-06,1.448095240e-06,1.364561640e-06,1.371870430e-06,4.568479130e-09
5.011872340e+02,2.817444800e-06,1.347711720e-08,1.448081570e-06,1.448094910e-06,1.364561320e-06,1.371870120e-06,4.568478080e-09
5.158221650e+02,2.817444110e-06,1.347711720e-08,1.448081220e-06,1.448094550e-06,1.364560990e-06,1.371869780e-06,4.568476960e-09
5.308844440e+02,2.817443380e-06,1.347711720e-08,1.448080840e-06,1.448094180e-06,1.364560630e-06,1.371869420e-06,4.568475770e-09
5.463865500e+02,2.817442600e-06,1.347711720e-08,1.448080440e-06,1.448093780e-06,1.364560260e-06,1.371869050e-06,4.568474510e-09
5.623413250e+02,2.817441780e-06,1.347711720e-08,1.448080020e-06,1.448093360e-06,1.364559860e-06,1.371868650e-06,4.568473180e-09
5.787619880e+02,2.817440910e-06,1.347711720e-08,1.448079570e-06,1.448092910e-06,1.364559440e-06,1.371868220e-06,4.568471770e-09
5.956621440e+02,2.817439990e-06,1.347711720e-08,1.448079100e-06,1.448092440e-06,1.364558990e-06,1.371867770e-06,4.568470280e-09
6.130557920e+02,2.817439010e-06,1.347711720e-08,1.448078600e-06,1.448091930e-06,1.364558520e-06,1.371867300e-06,4.568468690e-09
6.309573440e+02,2.817437980e-06,1.347711720e-08,1.448078070e-06,1.448091400e-06,1.364558020e-06,1.371866790e-06,4.568467020e-09
6.493816320e+02,2.817436880e-06,1.347711720e-08,1.448077500e-06,1.448090840e-06,1.364557490e-06,1.371866260e-06,4.568465240e-09
6.683439180e+02,2.817435720e-06,1.347711720e-08,1.448076910e-06,1.448090240e-06,1.364556930e-06,1.371865700e-06,4.568463360e-09
6.878599120e+02,2.817434490e-06,1.347711720e-08,1.448076280e-06,1.448089610e-06,1.364556330e-06,1.371865100e-06,4.568461370e-09
7.079457840e+02,2.817433190e-06,1.347711720e-08,1.448075610e-06,1.448088940e-06,1.364555700e-06,1.371864460e-06,4.568459260e-09
7.286181750e+02,2.817431810e-06,1.347711720e-08,1.448074900e-06,1.448088230e-06,1.364555030e-06,1.371863790e-06,4.568457020e-09
7.498942090e+02,2.817430350e-06,1.347711720e-08,1.448074150e-06,1.448087480e-06,1.364554330e-06,1.371863080e-06,4.568454650e-09
7.717915160e+02,2.817428810e-06,1.347711720e-08,1.448073350e-06,1.448086690e-06,1.364553580e-06,1.371862330e-06,4.568452150e-09
7.943282350e+02,2.817427170e-06,1.347711720e-08,1.448072510e-06,1.448085850e-06,1.364552780e-06,1.371861530e-06,4.568449490e-09
8.175230380e+02,2.817425430e-06,1.347711720e-08,1.448071620e-06,1.448084950e-06,1.364551940e-06,1.371860690e-06,4.568446680e-09
8.413951420e+02,2.817423590e-06,1.347711720e-08,1.448070670e-06,1.448084010e-06,1.364551050e-06,1.371859790e-06,4.568443700e-09
8.659643230e+02,2.817421640e-06,1.347711720e-08,1.448069670e-06,1.448083010e-06,1.364550110e-06,1.371858840e-06,4.568440540e-09
8.912509380e+02,2.817419580e-06,1.347711720e-08,1.448068610e-06,1.448081950e-06,1.364549110e-06,1.371857840e-06,4.568437190e-09
9.172759350e+02,2.817417400e-06,1.347711720e-08,1.448067490e-06,1.448080820e-06,1.364548050e-06,1.371856770e-06,4.568433650e-09
9.440608760e+02,2.817415080e-06,1.347711720e-08,1.448066300e-06,1.448079630e-06,1.364546930e-06,1.371855650e-06,4.568429900e-09
9.716279520e+02,2.817412630e-06,1.347711720e-08,1.448065040e-06,1.448078370e-06,1.364545740e-06,1.371854450e-06,4.568425920e-09
1.000000000e+03,2.817410030e-06,1.347711720e-08,1.448063700e-06,1.448077040e-06,1.364544480e-06,1.371853190e-06,4.568421710e-09
1.029200530e+03,2.817407280e-06,1.347711720e-08,1.448062290e-06,1.448075620e-06,1.364543150e-06,1.371851850e-06,4.568417250e-09
1.059253730e+03,2.817404370e-06,1.347711720e-08,1.448060790e-06,1.448074130e-06,1.364541740e-06,1.371850430e-06,4.568412530e-09
1.090184490e+03,2.817401280e-06,1.347711720e-08,1.448059200e-06,1.448072540e-06,1.364540240e-06,1.371848930e-06,4.568407520e-09
1.122018450e+03,2.817398010e-06,1.347711720e-08,1.448057520e-06,1.448070860e-06,1.364538660e-06,1.371847330e-06,4.568402220e-09
1.154781980e+03,2.817394550e-06,1.347711720e-08,1.448055740e-06,1.448069080e-06,1.364536980e-06,1.371845650e-06,4.568396610e-09
1.188502230e+03,2.817390880e-06,1.347711720e-08,1.448053860e-06,1.448067190e-06,1.364535210e-06,1.371843860e-06,4.568390660e-09
1.223207120e+03,2.817386990e-06,1.347711720e-08,1.448051860e-06,1.448065200e-06,1.364533320e-06,1.371841970e-06,4.568384360e-09
1.258925410e+03,2.817382870e-06,1.347711720e-08,1.448049750e-06,1.448063080e-06,1.364531330e-06,1.371839960e-06,4.568377690e-09
1.295686700e+03,2.817378510e-06,1.347711720e-08,1.448047500e-06,1.448060840e-06,1.364529220e-06,1.371837840e-06,4.568370620e-09
1.333521430e+03,2.817373900e-06,1.347711720e-08,1.448045130e-06,1.448058470e-06,1.364526980e-06,1.371835590e-06,4.568363130e-09
1.372460960e+03,2.817369000e-06,1.347711720e-08,1.448042620e-06,1.448055950e-06,1.364524610e-06,1.371833210e-06,4.568355200e-09
1.412537540e+03,2.817363820e-06,1.347711720e-08,1.448039950e-06,1.448053290e-06,1.364522100e-06,1.371830690e-06,4.568346800e-09
1.453784390e+03,2.817358330e-06,1.347711720e-08,1.448037130e-06,1.448050470e-06,1.364519440e-06,1.371828010e-06,4.568337900e-09
1.496235660e+03,2.817352520e-06,1.347711720e-08,1.448034140e-06,1.448047480e-06,1.364516630e-06,1.371825180e-06,4.568328480e-09
1.539926530e+03,2.817346360e-06,1.347711720e-08,1.448030980e-06,1.448044310e-06,1.364513640e-06,1.371822180e-06,4.568318490e-09
1.584893190e+03,2.817339830e-06,1.347711720e-08,1.448027620e-06,1.448040960e-06,1.364510490e-06,1.371819010e-06,4.568307920e-09
1.631172910e+03,2.817332920e-06,1.347711720e-08,1.448024070e-06,1.448037410e-06,1.364507140e-06,1.371815640e-06,4.568296720e-09
1.678804020e+03,2.817325600e-06,1.347711720e-08,1.448020310e-06,1.448033650e-06,1.364503590e-06,1.371812080e-06,4.568284850e-09
1.727825980e+03,2.817317850e-06,1.347711720e-08,1.448016330e-06,1.448029660e-06,1.364499840e-06,1.371808300e-06,4.568272280e-09
1.778279410e+03,2.817309640e-06,1.347711720e-08,1.448012100e-06,1.448025440e-06,1.364495860e-06,1.371804300e-06,4.568258970e-09
1.830206110e+03,2.817300940e-06,1.347711720e-08,1.448007630e-06,1.448020970e-06,1.364491650e-06,1.371800070e-06,4.568244870e-09
1.883649090e+03,2.817291720e-06,1.347711720e-08,1.448002900e-06,1.448016230e-06,1.364487180e-06,1.371795580e-06,4.568229930e-09
1.938652640e+03,2.817281960e-06,1.347711720e-08,1.447997880e-06,1.448011220e-06,1.364482460e-06,1.371790830e-06,4.568214110e-09
1.995262310e+03,2.817271630e-06,1.347711720e-08,1.447992570e-06,1.448005900e-06,1.364477450e-06,1.371785790e-06,4.568197350e-09
2.053525030e+03,2.817260670e-06,1.347711720e-08,1.447986940e-06,1.448000270e-06,1.364472150e-06,1.371780460e-06,4.568179600e-09
2.113489040e+03,2.817249070e-06,1.347711720e-08,1.447980980e-06,1.447994310e-06,1.364466530e-06,1.371774810e-06,4.568160790e-09
2.175204030e+03,2.817236790e-06,1.347711720e-08,1.447974660e-06,1.447988000e-06,1.364460580e-06,1.371768830e-06,4.568140870e-09
2.238721140e+03,2.817223770e-06,1.347711720e-08,1.447967970e-06,1.447981310e-06,1.364454270e-06,1.371762490e-06,4.568119770e-09
2.304092980e+03,2.817209990e-06,1.347711720e-08,1.447960890e-06,1.447974220e-06,1.364447600e-06,1.371755780e-06,4.568097430e-09
2.371373710e+03,2.817195380e-06,1.347711720e-08,1.447953380e-06,1.447966720e-06,1.364440520e-06,1.371748670e-06,4.568073750e-09
2.440619070e+03,2.817179920e-06,1.347711720e-08,1.447945430e-06,1.447958770e-06,1.364433030e-06,1.371741140e-06,4.568048680e-09
2.511886430e+03,2.817163530e-06,1.347711720e-08,1.447937010e-06,1.447950340e-06,1.364425100e-06,1.371733160e-06,4.568022120e-09
2.585234840e+03,2.817146180e-06,1.347711720e-08,1.447928090e-06,1.447941420e-06,1.364416690e-06,1.371724710e-06,4.567993990e-09
2.660725060e+03,2.817127790e-06,1.347711720e-08,1.447918640e-06,1.447931980e-06,1.364407790e-06,1.371715760e-06,4.567964190e-09
2.738419630e+03,2.817108320e-06,1.347711720e-08,1.447908630e-06,1.447921970e-06,1.364398360e-06,1.371706280e-06,4.567932630e-09
2.818382930e+03,2.817087700e-06,1.347711720e-08,1.447898030e-06,1.447911370e-06,1.364388370e-06,1.371696240e-06,4.567899190e-09
2.900681200e+03,2.817065850e-06,1.347711720e-08,1.447886810e-06,1.447900140e-06,1.364377790e-06,1.371685600e-06,4.567863780e-09
2.985382620e+03,2.817042710e-06,1.347711720e-08,1.447874910e-06,1.447888250e-06,1.364366580e-06,1.371674330e-06,4.567826270e-09
3.072557370e+03,2.817018200e-06,1.347711720e-08,1.447862320e-06,1.447875650e-06,1.364354710e-06,1.371662400e-06,4.567786530e-09
3.162277660e+03,2.816992240e-06,1.347711720e-08,1.447848970e-06,1.447862310e-06,1.364342140e-06,1.371649760e-06,4.567744450e-09
3.254617830e+03,2.816964740e-06,1.347711720e-08,1.447834840e-06,1.447848170e-06,1.364328820e-06,1.371636370e-06,4.567699870e-09
3.349654390e+03,2.816935610e-06,1.347711720e-08,1.447819870e-06,1.447833200e-06,1.364314710e-06,1.371622180e-06,4.567652650e-09
3.447466070e+03,2.816904760e-06,1.347711720e-08,1.447804010e-06,1.447817340e-06,1.364299770e-06,1.371607160e-06,4.567602630e-09
3.548133890e+03,2.816872080e-06,1.347711720e-08,1.447787210e-06,1.447800550e-06,1.364283940e-06,1.371591250e-06,4.567549660e-09
3.651741270e+03,2.816837460e-06,1.347711720e-08,1.447769420e-06,1.447782750e-06,1.364267170e-06,1.371574390e-06,4.567493540e-09
3.758374040e+03,2.816800800e-06,1.347711720e-08,1.447750580e-06,1.447763910e-06,1.364249420e-06,1.371556540e-06,4.567434110e-09
3.868120550e+03,2.816761960e-06,1.347711720e-08,1.447730610e-06,1.447743950e-06,1.364230610e-06,1.371537630e-06,4.567371150e-09
3.981071710e+03,2.816720830e-06,1.347711720e-08,1.447709470e-06,1.447722800e-06,1.364210680e-06,1.371517600e-06,4.567304470e-09
4.097321100e+03,2.816677250e-06,1.347711720e-08,1.447687080e-06,1.447700410e-06,1.364189580e-06,1.371496380e-06,4.567233830e-09
4.216965030e+03,2.816631100e-06,1.347711720e-08,1.447663360e-06,1.447676690e-06,1.364167230e-06,1.371473910e-06,4.567159020e-09
4.340102640e+03,2.816582220e-06,1.347711720e-08,1.447638230e-06,1.447651570e-06,1.364143550e-06,1.371450110e-06,4.567079780e-09
4.466835920e+03,2.816530440e-06,1.347711720e-08,1.447611620e-06,1.447624950e-06,1.364118480e-06,1.371424900e-06,4.566995850e-09
4.597269890e+03,2.816475600e-06,1.347711720e-08,1.447583440e-06,1.447596770e-06,1.364091920e-06,1.371398200e-06,4.566906940e-09
4.731512590e+03,2.816417520e-06,1.347711720e-08,1.447553580e-06,1.447566910e-06,1.364063780e-06,1.371369910e-06,4.566812780e-09
4.869675250e+03,2.816355990e-06,1.347711720e-08,1.447521960e-06,1.447535290e-06,1.364033980e-06,1.371339950e-06,4.566713040e-09
5.011872340e+03,2.816290820e-06,1.347711720e-08,1.447488460e-06,1.447501790e-06,1.364002420e-06,1.371308220e-06,4.566607400e-09
5.158221650e+03,2.816221800e-06,1.347711720e-08,1.447452990e-06,1.447466320e-06,1.363968990e-06,1.371274610e-06,4.566495510e-09
5.308844440e+03,2.816148690e-06,1.347711720e-08,1.447415410e-06,1.447428740e-06,1.363933580e-06,1.371239020e-06,4.566377000e-09
5.463865500e+03,2.816071260e-06,1.347711720e-08,1.447375610e-06,1.447388940e-06,1.363896080e-06,1.371201310e-06,4.566251480e-09
5.623413250e+03,2.815989240e-06,1.347711720e-08,1.447333460e-06,1.447346790e-06,1.363856360e-06,1.371161380e-06,4.566118530e-09
5.787619880e+03,2.815902380e-06,1.347711720e-08,1.447288820e-06,1.447302140e-06,1.363814290e-06,1.371119080e-06,4.565977710e-09
5.956621440e+03,2.815810370e-06,1.347711720e-08,1.447241530e-06,1.447254860e-06,1.363769730e-06,1.371074280e-06,4.565828560e-09
6.130557920e+03,2.815712930e-06,1.347711720e-08,1.447191440e-06,1.447204770e-06,1.363722530e-06,1.371026830e-06,4.565670600e-09
6.309573440e+03,2.815609720e-06,1.347711720e-08,1.447138400e-06,1.447151720e-06,1.363672540e-06,1.370976580e-06,4.565503290e-09
6.493816320e+03,2.815500400e-06,1.347711720e-08,1.447082210e-06,1.447095540e-06,1.363619600e-06,1.370923350e-06,4.565326090e-09
6.683439180e+03,2.815384630e-06,1.347711720e-08,1.447022710e-06,1.447036030e-06,1.363563530e-06,1.370866980e-06,4.565138400e-09
6.878599120e+03,2.815262010e-06,1.347711720e-08,1.446959680e-06,1.446973010e-06,1.363504140e-06,1.370807270e-06,4.564939630e-09
7.079457840e+03,2.815132140e-06,1.347711720e-08,1.446892940e-06,1.446906260e-06,1.363441240e-06,1.370744040e-06,4.564729100e-09
7.286181750e+03,2.814994600e-06,1.347711720e-08,1.446822240e-06,1.446835570e-06,1.363374630e-06,1.370677060e-06,4.564506130e-09
7.498942090e+03,2.814848920e-06,1.347711720e-08,1.446747370e-06,1.446760690e-06,1.363304070e-06,1.370606130e-06,4.564269990e-09
7.717915160e+03,2.814694640e-06,1.347711720e-08,1.446668080e-06,1.446681400e-06,1.363229350e-06,1.370531010e-06,4.564019890e-09
7.943282350e+03,2.814531250e-06,1.347711720e-08,1.446584100e-06,1.446597420e-06,1.363150220e-06,1.370451450e-06,4.563755020e-09
8.175230380e+03,2.814358210e-06,1.347711720e-08,1.446495160e-06,1.446508480e-06,1.363066410e-06,1.370367190e-06,4.563474510e-09
8.413951420e+03,2.814174940e-06,1.347711720e-08,1.446400970e-06,1.446414290e-06,1.362977650e-06,1.370277960e-06,4.563177430e-09
8.659643230e+03,2.813980860e-06,1.347711720e-08,1.446301210e-06,1.446314530e-06,1.362883650e-06,1.370183460e-06,4.562862810e-09
8.912509380e+03,2.813775320e-06,1.347711720e-08,1.446195570e-06,1.446208890e-06,1.362784100e-06,1.370083370e-06,4.562529610e-09
9.172759350e+03,2.813557650e-06,1.347711720e-08,1.446083700e-06,1.446097010e-06,1.362678680e-06,1.369977390e-06,4.562176760e-09
9.440608760e+03,2.813327140e-06,1.347711720e-08,1.445965220e-06,1.445978540e-06,1.362567030e-06,1.369865150e-06,4.561803090e-09
9.716279520e+03,2.813083030e-06,1.347711720e-08,1.445839760e-06,1.445853070e-06,1.362448810e-06,1.369746290e-06,4.561407370e-09
1.000000000e+04,2.812824530e-06,1.347711720e-08,1.445706890e-06,1.445720210e-06,1.362323610e-06,1.369620410e-06,4.560988320e-09
1.029200530e+04,2.812550790e-06,1.347711720e-08,1.445566200e-06,1.445579510e-06,1.362191030e-06,1.369487120e-06,4.560544560e-09
1.059253730e+04,2.812260910e-06,1.347711720e-08,1.445417210e-06,1.445430520e-06,1.362050630e-06,1.369345980e-06,4.560074660e-09
1.090184490e+04,2.811953960e-06,1.347711720e-08,1.445259450e-06,1.445272760e-06,1.361901960e-06,1.369196520e-06,4.559577060e-09
1.122018450e+04,2.811628920e-06,1.347711720e-08,1.445092390e-06,1.445105700e-06,1.361744540e-06,1.369038250e-06,4.559050160e-09
1.154781980e+04,2.811284750e-06,1.347711720e-08,1.444915500e-06,1.444928800e-06,1.361577850e-06,1.368870670e-06,4.558492240e-09
1.188502230e+04,2.810920330e-06,1.347711720e-08,1.444728190e-06,1.444741500e-06,1.361401350e-06,1.368693220e-06,4.557901490e-09
1.223207120e+04,2.810534460e-06,1.347711720e-08,1.444529870e-06,1.444543170e-06,1.361214470e-06,1.368505340e-06,4.557275980e-09
1.258925410e+04,2.810125910e-06,1.347711720e-08,1.444319880e-06,1.444333190e-06,1.361016590e-06,1.368306400e-06,4.556613680e-09
1.295686700e+04,2.809693340e-06,1.347711720e-08,1.444097560e-06,1.444110860e-06,1.360807090e-06,1.368095780e-06,4.555912460e-09
1.333521430e+04,2.809235360e-06,1.347711720e-08,1.443862170e-06,1.443875460e-06,1.360585280e-06,1.367872770e-06,4.555170040e-09
1.372460960e+04,2.808750480e-06,1.347711720e-08,1.443612960e-06,1.443626250e-06,1.360350440e-06,1.367636680e-06,4.554384030e-09
1.412537540e+04,2.808237150e-06,1.347711720e-08,1.443349120e-06,1.443362410e-06,1.360101820e-06,1.367386730e-06,4.553551880e-09
1.453784390e+04,2.807693710e-06,1.347711720e-08,1.443069810e-06,1.443083100e-06,1.359838620e-06,1.367122110e-06,4.552670930e-09
1.496235660e+04,2.807118410e-06,1.347711720e-08,1.442774120e-06,1.442787410e-06,1.359559980e-06,1.366841990e-06,4.551738330e-09
1.539926530e+04,2.806509400e-06,1.347711720e-08,1.442461110e-06,1.442474390e-06,1.359265030e-06,1.366545450e-06,4.550751100e-09
1.584893190e+04,2.805864750e-06,1.347711720e-08,1.442129780e-06,1.442143060e-06,1.358952800e-06,1.366231560e-06,4.549706070e-09
1.631172910e+04,2.805182380e-06,1.347711720e-08,1.441779060e-06,1.441792340e-06,1.358622310e-06,1.365899300e-06,4.548599910e-09
1.678804020e+04,2.804460120e-06,1.347711720e-08,1.441407840e-06,1.441421110e-06,1.358272500e-06,1.365547620e-06,4.547429080e-09
1.727825980e+04,2.803695670e-06,1.347711720e-08,1.441014930e-06,1.441028210e-06,1.357902260e-06,1.365175390e-06,4.546189860e-09
1.778279410e+04,2.802886600e-06,1.347711720e-08,1.440599100e-06,1.440612370e-06,1.357510410e-06,1.364781440e-06,4.544878310e-09
1.830206110e+04,2.802030360e-06,1.347711720e-08,1.440159020e-06,1.440172280e-06,1.357095710e-06,1.364364520e-06,4.543490290e-09
1.883649090e+04,2.801124240e-06,1.347711720e-08,1.439693300e-06,1.439706560e-06,1.356656850e-06,1.363923310e-06,4.542021410e-09
1.938652640e+04,2.800165390e-06,1.347711720e-08,1.439200480e-06,1.439213730e-06,1.356192460e-06,1.363456430e-06,4.540467050e-09
1.995262310e+04,2.799150790e-06,1.347711720e-08,1.438679010e-06,1.438692250e-06,1.355701060e-06,1.362962400e-06,4.538822330e-09
2.053525030e+04,2.798077280e-06,1.347711720e-08,1.438127250e-06,1.438140500e-06,1.355181130e-06,1.362439680e-06,4.537082100e-09
2.113489040e+04,2.796941500e-06,1.347711720e-08,1.437543500e-06,1.437556740e-06,1.354631050e-06,1.361886650e-06,4.535240930e-09
2.175204030e+04,2.795739930e-06,1.347711720e-08,1.436925930e-06,1.436939160e-06,1.354049090e-06,1.361301580e-06,4.533293110e-09
2.238721140e+04,2.794468850e-06,1.347711720e-08,1.436272630e-06,1.436285860e-06,1.353433480e-06,1.360682670e-06,4.531232620e-09
2.304092980e+04,2.793124350e-06,1.347711720e-08,1.435581600e-06,1.435594820e-06,1.352782300e-06,1.360028000e-06,4.529053090e-09
2.371373710e+04,2.791702290e-06,1.347711720e-08,1.434850700e-06,1.434863910e-06,1.352093560e-06,1.359335570e-06,4.526747850e-09
2.440619070e+04,2.790198340e-06,1.347711720e-08,1.434077710e-06,1.434090920e-06,1.351365160e-06,1.358603270e-06,4.524309850e-09
2.511886430e+04,2.788607910e-06,1.347711720e-08,1.433260280e-06,1.433273480e-06,1.350594870e-06,1.357828860e-06,4.521731680e-09
2.585234840e+04,2.786926220e-06,1.347711720e-08,1.432395940e-06,1.432409130e-06,1.349780380e-06,1.357010010e-06,4.519005550e-09
2.660725060e+04,2.785148190e-06,1.347711720e-08,1.431482090e-06,1.431495270e-06,1.348919240e-06,1.356144250e-06,4.516123250e-09
2.738419630e+04,2.783268510e-06,1.347711720e-08,1.430515990e-06,1.430529170e-06,1.348008860e-06,1.355229000e-06,4.513076180e-09
2.818382930e+04,2.781281600e-06,1.347711720e-08,1.429494780e-06,1.429507940e-06,1.347046550e-06,1.354261530e-06,4.509855280e-09
2.900681200e+04,2.779181590e-06,1.347711720e-08,1.428415440e-06,1.428428590e-06,1.346029460e-06,1.353239000e-06,4.506451040e-09
2.985382620e+04,2.776962330e-06,1.347711720e-08,1.427274800e-06,1.427287950e-06,1.344954610e-06,1.352158390e-06,4.502853490e-09
3.072557370e+04,2.774617350e-06,1.347711720e-08,1.426069560e-06,1.426082690e-06,1.343818880e-06,1.351016580e-06,4.499052150e-09
3.162277660e+04,2.772139900e-06,1.347711720e-08,1.424796220e-06,1.424809340e-06,1.342618990e-06,1.349810260e-06,4.495036050e-09
3.254617830e+04,2.769522870e-06,1.347711720e-08,1.423451150e-06,1.423464260e-06,1.341351490e-06,1.348535970e-06,4.490793700e-09
3.349654390e+04,2.766758840e-06,1.347711720e-08,1.422030520e-06,1.422043620e-06,1.340012800e-06,1.347190110e-06,4.486313050e-09
3.447466070e+04,2.763840040e-06,1.347711720e-08,1.420530340e-06,1.420543430e-06,1.338599150e-06,1.345768890e-06,4.481581510e-09
3.548133890e+04,2.760758340e-06,1.347711720e-08,1.418946440e-06,1.418959510e-06,1.337106600e-06,1.344268350e-06,4.476585900e-09
3.651741270e+04,2.757505250e-06,1.347711720e-08,1.417274460e-06,1.417287510e-06,1.335531050e-06,1.342684350e-06,4.471312470e-09
3.758374040e+04,2.754071920e-06,1.347711720e-08,1.415509830e-06,1.415522860e-06,1.333868200e-06,1.341012600e-06,4.465746850e-09
3.868120550e+04,2.750449100e-06,1.347711720e-08,1.413647810e-06,1.413660830e-06,1.332113570e-06,1.339248570e-06,4.459874060e-09
3.981071710e+04,2.746627170e-06,1.347711720e-08,1.411683450e-06,1.411696450e-06,1.330262510e-06,1.337387600e-06,4.453678500e-09
4.097321100e+04,2.742596090e-06,1.347711720e-08,1.409611600e-06,1.409624580e-06,1.328310160e-06,1.335424790e-06,4.447143910e-09
4.216965030e+04,2.738345460e-06,1.347711720e-08,1.407426900e-06,1.407439860e-06,1.326251470e-06,1.333355070e-06,4.440253420e-09
4.340102640e+04,2.733864450e-06,1.347711720e-08,1.405123800e-06,1.405136740e-06,1.324081200e-06,1.331173180e-06,4.432989470e-09
4.466835920e+04,2.729141830e-06,1.347711720e-08,1.402696510e-06,1.402709430e-06,1.321793910e-06,1.328873640e-06,4.425333860e-09
4.597269890e+04,2.724165980e-06,1.347711720e-08,1.400139070e-06,1.400151970e-06,1.319383980e-06,1.326450800e-06,4.417267750e-09
4.731512590e+04,2.718924860e-06,1.347711720e-08,1.397445300e-06,1.397458170e-06,1.316845570e-06,1.323898790e-06,4.408771630e-09
4.869675250e+04,2.713406040e-06,1.347711720e-08,1.394608790e-06,1.394621630e-06,1.314172660e-06,1.321211570e-06,4.399825360e-09
5.011872340e+04,2.707596700e-06,1.347711720e-08,1.391622970e-06,1.391635780e-06,1.311359050e-06,1.318382890e-06,4.390408150e-09
5.158221650e+04,2.701483660e-06,1.347711720e-08,1.388481050e-06,1.388493830e-06,1.308398340e-06,1.315406320e-06,4.380498630e-09
5.308844440e+04,2.695053340e-06,1.347711720e-08,1.385176060e-06,1.385188810e-06,1.305283970e-06,1.312275270e-06,4.370074780e-09
5.463865500e+04,2.688291830e-06,1.347711720e-08,1.381700840e-06,1.381713570e-06,1.302009200e-06,1.308982960e-06,4.359114080e-09
5.623413250e+04,2.681184880e-06,1.347711720e-08,1.378048090e-06,1.378060780e-06,1.298567120e-06,1.305522440e-06,4.347593420e-09
5.787619880e+04,2.673717960e-06,1.347711720e-08,1.374210320e-06,1.374222970e-06,1.294950700e-06,1.301886650e-06,4.335489230e-09
5.956621440e+04,2.665876250e-06,1.347711720e-08,1.370179910e-06,1.370192530e-06,1.291152750e-06,1.298068360e-06,4.322777490e-09
6.130557920e+04,2.657644660e-06,1.347711720e-08,1.365949130e-06,1.365961710e-06,1.287165990e-06,1.294060240e-06,4.309433780e-09
6.309573440e+04,2.649007960e-06,1.347711720e-08,1.361510120e-06,1.361522660e-06,1.282983010e-06,1.289854860e-06,4.295433360e-09
6.493816320e+04,2.639950710e-06,1.347711720e-08,1.356854970e-06,1.356867460e-06,1.278596350e-06,1.285444700e-06,4.280751230e-09
6.683439180e+04,2.630457380e-06,1.347711720e-08,1.351975690e-06,1.351988140e-06,1.273998490e-06,1.280822210e-06,4.265362230e-09
6.878599120e+04,2.620512410e-06,1.347711720e-08,1.346864270e-06,1.346876670e-06,1.269181880e-06,1.275979800e-06,4.249241100e-09
7.079457840e+04,2.610100200e-06,1.347711720e-08,1.341512710e-06,1.341525060e-06,1.264138980e-06,1.270909890e-06,4.232362610e-09
7.286181750e+04,2.599205280e-06,1.347711720e-08,1.335913050e-06,1.335925350e-06,1.258862280e-06,1.265604940e-06,4.214701630e-09
7.498942090e+04,2.587812300e-06,1.347711720e-08,1.330057400e-06,1.330069650e-06,1.253344370e-06,1.260057470e-06,4.196233320e-09
7.717915160e+04,2.575906150e-06,1.347711720e-08,1.323938000e-06,1.323950190e-06,1.247577910e-06,1.254260130e-06,4.176933160e-09
7.943282350e+04,2.563472030e-06,1.347711720e-08,1.317547240e-06,1.317559370e-06,1.241555750e-06,1.248205700e-06,4.156777190e-09
8.175230380e+04,2.550495550e-06,1.347711720e-08,1.310877720e-06,1.310889790e-06,1.235270900e-06,1.241887200e-06,4.135742090e-09
8.413951420e+04,2.536962840e-06,1.347711720e-08,1.303922310e-06,1.303934320e-06,1.228716660e-06,1.235297850e-06,4.113805340e-09
8.659643230e+04,2.522860610e-06,1.347711720e-08,1.296674190e-06,1.296686130e-06,1.221886590e-06,1.228431200e-06,4.090945450e-09
8.912509380e+04,2.508176300e-06,1.347711720e-08,1.289126900e-06,1.289138770e-06,1.214774600e-06,1.221281110e-06,4.067142040e-09
9.172759350e+04,2.492898170e-06,1.347711720e-08,1.281274400e-06,1.281286200e-06,1.207375000e-06,1.213841880e-06,4.042376090e-09
9.440608760e+04,2.477015410e-06,1.347711720e-08,1.273111140e-06,1.273122870e-06,1.199682570e-06,1.206108250e-06,4.016630080e-09
9.716279520e+04,2.460518260e-06,1.347711720e-08,1.264632110e-06,1.264643750e-06,1.191692570e-06,1.198075460e-06,3.989888210e-09
1.000000000e+05,2.443398130e-06,1.347711720e-08,1.255832880e-06,1.255844440e-06,1.183400850e-06,1.189739330e-06,3.962136560e-09
1.029200530e+05,2.425647720e-06,1.347711720e-08,1.246709700e-06,1.246721180e-06,1.174803870e-06,1.181096300e-06,3.933363290e-09
1.059253730e+05,2.407261110e-06,1.347711720e-08,1.237259540e-06,1.237270930e-06,1.165898760e-06,1.172143490e-06,3.903558830e-09
1.090184490e+05,2.388233900e-06,1.347711720e-08,1.227480130e-06,1.227491430e-06,1.156683390e-06,1.162878760e-06,3.872716060e-09
1.122018450e+05,2.368563310e-06,1.347711720e-08,1.217370040e-06,1.217381250e-06,1.147156420e-06,1.153300760e-06,3.840830470e-09
1.154781980e+05,2.348248260e-06,1.347711720e-08,1.206928720e-06,1.206939830e-06,1.137317310e-06,1.143408950e-06,3.807900330e-09
1.188502230e+05,2.327289490e-06,1.347711720e-08,1.196156540e-06,1.196167560e-06,1.127166440e-06,1.133203710e-06,3.773926860e-09
1.223207120e+05,2.305689650e-06,1.347711720e-08,1.185054880e-06,1.185065790e-06,1.116705080e-06,1.122686320e-06,3.738914360e-09
1.258925410e+05,2.283453340e-06,1.347711720e-08,1.173626080e-06,1.173636890e-06,1.105935460e-06,1.111859020e-06,3.702870290e-09
1.295686700e+05,2.260587190e-06,1.347711720e-08,1.161873570e-06,1.161884270e-06,1.094860790e-06,1.100725030e-06,3.665805440e-09
1.333521430e+05,2.237099930e-06,1.347711720e-08,1.149801830e-06,1.149812420e-06,1.083485300e-06,1.089288610e-06,3.627733950e-09
1.372460960e+05,2.213002380e-06,1.347711720e-08,1.137416410e-06,1.137426890e-06,1.071814240e-06,1.077555040e-06,3.588673400e-09
1.412537540e+05,2.188307500e-06,1.347711720e-08,1.124723990e-06,1.124734350e-06,1.059853870e-06,1.065530610e-06,3.548644810e-09
1.453784390e+05,2.163030380e-06,1.347711720e-08,1.111732320e-06,1.111742560e-06,1.047611510e-06,1.053222670e-06,3.507672660e-09
1.496235660e+05,2.137188230e-06,1.347711720e-08,1.098450230e-06,1.098460350e-06,1.035095490e-06,1.040639610e-06,3.465784870e-09
1.539926530e+05,2.110800330e-06,1.347711720e-08,1.084887650e-06,1.084897640e-06,1.022315140e-06,1.027790820e-06,3.423012690e-09
1.584893190e+05,2.083887970e-06,1.347711720e-08,1.071055510e-06,1.071065370e-06,1.009280790e-06,1.014686650e-06,3.379390690e-09
1.631172910e+05,2.056474410e-06,1.347711720e-08,1.056965770e-06,1.056975500e-06,9.960036980e-07,1.001338450e-06,3.334956590e-09
1.678804020e+05,2.028584770e-06,1.347711720e-08,1.042631330e-06,1.042640930e-06,9.824960230e-07,9.877584210e-07,3.289751110e-09
1.727825980e+05,2.000245900e-06,1.347711720e-08,1.028066010e-06,1.028075480e-06,9.687707770e-07,9.739596610e-07,3.243817820e-09
1.778279410e+05,1.971486310e-06,1.347711720e-08,1.013284450e-06,1.013293780e-06,9.548417630e-07,9.599560410e-07,3.197202950e-09
1.830206110e+05,1.942335970e-06,1.347711720e-08,9.983020550e-07,9.983112470e-07,9.407235030e-07,9.457621620e-07,3.149955120e-09
1.883649090e+05,1.912826230e-06,1.347711720e-08,9.831349360e-07,9.831439890e-07,9.264311700e-07,9.313932770e-07,3.102125150e-09
1.938652640e+05,1.882989570e-06,1.347711720e-08,9.677997960e-07,9.678087070e-07,9.119805070e-07,9.168652140e-07,3.053765760e-09
1.995262310e+05,1.852859520e-06,1.347711720e-08,9.523138590e-07,9.523226270e-07,8.973877440e-07,9.021942900e-07,3.004931290e-09
2.053525030e+05,1.822470410e-06,1.347711720e-08,9.366947720e-07,9.367033970e-07,8.826695120e-07,8.873972250e-07,2.955677430e-09
2.113489040e+05,1.791857210e-06,1.347711720e-08,9.209605150e-07,9.209689940e-07,8.678427510e-07,8.724910500e-07,2.906060920e-09
2.175204030e+05,1.761055370e-06,1.347711720e-08,9.051292980e-07,9.051376310e-07,8.529246220e-07,8.574930180e-07,2.856139220e-09
2.238721140e+05,1.730100580e-06,1.347711720e-08,8.892194700e-07,8.892276570e-07,8.379324170e-07,8.424205130e-07,2.805970230e-09
2.304092980e+05,1.699028620e-06,1.347711720e-08,8.732494210e-07,8.732574610e-07,8.228834640e-07,8.272909550e-07,2.755611980e-09
2.371373710e+05,1.667875170e-06,1.347711720e-08,8.572374870e-07,8.572453800e-07,8.077950430e-07,8.121217180e-07,2.705122330e-09
2.440619070e+05,1.636675620e-06,1.347711720e-08,8.412018620e-07,8.412096070e-07,7.926842960e-07,7.969300360e-07,2.654558700e-09
2.511886430e+05,1.605464930e-06,1.347711720e-08,8.251605080e-07,8.251681050e-07,7.775681500e-07,7.817329260e-07,2.603977760e-09
2.585234840e+05,1.574277420e-06,1.347711720e-08,8.091310710e-07,8.091385200e-07,7.624632350e-07,7.665471070e-07,2.553435210e-09
2.660725060e+05,1.543146680e-06,1.347711720e-08,7.931308100e-07,7.931381120e-07,7.473858130e-07,7.513889280e-07,2.502985500e-09
2.738419630e+05,1.512105380e-06,1.347711720e-08,7.771765190e-07,7.771836740e-07,7.323517100e-07,7.362743000e-07,2.452681640e-09
2.818382930e+05,1.481185180e-06,1.347711720e-08,7.612844680e-07,7.612914760e-07,7.173762550e-07,7.212186350e-07,2.402574970e-09
2.900681200e+05,1.450416590e-06,1.347711720e-08,7.454703390e-07,7.454772020e-07,7.024742300e-07,7.062367930e-07,2.352714990e-09
2.985382620e+05,1.419828880e-06,1.347711720e-08,7.297491830e-07,7.297559000e-07,6.876598140e-07,6.913430290e-07,2.303149190e-09
3.072557370e+05,1.389450030e-06,1.347711720e-08,7.141353680e-07,7.141419410e-07,6.729465490e-07,6.765509580e-07,2.253922930e-09
3.162277660e+05,1.359306590e-06,1.347711730e-08,6.986425490e-07,6.986489800e-07,6.583473020e-07,6.618735150e-07,2.205079300e-09
3.254617830e+05,1.329423680e-06,1.347711730e-08,6.832836380e-07,6.832899270e-07,6.438742390e-07,6.473229320e-07,2.156659060e-09
3.349654390e+05,1.299824930e-06,1.347711730e-08,6.680707770e-07,6.680769260e-07,6.295388020e-07,6.329107130e-07,2.108700530e-09
3.447466070e+05,1.270532450e-06,1.347711730e-08,6.530153260e-07,6.530213370e-07,6.153516970e-07,6.186476190e-07,2.061239590e-09
3.548133890e+05,1.241566800e-06,1.347711730e-08,6.381278550e-07,6.381337290e-07,6.013228820e-07,6.045436650e-07,2.014309600e-09
3.651741270e+05,1.212946990e-06,1.347711730e-08,6.234181370e-07,6.234238750e-07,5.874615690e-07,5.906081080e-07,1.967941420e-09
3.758374040e+05,1.184690490e-06,1.347711730e-08,6.088951500e-07,6.089007540e-07,5.737762160e-07,5.768494560e-07,1.922163390e-09
3.868120550e+05,1.156813250e-06,1.347711730e-08,5.945670870e-07,5.945725590e-07,5.602745460e-07,5.632754680e-07,1.877001400e-09
3.981071710e+05,1.129329690e-06,1.347711730e-08,5.804413660e-07,5.804467080e-07,5.469635460e-07,5.498931740e-07,1.832478870e-09
4.097321100e+05,1.102252760e-06,1.347711730e-08,5.665246440e-07,5.665298570e-07,5.338494920e-07,5.367088780e-07,1.788616830e-09
4.216965030e+05,1.075593990e-06,1.347711730e-08,5.528228380e-07,5.528279240e-07,5.209379570e-07,5.237281880e-07,1.745433990e-09
4.340102640e+05,1.049363470e-06,1.347711730e-08,5.393411460e-07,5.393461080e-07,5.082338420e-07,5.109560280e-07,1.702946770e-09
4.466835920e+05,1.023569990e-06,1.347711730e-08,5.260840730e-07,5.260889140e-07,4.957413910e-07,4.983966660e-07,1.661169420e-09
4.597269890e+05,9.982209990e-07,1.347711730e-08,5.130554580e-07,5.130601780e-07,4.834642200e-07,4.860537370e-07,1.620114080e-09
4.731512590e+05,9.733227310e-07,1.347711730e-08,5.002585000e-07,5.002631030e-07,4.714053460e-07,4.739302740e-07,1.579790880e-09
4.869675250e+05,9.488802270e-07,1.347711730e-08,4.876957910e-07,4.877002780e-07,4.595672090e-07,4.620287310e-07,1.540208040e-09
5.011872340e+05,9.248974060e-07,1.347711730e-08,4.753693450e-07,4.753737170e-07,4.479517090e-07,4.503510160e-07,1.501371940e-09
5.158221650e+05,9.013771230e-07,1.347711730e-08,4.632806300e-07,4.632848910e-07,4.365602280e-07,4.388985210e-07,1.463287260e-09
5.308844440e+05,8.783212350e-07,1.347711730e-08,4.514305990e-07,4.514347510e-07,4.253936660e-07,4.276721500e-07,1.425957040e-09
5.463865500e+05,8.557306610e-07,1.347711730e-08,4.398197260e-07,4.398237710e-07,4.144524660e-07,4.166723480e-07,1.389382830e-09
5.623413250e+05,8.336054400e-07,1.347711730e-08,4.284480300e-07,4.284519700e-07,4.037366500e-07,4.058991370e-07,1.353564710e-09
5.787619880e+05,8.119447960e-07,1.347711730e-08,4.173151130e-07,4.173189500e-07,3.932458400e-07,3.953521370e-07,1.318501490e-09
5.956621440e+05,7.907471960e-07,1.347711730e-08,4.064201870e-07,4.064239240e-07,3.829792950e-07,3.850306030e-07,1.284190730e-09
6.130557920e+05,7.700104090e-07,1.347711730e-08,3.957621040e-07,3.957657430e-07,3.729359330e-07,3.749334470e-07,1.250628840e-09
6.309573440e+05,7.497315580e-07,1.347711740e-08,3.853393870e-07,3.853429290e-07,3.631143610e-07,3.650592700e-07,1.217811220e-09
6.493816320e+05,7.299071790e-07,1.347711740e-08,3.751502550e-07,3.751537030e-07,3.535129020e-07,3.554063850e-07,1.185732290e-09
6.683439180e+05,7.105332710e-07,1.347711740e-08,3.651926510e-07,3.651960070e-07,3.441296170e-07,3.459728420e-07,1.154385630e-09
6.878599120e+05,6.916053460e-07,1.347711740e-08,3.554642690e-07,3.554675350e-07,3.349623340e-07,3.367564580e-07,1.123764010e-09
7.079457840e+05,6.731184770e-07,1.347711740e-08,3.459625760e-07,3.459657550e-07,3.260086650e-07,3.277548330e-07,1.093859490e-09
7.286181750e+05,6.550673420e-07,1.347711740e-08,3.366848380e-07,3.366879300e-07,3.172660340e-07,3.189653750e-07,1.064663500e-09
7.498942090e+05,6.374462680e-07,1.347711740e-08,3.276281370e-07,3.276311470e-07,3.087316920e-07,3.103853220e-07,1.036166900e-09
7.717915160e+05,6.202492710e-07,1.347711740e-08,3.187894000e-07,3.187923280e-07,3.004027420e-07,3.020117620e-07,1.008360050e-09
7.943282350e+05,6.034700940e-07,1.347711740e-08,3.101654100e-07,3.101682580e-07,2.922761530e-07,2.938416460e-07,9.812328630e-10
8.175230380e+05,5.871022440e-07,1.347711750e-08,3.017528290e-07,3.017555990e-07,2.843487790e-07,2.858718130e-07,9.547748730e-10
8.413951420e+05,5.711390210e-07,1.347711750e-08,2.935482140e-07,2.935509090e-07,2.766173780e-07,2.780990020e-07,9.289752830e-10
8.659643230e+05,5.555735560e-07,1.347711750e-08,2.855480350e-07,2.855506550e-07,2.690786210e-07,2.705198660e-07,9.038230190e-10
8.912509380e+05,5.403988320e-07,1.347711750e-08,2.777486850e-07,2.777512330e-07,2.617291100e-07,2.631309910e-07,8.793067740e-10
9.172759350e+05,5.256077190e-07,1.347711750e-08,2.701464990e-07,2.701489770e-07,2.545653910e-07,2.559289030e-07,8.554150550e-10
9.440608760e+05,5.111929920e-07,1.347711750e-08,2.627377650e-07,2.627401740e-07,2.475839660e-07,2.489100850e-07,8.321362200e-10
9.716279520e+05,4.971473560e-07,1.347711750e-08,2.555187320e-07,2.555210750e-07,2.407813010e-07,2.420709850e-07,8.094585160e-10
1.000000000e+06,4.834634720e-07,1.347711760e-08,2.484856290e-07,2.484879060e-07,2.341538420e-07,2.354080290e-07,7.873701150e-10
1.029200530e+06,4.701339680e-07,1.347711760e-08,2.416346660e-07,2.416368800e-07,2.276980180e-07,2.289176270e-07,7.658591440e-10
1.059253730e+06,4.571514610e-07,1.347711760e-08,2.349620490e-07,2.349642020e-07,2.214102550e-07,2.225961860e-07,7.449137120e-10
1.090184490e+06,4.445085760e-07,1.347711760e-08,2.284639880e-07,2.284660800e-07,2.152869780e-07,2.164401130e-07,7.245219410e-10
1.122018450e+06,4.321979550e-07,1.347711770e-08,2.221367000e-07,2.221387340e-07,2.093246260e-07,2.104458270e-07,7.046719850e-10
1.154781980e+06,4.202122730e-07,1.347711770e-08,2.159764220e-07,2.159783980e-07,2.035196500e-07,2.046097590e-07,6.853520540e-10
1.188502230e+06,4.085442520e-07,1.347711770e-08,2.099794110e-07,2.099813320e-07,1.978685260e-07,1.989283670e-07,6.665504310e-10
1.223207120e+06,3.971866660e-07,1.347711770e-08,2.041419540e-07,2.041438210e-07,1.923677530e-07,1.933981320e-07,6.482554940e-10
1.258925410e+06,3.861323570e-07,1.347711780e-08,1.984603740e-07,1.984621880e-07,1.870138650e-07,1.880155690e-07,6.304557290e-10
1.295686700e+06,3.753742420e-07,1.347711780e-08,1.929310270e-07,1.929327900e-07,1.818034320e-07,1.827772290e-07,6.131397420e-10
1.333521430e+06,3.649053160e-07,1.347711780e-08,1.875503150e-07,1.875520280e-07,1.767330600e-07,1.776797000e-07,5.962962760e-10
1.372460960e+06,3.547186660e-07,1.347711790e-08,1.823146840e-07,1.823163480e-07,1.717994020e-07,1.727196170e-07,5.799142170e-10
1.412537540e+06,3.448074700e-07,1.347711790e-08,1.772206290e-07,1.772222460e-07,1.669991530e-07,1.678936590e-07,5.639826080e-10
1.453784390e+06,3.351650090e-07,1.347711800e-08,1.722646950e-07,1.722662650e-07,1.623290590e-07,1.631985520e-07,5.484906540e-10
1.496235660e+06,3.257846640e-07,1.347711800e-08,1.674434810e-07,1.674450060e-07,1.577859150e-07,1.586310760e-07,5.334277330e-10
1.539926530e+06,3.166599250e-07,1.347711800e-08,1.627536400e-07,1.627551220e-07,1.533665680e-07,1.541880590e-07,5.187833960e-10
1.584893190e+06,3.077843950e-07,1.347711810e-08,1.581918860e-07,1.581933250e-07,1.490679190e-07,1.498663870e-07,5.045473790e-10
1.631172910e+06,2.991517870e-07,1.347711820e-08,1.537549860e-07,1.537563840e-07,1.448869240e-07,1.456629980e-07,4.907096030e-10
1.678804020e+06,2.907559320e-07,1.347711820e-08,1.494397700e-07,1.494411280e-07,1.408205930e-07,1.415748900e-07,4.772601770e-10
1.727825980e+06,2.825907760e-07,1.347711830e-08,1.452431260e-07,1.452444450e-07,1.368659970e-07,1.375991130e-07,4.641894050e-10
1.778279410e+06,2.746503860e-07,1.347711830e-08,1.411620050e-07,1.411632850e-07,1.330202600e-07,1.337327790e-07,4.514877830e-10
1.830206110e+06,2.669289440e-07,1.347711840e-08,1.371934170e-07,1.371946610e-07,1.292805660e-07,1.299730550e-07,4.391460030e-10
1.883649090e+06,2.594207570e-07,1.347711850e-08,1.333344350e-07,1.333356430e-07,1.256441560e-07,1.263171700e-07,4.271549530e-10
1.938652640e+06,2.521202470e-07,1.347711850e-08,1.295821940e-07,1.295833660e-07,1.221083300e-07,1.227624070e-07,4.155057180e-10
1.995262310e+06,2.450219600e-07,1.347711860e-08,1.259338880e-07,1.259350260e-07,1.186704450e-07,1.193061090e-07,4.041895780e-10
2.053525030e+06,2.381205580e-07,1.347711870e-08,1.223867760e-07,1.223878800e-07,1.153279170e-07,1.159456800e-07,3.931980110e-10
2.113489040e+06,2.314108240e-07,1.347711880e-08,1.189381750e-07,1.189392470e-07,1.120782190e-07,1.126785770e-07,3.825226870e-10
2.175204030e+06,2.248876580e-07,1.347711890e-08,1.155854650e-07,1.155865060e-07,1.089188810e-07,1.095023190e-07,3.721554710e-10
2.238721140e+06,2.185460800e-07,1.347711900e-08,1.123260850e-07,1.123270950e-07,1.058474900e-07,1.064144780e-07,3.620884190e-10
2.304092980e+06,2.123812210e-07,1.347711910e-08,1.091575330e-07,1.091585130e-07,1.028616890e-07,1.034126860e-07,3.523137760e-10
2.371373710e+06,2.063883310e-07,1.347711920e-08,1.060773690e-07,1.060783200e-07,9.995917630e-08,1.004946290e-07,3.428239760e-10
2.440619070e+06,2.005627710e-07,1.347711930e-08,1.030832070e-07,1.030841300e-07,9.713770660e-08,9.765804910e-08,3.336116370e-10
2.511886430e+06,1.949000170e-07,1.347711940e-08,1.001727220e-07,1.001736170e-07,9.439508740e-08,9.490074170e-08,3.246695590e-10
2.585234840e+06,1.893956510e-07,1.347711960e-08,9.734364420e-08,9.734451230e-08,9.172918010e-08,9.222055720e-08,3.159907230e-10
2.660725060e+06,1.840453670e-07,1.347711970e-08,9.459375980e-08,9.459460170e-08,8.913789870e-08,8.961539830e-08,3.075682850e-10
2.738419630e+06,1.788449660e-07,1.347711990e-08,9.192091020e-08,9.192172660e-08,8.661920890e-08,8.708321980e-08,2.993955760e-10
2.818382930e+06,1.737903510e-07,1.347712000e-08,8.932299070e-08,8.932378230e-08,8.417112740e-08,8.462202800e-08,2.914660980e-10
2.900681200e+06,1.688775310e-07,1.347712020e-08,8.679794950e-08,8.679871700e-08,8.179172100e-08,8.222987910e-08,2.837735190e-10
2.985382620e+06,1.641026160e-07,1.347712030e-08,8.434378740e-08,8.434453130e-08,7.947910550e-08,7.990487890e-08,2.763116700e-10
3.072557370e+06,1.594618160e-07,1.347712050e-08,8.195855590e-08,8.195927690e-08,7.723144490e-08,7.764518160e-08,2.690745450e-10
3.162277660e+06,1.549514360e-07,1.347712070e-08,7.964035690e-08,7.964105550e-08,7.504695050e-08,7.544898900e-08,2.620562920e-10
3.254617830e+06,1.505678800e-07,1.347712090e-08,7.738734130e-08,7.738801810e-08,7.292388000e-08,7.331454920e-08,2.552512150e-10
3.349654390e+06,1.463076430e-07,1.347712120e-08,7.519770810e-08,7.519836380e-08,7.086053630e-08,7.124015610e-08,2.486537660e-10
3.447466070e+06,1.421673140e-07,1.347712140e-08,7.306970360e-08,7.307033860e-08,6.885526660e-08,6.922414830e-08,2.422585420e-10
3.548133890e+06,1.381435690e-07,1.347712160e-08,7.100162000e-08,7.100223480e-08,6.690646190e-08,6.726490790e-08,2.360602860e-10
3.651741270e+06,1.342331740e-07,1.347712190e-08,6.899179480e-08,6.899239000e-08,6.501255530e-08,6.536085970e-08,2.300538750e-10
3.758374040e+06,1.304329790e-07,1.347712220e-08,6.703860940e-08,6.703918540e-08,6.317202170e-08,6.351047050e-08,2.242343250e-10
3.868120550e+06,1.267399200e-07,1.347712250e-08,6.514048840e-08,6.514104570e-08,6.138337660e-08,6.171224780e-08,2.185967800e-10
3.981071710e+06,1.231510130e-07,1.347712280e-08,6.329589850e-08,6.329643760e-08,5.964517500e-08,5.996473890e-08,2.131365130e-10
4.097321100e+06,1.196633550e-07,1.347712310e-08,6.150334750e-08,6.150386880e-08,5.795601090e-08,5.826653020e-08,2.078489220e-10
4.216965030e+06,1.162741210e-07,1.347712350e-08,5.976138330e-08,5.976188720e-08,5.631451590e-08,5.661624590e-08,2.027295210e-10
4.340102640e+06,1.129805620e-07,1.347712380e-08,5.806859310e-08,5.806908010e-08,5.471935870e-08,5.501254780e-08,1.977739440e-10
4.466835920e+06,1.097800030e-07,1.347712420e-08,5.642360220e-08,5.642407260e-08,5.316924380e-08,5.345413330e-08,1.929779360e-10
4.597269890e+06,1.066698420e-07,1.347712460e-08,5.482507330e-08,5.482552760e-08,5.166291120e-08,5.193973570e-08,1.883373510e-10
4.731512590e+06,1.036475480e-07,1.347712510e-08,5.327170550e-08,5.327214400e-08,5.019913490e-08,5.046812240e-08,1.838481480e-10
4.869675250e+06,1.007106600e-07,1.347712560e-08,5.176223340e-08,5.176265650e-08,4.877672250e-08,4.903809460e-08,1.795063880e-10
5.011872340e+06,9.785678190e-08,1.347712600e-08,5.029542610e-08,5.029583410e-08,4.739451410e-08,4.764848630e-08,1.753082280e-10
5.158221650e+06,9.508358510e-08,1.347712660e-08,4.887008650e-08,4.887047970e-08,4.605138160e-08,4.629816340e-08,1.712499230e-10
5.308844440e+06,9.238880420e-08,1.347712710e-08,4.748505030e-08,4.748542910e-08,4.474622800e-08,4.498602270e-08,1.673278160e-10
5.463865500e+06,8.977023630e-08,1.347712770e-08,4.613918530e-08,4.613955000e-08,4.347798620e-08,4.371099180e-08,1.635383370e-10
5.623413250e+06,8.722573920e-08,1.347712830e-08,4.483139040e-08,4.483174130e-08,4.224561880e-08,4.247202740e-08,1.598780040e-10
5.787619880e+06,8.475322970e-08,1.347712900e-08,4.356059500e-08,4.356093240e-08,4.104811670e-08,4.126811540e-08,1.563434110e-10
5.956621440e+06,8.235068230e-08,1.347712970e-08,4.232575800e-08,4.232608210e-08,3.988449910e-08,4.009826930e-08,1.529312330e-10
6.130557920e+06,8.001612760e-08,1.347713040e-08,4.112586710e-08,4.112617830e-08,3.875381210e-08,3.896153030e-08,1.496382170e-10
6.309573440e+06,7.774765070e-08,1.347713120e-08,3.995993830e-08,3.996023670e-08,3.765512820e-08,3.785696590e-08,1.464611830e-10
6.493816320e+06,7.554338980e-08,1.347713200e-08,3.882701450e-08,3.882730050e-08,3.658754570e-08,3.678366970e-08,1.433970190e-10
6.683439180e+06,7.340153500e-08,1.347713290e-08,3.772616560e-08,3.772643940e-08,3.555018800e-08,3.574076040e-08,1.404426780e-10
6.878599120e+06,7.132032680e-08,1.347713390e-08,3.665648720e-08,3.665674890e-08,3.454220300e-08,3.472738110e-08,1.375951770e-10
7.079457840e+06,6.929805440e-08,1.347713480e-08,3.561710000e-08,3.561735000e-08,3.356276200e-08,3.374269900e-08,1.348515910e-10
7.286181750e+06,6.733305510e-08,1.347713590e-08,3.460714940e-08,3.460738780e-08,3.261105980e-08,3.278590430e-08,1.322090560e-10
7.498942090e+06,6.542371230e-08,1.347713700e-08,3.362580460e-08,3.362603160e-08,3.168631350e-08,3.185620990e-08,1.296647620e-10
7.717915160e+06,6.356845470e-08,1.347713820e-08,3.267225800e-08,3.267247380e-08,3.078776190e-08,3.095285090e-08,1.272159510e-10
7.943282350e+06,6.176575500e-08,1.347713940e-08,3.174572450e-08,3.174592930e-08,2.991466540e-08,3.007508330e-08,1.248599180e-10
8.175230380e+06,6.001412840e-08,1.347714070e-08,3.084544110e-08,3.084563500e-08,2.906630490e-08,2.922218450e-08,1.225940090e-10
8.413951420e+06,5.831213210e-08,1.347714210e-08,2.997066610e-08,2.997084930e-08,2.824198150e-08,2.839345160e-08,1.204156140e-10
8.659643230e+06,5.665836330e-08,1.347714360e-08,2.912067860e-08,2.912085130e-08,2.744101590e-08,2.758820180e-08,1.183221720e-10
8.912509380e+06,5.505145880e-08,1.347714510e-08,2.829477790e-08,2.829494020e-08,2.666274780e-08,2.680577120e-08,1.163111680e-10
9.172759350e+06,5.349009360e-08,1.347714680e-08,2.749228300e-08,2.749243510e-08,2.590653550e-08,2.604551480e-08,1.143801290e-10
9.440608760e+06,5.197297990e-08,1.347714860e-08,2.671253210e-08,2.671267400e-08,2.517175520e-08,2.530680530e-08,1.125266240e-10
9.716279520e+06,5.049886610e-08,1.347715040e-08,2.595488170e-08,2.595501370e-08,2.445780080e-08,2.458903350e-08,1.107482670e-10
1.000000000e+07,4.906653570e-08,1.347715240e-08,2.521870690e-08,2.521882890e-08,2.376408320e-08,2.389160700e-08,1.090427120e-10
1.029200530e+07,4.767480660e-08,1.347715450e-08,2.450339980e-08,2.450351200e-08,2.309002960e-08,2.321395010e-08,1.074076520e-10
1.059253730e+07,4.632252980e-08,1.347715670e-08,2.380837000e-08,2.380847250e-08,2.243508380e-08,2.255550350e-08,1.058408240e-10
1.090184490e+07,4.500858870e-08,1.347715900e-08,2.313304360e-08,2.313313650e-08,2.179870480e-08,2.191572340e-08,1.043400040e-10
1.122018450e+07,4.373189820e-08,1.347716150e-08,2.247686280e-08,2.247694620e-08,2.118036720e-08,2.129408150e-08,1.029030060e-10
1.154781980e+07,4.249140370e-08,1.347716410e-08,2.183928570e-08,2.183935960e-08,2.057956010e-08,2.069006430e-08,1.015276870e-10
1.188502230e+07,4.128608040e-08,1.347716690e-08,2.121978560e-08,2.121985000e-08,1.999578720e-08,2.010317270e-08,1.002119440e-10
1.223207120e+07,4.011493230e-08,1.347716980e-08,2.061785040e-08,2.061790550e-08,1.942856620e-08,1.953292190e-08,9.895371220e-11
1.258925410e+07,3.897699170e-08,1.347717290e-08,2.003298290e-08,2.003302860e-08,1.887742830e-08,1.897884060e-08,9.775096980e-11
1.295686700e+07,3.787131790e-08,1.347717620e-08,1.946469950e-08,1.946473600e-08,1.834191790e-08,1.844047070e-08,9.660173550e-11
1.333521430e+07,3.679699700e-08,1.347717970e-08,1.891253060e-08,1.891255780e-08,1.782159250e-08,1.791736740e-08,9.550406920e-11
1.372460960e+07,3.575314080e-08,1.347718340e-08,1.837601960e-08,1.837603750e-08,1.731602170e-08,1.740909810e-08,9.445607280e-11
1.412537540e+07,3.473888630e-08,1.347718740e-08,1.785472290e-08,1.785473170e-08,1.682478770e-08,1.691524260e-08,9.345589040e-11
1.453784390e+07,3.375339470e-08,1.347719150e-08,1.734820950e-08,1.734820900e-08,1.634748420e-08,1.643539250e-08,9.250170900e-11
1.496235660e+07,3.279585100e-08,1.347719590e-08,1.685606050e-08,1.685605080e-08,1.588371650e-08,1.596915090e-08,9.159175830e-11
1.539926530e+07,3.186546320e-08,1.347720060e-08,1.637786870e-08,1.637784980e-08,1.543310090e-08,1.551613230e-08,9.072431190e-11
1.584893190e+07,3.096146180e-08,1.347720550e-08,1.591323880e-08,1.591321070e-08,1.499526480e-08,1.507596180e-08,8.989768680e-11
1.631172910e+07,3.008309880e-08,1.347721080e-08,1.546178620e-08,1.546174880e-08,1.456984590e-08,1.464827550e-08,8.911024440e-11
1.678804020e+07,2.922964780e-08,1.347721630e-08,1.502313760e-08,1.502309090e-08,1.415649240e-08,1.423271930e-08,8.836039020e-11
1.727825980e+07,2.840040240e-08,1.347722220e-08,1.459693000e-08,1.459687400e-08,1.375486210e-08,1.382894960e-08,8.764657430e-11
1.778279410e+07,2.759467660e-08,1.347722840e-08,1.418281070e-08,1.418274530e-08,1.336462280e-08,1.343663230e-08,8.696729150e-11
1.830206110e+07,2.681180360e-08,1.347723500e-08,1.378043700e-08,1.378036220e-08,1.298545160e-08,1.305544260e-08,8.632108100e-11
1.883649090e+07,2.605113560e-08,1.347724200e-08,1.338947600e-08,1.338939170e-08,1.261703470e-08,1.268506520e-08,8.570652680e-11
1.938652640e+07,2.531204300e-08,1.347724940e-08,1.300960410e-08,1.300951020e-08,1.225906710e-08,1.232519350e-08,8.512225740e-11
1.995262310e+07,2.459391410e-08,1.347725720e-08,1.264050690e-08,1.264040340e-08,1.191125260e-08,1.197552960e-08,8.456694540e-11
2.053525030e+07,2.389615460e-08,1.347726550e-08,1.228187890e-08,1.228176570e-08,1.157330330e-08,1.163578420e-08,8.403930740e-11
2.113489040e+07,2.321818680e-08,1.347727430e-08,1.193342320e-08,1.193330020e-08,1.124493950e-08,1.130567600e-08,8.353810360e-11
2.175204030e+07,2.255944950e-08,1.347728360e-08,1.159485150e-08,1.159471850e-08,1.092588940e-08,1.098493180e-08,8.306213760e-11
2.238721140e+07,2.191939750e-08,1.347729340e-08,1.126588330e-08,1.126574030e-08,1.061588880e-08,1.067328600e-08,8.261025530e-11
2.304092980e+07,2.129750080e-08,1.347730390e-08,1.094624650e-08,1.094609330e-08,1.031468110e-08,1.037048070e-08,8.218134480e-11
2.371373710e+07,2.069324470e-08,1.347731490e-08,1.063567630e-08,1.063551290e-08,1.002201690e-08,1.007626510e-08,8.177433570e-11
2.440619070e+07,2.010612870e-08,1.347732660e-08,1.033391560e-08,1.033374180e-08,9.737654030e-09,9.790395750e-09,8.138819810e-11
2.511886430e+07,1.953566680e-08,1.347733900e-08,1.004071470e-08,1.004053030e-08,9.461356910e-09,9.512635840e-09,8.102194220e-11
2.585234840e+07,1.898138680e-08,1.347735220e-08,9.755830600e-09,9.755635510e-09,9.192896820e-09,9.242755420e-09,8.067461710e-11
2.660725060e+07,1.844282950e-08,1.347736610e-08,9.479027570e-09,9.478821610e-09,8.932051470e-09,8.980531050e-09,8.034531020e-11
2.738419630e+07,1.791954910e-08,1.347738090e-08,9.210076370e-09,9.209859370e-09,8.678604860e-09,8.725745570e-09,8.003314620e-11
2.818382930e+07,1.741111230e-08,1.347739650e-08,8.948754280e-09,8.948526070e-09,8.432347130e-09,8.478188020e-09,7.973728620e-11
2.900681200e+07,1.691709800e-08,1.347741300e-08,8.694844920e-09,8.694605300e-09,8.193074350e-09,8.237653400e-09,7.945692650e-11
2.985382620e+07,1.643709710e-08,1.347743060e-08,8.448138010e-09,8.447886780e-09,7.960588380e-09,8.003942510e-09,7.919129790e-11
3.072557370e+07,1.597071220e-08,1.347744910e-08,8.208429250e-09,8.208166210e-09,7.734696690e-09,7.776861810e-09,7.893966460e-11
3.162277660e+07,1.551755690e-08,1.347746880e-08,7.975520130e-09,7.975245060e-09,7.515212210e-09,7.556223250e-09,7.870132320e-11
3.254617830e+07,1.507725610e-08,1.347748960e-08,7.749217750e-09,7.748930420e-09,7.301953160e-09,7.341844100e-09,7.847560130e-11
3.349654390e+07,1.464944500e-08,1.347751170e-08,7.529334700e-09,7.529034880e-09,7.094742940e-09,7.133546820e-09,7.826185700e-11
3.447466070e+07,1.423376940e-08,1.347753510e-08,7.315688870e-09,7.315376300e-09,6.893409930e-09,6.931158890e-09,7.805947760e-11
3.548133890e+07,1.382988490e-08,1.347755980e-08,7.108103310e-09,7.107777750e-09,6.697787380e-09,6.734512690e-09,7.786787840e-11
3.651741270e+07,1.343745710e-08,1.347758600e-08,6.906406100e-09,6.906067260e-09,6.507713270e-09,6.543445350e-09,7.768650190e-11
3.758374040e+07,1.305616100e-08,1.347761380e-08,6.710430180e-09,6.710077790e-09,6.323030170e-09,6.357798620e-09,7.751481690e-11
3.868120550e+07,1.268568060e-08,1.347764320e-08,6.520013240e-09,6.519647000e-09,6.143585110e-09,6.177418740e-09,7.735231690e-11
3.981071710e+07,1.232570930e-08,1.347767440e-08,6.334997540e-09,6.334617160e-09,5.969229480e-09,6.002156310e-09,7.719851980e-11
4.097321100e+07,1.197594870e-08,1.347770740e-08,6.155229860e-09,6.154835020e-09,5.799818850e-09,5.831866160e-09,7.705296660e-11
4.216965030e+07,1.163610920e-08,1.347774240e-08,5.980561290e-09,5.980151660e-09,5.635212900e-09,5.666407230e-09,7.691522030e-11
4.340102640e+07,1.130590940e-08,1.347777940e-08,5.810847140e-09,5.810422390e-09,5.475275280e-09,5.505642480e-09,7.678486520e-11
4.466835920e+07,1.098507570e-08,1.347781870e-08,5.645946860e-09,5.645506630e-09,5.319873530e-09,5.349438750e-09,7.666150600e-11
4.597269890e+07,1.067334230e-08,1.347786020e-08,5.485723830e-09,5.485267760e-09,5.168878910e-09,5.197666640e-09,7.654476660e-11
4.731512590e+07,1.037045100e-08,1.347790420e-08,5.330045360e-09,5.329573070e-09,5.022166360e-09,5.050200440e-09,7.643428980e-11
4.869675250e+07,1.007615100e-08,1.347795090e-08,5.178782470e-09,5.178293570e-09,4.879614330e-09,4.906918000e-09,7.632973560e-11
5.011872340e+07,9.790198420e-09,1.347800030e-08,5.031809880e-09,5.031303970e-09,4.741104770e-09,4.767700620e-09,7.623078140e-11
5.158221650e+07,9.512356430e-09,1.347805260e-08,4.889005830e-09,4.888482500e-09,4.606522920e-09,4.632433000e-09,7.613712030e-11
5.308844440e+07,9.242394870e-09,1.347810800e-08,4.750252040e-09,4.749710850e-09,4.475757300e-09,4.501003070e-09,7.604846100e-11
5.463865500e+07,8.980090120e-09,1.347816670e-08,4.615433570e-09,4.614874060e-09,4.348699600e-09,4.373301960e-09,7.596452660e-11
5.623413250e+07,8.725224880e-09,1.347822890e-08,4.484438730e-09,4.483860460e-09,4.225244560e-09,4.249223900e-09,7.588505420e-11
5.787619880e+07,8.477588040e-09,1.347829470e-08,4.357159020e-09,4.356561500e-09,4.105289920e-09,4.128666100e-09,7.580979400e-11
5.956621440e+07,8.236974440e-09,1.347836450e-08,4.233488990e-09,4.232871730e-09,3.988736300e-09,4.011528680e-09,7.573850890e-11
6.130557920e+07,8.003184780e-09,1.347843840e-08,4.113326200e-09,4.112688690e-09,3.875487160e-09,3.897714610e-09,7.567097340e-11
6.309573440e+07,7.776025380e-09,1.347851660e-08,3.996571100e-09,3.995912820e-09,3.765448680e-09,3.787129620e-09,7.560697350e-11
6.493816320e+07,7.555308070e-09,1.347859950e-08,3.883126990e-09,3.882447390e-09,3.658529710e-09,3.679682080e-09,7.554630590e-11
6.683439180e+07,7.340849990e-09,1.347868740e-08,3.772899870e-09,3.772198400e-09,3.554641660e-09,3.575283000e-09,7.548877720e-11
6.878599120e+07,7.132473500e-09,1.347878040e-08,3.665798440e-09,3.665074510e-09,3.453698490e-09,3.473845880e-09,7.543420390e-11
7.079457840e+07,6.930005970e-09,1.347887890e-08,3.561733980e-09,3.560987000e-09,3.355616570e-09,3.375286690e-09,7.538241120e-11
7.286181750e+07,6.733279670e-09,1.347898320e-08,3.460620270e-09,3.459849620e-09,3.260314650e-09,3.279523790e-09,7.533323320e-11
7.498942090e+07,6.542131630e-09,1.347909380e-08,3.362373550e-09,3.361578600e-09,3.167713780e-09,3.186477840e-09,7.528651190e-11
7.717915160e+07,6.356403510e-09,1.347921090e-08,3.266912440e-09,3.266092530e-09,3.077737250e-09,3.096071770e-09,7.524209690e-11
7.943282350e+07,6.175941450e-09,1.347933490e-08,3.174157840e-09,3.173312310e-09,2.990310510e-09,3.008230670e-09,7.519984490e-11
8.175230380e+07,6.000595930e-09,1.347946620e-08,3.084032930e-09,3.083161070e-09,2.905361150e-09,2.922881780e-09,7.515961970e-11
8.413951420e+07,5.830221710e-09,1.347960540e-08,2.996463030e-09,2.995564130e-09,2.822818780e-09,2.839954400e-09,7.512129100e-11
8.659643230e+07,5.664677640e-09,1.347975270e-08,2.911375600e-09,2.910448930e-09,2.742615040e-09,2.759379810e-09,7.508473470e-11
8.912509380e+07,5.503826580e-09,1.347990880e-08,2.828700160e-09,2.827744950e-09,2.664683470e-09,2.681091270e-09,7.504983220e-11
9.172759350e+07,5.347535270e-09,1.348007420e-08,2.748368220e-09,2.747383680e-09,2.588959520e-09,2.605023930e-09,7.501647020e-11
9.440608760e+07,5.195674240e-09,1.348024930e-08,2.670313220e-09,2.669298540e-09,2.515380450e-09,2.531114760e-09,7.498454030e-11
9.716279520e+07,5.048117690e-09,1.348043480e-08,2.594470500e-09,2.593424860e-09,2.443885320e-09,2.459302540e-09,7.495393850e-11
1.000000000e+08,4.904743370e-09,1.348063130e-08,2.520777230e-09,2.519699770e-09,2.374414890e-09,2.389527770e-09,7.492456500e-11
1.029200530e+08,4.765432510e-09,1.348083940e-08,2.449172360e-09,2.448062210e-09,2.306911610e-09,2.321732660e-09,7.489632410e-11
1.059253730e+08,4.630069690e-09,1.348105980e-08,2.379596580e-09,2.378452810e-09,2.241319560e-09,2.255861020e-09,7.486912360e-11
1.090184490e+08,4.498542790e-09,1.348129330e-08,2.311992230e-09,2.310813930e-09,2.177584410e-09,2.191858300e-09,7.484287460e-11
1.122018450e+08,4.370742830e-09,1.348154060e-08,2.246303330e-09,2.245089520e-09,2.115653350e-09,2.129671470e-09,7.481749140e-11
1.154781980e+08,4.246563960e-09,1.348180250e-08,2.182475450e-09,2.181225140e-09,2.055475090e-09,2.069249010e-09,7.479289090e-11
1.188502230e+08,4.125903280e-09,1.348207990e-08,2.120455710e-09,2.119167880e-09,1.996999760e-09,2.010540860e-09,7.476899250e-11
1.223207120e+08,4.008660850e-09,1.348237370e-08,2.060192730e-09,2.058866340e-09,1.940178930e-09,1.953498380e-09,7.474571820e-11
1.258925410e+08,3.894739540e-09,1.348268490e-08,2.001636600e-09,2.000270560e-09,1.884965520e-09,1.898074330e-09,7.472299150e-11
1.295686700e+08,3.784044980e-09,1.348301450e-08,1.944738800e-09,1.943332010e-09,1.831313810e-09,1.844222780e-09,7.470073820e-11
1.333521430e+08,3.676485460e-09,1.348336360e-08,1.889452200e-09,1.888003510e-09,1.779179340e-09,1.791899110e-09,7.467888530e-11
1.372460960e+08,3.571971890e-09,1.348373340e-08,1.835731000e-09,1.834239240e-09,1.728518930e-09,1.741059990e-09,7.465736120e-11
1.412537540e+08,3.470417680e-09,1.348412500e-08,1.783530690e-09,1.781994650e-09,1.679290620e-09,1.691663290e-09,7.463609550e-11
1.453784390e+08,3.371738710e-09,1.348453980e-08,1.732808040e-09,1.731226480e-09,1.631453610e-09,1.643668080e-09,7.461501850e-11
1.496235660e+08,3.275853220e-09,1.348497910e-08,1.683521030e-09,1.681892670e-09,1.584968300e-09,1.597034610e-09,7.459406130e-11
1.539926530e+08,3.182681810e-09,1.348544430e-08,1.635628820e-09,1.633952350e-09,1.539796180e-09,1.551724250e-09,7.457315520e-11
1.584893190e+08,3.092147270e-09,1.348593710e-08,1.589091760e-09,1.587365820e-09,1.495899820e-09,1.507699440e-09,7.455223210e-11
1.631172910e+08,3.004174630e-09,1.348645900e-08,1.543871270e-09,1.542094480e-09,1.453242870e-09,1.464923730e-09,7.453122340e-11
1.678804020e+08,2.918691000e-09,1.348701170e-08,1.499929920e-09,1.498100860e-09,1.411790000e-09,1.423361670e-09,7.451006080e-11
1.727825980e+08,2.835625580e-09,1.348759700e-08,1.457231300e-09,1.455348490e-09,1.371506880e-09,1.382978830e-09,7.448867530e-11
1.778279410e+08,2.754909570e-09,1.348821700e-08,1.415740050e-09,1.413801990e-09,1.332360140e-09,1.343741750e-09,7.446699710e-11
1.830206110e+08,2.676476100e-09,1.348887350e-08,1.375421790e-09,1.373426940e-09,1.294317360e-09,1.305617930e-09,7.444495590e-11
1.883649090e+08,2.600260220e-09,1.348956880e-08,1.336243140e-09,1.334189910e-09,1.257347030e-09,1.268575780e-09,7.442248020e-11
1.938652640e+08,2.526198790e-09,1.349030510e-08,1.298171640e-09,1.296058390e-09,1.221418550e-09,1.232584620e-09,7.439949710e-11
1.995262310e+08,2.454230490e-09,1.349108490e-08,1.261175760e-09,1.259000830e-09,1.186502150e-09,1.197614620e-09,7.437593230e-11
2.053525030e+08,2.384295700e-09,1.349191070e-08,1.225224860e-09,1.222986530e-09,1.152568920e-09,1.163636810e-09,7.435170970e-11
2.113489040e+08,2.316336500e-09,1.349278520e-08,1.190289180e-09,1.187985680e-09,1.119590780e-09,1.130623050e-09,7.432675140e-11
2.175204030e+08,2.250296620e-09,1.349371130e-08,1.156339770e-09,1.153969300e-09,1.087540420e-09,1.098545990e-09,7.430097720e-11
2.238721140e+08,2.186121380e-09,1.349469190e-08,1.123348530e-09,1.120909230e-09,1.056391290e-09,1.067379040e-09,7.427430450e-11
2.304092980e+08,2.123757630e-09,1.349573030e-08,1.091288140e-09,1.088778110e-09,1.026117630e-09,1.037096390e-09,7.424664790e-11
2.371373710e+08,2.063153730e-09,1.349683000e-08,1.060132060e-09,1.057549340e-09,9.966943680e-10,1.007672950e-09,7.421791950e-11
2.440619070e+08,2.004259510e-09,1.349799430e-08,1.029854480e-09,1.027197080e-09,9.680971550e-10,9.790843380e-10,7.418802780e-11
2.511886430e+08,1.947026220e-09,1.349922730e-08,1.000430340e-09,9.976962160e-10,9.403023280e-10,9.513068770e-10,7.415687830e-11
2.585234840e+08,1.891406470e-09,1.350053270e-08,9.718352980e-10,9.690223390e-10,9.132868890e-10,9.243175500e-10,7.412437250e-11
2.660725060e+08,1.837354230e-09,1.350191500e-08,9.440456710e-10,9.411517320e-10,8.870284890e-10,8.980939970e-10,7.409040820e-11
2.738419630e+08,1.784824760e-09,1.350337850e-08,9.170384650e-10,9.140613440e-10,8.615054090e-10,8.726144920e-10,7.405487900e-11
2.818382930e+08,1.733774600e-09,1.350492810e-08,8.907913320e-10,8.877287760e-10,8.366965420e-10,8.478579270e-10,7.401767390e-11
2.900681200e+08,1.684161500e-09,1.350656870e-08,8.652825540e-10,8.621322600e-10,8.125813770e-10,8.238037900e-10,7.397867720e-11
2.985382620e+08,1.635944420e-09,1.350830560e-08,8.404910300e-10,8.372506400e-10,7.891399790e-10,8.004321540e-10,7.393776840e-11
3.072557370e+08,1.589083470e-09,1.351014440e-08,8.163962530e-10,8.130633600e-10,7.663529780e-10,7.777236550e-10,7.389482140e-11
3.162277660e+08,1.543539910e-09,1.351209110e-08,7.929783000e-10,7.895504400e-10,7.442015480e-10,7.556594800e-10,7.384970440e-11
3.254617830e+08,1.499276070e-09,1.351415180e-08,7.702178070e-10,7.666924680e-10,7.226673960e-10,7.342213480e-10,7.380228000e-11
3.349654390e+08,1.456255370e-09,1.351633330e-08,7.480959630e-10,7.444705780e-10,7.017327440e-10,7.133914990e-10,7.375240430e-11
3.447466070e+08,1.414442250e-09,1.351864240e-08,7.265944850e-10,7.228664360e-10,6.813803160e-10,6.931526750e-10,7.369992700e-11
3.548133890e+08,1.373802160e-09,1.352108660e-08,7.056956120e-10,7.018622300e-10,6.615933240e-10,6.734881090e-10,7.364469070e-11
3.651741270e+08,1.334301550e-09,1.352367370e-08,6.853820840e-10,6.814406470e-10,6.423554560e-10,6.543815070e-10,7.358653100e-11
3.758374040e+08,1.295907790e-09,1.352641180e-08,6.656371310e-10,6.615848700e-10,6.236508610e-10,6.358170420e-10,7.352527600e-11
3.868120550e+08,1.258589200e-09,1.352930970e-08,6.464444590e-10,6.422785540e-10,6.054641360e-10,6.177793310e-10,7.346074580e-11
3.981071710e+08,1.222315000e-09,1.353237650e-08,6.277882370e-10,6.235058210e-10,5.877803160e-10,6.002534310e-10,7.339275250e-11
4.097321100e+08,1.187055270e-09,1.353562200e-08,6.096530850e-10,6.052512440e-10,5.705848610e-10,5.832248210e-10,7.332109960e-11
4.216965030e+08,1.152780950e-09,1.353905620e-08,5.920240590e-10,5.874998350e-10,5.538636430e-10,5.666793940e-10,7.324558190e-11
4.340102640e+08,1.119463830e-09,1.354269010e-08,5.748866410e-10,5.702370360e-10,5.376029400e-10,5.506034400e-10,7.316598500e-11
4.466835920e+08,1.087076460e-09,1.354653490e-08,5.582267310e-10,5.534487020e-10,5.217894180e-10,5.349836410e-10,7.308208510e-11
4.597269890e+08,1.055592220e-09,1.355060260e-08,5.420306270e-10,5.371210980e-10,5.064101280e-10,5.198070550e-10,7.299364890e-11
4.731512590e+08,1.024985230e-09,1.355490580e-08,5.262850230e-10,5.212408820e-10,4.914524910e-10,5.050611090e-10,7.290043290e-11
4.869675250e+08,9.952303650e-10,1.355945790e-08,5.109769930e-10,5.057950980e-10,4.769042910e-10,4.907335840e-10,7.280218350e-11
5.011872340e+08,9.663032070e-10,1.356427280e-08,4.960939840e-10,4.907711660e-10,4.627536640e-10,4.768126100e-10,7.269863660e-11
5.158221650e+08,9.381800580e-10,1.356936530e-08,4.816238060e-10,4.761568720e-10,4.489890920e-10,4.632866520e-10,7.258951760e-11
5.308844440e+08,9.108379000e-10,1.357475090e-08,4.675546190e-10,4.619403590e-10,4.355993900e-10,4.501445050e-10,7.247454090e-11
5.463865500e+08,8.842543840e-10,1.358044600e-08,4.538749280e-10,4.481101210e-10,4.225737030e-10,4.373752780e-10,7.235341010e-11
5.623413250e+08,8.584078130e-10,1.358646780e-08,4.405735730e-10,4.346549910e-10,4.099014960e-10,4.249683920e-10,7.222581760e-11
5.787619880e+08,8.332771240e-10,1.359283430e-08,4.276397200e-10,4.215641350e-10,3.975725420e-10,4.129135660e-10,7.209144480e-11
5.956621440e+08,8.088418730e-10,1.359956450e-08,4.150628530e-10,4.088270440e-10,3.855769230e-10,4.012008120e-10,7.194996210e-11
6.130557920e+08,7.850822200e-10,1.360667850e-08,4.028327670e-10,3.964335270e-10,3.739050170e-10,3.898204250e-10,7.180102860e-11
6.309573440e+08,7.619789120e-10,1.361419700e-08,3.909395580e-10,3.843737040e-10,3.625474930e-10,3.787629750e-10,7.164429290e-11
6.493816320e+08,7.395132720e-10,1.362214220e-08,3.793736180e-10,3.726380010e-10,3.514953050e-10,3.680192990e-10,7.147939260e-11
6.683439180e+08,7.176671800e-10,1.363053710e-08,3.681256270e-10,3.612171380e-10,3.407396850e-10,3.575804950e-10,7.130595510e-11
6.878599120e+08,6.964230660e-10,1.363940580e-08,3.571865470e-10,3.501021300e-10,3.302721390e-10,3.474379130e-10,7.112359780e-11
7.079457840e+08,6.757638920e-10,1.364877360e-08,3.465476130e-10,3.392842790e-10,3.200844380e-10,3.375831480e-10,7.093192860e-11
7.286181750e+08,6.556731430e-10,1.365866710e-08,3.362003290e-10,3.287551640e-10,3.101686170e-10,3.280080340e-10,7.073054650e-11
7.498942090e+08,6.361348110e-10,1.366911400e-08,3.261364600e-10,3.185066420e-10,3.005169650e-10,3.187046340e-10,7.051904230e-11
7.717915160e+08,6.171333870e-10,1.368014330e-08,3.163480300e-10,3.085308390e-10,2.911220240e-10,3.096652410e-10,7.029699950e-11
7.943282350e+08,5.986538470e-10,1.369178510e-08,3.068273100e-10,2.988201470e-10,2.819765800e-10,3.008823610e-10,7.006399510e-11
8.175230380e+08,5.806816430e-10,1.370407110e-08,2.975668150e-10,2.893672160e-10,2.730736650e-10,2.923487170e-10,6.981960100e-11
8.413951420e+08,5.632026910e-10,1.371703420e-08,2.885593020e-10,2.801649550e-10,2.644065440e-10,2.840572350e-10,6.956338500e-11
8.659643230e+08,5.462033580e-10,1.373070860e-08,2.797977590e-10,2.712065220e-10,2.559687170e-10,2.760010430e-10,6.929491230e-11
8.912509380e+08,5.296704590e-10,1.374513000e-08,2.712754020e-10,2.624853240e-10,2.477539130e-10,2.681734640e-10,6.901374720e-11
9.172759350e+08,5.135912360e-10,1.376033550e-08,2.629856720e-10,2.539950070e-10,2.397560820e-10,2.605680110e-10,6.871945460e-11
9.440608760e+08,4.979533590e-10,1.377636340e-08,2.549222260e-10,2.457294600e-10,2.319693960e-10,2.531783770e-10,6.841160200e-11
9.716279520e+08,4.827449070e-10,1.379325380e-08,2.470789340e-10,2.376828020e-10,2.243882430e-10,2.459984390e-10,6.808976160e-11
1.000000000e+09,4.679543640e-10,1.381104770e-08,2.394498720e-10,2.298493840e-10,2.170072210e-10,2.390222440e-10,6.775351270e-11
1.029200530e+09,4.535706040e-10,1.382978790e-08,2.320293210e-10,2.222237820e-10,2.098211350e-10,2.322440090e-10,6.740244360e-11
1.059253730e+09,4.395828870e-10,1.384951850e-08,2.248117580e-10,2.148007920e-10,2.028249910e-10,2.256581150e-10,6.703615460e-11
1.090184490e+09,4.259808420e-10,1.387028460e-08,2.177918500e-10,2.075754270e-10,1.960139960e-10,2.192591010e-10,6.665426060e-11
1.122018450e+09,4.127544620e-10,1.389213300e-08,2.109644520e-10,2.005429120e-10,1.893835460e-10,2.130416610e-10,6.625639360e-11
1.154781980e+09,3.998940910e-10,1.391511160e-08,2.043246020e-10,1.936986760e-10,1.829292270e-10,2.070006420e-10,6.584220630e-11
1.188502230e+09,3.873904130e-10,1.393926930e-08,1.978675100e-10,1.870383530e-10,1.766468080e-10,2.011310330e-10,6.541137420e-11
1.223207120e+09,3.752344410e-10,1.396465630e-08,1.915885570e-10,1.805577700e-10,1.705322340e-10,1.954279670e-10,6.496359960e-11
1.258925410e+09,3.634175080e-10,1.399132360e-08,1.854832890e-10,1.742529430e-10,1.645816220e-10,1.898867170e-10,6.449861400e-11
1.295686700e+09,3.519312530e-10,1.401932320e-08,1.795474090e-10,1.681200760e-10,1.587912540e-10,1.845026850e-10,6.401618190e-11
1.333521430e+09,3.407676080e-10,1.404870770e-08,1.737767720e-10,1.621555460e-10,1.531575730e-10,1.792714080e-10,6.351610330e-11
1.372460960e+09,3.299187900e-10,1.407953030e-08,1.681673780e-10,1.563559030e-10,1.476771730e-10,1.741885470e-10,6.299821740e-11
1.412537540e+09,3.193772840e-10,1.411184470e-08,1.627153670e-10,1.507178580e-10,1.423467940e-10,1.692498870e-10,6.246240510e-11
1.453784390e+09,3.091358310e-10,1.414570450e-08,1.574170100e-10,1.452382800e-10,1.371633140e-10,1.644513320e-10,6.190859220e-11
1.496235660e+09,2.991874170e-10,1.418116360e-08,1.522687030e-10,1.399141840e-10,1.321237430e-10,1.597889030e-10,6.133675160e-11
1.539926530e+09,2.895252570e-10,1.421827540e-08,1.472669600e-10,1.347427260e-10,1.272252120e-10,1.552587310e-10,6.074690640e-11
1.584893190e+09,2.801427830e-10,1.425709270e-08,1.424084090e-10,1.297211920e-10,1.224649680e-10,1.508570620e-10,6.013913170e-11
1.631172910e+09,2.710336280e-10,1.429766760e-08,1.376897770e-10,1.248469880e-10,1.178403630e-10,1.465802430e-10,5.951355620e-11
1.678804020e+09,2.621916140e-10,1.434005090e-08,1.331078910e-10,1.201176370e-10,1.133488500e-10,1.424247280e-10,5.887036460e-11
1.727825980e+09,2.536107370e-10,1.438429200e-08,1.286596670e-10,1.155307620e-10,1.089879660e-10,1.383870720e-10,5.820979770e-11
1.778279410e+09,2.452851540e-10,1.443043830e-08,1.243421020e-10,1.110840800e-10,1.047553320e-10,1.344639250e-10,5.753215410e-11
1.830206110e+09,2.372091680e-10,1.447853500e-08,1.201522690e-10,1.067753930e-10,1.006486390e-10,1.306520350e-10,5.683778990e-11
1.883649090e+09,2.293772160e-10,1.452862450e-08,1.160873080e-10,1.026025770e-10,9.666563990e-11,1.269482410e-10,5.612711860e-11
1.938652640e+09,2.217838530e-10,1.458074620e-08,1.121444210e-10,9.856357190e-11,9.280414190e-11,1.233494720e-10,5.540061060e-11
1.995262310e+09,2.144237450e-10,1.463493580e-08,1.083208630e-10,9.465637440e-11,8.906199750e-11,1.198527460e-10,5.465879220e-11
2.053525030e+09,2.072916490e-10,1.469122510e-08,1.046139410e-10,9.087902500e-11,8.543709600e-11,1.164551620e-10,5.390224350e-11
2.113489040e+09,2.003824100e-10,1.474964120e-08,1.010210000e-10,8.722960090e-11,8.192735560e-11,1.131539060e-10,5.313159680e-11
2.175204030e+09,1.936909450e-10,1.481020640e-08,9.753942530e-11,8.370620660e-11,7.853071630e-11,1.099462410e-10,5.234753380e-11
2.238721140e+09,1.872122350e-10,1.487293730e-08,9.416663420e-11,8.030696490e-11,7.524513250e-11,1.068295100e-10,5.155078240e-11
2.304092980e+09,1.809413170e-10,1.493784480e-08,9.090007110e-11,7.703000870e-11,7.206856680e-11,1.038011300e-10,5.074211370e-11
2.371373710e+09,1.748732750e-10,1.500493310e-08,8.773720480e-11,7.387347310e-11,6.899898380e-11,1.008585930e-10,4.992233780e-11
2.440619070e+09,1.690032360e-10,1.507419980e-08,8.467552460e-11,7.083548750e-11,6.603434550e-11,9.799946070e-11,4.909230010e-11
2.511886430e+09,1.633263610e-10,1.514563480e-08,8.171253810e-11,6.791416890e-11,6.317260610e-11,9.522136640e-11,4.825287640e-11
2.585234840e+09,1.578378430e-10,1.521922060e-08,7.884576880e-11,6.510761490e-11,6.041170850e-11,9.252200970e-11,4.740496890e-11
2.660725060e+09,1.525329050e-10,1.529493150e-08,7.607275470e-11,6.241389730e-11,5.774958170e-11,8.989915590e-11,4.654950060e-11
2.738419630e+09,1.474067950e-10,1.537273330e-08,7.339104740e-11,5.983105650e-11,5.518413770e-11,8.735063430e-11,4.568741150e-11
2.818382930e+09,1.424547870e-10,1.545258320e-08,7.079821200e-11,5.735709550e-11,5.271327050e-11,8.487433580e-11,4.481965260e-11
2.900681200e+09,1.376721810e-10,1.553442940e-08,6.829182700e-11,5.498997510e-11,5.033485530e-11,8.246821160e-11,4.394718190e-11
2.985382620e+09,1.330543040e-10,1.561821110e-08,6.586948560e-11,5.272760830e-11,4.804674800e-11,8.013027130e-11,4.307095900e-11
3.072557370e+09,1.285965100e-10,1.570385820e-08,6.352879630e-11,5.056785640e-11,4.584678620e-11,7.785858120e-11,4.219194050e-11
3.162277660e+09,1.242941870e-10,1.579129150e-08,6.126738520e-11,4.850852410e-11,4.373278980e-11,7.565126270e-11,4.131107600e-11
3.254617830e+09,1.201427550e-10,1.588042270e-08,5.908289760e-11,4.654735540e-11,4.170256340e-11,7.350649080e-11,4.042930320e-11
3.349654390e+09,1.161376750e-10,1.597115450e-08,5.697300060e-11,4.468202970e-11,3.975389800e-11,7.142249250e-11,3.954754410e-11
3.447466070e+09,1.122744510e-10,1.606338080e-08,5.493538540e-11,4.291015810e-11,3.788457400e-11,6.939754520e-11,3.866670180e-11
3.548133890e+09,1.085486320e-10,1.615698710e-08,5.296777060e-11,4.122928050e-11,3.609236410e-11,6.742997540e-11,3.778765620e-11
3.651741270e+09,1.049558240e-10,1.625185100e-08,5.106790460e-11,3.963686250e-11,3.437503660e-11,6.551815730e-11,3.691126180e-11
3.758374040e+09,1.014916890e-10,1.634784210e-08,4.923356900e-11,3.813029310e-11,3.273035920e-11,6.366051110e-11,3.603834490e-11
3.868120550e+09,9.815195220e-11,1.644482360e-08,4.746258140e-11,3.670688410e-11,3.115610280e-11,6.185550220e-11,3.516970100e-11
3.981071710e+09,9.493240770e-11,1.654265170e-08,4.575279830e-11,3.536386880e-11,2.965004510e-11,6.010163950e-11,3.430609320e-11
4.097321100e+09,9.182892300e-11,1.664117730e-08,4.410211820e-11,3.409840340e-11,2.820997490e-11,5.839747430e-11,3.344825070e-11
4.216965030e+09,8.883744370e-11,1.674024620e-08,4.250848430e-11,3.290756860e-11,2.683369600e-11,5.674159910e-11,3.259686760e-11
4.340102640e+09,8.595399760e-11,1.683969980e-08,4.096988700e-11,3.178837390e-11,2.551903090e-11,5.513264620e-11,3.175260200e-11
4.466835920e+09,8.317469960e-11,1.693937650e-08,3.948436660e-11,3.073776230e-11,2.426382460e-11,5.356928690e-11,3.091607570e-11
4.597269890e+09,8.049575450e-11,1.703911180e-08,3.805001490e-11,2.975261810e-11,2.306594860e-11,5.205023010e-11,3.008787370e-11
4.731512590e+09,7.791346090e-11,1.713873960e-08,3.666497780e-11,2.882977570e-11,2.192330380e-11,5.057422130e-11,2.926854480e-11
4.869675250e+09,7.542421350e-11,1.723809310e-08,3.532745630e-11,2.796603060e-11,2.083382430e-11,4.914004170e-11,2.845860180e-11
5.011872340e+09,7.302450580e-11,1.733700520e-08,3.403570860e-11,2.715815210e-11,1.979548020e-11,4.774650680e-11,2.765852160e-11
5.158221650e+09,7.071093170e-11,1.743530980e-08,3.278805040e-11,2.640289740e-11,1.880628000e-11,4.639246590e-11,2.686874690e-11
5.308844440e+09,6.848018690e-11,1.753284230e-08,3.158285640e-11,2.569702710e-11,1.786427390e-11,4.507680080e-11,2.608968630e-11
5.463865500e+09,6.632907010e-11,1.762944020e-08,3.041856050e-11,2.503732130e-11,1.696755530e-11,4.379842490e-11,2.532171620e-11
5.623413250e+09,6.425448310e-11,1.772494400e-08,2.929365610e-11,2.442059660e-11,1.611426310e-11,4.255628230e-11,2.456518110e-11
5.787619880e+09,6.225343080e-11,1.781919760e-08,2.820669600e-11,2.384372250e-11,1.530258340e-11,4.134934730e-11,2.382039590e-11
5.956621440e+09,6.032302130e-11,1.791204900e-08,2.715629210e-11,2.330363790e-11,1.453075070e-11,4.017662300e-11,2.308764630e-11
6.130557920e+09,5.846046500e-11,1.800335060e-08,2.614111520e-11,2.279736630e-11,1.379704920e-11,3.903714060e-11,2.236719100e-11
6.309573440e+09,5.666307310e-11,1.809295930e-08,2.515989390e-11,2.232203040e-11,1.309981370e-11,3.792995890e-11,2.165926250e-11
6.493816320e+09,5.492825700e-11,1.818073720e-08,2.421141340e-11,2.187486430e-11,1.243743020e-11,3.685416320e-11,2.096406860e-11
6.683439180e+09,5.325352620e-11,1.826655180e-08,2.329451490e-11,2.145322470e-11,1.180833600e-11,3.580886480e-11,2.028179410e-11
6.878599120e+09,5.163648650e-11,1.835027550e-08,2.240809380e-11,2.105459990e-11,1.121102060e-11,3.479320000e-11,1.961260160e-11
7.079457840e+09,5.007483820e-11,1.843178620e-08,2.155109810e-11,2.067661650e-11,1.064402510e-11,3.380632960e-11,1.895663300e-11
7.286181750e+09,4.856637370e-11,1.851096700e-08,2.072252680e-11,2.031704480e-11,1.010594190e-11,3.284743800e-11,1.831401040e-11
7.498942090e+09,4.710897500e-11,1.858770600e-08,1.992142810e-11,1.997380150e-11,9.595414930e-12,3.191573300e-11,1.768483770e-11
7.717915160e+09,4.570061150e-11,1.866189640e-08,1.914689720e-11,1.964495110e-11,9.111138640e-12,3.101044430e-11,1.706920080e-11
7.943282350e+09,4.433933750e-11,1.873343570e-08,1.839807460e-11,1.932870580e-11,8.651857460e-12,3.013082380e-11,1.646716900e-11
8.175230380e+09,4.302328920e-11,1.880222620e-08,1.767414340e-11,1.902342330e-11,8.216365040e-12,2.927614440e-11,1.587879570e-11
8.413951420e+09,4.175068250e-11,1.886817390e-08,1.697432760e-11,1.872760390e-11,7.803503320e-12,2.844569940e-11,1.530411910e-11
8.659643230e+09,4.051980980e-11,1.893118840e-08,1.629788940e-11,1.843988640e-11,7.412161560e-12,2.763880250e-11,1.474316230e-11
8.912509380e+09,3.932903790e-11,1.899118280e-08,1.564412700e-11,1.815904320e-11,7.041275240e-12,2.685478630e-11,1.419593450e-11
9.172759350e+09,3.817680500e-11,1.904807310e-08,1.501237260e-11,1.788397440e-11,6.689824960e-12,2.609300270e-11,1.366243100e-11
9.440608760e+09,3.706161790e-11,1.910177740e-08,1.440198950e-11,1.761370170e-11,6.356835210e-12,2.535282160e-11,1.314263350e-11
9.716279520e+09,3.598204980e-11,1.915221620e-08,1.381237020e-11,1.734736210e-11,6.041373150e-12,2.463363100e-11,1.263651050e-11
1.000000000e+10,3.493673730e-11,1.919931150e-08,1.324293420e-11,1.708420100e-11,5.742547330e-12,2.393483610e-11,1.214401750e-11
1.029200530e+10,3.392437810e-11,1.924298680e-08,1.269312520e-11,1.682356500e-11,5.459506390e-12,2.325585880e-11,1.166509690e-11
1.059253730e+10,3.294372830e-11,1.928316620e-08,1.216240970e-11,1.656489550e-11,5.191437770e-12,2.259613760e-11,1.119967860e-11
1.090184490e+10,3.199360010e-11,1.931977470e-08,1.165027450e-11,1.630772170e-11,4.937566370e-12,2.195512660e-11,1.074767980e-11
1.122018450e+10,3.107285950e-11,1.935273740e-08,1.115622470e-11,1.605165350e-11,4.697153230e-12,2.133229560e-11,1.030900500e-11
1.154781980e+10,3.018042360e-11,1.938197960e-08,1.067978200e-11,1.579637530e-11,4.469494210e-12,2.072712940e-11,9.883546230e-12
1.188502230e+10,2.931525880e-11,1.940742620e-08,1.022048280e-11,1.554163930e-11,4.253918720e-12,2.013912710e-11,9.471183430e-12
1.223207120e+10,2.847637820e-11,1.942900160e-08,9.777876710e-12,1.528725960e-11,4.049788380e-12,1.956780220e-11,9.071784160e-12
1.258925410e+10,2.766283970e-11,1.944662990e-08,9.351524970e-12,1.503310580e-11,3.856495780e-12,1.901268210e-11,8.685204030e-12
1.295686700e+10,2.687374360e-11,1.946023410e-08,8.940999020e-12,1.477909770e-11,3.673463250e-12,1.847330730e-11,8.311286870e-12
1.333521430e+10,2.610823100e-11,1.946973640e-08,8.545879340e-12,1.452519960e-11,3.500141600e-12,1.794923140e-11,7.949864990e-12
1.372460960e+10,2.536548170e-11,1.947505830e-08,8.165754330e-12,1.427141530e-11,3.336008960e-12,1.744002070e-11,7.600759540e-12
1.412537540e+10,2.464471180e-11,1.947612010e-08,7.800219410e-12,1.401778290e-11,3.180569590e-12,1.694525370e-11,7.263780860e-12
1.453784390e+10,2.394517270e-11,1.947284120e-08,7.448876110e-12,1.376437080e-11,3.033352800e-12,1.646452090e-11,6.938728930e-12
1.496235660e+10,2.326614890e-11,1.946514020e-08,7.111331500e-12,1.351127260e-11,2.893911800e-12,1.599742450e-11,6.625393870e-12
1.539926530e+10,2.260695600e-11,1.945293470e-08,6.787197550e-12,1.325860370e-11,2.761822680e-12,1.554357770e-11,6.323556490e-12
1.584893190e+10,2.196693980e-11,1.943614180e-08,6.476090760e-12,1.300649700e-11,2.636683350e-12,1.510260490e-11,6.032988910e-12
1.631172910e+10,2.134547390e-11,1.941467800e-08,6.177631800e-12,1.275509990e-11,2.518112600e-12,1.467414090e-11,5.753455190e-12
1.678804020e+10,2.074195900e-11,1.938845940e-08,5.891445350e-12,1.250457080e-11,2.405749070e-12,1.425783110e-11,5.484712050e-12
1.727825980e+10,2.015582080e-11,1.935740220e-08,5.617159950e-12,1.225507630e-11,2.299250410e-12,1.385333090e-11,5.226509600e-12
1.778279410e+10,1.958650910e-11,1.932142260e-08,5.354407990e-12,1.200678840e-11,2.198292330e-12,1.346030520e-11,4.978592080e-12
1.830206110e+10,1.903349610e-11,1.928043780e-08,5.102825770e-12,1.175988210e-11,2.102567790e-12,1.307842880e-11,4.740698710e-12
1.883649090e+10,1.849627550e-11,1.923436550e-08,4.862053590e-12,1.151453330e-11,2.011786150e-12,1.270738540e-11,4.512564400e-12
1.938652640e+10,1.797436110e-11,1.918312500e-08,4.631735940e-12,1.127091690e-11,1.925672410e-12,1.234686770e-11,4.293920650e-12
1.995262310e+10,1.746728590e-11,1.912663750e-08,4.411521710e-12,1.102920500e-11,1.843966430e-12,1.199657740e-11,4.084496310e-12
2.053525030e+10,1.697460090e-11,1.906482660e-08,4.201064450e-12,1.078956560e-11,1.766422220e-12,1.165622420e-11,3.884018360e-12
2.113489040e+10,1.649587400e-11,1.899761880e-08,4.000022590e-12,1.055216090e-11,1.692807280e-12,1.132552640e-11,3.692212770e-12
2.175204030e+10,1.603068930e-11,1.892494430e-08,3.808059800e-12,1.031714680e-11,1.622901850e-12,1.100421010e-11,3.508805190e-12
2.238721140e+10,1.557864620e-11,1.884673740e-08,3.624845260e-12,1.008467150e-11,1.556498370e-12,1.069200920e-11,3.333521720e-12
2.304092980e+10,1.513935850e-11,1.876293750e-08,3.450053930e-12,9.854875290e-12,1.493400800e-12,1.038866530e-11,3.166089650e-12
2.371373710e+10,1.471245340e-11,1.867348960e-08,3.283366880e-12,9.627889430e-12,1.433424070e-12,1.009392690e-11,3.006238040e-12
2.440619070e+10,1.429757150e-11,1.857834520e-08,3.124471570e-12,9.403836090e-12,1.376393520e-12,9.807550200e-12,2.853698470e-12
2.511886430e+10,1.389436530e-11,1.847746290e-08,2.973062070e-12,9.182827940e-12,1.322144360e-12,9.529297850e-12,2.708205520e-12
2.585234840e+10,1.350249920e-11,1.837080950e-08,2.828839360e-12,8.964967990e-12,1.270521150e-12,9.258939450e-12,2.569497370e-12
2.660725060e+10,1.312164840e-11,1.825836060e-08,2.691511540e-12,8.750349510e-12,1.221377350e-12,8.996251070e-12,2.437316310e-12
2.738419630e+10,1.275149900e-11,1.814010150e-08,2.560794010e-12,8.539056030e-12,1.174574780e-12,8.741015160e-12,2.311409130e-12
2.818382930e+10,1.239174700e-11,1.801602790e-08,2.436409630e-12,8.331161480e-12,1.129983280e-12,8.493020310e-12,2.191527590e-12
2.900681200e+10,1.204209770e-11,1.788614690e-08,2.318088920e-12,8.126730320e-12,1.087480170e-12,8.252061130e-12,2.077428730e-12
2.985382620e+10,1.170226610e-11,1.775047740e-08,2.205570090e-12,7.925817810e-12,1.046949930e-12,8.017938030e-12,1.968875190e-12
3.072557370e+10,1.137197540e-11,1.760905110e-08,2.098599210e-12,7.728470240e-12,1.008283770e-12,7.790457090e-12,1.865635500e-12
3.162277660e+10,1.105095750e-11,1.746191330e-08,1.996930200e-12,7.534725290e-12,9.713792820e-13,7.569429890e-12,1.767484260e-12
3.254617830e+10,1.073895240e-11,1.730912300e-08,1.900324910e-12,7.344612380e-12,9.361400550e-13,7.354673360e-12,1.674202350e-12
3.349654390e+10,1.043570740e-11,1.715075360e-08,1.808553070e-12,7.158153020e-12,9.024753730e-13,7.146009610e-12,1.585577070e-12
3.447466070e+10,1.014097760e-11,1.698689370e-08,1.721392330e-12,6.975361250e-12,8.702998790e-13,6.943265800e-12,1.501402240e-12
3.548133890e+10,9.854525070e-12,1.681764660e-08,1.638628160e-12,6.796244020e-12,8.395332690e-13,6.746274000e-12,1.421478240e-12
3.651741270e+10,9.576118740e-12,1.664313150e-08,1.560053820e-12,6.620801630e-12,8.101000070e-13,6.554871020e-12,1.345612120e-12
3.758374040e+10,9.305534150e-12,1.646348250e-08,1.485470260e-12,6.449028110e-12,7.819290470e-13,6.368898320e-12,1.273617530e-12
3.868120550e+10,9.042553240e-12,1.627884940e-08,1.414686010e-12,6.280911720e-12,7.549535700e-13,6.188201840e-12,1.205314750e-12
3.981071710e+10,8.786964110e-12,1.608939720e-08,1.347517070e-12,6.116435300e-12,7.291107390e-13,6.012631920e-12,1.140530640e-12
4.097321100e+10,8.538560790e-12,1.589530540e-08,1.283786770e-12,5.955576690e-12,7.043414590e-13,5.842043110e-12,1.079098550e-12
4.216965030e+10,8.297143120e-12,1.569676830e-08,1.223325630e-12,5.798309160e-12,6.805901560e-13,5.676294090e-12,1.020858290e-12
4.340102640e+10,8.062516490e-12,1.549399360e-08,1.165971180e-12,5.644601780e-12,6.578045650e-13,5.515247580e-12,9.656559600e-13
4.466835920e+10,7.834491710e-12,1.528720240e-08,1.111567820e-12,5.494419770e-12,6.359355280e-13,5.358770150e-12,9.133439030e-13
4.597269890e+10,7.612884820e-12,1.507662780e-08,1.059966620e-12,5.347724920e-12,6.149368090e-13,5.206732200e-12,8.637805300e-13
4.731512590e+10,7.397516970e-12,1.486251390e-08,1.011025150e-12,5.204475870e-12,5.947649100e-13,5.059007760e-12,8.168301990e-13
4.869675250e+10,7.188214220e-12,1.464511530e-08,9.646072880e-13,5.064628480e-12,5.753789050e-13,4.915474460e-12,7.723630640e-13
5.011872340e+10,6.984807430e-12,1.442469530e-08,9.205830460e-13,4.928136120e-12,5.567402790e-13,4.776013410e-12,7.302549210e-13
5.158221650e+10,6.787132130e-12,1.420152500e-08,8.788283550e-13,4.794949980e-12,5.388127820e-13,4.640509070e-12,6.903870430e-13
5.308844440e+10,6.595028350e-12,1.397588170e-08,8.392248810e-13,4.665019340e-12,5.215622810e-13,4.508849190e-12,6.526460190e-13
5.463865500e+10,6.408340530e-12,1.374804770e-08,8.016598330e-13,4.538291840e-12,5.049566330e-13,4.380924690e-12,6.169235780e-13
5.623413250e+10,6.226917380e-12,1.351830910e-08,7.660257630e-13,4.414713680e-12,4.889655570e-13,4.256629620e-12,5.831164260e-13
5.787619880e+10,6.050611770e-12,1.328695400e-08,7.322203760e-13,4.294229910e-12,4.735605150e-13,4.135860980e-12,5.511260660e-13
5.956621440e+10,5.879280600e-12,1.305427120e-08,7.001463420e-13,4.176784620e-12,4.587146060e-13,4.018518750e-12,5.208586300e-13
6.130557920e+10,5.712784720e-12,1.282054880e-08,6.697111010e-13,4.062321100e-12,4.444024580e-13,3.904505700e-12,4.922247070e-13
6.309573440e+10,5.550988780e-12,1.258607320e-08,6.408266820e-13,3.950782090e-12,4.306001340e-13,3.793727400e-12,4.651391710e-13
6.493816320e+10,5.393761170e-12,1.235112720e-08,6.134095170e-13,3.842109860e-12,4.172850380e-13,3.686092050e-12,4.395210140e-13
6.683439180e+10,5.240973910e-12,1.211598890e-08,5.873802670e-13,3.736246470e-12,4.044358340e-13,3.581510510e-12,4.152931790e-13
6.878599120e+10,5.092502520e-12,1.188093100e-08,5.626636410e-13,3.633133810e-12,3.920323600e-13,3.479896120e-12,3.923823990e-13
7.079457840e+10,4.948225970e-12,1.164621900e-08,5.391882300e-13,3.532713790e-12,3.800555600e-13,3.381164700e-12,3.707190380e-13
7.286181750e+10,4.808026550e-12,1.141211090e-08,5.168863380e-13,3.434928450e-12,3.684874090e-13,3.285234470e-12,3.502369340e-13
7.498942090e+10,4.671789820e-12,1.117885560e-08,4.956938190e-13,3.339720040e-12,3.573108500e-13,3.192025950e-12,3.308732470e-13
7.717915160e+10,4.539404480e-12,1.094669270e-08,4.755499250e-13,3.247031160e-12,3.465097320e-13,3.101461910e-12,3.125683160e-13
7.943282350e+10,4.410762320e-12,1.071585150e-08,4.563971440e-13,3.156804800e-12,3.360687550e-13,3.013467350e-12,2.952655090e-13
8.175230380e+10,4.285758130e-12,1.048655030e-08,4.381810610e-13,3.068984450e-12,3.259734130e-13,2.927969340e-12,2.789110930e-13
8.413951420e+10,4.164289600e-12,1.025899620e-08,4.208502070e-13,2.983514170e-12,3.162099480e-13,2.844897070e-12,2.634540930e-13
8.659643230e+10,4.046257250e-12,1.003338480e-08,4.043559270e-13,2.900338620e-12,3.067653010e-13,2.764181720e-12,2.488461700e-13
8.912509380e+10,3.931564400e-12,9.809899560e-09,3.886522380e-13,2.819403160e-12,2.976270710e-13,2.685756400e-12,2.350414880e-13
9.172759350e+10,3.820117000e-12,9.588711730e-09,3.736957080e-13,2.740653880e-12,2.887834730e-13,2.609556160e-12,2.219966020e-13
9.440608760e+10,3.711823660e-12,9.369980510e-09,3.594453220e-13,2.664037600e-12,2.802233000e-13,2.535517860e-12,2.096703390e-13
9.716279520e+10,3.606595500e-12,9.153852790e-09,3.458623700e-13,2.589502000e-12,2.719358880e-13,2.463580170e-12,1.980236880e-13
1.000000000e+11,3.504346150e-12,8.940463350e-09,3.329103250e-13,2.516995550e-12,2.639110850e-13,2.393683480e-12,1.870196950e-13
